2026-10-09T17:09:40Z INFO Logging to /tmp/logs/update_2026-10-09T17-09-40Z.log.
2026-10-09T17:09:40Z INFO Update valid-nwb-file-to-array-sizes (base directory /tmp).
2026-10-09T17:10:01Z INFO Processing 1000 items (46200 already recorded).
2026-10-09T17:10:03Z INFO [1/1000] 451ffa6c-c5d1-40d6-9adc-061b28e96675: 48 arrays, 83.9 MB stored; 2.2 s; peak memory 154 MiB.
2026-10-09T17:10:03Z INFO [2/1000] 4521190f-9d7e-4a4e-8949-bf5ee866462e: 52 arrays, 12.5 MB stored; 2.5 s; peak memory 154 MiB.
2026-10-09T17:10:04Z INFO [3/1000] 45210cdd-049e-49bd-b29d-18b8a6b0de9d: 59 arrays, 97.8 MB stored; 2.7 s; peak memory 154 MiB.
2026-10-09T17:10:05Z INFO [4/1000] 45226179-0357-4c83-9e39-25ca3fccd68b: 71 arrays, 129.7 MB stored; 3.8 s; peak memory 154 MiB.
2026-10-09T17:10:05Z INFO [5/1000] 4524a23c-8b37-49ad-8711-ffa24eafb4b6: 117 arrays, 0.5 MB stored; 2.0 s; peak memory 154 MiB.
2026-10-09T17:10:07Z INFO [6/1000] 4524eedb-1278-477e-931e-e2209674b3dc: 112 arrays, 1.0 MB stored; 2.4 s; peak memory 154 MiB.
2026-10-09T17:10:09Z INFO [7/1000] 45251232-c1f1-434b-b4c1-d794a076b2fb: 117 arrays, 0.3 MB stored; 1.8 s; peak memory 154 MiB.
2026-10-09T17:10:11Z INFO [8/1000] 4524c5b1-a56f-4e87-85b8-78dc5afce0b3: 200 arrays, 205.9 MB stored; 7.1 s; peak memory 154 MiB.
2026-10-09T17:10:11Z INFO [9/1000] 4525c4de-59fa-429b-95b1-06bf1b997225: 110 arrays, 1.4 MB stored; 2.5 s; peak memory 154 MiB.
2026-10-09T17:10:12Z INFO [10/1000] 45263189-c082-43ab-83ec-52b8fed064d5: 48 arrays, 83.9 MB stored; 1.6 s; peak memory 154 MiB.
2026-10-09T17:10:12Z INFO [11/1000] 4524e249-e7a3-4a85-a0db-4ba01203d699: 266 arrays, 1064.0 MB stored; 8.4 s; peak memory 154 MiB.
2026-10-09T17:10:13Z INFO [12/1000] 4527ff72-a184-4860-903f-c5ebd1fa6866: 46 arrays, 0.0 MB stored; 1.3 s; peak memory 154 MiB.
2026-10-09T17:10:13Z INFO [13/1000] 4526e9ea-62fa-4f68-b89f-d1ac703923eb: 116 arrays, 0.4 MB stored; 1.9 s; peak memory 154 MiB.
2026-10-09T17:10:14Z INFO [14/1000] 4527c55e-e8e6-47c9-91db-1ed328dd9490: 112 arrays, 0.4 MB stored; 1.9 s; peak memory 154 MiB.
2026-10-09T17:10:16Z INFO [15/1000] 4528b4d4-1365-4a00-b8fe-b2982cbb8334: 48 arrays, 83.9 MB stored; 1.5 s; peak memory 154 MiB.
2026-10-09T17:10:17Z INFO [16/1000] 4523b010-3f2b-4d14-bf15-a3f8df1e23d0: 691 arrays, 22.0 MB stored; 15.6 s; peak memory 154 MiB.
2026-10-09T17:10:17Z INFO [17/1000] 4528a418-1d3f-42dc-8941-27fcea24b27c: 150 arrays, 464.5 MB stored; 3.3 s; peak memory 154 MiB.
2026-10-09T17:10:17Z INFO [18/1000] 452943e3-2efa-4d4a-9251-df61f46467e9: 112 arrays, 0.4 MB stored; 1.9 s; peak memory 154 MiB.
2026-10-09T17:10:18Z INFO [19/1000] 45295a5d-7c36-47ca-98f6-fa2d9b956794: 48 arrays, 83.9 MB stored; 1.6 s; peak memory 154 MiB.
2026-10-09T17:10:18Z INFO [20/1000] 452984f3-4774-4637-a960-906628df63fa: 114 arrays, 0.1 MB stored; 1.6 s; peak memory 154 MiB.
2026-10-09T17:10:19Z INFO [21/1000] 452987b1-085a-4783-8c6f-1a0c0c0b375a: 117 arrays, 0.3 MB stored; 1.7 s; peak memory 154 MiB.
2026-10-09T17:10:20Z INFO [22/1000] 4529a37c-9b58-4517-b0f6-af6834f9591d: 74 arrays, 1.8 MB stored; 1.5 s; peak memory 154 MiB.
2026-10-09T17:10:21Z INFO [23/1000] 45209cbc-112a-499b-942f-a4671f1c707a: 844 arrays, 21.1 MB stored; 20.2 s; peak memory 154 MiB.
2026-10-09T17:10:21Z INFO [24/1000] 452b21b4-1df5-4900-8f88-044346871a52: 116 arrays, 0.3 MB stored; 1.7 s; peak memory 154 MiB.
2026-10-09T17:10:22Z INFO [25/1000] 4520956a-182e-4550-892a-186deab049b9: 1321 arrays, 30.7 MB stored; 20.8 s; peak memory 154 MiB.
2026-10-09T17:10:22Z INFO [26/1000] 452a14d8-3752-45c4-bdc4-6d32a5ceff1e: 154 arrays, 290.1 MB stored; 3.8 s; peak memory 154 MiB.
2026-10-09T17:10:23Z INFO [27/1000] 452bc455-a6b8-46a2-8b3a-2d27b3e12aec: 21 arrays, 0.6 MB stored; 1.3 s; peak memory 154 MiB.
2026-10-09T17:10:23Z INFO [28/1000] 452b3e05-66f6-4b34-85df-e46b1def3c70: 112 arrays, 0.7 MB stored; 2.1 s; peak memory 154 MiB.
2026-10-09T17:10:24Z INFO [29/1000] 452c4d19-4f3f-4050-b2c3-08c7a33011ec: 66 arrays, 12.1 MB stored; 2.0 s; peak memory 154 MiB.
2026-10-09T17:10:24Z INFO [30/1000] 4528a9ae-cdc4-4b6c-a45f-a1aa3dc79d84: 675 arrays, 25.7 MB stored; 11.1 s; peak memory 154 MiB.
2026-10-09T17:10:25Z INFO [31/1000] 452e1de9-b1f8-4ccb-9612-33f513fee6a1: 112 arrays, 0.6 MB stored; 2.1 s; peak memory 154 MiB.
2026-10-09T17:10:25Z INFO [32/1000] 452e66c6-4459-49ba-a777-b020ae3943b5: 114 arrays, 0.1 MB stored; 1.5 s; peak memory 154 MiB.
2026-10-09T17:10:27Z INFO [33/1000] 453028c7-f1f0-4037-a366-d3a20b35f2fd: 46 arrays, 0.0 MB stored; 1.2 s; peak memory 154 MiB.
2026-10-09T17:10:27Z INFO [34/1000] 452ee475-ca0d-48a5-af6e-109a07ed51d2: 194 arrays, 1.3 MB stored; 2.1 s; peak memory 154 MiB.
2026-10-09T17:10:27Z INFO [35/1000] 452fc598-b0e5-48f8-8cb4-986d085d3c98: 112 arrays, 0.7 MB stored; 2.1 s; peak memory 154 MiB.
2026-10-09T17:10:28Z INFO [36/1000] 452a8286-7a97-456d-98c8-9a9bb2dc82b3: 208 arrays, 205.8 MB stored; 8.5 s; peak memory 154 MiB.
2026-10-09T17:10:28Z INFO [37/1000] 45331fd8-0fa5-4cc4-a262-a86dda20a3e1: 46 arrays, 0.1 MB stored; 1.4 s; peak memory 154 MiB.
2026-10-09T17:10:28Z INFO [38/1000] 4531e40a-fc01-4348-a67c-16c80cf8a92d: 117 arrays, 0.2 MB stored; 1.9 s; peak memory 154 MiB.
2026-10-09T17:10:29Z INFO [39/1000] 45304290-63bb-44bc-bc88-7131ed534788: 69 arrays, 57.3 MB stored; 2.3 s; peak memory 154 MiB.
2026-10-09T17:10:30Z INFO [40/1000] 45336ac8-8861-4077-95f5-ce3faaab72ec: 48 arrays, 83.9 MB stored; 1.6 s; peak memory 154 MiB.
2026-10-09T17:10:31Z INFO [41/1000] 4520e87b-2d4e-4c2e-9a46-8d5a663269b2: 48 arrays, 41108.0 MB stored; 29.8 s; peak memory 154 MiB.
2026-10-09T17:10:33Z INFO [42/1000] 45344cbe-b236-4b60-8e7a-97410635c408: 118 arrays, 0.2 MB stored; 1.8 s; peak memory 154 MiB.
2026-10-09T17:10:34Z INFO [43/1000] 45354ffd-5393-486a-8edf-febc3647f8bf: 112 arrays, 0.1 MB stored; 1.5 s; peak memory 154 MiB.
2026-10-09T17:10:34Z INFO [44/1000] 4533b613-fff0-485d-b06a-f1365fc01a96: 110 arrays, 4554.3 MB stored; 5.7 s; peak memory 154 MiB.
2026-10-09T17:10:36Z INFO [45/1000] 453587fb-2ed7-46d6-a9a9-d0dc6ed81b1a: 112 arrays, 0.2 MB stored; 1.9 s; peak memory 154 MiB.
2026-10-09T17:10:37Z INFO [46/1000] 4533d64b-bcbc-413c-a4a5-b368cb86d7b2: 538 arrays, 8.1 MB stored; 7.8 s; peak memory 154 MiB.
2026-10-09T17:10:38Z INFO [47/1000] 4535514d-498b-4952-88e4-77dfcbd6bf33: 156 arrays, 193.5 MB stored; 3.9 s; peak memory 154 MiB.
2026-10-09T17:10:38Z INFO [48/1000] 4535d938-28bd-4cf7-b60a-738042dcbf62: 76 arrays, 3.9 MB stored; 2.0 s; peak memory 154 MiB.
2026-10-09T17:10:39Z INFO [49/1000] 453736eb-2792-4a59-8fe7-92e402111169: 230 arrays, 0.8 MB stored; 2.0 s; peak memory 154 MiB.
2026-10-09T17:10:39Z INFO [50/1000] 452da72d-bd7e-4b0b-a0b2-f3b8ce01221a: 1134 arrays, 37.7 MB stored; 16.9 s; peak memory 154 MiB.
2026-10-09T17:10:40Z INFO [51/1000] 453863fc-43fb-4bd6-82a7-332ac8138c50: 48 arrays, 83.9 MB stored; 1.6 s; peak memory 154 MiB.
2026-10-09T17:10:40Z INFO [52/1000] 4537ebab-15fc-4bcf-95b5-a01896e2d58e: 78 arrays, 0.1 MB stored; 1.8 s; peak memory 154 MiB.
2026-10-09T17:10:41Z INFO [53/1000] 453891dc-26e1-40b0-8945-76c71a05ddfa: 117 arrays, 0.7 MB stored; 2.0 s; peak memory 154 MiB.
2026-10-09T17:10:41Z INFO [54/1000] 45391e36-2c32-44c6-a3c7-49df1bd3a261: 52 arrays, 18.0 MB stored; 1.9 s; peak memory 154 MiB.
2026-10-09T17:10:41Z INFO [55/1000] 4539bf82-3268-4949-be12-192c9b31e38a: 66 arrays, 1.0 MB stored; 1.7 s; peak memory 154 MiB.
2026-10-09T17:10:42Z INFO [56/1000] 453a532f-105a-4cb3-8cd1-f21bfb8a0f24: 116 arrays, 0.3 MB stored; 1.9 s; peak memory 154 MiB.
2026-10-09T17:10:42Z INFO [57/1000] 453340bb-faed-46b6-bb06-b407d8b2c70a: 592 arrays, 21.0 MB stored; 14.3 s; peak memory 154 MiB.
2026-10-09T17:10:42Z INFO [58/1000] 453a84bb-5143-4f23-bab5-57f651f2f2bf: 116 arrays, 0.2 MB stored; 1.8 s; peak memory 154 MiB.
2026-10-09T17:10:43Z INFO [59/1000] 453bf596-2887-48a5-846e-d1e317899862: 48 arrays, 83.9 MB stored; 1.5 s; peak memory 154 MiB.
2026-10-09T17:10:43Z INFO [60/1000] 453b3870-9f18-4078-8d8d-307075b6cb05: 116 arrays, 9.7 MB stored; 1.9 s; peak memory 154 MiB.
2026-10-09T17:10:44Z INFO [61/1000] 453ce993-7153-4e7d-9c47-99195772ca84: 117 arrays, 0.3 MB stored; 1.8 s; peak memory 154 MiB.
2026-10-09T17:10:44Z INFO [62/1000] 453b174b-75c8-409d-b905-88d160eaf941: 88 arrays, 2654.1 MB stored; 3.5 s; peak memory 154 MiB.
2026-10-09T17:10:45Z INFO [63/1000] 453d2bf8-5b5d-42bb-a459-7d2303b6df63: 39 arrays, 0.4 MB stored; 1.6 s; peak memory 154 MiB.
2026-10-09T17:10:45Z INFO [64/1000] 453d3d65-7b5d-4acb-ab30-38c35eccdd23: 48 arrays, 83.9 MB stored; 1.6 s; peak memory 154 MiB.
2026-10-09T17:10:46Z INFO [65/1000] 453d18b9-f6ee-4272-93f9-185704836d53: 153 arrays, 3.3 MB stored; 3.8 s; peak memory 154 MiB.
2026-10-09T17:10:47Z INFO [66/1000] 453d8e61-5720-49fa-8c9d-d52efbfd7047: 64 arrays, 70.9 MB stored; 2.6 s; peak memory 154 MiB.
2026-10-09T17:10:47Z INFO [67/1000] 453e6a38-a434-4cb6-82ca-093efcea3d19: 64 arrays, 31.4 MB stored; 1.9 s; peak memory 154 MiB.
2026-10-09T17:10:47Z INFO [68/1000] 453e17b4-3790-4a03-822b-fe9905b17cf4: 69 arrays, 84.8 MB stored; 2.4 s; peak memory 154 MiB.
2026-10-09T17:10:48Z INFO [69/1000] 453ea9de-41c0-4f0f-944e-db89b3546136: 49 arrays, 6.4 MB stored; 1.9 s; peak memory 154 MiB.
2026-10-09T17:10:48Z INFO [70/1000] 453ef23f-340f-4c2a-98e7-6cc9c0b56b8e: 37 arrays, 0.0 MB stored; 1.4 s; peak memory 154 MiB.
2026-10-09T17:10:49Z INFO [71/1000] 453f12de-71c7-44f4-8c6e-88f33770cdf8: 117 arrays, 0.6 MB stored; 2.0 s; peak memory 154 MiB.
2026-10-09T17:10:49Z INFO [72/1000] 453d2549-8d05-4bd3-9dc9-22243ade4dd6: 168 arrays, 63.8 MB stored; 6.2 s; peak memory 154 MiB.
2026-10-09T17:10:50Z INFO [73/1000] 4540976e-98c1-413d-8064-236ecdd0f0a8: 48 arrays, 83.9 MB stored; 1.7 s; peak memory 154 MiB.
2026-10-09T17:10:50Z INFO [74/1000] 45401c96-a88e-42b5-98d0-bc8393340be8: 109 arrays, 0.6 MB stored; 2.2 s; peak memory 154 MiB.
2026-10-09T17:10:51Z INFO [75/1000] 4541732a-b2d8-489b-8680-75035be8f2b7: 48 arrays, 83.9 MB stored; 1.5 s; peak memory 154 MiB.
2026-10-09T17:10:52Z INFO [76/1000] 4540cca6-af20-42c0-9f31-ad6f66b309c4: 69 arrays, 60.2 MB stored; 2.5 s; peak memory 154 MiB.
2026-10-09T17:10:52Z INFO [77/1000] 45419639-93c3-49f3-ade2-ee731e4c04ce: 42 arrays, 64.7 MB stored; 1.7 s; peak memory 154 MiB.
2026-10-09T17:10:53Z INFO [78/1000] 45419b9b-8d83-4bdf-9c34-fdeae9ad5ced: 112 arrays, 1.0 MB stored; 2.5 s; peak memory 154 MiB.
2026-10-09T17:10:53Z INFO [79/1000] 4542608f-690e-46ea-b11c-4011c497793d: 118 arrays, 0.5 MB stored; 2.1 s; peak memory 154 MiB.
2026-10-09T17:10:54Z INFO [80/1000] 4542acf7-46db-4ea3-b92c-c07fa3570e69: 117 arrays, 0.4 MB stored; 1.9 s; peak memory 154 MiB.
2026-10-09T17:10:54Z INFO [81/1000] 45436e5a-bf83-40e7-9b22-f4ea75f63dfb: 40 arrays, 1.0 MB stored; 1.9 s; peak memory 154 MiB.
2026-10-09T17:10:54Z INFO [82/1000] 45438b50-00c3-4997-aed3-5f1ff51310bc: 48 arrays, 83.9 MB stored; 1.5 s; peak memory 154 MiB.
2026-10-09T17:10:55Z INFO [83/1000] 4544f8fb-cdfd-4b9e-813f-9baf9e5188e0: 56 arrays, 5.1 MB stored; 1.6 s; peak memory 154 MiB.
2026-10-09T17:10:55Z INFO [84/1000] 4545622e-b175-434f-bede-ec1a8874ac49: 117 arrays, 0.3 MB stored; 1.9 s; peak memory 154 MiB.
2026-10-09T17:10:56Z INFO [85/1000] 45439dac-5005-4a08-8736-507d38af44ae: 118 arrays, 24.0 MB stored; 2.9 s; peak memory 154 MiB.
2026-10-09T17:10:56Z INFO [86/1000] 4545ee43-d926-4898-a486-cd54f2c1dffd: 112 arrays, 0.8 MB stored; 2.2 s; peak memory 154 MiB.
2026-10-09T17:10:56Z INFO [87/1000] 4546621e-a7c1-46fb-9f0f-2eceb9e725d8: 46 arrays, 0.0 MB stored; 1.3 s; peak memory 154 MiB.
2026-10-09T17:10:57Z INFO [88/1000] 454739fe-0493-4b20-b81f-135e89e132e4: 117 arrays, 0.5 MB stored; 1.9 s; peak memory 154 MiB.
2026-10-09T17:10:58Z INFO [89/1000] 45475c57-f1c2-4161-afac-a9b730795a12: 112 arrays, 0.3 MB stored; 1.9 s; peak memory 154 MiB.
2026-10-09T17:10:58Z INFO [90/1000] 453409f9-1266-4167-afbc-830e585b0df8: 972 arrays, 306.6 MB stored; 28.1 s; peak memory 154 MiB.
2026-10-09T17:11:00Z INFO [91/1000] 4548b364-ab79-4b06-a50a-596af4dae272: 118 arrays, 0.4 MB stored; 1.8 s; peak memory 154 MiB.
2026-10-09T17:11:00Z INFO [92/1000] 4547d910-a203-4c7f-bec1-2e54bce2e100: 114 arrays, 186.8 MB stored; 3.6 s; peak memory 154 MiB.
2026-10-09T17:11:02Z INFO [93/1000] 4547eb13-8367-4c9f-87f4-64b35939aec4: 472 arrays, 5.8 MB stored; 5.4 s; peak memory 154 MiB.
2026-10-09T17:11:02Z INFO [94/1000] 45496115-7ddf-4f72-862e-4d063dfa4cb1: 66 arrays, 94.3 MB stored; 2.4 s; peak memory 154 MiB.
2026-10-09T17:11:02Z INFO [95/1000] 45480a93-822c-4ec7-bc28-f8dbcb526646: 576 arrays, 7.6 MB stored; 5.1 s; peak memory 154 MiB.
2026-10-09T17:11:03Z INFO [96/1000] 453f1779-65c0-42f2-a967-a6c236d9bbaa: 6315 arrays, 23.0 MB stored; 15.5 s; peak memory 154 MiB.
2026-10-09T17:11:03Z INFO [97/1000] 4548dc5f-834f-4040-be26-33220d6a4779: 115 arrays, 190.1 MB stored; 3.5 s; peak memory 154 MiB.
2026-10-09T17:11:04Z INFO [98/1000] 4549921d-f867-447b-9863-ead1c63022b4: 48 arrays, 83.9 MB stored; 1.6 s; peak memory 154 MiB.
2026-10-09T17:11:04Z INFO [99/1000] 4549956f-1271-498d-8c8a-26fecbf2e5d8: 48 arrays, 83.9 MB stored; 1.7 s; peak memory 154 MiB.
2026-10-09T17:11:05Z INFO [100/1000] 4549c3d6-70c7-4ec4-98d8-a345f1bca76d: 51 arrays, 2749.6 MB stored; 2.1 s; peak memory 154 MiB.
2026-10-09T17:11:05Z INFO [101/1000] 454a8812-abde-40a2-bf7d-844a1af06495: 48 arrays, 83.9 MB stored; 1.5 s; peak memory 154 MiB.
2026-10-09T17:11:05Z INFO [102/1000] 454aa4a7-2a99-49c8-9b0a-9a64c2cc85c7: 48 arrays, 83.9 MB stored; 1.5 s; peak memory 154 MiB.
2026-10-09T17:11:05Z INFO [103/1000] 45496f30-8a86-4d95-ba6f-59418aba068c: 119 arrays, 67.5 MB stored; 3.5 s; peak memory 154 MiB.
2026-10-09T17:11:06Z INFO [104/1000] 454caf30-59f6-4327-8c20-ef5f3b0c88ce: 48 arrays, 83.9 MB stored; 1.6 s; peak memory 154 MiB.
2026-10-09T17:11:07Z INFO [105/1000] 454dd535-badd-429e-8c3c-a127a8342680: 48 arrays, 83.9 MB stored; 1.7 s; peak memory 154 MiB.
2026-10-09T17:11:07Z INFO [106/1000] 454cd52a-0c0b-42b0-aff3-31ca46771c40: 42 arrays, 14438.8 MB stored; 2.0 s; peak memory 154 MiB.
2026-10-09T17:11:07Z INFO [107/1000] 45502384-1b8e-47e9-b19d-8943e2c84821: 48 arrays, 83.9 MB stored; 1.6 s; peak memory 154 MiB.
2026-10-09T17:11:08Z INFO [108/1000] 455093e6-d89a-46b4-a924-0f4bd4f8172f: 38 arrays, 0.5 MB stored; 1.5 s; peak memory 154 MiB.
2026-10-09T17:11:09Z INFO [109/1000] 4550c60c-bbea-4d6e-9169-252af589fb7b: 52 arrays, 13.5 MB stored; 1.8 s; peak memory 154 MiB.
2026-10-09T17:11:09Z INFO [110/1000] 4550d571-e481-445f-b52b-0be8100e51fe: 56 arrays, 0.0 MB stored; 1.4 s; peak memory 154 MiB.
2026-10-09T17:11:09Z INFO [111/1000] 454f1232-a0b3-4a78-a59b-37fd90ef25cc: 115 arrays, 190.1 MB stored; 3.8 s; peak memory 154 MiB.
2026-10-09T17:11:10Z INFO [112/1000] 45511b3b-cb9e-4765-a88b-245488613f6e: 116 arrays, 0.3 MB stored; 1.8 s; peak memory 154 MiB.
2026-10-09T17:11:11Z INFO [113/1000] 4551adc1-70ca-4d04-9830-d44feee9e7b2: 56 arrays, 0.0 MB stored; 1.5 s; peak memory 154 MiB.
2026-10-09T17:11:11Z INFO [114/1000] 455167e1-45cf-4fce-b678-ea82aed1cbab: 116 arrays, 0.3 MB stored; 2.0 s; peak memory 154 MiB.
2026-10-09T17:11:11Z INFO [115/1000] 45515c47-9547-4554-b241-92078d070364: 75 arrays, 2.4 MB stored; 2.2 s; peak memory 154 MiB.
2026-10-09T17:11:12Z INFO [116/1000] 455224e3-79eb-4c35-bb59-230738c6ef10: 48 arrays, 83.9 MB stored; 1.6 s; peak memory 154 MiB.
2026-10-09T17:11:12Z INFO [117/1000] 45481e36-cd98-48d7-b4d6-5d580a7cc6ba: 177 arrays, 4690.7 MB stored; 14.3 s; peak memory 154 MiB.
2026-10-09T17:11:13Z INFO [118/1000] 4552a48e-3fd5-44b1-b950-202f0850ff7b: 113 arrays, 0.4 MB stored; 2.1 s; peak memory 154 MiB.
2026-10-09T17:11:13Z INFO [119/1000] 45522c2e-c7b0-4075-b9fd-919ebf3d8f5e: 112 arrays, 0.8 MB stored; 2.3 s; peak memory 154 MiB.
2026-10-09T17:11:13Z INFO [120/1000] 45531f82-4fa3-4e3e-a580-e6f7e70e11cb: 52 arrays, 13.8 MB stored; 1.8 s; peak memory 154 MiB.
2026-10-09T17:11:14Z INFO [121/1000] 4553261e-4803-47c2-a66e-5c7dbecdb01f: 131 arrays, 0.4 MB stored; 1.9 s; peak memory 154 MiB.
2026-10-09T17:11:15Z INFO [122/1000] 45534651-a71e-46d9-9de0-f8e72ddd0557: 50 arrays, 7939.1 MB stored; 2.1 s; peak memory 154 MiB.
2026-10-09T17:11:15Z INFO [123/1000] 4553c4c6-9f17-448e-933a-a69785f21f3a: 117 arrays, 0.4 MB stored; 1.9 s; peak memory 154 MiB.
2026-10-09T17:11:16Z INFO [124/1000] 4553ddd9-6d26-47e9-b327-427c1bcfffd6: 131 arrays, 0.3 MB stored; 1.9 s; peak memory 154 MiB.
2026-10-09T17:11:17Z INFO [125/1000] 45542504-f3b5-4d97-a0a9-60a22b5889d6: 48 arrays, 83.9 MB stored; 1.8 s; peak memory 154 MiB.
2026-10-09T17:11:17Z INFO [126/1000] 4554b638-d00b-4525-bdef-41db55b51a3d: 118 arrays, 0.4 MB stored; 1.7 s; peak memory 154 MiB.
2026-10-09T17:11:17Z INFO [127/1000] 4554d4ef-07f8-4924-8db8-01898176fc2f: 48 arrays, 83.9 MB stored; 1.6 s; peak memory 154 MiB.
2026-10-09T17:11:19Z INFO [128/1000] 4554e994-7ce7-4deb-a899-464a2fa205d0: 131 arrays, 0.3 MB stored; 2.0 s; peak memory 154 MiB.
2026-10-09T17:11:19Z INFO [129/1000] 455526d5-ee82-4a98-b274-fc5a6621fa6f: 48 arrays, 83.9 MB stored; 1.7 s; peak memory 154 MiB.
2026-10-09T17:11:21Z INFO [130/1000] 45558173-c638-400e-a0c2-92d39a819105: 112 arrays, 0.3 MB stored; 1.7 s; peak memory 154 MiB.
2026-10-09T17:11:21Z INFO [131/1000] 45556b10-5d3e-42af-8422-9b63ef67cb71: 303 arrays, 17.2 MB stored; 2.2 s; peak memory 154 MiB.
2026-10-09T17:11:22Z INFO [132/1000] 4555a45f-2771-45c3-9ea6-da6059a9e9e9: 49 arrays, 6.6 MB stored; 1.8 s; peak memory 154 MiB.
2026-10-09T17:11:24Z INFO [133/1000] 4555e51a-5bc9-4362-9832-d0db1313d755: 72 arrays, 7.1 MB stored; 1.5 s; peak memory 154 MiB.
2026-10-09T17:11:31Z INFO [134/1000] 45539a2c-9410-4ca2-a770-ebb27be70dbb: 44 arrays, 10626.8 MB stored; 18.3 s; peak memory 154 MiB.
2026-10-09T17:11:34Z INFO [135/1000] 4556bfb8-4477-4b68-979a-df8481367ef0: 101 arrays, 10.2 MB stored; 2.3 s; peak memory 154 MiB.
2026-10-09T17:11:35Z INFO [136/1000] 45529306-8321-4a6f-ad25-d76abe052579: 653 arrays, 52.5 MB stored; 24.1 s; peak memory 154 MiB.
2026-10-09T17:11:35Z INFO [137/1000] 4557204f-9961-4736-8ea0-b72f4a6e8fb9: 112 arrays, 0.3 MB stored; 1.8 s; peak memory 154 MiB.
2026-10-09T17:11:37Z INFO [138/1000] 454ff758-b529-4f04-8b81-10a75e764490: 48 arrays, 38036.3 MB stored; 31.1 s; peak memory 154 MiB.
2026-10-09T17:11:37Z INFO [139/1000] 4557699b-a20b-4c81-b8d3-6903dfde756b: 74 arrays, 2.8 MB stored; 1.7 s; peak memory 154 MiB.
2026-10-09T17:11:38Z INFO [140/1000] 4558981e-f433-488e-85f8-a0260a25ead6: 48 arrays, 83.9 MB stored; 1.7 s; peak memory 154 MiB.
2026-10-09T17:11:39Z INFO [141/1000] 45589343-e078-4b23-afb1-141f7c794bf6: 62 arrays, 3946.1 MB stored; 2.3 s; peak memory 154 MiB.
2026-10-09T17:11:40Z INFO [142/1000] 45589972-15d9-45b2-9569-102f0a17cd57: 51 arrays, 4729.3 MB stored; 2.1 s; peak memory 154 MiB.
2026-10-09T17:11:41Z INFO [143/1000] 4559dff1-3c5c-43c9-8147-e3f58d118302: 117 arrays, 0.5 MB stored; 1.9 s; peak memory 154 MiB.
2026-10-09T17:11:41Z INFO [144/1000] 455612a0-2c56-41bc-a3b4-e43428181c1e: 106 arrays, 23841.1 MB stored; 17.2 s; peak memory 154 MiB.
2026-10-09T17:11:42Z INFO [145/1000] 4559f711-2132-4416-b1a3-9992f1d78763: 71 arrays, 2.3 MB stored; 2.1 s; peak memory 154 MiB.
2026-10-09T17:11:43Z INFO [146/1000] 455aaaa5-71fc-4a27-9577-3a7c33f8a0ed: 41 arrays, 8.4 MB stored; 1.4 s; peak memory 154 MiB.
2026-10-09T17:11:43Z INFO [147/1000] 455a2404-0891-4f38-acff-295a912afd9b: 112 arrays, 0.4 MB stored; 2.0 s; peak memory 154 MiB.
2026-10-09T17:11:43Z INFO [148/1000] 45579275-9839-4a6b-9427-66a315058720: 609 arrays, 10.2 MB stored; 7.7 s; peak memory 154 MiB.
2026-10-09T17:11:45Z INFO [149/1000] 455abf5b-bb29-413a-b86b-8fdf55e7f44b: 53 arrays, 640.9 MB stored; 2.6 s; peak memory 154 MiB.
2026-10-09T17:11:45Z INFO [150/1000] 455b506b-332e-4dd7-a2ea-cb6e33fd1782: 69 arrays, 328.9 MB stored; 2.4 s; peak memory 154 MiB.
2026-10-09T17:11:46Z INFO [151/1000] 455bceb3-5f8e-4756-b3f7-2dae3613660b: 102 arrays, 10.7 MB stored; 3.0 s; peak memory 154 MiB.
2026-10-09T17:11:46Z INFO [152/1000] 455b49b3-a608-46a3-88f2-79ec23e243cc: 80 arrays, 1457.2 MB stored; 3.8 s; peak memory 154 MiB.
2026-10-09T17:11:46Z INFO [153/1000] 455c378d-2b35-4991-b564-e2a3304588b1: 52 arrays, 0.0 MB stored; 1.4 s; peak memory 154 MiB.
2026-10-09T17:11:47Z INFO [154/1000] 455c9a6e-a126-46ab-854d-b9b36873aafe: 112 arrays, 0.3 MB stored; 1.8 s; peak memory 154 MiB.
2026-10-09T17:11:48Z INFO [155/1000] 455d72ce-8955-4b21-b1ac-7790ecdec3dc: 110 arrays, 0.2 MB stored; 1.8 s; peak memory 154 MiB.
2026-10-09T17:11:49Z INFO [156/1000] 455e9adf-1fe9-4d8a-80ef-f2721f5229d2: 117 arrays, 0.3 MB stored; 1.9 s; peak memory 154 MiB.
2026-10-09T17:11:49Z INFO [157/1000] 45550cb4-dd11-475e-8b16-d4b33fe1cfa5: 48 arrays, 39531.7 MB stored; 32.5 s; peak memory 154 MiB.
2026-10-09T17:11:51Z INFO [158/1000] 455f3bdd-b346-47c9-b358-1ae5937d2b6b: 66 arrays, 173.5 MB stored; 2.3 s; peak memory 154 MiB.
2026-10-09T17:11:51Z INFO [159/1000] 45600142-5fdb-4ebb-b2d8-6ba8424a0b7a: 48 arrays, 83.9 MB stored; 1.7 s; peak memory 154 MiB.
2026-10-09T17:11:52Z INFO [160/1000] 4555a963-5f94-4967-88fa-85a1d2516c17: 48 arrays, 37266.7 MB stored; 30.7 s; peak memory 154 MiB.
2026-10-09T17:11:53Z INFO [161/1000] 4560cbe3-379b-4d7d-ab9b-2bfdf6f73ef7: 112 arrays, 0.1 MB stored; 1.8 s; peak memory 154 MiB.
2026-10-09T17:11:54Z INFO [162/1000] 456198e4-3b31-43a1-bc40-b7bd86168002: 118 arrays, 0.4 MB stored; 1.9 s; peak memory 154 MiB.
2026-10-09T17:11:54Z INFO [163/1000] 45615a03-0b9f-45d3-823f-e59946ff4da1: 71 arrays, 160.9 MB stored; 3.0 s; peak memory 154 MiB.
2026-10-09T17:11:54Z INFO [164/1000] 456267c6-4e26-45dc-8f7b-48a9c4cf6042: 47 arrays, 0.4 MB stored; 1.5 s; peak memory 154 MiB.
2026-10-09T17:11:55Z INFO [165/1000] 455e82fd-5167-4807-b19e-759f9dc7ca43: 266 arrays, 1067.5 MB stored; 8.3 s; peak memory 154 MiB.
2026-10-09T17:11:55Z INFO [166/1000] 4562aeff-13d6-4c7c-96e5-7c4d4928c14a: 110 arrays, 0.3 MB stored; 1.9 s; peak memory 154 MiB.
2026-10-09T17:11:56Z INFO [167/1000] 45634ade-20d8-49ac-be59-35b5507205a9: 48 arrays, 83.9 MB stored; 1.6 s; peak memory 154 MiB.
2026-10-09T17:11:56Z INFO [168/1000] 4563c9bb-17d3-4524-8985-79b8b783507c: 48 arrays, 83.9 MB stored; 1.6 s; peak memory 154 MiB.
2026-10-09T17:11:57Z INFO [169/1000] 4564fc42-f15f-46d9-98da-607662647bfe: 121 arrays, 0.1 MB stored; 1.7 s; peak memory 154 MiB.
2026-10-09T17:11:58Z INFO [170/1000] 4566402f-cae7-4100-93f8-94833287b14f: 48 arrays, 83.9 MB stored; 1.5 s; peak memory 154 MiB.
2026-10-09T17:11:58Z INFO [171/1000] 4562cd96-b3b1-41b4-abd4-0efccd3c5c91: 114 arrays, 186.9 MB stored; 3.8 s; peak memory 154 MiB.
2026-10-09T17:11:58Z INFO [172/1000] 45650fd5-d068-4846-b981-e5b83bf00836: 112 arrays, 0.7 MB stored; 2.0 s; peak memory 154 MiB.
2026-10-09T17:11:59Z INFO [173/1000] 45664cf2-eda9-4a84-b6e7-1f6c5cce9ecf: 48 arrays, 83.9 MB stored; 1.6 s; peak memory 154 MiB.
2026-10-09T17:12:00Z INFO [174/1000] 45668620-c798-4052-845b-adc85144d026: 48 arrays, 83.9 MB stored; 1.7 s; peak memory 154 MiB.
2026-10-09T17:12:02Z INFO [175/1000] 45682bb0-a2e8-477c-9be5-f6a127c6e81f: 38 arrays, 25.0 MB stored; 3.0 s; peak memory 154 MiB.
2026-10-09T17:12:02Z INFO [176/1000] 456809d9-dbe7-40fc-bcc0-c612efa5a2a5: 115 arrays, 190.2 MB stored; 3.9 s; peak memory 154 MiB.
2026-10-09T17:12:03Z INFO [177/1000] 45684c83-8932-4434-8a80-c9b521101231: 38 arrays, 25.6 MB stored; 3.0 s; peak memory 154 MiB.
2026-10-09T17:12:04Z INFO [178/1000] 45693587-b691-41c8-ad45-23a12e12b0de: 117 arrays, 0.4 MB stored; 1.8 s; peak memory 154 MiB.
2026-10-09T17:12:05Z INFO [179/1000] 456a18a5-32d0-48eb-9d09-0896bf8c595f: 66 arrays, 18.2 MB stored; 2.2 s; peak memory 154 MiB.
2026-10-09T17:12:05Z INFO [180/1000] 45678aa4-20ca-41a3-9f33-3c13ef6e8698: 3685 arrays, 32.3 MB stored; 7.0 s; peak memory 154 MiB.
2026-10-09T17:12:06Z INFO [181/1000] 456a667d-1d94-4d83-985e-e776038168c8: 48 arrays, 83.9 MB stored; 1.6 s; peak memory 154 MiB.
2026-10-09T17:12:09Z INFO [182/1000] 456b17d1-0f88-4237-ae88-2494dd3bebb2: 69 arrays, 49.1 MB stored; 2.7 s; peak memory 154 MiB.
2026-10-09T17:12:10Z INFO [183/1000] 456a2863-047b-487c-a2fc-5374b4a17791: 454 arrays, 6.2 MB stored; 6.0 s; peak memory 154 MiB.
2026-10-09T17:12:11Z INFO [184/1000] 455cb761-d78a-4e3c-9380-bde4664c6d88: 49 arrays, 19010.7 MB stored; 24.9 s; peak memory 154 MiB.
2026-10-09T17:12:12Z INFO [185/1000] 456b791d-6b28-4dcd-b288-e508f00d8502: 85 arrays, 6.0 MB stored; 2.5 s; peak memory 154 MiB.
2026-10-09T17:12:13Z INFO [186/1000] 456bb2c5-d539-4423-a0ae-405a63d77691: 117 arrays, 0.4 MB stored; 1.8 s; peak memory 154 MiB.
2026-10-09T17:12:14Z INFO [187/1000] 456c7643-2a7f-4079-a7bc-284a690bca6e: 112 arrays, 0.7 MB stored; 2.2 s; peak memory 154 MiB.
2026-10-09T17:12:16Z INFO [188/1000] 456ce45c-7fa2-4cf3-a4c9-23585f94e230: 69 arrays, 236.7 MB stored; 2.3 s; peak memory 154 MiB.
2026-10-09T17:12:17Z INFO [189/1000] 456a6ff4-c07b-40bf-8376-77f60fa84a2f: 887 arrays, 38.0 MB stored; 12.0 s; peak memory 154 MiB.
2026-10-09T17:12:18Z INFO [190/1000] 4568705e-4443-4b8e-b7a2-3484ab40c034: 38 arrays, 316.5 MB stored; 16.5 s; peak memory 154 MiB.
2026-10-09T17:12:19Z INFO [191/1000] 456d299b-5f5d-496e-a537-9fed2f3981c8: 48 arrays, 83.9 MB stored; 1.8 s; peak memory 154 MiB.
2026-10-09T17:12:20Z INFO [192/1000] 456e621e-1c36-4625-a8a3-e0fafaf6ea82: 59 arrays, 0.2 MB stored; 1.6 s; peak memory 154 MiB.
2026-10-09T17:12:21Z INFO [193/1000] 456d866d-bacd-4c03-beb3-eb75c2d6c7f5: 38 arrays, 34.0 MB stored; 3.0 s; peak memory 154 MiB.
2026-10-09T17:12:22Z INFO [194/1000] 456eeecc-636b-446d-8719-ff50b66201bd: 48 arrays, 83.9 MB stored; 1.6 s; peak memory 154 MiB.
2026-10-09T17:12:23Z INFO [195/1000] 456f09e9-65bd-4f15-92f5-f14bafbaa738: 112 arrays, 0.5 MB stored; 2.0 s; peak memory 154 MiB.
2026-10-09T17:12:24Z INFO [196/1000] 456cba92-7974-4386-ae65-b9423f87b795: 391 arrays, 77.9 MB stored; 10.7 s; peak memory 154 MiB.
2026-10-09T17:12:24Z INFO [197/1000] 456f0db1-8d19-47f8-ab8f-58714487c67b: 118 arrays, 0.3 MB stored; 2.0 s; peak memory 154 MiB.
2026-10-09T17:12:26Z INFO [198/1000] 456ba56d-a30e-4a50-9a2a-1b436757ecf4: 1054 arrays, 51.1 MB stored; 16.0 s; peak memory 154 MiB.
2026-10-09T17:12:26Z INFO [199/1000] 456f36c4-fc8f-44ee-b922-9b0315a1e70f: 66 arrays, 19.5 MB stored; 2.1 s; peak memory 154 MiB.
2026-10-09T17:12:26Z INFO [200/1000] 456f31e2-6934-4f35-9a7c-1e759723eb92: 57 arrays, 620.8 MB stored; 2.6 s; peak memory 154 MiB.
2026-10-09T17:12:26Z INFO [200/1000] 456f31e2-6934-4f35-9a7c-1e759723eb92: checkpointed 200 new records.
2026-10-09T17:12:27Z INFO [201/1000] 456f8b91-ab32-4a1e-a063-10ee1fc5d52c: 48 arrays, 83.9 MB stored; 1.7 s; peak memory 154 MiB.
2026-10-09T17:12:28Z INFO [202/1000] 4570af62-de9a-4ad3-9224-f79aac5e0c05: 48 arrays, 83.9 MB stored; 1.7 s; peak memory 154 MiB.
2026-10-09T17:12:28Z INFO [203/1000] 4571fec5-0ecb-4b97-8689-f4fbf778bbb6: 118 arrays, 0.3 MB stored; 1.8 s; peak memory 154 MiB.
2026-10-09T17:12:28Z INFO [204/1000] 456f2e21-469e-4f99-b7df-b8aaf3491823: 457 arrays, 3.6 MB stored; 5.3 s; peak memory 154 MiB.
2026-10-09T17:12:29Z INFO [205/1000] 45729baf-4a9b-4172-ab8f-8dd3147fba8e: 48 arrays, 83.9 MB stored; 1.7 s; peak memory 154 MiB.
2026-10-09T17:12:29Z INFO [206/1000] 457328a3-6c05-4264-9d5a-869fce3f96ce: 114 arrays, 0.1 MB stored; 1.6 s; peak memory 154 MiB.
2026-10-09T17:12:30Z INFO [207/1000] 4573541e-568c-47ef-9bd2-becf3dad79ac: 112 arrays, 0.4 MB stored; 1.9 s; peak memory 154 MiB.
2026-10-09T17:12:35Z INFO [208/1000] 45733780-761c-4e9f-afde-09404c310854: 222 arrays, 338.9 MB stored; 6.8 s; peak memory 154 MiB.
2026-10-09T17:12:36Z INFO [209/1000] 45756afd-c277-43c7-931e-3710000abd15: 45 arrays, 0.0 MB stored; 1.4 s; peak memory 154 MiB.
2026-10-09T17:12:37Z INFO [210/1000] 4573a079-7107-4a68-95b2-47459f6033ab: 538 arrays, 8.6 MB stored; 7.7 s; peak memory 154 MiB.
2026-10-09T17:12:38Z INFO [211/1000] 45749b0a-f470-47cc-beb2-2b93aaff7e20: 549 arrays, 15.3 MB stored; 7.6 s; peak memory 154 MiB.
2026-10-09T17:12:39Z INFO [212/1000] 45768f29-d9b2-4e19-aeba-386fa1f52cbd: 113 arrays, 0.9 MB stored; 2.2 s; peak memory 154 MiB.
2026-10-09T17:12:40Z INFO [213/1000] 45765c3a-1b50-47ff-bb5d-87ed00caedd2: 114 arrays, 186.9 MB stored; 3.6 s; peak memory 154 MiB.
2026-10-09T17:12:41Z INFO [214/1000] 45778a72-88f8-4191-be24-c8a94485d3e5: 118 arrays, 0.4 MB stored; 1.9 s; peak memory 154 MiB.
2026-10-09T17:12:41Z INFO [215/1000] 4577c5cc-bdf9-4221-b75d-5782ba789895: 43 arrays, 2.4 MB stored; 1.4 s; peak memory 154 MiB.
2026-10-09T17:12:42Z INFO [216/1000] 4577efa5-b735-4f66-bf41-0df9cd166cf2: 50 arrays, 0.6 MB stored; 1.5 s; peak memory 154 MiB.
2026-10-09T17:12:42Z INFO [217/1000] 45744cfb-4c9d-46e8-ade9-0ab4f6b1131d: 948 arrays, 39.5 MB stored; 13.2 s; peak memory 154 MiB.
2026-10-09T17:12:43Z INFO [218/1000] 4578596c-0c0b-4c35-bff2-aed0cbf7879d: 71 arrays, 87.2 MB stored; 2.3 s; peak memory 154 MiB.
2026-10-09T17:12:44Z INFO [219/1000] 4578e0f5-ce6c-419e-944b-7490c0472958: 46 arrays, 0.1 MB stored; 1.3 s; peak memory 154 MiB.
2026-10-09T17:12:44Z INFO [220/1000] 4579fe98-29f8-4548-95f5-bf5f6a720d9d: 51 arrays, 0.0 MB stored; 1.4 s; peak memory 154 MiB.
2026-10-09T17:12:45Z INFO [221/1000] 457b311f-3a66-4c41-954c-23139a79d0de: 50 arrays, 3.9 MB stored; 1.5 s; peak memory 154 MiB.
2026-10-09T17:12:45Z INFO [222/1000] 457a240d-10fe-4e5c-9e40-d3be9cc73b27: 112 arrays, 0.5 MB stored; 2.0 s; peak memory 154 MiB.
2026-10-09T17:12:46Z INFO [223/1000] 457b68b2-53e4-4c2b-a6e4-ddf29485099f: 117 arrays, 0.4 MB stored; 2.1 s; peak memory 154 MiB.
2026-10-09T17:12:48Z INFO [224/1000] 457cd8db-eca2-4726-99cf-9b1fdbbf927c: 275 arrays, 17.1 MB stored; 2.0 s; peak memory 154 MiB.
2026-10-09T17:12:50Z INFO [225/1000] 457d37da-9c69-4fc5-909d-321b04cd005e: 112 arrays, 0.8 MB stored; 2.3 s; peak memory 154 MiB.
2026-10-09T17:12:52Z INFO [226/1000] 457bdc78-6168-47f4-b441-841a78cddfdf: 117 arrays, 0.2 MB stored; 6.8 s; peak memory 154 MiB.
2026-10-09T17:12:52Z INFO [227/1000] 457752dd-1c7e-4079-bf56-6914ff324b8c: 819 arrays, 39.9 MB stored; 14.4 s; peak memory 154 MiB.
2026-10-09T17:12:53Z INFO [228/1000] 457c5246-9ecb-41f7-93e4-dfa193829437: 196 arrays, 568.4 MB stored; 7.9 s; peak memory 154 MiB.
2026-10-09T17:12:54Z INFO [229/1000] 457d71eb-9f32-480a-b5e4-1e52e1020b68: 48 arrays, 83.9 MB stored; 1.7 s; peak memory 154 MiB.
2026-10-09T17:12:54Z INFO [230/1000] 457df6a5-e9a9-4ec2-8792-c1b1d46a0f13: 52 arrays, 14.6 MB stored; 1.8 s; peak memory 154 MiB.
2026-10-09T17:12:55Z INFO [231/1000] 457e1282-b4cb-4cf9-86d6-0c4cf15f15a2: 110 arrays, 0.5 MB stored; 2.1 s; peak memory 154 MiB.
2026-10-09T17:12:56Z INFO [232/1000] 457e6a37-ee85-4144-9ab7-9bda268c167d: 118 arrays, 0.5 MB stored; 2.0 s; peak memory 154 MiB.
2026-10-09T17:12:56Z INFO [233/1000] 457eacfb-32bb-44bc-a098-58c97a88e672: 48 arrays, 83.9 MB stored; 1.8 s; peak memory 154 MiB.
2026-10-09T17:12:58Z INFO [234/1000] 457f91f4-45df-47bd-a4dd-2b4d04706517: 110 arrays, 1.3 MB stored; 2.7 s; peak memory 154 MiB.
2026-10-09T17:12:59Z INFO [235/1000] 457fed7d-42da-496d-bf4e-cdbf0221cc6f: 121 arrays, 0.8 MB stored; 2.8 s; peak memory 154 MiB.
2026-10-09T17:13:00Z INFO [236/1000] 457d6892-c8dd-47c8-95ab-2b8ba5dca274: 594 arrays, 19.2 MB stored; 9.4 s; peak memory 154 MiB.
2026-10-09T17:13:00Z INFO [237/1000] 45807611-f911-45b5-879a-90c60f916ece: 79 arrays, 1.0 MB stored; 1.9 s; peak memory 154 MiB.
2026-10-09T17:13:02Z INFO [238/1000] 4580d985-1cfe-4350-9206-182e60264e3c: 289 arrays, 17.2 MB stored; 2.0 s; peak memory 154 MiB.
2026-10-09T17:13:02Z INFO [239/1000] 452e1e12-7124-413a-a6b1-43f792de6d83: 432 arrays, 19720.5 MB stored; 158.7 s; peak memory 154 MiB.
2026-10-09T17:13:02Z INFO [240/1000] 45810ded-b1d2-4b78-a89f-13d81a2b2021: 72 arrays, 1.5 MB stored; 2.1 s; peak memory 154 MiB.
2026-10-09T17:13:03Z INFO [241/1000] 458040f8-745e-4e8b-91f0-11929ed510ed: 537 arrays, 8.3 MB stored; 7.0 s; peak memory 154 MiB.
2026-10-09T17:13:03Z INFO [242/1000] 458129ca-4de8-4628-8a1f-a1487f9047a3: 46 arrays, 0.2 MB stored; 1.4 s; peak memory 154 MiB.
2026-10-09T17:13:03Z INFO [243/1000] 45819137-4076-4f3f-a298-cbf3547b9607: 48 arrays, 83.9 MB stored; 1.5 s; peak memory 154 MiB.
2026-10-09T17:13:04Z INFO [244/1000] 4581f185-03cf-4b2d-9b5c-6655b641653b: 45 arrays, 7.3 MB stored; 1.7 s; peak memory 154 MiB.
2026-10-09T17:13:05Z INFO [245/1000] 45826d41-bacf-44a1-b715-7a63ee1ce5db: 118 arrays, 0.6 MB stored; 2.0 s; peak memory 154 MiB.
2026-10-09T17:13:05Z INFO [246/1000] 4582b22f-29fc-4521-9c2b-a08b9eee9da1: 48 arrays, 83.9 MB stored; 1.6 s; peak memory 154 MiB.
2026-10-09T17:13:05Z INFO [247/1000] 4582f830-a7ac-4aaf-9c9c-88ae13f0f31d: 68 arrays, 0.0 MB stored; 1.5 s; peak memory 154 MiB.
2026-10-09T17:13:07Z INFO [248/1000] 45827ca0-cc92-4ef4-95ee-e27c437b025e: 115 arrays, 190.1 MB stored; 3.5 s; peak memory 154 MiB.
2026-10-09T17:13:07Z INFO [249/1000] 4583125a-b610-4be4-bed9-b7ca76d7c170: 48 arrays, 83.9 MB stored; 1.7 s; peak memory 154 MiB.
2026-10-09T17:13:07Z INFO [250/1000] 4583bf2f-8da2-40f4-936d-5373389e72fb: 48 arrays, 83.9 MB stored; 1.5 s; peak memory 154 MiB.
2026-10-09T17:13:07Z INFO [251/1000] 45838082-1dfa-4eed-84d6-d25da9f9d10c: 112 arrays, 0.3 MB stored; 1.9 s; peak memory 154 MiB.
2026-10-09T17:13:09Z INFO [252/1000] 45844d34-7030-4f1b-8548-32bb1fb3f911: 48 arrays, 83.9 MB stored; 1.8 s; peak memory 154 MiB.
2026-10-09T17:13:09Z INFO [253/1000] 45845d4f-be8a-40cf-9028-e1a0f0d57f67: 48 arrays, 83.9 MB stored; 1.6 s; peak memory 154 MiB.
2026-10-09T17:13:09Z INFO [254/1000] 45843ce7-0d02-42d3-b0d2-9dbe45f43e2e: 66 arrays, 101.4 MB stored; 2.3 s; peak memory 154 MiB.
2026-10-09T17:13:12Z INFO [255/1000] 45848979-8eff-418e-8187-07aa838e3c9a: 103 arrays, 23.5 MB stored; 3.2 s; peak memory 154 MiB.
2026-10-09T17:13:13Z INFO [256/1000] 458557fb-d776-448a-a3d5-2d17bddaf4bf: 156 arrays, 193.5 MB stored; 4.1 s; peak memory 154 MiB.
2026-10-09T17:13:13Z INFO [257/1000] 4585a87c-351d-45c6-bf4b-4919b33e216d: 119 arrays, 0.1 MB stored; 1.5 s; peak memory 154 MiB.
2026-10-09T17:13:15Z INFO [258/1000] 4585dba3-6a43-436e-b495-279cdf7f185a: 51 arrays, 0.0 MB stored; 1.4 s; peak memory 154 MiB.
2026-10-09T17:13:16Z INFO [259/1000] 4583c273-53e5-41bf-8060-33326966870c: 682 arrays, 32.2 MB stored; 8.9 s; peak memory 154 MiB.
2026-10-09T17:13:16Z INFO [260/1000] 45860e5d-1ead-441e-86c6-a5b2d582cae5: 112 arrays, 0.6 MB stored; 2.2 s; peak memory 154 MiB.
2026-10-09T17:13:16Z INFO [261/1000] 4586f997-6c87-47b3-9b5d-4328bb1b8e0c: 56 arrays, 0.0 MB stored; 1.4 s; peak memory 154 MiB.
2026-10-09T17:13:16Z INFO [262/1000] 4584d168-1ec4-479a-86f8-b1a6a81abdb2: 229 arrays, 611.7 MB stored; 7.7 s; peak memory 154 MiB.
2026-10-09T17:13:17Z INFO [263/1000] 45870d5c-2e63-4898-9e74-ce539b790ac1: 43 arrays, 15.7 MB stored; 1.6 s; peak memory 154 MiB.
2026-10-09T17:13:18Z INFO [264/1000] 45877d2c-3774-4447-bb8d-9fe368267fe6: 117 arrays, 0.3 MB stored; 2.1 s; peak memory 154 MiB.
2026-10-09T17:13:19Z INFO [265/1000] 458825d1-2928-42f4-aa37-5abe5e94c335: 116 arrays, 0.4 MB stored; 1.7 s; peak memory 154 MiB.
2026-10-09T17:13:20Z INFO [266/1000] 45878d5f-7bbe-4b18-8540-e040ac375795: 156 arrays, 193.5 MB stored; 4.3 s; peak memory 154 MiB.
2026-10-09T17:13:22Z INFO [267/1000] 45899175-5485-4d82-aa35-ba79184adeef: 66 arrays, 97.7 MB stored; 2.1 s; peak memory 154 MiB.
2026-10-09T17:13:24Z INFO [268/1000] 458823b4-b2f9-4a18-b419-87043c97b4cd: 538 arrays, 8.1 MB stored; 7.7 s; peak memory 154 MiB.
2026-10-09T17:13:36Z INFO [269/1000] 4589633e-436d-4ec6-b4e2-e62ee79ec937: 38 arrays, 381.4 MB stored; 17.1 s; peak memory 154 MiB.
2026-10-09T17:13:39Z INFO [270/1000] 4589ef58-60f2-45c2-8881-9bf74858bf2c: 71 arrays, 77.7 MB stored; 2.9 s; peak memory 154 MiB.
2026-10-09T17:13:46Z INFO [271/1000] 4589e200-0f89-4564-859e-82e5c64071f6: 2257 arrays, 30.1 MB stored; 21.5 s; peak memory 154 MiB.
2026-10-09T17:13:46Z INFO [272/1000] 45899fcc-65da-4711-94d1-f88936ac8f9a: 67 arrays, 198.8 MB stored; 23.5 s; peak memory 154 MiB.
2026-10-09T17:13:47Z INFO [273/1000] 458b6ab5-4750-4406-8f1e-c6f9edba5c64: 48 arrays, 83.9 MB stored; 1.6 s; peak memory 154 MiB.
2026-10-09T17:13:48Z INFO [274/1000] 458b1ba9-e7c0-4baf-b32e-b3915eb2da4c: 115 arrays, 0.5 MB stored; 2.0 s; peak memory 154 MiB.
2026-10-09T17:13:49Z INFO [275/1000] 4588f88a-0014-4bbb-b33a-9145cc569394: 48 arrays, 40863.7 MB stored; 31.2 s; peak memory 154 MiB.
2026-10-09T17:13:49Z INFO [276/1000] 458bed9b-0713-44b8-8fa9-68e8af74c6c3: 58 arrays, 0.0 MB stored; 1.4 s; peak memory 154 MiB.
2026-10-09T17:13:51Z INFO [277/1000] 458c5b2e-8f6d-4395-b349-4fd348853256: 116 arrays, 0.2 MB stored; 1.8 s; peak memory 154 MiB.
2026-10-09T17:13:51Z INFO [278/1000] 458da030-1962-4900-b2a7-35063493c933: 113 arrays, 0.4 MB stored; 2.2 s; peak memory 154 MiB.
2026-10-09T17:13:52Z INFO [279/1000] 458df911-f974-4865-923b-7c326daa19e0: 48 arrays, 83.9 MB stored; 1.7 s; peak memory 154 MiB.
2026-10-09T17:13:53Z INFO [280/1000] 458a02ac-85d5-4b81-befc-a140648b6bd2: 783 arrays, 82.9 MB stored; 14.6 s; peak memory 154 MiB.
2026-10-09T17:13:55Z INFO [281/1000] 458e3ea0-50f9-4156-b7aa-38cc393ded6a: 48 arrays, 83.9 MB stored; 1.6 s; peak memory 154 MiB.
2026-10-09T17:13:57Z INFO [282/1000] 458ef1bd-215b-427a-bf4c-9e7c17344845: 117 arrays, 0.3 MB stored; 1.9 s; peak memory 154 MiB.
2026-10-09T17:13:57Z INFO [283/1000] 458e0962-c719-4724-b5e5-71780ea6b70c: 529 arrays, 6.9 MB stored; 6.0 s; peak memory 154 MiB.
2026-10-09T17:13:57Z INFO [284/1000] 458e3b7a-f53e-4da0-824b-9f640cf8eda0: 520 arrays, 4.0 MB stored; 5.0 s; peak memory 154 MiB.
2026-10-09T17:13:59Z INFO [285/1000] 458f16d3-665d-4500-8da1-5d5d094e2660: 50 arrays, 1.8 MB stored; 1.6 s; peak memory 154 MiB.
2026-10-09T17:13:59Z INFO [286/1000] 458fefcf-cf2c-495e-85ec-b9068929a031: 48 arrays, 83.9 MB stored; 1.7 s; peak memory 154 MiB.
2026-10-09T17:13:59Z INFO [287/1000] 456d16f0-10cd-4516-b0ad-b4154babed2e: 58 arrays, 6384.1 MB stored; 102.8 s; peak memory 154 MiB.
2026-10-09T17:14:00Z INFO [288/1000] 45902787-d0ab-4a35-a37e-6d76e4f5b145: 66 arrays, 129.3 MB stored; 2.2 s; peak memory 154 MiB.
2026-10-09T17:14:01Z INFO [289/1000] 459354a4-973c-48cf-93bc-c7452a85d216: 48 arrays, 83.9 MB stored; 1.7 s; peak memory 154 MiB.
2026-10-09T17:14:02Z INFO [290/1000] 458b6ca2-1b0a-422c-8383-f4b86d07eb20: 106 arrays, 18966.2 MB stored; 15.0 s; peak memory 154 MiB.
2026-10-09T17:14:03Z INFO [291/1000] 459496d3-1494-4803-ab2a-56168f7e33e1: 56 arrays, 0.0 MB stored; 1.4 s; peak memory 154 MiB.
2026-10-09T17:14:04Z INFO [292/1000] 45905d0e-6ae0-41aa-800c-c75b00f80879: 480 arrays, 4.2 MB stored; 5.3 s; peak memory 154 MiB.
2026-10-09T17:14:04Z INFO [293/1000] 4594a8b5-8318-4b69-9d6e-614702a8665c: 117 arrays, 0.3 MB stored; 1.9 s; peak memory 154 MiB.
2026-10-09T17:14:06Z INFO [294/1000] 4594eb9b-174e-4e05-b913-ca99e148117f: 116 arrays, 0.2 MB stored; 1.8 s; peak memory 154 MiB.
2026-10-09T17:14:07Z INFO [295/1000] 45950a5f-bd0d-48aa-9340-5c3a52682354: 71 arrays, 113.8 MB stored; 2.6 s; peak memory 154 MiB.
2026-10-09T17:14:07Z INFO [296/1000] 45960046-f1d6-45f3-9b27-83c309e3a1c5: 48 arrays, 83.9 MB stored; 1.6 s; peak memory 154 MiB.
2026-10-09T17:14:08Z INFO [297/1000] 4594d5f6-a259-43ce-a6c0-d1a39dc99847: 101 arrays, 22.3 MB stored; 5.4 s; peak memory 154 MiB.
2026-10-09T17:14:08Z INFO [298/1000] 45968872-59ba-45e9-b619-8c46ee3f6b08: 48 arrays, 83.9 MB stored; 1.6 s; peak memory 154 MiB.
2026-10-09T17:14:09Z INFO [299/1000] 4596b3d5-bc35-41c2-8735-ed4950ff7f69: 118 arrays, 0.2 MB stored; 1.7 s; peak memory 154 MiB.
2026-10-09T17:14:11Z INFO [300/1000] 4597c2ee-08c5-4430-ae33-31fb03f5ece7: 48 arrays, 83.9 MB stored; 1.5 s; peak memory 154 MiB.
2026-10-09T17:14:17Z INFO [301/1000] 4598656b-de69-496a-b352-2f684d54de70: 229 arrays, 239.8 MB stored; 6.2 s; peak memory 154 MiB.
2026-10-09T17:14:18Z INFO [302/1000] 45989002-f620-4f94-af4d-a69a69db6d6d: 48 arrays, 83.9 MB stored; 1.5 s; peak memory 154 MiB.
2026-10-09T17:14:20Z INFO [303/1000] 4599521e-2e3f-4487-9ef6-c6e57dbe2bed: 39 arrays, 8.1 MB stored; 1.7 s; peak memory 154 MiB.
2026-10-09T17:14:34Z INFO [304/1000] 45997b9a-387e-42a6-8a1b-db87d5ec4d68: 369 arrays, 554.4 MB stored; 14.1 s; peak memory 154 MiB.
2026-10-09T17:14:49Z INFO [305/1000] 45999b5d-d4e8-41ab-94be-4a160332e606: 718 arrays, 21.2 MB stored; 15.1 s; peak memory 154 MiB.
2026-10-09T17:14:51Z INFO [306/1000] 459a4e39-271d-4db6-af98-7aa307036997: 48 arrays, 83.9 MB stored; 1.6 s; peak memory 154 MiB.
2026-10-09T17:14:52Z INFO [307/1000] 4591f64e-2c93-4499-9c4d-9494c81db874: 52 arrays, 2094.3 MB stored; 52.8 s; peak memory 154 MiB.
2026-10-09T17:14:57Z INFO [308/1000] 459a9de5-6866-4816-afb7-fef7a685ece9: 406 arrays, 5.4 MB stored; 5.8 s; peak memory 154 MiB.
2026-10-09T17:14:57Z INFO [309/1000] 455eb1bc-96ce-464e-a4bb-d36463307960: 260 arrays, 23380.4 MB stored; 188.8 s; peak memory 154 MiB.
2026-10-09T17:14:58Z INFO [310/1000] 459b27e5-5ad3-4813-b463-5ac9b506e8d0: 48 arrays, 83.9 MB stored; 1.5 s; peak memory 154 MiB.
2026-10-09T17:14:58Z INFO [311/1000] 459b1a88-934e-4440-a4c9-534a226c488e: 45 arrays, 10.9 MB stored; 1.9 s; peak memory 154 MiB.
2026-10-09T17:15:01Z INFO [312/1000] 459b6682-9e7b-4225-a89a-091057683301: 101 arrays, 6.1 MB stored; 2.3 s; peak memory 154 MiB.
2026-10-09T17:15:03Z INFO [313/1000] 459c342a-aa65-40a7-8f4d-765b916df355: 66 arrays, 18.1 MB stored; 2.1 s; peak memory 154 MiB.
2026-10-09T17:15:05Z INFO [314/1000] 459aafeb-873f-4a14-a021-8cc2096677c6: 815 arrays, 41.5 MB stored; 13.6 s; peak memory 154 MiB.
2026-10-09T17:15:07Z INFO [315/1000] 459d38ec-bee4-4330-a64e-5f64d9056b83: 48 arrays, 83.9 MB stored; 1.6 s; peak memory 154 MiB.
2026-10-09T17:15:08Z INFO [316/1000] 45977f72-66fd-451c-a5ee-d24180500ac8: 5733 arrays, 1063.9 MB stored; 59.5 s; peak memory 158 MiB.
2026-10-09T17:15:09Z INFO [317/1000] 459dabd1-6355-4970-8cd3-37c9d9669bdf: 112 arrays, 0.4 MB stored; 2.1 s; peak memory 158 MiB.
2026-10-09T17:15:10Z INFO [318/1000] 459c591a-3aae-42cc-acee-b1f5c4361e4e: 534 arrays, 8.3 MB stored; 7.4 s; peak memory 158 MiB.
2026-10-09T17:15:10Z INFO [319/1000] 459db2f6-cde9-493a-8f0f-bc9eb2c0b5c6: 71 arrays, 157.5 MB stored; 2.7 s; peak memory 158 MiB.
2026-10-09T17:15:11Z INFO [320/1000] 459de10b-cc19-449d-b546-4b6fbda84a25: 116 arrays, 0.3 MB stored; 1.8 s; peak memory 159 MiB.
2026-10-09T17:15:12Z INFO [321/1000] 459dec15-b4f1-483a-9cbb-09db1b82a928: 46 arrays, 0.1 MB stored; 1.5 s; peak memory 159 MiB.
2026-10-09T17:15:12Z INFO [322/1000] 4597a4fc-14cc-4082-90b0-3ed69406b5b2: 2188 arrays, 1545.7 MB stored; 63.5 s; peak memory 161 MiB.
2026-10-09T17:15:12Z INFO [323/1000] 459e9358-12d6-4112-9be0-16b209bdce80: 48 arrays, 83.9 MB stored; 1.8 s; peak memory 161 MiB.
2026-10-09T17:15:12Z INFO [324/1000] 459ead11-bc40-4496-a02c-feec11f5fb8f: 48 arrays, 83.9 MB stored; 1.5 s; peak memory 161 MiB.
2026-10-09T17:15:13Z INFO [325/1000] 4524f7af-0f9e-4238-a68a-ee600aba74ff: 283 arrays, 39537.5 MB stored; 308.2 s; peak memory 161 MiB.
2026-10-09T17:15:14Z INFO [326/1000] 459f1ced-3a20-469a-a6bf-e5ec4334e01a: 52 arrays, 657.2 MB stored; 1.7 s; peak memory 162 MiB.
2026-10-09T17:15:14Z INFO [327/1000] 459eaff6-5ec0-4005-ab96-aee334667a74: 110 arrays, 0.9 MB stored; 2.3 s; peak memory 162 MiB.
2026-10-09T17:15:14Z INFO [328/1000] 459f6dd8-3c9f-44f6-b878-437427e2a1be: 69 arrays, 47.6 MB stored; 2.3 s; peak memory 162 MiB.
2026-10-09T17:15:15Z INFO [329/1000] 45a01563-a18a-46d5-a818-50e45b2c53e7: 48 arrays, 83.9 MB stored; 1.6 s; peak memory 162 MiB.
2026-10-09T17:15:15Z INFO [330/1000] 459bb713-061a-42e3-bf68-9f804ae68a9c: 252 arrays, 891.7 MB stored; 16.8 s; peak memory 162 MiB.
2026-10-09T17:15:16Z INFO [331/1000] 45a04f1b-e206-4616-b1ae-e9a01375b4ef: 117 arrays, 0.4 MB stored; 2.0 s; peak memory 162 MiB.
2026-10-09T17:15:16Z INFO [332/1000] 45a0f37f-cf12-4635-8631-12f0490021ad: 48 arrays, 83.9 MB stored; 1.6 s; peak memory 162 MiB.
2026-10-09T17:15:16Z INFO [333/1000] 459f8b76-4372-4c3e-a3f0-019dd792229a: 156 arrays, 193.4 MB stored; 4.0 s; peak memory 162 MiB.
2026-10-09T17:15:18Z INFO [334/1000] 45a0a7f5-1448-4fff-a565-bf5d423d37f9: 156 arrays, 193.5 MB stored; 4.3 s; peak memory 162 MiB.
2026-10-09T17:15:19Z INFO [335/1000] 45a1a062-36af-448c-8bdd-b66f24cd0217: 66 arrays, 293.4 MB stored; 3.0 s; peak memory 162 MiB.
2026-10-09T17:15:20Z INFO [336/1000] 45a1d0b8-43ab-478b-819d-e76e58727e20: 116 arrays, 187.1 MB stored; 3.7 s; peak memory 163 MiB.
2026-10-09T17:15:20Z INFO [337/1000] 45a22e16-c040-41d3-a312-04b85c9104c8: 51 arrays, 3831.4 MB stored; 2.2 s; peak memory 163 MiB.
2026-10-09T17:15:22Z INFO [338/1000] 45a277e8-9b57-4305-8472-9eff2b0d4061: 117 arrays, 0.6 MB stored; 2.0 s; peak memory 163 MiB.
2026-10-09T17:15:23Z INFO [339/1000] 45a23bf0-4799-429d-90d4-0aae4605ad51: 118 arrays, 66.2 MB stored; 2.9 s; peak memory 163 MiB.
2026-10-09T17:15:23Z INFO [340/1000] 45a212d1-020b-453b-927b-3fd079a029ce: 44 arrays, 2259.3 MB stored; 6.8 s; peak memory 163 MiB.
2026-10-09T17:15:24Z INFO [341/1000] 45a28541-79bc-434a-9a9a-f6dd32d634b5: 110 arrays, 0.6 MB stored; 2.1 s; peak memory 163 MiB.
2026-10-09T17:15:25Z INFO [342/1000] 45a37b26-ef05-43ea-8159-fd08f9279185: 48 arrays, 83.9 MB stored; 1.6 s; peak memory 163 MiB.
2026-10-09T17:15:26Z INFO [343/1000] 45a318c4-5445-41ca-8898-3a05866e969f: 91 arrays, 28.8 MB stored; 2.9 s; peak memory 163 MiB.
2026-10-09T17:15:26Z INFO [344/1000] 45a4c344-6fd6-4693-ad28-30aca078da38: 48 arrays, 83.9 MB stored; 1.5 s; peak memory 163 MiB.
2026-10-09T17:15:26Z INFO [345/1000] 45a3ebe4-1b9d-45a4-be25-0834e9803d76: 117 arrays, 0.3 MB stored; 1.8 s; peak memory 163 MiB.
2026-10-09T17:15:27Z INFO [346/1000] 45a17611-0210-47ba-8f44-d3d6a61891fa: 783 arrays, 23.7 MB stored; 11.8 s; peak memory 164 MiB.
2026-10-09T17:15:27Z INFO [347/1000] 45a54cee-99f1-4e52-9d07-8a99da3e984d: 48 arrays, 83.9 MB stored; 1.6 s; peak memory 165 MiB.
2026-10-09T17:15:28Z INFO [348/1000] 45a1769d-2390-4b89-9668-c64eb62dbd54: 108 arrays, 73.7 MB stored; 12.3 s; peak memory 165 MiB.
2026-10-09T17:15:28Z INFO [349/1000] 45a5e8f4-d7b5-4bd0-836a-ddad0f2ebd9d: 49 arrays, 0.0 MB stored; 1.4 s; peak memory 165 MiB.
2026-10-09T17:15:28Z INFO [350/1000] 45a603c4-5afd-4660-95d8-c29fe2af2b27: 116 arrays, 0.4 MB stored; 1.9 s; peak memory 165 MiB.
2026-10-09T17:15:29Z INFO [351/1000] 45a58e2f-4cae-4fd4-8015-768ed9ed055d: 45 arrays, 645.4 MB stored; 2.5 s; peak memory 165 MiB.
2026-10-09T17:15:29Z INFO [352/1000] 45a630da-e976-43d1-a05c-fe7e23ec4de5: 70 arrays, 22.3 MB stored; 2.0 s; peak memory 165 MiB.
2026-10-09T17:15:29Z INFO [353/1000] 45a6f667-b2f8-4a5c-8882-6fc65954f321: 116 arrays, 0.2 MB stored; 1.7 s; peak memory 165 MiB.
2026-10-09T17:15:30Z INFO [354/1000] 45a72999-bf7b-4280-9174-6b7ca75f9cda: 112 arrays, 0.2 MB stored; 1.7 s; peak memory 165 MiB.
2026-10-09T17:15:30Z INFO [355/1000] 45a23332-8e93-4379-8ee7-8eb9d5431740: 410 arrays, 149.8 MB stored; 11.8 s; peak memory 166 MiB.
2026-10-09T17:15:32Z INFO [356/1000] 45a8e8e5-a43e-4891-a888-4f1f958b5306: 71 arrays, 4.0 MB stored; 2.4 s; peak memory 166 MiB.
2026-10-09T17:15:32Z INFO [357/1000] 45a982b7-fdde-4f29-8637-2f63ebf188b4: 48 arrays, 83.9 MB stored; 1.5 s; peak memory 166 MiB.
2026-10-09T17:15:32Z INFO [358/1000] 45a7d6e1-ee2b-4e04-b1f9-5c8cb416dd40: 115 arrays, 190.1 MB stored; 3.4 s; peak memory 166 MiB.
2026-10-09T17:15:33Z INFO [359/1000] 45a91c2c-fe18-4a86-8178-7181a496245b: 49 arrays, 1501.5 MB stored; 2.7 s; peak memory 166 MiB.
2026-10-09T17:15:33Z INFO [360/1000] 45a9fc03-1851-4d41-8d80-df04aa6063df: 48 arrays, 83.9 MB stored; 1.7 s; peak memory 166 MiB.
2026-10-09T17:15:34Z INFO [361/1000] 45aa5949-dc3e-4e3c-b238-0b08cc8b1e71: 57 arrays, 0.0 MB stored; 1.4 s; peak memory 166 MiB.
2026-10-09T17:15:34Z INFO [362/1000] 45aa3493-7a1b-4eec-9949-8f9d45a92680: 77 arrays, 0.0 MB stored; 1.8 s; peak memory 166 MiB.
2026-10-09T17:15:35Z INFO [363/1000] 45aa6979-dbbb-4c09-9d72-6646a7fc103a: 114 arrays, 0.3 MB stored; 1.9 s; peak memory 166 MiB.
2026-10-09T17:15:35Z INFO [364/1000] 45aa8a81-5710-4750-b363-93355ce6f4be: 48 arrays, 83.9 MB stored; 1.6 s; peak memory 166 MiB.
2026-10-09T17:15:35Z INFO [365/1000] 45aadc6d-1cd3-42ac-9cd4-cd00c0417532: 117 arrays, 0.3 MB stored; 1.8 s; peak memory 166 MiB.
2026-10-09T17:15:36Z INFO [366/1000] 45ab1f26-380f-4ea0-823d-597ad6b3ee7b: 118 arrays, 0.3 MB stored; 1.9 s; peak memory 166 MiB.
2026-10-09T17:15:36Z INFO [367/1000] 45ab2a30-cb8b-4831-963d-7def3f79c99e: 46 arrays, 0.2 MB stored; 1.4 s; peak memory 166 MiB.
2026-10-09T17:15:37Z INFO [368/1000] 45abb72b-271f-44c4-894b-d089f01a0d02: 48 arrays, 83.9 MB stored; 1.7 s; peak memory 166 MiB.
2026-10-09T17:15:38Z INFO [369/1000] 45acd609-06b4-4c60-88e9-d5b4b5a8e897: 48 arrays, 83.9 MB stored; 1.6 s; peak memory 167 MiB.
2026-10-09T17:15:38Z INFO [370/1000] 45ac309e-02ae-4525-9faf-d0c8a31eba97: 71 arrays, 146.1 MB stored; 2.9 s; peak memory 167 MiB.
2026-10-09T17:15:44Z INFO [371/1000] 45acfd85-865f-42ff-a27c-8f3763f9c6b5: 54 arrays, 446.1 MB stored; 7.3 s; peak memory 167 MiB.
2026-10-09T17:15:45Z INFO [372/1000] 45a71789-edf3-47d0-8167-e8ba48899ff0: 41 arrays, 307.6 MB stored; 17.2 s; peak memory 167 MiB.
2026-10-09T17:15:46Z INFO [373/1000] 45ad454a-06ab-481f-8e8c-a0a0dac53fe3: 538 arrays, 8.5 MB stored; 7.3 s; peak memory 167 MiB.
2026-10-09T17:15:46Z INFO [374/1000] 45ad6096-6cdc-4b3f-9204-be27290409da: 48 arrays, 83.9 MB stored; 1.6 s; peak memory 167 MiB.
2026-10-09T17:15:47Z INFO [375/1000] 45ad76e6-c815-4fe9-ab83-7bf3d928252a: 112 arrays, 0.4 MB stored; 1.8 s; peak memory 167 MiB.
2026-10-09T17:15:47Z INFO [376/1000] 45adb583-bee0-4499-acbc-07fcc6dccde0: 44 arrays, 0.6 MB stored; 1.5 s; peak memory 167 MiB.
2026-10-09T17:15:47Z INFO [377/1000] 458076be-6127-4455-96fe-afef9d8a00c7: 167 arrays, 21075.1 MB stored; 168.9 s; peak memory 168 MiB.
2026-10-09T17:15:48Z INFO [378/1000] 45ad83b6-c2fa-466f-90bd-da161aa1225e: 64 arrays, 69.7 MB stored; 2.5 s; peak memory 168 MiB.
2026-10-09T17:15:49Z INFO [379/1000] 45ae0e3c-117b-482f-a98d-52ee11cc7046: 48 arrays, 83.9 MB stored; 1.7 s; peak memory 169 MiB.
2026-10-09T17:15:49Z INFO [380/1000] 45ad15fd-8f76-4331-9fdd-18d6a3b4405d: 954 arrays, 24.1 MB stored; 11.0 s; peak memory 169 MiB.
2026-10-09T17:15:50Z INFO [381/1000] 45af9b43-9713-45b1-b3cc-d08edb3d9dd2: 48 arrays, 83.9 MB stored; 1.6 s; peak memory 169 MiB.
2026-10-09T17:15:50Z INFO [382/1000] 45afa9ac-f9bc-4007-86fb-63221f06fa1b: 48 arrays, 83.9 MB stored; 1.5 s; peak memory 169 MiB.
2026-10-09T17:15:52Z INFO [383/1000] 45b0d873-48ad-4e50-b785-0afda8f10ebc: 275 arrays, 17.1 MB stored; 2.2 s; peak memory 169 MiB.
2026-10-09T17:15:53Z INFO [384/1000] 45b01598-36f5-48ea-ba6f-6a386df9ef6c: 156 arrays, 397.3 MB stored; 4.1 s; peak memory 169 MiB.
2026-10-09T17:15:54Z INFO [385/1000] 45b172fd-f837-41d4-a1e3-0695954c32ef: 48 arrays, 83.9 MB stored; 1.5 s; peak memory 169 MiB.
2026-10-09T17:15:55Z INFO [386/1000] 45b21563-a346-4f76-ba39-ede0a07e8c5f: 48 arrays, 83.9 MB stored; 1.5 s; peak memory 169 MiB.
2026-10-09T17:15:56Z INFO [387/1000] 45b02ae5-b19e-4b15-9dff-81c360ebbc99: 223 arrays, 328.5 MB stored; 6.6 s; peak memory 169 MiB.
2026-10-09T17:15:56Z INFO [388/1000] 45a807bf-7cb9-46d1-9fe9-979c90a3dd40: 2338 arrays, 38.6 MB stored; 27.0 s; peak memory 171 MiB.
2026-10-09T17:15:58Z INFO [389/1000] 45b2b64b-0bf5-429d-b42d-f690cf2b2b37: 74 arrays, 72.5 MB stored; 2.0 s; peak memory 171 MiB.
2026-10-09T17:16:02Z INFO [390/1000] 45b2ebb1-f82d-4345-896f-b826a33e6f1d: 156 arrays, 193.5 MB stored; 3.8 s; peak memory 172 MiB.
2026-10-09T17:16:04Z INFO [391/1000] 45b326b7-2fb1-4ad7-9e8c-816346785375: 117 arrays, 0.3 MB stored; 1.8 s; peak memory 172 MiB.
2026-10-09T17:16:06Z INFO [392/1000] 45b3819e-6a02-44a7-954e-c8e3328f0184: 69 arrays, 103.2 MB stored; 2.5 s; peak memory 172 MiB.
2026-10-09T17:16:07Z INFO [393/1000] 4591a539-e548-4d77-8461-5c0ea75be910: 5606 arrays, 1655.6 MB stored; 128.3 s; peak memory 178 MiB.
2026-10-09T17:16:08Z INFO [394/1000] 45b39c31-1d1e-4924-867b-dcfdba37f512: 114 arrays, 0.1 MB stored; 1.6 s; peak memory 178 MiB.
2026-10-09T17:16:09Z INFO [395/1000] 45b4914f-4a75-40f1-83c7-d181a2887163: 52 arrays, 12.5 MB stored; 1.7 s; peak memory 179 MiB.
2026-10-09T17:16:09Z INFO [396/1000] 45ae273d-8904-4162-aaa2-898bab78cb0d: 816 arrays, 18079.8 MB stored; 21.9 s; peak memory 179 MiB.
2026-10-09T17:16:10Z INFO [397/1000] 45b28658-9d76-4811-85de-a401394f3a43: 1526 arrays, 26.8 MB stored; 14.4 s; peak memory 181 MiB.
2026-10-09T17:16:10Z INFO [398/1000] 45b52698-6726-42ae-b334-5de4fcd2c6d0: 71 arrays, 40.8 MB stored; 2.4 s; peak memory 181 MiB.
2026-10-09T17:16:11Z INFO [399/1000] 45b53106-34dd-49e5-9564-69edb8c1b785: 70 arrays, 3.3 MB stored; 1.9 s; peak memory 181 MiB.
2026-10-09T17:16:12Z INFO [400/1000] 45b535d8-48b5-4a83-952f-02ca9a0be1d6: 74 arrays, 2.4 MB stored; 2.4 s; peak memory 181 MiB.
2026-10-09T17:16:12Z INFO [400/1000] 45b535d8-48b5-4a83-952f-02ca9a0be1d6: checkpointed 400 new records.
2026-10-09T17:16:12Z INFO [401/1000] 45b6095f-f558-4ea4-b3e6-5b895573cd99: 112 arrays, 0.2 MB stored; 1.7 s; peak memory 232 MiB.
2026-10-09T17:16:13Z INFO [402/1000] 45b62aff-ac03-48df-8103-7599566451dc: 46 arrays, 0.0 MB stored; 1.2 s; peak memory 232 MiB.
2026-10-09T17:16:14Z INFO [403/1000] 45b5903a-8eef-4140-9398-3cff0e9fc156: 99 arrays, 16.0 MB stored; 3.2 s; peak memory 232 MiB.
2026-10-09T17:16:15Z INFO [404/1000] 45b6deb2-0ef2-4258-8f1d-49527de2abaa: 48 arrays, 83.9 MB stored; 1.6 s; peak memory 232 MiB.
2026-10-09T17:16:15Z INFO [405/1000] 45b695f3-7e3e-458e-9062-868fe1c1581a: 82 arrays, 308.2 MB stored; 2.3 s; peak memory 232 MiB.
2026-10-09T17:16:18Z INFO [406/1000] 45b7b4a0-42b8-4c44-ab41-922920050a7a: 110 arrays, 3637.4 MB stored; 4.8 s; peak memory 232 MiB.
2026-10-09T17:16:20Z INFO [407/1000] 45b970f7-a99b-4e19-8f04-5009fee9e60b: 48 arrays, 83.9 MB stored; 1.5 s; peak memory 232 MiB.
2026-10-09T17:16:22Z INFO [408/1000] 45ba07f5-8ee8-41d4-bcf1-92064b8b9906: 48 arrays, 83.9 MB stored; 1.7 s; peak memory 232 MiB.
2026-10-09T17:16:23Z INFO [409/1000] 45b8a2d6-1c89-46b3-a98f-02b97eb53026: 778 arrays, 11.4 MB stored; 8.0 s; peak memory 232 MiB.
2026-10-09T17:16:24Z INFO [410/1000] 45ba16cd-d02c-43ab-9819-c1273a0a5620: 62 arrays, 3008.0 MB stored; 2.3 s; peak memory 232 MiB.
2026-10-09T17:16:25Z INFO [411/1000] 45b7bcbb-5714-40b2-ba8c-e73c54d79f11: 641 arrays, 19.9 MB stored; 10.6 s; peak memory 232 MiB.
2026-10-09T17:16:26Z INFO [412/1000] 45b55560-3f32-4cf1-9a90-5563f2a3a821: 4636 arrays, 45.1 MB stored; 15.8 s; peak memory 232 MiB.
2026-10-09T17:16:27Z INFO [413/1000] 45bf68b3-cc14-42d7-a420-166efbd0df71: 47 arrays, 0.3 MB stored; 1.5 s; peak memory 232 MiB.
2026-10-09T17:16:27Z INFO [414/1000] 45bfb1fe-cf25-44be-b9f6-1e0aeb777d70: 62 arrays, 0.0 MB stored; 1.5 s; peak memory 232 MiB.
2026-10-09T17:16:28Z INFO [415/1000] 45bdc434-b8f4-4bd4-8951-97c7aaeff345: 233 arrays, 14.0 MB stored; 5.3 s; peak memory 232 MiB.
2026-10-09T17:16:29Z INFO [416/1000] 45bfb4f9-cbd1-411a-8a73-b193266756bd: 117 arrays, 0.5 MB stored; 2.0 s; peak memory 232 MiB.
2026-10-09T17:16:29Z INFO [417/1000] 45c09fca-5cc3-4971-b2da-b9c58abde340: 84 arrays, 0.8 MB stored; 2.2 s; peak memory 232 MiB.
2026-10-09T17:16:30Z INFO [418/1000] 45c0dda2-6e85-4c8e-85f3-e515154ddbc1: 45 arrays, 0.0 MB stored; 1.4 s; peak memory 232 MiB.
2026-10-09T17:16:30Z INFO [419/1000] 45c13e23-d1f4-4120-8318-f3d277cd9d63: 46 arrays, 0.1 MB stored; 1.4 s; peak memory 232 MiB.
2026-10-09T17:16:31Z INFO [420/1000] 45c1d2ed-5bf2-40cc-a4df-67d7314af27e: 38 arrays, 0.5 MB stored; 1.5 s; peak memory 232 MiB.
2026-10-09T17:16:31Z INFO [421/1000] 45c2fff0-5464-4592-acff-f50b2d9243dd: 46 arrays, 0.0 MB stored; 1.2 s; peak memory 232 MiB.
2026-10-09T17:16:32Z INFO [422/1000] 45c2cce8-492b-4b92-ae71-67b4ca6066ca: 45 arrays, 663.3 MB stored; 2.6 s; peak memory 232 MiB.
2026-10-09T17:16:33Z INFO [423/1000] 45c37706-5694-4b78-8a0e-290d49fe39c2: 38 arrays, 0.5 MB stored; 1.5 s; peak memory 232 MiB.
2026-10-09T17:16:33Z INFO [424/1000] 45c31864-7d48-4bea-872d-b7af32b60dca: 62 arrays, 2929.7 MB stored; 2.5 s; peak memory 232 MiB.
2026-10-09T17:16:34Z INFO [425/1000] 45c384f2-8d23-48c2-9344-17bbfe2828e3: 59 arrays, 236.5 MB stored; 2.0 s; peak memory 232 MiB.
2026-10-09T17:16:35Z INFO [426/1000] 45c40dc1-97ec-4a63-a991-e7a249ea1917: 52 arrays, 14.7 MB stored; 1.7 s; peak memory 232 MiB.
2026-10-09T17:16:35Z INFO [427/1000] 45be8b02-20c0-4d69-a79d-99b8f1c70e5f: 837 arrays, 32.6 MB stored; 10.9 s; peak memory 232 MiB.
2026-10-09T17:16:35Z INFO [428/1000] 45c454d5-0413-43be-bc8a-c1c6ab0b89fb: 48 arrays, 83.9 MB stored; 1.6 s; peak memory 232 MiB.
2026-10-09T17:16:36Z INFO [429/1000] 45c4722f-a5f6-4a5a-8e12-a15fa81443b4: 117 arrays, 0.3 MB stored; 1.9 s; peak memory 232 MiB.
2026-10-09T17:16:37Z INFO [430/1000] 45c53445-3e8d-4076-b015-c93d538a8d83: 48 arrays, 83.9 MB stored; 1.8 s; peak memory 232 MiB.
2026-10-09T17:16:37Z INFO [431/1000] 45b1bb25-ca1f-43a8-8cf8-60b28a691229: 52 arrays, 1730.7 MB stored; 44.1 s; peak memory 232 MiB.
2026-10-09T17:16:37Z INFO [432/1000] 45c5817a-4b95-4f34-a1d1-ab3b39391062: 37 arrays, 0.0 MB stored; 1.4 s; peak memory 232 MiB.
2026-10-09T17:16:38Z INFO [433/1000] 45c58f02-34dc-43d1-9b8a-269b20ca990e: 48 arrays, 83.9 MB stored; 1.6 s; peak memory 232 MiB.
2026-10-09T17:16:39Z INFO [434/1000] 45c5a17c-aeaf-4cd0-bd7c-f87e48593772: 48 arrays, 83.9 MB stored; 1.6 s; peak memory 232 MiB.
2026-10-09T17:16:39Z INFO [435/1000] 45c5cb6f-6dba-4992-aa77-64090cbc55a4: 48 arrays, 83.9 MB stored; 1.7 s; peak memory 232 MiB.
2026-10-09T17:16:40Z INFO [436/1000] 45c48141-c888-4285-9a14-78ca2601318f: 459 arrays, 5.2 MB stored; 5.3 s; peak memory 232 MiB.
2026-10-09T17:16:40Z INFO [437/1000] 45c5da83-964b-4f2d-8674-c07bb087236f: 118 arrays, 0.3 MB stored; 1.8 s; peak memory 232 MiB.
2026-10-09T17:16:42Z INFO [438/1000] 45c6c19f-e687-4e9a-a31a-299beedc038d: 48 arrays, 83.9 MB stored; 1.6 s; peak memory 232 MiB.
2026-10-09T17:16:42Z INFO [439/1000] 45c69e04-6473-41cb-adef-805806c01377: 117 arrays, 0.2 MB stored; 1.8 s; peak memory 232 MiB.
2026-10-09T17:16:43Z INFO [440/1000] 45c4e887-a8bf-4fd6-adb1-10e3e124c2f5: 196 arrays, 531.6 MB stored; 7.9 s; peak memory 232 MiB.
2026-10-09T17:16:44Z INFO [441/1000] 45c6d446-1bac-4b10-bad7-0363fae2ada7: 69 arrays, 0.0 MB stored; 1.9 s; peak memory 232 MiB.
2026-10-09T17:16:45Z INFO [442/1000] 45c74ce6-f1ef-454a-88cd-d64ae8f18cda: 71 arrays, 64.9 MB stored; 2.8 s; peak memory 232 MiB.
2026-10-09T17:16:45Z INFO [443/1000] 45c7a4b6-3116-4b6c-8342-af0b94ef3f58: 35 arrays, 0.0 MB stored; 1.4 s; peak memory 232 MiB.
2026-10-09T17:16:47Z INFO [444/1000] 45c848cb-3086-4ccf-b831-911481fddb23: 117 arrays, 0.4 MB stored; 1.9 s; peak memory 232 MiB.
2026-10-09T17:16:48Z INFO [445/1000] 45c7fc4a-c0ee-452c-baf4-488f741822e3: 38 arrays, 36.3 MB stored; 3.2 s; peak memory 232 MiB.
2026-10-09T17:16:48Z INFO [446/1000] 45c89120-fc26-4489-b068-8053147e5aa2: 92 arrays, 5.1 MB stored; 1.6 s; peak memory 232 MiB.
2026-10-09T17:16:50Z INFO [447/1000] 45c8e728-869c-4eff-8e0f-c9eea6d848c5: 84 arrays, 0.8 MB stored; 1.9 s; peak memory 232 MiB.
2026-10-09T17:16:50Z INFO [448/1000] 45c9a104-deb4-480b-8842-22d7c5fa79c2: 48 arrays, 83.9 MB stored; 1.7 s; peak memory 232 MiB.
2026-10-09T17:16:52Z INFO [449/1000] 45ca890d-917f-4fc2-8372-33df2277b7e7: 48 arrays, 83.9 MB stored; 1.7 s; peak memory 232 MiB.
2026-10-09T17:16:53Z INFO [450/1000] 45c9ef0e-d70f-47ac-9880-91d882fa1548: 114 arrays, 186.8 MB stored; 3.7 s; peak memory 232 MiB.
2026-10-09T17:16:54Z INFO [451/1000] 45b2ea1f-25a4-4260-98d6-48b6de8943c0: 3661 arrays, 346.3 MB stored; 57.6 s; peak memory 232 MiB.
2026-10-09T17:16:55Z INFO [452/1000] 45ca9146-1ea4-46f0-a42e-ae57e443df53: 115 arrays, 190.1 MB stored; 3.4 s; peak memory 232 MiB.
2026-10-09T17:16:56Z INFO [453/1000] 45c65802-beb4-4d70-94ec-ce61f52a4135: 543 arrays, 30.4 MB stored; 16.7 s; peak memory 232 MiB.
2026-10-09T17:16:57Z INFO [454/1000] 45ca93ff-aebe-4c35-a322-e09cbe9177aa: 38 arrays, 57.2 MB stored; 3.5 s; peak memory 232 MiB.
2026-10-09T17:16:58Z INFO [455/1000] 45c793a0-f7a1-4228-b76e-2a0397cd685b: 4135 arrays, 40.5 MB stored; 15.4 s; peak memory 232 MiB.
2026-10-09T17:16:58Z INFO [456/1000] 45cca95e-1bcd-44b6-a7ae-c582850820c5: 112 arrays, 0.6 MB stored; 2.5 s; peak memory 232 MiB.
2026-10-09T17:17:00Z INFO [457/1000] 45cdc598-c91e-47bf-8c23-fbd002126047: 116 arrays, 0.3 MB stored; 1.9 s; peak memory 232 MiB.
2026-10-09T17:17:00Z INFO [458/1000] 45cda9d3-92bb-4463-98a9-24c6e5fee888: 110 arrays, 0.8 MB stored; 2.3 s; peak memory 232 MiB.
2026-10-09T17:17:01Z INFO [459/1000] 45cd3f14-56c1-439e-9196-c6a88ba27706: 156 arrays, 193.5 MB stored; 4.3 s; peak memory 232 MiB.
2026-10-09T17:17:02Z INFO [460/1000] 45ce3a02-d537-4057-a51d-740b53b2829d: 117 arrays, 0.4 MB stored; 1.9 s; peak memory 232 MiB.
2026-10-09T17:17:03Z INFO [461/1000] 45cc1a2b-d095-4406-960b-5c26830e2545: 538 arrays, 7.9 MB stored; 7.4 s; peak memory 232 MiB.
2026-10-09T17:17:03Z INFO [462/1000] 45cebb70-7e50-4025-a940-cad6b1b88089: 48 arrays, 83.9 MB stored; 1.8 s; peak memory 232 MiB.
2026-10-09T17:17:04Z INFO [463/1000] 45cbdd2f-20ab-4de8-9618-7e290bfec156: 1002 arrays, 21.7 MB stored; 10.0 s; peak memory 232 MiB.
2026-10-09T17:17:04Z INFO [464/1000] 45cf3290-763d-4568-a49e-5e315fc5d2dc: 117 arrays, 0.3 MB stored; 1.8 s; peak memory 232 MiB.
2026-10-09T17:17:05Z INFO [465/1000] 45d0105f-6421-4368-93f9-dca645ca584c: 118 arrays, 0.5 MB stored; 2.0 s; peak memory 232 MiB.
2026-10-09T17:17:06Z INFO [466/1000] 45d1c64f-3c3a-4be1-a3fa-91bb76be6706: 41 arrays, 8.4 MB stored; 1.7 s; peak memory 232 MiB.
2026-10-09T17:17:06Z INFO [467/1000] 45d1ba1e-7a03-4d4c-aff6-26f063929c3a: 45 arrays, 673.6 MB stored; 2.1 s; peak memory 232 MiB.
2026-10-09T17:17:06Z INFO [468/1000] 45d233a6-47f2-44f8-ac5d-7dd523293335: 45 arrays, 7.3 MB stored; 1.8 s; peak memory 232 MiB.
2026-10-09T17:17:08Z INFO [469/1000] 45d33049-43fa-43f8-be45-4ded15c72aa0: 51 arrays, 4100.5 MB stored; 2.4 s; peak memory 232 MiB.
2026-10-09T17:17:09Z INFO [470/1000] 45d37b4e-ea39-46dc-b44b-0835beb3deed: 71 arrays, 82.1 MB stored; 2.7 s; peak memory 232 MiB.
2026-10-09T17:17:09Z INFO [471/1000] 45d37b10-9859-4768-91b2-5a7651a1a7d6: 131 arrays, 62853.6 MB stored; 3.3 s; peak memory 232 MiB.
2026-10-09T17:17:10Z INFO [472/1000] 45d38415-1726-45a6-99cf-884d6762860e: 117 arrays, 0.2 MB stored; 1.8 s; peak memory 232 MiB.
2026-10-09T17:17:11Z INFO [473/1000] 45d3b727-dfc3-4756-9477-0456bac82861: 54 arrays, 0.0 MB stored; 1.4 s; peak memory 232 MiB.
2026-10-09T17:17:11Z INFO [474/1000] 45d3a83a-2067-42ee-a32a-4d772c765f99: 48 arrays, 83.9 MB stored; 1.7 s; peak memory 232 MiB.
2026-10-09T17:17:11Z INFO [475/1000] 45c641db-9e9a-4ebb-ab3a-4cabf0dae0c8: 48 arrays, 36988.9 MB stored; 32.4 s; peak memory 232 MiB.
2026-10-09T17:17:11Z INFO [476/1000] 45d09b8a-c729-4cda-bafa-371b20738d61: 670 arrays, 25.6 MB stored; 8.1 s; peak memory 232 MiB.
2026-10-09T17:17:13Z INFO [477/1000] 45d3f8bf-05f3-4402-a0d2-cabf05044a61: 59 arrays, 115.7 MB stored; 2.5 s; peak memory 232 MiB.
2026-10-09T17:17:14Z INFO [478/1000] 45d4b0f5-2a58-4aeb-9d82-4e9bc1b4f627: 59 arrays, 115.4 MB stored; 2.5 s; peak memory 232 MiB.
2026-10-09T17:17:14Z INFO [479/1000] 45d3c992-4026-4587-89bc-7d7627394f42: 114 arrays, 186.9 MB stored; 3.9 s; peak memory 232 MiB.
2026-10-09T17:17:15Z INFO [480/1000] 45d53c34-859f-4f19-be4f-1de293899521: 76 arrays, 4.5 MB stored; 2.0 s; peak memory 232 MiB.
2026-10-09T17:17:15Z INFO [481/1000] 45d55695-576f-4ae1-ad06-150060ab75d9: 48 arrays, 83.9 MB stored; 1.6 s; peak memory 232 MiB.
2026-10-09T17:17:15Z INFO [482/1000] 45d59419-da8b-4209-b979-7546d9220047: 41 arrays, 8.4 MB stored; 1.6 s; peak memory 232 MiB.
2026-10-09T17:17:20Z INFO [483/1000] 45d5e536-64c1-4032-a144-4acf12d6a403: 184 arrays, 217.6 MB stored; 5.1 s; peak memory 232 MiB.
2026-10-09T17:17:20Z INFO [484/1000] 45d45972-e08b-4300-9b9d-12ec06077268: 330 arrays, 19.6 MB stored; 9.7 s; peak memory 232 MiB.
2026-10-09T17:17:22Z INFO [485/1000] 45d63c24-3b75-4340-9312-be5a65379616: 56 arrays, 0.0 MB stored; 1.4 s; peak memory 232 MiB.
2026-10-09T17:17:22Z INFO [486/1000] 45d65bf2-d9e2-4dd3-90fb-57053e16697c: 52 arrays, 625.9 MB stored; 1.9 s; peak memory 232 MiB.
2026-10-09T17:17:23Z INFO [487/1000] 45d5ee17-5bd0-45d2-8121-dad07eccdcb5: 520 arrays, 8.0 MB stored; 7.4 s; peak memory 232 MiB.
2026-10-09T17:17:23Z INFO [488/1000] 45d6964e-63a0-4b1c-af2a-b719aa2d7969: 46 arrays, 0.0 MB stored; 1.3 s; peak memory 232 MiB.
2026-10-09T17:17:24Z INFO [489/1000] 45d86027-784e-4965-ae07-46297d5bc39b: 118 arrays, 0.4 MB stored; 1.8 s; peak memory 232 MiB.
2026-10-09T17:17:24Z INFO [490/1000] 45d88b60-bee5-44ff-a8f7-a6c68cbca82c: 41 arrays, 8.4 MB stored; 1.6 s; peak memory 232 MiB.
2026-10-09T17:17:25Z INFO [491/1000] 45d5f13a-d26f-4686-a695-d593c4b9e48f: 1127 arrays, 10.7 MB stored; 9.4 s; peak memory 232 MiB.
2026-10-09T17:17:27Z INFO [492/1000] 45d89076-5cad-48eb-870c-f1919eb37e1a: 115 arrays, 190.1 MB stored; 3.7 s; peak memory 232 MiB.
2026-10-09T17:17:27Z INFO [493/1000] 45da0b82-b445-4255-b832-059928b42852: 117 arrays, 0.3 MB stored; 1.9 s; peak memory 232 MiB.
2026-10-09T17:17:27Z INFO [494/1000] 45d8b0e5-26be-48b6-89dc-9302798d24c1: 112 arrays, 1.3 MB stored; 2.5 s; peak memory 232 MiB.
2026-10-09T17:17:28Z INFO [495/1000] 45da5f3c-cdf3-4c18-a9c3-d1d6ab949ee3: 37 arrays, 3.5 MB stored; 1.7 s; peak memory 232 MiB.
2026-10-09T17:17:28Z INFO [496/1000] 45da8ebf-9954-4c43-bb1c-24108aa87b10: 47 arrays, 0.7 MB stored; 1.7 s; peak memory 232 MiB.
2026-10-09T17:17:29Z INFO [497/1000] 45da821d-623b-4995-b214-ab9bcb042d89: 48 arrays, 83.9 MB stored; 2.0 s; peak memory 232 MiB.
2026-10-09T17:17:30Z INFO [498/1000] 45db315e-587d-4dde-91f6-4464a7f50c36: 43 arrays, 1462.1 MB stored; 2.1 s; peak memory 232 MiB.
2026-10-09T17:17:30Z INFO [499/1000] 45db304a-0257-4797-9424-b0711561a174: 69 arrays, 1.9 MB stored; 2.2 s; peak memory 232 MiB.
2026-10-09T17:17:31Z INFO [500/1000] 45dcb2c5-50aa-48eb-96a7-660a4b6b1e3f: 112 arrays, 0.5 MB stored; 2.1 s; peak memory 232 MiB.
2026-10-09T17:17:32Z INFO [501/1000] 45dcef17-56b1-48f0-b7d9-01f012e0b8bf: 48 arrays, 83.9 MB stored; 1.9 s; peak memory 232 MiB.
2026-10-09T17:17:33Z INFO [502/1000] 45dd69cb-cfe2-4ce9-92f4-54351265729a: 118 arrays, 0.2 MB stored; 2.0 s; peak memory 232 MiB.
2026-10-09T17:17:34Z INFO [503/1000] 45dd545f-9aad-4d10-abc9-c5e84d435d82: 38 arrays, 29.7 MB stored; 3.4 s; peak memory 232 MiB.
2026-10-09T17:17:36Z INFO [504/1000] 45de2d95-983e-482c-9dbe-a8ea9864832b: 48 arrays, 83.9 MB stored; 1.8 s; peak memory 232 MiB.
2026-10-09T17:17:36Z INFO [505/1000] 45de2c83-6d7b-4403-8659-95508d20ae3e: 71 arrays, 130.3 MB stored; 3.3 s; peak memory 232 MiB.
2026-10-09T17:17:37Z INFO [506/1000] 45de6b60-0891-4f3f-beab-8f2ed55726a5: 36 arrays, 5.2 MB stored; 1.5 s; peak memory 232 MiB.
2026-10-09T17:17:37Z INFO [507/1000] 45ded475-75c5-435b-aeee-1ac3afa971e0: 57 arrays, 0.0 MB stored; 1.3 s; peak memory 232 MiB.
2026-10-09T17:17:38Z INFO [508/1000] 45cdea05-5e13-49e2-b465-f6294a06093f: 36 arrays, 1048.0 MB stored; 38.2 s; peak memory 232 MiB.
2026-10-09T17:17:39Z INFO [509/1000] 45df6d8e-2f00-48bb-bf09-6dcd9adcdd9d: 48 arrays, 83.9 MB stored; 1.7 s; peak memory 232 MiB.
2026-10-09T17:17:39Z INFO [510/1000] 45def5b4-42da-4f23-89a5-bb6436a0d2df: 117 arrays, 0.4 MB stored; 1.9 s; peak memory 232 MiB.
2026-10-09T17:17:40Z INFO [511/1000] 45e0559c-7f54-4f1f-a36d-a78634bd50ce: 38 arrays, 0.5 MB stored; 1.4 s; peak memory 232 MiB.
2026-10-09T17:17:41Z INFO [512/1000] 45e0f563-4e45-4a68-a2a2-2d8bee0c4378: 117 arrays, 0.2 MB stored; 2.0 s; peak memory 232 MiB.
2026-10-09T17:17:42Z INFO [513/1000] 45e1a677-17aa-4fef-b98f-b80fa62061df: 117 arrays, 0.4 MB stored; 1.9 s; peak memory 232 MiB.
2026-10-09T17:17:43Z INFO [514/1000] 45e24015-8c10-465c-ae74-96c41b8deaca: 117 arrays, 0.7 MB stored; 2.1 s; peak memory 232 MiB.
2026-10-09T17:17:44Z INFO [515/1000] 45d4aa67-f75f-40ec-8e1b-5e0b6456001f: 48 arrays, 39674.8 MB stored; 32.8 s; peak memory 232 MiB.
2026-10-09T17:17:45Z INFO [516/1000] 45e2a062-e55e-46f7-b12e-8b9b55dbc46b: 66 arrays, 99.8 MB stored; 2.5 s; peak memory 232 MiB.
2026-10-09T17:17:46Z INFO [517/1000] 45e2d1c1-15f0-4b9f-a23d-67cf2c8bace3: 112 arrays, 0.9 MB stored; 2.1 s; peak memory 232 MiB.
2026-10-09T17:17:49Z INFO [518/1000] 45e434b0-c4ad-4564-89a4-ae7503fe63b4: 111 arrays, 3.5 MB stored; 3.1 s; peak memory 232 MiB.
2026-10-09T17:17:51Z INFO [519/1000] 45e4ef71-9c74-4748-aa78-4d0a241d9162: 50 arrays, 1.1 MB stored; 1.8 s; peak memory 232 MiB.
2026-10-09T17:17:52Z INFO [520/1000] 45e5513d-c688-47b0-9065-f6a88a0fb6cb: 52 arrays, 14.0 MB stored; 1.7 s; peak memory 232 MiB.
2026-10-09T17:17:53Z INFO [521/1000] 45e2f95e-e2af-4d3e-b553-f4fe35bef36d: 538 arrays, 8.5 MB stored; 8.1 s; peak memory 232 MiB.
2026-10-09T17:17:55Z INFO [522/1000] 45ddc51d-5298-4217-ae69-a4dc22689dff: 363 arrays, 1543.0 MB stored; 22.4 s; peak memory 232 MiB.
2026-10-09T17:17:55Z INFO [523/1000] 45e5f0fa-08cd-44c9-9c0d-1099fb76ad2b: 71 arrays, 39.3 MB stored; 2.6 s; peak memory 232 MiB.
2026-10-09T17:17:57Z INFO [524/1000] 45e6bcf7-f22b-49e7-bf14-6373a05161f6: 43 arrays, 1414.6 MB stored; 1.9 s; peak memory 232 MiB.
2026-10-09T17:17:57Z INFO [525/1000] 45e62375-6fbb-4b7d-b5b0-3ac3b0ef375c: 77 arrays, 620.3 MB stored; 2.7 s; peak memory 232 MiB.
2026-10-09T17:17:58Z INFO [526/1000] 45e6f498-b203-475e-aec9-e1f4f82659f9: 48 arrays, 83.9 MB stored; 1.5 s; peak memory 232 MiB.
2026-10-09T17:17:58Z INFO [527/1000] 45dfe85e-8e3c-4de8-9273-bdea2205d626: 41 arrays, 454.3 MB stored; 20.2 s; peak memory 232 MiB.
2026-10-09T17:17:59Z INFO [528/1000] 45e6f9ca-8340-480a-b989-7f92dde4d6b3: 48 arrays, 83.9 MB stored; 1.6 s; peak memory 232 MiB.
2026-10-09T17:18:00Z INFO [529/1000] 45e86b7f-9adc-4280-ba86-a63a728bdb9e: 48 arrays, 83.9 MB stored; 1.6 s; peak memory 232 MiB.
2026-10-09T17:18:00Z INFO [530/1000] 45e8b1c1-5eb0-4afc-8630-d496762e8c9a: 48 arrays, 83.9 MB stored; 1.9 s; peak memory 232 MiB.
2026-10-09T17:18:01Z INFO [531/1000] 45e8b5f7-8ffc-4e3c-87e7-a3f6b66c8bd2: 112 arrays, 0.3 MB stored; 1.9 s; peak memory 232 MiB.
2026-10-09T17:18:02Z INFO [532/1000] 45e8e916-5b48-46d6-b655-aeca8fdcfd2c: 52 arrays, 14.6 MB stored; 1.7 s; peak memory 232 MiB.
2026-10-09T17:18:03Z INFO [533/1000] 45e9cf26-6b77-4cc8-9ed4-36a84d320099: 48 arrays, 83.9 MB stored; 1.6 s; peak memory 232 MiB.
2026-10-09T17:18:03Z INFO [534/1000] 45e95b54-a4da-4bd1-9057-42cb7ee89220: 62 arrays, 4488.7 MB stored; 2.2 s; peak memory 232 MiB.
2026-10-09T17:18:03Z INFO [535/1000] 45ea3741-6273-4c67-a2c8-72d4b05007c7: 110 arrays, 0.2 MB stored; 1.8 s; peak memory 232 MiB.
2026-10-09T17:18:05Z INFO [536/1000] 45ea6bbb-3cc4-4146-ab8e-9379e17bd8d3: 118 arrays, 0.4 MB stored; 2.1 s; peak memory 232 MiB.
2026-10-09T17:18:05Z INFO [537/1000] 45ea95be-ada5-446c-9090-7360e1da9d89: 52 arrays, 15.4 MB stored; 1.7 s; peak memory 232 MiB.
2026-10-09T17:18:05Z INFO [538/1000] 45ea52f7-3acd-48a7-9bfb-478c2c9509ba: 71 arrays, 154.5 MB stored; 2.8 s; peak memory 232 MiB.
2026-10-09T17:18:07Z INFO [539/1000] 45ebb645-2dbf-452e-9eb4-2be4256e88ca: 54 arrays, 0.0 MB stored; 1.3 s; peak memory 232 MiB.
2026-10-09T17:18:07Z INFO [540/1000] 45eb1efb-c769-4b8b-b3c5-0a6ad9b4ce38: 57 arrays, 1067.5 MB stored; 2.6 s; peak memory 232 MiB.
2026-10-09T17:18:09Z INFO [541/1000] 45ec03c8-2bb8-40f0-9926-165683bb2244: 116 arrays, 0.4 MB stored; 1.9 s; peak memory 232 MiB.
2026-10-09T17:18:09Z INFO [542/1000] 45ed5d95-db0a-4d93-89c1-a57a27c1fc30: 49 arrays, 20.3 MB stored; 2.0 s; peak memory 232 MiB.
2026-10-09T17:18:10Z INFO [543/1000] 45ee5aba-c1c9-43fc-95ad-d6dc654da0a8: 77 arrays, 0.0 MB stored; 1.8 s; peak memory 232 MiB.
2026-10-09T17:18:11Z INFO [544/1000] 45eefa75-9c85-402d-8fb5-2442ab178848: 117 arrays, 0.3 MB stored; 1.8 s; peak memory 232 MiB.
2026-10-09T17:18:13Z INFO [545/1000] 45ef13d5-074d-43c3-8715-cc2e88d7b814: 70 arrays, 25.2 MB stored; 2.3 s; peak memory 232 MiB.
2026-10-09T17:18:13Z INFO [546/1000] 45eb7615-ebaa-4459-bd2a-ef61b26f6626: 200 arrays, 321.5 MB stored; 7.9 s; peak memory 232 MiB.
2026-10-09T17:18:13Z INFO [547/1000] 45ef8b85-cedb-48a6-bfe3-6e6dd22927d5: 112 arrays, 0.4 MB stored; 2.0 s; peak memory 232 MiB.
2026-10-09T17:18:14Z INFO [548/1000] 45f2500b-3a49-40e2-a42b-060dceffa4f6: 51 arrays, 3.5 MB stored; 1.5 s; peak memory 232 MiB.
2026-10-09T17:18:14Z INFO [549/1000] 45f306fb-d10b-4c3a-b5ca-3825822b7755: 45 arrays, 0.0 MB stored; 1.4 s; peak memory 232 MiB.
2026-10-09T17:18:15Z INFO [550/1000] 45f2ee13-7111-4199-9703-772211aa1ccd: 117 arrays, 0.4 MB stored; 1.9 s; peak memory 232 MiB.
2026-10-09T17:18:16Z INFO [551/1000] 45f3f2aa-1904-4374-9bc7-eab53ebbaa09: 48 arrays, 83.9 MB stored; 1.7 s; peak memory 232 MiB.
2026-10-09T17:18:16Z INFO [552/1000] 45f3cd4b-9872-49a0-801b-b382473e9ee6: 117 arrays, 0.5 MB stored; 2.0 s; peak memory 232 MiB.
2026-10-09T17:18:17Z INFO [553/1000] 45f41ab2-c323-4c76-91e5-59cbfab90465: 48 arrays, 83.9 MB stored; 1.7 s; peak memory 232 MiB.
2026-10-09T17:18:20Z INFO [554/1000] 45f44a47-3a4e-4c4a-a7e9-a463e5ea9b9a: 85 arrays, 740.6 MB stored; 4.2 s; peak memory 232 MiB.
2026-10-09T17:18:21Z INFO [555/1000] 45ac9314-e75e-4e0a-a3ce-dcdb10c9bff6: 269 arrays, 20756.0 MB stored; 165.7 s; peak memory 232 MiB.
2026-10-09T17:18:22Z INFO [556/1000] 45f52314-aaeb-4bfa-bba2-c61cb12c0b47: 118 arrays, 0.3 MB stored; 1.8 s; peak memory 232 MiB.
2026-10-09T17:18:23Z INFO [557/1000] 45f58784-260f-47d9-81a3-51d9ad24062a: 48 arrays, 83.9 MB stored; 1.7 s; peak memory 232 MiB.
2026-10-09T17:18:24Z INFO [558/1000] 45f602d1-1a73-439b-b8c3-2363af97f760: 48 arrays, 83.9 MB stored; 1.7 s; peak memory 232 MiB.
2026-10-09T17:18:26Z INFO [559/1000] 45f6d160-8e53-469b-af4e-eab2fd1c0689: 112 arrays, 0.8 MB stored; 2.2 s; peak memory 232 MiB.
2026-10-09T17:18:29Z INFO [560/1000] 45f77b4a-c292-4f7e-8fbb-1661b2dc0afc: 71 arrays, 7.8 MB stored; 2.4 s; peak memory 232 MiB.
2026-10-09T17:18:30Z INFO [561/1000] 45f4327f-7697-47a0-8966-dc000696b408: 982 arrays, 41.3 MB stored; 13.5 s; peak memory 232 MiB.
2026-10-09T17:18:31Z INFO [562/1000] 45f50dde-e1c6-4983-827d-dcb696d4300c: 970 arrays, 42.8 MB stored; 14.4 s; peak memory 232 MiB.
2026-10-09T17:18:32Z INFO [563/1000] 45f7f806-7b53-4223-9caa-e7165c3c600f: 110 arrays, 1.2 MB stored; 2.5 s; peak memory 232 MiB.
2026-10-09T17:18:34Z INFO [564/1000] 45f83566-ab9a-4f67-8d59-036a3415345d: 48 arrays, 83.9 MB stored; 1.8 s; peak memory 232 MiB.
2026-10-09T17:18:36Z INFO [565/1000] 45f83a7f-d831-4ac1-b348-c713e7546a7b: 84 arrays, 0.7 MB stored; 1.8 s; peak memory 232 MiB.
2026-10-09T17:18:37Z INFO [566/1000] 45f8121e-c684-47bd-9fa6-47e99ee9e621: 200 arrays, 188.4 MB stored; 6.3 s; peak memory 232 MiB.
2026-10-09T17:18:38Z INFO [567/1000] 45f7cdd5-73a7-4d15-9dd7-c1f855ef166e: 562 arrays, 30.2 MB stored; 9.4 s; peak memory 232 MiB.
2026-10-09T17:18:39Z INFO [568/1000] 45f92796-6952-4ae1-a74b-cdd794ffb528: 48 arrays, 83.9 MB stored; 1.6 s; peak memory 232 MiB.
2026-10-09T17:18:41Z INFO [569/1000] 45fa2d3a-f424-4395-a421-7a95cee41bc5: 48 arrays, 83.9 MB stored; 1.6 s; peak memory 232 MiB.
2026-10-09T17:18:45Z INFO [570/1000] 45f93904-0033-4448-b729-09651a6de2d8: 200 arrays, 191.3 MB stored; 6.7 s; peak memory 232 MiB.
2026-10-09T17:18:47Z INFO [571/1000] 45fa7c98-1d07-450a-856d-e550d6df23bd: 57 arrays, 830.0 MB stored; 2.7 s; peak memory 232 MiB.
2026-10-09T17:18:50Z INFO [572/1000] 45fa7cb0-d477-466c-9590-68ef69a69ceb: 71 arrays, 60.0 MB stored; 2.4 s; peak memory 232 MiB.
2026-10-09T17:18:51Z INFO [573/1000] 45fa4c75-deb8-4b9c-810a-4a81c06488f3: 1540 arrays, 22.5 MB stored; 10.0 s; peak memory 232 MiB.
2026-10-09T17:18:52Z INFO [574/1000] 45fac6f2-d489-4dd7-a0ba-a2485f3de300: 117 arrays, 0.4 MB stored; 1.9 s; peak memory 232 MiB.
2026-10-09T17:18:52Z INFO [575/1000] 45fad482-6438-4679-a430-d1de8eb0994f: 116 arrays, 9.7 MB stored; 1.9 s; peak memory 232 MiB.
2026-10-09T17:18:59Z INFO [576/1000] 45fae588-22be-44df-8fc8-eca8ca281949: 439 arrays, 7.0 MB stored; 6.8 s; peak memory 232 MiB.
2026-10-09T17:19:01Z INFO [577/1000] 45fb9355-c88f-4bb8-b387-bf7913e40ead: 52 arrays, 14.0 MB stored; 1.7 s; peak memory 232 MiB.
2026-10-09T17:19:04Z INFO [578/1000] 45fae52b-e64f-460d-9bbf-44a05d16363e: 811 arrays, 20.6 MB stored; 12.7 s; peak memory 232 MiB.
2026-10-09T17:19:05Z INFO [579/1000] 45fba9b9-b699-4d23-b0f0-6922e0fecedd: 114 arrays, 186.8 MB stored; 3.6 s; peak memory 232 MiB.
2026-10-09T17:19:06Z INFO [580/1000] 45fc6247-4490-46d9-887d-ee112e23850d: 48 arrays, 83.9 MB stored; 1.6 s; peak memory 232 MiB.
2026-10-09T17:19:07Z INFO [581/1000] 45fcda97-a698-494c-aead-5f7c05f59b2f: 68 arrays, 0.2 MB stored; 1.9 s; peak memory 232 MiB.
2026-10-09T17:19:09Z INFO [582/1000] 45fd597b-0f2a-4550-920c-d8932a6555f5: 112 arrays, 0.6 MB stored; 2.1 s; peak memory 232 MiB.
2026-10-09T17:19:15Z INFO [583/1000] 45fd5e60-2086-4b99-b07a-8a33e2e366c7: 473 arrays, 6.6 MB stored; 6.6 s; peak memory 232 MiB.
2026-10-09T17:19:23Z INFO [584/1000] 45fd7356-6c67-4e25-8c17-7fdf671b7860: 200 arrays, 319.7 MB stored; 8.0 s; peak memory 232 MiB.
2026-10-09T17:19:27Z INFO [585/1000] 45e2c6f0-4669-4907-89ee-834e7bba1d69: 9598 arrays, 148.3 MB stored; 103.6 s; peak memory 232 MiB.
2026-10-09T17:19:27Z INFO [586/1000] 45fe1092-0387-4a0b-bf97-1a45e92845e5: 156 arrays, 193.5 MB stored; 4.0 s; peak memory 232 MiB.
2026-10-09T17:19:28Z INFO [587/1000] 45fcf05c-60e2-4322-a674-6f61c1e3121f: 428 arrays, 1614.1 MB stored; 21.7 s; peak memory 232 MiB.
2026-10-09T17:19:28Z INFO [588/1000] 45fe596b-b0e0-4a9b-80d6-3f048c5262a5: 48 arrays, 83.9 MB stored; 1.6 s; peak memory 232 MiB.
2026-10-09T17:19:29Z INFO [589/1000] 46007f1d-ea2f-495a-adc4-adba8251f6bb: 38 arrays, 0.5 MB stored; 1.4 s; peak memory 232 MiB.
2026-10-09T17:19:29Z INFO [590/1000] 4600da93-ff6a-434a-8962-678ecde5df81: 48 arrays, 83.9 MB stored; 1.5 s; peak memory 232 MiB.
2026-10-09T17:19:31Z INFO [591/1000] 4601d8a3-ff49-4ec0-850a-8e0a873ee2e1: 48 arrays, 83.9 MB stored; 1.6 s; peak memory 232 MiB.
2026-10-09T17:19:32Z INFO [592/1000] 460122dc-5a19-479d-b8fb-678bdbbdeda9: 115 arrays, 190.1 MB stored; 3.3 s; peak memory 232 MiB.
2026-10-09T17:19:32Z INFO [593/1000] 4600ff42-0718-4f4a-a625-5e0a1512a361: 161 arrays, 10.4 MB stored; 3.7 s; peak memory 232 MiB.
2026-10-09T17:19:33Z INFO [594/1000] 460287f3-3312-43ad-8a01-667cdf6c27ed: 59 arrays, 122.7 MB stored; 2.1 s; peak memory 232 MiB.
2026-10-09T17:19:33Z INFO [595/1000] 4602b9a1-f9a1-4f0c-8ee1-b741db21f68d: 56 arrays, 0.0 MB stored; 1.3 s; peak memory 232 MiB.
2026-10-09T17:19:34Z INFO [596/1000] 4602abe3-2537-4c9d-a911-5cb30fd9bffe: 118 arrays, 0.4 MB stored; 1.9 s; peak memory 232 MiB.
2026-10-09T17:19:35Z INFO [597/1000] 4602f692-cf19-4c08-a4e7-6000af6a21f1: 52 arrays, 20.2 MB stored; 1.9 s; peak memory 232 MiB.
2026-10-09T17:19:35Z INFO [598/1000] 45d9b2c3-67fc-460d-8b45-d278b137ec7c: 17594 arrays, 1849.7 MB stored; 131.1 s; peak memory 250 MiB.
2026-10-09T17:19:35Z INFO [599/1000] 4603265c-0fcc-424d-91d9-e79307800444: 79 arrays, 5.8 MB stored; 2.0 s; peak memory 250 MiB.
2026-10-09T17:19:36Z INFO [600/1000] 4603e027-2248-4daf-a796-5fe9fafc2e13: 77 arrays, 0.6 MB stored; 2.0 s; peak memory 250 MiB.
2026-10-09T17:19:37Z INFO [600/1000] 4603e027-2248-4daf-a796-5fe9fafc2e13: checkpointed 600 new records.
2026-10-09T17:19:37Z INFO [601/1000] 46040c9c-907d-494b-b877-3aa48293efa0: 69 arrays, 96.6 MB stored; 2.4 s; peak memory 351 MiB.
2026-10-09T17:19:37Z INFO [602/1000] 46047179-7600-4bb4-951b-000e34692d2e: 118 arrays, 0.3 MB stored; 1.9 s; peak memory 351 MiB.
2026-10-09T17:19:38Z INFO [603/1000] 46050525-9135-476a-a2fe-d83bb955c0e2: 117 arrays, 0.3 MB stored; 1.9 s; peak memory 351 MiB.
2026-10-09T17:19:38Z INFO [604/1000] 46049c72-b90b-4b2a-8903-e28ccac92c14: 69 arrays, 69.0 MB stored; 2.4 s; peak memory 351 MiB.
2026-10-09T17:19:39Z INFO [605/1000] 46058e49-7eab-4610-8177-8623e1ece889: 116 arrays, 0.4 MB stored; 2.1 s; peak memory 351 MiB.
2026-10-09T17:19:40Z INFO [606/1000] 4605eee1-3d3d-44d4-b56a-77651186b4dd: 118 arrays, 0.4 MB stored; 1.8 s; peak memory 351 MiB.
2026-10-09T17:19:40Z INFO [607/1000] 4605b7b6-f4e4-409c-ba3f-24a54ebd3fd6: 117 arrays, 0.5 MB stored; 2.0 s; peak memory 351 MiB.
2026-10-09T17:19:41Z INFO [608/1000] 46066e5b-f1c3-499b-bc53-9d756595928c: 52 arrays, 10.8 MB stored; 1.7 s; peak memory 351 MiB.
2026-10-09T17:19:43Z INFO [609/1000] 46084c08-fb02-4337-b2f9-716bb8708cca: 117 arrays, 0.3 MB stored; 1.9 s; peak memory 351 MiB.
2026-10-09T17:19:43Z INFO [610/1000] 4607da25-0918-476f-9356-7e88c532f893: 90 arrays, 133.5 MB stored; 3.5 s; peak memory 351 MiB.
2026-10-09T17:19:46Z INFO [611/1000] 46091e79-3e0e-4081-b8d1-32f0d211ca86: 119 arrays, 66.4 MB stored; 2.7 s; peak memory 351 MiB.
2026-10-09T17:19:47Z INFO [612/1000] 4609b366-86e5-4c52-8f2d-4c2a88ad286e: 117 arrays, 0.4 MB stored; 1.7 s; peak memory 351 MiB.
2026-10-09T17:19:48Z INFO [613/1000] 460809c3-dfa3-4c36-bca9-9fb658d9d3b2: 257 arrays, 111.1 MB stored; 8.2 s; peak memory 351 MiB.
2026-10-09T17:19:54Z INFO [614/1000] 460a5da6-44cf-41ae-84d8-b83d3157a23c: 44 arrays, 1971.4 MB stored; 5.6 s; peak memory 351 MiB.
2026-10-09T17:19:55Z INFO [615/1000] 460957b7-5fbb-4313-a43b-9d4388a8111b: 108 arrays, 84.1 MB stored; 12.2 s; peak memory 351 MiB.
2026-10-09T17:19:56Z INFO [616/1000] 460a7734-e427-4b6b-b445-8508ec3a76b8: 109 arrays, 0.6 MB stored; 2.2 s; peak memory 351 MiB.
2026-10-09T17:19:57Z INFO [617/1000] 460b155c-f6ef-412c-8455-13272c4415d9: 48 arrays, 83.9 MB stored; 1.6 s; peak memory 351 MiB.
2026-10-09T17:19:58Z INFO [618/1000] 460b3fe0-2283-4e9c-af7f-99c0a07ef400: 62 arrays, 4485.3 MB stored; 2.2 s; peak memory 351 MiB.
2026-10-09T17:19:59Z INFO [619/1000] 460bdc5f-2424-459b-8326-14fa1997bf44: 50 arrays, 0.0 MB stored; 1.5 s; peak memory 351 MiB.
2026-10-09T17:20:02Z INFO [620/1000] 460be9fb-c49e-4356-905f-1935e275a073: 110 arrays, 0.8 MB stored; 2.4 s; peak memory 351 MiB.
2026-10-09T17:20:03Z INFO [621/1000] 460a0553-1da5-44c1-bfb7-903b9594773d: 224 arrays, 2647.6 MB stored; 16.0 s; peak memory 351 MiB.
2026-10-09T17:20:04Z INFO [622/1000] 460bedf0-b2f8-4695-94c4-ece07af519bd: 266 arrays, 1.7 MB stored; 2.6 s; peak memory 351 MiB.
2026-10-09T17:20:06Z INFO [623/1000] 460ca138-bde5-40e9-bdcb-13f9cf44cd70: 118 arrays, 0.4 MB stored; 2.2 s; peak memory 351 MiB.
2026-10-09T17:20:06Z INFO [624/1000] 460ca295-05a5-45d1-9d06-8c073c23cfc1: 112 arrays, 0.6 MB stored; 2.1 s; peak memory 351 MiB.
2026-10-09T17:20:08Z INFO [625/1000] 460d2d9e-f0fd-4ac6-9f68-b38567ccbe84: 170 arrays, 0.7 MB stored; 1.9 s; peak memory 351 MiB.
2026-10-09T17:20:10Z INFO [626/1000] 460e30ee-6b75-4863-a908-f8f5aa5a823f: 118 arrays, 67.2 MB stored; 3.5 s; peak memory 351 MiB.
2026-10-09T17:20:10Z INFO [627/1000] 460e801b-9e6e-4dc1-b6be-93a46ce7f795: 155 arrays, 1.2 MB stored; 2.7 s; peak memory 351 MiB.
2026-10-09T17:20:11Z INFO [628/1000] 460bbe41-4177-415c-acfa-f658706457dc: 1005 arrays, 40.9 MB stored; 14.1 s; peak memory 351 MiB.
2026-10-09T17:20:12Z INFO [629/1000] 460e8833-4b24-43ee-b64c-79fe84d0391a: 48 arrays, 83.9 MB stored; 1.6 s; peak memory 351 MiB.
2026-10-09T17:20:12Z INFO [630/1000] 460eb320-a4d7-4eaf-893f-e66a64469586: 50 arrays, 3.1 MB stored; 1.4 s; peak memory 351 MiB.
2026-10-09T17:20:12Z INFO [631/1000] 460573cd-b6c8-49b1-a4cf-135003c3a5c3: 48 arrays, 38216.9 MB stored; 34.8 s; peak memory 351 MiB.
2026-10-09T17:20:13Z INFO [632/1000] 46118300-e433-4432-990f-02b9ee38984a: 52 arrays, 10.9 MB stored; 1.9 s; peak memory 351 MiB.
2026-10-09T17:20:14Z INFO [633/1000] 4611e314-a833-47b0-81fb-8bcf0323db4d: 112 arrays, 0.7 MB stored; 2.3 s; peak memory 351 MiB.
2026-10-09T17:20:15Z INFO [634/1000] 460fa42b-22ab-4eaf-993e-38dc020c4985: 116 arrays, 187.1 MB stored; 3.5 s; peak memory 351 MiB.
2026-10-09T17:20:16Z INFO [635/1000] 4612fd41-17a0-40f1-8049-1cafddea0cbf: 66 arrays, 52.7 MB stored; 2.1 s; peak memory 351 MiB.
2026-10-09T17:20:17Z INFO [636/1000] 461364ab-f2ab-4919-b8ee-e26f26e9b0e7: 66 arrays, 23.2 MB stored; 2.0 s; peak memory 351 MiB.
2026-10-09T17:20:18Z INFO [637/1000] 4613d288-aaf8-4f90-accf-c74fe03cb405: 48 arrays, 83.9 MB stored; 1.6 s; peak memory 351 MiB.
2026-10-09T17:20:18Z INFO [638/1000] 46142ef7-0be1-4590-a767-0261db535ca5: 110 arrays, 0.1 MB stored; 1.6 s; peak memory 351 MiB.
2026-10-09T17:20:20Z INFO [639/1000] 4614f5d5-f95d-4947-8357-daa74cfdbd70: 112 arrays, 0.6 MB stored; 2.1 s; peak memory 351 MiB.
2026-10-09T17:20:26Z INFO [640/1000] 46127332-0cdd-433f-91c1-a248776f2663: 108 arrays, 81.0 MB stored; 12.1 s; peak memory 351 MiB.
2026-10-09T17:20:28Z INFO [641/1000] 461636f8-a695-4528-ab1a-8ac2fe6dc29d: 117 arrays, 0.4 MB stored; 2.1 s; peak memory 351 MiB.
2026-10-09T17:20:30Z INFO [642/1000] 461637df-d633-4089-b642-0300cc7e0235: 52 arrays, 11.8 MB stored; 1.9 s; peak memory 351 MiB.
2026-10-09T17:20:31Z INFO [643/1000] 46163b74-f7c9-410b-9583-aab4b5e49b05: 48 arrays, 83.9 MB stored; 1.5 s; peak memory 351 MiB.
2026-10-09T17:20:33Z INFO [644/1000] 4616aa87-714d-407b-b06f-7e3d597cabb6: 48 arrays, 83.9 MB stored; 1.6 s; peak memory 351 MiB.
2026-10-09T17:20:34Z INFO [645/1000] 4610e995-7a0c-4af9-a928-26899f01f927: 6295 arrays, 46.9 MB stored; 22.4 s; peak memory 351 MiB.
2026-10-09T17:20:35Z INFO [646/1000] 4616efb1-c859-4a4c-b878-b0e61dee4954: 112 arrays, 0.6 MB stored; 2.1 s; peak memory 351 MiB.
2026-10-09T17:20:35Z INFO [647/1000] 46143dfc-a830-42f3-89c7-06e063f41080: 5398 arrays, 53.0 MB stored; 17.2 s; peak memory 351 MiB.
2026-10-09T17:20:37Z INFO [648/1000] 46182edb-4d95-4511-9420-0e976776ca2e: 119 arrays, 66.4 MB stored; 3.2 s; peak memory 351 MiB.
2026-10-09T17:20:37Z INFO [649/1000] 4619c159-e123-4041-b4f4-4f1489b62b68: 112 arrays, 0.4 MB stored; 1.9 s; peak memory 351 MiB.
2026-10-09T17:20:38Z INFO [650/1000] 461905be-76ef-4a2b-9574-833d629fb203: 119 arrays, 66.3 MB stored; 3.0 s; peak memory 351 MiB.
2026-10-09T17:20:39Z INFO [651/1000] 4619c20b-e64a-4d93-b3e0-e7bd76bd5e24: 77 arrays, 0.3 MB stored; 1.6 s; peak memory 351 MiB.
2026-10-09T17:20:39Z INFO [652/1000] 4619d01d-ece7-4bbb-bcc5-04265a8ada9b: 48 arrays, 83.9 MB stored; 1.7 s; peak memory 351 MiB.
2026-10-09T17:20:40Z INFO [653/1000] 461a37c4-a9a4-42ad-b888-d2c97d8d7d74: 56 arrays, 0.0 MB stored; 1.4 s; peak memory 351 MiB.
2026-10-09T17:20:49Z INFO [654/1000] 461a61e2-9ffc-4c67-9b1f-84be2e468b78: 678 arrays, 19.5 MB stored; 8.8 s; peak memory 351 MiB.
2026-10-09T17:20:52Z INFO [655/1000] 461a11d6-77a9-416e-9d36-334da3e458a7: 371 arrays, 518.3 MB stored; 14.6 s; peak memory 351 MiB.
2026-10-09T17:20:53Z INFO [656/1000] 461adc06-c97f-4b61-a02f-9136f9b2159e: 115 arrays, 190.0 MB stored; 3.5 s; peak memory 351 MiB.
2026-10-09T17:20:54Z INFO [657/1000] 461b56ce-7638-4c08-9661-2722c9712dce: 48 arrays, 83.9 MB stored; 1.6 s; peak memory 351 MiB.
2026-10-09T17:20:56Z INFO [658/1000] 461ce1c9-d56d-4bbc-b286-187b5f36a0b5: 132 arrays, 1.3 MB stored; 1.8 s; peak memory 351 MiB.
2026-10-09T17:20:59Z INFO [659/1000] 461c4cd1-bc7c-44de-ae16-77153bcff4cb: 464 arrays, 5.2 MB stored; 6.1 s; peak memory 351 MiB.
2026-10-09T17:21:01Z INFO [660/1000] 461dd48e-7c21-443c-aac2-42bc46d1bbc8: 93 arrays, 0.4 MB stored; 2.0 s; peak memory 351 MiB.
2026-10-09T17:21:02Z INFO [661/1000] 461de6d4-43ed-4ef8-a5c7-6f078f68fa3f: 48 arrays, 83.9 MB stored; 1.5 s; peak memory 351 MiB.
2026-10-09T17:21:04Z INFO [662/1000] 461e3572-4d70-4a54-9edf-0b0214bdb80d: 46 arrays, 12.6 MB stored; 1.7 s; peak memory 351 MiB.
2026-10-09T17:21:06Z INFO [663/1000] 461ed7a7-3a66-4655-9dbb-23e930933158: 51 arrays, 1931.9 MB stored; 2.1 s; peak memory 351 MiB.
2026-10-09T17:21:06Z INFO [664/1000] 461d7098-e7b2-481b-be6b-2b2a86b75bc9: 339 arrays, 48.0 MB stored; 10.5 s; peak memory 351 MiB.
2026-10-09T17:21:08Z INFO [665/1000] 461f540b-cd81-47c8-a71c-79170d289bfb: 112 arrays, 0.8 MB stored; 2.2 s; peak memory 351 MiB.
2026-10-09T17:21:09Z INFO [666/1000] 461f9618-df47-4586-aac2-d45088a5e99c: 66 arrays, 74.9 MB stored; 2.4 s; peak memory 351 MiB.
2026-10-09T17:21:10Z INFO [667/1000] 45add1d6-1263-4394-83c4-51c0aa231f5e: 292 arrays, 40390.0 MB stored; 323.0 s; peak memory 351 MiB.
2026-10-09T17:21:10Z INFO [668/1000] 461f98d2-080c-48ef-aa03-1156cc755824: 117 arrays, 0.4 MB stored; 1.8 s; peak memory 351 MiB.
2026-10-09T17:21:11Z INFO [669/1000] 461fbcd2-dad7-432b-8cc5-1ce85cc7652e: 289 arrays, 17.1 MB stored; 2.3 s; peak memory 351 MiB.
2026-10-09T17:21:12Z INFO [670/1000] 4620135a-1cba-46d1-afa8-018e0db3f815: 117 arrays, 0.4 MB stored; 2.0 s; peak memory 351 MiB.
2026-10-09T17:21:13Z INFO [671/1000] 46207bd1-67ea-412d-b252-dd9b8e346f1c: 112 arrays, 0.5 MB stored; 2.1 s; peak memory 351 MiB.
2026-10-09T17:21:14Z INFO [672/1000] 46206f61-577c-461c-9809-de9e60b4d5f5: 153 arrays, 3.3 MB stored; 3.9 s; peak memory 351 MiB.
2026-10-09T17:21:15Z INFO [673/1000] 46231d5a-d3a6-4e6c-928b-ee67e63f7f0c: 48 arrays, 83.9 MB stored; 1.6 s; peak memory 351 MiB.
2026-10-09T17:21:15Z INFO [674/1000] 4623b507-2905-48a4-a226-63e657a38999: 48 arrays, 83.9 MB stored; 1.6 s; peak memory 351 MiB.
2026-10-09T17:21:16Z INFO [675/1000] 4623d2e5-f783-4ec4-baa5-67b3a4ce35f3: 112 arrays, 0.6 MB stored; 1.9 s; peak memory 351 MiB.
2026-10-09T17:21:18Z INFO [676/1000] 4623e248-cd17-4de4-b27f-02a8ac610460: 57 arrays, 0.0 MB stored; 1.5 s; peak memory 351 MiB.
2026-10-09T17:21:19Z INFO [677/1000] 4623dc56-7098-48ff-98fc-bd932f2c4726: 38 arrays, 59.2 MB stored; 3.5 s; peak memory 351 MiB.
2026-10-09T17:21:20Z INFO [678/1000] 462431be-e07f-4328-ad02-fbcd819f81d4: 116 arrays, 0.3 MB stored; 1.8 s; peak memory 351 MiB.
2026-10-09T17:21:21Z INFO [679/1000] 46246b57-57cc-4993-89d6-f6cd01ee7fc9: 69 arrays, 67.0 MB stored; 2.2 s; peak memory 351 MiB.
2026-10-09T17:21:22Z INFO [680/1000] 46248875-0d6d-4a22-9617-e6b66e1de05a: 118 arrays, 0.5 MB stored; 2.2 s; peak memory 351 MiB.
2026-10-09T17:21:23Z INFO [681/1000] 46249835-aab6-4de7-aaf1-df7ac08d3bfa: 51 arrays, 3.7 MB stored; 1.6 s; peak memory 351 MiB.
2026-10-09T17:21:23Z INFO [682/1000] 4624c57e-d7cc-42db-bc7f-ec2d21653b43: 110 arrays, 0.2 MB stored; 1.6 s; peak memory 351 MiB.
2026-10-09T17:21:25Z INFO [683/1000] 4625628f-97e2-4b80-a4f5-1305806d9078: 118 arrays, 0.5 MB stored; 1.9 s; peak memory 351 MiB.
2026-10-09T17:21:26Z INFO [684/1000] 46253a2c-009c-4c88-b1ec-2717de5c71bd: 115 arrays, 190.2 MB stored; 3.4 s; peak memory 351 MiB.
2026-10-09T17:21:27Z INFO [685/1000] 4625baca-0586-4262-9d00-d95f6b18305f: 112 arrays, 0.7 MB stored; 2.1 s; peak memory 351 MiB.
2026-10-09T17:21:27Z INFO [686/1000] 4620c13e-5700-442d-8eac-96e88e531129: 1078 arrays, 45.9 MB stored; 15.8 s; peak memory 351 MiB.
2026-10-09T17:21:28Z INFO [687/1000] 46264e1d-a5f4-442f-9ebd-936e0be5bec2: 48 arrays, 83.9 MB stored; 1.6 s; peak memory 351 MiB.
2026-10-09T17:21:30Z INFO [688/1000] 4626c986-ca2d-42e8-a63f-a96b597c34e1: 116 arrays, 0.5 MB stored; 2.0 s; peak memory 351 MiB.
2026-10-09T17:21:31Z INFO [689/1000] 4626a217-388e-4d03-9ef4-f30f4c6db32b: 123 arrays, 6.3 MB stored; 3.5 s; peak memory 351 MiB.
2026-10-09T17:21:32Z INFO [690/1000] 4627282e-6cb6-4e6f-85db-c460169ff45c: 45 arrays, 10.8 MB stored; 1.8 s; peak memory 351 MiB.
2026-10-09T17:21:32Z INFO [691/1000] 4627346e-0a83-48e0-a178-884265d660e0: 50 arrays, 5.3 MB stored; 1.3 s; peak memory 351 MiB.
2026-10-09T17:21:33Z INFO [692/1000] 4626c13a-6ddf-4582-9817-8aa1a1e07b65: 489 arrays, 7.4 MB stored; 5.3 s; peak memory 351 MiB.
2026-10-09T17:21:33Z INFO [693/1000] 4627b1a3-a9e0-47a1-9fc5-c5664ee958f4: 46 arrays, 0.0 MB stored; 1.3 s; peak memory 351 MiB.
2026-10-09T17:21:35Z INFO [694/1000] 462840d2-bf47-4b05-a72f-fde3c90cf241: 112 arrays, 1.1 MB stored; 2.3 s; peak memory 351 MiB.
2026-10-09T17:21:35Z INFO [695/1000] 46284dab-98da-477b-99d5-a4e6ac7313bf: 69 arrays, 64.1 MB stored; 2.3 s; peak memory 351 MiB.
2026-10-09T17:21:36Z INFO [696/1000] 46287be8-e413-4ea4-902a-b92a3a75a631: 78 arrays, 547.7 MB stored; 2.7 s; peak memory 351 MiB.
2026-10-09T17:21:37Z INFO [697/1000] 46289c6c-687e-4e0c-82f6-bffb9549f83d: 112 arrays, 0.9 MB stored; 2.2 s; peak memory 351 MiB.
2026-10-09T17:21:37Z INFO [698/1000] 4628d4da-f2a8-491f-b5aa-832627389c58: 112 arrays, 0.5 MB stored; 2.0 s; peak memory 351 MiB.
2026-10-09T17:21:38Z INFO [699/1000] 462a5ec7-ace1-4765-9c2a-03c300259a65: 37 arrays, 0.0 MB stored; 1.3 s; peak memory 351 MiB.
2026-10-09T17:21:40Z INFO [700/1000] 462a9247-5bd6-455b-9db2-f322f7e18a2a: 56 arrays, 0.0 MB stored; 1.6 s; peak memory 351 MiB.
2026-10-09T17:21:42Z INFO [701/1000] 462b4449-bc94-472f-b2b5-dfde49a4c9ca: 52 arrays, 13.4 MB stored; 1.8 s; peak memory 351 MiB.
2026-10-09T17:21:44Z INFO [702/1000] 462921b1-649a-49ba-9310-b525b202a046: 193 arrays, 1080.3 MB stored; 8.1 s; peak memory 351 MiB.
2026-10-09T17:21:44Z INFO [703/1000] 462b8f6f-04aa-4c85-b7c4-dfe27006c623: 66 arrays, 116.7 MB stored; 2.2 s; peak memory 351 MiB.
2026-10-09T17:21:46Z INFO [704/1000] 462c0806-bbaa-4702-8b14-b625e5ff9cd5: 48 arrays, 83.9 MB stored; 1.5 s; peak memory 351 MiB.
2026-10-09T17:21:46Z INFO [705/1000] 462bdafe-db8b-4b18-8c8f-4b28cc5b87a1: 117 arrays, 0.2 MB stored; 1.8 s; peak memory 351 MiB.
2026-10-09T17:21:47Z INFO [706/1000] 4629c51c-182e-42cd-96ad-227a4cc7695a: 93 arrays, 162.7 MB stored; 9.7 s; peak memory 351 MiB.
2026-10-09T17:21:48Z INFO [707/1000] 462d145c-7c2d-4fe3-82df-ad5988f113d3: 43 arrays, 2.4 MB stored; 1.5 s; peak memory 351 MiB.
2026-10-09T17:21:49Z INFO [708/1000] 462c4a48-1c40-48ff-8015-3b6b0fc52782: 38 arrays, 34.5 MB stored; 3.0 s; peak memory 351 MiB.
2026-10-09T17:21:50Z INFO [709/1000] 462c28fc-7b88-4e7e-a61d-ea8a5d26af79: 98 arrays, 1120.0 MB stored; 4.3 s; peak memory 351 MiB.
2026-10-09T17:21:50Z INFO [710/1000] 462d2d23-cf56-4927-bb66-f8700dc28026: 118 arrays, 0.4 MB stored; 1.8 s; peak memory 351 MiB.
2026-10-09T17:21:50Z INFO [711/1000] 462dbdb3-1810-4b56-a9d7-90a7e771ea0c: 112 arrays, 0.4 MB stored; 2.0 s; peak memory 351 MiB.
2026-10-09T17:21:52Z INFO [712/1000] 462ebb0c-ad56-4c77-a882-dcac9478c922: 48 arrays, 83.9 MB stored; 1.8 s; peak memory 351 MiB.
2026-10-09T17:21:52Z INFO [713/1000] 46305d48-e71c-4cd5-ac0f-6729919630fe: 48 arrays, 83.9 MB stored; 1.7 s; peak memory 351 MiB.
2026-10-09T17:21:54Z INFO [714/1000] 4630c94e-e5ca-4709-8d70-35691affcd63: 113 arrays, 0.5 MB stored; 2.0 s; peak memory 351 MiB.
2026-10-09T17:21:54Z INFO [715/1000] 4630f6b2-3537-44e2-b77a-509c250914fb: 112 arrays, 0.8 MB stored; 2.1 s; peak memory 351 MiB.
2026-10-09T17:21:55Z INFO [716/1000] 4631122f-e007-4277-bef5-0b2ecd3d2900: 48 arrays, 83.9 MB stored; 1.7 s; peak memory 351 MiB.
2026-10-09T17:21:58Z INFO [717/1000] 46326377-87e4-49cc-86da-cfbf512251a5: 102 arrays, 15.4 MB stored; 2.5 s; peak memory 351 MiB.
2026-10-09T17:21:59Z INFO [718/1000] 461a2cb3-314e-4745-b416-13c2700f8909: 87 arrays, 23812.0 MB stored; 79.9 s; peak memory 351 MiB.
2026-10-09T17:22:00Z INFO [719/1000] 463282f4-5259-4848-8d36-e49a4714e4ab: 116 arrays, 9.8 MB stored; 1.9 s; peak memory 351 MiB.
2026-10-09T17:22:01Z INFO [720/1000] 4632bfb4-a04e-491c-a4f0-813df601e77b: 48 arrays, 83.9 MB stored; 1.6 s; peak memory 351 MiB.
2026-10-09T17:22:03Z INFO [721/1000] 463350d4-3be5-45c4-a18b-dc4d55283a79: 62 arrays, 2847.7 MB stored; 2.3 s; peak memory 351 MiB.
2026-10-09T17:22:05Z INFO [722/1000] 463380a0-5bbf-4ec5-bc67-bea07fd2e793: 118 arrays, 0.4 MB stored; 1.9 s; peak memory 351 MiB.
2026-10-09T17:22:06Z INFO [723/1000] 4632b63f-e196-450b-8257-f06625ce4c8e: 537 arrays, 8.2 MB stored; 7.6 s; peak memory 351 MiB.
2026-10-09T17:22:07Z INFO [724/1000] 4634108c-e918-4c8d-aa95-3f95229694e0: 49 arrays, 0.0 MB stored; 1.3 s; peak memory 351 MiB.
2026-10-09T17:22:08Z INFO [725/1000] 46342a2a-8475-47fd-b2cd-71c6e17a884f: 48 arrays, 83.9 MB stored; 1.6 s; peak memory 351 MiB.
2026-10-09T17:22:08Z INFO [726/1000] 46342c49-03ba-4943-9428-c0d1da89c3cd: 112 arrays, 0.4 MB stored; 1.8 s; peak memory 351 MiB.
2026-10-09T17:22:10Z INFO [727/1000] 4635e9ce-e679-4ec5-93f7-fa538be8a58b: 117 arrays, 0.2 MB stored; 1.8 s; peak memory 351 MiB.
2026-10-09T17:22:12Z INFO [728/1000] 4636426c-83d6-435f-b017-97f4634da772: 117 arrays, 0.3 MB stored; 1.7 s; peak memory 351 MiB.
2026-10-09T17:22:14Z INFO [729/1000] 463673bc-54e1-4063-8e9f-435969523710: 48 arrays, 83.9 MB stored; 1.7 s; peak memory 351 MiB.
2026-10-09T17:22:15Z INFO [730/1000] 4636bbde-594c-4d4c-853b-90981aaf913d: 48 arrays, 83.9 MB stored; 1.7 s; peak memory 351 MiB.
2026-10-09T17:22:18Z INFO [731/1000] 463766fa-17f0-4ead-b567-ca8e09d28871: 71 arrays, 5.3 MB stored; 2.4 s; peak memory 351 MiB.
2026-10-09T17:22:19Z INFO [732/1000] 4630209a-6746-4190-b939-b55262b9fed3: 766 arrays, 3193.4 MB stored; 29.3 s; peak memory 351 MiB.
2026-10-09T17:22:20Z INFO [733/1000] 4637d113-4656-470f-b927-9d3d4d7ce679: 112 arrays, 0.8 MB stored; 2.3 s; peak memory 351 MiB.
2026-10-09T17:22:21Z INFO [734/1000] 4637d87c-591a-4a7e-b360-2f2fc8b64409: 49 arrays, 1.4 MB stored; 2.0 s; peak memory 351 MiB.
2026-10-09T17:22:22Z INFO [735/1000] 4638152f-266a-4dd4-bac4-3d20fffd2d60: 84 arrays, 0.0 MB stored; 1.5 s; peak memory 351 MiB.
2026-10-09T17:22:23Z INFO [736/1000] 46383b23-8be3-4e77-8fec-493fdb5151ad: 58 arrays, 0.0 MB stored; 1.4 s; peak memory 351 MiB.
2026-10-09T17:22:23Z INFO [737/1000] 46387e24-86e3-4176-9cda-f2dba0b19985: 117 arrays, 0.4 MB stored; 1.8 s; peak memory 351 MiB.
2026-10-09T17:22:24Z INFO [738/1000] 4638e8f3-f9a6-4655-81b8-c8b7dc599c3d: 117 arrays, 0.4 MB stored; 1.9 s; peak memory 351 MiB.
2026-10-09T17:22:27Z INFO [739/1000] 4638f9f3-50d5-40cc-8ba3-ce4943752bca: 138 arrays, 4.8 MB stored; 3.4 s; peak memory 351 MiB.
2026-10-09T17:22:27Z INFO [740/1000] 4639015d-28f6-4742-9dfc-9394b4fed929: 78 arrays, 347.1 MB stored; 2.3 s; peak memory 351 MiB.
2026-10-09T17:22:28Z INFO [741/1000] 46391962-9193-4fb0-9578-efe275fb8d97: 46 arrays, 0.0 MB stored; 1.3 s; peak memory 351 MiB.
2026-10-09T17:22:28Z INFO [742/1000] 4639b2cb-a25b-4c53-960b-d8e1b0c47934: 52 arrays, 13.9 MB stored; 1.7 s; peak memory 351 MiB.
2026-10-09T17:22:30Z INFO [743/1000] 4639eaf5-c3f3-44d4-8278-717c10b9d712: 48 arrays, 83.9 MB stored; 1.7 s; peak memory 351 MiB.
2026-10-09T17:22:30Z INFO [744/1000] 4639f640-47e3-443d-9507-5617b4733d57: 48 arrays, 83.9 MB stored; 1.7 s; peak memory 351 MiB.
2026-10-09T17:22:31Z INFO [745/1000] 4639fdd6-7fca-4c48-9f98-cd4792f0e655: 48 arrays, 83.9 MB stored; 1.5 s; peak memory 351 MiB.
2026-10-09T17:22:32Z INFO [746/1000] 463a29db-77f7-4354-8ff6-397eec5f1795: 46 arrays, 1.3 MB stored; 1.5 s; peak memory 351 MiB.
2026-10-09T17:22:33Z INFO [747/1000] 463a37b2-8960-476b-94f6-29c6a73bd999: 48 arrays, 83.9 MB stored; 1.6 s; peak memory 351 MiB.
2026-10-09T17:22:34Z INFO [748/1000] 463a3956-53b5-4267-8e9d-3b89d53c19c3: 61 arrays, 35.7 MB stored; 2.2 s; peak memory 351 MiB.
2026-10-09T17:22:34Z INFO [749/1000] 463a774c-0f8a-446e-9e20-738650299d80: 48 arrays, 83.9 MB stored; 1.7 s; peak memory 351 MiB.
2026-10-09T17:22:36Z INFO [750/1000] 46344a61-a16c-4402-8275-df631a010039: 5092 arrays, 44.7 MB stored; 28.1 s; peak memory 351 MiB.
2026-10-09T17:22:36Z INFO [751/1000] 463b4310-af01-461f-8505-2fb58c66d5cb: 116 arrays, 0.3 MB stored; 1.7 s; peak memory 351 MiB.
2026-10-09T17:22:38Z INFO [752/1000] 463b1fa0-f80b-4ce2-b111-2ddeece79dbb: 115 arrays, 186.7 MB stored; 3.7 s; peak memory 351 MiB.
2026-10-09T17:22:38Z INFO [753/1000] 463ca0cc-a4aa-4311-9a6c-4800ea933bfd: 109 arrays, 0.2 MB stored; 1.8 s; peak memory 351 MiB.
2026-10-09T17:22:39Z INFO [754/1000] 463db8b7-d2d9-4445-af60-9077286d4be7: 46 arrays, 12.6 MB stored; 1.7 s; peak memory 351 MiB.
2026-10-09T17:22:44Z INFO [755/1000] 463e9e9b-8190-4c19-b2a0-c6e4eaba82b5: 156 arrays, 193.5 MB stored; 4.9 s; peak memory 351 MiB.
2026-10-09T17:22:46Z INFO [756/1000] 463eff0b-2c5b-4b4b-b693-2d9e38bce508: 112 arrays, 0.5 MB stored; 1.9 s; peak memory 351 MiB.
2026-10-09T17:22:50Z INFO [757/1000] 463dccf9-e8d4-4d92-bc3b-f771a2f8da54: 1492 arrays, 11.9 MB stored; 12.2 s; peak memory 351 MiB.
2026-10-09T17:22:50Z INFO [758/1000] 463d5e40-5f5e-4743-b252-a2357402e4cc: 820 arrays, 23.2 MB stored; 14.1 s; peak memory 351 MiB.
2026-10-09T17:22:51Z INFO [759/1000] 463f89a3-4cd6-43ce-8096-60c80e4f366e: 99 arrays, 0.1 MB stored; 1.6 s; peak memory 351 MiB.
2026-10-09T17:22:53Z INFO [760/1000] 463f1e0a-3d4d-4d65-9d21-6ceb94cda230: 538 arrays, 8.2 MB stored; 7.4 s; peak memory 351 MiB.
2026-10-09T17:22:55Z INFO [761/1000] 4640a91b-285a-4652-941a-8d8329f89e88: 140 arrays, 0.3 MB stored; 1.6 s; peak memory 351 MiB.
2026-10-09T17:22:56Z INFO [762/1000] 4640d3e5-60f7-407b-8cc0-a2e0f6dc431c: 56 arrays, 0.0 MB stored; 1.3 s; peak memory 351 MiB.
2026-10-09T17:22:57Z INFO [763/1000] 464016f3-9d60-4120-9e3e-f392602189b7: 229 arrays, 279.7 MB stored; 6.4 s; peak memory 351 MiB.
2026-10-09T17:23:03Z INFO [764/1000] 46419466-1aa3-49bc-961e-b12c17f760e5: 541 arrays, 9.9 MB stored; 6.5 s; peak memory 351 MiB.
2026-10-09T17:23:05Z INFO [765/1000] 46152a74-bed4-45b7-8b9b-096102d7bda7: 413 arrays, 19781.2 MB stored; 164.8 s; peak memory 351 MiB.
2026-10-09T17:23:08Z INFO [766/1000] 4641b1de-51ba-4cce-9fc5-b083762c705e: 712 arrays, 20.2 MB stored; 11.6 s; peak memory 351 MiB.
2026-10-09T17:23:09Z INFO [767/1000] 464219e0-ba1c-4954-8ae7-f39794374640: 157 arrays, 227.9 MB stored; 3.6 s; peak memory 351 MiB.
2026-10-09T17:23:10Z INFO [768/1000] 4642bbc4-1138-4fde-a68a-39b635746253: 116 arrays, 0.2 MB stored; 1.8 s; peak memory 351 MiB.
2026-10-09T17:23:10Z INFO [769/1000] 4642ce85-1d4b-4f50-aba1-fddcce817b90: 46 arrays, 0.0 MB stored; 1.3 s; peak memory 351 MiB.
2026-10-09T17:23:12Z INFO [770/1000] 4642fc89-1c7a-48cb-8f23-7d3af8b415c0: 48 arrays, 83.9 MB stored; 1.8 s; peak memory 351 MiB.
2026-10-09T17:23:12Z INFO [771/1000] 4643038a-9dc3-4630-943f-942763ca6c1a: 48 arrays, 83.9 MB stored; 1.8 s; peak memory 351 MiB.
2026-10-09T17:23:14Z INFO [772/1000] 46430eb6-ec32-48f3-9185-f8724ddb576f: 116 arrays, 9.8 MB stored; 1.9 s; peak memory 351 MiB.
2026-10-09T17:23:14Z INFO [773/1000] 46432f51-5efa-4f04-83ed-810b71588720: 117 arrays, 0.3 MB stored; 1.9 s; peak memory 351 MiB.
2026-10-09T17:23:15Z INFO [774/1000] 4643ec03-06eb-4dce-b64b-69fee453c0a6: 48 arrays, 83.9 MB stored; 1.7 s; peak memory 351 MiB.
2026-10-09T17:23:16Z INFO [775/1000] 46435156-d835-4442-933f-965bbf7fcd69: 131 arrays, 0.4 MB stored; 2.2 s; peak memory 351 MiB.
2026-10-09T17:23:17Z INFO [776/1000] 464548fb-e0ae-490d-8936-563dcc2ffe04: 33 arrays, 0.0 MB stored; 1.4 s; peak memory 351 MiB.
2026-10-09T17:23:20Z INFO [777/1000] 464571d9-466a-4a20-aa98-cdb63dd35579: 57 arrays, 652.1 MB stored; 2.6 s; peak memory 351 MiB.
2026-10-09T17:23:22Z INFO [778/1000] 464795e6-2621-45ac-aec3-dd297271c5a9: 49 arrays, 1.1 MB stored; 1.8 s; peak memory 351 MiB.
2026-10-09T17:23:23Z INFO [779/1000] 4647c865-077b-47f9-ab46-7f2d47541805: 44 arrays, 0.6 MB stored; 1.6 s; peak memory 351 MiB.
2026-10-09T17:23:25Z INFO [780/1000] 4647c86f-95ce-48fb-86d7-45be7b65419c: 48 arrays, 83.9 MB stored; 1.6 s; peak memory 351 MiB.
2026-10-09T17:23:32Z INFO [781/1000] 4641cee3-9280-4418-a24e-4ea4ec1bb6da: 48 arrays, 35341.4 MB stored; 29.4 s; peak memory 351 MiB.
2026-10-09T17:23:34Z INFO [782/1000] 464869e2-c50f-465e-baa1-7c84956d8b82: 38 arrays, 0.5 MB stored; 1.5 s; peak memory 351 MiB.
2026-10-09T17:23:34Z INFO [783/1000] 46450726-e777-4e25-bd3e-fcc1d464c908: 682 arrays, 22.8 MB stored; 18.7 s; peak memory 351 MiB.
2026-10-09T17:23:35Z INFO [784/1000] 4648c24c-d55a-4a43-9522-ac0005936353: 52 arrays, 14.6 MB stored; 1.7 s; peak memory 351 MiB.
2026-10-09T17:23:37Z INFO [785/1000] 46492375-25db-40eb-8ec0-a1a9e8135aae: 118 arrays, 66.2 MB stored; 2.7 s; peak memory 351 MiB.
2026-10-09T17:23:37Z INFO [786/1000] 4649353c-1add-4861-adab-63680aa935e3: 46 arrays, 12.6 MB stored; 1.6 s; peak memory 351 MiB.
2026-10-09T17:23:37Z INFO [787/1000] 45f67eaf-47aa-4774-8236-c34d83f82dcc: 283 arrays, 39427.8 MB stored; 314.0 s; peak memory 351 MiB.
2026-10-09T17:23:38Z INFO [788/1000] 46485275-81e1-48cb-9bde-0f06d3045bc3: 406 arrays, 13648.8 MB stored; 13.3 s; peak memory 351 MiB.
2026-10-09T17:23:40Z INFO [789/1000] 4649d85e-eb1e-4edc-97e0-2f2c64453cc4: 98 arrays, 144.6 MB stored; 3.0 s; peak memory 351 MiB.
2026-10-09T17:23:40Z INFO [790/1000] 464a5319-3647-46a7-9dbb-5a51c0117b7e: 69 arrays, 3.2 MB stored; 2.0 s; peak memory 351 MiB.
2026-10-09T17:23:42Z INFO [791/1000] 464b62bc-4a68-4e24-af21-62d654c507a9: 49 arrays, 7.5 MB stored; 1.8 s; peak memory 351 MiB.
2026-10-09T17:23:42Z INFO [792/1000] 464ac320-886d-41bf-8d8e-355f7c75edc4: 112 arrays, 0.9 MB stored; 2.3 s; peak memory 351 MiB.
2026-10-09T17:23:43Z INFO [793/1000] 464a3018-cf1b-4ed0-b69c-dd2f6325462b: 540 arrays, 5.7 MB stored; 6.3 s; peak memory 351 MiB.
2026-10-09T17:23:45Z INFO [794/1000] 464c4b71-67cc-4035-8f6b-af0080ce6145: 48 arrays, 83.9 MB stored; 1.5 s; peak memory 351 MiB.
2026-10-09T17:23:54Z INFO [795/1000] 464bd9d2-6ef6-4b36-936a-9cc31d2b9448: 872 arrays, 21.7 MB stored; 12.1 s; peak memory 351 MiB.
2026-10-09T17:23:57Z INFO [796/1000] 464ef246-193b-40bb-9727-dd155716a9fa: 83 arrays, 12.3 MB stored; 2.6 s; peak memory 351 MiB.
2026-10-09T17:23:57Z INFO [797/1000] 464be8e2-62fc-424b-8ab3-4a7e728e8736: 1192 arrays, 41.4 MB stored; 14.8 s; peak memory 351 MiB.
2026-10-09T17:23:58Z INFO [798/1000] 464f8317-8151-4025-a5de-b13973d6527a: 52 arrays, 0.0 MB stored; 1.3 s; peak memory 351 MiB.
2026-10-09T17:24:01Z INFO [799/1000] 464f742c-3649-43d8-b275-a5c25d3b6771: 156 arrays, 193.5 MB stored; 3.9 s; peak memory 351 MiB.
2026-10-09T17:24:02Z INFO [800/1000] 4650915b-9055-4d07-a542-ad0338d3f24d: 117 arrays, 0.2 MB stored; 1.7 s; peak memory 351 MiB.
2026-10-09T17:24:04Z INFO [800/1000] 4650915b-9055-4d07-a542-ad0338d3f24d: checkpointed 800 new records.
2026-10-09T17:24:04Z INFO [801/1000] 4649810f-8771-4341-b9f6-2df846b968ae: 48 arrays, 42070.9 MB stored; 27.6 s; peak memory 468 MiB.
2026-10-09T17:24:05Z INFO [802/1000] 4650bdf6-8943-4c29-aaeb-96c2321462b4: 71 arrays, 2.4 MB stored; 2.2 s; peak memory 468 MiB.
2026-10-09T17:24:06Z INFO [803/1000] 46510ee0-0628-4e8b-b022-50298bf7e773: 48 arrays, 83.9 MB stored; 1.7 s; peak memory 468 MiB.
2026-10-09T17:24:06Z INFO [804/1000] 4651b1d7-8a10-4d9a-8a1c-fcac12992887: 46 arrays, 19.9 MB stored; 1.9 s; peak memory 468 MiB.
2026-10-09T17:24:08Z INFO [805/1000] 46522310-6d93-458c-8263-0f5aae958b72: 48 arrays, 83.9 MB stored; 1.8 s; peak memory 468 MiB.
2026-10-09T17:24:10Z INFO [806/1000] 46524aa8-1967-4cfb-8beb-b66bd98514c4: 48 arrays, 83.9 MB stored; 1.6 s; peak memory 468 MiB.
2026-10-09T17:24:12Z INFO [807/1000] 4653291b-08e0-4a9c-88ca-82780c8d5558: 117 arrays, 0.3 MB stored; 1.9 s; peak memory 468 MiB.
2026-10-09T17:24:13Z INFO [808/1000] 4651d6cc-c15c-4645-b0b7-eb59858c19bb: 229 arrays, 272.8 MB stored; 6.5 s; peak memory 468 MiB.
2026-10-09T17:24:14Z INFO [809/1000] 4655245a-9482-429e-af11-5b8b52658db8: 58 arrays, 0.0 MB stored; 1.3 s; peak memory 468 MiB.
2026-10-09T17:24:14Z INFO [810/1000] 46507562-407f-4ba5-8205-e6e411dd9788: 1155 arrays, 41.7 MB stored; 15.9 s; peak memory 468 MiB.
2026-10-09T17:24:15Z INFO [811/1000] 4653e017-c923-4bb4-ae77-45c525ee6df7: 93 arrays, 1218.8 MB stored; 3.4 s; peak memory 468 MiB.
2026-10-09T17:24:16Z INFO [812/1000] 4655612d-7cac-45a3-a07f-09005815a87a: 45 arrays, 690.0 MB stored; 2.4 s; peak memory 468 MiB.
2026-10-09T17:24:17Z INFO [813/1000] 465588a9-6d61-4b28-857f-c01381f9128f: 70 arrays, 15.7 MB stored; 2.2 s; peak memory 468 MiB.
2026-10-09T17:24:17Z INFO [814/1000] 4656416a-2694-4256-a99d-7e6934d8714f: 90 arrays, 0.2 MB stored; 1.8 s; peak memory 468 MiB.
2026-10-09T17:24:18Z INFO [815/1000] 4656bb48-f71d-43c2-97a9-5afc8e814a5b: 50 arrays, 5.5 MB stored; 1.4 s; peak memory 468 MiB.
2026-10-09T17:24:19Z INFO [816/1000] 46586388-563e-4fb1-bf68-cb59fb6ce5f6: 56 arrays, 0.0 MB stored; 1.3 s; peak memory 468 MiB.
2026-10-09T17:24:20Z INFO [817/1000] 4658085b-8a0c-44df-9d36-9752aa5a7587: 124 arrays, 0.8 MB stored; 2.8 s; peak memory 468 MiB.
2026-10-09T17:24:20Z INFO [818/1000] 4657f1d5-89a6-469a-bba9-2f3d40b4c58a: 118 arrays, 67.1 MB stored; 3.5 s; peak memory 468 MiB.
2026-10-09T17:24:21Z INFO [819/1000] 465879d9-e073-4a43-8cf1-aa749356048c: 46 arrays, 12.6 MB stored; 1.7 s; peak memory 468 MiB.
2026-10-09T17:24:22Z INFO [820/1000] 4659c573-6947-42a4-b690-d7702d9fe0f1: 48 arrays, 83.9 MB stored; 1.5 s; peak memory 468 MiB.
2026-10-09T17:24:22Z INFO [821/1000] 4658c4fc-b084-40e8-bdba-1efb4358d287: 112 arrays, 0.2 MB stored; 2.2 s; peak memory 468 MiB.
2026-10-09T17:24:24Z INFO [822/1000] 465a7e9b-5832-40df-92a3-cc8176861753: 112 arrays, 0.4 MB stored; 1.9 s; peak memory 468 MiB.
2026-10-09T17:24:25Z INFO [823/1000] 4659ea12-f81b-4c21-af65-bedd05b6a687: 168 arrays, 3.2 MB stored; 3.2 s; peak memory 468 MiB.
2026-10-09T17:24:26Z INFO [824/1000] 465a81d3-7007-4571-ba49-ae6869ac3880: 55 arrays, 0.0 MB stored; 1.4 s; peak memory 468 MiB.
2026-10-09T17:24:27Z INFO [825/1000] 465a80e1-b49a-400a-a049-2ab6c0473674: 98 arrays, 142.2 MB stored; 2.8 s; peak memory 468 MiB.
2026-10-09T17:24:28Z INFO [826/1000] 465ab31a-e332-4d5b-93d2-9527f74851f2: 48 arrays, 83.9 MB stored; 1.5 s; peak memory 468 MiB.
2026-10-09T17:24:28Z INFO [827/1000] 465ac9eb-8a19-4b1c-9c96-0b209de89705: 38 arrays, 0.5 MB stored; 1.5 s; peak memory 468 MiB.
2026-10-09T17:24:30Z INFO [828/1000] 465ae561-b689-4cf7-8e43-2ea20b69c396: 77 arrays, 0.8 MB stored; 2.0 s; peak memory 468 MiB.
2026-10-09T17:24:31Z INFO [829/1000] 4659d96b-478b-42e4-84a3-a958bb2ac008: 747 arrays, 35.3 MB stored; 10.6 s; peak memory 468 MiB.
2026-10-09T17:24:32Z INFO [830/1000] 46315156-48e6-42bb-87cb-1abe5128db58: 430 arrays, 23665.7 MB stored; 157.3 s; peak memory 468 MiB.
2026-10-09T17:24:32Z INFO [831/1000] 465b4c90-9cf7-4dd1-8551-02324bae6350: 62 arrays, 2673.4 MB stored; 2.1 s; peak memory 468 MiB.
2026-10-09T17:24:33Z INFO [832/1000] 465b68b6-c713-484d-a938-4e7131af3d11: 146 arrays, 0.0 MB stored; 1.7 s; peak memory 468 MiB.
2026-10-09T17:24:33Z INFO [833/1000] 465c9745-01ce-4aee-a045-b9cfdc98fc40: 41 arrays, 8.4 MB stored; 1.5 s; peak memory 468 MiB.
2026-10-09T17:24:34Z INFO [834/1000] 465c8d05-2c06-4468-abd3-026cf08eb27f: 112 arrays, 1.0 MB stored; 2.3 s; peak memory 468 MiB.
2026-10-09T17:24:35Z INFO [835/1000] 465cc58a-910b-4fe1-9e52-d006672e93e1: 39 arrays, 4.7 MB stored; 1.7 s; peak memory 468 MiB.
2026-10-09T17:24:35Z INFO [836/1000] 465cd262-dfcd-49ff-8048-b01ab7245b05: 112 arrays, 0.4 MB stored; 1.9 s; peak memory 468 MiB.
2026-10-09T17:24:35Z INFO [837/1000] 465b4060-9439-48f9-82fc-79427b839d58: 208 arrays, 62.5 MB stored; 7.2 s; peak memory 468 MiB.
2026-10-09T17:24:36Z INFO [838/1000] 465df313-8c3e-423a-b277-fea07db81ac7: 48 arrays, 83.9 MB stored; 1.5 s; peak memory 468 MiB.
2026-10-09T17:24:37Z INFO [839/1000] 465edd09-4a52-47f4-bd1c-08d41b9b0bb1: 117 arrays, 0.3 MB stored; 1.8 s; peak memory 468 MiB.
2026-10-09T17:24:38Z INFO [840/1000] 465f3223-a998-42a8-ab69-b200236ec412: 48 arrays, 83.9 MB stored; 1.6 s; peak memory 468 MiB.
2026-10-09T17:24:39Z INFO [841/1000] 465f3a43-155c-4c54-8246-110637eb2caa: 77 arrays, 0.3 MB stored; 1.9 s; peak memory 468 MiB.
2026-10-09T17:24:39Z INFO [842/1000] 465eb035-5c1e-4ea6-8a98-8e018c361eec: 156 arrays, 193.5 MB stored; 3.9 s; peak memory 468 MiB.
2026-10-09T17:24:39Z INFO [843/1000] 46603785-6a57-4331-8e3c-d691b62724d6: 47 arrays, 0.3 MB stored; 1.5 s; peak memory 468 MiB.
2026-10-09T17:24:41Z INFO [844/1000] 4661a7ee-c3d7-4ac9-8182-9321bf6251ad: 48 arrays, 83.9 MB stored; 1.7 s; peak memory 468 MiB.
2026-10-09T17:24:41Z INFO [845/1000] 4661af19-62ea-4896-8a53-e948215c0c8c: 48 arrays, 83.9 MB stored; 1.8 s; peak memory 468 MiB.
2026-10-09T17:24:42Z INFO [846/1000] 46619c9f-b66a-4818-8d78-117b42663514: 38 arrays, 26.0 MB stored; 3.0 s; peak memory 468 MiB.
2026-10-09T17:24:43Z INFO [847/1000] 4662c596-59d0-491b-bd55-fe416818b96a: 48 arrays, 83.9 MB stored; 1.6 s; peak memory 468 MiB.
2026-10-09T17:24:44Z INFO [848/1000] 46638ef9-4ae9-4b98-ba93-c3e97b2412de: 72 arrays, 0.6 MB stored; 1.7 s; peak memory 468 MiB.
2026-10-09T17:24:44Z INFO [849/1000] 46639d55-8fa0-4b5d-ac73-6ca1a45fc6d6: 118 arrays, 0.5 MB stored; 1.8 s; peak memory 468 MiB.
2026-10-09T17:24:45Z INFO [850/1000] 4663a657-d797-4181-8f9c-9c7e36aded84: 48 arrays, 83.9 MB stored; 1.6 s; peak memory 468 MiB.
2026-10-09T17:24:46Z INFO [851/1000] 4663f9e8-067f-4a09-a836-a818989516fb: 48 arrays, 83.9 MB stored; 1.5 s; peak memory 468 MiB.
2026-10-09T17:24:47Z INFO [852/1000] 4661afe1-3b99-440f-837b-e46f8c7c3a93: 92 arrays, 147.6 MB stored; 6.2 s; peak memory 468 MiB.
2026-10-09T17:24:47Z INFO [853/1000] 4664746e-6a40-44a0-9f27-89ec28938e7b: 112 arrays, 0.6 MB stored; 2.0 s; peak memory 468 MiB.
2026-10-09T17:24:48Z INFO [854/1000] 46650974-00a6-4a3e-850f-050e9c0541b6: 66 arrays, 156.9 MB stored; 2.4 s; peak memory 468 MiB.
2026-10-09T17:24:49Z INFO [855/1000] 4665ab15-57ec-4c41-bc35-bbd8d74d9503: 46 arrays, 0.1 MB stored; 1.3 s; peak memory 468 MiB.
2026-10-09T17:24:49Z INFO [856/1000] 46651db0-9f5a-436e-bb72-125b94f73928: 117 arrays, 0.3 MB stored; 1.9 s; peak memory 468 MiB.
2026-10-09T17:24:50Z INFO [857/1000] 4665c1dd-4720-4b4f-b845-ffe5b110411c: 48 arrays, 83.9 MB stored; 1.5 s; peak memory 468 MiB.
2026-10-09T17:24:50Z INFO [858/1000] 4665c4eb-7315-46fa-a50a-a12a1d08dc26: 46 arrays, 12.6 MB stored; 1.7 s; peak memory 468 MiB.
2026-10-09T17:24:51Z INFO [859/1000] 4666369f-9a41-4d9b-a9a9-dba758196e89: 48 arrays, 83.9 MB stored; 1.4 s; peak memory 468 MiB.
2026-10-09T17:24:52Z INFO [860/1000] 46667faa-9ec4-4403-ae38-42f59e146d8f: 118 arrays, 0.4 MB stored; 1.7 s; peak memory 468 MiB.
2026-10-09T17:24:55Z INFO [861/1000] 465dbea6-9571-4ea5-9d60-babc0efef793: 6055 arrays, 57.3 MB stored; 21.1 s; peak memory 468 MiB.
2026-10-09T17:24:57Z INFO [862/1000] 4666b79e-35ef-4c00-81eb-3252ca4411d8: 117 arrays, 0.2 MB stored; 1.9 s; peak memory 468 MiB.
2026-10-09T17:24:58Z INFO [863/1000] 46671f54-1e29-4ed6-8577-e85644aca21f: 46 arrays, 0.2 MB stored; 1.4 s; peak memory 468 MiB.
2026-10-09T17:24:59Z INFO [864/1000] 46669cf5-1875-4294-be1e-897677ad108d: 229 arrays, 933.4 MB stored; 7.2 s; peak memory 468 MiB.
2026-10-09T17:25:00Z INFO [865/1000] 466687f8-ebc3-43c4-b294-93c5d2a60a70: 588 arrays, 13.7 MB stored; 8.7 s; peak memory 468 MiB.
2026-10-09T17:25:01Z INFO [866/1000] 4667da43-8d74-4bc1-965d-f87b44e810a3: 48 arrays, 83.9 MB stored; 1.6 s; peak memory 468 MiB.
2026-10-09T17:25:02Z INFO [867/1000] 46688ce8-4aef-4398-8d1c-c020c4cb01b4: 50 arrays, 1.4 MB stored; 1.5 s; peak memory 468 MiB.
2026-10-09T17:25:02Z INFO [868/1000] 466766fd-3c52-4ea6-89bd-bb47525938c3: 116 arrays, 187.1 MB stored; 3.6 s; peak memory 468 MiB.
2026-10-09T17:25:03Z INFO [869/1000] 466a6d79-a42e-49f5-86f8-18e745573364: 230 arrays, 0.9 MB stored; 1.8 s; peak memory 468 MiB.
2026-10-09T17:25:04Z INFO [870/1000] 466a7323-19e3-4131-8d4d-3561db67e87d: 49 arrays, 6.0 MB stored; 1.7 s; peak memory 468 MiB.
2026-10-09T17:25:04Z INFO [871/1000] 46692956-d6de-4ddf-8955-5b5452be0590: 115 arrays, 190.2 MB stored; 3.1 s; peak memory 468 MiB.
2026-10-09T17:25:06Z INFO [872/1000] 466b7ef4-b14d-4d83-83ae-5b45d9dae374: 112 arrays, 0.8 MB stored; 2.0 s; peak memory 468 MiB.
2026-10-09T17:25:08Z INFO [873/1000] 466bfdc7-3349-4f16-bdc7-34328b4bc6fc: 112 arrays, 0.3 MB stored; 1.8 s; peak memory 468 MiB.
2026-10-09T17:25:09Z INFO [874/1000] 466c0e8b-fe4a-428c-92d5-f2fd5ec95e37: 49 arrays, 2.2 MB stored; 1.5 s; peak memory 468 MiB.
2026-10-09T17:25:11Z INFO [875/1000] 466aa87c-3088-4f24-ac0c-f384334d677e: 634 arrays, 13.3 MB stored; 7.8 s; peak memory 468 MiB.
2026-10-09T17:25:11Z INFO [876/1000] 466c62ec-8a7e-45a0-90f0-9868e4fd8bd3: 112 arrays, 0.7 MB stored; 2.2 s; peak memory 468 MiB.
2026-10-09T17:25:13Z INFO [877/1000] 466ccbe4-0f69-40e9-bc28-07d1502ffecb: 109 arrays, 0.3 MB stored; 1.7 s; peak memory 468 MiB.
2026-10-09T17:25:13Z INFO [878/1000] 466d699c-3131-4ff7-88ae-77357f50298f: 48 arrays, 83.9 MB stored; 1.5 s; peak memory 468 MiB.
2026-10-09T17:25:20Z INFO [879/1000] 466631c4-ec62-450c-897d-143596bde9e3: 48 arrays, 39660.9 MB stored; 31.4 s; peak memory 468 MiB.
2026-10-09T17:25:22Z INFO [880/1000] 466eb78b-065a-47fb-a959-8633a41ef213: 92 arrays, 316.3 MB stored; 9.3 s; peak memory 468 MiB.
2026-10-09T17:25:23Z INFO [881/1000] 46700832-8aba-4f6d-a831-c91c659956d0: 112 arrays, 0.7 MB stored; 2.1 s; peak memory 468 MiB.
2026-10-09T17:25:24Z INFO [882/1000] 4670adfe-7d0d-45fa-a988-ce40c68252a1: 48 arrays, 83.9 MB stored; 1.6 s; peak memory 468 MiB.
2026-10-09T17:25:24Z INFO [883/1000] 46701072-666b-43e4-8b4e-31e5733e2f30: 69 arrays, 45.9 MB stored; 2.2 s; peak memory 468 MiB.
2026-10-09T17:25:27Z INFO [884/1000] 46712642-7948-4615-90cc-f3cf257dcea7: 62 arrays, 4018.2 MB stored; 2.4 s; peak memory 468 MiB.
2026-10-09T17:25:28Z INFO [885/1000] 466ae1de-6811-4e03-95fd-53333d9eb5c0: 887 arrays, 25.7 MB stored; 24.3 s; peak memory 468 MiB.
2026-10-09T17:25:30Z INFO [886/1000] 46719023-4b51-4644-895b-a7f130bfd67b: 116 arrays, 187.1 MB stored; 3.6 s; peak memory 468 MiB.
2026-10-09T17:25:32Z INFO [887/1000] 467113a6-be1b-444e-b81a-5d9bd7543278: 537 arrays, 8.1 MB stored; 7.7 s; peak memory 468 MiB.
2026-10-09T17:25:32Z INFO [888/1000] 4671f1a9-5937-47f4-a424-421a451f1ae6: 116 arrays, 0.4 MB stored; 1.7 s; peak memory 468 MiB.
2026-10-09T17:25:33Z INFO [889/1000] 46723fab-b1c5-4bb9-b2bd-5a8b39cdb3ec: 46 arrays, 0.1 MB stored; 1.3 s; peak memory 468 MiB.
2026-10-09T17:25:34Z INFO [890/1000] 46723583-bc68-47f4-8a8e-6f0ab0f5d303: 68 arrays, 62.1 MB stored; 1.7 s; peak memory 468 MiB.
2026-10-09T17:25:35Z INFO [891/1000] 46724cab-1f91-49be-b064-156060c04648: 48 arrays, 83.9 MB stored; 1.6 s; peak memory 468 MiB.
2026-10-09T17:25:35Z INFO [892/1000] 467281e2-2a36-48b3-9ea4-1425393c5a2b: 92 arrays, 8.2 MB stored; 1.7 s; peak memory 468 MiB.
2026-10-09T17:25:36Z INFO [893/1000] 467295be-6b0d-45be-99fd-d08628c4e3b4: 46 arrays, 0.1 MB stored; 1.3 s; peak memory 468 MiB.
2026-10-09T17:25:37Z INFO [894/1000] 4672aac2-2072-4b3f-8a3e-b6ffb4efaae1: 42 arrays, 0.6 MB stored; 1.6 s; peak memory 468 MiB.
2026-10-09T17:25:38Z INFO [895/1000] 4672de5b-1eb0-4bff-bfb6-959194d3d605: 52 arrays, 14.5 MB stored; 1.8 s; peak memory 468 MiB.
2026-10-09T17:25:38Z INFO [896/1000] 46732718-8e5e-4c14-9188-683f469f3d4c: 48 arrays, 83.9 MB stored; 1.5 s; peak memory 468 MiB.
2026-10-09T17:25:40Z INFO [897/1000] 467372de-71b4-4e57-aa36-8dafa42c38ff: 48 arrays, 83.9 MB stored; 1.5 s; peak memory 468 MiB.
2026-10-09T17:25:40Z INFO [898/1000] 46732925-2086-4fb6-8efc-74e7913bbf9f: 84 arrays, 0.3 MB stored; 1.9 s; peak memory 468 MiB.
2026-10-09T17:25:41Z INFO [899/1000] 4673bc32-3b83-4921-b8d3-725e83305884: 46 arrays, 0.0 MB stored; 1.3 s; peak memory 468 MiB.
2026-10-09T17:25:43Z INFO [900/1000] 4673e0bd-b48b-42fb-8c21-2d4678d747c4: 72 arrays, 0.1 MB stored; 1.8 s; peak memory 468 MiB.
2026-10-09T17:25:43Z INFO [901/1000] 4673c413-a8d3-4658-a953-8e2eaf4bba34: 168 arrays, 3.2 MB stored; 3.2 s; peak memory 468 MiB.
2026-10-09T17:25:45Z INFO [902/1000] 4674240a-3e99-4f81-b042-cd3aab941016: 38 arrays, 0.5 MB stored; 1.4 s; peak memory 468 MiB.
2026-10-09T17:25:45Z INFO [903/1000] 467401cd-333d-4c0b-a69b-41c9f9b4873d: 112 arrays, 0.3 MB stored; 1.7 s; peak memory 468 MiB.
2026-10-09T17:26:03Z INFO [904/1000] 4674881d-d6f9-43b1-b68f-d71c15a8f11e: 1672 arrays, 41.5 MB stored; 18.6 s; peak memory 468 MiB.
2026-10-09T17:26:05Z INFO [905/1000] 4674d0fb-25f0-4324-948f-139a0f8743bd: 115 arrays, 0.6 MB stored; 2.0 s; peak memory 468 MiB.
2026-10-09T17:26:16Z INFO [906/1000] 46742e33-f219-48b5-8aa0-23bb2ec34c7b: 48 arrays, 44185.6 MB stored; 30.9 s; peak memory 468 MiB.
2026-10-09T17:26:19Z INFO [907/1000] 467613c4-f1b0-4ca1-ae91-73245406334d: 116 arrays, 187.2 MB stored; 3.7 s; peak memory 468 MiB.
2026-10-09T17:26:22Z INFO [908/1000] 46779862-53a4-4a23-a40b-6f1fb138b1c4: 68 arrays, 88.2 MB stored; 2.8 s; peak memory 468 MiB.
2026-10-09T17:26:24Z INFO [909/1000] 4677e37c-4b1b-4e6b-9638-e598ffd742b2: 48 arrays, 83.9 MB stored; 1.6 s; peak memory 468 MiB.
2026-10-09T17:26:38Z INFO [910/1000] 46782052-86f8-49a7-8e65-b298cb82e9b6: 1132 arrays, 41.1 MB stored; 14.5 s; peak memory 468 MiB.
2026-10-09T17:26:44Z INFO [911/1000] 46785e65-6857-4bc7-ad04-885ec05d714d: 229 arrays, 247.0 MB stored; 6.1 s; peak memory 468 MiB.
2026-10-09T17:26:46Z INFO [912/1000] 46792aac-8342-408e-b44c-a8c0660f2537: 117 arrays, 0.3 MB stored; 1.8 s; peak memory 468 MiB.
2026-10-09T17:26:47Z INFO [913/1000] 467a10cb-0240-400e-bbc2-943f097462ce: 38 arrays, 0.5 MB stored; 1.4 s; peak memory 468 MiB.
2026-10-09T17:26:50Z INFO [914/1000] 467a689e-6254-474d-8024-8b38c833bdb6: 112 arrays, 0.6 MB stored; 2.1 s; peak memory 468 MiB.
2026-10-09T17:26:51Z INFO [915/1000] 467afb8e-7354-438c-b114-b34cc5694f5a: 48 arrays, 83.9 MB stored; 1.5 s; peak memory 468 MiB.
2026-10-09T17:26:53Z INFO [916/1000] 467b008c-1805-4786-8785-96024dd2c0ae: 117 arrays, 0.3 MB stored; 1.7 s; peak memory 468 MiB.
2026-10-09T17:26:54Z INFO [917/1000] 467b9ec7-f226-4fa0-9464-56ae7cf84bd2: 48 arrays, 83.9 MB stored; 1.6 s; peak memory 468 MiB.
2026-10-09T17:26:56Z INFO [918/1000] 467c5073-c873-466c-9787-afa00fa4d45a: 116 arrays, 0.2 MB stored; 1.8 s; peak memory 468 MiB.
2026-10-09T17:26:58Z INFO [919/1000] 467caf67-bad5-475c-9d0d-7c24349ba73f: 50 arrays, 726.8 MB stored; 2.2 s; peak memory 468 MiB.
2026-10-09T17:27:00Z INFO [920/1000] 467d43da-6099-4e82-8103-2135dfdf8d46: 48 arrays, 83.9 MB stored; 1.5 s; peak memory 468 MiB.
2026-10-09T17:27:01Z INFO [921/1000] 467d74de-61b2-4ad1-83db-c13b7d836da2: 48 arrays, 83.9 MB stored; 1.6 s; peak memory 468 MiB.
2026-10-09T17:27:23Z INFO [922/1000] 467e79e8-d447-4ad7-8d97-dba154bc6706: 801 arrays, 60.2 MB stored; 21.8 s; peak memory 468 MiB.
2026-10-09T17:27:25Z INFO [923/1000] 467eba23-4684-4abb-8a9b-2b159d2e2a87: 112 arrays, 0.4 MB stored; 1.9 s; peak memory 468 MiB.
2026-10-09T17:27:31Z INFO [924/1000] 467f7c37-397d-46d1-8bf5-e18193a9efca: 578 arrays, 10.5 MB stored; 6.4 s; peak memory 468 MiB.
2026-10-09T17:27:33Z INFO [925/1000] 467f8797-437b-4127-ba6d-60385d197673: 39 arrays, 786.4 MB stored; 1.6 s; peak memory 468 MiB.
2026-10-09T17:27:40Z INFO [926/1000] 467fd765-534c-4929-bedc-fe7409ebd911: 223 arrays, 272.3 MB stored; 6.6 s; peak memory 468 MiB.
2026-10-09T17:27:41Z INFO [927/1000] 4680e74f-43e9-44ae-9848-bf4a545d6e06: 48 arrays, 83.9 MB stored; 1.6 s; peak memory 468 MiB.
2026-10-09T17:27:52Z INFO [928/1000] 466f8d45-0d94-4dae-8a18-6b0b00eb81ee: 167 arrays, 21075.4 MB stored; 159.3 s; peak memory 468 MiB.
2026-10-09T17:27:55Z INFO [929/1000] 46810e9b-6df6-4f4a-b34a-78e3cee64de1: 131 arrays, 0.8 MB stored; 2.2 s; peak memory 468 MiB.
2026-10-09T17:27:56Z INFO [930/1000] 46813e7e-aac4-46d9-b8a3-b787547b8668: 59 arrays, 118.8 MB stored; 1.9 s; peak memory 468 MiB.
2026-10-09T17:28:00Z INFO [931/1000] 4681625a-4340-4ee1-bbc2-8287b47220dd: 115 arrays, 190.1 MB stored; 3.3 s; peak memory 468 MiB.
2026-10-09T17:28:02Z INFO [932/1000] 4681ec99-7cea-40e7-a68e-40fc8461c56b: 118 arrays, 0.5 MB stored; 1.9 s; peak memory 468 MiB.
2026-10-09T17:28:02Z INFO [933/1000] 4681005c-5d27-4dc1-a6fd-c12b3c9a1c8d: 133 arrays, 420.0 MB stored; 20.8 s; peak memory 468 MiB.
2026-10-09T17:28:04Z INFO [934/1000] 46830368-18cf-468c-985e-6a963c8b13ab: 48 arrays, 83.9 MB stored; 1.6 s; peak memory 468 MiB.
2026-10-09T17:28:05Z INFO [935/1000] 4682aaff-2a73-466c-aad3-06dab668e105: 38 arrays, 36.3 MB stored; 3.1 s; peak memory 468 MiB.
2026-10-09T17:28:05Z INFO [936/1000] 468333dd-91fa-4cc0-b002-fd633bd739e0: 116 arrays, 9.7 MB stored; 1.8 s; peak memory 468 MiB.
2026-10-09T17:28:07Z INFO [937/1000] 46833512-4d55-42d2-8404-29ca63ebb481: 118 arrays, 66.1 MB stored; 2.7 s; peak memory 468 MiB.
2026-10-09T17:28:09Z INFO [938/1000] 46845751-6295-4bea-bc39-cc72806b06cf: 121 arrays, 0.9 MB stored; 3.1 s; peak memory 468 MiB.
2026-10-09T17:28:10Z INFO [939/1000] 4685429d-a661-4462-98c9-63f07b98dc7d: 116 arrays, 0.3 MB stored; 1.8 s; peak memory 468 MiB.
2026-10-09T17:28:12Z INFO [940/1000] 4684a6ae-a4ae-427d-91f7-f69aa40569e8: 156 arrays, 193.5 MB stored; 4.1 s; peak memory 468 MiB.
2026-10-09T17:28:12Z INFO [941/1000] 4685b18e-362a-46a2-b321-0c20620ba471: 70 arrays, 0.6 MB stored; 1.5 s; peak memory 468 MiB.
2026-10-09T17:28:14Z INFO [942/1000] 46860229-cc72-4039-abd2-70c1945ae8d7: 117 arrays, 0.7 MB stored; 2.0 s; peak memory 468 MiB.
2026-10-09T17:28:16Z INFO [943/1000] 46861d56-107e-4978-8679-db12149c63ad: 117 arrays, 0.4 MB stored; 1.8 s; peak memory 468 MiB.
2026-10-09T17:28:17Z INFO [944/1000] 46862dd0-4ddd-4307-adb9-f1d65134112e: 62 arrays, 0.0 MB stored; 1.4 s; peak memory 468 MiB.
2026-10-09T17:28:19Z INFO [945/1000] 4685ceb2-f04b-4ba7-a330-4395345b6a16: 626 arrays, 12.0 MB stored; 7.0 s; peak memory 468 MiB.
2026-10-09T17:28:19Z INFO [946/1000] 4686bcda-c050-4d1d-b75d-2d5836bd66ef: 84 arrays, 0.3 MB stored; 1.9 s; peak memory 468 MiB.
2026-10-09T17:28:21Z INFO [947/1000] 4686ede4-53d4-479c-a9fa-d52a03b22f96: 49 arrays, 1.3 MB stored; 1.8 s; peak memory 468 MiB.
2026-10-09T17:28:23Z INFO [948/1000] 468755e6-2de0-449b-80d1-af42ed733aea: 45 arrays, 10.9 MB stored; 1.8 s; peak memory 468 MiB.
2026-10-09T17:28:24Z INFO [949/1000] 468780c8-c36b-40fd-90d0-759e0c2b03a7: 118 arrays, 0.3 MB stored; 1.8 s; peak memory 468 MiB.
2026-10-09T17:28:26Z INFO [950/1000] 4687dc81-13c5-4d94-a1bd-a6e1f0677fec: 48 arrays, 83.9 MB stored; 1.6 s; peak memory 468 MiB.
2026-10-09T17:28:28Z INFO [951/1000] 4686c918-99c4-489e-af73-18ab81d78785: 56 arrays, 141.6 MB stored; 9.1 s; peak memory 468 MiB.
2026-10-09T17:28:28Z INFO [952/1000] 46883c44-25ee-4742-88f2-259116b77e35: 69 arrays, 0.7 MB stored; 2.0 s; peak memory 468 MiB.
2026-10-09T17:28:29Z INFO [953/1000] 4689132f-c1bf-42ba-8313-e83238396f6e: 48 arrays, 83.9 MB stored; 1.7 s; peak memory 468 MiB.
2026-10-09T17:28:31Z INFO [954/1000] 46899d01-627d-4764-87e1-c16332655277: 48 arrays, 251.7 MB stored; 1.7 s; peak memory 468 MiB.
2026-10-09T17:28:32Z INFO [955/1000] 46899126-38a6-4e40-8b07-3114d08d4e56: 115 arrays, 190.2 MB stored; 3.6 s; peak memory 468 MiB.
2026-10-09T17:28:33Z INFO [956/1000] 4689cf98-70d0-4393-9618-1824ca3198e8: 116 arrays, 0.5 MB stored; 1.9 s; peak memory 468 MiB.
2026-10-09T17:28:35Z INFO [957/1000] 468a2370-912e-497e-b9a6-5236e2b0370a: 48 arrays, 83.9 MB stored; 1.6 s; peak memory 468 MiB.
2026-10-09T17:28:36Z INFO [958/1000] 4689f243-3c13-4033-896d-6e8ae0223acb: 80 arrays, 538.6 MB stored; 4.0 s; peak memory 468 MiB.
2026-10-09T17:28:37Z INFO [959/1000] 468bb7d2-19c0-47be-af15-f9344e4ecb9c: 62 arrays, 2883.2 MB stored; 1.9 s; peak memory 468 MiB.
2026-10-09T17:28:46Z INFO [960/1000] 468c051a-7a1c-45d1-a47c-7f5afb2185e0: 766 arrays, 17.2 MB stored; 8.2 s; peak memory 468 MiB.
2026-10-09T17:28:47Z INFO [961/1000] 468cccfa-a2dc-4824-998a-71c04c0861cc: 48 arrays, 83.9 MB stored; 1.5 s; peak memory 468 MiB.
2026-10-09T17:28:49Z INFO [962/1000] 468d6de2-93e4-4e19-a5a4-3f02533a5eda: 65 arrays, 16.5 MB stored; 1.7 s; peak memory 468 MiB.
2026-10-09T17:28:49Z INFO [963/1000] 46760986-9aca-4730-885d-0b554d57b4da: 167 arrays, 21254.4 MB stored; 164.1 s; peak memory 468 MiB.
2026-10-09T17:28:50Z INFO [964/1000] 468a7c9c-695d-4d26-b6c7-f19729a4f0f3: 106 arrays, 21925.2 MB stored; 15.7 s; peak memory 468 MiB.
2026-10-09T17:28:50Z INFO [965/1000] 468e4b40-36f0-4e2b-aea9-e0bd71280e4f: 48 arrays, 83.9 MB stored; 1.6 s; peak memory 468 MiB.
2026-10-09T17:28:52Z INFO [966/1000] 468e70d3-3797-4b97-8fd5-b25c15ded526: 66 arrays, 145.7 MB stored; 2.3 s; peak memory 468 MiB.
2026-10-09T17:28:52Z INFO [967/1000] 468f4efa-a6b1-4de1-8ae2-e3466d8531f6: 63 arrays, 0.2 MB stored; 1.7 s; peak memory 468 MiB.
2026-10-09T17:28:52Z INFO [968/1000] 468f6422-539c-461c-ac20-644a35a2305c: 48 arrays, 83.9 MB stored; 1.6 s; peak memory 468 MiB.
2026-10-09T17:28:54Z INFO [969/1000] 468fceab-cd95-41e4-9f65-d1fe8d1203fe: 64 arrays, 0.0 MB stored; 1.7 s; peak memory 468 MiB.
2026-10-09T17:28:54Z INFO [970/1000] 46904f22-3924-4d00-a7e4-4e354657caf3: 48 arrays, 83.9 MB stored; 1.7 s; peak memory 468 MiB.
2026-10-09T17:28:54Z INFO [971/1000] 468f9334-6fd6-45db-b202-56fe6e3093b3: 71 arrays, 65.4 MB stored; 2.5 s; peak memory 468 MiB.
2026-10-09T17:28:56Z INFO [972/1000] 4690930d-dda2-426d-92f7-c763ff6f070e: 112 arrays, 0.5 MB stored; 2.0 s; peak memory 468 MiB.
2026-10-09T17:28:57Z INFO [973/1000] 469220e5-d30e-413b-beb1-8141f143dcbe: 110 arrays, 0.9 MB stored; 2.5 s; peak memory 468 MiB.
2026-10-09T17:28:58Z INFO [974/1000] 46922baf-a181-4cc3-a516-e150f599ce1e: 66 arrays, 21.7 MB stored; 2.2 s; peak memory 468 MiB.
2026-10-09T17:28:59Z INFO [975/1000] 46925620-0b0f-492a-9eba-329508373389: 112 arrays, 0.9 MB stored; 2.2 s; peak memory 468 MiB.
2026-10-09T17:28:59Z INFO [976/1000] 46918458-5558-4c0f-a695-a27fff4803fd: 564 arrays, 5.6 MB stored; 5.4 s; peak memory 468 MiB.
2026-10-09T17:29:01Z INFO [977/1000] 46928587-2013-4bf3-b245-facc662e71e4: 63 arrays, 0.2 MB stored; 1.5 s; peak memory 468 MiB.
2026-10-09T17:29:02Z INFO [978/1000] 46930dba-dad1-4cbb-ae7b-3e66c88444e7: 48 arrays, 83.9 MB stored; 1.6 s; peak memory 468 MiB.
2026-10-09T17:29:04Z INFO [979/1000] 46927119-7aa0-4bb4-96cc-b5a5592a0aef: 347 arrays, 4.6 MB stored; 4.9 s; peak memory 468 MiB.
2026-10-09T17:29:05Z INFO [980/1000] 469418c4-240e-4cbe-a0fb-1c2784c41dbf: 114 arrays, 186.8 MB stored; 3.2 s; peak memory 468 MiB.
2026-10-09T17:29:06Z INFO [981/1000] 46947c7a-49f7-4c32-847f-fa7b0ae7f9ed: 65 arrays, 0.0 MB stored; 1.8 s; peak memory 468 MiB.
2026-10-09T17:29:08Z INFO [982/1000] 4694b42d-d3d8-4788-9dbf-6853b96926e1: 112 arrays, 0.7 MB stored; 2.1 s; peak memory 468 MiB.
2026-10-09T17:29:11Z INFO [983/1000] 4694cac1-92ba-41f6-9c05-e99b8c256a29: 123 arrays, 5.9 MB stored; 3.4 s; peak memory 468 MiB.
2026-10-09T17:29:13Z INFO [984/1000] 4694e044-d838-4826-b6ea-9ac6f794ea8e: 48 arrays, 83.9 MB stored; 1.6 s; peak memory 468 MiB.
2026-10-09T17:29:14Z INFO [985/1000] 4695025c-0c59-45b1-a144-f3f3bc89e394: 117 arrays, 0.5 MB stored; 1.8 s; peak memory 468 MiB.
2026-10-09T17:29:15Z INFO [986/1000] 46948910-c01e-494f-acf2-bcf3533fba25: 9086 arrays, 260.8 MB stored; 10.1 s; peak memory 468 MiB.
2026-10-09T17:29:16Z INFO [987/1000] 469505ff-f5ce-4721-9d95-969aff239ce6: 261 arrays, 17.1 MB stored; 2.1 s; peak memory 468 MiB.
2026-10-09T17:29:18Z INFO [988/1000] 46963d94-b69a-4176-8c6c-f4081186c1e2: 110 arrays, 0.5 MB stored; 1.9 s; peak memory 468 MiB.
2026-10-09T17:29:20Z INFO [989/1000] 46979187-25a8-4795-ba0c-d7cfc9788e93: 49 arrays, 1.3 MB stored; 1.8 s; peak memory 468 MiB.
2026-10-09T17:29:23Z INFO [990/1000] 46980788-d7af-417b-ab2a-16be9e82dcee: 38 arrays, 21.0 MB stored; 2.4 s; peak memory 468 MiB.
2026-10-09T17:29:25Z INFO [991/1000] 4698544d-ee6b-48c7-8699-ff78315b4a68: 74 arrays, 3.4 MB stored; 1.8 s; peak memory 468 MiB.
2026-10-09T17:29:25Z INFO [992/1000] 469566e6-2d54-4540-a816-3f8c6d2a7ad5: 775 arrays, 31.9 MB stored; 10.0 s; peak memory 468 MiB.
2026-10-09T17:29:26Z INFO [993/1000] 4698a39a-00f5-42af-b91c-30acad7e746d: 56 arrays, 0.0 MB stored; 1.6 s; peak memory 468 MiB.
2026-10-09T17:29:30Z INFO [994/1000] 4698b24a-dba6-4fe8-be2e-2919b518659c: 39 arrays, 18585.9 MB stored; 4.8 s; peak memory 468 MiB.
2026-10-09T17:29:34Z INFO [995/1000] 45f8cd37-5178-4034-a62b-f0d3a930745d: 99 arrays, 1489.0 MB stored; 658.1 s; peak memory 468 MiB.
2026-10-09T17:31:38Z INFO [996/1000] 46925db1-deb1-467b-9db1-65eb8e40bba0: 167 arrays, 21123.1 MB stored; 159.6 s; peak memory 468 MiB.
2026-10-09T17:37:53Z WARNING 45e62320-455c-49ad-b75f-72fabd50fe31: failed while reading the NWB file (TimeoutError: exceeded 1200 s)
2026-10-09T17:37:53Z WARNING [997/1000] 45e62320-455c-49ad-b75f-72fabd50fe31: recorded the failure; a later run retries it.
2026-10-09T17:42:51Z WARNING 4640691a-4965-4632-8047-c2f3572dd1b5: failed while reading the NWB file (TimeoutError: exceeded 1200 s)
2026-10-09T17:42:51Z WARNING [998/1000] 4640691a-4965-4632-8047-c2f3572dd1b5: recorded the failure; a later run retries it.
2026-10-09T17:43:45Z WARNING 464d038f-aa58-40dd-ac6d-9dc745bc4456: failed while reading the NWB file (TimeoutError: exceeded 1200 s)
2026-10-09T17:43:45Z WARNING [999/1000] 464d038f-aa58-40dd-ac6d-9dc745bc4456: recorded the failure; a later run retries it.
2026-10-09T17:45:28Z WARNING 4671de95-7147-4d63-b6fd-33956d619158: failed while reading the NWB file (TimeoutError: exceeded 1200 s)
2026-10-09T17:45:28Z WARNING [1000/1000] 4671de95-7147-4d63-b6fd-33956d619158: recorded the failure; a later run retries it.
2026-10-09T17:45:29Z INFO [1000/1000] 4671de95-7147-4d63-b6fd-33956d619158: checkpointed 1000 new records.
2026-10-09T17:45:29Z INFO Wrote 47200 records to /tmp/derivatives/valid_nwb_file_to_array_sizes.jsonl (996 new, 4 failed) in 35.5 min (peak memory 564 MiB).
