2026-10-10T10:16:10Z INFO Logging to /tmp/logs/update_2026-10-10T10-16-10Z.log.
2026-10-10T10:16:10Z INFO Update valid-nwb-file-to-array-sizes (base directory /tmp).
2026-10-10T10:16:52Z INFO Processing 1000 items (75200 already recorded).
2026-10-10T10:16:54Z INFO [1/1000] 70cfb348-b7d9-4912-b75c-36e93516a58f: 46 arrays, 0.0 MB stored; 1.8 s; peak memory 163 MiB.
2026-10-10T10:16:54Z INFO [2/1000] 70cf2225-3ade-4fa4-a4f1-110d8cda1a8f: 46 arrays, 0.1 MB stored; 1.9 s; peak memory 163 MiB.
2026-10-10T10:16:54Z INFO [3/1000] 70ce2181-52c2-4eec-a912-cfc638be9c41: 48 arrays, 83.9 MB stored; 2.0 s; peak memory 163 MiB.
2026-10-10T10:16:54Z INFO [4/1000] 70ced393-c376-4e23-9c01-9e5a42701d3f: 61 arrays, 0.5 MB stored; 2.0 s; peak memory 163 MiB.
2026-10-10T10:16:54Z INFO [5/1000] 70cfad6a-8a95-48ea-b221-0157d843353d: 56 arrays, 0.0 MB stored; 2.0 s; peak memory 163 MiB.
2026-10-10T10:16:55Z INFO [6/1000] 70d136c3-94df-4325-98b3-076a21e57845: 131 arrays, 0.6 MB stored; 2.4 s; peak memory 163 MiB.
2026-10-10T10:16:55Z INFO [7/1000] 70cec5dd-abdc-49d9-9ca7-33a7baf78359: 102 arrays, 16.3 MB stored; 3.1 s; peak memory 163 MiB.
2026-10-10T10:16:56Z INFO [8/1000] 4788e8fe-c17e-4fc5-9089-7228329e5509: 103 arrays, 380.1 MB stored; 3.4 s; peak memory 163 MiB.
2026-10-10T10:16:56Z INFO [9/1000] 70d3696b-2310-4caf-9d38-ed2205ecb303: 112 arrays, 0.2 MB stored; 1.6 s; peak memory 163 MiB.
2026-10-10T10:16:56Z INFO [10/1000] 70d3b0cb-041d-4d3f-ba6e-752aecb51124: 56 arrays, 0.0 MB stored; 1.4 s; peak memory 163 MiB.
2026-10-10T10:16:56Z INFO [11/1000] 70d365ad-1172-4a76-8e99-d510e97b8728: 84 arrays, 1.8 MB stored; 1.8 s; peak memory 163 MiB.
2026-10-10T10:16:56Z INFO [12/1000] 70d41309-aa1d-47b7-8911-88f14a1c40fa: 48 arrays, 83.9 MB stored; 1.8 s; peak memory 163 MiB.
2026-10-10T10:16:56Z INFO [13/1000] 70d4883c-f544-4b2b-9a96-6eefe87a1b13: 117 arrays, 0.3 MB stored; 1.7 s; peak memory 163 MiB.
2026-10-10T10:16:56Z INFO [14/1000] 70d4728a-d912-420a-b64e-c168a9a9c9c7: 152 arrays, 0.5 MB stored; 2.1 s; peak memory 163 MiB.
2026-10-10T10:16:57Z INFO [15/1000] 70d48966-4d22-425d-8e06-bd9bc0e73c5d: 63 arrays, 0.1 MB stored; 1.3 s; peak memory 163 MiB.
2026-10-10T10:16:58Z INFO [16/1000] 70d57289-ba9b-41cd-91af-8a8ac0d4a208: 116 arrays, 0.2 MB stored; 1.8 s; peak memory 163 MiB.
2026-10-10T10:16:58Z INFO [17/1000] 70d60a9f-201e-4523-92f3-de4ace4f27e2: 69 arrays, 33.1 MB stored; 1.9 s; peak memory 163 MiB.
2026-10-10T10:16:58Z INFO [18/1000] 70d6f6a8-19b9-4eb1-9a7f-4bdf3734e953: 247 arrays, 17.1 MB stored; 1.9 s; peak memory 163 MiB.
2026-10-10T10:16:58Z INFO [19/1000] 70d7a92d-cc3d-490b-847c-2145321ad54f: 289 arrays, 17.2 MB stored; 1.6 s; peak memory 163 MiB.
2026-10-10T10:16:59Z INFO [20/1000] 70d6cb8a-c0dc-4fb2-ac66-27c7f5545cb0: 133 arrays, 79302.2 MB stored; 2.6 s; peak memory 163 MiB.
2026-10-10T10:16:59Z INFO [21/1000] 70d7ad07-ff1d-4cb1-ba20-6b460ff136f0: 117 arrays, 0.4 MB stored; 1.3 s; peak memory 163 MiB.
2026-10-10T10:17:00Z INFO [22/1000] 70d7f192-fec3-41cd-b972-56f582fe2c64: 68 arrays, 4.1 MB stored; 1.3 s; peak memory 163 MiB.
2026-10-10T10:17:00Z INFO [23/1000] 70d82773-5777-47cd-bc67-835cf6080e3d: 41 arrays, 8.4 MB stored; 1.1 s; peak memory 163 MiB.
2026-10-10T10:17:00Z INFO [24/1000] 70d7f71b-94ac-405b-8981-2aa0088a6cbc: 118 arrays, 0.5 MB stored; 1.5 s; peak memory 163 MiB.
2026-10-10T10:17:01Z INFO [25/1000] 70d7e50a-6258-4a2a-8c56-dcda5dbb539c: 115 arrays, 190.0 MB stored; 2.3 s; peak memory 163 MiB.
2026-10-10T10:17:01Z INFO [26/1000] 70d6c5c2-6721-4fec-a221-713fa2f63de2: 669 arrays, 13.7 MB stored; 5.1 s; peak memory 163 MiB.
2026-10-10T10:17:01Z INFO [27/1000] 70d8ca51-874f-4012-81d7-09d02edfac9f: 70 arrays, 0.0 MB stored; 1.3 s; peak memory 163 MiB.
2026-10-10T10:17:01Z INFO [28/1000] 70d90233-5cb8-4e7f-89f5-3419cade170d: 67 arrays, 68.7 MB stored; 1.3 s; peak memory 163 MiB.
2026-10-10T10:17:02Z INFO [29/1000] 70d7b642-dff5-4253-bc59-42c716c2e0b5: 223 arrays, 512.0 MB stored; 4.5 s; peak memory 163 MiB.
2026-10-10T10:17:02Z INFO [30/1000] 70d9cdb6-e62d-4380-a592-f0487a6c3cb4: 117 arrays, 0.3 MB stored; 1.4 s; peak memory 163 MiB.
2026-10-10T10:17:03Z INFO [31/1000] 70d53442-7aa0-4f27-9415-8a8ce1306e80: 391 arrays, 77.8 MB stored; 7.0 s; peak memory 163 MiB.
2026-10-10T10:17:03Z INFO [32/1000] 70db54d0-c0c6-4703-b9e9-1d916059352a: 52 arrays, 0.0 MB stored; 1.1 s; peak memory 163 MiB.
2026-10-10T10:17:04Z INFO [33/1000] 70dbb905-5304-4429-bdfc-cf50e6226e54: 45 arrays, 0.0 MB stored; 1.0 s; peak memory 163 MiB.
2026-10-10T10:17:04Z INFO [34/1000] 70dabb9d-18b7-4006-b956-0020abc8b12c: 85 arrays, 217.9 MB stored; 2.5 s; peak memory 163 MiB.
2026-10-10T10:17:04Z INFO [35/1000] 70db7390-21d4-47eb-b8c0-1f2bd8165c8d: 66 arrays, 54.7 MB stored; 1.8 s; peak memory 163 MiB.
2026-10-10T10:17:05Z INFO [36/1000] 70d94d63-bd75-4bb6-af19-4cd4f541d7e8: 174 arrays, 30.4 MB stored; 3.9 s; peak memory 163 MiB.
2026-10-10T10:17:05Z INFO [37/1000] 70dce266-f5a0-4dde-96a0-85c655a6d4d7: 46 arrays, 0.1 MB stored; 1.0 s; peak memory 163 MiB.
2026-10-10T10:17:05Z INFO [38/1000] 70dc4e9a-dcc8-4642-a2fd-08716d062bde: 117 arrays, 0.3 MB stored; 1.4 s; peak memory 163 MiB.
2026-10-10T10:17:06Z INFO [39/1000] 70da7d64-7ff0-47ee-bca5-3d210c14ef05: 598 arrays, 6.2 MB stored; 4.4 s; peak memory 163 MiB.
2026-10-10T10:17:06Z INFO [40/1000] 70dde784-b52d-4a87-bace-accff0e52712: 117 arrays, 0.6 MB stored; 1.6 s; peak memory 163 MiB.
2026-10-10T10:17:06Z INFO [41/1000] 70dc2c87-633a-4f76-8c14-3e3b0224c143: 375 arrays, 3.0 MB stored; 3.2 s; peak memory 163 MiB.
2026-10-10T10:17:07Z INFO [42/1000] 70ded1a7-dd83-4b76-b977-53c272dd474c: 110 arrays, 0.9 MB stored; 1.7 s; peak memory 163 MiB.
2026-10-10T10:17:07Z INFO [43/1000] 70de38df-005a-402b-b1e5-d0246101c03d: 117 arrays, 25.3 MB stored; 2.2 s; peak memory 163 MiB.
2026-10-10T10:17:07Z INFO [44/1000] 70dfd581-373c-47f2-9475-48ba91ae778b: 112 arrays, 0.6 MB stored; 1.3 s; peak memory 163 MiB.
2026-10-10T10:17:08Z INFO [45/1000] 70e03928-63d7-40c9-8dbb-f93f68de99db: 48 arrays, 83.9 MB stored; 1.2 s; peak memory 163 MiB.
2026-10-10T10:17:08Z INFO [46/1000] 70e05078-4f6c-47e7-98f4-e22b38e6250d: 48 arrays, 83.9 MB stored; 1.2 s; peak memory 163 MiB.
2026-10-10T10:17:09Z INFO [47/1000] 70e0678d-7348-4b62-ba0f-b30fda4f9746: 48 arrays, 83.9 MB stored; 1.3 s; peak memory 163 MiB.
2026-10-10T10:17:09Z INFO [48/1000] 70e0b234-b1b7-4309-82ad-8ba795fa51b3: 33 arrays, 570.8 MB stored; 1.4 s; peak memory 163 MiB.
2026-10-10T10:17:09Z INFO [49/1000] 70e1e759-d711-4a75-96ed-c7449244ad26: 46 arrays, 12.6 MB stored; 1.1 s; peak memory 163 MiB.
2026-10-10T10:17:09Z INFO [50/1000] 70dfaecc-4ca9-44cc-89cb-b0709f8e6726: 229 arrays, 229.0 MB stored; 3.7 s; peak memory 163 MiB.
2026-10-10T10:17:10Z INFO [51/1000] 70dd0a5b-87b9-4698-8fce-9983ffc7f45e: 537 arrays, 8.3 MB stored; 5.4 s; peak memory 163 MiB.
2026-10-10T10:17:10Z INFO [52/1000] 70e1f819-2c67-4603-a3e8-bfc19506c94c: 48 arrays, 83.9 MB stored; 1.3 s; peak memory 163 MiB.
2026-10-10T10:17:10Z INFO [53/1000] 70e1fc9c-0f2d-4d56-ba0c-79a11beab707: 39 arrays, 4.5 MB stored; 1.2 s; peak memory 163 MiB.
2026-10-10T10:17:11Z INFO [54/1000] 70e20744-65f5-456c-ad99-c6e2cd0e3d4d: 61 arrays, 0.3 MB stored; 1.4 s; peak memory 163 MiB.
2026-10-10T10:17:11Z INFO [55/1000] 70e24aa9-a918-4467-a41b-08b1f363329a: 48 arrays, 83.9 MB stored; 1.4 s; peak memory 163 MiB.
2026-10-10T10:17:11Z INFO [56/1000] 70e2fefb-62e4-4d7c-b1ab-779f0b6ec259: 48 arrays, 83.9 MB stored; 1.4 s; peak memory 163 MiB.
2026-10-10T10:17:12Z INFO [57/1000] 70e46d56-1563-4f14-aa05-5741014f8886: 112 arrays, 1.3 MB stored; 1.8 s; peak memory 163 MiB.
2026-10-10T10:17:12Z INFO [58/1000] 70e530e7-d508-49f3-b45a-aa9f92ef3755: 112 arrays, 0.5 MB stored; 1.4 s; peak memory 163 MiB.
2026-10-10T10:17:12Z INFO [59/1000] 70e1e3c4-606c-47be-856a-2fc6e88eeea7: 538 arrays, 7.5 MB stored; 4.8 s; peak memory 163 MiB.
2026-10-10T10:17:12Z INFO [60/1000] 70e59816-76f5-4903-9f66-089d729f1c24: 117 arrays, 0.5 MB stored; 1.4 s; peak memory 163 MiB.
2026-10-10T10:17:12Z INFO [61/1000] 70e4757b-e7cb-48db-8677-a12cb8ffc607: 71 arrays, 49.2 MB stored; 1.8 s; peak memory 163 MiB.
2026-10-10T10:17:13Z INFO [62/1000] 70e34dd3-ed05-4869-9664-d5150f0c2695: 84 arrays, 606.8 MB stored; 3.2 s; peak memory 163 MiB.
2026-10-10T10:17:13Z INFO [63/1000] 70e5ed97-aeb5-49c3-a8c1-833b65c7d861: 48 arrays, 83.9 MB stored; 1.3 s; peak memory 163 MiB.
2026-10-10T10:17:14Z INFO [64/1000] 70e5fc92-f7c9-4daa-9d40-dd74efe1ff42: 48 arrays, 83.9 MB stored; 1.4 s; peak memory 163 MiB.
2026-10-10T10:17:14Z INFO [65/1000] 70e65efc-5493-4f47-85a4-2c30b330f603: 48 arrays, 83.9 MB stored; 1.5 s; peak memory 163 MiB.
2026-10-10T10:17:14Z INFO [66/1000] 70e65707-0a08-4914-8a1e-cd798e2d9060: 112 arrays, 0.5 MB stored; 1.6 s; peak memory 163 MiB.
2026-10-10T10:17:15Z INFO [67/1000] 70e6c609-b3d4-4569-858a-b0fc1b90e270: 69 arrays, 8.0 MB stored; 1.5 s; peak memory 163 MiB.
2026-10-10T10:17:15Z INFO [68/1000] 70e61f3a-3213-47ba-82c4-9c3f1e153b1d: 156 arrays, 193.5 MB stored; 2.8 s; peak memory 163 MiB.
2026-10-10T10:17:15Z INFO [69/1000] 70e7056a-8718-4e28-a7e9-dd1809921ec0: 116 arrays, 0.5 MB stored; 1.4 s; peak memory 163 MiB.
2026-10-10T10:17:16Z INFO [70/1000] 70e7db62-881a-484b-bea2-0a3bb30eb4b3: 117 arrays, 0.2 MB stored; 1.1 s; peak memory 163 MiB.
2026-10-10T10:17:16Z INFO [71/1000] 70e822c8-30a9-4e01-a3d2-5cb5cf9e8d22: 48 arrays, 83.9 MB stored; 1.1 s; peak memory 163 MiB.
2026-10-10T10:17:17Z INFO [72/1000] 70e7f244-45c0-48dd-b014-63ebdbdf0239: 71 arrays, 6.3 MB stored; 1.7 s; peak memory 163 MiB.
2026-10-10T10:17:17Z INFO [73/1000] 70e8af4d-09bf-453d-9802-1cc3efda407c: 59 arrays, 98.1 MB stored; 1.3 s; peak memory 163 MiB.
2026-10-10T10:17:17Z INFO [74/1000] 70e8f250-799b-46a7-ae9d-ff134d9236d0: 46 arrays, 5.3 MB stored; 1.1 s; peak memory 163 MiB.
2026-10-10T10:17:18Z INFO [75/1000] 70e9373f-7a4d-434d-bdb2-ae93f541cf44: 107 arrays, 0.2 MB stored; 1.4 s; peak memory 163 MiB.
2026-10-10T10:17:19Z INFO [76/1000] 70e93889-b5b2-47b4-a4ef-021f6e6bf27e: 66 arrays, 26.3 MB stored; 1.6 s; peak memory 163 MiB.
2026-10-10T10:17:20Z INFO [77/1000] 70e9760b-79e7-4800-9edd-ff98501f556d: 48 arrays, 83.9 MB stored; 1.2 s; peak memory 163 MiB.
2026-10-10T10:17:20Z INFO [78/1000] 70e98f8f-665a-4dbd-ba0f-f2ab57f22f52: 70 arrays, 0.5 MB stored; 1.2 s; peak memory 163 MiB.
2026-10-10T10:17:21Z INFO [79/1000] 70e9304c-da1f-4e40-b3b2-b183eb95b547: 581 arrays, 6.9 MB stored; 3.7 s; peak memory 163 MiB.
2026-10-10T10:17:21Z INFO [80/1000] 70e9c350-6211-4643-a48e-562104a8eb7c: 48 arrays, 83.9 MB stored; 1.1 s; peak memory 163 MiB.
2026-10-10T10:17:21Z INFO [81/1000] 70ea5257-bfcc-4454-af14-b348d130fe06: 60 arrays, 55.9 MB stored; 1.3 s; peak memory 163 MiB.
2026-10-10T10:17:22Z INFO [82/1000] 70ead5b2-ce45-4e91-bb90-2e14a5358b01: 110 arrays, 0.3 MB stored; 1.5 s; peak memory 163 MiB.
2026-10-10T10:17:23Z INFO [83/1000] 70eb15c0-974f-4ef1-9fa8-ba492e760f0e: 74 arrays, 52.6 MB stored; 1.8 s; peak memory 163 MiB.
2026-10-10T10:17:23Z INFO [84/1000] 70e7055d-420e-4658-bf97-8fc29a32aac8: 790 arrays, 25.2 MB stored; 9.8 s; peak memory 163 MiB.
2026-10-10T10:17:23Z INFO [85/1000] 70ec24e2-b05b-4940-a023-f7ad119df3b3: 118 arrays, 0.3 MB stored; 1.3 s; peak memory 163 MiB.
2026-10-10T10:17:24Z INFO [86/1000] 70ec3b09-b1d3-4c21-9d4c-6a47bb6c0849: 117 arrays, 0.4 MB stored; 1.3 s; peak memory 163 MiB.
2026-10-10T10:17:25Z INFO [87/1000] 70ec7047-eee9-46d2-8bb0-f25f9fed26cb: 114 arrays, 0.1 MB stored; 1.5 s; peak memory 163 MiB.
2026-10-10T10:17:25Z INFO [88/1000] 70ea54b0-47d7-4479-8905-6eaa19f38371: 480 arrays, 5.6 MB stored; 4.4 s; peak memory 163 MiB.
2026-10-10T10:17:25Z INFO [89/1000] 70ec6cd0-b112-4278-a02e-160c8f74324d: 71 arrays, 90.7 MB stored; 2.0 s; peak memory 163 MiB.
2026-10-10T10:17:26Z INFO [90/1000] 70ed50c3-f83d-4b94-86c6-ecbe2550d801: 39 arrays, 0.0 MB stored; 0.8 s; peak memory 163 MiB.
2026-10-10T10:17:26Z INFO [91/1000] 70ed33ce-d33b-4e3d-a451-a3da90857b3c: 66 arrays, 101.7 MB stored; 1.5 s; peak memory 163 MiB.
2026-10-10T10:17:26Z INFO [92/1000] 70ed9ae1-b1d5-4f47-bfdb-b57d606c56fa: 48 arrays, 83.9 MB stored; 1.2 s; peak memory 163 MiB.
2026-10-10T10:17:27Z INFO [93/1000] 70ee7795-e373-4c23-8f2c-0348c9f2cb48: 71 arrays, 4.4 MB stored; 1.7 s; peak memory 163 MiB.
2026-10-10T10:17:27Z INFO [94/1000] 70eea2c2-001a-427c-988d-9c09f2bd0982: 49 arrays, 17.0 MB stored; 1.3 s; peak memory 163 MiB.
2026-10-10T10:17:27Z INFO [95/1000] 70efd990-32e1-44d5-aa8b-2d2029acbca1: 48 arrays, 83.9 MB stored; 1.2 s; peak memory 163 MiB.
2026-10-10T10:17:28Z INFO [96/1000] 70eec91b-3a3e-462a-b5f7-5edc9e304a78: 62 arrays, 3045.5 MB stored; 1.6 s; peak memory 163 MiB.
2026-10-10T10:17:28Z INFO [97/1000] 70f0167f-4173-434e-8fe4-9564b1608d86: 112 arrays, 0.3 MB stored; 1.3 s; peak memory 163 MiB.
2026-10-10T10:17:29Z INFO [98/1000] 70f06170-a7fe-41c0-a58d-28fd89c59de5: 116 arrays, 9.7 MB stored; 1.3 s; peak memory 163 MiB.
2026-10-10T10:17:29Z INFO [99/1000] 70f0adce-6f06-4dad-ac66-17fb20ccf25f: 41 arrays, 8.4 MB stored; 1.0 s; peak memory 163 MiB.
2026-10-10T10:17:29Z INFO [100/1000] 70f040ee-deff-49c5-8cc1-48c3bc7795a9: 38 arrays, 29.7 MB stored; 2.0 s; peak memory 163 MiB.
2026-10-10T10:17:30Z INFO [101/1000] 70f16c63-af69-429b-9ea4-e21c159229f6: 56 arrays, 0.0 MB stored; 1.0 s; peak memory 163 MiB.
2026-10-10T10:17:30Z INFO [102/1000] 70f1723c-106f-4ef1-ae5f-c794f87123f1: 116 arrays, 0.3 MB stored; 1.4 s; peak memory 163 MiB.
2026-10-10T10:17:30Z INFO [103/1000] 70f1fd3f-ee6c-4c96-a117-bdbfd3dc4f86: 48 arrays, 83.9 MB stored; 1.2 s; peak memory 163 MiB.
2026-10-10T10:17:32Z INFO [104/1000] 70f207d3-6884-45ab-90a8-a93f18778434: 41 arrays, 473.5 MB stored; 2.1 s; peak memory 163 MiB.
2026-10-10T10:17:32Z INFO [105/1000] 70f25fc4-76eb-4829-ba0b-8b9bac15bfb9: 66 arrays, 98.4 MB stored; 1.5 s; peak memory 163 MiB.
2026-10-10T10:17:33Z INFO [106/1000] 70f15564-c2fa-4bb2-afa7-d160bd49dbb5: 640 arrays, 8.8 MB stored; 4.3 s; peak memory 163 MiB.
2026-10-10T10:17:33Z INFO [107/1000] 70f4cd25-6597-4f6e-81f1-374d1aa28f71: 116 arrays, 0.3 MB stored; 1.3 s; peak memory 163 MiB.
2026-10-10T10:17:34Z INFO [108/1000] 70f3a035-d262-40b7-b529-6d9de1de301b: 115 arrays, 190.2 MB stored; 2.2 s; peak memory 163 MiB.
2026-10-10T10:17:34Z INFO [109/1000] 70f56599-992e-486c-95b9-8e621f92c9b2: 51 arrays, 3671.8 MB stored; 1.5 s; peak memory 163 MiB.
2026-10-10T10:17:34Z INFO [110/1000] 70f631f0-6230-4f91-9196-df4bac494a0b: 48 arrays, 83.9 MB stored; 1.3 s; peak memory 163 MiB.
2026-10-10T10:17:35Z INFO [111/1000] 70f7abe4-7aff-4ffb-8765-038dbdcf2903: 57 arrays, 0.0 MB stored; 1.1 s; peak memory 163 MiB.
2026-10-10T10:17:36Z INFO [112/1000] 70f81c5a-f090-4c8d-bbb8-4e1d2dbafe91: 174 arrays, 9.6 MB stored; 1.4 s; peak memory 163 MiB.
2026-10-10T10:17:36Z INFO [113/1000] 70f7c882-1397-4010-a0ba-f30a0104cab3: 119 arrays, 66.5 MB stored; 2.0 s; peak memory 163 MiB.
2026-10-10T10:17:37Z INFO [114/1000] 70f83e87-4bc1-4e8b-a061-a1e31fbda60e: 45 arrays, 676.5 MB stored; 1.5 s; peak memory 163 MiB.
2026-10-10T10:17:37Z INFO [115/1000] 70f21d81-5610-410f-9365-fb4b6864aaf0: 687 arrays, 21.7 MB stored; 6.7 s; peak memory 163 MiB.
2026-10-10T10:17:37Z INFO [116/1000] 70d87124-622f-42c9-880f-d6abeea4ecc6: 55 arrays, 2377.2 MB stored; 37.3 s; peak memory 163 MiB.
2026-10-10T10:17:38Z INFO [117/1000] 70f97a47-6dc3-414a-b528-74fe879e2647: 112 arrays, 0.6 MB stored; 1.5 s; peak memory 163 MiB.
2026-10-10T10:17:38Z INFO [118/1000] 70f8b670-bdf4-4006-b839-590d4a0dc821: 119 arrays, 51.3 MB stored; 1.8 s; peak memory 163 MiB.
2026-10-10T10:17:38Z INFO [119/1000] 70f9b3be-a32a-4050-bc33-f1b7f6752dd1: 51 arrays, 3676.9 MB stored; 1.4 s; peak memory 163 MiB.
2026-10-10T10:17:38Z INFO [120/1000] 70fa4b25-d029-481c-8f9d-9ac1c1223cfe: 74 arrays, 68.0 MB stored; 1.4 s; peak memory 163 MiB.
2026-10-10T10:17:39Z INFO [121/1000] 70fac71c-a9e4-498b-9df8-00fef31056d0: 118 arrays, 0.3 MB stored; 1.3 s; peak memory 163 MiB.
2026-10-10T10:17:39Z INFO [122/1000] 70fb3a5e-ebbe-483a-b915-001cda2493db: 118 arrays, 0.5 MB stored; 1.4 s; peak memory 163 MiB.
2026-10-10T10:17:40Z INFO [123/1000] 70fc68bb-5e78-4a5e-9f48-059ddd06cb66: 112 arrays, 0.6 MB stored; 1.4 s; peak memory 163 MiB.
2026-10-10T10:17:40Z INFO [124/1000] 70fcf0a5-d360-44f4-b243-12e3475c628e: 52 arrays, 13.4 MB stored; 1.1 s; peak memory 163 MiB.
2026-10-10T10:17:41Z INFO [125/1000] 70fd3432-2cef-4bc9-9094-54c947047952: 66 arrays, 109.2 MB stored; 1.6 s; peak memory 163 MiB.
2026-10-10T10:17:43Z INFO [126/1000] 70f9e85b-e6c8-4b56-88f2-15405f73fb65: 1057 arrays, 29.0 MB stored; 6.4 s; peak memory 163 MiB.
2026-10-10T10:17:44Z INFO [127/1000] 70fec8ba-5360-4144-bcdc-f38f027b8c54: 156 arrays, 193.6 MB stored; 2.7 s; peak memory 163 MiB.
2026-10-10T10:17:44Z INFO [128/1000] 70ff2bcd-e0aa-46ca-b7bf-5c8bf5f75353: 48 arrays, 83.9 MB stored; 1.2 s; peak memory 163 MiB.
2026-10-10T10:17:44Z INFO [129/1000] 70fe63db-ab5d-4ee3-a0e2-1f6a5706dbe5: 579 arrays, 7.1 MB stored; 4.6 s; peak memory 163 MiB.
2026-10-10T10:17:45Z INFO [130/1000] 70ff36fb-f68a-435f-8419-d6e64080316a: 52 arrays, 361.0 MB stored; 1.3 s; peak memory 163 MiB.
2026-10-10T10:17:46Z INFO [131/1000] 70ff452a-48ed-4cb8-bfe5-1ceaf28dcbc9: 117 arrays, 0.5 MB stored; 1.3 s; peak memory 163 MiB.
2026-10-10T10:17:48Z INFO [132/1000] 70ff4026-468d-42d0-9e10-2385fbd3a3ba: 229 arrays, 241.9 MB stored; 4.0 s; peak memory 163 MiB.
2026-10-10T10:17:49Z INFO [133/1000] 70d76709-79df-41ea-8927-03bd841b1568: 70 arrays, 2439.3 MB stored; 52.7 s; peak memory 163 MiB.
2026-10-10T10:17:50Z INFO [134/1000] 70ffe0e9-f3f1-4ff0-a2c1-0b6a0ebff424: 112 arrays, 0.5 MB stored; 1.5 s; peak memory 163 MiB.
2026-10-10T10:17:50Z INFO [135/1000] 7100e371-4edb-4ba2-a39d-466655c65fc2: 68 arrays, 0.3 MB stored; 1.3 s; peak memory 163 MiB.
2026-10-10T10:17:51Z INFO [136/1000] 71010d39-81ec-426f-93bb-c45433e20731: 93 arrays, 0.1 MB stored; 1.1 s; peak memory 163 MiB.
2026-10-10T10:17:52Z INFO [137/1000] 71019a88-611e-4059-966a-bcaa0936b310: 55 arrays, 0.0 MB stored; 1.0 s; peak memory 163 MiB.
2026-10-10T10:17:53Z INFO [138/1000] 70ffafa9-23b8-49f9-b783-ff570d97430f: 1142 arrays, 25.4 MB stored; 6.8 s; peak memory 163 MiB.
2026-10-10T10:17:53Z INFO [139/1000] 70ffad02-7fd9-412c-b0e0-50ad69058fcb: 1117 arrays, 41.7 MB stored; 8.2 s; peak memory 163 MiB.
2026-10-10T10:17:53Z INFO [140/1000] 710291df-3de5-48c5-a324-a4dfbcdf72d9: 53 arrays, 269.4 MB stored; 1.6 s; peak memory 163 MiB.
2026-10-10T10:17:54Z INFO [141/1000] 71031de0-0c73-4bd8-813b-6cb3df15c271: 48 arrays, 83.9 MB stored; 1.2 s; peak memory 163 MiB.
2026-10-10T10:17:54Z INFO [142/1000] 7103217b-de9d-4512-ba01-8544d12a702b: 41 arrays, 8.4 MB stored; 1.1 s; peak memory 163 MiB.
2026-10-10T10:17:55Z INFO [143/1000] 710494db-7135-4a93-b202-624826060438: 46 arrays, 0.1 MB stored; 0.9 s; peak memory 163 MiB.
2026-10-10T10:17:55Z INFO [144/1000] 71012562-23dd-43e6-9c1e-bd6479712613: 548 arrays, 8.2 MB stored; 4.5 s; peak memory 163 MiB.
2026-10-10T10:17:56Z INFO [145/1000] 71052c28-fed1-41ed-a2d3-665fe6387161: 48 arrays, 83.9 MB stored; 1.2 s; peak memory 163 MiB.
2026-10-10T10:17:56Z INFO [146/1000] 71057fcd-8ffa-4070-8c77-21564bc0aad5: 36 arrays, 5.2 MB stored; 1.1 s; peak memory 163 MiB.
2026-10-10T10:17:56Z INFO [147/1000] 71059025-9226-4c10-a00d-e00f0ccaf0db: 57 arrays, 0.0 MB stored; 1.0 s; peak memory 163 MiB.
2026-10-10T10:17:57Z INFO [148/1000] 7105cdef-1512-458d-ada4-25e4ee235326: 71 arrays, 6.2 MB stored; 1.6 s; peak memory 163 MiB.
2026-10-10T10:17:57Z INFO [149/1000] 7105d79b-4200-4758-b467-1b57f45c905a: 48 arrays, 83.9 MB stored; 1.2 s; peak memory 163 MiB.
2026-10-10T10:17:58Z INFO [150/1000] 7105fc9b-2946-4b88-8560-cda77510f091: 117 arrays, 0.4 MB stored; 1.3 s; peak memory 163 MiB.
2026-10-10T10:17:59Z INFO [151/1000] 710672ca-1f6c-4511-8b58-816947ee2127: 168 arrays, 3.2 MB stored; 2.1 s; peak memory 163 MiB.
2026-10-10T10:18:00Z INFO [152/1000] 71069eec-8b6d-4393-8279-379a49ec5321: 48 arrays, 83.9 MB stored; 1.2 s; peak memory 163 MiB.
2026-10-10T10:18:00Z INFO [153/1000] 71073cc2-7ad7-49d1-a2ff-5134f89f755b: 46 arrays, 3.9 MB stored; 1.1 s; peak memory 163 MiB.
2026-10-10T10:18:01Z INFO [154/1000] 7105d760-9d65-42a1-a770-3574e23bdcbd: 193 arrays, 432.8 MB stored; 5.4 s; peak memory 163 MiB.
2026-10-10T10:18:02Z INFO [155/1000] 7107e7e7-0746-41ff-b890-2aac1db411ed: 48 arrays, 83.9 MB stored; 1.2 s; peak memory 163 MiB.
2026-10-10T10:18:03Z INFO [156/1000] 710842de-add2-47fd-9f82-1edb71e397ac: 62 arrays, 4571.7 MB stored; 1.5 s; peak memory 163 MiB.
2026-10-10T10:18:04Z INFO [157/1000] 7108f41d-75ce-4439-95c5-c752c77aa7d6: 48 arrays, 83.9 MB stored; 1.1 s; peak memory 163 MiB.
2026-10-10T10:18:05Z INFO [158/1000] 71091a65-3698-447a-bbbf-c5756d54d00d: 48 arrays, 83.9 MB stored; 1.1 s; peak memory 163 MiB.
2026-10-10T10:18:07Z INFO [159/1000] 71097669-98b9-4b07-9443-b1e6842e6601: 112 arrays, 1.1 MB stored; 1.7 s; peak memory 163 MiB.
2026-10-10T10:18:08Z INFO [160/1000] 7107ac2e-7d9b-4aca-be1c-b4de7427b145: 11477 arrays, 464.5 MB stored; 8.7 s; peak memory 163 MiB.
2026-10-10T10:18:09Z INFO [161/1000] 710a3e0f-4a83-410f-8d16-1c022b0419c5: 101 arrays, 117.0 MB stored; 2.8 s; peak memory 163 MiB.
2026-10-10T10:18:10Z INFO [162/1000] 710a41c1-2b25-470b-9045-73119fae72a9: 186 arrays, 13.9 MB stored; 2.0 s; peak memory 163 MiB.
2026-10-10T10:18:10Z INFO [163/1000] 710a5bf0-f939-41e7-b704-d7822152f7f8: 48 arrays, 83.9 MB stored; 1.1 s; peak memory 163 MiB.
2026-10-10T10:18:11Z INFO [164/1000] 710aa5a6-dab8-4aae-ac7d-1c54ea989596: 49 arrays, 11.4 MB stored; 1.2 s; peak memory 163 MiB.
2026-10-10T10:18:12Z INFO [165/1000] 710b247f-2051-4c92-aaf7-738df3f0dfb7: 48 arrays, 83.9 MB stored; 1.2 s; peak memory 163 MiB.
2026-10-10T10:18:13Z INFO [166/1000] 710b482d-94b4-454a-bf24-7a40455e6ed6: 48 arrays, 83.9 MB stored; 1.1 s; peak memory 163 MiB.
2026-10-10T10:18:13Z INFO [167/1000] 710b46a5-465f-4abe-baa4-b18303f4bedb: 117 arrays, 0.5 MB stored; 1.4 s; peak memory 163 MiB.
2026-10-10T10:18:14Z INFO [168/1000] 710bcad2-e65b-49cf-b4ff-bda44699cf2b: 48 arrays, 83.9 MB stored; 1.1 s; peak memory 163 MiB.
2026-10-10T10:18:14Z INFO [169/1000] 710ba7c1-b59d-49a1-bf2c-2ce8d6224d5a: 117 arrays, 0.3 MB stored; 1.4 s; peak memory 163 MiB.
2026-10-10T10:18:15Z INFO [170/1000] 710c4628-0f94-404f-acfa-793f21a1118f: 117 arrays, 0.5 MB stored; 1.4 s; peak memory 163 MiB.
2026-10-10T10:18:18Z INFO [171/1000] 710c4ffa-dd18-46f0-8e65-cd555a3cb38b: 539 arrays, 6.4 MB stored; 3.4 s; peak memory 163 MiB.
2026-10-10T10:18:18Z INFO [172/1000] 710d569c-41b6-490b-8796-674058ce0f4d: 366 arrays, 3.1 MB stored; 2.5 s; peak memory 163 MiB.
2026-10-10T10:18:19Z INFO [173/1000] 710d6368-7bc6-4157-b9c4-0c3d7eb7bfa1: 49 arrays, 1.4 MB stored; 1.4 s; peak memory 163 MiB.
2026-10-10T10:18:20Z INFO [174/1000] 710ef0c5-fe29-4f08-bb97-fa25d93f7a98: 56 arrays, 0.0 MB stored; 0.9 s; peak memory 163 MiB.
2026-10-10T10:18:20Z INFO [175/1000] 710dd665-5eec-44a3-8ea3-ff93f250f9b8: 38 arrays, 36.2 MB stored; 2.1 s; peak memory 163 MiB.
2026-10-10T10:18:22Z INFO [176/1000] 7110d5cb-bce0-4ca4-96a6-f3739b542f2a: 38 arrays, 33.9 MB stored; 1.9 s; peak memory 163 MiB.
2026-10-10T10:18:23Z INFO [177/1000] 7110dc8f-5313-4f40-8ece-6d5c4815f488: 117 arrays, 0.2 MB stored; 1.1 s; peak memory 163 MiB.
2026-10-10T10:18:25Z INFO [178/1000] 7111a331-4684-4f17-8e89-232a3b9fc094: 56 arrays, 637.1 MB stored; 1.5 s; peak memory 163 MiB.
2026-10-10T10:18:26Z INFO [179/1000] 711269cb-5bef-45dc-bdce-01ce97a2fda6: 117 arrays, 0.4 MB stored; 1.3 s; peak memory 163 MiB.
2026-10-10T10:18:26Z INFO [180/1000] 71104051-6d8e-4dd9-9f2c-500d29a2ef6e: 1053 arrays, 22.7 MB stored; 6.3 s; peak memory 163 MiB.
2026-10-10T10:18:27Z INFO [181/1000] 7112e0f6-a51d-4fd9-bcee-d27ba7170e9c: 48 arrays, 83.9 MB stored; 1.1 s; peak memory 163 MiB.
2026-10-10T10:18:27Z INFO [182/1000] 7113654f-730b-433e-82f0-280999d2055c: 48 arrays, 83.9 MB stored; 1.3 s; peak memory 163 MiB.
2026-10-10T10:18:28Z INFO [183/1000] 711367b0-a26b-4df3-bedc-ba90de60718a: 117 arrays, 0.3 MB stored; 1.2 s; peak memory 163 MiB.
2026-10-10T10:18:29Z INFO [184/1000] 71142ff2-7502-41cc-92f4-a3feb035a55b: 59 arrays, 98.5 MB stored; 1.3 s; peak memory 163 MiB.
2026-10-10T10:18:30Z INFO [185/1000] 7114c619-80a4-459a-846a-886e0a8def4a: 48 arrays, 83.9 MB stored; 1.2 s; peak memory 163 MiB.
2026-10-10T10:18:30Z INFO [186/1000] 7114e995-0473-4adb-9300-5537fcbb95fe: 57 arrays, 0.0 MB stored; 1.2 s; peak memory 163 MiB.
2026-10-10T10:18:31Z INFO [187/1000] 711637a2-cf19-4e6d-a54e-e9053e189d9f: 144 arrays, 1.0 MB stored; 2.0 s; peak memory 163 MiB.
2026-10-10T10:18:33Z INFO [188/1000] 71166140-592b-4131-bef9-983df7fcef87: 147 arrays, 34.6 MB stored; 3.1 s; peak memory 163 MiB.
2026-10-10T10:18:33Z INFO [189/1000] 71167370-b4cc-4399-be11-c61988f0af93: 90 arrays, 4.2 MB stored; 2.0 s; peak memory 163 MiB.
2026-10-10T10:18:34Z INFO [190/1000] 71167d37-6ec8-4344-9511-b38261b7535c: 48 arrays, 83.9 MB stored; 1.2 s; peak memory 163 MiB.
2026-10-10T10:18:36Z INFO [191/1000] 7116d8a7-72b8-418e-b284-d83388bf8559: 156 arrays, 193.5 MB stored; 2.5 s; peak memory 163 MiB.
2026-10-10T10:18:36Z INFO [192/1000] 711703dd-fdd8-4fc6-898a-d1422922a5e9: 115 arrays, 190.1 MB stored; 2.2 s; peak memory 163 MiB.
2026-10-10T10:18:37Z INFO [193/1000] 71176033-f4bd-4ad4-9e65-9f8316205354: 46 arrays, 4.9 MB stored; 1.1 s; peak memory 163 MiB.
2026-10-10T10:18:38Z INFO [194/1000] 7117a0a0-e2e1-4b11-8936-3b3f546d6df6: 48 arrays, 83.9 MB stored; 1.2 s; peak memory 163 MiB.
2026-10-10T10:18:43Z INFO [195/1000] 71179e53-504c-4430-bc3d-ec60a778769e: 1321 arrays, 24.4 MB stored; 6.2 s; peak memory 163 MiB.
2026-10-10T10:18:44Z INFO [196/1000] 7118716b-4493-4fef-9b38-02c68d4e0335: 48 arrays, 83.9 MB stored; 1.2 s; peak memory 163 MiB.
2026-10-10T10:18:45Z INFO [197/1000] 71196b6a-186d-49be-9ae1-7fedfb97ab7d: 112 arrays, 0.7 MB stored; 1.5 s; peak memory 163 MiB.
2026-10-10T10:18:46Z INFO [198/1000] 70e6f130-de3f-4c79-9cf2-7314153a3514: 241 arrays, 19746.6 MB stored; 92.7 s; peak memory 163 MiB.
2026-10-10T10:18:47Z INFO [199/1000] 7119ad93-acd6-4143-8e7a-6fc9d2d81b93: 71 arrays, 46.0 MB stored; 1.9 s; peak memory 163 MiB.
2026-10-10T10:18:47Z INFO [200/1000] 7119b3f2-8a9a-486c-854b-338711967538: 117 arrays, 0.5 MB stored; 1.3 s; peak memory 163 MiB.
2026-10-10T10:18:50Z INFO [200/1000] 7119b3f2-8a9a-486c-854b-338711967538: checkpointed 200 new records.
2026-10-10T10:18:50Z INFO [201/1000] 711a31ed-9854-414d-a243-3957ce62f6a9: 48 arrays, 83.9 MB stored; 1.2 s; peak memory 500 MiB.
2026-10-10T10:18:50Z INFO [202/1000] 711a447e-a68d-45ae-9765-6db4d842b501: 48 arrays, 83.9 MB stored; 1.3 s; peak memory 500 MiB.
2026-10-10T10:18:50Z INFO [203/1000] 711a80a6-1c73-44f1-a2dd-2d3a9d20c859: 48 arrays, 83.9 MB stored; 1.3 s; peak memory 500 MiB.
2026-10-10T10:18:51Z INFO [204/1000] 711a8c73-0137-4773-9881-b8d7cc17cbf8: 48 arrays, 83.9 MB stored; 1.2 s; peak memory 500 MiB.
2026-10-10T10:18:53Z INFO [205/1000] 711b5d71-6293-4c0d-a2b0-e88afa0a4b0d: 71 arrays, 65.1 MB stored; 1.9 s; peak memory 500 MiB.
2026-10-10T10:18:54Z INFO [206/1000] 711b6784-1f58-4980-a898-ee2504532160: 39 arrays, 7.1 MB stored; 1.1 s; peak memory 500 MiB.
2026-10-10T10:18:55Z INFO [207/1000] 711b70a0-bce6-42fc-a133-c3231fe04e5a: 48 arrays, 83.9 MB stored; 1.0 s; peak memory 500 MiB.
2026-10-10T10:18:55Z INFO [208/1000] 711a5210-b44a-485e-9c7d-8d9aed40edb6: 336 arrays, 44.0 MB stored; 6.8 s; peak memory 500 MiB.
2026-10-10T10:18:56Z INFO [209/1000] 711b80ac-201b-4279-bb84-1404e681d0d2: 46 arrays, 12.6 MB stored; 1.1 s; peak memory 500 MiB.
2026-10-10T10:18:56Z INFO [210/1000] 711b7e35-190a-4435-8b81-aa0801e26254: 52 arrays, 14.3 MB stored; 1.3 s; peak memory 500 MiB.
2026-10-10T10:19:03Z INFO [211/1000] 711c16ab-83df-4d29-b26d-4c1533142538: 881 arrays, 31.9 MB stored; 7.0 s; peak memory 500 MiB.
2026-10-10T10:19:05Z INFO [212/1000] 711c74ae-d3ab-4089-a7de-f37c6100eee9: 52 arrays, 626.5 MB stored; 1.2 s; peak memory 500 MiB.
2026-10-10T10:19:07Z INFO [213/1000] 711d4a7c-cc19-4a4b-ab41-7abb7e60e2aa: 102 arrays, 3.6 MB stored; 2.4 s; peak memory 500 MiB.
2026-10-10T10:19:12Z INFO [214/1000] 70e748f8-057d-4ae9-8386-c77a58f5e9b8: 394 arrays, 22274.7 MB stored; 117.7 s; peak memory 500 MiB.
2026-10-10T10:19:13Z INFO [215/1000] 711b86a8-2b00-499b-818e-494c441d149c: 48 arrays, 37569.8 MB stored; 16.9 s; peak memory 500 MiB.
2026-10-10T10:19:14Z INFO [216/1000] 711dbbb0-12a6-4a5f-baa3-f06df97feb69: 118 arrays, 0.5 MB stored; 1.3 s; peak memory 500 MiB.
2026-10-10T10:19:16Z INFO [217/1000] 70fe9335-2702-4e2a-aca3-4989ce2f4e8e: 413 arrays, 19761.9 MB stored; 95.9 s; peak memory 500 MiB.
2026-10-10T10:19:17Z INFO [218/1000] 711e04b4-c8d4-40d0-8261-d329eaf2e9ff: 46 arrays, 0.7 MB stored; 1.1 s; peak memory 500 MiB.
2026-10-10T10:19:18Z INFO [219/1000] 711da3d0-e3c4-4a6a-9c48-dcae9b1a18f5: 1165 arrays, 29.2 MB stored; 6.0 s; peak memory 500 MiB.
2026-10-10T10:19:18Z INFO [220/1000] 711e13e6-b084-4841-b565-debe466621f6: 48 arrays, 83.9 MB stored; 1.2 s; peak memory 500 MiB.
2026-10-10T10:19:19Z INFO [221/1000] 711f94af-fd4d-402a-85a8-558f8372ee86: 69 arrays, 70.1 MB stored; 1.6 s; peak memory 500 MiB.
2026-10-10T10:19:20Z INFO [222/1000] 711f9da3-885b-47c5-a4d3-87676735cc7e: 115 arrays, 190.1 MB stored; 2.1 s; peak memory 500 MiB.
2026-10-10T10:19:22Z INFO [223/1000] 711fc23b-b115-4e85-a76a-1d8d2a66b227: 85 arrays, 551.4 MB stored; 2.6 s; peak memory 500 MiB.
2026-10-10T10:19:23Z INFO [224/1000] 710337c3-d427-4d2a-baf8-b622bf50ddd2: 99 arrays, 3131.9 MB stored; 89.5 s; peak memory 500 MiB.
2026-10-10T10:19:23Z INFO [225/1000] 711d6428-c0e2-4637-af0d-8dd76b2e6de5: 4372 arrays, 37.2 MB stored; 16.4 s; peak memory 500 MiB.
2026-10-10T10:19:23Z INFO [226/1000] 7120e73f-4135-41ac-b0ff-acd2ac2127b0: 74 arrays, 32.9 MB stored; 1.6 s; peak memory 500 MiB.
2026-10-10T10:19:24Z INFO [227/1000] 7120fc44-5363-46f6-bbe5-7193d8bfec65: 48 arrays, 83.9 MB stored; 1.2 s; peak memory 500 MiB.
2026-10-10T10:19:25Z INFO [228/1000] 711dffc4-70f4-46eb-b876-e5621051767d: 106 arrays, 23622.5 MB stored; 10.1 s; peak memory 500 MiB.
2026-10-10T10:19:25Z INFO [229/1000] 7122229e-f448-484e-be4d-f6014d6223eb: 48 arrays, 83.9 MB stored; 1.3 s; peak memory 500 MiB.
2026-10-10T10:19:25Z INFO [230/1000] 7122f4ad-f23b-480d-85ba-3648184b63a7: 48 arrays, 83.9 MB stored; 1.3 s; peak memory 500 MiB.
2026-10-10T10:19:26Z INFO [231/1000] 712482c4-9992-4165-90f1-21b9b77ef0df: 48 arrays, 83.9 MB stored; 1.4 s; peak memory 500 MiB.
2026-10-10T10:19:26Z INFO [232/1000] 71237f23-28e2-4db8-b28e-fee5fa988c83: 76 arrays, 109.2 MB stored; 2.0 s; peak memory 500 MiB.
2026-10-10T10:19:27Z INFO [233/1000] 7126dae4-4b58-441a-a551-127024abd86b: 38 arrays, 0.5 MB stored; 1.1 s; peak memory 500 MiB.
2026-10-10T10:19:27Z INFO [234/1000] 71203f38-0506-4c1d-a94c-8494a0b1e9d0: 685 arrays, 37.9 MB stored; 7.1 s; peak memory 500 MiB.
2026-10-10T10:19:27Z INFO [235/1000] 7124ede0-cdf9-4307-b7f7-abb0de1e9bd9: 66 arrays, 23.5 MB stored; 1.4 s; peak memory 500 MiB.
2026-10-10T10:19:28Z INFO [236/1000] 71274d48-971c-4f27-a389-e452b6a92e02: 51 arrays, 0.0 MB stored; 1.0 s; peak memory 500 MiB.
2026-10-10T10:19:30Z INFO [237/1000] 70fa58b6-f27e-482a-a234-3986902f373b: 260 arrays, 23316.9 MB stored; 112.2 s; peak memory 500 MiB.
2026-10-10T10:19:30Z INFO [238/1000] 71277ead-626d-4420-837b-1be278d3855c: 60 arrays, 25.1 MB stored; 2.3 s; peak memory 500 MiB.
2026-10-10T10:19:30Z INFO [239/1000] 7127a508-92ba-44bd-b0a2-9f9e235285df: 71 arrays, 72.1 MB stored; 1.9 s; peak memory 500 MiB.
2026-10-10T10:19:31Z INFO [240/1000] 7123aff1-444e-4425-b0ea-228805e2bc2d: 1024 arrays, 10.1 MB stored; 6.0 s; peak memory 500 MiB.
2026-10-10T10:19:31Z INFO [241/1000] 71249a19-1cba-4a05-95b2-aee8cce6b6ef: 722 arrays, 23.9 MB stored; 6.3 s; peak memory 500 MiB.
2026-10-10T10:19:31Z INFO [242/1000] 71281ecc-54ed-4d04-b258-70af961e0ab2: 119 arrays, 0.2 MB stored; 1.3 s; peak memory 500 MiB.
2026-10-10T10:19:31Z INFO [243/1000] 71281b2d-9ed9-43e8-bef2-5e200e705709: 49 arrays, 1.5 MB stored; 1.5 s; peak memory 500 MiB.
2026-10-10T10:19:32Z INFO [244/1000] 7128514f-fb0a-4408-a9ad-c28faea6146b: 51 arrays, 7438.9 MB stored; 1.6 s; peak memory 500 MiB.
2026-10-10T10:19:32Z INFO [245/1000] 7128de58-e3c0-48d8-a6d8-d881352edcb8: 112 arrays, 1.2 MB stored; 1.7 s; peak memory 500 MiB.
2026-10-10T10:19:32Z INFO [246/1000] 7129558e-0df2-4703-a7d8-d8309de2800a: 48 arrays, 83.9 MB stored; 1.3 s; peak memory 500 MiB.
2026-10-10T10:19:32Z INFO [247/1000] 7129a7bd-69be-43b1-a363-e75a4d6527b7: 56 arrays, 0.0 MB stored; 1.1 s; peak memory 500 MiB.
2026-10-10T10:19:33Z INFO [248/1000] 7129e92e-6d5d-4f93-a375-289d827cab8f: 48 arrays, 83.9 MB stored; 1.3 s; peak memory 500 MiB.
2026-10-10T10:19:33Z INFO [249/1000] 7126e3ad-cbd1-4355-83f3-040ced5e38fa: 1216 arrays, 28.1 MB stored; 6.0 s; peak memory 500 MiB.
2026-10-10T10:19:34Z INFO [250/1000] 712ab0c7-252c-43c1-8f8c-c361f9f7a15b: 39 arrays, 1.3 MB stored; 1.4 s; peak memory 500 MiB.
2026-10-10T10:19:34Z INFO [251/1000] 712a0a70-7f12-41e1-85ad-f5527e9c189d: 119 arrays, 66.3 MB stored; 2.0 s; peak memory 500 MiB.
2026-10-10T10:19:35Z INFO [252/1000] 712b33d6-380f-4e22-a5cd-1a5c3462396c: 117 arrays, 0.4 MB stored; 1.4 s; peak memory 500 MiB.
2026-10-10T10:19:35Z INFO [253/1000] 712a1dd5-2dbd-4696-a283-235631dbe207: 115 arrays, 190.1 MB stored; 2.5 s; peak memory 500 MiB.
2026-10-10T10:19:35Z INFO [254/1000] 712bf785-5ec9-42d2-bda3-2cd3ffdc2d91: 118 arrays, 0.5 MB stored; 1.3 s; peak memory 500 MiB.
2026-10-10T10:19:35Z INFO [255/1000] 712bf7eb-ad83-45e9-8f94-2c40a359f0ec: 46 arrays, 0.1 MB stored; 1.1 s; peak memory 500 MiB.
2026-10-10T10:19:36Z INFO [256/1000] 712c4b27-0087-4a69-904e-46a9d0d96b3c: 46 arrays, 0.1 MB stored; 1.0 s; peak memory 500 MiB.
2026-10-10T10:19:36Z INFO [257/1000] 712b0971-e9e2-4f00-8c92-835dfc851569: 297 arrays, 2.7 MB stored; 2.8 s; peak memory 500 MiB.
2026-10-10T10:19:36Z INFO [258/1000] 712c76c4-21f2-461a-ad7e-d8433bab109d: 118 arrays, 0.4 MB stored; 1.4 s; peak memory 500 MiB.
2026-10-10T10:19:37Z INFO [259/1000] 712d2da8-2ba4-468a-a928-89d5f695b506: 110 arrays, 0.4 MB stored; 1.4 s; peak memory 500 MiB.
2026-10-10T10:19:37Z INFO [260/1000] 712ccfab-d0ef-4374-b359-a1a862e0c96d: 112 arrays, 0.7 MB stored; 1.6 s; peak memory 500 MiB.
2026-10-10T10:19:37Z INFO [261/1000] 712dec8d-baab-41cc-9a32-6f57fe43360c: 39 arrays, 5.2 MB stored; 1.2 s; peak memory 500 MiB.
2026-10-10T10:19:37Z INFO [262/1000] 712e0d60-1537-490e-aab6-02859cf242ed: 48 arrays, 83.9 MB stored; 1.1 s; peak memory 500 MiB.
2026-10-10T10:19:38Z INFO [263/1000] 712d4d04-ac8a-4183-a9ab-7ac2728ad8fd: 119 arrays, 67.5 MB stored; 2.4 s; peak memory 500 MiB.
2026-10-10T10:19:38Z INFO [264/1000] 712e8fe8-c5ff-4520-b2e5-81b3f6d2b102: 112 arrays, 0.7 MB stored; 1.6 s; peak memory 500 MiB.
2026-10-10T10:19:39Z INFO [265/1000] 712ec1da-d5ed-430e-a826-9eaf9e2ac3ae: 48 arrays, 83.9 MB stored; 1.2 s; peak memory 500 MiB.
2026-10-10T10:19:39Z INFO [266/1000] 712eb5c8-adbb-41ed-895d-a446626e50d6: 66 arrays, 20.9 MB stored; 1.8 s; peak memory 500 MiB.
2026-10-10T10:19:40Z INFO [267/1000] 712f3c85-4842-4f6d-9773-96f191af63b0: 158 arrays, 1.2 MB stored; 2.0 s; peak memory 500 MiB.
2026-10-10T10:19:41Z INFO [268/1000] 712e57b7-4a5b-417e-8bfe-92022084193e: 174 arrays, 33.8 MB stored; 3.9 s; peak memory 500 MiB.
2026-10-10T10:19:42Z INFO [269/1000] 712fc68b-b4f8-44e0-919b-1b88988230d3: 84 arrays, 777.2 MB stored; 3.1 s; peak memory 500 MiB.
2026-10-10T10:19:42Z INFO [270/1000] 713071b0-edac-4994-9ef5-fbbec6fdb740: 41 arrays, 472.2 MB stored; 2.1 s; peak memory 500 MiB.
2026-10-10T10:19:43Z INFO [271/1000] 713156ed-3bbc-4cdb-a6bd-09e8a5cc8371: 119 arrays, 66.4 MB stored; 1.9 s; peak memory 500 MiB.
2026-10-10T10:19:43Z INFO [272/1000] 7131c224-5cf6-4bf0-a7eb-5ffededfd0cf: 92 arrays, 0.5 MB stored; 1.4 s; peak memory 500 MiB.
2026-10-10T10:19:43Z INFO [273/1000] 713224d0-1d2d-4755-a254-fcc6821e69e3: 117 arrays, 0.2 MB stored; 1.3 s; peak memory 500 MiB.
2026-10-10T10:19:44Z INFO [274/1000] 713009a3-365d-48db-a58c-3e0b7f156750: 207 arrays, 249.1 MB stored; 4.7 s; peak memory 500 MiB.
2026-10-10T10:19:44Z INFO [275/1000] 713248ae-e9ab-43c7-ad1f-b6d87bbc4c1c: 52 arrays, 15.3 MB stored; 1.3 s; peak memory 500 MiB.
2026-10-10T10:19:44Z INFO [276/1000] 71326f8e-f82a-4e90-b5a6-2b2a8601c750: 46 arrays, 0.4 MB stored; 1.3 s; peak memory 500 MiB.
2026-10-10T10:19:45Z INFO [277/1000] 71327d1e-dc82-44d7-86aa-d13b3f25a7a6: 64 arrays, 0.0 MB stored; 1.3 s; peak memory 500 MiB.
2026-10-10T10:19:45Z INFO [278/1000] 7132e9ad-4c74-41a3-9432-67df83fb4724: 117 arrays, 0.3 MB stored; 1.5 s; peak memory 500 MiB.
2026-10-10T10:19:45Z INFO [279/1000] 712f98bf-42f9-4ba5-a561-8dc4a88e9c78: 766 arrays, 31.1 MB stored; 6.7 s; peak memory 500 MiB.
2026-10-10T10:19:45Z INFO [280/1000] 7132f034-e743-4390-af7a-4e4e9ad4273c: 112 arrays, 0.4 MB stored; 1.6 s; peak memory 500 MiB.
2026-10-10T10:19:46Z INFO [281/1000] 71338f06-5e6f-4e62-8016-b65b3424e039: 112 arrays, 0.8 MB stored; 1.5 s; peak memory 500 MiB.
2026-10-10T10:19:47Z INFO [282/1000] 71346738-c02e-4382-8f24-39b65bef818d: 118 arrays, 0.4 MB stored; 1.4 s; peak memory 500 MiB.
2026-10-10T10:19:47Z INFO [283/1000] 71349d9c-0461-4e98-90b9-04442d36dbb9: 112 arrays, 0.4 MB stored; 1.5 s; peak memory 500 MiB.
2026-10-10T10:19:48Z INFO [284/1000] 713568f8-bdbf-45ed-944f-ac719df580e3: 70 arrays, 4844.0 MB stored; 1.6 s; peak memory 500 MiB.
2026-10-10T10:19:49Z INFO [285/1000] 7134f1b8-8eff-4ab2-ae3a-cc72581001d7: 236 arrays, 6.7 MB stored; 3.0 s; peak memory 500 MiB.
2026-10-10T10:19:49Z INFO [286/1000] 7135e4db-a97c-4fb1-bb77-4fbb84e3717d: 117 arrays, 0.4 MB stored; 1.3 s; peak memory 500 MiB.
2026-10-10T10:19:51Z INFO [287/1000] 71376535-db36-4894-a7bf-2c30be157cfb: 33 arrays, 392.9 MB stored; 1.1 s; peak memory 500 MiB.
2026-10-10T10:19:52Z INFO [288/1000] 71339dfc-f4c0-4098-aa08-3c7e23375e2a: 9077 arrays, 579.5 MB stored; 7.2 s; peak memory 500 MiB.
2026-10-10T10:19:55Z INFO [289/1000] 71378f3f-e69c-4bb7-b363-ffc99a54adfe: 539 arrays, 19.1 MB stored; 4.7 s; peak memory 500 MiB.
2026-10-10T10:19:55Z INFO [290/1000] 7117e2c3-5716-43e3-830f-74c4e0531b54: 394 arrays, 31575.9 MB stored; 77.2 s; peak memory 500 MiB.
2026-10-10T10:19:57Z INFO [291/1000] 7138a72f-c1b7-4327-941b-8c15fe6478c5: 117 arrays, 0.3 MB stored; 1.4 s; peak memory 500 MiB.
2026-10-10T10:19:57Z INFO [292/1000] 71340e79-7cbf-4c5d-8fc7-c34cfdf388aa: 1017 arrays, 71.4 MB stored; 11.9 s; peak memory 500 MiB.
2026-10-10T10:19:58Z INFO [293/1000] 7138f056-4552-4951-94cb-f0714dc19ec6: 115 arrays, 190.1 MB stored; 2.3 s; peak memory 500 MiB.
2026-10-10T10:19:58Z INFO [294/1000] 713914b9-c7d2-4de8-9b38-1d6b936c7d19: 48 arrays, 83.9 MB stored; 1.2 s; peak memory 500 MiB.
2026-10-10T10:19:59Z INFO [295/1000] 713931f8-c2a0-48f9-8160-85580d300e73: 115 arrays, 186.8 MB stored; 2.3 s; peak memory 500 MiB.
2026-10-10T10:20:00Z INFO [296/1000] 71394c5d-cf12-43fc-a13b-8ebfaa5009a4: 110 arrays, 1.6 MB stored; 1.8 s; peak memory 500 MiB.
2026-10-10T10:20:00Z INFO [297/1000] 713a4bf7-5997-469e-be08-b06f6b9e27f8: 62 arrays, 0.0 MB stored; 1.0 s; peak memory 500 MiB.
2026-10-10T10:20:01Z INFO [298/1000] 713a0d10-4d47-4fa6-b022-36f0e026aea6: 116 arrays, 0.4 MB stored; 1.4 s; peak memory 500 MiB.
2026-10-10T10:20:02Z INFO [299/1000] 7136a742-669e-4c7f-8e13-4728aeb298bc: 5681 arrays, 1499.2 MB stored; 13.1 s; peak memory 500 MiB.
2026-10-10T10:20:02Z INFO [300/1000] 713af11f-82b3-4fb5-9d9b-069f843d199b: 112 arrays, 0.6 MB stored; 1.4 s; peak memory 500 MiB.
2026-10-10T10:20:03Z INFO [301/1000] 7139ee3a-27fe-43da-80a8-0aaae57e7d99: 538 arrays, 8.3 MB stored; 4.7 s; peak memory 500 MiB.
2026-10-10T10:20:03Z INFO [302/1000] 713b31b6-9311-4e73-93e8-1045b4bc3735: 118 arrays, 0.3 MB stored; 1.2 s; peak memory 500 MiB.
2026-10-10T10:20:03Z INFO [303/1000] 713b2a7d-bdcb-42a0-9857-1f493b0513e9: 112 arrays, 0.3 MB stored; 1.4 s; peak memory 500 MiB.
2026-10-10T10:20:04Z INFO [304/1000] 713b39da-915b-4e0c-861e-a401ea79c15e: 46 arrays, 0.1 MB stored; 1.0 s; peak memory 500 MiB.
2026-10-10T10:20:04Z INFO [305/1000] 7137c99c-c655-40d8-b6e1-02038889fafc: 38 arrays, 686.7 MB stored; 11.9 s; peak memory 500 MiB.
2026-10-10T10:20:04Z INFO [306/1000] 713a62da-8e53-42df-a67f-8f0e27340739: 229 arrays, 238.3 MB stored; 3.8 s; peak memory 500 MiB.
2026-10-10T10:20:05Z INFO [307/1000] 713b479d-e5ac-4ce3-9cac-1d587dc1a4ac: 118 arrays, 0.5 MB stored; 1.4 s; peak memory 500 MiB.
2026-10-10T10:20:05Z INFO [308/1000] 713c0252-fe51-4e75-8b8a-2f6032a09d3e: 112 arrays, 0.4 MB stored; 1.5 s; peak memory 500 MiB.
2026-10-10T10:20:05Z INFO [309/1000] 713c6e7c-7cbb-4828-8840-6e0f929ecee6: 48 arrays, 83.9 MB stored; 1.3 s; peak memory 500 MiB.
2026-10-10T10:20:06Z INFO [310/1000] 713ca031-09cd-4f14-a794-a1ec6906cfed: 48 arrays, 83.9 MB stored; 1.3 s; peak memory 500 MiB.
2026-10-10T10:20:06Z INFO [311/1000] 713c109b-f43d-4747-ba32-3824aec3fd8a: 119 arrays, 51.4 MB stored; 2.0 s; peak memory 500 MiB.
2026-10-10T10:20:06Z INFO [312/1000] 713d16de-93ca-4050-bb90-42b998cdeaf8: 48 arrays, 83.9 MB stored; 1.3 s; peak memory 500 MiB.
2026-10-10T10:20:07Z INFO [313/1000] 713cfa25-2263-42db-a245-490b3b93ac8d: 119 arrays, 66.3 MB stored; 1.8 s; peak memory 500 MiB.
2026-10-10T10:20:07Z INFO [314/1000] 713d40fa-c8a3-48b1-ae4b-6efe74eaaaed: 87 arrays, 7.5 MB stored; 1.9 s; peak memory 500 MiB.
2026-10-10T10:20:07Z INFO [315/1000] 713e293e-313c-4708-8ff9-c907160f65fd: 62 arrays, 4616.3 MB stored; 1.6 s; peak memory 500 MiB.
2026-10-10T10:20:08Z INFO [316/1000] 713f8b89-c544-46df-be48-c53031132ae5: 110 arrays, 0.2 MB stored; 1.3 s; peak memory 500 MiB.
2026-10-10T10:20:08Z INFO [317/1000] 713d5413-e78f-405c-964c-37552765e3d0: 121 arrays, 1.3 MB stored; 2.0 s; peak memory 500 MiB.
2026-10-10T10:20:08Z INFO [318/1000] 71402f4f-7a6d-414f-9e97-58e52fd9c260: 112 arrays, 0.2 MB stored; 1.3 s; peak memory 500 MiB.
2026-10-10T10:20:09Z INFO [319/1000] 7141c139-85e3-461b-8c8c-714c8e5e81f9: 38 arrays, 0.5 MB stored; 1.2 s; peak memory 500 MiB.
2026-10-10T10:20:09Z INFO [320/1000] 71406e3d-a843-4164-921d-a0d367df147f: 51 arrays, 3955.3 MB stored; 1.4 s; peak memory 500 MiB.
2026-10-10T10:20:10Z INFO [321/1000] 7141cc4d-5ca1-43be-9767-ada983cfa721: 112 arrays, 0.4 MB stored; 1.3 s; peak memory 500 MiB.
2026-10-10T10:20:11Z INFO [322/1000] 71429f63-7b29-42da-9ebe-8de4d9e9ff50: 48 arrays, 83.9 MB stored; 1.2 s; peak memory 500 MiB.
2026-10-10T10:20:12Z INFO [323/1000] 713fcbb1-6a78-42bb-bb19-03a55aadd0f2: 56 arrays, 103.3 MB stored; 5.2 s; peak memory 500 MiB.
2026-10-10T10:20:12Z INFO [324/1000] 7143033e-e617-489b-85f0-a46128406786: 53 arrays, 9.6 MB stored; 1.5 s; peak memory 500 MiB.
2026-10-10T10:20:13Z INFO [325/1000] 71431dea-3491-47bf-bf16-2cf17a1c8b41: 79 arrays, 0.5 MB stored; 1.4 s; peak memory 500 MiB.
2026-10-10T10:20:13Z INFO [326/1000] 7142083f-0393-40b8-b922-f81212c29aa4: 229 arrays, 395.1 MB stored; 4.5 s; peak memory 500 MiB.
2026-10-10T10:20:14Z INFO [327/1000] 714403da-ffd1-4b76-a769-93a8077207cf: 117 arrays, 0.2 MB stored; 1.3 s; peak memory 500 MiB.
2026-10-10T10:20:15Z INFO [328/1000] 71450534-fb28-4d02-b127-a02ab2642125: 112 arrays, 0.3 MB stored; 1.5 s; peak memory 500 MiB.
2026-10-10T10:20:15Z INFO [329/1000] 7145fc05-ea38-4d02-b0fa-ab9f28b85d57: 64 arrays, 26.4 MB stored; 1.5 s; peak memory 500 MiB.
2026-10-10T10:20:16Z INFO [330/1000] 7142119b-4c12-44a0-932a-ab072f91295b: 44 arrays, 199.4 MB stored; 6.9 s; peak memory 500 MiB.
2026-10-10T10:20:16Z INFO [331/1000] 714647ab-0814-406d-8610-b3536b7ec3b2: 48 arrays, 83.9 MB stored; 1.2 s; peak memory 500 MiB.
2026-10-10T10:20:16Z INFO [332/1000] 71467670-2e72-4778-a18d-f913aea7fad0: 46 arrays, 5.3 MB stored; 1.1 s; peak memory 500 MiB.
2026-10-10T10:20:17Z INFO [333/1000] 7146a354-c4fd-435a-bafd-6474f43c8dd3: 21 arrays, 0.6 MB stored; 0.9 s; peak memory 500 MiB.
2026-10-10T10:20:17Z INFO [334/1000] 71469219-4c69-4364-b332-adb9c5e8facc: 117 arrays, 0.3 MB stored; 1.3 s; peak memory 500 MiB.
2026-10-10T10:20:18Z INFO [335/1000] 7146771d-9588-43fb-a3eb-575024d5c6a1: 133 arrays, 32.9 MB stored; 2.6 s; peak memory 500 MiB.
2026-10-10T10:20:18Z INFO [336/1000] 7146f35c-f550-4767-a226-37ae119e155d: 56 arrays, 0.0 MB stored; 1.1 s; peak memory 500 MiB.
2026-10-10T10:20:19Z INFO [337/1000] 71476aed-db88-4e01-8768-7f6dd3c97a68: 49 arrays, 1868.6 MB stored; 1.7 s; peak memory 500 MiB.
2026-10-10T10:20:19Z INFO [338/1000] 71413d4c-e117-4e09-8b2b-945548946e4d: 1359 arrays, 57.5 MB stored; 11.6 s; peak memory 500 MiB.
2026-10-10T10:20:19Z INFO [339/1000] 7147a6af-4d68-48e2-a7f1-04582ad7de0e: 48 arrays, 83.9 MB stored; 1.2 s; peak memory 500 MiB.
2026-10-10T10:20:20Z INFO [340/1000] 7147e756-8fcc-41ec-92a6-2e9e44e76f41: 48 arrays, 83.9 MB stored; 1.3 s; peak memory 500 MiB.
2026-10-10T10:20:20Z INFO [341/1000] 71454784-2fd9-47cf-b940-aa695a3df9e9: 391 arrays, 77.6 MB stored; 7.0 s; peak memory 500 MiB.
2026-10-10T10:20:21Z INFO [342/1000] 714848ac-30a7-45d7-a465-3e28237c7d5a: 48 arrays, 83.9 MB stored; 1.2 s; peak memory 500 MiB.
2026-10-10T10:20:21Z INFO [343/1000] 71480984-2cc0-4d99-ab88-c97deec8f169: 117 arrays, 0.6 MB stored; 1.6 s; peak memory 500 MiB.
2026-10-10T10:20:21Z INFO [344/1000] 7147fb9b-606c-4528-840e-0375405865dc: 62 arrays, 4626.3 MB stored; 1.9 s; peak memory 500 MiB.
2026-10-10T10:20:21Z INFO [345/1000] 7148f4d8-87b5-4ff9-a668-8d9dcf921c85: 117 arrays, 0.3 MB stored; 1.4 s; peak memory 500 MiB.
2026-10-10T10:20:21Z INFO [346/1000] 7135a34e-7b77-4ad7-aa84-3d73a9f1b758: 7009 arrays, 103.0 MB stored; 34.2 s; peak memory 500 MiB.
2026-10-10T10:20:21Z INFO [347/1000] 71496940-92af-413f-af23-d4181b56cb40: 48 arrays, 83.9 MB stored; 1.2 s; peak memory 500 MiB.
2026-10-10T10:20:22Z INFO [348/1000] 714a34d3-54e3-49f1-bb22-75b89604ed92: 118 arrays, 0.2 MB stored; 1.4 s; peak memory 500 MiB.
2026-10-10T10:20:22Z INFO [349/1000] 714b6ea9-ad3f-4170-bf49-77a4bf283332: 48 arrays, 83.9 MB stored; 1.4 s; peak memory 500 MiB.
2026-10-10T10:20:23Z INFO [350/1000] 714abcb1-0089-4496-9fe8-0db009c0d15d: 59 arrays, 311.6 MB stored; 1.8 s; peak memory 500 MiB.
2026-10-10T10:20:23Z INFO [351/1000] 714be7da-c504-4efd-8a9a-5410b63cf976: 112 arrays, 0.6 MB stored; 1.6 s; peak memory 500 MiB.
2026-10-10T10:20:23Z INFO [352/1000] 714a5d6d-3d5c-4f04-84ef-f99beef0398f: 117 arrays, 29.7 MB stored; 2.4 s; peak memory 500 MiB.
2026-10-10T10:20:23Z INFO [353/1000] 714c1062-3e11-4027-aadf-4c90f8158f23: 52 arrays, 12.7 MB stored; 1.2 s; peak memory 500 MiB.
2026-10-10T10:20:24Z INFO [354/1000] 714c4a53-5f93-4a3d-bf32-390664090552: 117 arrays, 0.5 MB stored; 1.4 s; peak memory 500 MiB.
2026-10-10T10:20:24Z INFO [355/1000] 714c9fc8-7003-4bf9-a7c4-9467aed505e6: 117 arrays, 0.4 MB stored; 1.4 s; peak memory 500 MiB.
2026-10-10T10:20:25Z INFO [356/1000] 714d2137-565c-447d-acc8-5a00f7353f5f: 289 arrays, 17.2 MB stored; 1.7 s; peak memory 500 MiB.
2026-10-10T10:20:25Z INFO [357/1000] 714d19a2-1a6c-4cab-ae38-5d4379b60118: 114 arrays, 4.1 MB stored; 2.1 s; peak memory 500 MiB.
2026-10-10T10:20:25Z INFO [358/1000] 714e3e5f-1a6e-4faa-8054-3dfbed1c803e: 118 arrays, 0.3 MB stored; 1.3 s; peak memory 500 MiB.
2026-10-10T10:20:25Z INFO [359/1000] 714d2f48-99d9-4f06-a5d4-f4c057d19692: 71 arrays, 64.9 MB stored; 1.9 s; peak memory 500 MiB.
2026-10-10T10:20:25Z INFO [360/1000] 714e550e-0f85-4cc1-8dd5-833cd8f817c3: 48 arrays, 83.9 MB stored; 1.3 s; peak memory 500 MiB.
2026-10-10T10:20:25Z INFO [361/1000] 714bf1b9-4226-4f1c-9837-a3c3422f6b0f: 464 arrays, 4.9 MB stored; 3.9 s; peak memory 500 MiB.
2026-10-10T10:20:26Z INFO [362/1000] 714ea18e-804f-4614-8b55-f66a49d04ef7: 58 arrays, 0.0 MB stored; 1.2 s; peak memory 500 MiB.
2026-10-10T10:20:26Z INFO [363/1000] 714ec0b0-603e-4460-ba5e-8b5d1c71d8f3: 46 arrays, 12.6 MB stored; 1.4 s; peak memory 500 MiB.
2026-10-10T10:20:27Z INFO [364/1000] 714ec5a2-fc07-491a-8f0a-c3ee0b54bb38: 48 arrays, 83.9 MB stored; 1.6 s; peak memory 500 MiB.
2026-10-10T10:20:27Z INFO [365/1000] 71506763-29d7-48bc-abfe-4943e225aa33: 118 arrays, 0.2 MB stored; 1.4 s; peak memory 500 MiB.
2026-10-10T10:20:27Z INFO [366/1000] 714f79e7-19f6-420f-bac5-d689459b0e74: 69 arrays, 58.8 MB stored; 1.9 s; peak memory 500 MiB.
2026-10-10T10:20:27Z INFO [367/1000] 71507eda-dbf7-40af-a0ae-826e91e5bfb5: 117 arrays, 0.3 MB stored; 1.3 s; peak memory 500 MiB.
2026-10-10T10:20:28Z INFO [368/1000] 71500a27-6ccc-4bc4-a53e-7805eb8b456e: 71 arrays, 118.8 MB stored; 2.3 s; peak memory 500 MiB.
2026-10-10T10:20:28Z INFO [369/1000] 715082d8-3a6a-4451-825c-646fafc4e29d: 48 arrays, 83.9 MB stored; 1.1 s; peak memory 500 MiB.
2026-10-10T10:20:29Z INFO [370/1000] 7150f452-d2e1-41cd-bc11-c5d86dfe1bed: 117 arrays, 0.5 MB stored; 1.6 s; peak memory 500 MiB.
2026-10-10T10:20:29Z INFO [371/1000] 715193a5-4be5-4987-b06e-07fad51d949d: 116 arrays, 0.3 MB stored; 1.3 s; peak memory 500 MiB.
2026-10-10T10:20:29Z INFO [372/1000] 7151413c-9cb7-4934-a766-0ab9bade4ab4: 71 arrays, 45.4 MB stored; 1.6 s; peak memory 500 MiB.
2026-10-10T10:20:30Z INFO [373/1000] 7152b8e3-3790-480b-b625-5217fbcc304a: 92 arrays, 0.3 MB stored; 1.4 s; peak memory 500 MiB.
2026-10-10T10:20:30Z INFO [374/1000] 7152efab-7a13-4c58-bb74-27299bcdae5c: 48 arrays, 83.9 MB stored; 1.2 s; peak memory 500 MiB.
2026-10-10T10:20:30Z INFO [375/1000] 7152f6f3-c53e-4356-9bbd-23dda320c1f3: 47 arrays, 0.3 MB stored; 1.2 s; peak memory 500 MiB.
2026-10-10T10:20:31Z INFO [376/1000] 71506d1c-647b-478a-8e8b-42919e52d776: 538 arrays, 7.6 MB stored; 4.9 s; peak memory 500 MiB.
2026-10-10T10:20:31Z INFO [377/1000] 7153583a-c5e7-4dd7-b09c-0f253a70416a: 41 arrays, 17.0 MB stored; 1.2 s; peak memory 500 MiB.
2026-10-10T10:20:32Z INFO [378/1000] 7150e1f9-50fc-41fc-9571-1f47b8e970aa: 538 arrays, 7.6 MB stored; 5.0 s; peak memory 500 MiB.
2026-10-10T10:20:32Z INFO [379/1000] 7153e9b6-2832-4035-bbdf-a736235f21f0: 112 arrays, 0.5 MB stored; 1.6 s; peak memory 500 MiB.
2026-10-10T10:20:33Z INFO [380/1000] 7154975d-aff4-4283-b485-23ff7168835e: 112 arrays, 0.8 MB stored; 1.4 s; peak memory 500 MiB.
2026-10-10T10:20:33Z INFO [381/1000] 71537d64-ad2e-4fbc-b59e-4b300c213a3a: 80 arrays, 440.5 MB stored; 2.7 s; peak memory 500 MiB.
2026-10-10T10:20:34Z INFO [382/1000] 7154e6ce-252a-44a1-8079-67c33ee23c6f: 62 arrays, 3001.3 MB stored; 1.7 s; peak memory 500 MiB.
2026-10-10T10:20:34Z INFO [383/1000] 715653d6-ade9-4b90-9fcd-d8028e92f013: 41 arrays, 8.4 MB stored; 1.0 s; peak memory 500 MiB.
2026-10-10T10:20:34Z INFO [384/1000] 715438c9-2f47-43bd-af70-5dfa9b5ad8aa: 91 arrays, 441.0 MB stored; 3.0 s; peak memory 500 MiB.
2026-10-10T10:20:34Z INFO [385/1000] 7156cf74-d526-4e9b-9b31-b2f34d2eed55: 48 arrays, 83.9 MB stored; 1.3 s; peak memory 500 MiB.
2026-10-10T10:20:35Z INFO [386/1000] 71524801-f99b-4bc1-8c50-72c224b50726: 1003 arrays, 25.9 MB stored; 7.0 s; peak memory 500 MiB.
2026-10-10T10:20:35Z INFO [387/1000] 7157c881-918d-4935-b9c4-2ce5b1f8bfda: 118 arrays, 0.2 MB stored; 1.5 s; peak memory 500 MiB.
2026-10-10T10:20:35Z INFO [388/1000] 7157cfd5-6bda-4909-b534-7cdd0b8c13f3: 69 arrays, 2.1 MB stored; 1.4 s; peak memory 500 MiB.
2026-10-10T10:20:35Z INFO [389/1000] 71582b67-e149-44c2-8fc4-5f91bd2428d1: 48 arrays, 83.9 MB stored; 1.3 s; peak memory 500 MiB.
2026-10-10T10:20:36Z INFO [390/1000] 7154c5e1-cc53-485d-81c7-0ffec62a7d4e: 554 arrays, 6.7 MB stored; 4.0 s; peak memory 500 MiB.
2026-10-10T10:20:36Z INFO [391/1000] 7158d8ae-2460-42ad-88bb-d9c95df6540f: 112 arrays, 0.3 MB stored; 1.3 s; peak memory 500 MiB.
2026-10-10T10:20:37Z INFO [392/1000] 71591fae-46ff-44fd-838a-84bfc58cb302: 51 arrays, 4131.5 MB stored; 1.5 s; peak memory 500 MiB.
2026-10-10T10:20:38Z INFO [393/1000] 71597e0e-fdcf-4841-af1e-c98837c0a16c: 111 arrays, 0.9 MB stored; 1.6 s; peak memory 500 MiB.
2026-10-10T10:20:38Z INFO [394/1000] 7158a614-6d73-4726-82b1-340f38f6313b: 38 arrays, 4094.3 MB stored; 2.6 s; peak memory 500 MiB.
2026-10-10T10:20:38Z INFO [395/1000] 71579fe2-7092-45c5-b318-f2fd9509151f: 223 arrays, 368.8 MB stored; 4.2 s; peak memory 500 MiB.
2026-10-10T10:20:38Z INFO [396/1000] 7159c3dc-fe63-4b02-b74f-c4f1821aca60: 117 arrays, 0.3 MB stored; 1.2 s; peak memory 500 MiB.
2026-10-10T10:20:38Z INFO [397/1000] 7159a4af-5404-43e1-b71f-c600a31a0927: 119 arrays, 66.4 MB stored; 1.9 s; peak memory 500 MiB.
2026-10-10T10:20:39Z INFO [398/1000] 715a053f-9d96-4c2a-92d8-14840f3a2653: 48 arrays, 83.9 MB stored; 1.2 s; peak memory 500 MiB.
2026-10-10T10:20:39Z INFO [399/1000] 71585ad4-133e-4756-acd8-2b27a110f622: 305 arrays, 46.2 MB stored; 4.3 s; peak memory 500 MiB.
2026-10-10T10:20:39Z INFO [400/1000] 715a3142-9e3c-426d-92c3-2dbf733e1a20: 117 arrays, 0.4 MB stored; 1.6 s; peak memory 500 MiB.
2026-10-10T10:20:41Z INFO [400/1000] 715a3142-9e3c-426d-92c3-2dbf733e1a20: checkpointed 400 new records.
2026-10-10T10:20:41Z INFO [401/1000] 715a9461-0d82-44ee-94a7-887818693a41: 51 arrays, 0.0 MB stored; 1.3 s; peak memory 500 MiB.
2026-10-10T10:20:41Z INFO [402/1000] 715ab053-cb17-4f37-ab08-2e608882b178: 58 arrays, 1618.1 MB stored; 1.7 s; peak memory 500 MiB.
2026-10-10T10:20:41Z INFO [403/1000] 715ad3f7-d570-499b-b8c1-c0ad85fd05a8: 155 arrays, 1.1 MB stored; 1.9 s; peak memory 500 MiB.
2026-10-10T10:20:41Z INFO [404/1000] 715aec76-6baf-4729-9430-7711d5a53e54: 112 arrays, 0.5 MB stored; 1.4 s; peak memory 500 MiB.
2026-10-10T10:20:42Z INFO [405/1000] 715bb6dc-c803-4a14-9483-9fbb8fd9682f: 48 arrays, 83.9 MB stored; 1.2 s; peak memory 500 MiB.
2026-10-10T10:20:43Z INFO [406/1000] 715c43f3-f070-4ed9-9516-5d004fe179f9: 62 arrays, 5055.9 MB stored; 1.5 s; peak memory 500 MiB.
2026-10-10T10:20:44Z INFO [407/1000] 715ad49e-2d30-4c7f-a5e8-8df88aaa5d95: 580 arrays, 9.9 MB stored; 4.8 s; peak memory 500 MiB.
2026-10-10T10:20:44Z INFO [408/1000] 715b0438-24ac-4493-bdb5-5fe6f410e188: 229 arrays, 1429.0 MB stored; 4.8 s; peak memory 500 MiB.
2026-10-10T10:20:46Z INFO [409/1000] 715c223c-1faa-4b4c-8e8c-8fa31a43cde4: 200 arrays, 388.4 MB stored; 4.9 s; peak memory 500 MiB.
2026-10-10T10:20:46Z INFO [410/1000] 715d48be-e09b-4171-af8c-3c235daadd11: 116 arrays, 187.1 MB stored; 2.4 s; peak memory 500 MiB.
2026-10-10T10:20:47Z INFO [411/1000] 715d5d97-aa10-40ca-b893-b76144e0fd7b: 41 arrays, 14.4 MB stored; 1.0 s; peak memory 500 MiB.
2026-10-10T10:20:47Z INFO [412/1000] 715a3417-dfba-499e-bad2-54d6717b676e: 1799 arrays, 41.1 MB stored; 9.0 s; peak memory 500 MiB.
2026-10-10T10:20:47Z INFO [413/1000] 715d911d-9d57-414a-bcae-f50edf5a8597: 47 arrays, 0.4 MB stored; 1.3 s; peak memory 500 MiB.
2026-10-10T10:20:48Z INFO [414/1000] 715d97d4-b60c-4ce0-a81a-ac51113a9776: 41 arrays, 8.4 MB stored; 1.0 s; peak memory 500 MiB.
2026-10-10T10:20:48Z INFO [415/1000] 715e1718-d7e6-4474-ae1c-d6dfb0440427: 48 arrays, 83.9 MB stored; 1.1 s; peak memory 500 MiB.
2026-10-10T10:20:49Z INFO [416/1000] 715ea4e7-1bb4-401f-ae73-f350f142304e: 51 arrays, 0.0 MB stored; 0.9 s; peak memory 500 MiB.
2026-10-10T10:20:50Z INFO [417/1000] 715eb170-f6a4-4290-9aff-8f1875410cf1: 118 arrays, 0.4 MB stored; 1.2 s; peak memory 500 MiB.
2026-10-10T10:20:50Z INFO [418/1000] 715f90e4-3c4b-427a-bdd2-42f4936832b4: 62 arrays, 4543.3 MB stored; 1.5 s; peak memory 500 MiB.
2026-10-10T10:20:55Z INFO [419/1000] 715cb31d-3cb3-4640-959c-3942d15706db: 237 arrays, 126.1 MB stored; 11.9 s; peak memory 500 MiB.
2026-10-10T10:20:56Z INFO [420/1000] 716095ff-a9c2-4955-9660-7c1e631c5c6b: 306 arrays, 39.6 MB stored; 5.8 s; peak memory 500 MiB.
2026-10-10T10:20:56Z INFO [421/1000] 7160d4e0-c31a-4302-bcd7-4e1f5e5ed767: 48 arrays, 83.9 MB stored; 1.2 s; peak memory 500 MiB.
2026-10-10T10:20:57Z INFO [422/1000] 7161000b-2fc8-4402-987e-4c109a70c3f2: 51 arrays, 0.0 MB stored; 1.1 s; peak memory 500 MiB.
2026-10-10T10:20:58Z INFO [423/1000] 716030ce-5bf4-40cb-b8f7-025e76cc5076: 731 arrays, 18.5 MB stored; 7.9 s; peak memory 500 MiB.
2026-10-10T10:20:58Z INFO [424/1000] 715d9559-f90e-4a81-9704-d8da067ebef6: 268 arrays, 1074.5 MB stored; 11.1 s; peak memory 500 MiB.
2026-10-10T10:20:58Z INFO [425/1000] 71618fa7-d25f-4b44-985a-e0e7c799c301: 70 arrays, 16.1 MB stored; 1.4 s; peak memory 500 MiB.
2026-10-10T10:20:58Z INFO [426/1000] 71620cd3-3538-4890-9e19-5dcaa163f659: 48 arrays, 83.9 MB stored; 1.2 s; peak memory 500 MiB.
2026-10-10T10:20:59Z INFO [427/1000] 71623322-e729-4de9-b5e6-b9f01a06c310: 118 arrays, 0.4 MB stored; 1.4 s; peak memory 500 MiB.
2026-10-10T10:20:59Z INFO [428/1000] 7162ca11-5c60-462a-9dca-4afa13e4f81c: 118 arrays, 0.3 MB stored; 1.5 s; peak memory 500 MiB.
2026-10-10T10:21:00Z INFO [429/1000] 71628975-452c-4548-ad18-9d757f521283: 112 arrays, 0.9 MB stored; 1.7 s; peak memory 500 MiB.
2026-10-10T10:21:00Z INFO [430/1000] 7163370b-6bc0-4952-a46d-c8cda29f80c4: 62 arrays, 4743.1 MB stored; 1.4 s; peak memory 500 MiB.
2026-10-10T10:21:01Z INFO [431/1000] 71646029-eb85-483b-ac57-656fb513fc5e: 48 arrays, 83.9 MB stored; 1.2 s; peak memory 500 MiB.
2026-10-10T10:21:01Z INFO [432/1000] 7163f7ce-ff6e-419c-8b48-1b5f5cda0c2d: 116 arrays, 0.4 MB stored; 1.4 s; peak memory 500 MiB.
2026-10-10T10:21:03Z INFO [433/1000] 71678fc6-4078-433d-818f-92d975788ed1: 66 arrays, 59.6 MB stored; 1.8 s; peak memory 500 MiB.
2026-10-10T10:21:03Z INFO [434/1000] 71677a69-af3a-4646-91e7-7c1572d3b053: 114 arrays, 186.9 MB stored; 2.2 s; peak memory 500 MiB.
2026-10-10T10:21:03Z INFO [435/1000] 7163df7b-8a32-41e0-9d93-4b64e17b2810: 407 arrays, 15.0 MB stored; 4.0 s; peak memory 500 MiB.
2026-10-10T10:21:04Z INFO [436/1000] 71084fe0-c903-46d2-b441-f06e151ec200: 264 arrays, 39384.7 MB stored; 182.3 s; peak memory 500 MiB.
2026-10-10T10:21:04Z INFO [437/1000] 716877de-9dc0-48e8-b67d-6843879d270c: 117 arrays, 0.5 MB stored; 1.4 s; peak memory 500 MiB.
2026-10-10T10:21:05Z INFO [438/1000] 7168e2c3-93b0-40cd-a44c-46333c9e0411: 116 arrays, 0.2 MB stored; 1.3 s; peak memory 500 MiB.
2026-10-10T10:21:05Z INFO [439/1000] 7168b1b1-188d-4b3d-b1ea-9f496dc68789: 112 arrays, 0.7 MB stored; 1.5 s; peak memory 500 MiB.
2026-10-10T10:21:06Z INFO [440/1000] 7169780f-1d8c-495e-ab30-c48de188805f: 117 arrays, 0.2 MB stored; 1.4 s; peak memory 500 MiB.
2026-10-10T10:21:06Z INFO [441/1000] 716a4395-1478-4d7a-8807-c828f838ca05: 31 arrays, 0.1 MB stored; 1.1 s; peak memory 500 MiB.
2026-10-10T10:21:06Z INFO [442/1000] 716a3096-a4fb-4361-aa13-f3398a1a4285: 46 arrays, 0.0 MB stored; 1.3 s; peak memory 500 MiB.
2026-10-10T10:21:07Z INFO [443/1000] 71638d4c-0397-448f-89b6-6f2d067d30c6: 9079 arrays, 192.3 MB stored; 7.9 s; peak memory 500 MiB.
2026-10-10T10:21:07Z INFO [444/1000] 71696ce9-8f39-4177-8533-2b46dc9dfa30: 438 arrays, 12.2 MB stored; 3.2 s; peak memory 500 MiB.
2026-10-10T10:21:07Z INFO [445/1000] 716ac07e-d2e3-492c-96fa-4a4235f6b730: 48 arrays, 83.9 MB stored; 1.3 s; peak memory 500 MiB.
2026-10-10T10:21:07Z INFO [446/1000] 716afe06-b2e0-4f91-ae3a-f2f9e9fe746c: 118 arrays, 0.3 MB stored; 1.4 s; peak memory 500 MiB.
2026-10-10T10:21:09Z INFO [447/1000] 716c8487-ab5d-4e45-ae95-fb32bee25e20: 114 arrays, 0.1 MB stored; 1.3 s; peak memory 500 MiB.
2026-10-10T10:21:09Z INFO [448/1000] 716b889d-22b6-4c2a-ba4e-7b339423a53a: 158 arrays, 6.6 MB stored; 2.5 s; peak memory 500 MiB.
2026-10-10T10:21:10Z INFO [449/1000] 716d1b80-5983-4362-a96d-2213929d7451: 41 arrays, 8.4 MB stored; 1.1 s; peak memory 500 MiB.
2026-10-10T10:21:11Z INFO [450/1000] 716c29f7-c654-43e9-86c2-05b636bb3187: 296 arrays, 44.6 MB stored; 4.3 s; peak memory 500 MiB.
2026-10-10T10:21:12Z INFO [451/1000] 716d568a-338e-4a8f-95b0-6894dedce4a3: 101 arrays, 5.6 MB stored; 1.6 s; peak memory 500 MiB.
2026-10-10T10:21:13Z INFO [452/1000] 716d92d2-b439-4460-a678-5f8b82b1131a: 112 arrays, 0.5 MB stored; 1.4 s; peak memory 500 MiB.
2026-10-10T10:21:13Z INFO [453/1000] 716da1cc-2b85-435b-88be-8d5879f25cb9: 48 arrays, 83.9 MB stored; 1.2 s; peak memory 500 MiB.
2026-10-10T10:21:14Z INFO [454/1000] 716dc6e5-bf14-4df9-8c24-42604808ae47: 52 arrays, 626.9 MB stored; 1.2 s; peak memory 500 MiB.
2026-10-10T10:21:15Z INFO [455/1000] 716ea9da-f574-45ac-8e60-8e4d3ecbad22: 116 arrays, 0.4 MB stored; 1.3 s; peak memory 500 MiB.
2026-10-10T10:21:15Z INFO [456/1000] 716f14a4-e646-4c21-99ee-51dc518d61b8: 52 arrays, 14.9 MB stored; 1.2 s; peak memory 500 MiB.
2026-10-10T10:21:16Z INFO [457/1000] 716f5887-8d9d-40d1-8e83-038ed2356e5f: 71 arrays, 4.7 MB stored; 1.6 s; peak memory 500 MiB.
2026-10-10T10:21:20Z INFO [458/1000] 71290670-4abf-4667-bda4-08dc837789b8: 167 arrays, 21170.3 MB stored; 108.8 s; peak memory 500 MiB.
2026-10-10T10:21:21Z INFO [459/1000] 716f9de3-7387-428c-936a-b39eef1618b1: 672 arrays, 17.9 MB stored; 5.9 s; peak memory 500 MiB.
2026-10-10T10:21:21Z INFO [460/1000] 716ff419-2e09-44ae-bf0a-ca58a3a6a0e1: 49 arrays, 772.3 MB stored; 1.4 s; peak memory 500 MiB.
2026-10-10T10:21:22Z INFO [461/1000] 7170ae23-c58b-4879-8191-11899ef47bd7: 117 arrays, 0.3 MB stored; 1.3 s; peak memory 500 MiB.
2026-10-10T10:21:23Z INFO [462/1000] 7170e5fc-ecf2-4f37-af07-c61635c7c887: 66 arrays, 249.2 MB stored; 1.6 s; peak memory 500 MiB.
2026-10-10T10:21:24Z INFO [463/1000] 716fc1e9-b297-474e-92a1-9851beb8f05c: 1096 arrays, 24.6 MB stored; 7.5 s; peak memory 500 MiB.
2026-10-10T10:21:24Z INFO [464/1000] 717139b9-1e8b-46dd-b8f8-f9b9aa5f1aec: 112 arrays, 0.5 MB stored; 1.3 s; peak memory 500 MiB.
2026-10-10T10:21:24Z INFO [465/1000] 717146bc-a5e2-42ec-9688-0ca57fe200c6: 116 arrays, 0.6 MB stored; 1.3 s; peak memory 500 MiB.
2026-10-10T10:21:25Z INFO [466/1000] 717165e5-36a0-4d42-8926-8ae139a0812a: 71 arrays, 51.0 MB stored; 1.6 s; peak memory 500 MiB.
2026-10-10T10:21:25Z INFO [467/1000] 71714cc5-ae98-43a4-af86-9951bd0973bb: 119 arrays, 66.4 MB stored; 1.9 s; peak memory 500 MiB.
2026-10-10T10:21:26Z INFO [468/1000] 7171e71b-12dc-4c60-b3e8-2d0fe905cd86: 116 arrays, 187.1 MB stored; 2.1 s; peak memory 500 MiB.
2026-10-10T10:21:26Z INFO [469/1000] 71722f06-b70f-434f-ad56-40546066ab00: 48 arrays, 83.9 MB stored; 1.2 s; peak memory 500 MiB.
2026-10-10T10:21:27Z INFO [470/1000] 71729856-6e27-47ce-9348-33b60d57ebea: 48 arrays, 83.9 MB stored; 1.1 s; peak memory 500 MiB.
2026-10-10T10:21:28Z INFO [471/1000] 7172d425-36d9-4498-8760-559ce5601ef7: 118 arrays, 0.5 MB stored; 1.4 s; peak memory 500 MiB.
2026-10-10T10:21:28Z INFO [472/1000] 717285f9-a525-445b-84c4-8978ef8732d0: 115 arrays, 190.2 MB stored; 2.3 s; peak memory 500 MiB.
2026-10-10T10:21:29Z INFO [473/1000] 7172df36-1932-4b66-8a7e-fd64a2cbefec: 112 arrays, 1.1 MB stored; 1.5 s; peak memory 500 MiB.
2026-10-10T10:21:29Z INFO [474/1000] 71734711-c490-41e3-9d6d-48739ecdf017: 90 arrays, 0.3 MB stored; 1.3 s; peak memory 500 MiB.
2026-10-10T10:21:30Z INFO [475/1000] 716cf66a-6e83-40c5-b3b1-55ceec475fcd: 48 arrays, 39218.1 MB stored; 21.7 s; peak memory 500 MiB.
2026-10-10T10:21:30Z INFO [476/1000] 7174bc60-ce4e-4355-b1df-792078fd3100: 48 arrays, 83.9 MB stored; 1.2 s; peak memory 500 MiB.
2026-10-10T10:21:31Z INFO [477/1000] 7173b8f7-ad68-4ace-bbbd-6176ca3a8dff: 53 arrays, 844.2 MB stored; 1.6 s; peak memory 500 MiB.
2026-10-10T10:21:32Z INFO [478/1000] 71753188-2b69-402d-acdf-d3045c06e9e2: 116 arrays, 0.3 MB stored; 1.3 s; peak memory 500 MiB.
2026-10-10T10:21:32Z INFO [479/1000] 71765384-f2d7-4f47-9bd7-dca46ee85b0c: 48 arrays, 83.9 MB stored; 1.2 s; peak memory 500 MiB.
2026-10-10T10:21:32Z INFO [480/1000] 71765213-5395-4901-8ca3-af7c15f44034: 119 arrays, 66.4 MB stored; 2.1 s; peak memory 500 MiB.
2026-10-10T10:21:33Z INFO [481/1000] 717358b6-d2df-427a-a6c9-f878027d2406: 861 arrays, 9.8 MB stored; 5.2 s; peak memory 500 MiB.
2026-10-10T10:21:34Z INFO [482/1000] 7176e824-eb50-428c-a22a-4161cf165d92: 136 arrays, 3.8 MB stored; 1.9 s; peak memory 500 MiB.
2026-10-10T10:21:34Z INFO [483/1000] 71788a4e-27a5-4641-aeb6-b2df46eb0e63: 110 arrays, 0.2 MB stored; 1.2 s; peak memory 500 MiB.
2026-10-10T10:21:35Z INFO [484/1000] 7178cc0f-8fb9-4970-8ed0-df324a9087b6: 118 arrays, 0.3 MB stored; 1.2 s; peak memory 500 MiB.
2026-10-10T10:21:36Z INFO [485/1000] 71796918-067e-4101-9368-950a517b0cf9: 110 arrays, 0.9 MB stored; 1.6 s; peak memory 500 MiB.
2026-10-10T10:21:36Z INFO [486/1000] 7176978e-07a1-4817-a339-80d97f131c24: 643 arrays, 6.4 MB stored; 4.6 s; peak memory 500 MiB.
2026-10-10T10:21:36Z INFO [487/1000] 717a11fd-93d2-4f27-b3a7-565d73af76fa: 112 arrays, 0.3 MB stored; 1.3 s; peak memory 500 MiB.
2026-10-10T10:21:37Z INFO [488/1000] 717a266e-085e-45ab-b225-720055f421ce: 48 arrays, 83.9 MB stored; 1.2 s; peak memory 500 MiB.
2026-10-10T10:21:37Z INFO [489/1000] 717a8bfd-53a9-4cff-b6f7-aba04c90df71: 117 arrays, 0.4 MB stored; 1.2 s; peak memory 500 MiB.
2026-10-10T10:21:37Z INFO [490/1000] 717b5297-99ba-4489-ac3d-4f037aebfe82: 48 arrays, 83.9 MB stored; 1.2 s; peak memory 500 MiB.
2026-10-10T10:21:38Z INFO [491/1000] 717b7cf1-70c0-4683-98a2-83efff0d9ddf: 48 arrays, 83.9 MB stored; 1.3 s; peak memory 500 MiB.
2026-10-10T10:21:39Z INFO [492/1000] 717c6dda-87a2-40af-8c32-2a962c5e3db5: 117 arrays, 0.3 MB stored; 1.3 s; peak memory 500 MiB.
2026-10-10T10:21:39Z INFO [493/1000] 717c9608-1bf1-47ea-a294-b8b5ace66846: 41 arrays, 8.4 MB stored; 1.0 s; peak memory 500 MiB.
2026-10-10T10:21:39Z INFO [494/1000] 71773147-475f-4ad0-9618-87edf5d70d8a: 1053 arrays, 22.7 MB stored; 6.9 s; peak memory 500 MiB.
2026-10-10T10:21:39Z INFO [495/1000] 717c7d7a-af01-4e5f-8d23-3da814ccc382: 66 arrays, 189.7 MB stored; 2.0 s; peak memory 500 MiB.
2026-10-10T10:21:40Z INFO [496/1000] 715b1034-d403-4534-b5c2-b01d2b49242f: 10966 arrays, 166.4 MB stored; 59.8 s; peak memory 500 MiB.
2026-10-10T10:21:40Z INFO [497/1000] 717cef3d-6628-4182-b154-4b4b9fae82b6: 48 arrays, 83.9 MB stored; 1.2 s; peak memory 500 MiB.
2026-10-10T10:21:41Z INFO [498/1000] 717d224e-b0b1-4e6a-94ac-9edbaca23b82: 38 arrays, 0.5 MB stored; 1.5 s; peak memory 500 MiB.
2026-10-10T10:21:41Z INFO [499/1000] 717dd332-8138-4d0b-b4c3-52ab1e3972c3: 65 arrays, 0.0 MB stored; 1.4 s; peak memory 500 MiB.
2026-10-10T10:21:41Z INFO [500/1000] 717de7fe-2573-45b2-b3f1-aa8a31744f1a: 65 arrays, 76.7 MB stored; 1.8 s; peak memory 500 MiB.
2026-10-10T10:21:41Z INFO [501/1000] 717f5b11-c420-4bd5-b4db-410a5c2f0969: 118 arrays, 0.3 MB stored; 1.4 s; peak memory 500 MiB.
2026-10-10T10:21:42Z INFO [502/1000] 717e51ab-6d8e-4245-943e-b98a62781ee3: 117 arrays, 1121.8 MB stored; 1.9 s; peak memory 500 MiB.
2026-10-10T10:21:42Z INFO [503/1000] 717f8f18-8d6b-4c86-976c-f8eb1fab1fff: 48 arrays, 83.9 MB stored; 1.2 s; peak memory 500 MiB.
2026-10-10T10:21:43Z INFO [504/1000] 718003bf-5461-458f-90d7-bcba59f56111: 112 arrays, 0.5 MB stored; 1.3 s; peak memory 500 MiB.
2026-10-10T10:21:45Z INFO [505/1000] 71803217-f1e9-4923-815f-c023f2238256: 112 arrays, 0.6 MB stored; 1.5 s; peak memory 500 MiB.
2026-10-10T10:21:45Z INFO [506/1000] 717fe13f-f68b-460b-8c77-62bfc92fb980: 438 arrays, 3.9 MB stored; 3.4 s; peak memory 500 MiB.
2026-10-10T10:21:46Z INFO [507/1000] 71807a52-dbfb-4e83-b11d-87bc1df2eb2a: 48 arrays, 83.9 MB stored; 1.2 s; peak memory 500 MiB.
2026-10-10T10:21:47Z INFO [508/1000] 7181c055-c81c-439a-b955-68c1945f04f0: 48 arrays, 83.9 MB stored; 1.1 s; peak memory 500 MiB.
2026-10-10T10:21:47Z INFO [509/1000] 717f7eb3-b014-431f-adaf-64e5f58f6d08: 853 arrays, 20.7 MB stored; 6.2 s; peak memory 500 MiB.
2026-10-10T10:21:48Z INFO [510/1000] 7181fd87-dd75-4adb-b1fd-dfa17a4937e3: 48 arrays, 83.9 MB stored; 1.2 s; peak memory 500 MiB.
2026-10-10T10:21:48Z INFO [511/1000] 7181efb8-3f0c-402a-aacd-2a223a13e156: 117 arrays, 0.3 MB stored; 1.3 s; peak memory 500 MiB.
2026-10-10T10:21:49Z INFO [512/1000] 7182daef-303f-4ebc-bae7-d407da9310b4: 46 arrays, 12.6 MB stored; 1.1 s; peak memory 500 MiB.
2026-10-10T10:21:50Z INFO [513/1000] 71834553-faa9-4c48-97c9-ca45ff1ea089: 101 arrays, 15.7 MB stored; 1.8 s; peak memory 500 MiB.
2026-10-10T10:21:50Z INFO [514/1000] 71834fee-31af-45d7-a66a-3a375c3f7d2f: 48 arrays, 251.7 MB stored; 1.0 s; peak memory 500 MiB.
2026-10-10T10:21:51Z INFO [515/1000] 718353c6-6424-44da-8e44-68fe1fa68f60: 112 arrays, 0.8 MB stored; 1.4 s; peak memory 500 MiB.
2026-10-10T10:21:52Z INFO [516/1000] 7183aa10-4d93-40fa-90b0-035e6e685133: 117 arrays, 0.4 MB stored; 1.4 s; peak memory 500 MiB.
2026-10-10T10:21:53Z INFO [517/1000] 71845833-143a-42aa-98d9-1da1c8e70b69: 52 arrays, 13.4 MB stored; 1.2 s; peak memory 500 MiB.
2026-10-10T10:21:54Z INFO [518/1000] 71841be1-f98c-4345-a711-466616a6d0df: 156 arrays, 193.5 MB stored; 2.8 s; peak memory 500 MiB.
2026-10-10T10:21:54Z INFO [519/1000] 7184b4e0-a932-4cb8-93c2-e2aa56093a40: 275 arrays, 17.1 MB stored; 1.6 s; peak memory 500 MiB.
2026-10-10T10:21:55Z INFO [520/1000] 717fc3e9-a2d4-43f5-b124-9e298d2fc9ab: 882 arrays, 25.0 MB stored; 13.4 s; peak memory 500 MiB.
2026-10-10T10:21:56Z INFO [521/1000] 7184bba2-19c6-40a9-96a0-8f61ab348f97: 90 arrays, 140.1 MB stored; 2.3 s; peak memory 500 MiB.
2026-10-10T10:21:58Z INFO [522/1000] 718546b5-6a16-4c70-8129-982e46669ef0: 69 arrays, 0.0 MB stored; 1.2 s; peak memory 500 MiB.
2026-10-10T10:22:04Z INFO [523/1000] 71852a8b-eebe-408c-8b3c-020f3889d7cc: 1116 arrays, 27.7 MB stored; 9.2 s; peak memory 500 MiB.
2026-10-10T10:22:05Z INFO [524/1000] 71856a25-afea-4f84-9157-7382fef48f22: 117 arrays, 0.5 MB stored; 1.2 s; peak memory 500 MiB.
2026-10-10T10:22:05Z INFO [525/1000] 7184c2fb-c968-4df2-9d37-52140e13dce9: 1499 arrays, 47.7 MB stored; 10.7 s; peak memory 500 MiB.
2026-10-10T10:22:06Z INFO [526/1000] 71858227-e39a-4019-b23c-dbe63bc3b520: 48 arrays, 83.9 MB stored; 1.1 s; peak memory 500 MiB.
2026-10-10T10:22:07Z INFO [527/1000] 71857ac6-2f9e-4599-afab-475f94831872: 71 arrays, 40.1 MB stored; 1.6 s; peak memory 500 MiB.
2026-10-10T10:22:07Z INFO [528/1000] 71867179-b6bc-4d79-bf20-b6b78bf4cb85: 41 arrays, 8.4 MB stored; 1.0 s; peak memory 500 MiB.
2026-10-10T10:22:08Z INFO [529/1000] 71878089-7a63-4731-9ecd-d5ecda851413: 62 arrays, 0.8 MB stored; 1.1 s; peak memory 500 MiB.
2026-10-10T10:22:09Z INFO [530/1000] 71884be5-4160-4e2c-8c9f-a7e0bdc1edd3: 63 arrays, 0.1 MB stored; 1.1 s; peak memory 500 MiB.
2026-10-10T10:22:10Z INFO [531/1000] 71884a68-23b6-4747-8d18-11d25a73240e: 454 arrays, 4.9 MB stored; 3.2 s; peak memory 500 MiB.
2026-10-10T10:22:11Z INFO [532/1000] 71890c6e-c810-4c97-b49a-2c1f1389636d: 45 arrays, 0.0 MB stored; 0.9 s; peak memory 500 MiB.
2026-10-10T10:22:13Z INFO [533/1000] 7189fe1d-ba2a-4034-ad56-9906a7632d8f: 119 arrays, 51.4 MB stored; 1.9 s; peak memory 500 MiB.
2026-10-10T10:22:15Z INFO [534/1000] 718a1d17-371d-4fd4-90c3-c0907a7288b2: 155 arrays, 1.2 MB stored; 1.8 s; peak memory 500 MiB.
2026-10-10T10:22:16Z INFO [535/1000] 718a7a21-c296-49bc-8438-ae5a87e0013e: 49 arrays, 2.2 MB stored; 1.0 s; peak memory 500 MiB.
2026-10-10T10:22:16Z INFO [536/1000] 718860c0-7811-4ef0-9fed-219255385931: 818 arrays, 31.5 MB stored; 7.1 s; peak memory 500 MiB.
2026-10-10T10:22:17Z INFO [537/1000] 718bc005-78e8-4d93-800d-1a2f5b2d7b72: 48 arrays, 83.9 MB stored; 1.2 s; peak memory 500 MiB.
2026-10-10T10:22:17Z INFO [538/1000] 718b31c3-21bd-4434-a08d-65613db7d55a: 112 arrays, 1.1 MB stored; 1.6 s; peak memory 500 MiB.
2026-10-10T10:22:18Z INFO [539/1000] 718c7baf-74fb-48d3-83b2-25776e9e97f3: 48 arrays, 83.9 MB stored; 1.2 s; peak memory 500 MiB.
2026-10-10T10:22:20Z INFO [540/1000] 718d5a90-9bfa-4c93-94d2-c8f02abc57e6: 117 arrays, 0.3 MB stored; 1.2 s; peak memory 500 MiB.
2026-10-10T10:22:22Z INFO [541/1000] 718db5c9-57af-40d6-a9aa-7c3d03f6c0b4: 92 arrays, 46.8 MB stored; 2.5 s; peak memory 500 MiB.
2026-10-10T10:22:26Z INFO [542/1000] 718e5d7c-1c26-43e0-b380-9aa092de6112: 534 arrays, 6.7 MB stored; 4.4 s; peak memory 500 MiB.
2026-10-10T10:22:28Z INFO [543/1000] 718f83b6-7f62-4a5e-9708-c85eb437d6f6: 87 arrays, 7.6 MB stored; 1.8 s; peak memory 500 MiB.
2026-10-10T10:22:29Z INFO [544/1000] 7190ca19-8bb6-4563-bceb-40844b09e72a: 118 arrays, 0.2 MB stored; 1.2 s; peak memory 500 MiB.
2026-10-10T10:22:31Z INFO [545/1000] 7190d7ad-ef8d-4a44-a870-bfe7142b709a: 261 arrays, 17.1 MB stored; 1.5 s; peak memory 500 MiB.
2026-10-10T10:22:32Z INFO [546/1000] 719188bc-2a5d-4c11-a067-1b2415c185f0: 49 arrays, 0.7 MB stored; 1.0 s; peak memory 500 MiB.
2026-10-10T10:22:33Z INFO [547/1000] 71930ad3-0cd4-40a8-a7d0-01e30576de8c: 37 arrays, 2.5 MB stored; 1.1 s; peak memory 500 MiB.
2026-10-10T10:22:34Z INFO [548/1000] 719316f2-b943-4d39-8518-e5906856af7c: 39 arrays, 0.6 MB stored; 1.2 s; peak memory 500 MiB.
2026-10-10T10:22:36Z INFO [549/1000] 7193952d-ad19-42d9-bb9b-c7caaec4b2b7: 110 arrays, 1.5 MB stored; 1.6 s; peak memory 500 MiB.
2026-10-10T10:22:37Z INFO [550/1000] 71941308-3e82-4a2a-9f3a-a4ee7e49cae3: 55 arrays, 0.0 MB stored; 1.0 s; peak memory 500 MiB.
2026-10-10T10:22:38Z INFO [551/1000] 71943002-74ba-4c81-b7ea-0fa6258b64d0: 112 arrays, 0.8 MB stored; 1.4 s; peak memory 500 MiB.
2026-10-10T10:22:39Z INFO [552/1000] 71945719-154d-4986-abd5-58b7154f2617: 35 arrays, 0.0 MB stored; 1.0 s; peak memory 500 MiB.
2026-10-10T10:22:41Z INFO [553/1000] 71946dcf-6e67-428a-90a3-6c6759437803: 71 arrays, 195.7 MB stored; 1.9 s; peak memory 500 MiB.
2026-10-10T10:22:42Z INFO [554/1000] 71951181-2ef6-4ba4-b236-f2b8460753b4: 116 arrays, 0.3 MB stored; 1.2 s; peak memory 500 MiB.
2026-10-10T10:22:44Z INFO [555/1000] 71954a49-1930-4255-afc6-55cecf456770: 71 arrays, 4.4 MB stored; 1.5 s; peak memory 500 MiB.
2026-10-10T10:22:44Z INFO [556/1000] 716c7285-92f0-437f-8742-117203f6c484: 167 arrays, 21059.9 MB stored; 97.1 s; peak memory 500 MiB.
2026-10-10T10:22:45Z INFO [557/1000] 7196f839-87c8-4d09-a826-e8265d5877c9: 48 arrays, 83.9 MB stored; 1.1 s; peak memory 500 MiB.
2026-10-10T10:22:47Z INFO [558/1000] 71976a08-3b81-4afe-a458-63fad1cd98f0: 77 arrays, 0.5 MB stored; 1.3 s; peak memory 500 MiB.
2026-10-10T10:22:48Z INFO [559/1000] 719770fd-1ca8-4eff-84db-4ce2e10ec5db: 44 arrays, 0.1 MB stored; 1.1 s; peak memory 500 MiB.
2026-10-10T10:22:48Z INFO [560/1000] 71961ddb-0292-44be-97c4-5771c1314709: 229 arrays, 256.2 MB stored; 4.0 s; peak memory 500 MiB.
2026-10-10T10:22:49Z INFO [561/1000] 7197f0cc-3dc8-4841-80ac-a2fd11346b46: 114 arrays, 0.3 MB stored; 1.2 s; peak memory 500 MiB.
2026-10-10T10:22:50Z INFO [562/1000] 71989194-17ee-4adb-bde1-27134f2078ed: 118 arrays, 0.4 MB stored; 1.2 s; peak memory 500 MiB.
2026-10-10T10:22:51Z INFO [563/1000] 71990ece-3d58-427b-a7b8-032a0d88b7ca: 48 arrays, 83.9 MB stored; 1.1 s; peak memory 500 MiB.
2026-10-10T10:22:53Z INFO [564/1000] 71991952-429b-4479-958d-7c67b91490de: 117 arrays, 0.4 MB stored; 1.3 s; peak memory 500 MiB.
2026-10-10T10:22:54Z INFO [565/1000] 71992a60-2467-440d-951c-7b5f17a1a91d: 52 arrays, 10.2 MB stored; 1.0 s; peak memory 500 MiB.
2026-10-10T10:22:55Z INFO [566/1000] 7199634c-39fe-4b02-ad89-597216b2e335: 56 arrays, 0.0 MB stored; 1.0 s; peak memory 500 MiB.
2026-10-10T10:22:56Z INFO [567/1000] 716a5ff2-5540-4d45-a144-4745b91bc1e1: 167 arrays, 21062.7 MB stored; 110.1 s; peak memory 500 MiB.
2026-10-10T10:22:56Z INFO [568/1000] 719a4528-17d6-4e50-8a43-77d869b8667e: 48 arrays, 83.9 MB stored; 1.2 s; peak memory 500 MiB.
2026-10-10T10:22:57Z INFO [569/1000] 719aa385-d8b6-47cf-8950-dfed9f8ee39e: 66 arrays, 79.5 MB stored; 1.5 s; peak memory 500 MiB.
2026-10-10T10:22:57Z INFO [570/1000] 719b5682-997b-44ac-8998-088f18fe17cc: 116 arrays, 0.4 MB stored; 1.3 s; peak memory 500 MiB.
2026-10-10T10:22:58Z INFO [571/1000] 719c968c-a480-414d-921e-b00929273dc4: 117 arrays, 0.4 MB stored; 1.3 s; peak memory 500 MiB.
2026-10-10T10:22:59Z INFO [572/1000] 7197ad92-8440-45c3-b231-e43648c5ce81: 288 arrays, 958.6 MB stored; 11.2 s; peak memory 500 MiB.
2026-10-10T10:23:00Z INFO [573/1000] 719dbfc8-46b9-418d-94f2-48217b794fbc: 117 arrays, 0.2 MB stored; 1.2 s; peak memory 500 MiB.
2026-10-10T10:23:00Z INFO [574/1000] 719e8369-8372-416d-b4a9-4002c98349a7: 48 arrays, 83.9 MB stored; 1.1 s; peak memory 500 MiB.
2026-10-10T10:23:01Z INFO [575/1000] 719eb515-ae1a-46ed-b055-46c75cf62903: 117 arrays, 0.3 MB stored; 1.3 s; peak memory 500 MiB.
2026-10-10T10:23:01Z INFO [576/1000] 719efc0d-ddb4-4314-87bc-79c7f66751cf: 48 arrays, 83.9 MB stored; 1.1 s; peak memory 500 MiB.
2026-10-10T10:23:02Z INFO [577/1000] 719f3548-1003-4656-89d7-562b5a23bc17: 112 arrays, 0.6 MB stored; 1.4 s; peak memory 500 MiB.
2026-10-10T10:23:04Z INFO [578/1000] 71a03a03-0e19-402e-9bdb-76ab15c76d2a: 112 arrays, 0.8 MB stored; 1.4 s; peak memory 500 MiB.
2026-10-10T10:23:05Z INFO [579/1000] 71a118f2-01c6-4eb8-a8c0-a57c693b8367: 117 arrays, 0.4 MB stored; 1.2 s; peak memory 500 MiB.
2026-10-10T10:23:06Z INFO [580/1000] 719f8c0a-7419-4ba3-99f3-161df8e0e881: 538 arrays, 7.6 MB stored; 4.7 s; peak memory 500 MiB.
2026-10-10T10:23:06Z INFO [581/1000] 71a28b32-334c-4caf-91cc-fae176234908: 117 arrays, 0.3 MB stored; 1.2 s; peak memory 500 MiB.
2026-10-10T10:23:06Z INFO [582/1000] 719d7257-cadc-4c74-95ca-3131c67c978d: 1485 arrays, 32.8 MB stored; 9.3 s; peak memory 500 MiB.
2026-10-10T10:23:07Z INFO [583/1000] 71a38909-6e58-499d-90e7-b36ea5c0bd9c: 76 arrays, 0.3 MB stored; 1.4 s; peak memory 500 MiB.
2026-10-10T10:23:08Z INFO [584/1000] 71a3cf4f-7131-47ad-8223-c3813318030c: 118 arrays, 66.3 MB stored; 2.0 s; peak memory 500 MiB.
2026-10-10T10:23:09Z INFO [585/1000] 71a47ca0-0273-418e-b700-226c723621c8: 48 arrays, 83.9 MB stored; 1.2 s; peak memory 500 MiB.
2026-10-10T10:23:10Z INFO [586/1000] 71a57d9c-6d4c-4c5b-a2e8-7d4348996c3e: 112 arrays, 0.7 MB stored; 1.5 s; peak memory 500 MiB.
2026-10-10T10:23:12Z INFO [587/1000] 71a5e6a2-d207-4302-a150-3cb428ebfbfa: 69 arrays, 27.2 MB stored; 1.6 s; peak memory 500 MiB.
2026-10-10T10:23:13Z INFO [588/1000] 71a61ca8-f1a5-4d66-9058-9d3f146afc3f: 66 arrays, 71.7 MB stored; 1.6 s; peak memory 500 MiB.
2026-10-10T10:23:16Z INFO [589/1000] 71a4c0ae-cbc8-4863-8073-71723cf82b3c: 1056 arrays, 28.7 MB stored; 7.5 s; peak memory 500 MiB.
2026-10-10T10:23:17Z INFO [590/1000] 71a7695b-990f-42d2-9c6d-a7b3252277da: 117 arrays, 0.3 MB stored; 1.3 s; peak memory 500 MiB.
2026-10-10T10:23:18Z INFO [591/1000] 71a799bd-43cc-4d77-b0c3-deeffbf6de17: 114 arrays, 0.2 MB stored; 1.2 s; peak memory 500 MiB.
2026-10-10T10:23:21Z INFO [592/1000] 7180d257-d578-4622-9cfe-6a1f19bad165: 167 arrays, 21120.4 MB stored; 96.1 s; peak memory 500 MiB.
2026-10-10T10:23:24Z INFO [593/1000] 71a7c504-f444-4082-8d04-3da87af42d2c: 193 arrays, 815.9 MB stored; 5.5 s; peak memory 500 MiB.
2026-10-10T10:23:25Z INFO [594/1000] 71a7f968-c9e8-40e3-876f-942c70445646: 52 arrays, 10.7 MB stored; 1.2 s; peak memory 500 MiB.
2026-10-10T10:23:25Z INFO [595/1000] 715d50c5-53ce-4c52-84ff-6de51b073035: 266 arrays, 12581.7 MB stored; 161.0 s; peak memory 500 MiB.
2026-10-10T10:23:26Z INFO [596/1000] 71a872af-34bd-449c-801d-2cec6716b29f: 48 arrays, 83.9 MB stored; 1.2 s; peak memory 500 MiB.
2026-10-10T10:23:27Z INFO [597/1000] 71854d07-3517-4db8-b83f-e59f49b5df8a: 260 arrays, 19803.1 MB stored; 89.0 s; peak memory 500 MiB.
2026-10-10T10:23:27Z INFO [598/1000] 71a8920f-30ec-4f82-815a-1ab3d9272687: 46 arrays, 323.1 MB stored; 1.4 s; peak memory 500 MiB.
2026-10-10T10:23:27Z INFO [599/1000] 71a8ef75-8610-4ed0-8d5f-4b5271a0bb9e: 55 arrays, 0.0 MB stored; 1.1 s; peak memory 500 MiB.
2026-10-10T10:23:28Z INFO [600/1000] 71a94f96-0aa3-49f1-938c-4d3695985b19: 46 arrays, 0.1 MB stored; 1.0 s; peak memory 500 MiB.
2026-10-10T10:23:29Z INFO [600/1000] 71a94f96-0aa3-49f1-938c-4d3695985b19: checkpointed 600 new records.
2026-10-10T10:23:29Z INFO [601/1000] 71a64dbc-578f-4355-911d-69403f9b3722: 1054 arrays, 40.8 MB stored; 14.7 s; peak memory 500 MiB.
2026-10-10T10:23:29Z INFO [602/1000] 71a971c7-cf1f-468b-8cf5-279ee71ef263: 118 arrays, 0.4 MB stored; 1.5 s; peak memory 500 MiB.
2026-10-10T10:23:29Z INFO [603/1000] 71abf384-1609-4342-99b9-7c2e92df86b2: 114 arrays, 0.2 MB stored; 1.4 s; peak memory 500 MiB.
2026-10-10T10:23:29Z INFO [604/1000] 71ac3191-4b3c-4ce9-a45e-01ec56be1008: 48 arrays, 83.9 MB stored; 1.1 s; peak memory 500 MiB.
2026-10-10T10:23:30Z INFO [605/1000] 71ac10e4-39ec-4577-bc1d-e48bc999e6a3: 98 arrays, 134.0 MB stored; 2.1 s; peak memory 500 MiB.
2026-10-10T10:23:30Z INFO [606/1000] 71ac7aa7-6490-450f-bc06-bf26a1f6bac6: 69 arrays, 26.0 MB stored; 1.6 s; peak memory 500 MiB.
2026-10-10T10:23:31Z INFO [607/1000] 71add98c-6f92-4b75-bb1f-4ec5caa55510: 48 arrays, 83.9 MB stored; 1.2 s; peak memory 500 MiB.
2026-10-10T10:23:31Z INFO [608/1000] 71ae35f0-c43f-44e9-91cd-184f10534a8f: 48 arrays, 83.9 MB stored; 1.2 s; peak memory 500 MiB.
2026-10-10T10:23:36Z INFO [609/1000] 71ae3eb0-403c-42e4-a820-6ee0f4ffc824: 571 arrays, 12.9 MB stored; 4.8 s; peak memory 500 MiB.
2026-10-10T10:23:37Z INFO [610/1000] 71ad9140-5bff-4e5b-81f6-bd9b89c22675: 11477 arrays, 173.3 MB stored; 8.0 s; peak memory 500 MiB.
2026-10-10T10:23:37Z INFO [611/1000] 71aefb78-869a-419b-b836-7ac4372f03dc: 48 arrays, 83.9 MB stored; 1.3 s; peak memory 500 MiB.
2026-10-10T10:23:38Z INFO [612/1000] 71afee50-7b55-468d-8971-6a45c30cd236: 112 arrays, 0.5 MB stored; 1.3 s; peak memory 500 MiB.
2026-10-10T10:23:39Z INFO [613/1000] 71adb470-3fc3-48d0-8a08-7ffda0431b3d: 38 arrays, 398.1 MB stored; 9.9 s; peak memory 500 MiB.
2026-10-10T10:23:39Z INFO [614/1000] 71b16283-8d58-4dea-aadf-eaaa6c279d0c: 48 arrays, 83.9 MB stored; 1.1 s; peak memory 500 MiB.
2026-10-10T10:23:40Z INFO [615/1000] 71b1b7db-64af-45e1-8e8f-bba08582ee91: 117 arrays, 0.4 MB stored; 1.4 s; peak memory 500 MiB.
2026-10-10T10:23:41Z INFO [616/1000] 71b1d9ec-2106-4d6c-9171-88e92db3e446: 38 arrays, 0.5 MB stored; 1.0 s; peak memory 500 MiB.
2026-10-10T10:23:43Z INFO [617/1000] 71b20327-55cf-402c-806c-640e3f05ee7a: 112 arrays, 0.5 MB stored; 1.3 s; peak memory 500 MiB.
2026-10-10T10:23:45Z INFO [618/1000] 71b08b03-df30-4bc3-b796-bbc6a8ddcac7: 704 arrays, 20.5 MB stored; 7.7 s; peak memory 500 MiB.
2026-10-10T10:23:46Z INFO [619/1000] 71b25e8f-e164-4726-afc8-f5bec5fb5313: 48 arrays, 83.9 MB stored; 1.2 s; peak memory 500 MiB.
2026-10-10T10:23:47Z INFO [620/1000] 71b21578-3c97-4a1e-9a4c-2c21ec50fd32: 223 arrays, 238.1 MB stored; 3.9 s; peak memory 500 MiB.
2026-10-10T10:23:47Z INFO [621/1000] 71ae7630-d232-4d02-9419-f9dae67724ff: 602 arrays, 4969.5 MB stored; 15.8 s; peak memory 500 MiB.
2026-10-10T10:23:47Z INFO [622/1000] 71b2d2f9-47c9-4152-83e2-889b3532c98f: 56 arrays, 0.0 MB stored; 1.0 s; peak memory 500 MiB.
2026-10-10T10:23:48Z INFO [623/1000] 718d1067-8bdf-4487-b71d-bf136811323d: 260 arrays, 19752.9 MB stored; 90.2 s; peak memory 500 MiB.
2026-10-10T10:23:48Z INFO [624/1000] 71b6fb69-c576-43a3-99e7-2e57e60a6ae2: 117 arrays, 0.2 MB stored; 1.3 s; peak memory 500 MiB.
2026-10-10T10:23:48Z INFO [625/1000] 71b63974-acdf-4362-aa42-150baa3085c7: 71 arrays, 127.8 MB stored; 1.8 s; peak memory 500 MiB.
2026-10-10T10:23:49Z INFO [626/1000] 71b7b600-a215-48a4-9228-a930390b8f12: 117 arrays, 0.3 MB stored; 1.2 s; peak memory 500 MiB.
2026-10-10T10:23:50Z INFO [627/1000] 71b7d3e2-6c68-48d2-b9c8-6e43551f613b: 112 arrays, 0.8 MB stored; 1.6 s; peak memory 500 MiB.
2026-10-10T10:23:50Z INFO [628/1000] 71b813e4-7c3e-4912-93b7-728e2777fa81: 112 arrays, 0.5 MB stored; 1.6 s; peak memory 500 MiB.
2026-10-10T10:23:50Z INFO [629/1000] 71ba3a99-3cd7-4e41-aad4-c7dbf641b021: 112 arrays, 0.3 MB stored; 1.3 s; peak memory 500 MiB.
2026-10-10T10:23:51Z INFO [630/1000] 71baec2b-99f6-42b8-99a7-b3453a3b1ad5: 48 arrays, 83.9 MB stored; 1.3 s; peak memory 500 MiB.
2026-10-10T10:23:51Z INFO [631/1000] 71bb88cc-9993-41ff-8bf5-df642248bb75: 112 arrays, 0.6 MB stored; 1.4 s; peak memory 500 MiB.
2026-10-10T10:23:52Z INFO [632/1000] 71bbb70f-4be7-485f-b40c-82bb78e1eeb0: 57 arrays, 0.0 MB stored; 1.1 s; peak memory 500 MiB.
2026-10-10T10:23:53Z INFO [633/1000] 71bc8dd6-3cf8-4349-8481-329dfc6c797e: 84 arrays, 0.7 MB stored; 1.6 s; peak memory 500 MiB.
2026-10-10T10:23:54Z INFO [634/1000] 71bcdc4e-65ed-4d22-b1cf-e26633a7f945: 112 arrays, 0.8 MB stored; 1.5 s; peak memory 500 MiB.
2026-10-10T10:23:55Z INFO [635/1000] 71b6a06f-a2b9-4fe7-8c5e-5a773d7fe204: 1001 arrays, 40.4 MB stored; 8.0 s; peak memory 500 MiB.
2026-10-10T10:23:55Z INFO [636/1000] 71bcafdf-e222-4e12-8218-bb32d281f4d6: 38 arrays, 5327.4 MB stored; 3.4 s; peak memory 500 MiB.
2026-10-10T10:23:56Z INFO [637/1000] 71bce4b1-81b0-4ba7-a708-eccac4f1c7c0: 289 arrays, 17.1 MB stored; 1.4 s; peak memory 500 MiB.
2026-10-10T10:23:57Z INFO [638/1000] 71bd1c9f-7439-4bda-a311-b407ca5f052c: 52 arrays, 14.6 MB stored; 1.2 s; peak memory 500 MiB.
2026-10-10T10:23:57Z INFO [639/1000] 71bd4b5b-4e9d-462c-ba28-52e0cb141bd7: 78 arrays, 0.0 MB stored; 1.2 s; peak memory 500 MiB.
2026-10-10T10:23:58Z INFO [640/1000] 71bd7bd3-3a5c-448a-8b40-6157bdfea868: 57 arrays, 0.0 MB stored; 1.1 s; peak memory 500 MiB.
2026-10-10T10:23:58Z INFO [641/1000] 71bb957d-5bef-489b-89f7-d857ee240411: 1011 arrays, 40.0 MB stored; 8.2 s; peak memory 500 MiB.
2026-10-10T10:23:59Z INFO [642/1000] 71bec4c7-17af-4853-848c-5c2da63d45fc: 48 arrays, 83.9 MB stored; 1.2 s; peak memory 500 MiB.
2026-10-10T10:23:59Z INFO [643/1000] 71bfb18d-ed11-4bed-9d6e-bd7ca4799640: 57 arrays, 0.0 MB stored; 0.9 s; peak memory 500 MiB.
2026-10-10T10:24:01Z INFO [644/1000] 71c0bf56-fea3-431a-bf64-7303dc2da818: 60 arrays, 11.0 MB stored; 1.2 s; peak memory 500 MiB.
2026-10-10T10:24:02Z INFO [645/1000] 71c14ddd-185d-44fe-93a6-3dab27e0df77: 43 arrays, 0.0 MB stored; 1.0 s; peak memory 500 MiB.
2026-10-10T10:24:02Z INFO [646/1000] 71c0b137-6fb7-47ad-baef-489c551dc467: 530 arrays, 6.9 MB stored; 3.5 s; peak memory 500 MiB.
2026-10-10T10:24:03Z INFO [647/1000] 71c17196-bee7-4543-90e7-8aee9dc93460: 66 arrays, 114.9 MB stored; 1.6 s; peak memory 500 MiB.
2026-10-10T10:24:04Z INFO [648/1000] 71c19f54-fa8c-481c-a3c0-d283237def69: 48 arrays, 83.9 MB stored; 1.1 s; peak memory 500 MiB.
2026-10-10T10:24:05Z INFO [649/1000] 71c294e5-8f8f-44cf-8cca-950fd35798da: 50 arrays, 2.6 MB stored; 1.0 s; peak memory 500 MiB.
2026-10-10T10:24:07Z INFO [650/1000] 71be7336-f742-4a67-8a63-b6185b8cbb07: 831 arrays, 25.5 MB stored; 10.4 s; peak memory 500 MiB.
2026-10-10T10:24:09Z INFO [651/1000] 71c3d8f8-4935-4794-ae75-6d42fad56afc: 118 arrays, 0.4 MB stored; 1.3 s; peak memory 500 MiB.
2026-10-10T10:24:10Z INFO [652/1000] 71c3de58-52ae-40aa-9ba1-143c0c6de9a8: 48 arrays, 83.9 MB stored; 1.1 s; peak memory 500 MiB.
2026-10-10T10:24:11Z INFO [653/1000] 71c3b0e0-e20a-47a8-a8b7-244673acc481: 764 arrays, 19.1 MB stored; 6.6 s; peak memory 500 MiB.
2026-10-10T10:24:12Z INFO [654/1000] 71c40527-3fa9-4292-acae-33ad5f63e998: 123 arrays, 4.4 MB stored; 2.1 s; peak memory 500 MiB.
2026-10-10T10:24:12Z INFO [655/1000] 71c458f7-d946-48de-9379-55418db26d73: 33 arrays, 0.0 MB stored; 1.1 s; peak memory 500 MiB.
2026-10-10T10:24:13Z INFO [656/1000] 71c4ce2f-2c51-4485-840b-a9ffa5200e80: 48 arrays, 83.9 MB stored; 1.1 s; peak memory 500 MiB.
2026-10-10T10:24:15Z INFO [657/1000] 71c54e30-80a3-4e2b-8984-071c4049f8b7: 374 arrays, 2.8 MB stored; 2.7 s; peak memory 500 MiB.
2026-10-10T10:24:16Z INFO [658/1000] 71c5f5e1-fe0b-43d4-af40-ab185abdd16f: 48 arrays, 83.9 MB stored; 1.3 s; peak memory 500 MiB.
2026-10-10T10:24:18Z INFO [659/1000] 71c70d0c-41dd-4adb-88e6-f6465c1ab463: 47 arrays, 617.2 MB stored; 1.5 s; peak memory 500 MiB.
2026-10-10T10:24:22Z INFO [660/1000] 71c58617-6fef-4738-8647-7e7bdc834c49: 420 arrays, 3999.9 MB stored; 8.5 s; peak memory 500 MiB.
2026-10-10T10:24:22Z INFO [661/1000] 71c755e0-4f88-4e0a-b263-5ba8c1d11990: 414 arrays, 19.6 MB stored; 4.8 s; peak memory 500 MiB.
2026-10-10T10:24:24Z INFO [662/1000] 71c7a74f-fdac-46f7-9632-51016ff868a7: 48 arrays, 83.9 MB stored; 1.1 s; peak memory 500 MiB.
2026-10-10T10:24:25Z INFO [663/1000] 71c91f34-7893-4231-87b5-147aaefc4398: 116 arrays, 0.3 MB stored; 1.2 s; peak memory 500 MiB.
2026-10-10T10:24:26Z INFO [664/1000] 71c99c15-8de9-4697-909a-a1681b301568: 43 arrays, 1409.0 MB stored; 1.2 s; peak memory 500 MiB.
2026-10-10T10:24:27Z INFO [665/1000] 71ca73a7-c253-4d12-8cff-925078f854bc: 33 arrays, 516.6 MB stored; 1.2 s; peak memory 500 MiB.
2026-10-10T10:24:29Z INFO [666/1000] 71ca75ce-3cb2-4b5f-ad84-9a078dd5b363: 121 arrays, 0.8 MB stored; 1.8 s; peak memory 500 MiB.
2026-10-10T10:24:30Z INFO [667/1000] 71cab2aa-bb37-495f-8775-9d1048383615: 112 arrays, 0.6 MB stored; 1.4 s; peak memory 500 MiB.
2026-10-10T10:24:32Z INFO [668/1000] 71cba6c8-f046-4cc0-9644-442389a5a550: 111 arrays, 16.6 MB stored; 1.7 s; peak memory 500 MiB.
2026-10-10T10:24:34Z INFO [669/1000] 71cbe262-d2d0-4fc8-b98e-209f5d51c09a: 110 arrays, 0.9 MB stored; 1.6 s; peak memory 500 MiB.
2026-10-10T10:24:38Z INFO [670/1000] 71ccbadd-cb12-445f-9998-0ad27bc93355: 255 arrays, 2662.4 MB stored; 4.1 s; peak memory 500 MiB.
2026-10-10T10:24:39Z INFO [671/1000] 71c28764-f308-4695-85b7-20e92fe8ace2: 55 arrays, 2454.0 MB stored; 35.5 s; peak memory 500 MiB.
2026-10-10T10:24:39Z INFO [672/1000] 71cd0380-0f91-4688-b8a9-5cbbe52cda41: 119 arrays, 51.4 MB stored; 1.7 s; peak memory 500 MiB.
2026-10-10T10:24:40Z INFO [673/1000] 71cd2029-10a6-49b8-8131-e38145ea2ea7: 48 arrays, 83.9 MB stored; 1.1 s; peak memory 500 MiB.
2026-10-10T10:24:41Z INFO [674/1000] 71cd249c-e466-4423-8fa9-1ef2630b748c: 66 arrays, 20.4 MB stored; 1.5 s; peak memory 500 MiB.
2026-10-10T10:24:41Z INFO [675/1000] 71cd68ce-c75e-4e25-8e7a-717e45f1203a: 60 arrays, 76.4 MB stored; 1.3 s; peak memory 500 MiB.
2026-10-10T10:24:42Z INFO [676/1000] 71cdb8c4-abaf-4c88-acf9-e71e3e859253: 117 arrays, 0.5 MB stored; 1.3 s; peak memory 500 MiB.
2026-10-10T10:24:43Z INFO [677/1000] 71ce4e2f-9c7f-48e9-96ac-5454ce911f1c: 66 arrays, 1.1 MB stored; 1.0 s; peak memory 500 MiB.
2026-10-10T10:24:44Z INFO [678/1000] 71cdee8b-ff0d-466a-b4c3-2d9c2ff8c924: 541 arrays, 4.6 MB stored; 3.1 s; peak memory 500 MiB.
2026-10-10T10:24:45Z INFO [679/1000] 71ce7e0d-6816-45a5-94dc-4d952b485620: 84 arrays, 1.2 MB stored; 1.4 s; peak memory 500 MiB.
2026-10-10T10:24:45Z INFO [680/1000] 71cff785-f184-40e0-a5f5-220322008e29: 57 arrays, 0.0 MB stored; 1.1 s; peak memory 500 MiB.
2026-10-10T10:24:46Z INFO [681/1000] 71cfffc8-c6b8-4dd2-bdf3-33068a33e3f7: 66 arrays, 94.6 MB stored; 1.4 s; peak memory 500 MiB.
2026-10-10T10:24:47Z INFO [682/1000] 71d01755-70f3-48d7-aedf-fa89d35febd9: 112 arrays, 0.5 MB stored; 1.4 s; peak memory 500 MiB.
2026-10-10T10:24:47Z INFO [683/1000] 71d06186-6e03-4e61-8f54-dca8db001c44: 52 arrays, 17.3 MB stored; 1.2 s; peak memory 500 MiB.
2026-10-10T10:24:48Z INFO [684/1000] 71c7969d-e8fe-4e0a-ba7e-60fec69e4f7a: 12648 arrays, 110.1 MB stored; 26.1 s; peak memory 500 MiB.
2026-10-10T10:24:48Z INFO [685/1000] 71d0ad28-355a-4d09-b1cd-aee9f945466a: 48 arrays, 83.9 MB stored; 1.2 s; peak memory 500 MiB.
2026-10-10T10:24:49Z INFO [686/1000] 71d0ca4d-d980-4f27-8b45-94607e8ad4f6: 112 arrays, 0.6 MB stored; 1.4 s; peak memory 500 MiB.
2026-10-10T10:24:49Z INFO [687/1000] 71d1342f-6faf-4e56-91a0-a182da535f95: 46 arrays, 0.1 MB stored; 0.9 s; peak memory 500 MiB.
2026-10-10T10:24:49Z INFO [688/1000] 71d12c73-ada8-489f-9114-3af198e83d76: 112 arrays, 0.5 MB stored; 1.3 s; peak memory 500 MiB.
2026-10-10T10:24:50Z INFO [689/1000] 71d2a2ef-c205-4b8e-b7e8-3d2a75becaf2: 72 arrays, 57.9 MB stored; 1.2 s; peak memory 500 MiB.
2026-10-10T10:24:50Z INFO [690/1000] 71d16972-560e-4121-a696-711cc68f4d44: 176 arrays, 0.9 MB stored; 1.5 s; peak memory 500 MiB.
2026-10-10T10:24:50Z INFO [691/1000] 71d2b74b-1129-47ae-8b22-6d84b91bb4ba: 112 arrays, 0.4 MB stored; 1.3 s; peak memory 500 MiB.
2026-10-10T10:24:51Z INFO [692/1000] 71d33741-8aef-480f-b146-c645d7d29628: 117 arrays, 0.2 MB stored; 1.2 s; peak memory 500 MiB.
2026-10-10T10:24:51Z INFO [693/1000] 71d30e78-efaa-44be-8ae3-ebfdf2202149: 110 arrays, 0.6 MB stored; 1.4 s; peak memory 500 MiB.
2026-10-10T10:24:52Z INFO [694/1000] 71d34809-9881-431d-9b5d-57f2b5c819e2: 117 arrays, 0.3 MB stored; 1.3 s; peak memory 500 MiB.
2026-10-10T10:24:53Z INFO [695/1000] 71d3d301-938e-49f7-aa8d-acc368b2a260: 84 arrays, 0.1 MB stored; 1.3 s; peak memory 500 MiB.
2026-10-10T10:24:53Z INFO [696/1000] 71d42ba7-12e8-412d-b0f6-4b236a11780f: 53 arrays, 0.0 MB stored; 1.1 s; peak memory 500 MiB.
2026-10-10T10:24:53Z INFO [697/1000] 71d3dba6-8035-4908-be64-67816d23d72f: 69 arrays, 43.1 MB stored; 1.6 s; peak memory 500 MiB.
2026-10-10T10:24:54Z INFO [698/1000] 71d48a8b-5049-4077-8389-f821fd9c7472: 48 arrays, 83.9 MB stored; 1.3 s; peak memory 500 MiB.
2026-10-10T10:24:54Z INFO [699/1000] 71d46004-1383-43c2-9d4b-46635c50f7b8: 110 arrays, 0.3 MB stored; 1.4 s; peak memory 500 MiB.
2026-10-10T10:24:54Z INFO [700/1000] 71d53f4f-c34c-487c-a4cd-a37e04e549e8: 48 arrays, 83.9 MB stored; 1.2 s; peak memory 500 MiB.
2026-10-10T10:24:56Z INFO [701/1000] 71d64ce9-c460-471b-b769-48b9c57bae17: 112 arrays, 0.4 MB stored; 1.5 s; peak memory 500 MiB.
2026-10-10T10:24:56Z INFO [702/1000] 71d53f51-2c1d-4d03-8c71-ce242389718f: 144 arrays, 1.0 MB stored; 2.0 s; peak memory 500 MiB.
2026-10-10T10:24:57Z INFO [703/1000] 71d6755c-216c-47ad-818c-6d18d565a0b3: 57 arrays, 0.0 MB stored; 1.0 s; peak memory 500 MiB.
2026-10-10T10:24:57Z INFO [704/1000] 71d6d727-86e2-4317-aeb0-0a9f718adef3: 66 arrays, 1.0 MB stored; 1.1 s; peak memory 500 MiB.
2026-10-10T10:24:57Z INFO [705/1000] 71d54a7d-34ab-482c-98fc-b1828810a454: 50 arrays, 129.4 MB stored; 3.1 s; peak memory 500 MiB.
2026-10-10T10:24:58Z INFO [706/1000] 71d6dde1-9adf-4f85-9491-b157298a1602: 112 arrays, 1.1 MB stored; 1.5 s; peak memory 500 MiB.
2026-10-10T10:24:58Z INFO [707/1000] 71d7d1ed-98f6-4b7c-86af-30bbe0010b28: 48 arrays, 83.9 MB stored; 1.2 s; peak memory 500 MiB.
2026-10-10T10:24:58Z INFO [708/1000] 71d802f0-53dc-48eb-8049-5e83decb4387: 118 arrays, 0.4 MB stored; 1.3 s; peak memory 500 MiB.
2026-10-10T10:24:59Z INFO [709/1000] 71d8a979-0ad6-4486-915f-970b7f872bb3: 48 arrays, 83.9 MB stored; 1.1 s; peak memory 500 MiB.
2026-10-10T10:25:00Z INFO [710/1000] 71d803f6-4ca9-4eb3-a92a-3769db0a79bf: 289 arrays, 17.1 MB stored; 1.7 s; peak memory 500 MiB.
2026-10-10T10:25:00Z INFO [711/1000] 71d83326-d060-4459-b613-3c3c60dc2963: 168 arrays, 3.2 MB stored; 2.3 s; peak memory 500 MiB.
2026-10-10T10:25:01Z INFO [712/1000] 71d9044c-dd3a-4b63-bd4a-720318c75c80: 112 arrays, 0.3 MB stored; 1.3 s; peak memory 500 MiB.
2026-10-10T10:25:01Z INFO [713/1000] 71d92bd0-1bc4-4cdc-be8e-828e3e1fe5a8: 48 arrays, 251.7 MB stored; 1.2 s; peak memory 500 MiB.
2026-10-10T10:25:01Z INFO [714/1000] 71d9d6bf-9ba4-4770-a1b1-abea29c997c1: 46 arrays, 0.0 MB stored; 1.0 s; peak memory 500 MiB.
2026-10-10T10:25:05Z INFO [715/1000] 71a7f2c9-2840-4f3b-8498-8c453ad59c3c: 394 arrays, 22274.7 MB stored; 104.4 s; peak memory 500 MiB.
2026-10-10T10:25:06Z INFO [716/1000] 71da1e27-7696-4b47-a1f9-7ba098a7925d: 742 arrays, 11.9 MB stored; 5.5 s; peak memory 500 MiB.
2026-10-10T10:25:06Z INFO [717/1000] 71db0089-2c75-45bf-8b61-2c294c67988e: 56 arrays, 4.5 MB stored; 1.1 s; peak memory 500 MiB.
2026-10-10T10:25:07Z INFO [718/1000] 71dc6680-c0db-4f94-8ecb-b3019c9a7570: 50 arrays, 6.8 MB stored; 1.1 s; peak memory 500 MiB.
2026-10-10T10:25:09Z INFO [719/1000] 71dc92a9-17da-412b-9f16-c3edb5c86dc2: 84 arrays, 0.3 MB stored; 1.3 s; peak memory 500 MiB.
2026-10-10T10:25:10Z INFO [720/1000] 71dcd925-4e98-46a9-8bd3-725439f7038f: 62 arrays, 4680.5 MB stored; 1.4 s; peak memory 500 MiB.
2026-10-10T10:25:11Z INFO [721/1000] 71b18172-feed-40f7-8d2b-6ba4257c89c9: 432 arrays, 19749.7 MB stored; 92.0 s; peak memory 500 MiB.
2026-10-10T10:25:11Z INFO [722/1000] 71da8ee0-3ec2-49b9-84eb-f5daa9743f0a: 44 arrays, 8284.0 MB stored; 10.1 s; peak memory 500 MiB.
2026-10-10T10:25:11Z INFO [723/1000] 71de66fc-7eda-4927-b73c-b369faf31f51: 48 arrays, 83.9 MB stored; 1.1 s; peak memory 500 MiB.
2026-10-10T10:25:12Z INFO [724/1000] 71df3d3b-cceb-4bef-af3e-a277378915f1: 40 arrays, 1.0 MB stored; 1.2 s; peak memory 500 MiB.
2026-10-10T10:25:13Z INFO [725/1000] 71de6a61-815c-478f-a938-25fa7e97bb94: 87 arrays, 15.4 MB stored; 2.3 s; peak memory 500 MiB.
2026-10-10T10:25:14Z INFO [726/1000] 71df55bb-20a9-48c9-9102-69cd7a96c6c4: 48 arrays, 83.9 MB stored; 1.2 s; peak memory 500 MiB.
2026-10-10T10:25:14Z INFO [727/1000] 71dfdd27-0ee3-450a-81de-f37be24f9a29: 48 arrays, 83.9 MB stored; 1.2 s; peak memory 500 MiB.
2026-10-10T10:25:15Z INFO [728/1000] 71e000fd-c79b-40ee-8d32-9c00f006a5d0: 112 arrays, 0.4 MB stored; 1.3 s; peak memory 500 MiB.
2026-10-10T10:25:15Z INFO [729/1000] 71dba090-b74b-4704-97cf-ce72750d4282: 1203 arrays, 24.5 MB stored; 8.7 s; peak memory 500 MiB.
2026-10-10T10:25:16Z INFO [730/1000] 71e06078-11ad-4c39-ae57-9458f2a99c47: 117 arrays, 0.5 MB stored; 1.3 s; peak memory 500 MiB.
2026-10-10T10:25:16Z INFO [731/1000] 71e11a58-6201-4651-997a-03a7e89bd83a: 118 arrays, 0.4 MB stored; 1.3 s; peak memory 500 MiB.
2026-10-10T10:25:16Z INFO [732/1000] 71e1aa0b-fde2-49c8-a89b-4821a830cd92: 66 arrays, 62.9 MB stored; 1.4 s; peak memory 500 MiB.
2026-10-10T10:25:17Z INFO [733/1000] 71e20697-ce07-42a4-9728-f1a3d3fff8e1: 48 arrays, 83.9 MB stored; 1.1 s; peak memory 500 MiB.
2026-10-10T10:25:18Z INFO [734/1000] 71e258a3-2c66-4c22-91c2-1982cb6873b4: 112 arrays, 0.3 MB stored; 1.4 s; peak memory 500 MiB.
2026-10-10T10:25:18Z INFO [735/1000] 71e2bc3c-b22c-4e08-92f7-c9207eaea3c2: 48 arrays, 83.9 MB stored; 1.1 s; peak memory 500 MiB.
2026-10-10T10:25:18Z INFO [736/1000] 71e28dfb-8cfe-47b6-8956-022db585917d: 71 arrays, 130.5 MB stored; 2.0 s; peak memory 500 MiB.
2026-10-10T10:25:19Z INFO [737/1000] 71e2be39-fe75-4aa3-aa41-0cc34b720d3d: 48 arrays, 83.9 MB stored; 1.2 s; peak memory 500 MiB.
2026-10-10T10:25:20Z INFO [738/1000] 71df2e51-562e-4248-8658-aaa0fbd10bca: 1092 arrays, 27.0 MB stored; 8.5 s; peak memory 500 MiB.
2026-10-10T10:25:20Z INFO [739/1000] 71e2fdee-3a73-42f8-bdbb-688d9c289350: 112 arrays, 0.5 MB stored; 1.5 s; peak memory 500 MiB.
2026-10-10T10:25:20Z INFO [740/1000] 71e313e4-491d-4d00-a1d2-617b6e3c9f9b: 69 arrays, 24.2 MB stored; 1.4 s; peak memory 500 MiB.
2026-10-10T10:25:20Z INFO [741/1000] 71e2f63d-f074-4bee-9117-d42694eaef8a: 156 arrays, 193.5 MB stored; 2.6 s; peak memory 500 MiB.
2026-10-10T10:25:21Z INFO [742/1000] 71e31c26-0efc-4039-a634-d48e86388a7c: 48 arrays, 83.9 MB stored; 1.2 s; peak memory 500 MiB.
2026-10-10T10:25:21Z INFO [743/1000] 71e331ec-e1b8-4ffd-ae92-2bbc90b14e3c: 132 arrays, 1.2 MB stored; 1.4 s; peak memory 500 MiB.
2026-10-10T10:25:22Z INFO [744/1000] 71e38222-3c73-42ff-ad12-05f570cef649: 66 arrays, 58.0 MB stored; 1.5 s; peak memory 500 MiB.
2026-10-10T10:25:22Z INFO [745/1000] 71e56510-1793-40e2-b71d-618ec75a4645: 66 arrays, 21.9 MB stored; 1.4 s; peak memory 500 MiB.
2026-10-10T10:25:23Z INFO [746/1000] 71e66517-fa1e-46b2-a2eb-b24ec628a90a: 71 arrays, 85.9 MB stored; 1.8 s; peak memory 500 MiB.
2026-10-10T10:25:23Z INFO [747/1000] 71e698f8-0c76-41d8-a256-07030a757909: 71 arrays, 66.2 MB stored; 1.9 s; peak memory 500 MiB.
2026-10-10T10:25:23Z INFO [748/1000] 71e79fdc-9208-4701-b66c-4ea3ba63dc04: 47 arrays, 70.7 MB stored; 1.6 s; peak memory 500 MiB.
2026-10-10T10:25:24Z INFO [749/1000] 71e97f13-80c9-43bd-a092-f76b6093bf08: 48 arrays, 83.9 MB stored; 1.2 s; peak memory 500 MiB.
2026-10-10T10:25:26Z INFO [750/1000] 71ea6405-2634-4259-b4e6-280f5a809ffb: 118 arrays, 0.5 MB stored; 1.4 s; peak memory 500 MiB.
2026-10-10T10:25:26Z INFO [751/1000] 71e8a13b-21c3-400b-b88e-b0a85d0e5f9d: 572 arrays, 10.3 MB stored; 4.2 s; peak memory 500 MiB.
2026-10-10T10:25:27Z INFO [752/1000] 71ea64e6-5cf0-4549-8a11-d39147319cbe: 46 arrays, 0.0 MB stored; 0.9 s; peak memory 500 MiB.
2026-10-10T10:25:27Z INFO [753/1000] 71e90282-2435-47fd-8bd3-6c35e81fd812: 152 arrays, 316.9 MB stored; 4.3 s; peak memory 500 MiB.
2026-10-10T10:25:27Z INFO [754/1000] 71ea0791-82d8-468b-9210-182db5239b1f: 225 arrays, 267.2 MB stored; 4.1 s; peak memory 500 MiB.
2026-10-10T10:25:28Z INFO [755/1000] 71eaba34-9337-4415-a26e-bfd1cdba65f6: 48 arrays, 83.9 MB stored; 1.2 s; peak memory 500 MiB.
2026-10-10T10:25:29Z INFO [756/1000] 71eaa118-9bbc-401a-b822-fbc8566bb739: 84 arrays, 269.0 MB stored; 2.2 s; peak memory 500 MiB.
2026-10-10T10:25:29Z INFO [757/1000] 71eb2e31-e43c-4ed1-86ae-b6568c343f91: 112 arrays, 0.5 MB stored; 1.4 s; peak memory 500 MiB.
2026-10-10T10:25:29Z INFO [758/1000] 71eb5ed9-bf58-46c4-905d-f0af94992040: 48 arrays, 83.9 MB stored; 1.1 s; peak memory 500 MiB.
2026-10-10T10:25:30Z INFO [759/1000] 71eb7f66-bb12-4911-8c80-a7a724344e5b: 66 arrays, 79.9 MB stored; 1.5 s; peak memory 500 MiB.
2026-10-10T10:25:30Z INFO [760/1000] 71ebefb1-be1e-40c1-98f7-cb1391627a34: 48 arrays, 83.9 MB stored; 1.2 s; peak memory 500 MiB.
2026-10-10T10:25:31Z INFO [761/1000] 71ebce32-2801-4d14-a89e-0e8b552ae7b1: 119 arrays, 66.3 MB stored; 1.9 s; peak memory 500 MiB.
2026-10-10T10:25:32Z INFO [762/1000] 71ebf316-ca19-421c-925c-14e9c3addf69: 112 arrays, 0.5 MB stored; 1.4 s; peak memory 500 MiB.
2026-10-10T10:25:32Z INFO [763/1000] 71ec6b09-49e7-4879-9cb0-9be777517339: 45 arrays, 0.0 MB stored; 1.0 s; peak memory 500 MiB.
2026-10-10T10:25:32Z INFO [764/1000] 71ec52d3-f883-4c6f-a436-5aac5ff65efd: 62 arrays, 4733.0 MB stored; 1.7 s; peak memory 500 MiB.
2026-10-10T10:25:33Z INFO [765/1000] 71ec84db-53f7-4df4-8d97-567921c44d8f: 117 arrays, 0.5 MB stored; 1.4 s; peak memory 500 MiB.
2026-10-10T10:25:33Z INFO [766/1000] 71eca188-3ed4-418b-bf6a-00bce627d9a3: 52 arrays, 19.8 MB stored; 1.3 s; peak memory 500 MiB.
2026-10-10T10:25:34Z INFO [767/1000] 71ecbfcc-27ac-43d4-9910-e860daaa1615: 112 arrays, 0.2 MB stored; 1.4 s; peak memory 500 MiB.
2026-10-10T10:25:35Z INFO [768/1000] 71ef48e8-e5b4-4e52-8368-a74eba61fb1e: 46 arrays, 12.6 MB stored; 1.2 s; peak memory 500 MiB.
2026-10-10T10:25:36Z INFO [769/1000] 71ef6f8c-3bc5-42d4-969b-f3e5680ad281: 117 arrays, 0.2 MB stored; 1.2 s; peak memory 500 MiB.
2026-10-10T10:25:37Z INFO [770/1000] 71ee56b9-10e4-45f7-b320-6807f61535df: 375 arrays, 5.7 MB stored; 3.6 s; peak memory 500 MiB.
2026-10-10T10:25:37Z INFO [771/1000] 71ef931d-b569-4331-bb15-a384ef35f913: 48 arrays, 83.9 MB stored; 1.1 s; peak memory 500 MiB.
2026-10-10T10:25:38Z INFO [772/1000] 71ee3194-f786-4785-b82b-adb6861cbf4e: 537 arrays, 8.4 MB stored; 4.5 s; peak memory 500 MiB.
2026-10-10T10:25:38Z INFO [773/1000] 71f0836a-d35b-4712-8c27-0fa41535eed6: 48 arrays, 83.9 MB stored; 1.2 s; peak memory 500 MiB.
2026-10-10T10:25:38Z INFO [774/1000] 71efbd20-0289-4125-bde3-8fe51da71272: 112 arrays, 1.1 MB stored; 1.6 s; peak memory 500 MiB.
2026-10-10T10:25:39Z INFO [775/1000] 71f08886-2001-4cbf-a50d-677b20abec08: 43 arrays, 753.2 MB stored; 1.2 s; peak memory 500 MiB.
2026-10-10T10:25:39Z INFO [776/1000] 71f1544d-a86b-4796-8cf1-16fdd985bb31: 52 arrays, 0.0 MB stored; 1.0 s; peak memory 500 MiB.
2026-10-10T10:25:40Z INFO [777/1000] 71f1f380-c5d1-4bcc-9a01-1970e9672354: 52 arrays, 13.2 MB stored; 1.2 s; peak memory 500 MiB.
2026-10-10T10:25:40Z INFO [778/1000] 71f211de-3dc8-4ead-b74a-8cb7502f3d2d: 116 arrays, 0.3 MB stored; 1.2 s; peak memory 500 MiB.
2026-10-10T10:25:41Z INFO [779/1000] 71f2dbce-9f42-4517-b2a9-6855d7d85031: 64 arrays, 12.8 MB stored; 1.3 s; peak memory 500 MiB.
2026-10-10T10:25:41Z INFO [780/1000] 71f35362-4584-40bb-952d-2b30702985ba: 132 arrays, 1.6 MB stored; 1.2 s; peak memory 500 MiB.
2026-10-10T10:25:42Z INFO [781/1000] 71f38249-b306-4c33-b9b0-972ac68a51ca: 77 arrays, 0.2 MB stored; 1.3 s; peak memory 500 MiB.
2026-10-10T10:25:43Z INFO [782/1000] 71ea6afa-a636-4aea-9efb-cb42671d4972: 1158 arrays, 49.5 MB stored; 16.6 s; peak memory 500 MiB.
2026-10-10T10:25:43Z INFO [783/1000] 71f39015-8889-4c0b-88e4-c18feafea459: 133 arrays, 0.1 MB stored; 1.1 s; peak memory 500 MiB.
2026-10-10T10:25:44Z INFO [784/1000] 71f3b6de-890a-4761-914d-739055237669: 116 arrays, 0.5 MB stored; 1.3 s; peak memory 500 MiB.
2026-10-10T10:25:45Z INFO [785/1000] 71f564a2-1b0e-40f6-875c-0470e2ac17e6: 117 arrays, 0.4 MB stored; 1.2 s; peak memory 500 MiB.
2026-10-10T10:25:46Z INFO [786/1000] 71f386dd-3f6a-4d94-b296-4e57c6bc5999: 856 arrays, 19.8 MB stored; 4.8 s; peak memory 500 MiB.
2026-10-10T10:25:47Z INFO [787/1000] 71f5e19d-79ba-4c27-888a-1e6678e5a8f3: 119 arrays, 66.5 MB stored; 2.1 s; peak memory 500 MiB.
2026-10-10T10:25:47Z INFO [788/1000] 71f60399-7fe1-411a-8354-be4d5a9e7012: 112 arrays, 0.4 MB stored; 1.4 s; peak memory 500 MiB.
2026-10-10T10:25:49Z INFO [789/1000] 71f6126f-8dcb-4699-aecf-8ef21f489932: 112 arrays, 0.5 MB stored; 1.4 s; peak memory 500 MiB.
2026-10-10T10:25:50Z INFO [790/1000] 71f75300-86e3-4b98-8f25-84e7619a2923: 116 arrays, 0.4 MB stored; 1.2 s; peak memory 500 MiB.
2026-10-10T10:25:51Z INFO [791/1000] 71f7da82-f321-4a25-8a84-033405291012: 118 arrays, 0.4 MB stored; 1.2 s; peak memory 500 MiB.
2026-10-10T10:25:52Z INFO [792/1000] 71f70233-9c8f-4e42-9174-064603d21281: 53 arrays, 226.3 MB stored; 4.8 s; peak memory 500 MiB.
2026-10-10T10:25:53Z INFO [793/1000] 71f82c12-6b18-4f1c-acd1-3ad18496c933: 112 arrays, 0.6 MB stored; 1.4 s; peak memory 500 MiB.
2026-10-10T10:25:53Z INFO [794/1000] 71f830ec-537e-4cb2-803d-f076b572ad75: 117 arrays, 0.2 MB stored; 1.3 s; peak memory 500 MiB.
2026-10-10T10:25:54Z INFO [795/1000] 71f88f3f-7a8e-4df7-8fc0-b35336eb5f3e: 52 arrays, 16.1 MB stored; 1.2 s; peak memory 500 MiB.
2026-10-10T10:25:54Z INFO [796/1000] 71bcfb23-3fff-451a-8235-2ec0df66a439: 107 arrays, 2578.2 MB stored; 119.1 s; peak memory 500 MiB.
2026-10-10T10:25:55Z INFO [797/1000] 71f88f6e-78fe-4f3d-a9f0-22cc753d994b: 46 arrays, 4.1 MB stored; 1.2 s; peak memory 500 MiB.
2026-10-10T10:25:55Z INFO [798/1000] 71fa325b-52e3-4953-a0ce-79a780e87fc1: 117 arrays, 0.4 MB stored; 1.4 s; peak memory 500 MiB.
2026-10-10T10:25:56Z INFO [799/1000] 71fa82ad-bbeb-47d3-8de6-e536775f3eea: 48 arrays, 83.9 MB stored; 1.1 s; peak memory 500 MiB.
2026-10-10T10:25:57Z INFO [800/1000] 71f9ec2e-c4fe-49c5-8075-83e601be3151: 129 arrays, 24.0 MB stored; 2.8 s; peak memory 500 MiB.
2026-10-10T10:25:58Z INFO [800/1000] 71f9ec2e-c4fe-49c5-8075-83e601be3151: checkpointed 800 new records.
2026-10-10T10:25:58Z INFO [801/1000] 71faba02-fa05-4196-b4c7-fbd3d7ba731f: 112 arrays, 0.5 MB stored; 1.7 s; peak memory 500 MiB.
2026-10-10T10:25:58Z INFO [802/1000] 71fb1bdd-1860-458b-b410-3ff9ead64fcd: 69 arrays, 2.7 MB stored; 1.4 s; peak memory 500 MiB.
2026-10-10T10:25:58Z INFO [803/1000] 71fd3f76-5500-4f74-ae8e-cbb61e13de0a: 41 arrays, 15.1 MB stored; 1.2 s; peak memory 500 MiB.
2026-10-10T10:25:59Z INFO [804/1000] 71fd745f-0ee6-465e-9db2-305b969ba2c8: 117 arrays, 0.4 MB stored; 1.5 s; peak memory 500 MiB.
2026-10-10T10:25:59Z INFO [805/1000] 71f42d0a-6d40-47d7-adda-eadb0b169448: 2834 arrays, 195.7 MB stored; 16.1 s; peak memory 500 MiB.
2026-10-10T10:26:01Z INFO [806/1000] 71fdab1e-22de-41de-ad5a-0852d0fe58b9: 116 arrays, 9.8 MB stored; 1.2 s; peak memory 500 MiB.
2026-10-10T10:26:02Z INFO [807/1000] 71fde36c-8a81-4fd5-974b-b0358addf6a4: 118 arrays, 66.2 MB stored; 1.8 s; peak memory 500 MiB.
2026-10-10T10:26:04Z INFO [808/1000] 71fe5bc0-f3e3-464d-8222-4929c924e8b3: 142 arrays, 1.9 MB stored; 1.4 s; peak memory 500 MiB.
2026-10-10T10:26:05Z INFO [809/1000] 71ff09e0-c35b-47c3-8e60-1d329b5d7401: 48 arrays, 83.9 MB stored; 1.1 s; peak memory 500 MiB.
2026-10-10T10:26:05Z INFO [810/1000] 71fcce06-bbc7-4494-bf47-999537bc3f76: 233 arrays, 1035.0 MB stored; 8.4 s; peak memory 500 MiB.
2026-10-10T10:26:06Z INFO [811/1000] 71fd893f-7c7b-4a06-aa2a-4a9416e69088: 1331 arrays, 28.5 MB stored; 7.0 s; peak memory 500 MiB.
2026-10-10T10:26:06Z INFO [812/1000] 72009eec-59b1-431d-8821-add25e8b9a9f: 70 arrays, 39.7 MB stored; 1.5 s; peak memory 500 MiB.
2026-10-10T10:26:07Z INFO [813/1000] 71ff16a6-7f9a-43eb-9658-f7c6b37001d1: 73 arrays, 141.9 MB stored; 1.8 s; peak memory 500 MiB.
2026-10-10T10:26:07Z INFO [814/1000] 720145a5-7982-43d4-a436-8bb63d5d8899: 76 arrays, 4.5 MB stored; 1.4 s; peak memory 500 MiB.
2026-10-10T10:26:08Z INFO [815/1000] 72016f13-3189-40c0-b60b-df65b965d057: 97 arrays, 2.4 MB stored; 1.1 s; peak memory 500 MiB.
2026-10-10T10:26:08Z INFO [816/1000] 7201ef30-a70a-47a9-9030-91eb0cc1788e: 48 arrays, 83.9 MB stored; 1.1 s; peak memory 500 MiB.
2026-10-10T10:26:08Z INFO [817/1000] 720195b4-2b91-4dd3-a8b8-d3e8b3009b31: 53 arrays, 9.6 MB stored; 1.8 s; peak memory 500 MiB.
2026-10-10T10:26:09Z INFO [818/1000] 72032526-c0e2-4d72-b98f-56e5620fc803: 52 arrays, 0.0 MB stored; 0.9 s; peak memory 500 MiB.
2026-10-10T10:26:09Z INFO [819/1000] 72032430-5bfb-4a17-a6d5-8ae17c8151a2: 112 arrays, 0.6 MB stored; 1.5 s; peak memory 500 MiB.
2026-10-10T10:26:10Z INFO [820/1000] 7203cc45-8929-40db-a2fe-d7f0124be418: 118 arrays, 0.5 MB stored; 1.4 s; peak memory 500 MiB.
2026-10-10T10:26:11Z INFO [821/1000] 7203f248-a9cc-402e-89d6-aaff9395d4d0: 112 arrays, 0.6 MB stored; 1.5 s; peak memory 500 MiB.
2026-10-10T10:26:11Z INFO [822/1000] 7204342b-10c9-4f5c-8beb-ed71cd9c3651: 48 arrays, 83.9 MB stored; 1.1 s; peak memory 500 MiB.
2026-10-10T10:26:14Z INFO [823/1000] 72055e85-48c6-4455-9372-79a266bfc9a0: 38 arrays, 36.6 MB stored; 2.1 s; peak memory 500 MiB.
2026-10-10T10:26:15Z INFO [824/1000] 720581ff-eb93-4e4e-8341-c333c158bf42: 114 arrays, 0.0 MB stored; 1.1 s; peak memory 500 MiB.
2026-10-10T10:26:16Z INFO [825/1000] 720608e1-9b21-40e7-9043-d32d8c43d69c: 48 arrays, 83.9 MB stored; 1.2 s; peak memory 500 MiB.
2026-10-10T10:26:16Z INFO [826/1000] 720540b3-1ac9-4d38-b2ed-7a690eb70a07: 56 arrays, 44.5 MB stored; 5.2 s; peak memory 500 MiB.
2026-10-10T10:26:17Z INFO [827/1000] 7206a9e5-213d-4fcc-ba90-90a0a8a814d9: 56 arrays, 0.0 MB stored; 1.0 s; peak memory 500 MiB.
2026-10-10T10:26:18Z INFO [828/1000] 72065dfa-0b38-40ac-9f6e-86a09e7bca84: 196 arrays, 1.6 MB stored; 2.1 s; peak memory 500 MiB.
2026-10-10T10:26:19Z INFO [829/1000] 7203846b-a84c-42b0-862a-4e956aa20cad: 38 arrays, 390.7 MB stored; 10.2 s; peak memory 500 MiB.
2026-10-10T10:26:19Z INFO [830/1000] 72077f6e-2c58-4c7d-9f39-fe0df9cb5e83: 45 arrays, 0.0 MB stored; 1.0 s; peak memory 500 MiB.
2026-10-10T10:26:20Z INFO [831/1000] 7208c11a-72ae-4b33-8737-acad42522fb0: 116 arrays, 9.7 MB stored; 1.1 s; peak memory 500 MiB.
2026-10-10T10:26:20Z INFO [832/1000] 72079625-42f4-435d-9980-8dd0a411750e: 112 arrays, 0.8 MB stored; 1.4 s; peak memory 500 MiB.
2026-10-10T10:26:21Z INFO [833/1000] 72076c78-e078-4a17-a105-7c5553a74799: 229 arrays, 258.2 MB stored; 3.8 s; peak memory 500 MiB.
2026-10-10T10:26:21Z INFO [834/1000] 7208f343-b0df-43d1-998b-2e760b59056f: 48 arrays, 83.9 MB stored; 1.3 s; peak memory 500 MiB.
2026-10-10T10:26:21Z INFO [835/1000] 7209564f-75e1-4963-bc5e-ff798e481d14: 76 arrays, 3.8 MB stored; 1.4 s; peak memory 500 MiB.
2026-10-10T10:26:22Z INFO [836/1000] 7209873e-a037-4db3-aeca-3c97e52bbe85: 46 arrays, 0.2 MB stored; 1.1 s; peak memory 500 MiB.
2026-10-10T10:26:23Z INFO [837/1000] 7209c8af-6d41-48ad-81ce-9de7ab7baedc: 118 arrays, 0.3 MB stored; 1.3 s; peak memory 500 MiB.
2026-10-10T10:26:24Z INFO [838/1000] 720b0a42-c81a-42ba-a091-a8073f6318ed: 112 arrays, 0.0 MB stored; 1.1 s; peak memory 500 MiB.
2026-10-10T10:26:25Z INFO [839/1000] 720c2f19-26ab-4243-9d38-75ec31bdbb3e: 109 arrays, 0.9 MB stored; 1.3 s; peak memory 500 MiB.
2026-10-10T10:26:26Z INFO [840/1000] 720a12ad-2be5-4f5f-afa1-74eca4130e7c: 174 arrays, 55.5 MB stored; 4.0 s; peak memory 500 MiB.
2026-10-10T10:26:26Z INFO [841/1000] 720ca0c7-012f-48c6-a15b-b0af7374994f: 48 arrays, 83.9 MB stored; 1.0 s; peak memory 500 MiB.
2026-10-10T10:26:27Z INFO [842/1000] 71a43882-b5e4-4572-a07e-0deca8971151: 472 arrays, 43338.2 MB stored; 200.4 s; peak memory 500 MiB.
2026-10-10T10:26:27Z INFO [843/1000] 720ca2ac-cc7d-4d01-8438-78b3073880c2: 48 arrays, 83.9 MB stored; 1.2 s; peak memory 500 MiB.
2026-10-10T10:26:27Z INFO [844/1000] 720d2a30-4d74-4250-8023-e0bf537e3a31: 112 arrays, 0.4 MB stored; 1.3 s; peak memory 500 MiB.
2026-10-10T10:26:28Z INFO [845/1000] 720f3073-fcff-4465-a02a-ea12c3f94919: 117 arrays, 0.6 MB stored; 1.4 s; peak memory 500 MiB.
2026-10-10T10:26:28Z INFO [846/1000] 720f374e-efb6-4dde-b005-9202b7decdc5: 37 arrays, 0.0 MB stored; 1.0 s; peak memory 500 MiB.
2026-10-10T10:26:29Z INFO [847/1000] 720de5fd-c06b-4ab4-8241-00e45e3ac684: 119 arrays, 66.5 MB stored; 2.0 s; peak memory 500 MiB.
2026-10-10T10:26:29Z INFO [848/1000] 7209bc40-7b7e-4676-8aee-f35bfccf98a5: 1341 arrays, 14.7 MB stored; 7.8 s; peak memory 500 MiB.
2026-10-10T10:26:30Z INFO [849/1000] 7210ccbd-ac49-41a9-b9c0-4b5babf13e48: 112 arrays, 0.7 MB stored; 1.5 s; peak memory 500 MiB.
2026-10-10T10:26:30Z INFO [850/1000] 7211269e-0c6e-4076-9393-c721b3113de9: 51 arrays, 2542.2 MB stored; 1.4 s; peak memory 500 MiB.
2026-10-10T10:26:32Z INFO [851/1000] 721257e3-2b31-4033-bb43-8add2923121c: 71 arrays, 40.7 MB stored; 1.5 s; peak memory 500 MiB.
2026-10-10T10:26:32Z INFO [852/1000] 71daba7f-d148-457f-af6c-b9133386be7f: 413 arrays, 19771.5 MB stored; 90.6 s; peak memory 500 MiB.
2026-10-10T10:26:32Z INFO [853/1000] 7211a2da-99cd-4b8d-8a4c-738f0fce060e: 53 arrays, 133.4 MB stored; 2.4 s; peak memory 500 MiB.
2026-10-10T10:26:33Z INFO [854/1000] 72116863-e004-44cd-b0cd-937d7953184a: 229 arrays, 250.8 MB stored; 4.0 s; peak memory 500 MiB.
2026-10-10T10:26:33Z INFO [855/1000] 720f44d8-3cfc-4fa1-92a8-8123f3a3c7e8: 538 arrays, 7.9 MB stored; 4.9 s; peak memory 500 MiB.
2026-10-10T10:26:33Z INFO [856/1000] 72128e90-5beb-4633-926a-22a7248c7156: 112 arrays, 0.5 MB stored; 1.5 s; peak memory 500 MiB.
2026-10-10T10:26:33Z INFO [857/1000] 7212cfcc-a3e3-4b61-9fd1-1f34fbed6099: 49 arrays, 1.1 MB stored; 1.3 s; peak memory 500 MiB.
2026-10-10T10:26:35Z INFO [858/1000] 72135588-b52a-43f6-a97c-a38e0d1d58b4: 117 arrays, 0.2 MB stored; 1.5 s; peak memory 500 MiB.
2026-10-10T10:26:35Z INFO [859/1000] 7213f7fd-536c-4561-ac68-766f3c17f4ac: 48 arrays, 83.9 MB stored; 1.5 s; peak memory 500 MiB.
2026-10-10T10:26:35Z INFO [860/1000] 721392aa-c803-42f3-b96b-887390445927: 112 arrays, 0.4 MB stored; 1.7 s; peak memory 500 MiB.
2026-10-10T10:26:35Z INFO [861/1000] 72143de1-cf55-4e8a-8970-c24f0e74dc01: 131 arrays, 0.8 MB stored; 1.8 s; peak memory 500 MiB.
2026-10-10T10:26:36Z INFO [862/1000] 72149480-788e-4d79-9c34-7b01905dcb94: 41 arrays, 8.4 MB stored; 1.2 s; peak memory 500 MiB.
2026-10-10T10:26:36Z INFO [863/1000] 72146910-0a49-4dd8-8778-def0ab31067c: 112 arrays, 0.8 MB stored; 1.6 s; peak memory 500 MiB.
2026-10-10T10:26:36Z INFO [864/1000] 72149247-56c1-4948-a9f6-1d499e6eb835: 117 arrays, 0.3 MB stored; 1.4 s; peak memory 500 MiB.
2026-10-10T10:26:37Z INFO [865/1000] 7213543a-b31b-4d57-ba94-9cf0fc590805: 538 arrays, 7.5 MB stored; 4.6 s; peak memory 500 MiB.
2026-10-10T10:26:38Z INFO [866/1000] 72159bd4-5f03-41a0-81d8-93b9dd7e38e1: 85 arrays, 4.5 MB stored; 1.6 s; peak memory 500 MiB.
2026-10-10T10:26:38Z INFO [867/1000] 72159e01-3013-4d53-9c6c-0d57f5104fc2: 112 arrays, 0.7 MB stored; 1.7 s; peak memory 500 MiB.
2026-10-10T10:26:38Z INFO [868/1000] 7215ba34-e30d-42bc-9b02-1e28cd45dfdc: 118 arrays, 0.6 MB stored; 1.6 s; peak memory 500 MiB.
2026-10-10T10:26:39Z INFO [869/1000] 7218ac20-4998-46f9-a43f-772f8bf2bef6: 33 arrays, 0.0 MB stored; 1.1 s; peak memory 500 MiB.
2026-10-10T10:26:39Z INFO [870/1000] 7218fbb9-a85a-4d0f-bde0-f80375254cb1: 48 arrays, 83.9 MB stored; 1.2 s; peak memory 500 MiB.
2026-10-10T10:26:39Z INFO [871/1000] 72191da7-1b00-4ee3-89ca-3768dbddc38e: 117 arrays, 0.6 MB stored; 1.5 s; peak memory 500 MiB.
2026-10-10T10:26:40Z INFO [872/1000] 7219f812-1a25-4d5c-bc96-0b63354b9763: 56 arrays, 0.0 MB stored; 0.9 s; peak memory 500 MiB.
2026-10-10T10:26:41Z INFO [873/1000] 721979b4-451c-4914-bd41-8c35403c3bee: 69 arrays, 61.2 MB stored; 1.8 s; peak memory 500 MiB.
2026-10-10T10:26:42Z INFO [874/1000] 721945d6-78ae-4e3e-a012-343ea7e42621: 92 arrays, 364.5 MB stored; 2.9 s; peak memory 500 MiB.
2026-10-10T10:26:42Z INFO [875/1000] 721a5e43-09dc-4a9c-b9b8-f7225601c634: 48 arrays, 83.9 MB stored; 1.2 s; peak memory 500 MiB.
2026-10-10T10:26:43Z INFO [876/1000] 721e48ee-12fc-43cf-8d04-96631228092f: 72 arrays, 2.3 MB stored; 1.5 s; peak memory 500 MiB.
2026-10-10T10:26:43Z INFO [877/1000] 721e60d0-44ca-4c38-96db-515fc802ca24: 230 arrays, 0.9 MB stored; 1.2 s; peak memory 500 MiB.
2026-10-10T10:26:44Z INFO [878/1000] 72162833-d090-498c-97aa-12e67e55f21e: 632 arrays, 23.0 MB stored; 7.1 s; peak memory 500 MiB.
2026-10-10T10:26:45Z INFO [879/1000] 721f46e6-75a5-4298-9fe4-b0ee471973f9: 112 arrays, 0.3 MB stored; 1.4 s; peak memory 500 MiB.
2026-10-10T10:26:45Z INFO [880/1000] 721eb361-5b16-4fa9-be5b-f78a9e5dd24d: 119 arrays, 66.3 MB stored; 1.9 s; peak memory 500 MiB.
2026-10-10T10:26:45Z INFO [881/1000] 721ffb6e-7c82-487c-8419-de991798ea1a: 116 arrays, 0.5 MB stored; 1.4 s; peak memory 500 MiB.
2026-10-10T10:26:46Z INFO [882/1000] 721a57fe-f088-4531-9765-f5686ac45895: 193 arrays, 1067.2 MB stored; 5.5 s; peak memory 500 MiB.
2026-10-10T10:26:46Z INFO [883/1000] 72200996-644a-4b8d-b6f2-a0bf955b82e3: 118 arrays, 0.4 MB stored; 1.3 s; peak memory 500 MiB.
2026-10-10T10:26:46Z INFO [884/1000] 7220cf18-35b7-429d-a6e2-014e36e65490: 48 arrays, 83.9 MB stored; 1.1 s; peak memory 500 MiB.
2026-10-10T10:26:46Z INFO [885/1000] 7220cfb0-46d3-4796-b91d-89cf4b346ac0: 46 arrays, 0.2 MB stored; 1.1 s; peak memory 500 MiB.
2026-10-10T10:26:47Z INFO [886/1000] 72213db2-dd67-4f0f-abad-da0bd9a1c2ad: 48 arrays, 83.9 MB stored; 1.2 s; peak memory 500 MiB.
2026-10-10T10:26:47Z INFO [887/1000] 72225073-ed7f-4136-8880-05f2c9230723: 72 arrays, 0.0 MB stored; 1.4 s; peak memory 500 MiB.
2026-10-10T10:26:48Z INFO [888/1000] 7221057c-8227-483c-b6a6-0de2eb236cd1: 114 arrays, 186.8 MB stored; 2.3 s; peak memory 500 MiB.
2026-10-10T10:26:48Z INFO [889/1000] 7223966e-5ead-4669-b92f-88acce2eac0c: 112 arrays, 0.4 MB stored; 1.4 s; peak memory 500 MiB.
2026-10-10T10:26:49Z INFO [890/1000] 7222b116-3d65-4a6d-945d-01f44492770d: 115 arrays, 190.1 MB stored; 2.2 s; peak memory 500 MiB.
2026-10-10T10:26:50Z INFO [891/1000] 7224a8c9-688c-484b-80b9-48de2d55068d: 112 arrays, 0.6 MB stored; 1.6 s; peak memory 500 MiB.
2026-10-10T10:26:50Z INFO [892/1000] 7224a615-a78a-4a14-8ba7-b3346b5b3e7b: 307 arrays, 2.6 MB stored; 2.8 s; peak memory 500 MiB.
2026-10-10T10:26:51Z INFO [893/1000] 7224e7e3-6a9f-420d-9c9b-1f53a917f03d: 156 arrays, 193.5 MB stored; 2.6 s; peak memory 500 MiB.
2026-10-10T10:26:51Z INFO [894/1000] 72252655-ac5b-41fe-a580-868b711d0ec6: 116 arrays, 0.5 MB stored; 1.2 s; peak memory 500 MiB.
2026-10-10T10:26:51Z INFO [895/1000] 7225322a-ea36-4c39-9490-27b37b6f76e3: 48 arrays, 83.9 MB stored; 1.2 s; peak memory 500 MiB.
2026-10-10T10:26:52Z INFO [896/1000] 72265786-49f4-485b-a1d1-21b14fecda10: 38 arrays, 0.4 MB stored; 1.1 s; peak memory 500 MiB.
2026-10-10T10:26:52Z INFO [897/1000] 7225983f-b65f-4b57-9c4d-eaaa3d02b6c6: 48 arrays, 83.9 MB stored; 1.3 s; peak memory 500 MiB.
2026-10-10T10:26:53Z INFO [898/1000] 72265bda-4ab9-4127-84e6-5c5f349513e3: 48 arrays, 83.9 MB stored; 1.2 s; peak memory 500 MiB.
2026-10-10T10:26:54Z INFO [899/1000] 7226a973-87ec-412b-a916-ea2fbac7c936: 69 arrays, 52.8 MB stored; 1.6 s; peak memory 500 MiB.
2026-10-10T10:26:55Z INFO [900/1000] 7226f1e0-de53-4c43-b7c4-7f3181ea986c: 109 arrays, 1.1 MB stored; 1.4 s; peak memory 500 MiB.
2026-10-10T10:26:56Z INFO [901/1000] 72279f2b-7543-43af-9221-bb62ad6f80fa: 121 arrays, 0.1 MB stored; 1.1 s; peak memory 500 MiB.
2026-10-10T10:26:57Z INFO [902/1000] 7227f85c-8f18-4c5b-a589-73189b776b8e: 46 arrays, 4.6 MB stored; 1.0 s; peak memory 500 MiB.
2026-10-10T10:26:58Z INFO [903/1000] 722680f3-efc8-424c-a385-bbcf45bb87d9: 537 arrays, 8.4 MB stored; 5.5 s; peak memory 500 MiB.
2026-10-10T10:26:58Z INFO [904/1000] 7226b98d-9839-40cd-8d02-cd997385200c: 538 arrays, 8.4 MB stored; 5.4 s; peak memory 500 MiB.
2026-10-10T10:26:59Z INFO [905/1000] 722838b3-9151-4c14-b155-e04ce61ba637: 64 arrays, 27.7 MB stored; 1.5 s; peak memory 500 MiB.
2026-10-10T10:27:00Z INFO [906/1000] 72293773-b58e-4f14-87c7-673c421e8739: 53 arrays, 0.0 MB stored; 0.9 s; peak memory 500 MiB.
2026-10-10T10:27:01Z INFO [907/1000] 72291310-3525-4135-8e06-c6c250ad0e45: 67 arrays, 3704.7 MB stored; 3.0 s; peak memory 500 MiB.
2026-10-10T10:27:01Z INFO [908/1000] 7224f4ef-c289-4819-b843-67d2480540a7: 278 arrays, 2766.2 MB stored; 12.2 s; peak memory 500 MiB.
2026-10-10T10:27:01Z INFO [909/1000] 72293d2d-20fc-44ac-80bf-40c41916d50f: 48 arrays, 198.8 MB stored; 1.4 s; peak memory 500 MiB.
2026-10-10T10:27:03Z INFO [910/1000] 7229e253-4280-4887-9f9d-84d8d1aa45ef: 62 arrays, 4485.7 MB stored; 1.5 s; peak memory 500 MiB.
2026-10-10T10:27:04Z INFO [911/1000] 722a0a0d-e349-4d2a-9196-e955795437d0: 48 arrays, 83.9 MB stored; 1.2 s; peak memory 500 MiB.
2026-10-10T10:27:06Z INFO [912/1000] 72291a60-3853-499c-9fbd-533668897ea1: 1013 arrays, 41.0 MB stored; 7.9 s; peak memory 500 MiB.
2026-10-10T10:27:06Z INFO [913/1000] 7229921f-bc82-43e1-98a0-2bf68e591ef9: 722 arrays, 13.7 MB stored; 5.2 s; peak memory 500 MiB.
2026-10-10T10:27:07Z INFO [914/1000] 722b100d-4a8c-4c10-9a96-eea68de36daf: 48 arrays, 83.9 MB stored; 1.2 s; peak memory 500 MiB.
2026-10-10T10:27:07Z INFO [915/1000] 722a9bc2-ce0b-4b01-b3ba-8d1b5d8c913f: 66 arrays, 1.1 MB stored; 1.2 s; peak memory 500 MiB.
2026-10-10T10:27:08Z INFO [916/1000] 722b7bea-45c1-418e-bff7-c5769d103099: 46 arrays, 0.1 MB stored; 0.9 s; peak memory 500 MiB.
2026-10-10T10:27:09Z INFO [917/1000] 722a7237-0ae0-4a66-bd4e-f7f5d56e6c9b: 538 arrays, 8.5 MB stored; 5.2 s; peak memory 500 MiB.
2026-10-10T10:27:10Z INFO [918/1000] 722c42a0-e486-4bfb-9263-1c8ceb02f97e: 66 arrays, 107.4 MB stored; 1.4 s; peak memory 500 MiB.
2026-10-10T10:27:11Z INFO [919/1000] 722c51e9-96dd-4a72-8661-3bf52cf59f81: 116 arrays, 0.5 MB stored; 1.4 s; peak memory 500 MiB.
2026-10-10T10:27:11Z INFO [920/1000] 722ccd2a-6c4f-4f3b-86c4-6987b4900871: 117 arrays, 0.3 MB stored; 1.4 s; peak memory 500 MiB.
2026-10-10T10:27:12Z INFO [921/1000] 722db680-4a65-4c4a-87ed-d7aca7951df6: 71 arrays, 2.6 MB stored; 1.4 s; peak memory 500 MiB.
2026-10-10T10:27:12Z INFO [922/1000] 722e5b01-4dcb-45ac-ac6b-cb42d50b4195: 69 arrays, 0.2 MB stored; 1.3 s; peak memory 500 MiB.
2026-10-10T10:27:13Z INFO [923/1000] 722ef087-190e-45f9-a6a7-eb4d1f4ff675: 58 arrays, 0.0 MB stored; 1.0 s; peak memory 500 MiB.
2026-10-10T10:27:14Z INFO [924/1000] 722f4efc-629c-451f-b7ad-1be5f45c5138: 64 arrays, 3.3 MB stored; 1.6 s; peak memory 500 MiB.
2026-10-10T10:27:14Z INFO [925/1000] 722f5273-3a37-4a8f-ba49-7b31dfaed75a: 48 arrays, 83.9 MB stored; 1.1 s; peak memory 500 MiB.
2026-10-10T10:27:15Z INFO [926/1000] 722f8f23-3486-454f-9c1e-ce14ffdbcd86: 118 arrays, 0.4 MB stored; 1.3 s; peak memory 500 MiB.
2026-10-10T10:27:15Z INFO [927/1000] 72308daa-0a4d-49ec-9af9-efb7f168383e: 48 arrays, 83.9 MB stored; 1.1 s; peak memory 500 MiB.
2026-10-10T10:27:17Z INFO [928/1000] 722be00f-8a5d-415d-9b63-24afae3358b4: 800 arrays, 40.3 MB stored; 9.3 s; peak memory 500 MiB.
2026-10-10T10:27:17Z INFO [929/1000] 7230e36e-b760-4a4c-ac69-7654853ebaf3: 112 arrays, 0.6 MB stored; 1.4 s; peak memory 500 MiB.
2026-10-10T10:27:17Z INFO [930/1000] 7230a87b-be99-4112-8e1f-a01a0e537447: 131 arrays, 0.8 MB stored; 1.7 s; peak memory 500 MiB.
2026-10-10T10:27:18Z INFO [931/1000] 72310873-9ff7-4a92-be7e-d8ab6a32b42a: 48 arrays, 83.9 MB stored; 1.4 s; peak memory 500 MiB.
2026-10-10T10:27:18Z INFO [932/1000] 723164fc-7790-4e7e-8203-813bc7cbca82: 117 arrays, 0.2 MB stored; 1.5 s; peak memory 500 MiB.
2026-10-10T10:27:18Z INFO [933/1000] 7231a53c-fd00-434e-a62a-84a7cbb99481: 115 arrays, 0.7 MB stored; 1.5 s; peak memory 500 MiB.
2026-10-10T10:27:19Z INFO [934/1000] 7232103c-13df-4756-a771-f328c9715d3d: 118 arrays, 0.5 MB stored; 1.3 s; peak memory 500 MiB.
2026-10-10T10:27:20Z INFO [935/1000] 72322f7f-b2f2-4737-ba38-752bfbab4739: 112 arrays, 0.4 MB stored; 1.4 s; peak memory 500 MiB.
2026-10-10T10:27:20Z INFO [936/1000] 723373d9-8af0-4504-8cc3-755b1a858828: 48 arrays, 83.9 MB stored; 1.1 s; peak memory 500 MiB.
2026-10-10T10:27:22Z INFO [937/1000] 723457cc-41d2-4ae9-a7f5-8b2b8c6f7aef: 112 arrays, 0.6 MB stored; 1.4 s; peak memory 500 MiB.
2026-10-10T10:27:22Z INFO [938/1000] 72322016-1c1e-453e-a0e8-a8dbadc52147: 610 arrays, 8.1 MB stored; 4.1 s; peak memory 500 MiB.
2026-10-10T10:27:23Z INFO [939/1000] 72296cf7-2104-4313-903a-5c644ed2d221: 7919 arrays, 357.8 MB stored; 22.1 s; peak memory 500 MiB.
2026-10-10T10:27:24Z INFO [940/1000] 7234cfa9-7ceb-4c21-a167-0d32cdb69a74: 71 arrays, 82.1 MB stored; 1.8 s; peak memory 500 MiB.
2026-10-10T10:27:24Z INFO [941/1000] 7234e52a-373b-49a2-bfa6-1f28b032c78d: 112 arrays, 0.7 MB stored; 1.5 s; peak memory 500 MiB.
2026-10-10T10:27:24Z INFO [942/1000] 72352872-aa40-4798-a97f-9e66b929ac97: 117 arrays, 0.5 MB stored; 1.4 s; peak memory 500 MiB.
2026-10-10T10:27:25Z INFO [943/1000] 7235d392-5b13-48aa-8075-9ddd4c43996d: 48 arrays, 83.9 MB stored; 1.1 s; peak memory 500 MiB.
2026-10-10T10:27:27Z INFO [944/1000] 72365717-530b-40f6-bd90-f29cfe645c30: 115 arrays, 190.2 MB stored; 2.2 s; peak memory 500 MiB.
2026-10-10T10:27:28Z INFO [945/1000] 72365f1d-7e26-42c3-a2ff-af074288f043: 110 arrays, 0.7 MB stored; 1.4 s; peak memory 500 MiB.
2026-10-10T10:27:29Z INFO [946/1000] 7235ec98-80f4-40a0-92b8-b7393382a6c2: 732 arrays, 35.1 MB stored; 5.5 s; peak memory 500 MiB.
2026-10-10T10:27:30Z INFO [947/1000] 723675d3-aad9-4471-bf69-3df532092382: 48 arrays, 83.9 MB stored; 1.2 s; peak memory 500 MiB.
2026-10-10T10:27:32Z INFO [948/1000] 7237df56-3a27-45b1-8b56-149e7f94850b: 115 arrays, 190.2 MB stored; 2.4 s; peak memory 500 MiB.
2026-10-10T10:27:33Z INFO [949/1000] 723804a1-ed08-44c2-acce-8c833b115ec2: 46 arrays, 0.0 MB stored; 0.9 s; peak memory 500 MiB.
2026-10-10T10:27:34Z INFO [950/1000] 72384914-8cc6-4574-a68c-69975707fae2: 48 arrays, 83.9 MB stored; 1.1 s; peak memory 500 MiB.
2026-10-10T10:27:34Z INFO [951/1000] 7236fed3-522c-46bd-aa06-f56ce19336a0: 350 arrays, 13.2 MB stored; 5.0 s; peak memory 500 MiB.
2026-10-10T10:27:35Z INFO [952/1000] 7238f2b3-58c9-4492-968f-9dc53c32e236: 63 arrays, 0.1 MB stored; 1.1 s; peak memory 500 MiB.
2026-10-10T10:27:35Z INFO [953/1000] 72389ba3-c6bf-47de-aa3a-aa616e34f05a: 110 arrays, 0.6 MB stored; 1.4 s; peak memory 500 MiB.
2026-10-10T10:27:37Z INFO [954/1000] 72399295-89aa-4967-93e5-76b13caa8b74: 70 arrays, 0.4 MB stored; 1.2 s; peak memory 500 MiB.
2026-10-10T10:27:37Z INFO [955/1000] 72399dcf-ef4d-41c0-8f9b-e52594ab72be: 112 arrays, 1.0 MB stored; 1.6 s; peak memory 500 MiB.
2026-10-10T10:27:38Z INFO [956/1000] 7239c222-980c-497b-8830-2999b11df440: 84 arrays, 0.1 MB stored; 1.1 s; peak memory 500 MiB.
2026-10-10T10:27:39Z INFO [957/1000] 723a7347-1892-45d4-983d-260d4754f08e: 71 arrays, 84.1 MB stored; 1.8 s; peak memory 500 MiB.
2026-10-10T10:27:43Z INFO [958/1000] 723a502b-0d3b-410d-9bea-198e38cba1fc: 38 arrays, 182.2 MB stored; 5.9 s; peak memory 500 MiB.
2026-10-10T10:27:44Z INFO [959/1000] 723ae4d1-65c3-4aa4-b2a6-5f2988853bc9: 196 arrays, 540.2 MB stored; 4.5 s; peak memory 500 MiB.
2026-10-10T10:27:44Z INFO [960/1000] 723ba9b6-1e3c-47c2-b4c1-edba25b26ecf: 66 arrays, 22.3 MB stored; 1.4 s; peak memory 500 MiB.
2026-10-10T10:27:45Z INFO [961/1000] 723c68c9-3dfe-4fb8-914e-d97bc299fc68: 48 arrays, 83.9 MB stored; 1.2 s; peak memory 500 MiB.
2026-10-10T10:27:45Z INFO [962/1000] 723d9508-b43f-4882-8ca2-8f82ab060a72: 52 arrays, 2930.4 MB stored; 1.1 s; peak memory 500 MiB.
2026-10-10T10:27:47Z INFO [963/1000] 723da3e2-fdd8-431e-866f-c27b405c8d85: 62 arrays, 3085.0 MB stored; 1.5 s; peak memory 500 MiB.
2026-10-10T10:27:48Z INFO [964/1000] 723dbd68-c6fa-4353-95fe-6517e4d596b4: 116 arrays, 0.4 MB stored; 1.3 s; peak memory 500 MiB.
2026-10-10T10:27:49Z INFO [965/1000] 723ea4ad-776f-41da-9cb9-af93e6c38a7a: 118 arrays, 0.3 MB stored; 1.2 s; peak memory 500 MiB.
2026-10-10T10:27:53Z INFO [966/1000] 71fd8566-b780-44b0-ad16-45484fb01e26: 414 arrays, 22243.5 MB stored; 114.9 s; peak memory 500 MiB.
2026-10-10T10:27:54Z INFO [967/1000] 7233c1a8-b3d1-409f-9b4e-bb201e100011: 106 arrays, 2088.3 MB stored; 33.9 s; peak memory 500 MiB.
2026-10-10T10:27:54Z INFO [968/1000] 72401807-72b2-42c3-91ba-0cdc3af7e1be: 63 arrays, 0.1 MB stored; 0.9 s; peak memory 500 MiB.
2026-10-10T10:27:54Z INFO [969/1000] 723f81d0-8906-4d31-8b9f-1768f8af97b3: 538 arrays, 8.4 MB stored; 4.8 s; peak memory 500 MiB.
2026-10-10T10:27:55Z INFO [970/1000] 7240d3dd-a825-4b1d-b8d1-9853e00b1ee2: 66 arrays, 106.7 MB stored; 1.5 s; peak memory 500 MiB.
2026-10-10T10:27:56Z INFO [971/1000] 724232ee-0123-4c81-8c37-930560815dc0: 48 arrays, 83.9 MB stored; 1.4 s; peak memory 500 MiB.
2026-10-10T10:27:56Z INFO [972/1000] 72410420-d1b2-4d67-a30e-97298f65e285: 112 arrays, 0.7 MB stored; 1.5 s; peak memory 500 MiB.
2026-10-10T10:27:56Z INFO [973/1000] 724242e0-0e77-4c13-9feb-5dc70f6151c1: 114 arrays, 0.1 MB stored; 1.1 s; peak memory 500 MiB.
2026-10-10T10:27:58Z INFO [974/1000] 72425d24-a36f-4d71-ab63-327bfa4d0633: 118 arrays, 18.9 MB stored; 2.0 s; peak memory 500 MiB.
2026-10-10T10:27:59Z INFO [975/1000] 7243b69c-40d5-40d4-9347-1357911b2c60: 48 arrays, 83.9 MB stored; 1.1 s; peak memory 500 MiB.
2026-10-10T10:28:00Z INFO [976/1000] 72425174-2b65-4938-9369-5f9cb32fed92: 238 arrays, 77.4 MB stored; 4.4 s; peak memory 500 MiB.
2026-10-10T10:28:01Z INFO [977/1000] 72435474-33c0-4e4c-a352-6546951a6479: 196 arrays, 581.6 MB stored; 4.9 s; peak memory 500 MiB.
2026-10-10T10:28:01Z INFO [978/1000] 724450fc-42a4-4fde-a238-ac7ef07f3692: 112 arrays, 0.5 MB stored; 1.5 s; peak memory 500 MiB.
2026-10-10T10:28:02Z INFO [979/1000] 723d9d31-d808-4f52-b87a-711006547d6f: 48 arrays, 42967.2 MB stored; 16.7 s; peak memory 500 MiB.
2026-10-10T10:28:03Z INFO [980/1000] 7244ddf7-d431-4a9c-b8ee-20e848397a3b: 53 arrays, 0.0 MB stored; 1.1 s; peak memory 500 MiB.
2026-10-10T10:28:03Z INFO [981/1000] 72447771-d339-4b5d-a7ed-d5671b0e9d2b: 85 arrays, 180.6 MB stored; 2.4 s; peak memory 500 MiB.
2026-10-10T10:28:04Z INFO [982/1000] 7244c8f2-dbc8-49bf-8b60-7053fca86820: 188 arrays, 5.3 MB stored; 2.3 s; peak memory 500 MiB.
2026-10-10T10:28:04Z INFO [983/1000] 72451436-c5a7-4f44-a655-281ffcc9d66b: 118 arrays, 0.4 MB stored; 1.3 s; peak memory 500 MiB.
2026-10-10T10:28:05Z INFO [984/1000] 72454966-7160-43bb-a5fe-30bc7ab63626: 48 arrays, 83.9 MB stored; 1.2 s; peak memory 500 MiB.
2026-10-10T10:28:05Z INFO [985/1000] 7245ac22-fa81-434f-8ecf-a65d758d5449: 117 arrays, 0.4 MB stored; 1.3 s; peak memory 500 MiB.
2026-10-10T10:28:05Z INFO [986/1000] 72463f5e-2cbb-4c98-9dee-593a71208b03: 66 arrays, 2301.5 MB stored; 1.3 s; peak memory 500 MiB.
2026-10-10T10:28:06Z INFO [987/1000] 72470a76-6b2c-4494-a5b7-81e3f481d84b: 112 arrays, 0.7 MB stored; 1.4 s; peak memory 500 MiB.
2026-10-10T10:28:06Z INFO [988/1000] 72470b7b-b505-4d9f-9ef4-9c888d156daa: 49 arrays, 1.5 MB stored; 1.4 s; peak memory 500 MiB.
2026-10-10T10:28:07Z INFO [989/1000] 724713d8-62d2-46e4-8ca0-e12c458fbb57: 48 arrays, 83.9 MB stored; 1.1 s; peak memory 500 MiB.
2026-10-10T10:28:07Z INFO [990/1000] 7244412e-2e85-4902-91f6-865f95df34f2: 913 arrays, 39.8 MB stored; 8.5 s; peak memory 500 MiB.
2026-10-10T10:28:07Z INFO [991/1000] 72471445-1793-4151-8390-3eb639b354bc: 52 arrays, 14.7 MB stored; 1.2 s; peak memory 500 MiB.
2026-10-10T10:28:08Z INFO [992/1000] 7247a4c0-37f9-4af2-870f-ddac91aa8458: 48 arrays, 83.9 MB stored; 1.1 s; peak memory 500 MiB.
2026-10-10T10:28:08Z INFO [993/1000] 7247cbd0-2057-4f38-abee-dc6c90a9cd62: 118 arrays, 0.2 MB stored; 1.4 s; peak memory 500 MiB.
2026-10-10T10:28:08Z INFO [994/1000] 724852cc-20c7-4c10-b0e2-aae2ada8c9ec: 41 arrays, 8.4 MB stored; 1.1 s; peak memory 500 MiB.
2026-10-10T10:28:09Z INFO [995/1000] 724876ec-7295-464b-80b3-8b8de6ff3f94: 48 arrays, 83.9 MB stored; 1.1 s; peak memory 500 MiB.
2026-10-10T10:28:09Z INFO [996/1000] 72480860-3886-4f84-8e54-0af5d49da30a: 112 arrays, 1.1 MB stored; 1.6 s; peak memory 500 MiB.
2026-10-10T10:28:22Z INFO [997/1000] 71f2d457-50b1-449d-a532-8ac2e629d410: 55 arrays, 10815.2 MB stored; 162.6 s; peak memory 500 MiB.
2026-10-10T10:28:59Z INFO [998/1000] 7235f037-61ee-44d9-a254-2d53dda0b7e6: 167 arrays, 21149.7 MB stored; 95.0 s; peak memory 500 MiB.
2026-10-10T10:29:28Z INFO [999/1000] 721505c3-7e01-4287-8126-9d262d1f54f2: 283 arrays, 39264.5 MB stored; 172.5 s; peak memory 500 MiB.
2026-10-10T10:34:16Z INFO [1000/1000] 71800ee4-e1b8-4a6b-b484-d9296bb3e4bc: 216 arrays, 96665.2 MB stored; 754.2 s; peak memory 500 MiB.
2026-10-10T10:34:17Z INFO [1000/1000] 71800ee4-e1b8-4a6b-b484-d9296bb3e4bc: checkpointed 1000 new records.
2026-10-10T10:34:17Z INFO Wrote 76200 records to /tmp/derivatives/valid_nwb_file_to_array_sizes.jsonl (1000 new, 0 failed) in 17.4 min (peak memory 530 MiB).
