2026-10-10T01:05:54Z INFO Logging to /tmp/logs/update_2026-10-10T01-05-54Z.log.
2026-10-10T01:05:54Z INFO Update valid-nwb-file-to-array-sizes (base directory /tmp).
2026-10-10T01:06:29Z INFO Processing 1000 items (59200 already recorded).
2026-10-10T01:06:31Z INFO [1/1000] 589efe69-7032-4dbc-9baf-6402ac09c305: 46 arrays, 0.1 MB stored; 2.4 s; peak memory 164 MiB.
2026-10-10T01:06:31Z INFO [2/1000] 589e52bc-acfc-4fcd-ac03-9dfc6bbc80a9: 38 arrays, 0.5 MB stored; 2.5 s; peak memory 164 MiB.
2026-10-10T01:06:31Z INFO [3/1000] 589c720e-ce3c-4d59-8a09-63ef267b8540: 117 arrays, 0.3 MB stored; 2.7 s; peak memory 164 MiB.
2026-10-10T01:06:31Z INFO [4/1000] 589bbb64-4519-42c7-8dcf-2aea8b3ff550: 110 arrays, 0.1 MB stored; 2.7 s; peak memory 164 MiB.
2026-10-10T01:06:32Z INFO [5/1000] 589c26d8-97fb-474e-9ebe-9d64392f58bf: 81 arrays, 16.8 MB stored; 3.7 s; peak memory 164 MiB.
2026-10-10T01:06:33Z INFO [6/1000] 589bd1ed-237e-4a98-b23e-d6829ac25736: 119 arrays, 66.5 MB stored; 4.0 s; peak memory 164 MiB.
2026-10-10T01:06:33Z INFO [7/1000] 58a0aa2f-4256-4ec7-ae98-e75301d70255: 50 arrays, 5.3 MB stored; 1.7 s; peak memory 164 MiB.
2026-10-10T01:06:33Z INFO [8/1000] 589fae02-9ea0-4b09-9d0b-3f9cf3c5ad14: 117 arrays, 0.2 MB stored; 2.2 s; peak memory 164 MiB.
2026-10-10T01:06:34Z INFO [9/1000] 58a07ddf-60f7-42a8-a8a1-d1d604ed1e6c: 112 arrays, 0.6 MB stored; 2.3 s; peak memory 164 MiB.
2026-10-10T01:06:34Z INFO [10/1000] 589f4fae-ffce-4956-9e9e-1801c37b3226: 71 arrays, 65.7 MB stored; 2.8 s; peak memory 164 MiB.
2026-10-10T01:06:34Z INFO [11/1000] 58a10da9-861b-4de5-911c-dee7246cf491: 62 arrays, 2759.6 MB stored; 2.2 s; peak memory 164 MiB.
2026-10-10T01:06:35Z INFO [12/1000] 58a1f711-2ce2-4b52-9c96-86a6010650aa: 117 arrays, 0.4 MB stored; 1.9 s; peak memory 164 MiB.
2026-10-10T01:06:35Z INFO [13/1000] 58a2a60d-5c1c-42ca-9392-d1b800dc4725: 118 arrays, 0.3 MB stored; 2.0 s; peak memory 164 MiB.
2026-10-10T01:06:35Z INFO [14/1000] 58a2b1a1-cb08-404f-aa3c-7037a722d6cf: 117 arrays, 0.4 MB stored; 2.1 s; peak memory 164 MiB.
2026-10-10T01:06:36Z INFO [15/1000] 58a3a1d3-5a82-477a-8cc0-d85fd1995182: 48 arrays, 83.9 MB stored; 1.8 s; peak memory 164 MiB.
2026-10-10T01:06:36Z INFO [16/1000] 58a30da6-77db-4dd0-acad-b9b2cf24f00c: 65 arrays, 0.5 MB stored; 2.3 s; peak memory 164 MiB.
2026-10-10T01:06:36Z INFO [17/1000] 58a4dbc0-550a-49c9-87eb-885ea0f77278: 50 arrays, 4.4 MB stored; 1.7 s; peak memory 164 MiB.
2026-10-10T01:06:37Z INFO [18/1000] 589ca70a-e58c-4ba7-ae3d-c83aec45df3a: 196 arrays, 575.5 MB stored; 8.6 s; peak memory 164 MiB.
2026-10-10T01:06:37Z INFO [19/1000] 58a4fccd-865c-4df3-ac53-d9cbc0719da6: 261 arrays, 17.1 MB stored; 2.3 s; peak memory 164 MiB.
2026-10-10T01:06:38Z INFO [20/1000] 58a502d1-5689-4e02-8a43-522f97501105: 66 arrays, 68.8 MB stored; 2.3 s; peak memory 164 MiB.
2026-10-10T01:06:38Z INFO [21/1000] 58a5147d-0265-4576-a431-05f7f18572f8: 142 arrays, 1.2 MB stored; 1.9 s; peak memory 164 MiB.
2026-10-10T01:06:40Z INFO [22/1000] 58a54ee2-67cf-45ba-aca5-7ce3a646466b: 112 arrays, 0.5 MB stored; 2.5 s; peak memory 164 MiB.
2026-10-10T01:06:40Z INFO [23/1000] 58a6ff6d-cc69-4c53-9cb7-5b20a9a3b0d0: 112 arrays, 0.4 MB stored; 2.1 s; peak memory 164 MiB.
2026-10-10T01:06:40Z INFO [24/1000] 58a545f5-043d-4c89-a7ca-439dd3775345: 101 arrays, 9.7 MB stored; 3.0 s; peak memory 164 MiB.
2026-10-10T01:06:41Z INFO [25/1000] 589dc7c0-cc4b-41e3-a7fc-44af89553088: 728 arrays, 22.8 MB stored; 12.6 s; peak memory 164 MiB.
2026-10-10T01:06:42Z INFO [26/1000] 58a4fed3-2be7-430f-b2cf-6b4923cf72be: 474 arrays, 4.9 MB stored; 6.1 s; peak memory 164 MiB.
2026-10-10T01:06:42Z INFO [27/1000] 58a72c7d-d44d-4fc3-b911-3a22c574c19a: 38 arrays, 0.4 MB stored; 1.7 s; peak memory 164 MiB.
2026-10-10T01:06:42Z INFO [28/1000] 58a8a4cd-d306-4c4c-85aa-f6f3571e4ada: 46 arrays, 0.0 MB stored; 1.6 s; peak memory 164 MiB.
2026-10-10T01:06:43Z INFO [29/1000] 58a8d000-6283-4f06-98e1-0dba5d437072: 76 arrays, 26.3 MB stored; 2.5 s; peak memory 164 MiB.
2026-10-10T01:06:43Z INFO [30/1000] 58a97472-b0a0-4802-88b7-926ceed456d3: 46 arrays, 0.1 MB stored; 1.6 s; peak memory 164 MiB.
2026-10-10T01:06:43Z INFO [31/1000] 58a8fdf3-dfcb-4ee2-ba04-8ffd4f11a6c6: 48 arrays, 83.9 MB stored; 1.9 s; peak memory 164 MiB.
2026-10-10T01:06:44Z INFO [32/1000] 58a981bf-5bba-4df8-9e39-bc624af63b2b: 48 arrays, 83.9 MB stored; 1.9 s; peak memory 164 MiB.
2026-10-10T01:06:45Z INFO [33/1000] 58a9ca54-770b-4998-b356-da52882ee736: 47 arrays, 43.1 MB stored; 2.3 s; peak memory 164 MiB.
2026-10-10T01:06:46Z INFO [34/1000] 58ab0502-705b-4ebe-864f-abbe038a5d64: 112 arrays, 0.3 MB stored; 2.1 s; peak memory 164 MiB.
2026-10-10T01:06:47Z INFO [35/1000] 58ab900b-8d2c-4355-a6e7-14f1dc3ff910: 48 arrays, 83.9 MB stored; 1.9 s; peak memory 164 MiB.
2026-10-10T01:06:47Z INFO [36/1000] 58aad25b-2f09-40db-a09d-d06a583cadde: 116 arrays, 187.1 MB stored; 3.6 s; peak memory 164 MiB.
2026-10-10T01:06:48Z INFO [37/1000] 58a8fb8a-ebab-4d12-b36f-243328ed7a71: 492 arrays, 5.1 MB stored; 6.4 s; peak memory 164 MiB.
2026-10-10T01:06:48Z INFO [38/1000] 58abb0cb-34e0-4d62-872c-4b9ba8d13b84: 117 arrays, 0.3 MB stored; 1.9 s; peak memory 164 MiB.
2026-10-10T01:06:49Z INFO [39/1000] 58abd666-4f7b-4fec-9a68-0d373cb0a83b: 48 arrays, 83.9 MB stored; 1.8 s; peak memory 164 MiB.
2026-10-10T01:06:50Z INFO [40/1000] 58ac893f-4c65-44b6-bcfa-5613cf55590f: 66 arrays, 117.9 MB stored; 2.6 s; peak memory 164 MiB.
2026-10-10T01:06:50Z INFO [41/1000] 58ad6f83-e238-4391-bfc9-9bb9fb7f2097: 116 arrays, 0.3 MB stored; 2.0 s; peak memory 164 MiB.
2026-10-10T01:06:51Z INFO [42/1000] 58ae09b0-4ef4-43bd-9256-4b06a6f79376: 48 arrays, 83.9 MB stored; 1.7 s; peak memory 164 MiB.
2026-10-10T01:06:52Z INFO [43/1000] 58aa9cc0-285d-47f2-92d6-c1811f326726: 256 arrays, 247.0 MB stored; 9.1 s; peak memory 164 MiB.
2026-10-10T01:06:52Z INFO [44/1000] 58adfdc6-017d-49af-9a25-b083b75be955: 110 arrays, 0.9 MB stored; 2.7 s; peak memory 164 MiB.
2026-10-10T01:06:53Z INFO [45/1000] 58acb0ed-95f5-4bb1-818d-902e64aa2406: 327 arrays, 3.0 MB stored; 4.8 s; peak memory 164 MiB.
2026-10-10T01:06:53Z INFO [46/1000] 58ae1556-4a35-4286-ab11-67c6eaf9a835: 52 arrays, 13.0 MB stored; 1.9 s; peak memory 164 MiB.
2026-10-10T01:06:54Z INFO [47/1000] 58ae3e72-0612-4e15-b730-580fcf2f5e9d: 117 arrays, 0.3 MB stored; 2.1 s; peak memory 164 MiB.
2026-10-10T01:06:55Z INFO [48/1000] 58af9245-98cb-4238-8dfc-1e5ff75e514a: 117 arrays, 0.3 MB stored; 2.0 s; peak memory 164 MiB.
2026-10-10T01:06:57Z INFO [49/1000] 58b02b77-4723-416b-a034-f035f694894f: 116 arrays, 187.0 MB stored; 3.8 s; peak memory 164 MiB.
2026-10-10T01:07:00Z INFO [50/1000] 58b0cc42-d5aa-4ea1-84ae-d547dd662b64: 48 arrays, 197.6 MB stored; 2.4 s; peak memory 164 MiB.
2026-10-10T01:07:01Z INFO [51/1000] 58b17c37-5598-4581-b249-08ea78825b28: 35 arrays, 0.0 MB stored; 1.4 s; peak memory 164 MiB.
2026-10-10T01:07:03Z INFO [52/1000] 58b1b7f3-6d25-40f8-847d-53ca20371b72: 48 arrays, 83.9 MB stored; 1.7 s; peak memory 164 MiB.
2026-10-10T01:07:04Z INFO [53/1000] 58ae5fbe-1953-4227-8abf-60c66e432b62: 402 arrays, 12192.7 MB stored; 11.5 s; peak memory 164 MiB.
2026-10-10T01:07:06Z INFO [54/1000] 58b1eda5-f208-445f-ab2b-20ecab8868b0: 115 arrays, 190.1 MB stored; 3.8 s; peak memory 164 MiB.
2026-10-10T01:07:10Z INFO [55/1000] 58b290a3-17c1-4a86-9d2e-7b1ecf7b37f6: 229 arrays, 250.8 MB stored; 6.0 s; peak memory 164 MiB.
2026-10-10T01:07:10Z INFO [56/1000] 58b0a2de-2e5e-4001-a089-982bfee12625: 1001 arrays, 47.8 MB stored; 15.8 s; peak memory 164 MiB.
2026-10-10T01:07:12Z INFO [57/1000] 58b30acb-c016-4535-98f3-b19586bed982: 48 arrays, 83.9 MB stored; 1.8 s; peak memory 164 MiB.
2026-10-10T01:07:12Z INFO [58/1000] 58b31ee1-26e2-4cab-9159-0c51d7bcb08b: 114 arrays, 0.3 MB stored; 2.0 s; peak memory 164 MiB.
2026-10-10T01:07:14Z INFO [59/1000] 58b3749f-a96b-4b3c-a575-179279a270f8: 112 arrays, 0.5 MB stored; 2.3 s; peak memory 164 MiB.
2026-10-10T01:07:14Z INFO [60/1000] 58b3e2dc-aaf6-43b7-ac48-21799dd2a2c6: 48 arrays, 83.9 MB stored; 1.8 s; peak memory 164 MiB.
2026-10-10T01:07:16Z INFO [61/1000] 58b40dec-b185-438e-8ddf-854dd2da5d54: 48 arrays, 83.9 MB stored; 1.9 s; peak memory 164 MiB.
2026-10-10T01:07:16Z INFO [62/1000] 58b42a60-2eca-4675-af5f-6e12c1e0fb76: 68 arrays, 9.4 MB stored; 2.1 s; peak memory 164 MiB.
2026-10-10T01:07:17Z INFO [63/1000] 58b54e06-9507-4644-94d3-94c04531bda0: 48 arrays, 83.9 MB stored; 1.8 s; peak memory 164 MiB.
2026-10-10T01:07:19Z INFO [64/1000] 58b2d03a-3360-40e0-9ff0-540ff8ae295b: 11477 arrays, 411.8 MB stored; 12.5 s; peak memory 164 MiB.
2026-10-10T01:07:19Z INFO [65/1000] 58b6b7b4-9b96-4f64-8da9-53e4c86654b2: 52 arrays, 12.0 MB stored; 1.8 s; peak memory 164 MiB.
2026-10-10T01:07:21Z INFO [66/1000] 58b6d48e-5b7e-42f6-8c7e-55d3dc7b6112: 118 arrays, 0.3 MB stored; 2.1 s; peak memory 164 MiB.
2026-10-10T01:07:22Z INFO [67/1000] 58b67b43-1055-4605-b6f3-86f067309e2e: 168 arrays, 47.3 MB stored; 6.2 s; peak memory 164 MiB.
2026-10-10T01:07:24Z INFO [68/1000] 58b7b6bf-7484-435d-bcd9-cf90827eeda6: 69 arrays, 35.7 MB stored; 2.6 s; peak memory 164 MiB.
2026-10-10T01:07:24Z INFO [69/1000] 58b6c56f-a954-4b5d-b1c0-1728d172be42: 528 arrays, 4.9 MB stored; 5.6 s; peak memory 164 MiB.
2026-10-10T01:07:25Z INFO [70/1000] 58b7d8bd-bf2f-4a64-bf20-2a9e82b3e4fd: 69 arrays, 49.5 MB stored; 2.6 s; peak memory 164 MiB.
2026-10-10T01:07:26Z INFO [71/1000] 58b7dd7a-8a56-4d27-9818-b59c6fb37b5d: 48 arrays, 83.9 MB stored; 1.8 s; peak memory 164 MiB.
2026-10-10T01:07:27Z INFO [72/1000] 58b8c566-3010-4f52-8078-4182a6c99e5d: 48 arrays, 83.9 MB stored; 1.6 s; peak memory 164 MiB.
2026-10-10T01:07:28Z INFO [73/1000] 58a51044-b21f-4186-847a-9881a8ef872b: 52 arrays, 2082.3 MB stored; 51.8 s; peak memory 164 MiB.
2026-10-10T01:07:28Z INFO [74/1000] 58b8a721-bd23-4f11-8aee-d8491a5584a4: 101 arrays, 22.6 MB stored; 3.1 s; peak memory 164 MiB.
2026-10-10T01:07:30Z INFO [75/1000] 58b945da-4d6f-425d-b28c-63821594629a: 67 arrays, 26.1 MB stored; 2.1 s; peak memory 164 MiB.
2026-10-10T01:07:30Z INFO [76/1000] 58ba4f3e-ca21-47a9-a1eb-c5b89abbc06e: 62 arrays, 0.8 MB stored; 1.7 s; peak memory 164 MiB.
2026-10-10T01:07:30Z INFO [77/1000] 58bae31f-6661-44fc-9aba-3cc74db71cf0: 65 arrays, 0.0 MB stored; 1.8 s; peak memory 164 MiB.
2026-10-10T01:07:31Z INFO [78/1000] 58bb2172-e79a-487a-b5c0-001b366728ba: 48 arrays, 83.9 MB stored; 1.8 s; peak memory 164 MiB.
2026-10-10T01:07:32Z INFO [79/1000] 58bb2bb3-dcf7-4b01-aaa6-1768a7d01b1d: 117 arrays, 0.2 MB stored; 2.0 s; peak memory 164 MiB.
2026-10-10T01:07:33Z INFO [80/1000] 58bc5b75-ede5-4387-8186-40b7f0283419: 48 arrays, 83.9 MB stored; 1.8 s; peak memory 164 MiB.
2026-10-10T01:07:34Z INFO [81/1000] 58bca27f-2b69-4bbc-8de1-1ffa469f046b: 84 arrays, 1.5 MB stored; 2.2 s; peak memory 164 MiB.
2026-10-10T01:07:36Z INFO [82/1000] 58bb589e-8539-4f77-8aa7-4c46d298e1fc: 434 arrays, 4.0 MB stored; 5.7 s; peak memory 164 MiB.
2026-10-10T01:07:36Z INFO [83/1000] 58bd3f6e-5b53-4e13-af14-aa91be8ff463: 71 arrays, 91.3 MB stored; 2.8 s; peak memory 164 MiB.
2026-10-10T01:07:38Z INFO [84/1000] 58bf6dfc-3719-4648-8114-a2dbf1039b11: 48 arrays, 83.9 MB stored; 1.8 s; peak memory 164 MiB.
2026-10-10T01:07:39Z INFO [85/1000] 58bf146c-faba-40b2-8094-1c7411fc863d: 114 arrays, 186.8 MB stored; 3.7 s; peak memory 164 MiB.
2026-10-10T01:07:42Z INFO [86/1000] 58bd4633-deda-476f-a5ba-b931f2730481: 196 arrays, 678.6 MB stored; 8.0 s; peak memory 164 MiB.
2026-10-10T01:07:44Z INFO [87/1000] 58c25a68-d525-4ba3-ae91-2b224ef36936: 64 arrays, 7.6 MB stored; 2.0 s; peak memory 164 MiB.
2026-10-10T01:07:47Z INFO [88/1000] 58b03ac8-e5f5-4200-81d9-7911334e29fa: 52 arrays, 2111.3 MB stored; 52.6 s; peak memory 164 MiB.
2026-10-10T01:07:51Z INFO [89/1000] 58c1d57d-a6a8-4d1d-8227-690fc98b085e: 812 arrays, 32.4 MB stored; 12.0 s; peak memory 164 MiB.
2026-10-10T01:07:54Z INFO [90/1000] 58c2c5fa-4259-47b0-9347-0a210fefefa4: 851 arrays, 44.8 MB stored; 9.6 s; peak memory 164 MiB.
2026-10-10T01:07:54Z INFO [91/1000] 58c3d99f-3558-4a1c-a996-44a06cdf102c: 71 arrays, 131.4 MB stored; 3.1 s; peak memory 164 MiB.
2026-10-10T01:07:56Z INFO [92/1000] 58c4f19c-4003-4d44-9ba5-3f983161bc8d: 51 arrays, 630.4 MB stored; 2.2 s; peak memory 164 MiB.
2026-10-10T01:07:56Z INFO [93/1000] 58c4fb3e-c284-4922-b382-d1aad006cccb: 48 arrays, 83.9 MB stored; 1.8 s; peak memory 164 MiB.
2026-10-10T01:07:57Z INFO [94/1000] 58c5038b-86ce-43c6-b635-c868f8b15f5c: 37 arrays, 0.0 MB stored; 1.4 s; peak memory 164 MiB.
2026-10-10T01:07:58Z INFO [95/1000] 58c50851-795b-4fd6-a3ca-90de7ff0f60b: 48 arrays, 83.9 MB stored; 1.7 s; peak memory 164 MiB.
2026-10-10T01:08:00Z INFO [96/1000] 58c51126-9278-448c-a91a-054f6f5dba8f: 70 arrays, 122.1 MB stored; 2.5 s; peak memory 164 MiB.
2026-10-10T01:08:02Z INFO [97/1000] 58c5cd1f-5a83-4d4f-8e6d-84a3463977b1: 119 arrays, 66.4 MB stored; 2.8 s; peak memory 164 MiB.
2026-10-10T01:08:12Z INFO [98/1000] 58c5d6ca-8d25-4dbf-9244-885c30acb8c2: 733 arrays, 41.1 MB stored; 9.4 s; peak memory 164 MiB.
2026-10-10T01:08:14Z INFO [99/1000] 58c60fb0-8747-4657-9e5f-4885b2b02c9e: 118 arrays, 0.5 MB stored; 2.3 s; peak memory 164 MiB.
2026-10-10T01:08:16Z INFO [100/1000] 58c64143-4a6c-4661-a6bc-20aadb63b60f: 56 arrays, 3.8 MB stored; 1.8 s; peak memory 164 MiB.
2026-10-10T01:08:21Z INFO [101/1000] 58c66b2d-c9a0-4c76-8e8f-45b3a568ca60: 374 arrays, 3.7 MB stored; 4.9 s; peak memory 164 MiB.
2026-10-10T01:08:23Z INFO [102/1000] 58c67a44-7137-4cf8-bb43-a5ae889ece12: 118 arrays, 0.3 MB stored; 1.9 s; peak memory 164 MiB.
2026-10-10T01:08:31Z INFO [103/1000] 58c69697-7bbb-430e-bea8-34f89d37cb6c: 294 arrays, 17.2 MB stored; 8.8 s; peak memory 164 MiB.
2026-10-10T01:08:38Z INFO [104/1000] 58c6c9c7-2796-4525-803b-cbb3e5776893: 198 arrays, 10.8 MB stored; 6.2 s; peak memory 164 MiB.
2026-10-10T01:08:40Z INFO [105/1000] 58c6e549-419a-4a10-88e7-c894cc48536d: 62 arrays, 4024.7 MB stored; 2.4 s; peak memory 164 MiB.
2026-10-10T01:08:46Z INFO [106/1000] 58c56aea-929c-454e-b10e-3e13f02a8e65: 5867 arrays, 152.6 MB stored; 48.6 s; peak memory 164 MiB.
2026-10-10T01:08:49Z INFO [107/1000] 58c7230d-6168-475a-be9e-a63c749c6499: 71 arrays, 12.3 MB stored; 2.4 s; peak memory 164 MiB.
2026-10-10T01:08:50Z INFO [108/1000] 58c7a8f7-fe39-49b3-b67b-86d7d656fe7b: 47 arrays, 4.6 MB stored; 1.6 s; peak memory 164 MiB.
2026-10-10T01:08:52Z INFO [109/1000] 58c8ef1d-4b64-4f3f-a358-632a60fcb43a: 48 arrays, 83.9 MB stored; 1.7 s; peak memory 164 MiB.
2026-10-10T01:08:52Z INFO [110/1000] 58c6fd94-009a-4923-9863-a2e28d933ea0: 410 arrays, 84.5 MB stored; 12.2 s; peak memory 164 MiB.
2026-10-10T01:08:54Z INFO [111/1000] 58c9093e-6215-4ab1-82bf-63e26b5b3de6: 117 arrays, 0.2 MB stored; 1.9 s; peak memory 164 MiB.
2026-10-10T01:08:54Z INFO [112/1000] 58c9fc09-09a4-430a-91f6-a7fbc0e62d41: 117 arrays, 0.3 MB stored; 2.2 s; peak memory 164 MiB.
2026-10-10T01:08:56Z INFO [113/1000] 58c9fcfd-05eb-4659-b5ad-7b2abed16cbf: 118 arrays, 0.6 MB stored; 2.1 s; peak memory 164 MiB.
2026-10-10T01:08:58Z INFO [114/1000] 58cac063-28e6-40c6-9c9b-e195e3c7a59c: 52 arrays, 14.5 MB stored; 1.9 s; peak memory 164 MiB.
2026-10-10T01:08:59Z INFO [115/1000] 58ca56dc-0ee8-4422-aa3d-294aebd44e44: 48 arrays, 35.0 MB stored; 4.3 s; peak memory 164 MiB.
2026-10-10T01:09:01Z INFO [116/1000] 58cad647-98fb-4e0b-bed6-4d444055e8a1: 71 arrays, 95.1 MB stored; 3.0 s; peak memory 164 MiB.
2026-10-10T01:09:01Z INFO [117/1000] 58cc0173-b822-4d35-9e2a-434faee1e57b: 49 arrays, 1657.3 MB stored; 2.5 s; peak memory 164 MiB.
2026-10-10T01:09:03Z INFO [118/1000] 58cd3667-5088-423a-bc49-9269a846bb34: 48 arrays, 83.9 MB stored; 1.7 s; peak memory 164 MiB.
2026-10-10T01:09:04Z INFO [119/1000] 58cd4989-99ea-4dab-9ce5-75debf44b35a: 46 arrays, 0.1 MB stored; 1.4 s; peak memory 164 MiB.
2026-10-10T01:09:09Z INFO [120/1000] 58cd5806-6356-4aba-bfdc-84dd072d6cf2: 156 arrays, 193.5 MB stored; 4.3 s; peak memory 164 MiB.
2026-10-10T01:09:09Z INFO [121/1000] 58cd1af6-2729-43f6-9fa5-56b341dcbc11: 538 arrays, 8.3 MB stored; 7.8 s; peak memory 164 MiB.
2026-10-10T01:09:11Z INFO [122/1000] 58cd5937-3153-43ca-8def-500cef1dbc48: 57 arrays, 28.8 MB stored; 2.3 s; peak memory 164 MiB.
2026-10-10T01:09:11Z INFO [123/1000] 58cdbdfc-3d24-46cd-bc82-9c3cc74fe742: 66 arrays, 144.1 MB stored; 2.4 s; peak memory 164 MiB.
2026-10-10T01:09:13Z INFO [124/1000] 58ce5fba-7caf-45e8-8c6d-540cff32900c: 118 arrays, 0.4 MB stored; 1.9 s; peak memory 164 MiB.
2026-10-10T01:09:15Z INFO [125/1000] 58cf7590-5951-4da3-a95a-8052dfc1f869: 112 arrays, 0.4 MB stored; 2.1 s; peak memory 164 MiB.
2026-10-10T01:09:17Z INFO [126/1000] 58cfaa8f-8ba7-41f9-8146-6ac3fe5af284: 117 arrays, 0.4 MB stored; 1.8 s; peak memory 164 MiB.
2026-10-10T01:09:21Z INFO [127/1000] 58cfd2a5-d4ce-49b0-b9d5-2bb87641ae34: 50 arrays, 116.8 MB stored; 4.4 s; peak memory 164 MiB.
2026-10-10T01:09:24Z INFO [128/1000] 58d05039-071d-414d-8dd6-b82259375ca7: 112 arrays, 0.7 MB stored; 2.1 s; peak memory 164 MiB.
2026-10-10T01:09:25Z INFO [129/1000] 58d0f4e5-4bbb-4ee0-b2c8-cd0ff50122ff: 46 arrays, 0.1 MB stored; 1.4 s; peak memory 164 MiB.
2026-10-10T01:09:26Z INFO [130/1000] 58d114a8-5bb3-4c9a-a46c-b1c41af5c889: 37 arrays, 0.0 MB stored; 1.5 s; peak memory 164 MiB.
2026-10-10T01:09:29Z INFO [131/1000] 58d1746d-aafb-4d48-a621-5c324be29711: 53 arrays, 745.9 MB stored; 2.8 s; peak memory 164 MiB.
2026-10-10T01:10:09Z INFO [132/1000] 58c30fa6-4ddc-40d1-9f9c-5774cc500ad7: 260 arrays, 19754.2 MB stored; 141.9 s; peak memory 164 MiB.
2026-10-10T01:10:18Z INFO [133/1000] 58d1e368-3d22-46b6-a490-6b51ddb36982: 86 arrays, 13850.0 MB stored; 9.5 s; peak memory 164 MiB.
2026-10-10T01:10:21Z INFO [134/1000] 58d2c881-d18b-42af-ad74-dded0a669439: 112 arrays, 0.7 MB stored; 2.2 s; peak memory 164 MiB.
2026-10-10T01:10:22Z INFO [135/1000] 58d2e7c9-fac8-43a6-8356-9f35bf19ba00: 48 arrays, 83.9 MB stored; 1.7 s; peak memory 164 MiB.
2026-10-10T01:10:28Z INFO [136/1000] 58d30142-43d5-48f1-87d1-da61f7291f2e: 229 arrays, 240.0 MB stored; 6.1 s; peak memory 164 MiB.
2026-10-10T01:10:31Z INFO [137/1000] 58d30223-3f07-498d-88a7-652e2c5ad06e: 59 arrays, 99.6 MB stored; 2.2 s; peak memory 164 MiB.
2026-10-10T01:10:41Z INFO [138/1000] 58d36f2d-f95d-47e8-b82a-1f26f138dccf: 903 arrays, 11.1 MB stored; 10.1 s; peak memory 164 MiB.
2026-10-10T01:10:43Z INFO [139/1000] 58d3ac46-09f4-40f7-84ba-1e396223b6c4: 51 arrays, 5579.9 MB stored; 2.1 s; peak memory 164 MiB.
2026-10-10T01:10:46Z INFO [140/1000] 58d3bda2-2ba1-4f91-969a-720f9e175808: 78 arrays, 579.4 MB stored; 2.8 s; peak memory 164 MiB.
2026-10-10T01:10:48Z INFO [141/1000] 58d45a75-eae3-4071-af38-2ea1200f290f: 110 arrays, 0.7 MB stored; 2.3 s; peak memory 164 MiB.
2026-10-10T01:10:50Z INFO [142/1000] 58d48e7a-7909-4a68-84cf-ed41bac9a3a8: 112 arrays, 0.8 MB stored; 2.3 s; peak memory 164 MiB.
2026-10-10T01:10:52Z INFO [143/1000] 58d5a0bb-ed49-4014-8df7-779997254677: 46 arrays, 0.2 MB stored; 1.5 s; peak memory 164 MiB.
2026-10-10T01:10:53Z INFO [144/1000] 58d63afe-c0aa-40d9-897d-2b10e7c17d32: 48 arrays, 83.9 MB stored; 1.7 s; peak memory 164 MiB.
2026-10-10T01:11:01Z INFO [145/1000] 58d74dcb-bb1e-4da2-b413-3c25589484a9: 196 arrays, 541.2 MB stored; 7.7 s; peak memory 164 MiB.
2026-10-10T01:11:03Z INFO [146/1000] 58d7811f-94f9-4de6-bba0-49cf4fc7bedb: 48 arrays, 83.9 MB stored; 1.7 s; peak memory 164 MiB.
2026-10-10T01:11:11Z INFO [147/1000] 58d7ecb2-98a2-4c2d-b0b0-18fc26a1e4bb: 958 arrays, 14.4 MB stored; 8.4 s; peak memory 164 MiB.
2026-10-10T01:11:13Z INFO [148/1000] 58d85f13-4e32-4774-943a-061f95537b49: 48 arrays, 83.9 MB stored; 1.7 s; peak memory 164 MiB.
2026-10-10T01:11:15Z INFO [149/1000] 58d8eb24-03b8-4626-bcdd-f5404b89c388: 66 arrays, 16.8 MB stored; 2.2 s; peak memory 164 MiB.
2026-10-10T01:11:19Z INFO [150/1000] 58a6a4f1-a17b-4d0f-871a-b673bdda95be: 283 arrays, 39418.5 MB stored; 281.4 s; peak memory 164 MiB.
2026-10-10T01:11:19Z INFO [151/1000] 58a3f283-6dc9-4275-9885-46c3a12a9cf9: 472 arrays, 43337.0 MB stored; 284.9 s; peak memory 164 MiB.
2026-10-10T01:11:21Z INFO [152/1000] 58d91bbd-ad7d-4101-a841-75c9de0efc22: 61 arrays, 32.0 MB stored; 2.1 s; peak memory 164 MiB.
2026-10-10T01:11:22Z INFO [153/1000] 58da05dd-8ba0-4db4-a68f-fcad44be4ee9: 117 arrays, 0.2 MB stored; 2.1 s; peak memory 164 MiB.
2026-10-10T01:11:27Z INFO [154/1000] 58adbeaf-4372-474e-a44c-c4a35a1117f0: 292 arrays, 40412.2 MB stored; 277.9 s; peak memory 164 MiB.
2026-10-10T01:11:28Z INFO [155/1000] 58dae672-df81-47d8-8555-e4c1e14c3888: 48 arrays, 83.9 MB stored; 1.7 s; peak memory 164 MiB.
2026-10-10T01:11:29Z INFO [156/1000] 58da58b3-3a6b-42c4-abca-d9d44b9d0a48: 323 arrays, 28.4 MB stored; 7.1 s; peak memory 164 MiB.
2026-10-10T01:11:31Z INFO [157/1000] 58db8f0a-e637-4be7-8ec0-cf2016d98005: 146 arrays, 0.3 MB stored; 2.1 s; peak memory 164 MiB.
2026-10-10T01:11:32Z INFO [158/1000] 58da7c3c-7404-4d2d-aa05-8109b75ab7a5: 658 arrays, 10.3 MB stored; 10.4 s; peak memory 164 MiB.
2026-10-10T01:11:34Z INFO [159/1000] 58dbae46-f4c8-42ac-bfca-de7ae9890a52: 121 arrays, 9.4 MB stored; 3.7 s; peak memory 164 MiB.
2026-10-10T01:11:36Z INFO [160/1000] 58dba327-68fd-43a3-bd1c-0ea625128814: 52 arrays, 341.5 MB stored; 7.2 s; peak memory 164 MiB.
2026-10-10T01:11:36Z INFO [161/1000] 58dc441c-d6d0-4eb0-9554-9752384a18cb: 48 arrays, 83.9 MB stored; 1.7 s; peak memory 164 MiB.
2026-10-10T01:11:37Z INFO [162/1000] 58dc616f-1cfb-4578-96e7-1bed0e33a5e5: 46 arrays, 0.0 MB stored; 1.4 s; peak memory 164 MiB.
2026-10-10T01:11:38Z INFO [163/1000] 58dc620c-4512-4b01-a6a6-1b670939a93c: 48 arrays, 83.9 MB stored; 1.8 s; peak memory 164 MiB.
2026-10-10T01:11:39Z INFO [164/1000] 58dcd63b-f235-460e-a4e5-93d3e1558b8c: 118 arrays, 0.3 MB stored; 1.9 s; peak memory 164 MiB.
2026-10-10T01:11:41Z INFO [165/1000] 58ddc929-7eae-409f-8b92-2825eff2c582: 110 arrays, 0.6 MB stored; 2.3 s; peak memory 164 MiB.
2026-10-10T01:11:43Z INFO [166/1000] 58dde0f0-11bf-49d0-8f85-5e7fc36e70bb: 45 arrays, 0.0 MB stored; 1.4 s; peak memory 164 MiB.
2026-10-10T01:11:45Z INFO [167/1000] 58de08b8-aafe-4e67-afb2-3bcc5af8ec95: 121 arrays, 0.8 MB stored; 2.8 s; peak memory 164 MiB.
2026-10-10T01:11:47Z INFO [168/1000] 58de6215-08bf-48d4-84f7-369251867535: 121 arrays, 0.1 MB stored; 1.5 s; peak memory 164 MiB.
2026-10-10T01:11:48Z INFO [169/1000] 58dbb8bf-53ee-4313-b41e-89c5a1833877: 41 arrays, 292.4 MB stored; 15.9 s; peak memory 164 MiB.
2026-10-10T01:11:50Z INFO [170/1000] 58de9799-3617-4b4f-8042-dbc0e9f23d08: 118 arrays, 0.3 MB stored; 1.8 s; peak memory 164 MiB.
2026-10-10T01:11:58Z INFO [171/1000] 58dec385-0310-4e22-907b-ac17a3dd08c9: 814 arrays, 10.3 MB stored; 7.9 s; peak memory 164 MiB.
2026-10-10T01:11:59Z INFO [172/1000] 58de7137-a5a0-408c-a34f-114b95df3242: 1053 arrays, 22.7 MB stored; 11.6 s; peak memory 164 MiB.
2026-10-10T01:11:59Z INFO [173/1000] 58df5b80-66de-4d74-a8cd-09c378fbd3cb: 41 arrays, 8.4 MB stored; 1.6 s; peak memory 164 MiB.
2026-10-10T01:12:01Z INFO [174/1000] 58e1b642-eaaa-41a2-b0a7-63f0012214aa: 48 arrays, 83.9 MB stored; 1.7 s; peak memory 164 MiB.
2026-10-10T01:12:02Z INFO [175/1000] 58e1da10-5db3-4651-a7bf-f535fa89ed82: 48 arrays, 83.9 MB stored; 1.6 s; peak memory 164 MiB.
2026-10-10T01:12:04Z INFO [176/1000] 58b87826-2581-401e-9fa8-5d6af2d64aeb: 472 arrays, 43369.3 MB stored; 279.3 s; peak memory 164 MiB.
2026-10-10T01:12:06Z INFO [177/1000] 58e2f1dc-e850-4b3a-afd9-4ad3449562d1: 74 arrays, 70.6 MB stored; 2.2 s; peak memory 164 MiB.
2026-10-10T01:12:07Z INFO [178/1000] 58e183f4-05d4-412a-898c-768c896ddf2e: 49 arrays, 5042.2 MB stored; 8.7 s; peak memory 164 MiB.
2026-10-10T01:12:08Z INFO [179/1000] 58e34458-51d5-4dd2-8c2f-6c555fc50d11: 66 arrays, 102.0 MB stored; 2.3 s; peak memory 164 MiB.
2026-10-10T01:12:11Z INFO [180/1000] 58e6d1d2-3f12-4be3-8114-029716e47849: 112 arrays, 0.8 MB stored; 2.2 s; peak memory 164 MiB.
2026-10-10T01:12:11Z INFO [181/1000] 58bfde6b-72d0-4dd7-8fa8-5ff152cd3615: 292 arrays, 40388.6 MB stored; 273.7 s; peak memory 164 MiB.
2026-10-10T01:12:12Z INFO [182/1000] 58e7a80c-2ed0-4621-8655-6a5a59d49fe5: 48 arrays, 83.9 MB stored; 1.6 s; peak memory 164 MiB.
2026-10-10T01:12:13Z INFO [183/1000] 58e7ee18-6f1b-43f6-98ba-3c5e6b760a81: 189 arrays, 0.0 MB stored; 1.6 s; peak memory 164 MiB.
2026-10-10T01:12:14Z INFO [184/1000] 58e24576-6f44-43ce-abb7-197770d665c7: 336 arrays, 44.0 MB stored; 11.7 s; peak memory 164 MiB.
2026-10-10T01:12:15Z INFO [185/1000] 58e804eb-a6bd-4744-bb53-bc2e5372dd01: 112 arrays, 0.6 MB stored; 2.0 s; peak memory 164 MiB.
2026-10-10T01:12:15Z INFO [186/1000] 58e7f18c-dffa-49cc-877e-26eb836b7549: 66 arrays, 120.8 MB stored; 3.2 s; peak memory 164 MiB.
2026-10-10T01:12:16Z INFO [187/1000] 58e84d93-5ed9-4c38-be4d-1ab39f7694c4: 66 arrays, 93.9 MB stored; 2.2 s; peak memory 164 MiB.
2026-10-10T01:12:16Z INFO [188/1000] 58e85710-f0cd-4e86-9307-72303de0eb03: 57 arrays, 0.0 MB stored; 1.5 s; peak memory 164 MiB.
2026-10-10T01:12:18Z INFO [189/1000] 58e908bd-d038-4fe8-ab8d-9bd7b80bb710: 51 arrays, 3920.1 MB stored; 2.1 s; peak memory 164 MiB.
2026-10-10T01:12:19Z INFO [190/1000] 58e96dfe-6518-47b0-bd89-c331b0e71962: 45 arrays, 657.2 MB stored; 2.4 s; peak memory 164 MiB.
2026-10-10T01:12:20Z INFO [191/1000] 58e891b3-ad98-4f3b-8ab1-d7d4f5c06393: 351 arrays, 3.0 MB stored; 4.8 s; peak memory 164 MiB.
2026-10-10T01:12:21Z INFO [192/1000] 58e9d12d-d088-4452-98e3-2d1e028367ce: 84 arrays, 2.6 MB stored; 2.1 s; peak memory 164 MiB.
2026-10-10T01:12:22Z INFO [193/1000] 58ea6ec4-c31f-48bc-82f7-66e46b95d678: 46 arrays, 0.1 MB stored; 1.4 s; peak memory 164 MiB.
2026-10-10T01:12:24Z INFO [194/1000] 58eacc51-e350-46a4-8921-ef13170884d6: 48 arrays, 83.9 MB stored; 1.8 s; peak memory 164 MiB.
2026-10-10T01:12:25Z INFO [195/1000] 58e96f3e-8eb9-47b2-8e0f-f6d4601cc976: 168 arrays, 63.1 MB stored; 6.5 s; peak memory 164 MiB.
2026-10-10T01:12:25Z INFO [196/1000] 58e356dd-be51-40ef-ac8b-a48ce0684633: 873 arrays, 21.2 MB stored; 18.0 s; peak memory 164 MiB.
2026-10-10T01:12:26Z INFO [197/1000] 58eae8ce-9130-47a1-90e2-e1fd7d1d9217: 118 arrays, 0.3 MB stored; 1.8 s; peak memory 164 MiB.
2026-10-10T01:12:27Z INFO [198/1000] 58ec3281-ff8a-45dc-b263-94db9fe9b9cf: 117 arrays, 0.3 MB stored; 2.0 s; peak memory 164 MiB.
2026-10-10T01:12:27Z INFO [199/1000] 58ec6b9d-9363-4cb9-8086-368ea2808719: 48 arrays, 83.9 MB stored; 1.7 s; peak memory 164 MiB.
2026-10-10T01:12:29Z INFO [200/1000] 58ea0fed-d52c-4cb0-b589-254c54638661: 625 arrays, 28.8 MB stored; 8.7 s; peak memory 164 MiB.
2026-10-10T01:12:30Z INFO [200/1000] 58ea0fed-d52c-4cb0-b589-254c54638661: checkpointed 200 new records.
2026-10-10T01:12:30Z INFO [201/1000] 58eb519f-35e2-4e46-96ac-bd8a6e82e3aa: 99 arrays, 803.2 MB stored; 4.5 s; peak memory 272 MiB.
2026-10-10T01:12:30Z INFO [202/1000] 58eceee6-d746-47f0-a98d-a56a328ff9de: 35 arrays, 0.0 MB stored; 1.6 s; peak memory 272 MiB.
2026-10-10T01:12:31Z INFO [203/1000] 58eca775-47c8-4db8-8c88-209c23daab74: 152 arrays, 1214.3 MB stored; 4.0 s; peak memory 272 MiB.
2026-10-10T01:12:32Z INFO [204/1000] 58ed021b-31b9-4a43-914f-8e6746a31da5: 71 arrays, 4.0 MB stored; 2.6 s; peak memory 272 MiB.
2026-10-10T01:12:33Z INFO [205/1000] 58ee8b76-3825-4cf9-ab43-27b76ef85f3a: 57 arrays, 0.0 MB stored; 1.4 s; peak memory 272 MiB.
2026-10-10T01:12:36Z INFO [206/1000] 58ef173b-20b5-4348-8170-48de71480c9d: 66 arrays, 86.1 MB stored; 2.1 s; peak memory 272 MiB.
2026-10-10T01:12:36Z INFO [207/1000] 58eceea3-4e2b-4cb0-bf2b-2be850ff242d: 703 arrays, 11.3 MB stored; 8.3 s; peak memory 272 MiB.
2026-10-10T01:12:37Z INFO [208/1000] 58efffc7-72e4-4f17-b40a-5b62a77ac10a: 48 arrays, 83.9 MB stored; 1.8 s; peak memory 272 MiB.
2026-10-10T01:12:39Z INFO [209/1000] 58f08a0e-b400-4a06-93a9-66ea9304c6b7: 69 arrays, 0.0 MB stored; 1.9 s; peak memory 272 MiB.
2026-10-10T01:12:46Z INFO [210/1000] 58f0b311-ad61-4688-b3c0-5743e3a18030: 208 arrays, 44.6 MB stored; 6.4 s; peak memory 272 MiB.
2026-10-10T01:12:48Z INFO [211/1000] 58f0f87c-6e1e-4c9e-81bb-a4e7350014cf: 116 arrays, 0.3 MB stored; 2.0 s; peak memory 272 MiB.
2026-10-10T01:12:51Z INFO [212/1000] 58f06a69-f5ce-4235-a53f-1623b8320885: 696 arrays, 28.5 MB stored; 15.7 s; peak memory 272 MiB.
2026-10-10T01:12:51Z INFO [213/1000] 58f11053-e077-4b0e-9900-b88f1d2ae402: 38 arrays, 59.0 MB stored; 3.8 s; peak memory 272 MiB.
2026-10-10T01:12:53Z INFO [214/1000] 58ee2285-dfbd-49a5-bff6-32a544ca315a: 428 arrays, 1916.4 MB stored; 21.3 s; peak memory 272 MiB.
2026-10-10T01:12:54Z INFO [215/1000] 58f17fbb-3bc6-4ce1-95d5-b3db30fba2b1: 76 arrays, 46.7 MB stored; 2.3 s; peak memory 272 MiB.
2026-10-10T01:12:54Z INFO [216/1000] 58f22fab-54a2-49c6-ad33-5e489e46c6f3: 47 arrays, 0.5 MB stored; 1.6 s; peak memory 272 MiB.
2026-10-10T01:12:55Z INFO [217/1000] 58f13683-6266-4da8-b241-8b9a8cc1ef4a: 186 arrays, 12.3 MB stored; 3.7 s; peak memory 272 MiB.
2026-10-10T01:12:55Z INFO [218/1000] 58f262f3-ee8d-4c9d-b1e2-1a87e08d13e6: 48 arrays, 83.9 MB stored; 1.6 s; peak memory 272 MiB.
2026-10-10T01:12:56Z INFO [219/1000] 58f31083-94c8-4756-abe7-87d330c63491: 116 arrays, 0.3 MB stored; 1.8 s; peak memory 272 MiB.
2026-10-10T01:12:57Z INFO [220/1000] 58ed516d-ba7b-4680-9d14-eba5eff3fdd0: 48 arrays, 36884.8 MB stored; 26.2 s; peak memory 272 MiB.
2026-10-10T01:12:58Z INFO [221/1000] 58f3cdfe-02f1-452b-822d-a5d0e861568b: 117 arrays, 0.4 MB stored; 1.8 s; peak memory 272 MiB.
2026-10-10T01:12:59Z INFO [222/1000] 58f3a6c2-d7cd-48ec-8d58-2b6cba6f3cd2: 73 arrays, 177.1 MB stored; 2.9 s; peak memory 272 MiB.
2026-10-10T01:13:01Z INFO [223/1000] 58f3d7b7-d012-4578-b5fb-fda532ebf227: 116 arrays, 0.4 MB stored; 2.2 s; peak memory 272 MiB.
2026-10-10T01:13:01Z INFO [224/1000] 58f3db19-1d06-4d90-b6f5-c800b568e91d: 115 arrays, 0.6 MB stored; 2.1 s; peak memory 272 MiB.
2026-10-10T01:13:03Z INFO [225/1000] 58f40c0e-5722-46d0-a38c-d6c1b8b72a7a: 76 arrays, 7.7 MB stored; 2.2 s; peak memory 272 MiB.
2026-10-10T01:13:04Z INFO [226/1000] 58f403d3-78d1-4453-aeb2-037bcf8a07e5: 90 arrays, 122.5 MB stored; 3.5 s; peak memory 272 MiB.
2026-10-10T01:13:05Z INFO [227/1000] 58f38402-45d4-42e2-a995-bfa7afdbffad: 56 arrays, 118.5 MB stored; 9.1 s; peak memory 272 MiB.
2026-10-10T01:13:05Z INFO [228/1000] 58f4189f-685e-412d-91e4-d5b649fac01d: 117 arrays, 0.3 MB stored; 1.8 s; peak memory 272 MiB.
2026-10-10T01:13:06Z INFO [229/1000] 58f4405b-8a75-4fcb-a250-6078d2532dfe: 45 arrays, 0.0 MB stored; 1.6 s; peak memory 272 MiB.
2026-10-10T01:13:06Z INFO [230/1000] 58f4b9a3-4f15-4de3-9e28-fe747380741c: 56 arrays, 0.0 MB stored; 1.6 s; peak memory 272 MiB.
2026-10-10T01:13:07Z INFO [231/1000] 58f52dfa-e1d9-4b29-a9d4-99bb5920e785: 52 arrays, 11.0 MB stored; 1.8 s; peak memory 272 MiB.
2026-10-10T01:13:08Z INFO [232/1000] 58f5c49b-f045-4c1b-8643-5f73c0758163: 48 arrays, 83.9 MB stored; 1.6 s; peak memory 272 MiB.
2026-10-10T01:13:08Z INFO [233/1000] 58f32c87-7bf1-4d82-8297-b2c8e4b6f902: 107 arrays, 77.5 MB stored; 12.7 s; peak memory 272 MiB.
2026-10-10T01:13:10Z INFO [234/1000] 58f5f824-8a90-4456-9a47-7253e172669c: 39 arrays, 786.4 MB stored; 1.9 s; peak memory 272 MiB.
2026-10-10T01:13:10Z INFO [235/1000] 58f5d1ae-bc89-45f4-8acd-93a86a445afb: 45 arrays, 655.7 MB stored; 2.4 s; peak memory 272 MiB.
2026-10-10T01:13:11Z INFO [236/1000] 58f6d320-39c3-4687-9d7d-4697e4e516fa: 49 arrays, 3.2 MB stored; 1.6 s; peak memory 272 MiB.
2026-10-10T01:13:12Z INFO [237/1000] 58f79e47-6258-4689-94e6-d42ab43d58ae: 37 arrays, 0.0 MB stored; 1.5 s; peak memory 272 MiB.
2026-10-10T01:13:14Z INFO [238/1000] 58f7c033-464f-438f-9368-cbcdfab9f6e8: 112 arrays, 0.6 MB stored; 2.2 s; peak memory 272 MiB.
2026-10-10T01:13:14Z INFO [239/1000] 58fa4e57-ce7a-4045-84dd-561236f4237f: 69 arrays, 37.4 MB stored; 2.6 s; peak memory 272 MiB.
2026-10-10T01:13:23Z INFO [240/1000] 58fa4fc6-4ae5-4c5d-b162-4ac51d98c481: 266 arrays, 1450.9 MB stored; 9.8 s; peak memory 272 MiB.
2026-10-10T01:13:27Z INFO [241/1000] 58fa97a5-a05f-473a-9509-acceece5b8be: 115 arrays, 186.8 MB stored; 3.8 s; peak memory 272 MiB.
2026-10-10T01:13:29Z INFO [242/1000] 58fb81d6-573d-46a1-83cd-d0471fd931aa: 46 arrays, 0.3 MB stored; 1.6 s; peak memory 272 MiB.
2026-10-10T01:13:30Z INFO [243/1000] 58fbcc40-3b85-4d0f-93c3-518a90cb6326: 48 arrays, 83.9 MB stored; 1.7 s; peak memory 272 MiB.
2026-10-10T01:13:33Z INFO [244/1000] 58f5b00e-3f8f-4981-8085-8e89f5f6c1aa: 48 arrays, 46188.3 MB stored; 27.6 s; peak memory 272 MiB.
2026-10-10T01:13:36Z INFO [245/1000] 58fc0b21-e850-40eb-8df4-97710f76ff4d: 66 arrays, 191.7 MB stored; 2.9 s; peak memory 272 MiB.
2026-10-10T01:13:37Z INFO [246/1000] 58fbd75c-c174-405c-9abb-f91e5eb8ad6b: 101 arrays, 35.2 MB stored; 7.1 s; peak memory 272 MiB.
2026-10-10T01:13:39Z INFO [247/1000] 58fc2226-b72d-451b-a0ab-88a24742b664: 119 arrays, 66.3 MB stored; 3.0 s; peak memory 272 MiB.
2026-10-10T01:13:41Z INFO [248/1000] 58fcf54c-730e-42ab-8a7c-d35bf46460e7: 118 arrays, 0.3 MB stored; 2.0 s; peak memory 272 MiB.
2026-10-10T01:13:43Z INFO [249/1000] 58fd0703-b366-4aec-9e0c-999108e67841: 110 arrays, 0.5 MB stored; 2.1 s; peak memory 272 MiB.
2026-10-10T01:13:44Z INFO [250/1000] 58fcca23-ba4f-49aa-a40a-be1c5ccef2ab: 539 arrays, 7.0 MB stored; 6.8 s; peak memory 272 MiB.
2026-10-10T01:13:45Z INFO [251/1000] 58fd637d-50f7-42a3-9b93-fba4b2f4f7c7: 48 arrays, 83.9 MB stored; 1.7 s; peak memory 272 MiB.
2026-10-10T01:13:46Z INFO [252/1000] 58cdd246-d6cd-4424-badb-86fc5fced0f8: 269 arrays, 40435.5 MB stored; 274.9 s; peak memory 272 MiB.
2026-10-10T01:13:46Z INFO [253/1000] 58fd71e0-2e7c-4b44-87c5-c182a321d435: 115 arrays, 0.3 MB stored; 1.8 s; peak memory 272 MiB.
2026-10-10T01:13:47Z INFO [254/1000] 58fdb910-716b-4382-96ae-1e17346d2f5a: 45 arrays, 10.9 MB stored; 1.9 s; peak memory 272 MiB.
2026-10-10T01:13:47Z INFO [255/1000] 58fdd73c-636e-4f4f-87eb-610ee02419c4: 54 arrays, 0.0 MB stored; 1.5 s; peak memory 272 MiB.
2026-10-10T01:13:48Z INFO [256/1000] 58fe2884-cc80-4246-98fb-f675da220656: 48 arrays, 83.9 MB stored; 1.7 s; peak memory 272 MiB.
2026-10-10T01:13:49Z INFO [257/1000] 58ffdba3-da1d-4c77-9eb3-4530aa796ea6: 62 arrays, 0.9 MB stored; 1.7 s; peak memory 272 MiB.
2026-10-10T01:13:50Z INFO [258/1000] 59005672-8808-49d4-aed2-b8310ea97ab5: 116 arrays, 0.3 MB stored; 1.9 s; peak memory 272 MiB.
2026-10-10T01:13:51Z INFO [259/1000] 58fead70-c9aa-45a5-9516-9017f0489f58: 156 arrays, 193.5 MB stored; 4.1 s; peak memory 272 MiB.
2026-10-10T01:13:52Z INFO [260/1000] 59017789-d2fc-4468-8fde-127cedd551b1: 113 arrays, 1.0 MB stored; 2.6 s; peak memory 272 MiB.
2026-10-10T01:13:52Z INFO [261/1000] 59017f9d-4606-49c3-a144-77d51fbaa906: 67 arrays, 38.1 MB stored; 2.2 s; peak memory 272 MiB.
2026-10-10T01:13:53Z INFO [262/1000] 590206c3-2466-4cda-b89c-ab9ce864c0fb: 51 arrays, 2730.4 MB stored; 1.9 s; peak memory 272 MiB.
2026-10-10T01:13:54Z INFO [263/1000] 59021a64-a043-4109-bdb6-02e42ebaf64f: 117 arrays, 0.3 MB stored; 2.0 s; peak memory 272 MiB.
2026-10-10T01:13:55Z INFO [264/1000] 5902f498-ef70-4ac2-b1e6-d047b07bc123: 50 arrays, 1.1 MB stored; 1.6 s; peak memory 272 MiB.
2026-10-10T01:13:56Z INFO [265/1000] 5902f479-3d12-47ec-b7ac-5614f8df8cc3: 76 arrays, 111.3 MB stored; 2.6 s; peak memory 272 MiB.
2026-10-10T01:13:57Z INFO [266/1000] 59033610-b49f-47b7-9bc1-f3caa874663a: 48 arrays, 83.9 MB stored; 1.7 s; peak memory 272 MiB.
2026-10-10T01:13:57Z INFO [267/1000] 5903c8ba-736a-4878-b70a-adc6be66e15f: 48 arrays, 83.9 MB stored; 1.7 s; peak memory 272 MiB.
2026-10-10T01:13:59Z INFO [268/1000] 5904235a-fe82-40cd-b11e-4f5e7d928826: 112 arrays, 0.6 MB stored; 2.2 s; peak memory 272 MiB.
2026-10-10T01:13:59Z INFO [269/1000] 59046fb2-5255-4a81-8fc4-598a5e77d9ab: 116 arrays, 0.2 MB stored; 2.1 s; peak memory 272 MiB.
2026-10-10T01:14:00Z INFO [270/1000] 58f5cc94-4d75-4c9f-9f7a-be643376e978: 92 arrays, 23070.7 MB stored; 52.8 s; peak memory 272 MiB.
2026-10-10T01:14:01Z INFO [271/1000] 5904cd79-4332-46b0-9b43-bc65445ac2fb: 46 arrays, 12.6 MB stored; 1.7 s; peak memory 272 MiB.
2026-10-10T01:14:01Z INFO [272/1000] 5904e078-e46c-4c7c-9cb3-b7bc893fc982: 48 arrays, 83.9 MB stored; 1.7 s; peak memory 272 MiB.
2026-10-10T01:14:02Z INFO [273/1000] 5904ebf1-1d0a-49e5-82ed-af1963f61323: 112 arrays, 0.8 MB stored; 2.4 s; peak memory 272 MiB.
2026-10-10T01:14:03Z INFO [274/1000] 5905287d-c239-4871-832a-699ae4502900: 114 arrays, 0.1 MB stored; 2.0 s; peak memory 272 MiB.
2026-10-10T01:14:10Z INFO [275/1000] 59055471-b26e-4166-9ec4-a8729d2acbd5: 229 arrays, 394.9 MB stored; 7.7 s; peak memory 272 MiB.
2026-10-10T01:14:16Z INFO [276/1000] 590505d8-d9d4-4dbc-afe0-38beda668e18: 398 arrays, 22.5 MB stored; 15.2 s; peak memory 272 MiB.
2026-10-10T01:14:18Z INFO [277/1000] 58d1a625-a41f-4966-b2aa-2a7a2ba40287: 472 arrays, 43535.9 MB stored; 288.5 s; peak memory 272 MiB.
2026-10-10T01:14:19Z INFO [278/1000] 590578a9-ae42-438a-810b-df6d66b9e65e: 538 arrays, 8.5 MB stored; 9.0 s; peak memory 272 MiB.
2026-10-10T01:14:21Z INFO [279/1000] 5906c199-17b2-4c4e-8a89-41a2395032f9: 123 arrays, 6.4 MB stored; 3.7 s; peak memory 272 MiB.
2026-10-10T01:14:24Z INFO [280/1000] 59074481-d0b6-444f-aecb-4877770a6f93: 116 arrays, 9.8 MB stored; 2.2 s; peak memory 272 MiB.
2026-10-10T01:14:24Z INFO [281/1000] 59072cde-40e8-4f72-961c-4404989194b7: 99 arrays, 1248.5 MB stored; 5.0 s; peak memory 272 MiB.
2026-10-10T01:14:25Z INFO [282/1000] 5907688e-da61-4742-9ab8-028fe953f1c1: 64 arrays, 0.0 MB stored; 1.9 s; peak memory 272 MiB.
2026-10-10T01:14:26Z INFO [283/1000] 5907cabd-5a5d-4b99-a203-63d66cbdc239: 67 arrays, 27.5 MB stored; 2.1 s; peak memory 272 MiB.
2026-10-10T01:14:27Z INFO [284/1000] 590952b0-13bf-4b18-8218-de3fef9abdcb: 46 arrays, 12.6 MB stored; 1.7 s; peak memory 272 MiB.
2026-10-10T01:14:30Z INFO [285/1000] 5909b099-9123-4c3a-bd77-91176b03fe06: 66 arrays, 64.1 MB stored; 2.2 s; peak memory 272 MiB.
2026-10-10T01:14:30Z INFO [286/1000] 59087ca7-7005-49ea-87cd-10b5bab9f6c3: 156 arrays, 193.4 MB stored; 4.3 s; peak memory 272 MiB.
2026-10-10T01:14:31Z INFO [287/1000] 590a6cd7-d066-4484-b690-210501e57464: 46 arrays, 12.6 MB stored; 1.8 s; peak memory 272 MiB.
2026-10-10T01:14:34Z INFO [288/1000] 590c1a63-6638-43f0-9100-fec97ce4b5a3: 66 arrays, 62.6 MB stored; 2.2 s; peak memory 272 MiB.
2026-10-10T01:14:35Z INFO [289/1000] 590ca468-1604-46dc-87c8-29713162b991: 48 arrays, 83.9 MB stored; 1.6 s; peak memory 272 MiB.
2026-10-10T01:14:38Z INFO [290/1000] 590cb20b-0ed6-4547-9c68-70f554f2ab7b: 119 arrays, 51.4 MB stored; 2.7 s; peak memory 272 MiB.
2026-10-10T01:14:41Z INFO [291/1000] 59067985-882d-4ecc-8ab4-d2763e7ca73b: 914 arrays, 27.2 MB stored; 24.5 s; peak memory 272 MiB.
2026-10-10T01:14:42Z INFO [292/1000] 590ab0e5-3019-4c7d-ab8e-52d325e2c5dd: 396 arrays, 24.0 MB stored; 12.3 s; peak memory 272 MiB.
2026-10-10T01:14:42Z INFO [293/1000] 590d5f10-9bca-4e9f-9cbe-ea28e435451a: 66 arrays, 1.1 MB stored; 1.8 s; peak memory 272 MiB.
2026-10-10T01:14:44Z INFO [294/1000] 590d80c0-7701-4c7d-a358-f0529e6106b6: 48 arrays, 83.9 MB stored; 1.7 s; peak memory 272 MiB.
2026-10-10T01:14:44Z INFO [295/1000] 590eb5ba-87f2-43be-a082-5902b9b8cfac: 48 arrays, 83.9 MB stored; 1.7 s; peak memory 272 MiB.
2026-10-10T01:14:46Z INFO [296/1000] 590f0e1a-4225-481d-a98b-c9b438ca52f1: 48 arrays, 83.9 MB stored; 1.7 s; peak memory 272 MiB.
2026-10-10T01:14:48Z INFO [297/1000] 590f9a9b-9b6d-47a2-854d-fddd336607be: 66 arrays, 62.0 MB stored; 2.3 s; peak memory 272 MiB.
2026-10-10T01:14:50Z INFO [298/1000] 590faad3-937b-4b74-95fe-08de276f204a: 48 arrays, 83.9 MB stored; 1.6 s; peak memory 272 MiB.
2026-10-10T01:14:52Z INFO [299/1000] 5910326c-43f3-4950-a467-b3b03056a745: 132 arrays, 1.6 MB stored; 1.9 s; peak memory 272 MiB.
2026-10-10T01:14:53Z INFO [300/1000] 590d18ea-5948-4129-8b93-d187ba155eb9: 1133 arrays, 42.9 MB stored; 14.7 s; peak memory 272 MiB.
2026-10-10T01:14:55Z INFO [301/1000] 5910729f-4a00-486b-a326-c6cbbf298a9b: 115 arrays, 190.1 MB stored; 3.6 s; peak memory 272 MiB.
2026-10-10T01:14:56Z INFO [302/1000] 59109cde-a5cd-4f29-bdc5-2cb1e8d898d0: 41 arrays, 473.5 MB stored; 3.0 s; peak memory 272 MiB.
2026-10-10T01:14:57Z INFO [303/1000] 59112a70-b7b7-41ff-98e1-e3183dec4d14: 56 arrays, 0.0 MB stored; 1.5 s; peak memory 272 MiB.
2026-10-10T01:14:59Z INFO [304/1000] 5912c37f-6d6a-4d14-8f7e-1c609c818c14: 51 arrays, 3317.9 MB stored; 2.1 s; peak memory 272 MiB.
2026-10-10T01:15:00Z INFO [305/1000] 59114d1e-bb32-4130-9983-a9299f8f9910: 156 arrays, 193.5 MB stored; 4.2 s; peak memory 272 MiB.
2026-10-10T01:15:00Z INFO [306/1000] 5913bb7e-1cee-4d46-b71c-fe71c5eee969: 48 arrays, 83.9 MB stored; 1.6 s; peak memory 272 MiB.
2026-10-10T01:15:02Z INFO [307/1000] 5913d9ae-249c-4c5e-87bd-36136bf75d2a: 46 arrays, 12.6 MB stored; 1.7 s; peak memory 272 MiB.
2026-10-10T01:15:02Z INFO [308/1000] 5913faa2-4388-4ff8-8cb5-cf5d8891d01d: 48 arrays, 83.9 MB stored; 1.6 s; peak memory 272 MiB.
2026-10-10T01:15:04Z INFO [309/1000] 59140dc5-5168-4a50-82ad-3845407f7da7: 52 arrays, 17.6 MB stored; 2.0 s; peak memory 272 MiB.
2026-10-10T01:15:04Z INFO [310/1000] 5914de55-011f-478a-b0bd-b60c114f7c5d: 72 arrays, 2.0 MB stored; 2.5 s; peak memory 272 MiB.
2026-10-10T01:15:05Z INFO [311/1000] 5914f8b6-024b-4cd3-9272-fa737770c2df: 51 arrays, 3315.5 MB stored; 2.0 s; peak memory 272 MiB.
2026-10-10T01:15:06Z INFO [312/1000] 59165320-f731-4a6e-a04c-92b80471a224: 41 arrays, 11.9 MB stored; 1.7 s; peak memory 272 MiB.
2026-10-10T01:15:09Z INFO [313/1000] 591771cc-a85b-4f65-a1c0-f5f85f46384e: 66 arrays, 65.4 MB stored; 2.5 s; peak memory 272 MiB.
2026-10-10T01:15:11Z INFO [314/1000] 5917b15e-f80f-47f0-a356-31b6eadd1b11: 112 arrays, 0.7 MB stored; 2.4 s; peak memory 272 MiB.
2026-10-10T01:15:13Z INFO [315/1000] 5917e20d-c929-4dc6-a68e-a4b9ea22a5f1: 48 arrays, 83.9 MB stored; 1.7 s; peak memory 272 MiB.
2026-10-10T01:15:14Z INFO [316/1000] 59166358-c437-4eb4-ad01-2a700209129e: 208 arrays, 623.9 MB stored; 8.7 s; peak memory 272 MiB.
2026-10-10T01:15:14Z INFO [317/1000] 59191837-74b2-4c38-84f8-e5e3e56bb66c: 48 arrays, 83.9 MB stored; 1.6 s; peak memory 272 MiB.
2026-10-10T01:15:17Z INFO [318/1000] 5919b326-4e03-41ab-acb6-e4e5b0954f46: 69 arrays, 114.5 MB stored; 2.5 s; peak memory 272 MiB.
2026-10-10T01:15:19Z INFO [319/1000] 5919e3c4-6d69-4579-aadc-122cbc2edda6: 117 arrays, 0.4 MB stored; 2.0 s; peak memory 272 MiB.
2026-10-10T01:15:20Z INFO [320/1000] 58d9163d-6f87-4dd6-8d34-cb3482c3a07e: 173 arrays, 374731.5 MB stored; 244.8 s; peak memory 272 MiB.
2026-10-10T01:15:21Z INFO [321/1000] 591a6db0-8298-4ab5-8433-e1eeaa3e5738: 112 arrays, 1.0 MB stored; 2.4 s; peak memory 272 MiB.
2026-10-10T01:15:22Z INFO [322/1000] 591aa00f-a8e8-4b80-9594-98df8dedcd18: 94 arrays, 9.3 MB stored; 2.4 s; peak memory 272 MiB.
2026-10-10T01:15:25Z INFO [323/1000] 591b1a31-0184-461c-b550-b3e59790c4bd: 71 arrays, 6.7 MB stored; 2.3 s; peak memory 272 MiB.
2026-10-10T01:15:28Z INFO [324/1000] 591ad761-9959-430d-ac06-7a236bc0c4c5: 471 arrays, 5.7 MB stored; 6.9 s; peak memory 272 MiB.
2026-10-10T01:15:30Z INFO [325/1000] 5919bd7f-2b86-4328-a6a6-dbc376402f34: 990 arrays, 42.8 MB stored; 15.4 s; peak memory 272 MiB.
2026-10-10T01:15:30Z INFO [326/1000] 591c2665-3102-429f-ae10-75943170cff7: 69 arrays, 2.4 MB stored; 2.1 s; peak memory 272 MiB.
2026-10-10T01:15:31Z INFO [327/1000] 591ceef3-b523-45ba-9f21-f8e8fda9c2af: 48 arrays, 83.9 MB stored; 1.5 s; peak memory 272 MiB.
2026-10-10T01:15:32Z INFO [328/1000] 591e27f2-05b2-4206-9881-811823c1136b: 118 arrays, 0.3 MB stored; 1.9 s; peak memory 272 MiB.
2026-10-10T01:15:34Z INFO [329/1000] 591eaca8-3727-4f39-a805-7d01e750e036: 112 arrays, 0.7 MB stored; 2.3 s; peak memory 272 MiB.
2026-10-10T01:15:36Z INFO [330/1000] 591ebbad-ce91-423d-81a9-cb5b029d91a6: 116 arrays, 0.2 MB stored; 1.9 s; peak memory 272 MiB.
2026-10-10T01:15:36Z INFO [331/1000] 591b9c96-53d6-487a-b719-6b7674d6798b: 1411 arrays, 11.9 MB stored; 11.7 s; peak memory 272 MiB.
2026-10-10T01:15:38Z INFO [332/1000] 591f76b5-8de8-40f2-b0ae-09776d6cf4bb: 84 arrays, 0.2 MB stored; 1.9 s; peak memory 272 MiB.
2026-10-10T01:15:38Z INFO [333/1000] 59214970-95c0-49d5-95a7-c2d7fd60ac30: 121 arrays, 0.1 MB stored; 1.7 s; peak memory 272 MiB.
2026-10-10T01:15:40Z INFO [334/1000] 59215f99-6f16-4b42-afde-beee139bbdeb: 48 arrays, 83.9 MB stored; 1.6 s; peak memory 272 MiB.
2026-10-10T01:15:42Z INFO [335/1000] 59223156-b337-4e8e-84f7-75a44e9b26cc: 112 arrays, 0.7 MB stored; 2.4 s; peak memory 272 MiB.
2026-10-10T01:15:45Z INFO [336/1000] 5922e133-ae48-4711-a284-eb8c155e55d4: 80 arrays, 250.9 MB stored; 3.4 s; peak memory 272 MiB.
2026-10-10T01:15:47Z INFO [337/1000] 5923acbd-2444-42e9-99ff-85eec6064772: 48 arrays, 83.9 MB stored; 1.7 s; peak memory 272 MiB.
2026-10-10T01:15:51Z INFO [338/1000] 59240252-3013-4c1c-a491-b214486afa0d: 156 arrays, 193.6 MB stored; 4.4 s; peak memory 272 MiB.
2026-10-10T01:15:53Z INFO [339/1000] 59245413-3a45-4581-a180-e0bdea6d81e1: 60 arrays, 1.9 MB stored; 1.7 s; peak memory 272 MiB.
2026-10-10T01:15:55Z INFO [340/1000] 592482e0-9c83-4acc-9270-40dc76511fc5: 66 arrays, 11.1 MB stored; 2.1 s; peak memory 272 MiB.
2026-10-10T01:15:56Z INFO [341/1000] 591e990a-b29d-4d5c-84c1-284578b84411: 6328 arrays, 59.6 MB stored; 24.8 s; peak memory 272 MiB.
2026-10-10T01:15:57Z INFO [342/1000] 5924aa3d-848c-4e9b-8d5d-2c978b8f1bfb: 63 arrays, 0.2 MB stored; 1.6 s; peak memory 272 MiB.
2026-10-10T01:16:00Z INFO [343/1000] 592535bb-2659-4c66-8770-336c3b6948f2: 138 arrays, 4.8 MB stored; 3.6 s; peak memory 272 MiB.
2026-10-10T01:16:01Z INFO [344/1000] 5925ac6a-185c-4ec9-abe9-e85cb5a830fe: 48 arrays, 83.9 MB stored; 1.6 s; peak memory 272 MiB.
2026-10-10T01:16:02Z INFO [345/1000] 5921acf7-88a9-4d7a-bf1a-52928d4b4766: 701 arrays, 278.0 MB stored; 23.5 s; peak memory 272 MiB.
2026-10-10T01:16:02Z INFO [346/1000] 59254c08-8653-4368-ae7c-af9d8877c276: 50 arrays, 130.6 MB stored; 4.8 s; peak memory 272 MiB.
2026-10-10T01:16:03Z INFO [347/1000] 592664d7-9535-4588-b82b-002b2ece2abb: 48 arrays, 83.9 MB stored; 1.7 s; peak memory 272 MiB.
2026-10-10T01:16:04Z INFO [348/1000] 5925b5aa-9203-47e8-8fb4-723a9a98e648: 119 arrays, 66.4 MB stored; 2.8 s; peak memory 272 MiB.
2026-10-10T01:16:06Z INFO [349/1000] 5927a55a-cfce-4a60-a4d6-9acc0dcbc9c6: 64 arrays, 26.4 MB stored; 2.2 s; peak memory 272 MiB.
2026-10-10T01:16:07Z INFO [350/1000] 58dd87eb-0250-49c6-abbb-f92843d79eb9: 292 arrays, 40402.6 MB stored; 269.3 s; peak memory 272 MiB.
2026-10-10T01:16:08Z INFO [351/1000] 59275657-1c0e-4bd8-a65c-c07c1d1174d2: 85 arrays, 1892.1 MB stored; 4.7 s; peak memory 272 MiB.
2026-10-10T01:16:09Z INFO [352/1000] 5926c2b3-76e8-46f8-a411-ec65fd5515a7: 481 arrays, 7.1 MB stored; 6.9 s; peak memory 272 MiB.
2026-10-10T01:16:09Z INFO [353/1000] 5928621f-57f4-4e32-99fa-f5d2b876edc6: 42 arrays, 48.5 MB stored; 1.7 s; peak memory 272 MiB.
2026-10-10T01:16:10Z INFO [354/1000] 5928c69b-1741-4163-9992-aad11f93ea2f: 48 arrays, 83.9 MB stored; 1.7 s; peak memory 272 MiB.
2026-10-10T01:16:10Z INFO [355/1000] 59297939-e744-4ead-af93-e5ecfcfbe0e4: 48 arrays, 83.9 MB stored; 1.6 s; peak memory 272 MiB.
2026-10-10T01:16:11Z INFO [356/1000] 59291dea-93c2-4f9d-923d-4dbac7fc58e6: 69 arrays, 67.3 MB stored; 2.5 s; peak memory 272 MiB.
2026-10-10T01:16:11Z INFO [357/1000] 592a31be-1e2e-44f4-aff4-79d19b091676: 118 arrays, 0.3 MB stored; 1.8 s; peak memory 272 MiB.
2026-10-10T01:16:11Z INFO [358/1000] 59281d54-0b38-4725-a8fa-6724e43701e8: 418 arrays, 4.3 MB stored; 5.2 s; peak memory 272 MiB.
2026-10-10T01:16:12Z INFO [359/1000] 592a8ee0-d249-41d5-b459-75a662e38fa3: 117 arrays, 0.5 MB stored; 1.9 s; peak memory 272 MiB.
2026-10-10T01:16:13Z INFO [360/1000] 592a90da-d6d5-4610-b7ca-3a8db4954f9f: 118 arrays, 0.3 MB stored; 1.8 s; peak memory 272 MiB.
2026-10-10T01:16:13Z INFO [361/1000] 592bd41b-e817-47b0-ac87-5700f02ac96e: 48 arrays, 83.9 MB stored; 1.8 s; peak memory 272 MiB.
2026-10-10T01:16:15Z INFO [362/1000] 592dea03-e839-484e-b0c7-b173b2f046ec: 117 arrays, 0.3 MB stored; 1.9 s; peak memory 272 MiB.
2026-10-10T01:16:18Z INFO [363/1000] 592e0c9e-9e72-4e66-8a7d-27563def9e67: 112 arrays, 2.1 MB stored; 2.7 s; peak memory 272 MiB.
2026-10-10T01:16:20Z INFO [364/1000] 592dd0c4-4210-484e-be4b-9b939fae112d: 229 arrays, 252.6 MB stored; 7.1 s; peak memory 272 MiB.
2026-10-10T01:16:26Z INFO [365/1000] 592f2fec-eed5-4515-baff-1cad7a364860: 421 arrays, 9.2 MB stored; 6.3 s; peak memory 272 MiB.
2026-10-10T01:16:28Z INFO [366/1000] 592d190a-1b45-4f59-8eeb-f7ed80481f9c: 892 arrays, 23.6 MB stored; 15.7 s; peak memory 272 MiB.
2026-10-10T01:16:28Z INFO [367/1000] 592fe742-cb3d-466a-bd6b-a55cfb3e701d: 48 arrays, 83.9 MB stored; 1.7 s; peak memory 272 MiB.
2026-10-10T01:16:30Z INFO [368/1000] 59308eb8-496e-438b-8414-75ca9b73c189: 48 arrays, 83.9 MB stored; 1.7 s; peak memory 272 MiB.
2026-10-10T01:16:30Z INFO [369/1000] 5930153b-4605-48f5-a78f-e4568f55b78b: 48 arrays, 83.9 MB stored; 1.8 s; peak memory 272 MiB.
2026-10-10T01:16:32Z INFO [370/1000] 593237fa-7da8-4899-9d90-eb4a8e951fd3: 48 arrays, 83.9 MB stored; 1.8 s; peak memory 272 MiB.
2026-10-10T01:16:32Z INFO [371/1000] 5930e6e1-4ac0-4c33-94db-4a24ec9b9788: 58 arrays, 1642.4 MB stored; 2.5 s; peak memory 272 MiB.
2026-10-10T01:16:33Z INFO [372/1000] 59324f7a-8568-4af9-92a5-ee332e7c85c1: 48 arrays, 83.9 MB stored; 1.7 s; peak memory 272 MiB.
2026-10-10T01:16:34Z INFO [373/1000] 59057530-165c-485b-ae14-1609c09d4041: 167 arrays, 21108.9 MB stored; 150.9 s; peak memory 272 MiB.
2026-10-10T01:16:34Z INFO [374/1000] 59325ca3-748a-490d-a407-15f8edc349ba: 117 arrays, 0.3 MB stored; 1.9 s; peak memory 272 MiB.
2026-10-10T01:16:35Z INFO [375/1000] 5932751c-c139-4f4f-bd3b-d5f2274b5c9a: 78 arrays, 0.2 MB stored; 2.0 s; peak memory 272 MiB.
2026-10-10T01:16:36Z INFO [376/1000] 59336c38-7cf3-4614-a534-dac75dd9ad5c: 48 arrays, 83.9 MB stored; 1.8 s; peak memory 272 MiB.
2026-10-10T01:16:36Z INFO [377/1000] 593440f3-5ab3-4f2d-bbcc-fdb023e69b54: 48 arrays, 83.9 MB stored; 1.7 s; peak memory 272 MiB.
2026-10-10T01:16:39Z INFO [378/1000] 59348d27-9a2a-435a-9525-ed9c7caaf0b0: 123 arrays, 4.9 MB stored; 3.5 s; peak memory 272 MiB.
2026-10-10T01:16:39Z INFO [379/1000] 5934a5f9-2ff9-4289-8213-85524149bb83: 152 arrays, 19.1 MB stored; 3.7 s; peak memory 272 MiB.
2026-10-10T01:16:40Z INFO [380/1000] 593513b2-0e6a-46b3-b1a8-36f02946a718: 276 arrays, 2.7 MB stored; 4.4 s; peak memory 272 MiB.
2026-10-10T01:16:41Z INFO [381/1000] 59355c76-71d9-4cff-bfff-c666b6545b4b: 63 arrays, 0.2 MB stored; 1.7 s; peak memory 272 MiB.
2026-10-10T01:16:41Z INFO [382/1000] 59355c02-c0e8-468d-a868-de9cbaf9cff9: 124 arrays, 0.8 MB stored; 2.6 s; peak memory 272 MiB.
2026-10-10T01:16:43Z INFO [383/1000] 5936ea33-c51c-4f1e-9e8e-5122ded565b1: 59 arrays, 100.5 MB stored; 2.1 s; peak memory 272 MiB.
2026-10-10T01:16:44Z INFO [384/1000] 5935ced3-021c-43e8-a73c-b13982b57e2b: 115 arrays, 190.2 MB stored; 3.5 s; peak memory 272 MiB.
2026-10-10T01:16:44Z INFO [385/1000] 5936b378-8bea-41e2-a6ad-62d800d767dd: 119 arrays, 66.5 MB stored; 3.0 s; peak memory 272 MiB.
2026-10-10T01:16:45Z INFO [386/1000] 5936eb51-2382-4688-abcb-af4cf5b9dccc: 117 arrays, 0.4 MB stored; 2.0 s; peak memory 272 MiB.
2026-10-10T01:16:54Z INFO [387/1000] 59370f06-592c-4213-86f8-98673654b398: 82 arrays, 417.6 MB stored; 10.4 s; peak memory 272 MiB.
2026-10-10T01:16:56Z INFO [388/1000] 59388309-02e8-4a73-94e4-09e88ee36d10: 117 arrays, 0.5 MB stored; 2.0 s; peak memory 272 MiB.
2026-10-10T01:17:00Z INFO [389/1000] 5938a881-00b4-4240-a299-1a493a3bab47: 156 arrays, 193.5 MB stored; 3.9 s; peak memory 272 MiB.
2026-10-10T01:17:01Z INFO [390/1000] 5937f17f-e688-4545-a727-c67e6429d725: 1330 arrays, 26.1 MB stored; 15.5 s; peak memory 272 MiB.
2026-10-10T01:17:02Z INFO [391/1000] 5938c99d-dfcf-4c33-96da-843e697e68d7: 109 arrays, 0.0 MB stored; 1.7 s; peak memory 272 MiB.
2026-10-10T01:17:03Z INFO [392/1000] 59394eeb-29a8-4beb-9464-ff243b355f2f: 48 arrays, 83.9 MB stored; 1.7 s; peak memory 272 MiB.
2026-10-10T01:17:04Z INFO [393/1000] 5939a5f8-7799-4bb0-8aca-3ef5a1e70e26: 116 arrays, 0.4 MB stored; 1.9 s; peak memory 272 MiB.
2026-10-10T01:17:04Z INFO [394/1000] 593a61e6-f0e2-4903-94c0-b0f951ed4826: 92 arrays, 9.0 MB stored; 1.6 s; peak memory 272 MiB.
2026-10-10T01:17:06Z INFO [395/1000] 593a6b4f-8481-4b4a-8246-80583451ccfe: 117 arrays, 0.6 MB stored; 2.0 s; peak memory 272 MiB.
2026-10-10T01:17:06Z INFO [396/1000] 593ab2ff-1aee-48ef-b627-c1811d985214: 122 arrays, 0.4 MB stored; 2.1 s; peak memory 272 MiB.
2026-10-10T01:17:08Z INFO [397/1000] 593af9d6-a383-4307-b088-ce6a71ab8af7: 114 arrays, 0.1 MB stored; 1.6 s; peak memory 272 MiB.
2026-10-10T01:17:09Z INFO [398/1000] 593ab79a-b09e-484a-86c0-71c0d1c79505: 119 arrays, 66.4 MB stored; 2.9 s; peak memory 272 MiB.
2026-10-10T01:17:10Z INFO [399/1000] 593b0346-3316-4320-8d26-053d883fd1d2: 48 arrays, 83.9 MB stored; 1.6 s; peak memory 272 MiB.
2026-10-10T01:17:10Z INFO [400/1000] 593b56e7-67ea-48da-8aee-209953ecc8f9: 112 arrays, 0.4 MB stored; 2.0 s; peak memory 272 MiB.
2026-10-10T01:17:11Z INFO [400/1000] 593b56e7-67ea-48da-8aee-209953ecc8f9: checkpointed 400 new records.
2026-10-10T01:17:11Z INFO [401/1000] 593bb7a4-3401-48a2-88a1-9236a14c3836: 117 arrays, 0.3 MB stored; 1.9 s; peak memory 360 MiB.
2026-10-10T01:17:13Z INFO [402/1000] 593c4ff5-6900-4c7b-99fc-cbc2c2f8b513: 117 arrays, 0.6 MB stored; 2.1 s; peak memory 360 MiB.
2026-10-10T01:17:13Z INFO [403/1000] 593cb866-fc3e-44ce-b195-1cb4a1309ed4: 46 arrays, 0.1 MB stored; 1.4 s; peak memory 360 MiB.
2026-10-10T01:17:14Z INFO [404/1000] 593cfced-9533-46d9-bb20-39c53588df9b: 45 arrays, 0.0 MB stored; 1.4 s; peak memory 360 MiB.
2026-10-10T01:17:15Z INFO [405/1000] 593ceac1-8ca2-4bce-97b6-b39288d52db3: 53 arrays, 9.4 MB stored; 2.8 s; peak memory 360 MiB.
2026-10-10T01:17:16Z INFO [406/1000] 593d4cec-f613-4681-b73d-44c531b2a857: 51 arrays, 0.0 MB stored; 1.4 s; peak memory 360 MiB.
2026-10-10T01:17:17Z INFO [407/1000] 593d66fe-5ae3-47f2-9ab2-c79342ba69d6: 121 arrays, 0.1 MB stored; 1.7 s; peak memory 360 MiB.
2026-10-10T01:17:18Z INFO [408/1000] 593dc70e-4b2b-4633-b967-6ca65471597e: 117 arrays, 0.4 MB stored; 1.9 s; peak memory 360 MiB.
2026-10-10T01:17:19Z INFO [409/1000] 593e130a-c7a7-4e8c-9176-c4e7f6394705: 117 arrays, 0.4 MB stored; 2.0 s; peak memory 360 MiB.
2026-10-10T01:17:20Z INFO [410/1000] 593ed4b6-aee9-4222-9d4d-7c5432d701f5: 112 arrays, 0.3 MB stored; 2.1 s; peak memory 360 MiB.
2026-10-10T01:17:22Z INFO [411/1000] 593f3c56-dfe2-40ac-bb31-e43da70c430b: 112 arrays, 0.4 MB stored; 2.0 s; peak memory 360 MiB.
2026-10-10T01:17:24Z INFO [412/1000] 593fa457-0c72-444c-87db-9b87a28f5607: 112 arrays, 0.9 MB stored; 2.2 s; peak memory 360 MiB.
2026-10-10T01:17:25Z INFO [413/1000] 593f3022-fd08-42eb-a962-72488ac8ac41: 168 arrays, 41.1 MB stored; 6.4 s; peak memory 360 MiB.
2026-10-10T01:17:26Z INFO [414/1000] 593fa5a2-1cd5-4faa-a69b-71dc9e962925: 112 arrays, 0.6 MB stored; 2.2 s; peak memory 360 MiB.
2026-10-10T01:17:27Z INFO [415/1000] 593ff9c9-80a7-461b-aa89-e73a03f3ac9f: 48 arrays, 83.9 MB stored; 1.7 s; peak memory 360 MiB.
2026-10-10T01:17:28Z INFO [416/1000] 5940031e-e803-46f5-974e-e53231e49e94: 48 arrays, 83.9 MB stored; 1.7 s; peak memory 360 MiB.
2026-10-10T01:17:34Z INFO [417/1000] 59402754-c035-4a32-9b10-104f0aa29754: 496 arrays, 6.7 MB stored; 6.8 s; peak memory 360 MiB.
2026-10-10T01:17:36Z INFO [418/1000] 59405009-9b76-4e25-b127-2b01afab6a0a: 112 arrays, 0.9 MB stored; 2.4 s; peak memory 360 MiB.
2026-10-10T01:17:38Z INFO [419/1000] 59406551-7e9b-44fd-9b0d-28d84a9555d8: 48 arrays, 83.9 MB stored; 1.7 s; peak memory 360 MiB.
2026-10-10T01:17:40Z INFO [420/1000] 594089dd-6b4b-4114-87bb-51ca082abfb1: 48 arrays, 83.9 MB stored; 1.6 s; peak memory 360 MiB.
2026-10-10T01:17:42Z INFO [421/1000] 5940fbb6-4c13-4841-8c66-0bf873a95326: 112 arrays, 0.3 MB stored; 1.9 s; peak memory 360 MiB.
2026-10-10T01:17:43Z INFO [422/1000] 59404a73-1c38-4bbc-909c-69e32e85a528: 44 arrays, 9515.5 MB stored; 14.8 s; peak memory 360 MiB.
2026-10-10T01:17:43Z INFO [423/1000] 594110be-0c1c-4e7f-8d5b-82180db93478: 46 arrays, 12.6 MB stored; 1.7 s; peak memory 360 MiB.
2026-10-10T01:17:45Z INFO [424/1000] 59414816-d93b-41d7-81f5-dd696601add8: 71 arrays, 40.5 MB stored; 2.3 s; peak memory 360 MiB.
2026-10-10T01:17:47Z INFO [425/1000] 5941e147-03ee-4019-91a9-76e51a39fd11: 48 arrays, 83.9 MB stored; 1.7 s; peak memory 360 MiB.
2026-10-10T01:17:47Z INFO [426/1000] 59417aa2-5f89-40d0-831b-017c6ffa06c7: 115 arrays, 186.7 MB stored; 3.4 s; peak memory 360 MiB.
2026-10-10T01:17:49Z INFO [427/1000] 5942be4f-e408-4dab-adf6-2a34f92fa539: 117 arrays, 0.4 MB stored; 2.2 s; peak memory 360 MiB.
2026-10-10T01:17:52Z INFO [428/1000] 59430cdb-a559-4be6-a459-028e39111062: 121 arrays, 1.3 MB stored; 3.1 s; peak memory 360 MiB.
2026-10-10T01:17:53Z INFO [429/1000] 5942d857-e338-4cfb-84c4-67422d6587cb: 229 arrays, 238.2 MB stored; 6.4 s; peak memory 360 MiB.
2026-10-10T01:17:55Z INFO [430/1000] 594345c6-fe26-47fb-b0fd-3fc9ef1da760: 247 arrays, 17.1 MB stored; 2.2 s; peak memory 360 MiB.
2026-10-10T01:17:57Z INFO [431/1000] 594389a4-3cf7-436e-b15d-fe60feb88c3a: 118 arrays, 0.4 MB stored; 1.9 s; peak memory 360 MiB.
2026-10-10T01:17:59Z INFO [432/1000] 5943325c-7197-4969-86f4-e266dea1a3b9: 715 arrays, 8.8 MB stored; 7.2 s; peak memory 360 MiB.
2026-10-10T01:18:01Z INFO [433/1000] 5944c589-3330-4d27-ac81-ee80b0f3046f: 48 arrays, 83.9 MB stored; 1.6 s; peak memory 360 MiB.
2026-10-10T01:18:01Z INFO [434/1000] 5943bd62-3ff4-4457-9fd6-6c969f25c498: 114 arrays, 186.8 MB stored; 3.5 s; peak memory 360 MiB.
2026-10-10T01:18:07Z INFO [435/1000] 59467635-7809-41c3-aadc-4518e94b339b: 225 arrays, 244.5 MB stored; 6.1 s; peak memory 360 MiB.
2026-10-10T01:18:08Z INFO [436/1000] 5947423b-54dc-45e3-a2f5-531a122dd332: 48 arrays, 83.9 MB stored; 1.6 s; peak memory 360 MiB.
2026-10-10T01:18:10Z INFO [437/1000] 5947b8ff-aa26-467a-9cf4-36c36cafbc83: 48 arrays, 83.9 MB stored; 1.6 s; peak memory 360 MiB.
2026-10-10T01:18:14Z INFO [438/1000] 5948455c-2412-4d26-aed4-1a6fbbf95beb: 115 arrays, 190.2 MB stored; 3.6 s; peak memory 360 MiB.
2026-10-10T01:18:19Z INFO [439/1000] 5948ca6d-f6d0-4fb9-a9dc-51244ccdc7d4: 517 arrays, 4.6 MB stored; 5.2 s; peak memory 360 MiB.
2026-10-10T01:18:27Z INFO [440/1000] 590283c1-4a3a-439b-b4ba-c7df2504cede: 453 arrays, 43303.7 MB stored; 275.6 s; peak memory 360 MiB.
2026-10-10T01:18:29Z INFO [441/1000] 59496239-7c4e-4eab-a10d-7e7116d1a628: 48 arrays, 83.9 MB stored; 1.7 s; peak memory 360 MiB.
2026-10-10T01:18:30Z INFO [442/1000] 592c6416-f949-4970-ad0e-6d5f610e91d0: 241 arrays, 19746.6 MB stored; 138.4 s; peak memory 360 MiB.
2026-10-10T01:18:31Z INFO [443/1000] 594abc82-4133-4867-baef-dcfbff83a066: 62 arrays, 4111.9 MB stored; 2.2 s; peak memory 360 MiB.
2026-10-10T01:18:32Z INFO [444/1000] 594ad32c-7c3c-4f11-81df-2e07c67c289c: 117 arrays, 0.3 MB stored; 1.9 s; peak memory 360 MiB.
2026-10-10T01:18:33Z INFO [445/1000] 594aee4c-ad5a-4579-8a87-c08c68c69125: 69 arrays, 0.1 MB stored; 1.8 s; peak memory 360 MiB.
2026-10-10T01:18:33Z INFO [446/1000] 594b5963-60e5-4026-828a-8e28cec540e4: 48 arrays, 83.9 MB stored; 1.7 s; peak memory 360 MiB.
2026-10-10T01:18:36Z INFO [447/1000] 594cbf13-19aa-4ef6-883a-46ec21438041: 64 arrays, 16.6 MB stored; 2.1 s; peak memory 360 MiB.
2026-10-10T01:18:37Z INFO [448/1000] 594cd4f9-91c4-426f-be68-f9025122f3ca: 116 arrays, 0.2 MB stored; 1.8 s; peak memory 360 MiB.
2026-10-10T01:18:38Z INFO [449/1000] 594b5e75-16d8-42c7-9d97-ee91e6651197: 418 arrays, 4.1 MB stored; 5.3 s; peak memory 360 MiB.
2026-10-10T01:18:40Z INFO [450/1000] 594ce141-8357-4d27-b85e-acf433778b9a: 69 arrays, 1.5 MB stored; 2.3 s; peak memory 360 MiB.
2026-10-10T01:18:41Z INFO [451/1000] 592e8ccb-bf58-4f40-9e97-e2ad4a6e16b2: 269 arrays, 20764.1 MB stored; 142.8 s; peak memory 360 MiB.
2026-10-10T01:18:41Z INFO [452/1000] 594d50cc-71f2-41de-98ed-dd554a0cc01e: 112 arrays, 1.2 MB stored; 2.6 s; peak memory 360 MiB.
2026-10-10T01:18:41Z INFO [453/1000] 594f76ab-4667-493a-95d3-6b88cc3a3030: 48 arrays, 83.9 MB stored; 1.8 s; peak memory 360 MiB.
2026-10-10T01:18:43Z INFO [454/1000] 594fa054-dbe6-4cef-b48d-683b5179246f: 84 arrays, 3.1 MB stored; 2.2 s; peak memory 360 MiB.
2026-10-10T01:18:43Z INFO [455/1000] 594f9491-2486-490d-b30d-e729ebe7d8fd: 77 arrays, 384.9 MB stored; 2.7 s; peak memory 360 MiB.
2026-10-10T01:18:45Z INFO [456/1000] 594fc411-6a00-4b17-8ccb-6f87e065e55b: 117 arrays, 0.4 MB stored; 1.9 s; peak memory 360 MiB.
2026-10-10T01:18:47Z INFO [457/1000] 595062ea-1b71-42d4-b63d-af1d1f9aacd6: 117 arrays, 0.5 MB stored; 2.2 s; peak memory 360 MiB.
2026-10-10T01:18:49Z INFO [458/1000] 59510c33-e85e-4b7d-aa74-6a08a756d65e: 112 arrays, 0.1 MB stored; 1.8 s; peak memory 360 MiB.
2026-10-10T01:18:50Z INFO [459/1000] 594fb87b-b996-46cc-b473-9dada1857412: 538 arrays, 8.6 MB stored; 8.2 s; peak memory 360 MiB.
2026-10-10T01:18:50Z INFO [460/1000] 59503b8e-6d25-43b6-bc50-26eb4dbc6aad: 538 arrays, 8.4 MB stored; 7.0 s; peak memory 360 MiB.
2026-10-10T01:18:51Z INFO [461/1000] 59534a47-ad68-4b61-bbf6-c7d0dd90520d: 46 arrays, 0.0 MB stored; 1.4 s; peak memory 360 MiB.
2026-10-10T01:18:52Z INFO [462/1000] 5953fee6-0dc3-4508-ad3c-9ff9ef87a3e6: 121 arrays, 0.1 MB stored; 1.5 s; peak memory 360 MiB.
2026-10-10T01:18:53Z INFO [463/1000] 59544b85-7ba0-443f-b774-493dbf4e8b43: 76 arrays, 3.4 MB stored; 2.3 s; peak memory 360 MiB.
2026-10-10T01:18:54Z INFO [464/1000] 59552b42-5576-4f84-8864-c10fca875dbe: 116 arrays, 0.3 MB stored; 2.1 s; peak memory 360 MiB.
2026-10-10T01:18:55Z INFO [465/1000] 59553506-e7d6-4d5d-9cbb-c9cfecdb99a2: 114 arrays, 0.1 MB stored; 2.1 s; peak memory 360 MiB.
2026-10-10T01:18:59Z INFO [466/1000] 5955510e-b148-4fef-b974-6c80309d60e8: 118 arrays, 66.2 MB stored; 3.1 s; peak memory 360 MiB.
2026-10-10T01:18:59Z INFO [467/1000] 5952cda8-0602-4d09-883b-6ca0855ade7d: 657 arrays, 18.3 MB stored; 9.4 s; peak memory 360 MiB.
2026-10-10T01:19:01Z INFO [468/1000] 595552bb-7d1d-40f0-89d6-00c392d5c496: 112 arrays, 0.8 MB stored; 2.0 s; peak memory 360 MiB.
2026-10-10T01:19:03Z INFO [469/1000] 5956e973-1c2a-4d4c-bdd6-ac25deee6639: 118 arrays, 0.4 MB stored; 2.0 s; peak memory 360 MiB.
2026-10-10T01:19:05Z INFO [470/1000] 595760bf-347c-4d72-9065-aafffa4a21d2: 49 arrays, 2.1 MB stored; 2.2 s; peak memory 360 MiB.
2026-10-10T01:19:06Z INFO [471/1000] 5956a17c-fa77-4b17-a8ba-bcfaf0836f69: 231 arrays, 77.4 MB stored; 7.0 s; peak memory 360 MiB.
2026-10-10T01:19:08Z INFO [472/1000] 59585b2e-d5a3-4eb0-b11c-024fb7fb1d34: 66 arrays, 88.3 MB stored; 2.0 s; peak memory 360 MiB.
2026-10-10T01:19:09Z INFO [473/1000] 5955350d-1832-431b-8e0e-e0519e7238cc: 1044 arrays, 33.1 MB stored; 15.1 s; peak memory 360 MiB.
2026-10-10T01:19:10Z INFO [474/1000] 5958794c-7a59-4307-b6d0-6316faecfb7b: 71 arrays, 4.2 MB stored; 2.7 s; peak memory 360 MiB.
2026-10-10T01:19:11Z INFO [475/1000] 5958796f-42c5-4023-a94d-9db3cac8bf02: 48 arrays, 0.0 MB stored; 1.4 s; peak memory 360 MiB.
2026-10-10T01:19:11Z INFO [476/1000] 59372cdf-489d-4eb1-b1f0-9ebc621c6648: 449 arrays, 23788.4 MB stored; 146.6 s; peak memory 360 MiB.
2026-10-10T01:19:12Z INFO [477/1000] 59594c91-97f7-4f2d-b9a0-af5eb8575164: 48 arrays, 83.9 MB stored; 1.8 s; peak memory 360 MiB.
2026-10-10T01:19:13Z INFO [478/1000] 59582656-f620-4c79-a3d9-7bc39ca352b0: 198 arrays, 288.3 MB stored; 7.9 s; peak memory 360 MiB.
2026-10-10T01:19:13Z INFO [479/1000] 5959819a-c3ea-487d-b3c6-d3256262a697: 118 arrays, 0.3 MB stored; 1.9 s; peak memory 360 MiB.
2026-10-10T01:19:13Z INFO [480/1000] 59589ddc-3f18-4285-8e1d-86eaede3afee: 52 arrays, 603.0 MB stored; 2.8 s; peak memory 360 MiB.
2026-10-10T01:19:14Z INFO [481/1000] 595aba05-eda1-4cdf-95e2-4657d4934d7f: 49 arrays, 16.5 MB stored; 2.0 s; peak memory 360 MiB.
2026-10-10T01:19:14Z INFO [482/1000] 595af254-690e-4615-b738-8c7e0ad8f367: 48 arrays, 83.9 MB stored; 1.7 s; peak memory 360 MiB.
2026-10-10T01:19:15Z INFO [483/1000] 595b320d-dbed-43f7-83a5-81c660be9733: 117 arrays, 0.4 MB stored; 1.9 s; peak memory 360 MiB.
2026-10-10T01:19:16Z INFO [484/1000] 595b7fd4-d82d-4259-a2ac-edde9fafa23c: 69 arrays, 0.0 MB stored; 2.0 s; peak memory 360 MiB.
2026-10-10T01:19:17Z INFO [485/1000] 595c6baa-6ed1-4c24-84b9-4abb181fa774: 56 arrays, 0.0 MB stored; 1.4 s; peak memory 360 MiB.
2026-10-10T01:19:18Z INFO [486/1000] 595da6a0-9220-4588-b816-79f514dbfbee: 118 arrays, 0.3 MB stored; 1.9 s; peak memory 360 MiB.
2026-10-10T01:19:19Z INFO [487/1000] 595b02f4-0cd4-457b-b46d-51e8da640c5c: 229 arrays, 260.0 MB stored; 6.7 s; peak memory 360 MiB.
2026-10-10T01:19:20Z INFO [488/1000] 595d2a83-24d6-4aa1-bb1f-6d9554ca5fdf: 87 arrays, 31.3 MB stored; 3.6 s; peak memory 360 MiB.
2026-10-10T01:19:20Z INFO [489/1000] 595dce2a-9126-481c-bb56-56d54bf7dc49: 48 arrays, 83.9 MB stored; 1.8 s; peak memory 360 MiB.
2026-10-10T01:19:21Z INFO [490/1000] 595c0bc0-0c34-40ff-afd5-c0f16d2918f2: 538 arrays, 7.7 MB stored; 6.5 s; peak memory 360 MiB.
2026-10-10T01:19:21Z INFO [491/1000] 595de5a4-5ae3-4e70-a6ce-944dab9b83d1: 112 arrays, 0.3 MB stored; 2.0 s; peak memory 360 MiB.
2026-10-10T01:19:22Z INFO [492/1000] 595e8f8f-6659-4fc6-bc30-4b1695f97286: 116 arrays, 0.3 MB stored; 2.1 s; peak memory 360 MiB.
2026-10-10T01:19:23Z INFO [493/1000] 595e54bd-d2a7-46d0-a775-43f62fd06a32: 71 arrays, 135.2 MB stored; 3.1 s; peak memory 360 MiB.
2026-10-10T01:19:23Z INFO [494/1000] 595ef0c7-36ec-45bc-b236-6df0cbc46b2d: 48 arrays, 83.9 MB stored; 1.7 s; peak memory 360 MiB.
2026-10-10T01:19:25Z INFO [495/1000] 595fb712-9a2b-4113-ac11-f16fd496f44a: 42 arrays, 0.6 MB stored; 1.6 s; peak memory 360 MiB.
2026-10-10T01:19:28Z INFO [496/1000] 59600c27-a703-4d4e-884a-23fe52f83716: 90 arrays, 133.9 MB stored; 3.2 s; peak memory 360 MiB.
2026-10-10T01:19:29Z INFO [497/1000] 59604bf9-e4df-45e7-a50b-7b65cab7db45: 45 arrays, 0.0 MB stored; 1.5 s; peak memory 360 MiB.
2026-10-10T01:19:30Z INFO [498/1000] 595f2f2e-e4a3-4d20-ac87-69a3c1d15e1c: 44 arrays, 3519.3 MB stored; 8.0 s; peak memory 360 MiB.
2026-10-10T01:19:32Z INFO [499/1000] 595f3b55-9f7d-46bc-8bd1-7129431d797e: 664 arrays, 18.6 MB stored; 8.6 s; peak memory 360 MiB.
2026-10-10T01:19:32Z INFO [500/1000] 59609d16-2b7b-4d2f-a1e0-5ed07e03d443: 112 arrays, 0.5 MB stored; 2.2 s; peak memory 360 MiB.
2026-10-10T01:19:32Z INFO [501/1000] 5960fe2f-19fd-453a-8a3c-33a9e519116b: 116 arrays, 0.4 MB stored; 2.0 s; peak memory 360 MiB.
2026-10-10T01:19:34Z INFO [502/1000] 59616f8d-5a4c-47ce-863d-63efee42b2a4: 112 arrays, 0.7 MB stored; 2.5 s; peak memory 360 MiB.
2026-10-10T01:19:35Z INFO [503/1000] 59611267-37aa-4d5f-b497-ec5f3748ebac: 121 arrays, 1.3 MB stored; 3.1 s; peak memory 360 MiB.
2026-10-10T01:19:35Z INFO [504/1000] 5961d024-242b-4f0d-8aad-a405eb86be8d: 101 arrays, 14.8 MB stored; 2.6 s; peak memory 360 MiB.
2026-10-10T01:19:37Z INFO [505/1000] 5963155d-108a-41c2-a898-c03d3f1955cb: 112 arrays, 0.5 MB stored; 2.3 s; peak memory 360 MiB.
2026-10-10T01:19:39Z INFO [506/1000] 5963b760-d12c-4503-90ca-cd3a5429517c: 54 arrays, 0.0 MB stored; 1.4 s; peak memory 360 MiB.
2026-10-10T01:19:39Z INFO [507/1000] 5962f354-2d8c-460f-90c5-cc1db8add74e: 362 arrays, 3.3 MB stored; 5.2 s; peak memory 360 MiB.
2026-10-10T01:19:41Z INFO [508/1000] 59644c86-1fe6-4487-a405-6db2ba82b594: 80 arrays, 93.3 MB stored; 2.0 s; peak memory 360 MiB.
2026-10-10T01:19:42Z INFO [509/1000] 59646985-c6ac-42bc-a3f0-28c612a0ae54: 112 arrays, 0.7 MB stored; 2.3 s; peak memory 360 MiB.
2026-10-10T01:19:42Z INFO [510/1000] 5964ab19-af3f-40d0-b637-18cc70eb0ee1: 39 arrays, 7.9 MB stored; 1.8 s; peak memory 360 MiB.
2026-10-10T01:19:44Z INFO [511/1000] 59651aa8-fb30-475f-a038-6701231e7f93: 82 arrays, 0.1 MB stored; 2.0 s; peak memory 360 MiB.
2026-10-10T01:19:47Z INFO [512/1000] 59663ccc-efb3-4c01-ae04-b77a278b3f26: 84 arrays, 591.7 MB stored; 4.5 s; peak memory 360 MiB.
2026-10-10T01:19:48Z INFO [513/1000] 59667f68-cab1-41da-9b08-82b4e1534708: 46 arrays, 0.6 MB stored; 1.6 s; peak memory 360 MiB.
2026-10-10T01:19:49Z INFO [514/1000] 595eef2a-9a35-437a-a367-899158b1f566: 1122 arrays, 34.7 MB stored; 28.4 s; peak memory 360 MiB.
2026-10-10T01:19:50Z INFO [515/1000] 5962f70b-c189-4615-b0ab-576b38cf7c1f: 5247 arrays, 20.3 MB stored; 15.4 s; peak memory 360 MiB.
2026-10-10T01:19:51Z INFO [516/1000] 5966a193-3c8f-4de2-94d4-2d9123186215: 61 arrays, 23.2 MB stored; 2.3 s; peak memory 360 MiB.
2026-10-10T01:19:51Z INFO [517/1000] 59671630-8c17-4d9c-bc19-5b2d2471a522: 56 arrays, 0.0 MB stored; 1.4 s; peak memory 360 MiB.
2026-10-10T01:19:51Z INFO [518/1000] 5966d403-a6cb-49d5-a30d-30379a9a9270: 117 arrays, 0.6 MB stored; 2.2 s; peak memory 360 MiB.
2026-10-10T01:19:53Z INFO [519/1000] 59673420-7ef8-4bd5-9e0a-6a7e67eef7a1: 48 arrays, 83.9 MB stored; 1.8 s; peak memory 360 MiB.
2026-10-10T01:19:53Z INFO [520/1000] 5966709c-95ab-4a8a-8c2d-931c2098ff88: 1151 arrays, 22.9 MB stored; 8.9 s; peak memory 360 MiB.
2026-10-10T01:19:53Z INFO [521/1000] 59673de8-130b-4bbf-8f70-eead828d85e2: 70 arrays, 1.7 MB stored; 2.0 s; peak memory 360 MiB.
2026-10-10T01:19:53Z INFO [522/1000] 596773ad-c5c3-4bdf-b727-1532831709d8: 117 arrays, 0.3 MB stored; 2.0 s; peak memory 360 MiB.
2026-10-10T01:19:54Z INFO [523/1000] 59684552-39fb-474f-af65-95ae5c8f9a89: 48 arrays, 83.9 MB stored; 1.8 s; peak memory 360 MiB.
2026-10-10T01:19:55Z INFO [524/1000] 59684a51-d688-4175-a28d-3d12faab6c63: 116 arrays, 0.3 MB stored; 1.8 s; peak memory 360 MiB.
2026-10-10T01:19:56Z INFO [525/1000] 59694f4c-eb8f-4821-8b98-e641394f7d20: 117 arrays, 0.3 MB stored; 2.0 s; peak memory 360 MiB.
2026-10-10T01:19:58Z INFO [526/1000] 5969b5d5-85ac-444a-9b48-02d3f5906c62: 117 arrays, 0.5 MB stored; 1.9 s; peak memory 360 MiB.
2026-10-10T01:20:00Z INFO [527/1000] 5969e78a-ccae-4f54-b489-248890635567: 52 arrays, 11.9 MB stored; 1.7 s; peak memory 360 MiB.
2026-10-10T01:20:00Z INFO [528/1000] 5968ac83-58cc-4c37-a84e-ac033ba139a6: 888 arrays, 6.3 MB stored; 7.0 s; peak memory 360 MiB.
2026-10-10T01:20:02Z INFO [529/1000] 596a145b-f9a9-48cb-ac6d-6960c935b198: 48 arrays, 83.9 MB stored; 1.7 s; peak memory 360 MiB.
2026-10-10T01:20:02Z INFO [530/1000] 5967b794-7ada-42c2-9b0e-5ac167bb7087: 653 arrays, 19.7 MB stored; 9.6 s; peak memory 360 MiB.
2026-10-10T01:20:02Z INFO [531/1000] 596a766b-a42e-4855-bd25-09412b4b0c41: 117 arrays, 0.4 MB stored; 1.8 s; peak memory 360 MiB.
2026-10-10T01:20:04Z INFO [532/1000] 596bc753-bae9-4f57-8edb-596411ea322e: 48 arrays, 83.9 MB stored; 1.7 s; peak memory 360 MiB.
2026-10-10T01:20:04Z INFO [533/1000] 596ba06d-8ea8-43f3-8cb9-12937a7433be: 117 arrays, 0.2 MB stored; 1.9 s; peak memory 360 MiB.
2026-10-10T01:20:06Z INFO [534/1000] 596c092d-a341-49e7-826b-c1e46e91e050: 56 arrays, 0.0 MB stored; 1.5 s; peak memory 360 MiB.
2026-10-10T01:20:06Z INFO [535/1000] 596bcd74-0da7-4e37-9f22-e636a37826d1: 69 arrays, 3.5 MB stored; 2.2 s; peak memory 360 MiB.
2026-10-10T01:20:08Z INFO [536/1000] 596c4924-3173-4f40-8e4f-cb29f8662e68: 71 arrays, 11.4 MB stored; 2.6 s; peak memory 360 MiB.
2026-10-10T01:20:10Z INFO [537/1000] 596c6ee8-3ce1-4611-bc65-57591a5356b6: 156 arrays, 193.5 MB stored; 4.0 s; peak memory 360 MiB.
2026-10-10T01:20:11Z INFO [538/1000] 596b27c5-963e-46dd-89dc-b0e0a1b9634e: 692 arrays, 28.5 MB stored; 9.2 s; peak memory 360 MiB.
2026-10-10T01:20:12Z INFO [539/1000] 596cb9d6-3cdf-487b-80c7-b2bf770584b2: 72 arrays, 0.0 MB stored; 1.9 s; peak memory 360 MiB.
2026-10-10T01:20:14Z INFO [540/1000] 596db43a-8510-4c86-9d0a-b84b354954f6: 48 arrays, 83.9 MB stored; 1.7 s; peak memory 360 MiB.
2026-10-10T01:20:17Z INFO [541/1000] 596cb717-bc42-43da-ae98-1f00d289c83a: 889 arrays, 18.9 MB stored; 9.0 s; peak memory 360 MiB.
2026-10-10T01:20:21Z INFO [542/1000] 596e39d9-83b7-4922-99e2-2d5dee65417e: 156 arrays, 193.5 MB stored; 3.9 s; peak memory 360 MiB.
2026-10-10T01:20:22Z INFO [543/1000] 596e1659-7a13-44e8-affa-df64ca6317ed: 256 arrays, 215.2 MB stored; 8.6 s; peak memory 360 MiB.
2026-10-10T01:20:24Z INFO [544/1000] 596e3f90-e231-4c8f-bd65-d00fc908a4b4: 48 arrays, 83.9 MB stored; 1.6 s; peak memory 360 MiB.
2026-10-10T01:20:30Z INFO [545/1000] 596e47f2-c4e0-4bca-8430-31eb19bf258f: 38 arrays, 7343.7 MB stored; 5.4 s; peak memory 360 MiB.
2026-10-10T01:20:31Z INFO [546/1000] 596f1162-31a8-44a7-a9a9-690c9bdd8463: 48 arrays, 83.9 MB stored; 1.7 s; peak memory 360 MiB.
2026-10-10T01:20:32Z INFO [547/1000] 596cfcb9-afa3-43f7-bc4d-843b5bb3eadc: 1317 arrays, 25.7 MB stored; 21.1 s; peak memory 360 MiB.
2026-10-10T01:20:33Z INFO [548/1000] 596f3618-4183-4c40-8945-2ee289a6a822: 48 arrays, 83.9 MB stored; 1.7 s; peak memory 360 MiB.
2026-10-10T01:20:34Z INFO [549/1000] 596fb833-38da-44d1-8d99-b2d603d37429: 117 arrays, 0.5 MB stored; 2.1 s; peak memory 360 MiB.
2026-10-10T01:20:35Z INFO [550/1000] 59707586-1bee-4316-86ab-47f39c2bfbd9: 59 arrays, 122.5 MB stored; 2.0 s; peak memory 360 MiB.
2026-10-10T01:20:36Z INFO [551/1000] 5970bc12-c0b5-4275-a2bd-b09187478d30: 66 arrays, 18.8 MB stored; 2.4 s; peak memory 360 MiB.
2026-10-10T01:20:38Z INFO [552/1000] 5970e011-6c6d-405e-adf8-a01531497802: 118 arrays, 0.2 MB stored; 1.9 s; peak memory 360 MiB.
2026-10-10T01:20:41Z INFO [553/1000] 5970eb0c-e9c3-485c-8d90-63b38a66152f: 66 arrays, 74.6 MB stored; 2.7 s; peak memory 360 MiB.
2026-10-10T01:20:50Z INFO [554/1000] 59718d92-4780-4e29-8ab8-93a8a83058c6: 615 arrays, 8.3 MB stored; 8.7 s; peak memory 360 MiB.
2026-10-10T01:20:51Z INFO [555/1000] 597248a4-b7d6-4607-b668-1d54edd5a561: 59 arrays, 0.2 MB stored; 1.7 s; peak memory 360 MiB.
2026-10-10T01:20:52Z INFO [556/1000] 5970c9c4-fe7e-4d6f-9e7b-921c3e81aab6: 1246 arrays, 25.4 MB stored; 16.8 s; peak memory 360 MiB.
2026-10-10T01:20:54Z INFO [557/1000] 5972f997-4156-4b1d-b4c1-10f5cb94996b: 131 arrays, 0.6 MB stored; 2.4 s; peak memory 360 MiB.
2026-10-10T01:20:55Z INFO [558/1000] 59733018-bb3f-4d50-8206-d2ec545a6c19: 115 arrays, 190.1 MB stored; 3.5 s; peak memory 360 MiB.
2026-10-10T01:20:57Z INFO [559/1000] 59746ae2-b56a-4803-b60b-aa1af605f8eb: 48 arrays, 83.9 MB stored; 1.7 s; peak memory 360 MiB.
2026-10-10T01:20:59Z INFO [560/1000] 59747ea9-5015-40d4-ac74-e92a6236afe6: 48 arrays, 83.9 MB stored; 1.7 s; peak memory 360 MiB.
2026-10-10T01:21:00Z INFO [561/1000] 5974ed27-870e-45a3-97fc-ff5a843b253f: 48 arrays, 83.9 MB stored; 1.6 s; peak memory 360 MiB.
2026-10-10T01:21:04Z INFO [562/1000] 59740a5f-917d-43b7-baba-facbf432a95c: 2098 arrays, 21.3 MB stored; 10.5 s; peak memory 360 MiB.
2026-10-10T01:21:06Z INFO [563/1000] 5975bdde-80d6-405c-a31a-a4b9170c458d: 48 arrays, 83.9 MB stored; 1.8 s; peak memory 360 MiB.
2026-10-10T01:21:08Z INFO [564/1000] 59766103-421b-4832-992a-8f798816e43e: 48 arrays, 83.9 MB stored; 1.8 s; peak memory 360 MiB.
2026-10-10T01:21:09Z INFO [565/1000] 59767415-b078-4ce7-9018-f22d6a6f80f6: 33 arrays, 0.0 MB stored; 1.5 s; peak memory 360 MiB.
2026-10-10T01:21:11Z INFO [566/1000] 59750804-c8ae-4f34-86e5-f247a54136c0: 336 arrays, 44.0 MB stored; 10.8 s; peak memory 360 MiB.
2026-10-10T01:21:11Z INFO [567/1000] 59769d03-aeee-40ab-ab87-3e58340a10d3: 48 arrays, 83.9 MB stored; 1.8 s; peak memory 360 MiB.
2026-10-10T01:21:13Z INFO [568/1000] 5977b5db-9374-444e-a46d-639a616f8581: 114 arrays, 0.4 MB stored; 1.9 s; peak memory 360 MiB.
2026-10-10T01:21:14Z INFO [569/1000] 5976fbd2-cd6e-40d4-b951-817a2999d08c: 112 arrays, 0.9 MB stored; 2.6 s; peak memory 360 MiB.
2026-10-10T01:21:15Z INFO [570/1000] 5977bb63-53cd-4ea1-97f8-c6c3abd9a782: 46 arrays, 0.4 MB stored; 1.7 s; peak memory 360 MiB.
2026-10-10T01:21:15Z INFO [571/1000] 5977dad5-d49c-494d-8ea2-cd5142dc6b16: 52 arrays, 13.3 MB stored; 1.8 s; peak memory 360 MiB.
2026-10-10T01:21:16Z INFO [572/1000] 5977ddb6-4fbc-4565-9273-a93054bd3412: 48 arrays, 83.9 MB stored; 1.7 s; peak memory 360 MiB.
2026-10-10T01:21:27Z INFO [573/1000] 5977f903-5aa5-4199-b18c-cc1aaeaf659d: 749 arrays, 33.9 MB stored; 12.0 s; peak memory 360 MiB.
2026-10-10T01:21:28Z INFO [574/1000] 59782173-c444-4324-8e09-0009e0244b3c: 895 arrays, 34.0 MB stored; 11.3 s; peak memory 360 MiB.
2026-10-10T01:21:31Z INFO [575/1000] 59782b46-2e0f-40ec-99e1-561d27359b71: 156 arrays, 193.5 MB stored; 4.0 s; peak memory 360 MiB.
2026-10-10T01:21:33Z INFO [576/1000] 59783e5d-6543-4681-aa9e-9d2a6afcf85d: 84 arrays, 0.1 MB stored; 1.8 s; peak memory 360 MiB.
2026-10-10T01:21:35Z INFO [577/1000] 59786379-7084-48ec-9bb6-338125e978e3: 48 arrays, 83.9 MB stored; 1.7 s; peak memory 360 MiB.
2026-10-10T01:21:37Z INFO [578/1000] 59792a99-0fc3-40ea-8bd5-b896ee38e35d: 112 arrays, 0.1 MB stored; 1.7 s; peak memory 360 MiB.
2026-10-10T01:21:38Z INFO [579/1000] 5979bd8e-b976-4786-8edd-3f7b368a85d2: 116 arrays, 0.3 MB stored; 1.9 s; peak memory 360 MiB.
2026-10-10T01:21:42Z INFO [580/1000] 597a6128-73cf-4e2c-965d-5cb668eba56b: 115 arrays, 190.1 MB stored; 3.7 s; peak memory 360 MiB.
2026-10-10T01:21:44Z INFO [581/1000] 59783c8d-5aff-4ba3-9147-243dabcb13f9: 1214 arrays, 24.3 MB stored; 16.5 s; peak memory 360 MiB.
2026-10-10T01:21:46Z INFO [582/1000] 597b4405-2b35-4624-ac37-54c60acbb53b: 48 arrays, 83.9 MB stored; 1.7 s; peak memory 360 MiB.
2026-10-10T01:21:48Z INFO [583/1000] 597c3318-6331-4bb9-9ea5-d3cbb79105e9: 71 arrays, 3.9 MB stored; 2.5 s; peak memory 360 MiB.
2026-10-10T01:22:00Z INFO [584/1000] 597c3639-c4a6-4de4-89ef-c5cac86cc6a2: 369 arrays, 262.0 MB stored; 11.9 s; peak memory 360 MiB.
2026-10-10T01:22:03Z INFO [585/1000] 597c7a3d-7b85-426f-8c2e-eae8f51a991e: 106 arrays, 10.8 MB stored; 2.7 s; peak memory 360 MiB.
2026-10-10T01:22:05Z INFO [586/1000] 597c9d48-19e9-424b-8720-e71a8c9a1ce7: 48 arrays, 83.9 MB stored; 1.7 s; peak memory 360 MiB.
2026-10-10T01:22:08Z INFO [587/1000] 597b24ee-8250-4103-9212-7c132ed5b18a: 522 arrays, 3724.8 MB stored; 26.1 s; peak memory 360 MiB.
2026-10-10T01:22:08Z INFO [588/1000] 597cfc04-00a2-40d3-bf50-7484c3e9ebce: 71 arrays, 131.0 MB stored; 3.5 s; peak memory 360 MiB.
2026-10-10T01:22:11Z INFO [589/1000] 597d5ed8-eeb4-4e1d-b7b0-3cff6a76f06c: 112 arrays, 0.7 MB stored; 2.4 s; peak memory 360 MiB.
2026-10-10T01:22:14Z INFO [590/1000] 597e701b-c462-4f71-baf0-5edf40c24d49: 71 arrays, 141.3 MB stored; 3.0 s; peak memory 360 MiB.
2026-10-10T01:22:14Z INFO [591/1000] 597d6abe-f455-4b57-891f-fcfe24cdf5cb: 106 arrays, 10.0 MB stored; 5.4 s; peak memory 360 MiB.
2026-10-10T01:22:16Z INFO [592/1000] 597e7eda-0ff7-4df1-aa4d-575098b0bfc1: 117 arrays, 0.3 MB stored; 1.9 s; peak memory 360 MiB.
2026-10-10T01:22:16Z INFO [593/1000] 597f8a9a-9cc0-4413-ae0a-8fabec6df3ec: 117 arrays, 0.4 MB stored; 2.0 s; peak memory 360 MiB.
2026-10-10T01:22:18Z INFO [594/1000] 597fabfb-e389-43d2-9862-5b92a1829927: 112 arrays, 0.7 MB stored; 2.2 s; peak memory 360 MiB.
2026-10-10T01:22:19Z INFO [595/1000] 597fd04e-d9d9-49b3-a20f-de3c048a4217: 48 arrays, 83.9 MB stored; 1.6 s; peak memory 360 MiB.
2026-10-10T01:22:21Z INFO [596/1000] 5980366c-a82b-469d-8cfe-81c4727bb588: 48 arrays, 83.9 MB stored; 1.6 s; peak memory 360 MiB.
2026-10-10T01:22:30Z INFO [597/1000] 598062b9-4120-4c35-b303-80d7c0a4bddd: 697 arrays, 11.1 MB stored; 8.9 s; peak memory 360 MiB.
2026-10-10T01:22:32Z INFO [598/1000] 5980e086-a606-406d-b34e-99d92b7b1009: 116 arrays, 0.3 MB stored; 2.0 s; peak memory 360 MiB.
2026-10-10T01:22:33Z INFO [599/1000] 5980f27d-bbe7-49a0-9f8a-2a1d81aff38c: 38 arrays, 0.5 MB stored; 1.5 s; peak memory 360 MiB.
2026-10-10T01:22:35Z INFO [600/1000] 59810d0f-f71b-4b03-a11a-d9da76422531: 117 arrays, 0.2 MB stored; 1.7 s; peak memory 360 MiB.
2026-10-10T01:22:35Z INFO [600/1000] 59810d0f-f71b-4b03-a11a-d9da76422531: checkpointed 600 new records.
2026-10-10T01:22:39Z INFO [601/1000] 59817d03-4d3d-43f2-9e20-500eb3571a46: 115 arrays, 190.2 MB stored; 3.9 s; peak memory 360 MiB.
2026-10-10T01:22:39Z INFO [602/1000] 597fb719-c2bd-491d-affa-b0222ebd917e: 1802 arrays, 35.8 MB stored; 23.7 s; peak memory 360 MiB.
2026-10-10T01:22:41Z INFO [603/1000] 5981a09d-8d34-4956-8701-4a7dfb5f7f6b: 84 arrays, 0.3 MB stored; 1.7 s; peak memory 360 MiB.
2026-10-10T01:22:41Z INFO [604/1000] 5981bf35-4eac-4e4f-b423-7df1dc130fd6: 56 arrays, 0.0 MB stored; 1.5 s; peak memory 360 MiB.
2026-10-10T01:22:42Z INFO [605/1000] 598270ea-e356-49a6-abbe-a82287b29b4f: 48 arrays, 83.9 MB stored; 1.7 s; peak memory 360 MiB.
2026-10-10T01:22:43Z INFO [606/1000] 598214ef-c461-4037-bd05-e3f88b8abf52: 131 arrays, 0.8 MB stored; 2.4 s; peak memory 360 MiB.
2026-10-10T01:22:44Z INFO [607/1000] 59829157-8ec2-4187-a072-2b909db17786: 48 arrays, 83.9 MB stored; 1.7 s; peak memory 360 MiB.
2026-10-10T01:22:45Z INFO [608/1000] 59829fa6-d03a-4229-af79-90bb93bc00ff: 112 arrays, 0.9 MB stored; 2.3 s; peak memory 360 MiB.
2026-10-10T01:22:46Z INFO [609/1000] 5982fac8-6394-4cde-b226-84520f1c38f0: 118 arrays, 0.4 MB stored; 2.0 s; peak memory 360 MiB.
2026-10-10T01:22:47Z INFO [610/1000] 596e3a02-ec3f-4f31-8141-fe13e18fe0ed: 167 arrays, 21526.5 MB stored; 145.9 s; peak memory 360 MiB.
2026-10-10T01:22:48Z INFO [611/1000] 59838ca7-b75f-41d1-864a-caa629e50ef3: 72 arrays, 0.0 MB stored; 1.9 s; peak memory 360 MiB.
2026-10-10T01:22:50Z INFO [612/1000] 59838e26-ce20-4def-ac10-58b17d8b3e6f: 71 arrays, 129.7 MB stored; 3.3 s; peak memory 360 MiB.
2026-10-10T01:22:52Z INFO [613/1000] 598439e4-22e1-4424-bb85-ce2b6656669b: 114 arrays, 186.9 MB stored; 3.8 s; peak memory 360 MiB.
2026-10-10T01:22:53Z INFO [614/1000] 5984d5b1-a064-4c0b-ab2c-6b0710f0411b: 38 arrays, 20.8 MB stored; 2.3 s; peak memory 360 MiB.
2026-10-10T01:22:54Z INFO [615/1000] 5984ed11-3a64-44c5-ac09-4d2dcb550fbc: 42 arrays, 95.1 MB stored; 1.8 s; peak memory 360 MiB.
2026-10-10T01:22:55Z INFO [616/1000] 59493cac-9ff3-4af7-ab6e-bbb9016f04e7: 62 arrays, 24683.4 MB stored; 276.2 s; peak memory 360 MiB.
2026-10-10T01:22:55Z INFO [617/1000] 59854c3c-d7e7-4023-851c-62dfdc39e0ce: 51 arrays, 0.0 MB stored; 1.5 s; peak memory 360 MiB.
2026-10-10T01:22:56Z INFO [618/1000] 598507b3-ffde-47cd-b5f9-7e042ec9435e: 116 arrays, 187.1 MB stored; 3.4 s; peak memory 360 MiB.
2026-10-10T01:22:57Z INFO [619/1000] 5985ac5c-f4ce-461d-9439-3424d98d3d12: 114 arrays, 0.1 MB stored; 1.6 s; peak memory 360 MiB.
2026-10-10T01:22:58Z INFO [620/1000] 5985d80c-14e0-4784-92ea-dfaa219ca8a9: 58 arrays, 1618.4 MB stored; 2.5 s; peak memory 360 MiB.
2026-10-10T01:22:58Z INFO [621/1000] 59867cfe-b955-442e-bdeb-847ebe8955d9: 79 arrays, 5.8 MB stored; 2.1 s; peak memory 360 MiB.
2026-10-10T01:22:59Z INFO [622/1000] 59868597-13a1-4162-9d94-18a0abd813b5: 112 arrays, 0.7 MB stored; 2.2 s; peak memory 360 MiB.
2026-10-10T01:23:00Z INFO [623/1000] 59874a02-ac65-4131-9320-0a115d60a86a: 118 arrays, 0.2 MB stored; 1.9 s; peak memory 360 MiB.
2026-10-10T01:23:00Z INFO [624/1000] 59877bc5-97b3-42c3-aefb-c58baf1d763a: 48 arrays, 83.9 MB stored; 1.7 s; peak memory 360 MiB.
2026-10-10T01:23:01Z INFO [625/1000] 598843ea-49ad-4f31-863a-4e4e69ad25d7: 112 arrays, 0.6 MB stored; 2.1 s; peak memory 360 MiB.
2026-10-10T01:23:01Z INFO [626/1000] 59890776-04e4-4b68-afcb-6a35a1099460: 35 arrays, 0.0 MB stored; 1.5 s; peak memory 360 MiB.
2026-10-10T01:23:03Z INFO [627/1000] 5989e8d7-dafb-4e4a-86a5-4143c82c721b: 48 arrays, 83.9 MB stored; 1.6 s; peak memory 360 MiB.
2026-10-10T01:23:03Z INFO [628/1000] 5989dcb4-093e-4c24-ac7e-7d331959292c: 112 arrays, 0.3 MB stored; 1.8 s; peak memory 360 MiB.
2026-10-10T01:23:06Z INFO [629/1000] 59892be8-4273-4176-885e-c6e6d4b50ac5: 512 arrays, 5.5 MB stored; 5.7 s; peak memory 360 MiB.
2026-10-10T01:23:06Z INFO [630/1000] 598377fe-103e-4aca-a447-5abcd38cf459: 5681 arrays, 1261.1 MB stored; 20.8 s; peak memory 360 MiB.
2026-10-10T01:23:06Z INFO [631/1000] 598a3e2c-d62f-4b7f-88ff-5a62f7d08945: 104 arrays, 18.8 MB stored; 3.7 s; peak memory 360 MiB.
2026-10-10T01:23:08Z INFO [632/1000] 598af552-8c8f-4a0c-bd83-5da7841be4a3: 119 arrays, 66.3 MB stored; 2.9 s; peak memory 360 MiB.
2026-10-10T01:23:10Z INFO [633/1000] 598b95ac-dc92-4102-8ca6-6feb581a8865: 150 arrays, 370.3 MB stored; 3.7 s; peak memory 360 MiB.
2026-10-10T01:23:10Z INFO [634/1000] 598bc71a-015b-4759-afb5-8bc9706a4d79: 115 arrays, 186.8 MB stored; 3.5 s; peak memory 360 MiB.
2026-10-10T01:23:10Z INFO [635/1000] 598c2347-e8a9-46ca-81dd-84226762fcb2: 55 arrays, 0.0 MB stored; 1.5 s; peak memory 360 MiB.
2026-10-10T01:23:11Z INFO [636/1000] 598e3c64-c452-48a2-a64e-2d8796d5e702: 45 arrays, 0.0 MB stored; 1.7 s; peak memory 360 MiB.
2026-10-10T01:23:12Z INFO [637/1000] 598eee8f-a0b8-4bff-98df-04d47227165f: 117 arrays, 0.3 MB stored; 2.2 s; peak memory 360 MiB.
2026-10-10T01:23:13Z INFO [638/1000] 598f00b2-8a49-4ccd-97dd-ef8beaddcde0: 83 arrays, 0.1 MB stored; 1.5 s; peak memory 360 MiB.
2026-10-10T01:23:14Z INFO [639/1000] 598f27e9-6e53-4f8a-8992-9356dccb866e: 48 arrays, 83.9 MB stored; 1.6 s; peak memory 360 MiB.
2026-10-10T01:23:14Z INFO [640/1000] 598fe618-6fc4-4bab-94ed-2b45493d66b6: 46 arrays, 0.1 MB stored; 1.4 s; peak memory 360 MiB.
2026-10-10T01:23:15Z INFO [641/1000] 598ffdc3-edf3-4de2-9425-419b076491e4: 84 arrays, 0.0 MB stored; 1.7 s; peak memory 360 MiB.
2026-10-10T01:23:17Z INFO [642/1000] 5990386f-ec29-4034-adbe-9e694b2e2def: 71 arrays, 4.5 MB stored; 2.2 s; peak memory 360 MiB.
2026-10-10T01:23:17Z INFO [643/1000] 599085c8-a271-442b-bc6d-c059daa62224: 33 arrays, 0.0 MB stored; 1.4 s; peak memory 360 MiB.
2026-10-10T01:23:17Z INFO [644/1000] 598eb343-ab21-44fa-b933-2c9dbfaf2b1b: 460 arrays, 6.7 MB stored; 7.3 s; peak memory 360 MiB.
2026-10-10T01:23:18Z INFO [645/1000] 5990b098-acc2-407e-a107-331506c62bc4: 42 arrays, 0.6 MB stored; 1.8 s; peak memory 360 MiB.
2026-10-10T01:23:19Z INFO [646/1000] 5991460c-444e-4d0b-a894-5661bbc137af: 110 arrays, 0.9 MB stored; 2.3 s; peak memory 360 MiB.
2026-10-10T01:23:19Z INFO [647/1000] 59916408-c8d8-4d10-8bbc-764c20c842c3: 93 arrays, 21.7 MB stored; 2.2 s; peak memory 360 MiB.
2026-10-10T01:23:21Z INFO [648/1000] 5991f6a9-57df-43ec-ba42-c29aff15d40d: 48 arrays, 83.9 MB stored; 1.8 s; peak memory 360 MiB.
2026-10-10T01:23:21Z INFO [649/1000] 5991dcef-0fb1-4d94-b4a0-b5fd736b3900: 65 arrays, 0.6 MB stored; 2.3 s; peak memory 360 MiB.
2026-10-10T01:23:22Z INFO [650/1000] 5991d875-2d86-44f0-a96b-6901a3517b69: 87 arrays, 15.3 MB stored; 3.5 s; peak memory 360 MiB.
2026-10-10T01:23:23Z INFO [651/1000] 59922702-5ea5-4f2d-8969-ec98244c1f9f: 39 arrays, 4.0 MB stored; 1.6 s; peak memory 360 MiB.
2026-10-10T01:23:23Z INFO [652/1000] 5992298d-8b36-4f90-b690-06feb0b5e5a1: 55 arrays, 0.0 MB stored; 1.5 s; peak memory 360 MiB.
2026-10-10T01:23:23Z INFO [653/1000] 59929fee-1c49-4fe4-a420-ac58f7eb1839: 46 arrays, 0.0 MB stored; 1.4 s; peak memory 360 MiB.
2026-10-10T01:23:25Z INFO [654/1000] 5992f3b6-3b6f-40b0-a4c1-7fa4df9697c4: 71 arrays, 3.9 MB stored; 2.3 s; peak memory 360 MiB.
2026-10-10T01:23:26Z INFO [655/1000] 59934d72-ce8f-4d78-b6ce-a1d6225bd79d: 38 arrays, 25.4 MB stored; 2.9 s; peak memory 360 MiB.
2026-10-10T01:23:27Z INFO [656/1000] 59944fe3-bd5d-4f9a-8407-979c69558759: 110 arrays, 0.6 MB stored; 2.3 s; peak memory 360 MiB.
2026-10-10T01:23:28Z INFO [657/1000] 59945fbe-1db4-4b82-980d-9289b0766a92: 48 arrays, 83.9 MB stored; 1.7 s; peak memory 360 MiB.
2026-10-10T01:23:29Z INFO [658/1000] 59947a91-4b05-42ac-8c4f-7c698e0b1684: 48 arrays, 83.9 MB stored; 1.6 s; peak memory 360 MiB.
2026-10-10T01:23:29Z INFO [659/1000] 59948ebc-7cf3-421c-9223-d0b49607d514: 56 arrays, 0.0 MB stored; 1.4 s; peak memory 360 MiB.
2026-10-10T01:23:31Z INFO [660/1000] 59952f54-97aa-4ee2-8228-6544894a7c18: 48 arrays, 83.9 MB stored; 1.7 s; peak memory 360 MiB.
2026-10-10T01:23:32Z INFO [661/1000] 5993fa63-5422-4a51-9e66-5a3251071f26: 46 arrays, 4213.7 MB stored; 8.5 s; peak memory 360 MiB.
2026-10-10T01:23:33Z INFO [662/1000] 5995bdc4-e229-4b1d-903b-cfc6cc55401a: 48 arrays, 83.9 MB stored; 1.7 s; peak memory 360 MiB.
2026-10-10T01:23:35Z INFO [663/1000] 5996005e-86d6-487b-90d5-ab1846f6d6f6: 112 arrays, 0.2 MB stored; 1.9 s; peak memory 360 MiB.
2026-10-10T01:23:39Z INFO [664/1000] 5995adaf-08d4-449e-a6aa-a7c7e6d122df: 38 arrays, 140.3 MB stored; 8.3 s; peak memory 360 MiB.
2026-10-10T01:23:47Z INFO [665/1000] 59973850-b66e-48dd-a01d-b23e01091add: 223 arrays, 1518.9 MB stored; 7.5 s; peak memory 360 MiB.
2026-10-10T01:23:49Z INFO [666/1000] 59963eae-59d4-4b7a-847a-951102c9965b: 1147 arrays, 39.9 MB stored; 14.1 s; peak memory 360 MiB.
2026-10-10T01:23:51Z INFO [667/1000] 59983fa8-84eb-4a50-a6cc-dcb3c58198f0: 115 arrays, 0.3 MB stored; 1.8 s; peak memory 360 MiB.
2026-10-10T01:23:53Z INFO [668/1000] 599850d9-24ef-417d-853e-073a6ca47d63: 39 arrays, 786.4 MB stored; 1.7 s; peak memory 360 MiB.
2026-10-10T01:23:53Z INFO [669/1000] 5997db5c-68a0-4dbe-91f0-4e7a19b01408: 85 arrays, 11038.1 MB stored; 6.8 s; peak memory 360 MiB.
2026-10-10T01:23:54Z INFO [670/1000] 599854b3-71ea-4108-bebd-3560fe94ab1c: 48 arrays, 83.9 MB stored; 1.6 s; peak memory 360 MiB.
2026-10-10T01:23:55Z INFO [671/1000] 59986a38-ca92-4fb8-a5d1-160ccfc7ec21: 48 arrays, 83.9 MB stored; 1.7 s; peak memory 360 MiB.
2026-10-10T01:23:57Z INFO [672/1000] 5998aad0-b7f2-47cd-a652-3c156396c910: 48 arrays, 83.9 MB stored; 1.6 s; peak memory 360 MiB.
2026-10-10T01:23:57Z INFO [673/1000] 59988495-e884-4db3-81aa-0bad68122cb1: 69 arrays, 39.3 MB stored; 2.3 s; peak memory 360 MiB.
2026-10-10T01:23:58Z INFO [674/1000] 59993431-0d59-4c74-b825-d49316093fae: 39 arrays, 786.4 MB stored; 1.8 s; peak memory 360 MiB.
2026-10-10T01:24:00Z INFO [675/1000] 599a0c34-bb9f-49ec-963b-829cc70e7b0c: 80 arrays, 409.4 MB stored; 3.5 s; peak memory 360 MiB.
2026-10-10T01:24:01Z INFO [676/1000] 599a8a93-0d75-4c32-abc3-97399b05a3f6: 71 arrays, 67.6 MB stored; 2.9 s; peak memory 360 MiB.
2026-10-10T01:24:02Z INFO [677/1000] 599acba2-e605-4c46-8ad7-b3f2e11c24f4: 118 arrays, 0.2 MB stored; 1.8 s; peak memory 360 MiB.
2026-10-10T01:24:04Z INFO [678/1000] 599b7209-f747-43a7-bca4-b80e520aa5d3: 66 arrays, 99.9 MB stored; 2.2 s; peak memory 360 MiB.
2026-10-10T01:24:05Z INFO [679/1000] 599c3cc1-a3a2-4533-976a-5f03a42185bf: 48 arrays, 83.9 MB stored; 1.8 s; peak memory 360 MiB.
2026-10-10T01:24:06Z INFO [680/1000] 599b8726-d614-41ba-97c9-066f4744e313: 123 arrays, 7.6 MB stored; 3.6 s; peak memory 360 MiB.
2026-10-10T01:24:07Z INFO [681/1000] 599c477a-0c0a-472b-a00d-cfe0ee2f96ce: 45 arrays, 0.0 MB stored; 1.3 s; peak memory 360 MiB.
2026-10-10T01:24:09Z INFO [682/1000] 599cd459-8fbf-4592-b546-637fb022efa5: 84 arrays, 2.3 MB stored; 2.0 s; peak memory 360 MiB.
2026-10-10T01:24:10Z INFO [683/1000] 599cda40-1772-4632-98a7-2888e27a83b3: 46 arrays, 12.6 MB stored; 1.7 s; peak memory 360 MiB.
2026-10-10T01:24:15Z INFO [684/1000] 599ccc0a-2015-42ff-b526-f0afece960fc: 196 arrays, 18819.2 MB stored; 9.5 s; peak memory 360 MiB.
2026-10-10T01:24:23Z INFO [685/1000] 599dde74-225b-4457-8275-e8ae15a80f7a: 538 arrays, 7.7 MB stored; 8.1 s; peak memory 360 MiB.
2026-10-10T01:24:50Z INFO [686/1000] 599e1d31-ffe4-4ec9-8c7c-7dbc07c38e7b: 48 arrays, 38054.4 MB stored; 27.0 s; peak memory 360 MiB.
2026-10-10T01:24:52Z INFO [687/1000] 599ecdb6-31e6-4610-95b2-368a4bf4e024: 117 arrays, 0.2 MB stored; 1.8 s; peak memory 360 MiB.
2026-10-10T01:24:54Z INFO [688/1000] 599f08a2-6c22-4199-9860-5d981f32e535: 48 arrays, 83.9 MB stored; 1.7 s; peak memory 360 MiB.
2026-10-10T01:24:56Z INFO [689/1000] 599f0c89-8fed-4ee8-8dab-ca8c73e2addc: 118 arrays, 0.3 MB stored; 1.9 s; peak memory 360 MiB.
2026-10-10T01:24:58Z INFO [690/1000] 599f9357-a5af-42a4-b8c6-dd56020acc90: 117 arrays, 0.4 MB stored; 2.0 s; peak memory 360 MiB.
2026-10-10T01:25:00Z INFO [691/1000] 59a0aa2f-61dd-475d-97e4-3ed185d6c5ad: 59 arrays, 241.5 MB stored; 2.0 s; peak memory 360 MiB.
2026-10-10T01:25:06Z INFO [692/1000] 599d152f-c0ae-4711-bb1d-6e5af94c0191: 52 arrays, 2192.8 MB stored; 55.6 s; peak memory 360 MiB.
2026-10-10T01:25:06Z INFO [693/1000] 59a0b6b1-08ae-4742-8c99-6434c9769a8b: 538 arrays, 7.7 MB stored; 6.5 s; peak memory 360 MiB.
2026-10-10T01:25:08Z INFO [694/1000] 59a25e99-947e-4e44-9841-2321ad1a5755: 48 arrays, 83.9 MB stored; 1.7 s; peak memory 360 MiB.
2026-10-10T01:25:08Z INFO [695/1000] 59a2d50b-6205-4038-9930-74d3e11b04d2: 48 arrays, 83.9 MB stored; 1.7 s; peak memory 360 MiB.
2026-10-10T01:25:10Z INFO [696/1000] 59a2db34-f846-4513-a2cc-08e4e944579b: 112 arrays, 0.5 MB stored; 2.0 s; peak memory 360 MiB.
2026-10-10T01:25:10Z INFO [697/1000] 59a2f1a2-1e3e-4a05-962e-c0ec7bdffbdc: 62 arrays, 2755.6 MB stored; 2.1 s; peak memory 360 MiB.
2026-10-10T01:25:12Z INFO [698/1000] 59a2fabb-d149-4a9e-95ab-bdc6f5ab51c8: 52 arrays, 11.2 MB stored; 1.9 s; peak memory 360 MiB.
2026-10-10T01:25:12Z INFO [699/1000] 59a30f46-dd62-479c-a350-0512321d9ece: 110 arrays, 0.4 MB stored; 2.2 s; peak memory 360 MiB.
2026-10-10T01:25:13Z INFO [700/1000] 59a39e92-ed71-487a-962f-bc25421328df: 56 arrays, 0.0 MB stored; 1.4 s; peak memory 360 MiB.
2026-10-10T01:25:19Z INFO [701/1000] 59a3ed29-8c1f-4b98-848d-16cafa4b8b1b: 530 arrays, 7.4 MB stored; 5.9 s; peak memory 360 MiB.
2026-10-10T01:25:19Z INFO [702/1000] 59a3a7cf-4f40-4a06-92cc-a7a0ceeff430: 661 arrays, 6.4 MB stored; 6.9 s; peak memory 360 MiB.
2026-10-10T01:25:23Z INFO [703/1000] 59a50231-f725-4176-9376-942c85c81fb2: 283 arrays, 7.3 MB stored; 4.4 s; peak memory 360 MiB.
2026-10-10T01:25:25Z INFO [704/1000] 59a50562-f2bd-4f2e-8ea5-eeadaea17fb6: 46 arrays, 0.1 MB stored; 1.5 s; peak memory 360 MiB.
2026-10-10T01:25:26Z INFO [705/1000] 59a54c4c-8f35-4c33-9780-a77f33ca37de: 46 arrays, 0.1 MB stored; 1.5 s; peak memory 360 MiB.
2026-10-10T01:25:28Z INFO [706/1000] 59a59432-6f76-419b-964d-9be954a19c5c: 48 arrays, 83.9 MB stored; 1.6 s; peak memory 360 MiB.
2026-10-10T01:25:30Z INFO [707/1000] 59a65eb4-e348-45c3-b963-c15507e8c51b: 48 arrays, 83.9 MB stored; 1.5 s; peak memory 360 MiB.
2026-10-10T01:25:31Z INFO [708/1000] 59a6b5ba-581a-40d3-abe5-ce124751daf8: 48 arrays, 83.9 MB stored; 1.8 s; peak memory 360 MiB.
2026-10-10T01:25:33Z INFO [709/1000] 59a6bb9e-2700-4930-9dff-c5215d582c20: 52 arrays, 2931.8 MB stored; 1.7 s; peak memory 360 MiB.
2026-10-10T01:25:35Z INFO [710/1000] 59a70523-e2ba-4bdf-a9e4-0881ab3dfe69: 48 arrays, 83.9 MB stored; 1.8 s; peak memory 360 MiB.
2026-10-10T01:25:36Z INFO [711/1000] 59a7679a-1df5-4141-a698-6b3cabbda797: 48 arrays, 83.9 MB stored; 1.7 s; peak memory 360 MiB.
2026-10-10T01:25:56Z INFO [712/1000] 59a7d9a0-5fcd-44b9-a3e7-f927895d0241: 41 arrays, 876.0 MB stored; 19.7 s; peak memory 360 MiB.
2026-10-10T01:25:58Z INFO [713/1000] 59a80452-0e37-4bfa-b756-d32d188fa8d1: 48 arrays, 83.9 MB stored; 1.8 s; peak memory 360 MiB.
2026-10-10T01:26:00Z INFO [714/1000] 59a8d955-46c8-4678-84dd-d39cccd93cb2: 48 arrays, 83.9 MB stored; 1.7 s; peak memory 360 MiB.
2026-10-10T01:26:02Z INFO [715/1000] 59a923e0-353f-4d9c-b7e5-0de8afa20138: 51 arrays, 2968.3 MB stored; 2.0 s; peak memory 360 MiB.
2026-10-10T01:26:04Z INFO [716/1000] 59a92401-ed59-438c-b59c-566a13de2c89: 64 arrays, 24.0 MB stored; 2.4 s; peak memory 360 MiB.
2026-10-10T01:26:16Z INFO [717/1000] 59a9fdee-2533-4569-8243-ddb7c9c2b661: 11477 arrays, 506.7 MB stored; 11.6 s; peak memory 360 MiB.
2026-10-10T01:26:17Z INFO [718/1000] 59aa5b24-c7e3-46a5-8700-0dce4535f53b: 112 arrays, 0.2 MB stored; 1.8 s; peak memory 360 MiB.
2026-10-10T01:26:25Z INFO [719/1000] 59aaf3af-eb09-4217-adec-93aa75c69fd8: 196 arrays, 644.5 MB stored; 7.8 s; peak memory 360 MiB.
2026-10-10T01:26:28Z INFO [720/1000] 59ab2535-10da-44cc-b7d6-f8844df56623: 71 arrays, 78.7 MB stored; 2.5 s; peak memory 360 MiB.
2026-10-10T01:26:30Z INFO [721/1000] 59ab983a-8de1-4722-8172-c17058ec8924: 68 arrays, 0.1 MB stored; 1.9 s; peak memory 360 MiB.
2026-10-10T01:26:31Z INFO [722/1000] 59ac7ee0-b140-4d6a-848a-da9aa8441027: 47 arrays, 4.9 MB stored; 1.6 s; peak memory 360 MiB.
2026-10-10T01:26:34Z INFO [723/1000] 59ac7ef9-c5ef-4ab3-a6fe-30efbebb85b5: 112 arrays, 0.8 MB stored; 2.4 s; peak memory 360 MiB.
2026-10-10T01:26:36Z INFO [724/1000] 59acd902-e0af-4349-bf8b-05f98e230c05: 117 arrays, 0.6 MB stored; 2.2 s; peak memory 360 MiB.
2026-10-10T01:26:38Z INFO [725/1000] 59acdcd2-04c6-43e2-b5d3-5e5ad320d871: 112 arrays, 0.6 MB stored; 2.2 s; peak memory 360 MiB.
2026-10-10T01:26:40Z INFO [726/1000] 59adac14-30f2-4cd8-a3ef-43ce382acf60: 117 arrays, 0.3 MB stored; 2.0 s; peak memory 360 MiB.
2026-10-10T01:26:42Z INFO [727/1000] 59adc048-a4d2-4aad-9977-b176fdf37c0b: 112 arrays, 0.8 MB stored; 2.3 s; peak memory 360 MiB.
2026-10-10T01:26:44Z INFO [728/1000] 59ae29a2-c5e8-4cc9-9edc-bba0c6109472: 117 arrays, 0.4 MB stored; 1.9 s; peak memory 360 MiB.
2026-10-10T01:26:46Z INFO [729/1000] 59aebd83-b949-4cc5-8a19-e6a17c193b14: 48 arrays, 83.9 MB stored; 1.7 s; peak memory 360 MiB.
2026-10-10T01:26:47Z INFO [730/1000] 59aedace-a9c2-489d-bf60-e82786e1a5e5: 45 arrays, 0.0 MB stored; 1.4 s; peak memory 360 MiB.
2026-10-10T01:26:50Z INFO [731/1000] 59aeece8-f42c-46fa-9b73-fae5a16dbe44: 118 arrays, 66.1 MB stored; 2.8 s; peak memory 360 MiB.
2026-10-10T01:26:53Z INFO [732/1000] 59af443b-abcc-49b4-8813-aab331ff24f0: 45 arrays, 641.3 MB stored; 2.5 s; peak memory 360 MiB.
2026-10-10T01:26:54Z INFO [733/1000] 59b073c6-1593-4ad2-b611-d62b3682d0f0: 48 arrays, 83.9 MB stored; 1.7 s; peak memory 360 MiB.
2026-10-10T01:26:59Z INFO [734/1000] 5994e04b-b80c-4e42-bb09-bb83e111af65: 13166 arrays, 953.9 MB stored; 210.5 s; peak memory 360 MiB.
2026-10-10T01:27:01Z INFO [735/1000] 59b0cddb-7793-49ad-a767-4cf7637201a2: 48 arrays, 83.9 MB stored; 1.6 s; peak memory 360 MiB.
2026-10-10T01:27:03Z INFO [736/1000] 59b132f0-2938-4193-bce3-b849f6cd890d: 117 arrays, 0.3 MB stored; 1.8 s; peak memory 360 MiB.
2026-10-10T01:27:05Z INFO [737/1000] 59b17c5b-282d-4abb-a978-e7b5a4425fb4: 39 arrays, 16.4 MB stored; 1.8 s; peak memory 360 MiB.
2026-10-10T01:27:06Z INFO [738/1000] 59b1c1bc-c1e6-4c82-8340-9e9612792ef3: 46 arrays, 0.1 MB stored; 1.4 s; peak memory 360 MiB.
2026-10-10T01:27:07Z INFO [739/1000] 59b0c3b0-0cc3-4c08-97a6-0d65facd0b54: 410 arrays, 191.8 MB stored; 12.6 s; peak memory 360 MiB.
2026-10-10T01:27:08Z INFO [740/1000] 59b1fc97-f54d-42e7-9654-b918c83bc382: 116 arrays, 0.4 MB stored; 1.9 s; peak memory 360 MiB.
2026-10-10T01:27:09Z INFO [741/1000] 59b21ed2-50db-4b7f-a12b-7762d332a975: 48 arrays, 83.9 MB stored; 1.6 s; peak memory 360 MiB.
2026-10-10T01:27:11Z INFO [742/1000] 59b284c9-98ee-485a-8ca6-2e8c7cb67b49: 65 arrays, 38.9 MB stored; 2.0 s; peak memory 360 MiB.
2026-10-10T01:27:11Z INFO [743/1000] 59b25646-c358-4547-852c-8ce73afea299: 119 arrays, 66.5 MB stored; 3.2 s; peak memory 360 MiB.
2026-10-10T01:27:13Z INFO [744/1000] 59b2e603-050c-45c2-8a32-6a1a24fbe11b: 48 arrays, 83.9 MB stored; 1.6 s; peak memory 360 MiB.
2026-10-10T01:27:14Z INFO [745/1000] 59b2b966-090e-40c5-bb81-4a7aa5602605: 123 arrays, 5.2 MB stored; 3.6 s; peak memory 360 MiB.
2026-10-10T01:27:15Z INFO [746/1000] 59b303ff-0f0b-41e9-b530-af6cf66b055e: 60 arrays, 0.8 MB stored; 2.0 s; peak memory 360 MiB.
2026-10-10T01:27:17Z INFO [747/1000] 59b47625-b00c-4814-ab2b-3503d4eb4063: 48 arrays, 83.9 MB stored; 1.7 s; peak memory 360 MiB.
2026-10-10T01:27:18Z INFO [748/1000] 59b4ad18-1ff1-4df5-8934-e5eaad3d62a3: 117 arrays, 0.4 MB stored; 1.9 s; peak memory 360 MiB.
2026-10-10T01:27:21Z INFO [749/1000] 59a40893-068d-410c-a988-c089bcbd4d5e: 55 arrays, 7211.2 MB stored; 121.8 s; peak memory 360 MiB.
2026-10-10T01:27:23Z INFO [750/1000] 59b4c4d1-a155-45e1-af1e-77c21d257b11: 50 arrays, 4274.0 MB stored; 4.5 s; peak memory 360 MiB.
2026-10-10T01:27:25Z INFO [751/1000] 59b589fa-2173-4420-bfeb-43c9f49f69a6: 117 arrays, 253.4 MB stored; 1.8 s; peak memory 360 MiB.
2026-10-10T01:27:27Z INFO [752/1000] 59b7539c-63bc-4a65-865c-48935f3f44e5: 110 arrays, 0.7 MB stored; 2.3 s; peak memory 360 MiB.
2026-10-10T01:27:28Z INFO [753/1000] 59b4f6b9-6665-4666-8599-40f6da0bfe1d: 359 arrays, 12.4 MB stored; 7.3 s; peak memory 360 MiB.
2026-10-10T01:27:30Z INFO [754/1000] 59b7dd8c-49fc-4de6-ab07-09c73b50be1e: 117 arrays, 0.4 MB stored; 1.9 s; peak memory 360 MiB.
2026-10-10T01:27:42Z INFO [755/1000] 59b89153-0226-4512-8086-4b98c1586108: 107 arrays, 75.3 MB stored; 12.4 s; peak memory 360 MiB.
2026-10-10T01:27:44Z INFO [756/1000] 59b8a858-13b6-4d1d-9027-1e36b154a644: 48 arrays, 83.9 MB stored; 1.8 s; peak memory 360 MiB.
2026-10-10T01:27:46Z INFO [757/1000] 59b9246a-3dfb-4993-97a2-317a1c0cd2ca: 117 arrays, 0.5 MB stored; 1.9 s; peak memory 360 MiB.
2026-10-10T01:27:48Z INFO [758/1000] 59b9e48b-0b0a-4ddf-8af1-53aaedc2be5b: 69 arrays, 72.2 MB stored; 2.0 s; peak memory 360 MiB.
2026-10-10T01:28:03Z INFO [759/1000] 59baa33e-b101-47fd-8cba-b9e0755f0ad7: 789 arrays, 21.3 MB stored; 15.2 s; peak memory 360 MiB.
2026-10-10T01:28:05Z INFO [760/1000] 59bac65d-fbd1-42b8-aafd-2df1e1115059: 48 arrays, 83.9 MB stored; 1.7 s; peak memory 360 MiB.
2026-10-10T01:28:07Z INFO [761/1000] 59bb0920-3f77-46d8-96f3-d991512b2812: 84 arrays, 0.1 MB stored; 1.7 s; peak memory 360 MiB.
2026-10-10T01:28:09Z INFO [762/1000] 59bb60a3-4d7f-4f3f-b97c-183e486c8097: 78 arrays, 0.0 MB stored; 1.9 s; peak memory 360 MiB.
2026-10-10T01:28:10Z INFO [763/1000] 59bba910-14f0-40d8-b2fb-1579dbabd8ff: 48 arrays, 83.9 MB stored; 1.8 s; peak memory 360 MiB.
2026-10-10T01:28:19Z INFO [764/1000] 59bc5afe-173c-48a0-938b-54b41f68ef3c: 538 arrays, 8.5 MB stored; 8.3 s; peak memory 360 MiB.
2026-10-10T01:28:22Z INFO [765/1000] 59bd1534-5aad-4ad7-9f85-41fe79ee0cbd: 126 arrays, 1.6 MB stored; 3.3 s; peak memory 360 MiB.
2026-10-10T01:28:24Z INFO [766/1000] 59bd5d21-d2c9-42ae-8b74-e95941e41572: 109 arrays, 0.5 MB stored; 2.1 s; peak memory 360 MiB.
2026-10-10T01:28:30Z INFO [767/1000] 59bdc9d1-7800-4330-b915-234cbff4df43: 225 arrays, 234.4 MB stored; 6.0 s; peak memory 360 MiB.
2026-10-10T01:28:49Z INFO [768/1000] 59be38c1-f1d5-4944-9b2e-1682c4594a53: 363 arrays, 1779.2 MB stored; 18.6 s; peak memory 360 MiB.
2026-10-10T01:28:50Z INFO [769/1000] 59be5f5f-2edb-4638-bf67-7ace928ed006: 46 arrays, 0.0 MB stored; 1.5 s; peak memory 360 MiB.
2026-10-10T01:28:53Z INFO [770/1000] 59be6166-4c93-4efc-8ec1-5a42544e7f29: 69 arrays, 49.6 MB stored; 2.6 s; peak memory 360 MiB.
2026-10-10T01:28:55Z INFO [771/1000] 59beae01-8c63-4353-a90b-e97078f0ecde: 143 arrays, 0.7 MB stored; 2.9 s; peak memory 360 MiB.
2026-10-10T01:28:58Z INFO [772/1000] 59bf4d91-b398-4678-8138-22aa5951afdc: 118 arrays, 66.2 MB stored; 2.8 s; peak memory 360 MiB.
2026-10-10T01:29:00Z INFO [773/1000] 59bfa615-f7a4-4fd5-912c-3c53da710df2: 48 arrays, 83.9 MB stored; 1.8 s; peak memory 360 MiB.
2026-10-10T01:29:34Z INFO [774/1000] 59c00717-ffc7-4ca7-ab70-4e1c8572be39: 36 arrays, 1043.3 MB stored; 34.3 s; peak memory 360 MiB.
2026-10-10T01:29:36Z INFO [775/1000] 59c0293c-2e4d-491f-aed2-c67ce9706c78: 48 arrays, 83.9 MB stored; 1.6 s; peak memory 360 MiB.
2026-10-10T01:29:39Z INFO [776/1000] 59c03790-a180-4812-a1ba-898d6ee4fb44: 115 arrays, 190.2 MB stored; 3.5 s; peak memory 360 MiB.
2026-10-10T01:29:41Z INFO [777/1000] 59c0412b-bf62-4e6b-aad4-460e62ead209: 116 arrays, 0.4 MB stored; 1.8 s; peak memory 360 MiB.
2026-10-10T01:29:43Z INFO [778/1000] 59c0b092-eba2-440f-8f42-c22bbe22888f: 48 arrays, 83.9 MB stored; 1.7 s; peak memory 360 MiB.
2026-10-10T01:29:45Z INFO [779/1000] 59c134b5-2349-4e0d-9a70-846368b48a1e: 48 arrays, 83.9 MB stored; 1.7 s; peak memory 360 MiB.
2026-10-10T01:29:46Z INFO [780/1000] 59c190a1-2e17-420d-a3f0-eb78a8497500: 48 arrays, 83.9 MB stored; 1.7 s; peak memory 360 MiB.
2026-10-10T01:29:48Z INFO [781/1000] 59c218e7-f87a-4ff6-8603-38fe1f82121f: 59 arrays, 351.9 MB stored; 1.9 s; peak memory 360 MiB.
2026-10-10T01:29:50Z INFO [782/1000] 59c2554d-37bb-4e93-82c7-893453717447: 33 arrays, 0.0 MB stored; 1.4 s; peak memory 360 MiB.
2026-10-10T01:29:51Z INFO [783/1000] 59c26a00-1a54-449c-9d94-0b6e6fa97a97: 48 arrays, 83.9 MB stored; 1.7 s; peak memory 360 MiB.
2026-10-10T01:29:53Z INFO [784/1000] 59c2a1bf-5a83-4134-9540-b53f80f32145: 57 arrays, 0.0 MB stored; 1.4 s; peak memory 360 MiB.
2026-10-10T01:30:04Z INFO [785/1000] 59b79daf-45c7-4155-af07-92422440f0f4: 13060 arrays, 227.8 MB stored; 156.6 s; peak memory 360 MiB.
2026-10-10T01:30:06Z INFO [786/1000] 59c2f9a1-e8c6-4b4f-a7b9-2254aaefbe99: 71 arrays, 4.0 MB stored; 2.7 s; peak memory 360 MiB.
2026-10-10T01:30:08Z INFO [787/1000] 59c37283-d4b3-4c04-bea4-cd9403c48d00: 140 arrays, 0.2 MB stored; 1.8 s; peak memory 360 MiB.
2026-10-10T01:30:11Z INFO [788/1000] 59c38701-35ab-439b-a1da-0148569a92d4: 71 arrays, 44.3 MB stored; 2.4 s; peak memory 360 MiB.
2026-10-10T01:30:11Z INFO [789/1000] 59c2aeae-da18-49ab-9b47-190d588b0e47: 824 arrays, 25.1 MB stored; 18.3 s; peak memory 360 MiB.
2026-10-10T01:30:12Z INFO [790/1000] 59c40621-a0f7-4c0d-acd6-f6ad7a0c36b1: 48 arrays, 83.9 MB stored; 1.8 s; peak memory 360 MiB.
2026-10-10T01:30:13Z INFO [791/1000] 59c492e0-e95e-4aeb-a911-fea6e54911da: 48 arrays, 83.9 MB stored; 1.7 s; peak memory 360 MiB.
2026-10-10T01:30:16Z INFO [792/1000] 59c5b045-3def-468c-a175-2498e301d5ab: 115 arrays, 190.1 MB stored; 3.3 s; peak memory 360 MiB.
2026-10-10T01:30:17Z INFO [793/1000] 59c5d747-0070-4998-ad91-b2712a7d699b: 44 arrays, 0.1 MB stored; 1.5 s; peak memory 360 MiB.
2026-10-10T01:30:22Z INFO [794/1000] 59c54833-1393-46b7-a62c-e947b9d304ab: 294 arrays, 40.8 MB stored; 10.0 s; peak memory 360 MiB.
2026-10-10T01:30:26Z INFO [795/1000] 59c6c768-e207-48db-96ba-f6b9413cb95d: 115 arrays, 190.1 MB stored; 3.6 s; peak memory 360 MiB.
2026-10-10T01:30:28Z INFO [796/1000] 59c7b3a1-04a7-49de-8ba3-b1daea15caa9: 116 arrays, 0.2 MB stored; 2.0 s; peak memory 360 MiB.
2026-10-10T01:30:29Z INFO [797/1000] 59c806b4-a6bc-4fb3-8f04-5cc49b374051: 35 arrays, 0.0 MB stored; 1.4 s; peak memory 360 MiB.
2026-10-10T01:30:31Z INFO [798/1000] 59c819ce-a874-440e-86f0-21588ae16886: 45 arrays, 0.0 MB stored; 1.4 s; peak memory 360 MiB.
2026-10-10T01:30:34Z INFO [799/1000] 59c8354e-24e8-4144-a84f-c7559e404d30: 184 arrays, 11.9 MB stored; 3.1 s; peak memory 360 MiB.
2026-10-10T01:30:43Z INFO [800/1000] 59c85599-1121-4135-ae74-e14bc0e4eadf: 38 arrays, 163.4 MB stored; 9.0 s; peak memory 360 MiB.
2026-10-10T01:30:44Z INFO [800/1000] 59c85599-1121-4135-ae74-e14bc0e4eadf: checkpointed 800 new records.
2026-10-10T01:30:45Z INFO [801/1000] 59c875c7-6a14-45a7-98b3-785e1b22471d: 68 arrays, 0.2 MB stored; 1.9 s; peak memory 368 MiB.
2026-10-10T01:30:47Z INFO [802/1000] 59c9428f-58fb-4781-b978-3b21f3edbe21: 117 arrays, 0.4 MB stored; 2.0 s; peak memory 368 MiB.
2026-10-10T01:30:48Z INFO [803/1000] 59c96d1c-f22e-4a96-82ac-6c20fe6708ae: 48 arrays, 83.9 MB stored; 1.6 s; peak memory 368 MiB.
2026-10-10T01:30:51Z INFO [804/1000] 59c98e27-3d5a-41f8-a0ef-31c473ca016a: 113 arrays, 4.3 MB stored; 3.1 s; peak memory 368 MiB.
2026-10-10T01:30:53Z INFO [805/1000] 59c98e2a-3dd4-4b04-b903-d68a35dbcc1f: 46 arrays, 0.1 MB stored; 1.4 s; peak memory 368 MiB.
2026-10-10T01:30:55Z INFO [806/1000] 59c9976a-a888-4cbf-9f91-8516a1e28500: 66 arrays, 41.8 MB stored; 2.2 s; peak memory 368 MiB.
2026-10-10T01:30:57Z INFO [807/1000] 59c9acd4-8359-4d1d-8357-613f0ceb41b1: 112 arrays, 0.4 MB stored; 2.1 s; peak memory 368 MiB.
2026-10-10T01:31:01Z INFO [808/1000] 59c9b857-21c2-4342-a168-39006e907533: 101 arrays, 44820.4 MB stored; 3.7 s; peak memory 368 MiB.
2026-10-10T01:31:03Z INFO [809/1000] 59b39d69-2477-4e45-89ec-ec81410381e6: 99 arrays, 2696.3 MB stored; 229.0 s; peak memory 368 MiB.
2026-10-10T01:31:05Z INFO [810/1000] 59ca48fa-3c3a-438b-8b3a-87ecf0f7757b: 56 arrays, 3.8 MB stored; 1.5 s; peak memory 368 MiB.
2026-10-10T01:31:05Z INFO [811/1000] 59c9f019-8c0b-4e8d-8f83-66f5fe10bfcf: 92 arrays, 413.0 MB stored; 4.6 s; peak memory 368 MiB.
2026-10-10T01:31:07Z INFO [812/1000] 59cad54b-b526-40f5-95c7-f4009143da16: 117 arrays, 0.3 MB stored; 1.9 s; peak memory 368 MiB.
2026-10-10T01:31:09Z INFO [813/1000] 59cc12f2-87a4-41bb-b5ff-ba280b764fc3: 97 arrays, 11.9 MB stored; 2.3 s; peak memory 368 MiB.
2026-10-10T01:31:11Z INFO [814/1000] 59cc2456-2f56-4f75-9fe7-e1aa868a3ec7: 110 arrays, 0.7 MB stored; 2.3 s; peak memory 368 MiB.
2026-10-10T01:31:14Z INFO [815/1000] 59c5edc8-4515-41ac-bdc1-993f32209b29: 4064 arrays, 344.0 MB stored; 57.0 s; peak memory 368 MiB.
2026-10-10T01:31:22Z INFO [816/1000] 59cc555c-cb18-435d-9e7a-0f1532901d68: 795 arrays, 21.0 MB stored; 10.7 s; peak memory 368 MiB.
2026-10-10T01:31:26Z INFO [817/1000] 59ce0dfd-20f9-4f9a-9186-d7f9461064ab: 116 arrays, 187.1 MB stored; 4.0 s; peak memory 368 MiB.
2026-10-10T01:31:27Z INFO [818/1000] 59ccce03-5c25-499d-9c34-cfcae024ff15: 44 arrays, 190.5 MB stored; 12.1 s; peak memory 368 MiB.
2026-10-10T01:31:28Z INFO [819/1000] 59ce8c58-29cb-4099-a77f-d12c2f9b74eb: 84 arrays, 0.1 MB stored; 1.7 s; peak memory 368 MiB.
2026-10-10T01:31:29Z INFO [820/1000] 59cedc70-f28a-4a82-8296-35395e8ceca7: 48 arrays, 83.9 MB stored; 1.7 s; peak memory 368 MiB.
2026-10-10T01:31:41Z INFO [821/1000] 59ceefcb-edd1-4ab6-95e5-4a20b6455190: 49 arrays, 7966.9 MB stored; 11.7 s; peak memory 368 MiB.
2026-10-10T01:31:43Z INFO [822/1000] 59cf57ea-4d1e-4129-a77e-bbbb8f441420: 48 arrays, 83.9 MB stored; 1.7 s; peak memory 368 MiB.
2026-10-10T01:31:44Z INFO [823/1000] 59ce977a-2297-48cb-b012-92e13f3449c1: 1574 arrays, 33.7 MB stored; 17.6 s; peak memory 368 MiB.
2026-10-10T01:31:45Z INFO [824/1000] 59cf6ccf-f09a-41f0-a303-0cba4574a0de: 39 arrays, 37.9 MB stored; 1.9 s; peak memory 368 MiB.
2026-10-10T01:31:48Z INFO [825/1000] 59cfa8a4-3630-4a3f-a84f-977dfbef2ef2: 131 arrays, 47325.0 MB stored; 2.9 s; peak memory 368 MiB.
2026-10-10T01:31:55Z INFO [826/1000] 59d0612b-e100-4186-9722-3d4ca73a78c3: 229 arrays, 895.9 MB stored; 7.2 s; peak memory 368 MiB.
2026-10-10T01:31:57Z INFO [827/1000] 59d155dc-0837-4287-87fb-7ac97e3bb0dc: 69 arrays, 1.7 MB stored; 2.2 s; peak memory 368 MiB.
2026-10-10T01:31:59Z INFO [828/1000] 59d184cf-e719-474c-ae7e-5ac258be964e: 112 arrays, 0.4 MB stored; 2.2 s; peak memory 368 MiB.
2026-10-10T01:32:01Z INFO [829/1000] 59d1cdf0-9074-4afa-be49-7a576384c9d5: 117 arrays, 0.5 MB stored; 2.1 s; peak memory 368 MiB.
2026-10-10T01:32:03Z INFO [830/1000] 59d1e00e-cff7-4485-b45d-aa6d75e03cf4: 48 arrays, 83.9 MB stored; 1.7 s; peak memory 368 MiB.
2026-10-10T01:32:04Z INFO [831/1000] 59d1ef82-139e-42ca-af92-343fa0402767: 51 arrays, 0.0 MB stored; 1.4 s; peak memory 368 MiB.
2026-10-10T01:32:07Z INFO [832/1000] 59d26213-68af-4361-b3e3-2690f74021ee: 71 arrays, 72.0 MB stored; 2.4 s; peak memory 368 MiB.
2026-10-10T01:32:10Z INFO [833/1000] 59d2736a-c825-44ea-9272-5ef7f220d481: 38 arrays, 36.3 MB stored; 3.2 s; peak memory 368 MiB.
2026-10-10T01:32:12Z INFO [834/1000] 59d2fb65-4744-420f-a165-00cc9689a28a: 62 arrays, 2846.3 MB stored; 2.2 s; peak memory 368 MiB.
2026-10-10T01:32:14Z INFO [835/1000] 59d42e1d-6d2b-4aff-8570-afebe4958823: 48 arrays, 83.9 MB stored; 1.6 s; peak memory 368 MiB.
2026-10-10T01:32:16Z INFO [836/1000] 59d50b39-b780-46a6-bf80-0f18ce149dd0: 33 arrays, 527.2 MB stored; 1.9 s; peak memory 368 MiB.
2026-10-10T01:32:17Z INFO [837/1000] 59d554d7-10c2-480b-ad43-9b411c29b96d: 48 arrays, 83.9 MB stored; 1.6 s; peak memory 368 MiB.
2026-10-10T01:32:20Z INFO [838/1000] 59d5a321-cf62-45f4-8a52-8a786f296f98: 92 arrays, 0.7 MB stored; 2.2 s; peak memory 368 MiB.
2026-10-10T01:32:22Z INFO [839/1000] 59d5c212-96c6-411b-945f-eae29e4c2147: 53 arrays, 642.1 MB stored; 2.4 s; peak memory 368 MiB.
2026-10-10T01:32:32Z INFO [840/1000] 59d5d9d6-4769-4af9-8b19-04528bc15a6b: 440 arrays, 35.2 MB stored; 10.5 s; peak memory 368 MiB.
2026-10-10T01:32:35Z INFO [841/1000] 59d66dee-f7ce-42bd-bf2c-fb8c403c5bb7: 70 arrays, 28.0 MB stored; 2.4 s; peak memory 368 MiB.
2026-10-10T01:32:37Z INFO [842/1000] 59d6f64c-f091-426a-a123-9cb8feea0806: 46 arrays, 3180.9 MB stored; 1.8 s; peak memory 368 MiB.
2026-10-10T01:32:41Z INFO [843/1000] 59d712a4-a514-4e7b-8606-63cea8e9d9a6: 156 arrays, 193.5 MB stored; 4.8 s; peak memory 368 MiB.
2026-10-10T01:32:43Z INFO [844/1000] 59d756fc-e2b2-458b-9d31-418b64433778: 116 arrays, 0.4 MB stored; 2.0 s; peak memory 368 MiB.
2026-10-10T01:32:45Z INFO [845/1000] 59d75b28-16cf-4f34-b23d-502ac3c39e62: 118 arrays, 0.4 MB stored; 1.9 s; peak memory 368 MiB.
2026-10-10T01:32:47Z INFO [846/1000] 59d78b02-8020-4c5c-a20c-5d713000b3dc: 63 arrays, 0.1 MB stored; 1.5 s; peak memory 368 MiB.
2026-10-10T01:32:51Z INFO [847/1000] 59d7ac72-c7df-41a6-9148-bc55ce2516b9: 88 arrays, 4899.8 MB stored; 4.4 s; peak memory 368 MiB.
2026-10-10T01:32:53Z INFO [848/1000] 59d86068-e98e-4b02-a9b8-0b0695ef2f15: 117 arrays, 0.3 MB stored; 1.9 s; peak memory 368 MiB.
2026-10-10T01:32:56Z INFO [849/1000] 59d8bbed-db12-4aa9-a580-d930beb9b74e: 70 arrays, 41.3 MB stored; 2.4 s; peak memory 368 MiB.
2026-10-10T01:33:05Z INFO [850/1000] 59d9303e-45b4-473e-a59e-025edec3802c: 630 arrays, 23.8 MB stored; 9.6 s; peak memory 368 MiB.
2026-10-10T01:33:07Z INFO [851/1000] 59d98a7a-e898-4039-990f-ba528cbd5a67: 112 arrays, 0.5 MB stored; 2.1 s; peak memory 368 MiB.
2026-10-10T01:33:09Z INFO [852/1000] 59d99dcc-7928-4af5-bc6b-b3682c974dc8: 117 arrays, 0.4 MB stored; 2.1 s; peak memory 368 MiB.
2026-10-10T01:33:11Z INFO [853/1000] 59d9a4fa-b14e-4f89-b7f7-14002f7bf11d: 56 arrays, 0.0 MB stored; 1.5 s; peak memory 368 MiB.
2026-10-10T01:33:12Z INFO [854/1000] 59d9c01c-619d-4730-913c-e74113c5ed95: 49 arrays, 7.1 MB stored; 1.6 s; peak memory 368 MiB.
2026-10-10T01:33:14Z INFO [855/1000] 59cf93f8-f3e1-4a28-8755-0fef133c1caf: 58 arrays, 6558.2 MB stored; 89.5 s; peak memory 368 MiB.
2026-10-10T01:33:14Z INFO [856/1000] 59d9d76a-4bee-4113-8109-c32004fb54bc: 48 arrays, 83.9 MB stored; 1.7 s; peak memory 368 MiB.
2026-10-10T01:33:14Z WARNING 58fa5deb-ece3-4873-a900-41e49f3989fb: failed while reading the NWB file (TimeoutError: exceeded 1200 s)
2026-10-10T01:33:14Z WARNING [857/1000] 58fa5deb-ece3-4873-a900-41e49f3989fb: recorded the failure; a later run retries it.
2026-10-10T01:33:16Z INFO [858/1000] 59da5c94-eff2-45d1-b4fd-8894178f2bf2: 69 arrays, 1.5 MB stored; 2.3 s; peak memory 368 MiB.
2026-10-10T01:33:16Z INFO [859/1000] 59da8957-536c-4626-8c0c-f9cd66d17798: 118 arrays, 0.2 MB stored; 2.1 s; peak memory 368 MiB.
2026-10-10T01:33:18Z INFO [860/1000] 59da9f7d-316d-4e14-b9b5-0ce918f7c3f6: 48 arrays, 83.9 MB stored; 1.7 s; peak memory 368 MiB.
2026-10-10T01:33:20Z INFO [861/1000] 59dcaff5-4b83-4990-97fa-5d7094743f4c: 112 arrays, 0.7 MB stored; 2.1 s; peak memory 368 MiB.
2026-10-10T01:33:23Z INFO [862/1000] 59dc55b8-193d-4ad3-9cff-1d9133bad8db: 229 arrays, 261.5 MB stored; 6.1 s; peak memory 368 MiB.
2026-10-10T01:33:26Z INFO [863/1000] 59dd0c72-efba-4b86-b828-9b0c8876f932: 609 arrays, 6.6 MB stored; 6.4 s; peak memory 368 MiB.
2026-10-10T01:33:30Z INFO [864/1000] 59deaee4-d199-4b58-bbac-12f471e66441: 196 arrays, 583.0 MB stored; 7.7 s; peak memory 368 MiB.
2026-10-10T01:33:34Z INFO [865/1000] 59df6b39-e6c1-40f9-8049-59e13c8bb896: 114 arrays, 186.8 MB stored; 3.5 s; peak memory 368 MiB.
2026-10-10T01:33:35Z INFO [866/1000] 59da6ab2-056e-4d5b-a153-70cf98860e4d: 428 arrays, 1639.9 MB stored; 20.8 s; peak memory 368 MiB.
2026-10-10T01:33:36Z INFO [867/1000] 59e01519-72df-4dcb-b882-c6a0b675fcf3: 57 arrays, 0.0 MB stored; 1.4 s; peak memory 368 MiB.
2026-10-10T01:33:40Z INFO [868/1000] 59dfed76-7e52-4ed7-a861-683c1b043901: 55 arrays, 179.2 MB stored; 5.7 s; peak memory 368 MiB.
2026-10-10T01:33:43Z INFO [869/1000] 59e0ae59-2749-4222-8b7a-61414150fae8: 119 arrays, 66.4 MB stored; 3.3 s; peak memory 368 MiB.
2026-10-10T01:33:43Z INFO [870/1000] 59e06e10-6c62-4340-9dab-4a29f96c7932: 170 arrays, 515.7 MB stored; 6.6 s; peak memory 368 MiB.
2026-10-10T01:33:45Z INFO [871/1000] 59e16722-cd2e-4c35-87b9-27841357b7eb: 117 arrays, 0.2 MB stored; 1.8 s; peak memory 368 MiB.
2026-10-10T01:33:46Z INFO [872/1000] 59cb8f6e-3df3-4d5e-afb9-8b75d21986ba: 198 arrays, 7868.6 MB stored; 160.8 s; peak memory 368 MiB.
2026-10-10T01:33:47Z INFO [873/1000] 59e2ac94-2c34-42f2-8581-ab993e70bef0: 112 arrays, 0.3 MB stored; 2.0 s; peak memory 368 MiB.
2026-10-10T01:33:47Z INFO [874/1000] 59e1f096-8186-4aa3-9f56-b44acdbbf6d3: 156 arrays, 193.5 MB stored; 4.2 s; peak memory 368 MiB.
2026-10-10T01:33:48Z INFO [875/1000] 59e2c352-1488-43fe-a8e9-64a08e440d92: 48 arrays, 83.9 MB stored; 1.8 s; peak memory 368 MiB.
2026-10-10T01:33:50Z INFO [876/1000] 59e4e45a-190c-4edf-8a6b-7be12c73a2a4: 48 arrays, 83.9 MB stored; 1.7 s; peak memory 368 MiB.
2026-10-10T01:33:53Z INFO [877/1000] 59e30edb-9805-47b6-ab29-2ef560fa1ad2: 223 arrays, 683.3 MB stored; 6.6 s; peak memory 368 MiB.
2026-10-10T01:33:53Z INFO [878/1000] 59e56e3a-d1a6-4429-81b8-070fc19a5214: 115 arrays, 190.1 MB stored; 3.5 s; peak memory 368 MiB.
2026-10-10T01:33:55Z INFO [879/1000] 59e6b176-fae8-4577-a5a4-34e6d5d3f9ea: 53 arrays, 0.0 MB stored; 1.5 s; peak memory 368 MiB.
2026-10-10T01:33:55Z INFO [880/1000] 59e61892-959d-49bb-9ba9-1e97cbbdda2e: 69 arrays, 2.9 MB stored; 2.3 s; peak memory 368 MiB.
2026-10-10T01:33:57Z INFO [881/1000] 59e73d73-1a00-417b-9ae3-be78eb45acf2: 48 arrays, 83.9 MB stored; 1.6 s; peak memory 368 MiB.
2026-10-10T01:33:58Z INFO [882/1000] 59e6e273-6641-4a3e-860c-5e11dffab127: 115 arrays, 190.1 MB stored; 3.3 s; peak memory 368 MiB.
2026-10-10T01:34:00Z INFO [883/1000] 59e7e668-f48e-40c4-8ee3-d6039bc06055: 48 arrays, 83.9 MB stored; 1.7 s; peak memory 368 MiB.
2026-10-10T01:34:05Z INFO [884/1000] 59e78f9e-e415-4009-86fe-86509e32b47b: 694 arrays, 7.9 MB stored; 7.4 s; peak memory 368 MiB.
2026-10-10T01:34:07Z INFO [885/1000] 59e84ff9-80cb-432e-9ec2-cb73c5695537: 66 arrays, 18.1 MB stored; 2.0 s; peak memory 368 MiB.
2026-10-10T01:34:24Z INFO [886/1000] 59e86d10-7dc8-4486-9748-0354e85a6f08: 3043 arrays, 26.6 MB stored; 17.6 s; peak memory 368 MiB.
2026-10-10T01:34:26Z INFO [887/1000] 59e91e8b-1fdb-4e5f-a9b0-0933a22e7f81: 116 arrays, 0.5 MB stored; 2.1 s; peak memory 368 MiB.
2026-10-10T01:34:28Z INFO [888/1000] 59ea2c08-0716-4780-9156-a336ad79b147: 55 arrays, 0.0 MB stored; 1.4 s; peak memory 368 MiB.
2026-10-10T01:34:30Z INFO [889/1000] 59eadecf-d3a6-4aff-b8f5-e8e0de0896ba: 117 arrays, 0.3 MB stored; 1.9 s; peak memory 368 MiB.
2026-10-10T01:34:31Z INFO [890/1000] 59eb68ea-22a8-4dd1-8e29-ab98b2b16388: 48 arrays, 83.9 MB stored; 1.6 s; peak memory 368 MiB.
2026-10-10T01:34:36Z INFO [891/1000] 59ebd367-9eb4-4a22-856e-442894c2b099: 283 arrays, 863.2 MB stored; 5.0 s; peak memory 368 MiB.
2026-10-10T01:34:44Z WARNING 590ec528-9a9a-4de3-9844-6dc36bf3c44b: failed while reading the NWB file (TimeoutError: exceeded 1200 s)
2026-10-10T01:34:44Z WARNING [892/1000] 590ec528-9a9a-4de3-9844-6dc36bf3c44b: recorded the failure; a later run retries it.
2026-10-10T01:34:45Z INFO [893/1000] 59ebf9b7-bb77-4725-8f15-908dc4705a72: 794 arrays, 10.2 MB stored; 8.4 s; peak memory 368 MiB.
2026-10-10T01:34:46Z INFO [894/1000] 59ebfe05-706b-42ec-a679-ab8bab1aedce: 132 arrays, 1.5 MB stored; 2.0 s; peak memory 368 MiB.
2026-10-10T01:34:46Z INFO [895/1000] 59ec3f2a-0074-4ddc-82ab-fffa722c73a6: 48 arrays, 83.9 MB stored; 1.6 s; peak memory 368 MiB.
2026-10-10T01:34:48Z INFO [896/1000] 59ec859b-d217-40de-8a92-b81087e981cc: 111 arrays, 0.6 MB stored; 2.2 s; peak memory 368 MiB.
2026-10-10T01:34:51Z INFO [897/1000] 59ec9a43-704f-4d1c-ac3e-21032b935f0b: 71 arrays, 66.2 MB stored; 2.4 s; peak memory 368 MiB.
2026-10-10T01:34:53Z INFO [898/1000] 59ecb230-e7a6-46c1-97c9-b40fa1e6648f: 112 arrays, 0.4 MB stored; 2.1 s; peak memory 368 MiB.
2026-10-10T01:34:54Z INFO [899/1000] 59e7f0f0-739c-4caf-aa01-a0fdb7a90b42: 52 arrays, 2422.5 MB stored; 54.2 s; peak memory 368 MiB.
2026-10-10T01:34:55Z INFO [900/1000] 59ee347b-8fa3-447b-aa33-a05dff299876: 48 arrays, 83.9 MB stored; 1.6 s; peak memory 368 MiB.
2026-10-10T01:34:56Z INFO [901/1000] 59eef640-53f0-4e63-a7a0-1bc400c9c242: 52 arrays, 14.6 MB stored; 1.9 s; peak memory 368 MiB.
2026-10-10T01:34:59Z INFO [902/1000] 59ef64ea-7434-4970-bfde-9b6997510dab: 156 arrays, 193.5 MB stored; 4.2 s; peak memory 368 MiB.
2026-10-10T01:35:00Z INFO [903/1000] 59efeba9-9739-42d3-b974-f1a8c457a6cb: 156 arrays, 193.5 MB stored; 4.2 s; peak memory 368 MiB.
2026-10-10T01:35:01Z INFO [904/1000] 59f006db-0d09-400e-b595-ff0c5c56682d: 64 arrays, 50.0 MB stored; 2.3 s; peak memory 368 MiB.
2026-10-10T01:35:02Z INFO [905/1000] 59f0638a-0ca6-492d-83d1-c51c0aa32e02: 66 arrays, 18.5 MB stored; 2.1 s; peak memory 368 MiB.
2026-10-10T01:35:03Z INFO [906/1000] 59f0b527-78e1-4972-a764-470ece6a2f36: 48 arrays, 83.9 MB stored; 1.8 s; peak memory 368 MiB.
2026-10-10T01:35:06Z INFO [907/1000] 59f1a97e-c939-4015-9c61-96d3260b0ed5: 39 arrays, 11907.0 MB stored; 3.5 s; peak memory 368 MiB.
2026-10-10T01:35:07Z INFO [908/1000] 59f1dda2-b62c-4cf7-b497-3027f005ae32: 114 arrays, 186.8 MB stored; 4.0 s; peak memory 368 MiB.
2026-10-10T01:35:08Z INFO [909/1000] 59f20a69-dfd2-4d12-8789-be01a7e5c184: 77 arrays, 0.1 MB stored; 1.8 s; peak memory 368 MiB.
2026-10-10T01:35:08Z INFO [910/1000] 59f2132b-df7e-4e04-a51f-a61af9bea16b: 59 arrays, 0.4 MB stored; 1.7 s; peak memory 368 MiB.
2026-10-10T01:35:09Z INFO [911/1000] 59f2873b-c1c2-4009-8310-f73e014eb48e: 46 arrays, 24.4 MB stored; 1.6 s; peak memory 368 MiB.
2026-10-10T01:35:10Z INFO [912/1000] 59f2a988-73d8-4e5c-8be8-fd667fc26dde: 48 arrays, 83.9 MB stored; 1.6 s; peak memory 368 MiB.
2026-10-10T01:35:12Z INFO [913/1000] 59f2c5e7-3a9d-4ab7-ac46-7c3774c1dd2d: 74 arrays, 35.4 MB stored; 2.6 s; peak memory 368 MiB.
2026-10-10T01:35:12Z INFO [914/1000] 59f379a2-74f5-4473-8668-673a47ac3d08: 118 arrays, 0.4 MB stored; 1.9 s; peak memory 368 MiB.
2026-10-10T01:35:13Z INFO [915/1000] 59ec7c47-4190-49ed-b31c-1afa48ad6356: 48 arrays, 41564.3 MB stored; 27.0 s; peak memory 368 MiB.
2026-10-10T01:35:14Z INFO [916/1000] 59f38b74-b9cb-4f78-bc69-d08bf28d6208: 112 arrays, 0.2 MB stored; 1.8 s; peak memory 368 MiB.
2026-10-10T01:35:14Z INFO [917/1000] 59f3b9c7-3edb-4ac8-943b-c156f11d1205: 117 arrays, 0.3 MB stored; 2.0 s; peak memory 368 MiB.
2026-10-10T01:35:16Z INFO [918/1000] 59f3fd22-e2c9-49d7-8ede-7a208c44b589: 116 arrays, 9.7 MB stored; 1.9 s; peak memory 368 MiB.
2026-10-10T01:35:16Z INFO [919/1000] 59f3ea51-d936-45fb-8f32-ef078ee15725: 75 arrays, 2.3 MB stored; 2.4 s; peak memory 368 MiB.
2026-10-10T01:35:16Z INFO [920/1000] 59f3ddc9-accc-416a-8d4d-87df4e6abff5: 38 arrays, 36.5 MB stored; 3.2 s; peak memory 368 MiB.
2026-10-10T01:35:18Z INFO [921/1000] 59f40ba1-1ba3-4c87-9973-bde3fdcc3357: 48 arrays, 83.9 MB stored; 1.8 s; peak memory 368 MiB.
2026-10-10T01:35:18Z INFO [922/1000] 59f447c5-50f2-4741-b51b-c88e192a7158: 117 arrays, 0.3 MB stored; 2.2 s; peak memory 368 MiB.
2026-10-10T01:35:20Z INFO [923/1000] 59f6375e-1155-4b9f-9be0-4e95e2d7d3b9: 116 arrays, 0.3 MB stored; 2.0 s; peak memory 368 MiB.
2026-10-10T01:35:22Z INFO [924/1000] 59f699ea-5b49-4c43-a14a-93ca4a9fc71a: 48 arrays, 83.9 MB stored; 1.7 s; peak memory 368 MiB.
2026-10-10T01:35:30Z INFO [925/1000] 59f6aeea-ba1f-4498-9e27-2bfbbb6c45a1: 257 arrays, 88.7 MB stored; 7.8 s; peak memory 368 MiB.
2026-10-10T01:35:30Z INFO [926/1000] 59f627c4-652c-4bfb-bcd3-5674c86b0a6e: 11477 arrays, 514.1 MB stored; 12.7 s; peak memory 368 MiB.
2026-10-10T01:35:31Z INFO [927/1000] 59f6fc74-ef58-4211-b272-a5b40f57d8e7: 53 arrays, 0.3 MB stored; 1.6 s; peak memory 368 MiB.
2026-10-10T01:35:33Z INFO [928/1000] 59f7e3e7-6dae-4fe1-b2ba-8e4d04babf0a: 118 arrays, 0.2 MB stored; 2.0 s; peak memory 368 MiB.
2026-10-10T01:35:34Z INFO [929/1000] 59f87b96-511e-4662-a818-a5fdb2bb4e89: 56 arrays, 0.0 MB stored; 1.4 s; peak memory 368 MiB.
2026-10-10T01:35:34Z INFO [930/1000] 59f440e2-b62a-4253-b419-43ba402e155c: 910 arrays, 28.5 MB stored; 18.0 s; peak memory 368 MiB.
2026-10-10T01:35:35Z INFO [931/1000] 59f875fa-2eb4-4ffc-af38-4f1e5ffe85d3: 115 arrays, 190.2 MB stored; 3.8 s; peak memory 368 MiB.
2026-10-10T01:35:36Z INFO [932/1000] 59f92c71-7aa1-459d-a240-7891a9540267: 48 arrays, 83.9 MB stored; 1.6 s; peak memory 368 MiB.
2026-10-10T01:35:36Z INFO [933/1000] 59f91a53-e7bf-4a91-9541-6dc6542b93b7: 48 arrays, 83.9 MB stored; 1.7 s; peak memory 368 MiB.
2026-10-10T01:35:37Z INFO [934/1000] 59fb11e0-f642-475e-bb0f-14dad1da982d: 48 arrays, 83.9 MB stored; 1.8 s; peak memory 368 MiB.
2026-10-10T01:35:37Z INFO [935/1000] 59f98978-a3ae-4340-9aa4-69f06de2e57e: 112 arrays, 0.8 MB stored; 2.3 s; peak memory 368 MiB.
2026-10-10T01:35:38Z INFO [936/1000] 59fb70c0-1e05-4612-9383-8422345b8fc4: 110 arrays, 0.5 MB stored; 2.3 s; peak memory 368 MiB.
2026-10-10T01:35:39Z INFO [937/1000] 59fc3290-98de-4d5e-a5fe-4a4854066c68: 48 arrays, 83.9 MB stored; 1.7 s; peak memory 368 MiB.
2026-10-10T01:35:41Z INFO [938/1000] 59fbb59d-42e2-4161-bf8e-1e30951e1044: 115 arrays, 186.7 MB stored; 3.7 s; peak memory 368 MiB.
2026-10-10T01:35:42Z INFO [939/1000] 59fd1612-eb21-410f-8647-23007cd914f1: 71 arrays, 45.8 MB stored; 2.8 s; peak memory 368 MiB.
2026-10-10T01:35:43Z INFO [940/1000] 59fdccf0-de0a-4b2d-8abe-7cf94b922007: 42 arrays, 1.1 MB stored; 2.0 s; peak memory 368 MiB.
2026-10-10T01:35:43Z INFO [941/1000] 59fe0140-a6df-4e06-8545-0449d0ebeab6: 37 arrays, 3.4 MB stored; 1.6 s; peak memory 368 MiB.
2026-10-10T01:35:44Z INFO [942/1000] 59fd07d2-8f13-4cc6-a780-04ecd876ea8f: 419 arrays, 5.5 MB stored; 5.7 s; peak memory 368 MiB.
2026-10-10T01:35:45Z INFO [943/1000] 59fe40af-e8b6-4cd7-ba99-7c9304e3fc9b: 46 arrays, 1.9 MB stored; 1.6 s; peak memory 368 MiB.
2026-10-10T01:35:46Z INFO [944/1000] 59ff92d3-75dc-4c7d-9b1f-973015591a5a: 112 arrays, 0.6 MB stored; 2.1 s; peak memory 368 MiB.
2026-10-10T01:35:47Z INFO [945/1000] 59ff1e65-9ea9-4853-b8f1-ea5b0aa1b019: 153 arrays, 3.3 MB stored; 3.8 s; peak memory 368 MiB.
2026-10-10T01:35:48Z INFO [946/1000] 59fff45a-22a2-4e48-aef3-335e6bc4d1ea: 118 arrays, 0.2 MB stored; 1.9 s; peak memory 368 MiB.
2026-10-10T01:35:50Z INFO [947/1000] 5a00d37c-8ddf-4fcc-be05-07ad1ff93d5d: 117 arrays, 0.3 MB stored; 1.9 s; peak memory 368 MiB.
2026-10-10T01:35:51Z INFO [948/1000] 5a00fd6c-a9d4-4d04-9108-50529e790eac: 118 arrays, 0.3 MB stored; 1.8 s; peak memory 368 MiB.
2026-10-10T01:35:52Z INFO [949/1000] 5a006528-5908-490c-9642-581a4ba3a596: 412 arrays, 2.9 MB stored; 4.9 s; peak memory 368 MiB.
2026-10-10T01:35:55Z INFO [950/1000] 59ffc2c5-96de-4a2f-ab55-22e7d43dfc95: 339 arrays, 48.0 MB stored; 10.8 s; peak memory 368 MiB.
2026-10-10T01:35:57Z INFO [951/1000] 5a027826-6ca3-4c51-bb48-724fbbf20713: 48 arrays, 83.9 MB stored; 1.7 s; peak memory 368 MiB.
2026-10-10T01:35:59Z INFO [952/1000] 5a02fb51-99bc-43bb-8b12-28d34c70d79c: 69 arrays, 43.5 MB stored; 1.9 s; peak memory 368 MiB.
2026-10-10T01:36:00Z INFO [953/1000] 5a01055c-3036-4546-8660-c42db8891b6a: 196 arrays, 668.3 MB stored; 8.3 s; peak memory 368 MiB.
2026-10-10T01:36:01Z INFO [954/1000] 5a04619e-df79-41fc-87ce-fa80dc8236f6: 39 arrays, 786.4 MB stored; 1.7 s; peak memory 368 MiB.
2026-10-10T01:36:02Z INFO [955/1000] 5a042d1d-6e7a-4a06-99a8-d518e7b6d9dc: 115 arrays, 190.1 MB stored; 3.6 s; peak memory 368 MiB.
2026-10-10T01:36:04Z INFO [956/1000] 5a046a74-0d55-448c-a7a6-9ac0d2836e08: 110 arrays, 0.7 MB stored; 2.2 s; peak memory 368 MiB.
2026-10-10T01:36:05Z INFO [957/1000] 5a048ea4-0532-4f19-af9f-94b69bcc88ab: 51 arrays, 3316.7 MB stored; 2.1 s; peak memory 368 MiB.
2026-10-10T01:36:06Z INFO [958/1000] 5a053d3e-0cc8-49b5-89a1-390c00c6f902: 112 arrays, 0.5 MB stored; 2.2 s; peak memory 368 MiB.
2026-10-10T01:36:07Z INFO [959/1000] 5a055763-8249-4ed5-8932-527e5eb7ed63: 66 arrays, 14.5 MB stored; 2.1 s; peak memory 368 MiB.
2026-10-10T01:36:07Z INFO [960/1000] 5a0557f8-cca7-4674-ab45-67838a57af79: 46 arrays, 0.0 MB stored; 1.3 s; peak memory 368 MiB.
2026-10-10T01:36:08Z INFO [961/1000] 5a05d524-c254-4e82-8b3b-26be76a0611b: 48 arrays, 83.9 MB stored; 1.7 s; peak memory 368 MiB.
2026-10-10T01:36:09Z INFO [962/1000] 5a063e55-0474-4eaa-a43f-2e8e5e9bf5ad: 121 arrays, 0.1 MB stored; 1.6 s; peak memory 368 MiB.
2026-10-10T01:36:10Z INFO [963/1000] 5a0691e3-4272-4747-98b0-24acef2cd1a2: 48 arrays, 83.9 MB stored; 1.7 s; peak memory 368 MiB.
2026-10-10T01:36:12Z INFO [964/1000] 5a073fa9-3d0c-4181-b2ad-40ad9d4a1ae4: 116 arrays, 0.4 MB stored; 2.0 s; peak memory 368 MiB.
2026-10-10T01:36:14Z INFO [965/1000] 5a079ea7-ba33-49fb-86e3-ce4441b8ddaf: 48 arrays, 83.9 MB stored; 1.7 s; peak memory 368 MiB.
2026-10-10T01:36:16Z INFO [966/1000] 5a08003e-9844-45ac-9951-73b7e8cee845: 112 arrays, 0.8 MB stored; 2.5 s; peak memory 368 MiB.
2026-10-10T01:36:26Z INFO [967/1000] 5a08817f-4797-4848-be51-d9ed2cc961eb: 106 arrays, 12829.3 MB stored; 10.3 s; peak memory 368 MiB.
2026-10-10T01:36:28Z INFO [968/1000] 5a06d459-d420-4142-af38-60b545702276: 432 arrays, 1123.2 MB stored; 18.8 s; peak memory 368 MiB.
2026-10-10T01:36:28Z INFO [969/1000] 5a08b674-6cf0-4e03-a7a6-32d281b34038: 48 arrays, 83.9 MB stored; 1.6 s; peak memory 368 MiB.
2026-10-10T01:36:29Z INFO [970/1000] 5a090d95-c580-4f2b-bd47-0faa0ad6ec16: 79 arrays, 0.4 MB stored; 2.0 s; peak memory 368 MiB.
2026-10-10T01:36:30Z INFO [971/1000] 5a0954ee-cda4-4408-8832-edaa5dda929a: 64 arrays, 65.6 MB stored; 2.2 s; peak memory 368 MiB.
2026-10-10T01:36:32Z INFO [972/1000] 5a09949c-9b1a-47e0-b628-e3870b5be5fb: 48 arrays, 83.9 MB stored; 1.7 s; peak memory 368 MiB.
2026-10-10T01:36:32Z INFO [973/1000] 5a09578c-5192-4ed6-bf08-88c8e7167ad1: 112 arrays, 0.8 MB stored; 2.5 s; peak memory 368 MiB.
2026-10-10T01:36:34Z INFO [974/1000] 5a0a0bb1-cdcd-4a0a-9f9f-19584d8cbd65: 48 arrays, 83.9 MB stored; 1.8 s; peak memory 368 MiB.
2026-10-10T01:36:34Z INFO [975/1000] 5a09dd44-f7d9-4611-9843-e2454371cda7: 52 arrays, 21.0 MB stored; 1.9 s; peak memory 368 MiB.
2026-10-10T01:36:35Z INFO [976/1000] 5a0aabff-c22e-4451-96ca-0e212d92931e: 52 arrays, 0.0 MB stored; 1.6 s; peak memory 368 MiB.
2026-10-10T01:36:37Z INFO [977/1000] 5a0b50f4-6565-4238-9796-7ce492fa76c7: 48 arrays, 83.9 MB stored; 1.6 s; peak memory 368 MiB.
2026-10-10T01:36:39Z INFO [978/1000] 5a0bbc39-a237-4025-954e-2268a2a70f17: 118 arrays, 0.6 MB stored; 2.1 s; peak memory 368 MiB.
2026-10-10T01:36:40Z INFO [979/1000] 5a0b19a8-b628-4006-bdaa-a01f0ed7e561: 111 arrays, 421.0 MB stored; 5.7 s; peak memory 368 MiB.
2026-10-10T01:36:41Z INFO [980/1000] 5a0c7e88-2be5-4f01-bf11-e9717e3892fe: 116 arrays, 9.7 MB stored; 1.9 s; peak memory 368 MiB.
2026-10-10T01:36:43Z INFO [981/1000] 5a0cfc4c-cef5-4a5f-851f-ca3718cb38ec: 39 arrays, 786.4 MB stored; 1.7 s; peak memory 368 MiB.
2026-10-10T01:36:44Z INFO [982/1000] 5a0d31b6-7624-4baa-bbc6-ad6e70f7e1a6: 46 arrays, 0.0 MB stored; 1.4 s; peak memory 368 MiB.
2026-10-10T01:36:48Z INFO [983/1000] 5a0db036-c117-4c7c-b1e5-0c23a93140ad: 123 arrays, 6.5 MB stored; 3.7 s; peak memory 368 MiB.
2026-10-10T01:36:55Z INFO [984/1000] 5a0e4ccc-1049-41e1-943e-768290c7d336: 225 arrays, 862.7 MB stored; 7.4 s; peak memory 368 MiB.
2026-10-10T01:36:57Z INFO [985/1000] 5a0e7cc1-208a-4d84-82de-0f16e576c030: 112 arrays, 0.9 MB stored; 2.3 s; peak memory 368 MiB.
2026-10-10T01:37:01Z INFO [986/1000] 5a0f9f58-d014-4654-bab0-12a3cd5d9894: 115 arrays, 190.1 MB stored; 3.6 s; peak memory 368 MiB.
2026-10-10T01:37:03Z INFO [987/1000] 5a0fa3be-0c4b-46fe-8231-5967184af48e: 48 arrays, 83.9 MB stored; 1.6 s; peak memory 368 MiB.
2026-10-10T01:37:04Z INFO [988/1000] 5a115f03-fecb-46ff-8e1d-f28a89c4f45f: 57 arrays, 0.0 MB stored; 1.5 s; peak memory 368 MiB.
2026-10-10T01:37:07Z INFO [989/1000] 5a0cdc28-0ff8-4be4-b1ac-00b2043ae9a1: 48 arrays, 42634.5 MB stored; 27.3 s; peak memory 368 MiB.
2026-10-10T01:37:09Z INFO [990/1000] 5a1381d7-055f-4c1a-8f1a-a83873419efd: 71 arrays, 138.3 MB stored; 2.6 s; peak memory 368 MiB.
2026-10-10T01:37:11Z INFO [991/1000] 5a138ad2-bf95-4093-861c-7abdcd6be936: 74 arrays, 2.3 MB stored; 1.9 s; peak memory 368 MiB.
2026-10-10T01:37:13Z INFO [992/1000] 5a13de66-5d21-4e74-82ab-e2aaec99ca35: 116 arrays, 0.2 MB stored; 1.8 s; peak memory 368 MiB.
2026-10-10T01:37:15Z INFO [993/1000] 5a1452f2-1a24-4df1-8d11-d4f465219664: 48 arrays, 83.9 MB stored; 1.7 s; peak memory 368 MiB.
2026-10-10T01:37:17Z INFO [994/1000] 5a122190-a95f-4d9d-89a3-b772581ff537: 802 arrays, 34.6 MB stored; 12.4 s; peak memory 368 MiB.
2026-10-10T01:37:48Z INFO [995/1000] 59df5d92-95d6-4a98-be9e-1aa56fa0eddf: 283 arrays, 39263.3 MB stored; 261.7 s; peak memory 368 MiB.
2026-10-10T01:38:01Z WARNING 5944d693-907d-44c8-8f49-e9b9daad55fa: failed while reading the NWB file (TimeoutError: exceeded 1200 s)
2026-10-10T01:38:01Z WARNING [996/1000] 5944d693-907d-44c8-8f49-e9b9daad55fa: recorded the failure; a later run retries it.
2026-10-10T01:38:09Z INFO [997/1000] 59e44657-9316-4817-97cd-3eff6c8b0f3a: 264 arrays, 39384.7 MB stored; 262.0 s; peak memory 368 MiB.
2026-10-10T01:38:32Z INFO [998/1000] 5a0195a1-b5fd-458f-8a05-65c15ef5a1c1: 394 arrays, 23242.5 MB stored; 160.1 s; peak memory 368 MiB.
2026-10-10T01:39:55Z WARNING 59696622-e89c-46b5-baa7-cf5aaa95a353: failed while reading the NWB file (TimeoutError: exceeded 1200 s)
2026-10-10T01:39:55Z WARNING [999/1000] 59696622-e89c-46b5-baa7-cf5aaa95a353: recorded the failure; a later run retries it.
2026-10-10T01:43:03Z WARNING 598a5f1f-ab21-43c2-9ee5-3867c350543c: failed while reading the NWB file (TimeoutError: exceeded 1200 s)
2026-10-10T01:43:03Z WARNING [1000/1000] 598a5f1f-ab21-43c2-9ee5-3867c350543c: recorded the failure; a later run retries it.
2026-10-10T01:43:05Z INFO [1000/1000] 598a5f1f-ab21-43c2-9ee5-3867c350543c: checkpointed 1000 new records.
2026-10-10T01:43:05Z INFO Wrote 60200 records to /tmp/derivatives/valid_nwb_file_to_array_sizes.jsonl (995 new, 5 failed) in 36.6 min (peak memory 670 MiB).
