2026-10-10T15:55:31Z INFO Logging to /tmp/logs/update_2026-10-10T15-55-31Z.log.
2026-10-10T15:55:31Z INFO Update valid-nwb-file-to-array-sizes (base directory /tmp).
2026-10-10T15:56:13Z INFO Processing 1000 items (85200 already recorded).
2026-10-10T15:56:15Z INFO [1/1000] 7fd6f0c5-9ebb-4e93-9e18-a0752a743f31: 46 arrays, 0.0 MB stored; 2.3 s; peak memory 163 MiB.
2026-10-10T15:56:16Z INFO [2/1000] 7fd74bf2-37e2-427b-8883-4731a6c8861f: 50 arrays, 6.2 MB stored; 2.7 s; peak memory 163 MiB.
2026-10-10T15:56:16Z INFO [3/1000] 7fd7b14e-a986-46d7-9492-f1c618d1a144: 117 arrays, 0.4 MB stored; 3.0 s; peak memory 163 MiB.
2026-10-10T15:56:16Z INFO [4/1000] 7fd76d3d-d61a-4465-ab3a-a7b0b8b0947c: 49 arrays, 1.9 MB stored; 3.2 s; peak memory 163 MiB.
2026-10-10T15:56:17Z INFO [5/1000] 7fd84a14-9133-4e8a-aa97-180c27b73c90: 48 arrays, 83.9 MB stored; 1.7 s; peak memory 163 MiB.
2026-10-10T15:56:18Z INFO [6/1000] 7fd8a4d9-4eea-4d14-bad6-1f120d173ad2: 116 arrays, 0.3 MB stored; 1.7 s; peak memory 163 MiB.
2026-10-10T15:56:19Z INFO [7/1000] 7fd9a5eb-1a43-4c10-9493-c477b4e75279: 42 arrays, 15009.9 MB stored; 1.7 s; peak memory 163 MiB.
2026-10-10T15:56:20Z INFO [8/1000] 7fd9b316-5f77-4bd3-a5dd-c024ca50a1ee: 116 arrays, 0.4 MB stored; 1.8 s; peak memory 163 MiB.
2026-10-10T15:56:21Z INFO [9/1000] 7fda137d-c400-42fd-91af-40815e02b5d6: 62 arrays, 3940.0 MB stored; 2.1 s; peak memory 163 MiB.
2026-10-10T15:56:22Z INFO [10/1000] 7fda2f92-b414-4112-9ddd-1c1f4727e78b: 112 arrays, 0.8 MB stored; 2.2 s; peak memory 163 MiB.
2026-10-10T15:56:22Z INFO [11/1000] 7fd879ce-8aa0-460e-941a-3939eb44385a: 495 arrays, 5.7 MB stored; 6.4 s; peak memory 163 MiB.
2026-10-10T15:56:23Z INFO [12/1000] 7fda3f0e-d05c-4775-a0d9-d44a5d8f942a: 112 arrays, 0.7 MB stored; 2.0 s; peak memory 163 MiB.
2026-10-10T15:56:23Z INFO [13/1000] 7fda7493-c6bc-4e75-bf99-3f00d872f53d: 48 arrays, 83.9 MB stored; 1.5 s; peak memory 163 MiB.
2026-10-10T15:56:24Z INFO [14/1000] 7fd81bfb-9c18-4ff1-8d47-145c2fe9f2ae: 56 arrays, 133.5 MB stored; 10.6 s; peak memory 163 MiB.
2026-10-10T15:56:24Z INFO [15/1000] 7fd7cc7f-398e-4a31-80b8-3e6d0b0545bd: 822 arrays, 20.5 MB stored; 11.3 s; peak memory 163 MiB.
2026-10-10T15:56:24Z INFO [16/1000] 7fdb0df3-751d-44ed-923b-f5611f5df156: 112 arrays, 0.9 MB stored; 2.2 s; peak memory 163 MiB.
2026-10-10T15:56:25Z INFO [17/1000] 7fd75714-ce5a-4abf-ae59-c3ce7e35aeec: 749 arrays, 29.6 MB stored; 12.1 s; peak memory 163 MiB.
2026-10-10T15:56:25Z INFO [18/1000] 7fddbd46-b153-447a-9dd2-66406fc7ecc5: 48 arrays, 83.9 MB stored; 1.5 s; peak memory 163 MiB.
2026-10-10T15:56:26Z INFO [19/1000] 7fdbe6bd-4314-4005-b4f5-c60d4f7839e3: 158 arrays, 1.2 MB stored; 2.7 s; peak memory 163 MiB.
2026-10-10T15:56:26Z INFO [20/1000] 7fde281a-69bf-4a87-a701-a81ac94c3f6c: 68 arrays, 50.4 MB stored; 1.9 s; peak memory 163 MiB.
2026-10-10T15:56:27Z INFO [21/1000] 7fdc3d5e-84ff-4ba1-81c4-92bde040b9ad: 737 arrays, 3.9 MB stored; 3.5 s; peak memory 163 MiB.
2026-10-10T15:56:27Z INFO [22/1000] 7fdf1d14-fce4-485b-ace2-3c43e270e4d9: 117 arrays, 0.3 MB stored; 1.8 s; peak memory 163 MiB.
2026-10-10T15:56:28Z INFO [23/1000] 7fdf76fa-adb4-428b-8fcf-4f3ccffa1f21: 48 arrays, 83.9 MB stored; 1.5 s; peak memory 163 MiB.
2026-10-10T15:56:28Z INFO [24/1000] 7fd78d0d-985e-4ff4-aaba-cdbcf9289546: 848 arrays, 25.1 MB stored; 14.6 s; peak memory 163 MiB.
2026-10-10T15:56:28Z INFO [25/1000] 7fdec94d-2b89-4948-b0b0-e7ac4bb35695: 119 arrays, 66.4 MB stored; 2.6 s; peak memory 163 MiB.
2026-10-10T15:56:29Z INFO [26/1000] 7fdfe173-e445-4c9c-841b-b0fc63e9cfe4: 62 arrays, 0.0 MB stored; 1.3 s; peak memory 163 MiB.
2026-10-10T15:56:29Z INFO [27/1000] 7fd93642-7a78-4724-b069-387d3f78c7cf: 550 arrays, 21.5 MB stored; 13.0 s; peak memory 163 MiB.
2026-10-10T15:56:30Z INFO [28/1000] 7fdf933d-d55a-4476-95d0-9267fa750c45: 70 arrays, 108.1 MB stored; 2.7 s; peak memory 163 MiB.
2026-10-10T15:56:30Z INFO [29/1000] 7fe0f680-c40c-45c0-9a47-af3f74ce0e80: 62 arrays, 4190.7 MB stored; 2.0 s; peak memory 163 MiB.
2026-10-10T15:56:31Z INFO [30/1000] 7fdfd49d-091c-4b5a-8d5d-67b4a2c0db79: 186 arrays, 35.2 MB stored; 3.7 s; peak memory 163 MiB.
2026-10-10T15:56:31Z INFO [31/1000] 7fe09501-52a3-442d-986f-14d8b5dfb823: 115 arrays, 190.1 MB stored; 3.2 s; peak memory 163 MiB.
2026-10-10T15:56:31Z INFO [32/1000] 7fe139e4-899a-47c7-817e-68c6837d568b: 46 arrays, 5697.7 MB stored; 2.0 s; peak memory 163 MiB.
2026-10-10T15:56:31Z INFO [33/1000] 7fe1bc51-8a3b-4e5e-9216-bf6b718e12f1: 117 arrays, 0.4 MB stored; 2.0 s; peak memory 163 MiB.
2026-10-10T15:56:32Z INFO [34/1000] 7fe2d73a-9218-4f39-8ff1-229eb5416833: 48 arrays, 83.9 MB stored; 1.6 s; peak memory 163 MiB.
2026-10-10T15:56:32Z INFO [35/1000] 7fe2d7fa-6015-417f-8c84-0bc58ed0399e: 48 arrays, 83.9 MB stored; 1.6 s; peak memory 163 MiB.
2026-10-10T15:56:33Z INFO [36/1000] 7fe34455-aeef-4282-9a1b-a7d908e7ab9d: 48 arrays, 83.9 MB stored; 1.6 s; peak memory 163 MiB.
2026-10-10T15:56:33Z INFO [37/1000] 7fe2db77-03aa-4377-87d6-cf20413a56a0: 116 arrays, 0.4 MB stored; 1.9 s; peak memory 163 MiB.
2026-10-10T15:56:33Z INFO [38/1000] 7fe36e0c-b848-4444-85b3-06e5f267080f: 52 arrays, 11.5 MB stored; 2.0 s; peak memory 163 MiB.
2026-10-10T15:56:35Z INFO [39/1000] 7fe3e94e-80c7-4494-a42e-df7d4975167d: 112 arrays, 0.7 MB stored; 2.2 s; peak memory 163 MiB.
2026-10-10T15:56:35Z INFO [40/1000] 7fe42e33-9d1d-42bd-9c5d-50487dc23974: 112 arrays, 0.5 MB stored; 2.1 s; peak memory 163 MiB.
2026-10-10T15:56:35Z INFO [41/1000] 7fe459a0-a91a-46ea-b4ed-2591de58478e: 117 arrays, 0.3 MB stored; 1.7 s; peak memory 163 MiB.
2026-10-10T15:56:35Z INFO [42/1000] 7fe37d52-000a-4b0e-8c02-be17a0dc00c8: 116 arrays, 187.2 MB stored; 3.8 s; peak memory 163 MiB.
2026-10-10T15:56:36Z INFO [43/1000] 7fde7763-a01b-421a-9fba-e4a07adbc6b3: 44 arrays, 8239.2 MB stored; 12.0 s; peak memory 163 MiB.
2026-10-10T15:56:36Z INFO [44/1000] 7fe1d2af-f229-4f1c-aea1-ba2950b4e2cf: 229 arrays, 431.7 MB stored; 6.9 s; peak memory 163 MiB.
2026-10-10T15:56:37Z INFO [45/1000] 7fe6b2bd-ddd9-4b0c-a99c-cb0c81b8c650: 48 arrays, 83.9 MB stored; 1.7 s; peak memory 163 MiB.
2026-10-10T15:56:37Z INFO [46/1000] 7fe786cb-31de-4aff-ae22-c5e8a15cd6ca: 118 arrays, 0.6 MB stored; 2.1 s; peak memory 163 MiB.
2026-10-10T15:56:38Z INFO [47/1000] 7fe7d72d-8e38-4ea6-a01c-ea55f64f064d: 52 arrays, 16.3 MB stored; 1.8 s; peak memory 163 MiB.
2026-10-10T15:56:39Z INFO [48/1000] 7fe84e1b-1924-45a3-ae26-e4ef47d34c5c: 70 arrays, 14.3 MB stored; 2.2 s; peak memory 163 MiB.
2026-10-10T15:56:39Z INFO [49/1000] 7fe81ecb-a553-4963-ab03-8a2e5b1c6627: 87 arrays, 619.0 MB stored; 2.6 s; peak memory 163 MiB.
2026-10-10T15:56:40Z INFO [50/1000] 7fe8c82c-97d4-4baa-b983-6075eb1de8ac: 116 arrays, 0.4 MB stored; 2.3 s; peak memory 163 MiB.
2026-10-10T15:56:40Z INFO [51/1000] 7fe7381a-d0c4-4a92-9490-b309e2c92be5: 36 arrays, 105.7 MB stored; 5.0 s; peak memory 163 MiB.
2026-10-10T15:56:40Z INFO [52/1000] 7fdf3ce1-4f49-44d4-affa-ac852e37c5f5: 1280 arrays, 26.6 MB stored; 14.8 s; peak memory 163 MiB.
2026-10-10T15:56:40Z INFO [53/1000] 7fea9f21-2b64-472a-9acf-9842f3a1a9a6: 117 arrays, 0.4 MB stored; 2.2 s; peak memory 163 MiB.
2026-10-10T15:56:41Z INFO [54/1000] 7feb07dd-6022-4425-8c93-3a5fdfd969e0: 48 arrays, 83.9 MB stored; 1.9 s; peak memory 163 MiB.
2026-10-10T15:56:41Z INFO [55/1000] 7feb4029-4c95-437d-b1e0-e032f7683b02: 48 arrays, 83.9 MB stored; 2.0 s; peak memory 163 MiB.
2026-10-10T15:56:42Z INFO [56/1000] 7feb8b31-c990-47e5-b03a-9d66c0354ec9: 46 arrays, 0.1 MB stored; 1.5 s; peak memory 163 MiB.
2026-10-10T15:56:42Z INFO [57/1000] 7feb48c7-c039-4c2a-a092-4bb5e3c969f7: 117 arrays, 0.3 MB stored; 2.1 s; peak memory 163 MiB.
2026-10-10T15:56:42Z INFO [58/1000] 7feb92b0-eadf-4ead-9460-9f07edebd62d: 46 arrays, 1.0 MB stored; 1.7 s; peak memory 163 MiB.
2026-10-10T15:56:42Z INFO [59/1000] 7febdbdc-e222-4048-bc57-c6335c1ccbd0: 48 arrays, 83.9 MB stored; 1.7 s; peak memory 163 MiB.
2026-10-10T15:56:43Z INFO [60/1000] 7fec7be7-7a3e-4388-8837-d22fbe8395aa: 48 arrays, 83.9 MB stored; 1.9 s; peak memory 163 MiB.
2026-10-10T15:56:43Z INFO [61/1000] 7fec9fb4-6491-4f2e-b608-212809968520: 48 arrays, 83.9 MB stored; 1.8 s; peak memory 163 MiB.
2026-10-10T15:56:44Z INFO [62/1000] 7fecd4c1-f767-4fde-af88-69f9ed416446: 63 arrays, 0.1 MB stored; 1.8 s; peak memory 163 MiB.
2026-10-10T15:56:44Z INFO [63/1000] 7fecc147-aa20-4057-85be-97d8b069ff1e: 70 arrays, 21.7 MB stored; 2.3 s; peak memory 163 MiB.
2026-10-10T15:56:45Z INFO [64/1000] 7febe656-8518-4617-87ce-3a53860ad73e: 157 arrays, 190.7 MB stored; 3.8 s; peak memory 163 MiB.
2026-10-10T15:56:45Z INFO [65/1000] 7fee7d2d-38b0-4367-b72b-b5889a3dc961: 84 arrays, 0.1 MB stored; 1.6 s; peak memory 163 MiB.
2026-10-10T15:56:46Z INFO [66/1000] 7fee994a-8233-40d9-a16c-d179c74ce487: 48 arrays, 83.9 MB stored; 1.6 s; peak memory 163 MiB.
2026-10-10T15:56:46Z INFO [67/1000] 7fee88e4-59c9-46f9-9b28-14bc56b3f75b: 53 arrays, 221.6 MB stored; 2.2 s; peak memory 163 MiB.
2026-10-10T15:56:46Z INFO [68/1000] 7fef5e56-c015-41c4-8530-00812b6cf390: 46 arrays, 12.6 MB stored; 1.6 s; peak memory 163 MiB.
2026-10-10T15:56:48Z INFO [69/1000] 7ff06d35-b844-4568-be50-5fca0f1cf71f: 118 arrays, 0.4 MB stored; 2.0 s; peak memory 163 MiB.
2026-10-10T15:56:48Z INFO [70/1000] 7ff0fa8b-f6d5-4d5e-b095-973ce53d9812: 117 arrays, 0.2 MB stored; 1.9 s; peak memory 163 MiB.
2026-10-10T15:56:48Z INFO [71/1000] 7fef536e-614e-4b11-ae16-bda11deb5551: 123 arrays, 7.9 MB stored; 3.4 s; peak memory 163 MiB.
2026-10-10T15:56:48Z INFO [72/1000] 7fe3d599-f2ab-42c1-b20b-0da9fe1fe9e4: 5597 arrays, 22.9 MB stored; 15.8 s; peak memory 163 MiB.
2026-10-10T15:56:50Z INFO [73/1000] 7ff16d9f-f361-4294-8bef-366657aa5f92: 112 arrays, 1.0 MB stored; 2.4 s; peak memory 163 MiB.
2026-10-10T15:56:50Z INFO [74/1000] 7ff282fd-c5b6-484c-9b6a-563c1de5d05e: 112 arrays, 0.9 MB stored; 2.2 s; peak memory 163 MiB.
2026-10-10T15:56:50Z INFO [75/1000] 7ff2ef88-021a-4381-99a1-d1a59a0a4fdf: 112 arrays, 0.9 MB stored; 2.4 s; peak memory 163 MiB.
2026-10-10T15:56:51Z INFO [76/1000] 7fee0b45-ff8e-4c55-8598-7a09f1bf8f20: 693 arrays, 20.9 MB stored; 7.9 s; peak memory 163 MiB.
2026-10-10T15:56:51Z INFO [77/1000] 7ff3527f-a16d-43e0-a80f-3163cbcdb9fe: 119 arrays, 66.3 MB stored; 2.8 s; peak memory 163 MiB.
2026-10-10T15:56:52Z INFO [78/1000] 7ff508b1-84de-4f25-ab6c-95e85cdf3872: 46 arrays, 0.0 MB stored; 1.3 s; peak memory 163 MiB.
2026-10-10T15:56:52Z INFO [79/1000] 7ff404eb-7d19-4f76-9f65-cacd3b26de48: 48 arrays, 83.9 MB stored; 1.6 s; peak memory 163 MiB.
2026-10-10T15:56:53Z INFO [80/1000] 7ff8cdc2-dd88-4fa6-aef5-9f5f72a047c7: 21 arrays, 0.6 MB stored; 1.2 s; peak memory 163 MiB.
2026-10-10T15:56:53Z INFO [81/1000] 7ff6f09a-5347-44b1-b1ac-6d7ca7de714c: 84 arrays, 0.4 MB stored; 1.9 s; peak memory 163 MiB.
2026-10-10T15:56:53Z INFO [82/1000] 7ff70b41-f12d-4ac9-a6c3-acc5856332f1: 48 arrays, 83.9 MB stored; 1.6 s; peak memory 163 MiB.
2026-10-10T15:56:54Z INFO [83/1000] 7ff57e24-4f3a-4cb1-a457-cfbf9fd02f10: 91 arrays, 28.8 MB stored; 3.0 s; peak memory 163 MiB.
2026-10-10T15:56:55Z INFO [84/1000] 7ff96d07-ddf0-4cb2-ab1a-1f7838645c54: 48 arrays, 83.9 MB stored; 1.6 s; peak memory 163 MiB.
2026-10-10T15:56:55Z INFO [85/1000] 7ff96f08-c355-4e3e-b124-9d39a717d2db: 48 arrays, 83.9 MB stored; 1.7 s; peak memory 163 MiB.
2026-10-10T15:56:55Z INFO [86/1000] 7ff13191-df0b-4373-8a64-68f32d9f77b6: 538 arrays, 8.5 MB stored; 8.4 s; peak memory 163 MiB.
2026-10-10T15:56:56Z INFO [87/1000] 7ff9b3f0-9c33-4144-943f-80a6a83a7c8d: 112 arrays, 0.7 MB stored; 2.0 s; peak memory 163 MiB.
2026-10-10T15:56:56Z INFO [88/1000] 7ff953b0-6cda-4d4d-9820-905b155753ba: 118 arrays, 67.1 MB stored; 3.3 s; peak memory 163 MiB.
2026-10-10T15:56:57Z INFO [89/1000] 7ffadada-fbf8-4d8b-aae3-75473352d234: 77 arrays, 0.0 MB stored; 1.8 s; peak memory 163 MiB.
2026-10-10T15:56:57Z INFO [90/1000] 7ffa91d5-81f6-40c4-8e1c-f83ee96e44e9: 118 arrays, 0.5 MB stored; 2.1 s; peak memory 163 MiB.
2026-10-10T15:56:58Z INFO [91/1000] 7ff56627-b42b-4164-bc39-730bca72bb26: 196 arrays, 584.1 MB stored; 7.2 s; peak memory 163 MiB.
2026-10-10T15:56:58Z INFO [92/1000] 7ffb0c15-12f8-4b65-aebf-919bc0b1d61c: 51 arrays, 1836.8 MB stored; 2.0 s; peak memory 163 MiB.
2026-10-10T15:56:58Z INFO [93/1000] 7ffb4dae-24cc-4b11-9d7f-c2d97da0ca52: 48 arrays, 83.9 MB stored; 1.7 s; peak memory 163 MiB.
2026-10-10T15:56:58Z INFO [94/1000] 7ffca5a5-2d15-4f46-9ccf-9002958b4665: 61 arrays, 14.5 MB stored; 1.6 s; peak memory 163 MiB.
2026-10-10T15:56:58Z INFO [95/1000] 7ffca4f7-d40e-4023-adad-5d18f9c0dd99: 116 arrays, 0.2 MB stored; 1.8 s; peak memory 163 MiB.
2026-10-10T15:56:59Z INFO [96/1000] 7ffd721f-47de-4d1a-8195-6a3f91fbc714: 48 arrays, 83.9 MB stored; 1.5 s; peak memory 163 MiB.
2026-10-10T15:57:00Z INFO [97/1000] 7ffe583b-3f43-40d0-860c-2e88ec96af6c: 119 arrays, 0.1 MB stored; 1.6 s; peak memory 163 MiB.
2026-10-10T15:57:01Z INFO [98/1000] 7ffe0f41-e9ec-4d09-8db6-8c653c5d5aea: 71 arrays, 101.5 MB stored; 2.8 s; peak memory 163 MiB.
2026-10-10T15:57:01Z INFO [99/1000] 7fff6f85-3b3b-4e9e-85cb-afc6ba6691b0: 48 arrays, 83.9 MB stored; 1.6 s; peak memory 163 MiB.
2026-10-10T15:57:02Z INFO [100/1000] 7ffa5486-23b1-4ee7-b5c2-286123370e0d: 641 arrays, 28.0 MB stored; 7.1 s; peak memory 163 MiB.
2026-10-10T15:57:03Z INFO [101/1000] 80004157-4065-455a-a813-13d0506a9549: 112 arrays, 0.7 MB stored; 2.0 s; peak memory 163 MiB.
2026-10-10T15:57:03Z INFO [102/1000] 80018f34-c93b-4d25-a527-5cc2a4d9aba8: 48 arrays, 83.9 MB stored; 1.6 s; peak memory 163 MiB.
2026-10-10T15:57:04Z INFO [103/1000] 7ffec3c1-fbd9-4229-8733-129d49dbf595: 544 arrays, 6.0 MB stored; 5.8 s; peak memory 163 MiB.
2026-10-10T15:57:04Z INFO [104/1000] 8001f441-9243-42df-a3e5-9420e32d9784: 116 arrays, 0.4 MB stored; 1.7 s; peak memory 163 MiB.
2026-10-10T15:57:05Z INFO [105/1000] 80012397-cb5b-4d0c-b245-bb456b5cec4f: 351 arrays, 3.1 MB stored; 4.4 s; peak memory 163 MiB.
2026-10-10T15:57:05Z INFO [106/1000] 7fedc067-649d-42f5-8f9e-fbc4910e4ecd: 48 arrays, 43519.6 MB stored; 23.0 s; peak memory 163 MiB.
2026-10-10T15:57:06Z INFO [107/1000] 80020b15-437b-4759-ac66-6ca2f5da1f74: 46 arrays, 0.1 MB stored; 1.3 s; peak memory 163 MiB.
2026-10-10T15:57:06Z INFO [108/1000] 80026436-ee7b-41d0-8800-2a08220bab3c: 74 arrays, 3.5 MB stored; 1.8 s; peak memory 163 MiB.
2026-10-10T15:57:07Z INFO [109/1000] 7ffff3d7-959f-445f-8d4a-cc6c442fa223: 349 arrays, 9.5 MB stored; 6.9 s; peak memory 163 MiB.
2026-10-10T15:57:07Z INFO [110/1000] 8004b75b-da82-41fe-9223-97b9d2ed839f: 117 arrays, 0.4 MB stored; 1.8 s; peak memory 163 MiB.
2026-10-10T15:57:08Z INFO [111/1000] 80029988-fa91-4a85-9f26-79d462c19b39: 71 arrays, 37.0 MB stored; 2.4 s; peak memory 163 MiB.
2026-10-10T15:57:08Z INFO [112/1000] 8004d1e1-8375-49f6-b1ba-cd18a630b22e: 48 arrays, 83.9 MB stored; 1.6 s; peak memory 163 MiB.
2026-10-10T15:57:09Z INFO [113/1000] 8001f7b2-d76c-4399-b218-8d3ef034faba: 229 arrays, 329.1 MB stored; 5.9 s; peak memory 163 MiB.
2026-10-10T15:57:10Z INFO [114/1000] 800688bc-eefd-48cf-b928-ac7c5764eb90: 112 arrays, 0.7 MB stored; 2.2 s; peak memory 163 MiB.
2026-10-10T15:57:11Z INFO [115/1000] 80074e6d-b769-44f3-ad2f-917d85656584: 48 arrays, 83.9 MB stored; 1.5 s; peak memory 163 MiB.
2026-10-10T15:57:12Z INFO [116/1000] 8006933c-a9cc-4528-86aa-6122b344e6b6: 38 arrays, 58.4 MB stored; 3.1 s; peak memory 163 MiB.
2026-10-10T15:57:12Z INFO [117/1000] 8004bc0f-2356-4d30-8bc7-5320b6b7459a: 229 arrays, 315.2 MB stored; 5.7 s; peak memory 163 MiB.
2026-10-10T15:57:12Z INFO [118/1000] 800856a6-18d5-4a68-9eeb-018ad884408d: 69 arrays, 45.2 MB stored; 1.6 s; peak memory 163 MiB.
2026-10-10T15:57:13Z INFO [119/1000] 80036b11-1f60-4544-85ee-80afb8ab21dc: 208 arrays, 394.7 MB stored; 7.8 s; peak memory 163 MiB.
2026-10-10T15:57:13Z INFO [120/1000] 80086414-d5b2-439a-8781-82a54787e234: 117 arrays, 0.3 MB stored; 1.7 s; peak memory 163 MiB.
2026-10-10T15:57:14Z INFO [121/1000] 80092602-937a-49af-90e3-5c14654cad66: 48 arrays, 83.9 MB stored; 1.6 s; peak memory 163 MiB.
2026-10-10T15:57:15Z INFO [122/1000] 800af5ff-9071-48fb-a58f-0e0ee95bb470: 68 arrays, 0.4 MB stored; 1.9 s; peak memory 163 MiB.
2026-10-10T15:57:15Z INFO [123/1000] 800be4f3-0e07-47a6-a24c-0424d18cd98e: 48 arrays, 83.9 MB stored; 1.5 s; peak memory 163 MiB.
2026-10-10T15:57:17Z INFO [124/1000] 8007d393-e3d3-42e5-93cf-ec22b2c649a2: 538 arrays, 7.5 MB stored; 6.9 s; peak memory 163 MiB.
2026-10-10T15:57:17Z INFO [125/1000] 800c779f-6f84-4160-b5c7-021b7ba35295: 46 arrays, 12.6 MB stored; 1.6 s; peak memory 163 MiB.
2026-10-10T15:57:18Z INFO [126/1000] 800d2b45-80a8-437b-a975-e8f7fc7bf276: 56 arrays, 0.0 MB stored; 1.3 s; peak memory 163 MiB.
2026-10-10T15:57:18Z INFO [127/1000] 800c2421-90d4-491f-9124-a673eae76392: 38 arrays, 25.0 MB stored; 3.0 s; peak memory 163 MiB.
2026-10-10T15:57:19Z INFO [128/1000] 800cbaef-2aba-482e-a912-e9d3720032a2: 71 arrays, 61.3 MB stored; 2.4 s; peak memory 163 MiB.
2026-10-10T15:57:20Z INFO [129/1000] 800d6d39-fb17-4323-8613-9a7c778e3023: 116 arrays, 0.4 MB stored; 1.9 s; peak memory 163 MiB.
2026-10-10T15:57:21Z INFO [130/1000] 800dc31a-6571-48c8-9a72-0085c893c9bb: 118 arrays, 0.4 MB stored; 1.6 s; peak memory 163 MiB.
2026-10-10T15:57:21Z INFO [131/1000] 8009803b-068d-417a-950c-8e46fa3e774e: 922 arrays, 14.5 MB stored; 9.0 s; peak memory 163 MiB.
2026-10-10T15:57:22Z INFO [132/1000] 800e391e-35a3-46f8-a3cc-2aac23e5e746: 48 arrays, 83.9 MB stored; 1.5 s; peak memory 163 MiB.
2026-10-10T15:57:23Z INFO [133/1000] 800e4888-cb68-4ba5-bb7e-8dfcbf7ad42b: 48 arrays, 83.9 MB stored; 1.6 s; peak memory 163 MiB.
2026-10-10T15:57:24Z INFO [134/1000] 800d45cb-016a-4714-b6ce-f52165d3c734: 467 arrays, 5.3 MB stored; 5.5 s; peak memory 163 MiB.
2026-10-10T15:57:24Z INFO [135/1000] 800f9c8c-719b-4b45-97e4-a844d0865117: 48 arrays, 83.9 MB stored; 1.7 s; peak memory 163 MiB.
2026-10-10T15:57:24Z INFO [136/1000] 80053a3b-147e-4281-89f2-dd8abe06d289: 432 arrays, 1579.2 MB stored; 16.8 s; peak memory 163 MiB.
2026-10-10T15:57:25Z INFO [137/1000] 80101a2c-5a63-4154-a953-bd4d0b89aadf: 45 arrays, 0.0 MB stored; 1.4 s; peak memory 163 MiB.
2026-10-10T15:57:25Z INFO [138/1000] 800fd560-c4fb-493a-803a-a6463f5f9085: 102 arrays, 16.8 MB stored; 2.6 s; peak memory 163 MiB.
2026-10-10T15:57:26Z INFO [139/1000] 8010abcb-e140-41ae-b5f8-2625de561c8c: 112 arrays, 1.0 MB stored; 2.4 s; peak memory 163 MiB.
2026-10-10T15:57:27Z INFO [140/1000] 80108880-10ec-4cc9-b2a9-6b5907fab686: 101 arrays, 14.8 MB stored; 2.6 s; peak memory 163 MiB.
2026-10-10T15:57:27Z INFO [141/1000] 8010d9c3-c4e1-41e9-b772-14348b48283b: 48 arrays, 83.9 MB stored; 1.6 s; peak memory 163 MiB.
2026-10-10T15:57:28Z INFO [142/1000] 80117ddf-19b2-42b4-bb8d-dc2b08849a6a: 109 arrays, 0.7 MB stored; 2.2 s; peak memory 163 MiB.
2026-10-10T15:57:28Z INFO [143/1000] 80119444-262d-4ec7-a17a-bc5efe5b0e7b: 48 arrays, 83.9 MB stored; 1.6 s; peak memory 163 MiB.
2026-10-10T15:57:29Z INFO [144/1000] 80119256-50f9-4022-9174-a761fa798f06: 64 arrays, 39.4 MB stored; 2.1 s; peak memory 163 MiB.
2026-10-10T15:57:29Z INFO [145/1000] 8011806f-6726-41bc-8ec5-98c38be17b78: 64 arrays, 26.6 MB stored; 2.2 s; peak memory 163 MiB.
2026-10-10T15:57:30Z INFO [146/1000] 8011e3a3-7a50-46e2-bb6f-efdce9fde900: 48 arrays, 83.9 MB stored; 1.5 s; peak memory 163 MiB.
2026-10-10T15:57:31Z INFO [147/1000] 8012222c-be49-4a27-8126-d090e18d6c5c: 112 arrays, 0.6 MB stored; 2.2 s; peak memory 163 MiB.
2026-10-10T15:57:31Z INFO [148/1000] 80142d82-f2d2-42cb-b54c-95ac357ef431: 48 arrays, 83.9 MB stored; 1.5 s; peak memory 163 MiB.
2026-10-10T15:57:32Z INFO [149/1000] 8014d8d4-3d59-4604-a547-289c6ab205e2: 48 arrays, 83.9 MB stored; 1.6 s; peak memory 163 MiB.
2026-10-10T15:57:33Z INFO [150/1000] 8015a730-3ca3-456c-ba42-1cf5929ce8da: 112 arrays, 0.5 MB stored; 1.9 s; peak memory 163 MiB.
2026-10-10T15:57:34Z INFO [151/1000] 8015b5fc-8489-4d62-8b3a-a115e268bd51: 41 arrays, 8.4 MB stored; 1.5 s; peak memory 163 MiB.
2026-10-10T15:57:35Z INFO [152/1000] 80168b64-dab8-4dea-b525-d50bd78522ec: 66 arrays, 161.1 MB stored; 2.1 s; peak memory 163 MiB.
2026-10-10T15:57:35Z INFO [153/1000] 801691b1-bd23-49fa-8e2d-5a9019a30175: 48 arrays, 83.9 MB stored; 1.5 s; peak memory 163 MiB.
2026-10-10T15:57:37Z INFO [154/1000] 8016f914-3f09-43d4-9724-baa263d076ab: 41 arrays, 8.4 MB stored; 1.5 s; peak memory 163 MiB.
2026-10-10T15:57:37Z INFO [155/1000] 80175fdb-1b9c-4240-b6a6-d51325180149: 38 arrays, 0.5 MB stored; 1.4 s; peak memory 163 MiB.
2026-10-10T15:57:39Z INFO [156/1000] 8018edf1-678c-4a6e-8765-6afd1b638164: 52 arrays, 10.0 MB stored; 1.7 s; peak memory 163 MiB.
2026-10-10T15:57:43Z INFO [157/1000] 8011b165-ec8d-4b92-8072-35fc9c64b943: 3043 arrays, 27.0 MB stored; 15.1 s; peak memory 163 MiB.
2026-10-10T15:57:43Z INFO [158/1000] 8018efd7-177f-496e-bc82-915ab76a92c2: 180 arrays, 241.5 MB stored; 4.6 s; peak memory 163 MiB.
2026-10-10T15:57:44Z INFO [159/1000] 80190552-d91b-4cad-8db0-554be3cdb77b: 48 arrays, 83.9 MB stored; 1.6 s; peak memory 163 MiB.
2026-10-10T15:57:45Z INFO [160/1000] 8019d071-61f0-451c-9591-7f0deb93e0fd: 48 arrays, 83.9 MB stored; 1.5 s; peak memory 163 MiB.
2026-10-10T15:57:46Z INFO [161/1000] 8017a1bb-70fb-4f05-98bd-fa9d6ca15249: 300 arrays, 18582.1 MB stored; 8.7 s; peak memory 163 MiB.
2026-10-10T15:57:46Z INFO [162/1000] 801a5ad2-35ff-46c6-bff6-ba051d4e1f17: 52 arrays, 0.0 MB stored; 1.4 s; peak memory 163 MiB.
2026-10-10T15:57:46Z INFO [163/1000] 801a7ebf-52b5-4b7d-a4e5-d38de9021631: 64 arrays, 0.0 MB stored; 1.7 s; peak memory 163 MiB.
2026-10-10T15:57:47Z INFO [164/1000] 801b067f-eaef-4625-a7b9-e62b5fc09e69: 117 arrays, 0.3 MB stored; 1.8 s; peak memory 163 MiB.
2026-10-10T15:57:48Z INFO [165/1000] 801a90fc-f732-47a0-be42-213a6f181a47: 70 arrays, 24.5 MB stored; 2.4 s; peak memory 163 MiB.
2026-10-10T15:57:48Z INFO [166/1000] 801b27f2-0a51-46b2-8421-a904905f5bc1: 118 arrays, 0.4 MB stored; 2.0 s; peak memory 163 MiB.
2026-10-10T15:57:49Z INFO [167/1000] 801b5e10-554d-4809-81b9-5e46d3c8d03a: 52 arrays, 0.0 MB stored; 1.3 s; peak memory 163 MiB.
2026-10-10T15:57:50Z INFO [168/1000] 801bbdc9-220f-4bd3-8873-f10c148c974a: 52 arrays, 12.8 MB stored; 1.7 s; peak memory 163 MiB.
2026-10-10T15:57:52Z INFO [169/1000] 801df545-7a56-41c8-b776-8322ee494e2d: 146 arrays, 93.9 MB stored; 3.0 s; peak memory 163 MiB.
2026-10-10T15:57:52Z INFO [170/1000] 801c404a-b4c3-482e-96e7-9e6f5a4fe0de: 114 arrays, 186.8 MB stored; 3.5 s; peak memory 163 MiB.
2026-10-10T15:57:53Z INFO [171/1000] 801e3e42-1395-4ae8-9260-3b910c7b032e: 104 arrays, 18.6 MB stored; 3.7 s; peak memory 163 MiB.
2026-10-10T15:57:53Z INFO [172/1000] 801ed841-eb31-4d38-ac9f-3e82d383aa73: 48 arrays, 83.9 MB stored; 1.8 s; peak memory 163 MiB.
2026-10-10T15:57:55Z INFO [173/1000] 80204d2c-5e51-49f2-8afb-d02a070dbe7f: 48 arrays, 83.9 MB stored; 1.8 s; peak memory 163 MiB.
2026-10-10T15:57:57Z INFO [174/1000] 80205d3a-022a-440b-8716-8dd85ea6008c: 63 arrays, 0.1 MB stored; 1.9 s; peak memory 163 MiB.
2026-10-10T15:58:00Z INFO [175/1000] 802076f8-cc4c-4a7a-8e80-9db55e055a56: 117 arrays, 13.6 MB stored; 3.0 s; peak memory 163 MiB.
2026-10-10T15:58:02Z INFO [176/1000] 801ee4fc-bd9e-498e-898e-3e00c00e6629: 843 arrays, 24.0 MB stored; 9.8 s; peak memory 163 MiB.
2026-10-10T15:58:02Z INFO [177/1000] 802232d2-23fb-478b-98ab-54a4c2f13040: 48 arrays, 83.9 MB stored; 1.7 s; peak memory 163 MiB.
2026-10-10T15:58:04Z INFO [178/1000] 80230d5f-8711-4e55-a8a4-a6444c0e5dd3: 48 arrays, 83.9 MB stored; 1.9 s; peak memory 163 MiB.
2026-10-10T15:58:05Z INFO [179/1000] 80227f26-1fc8-4445-8854-bcf516e0b83a: 133 arrays, 94689.0 MB stored; 2.9 s; peak memory 163 MiB.
2026-10-10T15:58:05Z INFO [180/1000] 800a1ade-928d-4a67-835b-4ba171ee4ef1: 55 arrays, 2177.1 MB stored; 52.5 s; peak memory 163 MiB.
2026-10-10T15:58:05Z INFO [181/1000] 8023d743-dfd4-462c-b967-71c0a4bdf809: 43 arrays, 1.9 MB stored; 1.9 s; peak memory 163 MiB.
2026-10-10T15:58:07Z INFO [182/1000] 8023f539-2237-4425-9267-1c2295bb0e9c: 117 arrays, 0.5 MB stored; 1.9 s; peak memory 163 MiB.
2026-10-10T15:58:07Z INFO [183/1000] 802442be-d058-4687-96c8-c1b19abe0e98: 48 arrays, 83.9 MB stored; 1.6 s; peak memory 163 MiB.
2026-10-10T15:58:07Z INFO [184/1000] 80241828-ea50-4fa0-8aee-a4fd8ea52390: 48 arrays, 83.9 MB stored; 1.7 s; peak memory 163 MiB.
2026-10-10T15:58:09Z INFO [185/1000] 8024bf46-e080-44aa-8871-cf8853bbeb56: 43 arrays, 8.8 MB stored; 2.4 s; peak memory 163 MiB.
2026-10-10T15:58:09Z INFO [186/1000] 80244c7c-427a-476b-8984-e5cd9c49176a: 110 arrays, 1.1 MB stored; 2.8 s; peak memory 163 MiB.
2026-10-10T15:58:10Z INFO [187/1000] 8025619d-fefd-4e7b-8253-dd1402bdf306: 131 arrays, 0.9 MB stored; 3.2 s; peak memory 163 MiB.
2026-10-10T15:58:11Z INFO [188/1000] 80263562-9d80-4688-b3f6-7429a49bb17e: 48 arrays, 83.9 MB stored; 1.8 s; peak memory 163 MiB.
2026-10-10T15:58:15Z INFO [189/1000] 80274add-ae38-4030-afe7-a17df2e5d506: 434 arrays, 3.8 MB stored; 4.9 s; peak memory 163 MiB.
2026-10-10T15:58:17Z INFO [190/1000] 802787be-48a5-46dc-97c4-300a9a2db656: 48 arrays, 83.9 MB stored; 1.7 s; peak memory 163 MiB.
2026-10-10T15:58:18Z INFO [191/1000] 802762d7-f0ab-4188-bfd7-1c2efc2cb5f0: 174 arrays, 73.0 MB stored; 6.8 s; peak memory 163 MiB.
2026-10-10T15:58:20Z INFO [192/1000] 80286483-9015-4a97-aa93-8e9d29b4610d: 52 arrays, 13.9 MB stored; 1.9 s; peak memory 163 MiB.
2026-10-10T15:58:27Z INFO [193/1000] 8028915c-7f89-4b53-aa7e-7116bd48b05b: 152 arrays, 503.9 MB stored; 6.9 s; peak memory 163 MiB.
2026-10-10T15:58:30Z INFO [194/1000] 8028ee6f-86c4-4b10-8dfc-09e9da636b37: 168 arrays, 3.2 MB stored; 3.5 s; peak memory 163 MiB.
2026-10-10T15:58:32Z INFO [195/1000] 802697d7-abc2-455f-99b9-677f82692657: 48 arrays, 41088.8 MB stored; 22.3 s; peak memory 163 MiB.
2026-10-10T15:58:33Z INFO [196/1000] 802942d7-e27c-4ec4-8bc8-5d1c3b06a8a9: 48 arrays, 83.9 MB stored; 1.7 s; peak memory 163 MiB.
2026-10-10T15:58:34Z INFO [197/1000] 802911f8-5517-4f68-a90a-e2d3bd97596c: 152 arrays, 323.3 MB stored; 3.6 s; peak memory 163 MiB.
2026-10-10T15:58:35Z INFO [198/1000] 80297bf1-c913-4e4f-baf0-eda2c3d5b8a4: 48 arrays, 83.9 MB stored; 1.7 s; peak memory 163 MiB.
2026-10-10T15:58:38Z INFO [199/1000] 800e10c8-1620-4954-a93d-2a13b13430c8: 9917 arrays, 283.5 MB stored; 78.4 s; peak memory 163 MiB.
2026-10-10T15:58:39Z INFO [200/1000] 8029b4fc-f37c-4221-acca-acdc3fb3fd34: 184 arrays, 217.7 MB stored; 5.2 s; peak memory 163 MiB.
2026-10-10T15:58:40Z INFO [200/1000] 8029b4fc-f37c-4221-acca-acdc3fb3fd34: checkpointed 200 new records.
2026-10-10T15:58:41Z INFO [201/1000] 802add10-d52b-456d-8861-023ae6840bfb: 66 arrays, 82.9 MB stored; 2.7 s; peak memory 302 MiB.
2026-10-10T15:58:42Z INFO [202/1000] 8029f800-1de4-446f-9667-abaa27559231: 523 arrays, 7.7 MB stored; 7.3 s; peak memory 302 MiB.
2026-10-10T15:58:43Z INFO [203/1000] 802b49c6-b050-40cd-b17b-c28988260786: 66 arrays, 93.7 MB stored; 2.2 s; peak memory 302 MiB.
2026-10-10T15:58:44Z INFO [204/1000] 802b729d-4eba-4a84-a2a2-536734876aa1: 48 arrays, 83.9 MB stored; 1.6 s; peak memory 302 MiB.
2026-10-10T15:58:46Z INFO [205/1000] 802b83fb-2301-4ba6-83a0-82e6fd2e66d5: 62 arrays, 2819.4 MB stored; 2.2 s; peak memory 302 MiB.
2026-10-10T15:58:47Z INFO [206/1000] 802ce42b-749d-43fb-8740-105a36c2ac60: 46 arrays, 12.6 MB stored; 1.7 s; peak memory 302 MiB.
2026-10-10T15:58:49Z INFO [207/1000] 802d0125-f315-4621-8ca0-ebe32dacdd58: 76 arrays, 4.6 MB stored; 2.0 s; peak memory 302 MiB.
2026-10-10T15:58:50Z INFO [208/1000] 802b3764-5a13-4959-a5e8-00ebcf74bcb8: 336 arrays, 44.0 MB stored; 10.8 s; peak memory 302 MiB.
2026-10-10T15:58:52Z INFO [209/1000] 802be52c-9698-416b-8db8-8b66abfb57db: 56 arrays, 105.8 MB stored; 7.8 s; peak memory 302 MiB.
2026-10-10T15:58:53Z INFO [210/1000] 802e2467-d2f2-4b6b-a3f0-dd52b04cd4a0: 33 arrays, 0.0 MB stored; 1.3 s; peak memory 302 MiB.
2026-10-10T15:59:11Z INFO [211/1000] 802e4fc0-cf2e-43ff-9647-834db6abf526: 49 arrays, 20204.2 MB stored; 18.5 s; peak memory 302 MiB.
2026-10-10T15:59:13Z INFO [212/1000] 802e5725-c988-45ca-85d1-29646e0a7fb8: 57 arrays, 0.0 MB stored; 1.3 s; peak memory 302 MiB.
2026-10-10T15:59:14Z INFO [213/1000] 80300be5-e8a6-41e9-a95c-e21e3fcbd363: 48 arrays, 83.9 MB stored; 1.5 s; peak memory 302 MiB.
2026-10-10T16:00:04Z INFO [214/1000] 801f0888-28e7-4623-b92c-cf4489024832: 433 arrays, 19805.2 MB stored; 130.5 s; peak memory 302 MiB.
2026-10-10T16:00:06Z INFO [215/1000] 803082df-4a6d-4b94-aaab-8912c0e00273: 118 arrays, 0.3 MB stored; 2.3 s; peak memory 302 MiB.
2026-10-10T16:00:08Z INFO [216/1000] 8030a2ca-b1ce-4b75-bc20-2bf43a32da69: 118 arrays, 0.5 MB stored; 2.4 s; peak memory 302 MiB.
2026-10-10T16:00:10Z INFO [217/1000] 8030f21f-3ba6-4073-bfef-45f41cc6d4e5: 48 arrays, 83.9 MB stored; 1.7 s; peak memory 302 MiB.
2026-10-10T16:00:12Z INFO [218/1000] 803126b8-73af-4e0c-ab3a-8a8575bbb28c: 46 arrays, 0.1 MB stored; 1.5 s; peak memory 302 MiB.
2026-10-10T16:00:14Z INFO [219/1000] 80315df1-c90a-446e-9ce9-c86e234dc1c1: 112 arrays, 0.6 MB stored; 1.8 s; peak memory 302 MiB.
2026-10-10T16:00:15Z INFO [220/1000] 80279a52-4d20-4b60-9f9a-485bee44e43c: 241 arrays, 19683.7 MB stored; 118.0 s; peak memory 302 MiB.
2026-10-10T16:00:15Z INFO [221/1000] 8031cd24-5628-46a9-84e8-b0325349ac70: 118 arrays, 0.5 MB stored; 1.7 s; peak memory 302 MiB.
2026-10-10T16:00:17Z INFO [222/1000] 8031de77-de5c-4cea-82d0-7d15bfbe3932: 48 arrays, 83.9 MB stored; 1.6 s; peak memory 302 MiB.
2026-10-10T16:00:17Z INFO [223/1000] 8031efcb-cd66-439c-9a62-eceabf24dd41: 117 arrays, 0.4 MB stored; 1.8 s; peak memory 302 MiB.
2026-10-10T16:00:22Z INFO [224/1000] 8032a006-1b5d-4ae1-a6fe-49ec4185d381: 168 arrays, 20.6 MB stored; 5.1 s; peak memory 302 MiB.
2026-10-10T16:00:23Z INFO [225/1000] 80327052-a2eb-4b5d-8eef-22d037ca3ac7: 229 arrays, 384.0 MB stored; 6.1 s; peak memory 302 MiB.
2026-10-10T16:00:23Z INFO [226/1000] 8033783e-acfd-4489-8617-72ad52cbce5c: 50 arrays, 5.5 MB stored; 1.3 s; peak memory 302 MiB.
2026-10-10T16:00:25Z INFO [227/1000] 803466ae-90aa-4b2f-be33-43c45e6e0a87: 48 arrays, 83.9 MB stored; 1.4 s; peak memory 302 MiB.
2026-10-10T16:00:26Z INFO [228/1000] 80344c6d-0d86-4924-a446-938a8007936b: 114 arrays, 186.9 MB stored; 3.2 s; peak memory 302 MiB.
2026-10-10T16:00:27Z INFO [229/1000] 80347603-3780-4cb6-9b83-d256daa0081f: 111 arrays, 0.0 MB stored; 1.6 s; peak memory 302 MiB.
2026-10-10T16:00:28Z INFO [230/1000] 80348c55-a13d-4920-822f-984eed3a9f18: 62 arrays, 2842.6 MB stored; 2.1 s; peak memory 302 MiB.
2026-10-10T16:00:28Z INFO [231/1000] 8035be00-1417-4dfa-916a-053f331d0afa: 64 arrays, 14.2 MB stored; 1.7 s; peak memory 302 MiB.
2026-10-10T16:00:29Z INFO [232/1000] 803603dd-0017-4689-8702-6988b6d91988: 48 arrays, 83.9 MB stored; 1.5 s; peak memory 302 MiB.
2026-10-10T16:00:31Z INFO [233/1000] 8036d2dc-c548-478f-ae05-b22046501102: 112 arrays, 0.6 MB stored; 2.0 s; peak memory 302 MiB.
2026-10-10T16:00:33Z INFO [234/1000] 803792e3-7935-43a0-938a-c284f9e5b13b: 117 arrays, 0.4 MB stored; 1.7 s; peak memory 302 MiB.
2026-10-10T16:00:33Z INFO [235/1000] 802d237f-628e-4e08-95b5-ff1e33a7b41b: 62 arrays, 10150.7 MB stored; 104.1 s; peak memory 302 MiB.
2026-10-10T16:00:35Z INFO [236/1000] 8038f8b6-9012-49c6-a771-d8739628ac2e: 57 arrays, 0.0 MB stored; 1.3 s; peak memory 302 MiB.
2026-10-10T16:00:35Z INFO [237/1000] 8037ed71-d53e-49ff-a9e4-e524ac24b73a: 48 arrays, 83.9 MB stored; 1.5 s; peak memory 302 MiB.
2026-10-10T16:00:36Z INFO [238/1000] 80393d40-73c3-488b-8e1c-4a161a8b5709: 52 arrays, 11.2 MB stored; 1.7 s; peak memory 302 MiB.
2026-10-10T16:00:37Z INFO [239/1000] 803997b6-caa1-4046-87ba-ba322ed43989: 66 arrays, 65.4 MB stored; 2.2 s; peak memory 302 MiB.
2026-10-10T16:00:38Z INFO [240/1000] 803abe33-8098-42aa-a557-1c3e0ca12dc9: 117 arrays, 0.3 MB stored; 1.7 s; peak memory 302 MiB.
2026-10-10T16:00:41Z INFO [241/1000] 803b3ba5-43a5-405d-8895-ac4b6208f318: 69 arrays, 26.0 MB stored; 2.1 s; peak memory 302 MiB.
2026-10-10T16:00:42Z INFO [242/1000] 7fe46f13-a22c-45f0-8d2b-c202001f701f: 453 arrays, 43302.7 MB stored; 247.1 s; peak memory 302 MiB.
2026-10-10T16:00:43Z INFO [243/1000] 803b56e9-28ab-4525-9aae-ddd8d82f23bf: 66 arrays, 51.0 MB stored; 2.1 s; peak memory 302 MiB.
2026-10-10T16:00:43Z INFO [244/1000] 803aacbc-80fe-4f2d-8b33-62895b51a96c: 223 arrays, 437.3 MB stored; 6.4 s; peak memory 302 MiB.
2026-10-10T16:00:44Z INFO [245/1000] 803b65fa-c451-4107-afa2-49a5d69b8e08: 48 arrays, 83.9 MB stored; 1.5 s; peak memory 302 MiB.
2026-10-10T16:00:44Z INFO [246/1000] 803cc517-d1b2-4833-987d-9a1498f241e5: 57 arrays, 0.0 MB stored; 1.3 s; peak memory 302 MiB.
2026-10-10T16:00:44Z INFO [247/1000] 803c6ab4-ac0d-4f5b-92f3-d9146f2f8044: 48 arrays, 83.9 MB stored; 1.6 s; peak memory 302 MiB.
2026-10-10T16:00:45Z INFO [248/1000] 803d494f-62df-4d5a-9574-891c7fd22ff6: 116 arrays, 0.3 MB stored; 1.8 s; peak memory 302 MiB.
2026-10-10T16:00:45Z INFO [249/1000] 80368151-3a8e-4aff-9d4a-2aa70acc1995: 939 arrays, 31.2 MB stored; 17.2 s; peak memory 302 MiB.
2026-10-10T16:00:46Z INFO [250/1000] 803debc4-18b5-4e90-befd-aacaeebd4fd3: 110 arrays, 0.5 MB stored; 2.0 s; peak memory 302 MiB.
2026-10-10T16:00:46Z INFO [251/1000] 803db7ce-06c6-40bd-8f6e-9fe364f3e22a: 77 arrays, 637.0 MB stored; 2.4 s; peak memory 302 MiB.
2026-10-10T16:00:47Z INFO [252/1000] 803f7e7e-f974-4d44-96ec-3022b3b4100a: 48 arrays, 83.9 MB stored; 1.6 s; peak memory 302 MiB.
2026-10-10T16:00:48Z INFO [253/1000] 8041fac7-064b-49ac-a590-09305b56c31c: 50 arrays, 3.0 MB stored; 1.4 s; peak memory 302 MiB.
2026-10-10T16:00:48Z INFO [254/1000] 804034ea-9732-49e9-8fca-3916085029f0: 48 arrays, 83.9 MB stored; 1.6 s; peak memory 302 MiB.
2026-10-10T16:00:49Z INFO [255/1000] 80423eab-7d32-46f7-a296-fffb658c32de: 112 arrays, 0.6 MB stored; 1.9 s; peak memory 302 MiB.
2026-10-10T16:00:49Z INFO [256/1000] 7ffd96dd-1bd1-4a35-a419-4887690c61ee: 292 arrays, 40421.4 MB stored; 231.6 s; peak memory 302 MiB.
2026-10-10T16:00:50Z INFO [257/1000] 80426b7e-a594-4a6a-945e-52265ef16260: 66 arrays, 49.0 MB stored; 2.0 s; peak memory 302 MiB.
2026-10-10T16:00:51Z INFO [258/1000] 803f2378-3578-4863-b134-881b31b39a56: 484 arrays, 5.9 MB stored; 6.0 s; peak memory 302 MiB.
2026-10-10T16:00:51Z INFO [259/1000] 8043a2a6-b0d4-4c73-9670-7bb02684fe4e: 69 arrays, 24.0 MB stored; 2.0 s; peak memory 302 MiB.
2026-10-10T16:00:52Z INFO [260/1000] 8045701e-b02b-4ec1-87ab-58dcca741224: 110 arrays, 0.6 MB stored; 2.0 s; peak memory 302 MiB.
2026-10-10T16:00:53Z INFO [261/1000] 80461791-9425-4ba4-99fb-867ae5c531ad: 48 arrays, 83.9 MB stored; 1.6 s; peak memory 302 MiB.
2026-10-10T16:00:54Z INFO [262/1000] 8046638c-c3a0-473c-ae25-68a8b983ba6d: 64 arrays, 40.5 MB stored; 2.1 s; peak memory 302 MiB.
2026-10-10T16:00:55Z INFO [263/1000] 8043a132-9555-4541-8c15-41d8da7b395e: 363 arrays, 5.5 MB stored; 5.7 s; peak memory 302 MiB.
2026-10-10T16:00:55Z INFO [264/1000] 80477db6-77b5-4f4a-9458-13a121bea389: 48 arrays, 83.9 MB stored; 1.5 s; peak memory 302 MiB.
2026-10-10T16:00:56Z INFO [265/1000] 8046d081-4d9c-4080-8e5e-a25dcf8c8610: 69 arrays, 103.9 MB stored; 2.6 s; peak memory 302 MiB.
2026-10-10T16:00:56Z INFO [266/1000] 8048df84-957b-4c3a-966d-7d90d83ecf00: 69 arrays, 0.4 MB stored; 1.8 s; peak memory 302 MiB.
2026-10-10T16:00:57Z INFO [267/1000] 80491672-f47b-4417-867a-e4751b64c489: 48 arrays, 83.9 MB stored; 1.5 s; peak memory 302 MiB.
2026-10-10T16:00:58Z INFO [268/1000] 804a5eb4-3352-48be-85d9-60eb9e633490: 45 arrays, 0.0 MB stored; 1.2 s; peak memory 302 MiB.
2026-10-10T16:00:59Z INFO [269/1000] 804aebc6-f684-427a-8ca7-521d64f9f51a: 118 arrays, 0.3 MB stored; 1.6 s; peak memory 302 MiB.
2026-10-10T16:01:01Z INFO [270/1000] 80497a95-8880-4cf7-acc7-bac664ae8ac6: 92 arrays, 138.3 MB stored; 5.3 s; peak memory 302 MiB.
2026-10-10T16:01:05Z INFO [271/1000] 8042451e-0503-4e09-9919-348a5073c690: 1947 arrays, 41.1 MB stored; 17.6 s; peak memory 302 MiB.
2026-10-10T16:01:06Z INFO [272/1000] 804b3a0f-d0c6-4599-8d07-8514125b0c5b: 439 arrays, 3.2 MB stored; 4.7 s; peak memory 302 MiB.
2026-10-10T16:01:07Z INFO [273/1000] 804b1132-1238-4fbc-a30a-5b46e3bed719: 764 arrays, 30.0 MB stored; 7.5 s; peak memory 302 MiB.
2026-10-10T16:01:07Z INFO [274/1000] 804bd89f-9d33-4d19-8ba3-562966cdf4e9: 117 arrays, 0.4 MB stored; 1.8 s; peak memory 302 MiB.
2026-10-10T16:01:09Z INFO [275/1000] 804db95b-79bf-4dd6-aad3-66a8689e8a65: 110 arrays, 0.5 MB stored; 2.0 s; peak memory 302 MiB.
2026-10-10T16:01:10Z INFO [276/1000] 804e4d97-6794-4eb4-a01e-e359c3ffd887: 42 arrays, 55.9 MB stored; 1.6 s; peak memory 302 MiB.
2026-10-10T16:01:10Z INFO [277/1000] 804e1ae7-4671-41cb-b55e-3ef82455bb0f: 116 arrays, 187.1 MB stored; 3.1 s; peak memory 302 MiB.
2026-10-10T16:01:12Z INFO [278/1000] 804e544a-1eb2-48b1-8741-d85541302fd7: 84 arrays, 0.2 MB stored; 1.8 s; peak memory 302 MiB.
2026-10-10T16:01:13Z INFO [279/1000] 804e5f88-956c-4a7b-8da1-224d1314cf5b: 38 arrays, 20.8 MB stored; 2.1 s; peak memory 302 MiB.
2026-10-10T16:01:14Z INFO [280/1000] 804f69e0-00c0-4349-b360-bdb9244a0165: 48 arrays, 83.9 MB stored; 1.5 s; peak memory 302 MiB.
2026-10-10T16:01:14Z INFO [281/1000] 804f36b9-d2da-4ce8-a4c6-7306d0a52fef: 70 arrays, 26.2 MB stored; 2.3 s; peak memory 302 MiB.
2026-10-10T16:01:16Z INFO [282/1000] 804f7f8c-4593-4ba9-b156-414de22be04b: 52 arrays, 30.6 MB stored; 2.0 s; peak memory 302 MiB.
2026-10-10T16:01:17Z INFO [283/1000] 804f9c82-b572-4236-9e64-e3d97fbc47db: 69 arrays, 46.2 MB stored; 2.3 s; peak memory 302 MiB.
2026-10-10T16:01:18Z INFO [284/1000] 8051a6f6-d2ad-4423-88db-dff4312ea414: 48 arrays, 83.9 MB stored; 1.5 s; peak memory 302 MiB.
2026-10-10T16:01:18Z INFO [285/1000] 804adcec-415b-4527-80bc-c7878a6c0211: 683 arrays, 39.7 MB stored; 21.3 s; peak memory 302 MiB.
2026-10-10T16:01:18Z INFO [286/1000] 8030332e-4e4d-436a-81c1-95157266b7a5: 413 arrays, 19727.9 MB stored; 123.6 s; peak memory 302 MiB.
2026-10-10T16:01:18Z INFO [287/1000] 80529557-cc0f-4d35-ab00-f6af66022764: 121 arrays, 0.2 MB stored; 1.6 s; peak memory 302 MiB.
2026-10-10T16:01:20Z INFO [288/1000] 80536993-cb2d-4e0b-8031-b8a8012bdbbe: 52 arrays, 0.0 MB stored; 1.4 s; peak memory 302 MiB.
2026-10-10T16:01:20Z INFO [289/1000] 805337ec-738f-4628-8a42-5c4a27bbb713: 69 arrays, 29.5 MB stored; 2.2 s; peak memory 302 MiB.
2026-10-10T16:01:20Z INFO [290/1000] 8052dc75-4165-4f72-9b43-2372a52053ce: 71 arrays, 153.1 MB stored; 2.7 s; peak memory 302 MiB.
2026-10-10T16:01:21Z INFO [291/1000] 805399bd-9b35-4555-b8c5-9a9abaa3a556: 53 arrays, 0.6 MB stored; 1.5 s; peak memory 302 MiB.
2026-10-10T16:01:23Z INFO [292/1000] 80546f1b-17c5-45bd-a61c-0d0a0e65a75d: 76 arrays, 35.0 MB stored; 2.3 s; peak memory 302 MiB.
2026-10-10T16:01:24Z INFO [293/1000] 8053091a-a724-4b2b-89f7-c31438fb8784: 219 arrays, 28.8 MB stored; 6.3 s; peak memory 302 MiB.
2026-10-10T16:01:24Z INFO [294/1000] 80548665-aebd-40c9-a3d9-fb399274302d: 115 arrays, 190.1 MB stored; 3.2 s; peak memory 302 MiB.
2026-10-10T16:01:25Z INFO [295/1000] 8054c85d-48f6-4746-afcb-4505ab2f3695: 45 arrays, 650.5 MB stored; 1.9 s; peak memory 302 MiB.
2026-10-10T16:01:25Z INFO [296/1000] 8053a0a6-32d9-4f2c-a011-e23ede6208aa: 445 arrays, 4.9 MB stored; 5.2 s; peak memory 302 MiB.
2026-10-10T16:01:25Z INFO [297/1000] 80124bcd-318d-4a91-a0fd-6f2d63afcd36: 36935 arrays, 1296.6 MB stored; 236.6 s; peak memory 302 MiB.
2026-10-10T16:01:26Z INFO [298/1000] 8055b846-9986-4a77-9416-5a14e253d673: 37 arrays, 0.0 MB stored; 1.3 s; peak memory 302 MiB.
2026-10-10T16:01:26Z INFO [299/1000] 8055d61c-a74a-4c9c-8d41-bfe8a30435e1: 48 arrays, 83.9 MB stored; 1.7 s; peak memory 302 MiB.
2026-10-10T16:01:27Z INFO [300/1000] 80569aeb-7004-4862-af86-2f421c4dc42b: 48 arrays, 83.9 MB stored; 1.4 s; peak memory 302 MiB.
2026-10-10T16:01:27Z INFO [301/1000] 8055ab64-6e7e-4bc0-98ac-9b7e9cd81e04: 118 arrays, 66.2 MB stored; 2.7 s; peak memory 302 MiB.
2026-10-10T16:01:27Z INFO [302/1000] 8056bee9-dcb8-4172-bf52-d130ddf9c0c4: 46 arrays, 0.2 MB stored; 1.4 s; peak memory 302 MiB.
2026-10-10T16:01:28Z INFO [303/1000] 805714b0-a710-4e84-8b60-7cc8665689d5: 48 arrays, 83.9 MB stored; 1.6 s; peak memory 302 MiB.
2026-10-10T16:01:28Z INFO [304/1000] 8058586d-8a35-4967-947f-a13c8559b751: 48 arrays, 83.9 MB stored; 1.5 s; peak memory 302 MiB.
2026-10-10T16:01:29Z INFO [305/1000] 8057613b-ab55-4238-af96-f8583184397e: 117 arrays, 0.4 MB stored; 1.9 s; peak memory 302 MiB.
2026-10-10T16:01:29Z INFO [306/1000] 805884d8-3879-4c9d-b3ca-3c8f75f3dd3f: 48 arrays, 83.9 MB stored; 1.6 s; peak memory 302 MiB.
2026-10-10T16:01:29Z INFO [307/1000] 80565ded-76eb-413f-acb4-946a0773ccf5: 200 arrays, 5.4 MB stored; 3.6 s; peak memory 302 MiB.
2026-10-10T16:01:30Z INFO [308/1000] 80596eb2-d43b-4027-a8db-947d509e1bfd: 46 arrays, 0.1 MB stored; 1.3 s; peak memory 302 MiB.
2026-10-10T16:01:30Z INFO [309/1000] 8059f3bd-ba24-4f3c-bd3d-2464311b2b67: 48 arrays, 83.9 MB stored; 1.5 s; peak memory 302 MiB.
2026-10-10T16:01:30Z INFO [310/1000] 8059dc82-13f5-481f-98ca-2d9339834aba: 48 arrays, 83.9 MB stored; 1.6 s; peak memory 302 MiB.
2026-10-10T16:01:31Z INFO [311/1000] 805a9fe6-613c-4251-8a60-24ab3b04a3f1: 115 arrays, 0.4 MB stored; 1.7 s; peak memory 302 MiB.
2026-10-10T16:01:32Z INFO [312/1000] 8059b83c-129c-424d-8561-bb69db657b7a: 115 arrays, 190.1 MB stored; 3.1 s; peak memory 302 MiB.
2026-10-10T16:01:32Z INFO [313/1000] 805b7762-8056-42d6-9a27-6bae0dc90355: 52 arrays, 24.4 MB stored; 1.8 s; peak memory 302 MiB.
2026-10-10T16:01:32Z INFO [314/1000] 805ad8a1-5cd1-46a0-96d3-4807b9986c6f: 69 arrays, 119.4 MB stored; 2.1 s; peak memory 302 MiB.
2026-10-10T16:01:33Z INFO [315/1000] 805bd135-2cd5-4a46-bdab-8874fb08e22c: 45 arrays, 0.0 MB stored; 1.3 s; peak memory 302 MiB.
2026-10-10T16:01:33Z INFO [316/1000] 805c322c-0258-407c-bc2f-dbee891d14b0: 48 arrays, 83.9 MB stored; 1.5 s; peak memory 302 MiB.
2026-10-10T16:01:34Z INFO [317/1000] 805d09d0-8d30-4127-b5af-8d468948feee: 112 arrays, 0.4 MB stored; 1.9 s; peak memory 302 MiB.
2026-10-10T16:01:34Z INFO [318/1000] 805d62c3-e2b9-4203-8fc2-088e5d6a22dd: 77 arrays, 0.2 MB stored; 1.6 s; peak memory 302 MiB.
2026-10-10T16:01:35Z INFO [319/1000] 805d995e-db99-42a4-8bc9-55f14de393d6: 118 arrays, 0.3 MB stored; 1.8 s; peak memory 302 MiB.
2026-10-10T16:01:35Z INFO [320/1000] 805df90b-6259-4fe0-a425-07d4ef63f69b: 48 arrays, 83.9 MB stored; 1.5 s; peak memory 302 MiB.
2026-10-10T16:01:36Z INFO [321/1000] 80595ca2-c171-4865-bdbf-cc926d9f0803: 86 arrays, 13017.7 MB stored; 8.3 s; peak memory 302 MiB.
2026-10-10T16:01:36Z INFO [322/1000] 8060216e-d26f-4633-846b-b76665d9043c: 112 arrays, 0.1 MB stored; 1.5 s; peak memory 302 MiB.
2026-10-10T16:01:36Z INFO [323/1000] 805fe08e-995a-4ab1-b960-a33551da8fbe: 117 arrays, 0.5 MB stored; 1.8 s; peak memory 302 MiB.
2026-10-10T16:01:37Z INFO [324/1000] 805e31a9-6074-4867-858d-8eb26fc8630a: 112 arrays, 1.0 MB stored; 2.7 s; peak memory 302 MiB.
2026-10-10T16:01:38Z INFO [325/1000] 8060ef04-d82b-4702-a2e3-db68e2ca2c02: 48 arrays, 83.9 MB stored; 1.5 s; peak memory 302 MiB.
2026-10-10T16:01:38Z INFO [326/1000] 80611c3d-f102-4e70-9be2-fd124a401639: 54 arrays, 0.0 MB stored; 1.4 s; peak memory 302 MiB.
2026-10-10T16:01:38Z INFO [327/1000] 805e324c-6ba1-4980-9c50-04029f279be6: 116 arrays, 187.1 MB stored; 3.6 s; peak memory 302 MiB.
2026-10-10T16:01:38Z INFO [328/1000] 806177e2-27d6-4828-9a21-d35655bc03f4: 33 arrays, 534.7 MB stored; 1.7 s; peak memory 302 MiB.
2026-10-10T16:01:39Z INFO [329/1000] 80612180-a752-44dd-8ef6-ec3d8d76ff76: 66 arrays, 90.1 MB stored; 2.5 s; peak memory 302 MiB.
2026-10-10T16:01:39Z INFO [330/1000] 80624eb7-246e-4029-9617-ccfd0fb8c6f6: 46 arrays, 0.2 MB stored; 1.8 s; peak memory 302 MiB.
2026-10-10T16:01:40Z INFO [331/1000] 8061819a-3842-4047-8e6e-2a2ad25c6200: 77 arrays, 0.1 MB stored; 2.0 s; peak memory 302 MiB.
2026-10-10T16:01:40Z INFO [332/1000] 806327d8-c5bd-4741-9bd4-7a2ec807f3f4: 71 arrays, 41.1 MB stored; 2.4 s; peak memory 302 MiB.
2026-10-10T16:01:41Z INFO [333/1000] 80632ce8-cc75-497e-b3dd-0c3e34b2b6f3: 64 arrays, 21.8 MB stored; 2.1 s; peak memory 302 MiB.
2026-10-10T16:01:41Z INFO [334/1000] 8063d83a-013c-44a2-8527-4f3764aab533: 62 arrays, 0.7 MB stored; 1.7 s; peak memory 302 MiB.
2026-10-10T16:01:41Z INFO [335/1000] 8063f0e2-0715-4a7d-aa10-0acc244d5f20: 43 arrays, 153.0 MB stored; 1.6 s; peak memory 302 MiB.
2026-10-10T16:01:42Z INFO [336/1000] 80638a10-bc99-4925-9de5-c48c1073da61: 51 arrays, 648.9 MB stored; 2.7 s; peak memory 302 MiB.
2026-10-10T16:01:42Z INFO [337/1000] 80641021-d46d-4a5c-b087-7e0309874c61: 116 arrays, 9.8 MB stored; 1.7 s; peak memory 302 MiB.
2026-10-10T16:01:42Z INFO [338/1000] 806405bf-b579-4cc2-b747-376ea7895e23: 93 arrays, 25.0 MB stored; 2.2 s; peak memory 302 MiB.
2026-10-10T16:01:43Z INFO [339/1000] 8064430e-ce63-4992-82ca-008a99a5b608: 46 arrays, 0.2 MB stored; 1.5 s; peak memory 302 MiB.
2026-10-10T16:01:43Z INFO [340/1000] 8064bf8a-4492-4f11-99a6-4df3d23fd418: 48 arrays, 83.9 MB stored; 1.5 s; peak memory 302 MiB.
2026-10-10T16:01:43Z INFO [341/1000] 80646250-0bdb-4a43-a152-228827ff5517: 110 arrays, 0.6 MB stored; 2.1 s; peak memory 302 MiB.
2026-10-10T16:01:44Z INFO [342/1000] 8064c6fe-a839-47c9-bbb0-e88786238b55: 48 arrays, 83.9 MB stored; 1.5 s; peak memory 302 MiB.
2026-10-10T16:01:45Z INFO [343/1000] 80658c63-8464-4f94-95f1-ce1c5a7c8760: 74 arrays, 2.6 MB stored; 2.0 s; peak memory 302 MiB.
2026-10-10T16:01:45Z INFO [344/1000] 8065d6e2-b2ff-45fe-995a-db699278baba: 38 arrays, 0.5 MB stored; 1.5 s; peak memory 302 MiB.
2026-10-10T16:01:46Z INFO [345/1000] 80669a6e-54de-46ec-8dc7-53ed243626fa: 69 arrays, 85.8 MB stored; 2.4 s; peak memory 302 MiB.
2026-10-10T16:01:46Z INFO [346/1000] 806861ce-b27c-4a27-95e8-fa59f7749882: 48 arrays, 83.9 MB stored; 1.6 s; peak memory 302 MiB.
2026-10-10T16:01:48Z INFO [347/1000] 806917d1-4b4f-4df7-82a4-f9e9a15357ae: 48 arrays, 83.9 MB stored; 1.5 s; peak memory 302 MiB.
2026-10-10T16:01:48Z INFO [348/1000] 8068c278-1ec0-4a43-ad94-3a709c3ceded: 77 arrays, 0.1 MB stored; 1.6 s; peak memory 302 MiB.
2026-10-10T16:01:49Z INFO [349/1000] 8069426b-361d-4e4f-98c5-c338f8273266: 79 arrays, 5.1 MB stored; 1.8 s; peak memory 302 MiB.
2026-10-10T16:01:50Z INFO [350/1000] 8069be55-20a0-4545-a9fb-5b454aa8a30a: 71 arrays, 4.7 MB stored; 1.9 s; peak memory 302 MiB.
2026-10-10T16:01:50Z INFO [351/1000] 8065227b-6161-448a-a3c0-b438c2ea73ab: 152 arrays, 360.6 MB stored; 7.4 s; peak memory 302 MiB.
2026-10-10T16:01:51Z INFO [352/1000] 806bc7c2-c11c-40ad-af53-91cf9218f899: 57 arrays, 0.0 MB stored; 1.4 s; peak memory 302 MiB.
2026-10-10T16:01:51Z INFO [353/1000] 806c1c84-bd65-482b-b96f-979352dc5cb0: 63 arrays, 0.1 MB stored; 1.5 s; peak memory 302 MiB.
2026-10-10T16:01:52Z INFO [354/1000] 806a3a07-9091-4229-87e7-e05b27238b35: 112 arrays, 0.9 MB stored; 2.4 s; peak memory 302 MiB.
2026-10-10T16:01:52Z INFO [355/1000] 806c5663-3705-46c7-9160-ee1d91f65b46: 48 arrays, 83.9 MB stored; 1.5 s; peak memory 302 MiB.
2026-10-10T16:01:53Z INFO [356/1000] 806c6807-202d-484c-b41c-ef5d2e1b15b4: 48 arrays, 83.9 MB stored; 1.5 s; peak memory 302 MiB.
2026-10-10T16:01:54Z INFO [357/1000] 806c7ce5-7f76-4ada-94d1-51d9c340701c: 117 arrays, 0.4 MB stored; 1.9 s; peak memory 302 MiB.
2026-10-10T16:01:54Z INFO [358/1000] 806d3020-72de-47d8-8507-48e8a6734002: 41 arrays, 8.4 MB stored; 1.4 s; peak memory 302 MiB.
2026-10-10T16:01:54Z INFO [359/1000] 8067cda4-ad3e-4952-814b-781dbb01557f: 720 arrays, 23.8 MB stored; 9.7 s; peak memory 302 MiB.
2026-10-10T16:01:54Z INFO [360/1000] 806cb650-8c1c-4957-a71f-679a4cf4347f: 69 arrays, 72.1 MB stored; 1.9 s; peak memory 302 MiB.
2026-10-10T16:01:55Z INFO [361/1000] 806de588-8add-44bf-8340-c07fa36359c8: 48 arrays, 83.9 MB stored; 1.6 s; peak memory 302 MiB.
2026-10-10T16:01:56Z INFO [362/1000] 806ee243-e2f0-4f72-afda-0c39d92e9dc9: 56 arrays, 0.0 MB stored; 1.3 s; peak memory 302 MiB.
2026-10-10T16:01:56Z INFO [363/1000] 806e1819-e91d-4f84-a60b-e92948601eb8: 68 arrays, 0.0 MB stored; 1.9 s; peak memory 302 MiB.
2026-10-10T16:01:56Z INFO [364/1000] 806e1ad5-10e6-4f5e-aecb-0442e65e85b1: 117 arrays, 0.4 MB stored; 1.9 s; peak memory 302 MiB.
2026-10-10T16:01:57Z INFO [365/1000] 806eeaa5-9017-444e-adbe-87d12a69cf88: 56 arrays, 0.0 MB stored; 1.3 s; peak memory 302 MiB.
2026-10-10T16:01:57Z INFO [366/1000] 806ee625-eb0b-4396-b91b-99dacae9e4c0: 110 arrays, 0.5 MB stored; 2.1 s; peak memory 302 MiB.
2026-10-10T16:01:57Z INFO [367/1000] 806f4907-21e8-402c-a174-b8967b37d9b0: 45 arrays, 0.0 MB stored; 1.4 s; peak memory 302 MiB.
2026-10-10T16:01:58Z INFO [368/1000] 806f7b40-3083-4a1f-80f2-fa5d75a5f10f: 48 arrays, 83.9 MB stored; 1.5 s; peak memory 302 MiB.
2026-10-10T16:01:59Z INFO [369/1000] 80664215-f9f4-4818-8913-817ee9d29d05: 41 arrays, 247.6 MB stored; 15.3 s; peak memory 302 MiB.
2026-10-10T16:01:59Z INFO [370/1000] 8070b56e-b4ee-4628-a9f3-7191ba00178b: 48 arrays, 83.9 MB stored; 1.5 s; peak memory 302 MiB.
2026-10-10T16:01:59Z INFO [371/1000] 806fc1f9-5626-4aa1-928d-0b5f725e9a5d: 53 arrays, 812.5 MB stored; 2.4 s; peak memory 302 MiB.
2026-10-10T16:02:00Z INFO [372/1000] 806fd572-85b2-4d45-a83b-ed1ddc96bdfc: 112 arrays, 0.9 MB stored; 2.3 s; peak memory 302 MiB.
2026-10-10T16:02:01Z INFO [373/1000] 80721ff0-3750-4fef-bd9d-00d433821cd2: 48 arrays, 83.9 MB stored; 1.6 s; peak memory 302 MiB.
2026-10-10T16:02:02Z INFO [374/1000] 8070e31e-ad6e-44d5-9981-b835f8eba21c: 66 arrays, 102.5 MB stored; 2.9 s; peak memory 302 MiB.
2026-10-10T16:02:04Z INFO [375/1000] 80737fdb-c881-4b4b-bd37-2cf43adeed2e: 117 arrays, 0.6 MB stored; 1.9 s; peak memory 302 MiB.
2026-10-10T16:02:04Z INFO [376/1000] 80727223-e06a-477e-8c53-f222956cce06: 215 arrays, 30.3 MB stored; 4.7 s; peak memory 302 MiB.
2026-10-10T16:02:05Z INFO [377/1000] 8073a9df-ca5f-432b-b51f-3ca821937d0d: 117 arrays, 0.3 MB stored; 1.7 s; peak memory 302 MiB.
2026-10-10T16:02:06Z INFO [378/1000] 8074c906-7c87-47c9-850e-90e77c749afa: 52 arrays, 18.9 MB stored; 1.8 s; peak memory 302 MiB.
2026-10-10T16:02:07Z INFO [379/1000] 80764135-ae59-4e39-b0b8-f90880e77534: 112 arrays, 0.5 MB stored; 1.8 s; peak memory 302 MiB.
2026-10-10T16:02:08Z INFO [380/1000] 807677bb-da3a-4f03-b59a-c1a0e7745043: 46 arrays, 4.1 MB stored; 1.5 s; peak memory 302 MiB.
2026-10-10T16:02:08Z INFO [381/1000] 8076c5be-44eb-4b98-ba41-4b82c54050a7: 52 arrays, 0.0 MB stored; 1.3 s; peak memory 302 MiB.
2026-10-10T16:02:09Z INFO [382/1000] 80711c14-1a2a-43d6-83cc-70ffe591926d: 351 arrays, 121.2 MB stored; 9.7 s; peak memory 302 MiB.
2026-10-10T16:02:10Z INFO [383/1000] 8076e6ed-04fc-4113-8efb-ed7d762ecb2d: 116 arrays, 0.3 MB stored; 1.9 s; peak memory 302 MiB.
2026-10-10T16:02:11Z INFO [384/1000] 80729b37-00c5-44f7-a992-3a4444a67153: 406 arrays, 38.2 MB stored; 9.7 s; peak memory 302 MiB.
2026-10-10T16:02:13Z INFO [385/1000] 80786241-b4e5-4043-8ec0-19b2c902940a: 154 arrays, 420.3 MB stored; 3.6 s; peak memory 302 MiB.
2026-10-10T16:02:14Z INFO [386/1000] 807a0b64-c28a-4742-8dbc-5065a225dd61: 156 arrays, 193.5 MB stored; 3.8 s; peak memory 302 MiB.
2026-10-10T16:02:15Z INFO [387/1000] 807ade63-b6e0-499b-b63e-2db590bbc62e: 46 arrays, 0.1 MB stored; 1.3 s; peak memory 302 MiB.
2026-10-10T16:02:16Z INFO [388/1000] 807beae3-a0c1-46d5-8d94-3b6ba6edce29: 46 arrays, 12.6 MB stored; 1.7 s; peak memory 302 MiB.
2026-10-10T16:02:17Z INFO [389/1000] 806fdee0-f86d-48da-9df4-b8c207c27f70: 522 arrays, 4351.7 MB stored; 19.2 s; peak memory 302 MiB.
2026-10-10T16:02:18Z INFO [390/1000] 807b3f5c-f5cc-4cc6-bd80-49b1b6bfbfc1: 184 arrays, 12.2 MB stored; 3.1 s; peak memory 302 MiB.
2026-10-10T16:02:18Z INFO [391/1000] 807bfd6b-9b51-46db-b870-9406f6151418: 46 arrays, 12.6 MB stored; 1.6 s; peak memory 302 MiB.
2026-10-10T16:02:18Z INFO [392/1000] 80783f18-a7da-4af4-8ea3-82a93bdc97ad: 9087 arrays, 291.7 MB stored; 9.6 s; peak memory 302 MiB.
2026-10-10T16:02:20Z INFO [393/1000] 807d546f-109d-4297-ac73-465a7ef0e4b7: 71 arrays, 5.6 MB stored; 2.2 s; peak memory 302 MiB.
2026-10-10T16:02:21Z INFO [394/1000] 807d7da2-c4ce-4e72-9d9b-4fcfad6a008e: 66 arrays, 18.5 MB stored; 2.4 s; peak memory 302 MiB.
2026-10-10T16:02:22Z INFO [395/1000] 807e4172-6c7e-4aab-ae31-8bf9de59fc29: 112 arrays, 0.4 MB stored; 1.9 s; peak memory 302 MiB.
2026-10-10T16:02:22Z INFO [396/1000] 807bfbd5-a98b-4ae5-9611-c40c0e0bfc4c: 496 arrays, 6.3 MB stored; 6.1 s; peak memory 302 MiB.
2026-10-10T16:02:22Z INFO [397/1000] 807e6afa-a9dd-4948-b417-bab1c36a3704: 48 arrays, 83.9 MB stored; 1.6 s; peak memory 302 MiB.
2026-10-10T16:02:23Z INFO [398/1000] 807cf0b5-d52f-4e18-8eae-2ccdd6e67302: 223 arrays, 341.3 MB stored; 5.7 s; peak memory 302 MiB.
2026-10-10T16:02:25Z INFO [399/1000] 807ed0e5-c58d-466f-abd8-5d7e41a3deb9: 64 arrays, 195.7 MB stored; 2.4 s; peak memory 302 MiB.
2026-10-10T16:02:25Z INFO [400/1000] 807ee21a-0bd3-4c44-9575-425cebca9f57: 66 arrays, 62.1 MB stored; 2.5 s; peak memory 302 MiB.
2026-10-10T16:02:26Z INFO [400/1000] 807ee21a-0bd3-4c44-9575-425cebca9f57: checkpointed 400 new records.
2026-10-10T16:02:26Z INFO [401/1000] 80802a41-4137-416c-ab4c-e42be5f1cf4a: 48 arrays, 83.9 MB stored; 1.6 s; peak memory 423 MiB.
2026-10-10T16:02:27Z INFO [402/1000] 807f4144-6b81-4e48-ba03-1ff6429a3200: 114 arrays, 186.9 MB stored; 3.4 s; peak memory 423 MiB.
2026-10-10T16:02:28Z INFO [403/1000] 80807515-cb12-493e-ae1c-3aad9bfa26b3: 48 arrays, 83.9 MB stored; 1.6 s; peak memory 423 MiB.
2026-10-10T16:02:29Z INFO [404/1000] 8080324a-9d17-45be-b4ef-9c73d1c5d028: 112 arrays, 1.1 MB stored; 2.3 s; peak memory 423 MiB.
2026-10-10T16:02:30Z INFO [405/1000] 8080fac6-cb50-4898-82a6-19bfcbe3cc65: 117 arrays, 0.2 MB stored; 1.7 s; peak memory 423 MiB.
2026-10-10T16:02:31Z INFO [406/1000] 8078296e-fc6c-4ef4-92e3-352f0beee905: 48 arrays, 38699.7 MB stored; 22.4 s; peak memory 423 MiB.
2026-10-10T16:02:31Z INFO [407/1000] 80807d97-4860-4e69-8b33-eeb795cc9e94: 117 arrays, 22.2 MB stored; 2.8 s; peak memory 423 MiB.
2026-10-10T16:02:32Z INFO [408/1000] 80823f20-6d18-409c-a879-2627708d812d: 46 arrays, 0.1 MB stored; 1.5 s; peak memory 423 MiB.
2026-10-10T16:02:33Z INFO [409/1000] 80828958-e9e9-4f37-9edf-01413c707ff0: 48 arrays, 83.9 MB stored; 1.5 s; peak memory 423 MiB.
2026-10-10T16:02:34Z INFO [410/1000] 807ee7c9-8958-48ec-8fb6-81640e0f2d5f: 809 arrays, 32.7 MB stored; 11.4 s; peak memory 423 MiB.
2026-10-10T16:02:34Z INFO [411/1000] 8082c7f5-95ba-4682-b82f-c0ea9855da7e: 112 arrays, 0.4 MB stored; 1.8 s; peak memory 423 MiB.
2026-10-10T16:02:35Z INFO [412/1000] 80835436-8489-4436-a098-e4094118ce60: 41 arrays, 14.4 MB stored; 1.4 s; peak memory 423 MiB.
2026-10-10T16:02:36Z INFO [413/1000] 80816755-e105-4606-901f-9a05b84acef6: 38 arrays, 102.3 MB stored; 5.4 s; peak memory 423 MiB.
2026-10-10T16:02:36Z INFO [414/1000] 808005fd-598e-4878-963d-44c2daf3dd8f: 836 arrays, 31.4 MB stored; 11.7 s; peak memory 423 MiB.
2026-10-10T16:02:37Z INFO [415/1000] 8083f033-837b-447e-b5d9-a3635fcbb416: 117 arrays, 0.4 MB stored; 1.8 s; peak memory 423 MiB.
2026-10-10T16:02:38Z INFO [416/1000] 80847273-7dfe-4cdb-856a-7eae4b0100a0: 117 arrays, 0.4 MB stored; 1.9 s; peak memory 423 MiB.
2026-10-10T16:02:38Z INFO [417/1000] 80848046-a158-4791-a4bf-8f707f3d486a: 118 arrays, 0.3 MB stored; 1.7 s; peak memory 423 MiB.
2026-10-10T16:02:39Z INFO [418/1000] 80856bd9-c770-4c76-b0cf-6c71363ec3b7: 112 arrays, 0.1 MB stored; 1.5 s; peak memory 423 MiB.
2026-10-10T16:02:39Z INFO [419/1000] 802dedb6-0983-49ca-b7b5-1ec40dde74a9: 62 arrays, 23743.9 MB stored; 229.4 s; peak memory 423 MiB.
2026-10-10T16:02:40Z INFO [420/1000] 808374f7-359c-4107-b3ea-02ac8d5d0715: 168 arrays, 76.0 MB stored; 6.0 s; peak memory 423 MiB.
2026-10-10T16:02:41Z INFO [421/1000] 808647e6-5034-4f9b-bb3a-1ca7fb503ac1: 48 arrays, 83.9 MB stored; 1.5 s; peak memory 423 MiB.
2026-10-10T16:02:42Z INFO [422/1000] 80866733-48eb-4dbd-ba22-c6b56528430b: 64 arrays, 15.9 MB stored; 1.8 s; peak memory 423 MiB.
2026-10-10T16:02:44Z INFO [423/1000] 8086e716-4d70-410b-b309-06f86da821de: 48 arrays, 83.9 MB stored; 1.5 s; peak memory 423 MiB.
2026-10-10T16:02:46Z INFO [424/1000] 8087089b-6735-436d-946a-ce4624ca8f48: 153 arrays, 0.6 MB stored; 1.9 s; peak memory 423 MiB.
2026-10-10T16:02:46Z INFO [425/1000] 8085feaa-a2de-48cf-925e-fd41a30a4c97: 512 arrays, 11.6 MB stored; 6.6 s; peak memory 423 MiB.
2026-10-10T16:02:48Z INFO [426/1000] 80872d1a-54a9-4b5c-a7aa-bacbefc2b820: 112 arrays, 0.4 MB stored; 2.0 s; peak memory 423 MiB.
2026-10-10T16:02:49Z INFO [427/1000] 808751fc-8933-42e6-8b91-8e36010e3670: 46 arrays, 0.3 MB stored; 1.4 s; peak memory 423 MiB.
2026-10-10T16:02:50Z INFO [428/1000] 8086b7d0-2371-4a53-9638-10a73c6fd0db: 807 arrays, 22.4 MB stored; 9.5 s; peak memory 423 MiB.
2026-10-10T16:02:51Z INFO [429/1000] 80878f5b-2da9-4e14-8ef2-e01e2811bd95: 112 arrays, 0.6 MB stored; 2.0 s; peak memory 423 MiB.
2026-10-10T16:02:52Z INFO [430/1000] 8087ba5a-f353-490f-a7e6-1d5907228fc1: 41 arrays, 4.8 MB stored; 1.5 s; peak memory 423 MiB.
2026-10-10T16:02:53Z INFO [431/1000] 8087f75f-bfd4-461a-8303-c633ba3a837f: 48 arrays, 83.9 MB stored; 1.5 s; peak memory 423 MiB.
2026-10-10T16:02:53Z INFO [432/1000] 8088cc58-e425-49c4-9da7-564dc9ba56b4: 48 arrays, 83.9 MB stored; 1.5 s; peak memory 423 MiB.
2026-10-10T16:02:54Z INFO [433/1000] 8088ecce-6fa8-4296-8000-da61bf005945: 48 arrays, 83.9 MB stored; 1.5 s; peak memory 423 MiB.
2026-10-10T16:02:56Z INFO [434/1000] 80893ad8-3e3a-4ce1-9c97-b7022525248b: 112 arrays, 0.6 MB stored; 2.3 s; peak memory 423 MiB.
2026-10-10T16:02:57Z INFO [435/1000] 8089e928-2303-4988-8796-18944d972ff3: 48 arrays, 83.9 MB stored; 1.4 s; peak memory 423 MiB.
2026-10-10T16:02:59Z INFO [436/1000] 808b5557-8a5c-4b2e-938f-2bc41f1c1da7: 48 arrays, 83.9 MB stored; 1.5 s; peak memory 423 MiB.
2026-10-10T16:03:00Z INFO [437/1000] 808b8932-7a09-4724-9f93-b720f991f60d: 50 arrays, 2569.0 MB stored; 1.7 s; peak memory 423 MiB.
2026-10-10T16:03:03Z INFO [438/1000] 808c35cc-5bdd-416d-b1fa-3ead1408b8e2: 110 arrays, 0.8 MB stored; 2.4 s; peak memory 423 MiB.
2026-10-10T16:03:05Z INFO [439/1000] 808492e6-5f37-4318-aeda-1f67949fbb41: 8042 arrays, 70.1 MB stored; 27.6 s; peak memory 423 MiB.
2026-10-10T16:03:05Z INFO [440/1000] 8089d608-07a4-4107-a766-785632358a07: 922 arrays, 38.4 MB stored; 11.2 s; peak memory 423 MiB.
2026-10-10T16:03:07Z INFO [441/1000] 808e3ce7-70cf-4cbe-a732-be7767c3c6d0: 48 arrays, 83.9 MB stored; 1.5 s; peak memory 423 MiB.
2026-10-10T16:03:07Z INFO [442/1000] 8046c647-1e80-436e-bb33-872b34a4f506: 167 arrays, 21064.1 MB stored; 134.9 s; peak memory 423 MiB.
2026-10-10T16:03:08Z INFO [443/1000] 808e136b-8030-4138-81ba-c62e0ae47c69: 114 arrays, 186.9 MB stored; 3.3 s; peak memory 423 MiB.
2026-10-10T16:03:08Z INFO [444/1000] 808fb57b-3256-4877-baa5-532a7c5b01c5: 48 arrays, 83.9 MB stored; 1.5 s; peak memory 423 MiB.
2026-10-10T16:03:09Z INFO [445/1000] 804cea52-2679-4968-b448-2fb7e67af34b: 261 arrays, 19691.4 MB stored; 123.0 s; peak memory 423 MiB.
2026-10-10T16:03:10Z INFO [446/1000] 80912481-fb5c-4a43-8006-adfdb916682d: 51 arrays, 1630.7 MB stored; 1.7 s; peak memory 423 MiB.
2026-10-10T16:03:10Z INFO [447/1000] 808e793d-5c61-4c81-b8c2-06a19be65eb3: 116 arrays, 187.2 MB stored; 3.6 s; peak memory 423 MiB.
2026-10-10T16:03:11Z INFO [448/1000] 8090451b-de1f-41d5-b5c9-f79ee37e6ab4: 68 arrays, 9.4 MB stored; 2.6 s; peak memory 423 MiB.
2026-10-10T16:03:12Z INFO [449/1000] 80927f34-4ad4-4fe0-8b52-85546463db71: 117 arrays, 0.3 MB stored; 1.8 s; peak memory 423 MiB.
2026-10-10T16:03:13Z INFO [450/1000] 80913638-f8fa-4ca6-aae1-97f5b59eca4a: 112 arrays, 0.6 MB stored; 2.3 s; peak memory 423 MiB.
2026-10-10T16:03:15Z INFO [451/1000] 8093d0e5-bf6e-493c-8975-814cea064a62: 101 arrays, 15.4 MB stored; 2.5 s; peak memory 423 MiB.
2026-10-10T16:03:15Z INFO [452/1000] 80905aad-f2d9-4142-91c3-5ec52686af3c: 575 arrays, 7.7 MB stored; 7.0 s; peak memory 423 MiB.
2026-10-10T16:03:17Z INFO [453/1000] 8094ca90-5582-402e-b03c-a7ecf79ef29c: 48 arrays, 83.9 MB stored; 1.5 s; peak memory 423 MiB.
2026-10-10T16:03:17Z INFO [454/1000] 8094c0e4-efbb-47b4-95af-6f86449a7046: 119 arrays, 66.4 MB stored; 2.7 s; peak memory 423 MiB.
2026-10-10T16:03:18Z INFO [455/1000] 8095e9f4-0590-4499-babc-6b67b9a88b20: 50 arrays, 5.6 MB stored; 1.4 s; peak memory 423 MiB.
2026-10-10T16:03:19Z INFO [456/1000] 8096bf09-2c84-4161-9fd1-9df818caf2b9: 64 arrays, 23.3 MB stored; 2.0 s; peak memory 423 MiB.
2026-10-10T16:03:21Z INFO [457/1000] 80976638-749d-4d89-9685-f1c2e967cbcf: 115 arrays, 190.1 MB stored; 3.0 s; peak memory 423 MiB.
2026-10-10T16:03:21Z INFO [458/1000] 8097a03d-3530-4e1e-9547-7d9a3ab1b863: 118 arrays, 0.3 MB stored; 1.9 s; peak memory 423 MiB.
2026-10-10T16:03:23Z INFO [459/1000] 8097afa5-855f-46ff-ac86-7c4fd2a73c23: 61 arrays, 17.1 MB stored; 1.5 s; peak memory 423 MiB.
2026-10-10T16:03:24Z INFO [460/1000] 80989013-f082-41c7-9b96-f5086e7e0cc7: 45 arrays, 0.0 MB stored; 1.2 s; peak memory 423 MiB.
2026-10-10T16:03:26Z INFO [461/1000] 809a15c0-8ff3-4bea-8083-fa1e45a2770d: 117 arrays, 0.4 MB stored; 1.7 s; peak memory 423 MiB.
2026-10-10T16:03:26Z INFO [462/1000] 8093ed9b-3e69-4801-b0de-d7b35a77806b: 882 arrays, 38.2 MB stored; 13.9 s; peak memory 423 MiB.
2026-10-10T16:03:27Z INFO [463/1000] 809a5c45-27cd-4519-9d14-1ce4bd820fba: 117 arrays, 0.4 MB stored; 1.9 s; peak memory 423 MiB.
2026-10-10T16:03:29Z INFO [464/1000] 809cc6a2-98a6-4f0c-ad40-b2fc62f10d18: 50 arrays, 103.0 MB stored; 1.5 s; peak memory 423 MiB.
2026-10-10T16:03:30Z INFO [465/1000] 809c5f87-c46e-49e7-a542-5f944dfb3eac: 115 arrays, 186.8 MB stored; 3.4 s; peak memory 423 MiB.
2026-10-10T16:03:32Z INFO [466/1000] 809d793a-a253-45d7-add5-66d8af564dfe: 64 arrays, 20.5 MB stored; 2.0 s; peak memory 423 MiB.
2026-10-10T16:03:33Z INFO [467/1000] 809cea67-4066-42d2-afd9-a9cf82d5931c: 53 arrays, 137.4 MB stored; 3.8 s; peak memory 423 MiB.
2026-10-10T16:03:33Z INFO [468/1000] 809e20ca-c4db-4f82-9185-0a8a9181b854: 48 arrays, 83.9 MB stored; 1.5 s; peak memory 423 MiB.
2026-10-10T16:03:34Z INFO [469/1000] 808d7b42-fad4-4a1b-881f-c6470f54d372: 895 arrays, 28.0 MB stored; 31.1 s; peak memory 423 MiB.
2026-10-10T16:03:35Z INFO [470/1000] 809e3f45-015f-4193-b83c-b0866874b9b7: 110 arrays, 0.5 MB stored; 1.8 s; peak memory 423 MiB.
2026-10-10T16:03:36Z INFO [471/1000] 809fbb37-5a39-4de4-987d-7f2a4ea3ba8f: 48 arrays, 83.9 MB stored; 1.5 s; peak memory 423 MiB.
2026-10-10T16:03:38Z INFO [472/1000] 809fc60e-9223-4fda-94fd-41fd924af974: 117 arrays, 216.0 MB stored; 1.7 s; peak memory 423 MiB.
2026-10-10T16:03:40Z INFO [473/1000] 80a06e79-eafb-488c-bac7-4f0a4ea48ba8: 62 arrays, 3081.2 MB stored; 2.0 s; peak memory 423 MiB.
2026-10-10T16:03:43Z INFO [474/1000] 8097f5c3-7cf8-4df0-b7da-b0a946018c04: 48 arrays, 41173.4 MB stored; 22.2 s; peak memory 423 MiB.
2026-10-10T16:03:45Z INFO [475/1000] 80a14d45-ccc2-4e3b-83bb-f0b88adb148c: 116 arrays, 0.3 MB stored; 1.8 s; peak memory 423 MiB.
2026-10-10T16:03:47Z INFO [476/1000] 80a20f62-1789-4ca3-a91d-197af3bfe693: 46 arrays, 12.6 MB stored; 1.6 s; peak memory 423 MiB.
2026-10-10T16:03:48Z INFO [477/1000] 80a30ea3-03bf-4ae6-a03c-b29792b525fb: 48 arrays, 83.9 MB stored; 1.5 s; peak memory 423 MiB.
2026-10-10T16:03:50Z INFO [478/1000] 80a3647c-e695-4160-9983-0d0037a0dfe3: 117 arrays, 0.4 MB stored; 1.6 s; peak memory 423 MiB.
2026-10-10T16:03:52Z INFO [479/1000] 80a39243-a57a-427b-8627-d93fc42ccb5f: 117 arrays, 0.4 MB stored; 1.6 s; peak memory 423 MiB.
2026-10-10T16:03:53Z INFO [480/1000] 80a140c8-4688-4bef-8be8-21cdae10f0b6: 896 arrays, 26.6 MB stored; 12.8 s; peak memory 423 MiB.
2026-10-10T16:03:54Z INFO [481/1000] 80a39b40-7e2e-4390-8308-dfc924bda42a: 51 arrays, 3525.0 MB stored; 2.1 s; peak memory 423 MiB.
2026-10-10T16:03:54Z INFO [482/1000] 80a42f64-e587-4916-9470-f0812b7f24dc: 48 arrays, 83.9 MB stored; 1.6 s; peak memory 423 MiB.
2026-10-10T16:03:56Z INFO [483/1000] 80a43c61-8880-437d-a31c-04c98777f79a: 112 arrays, 0.4 MB stored; 1.9 s; peak memory 423 MiB.
2026-10-10T16:03:56Z INFO [484/1000] 809f8548-b9ec-4ed7-9f24-b5fccfc845e3: 48 arrays, 36437.1 MB stored; 21.8 s; peak memory 423 MiB.
2026-10-10T16:03:56Z INFO [485/1000] 80a4c68c-32f2-401b-b72c-34465b273f25: 117 arrays, 0.3 MB stored; 1.9 s; peak memory 423 MiB.
2026-10-10T16:03:58Z INFO [486/1000] 80a52d7f-e02e-4b25-b124-b3498babfb8c: 66 arrays, 104.5 MB stored; 2.0 s; peak memory 423 MiB.
2026-10-10T16:03:59Z INFO [487/1000] 80a628dd-692b-4351-84ea-65ff8c0bb7d2: 117 arrays, 0.3 MB stored; 1.8 s; peak memory 423 MiB.
2026-10-10T16:04:01Z INFO [488/1000] 80a63e00-12cf-4d00-bce1-4612ce75f250: 112 arrays, 0.5 MB stored; 2.0 s; peak memory 423 MiB.
2026-10-10T16:04:03Z INFO [489/1000] 80a6c797-43ab-4c00-81b1-48a4a56f9258: 48 arrays, 83.9 MB stored; 1.5 s; peak memory 423 MiB.
2026-10-10T16:04:05Z INFO [490/1000] 809ec1aa-6e92-4e23-94da-d5e2bf1830dd: 5812 arrays, 51.8 MB stored; 31.4 s; peak memory 423 MiB.
2026-10-10T16:04:05Z INFO [491/1000] 80a7154e-f7a0-42fb-b399-0493d7a6d843: 71 arrays, 64.7 MB stored; 2.5 s; peak memory 423 MiB.
2026-10-10T16:04:06Z INFO [492/1000] 80a7f479-f7db-4085-acb6-f16886dfea56: 117 arrays, 0.3 MB stored; 1.7 s; peak memory 423 MiB.
2026-10-10T16:04:08Z INFO [493/1000] 80aab59a-27b3-4e20-948e-de2378ed4993: 66 arrays, 52.9 MB stored; 1.9 s; peak memory 423 MiB.
2026-10-10T16:04:17Z INFO [494/1000] 80aa191e-ab87-4f2a-aaa7-5330d573df39: 903 arrays, 23.4 MB stored; 11.5 s; peak memory 423 MiB.
2026-10-10T16:04:18Z INFO [495/1000] 80a57539-854c-4d79-bdeb-cae73bc3ae0d: 48 arrays, 42006.6 MB stored; 21.8 s; peak memory 423 MiB.
2026-10-10T16:04:19Z INFO [496/1000] 80ab345e-af17-41ce-99ef-9ad3adca0655: 41 arrays, 8.4 MB stored; 1.4 s; peak memory 423 MiB.
2026-10-10T16:04:19Z INFO [497/1000] 80ab1ae0-41ac-49d5-a6d1-79ce5ee10b36: 92 arrays, 36.9 MB stored; 2.4 s; peak memory 423 MiB.
2026-10-10T16:04:24Z INFO [498/1000] 80ad5975-39ed-4534-b4eb-eec565c80c26: 428 arrays, 6.4 MB stored; 5.2 s; peak memory 423 MiB.
2026-10-10T16:04:26Z INFO [499/1000] 80ad60f1-0aa6-451a-8988-754f4099da80: 117 arrays, 0.2 MB stored; 1.7 s; peak memory 423 MiB.
2026-10-10T16:04:28Z INFO [500/1000] 80ae9551-a0b0-4c2e-a20e-da39a336a9cb: 118 arrays, 0.3 MB stored; 1.7 s; peak memory 423 MiB.
2026-10-10T16:04:33Z INFO [501/1000] 80a5bfaa-c42c-46c4-a49c-c4305dfe1d49: 8692 arrays, 76.5 MB stored; 36.8 s; peak memory 423 MiB.
2026-10-10T16:04:34Z INFO [502/1000] 80b0590d-0dfd-4a94-a017-6dbf00b51f4e: 50 arrays, 2.7 MB stored; 1.3 s; peak memory 423 MiB.
2026-10-10T16:04:36Z INFO [503/1000] 80b1aa4d-d246-41bd-8d76-b0395bc10107: 117 arrays, 0.3 MB stored; 1.7 s; peak memory 423 MiB.
2026-10-10T16:04:41Z INFO [504/1000] 80ab3dfa-3f8e-4473-8464-b5e5ac74e202: 48 arrays, 42970.9 MB stored; 21.6 s; peak memory 423 MiB.
2026-10-10T16:04:43Z INFO [505/1000] 80b1e932-6fcc-44e3-b71a-d6349b5943ba: 102 arrays, 14.9 MB stored; 2.6 s; peak memory 423 MiB.
2026-10-10T16:04:46Z INFO [506/1000] 80b207ab-f904-4944-a84e-1ec4a6f128ad: 38 arrays, 25.8 MB stored; 2.8 s; peak memory 423 MiB.
2026-10-10T16:04:51Z INFO [507/1000] 80b1c6c3-4b09-43d0-90a0-dfc157c85662: 1437 arrays, 31.7 MB stored; 14.9 s; peak memory 423 MiB.
2026-10-10T16:04:53Z INFO [508/1000] 808734d5-6297-4048-b8b6-1c7fae9e869e: 280 arrays, 19763.5 MB stored; 126.7 s; peak memory 423 MiB.
2026-10-10T16:04:53Z INFO [509/1000] 80b300e9-b0f0-4298-a663-0b13130118d7: 117 arrays, 0.4 MB stored; 1.8 s; peak memory 423 MiB.
2026-10-10T16:04:55Z INFO [510/1000] 80b3c03d-22e6-4720-a0fd-e08028b68505: 112 arrays, 0.8 MB stored; 2.1 s; peak memory 423 MiB.
2026-10-10T16:04:55Z INFO [511/1000] 80b3c063-e55d-45a9-a97b-06f86b519842: 71 arrays, 4.0 MB stored; 2.4 s; peak memory 423 MiB.
2026-10-10T16:04:57Z INFO [512/1000] 80b41959-fe8f-4522-9e96-893ef9d351c6: 48 arrays, 83.9 MB stored; 1.6 s; peak memory 423 MiB.
2026-10-10T16:05:08Z INFO [513/1000] 80b3f1b4-fbd6-4096-8ec0-29f0edfcd00c: 840 arrays, 46.9 MB stored; 13.6 s; peak memory 423 MiB.
2026-10-10T16:05:10Z INFO [514/1000] 80b5576b-a711-478b-83ca-26cf48256db3: 118 arrays, 0.4 MB stored; 1.7 s; peak memory 423 MiB.
2026-10-10T16:05:12Z INFO [515/1000] 80b576e8-51ef-42b8-8389-d725da0d7560: 48 arrays, 83.9 MB stored; 1.6 s; peak memory 423 MiB.
2026-10-10T16:05:14Z INFO [516/1000] 80b585f6-7d15-4859-a55d-4ca0e12da586: 126 arrays, 1.2 MB stored; 2.7 s; peak memory 423 MiB.
2026-10-10T16:05:15Z INFO [517/1000] 80afa1cb-afe3-46f3-879a-3bf0deb8ae06: 5136 arrays, 1086.0 MB stored; 47.7 s; peak memory 423 MiB.
2026-10-10T16:05:16Z INFO [518/1000] 80b5a3d2-a367-4866-9bbf-02ab0753153e: 38 arrays, 0.5 MB stored; 1.5 s; peak memory 423 MiB.
2026-10-10T16:05:16Z INFO [519/1000] 80b4e63e-a866-4775-86b7-90652e8b7a55: 712 arrays, 2168.7 MB stored; 19.7 s; peak memory 423 MiB.
2026-10-10T16:05:18Z INFO [520/1000] 80b5f73a-249c-49d8-ae20-fac2f9ffdf21: 261 arrays, 17.1 MB stored; 2.2 s; peak memory 423 MiB.
2026-10-10T16:05:18Z INFO [521/1000] 80b65344-3f9c-44c6-af87-2ef280f88c2d: 70 arrays, 21.7 MB stored; 1.9 s; peak memory 423 MiB.
2026-10-10T16:05:20Z INFO [522/1000] 80b79d36-2bbf-468e-bfd8-b6978b497f12: 66 arrays, 1.0 MB stored; 1.5 s; peak memory 423 MiB.
2026-10-10T16:05:22Z INFO [523/1000] 80b7b860-c225-4997-951e-9037a6f1ebe0: 275 arrays, 17.2 MB stored; 2.2 s; peak memory 423 MiB.
2026-10-10T16:05:23Z INFO [524/1000] 80b5d6e0-0ed9-4be6-aa1d-5e071199e71e: 538 arrays, 8.6 MB stored; 8.1 s; peak memory 423 MiB.
2026-10-10T16:05:24Z INFO [525/1000] 80b6a865-c5c1-47ff-831d-9dbbf9360fa6: 229 arrays, 247.2 MB stored; 5.5 s; peak memory 423 MiB.
2026-10-10T16:05:27Z INFO [526/1000] 80b8964f-8466-42c0-96ed-1317f24c15a3: 116 arrays, 187.1 MB stored; 3.2 s; peak memory 423 MiB.
2026-10-10T16:05:28Z INFO [527/1000] 80b8e88c-96fd-46be-a66a-ecb85392220c: 48 arrays, 83.9 MB stored; 1.5 s; peak memory 423 MiB.
2026-10-10T16:05:30Z INFO [528/1000] 80b87112-22cd-4ad8-a533-68655c491aba: 229 arrays, 236.7 MB stored; 6.1 s; peak memory 423 MiB.
2026-10-10T16:05:30Z INFO [529/1000] 80b97109-384b-420d-a7de-6e0cacec0784: 49 arrays, 12.8 MB stored; 1.7 s; peak memory 423 MiB.
2026-10-10T16:05:31Z INFO [530/1000] 80b997bd-d40c-4d59-97d5-be3a2731841c: 48 arrays, 83.9 MB stored; 1.6 s; peak memory 423 MiB.
2026-10-10T16:05:32Z INFO [531/1000] 80b9a81b-c0d0-4480-b39e-3fceced9b765: 118 arrays, 0.3 MB stored; 1.7 s; peak memory 423 MiB.
2026-10-10T16:05:33Z INFO [532/1000] 80b9da67-f20b-45ad-a5e5-0461f69be7d9: 112 arrays, 0.5 MB stored; 1.9 s; peak memory 423 MiB.
2026-10-10T16:05:36Z INFO [533/1000] 80baf910-eb1f-4379-8b2e-e51f30efbe1a: 71 arrays, 65.0 MB stored; 2.7 s; peak memory 423 MiB.
2026-10-10T16:05:38Z INFO [534/1000] 80bb8201-1a7a-4a4c-bfbf-bc43e9bbbb87: 69 arrays, 3.2 MB stored; 2.1 s; peak memory 423 MiB.
2026-10-10T16:05:39Z INFO [535/1000] 80bc0914-9999-43f9-bfe1-da894600612f: 49 arrays, 2.2 MB stored; 1.4 s; peak memory 423 MiB.
2026-10-10T16:05:41Z INFO [536/1000] 80bc9401-7948-4805-914d-7728e7a35b34: 112 arrays, 0.6 MB stored; 2.1 s; peak memory 423 MiB.
2026-10-10T16:05:43Z INFO [537/1000] 80b8064e-dfbd-42e0-8206-1a084ae44d83: 1144 arrays, 26.2 MB stored; 20.5 s; peak memory 423 MiB.
2026-10-10T16:05:43Z INFO [538/1000] 80bd0837-8e14-4480-9bc1-9fa164c4be9d: 38 arrays, 0.5 MB stored; 1.4 s; peak memory 423 MiB.
2026-10-10T16:05:44Z INFO [539/1000] 80bd764d-f20d-40cd-a364-1e7cc32e4d20: 117 arrays, 0.3 MB stored; 1.8 s; peak memory 423 MiB.
2026-10-10T16:05:44Z INFO [540/1000] 80bdcbba-102d-4c65-859e-b1b7f7943dcc: 48 arrays, 83.9 MB stored; 1.5 s; peak memory 423 MiB.
2026-10-10T16:05:46Z INFO [541/1000] 80be2511-cb48-4e4b-ae98-d77773bf0859: 48 arrays, 83.9 MB stored; 1.5 s; peak memory 423 MiB.
2026-10-10T16:05:46Z INFO [542/1000] 80be509a-b381-4bff-9416-a5bc8904148c: 48 arrays, 83.9 MB stored; 1.6 s; peak memory 423 MiB.
2026-10-10T16:05:48Z INFO [543/1000] 80bf0a8a-1612-4edc-9639-595ee73e7024: 72 arrays, 0.1 MB stored; 1.7 s; peak memory 423 MiB.
2026-10-10T16:05:48Z INFO [544/1000] 80bee7a0-8725-45d2-82fb-08528b30391f: 70 arrays, 14.7 MB stored; 2.0 s; peak memory 423 MiB.
2026-10-10T16:05:49Z INFO [545/1000] 80bf22b8-f9d9-475d-ae9f-07475cb69fa6: 112 arrays, 0.3 MB stored; 1.8 s; peak memory 423 MiB.
2026-10-10T16:05:51Z INFO [546/1000] 80c1fa9a-146b-44a2-8cdf-b63d0b01442a: 48 arrays, 83.9 MB stored; 1.6 s; peak memory 423 MiB.
2026-10-10T16:05:53Z INFO [547/1000] 80b9ee3b-433c-4c5f-8b73-7f17369a9ee7: 1133 arrays, 25.7 MB stored; 21.1 s; peak memory 423 MiB.
2026-10-10T16:05:53Z INFO [548/1000] 80c2a974-b816-4eb1-a3aa-61ed2fe89209: 71 arrays, 42.0 MB stored; 2.3 s; peak memory 423 MiB.
2026-10-10T16:05:54Z INFO [549/1000] 80bfde22-bbb1-476a-a8ff-711cb7161192: 229 arrays, 1656.9 MB stored; 6.4 s; peak memory 423 MiB.
2026-10-10T16:05:55Z INFO [550/1000] 80c36219-fb4c-43f9-931c-a2b2237edcf3: 59 arrays, 99.3 MB stored; 1.9 s; peak memory 423 MiB.
2026-10-10T16:05:55Z INFO [551/1000] 80c3c368-e2e0-4ce1-8a62-397061627b81: 37 arrays, 0.0 MB stored; 1.3 s; peak memory 423 MiB.
2026-10-10T16:05:56Z INFO [552/1000] 80c3c312-5231-4397-8d2d-d33f4c492845: 116 arrays, 187.2 MB stored; 3.1 s; peak memory 423 MiB.
2026-10-10T16:05:58Z INFO [553/1000] 80c40c0a-3062-4aab-8a1f-93af7fc6acef: 66 arrays, 72.3 MB stored; 2.4 s; peak memory 423 MiB.
2026-10-10T16:05:59Z INFO [554/1000] 80c5402c-705f-4278-ba89-b91266e1eebf: 48 arrays, 83.9 MB stored; 1.5 s; peak memory 423 MiB.
2026-10-10T16:06:00Z INFO [555/1000] 80c3f963-bd4e-439b-abc7-3ed9c614ca80: 375 arrays, 5.7 MB stored; 5.7 s; peak memory 423 MiB.
2026-10-10T16:06:09Z INFO [556/1000] 80c5ce69-9f23-44be-af6c-f4f73ae0c7e0: 275 arrays, 16.1 MB stored; 8.8 s; peak memory 423 MiB.
2026-10-10T16:06:11Z INFO [557/1000] 80c54752-95ce-4f6f-898e-6ef64695b60d: 814 arrays, 32.6 MB stored; 11.5 s; peak memory 423 MiB.
2026-10-10T16:06:11Z INFO [558/1000] 80c5d515-f047-4234-ae3b-af248c2bbfee: 69 arrays, 28.8 MB stored; 2.3 s; peak memory 423 MiB.
2026-10-10T16:06:13Z INFO [559/1000] 80c5dce1-aa3e-4600-abec-351237317802: 52 arrays, 18.1 MB stored; 1.7 s; peak memory 423 MiB.
2026-10-10T16:06:13Z INFO [560/1000] 80c5eb9c-8911-4af3-b941-ed5fe5137c9d: 112 arrays, 0.1 MB stored; 1.7 s; peak memory 423 MiB.
2026-10-10T16:06:14Z INFO [561/1000] 80c636b8-766e-4a11-bd59-d4dd82543a9d: 48 arrays, 83.9 MB stored; 1.4 s; peak memory 423 MiB.
2026-10-10T16:06:16Z INFO [562/1000] 80c66bec-eb05-41c5-b617-3a00c86cb055: 70 arrays, 90.6 MB stored; 2.6 s; peak memory 423 MiB.
2026-10-10T16:06:16Z INFO [563/1000] 80c685a0-93aa-444f-a004-abf2611be1f2: 112 arrays, 1.2 MB stored; 2.2 s; peak memory 423 MiB.
2026-10-10T16:06:18Z INFO [564/1000] 8093bdf2-87ca-4251-bb28-7b0001e4d3a2: 107 arrays, 2170.6 MB stored; 187.6 s; peak memory 423 MiB.
2026-10-10T16:06:18Z INFO [565/1000] 80c74f2a-29ce-4f4f-a7d1-4b8539e320fc: 71 arrays, 40.4 MB stored; 2.3 s; peak memory 423 MiB.
2026-10-10T16:06:20Z INFO [566/1000] 80c85290-1a28-4b71-a7fa-262d30da0e34: 46 arrays, 0.0 MB stored; 1.2 s; peak memory 423 MiB.
2026-10-10T16:06:22Z INFO [567/1000] 80c91ed2-8e15-486d-801a-b359d34182e7: 53 arrays, 9.3 MB stored; 2.6 s; peak memory 423 MiB.
2026-10-10T16:06:24Z INFO [568/1000] 80c9327d-ff58-4b97-858b-5a17406b6054: 48 arrays, 83.9 MB stored; 1.5 s; peak memory 423 MiB.
2026-10-10T16:06:25Z INFO [569/1000] 80c685b2-5bee-4789-9ea6-d9e2027add69: 437 arrays, 80.2 MB stored; 8.9 s; peak memory 423 MiB.
2026-10-10T16:06:25Z INFO [570/1000] 80c761be-e6b7-4fe3-8e8a-db09d80f82b8: 492 arrays, 8.5 MB stored; 6.6 s; peak memory 423 MiB.
2026-10-10T16:06:25Z INFO [571/1000] 80c958db-27be-4d8f-865f-ed8b33889051: 51 arrays, 0.0 MB stored; 1.4 s; peak memory 423 MiB.
2026-10-10T16:06:26Z INFO [572/1000] 80c9db53-5618-41bf-9e7e-f2c14f43ccfe: 117 arrays, 0.3 MB stored; 1.8 s; peak memory 423 MiB.
2026-10-10T16:06:27Z INFO [573/1000] 80c9ff36-7d6c-4f2b-9557-d6dece6d3282: 112 arrays, 0.4 MB stored; 1.8 s; peak memory 423 MiB.
2026-10-10T16:06:27Z INFO [574/1000] 80ca1fe7-b4b6-45fa-bc1e-01edf3a0bc95: 48 arrays, 83.9 MB stored; 1.5 s; peak memory 423 MiB.
2026-10-10T16:06:28Z INFO [575/1000] 80ca68d9-08f3-4fcc-a391-f44d932cb453: 48 arrays, 83.9 MB stored; 1.6 s; peak memory 423 MiB.
2026-10-10T16:06:29Z INFO [576/1000] 80c45c26-56b0-437c-a0b8-a954591f419f: 7739 arrays, 295.5 MB stored; 33.0 s; peak memory 423 MiB.
2026-10-10T16:06:30Z INFO [577/1000] 80cb4c07-c273-4d2d-9da2-5499a1c70c44: 116 arrays, 0.5 MB stored; 1.8 s; peak memory 423 MiB.
2026-10-10T16:06:31Z INFO [578/1000] 80cb4e8d-e78a-44a1-b4e7-0c6c707e22ad: 38 arrays, 0.5 MB stored; 1.3 s; peak memory 423 MiB.
2026-10-10T16:06:31Z INFO [579/1000] 80cc67dd-cd27-4829-af98-1d790583690a: 48 arrays, 83.9 MB stored; 1.5 s; peak memory 423 MiB.
2026-10-10T16:06:32Z INFO [580/1000] 80cc9c8b-84bc-4afc-b27d-15acab4ab315: 48 arrays, 83.9 MB stored; 1.4 s; peak memory 423 MiB.
2026-10-10T16:06:35Z INFO [581/1000] 80cd4457-4f2b-43d2-a224-7cc06bf9b328: 38 arrays, 3900.7 MB stored; 3.1 s; peak memory 423 MiB.
2026-10-10T16:06:37Z INFO [582/1000] 80cdb8ff-3bc2-444d-84e7-86d8b81a1ce8: 48 arrays, 83.9 MB stored; 1.5 s; peak memory 423 MiB.
2026-10-10T16:06:38Z INFO [583/1000] 80cad807-77a2-48e5-a4d9-6a0bf4c1b162: 410 arrays, 106.3 MB stored; 11.0 s; peak memory 423 MiB.
2026-10-10T16:06:38Z INFO [584/1000] 80ce07b3-ca8a-417f-982a-7239849582a3: 46 arrays, 0.1 MB stored; 1.3 s; peak memory 423 MiB.
2026-10-10T16:06:39Z INFO [585/1000] 80ced928-40c8-4183-9c3f-95773f17657d: 48 arrays, 83.9 MB stored; 1.5 s; peak memory 423 MiB.
2026-10-10T16:06:40Z INFO [586/1000] 80cd017e-6173-43c0-a434-d8f91fd988fa: 1022 arrays, 13.3 MB stored; 8.7 s; peak memory 423 MiB.
2026-10-10T16:06:41Z INFO [587/1000] 80cf7298-12df-4ffd-8a12-0d01de875291: 290 arrays, 1.3 MB stored; 2.2 s; peak memory 423 MiB.
2026-10-10T16:06:43Z INFO [588/1000] 80d0fa1a-d4a0-499a-ad84-587a4073326a: 48 arrays, 83.9 MB stored; 1.6 s; peak memory 423 MiB.
2026-10-10T16:06:44Z INFO [589/1000] 8082acb8-c2b8-4c7d-9375-4c48e336b9bb: 169 arrays, 356879.0 MB stored; 251.6 s; peak memory 423 MiB.
2026-10-10T16:06:44Z INFO [590/1000] 80d1bfae-8ce4-49a4-aa9f-939576dba087: 65 arrays, 10.8 MB stored; 1.7 s; peak memory 423 MiB.
2026-10-10T16:06:45Z INFO [591/1000] 80d1e446-09ef-4f3d-ba8a-c19e7124578d: 46 arrays, 12.6 MB stored; 1.6 s; peak memory 423 MiB.
2026-10-10T16:06:47Z INFO [592/1000] 80d285e3-7883-45e4-bd71-29035c7ebb03: 64 arrays, 0.0 MB stored; 1.7 s; peak memory 423 MiB.
2026-10-10T16:06:48Z INFO [593/1000] 80d26227-58ae-4a7e-9c4e-03e7adf4a8cc: 156 arrays, 193.5 MB stored; 3.6 s; peak memory 423 MiB.
2026-10-10T16:06:48Z INFO [594/1000] 80d2b12d-93a4-459c-b32c-4130c9a6a5b3: 37 arrays, 0.0 MB stored; 1.2 s; peak memory 423 MiB.
2026-10-10T16:06:50Z INFO [595/1000] 80d3505d-8221-446a-80c1-09132d2826f4: 41 arrays, 8.4 MB stored; 1.4 s; peak memory 423 MiB.
2026-10-10T16:06:52Z INFO [596/1000] 80d062fb-bd4c-48a5-beb9-60b9fe277c04: 957 arrays, 22.7 MB stored; 11.7 s; peak memory 423 MiB.
2026-10-10T16:06:54Z INFO [597/1000] 80d39de6-4ed9-44f3-bdb1-4fed69dbed4d: 117 arrays, 0.2 MB stored; 1.7 s; peak memory 423 MiB.
2026-10-10T16:06:57Z INFO [598/1000] 80d2cfd6-087c-4853-b7e6-71d3deef81a2: 61 arrays, 422.5 MB stored; 8.6 s; peak memory 423 MiB.
2026-10-10T16:06:57Z INFO [599/1000] 80cf4670-7f04-4d73-ab9f-ad91cfd98a7a: 48 arrays, 37333.7 MB stored; 19.1 s; peak memory 423 MiB.
2026-10-10T16:06:58Z INFO [600/1000] 80d3d3fb-ab99-42bb-a7df-71e3130b958b: 117 arrays, 0.4 MB stored; 1.8 s; peak memory 423 MiB.
2026-10-10T16:06:59Z INFO [600/1000] 80d3d3fb-ab99-42bb-a7df-71e3130b958b: checkpointed 600 new records.
2026-10-10T16:06:59Z INFO [601/1000] 80d3e606-d94a-4cba-87e8-bf046a167472: 119 arrays, 0.1 MB stored; 1.6 s; peak memory 423 MiB.
2026-10-10T16:07:01Z INFO [602/1000] 80d48e91-a81e-4d0e-8417-578028fc3989: 48 arrays, 83.9 MB stored; 1.7 s; peak memory 423 MiB.
2026-10-10T16:07:01Z INFO [603/1000] 80d3b7ca-ee44-4cef-84df-b2e1313cbe6a: 256 arrays, 138.2 MB stored; 7.5 s; peak memory 423 MiB.
2026-10-10T16:07:02Z INFO [604/1000] 80d4a968-bfb5-48fe-bb8f-2c796ee7d88d: 117 arrays, 0.6 MB stored; 1.9 s; peak memory 423 MiB.
2026-10-10T16:07:03Z INFO [605/1000] 80d37e09-6004-4765-9cd9-96b14dec929c: 44 arrays, 10059.6 MB stored; 13.0 s; peak memory 423 MiB.
2026-10-10T16:07:04Z INFO [606/1000] 80d549e5-7e52-448e-b62f-4f69332eb5fb: 118 arrays, 0.3 MB stored; 1.7 s; peak memory 423 MiB.
2026-10-10T16:07:05Z INFO [607/1000] 80d426f3-ee57-4268-8c7d-a9ff2393a868: 229 arrays, 655.3 MB stored; 6.4 s; peak memory 423 MiB.
2026-10-10T16:07:06Z INFO [608/1000] 80d597d6-33c8-4308-8994-f0e04b7f61e8: 48 arrays, 83.9 MB stored; 1.5 s; peak memory 423 MiB.
2026-10-10T16:07:06Z INFO [609/1000] 80d5a2da-f620-4298-915d-6b3b2a8950c3: 48 arrays, 83.9 MB stored; 1.5 s; peak memory 423 MiB.
2026-10-10T16:07:07Z INFO [610/1000] 80d4d095-cb90-497f-bdfc-331bf0c3a526: 208 arrays, 51.8 MB stored; 5.9 s; peak memory 423 MiB.
2026-10-10T16:07:08Z INFO [611/1000] 80d6f07a-7c1d-4297-80e6-8a583625391a: 48 arrays, 83.9 MB stored; 1.5 s; peak memory 423 MiB.
2026-10-10T16:07:09Z INFO [612/1000] 80d536e1-0316-4bc3-8dd8-fdc8b9959886: 231 arrays, 77.8 MB stored; 6.4 s; peak memory 423 MiB.
2026-10-10T16:07:09Z INFO [613/1000] 80d67e44-e61b-4706-b062-2b5120607341: 87 arrays, 9.4 MB stored; 3.0 s; peak memory 423 MiB.
2026-10-10T16:07:11Z INFO [614/1000] 80d7cda1-c088-4a95-b150-cf0fcacf9689: 109 arrays, 0.3 MB stored; 1.8 s; peak memory 423 MiB.
2026-10-10T16:07:11Z INFO [615/1000] 80d79621-632f-465d-b14f-ba3477558b5d: 112 arrays, 0.9 MB stored; 2.4 s; peak memory 423 MiB.
2026-10-10T16:07:11Z INFO [616/1000] 80d823a3-b544-407c-ba55-66b5f824d4a6: 117 arrays, 0.3 MB stored; 1.8 s; peak memory 423 MiB.
2026-10-10T16:07:12Z INFO [617/1000] 80d832ae-8cef-44e9-8198-3b17f81a2aca: 46 arrays, 0.2 MB stored; 1.4 s; peak memory 423 MiB.
2026-10-10T16:07:13Z INFO [618/1000] 80d83517-eaa7-412d-9619-bee7dcd23059: 118 arrays, 0.3 MB stored; 1.8 s; peak memory 423 MiB.
2026-10-10T16:07:15Z INFO [619/1000] 80d89277-04b4-4cce-be07-5260494a61dc: 112 arrays, 0.6 MB stored; 2.0 s; peak memory 423 MiB.
2026-10-10T16:07:16Z INFO [620/1000] 80d8cd49-62a6-40fc-96ae-21676c8fda9f: 116 arrays, 0.3 MB stored; 1.9 s; peak memory 423 MiB.
2026-10-10T16:07:18Z INFO [621/1000] 80d5b849-a9e5-4a04-9d46-c37b64ad3c1a: 626 arrays, 19.9 MB stored; 12.5 s; peak memory 423 MiB.
2026-10-10T16:07:21Z INFO [622/1000] 80d962f0-177d-466c-b6b9-4b61ee315875: 66 arrays, 104.2 MB stored; 2.2 s; peak memory 423 MiB.
2026-10-10T16:07:22Z INFO [623/1000] 80d93ff0-deed-4fed-8b0e-3feae48a484c: 192 arrays, 24.5 MB stored; 5.4 s; peak memory 423 MiB.
2026-10-10T16:07:22Z INFO [624/1000] 80d9d438-bfa9-4bf2-bdbe-6ebb17cc4a55: 117 arrays, 0.3 MB stored; 1.8 s; peak memory 423 MiB.
2026-10-10T16:07:24Z INFO [625/1000] 80dab760-9b1a-45d3-9623-5a4359a9fce5: 45 arrays, 10.9 MB stored; 1.7 s; peak memory 423 MiB.
2026-10-10T16:07:24Z INFO [626/1000] 80d84ff5-eefd-4bfd-99cf-9da538cf571e: 371 arrays, 331.8 MB stored; 12.4 s; peak memory 423 MiB.
2026-10-10T16:07:25Z INFO [627/1000] 80da1cb1-25cb-4971-a930-668f5c9e2aa0: 38 arrays, 3349.7 MB stored; 2.7 s; peak memory 423 MiB.
2026-10-10T16:07:26Z INFO [628/1000] 80dbe744-e62e-43d9-a3fc-0bd9e0aed6f1: 121 arrays, 0.1 MB stored; 1.4 s; peak memory 423 MiB.
2026-10-10T16:07:26Z INFO [629/1000] 80dbd692-c867-4748-ab47-6ce06a012683: 118 arrays, 0.4 MB stored; 1.8 s; peak memory 423 MiB.
2026-10-10T16:07:26Z INFO [630/1000] 80d83d5c-bf1e-40fa-970a-d7395ef9f31d: 38 arrays, 326.0 MB stored; 15.0 s; peak memory 423 MiB.
2026-10-10T16:07:26Z INFO [631/1000] 80dc3776-dd7d-4db7-b568-ef53c13ff53d: 112 arrays, 0.5 MB stored; 1.9 s; peak memory 423 MiB.
2026-10-10T16:07:27Z INFO [632/1000] 80dc4308-8ed8-4510-858a-a4fe8001025e: 48 arrays, 83.9 MB stored; 1.6 s; peak memory 423 MiB.
2026-10-10T16:07:28Z INFO [633/1000] 80dcc076-6dab-4c44-a74c-3ce34b9d6c15: 110 arrays, 0.3 MB stored; 1.8 s; peak memory 423 MiB.
2026-10-10T16:07:28Z INFO [634/1000] 80dcc433-6177-4710-8234-f51707750e52: 45 arrays, 7.3 MB stored; 1.6 s; peak memory 423 MiB.
2026-10-10T16:07:28Z INFO [635/1000] 80dcc3cb-8a8b-4e9a-abff-e729e6ee4806: 74 arrays, 2.4 MB stored; 2.2 s; peak memory 423 MiB.
2026-10-10T16:07:30Z INFO [636/1000] 80ddc2aa-9ee3-4731-8966-e759518449c9: 117 arrays, 0.2 MB stored; 1.7 s; peak memory 423 MiB.
2026-10-10T16:07:30Z INFO [637/1000] 80de4aa3-4585-47cf-ae34-ed40a4074bc2: 117 arrays, 0.3 MB stored; 1.8 s; peak memory 423 MiB.
2026-10-10T16:07:31Z INFO [638/1000] 80dda9a8-a5d7-4afa-a7c2-623d9538d633: 116 arrays, 187.1 MB stored; 3.3 s; peak memory 423 MiB.
2026-10-10T16:07:31Z INFO [639/1000] 80dedc7b-d1c5-44c3-8d7c-e683653d86f0: 45 arrays, 11.1 MB stored; 1.7 s; peak memory 423 MiB.
2026-10-10T16:07:32Z INFO [640/1000] 80df4512-93ee-4871-b1b1-6a7d155302d8: 46 arrays, 0.1 MB stored; 1.4 s; peak memory 423 MiB.
2026-10-10T16:07:33Z INFO [641/1000] 80e01e1d-446e-4ffc-9fb0-b88b8d02730a: 112 arrays, 0.4 MB stored; 2.0 s; peak memory 423 MiB.
2026-10-10T16:07:33Z INFO [642/1000] 80e15163-a07d-4109-9993-a4298b641ba2: 48 arrays, 83.9 MB stored; 1.5 s; peak memory 423 MiB.
2026-10-10T16:07:35Z INFO [643/1000] 80e158b2-ceb7-40e3-8883-f9b776d9eb77: 48 arrays, 83.9 MB stored; 1.6 s; peak memory 423 MiB.
2026-10-10T16:07:35Z INFO [644/1000] 80e17f49-48ec-4d2f-b80a-eb8e1ab0e50d: 52 arrays, 313.4 MB stored; 1.6 s; peak memory 423 MiB.
2026-10-10T16:07:35Z INFO [645/1000] 80e0e1ef-b97a-4810-8765-2f2b206e33dd: 84 arrays, 716.4 MB stored; 3.8 s; peak memory 423 MiB.
2026-10-10T16:07:36Z INFO [646/1000] 80e2c440-5d6a-4a4f-9a2f-034ae5084947: 48 arrays, 83.9 MB stored; 1.5 s; peak memory 423 MiB.
2026-10-10T16:07:36Z INFO [647/1000] 80e18429-8efa-425e-80b4-3d868a29362f: 84 arrays, 2.1 MB stored; 2.0 s; peak memory 423 MiB.
2026-10-10T16:07:38Z INFO [648/1000] 80e37df5-bfd6-4613-a448-f4b9afbb9ffc: 48 arrays, 83.9 MB stored; 1.5 s; peak memory 423 MiB.
2026-10-10T16:07:40Z INFO [649/1000] 80e3582a-401f-4695-8f57-b0305b98e4fd: 81 arrays, 5133.9 MB stored; 3.7 s; peak memory 423 MiB.
2026-10-10T16:07:41Z INFO [650/1000] 80e38086-9a4b-4a9f-bb1b-97eb6445c5b5: 168 arrays, 3.2 MB stored; 3.1 s; peak memory 423 MiB.
2026-10-10T16:07:42Z INFO [651/1000] 80e31f77-0618-4d07-acea-af1d968f1fef: 229 arrays, 457.9 MB stored; 6.5 s; peak memory 423 MiB.
2026-10-10T16:07:43Z INFO [652/1000] 80e4099f-7213-4638-86ff-810a00288674: 78 arrays, 319.3 MB stored; 2.2 s; peak memory 423 MiB.
2026-10-10T16:07:44Z INFO [653/1000] 80e44ee0-6e03-4df9-bd65-e41a9203594a: 118 arrays, 0.4 MB stored; 1.8 s; peak memory 423 MiB.
2026-10-10T16:07:45Z INFO [654/1000] 80e4972f-64ca-4211-a0a7-29645a6e548b: 118 arrays, 0.2 MB stored; 1.7 s; peak memory 423 MiB.
2026-10-10T16:07:47Z INFO [655/1000] 80e4d75a-c2d2-4b31-a0b4-3860e062796f: 38 arrays, 34.1 MB stored; 3.0 s; peak memory 423 MiB.
2026-10-10T16:07:47Z INFO [656/1000] 80e4ee1d-1ee0-487d-b5d1-ef537f941c00: 71 arrays, 3.3 MB stored; 1.8 s; peak memory 423 MiB.
2026-10-10T16:07:47Z INFO [657/1000] 80e3e855-5195-42e1-b221-cf9384a04545: 726 arrays, 11.6 MB stored; 7.3 s; peak memory 423 MiB.
2026-10-10T16:07:48Z INFO [658/1000] 80e51a71-e6c8-4019-b9c3-e768bf969c82: 48 arrays, 83.9 MB stored; 1.5 s; peak memory 423 MiB.
2026-10-10T16:07:49Z INFO [659/1000] 80e5af35-32f6-4950-90cd-79e2fe4783f3: 117 arrays, 0.5 MB stored; 1.8 s; peak memory 423 MiB.
2026-10-10T16:07:49Z INFO [660/1000] 80e5b56c-d3f1-4048-9a01-6586daf72ff2: 117 arrays, 0.6 MB stored; 2.0 s; peak memory 423 MiB.
2026-10-10T16:07:52Z INFO [661/1000] 80e5eff2-6863-4038-9302-675d85163951: 143 arrays, 0.7 MB stored; 2.9 s; peak memory 423 MiB.
2026-10-10T16:07:52Z INFO [662/1000] 80e61446-51d3-439c-a335-6760be082497: 119 arrays, 66.4 MB stored; 2.8 s; peak memory 423 MiB.
2026-10-10T16:07:53Z INFO [663/1000] 80e61bee-006f-44bd-bd19-2cf3524d2147: 41 arrays, 8.4 MB stored; 1.4 s; peak memory 423 MiB.
2026-10-10T16:07:58Z INFO [664/1000] 80e6a11e-a813-4bba-a241-692cebdd6070: 592 arrays, 6.2 MB stored; 5.2 s; peak memory 423 MiB.
2026-10-10T16:07:59Z INFO [665/1000] 80e64f2f-4ab0-4e3c-8783-e044726bfdc9: 196 arrays, 665.1 MB stored; 7.5 s; peak memory 423 MiB.
2026-10-10T16:08:01Z INFO [666/1000] 80e77b8b-4ce0-4502-83fd-04f51c4c5fcf: 48 arrays, 83.9 MB stored; 1.6 s; peak memory 423 MiB.
2026-10-10T16:08:01Z INFO [667/1000] 80aae7ef-0558-4223-8e40-a6a23abcd493: 292 arrays, 40397.2 MB stored; 232.6 s; peak memory 423 MiB.
2026-10-10T16:08:03Z INFO [668/1000] 80e7b680-2beb-4136-bc11-8fb7d893ea5a: 79 arrays, 1.7 MB stored; 1.9 s; peak memory 423 MiB.
2026-10-10T16:08:05Z INFO [669/1000] 80e8bcf6-f912-4415-8cde-43458a0290f3: 71 arrays, 65.6 MB stored; 2.3 s; peak memory 423 MiB.
2026-10-10T16:08:06Z INFO [670/1000] 80e735c1-65ed-4aea-ab91-dac18a21336a: 538 arrays, 8.6 MB stored; 7.9 s; peak memory 423 MiB.
2026-10-10T16:08:06Z INFO [671/1000] 80e9c2cc-5d43-4cdb-a632-afa0d4382b7d: 52 arrays, 0.0 MB stored; 1.3 s; peak memory 423 MiB.
2026-10-10T16:08:08Z INFO [672/1000] 80ea3de2-1c21-48af-8b0f-5b19899a88df: 84 arrays, 0.2 MB stored; 1.7 s; peak memory 423 MiB.
2026-10-10T16:08:09Z INFO [673/1000] 80ea0e86-455c-493d-830a-37e3c4886fc9: 123 arrays, 5.5 MB stored; 3.2 s; peak memory 423 MiB.
2026-10-10T16:08:10Z INFO [674/1000] 80ea5e42-c67d-4e3f-837a-33f30dcd743b: 50 arrays, 0.8 MB stored; 1.4 s; peak memory 423 MiB.
2026-10-10T16:08:11Z INFO [675/1000] 80ebe572-79e5-4f84-bdc4-0deacc8db8a5: 48 arrays, 83.9 MB stored; 1.5 s; peak memory 423 MiB.
2026-10-10T16:08:12Z INFO [676/1000] 80ecdf58-d071-4c68-b4cb-baecaa55ba79: 38 arrays, 0.5 MB stored; 1.4 s; peak memory 423 MiB.
2026-10-10T16:08:19Z INFO [677/1000] 80ed6deb-3cb6-444f-911e-7f2478838530: 193 arrays, 892.7 MB stored; 6.9 s; peak memory 423 MiB.
2026-10-10T16:08:23Z INFO [678/1000] 80ed83d8-7790-4bcb-830b-7d937df4bf46: 156 arrays, 193.4 MB stored; 4.0 s; peak memory 423 MiB.
2026-10-10T16:08:25Z INFO [679/1000] 80edd5a9-4bb0-4d41-9835-565c32486f92: 117 arrays, 0.2 MB stored; 1.8 s; peak memory 423 MiB.
2026-10-10T16:08:27Z INFO [680/1000] 80eecb55-7da6-49fd-ba6e-d881452c490f: 112 arrays, 0.7 MB stored; 2.0 s; peak memory 423 MiB.
2026-10-10T16:08:29Z INFO [681/1000] 80cb0f11-6091-44a8-b5e9-4892c8fba210: 167 arrays, 21074.3 MB stored; 122.2 s; peak memory 423 MiB.
2026-10-10T16:08:30Z INFO [682/1000] 80efa583-12b8-4405-88e6-4d050be867f1: 115 arrays, 0.5 MB stored; 2.4 s; peak memory 423 MiB.
2026-10-10T16:08:31Z INFO [683/1000] 80f02da7-fa71-4820-99c1-51aa48d0c355: 83 arrays, 0.2 MB stored; 1.7 s; peak memory 423 MiB.
2026-10-10T16:08:31Z INFO [684/1000] 80f0d720-7171-494c-826b-41f63d358d13: 118 arrays, 0.4 MB stored; 1.7 s; peak memory 423 MiB.
2026-10-10T16:08:32Z INFO [685/1000] 80f1522f-947b-4b7c-8d4d-e5a01e89e4a5: 48 arrays, 83.9 MB stored; 1.5 s; peak memory 423 MiB.
2026-10-10T16:08:33Z INFO [686/1000] 80f168f8-e64c-4205-a283-77f523ed1204: 114 arrays, 0.2 MB stored; 1.6 s; peak memory 423 MiB.
2026-10-10T16:08:35Z INFO [687/1000] 80f202cb-c8e1-4ca0-a830-57c35a4124eb: 52 arrays, 14.3 MB stored; 1.7 s; peak memory 423 MiB.
2026-10-10T16:08:35Z INFO [688/1000] 80b2ee23-bace-4341-a36a-85e341bde6c2: 55 arrays, 10597.4 MB stored; 229.6 s; peak memory 423 MiB.
2026-10-10T16:08:36Z INFO [689/1000] 80f1af15-ed2e-47eb-b5d0-e8af8751f18a: 85 arrays, 1272.8 MB stored; 3.6 s; peak memory 423 MiB.
2026-10-10T16:08:36Z INFO [690/1000] 80f20a9e-0497-4466-bb98-690c2dd20edf: 48 arrays, 83.9 MB stored; 1.5 s; peak memory 423 MiB.
2026-10-10T16:08:37Z INFO [691/1000] 80f2165d-1e06-4472-9915-766e09002bcf: 65 arrays, 0.0 MB stored; 1.8 s; peak memory 423 MiB.
2026-10-10T16:08:37Z INFO [692/1000] 80f2afd0-ee91-45b9-8386-39fb23ccd3ec: 45 arrays, 0.0 MB stored; 1.2 s; peak memory 423 MiB.
2026-10-10T16:08:38Z INFO [693/1000] 80f23b73-2a6c-49e5-9a23-c2618c460180: 117 arrays, 0.3 MB stored; 1.8 s; peak memory 423 MiB.
2026-10-10T16:08:39Z INFO [694/1000] 80f38131-c513-4f36-9b22-6359f10786ae: 48 arrays, 83.9 MB stored; 1.6 s; peak memory 423 MiB.
2026-10-10T16:08:42Z INFO [695/1000] 80e5ede7-cf0e-4d2d-b5e6-a8aae0da2c37: 20861 arrays, 490.5 MB stored; 53.9 s; peak memory 423 MiB.
2026-10-10T16:08:43Z INFO [696/1000] 80f4f5b2-fd13-4e26-b1ff-c4d84634fdc2: 188 arrays, 23.0 MB stored; 4.1 s; peak memory 423 MiB.
2026-10-10T16:08:44Z INFO [697/1000] 80f51d4d-57a4-4245-b735-8d3f1afea95e: 48 arrays, 83.9 MB stored; 1.6 s; peak memory 423 MiB.
2026-10-10T16:08:45Z INFO [698/1000] 80f5aed0-24c9-41c9-9d8c-f036e866daec: 117 arrays, 0.4 MB stored; 1.8 s; peak memory 423 MiB.
2026-10-10T16:08:47Z INFO [699/1000] 80f7580a-e52a-4580-8e5c-36b64ea4125d: 71 arrays, 3.0 MB stored; 2.0 s; peak memory 423 MiB.
2026-10-10T16:08:47Z INFO [700/1000] 80ea6a73-8c12-4ce5-90d2-bfbb6f6b73cf: 1872 arrays, 292.3 MB stored; 38.2 s; peak memory 423 MiB.
2026-10-10T16:08:49Z INFO [701/1000] 80f7a22f-d170-4b9d-bddd-81727665127f: 52 arrays, 27.4 MB stored; 1.6 s; peak memory 423 MiB.
2026-10-10T16:08:51Z INFO [702/1000] 80f7f08f-0aa6-428f-a7de-366afd6fe2cc: 116 arrays, 0.3 MB stored; 1.7 s; peak memory 423 MiB.
2026-10-10T16:08:53Z INFO [703/1000] 80f7583a-8c81-40cd-9820-511f649f8725: 229 arrays, 320.4 MB stored; 5.9 s; peak memory 423 MiB.
2026-10-10T16:08:55Z INFO [704/1000] 80f9681c-e431-4d56-a9f9-8e2f95153227: 71 arrays, 70.0 MB stored; 2.4 s; peak memory 423 MiB.
2026-10-10T16:08:57Z INFO [705/1000] 80f9a61a-d1eb-47d0-8a60-01b5181829ad: 112 arrays, 0.5 MB stored; 1.9 s; peak memory 423 MiB.
2026-10-10T16:09:01Z INFO [706/1000] 80f95a3d-272e-49df-ac69-393bef3697c7: 9087 arrays, 242.2 MB stored; 9.8 s; peak memory 423 MiB.
2026-10-10T16:09:08Z INFO [707/1000] 80f9ac77-c928-4b8d-bea4-8be5ae9a60bb: 538 arrays, 7.6 MB stored; 7.4 s; peak memory 423 MiB.
2026-10-10T16:09:10Z INFO [708/1000] 80fa5375-898d-4c5c-8703-e825c736e6e4: 74 arrays, 54.2 MB stored; 2.4 s; peak memory 423 MiB.
2026-10-10T16:09:12Z INFO [709/1000] 80fa5779-016b-4304-865a-a195f77b21bc: 48 arrays, 83.9 MB stored; 1.5 s; peak memory 423 MiB.
2026-10-10T16:09:14Z INFO [710/1000] 80fa9e8a-92d7-44a0-b94d-5621de456a52: 112 arrays, 0.5 MB stored; 1.9 s; peak memory 423 MiB.
2026-10-10T16:10:07Z INFO [711/1000] 80e8a45a-96ae-4445-b668-5e8f49dcda7b: 269 arrays, 20755.4 MB stored; 125.9 s; peak memory 423 MiB.
2026-10-10T16:10:18Z INFO [712/1000] 80faa9bb-ed17-4553-9575-4d308f7d191f: 87 arrays, 24847.2 MB stored; 64.0 s; peak memory 423 MiB.
2026-10-10T16:10:20Z INFO [713/1000] 80fc54fa-773a-464e-9918-587291ee2857: 66 arrays, 101.1 MB stored; 2.0 s; peak memory 423 MiB.
2026-10-10T16:10:22Z INFO [714/1000] 80fc6823-8f05-48d9-bf0a-0fe6053fdaa0: 66 arrays, 30.1 MB stored; 2.0 s; peak memory 423 MiB.
2026-10-10T16:10:23Z INFO [715/1000] 80fc8072-3e58-4301-a4f6-2d0f7ffc28a1: 33 arrays, 0.0 MB stored; 1.3 s; peak memory 423 MiB.
2026-10-10T16:10:45Z INFO [716/1000] 80f2e76a-7d77-46de-84cf-cc92eaf2293c: 167 arrays, 21190.8 MB stored; 128.0 s; peak memory 423 MiB.
2026-10-10T16:10:47Z INFO [717/1000] 80fc8bc6-867d-47e6-b073-c9e123df0ff9: 1161 arrays, 179.1 MB stored; 23.8 s; peak memory 423 MiB.
2026-10-10T16:10:47Z INFO [718/1000] 80dcf3fe-d0f2-4b67-a5c1-ca246e887ae1: 62 arrays, 18458.0 MB stored; 199.6 s; peak memory 423 MiB.
2026-10-10T16:10:48Z INFO [719/1000] 80fd64a3-bb9f-4f7e-9faa-95b3f81930fd: 38 arrays, 34.3 MB stored; 2.7 s; peak memory 423 MiB.
2026-10-10T16:10:48Z INFO [720/1000] 80feaa4d-881e-4592-af1f-999f3e993cd9: 38 arrays, 0.5 MB stored; 1.5 s; peak memory 423 MiB.
2026-10-10T16:10:50Z INFO [721/1000] 80fdf92c-27ac-49c9-99eb-63cde212b59d: 117 arrays, 21.4 MB stored; 2.9 s; peak memory 423 MiB.
2026-10-10T16:10:50Z INFO [722/1000] 80fee69f-7025-4ab5-b04f-f20a8fd102c0: 70 arrays, 0.7 MB stored; 1.7 s; peak memory 423 MiB.
2026-10-10T16:10:51Z INFO [723/1000] 80ff4f95-8814-4fcf-8a31-7dc3fd2f2c4e: 117 arrays, 0.2 MB stored; 1.7 s; peak memory 423 MiB.
2026-10-10T16:10:52Z INFO [724/1000] 80ff3587-fd02-436f-a247-6b8916d2b395: 1922 arrays, 364.3 MB stored; 3.2 s; peak memory 423 MiB.
2026-10-10T16:10:52Z INFO [725/1000] 81001d7f-291b-4de5-9ca9-9f8d8814cb91: 45 arrays, 639.1 MB stored; 2.2 s; peak memory 423 MiB.
2026-10-10T16:10:53Z INFO [726/1000] 81005430-00e4-4294-8559-c3ace78f8045: 48 arrays, 83.9 MB stored; 1.6 s; peak memory 423 MiB.
2026-10-10T16:10:53Z INFO [727/1000] 810075a8-a04d-4561-a6fd-c4aa4532996e: 118 arrays, 0.3 MB stored; 1.8 s; peak memory 423 MiB.
2026-10-10T16:10:55Z INFO [728/1000] 8101ddb1-3366-437c-8b69-ea7e6544eb56: 118 arrays, 0.4 MB stored; 1.8 s; peak memory 423 MiB.
2026-10-10T16:10:57Z INFO [729/1000] 8101f722-af8b-4c3d-90d1-5e9a14373ac0: 42 arrays, 1.1 MB stored; 2.0 s; peak memory 423 MiB.
2026-10-10T16:10:57Z INFO [730/1000] 80fb69ea-81de-4bd2-af28-c38c12c03b96: 87 arrays, 1553.1 MB stored; 50.4 s; peak memory 423 MiB.
2026-10-10T16:10:59Z INFO [731/1000] 810356e6-ff14-4aec-a350-f5bedbadcfae: 48 arrays, 83.9 MB stored; 1.5 s; peak memory 423 MiB.
2026-10-10T16:11:00Z INFO [732/1000] 81035bd0-2e75-472e-a904-824ea76d20fa: 48 arrays, 83.9 MB stored; 1.5 s; peak memory 423 MiB.
2026-10-10T16:11:02Z INFO [733/1000] 8103c0bc-d5d6-4ce6-b755-a8714508ed96: 110 arrays, 0.5 MB stored; 2.1 s; peak memory 423 MiB.
2026-10-10T16:11:03Z INFO [734/1000] 8100e50d-2d0c-4cd7-8663-74cbd0dbf163: 1101 arrays, 23.8 MB stored; 10.8 s; peak memory 423 MiB.
2026-10-10T16:11:04Z INFO [735/1000] 8103ffce-f9d9-4f9c-a448-0bd8505ebb4d: 55 arrays, 0.0 MB stored; 1.3 s; peak memory 423 MiB.
2026-10-10T16:11:04Z INFO [736/1000] 81043d55-de88-4d0e-b9ee-90664166f9bb: 48 arrays, 83.9 MB stored; 1.5 s; peak memory 423 MiB.
2026-10-10T16:11:05Z INFO [737/1000] 80f9aaf6-7c32-4b5e-948a-84ed2a95637e: 269 arrays, 21071.4 MB stored; 128.5 s; peak memory 423 MiB.
2026-10-10T16:11:07Z INFO [738/1000] 8105b2c8-e4d4-49f1-896b-e03b2219583a: 115 arrays, 186.8 MB stored; 3.0 s; peak memory 423 MiB.
2026-10-10T16:11:09Z INFO [739/1000] 8107cca5-ec41-4e70-a9cf-1f6586718b26: 117 arrays, 0.4 MB stored; 1.9 s; peak memory 423 MiB.
2026-10-10T16:11:11Z INFO [740/1000] 810871a4-47bf-4a2a-969c-eb9b73477e29: 66 arrays, 37.5 MB stored; 2.0 s; peak memory 423 MiB.
2026-10-10T16:11:12Z INFO [741/1000] 80f73303-4581-419a-8101-30f106a79fea: 277 arrays, 23262.3 MB stored; 148.5 s; peak memory 423 MiB.
2026-10-10T16:11:13Z INFO [742/1000] 81089578-db8a-49f6-b696-eb8902c99f53: 56 arrays, 0.0 MB stored; 1.4 s; peak memory 423 MiB.
2026-10-10T16:11:15Z INFO [743/1000] 8108fd2c-8795-4a2e-b07c-e7579caeb497: 58 arrays, 0.0 MB stored; 1.4 s; peak memory 423 MiB.
2026-10-10T16:11:16Z INFO [744/1000] 81098d82-175b-4981-bc37-3579943d09dd: 48 arrays, 83.9 MB stored; 1.5 s; peak memory 423 MiB.
2026-10-10T16:11:20Z INFO [745/1000] 81020447-2a40-4309-af47-c3200ab2d93c: 48 arrays, 37449.3 MB stored; 22.9 s; peak memory 423 MiB.
2026-10-10T16:11:20Z INFO [746/1000] 8104d009-c8d9-4dee-a3e4-ac3767a53d14: 432 arrays, 859.5 MB stored; 16.1 s; peak memory 423 MiB.
2026-10-10T16:11:21Z INFO [747/1000] 810878c0-d955-498e-96df-ef4ae855b097: 82 arrays, 400.5 MB stored; 9.5 s; peak memory 423 MiB.
2026-10-10T16:11:21Z INFO [748/1000] 810ad27d-3a1f-4831-be84-9161133aee46: 37 arrays, 3.6 MB stored; 1.5 s; peak memory 423 MiB.
2026-10-10T16:11:22Z INFO [749/1000] 810ac31b-009b-49c8-840e-fe0f7b96192c: 45 arrays, 648.8 MB stored; 2.2 s; peak memory 423 MiB.
2026-10-10T16:11:23Z INFO [750/1000] 810b00dd-93ef-4330-9034-13bec599183c: 109 arrays, 0.7 MB stored; 2.0 s; peak memory 423 MiB.
2026-10-10T16:11:24Z INFO [751/1000] 810bb02d-40e9-41b3-a95e-4a0420a905be: 48 arrays, 83.9 MB stored; 1.5 s; peak memory 423 MiB.
2026-10-10T16:11:25Z INFO [752/1000] 810b57c7-4318-4d48-b482-2a1fed3ca3c7: 38 arrays, 36.3 MB stored; 2.9 s; peak memory 423 MiB.
2026-10-10T16:11:26Z INFO [753/1000] 810bd906-f26d-4783-98ea-a338961be60d: 39 arrays, 4.5 MB stored; 1.4 s; peak memory 423 MiB.
2026-10-10T16:11:27Z INFO [754/1000] 810c457e-5562-47cc-8ee7-f03cd28c8b7f: 116 arrays, 0.5 MB stored; 1.9 s; peak memory 423 MiB.
2026-10-10T16:11:28Z INFO [755/1000] 810c5bf2-254d-4ec2-878b-73c28922448d: 70 arrays, 24.5 MB stored; 2.4 s; peak memory 423 MiB.
2026-10-10T16:11:29Z INFO [756/1000] 810d4a3e-1e10-48e1-985e-f8c2f6dc32e1: 176 arrays, 1.2 MB stored; 2.2 s; peak memory 423 MiB.
2026-10-10T16:11:30Z INFO [757/1000] 810d4cba-d66f-4112-aa58-a07c67ca69de: 112 arrays, 0.6 MB stored; 1.9 s; peak memory 423 MiB.
2026-10-10T16:11:31Z INFO [758/1000] 810d566a-b5f2-4dcf-861d-ca2ad251cb21: 112 arrays, 0.4 MB stored; 1.9 s; peak memory 423 MiB.
2026-10-10T16:11:31Z INFO [759/1000] 810d9d2f-06e1-4176-949f-7204d985741f: 49 arrays, 1.0 MB stored; 1.6 s; peak memory 423 MiB.
2026-10-10T16:11:32Z INFO [760/1000] 810dea62-1e6b-4d84-9966-78078e27e3cb: 118 arrays, 0.4 MB stored; 1.7 s; peak memory 423 MiB.
2026-10-10T16:11:33Z INFO [761/1000] 810e76ae-562a-4f28-866b-bf68549eb22f: 50 arrays, 4.7 MB stored; 1.4 s; peak memory 423 MiB.
2026-10-10T16:11:34Z INFO [762/1000] 810e8d2f-3a4f-4cfb-8748-2f2eb150afd9: 57 arrays, 0.0 MB stored; 1.3 s; peak memory 423 MiB.
2026-10-10T16:11:35Z INFO [763/1000] 810b312f-47f6-483e-b590-995cd55334b5: 478 arrays, 2479.0 MB stored; 13.6 s; peak memory 423 MiB.
2026-10-10T16:11:35Z INFO [764/1000] 810eb60a-d34d-466c-8c99-958252eb63c2: 48 arrays, 83.9 MB stored; 1.5 s; peak memory 423 MiB.
2026-10-10T16:11:37Z INFO [765/1000] 810f0da9-b97e-4b63-92e1-2d4d83156a80: 69 arrays, 44.7 MB stored; 2.0 s; peak memory 423 MiB.
2026-10-10T16:11:37Z INFO [766/1000] 810f11fb-2241-44c7-8675-6a7fcacd9acd: 77 arrays, 0.2 MB stored; 1.7 s; peak memory 423 MiB.
2026-10-10T16:11:39Z INFO [767/1000] 810fccdc-1ca9-40b4-ac17-ca18603d6ca1: 112 arrays, 0.4 MB stored; 1.9 s; peak memory 423 MiB.
2026-10-10T16:11:39Z INFO [768/1000] 810f282d-e84d-47f6-a4dd-c58b0edd516b: 68 arrays, 202.5 MB stored; 2.4 s; peak memory 423 MiB.
2026-10-10T16:11:41Z INFO [769/1000] 810ff391-6fd8-4d9d-a091-20a48125d01d: 112 arrays, 0.5 MB stored; 1.9 s; peak memory 423 MiB.
2026-10-10T16:11:41Z INFO [770/1000] 810fff0d-1c38-423e-83b6-9edcc108ef4e: 117 arrays, 0.3 MB stored; 1.7 s; peak memory 423 MiB.
2026-10-10T16:11:42Z INFO [771/1000] 811011f0-e9f1-4666-ad79-e6cb1d3f2655: 63 arrays, 0.2 MB stored; 1.6 s; peak memory 423 MiB.
2026-10-10T16:11:43Z INFO [772/1000] 81104acc-1af6-4e20-8f03-32304b5f49df: 83 arrays, 0.2 MB stored; 1.7 s; peak memory 423 MiB.
2026-10-10T16:11:44Z INFO [773/1000] 811066c6-9577-4925-84a1-5e8bd5f0203c: 48 arrays, 83.9 MB stored; 1.5 s; peak memory 423 MiB.
2026-10-10T16:11:45Z INFO [774/1000] 8110c1c8-4d52-464b-bcf9-3e40c6ed8013: 46 arrays, 0.1 MB stored; 1.3 s; peak memory 423 MiB.
2026-10-10T16:11:47Z INFO [775/1000] 811068f0-39ea-4be4-ba72-c4fc974a3fb1: 156 arrays, 193.5 MB stored; 4.0 s; peak memory 423 MiB.
2026-10-10T16:11:47Z INFO [776/1000] 8110edb2-7434-477c-9651-4ab571e3a289: 118 arrays, 0.4 MB stored; 1.8 s; peak memory 423 MiB.
2026-10-10T16:11:48Z INFO [777/1000] 81113756-7414-45e6-9bca-9daf9abb0290: 84 arrays, 0.2 MB stored; 1.7 s; peak memory 423 MiB.
2026-10-10T16:11:48Z INFO [778/1000] 8111dfee-71ac-420d-82a9-64f58fb1e3b5: 48 arrays, 83.9 MB stored; 1.5 s; peak memory 423 MiB.
2026-10-10T16:11:51Z INFO [779/1000] 81123a09-610c-498f-989c-787bbd747c27: 71 arrays, 74.7 MB stored; 2.8 s; peak memory 423 MiB.
2026-10-10T16:11:52Z INFO [780/1000] 8112195c-34cc-4c50-9b78-e7e4e907dd10: 138 arrays, 4.8 MB stored; 3.4 s; peak memory 423 MiB.
2026-10-10T16:11:53Z INFO [781/1000] 811287bc-526c-430b-b1a2-ae7f56221680: 59 arrays, 306.6 MB stored; 2.0 s; peak memory 423 MiB.
2026-10-10T16:11:54Z INFO [782/1000] 8112a759-2b58-4703-bf71-05d4363572b2: 118 arrays, 0.5 MB stored; 1.9 s; peak memory 423 MiB.
2026-10-10T16:11:55Z INFO [783/1000] 8112c3c8-e6a7-49be-92d5-2cc0f8bac021: 76 arrays, 0.8 MB stored; 1.6 s; peak memory 423 MiB.
2026-10-10T16:11:57Z INFO [784/1000] 8113c78d-81cb-49b8-a716-22f2e0bae19b: 38 arrays, 34.2 MB stored; 3.0 s; peak memory 423 MiB.
2026-10-10T16:11:57Z INFO [785/1000] 8113dab4-3b1e-41cf-a8b4-eea7afaafaf3: 71 arrays, 4.3 MB stored; 2.1 s; peak memory 423 MiB.
2026-10-10T16:11:58Z INFO [786/1000] 81151b0a-e32b-4cff-9b18-70c18ad71e59: 48 arrays, 83.9 MB stored; 1.5 s; peak memory 423 MiB.
2026-10-10T16:12:00Z INFO [787/1000] 8115228a-1c19-4876-8b2f-901dfb5409b6: 66 arrays, 18.1 MB stored; 1.9 s; peak memory 423 MiB.
2026-10-10T16:12:02Z INFO [788/1000] 81159ed6-76d9-45ba-944f-9dd779a7eed1: 109 arrays, 0.8 MB stored; 2.0 s; peak memory 423 MiB.
2026-10-10T16:12:12Z INFO [789/1000] 8114d076-0255-425b-8dd3-0a159d71a27a: 38 arrays, 472.9 MB stored; 15.8 s; peak memory 423 MiB.
2026-10-10T16:12:14Z INFO [790/1000] 81166915-50ff-467d-a69e-5c482acba561: 112 arrays, 0.4 MB stored; 1.9 s; peak memory 423 MiB.
2026-10-10T16:12:21Z INFO [791/1000] 8116b4a0-0e5c-4215-a156-8dc4e9c322ea: 538 arrays, 7.3 MB stored; 7.0 s; peak memory 423 MiB.
2026-10-10T16:12:23Z INFO [792/1000] 8117222f-2c37-45a7-a510-e80b15bb8b40: 116 arrays, 0.4 MB stored; 1.8 s; peak memory 423 MiB.
2026-10-10T16:12:25Z INFO [793/1000] 81176f52-ec81-47c7-837c-909956f7ac43: 117 arrays, 0.2 MB stored; 1.7 s; peak memory 423 MiB.
2026-10-10T16:12:27Z INFO [794/1000] 8117c740-1958-416d-96eb-c669bb2c0e4e: 51 arrays, 177.5 MB stored; 2.6 s; peak memory 423 MiB.
2026-10-10T16:12:29Z INFO [795/1000] 81182888-2c81-41ee-8f24-4ddcad4fa73e: 52 arrays, 11.2 MB stored; 1.6 s; peak memory 423 MiB.
2026-10-10T16:12:36Z INFO [796/1000] 811861c6-d9e4-4bf6-abfa-9a755d00f995: 196 arrays, 631.9 MB stored; 6.9 s; peak memory 423 MiB.
2026-10-10T16:12:38Z INFO [797/1000] 81186ca4-b618-45e7-a06c-7519c29ddf4b: 117 arrays, 0.6 MB stored; 2.0 s; peak memory 423 MiB.
2026-10-10T16:12:40Z INFO [798/1000] 81188fed-7d67-48d3-837c-a1cce1d4f418: 62 arrays, 4731.5 MB stored; 2.0 s; peak memory 423 MiB.
2026-10-10T16:12:42Z INFO [799/1000] 8118d579-d72f-40e1-87e9-499ea851cb1a: 69 arrays, 31.0 MB stored; 2.0 s; peak memory 423 MiB.
2026-10-10T16:12:44Z INFO [800/1000] 8118f3e2-3b56-4052-afa7-68de9622a5a6: 48 arrays, 83.9 MB stored; 1.6 s; peak memory 423 MiB.
2026-10-10T16:12:45Z INFO [800/1000] 8118f3e2-3b56-4052-afa7-68de9622a5a6: checkpointed 800 new records.
2026-10-10T16:12:45Z INFO [801/1000] 81196636-59ac-4e8c-bafd-3b025b97170c: 114 arrays, 0.2 MB stored; 1.6 s; peak memory 512 MiB.
2026-10-10T16:12:47Z INFO [802/1000] 81197567-6b39-4275-ace8-c9131f1ae822: 117 arrays, 0.2 MB stored; 1.8 s; peak memory 512 MiB.
2026-10-10T16:12:49Z INFO [803/1000] 8119a5f8-d834-49ea-b3f5-b33d33d6cebb: 117 arrays, 0.4 MB stored; 1.9 s; peak memory 512 MiB.
2026-10-10T16:12:51Z INFO [804/1000] 8119dbf0-9948-4aef-baf9-7ef8b91b700f: 117 arrays, 0.3 MB stored; 1.9 s; peak memory 512 MiB.
2026-10-10T16:12:53Z INFO [805/1000] 811a0a5b-8db0-4814-8fa0-cedc79a80d89: 113 arrays, 0.7 MB stored; 2.3 s; peak memory 512 MiB.
2026-10-10T16:12:55Z INFO [806/1000] 811a13b1-7393-40e0-ae1d-c5499bcbdc39: 57 arrays, 28.8 MB stored; 1.9 s; peak memory 512 MiB.
2026-10-10T16:12:59Z INFO [807/1000] 810e9d83-a8f3-475a-9a71-634659b1c690: 67 arrays, 7936.7 MB stored; 85.6 s; peak memory 512 MiB.
2026-10-10T16:13:01Z INFO [808/1000] 811a3364-8fa1-44fc-95cd-5593588075a5: 119 arrays, 51.3 MB stored; 2.4 s; peak memory 512 MiB.
2026-10-10T16:13:02Z INFO [809/1000] 811a643c-09f1-4c74-a6e4-d9f66c6450d9: 50 arrays, 1.8 MB stored; 1.5 s; peak memory 512 MiB.
2026-10-10T16:13:05Z INFO [810/1000] 811a27c6-0f27-46f1-977c-37cb0ad7ab74: 82 arrays, 361.7 MB stored; 9.7 s; peak memory 512 MiB.
2026-10-10T16:13:05Z INFO [811/1000] 811a6f0a-74bf-4616-8941-90fd60c7c99d: 76 arrays, 52.3 MB stored; 2.2 s; peak memory 512 MiB.
2026-10-10T16:13:06Z INFO [812/1000] 811b8213-a7c1-43b9-a920-bc5d3b0dfa53: 118 arrays, 0.3 MB stored; 1.8 s; peak memory 512 MiB.
2026-10-10T16:13:07Z INFO [813/1000] 811b164d-b654-4968-bc8a-a9e33bfcf151: 116 arrays, 0.5 MB stored; 2.0 s; peak memory 512 MiB.
2026-10-10T16:13:08Z INFO [814/1000] 8101f5a3-bd5c-4135-8d32-86513759ffde: 413 arrays, 22405.0 MB stored; 134.5 s; peak memory 512 MiB.
2026-10-10T16:13:08Z INFO [815/1000] 811c5e68-6344-48a9-85d3-aad348a42f7a: 48 arrays, 83.9 MB stored; 1.5 s; peak memory 512 MiB.
2026-10-10T16:13:10Z INFO [816/1000] 811d921e-e133-4a95-8e66-df5978bb26a6: 65 arrays, 24.0 MB stored; 1.9 s; peak memory 512 MiB.
2026-10-10T16:13:10Z INFO [817/1000] 811d0ce9-b398-4967-8cf1-347640047531: 110 arrays, 0.7 MB stored; 2.2 s; peak memory 512 MiB.
2026-10-10T16:13:12Z INFO [818/1000] 811e1e16-fb63-4aa4-babf-6803707a6228: 48 arrays, 83.9 MB stored; 1.5 s; peak memory 512 MiB.
2026-10-10T16:13:12Z INFO [819/1000] 811dfb33-c865-454d-8590-53f5d3ab3199: 112 arrays, 0.5 MB stored; 2.0 s; peak memory 512 MiB.
2026-10-10T16:13:14Z INFO [820/1000] 811eceae-6e23-4d87-a206-bd49807a9229: 48 arrays, 83.9 MB stored; 1.6 s; peak memory 512 MiB.
2026-10-10T16:13:15Z INFO [821/1000] 811e927e-5415-4c94-ba1c-3d833cc67c39: 115 arrays, 190.1 MB stored; 3.2 s; peak memory 512 MiB.
2026-10-10T16:13:15Z INFO [822/1000] 811fc1a3-48dc-43b6-846b-174a2a1c46d0: 48 arrays, 83.9 MB stored; 1.5 s; peak memory 512 MiB.
2026-10-10T16:13:16Z INFO [823/1000] 811fc7ad-05d3-4e1f-9150-922c6ae8d6c0: 55 arrays, 0.0 MB stored; 1.4 s; peak memory 512 MiB.
2026-10-10T16:13:18Z INFO [824/1000] 8120ae36-0246-4641-b545-6c52aa514d67: 48 arrays, 83.9 MB stored; 1.5 s; peak memory 512 MiB.
2026-10-10T16:13:19Z INFO [825/1000] 811bf7ca-3f15-4a58-8b51-2d04f8ac68b1: 744 arrays, 32.5 MB stored; 12.4 s; peak memory 512 MiB.
2026-10-10T16:13:19Z INFO [826/1000] 8120b165-b282-49d2-8426-90162b3ad1e9: 46 arrays, 0.1 MB stored; 1.3 s; peak memory 512 MiB.
2026-10-10T16:13:20Z INFO [827/1000] 8120dbe6-5db4-41be-8d55-18510ed24d56: 38 arrays, 0.5 MB stored; 1.5 s; peak memory 512 MiB.
2026-10-10T16:13:21Z INFO [828/1000] 8121517b-c753-40fb-ac32-0bd54fc3b695: 117 arrays, 0.1 MB stored; 1.8 s; peak memory 512 MiB.
2026-10-10T16:13:22Z INFO [829/1000] 8121884f-fb9d-4931-bb18-214cd25ca1a2: 56 arrays, 0.0 MB stored; 1.3 s; peak memory 512 MiB.
2026-10-10T16:13:23Z INFO [830/1000] 8121a43b-f9b7-45c1-902d-9ac6b32a6918: 67 arrays, 39.4 MB stored; 1.9 s; peak memory 512 MiB.
2026-10-10T16:13:24Z INFO [831/1000] 8122af60-079d-453e-890c-eb0f045278a8: 110 arrays, 0.7 MB stored; 2.2 s; peak memory 512 MiB.
2026-10-10T16:13:24Z INFO [832/1000] 811fd2f1-6e88-4a5e-b0b0-60e4b1bf0a28: 489 arrays, 29.7 MB stored; 9.0 s; peak memory 512 MiB.
2026-10-10T16:13:24Z INFO [833/1000] 8122bf61-f671-4450-9663-e3558ddf13ea: 68 arrays, 0.1 MB stored; 1.7 s; peak memory 512 MiB.
2026-10-10T16:13:26Z INFO [834/1000] 81231928-0d0c-42f1-91df-fe19c3a803e4: 112 arrays, 0.6 MB stored; 2.0 s; peak memory 512 MiB.
2026-10-10T16:13:27Z INFO [835/1000] 812309ec-3fbf-48f7-8f1a-5714159a2a67: 121 arrays, 1.3 MB stored; 3.0 s; peak memory 512 MiB.
2026-10-10T16:13:28Z INFO [836/1000] 810a1094-6484-4265-a578-69b5d0e26da0: 167 arrays, 21110.0 MB stored; 131.1 s; peak memory 512 MiB.
2026-10-10T16:13:28Z INFO [837/1000] 81233365-dac3-4a94-b184-9013d09fe96b: 48 arrays, 83.9 MB stored; 1.5 s; peak memory 512 MiB.
2026-10-10T16:13:28Z INFO [838/1000] 81234ba0-d412-4aa2-866f-1aa1ecc012c4: 48 arrays, 83.9 MB stored; 1.5 s; peak memory 512 MiB.
2026-10-10T16:13:30Z INFO [839/1000] 8123217d-26cb-4530-b00b-0116fe976954: 476 arrays, 4.9 MB stored; 5.3 s; peak memory 512 MiB.
2026-10-10T16:13:30Z INFO [840/1000] 81244e51-b7c9-4c48-9830-30f04e91caaf: 69 arrays, 47.3 MB stored; 2.0 s; peak memory 512 MiB.
2026-10-10T16:13:31Z INFO [841/1000] 81244b7b-6396-4692-a51b-aaeb47c29c7d: 115 arrays, 186.8 MB stored; 3.3 s; peak memory 512 MiB.
2026-10-10T16:13:31Z INFO [842/1000] 8124d210-0105-4c4b-a246-72a9e9d03503: 69 arrays, 3.2 MB stored; 1.8 s; peak memory 512 MiB.
2026-10-10T16:13:32Z INFO [843/1000] 81244f0a-6dd2-448c-95ef-5deb6f5b07f2: 116 arrays, 187.0 MB stored; 3.3 s; peak memory 512 MiB.
2026-10-10T16:13:32Z INFO [844/1000] 8124ecab-51d7-470a-957a-3ce0c14cc2e8: 68 arrays, 0.1 MB stored; 1.8 s; peak memory 512 MiB.
2026-10-10T16:13:34Z INFO [845/1000] 81253e6f-7fa4-47fc-8b89-f9615bfd3948: 155 arrays, 1.2 MB stored; 2.8 s; peak memory 512 MiB.
2026-10-10T16:13:40Z INFO [846/1000] 81273f5a-641f-4fe2-b12c-2a6700d80be1: 200 arrays, 215.5 MB stored; 6.3 s; peak memory 512 MiB.
2026-10-10T16:13:41Z INFO [847/1000] 81268142-d00f-4d3c-9fb5-42fd9516cc46: 82 arrays, 266.0 MB stored; 9.8 s; peak memory 512 MiB.
2026-10-10T16:13:42Z INFO [848/1000] 8127c186-6a04-4770-bf2f-082e0063edcf: 48 arrays, 83.9 MB stored; 1.5 s; peak memory 512 MiB.
2026-10-10T16:13:43Z INFO [849/1000] 81284d5b-ebfc-45e0-af1a-2ca031295c97: 48 arrays, 83.9 MB stored; 1.4 s; peak memory 512 MiB.
2026-10-10T16:13:44Z INFO [850/1000] 812673ba-2384-4a76-a374-cae741c51333: 1397 arrays, 27.7 MB stored; 12.3 s; peak memory 512 MiB.
2026-10-10T16:13:45Z INFO [851/1000] 81282878-0493-45eb-afe3-df4e08b8f22d: 116 arrays, 187.1 MB stored; 3.1 s; peak memory 512 MiB.
2026-10-10T16:13:45Z INFO [852/1000] 8128af48-90c0-4a65-9875-8891eaba0acf: 117 arrays, 0.2 MB stored; 1.7 s; peak memory 512 MiB.
2026-10-10T16:13:46Z INFO [853/1000] 81292ff2-ca71-49be-afbe-a9f4ad8c051a: 117 arrays, 0.3 MB stored; 1.7 s; peak memory 512 MiB.
2026-10-10T16:13:46Z INFO [854/1000] 81293676-f086-42ae-b689-f7620af70a2a: 48 arrays, 83.9 MB stored; 1.5 s; peak memory 512 MiB.
2026-10-10T16:13:47Z INFO [855/1000] 8129826b-56bc-451c-a13e-684e44e482da: 48 arrays, 83.9 MB stored; 1.5 s; peak memory 512 MiB.
2026-10-10T16:13:49Z INFO [856/1000] 812b60a4-c7bf-4b67-bbe0-d00279f1074b: 71 arrays, 157.5 MB stored; 2.7 s; peak memory 512 MiB.
2026-10-10T16:13:49Z INFO [857/1000] 812a2a5f-f504-4a49-9f7f-91b4f2b36ad9: 48 arrays, 34.9 MB stored; 4.0 s; peak memory 512 MiB.
2026-10-10T16:13:50Z INFO [858/1000] 812d04ed-2d7a-49b9-a2fe-a829ea6727fe: 48 arrays, 83.9 MB stored; 1.5 s; peak memory 512 MiB.
2026-10-10T16:13:51Z INFO [859/1000] 812be61c-607f-4f88-9c70-50706593c345: 50 arrays, 115.9 MB stored; 4.1 s; peak memory 512 MiB.
2026-10-10T16:13:51Z INFO [860/1000] 812da454-ca76-46de-b769-95304728b31b: 117 arrays, 0.3 MB stored; 1.7 s; peak memory 512 MiB.
2026-10-10T16:13:57Z INFO [861/1000] 812f2278-31b6-4acc-8304-c7eeccc05b0b: 229 arrays, 379.4 MB stored; 6.0 s; peak memory 512 MiB.
2026-10-10T16:13:58Z INFO [862/1000] 812f5c11-f85a-4a2f-963a-924b0137fc96: 118 arrays, 0.3 MB stored; 1.7 s; peak memory 512 MiB.
2026-10-10T16:14:00Z INFO [863/1000] 81313792-f515-4a8b-a411-ba82e3486556: 58 arrays, 0.0 MB stored; 1.3 s; peak memory 512 MiB.
2026-10-10T16:14:04Z INFO [864/1000] 8116391b-b6a9-43ee-9625-5aaa61f56efe: 167 arrays, 21416.1 MB stored; 121.3 s; peak memory 512 MiB.
2026-10-10T16:14:05Z INFO [865/1000] 812ea3f8-9e74-4a92-818e-810b3dccfd51: 1015 arrays, 41.0 MB stored; 14.6 s; peak memory 512 MiB.
2026-10-10T16:14:06Z INFO [866/1000] 813291a5-f0f1-4a29-a727-2b8e48455d6d: 53 arrays, 0.1 MB stored; 1.4 s; peak memory 512 MiB.
2026-10-10T16:14:10Z INFO [867/1000] 8125364f-e0cb-4584-aeb1-14d505e18d09: 847 arrays, 554.4 MB stored; 39.1 s; peak memory 512 MiB.
2026-10-10T16:14:11Z INFO [868/1000] 81332432-fcf2-4893-baf3-68e27dd98056: 54 arrays, 0.0 MB stored; 1.3 s; peak memory 512 MiB.
2026-10-10T16:14:11Z INFO [869/1000] 812f50da-4159-4ba0-84e6-250feb8c9971: 48 arrays, 41045.9 MB stored; 20.1 s; peak memory 512 MiB.
2026-10-10T16:14:12Z INFO [870/1000] 81318b25-b2b8-4296-9858-573ed9362955: 410 arrays, 147.4 MB stored; 12.0 s; peak memory 512 MiB.
2026-10-10T16:14:13Z INFO [871/1000] 81344cd5-93d3-4146-b648-d1dc06464d30: 51 arrays, 4.7 MB stored; 1.5 s; peak memory 512 MiB.
2026-10-10T16:14:13Z INFO [872/1000] 81348da2-0100-4630-9cc8-1b1d3ea6b57a: 117 arrays, 0.3 MB stored; 1.8 s; peak memory 512 MiB.
2026-10-10T16:14:13Z INFO [873/1000] 81349253-3d22-4ba8-9980-e5840b427618: 48 arrays, 83.9 MB stored; 1.5 s; peak memory 512 MiB.
2026-10-10T16:14:15Z INFO [874/1000] 8134b69d-2c64-449e-8c53-5fa35655b4a4: 48 arrays, 83.9 MB stored; 1.5 s; peak memory 512 MiB.
2026-10-10T16:14:15Z INFO [875/1000] 8134c43c-b1fc-4dd4-831f-cdc9d6c4e014: 48 arrays, 83.9 MB stored; 1.5 s; peak memory 512 MiB.
2026-10-10T16:14:16Z INFO [876/1000] 8134ca38-130c-4629-82b3-ce56f2de5b33: 48 arrays, 83.9 MB stored; 1.5 s; peak memory 512 MiB.
2026-10-10T16:14:16Z INFO [877/1000] 81349ee0-5691-4da6-a789-d70c42b7bf50: 156 arrays, 193.6 MB stored; 3.7 s; peak memory 512 MiB.
2026-10-10T16:14:17Z INFO [878/1000] 81326042-948f-4467-a836-5f8238b4118a: 819 arrays, 33.1 MB stored; 12.9 s; peak memory 512 MiB.
2026-10-10T16:14:17Z INFO [879/1000] 81358173-50fb-4639-ad03-3c0fb2796d24: 48 arrays, 83.9 MB stored; 1.5 s; peak memory 512 MiB.
2026-10-10T16:14:18Z INFO [880/1000] 8135e53d-e4b8-4d78-af7f-4b233877602c: 48 arrays, 83.9 MB stored; 1.5 s; peak memory 512 MiB.
2026-10-10T16:14:18Z INFO [881/1000] 8135d011-e3e6-4c18-af14-6a48d7491571: 79 arrays, 1.0 MB stored; 1.9 s; peak memory 512 MiB.
2026-10-10T16:14:19Z INFO [882/1000] 8132fe82-41fb-41cf-89e7-950ae93b805d: 1123 arrays, 27.4 MB stored; 12.6 s; peak memory 512 MiB.
2026-10-10T16:14:19Z INFO [883/1000] 813640b3-ed73-4052-8bce-c826e2ed48a5: 46 arrays, 12.6 MB stored; 1.6 s; peak memory 512 MiB.
2026-10-10T16:14:21Z INFO [884/1000] 81367379-c959-4ac6-afea-aef2a5761f82: 71 arrays, 130.0 MB stored; 2.5 s; peak memory 512 MiB.
2026-10-10T16:14:21Z INFO [885/1000] 81371e2f-16b6-4ed5-a11c-de66e71419e3: 66 arrays, 94.6 MB stored; 2.1 s; peak memory 512 MiB.
2026-10-10T16:14:21Z INFO [886/1000] 8136ba6b-3457-4495-81f6-2ca9c8386588: 38 arrays, 36.3 MB stored; 3.0 s; peak memory 512 MiB.
2026-10-10T16:14:21Z INFO [887/1000] 8137afcd-2823-46c5-b452-8922d8d4c130: 66 arrays, 56.4 MB stored; 2.4 s; peak memory 512 MiB.
2026-10-10T16:14:22Z INFO [888/1000] 8135265a-9024-4fba-8816-cc885c9c1891: 173 arrays, 17.2 MB stored; 7.3 s; peak memory 512 MiB.
2026-10-10T16:14:23Z INFO [889/1000] 81382966-cc1a-46d1-8813-2df7bb1fe296: 118 arrays, 0.4 MB stored; 1.8 s; peak memory 512 MiB.
2026-10-10T16:14:23Z INFO [890/1000] 81389015-8128-4927-9f00-3110b04ec144: 48 arrays, 83.9 MB stored; 1.6 s; peak memory 512 MiB.
2026-10-10T16:14:23Z INFO [891/1000] 8138c5f6-7d91-450c-bbf7-93a7159c4046: 60 arrays, 2.2 MB stored; 1.5 s; peak memory 512 MiB.
2026-10-10T16:14:23Z INFO [892/1000] 81389e55-c2dd-4f73-a8df-30a37bbdac8a: 112 arrays, 0.6 MB stored; 2.0 s; peak memory 512 MiB.
2026-10-10T16:14:24Z INFO [893/1000] 8138fb41-38df-4646-bbe7-010935f2b6bb: 52 arrays, 2930.8 MB stored; 1.6 s; peak memory 512 MiB.
2026-10-10T16:14:24Z INFO [894/1000] 8139695e-74e6-4a79-b455-1d4607c5443f: 48 arrays, 83.9 MB stored; 1.5 s; peak memory 512 MiB.
2026-10-10T16:14:26Z INFO [895/1000] 813acdbd-9a1d-4a32-b2ee-f4ecd9998776: 48 arrays, 83.9 MB stored; 1.5 s; peak memory 512 MiB.
2026-10-10T16:14:28Z INFO [896/1000] 813a7af1-0495-4706-83a9-3b7b963fef9d: 38 arrays, 57.2 MB stored; 3.2 s; peak memory 512 MiB.
2026-10-10T16:14:29Z INFO [897/1000] 81382240-7878-42a8-8095-810142993b40: 298 arrays, 2139.1 MB stored; 7.8 s; peak memory 512 MiB.
2026-10-10T16:14:29Z INFO [898/1000] 813b329d-c672-4f5f-a373-fd6135f461c7: 48 arrays, 83.9 MB stored; 1.5 s; peak memory 512 MiB.
2026-10-10T16:14:30Z INFO [899/1000] 813b3241-7319-47a6-b504-028189733441: 156 arrays, 193.5 MB stored; 3.6 s; peak memory 512 MiB.
2026-10-10T16:14:31Z INFO [900/1000] 813bb74f-4aab-4bb4-8b01-6a906079ba52: 66 arrays, 12.9 MB stored; 2.0 s; peak memory 512 MiB.
2026-10-10T16:14:31Z INFO [901/1000] 813cb2e6-0520-46c6-9fd6-f436705aac19: 117 arrays, 0.3 MB stored; 2.0 s; peak memory 512 MiB.
2026-10-10T16:14:33Z INFO [902/1000] 813ce3d4-a7c7-4872-b937-47ca8f6cfd60: 48 arrays, 83.9 MB stored; 1.6 s; peak memory 512 MiB.
2026-10-10T16:14:33Z INFO [903/1000] 813d7451-0b13-468a-9356-5c2a90fd0ffb: 116 arrays, 9.7 MB stored; 1.8 s; peak memory 512 MiB.
2026-10-10T16:14:35Z INFO [904/1000] 813e487f-0580-4e0d-a753-74b6a025e124: 48 arrays, 83.9 MB stored; 1.4 s; peak memory 512 MiB.
2026-10-10T16:14:35Z INFO [905/1000] 813da3ae-4d3d-4cc0-950f-850dd11990d7: 66 arrays, 74.3 MB stored; 2.4 s; peak memory 512 MiB.
2026-10-10T16:14:39Z INFO [906/1000] 8139c115-e45b-4821-8033-32c1335050c6: 38 arrays, 430.2 MB stored; 16.0 s; peak memory 512 MiB.
2026-10-10T16:14:41Z INFO [907/1000] 813ed2f2-d2c7-4cfa-95e4-ae9cf00fea34: 48 arrays, 83.9 MB stored; 1.6 s; peak memory 512 MiB.
2026-10-10T16:14:43Z INFO [908/1000] 813edee6-5285-415e-95b5-60d8dc725545: 49 arrays, 480.5 MB stored; 1.9 s; peak memory 512 MiB.
2026-10-10T16:14:43Z INFO [909/1000] 813e5c98-1ed2-41ba-aa9e-45ff83fde5be: 1003 arrays, 25.0 MB stored; 8.3 s; peak memory 512 MiB.
2026-10-10T16:14:50Z INFO [910/1000] 813f3d25-2dea-447e-9c2b-a2ac7485d91b: 196 arrays, 570.9 MB stored; 7.2 s; peak memory 512 MiB.
2026-10-10T16:14:50Z INFO [911/1000] 813baeac-7a31-425f-9be2-27dcb37c34cb: 87 arrays, 1069.0 MB stored; 21.6 s; peak memory 512 MiB.
2026-10-10T16:14:52Z INFO [912/1000] 813fd92a-4a53-4032-ab2f-43a786f8f140: 230 arrays, 0.9 MB stored; 2.1 s; peak memory 512 MiB.
2026-10-10T16:14:52Z INFO [913/1000] 81400892-c4d9-4617-8303-d90593b59c09: 289 arrays, 17.1 MB stored; 2.3 s; peak memory 512 MiB.
2026-10-10T16:14:54Z INFO [914/1000] 8140997b-a727-4f18-b83f-1f8e2ff80322: 48 arrays, 83.9 MB stored; 1.5 s; peak memory 512 MiB.
2026-10-10T16:14:55Z INFO [915/1000] 81407669-8f44-4135-a2ab-de1477703198: 53 arrays, 716.0 MB stored; 2.5 s; peak memory 512 MiB.
2026-10-10T16:14:57Z INFO [916/1000] 8141025c-81c0-4ab1-9d70-d402a23abdc5: 71 arrays, 4.1 MB stored; 1.9 s; peak memory 512 MiB.
2026-10-10T16:14:58Z INFO [917/1000] 813e8b4f-ae98-4b8f-bdf9-c0d6b6080123: 925 arrays, 1685.5 MB stored; 22.6 s; peak memory 512 MiB.
2026-10-10T16:14:59Z INFO [918/1000] 814123a9-8a58-41a1-b4bf-acf9691687a7: 110 arrays, 0.3 MB stored; 1.9 s; peak memory 512 MiB.
2026-10-10T16:14:59Z INFO [919/1000] 81416c35-7fde-4e16-9b2c-a6d357cb5aba: 41 arrays, 8.4 MB stored; 1.5 s; peak memory 512 MiB.
2026-10-10T16:15:00Z INFO [920/1000] 813f522e-cfa4-4ba2-a42f-e3c8247fc341: 41 arrays, 564.7 MB stored; 16.7 s; peak memory 512 MiB.
2026-10-10T16:15:00Z INFO [921/1000] 8143080d-c282-4d50-ace0-b1cb25e3f492: 48 arrays, 83.9 MB stored; 1.7 s; peak memory 512 MiB.
2026-10-10T16:15:01Z INFO [922/1000] 8143204b-927d-494c-93e6-15cb656eadc2: 117 arrays, 0.3 MB stored; 1.7 s; peak memory 512 MiB.
2026-10-10T16:15:02Z INFO [923/1000] 81435618-6e57-4863-8069-626fe92ea1e4: 68 arrays, 14.6 MB stored; 1.8 s; peak memory 512 MiB.
2026-10-10T16:15:02Z INFO [924/1000] 81435740-96c5-4dda-a72d-800e778978e7: 48 arrays, 83.9 MB stored; 1.5 s; peak memory 512 MiB.
2026-10-10T16:15:03Z INFO [925/1000] 8143e1c9-7dc9-4d80-95e3-4f406b8fcf86: 74 arrays, 1.4 MB stored; 2.2 s; peak memory 512 MiB.
2026-10-10T16:15:04Z INFO [926/1000] 81444614-ecbf-46b3-a79b-1850cb6892de: 112 arrays, 0.4 MB stored; 2.2 s; peak memory 512 MiB.
2026-10-10T16:15:05Z INFO [927/1000] 8143fb3b-06c4-4f74-bca8-f3b0b12fc13e: 115 arrays, 190.1 MB stored; 3.3 s; peak memory 512 MiB.
2026-10-10T16:15:06Z INFO [928/1000] 81451a8b-094a-4719-ab94-01b5c94e269d: 56 arrays, 0.0 MB stored; 1.3 s; peak memory 512 MiB.
2026-10-10T16:15:07Z INFO [929/1000] 8140bc91-daf1-4b3c-96e5-308f17811bff: 1281 arrays, 25.0 MB stored; 13.4 s; peak memory 512 MiB.
2026-10-10T16:15:08Z INFO [930/1000] 8145953d-1f7c-4de0-96a6-730201edc749: 62 arrays, 0.7 MB stored; 1.6 s; peak memory 512 MiB.
2026-10-10T16:15:08Z INFO [931/1000] 8105e30d-0bc9-4ece-bc77-63ba86a8f035: 264 arrays, 39383.6 MB stored; 242.5 s; peak memory 512 MiB.
2026-10-10T16:15:09Z INFO [932/1000] 8144551c-33c2-46a3-9deb-ac067e7ccf41: 229 arrays, 241.8 MB stored; 5.8 s; peak memory 512 MiB.
2026-10-10T16:15:10Z INFO [933/1000] 8145f4e9-365f-47c1-b31f-e85201eeb80a: 116 arrays, 0.3 MB stored; 1.7 s; peak memory 512 MiB.
2026-10-10T16:15:10Z INFO [934/1000] 8145fa29-2daa-49eb-8150-657121b8b986: 71 arrays, 152.9 MB stored; 2.5 s; peak memory 512 MiB.
2026-10-10T16:15:11Z INFO [935/1000] 81467ae3-ad5d-4efa-9881-4cf411b39b86: 48 arrays, 251.7 MB stored; 1.6 s; peak memory 512 MiB.
2026-10-10T16:15:11Z INFO [936/1000] 8144d3a4-1a51-4991-8235-f1a825e77fe2: 483 arrays, 17.2 MB stored; 7.4 s; peak memory 512 MiB.
2026-10-10T16:15:12Z INFO [937/1000] 8148b981-b78a-48ae-98d9-e613592a574c: 54 arrays, 0.0 MB stored; 1.4 s; peak memory 512 MiB.
2026-10-10T16:15:12Z INFO [938/1000] 8148765c-fe7f-40f5-86ce-b6d9e86211b2: 119 arrays, 66.6 MB stored; 2.9 s; peak memory 512 MiB.
2026-10-10T16:15:14Z INFO [939/1000] 8149e063-eda7-4e6b-b1bb-be987cc74ec2: 118 arrays, 0.2 MB stored; 1.7 s; peak memory 512 MiB.
2026-10-10T16:15:14Z INFO [940/1000] 8145ba3e-c950-49d9-aa5e-41e231c24b39: 610 arrays, 10.8 MB stored; 6.4 s; peak memory 512 MiB.
2026-10-10T16:15:14Z INFO [941/1000] 814a49e7-ec74-4d1b-aa8e-3cc2379de9ff: 101 arrays, 0.1 MB stored; 1.4 s; peak memory 512 MiB.
2026-10-10T16:15:14Z INFO [942/1000] 8148ccc9-7166-4116-9b6d-b3fd1a378f13: 90 arrays, 1177.4 MB stored; 3.8 s; peak memory 512 MiB.
2026-10-10T16:15:16Z INFO [943/1000] 814b3226-e017-47b1-ba7a-1c2e50c1df7a: 69 arrays, 0.7 MB stored; 1.8 s; peak memory 512 MiB.
2026-10-10T16:15:17Z INFO [944/1000] 814ae5ca-070f-4f0e-bc2f-ca49eea6886a: 38 arrays, 33.7 MB stored; 2.9 s; peak memory 512 MiB.
2026-10-10T16:15:18Z INFO [945/1000] 814d2fc1-a169-46a2-84d9-24530d7478b1: 46 arrays, 0.3 MB stored; 1.3 s; peak memory 512 MiB.
2026-10-10T16:15:20Z INFO [946/1000] 814d514b-7ccd-4171-9a0c-645aae61c003: 118 arrays, 0.3 MB stored; 1.8 s; peak memory 512 MiB.
2026-10-10T16:15:21Z INFO [947/1000] 814ac99b-e114-4c9d-bc8d-a89b9d5dadc5: 257 arrays, 104.1 MB stored; 7.2 s; peak memory 512 MiB.
2026-10-10T16:15:22Z INFO [948/1000] 814e09fa-fe3c-4b7a-93cf-f28f6ff39c11: 48 arrays, 83.9 MB stored; 1.5 s; peak memory 512 MiB.
2026-10-10T16:15:23Z INFO [949/1000] 814d61b3-908e-4bb3-9aa2-8363a5a116f4: 114 arrays, 186.8 MB stored; 3.3 s; peak memory 512 MiB.
2026-10-10T16:15:24Z INFO [950/1000] 814e3985-2ab0-4be1-9711-941e6aafd4b6: 84 arrays, 0.5 MB stored; 2.0 s; peak memory 512 MiB.
2026-10-10T16:15:25Z INFO [951/1000] 814f1b4e-19ed-4a65-8048-ac77c8f8f469: 48 arrays, 83.9 MB stored; 1.5 s; peak memory 512 MiB.
2026-10-10T16:15:25Z INFO [952/1000] 814c047b-0d42-4fb0-a0dc-2057962e9b03: 804 arrays, 38.7 MB stored; 11.1 s; peak memory 512 MiB.
2026-10-10T16:15:26Z INFO [953/1000] 814f9cff-1da1-41d4-af03-29f928c07e65: 48 arrays, 83.9 MB stored; 1.6 s; peak memory 512 MiB.
2026-10-10T16:15:27Z INFO [954/1000] 814fbed4-d982-4ca7-948a-d5b747295870: 112 arrays, 0.9 MB stored; 2.3 s; peak memory 512 MiB.
2026-10-10T16:15:27Z INFO [955/1000] 814ff3b6-cc2c-4e76-a229-0f1ba3ba9fc2: 38 arrays, 0.5 MB stored; 1.5 s; peak memory 512 MiB.
2026-10-10T16:15:28Z INFO [956/1000] 814c4a09-bff5-45e1-9526-4d78bfa15800: 1345 arrays, 23.3 MB stored; 11.9 s; peak memory 512 MiB.
2026-10-10T16:15:28Z INFO [957/1000] 8150e281-68b0-4f04-9695-ded1cf9a38e0: 50 arrays, 117.5 MB stored; 1.6 s; peak memory 512 MiB.
2026-10-10T16:15:29Z INFO [958/1000] 815202ce-4692-49c5-9aa7-3d6054d60da6: 38 arrays, 0.5 MB stored; 1.4 s; peak memory 512 MiB.
2026-10-10T16:15:29Z INFO [959/1000] 8150067f-1fa7-469a-bad0-e2dd3b42acf0: 115 arrays, 186.9 MB stored; 3.2 s; peak memory 512 MiB.
2026-10-10T16:15:29Z INFO [960/1000] 8151f0f9-155e-44d2-b0b6-734daf5e6136: 76 arrays, 55.3 MB stored; 2.2 s; peak memory 512 MiB.
2026-10-10T16:15:31Z INFO [961/1000] 81526111-8ed6-42a0-8437-1f2a02749c90: 66 arrays, 2728.8 MB stored; 2.4 s; peak memory 512 MiB.
2026-10-10T16:15:32Z INFO [962/1000] 815233fc-b96d-455a-9e13-0f1b8996b194: 115 arrays, 190.2 MB stored; 3.3 s; peak memory 512 MiB.
2026-10-10T16:15:35Z INFO [963/1000] 8152c741-8983-4dbf-8282-2b892b391b76: 118 arrays, 0.9 MB stored; 2.4 s; peak memory 512 MiB.
2026-10-10T16:15:35Z INFO [964/1000] 81496f36-1447-4dee-9b1f-fe53693e36a4: 48 arrays, 46666.5 MB stored; 23.6 s; peak memory 512 MiB.
2026-10-10T16:15:35Z INFO [965/1000] 81520ca0-70b0-400a-98a5-917692e0d225: 196 arrays, 649.1 MB stored; 6.7 s; peak memory 512 MiB.
2026-10-10T16:15:37Z INFO [966/1000] 8152de24-2652-4c7c-91b0-b0fdfa4951a5: 62 arrays, 2987.0 MB stored; 1.9 s; peak memory 512 MiB.
2026-10-10T16:15:37Z INFO [967/1000] 8152a532-c0a8-4744-8449-3861d0be9da9: 538 arrays, 7.6 MB stored; 8.0 s; peak memory 512 MiB.
2026-10-10T16:15:41Z INFO [968/1000] 8153b3a1-b94c-41b1-9ffe-56b47a9444e5: 85 arrays, 17.9 MB stored; 4.4 s; peak memory 512 MiB.
2026-10-10T16:15:42Z INFO [969/1000] 81534ad2-83de-490a-b11f-c3d552428904: 490 arrays, 8.2 MB stored; 6.8 s; peak memory 512 MiB.
2026-10-10T16:15:42Z INFO [970/1000] 8152c3bb-b69d-400f-8f7e-1723e71ce8cf: 11485 arrays, 244.5 MB stored; 10.8 s; peak memory 512 MiB.
2026-10-10T16:15:43Z INFO [971/1000] 8154b5e8-6fb9-4618-9197-0e6901a9e584: 46 arrays, 0.0 MB stored; 1.4 s; peak memory 512 MiB.
2026-10-10T16:15:43Z INFO [972/1000] 8154259d-0b47-4d27-a3ff-4ef7df1fa8d2: 64 arrays, 67.8 MB stored; 2.1 s; peak memory 512 MiB.
2026-10-10T16:15:44Z INFO [973/1000] 81551c0b-ab2f-4b33-8758-afd54416f1aa: 56 arrays, 0.0 MB stored; 1.4 s; peak memory 512 MiB.
2026-10-10T16:15:48Z INFO [974/1000] 81540aff-e708-4441-b218-c7f8ce35592a: 391 arrays, 77.7 MB stored; 10.5 s; peak memory 512 MiB.
2026-10-10T16:15:50Z INFO [975/1000] 8152cfb3-9a87-454d-9982-ac14baaa7f86: 4075 arrays, 29.9 MB stored; 14.9 s; peak memory 512 MiB.
2026-10-10T16:15:50Z INFO [976/1000] 815698af-f97c-44a5-88ba-78b455519218: 112 arrays, 0.6 MB stored; 2.1 s; peak memory 512 MiB.
2026-10-10T16:15:51Z INFO [977/1000] 81569eed-ab2b-4720-8838-620370c45c16: 57 arrays, 0.0 MB stored; 1.5 s; peak memory 512 MiB.
2026-10-10T16:15:52Z INFO [978/1000] 815688db-0e96-4536-9b5c-f5478cd62aab: 538 arrays, 8.6 MB stored; 7.9 s; peak memory 512 MiB.
2026-10-10T16:15:53Z INFO [979/1000] 81566d50-6538-4229-8e70-86904bb9f986: 598 arrays, 18.9 MB stored; 9.3 s; peak memory 512 MiB.
2026-10-10T16:15:53Z INFO [980/1000] 8156ecda-b745-4833-beb1-597018db2664: 112 arrays, 0.8 MB stored; 2.1 s; peak memory 512 MiB.
2026-10-10T16:15:54Z INFO [981/1000] 8156becc-d5da-4311-af81-a5e31d80b1aa: 81 arrays, 5527.0 MB stored; 3.7 s; peak memory 512 MiB.
2026-10-10T16:15:55Z INFO [982/1000] 81594fcc-900a-4060-a31c-c733fa94b660: 46 arrays, 4.5 MB stored; 1.5 s; peak memory 512 MiB.
2026-10-10T16:15:57Z INFO [983/1000] 81596bab-d4e7-457e-b4fd-0d1979e64f51: 119 arrays, 51.4 MB stored; 2.4 s; peak memory 512 MiB.
2026-10-10T16:15:59Z INFO [984/1000] 8159b844-5213-41df-88fd-00a8c768e0b8: 48 arrays, 83.9 MB stored; 1.6 s; peak memory 512 MiB.
2026-10-10T16:16:00Z INFO [985/1000] 815a042b-874a-4723-81dd-1a79247ee7c4: 46 arrays, 12.6 MB stored; 1.5 s; peak memory 512 MiB.
2026-10-10T16:16:02Z INFO [986/1000] 815a112d-8a1d-45f1-9ab7-00e21a9559b6: 48 arrays, 83.9 MB stored; 1.5 s; peak memory 512 MiB.
2026-10-10T16:16:03Z INFO [987/1000] 8157caba-bd57-40a4-be8f-e71469455a23: 1354 arrays, 26.9 MB stored; 11.0 s; peak memory 512 MiB.
2026-10-10T16:16:03Z INFO [988/1000] 815a7fb3-c357-469f-81f5-890fbd685833: 46 arrays, 0.1 MB stored; 1.3 s; peak memory 512 MiB.
2026-10-10T16:16:04Z INFO [989/1000] 8157da06-2bc2-4089-879b-856a8d8f1bc2: 840 arrays, 32.5 MB stored; 11.0 s; peak memory 512 MiB.
2026-10-10T16:16:04Z INFO [990/1000] 815aaa49-f3a9-4bbb-92fd-5f3131eeef94: 52 arrays, 11.8 MB stored; 1.9 s; peak memory 512 MiB.
2026-10-10T16:16:05Z INFO [991/1000] 815b8263-0404-442d-a496-4993626319df: 50 arrays, 5.7 MB stored; 1.5 s; peak memory 512 MiB.
2026-10-10T16:16:05Z INFO [992/1000] 815c1077-56f3-46fb-ad69-a4fd3acaf41c: 118 arrays, 0.3 MB stored; 1.8 s; peak memory 512 MiB.
2026-10-10T16:16:06Z INFO [993/1000] 815c4301-6bcf-497f-9b99-6aebd02dfab1: 49 arrays, 22.8 MB stored; 1.8 s; peak memory 512 MiB.
2026-10-10T16:16:07Z INFO [994/1000] 815c8eaf-661f-42dd-8009-3be48b6af270: 48 arrays, 83.9 MB stored; 1.6 s; peak memory 512 MiB.
2026-10-10T16:16:09Z INFO [995/1000] 81595248-1242-4a58-b907-61ec9586a45d: 4710 arrays, 30.4 MB stored; 15.7 s; peak memory 512 MiB.
2026-10-10T16:16:10Z INFO [996/1000] 815c3950-86f4-4e20-948b-9626434be61d: 498 arrays, 6.9 MB stored; 6.0 s; peak memory 512 MiB.
2026-10-10T16:16:32Z INFO [997/1000] 813a24cb-4a76-4780-9f30-303f7adeb90e: 54952 arrays, 333.6 MB stored; 128.4 s; peak memory 512 MiB.
2026-10-10T16:22:38Z WARNING 8085b412-66af-4cea-bc9f-ed3fa2e1a496: failed while reading the NWB file (TimeoutError: exceeded 1200 s)
2026-10-10T16:22:38Z WARNING [998/1000] 8085b412-66af-4cea-bc9f-ed3fa2e1a496: recorded the failure; a later run retries it.
2026-10-10T16:25:24Z INFO [999/1000] 8155df6a-b360-4d06-9f13-35d8e6bfb175: 99 arrays, 1628.0 MB stored; 581.1 s; peak memory 512 MiB.
2026-10-10T16:28:38Z WARNING 80f486ee-8330-4175-a788-50d2c724ebe9: failed while reading the NWB file (TimeoutError: exceeded 1200 s)
2026-10-10T16:28:38Z WARNING [1000/1000] 80f486ee-8330-4175-a788-50d2c724ebe9: recorded the failure; a later run retries it.
2026-10-10T16:28:40Z INFO [1000/1000] 80f486ee-8330-4175-a788-50d2c724ebe9: checkpointed 1000 new records.
2026-10-10T16:28:40Z INFO Wrote 86200 records to /tmp/derivatives/valid_nwb_file_to_array_sizes.jsonl (998 new, 2 failed) in 32.5 min (peak memory 683 MiB).
