2026-10-10T09:08:55Z INFO Logging to /tmp/logs/update_2026-10-10T09-08-55Z.log.
2026-10-10T09:08:55Z INFO Update valid-nwb-file-to-array-sizes (base directory /tmp).
2026-10-10T09:09:38Z INFO Processing 1000 items (73200 already recorded).
2026-10-10T09:09:41Z INFO [1/1000] 6dcc77c4-e7b9-451d-86c3-9f3fb49d02e8: 46 arrays, 0.0 MB stored; 2.4 s; peak memory 163 MiB.
2026-10-10T09:09:41Z INFO [2/1000] 6dce108a-c8b3-4799-973c-cacee9e046e1: 117 arrays, 0.2 MB stored; 2.7 s; peak memory 163 MiB.
2026-10-10T09:09:41Z INFO [3/1000] 6dcc1dbd-2d93-4357-8edd-ace337ee44e0: 63 arrays, 0.2 MB stored; 2.8 s; peak memory 163 MiB.
2026-10-10T09:09:41Z INFO [4/1000] 6dcc70f6-5450-426e-969a-8e9407dea3c6: 62 arrays, 4779.4 MB stored; 3.1 s; peak memory 163 MiB.
2026-10-10T09:09:41Z INFO [5/1000] 6dcb3497-afc5-4851-8d8f-63ffce31d4c3: 117 arrays, 0.5 MB stored; 3.2 s; peak memory 163 MiB.
2026-10-10T09:09:41Z INFO [6/1000] 6dccd092-b8cb-42be-aff8-e05e3d4af29e: 112 arrays, 0.6 MB stored; 3.3 s; peak memory 163 MiB.
2026-10-10T09:09:41Z INFO [7/1000] 6dceffb2-353a-4fc6-9e48-a4c7cf1fe9d6: 112 arrays, 1.1 MB stored; 3.3 s; peak memory 163 MiB.
2026-10-10T09:09:43Z INFO [8/1000] 6dcf8f36-c7ae-4759-9ce2-b895312e2cab: 84 arrays, 0.4 MB stored; 2.2 s; peak memory 163 MiB.
2026-10-10T09:09:43Z INFO [9/1000] 6dcfee55-dfd2-4253-892c-fcaba0c8f44d: 48 arrays, 83.9 MB stored; 2.1 s; peak memory 163 MiB.
2026-10-10T09:09:43Z INFO [10/1000] 6dd0ae71-00f0-478a-8501-d45f3d3189e0: 47 arrays, 18.1 MB stored; 1.8 s; peak memory 163 MiB.
2026-10-10T09:09:43Z INFO [11/1000] 6dd0a6f5-7b90-4979-ac3e-a3698df49c31: 48 arrays, 83.9 MB stored; 2.1 s; peak memory 163 MiB.
2026-10-10T09:09:44Z INFO [12/1000] 6dd04b99-276d-448a-b8ce-6aee2ffd71bd: 39 arrays, 786.4 MB stored; 2.3 s; peak memory 163 MiB.
2026-10-10T09:09:44Z INFO [13/1000] 6dd00c45-1a99-49ef-9bc4-5323b0ce09bf: 69 arrays, 2.1 MB stored; 2.7 s; peak memory 163 MiB.
2026-10-10T09:09:44Z INFO [14/1000] 6dd1334d-29f2-401c-bc50-dad925a375d1: 21 arrays, 0.6 MB stored; 1.5 s; peak memory 163 MiB.
2026-10-10T09:09:44Z INFO [15/1000] 6dccdcb2-bf41-4ce6-a56e-d745fc64784e: 38 arrays, 107.7 MB stored; 6.2 s; peak memory 163 MiB.
2026-10-10T09:09:45Z INFO [16/1000] 6dd1d565-4da5-4055-bca4-ac6370bca0ea: 48 arrays, 83.9 MB stored; 1.8 s; peak memory 163 MiB.
2026-10-10T09:09:45Z INFO [17/1000] 6dd4136e-0a97-43d7-803e-93aade56af9e: 48 arrays, 83.9 MB stored; 1.9 s; peak memory 163 MiB.
2026-10-10T09:09:46Z INFO [18/1000] 6dd3f95c-8761-4d60-9040-31d202c0f302: 66 arrays, 62.5 MB stored; 2.7 s; peak memory 163 MiB.
2026-10-10T09:09:47Z INFO [19/1000] 6dd67acf-3448-467f-8d65-a9045d6c687e: 52 arrays, 13.9 MB stored; 1.9 s; peak memory 163 MiB.
2026-10-10T09:09:47Z INFO [20/1000] 6dd5613f-9347-4a9b-b9bf-e78c87268a9c: 69 arrays, 63.7 MB stored; 2.5 s; peak memory 163 MiB.
2026-10-10T09:09:47Z INFO [21/1000] 6dd6b514-fde7-40e2-bd38-42e6dad5cb88: 116 arrays, 0.4 MB stored; 2.0 s; peak memory 163 MiB.
2026-10-10T09:09:47Z INFO [22/1000] 6dd4661a-eaf5-404c-9219-6fa9c687c135: 38 arrays, 57.3 MB stored; 3.7 s; peak memory 163 MiB.
2026-10-10T09:09:48Z INFO [23/1000] 6dd4b466-fdb3-4ee4-b98c-74b7b7c85f68: 115 arrays, 190.0 MB stored; 3.6 s; peak memory 163 MiB.
2026-10-10T09:09:48Z INFO [24/1000] 6dd72d91-ff44-4419-ae2f-588f9fd7f15b: 116 arrays, 0.2 MB stored; 2.0 s; peak memory 163 MiB.
2026-10-10T09:09:48Z INFO [25/1000] 6dd77c98-1661-46ae-8eb5-173ea01334ce: 48 arrays, 83.9 MB stored; 1.8 s; peak memory 163 MiB.
2026-10-10T09:09:49Z INFO [26/1000] 6dd83f70-2820-4d6f-9cd5-5eeebd40debe: 78 arrays, 67.5 MB stored; 2.6 s; peak memory 163 MiB.
2026-10-10T09:09:50Z INFO [27/1000] 6ddab64a-fbf9-4ae0-9709-21b08a842e18: 92 arrays, 0.3 MB stored; 2.1 s; peak memory 163 MiB.
2026-10-10T09:09:50Z INFO [28/1000] 6ddbc816-2cb3-4b25-85db-1087f97740ac: 48 arrays, 83.9 MB stored; 1.8 s; peak memory 163 MiB.
2026-10-10T09:09:50Z INFO [29/1000] 6dda1654-1d7a-44a1-9bbe-616159f55ef2: 112 arrays, 0.6 MB stored; 2.6 s; peak memory 163 MiB.
2026-10-10T09:09:50Z INFO [30/1000] 6ddbf3f5-248d-4790-963c-b85b2406edd4: 48 arrays, 251.7 MB stored; 1.7 s; peak memory 163 MiB.
2026-10-10T09:09:52Z INFO [31/1000] 6ddc5b32-567e-4b06-a4e5-0b81976655fd: 152 arrays, 0.6 MB stored; 2.6 s; peak memory 163 MiB.
2026-10-10T09:09:52Z INFO [32/1000] 6ddd4b02-c9c1-4e59-bd6f-a987f6c9c35c: 112 arrays, 0.4 MB stored; 2.2 s; peak memory 163 MiB.
2026-10-10T09:09:52Z INFO [33/1000] 6ddd79f6-ffbe-4647-907c-af0c14aee78d: 112 arrays, 0.5 MB stored; 2.3 s; peak memory 163 MiB.
2026-10-10T09:09:53Z INFO [34/1000] 6ddc282d-51dd-4817-8cf1-4411f3684965: 90 arrays, 231.8 MB stored; 3.5 s; peak memory 163 MiB.
2026-10-10T09:09:55Z INFO [35/1000] 6ddbbfea-15b3-46a6-835d-c344e9210cec: 208 arrays, 46.9 MB stored; 6.7 s; peak memory 163 MiB.
2026-10-10T09:09:55Z INFO [36/1000] 6dddec29-cc7e-44ae-9d7d-eda719daa3e4: 117 arrays, 0.3 MB stored; 2.1 s; peak memory 163 MiB.
2026-10-10T09:09:55Z INFO [37/1000] 6ddd8408-b941-4ce2-9115-8790b0825111: 131 arrays, 0.7 MB stored; 2.7 s; peak memory 163 MiB.
2026-10-10T09:09:57Z INFO [38/1000] 6ddf3bc3-f1c5-4146-8415-d3d165bcdf40: 93 arrays, 0.0 MB stored; 1.8 s; peak memory 163 MiB.
2026-10-10T09:09:57Z INFO [39/1000] 6ddf3533-6485-483d-b8e9-74c59564417b: 52 arrays, 19.1 MB stored; 2.1 s; peak memory 163 MiB.
2026-10-10T09:09:58Z INFO [40/1000] 6ddf4031-e05f-43c5-9f2b-a77fa970b2c5: 48 arrays, 83.9 MB stored; 1.8 s; peak memory 163 MiB.
2026-10-10T09:10:00Z INFO [41/1000] 6dddc1f2-2416-4b65-93c9-3ca89f86b3f4: 560 arrays, 9.8 MB stored; 7.9 s; peak memory 163 MiB.
2026-10-10T09:10:01Z INFO [42/1000] 6ddfe7f1-5447-4345-a141-225361a5b9c2: 61 arrays, 21.0 MB stored; 2.1 s; peak memory 163 MiB.
2026-10-10T09:10:01Z INFO [43/1000] 6ddfdbf8-c84e-4573-9733-0363481df408: 156 arrays, 193.5 MB stored; 4.5 s; peak memory 163 MiB.
2026-10-10T09:10:02Z INFO [44/1000] 6dde60e7-2a9a-49f0-82a1-686df0cd3756: 257 arrays, 82.5 MB stored; 8.6 s; peak memory 163 MiB.
2026-10-10T09:10:02Z INFO [45/1000] 6de05382-2e98-49bb-b292-a7b9725b4b85: 48 arrays, 83.9 MB stored; 1.9 s; peak memory 163 MiB.
2026-10-10T09:10:02Z INFO [46/1000] 6dd22bb7-d50b-4a85-809b-2186e77c5863: 1352 arrays, 30.5 MB stored; 19.1 s; peak memory 163 MiB.
2026-10-10T09:10:02Z INFO [47/1000] 6ddd4a4e-8644-4fca-98c1-0c35abc6f2ce: 11477 arrays, 290.3 MB stored; 12.5 s; peak memory 163 MiB.
2026-10-10T09:10:03Z INFO [48/1000] 6de0a1e6-a005-4d57-8fd8-d3c4bab11a76: 70 arrays, 0.2 MB stored; 2.2 s; peak memory 163 MiB.
2026-10-10T09:10:03Z INFO [49/1000] 6de0a9d3-1ad0-42fb-8748-3e571128330d: 58 arrays, 0.0 MB stored; 1.7 s; peak memory 163 MiB.
2026-10-10T09:10:04Z INFO [50/1000] 6de21b79-3ec4-4efd-a81d-909b34ba0f5f: 55 arrays, 0.1 MB stored; 1.8 s; peak memory 163 MiB.
2026-10-10T09:10:04Z INFO [51/1000] 6de1e77e-7ec8-4caf-be24-76e87386a149: 70 arrays, 1.8 MB stored; 2.6 s; peak memory 163 MiB.
2026-10-10T09:10:04Z INFO [52/1000] 6de33402-eaf7-4adb-8545-49bafa1534b7: 48 arrays, 83.9 MB stored; 1.7 s; peak memory 163 MiB.
2026-10-10T09:10:05Z INFO [53/1000] 6de298a7-bd1e-4c9c-9c8b-c3b406adf5eb: 112 arrays, 0.5 MB stored; 2.5 s; peak memory 163 MiB.
2026-10-10T09:10:05Z INFO [54/1000] 6dde8618-6c06-4a00-b65e-e2898c7a6cc3: 391 arrays, 77.9 MB stored; 10.9 s; peak memory 163 MiB.
2026-10-10T09:10:06Z INFO [55/1000] 6de3a4e3-25a5-4b90-948d-0f7aab544a80: 71 arrays, 2.9 MB stored; 2.7 s; peak memory 163 MiB.
2026-10-10T09:10:06Z INFO [56/1000] 6de3e4eb-05de-4ca4-8690-5e7cf8edf571: 117 arrays, 0.3 MB stored; 2.0 s; peak memory 163 MiB.
2026-10-10T09:10:07Z INFO [57/1000] 6de4881a-4eaf-4d36-9060-d2874c3b9d88: 117 arrays, 0.5 MB stored; 2.0 s; peak memory 163 MiB.
2026-10-10T09:10:07Z INFO [58/1000] 6de4d3cf-8f27-4a92-9ef6-3d7a22fb6834: 117 arrays, 0.3 MB stored; 2.0 s; peak memory 163 MiB.
2026-10-10T09:10:08Z INFO [59/1000] 6de55b97-37c7-4c79-b0b4-e4f85e15bfd3: 46 arrays, 5482.5 MB stored; 2.4 s; peak memory 163 MiB.
2026-10-10T09:10:09Z INFO [60/1000] 6de4948e-bcda-4f00-b535-67d1ba4d0dba: 157 arrays, 369.3 MB stored; 4.1 s; peak memory 163 MiB.
2026-10-10T09:10:09Z INFO [61/1000] 6de54a95-93f7-49ea-95c2-6ff7f416646b: 152 arrays, 618.3 MB stored; 3.8 s; peak memory 163 MiB.
2026-10-10T09:10:10Z INFO [62/1000] 6de58f92-821e-4661-9654-5a8adc46716a: 119 arrays, 66.3 MB stored; 3.1 s; peak memory 163 MiB.
2026-10-10T09:10:10Z INFO [63/1000] 6de5ed5d-aced-4932-94ff-7beee76536a5: 35 arrays, 0.0 MB stored; 1.5 s; peak memory 163 MiB.
2026-10-10T09:10:11Z INFO [64/1000] 6de6895b-8372-4507-83de-c345b3ebc223: 46 arrays, 0.0 MB stored; 1.5 s; peak memory 163 MiB.
2026-10-10T09:10:11Z INFO [65/1000] 6de6731d-dd55-4f60-bddb-b7d5db5644d2: 52 arrays, 657.5 MB stored; 2.0 s; peak memory 163 MiB.
2026-10-10T09:10:11Z INFO [66/1000] 6de5a0f1-c905-418a-82e3-a1a9c26c56af: 152 arrays, 19.1 MB stored; 3.9 s; peak memory 163 MiB.
2026-10-10T09:10:12Z INFO [67/1000] 6de75666-d049-47be-94cb-16e53f5ced68: 48 arrays, 83.9 MB stored; 1.9 s; peak memory 163 MiB.
2026-10-10T09:10:12Z INFO [68/1000] 6de42ed0-c180-4c7b-af1a-3f6dcd97690b: 702 arrays, 6.7 MB stored; 7.7 s; peak memory 163 MiB.
2026-10-10T09:10:12Z INFO [69/1000] 6de72c1a-bd64-4c79-a036-596186f7e9cb: 118 arrays, 0.5 MB stored; 2.4 s; peak memory 163 MiB.
2026-10-10T09:10:13Z INFO [70/1000] 6de8e4e1-86b5-4023-b841-fc80c769330a: 49 arrays, 0.9 MB stored; 2.1 s; peak memory 163 MiB.
2026-10-10T09:10:13Z INFO [71/1000] 6de968ea-ecfd-47db-9f54-5d322fe0c8a7: 48 arrays, 83.9 MB stored; 1.8 s; peak memory 163 MiB.
2026-10-10T09:10:13Z INFO [72/1000] 6de9b6c2-f15b-41b5-961d-fec23ae6e8ab: 46 arrays, 0.0 MB stored; 1.5 s; peak memory 163 MiB.
2026-10-10T09:10:14Z INFO [73/1000] 6de8e5e3-c37e-4cac-ad96-a322edbdc62a: 117 arrays, 0.4 MB stored; 2.4 s; peak memory 163 MiB.
2026-10-10T09:10:14Z INFO [74/1000] 6dea059c-849b-4d2b-86fc-e64aaef157d3: 112 arrays, 0.4 MB stored; 2.3 s; peak memory 163 MiB.
2026-10-10T09:10:15Z INFO [75/1000] 6dea9927-ac2b-40a9-8a57-c82ca33e3900: 117 arrays, 0.3 MB stored; 2.0 s; peak memory 163 MiB.
2026-10-10T09:10:16Z INFO [76/1000] 6debb1fe-574e-42c4-9e33-5260b12ace30: 118 arrays, 51.2 MB stored; 2.7 s; peak memory 163 MiB.
2026-10-10T09:10:17Z INFO [77/1000] 6deefb9f-a856-4c7b-9c4a-0b9be7f5fcdb: 52 arrays, 0.0 MB stored; 1.5 s; peak memory 163 MiB.
2026-10-10T09:10:17Z INFO [78/1000] 6deb5916-f452-4144-ae1a-3d3f98ca3795: 38 arrays, 36.3 MB stored; 3.3 s; peak memory 163 MiB.
2026-10-10T09:10:17Z INFO [79/1000] 6dee9b89-50d9-4c7b-9e7b-721d0fa489c2: 112 arrays, 1.3 MB stored; 3.0 s; peak memory 163 MiB.
2026-10-10T09:10:18Z INFO [80/1000] 6dee87e2-26f8-44d3-b5e7-86b944f52696: 92 arrays, 276.7 MB stored; 4.1 s; peak memory 163 MiB.
2026-10-10T09:10:18Z INFO [81/1000] 6de25a0a-2e44-4e13-98b8-27a0e41881c7: 780 arrays, 40.8 MB stored; 15.9 s; peak memory 163 MiB.
2026-10-10T09:10:18Z INFO [82/1000] 6defa041-b2c1-4165-9f75-249f89203553: 48 arrays, 83.9 MB stored; 1.7 s; peak memory 163 MiB.
2026-10-10T09:10:18Z INFO [83/1000] 6def5e83-3cc3-49a0-980b-0f4dd8548f64: 50 arrays, 3.1 MB stored; 1.8 s; peak memory 163 MiB.
2026-10-10T09:10:19Z INFO [84/1000] 6def05ae-fc9f-4802-917f-90ce3df4bebd: 38 arrays, 186.6 MB stored; 3.3 s; peak memory 163 MiB.
2026-10-10T09:10:20Z INFO [85/1000] 6df042a2-6210-437f-a6a2-1222908d782d: 114 arrays, 0.1 MB stored; 1.9 s; peak memory 163 MiB.
2026-10-10T09:10:20Z INFO [86/1000] 6df024e3-4068-4d8d-b765-a445a776085a: 289 arrays, 17.1 MB stored; 2.5 s; peak memory 163 MiB.
2026-10-10T09:10:20Z INFO [87/1000] 6de8b4ff-fa25-433b-87db-c2985696140b: 538 arrays, 8.5 MB stored; 9.6 s; peak memory 163 MiB.
2026-10-10T09:10:20Z INFO [88/1000] 6df0cb61-0454-4fe2-8578-da7bca0923af: 117 arrays, 0.5 MB stored; 2.3 s; peak memory 163 MiB.
2026-10-10T09:10:21Z INFO [89/1000] 6df0fc8f-70d8-470d-a9f1-f3c5e36420f5: 52 arrays, 14.5 MB stored; 2.1 s; peak memory 163 MiB.
2026-10-10T09:10:22Z INFO [90/1000] 6df0d700-5a8d-47ea-908f-9a13ee137cf0: 155 arrays, 1.3 MB stored; 3.3 s; peak memory 163 MiB.
2026-10-10T09:10:22Z INFO [91/1000] 6dd04e3e-97fc-4b9d-8a6b-58896995ab71: 52 arrays, 1753.4 MB stored; 40.6 s; peak memory 163 MiB.
2026-10-10T09:10:22Z INFO [92/1000] 6df1d776-749b-44d5-a05a-b829bb474ea0: 68 arrays, 1.9 MB stored; 2.2 s; peak memory 163 MiB.
2026-10-10T09:10:22Z INFO [93/1000] 6df2ae88-1922-4b17-a43a-fdda1b15712d: 48 arrays, 83.9 MB stored; 1.8 s; peak memory 163 MiB.
2026-10-10T09:10:22Z INFO [94/1000] 6df2bdf3-2ec6-413c-bbb1-f4efaaa70105: 57 arrays, 0.0 MB stored; 1.7 s; peak memory 163 MiB.
2026-10-10T09:10:22Z INFO [95/1000] 6df22cee-24b3-4d52-b7d1-6ff9658147b4: 48 arrays, 83.9 MB stored; 2.0 s; peak memory 163 MiB.
2026-10-10T09:10:24Z INFO [96/1000] 6df45055-fb4b-47b4-a9e1-e16e45a44305: 48 arrays, 83.9 MB stored; 2.0 s; peak memory 163 MiB.
2026-10-10T09:10:24Z INFO [97/1000] 6df37c7d-3c10-4133-a608-e205ed6f1c3d: 112 arrays, 0.3 MB stored; 2.4 s; peak memory 163 MiB.
2026-10-10T09:10:25Z INFO [98/1000] 6df454f6-d634-4bc7-b10d-5fcb4e2b1770: 116 arrays, 0.4 MB stored; 2.4 s; peak memory 163 MiB.
2026-10-10T09:10:26Z INFO [99/1000] 6df4f671-6fd9-488b-a3ca-7606e4720ea7: 48 arrays, 83.9 MB stored; 1.7 s; peak memory 163 MiB.
2026-10-10T09:10:26Z INFO [100/1000] 6df55e0b-ac5c-4fc2-a0af-7699508b5734: 46 arrays, 0.0 MB stored; 1.5 s; peak memory 163 MiB.
2026-10-10T09:10:26Z INFO [101/1000] 6df1482d-ca02-4e4e-aa08-3319fb528b6b: 485 arrays, 6.9 MB stored; 6.7 s; peak memory 163 MiB.
2026-10-10T09:10:27Z INFO [102/1000] 6df31b85-6f80-429a-a68c-f29ca0a494e2: 133 arrays, 46.4 MB stored; 4.9 s; peak memory 163 MiB.
2026-10-10T09:10:27Z INFO [103/1000] 6df5d8f9-b99d-43bd-be88-20eb912328d6: 115 arrays, 0.4 MB stored; 2.1 s; peak memory 163 MiB.
2026-10-10T09:10:28Z INFO [104/1000] 6df60290-8248-4e69-9354-e4044bd6ef1d: 116 arrays, 0.3 MB stored; 2.0 s; peak memory 163 MiB.
2026-10-10T09:10:28Z INFO [105/1000] 6df6607e-817d-46d1-91c0-0995d266af6d: 48 arrays, 83.9 MB stored; 1.9 s; peak memory 163 MiB.
2026-10-10T09:10:28Z INFO [106/1000] 6df67087-6df4-4c1d-b971-56ddc3e7cebc: 46 arrays, 0.2 MB stored; 1.7 s; peak memory 163 MiB.
2026-10-10T09:10:28Z INFO [107/1000] 6df7a018-819c-4e60-b8ed-f4e25990f5c9: 53 arrays, 0.0 MB stored; 1.6 s; peak memory 163 MiB.
2026-10-10T09:10:29Z INFO [108/1000] 6df802e8-0f9d-4fe4-ae14-33fdcf6bf989: 46 arrays, 0.1 MB stored; 1.5 s; peak memory 163 MiB.
2026-10-10T09:10:29Z INFO [109/1000] 6df7a1f3-5ec2-4c48-9b5b-9526ebda218b: 50 arrays, 3.9 MB stored; 1.7 s; peak memory 163 MiB.
2026-10-10T09:10:29Z INFO [110/1000] 6df6bf69-5ada-4cce-ae4f-dbb59aa37aac: 71 arrays, 199.8 MB stored; 2.9 s; peak memory 163 MiB.
2026-10-10T09:10:29Z INFO [111/1000] 6df4e5e9-de71-4e5b-b6e3-86ba50a6c27a: 200 arrays, 207.4 MB stored; 7.1 s; peak memory 163 MiB.
2026-10-10T09:10:30Z INFO [112/1000] 6df80327-dc75-445a-99f2-629c397eed8f: 39 arrays, 10.7 MB stored; 1.9 s; peak memory 163 MiB.
2026-10-10T09:10:31Z INFO [113/1000] 6df9cbd5-00dd-471b-a363-f5516770832d: 48 arrays, 83.9 MB stored; 1.9 s; peak memory 163 MiB.
2026-10-10T09:10:31Z INFO [114/1000] 6df9f7c7-a1c6-401a-8197-42bfda7f6dd8: 48 arrays, 83.9 MB stored; 1.9 s; peak memory 163 MiB.
2026-10-10T09:10:32Z INFO [115/1000] 6df835eb-3b74-4eef-a995-2add722e94ca: 85 arrays, 6.7 MB stored; 3.2 s; peak memory 163 MiB.
2026-10-10T09:10:32Z INFO [116/1000] 6df9896c-a4cf-4425-8bd0-1cbc839d7c11: 117 arrays, 0.3 MB stored; 2.3 s; peak memory 163 MiB.
2026-10-10T09:10:32Z INFO [117/1000] 6df912bc-1307-4031-8074-293bba9c2895: 113 arrays, 0.9 MB stored; 2.7 s; peak memory 163 MiB.
2026-10-10T09:10:33Z INFO [118/1000] 6dfa8808-0832-4051-a105-cbf38eb6ce07: 85 arrays, 5.1 MB stored; 3.0 s; peak memory 163 MiB.
2026-10-10T09:10:34Z INFO [119/1000] 6dfbb580-6cd4-427f-aa60-84ce29d9b09e: 48 arrays, 83.9 MB stored; 2.0 s; peak memory 163 MiB.
2026-10-10T09:10:34Z INFO [120/1000] 6dfaa796-04d1-40d8-9ef8-4b689a9bb326: 48 arrays, 83.9 MB stored; 2.2 s; peak memory 163 MiB.
2026-10-10T09:10:35Z INFO [121/1000] 6dfcc558-8f79-40b2-be3a-c378c8fdf038: 70 arrays, 92.8 MB stored; 3.3 s; peak memory 163 MiB.
2026-10-10T09:10:35Z INFO [122/1000] 6dfd229f-c5b7-4f69-8ef6-1a6bb0b0e421: 48 arrays, 83.9 MB stored; 1.8 s; peak memory 163 MiB.
2026-10-10T09:10:36Z INFO [123/1000] 6dfd1dba-aece-4bb4-9dcc-4f86d09b8317: 59 arrays, 115.8 MB stored; 2.2 s; peak memory 163 MiB.
2026-10-10T09:10:37Z INFO [124/1000] 6dfd2c09-65b8-4919-9493-2dd793622792: 72 arrays, 12.5 MB stored; 1.8 s; peak memory 163 MiB.
2026-10-10T09:10:37Z INFO [125/1000] 6dfddfb4-59bc-4d58-b0f0-a5d5707ed7f1: 48 arrays, 83.9 MB stored; 1.7 s; peak memory 163 MiB.
2026-10-10T09:10:37Z INFO [126/1000] 6dfe1dc6-59b2-4ea1-941c-705eed862a44: 48 arrays, 83.9 MB stored; 1.7 s; peak memory 163 MiB.
2026-10-10T09:10:38Z INFO [127/1000] 6dfcbaf7-36df-4fc1-b422-753cc8e65157: 439 arrays, 5.8 MB stored; 6.0 s; peak memory 163 MiB.
2026-10-10T09:10:39Z INFO [128/1000] 6dff4883-64b3-4ca0-9caf-8630d2ba557c: 42 arrays, 2.4 MB stored; 1.6 s; peak memory 163 MiB.
2026-10-10T09:10:39Z INFO [129/1000] 6dfeec5e-620d-4d3a-83fb-5a0c289f21c8: 117 arrays, 0.3 MB stored; 1.9 s; peak memory 163 MiB.
2026-10-10T09:10:40Z INFO [130/1000] 6dfe264a-81dc-4b51-8b1e-0dac4c3c90da: 118 arrays, 12.6 MB stored; 3.2 s; peak memory 163 MiB.
2026-10-10T09:10:41Z INFO [131/1000] 6e00c2dd-a8e8-413d-a667-2ef86cbbcc6a: 48 arrays, 83.9 MB stored; 1.8 s; peak memory 163 MiB.
2026-10-10T09:10:41Z INFO [132/1000] 6dfe4d31-0bd6-4d17-bc60-bfaddf4ac305: 111 arrays, 19.2 MB stored; 4.2 s; peak memory 163 MiB.
2026-10-10T09:10:42Z INFO [133/1000] 6e00ca57-0e7e-4495-b2c7-01ac53c976d9: 112 arrays, 0.6 MB stored; 2.4 s; peak memory 163 MiB.
2026-10-10T09:10:42Z INFO [134/1000] 6e00e9fc-c677-41da-9f88-62dcffdf3c35: 52 arrays, 10.1 MB stored; 1.8 s; peak memory 163 MiB.
2026-10-10T09:10:43Z INFO [135/1000] 6df4a332-df72-4f92-9579-086634f27618: 1306 arrays, 32.9 MB stored; 20.8 s; peak memory 163 MiB.
2026-10-10T09:10:43Z INFO [136/1000] 6e015371-2088-4eb6-80a5-e4d726e2f30c: 116 arrays, 0.5 MB stored; 2.1 s; peak memory 163 MiB.
2026-10-10T09:10:44Z INFO [137/1000] 6dfb0a36-e418-4eb1-b449-276bbb42bb11: 402 arrays, 14145.3 MB stored; 12.3 s; peak memory 163 MiB.
2026-10-10T09:10:44Z INFO [138/1000] 6e019ffc-ba82-476d-a080-97c6f18b0739: 118 arrays, 0.3 MB stored; 2.0 s; peak memory 163 MiB.
2026-10-10T09:10:44Z INFO [139/1000] 6e01ceaa-e497-46f4-a4f1-911e37eff09f: 66 arrays, 52.3 MB stored; 2.2 s; peak memory 163 MiB.
2026-10-10T09:10:45Z INFO [140/1000] 6df17b1d-d120-4913-9ac8-043687e0a2c4: 48 arrays, 38940.4 MB stored; 25.6 s; peak memory 163 MiB.
2026-10-10T09:10:46Z INFO [141/1000] 6e02b508-757e-4152-ad85-07d09533f1d9: 112 arrays, 0.4 MB stored; 2.4 s; peak memory 163 MiB.
2026-10-10T09:10:47Z INFO [142/1000] 6e02b3cf-c7e0-45f9-8720-d52e04cd8765: 71 arrays, 129.7 MB stored; 2.9 s; peak memory 163 MiB.
2026-10-10T09:10:47Z INFO [143/1000] 6e015340-ae12-4304-978e-728f7441e076: 184 arrays, 241.7 MB stored; 5.6 s; peak memory 163 MiB.
2026-10-10T09:10:48Z INFO [144/1000] 6e0314a4-5394-4464-b761-1a9d65920e6c: 55 arrays, 0.0 MB stored; 1.6 s; peak memory 163 MiB.
2026-10-10T09:10:48Z INFO [145/1000] 6e038afc-8ec9-4984-8895-072cc2dc6c41: 48 arrays, 83.9 MB stored; 1.8 s; peak memory 163 MiB.
2026-10-10T09:10:49Z INFO [146/1000] 6e02e4d6-3fc3-4c1f-8d5e-ff48a03ed08f: 38 arrays, 59.6 MB stored; 3.3 s; peak memory 163 MiB.
2026-10-10T09:10:49Z INFO [147/1000] 6e0427f3-eda7-4b6b-a386-2fe1a5ed30c1: 48 arrays, 83.9 MB stored; 1.8 s; peak memory 163 MiB.
2026-10-10T09:10:50Z INFO [148/1000] 6e01eb2d-2841-418c-9ea8-6dd2b2e16ea1: 462 arrays, 7.9 MB stored; 6.6 s; peak memory 163 MiB.
2026-10-10T09:10:50Z INFO [149/1000] 6e03b23d-71f3-41c2-b43a-c7d24730cfe0: 121 arrays, 0.9 MB stored; 3.2 s; peak memory 163 MiB.
2026-10-10T09:10:50Z INFO [150/1000] 6e044645-9646-43cf-a83d-d947c74ff0a8: 48 arrays, 83.9 MB stored; 2.0 s; peak memory 163 MiB.
2026-10-10T09:10:51Z INFO [151/1000] 6e047d09-48a6-49a7-b1f5-5a84e3873799: 117 arrays, 0.4 MB stored; 2.1 s; peak memory 163 MiB.
2026-10-10T09:10:51Z INFO [152/1000] 6e0577b3-7190-46d2-9fcc-6a15c39c71e7: 48 arrays, 83.9 MB stored; 1.8 s; peak memory 163 MiB.
2026-10-10T09:10:52Z INFO [153/1000] 6e06018f-73f1-47f7-a167-723ddb944be0: 48 arrays, 83.9 MB stored; 1.7 s; peak memory 163 MiB.
2026-10-10T09:10:53Z INFO [154/1000] 6e067e72-1da9-416d-bf92-53c8d680f878: 117 arrays, 0.3 MB stored; 2.1 s; peak memory 163 MiB.
2026-10-10T09:10:53Z INFO [155/1000] 6e06d922-5842-4a5a-b293-dcbf9e5460ea: 112 arrays, 0.5 MB stored; 2.4 s; peak memory 163 MiB.
2026-10-10T09:10:53Z INFO [156/1000] 6e06016c-fbba-42b9-93e3-48bf18000830: 114 arrays, 186.8 MB stored; 3.7 s; peak memory 163 MiB.
2026-10-10T09:10:53Z INFO [157/1000] 6e026457-71da-4d42-8852-58ad326a270e: 738 arrays, 30.1 MB stored; 10.0 s; peak memory 163 MiB.
2026-10-10T09:10:54Z INFO [158/1000] 6e06f8ca-be18-4de2-9ab7-c1dc594d7a2b: 118 arrays, 23.9 MB stored; 3.1 s; peak memory 163 MiB.
2026-10-10T09:10:55Z INFO [159/1000] 6e0855b4-704a-4518-969a-a9ddc80e1951: 46 arrays, 0.1 MB stored; 1.5 s; peak memory 163 MiB.
2026-10-10T09:10:55Z INFO [160/1000] 6e07e623-be9f-415b-85e7-67336046bf42: 112 arrays, 0.7 MB stored; 2.5 s; peak memory 163 MiB.
2026-10-10T09:10:55Z INFO [161/1000] 6e07e117-8ffa-4432-9661-a192bd9414fb: 116 arrays, 187.0 MB stored; 3.7 s; peak memory 163 MiB.
2026-10-10T09:10:56Z INFO [162/1000] 6e09cf6f-84e6-4ed8-a226-ce157bb232e3: 116 arrays, 0.3 MB stored; 2.0 s; peak memory 163 MiB.
2026-10-10T09:10:56Z INFO [163/1000] 6e09f32b-1fe9-4fc4-a369-388bd934afc1: 56 arrays, 0.0 MB stored; 1.6 s; peak memory 163 MiB.
2026-10-10T09:10:57Z INFO [164/1000] 6e0a67de-8258-4314-98e8-998129b5b70f: 48 arrays, 83.9 MB stored; 1.7 s; peak memory 163 MiB.
2026-10-10T09:10:57Z INFO [165/1000] 6e09ceae-a882-4e5e-8d60-a72e4fd65f7c: 115 arrays, 186.8 MB stored; 3.9 s; peak memory 163 MiB.
2026-10-10T09:10:58Z INFO [166/1000] 6e07f35a-01a0-4cc2-9abc-2fba9eecf115: 156 arrays, 193.5 MB stored; 4.5 s; peak memory 163 MiB.
2026-10-10T09:10:58Z INFO [167/1000] 6e0ae9c4-2f81-494e-b37a-0b3bedc16a93: 48 arrays, 83.9 MB stored; 1.8 s; peak memory 163 MiB.
2026-10-10T09:10:59Z INFO [168/1000] 6e0b9844-dbf9-4615-aa53-a455d1cba2ed: 48 arrays, 83.9 MB stored; 1.8 s; peak memory 163 MiB.
2026-10-10T09:11:00Z INFO [169/1000] 6e0ba7a4-4cdb-4543-8da8-7e243dd587dc: 118 arrays, 0.3 MB stored; 2.0 s; peak memory 163 MiB.
2026-10-10T09:11:01Z INFO [170/1000] 6e0b93f1-1371-41a2-ba85-cc50b46fe4b1: 101 arrays, 21247.2 MB stored; 3.9 s; peak memory 163 MiB.
2026-10-10T09:11:02Z INFO [171/1000] 6e0c0c9c-ca53-4cb3-86c7-98e734186117: 118 arrays, 0.5 MB stored; 2.1 s; peak memory 163 MiB.
2026-10-10T09:11:02Z INFO [172/1000] 6e0b9635-b60c-475b-bedb-b52dca4c8f52: 156 arrays, 193.6 MB stored; 4.5 s; peak memory 163 MiB.
2026-10-10T09:11:02Z INFO [173/1000] 6e0c9ffe-953e-482e-8200-724c034e3008: 108 arrays, 0.0 MB stored; 1.8 s; peak memory 163 MiB.
2026-10-10T09:11:03Z INFO [174/1000] 6e0dc1d1-953f-4404-b8b5-03075262806d: 46 arrays, 0.4 MB stored; 2.0 s; peak memory 163 MiB.
2026-10-10T09:11:05Z INFO [175/1000] 6e0eb0a6-d02b-4f80-8bcc-ef4d05664cc2: 112 arrays, 1.4 MB stored; 3.1 s; peak memory 163 MiB.
2026-10-10T09:11:05Z INFO [176/1000] 6e0fd1c5-d96a-4db0-b2dd-b10bebbf4392: 52 arrays, 14.5 MB stored; 1.9 s; peak memory 163 MiB.
2026-10-10T09:11:07Z INFO [177/1000] 6e10247b-332d-45bb-a0f8-9a2ec66e6380: 117 arrays, 0.4 MB stored; 2.0 s; peak memory 163 MiB.
2026-10-10T09:11:07Z INFO [178/1000] 6e107218-41be-42f8-b1fc-d6e90212cb1b: 48 arrays, 83.9 MB stored; 1.6 s; peak memory 163 MiB.
2026-10-10T09:11:07Z INFO [179/1000] 6e0a5c10-ff4a-4805-b82f-fdb007207111: 783 arrays, 19.3 MB stored; 12.3 s; peak memory 163 MiB.
2026-10-10T09:11:07Z INFO [180/1000] 6e02d56e-1816-4420-83ae-8d2a1af4d2c5: 48 arrays, 46954.8 MB stored; 23.2 s; peak memory 163 MiB.
2026-10-10T09:11:10Z INFO [181/1000] 6e11eed2-540b-44ea-8a5b-ca1f844130a3: 117 arrays, 0.7 MB stored; 2.3 s; peak memory 163 MiB.
2026-10-10T09:11:10Z INFO [182/1000] 6e118917-c51c-4ce7-aea3-c61718175d8b: 112 arrays, 0.8 MB stored; 2.6 s; peak memory 163 MiB.
2026-10-10T09:11:12Z INFO [183/1000] 6e127028-81ad-4595-a66b-6677c6704b32: 48 arrays, 83.9 MB stored; 1.8 s; peak memory 163 MiB.
2026-10-10T09:11:12Z INFO [184/1000] 6e124711-4da9-4998-b883-8af369fa2e3d: 117 arrays, 0.4 MB stored; 2.1 s; peak memory 163 MiB.
2026-10-10T09:11:14Z INFO [185/1000] 6e1565da-cd20-431b-916c-4a480de9a3b2: 64 arrays, 0.0 MB stored; 2.2 s; peak memory 163 MiB.
2026-10-10T09:11:14Z INFO [186/1000] 6e15410a-3407-4161-a3b5-c6c0ddb78fab: 112 arrays, 0.8 MB stored; 2.6 s; peak memory 163 MiB.
2026-10-10T09:11:16Z INFO [187/1000] 6e0f1032-9c0f-41ff-8f0a-6830c667ae25: 426 arrays, 14359.9 MB stored; 13.5 s; peak memory 163 MiB.
2026-10-10T09:11:16Z INFO [188/1000] 6e160c28-3871-49ac-af4d-3d16a1fa5135: 117 arrays, 0.3 MB stored; 2.1 s; peak memory 163 MiB.
2026-10-10T09:11:17Z INFO [189/1000] 6e1605b3-def9-4f90-a47e-29c85173f778: 131 arrays, 67710.2 MB stored; 2.9 s; peak memory 163 MiB.
2026-10-10T09:11:18Z INFO [190/1000] 6e16e60d-26ee-46e1-af34-9ea3a7cd5b17: 46 arrays, 0.1 MB stored; 1.5 s; peak memory 163 MiB.
2026-10-10T09:11:20Z INFO [191/1000] 6e173dd5-5976-482f-803e-94c64a98cc53: 48 arrays, 83.9 MB stored; 1.6 s; peak memory 163 MiB.
2026-10-10T09:11:25Z INFO [192/1000] 6e0db060-c3ad-42b1-a0d8-53b5a8b80672: 48 arrays, 41235.4 MB stored; 23.8 s; peak memory 163 MiB.
2026-10-10T09:11:25Z INFO [193/1000] 6e114319-7503-4b26-a4a5-7532015a8629: 1095 arrays, 51.0 MB stored; 18.4 s; peak memory 163 MiB.
2026-10-10T09:11:25Z INFO [194/1000] 6e1654cb-4367-4c95-8554-78e43f0fa4d2: 82 arrays, 409.6 MB stored; 10.0 s; peak memory 163 MiB.
2026-10-10T09:11:27Z INFO [195/1000] 6e194ccd-7603-4eb5-b17d-73e8bf99dc3b: 39 arrays, 786.4 MB stored; 1.8 s; peak memory 163 MiB.
2026-10-10T09:11:27Z INFO [196/1000] 6e193824-e2e7-49ae-a5ff-eb92cc07da94: 99 arrays, 0.1 MB stored; 2.4 s; peak memory 163 MiB.
2026-10-10T09:11:27Z INFO [197/1000] 6e194dbc-a52d-4bfa-b89f-2ff1b8d3f900: 48 arrays, 83.9 MB stored; 1.9 s; peak memory 163 MiB.
2026-10-10T09:11:27Z INFO [198/1000] 6e173e8a-6b1b-4961-b58a-9315a62be5a0: 193 arrays, 943.3 MB stored; 7.4 s; peak memory 163 MiB.
2026-10-10T09:11:29Z INFO [199/1000] 6e1b3c93-123b-43f0-b591-3ead2bfb6cf1: 48 arrays, 83.9 MB stored; 1.8 s; peak memory 163 MiB.
2026-10-10T09:11:29Z INFO [200/1000] 6e10ed34-8dad-4ed9-8fc8-dc76c562d4df: 1031 arrays, 25.7 MB stored; 22.5 s; peak memory 163 MiB.
2026-10-10T09:11:30Z INFO [200/1000] 6e10ed34-8dad-4ed9-8fc8-dc76c562d4df: checkpointed 200 new records.
2026-10-10T09:11:30Z INFO [201/1000] 6dfcfbf1-873a-494f-8220-171f7a23fad1: 10351 arrays, 107.5 MB stored; 56.8 s; peak memory 245 MiB.
2026-10-10T09:11:31Z INFO [202/1000] 6e198508-4bed-46d3-ac57-6f96d09e07b7: 119 arrays, 66.3 MB stored; 3.4 s; peak memory 245 MiB.
2026-10-10T09:11:31Z INFO [203/1000] 6e1a62d0-7b84-4dd2-9bc7-df205824af0c: 114 arrays, 186.8 MB stored; 3.9 s; peak memory 245 MiB.
2026-10-10T09:11:31Z INFO [204/1000] 6e1b59e6-aae9-402d-837c-1522db8face3: 84 arrays, 0.8 MB stored; 2.3 s; peak memory 245 MiB.
2026-10-10T09:11:32Z INFO [205/1000] 6e1b98f1-e969-47fe-a633-ad02214bb5a4: 117 arrays, 0.5 MB stored; 2.1 s; peak memory 245 MiB.
2026-10-10T09:11:33Z INFO [206/1000] 6e1ccdac-6d71-43ea-ade2-8afdecf5fa53: 50 arrays, 5.3 MB stored; 1.6 s; peak memory 245 MiB.
2026-10-10T09:11:34Z INFO [207/1000] 6e1bc477-9388-4c7e-808f-fc247d305264: 66 arrays, 55.9 MB stored; 2.7 s; peak memory 245 MiB.
2026-10-10T09:11:34Z INFO [208/1000] 6e1bdc46-7d00-4b4b-a1f1-a2bc2a71f20b: 120 arrays, 1359.3 MB stored; 2.6 s; peak memory 245 MiB.
2026-10-10T09:11:36Z INFO [209/1000] 6e1cee76-dc69-469a-94bf-d187391e57f5: 117 arrays, 0.2 MB stored; 2.1 s; peak memory 245 MiB.
2026-10-10T09:11:36Z INFO [210/1000] 6e1e0964-f747-4d4c-b9b4-1f851f9b0950: 117 arrays, 0.3 MB stored; 2.3 s; peak memory 245 MiB.
2026-10-10T09:11:36Z INFO [211/1000] 6e1e5a1e-4141-47ab-ba74-d0e3128befc3: 118 arrays, 0.5 MB stored; 2.0 s; peak memory 245 MiB.
2026-10-10T09:11:36Z INFO [212/1000] 6e1bc27f-50db-45b7-8625-35f4b69ccacb: 225 arrays, 247.3 MB stored; 5.7 s; peak memory 245 MiB.
2026-10-10T09:11:37Z INFO [213/1000] 6e1e9466-9561-447c-a640-a7350d4a90e1: 63 arrays, 0.1 MB stored; 1.9 s; peak memory 245 MiB.
2026-10-10T09:11:38Z INFO [214/1000] 6e16c82d-94ff-47c4-8e3f-64ca394982c0: 642 arrays, 31.1 MB stored; 21.4 s; peak memory 245 MiB.
2026-10-10T09:11:39Z INFO [215/1000] 6e1e970b-5aeb-490c-be25-9ce1d3dfd47d: 112 arrays, 0.7 MB stored; 2.4 s; peak memory 245 MiB.
2026-10-10T09:11:39Z INFO [216/1000] 6e1ef096-0b99-4e84-8422-142f7ee4f5d0: 66 arrays, 1386.4 MB stored; 2.7 s; peak memory 245 MiB.
2026-10-10T09:11:40Z INFO [217/1000] 6e204a79-a44a-4477-b281-999a035aca71: 112 arrays, 0.6 MB stored; 2.1 s; peak memory 245 MiB.
2026-10-10T09:11:40Z INFO [218/1000] 6e1b7a9c-3e02-49c7-8fcb-66c5cc3914ff: 339 arrays, 48.0 MB stored; 10.9 s; peak memory 245 MiB.
2026-10-10T09:11:41Z INFO [219/1000] 6e2164c6-d6e2-490f-ada7-8acdb40cca42: 112 arrays, 0.4 MB stored; 2.2 s; peak memory 245 MiB.
2026-10-10T09:11:41Z INFO [220/1000] 6e22c9b2-ef00-48e8-af48-3fcebab844ae: 66 arrays, 121.3 MB stored; 2.3 s; peak memory 245 MiB.
2026-10-10T09:11:42Z INFO [221/1000] 6e1ad57e-a13b-4709-bc24-e6c32cbacba0: 5284 arrays, 44.4 MB stored; 14.1 s; peak memory 245 MiB.
2026-10-10T09:11:42Z INFO [222/1000] 6e239dad-5595-4e90-a9b4-5e77256fb91e: 116 arrays, 0.4 MB stored; 2.0 s; peak memory 245 MiB.
2026-10-10T09:11:43Z INFO [223/1000] 6e22cea5-e1b4-4a5d-ac08-0ce892874e6e: 71 arrays, 8.1 MB stored; 2.7 s; peak memory 245 MiB.
2026-10-10T09:11:43Z INFO [224/1000] 6e244689-9568-4538-8793-79ecba477463: 51 arrays, 2617.2 MB stored; 2.1 s; peak memory 245 MiB.
2026-10-10T09:11:43Z INFO [225/1000] 6e244f51-4727-406a-90bd-c3e80f47e5b3: 72 arrays, 48.5 MB stored; 1.8 s; peak memory 245 MiB.
2026-10-10T09:11:43Z INFO [226/1000] 6e24a3d5-e3a5-463c-9965-4d660b554a54: 45 arrays, 0.0 MB stored; 1.5 s; peak memory 245 MiB.
2026-10-10T09:11:44Z INFO [227/1000] 6e254d91-6470-4509-b5e9-4829136474e2: 115 arrays, 0.6 MB stored; 2.3 s; peak memory 245 MiB.
2026-10-10T09:11:45Z INFO [228/1000] 6e258656-cd2d-457c-9824-69a00685e3ad: 117 arrays, 0.4 MB stored; 2.3 s; peak memory 245 MiB.
2026-10-10T09:11:46Z INFO [229/1000] 6e26454a-0cfe-4054-a1f8-59aa6dce9102: 110 arrays, 0.8 MB stored; 2.6 s; peak memory 245 MiB.
2026-10-10T09:11:46Z INFO [230/1000] 6e25958b-7f2d-4961-8346-81d8a1e86a5a: 158 arrays, 1.2 MB stored; 3.1 s; peak memory 245 MiB.
2026-10-10T09:11:46Z INFO [231/1000] 6e26e949-4e38-41ef-b93b-38883ac5a333: 48 arrays, 83.9 MB stored; 1.9 s; peak memory 245 MiB.
2026-10-10T09:11:47Z INFO [232/1000] 6e2782ec-32d7-4e02-860c-be43b0aa54c8: 50 arrays, 0.9 MB stored; 1.7 s; peak memory 245 MiB.
2026-10-10T09:11:47Z INFO [233/1000] 6e1e9469-6645-46eb-8335-ca0d77cad522: 1097 arrays, 26.2 MB stored; 10.5 s; peak memory 245 MiB.
2026-10-10T09:11:47Z INFO [234/1000] 6e27c3d2-21e0-478d-894c-c1a7fd015136: 48 arrays, 83.9 MB stored; 1.7 s; peak memory 245 MiB.
2026-10-10T09:11:48Z INFO [235/1000] 6e27ce22-afd5-48e0-885b-b0c2b03e64f0: 63 arrays, 0.2 MB stored; 1.7 s; peak memory 245 MiB.
2026-10-10T09:11:48Z INFO [236/1000] 6e1f28bd-d001-4c14-a567-8fd9becbb787: 312 arrays, 18.4 MB stored; 10.3 s; peak memory 245 MiB.
2026-10-10T09:11:49Z INFO [237/1000] 6e2847e8-95e5-4691-9297-f10a5153c591: 52 arrays, 11.3 MB stored; 2.0 s; peak memory 245 MiB.
2026-10-10T09:11:49Z INFO [238/1000] 6e0b1e1a-62e9-41ce-a6ee-da54754f598f: 55 arrays, 1890.5 MB stored; 52.6 s; peak memory 245 MiB.
2026-10-10T09:11:49Z INFO [239/1000] 6e298074-d4f1-459d-a798-666145893a9c: 33 arrays, 0.0 MB stored; 1.4 s; peak memory 245 MiB.
2026-10-10T09:11:49Z INFO [240/1000] 6e295e08-ae44-464d-95b6-dde27db43c81: 48 arrays, 83.9 MB stored; 1.8 s; peak memory 245 MiB.
2026-10-10T09:11:50Z INFO [241/1000] 6e28ca48-9812-49a7-bde7-1bd9e133de5d: 289 arrays, 17.1 MB stored; 2.6 s; peak memory 245 MiB.
2026-10-10T09:11:51Z INFO [242/1000] 6e2a9bfd-38d7-4a9e-9b7c-f83c005e8f6f: 48 arrays, 83.9 MB stored; 1.9 s; peak memory 245 MiB.
2026-10-10T09:11:52Z INFO [243/1000] 6e2b6352-6c19-4eea-9b8b-6377ae19af8a: 42 arrays, 1.1 MB stored; 2.3 s; peak memory 245 MiB.
2026-10-10T09:11:52Z INFO [244/1000] 6e2b8588-989e-4eff-af7e-5330e5ccdaec: 52 arrays, 11.6 MB stored; 2.1 s; peak memory 245 MiB.
2026-10-10T09:11:53Z INFO [245/1000] 6e2ba0be-0978-4e3a-a598-a00dbc4ab309: 117 arrays, 0.2 MB stored; 2.0 s; peak memory 245 MiB.
2026-10-10T09:11:54Z INFO [246/1000] 6e2cfc00-4515-44c2-8c29-d377db583ef0: 116 arrays, 0.3 MB stored; 2.0 s; peak memory 245 MiB.
2026-10-10T09:11:55Z INFO [247/1000] 6e267134-a1fe-4b75-a263-4a73fd5e493b: 663 arrays, 25.5 MB stored; 11.5 s; peak memory 245 MiB.
2026-10-10T09:11:55Z INFO [248/1000] 6e2cae08-e3fc-4b96-aa43-36d04d32d20e: 119 arrays, 67.4 MB stored; 3.5 s; peak memory 245 MiB.
2026-10-10T09:11:56Z INFO [249/1000] 6e2daddf-9115-408a-b8a9-7a2e2189b917: 117 arrays, 0.4 MB stored; 2.2 s; peak memory 245 MiB.
2026-10-10T09:11:58Z INFO [250/1000] 6e27e126-c486-47da-87fd-70f39afff679: 11477 arrays, 134.7 MB stored; 11.2 s; peak memory 245 MiB.
2026-10-10T09:11:58Z INFO [251/1000] 6e2d5b02-1359-4cdd-96c9-f3d5a5eace5f: 84 arrays, 741.2 MB stored; 4.7 s; peak memory 245 MiB.
2026-10-10T09:11:58Z INFO [252/1000] 6e2e4f83-163a-4821-8eb0-abfe8a8bd914: 48 arrays, 83.9 MB stored; 1.8 s; peak memory 245 MiB.
2026-10-10T09:11:59Z INFO [253/1000] 6e2e1988-ee48-493c-a2e7-fa179113fda5: 38 arrays, 34.3 MB stored; 3.4 s; peak memory 245 MiB.
2026-10-10T09:11:59Z INFO [254/1000] 6e2e98c2-08a7-47e3-83ca-6e0633f6fc25: 39 arrays, 1.4 MB stored; 1.8 s; peak memory 245 MiB.
2026-10-10T09:12:00Z INFO [255/1000] 6e2edbc8-d8dd-44c9-8f72-faf139cc3d0e: 117 arrays, 0.3 MB stored; 2.0 s; peak memory 245 MiB.
2026-10-10T09:12:00Z INFO [256/1000] 6e2984b4-2a49-4edc-8845-a8174bfe82b3: 336 arrays, 44.0 MB stored; 11.3 s; peak memory 245 MiB.
2026-10-10T09:12:00Z INFO [257/1000] 6e2eddf5-34a2-4203-ae1b-5bb4b5d5f1d4: 74 arrays, 2.7 MB stored; 2.1 s; peak memory 245 MiB.
2026-10-10T09:12:01Z INFO [258/1000] 6e2f2bad-2cd2-427c-9d8c-4936390430e3: 46 arrays, 522.6 MB stored; 2.3 s; peak memory 245 MiB.
2026-10-10T09:12:01Z INFO [259/1000] 6e2f9fc6-e4d1-499c-b1b4-a646df3428dd: 48 arrays, 83.9 MB stored; 1.7 s; peak memory 245 MiB.
2026-10-10T09:12:02Z INFO [260/1000] 6e2de775-b01e-4c33-9dc1-e79e84880768: 520 arrays, 11.7 MB stored; 7.4 s; peak memory 245 MiB.
2026-10-10T09:12:02Z INFO [261/1000] 6e309837-eaa5-4b85-917c-f22476f53f04: 48 arrays, 83.9 MB stored; 1.7 s; peak memory 245 MiB.
2026-10-10T09:12:02Z INFO [262/1000] 6e2a3444-e627-43d1-a521-a60e8e5eca98: 1017 arrays, 25.0 MB stored; 13.4 s; peak memory 245 MiB.
2026-10-10T09:12:03Z INFO [263/1000] 6e30a9bb-e287-4311-982d-c39a1277e553: 48 arrays, 83.9 MB stored; 1.7 s; peak memory 245 MiB.
2026-10-10T09:12:03Z INFO [264/1000] 6e31571a-43f9-4fc9-bf95-81a4e0827018: 64 arrays, 0.0 MB stored; 2.0 s; peak memory 245 MiB.
2026-10-10T09:12:04Z INFO [265/1000] 6e31a991-5938-4f5f-9d27-dcb2b64184fb: 67 arrays, 2.5 MB stored; 1.8 s; peak memory 245 MiB.
2026-10-10T09:12:04Z INFO [266/1000] 6e3238b2-fcb4-43ad-ac78-abcdc816dd75: 48 arrays, 83.9 MB stored; 1.7 s; peak memory 245 MiB.
2026-10-10T09:12:04Z INFO [267/1000] 6e33e5d8-c60c-41eb-bcca-9904c0705165: 48 arrays, 83.9 MB stored; 1.7 s; peak memory 245 MiB.
2026-10-10T09:12:04Z INFO [268/1000] 6e31978e-9501-4229-99cd-913f081c3f16: 46 arrays, 5143.3 MB stored; 2.5 s; peak memory 245 MiB.
2026-10-10T09:12:05Z INFO [269/1000] 6e3618a1-05ea-4601-a7f1-1b2c8d6ed3cf: 50 arrays, 2.8 MB stored; 1.7 s; peak memory 245 MiB.
2026-10-10T09:12:07Z INFO [270/1000] 6e374414-5cdb-4871-92a6-ee3d47e1f36c: 112 arrays, 0.5 MB stored; 2.3 s; peak memory 245 MiB.
2026-10-10T09:12:07Z INFO [271/1000] 6e3676ea-f8f4-4f99-85f1-9f3ee4def8d3: 71 arrays, 141.3 MB stored; 2.9 s; peak memory 245 MiB.
2026-10-10T09:12:08Z INFO [272/1000] 6e367b77-3ef0-41af-be7b-d871259e7f97: 118 arrays, 66.2 MB stored; 3.3 s; peak memory 245 MiB.
2026-10-10T09:12:08Z INFO [273/1000] 6e37a69e-a00f-4468-835c-48ba50fba02b: 45 arrays, 0.0 MB stored; 1.5 s; peak memory 245 MiB.
2026-10-10T09:12:09Z INFO [274/1000] 6e38bf76-de68-4772-be1c-74e0a221f536: 117 arrays, 0.3 MB stored; 2.0 s; peak memory 245 MiB.
2026-10-10T09:12:11Z INFO [275/1000] 6e38f312-9b0b-4b57-a67a-5eb932f41e8a: 112 arrays, 0.7 MB stored; 2.5 s; peak memory 245 MiB.
2026-10-10T09:12:11Z INFO [276/1000] 6e392abf-4eb1-4fe8-88f4-0abccd7a4f45: 131 arrays, 0.5 MB stored; 2.4 s; peak memory 245 MiB.
2026-10-10T09:12:11Z INFO [277/1000] 6e38e799-2b80-45cf-9b95-f1e7325ffad9: 119 arrays, 67.5 MB stored; 3.8 s; peak memory 245 MiB.
2026-10-10T09:12:12Z INFO [278/1000] 6e3000d4-a892-46c0-9f51-98ee97a9f050: 872 arrays, 39.6 MB stored; 12.0 s; peak memory 245 MiB.
2026-10-10T09:12:13Z INFO [279/1000] 6e393187-f077-44c0-bc62-0156835159d1: 69 arrays, 0.9 MB stored; 2.0 s; peak memory 245 MiB.
2026-10-10T09:12:13Z INFO [280/1000] 6e347025-b5f2-444b-832d-6ef6407e3633: 38 arrays, 179.4 MB stored; 9.7 s; peak memory 245 MiB.
2026-10-10T09:12:14Z INFO [281/1000] 6e3a72c3-1ca4-4620-a612-2ded891d60df: 117 arrays, 0.4 MB stored; 2.3 s; peak memory 245 MiB.
2026-10-10T09:12:14Z INFO [282/1000] 6e3aa6fb-6ed1-4fc5-9256-c610f0f5424b: 112 arrays, 0.6 MB stored; 2.3 s; peak memory 245 MiB.
2026-10-10T09:12:15Z INFO [283/1000] 6e3b671b-7351-4f4f-a1b1-4e85ee79793c: 38 arrays, 0.5 MB stored; 1.7 s; peak memory 245 MiB.
2026-10-10T09:12:15Z INFO [284/1000] 6e3b5f04-cf74-4e1b-ad43-b498b110fc42: 48 arrays, 83.9 MB stored; 1.9 s; peak memory 245 MiB.
2026-10-10T09:12:15Z INFO [285/1000] 6e3a8894-7d46-4da1-88da-3c15546d9c7f: 168 arrays, 3.2 MB stored; 3.4 s; peak memory 245 MiB.
2026-10-10T09:12:15Z INFO [286/1000] 6e3cd1fb-cf7e-4d81-90bd-cf16da12e9b8: 48 arrays, 83.9 MB stored; 1.8 s; peak memory 245 MiB.
2026-10-10T09:12:16Z INFO [287/1000] 6e3ce902-96b8-4603-b62a-8cf89d05a439: 56 arrays, 0.0 MB stored; 1.6 s; peak memory 245 MiB.
2026-10-10T09:12:16Z INFO [288/1000] 6e3e795e-2122-421f-a311-9d679d6caa62: 56 arrays, 0.0 MB stored; 1.7 s; peak memory 245 MiB.
2026-10-10T09:12:16Z INFO [289/1000] 6e3ea8ee-6b62-4c1e-a6da-26daaba606a8: 58 arrays, 0.0 MB stored; 1.7 s; peak memory 245 MiB.
2026-10-10T09:12:17Z INFO [290/1000] 6e3d8e91-c88f-4c3a-bbdf-e86ba615c895: 117 arrays, 0.6 MB stored; 2.3 s; peak memory 245 MiB.
2026-10-10T09:12:17Z INFO [291/1000] 6e3f30f4-1a91-40dc-b8b4-89fae927f756: 117 arrays, 0.4 MB stored; 2.0 s; peak memory 245 MiB.
2026-10-10T09:12:18Z INFO [292/1000] 6e3fb83a-9872-4d68-8102-f3ca2530cf36: 48 arrays, 83.9 MB stored; 1.7 s; peak memory 245 MiB.
2026-10-10T09:12:19Z INFO [293/1000] 6e406b06-2e3b-4b21-a15d-bb1206783567: 112 arrays, 0.6 MB stored; 2.2 s; peak memory 245 MiB.
2026-10-10T09:12:19Z INFO [294/1000] 6e3ff720-4f1f-4bad-ba1e-0403dce0fa34: 71 arrays, 44.9 MB stored; 2.6 s; peak memory 245 MiB.
2026-10-10T09:12:19Z INFO [295/1000] 6e419b3d-26b0-47e9-a92c-260e6d3a64f2: 48 arrays, 83.9 MB stored; 1.8 s; peak memory 245 MiB.
2026-10-10T09:12:21Z INFO [296/1000] 6e419d7a-2e80-4963-95c9-8a26cb9dd7ed: 118 arrays, 0.4 MB stored; 2.1 s; peak memory 245 MiB.
2026-10-10T09:12:21Z INFO [297/1000] 6e41eebd-3ba4-4b54-8ba4-6324c93a766e: 117 arrays, 0.2 MB stored; 1.9 s; peak memory 245 MiB.
2026-10-10T09:12:21Z INFO [298/1000] 6e4204e1-7c3c-47f7-95c8-a5942d825703: 48 arrays, 83.9 MB stored; 1.8 s; peak memory 245 MiB.
2026-10-10T09:12:22Z INFO [299/1000] 6e422170-0d54-41c2-bccb-595f9cb5b07f: 48 arrays, 83.9 MB stored; 1.8 s; peak memory 245 MiB.
2026-10-10T09:12:24Z INFO [300/1000] 6e426555-839b-4cab-81b8-c5abbc57dbf0: 45 arrays, 0.0 MB stored; 1.4 s; peak memory 245 MiB.
2026-10-10T09:12:25Z INFO [301/1000] 6e424b0c-3791-457b-be1c-f315a607935a: 119 arrays, 67.5 MB stored; 3.7 s; peak memory 245 MiB.
2026-10-10T09:12:27Z INFO [302/1000] 6e43e306-6041-4ff9-ab9e-c7be6a650dbd: 70 arrays, 56.6 MB stored; 2.7 s; peak memory 245 MiB.
2026-10-10T09:12:27Z INFO [303/1000] 6e448071-921d-4d9c-9fcd-9823c14fe0e0: 52 arrays, 16.8 MB stored; 1.9 s; peak memory 245 MiB.
2026-10-10T09:12:28Z INFO [304/1000] 6e3746ec-0572-4d4a-837c-fb57fb126b45: 5264 arrays, 103.4 MB stored; 23.1 s; peak memory 245 MiB.
2026-10-10T09:12:29Z INFO [305/1000] 6e450447-bb19-4aaa-8e37-ed5ffc9367c1: 48 arrays, 83.9 MB stored; 1.9 s; peak memory 245 MiB.
2026-10-10T09:12:29Z INFO [306/1000] 6e44f9fa-99d8-4ff7-9a03-b7cd6aaeb598: 59 arrays, 123.7 MB stored; 2.2 s; peak memory 245 MiB.
2026-10-10T09:12:29Z INFO [307/1000] 6e416db2-aebd-4436-a3d2-f1d4fad361c3: 591 arrays, 37.1 MB stored; 12.2 s; peak memory 245 MiB.
2026-10-10T09:12:30Z INFO [308/1000] 6e4244f0-8580-4bdb-8d5a-0018b2872aa5: 538 arrays, 8.2 MB stored; 8.7 s; peak memory 245 MiB.
2026-10-10T09:12:30Z INFO [309/1000] 6e416dba-547e-406a-b272-548195ebe710: 1274 arrays, 12.1 MB stored; 12.1 s; peak memory 245 MiB.
2026-10-10T09:12:30Z INFO [310/1000] 6e456c20-4a94-4672-bb03-d7ad1f2b271f: 46 arrays, 0.1 MB stored; 1.6 s; peak memory 245 MiB.
2026-10-10T09:12:31Z INFO [311/1000] 6e470092-13ed-4186-a6bb-31260983a539: 46 arrays, 12.6 MB stored; 2.1 s; peak memory 245 MiB.
2026-10-10T09:12:31Z INFO [312/1000] 6e45cf63-093e-4df7-bf44-77e5e2fd0dbf: 59 arrays, 98.3 MB stored; 2.4 s; peak memory 245 MiB.
2026-10-10T09:12:31Z INFO [313/1000] 6e483b21-40eb-41b7-a7fb-7cb982d6b0ba: 63 arrays, 0.1 MB stored; 1.8 s; peak memory 245 MiB.
2026-10-10T09:12:32Z INFO [314/1000] 6e479570-c31f-496a-84c7-857f18898ab1: 117 arrays, 18.8 MB stored; 3.1 s; peak memory 245 MiB.
2026-10-10T09:12:34Z INFO [315/1000] 6e49aa15-a270-4e40-b24d-d657e82225fe: 79 arrays, 2.2 MB stored; 2.1 s; peak memory 245 MiB.
2026-10-10T09:12:34Z INFO [316/1000] 6e49c0a1-9b7b-46b9-acf7-1556aa709bdd: 41 arrays, 8.4 MB stored; 1.6 s; peak memory 245 MiB.
2026-10-10T09:12:34Z INFO [317/1000] 6e4924cd-7e9c-4adf-846f-387b3ac2146a: 115 arrays, 190.1 MB stored; 3.3 s; peak memory 245 MiB.
2026-10-10T09:12:35Z INFO [318/1000] 6e4ad0ce-3ec1-4605-8dee-ac48d6c5e3e7: 48 arrays, 83.9 MB stored; 1.7 s; peak memory 245 MiB.
2026-10-10T09:12:36Z INFO [319/1000] 6e4ab86b-7074-4d20-aa09-dab43da32c6d: 121 arrays, 0.1 MB stored; 2.2 s; peak memory 245 MiB.
2026-10-10T09:12:37Z INFO [320/1000] 6e2fd133-4aed-4f57-9ead-7da52ed7aaef: 36 arrays, 1893.5 MB stored; 37.4 s; peak memory 245 MiB.
2026-10-10T09:12:37Z INFO [321/1000] 6e4af69b-a474-4d36-868f-bea3bfd8a82a: 41 arrays, 8.4 MB stored; 1.7 s; peak memory 245 MiB.
2026-10-10T09:12:38Z INFO [322/1000] 6e4b658f-91fa-420e-95c6-e430ec87ca8f: 48 arrays, 83.9 MB stored; 1.8 s; peak memory 245 MiB.
2026-10-10T09:12:38Z INFO [323/1000] 6e4ae8ed-00f6-4356-b4ce-f8a7c5471b9f: 118 arrays, 66.3 MB stored; 3.4 s; peak memory 245 MiB.
2026-10-10T09:12:40Z INFO [324/1000] 6e4cbadf-9508-4e36-8c56-3b67b5e1457b: 117 arrays, 0.2 MB stored; 2.1 s; peak memory 245 MiB.
2026-10-10T09:12:40Z INFO [325/1000] 6e4bcc7d-6ca4-488b-bf0d-3a4cb2e91dfe: 57 arrays, 642.4 MB stored; 2.6 s; peak memory 245 MiB.
2026-10-10T09:12:40Z INFO [326/1000] 6e4c8c68-edf2-4fdd-a5c6-902f5e5e30d8: 158 arrays, 1.2 MB stored; 2.9 s; peak memory 245 MiB.
2026-10-10T09:12:41Z INFO [327/1000] 6e4b91a8-4c0a-4924-bcc0-d4def7e6292b: 115 arrays, 186.7 MB stored; 3.7 s; peak memory 245 MiB.
2026-10-10T09:12:41Z INFO [328/1000] 6e47f732-90d0-4389-8dd7-523224381300: 410 arrays, 107.9 MB stored; 11.9 s; peak memory 245 MiB.
2026-10-10T09:12:42Z INFO [329/1000] 6e4dc338-8963-47e6-a74b-11d110f22a0b: 52 arrays, 15.7 MB stored; 1.9 s; peak memory 245 MiB.
2026-10-10T09:12:42Z INFO [330/1000] 6e4d8621-b826-4221-b181-cb3d1e4ae4ef: 70 arrays, 29.9 MB stored; 2.3 s; peak memory 245 MiB.
2026-10-10T09:12:42Z INFO [331/1000] 6e4e3c14-1d11-4e9d-b65d-e19a6a7f0901: 48 arrays, 83.9 MB stored; 1.7 s; peak memory 245 MiB.
2026-10-10T09:12:43Z INFO [332/1000] 6e4fdcbd-9933-4b17-be2b-b6cd833f584d: 117 arrays, 0.4 MB stored; 2.0 s; peak memory 245 MiB.
2026-10-10T09:12:44Z INFO [333/1000] 6e51a07d-7cef-4033-bf84-47d4caacfe2d: 48 arrays, 83.9 MB stored; 1.8 s; peak memory 245 MiB.
2026-10-10T09:12:45Z INFO [334/1000] 6e520257-a717-4ff8-9fcc-120131fb5cf8: 112 arrays, 0.9 MB stored; 2.5 s; peak memory 245 MiB.
2026-10-10T09:12:45Z INFO [335/1000] 6e4f1911-27b2-4529-bc79-92ab26196f48: 114 arrays, 186.9 MB stored; 3.9 s; peak memory 245 MiB.
2026-10-10T09:12:45Z INFO [336/1000] 6e511617-d316-4418-8fa4-670aeb26735b: 119 arrays, 66.5 MB stored; 3.3 s; peak memory 245 MiB.
2026-10-10T09:12:45Z INFO [337/1000] 6e52bf86-e002-46b0-a507-d9ff1f20ec88: 48 arrays, 83.9 MB stored; 1.7 s; peak memory 245 MiB.
2026-10-10T09:12:46Z INFO [338/1000] 6e52bd7a-2e9d-483e-a7d8-0f8e799beb29: 110 arrays, 0.4 MB stored; 2.4 s; peak memory 245 MiB.
2026-10-10T09:12:47Z INFO [339/1000] 6e532953-90d1-403a-bc4f-693bae4584a0: 52 arrays, 12.5 MB stored; 2.0 s; peak memory 245 MiB.
2026-10-10T09:12:47Z INFO [340/1000] 6e5330ff-17d3-4e87-8343-28ad615d7a61: 66 arrays, 136.0 MB stored; 2.4 s; peak memory 245 MiB.
2026-10-10T09:12:48Z INFO [341/1000] 6e539fd3-debe-4154-895d-0fdca9faaf76: 117 arrays, 0.4 MB stored; 2.1 s; peak memory 245 MiB.
2026-10-10T09:12:48Z INFO [342/1000] 6e53b7a7-1b53-402e-9cef-4b2a5c55b70a: 46 arrays, 0.0 MB stored; 1.4 s; peak memory 245 MiB.
2026-10-10T09:12:49Z INFO [343/1000] 6e534e75-367e-46f0-9e2c-328ea1596b12: 115 arrays, 190.1 MB stored; 3.6 s; peak memory 245 MiB.
2026-10-10T09:12:49Z INFO [344/1000] 6e543ad7-e5cb-4b43-a1ff-e03b610ec337: 48 arrays, 83.9 MB stored; 1.7 s; peak memory 245 MiB.
2026-10-10T09:12:49Z INFO [345/1000] 6e556421-10a3-4531-9c30-c6e44d23ae07: 46 arrays, 0.0 MB stored; 1.5 s; peak memory 245 MiB.
2026-10-10T09:12:50Z INFO [346/1000] 6e558434-fb3e-45d5-82c5-2a5309226e2f: 48 arrays, 83.9 MB stored; 1.8 s; peak memory 245 MiB.
2026-10-10T09:12:51Z INFO [347/1000] 6e576473-a805-4b63-a523-c254716a4be6: 48 arrays, 83.9 MB stored; 1.9 s; peak memory 245 MiB.
2026-10-10T09:12:51Z INFO [348/1000] 6e572253-abdc-425a-abb6-3702af0c4aa3: 39 arrays, 3.2 MB stored; 1.9 s; peak memory 245 MiB.
2026-10-10T09:12:52Z INFO [349/1000] 6e57a628-1ba9-48ff-89a6-731362c10b68: 112 arrays, 0.8 MB stored; 2.4 s; peak memory 245 MiB.
2026-10-10T09:12:52Z INFO [350/1000] 6e5804c4-1ba0-40a8-9fe0-a8b8afbe6680: 82 arrays, 0.1 MB stored; 2.1 s; peak memory 245 MiB.
2026-10-10T09:12:54Z INFO [351/1000] 6e588eef-37e5-42e0-88c1-6b7e452a5041: 112 arrays, 0.3 MB stored; 2.1 s; peak memory 245 MiB.
2026-10-10T09:12:54Z INFO [352/1000] 6e5866b4-4928-4c65-85ad-21f0801def86: 71 arrays, 217.1 MB stored; 3.2 s; peak memory 245 MiB.
2026-10-10T09:12:54Z INFO [353/1000] 6e58d8fb-1a3e-4335-b079-9a07af662cfb: 62 arrays, 3741.1 MB stored; 2.2 s; peak memory 245 MiB.
2026-10-10T09:12:56Z INFO [354/1000] 6e59ca48-5ba1-4eec-9633-9cfed907e265: 48 arrays, 83.9 MB stored; 1.9 s; peak memory 245 MiB.
2026-10-10T09:12:56Z INFO [355/1000] 6e59fb7a-7f63-4834-bc84-9e8d6e51c141: 52 arrays, 625.4 MB stored; 2.0 s; peak memory 245 MiB.
2026-10-10T09:12:58Z INFO [356/1000] 6e5a8228-ac3f-42d4-8d14-1e453bbf8f5d: 111 arrays, 0.2 MB stored; 2.0 s; peak memory 245 MiB.
2026-10-10T09:12:58Z INFO [357/1000] 6e5a3d4f-1dbd-4ec1-b36a-b4b33847bb2a: 112 arrays, 0.7 MB stored; 2.5 s; peak memory 245 MiB.
2026-10-10T09:12:58Z INFO [358/1000] 6e52e5e6-aadb-455f-8056-ff196d617d9d: 818 arrays, 23.4 MB stored; 13.8 s; peak memory 245 MiB.
2026-10-10T09:12:59Z INFO [359/1000] 6e5873bc-bfc3-41da-94e6-9968aeec4ceb: 200 arrays, 348.0 MB stored; 7.8 s; peak memory 245 MiB.
2026-10-10T09:13:01Z INFO [360/1000] 6e5adfb2-d992-4b8b-a977-761d5b287da1: 68 arrays, 2.6 MB stored; 2.2 s; peak memory 245 MiB.
2026-10-10T09:13:01Z INFO [361/1000] 6e5a3b81-1664-4ef8-92cc-8aa350061e32: 229 arrays, 267.7 MB stored; 6.7 s; peak memory 245 MiB.
2026-10-10T09:13:02Z INFO [362/1000] 6e5aa133-99e2-4168-8aee-3d3e7578a7dd: 90 arrays, 114.4 MB stored; 3.3 s; peak memory 245 MiB.
2026-10-10T09:13:03Z INFO [363/1000] 6e5c29a6-d96e-4412-8d45-8c72956c1470: 39 arrays, 0.9 MB stored; 1.7 s; peak memory 245 MiB.
2026-10-10T09:13:03Z INFO [364/1000] 6e5b802e-ebb9-4a2d-8160-64e60d8909e6: 66 arrays, 25.4 MB stored; 2.3 s; peak memory 245 MiB.
2026-10-10T09:13:04Z INFO [365/1000] 6e5c8f31-9fb9-4dd9-a4e8-c14664ee4a28: 71 arrays, 66.1 MB stored; 2.7 s; peak memory 245 MiB.
2026-10-10T09:13:06Z INFO [366/1000] 6e5eb3fd-0631-4394-847a-c3bdb4e70443: 119 arrays, 66.5 MB stored; 3.0 s; peak memory 245 MiB.
2026-10-10T09:13:06Z INFO [367/1000] 6e5ae26b-850d-4edb-88be-9971812494cd: 193 arrays, 1155.7 MB stored; 7.3 s; peak memory 245 MiB.
2026-10-10T09:13:07Z INFO [368/1000] 6e5ce121-67ee-491d-ba9a-e6f796bafc8b: 179 arrays, 514.9 MB stored; 4.6 s; peak memory 245 MiB.
2026-10-10T09:13:08Z INFO [369/1000] 6e5f5fe1-8453-4299-be7e-7697b32af4c5: 48 arrays, 83.9 MB stored; 1.7 s; peak memory 245 MiB.
2026-10-10T09:13:08Z INFO [370/1000] 6e5f7427-bcb9-474a-a7b0-a44f5dd42efa: 117 arrays, 0.2 MB stored; 1.8 s; peak memory 245 MiB.
2026-10-10T09:13:08Z INFO [371/1000] 6e497ae4-26a7-49ad-b8ec-ddd1750f05b5: 55 arrays, 1255.6 MB stored; 37.4 s; peak memory 245 MiB.
2026-10-10T09:13:09Z INFO [372/1000] 6e5fb396-e3c8-490f-a045-269a42625368: 48 arrays, 83.9 MB stored; 1.9 s; peak memory 245 MiB.
2026-10-10T09:13:10Z INFO [373/1000] 6e601af7-8e72-4dc4-9bb8-2c16beb493fa: 48 arrays, 83.9 MB stored; 1.8 s; peak memory 245 MiB.
2026-10-10T09:13:11Z INFO [374/1000] 6e60136c-db27-4661-9d15-a50868add45b: 87 arrays, 7.4 MB stored; 2.9 s; peak memory 245 MiB.
2026-10-10T09:13:11Z INFO [375/1000] 6e60a69f-dc76-40e5-bf08-c9e793d1c5df: 48 arrays, 83.9 MB stored; 1.6 s; peak memory 245 MiB.
2026-10-10T09:13:11Z INFO [376/1000] 6e601574-05ce-42fa-9ef6-1ed109ff59bb: 98 arrays, 167.3 MB stored; 3.4 s; peak memory 245 MiB.
2026-10-10T09:13:12Z INFO [377/1000] 6e60a822-a173-4b9d-95a1-7ab9b683ce6f: 46 arrays, 0.0 MB stored; 1.4 s; peak memory 245 MiB.
2026-10-10T09:13:13Z INFO [378/1000] 6e5a9f9c-c098-4ac6-8c18-317cd4bed134: 833 arrays, 28.3 MB stored; 14.8 s; peak memory 245 MiB.
2026-10-10T09:13:13Z INFO [379/1000] 6e627f51-56bd-4679-9c1f-509f3cf00790: 112 arrays, 0.8 MB stored; 2.3 s; peak memory 245 MiB.
2026-10-10T09:13:14Z INFO [380/1000] 6e634a0b-811b-44be-8857-715b0039af40: 112 arrays, 0.4 MB stored; 2.2 s; peak memory 245 MiB.
2026-10-10T09:13:14Z INFO [381/1000] 6e639767-1329-48b7-8343-10cc8651704b: 46 arrays, 0.1 MB stored; 1.6 s; peak memory 245 MiB.
2026-10-10T09:13:15Z INFO [382/1000] 6e63b3a3-ad0f-40f5-b54e-b0b80d50e504: 48 arrays, 83.9 MB stored; 1.9 s; peak memory 245 MiB.
2026-10-10T09:13:16Z INFO [383/1000] 6e65c942-d7f7-467f-a8bb-38a2ce613900: 117 arrays, 0.4 MB stored; 2.1 s; peak memory 245 MiB.
2026-10-10T09:13:16Z INFO [384/1000] 6e66d293-5a87-4b92-8233-ef54f0034fef: 49 arrays, 2.2 MB stored; 1.7 s; peak memory 245 MiB.
2026-10-10T09:13:17Z INFO [385/1000] 6e66b274-e122-4b78-9f73-6619140d22ee: 116 arrays, 0.2 MB stored; 2.2 s; peak memory 245 MiB.
2026-10-10T09:13:18Z INFO [386/1000] 6e671684-3440-44c9-bea0-317ef90beef7: 48 arrays, 83.9 MB stored; 1.7 s; peak memory 245 MiB.
2026-10-10T09:13:18Z INFO [387/1000] 6e623146-0a1d-4718-8c87-ed26f7b7905f: 200 arrays, 235.3 MB stored; 7.3 s; peak memory 245 MiB.
2026-10-10T09:13:18Z INFO [388/1000] 6e672ba7-9207-47d0-84ef-60b48322e54c: 57 arrays, 0.0 MB stored; 1.6 s; peak memory 245 MiB.
2026-10-10T09:13:20Z INFO [389/1000] 6e5ef164-0ed2-44f9-8c39-9e28df72cdcc: 980 arrays, 38.3 MB stored; 15.3 s; peak memory 245 MiB.
2026-10-10T09:13:20Z INFO [390/1000] 6e68ebb7-edb9-485d-a373-e41448bd79c6: 112 arrays, 0.3 MB stored; 2.1 s; peak memory 245 MiB.
2026-10-10T09:13:20Z INFO [391/1000] 6e6979a3-ce31-4968-8159-57274dfb33bf: 116 arrays, 0.5 MB stored; 2.1 s; peak memory 245 MiB.
2026-10-10T09:13:21Z INFO [392/1000] 6e62c722-6956-4b22-b62c-52c35b46e649: 56 arrays, 99.1 MB stored; 9.3 s; peak memory 245 MiB.
2026-10-10T09:13:21Z INFO [393/1000] 6e69ab9c-c8e0-40c1-bc84-1e5cdbb662a1: 71 arrays, 85.7 MB stored; 2.8 s; peak memory 245 MiB.
2026-10-10T09:13:22Z INFO [394/1000] 6e6a62d4-017b-4efb-9055-bfd5346744fb: 48 arrays, 83.9 MB stored; 1.8 s; peak memory 245 MiB.
2026-10-10T09:13:22Z INFO [395/1000] 6e69abfe-0034-4a8d-8187-d0768aa907df: 71 arrays, 12.9 MB stored; 2.4 s; peak memory 245 MiB.
2026-10-10T09:13:23Z INFO [396/1000] 6e6bfa80-6673-4b8b-9ec7-7180ccf0f1f7: 38 arrays, 0.5 MB stored; 1.6 s; peak memory 245 MiB.
2026-10-10T09:13:24Z INFO [397/1000] 6e6a9933-309a-40a2-ad2b-45858dfa7086: 69 arrays, 62.9 MB stored; 2.7 s; peak memory 245 MiB.
2026-10-10T09:13:24Z INFO [398/1000] 6e6c73ac-ec95-472e-987b-dbe2d575a80f: 117 arrays, 0.4 MB stored; 2.2 s; peak memory 245 MiB.
2026-10-10T09:13:26Z INFO [399/1000] 6e6c849b-98f3-46a7-905a-02305e469dfc: 112 arrays, 0.5 MB stored; 2.2 s; peak memory 245 MiB.
2026-10-10T09:13:27Z INFO [400/1000] 6e6c8c12-52f1-414a-b92e-c1c5becf7556: 115 arrays, 190.1 MB stored; 3.5 s; peak memory 245 MiB.
2026-10-10T09:13:29Z INFO [400/1000] 6e6c8c12-52f1-414a-b92e-c1c5becf7556: checkpointed 400 new records.
2026-10-10T09:13:29Z INFO [401/1000] 6e6c9ece-4c49-4c71-a4da-caac21ae9f1a: 71 arrays, 89.6 MB stored; 3.1 s; peak memory 336 MiB.
2026-10-10T09:13:29Z INFO [402/1000] 6e6d139b-0ac4-46c1-a722-d7e26d21461a: 117 arrays, 0.2 MB stored; 2.0 s; peak memory 336 MiB.
2026-10-10T09:13:29Z INFO [403/1000] 6e6a6876-ff56-458c-962e-1e83269fc8a8: 238 arrays, 77.4 MB stored; 7.9 s; peak memory 336 MiB.
2026-10-10T09:13:29Z INFO [404/1000] 6e6825fe-a41d-4ba0-b000-5afa5ef1ef98: 11477 arrays, 281.8 MB stored; 12.3 s; peak memory 336 MiB.
2026-10-10T09:13:29Z INFO [405/1000] 6e6f2dad-43ed-4adb-9a6b-830bd2cce2df: 101 arrays, 0.1 MB stored; 2.0 s; peak memory 336 MiB.
2026-10-10T09:13:30Z INFO [406/1000] 6e6ef2dd-9513-454f-87c0-d5df1666e2fd: 46 arrays, 12.6 MB stored; 2.3 s; peak memory 336 MiB.
2026-10-10T09:13:30Z INFO [407/1000] 6e6a3081-5c95-457a-a921-5a10612d2a8d: 944 arrays, 24.7 MB stored; 10.0 s; peak memory 336 MiB.
2026-10-10T09:13:30Z INFO [408/1000] 6e6f3b8c-c547-49b7-b67d-70aeb40505ab: 48 arrays, 83.9 MB stored; 1.7 s; peak memory 336 MiB.
2026-10-10T09:13:31Z INFO [409/1000] 6e6f9a3d-e70a-4f26-bf22-eb0c635628ec: 112 arrays, 0.7 MB stored; 2.4 s; peak memory 336 MiB.
2026-10-10T09:13:31Z INFO [410/1000] 6e71108c-3807-4388-b9b6-4af9aca17540: 46 arrays, 0.4 MB stored; 1.9 s; peak memory 336 MiB.
2026-10-10T09:13:32Z INFO [411/1000] 6e487a84-ec83-4e9f-be15-4e61ec2a0ea5: 2188 arrays, 1362.3 MB stored; 62.0 s; peak memory 336 MiB.
2026-10-10T09:13:33Z INFO [412/1000] 6e71e971-503b-45ee-9e0c-6eb222299f5c: 117 arrays, 0.5 MB stored; 2.4 s; peak memory 336 MiB.
2026-10-10T09:13:33Z INFO [413/1000] 6e7206bf-9623-461d-91b7-3646864e50c1: 48 arrays, 83.9 MB stored; 1.7 s; peak memory 336 MiB.
2026-10-10T09:13:33Z INFO [414/1000] 6e729aff-e02c-41e7-8fe7-41e3434d574a: 54 arrays, 0.0 MB stored; 1.5 s; peak memory 336 MiB.
2026-10-10T09:13:34Z INFO [415/1000] 6e703269-576b-4931-828b-582654906581: 114 arrays, 186.8 MB stored; 4.1 s; peak memory 336 MiB.
2026-10-10T09:13:34Z INFO [416/1000] 6e716a6d-896c-412d-a953-c2b55a2e5d9a: 115 arrays, 190.1 MB stored; 3.9 s; peak memory 336 MiB.
2026-10-10T09:13:34Z INFO [417/1000] 6e728e87-1a2a-4eef-a085-9f546255f414: 112 arrays, 0.9 MB stored; 2.8 s; peak memory 336 MiB.
2026-10-10T09:13:35Z INFO [418/1000] 6e72d031-e396-4624-b380-4d1bb5a4e16a: 52 arrays, 0.0 MB stored; 1.8 s; peak memory 336 MiB.
2026-10-10T09:13:35Z INFO [419/1000] 6e72af83-1e86-4dcc-bf78-b3ff7cf9f6d1: 111 arrays, 0.5 MB stored; 2.2 s; peak memory 336 MiB.
2026-10-10T09:13:35Z INFO [420/1000] 6e7368bf-354e-4c5c-89a7-2a1efd949acf: 48 arrays, 83.9 MB stored; 1.8 s; peak memory 336 MiB.
2026-10-10T09:13:35Z INFO [421/1000] 6e7331f1-a6f7-4a0c-ad3c-965784a60408: 84 arrays, 0.6 MB stored; 2.0 s; peak memory 336 MiB.
2026-10-10T09:13:36Z INFO [422/1000] 6e768e23-c702-4edc-8fc5-39b50d0a859a: 112 arrays, 0.7 MB stored; 2.3 s; peak memory 336 MiB.
2026-10-10T09:13:39Z INFO [423/1000] 6e76e9a6-4b56-40a8-93cb-6b03600a8576: 87 arrays, 15.2 MB stored; 3.8 s; peak memory 336 MiB.
2026-10-10T09:13:39Z INFO [424/1000] 6e784428-5889-4f9c-9bf8-3af0be26b3ba: 117 arrays, 0.3 MB stored; 2.1 s; peak memory 336 MiB.
2026-10-10T09:13:39Z INFO [425/1000] 6e77d731-9009-47be-9e7b-161a630fe775: 138 arrays, 4.8 MB stored; 3.9 s; peak memory 336 MiB.
2026-10-10T09:13:40Z INFO [426/1000] 6e77c77f-63a1-4d72-8115-c3e29625c844: 88 arrays, 4920.5 MB stored; 4.2 s; peak memory 336 MiB.
2026-10-10T09:13:40Z INFO [427/1000] 6e79596a-efbb-4e83-aa00-9d00918a756c: 48 arrays, 83.9 MB stored; 1.7 s; peak memory 336 MiB.
2026-10-10T09:13:40Z INFO [428/1000] 6e79d432-b745-47e4-874c-de858dfd3b7d: 48 arrays, 83.9 MB stored; 1.8 s; peak memory 336 MiB.
2026-10-10T09:13:42Z INFO [429/1000] 6e774a82-be87-4b2c-b617-708d25e8bffd: 538 arrays, 8.3 MB stored; 7.6 s; peak memory 336 MiB.
2026-10-10T09:13:43Z INFO [430/1000] 6e7a0e7e-fdf8-4f8c-ad21-7e3a9d35f476: 38 arrays, 36.2 MB stored; 3.2 s; peak memory 336 MiB.
2026-10-10T09:13:43Z INFO [431/1000] 6e7a28c0-75ae-44e7-b20d-4723b0a116b8: 112 arrays, 0.7 MB stored; 2.6 s; peak memory 336 MiB.
2026-10-10T09:13:44Z INFO [432/1000] 6e6eaa16-f435-4a07-873c-b662ed77d6eb: 588 arrays, 748.1 MB stored; 16.7 s; peak memory 336 MiB.
2026-10-10T09:13:45Z INFO [433/1000] 6e7a37e1-1167-4335-b905-ecdb03bfea50: 118 arrays, 0.3 MB stored; 2.0 s; peak memory 336 MiB.
2026-10-10T09:13:45Z INFO [434/1000] 6e7b15bb-5e90-464f-a3ac-72b18532e5c1: 48 arrays, 83.9 MB stored; 1.8 s; peak memory 336 MiB.
2026-10-10T09:13:46Z INFO [435/1000] 6e7bb12c-e9d8-4b6e-ac0b-74ce3423ef15: 46 arrays, 0.5 MB stored; 1.8 s; peak memory 336 MiB.
2026-10-10T09:13:47Z INFO [436/1000] 6e7bd812-1273-4a99-b4c8-0a3a99642df9: 48 arrays, 83.9 MB stored; 2.0 s; peak memory 336 MiB.
2026-10-10T09:13:47Z INFO [437/1000] 6e7c5525-8832-4db4-af3f-e0650b788119: 69 arrays, 2.0 MB stored; 2.3 s; peak memory 336 MiB.
2026-10-10T09:13:48Z INFO [438/1000] 6e7c960a-3bab-44e6-adb5-8c912fccc381: 101 arrays, 9.2 MB stored; 2.4 s; peak memory 336 MiB.
2026-10-10T09:13:49Z INFO [439/1000] 6e7d2097-7890-442d-a57b-3334a79ca075: 66 arrays, 100.7 MB stored; 2.8 s; peak memory 336 MiB.
2026-10-10T09:13:50Z INFO [440/1000] 6e7d6d20-3b66-4ed7-8643-52fbbd336693: 66 arrays, 18.1 MB stored; 2.6 s; peak memory 336 MiB.
2026-10-10T09:13:50Z INFO [441/1000] 6e7dc0e3-f01e-4136-98ec-1cdf28d950a8: 118 arrays, 0.3 MB stored; 2.2 s; peak memory 336 MiB.
2026-10-10T09:13:51Z INFO [442/1000] 6e7dda69-3b39-42d3-8c2a-6a7da142f1e7: 48 arrays, 83.9 MB stored; 1.7 s; peak memory 336 MiB.
2026-10-10T09:13:51Z INFO [443/1000] 6e27e2ca-e05d-4195-8db6-24e639d17aba: 260 arrays, 19816.0 MB stored; 124.8 s; peak memory 336 MiB.
2026-10-10T09:13:52Z INFO [444/1000] 6e7dfd7a-b09a-462b-a742-1c242ae00758: 48 arrays, 83.9 MB stored; 1.7 s; peak memory 336 MiB.
2026-10-10T09:13:52Z INFO [445/1000] 6e79f378-5c75-4fc2-81e9-20b274865446: 816 arrays, 27.4 MB stored; 12.7 s; peak memory 336 MiB.
2026-10-10T09:13:52Z INFO [446/1000] 6e7aa9c8-aafa-466c-b1b6-3c1e2932d941: 337 arrays, 973.6 MB stored; 9.5 s; peak memory 336 MiB.
2026-10-10T09:13:54Z INFO [447/1000] 6e7dfa64-1fc0-42da-9a3c-5208f83f06bc: 156 arrays, 193.4 MB stored; 4.0 s; peak memory 336 MiB.
2026-10-10T09:13:54Z INFO [448/1000] 6e7e616b-3641-458c-95be-81f4db3fd952: 79 arrays, 8.1 MB stored; 2.4 s; peak memory 336 MiB.
2026-10-10T09:13:54Z INFO [449/1000] 6e7e8264-1e12-47a8-828f-89a956b2aec6: 50 arrays, 8151.3 MB stored; 1.8 s; peak memory 336 MiB.
2026-10-10T09:13:54Z INFO [450/1000] 6e7f1b8a-e109-4780-9aef-2c842f5c7ead: 117 arrays, 0.3 MB stored; 2.1 s; peak memory 336 MiB.
2026-10-10T09:13:55Z INFO [451/1000] 6e7e4a7c-ab83-4f72-ae30-b5a8d2fa1672: 115 arrays, 190.2 MB stored; 3.7 s; peak memory 336 MiB.
2026-10-10T09:13:56Z INFO [452/1000] 6e7ff9d2-747a-4b93-ad9f-efb75bbd8411: 85 arrays, 3.7 MB stored; 2.4 s; peak memory 336 MiB.
2026-10-10T09:13:56Z INFO [453/1000] 6e8064dc-1088-4e29-9f3c-5c691b386d88: 117 arrays, 0.3 MB stored; 2.2 s; peak memory 336 MiB.
2026-10-10T09:13:57Z INFO [454/1000] 6e80b17d-8791-468a-a663-f2d394d7e35a: 114 arrays, 0.2 MB stored; 1.8 s; peak memory 336 MiB.
2026-10-10T09:13:57Z INFO [455/1000] 6e80a043-31de-427a-a85d-b23325f62547: 112 arrays, 0.8 MB stored; 2.4 s; peak memory 336 MiB.
2026-10-10T09:13:58Z INFO [456/1000] 6e816197-403d-4886-a1fa-e21a8f0f06a1: 48 arrays, 83.9 MB stored; 1.8 s; peak memory 336 MiB.
2026-10-10T09:13:58Z INFO [457/1000] 6e812fc0-5c28-4ab7-9603-62f2d1d223a7: 112 arrays, 0.5 MB stored; 2.2 s; peak memory 336 MiB.
2026-10-10T09:13:58Z INFO [458/1000] 6e81bb34-0e38-4d74-8c80-fb042f09e801: 48 arrays, 83.9 MB stored; 1.7 s; peak memory 336 MiB.
2026-10-10T09:13:59Z INFO [459/1000] 6e81f946-f196-41dd-9119-9062076dd65b: 48 arrays, 83.9 MB stored; 1.8 s; peak memory 336 MiB.
2026-10-10T09:14:00Z INFO [460/1000] 6e82876d-acd2-4cd1-ae77-665a8816ddae: 117 arrays, 0.2 MB stored; 2.0 s; peak memory 336 MiB.
2026-10-10T09:14:01Z INFO [461/1000] 6e834cb1-c0bc-4cf2-9c6f-a362ff4c45d7: 98 arrays, 151.8 MB stored; 3.2 s; peak memory 336 MiB.
2026-10-10T09:14:02Z INFO [462/1000] 6e7a1440-8f7a-46cc-ab9d-fcbaf1fa1c74: 485 arrays, 41.0 MB stored; 22.0 s; peak memory 336 MiB.
2026-10-10T09:14:04Z INFO [463/1000] 6e8434ad-c86f-48be-8e3b-6242a0883118: 48 arrays, 83.9 MB stored; 1.8 s; peak memory 336 MiB.
2026-10-10T09:14:05Z INFO [464/1000] 6e7eb166-d60c-4642-a976-1c10ac46ec02: 929 arrays, 22.3 MB stored; 13.4 s; peak memory 336 MiB.
2026-10-10T09:14:06Z INFO [465/1000] 6e804c4c-3d1d-412e-9441-a610ec52c7c3: 108 arrays, 86.4 MB stored; 12.7 s; peak memory 336 MiB.
2026-10-10T09:14:07Z INFO [466/1000] 6e83c8d9-4c2b-4c70-87e7-57cb810d3a71: 184 arrays, 217.6 MB stored; 5.2 s; peak memory 336 MiB.
2026-10-10T09:14:07Z INFO [467/1000] 6e850c19-c237-4b64-a44f-d9814c8d5ed5: 48 arrays, 83.9 MB stored; 1.9 s; peak memory 336 MiB.
2026-10-10T09:14:08Z INFO [468/1000] 6e8434cf-f96c-4b81-939c-e311c699f4dd: 38 arrays, 36.3 MB stored; 3.6 s; peak memory 336 MiB.
2026-10-10T09:14:09Z INFO [469/1000] 6e854bf1-2bbd-431f-9e84-daf2e071885b: 117 arrays, 0.4 MB stored; 2.0 s; peak memory 336 MiB.
2026-10-10T09:14:09Z INFO [470/1000] 6e838508-da92-4d48-b318-6bf0d2746596: 1043 arrays, 12.8 MB stored; 10.3 s; peak memory 336 MiB.
2026-10-10T09:14:09Z INFO [471/1000] 6e854b50-c3ec-422d-b7c8-0bd553187cf5: 66 arrays, 64.2 MB stored; 2.7 s; peak memory 336 MiB.
2026-10-10T09:14:10Z INFO [472/1000] 6e839ca7-438a-4750-9f0f-4dc6e9b253c8: 634 arrays, 15.9 MB stored; 9.9 s; peak memory 336 MiB.
2026-10-10T09:14:11Z INFO [473/1000] 6e863251-2298-46bb-ad77-7d549555ee90: 48 arrays, 83.9 MB stored; 1.8 s; peak memory 336 MiB.
2026-10-10T09:14:11Z INFO [474/1000] 6e86a09f-ba24-4f95-b63a-38fec5896268: 48 arrays, 83.9 MB stored; 1.7 s; peak memory 336 MiB.
2026-10-10T09:14:11Z INFO [475/1000] 6e85ec9b-a73b-4498-880e-51aef021ad19: 84 arrays, 1.4 MB stored; 2.2 s; peak memory 336 MiB.
2026-10-10T09:14:12Z INFO [476/1000] 6e86e77f-0778-4cae-9578-e2bfbafa14f0: 117 arrays, 0.5 MB stored; 2.2 s; peak memory 336 MiB.
2026-10-10T09:14:13Z INFO [477/1000] 6e892372-79e8-47fd-a498-cebb9e512f9b: 52 arrays, 11.7 MB stored; 2.1 s; peak memory 336 MiB.
2026-10-10T09:14:15Z INFO [478/1000] 6e89598b-23a7-43a1-9894-2972f4bbb0fb: 48 arrays, 83.9 MB stored; 1.8 s; peak memory 336 MiB.
2026-10-10T09:14:16Z INFO [479/1000] 6e81faee-2c00-4394-bf52-9a0b05793422: 1327 arrays, 24.6 MB stored; 18.5 s; peak memory 336 MiB.
2026-10-10T09:14:17Z INFO [480/1000] 6e8b36c6-7a14-48b1-b615-11c377697402: 118 arrays, 0.2 MB stored; 2.0 s; peak memory 336 MiB.
2026-10-10T09:14:18Z INFO [481/1000] 6e85ac34-c82f-4e2d-9d9e-0c4dfd3fe694: 158 arrays, 4940.2 MB stored; 9.9 s; peak memory 336 MiB.
2026-10-10T09:14:19Z INFO [482/1000] 6e8c1971-3a50-4681-82d9-6381c7e86ff1: 76 arrays, 59.0 MB stored; 2.4 s; peak memory 336 MiB.
2026-10-10T09:14:19Z INFO [483/1000] 6e8c8ce1-f9ec-4f6a-8cd4-7ea153b0e894: 48 arrays, 83.9 MB stored; 1.7 s; peak memory 336 MiB.
2026-10-10T09:14:19Z INFO [484/1000] 6e8942ce-9f44-4924-bfa5-05f705903053: 49 arrays, 6094.8 MB stored; 7.2 s; peak memory 336 MiB.
2026-10-10T09:14:21Z INFO [485/1000] 6e8dfc3d-0bf5-4831-a35e-7b2ce46f13c4: 48 arrays, 83.9 MB stored; 1.8 s; peak memory 336 MiB.
2026-10-10T09:14:23Z INFO [486/1000] 6e881da9-0f4b-449c-8988-2a1fbdc2ab27: 44 arrays, 9984.5 MB stored; 12.0 s; peak memory 336 MiB.
2026-10-10T09:14:28Z INFO [487/1000] 6e8e75a3-5667-4ecd-bbc0-6d8bd1c3b224: 208 arrays, 48.9 MB stored; 7.0 s; peak memory 336 MiB.
2026-10-10T09:14:29Z INFO [488/1000] 6e87725a-2da0-4f0c-88b6-1cd7cfc26fb3: 278 arrays, 1777.3 MB stored; 18.7 s; peak memory 336 MiB.
2026-10-10T09:14:31Z INFO [489/1000] 6e8dac0e-b990-4d00-bc5e-e7ddd7b7d880: 771 arrays, 32.3 MB stored; 11.8 s; peak memory 336 MiB.
2026-10-10T09:14:31Z INFO [490/1000] 6e8c5048-8062-427c-9994-a8052392c9b5: 107 arrays, 77.5 MB stored; 13.9 s; peak memory 336 MiB.
2026-10-10T09:14:32Z INFO [491/1000] 6e8fe70d-a4cb-4eeb-bed1-db7965f9283b: 71 arrays, 4.0 MB stored; 2.4 s; peak memory 336 MiB.
2026-10-10T09:14:33Z INFO [492/1000] 6e909ebf-f34b-4d12-a750-8b5aeedc17f8: 116 arrays, 0.3 MB stored; 2.0 s; peak memory 336 MiB.
2026-10-10T09:14:33Z INFO [493/1000] 6e8febd5-0ed3-4f80-8cd7-e046de15e865: 69 arrays, 31.7 MB stored; 2.4 s; peak memory 336 MiB.
2026-10-10T09:14:34Z INFO [494/1000] 6e90b156-3db5-411f-800a-e0383036d143: 44 arrays, 35.6 MB stored; 1.8 s; peak memory 336 MiB.
2026-10-10T09:14:35Z INFO [495/1000] 6e916806-bb5a-4a85-8d0e-13129412583d: 80 arrays, 0.2 MB stored; 2.0 s; peak memory 336 MiB.
2026-10-10T09:14:36Z INFO [496/1000] 6e91e791-6e37-4f0f-9a34-66ef829f3718: 112 arrays, 0.3 MB stored; 2.0 s; peak memory 336 MiB.
2026-10-10T09:14:37Z INFO [497/1000] 6e91f4e0-d984-49cc-8ee6-e48d707d293f: 117 arrays, 0.3 MB stored; 1.9 s; peak memory 336 MiB.
2026-10-10T09:14:38Z INFO [498/1000] 6e93a28a-f422-498b-868c-0678068aa9ea: 118 arrays, 0.5 MB stored; 2.0 s; peak memory 336 MiB.
2026-10-10T09:14:38Z INFO [499/1000] 6e91b35a-6e08-4eb4-93ca-fd7c47bbd75c: 318 arrays, 2.9 MB stored; 4.8 s; peak memory 336 MiB.
2026-10-10T09:14:39Z INFO [500/1000] 6e9487c7-3e83-4456-b38d-20045314c643: 46 arrays, 2.2 MB stored; 1.6 s; peak memory 336 MiB.
2026-10-10T09:14:40Z INFO [501/1000] 6e944275-326f-40af-846a-e5b39aef2ec0: 68 arrays, 0.1 MB stored; 2.0 s; peak memory 336 MiB.
2026-10-10T09:14:41Z INFO [502/1000] 6e948cb1-1b2b-410d-9207-e910d0038b8d: 48 arrays, 83.9 MB stored; 1.7 s; peak memory 336 MiB.
2026-10-10T09:14:41Z INFO [503/1000] 6e94a331-401b-4715-85f9-12c8cdeb1eba: 48 arrays, 83.9 MB stored; 1.7 s; peak memory 336 MiB.
2026-10-10T09:14:43Z INFO [504/1000] 6e950af1-23ed-40f4-b569-15e1a349aa7e: 138 arrays, 0.2 MB stored; 1.8 s; peak memory 336 MiB.
2026-10-10T09:14:44Z INFO [505/1000] 6e8ec65a-5313-49df-a361-30847d81ce0d: 727 arrays, 1410.5 MB stored; 21.0 s; peak memory 336 MiB.
2026-10-10T09:14:45Z INFO [506/1000] 6e952c47-1df7-4acb-9624-745f0ef3e223: 48 arrays, 83.9 MB stored; 1.8 s; peak memory 336 MiB.
2026-10-10T09:14:46Z INFO [507/1000] 6e94cfa7-99ad-45b1-b1b1-d17c08732019: 329 arrays, 2.8 MB stored; 4.7 s; peak memory 336 MiB.
2026-10-10T09:14:47Z INFO [508/1000] 6e95bf2c-9538-4b3c-8a36-506ef19ab72f: 49 arrays, 2.2 MB stored; 1.6 s; peak memory 336 MiB.
2026-10-10T09:14:47Z INFO [509/1000] 6e954d26-3c14-4a74-8742-6107960c1860: 140 arrays, 117.0 MB stored; 3.3 s; peak memory 336 MiB.
2026-10-10T09:14:49Z INFO [510/1000] 6e960e4d-b5c7-49a0-8da0-f90adfb798d3: 69 arrays, 1.5 MB stored; 2.2 s; peak memory 336 MiB.
2026-10-10T09:14:50Z INFO [511/1000] 6e9609bd-883f-4416-8614-2ac87150c423: 156 arrays, 193.5 MB stored; 4.4 s; peak memory 336 MiB.
2026-10-10T09:14:51Z INFO [512/1000] 6e967a7c-aadd-4d77-82ee-e8cf8fd00019: 48 arrays, 83.9 MB stored; 1.8 s; peak memory 336 MiB.
2026-10-10T09:14:51Z INFO [513/1000] 6e963c2c-4579-4481-9770-706d5edf68fe: 156 arrays, 193.4 MB stored; 4.0 s; peak memory 336 MiB.
2026-10-10T09:14:52Z INFO [514/1000] 6e8e26f0-d857-48da-afbb-d0806d6cf545: 175 arrays, 816.9 MB stored; 32.5 s; peak memory 336 MiB.
2026-10-10T09:14:52Z INFO [515/1000] 6e96fc5f-9224-4251-a00b-519d8f17a1f7: 48 arrays, 83.9 MB stored; 1.8 s; peak memory 336 MiB.
2026-10-10T09:14:54Z INFO [516/1000] 6e98419a-bb2c-4782-b66a-44ac9ba9efd3: 39 arrays, 1.7 MB stored; 1.8 s; peak memory 336 MiB.
2026-10-10T09:14:54Z INFO [517/1000] 6e9874a0-7d87-410a-9a8f-bfecfee4cf08: 49 arrays, 21.9 MB stored; 2.1 s; peak memory 336 MiB.
2026-10-10T09:14:56Z INFO [518/1000] 6e98c53e-baa4-411f-806b-a6326970dd89: 56 arrays, 0.0 MB stored; 1.5 s; peak memory 336 MiB.
2026-10-10T09:14:56Z INFO [519/1000] 6e93bba9-bc66-465c-8e57-ec45083ebc36: 48 arrays, 43876.7 MB stored; 19.8 s; peak memory 336 MiB.
2026-10-10T09:14:57Z INFO [520/1000] 6e98fe59-a460-45bb-b298-aa2cffa5bf4b: 48 arrays, 83.9 MB stored; 1.6 s; peak memory 336 MiB.
2026-10-10T09:14:58Z INFO [521/1000] 6e9a02e4-e0b0-47d6-9e4b-9a11f5d293d8: 48 arrays, 83.9 MB stored; 1.8 s; peak memory 336 MiB.
2026-10-10T09:14:59Z INFO [522/1000] 6e97aa23-303b-4c96-9403-8170df1887a0: 703 arrays, 8.1 MB stored; 8.2 s; peak memory 336 MiB.
2026-10-10T09:14:59Z INFO [523/1000] 6e9891ac-3b61-4b1a-b811-b0834d37b11e: 159 arrays, 38.4 MB stored; 5.5 s; peak memory 336 MiB.
2026-10-10T09:15:00Z INFO [524/1000] 6e9a30ce-5a14-4f1c-a66e-b985cedea7c0: 78 arrays, 428.6 MB stored; 2.7 s; peak memory 336 MiB.
2026-10-10T09:15:00Z INFO [525/1000] 6e9ab1d5-e6f5-4d00-bd80-fa91408cf17e: 66 arrays, 55.3 MB stored; 2.3 s; peak memory 336 MiB.
2026-10-10T09:15:01Z INFO [526/1000] 6e9abd61-0ecd-4bdf-bfaf-c82702a5d03c: 48 arrays, 83.9 MB stored; 1.7 s; peak memory 336 MiB.
2026-10-10T09:15:01Z INFO [527/1000] 6e9acb49-9711-4275-865a-2eabff6d271b: 45 arrays, 0.0 MB stored; 1.6 s; peak memory 336 MiB.
2026-10-10T09:15:03Z INFO [528/1000] 6e9be54e-6dfe-41b3-b474-8e332699f7c9: 112 arrays, 0.7 MB stored; 2.1 s; peak memory 336 MiB.
2026-10-10T09:15:04Z INFO [529/1000] 6e9b3f16-547d-44b2-98d6-9af213ec0ea7: 186 arrays, 12.8 MB stored; 3.7 s; peak memory 336 MiB.
2026-10-10T09:15:04Z INFO [530/1000] 6e9be01b-31dd-46aa-9c77-56a1856d2315: 115 arrays, 190.1 MB stored; 3.6 s; peak memory 336 MiB.
2026-10-10T09:15:05Z INFO [531/1000] 6e9c9eb9-977e-4040-8dde-0819ae86d5b7: 83 arrays, 26.5 MB stored; 2.3 s; peak memory 336 MiB.
2026-10-10T09:15:06Z INFO [532/1000] 6e9cc1bb-0d4f-4ad5-9f90-490cbdc1f955: 64 arrays, 69.4 MB stored; 2.4 s; peak memory 336 MiB.
2026-10-10T09:15:07Z INFO [533/1000] 6e9be296-8307-4437-b7a4-56dbf73a4e13: 465 arrays, 5.7 MB stored; 6.1 s; peak memory 336 MiB.
2026-10-10T09:15:08Z INFO [534/1000] 6e9eab9b-3169-418c-8e17-5e3479888df2: 48 arrays, 83.9 MB stored; 1.9 s; peak memory 336 MiB.
2026-10-10T09:15:09Z INFO [535/1000] 6e9f409c-f348-41af-b146-837606ccc00f: 66 arrays, 79.4 MB stored; 2.7 s; peak memory 336 MiB.
2026-10-10T09:15:11Z INFO [536/1000] 6e9d851a-102a-41b5-8db0-cc1f6b7dfe3d: 496 arrays, 6.2 MB stored; 6.8 s; peak memory 336 MiB.
2026-10-10T09:15:12Z INFO [537/1000] 6e9f7c86-cac6-48c4-821b-fb04fd85edcc: 71 arrays, 4.0 MB stored; 2.6 s; peak memory 336 MiB.
2026-10-10T09:15:13Z INFO [538/1000] 6ea054c4-cdc7-4d6b-890a-01f62cebe5c6: 118 arrays, 0.3 MB stored; 2.0 s; peak memory 336 MiB.
2026-10-10T09:15:13Z INFO [539/1000] 6e982fe3-a2e7-4af8-8bbe-85eeadbf78bc: 48 arrays, 39505.4 MB stored; 22.0 s; peak memory 336 MiB.
2026-10-10T09:15:14Z INFO [540/1000] 6ea079d0-99e8-4411-80bf-0f0d4f02ce15: 48 arrays, 83.9 MB stored; 1.8 s; peak memory 336 MiB.
2026-10-10T09:15:15Z INFO [541/1000] 6e9f77c9-bdd4-4ef6-ace8-a5138985adcd: 229 arrays, 542.0 MB stored; 6.8 s; peak memory 336 MiB.
2026-10-10T09:15:15Z INFO [542/1000] 6e8fa659-971a-4281-8577-859b3e792d26: 2906 arrays, 1459.0 MB stored; 47.0 s; peak memory 336 MiB.
2026-10-10T09:15:16Z INFO [543/1000] 6ea11e74-b687-4ffe-92de-7963e70c6e99: 119 arrays, 0.1 MB stored; 1.9 s; peak memory 336 MiB.
2026-10-10T09:15:16Z INFO [544/1000] 6ea0ce85-1676-4b53-aa0a-c440f3676a2f: 64 arrays, 6.5 MB stored; 2.7 s; peak memory 336 MiB.
2026-10-10T09:15:16Z INFO [545/1000] 6ea13708-7dff-4167-8d2a-24b331ebfa9c: 48 arrays, 83.9 MB stored; 1.7 s; peak memory 336 MiB.
2026-10-10T09:15:17Z INFO [546/1000] 6ea13ba0-fc15-4b19-85c5-b6a128a0d72f: 69 arrays, 307.5 MB stored; 2.1 s; peak memory 336 MiB.
2026-10-10T09:15:18Z INFO [547/1000] 6ea204b2-8596-43be-af23-cacd048f00f9: 275 arrays, 17.2 MB stored; 2.5 s; peak memory 336 MiB.
2026-10-10T09:15:18Z INFO [548/1000] 6ea23d4e-eb4b-4b56-9d60-e91c2ba1fde9: 48 arrays, 83.9 MB stored; 1.7 s; peak memory 336 MiB.
2026-10-10T09:15:20Z INFO [549/1000] 6e9db184-ecd3-43ad-9060-11a2aedf1a1d: 721 arrays, 21.1 MB stored; 14.9 s; peak memory 336 MiB.
2026-10-10T09:15:21Z INFO [550/1000] 6ea2d93b-937c-41b4-8011-f6d4049009a0: 66 arrays, 66.8 MB stored; 2.7 s; peak memory 336 MiB.
2026-10-10T09:15:21Z INFO [551/1000] 6ea24877-47df-4ae7-aa85-0bbc4e46228d: 99 arrays, 675.9 MB stored; 4.3 s; peak memory 336 MiB.
2026-10-10T09:15:22Z INFO [552/1000] 6ea2f232-26d9-4dfe-b1bb-586d038ebcdb: 48 arrays, 83.9 MB stored; 1.8 s; peak memory 336 MiB.
2026-10-10T09:15:22Z INFO [553/1000] 6ea2be92-3d03-4a0c-9dd1-858bf16d1a0a: 157 arrays, 293.4 MB stored; 4.1 s; peak memory 336 MiB.
2026-10-10T09:15:24Z INFO [554/1000] 6ea44fb3-8a37-4b96-a3d3-882ce71f0aa0: 62 arrays, 3177.6 MB stored; 2.0 s; peak memory 336 MiB.
2026-10-10T09:15:24Z INFO [555/1000] 6ea40548-a174-4e73-a432-b8459118885b: 71 arrays, 82.6 MB stored; 2.8 s; peak memory 336 MiB.
2026-10-10T09:15:24Z INFO [556/1000] 6ea4a261-3240-4df5-8166-638804d3517f: 110 arrays, 0.3 MB stored; 2.2 s; peak memory 336 MiB.
2026-10-10T09:15:26Z INFO [557/1000] 6ea51b28-cabf-4732-97a0-2ded71fe92a0: 114 arrays, 0.1 MB stored; 1.7 s; peak memory 336 MiB.
2026-10-10T09:15:26Z INFO [558/1000] 6ea76d49-13ae-4006-bffb-dd93e414ce97: 41 arrays, 8.4 MB stored; 1.7 s; peak memory 336 MiB.
2026-10-10T09:15:28Z INFO [559/1000] 6ea89b5a-cb5f-4818-9490-17ab9f2c1006: 48 arrays, 83.9 MB stored; 1.7 s; peak memory 336 MiB.
2026-10-10T09:15:28Z INFO [560/1000] 6ea8698c-0b17-4817-9dd5-6ee898c6de02: 84 arrays, 0.4 MB stored; 2.3 s; peak memory 336 MiB.
2026-10-10T09:15:29Z INFO [561/1000] 6ea3df4a-0f99-4315-b261-2a1154dcd446: 257 arrays, 99.5 MB stored; 8.2 s; peak memory 336 MiB.
2026-10-10T09:15:29Z INFO [562/1000] 6ea8ca19-afcd-4042-8ef4-1eeb741d0ef1: 51 arrays, 0.0 MB stored; 1.6 s; peak memory 336 MiB.
2026-10-10T09:15:30Z INFO [563/1000] 6ea8d452-863c-47bd-be29-0c69dd660671: 76 arrays, 75.3 MB stored; 2.5 s; peak memory 336 MiB.
2026-10-10T09:15:31Z INFO [564/1000] 6ea94bd2-12d3-4a53-a81b-1a0dab94fa48: 46 arrays, 12.6 MB stored; 1.8 s; peak memory 336 MiB.
2026-10-10T09:15:31Z INFO [565/1000] 6ea97e7c-2fb3-4617-904d-e5ec001329a2: 52 arrays, 13.3 MB stored; 2.0 s; peak memory 336 MiB.
2026-10-10T09:15:33Z INFO [566/1000] 6eaa0e21-5a17-431d-a072-9431d2da1bd9: 117 arrays, 0.5 MB stored; 2.4 s; peak memory 336 MiB.
2026-10-10T09:15:33Z INFO [567/1000] 6eaa4b4b-4a93-4517-8101-937b216ae1f9: 83 arrays, 0.2 MB stored; 1.7 s; peak memory 336 MiB.
2026-10-10T09:15:33Z INFO [568/1000] 6eaa0f9e-c975-4764-bd79-6b2abdf3ebfc: 114 arrays, 0.3 MB stored; 2.0 s; peak memory 336 MiB.
2026-10-10T09:15:35Z INFO [569/1000] 6eaab5e6-eb62-402a-b816-49dc35edf81c: 84 arrays, 0.0 MB stored; 1.8 s; peak memory 336 MiB.
2026-10-10T09:15:35Z INFO [570/1000] 6eaa4de0-4f30-431a-88c5-cd619b42c2ae: 45 arrays, 10.9 MB stored; 2.3 s; peak memory 336 MiB.
2026-10-10T09:15:35Z INFO [571/1000] 6eaa7017-47ca-4367-ad03-92df880e21db: 66 arrays, 47.7 MB stored; 2.6 s; peak memory 336 MiB.
2026-10-10T09:15:37Z INFO [572/1000] 6eaae734-a6b2-4418-8b81-61583de59f1c: 116 arrays, 0.2 MB stored; 2.1 s; peak memory 336 MiB.
2026-10-10T09:15:37Z INFO [573/1000] 6eab5bb2-5dfa-42ac-a923-6c90a4af0060: 52 arrays, 12.7 MB stored; 1.9 s; peak memory 336 MiB.
2026-10-10T09:15:39Z INFO [574/1000] 6eabfeea-722c-4cd0-9a49-a76886a9606a: 117 arrays, 0.5 MB stored; 2.3 s; peak memory 336 MiB.
2026-10-10T09:15:41Z INFO [575/1000] 6eab6aed-a5bf-4633-a3e4-bf9afa9a00ee: 119 arrays, 67.5 MB stored; 4.0 s; peak memory 336 MiB.
2026-10-10T09:15:41Z INFO [576/1000] 6eac3a90-626e-4e05-982f-14501ce214a0: 117 arrays, 0.3 MB stored; 2.2 s; peak memory 336 MiB.
2026-10-10T09:15:43Z INFO [577/1000] 6eac5ae5-df53-4ad6-9ce7-e0fabbe95163: 118 arrays, 0.3 MB stored; 2.0 s; peak memory 336 MiB.
2026-10-10T09:15:45Z INFO [578/1000] 6ead22e8-0089-4813-a59a-13c16e131632: 66 arrays, 107.9 MB stored; 2.3 s; peak memory 336 MiB.
2026-10-10T09:15:45Z INFO [579/1000] 6eacd751-db6a-473f-9108-1ddde7957d3f: 115 arrays, 190.1 MB stored; 3.5 s; peak memory 336 MiB.
2026-10-10T09:15:48Z INFO [580/1000] 6eadc74f-46b6-41ab-ad87-d40c7d5c3458: 115 arrays, 190.1 MB stored; 3.2 s; peak memory 336 MiB.
2026-10-10T09:15:50Z INFO [581/1000] 6eae429a-0669-4a2f-bcfa-9c96c684b2b9: 71 arrays, 3.3 MB stored; 2.2 s; peak memory 336 MiB.
2026-10-10T09:15:53Z INFO [582/1000] 6eae97fb-d0d4-4938-9313-a321d895bbe4: 118 arrays, 0.8 MB stored; 2.2 s; peak memory 336 MiB.
2026-10-10T09:15:54Z INFO [583/1000] 6eae174d-fc59-4c45-8db5-4b3a2e0caa74: 530 arrays, 30.7 MB stored; 9.0 s; peak memory 336 MiB.
2026-10-10T09:15:54Z INFO [584/1000] 6eafab94-9c47-4571-834d-d209db61aab7: 46 arrays, 0.5 MB stored; 1.8 s; peak memory 336 MiB.
2026-10-10T09:15:56Z INFO [585/1000] 6eafd36a-52f1-4e7e-ad58-9589ae37da5c: 48 arrays, 83.9 MB stored; 1.7 s; peak memory 336 MiB.
2026-10-10T09:15:56Z INFO [586/1000] 6eb0a915-e05a-4596-a8c9-74c7e03dc4b7: 117 arrays, 0.3 MB stored; 2.0 s; peak memory 336 MiB.
2026-10-10T09:15:58Z INFO [587/1000] 6eb0c13a-ea66-4960-bb9b-47e7cf19ed23: 112 arrays, 0.7 MB stored; 2.3 s; peak memory 336 MiB.
2026-10-10T09:16:00Z INFO [588/1000] 6eb121e8-6426-4287-ba6b-b990756391bd: 48 arrays, 83.9 MB stored; 1.8 s; peak memory 336 MiB.
2026-10-10T09:16:01Z INFO [589/1000] 6eb1269d-be47-4495-9c80-24843817b3b9: 53 arrays, 0.0 MB stored; 1.5 s; peak memory 336 MiB.
2026-10-10T09:16:03Z INFO [590/1000] 6eb13808-e45b-47b6-b4ad-12ecd7a39add: 48 arrays, 83.9 MB stored; 1.8 s; peak memory 336 MiB.
2026-10-10T09:16:04Z INFO [591/1000] 6eb0d6b1-ec66-4317-abbf-b1d29e4ea73e: 538 arrays, 7.9 MB stored; 7.5 s; peak memory 336 MiB.
2026-10-10T09:16:06Z INFO [592/1000] 6eb24640-8abb-4cf1-a935-ed6a20851ac6: 48 arrays, 83.9 MB stored; 1.8 s; peak memory 336 MiB.
2026-10-10T09:16:07Z INFO [593/1000] 6eb1fdbc-ed2d-4356-aa35-995ad34c5b1d: 116 arrays, 187.2 MB stored; 3.9 s; peak memory 336 MiB.
2026-10-10T09:16:07Z INFO [594/1000] 6ea2061a-aefb-4ca1-87e6-77638ed59bd7: 52 arrays, 2125.6 MB stored; 51.3 s; peak memory 336 MiB.
2026-10-10T09:16:07Z INFO [595/1000] 6eb42c28-f060-469a-914e-8830e1fe24db: 48 arrays, 83.9 MB stored; 1.6 s; peak memory 336 MiB.
2026-10-10T09:16:10Z INFO [596/1000] 6eb4e1fa-33bd-457f-85db-85fd81e3d9be: 94 arrays, 15.2 MB stored; 2.6 s; peak memory 336 MiB.
2026-10-10T09:16:13Z INFO [597/1000] 6eb43315-3434-42f7-9e98-c7ea0d29cdd7: 92 arrays, 321.2 MB stored; 6.5 s; peak memory 336 MiB.
2026-10-10T09:16:15Z INFO [598/1000] 6eb56bdc-1cef-4866-a4ba-0d852d120d5a: 50 arrays, 12.4 MB stored; 1.6 s; peak memory 336 MiB.
2026-10-10T09:16:17Z INFO [599/1000] 6eb59476-910b-4f8a-9277-613e83e6f1b4: 52 arrays, 13.3 MB stored; 2.0 s; peak memory 336 MiB.
2026-10-10T09:16:19Z INFO [600/1000] 6eb5ca03-36a6-4809-b913-3a32521db6ab: 62 arrays, 3002.8 MB stored; 2.1 s; peak memory 336 MiB.
2026-10-10T09:16:19Z INFO [600/1000] 6eb5ca03-36a6-4809-b913-3a32521db6ab: checkpointed 600 new records.
2026-10-10T09:16:21Z INFO [601/1000] 6eb601ea-c67d-4a1e-a328-62cd1358fc74: 52 arrays, 0.0 MB stored; 1.5 s; peak memory 336 MiB.
2026-10-10T09:16:22Z INFO [602/1000] 6eb4bc04-5834-466e-8eb3-d75da774f811: 967 arrays, 42.6 MB stored; 14.6 s; peak memory 336 MiB.
2026-10-10T09:16:24Z INFO [603/1000] 6eb67231-4473-4d82-ae95-62160618a904: 48 arrays, 83.9 MB stored; 1.7 s; peak memory 336 MiB.
2026-10-10T09:16:24Z INFO [604/1000] 6eb6218f-db09-4f13-90d0-d424dbfdea68: 115 arrays, 190.2 MB stored; 3.4 s; peak memory 336 MiB.
2026-10-10T09:16:29Z INFO [605/1000] 6eb7146b-364d-4b28-913a-8f1e067677c9: 533 arrays, 5.8 MB stored; 5.8 s; peak memory 336 MiB.
2026-10-10T09:16:32Z INFO [606/1000] 6eb55e6d-6833-4b85-9af1-1b92f2283c61: 2074 arrays, 42.2 MB stored; 22.1 s; peak memory 336 MiB.
2026-10-10T09:16:32Z INFO [607/1000] 6eb787ee-afb8-4c07-8b4c-c17acacf1446: 53 arrays, 8.8 MB stored; 2.8 s; peak memory 336 MiB.
2026-10-10T09:16:35Z INFO [608/1000] 6eb78584-f910-4a03-920b-e5f70cb8cb15: 1053 arrays, 22.7 MB stored; 11.5 s; peak memory 336 MiB.
2026-10-10T09:16:36Z INFO [609/1000] 6e8599a5-71ae-4045-b17f-912744660795: 54 arrays, 13899.5 MB stored; 148.3 s; peak memory 336 MiB.
2026-10-10T09:16:37Z INFO [610/1000] 6eb852ee-2e6c-4a72-9a3b-0d5250b2ffd5: 61 arrays, 0.5 MB stored; 1.7 s; peak memory 336 MiB.
2026-10-10T09:16:38Z INFO [611/1000] 6eb8416f-e8bd-4434-a9e3-80ecc87ba4e0: 66 arrays, 67.4 MB stored; 2.5 s; peak memory 336 MiB.
2026-10-10T09:16:39Z INFO [612/1000] 6eb96804-81d8-4267-a2bb-5b0279fe83b0: 116 arrays, 0.4 MB stored; 2.0 s; peak memory 336 MiB.
2026-10-10T09:16:40Z INFO [613/1000] 6eb9b091-f41e-493d-8c0b-ee71c1ddcc06: 117 arrays, 0.3 MB stored; 2.1 s; peak memory 336 MiB.
2026-10-10T09:16:40Z INFO [614/1000] 6eb81465-f1ad-48a3-a1eb-5961669a36c7: 538 arrays, 8.4 MB stored; 8.4 s; peak memory 336 MiB.
2026-10-10T09:16:41Z INFO [615/1000] 6eb9cf21-f80b-46b5-909b-987952646317: 70 arrays, 21.7 MB stored; 2.1 s; peak memory 336 MiB.
2026-10-10T09:16:42Z INFO [616/1000] 6eb9fc8b-5219-4ede-a0f5-9ff4a6f7a869: 48 arrays, 83.9 MB stored; 1.8 s; peak memory 336 MiB.
2026-10-10T09:16:42Z INFO [617/1000] 6eba256c-ff83-467b-8cb9-d84b5aea0b7e: 117 arrays, 0.3 MB stored; 1.9 s; peak memory 336 MiB.
2026-10-10T09:16:44Z INFO [618/1000] 6eba4324-1751-4395-bbd6-fe47c1b50641: 52 arrays, 8.8 MB stored; 1.9 s; peak memory 336 MiB.
2026-10-10T09:16:44Z INFO [619/1000] 6ebb4fc6-f7c8-4f76-a8ff-cc9aa4631396: 117 arrays, 0.3 MB stored; 1.9 s; peak memory 336 MiB.
2026-10-10T09:16:44Z INFO [620/1000] 6eba4122-dc9f-45c8-82f5-d4284491bae4: 101 arrays, 14.0 MB stored; 3.0 s; peak memory 336 MiB.
2026-10-10T09:16:46Z INFO [621/1000] 6ebb5168-2b28-45b8-bc96-e919f5494958: 48 arrays, 83.9 MB stored; 1.8 s; peak memory 336 MiB.
2026-10-10T09:16:46Z INFO [622/1000] 6ebb5e6f-8aef-43c0-a293-7f53d612bb21: 47 arrays, 0.4 MB stored; 1.8 s; peak memory 336 MiB.
2026-10-10T09:16:47Z INFO [623/1000] 6ebbce4b-7e28-4abe-b3df-abbd73c57410: 112 arrays, 0.9 MB stored; 2.4 s; peak memory 336 MiB.
2026-10-10T09:16:48Z INFO [624/1000] 6ebcafb6-67cf-4c18-8187-3fe2a70aa7c8: 117 arrays, 0.5 MB stored; 2.1 s; peak memory 336 MiB.
2026-10-10T09:16:48Z INFO [625/1000] 6ebd7132-92ed-492e-80e3-a6dd6cb26ab7: 275 arrays, 17.1 MB stored; 2.4 s; peak memory 336 MiB.
2026-10-10T09:16:49Z INFO [626/1000] 6ebd786c-d350-45fe-b834-639495b625fa: 117 arrays, 0.6 MB stored; 2.0 s; peak memory 336 MiB.
2026-10-10T09:16:50Z INFO [627/1000] 6ebe61ca-ea7b-4ddd-a20e-158f95560457: 48 arrays, 83.9 MB stored; 1.9 s; peak memory 336 MiB.
2026-10-10T09:16:51Z INFO [628/1000] 6ebd8862-874c-4e1a-a1ad-0c20e44fb3e1: 154 arrays, 500.2 MB stored; 3.5 s; peak memory 336 MiB.
2026-10-10T09:16:52Z INFO [629/1000] 6eb81b90-3667-46c4-a998-c717cfc9e4b5: 41 arrays, 737.7 MB stored; 20.1 s; peak memory 336 MiB.
2026-10-10T09:16:52Z INFO [630/1000] 6ebe9f86-7395-424d-8190-58dfb1ffc944: 62 arrays, 2925.4 MB stored; 2.1 s; peak memory 336 MiB.
2026-10-10T09:16:52Z INFO [631/1000] 6eab64e5-ab21-4eaf-a2c5-e6db0f066d58: 10106 arrays, 231.3 MB stored; 77.1 s; peak memory 336 MiB.
2026-10-10T09:16:54Z INFO [632/1000] 6ebfc935-4fe6-457b-baca-dff0ea4d03ea: 116 arrays, 0.4 MB stored; 1.9 s; peak memory 336 MiB.
2026-10-10T09:16:55Z INFO [633/1000] 6ec0a13d-bbb9-4afa-9d05-f7cc0c880444: 110 arrays, 0.6 MB stored; 2.4 s; peak memory 336 MiB.
2026-10-10T09:16:55Z INFO [634/1000] 6ebee8ce-c24d-4bc4-87ed-709894f4ba3b: 110 arrays, 4163.9 MB stored; 4.4 s; peak memory 336 MiB.
2026-10-10T09:16:56Z INFO [635/1000] 6ec0c8a0-3af9-4113-8e97-a0946ab2ba9e: 112 arrays, 0.4 MB stored; 2.3 s; peak memory 336 MiB.
2026-10-10T09:16:57Z INFO [636/1000] 6ec0485f-cb4e-4641-84f9-fb58b80f466a: 156 arrays, 193.6 MB stored; 4.1 s; peak memory 336 MiB.
2026-10-10T09:16:57Z INFO [637/1000] 6ec15c17-3a2a-4256-9a51-88689e927caa: 117 arrays, 0.4 MB stored; 2.0 s; peak memory 336 MiB.
2026-10-10T09:16:58Z INFO [638/1000] 6ec1773e-f61f-4d4a-99c7-07bc879b17cf: 71 arrays, 65.4 MB stored; 2.9 s; peak memory 336 MiB.
2026-10-10T09:16:59Z INFO [639/1000] 6ec2093b-37a0-4c9b-adee-548e55de272f: 117 arrays, 0.3 MB stored; 2.0 s; peak memory 336 MiB.
2026-10-10T09:17:02Z INFO [640/1000] 6ec22ff9-7a14-477d-a552-8feefc78b56e: 158 arrays, 1.2 MB stored; 2.8 s; peak memory 336 MiB.
2026-10-10T09:17:03Z INFO [641/1000] 6ec18fbe-e9f7-498a-b788-aebcc2ca728f: 225 arrays, 259.8 MB stored; 6.8 s; peak memory 336 MiB.
2026-10-10T09:17:05Z INFO [642/1000] 6ec34530-776e-45fb-8d27-7dd7a2c8d9c9: 112 arrays, 0.3 MB stored; 2.2 s; peak memory 336 MiB.
2026-10-10T09:17:15Z INFO [643/1000] 6ec3007a-15b2-4725-87d0-31109ad6fb6d: 410 arrays, 285.0 MB stored; 13.6 s; peak memory 336 MiB.
2026-10-10T09:17:17Z INFO [644/1000] 6ec4016d-6f48-4d87-99de-f7ae0f09bafe: 117 arrays, 0.2 MB stored; 2.0 s; peak memory 336 MiB.
2026-10-10T09:17:20Z INFO [645/1000] 6ec45ae9-427c-4284-83de-cb25f2168d03: 112 arrays, 0.9 MB stored; 2.6 s; peak memory 336 MiB.
2026-10-10T09:17:30Z INFO [646/1000] 6ec3984a-1106-4721-bf06-68fd19b4abff: 7090 arrays, 66.4 MB stored; 24.2 s; peak memory 336 MiB.
2026-10-10T09:17:31Z INFO [647/1000] 6ec630dc-7e47-4f93-826d-10467885dfbc: 48 arrays, 83.9 MB stored; 1.6 s; peak memory 336 MiB.
2026-10-10T09:17:33Z INFO [648/1000] 6ec651b9-a94a-4bd3-90c3-4b5045d4e73b: 48 arrays, 83.9 MB stored; 1.7 s; peak memory 336 MiB.
2026-10-10T09:17:33Z INFO [649/1000] 6ec5b062-21fd-48d2-a56b-9c8ba2b56f7c: 1059 arrays, 38.5 MB stored; 13.2 s; peak memory 336 MiB.
2026-10-10T09:17:34Z INFO [650/1000] 6ec65eb2-cab4-48e8-8f49-ce1b21ca4ecd: 46 arrays, 0.0 MB stored; 1.6 s; peak memory 336 MiB.
2026-10-10T09:17:35Z INFO [651/1000] 6ea08c47-f477-494c-9ea8-bdb28438385d: 280 arrays, 23223.0 MB stored; 141.8 s; peak memory 336 MiB.
2026-10-10T09:17:36Z INFO [652/1000] 6ec7a875-f35e-4172-ab73-4ad666955a89: 38 arrays, 0.5 MB stored; 1.6 s; peak memory 336 MiB.
2026-10-10T09:17:37Z INFO [653/1000] 6ec799fa-ae85-497a-995e-ec28a8d33ba9: 156 arrays, 193.5 MB stored; 4.1 s; peak memory 336 MiB.
2026-10-10T09:17:38Z INFO [654/1000] 6ec89978-bca2-434b-b123-18327a96119f: 56 arrays, 0.0 MB stored; 1.6 s; peak memory 336 MiB.
2026-10-10T09:17:39Z INFO [655/1000] 6ec812c6-a57c-4d8c-98bf-485b1a986138: 115 arrays, 190.1 MB stored; 4.0 s; peak memory 336 MiB.
2026-10-10T09:17:39Z INFO [656/1000] 6ec8c253-b347-4576-8015-c7fba375a8c4: 48 arrays, 83.9 MB stored; 1.7 s; peak memory 336 MiB.
2026-10-10T09:17:39Z INFO [657/1000] 6ec89f79-6adb-4f1e-a65b-393deea583ea: 112 arrays, 0.3 MB stored; 2.2 s; peak memory 336 MiB.
2026-10-10T09:17:40Z INFO [658/1000] 6ec923a8-0961-4427-b79a-65cd8aef6d74: 116 arrays, 0.2 MB stored; 1.8 s; peak memory 336 MiB.
2026-10-10T09:17:42Z INFO [659/1000] 6ec9845a-0de6-415d-bfa2-d7c0ea2a688d: 52 arrays, 9.5 MB stored; 2.2 s; peak memory 336 MiB.
2026-10-10T09:17:42Z INFO [660/1000] 6ec9d350-0a14-4e37-a049-58a0070ad009: 79 arrays, 0.2 MB stored; 2.2 s; peak memory 336 MiB.
2026-10-10T09:17:43Z INFO [661/1000] 6eca0716-a24c-4dff-83d1-d5a16b04f6c0: 112 arrays, 0.4 MB stored; 2.1 s; peak memory 336 MiB.
2026-10-10T09:17:44Z INFO [662/1000] 6eca6155-86a7-4ebe-ac19-a32dd15ab9d0: 118 arrays, 0.5 MB stored; 2.4 s; peak memory 336 MiB.
2026-10-10T09:17:44Z INFO [663/1000] 6eca32cb-32c8-42e1-abd9-fa982c618a90: 110 arrays, 0.8 MB stored; 2.7 s; peak memory 336 MiB.
2026-10-10T09:17:44Z INFO [664/1000] 6ecb0a3e-c740-4593-bfc1-803d97da9c3e: 48 arrays, 83.9 MB stored; 1.9 s; peak memory 336 MiB.
2026-10-10T09:17:46Z INFO [665/1000] 6ecc2b0c-d1b0-479f-b5d2-71e9390b79d6: 48 arrays, 83.9 MB stored; 1.8 s; peak memory 336 MiB.
2026-10-10T09:17:46Z INFO [666/1000] 6ecbdae1-aed7-4297-9bd0-2637f35e968b: 65 arrays, 84.9 MB stored; 2.6 s; peak memory 336 MiB.
2026-10-10T09:17:47Z INFO [667/1000] 6ecbdc55-ea37-4093-a644-3288fe261a2f: 66 arrays, 37.5 MB stored; 2.3 s; peak memory 336 MiB.
2026-10-10T09:17:48Z INFO [668/1000] 6ecca3a7-ee7c-4cd6-8a58-3af5ea8f3022: 56 arrays, 0.0 MB stored; 1.6 s; peak memory 336 MiB.
2026-10-10T09:17:48Z INFO [669/1000] 6eccf6db-457c-48ad-bc2f-e58f8051c0a0: 118 arrays, 0.2 MB stored; 1.9 s; peak memory 336 MiB.
2026-10-10T09:17:50Z INFO [670/1000] 6eccb4c2-3f70-41a9-84ee-2603eb4d8d0e: 38 arrays, 57.9 MB stored; 3.6 s; peak memory 336 MiB.
2026-10-10T09:17:50Z INFO [671/1000] 6ecd537a-cd4b-4289-96ec-db6501498638: 66 arrays, 103.3 MB stored; 2.4 s; peak memory 336 MiB.
2026-10-10T09:17:50Z INFO [672/1000] 6ecd5707-8682-432d-af4f-8e8060fee529: 48 arrays, 83.9 MB stored; 1.8 s; peak memory 336 MiB.
2026-10-10T09:17:52Z INFO [673/1000] 6ecff7b9-c758-466f-9643-b79df1174e9e: 39 arrays, 1.8 MB stored; 1.8 s; peak memory 336 MiB.
2026-10-10T09:17:54Z INFO [674/1000] 6ed02dce-a1a9-40c9-a8f6-15ebeb39922e: 118 arrays, 0.4 MB stored; 1.9 s; peak memory 336 MiB.
2026-10-10T09:17:54Z INFO [675/1000] 6ed00717-f907-4c99-b7df-a130cc9578e3: 115 arrays, 186.8 MB stored; 3.8 s; peak memory 336 MiB.
2026-10-10T09:17:56Z INFO [676/1000] 6ed1da7b-7175-4f89-addb-077721a612a2: 42 arrays, 138.6 MB stored; 1.7 s; peak memory 336 MiB.
2026-10-10T09:17:56Z INFO [677/1000] 6ed1ba6a-c872-4005-8bf1-b480f650ce17: 110 arrays, 0.5 MB stored; 2.3 s; peak memory 336 MiB.
2026-10-10T09:17:57Z INFO [678/1000] 6ecf54e7-2674-42f9-a3c4-4dbe468041ac: 107 arrays, 119.3 MB stored; 6.6 s; peak memory 336 MiB.
2026-10-10T09:17:58Z INFO [679/1000] 6ed2b749-e036-4c8f-8621-5842ce8340a0: 170 arrays, 0.7 MB stored; 2.0 s; peak memory 336 MiB.
2026-10-10T09:17:58Z INFO [680/1000] 6ed2f22c-0351-4fd4-9319-e530700ec08f: 48 arrays, 83.9 MB stored; 1.8 s; peak memory 336 MiB.
2026-10-10T09:17:58Z INFO [681/1000] 6ed3c61c-cd5d-4155-815f-0a573bf9fc27: 48 arrays, 83.9 MB stored; 1.7 s; peak memory 336 MiB.
2026-10-10T09:18:00Z INFO [682/1000] 6ed67280-e4d5-487f-a0a5-18cf32bbf64e: 116 arrays, 0.5 MB stored; 2.2 s; peak memory 336 MiB.
2026-10-10T09:18:00Z INFO [683/1000] 6ed4e35b-2575-4080-bd9e-ea7d70dda3df: 71 arrays, 2.5 MB stored; 2.4 s; peak memory 336 MiB.
2026-10-10T09:18:01Z INFO [684/1000] 6ed6e453-f8d0-4ac3-b431-6910d2e0f777: 66 arrays, 65.5 MB stored; 2.2 s; peak memory 336 MiB.
2026-10-10T09:18:02Z INFO [685/1000] 6ed70316-0be2-4a68-9756-e7b33a087339: 112 arrays, 0.4 MB stored; 2.1 s; peak memory 336 MiB.
2026-10-10T09:18:03Z INFO [686/1000] 6ed71cad-cdfe-4686-b981-e0f575816374: 117 arrays, 0.1 MB stored; 2.0 s; peak memory 336 MiB.
2026-10-10T09:18:04Z INFO [687/1000] 6ed70c80-085c-4dfc-b44a-0caf4a65f4e7: 136 arrays, 3.8 MB stored; 3.3 s; peak memory 336 MiB.
2026-10-10T09:18:04Z INFO [688/1000] 6ed7f042-4dd1-4e61-a63e-309846869e0a: 63 arrays, 0.1 MB stored; 1.7 s; peak memory 336 MiB.
2026-10-10T09:18:05Z INFO [689/1000] 6ed86921-8fce-409b-9cdc-0ac65179acff: 112 arrays, 0.6 MB stored; 2.3 s; peak memory 336 MiB.
2026-10-10T09:18:06Z INFO [690/1000] 6eda82c4-c4aa-4ad7-9e7d-fb061a11096c: 65 arrays, 22.6 MB stored; 2.0 s; peak memory 336 MiB.
2026-10-10T09:18:06Z INFO [691/1000] 6edab0af-0c96-4f64-98e1-f5bc2896bb83: 112 arrays, 0.4 MB stored; 2.1 s; peak memory 336 MiB.
2026-10-10T09:18:07Z INFO [692/1000] 6edb1efa-68b7-4c0c-8b0a-5802612a23d3: 48 arrays, 83.9 MB stored; 1.7 s; peak memory 336 MiB.
2026-10-10T09:18:07Z INFO [693/1000] 6edac16f-357e-41a9-9701-379f1bdd99c6: 71 arrays, 4.1 MB stored; 2.6 s; peak memory 336 MiB.
2026-10-10T09:18:08Z INFO [694/1000] 6edb66f7-f3bc-4022-b7c6-1e0eddf8270d: 42 arrays, 53.4 MB stored; 1.6 s; peak memory 336 MiB.
2026-10-10T09:18:09Z INFO [695/1000] 6edcf68d-28df-4036-8f77-23c1720c406f: 48 arrays, 83.9 MB stored; 1.7 s; peak memory 336 MiB.
2026-10-10T09:18:09Z INFO [696/1000] 6edd0b37-5de1-48f2-95c3-280ddeddc584: 48 arrays, 83.9 MB stored; 1.7 s; peak memory 336 MiB.
2026-10-10T09:18:11Z INFO [697/1000] 6ede7262-753c-492f-ac81-66efad191b68: 50 arrays, 2.2 MB stored; 1.6 s; peak memory 336 MiB.
2026-10-10T09:18:12Z INFO [698/1000] 6edc0e0c-0c4d-4bd5-9eb9-682c69d238c3: 48 arrays, 34.8 MB stored; 4.7 s; peak memory 336 MiB.
2026-10-10T09:18:14Z INFO [699/1000] 6edf47c5-8fa0-42e6-83a9-48717407adf4: 48 arrays, 83.9 MB stored; 1.8 s; peak memory 336 MiB.
2026-10-10T09:18:16Z INFO [700/1000] 6edf9ce7-e5e3-4a78-858a-1d8c110f9ba0: 116 arrays, 0.4 MB stored; 1.9 s; peak memory 336 MiB.
2026-10-10T09:18:28Z INFO [701/1000] 6edf45a6-82cc-4af1-8deb-8e910b0ec7c4: 36 arrays, 384.0 MB stored; 17.2 s; peak memory 336 MiB.
2026-10-10T09:18:30Z INFO [702/1000] 6ee05869-0e9e-4b20-b0c2-05552cb9e908: 110 arrays, 0.5 MB stored; 2.2 s; peak memory 336 MiB.
2026-10-10T09:18:32Z INFO [703/1000] 6ee075a5-1f96-49a7-b5c4-49721ef24f0a: 50 arrays, 0.0 MB stored; 1.6 s; peak memory 336 MiB.
2026-10-10T09:18:37Z INFO [704/1000] 6ee0fad1-d75a-421e-abd7-23f72ffc6bb0: 229 arrays, 236.6 MB stored; 5.8 s; peak memory 336 MiB.
2026-10-10T09:18:40Z INFO [705/1000] 6ee144ce-6128-4b3e-9517-6b7a1dfabae4: 74 arrays, 3.2 MB stored; 2.5 s; peak memory 336 MiB.
2026-10-10T09:18:42Z INFO [706/1000] 6ee14b2e-c6f1-4e60-bb6d-6d72c78f4382: 48 arrays, 83.9 MB stored; 1.7 s; peak memory 336 MiB.
2026-10-10T09:18:43Z INFO [707/1000] 6ee056f4-3213-4823-b12c-befb0df220f7: 48 arrays, 38169.2 MB stored; 27.0 s; peak memory 336 MiB.
2026-10-10T09:18:44Z INFO [708/1000] 6ee20fc9-743d-45aa-8650-7e869b0f628d: 112 arrays, 0.4 MB stored; 2.1 s; peak memory 336 MiB.
2026-10-10T09:18:46Z INFO [709/1000] 6ee2c870-9d80-4720-843d-2296d073c879: 52 arrays, 2930.4 MB stored; 1.7 s; peak memory 336 MiB.
2026-10-10T09:18:48Z INFO [710/1000] 6ee30086-2acf-4587-97d0-1432b6571706: 64 arrays, 25.2 MB stored; 2.1 s; peak memory 336 MiB.
2026-10-10T09:18:49Z INFO [711/1000] 6ee3206f-4c0f-40f3-b302-98af00f81d41: 48 arrays, 83.9 MB stored; 1.8 s; peak memory 336 MiB.
2026-10-10T09:18:51Z INFO [712/1000] 6ee25fd1-12f9-4f55-87f7-a0a9d2a4c806: 641 arrays, 18.5 MB stored; 8.0 s; peak memory 336 MiB.
2026-10-10T09:18:51Z INFO [713/1000] 6ee33d24-84b2-411e-8e52-c099f9014a57: 48 arrays, 83.9 MB stored; 1.7 s; peak memory 336 MiB.
2026-10-10T09:18:52Z INFO [714/1000] 6ee3493f-b156-425d-89df-399b322ae1f2: 48 arrays, 83.9 MB stored; 1.7 s; peak memory 336 MiB.
2026-10-10T09:18:54Z INFO [715/1000] 6ee48cdf-1c8b-469c-8b07-78db6764af32: 46 arrays, 0.1 MB stored; 1.5 s; peak memory 336 MiB.
2026-10-10T09:18:54Z INFO [716/1000] 6ec1bc0e-360f-4d8b-9269-b1e5b919777d: 77 arrays, 6596.1 MB stored; 117.8 s; peak memory 336 MiB.
2026-10-10T09:18:57Z INFO [717/1000] 6ee6861e-c9b1-42b5-8287-b7c8961c8774: 112 arrays, 0.7 MB stored; 2.3 s; peak memory 336 MiB.
2026-10-10T09:18:59Z INFO [718/1000] 6ee71ac1-9a77-4fb9-a9a1-f2bd40b95917: 39 arrays, 9.3 MB stored; 1.8 s; peak memory 336 MiB.
2026-10-10T09:19:00Z INFO [719/1000] 6ee3c03a-2d9b-4c62-8165-c7ce3655ae45: 1124 arrays, 25.1 MB stored; 8.9 s; peak memory 336 MiB.
2026-10-10T09:19:01Z INFO [720/1000] 6ee71bf0-5493-47f0-9770-9d216f8868ff: 69 arrays, 2.0 MB stored; 2.0 s; peak memory 336 MiB.
2026-10-10T09:19:02Z INFO [721/1000] 6ee79f76-e9e8-40d3-b35e-18290766a504: 52 arrays, 18.5 MB stored; 1.9 s; peak memory 336 MiB.
2026-10-10T09:19:12Z INFO [722/1000] 6ee76c47-d07b-4f80-ae1c-37badbcbf42a: 916 arrays, 25.9 MB stored; 12.2 s; peak memory 336 MiB.
2026-10-10T09:19:14Z INFO [723/1000] 6ee86eed-b171-412f-8ebe-262177b4a04b: 410 arrays, 171.2 MB stored; 12.0 s; peak memory 336 MiB.
2026-10-10T09:19:15Z INFO [724/1000] 6ee8821e-85dd-4cf0-981e-edcf13625168: 69 arrays, 298.7 MB stored; 2.5 s; peak memory 336 MiB.
2026-10-10T09:19:16Z INFO [725/1000] 6ebe9a9f-017d-4e14-a520-9f748fbd8d80: 433 arrays, 23280.9 MB stored; 147.6 s; peak memory 336 MiB.
2026-10-10T09:19:16Z INFO [726/1000] 6ee8afb2-37df-43a0-98b6-b43cf2eb4ba6: 46 arrays, 12.6 MB stored; 1.7 s; peak memory 336 MiB.
2026-10-10T09:19:17Z INFO [727/1000] 6ee88f61-7aff-4a3d-bf5e-a1565af97675: 70 arrays, 34.3 MB stored; 2.4 s; peak memory 336 MiB.
2026-10-10T09:19:18Z INFO [728/1000] 6ee9ac1e-cd97-43f9-995e-4c93e792cf54: 57 arrays, 0.0 MB stored; 1.5 s; peak memory 336 MiB.
2026-10-10T09:19:19Z INFO [729/1000] 6eeaab79-7780-4379-adc8-7815ac9f640d: 118 arrays, 0.7 MB stored; 2.1 s; peak memory 336 MiB.
2026-10-10T09:19:20Z INFO [730/1000] 6eeac45a-e70a-4128-84d4-f27a4e7d5cbb: 48 arrays, 83.9 MB stored; 1.8 s; peak memory 336 MiB.
2026-10-10T09:19:20Z INFO [731/1000] 6ee64f55-2156-47d7-9606-b3e0511aaf73: 7279 arrays, 67.0 MB stored; 26.7 s; peak memory 336 MiB.
2026-10-10T09:19:21Z INFO [732/1000] 6eead875-0749-4015-856f-a42dc4853260: 48 arrays, 83.9 MB stored; 1.7 s; peak memory 336 MiB.
2026-10-10T09:19:22Z INFO [733/1000] 6eeafdbe-e578-47f4-b5ed-68f3fec82baf: 92 arrays, 0.3 MB stored; 2.1 s; peak memory 336 MiB.
2026-10-10T09:19:23Z INFO [734/1000] 6eed57e8-bc0e-4ed9-b712-5f35f432fc74: 51 arrays, 1918.4 MB stored; 1.9 s; peak memory 336 MiB.
2026-10-10T09:19:23Z INFO [735/1000] 6eed695f-3227-45af-a285-31466d831140: 44 arrays, 0.0 MB stored; 1.5 s; peak memory 336 MiB.
2026-10-10T09:19:25Z INFO [736/1000] 6eed9c09-d188-4aef-ab57-b882b25448f1: 48 arrays, 83.9 MB stored; 1.7 s; peak memory 336 MiB.
2026-10-10T09:19:25Z INFO [737/1000] 6eed75fd-12d0-472d-85dc-a5a15cc5e38e: 117 arrays, 0.5 MB stored; 2.4 s; peak memory 336 MiB.
2026-10-10T09:19:27Z INFO [738/1000] 6eeb753c-38e7-4c0c-a778-4d3082ad5bae: 106 arrays, 6460.5 MB stored; 6.2 s; peak memory 336 MiB.
2026-10-10T09:19:27Z INFO [739/1000] 6eee0167-6fda-4cc9-932f-d108e4f4b1ca: 69 arrays, 0.1 MB stored; 2.1 s; peak memory 336 MiB.
2026-10-10T09:19:27Z INFO [740/1000] 6eef2ee2-ddcd-4ca0-a5f8-10e3502307e2: 84 arrays, 0.4 MB stored; 2.1 s; peak memory 336 MiB.
2026-10-10T09:19:29Z INFO [741/1000] 6eef3f7b-f566-4e8e-a310-0f4da386ff3b: 46 arrays, 12.6 MB stored; 1.9 s; peak memory 336 MiB.
2026-10-10T09:19:30Z INFO [742/1000] 6eef4e37-f278-4b7c-aea4-2de35801d206: 117 arrays, 0.4 MB stored; 2.3 s; peak memory 336 MiB.
2026-10-10T09:19:30Z INFO [743/1000] 6eef4c3d-822f-4945-838f-03c4bb05dde0: 85 arrays, 2161.9 MB stored; 2.9 s; peak memory 336 MiB.
2026-10-10T09:19:30Z INFO [744/1000] 6eefba11-a2f9-4b97-87bc-711e6f7b269e: 38 arrays, 0.4 MB stored; 1.7 s; peak memory 336 MiB.
2026-10-10T09:19:31Z INFO [745/1000] 6ee95d2d-5fd6-4a8e-ac41-4716c77ec0f2: 880 arrays, 21.0 MB stored; 14.2 s; peak memory 336 MiB.
2026-10-10T09:19:31Z INFO [746/1000] 6ef03645-09bc-4987-8491-2b6394b60896: 77 arrays, 0.1 MB stored; 1.9 s; peak memory 336 MiB.
2026-10-10T09:19:32Z INFO [747/1000] 6ef05ea6-3bf6-490a-be48-c9780a59ec5b: 48 arrays, 83.9 MB stored; 1.8 s; peak memory 336 MiB.
2026-10-10T09:19:33Z INFO [748/1000] 6ef0d80f-f852-40c7-b291-196d7d843efc: 49 arrays, 630.2 MB stored; 2.5 s; peak memory 336 MiB.
2026-10-10T09:19:33Z INFO [749/1000] 6ef14ef4-f43e-4ed2-9d59-206260b5e0e7: 48 arrays, 83.9 MB stored; 1.7 s; peak memory 336 MiB.
2026-10-10T09:19:34Z INFO [750/1000] 6ef10156-31b6-4646-8dd7-80e8bf3a56b7: 66 arrays, 128.1 MB stored; 3.2 s; peak memory 336 MiB.
2026-10-10T09:19:35Z INFO [751/1000] 6ef2b113-4ec1-4354-b678-6482e32cde3c: 48 arrays, 83.9 MB stored; 1.7 s; peak memory 336 MiB.
2026-10-10T09:19:35Z INFO [752/1000] 6ef30934-85d5-416d-bc58-231b17948040: 48 arrays, 83.9 MB stored; 1.7 s; peak memory 336 MiB.
2026-10-10T09:19:37Z INFO [753/1000] 6ef336d6-ec97-4946-b3d1-0648da967f17: 48 arrays, 83.9 MB stored; 1.7 s; peak memory 336 MiB.
2026-10-10T09:19:37Z INFO [754/1000] 6ef3a213-c106-4e5a-b3e8-f8164a1fb601: 112 arrays, 0.1 MB stored; 1.7 s; peak memory 336 MiB.
2026-10-10T09:19:39Z INFO [755/1000] 6ef3f3c8-edb3-48fc-b9d4-821f18d248d2: 46 arrays, 1.7 MB stored; 1.7 s; peak memory 336 MiB.
2026-10-10T09:19:39Z INFO [756/1000] 6ef3eeaa-9512-469b-ac36-dda9d8628a3a: 64 arrays, 286.0 MB stored; 2.6 s; peak memory 336 MiB.
2026-10-10T09:19:41Z INFO [757/1000] 6ef40164-0003-4e91-9fcf-5c7bacfb0332: 41 arrays, 8.4 MB stored; 1.7 s; peak memory 336 MiB.
2026-10-10T09:19:41Z INFO [758/1000] 6ef43e90-8a8d-447b-b619-a1a35794c42e: 116 arrays, 0.3 MB stored; 2.0 s; peak memory 336 MiB.
2026-10-10T09:19:43Z INFO [759/1000] 6ef51239-d056-4126-9ac2-707720a336b9: 70 arrays, 29.9 MB stored; 2.3 s; peak memory 336 MiB.
2026-10-10T09:19:43Z INFO [760/1000] 6ea7a99c-a633-4a24-9ac4-8feecd1d0de4: 292 arrays, 40503.3 MB stored; 258.7 s; peak memory 336 MiB.
2026-10-10T09:19:43Z INFO [761/1000] 6ef54036-1b68-4580-9e0a-ffd58ccb2d3f: 110 arrays, 0.1 MB stored; 1.9 s; peak memory 336 MiB.
2026-10-10T09:19:45Z INFO [762/1000] 6ef56cd9-5012-49d3-8013-1717a623bf02: 116 arrays, 0.4 MB stored; 2.1 s; peak memory 336 MiB.
2026-10-10T09:19:45Z INFO [763/1000] 6ef61049-827f-4940-8f97-6d2020103167: 84 arrays, 2.4 MB stored; 2.3 s; peak memory 336 MiB.
2026-10-10T09:19:47Z INFO [764/1000] 6ef6b593-1c9b-4c29-a0ed-d8997b4baf69: 57 arrays, 0.0 MB stored; 1.5 s; peak memory 336 MiB.
2026-10-10T09:19:47Z INFO [765/1000] 6ef63c2d-5935-4fa2-bb9d-a521dbe633f1: 116 arrays, 9.8 MB stored; 2.2 s; peak memory 336 MiB.
2026-10-10T09:19:48Z INFO [766/1000] 6ef61d55-3f3a-4749-b8ce-54db469e918f: 48 arrays, 34.7 MB stored; 4.5 s; peak memory 336 MiB.
2026-10-10T09:19:49Z INFO [767/1000] 6ef75801-a19f-47e2-b7b1-7ee89b7d980d: 48 arrays, 83.9 MB stored; 1.9 s; peak memory 336 MiB.
2026-10-10T09:19:49Z INFO [768/1000] 6ef7e98c-541b-4475-9699-c6349523f128: 116 arrays, 9.8 MB stored; 2.0 s; peak memory 336 MiB.
2026-10-10T09:19:50Z INFO [769/1000] 6ef93922-26c7-488d-b034-4abc43ae3d5e: 114 arrays, 0.2 MB stored; 1.8 s; peak memory 336 MiB.
2026-10-10T09:19:51Z INFO [770/1000] 6ef939b9-4846-4dc6-9ff8-128f8483a995: 45 arrays, 0.0 MB stored; 1.4 s; peak memory 336 MiB.
2026-10-10T09:19:51Z INFO [771/1000] 6ef19c07-1ffc-4c6f-b133-286237cbaa0d: 437 arrays, 28.3 MB stored; 19.5 s; peak memory 336 MiB.
2026-10-10T09:19:52Z INFO [772/1000] 6ef951b6-82ed-4042-95da-5f48370356cb: 68 arrays, 0.0 MB stored; 2.0 s; peak memory 336 MiB.
2026-10-10T09:19:54Z INFO [773/1000] 6efa7798-9a32-4c18-94f4-17330446a278: 46 arrays, 0.2 MB stored; 1.5 s; peak memory 336 MiB.
2026-10-10T09:19:56Z INFO [774/1000] 6ef213a4-4009-49af-8fea-28cc8b68a61e: 522 arrays, 4744.4 MB stored; 22.7 s; peak memory 336 MiB.
2026-10-10T09:19:57Z INFO [775/1000] 6ef86917-4c05-4f68-bce4-cf1e067fec05: 56 arrays, 155.7 MB stored; 9.7 s; peak memory 336 MiB.
2026-10-10T09:19:58Z INFO [776/1000] 6efa8a88-0ed9-49cd-a104-57b742543b7b: 66 arrays, 113.5 MB stored; 2.4 s; peak memory 336 MiB.
2026-10-10T09:19:59Z INFO [777/1000] 6efa8f18-69ba-41b7-bc7c-f5f827a2a0af: 48 arrays, 83.9 MB stored; 1.7 s; peak memory 336 MiB.
2026-10-10T09:20:01Z INFO [778/1000] 6efa7a53-06a8-4e4e-8fd5-29d060806cba: 616 arrays, 8.0 MB stored; 7.0 s; peak memory 336 MiB.
2026-10-10T09:20:02Z INFO [779/1000] 6efb9b09-3b8f-4b2b-a303-5d387cbb740c: 119 arrays, 66.4 MB stored; 2.9 s; peak memory 336 MiB.
2026-10-10T09:20:03Z INFO [780/1000] 6ef99c9b-dc16-43e6-9430-f590a1e68ce7: 831 arrays, 23.3 MB stored; 12.0 s; peak memory 336 MiB.
2026-10-10T09:20:04Z INFO [781/1000] 6efbcffa-9f17-4a1a-9a11-b1da2abe7c0e: 114 arrays, 186.9 MB stored; 3.3 s; peak memory 336 MiB.
2026-10-10T09:20:05Z INFO [782/1000] 6efb6ea9-7a72-43df-a183-b9609ced74af: 530 arrays, 8.0 MB stored; 6.9 s; peak memory 336 MiB.
2026-10-10T09:20:06Z INFO [783/1000] 6efcedf5-c83d-4529-b076-a13fd32fb1e9: 112 arrays, 0.5 MB stored; 2.2 s; peak memory 336 MiB.
2026-10-10T09:20:07Z INFO [784/1000] 6efbe6b8-24f5-42d0-97ad-8f15e7c9609b: 184 arrays, 217.6 MB stored; 4.8 s; peak memory 336 MiB.
2026-10-10T09:20:07Z INFO [785/1000] 6efda9e8-cda3-4e67-8b8d-e5cd5bd13683: 117 arrays, 0.3 MB stored; 2.0 s; peak memory 336 MiB.
2026-10-10T09:20:07Z INFO [786/1000] 6efca6ea-c7e3-4c03-ba25-d6cb0eb328e2: 92 arrays, 279.8 MB stored; 4.1 s; peak memory 336 MiB.
2026-10-10T09:20:09Z INFO [787/1000] 6eff16e5-5013-4c17-8d75-1ce951bdc630: 48 arrays, 83.9 MB stored; 1.8 s; peak memory 336 MiB.
2026-10-10T09:20:09Z INFO [788/1000] 6efebbfc-4a34-4891-8f21-24271c525e65: 70 arrays, 0.4 MB stored; 2.1 s; peak memory 336 MiB.
2026-10-10T09:20:10Z INFO [789/1000] 6efe6e5a-157e-40b4-817c-5cba2d7d01c0: 71 arrays, 145.3 MB stored; 3.2 s; peak memory 336 MiB.
2026-10-10T09:20:10Z INFO [790/1000] 6f0059b9-7ddc-4237-9144-1b0802fa4523: 48 arrays, 83.9 MB stored; 1.7 s; peak memory 336 MiB.
2026-10-10T09:20:11Z INFO [791/1000] 6f005b5a-3833-4f22-b618-28bc38436a72: 48 arrays, 83.9 MB stored; 1.7 s; peak memory 336 MiB.
2026-10-10T09:20:12Z INFO [792/1000] 6eff9c32-51b6-4f35-91bb-13cf8229c4ba: 156 arrays, 193.5 MB stored; 4.3 s; peak memory 336 MiB.
2026-10-10T09:20:12Z INFO [793/1000] 6f00aceb-7bc5-4930-a28c-1e64930f08df: 48 arrays, 83.9 MB stored; 1.7 s; peak memory 336 MiB.
2026-10-10T09:20:14Z INFO [794/1000] 6f021006-1807-4ca3-a498-ed1826aa2882: 116 arrays, 0.4 MB stored; 2.0 s; peak memory 336 MiB.
2026-10-10T09:20:14Z INFO [795/1000] 6eded16d-fe68-42fa-8afc-38b36cd046e2: 241 arrays, 19683.7 MB stored; 125.0 s; peak memory 336 MiB.
2026-10-10T09:20:16Z INFO [796/1000] 6f028b95-7864-43b2-a5d2-b7d67c33474d: 46 arrays, 12.6 MB stored; 1.7 s; peak memory 336 MiB.
2026-10-10T09:20:16Z INFO [797/1000] 6f00bedc-ee43-4087-8d97-cd408c7f5951: 156 arrays, 193.5 MB stored; 4.7 s; peak memory 336 MiB.
2026-10-10T09:20:16Z INFO [798/1000] 6effcf43-38d6-4a5c-8dbc-f01185bee478: 196 arrays, 557.2 MB stored; 7.6 s; peak memory 336 MiB.
2026-10-10T09:20:17Z INFO [799/1000] 6f02a2d3-bf23-47ba-8c6b-c406856402e3: 112 arrays, 0.6 MB stored; 2.2 s; peak memory 336 MiB.
2026-10-10T09:20:18Z INFO [800/1000] 6f03e5bf-a8ab-40c8-a094-9ea05b47d050: 52 arrays, 0.0 MB stored; 1.5 s; peak memory 336 MiB.
2026-10-10T09:20:19Z INFO [800/1000] 6f03e5bf-a8ab-40c8-a094-9ea05b47d050: checkpointed 800 new records.
2026-10-10T09:20:19Z INFO [801/1000] 6f03d90c-d797-4c33-a0ed-6638fe9d6fec: 50 arrays, 2.0 MB stored; 1.8 s; peak memory 392 MiB.
2026-10-10T09:20:19Z INFO [802/1000] 6f02a3c6-cc60-47da-9015-07ae31058740: 110 arrays, 0.4 MB stored; 2.6 s; peak memory 392 MiB.
2026-10-10T09:20:19Z INFO [803/1000] 6f040a9c-9c5c-4513-819f-5964aec4310e: 69 arrays, 44.7 MB stored; 2.0 s; peak memory 392 MiB.
2026-10-10T09:20:19Z INFO [804/1000] 6f019d2c-9d97-4f4b-a23b-e4689923caa6: 629 arrays, 9.4 MB stored; 7.3 s; peak memory 392 MiB.
2026-10-10T09:20:20Z INFO [805/1000] 6f05047b-d184-4499-aca3-42506ca8f67d: 117 arrays, 0.4 MB stored; 2.2 s; peak memory 392 MiB.
2026-10-10T09:20:20Z INFO [806/1000] 6f0585bb-0549-4056-91ee-f882698d697b: 112 arrays, 0.1 MB stored; 1.7 s; peak memory 392 MiB.
2026-10-10T09:20:21Z INFO [807/1000] 6f05f4f1-be1e-490b-9876-3f2833ff19c1: 71 arrays, 0.2 MB stored; 2.0 s; peak memory 392 MiB.
2026-10-10T09:20:22Z INFO [808/1000] 6f073ee3-1959-4edd-8340-adaa1406cc54: 48 arrays, 83.9 MB stored; 1.7 s; peak memory 392 MiB.
2026-10-10T09:20:22Z INFO [809/1000] 6f04930a-f48d-43ac-83e8-c0ddec3d0f80: 156 arrays, 193.5 MB stored; 4.1 s; peak memory 392 MiB.
2026-10-10T09:20:22Z INFO [810/1000] 6f0684b6-9b37-42e5-ae3a-0167658bd6fb: 70 arrays, 115.4 MB stored; 2.9 s; peak memory 392 MiB.
2026-10-10T09:20:24Z INFO [811/1000] 6f07b7b0-0f3b-4926-a1f4-87539b5b8873: 112 arrays, 0.3 MB stored; 2.0 s; peak memory 392 MiB.
2026-10-10T09:20:24Z INFO [812/1000] 6f07dbe4-0186-4918-9797-09b8210a36ef: 46 arrays, 5295.5 MB stored; 2.1 s; peak memory 392 MiB.
2026-10-10T09:20:26Z INFO [813/1000] 6f083972-5d18-4303-a58c-b9d439ffc1d9: 117 arrays, 0.4 MB stored; 2.1 s; peak memory 392 MiB.
2026-10-10T09:20:26Z INFO [814/1000] 6f06c376-d3be-4d26-96ba-cfa0167e8dd4: 229 arrays, 231.1 MB stored; 6.0 s; peak memory 392 MiB.
2026-10-10T09:20:26Z INFO [815/1000] 6f087743-7cad-4367-bcf8-20eb04b346f3: 62 arrays, 2716.2 MB stored; 2.2 s; peak memory 392 MiB.
2026-10-10T09:20:28Z INFO [816/1000] 6f09ea0a-3538-4444-88a9-1dde77dceca3: 48 arrays, 83.9 MB stored; 1.9 s; peak memory 392 MiB.
2026-10-10T09:20:28Z INFO [817/1000] 6f0a3a7d-bbc9-4c72-8caf-8e42a3c70e0f: 48 arrays, 83.9 MB stored; 1.8 s; peak memory 392 MiB.
2026-10-10T09:20:28Z INFO [818/1000] 6f0b19ac-e435-4090-ac1f-d73d99ce3add: 48 arrays, 83.9 MB stored; 1.9 s; peak memory 392 MiB.
2026-10-10T09:20:29Z INFO [819/1000] 6f079713-b2ed-4d4e-9796-b4443a333bf3: 350 arrays, 54.4 MB stored; 8.4 s; peak memory 392 MiB.
2026-10-10T09:20:29Z INFO [820/1000] 6f0b9cab-156d-47c1-89b6-0984c43689f5: 52 arrays, 0.0 MB stored; 1.6 s; peak memory 392 MiB.
2026-10-10T09:20:30Z INFO [821/1000] 6f0bd43e-25ae-4b76-a679-a3287c66a810: 45 arrays, 0.0 MB stored; 1.6 s; peak memory 392 MiB.
2026-10-10T09:20:30Z INFO [822/1000] 6f0d1391-7548-4f5a-9307-57f76f21f936: 33 arrays, 461.7 MB stored; 1.9 s; peak memory 392 MiB.
2026-10-10T09:20:31Z INFO [823/1000] 6f0d44e0-408a-4326-8859-b652471912fb: 118 arrays, 0.3 MB stored; 2.1 s; peak memory 392 MiB.
2026-10-10T09:20:32Z INFO [824/1000] 6f080f96-a5b8-4ac2-a019-666374e606c9: 796 arrays, 19.4 MB stored; 9.7 s; peak memory 392 MiB.
2026-10-10T09:20:32Z INFO [825/1000] 6f0de6b0-e4c6-4437-bc74-80599be1b8d4: 50 arrays, 30.2 MB stored; 2.5 s; peak memory 392 MiB.
2026-10-10T09:20:32Z INFO [826/1000] 6f0e2dfa-4fd1-455f-b872-2b9b1ae82a85: 66 arrays, 62.4 MB stored; 2.5 s; peak memory 392 MiB.
2026-10-10T09:20:32Z INFO [827/1000] 6f0e4a5d-1a23-4816-8af9-47a695804170: 112 arrays, 0.7 MB stored; 2.4 s; peak memory 392 MiB.
2026-10-10T09:20:33Z INFO [828/1000] 6f0e5403-fd11-4848-9e07-c62def9b1c8a: 48 arrays, 83.9 MB stored; 1.8 s; peak memory 392 MiB.
2026-10-10T09:20:34Z INFO [829/1000] 6f108f7a-c87c-4c47-bc17-cd3dd188d41c: 117 arrays, 0.3 MB stored; 2.3 s; peak memory 392 MiB.
2026-10-10T09:20:34Z INFO [830/1000] 6f10eb79-c38f-421b-a3a8-b1e3eddd5c19: 116 arrays, 0.3 MB stored; 2.1 s; peak memory 392 MiB.
2026-10-10T09:20:35Z INFO [831/1000] 6f107a6a-71e4-472a-8ce8-0f8194122db4: 64 arrays, 28.7 MB stored; 2.6 s; peak memory 392 MiB.
2026-10-10T09:20:35Z INFO [832/1000] 6f119f51-0c58-4749-b6b7-8f9972eb9b54: 117 arrays, 0.3 MB stored; 2.0 s; peak memory 392 MiB.
2026-10-10T09:20:37Z INFO [833/1000] 6f1245c0-faf9-49b0-ba19-e573bd4f3c7c: 118 arrays, 0.5 MB stored; 2.2 s; peak memory 392 MiB.
2026-10-10T09:20:37Z INFO [834/1000] 6f12a605-a05b-4cf7-a6d8-86973a5b23a2: 77 arrays, 0.2 MB stored; 2.2 s; peak memory 392 MiB.
2026-10-10T09:20:39Z INFO [835/1000] 6f1331b5-4ff4-4d39-96fb-e66406a7d9d4: 51 arrays, 5097.4 MB stored; 2.1 s; peak memory 392 MiB.
2026-10-10T09:20:41Z INFO [836/1000] 6f141f6a-2709-4d21-b539-aba03d24edeb: 38 arrays, 0.5 MB stored; 1.6 s; peak memory 392 MiB.
2026-10-10T09:20:42Z INFO [837/1000] 6f146437-44ee-4415-84d4-cf53a8684be1: 48 arrays, 83.9 MB stored; 1.9 s; peak memory 392 MiB.
2026-10-10T09:20:43Z INFO [838/1000] 6f104191-56ad-42e9-9a80-8a598ea3c348: 1061 arrays, 23.5 MB stored; 11.3 s; peak memory 392 MiB.
2026-10-10T09:20:43Z INFO [839/1000] 6f12f79f-900c-4c8e-964c-43acc62f4a53: 54 arrays, 618.5 MB stored; 6.8 s; peak memory 392 MiB.
2026-10-10T09:20:45Z INFO [840/1000] 6f1482ab-8a82-40e0-aa60-0d39a85c04ac: 112 arrays, 0.5 MB stored; 2.3 s; peak memory 392 MiB.
2026-10-10T09:20:45Z INFO [841/1000] 6f1587ce-7cae-46fe-b050-b449a157114e: 48 arrays, 83.9 MB stored; 1.8 s; peak memory 392 MiB.
2026-10-10T09:20:48Z INFO [842/1000] 6f11dca1-4264-45b4-b468-fe5049f8c3a9: 930 arrays, 39.1 MB stored; 13.7 s; peak memory 392 MiB.
2026-10-10T09:20:49Z INFO [843/1000] 6f12b53a-1b28-4123-9f38-ac9714a12a37: 44 arrays, 10765.0 MB stored; 13.8 s; peak memory 392 MiB.
2026-10-10T09:20:50Z INFO [844/1000] 6f1615e3-6dae-4bec-9eca-34857e78242b: 65 arrays, 1.6 MB stored; 2.0 s; peak memory 392 MiB.
2026-10-10T09:20:53Z INFO [845/1000] 6f15cb90-2ec1-4e6e-b5d0-a5202291058c: 208 arrays, 58.7 MB stored; 7.8 s; peak memory 392 MiB.
2026-10-10T09:20:55Z INFO [846/1000] 6f178bb0-bb95-4071-8c36-b99bd94d8344: 99 arrays, 0.1 MB stored; 2.2 s; peak memory 392 MiB.
2026-10-10T09:20:57Z INFO [847/1000] 6f17bd65-4c05-40ca-8f0c-0c3a39113795: 57 arrays, 0.0 MB stored; 1.6 s; peak memory 392 MiB.
2026-10-10T09:20:59Z INFO [848/1000] 6f166b62-5885-40f4-bb5a-77769a4e12a2: 842 arrays, 30.4 MB stored; 9.5 s; peak memory 392 MiB.
2026-10-10T09:21:00Z INFO [849/1000] 6f17ed5c-bba0-4f77-ac6e-05339118420b: 119 arrays, 66.5 MB stored; 3.0 s; peak memory 392 MiB.
2026-10-10T09:21:01Z INFO [850/1000] 6f164e63-6aa3-4b42-a81b-ee35e927945c: 807 arrays, 25.7 MB stored; 12.4 s; peak memory 392 MiB.
2026-10-10T09:21:02Z INFO [851/1000] 6f159309-1305-4064-b12a-05430255dee6: 267 arrays, 813.5 MB stored; 17.5 s; peak memory 392 MiB.
2026-10-10T09:21:03Z INFO [852/1000] 6f19543b-dcb8-40f4-b977-ebe3b5fefc76: 152 arrays, 1.0 MB stored; 3.0 s; peak memory 392 MiB.
2026-10-10T09:21:03Z INFO [853/1000] 6f19585b-8af6-470c-be9f-f546f5dac9a3: 46 arrays, 0.0 MB stored; 1.6 s; peak memory 392 MiB.
2026-10-10T09:21:04Z INFO [854/1000] 6f196d25-6c0a-4377-a196-893a5581a270: 118 arrays, 0.3 MB stored; 2.1 s; peak memory 392 MiB.
2026-10-10T09:21:08Z INFO [855/1000] 6f1b38e1-720f-4c7b-b2a7-c803d9365f09: 165 arrays, 13.1 MB stored; 3.7 s; peak memory 392 MiB.
2026-10-10T09:21:10Z INFO [856/1000] 6f1b8f25-8eab-4078-aaeb-bf152cb12978: 116 arrays, 0.2 MB stored; 1.9 s; peak memory 392 MiB.
2026-10-10T09:21:12Z INFO [857/1000] 6f186050-d1e1-4806-8f70-616418b67d8e: 678 arrays, 23.3 MB stored; 12.3 s; peak memory 392 MiB.
2026-10-10T09:21:14Z INFO [858/1000] 6f1c2d34-7a03-4f3c-896a-eed7b6573e44: 117 arrays, 0.2 MB stored; 1.9 s; peak memory 392 MiB.
2026-10-10T09:21:15Z INFO [859/1000] 6f1b0e8f-7891-4066-b451-4004bb2373c5: 1151 arrays, 25.6 MB stored; 12.2 s; peak memory 392 MiB.
2026-10-10T09:21:16Z INFO [860/1000] 6f1c11e7-db0a-4c8d-8116-8e75a173dcc9: 229 arrays, 333.8 MB stored; 5.9 s; peak memory 392 MiB.
2026-10-10T09:21:17Z INFO [861/1000] 6f1c4537-45d9-4649-a3da-1e33108acb2a: 48 arrays, 83.9 MB stored; 1.7 s; peak memory 392 MiB.
2026-10-10T09:21:18Z INFO [862/1000] 6f1c9c75-c580-4886-85b3-4d4dc03d0092: 48 arrays, 83.9 MB stored; 1.7 s; peak memory 392 MiB.
2026-10-10T09:21:21Z INFO [863/1000] 6f1c40a4-9c42-4236-b25c-564fb6a28abf: 489 arrays, 7.3 MB stored; 7.0 s; peak memory 392 MiB.
2026-10-10T09:21:21Z INFO [864/1000] 6f1d1f75-a3c1-48b4-8925-8f233558bed0: 112 arrays, 1.1 MB stored; 2.8 s; peak memory 392 MiB.
2026-10-10T09:21:23Z INFO [865/1000] 6f1d5770-d337-47f1-8a20-98162b22c816: 66 arrays, 102.7 MB stored; 2.4 s; peak memory 392 MiB.
2026-10-10T09:21:24Z INFO [866/1000] 6f1d6fa5-bbe8-4a54-9637-0241976e7f16: 112 arrays, 0.5 MB stored; 2.5 s; peak memory 392 MiB.
2026-10-10T09:21:25Z INFO [867/1000] 6f1dbcf8-f521-4e4b-bca5-0b01a9faa5b3: 39 arrays, 3.3 MB stored; 1.9 s; peak memory 392 MiB.
2026-10-10T09:21:26Z INFO [868/1000] 6f1e8e58-c390-4e25-bc73-818ebedf5643: 112 arrays, 0.5 MB stored; 2.2 s; peak memory 392 MiB.
2026-10-10T09:21:27Z INFO [869/1000] 6f1c7e4c-d379-4637-980d-f15934e6b140: 339 arrays, 48.0 MB stored; 10.8 s; peak memory 392 MiB.
2026-10-10T09:21:27Z INFO [870/1000] 6f1ed2b0-e1df-408b-bcaf-1c83f52745d2: 48 arrays, 83.9 MB stored; 1.8 s; peak memory 392 MiB.
2026-10-10T09:21:29Z INFO [871/1000] 6f204045-a89e-497c-82e5-c71fa23dce53: 117 arrays, 0.3 MB stored; 2.0 s; peak memory 392 MiB.
2026-10-10T09:21:29Z INFO [872/1000] 6f202682-6353-4027-a6a2-a2dcc3330ce5: 71 arrays, 42.0 MB stored; 2.5 s; peak memory 392 MiB.
2026-10-10T09:21:31Z INFO [873/1000] 6f206bb7-ac6d-4b38-be55-9d3d621d3455: 112 arrays, 0.5 MB stored; 2.5 s; peak memory 392 MiB.
2026-10-10T09:21:32Z INFO [874/1000] 6f21025a-8ae7-47d1-bd91-571a48b604fe: 155 arrays, 1.1 MB stored; 3.0 s; peak memory 392 MiB.
2026-10-10T09:21:33Z INFO [875/1000] 6f21e3e3-b13a-4a33-a8a6-a1ffc68d385f: 48 arrays, 83.9 MB stored; 1.6 s; peak memory 392 MiB.
2026-10-10T09:21:34Z INFO [876/1000] 6f2300e0-06da-4a8d-8c46-9720bf481638: 46 arrays, 0.0 MB stored; 1.4 s; peak memory 392 MiB.
2026-10-10T09:21:35Z INFO [877/1000] 6f2301d2-6fc1-4478-89e4-fc3979c14bd8: 48 arrays, 83.9 MB stored; 1.8 s; peak memory 392 MiB.
2026-10-10T09:21:36Z INFO [878/1000] 6f1aa38e-6555-402d-99d5-771171b96a94: 4121 arrays, 116.8 MB stored; 32.8 s; peak memory 392 MiB.
2026-10-10T09:21:37Z INFO [879/1000] 6f2359fd-eb0f-49eb-9542-f0acb1b8d8e9: 69 arrays, 81.8 MB stored; 2.5 s; peak memory 392 MiB.
2026-10-10T09:21:37Z INFO [880/1000] 6f243a12-6886-4ea5-b917-be63fe369468: 48 arrays, 83.9 MB stored; 1.7 s; peak memory 392 MiB.
2026-10-10T09:21:40Z INFO [881/1000] 6f249b49-2b83-4b40-a419-83fd2b30c3c4: 71 arrays, 53.5 MB stored; 2.8 s; peak memory 392 MiB.
2026-10-10T09:21:41Z INFO [882/1000] 6f2551c8-67e9-49c1-918a-039e678fd281: 115 arrays, 190.1 MB stored; 3.5 s; peak memory 392 MiB.
2026-10-10T09:21:42Z INFO [883/1000] 6f256cd6-b357-41ed-a353-a3690e102a17: 38 arrays, 0.5 MB stored; 1.6 s; peak memory 392 MiB.
2026-10-10T09:21:43Z INFO [884/1000] 6f25fae9-0539-458c-a228-380766a44ebf: 112 arrays, 0.5 MB stored; 2.2 s; peak memory 392 MiB.
2026-10-10T09:21:45Z INFO [885/1000] 6f26476f-a290-4c98-9889-4f012dcb3db5: 119 arrays, 66.4 MB stored; 3.0 s; peak memory 392 MiB.
2026-10-10T09:21:46Z INFO [886/1000] 6f265b5a-c048-4a30-b052-aa69e439be90: 99 arrays, 0.1 MB stored; 2.5 s; peak memory 392 MiB.
2026-10-10T09:21:46Z INFO [887/1000] 6f274da6-4d9d-402b-9045-ba2cd969ba99: 48 arrays, 83.9 MB stored; 1.8 s; peak memory 392 MiB.
2026-10-10T09:21:48Z INFO [888/1000] 6f281cc0-02c1-4a22-8bf8-e21720b01c26: 48 arrays, 83.9 MB stored; 1.8 s; peak memory 392 MiB.
2026-10-10T09:21:50Z INFO [889/1000] 6ef9992d-c415-488b-812f-f4ca074a2dec: 55 arrays, 7549.8 MB stored; 119.6 s; peak memory 392 MiB.
2026-10-10T09:21:50Z INFO [890/1000] 6f2855d4-2f07-46de-b194-b23e5dacf825: 110 arrays, 0.7 MB stored; 2.4 s; peak memory 392 MiB.
2026-10-10T09:21:52Z INFO [891/1000] 6f292c6e-28f5-4f77-b698-ab4c7068f6fe: 117 arrays, 0.3 MB stored; 2.0 s; peak memory 392 MiB.
2026-10-10T09:21:54Z INFO [892/1000] 6f293dfe-17c7-4f69-811c-73c567da842b: 48 arrays, 83.9 MB stored; 1.8 s; peak memory 392 MiB.
2026-10-10T09:21:55Z INFO [893/1000] 6f286670-a332-414b-9212-c3fe5414b535: 156 arrays, 193.5 MB stored; 4.4 s; peak memory 392 MiB.
2026-10-10T09:21:57Z INFO [894/1000] 6f29489d-b0ca-4142-90dd-7c02a7f65a57: 64 arrays, 27.0 MB stored; 2.3 s; peak memory 392 MiB.
2026-10-10T09:21:57Z INFO [895/1000] 6f295f38-311a-4846-9c52-e92964023183: 117 arrays, 0.3 MB stored; 2.1 s; peak memory 392 MiB.
2026-10-10T09:21:59Z INFO [896/1000] 6f299903-cf74-45a1-9dc8-37ff1ed1e532: 112 arrays, 0.5 MB stored; 2.1 s; peak memory 392 MiB.
2026-10-10T09:21:59Z INFO [897/1000] 6f29841f-9e91-413e-b9a9-ac9e73c3fe56: 107 arrays, 5.0 MB stored; 3.0 s; peak memory 392 MiB.
2026-10-10T09:22:01Z INFO [898/1000] 6f2ae485-ac3e-4731-82fe-4560a262d199: 53 arrays, 664.1 MB stored; 2.7 s; peak memory 392 MiB.
2026-10-10T09:22:11Z INFO [899/1000] 6f2b6d1e-57e3-47d7-a9f4-4e22e23cd6b1: 1004 arrays, 25.5 MB stored; 11.8 s; peak memory 392 MiB.
2026-10-10T09:22:20Z INFO [900/1000] 6f2b9cd1-cf86-4930-b6b2-f0fa18a3faa8: 765 arrays, 34.5 MB stored; 18.1 s; peak memory 392 MiB.
2026-10-10T09:22:21Z INFO [901/1000] 6f2bab22-2137-4d95-a25b-1b70cc205569: 41 arrays, 301.5 MB stored; 10.1 s; peak memory 392 MiB.
2026-10-10T09:22:22Z INFO [902/1000] 6f2c962f-21ad-4e4a-875e-5cc8456e0edf: 62 arrays, 2618.5 MB stored; 2.2 s; peak memory 392 MiB.
2026-10-10T09:22:23Z INFO [903/1000] 6f2cb813-1fe6-484b-ad42-bba56b6bb66b: 48 arrays, 83.9 MB stored; 1.8 s; peak memory 392 MiB.
2026-10-10T09:22:26Z INFO [904/1000] 6f2ce4b6-e1a3-450e-ab17-616c61192c7a: 66 arrays, 60.5 MB stored; 2.4 s; peak memory 392 MiB.
2026-10-10T09:22:28Z INFO [905/1000] 6f2d410d-1487-472c-a519-b869bd19bb74: 117 arrays, 0.2 MB stored; 1.9 s; peak memory 392 MiB.
2026-10-10T09:22:28Z INFO [906/1000] 6f2cdcd0-2010-4ef3-93dd-13306e6d3000: 503 arrays, 5.7 MB stored; 6.3 s; peak memory 392 MiB.
2026-10-10T09:22:30Z INFO [907/1000] 6f2ec60e-9c48-4485-b186-fcabe4c6b1f8: 78 arrays, 1.2 MB stored; 2.1 s; peak memory 392 MiB.
2026-10-10T09:22:30Z INFO [908/1000] 6f2ec316-55e0-4430-abb8-3031d43a899e: 71 arrays, 5.5 MB stored; 2.7 s; peak memory 392 MiB.
2026-10-10T09:22:32Z INFO [909/1000] 6f2ed948-78b4-424d-94a2-bbd154a90eda: 69 arrays, 31.7 MB stored; 2.2 s; peak memory 392 MiB.
2026-10-10T09:22:34Z INFO [910/1000] 6f2f1608-aeb7-47a7-86e4-4ccbe2adcf3e: 46 arrays, 12.6 MB stored; 1.7 s; peak memory 392 MiB.
2026-10-10T09:22:42Z INFO [911/1000] 6f2f5fca-3c8c-4f67-a101-418e49c0c156: 538 arrays, 7.4 MB stored; 8.1 s; peak memory 392 MiB.
2026-10-10T09:22:44Z INFO [912/1000] 6f2faef8-343f-42ef-b28b-fdfc8d0dbfca: 48 arrays, 83.9 MB stored; 1.7 s; peak memory 392 MiB.
2026-10-10T09:22:45Z INFO [913/1000] 6f2effc6-8c67-445e-8d9b-d3d340de789a: 620 arrays, 22.3 MB stored; 14.4 s; peak memory 392 MiB.
2026-10-10T09:22:45Z INFO [914/1000] 6f2ffd2f-8292-4127-a227-297ada1716f1: 48 arrays, 83.9 MB stored; 1.7 s; peak memory 392 MiB.
2026-10-10T09:22:47Z INFO [915/1000] 6f3134cd-4577-4581-bd10-bee0f7f2d6c6: 118 arrays, 0.8 MB stored; 2.4 s; peak memory 392 MiB.
2026-10-10T09:22:49Z INFO [916/1000] 6f2757ee-e4dd-4258-89bc-60b6ae462a2b: 4723 arrays, 77.4 MB stored; 63.0 s; peak memory 392 MiB.
2026-10-10T09:22:49Z INFO [917/1000] 6f313be1-511e-4128-8869-10697d8ffe6b: 48 arrays, 83.9 MB stored; 1.9 s; peak memory 392 MiB.
2026-10-10T09:22:50Z INFO [918/1000] 6f3137ad-b4dd-4d7f-ac9c-548f4b18568b: 115 arrays, 186.8 MB stored; 4.1 s; peak memory 392 MiB.
2026-10-10T09:22:51Z INFO [919/1000] 6f31853e-3547-4647-8162-09d4e4372f08: 48 arrays, 83.9 MB stored; 1.8 s; peak memory 392 MiB.
2026-10-10T09:22:53Z INFO [920/1000] 6f31b84d-31d4-470a-a9c5-e190fe7fbd45: 115 arrays, 186.8 MB stored; 3.4 s; peak memory 392 MiB.
2026-10-10T09:22:54Z INFO [921/1000] 6f324ab0-6de4-4431-8224-fcc84d8be91b: 115 arrays, 190.1 MB stored; 3.3 s; peak memory 392 MiB.
2026-10-10T09:22:56Z INFO [922/1000] 6f325274-7e0a-47da-b40c-47a4c96fe459: 119 arrays, 66.3 MB stored; 3.0 s; peak memory 392 MiB.
2026-10-10T09:22:56Z INFO [923/1000] 6f325cb4-7eb1-401a-a1bf-f5db0329f0bc: 110 arrays, 0.3 MB stored; 1.9 s; peak memory 392 MiB.
2026-10-10T09:22:58Z INFO [924/1000] 6f32a05f-9396-4b9d-89dc-8c55e00f7611: 275 arrays, 17.1 MB stored; 2.5 s; peak memory 392 MiB.
2026-10-10T09:22:59Z INFO [925/1000] 6f32a37f-76ad-4c0e-b6c3-084ddb27388a: 76 arrays, 91.6 MB stored; 2.7 s; peak memory 392 MiB.
2026-10-10T09:23:01Z INFO [926/1000] 6f32a7d6-9fd2-4101-98b6-bd16bcd3c45a: 69 arrays, 25.4 MB stored; 2.5 s; peak memory 392 MiB.
2026-10-10T09:23:01Z INFO [927/1000] 6f32f0e9-f347-43b9-aa15-109dc4c08209: 110 arrays, 0.6 MB stored; 2.4 s; peak memory 392 MiB.
2026-10-10T09:23:03Z INFO [928/1000] 6f3345b4-2d53-42d4-b9bc-8f904a824f66: 117 arrays, 0.2 MB stored; 1.9 s; peak memory 392 MiB.
2026-10-10T09:23:04Z INFO [929/1000] 6f315f9f-ad5c-460e-a840-046ef918fbbc: 428 arrays, 353.5 MB stored; 15.0 s; peak memory 392 MiB.
2026-10-10T09:23:05Z INFO [930/1000] 6f342063-e9cc-4025-aebe-53d65d65939e: 64 arrays, 0.0 MB stored; 1.8 s; peak memory 392 MiB.
2026-10-10T09:23:05Z INFO [931/1000] 6f346d2f-d96a-4abf-adbf-1bb1b42edd1e: 45 arrays, 0.0 MB stored; 1.5 s; peak memory 392 MiB.
2026-10-10T09:23:07Z INFO [932/1000] 6f3516fb-de82-4a45-8454-5d4985e37db7: 48 arrays, 83.9 MB stored; 1.8 s; peak memory 392 MiB.
2026-10-10T09:23:07Z INFO [933/1000] 6f33003d-2dc8-499c-984e-62fe41ec09f8: 506 arrays, 5.8 MB stored; 6.2 s; peak memory 392 MiB.
2026-10-10T09:23:09Z INFO [934/1000] 6f34d1a0-f2e0-4b57-951c-283f5a5397cd: 156 arrays, 193.4 MB stored; 4.6 s; peak memory 392 MiB.
2026-10-10T09:23:11Z INFO [935/1000] 6f35bc27-ba02-40ad-a0e9-c6ebb3e7df18: 48 arrays, 83.9 MB stored; 1.8 s; peak memory 392 MiB.
2026-10-10T09:23:12Z INFO [936/1000] 6f359d76-3bb7-44bd-8410-f0397aa6c00d: 273 arrays, 1060.3 MB stored; 5.3 s; peak memory 392 MiB.
2026-10-10T09:23:19Z INFO [937/1000] 6f359084-b7df-4158-9b5b-4e6f9909cbb7: 873 arrays, 38.2 MB stored; 11.7 s; peak memory 392 MiB.
2026-10-10T09:23:20Z INFO [938/1000] 6f36f8e1-1ed6-46d1-a1a4-42044bab55c0: 117 arrays, 0.2 MB stored; 1.9 s; peak memory 392 MiB.
2026-10-10T09:23:22Z INFO [939/1000] 6f364026-ff44-4fad-b27f-92934f5868b9: 44 arrays, 5039.1 MB stored; 9.4 s; peak memory 392 MiB.
2026-10-10T09:23:22Z INFO [940/1000] 6f37a5fc-0af8-4280-9f2b-3466176e467f: 112 arrays, 0.2 MB stored; 2.0 s; peak memory 392 MiB.
2026-10-10T09:23:24Z INFO [941/1000] 6f380417-02b6-4581-b4e6-6b5ff5da2ace: 48 arrays, 83.9 MB stored; 1.7 s; peak memory 392 MiB.
2026-10-10T09:23:24Z INFO [942/1000] 6f387745-b955-44e0-a9eb-92fce226cc01: 48 arrays, 83.9 MB stored; 1.8 s; peak memory 392 MiB.
2026-10-10T09:23:25Z INFO [943/1000] 6f3899bf-9024-499b-974c-a06a9a43366e: 48 arrays, 83.9 MB stored; 1.8 s; peak memory 392 MiB.
2026-10-10T09:23:27Z INFO [944/1000] 6f3968ca-7cf3-4794-9622-2413858289cc: 117 arrays, 0.3 MB stored; 1.9 s; peak memory 392 MiB.
2026-10-10T09:23:28Z INFO [945/1000] 6f35fbff-44b7-43d6-83ac-457974499d92: 755 arrays, 21.3 MB stored; 16.5 s; peak memory 392 MiB.
2026-10-10T09:23:29Z INFO [946/1000] 6f3a9b68-7f87-420a-a9ce-e3128aa51ffe: 48 arrays, 83.9 MB stored; 1.7 s; peak memory 392 MiB.
2026-10-10T09:23:31Z INFO [947/1000] 6f3b23c7-758b-4267-b592-9ddefd1f9f97: 51 arrays, 6125.2 MB stored; 2.2 s; peak memory 392 MiB.
2026-10-10T09:23:33Z INFO [948/1000] 6f38c9ea-01ab-4dfe-9fda-510d29ed973f: 537 arrays, 8.2 MB stored; 8.3 s; peak memory 392 MiB.
2026-10-10T09:23:35Z INFO [949/1000] 6f3b4396-b871-4d0c-818a-890650e2fa9f: 101 arrays, 44820.4 MB stored; 3.3 s; peak memory 392 MiB.
2026-10-10T09:23:36Z INFO [950/1000] 6f3acb6c-781f-47e6-ac6f-46c5f1eef70f: 538 arrays, 8.4 MB stored; 8.4 s; peak memory 392 MiB.
2026-10-10T09:23:37Z INFO [951/1000] 6f3bb939-6dd6-4807-b892-7a7416ee0ec6: 71 arrays, 108.1 MB stored; 2.6 s; peak memory 392 MiB.
2026-10-10T09:23:37Z INFO [952/1000] 6f2346cb-39fb-45f8-9c1a-3cc1bbc0ca3c: 246 arrays, 20703.3 MB stored; 123.9 s; peak memory 392 MiB.
2026-10-10T09:23:38Z INFO [953/1000] 6f3bf578-1d2d-4146-8788-15b14952cd78: 70 arrays, 13.0 MB stored; 2.1 s; peak memory 392 MiB.
2026-10-10T09:23:39Z INFO [954/1000] 6f3c04dd-3478-4d32-9cb1-9327edf0988c: 46 arrays, 12.6 MB stored; 1.8 s; peak memory 392 MiB.
2026-10-10T09:23:39Z INFO [955/1000] 6f3c8ced-eb32-443d-b243-4c372bfd303e: 48 arrays, 83.9 MB stored; 1.7 s; peak memory 392 MiB.
2026-10-10T09:23:40Z INFO [956/1000] 6f3cbe3f-bc98-48a1-9a9c-bf7e1ac22758: 48 arrays, 83.9 MB stored; 1.7 s; peak memory 392 MiB.
2026-10-10T09:23:41Z INFO [957/1000] 6f3d5907-a6ec-41f5-b451-170c9aee1ea8: 41 arrays, 8.4 MB stored; 1.6 s; peak memory 392 MiB.
2026-10-10T09:23:42Z INFO [958/1000] 6f3d6729-45a6-4250-9767-5561874b6020: 47 arrays, 1.3 MB stored; 1.6 s; peak memory 392 MiB.
2026-10-10T09:23:43Z INFO [959/1000] 6f3d9bff-a1e4-4a2c-b8fb-30ab190580be: 48 arrays, 83.9 MB stored; 1.7 s; peak memory 392 MiB.
2026-10-10T09:23:43Z INFO [960/1000] 6f3d023d-9a45-4e41-90dd-a51a2964c9a8: 86 arrays, 6199.7 MB stored; 4.4 s; peak memory 392 MiB.
2026-10-10T09:23:44Z INFO [961/1000] 6f3f5b60-3537-4172-a6e9-abdc04f54021: 49 arrays, 24.3 MB stored; 2.2 s; peak memory 392 MiB.
2026-10-10T09:23:45Z INFO [962/1000] 6f3f8b74-7ac4-4b06-a6b8-4c68b1192209: 66 arrays, 55.3 MB stored; 2.2 s; peak memory 392 MiB.
2026-10-10T09:23:45Z INFO [963/1000] 6f3fc7f2-55a9-4791-8874-dbfb2ff64c02: 112 arrays, 0.4 MB stored; 2.0 s; peak memory 392 MiB.
2026-10-10T09:23:45Z INFO [964/1000] 6f3fdf6f-da31-4fc1-8058-0815b51be3db: 48 arrays, 83.9 MB stored; 1.7 s; peak memory 392 MiB.
2026-10-10T09:23:47Z INFO [965/1000] 6f3ff95d-7227-4b95-b10a-fc3ecaf50eb0: 118 arrays, 0.3 MB stored; 2.2 s; peak memory 392 MiB.
2026-10-10T09:23:47Z INFO [966/1000] 6f416a49-5f3b-49a8-93db-7b71db6de41c: 48 arrays, 83.9 MB stored; 1.8 s; peak memory 392 MiB.
2026-10-10T09:23:49Z INFO [967/1000] 6f4339ed-97b9-4cc5-9d4a-c052f330a279: 112 arrays, 0.2 MB stored; 2.0 s; peak memory 392 MiB.
2026-10-10T09:23:50Z INFO [968/1000] 6f1f0cc1-9e35-47a6-812c-7ca93a164e80: 241 arrays, 22274.4 MB stored; 143.6 s; peak memory 392 MiB.
2026-10-10T09:23:51Z INFO [969/1000] 6f4344f5-61b7-4217-9073-2dadcd8b50bf: 48 arrays, 0.0 MB stored; 1.4 s; peak memory 392 MiB.
2026-10-10T09:23:51Z INFO [970/1000] 6f4225c6-2515-401c-99e2-3678beb877bb: 156 arrays, 193.4 MB stored; 4.4 s; peak memory 392 MiB.
2026-10-10T09:23:53Z INFO [971/1000] 6f441f47-f086-4d0c-aff1-99bb385a6551: 112 arrays, 0.4 MB stored; 2.2 s; peak memory 392 MiB.
2026-10-10T09:23:53Z INFO [972/1000] 6f443dec-1ff9-49a8-a772-c92413164c89: 48 arrays, 83.9 MB stored; 1.8 s; peak memory 392 MiB.
2026-10-10T09:23:55Z INFO [973/1000] 6f451162-d7da-416c-a0bc-a7f18808e561: 52 arrays, 0.0 MB stored; 1.5 s; peak memory 392 MiB.
2026-10-10T09:23:56Z INFO [974/1000] 6f4557b1-2b90-4194-9149-26044154d5ce: 48 arrays, 83.9 MB stored; 1.7 s; peak memory 392 MiB.
2026-10-10T09:23:58Z INFO [975/1000] 6f45cf98-1be1-4bb9-bf07-fdd2d1f17702: 48 arrays, 83.9 MB stored; 1.8 s; peak memory 392 MiB.
2026-10-10T09:23:59Z INFO [976/1000] 6f44ab8d-daef-498f-b0ce-018574b7dfac: 225 arrays, 264.5 MB stored; 6.7 s; peak memory 392 MiB.
2026-10-10T09:24:00Z INFO [977/1000] 6f45d592-6001-433e-b255-f2afcaa896c8: 45 arrays, 610.2 MB stored; 2.1 s; peak memory 392 MiB.
2026-10-10T09:24:02Z INFO [978/1000] 6f45e2e5-d56e-48d6-ae4d-8f6d137ff3d4: 84 arrays, 1.4 MB stored; 1.8 s; peak memory 392 MiB.
2026-10-10T09:24:03Z INFO [979/1000] 6f45dbe4-41aa-4747-b127-1bba586c2f2d: 93 arrays, 1199.2 MB stored; 3.4 s; peak memory 392 MiB.
2026-10-10T09:24:05Z INFO [980/1000] 6f46222f-9d2c-4d57-9a7d-67be4f455bed: 117 arrays, 0.3 MB stored; 2.1 s; peak memory 392 MiB.
2026-10-10T09:24:07Z INFO [981/1000] 6f463dc9-768c-45cd-b40a-070b9f011474: 117 arrays, 0.4 MB stored; 2.1 s; peak memory 392 MiB.
2026-10-10T09:24:10Z INFO [982/1000] 6f46aae2-4fbd-4be3-b3c7-dd2a798e5c75: 71 arrays, 148.3 MB stored; 3.1 s; peak memory 392 MiB.
2026-10-10T09:24:12Z INFO [983/1000] 6f47cbf7-62a2-4a4b-8604-1b5ad5a9c513: 48 arrays, 83.9 MB stored; 1.7 s; peak memory 392 MiB.
2026-10-10T09:24:13Z INFO [984/1000] 6f41a548-a5a6-4e2a-af37-1d199ebb2b64: 48 arrays, 39909.6 MB stored; 27.1 s; peak memory 392 MiB.
2026-10-10T09:24:14Z INFO [985/1000] 6f486754-d2a6-4a06-929b-1503a9ff462c: 48 arrays, 83.9 MB stored; 1.8 s; peak memory 392 MiB.
2026-10-10T09:24:15Z INFO [986/1000] 6f486987-477e-4e94-9311-0b58834b4703: 112 arrays, 0.8 MB stored; 2.3 s; peak memory 392 MiB.
2026-10-10T09:24:15Z INFO [987/1000] 6f4884e5-3c5e-4a2b-a3e9-e586e661a35f: 48 arrays, 83.9 MB stored; 1.7 s; peak memory 392 MiB.
2026-10-10T09:24:17Z INFO [988/1000] 6f496391-7c8f-426b-b723-88c5ff4ff135: 48 arrays, 83.9 MB stored; 1.7 s; peak memory 392 MiB.
2026-10-10T09:24:20Z INFO [989/1000] 6f4a3032-a999-499f-8a66-b0abe50232b6: 115 arrays, 186.8 MB stored; 3.3 s; peak memory 392 MiB.
2026-10-10T09:24:22Z INFO [990/1000] 6f490c2f-158e-4d23-967a-b00e6b7eb415: 229 arrays, 256.3 MB stored; 7.1 s; peak memory 392 MiB.
2026-10-10T09:24:23Z INFO [991/1000] 6f4af435-0cc2-41c5-99bf-f5cfc8825255: 49 arrays, 5.7 MB stored; 2.5 s; peak memory 392 MiB.
2026-10-10T09:24:23Z INFO [992/1000] 6f461a7e-2089-4c3e-bb5f-668373fe33ac: 799 arrays, 1171.7 MB stored; 21.0 s; peak memory 392 MiB.
2026-10-10T09:24:23Z INFO [993/1000] 6f4b7cac-9b7c-4328-866c-b558a7f21c73: 46 arrays, 0.0 MB stored; 1.4 s; peak memory 392 MiB.
2026-10-10T09:24:25Z INFO [994/1000] 6f4bac6d-c320-40f1-b1e9-2ad32f398983: 62 arrays, 4823.7 MB stored; 2.1 s; peak memory 392 MiB.
2026-10-10T09:24:26Z INFO [995/1000] 6f4bbccd-eef0-41ff-932a-a99aa07fd6d4: 51 arrays, 695.5 MB stored; 3.1 s; peak memory 392 MiB.
2026-10-10T09:24:40Z INFO [996/1000] 6f14f78c-9758-46d9-b97f-89559106904c: 283 arrays, 39428.0 MB stored; 237.3 s; peak memory 392 MiB.
2026-10-10T09:25:14Z INFO [997/1000] 6ec2282c-9b16-4695-9c18-4715a48959de: 99 arrays, 1016.6 MB stored; 495.6 s; peak memory 392 MiB.
2026-10-10T09:25:52Z INFO [998/1000] 6f3ba2b2-6cfb-4899-861d-cd06e4cc4553: 167 arrays, 21172.0 MB stored; 139.8 s; peak memory 392 MiB.
2026-10-10T09:27:49Z INFO [999/1000] 6f43d0d0-91ea-48e6-ab61-8f724b8db0fb: 453 arrays, 43303.7 MB stored; 239.2 s; peak memory 392 MiB.
2026-10-10T09:33:34Z WARNING 6e74665a-d4cf-4bd9-af02-64bb316079bb: failed while reading the NWB file (TimeoutError: exceeded 1200 s)
2026-10-10T09:33:34Z WARNING [1000/1000] 6e74665a-d4cf-4bd9-af02-64bb316079bb: recorded the failure; a later run retries it.
2026-10-10T09:33:35Z INFO [1000/1000] 6e74665a-d4cf-4bd9-af02-64bb316079bb: checkpointed 1000 new records.
2026-10-10T09:33:35Z INFO Wrote 74200 records to /tmp/derivatives/valid_nwb_file_to_array_sizes.jsonl (999 new, 1 failed) in 23.9 min (peak memory 488 MiB).
