2026-10-08T17:59:28Z INFO Logging to /tmp/logs/update_2026-10-08T17-59-28Z.log.
2026-10-08T17:59:28Z INFO Update valid-nwb-file-to-array-sizes (base directory /tmp).
2026-10-08T17:59:38Z INFO Processing 1000 items (7200 already recorded).
2026-10-08T17:59:40Z INFO [1/1000] 0ae0a8df-e985-4456-9787-bb7ce09d8e74: 56 arrays, 0.0 MB stored; 2.0 s; peak memory 1965 MiB.
2026-10-08T17:59:40Z INFO [2/1000] 0ae0c7e8-213c-4006-8e66-3614196fa5d6: 46 arrays, 12.6 MB stored; 2.1 s; peak memory 1965 MiB.
2026-10-08T17:59:40Z INFO [3/1000] 0ae01a12-0c5c-41c7-acd7-4608f547cf83: 84 arrays, 2.6 MB stored; 2.3 s; peak memory 1965 MiB.
2026-10-08T17:59:40Z INFO [4/1000] 0ae096b7-9f01-4d4d-b729-bcd07f1d85cb: 116 arrays, 0.3 MB stored; 2.3 s; peak memory 1965 MiB.
2026-10-08T17:59:40Z INFO [5/1000] 0ae023b8-f05b-4859-b777-2a0759c7379e: 110 arrays, 0.6 MB stored; 2.5 s; peak memory 1965 MiB.
2026-10-08T17:59:41Z INFO [6/1000] 0adfb6a4-4237-40e7-9f7e-dbf843d30882: 155 arrays, 1.2 MB stored; 2.8 s; peak memory 1965 MiB.
2026-10-08T17:59:42Z INFO [7/1000] 0ae27e52-16b6-4249-bfdd-9cf38e50ec88: 54 arrays, 0.0 MB stored; 1.4 s; peak memory 1965 MiB.
2026-10-08T17:59:42Z INFO [8/1000] 0ae24d80-93fd-4cc4-b7d8-1c1d26b2af6a: 117 arrays, 0.4 MB stored; 1.9 s; peak memory 1965 MiB.
2026-10-08T17:59:42Z INFO [9/1000] 0ae2efce-8294-43bb-9355-09c7e41d3ee4: 48 arrays, 83.9 MB stored; 1.4 s; peak memory 1965 MiB.
2026-10-08T17:59:42Z INFO [10/1000] 0ae0f84d-5a55-486c-acf2-0196631faa55: 112 arrays, 0.8 MB stored; 2.2 s; peak memory 1966 MiB.
2026-10-08T17:59:43Z INFO [11/1000] 0ae020ac-d6cc-4da4-9da4-bb543b6d60e2: 579 arrays, 7.0 MB stored; 5.4 s; peak memory 1966 MiB.
2026-10-08T17:59:44Z INFO [12/1000] 0ae40980-a2ab-42f5-9ad2-e526eaa78095: 112 arrays, 0.5 MB stored; 1.9 s; peak memory 1967 MiB.
2026-10-08T17:59:44Z INFO [13/1000] 0ae1d19c-2c4b-445e-9111-9e72df1e0eef: 38 arrays, 119.0 MB stored; 4.5 s; peak memory 1967 MiB.
2026-10-08T17:59:46Z INFO [14/1000] 0ae59d51-2eb4-482b-9065-29f5b59c8d27: 54 arrays, 0.0 MB stored; 1.1 s; peak memory 1967 MiB.
2026-10-08T17:59:46Z INFO [15/1000] 0ae58af9-8e81-4f3a-8612-f0ed5f9c467c: 119 arrays, 51.4 MB stored; 2.2 s; peak memory 1967 MiB.
2026-10-08T17:59:47Z INFO [16/1000] 0ae31c37-4b7a-44f1-886d-b3beb6758d25: 538 arrays, 8.6 MB stored; 5.2 s; peak memory 1968 MiB.
2026-10-08T17:59:47Z INFO [17/1000] 0ae5607d-a4b6-4083-9dd2-bf7ce972cc02: 476 arrays, 4.7 MB stored; 4.0 s; peak memory 1968 MiB.
2026-10-08T17:59:47Z INFO [18/1000] 0ae64889-c1db-41af-8636-2aad19ddd2d1: 48 arrays, 83.9 MB stored; 1.4 s; peak memory 1968 MiB.
2026-10-08T17:59:48Z INFO [19/1000] 0ae4285b-008c-4beb-85ac-dd1a62a46a2c: 562 arrays, 18.6 MB stored; 5.8 s; peak memory 1969 MiB.
2026-10-08T17:59:48Z INFO [20/1000] 0ae54c2e-ab54-41dc-a8e7-c555dd395485: 804 arrays, 21.8 MB stored; 6.4 s; peak memory 1970 MiB.
2026-10-08T17:59:49Z INFO [21/1000] 0ae83163-1b99-4f5f-b4af-7f86099fb7a5: 117 arrays, 0.5 MB stored; 1.5 s; peak memory 1970 MiB.
2026-10-08T17:59:49Z INFO [22/1000] 0ae83d8e-be2c-461b-99d5-39ee1a06c656: 46 arrays, 5608.6 MB stored; 1.9 s; peak memory 1970 MiB.
2026-10-08T17:59:50Z INFO [23/1000] 0ae5f14b-bc21-43c7-a9c7-04792523bd5f: 190 arrays, 1310.8 MB stored; 4.4 s; peak memory 1971 MiB.
2026-10-08T17:59:51Z INFO [24/1000] 0ae9955b-7da8-417d-acf0-c975f101f853: 48 arrays, 83.9 MB stored; 1.3 s; peak memory 1971 MiB.
2026-10-08T17:59:51Z INFO [25/1000] 0ae99744-bf03-4abb-8fbf-e04ac4725f5d: 112 arrays, 0.2 MB stored; 1.3 s; peak memory 1971 MiB.
2026-10-08T17:59:52Z INFO [26/1000] 0ae96714-3b8c-43ae-8841-c0f9a90ce29e: 38 arrays, 114.5 MB stored; 3.8 s; peak memory 1971 MiB.
2026-10-08T17:59:53Z INFO [27/1000] 0aea168d-24cf-4be9-a349-23cf00097519: 116 arrays, 0.2 MB stored; 1.3 s; peak memory 1971 MiB.
2026-10-08T17:59:54Z INFO [28/1000] 0ae9468a-9336-43e1-94e5-86d4ce058e53: 266 arrays, 1065.2 MB stored; 6.0 s; peak memory 1971 MiB.
2026-10-08T17:59:54Z INFO [29/1000] 0ae75867-1439-4e15-bcb2-94b833cfdd9a: 947 arrays, 21.6 MB stored; 7.2 s; peak memory 1972 MiB.
2026-10-08T17:59:54Z INFO [30/1000] 0aeaab18-94a5-4c72-849b-f9533cd55791: 69 arrays, 52.0 MB stored; 1.9 s; peak memory 1972 MiB.
2026-10-08T17:59:54Z INFO [31/1000] 0ae0f203-582c-4987-be74-cd5e76d9fd84: 50 arrays, 604.1 MB stored; 14.7 s; peak memory 1972 MiB.
2026-10-08T17:59:55Z INFO [32/1000] 0aeb8b39-fa6d-4485-965c-dec5873be3a2: 117 arrays, 0.2 MB stored; 1.4 s; peak memory 1973 MiB.
2026-10-08T17:59:56Z INFO [33/1000] 0aeba884-4b31-4a8e-a50e-23ac8244c71f: 84 arrays, 0.9 MB stored; 1.6 s; peak memory 1973 MiB.
2026-10-08T17:59:56Z INFO [34/1000] 0aebc481-3481-4158-9713-d0478f788db9: 46 arrays, 12.6 MB stored; 1.5 s; peak memory 1973 MiB.
2026-10-08T17:59:56Z INFO [35/1000] 0ae9c90d-b7a8-4c79-b199-0225998b6b9b: 200 arrays, 208.9 MB stored; 5.6 s; peak memory 1973 MiB.
2026-10-08T17:59:56Z INFO [36/1000] 0aec4c15-f759-4c52-97ef-a876b46ba47c: 117 arrays, 0.2 MB stored; 1.9 s; peak memory 1973 MiB.
2026-10-08T17:59:57Z INFO [37/1000] 0aeb71a3-215c-4084-a82f-cfa6d48a7249: 518 arrays, 7.2 MB stored; 4.6 s; peak memory 1974 MiB.
2026-10-08T17:59:57Z INFO [38/1000] 0aec7cf3-3eeb-4b73-88fb-5204119b77d6: 112 arrays, 0.4 MB stored; 1.7 s; peak memory 1974 MiB.
2026-10-08T17:59:58Z INFO [39/1000] 0aee389b-022b-4238-9c9d-ac661e5a2b48: 35 arrays, 0.0 MB stored; 1.3 s; peak memory 1974 MiB.
2026-10-08T17:59:58Z INFO [40/1000] 0aedcfba-19a8-477f-9924-ae5357db66b1: 118 arrays, 0.5 MB stored; 1.7 s; peak memory 1974 MiB.
2026-10-08T17:59:58Z INFO [41/1000] 0aec7c80-a251-42a6-919a-3f152b202f6c: 90 arrays, 121.1 MB stored; 3.0 s; peak memory 1974 MiB.
2026-10-08T17:59:59Z INFO [42/1000] 0aee742f-ec22-40a1-be15-2f711a1b664d: 290 arrays, 0.6 MB stored; 1.7 s; peak memory 1974 MiB.
2026-10-08T17:59:59Z INFO [43/1000] 0af035c3-d58d-4117-bdd1-7c51521f9991: 78 arrays, 0.3 MB stored; 1.6 s; peak memory 1975 MiB.
2026-10-08T18:00:00Z INFO [44/1000] 0af11717-1a98-4b56-aaf1-e770247b9073: 48 arrays, 83.9 MB stored; 1.4 s; peak memory 1975 MiB.
2026-10-08T18:00:00Z INFO [45/1000] 0ae954ec-78d5-4886-9a76-307509c187b3: 11484 arrays, 335.0 MB stored; 11.5 s; peak memory 1989 MiB.
2026-10-08T18:00:00Z INFO [46/1000] 0af00a77-3cd5-4c33-8517-e32405940f12: 38 arrays, 33.6 MB stored; 2.4 s; peak memory 1989 MiB.
2026-10-08T18:00:00Z INFO [47/1000] 0af135dd-5a20-4f51-af33-0ec43a0253cb: 58 arrays, 0.0 MB stored; 1.2 s; peak memory 1989 MiB.
2026-10-08T18:00:01Z INFO [48/1000] 0af13e5e-0748-42f2-9768-58bb3893e870: 112 arrays, 0.1 MB stored; 1.5 s; peak memory 1989 MiB.
2026-10-08T18:00:01Z INFO [49/1000] 0af1aa2c-e747-4b04-9237-9110e08264b6: 112 arrays, 0.6 MB stored; 1.8 s; peak memory 1990 MiB.
2026-10-08T18:00:01Z INFO [50/1000] 0af26694-d94f-44ab-b5fd-e41724cd8ab1: 117 arrays, 0.3 MB stored; 1.6 s; peak memory 1990 MiB.
2026-10-08T18:00:02Z INFO [51/1000] 0af2c281-9535-4471-b906-d57767cae990: 49 arrays, 1.0 MB stored; 1.7 s; peak memory 1990 MiB.
2026-10-08T18:00:02Z INFO [52/1000] 0af2cda4-16dd-4211-bcd6-c69f3f89814a: 48 arrays, 83.9 MB stored; 1.4 s; peak memory 1990 MiB.
2026-10-08T18:00:02Z INFO [53/1000] 0af309f7-b810-42c3-9650-208ee1885ecf: 64 arrays, 0.0 MB stored; 1.4 s; peak memory 1990 MiB.
2026-10-08T18:00:03Z INFO [54/1000] 0aec8adf-c6dd-4d01-9afc-2a936b71c485: 1080 arrays, 37.3 MB stored; 7.0 s; peak memory 1991 MiB.
2026-10-08T18:00:03Z INFO [55/1000] 0af4ce07-75fa-45e6-84d1-2b4cca635112: 48 arrays, 346.8 MB stored; 1.7 s; peak memory 1991 MiB.
2026-10-08T18:00:03Z INFO [56/1000] 0af4e904-1b2b-4896-bbfb-95fc720f4283: 52 arrays, 18.1 MB stored; 1.7 s; peak memory 1991 MiB.
2026-10-08T18:00:04Z INFO [57/1000] 0af55bb4-40d0-4d36-be06-b5e99ae4c7a5: 117 arrays, 0.4 MB stored; 1.6 s; peak memory 1992 MiB.
2026-10-08T18:00:04Z INFO [58/1000] 0af58bb2-b6e6-44ea-a207-a70e0307182c: 48 arrays, 83.9 MB stored; 1.3 s; peak memory 1992 MiB.
2026-10-08T18:00:05Z INFO [59/1000] 0af63ca3-cbaf-4e64-9e8a-e566e1f52af2: 45 arrays, 0.0 MB stored; 1.1 s; peak memory 1992 MiB.
2026-10-08T18:00:05Z INFO [60/1000] 0af60d5e-bc72-480e-8985-59b01bf86878: 112 arrays, 0.5 MB stored; 1.5 s; peak memory 1992 MiB.
2026-10-08T18:00:05Z INFO [61/1000] 0af64420-65bd-4898-97e4-91396e6872f9: 116 arrays, 9.7 MB stored; 1.4 s; peak memory 1992 MiB.
2026-10-08T18:00:06Z INFO [62/1000] 0af50129-a301-4004-8c8e-ecc8b9d6a5dc: 692 arrays, 8.4 MB stored; 4.7 s; peak memory 1993 MiB.
2026-10-08T18:00:07Z INFO [63/1000] 0af7224c-4d51-4da0-84f1-682718f15808: 71 arrays, 2.4 MB stored; 1.8 s; peak memory 1993 MiB.
2026-10-08T18:00:07Z INFO [64/1000] 0af319d5-7d5f-480c-ac63-2f0a1ea10d22: 366 arrays, 17.1 MB stored; 5.7 s; peak memory 1993 MiB.
2026-10-08T18:00:08Z INFO [65/1000] 0af80dc1-43bb-43f8-b984-901ab8b889ca: 114 arrays, 186.8 MB stored; 2.3 s; peak memory 1993 MiB.
2026-10-08T18:00:08Z INFO [66/1000] 0af9be46-d309-4a11-9d4e-1648d4421136: 77 arrays, 0.2 MB stored; 1.2 s; peak memory 1993 MiB.
2026-10-08T18:00:08Z INFO [67/1000] 0af0fd73-0628-421b-b3b1-ff0703182021: 106 arrays, 14765.0 MB stored; 10.6 s; peak memory 1993 MiB.
2026-10-08T18:00:09Z INFO [68/1000] 0af88af9-c2d8-4e59-bdc5-9594d31dab7e: 119 arrays, 51.3 MB stored; 2.0 s; peak memory 1993 MiB.
2026-10-08T18:00:09Z INFO [69/1000] 0afa78e9-4b08-4a75-b8b3-1ef04e372b49: 46 arrays, 0.0 MB stored; 1.0 s; peak memory 1993 MiB.
2026-10-08T18:00:09Z INFO [70/1000] 0af8169b-e55b-4275-93b3-d9b032e74ff9: 152 arrays, 739.6 MB stored; 3.0 s; peak memory 1994 MiB.
2026-10-08T18:00:10Z INFO [71/1000] 0afbde31-a55d-4ea3-880a-40a8288b94b3: 48 arrays, 83.9 MB stored; 1.3 s; peak memory 1994 MiB.
2026-10-08T18:00:10Z INFO [72/1000] 0afb8ec1-79fd-43fc-8d2a-ec86cb0d5d18: 48 arrays, 83.9 MB stored; 1.6 s; peak memory 1994 MiB.
2026-10-08T18:00:10Z INFO [73/1000] 0afba705-3c1c-4d09-89b3-3554ebb03417: 48 arrays, 83.9 MB stored; 1.7 s; peak memory 1994 MiB.
2026-10-08T18:00:10Z INFO [74/1000] 0afc0cf5-ed8a-45dc-b0fb-27e0daac8a9f: 112 arrays, 0.8 MB stored; 1.6 s; peak memory 1994 MiB.
2026-10-08T18:00:11Z INFO [75/1000] 0afca395-e5b3-4532-9d71-36dc4ea08944: 112 arrays, 0.2 MB stored; 1.4 s; peak memory 1994 MiB.
2026-10-08T18:00:11Z INFO [76/1000] 0afe69c8-6d7a-4d45-bac6-4b5687ca31cb: 48 arrays, 83.9 MB stored; 1.4 s; peak memory 1994 MiB.
2026-10-08T18:00:12Z INFO [77/1000] 0aff5907-0fa8-418f-840d-666de7f305fb: 118 arrays, 0.3 MB stored; 1.4 s; peak memory 1994 MiB.
2026-10-08T18:00:12Z INFO [78/1000] 0af5eca0-17ea-4005-8f4d-af0f5b65099d: 429 arrays, 13604.9 MB stored; 9.0 s; peak memory 1994 MiB.
2026-10-08T18:00:13Z INFO [79/1000] 0aff64f9-e99e-407b-a950-8bfc2170051d: 48 arrays, 83.9 MB stored; 1.2 s; peak memory 1994 MiB.
2026-10-08T18:00:13Z INFO [80/1000] 0affa9da-1cfe-4427-9432-fad6439f47ee: 112 arrays, 0.2 MB stored; 1.4 s; peak memory 1995 MiB.
2026-10-08T18:00:14Z INFO [81/1000] 0b001349-d3d3-4461-aef2-8639a82b172c: 48 arrays, 83.9 MB stored; 1.2 s; peak memory 1995 MiB.
2026-10-08T18:00:14Z INFO [82/1000] 0afee90f-aab3-4097-9b30-365e17f0d917: 229 arrays, 245.4 MB stored; 4.0 s; peak memory 1995 MiB.
2026-10-08T18:00:15Z INFO [83/1000] 0afdbe72-443b-4e70-8f87-73427c361154: 538 arrays, 8.7 MB stored; 5.0 s; peak memory 1995 MiB.
2026-10-08T18:00:15Z INFO [84/1000] 0b0083a8-1f85-411a-8e4d-343ed4e04a94: 117 arrays, 0.3 MB stored; 1.5 s; peak memory 1996 MiB.
2026-10-08T18:00:15Z INFO [85/1000] 0b00d551-c38a-4bc2-a8e1-1b26bab88d9b: 117 arrays, 0.3 MB stored; 1.5 s; peak memory 1996 MiB.
2026-10-08T18:00:16Z INFO [86/1000] 0ae0e802-4c6e-4919-a87e-59e0c8bb99b1: 48 arrays, 53205.3 MB stored; 38.1 s; peak memory 1996 MiB.
2026-10-08T18:00:16Z INFO [87/1000] 0aff987f-2fae-4f80-aeeb-b6449911f09d: 485 arrays, 5.8 MB stored; 4.3 s; peak memory 1996 MiB.
2026-10-08T18:00:17Z INFO [88/1000] 0b01fe88-0867-462a-8f73-7ab9cfac037a: 48 arrays, 83.9 MB stored; 1.3 s; peak memory 1996 MiB.
2026-10-08T18:00:17Z INFO [89/1000] 0b027a03-fd2d-47fc-b554-5ed6fb9c9fd3: 153 arrays, 0.5 MB stored; 1.5 s; peak memory 1997 MiB.
2026-10-08T18:00:18Z INFO [90/1000] 0b0281e9-2fe8-4672-ab83-83c02d6dd017: 84 arrays, 2.5 MB stored; 1.5 s; peak memory 1997 MiB.
2026-10-08T18:00:18Z INFO [91/1000] 0b010bab-a0ed-428f-93b1-d705b459eaff: 99 arrays, 629.5 MB stored; 3.5 s; peak memory 1997 MiB.
2026-10-08T18:00:19Z INFO [92/1000] 0b047b9e-d595-424d-a365-37e6f8b8bf9b: 48 arrays, 83.9 MB stored; 1.3 s; peak memory 1997 MiB.
2026-10-08T18:00:20Z INFO [93/1000] 0b055783-7a6d-4959-b34b-8fa9a2bfcd05: 115 arrays, 190.1 MB stored; 2.4 s; peak memory 1997 MiB.
2026-10-08T18:00:21Z INFO [94/1000] 0b05746d-7e90-473f-9416-f61da4eefba0: 74 arrays, 3.5 MB stored; 1.4 s; peak memory 1997 MiB.
2026-10-08T18:00:21Z INFO [95/1000] 0afd213f-3936-471d-88f7-d71a3775938b: 1348 arrays, 46.9 MB stored; 11.5 s; peak memory 1999 MiB.
2026-10-08T18:00:22Z INFO [96/1000] 0b013191-fa07-4324-aed1-f3b597f8ee94: 339 arrays, 48.0 MB stored; 6.7 s; peak memory 1999 MiB.
2026-10-08T18:00:22Z INFO [97/1000] 0b05c217-cbdc-41cc-bd30-7372c7160fc1: 117 arrays, 0.3 MB stored; 1.4 s; peak memory 1999 MiB.
2026-10-08T18:00:22Z INFO [98/1000] 0b0164ee-dd7e-4530-b06d-d0b9f2ff1430: 919 arrays, 14.5 MB stored; 7.2 s; peak memory 2000 MiB.
2026-10-08T18:00:22Z INFO [99/1000] 0b02d10f-85bc-4047-a354-58fdfa676d8d: 787 arrays, 21.2 MB stored; 5.7 s; peak memory 2001 MiB.
2026-10-08T18:00:23Z INFO [100/1000] 0b070d34-b3ce-41b2-afe0-1f7234119de0: 117 arrays, 0.3 MB stored; 1.5 s; peak memory 2002 MiB.
2026-10-08T18:00:23Z INFO [101/1000] 0b07c672-0c3b-42ba-a8f3-ddbc014ce2d4: 45 arrays, 0.0 MB stored; 1.1 s; peak memory 2002 MiB.
2026-10-08T18:00:24Z INFO [102/1000] 0b0753c4-bb57-4fce-92c8-014eb2d33ecd: 48 arrays, 83.9 MB stored; 1.5 s; peak memory 2002 MiB.
2026-10-08T18:00:24Z INFO [103/1000] 0b0743c0-01e9-4af8-aa21-ff9a521a2102: 70 arrays, 72.3 MB stored; 2.0 s; peak memory 2002 MiB.
2026-10-08T18:00:24Z INFO [104/1000] 0b0330b2-e100-4860-9ec0-b1d884d325ff: 196 arrays, 660.3 MB stored; 6.7 s; peak memory 2002 MiB.
2026-10-08T18:00:25Z INFO [105/1000] 0b07e371-56d1-45ea-b9df-bdfcf56f77e2: 112 arrays, 0.9 MB stored; 1.7 s; peak memory 2002 MiB.
2026-10-08T18:00:25Z INFO [106/1000] 0b0a1f81-b472-4ae5-aab5-c31502429a51: 117 arrays, 0.3 MB stored; 1.5 s; peak memory 2002 MiB.
2026-10-08T18:00:25Z INFO [107/1000] 0b0b7537-2b71-483b-922e-26a4d80aa959: 48 arrays, 83.9 MB stored; 1.4 s; peak memory 2002 MiB.
2026-10-08T18:00:26Z INFO [108/1000] 0b066692-0a42-4c77-bb1a-dd3a53c6a505: 223 arrays, 369.0 MB stored; 5.5 s; peak memory 2002 MiB.
2026-10-08T18:00:26Z INFO [109/1000] 0b0bd7b2-3fa6-4d32-a5eb-8495395da999: 51 arrays, 4596.4 MB stored; 1.6 s; peak memory 2002 MiB.
2026-10-08T18:00:26Z INFO [110/1000] 0b0bd9a1-6f50-4c90-907c-306fd9187661: 101 arrays, 0.1 MB stored; 1.2 s; peak memory 2003 MiB.
2026-10-08T18:00:27Z INFO [111/1000] 0b06e5d8-812b-45bd-8969-50dc710eaac0: 704 arrays, 11.8 MB stored; 5.4 s; peak memory 2003 MiB.
2026-10-08T18:00:28Z INFO [112/1000] 0b0c9b8f-0b5a-4f78-a850-a55d64335c0a: 52 arrays, 9.4 MB stored; 1.4 s; peak memory 2003 MiB.
2026-10-08T18:00:28Z INFO [113/1000] 0b0c6671-c22e-4613-8cd7-c75f600eceb0: 118 arrays, 0.2 MB stored; 1.6 s; peak memory 2003 MiB.
2026-10-08T18:00:28Z INFO [114/1000] 0b0ca92b-dfc9-420c-b29e-ecf1ae5ecad8: 48 arrays, 83.9 MB stored; 1.3 s; peak memory 2003 MiB.
2026-10-08T18:00:28Z INFO [115/1000] 0b0bfb2d-d9ae-4c63-b543-12132208dff9: 66 arrays, 54.7 MB stored; 2.2 s; peak memory 2004 MiB.
2026-10-08T18:00:29Z INFO [116/1000] 0b083a8c-83f3-42af-b706-e8cf61b5ccbe: 229 arrays, 270.8 MB stored; 5.1 s; peak memory 2004 MiB.
2026-10-08T18:00:29Z INFO [117/1000] 0b0d2cc5-42e9-4826-8202-9913dc61933d: 48 arrays, 83.9 MB stored; 1.6 s; peak memory 2004 MiB.
2026-10-08T18:00:29Z INFO [118/1000] 0b0e9969-b4f0-40d9-a583-166e1d96f5e5: 51 arrays, 0.0 MB stored; 1.2 s; peak memory 2004 MiB.
2026-10-08T18:00:30Z INFO [119/1000] 0b0dc8fe-6e5b-4933-8da2-ef3de24f6d83: 117 arrays, 0.4 MB stored; 1.7 s; peak memory 2004 MiB.
2026-10-08T18:00:30Z INFO [120/1000] 0b0dd946-873a-451c-ae8a-7184d4b911d7: 84 arrays, 0.6 MB stored; 1.6 s; peak memory 2004 MiB.
2026-10-08T18:00:30Z INFO [121/1000] 0af6d3ad-77f7-4fe5-9038-90b85c6dddab: 48 arrays, 46695.5 MB stored; 25.4 s; peak memory 2004 MiB.
2026-10-08T18:00:30Z INFO [122/1000] 0b0edf71-57f7-4725-856d-722f65502c7a: 111 arrays, 0.7 MB stored; 1.8 s; peak memory 2004 MiB.
2026-10-08T18:00:31Z INFO [123/1000] 0b104cd6-59f6-4c44-96d7-e3e768e1aeb4: 117 arrays, 0.6 MB stored; 1.7 s; peak memory 2004 MiB.
2026-10-08T18:00:32Z INFO [124/1000] 0b10be63-1369-45b4-bcb4-264e2e04a06f: 39 arrays, 13.1 MB stored; 1.5 s; peak memory 2004 MiB.
2026-10-08T18:00:32Z INFO [125/1000] 0b111e3f-8262-4c16-ae03-22db6f76a2c8: 48 arrays, 83.9 MB stored; 1.2 s; peak memory 2004 MiB.
2026-10-08T18:00:32Z INFO [126/1000] 0b0f4166-271e-414b-be4e-db992084061c: 168 arrays, 3.2 MB stored; 2.4 s; peak memory 2004 MiB.
2026-10-08T18:00:33Z INFO [127/1000] 0b108be4-36a3-4958-bb10-b53232fbc0e8: 90 arrays, 124.3 MB stored; 3.3 s; peak memory 2005 MiB.
2026-10-08T18:00:33Z INFO [128/1000] 0b11a8f7-490e-4f1d-b967-6b4de9b12585: 48 arrays, 83.9 MB stored; 1.4 s; peak memory 2005 MiB.
2026-10-08T18:00:34Z INFO [129/1000] 0b12375f-9b5f-4c6c-b06c-5c68df38f91d: 110 arrays, 1.0 MB stored; 1.7 s; peak memory 2005 MiB.
2026-10-08T18:00:34Z INFO [130/1000] 0b11cf19-6b8a-4885-864c-3831252faeeb: 117 arrays, 5.7 MB stored; 2.3 s; peak memory 2005 MiB.
2026-10-08T18:00:35Z INFO [131/1000] 0b132fe0-e035-4bc3-8ee8-97922da91591: 113 arrays, 0.6 MB stored; 1.5 s; peak memory 2005 MiB.
2026-10-08T18:00:35Z INFO [132/1000] 0b130a84-f9ef-4fa7-b7f8-1316775f8797: 76 arrays, 79.6 MB stored; 1.8 s; peak memory 2005 MiB.
2026-10-08T18:00:35Z INFO [133/1000] 0b13b022-ba1f-4d3b-ad99-dc7c00bc83c6: 116 arrays, 0.3 MB stored; 1.3 s; peak memory 2005 MiB.
2026-10-08T18:00:36Z INFO [134/1000] 0b11297d-fad3-4394-9830-fb738400580e: 229 arrays, 241.7 MB stored; 4.2 s; peak memory 2005 MiB.
2026-10-08T18:00:36Z INFO [135/1000] 0b140c93-49c9-4815-ad98-a47e04df9969: 118 arrays, 0.5 MB stored; 1.3 s; peak memory 2006 MiB.
2026-10-08T18:00:37Z INFO [136/1000] 0b0ff717-3368-4c0f-99fd-b50851ba39a5: 1388 arrays, 19.3 MB stored; 7.9 s; peak memory 2007 MiB.
2026-10-08T18:00:38Z INFO [137/1000] 0b145ea2-9ef2-491e-8a4d-5d6c9174f5dd: 85 arrays, 6.6 MB stored; 2.0 s; peak memory 2008 MiB.
2026-10-08T18:00:39Z INFO [138/1000] 0b14a359-d461-4b79-a076-04fda88e2892: 118 arrays, 0.4 MB stored; 1.5 s; peak memory 2008 MiB.
2026-10-08T18:00:40Z INFO [139/1000] 0b153acc-e280-4929-9436-20d76beff624: 68 arrays, 0.1 MB stored; 1.4 s; peak memory 2008 MiB.
2026-10-08T18:00:40Z INFO [140/1000] 0b140668-8aef-47bd-984a-57d5dc37fec1: 173 arrays, 37.0 MB stored; 5.4 s; peak memory 2008 MiB.
2026-10-08T18:00:41Z INFO [141/1000] 0b168f2a-3ba4-4292-99d2-e4ea750ee6bb: 116 arrays, 0.5 MB stored; 1.5 s; peak memory 2008 MiB.
2026-10-08T18:00:42Z INFO [142/1000] 0b170191-8357-4511-bb30-96428a1f3717: 48 arrays, 83.9 MB stored; 1.3 s; peak memory 2008 MiB.
2026-10-08T18:00:42Z INFO [143/1000] 0b144ccd-9078-4bae-abb8-c58784bffaca: 842 arrays, 14.3 MB stored; 6.4 s; peak memory 2009 MiB.
2026-10-08T18:00:43Z INFO [144/1000] 0b172d3d-af7e-4abc-b1dc-fafbd871bd8b: 76 arrays, 0.1 MB stored; 1.3 s; peak memory 2009 MiB.
2026-10-08T18:00:43Z INFO [145/1000] 0b174252-f288-4eeb-9084-b4c5eb4041c5: 48 arrays, 83.9 MB stored; 1.2 s; peak memory 2009 MiB.
2026-10-08T18:00:44Z INFO [146/1000] 0b1751d9-c838-45e0-bcd7-00b485df86cb: 117 arrays, 0.3 MB stored; 1.3 s; peak memory 2009 MiB.
2026-10-08T18:00:44Z INFO [147/1000] 0b13fd06-a888-45d3-ab8d-c462c6d4078f: 1220 arrays, 29.3 MB stored; 9.9 s; peak memory 2011 MiB.
2026-10-08T18:00:44Z INFO [148/1000] 0b17afba-f7f2-4770-bd7e-7b94479f309f: 116 arrays, 0.3 MB stored; 1.3 s; peak memory 2011 MiB.
2026-10-08T18:00:48Z INFO [149/1000] 0b17d3eb-7c09-4746-8039-460fd8899511: 538 arrays, 8.3 MB stored; 4.3 s; peak memory 2012 MiB.
2026-10-08T18:00:49Z INFO [150/1000] 0b1915eb-ea6c-4bc7-8110-b235ad1ac4c3: 669 arrays, 6.4 MB stored; 4.2 s; peak memory 2012 MiB.
2026-10-08T18:00:49Z INFO [151/1000] 0b195e2a-f0a1-4078-b28c-4f38c40081a1: 48 arrays, 83.9 MB stored; 1.2 s; peak memory 2013 MiB.
2026-10-08T18:00:50Z INFO [152/1000] 0b19f873-f537-4388-87bf-ee8622c0e4b5: 66 arrays, 97.7 MB stored; 1.6 s; peak memory 2013 MiB.
2026-10-08T18:00:51Z INFO [153/1000] 0b1918db-80bd-4295-ae37-1b07e7f952e2: 1053 arrays, 22.7 MB stored; 6.9 s; peak memory 2014 MiB.
2026-10-08T18:00:52Z INFO [154/1000] 0b1a66b8-0bd0-4d95-b240-21c6d3d6500c: 116 arrays, 0.5 MB stored; 1.4 s; peak memory 2014 MiB.
2026-10-08T18:00:52Z INFO [155/1000] 0b0be866-eb10-4f8d-8c99-a0c13964dfc7: 48 arrays, 38927.7 MB stored; 26.6 s; peak memory 2014 MiB.
2026-10-08T18:00:52Z INFO [156/1000] 0b1a420d-17c3-410d-aba1-89fd9d46f36a: 90 arrays, 189.7 MB stored; 2.8 s; peak memory 2014 MiB.
2026-10-08T18:00:53Z INFO [157/1000] 0b1b8f06-b25e-4206-b69e-11f241e40fca: 42 arrays, 50.4 MB stored; 1.5 s; peak memory 2014 MiB.
2026-10-08T18:00:53Z INFO [158/1000] 0b1c7a3e-c620-4da0-b93f-1202afa9251d: 84 arrays, 0.6 MB stored; 1.6 s; peak memory 2014 MiB.
2026-10-08T18:00:53Z INFO [159/1000] 0b1caea8-ffb5-4062-816f-307577a45c63: 48 arrays, 83.9 MB stored; 1.3 s; peak memory 2014 MiB.
2026-10-08T18:00:54Z INFO [160/1000] 0b1cdb2c-37e5-406b-aa02-c15fb46d3721: 48 arrays, 83.9 MB stored; 1.3 s; peak memory 2014 MiB.
2026-10-08T18:00:54Z INFO [161/1000] 0b1d18ed-dd9a-4ef3-9944-dfe7b4fa77aa: 48 arrays, 83.9 MB stored; 1.3 s; peak memory 2014 MiB.
2026-10-08T18:00:55Z INFO [162/1000] 0b1d98f8-70d5-436c-8a66-aa64ad11ee1d: 46 arrays, 0.0 MB stored; 1.2 s; peak memory 2014 MiB.
2026-10-08T18:00:55Z INFO [163/1000] 0b1f5481-f006-400d-9671-8594365359b8: 33 arrays, 0.0 MB stored; 1.0 s; peak memory 2014 MiB.
2026-10-08T18:00:56Z INFO [164/1000] 0b207236-a71f-4baf-b90e-d4c31160d487: 110 arrays, 0.3 MB stored; 1.4 s; peak memory 2014 MiB.
2026-10-08T18:00:56Z INFO [165/1000] 0b20bc75-27be-46b6-bf35-3f4b37f35f31: 69 arrays, 2.4 MB stored; 1.8 s; peak memory 2014 MiB.
2026-10-08T18:00:57Z INFO [166/1000] 0b13567f-e19a-4f7a-879b-ef79a1a4e435: 48 arrays, 50030.2 MB stored; 23.0 s; peak memory 2014 MiB.
2026-10-08T18:00:57Z INFO [167/1000] 0b1d9622-7cd1-4ad0-ac68-c080c27b14e5: 168 arrays, 40.6 MB stored; 4.1 s; peak memory 2015 MiB.
2026-10-08T18:00:58Z INFO [168/1000] 0b21c438-12d7-43f8-8222-5c9ca072db27: 118 arrays, 0.4 MB stored; 1.5 s; peak memory 2015 MiB.
2026-10-08T18:00:59Z INFO [169/1000] 0b1737ed-bdd4-48d0-b0df-5daf258a171b: 914 arrays, 281.4 MB stored; 17.2 s; peak memory 2016 MiB.
2026-10-08T18:00:59Z INFO [170/1000] 0b240139-7927-4c15-9841-602f3634a00a: 72 arrays, 0.6 MB stored; 1.2 s; peak memory 2016 MiB.
2026-10-08T18:01:00Z INFO [171/1000] 0b1fff1c-d192-4be1-b10b-6d4a4eb1dfd6: 366 arrays, 16.3 MB stored; 5.4 s; peak memory 2016 MiB.
2026-10-08T18:01:01Z INFO [172/1000] 0b2574bf-156c-4870-b981-86d84ebe7262: 116 arrays, 0.5 MB stored; 1.6 s; peak memory 2016 MiB.
2026-10-08T18:01:01Z INFO [173/1000] 0b265b49-9272-4c2a-bf06-6b88a064b48b: 117 arrays, 0.3 MB stored; 1.4 s; peak memory 2016 MiB.
2026-10-08T18:01:03Z INFO [174/1000] 0b26edd8-7f95-4ec6-ad75-f09e34ebb64e: 119 arrays, 66.3 MB stored; 2.2 s; peak memory 2016 MiB.
2026-10-08T18:01:04Z INFO [175/1000] 0b21341a-ee4b-4668-9851-1ee13ab53209: 766 arrays, 28.2 MB stored; 7.9 s; peak memory 2017 MiB.
2026-10-08T18:01:04Z INFO [176/1000] 0b26f143-8105-442f-9fc1-03d7a8b69f7e: 516 arrays, 4.6 MB stored; 3.5 s; peak memory 2018 MiB.
2026-10-08T18:01:05Z INFO [177/1000] 0b246b1b-4a37-4707-9099-07d82980c9dc: 1511 arrays, 13.2 MB stored; 6.3 s; peak memory 2020 MiB.
2026-10-08T18:01:05Z INFO [178/1000] 0b279b5c-3981-460b-98e2-c024ee1b2586: 48 arrays, 83.9 MB stored; 1.3 s; peak memory 2020 MiB.
2026-10-08T18:01:06Z INFO [179/1000] 0b285942-4f2b-4a79-bcc7-fd65d7f3d690: 48 arrays, 83.9 MB stored; 1.4 s; peak memory 2020 MiB.
2026-10-08T18:01:07Z INFO [180/1000] 0b153bdd-926e-41ee-b193-9621feefcea2: 48 arrays, 41951.3 MB stored; 27.7 s; peak memory 2020 MiB.
2026-10-08T18:01:07Z INFO [181/1000] 0b2899b5-d78f-48f3-a59a-d3fdf691f966: 62 arrays, 4775.0 MB stored; 1.7 s; peak memory 2020 MiB.
2026-10-08T18:01:08Z INFO [182/1000] 0b2a9b1b-5c69-49b0-9f8b-3e14857f0944: 48 arrays, 83.9 MB stored; 1.3 s; peak memory 2020 MiB.
2026-10-08T18:01:08Z INFO [183/1000] 0b2925d2-3d1e-473d-894b-f0eeb84dd8b0: 72 arrays, 70.4 MB stored; 1.6 s; peak memory 2020 MiB.
2026-10-08T18:01:08Z INFO [184/1000] 0b27de9b-c376-4285-9717-7ad213eae955: 38 arrays, 118.7 MB stored; 4.0 s; peak memory 2020 MiB.
2026-10-08T18:01:09Z INFO [185/1000] 0b2d54bf-e045-4215-a8e8-1e0043e25139: 117 arrays, 0.3 MB stored; 1.4 s; peak memory 2021 MiB.
2026-10-08T18:01:10Z INFO [186/1000] 0b2dcc8a-138e-400d-84c3-14fb7bbe5ee5: 108 arrays, 0.8 MB stored; 1.5 s; peak memory 2021 MiB.
2026-10-08T18:01:10Z INFO [187/1000] 0b22a1f3-d4cc-4e1a-ae28-9f2a54233e84: 49 arrays, 11617.0 MB stored; 13.8 s; peak memory 2021 MiB.
2026-10-08T18:01:11Z INFO [188/1000] 0b2dd134-8cc5-4dc9-af5a-ff04b8fe32a8: 38 arrays, 0.5 MB stored; 1.2 s; peak memory 2021 MiB.
2026-10-08T18:01:11Z INFO [189/1000] 0b2e2421-5df3-49f3-ad03-350004f315d5: 48 arrays, 83.9 MB stored; 1.3 s; peak memory 2021 MiB.
2026-10-08T18:01:11Z INFO [190/1000] 0b087c80-3bdd-4ee1-9642-648998233856: 52 arrays, 2408.3 MB stored; 47.8 s; peak memory 2021 MiB.
2026-10-08T18:01:12Z INFO [191/1000] 0b2ec5e6-5363-4127-afb3-f0f18ce02497: 48 arrays, 83.9 MB stored; 1.3 s; peak memory 2021 MiB.
2026-10-08T18:01:13Z INFO [192/1000] 0b2ffa75-c9a1-4bcc-a36c-675ed84cf1f7: 289 arrays, 17.2 MB stored; 1.6 s; peak memory 2021 MiB.
2026-10-08T18:01:13Z INFO [193/1000] 0b2ff777-693a-4bb2-bd0f-7c9f7705debf: 71 arrays, 69.8 MB stored; 2.1 s; peak memory 2021 MiB.
2026-10-08T18:01:15Z INFO [194/1000] 0b30c4fa-adde-4fd1-991b-162a9c212d96: 116 arrays, 9.8 MB stored; 1.6 s; peak memory 2021 MiB.
2026-10-08T18:01:15Z INFO [195/1000] 0b309d70-80bd-4c15-8822-ac18c5d3eca2: 154 arrays, 361.3 MB stored; 3.0 s; peak memory 2021 MiB.
2026-10-08T18:01:15Z INFO [196/1000] 0b319768-de9f-4656-90fd-d28c56cfd7c0: 110 arrays, 0.4 MB stored; 1.5 s; peak memory 2021 MiB.
2026-10-08T18:01:15Z INFO [197/1000] 0b2c62de-4220-4af7-8507-d724a4389560: 208 arrays, 453.1 MB stored; 7.3 s; peak memory 2022 MiB.
2026-10-08T18:01:16Z INFO [198/1000] 0b323e98-bacb-419b-b23a-a4677b0da91d: 38 arrays, 0.5 MB stored; 1.3 s; peak memory 2022 MiB.
2026-10-08T18:01:16Z INFO [199/1000] 0b32a99b-65d8-4454-a49d-32e7243f158d: 48 arrays, 83.9 MB stored; 1.3 s; peak memory 2022 MiB.
2026-10-08T18:01:17Z INFO [200/1000] 0b32e366-4d8c-4116-be6c-81e7208b3f36: 102 arrays, 14.0 MB stored; 1.8 s; peak memory 2022 MiB.
2026-10-08T18:01:22Z INFO [200/1000] 0b32e366-4d8c-4116-be6c-81e7208b3f36: checkpointed 7400 new records.
2026-10-08T18:01:22Z INFO [201/1000] 0b2b0855-5c0c-429b-a196-902d5b101722: 643 arrays, 24.0 MB stored; 10.3 s; peak memory 2039 MiB.
2026-10-08T18:01:22Z INFO [202/1000] 0b2f37af-7433-4c45-9c1a-e3e8c356183e: 343 arrays, 48.0 MB stored; 6.8 s; peak memory 2039 MiB.
2026-10-08T18:01:22Z INFO [203/1000] 0b32ee4e-ef1c-419c-b83d-111091ce99dc: 38 arrays, 36.3 MB stored; 2.3 s; peak memory 2039 MiB.
2026-10-08T18:01:22Z INFO [204/1000] 0b332bc1-b791-45ec-9631-f7ca05530231: 48 arrays, 83.9 MB stored; 1.4 s; peak memory 2039 MiB.
2026-10-08T18:01:22Z INFO [205/1000] 0b330488-08cd-47c5-bcd3-9cf466ac0d1a: 119 arrays, 66.4 MB stored; 2.2 s; peak memory 2039 MiB.
2026-10-08T18:01:22Z INFO [206/1000] 0b33619d-020b-4094-b647-112caa8ab693: 48 arrays, 83.9 MB stored; 1.6 s; peak memory 2039 MiB.
2026-10-08T18:01:22Z INFO [207/1000] 0b336393-ee2a-41b3-b363-fd1d6efe0c5d: 116 arrays, 0.3 MB stored; 1.7 s; peak memory 2039 MiB.
2026-10-08T18:01:22Z INFO [208/1000] 0b338f75-e1f8-444f-bd23-b8d8518cf2ec: 112 arrays, 0.5 MB stored; 2.0 s; peak memory 2039 MiB.
2026-10-08T18:01:22Z INFO [209/1000] 0b3479de-87b0-496d-a535-3e9af2393a43: 38 arrays, 0.5 MB stored; 1.4 s; peak memory 2039 MiB.
2026-10-08T18:01:22Z INFO [210/1000] 0b34a5e8-4786-4e5c-8fb9-fc0fa220ced2: 64 arrays, 3.3 MB stored; 1.7 s; peak memory 2039 MiB.
2026-10-08T18:01:22Z INFO [211/1000] 0b34c2a6-c2f5-436e-bedd-08ff1cfff808: 48 arrays, 83.9 MB stored; 1.4 s; peak memory 2039 MiB.
2026-10-08T18:01:22Z INFO [212/1000] 0b359c34-a945-483e-a518-44f3e5255e7f: 117 arrays, 0.4 MB stored; 1.5 s; peak memory 2039 MiB.
2026-10-08T18:01:22Z INFO [213/1000] 0b3547b2-1a38-4488-a736-59bd0cbe2897: 112 arrays, 0.8 MB stored; 1.8 s; peak memory 2039 MiB.
2026-10-08T18:01:22Z INFO [214/1000] 0b3608b7-b509-4f69-84e8-8e60f5184c42: 48 arrays, 83.9 MB stored; 1.3 s; peak memory 2039 MiB.
2026-10-08T18:01:23Z INFO [215/1000] 0b36f13d-9ddc-42e3-ab7f-d5b148dfa5cd: 113 arrays, 0.6 MB stored; 1.6 s; peak memory 2039 MiB.
2026-10-08T18:01:23Z INFO [216/1000] 0b36e557-52b7-47bf-afb7-6fc469993e55: 138 arrays, 4.8 MB stored; 2.4 s; peak memory 2039 MiB.
2026-10-08T18:01:23Z INFO [217/1000] 0b38a889-596d-483d-8558-e3bd1b40e94d: 48 arrays, 83.9 MB stored; 1.3 s; peak memory 2039 MiB.
2026-10-08T18:01:24Z INFO [218/1000] 0b232410-1344-4abf-a6fb-5419c74c7843: 48 arrays, 38640.7 MB stored; 26.4 s; peak memory 2039 MiB.
2026-10-08T18:01:24Z INFO [219/1000] 0b38bbf3-5cda-4491-b512-0e7a6491db07: 118 arrays, 0.2 MB stored; 1.4 s; peak memory 2039 MiB.
2026-10-08T18:01:24Z INFO [220/1000] 0b39222d-8556-4f68-aa49-363144913a60: 48 arrays, 83.9 MB stored; 1.4 s; peak memory 2039 MiB.
2026-10-08T18:01:25Z INFO [221/1000] 0b3928b9-fcaf-4785-b1a7-b05d5f0dd12a: 85 arrays, 5.2 MB stored; 2.0 s; peak memory 2039 MiB.
2026-10-08T18:01:25Z INFO [222/1000] 0b39b14c-add7-4ad6-ae87-242a0d56547a: 76 arrays, 2.7 MB stored; 1.6 s; peak memory 2039 MiB.
2026-10-08T18:01:26Z INFO [223/1000] 0b39f342-a2a4-477c-807a-9659ef3b03ee: 64 arrays, 42.1 MB stored; 1.7 s; peak memory 2039 MiB.
2026-10-08T18:01:26Z INFO [224/1000] 0b3b86fd-3a30-44fb-9b07-6d365bbcfe20: 56 arrays, 0.0 MB stored; 1.1 s; peak memory 2039 MiB.
2026-10-08T18:01:26Z INFO [225/1000] 0b3bc228-7f7c-48a0-a727-91179733bdbe: 48 arrays, 83.9 MB stored; 1.2 s; peak memory 2039 MiB.
2026-10-08T18:01:27Z INFO [226/1000] 0b3a64b2-8589-4307-8493-336707bdfe21: 156 arrays, 193.5 MB stored; 2.8 s; peak memory 2039 MiB.
2026-10-08T18:01:28Z INFO [227/1000] 0b3d8149-7e69-4fb2-91d3-8d2afe09b719: 117 arrays, 0.4 MB stored; 1.4 s; peak memory 2039 MiB.
2026-10-08T18:01:28Z INFO [228/1000] 0b3da296-e1cf-40ba-aac2-7a2fecec7df6: 48 arrays, 83.9 MB stored; 1.5 s; peak memory 2039 MiB.
2026-10-08T18:01:28Z INFO [229/1000] 0b3e1ba3-ce6a-4d5b-9e4d-8b614bf0ca78: 33 arrays, 0.0 MB stored; 1.1 s; peak memory 2039 MiB.
2026-10-08T18:01:29Z INFO [230/1000] 0b3e9de9-773a-4fae-bcc7-8e55a1ef6582: 79 arrays, 0.8 MB stored; 1.4 s; peak memory 2039 MiB.
2026-10-08T18:01:30Z INFO [231/1000] 0b3f3640-d3db-4b1d-ad75-649fac331b6f: 117 arrays, 0.2 MB stored; 1.3 s; peak memory 2039 MiB.
2026-10-08T18:01:31Z INFO [232/1000] 0b3e9eb4-6f39-4b6e-a97a-adb499c47239: 104 arrays, 2254.4 MB stored; 3.3 s; peak memory 2039 MiB.
2026-10-08T18:01:31Z INFO [233/1000] 0b40287e-8e0d-49ff-b7d1-a5c09ff1bdc3: 48 arrays, 83.9 MB stored; 1.3 s; peak memory 2039 MiB.
2026-10-08T18:01:32Z INFO [234/1000] 0b3f2c8c-2f2a-44c4-bc84-3ce52b8a84c0: 229 arrays, 240.0 MB stored; 4.2 s; peak memory 2039 MiB.
2026-10-08T18:01:32Z INFO [235/1000] 0b42baaa-1d2c-459a-a61e-49d22b93c63e: 46 arrays, 0.0 MB stored; 1.0 s; peak memory 2039 MiB.
2026-10-08T18:01:33Z INFO [236/1000] 0b41a66b-0fdd-4753-805b-243da76d87ff: 112 arrays, 0.6 MB stored; 1.6 s; peak memory 2039 MiB.
2026-10-08T18:01:33Z INFO [237/1000] 0b42e9b8-abdf-4b88-bebe-0f22e89d450c: 56 arrays, 0.0 MB stored; 1.1 s; peak memory 2039 MiB.
2026-10-08T18:01:34Z INFO [238/1000] 0b42ff3e-aacb-4197-a8ae-45c3dba49192: 56 arrays, 0.0 MB stored; 1.2 s; peak memory 2039 MiB.
2026-10-08T18:01:34Z INFO [239/1000] 0b3c9831-4a16-457a-a260-9d11ad6313b5: 833 arrays, 20.6 MB stored; 8.4 s; peak memory 2039 MiB.
2026-10-08T18:01:34Z INFO [240/1000] 0b43bc0a-e7a0-406f-b17c-3803396cd68f: 116 arrays, 9.7 MB stored; 1.3 s; peak memory 2039 MiB.
2026-10-08T18:01:34Z INFO [241/1000] 0b380c64-939d-4092-8f4e-a2310ae85ab5: 106 arrays, 19083.4 MB stored; 12.9 s; peak memory 2039 MiB.
2026-10-08T18:01:35Z INFO [242/1000] 0b44c302-629e-413f-b1d3-c642e104ffd3: 38 arrays, 0.5 MB stored; 1.2 s; peak memory 2039 MiB.
2026-10-08T18:01:35Z INFO [243/1000] 0b450111-d416-4ce8-88ee-483ed81b43fe: 48 arrays, 83.9 MB stored; 1.3 s; peak memory 2039 MiB.
2026-10-08T18:01:36Z INFO [244/1000] 0b456c21-bd29-49ab-b6c1-a4bb6805dee1: 48 arrays, 83.9 MB stored; 1.5 s; peak memory 2039 MiB.
2026-10-08T18:01:36Z INFO [245/1000] 0b4589b4-3f47-4822-a0c3-67e56875c74a: 48 arrays, 83.9 MB stored; 1.4 s; peak memory 2039 MiB.
2026-10-08T18:01:36Z INFO [246/1000] 0b45608f-d656-4be1-b28f-3fc06d2acbc4: 66 arrays, 137.9 MB stored; 2.3 s; peak memory 2039 MiB.
2026-10-08T18:01:37Z INFO [247/1000] 0b46245f-b35b-4dc8-93cd-1a0c6e25bf9d: 118 arrays, 0.3 MB stored; 1.4 s; peak memory 2039 MiB.
2026-10-08T18:01:37Z INFO [248/1000] 0b468400-5d4d-4faf-bc1a-58af167326af: 66 arrays, 96.3 MB stored; 1.6 s; peak memory 2039 MiB.
2026-10-08T18:01:39Z INFO [249/1000] 0b479f50-474c-4d5c-bb9e-5860859b1610: 66 arrays, 88.3 MB stored; 1.8 s; peak memory 2039 MiB.
2026-10-08T18:01:40Z INFO [250/1000] 0b474daa-970e-431c-b95b-3612fc0eab32: 41 arrays, 473.5 MB stored; 2.8 s; peak memory 2039 MiB.
2026-10-08T18:01:40Z INFO [251/1000] 0b44fdc7-f631-4ebc-99ab-3db90dcd5d98: 827 arrays, 21.8 MB stored; 6.0 s; peak memory 2039 MiB.
2026-10-08T18:01:41Z INFO [252/1000] 0b47f65a-62f1-4a31-9c18-80395815e9d8: 118 arrays, 0.5 MB stored; 1.5 s; peak memory 2039 MiB.
2026-10-08T18:01:41Z INFO [253/1000] 0b49e2e6-6290-45a2-b164-5c64c17d40ee: 48 arrays, 83.9 MB stored; 1.4 s; peak memory 2039 MiB.
2026-10-08T18:01:41Z INFO [254/1000] 0b496803-b74c-4608-b214-ef123745ad2a: 113 arrays, 0.7 MB stored; 1.6 s; peak memory 2039 MiB.
2026-10-08T18:01:42Z INFO [255/1000] 0b4694c3-4c5b-4074-814c-a8564af1adb9: 725 arrays, 19.7 MB stored; 5.6 s; peak memory 2039 MiB.
2026-10-08T18:01:42Z INFO [256/1000] 0b4a0a1c-5263-422b-ab26-692ba7b5690b: 48 arrays, 83.9 MB stored; 1.3 s; peak memory 2039 MiB.
2026-10-08T18:01:42Z INFO [257/1000] 0b4a4659-d84c-403c-aa1d-86af47100770: 52 arrays, 0.0 MB stored; 1.2 s; peak memory 2039 MiB.
2026-10-08T18:01:43Z INFO [258/1000] 0b4af40a-ddbe-4ad1-b721-4973b4db278b: 117 arrays, 0.4 MB stored; 1.5 s; peak memory 2039 MiB.
2026-10-08T18:01:43Z INFO [259/1000] 0b4b8950-e0c9-49a4-b480-eef029e69d81: 118 arrays, 0.5 MB stored; 1.6 s; peak memory 2039 MiB.
2026-10-08T18:01:44Z INFO [260/1000] 0b4c7afe-a47c-4b90-a83d-0d836f556bf3: 71 arrays, 39.7 MB stored; 1.9 s; peak memory 2039 MiB.
2026-10-08T18:01:44Z INFO [261/1000] 0b4ca8a8-4100-4b24-b752-c8d961441986: 113 arrays, 0.4 MB stored; 1.7 s; peak memory 2039 MiB.
2026-10-08T18:01:44Z INFO [262/1000] 0b4cd329-30b8-4dc4-a799-409149521d7d: 48 arrays, 83.9 MB stored; 1.3 s; peak memory 2039 MiB.
2026-10-08T18:01:44Z INFO [263/1000] 0b4cfb89-d3f1-4029-b6d4-5699d685ead0: 112 arrays, 0.1 MB stored; 1.2 s; peak memory 2039 MiB.
2026-10-08T18:01:45Z INFO [264/1000] 0b46a676-9687-4612-8aee-f882e512f2e5: 640 arrays, 19.3 MB stored; 8.2 s; peak memory 2039 MiB.
2026-10-08T18:01:45Z INFO [265/1000] 0b33463a-d9e1-4f30-b74f-3c361d49121b: 48 arrays, 37527.1 MB stored; 28.2 s; peak memory 2039 MiB.
2026-10-08T18:01:45Z INFO [266/1000] 0b4d690c-ddd9-4d95-80aa-1a6d9a23c907: 112 arrays, 0.2 MB stored; 1.4 s; peak memory 2039 MiB.
2026-10-08T18:01:46Z INFO [267/1000] 0b4d7b8d-ce40-42d3-872d-68495a72d88f: 117 arrays, 0.2 MB stored; 1.7 s; peak memory 2039 MiB.
2026-10-08T18:01:46Z INFO [268/1000] 0b4e843b-4878-447a-9a56-42b85d927027: 114 arrays, 0.5 MB stored; 1.6 s; peak memory 2040 MiB.
2026-10-08T18:01:47Z INFO [269/1000] 0b4ec03d-d338-4459-a0ee-7b3e70f289e4: 62 arrays, 2909.8 MB stored; 1.7 s; peak memory 2040 MiB.
2026-10-08T18:01:47Z INFO [270/1000] 0b4f67e6-7a1a-44a9-9492-523ca7a487bb: 117 arrays, 0.2 MB stored; 1.4 s; peak memory 2040 MiB.
2026-10-08T18:01:47Z INFO [271/1000] 0b34330d-2c83-4f10-b294-9aabe6004bb9: 46 arrays, 29788.2 MB stored; 29.6 s; peak memory 2040 MiB.
2026-10-08T18:01:47Z INFO [272/1000] 0b4fc9ac-ed67-4cf0-8968-12c5a09464eb: 48 arrays, 83.9 MB stored; 1.2 s; peak memory 2040 MiB.
2026-10-08T18:01:47Z INFO [273/1000] 0b4fc3f4-d2cf-46cc-b878-e84bd7ae49a0: 112 arrays, 0.4 MB stored; 1.6 s; peak memory 2040 MiB.
2026-10-08T18:01:48Z INFO [274/1000] 0b4ff4f0-04e4-4288-a4fc-281d5dd91c8b: 48 arrays, 83.9 MB stored; 1.3 s; peak memory 2040 MiB.
2026-10-08T18:01:49Z INFO [275/1000] 0b522057-6c77-451e-9fde-e86f2ac2e7d5: 117 arrays, 0.3 MB stored; 1.5 s; peak memory 2040 MiB.
2026-10-08T18:01:49Z INFO [276/1000] 0b507a5b-4b2f-40a4-8bd8-611ca8ff1c74: 70 arrays, 26.4 MB stored; 2.0 s; peak memory 2040 MiB.
2026-10-08T18:01:49Z INFO [277/1000] 0b529104-fe9a-48b8-8d81-0a7da0307cae: 51 arrays, 3525.0 MB stored; 1.9 s; peak memory 2040 MiB.
2026-10-08T18:01:49Z INFO [278/1000] 0b52a16e-28ea-4af9-a59b-4e1fc6cba7e0: 48 arrays, 83.9 MB stored; 1.3 s; peak memory 2040 MiB.
2026-10-08T18:01:50Z INFO [279/1000] 0b5058e9-4f6e-45e9-a011-6385e2cedf2c: 154 arrays, 11.2 MB stored; 2.7 s; peak memory 2041 MiB.
2026-10-08T18:01:50Z INFO [280/1000] 0b5331d5-8e87-427e-b82e-d39280ad3fbd: 61 arrays, 15.8 MB stored; 1.4 s; peak memory 2041 MiB.
2026-10-08T18:01:50Z INFO [281/1000] 0b533f93-4c32-4973-9595-74a4d1e282c5: 48 arrays, 83.9 MB stored; 1.3 s; peak memory 2041 MiB.
2026-10-08T18:01:51Z INFO [282/1000] 0b5377d1-78b2-4eeb-8ad9-f6d1b0e8cf3a: 33 arrays, 0.0 MB stored; 1.3 s; peak memory 2041 MiB.
2026-10-08T18:01:51Z INFO [283/1000] 0b52fdb6-6afd-4611-a1c9-5798860fe16a: 119 arrays, 66.4 MB stored; 2.3 s; peak memory 2041 MiB.
2026-10-08T18:01:51Z INFO [284/1000] 0b54270a-b8fe-4951-a6ba-d6dfac362c50: 111 arrays, 0.5 MB stored; 1.7 s; peak memory 2041 MiB.
2026-10-08T18:01:52Z INFO [285/1000] 0b4eb1a8-a10b-4b55-8d3d-0969f1824364: 800 arrays, 30.5 MB stored; 7.0 s; peak memory 2042 MiB.
2026-10-08T18:01:52Z INFO [286/1000] 0b558a53-7c9a-4dcf-9539-abb8bc83becb: 117 arrays, 0.4 MB stored; 1.5 s; peak memory 2042 MiB.
2026-10-08T18:01:52Z INFO [287/1000] 0b55b6bc-cbde-4424-b31a-1b0c1ac42d35: 62 arrays, 0.0 MB stored; 1.2 s; peak memory 2042 MiB.
2026-10-08T18:01:53Z INFO [288/1000] 0b55e872-bb10-49bf-9eb5-6d8be88918d8: 112 arrays, 0.7 MB stored; 1.5 s; peak memory 2042 MiB.
2026-10-08T18:01:54Z INFO [289/1000] 0b55f996-7eda-4cde-b042-f8ce861274bb: 117 arrays, 0.5 MB stored; 1.3 s; peak memory 2042 MiB.
2026-10-08T18:01:54Z INFO [290/1000] 0b561c45-9c92-4794-bdea-b04f9facb9bb: 64 arrays, 42.4 MB stored; 2.0 s; peak memory 2042 MiB.
2026-10-08T18:01:55Z INFO [291/1000] 0b56ac38-2d27-4129-9e5f-4daa17428719: 174 arrays, 0.6 MB stored; 1.6 s; peak memory 2043 MiB.
2026-10-08T18:01:55Z INFO [292/1000] 0b56fc97-342e-4ff7-922b-34e73e88abd1: 48 arrays, 83.9 MB stored; 1.4 s; peak memory 2043 MiB.
2026-10-08T18:01:56Z INFO [293/1000] 0b572e5d-fb3d-4282-8fc7-28ccbfc66f1f: 118 arrays, 0.4 MB stored; 1.5 s; peak memory 2043 MiB.
2026-10-08T18:01:57Z INFO [294/1000] 0b5764d3-a823-4886-8958-27f519b9bcc5: 48 arrays, 83.9 MB stored; 1.4 s; peak memory 2043 MiB.
2026-10-08T18:01:57Z INFO [295/1000] 0b554ee0-0eb4-41fc-b22c-08f9ba4ec21a: 866 arrays, 23.1 MB stored; 6.3 s; peak memory 2044 MiB.
2026-10-08T18:01:58Z INFO [296/1000] 0b578e34-101c-4a62-9814-ce73dc0ea2f4: 112 arrays, 0.7 MB stored; 1.7 s; peak memory 2044 MiB.
2026-10-08T18:01:58Z INFO [297/1000] 0b583b7b-61b3-49c8-8bad-991fb08aac4b: 117 arrays, 0.3 MB stored; 1.4 s; peak memory 2044 MiB.
2026-10-08T18:01:58Z INFO [298/1000] 0b4d0989-9193-46eb-b500-2f56b1416880: 41 arrays, 545.2 MB stored; 14.3 s; peak memory 2044 MiB.
2026-10-08T18:01:58Z INFO [299/1000] 0b585bcf-164f-4f1d-8a2d-85c661a1d03a: 48 arrays, 83.9 MB stored; 1.5 s; peak memory 2044 MiB.
2026-10-08T18:01:59Z INFO [300/1000] 0b553f93-b41d-4d48-bcb2-f6007e647272: 830 arrays, 33.4 MB stored; 8.5 s; peak memory 2045 MiB.
2026-10-08T18:02:00Z INFO [301/1000] 0b588dec-925e-430d-9a3d-6a405f8841bb: 112 arrays, 0.6 MB stored; 1.6 s; peak memory 2045 MiB.
2026-10-08T18:02:00Z INFO [302/1000] 0b59310d-3d0c-49ee-910d-0db31f6d93ac: 110 arrays, 0.4 MB stored; 1.4 s; peak memory 2046 MiB.
2026-10-08T18:02:02Z INFO [303/1000] 0b59a17e-42e6-4c5a-b00e-2c14e930272c: 48 arrays, 83.9 MB stored; 1.2 s; peak memory 2046 MiB.
2026-10-08T18:02:03Z INFO [304/1000] 0b59b0e7-cdf4-4fd0-a6fd-038d0912a06f: 46 arrays, 12.6 MB stored; 1.2 s; peak memory 2046 MiB.
2026-10-08T18:02:03Z INFO [305/1000] 0b58ae3b-e4b9-4708-9aeb-79635eccbbce: 538 arrays, 7.8 MB stored; 4.9 s; peak memory 2046 MiB.
2026-10-08T18:02:04Z INFO [306/1000] 0b59da59-b4c8-430e-83c5-75f3af756e8a: 46 arrays, 0.0 MB stored; 1.0 s; peak memory 2046 MiB.
2026-10-08T18:02:04Z INFO [307/1000] 0b58ffb9-0c33-4c24-b376-ce14e7410c8f: 826 arrays, 21.4 MB stored; 6.0 s; peak memory 2047 MiB.
2026-10-08T18:02:05Z INFO [308/1000] 0b5a5155-035b-4762-9292-e832c13ce718: 48 arrays, 83.9 MB stored; 1.5 s; peak memory 2047 MiB.
2026-10-08T18:02:05Z INFO [309/1000] 0b5ad7a4-e520-460d-81f5-dad14f04ab31: 48 arrays, 83.9 MB stored; 1.2 s; peak memory 2047 MiB.
2026-10-08T18:02:06Z INFO [310/1000] 0b58640d-da8e-4457-a0cf-98333a9f5e69: 937 arrays, 38.9 MB stored; 8.4 s; peak memory 2048 MiB.
2026-10-08T18:02:07Z INFO [311/1000] 0b5bb620-19dc-494a-8aba-697fce76c7a8: 132 arrays, 6.8 MB stored; 2.3 s; peak memory 2048 MiB.
2026-10-08T18:02:08Z INFO [312/1000] 0b5bc33a-cc69-4114-ac3c-200074dcb775: 192 arrays, 3.4 MB stored; 2.0 s; peak memory 2049 MiB.
2026-10-08T18:02:08Z INFO [313/1000] 0b5a42fa-3b98-4b36-aca9-8e4f9896e75f: 256 arrays, 83.1 MB stored; 5.3 s; peak memory 2049 MiB.
2026-10-08T18:02:09Z INFO [314/1000] 0b5bf818-6b69-4169-9e0d-028dfebc52cb: 48 arrays, 83.9 MB stored; 1.3 s; peak memory 2049 MiB.
2026-10-08T18:02:09Z INFO [315/1000] 0b5bf2a0-6e1d-4a44-a80e-f165d98e495f: 156 arrays, 193.6 MB stored; 2.9 s; peak memory 2049 MiB.
2026-10-08T18:02:09Z INFO [316/1000] 0b5d01fd-38fd-465f-bcb6-a51abe2f2405: 66 arrays, 131.6 MB stored; 1.7 s; peak memory 2049 MiB.
2026-10-08T18:02:10Z INFO [317/1000] 0b5d3280-19f1-4757-be1e-71c5f2cfc699: 48 arrays, 83.9 MB stored; 1.3 s; peak memory 2049 MiB.
2026-10-08T18:02:10Z INFO [318/1000] 0b599b0b-411a-4d6c-854c-355df753ebd1: 533 arrays, 27.3 MB stored; 10.0 s; peak memory 2050 MiB.
2026-10-08T18:02:10Z INFO [319/1000] 0b5e1c0e-ff4b-4835-a120-1eba09f5ab02: 92 arrays, 7.0 MB stored; 1.2 s; peak memory 2050 MiB.
2026-10-08T18:02:10Z INFO [320/1000] 0b5e0512-ed0d-40ad-a7ef-94ade1d447b1: 46 arrays, 1.1 MB stored; 1.4 s; peak memory 2050 MiB.
2026-10-08T18:02:11Z INFO [321/1000] 0b5e3175-8ed4-4687-81be-923ba8825a58: 132 arrays, 1.3 MB stored; 1.4 s; peak memory 2050 MiB.
2026-10-08T18:02:11Z INFO [322/1000] 0b5f9d8a-8888-4a37-b9fc-e5bd2760dff3: 50 arrays, 9.9 MB stored; 1.3 s; peak memory 2050 MiB.
2026-10-08T18:02:11Z INFO [323/1000] 0b600370-a4e8-4f10-97fb-b89856f701dc: 117 arrays, 0.6 MB stored; 1.4 s; peak memory 2050 MiB.
2026-10-08T18:02:12Z INFO [324/1000] 0b5f2f7b-d698-417a-99ec-b65554b210f4: 78 arrays, 788.6 MB stored; 2.1 s; peak memory 2050 MiB.
2026-10-08T18:02:12Z INFO [325/1000] 0b600a2d-5daf-44e6-98af-c10c25097215: 48 arrays, 83.9 MB stored; 1.5 s; peak memory 2050 MiB.
2026-10-08T18:02:12Z INFO [326/1000] 0b603f9b-5d80-4f86-b911-ccc735e3ded3: 72 arrays, 0.0 MB stored; 1.4 s; peak memory 2050 MiB.
2026-10-08T18:02:13Z INFO [327/1000] 0b613280-c877-47f9-8153-e86b86c9a55b: 69 arrays, 2.7 MB stored; 1.8 s; peak memory 2050 MiB.
2026-10-08T18:02:14Z INFO [328/1000] 0b614824-62c0-46aa-b1f1-e889b9225e13: 71 arrays, 156.5 MB stored; 2.6 s; peak memory 2051 MiB.
2026-10-08T18:02:15Z INFO [329/1000] 0b6182a5-958f-40b9-9ca5-f2edf2f8078d: 118 arrays, 0.4 MB stored; 1.4 s; peak memory 2051 MiB.
2026-10-08T18:02:15Z INFO [330/1000] 0b54dadc-af2b-48cc-8668-cd18002f8d64: 48 arrays, 48253.8 MB stored; 24.8 s; peak memory 2051 MiB.
2026-10-08T18:02:16Z INFO [331/1000] 0b61dcc5-a904-439f-a930-6d46308aa0ec: 117 arrays, 0.3 MB stored; 1.4 s; peak memory 2051 MiB.
2026-10-08T18:02:16Z INFO [332/1000] 0b616eed-1b64-4f35-bcc1-ae670df9b5e3: 90 arrays, 1535.1 MB stored; 4.1 s; peak memory 2051 MiB.
2026-10-08T18:02:16Z INFO [333/1000] 0b62044e-b3aa-4803-80ea-be0eaf70c770: 119 arrays, 0.1 MB stored; 1.3 s; peak memory 2051 MiB.
2026-10-08T18:02:17Z INFO [334/1000] 0b6278a4-d8d9-4dc0-8023-7b5297ab0a9a: 46 arrays, 12.6 MB stored; 1.3 s; peak memory 2051 MiB.
2026-10-08T18:02:17Z INFO [335/1000] 0b606e42-5255-4a52-b637-ecf80ebf6d80: 200 arrays, 536.0 MB stored; 5.9 s; peak memory 2051 MiB.
2026-10-08T18:02:17Z INFO [336/1000] 0b6349ce-2ee4-4ae3-afa8-f311e198c027: 48 arrays, 83.9 MB stored; 1.4 s; peak memory 2051 MiB.
2026-10-08T18:02:18Z INFO [337/1000] 0b64b9d9-e596-4a07-a9bb-4773a7e04d2e: 118 arrays, 0.7 MB stored; 1.4 s; peak memory 2052 MiB.
2026-10-08T18:02:19Z INFO [338/1000] 0b66b318-d18e-40be-88f4-e779b1310831: 48 arrays, 83.9 MB stored; 1.2 s; peak memory 2052 MiB.
2026-10-08T18:02:21Z INFO [339/1000] 0b66d777-d24f-4608-9c94-8a619602c60f: 48 arrays, 83.9 MB stored; 1.3 s; peak memory 2052 MiB.
2026-10-08T18:02:21Z INFO [340/1000] 0b640a6e-336d-43dd-a08a-a46a0c7b024e: 538 arrays, 8.5 MB stored; 4.9 s; peak memory 2052 MiB.
2026-10-08T18:02:22Z INFO [341/1000] 0b67343e-ab2d-4b95-8cb7-ed73ca533870: 52 arrays, 0.0 MB stored; 1.1 s; peak memory 2052 MiB.
2026-10-08T18:02:22Z INFO [342/1000] 0b5754be-2992-40b6-b850-ea2e80e3faef: 48 arrays, 40156.9 MB stored; 27.2 s; peak memory 2053 MiB.
2026-10-08T18:02:22Z INFO [343/1000] 0b675e34-d705-4652-bb94-893f62313c42: 48 arrays, 83.9 MB stored; 1.2 s; peak memory 2053 MiB.
2026-10-08T18:02:23Z INFO [344/1000] 0b67f46a-48c6-498c-a1cb-9e3d8d1eccbf: 45 arrays, 0.0 MB stored; 1.0 s; peak memory 2053 MiB.
2026-10-08T18:02:23Z INFO [345/1000] 0b67cc67-87dc-41a9-92b0-27b338ebb3eb: 52 arrays, 13.4 MB stored; 1.5 s; peak memory 2053 MiB.
2026-10-08T18:02:24Z INFO [346/1000] 0b689776-01b3-42fc-a051-4889b81a4913: 48 arrays, 83.9 MB stored; 1.4 s; peak memory 2053 MiB.
2026-10-08T18:02:24Z INFO [347/1000] 0b65f3d8-721b-42f1-beaa-f08b946bc82d: 90 arrays, 12605.2 MB stored; 7.2 s; peak memory 2053 MiB.
2026-10-08T18:02:25Z INFO [348/1000] 0b689c10-201f-416e-8eee-0eeb8a0f093e: 117 arrays, 0.4 MB stored; 1.4 s; peak memory 2053 MiB.
2026-10-08T18:02:25Z INFO [349/1000] 0b68ba79-9d50-4d5f-99a0-dd40f18dd83a: 50 arrays, 1.6 MB stored; 1.2 s; peak memory 2053 MiB.
2026-10-08T18:02:26Z INFO [350/1000] 0b68e9c0-71d7-4740-81cc-08849eea04c5: 43 arrays, 3.8 MB stored; 1.2 s; peak memory 2053 MiB.
2026-10-08T18:02:26Z INFO [351/1000] 0b657ba7-905c-4e9f-9317-3c8ffff7b2de: 1012 arrays, 40.0 MB stored; 9.4 s; peak memory 2054 MiB.
2026-10-08T18:02:26Z INFO [352/1000] 0b6842d3-91a2-4448-bea4-797994b6864d: 101 arrays, 25.3 MB stored; 4.1 s; peak memory 2054 MiB.
2026-10-08T18:02:28Z INFO [353/1000] 0b6aefac-2c7a-4600-9981-07cb99993067: 110 arrays, 0.4 MB stored; 1.4 s; peak memory 2054 MiB.
2026-10-08T18:02:28Z INFO [354/1000] 0b6971ab-fee4-4331-81ae-b8efd24a227d: 69 arrays, 61.3 MB stored; 2.1 s; peak memory 2054 MiB.
2026-10-08T18:02:30Z INFO [355/1000] 0b62cf87-cf80-46af-a869-443d4d7ffce2: 44 arrays, 308.8 MB stored; 14.0 s; peak memory 2055 MiB.
2026-10-08T18:02:31Z INFO [356/1000] 0b6b7362-b5ac-40c6-8ca3-7f66b662e269: 114 arrays, 186.8 MB stored; 2.9 s; peak memory 2055 MiB.
2026-10-08T18:02:31Z INFO [357/1000] 0b6c6a33-f400-4f68-bca2-e8297f647599: 49 arrays, 22.2 MB stored; 1.4 s; peak memory 2055 MiB.
2026-10-08T18:02:31Z INFO [358/1000] 0b690596-58ec-4936-8d57-64ae7fd2c548: 1215 arrays, 25.7 MB stored; 6.8 s; peak memory 2056 MiB.
2026-10-08T18:02:32Z INFO [359/1000] 0b6e2a14-138c-4c60-aa53-1e0a55cef5c2: 48 arrays, 83.9 MB stored; 1.4 s; peak memory 2056 MiB.
2026-10-08T18:02:33Z INFO [360/1000] 0b6b57ee-6770-400d-bc83-9846a121ae4b: 193 arrays, 1193.6 MB stored; 6.4 s; peak memory 2057 MiB.
2026-10-08T18:02:33Z INFO [361/1000] 0b6f2098-f103-414d-8ef1-b1fbc32c54eb: 118 arrays, 51.2 MB stored; 1.9 s; peak memory 2057 MiB.
2026-10-08T18:02:34Z INFO [362/1000] 0b6fd0e9-b5dd-4fe4-b51d-8b1e645e1623: 48 arrays, 83.9 MB stored; 1.4 s; peak memory 2057 MiB.
2026-10-08T18:02:35Z INFO [363/1000] 0b6b9c26-7db8-4550-9e8e-efef71397fa3: 646 arrays, 30.6 MB stored; 7.7 s; peak memory 2058 MiB.
2026-10-08T18:02:35Z INFO [364/1000] 0b70791e-752e-47aa-a3b5-56daab030ab5: 55 arrays, 16.8 MB stored; 1.6 s; peak memory 2058 MiB.
2026-10-08T18:02:36Z INFO [365/1000] 0b703e93-1d7f-4d99-9331-472b7c528156: 115 arrays, 186.8 MB stored; 2.5 s; peak memory 2058 MiB.
2026-10-08T18:02:37Z INFO [366/1000] 0b7150d7-35c9-46d4-8f6e-ab7e405241eb: 117 arrays, 0.3 MB stored; 1.4 s; peak memory 2058 MiB.
2026-10-08T18:02:37Z INFO [367/1000] 0b718911-e114-47c8-85a5-8cf7be84a2c6: 51 arrays, 0.0 MB stored; 1.1 s; peak memory 2058 MiB.
2026-10-08T18:02:37Z INFO [368/1000] 0b714244-ab8a-4877-abd7-9668248b8b38: 74 arrays, 40.1 MB stored; 2.0 s; peak memory 2058 MiB.
2026-10-08T18:02:38Z INFO [369/1000] 0b7265ff-abf4-4800-986f-e6b310ca261a: 56 arrays, 0.0 MB stored; 1.0 s; peak memory 2058 MiB.
2026-10-08T18:02:39Z INFO [370/1000] 0b7295ee-1235-4819-a9e1-b147e5fe7d37: 51 arrays, 0.0 MB stored; 1.0 s; peak memory 2058 MiB.
2026-10-08T18:02:40Z INFO [371/1000] 0b722f97-7ffe-48d2-a8fc-895d8b68b3bc: 114 arrays, 186.8 MB stored; 2.9 s; peak memory 2058 MiB.
2026-10-08T18:02:41Z INFO [372/1000] 0b72fecf-9cac-4775-8171-09f6520e983d: 117 arrays, 0.3 MB stored; 1.3 s; peak memory 2058 MiB.
2026-10-08T18:02:41Z INFO [373/1000] 0b700897-cb53-49eb-89f1-fbaea9894c1e: 763 arrays, 41.8 MB stored; 8.4 s; peak memory 2059 MiB.
2026-10-08T18:02:41Z INFO [374/1000] 0b738676-5a2e-4035-8b5d-387f951983cd: 48 arrays, 83.9 MB stored; 1.4 s; peak memory 2059 MiB.
2026-10-08T18:02:42Z INFO [375/1000] 0b7392bd-7771-448a-a051-e3bdab2e88c4: 46 arrays, 12.6 MB stored; 1.2 s; peak memory 2059 MiB.
2026-10-08T18:02:43Z INFO [376/1000] 0b742ffd-9b52-4869-9ca3-9c7aed48b5bd: 48 arrays, 83.9 MB stored; 1.2 s; peak memory 2059 MiB.
2026-10-08T18:02:46Z INFO [377/1000] 0b73a2ac-8ee3-4f8e-8a43-aee5e4464819: 417 arrays, 4.1 MB stored; 5.3 s; peak memory 2061 MiB.
2026-10-08T18:02:46Z INFO [378/1000] 0b71a3f1-213f-4719-9b64-db3a97b26444: 1012 arrays, 27.2 MB stored; 9.4 s; peak memory 2061 MiB.
2026-10-08T18:02:48Z INFO [379/1000] 0b78033f-e5f5-42be-a299-70f31a836155: 110 arrays, 0.5 MB stored; 1.6 s; peak memory 2061 MiB.
2026-10-08T18:02:49Z INFO [380/1000] 0b73cc22-f34e-418e-b968-e7b9b8e62138: 409 arrays, 95.0 MB stored; 7.6 s; peak memory 2062 MiB.
2026-10-08T18:02:49Z INFO [381/1000] 0b785289-bf44-4e7a-94ce-8d4840ab1fc5: 46 arrays, 0.0 MB stored; 1.0 s; peak memory 2062 MiB.
2026-10-08T18:02:49Z INFO [382/1000] 0b770bb8-5f4f-44d3-88b3-c7ea599313a3: 86 arrays, 2594.0 MB stored; 3.1 s; peak memory 2062 MiB.
2026-10-08T18:02:50Z INFO [383/1000] 0b78a0e1-4fea-4d11-81bd-bb6941b78f55: 48 arrays, 83.9 MB stored; 1.2 s; peak memory 2062 MiB.
2026-10-08T18:02:51Z INFO [384/1000] 0b79434c-b4a9-482f-a19e-41e630a895c4: 117 arrays, 0.5 MB stored; 1.3 s; peak memory 2062 MiB.
2026-10-08T18:02:52Z INFO [385/1000] 0b743d42-89d1-4030-b9c7-efe487b4eba4: 402 arrays, 13389.1 MB stored; 8.4 s; peak memory 2062 MiB.
2026-10-08T18:02:52Z INFO [386/1000] 0b7a8868-108c-4b8b-a67d-28108c81cc4e: 46 arrays, 0.0 MB stored; 0.9 s; peak memory 2062 MiB.
2026-10-08T18:02:53Z INFO [387/1000] 0b792779-58af-4eb3-b0f8-618084df71ce: 566 arrays, 5.8 MB stored; 4.4 s; peak memory 2063 MiB.
2026-10-08T18:02:54Z INFO [388/1000] 0b7a8aa3-d8cf-4329-b190-297c3c5b1046: 116 arrays, 0.3 MB stored; 1.5 s; peak memory 2063 MiB.
2026-10-08T18:02:55Z INFO [389/1000] 0b7b0560-61c1-4b64-8caf-907d1bfbd09d: 116 arrays, 0.2 MB stored; 1.3 s; peak memory 2063 MiB.
2026-10-08T18:02:55Z INFO [390/1000] 0b69c718-d803-480b-ac08-79947f2688ce: 48 arrays, 46079.3 MB stored; 29.5 s; peak memory 2063 MiB.
2026-10-08T18:02:55Z INFO [391/1000] 0b799ae9-ae46-483f-ab22-2ea767561289: 762 arrays, 7.8 MB stored; 5.5 s; peak memory 2064 MiB.
2026-10-08T18:02:56Z INFO [392/1000] 0b7c36e8-c6b4-46dd-90bc-663d5ab167b3: 71 arrays, 4.0 MB stored; 1.8 s; peak memory 2064 MiB.
2026-10-08T18:02:56Z INFO [393/1000] 0b7c973b-8b59-4454-815f-fafbebda4e71: 112 arrays, 0.5 MB stored; 1.5 s; peak memory 2064 MiB.
2026-10-08T18:02:56Z INFO [394/1000] 0b7cc6b0-1113-42a5-98e0-721c3f05f76b: 33 arrays, 0.0 MB stored; 1.0 s; peak memory 2064 MiB.
2026-10-08T18:02:56Z INFO [395/1000] 0b7c9bcb-8d9f-41fe-85e3-b02f262fb1fd: 48 arrays, 83.9 MB stored; 1.4 s; peak memory 2064 MiB.
2026-10-08T18:02:57Z INFO [396/1000] 0b7d7fd2-e57b-4b68-a52f-8a2e3ef61fa3: 52 arrays, 0.0 MB stored; 1.2 s; peak memory 2065 MiB.
2026-10-08T18:02:58Z INFO [397/1000] 0b7d90ed-39c1-4db2-83f5-23307077d420: 118 arrays, 0.4 MB stored; 1.6 s; peak memory 2065 MiB.
2026-10-08T18:02:58Z INFO [398/1000] 0b7df8df-d9fe-4dc4-addf-c4f850c700d6: 57 arrays, 0.0 MB stored; 1.2 s; peak memory 2065 MiB.
2026-10-08T18:02:58Z INFO [399/1000] 0b7e078a-daea-42fc-842e-87cdbff06dc4: 117 arrays, 0.6 MB stored; 1.6 s; peak memory 2065 MiB.
2026-10-08T18:02:58Z INFO [400/1000] 0b7e1394-028a-4847-871e-6a42b7ae317d: 48 arrays, 83.9 MB stored; 1.3 s; peak memory 2065 MiB.
2026-10-08T18:03:03Z INFO [400/1000] 0b7e1394-028a-4847-871e-6a42b7ae317d: checkpointed 7600 new records.
2026-10-08T18:03:03Z INFO [401/1000] 0b7a32f6-f2ec-44c9-8e76-17a1d9249a64: 1122 arrays, 38.0 MB stored; 8.5 s; peak memory 2074 MiB.
2026-10-08T18:03:03Z INFO [402/1000] 0b7efbf7-1983-4951-bf7d-f91ce756ee9c: 66 arrays, 152.8 MB stored; 1.8 s; peak memory 2074 MiB.
2026-10-08T18:03:03Z INFO [403/1000] 0b7f03a2-3f36-4a4f-80de-652124a3249e: 110 arrays, 0.5 MB stored; 1.7 s; peak memory 2074 MiB.
2026-10-08T18:03:03Z INFO [404/1000] 0b7f2a5c-363f-4ec0-8d4a-09589b51b9b7: 66 arrays, 21.8 MB stored; 1.9 s; peak memory 2074 MiB.
2026-10-08T18:03:03Z INFO [405/1000] 0b7f6f7b-c08a-4aef-92eb-1329d8b82cfd: 46 arrays, 0.0 MB stored; 1.1 s; peak memory 2074 MiB.
2026-10-08T18:03:03Z INFO [406/1000] 0b7ebed6-64cf-4977-b03b-ed45367e0100: 101 arrays, 44271.8 MB stored; 3.0 s; peak memory 2074 MiB.
2026-10-08T18:03:03Z INFO [407/1000] 0b8001ec-83dc-45ea-9fd4-7ef9448c0033: 66 arrays, 105.2 MB stored; 2.0 s; peak memory 2074 MiB.
2026-10-08T18:03:03Z INFO [408/1000] 0b8142f3-3e97-4e03-81d9-4dc1a485d9a9: 39 arrays, 0.7 MB stored; 1.3 s; peak memory 2074 MiB.
2026-10-08T18:03:03Z INFO [409/1000] 0b7fc2b5-4b1e-487f-a11a-872f2d39f4bb: 481 arrays, 5.0 MB stored; 3.8 s; peak memory 2074 MiB.
2026-10-08T18:03:03Z INFO [410/1000] 0b81c8cc-ad3d-4a8a-aaaa-07d922abed4a: 48 arrays, 83.9 MB stored; 1.3 s; peak memory 2074 MiB.
2026-10-08T18:03:03Z INFO [411/1000] 0b81a9fb-4f09-4b7c-94f9-fc1b87cca9a2: 71 arrays, 2.5 MB stored; 1.7 s; peak memory 2074 MiB.
2026-10-08T18:03:05Z INFO [412/1000] 0b82ca97-2f77-4290-9eb3-a1373f0116e9: 116 arrays, 0.3 MB stored; 1.4 s; peak memory 2074 MiB.
2026-10-08T18:03:05Z INFO [413/1000] 0b829f6e-7172-4536-b106-23cddd9d3847: 118 arrays, 0.2 MB stored; 1.5 s; peak memory 2074 MiB.
2026-10-08T18:03:05Z INFO [414/1000] 0b83e688-6016-47f2-8189-f32e8fd2feca: 112 arrays, 0.6 MB stored; 1.9 s; peak memory 2074 MiB.
2026-10-08T18:03:06Z INFO [415/1000] 0b842acc-e4d9-4bc4-9266-50770e767268: 117 arrays, 0.5 MB stored; 1.5 s; peak memory 2074 MiB.
2026-10-08T18:03:06Z INFO [416/1000] 0b83ff71-5f75-455b-8724-a4880ffe4858: 69 arrays, 42.5 MB stored; 1.6 s; peak memory 2074 MiB.
2026-10-08T18:03:07Z INFO [417/1000] 0b84372a-8206-49ae-bd32-604b5f85903c: 109 arrays, 0.9 MB stored; 1.6 s; peak memory 2074 MiB.
2026-10-08T18:03:08Z INFO [418/1000] 0b84aa0b-216d-4b46-8e05-02e563038782: 116 arrays, 0.5 MB stored; 1.5 s; peak memory 2074 MiB.
2026-10-08T18:03:08Z INFO [419/1000] 0b84dd45-d75c-4edd-86d5-8521479ff72f: 116 arrays, 0.4 MB stored; 1.5 s; peak memory 2074 MiB.
2026-10-08T18:03:08Z INFO [420/1000] 0b804af3-2ef9-4045-9ff3-309844490c4c: 1571 arrays, 28.4 MB stored; 8.4 s; peak memory 2074 MiB.
2026-10-08T18:03:09Z INFO [421/1000] 0b849e94-e4fd-4c11-a3b5-956d2028b3dc: 156 arrays, 193.4 MB stored; 2.9 s; peak memory 2074 MiB.
2026-10-08T18:03:10Z INFO [422/1000] 0b857fae-5fef-4ddf-8726-e4f85d1a1e97: 45 arrays, 11.2 MB stored; 1.5 s; peak memory 2074 MiB.
2026-10-08T18:03:10Z INFO [423/1000] 0b85c314-f5cd-49ba-9789-e0c8610b44cb: 57 arrays, 434.5 MB stored; 1.8 s; peak memory 2074 MiB.
2026-10-08T18:03:11Z INFO [424/1000] 0b8620ae-47a5-4966-92de-80b15f750f26: 71 arrays, 67.1 MB stored; 1.9 s; peak memory 2074 MiB.
2026-10-08T18:03:12Z INFO [425/1000] 0b866595-76c7-4940-b336-7cdf760e4b40: 69 arrays, 74.2 MB stored; 1.7 s; peak memory 2074 MiB.
2026-10-08T18:03:12Z INFO [426/1000] 0b808108-c583-41fc-a536-7fc6eee5cb43: 6139 arrays, 52.8 MB stored; 11.8 s; peak memory 2078 MiB.
2026-10-08T18:03:12Z INFO [427/1000] 0b8665e2-5e17-4135-9a88-b7440814dfaa: 42 arrays, 18.6 MB stored; 1.2 s; peak memory 2078 MiB.
2026-10-08T18:03:13Z INFO [428/1000] 0b86d09c-cc9f-4de4-9ae4-56ca0875a3ba: 46 arrays, 0.0 MB stored; 1.1 s; peak memory 2078 MiB.
2026-10-08T18:03:13Z INFO [429/1000] 0b86cca3-f54d-4a62-926c-3819822e7043: 112 arrays, 0.5 MB stored; 1.5 s; peak memory 2078 MiB.
2026-10-08T18:03:14Z INFO [430/1000] 0b86d132-01e0-4270-bb07-0247958b8495: 48 arrays, 83.9 MB stored; 1.4 s; peak memory 2078 MiB.
2026-10-08T18:03:14Z INFO [431/1000] 0b855181-cab4-4e81-bd48-e8cfa4c93616: 61 arrays, 999.3 MB stored; 6.1 s; peak memory 2078 MiB.
2026-10-08T18:03:15Z INFO [432/1000] 0b865174-4437-46e4-8ca4-3781c6ac7c11: 229 arrays, 258.1 MB stored; 4.7 s; peak memory 2078 MiB.
2026-10-08T18:03:15Z INFO [433/1000] 0b875c0e-f757-4edd-8a73-ee590caae411: 112 arrays, 0.6 MB stored; 1.5 s; peak memory 2078 MiB.
2026-10-08T18:03:15Z INFO [434/1000] 0b87d7ea-3784-4bfd-be44-018ed6ae6abf: 48 arrays, 83.9 MB stored; 1.4 s; peak memory 2078 MiB.
2026-10-08T18:03:15Z INFO [435/1000] 0b88a6d3-88ca-4093-92cb-70620a2c05ec: 117 arrays, 0.4 MB stored; 1.5 s; peak memory 2079 MiB.
2026-10-08T18:03:16Z INFO [436/1000] 0b890014-6de1-4195-b372-9ce0b33e5e56: 48 arrays, 83.9 MB stored; 1.3 s; peak memory 2079 MiB.
2026-10-08T18:03:16Z INFO [437/1000] 0b898502-8e54-46e6-a29a-5b49c33a9979: 41 arrays, 8.4 MB stored; 1.1 s; peak memory 2079 MiB.
2026-10-08T18:03:17Z INFO [438/1000] 0b88cbab-69c9-4737-973d-231912f2f1c5: 156 arrays, 193.5 MB stored; 2.7 s; peak memory 2079 MiB.
2026-10-08T18:03:17Z INFO [439/1000] 0b88dc4a-a190-49ec-bdfc-d3db764e091c: 168 arrays, 3.2 MB stored; 2.3 s; peak memory 2079 MiB.
2026-10-08T18:03:17Z INFO [440/1000] 0b89ccc5-cff2-4eda-b1dd-7d80d0ec60ec: 117 arrays, 0.4 MB stored; 1.5 s; peak memory 2079 MiB.
2026-10-08T18:03:18Z INFO [441/1000] 0b8a47e7-e67c-46d7-b5b5-c3410fa611dd: 48 arrays, 83.9 MB stored; 1.4 s; peak memory 2079 MiB.
2026-10-08T18:03:18Z INFO [442/1000] 0b8aab81-c3ff-4c15-980e-903075d5bf69: 48 arrays, 83.9 MB stored; 1.3 s; peak memory 2079 MiB.
2026-10-08T18:03:18Z INFO [443/1000] 0b8b8a13-7170-483f-9b5a-7009a55e7084: 48 arrays, 83.9 MB stored; 1.3 s; peak memory 2079 MiB.
2026-10-08T18:03:19Z INFO [444/1000] 0b8beb50-3715-46ef-8998-13646ecc0a35: 48 arrays, 83.9 MB stored; 1.3 s; peak memory 2079 MiB.
2026-10-08T18:03:19Z INFO [445/1000] 0b8bcc97-1661-494f-82d5-e9ef1223ed3b: 62 arrays, 4924.7 MB stored; 1.6 s; peak memory 2079 MiB.
2026-10-08T18:03:19Z INFO [446/1000] 0b8c0c9a-ae38-442e-8142-089459f65222: 48 arrays, 83.9 MB stored; 1.4 s; peak memory 2079 MiB.
2026-10-08T18:03:20Z INFO [447/1000] 0b8c2e90-08bd-4e9e-980c-773f892ff297: 110 arrays, 0.5 MB stored; 1.6 s; peak memory 2080 MiB.
2026-10-08T18:03:20Z INFO [448/1000] 0b8cc4d9-5a24-463e-a08b-abbb78e308b7: 48 arrays, 83.9 MB stored; 1.3 s; peak memory 2080 MiB.
2026-10-08T18:03:21Z INFO [449/1000] 0b8d0298-25e1-4e46-87d1-cc25a34032b4: 275 arrays, 17.2 MB stored; 1.8 s; peak memory 2080 MiB.
2026-10-08T18:03:21Z INFO [450/1000] 0b8dece2-3d23-406a-868c-0fb98753f828: 104 arrays, 118.6 MB stored; 1.8 s; peak memory 2080 MiB.
2026-10-08T18:03:22Z INFO [451/1000] 0b8d9fea-da34-48dc-bc83-a337131ec295: 80 arrays, 499.8 MB stored; 2.6 s; peak memory 2080 MiB.
2026-10-08T18:03:22Z INFO [452/1000] 0b8ebe40-f21b-4ff7-941e-7b36fef46943: 72 arrays, 1.4 MB stored; 1.5 s; peak memory 2080 MiB.
2026-10-08T18:03:23Z INFO [453/1000] 0b8dfcf1-fc55-41f3-8849-e7681fadfe29: 156 arrays, 193.5 MB stored; 2.8 s; peak memory 2080 MiB.
2026-10-08T18:03:23Z INFO [454/1000] 0b8f8155-cb7e-4eba-b8ab-83987dc068c0: 66 arrays, 21.2 MB stored; 1.9 s; peak memory 2080 MiB.
2026-10-08T18:03:23Z INFO [455/1000] 0b8ffc33-db90-401a-ad8f-e99d68157ffc: 45 arrays, 0.0 MB stored; 1.1 s; peak memory 2080 MiB.
2026-10-08T18:03:24Z INFO [456/1000] 0b8fbbe9-76e0-45a6-a47c-375e3c5fb1c8: 112 arrays, 0.6 MB stored; 1.5 s; peak memory 2081 MiB.
2026-10-08T18:03:24Z INFO [457/1000] 0b911112-0e92-4404-b66c-3137c3637fd8: 41 arrays, 8.4 MB stored; 1.2 s; peak memory 2081 MiB.
2026-10-08T18:03:25Z INFO [458/1000] 0b90a54a-20cf-4413-b1a6-7b262e7af07b: 69 arrays, 50.0 MB stored; 1.8 s; peak memory 2081 MiB.
2026-10-08T18:03:25Z INFO [459/1000] 0b931f68-643e-4188-9bf9-a448461439ee: 74 arrays, 3.3 MB stored; 1.4 s; peak memory 2081 MiB.
2026-10-08T18:03:26Z INFO [460/1000] 0b9360ee-f321-4402-b22f-970df6ad5218: 52 arrays, 14.9 MB stored; 1.2 s; peak memory 2081 MiB.
2026-10-08T18:03:26Z INFO [461/1000] 0b940210-4c86-4960-b482-10d49eac83a3: 56 arrays, 0.0 MB stored; 1.1 s; peak memory 2081 MiB.
2026-10-08T18:03:26Z INFO [462/1000] 0b93f334-e729-4773-bc77-dcc2f7e7b0ab: 112 arrays, 1.1 MB stored; 1.6 s; peak memory 2081 MiB.
2026-10-08T18:03:27Z INFO [463/1000] 0b944a2f-de00-4ed2-9a30-6b21e9cfcbeb: 43 arrays, 1816.3 MB stored; 1.3 s; peak memory 2081 MiB.
2026-10-08T18:03:28Z INFO [464/1000] 0b952897-2fd4-4b59-bcc7-0f9d856509f7: 48 arrays, 83.9 MB stored; 1.2 s; peak memory 2081 MiB.
2026-10-08T18:03:29Z INFO [465/1000] 0b952aa1-3e73-4723-805b-50aa0128b760: 117 arrays, 0.2 MB stored; 1.5 s; peak memory 2081 MiB.
2026-10-08T18:03:29Z INFO [466/1000] 0b9574d6-9651-4514-9b38-51dc90b9618b: 48 arrays, 83.9 MB stored; 1.3 s; peak memory 2081 MiB.
2026-10-08T18:03:30Z INFO [467/1000] 0b94130e-234e-45c8-8a22-d3b66d8a94ae: 454 arrays, 5.2 MB stored; 3.9 s; peak memory 2082 MiB.
2026-10-08T18:03:30Z INFO [468/1000] 0b9595ef-a68e-4c3f-bf1e-902afa0130e7: 118 arrays, 0.3 MB stored; 1.4 s; peak memory 2082 MiB.
2026-10-08T18:03:30Z INFO [469/1000] 0b95c245-1eba-4f90-a13e-9f8a41a762a5: 115 arrays, 0.6 MB stored; 1.6 s; peak memory 2082 MiB.
2026-10-08T18:03:32Z INFO [470/1000] 0b964b35-dbf7-4dc1-8edb-3cfa7e20a4ef: 48 arrays, 83.9 MB stored; 1.3 s; peak memory 2082 MiB.
2026-10-08T18:03:33Z INFO [471/1000] 0b98682f-5d50-43de-ad6a-7351858a867e: 112 arrays, 1.2 MB stored; 1.6 s; peak memory 2082 MiB.
2026-10-08T18:03:34Z INFO [472/1000] 0b95f825-360a-410d-a65c-f5537e332122: 585 arrays, 9.3 MB stored; 4.7 s; peak memory 2083 MiB.
2026-10-08T18:03:34Z INFO [473/1000] 0b98cfe5-0a4c-429b-b9b3-e49cc58ba18b: 101 arrays, 4.6 MB stored; 1.4 s; peak memory 2083 MiB.
2026-10-08T18:03:36Z INFO [474/1000] 0b995650-290b-4e22-b084-5f0ed8495f88: 303 arrays, 17.1 MB stored; 1.6 s; peak memory 2083 MiB.
2026-10-08T18:03:40Z INFO [475/1000] 0b98d36a-8182-4809-ae7d-841332b08161: 196 arrays, 538.7 MB stored; 5.7 s; peak memory 2083 MiB.
2026-10-08T18:03:44Z INFO [476/1000] 0b9a0062-8919-423a-ae32-8b54a772f03a: 108 arrays, 87.2 MB stored; 8.0 s; peak memory 2084 MiB.
2026-10-08T18:03:46Z INFO [477/1000] 0b9a214b-a75a-4839-83ac-e57a1f7633e1: 56 arrays, 128.2 MB stored; 5.9 s; peak memory 2084 MiB.
2026-10-08T18:03:46Z INFO [478/1000] 0b9a2873-9c81-4705-bfe9-d58a920e5fa5: 66 arrays, 65.0 MB stored; 1.9 s; peak memory 2084 MiB.
2026-10-08T18:03:47Z INFO [479/1000] 0b9a42b0-f774-4967-9c96-347d3c81dd33: 52 arrays, 10.9 MB stored; 1.4 s; peak memory 2084 MiB.
2026-10-08T18:03:49Z INFO [480/1000] 0b9ab71c-6cad-413f-a1f0-a8bd8705e28f: 117 arrays, 0.4 MB stored; 1.5 s; peak memory 2084 MiB.
2026-10-08T18:03:50Z INFO [481/1000] 0b9b1aa6-65ce-4227-906e-dcd131517da4: 117 arrays, 0.4 MB stored; 1.5 s; peak memory 2084 MiB.
2026-10-08T18:03:52Z INFO [482/1000] 0b9b1d2d-cc9a-4fa3-9950-50eeef64c8d2: 112 arrays, 0.3 MB stored; 1.6 s; peak memory 2085 MiB.
2026-10-08T18:03:52Z INFO [483/1000] 0b9a8224-d822-4a86-b2a8-dd6545fe9de4: 256 arrays, 227.1 MB stored; 6.3 s; peak memory 2085 MiB.
2026-10-08T18:03:54Z INFO [484/1000] 0b9bafd1-eeca-4ca6-b5c9-a2d11892fd97: 87 arrays, 7.5 MB stored; 2.1 s; peak memory 2085 MiB.
2026-10-08T18:03:55Z INFO [485/1000] 0b9b6fd9-930b-49bc-89da-a1c8c0e90e92: 178 arrays, 215.3 MB stored; 3.1 s; peak memory 2085 MiB.
2026-10-08T18:03:56Z INFO [486/1000] 0b9c1e3b-e914-4f5e-9177-82650ab5ac86: 48 arrays, 83.9 MB stored; 1.3 s; peak memory 2085 MiB.
2026-10-08T18:03:57Z INFO [487/1000] 0b9c4b76-41ba-4013-80ce-d61f62008b26: 153 arrays, 0.5 MB stored; 1.5 s; peak memory 2086 MiB.
2026-10-08T18:03:57Z INFO [488/1000] 0b9c5c84-b1f0-49a2-8e18-0ff8ca1d817e: 117 arrays, 0.2 MB stored; 1.3 s; peak memory 2086 MiB.
2026-10-08T18:03:58Z INFO [489/1000] 0b9d056c-2b47-4acc-88f3-dd59eb8a0938: 48 arrays, 83.9 MB stored; 1.3 s; peak memory 2086 MiB.
2026-10-08T18:03:59Z INFO [490/1000] 0b9d1bb0-3762-4352-8f4a-ef181bf42330: 110 arrays, 1.3 MB stored; 1.6 s; peak memory 2086 MiB.
2026-10-08T18:03:59Z INFO [491/1000] 0b9783fc-5bef-4281-a37e-f59afadfb074: 8828 arrays, 395.9 MB stored; 28.4 s; peak memory 2094 MiB.
2026-10-08T18:03:59Z INFO [492/1000] 0b9d254a-7986-48eb-96fa-0638bfbff95e: 58 arrays, 0.0 MB stored; 1.2 s; peak memory 2094 MiB.
2026-10-08T18:04:00Z INFO [493/1000] 0b9d437f-7ade-4b08-a7a4-be53e34cce98: 48 arrays, 83.9 MB stored; 1.2 s; peak memory 2094 MiB.
2026-10-08T18:04:01Z INFO [494/1000] 0b9d84d1-407e-4745-8690-aded0e887939: 112 arrays, 0.7 MB stored; 1.6 s; peak memory 2095 MiB.
2026-10-08T18:04:01Z INFO [495/1000] 0b9e8768-8bf1-4ad2-a440-63daad7ee8cf: 117 arrays, 0.3 MB stored; 1.4 s; peak memory 2095 MiB.
2026-10-08T18:04:03Z INFO [496/1000] 0b9fbf85-3bca-4d0c-9c87-1ba79cb84700: 115 arrays, 0.4 MB stored; 1.4 s; peak memory 2095 MiB.
2026-10-08T18:04:03Z INFO [497/1000] 0b9dacd6-e66c-4245-bc73-ca1065b6aa17: 229 arrays, 239.9 MB stored; 4.3 s; peak memory 2095 MiB.
2026-10-08T18:04:04Z INFO [498/1000] 0ba068d9-617b-40e0-8f7f-64ad446c04d3: 117 arrays, 0.5 MB stored; 1.4 s; peak memory 2095 MiB.
2026-10-08T18:04:06Z INFO [499/1000] 0b61705d-ecc2-408d-8429-629168f40988: 55 arrays, 7146.2 MB stored; 113.8 s; peak memory 2095 MiB.
2026-10-08T18:04:06Z INFO [500/1000] 0ba06b47-23cf-4237-9318-69526489e139: 156 arrays, 193.4 MB stored; 2.9 s; peak memory 2096 MiB.
2026-10-08T18:04:07Z INFO [501/1000] 0ba24c9e-9f53-416c-b6b8-5558dde2e8b9: 117 arrays, 0.2 MB stored; 1.4 s; peak memory 2096 MiB.
2026-10-08T18:04:08Z INFO [502/1000] 0b9f0de0-1cfc-49a0-a2c8-2466a77e72ba: 791 arrays, 24.5 MB stored; 7.6 s; peak memory 2097 MiB.
2026-10-08T18:04:09Z INFO [503/1000] 0ba33b39-d367-483b-b412-a7b759e98b01: 117 arrays, 0.7 MB stored; 1.3 s; peak memory 2097 MiB.
2026-10-08T18:04:10Z INFO [504/1000] 0ba2a566-3f71-4747-bfa8-8e88fd1399ff: 133 arrays, 45.3 MB stored; 2.9 s; peak memory 2097 MiB.
2026-10-08T18:04:11Z INFO [505/1000] 0ba4436e-9156-4717-b58a-96a611378013: 119 arrays, 0.1 MB stored; 1.1 s; peak memory 2097 MiB.
2026-10-08T18:04:16Z INFO [506/1000] 0ba5ae8d-e370-4112-830b-f6d15d5f6d0c: 812 arrays, 31.2 MB stored; 6.0 s; peak memory 2098 MiB.
2026-10-08T18:04:18Z INFO [507/1000] 0ba4d17d-c9cc-4e88-9927-e476e9bb738d: 952 arrays, 23.8 MB stored; 7.4 s; peak memory 2099 MiB.
2026-10-08T18:04:18Z INFO [508/1000] 0ba5c0ae-bb41-4b08-87d4-2a7bda86d2ce: 116 arrays, 0.2 MB stored; 1.4 s; peak memory 2099 MiB.
2026-10-08T18:04:19Z INFO [509/1000] 0ba5fa82-233c-45db-a35b-b3e482f9c94a: 74 arrays, 2.4 MB stored; 1.7 s; peak memory 2099 MiB.
2026-10-08T18:04:19Z INFO [510/1000] 0ba6ac96-d37e-439f-9efe-dba20a7310da: 48 arrays, 83.9 MB stored; 1.4 s; peak memory 2099 MiB.
2026-10-08T18:04:22Z INFO [511/1000] 0b919100-c0a7-453c-a1b9-7517df9e6e6a: 106 arrays, 3532.9 MB stored; 58.8 s; peak memory 2100 MiB.
2026-10-08T18:04:24Z INFO [512/1000] 0ba78944-3f6c-491a-a5cb-623822b4d8d8: 538 arrays, 8.2 MB stored; 4.3 s; peak memory 2100 MiB.
2026-10-08T18:04:25Z INFO [513/1000] 0ba873d0-6316-4248-acfd-7c6f1fd3f165: 118 arrays, 0.3 MB stored; 1.3 s; peak memory 2100 MiB.
2026-10-08T18:04:26Z INFO [514/1000] 0ba87013-650d-4269-8407-fcac6f5c219f: 38 arrays, 108.0 MB stored; 3.7 s; peak memory 2100 MiB.
2026-10-08T18:04:26Z INFO [515/1000] 0ba6d73b-7ad2-4e65-97ab-7361a9a59e05: 677 arrays, 20.6 MB stored; 7.2 s; peak memory 2101 MiB.
2026-10-08T18:04:27Z INFO [516/1000] 0ba8aca6-7b84-411d-af32-1a4ab2fec58a: 112 arrays, 0.6 MB stored; 1.4 s; peak memory 2101 MiB.
2026-10-08T18:04:28Z INFO [517/1000] 0ba95438-56b4-40c9-a72e-d4d67a55fe8c: 112 arrays, 0.8 MB stored; 1.5 s; peak memory 2102 MiB.
2026-10-08T18:04:29Z INFO [518/1000] 0ba9657d-38c2-4f7b-910a-759253f4aa29: 66 arrays, 126.8 MB stored; 1.6 s; peak memory 2102 MiB.
2026-10-08T18:04:29Z INFO [519/1000] 0ba9f7c2-f61d-40cf-9c67-8ab243847651: 48 arrays, 83.9 MB stored; 1.3 s; peak memory 2102 MiB.
2026-10-08T18:04:31Z INFO [520/1000] 0baa3698-391f-4262-a75d-ebe6b1a1866e: 110 arrays, 0.5 MB stored; 1.4 s; peak memory 2102 MiB.
2026-10-08T18:04:32Z INFO [521/1000] 0baa3982-6f2a-4925-abd5-c89e4993c80d: 48 arrays, 83.9 MB stored; 1.3 s; peak memory 2102 MiB.
2026-10-08T18:04:33Z INFO [522/1000] 0baa5d80-820b-4d63-a55c-35195677ebbb: 112 arrays, 0.6 MB stored; 1.4 s; peak memory 2102 MiB.
2026-10-08T18:04:33Z INFO [523/1000] 0baa096a-bbbd-4529-8a80-7688949854eb: 229 arrays, 570.0 MB stored; 4.6 s; peak memory 2102 MiB.
2026-10-08T18:04:34Z INFO [524/1000] 0ba28f30-b3ea-448a-94c3-b9c732d56fdf: 48 arrays, 40786.8 MB stored; 27.4 s; peak memory 2102 MiB.
2026-10-08T18:04:35Z INFO [525/1000] 0bab122e-7b88-4520-b60a-0d227a483b82: 47 arrays, 0.5 MB stored; 1.2 s; peak memory 2102 MiB.
2026-10-08T18:04:35Z INFO [526/1000] 0baae0a6-e853-4d2e-8fb5-90b84aee9051: 117 arrays, 0.3 MB stored; 1.4 s; peak memory 2103 MiB.
2026-10-08T18:04:35Z INFO [527/1000] 0ba88c46-dcc3-4b00-9152-38b585b013a8: 471 arrays, 2815.9 MB stored; 10.5 s; peak memory 2103 MiB.
2026-10-08T18:04:36Z INFO [528/1000] 0bab896b-9f03-4b14-b251-c744858e339c: 48 arrays, 83.9 MB stored; 1.3 s; peak memory 2103 MiB.
2026-10-08T18:04:36Z INFO [529/1000] 0bab16bd-65a1-4aed-927d-865034ceb998: 90 arrays, 196.9 MB stored; 2.7 s; peak memory 2103 MiB.
2026-10-08T18:04:37Z INFO [530/1000] 0bac7466-3f6f-49bf-8cb4-b9f205fe0b13: 112 arrays, 0.7 MB stored; 1.6 s; peak memory 2103 MiB.
2026-10-08T18:04:38Z INFO [531/1000] 0bac7833-7316-4aae-b418-9f8f09f3ede9: 158 arrays, 1.2 MB stored; 1.9 s; peak memory 2103 MiB.
2026-10-08T18:04:38Z INFO [532/1000] 0bad15d5-62c5-4a19-a289-b75ccd9ff676: 117 arrays, 0.3 MB stored; 1.4 s; peak memory 2104 MiB.
2026-10-08T18:04:39Z INFO [533/1000] 0baca61d-eb8f-4642-a715-b2fe2892fb3f: 114 arrays, 186.8 MB stored; 2.7 s; peak memory 2104 MiB.
2026-10-08T18:04:39Z INFO [534/1000] 0badfc74-5698-41d3-aca2-733a0763196e: 48 arrays, 83.9 MB stored; 1.4 s; peak memory 2104 MiB.
2026-10-08T18:04:40Z INFO [535/1000] 0bae61c7-2b37-41e1-b617-5e437a88836d: 84 arrays, 0.4 MB stored; 1.4 s; peak memory 2104 MiB.
2026-10-08T18:04:40Z INFO [536/1000] 0baf5fc9-f49f-4a79-a949-dcdef6c8b547: 48 arrays, 83.9 MB stored; 1.3 s; peak memory 2104 MiB.
2026-10-08T18:04:41Z INFO [537/1000] 0bb031bb-d0ae-4d83-915f-89ed1046b7f3: 65 arrays, 0.4 MB stored; 1.5 s; peak memory 2104 MiB.
2026-10-08T18:04:41Z INFO [538/1000] 0bafb133-2f60-44e0-b62f-93a7abd2d409: 53 arrays, 749.4 MB stored; 2.0 s; peak memory 2104 MiB.
2026-10-08T18:04:42Z INFO [539/1000] 0bb03fe0-a7b5-4347-92b5-d36ec157b7ff: 116 arrays, 0.2 MB stored; 1.3 s; peak memory 2104 MiB.
2026-10-08T18:04:43Z INFO [540/1000] 0bb185ba-5f1e-4e12-9173-95c0bf0438ff: 117 arrays, 0.2 MB stored; 1.4 s; peak memory 2104 MiB.
2026-10-08T18:04:43Z INFO [541/1000] 0bb2fae8-9d0d-4561-945f-e68d101e23b3: 48 arrays, 83.9 MB stored; 1.5 s; peak memory 2105 MiB.
2026-10-08T18:04:43Z INFO [542/1000] 0bb2fefc-81b2-46c3-a7f3-074f4256de1e: 48 arrays, 83.9 MB stored; 1.3 s; peak memory 2105 MiB.
2026-10-08T18:04:44Z INFO [543/1000] 0ba15b00-c1f1-499b-85c2-91f1ac65f52d: 52 arrays, 1980.5 MB stored; 39.7 s; peak memory 2105 MiB.
2026-10-08T18:04:44Z INFO [544/1000] 0bb3e9e2-cc62-4a05-8368-725eb107f03b: 57 arrays, 0.0 MB stored; 1.2 s; peak memory 2105 MiB.
2026-10-08T18:04:44Z INFO [545/1000] 0bb3bbfe-538b-4ed3-b683-c436b42366da: 48 arrays, 83.9 MB stored; 1.4 s; peak memory 2105 MiB.
2026-10-08T18:04:44Z INFO [546/1000] 0bb3a36f-8617-4b5d-acc1-811f9a10c6e1: 85 arrays, 1.2 MB stored; 1.6 s; peak memory 2105 MiB.
2026-10-08T18:04:45Z INFO [547/1000] 0bb401f6-f820-4932-964a-f30a84bdf353: 129 arrays, 0.3 MB stored; 1.2 s; peak memory 2105 MiB.
2026-10-08T18:04:46Z INFO [548/1000] 0bb4805d-9f73-4e21-a713-25ed1a0ed788: 48 arrays, 83.9 MB stored; 1.5 s; peak memory 2105 MiB.
2026-10-08T18:04:46Z INFO [549/1000] 0bb43f23-8d15-4c1e-94b0-fef2faf77590: 51 arrays, 4466.8 MB stored; 1.9 s; peak memory 2105 MiB.
2026-10-08T18:04:46Z INFO [550/1000] 0bb4bb71-c105-45d2-bb78-e37eea20056a: 117 arrays, 0.2 MB stored; 1.4 s; peak memory 2105 MiB.
2026-10-08T18:04:47Z INFO [551/1000] 0bb4d459-f849-4c6d-933a-9ddc34745d3c: 117 arrays, 0.3 MB stored; 1.4 s; peak memory 2105 MiB.
2026-10-08T18:04:48Z INFO [552/1000] 0bb4ff1d-6fa4-4fbb-a2b4-a84146b79056: 112 arrays, 0.6 MB stored; 1.7 s; peak memory 2105 MiB.
2026-10-08T18:04:48Z INFO [553/1000] 0bb52018-feaf-4f97-bc9f-9ea043a82ef1: 116 arrays, 0.4 MB stored; 1.7 s; peak memory 2106 MiB.
2026-10-08T18:04:49Z INFO [554/1000] 0bb59fd1-3e9c-4bdc-89d5-7f597e6b04b7: 92 arrays, 8.9 MB stored; 1.4 s; peak memory 2106 MiB.
2026-10-08T18:04:49Z INFO [555/1000] 0bab38ee-e4a6-4a4c-958e-11346cf12bd5: 964 arrays, 33.9 MB stored; 14.4 s; peak memory 2107 MiB.
2026-10-08T18:04:49Z INFO [556/1000] 0bb5e152-671c-4cf3-a803-8b01fea46af8: 118 arrays, 0.5 MB stored; 1.5 s; peak memory 2107 MiB.
2026-10-08T18:04:49Z INFO [557/1000] 0bb71274-3055-46c4-bfdd-bfe10b0c6e27: 118 arrays, 0.4 MB stored; 1.6 s; peak memory 2107 MiB.
2026-10-08T18:04:50Z INFO [558/1000] 0bb767ae-eeaa-4de3-a7b7-4eb3783c81b2: 115 arrays, 0.3 MB stored; 1.6 s; peak memory 2107 MiB.
2026-10-08T18:04:50Z INFO [559/1000] 0bb44ecf-20de-41ba-ba9a-beea340a36cb: 231 arrays, 30.7 MB stored; 6.0 s; peak memory 2107 MiB.
2026-10-08T18:04:50Z INFO [560/1000] 0bb7841a-96a8-49de-a9ea-b4b74cc79d90: 48 arrays, 83.9 MB stored; 1.4 s; peak memory 2107 MiB.
2026-10-08T18:04:51Z INFO [561/1000] 0bb7dc38-7e44-46d3-8ead-518ddf010186: 48 arrays, 83.9 MB stored; 1.4 s; peak memory 2107 MiB.
2026-10-08T18:04:51Z INFO [562/1000] 0bb814ea-0794-48d4-9921-bec5cfdafea9: 122 arrays, 0.3 MB stored; 1.3 s; peak memory 2107 MiB.
2026-10-08T18:04:52Z INFO [563/1000] 0bb87306-ff51-4af3-be35-61288b2dc801: 46 arrays, 12.6 MB stored; 1.5 s; peak memory 2107 MiB.
2026-10-08T18:04:52Z INFO [564/1000] 0bb8a18d-ed79-4f17-806f-5359895e4218: 48 arrays, 83.9 MB stored; 1.5 s; peak memory 2108 MiB.
2026-10-08T18:04:52Z INFO [565/1000] 0bb94908-39c3-43d7-9cfa-28a1bcc57fc6: 48 arrays, 83.9 MB stored; 1.4 s; peak memory 2108 MiB.
2026-10-08T18:04:52Z INFO [566/1000] 0bb88a01-2e56-4444-be7f-5b955660ef64: 112 arrays, 0.6 MB stored; 1.9 s; peak memory 2108 MiB.
2026-10-08T18:04:53Z INFO [567/1000] 0bb9d226-fa99-4ea4-a669-b22ce0d5cfa2: 114 arrays, 0.2 MB stored; 1.3 s; peak memory 2108 MiB.
2026-10-08T18:04:53Z INFO [568/1000] 0bb9e2c1-629c-4e44-838b-ee6ab2698503: 36 arrays, 5.2 MB stored; 1.2 s; peak memory 2108 MiB.
2026-10-08T18:04:54Z INFO [569/1000] 0b6de141-5af5-4d19-9536-d22cb9ee9621: 250 arrays, 20726.5 MB stored; 143.0 s; peak memory 2108 MiB.
2026-10-08T18:04:54Z INFO [570/1000] 0bbb3b87-f438-4d78-9a28-0fb0baed8ada: 48 arrays, 83.9 MB stored; 1.5 s; peak memory 2108 MiB.
2026-10-08T18:04:55Z INFO [571/1000] 0bbc7582-0430-47b4-a628-73242d4f2112: 117 arrays, 0.4 MB stored; 1.5 s; peak memory 2108 MiB.
2026-10-08T18:04:55Z INFO [572/1000] 0bbb8a75-ea84-4c98-be1b-949a15803310: 289 arrays, 17.2 MB stored; 1.8 s; peak memory 2109 MiB.
2026-10-08T18:04:55Z INFO [573/1000] 0bbc8474-d62c-4c58-b451-2ea89385e1d8: 56 arrays, 0.0 MB stored; 1.3 s; peak memory 2109 MiB.
2026-10-08T18:04:55Z INFO [574/1000] 0bbc7d3c-cfb6-49f6-b631-b747f74dc26b: 112 arrays, 0.6 MB stored; 1.6 s; peak memory 2109 MiB.
2026-10-08T18:04:57Z INFO [575/1000] 0bbcab52-c8cd-4081-9e75-9a6d2f661e37: 109 arrays, 0.7 MB stored; 1.9 s; peak memory 2109 MiB.
2026-10-08T18:04:57Z INFO [576/1000] 0bbcdf37-c5a6-483b-ade9-341f27b13856: 112 arrays, 1.0 MB stored; 1.9 s; peak memory 2109 MiB.
2026-10-08T18:04:58Z INFO [577/1000] 0bbcdb26-a817-4116-9d67-8f959f7aba52: 49 arrays, 688.9 MB stored; 2.7 s; peak memory 2109 MiB.
2026-10-08T18:04:59Z INFO [578/1000] 0bb9b4e6-5449-4d6d-9524-c14604ed2fe4: 3497 arrays, 13.5 MB stored; 7.8 s; peak memory 2114 MiB.
2026-10-08T18:04:59Z INFO [579/1000] 0bbd1683-6581-49ac-82e1-c84eab485531: 110 arrays, 0.6 MB stored; 1.6 s; peak memory 2114 MiB.
2026-10-08T18:04:59Z INFO [580/1000] 0bba2697-0377-4037-a706-eecf04fb61d9: 427 arrays, 68.4 MB stored; 6.7 s; peak memory 2115 MiB.
2026-10-08T18:04:59Z INFO [581/1000] 0bbd6962-0ba4-4a61-94b4-161a3d4a5efb: 116 arrays, 0.2 MB stored; 1.4 s; peak memory 2115 MiB.
2026-10-08T18:05:00Z INFO [582/1000] 0bbd78a2-dc4f-4f2d-9241-bce85b4a8e10: 117 arrays, 0.2 MB stored; 1.4 s; peak memory 2115 MiB.
2026-10-08T18:05:00Z INFO [583/1000] 0bbcea62-4814-424c-8235-a91142dfcfec: 314 arrays, 6.7 MB stored; 3.4 s; peak memory 2115 MiB.
2026-10-08T18:05:00Z INFO [584/1000] 0bbf052e-3878-46a3-a14d-57df85586f72: 117 arrays, 0.5 MB stored; 1.5 s; peak memory 2115 MiB.
2026-10-08T18:05:00Z INFO [585/1000] 0bbf31a0-64bd-4ae3-b213-9929a1073f85: 52 arrays, 15.8 MB stored; 1.4 s; peak memory 2115 MiB.
2026-10-08T18:05:01Z INFO [586/1000] 0bbe4ddd-6289-4caa-8ad9-70bfc9f9bdc3: 68 arrays, 165.4 MB stored; 2.6 s; peak memory 2115 MiB.
2026-10-08T18:05:02Z INFO [587/1000] 0bc1a4df-ca91-4427-a6cb-e79f56e32d24: 84 arrays, 1.3 MB stored; 1.7 s; peak memory 2115 MiB.
2026-10-08T18:05:02Z INFO [588/1000] 0bc1d8d2-92ff-4324-86b8-2699a1980ad0: 66 arrays, 40.8 MB stored; 2.0 s; peak memory 2115 MiB.
2026-10-08T18:05:03Z INFO [589/1000] 0bc20038-2aa0-4089-8940-6b4d988457ab: 51 arrays, 3979.3 MB stored; 1.7 s; peak memory 2115 MiB.
2026-10-08T18:05:03Z INFO [590/1000] 0bc23670-63be-4d55-a9ba-ae8adec4b69b: 48 arrays, 83.9 MB stored; 1.4 s; peak memory 2116 MiB.
2026-10-08T18:05:04Z INFO [591/1000] 0bc34c6e-b471-4c8c-9e72-72ec064b4a37: 48 arrays, 83.9 MB stored; 1.3 s; peak memory 2116 MiB.
2026-10-08T18:05:06Z INFO [592/1000] 0bc3220f-009b-43cc-9cda-7d0644a51417: 491 arrays, 6.8 MB stored; 4.0 s; peak memory 2116 MiB.
2026-10-08T18:05:08Z INFO [593/1000] 0bbf8c8e-a200-4f9b-9edc-3b12a6033178: 615 arrays, 37.7 MB stored; 8.1 s; peak memory 2117 MiB.
2026-10-08T18:05:08Z INFO [594/1000] 0bc41f85-1401-4a9d-929e-fefb49d374ff: 51 arrays, 6212.0 MB stored; 1.8 s; peak memory 2117 MiB.
2026-10-08T18:05:08Z INFO [595/1000] 0bc3cd29-cbe4-4c8b-8319-328890f73918: 537 arrays, 16.3 MB stored; 4.9 s; peak memory 2118 MiB.
2026-10-08T18:05:10Z INFO [596/1000] 0bc50623-3a3d-4aac-a63b-09643095843c: 64 arrays, 139.4 MB stored; 2.4 s; peak memory 2118 MiB.
2026-10-08T18:05:11Z INFO [597/1000] 0bc5316f-66c0-4038-b90c-27624e61f3a5: 54 arrays, 1012.2 MB stored; 2.4 s; peak memory 2118 MiB.
2026-10-08T18:05:12Z INFO [598/1000] 0bc5a608-7e35-4511-82d5-c333916c3a32: 112 arrays, 0.6 MB stored; 1.5 s; peak memory 2118 MiB.
2026-10-08T18:05:13Z INFO [599/1000] 0bc5bc8e-24f8-4540-a625-b647eb0e2e00: 115 arrays, 190.1 MB stored; 2.4 s; peak memory 2118 MiB.
2026-10-08T18:05:13Z INFO [600/1000] 0bc5ebc0-34a4-4f2a-8f9f-eea9d781ec57: 48 arrays, 83.9 MB stored; 1.2 s; peak memory 2118 MiB.
2026-10-08T18:05:18Z INFO [600/1000] 0bc5ebc0-34a4-4f2a-8f9f-eea9d781ec57: checkpointed 7800 new records.
2026-10-08T18:05:18Z INFO [601/1000] 0bc5f9f4-c30e-454e-9cb1-bbf8aed651c9: 48 arrays, 83.9 MB stored; 1.5 s; peak memory 2127 MiB.
2026-10-08T18:05:18Z INFO [602/1000] 0bc63bf7-48b5-4f32-9413-15f6c2af74dd: 158 arrays, 0.3 MB stored; 1.4 s; peak memory 2127 MiB.
2026-10-08T18:05:18Z INFO [603/1000] 0bc6ed24-1620-4f22-bf77-0e8af77f2a7d: 46 arrays, 0.1 MB stored; 1.2 s; peak memory 2127 MiB.
2026-10-08T18:05:18Z INFO [604/1000] 0bc71404-b447-40c2-a6cf-200646978f6c: 48 arrays, 83.9 MB stored; 1.5 s; peak memory 2127 MiB.
2026-10-08T18:05:18Z INFO [605/1000] 0bc802cf-682e-4859-abc5-f3cf159b3c42: 48 arrays, 83.9 MB stored; 1.3 s; peak memory 2127 MiB.
2026-10-08T18:05:18Z INFO [606/1000] 0bc868d2-7e80-44be-b450-8d6acbfa1fe0: 46 arrays, 0.0 MB stored; 1.1 s; peak memory 2127 MiB.
2026-10-08T18:05:18Z INFO [607/1000] 0bc52c99-bf98-47d6-a856-e05133a2751d: 108 arrays, 87.2 MB stored; 9.1 s; peak memory 2127 MiB.
2026-10-08T18:05:19Z INFO [608/1000] 0bca16a0-536e-41a8-a6dc-3fca13768593: 112 arrays, 1.0 MB stored; 1.8 s; peak memory 2127 MiB.
2026-10-08T18:05:19Z INFO [609/1000] 0bc9d397-c0d9-45be-a3ed-cc668becca7c: 62 arrays, 2976.2 MB stored; 2.1 s; peak memory 2127 MiB.
2026-10-08T18:05:20Z INFO [610/1000] 0bcabc6b-7110-49e5-bf4a-5fcf279f27c3: 69 arrays, 1.7 MB stored; 1.4 s; peak memory 2127 MiB.
2026-10-08T18:05:21Z INFO [611/1000] 0bcba855-7e9b-456e-bd5b-39749b933e19: 93 arrays, 99.9 MB stored; 1.6 s; peak memory 2127 MiB.
2026-10-08T18:05:22Z INFO [612/1000] 0bcc781d-1da7-45bf-b8e2-26028deb4a22: 68 arrays, 12.6 MB stored; 1.4 s; peak memory 2127 MiB.
2026-10-08T18:05:24Z INFO [613/1000] 0bca2b96-1c1e-40a2-a6f6-fd6fb4ef42ef: 46 arrays, 2590.9 MB stored; 6.5 s; peak memory 2127 MiB.
2026-10-08T18:05:24Z INFO [614/1000] 0bcca59b-2b48-43af-9e93-aa4492ba53df: 66 arrays, 65.7 MB stored; 1.7 s; peak memory 2127 MiB.
2026-10-08T18:05:24Z INFO [615/1000] 0bbc9d1f-8061-49e2-a20b-46841bf16cb8: 48 arrays, 37389.6 MB stored; 29.6 s; peak memory 2127 MiB.
2026-10-08T18:05:25Z INFO [616/1000] 0bcda83c-ee63-4209-b592-9438faa49fde: 48 arrays, 83.9 MB stored; 1.5 s; peak memory 2127 MiB.
2026-10-08T18:05:25Z INFO [617/1000] 0bcddefb-5b61-419e-8f67-609c9727b73d: 48 arrays, 83.9 MB stored; 1.4 s; peak memory 2127 MiB.
2026-10-08T18:05:26Z INFO [618/1000] 0bcc3ff1-3109-4980-a980-93244175dc86: 90 arrays, 5754.5 MB stored; 5.1 s; peak memory 2127 MiB.
2026-10-08T18:05:26Z INFO [619/1000] 0bce13d4-d38d-47a7-8140-64403104e7b7: 38 arrays, 0.5 MB stored; 1.2 s; peak memory 2127 MiB.
2026-10-08T18:05:27Z INFO [620/1000] 0bce8b8a-1351-436d-9059-5e5af7133fdf: 54 arrays, 0.0 MB stored; 1.2 s; peak memory 2127 MiB.
2026-10-08T18:05:27Z INFO [621/1000] 0bce704c-2716-46eb-8323-6d481f9d28cf: 69 arrays, 3.0 MB stored; 1.5 s; peak memory 2127 MiB.
2026-10-08T18:05:27Z INFO [622/1000] 0bcdf64b-04d1-4031-ba0a-52115cfba457: 115 arrays, 186.8 MB stored; 3.0 s; peak memory 2127 MiB.
2026-10-08T18:05:28Z INFO [623/1000] 0bcefb1f-b534-4275-ad68-fed0ae35e43e: 48 arrays, 83.9 MB stored; 1.2 s; peak memory 2127 MiB.
2026-10-08T18:05:28Z INFO [624/1000] 0bced898-a6cb-4b74-a680-718b5f70ae23: 117 arrays, 0.4 MB stored; 1.5 s; peak memory 2127 MiB.
2026-10-08T18:05:30Z INFO [625/1000] 0bcff009-ec8c-4060-a214-132e66aeda93: 289 arrays, 17.1 MB stored; 1.6 s; peak memory 2127 MiB.
2026-10-08T18:05:30Z INFO [626/1000] 0bcfde87-1431-4b9a-b359-e7d0a4426b34: 71 arrays, 2.5 MB stored; 1.7 s; peak memory 2127 MiB.
2026-10-08T18:05:31Z INFO [627/1000] 0bcf081f-eec9-4d83-9e89-66695e097428: 412 arrays, 4.2 MB stored; 3.7 s; peak memory 2127 MiB.
2026-10-08T18:05:31Z INFO [628/1000] 0bd172d4-eafc-4575-be62-903787f57485: 48 arrays, 83.9 MB stored; 1.3 s; peak memory 2127 MiB.
2026-10-08T18:05:31Z INFO [629/1000] 0bd0e18d-db46-40db-94e4-6326a019e6c7: 66 arrays, 14.3 MB stored; 1.4 s; peak memory 2127 MiB.
2026-10-08T18:05:32Z INFO [630/1000] 0bd1fa67-a538-45d6-84eb-2d36abd19471: 117 arrays, 0.3 MB stored; 1.3 s; peak memory 2127 MiB.
2026-10-08T18:05:32Z INFO [631/1000] 0bd2bda9-6858-4e94-bfb9-b6758dd0322e: 48 arrays, 83.9 MB stored; 1.4 s; peak memory 2127 MiB.
2026-10-08T18:05:33Z INFO [632/1000] 0bd31b03-7918-4150-bda2-087cc8b3e14a: 112 arrays, 0.8 MB stored; 1.7 s; peak memory 2127 MiB.
2026-10-08T18:05:33Z INFO [633/1000] 0bcf3a53-8598-411f-9575-7e0f905c1371: 229 arrays, 583.2 MB stored; 5.5 s; peak memory 2127 MiB.
2026-10-08T18:05:34Z INFO [634/1000] 0bd40234-a176-4928-94d8-8da531f0f595: 48 arrays, 83.9 MB stored; 1.4 s; peak memory 2127 MiB.
2026-10-08T18:05:35Z INFO [635/1000] 0bd36935-95e5-4e4d-ad1f-39966eaa06b8: 156 arrays, 193.6 MB stored; 2.8 s; peak memory 2127 MiB.
2026-10-08T18:05:35Z INFO [636/1000] 0bd4c714-54a7-4037-a340-74930d0b581e: 48 arrays, 83.9 MB stored; 1.2 s; peak memory 2127 MiB.
2026-10-08T18:05:36Z INFO [637/1000] 0bd5c22c-21a9-434c-a899-f5f658bb0413: 117 arrays, 0.2 MB stored; 1.3 s; peak memory 2127 MiB.
2026-10-08T18:05:37Z INFO [638/1000] 0bd5cb3e-5c90-425a-89ac-77271ad47ea0: 77 arrays, 0.0 MB stored; 1.4 s; peak memory 2127 MiB.
2026-10-08T18:05:37Z INFO [639/1000] 0bd39482-6bbe-4073-a11d-922cd48e17c8: 441 arrays, 4.9 MB stored; 4.1 s; peak memory 2127 MiB.
2026-10-08T18:05:37Z INFO [640/1000] 0bd372ab-64bd-4d5b-a6b9-513d8839e8fc: 542 arrays, 6.6 MB stored; 4.8 s; peak memory 2127 MiB.
2026-10-08T18:05:38Z INFO [641/1000] 0bd5eb4e-26ef-45d0-b523-ba0846b9bd88: 62 arrays, 3023.6 MB stored; 1.7 s; peak memory 2127 MiB.
2026-10-08T18:05:38Z INFO [642/1000] 0bd6a774-b823-4c89-8e32-26e5dea58d9c: 112 arrays, 0.4 MB stored; 1.6 s; peak memory 2127 MiB.
2026-10-08T18:05:38Z INFO [643/1000] 0bd689c6-8085-4f00-848d-55ec8dc3e76f: 84 arrays, 4.5 MB stored; 1.6 s; peak memory 2127 MiB.
2026-10-08T18:05:38Z INFO [644/1000] 0bd723d1-19b6-467f-8022-f1dbc32c4b43: 48 arrays, 83.9 MB stored; 1.3 s; peak memory 2127 MiB.
2026-10-08T18:05:40Z INFO [645/1000] 0bd77fbd-e33f-4363-92ef-adfbc104d939: 117 arrays, 0.3 MB stored; 1.6 s; peak memory 2127 MiB.
2026-10-08T18:05:40Z INFO [646/1000] 0bd7b8ca-5f3a-4006-a80c-0ccaa10ee260: 48 arrays, 83.9 MB stored; 1.7 s; peak memory 2127 MiB.
2026-10-08T18:05:40Z INFO [647/1000] 0bd774c0-db6d-49a6-86c9-39356ebacc4d: 152 arrays, 193.3 MB stored; 2.7 s; peak memory 2127 MiB.
2026-10-08T18:05:41Z INFO [648/1000] 0bd8a181-8f54-4aa7-beb5-d6c066d7fe19: 60 arrays, 11.0 MB stored; 1.4 s; peak memory 2127 MiB.
2026-10-08T18:05:42Z INFO [649/1000] 0bd9d269-df68-4864-883f-3bcb15551fc7: 261 arrays, 17.2 MB stored; 1.8 s; peak memory 2127 MiB.
2026-10-08T18:05:43Z INFO [650/1000] 0bd98929-2cdb-4fc6-a7e4-8eaeac2ea978: 38 arrays, 34.3 MB stored; 2.3 s; peak memory 2127 MiB.
2026-10-08T18:05:43Z INFO [651/1000] 0bd77bd0-0bc3-4cdf-a23a-baf47ba1768e: 92 arrays, 259.3 MB stored; 4.7 s; peak memory 2127 MiB.
2026-10-08T18:05:43Z INFO [652/1000] 0bda89c4-99a8-47fd-9322-fe4c3af9fce6: 42 arrays, 0.8 MB stored; 1.2 s; peak memory 2127 MiB.
2026-10-08T18:05:43Z INFO [653/1000] 0bda658b-44e1-440b-b57a-773509d7a5ee: 152 arrays, 1.2 MB stored; 2.0 s; peak memory 2127 MiB.
2026-10-08T18:05:44Z INFO [654/1000] 0bda8fb3-1d30-4e0f-8ee5-93c2b793bc72: 48 arrays, 83.9 MB stored; 1.3 s; peak memory 2127 MiB.
2026-10-08T18:05:45Z INFO [655/1000] 0bdb6ca7-20b5-42c2-9f8a-e4d8253b3bb4: 48 arrays, 83.9 MB stored; 1.5 s; peak memory 2127 MiB.
2026-10-08T18:05:45Z INFO [656/1000] 0bdb884b-79a5-4290-abc4-9448098db9d1: 117 arrays, 0.3 MB stored; 1.4 s; peak memory 2127 MiB.
2026-10-08T18:05:45Z INFO [657/1000] 0bdbd74c-9fd8-4372-a0ea-c232d5e74c10: 48 arrays, 83.9 MB stored; 1.3 s; peak memory 2127 MiB.
2026-10-08T18:05:46Z INFO [658/1000] 0bdd04b3-0270-4289-a8e9-0a50898cf708: 117 arrays, 0.3 MB stored; 1.3 s; peak memory 2127 MiB.
2026-10-08T18:05:47Z INFO [659/1000] 0bdc44aa-d27a-4935-a3fe-60f302fa798e: 101 arrays, 10.3 MB stored; 1.8 s; peak memory 2127 MiB.
2026-10-08T18:05:48Z INFO [660/1000] 0b89257d-d804-4b41-85fd-77eb4efe20bd: 167 arrays, 21069.2 MB stored; 152.9 s; peak memory 2127 MiB.
2026-10-08T18:05:48Z INFO [661/1000] 0bdd54c4-f1b7-4d4b-8680-693c9077917f: 112 arrays, 0.5 MB stored; 1.5 s; peak memory 2127 MiB.
2026-10-08T18:05:48Z INFO [662/1000] 0bdc4685-162c-4ede-ae70-5424ca2f549c: 119 arrays, 67.5 MB stored; 3.0 s; peak memory 2127 MiB.
2026-10-08T18:05:48Z INFO [663/1000] 0bde8a3e-7ce7-4e76-a67c-b85b4faed006: 116 arrays, 0.4 MB stored; 1.5 s; peak memory 2127 MiB.
2026-10-08T18:05:49Z INFO [664/1000] 0bc1a430-05a1-4a8a-a541-d5726602326c: 52 arrays, 2273.5 MB stored; 49.0 s; peak memory 2127 MiB.
2026-10-08T18:05:49Z INFO [665/1000] 0bded34a-db3f-46bf-a4f8-cf8147a4d337: 52 arrays, 15.1 MB stored; 1.5 s; peak memory 2127 MiB.
2026-10-08T18:05:49Z INFO [666/1000] 0bdee252-beff-450b-94d2-3551dcbca431: 48 arrays, 83.9 MB stored; 1.5 s; peak memory 2127 MiB.
2026-10-08T18:05:50Z INFO [667/1000] 0be04d93-44a9-46bb-b29e-9b2ff36744d9: 117 arrays, 0.5 MB stored; 1.6 s; peak memory 2127 MiB.
2026-10-08T18:05:50Z INFO [668/1000] 0be051ee-8a61-4261-9bf4-f469e11fcbe4: 48 arrays, 83.9 MB stored; 1.3 s; peak memory 2127 MiB.
2026-10-08T18:05:51Z INFO [669/1000] 0be0746d-3ed4-4bf9-95ed-6aa392c0239b: 48 arrays, 83.9 MB stored; 1.4 s; peak memory 2127 MiB.
2026-10-08T18:05:51Z INFO [670/1000] 0be065b3-9f2c-4f6c-9b96-1e38be76bf99: 62 arrays, 4010.5 MB stored; 1.8 s; peak memory 2127 MiB.
2026-10-08T18:05:52Z INFO [671/1000] 0be16cbe-81d7-42dd-83a1-e96b75fa4b1a: 48 arrays, 83.9 MB stored; 1.3 s; peak memory 2127 MiB.
2026-10-08T18:05:52Z INFO [672/1000] 0bdf7973-7c95-44a8-ab5d-730a5b93d1c4: 553 arrays, 8.2 MB stored; 4.3 s; peak memory 2127 MiB.
2026-10-08T18:05:53Z INFO [673/1000] 0be195d2-12ee-4649-9a45-81f9bf3a1122: 112 arrays, 0.6 MB stored; 1.5 s; peak memory 2127 MiB.
2026-10-08T18:05:53Z INFO [674/1000] 0be1b660-0217-4bd8-9733-72807129e6a4: 48 arrays, 83.9 MB stored; 1.3 s; peak memory 2127 MiB.
2026-10-08T18:05:54Z INFO [675/1000] 0be23455-a494-4d6b-89d2-4a52ca720b57: 112 arrays, 1.1 MB stored; 1.9 s; peak memory 2127 MiB.
2026-10-08T18:05:55Z INFO [676/1000] 0be3f5f4-5629-4dd4-acea-aceb0a8d31a3: 48 arrays, 83.9 MB stored; 1.1 s; peak memory 2127 MiB.
2026-10-08T18:05:55Z INFO [677/1000] 0be1c9f1-a074-482b-beaf-8035fafe307e: 84 arrays, 337.8 MB stored; 3.2 s; peak memory 2127 MiB.
2026-10-08T18:05:56Z INFO [678/1000] 0be4b820-ceee-4a8b-b07e-b0b803cdb473: 37 arrays, 0.0 MB stored; 1.2 s; peak memory 2128 MiB.
2026-10-08T18:05:56Z INFO [679/1000] 0be52d2b-6db6-49c9-a7d4-ca06b5726a91: 118 arrays, 0.4 MB stored; 1.5 s; peak memory 2128 MiB.
2026-10-08T18:05:57Z INFO [680/1000] 0be595e1-acb1-433d-b50b-e860c8f70be9: 66 arrays, 12.5 MB stored; 1.6 s; peak memory 2128 MiB.
2026-10-08T18:05:57Z INFO [681/1000] 0be60064-ba6c-4a9f-95a8-0b1e1f7a3ce9: 48 arrays, 83.9 MB stored; 1.2 s; peak memory 2128 MiB.
2026-10-08T18:05:58Z INFO [682/1000] 0be5dc3b-eae7-406c-ad48-3f09389267ff: 156 arrays, 193.5 MB stored; 2.8 s; peak memory 2128 MiB.
2026-10-08T18:05:59Z INFO [683/1000] 0be7940d-1b9c-4ecb-9791-e02007a8a926: 112 arrays, 0.1 MB stored; 1.4 s; peak memory 2128 MiB.
2026-10-08T18:06:00Z INFO [684/1000] 0be93f18-8608-4df2-a594-97c67759ffff: 72 arrays, 0.0 MB stored; 1.4 s; peak memory 2128 MiB.
2026-10-08T18:06:00Z INFO [685/1000] 0be08bea-389a-4daf-a90c-acc311e9a6c0: 939 arrays, 28.5 MB stored; 10.3 s; peak memory 2129 MiB.
2026-10-08T18:06:00Z INFO [686/1000] 0be940c2-8c26-47da-9947-889855e1918d: 117 arrays, 0.5 MB stored; 1.4 s; peak memory 2129 MiB.
2026-10-08T18:06:01Z INFO [687/1000] 0be999a5-81a1-45cb-83d3-198b6a32ab60: 48 arrays, 0.0 MB stored; 1.2 s; peak memory 2129 MiB.
2026-10-08T18:06:02Z INFO [688/1000] 0be95fc6-b2f9-446b-87ee-2a47175b127c: 62 arrays, 2623.1 MB stored; 1.6 s; peak memory 2129 MiB.
2026-10-08T18:06:03Z INFO [689/1000] 0bea0408-c79c-4b51-b675-f7f987043374: 92 arrays, 67.5 MB stored; 1.5 s; peak memory 2129 MiB.
2026-10-08T18:06:03Z INFO [690/1000] 0beabc9c-0c5c-4890-a145-ab85be33897f: 112 arrays, 0.7 MB stored; 1.4 s; peak memory 2130 MiB.
2026-10-08T18:06:04Z INFO [691/1000] 0be0a808-d09d-466e-ac8b-3de399d48cdc: 38 arrays, 431.1 MB stored; 13.2 s; peak memory 2130 MiB.
2026-10-08T18:06:04Z INFO [692/1000] 0beb8aa5-cbec-4f7a-9b16-7cc5ee6de367: 48 arrays, 251.7 MB stored; 1.3 s; peak memory 2130 MiB.
2026-10-08T18:06:06Z INFO [693/1000] 0be719c1-00c0-4756-823b-08f15b40391b: 931 arrays, 39.4 MB stored; 8.6 s; peak memory 2131 MiB.
2026-10-08T18:06:06Z INFO [694/1000] 0beca01a-54bd-4714-9b64-f4fcd92c9dcc: 48 arrays, 83.9 MB stored; 1.4 s; peak memory 2131 MiB.
2026-10-08T18:06:06Z INFO [695/1000] 0bebd8db-4ad3-4d35-b60a-b85931f34f15: 71 arrays, 130.1 MB stored; 2.3 s; peak memory 2131 MiB.
2026-10-08T18:06:07Z INFO [696/1000] 0bed09d6-f58a-4715-9f5b-d87f3f43b501: 48 arrays, 83.9 MB stored; 1.6 s; peak memory 2131 MiB.
2026-10-08T18:06:07Z INFO [697/1000] 0bee4f44-a071-44b7-a6a9-0c562f8d92c7: 112 arrays, 0.4 MB stored; 1.7 s; peak memory 2131 MiB.
2026-10-08T18:06:08Z INFO [698/1000] 0bee5ab4-db69-4f92-a5f5-dd7a20ed91df: 71 arrays, 4.0 MB stored; 1.8 s; peak memory 2131 MiB.
2026-10-08T18:06:09Z INFO [699/1000] 0bef848c-7a1d-423f-8f66-dae0a33c8b0a: 48 arrays, 83.9 MB stored; 1.3 s; peak memory 2131 MiB.
2026-10-08T18:06:09Z INFO [700/1000] 0beea927-1d05-4951-b370-5d0df14cbcba: 71 arrays, 7.2 MB stored; 1.8 s; peak memory 2131 MiB.
2026-10-08T18:06:10Z INFO [701/1000] 0bea007c-0c61-4de2-b33b-5e2d3a13923b: 11477 arrays, 412.1 MB stored; 10.2 s; peak memory 2144 MiB.
2026-10-08T18:06:11Z INFO [702/1000] 0bf03b84-2593-439e-9ea9-965d3762846d: 48 arrays, 83.9 MB stored; 1.4 s; peak memory 2144 MiB.
2026-10-08T18:06:11Z INFO [703/1000] 0bee8a84-5d66-4337-a23e-9bb555b415cd: 229 arrays, 231.8 MB stored; 4.2 s; peak memory 2145 MiB.
2026-10-08T18:06:12Z INFO [704/1000] 0bf08a59-9cdb-4430-b17f-113916442462: 119 arrays, 0.1 MB stored; 1.4 s; peak memory 2145 MiB.
2026-10-08T18:06:12Z INFO [705/1000] 0bf0a692-94b5-4149-8eeb-8344431d8c0d: 112 arrays, 0.4 MB stored; 1.4 s; peak memory 2145 MiB.
2026-10-08T18:06:13Z INFO [706/1000] 0bf1bcb2-c64a-45d3-b40b-ad4fa6b79f58: 46 arrays, 0.1 MB stored; 1.1 s; peak memory 2145 MiB.
2026-10-08T18:06:13Z INFO [707/1000] 0bf202ee-0bf6-43e4-b3fe-d14c83898694: 116 arrays, 0.4 MB stored; 1.3 s; peak memory 2145 MiB.
2026-10-08T18:06:14Z INFO [708/1000] 0bf22d77-708e-4291-aa74-4e75379cd50e: 48 arrays, 83.9 MB stored; 1.2 s; peak memory 2145 MiB.
2026-10-08T18:06:14Z INFO [709/1000] 0bdb5005-a976-4724-b1d6-8d85d9755053: 48 arrays, 40409.3 MB stored; 30.7 s; peak memory 2145 MiB.
2026-10-08T18:06:15Z INFO [710/1000] 0bf26de9-8ca8-4331-982a-e27a709aca9a: 114 arrays, 0.4 MB stored; 1.4 s; peak memory 2145 MiB.
2026-10-08T18:06:16Z INFO [711/1000] 0bf2a5ca-3cb0-449f-be3c-25535824e35f: 48 arrays, 83.9 MB stored; 1.2 s; peak memory 2146 MiB.
2026-10-08T18:06:17Z INFO [712/1000] 0beb5b14-3df6-4ec4-837b-9ccaded562c7: 41 arrays, 491.1 MB stored; 14.0 s; peak memory 2146 MiB.
2026-10-08T18:06:18Z INFO [713/1000] 0bf353bf-6c3f-47d7-b438-a21cab303c12: 48 arrays, 83.9 MB stored; 1.2 s; peak memory 2146 MiB.
2026-10-08T18:06:18Z INFO [714/1000] 0bf47f3a-2b67-44c7-a298-51c260d9ae47: 117 arrays, 0.5 MB stored; 1.4 s; peak memory 2146 MiB.
2026-10-08T18:06:19Z INFO [715/1000] 0bf20ba6-3809-417e-a3af-a8b7156fe10d: 193 arrays, 553.9 MB stored; 6.5 s; peak memory 2146 MiB.
2026-10-08T18:06:19Z INFO [716/1000] 0bf27c89-bf82-48c4-8779-e6f71f59ec3b: 208 arrays, 55.8 MB stored; 4.8 s; peak memory 2146 MiB.
2026-10-08T18:06:19Z INFO [717/1000] 0bf23b1a-82bd-43f9-ae05-b7599ff7fd26: 623 arrays, 27.3 MB stored; 6.0 s; peak memory 2147 MiB.
2026-10-08T18:06:20Z INFO [718/1000] 0bf4a089-1ea1-47b6-9bcb-b52b844e7701: 48 arrays, 251.7 MB stored; 1.5 s; peak memory 2147 MiB.
2026-10-08T18:06:20Z INFO [719/1000] 0bf4c3e9-41fb-4a3e-bcaf-fdd6a3544a8e: 48 arrays, 83.9 MB stored; 1.4 s; peak memory 2147 MiB.
2026-10-08T18:06:20Z INFO [720/1000] 0bf5eba7-af86-4ea5-a359-eb9142dbde02: 56 arrays, 0.0 MB stored; 1.3 s; peak memory 2147 MiB.
2026-10-08T18:06:21Z INFO [721/1000] 0bf635a7-7c30-4f5f-8556-8794c99d691e: 117 arrays, 0.4 MB stored; 1.5 s; peak memory 2147 MiB.
2026-10-08T18:06:22Z INFO [722/1000] 0bf6026d-f890-474c-8ee7-6ab80e95bb00: 71 arrays, 154.9 MB stored; 2.6 s; peak memory 2147 MiB.
2026-10-08T18:06:22Z INFO [723/1000] 0bf71dd5-b42d-4773-a39e-45c764aa08f6: 49 arrays, 645.2 MB stored; 2.2 s; peak memory 2147 MiB.
2026-10-08T18:06:23Z INFO [724/1000] 0bf49b27-f4e6-4008-9d37-fb48dfd4ebc0: 701 arrays, 9.9 MB stored; 5.0 s; peak memory 2148 MiB.
2026-10-08T18:06:24Z INFO [725/1000] 0bf577b5-a27b-48c5-8dda-9c4e616dad96: 538 arrays, 8.4 MB stored; 5.3 s; peak memory 2149 MiB.
2026-10-08T18:06:24Z INFO [726/1000] 0bf950da-e9b8-4185-ae2b-1a153db299ea: 48 arrays, 83.9 MB stored; 1.5 s; peak memory 2149 MiB.
2026-10-08T18:06:24Z INFO [727/1000] 0bf8be3f-b74b-4b3b-8111-1f6385598eba: 102 arrays, 13.8 MB stored; 1.9 s; peak memory 2149 MiB.
2026-10-08T18:06:25Z INFO [728/1000] 0bf97fe4-9258-4985-8974-117918874f90: 72 arrays, 0.1 MB stored; 1.3 s; peak memory 2149 MiB.
2026-10-08T18:06:26Z INFO [729/1000] 0bfb384e-9d4d-40db-bffb-b3dbb69bd189: 117 arrays, 0.4 MB stored; 1.3 s; peak memory 2149 MiB.
2026-10-08T18:06:26Z INFO [730/1000] 0bfaf92c-a454-4a4d-a112-a6b22ec7321a: 112 arrays, 0.3 MB stored; 1.5 s; peak memory 2149 MiB.
2026-10-08T18:06:27Z INFO [731/1000] 0bfbea62-7387-4ff6-855b-1586008dd74c: 48 arrays, 83.9 MB stored; 1.4 s; peak memory 2149 MiB.
2026-10-08T18:06:27Z INFO [732/1000] 0bf88989-2452-4f92-9471-25b7c30f5844: 590 arrays, 18.3 MB stored; 5.1 s; peak memory 2150 MiB.
2026-10-08T18:06:28Z INFO [733/1000] 0bfc1120-b3a8-4510-923e-4a99de34bb57: 119 arrays, 66.4 MB stored; 2.1 s; peak memory 2150 MiB.
2026-10-08T18:06:28Z INFO [734/1000] 0bf7bf21-e55f-4072-a589-0554640d196b: 208 arrays, 460.7 MB stored; 6.6 s; peak memory 2150 MiB.
2026-10-08T18:06:28Z INFO [735/1000] 0bfc3322-7d9e-453b-8d53-e54c0c5d6eb9: 48 arrays, 83.9 MB stored; 1.3 s; peak memory 2150 MiB.
2026-10-08T18:06:29Z INFO [736/1000] 0bfcac95-a1f8-433d-b727-ff1f636939b9: 112 arrays, 1.2 MB stored; 1.6 s; peak memory 2150 MiB.
2026-10-08T18:06:29Z INFO [737/1000] 0bfbd075-9b6f-455d-94c1-4de5324913fd: 229 arrays, 234.5 MB stored; 4.2 s; peak memory 2151 MiB.
2026-10-08T18:06:30Z INFO [738/1000] 0bfd45a4-99c1-4941-90d7-4e9bf3d8f42b: 48 arrays, 83.9 MB stored; 1.2 s; peak memory 2151 MiB.
2026-10-08T18:06:30Z INFO [739/1000] 0bfc1b50-42be-403e-ba76-73eb2a9d6439: 38 arrays, 60.2 MB stored; 3.0 s; peak memory 2151 MiB.
2026-10-08T18:06:31Z INFO [740/1000] 0bfd6e3f-e234-4f87-ab47-5afed5837c4b: 48 arrays, 83.9 MB stored; 1.3 s; peak memory 2151 MiB.
2026-10-08T18:06:31Z INFO [741/1000] 0bfd6a65-129a-4865-9af6-dc2fdd45a2c2: 66 arrays, 97.2 MB stored; 2.0 s; peak memory 2151 MiB.
2026-10-08T18:06:32Z INFO [742/1000] 0bfd5684-d495-483d-b245-3d57a4c9c0a0: 163 arrays, 6.2 MB stored; 2.3 s; peak memory 2151 MiB.
2026-10-08T18:06:33Z INFO [743/1000] 0bfe049c-bb8b-4007-83c0-bf6d8df01702: 116 arrays, 0.2 MB stored; 1.5 s; peak memory 2151 MiB.
2026-10-08T18:06:33Z INFO [744/1000] 0bfd9050-c49d-42a3-9067-d8b6c3aa7e4c: 62 arrays, 4082.2 MB stored; 1.9 s; peak memory 2151 MiB.
2026-10-08T18:06:33Z INFO [745/1000] 0bf03275-5079-4594-bee4-4858fc3bf2d2: 48 arrays, 36573.8 MB stored; 24.3 s; peak memory 2151 MiB.
2026-10-08T18:06:34Z INFO [746/1000] 0bfe656d-5275-451c-a1c5-15b57e4e922e: 46 arrays, 0.7 MB stored; 1.2 s; peak memory 2151 MiB.
2026-10-08T18:06:34Z INFO [747/1000] 0bfe9c7a-a991-41f3-a5cd-85737a14ae52: 48 arrays, 83.9 MB stored; 1.3 s; peak memory 2151 MiB.
2026-10-08T18:06:35Z INFO [748/1000] 0bfd9ae1-7e17-4221-848a-4f6d558494bb: 84 arrays, 549.6 MB stored; 3.3 s; peak memory 2151 MiB.
2026-10-08T18:06:35Z INFO [749/1000] 0bfebb1a-a857-4ad2-9531-f2727a4aabfa: 48 arrays, 83.9 MB stored; 1.4 s; peak memory 2151 MiB.
2026-10-08T18:06:36Z INFO [750/1000] 0bfef0d4-8219-4432-a3dc-44cac6fbce48: 118 arrays, 0.5 MB stored; 1.6 s; peak memory 2152 MiB.
2026-10-08T18:06:36Z INFO [751/1000] 0bff9a33-b0f2-4efe-8b7d-5d98091b8a48: 112 arrays, 0.9 MB stored; 1.7 s; peak memory 2152 MiB.
2026-10-08T18:06:38Z INFO [752/1000] 0c005a1f-5833-424c-a162-44bd4afe69b7: 48 arrays, 83.9 MB stored; 1.2 s; peak memory 2152 MiB.
2026-10-08T18:06:38Z INFO [753/1000] 0bffff01-c8ae-4d48-b7f9-0c578a19e87e: 124 arrays, 40647.9 MB stored; 1.7 s; peak memory 2152 MiB.
2026-10-08T18:06:38Z INFO [754/1000] 0bff9fc1-ccf2-4467-8510-c6c50977ff31: 245 arrays, 7.0 MB stored; 3.2 s; peak memory 2152 MiB.
2026-10-08T18:06:38Z INFO [755/1000] 0bfd6ba1-22d6-44b2-a28c-e7c1f0d9fcc7: 487 arrays, 99.5 MB stored; 8.6 s; peak memory 2153 MiB.
2026-10-08T18:06:39Z INFO [756/1000] 0bfefd5b-ad99-4e48-973e-d440d5458645: 223 arrays, 250.8 MB stored; 4.5 s; peak memory 2153 MiB.
2026-10-08T18:06:39Z INFO [757/1000] 0c01c2e2-c0d7-4375-945e-9abd47741968: 48 arrays, 83.9 MB stored; 1.5 s; peak memory 2153 MiB.
2026-10-08T18:06:40Z INFO [758/1000] 0c01e768-780f-4c19-b4a9-66355d2b6095: 117 arrays, 0.3 MB stored; 1.3 s; peak memory 2153 MiB.
2026-10-08T18:06:40Z INFO [759/1000] 0c02041c-0bfa-4251-a224-70cb6090e659: 45 arrays, 0.0 MB stored; 1.1 s; peak memory 2153 MiB.
2026-10-08T18:06:41Z INFO [760/1000] 0c0210ab-5270-4d10-a67b-2db073ceda42: 118 arrays, 51.2 MB stored; 2.0 s; peak memory 2153 MiB.
2026-10-08T18:06:41Z INFO [761/1000] 0c02ba3d-4642-4b96-ae6e-18446900eb2e: 117 arrays, 0.4 MB stored; 1.3 s; peak memory 2153 MiB.
2026-10-08T18:06:42Z INFO [762/1000] 0c0244aa-10cc-40dd-a189-819cb2bd20b5: 153 arrays, 3.3 MB stored; 2.5 s; peak memory 2153 MiB.
2026-10-08T18:06:43Z INFO [763/1000] 0c02d440-5747-4207-bf75-726b8966e231: 66 arrays, 21.6 MB stored; 1.6 s; peak memory 2154 MiB.
2026-10-08T18:06:43Z INFO [764/1000] 0c01db87-564c-49eb-b459-e48b0867216c: 200 arrays, 201.0 MB stored; 5.2 s; peak memory 2154 MiB.
2026-10-08T18:06:43Z INFO [765/1000] 0c030329-7868-4d30-b1f6-9e7ec6325044: 112 arrays, 1.1 MB stored; 1.8 s; peak memory 2154 MiB.
2026-10-08T18:06:44Z INFO [766/1000] 0c033e16-687b-483b-a370-a4b25d7eefcb: 66 arrays, 34.2 MB stored; 1.6 s; peak memory 2154 MiB.
2026-10-08T18:06:44Z INFO [767/1000] 0c0086e2-bf72-4dae-8de6-2c317816fea8: 1180 arrays, 20.2 MB stored; 6.8 s; peak memory 2155 MiB.
2026-10-08T18:06:44Z INFO [768/1000] 0c036435-f5e1-4b02-8cee-61edbf7790cf: 48 arrays, 83.9 MB stored; 1.3 s; peak memory 2155 MiB.
2026-10-08T18:06:46Z INFO [769/1000] 0c05721a-449f-4ca7-aa2b-ba21bca28dd3: 48 arrays, 83.9 MB stored; 1.2 s; peak memory 2156 MiB.
2026-10-08T18:06:47Z INFO [770/1000] 0c05f8d7-4db4-4e87-8197-025322337f19: 48 arrays, 83.9 MB stored; 1.3 s; peak memory 2156 MiB.
2026-10-08T18:06:47Z INFO [771/1000] 0bfcc967-d709-4ea1-b982-0c61ae7a58f2: 1698 arrays, 55.0 MB stored; 19.1 s; peak memory 2157 MiB.
2026-10-08T18:06:48Z INFO [772/1000] 0c03d995-e16f-4a8a-b14e-61f65a4102d6: 229 arrays, 372.5 MB stored; 4.8 s; peak memory 2158 MiB.
2026-10-08T18:06:48Z INFO [773/1000] 0c073c33-97f8-4353-be2c-b2fe76aa6fc5: 48 arrays, 83.9 MB stored; 1.3 s; peak memory 2158 MiB.
2026-10-08T18:06:48Z INFO [774/1000] 0c06ba2d-380c-4171-82d5-0c5f075e7b3b: 48 arrays, 83.9 MB stored; 1.4 s; peak memory 2158 MiB.
2026-10-08T18:06:50Z INFO [775/1000] 0c0873ee-8af0-40af-90c6-913fbcbc1f93: 59 arrays, 0.2 MB stored; 1.2 s; peak memory 2158 MiB.
2026-10-08T18:06:50Z INFO [776/1000] 0c08e2b1-efc9-473f-8b05-6131a84a1936: 48 arrays, 83.9 MB stored; 1.4 s; peak memory 2158 MiB.
2026-10-08T18:06:51Z INFO [777/1000] 0c09284b-eb04-48cb-8ebe-d0130bad50c8: 84 arrays, 0.2 MB stored; 1.2 s; peak memory 2158 MiB.
2026-10-08T18:06:52Z INFO [778/1000] 0c09d8ab-0826-497f-8ed2-08506e616d44: 48 arrays, 83.9 MB stored; 1.3 s; peak memory 2158 MiB.
2026-10-08T18:06:52Z INFO [779/1000] 0c041d60-07d6-4d45-8367-db4ec42ba92c: 49 arrays, 5366.7 MB stored; 8.6 s; peak memory 2158 MiB.
2026-10-08T18:06:53Z INFO [780/1000] 0c09694b-0f96-4e65-aaf1-af1f7f4a3187: 278 arrays, 5.8 MB stored; 3.3 s; peak memory 2158 MiB.
2026-10-08T18:06:53Z INFO [781/1000] 0c0a789b-c523-4280-a8fe-93225d9277d7: 48 arrays, 83.9 MB stored; 1.2 s; peak memory 2158 MiB.
2026-10-08T18:06:54Z INFO [782/1000] 0c0a837a-849f-4d35-b2d6-f1bc992dbe1d: 48 arrays, 83.9 MB stored; 1.4 s; peak memory 2158 MiB.
2026-10-08T18:06:54Z INFO [783/1000] 0c079a8b-4343-4566-ac18-af39d1bca5dc: 323 arrays, 582.5 MB stored; 6.4 s; peak memory 2159 MiB.
2026-10-08T18:06:55Z INFO [784/1000] 0c0b855b-fa2d-4099-bfda-c75333e4dd6c: 52 arrays, 12.0 MB stored; 1.3 s; peak memory 2159 MiB.
2026-10-08T18:06:56Z INFO [785/1000] 0c0c20fd-c4ca-43c0-b103-8ba372f3a7d7: 117 arrays, 0.5 MB stored; 1.4 s; peak memory 2159 MiB.
2026-10-08T18:07:00Z INFO [786/1000] 0c0b65a2-ceb6-4a94-a140-789f07e80919: 906 arrays, 31.4 MB stored; 6.6 s; peak memory 2160 MiB.
2026-10-08T18:07:00Z INFO [787/1000] 0c0ad8a8-60c1-4148-a1b3-666f36fc16aa: 1151 arrays, 29.7 MB stored; 7.2 s; peak memory 2161 MiB.
2026-10-08T18:07:01Z INFO [788/1000] 0c0dce25-3030-42f5-ae76-81fd98a7b7c5: 117 arrays, 0.2 MB stored; 1.3 s; peak memory 2161 MiB.
2026-10-08T18:07:01Z INFO [789/1000] 0c0c5077-0950-451d-8c9f-448165156bf7: 106 arrays, 7721.9 MB stored; 6.3 s; peak memory 2162 MiB.
2026-10-08T18:07:02Z INFO [790/1000] 0c0e784f-95ac-4835-a11b-937ac1344eb1: 56 arrays, 0.0 MB stored; 1.1 s; peak memory 2162 MiB.
2026-10-08T18:07:03Z INFO [791/1000] 0c0e67e4-7f3c-449f-a18e-2b5577a9ff71: 66 arrays, 111.7 MB stored; 1.8 s; peak memory 2162 MiB.
2026-10-08T18:07:04Z INFO [792/1000] 0c0e0290-843e-44c4-861e-f33a7346f108: 1779 arrays, 2.6 MB stored; 3.3 s; peak memory 2164 MiB.
2026-10-08T18:07:04Z INFO [793/1000] 0c0ea99d-f66a-41a5-b905-8332196e402f: 71 arrays, 2.7 MB stored; 1.7 s; peak memory 2164 MiB.
2026-10-08T18:07:04Z INFO [794/1000] 0c0f3236-b508-42c9-93dd-6ef403f97a7e: 69 arrays, 0.0 MB stored; 1.3 s; peak memory 2164 MiB.
2026-10-08T18:07:05Z INFO [795/1000] 0c0f8432-6891-492b-ba3e-9805722afc9e: 46 arrays, 12.6 MB stored; 1.1 s; peak memory 2164 MiB.
2026-10-08T18:07:06Z INFO [796/1000] 0c0f91f5-7cf7-4e84-be71-35bec34d05a0: 112 arrays, 0.6 MB stored; 1.5 s; peak memory 2164 MiB.
2026-10-08T18:07:06Z INFO [797/1000] 0c106591-06e7-40af-b792-2f0c2203830d: 52 arrays, 12.4 MB stored; 1.2 s; peak memory 2164 MiB.
2026-10-08T18:07:08Z INFO [798/1000] 0c10ebf2-ee30-4df4-b78e-e2b3fead1ff6: 102 arrays, 15.3 MB stored; 1.7 s; peak memory 2164 MiB.
2026-10-08T18:07:08Z INFO [799/1000] 0c102576-35cd-40ca-9780-64e6bfc18e6f: 111 arrays, 861.2 MB stored; 3.6 s; peak memory 2164 MiB.
2026-10-08T18:07:09Z INFO [800/1000] 0c115bca-a458-4138-b185-40a39089a2c6: 117 arrays, 0.3 MB stored; 1.2 s; peak memory 2165 MiB.
2026-10-08T18:07:15Z INFO [800/1000] 0c115bca-a458-4138-b185-40a39089a2c6: checkpointed 8000 new records.
2026-10-08T18:07:15Z INFO [801/1000] 0c117160-5e2d-40f1-9cbf-9221703ba9dd: 112 arrays, 0.3 MB stored; 1.4 s; peak memory 2175 MiB.
2026-10-08T18:07:15Z INFO [802/1000] 0c035757-2ea5-4b4a-8c01-0e754b4d7521: 48 arrays, 43417.1 MB stored; 26.7 s; peak memory 2175 MiB.
2026-10-08T18:07:15Z INFO [803/1000] 0c0dbb76-efe6-4339-8b1b-c09a84b384c5: 830 arrays, 32.9 MB stored; 13.8 s; peak memory 2175 MiB.
2026-10-08T18:07:15Z INFO [804/1000] 0c109fff-273f-4af8-bab8-33898b13b567: 53 arrays, 345.1 MB stored; 5.1 s; peak memory 2175 MiB.
2026-10-08T18:07:15Z INFO [805/1000] 0c056b43-6267-48ae-b2bf-0ec117c12194: 48 arrays, 34777.2 MB stored; 26.3 s; peak memory 2175 MiB.
2026-10-08T18:07:15Z INFO [806/1000] 0c122516-de0b-4f6a-b25e-637936b38f1b: 48 arrays, 251.7 MB stored; 1.5 s; peak memory 2175 MiB.
2026-10-08T18:07:15Z INFO [807/1000] 0c125d2c-6908-435e-abed-6000af90c265: 261 arrays, 17.1 MB stored; 1.9 s; peak memory 2175 MiB.
2026-10-08T18:07:15Z INFO [808/1000] 0c117514-bff6-48d8-8ec9-75716106b1a1: 82 arrays, 3451.9 MB stored; 3.3 s; peak memory 2175 MiB.
2026-10-08T18:07:15Z INFO [809/1000] 0c1346ca-c08f-45fb-8c53-6a31863dbb9f: 77 arrays, 0.3 MB stored; 1.7 s; peak memory 2175 MiB.
2026-10-08T18:07:15Z INFO [810/1000] 0c135bf5-edec-45aa-b4d2-10c84f441c4f: 48 arrays, 83.9 MB stored; 1.2 s; peak memory 2175 MiB.
2026-10-08T18:07:15Z INFO [811/1000] 0c12fb8d-0a95-4dab-9330-49901190edf9: 119 arrays, 66.4 MB stored; 2.3 s; peak memory 2175 MiB.
2026-10-08T18:07:15Z INFO [812/1000] 0c137387-db8e-4ff4-8d0e-f47390dc1b3a: 117 arrays, 0.4 MB stored; 1.6 s; peak memory 2175 MiB.
2026-10-08T18:07:16Z INFO [813/1000] 0c14260f-a754-4b11-a4cb-482803f07c51: 115 arrays, 190.1 MB stored; 2.3 s; peak memory 2175 MiB.
2026-10-08T18:07:17Z INFO [814/1000] 0c1424a4-2eb8-4af2-8ae6-14a8df4440c4: 229 arrays, 233.0 MB stored; 3.8 s; peak memory 2175 MiB.
2026-10-08T18:07:17Z INFO [815/1000] 0c13b2d2-34dc-454f-ac25-379e462997b5: 223 arrays, 238.8 MB stored; 4.7 s; peak memory 2175 MiB.
2026-10-08T18:07:18Z INFO [816/1000] 0c13f6d6-4e8a-4183-b6ab-af62dec6e1c0: 82 arrays, 6300.5 MB stored; 5.1 s; peak memory 2175 MiB.
2026-10-08T18:07:19Z INFO [817/1000] 0c14bb69-21e5-4f59-80f7-731b669d3107: 48 arrays, 83.9 MB stored; 1.5 s; peak memory 2175 MiB.
2026-10-08T18:07:19Z INFO [818/1000] 0c1307af-2500-40e4-b57d-2b121af63801: 9079 arrays, 401.5 MB stored; 8.4 s; peak memory 2178 MiB.
2026-10-08T18:07:20Z INFO [819/1000] 0c15ee44-6c06-493a-83aa-76df2c776fba: 48 arrays, 83.9 MB stored; 1.3 s; peak memory 2179 MiB.
2026-10-08T18:07:20Z INFO [820/1000] 0c15757f-c7d3-4f46-9968-fca05f2d83ff: 71 arrays, 97.2 MB stored; 2.6 s; peak memory 2179 MiB.
2026-10-08T18:07:20Z INFO [821/1000] 0c15f4dd-1915-41d0-935a-762313e2361c: 64 arrays, 0.0 MB stored; 1.2 s; peak memory 2179 MiB.
2026-10-08T18:07:21Z INFO [822/1000] 0c143a4b-ba8c-430d-80d2-d816f8abe0af: 534 arrays, 8.3 MB stored; 4.6 s; peak memory 2179 MiB.
2026-10-08T18:07:21Z INFO [823/1000] 0c165511-5cd7-4ada-b4e3-e7cd704ff6fc: 45 arrays, 0.0 MB stored; 1.2 s; peak memory 2179 MiB.
2026-10-08T18:07:22Z INFO [824/1000] 0c175264-ac4f-4899-8874-2e9dd65fbe2c: 48 arrays, 83.9 MB stored; 1.2 s; peak memory 2179 MiB.
2026-10-08T18:07:22Z INFO [825/1000] 0c12e027-075f-4baf-b3ea-c1d666f2e83b: 721 arrays, 422.3 MB stored; 12.8 s; peak memory 2180 MiB.
2026-10-08T18:07:23Z INFO [826/1000] 0c17c0f5-8410-4b40-9dfa-76b62d5756fe: 48 arrays, 83.9 MB stored; 1.3 s; peak memory 2180 MiB.
2026-10-08T18:07:24Z INFO [827/1000] 0c182fb1-787a-4705-b7da-5f3c5b879ba4: 117 arrays, 0.3 MB stored; 1.3 s; peak memory 2180 MiB.
2026-10-08T18:07:26Z INFO [828/1000] 0c188a9f-0d21-4db2-9287-2eb0a899629f: 114 arrays, 186.8 MB stored; 2.3 s; peak memory 2180 MiB.
2026-10-08T18:07:26Z INFO [829/1000] 0c185c30-4a76-4d9f-95f8-d0c845ed335d: 156 arrays, 193.5 MB stored; 2.9 s; peak memory 2180 MiB.
2026-10-08T18:07:29Z INFO [830/1000] 0c189b85-4d97-4e25-8a55-f40acc35c8ad: 115 arrays, 190.2 MB stored; 2.5 s; peak memory 2181 MiB.
2026-10-08T18:07:31Z INFO [831/1000] 0c18f685-e0d0-4b06-894a-6e0c4d46a5fd: 153 arrays, 3.3 MB stored; 2.4 s; peak memory 2181 MiB.
2026-10-08T18:07:32Z INFO [832/1000] 0c19531f-3dfa-456c-94dd-5869cae76b07: 44 arrays, 0.0 MB stored; 1.2 s; peak memory 2181 MiB.
2026-10-08T18:07:34Z INFO [833/1000] 0c1964db-af3e-45f2-ad71-fc6f203d8a5e: 38 arrays, 25.9 MB stored; 1.9 s; peak memory 2181 MiB.
2026-10-08T18:07:34Z INFO [834/1000] 0bc40d87-d036-499f-b702-2612e1f52913: 167 arrays, 21291.7 MB stored; 150.3 s; peak memory 2181 MiB.
2026-10-08T18:07:35Z INFO [835/1000] 0c1995ad-8ace-4f19-9db1-a3d1d3b9ef92: 48 arrays, 83.9 MB stored; 1.4 s; peak memory 2181 MiB.
2026-10-08T18:07:36Z INFO [836/1000] 0c18c381-0a03-4c92-be06-b749731aa8ab: 987 arrays, 45.8 MB stored; 9.5 s; peak memory 2182 MiB.
2026-10-08T18:07:36Z INFO [837/1000] 0c19eb56-475a-4e66-a744-d3f009f6c89a: 48 arrays, 83.9 MB stored; 1.2 s; peak memory 2182 MiB.
2026-10-08T18:07:37Z INFO [838/1000] 0c1a64bb-ce45-48a2-9046-5a09a96857e2: 53 arrays, 0.0 MB stored; 1.1 s; peak memory 2182 MiB.
2026-10-08T18:07:37Z INFO [839/1000] 0c19f80a-cf3b-4e17-bec8-905d039fe53a: 194 arrays, 0.8 MB stored; 1.6 s; peak memory 2183 MiB.
2026-10-08T18:07:38Z INFO [840/1000] 0c1bb2ee-4d69-49b6-9923-6c348a9bc469: 48 arrays, 83.9 MB stored; 1.3 s; peak memory 2183 MiB.
2026-10-08T18:07:38Z INFO [841/1000] 0c1bbf44-ea24-4034-b7db-c48cb0117ce9: 48 arrays, 83.9 MB stored; 1.3 s; peak memory 2183 MiB.
2026-10-08T18:07:38Z INFO [842/1000] 0c1b990f-88bd-451d-ba9b-e2a01b9afac3: 114 arrays, 186.9 MB stored; 2.7 s; peak memory 2183 MiB.
2026-10-08T18:07:40Z INFO [843/1000] 0c1d18c6-4fbd-483b-a941-ec6ff93c56b6: 48 arrays, 83.9 MB stored; 1.2 s; peak memory 2183 MiB.
2026-10-08T18:07:40Z INFO [844/1000] 0c1bd46e-a43c-474c-bc9a-f03316ced600: 131 arrays, 0.7 MB stored; 1.8 s; peak memory 2183 MiB.
2026-10-08T18:07:40Z INFO [845/1000] 0c1c5cc1-1e90-4a3e-9e57-9d77120747e7: 117 arrays, 0.4 MB stored; 1.5 s; peak memory 2183 MiB.
2026-10-08T18:07:41Z INFO [846/1000] 0c1d3a75-80cc-40be-909b-47f689574314: 119 arrays, 0.1 MB stored; 1.1 s; peak memory 2183 MiB.
2026-10-08T18:07:41Z INFO [847/1000] 0c1d3001-335d-4977-b147-e45150e9fe74: 48 arrays, 83.9 MB stored; 1.5 s; peak memory 2183 MiB.
2026-10-08T18:07:41Z INFO [848/1000] 0c1d3186-f133-4c85-bfd2-608e674f094f: 117 arrays, 0.3 MB stored; 1.6 s; peak memory 2183 MiB.
2026-10-08T18:07:42Z INFO [849/1000] 0c1dbc83-abd5-4a87-81a0-9c769d636d78: 117 arrays, 0.4 MB stored; 1.3 s; peak memory 2184 MiB.
2026-10-08T18:07:42Z INFO [850/1000] 0c1e7c5a-1b26-42b0-94d7-b4ba757812cd: 118 arrays, 0.3 MB stored; 1.4 s; peak memory 2184 MiB.
2026-10-08T18:07:43Z INFO [851/1000] 0c1e7f56-e99b-4a80-b453-62731774d62e: 48 arrays, 83.9 MB stored; 1.3 s; peak memory 2184 MiB.
2026-10-08T18:07:43Z INFO [852/1000] 0c1f488e-b933-404e-9102-8454afd22ff8: 68 arrays, 0.1 MB stored; 1.3 s; peak memory 2184 MiB.
2026-10-08T18:07:44Z INFO [853/1000] 0c1f7977-4049-4279-becf-81a491449cb6: 116 arrays, 0.3 MB stored; 1.4 s; peak memory 2184 MiB.
2026-10-08T18:07:45Z INFO [854/1000] 0c20074c-ab83-4d82-a8a5-fb2385b66a0e: 46 arrays, 12.6 MB stored; 1.2 s; peak memory 2184 MiB.
2026-10-08T18:07:46Z INFO [855/1000] 0c205f9a-b005-4ce0-959a-d834fb9ca45c: 69 arrays, 0.0 MB stored; 1.3 s; peak memory 2184 MiB.
2026-10-08T18:07:47Z INFO [856/1000] 0c20b1b8-1eae-4318-bfea-4e593a8c70e2: 37 arrays, 2.3 MB stored; 1.2 s; peak memory 2184 MiB.
2026-10-08T18:07:48Z INFO [857/1000] 0c1489c1-7cd9-4475-9d47-5ea956c539de: 48 arrays, 47477.6 MB stored; 31.6 s; peak memory 2184 MiB.
2026-10-08T18:07:48Z INFO [858/1000] 0c2034c4-4d53-40e0-bbeb-9d2de2da13e5: 110 arrays, 3848.3 MB stored; 4.5 s; peak memory 2184 MiB.
2026-10-08T18:07:49Z INFO [859/1000] 0c20c34e-41bd-4c50-ae96-15a77be94915: 49 arrays, 1.5 MB stored; 1.5 s; peak memory 2185 MiB.
2026-10-08T18:07:49Z INFO [860/1000] 0c161373-8c7b-41c1-94ba-149bcac86151: 48 arrays, 34558.2 MB stored; 29.2 s; peak memory 2185 MiB.
2026-10-08T18:07:51Z INFO [861/1000] 0c21fda6-dd33-429a-878f-7e59ecb98835: 112 arrays, 0.7 MB stored; 1.5 s; peak memory 2185 MiB.
2026-10-08T18:07:51Z INFO [862/1000] 0c164f30-1c1c-48b4-a2bf-47181de451ed: 48 arrays, 41134.3 MB stored; 30.6 s; peak memory 2185 MiB.
2026-10-08T18:07:51Z INFO [863/1000] 0c218614-5284-40ce-90eb-befc6b8623c7: 38 arrays, 25.0 MB stored; 2.3 s; peak memory 2185 MiB.
2026-10-08T18:07:52Z INFO [864/1000] 0c22582a-1382-4fdb-8acb-c8c7a37d2e5b: 117 arrays, 0.3 MB stored; 1.2 s; peak memory 2185 MiB.
2026-10-08T18:07:53Z INFO [865/1000] 0c233b06-8199-4906-8d59-ebe52dd35c29: 52 arrays, 0.0 MB stored; 1.0 s; peak memory 2185 MiB.
2026-10-08T18:07:53Z INFO [866/1000] 0c2331b5-6651-4031-b02c-dc2b94e8cd5f: 51 arrays, 593.1 MB stored; 2.4 s; peak memory 2185 MiB.
2026-10-08T18:07:55Z INFO [867/1000] 0c24f8e7-4123-47c8-9ca1-5c15f6d66fab: 116 arrays, 0.3 MB stored; 1.4 s; peak memory 2185 MiB.
2026-10-08T18:07:55Z INFO [868/1000] 0c211a57-00cf-4440-b4bb-40a7fb1b0b76: 336 arrays, 44.0 MB stored; 6.9 s; peak memory 2185 MiB.
2026-10-08T18:07:56Z INFO [869/1000] 0c253b79-798e-4156-aa6a-b5ceac61c6ec: 48 arrays, 83.9 MB stored; 1.3 s; peak memory 2185 MiB.
2026-10-08T18:07:57Z INFO [870/1000] 0c2560bc-855c-49ec-9e72-ea2101a569e5: 116 arrays, 0.3 MB stored; 1.4 s; peak memory 2185 MiB.
2026-10-08T18:07:57Z INFO [871/1000] 0c258baa-bf9d-4ad9-9e34-1af53801cac7: 46 arrays, 0.1 MB stored; 1.0 s; peak memory 2186 MiB.
2026-10-08T18:07:58Z INFO [872/1000] 0c25b97b-6e47-462f-b748-a917f44a46ca: 48 arrays, 83.9 MB stored; 1.3 s; peak memory 2186 MiB.
2026-10-08T18:08:00Z INFO [873/1000] 0c263ee9-15c0-4fc6-8afd-64aa5721025f: 112 arrays, 0.6 MB stored; 1.5 s; peak memory 2186 MiB.
2026-10-08T18:08:05Z INFO [874/1000] 0c244f35-63e9-4447-a485-ef7e5b5a2f15: 428 arrays, 463.7 MB stored; 12.2 s; peak memory 2186 MiB.
2026-10-08T18:08:07Z INFO [875/1000] 0c27388c-94e5-4e0a-af0d-ecc42cab303d: 112 arrays, 0.5 MB stored; 1.5 s; peak memory 2187 MiB.
2026-10-08T18:08:09Z INFO [876/1000] 0c26d8b3-47a4-4f9e-af91-f1254154e90d: 313 arrays, 22.4 MB stored; 9.0 s; peak memory 2187 MiB.
2026-10-08T18:08:10Z INFO [877/1000] 0c1fecd7-71bb-4909-9ac6-b2b291fdf7ff: 48 arrays, 37955.5 MB stored; 27.2 s; peak memory 2187 MiB.
2026-10-08T18:08:11Z INFO [878/1000] 0c27dfa9-8b92-4fb0-b7e4-cc13e0d22f76: 118 arrays, 0.5 MB stored; 1.5 s; peak memory 2187 MiB.
2026-10-08T18:08:11Z INFO [879/1000] 0c27d3b1-bd7b-48f7-909b-4eb624be119e: 115 arrays, 186.8 MB stored; 2.5 s; peak memory 2187 MiB.
2026-10-08T18:08:14Z INFO [880/1000] 0c281097-f3eb-466c-b27e-6140eb9a45ad: 115 arrays, 190.1 MB stored; 2.6 s; peak memory 2188 MiB.
2026-10-08T18:08:14Z INFO [881/1000] 0c285d0b-0356-48a5-b530-25248ee631db: 85 arrays, 1012.6 MB stored; 2.7 s; peak memory 2188 MiB.
2026-10-08T18:08:15Z INFO [882/1000] 0c2918eb-756e-467f-9bde-20a90e73fbb7: 48 arrays, 83.9 MB stored; 1.3 s; peak memory 2188 MiB.
2026-10-08T18:08:17Z INFO [883/1000] 0c298b3e-1e8e-437c-9f69-7929f9fc9176: 66 arrays, 123.9 MB stored; 1.6 s; peak memory 2188 MiB.
2026-10-08T18:08:18Z INFO [884/1000] 0c2a11a2-4af8-47f9-91cb-bf5283e3beb4: 57 arrays, 0.0 MB stored; 1.1 s; peak memory 2188 MiB.
2026-10-08T18:08:19Z INFO [885/1000] 0c2881d4-0f5c-45f0-9e3d-7f9d7cf3b14e: 492 arrays, 8.3 MB stored; 4.8 s; peak memory 2189 MiB.
2026-10-08T18:08:19Z INFO [886/1000] 0c27b238-e531-4c26-80d9-43936e5e90dc: 41 arrays, 362.9 MB stored; 12.5 s; peak memory 2189 MiB.
2026-10-08T18:08:19Z INFO [887/1000] 0c2a2895-fedb-4001-abc3-033eb1b86ee2: 48 arrays, 83.9 MB stored; 1.2 s; peak memory 2189 MiB.
2026-10-08T18:08:20Z INFO [888/1000] 0c2a9099-90e9-486a-99df-e45198c78fdd: 117 arrays, 0.4 MB stored; 1.4 s; peak memory 2189 MiB.
2026-10-08T18:08:21Z INFO [889/1000] 0c2abd33-be0a-42e2-94dc-1d04acabfc06: 48 arrays, 83.9 MB stored; 1.2 s; peak memory 2189 MiB.
2026-10-08T18:08:22Z INFO [890/1000] 0c2aefbe-8745-4fb4-a5e7-e0f86be6fed1: 124 arrays, 0.8 MB stored; 1.7 s; peak memory 2189 MiB.
2026-10-08T18:08:23Z INFO [891/1000] 0c2a7727-e386-436e-a9e6-1be373cbe1a1: 99 arrays, 687.2 MB stored; 3.7 s; peak memory 2189 MiB.
2026-10-08T18:08:24Z INFO [892/1000] 0c2b8ace-e714-4bbc-9abe-50b4be604f74: 112 arrays, 0.3 MB stored; 1.4 s; peak memory 2189 MiB.
2026-10-08T18:08:24Z INFO [893/1000] 0c2bc517-877d-4ab0-8170-c9f4bb2beb7c: 112 arrays, 0.5 MB stored; 1.5 s; peak memory 2189 MiB.
2026-10-08T18:08:25Z INFO [894/1000] 0c2c9ea2-55a4-45f4-b80a-60df61c1e3c7: 85 arrays, 0.3 MB stored; 1.4 s; peak memory 2189 MiB.
2026-10-08T18:08:26Z INFO [895/1000] 0c2b7c5a-64bb-4c47-9841-f086c1d485cf: 537 arrays, 8.4 MB stored; 5.3 s; peak memory 2190 MiB.
2026-10-08T18:08:27Z INFO [896/1000] 0c2cae77-f07d-4910-ab91-ea6c825005aa: 112 arrays, 0.5 MB stored; 1.3 s; peak memory 2190 MiB.
2026-10-08T18:08:27Z INFO [897/1000] 0c2d722f-59c9-4ab6-a728-0610a2d78cd4: 41 arrays, 8.4 MB stored; 1.2 s; peak memory 2190 MiB.
2026-10-08T18:08:28Z INFO [898/1000] 0c2dc47f-74d7-4c90-a459-9aedf41a50fb: 66 arrays, 11.4 MB stored; 1.4 s; peak memory 2191 MiB.
2026-10-08T18:08:29Z INFO [899/1000] 0c2dd405-4691-46d9-84fe-1bd9748207fa: 48 arrays, 83.9 MB stored; 1.3 s; peak memory 2191 MiB.
2026-10-08T18:08:30Z INFO [900/1000] 0c2f12da-f77d-4472-8168-9ffcdec981eb: 48 arrays, 83.9 MB stored; 1.2 s; peak memory 2191 MiB.
2026-10-08T18:08:31Z INFO [901/1000] 0c2f6a53-65a8-4a20-86c6-0e8a80a1e5c4: 117 arrays, 0.4 MB stored; 1.3 s; peak memory 2191 MiB.
2026-10-08T18:08:31Z INFO [902/1000] 0c2c9d23-1898-4d90-a204-5a47104cf464: 396 arrays, 24.0 MB stored; 7.5 s; peak memory 2191 MiB.
2026-10-08T18:08:33Z INFO [903/1000] 0c2f9cb4-2971-450c-b5fe-6d105c2d387d: 68 arrays, 107.2 MB stored; 2.1 s; peak memory 2191 MiB.
2026-10-08T18:08:37Z INFO [904/1000] 0c2e6b21-3a7a-4d3e-aff9-8209de52d859: 1437 arrays, 31.7 MB stored; 9.3 s; peak memory 2192 MiB.
2026-10-08T18:08:38Z INFO [905/1000] 0c3023a0-4608-4014-a551-f235963cea8f: 193 arrays, 650.6 MB stored; 6.9 s; peak memory 2193 MiB.
2026-10-08T18:08:38Z INFO [906/1000] 0c3073ec-5a3c-426a-934f-2824f5f2ebac: 46 arrays, 0.0 MB stored; 0.9 s; peak memory 2193 MiB.
2026-10-08T18:08:39Z INFO [907/1000] 0c307c25-c1da-4016-80e7-fe9b02b61a10: 52 arrays, 0.0 MB stored; 1.0 s; peak memory 2193 MiB.
2026-10-08T18:08:40Z INFO [908/1000] 0c312b0c-88f2-4800-a7a4-b09fe0724fbd: 118 arrays, 0.4 MB stored; 1.5 s; peak memory 2193 MiB.
2026-10-08T18:08:41Z INFO [909/1000] 0c314b2a-0a81-40d7-85e3-6cb2fe9a4afb: 39 arrays, 8.1 MB stored; 1.4 s; peak memory 2193 MiB.
2026-10-08T18:08:41Z INFO [910/1000] 0c259574-7e6e-4a73-b840-8dc5dffac887: 52 arrays, 2332.0 MB stored; 44.6 s; peak memory 2193 MiB.
2026-10-08T18:08:42Z INFO [911/1000] 0c302811-481c-43b9-bdc3-4fc1f068ba03: 1099 arrays, 20.6 MB stored; 8.4 s; peak memory 2194 MiB.
2026-10-08T18:08:43Z INFO [912/1000] 0c3180ef-f0ef-4a17-9f52-d6dd99183d0c: 117 arrays, 0.4 MB stored; 1.4 s; peak memory 2194 MiB.
2026-10-08T18:08:43Z INFO [913/1000] 0c31a2a1-bcc0-4e8b-bee8-cfbf9cd4f952: 112 arrays, 0.7 MB stored; 1.8 s; peak memory 2194 MiB.
2026-10-08T18:08:43Z INFO [914/1000] 0c31f0fd-c1b0-4c10-a9af-577ad9785ddf: 112 arrays, 0.4 MB stored; 1.6 s; peak memory 2194 MiB.
2026-10-08T18:08:44Z INFO [915/1000] 0c32abbf-4ed4-4c2b-b7a1-76d4b1231dc6: 117 arrays, 0.4 MB stored; 1.4 s; peak memory 2194 MiB.
2026-10-08T18:08:45Z INFO [916/1000] 0c320f9a-f355-4e49-ab89-7d24fe723229: 38 arrays, 34.3 MB stored; 2.3 s; peak memory 2194 MiB.
2026-10-08T18:08:46Z INFO [917/1000] 0c32c492-5f10-4787-976b-b2be8dc70d1c: 52 arrays, 13.0 MB stored; 1.2 s; peak memory 2194 MiB.
2026-10-08T18:08:48Z INFO [918/1000] 0c332388-e72f-424b-b939-1abbb45b54c8: 112 arrays, 0.7 MB stored; 1.4 s; peak memory 2195 MiB.
2026-10-08T18:08:52Z INFO [919/1000] 0c3323d3-8d6c-423d-afc5-6816085638fa: 538 arrays, 8.2 MB stored; 4.5 s; peak memory 2195 MiB.
2026-10-08T18:08:54Z INFO [920/1000] 0c312f10-ecac-445b-bb9d-383e7a33cf5b: 944 arrays, 23.6 MB stored; 14.5 s; peak memory 2196 MiB.
2026-10-08T18:08:55Z INFO [921/1000] 0c349bc6-89d2-4208-9c95-4ba2ff83c06d: 48 arrays, 83.9 MB stored; 1.4 s; peak memory 2196 MiB.
2026-10-08T18:08:56Z INFO [922/1000] 0c22c2d0-643d-473e-8fe3-6804107cd649: 50 arrays, 3892.5 MB stored; 65.2 s; peak memory 2197 MiB.
2026-10-08T18:08:56Z INFO [923/1000] 0c352a93-fbc5-4d40-a692-5ec4802a185d: 48 arrays, 83.9 MB stored; 1.2 s; peak memory 2197 MiB.
2026-10-08T18:08:57Z INFO [924/1000] 0c33273c-7e50-41e7-a907-a41a3f92af98: 545 arrays, 22.2 MB stored; 5.0 s; peak memory 2197 MiB.
2026-10-08T18:08:57Z INFO [925/1000] 0c353231-0a0b-4cc8-9902-40fb8cd53301: 116 arrays, 0.2 MB stored; 1.4 s; peak memory 2197 MiB.
2026-10-08T18:08:58Z INFO [926/1000] 0c355f8a-898e-4f3f-ac3e-4bf50d7327d0: 64 arrays, 20.7 MB stored; 1.6 s; peak memory 2197 MiB.
2026-10-08T18:08:58Z INFO [927/1000] 0c3609f7-a28d-4bab-aeba-4ea2f77ecc97: 48 arrays, 83.9 MB stored; 1.3 s; peak memory 2197 MiB.
2026-10-08T18:08:59Z INFO [928/1000] 0c36120d-201a-4fcd-b5e7-4325c3a25728: 118 arrays, 1.2 MB stored; 1.5 s; peak memory 2198 MiB.
2026-10-08T18:09:00Z INFO [929/1000] 0c37e4b5-6998-48a5-b69a-ce26311ca583: 117 arrays, 0.4 MB stored; 1.4 s; peak memory 2198 MiB.
2026-10-08T18:09:00Z INFO [930/1000] 0c37e84c-8676-4faa-96a1-4c02bfe1e748: 112 arrays, 0.3 MB stored; 1.2 s; peak memory 2198 MiB.
2026-10-08T18:09:00Z INFO [931/1000] 0c378574-f1ab-47e0-9b62-0fda95233ac3: 156 arrays, 193.5 MB stored; 2.7 s; peak memory 2198 MiB.
2026-10-08T18:09:02Z INFO [932/1000] 0c380276-2d2d-4c73-9a36-4a2dcaaa9ecc: 71 arrays, 148.2 MB stored; 2.2 s; peak memory 2198 MiB.
2026-10-08T18:09:03Z INFO [933/1000] 0c3954ce-a4c7-42ca-a931-d806b87a20ff: 37 arrays, 0.0 MB stored; 1.0 s; peak memory 2198 MiB.
2026-10-08T18:09:04Z INFO [934/1000] 0c3a9dc6-e15c-415c-bb51-a0b7d2aa7106: 117 arrays, 0.3 MB stored; 1.2 s; peak memory 2198 MiB.
2026-10-08T18:09:07Z INFO [935/1000] 0c392e7e-a08c-4dc3-95ad-177486d5bb6e: 822 arrays, 30.4 MB stored; 6.2 s; peak memory 2199 MiB.
2026-10-08T18:09:08Z INFO [936/1000] 0c3b5ab4-5f17-444e-8d5f-6498218cbf38: 48 arrays, 83.9 MB stored; 1.3 s; peak memory 2199 MiB.
2026-10-08T18:09:08Z INFO [937/1000] 0c3aa9e0-f690-48ba-91b4-594569fabb4b: 229 arrays, 225.4 MB stored; 3.8 s; peak memory 2200 MiB.
2026-10-08T18:09:09Z INFO [938/1000] 0c3bc5c5-803f-4015-ab57-e615a03747f8: 41 arrays, 8.4 MB stored; 1.1 s; peak memory 2200 MiB.
2026-10-08T18:09:09Z INFO [939/1000] 0c3bdb99-6878-43db-a299-b1b7f227ce63: 48 arrays, 83.9 MB stored; 1.2 s; peak memory 2200 MiB.
2026-10-08T18:09:11Z INFO [940/1000] 0c3cc089-36f8-4ec9-a261-3079d08292c1: 48 arrays, 83.9 MB stored; 1.6 s; peak memory 2200 MiB.
2026-10-08T18:09:11Z INFO [941/1000] 0c3e422e-8671-496c-b667-076f4f102ae6: 117 arrays, 0.4 MB stored; 1.4 s; peak memory 2200 MiB.
2026-10-08T18:09:12Z INFO [942/1000] 0c3f8ae0-5be2-4c06-8402-63a864648a89: 50 arrays, 2.0 MB stored; 1.1 s; peak memory 2200 MiB.
2026-10-08T18:09:12Z INFO [943/1000] 0c386e46-b119-4f33-aabe-8e0c5da39342: 106 arrays, 18134.6 MB stored; 11.8 s; peak memory 2200 MiB.
2026-10-08T18:09:13Z INFO [944/1000] 0c407976-b496-4dad-a851-f2a80b909a8c: 112 arrays, 0.4 MB stored; 1.4 s; peak memory 2201 MiB.
2026-10-08T18:09:13Z INFO [945/1000] 0c409837-8bdd-45aa-aaae-fa16e758b9df: 118 arrays, 0.3 MB stored; 1.4 s; peak memory 2201 MiB.
2026-10-08T18:09:14Z INFO [946/1000] 0c3fa781-e2c9-47d2-a47d-a7aeec52dc0b: 90 arrays, 133.6 MB stored; 3.2 s; peak memory 2201 MiB.
2026-10-08T18:09:15Z INFO [947/1000] 0c4133fd-1b0f-4a3b-a38a-25de7ba1846a: 117 arrays, 0.2 MB stored; 1.3 s; peak memory 2201 MiB.
2026-10-08T18:09:16Z INFO [948/1000] 0c40c7f3-f960-4828-af71-78bec98fe502: 114 arrays, 10.2 MB stored; 2.2 s; peak memory 2201 MiB.
2026-10-08T18:09:17Z INFO [949/1000] 0c414aa3-cf81-43bb-b006-8aec5188fa38: 48 arrays, 83.9 MB stored; 1.4 s; peak memory 2201 MiB.
2026-10-08T18:09:18Z INFO [950/1000] 0c40a6f6-4dd5-4f1a-b893-009e06826bb7: 695 arrays, 7.7 MB stored; 4.4 s; peak memory 2202 MiB.
2026-10-08T18:09:19Z INFO [951/1000] 0c41945e-d1b3-47bf-9102-a1719071133a: 85 arrays, 1064.0 MB stored; 3.3 s; peak memory 2202 MiB.
2026-10-08T18:09:19Z INFO [952/1000] 0c431ab9-3b5e-45c2-8417-8fa0eb6841a9: 66 arrays, 195.6 MB stored; 1.8 s; peak memory 2202 MiB.
2026-10-08T18:09:20Z INFO [953/1000] 0c4321a0-4971-4185-a5c5-350d1c3fafcf: 48 arrays, 83.9 MB stored; 1.4 s; peak memory 2202 MiB.
2026-10-08T18:09:21Z INFO [954/1000] 0c438512-f9d8-457b-abf3-d1f6e29f9b25: 117 arrays, 0.4 MB stored; 1.4 s; peak memory 2202 MiB.
2026-10-08T18:09:23Z INFO [955/1000] 0c44e10e-df35-4f89-9ecb-7638695ce93b: 87 arrays, 15.2 MB stored; 2.2 s; peak memory 2202 MiB.
2026-10-08T18:09:23Z INFO [956/1000] 0c430f5a-aaa4-462c-8894-05db64b00867: 196 arrays, 575.8 MB stored; 6.2 s; peak memory 2203 MiB.
2026-10-08T18:09:24Z INFO [957/1000] 0c45fcf8-cb56-4a5c-b64d-f0109d2dccb7: 46 arrays, 0.1 MB stored; 1.0 s; peak memory 2203 MiB.
2026-10-08T18:09:24Z INFO [958/1000] 0c460d15-cda0-4f3c-838d-1ea8a4bc3098: 118 arrays, 0.6 MB stored; 1.6 s; peak memory 2203 MiB.
2026-10-08T18:09:26Z INFO [959/1000] 0c32c475-1251-485b-9934-83667b3ba4ba: 53 arrays, 117375.5 MB stored; 41.1 s; peak memory 2203 MiB.
2026-10-08T18:09:27Z INFO [960/1000] 0c480ffe-fd86-4941-8ab5-169aad4b3bc1: 45 arrays, 0.0 MB stored; 1.0 s; peak memory 2203 MiB.
2026-10-08T18:09:27Z INFO [961/1000] 0c45c6ce-302c-4b68-8eb5-525487eecbae: 987 arrays, 12.9 MB stored; 6.2 s; peak memory 2204 MiB.
2026-10-08T18:09:28Z INFO [962/1000] 0c48149f-09d1-4e4d-9c89-ed0add94f64c: 117 arrays, 0.3 MB stored; 1.4 s; peak memory 2204 MiB.
2026-10-08T18:09:28Z INFO [963/1000] 0c4771b5-4e0e-40ce-a998-16de710c5482: 251 arrays, 36.6 MB stored; 3.8 s; peak memory 2204 MiB.
2026-10-08T18:09:29Z INFO [964/1000] 0c48add7-b93a-4e04-b239-a8fea7b91308: 50 arrays, 5.9 MB stored; 1.1 s; peak memory 2204 MiB.
2026-10-08T18:09:30Z INFO [965/1000] 0c48b01d-76ac-413e-b2ef-ce388026b0cb: 117 arrays, 0.7 MB stored; 1.4 s; peak memory 2205 MiB.
2026-10-08T18:09:30Z INFO [966/1000] 0c464fdd-c7d4-4e02-9d85-3f427325c6b3: 193 arrays, 1007.7 MB stored; 6.5 s; peak memory 2205 MiB.
2026-10-08T18:09:31Z INFO [967/1000] 0c49827e-7d9b-403c-b44a-2228c1e6af84: 69 arrays, 60.6 MB stored; 1.6 s; peak memory 2205 MiB.
2026-10-08T18:09:32Z INFO [968/1000] 0c32ba22-5c3d-4617-b23a-0549b5308976: 52 arrays, 2483.9 MB stored; 48.4 s; peak memory 2205 MiB.
2026-10-08T18:09:32Z INFO [969/1000] 0c4bc03c-cb25-4679-8714-64d9b0d9ace7: 48 arrays, 83.9 MB stored; 1.3 s; peak memory 2205 MiB.
2026-10-08T18:09:32Z INFO [970/1000] 0c499789-5a19-4101-9efc-42359477ca2f: 115 arrays, 190.2 MB stored; 2.3 s; peak memory 2205 MiB.
2026-10-08T18:09:33Z INFO [971/1000] 0c4bf020-0544-49fe-9194-7fd63fafee34: 57 arrays, 0.0 MB stored; 1.1 s; peak memory 2205 MiB.
2026-10-08T18:09:33Z INFO [972/1000] 0c4da781-28f1-4abd-868c-4a1871e30df8: 46 arrays, 0.1 MB stored; 1.1 s; peak memory 2205 MiB.
2026-10-08T18:09:33Z INFO [973/1000] 0c4b0ea3-2224-4613-af4b-39a81761d6c2: 390 arrays, 3.0 MB stored; 3.1 s; peak memory 2206 MiB.
2026-10-08T18:09:34Z INFO [974/1000] 0c4ff800-1903-4449-af49-74c6687686ed: 117 arrays, 0.3 MB stored; 1.3 s; peak memory 2206 MiB.
2026-10-08T18:09:35Z INFO [975/1000] 0c4855c4-92ed-4192-8e5e-5622faa188b9: 834 arrays, 25.4 MB stored; 7.9 s; peak memory 2207 MiB.
2026-10-08T18:09:35Z INFO [976/1000] 0c4ea4a7-a657-49a4-995c-07e19a8ad4c6: 138 arrays, 4.8 MB stored; 2.4 s; peak memory 2207 MiB.
2026-10-08T18:09:36Z INFO [977/1000] 0c508013-1e69-493e-80b5-575f259d29a5: 112 arrays, 0.4 MB stored; 1.7 s; peak memory 2207 MiB.
2026-10-08T18:09:37Z INFO [978/1000] 0c50a121-ed07-4691-ae70-e9b0c69bfbe4: 66 arrays, 64.8 MB stored; 1.6 s; peak memory 2207 MiB.
2026-10-08T18:09:38Z INFO [979/1000] 0c5176e3-f9cf-4d53-8970-c2264f6c2983: 118 arrays, 0.4 MB stored; 1.4 s; peak memory 2207 MiB.
2026-10-08T18:09:39Z INFO [980/1000] 0c4d59b8-816e-433e-9be9-d68679ad46b3: 454 arrays, 16.8 MB stored; 6.8 s; peak memory 2208 MiB.
2026-10-08T18:09:39Z INFO [981/1000] 0c50e52b-c937-4220-9313-cb16b46813da: 48 arrays, 34.6 MB stored; 2.8 s; peak memory 2208 MiB.
2026-10-08T18:09:40Z INFO [982/1000] 0c4f9b49-de10-4615-b425-3646e5ec1725: 578 arrays, 31.1 MB stored; 6.5 s; peak memory 2208 MiB.
2026-10-08T18:09:40Z INFO [983/1000] 0c52b260-b23b-44fd-a966-41d9d7bbe447: 117 arrays, 0.3 MB stored; 1.3 s; peak memory 2209 MiB.
2026-10-08T18:09:41Z INFO [984/1000] 0c5328bb-5a9c-40df-a54c-7c0b26e75a9f: 118 arrays, 0.3 MB stored; 1.5 s; peak memory 2209 MiB.
2026-10-08T18:09:42Z INFO [985/1000] 0c535f8a-15b9-4320-82ce-71ce766fcf06: 112 arrays, 1.2 MB stored; 1.6 s; peak memory 2209 MiB.
2026-10-08T18:09:42Z INFO [986/1000] 0c507981-09e4-4094-858e-2ef4d22e8963: 842 arrays, 32.8 MB stored; 7.7 s; peak memory 2210 MiB.
2026-10-08T18:09:43Z INFO [987/1000] 0c54e835-cf7f-49d3-988b-89b2bffee393: 48 arrays, 83.9 MB stored; 1.2 s; peak memory 2210 MiB.
2026-10-08T18:09:43Z INFO [988/1000] 0c556efe-c3e5-457e-903b-fc61ee620f89: 46 arrays, 0.9 MB stored; 1.2 s; peak memory 2210 MiB.
2026-10-08T18:09:43Z INFO [989/1000] 0c542ab4-2a46-4b4a-9957-9716ef7e37a9: 48 arrays, 34.8 MB stored; 2.8 s; peak memory 2210 MiB.
2026-10-08T18:09:45Z INFO [990/1000] 0c55fcae-30fe-47a4-9820-ae2640ccca82: 21 arrays, 0.6 MB stored; 1.3 s; peak memory 2210 MiB.
2026-10-08T18:09:45Z INFO [991/1000] 0c566d23-4870-4027-bb3b-52468e4e3fd9: 48 arrays, 83.9 MB stored; 1.3 s; peak memory 2210 MiB.
2026-10-08T18:09:46Z INFO [992/1000] 0c55c2b0-4277-47ea-94c1-3598a129cbd5: 70 arrays, 333.4 MB stored; 2.8 s; peak memory 2210 MiB.
2026-10-08T18:09:46Z INFO [993/1000] 0c570702-b0d2-4d4e-bbca-03049344ccbc: 56 arrays, 0.0 MB stored; 1.2 s; peak memory 2210 MiB.
2026-10-08T18:09:46Z INFO [994/1000] 0c571d83-731e-4cd1-980f-9ce86f367bb1: 38 arrays, 0.5 MB stored; 1.2 s; peak memory 2210 MiB.
2026-10-08T18:09:46Z INFO [995/1000] 0c525f6c-404f-4bd4-88ed-2694e83e5667: 9079 arrays, 203.9 MB stored; 8.0 s; peak memory 2219 MiB.
2026-10-08T18:09:50Z INFO [996/1000] 0c17bd42-c80b-487a-abec-118c3fcdfff6: 167 arrays, 21249.5 MB stored; 148.9 s; peak memory 2219 MiB.
2026-10-08T18:09:53Z INFO [997/1000] 0c571fe5-da5d-4f37-ac4f-dc8c4d35a829: 930 arrays, 39.6 MB stored; 7.1 s; peak memory 2220 MiB.
2026-10-08T18:12:00Z INFO [998/1000] 0c534978-925d-4076-9dd5-4dae3840f89a: 241 arrays, 19683.7 MB stored; 140.2 s; peak memory 2223 MiB.
2026-10-08T18:21:03Z WARNING 0b2719b6-bdcd-4f90-b8b4-d6d5e30da392: failed while reading the NWB file (TimeoutError: exceeded 1200 s)
2026-10-08T18:21:03Z WARNING [999/1000] 0b2719b6-bdcd-4f90-b8b4-d6d5e30da392: recorded the failure; a later run retries it.
2026-10-08T18:27:48Z WARNING 0c218002-08ab-4c8f-bfeb-7f4c06900275: failed while reading the NWB file (TimeoutError: exceeded 1200 s)
2026-10-08T18:27:48Z WARNING [1000/1000] 0c218002-08ab-4c8f-bfeb-7f4c06900275: recorded the failure; a later run retries it.
2026-10-08T18:27:52Z INFO [1000/1000] 0c218002-08ab-4c8f-bfeb-7f4c06900275: checkpointed 8200 new records.
2026-10-08T18:27:56Z INFO Wrote 8200 records to /tmp/derivatives/valid_nwb_file_to_array_sizes.jsonl (998 new, 2 failed) in 28.2 min (peak memory 2246 MiB).
