2026-10-10T17:35:50Z INFO Logging to /tmp/logs/update_2026-10-10T17-35-50Z.log.
2026-10-10T17:35:50Z INFO Update valid-nwb-file-to-array-sizes (base directory /tmp).
2026-10-10T17:36:30Z INFO Processing 1000 items (88200 already recorded).
2026-10-10T17:36:32Z INFO [1/1000] 846479e0-1124-4b98-8f36-8f6ffaea07bf: 46 arrays, 0.1 MB stored; 2.0 s; peak memory 163 MiB.
2026-10-10T17:36:32Z INFO [2/1000] 84642511-b01a-41fe-840a-2438aa096cba: 77 arrays, 0.0 MB stored; 2.4 s; peak memory 163 MiB.
2026-10-10T17:36:33Z INFO [3/1000] 8463178d-e33b-474f-8c8e-9189c7fa2197: 49 arrays, 2.1 MB stored; 2.6 s; peak memory 163 MiB.
2026-10-10T17:36:33Z INFO [4/1000] 84636a74-084b-4f68-91c1-d4ca18f17e39: 112 arrays, 0.5 MB stored; 2.6 s; peak memory 163 MiB.
2026-10-10T17:36:33Z INFO [5/1000] 846337d8-25ce-452b-b577-4978234cc565: 93 arrays, 24.8 MB stored; 2.8 s; peak memory 163 MiB.
2026-10-10T17:36:33Z INFO [6/1000] 846411bc-6e2e-4c6f-949a-ed7c0f4ede42: 66 arrays, 275.1 MB stored; 3.2 s; peak memory 163 MiB.
2026-10-10T17:36:34Z INFO [7/1000] 8465bb37-7a15-45d1-ab82-87c37238e8fc: 48 arrays, 83.9 MB stored; 1.6 s; peak memory 163 MiB.
2026-10-10T17:36:34Z INFO [8/1000] 8466856b-c031-43c1-8223-6e19087bb225: 48 arrays, 83.9 MB stored; 1.6 s; peak memory 163 MiB.
2026-10-10T17:36:34Z INFO [9/1000] 8466bf1d-d4b5-4957-95db-1fe3e9df12af: 48 arrays, 83.9 MB stored; 1.6 s; peak memory 163 MiB.
2026-10-10T17:36:35Z INFO [10/1000] 8467f23c-55a7-487d-a458-ddab5ed8e348: 84 arrays, 0.1 MB stored; 1.8 s; peak memory 163 MiB.
2026-10-10T17:36:36Z INFO [11/1000] 84691e8b-0494-4307-bf9b-29f05f43aaa2: 114 arrays, 0.1 MB stored; 1.5 s; peak memory 163 MiB.
2026-10-10T17:36:36Z INFO [12/1000] 8468371b-2984-4dbf-8ef3-255c2ff39754: 119 arrays, 66.4 MB stored; 2.6 s; peak memory 163 MiB.
2026-10-10T17:36:36Z INFO [13/1000] 84687e64-8024-460b-aa7d-120c1763747f: 112 arrays, 0.7 MB stored; 2.2 s; peak memory 163 MiB.
2026-10-10T17:36:37Z INFO [14/1000] 8469534b-a134-4232-be47-02e0908c0df6: 45 arrays, 7.3 MB stored; 1.7 s; peak memory 163 MiB.
2026-10-10T17:36:37Z INFO [15/1000] 8466a063-da66-421e-b2c7-9a820c437e6a: 179 arrays, 10.0 MB stored; 4.1 s; peak memory 163 MiB.
2026-10-10T17:36:38Z INFO [16/1000] 846afe55-ea45-4268-8f84-4b784be2a5d4: 46 arrays, 12.6 MB stored; 1.6 s; peak memory 163 MiB.
2026-10-10T17:36:38Z INFO [17/1000] 84667e7b-f61c-4144-8613-db8a230b8360: 223 arrays, 250.8 MB stored; 5.6 s; peak memory 163 MiB.
2026-10-10T17:36:39Z INFO [18/1000] 846b05c4-0915-47a1-8ec3-07d798ffec9e: 45 arrays, 627.4 MB stored; 2.0 s; peak memory 163 MiB.
2026-10-10T17:36:40Z INFO [19/1000] 846bb412-f078-4969-a6aa-61174722c674: 52 arrays, 24.2 MB stored; 1.7 s; peak memory 163 MiB.
2026-10-10T17:36:40Z INFO [20/1000] 846eb00d-3ec1-44a8-b80e-17ffaf7ae998: 118 arrays, 0.3 MB stored; 1.7 s; peak memory 163 MiB.
2026-10-10T17:36:41Z INFO [21/1000] 8462c415-4edf-44f2-8e92-30a319a2df1b: 336 arrays, 44.0 MB stored; 11.0 s; peak memory 163 MiB.
2026-10-10T17:36:42Z INFO [22/1000] 846bb3b6-c0ce-4c23-9545-3fac8624eef2: 494 arrays, 4.1 MB stored; 5.7 s; peak memory 163 MiB.
2026-10-10T17:36:43Z INFO [23/1000] 846f0054-67ee-4933-95f1-69a642cc8784: 48 arrays, 83.9 MB stored; 1.5 s; peak memory 163 MiB.
2026-10-10T17:36:43Z INFO [24/1000] 84634ab9-49ad-4996-af90-da199b6ddcad: 107 arrays, 69.7 MB stored; 12.6 s; peak memory 163 MiB.
2026-10-10T17:36:43Z INFO [25/1000] 846eec30-8f33-43f6-85ed-61b625be9692: 112 arrays, 1.4 MB stored; 2.5 s; peak memory 163 MiB.
2026-10-10T17:36:43Z INFO [26/1000] 846ebcd1-c57f-47c4-9f16-afa8373a89c9: 85 arrays, 1633.8 MB stored; 3.7 s; peak memory 163 MiB.
2026-10-10T17:36:44Z INFO [27/1000] 8469b330-86f2-4cf2-9bc9-526b8dfcbac4: 307 arrays, 322.8 MB stored; 7.6 s; peak memory 163 MiB.
2026-10-10T17:36:44Z INFO [28/1000] 846c58a9-8c8f-42c7-aa1c-cacfa4060f5d: 229 arrays, 269.1 MB stored; 5.9 s; peak memory 163 MiB.
2026-10-10T17:36:45Z INFO [29/1000] 84712c31-32a1-4906-8c11-b8764a229241: 48 arrays, 83.9 MB stored; 1.6 s; peak memory 163 MiB.
2026-10-10T17:36:45Z INFO [30/1000] 846f3815-88b9-4993-a72e-68d35b5e4393: 117 arrays, 0.5 MB stored; 2.1 s; peak memory 163 MiB.
2026-10-10T17:36:45Z INFO [31/1000] 847003e8-f1e9-4308-8f60-7de4894482d5: 76 arrays, 82.3 MB stored; 2.4 s; peak memory 163 MiB.
2026-10-10T17:36:45Z INFO [32/1000] 84718108-9049-45ed-8b11-587c37e4c85e: 48 arrays, 83.9 MB stored; 1.7 s; peak memory 163 MiB.
2026-10-10T17:36:46Z INFO [33/1000] 846f11ad-3775-4b4d-9f20-cc994edf9e30: 90 arrays, 181.3 MB stored; 3.2 s; peak memory 163 MiB.
2026-10-10T17:36:46Z INFO [34/1000] 84712de8-d4e4-4bf3-b77f-059dba44dfa9: 71 arrays, 18.6 MB stored; 2.3 s; peak memory 163 MiB.
2026-10-10T17:36:46Z INFO [35/1000] 8471bf9c-c680-4400-8516-d2263568d3bc: 46 arrays, 0.1 MB stored; 1.4 s; peak memory 163 MiB.
2026-10-10T17:36:47Z INFO [36/1000] 847281d7-ecce-413e-baff-19eae6856d53: 59 arrays, 117.2 MB stored; 2.2 s; peak memory 163 MiB.
2026-10-10T17:36:47Z INFO [37/1000] 84719381-fbed-4092-b36d-fd14b2e5e0f1: 38 arrays, 25.7 MB stored; 2.9 s; peak memory 163 MiB.
2026-10-10T17:36:47Z INFO [38/1000] 84731a76-70dc-47b0-943b-6940cf416073: 117 arrays, 0.5 MB stored; 1.9 s; peak memory 163 MiB.
2026-10-10T17:36:47Z INFO [39/1000] 8473393c-df23-4e44-a785-351197b61012: 48 arrays, 83.9 MB stored; 1.6 s; peak memory 163 MiB.
2026-10-10T17:36:48Z INFO [40/1000] 8473637d-843f-42bf-ad5b-6062043d4c7d: 112 arrays, 0.5 MB stored; 2.1 s; peak memory 163 MiB.
2026-10-10T17:36:48Z INFO [41/1000] 8473b367-4c02-4343-b977-d4282d9d4d0f: 69 arrays, 1.8 MB stored; 2.0 s; peak memory 163 MiB.
2026-10-10T17:36:48Z INFO [42/1000] 84731e59-ae69-4ab4-ab7d-503005bb118a: 118 arrays, 66.2 MB stored; 3.0 s; peak memory 163 MiB.
2026-10-10T17:36:49Z INFO [43/1000] 847426b1-119d-4f28-9087-a4bec51e47ce: 52 arrays, 626.3 MB stored; 1.8 s; peak memory 163 MiB.
2026-10-10T17:36:49Z INFO [44/1000] 8474c743-06d2-4770-9e46-5aad58144b04: 117 arrays, 0.4 MB stored; 1.8 s; peak memory 163 MiB.
2026-10-10T17:36:49Z INFO [45/1000] 847805b2-1ef4-40da-8581-c5e4aabc835d: 21 arrays, 0.6 MB stored; 1.3 s; peak memory 163 MiB.
2026-10-10T17:36:50Z INFO [46/1000] 8476d889-4c15-4b25-bfe0-109f5847915d: 48 arrays, 83.9 MB stored; 1.7 s; peak memory 163 MiB.
2026-10-10T17:36:51Z INFO [47/1000] 84794e1c-ec80-4bbf-9f9e-cb416254ff23: 47 arrays, 43.1 MB stored; 2.0 s; peak memory 163 MiB.
2026-10-10T17:36:51Z INFO [48/1000] 8479ac17-2fe1-4efb-833e-319fdb40774e: 48 arrays, 83.9 MB stored; 1.4 s; peak memory 163 MiB.
2026-10-10T17:36:51Z INFO [49/1000] 8479614e-4caa-4db8-9f55-dd4776596e12: 74 arrays, 58.5 MB stored; 1.9 s; peak memory 163 MiB.
2026-10-10T17:36:52Z INFO [50/1000] 84783acf-dc19-434c-bd4e-d678f786ddec: 101 arrays, 43051.0 MB stored; 3.2 s; peak memory 163 MiB.
2026-10-10T17:36:53Z INFO [51/1000] 847a928d-3ca1-42b1-b395-df85f5e270eb: 48 arrays, 83.9 MB stored; 1.5 s; peak memory 163 MiB.
2026-10-10T17:36:53Z INFO [52/1000] 847a9fbd-6c4b-42a9-b0f9-3da0bfa41cc8: 47 arrays, 2.4 MB stored; 1.4 s; peak memory 163 MiB.
2026-10-10T17:36:53Z INFO [53/1000] 847a9696-fad5-4754-90e3-a5c21e4cc6a1: 112 arrays, 0.3 MB stored; 2.0 s; peak memory 163 MiB.
2026-10-10T17:36:54Z INFO [54/1000] 84763876-6c37-4805-92fa-05d3298ca975: 229 arrays, 308.9 MB stored; 6.1 s; peak memory 163 MiB.
2026-10-10T17:36:54Z INFO [55/1000] 847aceba-ced9-4956-a309-1598cdb18218: 76 arrays, 0.2 MB stored; 1.7 s; peak memory 163 MiB.
2026-10-10T17:36:54Z INFO [56/1000] 847afa0f-7e25-4185-ab39-930185db49f6: 35 arrays, 0.0 MB stored; 1.2 s; peak memory 163 MiB.
2026-10-10T17:36:55Z INFO [57/1000] 847b2e88-21cb-4d7b-8edc-09bcade14e2e: 118 arrays, 0.4 MB stored; 1.8 s; peak memory 163 MiB.
2026-10-10T17:36:56Z INFO [58/1000] 847c455e-bb5c-4981-93b8-d72803f2c6f4: 48 arrays, 83.9 MB stored; 1.6 s; peak memory 163 MiB.
2026-10-10T17:36:56Z INFO [59/1000] 847d58f4-fd13-43a6-b48c-1cd2e56d55b0: 48 arrays, 83.9 MB stored; 1.6 s; peak memory 163 MiB.
2026-10-10T17:36:57Z INFO [60/1000] 847440f3-d688-4b07-94fc-15157b59e37c: 923 arrays, 22.7 MB stored; 10.4 s; peak memory 163 MiB.
2026-10-10T17:36:57Z INFO [61/1000] 847eeafe-c8ae-48df-b448-6c2fdcc6ed7b: 48 arrays, 83.9 MB stored; 1.5 s; peak memory 163 MiB.
2026-10-10T17:36:58Z INFO [62/1000] 847d4798-2776-4ffd-9721-5cd26582d22e: 156 arrays, 193.5 MB stored; 4.1 s; peak memory 163 MiB.
2026-10-10T17:36:59Z INFO [63/1000] 847fb2dc-80cf-4c91-924b-8ef320c4ce25: 117 arrays, 0.3 MB stored; 1.7 s; peak memory 163 MiB.
2026-10-10T17:36:59Z INFO [64/1000] 847daff1-7603-4a8b-9011-3015a8fb822d: 48 arrays, 34.7 MB stored; 3.9 s; peak memory 163 MiB.
2026-10-10T17:36:59Z INFO [65/1000] 8480599e-363e-41bf-8ea8-36c5d300cbf3: 49 arrays, 1.6 MB stored; 1.9 s; peak memory 163 MiB.
2026-10-10T17:37:00Z INFO [66/1000] 84806b0b-1746-47eb-8f0b-053ff5f74d3f: 117 arrays, 0.5 MB stored; 1.8 s; peak memory 163 MiB.
2026-10-10T17:37:01Z INFO [67/1000] 84819b02-3b62-4af2-aa6e-95671ff08f88: 39 arrays, 786.4 MB stored; 1.6 s; peak memory 163 MiB.
2026-10-10T17:37:01Z INFO [68/1000] 847408e1-110f-44ac-865f-a6ebfa6fcf57: 268 arrays, 670.8 MB stored; 14.2 s; peak memory 163 MiB.
2026-10-10T17:37:02Z INFO [69/1000] 8482235d-eef9-41ef-80d7-cc0adce1b960: 48 arrays, 83.9 MB stored; 1.5 s; peak memory 163 MiB.
2026-10-10T17:37:02Z INFO [70/1000] 847e5d1f-115c-4d82-9d01-8d5d20c327cb: 222 arrays, 29.3 MB stored; 6.3 s; peak memory 163 MiB.
2026-10-10T17:37:02Z INFO [71/1000] 8482aa7e-2970-43d8-8b17-4d3e053ae415: 48 arrays, 83.9 MB stored; 1.6 s; peak memory 163 MiB.
2026-10-10T17:37:02Z INFO [72/1000] 8482daba-01f1-4f31-9589-99b8aa0e1cf9: 46 arrays, 0.1 MB stored; 1.3 s; peak memory 163 MiB.
2026-10-10T17:37:04Z INFO [73/1000] 8483f98f-3f38-447d-861c-a6ee16408861: 118 arrays, 0.4 MB stored; 2.0 s; peak memory 163 MiB.
2026-10-10T17:37:04Z INFO [74/1000] 84847014-6f76-496e-8537-9aaadb906afb: 48 arrays, 83.9 MB stored; 1.5 s; peak memory 163 MiB.
2026-10-10T17:37:05Z INFO [75/1000] 84846f1d-9331-4db6-aa2d-e8f2d1ef1301: 66 arrays, 120.2 MB stored; 2.3 s; peak memory 163 MiB.
2026-10-10T17:37:05Z INFO [76/1000] 848214aa-7a8c-4c6a-8eb3-433e7ce7cdc8: 229 arrays, 247.5 MB stored; 5.4 s; peak memory 163 MiB.
2026-10-10T17:37:06Z INFO [77/1000] 8482f191-9930-49c6-91d3-04e718476b46: 156 arrays, 193.6 MB stored; 3.9 s; peak memory 163 MiB.
2026-10-10T17:37:06Z INFO [78/1000] 84853b84-4a38-4640-aad9-7828dd9b6a6f: 112 arrays, 0.5 MB stored; 2.0 s; peak memory 163 MiB.
2026-10-10T17:37:07Z INFO [79/1000] 84869690-eb9e-4bd6-92b4-774b5bcf5ea7: 48 arrays, 83.9 MB stored; 1.5 s; peak memory 163 MiB.
2026-10-10T17:37:08Z INFO [80/1000] 8485f502-7092-4934-80fe-dc37dd3a4c16: 123 arrays, 0.7 MB stored; 2.6 s; peak memory 163 MiB.
2026-10-10T17:37:09Z INFO [81/1000] 8486bf85-bfb0-444d-b810-c7ead788e3cf: 48 arrays, 83.9 MB stored; 1.5 s; peak memory 163 MiB.
2026-10-10T17:37:10Z INFO [82/1000] 84853f2e-4cc1-443f-b458-b1ec82e64bf9: 92 arrays, 72.1 MB stored; 5.1 s; peak memory 163 MiB.
2026-10-10T17:37:10Z INFO [83/1000] 8486cde6-16b5-4023-8697-09956b1571c2: 112 arrays, 0.4 MB stored; 1.8 s; peak memory 163 MiB.
2026-10-10T17:37:11Z INFO [84/1000] 84815528-6653-476b-8c54-f8c09a364a49: 640 arrays, 18.3 MB stored; 11.6 s; peak memory 163 MiB.
2026-10-10T17:37:11Z INFO [85/1000] 8486f32b-3a23-48c9-ac02-8a2c6855aa58: 153 arrays, 0.4 MB stored; 2.1 s; peak memory 163 MiB.
2026-10-10T17:37:11Z INFO [86/1000] 847a6ee1-8e52-44fc-b000-253f27fcf788: 48 arrays, 44385.3 MB stored; 20.1 s; peak memory 163 MiB.
2026-10-10T17:37:11Z INFO [87/1000] 848726ae-4b45-4ddd-bcd7-674fa8ee5c65: 48 arrays, 83.9 MB stored; 1.7 s; peak memory 163 MiB.
2026-10-10T17:37:17Z INFO [88/1000] 8488c96b-b1d4-41c0-afcd-6183cb83dc13: 225 arrays, 613.2 MB stored; 6.2 s; peak memory 163 MiB.
2026-10-10T17:37:19Z INFO [89/1000] 8489ad93-0fd5-4a67-a446-47050c65f925: 117 arrays, 0.4 MB stored; 1.7 s; peak memory 163 MiB.
2026-10-10T17:37:20Z INFO [90/1000] 8489110c-e4cf-4992-88ba-5dce6367687b: 321 arrays, 45.1 MB stored; 9.0 s; peak memory 163 MiB.
2026-10-10T17:37:21Z INFO [91/1000] 84877f39-3c67-4b80-b803-b05c5b22df92: 402 arrays, 12794.6 MB stored; 10.5 s; peak memory 163 MiB.
2026-10-10T17:37:21Z INFO [92/1000] 8489bdf1-17db-473c-b19b-9aca82d34874: 101 arrays, 14.7 MB stored; 2.2 s; peak memory 163 MiB.
2026-10-10T17:37:22Z INFO [93/1000] 848a824e-4bcb-4965-97e7-082206c23720: 48 arrays, 83.9 MB stored; 1.5 s; peak memory 163 MiB.
2026-10-10T17:37:22Z INFO [94/1000] 848c1135-4205-4c85-a73f-d970ff24d6ef: 46 arrays, 0.0 MB stored; 1.1 s; peak memory 163 MiB.
2026-10-10T17:37:24Z INFO [95/1000] 848ce779-cfdf-43b3-9ee2-3584591e7b12: 117 arrays, 0.3 MB stored; 1.7 s; peak memory 163 MiB.
2026-10-10T17:37:24Z INFO [96/1000] 848d1ab0-dfea-48e8-9bb4-7fa8de5b84e1: 117 arrays, 0.3 MB stored; 1.9 s; peak memory 163 MiB.
2026-10-10T17:37:24Z INFO [97/1000] 848b86d0-c00e-44fa-bde6-0331afca62cb: 156 arrays, 193.6 MB stored; 3.7 s; peak memory 163 MiB.
2026-10-10T17:37:25Z INFO [98/1000] 848d40de-a63c-4e7c-a662-a9460c9fb4e9: 72 arrays, 2.1 MB stored; 1.9 s; peak memory 163 MiB.
2026-10-10T17:37:25Z INFO [99/1000] 8487d19e-85c1-4005-8bf6-998f3f12788d: 268 arrays, 825.4 MB stored; 14.9 s; peak memory 163 MiB.
2026-10-10T17:37:26Z INFO [100/1000] 848e052e-fd68-4429-bff8-e4c82343d3e2: 48 arrays, 83.9 MB stored; 1.6 s; peak memory 163 MiB.
2026-10-10T17:37:26Z INFO [101/1000] 848e09b7-10c0-4d88-a766-ac945dfbcc97: 52 arrays, 13.0 MB stored; 1.7 s; peak memory 163 MiB.
2026-10-10T17:37:27Z INFO [102/1000] 848fc9c8-3fba-4c74-8853-c61936859cd8: 84 arrays, 0.1 MB stored; 1.6 s; peak memory 163 MiB.
2026-10-10T17:37:27Z INFO [103/1000] 848f60b9-1a84-4887-bd6b-e0a4c2cc96bd: 84 arrays, 2.5 MB stored; 2.0 s; peak memory 163 MiB.
2026-10-10T17:37:28Z INFO [104/1000] 848f85b3-39be-422d-b21c-2d8f94b78666: 112 arrays, 0.4 MB stored; 2.2 s; peak memory 163 MiB.
2026-10-10T17:37:29Z INFO [105/1000] 84900bf6-b42c-4d04-aafb-a8a3b8380178: 119 arrays, 66.4 MB stored; 2.8 s; peak memory 163 MiB.
2026-10-10T17:37:29Z INFO [106/1000] 84906177-988e-489e-bce0-956a724ae9fc: 48 arrays, 83.9 MB stored; 1.6 s; peak memory 163 MiB.
2026-10-10T17:37:29Z INFO [107/1000] 849059a6-3774-40bc-941d-8fcb2ee7702e: 116 arrays, 9.8 MB stored; 1.9 s; peak memory 163 MiB.
2026-10-10T17:37:29Z INFO [108/1000] 84909596-9a14-4522-8462-3a11d7f5d42d: 112 arrays, 0.4 MB stored; 1.8 s; peak memory 163 MiB.
2026-10-10T17:37:31Z INFO [109/1000] 849142bf-f5cd-4ae4-b2c0-a7d5b6670f50: 50 arrays, 3.3 MB stored; 1.6 s; peak memory 163 MiB.
2026-10-10T17:37:31Z INFO [110/1000] 8491170d-18d4-491b-8cec-729e84865359: 275 arrays, 17.1 MB stored; 2.1 s; peak memory 163 MiB.
2026-10-10T17:37:33Z INFO [111/1000] 849294a9-0e54-4c9f-81f2-c66a973fa8a5: 117 arrays, 0.4 MB stored; 1.9 s; peak memory 163 MiB.
2026-10-10T17:37:34Z INFO [112/1000] 84916d8d-f2cf-4514-81fc-dd98169a5a4e: 92 arrays, 92.4 MB stored; 4.3 s; peak memory 163 MiB.
2026-10-10T17:37:34Z INFO [113/1000] 8492f563-fba4-4355-9ddb-82208d1618ca: 116 arrays, 0.3 MB stored; 1.7 s; peak memory 163 MiB.
2026-10-10T17:37:35Z INFO [114/1000] 84915da9-767c-4cad-9e5b-ba28232e77e2: 664 arrays, 5.8 MB stored; 6.3 s; peak memory 163 MiB.
2026-10-10T17:37:36Z INFO [115/1000] 8492fc63-4f6f-4542-9f47-9b21303c1eeb: 117 arrays, 0.2 MB stored; 1.8 s; peak memory 163 MiB.
2026-10-10T17:37:36Z INFO [116/1000] 8492fda8-bc81-4628-8929-ed14b87d0394: 117 arrays, 0.4 MB stored; 1.8 s; peak memory 163 MiB.
2026-10-10T17:37:37Z INFO [117/1000] 84937a54-97b1-4aa5-8ade-2ec636711f0a: 48 arrays, 83.9 MB stored; 1.5 s; peak memory 163 MiB.
2026-10-10T17:37:37Z INFO [118/1000] 8493c3ac-06f5-4d04-91c8-e0e40a9b47c6: 46 arrays, 0.3 MB stored; 1.6 s; peak memory 163 MiB.
2026-10-10T17:37:38Z INFO [119/1000] 84940577-879e-4e7a-b1c1-79d14bbf9185: 112 arrays, 0.8 MB stored; 2.2 s; peak memory 163 MiB.
2026-10-10T17:37:39Z INFO [120/1000] 849422fc-6b1a-494d-ba26-ec1c5283fa9b: 48 arrays, 83.9 MB stored; 1.5 s; peak memory 163 MiB.
2026-10-10T17:37:39Z INFO [121/1000] 8494499e-9466-46ba-9008-fc17b5f7bb81: 46 arrays, 0.1 MB stored; 1.4 s; peak memory 163 MiB.
2026-10-10T17:37:40Z INFO [122/1000] 84946b51-f631-4cb0-970a-a51282759c01: 78 arrays, 0.1 MB stored; 1.8 s; peak memory 163 MiB.
2026-10-10T17:37:40Z INFO [123/1000] 849548e0-2ff9-45d4-a3b8-cfcd8e521b11: 48 arrays, 83.9 MB stored; 1.6 s; peak memory 163 MiB.
2026-10-10T17:37:41Z INFO [124/1000] 849638cb-6103-4013-a890-740011100d7c: 21 arrays, 0.6 MB stored; 1.3 s; peak memory 163 MiB.
2026-10-10T17:37:42Z INFO [125/1000] 8495faa8-7fd9-41e2-9ff1-2a64a1e89145: 71 arrays, 41.4 MB stored; 2.4 s; peak memory 163 MiB.
2026-10-10T17:37:43Z INFO [126/1000] 84963e5c-a159-4e7e-9dfe-06085d400fed: 112 arrays, 0.2 MB stored; 1.9 s; peak memory 163 MiB.
2026-10-10T17:37:44Z INFO [127/1000] 84969c7e-8da4-4af3-825b-25af668111cb: 48 arrays, 83.9 MB stored; 1.5 s; peak memory 163 MiB.
2026-10-10T17:37:45Z INFO [128/1000] 8496f5d7-2455-48ae-809b-a97d5f6a8f18: 48 arrays, 83.9 MB stored; 1.5 s; peak memory 163 MiB.
2026-10-10T17:37:49Z INFO [129/1000] 8497fab0-bdd4-4d52-adba-751c58b249cc: 115 arrays, 190.0 MB stored; 3.2 s; peak memory 163 MiB.
2026-10-10T17:37:50Z INFO [130/1000] 84852129-a6a3-454c-928d-fdb8b9e6d276: 3214 arrays, 78.4 MB stored; 46.3 s; peak memory 163 MiB.
2026-10-10T17:37:51Z INFO [131/1000] 8496c37b-2219-41f1-8e5a-90636fd72752: 544 arrays, 7.7 MB stored; 7.2 s; peak memory 163 MiB.
2026-10-10T17:37:52Z INFO [132/1000] 84988648-4782-4ec9-9e3e-99847e7c07f3: 118 arrays, 67.1 MB stored; 3.3 s; peak memory 163 MiB.
2026-10-10T17:37:52Z INFO [133/1000] 8498f7c7-46f1-4766-9e78-3bab930cda04: 112 arrays, 0.9 MB stored; 2.2 s; peak memory 163 MiB.
2026-10-10T17:37:52Z INFO [134/1000] 84990622-dba5-4c19-834e-fe4f6c527500: 72 arrays, 0.6 MB stored; 1.8 s; peak memory 163 MiB.
2026-10-10T17:37:54Z INFO [135/1000] 849a11c1-c0f4-4207-ac1d-d410011b2e36: 45 arrays, 0.0 MB stored; 1.4 s; peak memory 163 MiB.
2026-10-10T17:37:54Z INFO [136/1000] 84998b4c-75da-4045-96d5-0680d592a78f: 170 arrays, 0.7 MB stored; 1.8 s; peak memory 163 MiB.
2026-10-10T17:37:54Z INFO [137/1000] 849a2512-3021-4e9f-a0bb-33cce337d346: 117 arrays, 0.1 MB stored; 1.8 s; peak memory 163 MiB.
2026-10-10T17:37:55Z INFO [138/1000] 849b1586-177c-4575-b977-414cda6d50da: 48 arrays, 83.9 MB stored; 1.5 s; peak memory 163 MiB.
2026-10-10T17:37:56Z INFO [139/1000] 849a6757-657c-4a32-8091-7ec66076d354: 109 arrays, 0.5 MB stored; 2.0 s; peak memory 163 MiB.
2026-10-10T17:37:56Z INFO [140/1000] 849b99d0-d4a9-4bc7-af54-d26e58759346: 33 arrays, 0.0 MB stored; 1.2 s; peak memory 163 MiB.
2026-10-10T17:37:58Z INFO [141/1000] 849cda39-7cd6-4056-a109-b809f6442141: 289 arrays, 17.1 MB stored; 2.0 s; peak memory 163 MiB.
2026-10-10T17:37:58Z INFO [142/1000] 849d141a-f755-499c-b4db-22e7ad20eef1: 48 arrays, 83.9 MB stored; 1.5 s; peak memory 163 MiB.
2026-10-10T17:37:59Z INFO [143/1000] 849d4fc1-04d7-4327-9178-61501df94ce8: 118 arrays, 0.2 MB stored; 1.6 s; peak memory 163 MiB.
2026-10-10T17:37:59Z INFO [144/1000] 849de8f7-4ef9-4e58-b9ea-c79aa3829a4a: 48 arrays, 83.9 MB stored; 1.5 s; peak memory 163 MiB.
2026-10-10T17:38:05Z INFO [145/1000] 849df369-221e-4d14-b269-58026e823407: 518 arrays, 8.5 MB stored; 5.9 s; peak memory 163 MiB.
2026-10-10T17:38:07Z INFO [146/1000] 849e8d6c-018e-469c-a5fe-30fd369bb092: 118 arrays, 0.3 MB stored; 1.8 s; peak memory 163 MiB.
2026-10-10T17:38:09Z INFO [147/1000] 849ef0f3-b351-4ec1-a5f8-c45f1b91b870: 112 arrays, 0.4 MB stored; 1.8 s; peak memory 163 MiB.
2026-10-10T17:38:16Z INFO [148/1000] 849e235f-3ce3-4f31-8736-c4f3547e130a: 900 arrays, 51.5 MB stored; 17.0 s; peak memory 163 MiB.
2026-10-10T17:38:18Z INFO [149/1000] 849ff782-c480-4915-88fc-4312084b1322: 52 arrays, 627.3 MB stored; 1.6 s; peak memory 163 MiB.
2026-10-10T17:38:19Z INFO [150/1000] 849fe1ca-fe26-4464-82c1-7fde37918853: 747 arrays, 20.3 MB stored; 10.0 s; peak memory 163 MiB.
2026-10-10T17:38:20Z INFO [151/1000] 84a03748-cd8c-432c-ba1b-264e8d80ca14: 72 arrays, 0.6 MB stored; 2.0 s; peak memory 163 MiB.
2026-10-10T17:38:31Z INFO [152/1000] 846ae853-1adc-40bd-a406-40a5035aa2d4: 394 arrays, 19746.9 MB stored; 114.8 s; peak memory 163 MiB.
2026-10-10T17:38:34Z INFO [153/1000] 84a1750f-6298-445d-80c5-c12fec215332: 71 arrays, 64.9 MB stored; 2.4 s; peak memory 163 MiB.
2026-10-10T17:38:35Z INFO [154/1000] 84a17b38-8b5d-49ca-b9fa-72416e85d15f: 118 arrays, 0.5 MB stored; 1.7 s; peak memory 163 MiB.
2026-10-10T17:38:37Z INFO [155/1000] 84a1a087-ff16-484c-b633-ee0e63eca0ca: 48 arrays, 83.9 MB stored; 1.5 s; peak memory 163 MiB.
2026-10-10T17:38:38Z INFO [156/1000] 84a1b492-6d57-4110-8cb2-61369af110a0: 48 arrays, 83.9 MB stored; 1.5 s; peak memory 163 MiB.
2026-10-10T17:38:39Z INFO [157/1000] 849b88d2-d157-473c-866a-33aa645e17f2: 55 arrays, 2097.6 MB stored; 45.0 s; peak memory 163 MiB.
2026-10-10T17:38:40Z INFO [158/1000] 84a1cf42-0c6c-4f39-b3d4-337ffa6e6ff0: 117 arrays, 0.4 MB stored; 1.8 s; peak memory 163 MiB.
2026-10-10T17:38:41Z INFO [159/1000] 84a210e0-4873-4eba-8b42-c01cc6d784dc: 48 arrays, 83.9 MB stored; 1.4 s; peak memory 163 MiB.
2026-10-10T17:38:42Z INFO [160/1000] 84a24346-0b94-43ba-877d-721bdd311bbf: 117 arrays, 0.3 MB stored; 1.9 s; peak memory 163 MiB.
2026-10-10T17:38:42Z INFO [161/1000] 84a2a0ac-7aff-434d-a7fd-61427c462f05: 48 arrays, 83.9 MB stored; 1.6 s; peak memory 163 MiB.
2026-10-10T17:38:44Z INFO [162/1000] 84a2d603-3cb6-469a-bbf2-9e353943961f: 48 arrays, 83.9 MB stored; 1.6 s; peak memory 163 MiB.
2026-10-10T17:38:45Z INFO [163/1000] 84a2eae5-9316-4cab-92ab-cbf3ea99a965: 154 arrays, 261.8 MB stored; 3.2 s; peak memory 163 MiB.
2026-10-10T17:38:47Z INFO [164/1000] 84a2efc8-a1bd-4ebc-bec2-394284697a3d: 50 arrays, 8672.7 MB stored; 1.9 s; peak memory 163 MiB.
2026-10-10T17:38:48Z INFO [165/1000] 84a07763-5487-4157-bd15-0d391b2d2045: 48 arrays, 1625.7 MB stored; 29.1 s; peak memory 163 MiB.
2026-10-10T17:38:50Z INFO [166/1000] 84a2eca2-a368-4022-b6ed-f3a04610c23e: 508 arrays, 6.1 MB stored; 6.4 s; peak memory 163 MiB.
2026-10-10T17:38:50Z INFO [167/1000] 84a33fa4-49ad-465b-962d-f95bfb3d54d2: 158 arrays, 1.2 MB stored; 2.6 s; peak memory 163 MiB.
2026-10-10T17:38:51Z INFO [168/1000] 84a3bdd6-80ba-4fec-bddd-5715c632caf4: 54 arrays, 0.0 MB stored; 1.4 s; peak memory 163 MiB.
2026-10-10T17:38:54Z INFO [169/1000] 8485dfe3-5aeb-4598-8aad-bed3de8be1a5: 55 arrays, 7673.3 MB stored; 108.7 s; peak memory 163 MiB.
2026-10-10T17:38:54Z INFO [170/1000] 84a48fe3-e8c3-44fe-a84a-6a7cfcad0b7e: 71 arrays, 64.4 MB stored; 2.7 s; peak memory 163 MiB.
2026-10-10T17:38:54Z INFO [171/1000] 84a31a23-2db0-4319-9047-82cceca0c331: 196 arrays, 728.2 MB stored; 7.3 s; peak memory 163 MiB.
2026-10-10T17:38:55Z INFO [172/1000] 84a4f9e8-31d0-455c-84a8-03dc84e1ef69: 117 arrays, 0.4 MB stored; 1.8 s; peak memory 163 MiB.
2026-10-10T17:38:56Z INFO [173/1000] 84a5a123-928a-4494-a259-17a804fb35c0: 46 arrays, 12.6 MB stored; 1.6 s; peak memory 163 MiB.
2026-10-10T17:38:57Z INFO [174/1000] 84a5dfdd-5de5-4cec-b4af-561eb4740dc7: 48 arrays, 83.9 MB stored; 1.5 s; peak memory 163 MiB.
2026-10-10T17:38:57Z INFO [175/1000] 84a5c7f3-0ef1-455e-b158-05939835d5d0: 101 arrays, 45682.3 MB stored; 3.0 s; peak memory 163 MiB.
2026-10-10T17:39:05Z INFO [176/1000] 84a4673b-9615-4251-ae06-491d70e19a2c: 1562 arrays, 33.1 MB stored; 14.8 s; peak memory 163 MiB.
2026-10-10T17:39:06Z INFO [177/1000] 84a71c80-6450-4444-9c37-f79c14aac8c4: 391 arrays, 77.8 MB stored; 9.9 s; peak memory 163 MiB.
2026-10-10T17:39:07Z INFO [178/1000] 84a8014d-7537-4598-b815-c9489ee7d448: 48 arrays, 83.9 MB stored; 1.6 s; peak memory 163 MiB.
2026-10-10T17:39:09Z INFO [179/1000] 84a84b59-158c-4972-81f2-7e6181e82cfe: 117 arrays, 0.2 MB stored; 1.6 s; peak memory 163 MiB.
2026-10-10T17:39:11Z INFO [180/1000] 84a8ab33-a46a-4cbf-ba69-e16cc1b089c0: 116 arrays, 0.4 MB stored; 1.7 s; peak memory 163 MiB.
2026-10-10T17:39:12Z INFO [181/1000] 84a7b2ee-73ba-4787-acd8-391955a70cbe: 510 arrays, 7.1 MB stored; 6.4 s; peak memory 163 MiB.
2026-10-10T17:39:12Z INFO [182/1000] 84a8b5c1-cfcb-49e1-8ade-17a43997d8b2: 117 arrays, 0.6 MB stored; 2.0 s; peak memory 163 MiB.
2026-10-10T17:39:14Z INFO [183/1000] 84aaa846-79a3-4067-bc81-25bc7116c30a: 48 arrays, 83.9 MB stored; 1.4 s; peak memory 163 MiB.
2026-10-10T17:39:16Z INFO [184/1000] 84ab716d-6b39-4685-9648-fc621c6891e2: 79 arrays, 0.4 MB stored; 1.9 s; peak memory 163 MiB.
2026-10-10T17:39:16Z INFO [185/1000] 84a76bc2-17b5-4194-828d-5ba74d46c558: 48 arrays, 44033.3 MB stored; 19.5 s; peak memory 163 MiB.
2026-10-10T17:39:16Z INFO [186/1000] 84a7b1ff-9178-49da-b27a-7946d41a21d8: 1428 arrays, 51.0 MB stored; 19.0 s; peak memory 163 MiB.
2026-10-10T17:39:18Z INFO [187/1000] 84ac1c02-9f97-4917-84cd-ee6f70606e7c: 117 arrays, 0.4 MB stored; 1.8 s; peak memory 163 MiB.
2026-10-10T17:39:18Z INFO [188/1000] 84ac714d-f4f9-4c2d-83c1-40a3912284c6: 116 arrays, 0.4 MB stored; 1.8 s; peak memory 163 MiB.
2026-10-10T17:39:19Z INFO [189/1000] 84a9cb03-0602-41d8-b5e2-00d2245d4cb6: 193 arrays, 1294.4 MB stored; 7.3 s; peak memory 163 MiB.
2026-10-10T17:39:20Z INFO [190/1000] 84ad6cea-bc26-45e4-93c4-9ee370e0f291: 64 arrays, 14.2 MB stored; 1.8 s; peak memory 163 MiB.
2026-10-10T17:39:21Z INFO [191/1000] 84ace7c3-d010-41c0-bd7c-ef0679d2e5f9: 116 arrays, 187.1 MB stored; 3.2 s; peak memory 163 MiB.
2026-10-10T17:39:21Z INFO [192/1000] 84ad8918-e239-45c9-b1ac-f6af9a74a370: 48 arrays, 83.9 MB stored; 1.4 s; peak memory 163 MiB.
2026-10-10T17:39:24Z INFO [193/1000] 84ad9aa6-15b4-4e1d-9280-f99c3ec475de: 38 arrays, 59.6 MB stored; 3.1 s; peak memory 163 MiB.
2026-10-10T17:39:26Z INFO [194/1000] 84adc148-9570-4430-b6fc-7d33be0a91bf: 118 arrays, 0.4 MB stored; 1.9 s; peak memory 163 MiB.
2026-10-10T17:39:27Z INFO [195/1000] 84ac2315-70d6-41c9-8fb9-da406bc33256: 252 arrays, 486.6 MB stored; 11.0 s; peak memory 163 MiB.
2026-10-10T17:39:28Z INFO [196/1000] 84add751-907a-4257-81c6-b2629a45ffbe: 51 arrays, 1877.4 MB stored; 1.9 s; peak memory 163 MiB.
2026-10-10T17:39:29Z INFO [197/1000] 84aeaa11-c7d2-4b13-b6fd-1d2906d489a2: 48 arrays, 83.9 MB stored; 1.4 s; peak memory 163 MiB.
2026-10-10T17:39:29Z INFO [198/1000] 84af75cc-f648-4fde-a682-6f2c9f5101c1: 48 arrays, 83.9 MB stored; 1.4 s; peak memory 163 MiB.
2026-10-10T17:39:31Z INFO [199/1000] 84b021f6-385f-4808-a0c7-6852eef4a8fc: 118 arrays, 0.4 MB stored; 1.7 s; peak memory 163 MiB.
2026-10-10T17:39:33Z INFO [200/1000] 84b0939c-898e-461e-8e09-e61a06e63a62: 112 arrays, 0.4 MB stored; 1.8 s; peak memory 163 MiB.
2026-10-10T17:39:33Z INFO [200/1000] 84b0939c-898e-461e-8e09-e61a06e63a62: checkpointed 200 new records.
2026-10-10T17:39:34Z INFO [201/1000] 849564de-1741-4260-992e-a662310dfbde: 413 arrays, 19753.8 MB stored; 115.2 s; peak memory 202 MiB.
2026-10-10T17:39:34Z INFO [202/1000] 84b095e1-472c-4444-b19b-16773f2bc9bc: 48 arrays, 83.9 MB stored; 1.5 s; peak memory 202 MiB.
2026-10-10T17:39:34Z INFO [203/1000] 84adb175-7322-4665-9bdd-2d16f26d99c4: 1082 arrays, 39.1 MB stored; 12.7 s; peak memory 202 MiB.
2026-10-10T17:39:36Z INFO [204/1000] 84b09da5-261e-47bb-9d60-61022d5e1b94: 118 arrays, 0.5 MB stored; 2.0 s; peak memory 202 MiB.
2026-10-10T17:39:36Z INFO [205/1000] 84b139f9-a04f-4772-90c1-768a022044d2: 69 arrays, 0.0 MB stored; 1.8 s; peak memory 202 MiB.
2026-10-10T17:39:36Z INFO [206/1000] 84b1705d-4c7d-4660-af74-81fc88c91615: 112 arrays, 0.5 MB stored; 2.0 s; peak memory 202 MiB.
2026-10-10T17:39:37Z INFO [207/1000] 84b189f6-d299-4c80-aa02-39139d87df8f: 56 arrays, 0.0 MB stored; 1.4 s; peak memory 202 MiB.
2026-10-10T17:39:38Z INFO [208/1000] 84b189cd-ee60-4e4a-b710-e7eb04ef54b6: 69 arrays, 44.0 MB stored; 2.3 s; peak memory 202 MiB.
2026-10-10T17:39:38Z INFO [209/1000] 84b1f201-ef32-4f69-a41f-0467bfa6bed4: 112 arrays, 0.4 MB stored; 2.0 s; peak memory 202 MiB.
2026-10-10T17:39:39Z INFO [210/1000] 84b21e2c-d884-4e95-a309-335693c01b41: 101 arrays, 16.9 MB stored; 2.2 s; peak memory 202 MiB.
2026-10-10T17:39:40Z INFO [211/1000] 84b2235e-2e1c-4669-b452-96445da582ad: 62 arrays, 3789.1 MB stored; 2.0 s; peak memory 202 MiB.
2026-10-10T17:39:41Z INFO [212/1000] 84b2975a-7ad1-44d8-b841-7b7092553819: 117 arrays, 0.3 MB stored; 1.7 s; peak memory 202 MiB.
2026-10-10T17:39:45Z INFO [213/1000] 84b3aa17-1f4e-4fb9-a26d-050f7e506a34: 48 arrays, 34.7 MB stored; 4.0 s; peak memory 202 MiB.
2026-10-10T17:39:47Z INFO [214/1000] 84b3acc2-8a09-4888-92c4-483f4dc3e313: 112 arrays, 0.6 MB stored; 2.1 s; peak memory 202 MiB.
2026-10-10T17:39:49Z INFO [215/1000] 84b22a33-51d8-429e-a2c8-906ee933066f: 336 arrays, 44.0 MB stored; 10.6 s; peak memory 202 MiB.
2026-10-10T17:39:49Z INFO [216/1000] 84b3dd7d-6165-4f8e-ab33-5ad49c6bebef: 112 arrays, 0.8 MB stored; 2.2 s; peak memory 202 MiB.
2026-10-10T17:39:50Z INFO [217/1000] 84b3dfe9-3992-40e5-9103-c8dc2b8aec99: 48 arrays, 83.9 MB stored; 1.4 s; peak memory 202 MiB.
2026-10-10T17:39:51Z INFO [218/1000] 84b312e2-4c7f-4c4e-84dd-ec61eba8b78f: 1093 arrays, 23.5 MB stored; 10.6 s; peak memory 202 MiB.
2026-10-10T17:39:51Z INFO [219/1000] 84b4a6bb-cee5-42bd-bd23-38f37e8e18ed: 116 arrays, 0.4 MB stored; 1.7 s; peak memory 202 MiB.
2026-10-10T17:39:52Z INFO [220/1000] 84b4e0e3-10c6-4e29-8829-c40e7cce17c8: 112 arrays, 0.8 MB stored; 2.2 s; peak memory 202 MiB.
2026-10-10T17:39:53Z INFO [221/1000] 84b5bdb8-84c7-4472-aeff-16ca4e9460c0: 69 arrays, 55.2 MB stored; 2.1 s; peak memory 202 MiB.
2026-10-10T17:39:54Z INFO [222/1000] 84b5ef86-7081-445f-b06e-b29275fc3989: 48 arrays, 83.9 MB stored; 1.5 s; peak memory 202 MiB.
2026-10-10T17:39:55Z INFO [223/1000] 84b65be5-2455-40f2-978a-ab40b0b6e493: 48 arrays, 83.9 MB stored; 1.5 s; peak memory 202 MiB.
2026-10-10T17:39:56Z INFO [224/1000] 84b636f2-1f7b-48b8-b26c-84d99de63bd9: 115 arrays, 190.1 MB stored; 3.1 s; peak memory 202 MiB.
2026-10-10T17:39:57Z INFO [225/1000] 84b66317-b9a1-4a84-a76c-0595b4cfe07e: 43 arrays, 109.5 MB stored; 1.6 s; peak memory 202 MiB.
2026-10-10T17:40:00Z INFO [226/1000] 84b6dcbe-a57a-46ba-91ab-4d7ae3e05ebb: 90 arrays, 230.7 MB stored; 2.9 s; peak memory 202 MiB.
2026-10-10T17:40:01Z INFO [227/1000] 84b4ef4a-1e6e-414f-ba13-4df1687d5338: 336 arrays, 44.0 MB stored; 10.4 s; peak memory 202 MiB.
2026-10-10T17:40:01Z INFO [228/1000] 84b67585-a9c6-49a9-8c77-bd5f9e246f63: 489 arrays, 3.5 MB stored; 5.1 s; peak memory 202 MiB.
2026-10-10T17:40:03Z INFO [229/1000] 84b7c675-1ce8-4ab5-88df-6bd7c7700e74: 85 arrays, 547.0 MB stored; 3.4 s; peak memory 202 MiB.
2026-10-10T17:40:03Z INFO [230/1000] 84b83d69-fe05-42ce-995f-40c220528b11: 69 arrays, 90.0 MB stored; 2.3 s; peak memory 202 MiB.
2026-10-10T17:40:05Z INFO [231/1000] 84b8f459-a8c9-4be3-8d57-4a85d65f5c8a: 118 arrays, 67.1 MB stored; 3.2 s; peak memory 202 MiB.
2026-10-10T17:40:05Z INFO [232/1000] 84b98375-f8e1-43bb-95ce-27d2fbec6e18: 48 arrays, 83.9 MB stored; 1.5 s; peak memory 202 MiB.
2026-10-10T17:40:06Z INFO [233/1000] 84ba1fe2-0e7f-49b9-91f8-c9b27fc91476: 38 arrays, 0.5 MB stored; 1.4 s; peak memory 202 MiB.
2026-10-10T17:40:08Z INFO [234/1000] 84ba657a-c633-4dcc-89f0-96ce2aad4ae6: 71 arrays, 0.5 MB stored; 1.6 s; peak memory 202 MiB.
2026-10-10T17:40:12Z INFO [235/1000] 84b9d112-69c4-46da-b8d0-1d3e4c387b1c: 538 arrays, 8.5 MB stored; 7.8 s; peak memory 202 MiB.
2026-10-10T17:40:14Z INFO [236/1000] 84b94900-586a-481a-80e5-b7e6f29643fe: 384 arrays, 78.0 MB stored; 10.4 s; peak memory 202 MiB.
2026-10-10T17:40:15Z INFO [237/1000] 84baa8d8-b3b4-4b35-9a12-58857e5b4dc9: 119 arrays, 66.4 MB stored; 2.7 s; peak memory 202 MiB.
2026-10-10T17:40:17Z INFO [238/1000] 84bc1cd8-35e3-46ca-a1e8-ed4fbc2e7e7b: 151 arrays, 268.2 MB stored; 3.2 s; peak memory 202 MiB.
2026-10-10T17:40:18Z INFO [239/1000] 84a0bba2-00c5-409a-9b0c-c983738b17d3: 167 arrays, 21266.8 MB stored; 118.5 s; peak memory 202 MiB.
2026-10-10T17:40:20Z INFO [240/1000] 84bcd0b9-eada-4310-8a0b-51ea5b48af80: 156 arrays, 193.4 MB stored; 3.6 s; peak memory 202 MiB.
2026-10-10T17:40:37Z INFO [241/1000] 84be2109-618b-46f5-be99-e604f064b0f4: 277 arrays, 709.4 MB stored; 16.8 s; peak memory 202 MiB.
2026-10-10T17:40:39Z INFO [242/1000] 84be2aab-8b6a-4b47-b4a1-322f3e604f3c: 118 arrays, 0.3 MB stored; 1.9 s; peak memory 202 MiB.
2026-10-10T17:40:41Z INFO [243/1000] 84be64d5-8b97-4ef3-876c-56dbe1b917bf: 111 arrays, 0.4 MB stored; 1.7 s; peak memory 202 MiB.
2026-10-10T17:40:43Z INFO [244/1000] 84bedbe8-ec2d-416e-9669-8679649e774b: 170 arrays, 0.7 MB stored; 1.8 s; peak memory 202 MiB.
2026-10-10T17:40:43Z INFO [245/1000] 84ad7192-9adb-48c9-bfb0-b0888db1901f: 241 arrays, 31575.5 MB stored; 84.0 s; peak memory 202 MiB.
2026-10-10T17:40:45Z INFO [246/1000] 84befda5-2433-4791-be21-d4173e439362: 66 arrays, 24.4 MB stored; 1.9 s; peak memory 202 MiB.
2026-10-10T17:40:45Z INFO [247/1000] 84bf280d-70e0-4868-b6f9-f34289614590: 112 arrays, 0.5 MB stored; 1.9 s; peak memory 202 MiB.
2026-10-10T17:40:46Z INFO [248/1000] 84881a7f-aabe-4df4-a364-903f64fcbf44: 292 arrays, 40377.0 MB stored; 215.5 s; peak memory 202 MiB.
2026-10-10T17:40:46Z INFO [249/1000] 84bfa596-6e00-4fc2-82f9-4d5a55588f84: 48 arrays, 83.9 MB stored; 1.5 s; peak memory 202 MiB.
2026-10-10T17:40:48Z INFO [250/1000] 84bf2bf9-2910-4c73-ac60-5933154f63dc: 115 arrays, 190.1 MB stored; 3.2 s; peak memory 202 MiB.
2026-10-10T17:40:48Z INFO [251/1000] 84bfe44d-cf68-424f-944f-3d88126ce49c: 38 arrays, 0.5 MB stored; 1.5 s; peak memory 202 MiB.
2026-10-10T17:40:50Z INFO [252/1000] 84c066b5-d7b3-485d-b6bd-9e48a0c5d322: 110 arrays, 0.3 MB stored; 1.6 s; peak memory 202 MiB.
2026-10-10T17:40:51Z INFO [253/1000] 84c07311-c3d4-4261-9a99-dca2a1a4ed57: 33 arrays, 0.0 MB stored; 1.3 s; peak memory 202 MiB.
2026-10-10T17:40:52Z INFO [254/1000] 84c03c70-016e-4b52-885d-cd8b62a5304a: 407 arrays, 6.0 MB stored; 5.9 s; peak memory 202 MiB.
2026-10-10T17:40:52Z INFO [255/1000] 84c08157-b8c5-4ac2-8f93-0f5d6bd73fd7: 92 arrays, 0.2 MB stored; 1.6 s; peak memory 202 MiB.
2026-10-10T17:40:56Z INFO [256/1000] 84c101bf-fcd2-44b2-967d-73d930dd9c5b: 152 arrays, 366.6 MB stored; 3.2 s; peak memory 202 MiB.
2026-10-10T17:41:06Z INFO [257/1000] 84c047e0-64fa-40df-b7d7-bd6f25a1ae03: 41 arrays, 770.6 MB stored; 18.3 s; peak memory 202 MiB.
2026-10-10T17:41:07Z INFO [258/1000] 8492c390-8a35-44bd-a0c6-b3a3c9480bbc: 269 arrays, 40481.0 MB stored; 216.5 s; peak memory 202 MiB.
2026-10-10T17:41:09Z INFO [259/1000] 84c1fefb-6c56-4a4b-84a6-642d865e40e5: 446 arrays, 4034.6 MB stored; 13.7 s; peak memory 202 MiB.
2026-10-10T17:41:10Z INFO [260/1000] 84c29893-f36a-4687-b825-bf8b2b9d1892: 116 arrays, 187.2 MB stored; 3.6 s; peak memory 202 MiB.
2026-10-10T17:41:13Z INFO [261/1000] 84c3cd2d-b0e7-4233-85cb-6e3c94798ff3: 156 arrays, 193.4 MB stored; 3.9 s; peak memory 202 MiB.
2026-10-10T17:41:17Z INFO [262/1000] 84c4094c-4c11-4d86-bf41-81fd12eac740: 321 arrays, 2.6 MB stored; 3.8 s; peak memory 202 MiB.
2026-10-10T17:41:19Z INFO [263/1000] 84c48668-fb32-424e-acfc-0723ec7556e4: 117 arrays, 0.3 MB stored; 1.7 s; peak memory 202 MiB.
2026-10-10T17:41:20Z INFO [264/1000] 84bd644d-f36a-409f-91b9-11049cca517b: 14822 arrays, 707.7 MB stored; 61.6 s; peak memory 202 MiB.
2026-10-10T17:41:20Z INFO [265/1000] 84c4b2f1-739a-4a2c-82b0-a7bbdfc5ec20: 48 arrays, 83.9 MB stored; 1.6 s; peak memory 202 MiB.
2026-10-10T17:41:22Z INFO [266/1000] 84c57e24-c331-4deb-9e4a-da24badac488: 62 arrays, 4742.9 MB stored; 2.1 s; peak memory 202 MiB.
2026-10-10T17:41:25Z INFO [267/1000] 84c5b60d-e314-4db5-b019-9dd5eb2b929a: 101 arrays, 12.9 MB stored; 2.5 s; peak memory 202 MiB.
2026-10-10T17:41:25Z INFO [268/1000] 84c5a0b9-3bc7-46fb-b056-7d7feefd97c9: 184 arrays, 241.5 MB stored; 4.5 s; peak memory 202 MiB.
2026-10-10T17:41:26Z INFO [269/1000] 84c5df25-58ec-4e2f-8023-60e12bac7c4f: 118 arrays, 0.4 MB stored; 1.8 s; peak memory 202 MiB.
2026-10-10T17:41:29Z INFO [270/1000] 84c5f38c-89fb-44c6-bdde-d9927416ea91: 188 arrays, 11.7 MB stored; 4.1 s; peak memory 202 MiB.
2026-10-10T17:41:30Z INFO [271/1000] 84c69758-3370-4da2-86b9-1b1e6ddf5673: 186 arrays, 27.7 MB stored; 3.3 s; peak memory 202 MiB.
2026-10-10T17:41:31Z INFO [272/1000] 84c6cfd3-f738-47c3-adc0-d33b9bfc21b8: 116 arrays, 0.4 MB stored; 1.8 s; peak memory 202 MiB.
2026-10-10T17:41:33Z INFO [273/1000] 84c6de9a-540d-487a-aec4-841cbd87b4f4: 115 arrays, 190.1 MB stored; 3.2 s; peak memory 202 MiB.
2026-10-10T17:41:34Z INFO [274/1000] 84c81a3c-3336-4654-8cb2-b2aff5e6d0e9: 48 arrays, 83.9 MB stored; 1.4 s; peak memory 202 MiB.
2026-10-10T17:41:36Z INFO [275/1000] 84c8dc13-b81c-476d-a9c3-08d0c5f70754: 48 arrays, 83.9 MB stored; 1.5 s; peak memory 202 MiB.
2026-10-10T17:41:37Z INFO [276/1000] 84c7f646-db04-4731-ac35-c6b19e5fb41d: 675 arrays, 8.9 MB stored; 6.8 s; peak memory 202 MiB.
2026-10-10T17:41:38Z INFO [277/1000] 84c96362-b3ba-4510-8422-3f3b99fabb36: 275 arrays, 17.1 MB stored; 2.2 s; peak memory 202 MiB.
2026-10-10T17:41:40Z INFO [278/1000] 84cb82ab-0611-4695-9580-be50cb14fdc9: 116 arrays, 9.7 MB stored; 1.6 s; peak memory 202 MiB.
2026-10-10T17:41:42Z INFO [279/1000] 84cb9f0e-e026-4460-b16c-9dcf648929d2: 131 arrays, 1.0 MB stored; 2.4 s; peak memory 202 MiB.
2026-10-10T17:41:44Z INFO [280/1000] 84cbf865-8128-402c-98f3-92ada58f7ab2: 62 arrays, 4626.3 MB stored; 2.1 s; peak memory 202 MiB.
2026-10-10T17:41:44Z INFO [281/1000] 84cb3bef-85fa-4409-bb22-b1a14a9b8728: 208 arrays, 54.3 MB stored; 6.9 s; peak memory 202 MiB.
2026-10-10T17:41:46Z INFO [282/1000] 84c3d2f6-b9ef-4ba5-96ea-0c895285d483: 8692 arrays, 75.1 MB stored; 36.6 s; peak memory 202 MiB.
2026-10-10T17:41:46Z INFO [283/1000] 84cd222d-f7a7-4e5c-bfb0-9d683c4adb10: 112 arrays, 0.4 MB stored; 2.0 s; peak memory 202 MiB.
2026-10-10T17:41:47Z INFO [284/1000] 84ccdbb8-7331-49c5-a51d-d720a8d7107e: 119 arrays, 66.4 MB stored; 2.6 s; peak memory 202 MiB.
2026-10-10T17:41:48Z INFO [285/1000] 84cd29da-56fc-486c-85d3-777e76d87b82: 46 arrays, 0.7 MB stored; 1.6 s; peak memory 202 MiB.
2026-10-10T17:41:48Z INFO [286/1000] 84cdb80b-9ab9-4f2d-bb7e-6e22fdcb0803: 46 arrays, 12.6 MB stored; 1.7 s; peak memory 202 MiB.
2026-10-10T17:41:48Z INFO [287/1000] 84cdcb72-6190-45bc-b7e2-be85ae6e5f04: 51 arrays, 0.0 MB stored; 1.3 s; peak memory 202 MiB.
2026-10-10T17:41:50Z INFO [288/1000] 84ce9f63-2113-44ed-a558-877abab39f27: 117 arrays, 0.3 MB stored; 1.8 s; peak memory 202 MiB.
2026-10-10T17:41:50Z INFO [289/1000] 84cea58d-e38d-4d26-afc6-761b49dc571f: 82 arrays, 0.1 MB stored; 2.0 s; peak memory 202 MiB.
2026-10-10T17:41:51Z INFO [290/1000] 84cdd523-02d1-4eab-8703-01e7b4fad4e6: 38 arrays, 33.5 MB stored; 2.9 s; peak memory 202 MiB.
2026-10-10T17:41:52Z INFO [291/1000] 84cf13f0-b913-4425-a9a3-1ca3f5d27f02: 116 arrays, 9.8 MB stored; 1.7 s; peak memory 202 MiB.
2026-10-10T17:41:52Z INFO [292/1000] 84cf413e-6573-4342-a517-fa2acc314b6f: 116 arrays, 0.5 MB stored; 1.8 s; peak memory 202 MiB.
2026-10-10T17:41:53Z INFO [293/1000] 84cfce42-c9ed-4bc6-8887-2f59a58ae867: 46 arrays, 0.0 MB stored; 1.2 s; peak memory 202 MiB.
2026-10-10T17:42:02Z INFO [294/1000] 84d065d7-b2ca-4c79-af39-41e1b228537a: 812 arrays, 31.6 MB stored; 9.3 s; peak memory 202 MiB.
2026-10-10T17:42:03Z INFO [295/1000] 84cf7d5f-d9c9-43a0-82f0-f4c83ef0b074: 1833 arrays, 39.5 MB stored; 12.7 s; peak memory 202 MiB.
2026-10-10T17:42:06Z INFO [296/1000] 84d27560-d532-4626-bb01-c3fe53959028: 152 arrays, 0.6 MB stored; 2.1 s; peak memory 202 MiB.
2026-10-10T17:42:07Z INFO [297/1000] 84d54a7b-9337-48bd-b817-2c15703bca8b: 118 arrays, 0.3 MB stored; 1.8 s; peak memory 202 MiB.
2026-10-10T17:42:08Z INFO [298/1000] 84d04c2e-c06a-4412-ae49-f5dc1e9bc268: 4050 arrays, 33.7 MB stored; 16.1 s; peak memory 202 MiB.
2026-10-10T17:42:08Z INFO [299/1000] 84d1ce24-2f6c-44bb-b405-bcd2069c290b: 576 arrays, 5.8 MB stored; 6.2 s; peak memory 202 MiB.
2026-10-10T17:42:10Z INFO [300/1000] 84d652d0-c456-4d37-a86e-15bd08878b19: 66 arrays, 1.0 MB stored; 1.6 s; peak memory 202 MiB.
2026-10-10T17:42:10Z INFO [301/1000] 84d5f3ef-5b56-4673-b6bc-881b3ee6adf2: 116 arrays, 0.4 MB stored; 2.0 s; peak memory 202 MiB.
2026-10-10T17:42:10Z INFO [302/1000] 84d5b12e-c11b-4c28-a23e-e73d57b14ed3: 123 arrays, 3.7 MB stored; 3.0 s; peak memory 202 MiB.
2026-10-10T17:42:11Z INFO [303/1000] 84bc8495-4eab-47bf-88a0-321f549b3830: 260 arrays, 19864.3 MB stored; 115.3 s; peak memory 202 MiB.
2026-10-10T17:42:11Z INFO [304/1000] 84d673bc-9ac0-47d7-aae5-2153fef5bdb8: 38 arrays, 0.4 MB stored; 1.5 s; peak memory 202 MiB.
2026-10-10T17:42:13Z INFO [305/1000] 84d83e6b-e249-4b5b-82cc-bd10c12f1b66: 112 arrays, 0.6 MB stored; 2.0 s; peak memory 202 MiB.
2026-10-10T17:42:13Z INFO [306/1000] 84d84f73-784b-491a-ba75-5d7bfda5b49e: 48 arrays, 83.9 MB stored; 1.5 s; peak memory 202 MiB.
2026-10-10T17:42:13Z INFO [307/1000] 84d7fc5d-ab33-431d-97c6-65e3a9f6de79: 115 arrays, 190.1 MB stored; 3.4 s; peak memory 202 MiB.
2026-10-10T17:42:14Z INFO [308/1000] 84d80009-c1f8-4064-a707-3abfe0c6cfb7: 179 arrays, 10.0 MB stored; 4.0 s; peak memory 202 MiB.
2026-10-10T17:42:14Z INFO [309/1000] 84d902b2-67c5-479b-9ddb-1b34e1533d17: 74 arrays, 2.7 MB stored; 1.9 s; peak memory 202 MiB.
2026-10-10T17:42:16Z INFO [310/1000] 84d9b467-650a-4018-8603-1e580e2f52db: 46 arrays, 0.1 MB stored; 1.3 s; peak memory 202 MiB.
2026-10-10T17:42:16Z INFO [311/1000] 84d98a3e-918d-4f9b-9557-6da3808981c7: 62 arrays, 2649.1 MB stored; 2.0 s; peak memory 202 MiB.
2026-10-10T17:42:17Z INFO [312/1000] 84da0ccf-30c0-4f1e-a9a2-2cb3da76077a: 21 arrays, 0.6 MB stored; 1.2 s; peak memory 202 MiB.
2026-10-10T17:42:18Z INFO [313/1000] 84da8f2d-49af-4f35-b6e5-a8d65a1169a1: 47 arrays, 0.0 MB stored; 1.3 s; peak memory 202 MiB.
2026-10-10T17:42:18Z INFO [314/1000] 84da8c2b-0cee-4f00-8b16-a1f0b106a66e: 71 arrays, 2.2 MB stored; 2.1 s; peak memory 202 MiB.
2026-10-10T17:42:20Z INFO [315/1000] 84dbe68b-ddd2-4dc3-82b6-96b367f6cee9: 112 arrays, 0.3 MB stored; 1.8 s; peak memory 202 MiB.
2026-10-10T17:42:20Z INFO [316/1000] 84db8932-0c94-400d-88ea-ee01020d263f: 110 arrays, 0.9 MB stored; 2.2 s; peak memory 202 MiB.
2026-10-10T17:42:21Z INFO [317/1000] 84d93767-6023-45d6-93be-b5365a641e5e: 538 arrays, 8.6 MB stored; 7.8 s; peak memory 202 MiB.
2026-10-10T17:42:22Z INFO [318/1000] 84dc7470-cc1c-4099-8e3b-e8a51a6f8e43: 46 arrays, 0.1 MB stored; 1.3 s; peak memory 202 MiB.
2026-10-10T17:42:22Z INFO [319/1000] 84dc4251-7eba-4f40-8229-32fab7b6976c: 48 arrays, 83.9 MB stored; 1.6 s; peak memory 202 MiB.
2026-10-10T17:42:23Z INFO [320/1000] 84dcd0ad-cb43-4c8d-a6ef-56467f9b6971: 114 arrays, 0.1 MB stored; 1.5 s; peak memory 202 MiB.
2026-10-10T17:42:24Z INFO [321/1000] 84ddf1e3-23f4-47ea-a041-e35da2d63ca8: 117 arrays, 0.2 MB stored; 1.8 s; peak memory 202 MiB.
2026-10-10T17:42:24Z INFO [322/1000] 84d90c7e-97cf-403f-b5d7-afbe6651ad52: 858 arrays, 31.5 MB stored; 11.3 s; peak memory 202 MiB.
2026-10-10T17:42:25Z INFO [323/1000] 84dea408-74d0-4069-8336-13cb8cd85cc6: 71 arrays, 131.4 MB stored; 2.9 s; peak memory 202 MiB.
2026-10-10T17:42:25Z INFO [324/1000] 84df0e98-8968-4201-9b5e-d2ee1aa43e7f: 119 arrays, 66.4 MB stored; 2.4 s; peak memory 202 MiB.
2026-10-10T17:42:26Z INFO [325/1000] 84df7497-8745-4a22-8270-5606c4c5194a: 112 arrays, 0.8 MB stored; 2.2 s; peak memory 202 MiB.
2026-10-10T17:42:26Z INFO [326/1000] 84df950d-8d76-471a-aa4d-d633ea4c50f7: 46 arrays, 5369.4 MB stored; 2.0 s; peak memory 202 MiB.
2026-10-10T17:42:27Z INFO [327/1000] 84e1122a-1815-4c78-8ef5-a7b08f5af714: 118 arrays, 0.4 MB stored; 1.8 s; peak memory 202 MiB.
2026-10-10T17:42:27Z INFO [328/1000] 84e14d5a-ed1a-4845-93d9-e8b53e789c4c: 112 arrays, 0.4 MB stored; 2.1 s; peak memory 202 MiB.
2026-10-10T17:42:28Z INFO [329/1000] 84e30f20-cd38-4bf5-91bd-c7ee32e4ddc1: 37 arrays, 0.0 MB stored; 1.2 s; peak memory 202 MiB.
2026-10-10T17:42:28Z INFO [330/1000] 84e2022f-ae56-44e5-b163-db2b394b6e97: 66 arrays, 18.4 MB stored; 2.2 s; peak memory 202 MiB.
2026-10-10T17:42:28Z INFO [331/1000] 84e2e62f-f82f-42be-9744-cb14e818174d: 51 arrays, 7357.5 MB stored; 1.9 s; peak memory 202 MiB.
2026-10-10T17:42:30Z INFO [332/1000] 84e5a3f5-4cb2-46af-afd7-ee87757332ef: 117 arrays, 0.3 MB stored; 1.7 s; peak memory 202 MiB.
2026-10-10T17:42:30Z INFO [333/1000] 84e37db4-5913-4245-a314-a549295abd85: 115 arrays, 190.1 MB stored; 3.1 s; peak memory 202 MiB.
2026-10-10T17:42:32Z INFO [334/1000] 84e5d8cf-8551-4cb3-a945-a04b75a3a99b: 46 arrays, 12.6 MB stored; 1.7 s; peak memory 202 MiB.
2026-10-10T17:42:32Z INFO [335/1000] 84e68167-2826-454a-9dd4-6f376ac1bcd2: 110 arrays, 0.2 MB stored; 1.7 s; peak memory 202 MiB.
2026-10-10T17:42:34Z INFO [336/1000] 84e7a1a3-1a20-4ecb-ad8c-5bf239569259: 62 arrays, 4.8 MB stored; 2.2 s; peak memory 202 MiB.
2026-10-10T17:42:35Z INFO [337/1000] 84e8fb68-086e-4642-84ce-89c3f2bc93a5: 48 arrays, 83.9 MB stored; 1.5 s; peak memory 202 MiB.
2026-10-10T17:42:35Z INFO [338/1000] 84e8d3b1-31c7-43f2-be8f-0f11aff711ba: 157 arrays, 421.7 MB stored; 3.5 s; peak memory 202 MiB.
2026-10-10T17:42:37Z INFO [339/1000] 84e92251-61ad-45c3-978e-2f1ceccbec2f: 48 arrays, 83.9 MB stored; 1.5 s; peak memory 202 MiB.
2026-10-10T17:42:38Z INFO [340/1000] 84e41dcf-ee6e-46d8-836a-7475be07b061: 336 arrays, 44.0 MB stored; 10.3 s; peak memory 202 MiB.
2026-10-10T17:42:40Z INFO [341/1000] 84e9fbb2-c37e-4073-aeaf-55e249ff29b2: 116 arrays, 0.2 MB stored; 1.7 s; peak memory 202 MiB.
2026-10-10T17:42:40Z INFO [342/1000] 84e9b4cd-a791-411f-9966-fa606890ae45: 38 arrays, 57.9 MB stored; 3.3 s; peak memory 202 MiB.
2026-10-10T17:42:42Z INFO [343/1000] 84ea62fc-e73e-4679-bde0-0e89b04f415f: 48 arrays, 83.9 MB stored; 1.5 s; peak memory 202 MiB.
2026-10-10T17:42:44Z INFO [344/1000] 84ea64e2-d33a-42fd-8b74-8178c9a8b3c7: 47 arrays, 51.0 MB stored; 2.0 s; peak memory 202 MiB.
2026-10-10T17:42:45Z INFO [345/1000] 84e4f0cd-7054-46d8-816a-1c20a22e716c: 441 arrays, 2456.0 MB stored; 17.4 s; peak memory 202 MiB.
2026-10-10T17:42:47Z INFO [346/1000] 84e98120-2163-498e-b8dd-e068a7bbbf07: 856 arrays, 29.7 MB stored; 11.4 s; peak memory 202 MiB.
2026-10-10T17:42:47Z INFO [347/1000] 84eb5ffc-7a71-412f-86c0-c4ca8b663f74: 48 arrays, 83.9 MB stored; 1.6 s; peak memory 202 MiB.
2026-10-10T17:42:49Z INFO [348/1000] 84eab424-aef7-4213-af3a-970322e6bf8b: 538 arrays, 7.7 MB stored; 5.9 s; peak memory 202 MiB.
2026-10-10T17:42:50Z INFO [349/1000] 84ebfdfd-5f5e-437d-9d91-c824acf60b07: 115 arrays, 186.9 MB stored; 3.2 s; peak memory 202 MiB.
2026-10-10T17:42:51Z INFO [350/1000] 84ec194f-7a43-416e-830e-6683dcc87f97: 49 arrays, 2.2 MB stored; 1.4 s; peak memory 202 MiB.
2026-10-10T17:42:52Z INFO [351/1000] 84ecab7b-0bab-4e77-b256-31af118fe8bd: 118 arrays, 0.3 MB stored; 1.7 s; peak memory 202 MiB.
2026-10-10T17:42:53Z INFO [352/1000] 84ea44ee-30f7-441f-919f-c3a3219f245c: 97 arrays, 95.2 MB stored; 13.2 s; peak memory 202 MiB.
2026-10-10T17:42:53Z INFO [353/1000] 84ecb0da-22ae-482b-9cac-99d51da3779c: 66 arrays, 136.4 MB stored; 2.2 s; peak memory 202 MiB.
2026-10-10T17:42:54Z INFO [354/1000] 84eccfa9-f3f7-49bf-9db6-e9ba60c190f5: 71 arrays, 287.4 MB stored; 2.8 s; peak memory 202 MiB.
2026-10-10T17:42:55Z INFO [355/1000] 84ed01b4-24de-4049-94e0-e23fb69e9046: 48 arrays, 83.9 MB stored; 1.6 s; peak memory 202 MiB.
2026-10-10T17:42:55Z INFO [356/1000] 84ecf60b-b1e5-4f35-8911-7ad52740647b: 117 arrays, 0.5 MB stored; 2.2 s; peak memory 202 MiB.
2026-10-10T17:42:56Z INFO [357/1000] 84c38b50-bce7-4003-9803-14c0389ee6cf: 31490 arrays, 1192.3 MB stored; 109.0 s; peak memory 219 MiB.
2026-10-10T17:42:56Z INFO [358/1000] 84ee7ce3-5e6e-4b51-adf4-d451541656fe: 117 arrays, 0.3 MB stored; 1.8 s; peak memory 219 MiB.
2026-10-10T17:42:56Z INFO [359/1000] 84ec0883-6026-4e40-9f0f-c6cc257c6907: 799 arrays, 30.8 MB stored; 9.5 s; peak memory 220 MiB.
2026-10-10T17:42:57Z INFO [360/1000] 84ee960a-8e9e-4696-a4da-7b11e4b157af: 62 arrays, 1.7 MB stored; 1.9 s; peak memory 220 MiB.
2026-10-10T17:42:58Z INFO [361/1000] 84f07ed2-f5ee-4509-b585-079c6e3e96fd: 48 arrays, 83.9 MB stored; 1.6 s; peak memory 220 MiB.
2026-10-10T17:42:58Z INFO [362/1000] 84f0d397-c032-4125-8cb5-b2063f62d97a: 21 arrays, 0.6 MB stored; 1.2 s; peak memory 220 MiB.
2026-10-10T17:42:58Z INFO [363/1000] 84ef6995-6923-4ca3-b7fd-e8f8571f86cf: 106 arrays, 0.2 MB stored; 2.0 s; peak memory 220 MiB.
2026-10-10T17:43:00Z INFO [364/1000] 84f22591-b5f3-4313-afe5-d268adca0214: 48 arrays, 83.9 MB stored; 1.6 s; peak memory 220 MiB.
2026-10-10T17:43:00Z INFO [365/1000] 84f23ec4-b0ce-4698-ad77-3e53efc5f2eb: 51 arrays, 2152.6 MB stored; 1.8 s; peak memory 220 MiB.
2026-10-10T17:43:00Z INFO [366/1000] 84f25289-49c0-4bb8-a6d3-8aa4856b5144: 117 arrays, 0.2 MB stored; 1.8 s; peak memory 220 MiB.
2026-10-10T17:43:01Z INFO [367/1000] 84f2b8b0-4160-479b-89b5-9c7f9b4382ea: 114 arrays, 0.2 MB stored; 1.7 s; peak memory 220 MiB.
2026-10-10T17:43:02Z INFO [368/1000] 84ed94cb-6684-4e85-adfd-d42d99819481: 538 arrays, 8.3 MB stored; 7.1 s; peak memory 221 MiB.
2026-10-10T17:43:03Z INFO [369/1000] 84f34f4b-d449-47b0-ad11-bc11f1d70f6d: 71 arrays, 93.0 MB stored; 2.6 s; peak memory 221 MiB.
2026-10-10T17:43:04Z INFO [370/1000] 84f37cd9-f756-49b6-8ac5-b182dedb5332: 112 arrays, 0.8 MB stored; 2.1 s; peak memory 221 MiB.
2026-10-10T17:43:04Z INFO [371/1000] 84f3b5a4-803e-4825-a438-e1079cf9da33: 66 arrays, 143.1 MB stored; 2.1 s; peak memory 221 MiB.
2026-10-10T17:43:05Z INFO [372/1000] 84f3fb05-fd53-498a-98c0-70de5f1dd1f6: 112 arrays, 0.6 MB stored; 2.1 s; peak memory 221 MiB.
2026-10-10T17:43:05Z INFO [373/1000] 84f50d29-ac8d-451a-b37a-7bce6743022b: 48 arrays, 83.9 MB stored; 1.6 s; peak memory 221 MiB.
2026-10-10T17:43:05Z INFO [374/1000] 84f5b5ba-7b0b-4cf9-b02b-aaba0e15f277: 117 arrays, 0.3 MB stored; 1.8 s; peak memory 221 MiB.
2026-10-10T17:43:07Z INFO [375/1000] 84f67082-e0e9-4e97-856d-7e9fa600ddac: 78 arrays, 631.8 MB stored; 2.2 s; peak memory 221 MiB.
2026-10-10T17:43:08Z INFO [376/1000] 84f351a5-4011-4c03-9c6a-f8141dc937c6: 817 arrays, 20.4 MB stored; 7.4 s; peak memory 222 MiB.
2026-10-10T17:43:09Z INFO [377/1000] 84f736a3-64e0-431f-8d51-341574e0a882: 48 arrays, 83.9 MB stored; 1.5 s; peak memory 222 MiB.
2026-10-10T17:43:09Z INFO [378/1000] 84f80249-adfd-46ee-82c4-d81a7f87a4d4: 48 arrays, 83.9 MB stored; 1.5 s; peak memory 222 MiB.
2026-10-10T17:43:10Z INFO [379/1000] 84f813ac-e8e0-4cba-85be-9bc763aacb3f: 48 arrays, 83.9 MB stored; 1.5 s; peak memory 222 MiB.
2026-10-10T17:43:11Z INFO [380/1000] 84f653dd-1d72-4246-8786-8be4f1859578: 200 arrays, 221.0 MB stored; 6.1 s; peak memory 223 MiB.
2026-10-10T17:43:11Z INFO [381/1000] 84f8311e-a498-4d6d-861e-a102054d6caa: 71 arrays, 4.0 MB stored; 2.3 s; peak memory 223 MiB.
2026-10-10T17:43:12Z INFO [382/1000] 84f85e95-7f01-4b63-b1cc-29652650ea8f: 117 arrays, 0.3 MB stored; 1.7 s; peak memory 223 MiB.
2026-10-10T17:43:13Z INFO [383/1000] 84f8e11f-94fa-41fb-8649-179700b347c6: 117 arrays, 0.4 MB stored; 1.8 s; peak memory 223 MiB.
2026-10-10T17:43:14Z INFO [384/1000] 84f90a87-0cfa-4533-bec9-ab8aa54b4f7f: 101 arrays, 9.5 MB stored; 2.6 s; peak memory 223 MiB.
2026-10-10T17:43:15Z INFO [385/1000] 84f99074-94ee-4c78-ac27-7deca1665376: 66 arrays, 12.5 MB stored; 2.1 s; peak memory 223 MiB.
2026-10-10T17:43:15Z INFO [386/1000] 84fa39a3-ea99-4b35-9361-5c1a358b8116: 48 arrays, 83.9 MB stored; 1.5 s; peak memory 223 MiB.
2026-10-10T17:43:17Z INFO [387/1000] 84fb7b12-6b6f-4a21-a257-00204e6b8b38: 52 arrays, 10.6 MB stored; 1.6 s; peak memory 223 MiB.
2026-10-10T17:43:23Z INFO [388/1000] 84fbd22b-af23-4824-b061-fc320f8df9ad: 439 arrays, 5.5 MB stored; 5.9 s; peak memory 224 MiB.
2026-10-10T17:43:24Z INFO [389/1000] 84f921da-af37-475a-a599-745a290d3034: 1553 arrays, 24.6 MB stored; 11.8 s; peak memory 226 MiB.
2026-10-10T17:43:26Z INFO [390/1000] 84fc343a-cef7-4efe-aade-70148190568a: 114 arrays, 0.4 MB stored; 1.8 s; peak memory 226 MiB.
2026-10-10T17:43:27Z INFO [391/1000] 84fd110a-cd12-49da-81d4-341d3ec7e776: 63 arrays, 0.1 MB stored; 1.4 s; peak memory 226 MiB.
2026-10-10T17:43:28Z INFO [392/1000] 84af8405-cd7a-4591-9b2e-9ae5e56ccc11: 472 arrays, 43412.4 MB stored; 239.4 s; peak memory 226 MiB.
2026-10-10T17:43:29Z INFO [393/1000] 84fd1c6e-4b54-46ef-9a25-8d0d24d0ca83: 46 arrays, 12.6 MB stored; 1.6 s; peak memory 226 MiB.
2026-10-10T17:43:32Z INFO [394/1000] 84fd921b-41e9-40cc-a61e-fb28dbfcd842: 114 arrays, 186.9 MB stored; 3.5 s; peak memory 226 MiB.
2026-10-10T17:43:34Z INFO [395/1000] 84fe40a3-2706-43b5-8f53-7ef997f5e70a: 117 arrays, 0.5 MB stored; 2.0 s; peak memory 226 MiB.
2026-10-10T17:43:35Z INFO [396/1000] 84fd7bd0-372f-465c-ae02-1427108801e9: 538 arrays, 8.4 MB stored; 6.9 s; peak memory 227 MiB.
2026-10-10T17:43:36Z INFO [397/1000] 84fe6439-98d1-48f8-8603-cd68681e5003: 50 arrays, 5.6 MB stored; 1.4 s; peak memory 227 MiB.
2026-10-10T17:43:37Z INFO [398/1000] 84fe7dcc-028e-4917-987a-26ad3f2fce61: 111 arrays, 0.6 MB stored; 1.9 s; peak memory 227 MiB.
2026-10-10T17:43:43Z INFO [399/1000] 84feb5eb-6399-4974-b138-7ac2f36dde8c: 298 arrays, 2818.5 MB stored; 7.0 s; peak memory 228 MiB.
2026-10-10T17:43:44Z INFO [400/1000] 8500ddf7-6162-4ca4-9459-93840c18fa35: 76 arrays, 0.8 MB stored; 1.5 s; peak memory 228 MiB.
2026-10-10T17:43:45Z INFO [400/1000] 8500ddf7-6162-4ca4-9459-93840c18fa35: checkpointed 400 new records.
2026-10-10T17:43:45Z INFO [401/1000] 84fc09b7-5d8c-44c2-ac94-35fc36cfb757: 351 arrays, 116.6 MB stored; 22.1 s; peak memory 337 MiB.
2026-10-10T17:43:46Z INFO [402/1000] 85010c73-9c3d-445c-9d32-a3f8a88be9a0: 112 arrays, 0.6 MB stored; 2.0 s; peak memory 337 MiB.
2026-10-10T17:43:47Z INFO [403/1000] 85013fb6-61fe-4771-8dd0-d97b58f5882b: 110 arrays, 0.5 MB stored; 1.9 s; peak memory 337 MiB.
2026-10-10T17:43:48Z INFO [404/1000] 85017c20-3876-4cd9-be51-0ce455a9de19: 116 arrays, 0.3 MB stored; 1.8 s; peak memory 337 MiB.
2026-10-10T17:43:49Z INFO [405/1000] 8501beb8-044c-4688-a182-c6eba8f5336b: 112 arrays, 0.4 MB stored; 1.7 s; peak memory 337 MiB.
2026-10-10T17:43:50Z INFO [406/1000] 85026f41-209d-4512-9a47-82582a729357: 48 arrays, 83.9 MB stored; 1.4 s; peak memory 337 MiB.
2026-10-10T17:43:52Z INFO [407/1000] 84ffaa7b-442a-4759-b0d8-5d8b31f435f7: 1450 arrays, 44.1 MB stored; 15.0 s; peak memory 337 MiB.
2026-10-10T17:43:52Z INFO [408/1000] 85028041-a04e-4bb4-bf75-8c39e3810113: 38 arrays, 20.6 MB stored; 2.1 s; peak memory 337 MiB.
2026-10-10T17:43:54Z INFO [409/1000] 85028ec6-5fbb-467a-9211-9a851ef851e8: 52 arrays, 14.1 MB stored; 1.6 s; peak memory 337 MiB.
2026-10-10T17:43:54Z INFO [410/1000] 85028086-eb66-4c83-b08d-b93fe49477e0: 89 arrays, 0.6 MB stored; 2.1 s; peak memory 337 MiB.
2026-10-10T17:44:00Z INFO [411/1000] 85032081-8c7e-4d70-8aa9-9f96283721ae: 225 arrays, 324.5 MB stored; 6.2 s; peak memory 337 MiB.
2026-10-10T17:44:02Z INFO [412/1000] 85034fae-3578-4303-a581-ffd3a78f3dc7: 48 arrays, 83.9 MB stored; 1.5 s; peak memory 337 MiB.
2026-10-10T17:44:07Z INFO [413/1000] 84fb2524-9ab7-4d93-a520-cdab89ad7733: 508 arrays, 433.6 MB stored; 51.9 s; peak memory 337 MiB.
2026-10-10T17:44:08Z INFO [414/1000] 8503528a-34d9-42d0-af0d-7ba83d0aa4b2: 229 arrays, 364.7 MB stored; 6.5 s; peak memory 337 MiB.
2026-10-10T17:44:09Z INFO [415/1000] 8503a27c-85f1-4e1f-872f-83385b60e369: 66 arrays, 18.1 MB stored; 2.3 s; peak memory 337 MiB.
2026-10-10T17:44:10Z INFO [416/1000] 85046f3d-c356-49c2-8da7-9a40c830f6a9: 79 arrays, 0.3 MB stored; 1.8 s; peak memory 337 MiB.
2026-10-10T17:44:11Z INFO [417/1000] 8504b9fe-0d35-4126-aa15-fec06d1a74dc: 112 arrays, 0.4 MB stored; 2.0 s; peak memory 337 MiB.
2026-10-10T17:44:13Z INFO [418/1000] 85054f4b-2707-434d-b1c9-e449b7deb898: 39 arrays, 9998.2 MB stored; 3.0 s; peak memory 337 MiB.
2026-10-10T17:44:14Z INFO [419/1000] 85029858-dd32-454d-8264-36e5409e7116: 48 arrays, 40768.9 MB stored; 20.1 s; peak memory 337 MiB.
2026-10-10T17:44:15Z INFO [420/1000] 8506df55-8c6a-4f02-90a1-1ac79501607c: 112 arrays, 0.7 MB stored; 2.0 s; peak memory 337 MiB.
2026-10-10T17:44:16Z INFO [421/1000] 85070556-6d44-40b5-bb6e-fe4191926fc2: 48 arrays, 83.9 MB stored; 1.5 s; peak memory 337 MiB.
2026-10-10T17:44:17Z INFO [422/1000] 8507387e-3f72-4d91-b7b8-1549afb8c049: 46 arrays, 0.0 MB stored; 1.3 s; peak memory 337 MiB.
2026-10-10T17:44:18Z INFO [423/1000] 85072a74-00f8-4219-adaf-a6648231b5c6: 71 arrays, 129.8 MB stored; 2.5 s; peak memory 337 MiB.
2026-10-10T17:44:18Z INFO [424/1000] 8507f93e-5097-4e71-9ac4-3d45f7b9de6a: 48 arrays, 83.9 MB stored; 1.6 s; peak memory 337 MiB.
2026-10-10T17:44:19Z INFO [425/1000] 85081676-ea1d-4b73-beda-e275792686e6: 48 arrays, 83.9 MB stored; 1.5 s; peak memory 337 MiB.
2026-10-10T17:44:20Z INFO [426/1000] 850846d4-eb47-4183-b62a-ea82f9b8fa4e: 48 arrays, 83.9 MB stored; 1.5 s; peak memory 337 MiB.
2026-10-10T17:44:21Z INFO [427/1000] 850857a1-8b1c-4bc8-93db-fdea1e40edde: 110 arrays, 0.4 MB stored; 1.8 s; peak memory 337 MiB.
2026-10-10T17:44:22Z INFO [428/1000] 8508aad5-4df1-4436-a647-eaec24883610: 83 arrays, 296.0 MB stored; 2.1 s; peak memory 337 MiB.
2026-10-10T17:44:23Z INFO [429/1000] 8508dc2b-c17c-4d4d-8127-2905540728a8: 117 arrays, 0.5 MB stored; 1.8 s; peak memory 337 MiB.
2026-10-10T17:44:23Z INFO [430/1000] 850937f4-2ca3-4262-9a4a-ddfe321a6358: 48 arrays, 83.9 MB stored; 1.5 s; peak memory 337 MiB.
2026-10-10T17:44:24Z INFO [431/1000] 85093866-6337-437f-8ebb-d8ad156ae953: 117 arrays, 0.3 MB stored; 1.6 s; peak memory 337 MiB.
2026-10-10T17:44:25Z INFO [432/1000] 85093a90-6e6a-4747-aa0f-ae6a3e23867d: 110 arrays, 0.3 MB stored; 1.7 s; peak memory 337 MiB.
2026-10-10T17:44:26Z INFO [433/1000] 85094315-a3b6-4717-a461-eafaf53d8093: 71 arrays, 5.3 MB stored; 2.2 s; peak memory 337 MiB.
2026-10-10T17:44:27Z INFO [434/1000] 85023b0b-177c-4a91-862e-8ed590fae7c1: 9755 arrays, 437.5 MB stored; 39.2 s; peak memory 337 MiB.
2026-10-10T17:44:29Z INFO [435/1000] 850a40e9-6b18-4128-8bb0-689096d41b6a: 48 arrays, 83.9 MB stored; 1.5 s; peak memory 337 MiB.
2026-10-10T17:44:30Z INFO [436/1000] 850abb86-136d-44d8-a476-c12146559a6a: 68 arrays, 0.0 MB stored; 1.6 s; peak memory 337 MiB.
2026-10-10T17:44:31Z INFO [437/1000] 8506dc0c-c9ae-4d62-8156-98d7bd81374b: 6031 arrays, 65.0 MB stored; 20.3 s; peak memory 337 MiB.
2026-10-10T17:44:32Z INFO [438/1000] 850b9b64-377d-4d36-bb81-769a2364674f: 110 arrays, 0.4 MB stored; 1.7 s; peak memory 337 MiB.
2026-10-10T17:44:33Z INFO [439/1000] 850c0aa0-666b-4231-9870-813b4d3ec9b8: 71 arrays, 5.0 MB stored; 2.2 s; peak memory 337 MiB.
2026-10-10T17:44:34Z INFO [440/1000] 850d9b94-ad0f-4508-9608-0d0760f7c9db: 112 arrays, 0.5 MB stored; 2.0 s; peak memory 337 MiB.
2026-10-10T17:44:35Z INFO [441/1000] 8509badf-c85f-4d92-ad03-d7984de90b7e: 504 arrays, 30.1 MB stored; 8.7 s; peak memory 337 MiB.
2026-10-10T17:44:35Z INFO [442/1000] 850da4da-80c8-453f-835a-09546dd2d508: 70 arrays, 0.2 MB stored; 1.9 s; peak memory 337 MiB.
2026-10-10T17:44:35Z INFO [443/1000] 850de75b-b1d0-46bb-b4f9-c0b4ae9fcf9f: 56 arrays, 0.0 MB stored; 1.3 s; peak memory 337 MiB.
2026-10-10T17:44:37Z INFO [444/1000] 850f4236-caef-4c5e-9601-fc00595af826: 170 arrays, 0.7 MB stored; 2.0 s; peak memory 337 MiB.
2026-10-10T17:44:38Z INFO [445/1000] 850f24ed-5597-4ac2-947b-00dadaf3f826: 71 arrays, 45.4 MB stored; 2.5 s; peak memory 337 MiB.
2026-10-10T17:44:39Z INFO [446/1000] 84c1984b-6fe0-4e8c-ac73-322a01e313d0: 169 arrays, 337647.6 MB stored; 226.8 s; peak memory 337 MiB.
2026-10-10T17:44:40Z INFO [447/1000] 850f5889-45e9-4ebd-a352-38cc2a6d35c0: 71 arrays, 4.0 MB stored; 2.6 s; peak memory 337 MiB.
2026-10-10T17:44:40Z INFO [448/1000] 851009a4-5f1e-4ee7-aeb3-20f7dff5f72a: 76 arrays, 62.8 MB stored; 2.4 s; peak memory 337 MiB.
2026-10-10T17:44:42Z INFO [449/1000] 851012a0-02c0-4611-ad92-9edd328a5156: 67 arrays, 18.4 MB stored; 2.2 s; peak memory 337 MiB.
2026-10-10T17:44:42Z INFO [450/1000] 850957f3-6698-4f71-a9c4-4b9a2dd7ea39: 268 arrays, 843.4 MB stored; 16.3 s; peak memory 337 MiB.
2026-10-10T17:44:42Z INFO [451/1000] 8510711c-8ec4-467e-9429-4ecd1f4cfcf3: 116 arrays, 9.7 MB stored; 1.8 s; peak memory 337 MiB.
2026-10-10T17:44:42Z INFO [452/1000] 8510a252-1e00-41bc-8926-0a8ef3472831: 275 arrays, 17.2 MB stored; 2.1 s; peak memory 337 MiB.
2026-10-10T17:44:42Z INFO [453/1000] 850df0e9-07e2-4b24-8c2a-906174cd6ce4: 196 arrays, 599.1 MB stored; 7.1 s; peak memory 337 MiB.
2026-10-10T17:44:43Z INFO [454/1000] 8510c656-3b22-41ff-8687-847a6f0ccfa6: 48 arrays, 83.9 MB stored; 1.5 s; peak memory 337 MiB.
2026-10-10T17:44:43Z INFO [455/1000] 8511a41c-a0f8-4f89-ad95-9ed38cc22af7: 63 arrays, 0.1 MB stored; 1.6 s; peak memory 337 MiB.
2026-10-10T17:44:44Z INFO [456/1000] 85120a22-df5d-45b2-ae1f-7c59d78b8af8: 46 arrays, 0.1 MB stored; 1.3 s; peak memory 337 MiB.
2026-10-10T17:44:44Z INFO [457/1000] 8511b6b0-eb0a-49b3-b373-b0f03fb958ee: 52 arrays, 10.7 MB stored; 1.8 s; peak memory 337 MiB.
2026-10-10T17:44:44Z INFO [458/1000] 85124072-9382-48b0-b7ae-1e86b73d865c: 116 arrays, 0.5 MB stored; 1.9 s; peak memory 337 MiB.
2026-10-10T17:44:45Z INFO [459/1000] 85127c64-4557-4808-8471-47326d181ba1: 48 arrays, 83.9 MB stored; 1.6 s; peak memory 337 MiB.
2026-10-10T17:44:45Z INFO [460/1000] 85125212-dda8-481c-9d13-2cf3d77669ab: 117 arrays, 0.5 MB stored; 1.9 s; peak memory 337 MiB.
2026-10-10T17:44:45Z INFO [461/1000] 85130928-663a-4401-a102-2f5bd5e2acd1: 48 arrays, 83.9 MB stored; 1.6 s; peak memory 337 MiB.
2026-10-10T17:44:45Z INFO [462/1000] 8513b6a2-5cf9-433b-acb2-3e68f3297318: 48 arrays, 83.9 MB stored; 1.6 s; peak memory 337 MiB.
2026-10-10T17:44:46Z INFO [463/1000] 8513f1e8-ff75-4a0c-95a7-cda4d242cc58: 66 arrays, 34.2 MB stored; 2.0 s; peak memory 337 MiB.
2026-10-10T17:44:46Z INFO [464/1000] 851446e9-a6c9-40f5-af99-18d9b4453cb8: 46 arrays, 0.1 MB stored; 1.3 s; peak memory 337 MiB.
2026-10-10T17:44:47Z INFO [465/1000] 8513f301-1a26-48fc-9bea-d0493f9340f4: 275 arrays, 17.1 MB stored; 2.2 s; peak memory 337 MiB.
2026-10-10T17:44:48Z INFO [466/1000] 851565c2-dce0-474c-b5d4-7bdcbe321c39: 71 arrays, 0.0 MB stored; 1.7 s; peak memory 337 MiB.
2026-10-10T17:44:48Z INFO [467/1000] 851413a1-37ce-405f-885a-73b5bce0f822: 38 arrays, 56.5 MB stored; 3.1 s; peak memory 337 MiB.
2026-10-10T17:44:48Z INFO [468/1000] 85167232-f6ad-4df1-a950-4fce413f3c4f: 48 arrays, 83.9 MB stored; 1.4 s; peak memory 337 MiB.
2026-10-10T17:44:48Z INFO [469/1000] 8515f5b3-d0ec-4fca-8153-bc617a78e11e: 71 arrays, 4.8 MB stored; 2.0 s; peak memory 337 MiB.
2026-10-10T17:44:49Z INFO [470/1000] 85143235-0d70-4ed5-a5f6-55e572544a98: 153 arrays, 3.3 MB stored; 3.8 s; peak memory 337 MiB.
2026-10-10T17:44:50Z INFO [471/1000] 85173681-cd47-4c27-b6d9-6d32c4fded88: 50 arrays, 2.0 MB stored; 1.6 s; peak memory 337 MiB.
2026-10-10T17:44:50Z INFO [472/1000] 85176a29-8875-4d62-912b-8b444a0372d4: 48 arrays, 83.9 MB stored; 1.6 s; peak memory 337 MiB.
2026-10-10T17:44:50Z INFO [473/1000] 8518a717-1897-4df1-ab61-91444bdef276: 112 arrays, 0.5 MB stored; 2.0 s; peak memory 337 MiB.
2026-10-10T17:44:51Z INFO [474/1000] 8519a096-f05d-45fe-a44c-fdd96853eb25: 117 arrays, 0.6 MB stored; 2.0 s; peak memory 337 MiB.
2026-10-10T17:44:51Z INFO [475/1000] 8516e816-ac5a-4dd3-ac05-e34281c5323e: 152 arrays, 413.3 MB stored; 3.4 s; peak memory 337 MiB.
2026-10-10T17:44:52Z INFO [476/1000] 851ac22e-5ede-4d3e-9728-ead39ab731b1: 112 arrays, 0.4 MB stored; 2.0 s; peak memory 337 MiB.
2026-10-10T17:44:52Z INFO [477/1000] 851ae506-6490-4103-a4e9-c0dc9e058ddb: 59 arrays, 252.2 MB stored; 1.8 s; peak memory 337 MiB.
2026-10-10T17:44:53Z INFO [478/1000] 851b4bee-350a-4be2-b40c-b0a8b3fc5ea7: 63 arrays, 0.1 MB stored; 1.4 s; peak memory 337 MiB.
2026-10-10T17:44:54Z INFO [479/1000] 851b8302-2f0e-49ae-ad5f-596f51f1bf44: 66 arrays, 62.5 MB stored; 2.0 s; peak memory 337 MiB.
2026-10-10T17:44:54Z INFO [480/1000] 851b5b14-5d4c-44ce-80e3-e3e4ae1ba97e: 71 arrays, 43.4 MB stored; 2.3 s; peak memory 337 MiB.
2026-10-10T17:44:54Z INFO [481/1000] 851bcc3d-af3d-4fe8-ac5b-989ac34011b6: 42 arrays, 7.8 MB stored; 1.6 s; peak memory 337 MiB.
2026-10-10T17:44:56Z INFO [482/1000] 851af670-6715-468b-9fce-96b4b5ab8087: 38 arrays, 117.4 MB stored; 4.9 s; peak memory 337 MiB.
2026-10-10T17:44:56Z INFO [483/1000] 851c6703-0896-4aa5-b5b7-9df52aee04d1: 48 arrays, 83.9 MB stored; 1.7 s; peak memory 337 MiB.
2026-10-10T17:44:56Z INFO [484/1000] 851df423-7975-40e4-9c10-619bea624e62: 48 arrays, 83.9 MB stored; 1.8 s; peak memory 337 MiB.
2026-10-10T17:44:56Z INFO [485/1000] 851cfd6b-75b6-411c-bd6e-6f1fadf3504d: 62 arrays, 2898.4 MB stored; 2.0 s; peak memory 337 MiB.
2026-10-10T17:44:58Z INFO [486/1000] 851ed4c2-15ee-43cb-a5ac-31e6d7a40530: 116 arrays, 0.5 MB stored; 1.9 s; peak memory 337 MiB.
2026-10-10T17:44:58Z INFO [487/1000] 851f82a0-63fa-4ef9-807f-4556aeefa27d: 66 arrays, 18.7 MB stored; 2.3 s; peak memory 337 MiB.
2026-10-10T17:45:00Z INFO [488/1000] 85208686-d051-4be0-a984-4e8b6444e289: 116 arrays, 0.4 MB stored; 1.9 s; peak memory 337 MiB.
2026-10-10T17:45:00Z INFO [489/1000] 851a3453-0d8f-4f1b-b6c9-896981e473d2: 49 arrays, 7446.8 MB stored; 10.1 s; peak memory 337 MiB.
2026-10-10T17:45:00Z INFO [490/1000] 84eea351-03b9-48c1-8970-574abea7f977: 413 arrays, 19764.8 MB stored; 123.3 s; peak memory 337 MiB.
2026-10-10T17:45:00Z INFO [491/1000] 8521dfb6-ab5b-4353-9e37-ef1f063ddcf4: 48 arrays, 83.9 MB stored; 1.6 s; peak memory 337 MiB.
2026-10-10T17:45:01Z INFO [492/1000] 85200257-6dca-4752-a2ac-099b84b0c862: 329 arrays, 3.5 MB stored; 4.6 s; peak memory 337 MiB.
2026-10-10T17:45:01Z INFO [493/1000] 852228f4-1472-49e0-b4d3-2824d83725e9: 48 arrays, 83.9 MB stored; 1.6 s; peak memory 337 MiB.
2026-10-10T17:45:02Z INFO [494/1000] 8521f01c-e426-4886-ba51-6875817f849c: 69 arrays, 26.0 MB stored; 2.0 s; peak memory 337 MiB.
2026-10-10T17:45:02Z INFO [495/1000] 851f4740-bbbe-40c6-8f0a-ca807b9cc1bd: 538 arrays, 8.1 MB stored; 6.3 s; peak memory 337 MiB.
2026-10-10T17:45:02Z INFO [496/1000] 8522da30-c7dc-4200-adba-4e0805e8b4f2: 69 arrays, 70.3 MB stored; 2.3 s; peak memory 337 MiB.
2026-10-10T17:45:03Z INFO [497/1000] 85232602-e7df-4d2b-9ad1-47a1a2445c16: 52 arrays, 0.0 MB stored; 1.4 s; peak memory 337 MiB.
2026-10-10T17:45:03Z INFO [498/1000] 8522f2c0-921d-4318-a8cf-d5261392a217: 118 arrays, 0.3 MB stored; 2.1 s; peak memory 337 MiB.
2026-10-10T17:45:03Z INFO [499/1000] 85227a0b-c619-4950-a7ec-7d4ad040fd5b: 118 arrays, 67.1 MB stored; 3.4 s; peak memory 337 MiB.
2026-10-10T17:45:04Z INFO [500/1000] 85233663-0c43-42c2-a740-32a45b308164: 66 arrays, 105.8 MB stored; 2.2 s; peak memory 337 MiB.
2026-10-10T17:45:04Z INFO [501/1000] 85235c1d-68cf-46e0-8c3e-9feee8625a33: 118 arrays, 0.4 MB stored; 1.9 s; peak memory 337 MiB.
2026-10-10T17:45:04Z INFO [502/1000] 85243a39-51d2-4c58-bffb-91ffbdb57c73: 48 arrays, 83.9 MB stored; 1.5 s; peak memory 337 MiB.
2026-10-10T17:45:05Z INFO [503/1000] 8524236b-6192-474b-880a-622ab443ade8: 71 arrays, 96.7 MB stored; 2.6 s; peak memory 337 MiB.
2026-10-10T17:45:05Z INFO [504/1000] 852583cd-cea9-4943-8019-ec53e5c15d26: 39 arrays, 18.8 MB stored; 1.9 s; peak memory 337 MiB.
2026-10-10T17:45:06Z INFO [505/1000] 85264622-f231-4df1-9930-57b784cdc0d1: 61 arrays, 0.2 MB stored; 1.6 s; peak memory 337 MiB.
2026-10-10T17:45:06Z INFO [506/1000] 8525a80c-ca04-4c3d-8aba-d6917afa1518: 76 arrays, 12.8 MB stored; 2.1 s; peak memory 337 MiB.
2026-10-10T17:45:06Z INFO [507/1000] 8525acb2-d993-4816-8628-748684176a57: 72 arrays, 0.1 MB stored; 1.8 s; peak memory 337 MiB.
2026-10-10T17:45:07Z INFO [508/1000] 85267136-21cd-423c-98a6-5c0392a0c5e9: 112 arrays, 0.4 MB stored; 1.9 s; peak memory 337 MiB.
2026-10-10T17:45:07Z INFO [509/1000] 85284230-f54c-4683-998b-f4f2282bc2e5: 46 arrays, 0.0 MB stored; 1.3 s; peak memory 337 MiB.
2026-10-10T17:45:07Z INFO [510/1000] 85284daa-a359-470b-8156-02fb3709eed5: 46 arrays, 0.1 MB stored; 1.3 s; peak memory 337 MiB.
2026-10-10T17:45:07Z INFO [511/1000] 85245954-6db8-4f9e-815d-f1d1ebb45858: 323 arrays, 2.8 MB stored; 4.3 s; peak memory 337 MiB.
2026-10-10T17:45:08Z INFO [512/1000] 8527b206-adcd-4b76-8cd9-a6cf1e57d9c8: 55 arrays, 167.0 MB stored; 2.5 s; peak memory 337 MiB.
2026-10-10T17:45:09Z INFO [513/1000] 8528ed0d-bcf2-4fbc-8c93-7d12bc2055bd: 84 arrays, 0.6 MB stored; 1.8 s; peak memory 337 MiB.
2026-10-10T17:45:09Z INFO [514/1000] 852a39c6-fc01-4d35-a678-3fdab2443f68: 57 arrays, 0.0 MB stored; 1.5 s; peak memory 337 MiB.
2026-10-10T17:45:09Z INFO [515/1000] 85296e91-ed82-42e5-a90c-783fb445fbb8: 48 arrays, 83.9 MB stored; 1.7 s; peak memory 337 MiB.
2026-10-10T17:45:09Z INFO [516/1000] 85290a18-e54f-4266-aa02-0035c6197796: 48 arrays, 83.9 MB stored; 1.8 s; peak memory 337 MiB.
2026-10-10T17:45:09Z INFO [517/1000] 852b13ff-c452-43d0-a701-2b2d49b59a85: 48 arrays, 83.9 MB stored; 1.6 s; peak memory 337 MiB.
2026-10-10T17:45:11Z INFO [518/1000] 852b93c9-8508-43d1-a361-89df289a3341: 52 arrays, 18.9 MB stored; 1.9 s; peak memory 337 MiB.
2026-10-10T17:45:11Z INFO [519/1000] 852c81c9-b9ab-430f-8663-b85bd3c336d2: 117 arrays, 0.3 MB stored; 2.2 s; peak memory 337 MiB.
2026-10-10T17:45:11Z INFO [520/1000] 852bee1a-2e04-4022-88b2-dd8c0e09cb39: 112 arrays, 0.9 MB stored; 2.4 s; peak memory 337 MiB.
2026-10-10T17:45:12Z INFO [521/1000] 852db452-8863-4069-a635-765372fa0a79: 48 arrays, 83.9 MB stored; 1.6 s; peak memory 337 MiB.
2026-10-10T17:45:13Z INFO [522/1000] 852caf10-b919-490c-b3a3-fb461f8f9ab1: 115 arrays, 190.1 MB stored; 3.5 s; peak memory 337 MiB.
2026-10-10T17:45:13Z INFO [523/1000] 852eb873-989f-4ddf-93ec-77061fbcc733: 84 arrays, 0.4 MB stored; 1.8 s; peak memory 337 MiB.
2026-10-10T17:45:13Z INFO [524/1000] 852e5f9e-f17f-408e-b533-7256b7809e9d: 261 arrays, 17.1 MB stored; 2.3 s; peak memory 337 MiB.
2026-10-10T17:45:14Z INFO [525/1000] 852ec789-2745-4030-a4f9-643b8cee1a73: 48 arrays, 83.9 MB stored; 1.6 s; peak memory 337 MiB.
2026-10-10T17:45:15Z INFO [526/1000] 85306b95-7c61-45d4-ae8a-c79981927b7b: 116 arrays, 9.7 MB stored; 1.8 s; peak memory 337 MiB.
2026-10-10T17:45:15Z INFO [527/1000] 85309313-03a1-4c81-9469-dff7de3f136a: 48 arrays, 83.9 MB stored; 1.6 s; peak memory 337 MiB.
2026-10-10T17:45:15Z INFO [528/1000] 85307765-358b-4342-b165-70b4a1852c5e: 79 arrays, 0.5 MB stored; 1.9 s; peak memory 337 MiB.
2026-10-10T17:45:18Z INFO [529/1000] 852b5b06-ba75-4a12-ac50-75ce622542d9: 678 arrays, 19.5 MB stored; 9.4 s; peak memory 337 MiB.
2026-10-10T17:45:18Z INFO [530/1000] 8530cd4e-2bef-4f6d-9ff5-67b3e740fa97: 88 arrays, 14292.1 MB stored; 2.7 s; peak memory 337 MiB.
2026-10-10T17:45:20Z INFO [531/1000] 85312b05-bba4-4093-8d95-3ba805307d82: 117 arrays, 0.4 MB stored; 1.8 s; peak memory 337 MiB.
2026-10-10T17:45:20Z INFO [532/1000] 85312017-4a4b-4267-a5cf-0d622d0667a1: 408 arrays, 3.2 MB stored; 4.7 s; peak memory 337 MiB.
2026-10-10T17:45:20Z INFO [533/1000] 85313d48-e15c-4a35-823a-c1d03655a7cd: 66 arrays, 51.4 MB stored; 2.1 s; peak memory 337 MiB.
2026-10-10T17:45:22Z INFO [534/1000] 8532c9b2-4738-4c81-af1b-9ce6e4bb9148: 48 arrays, 83.9 MB stored; 1.6 s; peak memory 337 MiB.
2026-10-10T17:45:22Z INFO [535/1000] 8530c58f-f674-42d8-8c7a-e19c10604ae2: 559 arrays, 8.5 MB stored; 7.1 s; peak memory 337 MiB.
2026-10-10T17:45:23Z INFO [536/1000] 853309ba-a2ad-46a8-90d6-ce5d1b7fb1c7: 48 arrays, 83.9 MB stored; 1.6 s; peak memory 337 MiB.
2026-10-10T17:45:25Z INFO [537/1000] 85334161-1cae-429c-8153-b38146d10acd: 46 arrays, 0.0 MB stored; 1.3 s; peak memory 337 MiB.
2026-10-10T17:45:32Z INFO [538/1000] 853364ee-7127-4763-9cb9-fd9d4bac1fc9: 538 arrays, 7.9 MB stored; 7.4 s; peak memory 337 MiB.
2026-10-10T17:45:35Z INFO [539/1000] 853275d3-51c3-4c3b-827f-7203f9531398: 1481 arrays, 45.0 MB stored; 14.9 s; peak memory 337 MiB.
2026-10-10T17:45:36Z INFO [540/1000] 85337fa0-55b0-4e70-834e-1423499eeee7: 48 arrays, 34.9 MB stored; 4.3 s; peak memory 337 MiB.
2026-10-10T17:45:37Z INFO [541/1000] 8531da2d-9707-4534-a9c2-d8f3069bef61: 874 arrays, 27.7 MB stored; 16.9 s; peak memory 337 MiB.
2026-10-10T17:45:37Z INFO [542/1000] 85347989-254d-43ea-8bb8-53402ffdee8c: 117 arrays, 0.3 MB stored; 1.7 s; peak memory 337 MiB.
2026-10-10T17:45:38Z INFO [543/1000] 85333b92-acd9-4142-9df4-fee3e87a306b: 1665 arrays, 31.6 MB stored; 15.9 s; peak memory 337 MiB.
2026-10-10T17:45:38Z INFO [544/1000] 8534a610-45b7-4798-934c-a689ff583691: 46 arrays, 0.0 MB stored; 1.3 s; peak memory 337 MiB.
2026-10-10T17:45:40Z INFO [545/1000] 85351ce7-8e38-47e9-93e1-e3fd31356867: 112 arrays, 0.7 MB stored; 2.1 s; peak memory 337 MiB.
2026-10-10T17:45:41Z INFO [546/1000] 8527c2e2-f0e7-4ef5-af8c-f347d5c40a9b: 8692 arrays, 76.8 MB stored; 34.7 s; peak memory 337 MiB.
2026-10-10T17:45:41Z INFO [547/1000] 8534d293-6351-4266-889d-0db62614f20e: 372 arrays, 3.1 MB stored; 4.3 s; peak memory 337 MiB.
2026-10-10T17:45:41Z INFO [548/1000] 853544ec-25b1-4ebe-bfa6-452f47e3a984: 116 arrays, 187.1 MB stored; 3.3 s; peak memory 337 MiB.
2026-10-10T17:45:42Z INFO [549/1000] 85356a62-b4cf-493f-8222-7597b00b8429: 116 arrays, 0.3 MB stored; 1.8 s; peak memory 337 MiB.
2026-10-10T17:45:43Z INFO [550/1000] 8536add4-8a38-481f-b2c2-a92eebdd1acd: 48 arrays, 83.9 MB stored; 1.6 s; peak memory 337 MiB.
2026-10-10T17:45:43Z INFO [551/1000] 853688ae-73ba-45e5-b494-a5c56285c8cd: 116 arrays, 0.5 MB stored; 2.0 s; peak memory 337 MiB.
2026-10-10T17:45:45Z INFO [552/1000] 853489b3-e64b-406b-be5e-7c776a505302: 264 arrays, 36.0 MB stored; 8.2 s; peak memory 337 MiB.
2026-10-10T17:45:45Z INFO [553/1000] 8538678e-187f-4531-b4a4-e75608b7d99e: 170 arrays, 0.7 MB stored; 2.0 s; peak memory 337 MiB.
2026-10-10T17:45:46Z INFO [554/1000] 85371cc7-6b8b-48e7-b770-c970e15b45af: 156 arrays, 193.5 MB stored; 3.9 s; peak memory 337 MiB.
2026-10-10T17:45:46Z INFO [555/1000] 8538c1b3-dbf5-4804-8721-5635637ee9ba: 48 arrays, 83.9 MB stored; 1.5 s; peak memory 337 MiB.
2026-10-10T17:45:47Z INFO [556/1000] 8539f1bf-cdf7-4f3c-901f-648efeef45c3: 48 arrays, 83.9 MB stored; 1.5 s; peak memory 337 MiB.
2026-10-10T17:45:51Z INFO [557/1000] 8537bdb1-932d-4036-9956-6a2214f0ba01: 538 arrays, 8.4 MB stored; 7.9 s; peak memory 337 MiB.
2026-10-10T17:45:53Z INFO [558/1000] 853a5f9b-4df7-4f11-a704-56094e2e3fa1: 117 arrays, 0.3 MB stored; 1.8 s; peak memory 337 MiB.
2026-10-10T17:45:54Z INFO [559/1000] 853a4670-54f8-4315-8e3c-991bd296aabe: 527 arrays, 16.7 MB stored; 7.9 s; peak memory 337 MiB.
2026-10-10T17:45:55Z INFO [560/1000] 853a9c2c-8e5e-43e4-be3b-7daaf9ffe696: 112 arrays, 0.6 MB stored; 2.1 s; peak memory 337 MiB.
2026-10-10T17:45:57Z INFO [561/1000] 853b8db7-f011-4d35-86f0-f03da40b20d3: 38 arrays, 58.7 MB stored; 3.2 s; peak memory 337 MiB.
2026-10-10T17:45:59Z INFO [562/1000] 853c414e-562d-4cf5-bd55-1ed70ab0ffe0: 71 arrays, 4.4 MB stored; 2.0 s; peak memory 337 MiB.
2026-10-10T17:46:02Z INFO [563/1000] 853589a7-b5bd-4ba6-a138-bb9440caf25f: 366 arrays, 119.7 MB stored; 21.3 s; peak memory 337 MiB.
2026-10-10T17:46:02Z INFO [564/1000] 853a5570-9be7-4855-bb81-360d544d7e7b: 874 arrays, 23.3 MB stored; 15.6 s; peak memory 337 MiB.
2026-10-10T17:46:04Z INFO [565/1000] 853db3d0-0eb7-4048-839e-c1d1c30807f2: 117 arrays, 0.4 MB stored; 1.8 s; peak memory 337 MiB.
2026-10-10T17:46:04Z INFO [566/1000] 853e84f7-13dc-4226-9514-5cf0fec9d940: 116 arrays, 0.5 MB stored; 1.9 s; peak memory 337 MiB.
2026-10-10T17:46:05Z INFO [567/1000] 853e8a2e-2437-4972-a102-f3ce24d2858e: 57 arrays, 0.0 MB stored; 1.4 s; peak memory 337 MiB.
2026-10-10T17:46:05Z INFO [568/1000] 853eb7eb-a3b6-4463-acb9-25a38b6e671f: 37 arrays, 0.0 MB stored; 1.2 s; peak memory 337 MiB.
2026-10-10T17:46:06Z INFO [569/1000] 853cca11-9ab4-447b-843d-0021f7046c98: 174 arrays, 71.5 MB stored; 6.3 s; peak memory 337 MiB.
2026-10-10T17:46:07Z INFO [570/1000] 85401d39-b439-41a8-9e25-22bd8a1f0855: 49 arrays, 1.3 MB stored; 1.7 s; peak memory 337 MiB.
2026-10-10T17:46:09Z INFO [571/1000] 854051b1-7af8-4240-ba33-ef67b69f6bc9: 112 arrays, 0.5 MB stored; 2.1 s; peak memory 337 MiB.
2026-10-10T17:46:10Z INFO [572/1000] 853c2686-0aa2-46cd-ba3b-61ac6705b59f: 267 arrays, 936.0 MB stored; 15.6 s; peak memory 337 MiB.
2026-10-10T17:46:10Z INFO [573/1000] 853ec6e8-8edd-42a9-835a-a59c54dac797: 481 arrays, 6.0 MB stored; 5.2 s; peak memory 337 MiB.
2026-10-10T17:46:11Z INFO [574/1000] 85408e77-fd61-4939-b6de-a65836c29f0f: 118 arrays, 0.6 MB stored; 2.1 s; peak memory 337 MiB.
2026-10-10T17:46:12Z INFO [575/1000] 8541922f-a7d3-4592-a3eb-682c3bf79dfa: 46 arrays, 0.0 MB stored; 1.2 s; peak memory 337 MiB.
2026-10-10T17:46:13Z INFO [576/1000] 8540c20d-3fa9-4a19-8661-9c5f479ebc20: 71 arrays, 22.2 MB stored; 2.4 s; peak memory 337 MiB.
2026-10-10T17:46:13Z INFO [577/1000] 85415233-2e99-46a2-916b-6c68b67b728a: 84 arrays, 281.2 MB stored; 2.9 s; peak memory 337 MiB.
2026-10-10T17:46:14Z INFO [578/1000] 8541be76-4b20-47ee-b267-d5ef94811793: 118 arrays, 0.2 MB stored; 1.7 s; peak memory 337 MiB.
2026-10-10T17:46:15Z INFO [579/1000] 854236d6-63ad-4e60-8b98-a46f4795f02c: 112 arrays, 0.5 MB stored; 1.9 s; peak memory 337 MiB.
2026-10-10T17:46:15Z INFO [580/1000] 85424c7f-6c17-4c12-8339-c6bb164d2b9b: 48 arrays, 83.9 MB stored; 1.5 s; peak memory 337 MiB.
2026-10-10T17:46:16Z INFO [581/1000] 853a183b-a26f-4bc7-b655-2c5fa579770c: 7721 arrays, 258.3 MB stored; 29.9 s; peak memory 337 MiB.
2026-10-10T17:46:16Z INFO [582/1000] 8542caea-8e7b-4b58-bf16-62897ff81321: 35 arrays, 0.0 MB stored; 1.3 s; peak memory 337 MiB.
2026-10-10T17:46:18Z INFO [583/1000] 8542fb88-a8fe-4cde-b562-71e016953277: 52 arrays, 14.1 MB stored; 1.6 s; peak memory 337 MiB.
2026-10-10T17:46:18Z INFO [584/1000] 8540304d-b0e4-4f24-bdc8-68185b01a595: 4691 arrays, 18.1 MB stored; 12.5 s; peak memory 337 MiB.
2026-10-10T17:46:19Z INFO [585/1000] 8543edb0-a926-4459-8a05-2f152b88897d: 48 arrays, 83.9 MB stored; 1.5 s; peak memory 337 MiB.
2026-10-10T17:46:21Z INFO [586/1000] 8544a642-b96b-4bf0-8e79-42b0cacb9527: 115 arrays, 0.3 MB stored; 1.7 s; peak memory 337 MiB.
2026-10-10T17:46:21Z INFO [587/1000] 85444136-4758-43e8-b0e3-e94f32867ac2: 115 arrays, 190.1 MB stored; 3.1 s; peak memory 337 MiB.
2026-10-10T17:46:22Z INFO [588/1000] 85453f00-d9b7-4ffd-91ce-f626ee979924: 48 arrays, 83.9 MB stored; 1.6 s; peak memory 337 MiB.
2026-10-10T17:46:23Z INFO [589/1000] 85455c2f-1ae3-4db7-883c-d51ad106c87a: 48 arrays, 83.9 MB stored; 1.6 s; peak memory 337 MiB.
2026-10-10T17:46:24Z INFO [590/1000] 854721f0-5a3e-4607-b6ae-42ae8ad7e19e: 121 arrays, 0.1 MB stored; 1.5 s; peak memory 337 MiB.
2026-10-10T17:46:25Z INFO [591/1000] 8547770b-b35b-44b7-b487-3ac62f1f7d51: 50 arrays, 5.0 MB stored; 1.3 s; peak memory 337 MiB.
2026-10-10T17:46:26Z INFO [592/1000] 85427353-7d07-4b13-a82b-2e8a95e91197: 769 arrays, 21.7 MB stored; 11.6 s; peak memory 337 MiB.
2026-10-10T17:46:27Z INFO [593/1000] 85477740-ae82-4efd-b0d3-0e8f23293bb7: 35 arrays, 0.0 MB stored; 1.3 s; peak memory 337 MiB.
2026-10-10T17:46:27Z INFO [594/1000] 8547cb47-dbfb-4201-8800-a3f83d598276: 48 arrays, 83.9 MB stored; 1.4 s; peak memory 337 MiB.
2026-10-10T17:46:29Z INFO [595/1000] 85484dd6-6efc-46b5-ae00-3c776a0fae23: 117 arrays, 0.3 MB stored; 1.6 s; peak memory 337 MiB.
2026-10-10T17:46:29Z INFO [596/1000] 8542ed79-c8dd-4c74-a7b0-4164cf96bd81: 1389 arrays, 30.6 MB stored; 13.3 s; peak memory 337 MiB.
2026-10-10T17:46:30Z INFO [597/1000] 85487fc4-78d6-487b-971d-6edc43c3e5d4: 57 arrays, 0.0 MB stored; 1.5 s; peak memory 337 MiB.
2026-10-10T17:46:31Z INFO [598/1000] 8548b291-d03f-4363-9110-afc3152dd854: 116 arrays, 0.3 MB stored; 1.6 s; peak memory 337 MiB.
2026-10-10T17:46:32Z INFO [599/1000] 8549940f-520f-4f5f-aa8a-944dffbe2fe9: 48 arrays, 83.9 MB stored; 1.4 s; peak memory 337 MiB.
2026-10-10T17:46:34Z INFO [600/1000] 854a028b-d43a-4e8b-ad91-c124513834c9: 170 arrays, 0.8 MB stored; 1.8 s; peak memory 337 MiB.
2026-10-10T17:46:35Z INFO [600/1000] 854a028b-d43a-4e8b-ad91-c124513834c9: checkpointed 600 new records.
2026-10-10T17:46:35Z INFO [601/1000] 854824f9-d02d-4560-9818-592f694d6751: 668 arrays, 15.8 MB stored; 7.5 s; peak memory 502 MiB.
2026-10-10T17:46:36Z INFO [602/1000] 854abc7e-0cc1-4735-b772-dfebc579ca99: 48 arrays, 83.9 MB stored; 1.6 s; peak memory 502 MiB.
2026-10-10T17:46:36Z INFO [603/1000] 854a909d-9713-40ed-94ba-ae11bb434fc2: 110 arrays, 0.8 MB stored; 2.3 s; peak memory 502 MiB.
2026-10-10T17:46:37Z INFO [604/1000] 854b0b60-e444-4389-998a-23667829c399: 58 arrays, 0.0 MB stored; 1.3 s; peak memory 502 MiB.
2026-10-10T17:46:38Z INFO [605/1000] 85496c63-b214-49c2-bad2-5fca814d2049: 907 arrays, 22.0 MB stored; 8.0 s; peak memory 502 MiB.
2026-10-10T17:46:39Z INFO [606/1000] 854c59e3-5a47-4c08-8968-ccc2a37c993c: 48 arrays, 83.9 MB stored; 1.6 s; peak memory 502 MiB.
2026-10-10T17:46:40Z INFO [607/1000] 854ccc5f-3da8-47d6-846c-36224ed91213: 38 arrays, 0.4 MB stored; 1.4 s; peak memory 502 MiB.
2026-10-10T17:46:40Z INFO [608/1000] 854b0b46-f01b-4a42-a2b9-1b54d342aede: 92 arrays, 671.2 MB stored; 4.3 s; peak memory 502 MiB.
2026-10-10T17:46:40Z INFO [609/1000] 8542bea1-e46f-4f95-9fd4-45f3ee593e87: 94 arrays, 1117.8 MB stored; 25.9 s; peak memory 502 MiB.
2026-10-10T17:46:41Z INFO [610/1000] 854cd7b7-079f-4490-a08d-3ca769f9607a: 71 arrays, 4345.7 MB stored; 1.9 s; peak memory 502 MiB.
2026-10-10T17:46:41Z INFO [611/1000] 854ce16c-31ce-468c-8451-201c50b31ccd: 48 arrays, 83.9 MB stored; 1.5 s; peak memory 502 MiB.
2026-10-10T17:46:42Z INFO [612/1000] 854db53b-4173-46b6-88a3-857480f82741: 48 arrays, 83.9 MB stored; 1.6 s; peak memory 502 MiB.
2026-10-10T17:46:43Z INFO [613/1000] 854efcb5-2786-4b54-a26e-e53c87e8e918: 48 arrays, 83.9 MB stored; 1.6 s; peak memory 502 MiB.
2026-10-10T17:46:44Z INFO [614/1000] 854f0e91-5809-4d9a-9d28-501b2101e334: 66 arrays, 84.5 MB stored; 2.4 s; peak memory 502 MiB.
2026-10-10T17:46:44Z INFO [615/1000] 854f420d-40ef-4e6c-bef3-2f5d9671f903: 117 arrays, 0.4 MB stored; 1.8 s; peak memory 502 MiB.
2026-10-10T17:46:45Z INFO [616/1000] 85476023-761d-4ee2-a47f-b254fb8f0391: 48 arrays, 38938.1 MB stored; 22.1 s; peak memory 502 MiB.
2026-10-10T17:46:47Z INFO [617/1000] 854fa650-0b73-4579-9d48-24a006609d51: 49 arrays, 655.2 MB stored; 2.4 s; peak memory 502 MiB.
2026-10-10T17:46:48Z INFO [618/1000] 854de372-d548-452a-997d-bb1cc9de353b: 200 arrays, 333.6 MB stored; 6.6 s; peak memory 502 MiB.
2026-10-10T17:46:48Z INFO [619/1000] 854f897f-49f8-4439-bee4-a5275f411c8b: 118 arrays, 67.1 MB stored; 3.2 s; peak memory 502 MiB.
2026-10-10T17:46:49Z INFO [620/1000] 85501ef8-19ac-483d-a156-de60213ef4ad: 48 arrays, 83.9 MB stored; 1.5 s; peak memory 502 MiB.
2026-10-10T17:46:50Z INFO [621/1000] 8551568f-f09f-44a6-a83d-58a4df2f4a74: 71 arrays, 2.4 MB stored; 2.3 s; peak memory 502 MiB.
2026-10-10T17:46:51Z INFO [622/1000] 85521581-775b-45f1-baf6-a429b6dddcc1: 117 arrays, 0.3 MB stored; 1.8 s; peak memory 502 MiB.
2026-10-10T17:46:51Z INFO [623/1000] 854fb247-76cb-4a86-a692-940b68ed036d: 225 arrays, 565.3 MB stored; 6.0 s; peak memory 502 MiB.
2026-10-10T17:46:52Z INFO [624/1000] 85535e98-29a7-4e7f-a4ad-286e76889125: 116 arrays, 0.4 MB stored; 1.9 s; peak memory 502 MiB.
2026-10-10T17:46:53Z INFO [625/1000] 8555100e-a2d1-4c2d-b850-5b6bdebd400c: 45 arrays, 633.6 MB stored; 2.0 s; peak memory 502 MiB.
2026-10-10T17:46:54Z INFO [626/1000] 8555259e-7222-48f8-9d1a-962aa5b92f66: 101 arrays, 12.9 MB stored; 2.3 s; peak memory 502 MiB.
2026-10-10T17:46:55Z INFO [627/1000] 854d4a88-94d6-42fa-b2b0-1bde21f9de83: 1533 arrays, 33.9 MB stored; 14.9 s; peak memory 502 MiB.
2026-10-10T17:46:55Z INFO [628/1000] 85539cf9-eb70-455f-a221-5552e27d1401: 178 arrays, 217.5 MB stored; 4.5 s; peak memory 502 MiB.
2026-10-10T17:46:56Z INFO [629/1000] 85553a4b-25e7-4b99-b329-00c022ce7353: 89 arrays, 3787.0 MB stored; 3.0 s; peak memory 502 MiB.
2026-10-10T17:46:56Z INFO [630/1000] 84f67bac-df3c-4a21-80b1-e1d7f346872c: 264 arrays, 39383.6 MB stored; 230.6 s; peak memory 502 MiB.
2026-10-10T17:46:56Z INFO [631/1000] 8555c6ce-acb2-4fbd-9a88-94f763a8d56d: 112 arrays, 0.6 MB stored; 2.2 s; peak memory 502 MiB.
2026-10-10T17:46:57Z INFO [632/1000] 8555f655-de17-40b4-8f3e-40ce95b1d549: 117 arrays, 0.5 MB stored; 1.8 s; peak memory 502 MiB.
2026-10-10T17:46:58Z INFO [633/1000] 85565734-0b65-4957-8aee-f7778a7aa444: 114 arrays, 0.1 MB stored; 1.6 s; peak memory 502 MiB.
2026-10-10T17:46:58Z INFO [634/1000] 8555d338-ba20-47c3-bc09-6f22820e7fed: 38 arrays, 36.3 MB stored; 3.0 s; peak memory 502 MiB.
2026-10-10T17:46:58Z INFO [635/1000] 85561885-e435-482b-836a-fb4b7625512d: 118 arrays, 0.3 MB stored; 1.9 s; peak memory 502 MiB.
2026-10-10T17:46:59Z INFO [636/1000] 8556ba4c-7b05-4191-aa99-5596fabf3bef: 117 arrays, 0.4 MB stored; 1.8 s; peak memory 502 MiB.
2026-10-10T17:47:00Z INFO [637/1000] 8557bb4f-f7ff-463a-9b50-42f59d2c6090: 46 arrays, 5439.0 MB stored; 1.9 s; peak memory 502 MiB.
2026-10-10T17:47:00Z INFO [638/1000] 8557ad64-40fa-4364-9bd7-c27138819018: 117 arrays, 0.4 MB stored; 2.1 s; peak memory 502 MiB.
2026-10-10T17:47:00Z INFO [639/1000] 85589829-ee7a-4210-9423-5e9fa09e79de: 48 arrays, 83.9 MB stored; 1.5 s; peak memory 502 MiB.
2026-10-10T17:47:01Z INFO [640/1000] 8558b664-400a-4770-be20-a1a7014fc454: 59 arrays, 0.2 MB stored; 1.7 s; peak memory 502 MiB.
2026-10-10T17:47:02Z INFO [641/1000] 855b095a-23bd-463d-ab47-43c05cbd31da: 48 arrays, 83.9 MB stored; 1.5 s; peak memory 502 MiB.
2026-10-10T17:47:06Z INFO [642/1000] 8559ee3d-efa1-4edd-898b-6f162211651b: 174 arrays, 37.7 MB stored; 6.0 s; peak memory 502 MiB.
2026-10-10T17:47:08Z INFO [643/1000] 855de3ae-f58e-4919-923d-7bb6dceb8898: 62 arrays, 4991.1 MB stored; 1.8 s; peak memory 502 MiB.
2026-10-10T17:47:09Z INFO [644/1000] 855e60b1-f202-4457-9fd1-8f5d30a1b622: 112 arrays, 0.8 MB stored; 1.8 s; peak memory 502 MiB.
2026-10-10T17:47:18Z INFO [645/1000] 85582abb-08d8-4277-a899-df107a3f1605: 913 arrays, 204.8 MB stored; 20.5 s; peak memory 502 MiB.
2026-10-10T17:47:19Z INFO [646/1000] 852efb2b-915f-46a9-8b4f-64d0f7d3cd63: 167 arrays, 21190.9 MB stored; 126.5 s; peak memory 502 MiB.
2026-10-10T17:47:19Z INFO [647/1000] 855e6cf1-1457-4822-8042-17c17ef0128c: 849 arrays, 24.2 MB stored; 9.9 s; peak memory 502 MiB.
2026-10-10T17:47:20Z INFO [648/1000] 855e84ca-9f1c-40ff-b1fd-ccac4cc90a3c: 48 arrays, 83.9 MB stored; 1.6 s; peak memory 502 MiB.
2026-10-10T17:47:21Z INFO [649/1000] 855efec4-57e5-46e5-bba8-989375c9fdc5: 69 arrays, 25.4 MB stored; 2.0 s; peak memory 502 MiB.
2026-10-10T17:47:23Z INFO [650/1000] 855f551d-498a-4a0d-a011-b50bd1a8472b: 112 arrays, 0.5 MB stored; 1.9 s; peak memory 502 MiB.
2026-10-10T17:47:24Z INFO [651/1000] 855f3f0a-ff06-45ca-9e83-d58708a1c468: 84 arrays, 392.5 MB stored; 3.8 s; peak memory 502 MiB.
2026-10-10T17:47:25Z INFO [652/1000] 855f8a76-2360-44b9-ab95-c0b6694b70b9: 41 arrays, 8.4 MB stored; 1.4 s; peak memory 502 MiB.
2026-10-10T17:47:27Z INFO [653/1000] 8560c01a-cc46-46e8-8a76-22b46b522691: 117 arrays, 0.4 MB stored; 1.8 s; peak memory 502 MiB.
2026-10-10T17:47:40Z INFO [654/1000] 855f564c-61f0-4181-b999-bd463f5367a0: 428 arrays, 1594.1 MB stored; 16.5 s; peak memory 502 MiB.
2026-10-10T17:47:41Z INFO [655/1000] 85612e89-1f0f-45c6-813a-26fca6a30707: 46 arrays, 0.0 MB stored; 1.2 s; peak memory 502 MiB.
2026-10-10T17:47:42Z INFO [656/1000] 85619632-8feb-42b9-8679-2c4fe4f9ccbe: 54 arrays, 0.0 MB stored; 1.3 s; peak memory 502 MiB.
2026-10-10T17:47:45Z INFO [657/1000] 8561d88a-0e98-4b73-aacb-5248f5de1b33: 38 arrays, 25.4 MB stored; 3.0 s; peak memory 502 MiB.
2026-10-10T17:47:47Z INFO [658/1000] 856118f7-9687-4910-9fe6-59b304b569d6: 48 arrays, 42790.7 MB stored; 19.9 s; peak memory 502 MiB.
2026-10-10T17:47:48Z INFO [659/1000] 85626819-ecd4-4019-bc02-6d3f674abf45: 46 arrays, 0.2 MB stored; 1.5 s; peak memory 502 MiB.
2026-10-10T17:47:49Z INFO [660/1000] 8562523a-da50-43c8-b278-52b917508be1: 53 arrays, 141.6 MB stored; 3.5 s; peak memory 502 MiB.
2026-10-10T17:47:50Z INFO [661/1000] 8563135b-a4bb-494a-ac55-19077a980b39: 66 arrays, 11.5 MB stored; 1.8 s; peak memory 502 MiB.
2026-10-10T17:47:54Z INFO [662/1000] 8562a0aa-e8db-4ce3-8aa6-15f92bc2bac2: 229 arrays, 310.3 MB stored; 6.1 s; peak memory 502 MiB.
2026-10-10T17:47:56Z INFO [663/1000] 85635830-9cab-407a-b902-0d61b2ef9fd6: 112 arrays, 0.7 MB stored; 2.0 s; peak memory 502 MiB.
2026-10-10T17:47:58Z INFO [664/1000] 8563acf3-f16f-46fb-96d4-b00487875536: 48 arrays, 83.9 MB stored; 1.5 s; peak memory 502 MiB.
2026-10-10T17:47:59Z INFO [665/1000] 85632b17-5024-4a6f-997c-8d79ecf085f5: 928 arrays, 20.4 MB stored; 8.8 s; peak memory 502 MiB.
2026-10-10T17:48:00Z INFO [666/1000] 85640ae6-fd4e-45dc-be82-c28cf3a28035: 117 arrays, 0.4 MB stored; 1.8 s; peak memory 502 MiB.
2026-10-10T17:48:05Z INFO [667/1000] 85643bf0-04a0-435f-8ceb-e064fdbaccb0: 229 arrays, 272.5 MB stored; 5.7 s; peak memory 502 MiB.
2026-10-10T17:48:07Z INFO [668/1000] 85660571-5a3e-4eb1-9ae3-7b1cedbfa7e6: 65 arrays, 35.9 MB stored; 1.8 s; peak memory 502 MiB.
2026-10-10T17:48:08Z INFO [669/1000] 8567c338-ff77-4d9f-8bff-2eb235ba3d87: 115 arrays, 0.2 MB stored; 1.7 s; peak memory 502 MiB.
2026-10-10T17:48:11Z INFO [670/1000] 8568151f-8da2-460f-aebc-326b36f86116: 152 arrays, 0.8 MB stored; 2.4 s; peak memory 502 MiB.
2026-10-10T17:48:30Z INFO [671/1000] 85684a94-c214-4458-b8d8-b131531d5396: 48 arrays, 38992.6 MB stored; 19.4 s; peak memory 502 MiB.
2026-10-10T17:48:31Z INFO [672/1000] 854fc3b8-ae98-4399-b55b-d6fc5a3dd5fd: 55 arrays, 7960.3 MB stored; 104.3 s; peak memory 502 MiB.
2026-10-10T17:48:33Z INFO [673/1000] 8568c170-9ff1-4e21-8c36-da4bed4b3c31: 112 arrays, 0.4 MB stored; 2.0 s; peak memory 502 MiB.
2026-10-10T17:48:34Z INFO [674/1000] 8568f7c4-2a4b-42d3-ac2d-d9442f10dfd8: 40 arrays, 118.4 MB stored; 1.3 s; peak memory 502 MiB.
2026-10-10T17:48:44Z INFO [675/1000] 8569cdf1-8e25-4824-bee4-675edd678005: 343 arrays, 48.0 MB stored; 10.0 s; peak memory 502 MiB.
2026-10-10T17:48:46Z INFO [676/1000] 856a2c25-d7df-473d-b1d8-6d17b1ba33ba: 79 arrays, 0.3 MB stored; 1.9 s; peak memory 502 MiB.
2026-10-10T17:48:48Z INFO [677/1000] 856a41aa-8c9f-4f70-b8f9-a014ac5d65aa: 55 arrays, 0.0 MB stored; 1.3 s; peak memory 502 MiB.
2026-10-10T17:48:49Z INFO [678/1000] 856a7491-c4c6-433d-9bc7-f1b50fdd108a: 48 arrays, 83.9 MB stored; 1.5 s; peak memory 502 MiB.
2026-10-10T17:48:49Z INFO [679/1000] 8568bedf-0dd8-4c65-946a-1bc2d1467db1: 48 arrays, 48879.5 MB stored; 19.1 s; peak memory 502 MiB.
2026-10-10T17:48:51Z INFO [680/1000] 856a7ff7-3b66-4337-9b99-7c491625e9b5: 50 arrays, 21.2 MB stored; 2.0 s; peak memory 502 MiB.
2026-10-10T17:48:52Z INFO [681/1000] 8556815e-99ef-44aa-a991-d1f86575c2a6: 413 arrays, 19773.8 MB stored; 115.9 s; peak memory 502 MiB.
2026-10-10T17:48:53Z INFO [682/1000] 856b34c1-057e-48f5-9209-7c40694b6226: 117 arrays, 0.2 MB stored; 1.8 s; peak memory 502 MiB.
2026-10-10T17:48:54Z INFO [683/1000] 856b9a64-5087-4a91-b83b-985051ffd95b: 48 arrays, 83.9 MB stored; 1.5 s; peak memory 502 MiB.
2026-10-10T17:48:54Z INFO [684/1000] 856a7e55-ca6a-480f-8410-ef4db528829e: 197 arrays, 11.3 MB stored; 4.5 s; peak memory 502 MiB.
2026-10-10T17:48:57Z INFO [685/1000] 856c97e2-f051-4011-aecf-5e560a2c9006: 115 arrays, 190.1 MB stored; 3.1 s; peak memory 502 MiB.
2026-10-10T17:48:59Z INFO [686/1000] 855c1662-b1e3-4551-bf68-8bcaa042f633: 167 arrays, 21215.9 MB stored; 116.6 s; peak memory 502 MiB.
2026-10-10T17:49:00Z INFO [687/1000] 856d35d8-87e6-4a19-8f92-099c29e7e589: 115 arrays, 190.1 MB stored; 3.2 s; peak memory 502 MiB.
2026-10-10T17:49:00Z INFO [688/1000] 856bd25e-fde6-4a99-9e0c-d88925fe976e: 634 arrays, 10.4 MB stored; 6.8 s; peak memory 502 MiB.
2026-10-10T17:49:01Z INFO [689/1000] 856e0c53-7cdd-454c-a53e-78087356347c: 48 arrays, 83.9 MB stored; 1.5 s; peak memory 502 MiB.
2026-10-10T17:49:02Z INFO [690/1000] 856d59b0-6fd4-41a2-a5e1-03f8ef9504a1: 110 arrays, 1.1 MB stored; 2.3 s; peak memory 502 MiB.
2026-10-10T17:49:02Z INFO [691/1000] 855bda87-0ffc-4ddc-8b29-879563a88e15: 269 arrays, 20739.1 MB stored; 120.9 s; peak memory 502 MiB.
2026-10-10T17:49:03Z INFO [692/1000] 856f1348-d9d2-466e-a094-77efde7e5b9c: 118 arrays, 0.5 MB stored; 1.8 s; peak memory 502 MiB.
2026-10-10T17:49:04Z INFO [693/1000] 856cf2b4-1aac-4c1c-bc62-43fe59ba6144: 985 arrays, 14.5 MB stored; 9.9 s; peak memory 502 MiB.
2026-10-10T17:49:04Z INFO [694/1000] 856f71c0-196a-4357-afd4-7dea2f5de72d: 48 arrays, 83.9 MB stored; 1.5 s; peak memory 502 MiB.
2026-10-10T17:49:04Z INFO [695/1000] 856f8f62-b763-422f-8875-fc00a721394b: 63 arrays, 0.2 MB stored; 1.5 s; peak memory 502 MiB.
2026-10-10T17:49:04Z INFO [696/1000] 856ffea4-91b7-4726-b7e9-37fb87075749: 46 arrays, 0.0 MB stored; 1.2 s; peak memory 502 MiB.
2026-10-10T17:49:05Z INFO [697/1000] 85700230-5237-4738-98c4-0201f8d21bbf: 48 arrays, 83.9 MB stored; 1.4 s; peak memory 502 MiB.
2026-10-10T17:49:05Z INFO [698/1000] 85702c18-df51-4170-9448-3f42e2c4cfcf: 39 arrays, 7.4 MB stored; 1.6 s; peak memory 502 MiB.
2026-10-10T17:49:07Z INFO [699/1000] 8571ac23-05bb-42a7-b37b-bf14caa4aa40: 52 arrays, 15.4 MB stored; 1.6 s; peak memory 502 MiB.
2026-10-10T17:49:08Z INFO [700/1000] 8571577f-4ad9-4a5b-9f82-aa24fed3d6dc: 156 arrays, 193.5 MB stored; 3.8 s; peak memory 502 MiB.
2026-10-10T17:49:09Z INFO [701/1000] 856d5939-474e-4d84-af45-bcf195db66de: 106 arrays, 18466.6 MB stored; 10.2 s; peak memory 502 MiB.
2026-10-10T17:49:09Z INFO [702/1000] 8571d54a-7167-41dc-9ada-2cc11bdf7c73: 156 arrays, 193.5 MB stored; 3.6 s; peak memory 502 MiB.
2026-10-10T17:49:10Z INFO [703/1000] 8572c9f2-ead5-4069-99bc-3971997251b6: 118 arrays, 0.4 MB stored; 1.9 s; peak memory 502 MiB.
2026-10-10T17:49:11Z INFO [704/1000] 8573cb27-7e7f-48aa-b2dc-84f151037c84: 72 arrays, 64.8 MB stored; 2.3 s; peak memory 502 MiB.
2026-10-10T17:49:12Z INFO [705/1000] 8573f312-c1a0-4b2a-88e8-14546c9b928a: 118 arrays, 0.4 MB stored; 1.7 s; peak memory 502 MiB.
2026-10-10T17:49:12Z INFO [706/1000] 857156a5-689f-4188-8289-8400c80dcf78: 49 arrays, 10343.8 MB stored; 8.0 s; peak memory 502 MiB.
2026-10-10T17:49:13Z INFO [707/1000] 8575a2e1-9d68-4f69-8971-59fb7275e4c3: 117 arrays, 0.2 MB stored; 1.7 s; peak memory 502 MiB.
2026-10-10T17:49:13Z INFO [708/1000] 8572868d-0017-4b89-8d4d-67f8cbf7f815: 101 arrays, 25.2 MB stored; 6.5 s; peak memory 502 MiB.
2026-10-10T17:49:14Z INFO [709/1000] 8575ae24-ea67-46cf-a402-df3276b55cc6: 289 arrays, 17.1 MB stored; 2.1 s; peak memory 502 MiB.
2026-10-10T17:49:14Z INFO [710/1000] 8576a690-505f-46e7-ad2b-011dce86b3a0: 48 arrays, 83.9 MB stored; 1.5 s; peak memory 502 MiB.
2026-10-10T17:49:14Z INFO [711/1000] 85773b5c-aa3b-4b2c-83d9-a2ba77d3c164: 56 arrays, 0.0 MB stored; 1.3 s; peak memory 502 MiB.
2026-10-10T17:49:16Z INFO [712/1000] 855f0b98-8eb8-4850-b23f-4339ebbd63de: 167 arrays, 21122.0 MB stored; 116.1 s; peak memory 502 MiB.
2026-10-10T17:49:16Z INFO [713/1000] 85774f02-c6a4-40f3-a75e-d7084ebf47a5: 77 arrays, 0.4 MB stored; 1.8 s; peak memory 502 MiB.
2026-10-10T17:49:16Z INFO [714/1000] 8577c9c2-33db-4ba5-aca2-f7705c7dbb48: 52 arrays, 16.2 MB stored; 1.7 s; peak memory 502 MiB.
2026-10-10T17:49:16Z INFO [715/1000] 8578b57f-f2ce-48d9-b962-0e65c146aa71: 70 arrays, 1.3 MB stored; 1.9 s; peak memory 502 MiB.
2026-10-10T17:49:18Z INFO [716/1000] 8579a90d-4195-43cf-b6ec-7d9cac7f994a: 48 arrays, 83.9 MB stored; 1.5 s; peak memory 502 MiB.
2026-10-10T17:49:18Z INFO [717/1000] 85799e51-fb04-4a79-9fcf-7d074d628552: 117 arrays, 0.2 MB stored; 1.8 s; peak memory 502 MiB.
2026-10-10T17:49:18Z INFO [718/1000] 8579af14-9440-4069-a1a0-4733256a3f27: 48 arrays, 83.9 MB stored; 1.5 s; peak memory 502 MiB.
2026-10-10T17:49:18Z INFO [719/1000] 8578ffc1-b5c5-47ea-b5aa-30be37baeb46: 112 arrays, 1.7 MB stored; 2.5 s; peak memory 502 MiB.
2026-10-10T17:49:19Z INFO [720/1000] 8579fb22-da32-49e5-a4ae-09c02d3d8714: 110 arrays, 0.2 MB stored; 1.9 s; peak memory 502 MiB.
2026-10-10T17:49:20Z INFO [721/1000] 857b8d09-a040-410b-b7a4-1e13def192a4: 40 arrays, 12.9 MB stored; 1.6 s; peak memory 502 MiB.
2026-10-10T17:49:21Z INFO [722/1000] 857c3127-26b0-4194-b5d9-05c5732fe2ba: 52 arrays, 14.0 MB stored; 1.6 s; peak memory 502 MiB.
2026-10-10T17:49:21Z INFO [723/1000] 857bf0d9-b1b6-4aef-8b1a-f3d90251101d: 117 arrays, 0.5 MB stored; 1.8 s; peak memory 502 MiB.
2026-10-10T17:49:23Z INFO [724/1000] 857d596d-f497-44fc-ab13-5459a8740317: 52 arrays, 11.1 MB stored; 1.7 s; peak memory 502 MiB.
2026-10-10T17:49:23Z INFO [725/1000] 857a1cd6-a4e8-43e3-b45f-ec30fdb42611: 494 arrays, 5.8 MB stored; 5.8 s; peak memory 502 MiB.
2026-10-10T17:49:25Z INFO [726/1000] 857d5e19-340b-4288-9669-1e07508e4d51: 66 arrays, 51.3 MB stored; 2.0 s; peak memory 502 MiB.
2026-10-10T17:49:27Z INFO [727/1000] 857e9f69-2c36-4d26-a2b1-e2215297fcfc: 118 arrays, 0.4 MB stored; 1.9 s; peak memory 502 MiB.
2026-10-10T17:49:27Z INFO [728/1000] 857cfc9d-b66e-430f-b253-5afce8d23050: 522 arrays, 6.5 MB stored; 6.0 s; peak memory 502 MiB.
2026-10-10T17:49:28Z INFO [729/1000] 857eb4b4-1cec-4387-8d94-f01b0881e3bc: 48 arrays, 83.9 MB stored; 1.4 s; peak memory 502 MiB.
2026-10-10T17:49:29Z INFO [730/1000] 857ef7ef-50f1-4378-99f2-6714d34fec5a: 45 arrays, 0.0 MB stored; 1.3 s; peak memory 502 MiB.
2026-10-10T17:49:30Z INFO [731/1000] 857f1bc2-bbe5-45d6-abcb-fa3aeebe2b43: 48 arrays, 83.9 MB stored; 1.5 s; peak memory 502 MiB.
2026-10-10T17:49:30Z INFO [732/1000] 857f8693-7cf3-4de0-80ec-faf52db4a2da: 121 arrays, 0.1 MB stored; 1.6 s; peak memory 502 MiB.
2026-10-10T17:49:32Z INFO [733/1000] 8580287a-2ceb-4ad6-9e8b-ed26281ed637: 48 arrays, 83.9 MB stored; 1.6 s; peak memory 502 MiB.
2026-10-10T17:49:32Z INFO [734/1000] 857fab7c-7eac-406e-baf8-eba043fbe8a2: 275 arrays, 17.2 MB stored; 2.2 s; peak memory 502 MiB.
2026-10-10T17:49:33Z INFO [735/1000] 8575f538-c293-4d37-86ca-ad1b4aa33437: 818 arrays, 23.0 MB stored; 20.9 s; peak memory 502 MiB.
2026-10-10T17:49:33Z INFO [736/1000] 858119c4-5b3b-4744-9b17-401087aa5035: 46 arrays, 0.0 MB stored; 1.2 s; peak memory 502 MiB.
2026-10-10T17:49:34Z INFO [737/1000] 8580f776-67b8-4ddf-9563-e79ada899781: 118 arrays, 0.3 MB stored; 1.9 s; peak memory 502 MiB.
2026-10-10T17:49:35Z INFO [738/1000] 858132c0-f17f-46c3-98e9-483924a1c7fb: 112 arrays, 0.3 MB stored; 1.8 s; peak memory 502 MiB.
2026-10-10T17:49:36Z INFO [739/1000] 85818b7e-ba16-4e6b-8061-97928fc89c7e: 112 arrays, 1.1 MB stored; 2.4 s; peak memory 502 MiB.
2026-10-10T17:49:36Z INFO [740/1000] 8582a709-0fbc-4ffb-82be-11453364046c: 118 arrays, 0.4 MB stored; 1.8 s; peak memory 502 MiB.
2026-10-10T17:49:39Z INFO [741/1000] 8582fc89-89db-4d50-915b-9a6d42251e7d: 82 arrays, 266.8 MB stored; 2.4 s; peak memory 502 MiB.
2026-10-10T17:49:40Z INFO [742/1000] 8583098f-e681-45b5-84c7-862e9376b9ee: 46 arrays, 0.0 MB stored; 1.2 s; peak memory 502 MiB.
2026-10-10T17:49:41Z INFO [743/1000] 85833cd9-7765-4b4e-9e37-8c7794321f76: 48 arrays, 83.9 MB stored; 1.5 s; peak memory 502 MiB.
2026-10-10T17:49:42Z INFO [744/1000] 8582c79e-d7f2-4d21-be44-c7a74bfe8bbd: 238 arrays, 77.6 MB stored; 6.3 s; peak memory 502 MiB.
2026-10-10T17:49:43Z INFO [745/1000] 8583b1df-4a49-47c4-8b68-eac4eec1345c: 66 arrays, 105.2 MB stored; 2.0 s; peak memory 502 MiB.
2026-10-10T17:49:44Z INFO [746/1000] 8583d29b-6117-454b-b788-13866bf0916d: 111 arrays, 0.8 MB stored; 2.0 s; peak memory 502 MiB.
2026-10-10T17:49:45Z INFO [747/1000] 85848688-c838-41bb-9c00-a40e09a772f3: 56 arrays, 0.0 MB stored; 1.3 s; peak memory 502 MiB.
2026-10-10T17:49:49Z INFO [748/1000] 85848abf-c8f1-477f-adb8-3ef4beff5913: 602 arrays, 6.3 MB stored; 5.3 s; peak memory 502 MiB.
2026-10-10T17:49:51Z INFO [749/1000] 858493cc-0e8b-49ae-a75b-01d2a97b5fc8: 174 arrays, 94.9 MB stored; 6.1 s; peak memory 502 MiB.
2026-10-10T17:49:51Z INFO [750/1000] 8585f37f-5614-4e12-b99e-564d22f788ee: 117 arrays, 0.3 MB stored; 1.7 s; peak memory 502 MiB.
2026-10-10T17:49:52Z INFO [751/1000] 8585f8f4-4df6-4030-8b1c-9a412acd1b3b: 38 arrays, 0.5 MB stored; 1.5 s; peak memory 502 MiB.
2026-10-10T17:49:53Z INFO [752/1000] 8585fba9-ea75-4235-9289-8f67b57fc3bb: 68 arrays, 13.3 MB stored; 1.8 s; peak memory 502 MiB.
2026-10-10T17:49:54Z INFO [753/1000] 85861619-2957-4372-bcca-0abb61bdb400: 84 arrays, 1.0 MB stored; 1.9 s; peak memory 502 MiB.
2026-10-10T17:49:54Z INFO [754/1000] 85827864-572f-44c7-b16f-9f4685e62f2a: 533 arrays, 44.4 MB stored; 20.8 s; peak memory 502 MiB.
2026-10-10T17:49:54Z INFO [755/1000] 8586464c-e417-4537-bf46-bfde909c30ef: 112 arrays, 0.4 MB stored; 1.8 s; peak memory 502 MiB.
2026-10-10T17:49:56Z INFO [756/1000] 8586d582-dc04-4478-a110-772d3a4b3534: 116 arrays, 0.4 MB stored; 1.8 s; peak memory 502 MiB.
2026-10-10T17:49:58Z INFO [757/1000] 8587239f-7f35-4a63-8e8c-3b1eaab131b2: 155 arrays, 1.2 MB stored; 3.0 s; peak memory 502 MiB.
2026-10-10T17:49:58Z INFO [758/1000] 85873ba5-cdf2-46f5-ac98-b32100029d68: 112 arrays, 0.6 MB stored; 1.8 s; peak memory 502 MiB.
2026-10-10T17:50:00Z INFO [759/1000] 8588a2ef-9b25-4721-8a75-a428cf2ab180: 48 arrays, 83.9 MB stored; 1.5 s; peak memory 502 MiB.
2026-10-10T17:50:00Z INFO [760/1000] 8588537a-8bc2-4fdb-9c83-d138783ec529: 70 arrays, 19.0 MB stored; 2.1 s; peak memory 502 MiB.
2026-10-10T17:50:00Z INFO [761/1000] 8586a997-7c7a-429e-8e35-94430a6f1670: 468 arrays, 5.1 MB stored; 5.4 s; peak memory 502 MiB.
2026-10-10T17:50:01Z INFO [762/1000] 8565a379-5e02-47d1-8789-cde15e47ca35: 260 arrays, 19786.1 MB stored; 120.9 s; peak memory 502 MiB.
2026-10-10T17:50:01Z INFO [763/1000] 8588e5ec-54cf-443a-9860-0e11626df8b5: 35 arrays, 0.0 MB stored; 1.3 s; peak memory 502 MiB.
2026-10-10T17:50:01Z INFO [764/1000] 8589da7b-0b02-42d3-8832-7350c0f00041: 38 arrays, 0.5 MB stored; 1.5 s; peak memory 502 MiB.
2026-10-10T17:50:01Z INFO [765/1000] 8589a37f-5eec-47f1-91de-c6b63691331e: 69 arrays, 0.0 MB stored; 1.8 s; peak memory 502 MiB.
2026-10-10T17:50:03Z INFO [766/1000] 858a6941-d0d7-41b3-afaf-96ab7ed3bf8f: 117 arrays, 0.3 MB stored; 1.7 s; peak memory 502 MiB.
2026-10-10T17:50:03Z INFO [767/1000] 858a81af-a809-473d-8d85-35e5a5229760: 110 arrays, 0.5 MB stored; 2.1 s; peak memory 502 MiB.
2026-10-10T17:50:03Z INFO [768/1000] 858a3da0-e55c-494a-94d2-f567219170de: 38 arrays, 25.0 MB stored; 2.8 s; peak memory 502 MiB.
2026-10-10T17:50:04Z INFO [769/1000] 858b8996-8a00-4eb4-86ea-153c786d041b: 112 arrays, 0.8 MB stored; 2.3 s; peak memory 502 MiB.
2026-10-10T17:50:04Z INFO [770/1000] 858badff-1f18-4281-89e0-77394892a207: 48 arrays, 83.9 MB stored; 1.5 s; peak memory 502 MiB.
2026-10-10T17:50:05Z INFO [771/1000] 858c79c5-9acc-4738-ae1d-af0894ed75a4: 56 arrays, 0.0 MB stored; 1.3 s; peak memory 502 MiB.
2026-10-10T17:50:05Z INFO [772/1000] 858c930f-3dec-4073-8d26-ded3eb6109c8: 46 arrays, 0.1 MB stored; 1.3 s; peak memory 502 MiB.
2026-10-10T17:50:06Z INFO [773/1000] 858c01e9-959a-4d86-b141-502ff6f178b5: 116 arrays, 187.1 MB stored; 3.3 s; peak memory 502 MiB.
2026-10-10T17:50:07Z INFO [774/1000] 858d1bc9-c899-4f07-8742-bb3d4ed6fd9b: 72 arrays, 0.1 MB stored; 1.9 s; peak memory 502 MiB.
2026-10-10T17:50:07Z INFO [775/1000] 858d4bc3-4aab-4ec1-8311-82e281a0ee0a: 118 arrays, 0.3 MB stored; 1.7 s; peak memory 502 MiB.
2026-10-10T17:50:09Z INFO [776/1000] 858d7322-ecfd-47da-bc44-cbe5fe839c2f: 38 arrays, 25.4 MB stored; 2.7 s; peak memory 502 MiB.
2026-10-10T17:50:10Z INFO [777/1000] 858e42ba-b61d-4ed8-ace5-e5cba1292e39: 71 arrays, 141.6 MB stored; 2.6 s; peak memory 502 MiB.
2026-10-10T17:50:10Z INFO [778/1000] 858c7e82-35d2-49f0-a8d3-babba6b5319a: 418 arrays, 17.9 MB stored; 6.7 s; peak memory 502 MiB.
2026-10-10T17:50:11Z INFO [779/1000] 858e59f7-72c4-4f84-a767-d01833d44cc8: 69 arrays, 26.0 MB stored; 2.1 s; peak memory 502 MiB.
2026-10-10T17:50:11Z INFO [780/1000] 858e8199-300e-459e-b031-182cf0cb6b6f: 112 arrays, 0.3 MB stored; 1.7 s; peak memory 502 MiB.
2026-10-10T17:50:13Z INFO [781/1000] 858ef20e-18c7-4f16-9513-fca15e479071: 78 arrays, 546.9 MB stored; 2.1 s; peak memory 502 MiB.
2026-10-10T17:50:13Z INFO [782/1000] 858e24cd-e800-41e4-a9d7-60fd3f8c16de: 117 arrays, 40.2 MB stored; 5.9 s; peak memory 502 MiB.
2026-10-10T17:50:13Z INFO [783/1000] 8590a566-5ddd-431e-b9be-0f1d4d7cab15: 117 arrays, 0.4 MB stored; 1.9 s; peak memory 502 MiB.
2026-10-10T17:50:13Z INFO [784/1000] 8592adc5-f2be-4569-aebc-5cebaac5f23f: 61 arrays, 20.2 MB stored; 1.8 s; peak memory 502 MiB.
2026-10-10T17:50:15Z INFO [785/1000] 85937094-903e-4b10-9fbc-07346f9c80cc: 117 arrays, 0.3 MB stored; 1.7 s; peak memory 502 MiB.
2026-10-10T17:50:16Z INFO [786/1000] 8593b646-a4ca-4774-badf-9fce115fd101: 71 arrays, 4.0 MB stored; 2.5 s; peak memory 502 MiB.
2026-10-10T17:50:16Z INFO [787/1000] 8593b946-9b46-488f-b830-ffcd982d8d90: 48 arrays, 83.9 MB stored; 1.4 s; peak memory 502 MiB.
2026-10-10T17:50:18Z INFO [788/1000] 8593e7df-0f6e-4599-96f5-f76a8d9f2498: 67 arrays, 14.0 MB stored; 2.1 s; peak memory 502 MiB.
2026-10-10T17:50:19Z INFO [789/1000] 8593eba5-a99c-4f7e-a89d-c993953cc62f: 51 arrays, 636.3 MB stored; 2.5 s; peak memory 502 MiB.
2026-10-10T17:50:19Z INFO [790/1000] 859336c9-8e44-4beb-ab6d-9bcec2908822: 229 arrays, 542.3 MB stored; 6.4 s; peak memory 502 MiB.
2026-10-10T17:50:20Z INFO [791/1000] 8594bcca-4f3d-474a-9d7a-8a0d44ecede2: 66 arrays, 63.6 MB stored; 2.0 s; peak memory 502 MiB.
2026-10-10T17:50:20Z INFO [792/1000] 8596f7ee-1df0-41cf-a095-309a10652474: 61 arrays, 14.7 MB stored; 1.5 s; peak memory 502 MiB.
2026-10-10T17:50:22Z INFO [793/1000] 8597bb8f-7a87-4980-8458-a56433afe4f4: 70 arrays, 21.9 MB stored; 2.0 s; peak memory 502 MiB.
2026-10-10T17:50:26Z INFO [794/1000] 85934c12-c8f9-4fe5-941a-63a4f095466f: 867 arrays, 36.0 MB stored; 13.0 s; peak memory 502 MiB.
2026-10-10T17:50:27Z INFO [795/1000] 8598e0fb-687a-4acd-b0f5-533d35367891: 118 arrays, 0.2 MB stored; 1.7 s; peak memory 502 MiB.
2026-10-10T17:50:29Z INFO [796/1000] 8598e837-5342-410d-a653-112578c5c238: 48 arrays, 83.9 MB stored; 1.5 s; peak memory 502 MiB.
2026-10-10T17:50:32Z INFO [797/1000] 85999394-fc23-4d23-a306-0248885624c4: 85 arrays, 2426.5 MB stored; 2.6 s; peak memory 502 MiB.
2026-10-10T17:50:34Z INFO [798/1000] 85986911-2e06-4e1f-a5de-56ee7db5afb4: 1028 arrays, 41.3 MB stored; 13.7 s; peak memory 502 MiB.
2026-10-10T17:50:36Z INFO [799/1000] 859a9490-57da-4c29-9016-6199a1135e3e: 48 arrays, 83.9 MB stored; 1.5 s; peak memory 502 MiB.
2026-10-10T17:50:37Z INFO [800/1000] 859aacab-e24b-4383-a6ea-c1fabf34d91c: 112 arrays, 0.1 MB stored; 1.7 s; peak memory 502 MiB.
2026-10-10T17:50:39Z INFO [800/1000] 859aacab-e24b-4383-a6ea-c1fabf34d91c: checkpointed 800 new records.
2026-10-10T17:50:40Z INFO [801/1000] 859a33fe-35ad-479c-8fc8-44a3687bf3a2: 597 arrays, 23.0 MB stored; 8.7 s; peak memory 604 MiB.
2026-10-10T17:50:43Z INFO [802/1000] 859aeb02-c321-4025-a218-aa7bcaae70e4: 118 arrays, 24.1 MB stored; 3.0 s; peak memory 604 MiB.
2026-10-10T17:50:44Z INFO [803/1000] 859ac456-b7f0-4d80-93bc-ba169e1d571b: 208 arrays, 50.0 MB stored; 6.3 s; peak memory 604 MiB.
2026-10-10T17:50:45Z INFO [804/1000] 859c8cb0-d37a-4962-a618-495d7231ef38: 112 arrays, 0.6 MB stored; 2.1 s; peak memory 604 MiB.
2026-10-10T17:50:46Z INFO [805/1000] 859c9845-d8a4-4525-b7d9-fbb33eac9717: 69 arrays, 3.1 MB stored; 2.0 s; peak memory 604 MiB.
2026-10-10T17:50:47Z INFO [806/1000] 859cb2ff-9479-4d18-aed4-b73c5729e44c: 111 arrays, 0.2 MB stored; 1.7 s; peak memory 604 MiB.
2026-10-10T17:50:48Z INFO [807/1000] 859db107-2036-4d04-8001-9b1f65831f0a: 41 arrays, 14.4 MB stored; 1.4 s; peak memory 604 MiB.
2026-10-10T17:51:07Z INFO [808/1000] 85737050-a5e3-4119-8b0a-1c7988a15bb9: 280 arrays, 19725.3 MB stored; 118.2 s; peak memory 604 MiB.
2026-10-10T17:51:09Z INFO [809/1000] 859e1b03-0946-4b4f-8a79-832eaa35c64e: 118 arrays, 0.3 MB stored; 1.9 s; peak memory 604 MiB.
2026-10-10T17:51:17Z INFO [810/1000] 857b836d-e0f9-4010-8521-3a6f2cd3c601: 260 arrays, 19825.9 MB stored; 119.0 s; peak memory 604 MiB.
2026-10-10T17:51:19Z INFO [811/1000] 859e6130-d01d-4f4c-b5b6-77b58f768167: 71 arrays, 40.5 MB stored; 2.1 s; peak memory 604 MiB.
2026-10-10T17:51:20Z INFO [812/1000] 859e6887-e0ef-4f6e-9454-1957e4bf9bae: 45 arrays, 0.0 MB stored; 1.3 s; peak memory 604 MiB.
2026-10-10T17:51:22Z INFO [813/1000] 859eb3cf-c80d-4d2b-b138-58dd5f074f13: 48 arrays, 83.9 MB stored; 1.5 s; peak memory 604 MiB.
2026-10-10T17:51:23Z INFO [814/1000] 859eb45e-b675-4b69-b287-066b58aaadb7: 48 arrays, 83.9 MB stored; 1.5 s; peak memory 604 MiB.
2026-10-10T17:51:25Z INFO [815/1000] 859eb7a3-e9fa-4093-91b8-2ef8e07b73bc: 118 arrays, 0.4 MB stored; 1.7 s; peak memory 604 MiB.
2026-10-10T17:51:27Z INFO [816/1000] 859f8969-20b9-4ab9-9957-41f4d5ef7c34: 67 arrays, 17.3 MB stored; 1.9 s; peak memory 604 MiB.
2026-10-10T17:51:28Z INFO [817/1000] 859fb5c5-19b4-4a5f-89be-f18999534d58: 37 arrays, 0.0 MB stored; 1.2 s; peak memory 604 MiB.
2026-10-10T17:51:34Z INFO [818/1000] 859e0af6-c53a-47e6-89d6-1d6ea79df377: 52 arrays, 2147.9 MB stored; 45.4 s; peak memory 604 MiB.
2026-10-10T17:51:36Z INFO [819/1000] 85a10481-2b74-4418-b429-7db192cd438c: 117 arrays, 0.4 MB stored; 1.9 s; peak memory 604 MiB.
2026-10-10T17:51:38Z INFO [820/1000] 85a12161-d480-4aee-b649-a459a0034bdc: 42 arrays, 353.8 MB stored; 1.8 s; peak memory 604 MiB.
2026-10-10T17:51:40Z INFO [821/1000] 85a19c38-2acd-4552-ac4c-60762283b787: 112 arrays, 0.6 MB stored; 2.1 s; peak memory 604 MiB.
2026-10-10T17:51:41Z INFO [822/1000] 859fd30e-f44c-4010-aa25-ca82815801e3: 44 arrays, 9819.1 MB stored; 12.5 s; peak memory 604 MiB.
2026-10-10T17:51:41Z INFO [823/1000] 85a1b3a3-3a44-4913-8f13-6f8fd3208da5: 59 arrays, 300.2 MB stored; 1.8 s; peak memory 604 MiB.
2026-10-10T17:51:42Z INFO [824/1000] 85a26a19-854f-4710-83e8-45b9bdd71e64: 56 arrays, 0.0 MB stored; 1.3 s; peak memory 604 MiB.
2026-10-10T17:51:43Z INFO [825/1000] 85a2e1ae-b166-4708-9f49-a0d0b0daa267: 48 arrays, 83.9 MB stored; 1.4 s; peak memory 604 MiB.
2026-10-10T17:51:43Z INFO [826/1000] 85a2f764-1fe3-41fe-a6b5-0924ac94182a: 48 arrays, 83.9 MB stored; 1.5 s; peak memory 604 MiB.
2026-10-10T17:51:45Z INFO [827/1000] 85a3c39e-e9ca-4b33-bbf6-6cb39d298100: 62 arrays, 3.3 MB stored; 1.8 s; peak memory 604 MiB.
2026-10-10T17:51:47Z INFO [828/1000] 85a3c9f1-ca43-427c-9aa1-42dbeb9c4bb8: 116 arrays, 0.5 MB stored; 1.9 s; peak memory 604 MiB.
2026-10-10T17:51:49Z INFO [829/1000] 85a3e737-23ca-478d-931d-c0565f7f7231: 121 arrays, 0.1 MB stored; 1.6 s; peak memory 604 MiB.
2026-10-10T17:51:49Z INFO [830/1000] 85a33d4d-843e-4bfc-bb01-ee1cfcc080d0: 498 arrays, 5.8 MB stored; 6.0 s; peak memory 604 MiB.
2026-10-10T17:51:50Z INFO [831/1000] 85a52d93-28d7-42b2-b0bb-3dd7e8fe98ba: 56 arrays, 0.0 MB stored; 1.3 s; peak memory 604 MiB.
2026-10-10T17:51:50Z INFO [832/1000] 85a45f31-375a-48db-a50d-776d53f832a4: 48 arrays, 83.9 MB stored; 1.6 s; peak memory 604 MiB.
2026-10-10T17:51:52Z INFO [833/1000] 85a56ac3-3fc9-4856-b2b3-f1f63a569dce: 48 arrays, 83.9 MB stored; 1.6 s; peak memory 604 MiB.
2026-10-10T17:51:53Z INFO [834/1000] 85a60642-b8ac-4455-ba8a-936bec155873: 48 arrays, 83.9 MB stored; 1.5 s; peak memory 604 MiB.
2026-10-10T17:51:55Z INFO [835/1000] 85a61968-d302-495d-9251-a9eed9ec473a: 117 arrays, 0.3 MB stored; 1.8 s; peak memory 604 MiB.
2026-10-10T17:51:57Z INFO [836/1000] 85a63298-0586-41c3-9b29-a4f0c2e19d49: 92 arrays, 0.3 MB stored; 1.6 s; peak memory 604 MiB.
2026-10-10T17:51:58Z INFO [837/1000] 85a658f8-5c1f-4d88-8cc2-5fd292a389b6: 48 arrays, 83.9 MB stored; 1.5 s; peak memory 604 MiB.
2026-10-10T17:52:00Z INFO [838/1000] 85a725eb-08b5-4112-a00b-1f7b6f9df0a3: 113 arrays, 0.5 MB stored; 2.0 s; peak memory 604 MiB.
2026-10-10T17:52:01Z INFO [839/1000] 85a56c70-e12b-4c16-8b84-93ebfaf916c1: 44 arrays, 10356.4 MB stored; 10.8 s; peak memory 604 MiB.
2026-10-10T17:52:02Z INFO [840/1000] 85a737ca-b22f-4026-9034-304678b1457e: 38 arrays, 0.5 MB stored; 1.3 s; peak memory 604 MiB.
2026-10-10T17:52:03Z INFO [841/1000] 85a7417f-4c7d-46ec-8092-286312dd5873: 53 arrays, 0.2 MB stored; 1.5 s; peak memory 604 MiB.
2026-10-10T17:52:04Z INFO [842/1000] 85a751ee-0a2f-48a0-9731-e336605a2f2f: 112 arrays, 0.6 MB stored; 2.1 s; peak memory 604 MiB.
2026-10-10T17:52:05Z INFO [843/1000] 85a7742e-990a-4443-a4fd-76e64ffdc9ab: 112 arrays, 0.8 MB stored; 2.3 s; peak memory 604 MiB.
2026-10-10T17:52:07Z INFO [844/1000] 85a77cdf-5848-4153-bab2-5e9a87bedce9: 71 arrays, 4.1 MB stored; 2.0 s; peak memory 604 MiB.
2026-10-10T17:52:09Z INFO [845/1000] 85a7b8f9-725b-4e35-a4e6-7c42f49f7473: 116 arrays, 0.3 MB stored; 1.7 s; peak memory 604 MiB.
2026-10-10T17:52:10Z INFO [846/1000] 85a7dd3a-f4a9-4f96-a6e1-316478806d66: 117 arrays, 0.2 MB stored; 1.6 s; peak memory 604 MiB.
2026-10-10T17:52:14Z INFO [847/1000] 85a7e8f6-bdbf-4d81-9ccb-1d5e0978a484: 340 arrays, 3.5 MB stored; 4.1 s; peak memory 604 MiB.
2026-10-10T17:52:16Z INFO [848/1000] 85a8078d-f68b-44ed-9654-13ed6fd5815e: 52 arrays, 937.1 MB stored; 1.6 s; peak memory 604 MiB.
2026-10-10T17:52:18Z INFO [849/1000] 85a777e3-cc5f-4ab3-a5a6-baac1766d870: 1075 arrays, 26.3 MB stored; 13.9 s; peak memory 604 MiB.
2026-10-10T17:52:20Z INFO [850/1000] 85a86c0d-1937-46de-93f9-7fc8874e04bb: 275 arrays, 17.1 MB stored; 2.3 s; peak memory 604 MiB.
2026-10-10T17:52:22Z INFO [851/1000] 85a8ff72-a622-492d-a04d-ced310bd53e6: 118 arrays, 0.3 MB stored; 1.8 s; peak memory 604 MiB.
2026-10-10T17:52:22Z INFO [852/1000] 85a82b77-65b5-4401-ad6c-18e0efffb68b: 229 arrays, 266.9 MB stored; 6.3 s; peak memory 604 MiB.
2026-10-10T17:52:23Z INFO [853/1000] 85a9862e-aade-4e7a-9ab1-15da749f74a1: 92 arrays, 8.5 MB stored; 1.5 s; peak memory 604 MiB.
2026-10-10T17:52:24Z INFO [854/1000] 85a9d8cf-2eef-464e-a379-47ca7c63c9e9: 69 arrays, 3.0 MB stored; 2.2 s; peak memory 604 MiB.
2026-10-10T17:52:25Z INFO [855/1000] 85a9e278-7d31-4bd9-ba54-3825183c4852: 70 arrays, 20.6 MB stored; 2.3 s; peak memory 604 MiB.
2026-10-10T17:52:26Z INFO [856/1000] 85aafda2-1d38-4ab0-a56b-32c0d807eccd: 62 arrays, 4763.6 MB stored; 1.9 s; peak memory 604 MiB.
2026-10-10T17:52:28Z INFO [857/1000] 85acbc9a-877d-4db3-84f3-e5b3ee97314a: 118 arrays, 0.3 MB stored; 1.8 s; peak memory 604 MiB.
2026-10-10T17:52:30Z INFO [858/1000] 85aba55b-b11a-4f5b-a074-82d9c2abed34: 276 arrays, 590.7 MB stored; 4.5 s; peak memory 604 MiB.
2026-10-10T17:52:30Z INFO [859/1000] 85adb80d-bf28-49c5-a1e4-7d75dec202d4: 49 arrays, 8.0 MB stored; 2.0 s; peak memory 604 MiB.
2026-10-10T17:52:34Z INFO [860/1000] 85af8206-bb4a-4171-9ece-c26dcaa1c93c: 82 arrays, 6940.4 MB stored; 4.2 s; peak memory 604 MiB.
2026-10-10T17:52:36Z INFO [861/1000] 85af9aa8-8ff8-4ac4-af02-59bc872a6f31: 41 arrays, 8.4 MB stored; 1.4 s; peak memory 604 MiB.
2026-10-10T17:52:36Z INFO [862/1000] 85adf6ad-9bf5-4d4f-a11c-4c65a041e294: 229 arrays, 282.3 MB stored; 6.0 s; peak memory 604 MiB.
2026-10-10T17:52:37Z INFO [863/1000] 85afe285-0175-4753-803d-f9875b96a0f8: 117 arrays, 0.4 MB stored; 1.7 s; peak memory 604 MiB.
2026-10-10T17:52:39Z INFO [864/1000] 85b08ad6-fc40-40ba-b62c-a1239790cc90: 114 arrays, 0.3 MB stored; 1.8 s; peak memory 604 MiB.
2026-10-10T17:52:41Z INFO [865/1000] 85b03930-5d4a-46ee-8419-54cbd596965c: 386 arrays, 3.5 MB stored; 4.8 s; peak memory 604 MiB.
2026-10-10T17:52:41Z INFO [866/1000] 85b0bb6f-afa0-41b7-8f25-2eb590c66535: 117 arrays, 0.3 MB stored; 1.6 s; peak memory 604 MiB.
2026-10-10T17:52:43Z INFO [867/1000] 85b11ae9-cc96-4acc-a3d5-b8ff0489ef88: 112 arrays, 0.2 MB stored; 2.0 s; peak memory 604 MiB.
2026-10-10T17:52:43Z INFO [868/1000] 85b0e001-39d5-4434-8035-51ea8c1dcb2a: 70 arrays, 81.2 MB stored; 2.2 s; peak memory 604 MiB.
2026-10-10T17:52:44Z INFO [869/1000] 85b2606c-1f5f-425f-a99d-63987d4f0a7c: 48 arrays, 83.9 MB stored; 1.6 s; peak memory 604 MiB.
2026-10-10T17:52:45Z INFO [870/1000] 85b34ea6-eade-4697-939e-6140f251fda5: 52 arrays, 10.1 MB stored; 1.7 s; peak memory 604 MiB.
2026-10-10T17:52:46Z INFO [871/1000] 85b3be11-4a5b-4f4c-8ce0-a984b4e4c390: 48 arrays, 83.9 MB stored; 1.4 s; peak memory 604 MiB.
2026-10-10T17:52:48Z INFO [872/1000] 85b41ee8-4600-4d36-b284-319db187944c: 66 arrays, 98.7 MB stored; 2.0 s; peak memory 604 MiB.
2026-10-10T17:52:50Z INFO [873/1000] 85b45794-9c09-4317-ac85-eaa9b685af25: 48 arrays, 83.9 MB stored; 1.6 s; peak memory 604 MiB.
2026-10-10T17:52:52Z INFO [874/1000] 85b4f3e5-43d6-47f9-943b-6fd4f1f2593b: 102 arrays, 14.3 MB stored; 2.8 s; peak memory 604 MiB.
2026-10-10T17:52:54Z INFO [875/1000] 85b542b1-a66c-40bc-92bc-9e8d7cc83c01: 46 arrays, 3.2 MB stored; 1.5 s; peak memory 604 MiB.
2026-10-10T17:52:56Z INFO [876/1000] 85b5461a-1d1c-4fdc-bd32-99c179e887ff: 117 arrays, 0.4 MB stored; 1.7 s; peak memory 604 MiB.
2026-10-10T17:52:57Z INFO [877/1000] 85b54918-66f2-49e2-85b3-af61559dc187: 62 arrays, 4059.2 MB stored; 1.7 s; peak memory 604 MiB.
2026-10-10T17:52:59Z INFO [878/1000] 85b58111-7d2e-475d-b145-fca1e7443806: 48 arrays, 83.9 MB stored; 1.5 s; peak memory 604 MiB.
2026-10-10T17:53:00Z INFO [879/1000] 85b3653a-10f1-4032-ad52-be65ef6dd13d: 36 arrays, 417.9 MB stored; 15.8 s; peak memory 604 MiB.
2026-10-10T17:53:01Z INFO [880/1000] 85b5b636-92d8-4003-93fe-f5ed02ef27d3: 117 arrays, 0.4 MB stored; 1.8 s; peak memory 604 MiB.
2026-10-10T17:53:03Z INFO [881/1000] 85b5ec1c-cc15-483d-bd9b-0879be3354d5: 112 arrays, 0.6 MB stored; 2.1 s; peak memory 604 MiB.
2026-10-10T17:53:03Z INFO [882/1000] 85b5b819-a415-4184-9a79-ea43e833a5aa: 118 arrays, 25.4 MB stored; 2.8 s; peak memory 604 MiB.
2026-10-10T17:53:05Z INFO [883/1000] 85b670bb-6f28-4bc7-b950-df842d5f462e: 52 arrays, 12.3 MB stored; 1.6 s; peak memory 604 MiB.
2026-10-10T17:53:05Z INFO [884/1000] 85b66166-bf01-4eae-9b29-acb1f7a80626: 98 arrays, 2.2 MB stored; 2.2 s; peak memory 604 MiB.
2026-10-10T17:53:06Z INFO [885/1000] 85b68ee4-0bfa-401b-8f5a-32f95a3a4473: 37 arrays, 0.0 MB stored; 1.3 s; peak memory 604 MiB.
2026-10-10T17:53:08Z INFO [886/1000] 85b768c8-2143-45ba-94c2-9eaa724b7f47: 117 arrays, 0.2 MB stored; 1.8 s; peak memory 604 MiB.
2026-10-10T17:53:09Z INFO [887/1000] 85b789ac-a33f-4e9a-88c3-3d74703d7486: 68 arrays, 0.0 MB stored; 1.8 s; peak memory 604 MiB.
2026-10-10T17:53:11Z INFO [888/1000] 85b86b69-02e4-4dd8-8f05-e227b565cef2: 111 arrays, 0.6 MB stored; 1.9 s; peak memory 604 MiB.
2026-10-10T17:53:13Z INFO [889/1000] 85b8d0e7-c51d-48b3-abfb-ddddc4646887: 112 arrays, 0.3 MB stored; 1.7 s; peak memory 604 MiB.
2026-10-10T17:53:18Z INFO [890/1000] 859e3115-b281-4db5-a263-db556a99d1b6: 279 arrays, 23286.6 MB stored; 129.6 s; peak memory 604 MiB.
2026-10-10T17:53:21Z INFO [891/1000] 85b914fb-1aa0-41bf-8fce-dffd79aaed17: 112 arrays, 1.1 MB stored; 2.3 s; peak memory 604 MiB.
2026-10-10T17:53:23Z INFO [892/1000] 85b69def-d18b-4be2-a5a0-dbf7aa44ca2e: 48 arrays, 36647.4 MB stored; 18.6 s; peak memory 604 MiB.
2026-10-10T17:53:27Z INFO [893/1000] 85b9f21e-31e9-4314-980d-93b0db29d3e5: 80 arrays, 99.1 MB stored; 3.2 s; peak memory 604 MiB.
2026-10-10T17:53:28Z INFO [894/1000] 85ba0dfb-67fa-4dcc-80ff-c77d9277562d: 48 arrays, 83.9 MB stored; 1.5 s; peak memory 604 MiB.
2026-10-10T17:53:31Z INFO [895/1000] 85bad64c-fe73-458d-b40e-9eede97163a7: 113 arrays, 22.7 MB stored; 2.8 s; peak memory 604 MiB.
2026-10-10T17:53:31Z INFO [896/1000] 85b8dfc3-c61a-40f0-90da-4c5e14f9f6a0: 44 arrays, 297.0 MB stored; 18.3 s; peak memory 604 MiB.
2026-10-10T17:53:33Z INFO [897/1000] 85bb2dbb-dda8-4301-af36-094b70acc4a1: 48 arrays, 83.9 MB stored; 1.5 s; peak memory 604 MiB.
2026-10-10T17:53:33Z INFO [898/1000] 85bb30a2-1c03-4ae0-a761-de8d4f83e6bd: 110 arrays, 0.4 MB stored; 2.0 s; peak memory 604 MiB.
2026-10-10T17:53:35Z INFO [899/1000] 85bb6a7f-3def-4410-9f4d-d0bc51aa095a: 117 arrays, 0.5 MB stored; 1.8 s; peak memory 604 MiB.
2026-10-10T17:53:35Z INFO [900/1000] 85bb5f29-bc8c-4390-ad20-11e29f5ec033: 117 arrays, 11.8 MB stored; 2.7 s; peak memory 604 MiB.
2026-10-10T17:53:37Z INFO [901/1000] 85bb9fe1-0196-40f3-a429-2ed236e7ef5a: 31 arrays, 0.0 MB stored; 1.3 s; peak memory 604 MiB.
2026-10-10T17:53:39Z INFO [902/1000] 85bc8b12-a064-44bc-81e2-a4ef6fe3cc56: 78 arrays, 709.1 MB stored; 2.3 s; peak memory 604 MiB.
2026-10-10T17:53:40Z INFO [903/1000] 85bcb671-d8a1-465e-8c23-15ae8bc686f0: 48 arrays, 83.9 MB stored; 1.5 s; peak memory 604 MiB.
2026-10-10T17:53:42Z INFO [904/1000] 85bb905b-ca97-43c3-9581-89e564179d37: 196 arrays, 656.3 MB stored; 6.9 s; peak memory 604 MiB.
2026-10-10T17:53:44Z INFO [905/1000] 85bf3794-a1fc-4434-8466-6b5c2344f974: 118 arrays, 0.5 MB stored; 1.8 s; peak memory 604 MiB.
2026-10-10T17:53:45Z INFO [906/1000] 85bf9b10-0471-4811-82cd-1c224f0906ad: 116 arrays, 0.5 MB stored; 1.7 s; peak memory 604 MiB.
2026-10-10T17:53:48Z INFO [907/1000] 85c01b38-df5f-4304-b07a-24acd989d26d: 112 arrays, 0.8 MB stored; 2.2 s; peak memory 604 MiB.
2026-10-10T17:53:49Z INFO [908/1000] 85c0bde1-a523-4d27-8097-41c4c17cee11: 48 arrays, 83.9 MB stored; 1.5 s; peak memory 604 MiB.
2026-10-10T17:53:51Z INFO [909/1000] 85964eac-c82b-463a-8e79-275935cd1d65: 273 arrays, 40364.5 MB stored; 212.0 s; peak memory 604 MiB.
2026-10-10T17:53:51Z INFO [910/1000] 85bddaec-f4a3-40cb-a8a6-3840302be62a: 984 arrays, 27.6 MB stored; 11.1 s; peak memory 604 MiB.
2026-10-10T17:53:53Z INFO [911/1000] 85c1315b-98f2-4958-985e-f7c25ff77bc6: 48 arrays, 83.9 MB stored; 1.6 s; peak memory 604 MiB.
2026-10-10T17:53:53Z INFO [912/1000] 85c185e2-6a19-447d-8963-fc603f55ab3c: 48 arrays, 83.9 MB stored; 1.5 s; peak memory 604 MiB.
2026-10-10T17:54:02Z INFO [913/1000] 85c1ec54-57b5-4c4d-a4d3-f058f1e079f3: 11477 arrays, 130.2 MB stored; 9.7 s; peak memory 604 MiB.
2026-10-10T17:54:03Z INFO [914/1000] 8598ca03-fdaf-4869-8829-b9d755220d06: 472 arrays, 43616.8 MB stored; 220.8 s; peak memory 604 MiB.
2026-10-10T17:54:04Z INFO [915/1000] 85c2100b-05af-489d-812c-18d8498ca0f7: 1050 arrays, 29.8 MB stored; 10.6 s; peak memory 604 MiB.
2026-10-10T17:54:04Z INFO [916/1000] 85c2c3c1-cc53-412f-997a-ac7a78140140: 117 arrays, 0.3 MB stored; 1.7 s; peak memory 604 MiB.
2026-10-10T17:54:04Z INFO [917/1000] 85c11f40-829d-4b93-8225-79f2dd891709: 1575 arrays, 33.5 MB stored; 15.4 s; peak memory 604 MiB.
2026-10-10T17:54:04Z INFO [918/1000] 85c2c9b1-1729-414e-ad25-9a7dd955cec4: 142 arrays, 1.4 MB stored; 1.8 s; peak memory 604 MiB.
2026-10-10T17:54:05Z INFO [919/1000] 85c2d9b0-e181-4546-b62b-4af7cbe14bb1: 46 arrays, 0.3 MB stored; 1.5 s; peak memory 604 MiB.
2026-10-10T17:54:05Z INFO [920/1000] 85c2e42c-6645-4776-81b2-cfce692d7905: 48 arrays, 83.9 MB stored; 1.5 s; peak memory 604 MiB.
2026-10-10T17:54:06Z INFO [921/1000] 85c4e12d-14de-4c79-943b-5f8e336b9fd1: 46 arrays, 0.3 MB stored; 1.5 s; peak memory 604 MiB.
2026-10-10T17:54:07Z INFO [922/1000] 85c397e8-563b-4516-89c7-12c51944e593: 66 arrays, 118.1 MB stored; 2.2 s; peak memory 604 MiB.
2026-10-10T17:54:07Z INFO [923/1000] 85c36f6c-8f17-4d03-8fc4-f4bac8ead4d3: 71 arrays, 209.5 MB stored; 2.5 s; peak memory 604 MiB.
2026-10-10T17:54:08Z INFO [924/1000] 85c5d8dd-cfc9-4ce3-bbf6-07dc73a3bf09: 48 arrays, 83.9 MB stored; 1.6 s; peak memory 604 MiB.
2026-10-10T17:54:08Z INFO [925/1000] 85c63b12-5716-4335-bd33-7f82f1ae8a5e: 48 arrays, 83.9 MB stored; 1.5 s; peak memory 604 MiB.
2026-10-10T17:54:08Z INFO [926/1000] 85c64476-f7f9-4247-814b-f464ec3bf7d9: 48 arrays, 83.9 MB stored; 1.5 s; peak memory 604 MiB.
2026-10-10T17:54:10Z INFO [927/1000] 85c66b01-e894-4680-b4e8-f96e774537b3: 79 arrays, 2.2 MB stored; 1.9 s; peak memory 604 MiB.
2026-10-10T17:54:10Z INFO [928/1000] 85c727ad-023a-46be-86b6-b5efb7c222b9: 117 arrays, 0.2 MB stored; 1.9 s; peak memory 604 MiB.
2026-10-10T17:54:11Z INFO [929/1000] 85c70df9-6beb-47a1-ab32-5258276e01c5: 38 arrays, 34.1 MB stored; 2.9 s; peak memory 604 MiB.
2026-10-10T17:54:12Z INFO [930/1000] 85c7ef6e-ea2b-4ae8-b595-4ac9b47a9a22: 46 arrays, 0.4 MB stored; 1.5 s; peak memory 604 MiB.
2026-10-10T17:54:13Z INFO [931/1000] 85c9c2b8-ebf3-4e67-8c8b-d06e52454679: 112 arrays, 0.8 MB stored; 2.2 s; peak memory 604 MiB.
2026-10-10T17:54:13Z INFO [932/1000] 85c53700-4bbb-49f3-8332-80c67b771d94: 266 arrays, 1146.6 MB stored; 7.9 s; peak memory 604 MiB.
2026-10-10T17:54:14Z INFO [933/1000] 85c8242e-a6fa-4c88-9693-55a8a5836cfc: 53 arrays, 149.4 MB stored; 4.0 s; peak memory 604 MiB.
2026-10-10T17:54:16Z INFO [934/1000] 85caa69d-98db-4c83-8e90-86e27f448377: 69 arrays, 2.7 MB stored; 2.3 s; peak memory 604 MiB.
2026-10-10T17:54:16Z INFO [935/1000] 85cab7c8-dbcf-4d7f-aef6-7b0d991db92a: 72 arrays, 0.5 MB stored; 1.8 s; peak memory 604 MiB.
2026-10-10T17:54:18Z INFO [936/1000] 85cb6573-1cb7-46fc-8704-06aa06c8d664: 48 arrays, 83.9 MB stored; 1.5 s; peak memory 604 MiB.
2026-10-10T17:54:18Z INFO [937/1000] 85cb2cbc-8170-408e-a9ee-44e2123636d0: 69 arrays, 178.0 MB stored; 2.2 s; peak memory 604 MiB.
2026-10-10T17:54:19Z INFO [938/1000] 85cc7d9d-31f2-42eb-ae99-506bc077e2ba: 47 arrays, 0.2 MB stored; 1.4 s; peak memory 604 MiB.
2026-10-10T17:54:20Z INFO [939/1000] 85cc7207-e2e4-49cc-8d1a-53088b1996cb: 71 arrays, 43.0 MB stored; 2.3 s; peak memory 604 MiB.
2026-10-10T17:54:21Z INFO [940/1000] 85cc9603-c943-4112-97b5-e3fd99b11285: 45 arrays, 0.0 MB stored; 1.3 s; peak memory 604 MiB.
2026-10-10T17:54:22Z INFO [941/1000] 85cd7f84-544b-4fa4-878b-2a08f3b174dc: 110 arrays, 1.1 MB stored; 2.2 s; peak memory 604 MiB.
2026-10-10T17:54:23Z INFO [942/1000] 859cec69-18d5-42be-a8dc-bf01a60457a9: 472 arrays, 43561.9 MB stored; 217.5 s; peak memory 604 MiB.
2026-10-10T17:54:24Z INFO [943/1000] 85ce4565-660e-4ed3-aee8-fce0a1d46cdb: 46 arrays, 0.0 MB stored; 1.3 s; peak memory 604 MiB.
2026-10-10T17:54:25Z INFO [944/1000] 85cdf648-b843-4be5-b7f0-dea9dd3a2172: 131 arrays, 1.0 MB stored; 2.4 s; peak memory 604 MiB.
2026-10-10T17:54:25Z INFO [945/1000] 85c9fc69-bdbb-4603-89ea-453aefea66ba: 975 arrays, 42.9 MB stored; 13.3 s; peak memory 604 MiB.
2026-10-10T17:54:26Z INFO [946/1000] 85cf510b-9479-4b0e-9133-83bc0d0df1d7: 51 arrays, 0.0 MB stored; 1.3 s; peak memory 604 MiB.
2026-10-10T17:54:26Z INFO [947/1000] 85cefe44-f70f-4c40-a0ae-a6826af60b5a: 48 arrays, 83.9 MB stored; 1.5 s; peak memory 604 MiB.
2026-10-10T17:54:26Z INFO [948/1000] 85ca7603-96e7-4404-ad7a-c24fafc06321: 955 arrays, 40.0 MB stored; 13.0 s; peak memory 604 MiB.
2026-10-10T17:54:28Z INFO [949/1000] 85cfe7cd-7f9f-4716-bbe6-33f7d120c35a: 41 arrays, 8.4 MB stored; 1.5 s; peak memory 604 MiB.
2026-10-10T17:54:28Z INFO [950/1000] 85cfdcc8-a377-4a3a-9599-a782225cd810: 48 arrays, 83.9 MB stored; 1.7 s; peak memory 604 MiB.
2026-10-10T17:54:29Z INFO [951/1000] 85d0058c-7b76-48b1-a23c-7c3f52b7ea42: 68 arrays, 0.1 MB stored; 1.7 s; peak memory 604 MiB.
2026-10-10T17:54:30Z INFO [952/1000] 85ce80eb-0cbb-4fcf-a774-d423e2425d2d: 536 arrays, 6.2 MB stored; 5.2 s; peak memory 604 MiB.
2026-10-10T17:54:30Z INFO [953/1000] 85d02b33-8c31-4f0c-b613-902aab1cb315: 117 arrays, 0.2 MB stored; 1.9 s; peak memory 604 MiB.
2026-10-10T17:54:31Z INFO [954/1000] 85d0fb7a-cc95-435b-bca7-e54122713f1a: 46 arrays, 0.0 MB stored; 1.3 s; peak memory 604 MiB.
2026-10-10T17:54:31Z INFO [955/1000] 85d18a8a-0ae3-4d5c-8404-9ed2eb1cc982: 52 arrays, 0.0 MB stored; 1.4 s; peak memory 604 MiB.
2026-10-10T17:54:31Z INFO [956/1000] 85cfc2f7-0fd0-4d3d-a4c4-cc471f9fd834: 233 arrays, 33.6 MB stored; 5.2 s; peak memory 604 MiB.
2026-10-10T17:54:32Z INFO [957/1000] 85d13d14-a001-4b93-a1f0-a4a1af4400e1: 68 arrays, 0.3 MB stored; 1.9 s; peak memory 604 MiB.
2026-10-10T17:54:33Z INFO [958/1000] 85d1ddaf-7210-40be-a950-f2b5253dd30b: 41 arrays, 8.4 MB stored; 1.6 s; peak memory 604 MiB.
2026-10-10T17:54:33Z INFO [959/1000] 85d1be51-a0f2-4736-b86a-c10ec76bd234: 118 arrays, 0.6 MB stored; 2.1 s; peak memory 604 MiB.
2026-10-10T17:54:34Z INFO [960/1000] 85d1fa53-e106-4974-9da1-5732ab942b71: 119 arrays, 66.4 MB stored; 2.7 s; peak memory 604 MiB.
2026-10-10T17:54:35Z INFO [961/1000] 85d22dce-8622-48f3-863d-04fe1e956231: 117 arrays, 0.3 MB stored; 1.7 s; peak memory 604 MiB.
2026-10-10T17:54:36Z INFO [962/1000] 85d26940-f26c-4590-979c-c06bd5fb898d: 48 arrays, 83.9 MB stored; 1.5 s; peak memory 604 MiB.
2026-10-10T17:54:36Z INFO [963/1000] 85d25ca1-df3f-476e-818e-a1d7c19f5f5a: 118 arrays, 66.1 MB stored; 2.5 s; peak memory 604 MiB.
2026-10-10T17:54:36Z INFO [964/1000] 85d2818b-9720-4a93-a980-ddb4bd60af0a: 38 arrays, 0.5 MB stored; 1.5 s; peak memory 604 MiB.
2026-10-10T17:54:38Z INFO [965/1000] 85d304ac-66e8-4c31-9393-fb2776c2e813: 46 arrays, 12.6 MB stored; 1.7 s; peak memory 604 MiB.
2026-10-10T17:54:38Z INFO [966/1000] 85d39cd8-4318-464e-a4bf-ff8ea1edaa93: 112 arrays, 0.4 MB stored; 2.1 s; peak memory 604 MiB.
2026-10-10T17:54:40Z INFO [967/1000] 85d3ed2a-154f-420f-9c71-36d2ad137e01: 66 arrays, 14.3 MB stored; 2.1 s; peak memory 604 MiB.
2026-10-10T17:54:40Z INFO [968/1000] 85d46926-3396-4fac-bba8-af4a0acffcd8: 48 arrays, 83.9 MB stored; 1.5 s; peak memory 604 MiB.
2026-10-10T17:54:41Z INFO [969/1000] 85d61497-44f7-458c-a348-53444bc88273: 48 arrays, 83.9 MB stored; 1.6 s; peak memory 604 MiB.
2026-10-10T17:54:42Z INFO [970/1000] 85d60919-0250-47d2-9ff8-37936d1c9d9b: 110 arrays, 0.7 MB stored; 2.1 s; peak memory 604 MiB.
2026-10-10T17:54:42Z INFO [971/1000] 85d198f4-083a-4e74-bff1-43f4f62942be: 11485 arrays, 191.5 MB stored; 11.2 s; peak memory 604 MiB.
2026-10-10T17:54:44Z INFO [972/1000] 85d6b8c9-29e9-4cb7-847d-67b7d505240d: 71 arrays, 35.7 MB stored; 2.1 s; peak memory 604 MiB.
2026-10-10T17:54:45Z INFO [973/1000] 85d6537f-0b99-4f93-ac07-e82354b628a6: 114 arrays, 186.8 MB stored; 3.6 s; peak memory 604 MiB.
2026-10-10T17:54:46Z INFO [974/1000] 85d733f9-fdf1-4b87-bf08-70382f4ba111: 48 arrays, 83.9 MB stored; 1.4 s; peak memory 604 MiB.
2026-10-10T17:54:46Z INFO [975/1000] 85d711e6-acda-4fdf-aac4-5e989f217720: 158 arrays, 1.2 MB stored; 2.6 s; peak memory 604 MiB.
2026-10-10T17:54:48Z INFO [976/1000] 85d784c0-479b-4cad-b063-4ea3e476e286: 48 arrays, 83.9 MB stored; 1.6 s; peak memory 604 MiB.
2026-10-10T17:54:48Z INFO [977/1000] 85d6f1b0-5648-4ccf-8086-bc34b3b9bacd: 229 arrays, 338.5 MB stored; 6.3 s; peak memory 604 MiB.
2026-10-10T17:54:50Z INFO [978/1000] 85d7f5b4-58c6-4517-a615-1df5fdfecda9: 93 arrays, 1131.1 MB stored; 3.2 s; peak memory 604 MiB.
2026-10-10T17:54:50Z INFO [979/1000] 85d80bcf-d26a-401f-9563-43c252bf41bb: 112 arrays, 0.8 MB stored; 2.1 s; peak memory 604 MiB.
2026-10-10T17:54:50Z INFO [980/1000] 85d81356-1c48-4b0a-81e5-6ddee502c526: 69 arrays, 53.7 MB stored; 2.1 s; peak memory 604 MiB.
2026-10-10T17:54:51Z INFO [981/1000] 85d861ad-bb45-4770-9d96-cb7f4ea3732b: 35 arrays, 0.0 MB stored; 1.2 s; peak memory 604 MiB.
2026-10-10T17:54:51Z INFO [982/1000] 85d28a27-e093-4af6-9a26-93980d11b662: 976 arrays, 34.0 MB stored; 15.3 s; peak memory 604 MiB.
2026-10-10T17:54:51Z INFO [983/1000] 85d841d9-74de-46e7-b6be-e272adec5dbc: 48 arrays, 83.9 MB stored; 1.5 s; peak memory 604 MiB.
2026-10-10T17:54:52Z INFO [984/1000] 85d898e1-6323-465c-8f9d-27624ad42530: 48 arrays, 83.9 MB stored; 1.5 s; peak memory 604 MiB.
2026-10-10T17:54:53Z INFO [985/1000] 85d9238b-677e-4a8f-b747-7de9e643db1b: 48 arrays, 83.9 MB stored; 1.4 s; peak memory 604 MiB.
2026-10-10T17:54:53Z INFO [986/1000] 85cdbd1e-95f6-4a18-aeb8-92c2b90fc39d: 2545 arrays, 75.3 MB stored; 32.9 s; peak memory 604 MiB.
2026-10-10T17:54:54Z INFO [987/1000] 85d90684-ee91-43ac-899a-72b3dc3cc2ee: 53 arrays, 615.0 MB stored; 3.1 s; peak memory 604 MiB.
2026-10-10T17:54:54Z INFO [988/1000] 85d8a970-c0d9-412b-8e72-a82a1df90423: 115 arrays, 190.1 MB stored; 3.2 s; peak memory 604 MiB.
2026-10-10T17:54:55Z INFO [989/1000] 85d96f98-5527-4a95-a0a8-e457abcbc794: 116 arrays, 0.2 MB stored; 1.9 s; peak memory 604 MiB.
2026-10-10T17:54:55Z INFO [990/1000] 85d98dc1-bf46-4242-9740-79757f6c93f0: 62 arrays, 46.5 MB stored; 2.0 s; peak memory 604 MiB.
2026-10-10T17:54:57Z INFO [991/1000] 85daf77d-fa9e-4d08-8af5-5c614a1a50c8: 48 arrays, 83.9 MB stored; 1.5 s; peak memory 604 MiB.
2026-10-10T17:54:57Z INFO [992/1000] 85db1738-b537-453d-a89b-43ce3731df4b: 46 arrays, 0.3 MB stored; 1.5 s; peak memory 604 MiB.
2026-10-10T17:54:58Z INFO [993/1000] 85db2f53-9458-480a-bfda-916f3cda5e7a: 48 arrays, 83.9 MB stored; 1.5 s; peak memory 604 MiB.
2026-10-10T17:54:58Z INFO [994/1000] 85dc8ef9-204c-4392-a4dd-a962511445c7: 48 arrays, 83.9 MB stored; 1.4 s; peak memory 604 MiB.
2026-10-10T17:55:01Z INFO [995/1000] 85da7fde-0d78-4b7a-9233-899cfda6332f: 305 arrays, 46.2 MB stored; 6.4 s; peak memory 604 MiB.
2026-10-10T17:55:04Z INFO [996/1000] 85d90110-7e5b-4872-83d9-8e2136fa62b9: 1121 arrays, 26.2 MB stored; 13.3 s; peak memory 604 MiB.
2026-10-10T17:55:07Z INFO [997/1000] 85d9bfe3-cde8-4a5c-82dc-b503e55af6ab: 1492 arrays, 12.6 MB stored; 12.9 s; peak memory 604 MiB.
2026-10-10T17:55:20Z INFO [998/1000] 85b91914-7849-449b-a4a7-9e3f5c8127f6: 7377 arrays, 1934.8 MB stored; 119.1 s; peak memory 604 MiB.
2026-10-10T17:56:45Z INFO [999/1000] 857dad31-4fd6-4691-8549-ed52fa0b7691: 1088 arrays, 7055.8 MB stored; 441.5 s; peak memory 604 MiB.
2026-10-10T18:00:08Z WARNING 84baa5e7-50cc-499d-8d0e-03bd2f7d1c01: failed while reading the NWB file (TimeoutError: exceeded 1200 s)
2026-10-10T18:00:08Z WARNING [1000/1000] 84baa5e7-50cc-499d-8d0e-03bd2f7d1c01: recorded the failure; a later run retries it.
2026-10-10T18:00:11Z INFO [1000/1000] 84baa5e7-50cc-499d-8d0e-03bd2f7d1c01: checkpointed 1000 new records.
2026-10-10T18:00:11Z INFO Wrote 89200 records to /tmp/derivatives/valid_nwb_file_to_array_sizes.jsonl (999 new, 1 failed) in 23.7 min (peak memory 699 MiB).
