2026-10-09T16:34:30Z INFO Logging to /tmp/logs/update_2026-10-09T16-34-30Z.log.
2026-10-09T16:34:30Z INFO Update valid-nwb-file-to-array-sizes (base directory /tmp).
2026-10-09T16:34:56Z INFO Processing 1000 items (45200 already recorded).
2026-10-09T16:34:58Z INFO [1/1000] 43a13f86-23d5-4a89-bfc5-67f1c16b7932: 56 arrays, 0.0 MB stored; 1.9 s; peak memory 153 MiB.
2026-10-09T16:34:58Z INFO [2/1000] 43a11c66-d964-4695-b498-1432a8b225bb: 48 arrays, 83.9 MB stored; 2.1 s; peak memory 153 MiB.
2026-10-09T16:34:58Z INFO [3/1000] 43a1598f-214d-41c6-bb16-eefcc9a3b138: 62 arrays, 2999.8 MB stored; 2.5 s; peak memory 153 MiB.
2026-10-09T16:34:59Z INFO [4/1000] 43a35714-ee17-422d-bcc8-e5055d364adb: 118 arrays, 51.1 MB stored; 2.7 s; peak memory 153 MiB.
2026-10-09T16:35:00Z INFO [5/1000] 43a4c971-6348-4d05-8af6-f2d91c1c5c2b: 48 arrays, 83.9 MB stored; 1.2 s; peak memory 153 MiB.
2026-10-09T16:35:00Z INFO [6/1000] 43a3e442-b3b4-41dd-9d5c-c1ae8688b956: 112 arrays, 0.8 MB stored; 1.7 s; peak memory 153 MiB.
2026-10-09T16:35:00Z INFO [7/1000] 43a4f87d-9e53-43d5-b0e4-66062c1442a0: 112 arrays, 0.5 MB stored; 1.5 s; peak memory 153 MiB.
2026-10-09T16:35:01Z INFO [8/1000] 43a2b205-af29-428e-9df1-2ef8f6dc7e5e: 424 arrays, 4.8 MB stored; 4.7 s; peak memory 153 MiB.
2026-10-09T16:35:01Z INFO [9/1000] 43a51773-ef35-47c4-bbc3-42a9556cc942: 48 arrays, 83.9 MB stored; 1.2 s; peak memory 153 MiB.
2026-10-09T16:35:01Z INFO [10/1000] 43a61648-a554-4013-9399-2ccfff86ed4d: 48 arrays, 83.9 MB stored; 1.3 s; peak memory 153 MiB.
2026-10-09T16:35:02Z INFO [11/1000] 43a61ea8-efcb-412b-b363-9c442149cc6d: 69 arrays, 0.8 MB stored; 1.3 s; peak memory 153 MiB.
2026-10-09T16:35:02Z INFO [12/1000] 43a68409-e847-42ac-a33d-78cd098a9d49: 52 arrays, 0.7 MB stored; 1.2 s; peak memory 153 MiB.
2026-10-09T16:35:02Z INFO [13/1000] 43a3a140-3312-4227-ba0a-4fce76e558fe: 38 arrays, 179.4 MB stored; 6.2 s; peak memory 153 MiB.
2026-10-09T16:35:03Z INFO [14/1000] 43a69fe5-ddb5-4518-8fd9-87d86079db8d: 48 arrays, 83.9 MB stored; 1.3 s; peak memory 153 MiB.
2026-10-09T16:35:03Z INFO [15/1000] 43a3c08a-2862-41e4-9994-bbffaa149496: 538 arrays, 8.7 MB stored; 5.3 s; peak memory 153 MiB.
2026-10-09T16:35:03Z INFO [16/1000] 43a68ad3-8a4f-44ae-b334-97a7b7d72611: 133 arrays, 258.4 MB stored; 2.4 s; peak memory 153 MiB.
2026-10-09T16:35:03Z INFO [17/1000] 43a70161-bb34-4933-bfa1-331c427813c8: 118 arrays, 0.5 MB stored; 1.4 s; peak memory 153 MiB.
2026-10-09T16:35:04Z INFO [18/1000] 43a70dac-6dcb-4e97-b6cf-1801828511a6: 71 arrays, 48.8 MB stored; 1.6 s; peak memory 153 MiB.
2026-10-09T16:35:04Z INFO [19/1000] 43a80990-99d4-41b0-9a4a-f7334af3af29: 49 arrays, 1.1 MB stored; 1.3 s; peak memory 153 MiB.
2026-10-09T16:35:04Z INFO [20/1000] 43a8c7bc-af9b-4fa6-abdd-bd0a5c8452d2: 56 arrays, 0.0 MB stored; 1.1 s; peak memory 153 MiB.
2026-10-09T16:35:05Z INFO [21/1000] 43a8b5f5-0c82-4747-945f-197b4a452669: 48 arrays, 83.9 MB stored; 1.4 s; peak memory 153 MiB.
2026-10-09T16:35:05Z INFO [22/1000] 43a9175f-0070-4cb1-ad9f-252bb0d4267a: 48 arrays, 83.9 MB stored; 1.3 s; peak memory 153 MiB.
2026-10-09T16:35:05Z INFO [23/1000] 43a28a78-3a63-4f0c-963d-a0e8dbd77741: 371 arrays, 289.8 MB stored; 9.3 s; peak memory 153 MiB.
2026-10-09T16:35:06Z INFO [24/1000] 43aad955-2c21-49d6-99a8-b648d1befd0a: 44 arrays, 29.4 MB stored; 1.3 s; peak memory 153 MiB.
2026-10-09T16:35:06Z INFO [25/1000] 43aae4c0-25a1-4592-b680-caf4a2640d32: 46 arrays, 0.2 MB stored; 1.0 s; peak memory 153 MiB.
2026-10-09T16:35:06Z INFO [26/1000] 43ab2810-919c-4692-b671-c6b736392d80: 45 arrays, 0.0 MB stored; 1.0 s; peak memory 153 MiB.
2026-10-09T16:35:07Z INFO [27/1000] 43a8c799-b6c0-4d9d-a9ec-4622ec06809f: 85 arrays, 1596.1 MB stored; 3.3 s; peak memory 153 MiB.
2026-10-09T16:35:08Z INFO [28/1000] 43a937fd-9aa9-4047-bd82-33d837772f8a: 420 arrays, 4.8 MB stored; 3.5 s; peak memory 153 MiB.
2026-10-09T16:35:08Z INFO [29/1000] 43ac3d37-c969-4e67-bec9-f51af1af865e: 116 arrays, 0.4 MB stored; 1.2 s; peak memory 153 MiB.
2026-10-09T16:35:08Z INFO [30/1000] 43abd9c4-13fc-4b83-a4c0-ebe56473ab49: 118 arrays, 31.9 MB stored; 2.1 s; peak memory 153 MiB.
2026-10-09T16:35:08Z INFO [31/1000] 43aa3281-f583-436a-ae13-f37cb6e82134: 287 arrays, 39.5 MB stored; 3.9 s; peak memory 153 MiB.
2026-10-09T16:35:08Z INFO [32/1000] 43ac476c-591d-42be-9857-04658515f9c3: 101 arrays, 18.3 MB stored; 1.7 s; peak memory 153 MiB.
2026-10-09T16:35:09Z INFO [33/1000] 43ab5c4e-fb0c-4724-843b-3193d4bf5cbb: 156 arrays, 193.4 MB stored; 2.8 s; peak memory 153 MiB.
2026-10-09T16:35:09Z INFO [34/1000] 43acbeec-876d-4e44-8aff-c310a44e685d: 118 arrays, 0.4 MB stored; 1.3 s; peak memory 153 MiB.
2026-10-09T16:35:09Z INFO [35/1000] 43ad1821-eb8a-4206-897e-655862d92012: 48 arrays, 83.9 MB stored; 1.3 s; peak memory 153 MiB.
2026-10-09T16:35:09Z INFO [36/1000] 43ad551c-054d-4b89-9363-1793e356fc7e: 84 arrays, 0.1 MB stored; 1.3 s; peak memory 153 MiB.
2026-10-09T16:35:10Z INFO [37/1000] 43ad8d98-f9c0-49aa-9ebc-1ecaf9f44cfd: 46 arrays, 0.1 MB stored; 1.2 s; peak memory 153 MiB.
2026-10-09T16:35:10Z INFO [38/1000] 43add4f9-3e83-4770-9eb7-a2e273064d35: 56 arrays, 0.0 MB stored; 1.3 s; peak memory 153 MiB.
2026-10-09T16:35:11Z INFO [39/1000] 43aea1c1-fd89-4025-9f60-e172f6aa96ce: 116 arrays, 0.3 MB stored; 1.3 s; peak memory 153 MiB.
2026-10-09T16:35:11Z INFO [40/1000] 43addd0b-0674-4137-8eaa-9df790dee1ce: 143 arrays, 0.7 MB stored; 2.2 s; peak memory 153 MiB.
2026-10-09T16:35:11Z INFO [41/1000] 43ae4d26-a0ff-4435-ad2b-bf98ef91e7f8: 115 arrays, 190.1 MB stored; 2.5 s; peak memory 153 MiB.
2026-10-09T16:35:12Z INFO [42/1000] 43b1d9d5-7c69-4805-b930-d325b88671ee: 38 arrays, 0.5 MB stored; 1.1 s; peak memory 153 MiB.
2026-10-09T16:35:12Z INFO [43/1000] 43ada8af-4bde-468a-8466-20d2c9ed099c: 569 arrays, 6.3 MB stored; 4.0 s; peak memory 153 MiB.
2026-10-09T16:35:13Z INFO [44/1000] 43aed808-9daf-46b0-add1-efb5c84d0ea7: 224 arrays, 31.8 MB stored; 3.3 s; peak memory 153 MiB.
2026-10-09T16:35:13Z INFO [45/1000] 43b21aef-5d7f-4816-a494-0a1b4ae7523c: 70 arrays, 21.7 MB stored; 1.6 s; peak memory 153 MiB.
2026-10-09T16:35:13Z INFO [46/1000] 43b2392d-e9e6-4fb5-8564-e4c74fc61b4b: 46 arrays, 0.1 MB stored; 1.0 s; peak memory 153 MiB.
2026-10-09T16:35:14Z INFO [47/1000] 43b25e6d-5107-4315-bdce-075166dc0786: 66 arrays, 97.9 MB stored; 1.7 s; peak memory 153 MiB.
2026-10-09T16:35:14Z INFO [48/1000] 43b2861f-73f3-4083-860b-b1b130b05689: 118 arrays, 0.4 MB stored; 1.5 s; peak memory 153 MiB.
2026-10-09T16:35:15Z INFO [49/1000] 43b3830d-8b1d-4a60-8f9f-66062bc34e0e: 45 arrays, 0.0 MB stored; 1.0 s; peak memory 153 MiB.
2026-10-09T16:35:16Z INFO [50/1000] 43b3ed3b-940f-4e20-9445-35a0266e81ac: 72 arrays, 0.0 MB stored; 1.3 s; peak memory 153 MiB.
2026-10-09T16:35:17Z INFO [51/1000] 43b50989-7db6-45d1-a0c4-9c6feecd3a8a: 55 arrays, 0.0 MB stored; 0.9 s; peak memory 153 MiB.
2026-10-09T16:35:17Z INFO [52/1000] 43b43100-bd8d-423f-9763-48b12fcfceb5: 118 arrays, 0.3 MB stored; 1.3 s; peak memory 153 MiB.
2026-10-09T16:35:18Z INFO [53/1000] 43af9bf5-eea8-471e-b68d-d8569935dd1d: 1102 arrays, 31.0 MB stored; 6.9 s; peak memory 153 MiB.
2026-10-09T16:35:19Z INFO [54/1000] 43b67f13-f765-4d3a-8efd-276d548b65df: 71 arrays, 41.6 MB stored; 1.7 s; peak memory 153 MiB.
2026-10-09T16:35:19Z INFO [55/1000] 43b690ec-9330-40c3-ba77-6afb54998c62: 33 arrays, 0.0 MB stored; 1.0 s; peak memory 153 MiB.
2026-10-09T16:35:19Z INFO [56/1000] 43b616ee-77a9-4f8c-b8f5-c29bdffa8af1: 90 arrays, 225.8 MB stored; 2.5 s; peak memory 153 MiB.
2026-10-09T16:35:20Z INFO [57/1000] 43b7167a-85e4-48ce-bcb8-18aab7d99329: 101 arrays, 13.5 MB stored; 1.6 s; peak memory 153 MiB.
2026-10-09T16:35:21Z INFO [58/1000] 43b72447-d21d-490d-b1e2-5d90595acf76: 119 arrays, 67.5 MB stored; 2.2 s; peak memory 153 MiB.
2026-10-09T16:35:21Z INFO [59/1000] 43b725dd-17f3-4580-87e7-1cf63a022777: 66 arrays, 103.5 MB stored; 1.6 s; peak memory 153 MiB.
2026-10-09T16:35:21Z INFO [60/1000] 43b370dd-0d3c-46f3-be87-9c261780901a: 11477 arrays, 117.5 MB stored; 8.0 s; peak memory 153 MiB.
2026-10-09T16:35:21Z INFO [61/1000] 43b93e3a-475e-4f3e-aee7-76f6c8a67028: 117 arrays, 0.6 MB stored; 1.3 s; peak memory 153 MiB.
2026-10-09T16:35:22Z INFO [62/1000] 43aefa26-801b-429a-8a8e-8955cd8701da: 985 arrays, 45.1 MB stored; 12.4 s; peak memory 153 MiB.
2026-10-09T16:35:22Z INFO [63/1000] 43b98609-ee03-4ccf-9898-48ba6fc3d23c: 112 arrays, 0.7 MB stored; 1.5 s; peak memory 153 MiB.
2026-10-09T16:35:22Z INFO [64/1000] 43b98cf4-513e-4dd5-b827-306ccaff6977: 117 arrays, 0.2 MB stored; 1.4 s; peak memory 153 MiB.
2026-10-09T16:35:23Z INFO [65/1000] 43b9bca7-a185-49e2-9b71-253dc552e655: 117 arrays, 0.4 MB stored; 1.4 s; peak memory 153 MiB.
2026-10-09T16:35:23Z INFO [66/1000] 43b9c5be-6acf-4046-9eca-cc947195bebf: 112 arrays, 1.0 MB stored; 1.6 s; peak memory 153 MiB.
2026-10-09T16:35:24Z INFO [67/1000] 43b9ed08-177c-439c-9ce5-242f4c8a8aa3: 112 arrays, 0.5 MB stored; 1.7 s; peak memory 153 MiB.
2026-10-09T16:35:24Z INFO [68/1000] 43ba4d6c-fc6a-4cc2-bbc5-f9b6b95c261b: 118 arrays, 0.4 MB stored; 1.4 s; peak memory 153 MiB.
2026-10-09T16:35:25Z INFO [69/1000] 43ba5b32-59e4-4f41-bb1c-fa5c9da75fe4: 66 arrays, 56.5 MB stored; 1.5 s; peak memory 153 MiB.
2026-10-09T16:35:25Z INFO [70/1000] 43ba6c50-d03a-4692-a509-e8a8455bc69d: 48 arrays, 83.9 MB stored; 1.2 s; peak memory 153 MiB.
2026-10-09T16:35:25Z INFO [71/1000] 43ba8134-1d91-4dc9-9e2d-5cba3117837b: 48 arrays, 83.9 MB stored; 1.2 s; peak memory 153 MiB.
2026-10-09T16:35:25Z INFO [72/1000] 43ba2088-e17d-4b88-8a15-8ec6e0144e36: 156 arrays, 193.5 MB stored; 3.0 s; peak memory 153 MiB.
2026-10-09T16:35:26Z INFO [73/1000] 43bb65a9-1f33-43d9-913d-e7a58cf53c99: 158 arrays, 0.2 MB stored; 1.5 s; peak memory 153 MiB.
2026-10-09T16:35:27Z INFO [74/1000] 43bcf1e5-58fe-409c-83cf-c84b9543b8db: 117 arrays, 0.3 MB stored; 1.3 s; peak memory 153 MiB.
2026-10-09T16:35:27Z INFO [75/1000] 43bc0b81-0180-4fe0-80d1-f0d2b1e71990: 118 arrays, 0.4 MB stored; 1.5 s; peak memory 153 MiB.
2026-10-09T16:35:27Z INFO [76/1000] 43bd0550-11f1-4064-abcf-96278b925209: 48 arrays, 83.9 MB stored; 1.2 s; peak memory 153 MiB.
2026-10-09T16:35:28Z INFO [77/1000] 43be5ed5-418f-4cef-b86f-9d7d094aaeb1: 57 arrays, 0.0 MB stored; 0.9 s; peak memory 153 MiB.
2026-10-09T16:35:28Z INFO [78/1000] 43b9c699-644c-4282-a29e-3fbf0303dc2f: 572 arrays, 18.6 MB stored; 5.4 s; peak memory 153 MiB.
2026-10-09T16:35:29Z INFO [79/1000] 43bfd247-8f34-49e4-800e-0f4814a3505e: 112 arrays, 0.3 MB stored; 1.2 s; peak memory 153 MiB.
2026-10-09T16:35:29Z INFO [80/1000] 43c01ca2-16fa-4b93-9b63-b35a743a5a83: 48 arrays, 83.9 MB stored; 1.2 s; peak memory 153 MiB.
2026-10-09T16:35:29Z INFO [81/1000] 43bff22f-ce3c-49a5-ab11-352aee564e11: 48 arrays, 83.9 MB stored; 1.4 s; peak memory 153 MiB.
2026-10-09T16:35:29Z INFO [82/1000] 43bc97c2-c8dc-4174-bb9f-7bc1257b66b5: 445 arrays, 5.0 MB stored; 4.1 s; peak memory 153 MiB.
2026-10-09T16:35:30Z INFO [83/1000] 43c0433e-5f4e-46ec-bdda-3a4bec0f275e: 112 arrays, 0.6 MB stored; 1.6 s; peak memory 153 MiB.
2026-10-09T16:35:31Z INFO [84/1000] 43c32474-c7c7-4f9c-87cc-a8e9bb00aa6d: 118 arrays, 0.3 MB stored; 1.3 s; peak memory 153 MiB.
2026-10-09T16:35:31Z INFO [85/1000] 43c2e7fb-1242-4caa-8403-a7beab6eef84: 101 arrays, 14.2 MB stored; 1.6 s; peak memory 153 MiB.
2026-10-09T16:35:31Z INFO [86/1000] 43c29508-d0ee-43fe-bdba-1b71aa3fee6a: 71 arrays, 152.2 MB stored; 2.0 s; peak memory 153 MiB.
2026-10-09T16:35:32Z INFO [87/1000] 43c45ea4-8908-4588-bae4-730a269b7101: 62 arrays, 0.7 MB stored; 1.1 s; peak memory 153 MiB.
2026-10-09T16:35:32Z INFO [88/1000] 43c466e4-fbfd-42e0-ac89-f4cf15e495be: 56 arrays, 0.0 MB stored; 1.1 s; peak memory 153 MiB.
2026-10-09T16:35:32Z INFO [89/1000] 43c3d603-473f-4551-bc16-0431f420c82f: 128 arrays, 3.6 MB stored; 1.9 s; peak memory 153 MiB.
2026-10-09T16:35:33Z INFO [90/1000] 43c5f120-555a-42be-8170-5f3656d8906e: 48 arrays, 83.9 MB stored; 1.3 s; peak memory 153 MiB.
2026-10-09T16:35:33Z INFO [91/1000] 43c59b71-f586-4f89-9969-ee08fa035b8e: 52 arrays, 29.1 MB stored; 1.4 s; peak memory 153 MiB.
2026-10-09T16:35:33Z INFO [92/1000] 43c60a73-b560-4ad4-a6ed-8abb40e0bbbc: 118 arrays, 0.2 MB stored; 1.3 s; peak memory 153 MiB.
2026-10-09T16:35:33Z INFO [93/1000] 43c58764-ab43-4356-a6bc-001aafd64d75: 115 arrays, 190.2 MB stored; 2.6 s; peak memory 153 MiB.
2026-10-09T16:35:34Z INFO [94/1000] 43c6cba9-9103-43aa-a5f0-b30e408a378b: 52 arrays, 0.0 MB stored; 1.2 s; peak memory 153 MiB.
2026-10-09T16:35:34Z INFO [95/1000] 43c6b215-a2a5-4d9e-8037-7168c682342e: 48 arrays, 83.9 MB stored; 1.3 s; peak memory 153 MiB.
2026-10-09T16:35:35Z INFO [96/1000] 43c7c593-0c62-4d9e-99a6-3b9227468ae6: 122 arrays, 0.2 MB stored; 1.2 s; peak memory 153 MiB.
2026-10-09T16:35:35Z INFO [97/1000] 43c744ea-8e54-49b5-b563-8b5fee9fbefd: 118 arrays, 66.2 MB stored; 2.0 s; peak memory 153 MiB.
2026-10-09T16:35:35Z INFO [98/1000] 43c7f908-6cdb-4ba3-9e89-1af5d3991c81: 48 arrays, 83.9 MB stored; 1.1 s; peak memory 153 MiB.
2026-10-09T16:35:36Z INFO [99/1000] 43bd5768-344a-49a4-8456-3bf807b2b638: 446 arrays, 2464.1 MB stored; 9.0 s; peak memory 153 MiB.
2026-10-09T16:35:36Z INFO [100/1000] 43c8109a-beec-4cf2-8a45-bc954621689e: 118 arrays, 51.1 MB stored; 1.8 s; peak memory 153 MiB.
2026-10-09T16:35:37Z INFO [101/1000] 43c8c8ad-9ffd-4226-8b97-ee9c92c4e1c3: 33 arrays, 0.0 MB stored; 1.0 s; peak memory 153 MiB.
2026-10-09T16:35:37Z INFO [102/1000] 43c893c8-92d0-44c4-9809-3ecda456d593: 48 arrays, 83.9 MB stored; 1.3 s; peak memory 153 MiB.
2026-10-09T16:35:37Z INFO [103/1000] 43c84d2b-234f-4cd4-ad81-9e4167cda43b: 71 arrays, 39.7 MB stored; 1.6 s; peak memory 153 MiB.
2026-10-09T16:35:37Z INFO [104/1000] 43c8455d-6dc3-4a44-bb18-f06e2ee18586: 156 arrays, 193.5 MB stored; 2.5 s; peak memory 153 MiB.
2026-10-09T16:35:38Z INFO [105/1000] 43c9c903-29e1-40cb-ac95-e00cf5ec3259: 84 arrays, 0.4 MB stored; 1.5 s; peak memory 153 MiB.
2026-10-09T16:35:38Z INFO [106/1000] 43cb7c6e-3b51-42bc-b4ad-295e899b9722: 48 arrays, 83.9 MB stored; 1.2 s; peak memory 153 MiB.
2026-10-09T16:35:38Z INFO [107/1000] 43cab682-a24d-4022-9269-935021ccc01b: 112 arrays, 0.7 MB stored; 1.6 s; peak memory 153 MiB.
2026-10-09T16:35:38Z INFO [108/1000] 43c91d98-6050-41fa-976f-d3caa6f2c076: 118 arrays, 23.6 MB stored; 2.3 s; peak memory 153 MiB.
2026-10-09T16:35:39Z INFO [109/1000] 43cb84b0-c8a6-4eb0-8073-eaad0fec076a: 48 arrays, 83.9 MB stored; 1.3 s; peak memory 153 MiB.
2026-10-09T16:35:40Z INFO [110/1000] 43cd3ddd-44e8-4233-997a-5cd789123e2e: 112 arrays, 0.4 MB stored; 1.7 s; peak memory 153 MiB.
2026-10-09T16:35:40Z INFO [111/1000] 43ce0e3c-5e20-4bcb-91f0-fea31dfb5c05: 52 arrays, 31.2 MB stored; 1.5 s; peak memory 153 MiB.
2026-10-09T16:35:40Z INFO [112/1000] 43cd8ffe-faa5-4bdb-a6b7-2c81841e987f: 64 arrays, 74.3 MB stored; 2.0 s; peak memory 153 MiB.
2026-10-09T16:35:41Z INFO [113/1000] 43ccc85c-7e7f-4ebe-bffb-0643032bced8: 116 arrays, 187.1 MB stored; 2.6 s; peak memory 153 MiB.
2026-10-09T16:35:42Z INFO [114/1000] 43ce6cae-6d73-4952-8d5c-f440d54d76da: 110 arrays, 1.3 MB stored; 1.7 s; peak memory 153 MiB.
2026-10-09T16:35:42Z INFO [115/1000] 43cf0e06-93e4-4bb7-8120-093a30ed15e7: 112 arrays, 0.8 MB stored; 1.4 s; peak memory 153 MiB.
2026-10-09T16:35:42Z INFO [116/1000] 43ce179a-2e10-4cbe-9560-037d8d0f2283: 116 arrays, 187.2 MB stored; 2.5 s; peak memory 153 MiB.
2026-10-09T16:35:43Z INFO [117/1000] 43cf5462-de2c-40cb-a133-c34f691450bc: 66 arrays, 97.4 MB stored; 1.7 s; peak memory 153 MiB.
2026-10-09T16:35:43Z INFO [118/1000] 43cf89f3-f68b-480a-bdc2-f1724d0b708c: 48 arrays, 83.9 MB stored; 1.4 s; peak memory 153 MiB.
2026-10-09T16:35:45Z INFO [119/1000] 43cf95d9-8cb8-4461-986c-3a5a96df3fbf: 115 arrays, 190.1 MB stored; 2.2 s; peak memory 153 MiB.
2026-10-09T16:35:45Z INFO [120/1000] 43ce7b6a-acdd-46f3-963d-aeff736c7e99: 538 arrays, 7.8 MB stored; 4.6 s; peak memory 153 MiB.
2026-10-09T16:35:45Z INFO [121/1000] 43d06a25-231a-4be9-acda-8a566bc9d2a4: 112 arrays, 0.8 MB stored; 1.5 s; peak memory 153 MiB.
2026-10-09T16:35:45Z INFO [122/1000] 43cfa373-ee1b-41e2-980b-227349f245b9: 62 arrays, 3068.5 MB stored; 1.8 s; peak memory 153 MiB.
2026-10-09T16:35:46Z INFO [123/1000] 43d0bb86-c672-4d4a-a689-ae270f6c2337: 48 arrays, 83.9 MB stored; 1.1 s; peak memory 153 MiB.
2026-10-09T16:35:46Z INFO [124/1000] 43d145fc-33e5-487e-a20b-56f3209f6a33: 48 arrays, 83.9 MB stored; 1.4 s; peak memory 153 MiB.
2026-10-09T16:35:47Z INFO [125/1000] 43d165ef-3287-4120-bf8b-b53fd4879dc5: 117 arrays, 0.2 MB stored; 1.3 s; peak memory 153 MiB.
2026-10-09T16:35:47Z INFO [126/1000] 43d1a121-262b-44c5-a766-d01f4c1832a4: 118 arrays, 0.5 MB stored; 1.3 s; peak memory 153 MiB.
2026-10-09T16:35:48Z INFO [127/1000] 43d2cd59-ff9a-453f-a1cf-2a81560db6b8: 48 arrays, 83.9 MB stored; 1.1 s; peak memory 153 MiB.
2026-10-09T16:35:48Z INFO [128/1000] 43d31002-10f8-4b46-bbcf-e18597c219ed: 57 arrays, 0.0 MB stored; 1.0 s; peak memory 153 MiB.
2026-10-09T16:35:49Z INFO [129/1000] 43d33b13-9c01-457a-b84d-5e96fb5a2145: 118 arrays, 0.4 MB stored; 1.3 s; peak memory 153 MiB.
2026-10-09T16:35:49Z INFO [130/1000] 43d35493-86ad-4618-8573-d26009c4ecb6: 21 arrays, 0.6 MB stored; 1.0 s; peak memory 153 MiB.
2026-10-09T16:35:49Z INFO [131/1000] 43d12f37-759d-4c94-ad8a-d6af707f7225: 537 arrays, 8.3 MB stored; 4.5 s; peak memory 153 MiB.
2026-10-09T16:35:50Z INFO [132/1000] 43d492aa-40e8-4fbc-85cd-3a524b6952c5: 46 arrays, 0.1 MB stored; 1.0 s; peak memory 153 MiB.
2026-10-09T16:35:50Z INFO [133/1000] 43d48dbc-b81e-404e-89a3-4af319b31815: 118 arrays, 0.4 MB stored; 1.4 s; peak memory 153 MiB.
2026-10-09T16:35:51Z INFO [134/1000] 43d1b1f9-35a2-49fe-8fd9-63b21f39c701: 238 arrays, 77.6 MB stored; 4.4 s; peak memory 153 MiB.
2026-10-09T16:35:51Z INFO [135/1000] 43d4d153-fd9e-4e56-98ea-7d11f3880c26: 35 arrays, 0.0 MB stored; 1.0 s; peak memory 153 MiB.
2026-10-09T16:35:51Z INFO [136/1000] 43d4b5a2-1a3b-4f90-b63f-dcfc4e1c5987: 78 arrays, 420.5 MB stored; 1.9 s; peak memory 153 MiB.
2026-10-09T16:35:51Z INFO [137/1000] 43d4f2a8-8d42-4c13-8df4-a23982798cc4: 48 arrays, 83.9 MB stored; 1.2 s; peak memory 153 MiB.
2026-10-09T16:35:52Z INFO [138/1000] 43d58ea0-eb68-4e05-9f79-7ea3116b8ffd: 48 arrays, 83.9 MB stored; 1.1 s; peak memory 153 MiB.
2026-10-09T16:35:52Z INFO [139/1000] 43d570ce-5a37-4227-b4aa-8e2f9cb46e7e: 71 arrays, 4.0 MB stored; 1.6 s; peak memory 153 MiB.
2026-10-09T16:35:53Z INFO [140/1000] 43d69a93-f9f9-41ad-88be-0a357a7f4a6e: 71 arrays, 41.5 MB stored; 1.7 s; peak memory 153 MiB.
2026-10-09T16:35:53Z INFO [141/1000] 43d71cb6-200f-4cc8-bfee-125a660e66cc: 60 arrays, 10.1 MB stored; 1.2 s; peak memory 153 MiB.
2026-10-09T16:35:54Z INFO [142/1000] 43d7d1a4-2b74-4d08-a0dc-7fd68a6a5775: 117 arrays, 0.5 MB stored; 1.3 s; peak memory 153 MiB.
2026-10-09T16:35:54Z INFO [143/1000] 43d8bbba-5b3b-472f-acb7-ed6ae0c1b4d5: 52 arrays, 13.4 MB stored; 1.2 s; peak memory 153 MiB.
2026-10-09T16:35:55Z INFO [144/1000] 43d8c977-78bb-4190-945e-fa7e82e31aa9: 112 arrays, 0.9 MB stored; 1.6 s; peak memory 153 MiB.
2026-10-09T16:35:55Z INFO [145/1000] 43d9742e-436e-47e6-9fae-1ed01e590388: 112 arrays, 0.4 MB stored; 1.3 s; peak memory 153 MiB.
2026-10-09T16:35:55Z INFO [146/1000] 43d99988-57d9-4134-9551-1e968016d7cf: 56 arrays, 0.0 MB stored; 1.1 s; peak memory 153 MiB.
2026-10-09T16:35:56Z INFO [147/1000] 43da1b2a-443a-4397-9f9b-f669a9b66c49: 37 arrays, 0.0 MB stored; 1.0 s; peak memory 153 MiB.
2026-10-09T16:35:57Z INFO [148/1000] 43da0a02-d0d4-4f1f-bc22-8c47f6afe167: 152 arrays, 1.2 MB stored; 1.8 s; peak memory 153 MiB.
2026-10-09T16:35:58Z INFO [149/1000] 43daaa14-769d-45bd-ada9-c5b5a6f832e0: 112 arrays, 0.8 MB stored; 1.4 s; peak memory 153 MiB.
2026-10-09T16:35:58Z INFO [150/1000] 43dc8ecb-8c7b-4f3a-a84a-95b5ecaf418d: 52 arrays, 0.0 MB stored; 1.0 s; peak memory 153 MiB.
2026-10-09T16:36:04Z INFO [151/1000] 43dce357-955a-424c-8b96-e30c9463bda6: 1535 arrays, 22.8 MB stored; 5.8 s; peak memory 153 MiB.
2026-10-09T16:36:04Z INFO [152/1000] 43da1170-bf82-4add-8538-c88fa6788432: 224 arrays, 1502.4 MB stored; 9.2 s; peak memory 153 MiB.
2026-10-09T16:36:05Z INFO [153/1000] 43dd55b9-62d2-4569-8b26-228490aaddde: 118 arrays, 0.3 MB stored; 1.4 s; peak memory 153 MiB.
2026-10-09T16:36:05Z INFO [154/1000] 43dd936b-6416-4257-82b9-7789c7c4266a: 48 arrays, 83.9 MB stored; 1.1 s; peak memory 153 MiB.
2026-10-09T16:36:06Z INFO [155/1000] 43ddb77c-7bb8-4885-bb15-bdd40e65d528: 112 arrays, 0.7 MB stored; 1.3 s; peak memory 153 MiB.
2026-10-09T16:36:06Z INFO [156/1000] 43dde4ee-340c-4a24-a4c9-330395864934: 117 arrays, 0.3 MB stored; 1.2 s; peak memory 153 MiB.
2026-10-09T16:36:08Z INFO [157/1000] 43de9151-7400-481b-9e27-8fe5a7035c30: 72 arrays, 23.0 MB stored; 1.1 s; peak memory 153 MiB.
2026-10-09T16:36:08Z INFO [158/1000] 43dde9b7-0ae5-474f-b72c-2869eee34a37: 62 arrays, 5033.6 MB stored; 2.0 s; peak memory 153 MiB.
2026-10-09T16:36:09Z INFO [159/1000] 43de9299-8f89-477c-aa7f-f11230825fe5: 117 arrays, 0.6 MB stored; 1.4 s; peak memory 153 MiB.
2026-10-09T16:36:10Z INFO [160/1000] 43dea309-4ea3-49f3-a5cf-4723596466c0: 261 arrays, 17.1 MB stored; 1.4 s; peak memory 153 MiB.
2026-10-09T16:36:10Z INFO [161/1000] 43dea474-d073-47c3-a72d-5d6d5594c21f: 116 arrays, 0.2 MB stored; 1.2 s; peak memory 153 MiB.
2026-10-09T16:36:11Z INFO [162/1000] 43df146d-b788-4168-b613-3057b0567eb4: 52 arrays, 21.3 MB stored; 1.3 s; peak memory 153 MiB.
2026-10-09T16:36:12Z INFO [163/1000] 43df9fd2-4427-4674-811f-e8fd20723de7: 71 arrays, 40.7 MB stored; 1.6 s; peak memory 153 MiB.
2026-10-09T16:36:13Z INFO [164/1000] 43dfa922-af85-4da5-8039-a16100b351bc: 48 arrays, 83.9 MB stored; 1.0 s; peak memory 153 MiB.
2026-10-09T16:36:15Z INFO [165/1000] 43dfbf9a-9161-4e86-8fcc-0f2364aa8ea8: 48 arrays, 83.9 MB stored; 1.3 s; peak memory 153 MiB.
2026-10-09T16:36:15Z INFO [166/1000] 43df5308-f7df-4a38-97cc-838bf179b33f: 948 arrays, 27.9 MB stored; 5.1 s; peak memory 153 MiB.
2026-10-09T16:36:16Z INFO [167/1000] 43dfe207-815e-440d-bcd6-d96889d54277: 42 arrays, 275.0 MB stored; 1.3 s; peak memory 153 MiB.
2026-10-09T16:36:17Z INFO [168/1000] 43e12de5-bcee-4b2e-b158-8414c6e99bb2: 82 arrays, 515.2 MB stored; 1.8 s; peak memory 153 MiB.
2026-10-09T16:36:17Z INFO [169/1000] 43e1531e-5ab5-4194-9b90-a9179cd0ab13: 117 arrays, 0.5 MB stored; 1.2 s; peak memory 153 MiB.
2026-10-09T16:36:18Z INFO [170/1000] 43cd2616-5cd7-4245-895c-91be1c1c7c7f: 110 arrays, 2134.6 MB stored; 39.9 s; peak memory 153 MiB.
2026-10-09T16:36:19Z INFO [171/1000] 43e26f6b-0d6c-4fce-915a-229b827b853e: 118 arrays, 0.4 MB stored; 1.3 s; peak memory 153 MiB.
2026-10-09T16:36:19Z INFO [172/1000] 43e2aae8-6fcf-4a1a-b55b-c3775df3342a: 117 arrays, 0.4 MB stored; 1.4 s; peak memory 153 MiB.
2026-10-09T16:36:20Z INFO [173/1000] 43d6c596-4cde-45c4-9df4-730bf6ed0734: 6515 arrays, 167.6 MB stored; 28.5 s; peak memory 153 MiB.
2026-10-09T16:36:20Z INFO [174/1000] 43e2f163-63c2-489b-96e0-ae0efb913c6c: 46 arrays, 0.0 MB stored; 0.8 s; peak memory 153 MiB.
2026-10-09T16:36:21Z INFO [175/1000] 43e2eaa9-a06b-4ed4-9486-cf3152cc24c2: 38 arrays, 36.4 MB stored; 2.1 s; peak memory 153 MiB.
2026-10-09T16:36:21Z INFO [176/1000] 43e2f68d-fe6d-42d6-a556-463da9338be0: 69 arrays, 4.2 MB stored; 1.3 s; peak memory 153 MiB.
2026-10-09T16:36:22Z INFO [177/1000] 43e3ba0c-3b91-480e-b924-ba8cf35b45dd: 118 arrays, 0.3 MB stored; 1.3 s; peak memory 153 MiB.
2026-10-09T16:36:22Z INFO [178/1000] 43e41f56-60c0-449b-964f-5d41154bef8d: 46 arrays, 12.6 MB stored; 1.2 s; peak memory 153 MiB.
2026-10-09T16:36:23Z INFO [179/1000] 43e51ec3-2575-44e6-bb43-db20a01ee2aa: 48 arrays, 83.9 MB stored; 1.3 s; peak memory 153 MiB.
2026-10-09T16:36:23Z INFO [180/1000] 43e55c99-83a9-4b2a-8a7d-87aad00c9c4a: 64 arrays, 20.9 MB stored; 1.5 s; peak memory 153 MiB.
2026-10-09T16:36:23Z INFO [181/1000] 43e59f32-ea8b-4b7f-aad4-e988387d3ee6: 112 arrays, 0.6 MB stored; 1.4 s; peak memory 153 MiB.
2026-10-09T16:36:24Z INFO [182/1000] 43e726ce-3df9-4d67-8eca-63df605518aa: 110 arrays, 0.3 MB stored; 1.2 s; peak memory 153 MiB.
2026-10-09T16:36:24Z INFO [183/1000] 43e7c216-b9be-4a84-8633-2fd3a3c496ae: 118 arrays, 0.5 MB stored; 1.4 s; peak memory 153 MiB.
2026-10-09T16:36:25Z INFO [184/1000] 43e7ff74-7612-4aa5-ba03-edc905ce593f: 116 arrays, 0.5 MB stored; 1.4 s; peak memory 153 MiB.
2026-10-09T16:36:25Z INFO [185/1000] 43e81b8d-2283-4309-8336-287b38eafb91: 68 arrays, 12.6 MB stored; 1.2 s; peak memory 153 MiB.
2026-10-09T16:36:26Z INFO [186/1000] 43e200d9-3248-40e5-b11f-977754432c11: 583 arrays, 21.6 MB stored; 8.6 s; peak memory 153 MiB.
2026-10-09T16:36:26Z INFO [187/1000] 43e9a7fc-ce9f-437d-a59a-2c8981b55977: 49 arrays, 18.7 MB stored; 1.4 s; peak memory 153 MiB.
2026-10-09T16:36:27Z INFO [188/1000] 43e9a381-862f-414a-9940-45e37dd0bcf0: 156 arrays, 193.4 MB stored; 2.4 s; peak memory 153 MiB.
2026-10-09T16:36:27Z INFO [189/1000] 43ea098d-6a14-4625-953a-70f685981238: 66 arrays, 11.1 MB stored; 1.3 s; peak memory 153 MiB.
2026-10-09T16:36:27Z INFO [190/1000] 43eaaa1a-9f64-4bf7-9c54-9625df556a3f: 84 arrays, 0.4 MB stored; 1.2 s; peak memory 153 MiB.
2026-10-09T16:36:28Z INFO [191/1000] 43ebe6db-8aef-4fc2-8d55-a2be05795bba: 63 arrays, 0.2 MB stored; 1.4 s; peak memory 153 MiB.
2026-10-09T16:36:29Z INFO [192/1000] 43ec02a2-a706-48f5-9585-69fe359a7e39: 69 arrays, 25.9 MB stored; 1.5 s; peak memory 153 MiB.
2026-10-09T16:36:29Z INFO [193/1000] 43e9bfcb-7e5e-4074-90f0-ffc16678773b: 503 arrays, 6.2 MB stored; 4.1 s; peak memory 153 MiB.
2026-10-09T16:36:32Z INFO [194/1000] 43ec8c57-2a24-4ca3-b62f-fe932909c3a0: 115 arrays, 190.2 MB stored; 2.8 s; peak memory 153 MiB.
2026-10-09T16:36:32Z INFO [195/1000] 43ead1ef-479f-47a1-a524-309cc374ae19: 759 arrays, 30.7 MB stored; 5.6 s; peak memory 153 MiB.
2026-10-09T16:36:33Z INFO [196/1000] 43ec0c75-bca1-47a7-a731-9267f5b358da: 200 arrays, 190.0 MB stored; 4.7 s; peak memory 153 MiB.
2026-10-09T16:36:34Z INFO [197/1000] 43ecc4ce-fce9-464b-8eba-5bcafda8ed4a: 163 arrays, 12.0 MB stored; 2.4 s; peak memory 153 MiB.
2026-10-09T16:36:34Z INFO [198/1000] 43ed0188-191a-43ee-9856-176a48a4c2f3: 66 arrays, 60.6 MB stored; 1.6 s; peak memory 153 MiB.
2026-10-09T16:36:34Z INFO [199/1000] 43ed3504-fb4b-4afd-b4d3-78841e52ff22: 117 arrays, 0.3 MB stored; 1.4 s; peak memory 153 MiB.
2026-10-09T16:36:35Z INFO [200/1000] 43ed88f8-99b8-41e3-b109-ed22cf47e5f7: 72 arrays, 0.4 MB stored; 1.4 s; peak memory 153 MiB.
2026-10-09T16:36:36Z INFO [200/1000] 43ed88f8-99b8-41e3-b109-ed22cf47e5f7: checkpointed 200 new records.
2026-10-09T16:36:36Z INFO [201/1000] 43ee43f2-faec-4f29-bb43-70e47ef21d0c: 84 arrays, 0.2 MB stored; 1.5 s; peak memory 249 MiB.
2026-10-09T16:36:37Z INFO [202/1000] 43ef0464-73af-4b91-bac8-50746edae4b7: 49 arrays, 4.7 MB stored; 1.5 s; peak memory 249 MiB.
2026-10-09T16:36:38Z INFO [203/1000] 43ef8e5d-f360-418f-b822-967db9efb614: 48 arrays, 83.9 MB stored; 1.2 s; peak memory 249 MiB.
2026-10-09T16:36:40Z INFO [204/1000] 43eca2ce-101a-4c9a-8246-04b995ca21c3: 49 arrays, 7462.2 MB stored; 10.6 s; peak memory 249 MiB.
2026-10-09T16:36:40Z INFO [205/1000] 43effbf3-6c65-4673-991e-4ffe3db6d6b5: 71 arrays, 133.0 MB stored; 2.1 s; peak memory 249 MiB.
2026-10-09T16:36:44Z INFO [206/1000] 43ee44e8-67f4-4a59-a316-7afcb4b8ae42: 1341 arrays, 44.7 MB stored; 9.6 s; peak memory 249 MiB.
2026-10-09T16:36:45Z INFO [207/1000] 43ef383b-3560-447c-ba5a-ab1dc7bb35ea: 1260 arrays, 50.0 MB stored; 9.6 s; peak memory 249 MiB.
2026-10-09T16:36:45Z INFO [208/1000] 43f1ff83-3734-4d88-a55e-16cbdce11dff: 675 arrays, 13.2 MB stored; 5.4 s; peak memory 249 MiB.
2026-10-09T16:36:45Z INFO [209/1000] 43f2916c-8293-4ea0-9d5b-25faa004d760: 45 arrays, 10.9 MB stored; 1.3 s; peak memory 249 MiB.
2026-10-09T16:36:45Z INFO [210/1000] 43f28f27-6143-4f0f-be83-3b1d5721cf6c: 619 arrays, 22.4 MB stored; 5.5 s; peak memory 249 MiB.
2026-10-09T16:36:47Z INFO [211/1000] 43f339f6-c8b4-41c2-941c-c1b8e6efbb33: 112 arrays, 0.6 MB stored; 1.5 s; peak memory 249 MiB.
2026-10-09T16:36:47Z INFO [212/1000] 43f3ad68-b7f7-4047-ba5a-87e5bf0a783a: 48 arrays, 83.9 MB stored; 1.3 s; peak memory 249 MiB.
2026-10-09T16:36:47Z INFO [213/1000] 43f38a7f-e86e-43f8-871d-f8e38b577b9b: 289 arrays, 17.1 MB stored; 1.7 s; peak memory 249 MiB.
2026-10-09T16:36:48Z INFO [214/1000] 43f422c9-e15f-494b-87e6-d82254424b9a: 117 arrays, 0.4 MB stored; 1.4 s; peak memory 249 MiB.
2026-10-09T16:36:48Z INFO [215/1000] 43f40b62-d57c-434f-aad2-d580c8a8aa91: 75 arrays, 3.1 MB stored; 1.6 s; peak memory 249 MiB.
2026-10-09T16:36:48Z INFO [216/1000] 43f448fd-fe3c-4fba-82ae-05953bb300e5: 142 arrays, 1.8 MB stored; 1.4 s; peak memory 249 MiB.
2026-10-09T16:36:49Z INFO [217/1000] 43f2deb6-8d63-4a64-86f3-8a92288d791f: 179 arrays, 280.2 MB stored; 3.4 s; peak memory 249 MiB.
2026-10-09T16:36:50Z INFO [218/1000] 43f593b0-8b9b-403c-bcd0-26162e3f24e5: 50 arrays, 0.0 MB stored; 1.3 s; peak memory 249 MiB.
2026-10-09T16:36:50Z INFO [219/1000] 43f61f75-0def-4ac0-a0b2-b43ab11a756d: 48 arrays, 83.9 MB stored; 1.2 s; peak memory 249 MiB.
2026-10-09T16:36:50Z INFO [220/1000] 43f5a823-8efc-4272-ae07-3656ab6d12ca: 101 arrays, 12.1 MB stored; 1.7 s; peak memory 249 MiB.
2026-10-09T16:36:51Z INFO [221/1000] 43f4812e-7406-4e15-98d9-3d706274f01c: 156 arrays, 193.6 MB stored; 2.7 s; peak memory 249 MiB.
2026-10-09T16:36:51Z INFO [222/1000] 43f6389c-17cd-482c-a5a1-50993e7f89bb: 48 arrays, 83.9 MB stored; 1.4 s; peak memory 249 MiB.
2026-10-09T16:36:51Z INFO [223/1000] 43f6a285-6203-49b0-8de8-599c320ae503: 48 arrays, 83.9 MB stored; 1.2 s; peak memory 249 MiB.
2026-10-09T16:36:53Z INFO [224/1000] 43f87cd5-5e84-45d7-a495-230c829fbc54: 117 arrays, 0.3 MB stored; 1.4 s; peak memory 249 MiB.
2026-10-09T16:36:53Z INFO [225/1000] 43f815c7-7f80-41de-b2f3-69b5fe7d67bc: 119 arrays, 18.5 MB stored; 1.9 s; peak memory 249 MiB.
2026-10-09T16:36:54Z INFO [226/1000] 43f88e68-2993-4563-b6f3-82dca3bfa4b7: 72 arrays, 23.2 MB stored; 1.2 s; peak memory 249 MiB.
2026-10-09T16:36:55Z INFO [227/1000] 43fa8501-137d-4bc8-b775-5c61f713777d: 49 arrays, 0.0 MB stored; 1.0 s; peak memory 249 MiB.
2026-10-09T16:36:59Z INFO [228/1000] 43f6219f-ac6e-4c26-8f0a-ab382e47a240: 49 arrays, 10554.7 MB stored; 9.8 s; peak memory 249 MiB.
2026-10-09T16:36:59Z INFO [229/1000] 43f84f71-c6e8-4d48-906e-b8031bbd30b5: 224 arrays, 1715.7 MB stored; 8.2 s; peak memory 249 MiB.
2026-10-09T16:37:01Z INFO [230/1000] 43fb9945-4b3d-4441-840a-49651c00de69: 289 arrays, 17.2 MB stored; 1.5 s; peak memory 249 MiB.
2026-10-09T16:37:02Z INFO [231/1000] 43fb9439-33b7-44b0-bc1b-d63cc718dc81: 1051 arrays, 23.3 MB stored; 6.8 s; peak memory 249 MiB.
2026-10-09T16:37:03Z INFO [232/1000] 43fe010d-9991-4672-bd6d-f53afdd44e29: 112 arrays, 0.7 MB stored; 1.5 s; peak memory 249 MiB.
2026-10-09T16:37:03Z INFO [233/1000] 43fbe02f-5492-4f3c-be99-4dada227b276: 560 arrays, 6.2 MB stored; 3.8 s; peak memory 249 MiB.
2026-10-09T16:37:04Z INFO [234/1000] 43ff25f1-cf3b-42fc-bd81-12f092769663: 46 arrays, 12.6 MB stored; 1.1 s; peak memory 249 MiB.
2026-10-09T16:37:05Z INFO [235/1000] 44002a05-91d4-4b82-b72c-ea359c08c9cf: 48 arrays, 83.9 MB stored; 1.2 s; peak memory 249 MiB.
2026-10-09T16:37:06Z INFO [236/1000] 43fc0b12-1d69-4d38-9f65-c0beeee471f7: 538 arrays, 7.5 MB stored; 4.8 s; peak memory 249 MiB.
2026-10-09T16:37:07Z INFO [237/1000] 4400d000-9af7-4841-aef2-8656acb6fd9b: 184 arrays, 11.9 MB stored; 1.9 s; peak memory 249 MiB.
2026-10-09T16:37:08Z INFO [238/1000] 44011696-9c9f-4ac7-b558-ed24fb28bcc3: 38 arrays, 59.6 MB stored; 2.3 s; peak memory 249 MiB.
2026-10-09T16:37:08Z INFO [239/1000] 4401e84b-ee23-4cd0-953a-b44168166b57: 48 arrays, 83.9 MB stored; 1.1 s; peak memory 249 MiB.
2026-10-09T16:37:09Z INFO [240/1000] 44020a94-a64d-4177-b0d0-9b3c0a6ffee3: 48 arrays, 83.9 MB stored; 1.3 s; peak memory 249 MiB.
2026-10-09T16:37:10Z INFO [241/1000] 44029cc2-8deb-468e-ab60-beec215da9bb: 117 arrays, 0.4 MB stored; 1.2 s; peak memory 249 MiB.
2026-10-09T16:37:12Z INFO [242/1000] 4402acd1-c5c5-4882-a9b3-68d72607d6e1: 46 arrays, 2036.7 MB stored; 1.6 s; peak memory 249 MiB.
2026-10-09T16:37:13Z INFO [243/1000] 4403547c-0e21-4b24-a151-4be6bfb06129: 69 arrays, 25.5 MB stored; 1.4 s; peak memory 249 MiB.
2026-10-09T16:37:13Z INFO [244/1000] 43ffa860-4ffb-4392-a87a-dd46ce30a15d: 3194 arrays, 108.9 MB stored; 10.3 s; peak memory 249 MiB.
2026-10-09T16:37:15Z INFO [245/1000] 440576e4-d6a9-4008-909d-8770e0dde312: 58 arrays, 1717.4 MB stored; 1.8 s; peak memory 249 MiB.
2026-10-09T16:37:17Z INFO [246/1000] 4405ed5a-8f24-46e6-b9e3-804ccf5588d0: 62 arrays, 2706.6 MB stored; 1.9 s; peak memory 249 MiB.
2026-10-09T16:37:18Z INFO [247/1000] 44079519-8f1e-46bd-919c-b13e3950b86d: 112 arrays, 0.4 MB stored; 1.3 s; peak memory 249 MiB.
2026-10-09T16:37:22Z INFO [248/1000] 440502da-8d0e-4988-b46f-d9185f0d8eb3: 963 arrays, 26.4 MB stored; 8.2 s; peak memory 249 MiB.
2026-10-09T16:37:23Z INFO [249/1000] 4407a8a1-0b1d-48e8-b2be-d88c9859fabb: 229 arrays, 255.2 MB stored; 4.1 s; peak memory 249 MiB.
2026-10-09T16:37:23Z INFO [250/1000] 4408597a-6d4d-4d5f-8fd3-17d9ec0d074d: 41 arrays, 8.4 MB stored; 0.9 s; peak memory 249 MiB.
2026-10-09T16:37:24Z INFO [251/1000] 44086e8a-f82a-4244-9946-2f0571b05d6a: 51 arrays, 0.0 MB stored; 0.9 s; peak memory 249 MiB.
2026-10-09T16:37:26Z INFO [252/1000] 44092aed-d6fa-4e26-9637-32ad5dea5e08: 52 arrays, 28.9 MB stored; 1.2 s; peak memory 249 MiB.
2026-10-09T16:37:27Z INFO [253/1000] 44096ff8-b585-4867-9b9e-a5d4e11900ad: 48 arrays, 83.9 MB stored; 1.0 s; peak memory 249 MiB.
2026-10-09T16:37:27Z INFO [254/1000] 4407ffca-610e-4a48-bcc5-69ef7799c35f: 196 arrays, 581.6 MB stored; 5.5 s; peak memory 249 MiB.
2026-10-09T16:37:28Z INFO [255/1000] 440974c7-5080-4eab-8358-cbf6b452f812: 118 arrays, 0.6 MB stored; 1.3 s; peak memory 249 MiB.
2026-10-09T16:37:29Z INFO [256/1000] 4409e7ff-f653-48c4-be52-6b4aa95cbb2b: 46 arrays, 0.1 MB stored; 0.8 s; peak memory 249 MiB.
2026-10-09T16:37:30Z INFO [257/1000] 4409e89b-348d-419e-90a0-506f28ebf36c: 116 arrays, 0.6 MB stored; 1.3 s; peak memory 249 MiB.
2026-10-09T16:37:31Z INFO [258/1000] 4409bb44-8605-4bd1-89e2-9476c502da8b: 538 arrays, 7.6 MB stored; 4.4 s; peak memory 249 MiB.
2026-10-09T16:37:32Z INFO [259/1000] 440a71b6-95eb-4b2f-b23d-ecf0c61be3c6: 110 arrays, 1.8 MB stored; 1.5 s; peak memory 249 MiB.
2026-10-09T16:37:32Z INFO [260/1000] 44023497-8ffb-40e8-b0ad-0ad0d9a0c117: 48 arrays, 50031.3 MB stored; 23.5 s; peak memory 249 MiB.
2026-10-09T16:37:33Z INFO [261/1000] 440b9674-53d2-4c84-8759-5c72ea6070d3: 48 arrays, 83.9 MB stored; 1.1 s; peak memory 249 MiB.
2026-10-09T16:37:33Z INFO [262/1000] 440b3529-5480-47f1-a57f-f7294b3178b2: 64 arrays, 25.2 MB stored; 1.7 s; peak memory 249 MiB.
2026-10-09T16:37:36Z INFO [263/1000] 440bd9e7-c875-4ae3-9d22-8db9efdb5ee7: 390 arrays, 3.3 MB stored; 2.9 s; peak memory 249 MiB.
2026-10-09T16:37:37Z INFO [264/1000] 440c4be8-b050-4071-9f75-29c804e63d51: 117 arrays, 0.3 MB stored; 1.2 s; peak memory 249 MiB.
2026-10-09T16:37:39Z INFO [265/1000] 440c9c25-9164-4cca-a3df-1851c5639c58: 123 arrays, 4.8 MB stored; 2.1 s; peak memory 249 MiB.
2026-10-09T16:37:40Z INFO [266/1000] 440c9c47-09d6-41e3-b4c2-6bc4f101071a: 36 arrays, 5.2 MB stored; 1.1 s; peak memory 249 MiB.
2026-10-09T16:37:41Z INFO [267/1000] 440c449e-6284-415e-b6a8-9555dde19efb: 674 arrays, 18.5 MB stored; 7.4 s; peak memory 249 MiB.
2026-10-09T16:37:41Z INFO [268/1000] 440b6562-2fff-4c38-b437-4d3188fbbb44: 1533 arrays, 33.9 MB stored; 9.0 s; peak memory 249 MiB.
2026-10-09T16:37:42Z INFO [269/1000] 440ce513-959c-456f-abb7-b56012119a9c: 110 arrays, 0.7 MB stored; 1.6 s; peak memory 249 MiB.
2026-10-09T16:37:44Z INFO [270/1000] 440ccce5-12ed-44c9-961f-819ed9ae8d97: 111 arrays, 650.6 MB stored; 3.6 s; peak memory 249 MiB.
2026-10-09T16:37:45Z INFO [271/1000] 440d4fde-169c-4f44-aa32-806745464584: 156 arrays, 193.4 MB stored; 2.5 s; peak memory 249 MiB.
2026-10-09T16:37:45Z INFO [272/1000] 440d326e-6f0e-42ee-9467-6355a9a6f51e: 538 arrays, 7.6 MB stored; 4.5 s; peak memory 249 MiB.
2026-10-09T16:37:46Z INFO [273/1000] 440dd8fd-fe90-48ba-8350-cb27cea172ef: 261 arrays, 17.1 MB stored; 1.5 s; peak memory 249 MiB.
2026-10-09T16:37:46Z INFO [274/1000] 440e1236-1313-4e1b-9500-710d04108a4f: 48 arrays, 83.9 MB stored; 1.1 s; peak memory 249 MiB.
2026-10-09T16:37:46Z INFO [275/1000] 440e41c5-46c4-4432-8057-2c3ad3f9705f: 112 arrays, 1.1 MB stored; 1.4 s; peak memory 249 MiB.
2026-10-09T16:37:47Z INFO [276/1000] 440e4385-4329-4460-8eed-bd8a946ce1c0: 45 arrays, 0.0 MB stored; 1.0 s; peak memory 249 MiB.
2026-10-09T16:37:47Z INFO [277/1000] 440f1976-26d2-40a9-9c9e-bf7a0f28ec11: 66 arrays, 103.6 MB stored; 1.6 s; peak memory 249 MiB.
2026-10-09T16:37:48Z INFO [278/1000] 440f6cb5-10e4-49fa-b18b-923ec212716c: 39 arrays, 2.9 MB stored; 1.1 s; peak memory 249 MiB.
2026-10-09T16:37:49Z INFO [279/1000] 440f9de0-e3c8-4965-986c-7e50827e142d: 116 arrays, 0.3 MB stored; 1.3 s; peak memory 249 MiB.
2026-10-09T16:37:49Z INFO [280/1000] 440f8132-8a4c-40ff-a063-459bae3e8c62: 114 arrays, 186.9 MB stored; 2.3 s; peak memory 249 MiB.
2026-10-09T16:37:49Z INFO [281/1000] 44102d12-dfc8-4c62-8c7e-10187b7468e4: 112 arrays, 0.6 MB stored; 1.5 s; peak memory 249 MiB.
2026-10-09T16:37:50Z INFO [282/1000] 4410577f-b6f4-427a-8c50-a481e8fe5085: 79 arrays, 1.4 MB stored; 1.3 s; peak memory 249 MiB.
2026-10-09T16:37:50Z INFO [283/1000] 44110f1f-4f52-411a-b4c1-a73a5d0490ca: 46 arrays, 0.2 MB stored; 1.1 s; peak memory 249 MiB.
2026-10-09T16:37:50Z INFO [284/1000] 4410ffce-0b92-4849-b0f0-8a91d908f0cd: 48 arrays, 83.9 MB stored; 1.2 s; peak memory 249 MiB.
2026-10-09T16:37:51Z INFO [285/1000] 44133491-53fc-46e2-98ba-21c449649b31: 46 arrays, 0.2 MB stored; 1.0 s; peak memory 249 MiB.
2026-10-09T16:37:51Z INFO [286/1000] 441260f8-2032-45e8-bca3-7584eefb37ec: 48 arrays, 83.9 MB stored; 1.3 s; peak memory 249 MiB.
2026-10-09T16:37:51Z INFO [287/1000] 44121ae4-a4a9-4c6e-9e14-ffde9acb50d8: 117 arrays, 0.3 MB stored; 1.5 s; peak memory 249 MiB.
2026-10-09T16:37:52Z INFO [288/1000] 4413495c-a19a-4a72-bdbd-7ba9102d3878: 76 arrays, 1.1 MB stored; 1.3 s; peak memory 249 MiB.
2026-10-09T16:37:53Z INFO [289/1000] 441365a4-8055-45ed-9f55-0997b9dc3117: 48 arrays, 83.9 MB stored; 1.2 s; peak memory 249 MiB.
2026-10-09T16:37:53Z INFO [290/1000] 441390c7-f2e6-46e0-bb6f-42da321854a1: 117 arrays, 0.2 MB stored; 1.4 s; peak memory 249 MiB.
2026-10-09T16:37:54Z INFO [291/1000] 4415b4ef-237e-4b07-a5dd-793fa4060ac4: 50 arrays, 0.8 MB stored; 1.1 s; peak memory 249 MiB.
2026-10-09T16:37:54Z INFO [292/1000] 4415cb52-4d1f-4d1d-a400-4f605593db16: 112 arrays, 1.0 MB stored; 1.4 s; peak memory 249 MiB.
2026-10-09T16:37:54Z INFO [293/1000] 4416487b-39af-48f9-ab51-d54e4f320a1c: 110 arrays, 0.5 MB stored; 1.5 s; peak memory 249 MiB.
2026-10-09T16:37:55Z INFO [294/1000] 44166645-d68d-4bab-b41d-a25a10a67640: 45 arrays, 627.3 MB stored; 1.5 s; peak memory 249 MiB.
2026-10-09T16:37:55Z INFO [295/1000] 44167364-34fd-4315-a27e-037a83da1e9f: 48 arrays, 83.9 MB stored; 1.3 s; peak memory 249 MiB.
2026-10-09T16:37:56Z INFO [296/1000] 44176ec8-2764-4d10-9334-351bdd53d057: 48 arrays, 83.9 MB stored; 1.2 s; peak memory 249 MiB.
2026-10-09T16:37:57Z INFO [297/1000] 44179968-2c75-48b9-ba6f-f7cd93a0ead4: 192 arrays, 5.1 MB stored; 2.1 s; peak memory 249 MiB.
2026-10-09T16:37:59Z INFO [298/1000] 4417d22f-9c8c-49d7-ad17-3327ca146f53: 168 arrays, 13.8 MB stored; 2.2 s; peak memory 249 MiB.
2026-10-09T16:37:59Z INFO [299/1000] 44173bc4-7d00-46ea-abf0-4638936634c5: 231 arrays, 77.7 MB stored; 4.2 s; peak memory 249 MiB.
2026-10-09T16:37:59Z INFO [300/1000] 4418f16a-71dc-4c3e-9ed9-a035e9e2a075: 112 arrays, 1.2 MB stored; 1.8 s; peak memory 249 MiB.
2026-10-09T16:38:00Z INFO [301/1000] 44192409-aff4-4a37-be68-b187b1b6c6f7: 42 arrays, 9.1 MB stored; 1.0 s; peak memory 249 MiB.
2026-10-09T16:38:00Z INFO [302/1000] 4419aec3-1dee-490f-b298-a8eeac58cd70: 46 arrays, 0.1 MB stored; 1.0 s; peak memory 249 MiB.
2026-10-09T16:38:01Z INFO [303/1000] 441972d3-f9db-40a6-95e2-8833cc2fa035: 71 arrays, 105.6 MB stored; 2.0 s; peak memory 249 MiB.
2026-10-09T16:38:01Z INFO [304/1000] 441a29a9-2e25-456b-b18a-69161b2168d3: 116 arrays, 0.3 MB stored; 1.3 s; peak memory 249 MiB.
2026-10-09T16:38:01Z INFO [305/1000] 441a761f-d06e-434a-b74b-8920d614844c: 112 arrays, 0.5 MB stored; 1.3 s; peak memory 249 MiB.
2026-10-09T16:38:02Z INFO [306/1000] 441b662d-05db-4d54-8367-3dfbd6a950e0: 117 arrays, 0.4 MB stored; 1.3 s; peak memory 249 MiB.
2026-10-09T16:38:03Z INFO [307/1000] 441bad4d-7250-4e3a-8a6f-bf2a3e4b1796: 48 arrays, 83.9 MB stored; 1.2 s; peak memory 249 MiB.
2026-10-09T16:38:04Z INFO [308/1000] 441c5457-f489-4884-8f5e-9bd9f2253d9d: 117 arrays, 0.3 MB stored; 1.3 s; peak memory 249 MiB.
2026-10-09T16:38:06Z INFO [309/1000] 441b082d-7be5-4543-a009-c47d19f40ea2: 705 arrays, 20.9 MB stored; 5.0 s; peak memory 249 MiB.
2026-10-09T16:38:06Z INFO [310/1000] 441c8d54-7a0e-469c-87c7-c019d6204baf: 289 arrays, 17.2 MB stored; 1.6 s; peak memory 249 MiB.
2026-10-09T16:38:07Z INFO [311/1000] 441cfd94-f500-4ab9-b448-75e6b781d80b: 48 arrays, 83.9 MB stored; 1.2 s; peak memory 249 MiB.
2026-10-09T16:38:07Z INFO [312/1000] 441bb582-6afe-476f-9bc5-e38b3223a190: 152 arrays, 421.6 MB stored; 5.0 s; peak memory 249 MiB.
2026-10-09T16:38:08Z INFO [313/1000] 441d7973-4e41-465e-90be-e2a4909333f8: 46 arrays, 0.2 MB stored; 1.0 s; peak memory 249 MiB.
2026-10-09T16:38:08Z INFO [314/1000] 441d8de5-5c70-4fdd-8ccc-28f32c8cb510: 41 arrays, 8.4 MB stored; 1.1 s; peak memory 249 MiB.
2026-10-09T16:38:09Z INFO [315/1000] 441e6496-b49c-4850-8596-e70a32b4a048: 116 arrays, 0.2 MB stored; 1.2 s; peak memory 249 MiB.
2026-10-09T16:38:10Z INFO [316/1000] 441e726f-8017-4f0f-aa4a-c128685d1f36: 84 arrays, 1.9 MB stored; 1.3 s; peak memory 249 MiB.
2026-10-09T16:38:10Z INFO [317/1000] 441ec622-1e0a-40ae-82aa-62dbe9930b5c: 48 arrays, 83.9 MB stored; 1.3 s; peak memory 249 MiB.
2026-10-09T16:38:11Z INFO [318/1000] 441ee090-1352-405c-958c-76c9bcfe2c16: 48 arrays, 83.9 MB stored; 1.1 s; peak memory 249 MiB.
2026-10-09T16:38:12Z INFO [319/1000] 441f0bec-4389-47b7-aa4f-50174d0d9aaa: 112 arrays, 0.4 MB stored; 1.3 s; peak memory 249 MiB.
2026-10-09T16:38:12Z INFO [320/1000] 441f43cc-42ef-4ba9-b667-966080fd83ad: 112 arrays, 0.3 MB stored; 1.2 s; peak memory 249 MiB.
2026-10-09T16:38:13Z INFO [321/1000] 441fcb2e-d637-4c08-8f08-0defd6e8efe9: 117 arrays, 0.3 MB stored; 1.3 s; peak memory 249 MiB.
2026-10-09T16:38:13Z INFO [322/1000] 441fef60-be1b-482e-8003-114296a6f0fa: 48 arrays, 83.9 MB stored; 1.3 s; peak memory 249 MiB.
2026-10-09T16:38:15Z INFO [323/1000] 441ff9e8-858f-4a24-95cb-ca37614434ad: 49 arrays, 20.9 MB stored; 1.4 s; peak memory 249 MiB.
2026-10-09T16:38:16Z INFO [324/1000] 44206623-e324-4acb-8bfc-b9166691fdbd: 66 arrays, 84.4 MB stored; 1.5 s; peak memory 249 MiB.
2026-10-09T16:38:17Z INFO [325/1000] 43dd2443-556c-46e3-bb56-930da4f1eb85: 167 arrays, 23914.5 MB stored; 139.6 s; peak memory 249 MiB.
2026-10-09T16:38:17Z INFO [326/1000] 4420ce02-fd3e-4c2e-b565-fd2183bd7930: 66 arrays, 18.1 MB stored; 1.4 s; peak memory 249 MiB.
2026-10-09T16:38:18Z INFO [327/1000] 441d6c28-da32-45e6-ad06-ebc81aacdf1e: 38 arrays, 436.7 MB stored; 12.7 s; peak memory 249 MiB.
2026-10-09T16:38:18Z INFO [328/1000] 441ff008-a306-4d1c-aaa5-be1c8c9424a9: 706 arrays, 23.3 MB stored; 5.5 s; peak memory 249 MiB.
2026-10-09T16:38:19Z INFO [329/1000] 442177a3-f322-497d-a6d3-f470f98506d6: 48 arrays, 83.9 MB stored; 1.4 s; peak memory 249 MiB.
2026-10-09T16:38:19Z INFO [330/1000] 4422b399-bc9f-4f61-b3e9-4f7f89434440: 46 arrays, 4.7 MB stored; 1.0 s; peak memory 249 MiB.
2026-10-09T16:38:20Z INFO [331/1000] 4421a4c4-e3ad-49d6-b612-7e2104cbf65a: 118 arrays, 0.4 MB stored; 1.2 s; peak memory 249 MiB.
2026-10-09T16:38:20Z INFO [332/1000] 4422d9ad-ec67-4298-b3d0-739a582475f1: 48 arrays, 83.9 MB stored; 1.2 s; peak memory 249 MiB.
2026-10-09T16:38:20Z INFO [333/1000] 442319b6-767f-4715-adee-20003645fc6e: 42 arrays, 31.3 MB stored; 1.1 s; peak memory 249 MiB.
2026-10-09T16:38:21Z INFO [334/1000] 442373a5-de43-4da0-8a98-643fd43b3d1c: 45 arrays, 0.0 MB stored; 1.1 s; peak memory 249 MiB.
2026-10-09T16:38:21Z INFO [335/1000] 44246e59-b664-4018-9bd9-f48d7718f2e0: 76 arrays, 11.9 MB stored; 1.4 s; peak memory 249 MiB.
2026-10-09T16:38:22Z INFO [336/1000] 44251a33-6a69-4750-91c2-eac58a7d907c: 48 arrays, 83.9 MB stored; 1.3 s; peak memory 249 MiB.
2026-10-09T16:38:22Z INFO [337/1000] 44216401-085e-461b-b025-6ad811c35379: 240 arrays, 1057.3 MB stored; 4.3 s; peak memory 249 MiB.
2026-10-09T16:38:23Z INFO [338/1000] 44259c4e-3458-4a4f-8ce0-255da4d090cf: 112 arrays, 0.7 MB stored; 1.4 s; peak memory 249 MiB.
2026-10-09T16:38:23Z INFO [339/1000] 44259816-8392-4753-8659-b602c687b750: 115 arrays, 186.8 MB stored; 2.4 s; peak memory 249 MiB.
2026-10-09T16:38:23Z INFO [340/1000] 4425c433-3f1a-42a7-a6ae-e00416407979: 49 arrays, 1.3 MB stored; 1.4 s; peak memory 249 MiB.
2026-10-09T16:38:24Z INFO [341/1000] 4425ff23-94d6-4fec-a969-3bcb414f94cd: 62 arrays, 2602.0 MB stored; 1.8 s; peak memory 249 MiB.
2026-10-09T16:38:24Z INFO [342/1000] 44262b3f-3654-476e-8dfa-48ba863c85d0: 48 arrays, 83.9 MB stored; 1.4 s; peak memory 249 MiB.
2026-10-09T16:38:24Z INFO [343/1000] 44267169-4c23-4d06-bf25-2d73bdd37f36: 48 arrays, 83.9 MB stored; 1.4 s; peak memory 249 MiB.
2026-10-09T16:38:25Z INFO [344/1000] 4426b5c6-a89d-43c5-9e8b-1efc319bd861: 112 arrays, 0.4 MB stored; 1.5 s; peak memory 249 MiB.
2026-10-09T16:38:26Z INFO [345/1000] 4427b1ed-93de-4b44-9862-ee267be5f308: 39 arrays, 7.3 MB stored; 1.4 s; peak memory 249 MiB.
2026-10-09T16:38:26Z INFO [346/1000] 4427c256-7f48-436a-8454-13d4c4357d8b: 116 arrays, 0.4 MB stored; 1.4 s; peak memory 249 MiB.
2026-10-09T16:38:26Z INFO [347/1000] 44280349-ad19-4e24-b655-c79691f9cedc: 112 arrays, 0.4 MB stored; 1.4 s; peak memory 249 MiB.
2026-10-09T16:38:27Z INFO [348/1000] 4428563e-dd80-46cd-80f5-acc9dd4feb4c: 46 arrays, 0.2 MB stored; 1.1 s; peak memory 249 MiB.
2026-10-09T16:38:27Z INFO [349/1000] 4429887f-b216-429f-b47d-1318faecb707: 33 arrays, 0.0 MB stored; 1.0 s; peak memory 249 MiB.
2026-10-09T16:38:28Z INFO [350/1000] 4429fbd7-db87-41aa-8eec-c89572be3065: 72 arrays, 35.3 MB stored; 1.2 s; peak memory 249 MiB.
2026-10-09T16:38:30Z INFO [351/1000] 4427a4d3-a04c-47e3-aa8e-bba04d7df1ff: 1004 arrays, 25.4 MB stored; 6.1 s; peak memory 249 MiB.
2026-10-09T16:38:31Z INFO [352/1000] 442c0271-276a-494b-9159-b26f35166658: 71 arrays, 3.7 MB stored; 1.5 s; peak memory 249 MiB.
2026-10-09T16:38:32Z INFO [353/1000] 442c5666-a9ac-4a6a-b90d-e587f8fbc69d: 48 arrays, 83.9 MB stored; 1.2 s; peak memory 249 MiB.
2026-10-09T16:38:34Z INFO [354/1000] 442a4633-51ed-45ff-a43b-223b8bc59690: 1149 arrays, 24.9 MB stored; 6.8 s; peak memory 249 MiB.
2026-10-09T16:38:35Z INFO [355/1000] 44292067-fb07-4825-b12b-39d16e970523: 61 arrays, 571.9 MB stored; 8.8 s; peak memory 249 MiB.
2026-10-09T16:38:35Z INFO [356/1000] 442e4884-39c7-4d53-a9af-9b8da058c071: 64 arrays, 0.0 MB stored; 1.1 s; peak memory 249 MiB.
2026-10-09T16:38:36Z INFO [357/1000] 442d6d5e-92dd-4424-aa07-8ee60eeeafd8: 525 arrays, 3.9 MB stored; 3.3 s; peak memory 249 MiB.
2026-10-09T16:38:36Z INFO [358/1000] 442f8ebd-1923-4c6c-9b4f-aef4869f0841: 48 arrays, 83.9 MB stored; 1.1 s; peak memory 249 MiB.
2026-10-09T16:38:37Z INFO [359/1000] 442f9127-20a7-459e-ab68-e2aaa81e7cc0: 48 arrays, 83.9 MB stored; 1.1 s; peak memory 249 MiB.
2026-10-09T16:38:37Z INFO [360/1000] 442e703d-4c20-4189-8181-1cd25665a791: 71 arrays, 117.4 MB stored; 2.2 s; peak memory 249 MiB.
2026-10-09T16:38:38Z INFO [361/1000] 442fb0fb-4295-4e6b-9059-04f8951e1514: 112 arrays, 0.9 MB stored; 1.4 s; peak memory 249 MiB.
2026-10-09T16:38:38Z INFO [362/1000] 44302ab2-5447-400c-96ac-244b6102ef60: 48 arrays, 83.9 MB stored; 1.2 s; peak memory 249 MiB.
2026-10-09T16:38:39Z INFO [363/1000] 4430b76c-122d-4cae-9725-3f3394f9d26c: 112 arrays, 0.9 MB stored; 1.2 s; peak memory 249 MiB.
2026-10-09T16:38:39Z INFO [364/1000] 4430f205-4e2a-4011-aa20-8510380673ed: 48 arrays, 83.9 MB stored; 1.2 s; peak memory 249 MiB.
2026-10-09T16:38:40Z INFO [365/1000] 44312748-e0ee-4d74-b585-248cdd460a2f: 117 arrays, 0.2 MB stored; 1.2 s; peak memory 249 MiB.
2026-10-09T16:38:40Z INFO [366/1000] 44326d3c-fa84-49a3-ab65-85b498affeb3: 116 arrays, 0.2 MB stored; 1.2 s; peak memory 249 MiB.
2026-10-09T16:38:40Z INFO [367/1000] 442fd769-ca0e-49e6-b41b-48c8773a7a2b: 589 arrays, 6.9 MB stored; 3.7 s; peak memory 249 MiB.
2026-10-09T16:38:41Z INFO [368/1000] 442b5a99-c380-466d-9a76-039e3cca66da: 44 arrays, 10375.8 MB stored; 12.8 s; peak memory 249 MiB.
2026-10-09T16:38:42Z INFO [369/1000] 4433c8a2-1d94-421b-84bc-e8ab8fe169d1: 112 arrays, 0.2 MB stored; 1.4 s; peak memory 249 MiB.
2026-10-09T16:38:43Z INFO [370/1000] 4435a843-3349-4783-b616-50f202c86c20: 118 arrays, 66.1 MB stored; 1.8 s; peak memory 249 MiB.
2026-10-09T16:38:44Z INFO [371/1000] 4438d7ac-c3ec-42d4-b0d4-16761a719ec8: 52 arrays, 11.4 MB stored; 1.2 s; peak memory 249 MiB.
2026-10-09T16:38:45Z INFO [372/1000] 44396262-64ab-4a0c-bb39-1f88c5b03915: 69 arrays, 267.0 MB stored; 1.3 s; peak memory 249 MiB.
2026-10-09T16:38:49Z INFO [373/1000] 443693aa-8907-4e44-b0a2-48326f1b74b1: 847 arrays, 26.4 MB stored; 7.1 s; peak memory 249 MiB.
2026-10-09T16:38:50Z INFO [374/1000] 44397ff4-98c8-4023-9564-2fba6cd2d900: 651 arrays, 8.9 MB stored; 4.5 s; peak memory 249 MiB.
2026-10-09T16:38:50Z INFO [375/1000] 4439a3a7-a919-4b0b-899e-af986b71a1d6: 66 arrays, 20.5 MB stored; 1.4 s; peak memory 249 MiB.
2026-10-09T16:38:51Z INFO [376/1000] 443a371f-1362-4c3f-9484-cc72acaf03de: 70 arrays, 17.0 MB stored; 1.5 s; peak memory 249 MiB.
2026-10-09T16:38:51Z INFO [377/1000] 443b6cde-388d-474b-82e1-31facc38e9af: 46 arrays, 0.1 MB stored; 0.8 s; peak memory 249 MiB.
2026-10-09T16:38:52Z INFO [378/1000] 44333275-dcd0-4665-b664-2711dbaebcab: 428 arrays, 848.4 MB stored; 12.1 s; peak memory 249 MiB.
2026-10-09T16:38:52Z INFO [379/1000] 443c5983-78d1-4d9b-bee1-f5e6b617cbc3: 63 arrays, 0.1 MB stored; 1.1 s; peak memory 249 MiB.
2026-10-09T16:38:53Z INFO [380/1000] 443b967d-87a8-4c02-be6f-f790dc5cd926: 119 arrays, 66.4 MB stored; 1.9 s; peak memory 249 MiB.
2026-10-09T16:38:53Z INFO [381/1000] 443c7159-13b3-4ddf-b75e-d1e8b0445f29: 116 arrays, 9.8 MB stored; 1.2 s; peak memory 249 MiB.
2026-10-09T16:38:53Z INFO [382/1000] 443c8bfa-36bc-48bf-9222-40b0f339d6f5: 48 arrays, 83.9 MB stored; 1.3 s; peak memory 249 MiB.
2026-10-09T16:38:54Z INFO [383/1000] 443d29ba-6c62-4f49-8186-06a5813d3aa1: 63 arrays, 0.2 MB stored; 1.1 s; peak memory 249 MiB.
2026-10-09T16:38:55Z INFO [384/1000] 443f0887-7824-48dd-9bd5-9181a7f47f8c: 72 arrays, 0.0 MB stored; 1.1 s; peak memory 249 MiB.
2026-10-09T16:38:55Z INFO [385/1000] 43f95a61-487a-4940-a38a-610aa22e929e: 167 arrays, 21251.8 MB stored; 122.6 s; peak memory 249 MiB.
2026-10-09T16:38:58Z INFO [386/1000] 443f4f15-a771-47c3-8672-431882e71f9f: 229 arrays, 239.9 MB stored; 4.1 s; peak memory 249 MiB.
2026-10-09T16:38:59Z INFO [387/1000] 443fbc41-2692-4ac6-9814-beaf69790c28: 46 arrays, 0.0 MB stored; 0.8 s; peak memory 249 MiB.
2026-10-09T16:38:59Z INFO [388/1000] 443dc188-0eaf-42a3-9fdc-ee9e08484d2f: 193 arrays, 1134.2 MB stored; 5.8 s; peak memory 249 MiB.
2026-10-09T16:39:01Z INFO [389/1000] 444007f8-3178-4069-9c71-e3f10132b3e8: 69 arrays, 102.9 MB stored; 1.6 s; peak memory 249 MiB.
2026-10-09T16:39:02Z INFO [390/1000] 444035d5-459b-49ec-9b5f-c73123a548c0: 118 arrays, 0.3 MB stored; 1.1 s; peak memory 249 MiB.
2026-10-09T16:39:03Z INFO [391/1000] 443f603f-3ba3-4976-a6e3-5a2ac4d794e7: 1195 arrays, 42.0 MB stored; 8.2 s; peak memory 249 MiB.
2026-10-09T16:39:03Z INFO [392/1000] 4440527d-913e-4b4f-90c0-7d150ce22648: 74 arrays, 61.1 MB stored; 1.4 s; peak memory 249 MiB.
2026-10-09T16:39:04Z INFO [393/1000] 4440c9dd-0581-4879-b122-a3581cad3844: 84 arrays, 0.1 MB stored; 1.2 s; peak memory 249 MiB.
2026-10-09T16:39:04Z INFO [394/1000] 443fba50-f31d-41be-89f5-2378b50c337e: 1095 arrays, 42.8 MB stored; 8.8 s; peak memory 249 MiB.
2026-10-09T16:39:04Z INFO [395/1000] 4441307e-00b4-472f-ab9c-29e3050b27ea: 48 arrays, 83.9 MB stored; 1.1 s; peak memory 249 MiB.
2026-10-09T16:39:05Z INFO [396/1000] 444162d7-d9f5-4125-a8c4-9d5e56116754: 46 arrays, 3.5 MB stored; 1.2 s; peak memory 249 MiB.
2026-10-09T16:39:05Z INFO [397/1000] 4441625c-2ac3-4fad-b695-a40cd3b54aff: 112 arrays, 0.7 MB stored; 1.4 s; peak memory 249 MiB.
2026-10-09T16:39:06Z INFO [398/1000] 44418587-a360-4781-b957-85420832075f: 48 arrays, 83.9 MB stored; 1.2 s; peak memory 249 MiB.
2026-10-09T16:39:07Z INFO [399/1000] 4441ede5-80b5-43f3-bfff-533941ab6d5d: 116 arrays, 0.4 MB stored; 1.3 s; peak memory 249 MiB.
2026-10-09T16:39:07Z INFO [400/1000] 444222fc-500f-434a-8f6a-d2ab0b786f4f: 48 arrays, 83.9 MB stored; 1.2 s; peak memory 249 MiB.
2026-10-09T16:39:08Z INFO [400/1000] 444222fc-500f-434a-8f6a-d2ab0b786f4f: checkpointed 400 new records.
2026-10-09T16:39:08Z INFO [401/1000] 4442e79a-ac21-4fe6-a413-6452a2dec142: 58 arrays, 0.0 MB stored; 1.2 s; peak memory 334 MiB.
2026-10-09T16:39:08Z INFO [402/1000] 4442a8ce-3b58-4dac-92a3-4d84d704a120: 289 arrays, 17.1 MB stored; 1.5 s; peak memory 334 MiB.
2026-10-09T16:39:09Z INFO [403/1000] 4443043c-74c5-4b89-8dee-cd2da011207a: 64 arrays, 86.3 MB stored; 1.6 s; peak memory 334 MiB.
2026-10-09T16:39:11Z INFO [404/1000] 4443b225-a1fd-466f-a487-c8c99dd5e0e6: 116 arrays, 0.3 MB stored; 1.2 s; peak memory 334 MiB.
2026-10-09T16:39:12Z INFO [405/1000] 4443cda5-d378-40c0-896f-1ab183eb7f1b: 48 arrays, 83.9 MB stored; 1.1 s; peak memory 334 MiB.
2026-10-09T16:39:12Z INFO [406/1000] 44429e27-b0dc-4244-b840-efb3c2eb2e05: 339 arrays, 48.0 MB stored; 6.5 s; peak memory 334 MiB.
2026-10-09T16:39:13Z INFO [407/1000] 4443f640-3b4b-4dbf-9d7f-8b30b3f6d727: 46 arrays, 0.1 MB stored; 1.0 s; peak memory 334 MiB.
2026-10-09T16:39:13Z INFO [408/1000] 44441ded-2b0a-4b78-afb9-7e85f9f9d618: 118 arrays, 0.3 MB stored; 1.2 s; peak memory 334 MiB.
2026-10-09T16:39:14Z INFO [409/1000] 44442b8c-97fa-4831-b859-765263764814: 84 arrays, 0.7 MB stored; 1.4 s; peak memory 334 MiB.
2026-10-09T16:39:15Z INFO [410/1000] 44447fdd-5b1a-4855-a617-209ece1da830: 112 arrays, 1.2 MB stored; 1.6 s; peak memory 334 MiB.
2026-10-09T16:39:15Z INFO [411/1000] 4444fd23-254f-4fd0-a366-fa809f5bb8c6: 52 arrays, 14.1 MB stored; 1.2 s; peak memory 334 MiB.
2026-10-09T16:39:16Z INFO [412/1000] 444333b6-8248-4ac0-9164-b1467f14e079: 402 arrays, 14485.2 MB stored; 8.1 s; peak memory 334 MiB.
2026-10-09T16:39:17Z INFO [413/1000] 4446da81-f7a5-4395-a27b-bc1ea3fdebf7: 48 arrays, 83.9 MB stored; 1.1 s; peak memory 334 MiB.
2026-10-09T16:39:17Z INFO [414/1000] 4446cced-a176-4972-b9a2-7eaaeefca64b: 66 arrays, 136.3 MB stored; 1.9 s; peak memory 334 MiB.
2026-10-09T16:39:18Z INFO [415/1000] 44472990-14ca-4a11-97a5-62c5d14b18f9: 117 arrays, 0.4 MB stored; 1.3 s; peak memory 334 MiB.
2026-10-09T16:39:18Z INFO [416/1000] 4447b7e0-516f-44a6-9e50-538336fe3251: 48 arrays, 83.9 MB stored; 1.4 s; peak memory 334 MiB.
2026-10-09T16:39:18Z INFO [417/1000] 44472aed-e456-4aae-822f-e9a9c3825a5f: 66 arrays, 36.1 MB stored; 1.7 s; peak memory 334 MiB.
2026-10-09T16:39:20Z INFO [418/1000] 44485376-87d5-4b2b-bbd5-dc79facbc7d6: 102 arrays, 19.8 MB stored; 1.7 s; peak memory 334 MiB.
2026-10-09T16:39:20Z INFO [419/1000] 444846e6-c663-474f-a343-9a507be94ce2: 119 arrays, 67.5 MB stored; 2.3 s; peak memory 334 MiB.
2026-10-09T16:39:21Z INFO [420/1000] 4448d21e-e92e-44eb-b90b-4d51f6f27af8: 48 arrays, 83.9 MB stored; 1.2 s; peak memory 334 MiB.
2026-10-09T16:39:21Z INFO [421/1000] 4448eca7-5ef1-4af7-87c0-aac0e53d3ce6: 48 arrays, 83.9 MB stored; 1.1 s; peak memory 334 MiB.
2026-10-09T16:39:22Z INFO [422/1000] 4447f568-3080-44a0-9a9f-0345c00405fc: 223 arrays, 296.2 MB stored; 4.3 s; peak memory 334 MiB.
2026-10-09T16:39:22Z INFO [423/1000] 44494f07-88f1-4e3d-a0ff-2166cdf88e74: 114 arrays, 0.1 MB stored; 1.1 s; peak memory 334 MiB.
2026-10-09T16:39:23Z INFO [424/1000] 4449fad8-e39d-4a78-bcc1-bf3384020da0: 38 arrays, 0.5 MB stored; 1.0 s; peak memory 334 MiB.
2026-10-09T16:39:24Z INFO [425/1000] 444b19e8-86c1-40fe-86cf-11aef4a552ed: 52 arrays, 9.8 MB stored; 1.2 s; peak memory 334 MiB.
2026-10-09T16:39:25Z INFO [426/1000] 444d703d-d46a-4bf4-a2c3-8a5d7dd75344: 48 arrays, 83.9 MB stored; 1.2 s; peak memory 334 MiB.
2026-10-09T16:39:26Z INFO [427/1000] 444af14f-626b-41b4-9407-5e723353bdc9: 804 arrays, 9.3 MB stored; 4.1 s; peak memory 334 MiB.
2026-10-09T16:39:33Z INFO [428/1000] 43b2485f-1ac6-4965-9466-789d04466c23: 62 arrays, 39788.2 MB stored; 261.0 s; peak memory 334 MiB.
2026-10-09T16:39:34Z INFO [429/1000] 444de7ce-1eb9-4b1f-a20d-85a30ebbd733: 5874 arrays, 1445.4 MB stored; 7.3 s; peak memory 334 MiB.
2026-10-09T16:39:35Z INFO [430/1000] 44500974-89af-411f-b535-6b40e1b7bedc: 48 arrays, 83.9 MB stored; 1.2 s; peak memory 334 MiB.
2026-10-09T16:39:36Z INFO [431/1000] 445163a3-9b7e-43e0-b76d-1149be03b03b: 48 arrays, 83.9 MB stored; 1.2 s; peak memory 334 MiB.
2026-10-09T16:39:37Z INFO [432/1000] 43a695b0-58bb-4879-973b-cc6c08ffd337: 163 arrays, 285191.3 MB stored; 276.0 s; peak memory 334 MiB.
2026-10-09T16:39:37Z INFO [433/1000] 4451735d-9144-4417-8ce3-d6262a488aae: 117 arrays, 0.4 MB stored; 1.3 s; peak memory 334 MiB.
2026-10-09T16:39:39Z INFO [434/1000] 4451b853-81ec-4669-864f-4856bd6ac505: 59 arrays, 125.2 MB stored; 1.4 s; peak memory 334 MiB.
2026-10-09T16:39:39Z INFO [435/1000] 444eb446-084b-4e6d-9ea3-ad3998360e0b: 1053 arrays, 22.7 MB stored; 6.3 s; peak memory 334 MiB.
2026-10-09T16:39:40Z INFO [436/1000] 44532b31-c15e-43ac-af37-fd8eb231993a: 48 arrays, 83.9 MB stored; 1.1 s; peak memory 334 MiB.
2026-10-09T16:39:40Z INFO [437/1000] 4451e66d-8658-47ab-8870-fce5db2099b4: 156 arrays, 193.5 MB stored; 2.5 s; peak memory 334 MiB.
2026-10-09T16:39:41Z INFO [438/1000] 44535276-b417-44df-82de-7f1bd1634d15: 48 arrays, 83.9 MB stored; 1.2 s; peak memory 334 MiB.
2026-10-09T16:39:41Z INFO [439/1000] 4454b4d1-648a-42cf-a8ea-8f566f32c22a: 117 arrays, 0.2 MB stored; 1.3 s; peak memory 334 MiB.
2026-10-09T16:39:42Z INFO [440/1000] 4454fdf8-334d-40b9-b91f-569ec2a5ee43: 48 arrays, 83.9 MB stored; 1.2 s; peak memory 334 MiB.
2026-10-09T16:39:42Z INFO [441/1000] 4454ed1e-be7c-4441-bd55-6da4331b3120: 140 arrays, 23.5 MB stored; 2.2 s; peak memory 334 MiB.
2026-10-09T16:39:43Z INFO [442/1000] 44553f55-ac81-4207-818a-b9d969320212: 71 arrays, 145.4 MB stored; 1.9 s; peak memory 334 MiB.
2026-10-09T16:39:43Z INFO [443/1000] 44558d69-1170-423e-b240-ec9a91788d8b: 50 arrays, 1.8 MB stored; 1.2 s; peak memory 334 MiB.
2026-10-09T16:39:44Z INFO [444/1000] 4455ab7b-24e2-4d17-a137-38190b8fa344: 47 arrays, 0.3 MB stored; 1.1 s; peak memory 334 MiB.
2026-10-09T16:39:44Z INFO [445/1000] 445658e0-8d8a-4bb0-b93e-1c30deca76ff: 51 arrays, 3881.8 MB stored; 1.4 s; peak memory 334 MiB.
2026-10-09T16:39:45Z INFO [446/1000] 44568b3e-0b87-4edd-8103-267518433f04: 48 arrays, 83.9 MB stored; 1.2 s; peak memory 334 MiB.
2026-10-09T16:39:45Z INFO [447/1000] 4456f7bb-8325-4727-b98d-f10b8cb23b58: 50 arrays, 5.9 MB stored; 0.9 s; peak memory 334 MiB.
2026-10-09T16:39:46Z INFO [448/1000] 44570549-f3e7-4810-9d4d-d82c93e3ff83: 39 arrays, 16.9 MB stored; 1.2 s; peak memory 334 MiB.
2026-10-09T16:39:47Z INFO [449/1000] 44576033-9d4b-40db-acdf-fadc0964f65a: 112 arrays, 0.7 MB stored; 1.4 s; peak memory 334 MiB.
2026-10-09T16:39:47Z INFO [450/1000] 4457b769-9c97-4f43-bb39-ff983d8fa65f: 46 arrays, 0.1 MB stored; 0.9 s; peak memory 334 MiB.
2026-10-09T16:39:48Z INFO [451/1000] 4458a92f-53db-4a22-9c33-8bba7f9e90a1: 57 arrays, 0.0 MB stored; 1.0 s; peak memory 334 MiB.
2026-10-09T16:39:49Z INFO [452/1000] 4458d327-c0e1-4c7d-acfc-2351f8ba408c: 38 arrays, 0.5 MB stored; 1.0 s; peak memory 334 MiB.
2026-10-09T16:39:49Z INFO [453/1000] 44586f2b-e54d-48ab-9736-bebbdd091ccd: 48 arrays, 34.7 MB stored; 2.5 s; peak memory 334 MiB.
2026-10-09T16:39:51Z INFO [454/1000] 4459a324-b3d1-485f-896c-8c693a05a1cd: 112 arrays, 0.7 MB stored; 1.6 s; peak memory 334 MiB.
2026-10-09T16:39:51Z INFO [455/1000] 445979b2-7d14-46da-b746-f6c71027a353: 92 arrays, 37.4 MB stored; 2.1 s; peak memory 334 MiB.
2026-10-09T16:39:52Z INFO [456/1000] 44559e8d-d6df-4b5d-a4d9-ec3629c0b31f: 1278 arrays, 26.7 MB stored; 9.6 s; peak memory 334 MiB.
2026-10-09T16:39:52Z INFO [457/1000] 4459af31-96b9-4cbf-b579-da937ecee2a2: 48 arrays, 83.9 MB stored; 1.1 s; peak memory 334 MiB.
2026-10-09T16:39:53Z INFO [458/1000] 445a3077-ff7e-4e2e-ae0a-20e60b1c2c81: 112 arrays, 0.8 MB stored; 1.5 s; peak memory 334 MiB.
2026-10-09T16:39:54Z INFO [459/1000] 445a8a63-e881-429a-8d6a-595f7ee3f4b5: 119 arrays, 66.4 MB stored; 1.9 s; peak memory 334 MiB.
2026-10-09T16:39:54Z INFO [460/1000] 445aadbb-72a3-44c0-8355-d0f2c3d7e4c9: 118 arrays, 66.1 MB stored; 1.9 s; peak memory 334 MiB.
2026-10-09T16:39:54Z INFO [461/1000] 445b781e-5516-4007-b36f-38d315dedf57: 112 arrays, 0.3 MB stored; 1.3 s; peak memory 334 MiB.
2026-10-09T16:39:55Z INFO [462/1000] 445b8c38-7755-4fb7-bb15-636b6dc12323: 69 arrays, 49.5 MB stored; 1.6 s; peak memory 334 MiB.
2026-10-09T16:39:55Z INFO [463/1000] 445c0ef0-da23-46d6-af01-185e12450598: 48 arrays, 83.9 MB stored; 1.2 s; peak memory 334 MiB.
2026-10-09T16:39:56Z INFO [464/1000] 445bf76b-25a9-4838-b717-bb643f15831a: 123 arrays, 5.2 MB stored; 2.1 s; peak memory 334 MiB.
2026-10-09T16:39:57Z INFO [465/1000] 445cb086-f147-4a11-8eda-4ecffbd92485: 48 arrays, 83.9 MB stored; 1.3 s; peak memory 334 MiB.
2026-10-09T16:39:57Z INFO [466/1000] 445cbc1e-a4e1-41c0-ab30-0d71bc1669d8: 117 arrays, 0.2 MB stored; 1.3 s; peak memory 334 MiB.
2026-10-09T16:39:58Z INFO [467/1000] 445da409-147b-4306-a6f7-5385536b528d: 48 arrays, 83.9 MB stored; 1.3 s; peak memory 334 MiB.
2026-10-09T16:39:58Z INFO [468/1000] 445d28f9-d8c1-48c5-a4b6-8f301186c88c: 118 arrays, 24.7 MB stored; 2.0 s; peak memory 334 MiB.
2026-10-09T16:39:59Z INFO [469/1000] 445e7639-c6c8-43c4-aa86-8fa787769e28: 116 arrays, 0.4 MB stored; 1.3 s; peak memory 334 MiB.
2026-10-09T16:40:01Z INFO [470/1000] 445d7e01-a349-4973-9544-ee9b7a79c45a: 229 arrays, 250.0 MB stored; 4.1 s; peak memory 334 MiB.
2026-10-09T16:40:01Z INFO [471/1000] 445e96bf-5c65-4be0-952d-ad76d3bcc066: 48 arrays, 83.9 MB stored; 1.3 s; peak memory 334 MiB.
2026-10-09T16:40:02Z INFO [472/1000] 445e9722-2637-404b-8985-2f46408e74fb: 116 arrays, 9.8 MB stored; 1.2 s; peak memory 334 MiB.
2026-10-09T16:40:02Z INFO [473/1000] 445f3bfc-14d4-443a-8dda-8d905e0d9bd5: 117 arrays, 0.6 MB stored; 1.5 s; peak memory 334 MiB.
2026-10-09T16:40:03Z INFO [474/1000] 445e1a11-42b9-44ec-8b3e-025418f5969d: 56 arrays, 35.7 MB stored; 4.9 s; peak memory 334 MiB.
2026-10-09T16:40:04Z INFO [475/1000] 44496d14-ff18-45fc-9666-2beef5d22f66: 6479 arrays, 464.6 MB stored; 42.8 s; peak memory 334 MiB.
2026-10-09T16:40:04Z INFO [476/1000] 44601b47-87a7-4cbf-81c0-8afe70ff24c2: 115 arrays, 190.1 MB stored; 2.3 s; peak memory 334 MiB.
2026-10-09T16:40:04Z INFO [477/1000] 445fcc88-3dca-4395-aba3-8ecb95863320: 90 arrays, 3238.0 MB stored; 2.7 s; peak memory 334 MiB.
2026-10-09T16:40:05Z INFO [478/1000] 4460f716-98f3-49ed-ae75-1e923bf82ad2: 38 arrays, 0.5 MB stored; 1.1 s; peak memory 334 MiB.
2026-10-09T16:40:06Z INFO [479/1000] 4461ef13-a1fa-4b4d-9a6c-574ec45ee19c: 112 arrays, 0.3 MB stored; 1.3 s; peak memory 334 MiB.
2026-10-09T16:40:07Z INFO [480/1000] 4461f012-0b2b-4ae9-8676-9a8628a745c9: 66 arrays, 69.9 MB stored; 1.5 s; peak memory 334 MiB.
2026-10-09T16:40:07Z INFO [481/1000] 44622073-a93e-4680-b9a3-78abbe1f553e: 117 arrays, 0.3 MB stored; 1.3 s; peak memory 334 MiB.
2026-10-09T16:40:08Z INFO [482/1000] 44625006-6c8a-46a5-9a0c-3042e91d58a8: 50 arrays, 3.3 MB stored; 1.0 s; peak memory 334 MiB.
2026-10-09T16:40:08Z INFO [483/1000] 44624132-5955-4e6f-9c68-d2262d35fd18: 112 arrays, 0.6 MB stored; 1.4 s; peak memory 334 MiB.
2026-10-09T16:40:09Z INFO [484/1000] 44618047-f819-4579-a65e-8420061baf65: 223 arrays, 254.5 MB stored; 4.1 s; peak memory 334 MiB.
2026-10-09T16:40:12Z INFO [485/1000] 44637c57-b68b-4b4b-b5a6-ae83ec9c6c30: 246 arrays, 12.7 MB stored; 3.8 s; peak memory 334 MiB.
2026-10-09T16:40:13Z INFO [486/1000] 44633f59-0959-440a-b64c-90a9fa6ed1a7: 208 arrays, 461.0 MB stored; 4.9 s; peak memory 334 MiB.
2026-10-09T16:40:14Z INFO [487/1000] 4464fa44-7fd9-41a4-ba9f-d846ea55dc5e: 117 arrays, 0.5 MB stored; 1.4 s; peak memory 334 MiB.
2026-10-09T16:40:16Z INFO [488/1000] 44656e13-5c3a-4a30-89c4-693974ae63e9: 48 arrays, 83.9 MB stored; 1.2 s; peak memory 334 MiB.
2026-10-09T16:40:17Z INFO [489/1000] 4465f280-f5bc-49f8-8179-000c568b5d41: 112 arrays, 0.3 MB stored; 1.3 s; peak memory 334 MiB.
2026-10-09T16:40:19Z INFO [490/1000] 44634eac-3af4-4358-beb3-c1279e1e6845: 38 arrays, 315.6 MB stored; 10.4 s; peak memory 334 MiB.
2026-10-09T16:40:27Z INFO [491/1000] 446659d0-39a7-49fc-9bde-98b0d93e438e: 409 arrays, 12773.0 MB stored; 8.1 s; peak memory 334 MiB.
2026-10-09T16:40:27Z INFO [492/1000] 44663b28-dec1-4a10-a331-876c7d0b4c99: 889 arrays, 24.0 MB stored; 10.1 s; peak memory 334 MiB.
2026-10-09T16:40:28Z INFO [493/1000] 446679c2-6108-4f42-ae9d-f1cb6d373c44: 48 arrays, 83.9 MB stored; 1.1 s; peak memory 334 MiB.
2026-10-09T16:40:28Z INFO [494/1000] 4467b735-c910-4e35-ba2a-d4df189933c6: 48 arrays, 83.9 MB stored; 1.2 s; peak memory 334 MiB.
2026-10-09T16:40:29Z INFO [495/1000] 44682323-4375-4fe3-b902-6b93a3a95122: 48 arrays, 83.9 MB stored; 1.2 s; peak memory 334 MiB.
2026-10-09T16:40:30Z INFO [496/1000] 44687618-e9af-4d57-9eca-edbe712cbf11: 112 arrays, 0.3 MB stored; 1.3 s; peak memory 334 MiB.
2026-10-09T16:40:30Z INFO [497/1000] 4469dd1b-98a9-4cac-9729-957753ce2445: 71 arrays, 4.0 MB stored; 1.5 s; peak memory 334 MiB.
2026-10-09T16:40:33Z INFO [498/1000] 446a334e-47a0-4e4a-a7a0-97e652fdde61: 90 arrays, 133.9 MB stored; 2.3 s; peak memory 334 MiB.
2026-10-09T16:40:33Z INFO [499/1000] 4469ee1a-1bd3-4f59-af7a-67e05740524d: 528 arrays, 5.5 MB stored; 3.9 s; peak memory 334 MiB.
2026-10-09T16:40:35Z INFO [500/1000] 446a98e6-cb21-4de0-bb7d-2230a1ef576d: 48 arrays, 83.9 MB stored; 1.1 s; peak memory 334 MiB.
2026-10-09T16:40:37Z INFO [501/1000] 446a5f40-fb07-40e3-84ec-71d36fb9dacc: 537 arrays, 8.0 MB stored; 4.5 s; peak memory 334 MiB.
2026-10-09T16:40:40Z INFO [502/1000] 446acfdb-71d5-49db-b788-3be5190439a8: 163 arrays, 12.0 MB stored; 2.4 s; peak memory 334 MiB.
2026-10-09T16:40:41Z INFO [503/1000] 446b1a99-7004-4955-bfd8-9778ec7d9408: 57 arrays, 0.0 MB stored; 0.9 s; peak memory 334 MiB.
2026-10-09T16:40:42Z INFO [504/1000] 446aacf9-cc8b-431c-a818-a1b41f812a5d: 1112 arrays, 41.6 MB stored; 7.7 s; peak memory 334 MiB.
2026-10-09T16:40:43Z INFO [505/1000] 446b7b3e-3eec-4317-baba-75e5ba07f2af: 46 arrays, 12.6 MB stored; 1.1 s; peak memory 334 MiB.
2026-10-09T16:40:43Z INFO [506/1000] 443474e6-7caa-479b-be8e-d940c07befe8: 167 arrays, 21059.7 MB stored; 123.0 s; peak memory 334 MiB.
2026-10-09T16:40:44Z INFO [507/1000] 444d8580-a38a-4722-8d9c-aeb47e2dc2fd: 62 arrays, 98754.8 MB stored; 78.5 s; peak memory 334 MiB.
2026-10-09T16:40:44Z INFO [508/1000] 446bcbcc-3b83-4577-b7f3-0351c54e10fb: 56 arrays, 0.0 MB stored; 1.1 s; peak memory 334 MiB.
2026-10-09T16:40:45Z INFO [509/1000] 446b4f1c-6f94-4192-96d7-6594b8d0d3cc: 229 arrays, 291.2 MB stored; 4.2 s; peak memory 334 MiB.
2026-10-09T16:40:45Z INFO [510/1000] 446c6d01-acb6-42ef-ad9f-c099c09c9e31: 52 arrays, 14.3 MB stored; 1.3 s; peak memory 334 MiB.
2026-10-09T16:40:46Z INFO [511/1000] 446c660a-47e9-498c-9cc3-2a3cf564f910: 84 arrays, 283.7 MB stored; 2.4 s; peak memory 334 MiB.
2026-10-09T16:40:46Z INFO [512/1000] 446d4010-ce71-4815-8dca-a697ae794e20: 77 arrays, 0.0 MB stored; 1.3 s; peak memory 334 MiB.
2026-10-09T16:40:46Z INFO [513/1000] 446d12ea-1a33-4a44-a166-d67a889e801a: 112 arrays, 0.6 MB stored; 1.5 s; peak memory 334 MiB.
2026-10-09T16:40:46Z INFO [514/1000] 446dc862-7c02-4b92-9dcb-db80f5b0740c: 118 arrays, 0.2 MB stored; 1.4 s; peak memory 334 MiB.
2026-10-09T16:40:47Z INFO [515/1000] 446e2036-8d2e-4b38-9455-c1f0e357912d: 117 arrays, 0.3 MB stored; 1.4 s; peak memory 334 MiB.
2026-10-09T16:40:47Z INFO [516/1000] 446e590a-a064-494d-b8e2-c94d85c744a0: 112 arrays, 0.3 MB stored; 1.5 s; peak memory 334 MiB.
2026-10-09T16:40:48Z INFO [517/1000] 446e655b-bf1e-4dd3-a5da-e50ae642da36: 48 arrays, 83.9 MB stored; 1.1 s; peak memory 334 MiB.
2026-10-09T16:40:48Z INFO [518/1000] 446e4c95-c597-481c-8fb4-71d978833b98: 112 arrays, 0.3 MB stored; 1.6 s; peak memory 334 MiB.
2026-10-09T16:40:49Z INFO [519/1000] 446e6909-3435-41b0-b97c-cbf93753d895: 121 arrays, 0.1 MB stored; 1.3 s; peak memory 334 MiB.
2026-10-09T16:40:49Z INFO [520/1000] 4470ba23-74d1-42bf-84bd-9c0a836eb8b4: 112 arrays, 0.7 MB stored; 1.8 s; peak memory 334 MiB.
2026-10-09T16:40:50Z INFO [521/1000] 447095f0-6cdc-4c56-ab12-0a4c450df032: 54 arrays, 925.2 MB stored; 2.2 s; peak memory 334 MiB.
2026-10-09T16:40:50Z INFO [522/1000] 44710d5e-4612-4eaa-b1c5-2e66ba09a7f1: 74 arrays, 3.2 MB stored; 1.5 s; peak memory 334 MiB.
2026-10-09T16:40:51Z INFO [523/1000] 44712854-a17d-4dad-8317-db5d337fa153: 84 arrays, 5.3 MB stored; 1.5 s; peak memory 334 MiB.
2026-10-09T16:40:51Z INFO [524/1000] 44729cea-65ed-4b0d-82df-7f5c09000dfa: 49 arrays, 1.2 MB stored; 1.2 s; peak memory 334 MiB.
2026-10-09T16:40:52Z INFO [525/1000] 4472b41d-4987-472a-a9a8-de95ed9ac36d: 112 arrays, 0.8 MB stored; 1.4 s; peak memory 334 MiB.
2026-10-09T16:40:53Z INFO [526/1000] 4472b615-8fba-48f4-92b1-3355c9a3b502: 52 arrays, 13.6 MB stored; 1.1 s; peak memory 334 MiB.
2026-10-09T16:40:53Z INFO [527/1000] 44730d2b-1b64-4f76-9c33-089e81d8cb14: 48 arrays, 83.9 MB stored; 1.0 s; peak memory 334 MiB.
2026-10-09T16:40:54Z INFO [528/1000] 44734561-ca85-4df6-b5f5-ee8724770033: 112 arrays, 1.1 MB stored; 1.4 s; peak memory 334 MiB.
2026-10-09T16:40:55Z INFO [529/1000] 447108c8-ce11-4265-b54e-cec79548147d: 107 arrays, 81.0 MB stored; 7.9 s; peak memory 334 MiB.
2026-10-09T16:40:56Z INFO [530/1000] 447410c6-c655-4dd4-93db-2ff817b5e2e4: 158 arrays, 1.2 MB stored; 2.0 s; peak memory 334 MiB.
2026-10-09T16:40:56Z INFO [531/1000] 44722c49-6b56-4973-b87b-f28e7a1f426d: 974 arrays, 23.8 MB stored; 6.5 s; peak memory 334 MiB.
2026-10-09T16:40:57Z INFO [532/1000] 4473ec14-d04a-46e6-ac06-b05f3ee37fe9: 269 arrays, 39.8 MB stored; 3.5 s; peak memory 334 MiB.
2026-10-09T16:40:57Z INFO [533/1000] 44741cee-1a4d-4717-ac72-22b29b7704a1: 112 arrays, 0.5 MB stored; 1.4 s; peak memory 334 MiB.
2026-10-09T16:40:58Z INFO [534/1000] 4474c11e-b0bb-4fea-98bb-1033f1f38de1: 124 arrays, 0.8 MB stored; 1.6 s; peak memory 334 MiB.
2026-10-09T16:40:58Z INFO [535/1000] 44750d6d-d11b-4d82-b2e6-a31c819edcf1: 41 arrays, 8.4 MB stored; 1.0 s; peak memory 334 MiB.
2026-10-09T16:40:58Z INFO [536/1000] 4474f892-bb90-48cf-8bcd-d35467ad48a5: 48 arrays, 83.9 MB stored; 1.1 s; peak memory 334 MiB.
2026-10-09T16:40:59Z INFO [537/1000] 4474e9ba-5702-4585-8224-bee4c54a54dc: 116 arrays, 187.0 MB stored; 2.3 s; peak memory 334 MiB.
2026-10-09T16:40:59Z INFO [538/1000] 44752c6b-fd63-43e2-915f-b1aa7a0d128c: 48 arrays, 83.9 MB stored; 1.3 s; peak memory 334 MiB.
2026-10-09T16:40:59Z INFO [539/1000] 4476007b-4ab8-481f-b67e-735a461cfb99: 48 arrays, 83.9 MB stored; 1.3 s; peak memory 334 MiB.
2026-10-09T16:41:00Z INFO [540/1000] 44761f49-6154-4e28-9b90-556917ce96a0: 48 arrays, 83.9 MB stored; 1.2 s; peak memory 334 MiB.
2026-10-09T16:41:00Z INFO [541/1000] 44763bb1-a25c-462b-9afa-1a82ea0626d6: 48 arrays, 83.9 MB stored; 1.2 s; peak memory 334 MiB.
2026-10-09T16:41:01Z INFO [542/1000] 447650b8-8d4e-4e44-ada1-f7458e575ac9: 110 arrays, 0.5 MB stored; 1.3 s; peak memory 334 MiB.
2026-10-09T16:41:02Z INFO [543/1000] 447785d6-a726-4c6c-bf8f-17437aa1e098: 48 arrays, 83.9 MB stored; 1.1 s; peak memory 334 MiB.
2026-10-09T16:41:02Z INFO [544/1000] 44757736-5f98-499d-8917-f7803fb09293: 518 arrays, 7.3 MB stored; 4.7 s; peak memory 334 MiB.
2026-10-09T16:41:03Z INFO [545/1000] 4477cf45-d4f3-4dc8-a24c-a4e3aef9587d: 52 arrays, 14.0 MB stored; 1.2 s; peak memory 334 MiB.
2026-10-09T16:41:04Z INFO [546/1000] 44402fdb-5d0e-4234-8129-46c53a5a5cda: 167 arrays, 21162.3 MB stored; 124.5 s; peak memory 334 MiB.
2026-10-09T16:41:04Z INFO [547/1000] 447ab2d1-b2da-4cb0-97e7-3f094f1fcbae: 74 arrays, 1.4 MB stored; 1.1 s; peak memory 334 MiB.
2026-10-09T16:41:04Z INFO [548/1000] 4478eb88-608a-4e3e-ad3b-c39839fcc039: 42 arrays, 35.9 MB stored; 1.5 s; peak memory 334 MiB.
2026-10-09T16:41:04Z INFO [549/1000] 4476f3ee-a04f-4fd3-ae2a-edbc3e190c76: 538 arrays, 8.3 MB stored; 4.7 s; peak memory 334 MiB.
2026-10-09T16:41:05Z INFO [550/1000] 447b52b2-66d0-4803-9e12-3191deeb60eb: 48 arrays, 83.9 MB stored; 1.1 s; peak memory 334 MiB.
2026-10-09T16:41:05Z INFO [551/1000] 447b90cb-67a6-466e-9855-069e83d22f5c: 112 arrays, 0.7 MB stored; 1.5 s; peak memory 334 MiB.
2026-10-09T16:41:06Z INFO [552/1000] 447bd01a-ec54-4e72-b259-53f32329aeaa: 46 arrays, 3395.6 MB stored; 1.2 s; peak memory 334 MiB.
2026-10-09T16:41:06Z INFO [553/1000] 447bde26-4006-41ab-8e4a-896af2a54988: 46 arrays, 0.1 MB stored; 1.0 s; peak memory 334 MiB.
2026-10-09T16:41:07Z INFO [554/1000] 447c647e-d0f9-488c-92a0-6453ea59d9f3: 48 arrays, 83.9 MB stored; 1.2 s; peak memory 334 MiB.
2026-10-09T16:41:08Z INFO [555/1000] 447c9980-eed1-48ff-941f-59a9e312cdba: 69 arrays, 39.3 MB stored; 1.8 s; peak memory 334 MiB.
2026-10-09T16:41:08Z INFO [556/1000] 447caf87-b6c5-48a1-96cc-17616d11597d: 245 arrays, 5.0 MB stored; 2.2 s; peak memory 334 MiB.
2026-10-09T16:41:08Z INFO [557/1000] 447d73a9-143d-4b0e-96ca-66f71c72d80a: 46 arrays, 0.1 MB stored; 0.9 s; peak memory 334 MiB.
2026-10-09T16:41:09Z INFO [558/1000] 447d19f2-e73a-4565-9ca3-58580f467aa5: 78 arrays, 807.7 MB stored; 2.1 s; peak memory 334 MiB.
2026-10-09T16:41:09Z INFO [559/1000] 447ddf6b-fc35-4d60-abbc-39e9ca72a3ff: 46 arrays, 0.0 MB stored; 1.0 s; peak memory 334 MiB.
2026-10-09T16:41:10Z INFO [560/1000] 447e49fa-9e71-41c0-9b0c-e311237cf147: 117 arrays, 0.4 MB stored; 1.4 s; peak memory 334 MiB.
2026-10-09T16:41:10Z INFO [561/1000] 447e9d1c-10b6-419c-b49d-9fea8b6d2397: 48 arrays, 83.9 MB stored; 1.1 s; peak memory 334 MiB.
2026-10-09T16:41:11Z INFO [562/1000] 447dd07c-d969-468c-9da0-d3a3368f28f5: 360 arrays, 3.0 MB stored; 2.9 s; peak memory 334 MiB.
2026-10-09T16:41:11Z INFO [563/1000] 447eb3f7-6165-4384-81f4-f95cfc05152f: 46 arrays, 0.0 MB stored; 1.0 s; peak memory 334 MiB.
2026-10-09T16:41:12Z INFO [564/1000] 447717f5-14b4-436e-9d05-706f8cf12492: 277 arrays, 621.9 MB stored; 12.2 s; peak memory 334 MiB.
2026-10-09T16:41:13Z INFO [565/1000] 447fd08c-8bdb-4359-b7e1-569e5043409e: 112 arrays, 0.7 MB stored; 1.5 s; peak memory 334 MiB.
2026-10-09T16:41:14Z INFO [566/1000] 448079a8-02a2-4893-b3a8-406d04dd4292: 71 arrays, 4.1 MB stored; 1.5 s; peak memory 334 MiB.
2026-10-09T16:41:14Z INFO [567/1000] 447f62e1-0c02-4f2e-93a6-71bee7af59b2: 208 arrays, 47.5 MB stored; 3.9 s; peak memory 334 MiB.
2026-10-09T16:41:15Z INFO [568/1000] 447b21a9-9c91-4230-a11b-5b7f714ba498: 271 arrays, 61842.3 MB stored; 11.3 s; peak memory 334 MiB.
2026-10-09T16:41:15Z INFO [569/1000] 448086b9-3aa6-430c-a08c-72a97b9611e6: 48 arrays, 83.9 MB stored; 1.1 s; peak memory 334 MiB.
2026-10-09T16:41:16Z INFO [570/1000] 44808722-e3c2-4063-917b-430ee65bfd20: 117 arrays, 0.2 MB stored; 1.2 s; peak memory 334 MiB.
2026-10-09T16:41:16Z INFO [571/1000] 44809169-51bd-4942-9bcc-6454179ae3be: 56 arrays, 0.0 MB stored; 1.1 s; peak memory 334 MiB.
2026-10-09T16:41:17Z INFO [572/1000] 448129a1-a366-4586-9a3b-87d9eb975e3d: 66 arrays, 53.7 MB stored; 1.4 s; peak memory 334 MiB.
2026-10-09T16:41:17Z INFO [573/1000] 4481a4a2-25de-40cd-80ae-012d61987bb9: 48 arrays, 83.9 MB stored; 1.2 s; peak memory 334 MiB.
2026-10-09T16:41:17Z INFO [574/1000] 4481b9aa-d612-425b-aa65-3232b2f68166: 62 arrays, 0.4 MB stored; 1.1 s; peak memory 334 MiB.
2026-10-09T16:41:18Z INFO [575/1000] 4481ca81-7703-4b53-b718-4eaa1632afb3: 116 arrays, 0.4 MB stored; 1.3 s; peak memory 334 MiB.
2026-10-09T16:41:18Z INFO [576/1000] 4482231d-47e0-440b-a62a-dfb2ba8086ab: 48 arrays, 83.9 MB stored; 1.1 s; peak memory 334 MiB.
2026-10-09T16:41:21Z INFO [577/1000] 448071b5-5a9d-42c0-bd85-20d9c8916c16: 355 arrays, 297.3 MB stored; 8.3 s; peak memory 334 MiB.
2026-10-09T16:41:22Z INFO [578/1000] 448329bc-5a16-4d0e-b5aa-58e21b4cf512: 118 arrays, 0.3 MB stored; 1.2 s; peak memory 334 MiB.
2026-10-09T16:41:23Z INFO [579/1000] 44831cf1-7eda-4b2b-a635-6a032ac60cc9: 538 arrays, 8.5 MB stored; 4.9 s; peak memory 334 MiB.
2026-10-09T16:41:23Z INFO [580/1000] 4482c181-b317-4441-b2df-95522fca98ff: 196 arrays, 554.9 MB stored; 5.1 s; peak memory 334 MiB.
2026-10-09T16:41:24Z INFO [581/1000] 4483d344-ae66-4588-8e4c-15e1f842560a: 101 arrays, 22.4 MB stored; 1.8 s; peak memory 334 MiB.
2026-10-09T16:41:24Z INFO [582/1000] 4484817e-f4ef-4ed3-affc-2475edd9d66f: 46 arrays, 0.1 MB stored; 1.0 s; peak memory 334 MiB.
2026-10-09T16:41:24Z INFO [583/1000] 4483ff57-bc6b-4cf0-ab03-0afe4241cbcc: 69 arrays, 41.5 MB stored; 1.3 s; peak memory 334 MiB.
2026-10-09T16:41:25Z INFO [584/1000] 4484f84a-31f4-4a92-be13-df382d89a5c1: 117 arrays, 0.3 MB stored; 1.2 s; peak memory 334 MiB.
2026-10-09T16:41:26Z INFO [585/1000] 44857b91-56a3-459b-a01b-4cb774c66ed0: 110 arrays, 0.4 MB stored; 1.4 s; peak memory 334 MiB.
2026-10-09T16:41:27Z INFO [586/1000] 4485bef7-f2be-43dd-a420-d7e42d32a4da: 47 arrays, 51.0 MB stored; 1.6 s; peak memory 334 MiB.
2026-10-09T16:41:27Z INFO [587/1000] 4485f579-d224-4611-94cf-f9b865f336be: 101 arrays, 14.9 MB stored; 1.6 s; peak memory 334 MiB.
2026-10-09T16:41:28Z INFO [588/1000] 44849319-71b5-47c5-a0a6-0f20ac791e00: 579 arrays, 8.7 MB stored; 4.2 s; peak memory 334 MiB.
2026-10-09T16:41:28Z INFO [589/1000] 448686f9-987f-4786-9ff0-9de7bb7a248d: 112 arrays, 0.1 MB stored; 1.2 s; peak memory 334 MiB.
2026-10-09T16:41:29Z INFO [590/1000] 4486979b-ac20-48b6-89df-dc9169f2db9d: 48 arrays, 83.9 MB stored; 1.1 s; peak memory 334 MiB.
2026-10-09T16:41:29Z INFO [591/1000] 44875372-ab66-4eb4-8130-399d96fcef2c: 48 arrays, 83.9 MB stored; 1.1 s; peak memory 334 MiB.
2026-10-09T16:41:31Z INFO [592/1000] 448691f1-fa2e-4b43-88b1-fa9da1fbf535: 38 arrays, 5705.1 MB stored; 3.5 s; peak memory 334 MiB.
2026-10-09T16:41:32Z INFO [593/1000] 44881576-91f5-4328-b2c6-8d723c203a4a: 66 arrays, 18.1 MB stored; 1.5 s; peak memory 334 MiB.
2026-10-09T16:41:32Z INFO [594/1000] 4487bfd6-d7bd-4434-8ed6-a7affa2583c0: 435 arrays, 4.4 MB stored; 3.4 s; peak memory 334 MiB.
2026-10-09T16:41:33Z INFO [595/1000] 4488b360-020e-46a5-bcba-3a1bfc270991: 110 arrays, 0.5 MB stored; 1.3 s; peak memory 334 MiB.
2026-10-09T16:41:33Z INFO [596/1000] 448999f5-83b2-4399-930a-c755d7807790: 57 arrays, 0.0 MB stored; 1.1 s; peak memory 334 MiB.
2026-10-09T16:41:35Z INFO [597/1000] 448a0caf-ed79-4f38-8f35-c1bc5d31b38f: 48 arrays, 83.9 MB stored; 1.2 s; peak memory 334 MiB.
2026-10-09T16:41:36Z INFO [598/1000] 448a1525-28bd-4ef9-be13-f4c703488670: 48 arrays, 83.9 MB stored; 1.1 s; peak memory 334 MiB.
2026-10-09T16:41:36Z INFO [599/1000] 4487a2ac-1f78-449a-90e6-932fa206012b: 82 arrays, 389.8 MB stored; 7.5 s; peak memory 334 MiB.
2026-10-09T16:41:37Z INFO [600/1000] 448a23b6-cfaf-4998-ae6b-a3a13da1793d: 289 arrays, 17.1 MB stored; 1.4 s; peak memory 334 MiB.
2026-10-09T16:41:39Z INFO [600/1000] 448a23b6-cfaf-4998-ae6b-a3a13da1793d: checkpointed 600 new records.
2026-10-09T16:41:39Z INFO [601/1000] 448a7b01-017d-41cf-8712-c1d464bf1f71: 117 arrays, 0.3 MB stored; 1.2 s; peak memory 418 MiB.
2026-10-09T16:41:39Z INFO [602/1000] 448a834e-73a3-48a3-8c47-778bc7ff570d: 54 arrays, 0.0 MB stored; 1.1 s; peak memory 418 MiB.
2026-10-09T16:41:39Z INFO [603/1000] 44806c5b-254a-4090-a3af-1c5c16430f56: 58 arrays, 1728.8 MB stored; 27.4 s; peak memory 418 MiB.
2026-10-09T16:41:39Z INFO [604/1000] 448b3a02-904f-4606-8acd-f37156345a2d: 48 arrays, 83.9 MB stored; 1.3 s; peak memory 418 MiB.
2026-10-09T16:41:40Z INFO [605/1000] 448b82a0-3622-4091-baa6-7a7df30f4e36: 112 arrays, 0.6 MB stored; 1.4 s; peak memory 418 MiB.
2026-10-09T16:41:40Z INFO [606/1000] 448c9bcb-76f0-474b-8cc5-09a2591ceb46: 112 arrays, 0.3 MB stored; 1.3 s; peak memory 418 MiB.
2026-10-09T16:41:41Z INFO [607/1000] 448d01fc-79e1-4d88-97ac-50f4da0f4189: 118 arrays, 0.2 MB stored; 1.2 s; peak memory 418 MiB.
2026-10-09T16:41:41Z INFO [608/1000] 448d6540-ad1e-4e10-b298-9e1903c44607: 117 arrays, 0.3 MB stored; 1.3 s; peak memory 418 MiB.
2026-10-09T16:41:42Z INFO [609/1000] 448dc4b3-0bd2-4d04-8fd9-337c022d5ed2: 117 arrays, 0.2 MB stored; 1.2 s; peak memory 418 MiB.
2026-10-09T16:41:43Z INFO [610/1000] 448bc92d-6525-43ce-acf8-eb666f9ca9bc: 238 arrays, 77.4 MB stored; 4.3 s; peak memory 418 MiB.
2026-10-09T16:41:43Z INFO [611/1000] 4489e17d-099b-4547-ac94-1398723152e6: 86 arrays, 625.3 MB stored; 9.6 s; peak memory 418 MiB.
2026-10-09T16:41:43Z INFO [612/1000] 448e0b7c-c0e6-4b18-9673-a4a975988d0e: 69 arrays, 2.8 MB stored; 1.3 s; peak memory 418 MiB.
2026-10-09T16:41:44Z INFO [613/1000] 448f0b48-ae8a-425e-8c9e-6eaead40c5da: 54 arrays, 0.0 MB stored; 1.0 s; peak memory 418 MiB.
2026-10-09T16:41:44Z INFO [614/1000] 448eaa6c-d540-40b7-8164-ce786b0b5401: 101 arrays, 15.9 MB stored; 1.5 s; peak memory 418 MiB.
2026-10-09T16:41:45Z INFO [615/1000] 448f4c16-65f3-40c9-b6fb-b63a4005a238: 117 arrays, 0.3 MB stored; 1.3 s; peak memory 418 MiB.
2026-10-09T16:41:45Z INFO [616/1000] 448df345-703e-4bf7-9976-59a50ce5c293: 499 arrays, 7.2 MB stored; 3.7 s; peak memory 418 MiB.
2026-10-09T16:41:45Z INFO [617/1000] 44902528-9423-4599-bb93-f50db2d903ed: 48 arrays, 83.9 MB stored; 1.3 s; peak memory 418 MiB.
2026-10-09T16:41:46Z INFO [618/1000] 44903511-fbfd-442a-8cd8-9c3f229cd14a: 46 arrays, 0.2 MB stored; 0.9 s; peak memory 418 MiB.
2026-10-09T16:41:46Z INFO [619/1000] 4490334e-e88d-49c2-8d56-f2b2dd313e0a: 124 arrays, 0.8 MB stored; 1.6 s; peak memory 418 MiB.
2026-10-09T16:41:46Z INFO [620/1000] 4490f768-ca9a-45fc-8565-dd7e4729bf51: 52 arrays, 0.0 MB stored; 1.1 s; peak memory 418 MiB.
2026-10-09T16:41:46Z INFO [621/1000] 4490bad9-be17-4d01-8971-2bcbb56190bd: 116 arrays, 0.5 MB stored; 1.3 s; peak memory 418 MiB.
2026-10-09T16:41:47Z INFO [622/1000] 4491a312-191c-49fa-b81d-93442366655c: 48 arrays, 83.9 MB stored; 1.3 s; peak memory 418 MiB.
2026-10-09T16:41:47Z INFO [623/1000] 4492577b-461b-47d7-b230-cee210ceeb05: 112 arrays, 0.5 MB stored; 1.5 s; peak memory 418 MiB.
2026-10-09T16:41:48Z INFO [624/1000] 44937012-aa0a-4d7a-ac22-9907d317d38f: 48 arrays, 83.9 MB stored; 1.2 s; peak memory 418 MiB.
2026-10-09T16:41:48Z INFO [625/1000] 44935c34-da8c-4590-b7b7-2b2d41d34095: 116 arrays, 0.4 MB stored; 1.3 s; peak memory 418 MiB.
2026-10-09T16:41:49Z INFO [626/1000] 4493ac03-984f-47e7-a0ba-e0e0f9a536d6: 38 arrays, 0.5 MB stored; 1.2 s; peak memory 418 MiB.
2026-10-09T16:41:49Z INFO [627/1000] 4493db30-1589-4f0e-be98-8ee70c56e5e8: 48 arrays, 83.9 MB stored; 1.1 s; peak memory 418 MiB.
2026-10-09T16:41:49Z INFO [628/1000] 44939f26-a7bb-48c5-ab68-7d6a50bec646: 71 arrays, 68.0 MB stored; 1.9 s; peak memory 418 MiB.
2026-10-09T16:41:49Z INFO [629/1000] 4494a70b-87a9-4a16-93ca-5f4401c2e743: 48 arrays, 83.9 MB stored; 1.3 s; peak memory 418 MiB.
2026-10-09T16:41:50Z INFO [630/1000] 4494e702-6886-431d-a9a9-dbdfca514849: 66 arrays, 18.6 MB stored; 1.4 s; peak memory 418 MiB.
2026-10-09T16:41:50Z INFO [631/1000] 449692cb-f8c3-481b-8c92-911feb07a8e6: 48 arrays, 83.9 MB stored; 1.2 s; peak memory 418 MiB.
2026-10-09T16:41:50Z INFO [632/1000] 4497eb69-cc15-46d4-9479-aa8a0b15ce9c: 48 arrays, 83.9 MB stored; 1.2 s; peak memory 418 MiB.
2026-10-09T16:41:50Z INFO [633/1000] 4495c666-af60-42a0-afdc-a8b76a4914f9: 174 arrays, 0.6 MB stored; 1.7 s; peak memory 418 MiB.
2026-10-09T16:41:51Z INFO [634/1000] 44983f87-dbed-42eb-9877-e95bb2255564: 45 arrays, 0.0 MB stored; 1.3 s; peak memory 418 MiB.
2026-10-09T16:41:52Z INFO [635/1000] 44996785-834f-42e0-a8ab-272b940ee1bc: 48 arrays, 83.9 MB stored; 1.1 s; peak memory 418 MiB.
2026-10-09T16:41:52Z INFO [636/1000] 4497fd3c-3f80-4139-856d-dfd6eaf69033: 66 arrays, 72.0 MB stored; 2.0 s; peak memory 418 MiB.
2026-10-09T16:41:53Z INFO [637/1000] 449ae0cc-5e7c-41af-b5e5-81247edee4bf: 53 arrays, 0.0 MB stored; 1.0 s; peak memory 418 MiB.
2026-10-09T16:41:53Z INFO [638/1000] 449cbae4-a521-4626-b3fd-5e0893a397d4: 117 arrays, 0.2 MB stored; 1.1 s; peak memory 418 MiB.
2026-10-09T16:41:55Z INFO [639/1000] 449d3c71-3d20-44b9-89d0-b69ecbb938f8: 114 arrays, 186.9 MB stored; 2.4 s; peak memory 418 MiB.
2026-10-09T16:41:56Z INFO [640/1000] 4460630d-17cb-4e90-ae2b-6ed5c7924e7d: 241 arrays, 19746.1 MB stored; 113.4 s; peak memory 418 MiB.
2026-10-09T16:41:57Z INFO [641/1000] 449d7065-0575-4d80-9b81-ede2529d0f77: 48 arrays, 83.9 MB stored; 1.1 s; peak memory 418 MiB.
2026-10-09T16:41:57Z INFO [642/1000] 44985962-eaed-41e5-ac5e-bf7f797a69a7: 266 arrays, 1371.2 MB stored; 6.9 s; peak memory 418 MiB.
2026-10-09T16:41:57Z INFO [643/1000] 449d8be0-851e-4296-be4e-57c439b3abc7: 33 arrays, 0.0 MB stored; 1.1 s; peak memory 418 MiB.
2026-10-09T16:41:58Z INFO [644/1000] 449de10e-ead6-42a7-8b45-835c5bc68e49: 48 arrays, 83.9 MB stored; 1.3 s; peak memory 418 MiB.
2026-10-09T16:41:59Z INFO [645/1000] 449d32ac-8581-484c-9b91-c94a6c1a8495: 993 arrays, 22.2 MB stored; 6.4 s; peak memory 418 MiB.
2026-10-09T16:41:59Z INFO [646/1000] 449df261-70b7-4f04-8159-ee4377bc998c: 66 arrays, 100.4 MB stored; 1.7 s; peak memory 418 MiB.
2026-10-09T16:41:59Z INFO [647/1000] 449da8d4-ed94-46bf-8e70-97af9e5838ff: 46 arrays, 0.3 MB stored; 2.7 s; peak memory 418 MiB.
2026-10-09T16:41:59Z INFO [648/1000] 449a3acb-c4e8-4403-8b75-0a7349e7ba4e: 892 arrays, 28.5 MB stored; 8.1 s; peak memory 418 MiB.
2026-10-09T16:42:00Z INFO [649/1000] 449e51b0-60f6-4a55-826b-5409368a411d: 33 arrays, 544.1 MB stored; 1.2 s; peak memory 418 MiB.
2026-10-09T16:42:01Z INFO [650/1000] 449e7e72-5e5b-4293-8acd-05c55d7e75fa: 48 arrays, 83.9 MB stored; 1.3 s; peak memory 418 MiB.
2026-10-09T16:42:01Z INFO [651/1000] 449fcf82-831b-4853-95ba-7ba8c6494356: 112 arrays, 0.5 MB stored; 1.6 s; peak memory 418 MiB.
2026-10-09T16:42:02Z INFO [652/1000] 44a09701-46c2-4014-a41c-ae4eee7a3e45: 111 arrays, 0.8 MB stored; 1.4 s; peak memory 418 MiB.
2026-10-09T16:42:02Z INFO [653/1000] 44a0a5b9-28c4-4cda-bd4c-50254362cb78: 52 arrays, 657.3 MB stored; 1.2 s; peak memory 418 MiB.
2026-10-09T16:42:03Z INFO [654/1000] 449e7e08-c7bb-477f-9b54-d749b1de1daa: 85 arrays, 37.9 MB stored; 3.9 s; peak memory 418 MiB.
2026-10-09T16:42:03Z INFO [655/1000] 44a0afc7-f67e-4e36-9f9f-bf326ba0e3a0: 57 arrays, 0.0 MB stored; 0.9 s; peak memory 418 MiB.
2026-10-09T16:42:05Z INFO [656/1000] 44a17b6e-ef15-4b9a-877a-aab8cf217c6f: 138 arrays, 4.8 MB stored; 1.9 s; peak memory 418 MiB.
2026-10-09T16:42:05Z INFO [657/1000] 44a0b4db-9062-49c4-9acf-38bf72dacdc0: 156 arrays, 193.5 MB stored; 2.5 s; peak memory 418 MiB.
2026-10-09T16:42:06Z INFO [658/1000] 44a2d681-df23-46af-a2dd-7db925dc8089: 50 arrays, 1.2 MB stored; 1.1 s; peak memory 418 MiB.
2026-10-09T16:42:06Z INFO [659/1000] 44a24ea8-333d-48e5-9708-04230870b55d: 79 arrays, 0.2 MB stored; 1.4 s; peak memory 418 MiB.
2026-10-09T16:42:07Z INFO [660/1000] 44a21162-3d2d-4428-becc-7d097f1a1c38: 538 arrays, 8.3 MB stored; 4.4 s; peak memory 418 MiB.
2026-10-09T16:42:08Z INFO [661/1000] 44a38f70-440b-4365-bf2a-1bc0eb438238: 117 arrays, 0.4 MB stored; 1.4 s; peak memory 418 MiB.
2026-10-09T16:42:09Z INFO [662/1000] 44a44bd0-aa58-4032-8613-056fb31895ad: 117 arrays, 0.5 MB stored; 1.2 s; peak memory 418 MiB.
2026-10-09T16:42:10Z INFO [663/1000] 449e6b70-e646-49ae-ae76-6586a2a63427: 1036 arrays, 45.5 MB stored; 10.9 s; peak memory 418 MiB.
2026-10-09T16:42:10Z INFO [664/1000] 44a4481d-0206-4248-8e6e-8affd75a30e1: 115 arrays, 190.1 MB stored; 2.6 s; peak memory 418 MiB.
2026-10-09T16:42:11Z INFO [665/1000] 449f7206-e6ef-44b6-8195-f782db5c5ddb: 1431 arrays, 30.8 MB stored; 11.4 s; peak memory 418 MiB.
2026-10-09T16:42:11Z INFO [666/1000] 44a4752c-396a-4e82-b65e-40715feb0731: 52 arrays, 0.0 MB stored; 1.1 s; peak memory 418 MiB.
2026-10-09T16:42:11Z INFO [667/1000] 44a4fa9a-a5d0-49ad-9233-271b2ac8f042: 48 arrays, 83.9 MB stored; 1.3 s; peak memory 418 MiB.
2026-10-09T16:42:13Z INFO [668/1000] 44a51724-9ff9-41af-8d41-f355a3ed83d2: 38 arrays, 36.3 MB stored; 2.0 s; peak memory 418 MiB.
2026-10-09T16:42:13Z INFO [669/1000] 44a381a3-e4cb-4a70-ba5a-83bbd510aad4: 915 arrays, 28.8 MB stored; 7.3 s; peak memory 418 MiB.
2026-10-09T16:42:14Z INFO [670/1000] 44a45c8a-2a2b-4da0-a054-3f897985ad72: 633 arrays, 23.5 MB stored; 4.6 s; peak memory 418 MiB.
2026-10-09T16:42:14Z INFO [671/1000] 44a644e8-485c-468b-a130-dae843a18ded: 70 arrays, 0.0 MB stored; 1.2 s; peak memory 418 MiB.
2026-10-09T16:42:14Z INFO [672/1000] 44a594ad-ab3f-445a-8204-75658678c84e: 366 arrays, 4.5 MB stored; 3.2 s; peak memory 418 MiB.
2026-10-09T16:42:15Z INFO [673/1000] 44a6801a-9b81-4151-9831-d9bf6aabf330: 52 arrays, 14.6 MB stored; 1.3 s; peak memory 418 MiB.
2026-10-09T16:42:15Z INFO [674/1000] 44637e59-2f73-4dc2-9528-2eacfff8d141: 167 arrays, 21070.1 MB stored; 122.1 s; peak memory 418 MiB.
2026-10-09T16:42:15Z INFO [675/1000] 44a60ae2-5887-471a-bdbd-bf7bb967ca9a: 229 arrays, 278.3 MB stored; 3.9 s; peak memory 418 MiB.
2026-10-09T16:42:15Z INFO [676/1000] 44a6bb4e-2c8d-4e14-834e-8a0d04d2026c: 117 arrays, 0.4 MB stored; 1.4 s; peak memory 418 MiB.
2026-10-09T16:42:16Z INFO [677/1000] 44a68b88-e55a-4f66-855e-bd639ecf63bc: 145 arrays, 195.7 MB stored; 2.2 s; peak memory 418 MiB.
2026-10-09T16:42:16Z INFO [678/1000] 44a6e94a-ee60-4fb0-94f9-7abb2c49610b: 69 arrays, 45.4 MB stored; 1.5 s; peak memory 418 MiB.
2026-10-09T16:42:16Z INFO [679/1000] 44a73193-c5b0-4f73-922e-12f6c0055860: 77 arrays, 0.2 MB stored; 1.3 s; peak memory 418 MiB.
2026-10-09T16:42:16Z INFO [680/1000] 44a724cd-f551-462d-9011-a3dce62d2eaa: 116 arrays, 0.4 MB stored; 1.6 s; peak memory 418 MiB.
2026-10-09T16:42:17Z INFO [681/1000] 44a769a0-a2f7-4891-b12a-65f57f7241d5: 42 arrays, 48.6 MB stored; 1.3 s; peak memory 418 MiB.
2026-10-09T16:42:17Z INFO [682/1000] 44a89378-92ba-4890-b679-9f5929b22740: 52 arrays, 0.0 MB stored; 1.1 s; peak memory 418 MiB.
2026-10-09T16:42:17Z INFO [683/1000] 44a81a8b-946b-4ab5-80a2-7196b7299ce1: 48 arrays, 83.9 MB stored; 1.6 s; peak memory 418 MiB.
2026-10-09T16:42:18Z INFO [684/1000] 44a8d1af-07a3-4a84-ba35-55ae12a4059f: 116 arrays, 0.4 MB stored; 1.3 s; peak memory 418 MiB.
2026-10-09T16:42:18Z INFO [685/1000] 44a7a240-a349-4fba-b96e-0556a6a4f9b7: 115 arrays, 190.1 MB stored; 2.6 s; peak memory 418 MiB.
2026-10-09T16:42:18Z INFO [686/1000] 44a8f123-bb0a-467a-ae82-53e99fb672fd: 118 arrays, 0.4 MB stored; 1.3 s; peak memory 418 MiB.
2026-10-09T16:42:19Z INFO [687/1000] 44a94af7-cdcd-4433-8ffe-c0dc2f212a1e: 118 arrays, 0.3 MB stored; 1.3 s; peak memory 418 MiB.
2026-10-09T16:42:19Z INFO [688/1000] 44aa53ff-09ea-4654-bee2-a5fa65d863e2: 117 arrays, 0.3 MB stored; 1.4 s; peak memory 418 MiB.
2026-10-09T16:42:20Z INFO [689/1000] 44ab7b77-71fc-4d46-b8ee-ffacf0eb13dc: 45 arrays, 0.0 MB stored; 1.0 s; peak memory 418 MiB.
2026-10-09T16:42:21Z INFO [690/1000] 44ac68d2-6a62-4b7b-9195-0f28027633cb: 115 arrays, 0.7 MB stored; 1.3 s; peak memory 418 MiB.
2026-10-09T16:42:21Z INFO [691/1000] 44aab664-73de-4289-95f2-2d15484d9d17: 199 arrays, 15.2 MB stored; 2.7 s; peak memory 418 MiB.
2026-10-09T16:42:21Z INFO [692/1000] 44ad627d-bb9f-4944-8fb4-6b0cf2f5a8f4: 66 arrays, 147.8 MB stored; 1.6 s; peak memory 418 MiB.
2026-10-09T16:42:23Z INFO [693/1000] 44adecb1-2387-4ffd-8209-a7549922081b: 69 arrays, 0.0 MB stored; 1.3 s; peak memory 418 MiB.
2026-10-09T16:42:23Z INFO [694/1000] 44adc3ed-b6f0-4e8c-a11e-4422dabd1431: 131 arrays, 0.9 MB stored; 1.8 s; peak memory 418 MiB.
2026-10-09T16:42:23Z INFO [695/1000] 44a81fd3-da42-497a-9d98-fe162ddb5825: 257 arrays, 188.8 MB stored; 7.2 s; peak memory 418 MiB.
2026-10-09T16:42:23Z INFO [696/1000] 44add7fb-bcf6-4008-bf41-8dae30ed0deb: 381 arrays, 5.9 MB stored; 2.3 s; peak memory 418 MiB.
2026-10-09T16:42:24Z INFO [697/1000] 44aec2d3-6699-4d7f-9a6a-d1a407ab623f: 110 arrays, 0.0 MB stored; 1.1 s; peak memory 418 MiB.
2026-10-09T16:42:24Z INFO [698/1000] 44ae2cd6-7a05-4478-a2c9-c865bdd6873c: 112 arrays, 0.8 MB stored; 1.6 s; peak memory 418 MiB.
2026-10-09T16:42:25Z INFO [699/1000] 44afabfe-c206-4883-8c0e-9587161992e4: 57 arrays, 0.0 MB stored; 1.0 s; peak memory 418 MiB.
2026-10-09T16:42:26Z INFO [700/1000] 44aa4d23-6d30-4cba-920f-3cc2ebf2112f: 611 arrays, 17.7 MB stored; 7.9 s; peak memory 418 MiB.
2026-10-09T16:42:26Z INFO [701/1000] 44aefbe1-5b77-4b81-a1fa-abd35c322621: 144 arrays, 5.5 MB stored; 2.5 s; peak memory 418 MiB.
2026-10-09T16:42:26Z INFO [702/1000] 44b0fc2d-7de4-49b7-be8c-8a808dd876d5: 117 arrays, 0.5 MB stored; 1.3 s; peak memory 418 MiB.
2026-10-09T16:42:26Z INFO [703/1000] 44b06858-bb45-4b12-bd0e-efe024d14162: 49 arrays, 662.1 MB stored; 2.2 s; peak memory 418 MiB.
2026-10-09T16:42:27Z INFO [704/1000] 44b181c5-1bdd-417a-99f1-b92e4d5128f6: 112 arrays, 0.6 MB stored; 1.3 s; peak memory 418 MiB.
2026-10-09T16:42:27Z INFO [705/1000] 44b22324-0573-4f4a-9e03-084cf1d7e22a: 112 arrays, 0.6 MB stored; 1.3 s; peak memory 418 MiB.
2026-10-09T16:42:28Z INFO [706/1000] 44b2d38a-c891-46bb-a160-d50f78386dca: 48 arrays, 83.9 MB stored; 1.3 s; peak memory 418 MiB.
2026-10-09T16:42:28Z INFO [707/1000] 44b2322d-8323-4a11-aff5-4630d5ebaeb7: 112 arrays, 0.6 MB stored; 1.6 s; peak memory 418 MiB.
2026-10-09T16:42:28Z INFO [708/1000] 44b39666-3827-4f3a-a3b1-005aca554d28: 52 arrays, 9.8 MB stored; 1.3 s; peak memory 418 MiB.
2026-10-09T16:42:28Z INFO [709/1000] 44b2df7b-1b23-4c93-a7b3-e730c53af9f4: 112 arrays, 0.5 MB stored; 1.4 s; peak memory 418 MiB.
2026-10-09T16:42:29Z INFO [710/1000] 44b44ddf-3ee6-4344-b959-8a82fa3e0a13: 66 arrays, 124.5 MB stored; 1.5 s; peak memory 418 MiB.
2026-10-09T16:42:29Z INFO [711/1000] 44b3976c-32c4-4821-a5d1-314ee7031146: 74 arrays, 36.8 MB stored; 1.8 s; peak memory 418 MiB.
2026-10-09T16:42:30Z INFO [712/1000] 44b4ab5a-c706-4394-b65a-da3da4754cba: 275 arrays, 17.1 MB stored; 1.6 s; peak memory 418 MiB.
2026-10-09T16:42:30Z INFO [713/1000] 44b45436-506a-4d1c-bb09-1970b6d62038: 71 arrays, 130.8 MB stored; 2.0 s; peak memory 418 MiB.
2026-10-09T16:42:31Z INFO [714/1000] 44b4e668-6abc-49b6-89a1-b227a03bd367: 117 arrays, 0.4 MB stored; 1.1 s; peak memory 418 MiB.
2026-10-09T16:42:31Z INFO [715/1000] 44b4ec03-3841-4cc8-9c5a-f39ec3a2d474: 114 arrays, 0.1 MB stored; 1.1 s; peak memory 418 MiB.
2026-10-09T16:42:32Z INFO [716/1000] 44b63ee7-0417-4a26-ac49-323b517a583a: 116 arrays, 0.5 MB stored; 1.3 s; peak memory 418 MiB.
2026-10-09T16:42:33Z INFO [717/1000] 44b68721-8ebf-4ca0-8e20-837df980f581: 48 arrays, 83.9 MB stored; 1.2 s; peak memory 418 MiB.
2026-10-09T16:42:34Z INFO [718/1000] 44b76263-5375-4e03-aef1-1479314ea802: 83 arrays, 0.4 MB stored; 1.3 s; peak memory 418 MiB.
2026-10-09T16:42:35Z INFO [719/1000] 44b77c59-cfb8-4028-91e2-b8a2a64aa8a1: 41 arrays, 8.4 MB stored; 0.9 s; peak memory 418 MiB.
2026-10-09T16:42:39Z INFO [720/1000] 44b76755-c390-427c-aed4-0deb0a1d4086: 219 arrays, 761.9 MB stored; 6.4 s; peak memory 418 MiB.
2026-10-09T16:42:40Z INFO [721/1000] 44b7d953-6701-49cf-b66a-612654732644: 52 arrays, 24.3 MB stored; 1.2 s; peak memory 418 MiB.
2026-10-09T16:42:40Z INFO [722/1000] 44b4baf4-45e8-4b8e-ac8d-1f842c401a63: 271 arrays, 45488.1 MB stored; 11.1 s; peak memory 418 MiB.
2026-10-09T16:42:43Z INFO [723/1000] 44b90000-9e0a-4c90-aac4-e947bd11c952: 82 arrays, 547.1 MB stored; 3.0 s; peak memory 418 MiB.
2026-10-09T16:42:45Z INFO [724/1000] 44b901d8-345d-40ba-ae04-9c409d40f724: 124 arrays, 0.8 MB stored; 1.8 s; peak memory 418 MiB.
2026-10-09T16:42:46Z INFO [725/1000] 44b7e452-9459-4a7b-912c-cba8b466744f: 194 arrays, 545.2 MB stored; 5.4 s; peak memory 418 MiB.
2026-10-09T16:42:47Z INFO [726/1000] 44b9b58d-3a3f-45f9-b0e9-a63f6fa7f6e6: 112 arrays, 0.5 MB stored; 1.3 s; peak memory 418 MiB.
2026-10-09T16:42:47Z INFO [727/1000] 44b9a337-a268-4766-97d4-b6faa25bce1b: 71 arrays, 4.8 MB stored; 1.7 s; peak memory 418 MiB.
2026-10-09T16:42:48Z INFO [728/1000] 44b9d417-5b8b-42a8-90bc-4e2669237481: 78 arrays, 0.0 MB stored; 1.2 s; peak memory 418 MiB.
2026-10-09T16:42:48Z INFO [729/1000] 44ba0a3c-b20c-4836-a843-2143ff57b200: 110 arrays, 0.5 MB stored; 1.4 s; peak memory 418 MiB.
2026-10-09T16:42:49Z INFO [730/1000] 44bb088b-d465-44f8-8ba0-f45de901d1e0: 57 arrays, 0.0 MB stored; 1.0 s; peak memory 418 MiB.
2026-10-09T16:42:50Z INFO [731/1000] 44ba79b9-9ce5-4360-a6c5-7b573753d9bc: 53 arrays, 869.0 MB stored; 1.6 s; peak memory 418 MiB.
2026-10-09T16:42:51Z INFO [732/1000] 44bbbc51-7bb0-485e-bbb9-edb7690c0707: 112 arrays, 0.4 MB stored; 1.2 s; peak memory 418 MiB.
2026-10-09T16:42:51Z INFO [733/1000] 44bc1a96-3372-4011-8049-1df4cf83452f: 118 arrays, 0.3 MB stored; 1.2 s; peak memory 418 MiB.
2026-10-09T16:42:52Z INFO [734/1000] 44bc280b-7a9b-4e85-9769-b936fe1864af: 48 arrays, 83.9 MB stored; 1.1 s; peak memory 418 MiB.
2026-10-09T16:42:53Z INFO [735/1000] 44bca91e-c3e9-4cc7-bdda-a5ac8f4c7afa: 116 arrays, 0.6 MB stored; 1.3 s; peak memory 418 MiB.
2026-10-09T16:42:53Z INFO [736/1000] 44bc4a78-4f9d-43da-9601-130f965f891e: 71 arrays, 73.3 MB stored; 2.3 s; peak memory 418 MiB.
2026-10-09T16:42:55Z INFO [737/1000] 44bdf747-0e36-45f7-a925-0985eacfe2c7: 66 arrays, 114.9 MB stored; 1.5 s; peak memory 418 MiB.
2026-10-09T16:42:55Z INFO [738/1000] 44a8c47a-66b8-4a18-b9d1-73ca76d24c3d: 55 arrays, 2432.0 MB stored; 39.0 s; peak memory 418 MiB.
2026-10-09T16:42:55Z INFO [739/1000] 44bd399d-ec60-491c-b844-50394419f00c: 156 arrays, 193.5 MB stored; 2.4 s; peak memory 418 MiB.
2026-10-09T16:42:56Z INFO [740/1000] 44c06225-92cb-403c-b5d3-67edf026b2b9: 48 arrays, 83.9 MB stored; 1.2 s; peak memory 418 MiB.
2026-10-09T16:42:58Z INFO [741/1000] 44c22b03-d75e-4c48-a057-b5168a39b81d: 48 arrays, 83.9 MB stored; 1.3 s; peak memory 418 MiB.
2026-10-09T16:42:59Z INFO [742/1000] 44c26d9a-adba-49e6-890d-730501175cd8: 115 arrays, 0.6 MB stored; 1.3 s; peak memory 418 MiB.
2026-10-09T16:43:00Z INFO [743/1000] 44ae3f03-20d5-4ac0-826a-ea4507ef2a8c: 108 arrays, 2112.8 MB stored; 37.6 s; peak memory 418 MiB.
2026-10-09T16:43:00Z INFO [744/1000] 44bef941-fd8e-4293-9359-02373e85f10e: 196 arrays, 586.7 MB stored; 5.2 s; peak memory 418 MiB.
2026-10-09T16:43:00Z INFO [745/1000] 44be51c0-a189-4b9c-80db-3a5c5f0d15da: 563 arrays, 31.4 MB stored; 5.6 s; peak memory 418 MiB.
2026-10-09T16:43:01Z INFO [746/1000] 44c2b893-4f1d-4d23-856f-fa62b5167ca9: 117 arrays, 0.5 MB stored; 1.4 s; peak memory 418 MiB.
2026-10-09T16:43:02Z INFO [747/1000] 44c453cf-ea1f-43f2-827a-dc69c6a45c9c: 57 arrays, 0.0 MB stored; 1.1 s; peak memory 418 MiB.
2026-10-09T16:43:02Z INFO [748/1000] 44c2cc59-d1e8-4caa-9c78-654708335d76: 48 arrays, 83.9 MB stored; 1.4 s; peak memory 418 MiB.
2026-10-09T16:43:02Z INFO [749/1000] 44c2d08b-ca87-4e0f-9fd5-f21c3cc031b3: 84 arrays, 3.7 MB stored; 1.7 s; peak memory 418 MiB.
2026-10-09T16:43:02Z INFO [750/1000] 44c3a592-64b8-47a8-89b9-5a1e9fa02828: 124 arrays, 0.9 MB stored; 2.0 s; peak memory 418 MiB.
2026-10-09T16:43:03Z INFO [751/1000] 44c49686-9254-49f6-81b4-e64a5db995fb: 46 arrays, 0.1 MB stored; 1.1 s; peak memory 418 MiB.
2026-10-09T16:43:03Z INFO [752/1000] 44c4c6d0-c0bb-4455-95f9-0d61966fecc3: 48 arrays, 83.9 MB stored; 1.3 s; peak memory 418 MiB.
2026-10-09T16:43:03Z INFO [753/1000] 44c4e348-9a0f-45c8-a888-89c96a3a9c17: 132 arrays, 1.3 MB stored; 1.3 s; peak memory 418 MiB.
2026-10-09T16:43:03Z INFO [754/1000] 44c4faa9-b45e-4a4c-90a9-abdaef242d49: 41 arrays, 8.4 MB stored; 1.1 s; peak memory 418 MiB.
2026-10-09T16:43:04Z INFO [755/1000] 44c5c8ef-bb1c-4f44-b3d6-20ee5feda34d: 45 arrays, 0.0 MB stored; 1.1 s; peak memory 418 MiB.
2026-10-09T16:43:05Z INFO [756/1000] 44c624c0-89c7-46c8-81ba-01cbcdfa8657: 48 arrays, 83.9 MB stored; 1.3 s; peak memory 418 MiB.
2026-10-09T16:43:05Z INFO [757/1000] 44c6a011-09b8-4c74-ba9e-34615e94cf9e: 48 arrays, 83.9 MB stored; 1.1 s; peak memory 418 MiB.
2026-10-09T16:43:06Z INFO [758/1000] 44c50288-e496-45d7-83dc-dd61fc75f0e2: 424 arrays, 3.2 MB stored; 3.1 s; peak memory 418 MiB.
2026-10-09T16:43:06Z INFO [759/1000] 44c6c16c-648a-4e38-8e7a-705aec3fff22: 112 arrays, 0.5 MB stored; 1.3 s; peak memory 418 MiB.
2026-10-09T16:43:07Z INFO [760/1000] 44c6e7e8-d6c7-4bbd-b374-a823aae99520: 38 arrays, 34.4 MB stored; 1.9 s; peak memory 418 MiB.
2026-10-09T16:43:07Z INFO [761/1000] 44c7388c-c819-4d15-a593-39a5909ef7bb: 35 arrays, 0.0 MB stored; 1.0 s; peak memory 418 MiB.
2026-10-09T16:43:07Z INFO [762/1000] 44c708ea-d038-4a5f-803b-aa7b9bade225: 79 arrays, 2.5 MB stored; 1.4 s; peak memory 418 MiB.
2026-10-09T16:43:08Z INFO [763/1000] 44c7dfdd-f1b6-45b8-855e-d35c36e45302: 31 arrays, 0.1 MB stored; 1.0 s; peak memory 418 MiB.
2026-10-09T16:43:08Z INFO [764/1000] 44c824f8-b1d1-4f01-a674-759258f67ac9: 117 arrays, 0.4 MB stored; 1.3 s; peak memory 418 MiB.
2026-10-09T16:43:09Z INFO [765/1000] 44c77e64-c998-42ba-b1e6-9883e2df6f45: 289 arrays, 17.1 MB stored; 1.6 s; peak memory 418 MiB.
2026-10-09T16:43:10Z INFO [766/1000] 44c5dbe4-ac09-4a6e-88d8-e5e248f94044: 560 arrays, 31.6 MB stored; 6.3 s; peak memory 418 MiB.
2026-10-09T16:43:10Z INFO [767/1000] 44c873c8-1fb1-47b2-a6f8-9670eef9dd51: 103 arrays, 2.4 MB stored; 1.6 s; peak memory 418 MiB.
2026-10-09T16:43:10Z INFO [768/1000] 44c8d790-51a3-4fbd-90ed-607bd1804b8f: 48 arrays, 83.9 MB stored; 1.2 s; peak memory 418 MiB.
2026-10-09T16:43:10Z INFO [769/1000] 44c8bb52-462f-4c05-816c-f7440a2c2194: 61 arrays, 18.9 MB stored; 1.4 s; peak memory 418 MiB.
2026-10-09T16:43:11Z INFO [770/1000] 44c924e5-a983-4dc0-8012-de13c87be632: 117 arrays, 0.4 MB stored; 1.5 s; peak memory 418 MiB.
2026-10-09T16:43:11Z INFO [771/1000] 44c97d26-0952-4840-ad50-928758ae7ea0: 116 arrays, 0.3 MB stored; 1.5 s; peak memory 418 MiB.
2026-10-09T16:43:12Z INFO [772/1000] 44ca78eb-23f7-45df-806e-bdaa72afa175: 66 arrays, 214.0 MB stored; 2.3 s; peak memory 418 MiB.
2026-10-09T16:43:12Z INFO [773/1000] 44caa0be-38ec-451c-90e8-b3e28e24ce24: 115 arrays, 0.4 MB stored; 1.3 s; peak memory 418 MiB.
2026-10-09T16:43:13Z INFO [774/1000] 44ca9d2d-d920-4358-8d78-71852ca01b10: 156 arrays, 193.5 MB stored; 2.8 s; peak memory 418 MiB.
2026-10-09T16:43:14Z INFO [775/1000] 44cc0870-42ca-4814-aea2-f99366693202: 48 arrays, 83.9 MB stored; 1.3 s; peak memory 418 MiB.
2026-10-09T16:43:14Z INFO [776/1000] 44cd1fae-9eed-4256-93c1-619e79e73d49: 48 arrays, 83.9 MB stored; 1.1 s; peak memory 418 MiB.
2026-10-09T16:43:15Z INFO [777/1000] 44cd3de4-b792-48ac-92e2-c4486f5bfe83: 48 arrays, 83.9 MB stored; 1.4 s; peak memory 418 MiB.
2026-10-09T16:43:15Z INFO [778/1000] 44cdbdea-3ee5-4da7-8db0-73fc80dd1556: 112 arrays, 0.3 MB stored; 1.6 s; peak memory 418 MiB.
2026-10-09T16:43:16Z INFO [779/1000] 44cb2693-ad39-4d2e-8fec-76739b44325b: 570 arrays, 9.0 MB stored; 4.5 s; peak memory 418 MiB.
2026-10-09T16:43:16Z INFO [780/1000] 44ce47b6-5bdb-47e4-bf18-32cf83039211: 48 arrays, 83.9 MB stored; 1.4 s; peak memory 418 MiB.
2026-10-09T16:43:17Z INFO [781/1000] 44cee177-cc98-43df-a111-42a97f9d4038: 112 arrays, 0.4 MB stored; 1.4 s; peak memory 418 MiB.
2026-10-09T16:43:17Z INFO [782/1000] 44cf9d6e-fda7-4ada-960c-71d9388a0a46: 46 arrays, 0.2 MB stored; 1.0 s; peak memory 418 MiB.
2026-10-09T16:43:17Z INFO [783/1000] 44b792bf-c64f-4586-9f14-06ca21577bd0: 2188 arrays, 1596.3 MB stored; 42.3 s; peak memory 418 MiB.
2026-10-09T16:43:18Z INFO [784/1000] 44cfcec6-1f7d-4f54-a081-c446407b709a: 69 arrays, 2.0 MB stored; 1.6 s; peak memory 418 MiB.
2026-10-09T16:43:18Z INFO [785/1000] 44cb277a-3018-454e-9ec5-08248488bcc5: 196 arrays, 719.4 MB stored; 6.2 s; peak memory 418 MiB.
2026-10-09T16:43:18Z INFO [786/1000] 44d0f504-0587-4a86-aaf0-7571849cfe19: 117 arrays, 0.2 MB stored; 1.4 s; peak memory 418 MiB.
2026-10-09T16:43:19Z INFO [787/1000] 44d04730-71dd-4d9f-b924-6cd154b3910b: 112 arrays, 1.1 MB stored; 1.8 s; peak memory 418 MiB.
2026-10-09T16:43:20Z INFO [788/1000] 44d11ef4-0b7d-4c4a-b5e9-ca8c450fffb4: 118 arrays, 0.6 MB stored; 1.5 s; peak memory 418 MiB.
2026-10-09T16:43:20Z INFO [789/1000] 44d10c53-8d6a-4dc0-a29c-d7ce0f4fe656: 66 arrays, 18.5 MB stored; 1.8 s; peak memory 418 MiB.
2026-10-09T16:43:21Z INFO [790/1000] 44d1aa5e-45da-439d-850a-d297ac008cf3: 119 arrays, 66.4 MB stored; 2.4 s; peak memory 418 MiB.
2026-10-09T16:43:21Z INFO [791/1000] 44d22694-2c55-4e93-b381-057d878a638a: 119 arrays, 57.7 MB stored; 2.3 s; peak memory 418 MiB.
2026-10-09T16:43:21Z INFO [792/1000] 44d2feb2-acf0-4491-9069-422213e23061: 48 arrays, 83.9 MB stored; 1.3 s; peak memory 418 MiB.
2026-10-09T16:43:21Z INFO [793/1000] 44d2a103-b7a9-4d0a-a2ea-a5b20b38605d: 48 arrays, 83.9 MB stored; 1.3 s; peak memory 418 MiB.
2026-10-09T16:43:23Z INFO [794/1000] 44d36ad2-6d19-4727-a492-68b90f86b277: 82 arrays, 468.3 MB stored; 1.8 s; peak memory 418 MiB.
2026-10-09T16:43:23Z INFO [795/1000] 44d4043d-a9ba-4fcd-af56-502fa9774aa6: 102 arrays, 14.7 MB stored; 1.5 s; peak memory 418 MiB.
2026-10-09T16:43:23Z INFO [796/1000] 44d3fe5d-2e42-4163-b5be-3a8e7de29e85: 71 arrays, 4.3 MB stored; 1.6 s; peak memory 418 MiB.
2026-10-09T16:43:23Z INFO [797/1000] 44825320-fbf2-480b-ac41-50d6aae0f0d5: 430 arrays, 23665.7 MB stored; 125.8 s; peak memory 418 MiB.
2026-10-09T16:43:24Z INFO [798/1000] 44d39b56-0ee1-475a-b69d-86c356488770: 374 arrays, 3.3 MB stored; 3.2 s; peak memory 418 MiB.
2026-10-09T16:43:24Z INFO [799/1000] 44d49b18-ebff-48a4-9792-05618f44f649: 38 arrays, 0.5 MB stored; 1.5 s; peak memory 418 MiB.
2026-10-09T16:43:24Z INFO [800/1000] 44d4f735-582a-4bc5-bdf8-a772ee67e7d6: 48 arrays, 83.9 MB stored; 1.5 s; peak memory 418 MiB.
2026-10-09T16:43:25Z INFO [800/1000] 44d4f735-582a-4bc5-bdf8-a772ee67e7d6: checkpointed 800 new records.
2026-10-09T16:43:25Z INFO [801/1000] 44d5344a-d1d9-4390-83cd-ba3e48d81685: 118 arrays, 0.3 MB stored; 1.3 s; peak memory 418 MiB.
2026-10-09T16:43:25Z INFO [802/1000] 44d5c5b3-1394-415c-9876-f092fdabd49f: 52 arrays, 8.9 MB stored; 1.5 s; peak memory 418 MiB.
2026-10-09T16:43:26Z INFO [803/1000] 44d74225-e53c-4d7d-ac9a-7428b213ac89: 38 arrays, 0.5 MB stored; 1.4 s; peak memory 418 MiB.
2026-10-09T16:43:26Z INFO [804/1000] 44d616c7-f11e-4321-82b2-7764a73445f7: 85 arrays, 0.3 MB stored; 1.6 s; peak memory 418 MiB.
2026-10-09T16:43:26Z INFO [805/1000] 44d65f4e-160a-437f-a695-4bbf08bdab8d: 48 arrays, 83.9 MB stored; 1.8 s; peak memory 418 MiB.
2026-10-09T16:43:27Z INFO [806/1000] 44d896d2-f50d-492f-8d6c-df8db3fac3e2: 57 arrays, 5.8 MB stored; 1.4 s; peak memory 418 MiB.
2026-10-09T16:43:27Z INFO [807/1000] 44d926ed-b509-4b5b-9885-a321ffe92609: 48 arrays, 83.9 MB stored; 1.3 s; peak memory 418 MiB.
2026-10-09T16:43:27Z INFO [808/1000] 44d948ea-d7e2-49f2-b793-dac734d907dc: 48 arrays, 83.9 MB stored; 1.2 s; peak memory 418 MiB.
2026-10-09T16:43:28Z INFO [809/1000] 44d91bea-4026-4313-a4c6-dca1f8c0b9ce: 78 arrays, 403.9 MB stored; 2.3 s; peak memory 418 MiB.
2026-10-09T16:43:28Z INFO [810/1000] 44d9a932-a5d9-4586-b59e-82d162e33ed4: 48 arrays, 83.9 MB stored; 1.5 s; peak memory 418 MiB.
2026-10-09T16:43:29Z INFO [811/1000] 44dae3ea-bf92-436d-9aba-b1c43b9162d6: 66 arrays, 61.3 MB stored; 1.9 s; peak memory 418 MiB.
2026-10-09T16:43:30Z INFO [812/1000] 44db5d51-cea1-4f96-ad1a-b2add2eebb74: 48 arrays, 83.9 MB stored; 1.2 s; peak memory 418 MiB.
2026-10-09T16:43:31Z INFO [813/1000] 44dc1248-315b-455a-b8d8-6bcb946fc7ec: 112 arrays, 0.4 MB stored; 1.4 s; peak memory 418 MiB.
2026-10-09T16:43:31Z INFO [814/1000] 44db9c87-fe8f-41d3-945d-688a4c3b6ec7: 115 arrays, 190.1 MB stored; 2.4 s; peak memory 418 MiB.
2026-10-09T16:43:32Z INFO [815/1000] 44db0817-e04d-4744-b289-1989165a3fab: 537 arrays, 8.2 MB stored; 4.0 s; peak memory 418 MiB.
2026-10-09T16:43:32Z INFO [816/1000] 44dd0772-f8f9-4dad-9273-98b63b735644: 48 arrays, 83.9 MB stored; 1.2 s; peak memory 418 MiB.
2026-10-09T16:43:33Z INFO [817/1000] 44dd3d1d-abca-40c5-84b8-063f6fc8467a: 38 arrays, 0.5 MB stored; 1.3 s; peak memory 418 MiB.
2026-10-09T16:43:33Z INFO [818/1000] 44dd837a-fd61-40be-b8db-d16765fba141: 112 arrays, 0.5 MB stored; 1.5 s; peak memory 418 MiB.
2026-10-09T16:43:34Z INFO [819/1000] 44dda253-f126-4770-89b3-a6307483d847: 118 arrays, 0.6 MB stored; 1.4 s; peak memory 418 MiB.
2026-10-09T16:43:34Z INFO [820/1000] 44dd887c-65ee-4bb7-a934-e575ad39a170: 119 arrays, 66.4 MB stored; 2.0 s; peak memory 418 MiB.
2026-10-09T16:43:35Z INFO [821/1000] 44da3867-1805-4925-b05f-0cc70e4d26e9: 1077 arrays, 23.7 MB stored; 7.7 s; peak memory 418 MiB.
2026-10-09T16:43:36Z INFO [822/1000] 44df2335-9eb1-4dd4-9645-9b54db004f3d: 118 arrays, 0.2 MB stored; 1.1 s; peak memory 418 MiB.
2026-10-09T16:43:36Z INFO [823/1000] 44dec1f1-f8ba-4038-b9ff-0f4c2cd3e46f: 53 arrays, 636.6 MB stored; 1.8 s; peak memory 418 MiB.
2026-10-09T16:43:37Z INFO [824/1000] 44e0d706-b5c3-4af9-bdfa-de43c7cdd311: 118 arrays, 0.3 MB stored; 1.4 s; peak memory 418 MiB.
2026-10-09T16:43:38Z INFO [825/1000] 44e0de9a-6046-4071-977f-e5d5c38f1525: 48 arrays, 83.9 MB stored; 1.2 s; peak memory 418 MiB.
2026-10-09T16:43:41Z INFO [826/1000] 44df2a17-e9d4-40be-84e3-0ecbd3c9acd2: 670 arrays, 19.2 MB stored; 4.8 s; peak memory 418 MiB.
2026-10-09T16:43:41Z INFO [827/1000] 44e10741-46db-4a68-b534-34cb8278015f: 116 arrays, 187.1 MB stored; 2.4 s; peak memory 418 MiB.
2026-10-09T16:43:41Z INFO [828/1000] 44d090d6-3ead-4e61-9274-95c72f48b873: 48 arrays, 38162.3 MB stored; 24.7 s; peak memory 418 MiB.
2026-10-09T16:43:42Z INFO [829/1000] 44e16157-5dae-4d46-b807-b57b151877d7: 57 arrays, 0.0 MB stored; 1.1 s; peak memory 418 MiB.
2026-10-09T16:43:42Z INFO [830/1000] 44e1bc87-95bb-47c8-b7b4-a5c9e1f5476a: 48 arrays, 83.9 MB stored; 1.5 s; peak memory 418 MiB.
2026-10-09T16:43:43Z INFO [831/1000] 44e1f153-ceb5-45cd-b2c1-dc7624efa5b1: 110 arrays, 1.3 MB stored; 1.6 s; peak memory 418 MiB.
2026-10-09T16:43:43Z INFO [832/1000] 44e24c0f-a5ce-4ef4-9c71-81e9f1fb1d2c: 52 arrays, 14.1 MB stored; 1.1 s; peak memory 418 MiB.
2026-10-09T16:43:44Z INFO [833/1000] 44de0a31-595f-487c-a829-17bd87072065: 1643 arrays, 30.6 MB stored; 10.2 s; peak memory 418 MiB.
2026-10-09T16:43:44Z INFO [834/1000] 44e3f9e8-f2d7-45be-8f0d-a6a091ac4025: 261 arrays, 17.2 MB stored; 1.5 s; peak memory 418 MiB.
2026-10-09T16:43:47Z INFO [835/1000] 44e5d6da-63f9-4baf-b70d-385d924a48d3: 115 arrays, 190.1 MB stored; 2.5 s; peak memory 418 MiB.
2026-10-09T16:43:48Z INFO [836/1000] 44e6f9de-9795-405e-9723-9251861dd884: 112 arrays, 0.4 MB stored; 1.3 s; peak memory 418 MiB.
2026-10-09T16:43:49Z INFO [837/1000] 44e4ee57-5758-48f4-9636-d4bec260fb96: 815 arrays, 20.3 MB stored; 5.4 s; peak memory 418 MiB.
2026-10-09T16:43:49Z INFO [838/1000] 44e73d70-0156-429c-b87b-211591697fc1: 46 arrays, 0.1 MB stored; 0.9 s; peak memory 418 MiB.
2026-10-09T16:43:51Z INFO [839/1000] 44e84439-1a36-4938-9b84-48e5df46eb64: 33 arrays, 572.9 MB stored; 1.4 s; peak memory 418 MiB.
2026-10-09T16:43:52Z INFO [840/1000] 44e86c74-d5b4-4fe3-8ef4-a7f740df3e9e: 118 arrays, 0.4 MB stored; 1.3 s; peak memory 418 MiB.
2026-10-09T16:43:53Z INFO [841/1000] 44e97198-99f0-4ca6-ac78-cd6e53c13f21: 38 arrays, 20.7 MB stored; 1.6 s; peak memory 418 MiB.
2026-10-09T16:43:54Z INFO [842/1000] 44e985cc-dd99-4b6f-9b45-1b17f0b22800: 48 arrays, 83.9 MB stored; 1.0 s; peak memory 418 MiB.
2026-10-09T16:43:55Z INFO [843/1000] 44d45740-96e7-44f0-88a6-29f11fe72d8c: 2906 arrays, 1987.5 MB stored; 32.1 s; peak memory 418 MiB.
2026-10-09T16:43:56Z INFO [844/1000] 44e9ea4c-c398-4bb3-8366-f1badeedbbc5: 68 arrays, 62.0 MB stored; 1.3 s; peak memory 418 MiB.
2026-10-09T16:43:57Z INFO [845/1000] 44eab17d-f956-4955-a6e3-98bf83d98ad8: 48 arrays, 83.9 MB stored; 1.1 s; peak memory 418 MiB.
2026-10-09T16:43:57Z INFO [846/1000] 44ea1591-37ea-4678-96f7-5e4df70c7702: 156 arrays, 193.6 MB stored; 2.8 s; peak memory 418 MiB.
2026-10-09T16:43:58Z INFO [847/1000] 44eb7b90-d966-4dde-b3bf-9cdd36e0f2e4: 54 arrays, 0.0 MB stored; 1.0 s; peak memory 418 MiB.
2026-10-09T16:44:04Z INFO [848/1000] 44eb22e9-55e6-4403-b360-9078eb476128: 1247 arrays, 36.5 MB stored; 7.5 s; peak memory 418 MiB.
2026-10-09T16:44:06Z INFO [849/1000] 44ebba96-096e-479c-abca-00c3dbe96c68: 116 arrays, 9.8 MB stored; 1.2 s; peak memory 418 MiB.
2026-10-09T16:44:10Z INFO [850/1000] 44eb9a95-1ce1-4e9d-9866-e928b26b557f: 432 arrays, 589.7 MB stored; 11.4 s; peak memory 418 MiB.
2026-10-09T16:44:11Z INFO [851/1000] 44ec11eb-7466-4f42-a65d-7046ad671015: 116 arrays, 0.4 MB stored; 1.1 s; peak memory 418 MiB.
2026-10-09T16:44:14Z INFO [852/1000] 44df0886-2345-4bc5-bd26-e42ca89edae7: 55 arrays, 1873.2 MB stored; 39.6 s; peak memory 418 MiB.
2026-10-09T16:44:15Z INFO [853/1000] 44eca713-385e-4fef-a219-7a9932e24694: 118 arrays, 0.2 MB stored; 1.3 s; peak memory 418 MiB.
2026-10-09T16:44:16Z INFO [854/1000] 44ecd91c-6ac6-4bc7-ade4-de8e0b552345: 112 arrays, 0.2 MB stored; 1.1 s; peak memory 418 MiB.
2026-10-09T16:44:19Z INFO [855/1000] 44ec2a9d-b8af-454a-8c9c-592e643047ef: 1182 arrays, 43.9 MB stored; 7.6 s; peak memory 418 MiB.
2026-10-09T16:44:20Z INFO [856/1000] 44ed1437-eeff-4c72-8807-3cabbd64e6da: 117 arrays, 0.4 MB stored; 1.1 s; peak memory 418 MiB.
2026-10-09T16:44:21Z INFO [857/1000] 44ed4264-9f89-4251-a529-1af0c693b03b: 66 arrays, 51.4 MB stored; 1.4 s; peak memory 418 MiB.
2026-10-09T16:44:22Z INFO [858/1000] 44ed5757-dfc7-4450-bb40-162bff7eae4c: 48 arrays, 83.9 MB stored; 1.3 s; peak memory 418 MiB.
2026-10-09T16:44:24Z INFO [859/1000] 44ed5aff-111e-46ef-bf0b-558bd284f6ec: 48 arrays, 83.9 MB stored; 1.2 s; peak memory 418 MiB.
2026-10-09T16:44:26Z INFO [860/1000] 44eda941-1b6f-475e-a6cf-b0f67dd0a5f7: 84 arrays, 458.4 MB stored; 2.9 s; peak memory 418 MiB.
2026-10-09T16:44:28Z INFO [861/1000] 44edd2ff-5405-41ac-830d-c7a7aa19f33c: 112 arrays, 1.0 MB stored; 1.6 s; peak memory 418 MiB.
2026-10-09T16:44:29Z INFO [862/1000] 44edf15b-156a-415b-a67a-ed8a8a42d859: 48 arrays, 251.7 MB stored; 1.2 s; peak memory 418 MiB.
2026-10-09T16:44:30Z INFO [863/1000] 44ee6850-fe7b-4d84-95e7-7478686bf4bd: 111 arrays, 0.1 MB stored; 1.1 s; peak memory 418 MiB.
2026-10-09T16:44:50Z INFO [864/1000] 44eec4fb-c1e8-4b8a-8f11-83ddcf2eab4c: 9719 arrays, 227.9 MB stored; 19.8 s; peak memory 418 MiB.
2026-10-09T16:44:51Z INFO [865/1000] 44eee19b-cf26-4c3f-9cf5-307988a2797b: 116 arrays, 0.5 MB stored; 1.2 s; peak memory 418 MiB.
2026-10-09T16:44:53Z INFO [866/1000] 44ef1c3e-caf0-481a-9c24-3227af5717e4: 48 arrays, 83.9 MB stored; 1.1 s; peak memory 418 MiB.
2026-10-09T16:44:54Z INFO [867/1000] 44ef378e-b52f-4638-9f37-590fcd30a4fa: 112 arrays, 0.4 MB stored; 1.2 s; peak memory 418 MiB.
2026-10-09T16:44:55Z INFO [868/1000] 44efe1a9-c14c-42b6-8730-91cc60cd9c00: 118 arrays, 0.4 MB stored; 1.3 s; peak memory 418 MiB.
2026-10-09T16:45:15Z INFO [869/1000] 44b4c10a-701f-4bda-b4ee-eda20a1ca4ee: 169 arrays, 257507.1 MB stored; 165.1 s; peak memory 418 MiB.
2026-10-09T16:45:15Z INFO [870/1000] 44f04af8-c5dd-4da2-88db-8c729a2867d0: 7252 arrays, 63.2 MB stored; 20.5 s; peak memory 418 MiB.
2026-10-09T16:45:16Z INFO [871/1000] 44f0798f-3176-4335-98d0-b31241c6f0d3: 114 arrays, 0.1 MB stored; 1.1 s; peak memory 418 MiB.
2026-10-09T16:45:17Z INFO [872/1000] 44f15360-8c7d-442a-a7db-0e321bf49589: 117 arrays, 0.4 MB stored; 1.3 s; peak memory 418 MiB.
2026-10-09T16:45:18Z INFO [873/1000] 44f1f26c-0b02-4e7c-aa9b-414b0dc4ea18: 52 arrays, 13.2 MB stored; 1.2 s; peak memory 418 MiB.
2026-10-09T16:45:24Z INFO [874/1000] 44f244df-e84d-4f6c-898c-ec8c5ce78c57: 829 arrays, 32.9 MB stored; 6.3 s; peak memory 418 MiB.
2026-10-09T16:45:26Z INFO [875/1000] 44f27f8a-e32f-489b-91fb-00ebae241804: 62 arrays, 4677.2 MB stored; 1.5 s; peak memory 418 MiB.
2026-10-09T16:45:27Z INFO [876/1000] 44f293a1-77a7-430b-9f99-f38f4df1502c: 117 arrays, 0.3 MB stored; 1.2 s; peak memory 418 MiB.
2026-10-09T16:45:28Z INFO [877/1000] 44f2b730-bf94-4430-bf19-187716e0180e: 38 arrays, 0.5 MB stored; 1.0 s; peak memory 418 MiB.
2026-10-09T16:45:30Z INFO [878/1000] 44f3cb3d-ff29-4e5b-9ef7-ca9ceb19d37c: 116 arrays, 0.3 MB stored; 1.4 s; peak memory 418 MiB.
2026-10-09T16:45:31Z INFO [879/1000] 44f3fb02-4638-42d5-b3bb-475664475805: 57 arrays, 0.0 MB stored; 1.1 s; peak memory 418 MiB.
2026-10-09T16:45:32Z INFO [880/1000] 44f43737-b2b2-4563-ace5-b8543a6c851b: 117 arrays, 0.4 MB stored; 1.2 s; peak memory 418 MiB.
2026-10-09T16:45:33Z INFO [881/1000] 44f46444-9799-4768-a065-963864bb344b: 116 arrays, 0.3 MB stored; 1.2 s; peak memory 418 MiB.
2026-10-09T16:45:34Z INFO [882/1000] 44f4872f-5058-481a-a976-06151db31444: 33 arrays, 452.5 MB stored; 1.4 s; peak memory 418 MiB.
2026-10-09T16:45:39Z INFO [883/1000] 44f50edb-1b9a-4ca1-a62a-af9904d1aef3: 258 arrays, 35.0 MB stored; 4.4 s; peak memory 418 MiB.
2026-10-09T16:45:47Z INFO [884/1000] 44f56080-11cb-439a-b1d1-ca6ac1cb3658: 1025 arrays, 26.4 MB stored; 8.2 s; peak memory 418 MiB.
2026-10-09T16:45:48Z INFO [885/1000] 44f630cb-b6dc-4e97-8e83-897653e0f4de: 116 arrays, 0.3 MB stored; 1.3 s; peak memory 418 MiB.
2026-10-09T16:45:49Z INFO [886/1000] 44f63518-a6bb-4d1e-8186-0cbec9f79d1b: 58 arrays, 0.0 MB stored; 1.0 s; peak memory 418 MiB.
2026-10-09T16:45:51Z INFO [887/1000] 44e23861-3d88-451d-b14f-0b60a1146d82: 167 arrays, 21201.2 MB stored; 129.4 s; peak memory 418 MiB.
2026-10-09T16:45:57Z INFO [888/1000] 44f0ed3d-645e-4419-be64-4242c7bba535: 52 arrays, 2446.1 MB stored; 41.6 s; peak memory 418 MiB.
2026-10-09T16:45:58Z INFO [889/1000] 44f688f4-22a8-490b-b4e1-e20f8961b35a: 52 arrays, 11.3 MB stored; 1.3 s; peak memory 418 MiB.
2026-10-09T16:45:59Z INFO [890/1000] 44f66f5e-7762-4b03-a2a0-3e04333bc21f: 973 arrays, 41.0 MB stored; 7.8 s; peak memory 418 MiB.
2026-10-09T16:46:00Z INFO [891/1000] 44f7c340-2ad4-48f3-9887-b8c792ba87b8: 48 arrays, 83.9 MB stored; 1.2 s; peak memory 418 MiB.
2026-10-09T16:46:01Z INFO [892/1000] 44f8d4c8-9999-415a-92fb-9d0ed9cc7738: 92 arrays, 8.5 MB stored; 1.1 s; peak memory 418 MiB.
2026-10-09T16:46:03Z INFO [893/1000] 44f66095-f724-4878-8ecd-4ce64a9e98f3: 44 arrays, 8280.7 MB stored; 14.1 s; peak memory 418 MiB.
2026-10-09T16:46:05Z INFO [894/1000] 44f954cf-c112-4ea7-859d-fee461cf0fcf: 168 arrays, 3.2 MB stored; 1.9 s; peak memory 418 MiB.
2026-10-09T16:46:07Z INFO [895/1000] 44f96fc2-4dc5-4884-88d3-a94a9bfbd4d0: 64 arrays, 18.6 MB stored; 1.3 s; peak memory 418 MiB.
2026-10-09T16:46:08Z INFO [896/1000] 44fabac5-041a-42ee-b8d5-c2f01e79ec93: 48 arrays, 83.9 MB stored; 1.1 s; peak memory 418 MiB.
2026-10-09T16:46:08Z INFO [897/1000] 44ebf2f0-4de7-4e15-a23e-93283f24a872: 269 arrays, 20830.5 MB stored; 122.8 s; peak memory 418 MiB.
2026-10-09T16:46:10Z INFO [898/1000] 44fad6c2-2255-45c1-acea-10f8e3c2fc94: 155 arrays, 1.2 MB stored; 1.8 s; peak memory 418 MiB.
2026-10-09T16:46:10Z INFO [899/1000] 44fb2382-c0cc-4c12-b191-95f0586133de: 117 arrays, 0.5 MB stored; 1.2 s; peak memory 418 MiB.
2026-10-09T16:46:11Z INFO [900/1000] 44fbb10f-b3c9-4f0f-b291-75162e101db3: 38 arrays, 0.5 MB stored; 1.0 s; peak memory 418 MiB.
2026-10-09T16:46:11Z INFO [901/1000] 44fb62aa-c5ee-48ca-9af7-66f9340cbda6: 117 arrays, 0.6 MB stored; 1.3 s; peak memory 418 MiB.
2026-10-09T16:46:15Z INFO [902/1000] 44fc8d62-5578-4143-8271-84db9be25ab6: 296 arrays, 22.3 MB stored; 3.9 s; peak memory 418 MiB.
2026-10-09T16:46:16Z INFO [903/1000] 44fd17c2-3e91-4323-a471-4c1408397da7: 118 arrays, 0.4 MB stored; 1.3 s; peak memory 418 MiB.
2026-10-09T16:46:18Z INFO [904/1000] 44ecec1f-3f55-4cf6-bd0a-b53f6771eae7: 414 arrays, 19715.4 MB stored; 121.6 s; peak memory 418 MiB.
2026-10-09T16:46:19Z INFO [905/1000] 44fd2316-43f8-466c-af53-ef9e795ce401: 90 arrays, 164.9 MB stored; 2.6 s; peak memory 418 MiB.
2026-10-09T16:46:19Z INFO [906/1000] 44fd8373-8ac7-406e-8b12-f5e3a391e180: 48 arrays, 83.9 MB stored; 1.1 s; peak memory 418 MiB.
2026-10-09T16:46:20Z INFO [907/1000] 44fe3480-3a83-40c1-a0b4-9c3371fe6152: 66 arrays, 27.6 MB stored; 1.6 s; peak memory 418 MiB.
2026-10-09T16:46:21Z INFO [908/1000] 44ff19bd-ed10-4f07-9cdc-e64081173efe: 66 arrays, 19.1 MB stored; 1.6 s; peak memory 418 MiB.
2026-10-09T16:46:23Z INFO [909/1000] 44ff6f80-d1bc-498e-ae18-96772a7c99e9: 115 arrays, 190.2 MB stored; 2.4 s; peak memory 418 MiB.
2026-10-09T16:46:24Z INFO [910/1000] 450043cf-b732-4d86-8154-2ad5463c3681: 48 arrays, 83.9 MB stored; 1.2 s; peak memory 418 MiB.
2026-10-09T16:46:25Z INFO [911/1000] 4500c22d-deee-46f1-8a48-71f580c89b4b: 45 arrays, 0.0 MB stored; 1.0 s; peak memory 418 MiB.
2026-10-09T16:46:26Z INFO [912/1000] 44fff8ae-de80-435c-a1d0-df2d05b514f6: 764 arrays, 12.9 MB stored; 5.0 s; peak memory 418 MiB.
2026-10-09T16:46:26Z INFO [913/1000] 45012cac-72d9-44b8-af49-162bb148821f: 112 arrays, 0.7 MB stored; 1.3 s; peak memory 418 MiB.
2026-10-09T16:46:27Z INFO [914/1000] 4501491e-a797-48fc-99d7-23b468868788: 53 arrays, 9.3 MB stored; 1.6 s; peak memory 418 MiB.
2026-10-09T16:46:28Z INFO [915/1000] 45022eaf-b3b0-45af-8630-a68d6301068b: 48 arrays, 83.9 MB stored; 1.1 s; peak memory 418 MiB.
2026-10-09T16:46:31Z INFO [916/1000] 45014b94-1b8c-4971-8c4a-74081de61e2b: 229 arrays, 305.4 MB stored; 4.7 s; peak memory 418 MiB.
2026-10-09T16:46:31Z INFO [917/1000] 4502451c-70c6-4a99-88e5-5c6a3364315e: 256 arrays, 9.7 MB stored; 2.8 s; peak memory 418 MiB.
2026-10-09T16:46:32Z INFO [918/1000] 4502e0b3-ab88-4ad6-b01a-e37c2f5ff88c: 117 arrays, 0.5 MB stored; 1.4 s; peak memory 418 MiB.
2026-10-09T16:46:33Z INFO [919/1000] 4502e6bb-4456-4c67-a1dd-5010456e1d50: 33 arrays, 500.2 MB stored; 1.5 s; peak memory 418 MiB.
2026-10-09T16:46:34Z INFO [920/1000] 450317cd-57db-40fe-92fa-559de9c0137f: 116 arrays, 0.4 MB stored; 1.3 s; peak memory 418 MiB.
2026-10-09T16:46:34Z INFO [921/1000] 4503681c-bbe5-402b-8275-6bb152ded132: 50 arrays, 1.5 MB stored; 1.1 s; peak memory 418 MiB.
2026-10-09T16:46:35Z INFO [922/1000] 4503be14-b40e-4d51-9df8-71d4d916517e: 71 arrays, 38.0 MB stored; 1.8 s; peak memory 418 MiB.
2026-10-09T16:46:37Z INFO [923/1000] 450408df-2f48-4a7d-9b0b-1b58c0059ba6: 48 arrays, 83.9 MB stored; 1.1 s; peak memory 418 MiB.
2026-10-09T16:46:39Z INFO [924/1000] 45044abf-60bb-492b-86e9-fcdd53dcbd65: 119 arrays, 66.4 MB stored; 1.9 s; peak memory 418 MiB.
2026-10-09T16:46:40Z INFO [925/1000] 4504f3ba-c16f-434e-8bb1-55b542edd490: 118 arrays, 0.4 MB stored; 1.1 s; peak memory 418 MiB.
2026-10-09T16:46:40Z INFO [926/1000] 45038ae2-6bcd-4d7b-94f8-147646b72ee8: 49 arrays, 4138.8 MB stored; 6.2 s; peak memory 418 MiB.
2026-10-09T16:46:41Z INFO [927/1000] 45050592-1cd8-48f7-ac13-4b7e6fe11bdd: 62 arrays, 3897.9 MB stored; 1.5 s; peak memory 418 MiB.
2026-10-09T16:46:41Z INFO [928/1000] 450553c5-0ecb-430a-a7d7-77ba22675939: 52 arrays, 21.6 MB stored; 1.4 s; peak memory 418 MiB.
2026-10-09T16:46:42Z INFO [929/1000] 45061f89-01a0-4bd4-8526-7cba443de23f: 48 arrays, 83.9 MB stored; 1.3 s; peak memory 418 MiB.
2026-10-09T16:46:44Z INFO [930/1000] 4506ba5f-4fd4-4b06-830f-aaee98383bf5: 48 arrays, 83.9 MB stored; 1.2 s; peak memory 418 MiB.
2026-10-09T16:46:46Z INFO [931/1000] 4506e31c-97b8-412d-9697-657eee986e02: 115 arrays, 190.1 MB stored; 2.2 s; peak memory 418 MiB.
2026-10-09T16:46:47Z INFO [932/1000] 4506e46b-bc49-46d6-8288-8202fb77670e: 118 arrays, 0.6 MB stored; 1.4 s; peak memory 418 MiB.
2026-10-09T16:46:49Z INFO [933/1000] 4505a30b-5039-4e7d-b9f5-7dfcdd975eac: 82 arrays, 501.1 MB stored; 8.1 s; peak memory 418 MiB.
2026-10-09T16:46:49Z INFO [934/1000] 4506f0d8-24dd-43e0-ad7f-cebf88944b5e: 115 arrays, 190.1 MB stored; 2.1 s; peak memory 418 MiB.
2026-10-09T16:46:50Z INFO [935/1000] 45084ff1-d60a-4886-9bfa-e56633be5122: 48 arrays, 83.9 MB stored; 1.2 s; peak memory 418 MiB.
2026-10-09T16:46:51Z INFO [936/1000] 45088df3-c8eb-42dd-93c3-ff8900dbbf7c: 118 arrays, 0.4 MB stored; 1.3 s; peak memory 418 MiB.
2026-10-09T16:46:52Z INFO [937/1000] 450a1d14-2289-4fa9-bad4-1323e4b2b130: 49 arrays, 0.0 MB stored; 1.0 s; peak memory 418 MiB.
2026-10-09T16:46:52Z INFO [938/1000] 4508c58b-8e0d-44cb-92d6-6687ad723ba0: 118 arrays, 0.4 MB stored; 1.3 s; peak memory 418 MiB.
2026-10-09T16:46:53Z INFO [939/1000] 450aa975-bb37-482e-99f5-8b33389be911: 118 arrays, 0.4 MB stored; 1.2 s; peak memory 418 MiB.
2026-10-09T16:46:53Z INFO [940/1000] 450a2726-d47d-4b8b-9fa6-258a8f667242: 112 arrays, 0.7 MB stored; 1.5 s; peak memory 418 MiB.
2026-10-09T16:46:54Z INFO [941/1000] 450ac851-3298-4d07-8361-87b06c872bcc: 72 arrays, 0.2 MB stored; 1.2 s; peak memory 418 MiB.
2026-10-09T16:46:54Z INFO [942/1000] 450ab8bd-209b-46df-aa55-88a83fa91868: 70 arrays, 44.2 MB stored; 1.5 s; peak memory 418 MiB.
2026-10-09T16:46:55Z INFO [943/1000] 450bbc6b-378b-4eef-b3e6-c9f2569ac61e: 45 arrays, 0.0 MB stored; 1.1 s; peak memory 418 MiB.
2026-10-09T16:46:56Z INFO [944/1000] 450c40be-b416-4bd5-8b64-9dbbac1f54ba: 102 arrays, 15.3 MB stored; 1.5 s; peak memory 418 MiB.
2026-10-09T16:46:57Z INFO [945/1000] 450c4b97-d301-42b5-a2ec-9cb7ee044938: 117 arrays, 0.2 MB stored; 1.2 s; peak memory 418 MiB.
2026-10-09T16:46:58Z INFO [946/1000] 450d1af2-f7b2-4691-9727-8b64242a5e1d: 48 arrays, 83.9 MB stored; 1.2 s; peak memory 418 MiB.
2026-10-09T16:46:59Z INFO [947/1000] 450c9b9f-f734-4186-92a4-40f97af7d6e0: 156 arrays, 193.5 MB stored; 2.7 s; peak memory 418 MiB.
2026-10-09T16:46:59Z INFO [948/1000] 450d4a11-003a-440b-8ecf-db1582019ff9: 48 arrays, 83.9 MB stored; 1.2 s; peak memory 418 MiB.
2026-10-09T16:47:01Z INFO [949/1000] 450d6b84-e204-4a2d-a68c-51a5cd62da03: 38 arrays, 57.4 MB stored; 2.3 s; peak memory 418 MiB.
2026-10-09T16:47:07Z INFO [950/1000] 450f12f3-a8a5-4c45-a779-26016540b502: 196 arrays, 1009.4 MB stored; 6.4 s; peak memory 418 MiB.
2026-10-09T16:47:09Z INFO [951/1000] 450f8341-1dde-4d10-90c1-435379176430: 112 arrays, 0.7 MB stored; 1.3 s; peak memory 418 MiB.
2026-10-09T16:47:10Z INFO [952/1000] 45102c9c-4147-4a1f-bbd7-8b1232a9320c: 48 arrays, 83.9 MB stored; 1.2 s; peak memory 418 MiB.
2026-10-09T16:47:11Z INFO [953/1000] 4510c4c8-774d-4888-84e7-2b74f69c82ec: 49 arrays, 18.7 MB stored; 1.3 s; peak memory 418 MiB.
2026-10-09T16:47:12Z INFO [954/1000] 45113966-a06b-4c2b-9b8b-dcb14ca130cc: 48 arrays, 83.9 MB stored; 1.2 s; peak memory 418 MiB.
2026-10-09T16:47:15Z INFO [955/1000] 4512158b-dcab-4297-a245-887804939be4: 154 arrays, 244.3 MB stored; 2.4 s; peak memory 418 MiB.
2026-10-09T16:47:19Z INFO [956/1000] 451219a7-d171-40ca-856d-ce57d392e99a: 229 arrays, 332.2 MB stored; 4.1 s; peak memory 418 MiB.
2026-10-09T16:47:20Z INFO [957/1000] 4512c736-a46e-4385-94b2-be8751bb69ec: 48 arrays, 83.9 MB stored; 1.4 s; peak memory 418 MiB.
2026-10-09T16:47:24Z INFO [958/1000] 45135feb-19e4-4a30-bc3c-b517e587833a: 38 arrays, 103.2 MB stored; 3.7 s; peak memory 418 MiB.
2026-10-09T16:47:25Z INFO [959/1000] 450f10f7-8bfb-4414-9f1c-af661ddc5b8c: 48 arrays, 38857.4 MB stored; 25.6 s; peak memory 418 MiB.
2026-10-09T16:47:32Z INFO [960/1000] 45159867-3c9a-4ffe-87a0-aabb9b65841b: 234 arrays, 1480.1 MB stored; 7.8 s; peak memory 418 MiB.
2026-10-09T16:47:34Z INFO [961/1000] 45141319-2f59-4cb4-9984-fe7d963b13c7: 588 arrays, 189.1 MB stored; 9.9 s; peak memory 418 MiB.
2026-10-09T16:47:35Z INFO [962/1000] 4515f57c-ec64-4ead-89db-cea977fb0b4d: 112 arrays, 0.6 MB stored; 1.5 s; peak memory 418 MiB.
2026-10-09T16:47:36Z INFO [963/1000] 451676fe-1666-4fe4-8282-dfd01522d077: 41 arrays, 8.4 MB stored; 1.0 s; peak memory 418 MiB.
2026-10-09T16:47:48Z INFO [964/1000] 44f7c866-8f40-455a-909e-b17e7c82fa32: 28789 arrays, 338.6 MB stored; 108.8 s; peak memory 418 MiB.
2026-10-09T16:47:49Z INFO [965/1000] 4516d1c1-db38-4933-a8a6-f4f407868a6b: 48 arrays, 83.9 MB stored; 1.1 s; peak memory 418 MiB.
2026-10-09T16:47:50Z INFO [966/1000] 45174d81-05b2-42cd-bc92-e8279dea5611: 48 arrays, 83.9 MB stored; 1.1 s; peak memory 418 MiB.
2026-10-09T16:47:51Z INFO [967/1000] 45177494-cd9f-441e-89f3-03db88732ee7: 48 arrays, 83.9 MB stored; 1.3 s; peak memory 418 MiB.
2026-10-09T16:47:53Z INFO [968/1000] 4517c1d1-519c-4e76-8d4a-d9f20c2b3902: 115 arrays, 0.5 MB stored; 1.3 s; peak memory 418 MiB.
2026-10-09T16:47:53Z INFO [969/1000] 44e4f9a1-88fd-4848-b9e2-baa6e2307051: 171 arrays, 366020.6 MB stored; 249.4 s; peak memory 418 MiB.
2026-10-09T16:47:54Z INFO [970/1000] 4517ea6e-4a7a-47ea-a05d-2a029538a053: 118 arrays, 0.5 MB stored; 1.2 s; peak memory 418 MiB.
2026-10-09T16:47:54Z INFO [971/1000] 4518453a-e4bd-4bf8-add2-39ed9b918ed9: 52 arrays, 626.1 MB stored; 1.4 s; peak memory 418 MiB.
2026-10-09T16:47:56Z INFO [972/1000] 451887d6-26a5-4c1d-9af3-518de0080b7e: 56 arrays, 0.0 MB stored; 1.1 s; peak memory 418 MiB.
2026-10-09T16:47:56Z INFO [973/1000] 45184d10-8e95-47e6-b38b-acb2e8e72f9b: 119 arrays, 67.5 MB stored; 2.4 s; peak memory 418 MiB.
2026-10-09T16:47:57Z INFO [974/1000] 451897c1-ddc7-4367-b4c1-32d94266a0df: 48 arrays, 83.9 MB stored; 1.1 s; peak memory 418 MiB.
2026-10-09T16:47:57Z INFO [975/1000] 4515b266-2c49-443c-be26-dda62d547581: 48 arrays, 36504.4 MB stored; 24.5 s; peak memory 418 MiB.
2026-10-09T16:47:57Z INFO [976/1000] 451926d8-da7b-427c-b113-ee5061057d3e: 45 arrays, 0.0 MB stored; 1.0 s; peak memory 418 MiB.
2026-10-09T16:47:58Z INFO [977/1000] 4519612d-634d-4de4-860e-e101d41548bf: 66 arrays, 18.4 MB stored; 1.5 s; peak memory 418 MiB.
2026-10-09T16:47:58Z INFO [978/1000] 4519e4b1-497f-4724-acb0-672b1e98569a: 48 arrays, 83.9 MB stored; 1.1 s; peak memory 418 MiB.
2026-10-09T16:47:59Z INFO [979/1000] 4519b932-4445-4a93-accd-3eac742e0aa3: 66 arrays, 120.6 MB stored; 1.6 s; peak memory 418 MiB.
2026-10-09T16:48:00Z INFO [980/1000] 451b2673-2265-4ac1-87e7-535ea307bc9b: 52 arrays, 13.6 MB stored; 1.2 s; peak memory 418 MiB.
2026-10-09T16:48:00Z INFO [981/1000] 451a239d-155f-44a8-96e6-1dfb2a1eb547: 118 arrays, 0.5 MB stored; 1.5 s; peak memory 418 MiB.
2026-10-09T16:48:00Z INFO [982/1000] 451b2685-dc79-4b1e-85e7-e412560665a7: 118 arrays, 0.4 MB stored; 1.3 s; peak memory 418 MiB.
2026-10-09T16:48:01Z INFO [983/1000] 451c3074-fc20-4601-a387-3ce8565f7598: 48 arrays, 83.9 MB stored; 1.1 s; peak memory 418 MiB.
2026-10-09T16:48:01Z INFO [984/1000] 451c88c5-df19-4de7-86e3-6e6503aa21ba: 117 arrays, 0.4 MB stored; 1.2 s; peak memory 418 MiB.
2026-10-09T16:48:02Z INFO [985/1000] 451c8ad8-bde3-4312-ad34-fb993b6abe5f: 117 arrays, 0.2 MB stored; 1.2 s; peak memory 418 MiB.
2026-10-09T16:48:02Z INFO [986/1000] 451d0a11-0d7b-43d4-ac81-8d6c2adc7d68: 48 arrays, 83.9 MB stored; 1.2 s; peak memory 418 MiB.
2026-10-09T16:48:04Z INFO [987/1000] 451b6bc7-7f9b-4df8-84d8-060aeaee12f7: 537 arrays, 8.3 MB stored; 4.4 s; peak memory 418 MiB.
2026-10-09T16:48:04Z INFO [988/1000] 451d0f07-9826-432e-abb8-962a5272505c: 146 arrays, 100.5 MB stored; 2.1 s; peak memory 418 MiB.
2026-10-09T16:48:06Z INFO [989/1000] 451def53-edfe-4241-a44b-c2e24f01514b: 71 arrays, 65.4 MB stored; 1.9 s; peak memory 418 MiB.
2026-10-09T16:48:06Z INFO [990/1000] 451dc893-adf8-4cc0-ad9e-f72d14ffac8c: 229 arrays, 238.1 MB stored; 4.0 s; peak memory 418 MiB.
2026-10-09T16:48:07Z INFO [991/1000] 451ea3fb-343a-4d8f-9212-e1c2cc25040a: 48 arrays, 83.9 MB stored; 1.1 s; peak memory 418 MiB.
2026-10-09T16:48:08Z INFO [992/1000] 451e6852-61b3-452d-ab96-8e922451b7f0: 48 arrays, 197.1 MB stored; 1.7 s; peak memory 418 MiB.
2026-10-09T16:48:09Z INFO [993/1000] 451f7ecc-13f2-48f5-879a-405ec9b4fe8d: 112 arrays, 0.8 MB stored; 1.5 s; peak memory 418 MiB.
2026-10-09T16:48:10Z INFO [994/1000] 451f2547-374b-4448-a44d-4d8d3fc09f7d: 115 arrays, 190.1 MB stored; 2.3 s; peak memory 418 MiB.
2026-10-09T16:48:12Z INFO [995/1000] 451dec38-dd46-4ac5-b710-667d04ba9b39: 402 arrays, 12031.5 MB stored; 8.0 s; peak memory 418 MiB.
2026-10-09T16:48:14Z INFO [996/1000] 4516caa8-ea91-4e5d-8f61-11508dacc814: 55 arrays, 1891.3 MB stored; 37.7 s; peak memory 418 MiB.
2026-10-09T16:48:20Z INFO [997/1000] 44fbde95-2e8c-4d1b-b572-e037fe4da5e3: 167 arrays, 21116.6 MB stored; 129.3 s; peak memory 418 MiB.
2026-10-09T16:54:56Z WARNING 43a16e38-8d92-4a10-8361-529f331234e9: failed while reading the NWB file (TimeoutError: exceeded 1200 s)
2026-10-09T16:54:56Z WARNING [998/1000] 43a16e38-8d92-4a10-8361-529f331234e9: recorded the failure; a later run retries it.
2026-10-09T17:03:49Z WARNING 44e7c5da-dbce-4356-9d0e-a95e373d457d: failed while reading the NWB file (TimeoutError: exceeded 1200 s)
2026-10-09T17:03:49Z WARNING [999/1000] 44e7c5da-dbce-4356-9d0e-a95e373d457d: recorded the failure; a later run retries it.
2026-10-09T17:06:01Z WARNING 44f953f9-0855-4a29-9e03-c7c028577a37: failed while reading the NWB file (TimeoutError: exceeded 1200 s)
2026-10-09T17:06:01Z WARNING [1000/1000] 44f953f9-0855-4a29-9e03-c7c028577a37: recorded the failure; a later run retries it.
2026-10-09T17:06:03Z INFO [1000/1000] 44f953f9-0855-4a29-9e03-c7c028577a37: checkpointed 1000 new records.
2026-10-09T17:06:03Z INFO Wrote 46200 records to /tmp/derivatives/valid_nwb_file_to_array_sizes.jsonl (997 new, 3 failed) in 31.1 min (peak memory 605 MiB).
