2026-10-08T20:05:00Z INFO Logging to /tmp/logs/update_2026-10-08T20-05-00Z.log.
2026-10-08T20:05:00Z INFO Update valid-nwb-file-to-array-sizes (base directory /tmp).
2026-10-08T20:05:17Z INFO Processing 1000 items (11200 already recorded).
2026-10-08T20:05:19Z INFO [1/1000] 10c6e45b-d943-4c4d-9de8-f0bff4a50471: 53 arrays, 0.0 MB stored; 2.1 s; peak memory 2963 MiB.
2026-10-08T20:05:19Z INFO [2/1000] 10c7604c-ab65-4aee-a3be-a10d3514dea5: 52 arrays, 0.0 MB stored; 2.2 s; peak memory 2963 MiB.
2026-10-08T20:05:19Z INFO [3/1000] 10c6f29b-44f6-4d4c-aeae-f1ecee22023c: 48 arrays, 83.9 MB stored; 2.4 s; peak memory 2963 MiB.
2026-10-08T20:05:20Z INFO [4/1000] 10c95e9a-7e41-42d4-aca8-366bcbce4949: 110 arrays, 0.5 MB stored; 2.7 s; peak memory 2963 MiB.
2026-10-08T20:05:21Z INFO [5/1000] 10c99c79-026b-42d3-8e62-a9c1b47b2143: 52 arrays, 14.6 MB stored; 1.9 s; peak memory 2963 MiB.
2026-10-08T20:05:21Z INFO [6/1000] 10c80d65-a105-48e7-bf54-4736142be19d: 154 arrays, 462.5 MB stored; 4.5 s; peak memory 2964 MiB.
2026-10-08T20:05:22Z INFO [7/1000] 10c95fdd-42e2-45ae-87e6-8ab23f9a593b: 70 arrays, 116.5 MB stored; 3.3 s; peak memory 2964 MiB.
2026-10-08T20:05:23Z INFO [8/1000] 10cb11a1-cc0e-4b04-a4a9-97836658d33b: 117 arrays, 0.4 MB stored; 1.7 s; peak memory 2964 MiB.
2026-10-08T20:05:25Z INFO [9/1000] 10cab119-ca20-4fb6-bb8c-533b50a93826: 516 arrays, 5.2 MB stored; 5.6 s; peak memory 2965 MiB.
2026-10-08T20:05:26Z INFO [10/1000] 10cd2971-cece-4596-aa26-186faa31d3d5: 38 arrays, 36.4 MB stored; 3.3 s; peak memory 2965 MiB.
2026-10-08T20:05:26Z INFO [11/1000] 10c69522-84af-468b-8d9e-2c77bd203358: 229 arrays, 796.4 MB stored; 9.0 s; peak memory 2965 MiB.
2026-10-08T20:05:27Z INFO [12/1000] 10cad26c-a561-4c88-a256-68764d6e8f73: 741 arrays, 10.9 MB stored; 7.1 s; peak memory 2966 MiB.
2026-10-08T20:05:27Z INFO [13/1000] 10c77839-0ec9-4b72-ad30-7c866d5be50d: 208 arrays, 309.6 MB stored; 9.9 s; peak memory 2966 MiB.
2026-10-08T20:05:27Z INFO [14/1000] 10d00b5d-802c-42f8-a3d4-a0d954a2beff: 38 arrays, 0.5 MB stored; 1.4 s; peak memory 2966 MiB.
2026-10-08T20:05:28Z INFO [15/1000] 10d07fc8-fd8e-4f63-a24f-07b8b154ccbc: 39 arrays, 14.4 MB stored; 1.8 s; peak memory 2966 MiB.
2026-10-08T20:05:28Z INFO [16/1000] 10ce2fef-64f7-4030-945e-32f58f2d663c: 71 arrays, 129.7 MB stored; 3.1 s; peak memory 2966 MiB.
2026-10-08T20:05:28Z INFO [17/1000] 10c803d2-f8bd-44af-b94c-93628e3e6b7f: 336 arrays, 44.0 MB stored; 11.5 s; peak memory 2967 MiB.
2026-10-08T20:05:29Z INFO [18/1000] 10d0b5e3-2e9f-4620-81bc-2a91aa1724d9: 48 arrays, 83.9 MB stored; 1.8 s; peak memory 2967 MiB.
2026-10-08T20:05:29Z INFO [19/1000] 10d1c8f1-b45f-405a-9e6a-29f9cb2bd1b0: 56 arrays, 0.0 MB stored; 1.4 s; peak memory 2967 MiB.
2026-10-08T20:05:29Z INFO [20/1000] 10cc898e-a7eb-4a3b-9196-b875096b232e: 538 arrays, 8.5 MB stored; 7.9 s; peak memory 2968 MiB.
2026-10-08T20:05:30Z INFO [21/1000] 10d20c0b-7913-49da-bcd3-0fab7cbcbce4: 51 arrays, 1445.4 MB stored; 2.0 s; peak memory 2968 MiB.
2026-10-08T20:05:30Z INFO [22/1000] 10d27456-2817-4c65-92ba-4bb109cce220: 48 arrays, 83.9 MB stored; 1.8 s; peak memory 2968 MiB.
2026-10-08T20:05:32Z INFO [23/1000] 10d27b10-c6bf-4efe-8888-c97051724d97: 71 arrays, 45.8 MB stored; 2.7 s; peak memory 2968 MiB.
2026-10-08T20:05:32Z INFO [24/1000] 10d2bf09-784e-4c4f-bd31-d8dd54807a99: 48 arrays, 83.9 MB stored; 1.8 s; peak memory 2968 MiB.
2026-10-08T20:05:33Z INFO [25/1000] 10d28e71-7619-42f2-8a5d-c5adbbe72391: 64 arrays, 36.6 MB stored; 2.6 s; peak memory 2968 MiB.
2026-10-08T20:05:34Z INFO [26/1000] 10d2d3e2-abc3-4276-83bf-8b2e727cf997: 48 arrays, 83.9 MB stored; 1.8 s; peak memory 2968 MiB.
2026-10-08T20:05:34Z INFO [27/1000] 10d2f549-c4c7-46d5-a4e3-0d76b5d042a6: 48 arrays, 83.9 MB stored; 1.7 s; peak memory 2968 MiB.
2026-10-08T20:05:34Z INFO [28/1000] 10d1bd9d-3abf-4dad-abf1-789abac5e4fa: 605 arrays, 9.2 MB stored; 7.0 s; peak memory 2969 MiB.
2026-10-08T20:05:36Z INFO [29/1000] 10d4e558-25cf-42f6-907f-5d131825d9a4: 117 arrays, 0.5 MB stored; 2.2 s; peak memory 2969 MiB.
2026-10-08T20:05:36Z INFO [30/1000] 10d489bc-7dd7-4a23-9742-c9f4982450a2: 116 arrays, 187.2 MB stored; 3.6 s; peak memory 2969 MiB.
2026-10-08T20:05:37Z INFO [31/1000] 10d5545e-3aeb-4a58-b699-70399b8a74f9: 116 arrays, 0.3 MB stored; 2.8 s; peak memory 2969 MiB.
2026-10-08T20:05:38Z INFO [32/1000] 10d58f14-1c8c-4967-9ca3-c015a340871c: 52 arrays, 11.6 MB stored; 1.7 s; peak memory 2969 MiB.
2026-10-08T20:05:39Z INFO [33/1000] 10d6c1cd-1e02-4acd-b5d3-b2ffa6c3a179: 132 arrays, 1.2 MB stored; 1.8 s; peak memory 2969 MiB.
2026-10-08T20:05:41Z INFO [34/1000] 10d834b6-0201-46ad-84c1-c2b8abad8158: 52 arrays, 30.7 MB stored; 2.0 s; peak memory 2969 MiB.
2026-10-08T20:05:41Z INFO [35/1000] 10d27cc1-dcfa-456a-812f-c8d02c9fbfff: 801 arrays, 27.8 MB stored; 11.8 s; peak memory 2970 MiB.
2026-10-08T20:05:41Z INFO [36/1000] 10d72323-f2cd-4df3-8295-290261f509e3: 101 arrays, 43466.7 MB stored; 3.8 s; peak memory 2970 MiB.
2026-10-08T20:05:42Z INFO [37/1000] 10d4c9e8-67de-46fb-ad38-e16f1e9207e5: 208 arrays, 45.7 MB stored; 8.0 s; peak memory 2971 MiB.
2026-10-08T20:05:42Z INFO [38/1000] 10d858cc-3b34-4243-9fcb-b9103b4b2e88: 48 arrays, 83.9 MB stored; 1.5 s; peak memory 2971 MiB.
2026-10-08T20:05:43Z INFO [39/1000] 10d27abe-5550-4377-9558-456e973e13d4: 409 arrays, 12108.8 MB stored; 14.1 s; peak memory 2971 MiB.
2026-10-08T20:05:43Z INFO [40/1000] 10d96039-6634-4b40-991b-1943d858a19d: 170 arrays, 0.6 MB stored; 2.0 s; peak memory 2971 MiB.
2026-10-08T20:05:44Z INFO [41/1000] 10d9568a-8d0f-48f9-b710-7888e0af7d5d: 112 arrays, 0.7 MB stored; 2.3 s; peak memory 2971 MiB.
2026-10-08T20:05:44Z INFO [42/1000] 10d9bc02-74ab-402e-ac14-d807c6d5cbef: 112 arrays, 0.7 MB stored; 2.3 s; peak memory 2972 MiB.
2026-10-08T20:05:44Z INFO [43/1000] 10d9fc9e-50b8-4312-bed7-5a0fe18cc39a: 116 arrays, 0.2 MB stored; 1.7 s; peak memory 2972 MiB.
2026-10-08T20:05:45Z INFO [44/1000] 10da8ace-98a1-4238-aa66-5ecf50e26bdc: 48 arrays, 83.9 MB stored; 1.8 s; peak memory 2972 MiB.
2026-10-08T20:05:45Z INFO [45/1000] 10da9e8b-9723-42ff-9e3a-458623918f4e: 116 arrays, 0.1 MB stored; 1.7 s; peak memory 2972 MiB.
2026-10-08T20:05:46Z INFO [46/1000] 10dab54f-f097-4574-bf33-ac8d47a00e56: 48 arrays, 83.9 MB stored; 1.7 s; peak memory 2972 MiB.
2026-10-08T20:05:47Z INFO [47/1000] 10dbd649-ebd2-4dff-841e-7009b85fe353: 72 arrays, 100.3 MB stored; 1.8 s; peak memory 2972 MiB.
2026-10-08T20:05:47Z INFO [48/1000] 10dc7724-bd98-43ff-b22a-110abcfdb303: 48 arrays, 83.9 MB stored; 1.8 s; peak memory 2972 MiB.
2026-10-08T20:05:48Z INFO [49/1000] 10dcc776-a27d-44db-ae95-9e0fe835ec85: 33 arrays, 0.0 MB stored; 1.5 s; peak memory 2972 MiB.
2026-10-08T20:05:51Z INFO [50/1000] 10dd60e4-843c-4ebb-8109-52903eee9e85: 101 arrays, 10.9 MB stored; 2.5 s; peak memory 2972 MiB.
2026-10-08T20:05:51Z INFO [51/1000] 10dd2b1f-1aa8-49ac-aa59-08f2ccfb412f: 116 arrays, 187.1 MB stored; 4.0 s; peak memory 2972 MiB.
2026-10-08T20:05:52Z INFO [52/1000] 10cd51e4-1c01-4ca3-8603-4966d4be979b: 522 arrays, 3800.7 MB stored; 29.4 s; peak memory 2973 MiB.
2026-10-08T20:05:54Z INFO [53/1000] 10de875e-b1d7-47da-9bd2-cfb5c292e0d2: 77 arrays, 0.2 MB stored; 1.9 s; peak memory 2973 MiB.
2026-10-08T20:05:56Z INFO [54/1000] 10ded9f1-757c-4690-bfb7-58c203610b97: 48 arrays, 83.9 MB stored; 1.6 s; peak memory 2973 MiB.
2026-10-08T20:05:58Z INFO [55/1000] 10dd8524-737f-41e2-9026-5045c74ae632: 170 arrays, 515.7 MB stored; 7.0 s; peak memory 2973 MiB.
2026-10-08T20:05:58Z INFO [56/1000] 10dcc047-e3a7-4af6-a859-d4768b884125: 82 arrays, 446.0 MB stored; 12.7 s; peak memory 2973 MiB.
2026-10-08T20:06:00Z INFO [57/1000] 10df907f-dd1b-4215-b774-eda3163f0507: 42 arrays, 258.1 MB stored; 1.7 s; peak memory 2973 MiB.
2026-10-08T20:06:01Z INFO [58/1000] 10dff921-f9c0-4fc6-b8ed-251e69b19a0e: 112 arrays, 0.5 MB stored; 2.1 s; peak memory 2973 MiB.
2026-10-08T20:06:01Z INFO [59/1000] 10dada62-f0c0-4c85-b536-1e4e2e8c77c6: 991 arrays, 47.6 MB stored; 16.9 s; peak memory 2975 MiB.
2026-10-08T20:06:02Z INFO [60/1000] 10e0ff74-3f81-4710-8210-ecd94fae833e: 131 arrays, 0.4 MB stored; 2.4 s; peak memory 2975 MiB.
2026-10-08T20:06:03Z INFO [61/1000] 10e17085-9209-4f3a-95de-7ab80470c774: 71 arrays, 4.6 MB stored; 2.3 s; peak memory 2975 MiB.
2026-10-08T20:06:06Z INFO [62/1000] 10e37e8e-e213-4b3c-99c1-95fb7f22814b: 222 arrays, 366.3 MB stored; 3.2 s; peak memory 2975 MiB.
2026-10-08T20:06:08Z INFO [63/1000] 10e427ed-1958-4dbf-b16c-02003887e428: 112 arrays, 0.6 MB stored; 2.1 s; peak memory 2975 MiB.
2026-10-08T20:06:09Z INFO [64/1000] 10e1f4c6-8bed-4d9b-a4e6-d48900069d9e: 229 arrays, 276.5 MB stored; 6.8 s; peak memory 2975 MiB.
2026-10-08T20:06:10Z INFO [65/1000] 10e43dfb-88ee-4f31-a224-901a03f63dc7: 48 arrays, 83.9 MB stored; 1.7 s; peak memory 2975 MiB.
2026-10-08T20:06:11Z INFO [66/1000] 10e76c3f-f36e-432b-9c23-8cac0cd76167: 112 arrays, 0.6 MB stored; 2.1 s; peak memory 2976 MiB.
2026-10-08T20:06:12Z INFO [67/1000] 10e78344-55d9-45fb-93f6-95f2259b19f9: 48 arrays, 83.9 MB stored; 1.6 s; peak memory 2976 MiB.
2026-10-08T20:06:13Z INFO [68/1000] 10e181d3-583b-4e05-ab13-a216a50fa551: 410 arrays, 82.2 MB stored; 11.7 s; peak memory 2976 MiB.
2026-10-08T20:06:13Z INFO [69/1000] 10e7bb69-db77-4ead-8be0-1e202fa0a810: 48 arrays, 83.9 MB stored; 1.6 s; peak memory 2976 MiB.
2026-10-08T20:06:13Z INFO [70/1000] 10e79aac-b89e-4d3b-b357-3526b0bd3d49: 70 arrays, 22.0 MB stored; 2.3 s; peak memory 2976 MiB.
2026-10-08T20:06:14Z INFO [71/1000] 10e7d4c8-0a3a-4519-a561-1069bc8fe937: 42 arrays, 0.8 MB stored; 1.7 s; peak memory 2976 MiB.
2026-10-08T20:06:15Z INFO [72/1000] 10e81bea-c4b7-4d12-a50e-131c500ba6c1: 116 arrays, 0.3 MB stored; 1.8 s; peak memory 2976 MiB.
2026-10-08T20:06:16Z INFO [73/1000] 10e81da0-21fe-4233-be83-382ab6326320: 112 arrays, 0.6 MB stored; 2.1 s; peak memory 2976 MiB.
2026-10-08T20:06:17Z INFO [74/1000] 10e7fb59-bcce-49b0-9fba-114e0271f597: 39 arrays, 12725.8 MB stored; 3.4 s; peak memory 2976 MiB.
2026-10-08T20:06:17Z INFO [75/1000] 10e85000-06dd-438a-b383-a65d786b8cfc: 117 arrays, 0.3 MB stored; 1.8 s; peak memory 2977 MiB.
2026-10-08T20:06:18Z INFO [76/1000] 10e89006-736c-43ac-a1e3-0be61a35f1a2: 48 arrays, 83.9 MB stored; 1.6 s; peak memory 2977 MiB.
2026-10-08T20:06:18Z INFO [77/1000] 10ea15d0-f884-4c8e-8d02-7928d2abd8ea: 46 arrays, 0.1 MB stored; 1.3 s; peak memory 2977 MiB.
2026-10-08T20:06:18Z INFO [78/1000] 10df3632-ece9-483e-aa22-d1886fbc9b7f: 1036 arrays, 28.9 MB stored; 22.8 s; peak memory 2978 MiB.
2026-10-08T20:06:20Z INFO [79/1000] 10ea4ef5-6a71-457d-afa0-8819d7ef7726: 101 arrays, 16.6 MB stored; 2.4 s; peak memory 2978 MiB.
2026-10-08T20:06:21Z INFO [80/1000] 10e8b917-24d1-46d7-b267-e837894a0bae: 155 arrays, 12.1 MB stored; 4.6 s; peak memory 2978 MiB.
2026-10-08T20:06:21Z INFO [81/1000] 10ebad13-2e07-4a4f-817f-ff5cba863e97: 38 arrays, 34.6 MB stored; 3.1 s; peak memory 2978 MiB.
2026-10-08T20:06:22Z INFO [82/1000] 10ebd607-49c6-412f-b54a-f9d2038f039f: 62 arrays, 0.8 MB stored; 1.8 s; peak memory 2978 MiB.
2026-10-08T20:06:23Z INFO [83/1000] 10ec23ae-0635-4b8e-939e-743d837bb1e3: 59 arrays, 98.1 MB stored; 1.9 s; peak memory 2978 MiB.
2026-10-08T20:06:24Z INFO [84/1000] 10ec5d5b-8461-4439-a47d-e59d137a962a: 51 arrays, 2302.4 MB stored; 2.2 s; peak memory 2978 MiB.
2026-10-08T20:06:25Z INFO [85/1000] 10ed2569-a1df-451b-90f0-c2f4250801b3: 117 arrays, 0.3 MB stored; 1.8 s; peak memory 2979 MiB.
2026-10-08T20:06:25Z INFO [86/1000] 10edea5e-3b6a-4462-99a2-70c210154433: 47 arrays, 0.5 MB stored; 1.5 s; peak memory 2979 MiB.
2026-10-08T20:06:27Z INFO [87/1000] 10eea603-0faa-40c2-83fc-11dbc0246578: 117 arrays, 0.3 MB stored; 2.0 s; peak memory 2979 MiB.
2026-10-08T20:06:29Z INFO [88/1000] 10ef76fd-d7cb-45cd-82d8-d41f9148e9da: 48 arrays, 83.9 MB stored; 1.8 s; peak memory 2979 MiB.
2026-10-08T20:06:31Z INFO [89/1000] 10eb2efc-744c-48ac-a518-1ce20bcba6b9: 916 arrays, 34.7 MB stored; 12.5 s; peak memory 2980 MiB.
2026-10-08T20:06:31Z INFO [90/1000] 10ef858a-0e8c-4c87-857f-6c32edf47b80: 117 arrays, 0.4 MB stored; 1.9 s; peak memory 2980 MiB.
2026-10-08T20:06:32Z INFO [91/1000] 10ee88c9-7fc8-4882-be44-9b1fab3c74eb: 225 arrays, 250.8 MB stored; 7.1 s; peak memory 2980 MiB.
2026-10-08T20:06:33Z INFO [92/1000] 10f1c071-fe44-4fac-b3af-83596e8705e8: 69 arrays, 27.7 MB stored; 2.2 s; peak memory 2980 MiB.
2026-10-08T20:06:35Z INFO [93/1000] 10f1f773-b196-4b4d-80aa-98cf371203a9: 81 arrays, 520.7 MB stored; 2.2 s; peak memory 2980 MiB.
2026-10-08T20:06:38Z INFO [94/1000] 10f29c41-58e4-4761-b709-e614b119f8a1: 71 arrays, 131.8 MB stored; 3.1 s; peak memory 2981 MiB.
2026-10-08T20:06:41Z INFO [95/1000] 10f2cb2a-19da-484d-a181-ba87dd900f95: 71 arrays, 2.6 MB stored; 2.4 s; peak memory 2981 MiB.
2026-10-08T20:06:44Z INFO [96/1000] 10f1ee32-f8f3-4e9c-bb3c-3788f8ac48a8: 108 arrays, 81.3 MB stored; 12.1 s; peak memory 2981 MiB.
2026-10-08T20:06:51Z INFO [97/1000] 10f351f7-26a3-4bb2-9f93-31cb4c074869: 9087 arrays, 435.4 MB stored; 10.6 s; peak memory 2992 MiB.
2026-10-08T20:06:54Z INFO [98/1000] 10f5bd66-78cb-4ee5-b866-7e812c68f95f: 112 arrays, 0.5 MB stored; 2.2 s; peak memory 2992 MiB.
2026-10-08T20:06:55Z INFO [99/1000] 10f6b5a5-1c7c-4cfe-bad5-2f7bd15c8e1e: 48 arrays, 83.9 MB stored; 1.5 s; peak memory 2992 MiB.
2026-10-08T20:06:57Z INFO [100/1000] 10f6df6d-4fa1-495b-bea3-0ac38c98a0c7: 52 arrays, 12.0 MB stored; 1.8 s; peak memory 2992 MiB.
2026-10-08T20:06:58Z INFO [101/1000] 10ec78b9-2647-4a1f-b41a-226052cbdd3a: 48 arrays, 40712.7 MB stored; 36.3 s; peak memory 2992 MiB.
2026-10-08T20:07:00Z INFO [102/1000] 10f74b22-6eba-4a7c-a668-2fcb45a3fe44: 52 arrays, 9.9 MB stored; 1.7 s; peak memory 2992 MiB.
2026-10-08T20:07:23Z INFO [103/1000] 10f589cc-a5a6-4d48-b547-ce05bf8f8969: 1039 arrays, 2976.9 MB stored; 39.2 s; peak memory 2993 MiB.
2026-10-08T20:08:19Z INFO [104/1000] 10de1718-c4af-41ca-b16f-f4ed2e60968b: 54 arrays, 125636.5 MB stored; 148.1 s; peak memory 2993 MiB.
2026-10-08T20:08:21Z INFO [105/1000] 10f85ba3-1598-4868-b185-21f9c88bc116: 118 arrays, 0.2 MB stored; 1.7 s; peak memory 2993 MiB.
2026-10-08T20:08:22Z INFO [106/1000] 10f891a5-6031-42ae-9cb1-baeb3fd4b266: 48 arrays, 83.9 MB stored; 1.6 s; peak memory 2993 MiB.
2026-10-08T20:08:24Z INFO [107/1000] 10f9bbdc-c66b-496e-8f5b-63ab76db9504: 48 arrays, 83.9 MB stored; 1.6 s; peak memory 2993 MiB.
2026-10-08T20:08:25Z INFO [108/1000] 10efb5ed-f4ca-4742-a8be-9eea4e2cd50e: 58 arrays, 6867.8 MB stored; 114.3 s; peak memory 2993 MiB.
2026-10-08T20:08:26Z INFO [109/1000] 10f9f739-c32d-43c9-b320-e0670a8ad6db: 66 arrays, 1.1 MB stored; 1.7 s; peak memory 2993 MiB.
2026-10-08T20:08:27Z INFO [110/1000] 10fa28c9-c4dd-4452-826b-00c15fd30957: 52 arrays, 8.8 MB stored; 1.7 s; peak memory 2994 MiB.
2026-10-08T20:08:29Z INFO [111/1000] 10fa3b9a-d3d0-4b04-8ebf-c6996aafde97: 110 arrays, 0.5 MB stored; 2.1 s; peak memory 2994 MiB.
2026-10-08T20:08:32Z INFO [112/1000] 10fa3695-18be-477c-892d-081c7603adec: 229 arrays, 236.4 MB stored; 6.5 s; peak memory 2994 MiB.
2026-10-08T20:08:33Z INFO [113/1000] 10fadef3-7d38-495a-be0a-c2c7fe5cc582: 115 arrays, 190.1 MB stored; 3.6 s; peak memory 2994 MiB.
2026-10-08T20:08:34Z INFO [114/1000] 10fafdfd-6cb1-4b9f-9054-3aee8508e889: 118 arrays, 0.6 MB stored; 2.1 s; peak memory 2994 MiB.
2026-10-08T20:08:35Z INFO [115/1000] 10fb170f-2a5c-4510-8e3d-dbb4d892bf9b: 110 arrays, 1.5 MB stored; 2.4 s; peak memory 2994 MiB.
2026-10-08T20:08:35Z INFO [116/1000] 10f71536-d109-4ecc-a171-f81568b25be2: 48 arrays, 48031.3 MB stored; 98.2 s; peak memory 2994 MiB.
2026-10-08T20:08:36Z INFO [117/1000] 10fc3634-694f-4185-b272-36f90ebe84ec: 119 arrays, 0.1 MB stored; 1.5 s; peak memory 2994 MiB.
2026-10-08T20:08:38Z INFO [118/1000] 10fc62ac-2948-4339-8c4c-cba12a61fa83: 46 arrays, 5223.7 MB stored; 2.1 s; peak memory 2995 MiB.
2026-10-08T20:08:39Z INFO [119/1000] 10fc5c11-9210-42a0-a451-dc41575a5a36: 44 arrays, 1144.1 MB stored; 4.4 s; peak memory 2995 MiB.
2026-10-08T20:08:41Z INFO [120/1000] 10fc8a38-982a-43da-8d37-f73c72cf2223: 71 arrays, 36.9 MB stored; 2.7 s; peak memory 2995 MiB.
2026-10-08T20:08:42Z INFO [121/1000] 10fc52e0-849f-4393-80b2-6cc83866a168: 208 arrays, 49.6 MB stored; 7.5 s; peak memory 2995 MiB.
2026-10-08T20:08:43Z INFO [122/1000] 10fcc4c9-1cd6-4aab-948f-f3ba063ed0d7: 51 arrays, 1100.8 MB stored; 2.0 s; peak memory 2995 MiB.
2026-10-08T20:08:44Z INFO [123/1000] 10fdd593-4791-4056-a9ce-1d2e1047c293: 50 arrays, 4.4 MB stored; 1.6 s; peak memory 2995 MiB.
2026-10-08T20:08:47Z INFO [124/1000] 10ff013e-e6d6-442c-8173-b87a698e92e1: 76 arrays, 77.5 MB stored; 2.6 s; peak memory 2995 MiB.
2026-10-08T20:08:51Z INFO [125/1000] 10da5baa-93da-4231-b0ce-7c7175a9925f: 167 arrays, 21111.2 MB stored; 188.5 s; peak memory 2995 MiB.
2026-10-08T20:08:53Z INFO [126/1000] 1100b50f-1ab7-4e08-9454-16669a88e44d: 48 arrays, 83.9 MB stored; 1.6 s; peak memory 2995 MiB.
2026-10-08T20:09:05Z INFO [127/1000] 10fe80f9-ba1d-4a3c-9b19-125f82a99194: 1794 arrays, 49.0 MB stored; 22.5 s; peak memory 2997 MiB.
2026-10-08T20:09:07Z INFO [128/1000] 11014c03-bc80-474e-9fcd-790542c71235: 48 arrays, 83.9 MB stored; 1.6 s; peak memory 2997 MiB.
2026-10-08T20:09:08Z INFO [129/1000] 11018df0-95fb-4749-a468-026fe7f83057: 116 arrays, 0.3 MB stored; 1.8 s; peak memory 2997 MiB.
2026-10-08T20:09:10Z INFO [130/1000] 1102bf79-f1ea-4f33-8a50-a149b84cc941: 66 arrays, 12.4 MB stored; 2.0 s; peak memory 2998 MiB.
2026-10-08T20:09:12Z INFO [131/1000] 110352dd-c975-40ec-8692-44514852f6ea: 117 arrays, 0.3 MB stored; 2.0 s; peak memory 2998 MiB.
2026-10-08T20:09:14Z INFO [132/1000] 11037bd7-db35-4a26-9398-c8559d80df39: 48 arrays, 83.9 MB stored; 1.8 s; peak memory 2998 MiB.
2026-10-08T20:09:16Z INFO [133/1000] 110396c5-4199-459b-ab6d-e04c6c73fda9: 69 arrays, 45.2 MB stored; 2.1 s; peak memory 2998 MiB.
2026-10-08T20:09:23Z INFO [134/1000] 110111dc-0ada-4bf2-a906-edb792f0a0b4: 48 arrays, 47808.8 MB stored; 30.2 s; peak memory 2998 MiB.
2026-10-08T20:09:27Z INFO [135/1000] 1103a605-bf22-41cb-bc3f-e2de2172cf23: 628 arrays, 37.4 MB stored; 10.4 s; peak memory 2999 MiB.
2026-10-08T20:09:29Z INFO [136/1000] 1103a97f-48fa-44c0-93b7-8d577b64a984: 474 arrays, 6.2 MB stored; 5.7 s; peak memory 2999 MiB.
2026-10-08T20:09:29Z INFO [137/1000] 1103eb85-5038-49dd-8624-b4658b6b04ca: 71 arrays, 7.8 MB stored; 2.2 s; peak memory 2999 MiB.
2026-10-08T20:09:31Z INFO [138/1000] 11045516-508f-44ae-b345-58cebfed246a: 84 arrays, 1.2 MB stored; 2.1 s; peak memory 2999 MiB.
2026-10-08T20:09:32Z INFO [139/1000] 1105bc53-1037-4407-8423-1e851758a844: 116 arrays, 0.3 MB stored; 1.7 s; peak memory 2999 MiB.
2026-10-08T20:09:34Z INFO [140/1000] 1105c3e5-ad8b-436c-8e40-39925c7e9845: 48 arrays, 83.9 MB stored; 1.6 s; peak memory 3000 MiB.
2026-10-08T20:09:36Z INFO [141/1000] 1106370f-3b4f-4278-83cd-fd3bbd99d9a3: 76 arrays, 5.8 MB stored; 2.0 s; peak memory 3000 MiB.
2026-10-08T20:09:38Z INFO [142/1000] 11066a7c-b2d5-4b00-b98f-22ab1c245fed: 48 arrays, 83.9 MB stored; 1.5 s; peak memory 3000 MiB.
2026-10-08T20:09:38Z INFO [143/1000] 11050717-76e2-4e39-bdf3-0296d47f3dd1: 9077 arrays, 300.8 MB stored; 9.0 s; peak memory 3010 MiB.
2026-10-08T20:09:40Z INFO [144/1000] 11079272-adbf-4549-9a2d-660ffb543184: 114 arrays, 0.1 MB stored; 1.7 s; peak memory 3010 MiB.
2026-10-08T20:09:40Z INFO [145/1000] 110725c6-69dc-4a70-a960-fce3977e136e: 72 arrays, 1.6 MB stored; 2.2 s; peak memory 3010 MiB.
2026-10-08T20:09:40Z INFO [146/1000] 1100b2d9-3f56-4f9e-8e68-5bc2a7ad514d: 52 arrays, 2090.4 MB stored; 53.3 s; peak memory 3010 MiB.
2026-10-08T20:09:42Z INFO [147/1000] 1109ab42-2cf6-4645-85f1-1df9906d80e2: 48 arrays, 83.9 MB stored; 1.8 s; peak memory 3010 MiB.
2026-10-08T20:09:42Z INFO [148/1000] 110930de-e8d3-42c7-a201-3d3596460f15: 112 arrays, 0.6 MB stored; 2.2 s; peak memory 3010 MiB.
2026-10-08T20:09:42Z INFO [149/1000] 11083dba-f6b6-450d-9709-0ac34e362564: 101 arrays, 9.6 MB stored; 2.6 s; peak memory 3010 MiB.
2026-10-08T20:09:43Z INFO [150/1000] 1109b710-0e3a-4de4-b329-05f68ffb9abf: 56 arrays, 0.0 MB stored; 1.6 s; peak memory 3011 MiB.
2026-10-08T20:09:45Z INFO [151/1000] 110bfa1d-2ec8-45fe-aab1-3bf68e892548: 110 arrays, 0.5 MB stored; 1.9 s; peak memory 3011 MiB.
2026-10-08T20:09:45Z INFO [152/1000] 10f82ca6-8a40-42eb-ad5f-4a983dd74e7b: 260 arrays, 19756.4 MB stored; 165.1 s; peak memory 3011 MiB.
2026-10-08T20:09:48Z INFO [153/1000] 110cd4f5-66ae-41ec-95d3-ced960e574ce: 117 arrays, 0.6 MB stored; 2.4 s; peak memory 3011 MiB.
2026-10-08T20:09:48Z INFO [154/1000] 110caba3-417f-4598-b626-8daab050bd79: 77 arrays, 992.1 MB stored; 2.7 s; peak memory 3011 MiB.
2026-10-08T20:09:49Z INFO [155/1000] 110ae4a0-1448-4832-9da4-88d08b46785e: 229 arrays, 423.1 MB stored; 6.8 s; peak memory 3011 MiB.
2026-10-08T20:09:50Z INFO [156/1000] 110e221b-b718-49e1-bb7a-1001067dac3b: 66 arrays, 38.7 MB stored; 2.4 s; peak memory 3011 MiB.
2026-10-08T20:09:51Z INFO [157/1000] 110eba72-609d-435b-9304-690c51a3cae1: 89 arrays, 388.8 MB stored; 2.1 s; peak memory 3011 MiB.
2026-10-08T20:09:52Z INFO [158/1000] 10fc9065-8942-45c9-aa75-1ec102f09a62: 5222 arrays, 419.9 MB stored; 72.2 s; peak memory 3017 MiB.
2026-10-08T20:09:52Z INFO [159/1000] 110f80c9-3acf-4ea1-a475-22c03d8fcd01: 117 arrays, 0.3 MB stored; 1.8 s; peak memory 3018 MiB.
2026-10-08T20:09:53Z INFO [160/1000] 110ad363-48d9-4bdf-bb32-d28a164d76fa: 1053 arrays, 22.7 MB stored; 11.1 s; peak memory 3019 MiB.
2026-10-08T20:09:53Z INFO [161/1000] 110d4356-0134-49f7-a546-95ab8433ca4d: 396 arrays, 5.2 MB stored; 5.5 s; peak memory 3019 MiB.
2026-10-08T20:09:53Z INFO [162/1000] 1110472e-4ffa-4e05-99af-015e4f5c132c: 48 arrays, 83.9 MB stored; 1.7 s; peak memory 3019 MiB.
2026-10-08T20:09:54Z INFO [163/1000] 110fdbb4-f11b-42b7-9c99-2bace46b52a1: 53 arrays, 254.9 MB stored; 2.6 s; peak memory 3019 MiB.
2026-10-08T20:09:54Z INFO [164/1000] 11104d68-9759-49ae-bb0b-f415c9b891de: 52 arrays, 15.1 MB stored; 1.9 s; peak memory 3019 MiB.
2026-10-08T20:09:55Z INFO [165/1000] 1110a489-3e46-4b0c-b5e4-6bd70f314114: 52 arrays, 10.9 MB stored; 2.0 s; peak memory 3019 MiB.
2026-10-08T20:09:55Z INFO [166/1000] 11106ef4-3662-4973-befd-6bd9812795be: 112 arrays, 0.5 MB stored; 2.4 s; peak memory 3019 MiB.
2026-10-08T20:09:56Z INFO [167/1000] 11112029-3b69-4810-ad13-a2a26d7e93fc: 59 arrays, 117.1 MB stored; 2.1 s; peak memory 3020 MiB.
2026-10-08T20:09:56Z INFO [168/1000] 11119d72-61fa-4eca-9451-39d02ea3b11d: 112 arrays, 0.4 MB stored; 2.0 s; peak memory 3020 MiB.
2026-10-08T20:09:58Z INFO [169/1000] 111304a1-5ce3-4a7c-a563-cfec189dd38a: 48 arrays, 83.9 MB stored; 1.9 s; peak memory 3020 MiB.
2026-10-08T20:09:58Z INFO [170/1000] 1112f1d2-2d9a-4bdf-ae88-44b8bcf2ab9c: 64 arrays, 17.6 MB stored; 2.3 s; peak memory 3020 MiB.
2026-10-08T20:09:59Z INFO [171/1000] 11131a0a-47b6-427c-8f2e-dbc021e9a892: 48 arrays, 83.9 MB stored; 1.7 s; peak memory 3020 MiB.
2026-10-08T20:10:00Z INFO [172/1000] 11127f73-740e-486d-b563-191656573fef: 51 arrays, 605.5 MB stored; 4.1 s; peak memory 3020 MiB.
2026-10-08T20:10:00Z INFO [173/1000] 11120944-3fce-409e-ad6c-d9337693b8fd: 408 arrays, 3.4 MB stored; 4.6 s; peak memory 3020 MiB.
2026-10-08T20:10:00Z INFO [174/1000] 1113823e-92c3-451e-b1fb-8efa9e6dd449: 48 arrays, 83.9 MB stored; 1.6 s; peak memory 3020 MiB.
2026-10-08T20:10:01Z INFO [175/1000] 11138c0c-a5a9-4480-8bd1-4aeb384a7c5e: 41 arrays, 8.4 MB stored; 1.7 s; peak memory 3020 MiB.
2026-10-08T20:10:02Z INFO [176/1000] 1113ed3e-0ae2-4e41-9f7b-8a066f84ea2a: 48 arrays, 83.9 MB stored; 1.9 s; peak memory 3020 MiB.
2026-10-08T20:10:02Z INFO [177/1000] 11143276-b466-4ec0-97ae-bcc07c6ae750: 117 arrays, 0.4 MB stored; 2.6 s; peak memory 3020 MiB.
2026-10-08T20:10:03Z INFO [178/1000] 1110d2b7-f7b8-4807-854f-5934908a9d56: 38 arrays, 177.0 MB stored; 9.3 s; peak memory 3020 MiB.
2026-10-08T20:10:03Z INFO [179/1000] 1113d7ad-52ca-4214-ad6f-e4f2799ba668: 115 arrays, 190.1 MB stored; 3.6 s; peak memory 3021 MiB.
2026-10-08T20:10:03Z INFO [180/1000] 11153276-bd1e-4d10-8633-a158f0b5f0bd: 117 arrays, 0.3 MB stored; 1.9 s; peak memory 3021 MiB.
2026-10-08T20:10:04Z INFO [181/1000] 11150156-d82f-4f90-8069-621782ece431: 71 arrays, 40.0 MB stored; 2.4 s; peak memory 3021 MiB.
2026-10-08T20:10:04Z INFO [182/1000] 1115a797-ddc1-4976-9332-fc9da35d5c69: 45 arrays, 0.0 MB stored; 1.4 s; peak memory 3021 MiB.
2026-10-08T20:10:05Z INFO [183/1000] 1116055d-25db-4d58-af26-a1d4273a6403: 48 arrays, 83.9 MB stored; 1.8 s; peak memory 3021 MiB.
2026-10-08T20:10:05Z INFO [184/1000] 1116066b-b03e-4d5c-8e1b-2411aa92e9f9: 46 arrays, 4.7 MB stored; 1.6 s; peak memory 3021 MiB.
2026-10-08T20:10:05Z INFO [185/1000] 111635df-d933-44a9-801d-efc6f9043ebb: 48 arrays, 83.9 MB stored; 1.7 s; peak memory 3021 MiB.
2026-10-08T20:10:05Z INFO [186/1000] 111659d5-517b-4131-bf0c-11d7f4922320: 48 arrays, 83.9 MB stored; 1.8 s; peak memory 3021 MiB.
2026-10-08T20:10:06Z INFO [187/1000] 111670c8-63b0-4a86-94a8-d223b9518784: 48 arrays, 83.9 MB stored; 1.9 s; peak memory 3021 MiB.
2026-10-08T20:10:06Z INFO [188/1000] 1116e8f3-7a55-4cbb-909d-187ae10eac90: 45 arrays, 0.0 MB stored; 1.5 s; peak memory 3021 MiB.
2026-10-08T20:10:07Z INFO [189/1000] 1116fa33-78af-42cb-aaf9-eaff80d299b3: 116 arrays, 0.3 MB stored; 1.8 s; peak memory 3021 MiB.
2026-10-08T20:10:07Z INFO [190/1000] 10f8478e-ceee-4c50-b29b-0039ef950a7c: 261 arrays, 19692.0 MB stored; 163.9 s; peak memory 3021 MiB.
2026-10-08T20:10:07Z INFO [191/1000] 11175479-c503-40d2-8486-55167daa2c44: 39 arrays, 2.1 MB stored; 1.7 s; peak memory 3022 MiB.
2026-10-08T20:10:09Z INFO [192/1000] 11192c53-2b7f-48c2-8ffc-e008bc9c9235: 48 arrays, 83.9 MB stored; 1.8 s; peak memory 3022 MiB.
2026-10-08T20:10:09Z INFO [193/1000] 11193579-9ee6-4205-aea9-43ebf93ca22a: 48 arrays, 83.9 MB stored; 1.7 s; peak memory 3022 MiB.
2026-10-08T20:10:09Z INFO [194/1000] 111980aa-d43e-4a57-8682-cd6eca7f5ca1: 52 arrays, 22.0 MB stored; 1.8 s; peak memory 3022 MiB.
2026-10-08T20:10:10Z INFO [195/1000] 111aed01-b5e0-4b26-a321-e8b59dbff571: 56 arrays, 0.0 MB stored; 1.4 s; peak memory 3022 MiB.
2026-10-08T20:10:10Z INFO [196/1000] 111a18a4-f912-40cf-9060-46b5e653bbb1: 48 arrays, 83.9 MB stored; 1.7 s; peak memory 3022 MiB.
2026-10-08T20:10:11Z INFO [197/1000] 111aed47-5405-4263-abbb-7bdc7fb8e3a9: 112 arrays, 1.0 MB stored; 2.4 s; peak memory 3022 MiB.
2026-10-08T20:10:13Z INFO [198/1000] 111bb9d6-cc32-47c7-868f-9f71d2eab7bf: 44 arrays, 0.5 MB stored; 1.4 s; peak memory 3022 MiB.
2026-10-08T20:10:14Z INFO [199/1000] 111b7e53-c123-402a-a3b6-707b5973a960: 115 arrays, 186.8 MB stored; 3.6 s; peak memory 3022 MiB.
2026-10-08T20:10:14Z INFO [200/1000] 111c1e6c-e1aa-4e4f-8852-88a3d3c14d93: 48 arrays, 83.9 MB stored; 1.6 s; peak memory 3022 MiB.
2026-10-08T20:10:22Z INFO [200/1000] 111c1e6c-e1aa-4e4f-8852-88a3d3c14d93: checkpointed 11400 new records.
2026-10-08T20:10:22Z INFO [201/1000] 11169761-1be2-4157-9fe7-fe9739457f79: 11477 arrays, 483.5 MB stored; 11.1 s; peak memory 3037 MiB.
2026-10-08T20:10:22Z INFO [202/1000] 111ca8a5-a22a-4eee-b76e-3cd034a6f61c: 117 arrays, 0.3 MB stored; 1.9 s; peak memory 3037 MiB.
2026-10-08T20:10:22Z INFO [203/1000] 111dec7d-fd60-4f36-a1d3-f2bd60df74f2: 62 arrays, 0.8 MB stored; 1.6 s; peak memory 3037 MiB.
2026-10-08T20:10:22Z INFO [204/1000] 111e2ffd-9c88-4c2d-955d-55fcd198c1c4: 49 arrays, 19.7 MB stored; 2.0 s; peak memory 3037 MiB.
2026-10-08T20:10:22Z INFO [205/1000] 111cd801-b4e6-43ed-bfd3-aa3a48cc2481: 98 arrays, 160.0 MB stored; 3.5 s; peak memory 3037 MiB.
2026-10-08T20:10:22Z INFO [206/1000] 111e8f49-9684-4706-9a03-2a9afea4f298: 42 arrays, 7.2 MB stored; 1.7 s; peak memory 3037 MiB.
2026-10-08T20:10:22Z INFO [207/1000] 111eafa4-477c-40b1-aa86-ac56175ada6f: 84 arrays, 0.8 MB stored; 2.0 s; peak memory 3037 MiB.
2026-10-08T20:10:22Z INFO [208/1000] 111ee66b-d724-44c0-a6c1-97b67bfa6532: 48 arrays, 83.9 MB stored; 1.9 s; peak memory 3037 MiB.
2026-10-08T20:10:22Z INFO [209/1000] 111fd7a6-b2e4-42a8-b86b-b6475e660c0a: 116 arrays, 0.2 MB stored; 1.8 s; peak memory 3037 MiB.
2026-10-08T20:10:22Z INFO [210/1000] 11202cd5-fd84-4f87-b985-192ad5920508: 116 arrays, 0.5 MB stored; 2.3 s; peak memory 3037 MiB.
2026-10-08T20:10:23Z INFO [211/1000] 11207239-1562-4967-8ef2-c662072cd98e: 51 arrays, 3916.6 MB stored; 2.0 s; peak memory 3037 MiB.
2026-10-08T20:10:23Z INFO [212/1000] 112027b8-dee4-4405-b53d-c51ebf42c4cd: 38 arrays, 59.1 MB stored; 3.3 s; peak memory 3037 MiB.
2026-10-08T20:10:24Z INFO [213/1000] 1121088e-1368-46c0-b106-ddb96aaeb749: 39 arrays, 23.7 MB stored; 2.2 s; peak memory 3037 MiB.
2026-10-08T20:10:25Z INFO [214/1000] 112166e4-e1da-406d-970a-c572d47a4587: 117 arrays, 0.5 MB stored; 1.9 s; peak memory 3038 MiB.
2026-10-08T20:10:25Z INFO [215/1000] 11223744-df8a-493f-8087-a6e19034e717: 84 arrays, 0.2 MB stored; 1.7 s; peak memory 3038 MiB.
2026-10-08T20:10:26Z INFO [216/1000] 11229d93-df45-4123-aff9-aae58e604bcf: 48 arrays, 83.9 MB stored; 1.8 s; peak memory 3038 MiB.
2026-10-08T20:10:27Z INFO [217/1000] 1122423f-2c69-4ecd-acaf-eaf3469937ae: 275 arrays, 17.1 MB stored; 2.2 s; peak memory 3038 MiB.
2026-10-08T20:10:27Z INFO [218/1000] 111bb4fc-f5ea-40a0-a0aa-e6617b0a676d: 1277 arrays, 47.8 MB stored; 16.6 s; peak memory 3039 MiB.
2026-10-08T20:10:28Z INFO [219/1000] 11238af0-7a0d-47b0-9ac1-136eeb5e711b: 48 arrays, 83.9 MB stored; 1.7 s; peak memory 3039 MiB.
2026-10-08T20:10:28Z INFO [220/1000] 1125cab0-dfbd-4d26-8bf5-72f9ebade82d: 55 arrays, 0.0 MB stored; 1.4 s; peak memory 3040 MiB.
2026-10-08T20:10:29Z INFO [221/1000] 11248fec-4279-4545-b7df-99e1bd75cfac: 70 arrays, 11.0 MB stored; 2.2 s; peak memory 3040 MiB.
2026-10-08T20:10:31Z INFO [222/1000] 11269669-52e3-4ee4-a79c-09f29df8da2f: 117 arrays, 0.2 MB stored; 1.8 s; peak memory 3040 MiB.
2026-10-08T20:10:32Z INFO [223/1000] 11269dbd-8def-4d2c-8565-91bcceadaf99: 38 arrays, 0.5 MB stored; 1.5 s; peak memory 3040 MiB.
2026-10-08T20:10:34Z INFO [224/1000] 1126a903-2e29-4a0c-b2e3-ef27cc7b7dae: 48 arrays, 83.9 MB stored; 1.8 s; peak memory 3040 MiB.
2026-10-08T20:10:34Z INFO [225/1000] 112615da-c4a5-4c4a-b8df-8616bb7896f7: 38 arrays, 112.7 MB stored; 6.2 s; peak memory 3040 MiB.
2026-10-08T20:10:36Z INFO [226/1000] 11271ebb-5fb1-423a-bb6d-106c5bb36dd0: 48 arrays, 83.9 MB stored; 1.7 s; peak memory 3040 MiB.
2026-10-08T20:10:36Z INFO [227/1000] 11273913-4e94-4501-b466-d5ec53a71e3c: 70 arrays, 0.8 MB stored; 1.6 s; peak memory 3040 MiB.
2026-10-08T20:10:42Z INFO [228/1000] 1122e627-ee5f-4e6e-823c-f9bd66b2a4fa: 443 arrays, 26.6 MB stored; 16.8 s; peak memory 3041 MiB.
2026-10-08T20:10:44Z INFO [229/1000] 11277121-b52e-4d64-9450-4d8d2fce0311: 780 arrays, 22.0 MB stored; 8.3 s; peak memory 3041 MiB.
2026-10-08T20:10:46Z INFO [230/1000] 1127d366-4639-4f2d-9332-d6df4f2c8d12: 112 arrays, 0.1 MB stored; 2.0 s; peak memory 3042 MiB.
2026-10-08T20:10:48Z INFO [231/1000] 112832b9-29b4-419b-9ac2-54a4a465de05: 118 arrays, 0.4 MB stored; 1.7 s; peak memory 3042 MiB.
2026-10-08T20:10:48Z INFO [232/1000] 11274b2d-28eb-4187-96f5-36f19dd66bcd: 999 arrays, 39.2 MB stored; 12.9 s; peak memory 3043 MiB.
2026-10-08T20:10:50Z INFO [233/1000] 112843ec-1fb6-4748-a09b-a8ae968fd095: 69 arrays, 29.5 MB stored; 2.3 s; peak memory 3043 MiB.
2026-10-08T20:10:50Z INFO [234/1000] 112861b3-a7b9-44a7-88da-153341759be4: 45 arrays, 7.3 MB stored; 1.9 s; peak memory 3043 MiB.
2026-10-08T20:10:52Z INFO [235/1000] 11267189-3cba-4b5d-87d6-773891df217e: 8621 arrays, 137.7 MB stored; 23.3 s; peak memory 3051 MiB.
2026-10-08T20:10:52Z INFO [236/1000] 112889ef-33e4-4a18-9f0f-dbaab43f6d4f: 47 arrays, 1.5 MB stored; 1.7 s; peak memory 3051 MiB.
2026-10-08T20:10:53Z INFO [237/1000] 1128815c-5d9b-436b-8954-073e4ce137ba: 116 arrays, 0.5 MB stored; 2.3 s; peak memory 3051 MiB.
2026-10-08T20:10:54Z INFO [238/1000] 11290759-8d6b-422a-86c4-439c82c999ad: 66 arrays, 66.3 MB stored; 2.2 s; peak memory 3051 MiB.
2026-10-08T20:10:54Z INFO [239/1000] 112918dc-9772-47cf-961a-93479f74b0b5: 117 arrays, 0.6 MB stored; 2.1 s; peak memory 3052 MiB.
2026-10-08T20:10:55Z INFO [240/1000] 112a3380-89d0-407c-9884-0767c71372a3: 71 arrays, 143.9 MB stored; 2.8 s; peak memory 3052 MiB.
2026-10-08T20:10:59Z INFO [241/1000] 112b642d-ec46-41bb-8467-a9e9ca367795: 92 arrays, 273.4 MB stored; 3.9 s; peak memory 3052 MiB.
2026-10-08T20:11:00Z INFO [242/1000] 112b3241-b650-4ba0-a887-06a94eb4c8bc: 557 arrays, 5.9 MB stored; 5.8 s; peak memory 3052 MiB.
2026-10-08T20:11:04Z INFO [243/1000] 112b1603-e284-4fe9-94a0-408dd2307a38: 196 arrays, 543.9 MB stored; 9.7 s; peak memory 3052 MiB.
2026-10-08T20:11:06Z INFO [244/1000] 10d13e84-1072-47b2-8910-075b440b8997: 417 arrays, 39386.0 MB stored; 338.8 s; peak memory 3053 MiB.
2026-10-08T20:11:13Z INFO [245/1000] 112c2c0e-4543-48a0-ac0b-d028c638d19d: 229 arrays, 256.7 MB stored; 7.0 s; peak memory 3053 MiB.
2026-10-08T20:11:15Z INFO [246/1000] 112cb808-7090-43a4-9acb-478af07d470f: 110 arrays, 0.5 MB stored; 2.0 s; peak memory 3053 MiB.
2026-10-08T20:11:16Z INFO [247/1000] 112cf70d-48b3-4a58-984f-e0207e27d5cc: 48 arrays, 83.9 MB stored; 1.7 s; peak memory 3053 MiB.
2026-10-08T20:11:17Z INFO [248/1000] 112c0d69-ad11-41a3-b1fc-57061f6cb2c9: 427 arrays, 28.2 MB stored; 16.6 s; peak memory 3054 MiB.
2026-10-08T20:11:18Z INFO [249/1000] 112be15f-0093-492a-81e4-865d09b4422c: 883 arrays, 38.6 MB stored; 18.5 s; peak memory 3055 MiB.
2026-10-08T20:11:18Z INFO [250/1000] 112d3ed8-fbe0-4449-a47b-875fdee36532: 52 arrays, 14.4 MB stored; 1.8 s; peak memory 3055 MiB.
2026-10-08T20:11:19Z INFO [251/1000] 112d7099-1f02-476a-9626-7399e12a0e2c: 46 arrays, 0.1 MB stored; 1.3 s; peak memory 3055 MiB.
2026-10-08T20:11:20Z INFO [252/1000] 112d6300-c2c5-4d28-bdef-49835ca451ae: 168 arrays, 3.2 MB stored; 3.7 s; peak memory 3055 MiB.
2026-10-08T20:11:21Z INFO [253/1000] 112e5735-800d-4092-9fb4-a1866b19e945: 48 arrays, 83.9 MB stored; 1.8 s; peak memory 3055 MiB.
2026-10-08T20:11:22Z INFO [254/1000] 112c270d-40ab-4a1b-afd9-c64e229e5870: 38 arrays, 326.5 MB stored; 18.1 s; peak memory 3055 MiB.
2026-10-08T20:11:22Z INFO [255/1000] 112e5ca6-6fb6-445e-8824-6fb399da9ccc: 48 arrays, 83.9 MB stored; 1.8 s; peak memory 3055 MiB.
2026-10-08T20:11:24Z INFO [256/1000] 1130bd5f-9257-473e-9fba-5a4158faa973: 71 arrays, 47.1 MB stored; 2.3 s; peak memory 3055 MiB.
2026-10-08T20:11:25Z INFO [257/1000] 1130ed04-d1cf-4b09-9a8f-c80d356b2656: 78 arrays, 411.0 MB stored; 2.4 s; peak memory 3055 MiB.
2026-10-08T20:11:26Z INFO [258/1000] 11327ea2-fd89-472e-a18f-2e81149d6951: 48 arrays, 83.9 MB stored; 1.6 s; peak memory 3055 MiB.
2026-10-08T20:11:27Z INFO [259/1000] 112db2b9-a749-49b7-a0ec-c4b4bc83567d: 935 arrays, 13.6 MB stored; 9.4 s; peak memory 3057 MiB.
2026-10-08T20:11:28Z INFO [260/1000] 11332d78-9020-4ba7-89e8-1dade6eaab49: 46 arrays, 0.0 MB stored; 1.4 s; peak memory 3057 MiB.
2026-10-08T20:11:30Z INFO [261/1000] 1133b01e-6c09-403d-b137-f48fe18124f8: 117 arrays, 0.3 MB stored; 2.0 s; peak memory 3057 MiB.
2026-10-08T20:11:31Z INFO [262/1000] 1132010d-ded0-4ca2-8113-e38400ac82c1: 223 arrays, 252.7 MB stored; 7.2 s; peak memory 3057 MiB.
2026-10-08T20:11:31Z INFO [263/1000] 1133e5ab-7352-417a-90cc-b033142ffcaf: 118 arrays, 0.3 MB stored; 1.8 s; peak memory 3057 MiB.
2026-10-08T20:11:33Z INFO [264/1000] 11343dfd-82bc-479a-af07-970535079f9f: 119 arrays, 0.1 MB stored; 1.6 s; peak memory 3057 MiB.
2026-10-08T20:11:33Z INFO [265/1000] 11339d80-72df-4be1-acbb-f7f9f33c5ea2: 86 arrays, 4180.8 MB stored; 5.6 s; peak memory 3057 MiB.
2026-10-08T20:11:34Z INFO [266/1000] 1134b1bf-3eb9-45d5-acf7-c16ea6551f73: 112 arrays, 1.4 MB stored; 2.7 s; peak memory 3057 MiB.
2026-10-08T20:11:35Z INFO [267/1000] 113584a5-80f8-494e-93e1-d4a47dee2456: 63 arrays, 0.2 MB stored; 1.6 s; peak memory 3057 MiB.
2026-10-08T20:11:35Z INFO [268/1000] 1134ba22-48ff-456a-a4a2-89d9a934dadf: 112 arrays, 0.7 MB stored; 2.4 s; peak memory 3058 MiB.
2026-10-08T20:11:36Z INFO [269/1000] 113596b4-eb88-43a1-bb8a-aad5bbfdda80: 117 arrays, 0.4 MB stored; 1.9 s; peak memory 3058 MiB.
2026-10-08T20:11:36Z INFO [270/1000] 113684a7-6e89-4094-9104-af9952b1162f: 46 arrays, 0.4 MB stored; 1.6 s; peak memory 3058 MiB.
2026-10-08T20:11:37Z INFO [271/1000] 1136a9a4-2443-4f64-9526-d8d55999403a: 112 arrays, 0.6 MB stored; 2.0 s; peak memory 3058 MiB.
2026-10-08T20:11:38Z INFO [272/1000] 1137035f-0a99-4d87-b65d-eb62478645e1: 66 arrays, 19.8 MB stored; 2.1 s; peak memory 3058 MiB.
2026-10-08T20:11:39Z INFO [273/1000] 1137a5ee-3da4-434d-b892-3aadd0709f1c: 116 arrays, 0.4 MB stored; 1.8 s; peak memory 3058 MiB.
2026-10-08T20:11:40Z INFO [274/1000] 1137a66f-18d5-47a4-89a1-5f5925abf855: 48 arrays, 83.9 MB stored; 1.7 s; peak memory 3058 MiB.
2026-10-08T20:11:41Z INFO [275/1000] 11387677-6ba8-49b6-8b9b-10210ecbaa8e: 48 arrays, 83.9 MB stored; 1.5 s; peak memory 3058 MiB.
2026-10-08T20:11:42Z INFO [276/1000] 1138d4fd-6777-44b4-b69e-5d6c75b28569: 48 arrays, 83.9 MB stored; 1.6 s; peak memory 3058 MiB.
2026-10-08T20:11:43Z INFO [277/1000] 113a5f8c-2ad5-4c38-ba4b-16572a84d938: 41 arrays, 8.4 MB stored; 1.6 s; peak memory 3058 MiB.
2026-10-08T20:11:44Z INFO [278/1000] 1136bb64-4d82-46b0-af21-ea9d5041cf35: 835 arrays, 10.1 MB stored; 7.6 s; peak memory 3059 MiB.
2026-10-08T20:11:45Z INFO [279/1000] 113a3eca-fcd0-4e52-81db-e779766e375e: 369 arrays, 2.8 MB stored; 4.3 s; peak memory 3059 MiB.
2026-10-08T20:11:45Z INFO [280/1000] 113ab541-ee75-4df7-97ef-4e8af4c0c1f2: 114 arrays, 0.1 MB stored; 1.8 s; peak memory 3059 MiB.
2026-10-08T20:11:47Z INFO [281/1000] 113ad38a-4df7-411b-808c-f28c66dc6d07: 48 arrays, 83.9 MB stored; 1.7 s; peak memory 3060 MiB.
2026-10-08T20:11:47Z INFO [282/1000] 113b72cb-937b-4422-b6d2-c578451def2a: 48 arrays, 83.9 MB stored; 1.6 s; peak memory 3060 MiB.
2026-10-08T20:11:48Z INFO [283/1000] 113b9dce-7b96-4968-9ddd-4d4585e53ae4: 48 arrays, 83.9 MB stored; 1.6 s; peak memory 3060 MiB.
2026-10-08T20:11:48Z INFO [284/1000] 113a7ed3-a245-4d6f-8974-d058d105bbcc: 458 arrays, 4.8 MB stored; 5.1 s; peak memory 3060 MiB.
2026-10-08T20:11:49Z INFO [285/1000] 113be62e-7929-4650-94f7-3ef4aebcce79: 50 arrays, 4.9 MB stored; 1.5 s; peak memory 3060 MiB.
2026-10-08T20:11:50Z INFO [286/1000] 113c8170-0934-487b-befe-713bc3c33ca1: 52 arrays, 13.9 MB stored; 1.8 s; peak memory 3060 MiB.
2026-10-08T20:11:51Z INFO [287/1000] 113cd57e-2b38-4b65-a79d-4c389803f19a: 116 arrays, 0.5 MB stored; 2.1 s; peak memory 3060 MiB.
2026-10-08T20:11:52Z INFO [288/1000] 113d28bf-1978-4453-ad70-470a74422bba: 131 arrays, 1.9 MB stored; 2.0 s; peak memory 3060 MiB.
2026-10-08T20:11:52Z INFO [289/1000] 113dcf5b-18e6-45a2-926f-c4b6f44126fa: 48 arrays, 83.9 MB stored; 1.7 s; peak memory 3060 MiB.
2026-10-08T20:11:54Z INFO [290/1000] 113c9f79-ea83-48da-a0da-0fe064e20d12: 573 arrays, 6.0 MB stored; 5.4 s; peak memory 3061 MiB.
2026-10-08T20:11:57Z INFO [291/1000] 113e742f-9777-4bf5-8831-51004d8043a6: 186 arrays, 12.8 MB stored; 3.3 s; peak memory 3061 MiB.
2026-10-08T20:12:00Z INFO [292/1000] 113de8ed-0c62-438a-bc89-e8a579cf7993: 748 arrays, 10.2 MB stored; 8.0 s; peak memory 3062 MiB.
2026-10-08T20:12:02Z INFO [293/1000] 113ee642-6f75-4419-ab63-e51eb92c95ca: 116 arrays, 9.8 MB stored; 2.0 s; peak memory 3063 MiB.
2026-10-08T20:12:02Z INFO [294/1000] 113e0faa-5bff-46cc-b801-a14ece3088e1: 312 arrays, 18.9 MB stored; 9.5 s; peak memory 3063 MiB.
2026-10-08T20:12:04Z INFO [295/1000] 11404c9f-97d9-4dea-b641-1fe28e785eaf: 71 arrays, 10.2 MB stored; 2.3 s; peak memory 3063 MiB.
2026-10-08T20:12:06Z INFO [296/1000] 1140d7d1-44f5-4efb-823a-4b80f6215fe0: 49 arrays, 2.2 MB stored; 1.5 s; peak memory 3063 MiB.
2026-10-08T20:12:07Z INFO [297/1000] 114109c4-5576-42be-8d19-491c0e397049: 48 arrays, 83.9 MB stored; 1.6 s; peak memory 3063 MiB.
2026-10-08T20:12:10Z INFO [298/1000] 11419b3b-99a0-4f1d-911b-b1bd47ebcf20: 68 arrays, 111.6 MB stored; 2.5 s; peak memory 3063 MiB.
2026-10-08T20:12:12Z INFO [299/1000] 1141a229-f8ec-4d53-976f-7c5969181a0c: 112 arrays, 0.4 MB stored; 2.0 s; peak memory 3063 MiB.
2026-10-08T20:12:14Z INFO [300/1000] 1141b118-3f02-4c99-970c-ad3e83978f75: 48 arrays, 83.9 MB stored; 1.8 s; peak memory 3063 MiB.
2026-10-08T20:12:15Z INFO [301/1000] 1141cd97-db48-4327-8202-5f1ca133c5d2: 112 arrays, 0.5 MB stored; 1.9 s; peak memory 3063 MiB.
2026-10-08T20:12:19Z INFO [302/1000] 1141e759-1c89-4ab5-bb30-f15510122b28: 123 arrays, 5.4 MB stored; 3.4 s; peak memory 3063 MiB.
2026-10-08T20:12:21Z INFO [303/1000] 1141ec1a-92cb-4307-8b34-f21c6514069e: 48 arrays, 83.9 MB stored; 1.6 s; peak memory 3063 MiB.
2026-10-08T20:12:23Z INFO [304/1000] 1141fbfb-f13b-4df2-8503-2e91a27af724: 79 arrays, 0.5 MB stored; 2.0 s; peak memory 3063 MiB.
2026-10-08T20:12:23Z INFO [305/1000] 11405314-abdd-4b76-8a3e-eb6aecc5135e: 49 arrays, 16286.3 MB stored; 21.4 s; peak memory 3063 MiB.
2026-10-08T20:12:24Z INFO [306/1000] 11428b71-83bc-47e2-989d-ed9d7a264fb5: 52 arrays, 12.3 MB stored; 1.7 s; peak memory 3063 MiB.
2026-10-08T20:12:25Z INFO [307/1000] 1142c652-274c-47b1-94ae-2ae5c2130f51: 48 arrays, 83.9 MB stored; 1.6 s; peak memory 3063 MiB.
2026-10-08T20:12:27Z INFO [308/1000] 1142f9e8-b8e0-4457-bb8a-4ea1c65c2142: 117 arrays, 0.3 MB stored; 1.8 s; peak memory 3064 MiB.
2026-10-08T20:12:28Z INFO [309/1000] 1142fe0b-a545-4dcb-941b-c5d5dd0235c7: 50 arrays, 0.0 MB stored; 1.5 s; peak memory 3064 MiB.
2026-10-08T20:12:30Z INFO [310/1000] 114335f7-8365-41ab-ad9c-6018ef83bb70: 48 arrays, 83.9 MB stored; 1.7 s; peak memory 3064 MiB.
2026-10-08T20:12:32Z INFO [311/1000] 1143b5e0-4ea9-4ed2-80dd-750ab4b55509: 52 arrays, 30.7 MB stored; 1.8 s; peak memory 3064 MiB.
2026-10-08T20:12:33Z INFO [312/1000] 11442762-0e9d-4d0d-8f08-41b76510a47d: 48 arrays, 83.9 MB stored; 1.7 s; peak memory 3064 MiB.
2026-10-08T20:12:36Z INFO [313/1000] 114520a1-c6ee-452c-8fdd-744cfcd5785b: 87 arrays, 12.8 MB stored; 2.6 s; peak memory 3064 MiB.
2026-10-08T20:12:45Z INFO [314/1000] 1142f6cd-6d60-49b2-a9e9-e230082b89eb: 44 arrays, 280.6 MB stored; 20.5 s; peak memory 3064 MiB.
2026-10-08T20:12:46Z INFO [315/1000] 1145d0c1-5d01-4173-a00f-d086bc3a179b: 41 arrays, 8.4 MB stored; 1.6 s; peak memory 3064 MiB.
2026-10-08T20:12:49Z INFO [316/1000] 11460355-214b-4b8c-b7cc-71fbff1588e1: 117 arrays, 0.7 MB stored; 2.2 s; peak memory 3064 MiB.
2026-10-08T20:12:50Z INFO [317/1000] 1146d6fd-c499-4b37-8f80-70830ff9b659: 72 arrays, 0.1 MB stored; 2.0 s; peak memory 3064 MiB.
2026-10-08T20:12:56Z INFO [318/1000] 11456ed0-5b34-49cc-b031-105939592921: 41 arrays, 771.6 MB stored; 20.6 s; peak memory 3064 MiB.
2026-10-08T20:12:59Z INFO [319/1000] 114757d1-e973-4106-b6d2-ece6437dde27: 112 arrays, 0.9 MB stored; 2.1 s; peak memory 3064 MiB.
2026-10-08T20:12:59Z INFO [320/1000] 113e8c36-c70a-49ae-8c1a-2bb13d24a133: 52 arrays, 2145.3 MB stored; 61.8 s; peak memory 3064 MiB.
2026-10-08T20:12:59Z INFO [321/1000] 1146f2d3-4c14-4a48-8db9-077071735053: 451 arrays, 28.6 MB stored; 8.5 s; peak memory 3065 MiB.
2026-10-08T20:13:00Z INFO [322/1000] 114779e3-aceb-4810-a368-c8c9693b9be7: 48 arrays, 83.9 MB stored; 1.6 s; peak memory 3065 MiB.
2026-10-08T20:13:00Z INFO [323/1000] 11171e59-7696-4d27-8827-0bbc18e7a0f9: 62 arrays, 14430.3 MB stored; 175.0 s; peak memory 3065 MiB.
2026-10-08T20:13:01Z INFO [324/1000] 11478520-4825-46fd-ad1d-2e79f077feb9: 112 arrays, 0.6 MB stored; 2.3 s; peak memory 3065 MiB.
2026-10-08T20:13:02Z INFO [325/1000] 114969e2-1c67-4412-9966-a9cf82815aba: 56 arrays, 0.0 MB stored; 1.3 s; peak memory 3065 MiB.
2026-10-08T20:13:03Z INFO [326/1000] 114832a9-5f14-4f9c-84ff-27cb0069ddca: 114 arrays, 186.8 MB stored; 3.7 s; peak memory 3065 MiB.
2026-10-08T20:13:03Z INFO [327/1000] 114ab2ce-eaa4-447c-95b8-e43b7d590d11: 42 arrays, 12660.1 MB stored; 1.8 s; peak memory 3065 MiB.
2026-10-08T20:13:03Z INFO [328/1000] 114afb88-a128-4b52-aa93-8e1fbe7d9b57: 44 arrays, 10148.9 MB stored; 1.9 s; peak memory 3065 MiB.
2026-10-08T20:13:06Z INFO [329/1000] 114ba2fb-e1b0-4bbb-a088-b2a307079407: 44 arrays, 757.0 MB stored; 3.0 s; peak memory 3065 MiB.
2026-10-08T20:13:07Z INFO [330/1000] 114a30ee-f373-4b2c-a0e3-9b4b1824ec6e: 531 arrays, 7.2 MB stored; 6.7 s; peak memory 3066 MiB.
2026-10-08T20:13:08Z INFO [331/1000] 114c6513-f978-4930-884f-77a2c26f960d: 48 arrays, 83.9 MB stored; 1.7 s; peak memory 3066 MiB.
2026-10-08T20:13:08Z INFO [332/1000] 1118c407-0c5c-4c97-b34f-63b99fcc990d: 167 arrays, 21263.2 MB stored; 182.1 s; peak memory 3066 MiB.
2026-10-08T20:13:09Z INFO [333/1000] 114c464e-f942-44f4-8dec-ef3c480815b1: 482 arrays, 5.4 MB stored; 5.8 s; peak memory 3067 MiB.
2026-10-08T20:13:10Z INFO [334/1000] 114c93d4-253a-4851-9bb8-eeba82a0465e: 79 arrays, 1.7 MB stored; 1.9 s; peak memory 3067 MiB.
2026-10-08T20:13:11Z INFO [335/1000] 114c809b-8d69-45bf-9aab-0762f783ab75: 119 arrays, 67.4 MB stored; 3.6 s; peak memory 3067 MiB.
2026-10-08T20:13:12Z INFO [336/1000] 114c7e99-5858-4608-9469-bcd8348d8933: 180 arrays, 217.5 MB stored; 4.7 s; peak memory 3067 MiB.
2026-10-08T20:13:13Z INFO [337/1000] 114d4ccd-0e3d-4884-b855-fe049b0c01f5: 289 arrays, 17.1 MB stored; 2.2 s; peak memory 3067 MiB.
2026-10-08T20:13:14Z INFO [338/1000] 114cff60-52dd-4279-8830-9810129e26e8: 48 arrays, 34.9 MB stored; 4.0 s; peak memory 3067 MiB.
2026-10-08T20:13:14Z INFO [339/1000] 114de751-01bb-4bef-9b0a-2e0ab6bf2c62: 52 arrays, 599.5 MB stored; 2.7 s; peak memory 3067 MiB.
2026-10-08T20:13:16Z INFO [340/1000] 114e41aa-4d3b-4807-b6d4-ffbb7f779f96: 112 arrays, 0.7 MB stored; 2.1 s; peak memory 3068 MiB.
2026-10-08T20:13:16Z INFO [341/1000] 114f40ee-750f-42c4-b82c-383975995410: 35 arrays, 0.0 MB stored; 1.4 s; peak memory 3068 MiB.
2026-10-08T20:13:17Z INFO [342/1000] 114f3135-029e-425f-b809-860033ccd87c: 112 arrays, 0.6 MB stored; 2.1 s; peak memory 3068 MiB.
2026-10-08T20:13:17Z INFO [343/1000] 114f62d4-bb1a-4f54-9e09-91250185d9be: 50 arrays, 0.0 MB stored; 1.4 s; peak memory 3068 MiB.
2026-10-08T20:13:18Z INFO [344/1000] 114f65cc-12ef-4c4b-a1c8-4c5d18191e9d: 112 arrays, 0.4 MB stored; 2.1 s; peak memory 3068 MiB.
2026-10-08T20:13:19Z INFO [345/1000] 11509c07-8d7c-4f1c-89a7-be458dbab909: 67 arrays, 35.0 MB stored; 2.1 s; peak memory 3068 MiB.
2026-10-08T20:13:20Z INFO [346/1000] 1152c203-2d5a-4e4d-941d-84b10a4fe1be: 39 arrays, 6.6 MB stored; 1.6 s; peak memory 3068 MiB.
2026-10-08T20:13:20Z INFO [347/1000] 11536767-73da-4041-a0d4-1104d8ed395c: 48 arrays, 83.9 MB stored; 1.6 s; peak memory 3068 MiB.
2026-10-08T20:13:21Z INFO [348/1000] 1153ab88-c094-4626-bc93-1d112387518c: 52 arrays, 14.0 MB stored; 1.7 s; peak memory 3068 MiB.
2026-10-08T20:13:22Z INFO [349/1000] 1153bd82-ac32-45f0-9e2b-056034bb4ed7: 39 arrays, 1.5 MB stored; 1.7 s; peak memory 3068 MiB.
2026-10-08T20:13:23Z INFO [350/1000] 11522be2-e804-44d6-b7bd-aa1e0c4308dc: 498 arrays, 6.6 MB stored; 5.7 s; peak memory 3068 MiB.
2026-10-08T20:13:23Z INFO [351/1000] 1153e014-fa5e-4dea-bb68-d08538c35923: 48 arrays, 83.9 MB stored; 1.7 s; peak memory 3069 MiB.
2026-10-08T20:13:24Z INFO [352/1000] 11540b90-7b4a-46bf-8fed-3ee910d2e11d: 48 arrays, 83.9 MB stored; 1.6 s; peak memory 3069 MiB.
2026-10-08T20:13:24Z INFO [353/1000] 114b473f-4039-4ca4-b3b0-435b15b7372c: 49 arrays, 17995.6 MB stored; 21.3 s; peak memory 3069 MiB.
2026-10-08T20:13:24Z INFO [354/1000] 11554ed8-8110-42f8-a221-91d6c77b36d5: 48 arrays, 83.9 MB stored; 1.6 s; peak memory 3069 MiB.
2026-10-08T20:13:25Z INFO [355/1000] 11561752-c1d5-4577-a599-c4323546f151: 48 arrays, 83.9 MB stored; 1.7 s; peak memory 3069 MiB.
2026-10-08T20:13:26Z INFO [356/1000] 1156c6fb-1402-4378-bb97-53d08a0143d5: 48 arrays, 83.9 MB stored; 1.7 s; peak memory 3069 MiB.
2026-10-08T20:13:26Z INFO [357/1000] 115729c9-1608-4365-bc60-1b763c5cecc8: 116 arrays, 0.3 MB stored; 1.8 s; peak memory 3069 MiB.
2026-10-08T20:13:26Z INFO [358/1000] 1157395f-7df7-4599-96e9-5c9515f46039: 50 arrays, 1.6 MB stored; 1.6 s; peak memory 3069 MiB.
2026-10-08T20:13:27Z INFO [359/1000] 115629f2-88c8-40c5-8d0a-ae7753022aee: 84 arrays, 270.0 MB stored; 3.3 s; peak memory 3069 MiB.
2026-10-08T20:13:28Z INFO [360/1000] 1157a182-1fef-4069-8ea6-36948293342a: 112 arrays, 0.6 MB stored; 2.2 s; peak memory 3069 MiB.
2026-10-08T20:13:29Z INFO [361/1000] 1157cbf6-5cc9-4518-8112-28a6d9c830ee: 45 arrays, 673.5 MB stored; 2.6 s; peak memory 3069 MiB.
2026-10-08T20:13:29Z INFO [362/1000] 1157f7f8-c5de-4698-a26f-aaf29d410e78: 71 arrays, 41.1 MB stored; 2.5 s; peak memory 3069 MiB.
2026-10-08T20:13:29Z INFO [363/1000] 11589394-81a0-44b9-8b86-b4355f6138d6: 117 arrays, 0.5 MB stored; 1.9 s; peak memory 3069 MiB.
2026-10-08T20:13:30Z INFO [364/1000] 11594372-1184-4994-912e-36d16be02435: 48 arrays, 83.9 MB stored; 1.7 s; peak memory 3069 MiB.
2026-10-08T20:13:30Z INFO [365/1000] 1158cf71-2010-4960-bbe8-bd8eadb7a418: 48 arrays, 251.7 MB stored; 1.8 s; peak memory 3070 MiB.
2026-10-08T20:13:31Z INFO [366/1000] 11596081-0863-49ad-87c4-4436233caf78: 121 arrays, 0.1 MB stored; 1.7 s; peak memory 3070 MiB.
2026-10-08T20:13:32Z INFO [367/1000] 115b1568-9f8f-471b-8eea-5c4c58957f66: 48 arrays, 83.9 MB stored; 1.7 s; peak memory 3070 MiB.
2026-10-08T20:13:33Z INFO [368/1000] 115b063e-da11-4f7b-9237-213e3438dc4c: 110 arrays, 0.8 MB stored; 2.5 s; peak memory 3070 MiB.
2026-10-08T20:13:34Z INFO [369/1000] 115b488c-c296-4a37-89e7-70ac972ce00d: 56 arrays, 0.0 MB stored; 1.3 s; peak memory 3070 MiB.
2026-10-08T20:13:36Z INFO [370/1000] 1127a7ce-bf3e-456c-80e3-c673121e7f5f: 269 arrays, 21033.8 MB stored; 174.6 s; peak memory 3070 MiB.
2026-10-08T20:13:38Z INFO [371/1000] 115c05a6-b8e1-4c04-964f-d7ee0a09a473: 48 arrays, 83.9 MB stored; 1.7 s; peak memory 3070 MiB.
2026-10-08T20:13:40Z INFO [372/1000] 115cc661-a133-4bf9-9e86-9e863b1f0734: 48 arrays, 83.9 MB stored; 1.5 s; peak memory 3070 MiB.
2026-10-08T20:13:41Z INFO [373/1000] 1158bb7b-769a-4f15-85be-6cb204a9a663: 244 arrays, 1853.1 MB stored; 12.7 s; peak memory 3071 MiB.
2026-10-08T20:13:41Z INFO [374/1000] 115bcfd3-c891-4c04-89d3-c81492de6d31: 538 arrays, 8.3 MB stored; 7.1 s; peak memory 3071 MiB.
2026-10-08T20:13:41Z INFO [375/1000] 115dc2ae-557e-45a4-a3da-06e0bb4cbd11: 48 arrays, 83.9 MB stored; 1.6 s; peak memory 3071 MiB.
2026-10-08T20:13:43Z INFO [376/1000] 115f7cb9-a6eb-4e3b-992b-d13f1fa3430f: 48 arrays, 83.9 MB stored; 1.8 s; peak memory 3071 MiB.
2026-10-08T20:13:44Z INFO [377/1000] 115bb519-5535-4d32-aaff-d83c3f43195a: 638 arrays, 25.2 MB stored; 11.1 s; peak memory 3072 MiB.
2026-10-08T20:13:46Z INFO [378/1000] 115e1944-1eab-4185-b74f-61cf13280511: 468 arrays, 5.9 MB stored; 5.7 s; peak memory 3072 MiB.
2026-10-08T20:13:46Z INFO [379/1000] 1160d91e-1081-4359-abbc-471c625ff3b4: 289 arrays, 17.2 MB stored; 2.2 s; peak memory 3072 MiB.
2026-10-08T20:13:49Z INFO [380/1000] 11600394-d0b0-4679-98b3-9b350dff25ff: 229 arrays, 235.1 MB stored; 5.7 s; peak memory 3073 MiB.
2026-10-08T20:13:49Z INFO [381/1000] 115a6769-135c-41f8-82b3-44312a41285b: 810 arrays, 24.7 MB stored; 18.8 s; peak memory 3074 MiB.
2026-10-08T20:13:50Z INFO [382/1000] 1160f0ae-2d4c-45eb-90dc-e294fc026465: 115 arrays, 190.2 MB stored; 4.0 s; peak memory 3074 MiB.
2026-10-08T20:13:50Z INFO [383/1000] 116235f7-1e20-48d6-996c-4d049fba2a0d: 46 arrays, 12.6 MB stored; 1.7 s; peak memory 3074 MiB.
2026-10-08T20:13:52Z INFO [384/1000] 1162b4bd-8fde-4cd9-9921-3119b6654b2f: 48 arrays, 83.9 MB stored; 1.8 s; peak memory 3074 MiB.
2026-10-08T20:13:52Z INFO [385/1000] 1162b9c7-57dd-4b4f-9a12-e72be07bb0b4: 48 arrays, 83.9 MB stored; 1.8 s; peak memory 3074 MiB.
2026-10-08T20:13:54Z INFO [386/1000] 11633790-4a12-444e-9b48-2a7ec8967b57: 48 arrays, 83.9 MB stored; 1.7 s; peak memory 3074 MiB.
2026-10-08T20:13:55Z INFO [387/1000] 1164308b-9274-4642-9126-2a29cc298840: 48 arrays, 83.9 MB stored; 1.6 s; peak memory 3074 MiB.
2026-10-08T20:13:56Z INFO [388/1000] 11627e66-1657-46f5-8760-2283ca17ddec: 559 arrays, 7.2 MB stored; 6.8 s; peak memory 3075 MiB.
2026-10-08T20:13:56Z INFO [389/1000] 116318c7-7603-4f9f-a033-0fd0de2b7dd0: 197 arrays, 11.3 MB stored; 4.4 s; peak memory 3075 MiB.
2026-10-08T20:13:58Z INFO [390/1000] 1164cde0-d0b8-4783-b0ed-9975f0fd9726: 69 arrays, 0.0 MB stored; 1.9 s; peak memory 3075 MiB.
2026-10-08T20:13:58Z INFO [391/1000] 11652ff4-b460-4b23-a210-4e76fea7ad71: 48 arrays, 83.9 MB stored; 1.7 s; peak memory 3075 MiB.
2026-10-08T20:13:59Z INFO [392/1000] 115e3191-0593-41d9-aaf2-aba9a5112af9: 876 arrays, 22.2 MB stored; 18.4 s; peak memory 3076 MiB.
2026-10-08T20:13:59Z INFO [393/1000] 116536dc-13b3-4982-9823-83b54aa3948d: 99 arrays, 0.1 MB stored; 1.6 s; peak memory 3076 MiB.
2026-10-08T20:14:01Z INFO [394/1000] 116603d1-d92f-46a1-bd61-94fa54283c37: 48 arrays, 83.9 MB stored; 1.8 s; peak memory 3076 MiB.
2026-10-08T20:14:03Z INFO [395/1000] 11644031-fe25-4bbd-867b-50a29f33e339: 601 arrays, 12.5 MB stored; 7.5 s; peak memory 3077 MiB.
2026-10-08T20:14:05Z INFO [396/1000] 116624c3-9961-45d2-b8ea-69c40d7a860d: 49 arrays, 11.4 MB stored; 1.7 s; peak memory 3077 MiB.
2026-10-08T20:14:05Z INFO [397/1000] 116200c1-7c0c-4a5e-9818-b03680c5f757: 65 arrays, 119.5 MB stored; 19.2 s; peak memory 3077 MiB.
2026-10-08T20:14:06Z INFO [398/1000] 11660fbe-2b6c-4e68-9ed5-88884f31d9a6: 156 arrays, 193.5 MB stored; 4.4 s; peak memory 3077 MiB.
2026-10-08T20:14:07Z INFO [399/1000] 11666a56-8626-484a-8322-40ed710e5cda: 117 arrays, 0.5 MB stored; 1.8 s; peak memory 3077 MiB.
2026-10-08T20:14:09Z INFO [400/1000] 1167f993-6192-4854-8470-0a2f2d47a228: 48 arrays, 83.9 MB stored; 1.7 s; peak memory 3077 MiB.
2026-10-08T20:14:16Z INFO [400/1000] 1167f993-6192-4854-8470-0a2f2d47a228: checkpointed 11600 new records.
2026-10-08T20:14:16Z INFO [401/1000] 112f0c31-81a7-4eb7-9f55-9d95fea946b2: 269 arrays, 20794.7 MB stored; 171.8 s; peak memory 3086 MiB.
2026-10-08T20:14:16Z INFO [402/1000] 1169152c-e381-460a-99b9-7a7edcf6d311: 38 arrays, 33.5 MB stored; 3.1 s; peak memory 3086 MiB.
2026-10-08T20:14:16Z INFO [403/1000] 1168ff00-fe54-445f-9232-079219138420: 189 arrays, 1678.0 MB stored; 6.9 s; peak memory 3086 MiB.
2026-10-08T20:14:16Z INFO [404/1000] 11655e33-9773-4755-b728-6622a80e7683: 446 arrays, 4416.5 MB stored; 18.1 s; peak memory 3086 MiB.
2026-10-08T20:14:18Z INFO [405/1000] 1169e791-66bd-41ee-82fe-2f86225684aa: 56 arrays, 0.0 MB stored; 1.5 s; peak memory 3086 MiB.
2026-10-08T20:14:18Z INFO [406/1000] 11696b4a-770b-4dd0-b936-0781a08d9902: 116 arrays, 0.3 MB stored; 2.0 s; peak memory 3086 MiB.
2026-10-08T20:14:20Z INFO [407/1000] 116b5b61-a12e-4c86-9613-a1cd2243aa82: 112 arrays, 0.5 MB stored; 2.0 s; peak memory 3086 MiB.
2026-10-08T20:14:22Z INFO [408/1000] 116b689d-8007-4d92-a192-32dee153b7f0: 48 arrays, 83.9 MB stored; 1.7 s; peak memory 3086 MiB.
2026-10-08T20:14:24Z INFO [409/1000] 116c3f8c-ff9f-476c-afbd-c74274062050: 110 arrays, 0.5 MB stored; 2.3 s; peak memory 3086 MiB.
2026-10-08T20:14:29Z INFO [410/1000] 116c43cf-499f-49a0-90c1-8f71d85e2ba4: 87 arrays, 231.3 MB stored; 4.7 s; peak memory 3086 MiB.
2026-10-08T20:14:30Z INFO [411/1000] 116b0600-5687-4815-bc1d-bc229adf4078: 671 arrays, 19.0 MB stored; 12.2 s; peak memory 3086 MiB.
2026-10-08T20:14:30Z INFO [412/1000] 116c69f4-60f5-49cc-8358-ff87eacc9fda: 116 arrays, 0.3 MB stored; 1.7 s; peak memory 3086 MiB.
2026-10-08T20:14:33Z INFO [413/1000] 116cd393-7e41-48ff-9c38-3009c17fc6c6: 69 arrays, 101.8 MB stored; 2.8 s; peak memory 3086 MiB.
2026-10-08T20:14:35Z INFO [414/1000] 116cf83d-e467-43f2-987d-98020d795792: 117 arrays, 0.4 MB stored; 1.8 s; peak memory 3086 MiB.
2026-10-08T20:14:37Z INFO [415/1000] 116d4d6a-a328-4a98-96a3-02475412be3b: 116 arrays, 0.6 MB stored; 2.2 s; peak memory 3086 MiB.
2026-10-08T20:14:41Z INFO [416/1000] 116e736d-2a45-464b-bc69-239511e12428: 119 arrays, 67.4 MB stored; 3.8 s; peak memory 3086 MiB.
2026-10-08T20:14:43Z INFO [417/1000] 116f548d-3e1b-4033-86a4-a17ba42910c2: 48 arrays, 83.9 MB stored; 1.8 s; peak memory 3086 MiB.
2026-10-08T20:14:43Z INFO [418/1000] 116949e9-68f3-4cdd-b096-1ebdfb60ed8a: 5092 arrays, 44.1 MB stored; 27.3 s; peak memory 3086 MiB.
2026-10-08T20:14:44Z INFO [419/1000] 116fc459-0e0c-41d6-be68-d50d79dd74d8: 46 arrays, 0.0 MB stored; 1.3 s; peak memory 3086 MiB.
2026-10-08T20:14:45Z INFO [420/1000] 116fa3e3-a15a-45a0-b4d3-80f7181b1877: 66 arrays, 78.9 MB stored; 2.1 s; peak memory 3086 MiB.
2026-10-08T20:14:46Z INFO [421/1000] 116fc720-915e-4c2b-8226-33e1f2457f69: 48 arrays, 83.9 MB stored; 1.6 s; peak memory 3086 MiB.
2026-10-08T20:14:46Z INFO [422/1000] 11709443-0a5c-47a0-ab90-d00788ca69ec: 46 arrays, 12.5 MB stored; 1.5 s; peak memory 3086 MiB.
2026-10-08T20:14:48Z INFO [423/1000] 1170f2a5-5a06-4227-984c-b0b2bc5cbb29: 48 arrays, 83.9 MB stored; 1.8 s; peak memory 3086 MiB.
2026-10-08T20:14:48Z INFO [424/1000] 117120f0-baf8-4d21-aae5-fe54d80db126: 48 arrays, 83.9 MB stored; 1.5 s; peak memory 3086 MiB.
2026-10-08T20:14:50Z INFO [425/1000] 11736a14-abc5-4ddf-bae3-d52906836457: 52 arrays, 13.4 MB stored; 1.7 s; peak memory 3086 MiB.
2026-10-08T20:14:50Z INFO [426/1000] 1167b175-f43a-4f6e-9186-4df766f115d6: 36 arrays, 1888.3 MB stored; 44.3 s; peak memory 3086 MiB.
2026-10-08T20:14:51Z INFO [427/1000] 11736d95-28d8-4a7b-bff0-ab0394305811: 33 arrays, 0.0 MB stored; 1.3 s; peak memory 3086 MiB.
2026-10-08T20:14:52Z INFO [428/1000] 117373db-88b4-4e6d-85ca-9b2396c1e63a: 48 arrays, 83.9 MB stored; 1.8 s; peak memory 3086 MiB.
2026-10-08T20:14:54Z INFO [429/1000] 1173fe01-cb40-47ae-a069-fb8cb829af93: 117 arrays, 0.3 MB stored; 2.0 s; peak memory 3086 MiB.
2026-10-08T20:14:56Z INFO [430/1000] 11745690-30ba-459c-bb41-1abec2d3a800: 48 arrays, 83.9 MB stored; 1.8 s; peak memory 3086 MiB.
2026-10-08T20:14:56Z INFO [431/1000] 1171b52c-a4fc-477c-bb09-3f2de4da9827: 193 arrays, 484.7 MB stored; 8.0 s; peak memory 3086 MiB.
2026-10-08T20:14:58Z INFO [432/1000] 1174d7f7-ed85-47aa-a2ce-4a67440e0b9d: 70 arrays, 43.5 MB stored; 2.2 s; peak memory 3086 MiB.
2026-10-08T20:14:58Z INFO [433/1000] 1173798e-43a0-4f10-b832-e7b8469493ea: 223 arrays, 562.5 MB stored; 7.2 s; peak memory 3086 MiB.
2026-10-08T20:14:59Z INFO [434/1000] 1174fb0c-cd02-4bf1-be60-92fda6504a67: 118 arrays, 51.2 MB stored; 2.9 s; peak memory 3086 MiB.
2026-10-08T20:15:00Z INFO [435/1000] 117563a4-f582-4752-904e-77dc4b2a625b: 63 arrays, 0.2 MB stored; 1.7 s; peak memory 3086 MiB.
2026-10-08T20:15:00Z INFO [436/1000] 11760bfe-017e-4f70-b6ae-9932d83900dd: 63 arrays, 0.1 MB stored; 1.4 s; peak memory 3086 MiB.
2026-10-08T20:15:01Z INFO [437/1000] 11756e3e-7284-4a13-8908-9fb52f9fe55a: 57 arrays, 1283.8 MB stored; 3.2 s; peak memory 3086 MiB.
2026-10-08T20:15:02Z INFO [438/1000] 1176ef68-bd17-462c-bea5-43942de26c81: 38 arrays, 0.5 MB stored; 1.4 s; peak memory 3086 MiB.
2026-10-08T20:15:02Z INFO [439/1000] 11767948-318a-44da-bf6a-11006b27e870: 69 arrays, 27.2 MB stored; 2.7 s; peak memory 3086 MiB.
2026-10-08T20:15:03Z INFO [440/1000] 1177650e-cd7c-4119-b9fd-610439b69dac: 46 arrays, 12.6 MB stored; 1.7 s; peak memory 3086 MiB.
2026-10-08T20:15:03Z INFO [441/1000] 116633ee-4982-49aa-b5f2-a1ec326ae3c6: 55 arrays, 1935.4 MB stored; 58.5 s; peak memory 3086 MiB.
2026-10-08T20:15:05Z INFO [442/1000] 11785b42-9e65-4127-8d7e-eca3f69b5a09: 71 arrays, 4.0 MB stored; 2.3 s; peak memory 3087 MiB.
2026-10-08T20:15:05Z INFO [443/1000] 117863dd-9deb-4bd2-ba02-6dd37ae68917: 71 arrays, 2.8 MB stored; 2.3 s; peak memory 3087 MiB.
2026-10-08T20:15:07Z INFO [444/1000] 1178fea4-7fc1-4ef6-811b-1a1f627e46ff: 48 arrays, 83.9 MB stored; 1.6 s; peak memory 3087 MiB.
2026-10-08T20:15:09Z INFO [445/1000] 117937f5-d57e-4f0e-b619-3bb2d0b97ce8: 117 arrays, 0.3 MB stored; 1.9 s; peak memory 3087 MiB.
2026-10-08T20:15:09Z INFO [446/1000] 1177ae93-fdbf-4147-98ec-5f90c2ba3320: 518 arrays, 11.6 MB stored; 7.0 s; peak memory 3087 MiB.
2026-10-08T20:15:10Z INFO [447/1000] 11797bdf-c6d6-4387-a02e-8ed2346f61bf: 48 arrays, 83.9 MB stored; 1.6 s; peak memory 3087 MiB.
2026-10-08T20:15:11Z INFO [448/1000] 1179bcf1-3153-4931-8eed-839a57bc6afb: 52 arrays, 0.0 MB stored; 1.4 s; peak memory 3087 MiB.
2026-10-08T20:15:12Z INFO [449/1000] 117a764a-37cf-4d40-8a21-43cabae1d66e: 56 arrays, 0.0 MB stored; 1.4 s; peak memory 3087 MiB.
2026-10-08T20:15:12Z INFO [450/1000] 117a3d86-dc23-4a44-8b2b-0445a8b783d4: 48 arrays, 83.9 MB stored; 1.7 s; peak memory 3088 MiB.
2026-10-08T20:15:14Z INFO [451/1000] 117be51e-a102-422f-a8da-6e81d89f633e: 112 arrays, 0.7 MB stored; 2.3 s; peak memory 3088 MiB.
2026-10-08T20:15:15Z INFO [452/1000] 1178bd63-6cf9-4665-b76d-92a354fc493c: 79 arrays, 232.7 MB stored; 9.6 s; peak memory 3088 MiB.
2026-10-08T20:15:15Z INFO [453/1000] 117b5453-e2d9-4380-9b64-b068aec1b767: 118 arrays, 28.0 MB stored; 3.2 s; peak memory 3088 MiB.
2026-10-08T20:15:16Z INFO [454/1000] 117d178f-b3d3-4ea1-b41f-ab4a289c96d5: 48 arrays, 83.9 MB stored; 1.8 s; peak memory 3088 MiB.
2026-10-08T20:15:17Z INFO [455/1000] 117d997e-fae5-4f3e-9cdb-9d4b5468571f: 118 arrays, 0.3 MB stored; 1.9 s; peak memory 3088 MiB.
2026-10-08T20:15:17Z INFO [456/1000] 117ebb7a-e806-4884-8604-67a9280df774: 114 arrays, 0.0 MB stored; 1.6 s; peak memory 3088 MiB.
2026-10-08T20:15:19Z INFO [457/1000] 117f610b-e66a-48bd-8244-417674542ee3: 117 arrays, 0.3 MB stored; 1.8 s; peak memory 3088 MiB.
2026-10-08T20:15:19Z INFO [458/1000] 117f2f19-be97-42e5-b18b-f0e09153f7ef: 116 arrays, 0.3 MB stored; 2.0 s; peak memory 3088 MiB.
2026-10-08T20:15:19Z INFO [459/1000] 117ed143-ed0a-4d7a-986b-ca71a4f94574: 83 arrays, 365.8 MB stored; 2.7 s; peak memory 3088 MiB.
2026-10-08T20:15:21Z INFO [460/1000] 1180d9f6-4df7-418a-9368-99d20d9612af: 117 arrays, 0.3 MB stored; 1.9 s; peak memory 3089 MiB.
2026-10-08T20:15:21Z INFO [461/1000] 118100c2-770f-4eb8-a6bc-7cc4f3cbb4e2: 78 arrays, 0.0 MB stored; 2.1 s; peak memory 3089 MiB.
2026-10-08T20:15:23Z INFO [462/1000] 11808620-996b-40bb-b37b-f62fa8839740: 156 arrays, 193.4 MB stored; 4.2 s; peak memory 3089 MiB.
2026-10-08T20:15:23Z INFO [463/1000] 1181a0f3-221f-45ef-b592-6de82a01bd5e: 118 arrays, 0.3 MB stored; 1.9 s; peak memory 3089 MiB.
2026-10-08T20:15:25Z INFO [464/1000] 1181f4b3-782b-4f6a-a84c-245af154fdb2: 121 arrays, 0.1 MB stored; 1.6 s; peak memory 3089 MiB.
2026-10-08T20:15:25Z INFO [465/1000] 114cd714-9748-4a47-b13e-e71864c38adf: 96 arrays, 111216.5 MB stored; 135.8 s; peak memory 3089 MiB.
2026-10-08T20:15:25Z INFO [466/1000] 1181144a-2faf-4ff1-a133-76f011280276: 156 arrays, 193.5 MB stored; 4.5 s; peak memory 3089 MiB.
2026-10-08T20:15:25Z INFO [467/1000] 1181b8e8-9f6c-4779-b8fe-1db3dde67160: 110 arrays, 1.3 MB stored; 2.6 s; peak memory 3089 MiB.
2026-10-08T20:15:27Z INFO [468/1000] 1182040a-0fa0-423f-9862-b5c992cbef49: 117 arrays, 0.3 MB stored; 1.9 s; peak memory 3090 MiB.
2026-10-08T20:15:27Z INFO [469/1000] 11827a3d-a9e8-41dd-ba43-fc31ed9a1292: 117 arrays, 0.2 MB stored; 1.8 s; peak memory 3090 MiB.
2026-10-08T20:15:30Z INFO [470/1000] 11845074-9f94-4405-8aa3-129bc49f56ea: 62 arrays, 121.0 MB stored; 3.4 s; peak memory 3090 MiB.
2026-10-08T20:15:32Z INFO [471/1000] 11863281-688c-4e26-b8d6-d392f2ee466a: 41 arrays, 8.4 MB stored; 1.7 s; peak memory 3090 MiB.
2026-10-08T20:15:34Z INFO [472/1000] 11863e7b-497a-4362-b6b7-4f5b42f0a4bd: 48 arrays, 83.9 MB stored; 1.9 s; peak memory 3090 MiB.
2026-10-08T20:15:36Z INFO [473/1000] 11865de2-c651-4a37-bd86-d7ef77f110ef: 48 arrays, 83.9 MB stored; 1.9 s; peak memory 3090 MiB.
2026-10-08T20:15:37Z INFO [474/1000] 11860e33-abd2-476b-86d0-4600aa9e095d: 207 arrays, 403.0 MB stored; 10.5 s; peak memory 3090 MiB.
2026-10-08T20:15:38Z INFO [475/1000] 1182f3ac-c9c7-4dff-8ea0-b21aee6cf1ae: 336 arrays, 44.0 MB stored; 13.1 s; peak memory 3090 MiB.
2026-10-08T20:15:40Z INFO [476/1000] 1186e3ac-1287-45d4-be59-2c89601cdd84: 117 arrays, 0.3 MB stored; 1.8 s; peak memory 3091 MiB.
2026-10-08T20:15:42Z INFO [477/1000] 118720f7-d7d5-4b1d-bfaf-75e2d38f9a26: 48 arrays, 83.9 MB stored; 1.6 s; peak memory 3091 MiB.
2026-10-08T20:15:43Z INFO [478/1000] 118728c0-c103-4220-a90d-ea65e928c69e: 48 arrays, 83.9 MB stored; 1.7 s; peak memory 3091 MiB.
2026-10-08T20:15:46Z INFO [479/1000] 11872c63-8ef7-4fb1-bf22-8caf703f1a2d: 117 arrays, 0.2 MB stored; 2.1 s; peak memory 3091 MiB.
2026-10-08T20:15:48Z INFO [480/1000] 1183f978-0573-4a9c-8d78-088bd73222f4: 41 arrays, 684.7 MB stored; 22.1 s; peak memory 3091 MiB.
2026-10-08T20:15:50Z INFO [481/1000] 11878d89-ee6a-4503-bff1-4c81b552116f: 112 arrays, 0.7 MB stored; 2.1 s; peak memory 3091 MiB.
2026-10-08T20:15:51Z INFO [482/1000] 1186dabe-4311-41f4-af21-bf7af00c9250: 903 arrays, 35.6 MB stored; 13.2 s; peak memory 3092 MiB.
2026-10-08T20:15:52Z INFO [483/1000] 1187f22d-579b-4668-aeae-f9aa1d4d7417: 48 arrays, 83.9 MB stored; 1.7 s; peak memory 3092 MiB.
2026-10-08T20:15:53Z INFO [484/1000] 1187db13-dcd8-4cb4-beca-37f352bdf1aa: 66 arrays, 76.8 MB stored; 2.9 s; peak memory 3092 MiB.
2026-10-08T20:15:55Z INFO [485/1000] 118786a2-0cb5-411b-ac73-019b4d3ad849: 538 arrays, 8.4 MB stored; 9.3 s; peak memory 3093 MiB.
2026-10-08T20:15:57Z INFO [486/1000] 1187f3f5-0f66-4a9a-84d0-889dd65ce640: 90 arrays, 193.5 MB stored; 4.3 s; peak memory 3093 MiB.
2026-10-08T20:15:57Z INFO [487/1000] 11886ebe-33c8-414c-88d6-bc6f598e46f0: 116 arrays, 0.3 MB stored; 1.8 s; peak memory 3093 MiB.
2026-10-08T20:15:59Z INFO [488/1000] 11888b31-07be-4694-9a74-0da5b059c1e8: 112 arrays, 0.9 MB stored; 2.2 s; peak memory 3093 MiB.
2026-10-08T20:16:01Z INFO [489/1000] 11885f42-109e-4a9e-8264-25d6f9ae462b: 582 arrays, 6.2 MB stored; 7.9 s; peak memory 3094 MiB.
2026-10-08T20:16:01Z INFO [490/1000] 1188f612-33e5-453d-804b-e6eb4aee47de: 117 arrays, 0.3 MB stored; 1.8 s; peak memory 3094 MiB.
2026-10-08T20:16:02Z INFO [491/1000] 11898f3b-4156-42e8-a11e-f0e6ccb410c2: 48 arrays, 83.9 MB stored; 1.7 s; peak memory 3094 MiB.
2026-10-08T20:16:02Z INFO [492/1000] 118a173f-68ae-42a5-a670-68882dc72c96: 110 arrays, 0.3 MB stored; 1.9 s; peak memory 3094 MiB.
2026-10-08T20:16:04Z INFO [493/1000] 118aa79f-992d-476b-8bbf-897f2dfeb8a5: 57 arrays, 0.0 MB stored; 1.4 s; peak memory 3094 MiB.
2026-10-08T20:16:06Z INFO [494/1000] 118aca9c-4945-4907-bd9d-c912d41d4d1f: 112 arrays, 0.8 MB stored; 2.3 s; peak memory 3094 MiB.
2026-10-08T20:16:08Z INFO [495/1000] 118b5e4b-f67e-4e0a-a001-6c219947580e: 38 arrays, 0.5 MB stored; 1.5 s; peak memory 3094 MiB.
2026-10-08T20:16:09Z INFO [496/1000] 118d0665-2c14-48ec-94a2-e4c4ca08a875: 48 arrays, 83.9 MB stored; 1.7 s; peak memory 3094 MiB.
2026-10-08T20:16:10Z INFO [497/1000] 1188b656-31d0-45d4-bd0b-11708f2906c3: 107 arrays, 80.2 MB stored; 13.0 s; peak memory 3094 MiB.
2026-10-08T20:16:11Z INFO [498/1000] 118e6f12-9157-47b2-8cc5-78eab2d9f39d: 116 arrays, 9.7 MB stored; 1.8 s; peak memory 3094 MiB.
2026-10-08T20:16:11Z INFO [499/1000] 118eba48-c260-450b-be0a-1a9a1e0275be: 48 arrays, 83.9 MB stored; 1.6 s; peak memory 3094 MiB.
2026-10-08T20:16:12Z INFO [500/1000] 118a539d-9da4-4806-a14c-9f153e60e8d6: 732 arrays, 9.9 MB stored; 10.0 s; peak memory 3095 MiB.
2026-10-08T20:16:13Z INFO [501/1000] 118ffef4-c23b-41af-a8ed-b65d5a6402d4: 117 arrays, 0.3 MB stored; 1.9 s; peak memory 3095 MiB.
2026-10-08T20:16:14Z INFO [502/1000] 1190fe23-4f46-47e5-b457-eb77a4729367: 48 arrays, 83.9 MB stored; 1.7 s; peak memory 3095 MiB.
2026-10-08T20:16:15Z INFO [503/1000] 1191366a-14e9-44e9-a67d-d6c8214de1e0: 84 arrays, 0.1 MB stored; 1.8 s; peak memory 3095 MiB.
2026-10-08T20:16:16Z INFO [504/1000] 11914ae7-d0d2-4044-8fb0-62d0066988b9: 116 arrays, 9.8 MB stored; 1.8 s; peak memory 3095 MiB.
2026-10-08T20:16:16Z INFO [505/1000] 1192368b-f264-42cf-bbca-a61f79cb8c71: 37 arrays, 0.0 MB stored; 1.3 s; peak memory 3096 MiB.
2026-10-08T20:16:20Z INFO [506/1000] 119307f6-c860-4274-8ce0-74be8d7b13be: 153 arrays, 3.3 MB stored; 3.9 s; peak memory 3096 MiB.
2026-10-08T20:16:20Z INFO [507/1000] 11934c9d-8dfb-4d07-b718-6017086516d1: 115 arrays, 190.1 MB stored; 3.7 s; peak memory 3096 MiB.
2026-10-08T20:16:22Z INFO [508/1000] 11935251-321e-4fdc-a8c0-8ac05227d0c6: 112 arrays, 0.6 MB stored; 1.9 s; peak memory 3096 MiB.
2026-10-08T20:16:22Z INFO [509/1000] 1193707a-50ce-4b29-8ec7-afc0e0916cba: 71 arrays, 45.3 MB stored; 2.6 s; peak memory 3096 MiB.
2026-10-08T20:16:25Z INFO [510/1000] 1193e4a5-453e-4391-bb60-6e45fa6882d8: 114 arrays, 186.9 MB stored; 3.8 s; peak memory 3096 MiB.
2026-10-08T20:16:27Z INFO [511/1000] 11944bfd-3ce4-4a28-9aa3-d992f888d197: 51 arrays, 0.0 MB stored; 1.4 s; peak memory 3096 MiB.
2026-10-08T20:16:31Z INFO [512/1000] 118facfa-e315-44cb-88f9-8ccc93091c7e: 278 arrays, 17755.3 MB stored; 19.3 s; peak memory 3096 MiB.
2026-10-08T20:16:33Z INFO [513/1000] 11953f8f-f4f4-44cc-9192-9c5dd35d8ab9: 69 arrays, 25.9 MB stored; 2.2 s; peak memory 3096 MiB.
2026-10-08T20:16:34Z INFO [514/1000] 119554bc-f7ea-4dc8-9f3d-5e5d36f96c12: 48 arrays, 83.9 MB stored; 1.7 s; peak memory 3096 MiB.
2026-10-08T20:16:36Z INFO [515/1000] 11956847-8648-48bb-853f-ca3ec7d51eb0: 64 arrays, 0.0 MB stored; 1.7 s; peak memory 3096 MiB.
2026-10-08T20:16:36Z INFO [516/1000] 1194ee63-091f-42bb-be11-094a2eca6428: 770 arrays, 30.8 MB stored; 9.8 s; peak memory 3097 MiB.
2026-10-08T20:16:38Z INFO [517/1000] 11958edd-c4a6-475a-8879-0c6df60105ff: 117 arrays, 0.4 MB stored; 1.8 s; peak memory 3097 MiB.
2026-10-08T20:16:38Z INFO [518/1000] 1195c0fc-f16b-47e6-8bb2-ac45c5dd8c5b: 47 arrays, 0.7 MB stored; 1.6 s; peak memory 3098 MiB.
2026-10-08T20:16:40Z INFO [519/1000] 11969f9c-7236-4af3-ae9f-33d7a68da8e5: 116 arrays, 0.2 MB stored; 1.8 s; peak memory 3098 MiB.
2026-10-08T20:16:40Z INFO [520/1000] 11961c39-b362-40de-80d6-1c28027f024b: 66 arrays, 94.5 MB stored; 2.1 s; peak memory 3098 MiB.
2026-10-08T20:16:42Z INFO [521/1000] 1196ffb8-f9b9-4271-b410-7ce55af434e6: 52 arrays, 26.4 MB stored; 2.0 s; peak memory 3098 MiB.
2026-10-08T20:16:42Z INFO [522/1000] 1196df5b-7f2b-465c-a122-241b7ef1e616: 69 arrays, 26.5 MB stored; 2.5 s; peak memory 3098 MiB.
2026-10-08T20:16:44Z INFO [523/1000] 119803e6-0856-49c2-af16-65e7504d0a2f: 48 arrays, 83.9 MB stored; 1.6 s; peak memory 3098 MiB.
2026-10-08T20:16:46Z INFO [524/1000] 11980b42-d958-48e0-aead-d9f329a6b17c: 69 arrays, 1.5 MB stored; 2.2 s; peak memory 3098 MiB.
2026-10-08T20:16:48Z INFO [525/1000] 11983479-90f3-4d36-b0a3-76ee6f98cfc8: 118 arrays, 0.4 MB stored; 1.9 s; peak memory 3098 MiB.
2026-10-08T20:16:50Z INFO [526/1000] 11985528-a9e1-451f-a61b-56e9f5b94d2a: 45 arrays, 0.0 MB stored; 1.5 s; peak memory 3098 MiB.
2026-10-08T20:16:52Z INFO [527/1000] 11985e26-32c8-4c05-90b2-a0c97c7c82db: 66 arrays, 101.2 MB stored; 2.4 s; peak memory 3098 MiB.
2026-10-08T20:16:54Z INFO [528/1000] 1198831e-ef18-465a-8ce2-1e4031395107: 112 arrays, 0.2 MB stored; 1.7 s; peak memory 3098 MiB.
2026-10-08T20:16:56Z INFO [529/1000] 119a02c0-e46a-452a-a4ce-6447f35f5182: 66 arrays, 100.5 MB stored; 2.2 s; peak memory 3098 MiB.
2026-10-08T20:16:56Z INFO [530/1000] 1198014b-d859-4c7f-a592-bf2af236953f: 1536 arrays, 34.0 MB stored; 14.2 s; peak memory 3100 MiB.
2026-10-08T20:16:58Z INFO [531/1000] 119a3f09-b3f1-46b5-935b-982c18f4405b: 56 arrays, 0.0 MB stored; 1.4 s; peak memory 3100 MiB.
2026-10-08T20:17:00Z INFO [532/1000] 119a43ae-ed15-43e7-ac3b-0cf771ababe2: 118 arrays, 0.3 MB stored; 1.9 s; peak memory 3100 MiB.
2026-10-08T20:17:01Z INFO [533/1000] 119a4913-b675-4589-b0a6-4f56fd1421ef: 48 arrays, 83.9 MB stored; 1.8 s; peak memory 3100 MiB.
2026-10-08T20:17:10Z INFO [534/1000] 119a962e-9511-43f4-bbcf-91b6f1a26ec7: 257 arrays, 179.8 MB stored; 8.2 s; peak memory 3100 MiB.
2026-10-08T20:17:11Z INFO [535/1000] 119ae827-da5c-48da-9262-d4f08885fa37: 117 arrays, 0.2 MB stored; 1.9 s; peak memory 3101 MiB.
2026-10-08T20:17:13Z INFO [536/1000] 119ae8a0-c434-417b-ab31-9f9a2f7868bf: 52 arrays, 625.9 MB stored; 1.8 s; peak memory 3101 MiB.
2026-10-08T20:17:25Z INFO [537/1000] 119b344e-2635-45ea-8315-00e120e2946c: 468 arrays, 90.3 MB stored; 11.4 s; peak memory 3101 MiB.
2026-10-08T20:17:30Z INFO [538/1000] 119a0f26-c392-4f44-a75b-5e48c300e322: 48 arrays, 41582.2 MB stored; 33.9 s; peak memory 3101 MiB.
2026-10-08T20:17:31Z INFO [539/1000] 119c9eb5-dfb5-48a1-9bd5-4a28ce413d2c: 41 arrays, 8.4 MB stored; 1.5 s; peak memory 3101 MiB.
2026-10-08T20:17:34Z INFO [540/1000] 116c7f70-bdab-45ac-b365-4f39cfd29593: 167 arrays, 21126.9 MB stored; 183.9 s; peak memory 3101 MiB.
2026-10-08T20:17:37Z INFO [541/1000] 119ca7ef-1ac8-491f-bb12-afbfd87d597c: 398 arrays, 3.2 MB stored; 5.1 s; peak memory 3102 MiB.
2026-10-08T20:17:38Z INFO [542/1000] 119d9aef-dfda-47c5-86e0-16f382aa7ac3: 117 arrays, 0.5 MB stored; 1.9 s; peak memory 3102 MiB.
2026-10-08T20:17:40Z INFO [543/1000] 119e8c56-e301-49fc-a4c7-63d7af6f2b8e: 39 arrays, 0.8 MB stored; 1.6 s; peak memory 3102 MiB.
2026-10-08T20:17:44Z INFO [544/1000] 119d87d7-56dc-4178-9bdb-4db9aa7df894: 1349 arrays, 33.5 MB stored; 9.9 s; peak memory 3103 MiB.
2026-10-08T20:17:46Z INFO [545/1000] 119fc669-0a7b-48f6-b7e9-97adffbed663: 112 arrays, 0.5 MB stored; 1.9 s; peak memory 3104 MiB.
2026-10-08T20:17:48Z INFO [546/1000] 119fccac-0653-429e-b375-413c4727cf44: 117 arrays, 0.4 MB stored; 2.2 s; peak memory 3104 MiB.
2026-10-08T20:17:50Z INFO [547/1000] 119fdad5-6736-4155-8f94-9111a8b291e3: 118 arrays, 0.4 MB stored; 2.0 s; peak memory 3104 MiB.
2026-10-08T20:17:51Z INFO [548/1000] 11a034bd-96d5-4616-96c8-3d9728ceda73: 48 arrays, 83.9 MB stored; 1.7 s; peak memory 3104 MiB.
2026-10-08T20:17:55Z INFO [549/1000] 11a22716-4aab-4835-8900-243ae6fd9930: 41 arrays, 473.5 MB stored; 3.3 s; peak memory 3104 MiB.
2026-10-08T20:17:57Z INFO [550/1000] 11a26bbe-2831-45b9-9841-499fd637f5ed: 53 arrays, 524.6 MB stored; 2.6 s; peak memory 3104 MiB.
2026-10-08T20:17:59Z INFO [551/1000] 11a27c17-7c7e-4990-a638-b881d5d29c1e: 83 arrays, 0.3 MB stored; 1.9 s; peak memory 3104 MiB.
2026-10-08T20:18:00Z INFO [552/1000] 1177a123-0055-471d-a84a-a77dd3742ab6: 394 arrays, 19746.3 MB stored; 178.7 s; peak memory 3104 MiB.
2026-10-08T20:18:01Z INFO [553/1000] 11a314dc-c634-4630-8d1c-07e56faba4de: 48 arrays, 83.9 MB stored; 1.7 s; peak memory 3104 MiB.
2026-10-08T20:18:03Z INFO [554/1000] 11a36527-f335-4c62-b9e3-05830532fae8: 33 arrays, 581.2 MB stored; 1.8 s; peak memory 3104 MiB.
2026-10-08T20:18:04Z INFO [555/1000] 11a35a44-f6cf-4c5a-a58d-330492a5a077: 156 arrays, 193.4 MB stored; 4.0 s; peak memory 3105 MiB.
2026-10-08T20:18:07Z INFO [556/1000] 11a3cd0d-e50e-4373-8071-36e14a3fbc17: 119 arrays, 66.4 MB stored; 3.0 s; peak memory 3105 MiB.
2026-10-08T20:18:10Z INFO [557/1000] 11a427d2-58cb-4d76-a21c-618bb2632ecc: 112 arrays, 0.8 MB stored; 2.2 s; peak memory 3105 MiB.
2026-10-08T20:18:11Z INFO [558/1000] 11a44560-fc37-4989-9482-e893202ad6cc: 46 arrays, 0.7 MB stored; 1.6 s; peak memory 3105 MiB.
2026-10-08T20:18:11Z INFO [559/1000] 1186b8ef-36d4-4943-acfe-80fd00b5c522: 62 arrays, 123663.4 MB stored; 155.6 s; peak memory 3105 MiB.
2026-10-08T20:18:13Z INFO [560/1000] 11a45dcf-3301-4eb5-bac7-377e3a6ba2be: 112 arrays, 0.8 MB stored; 2.3 s; peak memory 3105 MiB.
2026-10-08T20:18:14Z INFO [561/1000] 11a47098-637c-46dd-bf1e-f04473ca7b36: 118 arrays, 51.2 MB stored; 2.7 s; peak memory 3105 MiB.
2026-10-08T20:18:15Z INFO [562/1000] 11a528f3-bf05-4d20-9422-f64503a6d5a2: 117 arrays, 0.3 MB stored; 2.1 s; peak memory 3105 MiB.
2026-10-08T20:18:16Z INFO [563/1000] 11a54eb2-1a9a-4e6f-b6c9-c089c57838eb: 77 arrays, 0.1 MB stored; 1.9 s; peak memory 3105 MiB.
2026-10-08T20:18:18Z INFO [564/1000] 11a58774-affc-4727-af09-1b215503c618: 117 arrays, 0.3 MB stored; 1.9 s; peak memory 3105 MiB.
2026-10-08T20:18:19Z INFO [565/1000] 11a57823-10d4-4c79-95cf-e60b452fd523: 38 arrays, 36.3 MB stored; 3.5 s; peak memory 3105 MiB.
2026-10-08T20:18:19Z INFO [566/1000] 11a62d40-fefa-4c20-ac7f-62f3b1fc5f4c: 117 arrays, 0.4 MB stored; 1.8 s; peak memory 3106 MiB.
2026-10-08T20:18:23Z INFO [567/1000] 11a632d4-438f-4185-a547-3924a8ae0027: 114 arrays, 186.9 MB stored; 3.6 s; peak memory 3106 MiB.
2026-10-08T20:18:24Z INFO [568/1000] 11a6d3a7-1816-4a50-8b79-e3ed3e2b25a5: 48 arrays, 83.9 MB stored; 1.6 s; peak memory 3106 MiB.
2026-10-08T20:18:26Z INFO [569/1000] 11a7161c-dca1-4981-8408-3dbae4cd4771: 47 arrays, 0.8 MB stored; 1.6 s; peak memory 3106 MiB.
2026-10-08T20:18:28Z INFO [570/1000] 11a7d218-9c03-4034-ba36-f155e30cf69c: 112 arrays, 0.8 MB stored; 2.2 s; peak memory 3106 MiB.
2026-10-08T20:18:34Z INFO [571/1000] 119b505a-11ab-48a0-94e0-ac377ebfeb27: 52 arrays, 2630.5 MB stored; 69.2 s; peak memory 3106 MiB.
2026-10-08T20:18:35Z INFO [572/1000] 11a7f2cd-bdf1-44fc-ac66-a387c98ad76a: 56 arrays, 0.0 MB stored; 1.4 s; peak memory 3106 MiB.
2026-10-08T20:18:36Z INFO [573/1000] 11a64b97-14ca-41a2-b990-fe61a2e579eb: 1271 arrays, 49.8 MB stored; 16.1 s; peak memory 3108 MiB.
2026-10-08T20:18:37Z INFO [574/1000] 11a7f6b6-8096-4b52-aa39-505d75c7bd57: 48 arrays, 83.9 MB stored; 1.6 s; peak memory 3108 MiB.
2026-10-08T20:18:37Z INFO [575/1000] 11a83e2d-3909-47f7-a1f6-334aa292b538: 56 arrays, 0.0 MB stored; 1.5 s; peak memory 3108 MiB.
2026-10-08T20:18:39Z INFO [576/1000] 11a90903-6c52-49ff-be73-dbc151e52d64: 69 arrays, 1.0 MB stored; 2.0 s; peak memory 3108 MiB.
2026-10-08T20:18:39Z INFO [577/1000] 11a8e348-7a9e-43f7-94ba-2be99e0c88ce: 118 arrays, 0.3 MB stored; 2.2 s; peak memory 3108 MiB.
2026-10-08T20:18:40Z INFO [578/1000] 11a9364e-4d67-4594-a082-bfea5cc48004: 52 arrays, 0.0 MB stored; 1.3 s; peak memory 3108 MiB.
2026-10-08T20:18:41Z INFO [579/1000] 11a9f9a2-291b-4c28-975f-0f85b0236e31: 116 arrays, 0.3 MB stored; 1.8 s; peak memory 3108 MiB.
2026-10-08T20:18:45Z INFO [580/1000] 11aa2a3f-cc0b-487e-949b-fe25577ac10f: 154 arrays, 387.9 MB stored; 4.5 s; peak memory 3108 MiB.
2026-10-08T20:18:47Z INFO [581/1000] 11aa6f76-b4e8-4dcb-bcb8-a204afbc365c: 117 arrays, 0.5 MB stored; 2.1 s; peak memory 3108 MiB.
2026-10-08T20:18:50Z INFO [582/1000] 11aabcc9-cffc-4ddf-8c6c-46d6ee8ce05f: 118 arrays, 14.9 MB stored; 2.9 s; peak memory 3109 MiB.
2026-10-08T20:18:51Z INFO [583/1000] 11aadde2-6046-4776-83eb-c02e72685995: 48 arrays, 83.9 MB stored; 1.6 s; peak memory 3109 MiB.
2026-10-08T20:18:53Z INFO [584/1000] 11aa3ddf-3a9e-4a13-9ccc-f1032be065e3: 11477 arrays, 300.1 MB stored; 11.9 s; peak memory 3121 MiB.
2026-10-08T20:18:54Z INFO [585/1000] 11abaed2-b469-40fe-a736-036749824274: 112 arrays, 0.6 MB stored; 2.2 s; peak memory 3121 MiB.
2026-10-08T20:18:54Z INFO [586/1000] 11abdf9d-1d3e-4db2-a404-7b9c13281dc5: 48 arrays, 83.9 MB stored; 1.7 s; peak memory 3121 MiB.
2026-10-08T20:18:55Z INFO [587/1000] 11acc254-cf8d-455b-977c-7701670bab2a: 58 arrays, 0.0 MB stored; 1.5 s; peak memory 3121 MiB.
2026-10-08T20:18:57Z INFO [588/1000] 11ae86a3-01b9-4c8b-87be-ae0fa79d1bb5: 48 arrays, 83.9 MB stored; 1.7 s; peak memory 3121 MiB.
2026-10-08T20:18:58Z INFO [589/1000] 11af1ce7-ded6-4f25-8bcc-66e3e4498999: 117 arrays, 0.4 MB stored; 1.8 s; peak memory 3121 MiB.
2026-10-08T20:19:00Z INFO [590/1000] 11af22a7-e045-4596-b770-99e5a441a833: 48 arrays, 83.9 MB stored; 1.7 s; peak memory 3121 MiB.
2026-10-08T20:19:02Z INFO [591/1000] 11af9856-0f91-4842-84df-a9ba043ccdea: 76 arrays, 0.8 MB stored; 1.6 s; peak memory 3121 MiB.
2026-10-08T20:19:06Z INFO [592/1000] 11ae20b4-60e1-4cf0-b6eb-57103a3bfaff: 11485 arrays, 541.7 MB stored; 11.6 s; peak memory 3132 MiB.
2026-10-08T20:19:09Z INFO [593/1000] 11b028af-246e-460e-b4e1-110c64d5260e: 118 arrays, 66.2 MB stored; 2.8 s; peak memory 3132 MiB.
2026-10-08T20:19:12Z INFO [594/1000] 11afe493-2d4a-4f13-8de6-2564184214b0: 1053 arrays, 22.7 MB stored; 10.2 s; peak memory 3133 MiB.
2026-10-08T20:19:14Z INFO [595/1000] 11b05fac-f744-4fbc-b559-1f7caa980e2a: 48 arrays, 83.9 MB stored; 1.7 s; peak memory 3133 MiB.
2026-10-08T20:19:14Z INFO [596/1000] 11b05f79-e04b-4f16-b3d9-820cc649d92c: 316 arrays, 2.7 MB stored; 5.5 s; peak memory 3134 MiB.
2026-10-08T20:19:18Z INFO [597/1000] 11b0aa1c-c380-4ed8-96a6-615e1e59ef64: 115 arrays, 186.8 MB stored; 3.8 s; peak memory 3134 MiB.
2026-10-08T20:19:18Z INFO [598/1000] 11944344-75a3-4215-a83e-66c68164ffc4: 413 arrays, 19800.9 MB stored; 175.9 s; peak memory 3134 MiB.
2026-10-08T20:19:20Z INFO [599/1000] 11b0dde9-6930-4d73-bb27-7cc7b08feb57: 52 arrays, 12.5 MB stored; 1.7 s; peak memory 3134 MiB.
2026-10-08T20:19:20Z INFO [600/1000] 11b0f31f-05f9-4683-8fe6-d4d26f03be55: 48 arrays, 83.9 MB stored; 1.7 s; peak memory 3134 MiB.
2026-10-08T20:19:26Z INFO [600/1000] 11b0f31f-05f9-4683-8fe6-d4d26f03be55: checkpointed 11800 new records.
2026-10-08T20:19:26Z INFO [601/1000] 11b1b701-b699-4e2c-ae0b-2714aa25537f: 48 arrays, 83.9 MB stored; 1.7 s; peak memory 3143 MiB.
2026-10-08T20:19:26Z INFO [602/1000] 11b18321-a9e2-4250-9fce-6c89cec82180: 119 arrays, 66.4 MB stored; 3.0 s; peak memory 3143 MiB.
2026-10-08T20:19:26Z INFO [603/1000] 11b21750-e159-493b-bb4e-88959d913254: 39 arrays, 1.3 MB stored; 1.6 s; peak memory 3143 MiB.
2026-10-08T20:19:27Z INFO [604/1000] 11b24ca5-13a9-4e3c-afab-cd5478dc8009: 66 arrays, 212.2 MB stored; 3.7 s; peak memory 3143 MiB.
2026-10-08T20:19:27Z INFO [605/1000] 11b21e19-9ec1-43c4-bb08-0e505ccdcfea: 133 arrays, 47.0 MB stored; 4.5 s; peak memory 3143 MiB.
2026-10-08T20:19:30Z INFO [606/1000] 11b2f505-6fad-4e40-93c5-b3b2941688cd: 68 arrays, 286.2 MB stored; 3.2 s; peak memory 3143 MiB.
2026-10-08T20:19:31Z INFO [607/1000] 11b406e7-b128-48bb-9b57-2def69e860ce: 153 arrays, 3.3 MB stored; 3.8 s; peak memory 3143 MiB.
2026-10-08T20:19:33Z INFO [608/1000] 11b4d5cf-3425-4430-9123-ba76213704ae: 66 arrays, 57.9 MB stored; 2.4 s; peak memory 3143 MiB.
2026-10-08T20:19:35Z INFO [609/1000] 11b4f939-b839-4b7f-a359-618be3045749: 48 arrays, 83.9 MB stored; 1.9 s; peak memory 3143 MiB.
2026-10-08T20:19:36Z INFO [610/1000] 1165c201-662e-4dae-981f-afa49f6abe93: 264 arrays, 39384.7 MB stored; 336.9 s; peak memory 3143 MiB.
2026-10-08T20:19:37Z INFO [611/1000] 11b521b2-e247-4091-af0a-eeae28150642: 110 arrays, 0.5 MB stored; 2.1 s; peak memory 3143 MiB.
2026-10-08T20:19:38Z INFO [612/1000] 11b59a50-35cb-404f-8d8c-1783e9b00e78: 48 arrays, 83.9 MB stored; 1.7 s; peak memory 3143 MiB.
2026-10-08T20:19:40Z INFO [613/1000] 11b694ec-4456-4da9-809d-4596692b7614: 118 arrays, 0.5 MB stored; 1.9 s; peak memory 3143 MiB.
2026-10-08T20:19:40Z INFO [614/1000] 11b67e36-3c34-4992-bcd9-433323896002: 110 arrays, 0.5 MB stored; 2.3 s; peak memory 3143 MiB.
2026-10-08T20:19:41Z INFO [615/1000] 11b4a378-d481-4310-a7ca-2422c4298e0f: 1035 arrays, 27.3 MB stored; 10.4 s; peak memory 3143 MiB.
2026-10-08T20:19:42Z INFO [616/1000] 11b83325-7205-4c8d-a019-deb5cbfa8399: 69 arrays, 2.8 MB stored; 2.1 s; peak memory 3143 MiB.
2026-10-08T20:19:42Z INFO [617/1000] 11b6b49b-a73e-461c-b833-43f5d9035a6c: 132 arrays, 1.8 MB stored; 2.2 s; peak memory 3143 MiB.
2026-10-08T20:19:43Z INFO [618/1000] 11b8fbf8-c258-4f88-b26e-4f7f6d8cf19d: 112 arrays, 0.6 MB stored; 2.3 s; peak memory 3143 MiB.
2026-10-08T20:19:44Z INFO [619/1000] 11b92ef9-e6d0-449c-837b-a8233ee76309: 33 arrays, 481.3 MB stored; 1.8 s; peak memory 3143 MiB.
2026-10-08T20:19:45Z INFO [620/1000] 11b943d7-94a2-44e6-a8e6-9eb21309cc63: 64 arrays, 67.7 MB stored; 2.7 s; peak memory 3143 MiB.
2026-10-08T20:19:45Z INFO [621/1000] 11bb042e-ca1c-4115-874b-f44b2930b6d2: 68 arrays, 0.0 MB stored; 1.8 s; peak memory 3143 MiB.
2026-10-08T20:19:46Z INFO [622/1000] 11ba6e72-d200-4135-afea-1e8fa127164d: 71 arrays, 144.1 MB stored; 3.1 s; peak memory 3143 MiB.
2026-10-08T20:19:48Z INFO [623/1000] 11bc4210-ff4b-4c8c-9d0d-c1f9a5e1c282: 77 arrays, 0.1 MB stored; 1.9 s; peak memory 3143 MiB.
2026-10-08T20:19:50Z INFO [624/1000] 11bba13d-005c-446b-87c4-f9bf323ea666: 84 arrays, 504.6 MB stored; 5.2 s; peak memory 3143 MiB.
2026-10-08T20:19:52Z INFO [625/1000] 11bc4a22-c5c9-4a83-92a0-4ec28a5b999a: 90 arrays, 262.0 MB stored; 3.8 s; peak memory 3143 MiB.
2026-10-08T20:19:52Z INFO [626/1000] 11bc879b-63c4-42d8-b45b-d680c391b024: 116 arrays, 9.7 MB stored; 2.1 s; peak memory 3143 MiB.
2026-10-08T20:19:53Z INFO [627/1000] 11bc89f4-bafa-4edd-8295-993953fe269f: 45 arrays, 0.0 MB stored; 1.5 s; peak memory 3143 MiB.
2026-10-08T20:19:54Z INFO [628/1000] 11bc8efa-b722-4cee-b674-d1210c391a94: 49 arrays, 22.9 MB stored; 2.1 s; peak memory 3143 MiB.
2026-10-08T20:19:55Z INFO [629/1000] 11bd4c0c-0a0f-469d-9968-62498bd90f55: 117 arrays, 0.3 MB stored; 1.8 s; peak memory 3143 MiB.
2026-10-08T20:19:57Z INFO [630/1000] 11bdfb76-006f-4d6c-9346-9064740cc626: 83 arrays, 0.2 MB stored; 1.4 s; peak memory 3143 MiB.
2026-10-08T20:19:58Z INFO [631/1000] 11be8eba-a934-4f2b-9fa6-79a9381e21a5: 48 arrays, 83.9 MB stored; 1.8 s; peak memory 3143 MiB.
2026-10-08T20:19:59Z INFO [632/1000] 11bd5bf2-3f1b-4c76-ac52-56977b7c16f0: 84 arrays, 350.0 MB stored; 4.9 s; peak memory 3143 MiB.
2026-10-08T20:20:00Z INFO [633/1000] 11beb20c-5cb0-4c60-8933-e53b20fbee36: 21 arrays, 0.6 MB stored; 1.4 s; peak memory 3143 MiB.
2026-10-08T20:20:01Z INFO [634/1000] 11bf3362-81b4-46c7-826e-1ed86842f217: 117 arrays, 0.3 MB stored; 1.8 s; peak memory 3143 MiB.
2026-10-08T20:20:01Z INFO [635/1000] 11bf3478-6489-4738-8ddb-43d9e3c1355b: 117 arrays, 0.2 MB stored; 1.6 s; peak memory 3143 MiB.
2026-10-08T20:20:03Z INFO [636/1000] 11c04b04-e4fd-4eb6-8c13-1ad0e729fc19: 71 arrays, 4.0 MB stored; 2.3 s; peak memory 3143 MiB.
2026-10-08T20:20:03Z INFO [637/1000] 11c14e61-0108-4249-9d0b-c9adcdbea644: 118 arrays, 0.2 MB stored; 2.1 s; peak memory 3143 MiB.
2026-10-08T20:20:04Z INFO [638/1000] 11bc11be-ff60-4f1a-9658-6815cb916760: 1309 arrays, 30.2 MB stored; 18.4 s; peak memory 3143 MiB.
2026-10-08T20:20:05Z INFO [639/1000] 11c2b0ca-67fc-4262-9c78-626a2f94a9cf: 48 arrays, 83.9 MB stored; 1.7 s; peak memory 3143 MiB.
2026-10-08T20:20:05Z INFO [640/1000] 11c38cd0-18cb-4664-8e49-bb759e0696a4: 48 arrays, 83.9 MB stored; 1.6 s; peak memory 3143 MiB.
2026-10-08T20:20:06Z INFO [641/1000] 11c3a293-443e-47e3-b702-5f6a02610a74: 48 arrays, 83.9 MB stored; 1.6 s; peak memory 3143 MiB.
2026-10-08T20:20:07Z INFO [642/1000] 11c3ef0c-d847-4834-8691-c8401d863ee8: 48 arrays, 83.9 MB stored; 1.5 s; peak memory 3143 MiB.
2026-10-08T20:20:08Z INFO [643/1000] 11c4396f-d6cb-4ba4-8747-72b203f92cdc: 48 arrays, 83.9 MB stored; 1.6 s; peak memory 3143 MiB.
2026-10-08T20:20:08Z INFO [644/1000] 11c607a3-b305-46f9-8a8b-7319ed4d4a8e: 114 arrays, 0.1 MB stored; 1.5 s; peak memory 3143 MiB.
2026-10-08T20:20:11Z INFO [645/1000] 11c62507-4d83-4193-be39-1a14c9c390f3: 119 arrays, 67.4 MB stored; 3.3 s; peak memory 3143 MiB.
2026-10-08T20:20:11Z INFO [646/1000] 11c34560-91ff-4455-9e6d-c63fcaf3428c: 616 arrays, 17.6 MB stored; 7.9 s; peak memory 3143 MiB.
2026-10-08T20:20:13Z INFO [647/1000] 11c8bffc-d1a4-4ed4-8dfa-dce26d30e31e: 53 arrays, 620.6 MB stored; 1.7 s; peak memory 3143 MiB.
2026-10-08T20:20:13Z INFO [648/1000] 11c811ec-041b-44b7-9f3e-a94fc5757996: 59 arrays, 250.3 MB stored; 2.0 s; peak memory 3143 MiB.
2026-10-08T20:20:15Z INFO [649/1000] 11c96a6c-c0f7-4a5c-ba1b-25ebe0261e46: 116 arrays, 0.2 MB stored; 1.9 s; peak memory 3143 MiB.
2026-10-08T20:20:15Z INFO [650/1000] 11c7f808-60c3-47b4-bc58-cb4d54ed0f44: 454 arrays, 7.0 MB stored; 6.7 s; peak memory 3143 MiB.
2026-10-08T20:20:16Z INFO [651/1000] 11c9cc60-5fc9-48aa-9c26-c95697d1888f: 152 arrays, 0.8 MB stored; 2.9 s; peak memory 3143 MiB.
2026-10-08T20:20:17Z INFO [652/1000] 11ca5384-6049-49e8-93ae-9497d7ffa811: 48 arrays, 83.9 MB stored; 1.6 s; peak memory 3143 MiB.
2026-10-08T20:20:18Z INFO [653/1000] 11caa139-bd90-424c-a058-216444fc3f66: 48 arrays, 83.9 MB stored; 1.7 s; peak memory 3143 MiB.
2026-10-08T20:20:19Z INFO [654/1000] 11caab4e-d877-4f57-bd99-49ee6fa2e0dc: 112 arrays, 1.4 MB stored; 2.5 s; peak memory 3143 MiB.
2026-10-08T20:20:20Z INFO [655/1000] 11cbb300-04ab-4c16-982b-36d551be7104: 50 arrays, 2168.7 MB stored; 2.1 s; peak memory 3143 MiB.
2026-10-08T20:20:21Z INFO [656/1000] 11cc8802-f817-4560-af08-acc0f492ae8e: 48 arrays, 83.9 MB stored; 1.6 s; peak memory 3143 MiB.
2026-10-08T20:20:21Z INFO [657/1000] 11cc9db7-2582-4945-a8ab-f9bd42ceb26b: 57 arrays, 0.0 MB stored; 1.4 s; peak memory 3143 MiB.
2026-10-08T20:20:22Z INFO [658/1000] 11ccd7a8-46d4-4b3a-a67a-bbecec438ea6: 71 arrays, 0.0 MB stored; 1.8 s; peak memory 3143 MiB.
2026-10-08T20:20:24Z INFO [659/1000] 11ccf009-19a2-43e8-9f85-81f81e47be3f: 119 arrays, 66.3 MB stored; 2.8 s; peak memory 3143 MiB.
2026-10-08T20:20:25Z INFO [660/1000] 11ca7433-804c-4112-9c2e-7b1abc6bc824: 754 arrays, 15.7 MB stored; 9.9 s; peak memory 3143 MiB.
2026-10-08T20:20:25Z INFO [661/1000] 11ce64bc-e749-44a6-94a7-8624b74794fa: 48 arrays, 83.9 MB stored; 1.5 s; peak memory 3143 MiB.
2026-10-08T20:20:27Z INFO [662/1000] 11cea577-bb53-4abd-ac05-7ae18d1aca20: 112 arrays, 0.9 MB stored; 2.2 s; peak memory 3144 MiB.
2026-10-08T20:20:29Z INFO [663/1000] 11d023b1-d3e2-4253-b6fb-f85d4f5e1f9b: 62 arrays, 4744.8 MB stored; 2.2 s; peak memory 3144 MiB.
2026-10-08T20:20:31Z INFO [664/1000] 11d08e53-ce02-4815-a469-14cf46074411: 48 arrays, 83.9 MB stored; 1.9 s; peak memory 3144 MiB.
2026-10-08T20:20:33Z INFO [665/1000] 11d14893-9454-4cc7-9ba5-0be5df042f5f: 117 arrays, 0.2 MB stored; 1.7 s; peak memory 3144 MiB.
2026-10-08T20:20:33Z INFO [666/1000] 11ce63ea-9f3c-433d-bb1f-bccf3dc01e7f: 4229 arrays, 15.6 MB stored; 10.5 s; peak memory 3150 MiB.
2026-10-08T20:20:34Z INFO [667/1000] 11cff7e1-646f-4ef4-b3aa-71d8acf5aaf5: 56 arrays, 137.7 MB stored; 8.9 s; peak memory 3150 MiB.
2026-10-08T20:20:35Z INFO [668/1000] 11d1b5d0-3d05-400b-b0fb-9be724a0f0d6: 117 arrays, 0.5 MB stored; 2.1 s; peak memory 3150 MiB.
2026-10-08T20:20:37Z INFO [669/1000] 11d4e474-9164-4e37-ac11-d41347e57812: 48 arrays, 83.9 MB stored; 1.7 s; peak memory 3150 MiB.
2026-10-08T20:20:37Z INFO [670/1000] 11d38f6a-d28d-468f-a942-bc2284024cf5: 71 arrays, 65.5 MB stored; 2.8 s; peak memory 3150 MiB.
2026-10-08T20:20:39Z INFO [671/1000] 11d77b47-c29c-4477-8a4f-b6d7adadc4a9: 48 arrays, 83.9 MB stored; 1.7 s; peak memory 3150 MiB.
2026-10-08T20:20:39Z INFO [672/1000] 11d746fa-bdc2-4a92-83b5-8a4b77fe8a38: 118 arrays, 0.5 MB stored; 2.3 s; peak memory 3151 MiB.
2026-10-08T20:20:40Z INFO [673/1000] 11d8a194-f938-4aba-a59c-ea65a16672b8: 58 arrays, 0.0 MB stored; 1.4 s; peak memory 3151 MiB.
2026-10-08T20:20:41Z INFO [674/1000] 11d93f52-f83d-42b6-aecc-51ea86898fd8: 69 arrays, 0.1 MB stored; 1.9 s; peak memory 3151 MiB.
2026-10-08T20:20:42Z INFO [675/1000] 11d94c55-0ec5-4d8a-83f7-1eccbad80a95: 48 arrays, 83.9 MB stored; 1.6 s; peak memory 3151 MiB.
2026-10-08T20:20:42Z INFO [676/1000] 11d98058-d9a7-4e6d-9cb1-17602b5620a2: 57 arrays, 0.0 MB stored; 1.4 s; peak memory 3151 MiB.
2026-10-08T20:20:44Z INFO [677/1000] 11d9d0b8-13f8-4ccb-a456-a4c7b5558450: 48 arrays, 83.9 MB stored; 1.7 s; peak memory 3151 MiB.
2026-10-08T20:20:44Z INFO [678/1000] 11da0cca-a9b4-494f-8164-feeafb32c6ed: 48 arrays, 83.9 MB stored; 1.7 s; peak memory 3151 MiB.
2026-10-08T20:20:45Z INFO [679/1000] 11da0f06-ddb8-4270-9158-f73fcf6b79e3: 48 arrays, 83.9 MB stored; 1.6 s; peak memory 3151 MiB.
2026-10-08T20:20:46Z INFO [680/1000] 11da770a-56e0-41aa-95bc-75d1eb6c6504: 48 arrays, 83.9 MB stored; 1.6 s; peak memory 3151 MiB.
2026-10-08T20:20:47Z INFO [681/1000] 11d29c76-0c11-483a-86db-7b1988c5d03e: 56 arrays, 987.2 MB stored; 13.7 s; peak memory 3151 MiB.
2026-10-08T20:20:47Z INFO [682/1000] 11da9056-ab64-40f9-b14b-78f7fa81afc2: 48 arrays, 83.9 MB stored; 1.7 s; peak memory 3151 MiB.
2026-10-08T20:20:47Z INFO [683/1000] 11dacd19-ca04-4a4e-a7b0-fb10e7d4f846: 48 arrays, 83.9 MB stored; 1.7 s; peak memory 3151 MiB.
2026-10-08T20:20:49Z INFO [684/1000] 11db390b-76b0-44a6-bc6c-9444376a03a7: 112 arrays, 0.3 MB stored; 1.8 s; peak memory 3151 MiB.
2026-10-08T20:20:49Z INFO [685/1000] 11db40d0-2dd5-4969-9b07-b889a2ef02a6: 48 arrays, 83.9 MB stored; 1.6 s; peak memory 3151 MiB.
2026-10-08T20:20:50Z INFO [686/1000] 11daf053-4adf-406c-90cc-be95242433a9: 101 arrays, 18.1 MB stored; 2.9 s; peak memory 3151 MiB.
2026-10-08T20:20:50Z INFO [687/1000] 11db7a9c-3a28-43eb-acbb-83644123ef19: 48 arrays, 83.9 MB stored; 1.7 s; peak memory 3152 MiB.
2026-10-08T20:20:51Z INFO [688/1000] 11db6667-8d7c-4003-8740-0d3d52f098f9: 112 arrays, 0.8 MB stored; 2.6 s; peak memory 3152 MiB.
2026-10-08T20:20:52Z INFO [689/1000] 11db8c5f-4ed9-41c5-8eb0-36b78b41abd3: 66 arrays, 97.2 MB stored; 2.4 s; peak memory 3152 MiB.
2026-10-08T20:20:53Z INFO [690/1000] 11dbada3-56e2-4c85-87d5-ade73d45dd07: 70 arrays, 32.4 MB stored; 2.5 s; peak memory 3152 MiB.
2026-10-08T20:20:53Z INFO [691/1000] 11dbd60f-58b3-4668-86b1-c966c3ce29c0: 60 arrays, 11.2 MB stored; 2.1 s; peak memory 3152 MiB.
2026-10-08T20:20:55Z INFO [692/1000] 11dc4696-8397-48b4-997b-0015b3d4973f: 77 arrays, 428.8 MB stored; 2.8 s; peak memory 3152 MiB.
2026-10-08T20:20:55Z INFO [693/1000] 11dca591-b08e-4dbc-b191-b3cf552b8711: 117 arrays, 0.3 MB stored; 1.8 s; peak memory 3152 MiB.
2026-10-08T20:20:56Z INFO [694/1000] 11df190e-9918-40f4-af70-c308ea557654: 57 arrays, 0.0 MB stored; 1.4 s; peak memory 3152 MiB.
2026-10-08T20:20:57Z INFO [695/1000] 11df0366-de40-4955-97f5-7944c95a0913: 112 arrays, 0.6 MB stored; 2.1 s; peak memory 3152 MiB.
2026-10-08T20:20:57Z INFO [696/1000] 11de4dbb-06a2-47df-8a4c-07ef55df3760: 102 arrays, 16.1 MB stored; 3.8 s; peak memory 3152 MiB.
2026-10-08T20:20:58Z INFO [697/1000] 11df419d-41f1-4116-a804-58e38704a4f5: 48 arrays, 83.9 MB stored; 1.6 s; peak memory 3152 MiB.
2026-10-08T20:20:59Z INFO [698/1000] 11dfcc92-5dbe-40af-86be-e74d7d0693f5: 59 arrays, 119.9 MB stored; 2.1 s; peak memory 3152 MiB.
2026-10-08T20:21:00Z INFO [699/1000] 11e0d70e-eaac-442e-8a85-12834df27c4b: 57 arrays, 0.0 MB stored; 1.4 s; peak memory 3152 MiB.
2026-10-08T20:21:00Z INFO [700/1000] 11e02d61-5d5a-4f3f-bf40-58fbff135686: 71 arrays, 255.6 MB stored; 3.3 s; peak memory 3152 MiB.
2026-10-08T20:21:02Z INFO [701/1000] 11e16620-ea63-48e2-af1d-757e915c18b5: 48 arrays, 83.9 MB stored; 1.7 s; peak memory 3152 MiB.
2026-10-08T20:21:02Z INFO [702/1000] 11e11d3d-4349-4ac5-8c9c-4120c5a20ed6: 115 arrays, 0.7 MB stored; 1.8 s; peak memory 3153 MiB.
2026-10-08T20:21:04Z INFO [703/1000] 11e25a7e-d94d-47b5-84f8-d442a70b108a: 112 arrays, 0.7 MB stored; 2.3 s; peak memory 3153 MiB.
2026-10-08T20:21:06Z INFO [704/1000] 11e18a2d-cd89-4101-8296-e84951a0ebb1: 123 arrays, 5.9 MB stored; 3.7 s; peak memory 3153 MiB.
2026-10-08T20:21:06Z INFO [705/1000] 11e2b502-e7b2-4872-8f9f-e7bd5004e34c: 117 arrays, 0.3 MB stored; 1.8 s; peak memory 3153 MiB.
2026-10-08T20:21:08Z INFO [706/1000] 11e34c8f-967e-4c55-971f-3462f6b6632a: 33 arrays, 0.0 MB stored; 1.4 s; peak memory 3153 MiB.
2026-10-08T20:21:08Z INFO [707/1000] 11e3487f-7cb5-467c-a456-d97b4d7eab5c: 48 arrays, 83.9 MB stored; 1.9 s; peak memory 3153 MiB.
2026-10-08T20:21:09Z INFO [708/1000] 11e05590-4f3c-4ccd-9458-c871ecb1bd56: 61 arrays, 456.7 MB stored; 10.8 s; peak memory 3153 MiB.
2026-10-08T20:21:09Z INFO [709/1000] 11e44296-e009-4078-9ff1-2b268b5b1f41: 46 arrays, 0.0 MB stored; 1.3 s; peak memory 3153 MiB.
2026-10-08T20:21:11Z INFO [710/1000] 11e49c92-5af8-4c11-b5df-7131920b53fc: 48 arrays, 83.9 MB stored; 1.7 s; peak memory 3153 MiB.
2026-10-08T20:21:11Z INFO [711/1000] 11e44ad1-83b8-42aa-90bf-782d5c94466e: 117 arrays, 0.4 MB stored; 2.0 s; peak memory 3153 MiB.
2026-10-08T20:21:12Z INFO [712/1000] 11e567e9-3bac-460c-ac5b-61285a0caf1b: 52 arrays, 0.0 MB stored; 1.4 s; peak memory 3153 MiB.
2026-10-08T20:21:13Z INFO [713/1000] 11e36a66-7a7b-4684-b015-d1ed0276fdcf: 38 arrays, 114.9 MB stored; 5.9 s; peak memory 3153 MiB.
2026-10-08T20:21:15Z INFO [714/1000] 11e510ec-138a-4d7c-aa68-6f39dbaf2823: 156 arrays, 193.5 MB stored; 4.1 s; peak memory 3153 MiB.
2026-10-08T20:21:15Z INFO [715/1000] 11e63104-3860-4ce3-8592-bb09f1d8e2bb: 70 arrays, 0.3 MB stored; 1.6 s; peak memory 3154 MiB.
2026-10-08T20:21:17Z INFO [716/1000] 11e6374a-3139-40f8-99f0-164622241642: 66 arrays, 102.6 MB stored; 2.3 s; peak memory 3154 MiB.
2026-10-08T20:21:17Z INFO [717/1000] 11e6902e-9ed7-45b7-b573-5cfe26e44a91: 69 arrays, 376.8 MB stored; 2.1 s; peak memory 3154 MiB.
2026-10-08T20:21:22Z INFO [718/1000] 11e6f258-de0a-42b9-b7e4-b221580a05b8: 460 arrays, 4.1 MB stored; 5.4 s; peak memory 3154 MiB.
2026-10-08T20:21:26Z INFO [719/1000] 11a7e553-b54c-452c-bf8e-38b1ed4863c4: 241 arrays, 19724.5 MB stored; 178.2 s; peak memory 3154 MiB.
2026-10-08T20:21:26Z INFO [720/1000] 11e6fbd2-7727-42e1-a5ac-68f571b1b958: 78 arrays, 351.8 MB stored; 3.9 s; peak memory 3154 MiB.
2026-10-08T20:21:28Z INFO [721/1000] 11e7aeea-a059-4a69-90ab-5c0ebd339d11: 60 arrays, 2.3 MB stored; 1.7 s; peak memory 3154 MiB.
2026-10-08T20:21:29Z INFO [722/1000] 11e8301b-144c-43f6-a3a4-6e38b3f815f7: 64 arrays, 47111.8 MB stored; 2.7 s; peak memory 3154 MiB.
2026-10-08T20:21:30Z INFO [723/1000] 11e93042-2657-4b85-b033-1ee759817673: 56 arrays, 0.0 MB stored; 1.4 s; peak memory 3155 MiB.
2026-10-08T20:21:33Z INFO [724/1000] 11e5e937-b8f3-451a-8664-14b0346d7e5d: 277 arrays, 699.2 MB stored; 20.5 s; peak memory 3155 MiB.
2026-10-08T20:21:35Z INFO [725/1000] 11e9fbf5-64be-468b-9833-80746fb17793: 119 arrays, 51.4 MB stored; 2.7 s; peak memory 3155 MiB.
2026-10-08T20:21:37Z INFO [726/1000] 11ea1097-a9c5-4db7-8e99-82a1f6c777fb: 83 arrays, 0.2 MB stored; 1.8 s; peak memory 3155 MiB.
2026-10-08T20:21:39Z INFO [727/1000] 11eac290-0f75-42d8-982a-8ca25373505c: 48 arrays, 83.9 MB stored; 1.6 s; peak memory 3155 MiB.
2026-10-08T20:21:42Z INFO [728/1000] 11e89513-5ed1-4fc2-bc8f-4d32fe869e73: 4102 arrays, 39.8 MB stored; 14.5 s; peak memory 3159 MiB.
2026-10-08T20:21:44Z INFO [729/1000] 11ebc16f-3eee-4b67-a5d6-16cce19d84a8: 66 arrays, 105.9 MB stored; 2.2 s; peak memory 3159 MiB.
2026-10-08T20:21:45Z INFO [730/1000] 11e95907-6487-4269-b59a-8190dd90a290: 1061 arrays, 37.8 MB stored; 14.4 s; peak memory 3160 MiB.
2026-10-08T20:21:48Z INFO [731/1000] 11ebed8f-c38d-43c9-8342-098918138a2e: 115 arrays, 190.1 MB stored; 3.6 s; peak memory 3160 MiB.
2026-10-08T20:21:51Z INFO [732/1000] 11eb665a-9204-4904-9d94-c923c4555094: 657 arrays, 19.4 MB stored; 12.0 s; peak memory 3161 MiB.
2026-10-08T20:21:52Z INFO [733/1000] 11ebfeb2-1d34-4779-ad1e-2bde9017c249: 116 arrays, 187.2 MB stored; 3.6 s; peak memory 3161 MiB.
2026-10-08T20:21:52Z INFO [734/1000] 11ec77b9-c931-4779-8536-67735488da7f: 41 arrays, 8.4 MB stored; 1.6 s; peak memory 3161 MiB.
2026-10-08T20:21:54Z INFO [735/1000] 11edffe4-d548-44e1-b684-4529af8135c1: 42 arrays, 5.2 MB stored; 1.7 s; peak memory 3161 MiB.
2026-10-08T20:21:56Z INFO [736/1000] 11ee000e-1890-415c-a316-07eed2aac577: 48 arrays, 83.9 MB stored; 1.8 s; peak memory 3161 MiB.
2026-10-08T20:21:57Z INFO [737/1000] 11ee001e-1354-447b-a545-6d8be013237d: 39 arrays, 15.9 MB stored; 1.7 s; peak memory 3161 MiB.
2026-10-08T20:21:58Z INFO [738/1000] 11ebcd44-48f5-498f-98f6-430d7e028468: 967 arrays, 42.5 MB stored; 13.2 s; peak memory 3162 MiB.
2026-10-08T20:21:59Z INFO [739/1000] 11ee6172-2cbc-4131-ab37-4fedf1a0d80d: 46 arrays, 0.1 MB stored; 1.3 s; peak memory 3162 MiB.
2026-10-08T20:22:00Z INFO [740/1000] 11ee8084-a567-435b-b533-444923c0140c: 48 arrays, 83.9 MB stored; 1.5 s; peak memory 3162 MiB.
2026-10-08T20:22:05Z INFO [741/1000] 11eca715-f59a-4f71-a42e-5706d04b0665: 542 arrays, 24.6 MB stored; 13.3 s; peak memory 3163 MiB.
2026-10-08T20:22:07Z INFO [742/1000] 11ee716f-4be4-49af-86aa-b2af23f4b880: 38 arrays, 176.9 MB stored; 8.9 s; peak memory 3163 MiB.
2026-10-08T20:22:08Z INFO [743/1000] 11eeb954-97ef-4902-8409-24989dae959e: 66 arrays, 18.1 MB stored; 2.4 s; peak memory 3163 MiB.
2026-10-08T20:22:08Z INFO [744/1000] 11eed946-5b46-47cf-ba65-3a7627f85771: 48 arrays, 83.9 MB stored; 1.6 s; peak memory 3163 MiB.
2026-10-08T20:22:10Z INFO [745/1000] 11eede50-a27b-4d8b-8ce5-192981258f33: 79 arrays, 2.2 MB stored; 1.9 s; peak memory 3163 MiB.
2026-10-08T20:22:11Z INFO [746/1000] 11efd6e6-1b59-44a5-96c7-843e97ee5566: 48 arrays, 83.9 MB stored; 1.8 s; peak memory 3163 MiB.
2026-10-08T20:22:13Z INFO [747/1000] 11e6ec10-f8e9-44ff-a57d-8367e15c30f1: 55 arrays, 1728.4 MB stored; 56.4 s; peak memory 3163 MiB.
2026-10-08T20:22:16Z INFO [748/1000] 11ef175c-fa12-4497-96f3-ee3327e8457c: 538 arrays, 7.5 MB stored; 7.4 s; peak memory 3164 MiB.
2026-10-08T20:22:16Z INFO [749/1000] 11f0be72-b5cb-4dec-872b-ce453ffee39a: 69 arrays, 63.9 MB stored; 2.7 s; peak memory 3164 MiB.
2026-10-08T20:22:18Z INFO [750/1000] 11f13958-33f0-4b53-bd26-4c61196c0f08: 48 arrays, 83.9 MB stored; 1.6 s; peak memory 3164 MiB.
2026-10-08T20:22:19Z INFO [751/1000] 11f15691-529b-47ea-8a78-fab6a9fbadcf: 48 arrays, 83.9 MB stored; 1.8 s; peak memory 3164 MiB.
2026-10-08T20:22:20Z INFO [752/1000] 11f034f2-2814-46a6-bd7e-93d4f7f21cb2: 898 arrays, 9.3 MB stored; 8.3 s; peak memory 3165 MiB.
2026-10-08T20:22:22Z INFO [753/1000] 11ee8d3a-b164-4c17-84e2-4a761ba5ec68: 979 arrays, 27.6 MB stored; 21.4 s; peak memory 3166 MiB.
2026-10-08T20:22:22Z INFO [754/1000] 11f159f6-071a-45ca-b405-92f6f8f71eb0: 119 arrays, 66.4 MB stored; 2.9 s; peak memory 3166 MiB.
2026-10-08T20:22:23Z INFO [755/1000] 11f1abaa-045c-48cb-b29f-d6c5245300e3: 56 arrays, 0.0 MB stored; 1.5 s; peak memory 3166 MiB.
2026-10-08T20:22:25Z INFO [756/1000] 11f1ef7b-7afa-4f9d-bb5c-e1957d40bfa1: 71 arrays, 69.0 MB stored; 2.8 s; peak memory 3166 MiB.
2026-10-08T20:22:26Z INFO [757/1000] 11f38460-9996-4927-9d91-51bb506c70f0: 54 arrays, 0.0 MB stored; 1.3 s; peak memory 3166 MiB.
2026-10-08T20:22:28Z INFO [758/1000] 11f3aa48-0f69-4c87-8615-0a7de52cdcbc: 117 arrays, 0.2 MB stored; 1.8 s; peak memory 3166 MiB.
2026-10-08T20:22:30Z INFO [759/1000] 11b09c0e-3617-4328-8494-b0ab06d1ae4c: 167 arrays, 21107.4 MB stored; 196.5 s; peak memory 3166 MiB.
2026-10-08T20:22:30Z INFO [760/1000] 11f3b531-ef2c-44da-b6a7-3e8f83221ba9: 118 arrays, 0.4 MB stored; 1.9 s; peak memory 3167 MiB.
2026-10-08T20:22:32Z INFO [761/1000] 11f3d9e6-0619-4f3b-aff1-b10435cbcb57: 48 arrays, 83.9 MB stored; 1.9 s; peak memory 3167 MiB.
2026-10-08T20:22:34Z INFO [762/1000] 11f3e0d0-4edd-4a8e-bf53-b9bd5b8391e4: 118 arrays, 0.5 MB stored; 1.9 s; peak memory 3167 MiB.
2026-10-08T20:22:37Z INFO [763/1000] 11f362a8-1f2b-4779-b383-e6affd3aa9c9: 719 arrays, 23.9 MB stored; 13.8 s; peak memory 3168 MiB.
2026-10-08T20:22:37Z INFO [764/1000] 11f190c2-b7a3-4b16-be3d-c32a47d90673: 588 arrays, 629.5 MB stored; 17.4 s; peak memory 3168 MiB.
2026-10-08T20:22:39Z INFO [765/1000] 11f4873a-bb94-445b-9a6d-6952171482d6: 46 arrays, 0.0 MB stored; 1.4 s; peak memory 3168 MiB.
2026-10-08T20:22:39Z INFO [766/1000] 11f433b5-17cf-452d-a67b-24403bec05e5: 112 arrays, 0.8 MB stored; 2.3 s; peak memory 3168 MiB.
2026-10-08T20:22:40Z INFO [767/1000] 11f48ffd-e66f-4b33-a346-286638ecb6cc: 46 arrays, 0.1 MB stored; 1.4 s; peak memory 3168 MiB.
2026-10-08T20:22:42Z INFO [768/1000] 11f50bf2-a51f-4077-a2f5-96c3cc535607: 62 arrays, 3880.8 MB stored; 2.5 s; peak memory 3168 MiB.
2026-10-08T20:22:42Z INFO [769/1000] 11f50bfe-d3db-4a63-820d-6af2e3a7f028: 52 arrays, 13.2 MB stored; 1.7 s; peak memory 3168 MiB.
2026-10-08T20:22:44Z INFO [770/1000] 11f65b60-01f0-48f8-805e-9f0cd1b0c9d8: 113 arrays, 0.3 MB stored; 2.1 s; peak memory 3169 MiB.
2026-10-08T20:22:44Z INFO [771/1000] 11f421ee-a92c-4da0-8e03-1cb125033c4a: 1005 arrays, 21.5 MB stored; 10.1 s; peak memory 3169 MiB.
2026-10-08T20:22:46Z INFO [772/1000] 11f6f243-f5ad-46a0-a944-20f7ff6df797: 117 arrays, 0.3 MB stored; 1.8 s; peak memory 3170 MiB.
2026-10-08T20:22:46Z INFO [773/1000] 11f68282-640e-49b6-a27f-a6858de2cd2b: 66 arrays, 21.3 MB stored; 2.1 s; peak memory 3170 MiB.
2026-10-08T20:22:48Z INFO [774/1000] 11f78e28-8e50-4682-b6bd-511ba2e5f672: 48 arrays, 83.9 MB stored; 1.7 s; peak memory 3170 MiB.
2026-10-08T20:22:50Z INFO [775/1000] 11f7c8cc-7223-4c4c-9708-971dd32bd90f: 112 arrays, 0.7 MB stored; 2.2 s; peak memory 3170 MiB.
2026-10-08T20:22:52Z INFO [776/1000] 11f7f6d6-0b2c-4d85-8fe5-957089c5b91b: 71 arrays, 42.9 MB stored; 2.4 s; peak memory 3170 MiB.
2026-10-08T20:22:57Z INFO [777/1000] 11f54520-a35e-421a-9a5f-b8cfbaf1bdf0: 818 arrays, 71.2 MB stored; 15.7 s; peak memory 3170 MiB.
2026-10-08T20:23:02Z INFO [778/1000] 11f8c177-b44f-4874-a526-a891b14de36a: 224 arrays, 31.8 MB stored; 5.0 s; peak memory 3171 MiB.
2026-10-08T20:23:03Z INFO [779/1000] 11f8700e-f585-415e-b3ca-b13cc1620ef6: 1175 arrays, 28.0 MB stored; 11.3 s; peak memory 3172 MiB.
2026-10-08T20:23:06Z INFO [780/1000] 11f8e857-0ef2-4e1a-8ad7-182068bb629e: 113 arrays, 0.3 MB stored; 2.0 s; peak memory 3172 MiB.
2026-10-08T20:23:16Z INFO [781/1000] 11f3c185-10a8-4808-a89d-3ae50cd4507e: 426 arrays, 278.1 MB stored; 46.2 s; peak memory 3173 MiB.
2026-10-08T20:23:18Z INFO [782/1000] 11f92f3a-ac9f-4022-bbe2-ef0f21bb8dff: 52 arrays, 13.0 MB stored; 1.9 s; peak memory 3173 MiB.
2026-10-08T20:23:21Z INFO [783/1000] 11f93b27-0367-4344-8e71-5f0e82074d1a: 94 arrays, 80.2 MB stored; 3.2 s; peak memory 3173 MiB.
2026-10-08T20:23:23Z INFO [784/1000] 11f99a2c-f06a-4f15-bb9d-8db12c6c86be: 48 arrays, 83.9 MB stored; 1.7 s; peak memory 3173 MiB.
2026-10-08T20:23:25Z INFO [785/1000] 11f9dd2a-e1e2-4938-8d6d-242df1390e93: 118 arrays, 0.4 MB stored; 2.0 s; peak memory 3173 MiB.
2026-10-08T20:23:45Z INFO [786/1000] 11f90025-e8bd-40da-82b4-16fb0eecc8ca: 1279 arrays, 2836.5 MB stored; 39.8 s; peak memory 3174 MiB.
2026-10-08T20:23:49Z INFO [787/1000] 11faa9a8-b478-4d7c-858c-47fb5f11f161: 96 arrays, 34.3 MB stored; 3.8 s; peak memory 3174 MiB.
2026-10-08T20:24:00Z INFO [788/1000] 11a3cc94-3295-4d2a-a5f9-de9adcd4a5be: 436 arrays, 39479.4 MB stored; 357.5 s; peak memory 3174 MiB.
2026-10-08T20:24:02Z INFO [789/1000] 11fb8235-157f-4239-9fc2-7620978a61c5: 118 arrays, 0.5 MB stored; 1.9 s; peak memory 3174 MiB.
2026-10-08T20:24:04Z INFO [790/1000] 11fb97ad-fb19-4b0d-ba27-817a46de01d9: 48 arrays, 83.9 MB stored; 1.7 s; peak memory 3174 MiB.
2026-10-08T20:24:06Z INFO [791/1000] 11f7b47e-bb42-42bf-b138-b8f58d5c7840: 5157 arrays, 459.8 MB stored; 79.7 s; peak memory 3181 MiB.
2026-10-08T20:24:06Z INFO [792/1000] 11fbc4d1-a204-4f06-af01-9b20905404f5: 64 arrays, 5.6 MB stored; 2.5 s; peak memory 3181 MiB.
2026-10-08T20:24:11Z INFO [793/1000] 11fb5c01-9fa3-4c15-9da9-fb554b6a3e13: 1060 arrays, 25.4 MB stored; 21.8 s; peak memory 3182 MiB.
2026-10-08T20:24:12Z INFO [794/1000] 11fcb818-bca0-44e1-a074-76e02b5c332b: 37 arrays, 0.0 MB stored; 1.3 s; peak memory 3182 MiB.
2026-10-08T20:24:15Z INFO [795/1000] 11fc6a93-d244-4752-b8bf-b5fb6873d8c6: 827 arrays, 26.0 MB stored; 8.9 s; peak memory 3183 MiB.
2026-10-08T20:24:17Z INFO [796/1000] 11feaeef-3944-402a-add1-519a7056c4b4: 46 arrays, 0.0 MB stored; 1.4 s; peak memory 3183 MiB.
2026-10-08T20:24:18Z INFO [797/1000] 11ff0d56-e359-4ca0-8562-788c921538f4: 57 arrays, 0.0 MB stored; 1.4 s; peak memory 3183 MiB.
2026-10-08T20:24:19Z INFO [798/1000] 11f8cc2e-afac-4dac-b575-567471c8ba15: 2374 arrays, 1930.8 MB stored; 76.2 s; peak memory 3185 MiB.
2026-10-08T20:24:19Z INFO [799/1000] 11fc6920-b435-4628-9446-35754187f33d: 979 arrays, 39.6 MB stored; 13.3 s; peak memory 3186 MiB.
2026-10-08T20:24:20Z INFO [800/1000] 11ffb9ce-d6fe-4d85-a7fb-bb599e6dda48: 45 arrays, 0.0 MB stored; 1.5 s; peak memory 3186 MiB.
2026-10-08T20:24:27Z INFO [800/1000] 11ffb9ce-d6fe-4d85-a7fb-bb599e6dda48: checkpointed 12000 new records.
2026-10-08T20:24:27Z INFO [801/1000] 11ff90f8-fca8-4a47-9d01-671086fa0474: 91 arrays, 28.8 MB stored; 3.2 s; peak memory 3195 MiB.
2026-10-08T20:24:27Z INFO [802/1000] 1200b15a-028a-4414-943e-b32aeaf31200: 110 arrays, 0.4 MB stored; 1.9 s; peak memory 3195 MiB.
2026-10-08T20:24:27Z INFO [803/1000] 1200e0e3-e430-4006-a469-53f1fde9c00d: 117 arrays, 0.4 MB stored; 1.9 s; peak memory 3195 MiB.
2026-10-08T20:24:27Z INFO [804/1000] 11fda530-e803-474c-8d48-2a0e0bbef3ad: 336 arrays, 44.0 MB stored; 11.0 s; peak memory 3195 MiB.
2026-10-08T20:24:27Z INFO [805/1000] 1200f110-f397-46d2-a2e0-f6ae84674653: 48 arrays, 83.9 MB stored; 1.7 s; peak memory 3195 MiB.
2026-10-08T20:24:27Z INFO [806/1000] 1201b39a-a8ae-4032-89ab-eb8c5402f42f: 109 arrays, 2.2 MB stored; 2.3 s; peak memory 3195 MiB.
2026-10-08T20:24:29Z INFO [807/1000] 12002ebd-c3c0-4c7d-9a77-db590f4795d9: 1016 arrays, 11.2 MB stored; 10.1 s; peak memory 3195 MiB.
2026-10-08T20:24:31Z INFO [808/1000] 12035adc-54f9-4e3b-8131-2ffb6b0cf7c3: 48 arrays, 83.9 MB stored; 1.6 s; peak memory 3195 MiB.
2026-10-08T20:24:32Z INFO [809/1000] 12041904-7898-4d75-9c4d-85f160d81e51: 48 arrays, 83.9 MB stored; 1.6 s; peak memory 3195 MiB.
2026-10-08T20:24:34Z INFO [810/1000] 12041b2a-269d-412b-8df8-c68c79604681: 117 arrays, 0.2 MB stored; 1.8 s; peak memory 3195 MiB.
2026-10-08T20:24:40Z INFO [811/1000] 12015104-8ec2-4418-872e-51ed11095dec: 268 arrays, 736.3 MB stored; 16.7 s; peak memory 3195 MiB.
2026-10-08T20:24:42Z INFO [812/1000] 1204d1ee-a127-49be-a909-fcb6aa41dca1: 229 arrays, 399.7 MB stored; 7.5 s; peak memory 3195 MiB.
2026-10-08T20:24:42Z INFO [813/1000] 120501f7-0a80-40d5-9487-8fc31f595fdd: 48 arrays, 83.9 MB stored; 1.6 s; peak memory 3195 MiB.
2026-10-08T20:24:43Z INFO [814/1000] 1205f767-eecb-4afd-a374-028c5fd7c6f4: 48 arrays, 83.9 MB stored; 1.7 s; peak memory 3195 MiB.
2026-10-08T20:24:44Z INFO [815/1000] 1205bbd8-888a-4c32-b63e-4a1268ff95b7: 85 arrays, 195.5 MB stored; 2.1 s; peak memory 3195 MiB.
2026-10-08T20:24:45Z INFO [816/1000] 12060631-d404-43ea-a54e-32d7e47a4470: 46 arrays, 0.1 MB stored; 1.4 s; peak memory 3195 MiB.
2026-10-08T20:24:46Z INFO [817/1000] 1206f64c-3d08-4916-8039-ce5e121555d4: 48 arrays, 83.9 MB stored; 1.9 s; peak memory 3195 MiB.
2026-10-08T20:24:47Z INFO [818/1000] 1207133e-4742-4ffc-8ca7-d0838a3f0962: 115 arrays, 0.6 MB stored; 2.2 s; peak memory 3195 MiB.
2026-10-08T20:24:48Z INFO [819/1000] 1207d242-1053-4ab1-a6ce-bc501f7e9120: 47 arrays, 70.7 MB stored; 2.3 s; peak memory 3195 MiB.
2026-10-08T20:24:53Z INFO [820/1000] 1208df2d-6d5b-4037-b56f-0d6f6b2f9d60: 417 arrays, 5.4 MB stored; 5.3 s; peak memory 3195 MiB.
2026-10-08T20:24:56Z INFO [821/1000] 1208eb1e-8106-4d13-b157-b834ad6b1d53: 70 arrays, 45.6 MB stored; 2.9 s; peak memory 3195 MiB.
2026-10-08T20:24:58Z INFO [822/1000] 120985be-528f-42e1-826e-41171074b940: 48 arrays, 83.9 MB stored; 1.8 s; peak memory 3195 MiB.
2026-10-08T20:25:10Z INFO [823/1000] 12019d91-2b45-45da-89cb-f345f018722d: 52 arrays, 1798.4 MB stored; 46.5 s; peak memory 3195 MiB.
2026-10-08T20:25:12Z INFO [824/1000] 120a2703-8221-4418-889f-be0adf7495cf: 116 arrays, 9.7 MB stored; 1.7 s; peak memory 3195 MiB.
2026-10-08T20:25:18Z INFO [825/1000] 1209f31a-acda-4ee9-9d9b-4eb861acf8f4: 267 arrays, 751.9 MB stored; 19.9 s; peak memory 3195 MiB.
2026-10-08T20:25:20Z INFO [826/1000] 120a6996-db51-4ade-aba8-5087c0e6d68f: 70 arrays, 18.6 MB stored; 2.4 s; peak memory 3195 MiB.
2026-10-08T20:25:22Z INFO [827/1000] 120a7bcc-d844-4224-84b6-8e6ddf67442e: 48 arrays, 83.9 MB stored; 1.9 s; peak memory 3195 MiB.
2026-10-08T20:25:26Z INFO [828/1000] 12083fc0-2f15-4e57-8565-02c0f4cd662d: 5426 arrays, 117.6 MB stored; 38.9 s; peak memory 3195 MiB.
2026-10-08T20:25:27Z INFO [829/1000] 120aeeca-3322-4569-b04d-864adbe35bc1: 48 arrays, 83.9 MB stored; 1.7 s; peak memory 3195 MiB.
2026-10-08T20:25:28Z INFO [830/1000] 120abe6d-b4d4-44a6-b8af-bfa70bb337f0: 223 arrays, 242.6 MB stored; 5.9 s; peak memory 3195 MiB.
2026-10-08T20:25:29Z INFO [831/1000] 120b836e-9afb-492b-9d44-974f89656b11: 36 arrays, 5.2 MB stored; 1.6 s; peak memory 3195 MiB.
2026-10-08T20:25:29Z INFO [832/1000] 120b3e34-b185-4a48-ae86-cddf1fa345be: 66 arrays, 19.1 MB stored; 2.2 s; peak memory 3195 MiB.
2026-10-08T20:25:30Z INFO [833/1000] 120a27e8-f074-41fd-80be-513db971a0dc: 1282 arrays, 28.3 MB stored; 18.2 s; peak memory 3196 MiB.
2026-10-08T20:25:32Z INFO [834/1000] 120ba70a-3acf-4ecd-9cfa-6b6151e49e78: 112 arrays, 0.5 MB stored; 2.1 s; peak memory 3197 MiB.
2026-10-08T20:25:32Z INFO [835/1000] 120c1ef9-093e-4646-82fb-850abc4ae2bc: 70 arrays, 13.7 MB stored; 2.1 s; peak memory 3197 MiB.
2026-10-08T20:25:32Z INFO [836/1000] 120cf3a1-e1e5-43dc-b7a3-d57da2b96eb3: 118 arrays, 0.3 MB stored; 1.9 s; peak memory 3197 MiB.
2026-10-08T20:25:34Z INFO [837/1000] 120d715a-41d7-4026-91d2-2cb01ad98ac3: 52 arrays, 21.6 MB stored; 2.1 s; peak memory 3197 MiB.
2026-10-08T20:25:34Z INFO [838/1000] 120cfe8d-7ec2-4254-9b50-5de0f599a89c: 410 arrays, 1.7 MB stored; 2.3 s; peak memory 3197 MiB.
2026-10-08T20:25:36Z INFO [839/1000] 120dd847-87da-4ca8-97c5-b91969f12fae: 48 arrays, 83.9 MB stored; 1.8 s; peak memory 3197 MiB.
2026-10-08T20:25:36Z INFO [840/1000] 120d912a-4407-4399-9c9e-7554f1ce6f36: 112 arrays, 0.5 MB stored; 2.1 s; peak memory 3197 MiB.
2026-10-08T20:25:36Z INFO [841/1000] 120cfb9e-71fc-445f-b4fe-d7e32399f4db: 84 arrays, 415.0 MB stored; 4.5 s; peak memory 3197 MiB.
2026-10-08T20:25:36Z WARNING 10d5cebb-c6c5-45e9-9832-8127e2d639bf: failed while reading the NWB file (TimeoutError: exceeded 1200 s)
2026-10-08T20:25:36Z WARNING [842/1000] 10d5cebb-c6c5-45e9-9832-8127e2d639bf: recorded the failure; a later run retries it.
2026-10-08T20:25:38Z INFO [843/1000] 120df354-e893-4d32-91e6-5d6abfb784a3: 48 arrays, 83.9 MB stored; 1.9 s; peak memory 3198 MiB.
2026-10-08T20:25:38Z INFO [844/1000] 120ebed4-3e28-4baf-b000-b58f5cfcc8b2: 50 arrays, 1.7 MB stored; 1.6 s; peak memory 3198 MiB.
2026-10-08T20:25:38Z INFO [845/1000] 120f147a-ce99-41da-9dc0-05d67c6517f0: 46 arrays, 12.6 MB stored; 1.7 s; peak memory 3198 MiB.
2026-10-08T20:25:39Z INFO [846/1000] 120e44a1-5706-46e9-ab6e-f1a6fe7cc24c: 69 arrays, 2.6 MB stored; 2.6 s; peak memory 3198 MiB.
2026-10-08T20:25:40Z INFO [847/1000] 120f542e-9dbf-4e31-9021-e6c7460f38ff: 116 arrays, 9.8 MB stored; 2.1 s; peak memory 3198 MiB.
2026-10-08T20:25:40Z INFO [848/1000] 120f78da-7bc0-40f9-8019-c90e4995bcb3: 116 arrays, 0.3 MB stored; 2.1 s; peak memory 3198 MiB.
2026-10-08T20:25:40Z INFO [849/1000] 12101f91-5658-4f2b-90fa-82943835d730: 230 arrays, 1.0 MB stored; 2.0 s; peak memory 3198 MiB.
2026-10-08T20:25:41Z INFO [850/1000] 12103d53-aba2-49a7-ae4a-bebacb0e4749: 117 arrays, 0.3 MB stored; 2.0 s; peak memory 3198 MiB.
2026-10-08T20:25:42Z INFO [851/1000] 12104fb0-30ad-4895-a671-a98a84169ea7: 112 arrays, 0.3 MB stored; 1.9 s; peak memory 3199 MiB.
2026-10-08T20:25:42Z INFO [852/1000] 1210901e-6eb5-4e2e-9434-40ac1d15afc5: 112 arrays, 0.5 MB stored; 2.2 s; peak memory 3199 MiB.
2026-10-08T20:25:42Z INFO [853/1000] 12111f9c-54e0-4794-a151-4016e61b1a38: 48 arrays, 83.9 MB stored; 1.6 s; peak memory 3199 MiB.
2026-10-08T20:25:43Z INFO [854/1000] 1210a0bb-3534-4d5f-94c7-b4905a1eedc0: 88 arrays, 14292.1 MB stored; 3.2 s; peak memory 3199 MiB.
2026-10-08T20:25:44Z INFO [855/1000] 121240ed-5fa0-4d82-9b45-6bb61296c1b6: 112 arrays, 0.8 MB stored; 2.3 s; peak memory 3199 MiB.
2026-10-08T20:25:45Z INFO [856/1000] 12118745-95b5-4634-800c-56a068ad650d: 112 arrays, 1.5 MB stored; 2.9 s; peak memory 3199 MiB.
2026-10-08T20:25:45Z INFO [857/1000] 1212a13c-cd5a-4d7a-895d-5926e5f7d5d3: 50 arrays, 4065.9 MB stored; 1.9 s; peak memory 3199 MiB.
2026-10-08T20:25:46Z INFO [858/1000] 12134ed9-8cb8-4b9b-840f-f31d01b93aaf: 52 arrays, 10.9 MB stored; 1.8 s; peak memory 3199 MiB.
2026-10-08T20:25:49Z INFO [859/1000] 121350f7-2f15-4894-b070-3bfbb20f3cd3: 118 arrays, 67.2 MB stored; 3.6 s; peak memory 3199 MiB.
2026-10-08T20:25:50Z INFO [860/1000] 11f0da7b-a05b-4508-9540-6eb793b9777f: 58 arrays, 170594.8 MB stored; 214.7 s; peak memory 3199 MiB.
2026-10-08T20:25:51Z INFO [861/1000] 121474ca-37f6-4cf8-829c-df005b2b438b: 157 arrays, 242.5 MB stored; 4.2 s; peak memory 3199 MiB.
2026-10-08T20:25:52Z INFO [862/1000] 1215143d-de87-4b46-b417-0e0bac375456: 48 arrays, 83.9 MB stored; 1.7 s; peak memory 3199 MiB.
2026-10-08T20:25:58Z INFO [863/1000] 1212b804-9350-470b-a18e-dbd8cd944a09: 1257 arrays, 23.1 MB stored; 13.7 s; peak memory 3201 MiB.
2026-10-08T20:25:58Z INFO [864/1000] 1214ea50-17e8-4b1e-9381-8c7440e9e048: 303 arrays, 42.2 MB stored; 9.4 s; peak memory 3201 MiB.
2026-10-08T20:26:00Z INFO [865/1000] 1215d3f1-4998-4119-a1c8-3e2bc03ca793: 525 arrays, 31.9 MB stored; 9.6 s; peak memory 3202 MiB.
2026-10-08T20:26:02Z INFO [866/1000] 121720c9-e282-4112-bb5e-b4af4895da0a: 116 arrays, 0.4 MB stored; 1.8 s; peak memory 3202 MiB.
2026-10-08T20:26:02Z INFO [867/1000] 121643b9-965a-48cb-b1cc-a781615665dc: 334 arrays, 3.1 MB stored; 4.1 s; peak memory 3202 MiB.
2026-10-08T20:26:03Z INFO [868/1000] 1217343c-f3cb-40c9-933c-eacd21fb8af3: 48 arrays, 83.9 MB stored; 1.6 s; peak memory 3202 MiB.
2026-10-08T20:26:04Z INFO [869/1000] 12174aa1-75f8-4865-b70a-23d7ed7f583c: 74 arrays, 4.4 MB stored; 1.9 s; peak memory 3202 MiB.
2026-10-08T20:26:05Z INFO [870/1000] 1217db55-6c2b-4a4c-b3c8-ebac212d1f82: 117 arrays, 0.3 MB stored; 1.7 s; peak memory 3202 MiB.
2026-10-08T20:26:06Z INFO [871/1000] 12182a2f-baf6-419c-b923-1e767705f6f8: 67 arrays, 31.0 MB stored; 2.1 s; peak memory 3202 MiB.
2026-10-08T20:26:07Z INFO [872/1000] 12183924-2f33-492d-8687-27f8ecb8f0c8: 46 arrays, 12.6 MB stored; 1.7 s; peak memory 3202 MiB.
2026-10-08T20:26:08Z INFO [873/1000] 1218feb1-8c3f-423e-8418-befb2bc85738: 46 arrays, 12.6 MB stored; 1.7 s; peak memory 3202 MiB.
2026-10-08T20:26:09Z INFO [874/1000] 121919fb-ef79-4996-87b7-c5a9c6e82952: 112 arrays, 0.4 MB stored; 1.9 s; peak memory 3203 MiB.
2026-10-08T20:26:10Z INFO [875/1000] 12193918-6f0b-4a87-aebb-b5f1e0b13fec: 117 arrays, 0.4 MB stored; 1.9 s; peak memory 3203 MiB.
2026-10-08T20:26:11Z INFO [876/1000] 121a1419-772f-407b-931e-1f6fdcc2d56b: 101 arrays, 14.7 MB stored; 2.4 s; peak memory 3203 MiB.
2026-10-08T20:26:11Z INFO [877/1000] 121aa54f-7a26-4e7a-855f-e209fac313cb: 43 arrays, 11.8 MB stored; 1.7 s; peak memory 3203 MiB.
2026-10-08T20:26:13Z INFO [878/1000] 121ad2be-6ddc-48e5-850d-76d4ddb02744: 48 arrays, 83.9 MB stored; 1.5 s; peak memory 3203 MiB.
2026-10-08T20:26:14Z INFO [879/1000] 121b56b5-3d0d-49bb-9297-bd9d6ae249b5: 233 arrays, 17.2 MB stored; 2.3 s; peak memory 3203 MiB.
2026-10-08T20:26:14Z INFO [880/1000] 121b9342-fa95-4e19-8af4-9b427f1757b7: 117 arrays, 0.5 MB stored; 1.8 s; peak memory 3203 MiB.
2026-10-08T20:26:15Z INFO [881/1000] 121bb165-37c1-4782-8a00-6916071cb2a5: 117 arrays, 0.3 MB stored; 1.7 s; peak memory 3203 MiB.
2026-10-08T20:26:17Z INFO [882/1000] 121c346c-e1ed-4bc9-a021-1b243412f0d8: 112 arrays, 1.2 MB stored; 2.5 s; peak memory 3203 MiB.
2026-10-08T20:26:18Z INFO [883/1000] 121da5c1-1e62-4edc-8ee1-7d32ddeab1db: 44 arrays, 0.0 MB stored; 1.3 s; peak memory 3204 MiB.
2026-10-08T20:26:19Z INFO [884/1000] 1211c671-5cf5-43fb-8549-9bfb62b68cfb: 48 arrays, 45969.7 MB stored; 37.4 s; peak memory 3204 MiB.
2026-10-08T20:26:20Z INFO [885/1000] 121dcef4-e731-44db-859f-8f961bc107ed: 48 arrays, 83.9 MB stored; 1.7 s; peak memory 3204 MiB.
2026-10-08T20:26:21Z INFO [886/1000] 121dfcbe-390b-4e0b-ae3e-10b7e3cd1239: 112 arrays, 0.5 MB stored; 2.0 s; peak memory 3204 MiB.
2026-10-08T20:26:22Z INFO [887/1000] 121e02db-0fdc-461e-bccc-5d1a6c0d445e: 101 arrays, 21.5 MB stored; 2.5 s; peak memory 3204 MiB.
2026-10-08T20:26:23Z INFO [888/1000] 121e2cbb-5de4-464d-8f20-7c85137059e8: 85 arrays, 1.3 MB stored; 1.7 s; peak memory 3204 MiB.
2026-10-08T20:26:25Z INFO [889/1000] 121e460e-cec9-4d3a-af21-a6365bfad79d: 49 arrays, 1.3 MB stored; 2.1 s; peak memory 3204 MiB.
2026-10-08T20:26:25Z INFO [890/1000] 121e8fe4-a633-422b-8a9f-c9116648c46c: 48 arrays, 83.9 MB stored; 1.6 s; peak memory 3204 MiB.
2026-10-08T20:26:26Z INFO [891/1000] 12162ac1-f520-4f48-b460-016d3fa7d114: 48 arrays, 39754.8 MB stored; 34.1 s; peak memory 3204 MiB.
2026-10-08T20:26:26Z INFO [892/1000] 121ef46f-6008-41a2-acd0-a9eebf55a271: 38 arrays, 0.5 MB stored; 1.5 s; peak memory 3204 MiB.
2026-10-08T20:26:26Z INFO [893/1000] 121f035b-8e03-4ec3-8432-9e265cb5f36d: 48 arrays, 83.9 MB stored; 1.6 s; peak memory 3204 MiB.
2026-10-08T20:26:30Z INFO [894/1000] 121f2566-6460-45de-ac8b-6fba0d873a1a: 119 arrays, 67.4 MB stored; 3.7 s; peak memory 3204 MiB.
2026-10-08T20:26:32Z INFO [895/1000] 121f9501-a685-4bcd-b79f-8fed888ff03f: 59 arrays, 123.8 MB stored; 1.9 s; peak memory 3204 MiB.
2026-10-08T20:26:32Z INFO [896/1000] 121f5974-fe5e-4ed1-a1e1-9f6f447f9448: 467 arrays, 5.5 MB stored; 6.0 s; peak memory 3205 MiB.
2026-10-08T20:26:33Z INFO [897/1000] 121fcbec-44a6-4e6b-b6c5-347da2cf2c45: 56 arrays, 0.0 MB stored; 1.3 s; peak memory 3205 MiB.
2026-10-08T20:26:34Z INFO [898/1000] 121ff89c-63ae-40b3-915f-6978e45abd07: 48 arrays, 83.9 MB stored; 1.7 s; peak memory 3205 MiB.
2026-10-08T20:26:35Z INFO [899/1000] 12201348-d45a-4678-a7db-40da18fdcaf2: 112 arrays, 0.8 MB stored; 2.5 s; peak memory 3205 MiB.
2026-10-08T20:26:37Z INFO [900/1000] 122015e2-1ed5-45a0-9b90-33a9d6654a05: 112 arrays, 0.8 MB stored; 2.4 s; peak memory 3205 MiB.
2026-10-08T20:26:37Z INFO [901/1000] 122019fc-ef8d-4e3c-a7ff-2495211b0e15: 48 arrays, 83.9 MB stored; 1.5 s; peak memory 3205 MiB.
2026-10-08T20:26:38Z INFO [902/1000] 122065a4-498f-463e-ae38-8451c165316e: 117 arrays, 0.3 MB stored; 1.7 s; peak memory 3205 MiB.
2026-10-08T20:26:38Z INFO [903/1000] 1221263b-f8a8-4935-801a-1c1130ce4b4e: 46 arrays, 0.2 MB stored; 1.5 s; peak memory 3205 MiB.
2026-10-08T20:26:40Z INFO [904/1000] 12217298-7949-4663-80ad-f7a271122e73: 117 arrays, 0.3 MB stored; 2.0 s; peak memory 3206 MiB.
2026-10-08T20:26:41Z INFO [905/1000] 1216b8bb-5b2d-463f-8814-dd441be25ae3: 5975 arrays, 114.2 MB stored; 43.2 s; peak memory 3212 MiB.
2026-10-08T20:26:43Z INFO [906/1000] 12231469-3eea-4ebc-85fe-dcd922cfe67d: 71 arrays, 5.2 MB stored; 2.4 s; peak memory 3212 MiB.
2026-10-08T20:26:43Z INFO [907/1000] 1223d42e-0e81-4385-9a52-8074b59b7caf: 48 arrays, 83.9 MB stored; 1.7 s; peak memory 3212 MiB.
2026-10-08T20:26:43Z INFO [908/1000] 121f537b-2391-4335-aca1-42136475a638: 1095 arrays, 49.5 MB stored; 17.4 s; peak memory 3213 MiB.
2026-10-08T20:26:45Z INFO [909/1000] 122581ae-b395-4316-8ca3-dc46d2362514: 37 arrays, 0.0 MB stored; 1.4 s; peak memory 3213 MiB.
2026-10-08T20:26:45Z INFO [910/1000] 1225a220-011e-4835-8d3d-bf90747bf43e: 60 arrays, 0.8 MB stored; 2.0 s; peak memory 3213 MiB.
2026-10-08T20:26:46Z INFO [911/1000] 1225c307-def8-41a1-ad6c-910d9cc3e376: 118 arrays, 0.3 MB stored; 1.9 s; peak memory 3213 MiB.
2026-10-08T20:26:48Z INFO [912/1000] 122607e7-75b1-4a4f-9d62-5232feea57c4: 66 arrays, 93.7 MB stored; 2.1 s; peak memory 3213 MiB.
2026-10-08T20:26:48Z INFO [913/1000] 1224106b-06f6-4a29-970e-78714c1e01c1: 178 arrays, 217.5 MB stored; 4.9 s; peak memory 3214 MiB.
2026-10-08T20:26:49Z INFO [914/1000] 1226946d-2167-4dd4-9909-1fcadf8c1465: 48 arrays, 83.9 MB stored; 1.8 s; peak memory 3214 MiB.
2026-10-08T20:26:51Z INFO [915/1000] 1227d65c-a3c4-4e0c-94ba-d7dc2eccc981: 48 arrays, 251.7 MB stored; 1.7 s; peak memory 3214 MiB.
2026-10-08T20:26:53Z INFO [916/1000] 122634f0-e7bd-4221-aa4f-399d342b6eb2: 208 arrays, 58.1 MB stored; 6.9 s; peak memory 3214 MiB.
2026-10-08T20:26:54Z INFO [917/1000] 12283c9b-6149-4981-8010-38c63e41ac25: 138 arrays, 4.8 MB stored; 3.4 s; peak memory 3214 MiB.
2026-10-08T20:26:56Z INFO [918/1000] 1228c416-6ba4-4a1d-af59-6973ed089126: 48 arrays, 83.9 MB stored; 1.7 s; peak memory 3214 MiB.
2026-10-08T20:26:57Z INFO [919/1000] 12213733-f2a4-4f96-b27e-16a657582eaf: 295 arrays, 100.0 MB stored; 18.4 s; peak memory 3214 MiB.
2026-10-08T20:26:58Z INFO [920/1000] 1228dc38-0dff-4856-b197-9f9771154139: 56 arrays, 0.0 MB stored; 1.4 s; peak memory 3214 MiB.
2026-10-08T20:27:03Z INFO [921/1000] 1228415a-1cd2-44e2-ad59-8c87f3ef0445: 229 arrays, 255.2 MB stored; 9.6 s; peak memory 3215 MiB.
2026-10-08T20:27:03Z INFO [922/1000] 12291183-811e-4512-93b8-f8cd24e52ff0: 117 arrays, 0.4 MB stored; 6.2 s; peak memory 3215 MiB.
2026-10-08T20:27:03Z INFO [923/1000] 12298b03-60ee-4bc9-8703-4a48c964c449: 58 arrays, 1615.8 MB stored; 5.3 s; peak memory 3215 MiB.
2026-10-08T20:27:05Z INFO [924/1000] 122a8b47-8ffe-40b4-a4cf-30077e92be86: 117 arrays, 0.2 MB stored; 1.9 s; peak memory 3215 MiB.
2026-10-08T20:27:05Z INFO [925/1000] 122ad4d8-647b-49d9-992b-0f55c9e0f1fe: 112 arrays, 0.6 MB stored; 2.3 s; peak memory 3215 MiB.
2026-10-08T20:27:06Z INFO [926/1000] 122b0452-717a-481b-8e02-9989e598a4a4: 78 arrays, 285.3 MB stored; 2.8 s; peak memory 3215 MiB.
2026-10-08T20:27:07Z INFO [927/1000] 122bcd31-2025-4cc0-8893-ea9ffac15000: 117 arrays, 0.4 MB stored; 1.8 s; peak memory 3215 MiB.
2026-10-08T20:27:07Z INFO [928/1000] 122bfbb8-fb66-4bc9-a841-8b929799157d: 83 arrays, 0.1 MB stored; 1.6 s; peak memory 3215 MiB.
2026-10-08T20:27:07Z INFO [929/1000] 122d7796-6bf3-41fd-9588-a0ab9173878e: 117 arrays, 0.3 MB stored; 1.8 s; peak memory 3215 MiB.
2026-10-08T20:27:09Z INFO [930/1000] 122e9d9f-8201-498e-ae1b-ad67df4c2a88: 45 arrays, 0.0 MB stored; 1.3 s; peak memory 3215 MiB.
2026-10-08T20:27:10Z INFO [931/1000] 122f3d58-d0cd-45ce-a706-2aeee35fb44e: 45 arrays, 0.0 MB stored; 1.3 s; peak memory 3215 MiB.
2026-10-08T20:27:10Z INFO [932/1000] 122d9b95-433b-433f-af03-f0ed5a8ffb3a: 114 arrays, 186.9 MB stored; 3.7 s; peak memory 3216 MiB.
2026-10-08T20:27:11Z INFO [933/1000] 122f48e9-d34c-4a02-9a6f-9f6211fb696d: 46 arrays, 0.0 MB stored; 1.3 s; peak memory 3216 MiB.
2026-10-08T20:27:13Z INFO [934/1000] 122f9538-8877-4679-b22d-40ae8953d4ae: 111 arrays, 4.7 MB stored; 3.0 s; peak memory 3216 MiB.
2026-10-08T20:27:14Z INFO [935/1000] 122ff931-aad6-4114-a496-3c99f2f199eb: 64 arrays, 33.4 MB stored; 2.3 s; peak memory 3216 MiB.
2026-10-08T20:27:15Z INFO [936/1000] 1230428f-78b1-453a-842a-800fa972af18: 62 arrays, 4509.1 MB stored; 2.2 s; peak memory 3216 MiB.
2026-10-08T20:27:17Z INFO [937/1000] 12305f60-5d53-45fc-a84a-bc1de12ccfa5: 115 arrays, 190.1 MB stored; 3.4 s; peak memory 3216 MiB.
2026-10-08T20:27:17Z INFO [938/1000] 12309178-a161-4588-a2db-2f823eea3318: 48 arrays, 83.9 MB stored; 1.7 s; peak memory 3216 MiB.
2026-10-08T20:27:18Z INFO [939/1000] 122ded53-02cb-4754-9410-ce06319c5015: 11485 arrays, 572.3 MB stored; 11.0 s; peak memory 3228 MiB.
2026-10-08T20:27:19Z INFO [940/1000] 1230d2ec-c89c-4eb1-a4c9-ea7e944e325d: 48 arrays, 83.9 MB stored; 1.7 s; peak memory 3228 MiB.
2026-10-08T20:27:19Z INFO [941/1000] 1232e661-8518-4acd-a2ac-b8e2bb7d5c9a: 48 arrays, 83.9 MB stored; 1.6 s; peak memory 3228 MiB.
2026-10-08T20:27:20Z INFO [942/1000] 123237a3-0fc9-4279-a233-0d43afcf7d8f: 86 arrays, 334.4 MB stored; 2.7 s; peak memory 3228 MiB.
2026-10-08T20:27:21Z INFO [943/1000] 1232f915-dfcc-44dc-9dba-01b0aad35a76: 116 arrays, 0.5 MB stored; 1.9 s; peak memory 3228 MiB.
2026-10-08T20:27:22Z INFO [944/1000] 1233a047-9995-4dc9-a165-ffc3ad78e76a: 110 arrays, 1.0 MB stored; 2.4 s; peak memory 3228 MiB.
2026-10-08T20:27:22Z INFO [945/1000] 12341f9f-a878-4193-9a48-3d77a6e181c1: 48 arrays, 83.9 MB stored; 1.5 s; peak memory 3228 MiB.
2026-10-08T20:27:26Z INFO [946/1000] 1234795a-8904-4acd-8294-ee6b35823257: 156 arrays, 193.6 MB stored; 4.3 s; peak memory 3229 MiB.
2026-10-08T20:27:30Z INFO [947/1000] 1201f6d8-bf2c-475a-925a-873255f55c41: 449 arrays, 23771.3 MB stored; 183.5 s; peak memory 3229 MiB.
2026-10-08T20:27:30Z INFO [948/1000] 12360145-b7d8-495a-82a8-7ece2a9431f4: 38 arrays, 3350.5 MB stored; 4.0 s; peak memory 3229 MiB.
2026-10-08T20:27:31Z INFO [949/1000] 12364d6d-1440-4acb-b8c4-589689039451: 117 arrays, 0.3 MB stored; 1.9 s; peak memory 3229 MiB.
2026-10-08T20:27:32Z INFO [950/1000] 1236eb43-41b6-4d57-a955-45ed70f49e85: 116 arrays, 0.6 MB stored; 2.0 s; peak memory 3229 MiB.
2026-10-08T20:27:33Z INFO [951/1000] 1236f925-ff1e-40f6-9446-94707d7a52b3: 48 arrays, 83.9 MB stored; 1.6 s; peak memory 3229 MiB.
2026-10-08T20:27:33Z INFO [952/1000] 1235ec9c-5b62-41fb-8947-7aa7c5e963ac: 1459 arrays, 25.7 MB stored; 10.9 s; peak memory 3231 MiB.
2026-10-08T20:27:34Z INFO [953/1000] 1237a22e-1c54-4ca0-b960-d114b1ffa75a: 48 arrays, 83.9 MB stored; 1.7 s; peak memory 3231 MiB.
2026-10-08T20:27:34Z INFO [954/1000] 12385aab-7078-459b-beeb-aeb8bff303be: 49 arrays, 0.0 MB stored; 1.3 s; peak memory 3231 MiB.
2026-10-08T20:27:36Z INFO [955/1000] 12382fc7-378d-447f-abfc-61cd294d16f3: 71 arrays, 65.4 MB stored; 2.6 s; peak memory 3231 MiB.
2026-10-08T20:27:36Z INFO [956/1000] 1239df50-c2bc-4c9e-a7e2-8fceb823b63b: 63 arrays, 4.0 MB stored; 1.6 s; peak memory 3231 MiB.
2026-10-08T20:27:36Z INFO [957/1000] 12388f91-3998-4586-a805-74ceedbddb58: 66 arrays, 78.4 MB stored; 2.2 s; peak memory 3231 MiB.
2026-10-08T20:27:37Z INFO [958/1000] 123a2644-802c-47b0-a907-593b71112a20: 118 arrays, 0.2 MB stored; 1.8 s; peak memory 3231 MiB.
2026-10-08T20:27:38Z INFO [959/1000] 123a6d68-d47d-426d-a706-a6b7d5e2cab4: 116 arrays, 0.3 MB stored; 2.0 s; peak memory 3231 MiB.
2026-10-08T20:27:38Z INFO [960/1000] 123ca2c4-e542-46ae-a15e-4288a816cb36: 48 arrays, 83.9 MB stored; 1.7 s; peak memory 3231 MiB.
2026-10-08T20:27:39Z INFO [961/1000] 123d2c8c-1d9d-4a5d-8e3d-f5d80ef68ef1: 48 arrays, 83.9 MB stored; 1.6 s; peak memory 3231 MiB.
2026-10-08T20:27:40Z INFO [962/1000] 123f20fc-65a3-4584-a3e1-01a3701e901d: 48 arrays, 83.9 MB stored; 1.7 s; peak memory 3232 MiB.
2026-10-08T20:27:41Z INFO [963/1000] 123f412d-5508-4584-9b81-c3d8488d8f46: 116 arrays, 0.4 MB stored; 2.0 s; peak memory 3232 MiB.
2026-10-08T20:27:41Z INFO [964/1000] 123f54d7-adf3-4042-ae27-1292699871eb: 48 arrays, 83.9 MB stored; 1.5 s; peak memory 3232 MiB.
2026-10-08T20:27:43Z INFO [965/1000] 123f56ec-b4fe-4de0-8566-83c11253e560: 117 arrays, 0.3 MB stored; 1.7 s; peak memory 3232 MiB.
2026-10-08T20:27:44Z INFO [966/1000] 123f60a1-b332-442e-850f-5206d3a77867: 121 arrays, 0.1 MB stored; 1.5 s; peak memory 3232 MiB.
2026-10-08T20:27:44Z INFO [967/1000] 123f5d84-f373-47fd-ae74-59beb113954b: 71 arrays, 159.7 MB stored; 3.1 s; peak memory 3232 MiB.
2026-10-08T20:27:46Z INFO [968/1000] 123f847c-95d9-445a-b82b-792060d0e6db: 48 arrays, 83.9 MB stored; 1.7 s; peak memory 3232 MiB.
2026-10-08T20:27:46Z INFO [969/1000] 123f7c0c-5789-475b-846b-ada8cc415fce: 112 arrays, 0.5 MB stored; 2.1 s; peak memory 3232 MiB.
2026-10-08T20:27:48Z INFO [970/1000] 123fe3fe-d402-4d5d-b993-a11c2a6b60df: 49 arrays, 1.2 MB stored; 1.7 s; peak memory 3232 MiB.
2026-10-08T20:27:48Z INFO [971/1000] 1240195e-3812-4145-90b7-ee169150b96b: 48 arrays, 83.9 MB stored; 1.6 s; peak memory 3232 MiB.
2026-10-08T20:27:50Z INFO [972/1000] 12402105-b7a5-4fb7-9104-39eec9c02ce2: 69 arrays, 0.0 MB stored; 1.9 s; peak memory 3232 MiB.
2026-10-08T20:27:52Z INFO [973/1000] 1240e4bd-e175-46ff-beac-ecb12a32ec8a: 261 arrays, 17.2 MB stored; 2.1 s; peak memory 3232 MiB.
2026-10-08T20:27:57Z INFO [974/1000] 123e8e3a-0480-451a-86fd-8d9e0fd00e0f: 5355 arrays, 46.3 MB stored; 18.9 s; peak memory 3240 MiB.
2026-10-08T20:27:59Z INFO [975/1000] 12414a9e-e429-480c-9f03-411adc1deda5: 71 arrays, 4.0 MB stored; 2.3 s; peak memory 3240 MiB.
2026-10-08T20:28:01Z INFO [976/1000] 124046f3-de4c-4282-beb8-1debfcd5d0f5: 1227 arrays, 42.2 MB stored; 13.5 s; peak memory 3241 MiB.
2026-10-08T20:28:02Z INFO [977/1000] 1241486c-137c-4086-b89b-1150c6224489: 9079 arrays, 353.3 MB stored; 9.7 s; peak memory 3251 MiB.
2026-10-08T20:28:03Z INFO [978/1000] 1241959b-4eb8-424d-9da0-ebf7b5736ec4: 52 arrays, 0.0 MB stored; 1.5 s; peak memory 3251 MiB.
2026-10-08T20:28:04Z INFO [979/1000] 12420852-30b3-4107-8211-cb7b61555f3f: 112 arrays, 0.4 MB stored; 2.0 s; peak memory 3251 MiB.
2026-10-08T20:28:04Z INFO [980/1000] 1242178f-2342-4812-a8a3-5f4a5bc0aca2: 48 arrays, 83.9 MB stored; 1.6 s; peak memory 3251 MiB.
2026-10-08T20:28:06Z INFO [981/1000] 1242627f-7b68-4415-b21b-3bb9bfc1d644: 110 arrays, 0.5 MB stored; 2.0 s; peak memory 3251 MiB.
2026-10-08T20:28:07Z INFO [982/1000] 12415cf0-7e0d-4ae5-a3d5-1b426f865e59: 229 arrays, 953.2 MB stored; 7.8 s; peak memory 3252 MiB.
2026-10-08T20:28:13Z INFO [983/1000] 12443364-73c5-47d5-82f4-ef976f5cfe12: 229 arrays, 239.7 MB stored; 6.1 s; peak memory 3252 MiB.
2026-10-08T20:28:13Z INFO [984/1000] 12331c6c-1773-4743-93cc-f47318d928f6: 2401 arrays, 3817.4 MB stored; 53.9 s; peak memory 3254 MiB.
2026-10-08T20:28:15Z INFO [985/1000] 12444a8a-8501-4563-bffe-78ac8a5153b8: 48 arrays, 83.9 MB stored; 1.5 s; peak memory 3254 MiB.
2026-10-08T20:28:15Z INFO [986/1000] 1245d248-2ced-4d1a-8649-8e0870f55faa: 112 arrays, 0.7 MB stored; 2.1 s; peak memory 3254 MiB.
2026-10-08T20:28:16Z INFO [987/1000] 124600a8-44fb-4c9f-b577-cf4d14ef8dc2: 113 arrays, 0.5 MB stored; 1.8 s; peak memory 3254 MiB.
2026-10-08T20:28:18Z INFO [988/1000] 12468de5-44f4-4be9-909f-c5292358f30e: 52 arrays, 9.6 MB stored; 1.7 s; peak memory 3254 MiB.
2026-10-08T20:28:20Z INFO [989/1000] 12460bfd-07cc-46f5-8f59-519307d612bd: 156 arrays, 193.4 MB stored; 4.2 s; peak memory 3254 MiB.
2026-10-08T20:28:20Z INFO [990/1000] 1242ac71-6197-4f94-a6c6-3e3caa3f9c98: 331 arrays, 1489.9 MB stored; 15.5 s; peak memory 3255 MiB.
2026-10-08T20:28:21Z INFO [991/1000] 12479079-5204-4b18-b8a4-cf6d1d7a9a8e: 45 arrays, 7.4 MB stored; 1.8 s; peak memory 3255 MiB.
2026-10-08T20:28:22Z INFO [992/1000] 1247fc1a-ad02-4e7c-ad3f-c7a4014c49b9: 71 arrays, 5.0 MB stored; 2.2 s; peak memory 3255 MiB.
2026-10-08T20:28:25Z INFO [993/1000] 1246b106-5983-43d7-bb1c-f0689b74a404: 1262 arrays, 7.0 MB stored; 6.4 s; peak memory 3256 MiB.
2026-10-08T20:28:26Z INFO [994/1000] 1248607a-40e7-4606-8ba7-9d02bdf7d83a: 419 arrays, 3.9 MB stored; 5.1 s; peak memory 3256 MiB.
2026-10-08T20:28:32Z INFO [995/1000] 12487afb-41cc-4dc5-b355-450987bdeda9: 896 arrays, 15.7 MB stored; 10.2 s; peak memory 3257 MiB.
2026-10-08T20:28:52Z INFO [996/1000] 121c3ebd-055c-481b-9ecd-26d5392483fc: 55 arrays, 8067.5 MB stored; 156.7 s; peak memory 3257 MiB.
2026-10-08T20:29:13Z INFO [997/1000] 11fa1cef-8d88-4bc9-99b1-0eeb320e588b: 283 arrays, 39453.5 MB stored; 347.6 s; peak memory 3258 MiB.
2026-10-08T20:29:51Z INFO [998/1000] 122694f6-2581-4218-9f00-963af2fe1551: 167 arrays, 21296.1 MB stored; 183.3 s; peak memory 3258 MiB.
2026-10-08T20:31:06Z INFO [999/1000] 1243f7b5-aa1c-42c4-a2ab-57f55ab98148: 260 arrays, 19756.2 MB stored; 180.1 s; peak memory 3258 MiB.
2026-10-08T20:32:48Z INFO [1000/1000] 119f7145-5048-4b14-9f00-bc4970972297: 156 arrays, 136952.9 MB stored; 908.2 s; peak memory 3258 MiB.
2026-10-08T20:32:54Z INFO [1000/1000] 119f7145-5048-4b14-9f00-bc4970972297: checkpointed 12200 new records.
2026-10-08T20:33:00Z INFO Wrote 12200 records to /tmp/derivatives/valid_nwb_file_to_array_sizes.jsonl (999 new, 1 failed) in 27.6 min (peak memory 3267 MiB).
