2026-10-09T21:58:32Z INFO Logging to /tmp/logs/update_2026-10-09T21-58-32Z.log.
2026-10-09T21:58:32Z INFO Update valid-nwb-file-to-array-sizes (base directory /tmp).
2026-10-09T21:59:03Z INFO Processing 1000 items (54200 already recorded).
2026-10-09T21:59:05Z INFO [1/1000] 511ce2b0-7f0e-4a88-9584-29522f76f925: 48 arrays, 83.9 MB stored; 2.5 s; peak memory 164 MiB.
2026-10-09T21:59:06Z INFO [2/1000] 511e2ad7-ca6f-44da-b256-08367c61161c: 48 arrays, 83.9 MB stored; 2.6 s; peak memory 164 MiB.
2026-10-09T21:59:06Z INFO [3/1000] 511cd654-b809-4189-b58e-9d5af50755a8: 70 arrays, 3.8 MB stored; 2.8 s; peak memory 164 MiB.
2026-10-09T21:59:06Z INFO [4/1000] 511d3fc1-eef6-4a13-8926-40828e950cc2: 71 arrays, 4.7 MB stored; 3.1 s; peak memory 164 MiB.
2026-10-09T21:59:06Z INFO [5/1000] 511ddc29-789b-4b61-a79c-7d79c7a5203b: 38 arrays, 20.2 MB stored; 3.5 s; peak memory 164 MiB.
2026-10-09T21:59:06Z INFO [6/1000] 511cf37d-45f4-497b-aa64-253d0b7c141b: 68 arrays, 110.7 MB stored; 3.5 s; peak memory 164 MiB.
2026-10-09T21:59:08Z INFO [7/1000] 511e91df-b621-4334-99e1-2f793a18face: 115 arrays, 0.5 MB stored; 2.2 s; peak memory 164 MiB.
2026-10-09T21:59:08Z INFO [8/1000] 511f120b-be9a-446c-93ac-51635c460e5b: 116 arrays, 0.4 MB stored; 2.1 s; peak memory 164 MiB.
2026-10-09T21:59:08Z INFO [9/1000] 511f47b0-cdb3-4d0d-9b6f-22537889f83a: 57 arrays, 0.0 MB stored; 1.5 s; peak memory 164 MiB.
2026-10-09T21:59:09Z INFO [10/1000] 511fdcdc-4803-4921-a628-bb920a5d7412: 53 arrays, 9.5 MB stored; 3.0 s; peak memory 164 MiB.
2026-10-09T21:59:10Z INFO [11/1000] 511f401d-c43e-4a69-a7fd-6b0f7c95842f: 1183 arrays, 9.2 MB stored; 3.7 s; peak memory 164 MiB.
2026-10-09T21:59:10Z INFO [12/1000] 5120e3a2-d035-463f-be07-6aeca085bb71: 84 arrays, 0.1 MB stored; 1.9 s; peak memory 164 MiB.
2026-10-09T21:59:10Z INFO [13/1000] 5121b35b-93b8-4b4d-b4bc-88deaa411a38: 117 arrays, 0.4 MB stored; 2.2 s; peak memory 164 MiB.
2026-10-09T21:59:12Z INFO [14/1000] 5122a2f9-ea9c-474e-9a09-02987f2f1747: 52 arrays, 14.1 MB stored; 1.9 s; peak memory 164 MiB.
2026-10-09T21:59:12Z INFO [15/1000] 51229e52-ff22-4ec5-9d47-299b15ae077f: 52 arrays, 625.9 MB stored; 2.2 s; peak memory 164 MiB.
2026-10-09T21:59:12Z INFO [16/1000] 512007c4-3f10-40a5-aae0-2ceb4e65b46c: 154 arrays, 245.2 MB stored; 4.2 s; peak memory 164 MiB.
2026-10-09T21:59:12Z INFO [17/1000] 51228d79-490b-49c3-8c50-2149c78727c3: 112 arrays, 0.6 MB stored; 2.5 s; peak memory 164 MiB.
2026-10-09T21:59:14Z INFO [18/1000] 51238c74-3c93-499b-8904-93b9dd9e9180: 48 arrays, 83.9 MB stored; 2.0 s; peak memory 164 MiB.
2026-10-09T21:59:14Z INFO [19/1000] 511e4372-a369-4458-8ace-2e829d0c37fb: 193 arrays, 561.7 MB stored; 8.7 s; peak memory 164 MiB.
2026-10-09T21:59:14Z INFO [20/1000] 511d485e-b761-4344-b817-d943aa4b81d7: 959 arrays, 21.5 MB stored; 11.3 s; peak memory 164 MiB.
2026-10-09T21:59:15Z INFO [21/1000] 512354db-cff3-4c16-811c-d0c4cfb89355: 69 arrays, 2.0 MB stored; 2.9 s; peak memory 164 MiB.
2026-10-09T21:59:16Z INFO [22/1000] 51235d6b-df8b-485b-bca2-b9379db7d009: 148 arrays, 299.8 MB stored; 3.8 s; peak memory 164 MiB.
2026-10-09T21:59:16Z INFO [23/1000] 5123f309-cccc-4115-aca9-2df6e829b645: 68 arrays, 0.1 MB stored; 2.2 s; peak memory 164 MiB.
2026-10-09T21:59:16Z INFO [24/1000] 51242d59-0354-48bf-af3e-ae6bb31e451f: 112 arrays, 0.4 MB stored; 2.3 s; peak memory 164 MiB.
2026-10-09T21:59:17Z INFO [25/1000] 51255569-2b7a-4e0d-bf77-80ec39893c99: 112 arrays, 0.4 MB stored; 2.3 s; peak memory 164 MiB.
2026-10-09T21:59:17Z INFO [26/1000] 5123b885-88e8-467e-bd62-8063d146fd6c: 156 arrays, 193.5 MB stored; 5.0 s; peak memory 164 MiB.
2026-10-09T21:59:18Z INFO [27/1000] 51245cb8-b5e0-491c-a4bb-5ea1146367c2: 51 arrays, 637.8 MB stored; 3.3 s; peak memory 164 MiB.
2026-10-09T21:59:18Z INFO [28/1000] 511e3036-f80b-4c1e-86a0-47cbcc5bc36f: 1203 arrays, 40.3 MB stored; 14.9 s; peak memory 164 MiB.
2026-10-09T21:59:18Z INFO [29/1000] 5125f0d2-565e-498e-9c6f-2736c9627f6e: 48 arrays, 83.9 MB stored; 1.9 s; peak memory 164 MiB.
2026-10-09T21:59:18Z INFO [30/1000] 5125b776-694f-4a6e-b641-0b136b0ad5c0: 101 arrays, 3.6 MB stored; 2.5 s; peak memory 164 MiB.
2026-10-09T21:59:18Z INFO [31/1000] 5126828e-e2be-4e59-94ad-efc18bab7d40: 48 arrays, 83.9 MB stored; 1.7 s; peak memory 164 MiB.
2026-10-09T21:59:19Z INFO [32/1000] 512709c9-82b2-4e8a-9b27-7679a55517f1: 48 arrays, 83.9 MB stored; 1.9 s; peak memory 164 MiB.
2026-10-09T21:59:19Z INFO [33/1000] 51266312-6798-4910-a09f-6b5d6ac851da: 110 arrays, 0.8 MB stored; 2.6 s; peak memory 164 MiB.
2026-10-09T21:59:20Z INFO [34/1000] 512721ce-eb4d-42bf-b9b1-51748cdf3fbf: 117 arrays, 0.3 MB stored; 2.2 s; peak memory 164 MiB.
2026-10-09T21:59:20Z INFO [35/1000] 5127dcc8-e846-480a-a83a-5c05647d2be3: 117 arrays, 0.3 MB stored; 2.0 s; peak memory 164 MiB.
2026-10-09T21:59:20Z INFO [36/1000] 51285aed-590d-4f5e-835c-9eb297e4c997: 48 arrays, 83.9 MB stored; 2.0 s; peak memory 164 MiB.
2026-10-09T21:59:20Z INFO [37/1000] 5128abe0-9cd6-4a4a-947e-e3b0196e196f: 118 arrays, 0.3 MB stored; 2.2 s; peak memory 164 MiB.
2026-10-09T21:59:21Z INFO [38/1000] 512a8c5f-d9d0-4883-930f-a91fe15ea1dc: 117 arrays, 0.3 MB stored; 2.0 s; peak memory 164 MiB.
2026-10-09T21:59:21Z INFO [39/1000] 5129ebe6-1c83-4ea9-8538-c593d6d8b847: 62 arrays, 4779.3 MB stored; 2.3 s; peak memory 164 MiB.
2026-10-09T21:59:22Z INFO [40/1000] 512c109e-923c-4c20-ac84-9f760965dda8: 51 arrays, 0.0 MB stored; 1.7 s; peak memory 164 MiB.
2026-10-09T21:59:22Z INFO [41/1000] 512b8fe4-ef2c-47ad-bf22-99c026392aae: 138 arrays, 0.4 MB stored; 1.9 s; peak memory 164 MiB.
2026-10-09T21:59:22Z INFO [42/1000] 512bfca4-479e-43f2-b07b-694711693e12: 63 arrays, 0.1 MB stored; 2.0 s; peak memory 164 MiB.
2026-10-09T21:59:22Z INFO [43/1000] 512c4100-3783-42ce-b393-46249e8699e4: 122 arrays, 0.2 MB stored; 1.9 s; peak memory 164 MiB.
2026-10-09T21:59:22Z INFO [44/1000] 512c668f-855f-457c-a88e-ee190cf45a51: 46 arrays, 0.0 MB stored; 1.5 s; peak memory 164 MiB.
2026-10-09T21:59:23Z INFO [45/1000] 512c7876-f78e-49e5-8dbe-7ff6d69160fb: 46 arrays, 0.4 MB stored; 1.9 s; peak memory 164 MiB.
2026-10-09T21:59:24Z INFO [46/1000] 512d8f29-94b5-4480-9e4b-b46762668bef: 119 arrays, 0.1 MB stored; 1.7 s; peak memory 164 MiB.
2026-10-09T21:59:24Z INFO [47/1000] 512c85d2-1430-4bac-9cd3-d7ef2fe87bcd: 48 arrays, 83.9 MB stored; 2.0 s; peak memory 164 MiB.
2026-10-09T21:59:24Z INFO [48/1000] 512e2eca-a9ae-4764-ae57-0fd83066fc2e: 46 arrays, 0.1 MB stored; 1.6 s; peak memory 164 MiB.
2026-10-09T21:59:24Z INFO [49/1000] 512dcfa8-9b64-4a07-a85d-56838effd019: 48 arrays, 83.9 MB stored; 1.9 s; peak memory 164 MiB.
2026-10-09T21:59:24Z INFO [50/1000] 512ecc69-b982-47e5-99f2-5910647368c8: 45 arrays, 0.0 MB stored; 1.6 s; peak memory 164 MiB.
2026-10-09T21:59:25Z INFO [51/1000] 512c7886-88dc-46d4-bca7-c79de4cc4d2a: 101 arrays, 14.0 MB stored; 3.1 s; peak memory 164 MiB.
2026-10-09T21:59:26Z INFO [52/1000] 512f472f-6c3b-4271-b15f-af12af1300b8: 48 arrays, 83.9 MB stored; 2.1 s; peak memory 164 MiB.
2026-10-09T21:59:26Z INFO [53/1000] 512f859f-f87e-40de-b0a5-03a1c341c342: 112 arrays, 0.4 MB stored; 2.3 s; peak memory 164 MiB.
2026-10-09T21:59:26Z INFO [54/1000] 5130d9cf-f843-4167-80a8-183e6930b3af: 48 arrays, 83.9 MB stored; 1.8 s; peak memory 164 MiB.
2026-10-09T21:59:26Z INFO [55/1000] 51305752-3c5f-4ceb-b480-d25d1cee545a: 49 arrays, 16.5 MB stored; 1.9 s; peak memory 164 MiB.
2026-10-09T21:59:27Z INFO [56/1000] 5130e199-bf8c-49e3-9bac-41b61f395070: 77 arrays, 0.0 MB stored; 2.2 s; peak memory 164 MiB.
2026-10-09T21:59:28Z INFO [57/1000] 5131010c-3d2c-4d7b-a383-8b68734fc66c: 48 arrays, 83.9 MB stored; 1.9 s; peak memory 164 MiB.
2026-10-09T21:59:28Z INFO [58/1000] 51311deb-866b-47c2-b5e4-8d9086800bcc: 48 arrays, 83.9 MB stored; 2.0 s; peak memory 164 MiB.
2026-10-09T21:59:28Z INFO [59/1000] 51310e54-61e1-4e83-a7cf-a8eb9f405613: 39 arrays, 10.1 MB stored; 2.0 s; peak memory 164 MiB.
2026-10-09T21:59:29Z INFO [60/1000] 5131dd94-e52f-4139-8740-03fc9518c992: 62 arrays, 4589.0 MB stored; 2.0 s; peak memory 164 MiB.
2026-10-09T21:59:29Z INFO [61/1000] 5130e2f6-d7a4-4bf2-b328-8adeb3004bc8: 119 arrays, 66.5 MB stored; 3.5 s; peak memory 164 MiB.
2026-10-09T21:59:29Z INFO [62/1000] 5132129f-43a6-4527-8b25-29a91cf629a3: 46 arrays, 0.1 MB stored; 1.6 s; peak memory 164 MiB.
2026-10-09T21:59:30Z INFO [63/1000] 512af651-c2ca-4881-94fa-77d70bb6149b: 1607 arrays, 23.7 MB stored; 11.2 s; peak memory 164 MiB.
2026-10-09T21:59:30Z INFO [64/1000] 5132d946-53d4-4676-a9fc-0f82fa7ef277: 112 arrays, 0.3 MB stored; 2.2 s; peak memory 164 MiB.
2026-10-09T21:59:30Z INFO [65/1000] 5132c5ae-2b06-4081-afc3-29e483f47a9b: 110 arrays, 0.4 MB stored; 2.4 s; peak memory 164 MiB.
2026-10-09T21:59:31Z INFO [66/1000] 513337ac-2196-4eb7-8e38-9d087497649f: 118 arrays, 0.3 MB stored; 2.0 s; peak memory 164 MiB.
2026-10-09T21:59:31Z INFO [67/1000] 51340eda-ce5f-4f1a-acfe-f12d19e200f1: 48 arrays, 83.9 MB stored; 1.9 s; peak memory 164 MiB.
2026-10-09T21:59:32Z INFO [68/1000] 51343b5f-5f1b-4ed9-b35c-ffdc7fafd55b: 117 arrays, 0.3 MB stored; 2.1 s; peak memory 164 MiB.
2026-10-09T21:59:32Z INFO [69/1000] 5134736a-39a9-4c66-8136-9b620361840e: 117 arrays, 0.3 MB stored; 2.2 s; peak memory 164 MiB.
2026-10-09T21:59:33Z INFO [70/1000] 5137a1c6-266b-4fe5-9416-df29fea8ba00: 37 arrays, 0.0 MB stored; 1.6 s; peak memory 164 MiB.
2026-10-09T21:59:33Z INFO [71/1000] 51383af9-fcf6-40ba-8aae-25adc69e45f7: 46 arrays, 12.6 MB stored; 2.0 s; peak memory 164 MiB.
2026-10-09T21:59:35Z INFO [72/1000] 51374887-e16b-4b3e-a987-68e0a896c7d1: 123 arrays, 5.3 MB stored; 3.8 s; peak memory 164 MiB.
2026-10-09T21:59:35Z INFO [73/1000] 51388b7d-969c-43d2-978b-21ff8b496d3d: 133 arrays, 48837.2 MB stored; 2.7 s; peak memory 164 MiB.
2026-10-09T21:59:35Z INFO [74/1000] 513921c5-b2e6-4b96-9560-9e1cc7339541: 52 arrays, 14.0 MB stored; 1.9 s; peak memory 164 MiB.
2026-10-09T21:59:37Z INFO [75/1000] 513a65f9-34fa-48ac-83a3-384824e2221b: 118 arrays, 0.3 MB stored; 2.0 s; peak memory 164 MiB.
2026-10-09T21:59:38Z INFO [76/1000] 513a954d-1f48-429a-bf00-a3438e9b578e: 97 arrays, 2.9 MB stored; 2.1 s; peak memory 164 MiB.
2026-10-09T21:59:38Z INFO [77/1000] 513ac13b-e7fe-4b5f-b1c6-92599186d671: 112 arrays, 0.1 MB stored; 1.7 s; peak memory 164 MiB.
2026-10-09T21:59:39Z INFO [78/1000] 513ade33-d5c5-408d-b232-2ce72ca2b428: 48 arrays, 83.9 MB stored; 1.6 s; peak memory 164 MiB.
2026-10-09T21:59:43Z INFO [79/1000] 513b6df0-1941-44d2-8f89-36bb6e8dd84c: 156 arrays, 193.4 MB stored; 4.1 s; peak memory 164 MiB.
2026-10-09T21:59:44Z INFO [80/1000] 513bd53e-4a34-46a3-b040-1c5e21da1350: 53 arrays, 133.7 MB stored; 4.3 s; peak memory 164 MiB.
2026-10-09T21:59:46Z INFO [81/1000] 5135f035-31b3-40f7-ae7b-ccfd0d976770: 98 arrays, 108.5 MB stored; 15.5 s; peak memory 164 MiB.
2026-10-09T21:59:46Z INFO [82/1000] 513be939-7ef4-4471-9042-3c3f95cbc7bf: 115 arrays, 186.7 MB stored; 3.4 s; peak memory 164 MiB.
2026-10-09T21:59:46Z INFO [83/1000] 513bf368-bf16-42db-b453-e11bc56c0bfe: 45 arrays, 637.0 MB stored; 2.6 s; peak memory 164 MiB.
2026-10-09T21:59:47Z INFO [84/1000] 513c407e-16df-47bd-ba01-bde8567b9f02: 56 arrays, 2.6 MB stored; 1.7 s; peak memory 164 MiB.
2026-10-09T21:59:48Z INFO [85/1000] 513e78ba-ab0f-4950-bbf5-755a27438156: 38 arrays, 0.5 MB stored; 1.8 s; peak memory 164 MiB.
2026-10-09T21:59:48Z INFO [86/1000] 513d5fd5-860b-40e5-a27d-c0856bb14d07: 61 arrays, 17.1 MB stored; 2.1 s; peak memory 164 MiB.
2026-10-09T21:59:50Z INFO [87/1000] 513e80ee-0fd8-44cb-b753-b24de94a0248: 52 arrays, 14.8 MB stored; 2.0 s; peak memory 164 MiB.
2026-10-09T21:59:50Z INFO [88/1000] 513eaed5-314c-4c8f-99fd-09fda4c32d84: 118 arrays, 0.3 MB stored; 1.9 s; peak memory 164 MiB.
2026-10-09T21:59:50Z INFO [89/1000] 513e7b91-a16b-4de2-96e7-43ad31a7ddc5: 101 arrays, 13.8 MB stored; 2.6 s; peak memory 164 MiB.
2026-10-09T21:59:52Z INFO [90/1000] 513f4403-fc25-41e1-8fe8-14dad496be4f: 48 arrays, 83.9 MB stored; 1.9 s; peak memory 164 MiB.
2026-10-09T21:59:52Z INFO [91/1000] 513f50d0-c6ea-4d99-b118-2b26b58fac14: 114 arrays, 0.1 MB stored; 2.0 s; peak memory 164 MiB.
2026-10-09T21:59:53Z INFO [92/1000] 51390b38-ea0e-42b9-931d-b6831e2bca53: 363 arrays, 1763.8 MB stored; 20.1 s; peak memory 164 MiB.
2026-10-09T21:59:54Z INFO [93/1000] 513f7d94-7729-45d9-bb1d-835c745747cd: 48 arrays, 83.9 MB stored; 1.8 s; peak memory 164 MiB.
2026-10-09T21:59:54Z INFO [94/1000] 513fe80c-b445-42c0-b580-525ce23c0435: 48 arrays, 83.9 MB stored; 1.7 s; peak memory 164 MiB.
2026-10-09T21:59:54Z INFO [95/1000] 513f6332-1453-4147-abb5-43eaaa38d2fc: 114 arrays, 186.9 MB stored; 3.7 s; peak memory 164 MiB.
2026-10-09T21:59:55Z INFO [96/1000] 51406429-cd30-43b1-bff3-19b49a2081cd: 48 arrays, 83.9 MB stored; 1.9 s; peak memory 164 MiB.
2026-10-09T21:59:56Z INFO [97/1000] 5140d7fd-5185-4c12-b545-8c87b2e53063: 62 arrays, 4636.1 MB stored; 2.3 s; peak memory 164 MiB.
2026-10-09T21:59:56Z INFO [98/1000] 51410808-96ec-4e08-a4d1-1c538e3da356: 70 arrays, 39.2 MB stored; 2.3 s; peak memory 164 MiB.
2026-10-09T21:59:58Z INFO [99/1000] 514219a6-9b7e-408e-a1f8-ddee0f0e6dba: 48 arrays, 83.9 MB stored; 1.8 s; peak memory 164 MiB.
2026-10-09T21:59:58Z INFO [100/1000] 51372846-9487-495a-b70a-b1164f676e50: 48 arrays, 37828.6 MB stored; 27.6 s; peak memory 164 MiB.
2026-10-09T21:59:58Z INFO [101/1000] 5141ff0a-641d-40cb-bb2e-1db3ad973218: 110 arrays, 0.4 MB stored; 2.2 s; peak memory 164 MiB.
2026-10-09T22:00:00Z INFO [102/1000] 5141c34f-1766-42f7-b762-d4e8b40e4e70: 156 arrays, 193.5 MB stored; 4.5 s; peak memory 164 MiB.
2026-10-09T22:00:00Z INFO [103/1000] 5142870d-39c5-4dc8-b93a-dbca20d0bcec: 112 arrays, 0.5 MB stored; 2.3 s; peak memory 164 MiB.
2026-10-09T22:00:00Z INFO [104/1000] 51430e9c-3c05-44d9-bd3d-1070f5fae233: 116 arrays, 0.2 MB stored; 2.2 s; peak memory 164 MiB.
2026-10-09T22:00:02Z INFO [105/1000] 5143a960-0609-4cfa-b09c-fd3fe8b7b71e: 58 arrays, 0.0 MB stored; 1.6 s; peak memory 164 MiB.
2026-10-09T22:00:03Z INFO [106/1000] 51446aa0-3e14-4881-a3b0-a7a0d14685c2: 112 arrays, 0.5 MB stored; 2.3 s; peak memory 164 MiB.
2026-10-09T22:00:03Z INFO [107/1000] 51436b99-41e4-4416-bdd2-9bd8a63101cc: 38 arrays, 25.0 MB stored; 3.3 s; peak memory 164 MiB.
2026-10-09T22:00:04Z INFO [108/1000] 5144bb8b-2e26-4104-aa42-276f1baf66f5: 117 arrays, 0.3 MB stored; 1.8 s; peak memory 164 MiB.
2026-10-09T22:00:05Z INFO [109/1000] 5144e822-2b88-4396-bf64-86f03b061cf1: 48 arrays, 83.9 MB stored; 1.7 s; peak memory 164 MiB.
2026-10-09T22:00:06Z INFO [110/1000] 51456890-528a-401a-bea1-d443a1e6afb5: 57 arrays, 0.0 MB stored; 1.5 s; peak memory 164 MiB.
2026-10-09T22:00:06Z INFO [111/1000] 5145152c-3e45-415e-9a0a-50e8250b924e: 48 arrays, 83.9 MB stored; 2.0 s; peak memory 164 MiB.
2026-10-09T22:00:08Z INFO [112/1000] 51400f2a-ecb8-434a-9fd4-b9adbc8b9e1d: 284 arrays, 32864.1 MB stored; 15.7 s; peak memory 164 MiB.
2026-10-09T22:00:09Z INFO [113/1000] 5145aa59-8b4d-401a-b783-d9e69d50e896: 77 arrays, 0.1 MB stored; 2.1 s; peak memory 164 MiB.
2026-10-09T22:00:09Z INFO [114/1000] 51430986-f80f-4310-aca3-afb9e1c5a308: 38 arrays, 207.4 MB stored; 10.4 s; peak memory 164 MiB.
2026-10-09T22:00:09Z INFO [115/1000] 514733b3-4789-445e-a8d4-a8ce75bec40a: 71 arrays, 6.8 MB stored; 2.6 s; peak memory 164 MiB.
2026-10-09T22:00:10Z INFO [116/1000] 5148b229-6c9a-4768-bc0a-893291aaa5e2: 48 arrays, 83.9 MB stored; 1.9 s; peak memory 164 MiB.
2026-10-09T22:00:10Z INFO [117/1000] 514858c8-1c8a-46b9-bdce-8687c2114bcd: 116 arrays, 0.3 MB stored; 2.1 s; peak memory 164 MiB.
2026-10-09T22:00:10Z INFO [118/1000] 5148868a-36d1-4936-8330-9f2c174aa620: 48 arrays, 83.9 MB stored; 2.0 s; peak memory 164 MiB.
2026-10-09T22:00:11Z INFO [119/1000] 51492069-0c3a-4581-96b6-5c4744ab8dd5: 39 arrays, 786.4 MB stored; 1.7 s; peak memory 164 MiB.
2026-10-09T22:00:12Z INFO [120/1000] 514a3531-ea95-4022-9ad4-2f1f9498bd8a: 56 arrays, 0.0 MB stored; 1.8 s; peak memory 164 MiB.
2026-10-09T22:00:12Z INFO [121/1000] 514acfdd-11f4-48ed-a09d-006e9f4e8188: 48 arrays, 83.9 MB stored; 2.0 s; peak memory 164 MiB.
2026-10-09T22:00:14Z INFO [122/1000] 514c5050-9009-45c4-bc79-5dcb9bc1e731: 48 arrays, 83.9 MB stored; 1.7 s; peak memory 164 MiB.
2026-10-09T22:00:15Z INFO [123/1000] 514c9338-8166-4b2b-9ff5-d05725cd8365: 153 arrays, 0.6 MB stored; 2.5 s; peak memory 164 MiB.
2026-10-09T22:00:16Z INFO [124/1000] 514d4897-f9b7-4d62-b35a-65db6b552d7d: 41 arrays, 14.4 MB stored; 1.6 s; peak memory 164 MiB.
2026-10-09T22:00:16Z INFO [125/1000] 5144821b-078c-4172-a2b2-323761e7045d: 70 arrays, 503.7 MB stored; 14.0 s; peak memory 164 MiB.
2026-10-09T22:00:18Z INFO [126/1000] 514b995a-86e2-4d0a-8d40-ebb5cba9cf29: 229 arrays, 251.6 MB stored; 7.0 s; peak memory 164 MiB.
2026-10-09T22:00:18Z INFO [127/1000] 514efccd-7bfd-4161-a074-3d6cf2e39adc: 112 arrays, 0.9 MB stored; 2.6 s; peak memory 164 MiB.
2026-10-09T22:00:20Z INFO [128/1000] 514f8fa1-6f22-42e0-bc3d-6f3de1b8ac15: 48 arrays, 83.9 MB stored; 1.9 s; peak memory 164 MiB.
2026-10-09T22:00:21Z INFO [129/1000] 51506f63-cd85-4556-a18b-3b3ce5e89478: 117 arrays, 0.2 MB stored; 2.2 s; peak memory 164 MiB.
2026-10-09T22:00:23Z INFO [130/1000] 5150c93d-9098-4fdb-b52a-654bd61fea9d: 118 arrays, 0.2 MB stored; 2.0 s; peak memory 164 MiB.
2026-10-09T22:00:24Z INFO [131/1000] 514af535-0e09-419b-adbd-bd8f833e3b70: 11485 arrays, 537.6 MB stored; 13.9 s; peak memory 164 MiB.
2026-10-09T22:00:26Z INFO [132/1000] 5151c3a9-c454-427f-8804-6e5b9961c2f9: 51 arrays, 3864.3 MB stored; 2.0 s; peak memory 164 MiB.
2026-10-09T22:00:27Z INFO [133/1000] 513055cb-d8ff-4a63-b193-84ad28d578fa: 814 arrays, 307.7 MB stored; 63.4 s; peak memory 164 MiB.
2026-10-09T22:00:29Z INFO [134/1000] 5153091d-86b3-470d-a1c6-55152687d84d: 70 arrays, 38.6 MB stored; 2.2 s; peak memory 164 MiB.
2026-10-09T22:00:29Z INFO [135/1000] 51537d66-a28d-4d38-b2fd-02e04317d592: 117 arrays, 0.4 MB stored; 2.1 s; peak memory 164 MiB.
2026-10-09T22:00:29Z INFO [136/1000] 51508ee5-c489-429b-ac1a-e0abbb1145c0: 1195 arrays, 24.4 MB stored; 9.8 s; peak memory 164 MiB.
2026-10-09T22:00:31Z INFO [137/1000] 5154e70a-2f8c-4b1c-92f5-e4e108681d36: 46 arrays, 0.1 MB stored; 1.6 s; peak memory 164 MiB.
2026-10-09T22:00:31Z INFO [138/1000] 51543277-1458-4700-ae5a-b9061218b3fc: 48 arrays, 83.9 MB stored; 1.9 s; peak memory 164 MiB.
2026-10-09T22:00:33Z INFO [139/1000] 51558b1a-8a1b-4953-a0d4-05bd7d4ee590: 48 arrays, 83.9 MB stored; 1.6 s; peak memory 164 MiB.
2026-10-09T22:00:33Z INFO [140/1000] 515422e2-8692-47ad-8058-bdea3b77ba18: 156 arrays, 193.5 MB stored; 4.2 s; peak memory 164 MiB.
2026-10-09T22:00:34Z INFO [141/1000] 515629d6-af18-45f5-9b6b-d8114dc838e2: 112 arrays, 0.6 MB stored; 2.4 s; peak memory 164 MiB.
2026-10-09T22:00:35Z INFO [142/1000] 51568ab1-6c1b-4208-8ee7-86e4e14517d6: 48 arrays, 83.9 MB stored; 1.7 s; peak memory 164 MiB.
2026-10-09T22:00:35Z INFO [143/1000] 5156a22b-99f7-4b9c-94d3-59a94a70322b: 46 arrays, 0.0 MB stored; 1.4 s; peak memory 164 MiB.
2026-10-09T22:00:35Z INFO [144/1000] 51563416-2b19-472a-83ee-d0d15d46f403: 66 arrays, 71.1 MB stored; 2.7 s; peak memory 164 MiB.
2026-10-09T22:00:37Z INFO [145/1000] 515733bd-a098-4ba0-a7d2-c91a451df954: 117 arrays, 0.5 MB stored; 2.3 s; peak memory 164 MiB.
2026-10-09T22:00:37Z INFO [146/1000] 51574441-a323-4681-9de9-3604832f19b0: 48 arrays, 83.9 MB stored; 1.9 s; peak memory 164 MiB.
2026-10-09T22:00:39Z INFO [147/1000] 51582184-8754-43c9-b55e-b59c8d896c7b: 48 arrays, 83.9 MB stored; 1.7 s; peak memory 164 MiB.
2026-10-09T22:00:39Z INFO [148/1000] 5157e04e-d924-44da-99cd-ea5c41ba5b35: 117 arrays, 0.3 MB stored; 1.9 s; peak memory 164 MiB.
2026-10-09T22:00:41Z INFO [149/1000] 515199dd-6793-451c-918f-ce0ee03fdc00: 1267 arrays, 43.3 MB stored; 18.1 s; peak memory 164 MiB.
2026-10-09T22:00:41Z INFO [150/1000] 5158b35b-61cd-4563-909d-9ce8f89ca917: 117 arrays, 0.3 MB stored; 2.0 s; peak memory 164 MiB.
2026-10-09T22:00:43Z INFO [151/1000] 5158f50e-209c-4ea5-8e42-3bd6b9a270f5: 118 arrays, 0.3 MB stored; 2.1 s; peak memory 164 MiB.
2026-10-09T22:00:45Z INFO [152/1000] 514d4a19-aee4-4a4e-9e16-f82bef07c99f: 48 arrays, 35739.8 MB stored; 29.7 s; peak memory 164 MiB.
2026-10-09T22:00:45Z INFO [153/1000] 5159549c-1faf-48ff-8f52-ead11b65c994: 156 arrays, 193.4 MB stored; 4.2 s; peak memory 164 MiB.
2026-10-09T22:00:47Z INFO [154/1000] 515a4684-c0ea-4774-8710-85f0d2b64df0: 112 arrays, 0.6 MB stored; 2.2 s; peak memory 164 MiB.
2026-10-09T22:00:48Z INFO [155/1000] 5157d36a-da7a-4722-bde8-bac0dc80352b: 647 arrays, 36.4 MB stored; 12.4 s; peak memory 164 MiB.
2026-10-09T22:00:48Z INFO [156/1000] 5158bf58-b7b6-4459-8eb4-c661b8a8c28d: 200 arrays, 744.0 MB stored; 9.5 s; peak memory 164 MiB.
2026-10-09T22:00:49Z INFO [157/1000] 515ad2b4-edb7-4f34-bcb5-5ec249ba5e0a: 52 arrays, 19.6 MB stored; 2.0 s; peak memory 164 MiB.
2026-10-09T22:00:50Z INFO [158/1000] 515ae7db-1cb1-4c31-ae3b-0bd5f2b4cbce: 112 arrays, 0.6 MB stored; 2.3 s; peak memory 164 MiB.
2026-10-09T22:00:50Z INFO [159/1000] 515bd165-6cfc-45ec-a726-d5a128f5a5fa: 92 arrays, 8.6 MB stored; 1.7 s; peak memory 164 MiB.
2026-10-09T22:00:51Z INFO [160/1000] 515be986-ec2a-408b-a06f-96498321b339: 57 arrays, 0.0 MB stored; 1.5 s; peak memory 164 MiB.
2026-10-09T22:00:51Z INFO [161/1000] 51598373-a64c-4329-b178-adcfb38b4824: 193 arrays, 493.7 MB stored; 8.5 s; peak memory 164 MiB.
2026-10-09T22:00:52Z INFO [162/1000] 515c598b-b2e3-44ce-913f-7ac4651433d9: 46 arrays, 12.6 MB stored; 2.1 s; peak memory 164 MiB.
2026-10-09T22:00:52Z INFO [163/1000] 515c6dca-beaf-4c8d-ab57-29a2f77f7f7d: 117 arrays, 0.4 MB stored; 2.3 s; peak memory 164 MiB.
2026-10-09T22:00:53Z INFO [164/1000] 515c80bd-f2e9-4b0c-9def-005183d83ef4: 118 arrays, 0.4 MB stored; 2.2 s; peak memory 164 MiB.
2026-10-09T22:00:55Z INFO [165/1000] 515c7151-e087-44b5-b2e4-79051fd33dd1: 156 arrays, 193.5 MB stored; 4.2 s; peak memory 164 MiB.
2026-10-09T22:00:56Z INFO [166/1000] 5159afc7-a4ca-4d80-a55a-b92b42698141: 11477 arrays, 134.0 MB stored; 11.7 s; peak memory 164 MiB.
2026-10-09T22:00:57Z INFO [167/1000] 515e7d4e-b82d-4821-aea1-bf8ed956d11a: 48 arrays, 83.9 MB stored; 1.8 s; peak memory 164 MiB.
2026-10-09T22:00:59Z INFO [168/1000] 515f15a1-f6dd-45df-8789-a08843e7e74e: 112 arrays, 0.5 MB stored; 2.2 s; peak memory 164 MiB.
2026-10-09T22:00:59Z INFO [169/1000] 515fe73c-086d-4531-b37f-63f78a462098: 118 arrays, 0.3 MB stored; 1.9 s; peak memory 164 MiB.
2026-10-09T22:01:00Z INFO [170/1000] 51608bb7-1eba-4bcb-af71-552288defec4: 48 arrays, 83.9 MB stored; 1.9 s; peak memory 164 MiB.
2026-10-09T22:01:01Z INFO [171/1000] 51607e7b-bb3a-4248-a937-312c97217220: 118 arrays, 0.4 MB stored; 2.2 s; peak memory 164 MiB.
2026-10-09T22:01:03Z INFO [172/1000] 5160bc60-3947-467b-802f-f46fa96630d4: 101 arrays, 14.7 MB stored; 2.6 s; peak memory 164 MiB.
2026-10-09T22:01:05Z INFO [173/1000] 5161d989-14a5-41c7-994a-f508739fc829: 48 arrays, 83.9 MB stored; 1.7 s; peak memory 164 MiB.
2026-10-09T22:01:05Z INFO [174/1000] 5161c515-55a6-47ff-8a22-f4da9768a49e: 156 arrays, 193.5 MB stored; 4.4 s; peak memory 164 MiB.
2026-10-09T22:01:07Z INFO [175/1000] 5162a1b5-a259-4ddb-8ac9-e9e6368af38f: 57 arrays, 0.0 MB stored; 1.6 s; peak memory 164 MiB.
2026-10-09T22:01:08Z INFO [176/1000] 515e3854-7fde-4eaf-a31c-9562394c1469: 946 arrays, 42.9 MB stored; 15.3 s; peak memory 164 MiB.
2026-10-09T22:01:09Z INFO [177/1000] 5162c483-f9c9-49c4-ace9-3d2c427d11e7: 117 arrays, 0.6 MB stored; 2.5 s; peak memory 164 MiB.
2026-10-09T22:01:10Z INFO [178/1000] 51633cf0-d26e-487e-9b35-b7750ca68a5c: 52 arrays, 626.5 MB stored; 2.0 s; peak memory 164 MiB.
2026-10-09T22:01:10Z INFO [179/1000] 514dc62d-c73f-427a-a572-58fe670e1977: 52 arrays, 2183.2 MB stored; 54.1 s; peak memory 164 MiB.
2026-10-09T22:01:10Z INFO [180/1000] 515e534f-6e1e-43fa-9408-5ece4d152727: 708 arrays, 21.3 MB stored; 16.4 s; peak memory 164 MiB.
2026-10-09T22:01:11Z INFO [181/1000] 51656b15-23da-4ed8-a087-a3611e101b48: 56 arrays, 0.0 MB stored; 1.6 s; peak memory 164 MiB.
2026-10-09T22:01:12Z INFO [182/1000] 5164760d-06fe-45f6-bca7-edb1c18c924b: 48 arrays, 83.9 MB stored; 2.0 s; peak memory 164 MiB.
2026-10-09T22:01:13Z INFO [183/1000] 5164e44b-3a5e-4125-b766-854c77906f07: 70 arrays, 36.5 MB stored; 2.8 s; peak memory 164 MiB.
2026-10-09T22:01:13Z INFO [184/1000] 5165f244-18ca-4a83-beb6-8bbd35c44941: 117 arrays, 0.2 MB stored; 1.8 s; peak memory 164 MiB.
2026-10-09T22:01:14Z INFO [185/1000] 5165787c-0113-4f78-a7e0-2f1c35b0df63: 117 arrays, 0.5 MB stored; 2.3 s; peak memory 164 MiB.
2026-10-09T22:01:15Z INFO [186/1000] 5165f5cd-33b1-4dc6-ab8b-943941fd5a10: 117 arrays, 0.4 MB stored; 2.2 s; peak memory 164 MiB.
2026-10-09T22:01:15Z INFO [187/1000] 5166f6a2-f804-468c-9662-9d7f18ad7c2f: 42 arrays, 72.2 MB stored; 1.8 s; peak memory 164 MiB.
2026-10-09T22:01:17Z INFO [188/1000] 51674e98-bded-4b45-8dc2-1da1f339aa78: 77 arrays, 0.3 MB stored; 1.8 s; peak memory 164 MiB.
2026-10-09T22:01:17Z INFO [189/1000] 5122f8a8-bcc3-4304-9447-9ce6418da50c: 55 arrays, 6673.5 MB stored; 127.0 s; peak memory 164 MiB.
2026-10-09T22:01:18Z INFO [190/1000] 51676348-df2e-4d93-be65-1a5fb2cdce80: 70 arrays, 65.8 MB stored; 2.5 s; peak memory 164 MiB.
2026-10-09T22:01:19Z INFO [191/1000] 5166e5e9-1d6a-492d-aff6-d71a2255ee2a: 457 arrays, 4.4 MB stored; 6.0 s; peak memory 164 MiB.
2026-10-09T22:01:21Z INFO [192/1000] 51679bf9-3904-4ead-9cfb-9dcd195b9c75: 115 arrays, 190.2 MB stored; 4.1 s; peak memory 164 MiB.
2026-10-09T22:01:21Z INFO [193/1000] 51685630-7245-4020-951d-66bbdb0973fc: 66 arrays, 67.0 MB stored; 3.0 s; peak memory 164 MiB.
2026-10-09T22:01:21Z INFO [194/1000] 5167eed1-5fdd-4474-9828-71f10131d441: 101 arrays, 68657.1 MB stored; 4.1 s; peak memory 164 MiB.
2026-10-09T22:01:22Z INFO [195/1000] 516a2e3f-e220-49ef-ab03-44d27cbe7085: 102 arrays, 14.9 MB stored; 2.6 s; peak memory 164 MiB.
2026-10-09T22:01:23Z INFO [196/1000] 516a414f-c63a-48ae-8aef-586179acb256: 110 arrays, 0.3 MB stored; 2.0 s; peak memory 164 MiB.
2026-10-09T22:01:23Z INFO [197/1000] 516b4468-57d4-45f1-91c9-0c6a54aaa50b: 57 arrays, 0.0 MB stored; 1.6 s; peak memory 164 MiB.
2026-10-09T22:01:24Z INFO [198/1000] 516a77f4-2daf-4cbd-a94f-e341672115c1: 112 arrays, 0.8 MB stored; 2.7 s; peak memory 164 MiB.
2026-10-09T22:01:24Z INFO [199/1000] 516b5c71-1b60-401f-bfba-b49f2ae77964: 48 arrays, 83.9 MB stored; 1.8 s; peak memory 164 MiB.
2026-10-09T22:01:24Z INFO [200/1000] 516b7420-70fe-4a93-8ef3-c096b6c01593: 48 arrays, 83.9 MB stored; 1.7 s; peak memory 164 MiB.
2026-10-09T22:01:25Z INFO [200/1000] 516b7420-70fe-4a93-8ef3-c096b6c01593: checkpointed 200 new records.
2026-10-09T22:01:25Z INFO [201/1000] 516b9d17-582b-4d54-b005-ae3a0e8fac20: 117 arrays, 0.6 MB stored; 2.3 s; peak memory 164 MiB.
2026-10-09T22:01:27Z INFO [202/1000] 516c367e-0dd8-4651-95c8-ea7e0e3389cd: 66 arrays, 123.9 MB stored; 3.1 s; peak memory 164 MiB.
2026-10-09T22:01:27Z INFO [203/1000] 516c5856-84e7-44a9-84b9-df2db3ca1abb: 46 arrays, 3636.2 MB stored; 1.8 s; peak memory 164 MiB.
2026-10-09T22:01:28Z INFO [204/1000] 516c5a7f-1e05-43bc-87e6-426c13566e81: 46 arrays, 0.0 MB stored; 1.5 s; peak memory 164 MiB.
2026-10-09T22:01:29Z INFO [205/1000] 516cc4f7-0434-4c36-89be-01095ab9d922: 112 arrays, 0.7 MB stored; 2.6 s; peak memory 164 MiB.
2026-10-09T22:01:32Z INFO [206/1000] 516e133b-f61e-43cf-b97d-08f1d50aa55c: 64 arrays, 19.4 MB stored; 2.3 s; peak memory 164 MiB.
2026-10-09T22:01:35Z INFO [207/1000] 516e0a21-5ba3-427d-ac42-d1e5f46b1d46: 538 arrays, 8.1 MB stored; 7.1 s; peak memory 164 MiB.
2026-10-09T22:01:36Z INFO [208/1000] 516e2ce3-2bbb-4c62-85c7-f4ada31e6b4a: 156 arrays, 193.4 MB stored; 4.2 s; peak memory 164 MiB.
2026-10-09T22:01:37Z INFO [209/1000] 516c4487-344e-407c-ba97-19b26a50cab9: 339 arrays, 48.0 MB stored; 12.2 s; peak memory 164 MiB.
2026-10-09T22:01:37Z INFO [210/1000] 516e3082-8e4c-4e0d-ba37-e3e9b60aa5a3: 48 arrays, 83.9 MB stored; 1.7 s; peak memory 164 MiB.
2026-10-09T22:01:41Z INFO [211/1000] 516eb341-3b0a-4d58-97ca-718514facbdc: 156 arrays, 193.5 MB stored; 4.2 s; peak memory 164 MiB.
2026-10-09T22:01:41Z INFO [212/1000] 516e7e76-9f4d-45fd-b48a-57be0a95aab2: 206 arrays, 9.2 MB stored; 5.4 s; peak memory 164 MiB.
2026-10-09T22:01:42Z INFO [213/1000] 516bc909-d179-422a-9ad9-d9ea3efcad62: 445 arrays, 35.0 MB stored; 18.2 s; peak memory 164 MiB.
2026-10-09T22:01:42Z INFO [214/1000] 51620fcd-09b9-4b5f-ae0e-2f7848aad851: 42 arrays, 1721.9 MB stored; 37.6 s; peak memory 164 MiB.
2026-10-09T22:01:43Z INFO [215/1000] 516f680f-6125-4fa8-9984-e96245816b31: 48 arrays, 83.9 MB stored; 1.8 s; peak memory 164 MiB.
2026-10-09T22:01:43Z INFO [216/1000] 516ebfdc-8522-46fd-9c18-f89bfcef71dd: 204 arrays, 11.2 MB stored; 6.4 s; peak memory 164 MiB.
2026-10-09T22:01:43Z INFO [217/1000] 51713084-0b6f-4780-b495-14f012805976: 57 arrays, 0.0 MB stored; 1.6 s; peak memory 164 MiB.
2026-10-09T22:01:44Z INFO [218/1000] 516f25d9-ed23-4b59-9ee8-0a841016f080: 75 arrays, 189.3 MB stored; 2.9 s; peak memory 164 MiB.
2026-10-09T22:01:44Z INFO [219/1000] 517222e1-a6b9-40a1-a9fb-8a251d40d048: 48 arrays, 83.9 MB stored; 1.8 s; peak memory 164 MiB.
2026-10-09T22:01:45Z INFO [220/1000] 51742092-5c81-4dce-968d-45cd47f68d7f: 46 arrays, 0.1 MB stored; 1.7 s; peak memory 164 MiB.
2026-10-09T22:01:45Z INFO [221/1000] 5174b3b9-51df-471f-bdc6-a31834e1804b: 48 arrays, 83.9 MB stored; 1.9 s; peak memory 164 MiB.
2026-10-09T22:01:46Z INFO [222/1000] 51747fcc-c398-40db-b7be-805ad79463d9: 62 arrays, 4880.8 MB stored; 2.5 s; peak memory 164 MiB.
2026-10-09T22:01:46Z INFO [223/1000] 51754b08-1d50-459e-a8f3-ff16aee609ce: 48 arrays, 83.9 MB stored; 1.8 s; peak memory 164 MiB.
2026-10-09T22:01:46Z INFO [224/1000] 51754538-c1ed-4280-81b7-3be7375491af: 112 arrays, 0.7 MB stored; 2.4 s; peak memory 164 MiB.
2026-10-09T22:01:47Z INFO [225/1000] 51761ed0-9f47-424f-988b-2b7f8bde02b7: 52 arrays, 11.9 MB stored; 2.0 s; peak memory 164 MiB.
2026-10-09T22:01:48Z INFO [226/1000] 517855ed-4c69-471b-a4f6-6582125fb63b: 275 arrays, 17.1 MB stored; 2.3 s; peak memory 164 MiB.
2026-10-09T22:01:49Z INFO [227/1000] 5176f632-7965-4ad4-bc93-9208b8beccec: 296 arrays, 2.4 MB stored; 3.4 s; peak memory 164 MiB.
2026-10-09T22:01:51Z INFO [228/1000] 5178f746-6f90-4d71-8507-1c015d7f46b2: 117 arrays, 0.3 MB stored; 1.9 s; peak memory 164 MiB.
2026-10-09T22:01:51Z INFO [229/1000] 517825c1-7ab2-4659-9537-56c288948d50: 404 arrays, 3.2 MB stored; 5.4 s; peak memory 164 MiB.
2026-10-09T22:01:52Z INFO [230/1000] 5178bb76-ccdc-4c9c-b059-26cd8c535e78: 349 arrays, 3.5 MB stored; 4.9 s; peak memory 164 MiB.
2026-10-09T22:01:53Z INFO [231/1000] 5179496f-c942-49fe-b9c7-29a96cdf91fd: 118 arrays, 0.4 MB stored; 2.1 s; peak memory 164 MiB.
2026-10-09T22:01:53Z INFO [232/1000] 5179aa48-0859-425d-8fd8-98fa24f25003: 48 arrays, 83.9 MB stored; 1.8 s; peak memory 164 MiB.
2026-10-09T22:01:54Z INFO [233/1000] 5179c7bf-65b5-482f-97e7-24427f804123: 48 arrays, 83.9 MB stored; 1.8 s; peak memory 164 MiB.
2026-10-09T22:01:55Z INFO [234/1000] 5179ccd2-bdb8-45ef-ad1f-d05e77c0269c: 52 arrays, 13.0 MB stored; 2.0 s; peak memory 164 MiB.
2026-10-09T22:01:57Z INFO [235/1000] 517b0d98-d60f-400d-82eb-c67815301756: 117 arrays, 0.2 MB stored; 2.0 s; peak memory 164 MiB.
2026-10-09T22:01:57Z INFO [236/1000] 517a8819-49ad-4630-b2c9-0b06865dec97: 156 arrays, 193.5 MB stored; 4.2 s; peak memory 164 MiB.
2026-10-09T22:01:58Z INFO [237/1000] 5178c29a-60b9-418b-af53-fe30746ca5b9: 561 arrays, 17.7 MB stored; 9.6 s; peak memory 164 MiB.
2026-10-09T22:01:59Z INFO [238/1000] 517b4621-ed08-4ac4-a758-8423c2ed3d68: 117 arrays, 0.5 MB stored; 2.2 s; peak memory 164 MiB.
2026-10-09T22:02:00Z INFO [239/1000] 517c4f7c-a402-422a-aa5e-7f2409541c36: 48 arrays, 83.9 MB stored; 1.7 s; peak memory 164 MiB.
2026-10-09T22:02:00Z INFO [240/1000] 517b6a51-eb12-4521-b3f7-a9cc6d0dd608: 66 arrays, 93.9 MB stored; 2.9 s; peak memory 164 MiB.
2026-10-09T22:02:01Z INFO [241/1000] 517c9fd8-4a3b-4f4d-afbf-ecdad3a51efa: 118 arrays, 0.5 MB stored; 2.1 s; peak memory 164 MiB.
2026-10-09T22:02:02Z INFO [242/1000] 517d3198-6abd-402a-99ae-8925e910ac94: 48 arrays, 83.9 MB stored; 1.9 s; peak memory 164 MiB.
2026-10-09T22:02:03Z INFO [243/1000] 5177f847-36a7-438d-bf9c-67c513bd1dec: 1101 arrays, 42.9 MB stored; 16.7 s; peak memory 164 MiB.
2026-10-09T22:02:03Z INFO [244/1000] 517adbb9-e417-450a-b57f-767cb577b15f: 194 arrays, 669.0 MB stored; 9.3 s; peak memory 164 MiB.
2026-10-09T22:02:05Z INFO [245/1000] 517e15b4-0bfd-4070-b549-4e2820f75c86: 40 arrays, 15.6 MB stored; 1.6 s; peak memory 164 MiB.
2026-10-09T22:02:05Z INFO [246/1000] 517db870-1cc5-44e8-8ebb-abea8718c844: 112 arrays, 0.4 MB stored; 2.2 s; peak memory 164 MiB.
2026-10-09T22:02:07Z INFO [247/1000] 517e2336-55cf-4cf8-b6d5-ff185064e48b: 112 arrays, 0.7 MB stored; 2.4 s; peak memory 164 MiB.
2026-10-09T22:02:09Z INFO [248/1000] 517d38a2-4a96-44f4-b237-2e916c5b0290: 257 arrays, 87.8 MB stored; 7.7 s; peak memory 164 MiB.
2026-10-09T22:02:10Z INFO [249/1000] 517fa79b-fa5c-48c7-ae20-da8c09ab7478: 48 arrays, 83.9 MB stored; 1.8 s; peak memory 164 MiB.
2026-10-09T22:02:11Z INFO [250/1000] 517fa4ae-1f3e-426e-808b-734212add97c: 156 arrays, 193.5 MB stored; 4.2 s; peak memory 170 MiB.
2026-10-09T22:02:11Z INFO [251/1000] 513a80ec-5fa9-4859-9fac-9fc5959b5202: 15412 arrays, 218.0 MB stored; 156.0 s; peak memory 170 MiB.
2026-10-09T22:02:13Z INFO [252/1000] 51808f67-e31b-4501-a77b-2cbab1cba71c: 117 arrays, 0.4 MB stored; 2.0 s; peak memory 170 MiB.
2026-10-09T22:02:14Z INFO [253/1000] 518076b3-9b3c-4c27-9b4b-44dc61276d3a: 66 arrays, 75.1 MB stored; 2.5 s; peak memory 170 MiB.
2026-10-09T22:02:16Z INFO [254/1000] 51811c5b-cd14-422d-a799-c73f9d681f91: 65 arrays, 10.9 MB stored; 2.0 s; peak memory 170 MiB.
2026-10-09T22:02:17Z INFO [255/1000] 517d4160-2026-4a68-8302-97f748aa27fa: 97 arrays, 77.7 MB stored; 15.0 s; peak memory 170 MiB.
2026-10-09T22:02:18Z INFO [256/1000] 51813dc4-b6ab-4024-b9e5-426507f31a44: 112 arrays, 0.9 MB stored; 2.2 s; peak memory 170 MiB.
2026-10-09T22:02:18Z INFO [257/1000] 517ed7e3-114b-4aa3-81fc-8e85598699c5: 108 arrays, 85.8 MB stored; 13.2 s; peak memory 170 MiB.
2026-10-09T22:02:20Z INFO [258/1000] 518243df-5a97-4c23-9d27-3d27b852eb3a: 289 arrays, 17.1 MB stored; 2.4 s; peak memory 171 MiB.
2026-10-09T22:02:20Z INFO [259/1000] 518309e0-2b76-4f04-999e-77b8ecaf7a8b: 48 arrays, 83.9 MB stored; 1.7 s; peak memory 171 MiB.
2026-10-09T22:02:20Z INFO [260/1000] 518058ae-f3b9-42ba-8c20-a20bd581f2c7: 56 arrays, 136.5 MB stored; 9.7 s; peak memory 171 MiB.
2026-10-09T22:02:20Z INFO [261/1000] 51826b60-6c53-4e7d-820d-a33fa3885b43: 112 arrays, 0.5 MB stored; 2.3 s; peak memory 171 MiB.
2026-10-09T22:02:21Z INFO [262/1000] 5183b50a-773b-44f6-af62-30a95081aa04: 50 arrays, 0.1 MB stored; 1.6 s; peak memory 171 MiB.
2026-10-09T22:02:22Z INFO [263/1000] 51839ba2-2214-4bcf-849d-5808d340c19e: 68 arrays, 0.4 MB stored; 2.0 s; peak memory 171 MiB.
2026-10-09T22:02:22Z INFO [264/1000] 518439c7-7881-4e56-8e2a-f9d6ea2fbf5d: 48 arrays, 83.9 MB stored; 1.8 s; peak memory 171 MiB.
2026-10-09T22:02:23Z INFO [265/1000] 51845760-4c5d-492b-807f-40f650e983f3: 46 arrays, 0.1 MB stored; 1.5 s; peak memory 171 MiB.
2026-10-09T22:02:24Z INFO [266/1000] 518656c1-3f58-4162-9407-2c6c20e5f26a: 92 arrays, 5.4 MB stored; 2.0 s; peak memory 171 MiB.
2026-10-09T22:02:25Z INFO [267/1000] 5187cc8d-6de3-4aa8-b9bf-be21c900b45d: 116 arrays, 0.2 MB stored; 2.1 s; peak memory 171 MiB.
2026-10-09T22:02:27Z INFO [268/1000] 518986b8-c760-4997-bfbe-ba17b812e22e: 118 arrays, 0.4 MB stored; 2.1 s; peak memory 171 MiB.
2026-10-09T22:02:29Z INFO [269/1000] 518a2a7a-d446-469a-b3ec-03b5c840476b: 46 arrays, 0.1 MB stored; 1.6 s; peak memory 172 MiB.
2026-10-09T22:02:30Z INFO [270/1000] 518a567d-3a9a-4b9c-adca-d27b246c5ab2: 121 arrays, 0.1 MB stored; 1.5 s; peak memory 172 MiB.
2026-10-09T22:02:32Z INFO [271/1000] 518938cd-3b16-4047-a537-ecb1552f281f: 200 arrays, 373.4 MB stored; 8.9 s; peak memory 172 MiB.
2026-10-09T22:02:34Z INFO [272/1000] 518a8e5f-7cde-46e0-88bf-182f1e5cea2f: 48 arrays, 83.9 MB stored; 1.8 s; peak memory 172 MiB.
2026-10-09T22:02:38Z INFO [273/1000] 518ac0c8-7db5-41df-b270-47505f511389: 116 arrays, 187.1 MB stored; 3.9 s; peak memory 172 MiB.
2026-10-09T22:02:39Z INFO [274/1000] 518a8c55-25c9-4053-8ea8-30fc4d46b235: 534 arrays, 8.5 MB stored; 9.0 s; peak memory 172 MiB.
2026-10-09T22:02:40Z INFO [275/1000] 518b433d-1b0d-4c61-8f53-e141ccf002c8: 57 arrays, 0.0 MB stored; 1.6 s; peak memory 172 MiB.
2026-10-09T22:02:42Z INFO [276/1000] 518bf307-b1eb-4a96-b28d-8bc7f42f9a1d: 118 arrays, 0.4 MB stored; 2.1 s; peak memory 173 MiB.
2026-10-09T22:02:47Z INFO [277/1000] 518bd2ea-0856-4bf3-8f52-16a7e92004bf: 229 arrays, 797.3 MB stored; 8.0 s; peak memory 173 MiB.
2026-10-09T22:02:49Z INFO [278/1000] 518c662e-92bb-485a-a6b2-1de9cb785765: 118 arrays, 0.3 MB stored; 1.9 s; peak memory 173 MiB.
2026-10-09T22:02:52Z INFO [279/1000] 518c54a2-e2fa-4c20-af99-74846e21433c: 670 arrays, 18.8 MB stored; 10.0 s; peak memory 174 MiB.
2026-10-09T22:02:52Z INFO [280/1000] 5187b3cd-6256-44be-a615-8b8f21aa321b: 48 arrays, 38324.4 MB stored; 30.0 s; peak memory 174 MiB.
2026-10-09T22:02:53Z INFO [281/1000] 518cb863-b478-488c-84c2-6e65a1b3d270: 48 arrays, 83.9 MB stored; 1.7 s; peak memory 174 MiB.
2026-10-09T22:02:54Z INFO [282/1000] 518f294b-2558-453e-851f-0ff545c21039: 48 arrays, 83.9 MB stored; 1.8 s; peak memory 174 MiB.
2026-10-09T22:02:56Z INFO [283/1000] 518fefd8-9789-43a7-855f-685789933342: 68 arrays, 0.1 MB stored; 2.2 s; peak memory 174 MiB.
2026-10-09T22:02:56Z INFO [284/1000] 51900b5b-fa4f-4523-a503-8c8f0b7f680e: 48 arrays, 83.9 MB stored; 1.9 s; peak memory 174 MiB.
2026-10-09T22:02:58Z INFO [285/1000] 51910731-215f-4637-b6b3-509edac51864: 116 arrays, 9.7 MB stored; 2.1 s; peak memory 174 MiB.
2026-10-09T22:02:59Z INFO [286/1000] 5190790f-9dbe-4671-8b68-e9259dd24854: 152 arrays, 1.2 MB stored; 3.1 s; peak memory 174 MiB.
2026-10-09T22:03:00Z INFO [287/1000] 51910b4f-b7b2-4f06-adda-31f05147b72e: 117 arrays, 0.3 MB stored; 2.2 s; peak memory 174 MiB.
2026-10-09T22:03:00Z INFO [288/1000] 518c704f-4a52-4f9d-8803-907ad7b0d02b: 300 arrays, 17626.1 MB stored; 11.0 s; peak memory 175 MiB.
2026-10-09T22:03:01Z INFO [289/1000] 5191519c-55bd-481a-82ce-8b2a8cfe8998: 66 arrays, 102.0 MB stored; 2.5 s; peak memory 175 MiB.
2026-10-09T22:03:02Z INFO [290/1000] 5191d7e8-361a-4206-b005-af53b62ef41c: 48 arrays, 83.9 MB stored; 1.9 s; peak memory 175 MiB.
2026-10-09T22:03:03Z INFO [291/1000] 5191f8a2-f52a-4389-b177-621e71b1d0c9: 50 arrays, 2.2 MB stored; 1.6 s; peak memory 175 MiB.
2026-10-09T22:03:04Z INFO [292/1000] 51921374-9a12-4839-8145-17f4f777fbd3: 117 arrays, 0.5 MB stored; 2.2 s; peak memory 175 MiB.
2026-10-09T22:03:04Z INFO [293/1000] 5192d2d8-81bd-4432-9198-d9105be167c7: 46 arrays, 0.0 MB stored; 1.5 s; peak memory 175 MiB.
2026-10-09T22:03:06Z INFO [294/1000] 51931171-7b7e-491b-b4e4-b0199d41374d: 48 arrays, 83.9 MB stored; 1.6 s; peak memory 175 MiB.
2026-10-09T22:03:06Z INFO [295/1000] 51934eb8-69d6-4fab-9378-365e72a738bd: 48 arrays, 83.9 MB stored; 1.8 s; peak memory 175 MiB.
2026-10-09T22:03:08Z INFO [296/1000] 51942b6b-b50f-48ee-8c92-10829299402c: 116 arrays, 0.3 MB stored; 2.1 s; peak memory 175 MiB.
2026-10-09T22:03:08Z INFO [297/1000] 5193e757-cb74-4ec0-af53-e11659d2b4a5: 112 arrays, 0.7 MB stored; 2.7 s; peak memory 175 MiB.
2026-10-09T22:03:10Z INFO [298/1000] 5194ecf8-acd6-450a-90ce-d8c20ba6cae7: 46 arrays, 12.6 MB stored; 1.7 s; peak memory 175 MiB.
2026-10-09T22:03:11Z INFO [299/1000] 51943b12-7edc-41eb-9b3d-d570b4e749bb: 66 arrays, 8.7 MB stored; 2.4 s; peak memory 175 MiB.
2026-10-09T22:03:12Z INFO [300/1000] 5191efc0-4e25-4352-b959-56fa98e1a311: 391 arrays, 77.9 MB stored; 11.8 s; peak memory 176 MiB.
2026-10-09T22:03:14Z INFO [301/1000] 51951ccb-fdc9-4945-892a-a746d90b458a: 116 arrays, 187.0 MB stored; 3.9 s; peak memory 176 MiB.
2026-10-09T22:03:16Z INFO [302/1000] 5196db75-c098-4cd8-a978-f9c293e6f2c9: 69 arrays, 40.3 MB stored; 2.6 s; peak memory 176 MiB.
2026-10-09T22:03:18Z INFO [303/1000] 51957bcf-10bc-4585-b3ae-084bb8f5585d: 225 arrays, 334.4 MB stored; 7.3 s; peak memory 176 MiB.
2026-10-09T22:03:20Z INFO [304/1000] 51970cad-ac21-4045-9102-564b765bb813: 117 arrays, 0.4 MB stored; 1.9 s; peak memory 176 MiB.
2026-10-09T22:03:22Z INFO [305/1000] 5197aac8-1053-4064-9743-f2a23adf370f: 118 arrays, 1.2 MB stored; 2.5 s; peak memory 176 MiB.
2026-10-09T22:03:26Z INFO [306/1000] 5196f7c7-d3f0-4fc4-aee3-9cbb73b796d0: 56 arrays, 132.8 MB stored; 9.7 s; peak memory 176 MiB.
2026-10-09T22:03:28Z INFO [307/1000] 519814c6-9791-4822-ad8c-e98e6720baca: 71 arrays, 1.3 MB stored; 2.3 s; peak memory 177 MiB.
2026-10-09T22:03:30Z INFO [308/1000] 5198c42e-4727-4e66-9a2a-14b6d3a27227: 52 arrays, 10.8 MB stored; 1.8 s; peak memory 177 MiB.
2026-10-09T22:03:33Z INFO [309/1000] 51991448-d3f1-47c6-bbce-5a8d4d18d2f2: 70 arrays, 4744.3 MB stored; 3.1 s; peak memory 177 MiB.
2026-10-09T22:03:34Z INFO [310/1000] 5195feba-5c2d-46de-bb92-550534ea33c0: 432 arrays, 1602.4 MB stored; 22.3 s; peak memory 177 MiB.
2026-10-09T22:03:36Z INFO [311/1000] 519ae18f-cae6-4b73-ba35-378683658199: 112 arrays, 0.5 MB stored; 2.1 s; peak memory 177 MiB.
2026-10-09T22:03:37Z INFO [312/1000] 519b2103-ee02-4a4a-a6d3-1a509a03796e: 48 arrays, 83.9 MB stored; 1.9 s; peak memory 177 MiB.
2026-10-09T22:03:38Z INFO [313/1000] 5197e81e-edd0-40a2-8b47-5316d25a20c3: 98 arrays, 148.0 MB stored; 15.2 s; peak memory 177 MiB.
2026-10-09T22:03:40Z INFO [314/1000] 519c727f-4c15-403e-9c79-00246c40e65d: 71 arrays, 120.7 MB stored; 2.8 s; peak memory 177 MiB.
2026-10-09T22:03:42Z INFO [315/1000] 519d16f2-0d0f-44f1-8269-abf73979d168: 48 arrays, 83.9 MB stored; 1.8 s; peak memory 177 MiB.
2026-10-09T22:03:44Z INFO [316/1000] 515d4008-dff1-4cf3-98b0-ca4e5e3f04d9: 167 arrays, 21244.1 MB stored; 171.9 s; peak memory 178 MiB.
2026-10-09T22:03:45Z INFO [317/1000] 519d2c1f-52b5-4b2c-9422-dfea95a9596b: 62 arrays, 4380.1 MB stored; 2.7 s; peak memory 178 MiB.
2026-10-09T22:03:46Z INFO [318/1000] 519d44b9-5327-4eb3-bbef-65a565070b23: 48 arrays, 83.9 MB stored; 1.8 s; peak memory 178 MiB.
2026-10-09T22:03:46Z INFO [319/1000] 519cfaab-e197-4a3a-a35a-f4aef8041b1c: 697 arrays, 6.6 MB stored; 8.4 s; peak memory 179 MiB.
2026-10-09T22:03:46Z INFO [320/1000] 519d8a00-56f6-4122-852d-0fd62164461a: 114 arrays, 0.2 MB stored; 1.8 s; peak memory 179 MiB.
2026-10-09T22:03:47Z INFO [321/1000] 519afa07-31d1-4012-a633-cc47e43f08a0: 336 arrays, 44.0 MB stored; 13.1 s; peak memory 179 MiB.
2026-10-09T22:03:49Z INFO [322/1000] 519fc5a8-6d43-4ea1-b31a-2d0c693777a0: 49 arrays, 18.7 MB stored; 2.3 s; peak memory 179 MiB.
2026-10-09T22:03:49Z INFO [323/1000] 519fca63-fb57-4a02-8308-3c411210e3e1: 69 arrays, 2.7 MB stored; 1.9 s; peak memory 179 MiB.
2026-10-09T22:03:51Z INFO [324/1000] 519fb692-9643-45f2-98af-f5a34ffe7f5f: 156 arrays, 193.4 MB stored; 4.7 s; peak memory 179 MiB.
2026-10-09T22:03:51Z INFO [325/1000] 51a062c7-7aab-4004-80ed-81ab016448cf: 48 arrays, 83.9 MB stored; 1.8 s; peak memory 179 MiB.
2026-10-09T22:03:51Z INFO [326/1000] 51a008e5-1118-4510-a5fa-c0dc2ca54263: 112 arrays, 0.9 MB stored; 2.6 s; peak memory 179 MiB.
2026-10-09T22:03:53Z INFO [327/1000] 51a0ed01-b08b-45bf-8e95-51d3d9d80a1c: 48 arrays, 83.9 MB stored; 1.9 s; peak memory 179 MiB.
2026-10-09T22:03:54Z INFO [328/1000] 51a20829-b254-43e4-a209-9357ec8b49c9: 71 arrays, 40.5 MB stored; 2.9 s; peak memory 179 MiB.
2026-10-09T22:03:55Z INFO [329/1000] 51a27ba9-3427-485c-a7d4-2c1ddeef4fbb: 117 arrays, 0.3 MB stored; 2.0 s; peak memory 180 MiB.
2026-10-09T22:03:56Z INFO [330/1000] 51a285c8-d43e-4422-865c-42652e35fb29: 48 arrays, 83.9 MB stored; 1.8 s; peak memory 180 MiB.
2026-10-09T22:03:58Z INFO [331/1000] 51a3679a-2cbe-4afa-b7d6-4fe2444863ac: 57 arrays, 0.0 MB stored; 1.5 s; peak memory 180 MiB.
2026-10-09T22:03:58Z INFO [332/1000] 51a2e08a-2e9b-4f62-9876-354d8da55d60: 71 arrays, 3.8 MB stored; 2.7 s; peak memory 180 MiB.
2026-10-09T22:03:59Z INFO [333/1000] 51a0e8da-9b58-4d29-8000-9ce17be11174: 553 arrays, 17.3 MB stored; 8.6 s; peak memory 180 MiB.
2026-10-09T22:03:59Z INFO [334/1000] 51a394d8-73d3-4dfd-b054-bb22ea95484f: 45 arrays, 11.0 MB stored; 2.0 s; peak memory 180 MiB.
2026-10-09T22:04:00Z INFO [335/1000] 51a3cbce-9443-4a93-b670-eccad58e7d93: 112 arrays, 0.4 MB stored; 2.1 s; peak memory 180 MiB.
2026-10-09T22:04:03Z INFO [336/1000] 51a43673-c8b5-4712-a42d-2b2bddf8150b: 71 arrays, 3.9 MB stored; 2.9 s; peak memory 180 MiB.
2026-10-09T22:04:04Z INFO [337/1000] 51a4587e-00e5-4a01-8af4-224a60d23a46: 48 arrays, 83.9 MB stored; 1.8 s; peak memory 180 MiB.
2026-10-09T22:04:07Z INFO [338/1000] 51a4b6af-8dd0-4f89-80cb-68845889a892: 74 arrays, 3.3 MB stored; 2.3 s; peak memory 181 MiB.
2026-10-09T22:04:09Z INFO [339/1000] 51a4eca0-194e-4740-8d86-bd7f949f5808: 48 arrays, 83.9 MB stored; 1.7 s; peak memory 181 MiB.
2026-10-09T22:04:11Z INFO [340/1000] 51a4fc20-4bdd-45f6-af6b-b8cdc2a72d11: 112 arrays, 0.3 MB stored; 2.1 s; peak memory 181 MiB.
2026-10-09T22:04:13Z INFO [341/1000] 51a525e8-05e4-4fd5-90b1-1805362a8599: 117 arrays, 0.3 MB stored; 1.9 s; peak memory 181 MiB.
2026-10-09T22:04:13Z INFO [342/1000] 51a42128-08f2-4d2d-a325-4997302a368d: 234 arrays, 1980.6 MB stored; 13.6 s; peak memory 181 MiB.
2026-10-09T22:04:13Z INFO [343/1000] 5163f7ca-4c65-4dd5-a75a-b01e7f70f673: 394 arrays, 22274.6 MB stored; 183.9 s; peak memory 182 MiB.
2026-10-09T22:04:14Z INFO [344/1000] 51a407cc-4a3a-4bd3-b194-f6f2883eb571: 391 arrays, 21.5 MB stored; 14.7 s; peak memory 182 MiB.
2026-10-09T22:04:15Z INFO [345/1000] 51a54d6a-dedd-4522-bcd0-cbe6fe92842c: 118 arrays, 0.4 MB stored; 2.1 s; peak memory 182 MiB.
2026-10-09T22:04:15Z INFO [346/1000] 51a56696-d91a-4f7b-861b-af81a3309792: 48 arrays, 83.9 MB stored; 1.9 s; peak memory 182 MiB.
2026-10-09T22:04:16Z INFO [347/1000] 51a560d4-0247-4d3e-9402-1795bd2ca03c: 76 arrays, 7.7 MB stored; 2.4 s; peak memory 182 MiB.
2026-10-09T22:04:16Z INFO [348/1000] 51a5e16b-f44b-4c9a-a318-fcc581eb6bf5: 55 arrays, 0.0 MB stored; 1.6 s; peak memory 182 MiB.
2026-10-09T22:04:17Z INFO [349/1000] 51a62ab5-1412-4c9e-90c2-7b98266bf5ff: 53 arrays, 0.0 MB stored; 1.5 s; peak memory 182 MiB.
2026-10-09T22:04:18Z INFO [350/1000] 51a7bf93-9a81-46dc-8bbc-6b9ccb693f5b: 48 arrays, 83.9 MB stored; 1.8 s; peak memory 182 MiB.
2026-10-09T22:04:20Z INFO [351/1000] 51a87c36-fe76-4e79-aa63-dfeceacc4252: 112 arrays, 0.5 MB stored; 2.2 s; peak memory 183 MiB.
2026-10-09T22:04:23Z INFO [352/1000] 51a5a72b-5390-49c7-8f1c-9e9a2e83c625: 196 arrays, 559.8 MB stored; 8.5 s; peak memory 183 MiB.
2026-10-09T22:04:23Z INFO [353/1000] 51a60457-d221-48b2-9295-2ec37965de38: 59 arrays, 331.6 MB stored; 7.8 s; peak memory 183 MiB.
2026-10-09T22:04:23Z INFO [354/1000] 51a8be92-94a0-4e3d-ae4f-813b11b65a99: 70 arrays, 114.5 MB stored; 2.9 s; peak memory 183 MiB.
2026-10-09T22:04:24Z INFO [355/1000] 51a8f26c-f3e5-412a-9eef-95aba4311e12: 55 arrays, 0.0 MB stored; 1.6 s; peak memory 183 MiB.
2026-10-09T22:04:27Z INFO [356/1000] 51a95f1c-e6f0-4057-8b44-053980ff46f2: 112 arrays, 1.2 MB stored; 3.0 s; peak memory 183 MiB.
2026-10-09T22:04:29Z INFO [357/1000] 51a93616-f27b-4adc-bdce-9f128a3f1e38: 492 arrays, 6.4 MB stored; 6.0 s; peak memory 184 MiB.
2026-10-09T22:04:29Z INFO [358/1000] 51a9610f-15fc-40fd-9a0c-1fe1497bb1ed: 112 arrays, 0.2 MB stored; 2.0 s; peak memory 184 MiB.
2026-10-09T22:04:31Z INFO [359/1000] 51a9853f-8309-49b7-a02c-2bc6b926eaae: 52 arrays, 15.7 MB stored; 1.9 s; peak memory 184 MiB.
2026-10-09T22:04:39Z INFO [360/1000] 519e15d6-e04c-4b1e-b17b-55eaca4fc939: 52 arrays, 1911.5 MB stored; 52.9 s; peak memory 184 MiB.
2026-10-09T22:04:40Z INFO [361/1000] 51a95593-9175-44a6-80d9-44ba42972c84: 989 arrays, 41.4 MB stored; 16.4 s; peak memory 185 MiB.
2026-10-09T22:04:41Z INFO [362/1000] 51a83b13-25fb-4ab5-b094-ddac787ea0d1: 1111 arrays, 26.7 MB stored; 23.4 s; peak memory 187 MiB.
2026-10-09T22:04:41Z INFO [363/1000] 51ac44ba-c178-466a-b962-991953fd7696: 112 arrays, 0.7 MB stored; 2.4 s; peak memory 187 MiB.
2026-10-09T22:04:42Z INFO [364/1000] 51ac5e0c-8b39-4ca6-a559-b0cddddd9ef4: 289 arrays, 17.1 MB stored; 2.3 s; peak memory 187 MiB.
2026-10-09T22:04:43Z INFO [365/1000] 51ac7865-8413-4e55-b9da-2351968d96b6: 74 arrays, 63.8 MB stored; 2.2 s; peak memory 187 MiB.
2026-10-09T22:04:43Z INFO [366/1000] 51acaae9-7a2e-45d4-b433-6f7872c38a63: 116 arrays, 0.2 MB stored; 1.9 s; peak memory 187 MiB.
2026-10-09T22:04:43Z INFO [367/1000] 51a98c8a-1f0b-430a-9998-0d2109edec84: 907 arrays, 32.4 MB stored; 14.0 s; peak memory 188 MiB.
2026-10-09T22:04:43Z INFO [368/1000] 51ad0f87-4d8a-425d-837d-7bfd02ab2c91: 52 arrays, 0.0 MB stored; 1.5 s; peak memory 188 MiB.
2026-10-09T22:04:45Z INFO [369/1000] 51af2741-5b1b-46fb-b4d1-8cd525b8e534: 48 arrays, 83.9 MB stored; 1.9 s; peak memory 188 MiB.
2026-10-09T22:04:45Z INFO [370/1000] 51aed317-cf52-4f52-a00f-1287a0ecce6e: 112 arrays, 0.5 MB stored; 2.4 s; peak memory 188 MiB.
2026-10-09T22:04:48Z INFO [371/1000] 51b09283-debe-4e0b-875d-00be3bb11f5f: 112 arrays, 0.6 MB stored; 2.5 s; peak memory 188 MiB.
2026-10-09T22:04:50Z INFO [372/1000] 51b0ad58-43e3-4ae5-90b3-fc16ee2c01e2: 117 arrays, 0.3 MB stored; 2.0 s; peak memory 189 MiB.
2026-10-09T22:04:51Z INFO [373/1000] 517cafb3-4061-419f-bd60-c02428c25626: 430 arrays, 23665.7 MB stored; 170.7 s; peak memory 189 MiB.
2026-10-09T22:04:52Z INFO [374/1000] 51b17e22-011a-461a-8a64-ecee6c74193f: 118 arrays, 0.2 MB stored; 2.0 s; peak memory 189 MiB.
2026-10-09T22:04:52Z INFO [375/1000] 51ab90a6-716f-4f08-8024-29ab90193efd: 38 arrays, 686.0 MB stored; 21.2 s; peak memory 189 MiB.
2026-10-09T22:04:52Z INFO [376/1000] 51b1f080-1470-4ee2-bcb5-0dfff01fe8c0: 48 arrays, 83.9 MB stored; 1.7 s; peak memory 189 MiB.
2026-10-09T22:04:55Z INFO [377/1000] 51b21878-cb19-4340-9935-22ca6318ab2d: 114 arrays, 186.8 MB stored; 3.6 s; peak memory 189 MiB.
2026-10-09T22:04:55Z INFO [378/1000] 51b32585-12e3-49a2-ba87-353afb7804ef: 98 arrays, 152.3 MB stored; 3.2 s; peak memory 189 MiB.
2026-10-09T22:04:57Z INFO [379/1000] 51b35705-67c9-48e9-8b5f-6bfaa0434391: 42 arrays, 80.3 MB stored; 1.7 s; peak memory 190 MiB.
2026-10-09T22:04:57Z INFO [380/1000] 51b3956d-b0f8-4319-840a-0c4d64cb6784: 33 arrays, 163.3 MB stored; 1.9 s; peak memory 190 MiB.
2026-10-09T22:04:59Z INFO [381/1000] 51b3de99-0a79-4cab-a4bb-5969476607ee: 247 arrays, 17.1 MB stored; 2.3 s; peak memory 190 MiB.
2026-10-09T22:05:00Z INFO [382/1000] 51afb423-91df-46a2-9928-277d983dc81f: 49 arrays, 8693.2 MB stored; 14.9 s; peak memory 190 MiB.
2026-10-09T22:05:00Z INFO [383/1000] 51b47c31-7101-400e-af79-12108c3a4434: 71 arrays, 38.9 MB stored; 2.7 s; peak memory 190 MiB.
2026-10-09T22:05:02Z INFO [384/1000] 51b51c20-ed45-4a42-9a67-767979245123: 48 arrays, 83.9 MB stored; 1.9 s; peak memory 190 MiB.
2026-10-09T22:05:06Z INFO [385/1000] 51b22e82-8fa8-4f74-a2ef-14bb6f5100eb: 107 arrays, 73.5 MB stored; 14.0 s; peak memory 190 MiB.
2026-10-09T22:05:07Z INFO [386/1000] 51b4d96d-9c1e-4920-9bd1-ffce3d558cf5: 540 arrays, 8.7 MB stored; 7.1 s; peak memory 190 MiB.
2026-10-09T22:05:08Z INFO [387/1000] 51b58cf4-04f6-49ba-b033-8972cc9ce63f: 48 arrays, 83.9 MB stored; 1.7 s; peak memory 190 MiB.
2026-10-09T22:05:09Z INFO [388/1000] 51b5eb48-2552-4060-8fe3-b7c20ce8e726: 47 arrays, 0.6 MB stored; 1.7 s; peak memory 190 MiB.
2026-10-09T22:05:09Z INFO [389/1000] 51b57d2d-fb0c-433d-ab4b-60081ebf7227: 257 arrays, 87.8 MB stored; 7.5 s; peak memory 191 MiB.
2026-10-09T22:05:11Z INFO [390/1000] 51b673ca-a12e-4957-9ca7-5492d7232c31: 110 arrays, 0.3 MB stored; 2.0 s; peak memory 191 MiB.
2026-10-09T22:05:11Z INFO [391/1000] 51b6ddfc-9eef-4393-91eb-2c68871d5827: 46 arrays, 0.4 MB stored; 1.8 s; peak memory 191 MiB.
2026-10-09T22:05:13Z INFO [392/1000] 51b4bff1-8349-4d47-bc1f-e26436b3e79b: 746 arrays, 23.1 MB stored; 13.3 s; peak memory 192 MiB.
2026-10-09T22:05:13Z INFO [393/1000] 51b6f519-d576-41a9-8ac1-c837d749409a: 48 arrays, 83.9 MB stored; 2.0 s; peak memory 192 MiB.
2026-10-09T22:05:15Z INFO [394/1000] 51b84261-b1c7-44ed-95c4-0495a3fde4f6: 48 arrays, 83.9 MB stored; 1.9 s; peak memory 192 MiB.
2026-10-09T22:05:15Z INFO [395/1000] 51b71440-0546-4cc5-9f1d-7cad45795d01: 114 arrays, 186.8 MB stored; 3.8 s; peak memory 192 MiB.
2026-10-09T22:05:15Z INFO [396/1000] 51b71b30-2709-4364-98cc-18be1fc7d70c: 66 arrays, 12.9 MB stored; 2.4 s; peak memory 192 MiB.
2026-10-09T22:05:17Z INFO [397/1000] 51b85a13-2e74-445d-a882-8df2fb51c0ef: 48 arrays, 83.9 MB stored; 2.0 s; peak memory 192 MiB.
2026-10-09T22:05:17Z INFO [398/1000] 51b87d7f-44d8-48a1-94f5-ff94017eb0da: 112 arrays, 0.5 MB stored; 2.3 s; peak memory 192 MiB.
2026-10-09T22:05:18Z INFO [399/1000] 51b9cb8a-1ddc-4608-bd1f-ac72169714cb: 48 arrays, 83.9 MB stored; 1.8 s; peak memory 192 MiB.
2026-10-09T22:05:21Z INFO [400/1000] 51b8b73c-9c13-40d9-ad01-4c3607dce0b7: 271 arrays, 17.3 MB stored; 6.3 s; peak memory 192 MiB.
2026-10-09T22:05:22Z INFO [400/1000] 51b8b73c-9c13-40d9-ad01-4c3607dce0b7: checkpointed 400 new records.
2026-10-09T22:05:22Z INFO [401/1000] 51b66170-a9ca-402b-a2f3-7d845f3b89b6: 600 arrays, 20.2 MB stored; 14.0 s; peak memory 257 MiB.
2026-10-09T22:05:23Z INFO [402/1000] 51bc42da-28c1-487c-babe-524c94db5f80: 46 arrays, 1.8 MB stored; 1.7 s; peak memory 257 MiB.
2026-10-09T22:05:24Z INFO [403/1000] 51bbfc2c-6154-495a-8e51-3a7e2c221488: 84 arrays, 264.3 MB stored; 2.7 s; peak memory 257 MiB.
2026-10-09T22:05:26Z INFO [404/1000] 51bc5739-7d17-4b4d-bc89-427dba47224f: 112 arrays, 0.4 MB stored; 2.4 s; peak memory 257 MiB.
2026-10-09T22:05:26Z INFO [405/1000] 51bcf5b3-91fb-46a6-9cd9-70d437260f3d: 69 arrays, 35.1 MB stored; 2.3 s; peak memory 257 MiB.
2026-10-09T22:05:26Z INFO [406/1000] 51bb8c94-b1a9-4e97-9a6e-0b0dcf083526: 553 arrays, 17.4 MB stored; 8.1 s; peak memory 257 MiB.
2026-10-09T22:05:28Z INFO [407/1000] 51bcfed8-ba2c-4a67-ab67-f7c88c720dcd: 117 arrays, 0.4 MB stored; 2.0 s; peak memory 257 MiB.
2026-10-09T22:05:28Z INFO [408/1000] 51ba1795-69cf-43af-b6fe-e443659e526f: 79 arrays, 274.7 MB stored; 10.6 s; peak memory 257 MiB.
2026-10-09T22:05:30Z INFO [409/1000] 51bd3ac2-19fe-48c4-95c1-8d63667f0908: 53 arrays, 634.2 MB stored; 3.2 s; peak memory 257 MiB.
2026-10-09T22:05:30Z INFO [410/1000] 51becd0b-7092-4d3b-a30b-dbd2c0493b16: 118 arrays, 0.2 MB stored; 2.1 s; peak memory 257 MiB.
2026-10-09T22:05:30Z INFO [411/1000] 51bf7775-9d86-498b-99bf-5c80fcf65dab: 112 arrays, 0.8 MB stored; 2.6 s; peak memory 257 MiB.
2026-10-09T22:05:32Z INFO [412/1000] 51c0a855-739a-45ce-9531-de72246e2bb5: 85 arrays, 1.2 MB stored; 1.9 s; peak memory 257 MiB.
2026-10-09T22:05:32Z INFO [413/1000] 51c0864b-c2be-4dc2-a70e-1fba6bb59d38: 62 arrays, 3920.0 MB stored; 2.6 s; peak memory 257 MiB.
2026-10-09T22:05:32Z INFO [414/1000] 51c0c51d-14dd-402b-ba1b-6f86ad021b4d: 116 arrays, 0.4 MB stored; 1.9 s; peak memory 257 MiB.
2026-10-09T22:05:34Z INFO [415/1000] 51c14a32-bc78-48e8-a283-2f2f5e29daf8: 116 arrays, 0.2 MB stored; 1.9 s; peak memory 257 MiB.
2026-10-09T22:05:34Z INFO [416/1000] 51c24f27-01c3-4b95-a110-30d883551187: 117 arrays, 0.5 MB stored; 2.2 s; peak memory 257 MiB.
2026-10-09T22:05:36Z INFO [417/1000] 51c32407-db51-4df9-8806-84e0d931e750: 116 arrays, 0.3 MB stored; 2.0 s; peak memory 257 MiB.
2026-10-09T22:05:41Z INFO [418/1000] 51bdd631-b482-4a89-a976-bc2d864ef9c5: 671 arrays, 20.0 MB stored; 14.1 s; peak memory 257 MiB.
2026-10-09T22:05:41Z INFO [419/1000] 5183b75e-d6fe-48d9-823a-3a3417076c47: 413 arrays, 23299.1 MB stored; 200.6 s; peak memory 257 MiB.
2026-10-09T22:05:42Z INFO [420/1000] 51c4592b-4a63-4036-a83d-23414459f209: 168 arrays, 52.2 MB stored; 6.0 s; peak memory 257 MiB.
2026-10-09T22:05:43Z INFO [421/1000] 51c4b7a2-5467-4472-9f6e-5efb8a2d0e7b: 48 arrays, 83.9 MB stored; 1.9 s; peak memory 257 MiB.
2026-10-09T22:05:43Z INFO [422/1000] 51c4913a-89bf-4b10-bd13-5baee9f0d18d: 112 arrays, 0.5 MB stored; 2.4 s; peak memory 257 MiB.
2026-10-09T22:05:44Z INFO [423/1000] 51c57fe9-f98c-4939-8993-df020ae6ae89: 112 arrays, 0.5 MB stored; 2.4 s; peak memory 257 MiB.
2026-10-09T22:05:44Z INFO [424/1000] 51c5c1ef-c81e-401f-ab27-04ed9c3e8c6f: 48 arrays, 83.9 MB stored; 1.9 s; peak memory 257 MiB.
2026-10-09T22:05:45Z INFO [425/1000] 51c62e99-1d2d-40c5-9daf-8960398ca7bd: 66 arrays, 99.8 MB stored; 2.3 s; peak memory 257 MiB.
2026-10-09T22:05:47Z INFO [426/1000] 51c6a540-6fef-4975-b34a-3084c2062603: 71 arrays, 89.9 MB stored; 2.9 s; peak memory 257 MiB.
2026-10-09T22:05:47Z INFO [427/1000] 51c6d968-2034-4f8f-8cce-a31dbbe5f1d5: 60 arrays, 9.6 MB stored; 2.2 s; peak memory 257 MiB.
2026-10-09T22:05:49Z INFO [428/1000] 51c787a9-ebd5-4514-857b-fafba037af46: 48 arrays, 83.9 MB stored; 1.9 s; peak memory 257 MiB.
2026-10-09T22:05:52Z INFO [429/1000] 51c8045d-9930-4616-969d-ccc57bc95ec7: 118 arrays, 0.3 MB stored; 2.3 s; peak memory 257 MiB.
2026-10-09T22:05:53Z INFO [430/1000] 51c867eb-8cef-4bec-947e-4ddd76c87317: 48 arrays, 83.9 MB stored; 1.8 s; peak memory 257 MiB.
2026-10-09T22:05:54Z INFO [431/1000] 51c648d5-d07b-40af-a47d-84411b7a2d41: 1070 arrays, 36.4 MB stored; 10.4 s; peak memory 257 MiB.
2026-10-09T22:05:56Z INFO [432/1000] 51c7ca73-9370-49c4-bfe1-676d249e7827: 566 arrays, 8.7 MB stored; 8.1 s; peak memory 257 MiB.
2026-10-09T22:05:57Z INFO [433/1000] 51c8f96d-501a-44bc-a5df-686453fd8837: 112 arrays, 0.5 MB stored; 2.2 s; peak memory 257 MiB.
2026-10-09T22:05:57Z INFO [434/1000] 51c8e587-40dd-4cdb-82be-93761ae0c8f1: 84 arrays, 276.5 MB stored; 3.8 s; peak memory 257 MiB.
2026-10-09T22:05:58Z INFO [435/1000] 51c96214-58cb-44ef-9a20-86ce6112ab4e: 50 arrays, 1809.4 MB stored; 2.2 s; peak memory 257 MiB.
2026-10-09T22:05:59Z INFO [436/1000] 51c9b713-6640-4dd3-9bfc-f23c2610111e: 48 arrays, 83.9 MB stored; 2.0 s; peak memory 257 MiB.
2026-10-09T22:06:00Z INFO [437/1000] 51ca8db9-1338-45b6-be8c-b144c01dd0ae: 52 arrays, 15.6 MB stored; 1.9 s; peak memory 257 MiB.
2026-10-09T22:06:04Z INFO [438/1000] 51cb132a-2102-4357-9eb1-fd532d4d0256: 156 arrays, 193.4 MB stored; 4.2 s; peak memory 257 MiB.
2026-10-09T22:06:06Z INFO [439/1000] 51cb3574-1227-409a-85a1-0d141901cf5f: 230 arrays, 0.8 MB stored; 2.0 s; peak memory 257 MiB.
2026-10-09T22:06:10Z INFO [440/1000] 51ca53a2-6617-494a-8462-72dd5f1f32fe: 872 arrays, 20.3 MB stored; 12.5 s; peak memory 257 MiB.
2026-10-09T22:06:21Z INFO [441/1000] 51cb3602-a93b-49f8-ba19-f55da1b65e48: 926 arrays, 44.0 MB stored; 15.2 s; peak memory 257 MiB.
2026-10-09T22:06:23Z INFO [442/1000] 51cbae8a-b31f-4bcf-8abb-eb284ab5c433: 117 arrays, 0.3 MB stored; 2.0 s; peak memory 257 MiB.
2026-10-09T22:06:34Z INFO [443/1000] 51cb5040-eef0-498e-957e-6024f20c8ab2: 812 arrays, 23.6 MB stored; 24.6 s; peak memory 257 MiB.
2026-10-09T22:06:35Z INFO [444/1000] 51cc42e0-bf07-4a00-b8b6-01abda2c9e7b: 1101 arrays, 23.8 MB stored; 11.8 s; peak memory 257 MiB.
2026-10-09T22:06:37Z INFO [445/1000] 51ccfc4f-966a-4b05-bf1f-a9c1309ca012: 112 arrays, 0.9 MB stored; 2.1 s; peak memory 257 MiB.
2026-10-09T22:06:39Z INFO [446/1000] 51cd55f7-63b9-43bb-8614-0fa4c86cbf7b: 45 arrays, 11.1 MB stored; 2.0 s; peak memory 257 MiB.
2026-10-09T22:06:41Z INFO [447/1000] 51cd6996-b496-4e90-94eb-58ae1bb91d24: 39 arrays, 786.4 MB stored; 1.7 s; peak memory 257 MiB.
2026-10-09T22:06:50Z INFO [448/1000] 51cc4e5e-a922-487b-aeae-4dc52f73db98: 989 arrays, 40.7 MB stored; 15.4 s; peak memory 257 MiB.
2026-10-09T22:06:51Z INFO [449/1000] 51cdb930-193a-498f-bd2b-86daf6f05b18: 334 arrays, 22.4 MB stored; 10.2 s; peak memory 257 MiB.
2026-10-09T22:06:53Z INFO [450/1000] 51cde7e1-8446-4a29-bb1a-627b27e333fb: 118 arrays, 0.3 MB stored; 2.1 s; peak memory 257 MiB.
2026-10-09T22:06:56Z INFO [451/1000] 51ce7246-a484-4213-adb7-dcb91824229b: 75 arrays, 11.5 MB stored; 2.8 s; peak memory 257 MiB.
2026-10-09T22:07:09Z INFO [452/1000] 51cf572f-b1cf-4ab7-a8e3-bae1cc4cd0b6: 841 arrays, 21.6 MB stored; 12.7 s; peak memory 257 MiB.
2026-10-09T22:07:10Z INFO [453/1000] 51cf877f-d9cc-4960-9f60-0d7210dbf26c: 56 arrays, 0.0 MB stored; 1.5 s; peak memory 257 MiB.
2026-10-09T22:07:12Z INFO [454/1000] 51cf8d62-15be-4789-85c0-31556ce507a9: 112 arrays, 0.1 MB stored; 1.8 s; peak memory 257 MiB.
2026-10-09T22:07:14Z INFO [455/1000] 51d0965b-22cb-4a39-bb2f-dc79a029bbc3: 38 arrays, 0.5 MB stored; 1.6 s; peak memory 257 MiB.
2026-10-09T22:07:30Z INFO [456/1000] 51af9232-94da-4ebb-a287-00959b979582: 260 arrays, 19691.7 MB stored; 166.5 s; peak memory 257 MiB.
2026-10-09T22:07:32Z INFO [457/1000] 51d0fd04-e75e-46d1-9e4f-aca612e15329: 79 arrays, 10.1 MB stored; 2.3 s; peak memory 257 MiB.
2026-10-09T22:07:36Z INFO [458/1000] 51d10576-e3d8-4ba3-9c98-691eae9fda58: 115 arrays, 186.8 MB stored; 4.2 s; peak memory 257 MiB.
2026-10-09T22:07:50Z INFO [459/1000] 51d1250f-4084-4af2-aee2-23f5525add06: 1175 arrays, 22.5 MB stored; 13.3 s; peak memory 257 MiB.
2026-10-09T22:07:52Z INFO [460/1000] 51d1478f-a9f8-4870-a37b-4accadf004c5: 52 arrays, 9.5 MB stored; 2.0 s; peak memory 257 MiB.
2026-10-09T22:07:53Z INFO [461/1000] 51d14887-092a-404e-b5de-05a7a5637e45: 48 arrays, 83.9 MB stored; 1.7 s; peak memory 257 MiB.
2026-10-09T22:07:57Z INFO [462/1000] 51d1a3e1-78a9-4a9c-93bc-5de1f6c7a0cd: 147 arrays, 169.0 MB stored; 3.8 s; peak memory 257 MiB.
2026-10-09T22:07:59Z INFO [463/1000] 51d1cfa1-e330-45e7-ac42-d024e33a84fb: 48 arrays, 83.9 MB stored; 1.8 s; peak memory 257 MiB.
2026-10-09T22:08:01Z INFO [464/1000] 51d25e98-2cdd-4824-bdfa-70a1e56e96ec: 48 arrays, 83.9 MB stored; 1.8 s; peak memory 257 MiB.
2026-10-09T22:08:04Z INFO [465/1000] 51d2c40e-0fed-4e84-b5c4-30b4025945dd: 64 arrays, 227.6 MB stored; 3.3 s; peak memory 257 MiB.
2026-10-09T22:08:05Z INFO [466/1000] 51d3359e-ce78-4947-948d-5865fc048682: 58 arrays, 0.0 MB stored; 1.5 s; peak memory 257 MiB.
2026-10-09T22:08:11Z INFO [467/1000] 51c262d4-2948-4d0e-9274-b6b052c213ee: 99 arrays, 3121.6 MB stored; 158.7 s; peak memory 257 MiB.
2026-10-09T22:08:14Z INFO [468/1000] 51d403f0-ec7f-4a46-abe4-c82794ff5a0f: 118 arrays, 51.2 MB stored; 2.8 s; peak memory 257 MiB.
2026-10-09T22:08:14Z INFO [469/1000] 51d3c8e6-e6a6-41b0-9a21-bf231c9e74a1: 193 arrays, 463.4 MB stored; 8.7 s; peak memory 257 MiB.
2026-10-09T22:08:16Z INFO [470/1000] 51d51361-ef36-4a3d-9934-86ad096fe457: 56 arrays, 0.0 MB stored; 1.5 s; peak memory 257 MiB.
2026-10-09T22:08:18Z INFO [471/1000] 51d51744-f248-4633-85ad-7a1a80fe0841: 112 arrays, 0.5 MB stored; 2.0 s; peak memory 257 MiB.
2026-10-09T22:08:20Z INFO [472/1000] 51d416de-5208-4c21-b5e3-efb5e5956835: 475 arrays, 7.2 MB stored; 6.3 s; peak memory 257 MiB.
2026-10-09T22:08:22Z INFO [473/1000] 51d566f4-0745-447e-9fb1-5cd0e9a87dde: 59 arrays, 101.2 MB stored; 2.2 s; peak memory 257 MiB.
2026-10-09T22:08:25Z INFO [474/1000] 51d5dda7-fbec-46ee-af27-571db8d613ea: 71 arrays, 200.5 MB stored; 3.1 s; peak memory 257 MiB.
2026-10-09T22:08:27Z INFO [475/1000] 51d67abb-8228-4ff6-954e-a8795e2f1136: 77 arrays, 0.0 MB stored; 2.1 s; peak memory 257 MiB.
2026-10-09T22:08:29Z INFO [476/1000] 51d6e9f0-0077-402b-ab09-6188045b6cb1: 48 arrays, 83.9 MB stored; 1.8 s; peak memory 257 MiB.
2026-10-09T22:08:31Z INFO [477/1000] 51d786c7-b296-4636-902b-cc781a421b6f: 116 arrays, 0.4 MB stored; 2.1 s; peak memory 257 MiB.
2026-10-09T22:08:34Z INFO [478/1000] 51d8959a-a909-4057-aa9a-092a5ed685b8: 112 arrays, 0.8 MB stored; 2.7 s; peak memory 257 MiB.
2026-10-09T22:08:35Z INFO [479/1000] 51caf65d-061c-4e25-9b85-9883a404da8b: 280 arrays, 19720.3 MB stored; 156.8 s; peak memory 257 MiB.
2026-10-09T22:08:36Z INFO [480/1000] 51d8991a-f4e6-49c2-8eed-22ab0dfeb3e3: 49 arrays, 1.6 MB stored; 2.2 s; peak memory 257 MiB.
2026-10-09T22:08:39Z INFO [481/1000] 51d8cbf2-7aed-4f84-a342-70c6844eda1c: 111 arrays, 5.0 MB stored; 3.3 s; peak memory 257 MiB.
2026-10-09T22:08:41Z INFO [482/1000] 51d912e3-3048-43e4-aa76-20c84f4e478f: 116 arrays, 0.4 MB stored; 2.0 s; peak memory 257 MiB.
2026-10-09T22:08:43Z INFO [483/1000] 51d94a1a-4b9b-4027-ae5e-da790343df9f: 117 arrays, 0.2 MB stored; 2.0 s; peak memory 257 MiB.
2026-10-09T22:08:45Z INFO [484/1000] 51d98f89-61dc-44ca-828a-6bb0f5577c85: 48 arrays, 83.9 MB stored; 1.7 s; peak memory 257 MiB.
2026-10-09T22:08:48Z INFO [485/1000] 51d52240-a706-4f03-ac3c-51437a589be0: 48 arrays, 40953.5 MB stored; 30.5 s; peak memory 257 MiB.
2026-10-09T22:08:50Z INFO [486/1000] 51d9e7a2-a7b3-46f4-ba5e-e527904506db: 112 arrays, 0.3 MB stored; 2.1 s; peak memory 257 MiB.
2026-10-09T22:08:52Z INFO [487/1000] 51da40a6-0e61-4892-a382-7ffda2761801: 48 arrays, 83.9 MB stored; 1.9 s; peak memory 257 MiB.
2026-10-09T22:08:58Z INFO [488/1000] 51d9c783-5580-4526-9537-860bd73163c0: 49 arrays, 8295.1 MB stored; 13.1 s; peak memory 257 MiB.
2026-10-09T22:09:08Z INFO [489/1000] 51db2848-429e-403b-aea5-13963dbb3e12: 339 arrays, 48.0 MB stored; 10.7 s; peak memory 257 MiB.
2026-10-09T22:09:10Z INFO [490/1000] 51db873b-a404-435d-b857-de888b2a9e48: 48 arrays, 83.9 MB stored; 1.6 s; peak memory 257 MiB.
2026-10-09T22:09:12Z INFO [491/1000] 51db8ec7-81dc-4c0b-a28e-752ace6cbfb0: 117 arrays, 0.4 MB stored; 1.8 s; peak memory 257 MiB.
2026-10-09T22:09:13Z INFO [492/1000] 51d90a4b-6073-4026-a0bb-9fcb4304d7d1: 36 arrays, 1039.6 MB stored; 37.1 s; peak memory 257 MiB.
2026-10-09T22:09:14Z INFO [493/1000] 51db9342-fd8f-4255-9a61-a706d8d334a9: 48 arrays, 83.9 MB stored; 1.9 s; peak memory 257 MiB.
2026-10-09T22:09:15Z INFO [494/1000] 51dbea16-c99b-4ec2-b148-310c557cd111: 111 arrays, 0.0 MB stored; 1.8 s; peak memory 257 MiB.
2026-10-09T22:09:16Z INFO [495/1000] 51dd3de6-719f-487f-ab39-c46d72b51ba1: 118 arrays, 0.4 MB stored; 2.1 s; peak memory 257 MiB.
2026-10-09T22:09:17Z INFO [496/1000] 51dd7836-fa3f-439e-a1d7-97355770a4e7: 118 arrays, 0.2 MB stored; 1.9 s; peak memory 257 MiB.
2026-10-09T22:09:18Z INFO [497/1000] 51dd7b5b-17b6-4fdf-9ef7-259d41b59015: 118 arrays, 0.2 MB stored; 1.9 s; peak memory 257 MiB.
2026-10-09T22:09:19Z INFO [498/1000] 51dda47d-c696-49ae-95bf-0fee332833df: 48 arrays, 83.9 MB stored; 1.8 s; peak memory 257 MiB.
2026-10-09T22:09:20Z INFO [499/1000] 51ddecf5-52f6-4bc1-9a50-be64fe01d12d: 112 arrays, 0.6 MB stored; 2.4 s; peak memory 257 MiB.
2026-10-09T22:09:21Z INFO [500/1000] 51de604c-6bf5-4037-8a5b-9ca8f4cdb445: 48 arrays, 83.9 MB stored; 1.9 s; peak memory 257 MiB.
2026-10-09T22:09:22Z INFO [501/1000] 51df1f90-39b3-418c-ab42-5b2c670b5dc0: 48 arrays, 83.9 MB stored; 1.8 s; peak memory 257 MiB.
2026-10-09T22:09:23Z INFO [502/1000] 51dee86c-cc79-420c-a0f3-1324746f614a: 76 arrays, 103.3 MB stored; 2.9 s; peak memory 257 MiB.
2026-10-09T22:09:25Z INFO [503/1000] 51dff7bc-068a-4954-98f0-5746e0676eff: 71 arrays, 1.5 MB stored; 2.2 s; peak memory 257 MiB.
2026-10-09T22:09:25Z INFO [504/1000] 51e035bf-5026-4dfa-a306-05cb91b842a6: 48 arrays, 83.9 MB stored; 1.8 s; peak memory 257 MiB.
2026-10-09T22:09:27Z INFO [505/1000] 51e16205-0c1c-4e09-b548-7470a1c7fd9f: 49 arrays, 25.3 MB stored; 2.2 s; peak memory 257 MiB.
2026-10-09T22:09:29Z INFO [506/1000] 51e17a65-e64e-48ee-84ca-0e7b608d0201: 48 arrays, 83.9 MB stored; 1.6 s; peak memory 257 MiB.
2026-10-09T22:09:31Z INFO [507/1000] 51e1e101-a70b-4fd4-9007-b246e592a133: 117 arrays, 0.4 MB stored; 2.1 s; peak memory 257 MiB.
2026-10-09T22:09:44Z INFO [508/1000] 51e0abf4-e89d-44bb-992d-f8d5fb58b645: 432 arrays, 1193.0 MB stored; 19.4 s; peak memory 257 MiB.
2026-10-09T22:09:45Z INFO [509/1000] 51e20efa-1b42-4b57-babe-625f60023a85: 46 arrays, 0.1 MB stored; 1.5 s; peak memory 257 MiB.
2026-10-09T22:09:46Z INFO [510/1000] 51c3855b-0ee3-40d4-8fb2-e397db0e908d: 13022 arrays, 1564.8 MB stored; 252.0 s; peak memory 257 MiB.
2026-10-09T22:09:47Z INFO [511/1000] 51e237b5-1dfe-493e-9c1b-092ad65d6c64: 77 arrays, 0.0 MB stored; 2.0 s; peak memory 257 MiB.
2026-10-09T22:09:48Z INFO [512/1000] 51e241c8-2407-43be-943a-638c35571380: 117 arrays, 0.3 MB stored; 2.1 s; peak memory 257 MiB.
2026-10-09T22:09:51Z INFO [513/1000] 51cdca01-8ba3-47e3-bcc5-277e6e49740b: 413 arrays, 22280.8 MB stored; 181.0 s; peak memory 257 MiB.
2026-10-09T22:09:51Z INFO [514/1000] 51e24b5d-0abf-499b-8318-32a2ecb709aa: 95 arrays, 9.5 MB stored; 2.6 s; peak memory 257 MiB.
2026-10-09T22:09:51Z INFO [515/1000] 51e241f3-8ba9-409a-a705-d684853b9f38: 157 arrays, 206.8 MB stored; 3.9 s; peak memory 257 MiB.
2026-10-09T22:09:53Z INFO [516/1000] 51e3d7e5-4569-4951-bbbf-f185ce537e74: 51 arrays, 8065.2 MB stored; 2.0 s; peak memory 257 MiB.
2026-10-09T22:09:53Z INFO [517/1000] 51e44222-faf2-4537-b54c-aaf667b0266c: 116 arrays, 9.8 MB stored; 2.0 s; peak memory 257 MiB.
2026-10-09T22:09:54Z INFO [518/1000] 51e4c9c6-31b2-4d69-948a-6626145670e2: 112 arrays, 0.8 MB stored; 2.3 s; peak memory 257 MiB.
2026-10-09T22:09:55Z INFO [519/1000] 51e68642-2845-4d02-9fa7-24cfc541a885: 46 arrays, 0.1 MB stored; 1.5 s; peak memory 257 MiB.
2026-10-09T22:09:56Z INFO [520/1000] 51e75b79-f078-4506-9dd9-60fc5b2d6d50: 118 arrays, 0.3 MB stored; 2.1 s; peak memory 257 MiB.
2026-10-09T22:10:05Z INFO [521/1000] 51af1567-8df4-4ee5-9ffb-455b35737a18: 62 arrays, 26615.6 MB stored; 322.5 s; peak memory 257 MiB.
2026-10-09T22:10:06Z INFO [522/1000] 51e54926-15e7-4888-bf1a-1cf7743d0d1d: 696 arrays, 23.0 MB stored; 13.3 s; peak memory 257 MiB.
2026-10-09T22:10:07Z INFO [523/1000] 51e81b75-ce05-4b37-bc95-f41459a00cc1: 873 arrays, 31.2 MB stored; 11.0 s; peak memory 257 MiB.
2026-10-09T22:10:08Z INFO [524/1000] 51e8e7cf-249f-43be-90af-9a5bcb2b6335: 62 arrays, 4355.4 MB stored; 2.3 s; peak memory 257 MiB.
2026-10-09T22:10:09Z INFO [525/1000] 51e91e3a-1ca6-445b-949a-d477832c5f6f: 112 arrays, 0.6 MB stored; 2.3 s; peak memory 257 MiB.
2026-10-09T22:10:17Z INFO [526/1000] 51e922cd-bb04-4141-982a-4f150cd0f154: 264 arrays, 36.0 MB stored; 8.4 s; peak memory 257 MiB.
2026-10-09T22:10:18Z INFO [527/1000] 51eac9b6-5630-4130-a0dc-454a062e615b: 46 arrays, 0.1 MB stored; 1.4 s; peak memory 257 MiB.
2026-10-09T22:10:18Z INFO [528/1000] 51eab27b-876b-486a-b5ae-56956e0a75a8: 601 arrays, 20.3 MB stored; 9.2 s; peak memory 257 MiB.
2026-10-09T22:10:19Z INFO [529/1000] 51e8668b-876a-4ae9-b8c6-8d0b817ad649: 107 arrays, 84.4 MB stored; 13.3 s; peak memory 257 MiB.
2026-10-09T22:10:20Z INFO [530/1000] 51ebb6b3-8c09-4725-ae5e-cabde191b6f0: 117 arrays, 0.3 MB stored; 1.9 s; peak memory 257 MiB.
2026-10-09T22:10:20Z INFO [531/1000] 51ebe49b-247f-430c-89fd-6ff7464e0878: 39 arrays, 3.9 MB stored; 1.9 s; peak memory 257 MiB.
2026-10-09T22:10:22Z INFO [532/1000] 51e77510-b647-4aea-9b39-b7390347c47c: 48 arrays, 39932.3 MB stored; 27.6 s; peak memory 257 MiB.
2026-10-09T22:10:22Z INFO [533/1000] 51ed3c8a-88a7-44f5-8f1a-3e3f52860a18: 110 arrays, 0.6 MB stored; 2.2 s; peak memory 257 MiB.
2026-10-09T22:10:24Z INFO [534/1000] 51ee25a3-11a3-4dbb-b123-bf66363d56a3: 48 arrays, 83.9 MB stored; 1.7 s; peak memory 257 MiB.
2026-10-09T22:10:24Z INFO [535/1000] 51ee20ce-f411-4e2b-b041-3cb713fbdd3b: 48 arrays, 83.9 MB stored; 1.8 s; peak memory 257 MiB.
2026-10-09T22:10:26Z INFO [536/1000] 51eef702-6a18-4cc7-bbaf-d1fb92f96d7d: 84 arrays, 0.7 MB stored; 2.3 s; peak memory 257 MiB.
2026-10-09T22:10:27Z INFO [537/1000] 51ebfaa4-42e1-4d44-98cc-09f22c46b4d0: 783 arrays, 10.0 MB stored; 8.1 s; peak memory 257 MiB.
2026-10-09T22:10:28Z INFO [538/1000] 51ef05a6-d769-42ba-ae79-3811422a6faf: 46 arrays, 0.1 MB stored; 1.5 s; peak memory 257 MiB.
2026-10-09T22:10:28Z INFO [539/1000] 51ee467d-6e6e-477e-8a8b-2b95d1d719d0: 114 arrays, 186.8 MB stored; 3.9 s; peak memory 257 MiB.
2026-10-09T22:10:28Z INFO [540/1000] 51ef1cef-abdd-49f1-b3ea-db463b58bc55: 45 arrays, 0.0 MB stored; 1.6 s; peak memory 257 MiB.
2026-10-09T22:10:29Z INFO [541/1000] 51edba28-c38d-4700-9471-d6e9e7e3de67: 196 arrays, 661.5 MB stored; 8.7 s; peak memory 257 MiB.
2026-10-09T22:10:30Z INFO [542/1000] 51ef2848-8e90-49dc-9325-91d3477d5235: 118 arrays, 0.4 MB stored; 2.1 s; peak memory 257 MiB.
2026-10-09T22:10:30Z INFO [543/1000] 51ef39c1-d439-45a7-9b9a-ee3692063a7f: 48 arrays, 83.9 MB stored; 1.8 s; peak memory 257 MiB.
2026-10-09T22:10:31Z INFO [544/1000] 51ef26af-aed8-42cf-aaae-840fcd00fb1a: 81 arrays, 11.9 MB stored; 2.9 s; peak memory 257 MiB.
2026-10-09T22:10:31Z INFO [545/1000] 51ef9599-d94a-49bc-b236-92502e3305a0: 117 arrays, 0.2 MB stored; 2.0 s; peak memory 257 MiB.
2026-10-09T22:10:32Z INFO [546/1000] 51ef9d8b-9563-41fa-9645-436c6689fc09: 84 arrays, 0.7 MB stored; 1.9 s; peak memory 257 MiB.
2026-10-09T22:10:32Z INFO [547/1000] 51ef9f12-bdaa-49fe-891b-8f3d8a8f8e6e: 48 arrays, 83.9 MB stored; 1.8 s; peak memory 257 MiB.
2026-10-09T22:10:33Z INFO [548/1000] 51efebeb-57f5-45c8-b1ca-95a79114c110: 118 arrays, 0.5 MB stored; 2.2 s; peak memory 257 MiB.
2026-10-09T22:10:34Z INFO [549/1000] 51f023f9-2bd1-465b-a2f9-a63134e19e1c: 48 arrays, 83.9 MB stored; 1.9 s; peak memory 257 MiB.
2026-10-09T22:10:35Z INFO [550/1000] 51f05f3e-800f-491d-b6c3-4e98f28a6af6: 70 arrays, 6911.1 MB stored; 3.1 s; peak memory 257 MiB.
2026-10-09T22:10:35Z INFO [551/1000] 51f16e8c-1d84-44b4-acba-4af5ce0bebde: 62 arrays, 4810.7 MB stored; 2.3 s; peak memory 257 MiB.
2026-10-09T22:10:36Z INFO [552/1000] 51f17267-e2ff-4eb8-b803-4b74580f635f: 48 arrays, 83.9 MB stored; 1.8 s; peak memory 257 MiB.
2026-10-09T22:10:37Z INFO [553/1000] 51f2c22d-1303-4c4e-9205-a6865f5f0312: 48 arrays, 83.9 MB stored; 1.8 s; peak memory 257 MiB.
2026-10-09T22:10:37Z INFO [554/1000] 51f1c440-6b50-49b8-a630-e3f8ae139cde: 117 arrays, 0.3 MB stored; 2.1 s; peak memory 257 MiB.
2026-10-09T22:10:37Z INFO [555/1000] 51f2c70f-ba8c-42a5-bf63-de8e72ca8bbf: 48 arrays, 83.9 MB stored; 1.9 s; peak memory 257 MiB.
2026-10-09T22:10:39Z INFO [556/1000] 51f2e043-5f29-41af-9e91-8251a3b3e342: 48 arrays, 83.9 MB stored; 1.8 s; peak memory 257 MiB.
2026-10-09T22:10:39Z INFO [557/1000] 51f470f6-d3bd-41af-9373-ac3bff2ad0ed: 48 arrays, 83.9 MB stored; 1.9 s; peak memory 257 MiB.
2026-10-09T22:10:40Z INFO [558/1000] 51f441a2-6421-473b-8b83-1523cd71fa2e: 112 arrays, 0.6 MB stored; 2.6 s; peak memory 257 MiB.
2026-10-09T22:10:41Z INFO [559/1000] 51f53828-9905-4df4-bfda-5c8058bc7ac9: 48 arrays, 83.9 MB stored; 1.9 s; peak memory 257 MiB.
2026-10-09T22:10:42Z INFO [560/1000] 51f5befb-70ea-4912-8f79-127fc757ead2: 48 arrays, 83.9 MB stored; 1.8 s; peak memory 257 MiB.
2026-10-09T22:10:43Z INFO [561/1000] 51f6f00a-81f9-4902-a33b-09b79e9af893: 46 arrays, 0.2 MB stored; 1.6 s; peak memory 257 MiB.
2026-10-09T22:10:44Z INFO [562/1000] 51f7795a-ea68-405f-820a-ea12cd300781: 51 arrays, 630.4 MB stored; 2.2 s; peak memory 257 MiB.
2026-10-09T22:10:45Z INFO [563/1000] 51f78bdd-b3db-4124-a017-f1f20d97bad4: 48 arrays, 83.9 MB stored; 1.8 s; peak memory 257 MiB.
2026-10-09T22:10:46Z INFO [564/1000] 51f8ee09-b418-4b8c-90b1-9d8b517f3cc7: 48 arrays, 83.9 MB stored; 1.8 s; peak memory 257 MiB.
2026-10-09T22:10:46Z INFO [565/1000] 51f98e5f-c29a-43a6-8009-f63e74965967: 48 arrays, 83.9 MB stored; 1.8 s; peak memory 257 MiB.
2026-10-09T22:10:48Z INFO [566/1000] 51fac915-d280-4e14-8891-f0b8d17cf776: 46 arrays, 12.6 MB stored; 1.8 s; peak memory 257 MiB.
2026-10-09T22:10:50Z INFO [567/1000] 51fad2a2-04be-4d37-9bac-17778faa71df: 48 arrays, 83.9 MB stored; 1.6 s; peak memory 257 MiB.
2026-10-09T22:10:51Z INFO [568/1000] 51effbb5-03a3-4510-bb7c-7ce1460c56ab: 998 arrays, 31.5 MB stored; 20.2 s; peak memory 257 MiB.
2026-10-09T22:10:52Z INFO [569/1000] 51faf3c4-db1c-47b1-b582-07bf06db3c2d: 48 arrays, 83.9 MB stored; 1.8 s; peak memory 257 MiB.
2026-10-09T22:10:53Z INFO [570/1000] 51fb2369-86a7-46ba-a8f3-94473ec12923: 48 arrays, 83.9 MB stored; 1.9 s; peak memory 257 MiB.
2026-10-09T22:10:53Z INFO [571/1000] 51f4de02-2300-4fed-a51a-20f99e940793: 971 arrays, 41.6 MB stored; 14.5 s; peak memory 257 MiB.
2026-10-09T22:10:54Z INFO [572/1000] 51fbba6d-4cce-4b5d-aed9-ad0fcafaadb0: 117 arrays, 0.2 MB stored; 1.9 s; peak memory 257 MiB.
2026-10-09T22:10:55Z INFO [573/1000] 51fcbbcf-5d5c-4ec2-ad37-28fe2880a373: 48 arrays, 83.9 MB stored; 1.8 s; peak memory 257 MiB.
2026-10-09T22:10:56Z INFO [574/1000] 51fbe331-f388-4eec-803b-f18a81f38a06: 70 arrays, 33.8 MB stored; 2.4 s; peak memory 257 MiB.
2026-10-09T22:10:57Z INFO [575/1000] 51fcf5cb-6610-42cf-9d89-85ef7f473745: 117 arrays, 0.3 MB stored; 2.1 s; peak memory 257 MiB.
2026-10-09T22:10:57Z INFO [576/1000] 51fcfbaf-0846-4839-8621-141090addac4: 48 arrays, 83.9 MB stored; 1.6 s; peak memory 257 MiB.
2026-10-09T22:10:59Z INFO [577/1000] 51fdce46-b268-4b54-a246-c5747e4cb5de: 57 arrays, 0.0 MB stored; 1.5 s; peak memory 257 MiB.
2026-10-09T22:10:59Z INFO [578/1000] 51fd7589-16b1-4b78-9a6d-cc7a636442bf: 48 arrays, 83.9 MB stored; 1.7 s; peak memory 257 MiB.
2026-10-09T22:11:01Z INFO [579/1000] 51fdefc5-a3ad-4759-8a51-2470ab55af1c: 112 arrays, 0.6 MB stored; 2.1 s; peak memory 257 MiB.
2026-10-09T22:11:02Z INFO [580/1000] 51fde0a1-c329-4577-a913-cb95317e4578: 53 arrays, 9.3 MB stored; 2.9 s; peak memory 257 MiB.
2026-10-09T22:11:03Z INFO [581/1000] 51fdf53d-0634-4b04-b078-24ab4094f65e: 48 arrays, 83.9 MB stored; 1.7 s; peak memory 257 MiB.
2026-10-09T22:11:03Z INFO [582/1000] 51fa2c7d-9770-4db0-a54e-89e4b76e9013: 38 arrays, 329.1 MB stored; 17.5 s; peak memory 257 MiB.
2026-10-09T22:11:03Z INFO [583/1000] 51fe4194-f4c5-4a1f-8584-2ca6231a999e: 46 arrays, 0.1 MB stored; 1.5 s; peak memory 257 MiB.
2026-10-09T22:11:05Z INFO [584/1000] 51fe9fd8-3f93-4543-911e-52da6a6a1c03: 41 arrays, 4.8 MB stored; 1.8 s; peak memory 257 MiB.
2026-10-09T22:11:05Z INFO [585/1000] 51fbcfd4-de3c-487a-9bf5-83227af71705: 718 arrays, 18.5 MB stored; 12.2 s; peak memory 257 MiB.
2026-10-09T22:11:07Z INFO [586/1000] 51ff1361-886d-454d-a110-3cac68371564: 117 arrays, 0.3 MB stored; 1.9 s; peak memory 257 MiB.
2026-10-09T22:11:07Z INFO [587/1000] 51ffaea3-706a-4b40-a699-f8951d50a2db: 112 arrays, 0.4 MB stored; 2.2 s; peak memory 257 MiB.
2026-10-09T22:11:09Z INFO [588/1000] 5200a33e-4482-4b01-8023-d4c3be1d4c41: 117 arrays, 0.2 MB stored; 1.9 s; peak memory 257 MiB.
2026-10-09T22:11:11Z INFO [589/1000] 520184bd-70c2-456d-89d9-41b35738f0b4: 48 arrays, 251.7 MB stored; 1.9 s; peak memory 257 MiB.
2026-10-09T22:11:15Z INFO [590/1000] 51feab43-ec2f-4fa2-90a2-b0e229730eec: 3955 arrays, 34.4 MB stored; 11.4 s; peak memory 257 MiB.
2026-10-09T22:11:16Z INFO [591/1000] 52002001-24a6-4344-af9b-9dc71f05b9be: 537 arrays, 8.5 MB stored; 9.2 s; peak memory 257 MiB.
2026-10-09T22:11:17Z INFO [592/1000] 52036011-9bdc-408c-947f-3ccfead0e64d: 109 arrays, 0.3 MB stored; 2.1 s; peak memory 257 MiB.
2026-10-09T22:11:21Z INFO [593/1000] 5202ed42-fd58-4832-8aae-b403404652c5: 2909 arrays, 11.2 MB stored; 9.6 s; peak memory 257 MiB.
2026-10-09T22:11:23Z INFO [594/1000] 5203ecdb-df75-46d3-9a13-7c35f2d383d4: 233 arrays, 14.0 MB stored; 6.0 s; peak memory 257 MiB.
2026-10-09T22:11:24Z INFO [595/1000] 5203e84b-94a8-4c78-9ce8-476a35e3eaab: 106 arrays, 9111.8 MB stored; 8.5 s; peak memory 257 MiB.
2026-10-09T22:11:31Z INFO [596/1000] 5205b7cd-663f-46c8-a2e2-20d31ab3a73e: 471 arrays, 6.2 MB stored; 6.5 s; peak memory 257 MiB.
2026-10-09T22:11:31Z INFO [597/1000] 5205453e-6f31-4e23-b6e4-f8d34f12d5e9: 818 arrays, 10.2 MB stored; 8.1 s; peak memory 257 MiB.
2026-10-09T22:11:35Z INFO [598/1000] 5206c0a9-b36b-496e-bc0c-c8904a980041: 38 arrays, 57.2 MB stored; 4.0 s; peak memory 257 MiB.
2026-10-09T22:11:43Z INFO [599/1000] 51ff09de-5cec-40d0-9e04-ef42599214fd: 8692 arrays, 74.0 MB stored; 39.9 s; peak memory 259 MiB.
2026-10-09T22:11:45Z INFO [600/1000] 520777a4-a788-408a-9d65-3dfeceb0a54d: 878 arrays, 9.0 MB stored; 10.2 s; peak memory 260 MiB.
2026-10-09T22:11:46Z INFO [600/1000] 520777a4-a788-408a-9d65-3dfeceb0a54d: checkpointed 600 new records.
2026-10-09T22:11:47Z INFO [601/1000] 52096bae-c10a-4470-aece-08364a53125e: 175 arrays, 11.9 MB stored; 3.5 s; peak memory 370 MiB.
2026-10-09T22:11:47Z INFO [602/1000] 520a1828-a18c-4109-a15a-5821c07f159f: 117 arrays, 0.6 MB stored; 2.1 s; peak memory 370 MiB.
2026-10-09T22:11:49Z INFO [603/1000] 520b2d60-9f16-4ad7-a8b2-fe81bdb4367e: 48 arrays, 83.9 MB stored; 1.7 s; peak memory 370 MiB.
2026-10-09T22:11:51Z INFO [604/1000] 520b4f75-7f64-4b89-8646-cab744119dfd: 66 arrays, 10.3 MB stored; 2.1 s; peak memory 370 MiB.
2026-10-09T22:11:52Z INFO [605/1000] 520bd7c6-0a25-4946-b3b8-4dd3b1f87661: 52 arrays, 0.0 MB stored; 1.5 s; peak memory 370 MiB.
2026-10-09T22:11:54Z INFO [606/1000] 520c05c4-c0a9-4c17-866c-19b65acb0e74: 46 arrays, 0.0 MB stored; 1.4 s; peak memory 370 MiB.
2026-10-09T22:11:56Z INFO [607/1000] 520ae7ad-0fae-4b3d-951c-910352ecb0d4: 297 arrays, 41.3 MB stored; 9.5 s; peak memory 370 MiB.
2026-10-09T22:11:58Z INFO [608/1000] 520cc295-66ca-41e4-85ef-174c4ab6687c: 48 arrays, 83.9 MB stored; 1.8 s; peak memory 370 MiB.
2026-10-09T22:11:58Z INFO [609/1000] 520c0c77-1489-41e9-b0a5-894797fde090: 85 arrays, 403.8 MB stored; 4.1 s; peak memory 370 MiB.
2026-10-09T22:12:00Z INFO [610/1000] 520ce7cb-a427-472a-88d5-5f34fc5cc0db: 48 arrays, 83.9 MB stored; 1.8 s; peak memory 370 MiB.
2026-10-09T22:12:00Z INFO [611/1000] 520d29d4-010f-443d-92a9-e278a8e5dac4: 52 arrays, 14.0 MB stored; 2.1 s; peak memory 370 MiB.
2026-10-09T22:12:02Z INFO [612/1000] 520d96fa-92e2-45dd-bc40-20c6e52f03aa: 52 arrays, 10.0 MB stored; 1.9 s; peak memory 370 MiB.
2026-10-09T22:12:02Z INFO [613/1000] 520dd1ed-2c9f-4e4f-9d39-d887fa7eee5d: 116 arrays, 0.2 MB stored; 2.0 s; peak memory 370 MiB.
2026-10-09T22:12:03Z INFO [614/1000] 52075cd3-c9bd-4e90-b5fb-9d24967e7b5e: 48 arrays, 39293.8 MB stored; 32.4 s; peak memory 370 MiB.
2026-10-09T22:12:04Z INFO [615/1000] 520e28f5-9b7a-41ed-9252-e8928f8c504b: 66 arrays, 41.5 MB stored; 2.3 s; peak memory 370 MiB.
2026-10-09T22:12:04Z INFO [616/1000] 520e3821-dc26-4847-8431-93a81f81f47c: 69 arrays, 0.7 MB stored; 2.2 s; peak memory 370 MiB.
2026-10-09T22:12:07Z INFO [617/1000] 520e6ee6-0ee4-4cdc-a6ee-cb9604c30dd7: 117 arrays, 31.5 MB stored; 3.5 s; peak memory 370 MiB.
2026-10-09T22:12:07Z INFO [618/1000] 520e9b61-c3cf-42d2-8ac3-4f40542ca2d4: 112 arrays, 0.8 MB stored; 2.7 s; peak memory 370 MiB.
2026-10-09T22:12:08Z INFO [619/1000] 520eb040-3b8a-432d-bb7a-580e58a353b3: 45 arrays, 0.0 MB stored; 1.6 s; peak memory 370 MiB.
2026-10-09T22:12:09Z INFO [620/1000] 520ef909-bfe5-4fda-966f-090e8efe554a: 110 arrays, 0.4 MB stored; 2.2 s; peak memory 370 MiB.
2026-10-09T22:12:10Z INFO [621/1000] 521036fd-8b82-4202-8f05-f000368859b7: 117 arrays, 0.4 MB stored; 2.1 s; peak memory 370 MiB.
2026-10-09T22:12:12Z INFO [622/1000] 5210f3d0-cb8d-4c76-9c04-0b4e77b9df41: 38 arrays, 0.5 MB stored; 1.6 s; peak memory 370 MiB.
2026-10-09T22:12:17Z INFO [623/1000] 520e76a0-c089-4ece-a8d8-5df6abd588b9: 631 arrays, 39.3 MB stored; 12.8 s; peak memory 370 MiB.
2026-10-09T22:12:17Z INFO [624/1000] 52110fac-0685-4cf5-bd28-8f677390c15a: 312 arrays, 2.4 MB stored; 4.9 s; peak memory 370 MiB.
2026-10-09T22:12:18Z INFO [625/1000] 52128d7e-49b9-43b3-9113-e55fd1dcb1ea: 38 arrays, 0.5 MB stored; 1.5 s; peak memory 370 MiB.
2026-10-09T22:12:19Z INFO [626/1000] 52125c98-4fd8-41f4-9306-c5ee49397f0b: 52 arrays, 14.1 MB stored; 2.0 s; peak memory 370 MiB.
2026-10-09T22:12:21Z INFO [627/1000] 5210bb2c-7ee4-41e7-8658-4d2a8e9860d0: 939 arrays, 33.4 MB stored; 11.6 s; peak memory 370 MiB.
2026-10-09T22:12:21Z INFO [628/1000] 52129d9d-c6f5-4bd4-b3fc-89b6bb04c1a0: 110 arrays, 0.7 MB stored; 2.3 s; peak memory 370 MiB.
2026-10-09T22:12:21Z INFO [629/1000] 5212fbbb-a0cd-4859-9044-f96907723627: 117 arrays, 0.3 MB stored; 2.0 s; peak memory 370 MiB.
2026-10-09T22:12:22Z INFO [630/1000] 5214702d-449b-4b03-96a4-7e8b46170dbd: 50 arrays, 4.5 MB stored; 1.7 s; peak memory 370 MiB.
2026-10-09T22:12:23Z INFO [631/1000] 52148a47-9a85-4de5-9f6d-3255d70f5d30: 116 arrays, 0.2 MB stored; 2.0 s; peak memory 370 MiB.
2026-10-09T22:12:24Z INFO [632/1000] 52156358-5717-40a7-b362-bf5963685798: 48 arrays, 83.9 MB stored; 1.8 s; peak memory 370 MiB.
2026-10-09T22:12:26Z INFO [633/1000] 52170f04-4212-4966-a335-346e8a3f0652: 69 arrays, 268.0 MB stored; 2.4 s; peak memory 370 MiB.
2026-10-09T22:12:27Z INFO [634/1000] 51e20dd2-041f-4c14-9a65-1b4f1be55938: 414 arrays, 22243.5 MB stored; 176.2 s; peak memory 370 MiB.
2026-10-09T22:12:28Z INFO [635/1000] 52177151-0b39-487d-a733-631f31ee3a36: 51 arrays, 0.0 MB stored; 1.6 s; peak memory 370 MiB.
2026-10-09T22:12:29Z INFO [636/1000] 5217a89c-d8c1-4e86-b711-6cc4f9cf0438: 66 arrays, 19.7 MB stored; 2.4 s; peak memory 370 MiB.
2026-10-09T22:12:30Z INFO [637/1000] 5218aa39-64f1-4377-a674-f805cce33d31: 112 arrays, 0.6 MB stored; 2.3 s; peak memory 370 MiB.
2026-10-09T22:12:31Z INFO [638/1000] 52196899-6e2e-4a6d-a389-940794c6a52c: 112 arrays, 0.7 MB stored; 2.1 s; peak memory 370 MiB.
2026-10-09T22:12:32Z INFO [639/1000] 52198707-a194-43d2-9d38-efc7738a2215: 48 arrays, 83.9 MB stored; 1.9 s; peak memory 370 MiB.
2026-10-09T22:12:35Z INFO [640/1000] 5219dbc1-917a-4286-acab-a4c6544a72c3: 115 arrays, 190.0 MB stored; 3.7 s; peak memory 370 MiB.
2026-10-09T22:12:37Z INFO [641/1000] 521a4b02-b642-4dbd-b423-f5169c43f8c9: 48 arrays, 83.9 MB stored; 1.6 s; peak memory 370 MiB.
2026-10-09T22:12:37Z INFO [642/1000] 5213edbc-19dd-48a0-8139-1b79902f118a: 1145 arrays, 22.6 MB stored; 16.8 s; peak memory 370 MiB.
2026-10-09T22:12:40Z INFO [643/1000] 521add06-673e-4eec-8441-7296ca6c3aca: 116 arrays, 0.3 MB stored; 2.2 s; peak memory 370 MiB.
2026-10-09T22:12:41Z INFO [644/1000] 5219fdcc-4623-47fc-980d-f7e12a34e8b2: 537 arrays, 8.5 MB stored; 8.8 s; peak memory 370 MiB.
2026-10-09T22:12:42Z INFO [645/1000] 521bd027-ccb6-4dc4-9084-0785879f2adc: 45 arrays, 10.9 MB stored; 2.1 s; peak memory 370 MiB.
2026-10-09T22:12:42Z INFO [646/1000] 521aba80-2009-4c37-a676-dec56338bc2e: 364 arrays, 5.6 MB stored; 5.6 s; peak memory 370 MiB.
2026-10-09T22:12:44Z INFO [647/1000] 521c6461-2ac6-49bd-a3dd-04313e5cffd3: 112 arrays, 0.9 MB stored; 2.4 s; peak memory 370 MiB.
2026-10-09T22:12:48Z INFO [648/1000] 521bebdf-cd96-49db-9fbe-1a972ed25596: 488 arrays, 4.8 MB stored; 6.6 s; peak memory 370 MiB.
2026-10-09T22:12:50Z INFO [649/1000] 521e3af5-15d8-4732-a929-a74216e8c509: 118 arrays, 0.4 MB stored; 2.0 s; peak memory 370 MiB.
2026-10-09T22:12:52Z INFO [650/1000] 521e9751-26c1-49f5-850f-2cbe0d1eeed5: 108 arrays, 0.3 MB stored; 2.0 s; peak memory 370 MiB.
2026-10-09T22:12:52Z INFO [651/1000] 5215f547-2dc8-42f6-8664-84e96e4218c0: 48 arrays, 41094.8 MB stored; 29.2 s; peak memory 370 MiB.
2026-10-09T22:12:54Z INFO [652/1000] 521eba9e-f706-4880-9449-fe65c9eb9a3e: 131 arrays, 0.4 MB stored; 2.3 s; peak memory 370 MiB.
2026-10-09T22:12:54Z INFO [653/1000] 521ee0ca-701e-46ba-a054-0b3237c1ca4b: 110 arrays, 0.3 MB stored; 2.1 s; peak memory 370 MiB.
2026-10-09T22:12:55Z INFO [654/1000] 521d5746-8621-4076-9538-c47cde5832b6: 244 arrays, 1100.0 MB stored; 10.9 s; peak memory 370 MiB.
2026-10-09T22:12:56Z INFO [655/1000] 521f9573-1614-4ef6-b51d-b4ae98569d6b: 46 arrays, 0.0 MB stored; 1.5 s; peak memory 370 MiB.
2026-10-09T22:12:56Z INFO [656/1000] 521f548d-b6d4-41f8-aac2-0b7e16080e2a: 112 arrays, 0.1 MB stored; 1.8 s; peak memory 370 MiB.
2026-10-09T22:12:58Z INFO [657/1000] 521fc826-aa33-4135-82fb-194dfe92dcbc: 117 arrays, 0.2 MB stored; 2.1 s; peak memory 370 MiB.
2026-10-09T22:12:59Z INFO [658/1000] 521fad14-b522-4056-b8a3-14e059cad228: 119 arrays, 67.3 MB stored; 3.9 s; peak memory 370 MiB.
2026-10-09T22:13:00Z INFO [659/1000] 521fb089-cf2f-41db-9f19-46bf1a63f08d: 156 arrays, 193.5 MB stored; 4.5 s; peak memory 370 MiB.
2026-10-09T22:13:00Z INFO [660/1000] 521fd0fa-d8ff-4ab5-9fa2-c88fe41ad2ed: 112 arrays, 1.0 MB stored; 2.4 s; peak memory 370 MiB.
2026-10-09T22:13:00Z INFO [661/1000] 5221f389-b87e-4d08-b57f-27ee7ad34cc2: 33 arrays, 0.0 MB stored; 1.5 s; peak memory 370 MiB.
2026-10-09T22:13:02Z INFO [662/1000] 522218c1-a219-4864-bf2d-21d3d9252122: 48 arrays, 83.9 MB stored; 1.7 s; peak memory 370 MiB.
2026-10-09T22:13:02Z INFO [663/1000] 52231d85-ef5d-49a0-9f0c-2779e3a072dd: 90 arrays, 0.2 MB stored; 2.1 s; peak memory 370 MiB.
2026-10-09T22:13:02Z INFO [664/1000] 522338b0-8446-499c-8e23-9664fbe50496: 112 arrays, 0.5 MB stored; 2.0 s; peak memory 370 MiB.
2026-10-09T22:13:04Z INFO [665/1000] 52236d03-f8de-4af2-b817-2b35e63c7ae5: 39 arrays, 786.4 MB stored; 1.9 s; peak memory 370 MiB.
2026-10-09T22:13:05Z INFO [666/1000] 522363c8-4d37-4d6b-a25c-2658ec5c92e4: 115 arrays, 190.1 MB stored; 3.7 s; peak memory 370 MiB.
2026-10-09T22:13:06Z INFO [667/1000] 522480b4-4718-4792-9bed-63033cb22245: 118 arrays, 0.4 MB stored; 1.9 s; peak memory 370 MiB.
2026-10-09T22:13:06Z INFO [668/1000] 52247dcf-3edb-4f3c-a265-d70fc669179e: 115 arrays, 190.1 MB stored; 3.7 s; peak memory 370 MiB.
2026-10-09T22:13:08Z INFO [669/1000] 522494a8-bdf1-40e6-a6f8-637e2bae4c02: 79 arrays, 5.5 MB stored; 2.2 s; peak memory 370 MiB.
2026-10-09T22:13:08Z INFO [670/1000] 5224cdcf-3d39-495a-b7d3-f55466de82f7: 117 arrays, 0.3 MB stored; 2.0 s; peak memory 370 MiB.
2026-10-09T22:13:09Z INFO [671/1000] 5224e217-569f-423e-a06e-05dc1729b7f8: 170 arrays, 0.7 MB stored; 2.3 s; peak memory 370 MiB.
2026-10-09T22:13:10Z INFO [672/1000] 52044fe0-1108-43d2-a29c-e062723c6ac3: 58 arrays, 7265.1 MB stored; 109.1 s; peak memory 370 MiB.
2026-10-09T22:13:10Z INFO [673/1000] 522541ad-f909-45d4-8ff5-f405067d3889: 66 arrays, 20.0 MB stored; 2.4 s; peak memory 370 MiB.
2026-10-09T22:13:10Z INFO [674/1000] 52261418-37b6-493c-be47-e229d869e30c: 44 arrays, 0.0 MB stored; 1.6 s; peak memory 370 MiB.
2026-10-09T22:13:11Z INFO [675/1000] 5225f6c6-b92f-4a74-9e8f-f5d5286c6f59: 64 arrays, 15.7 MB stored; 2.4 s; peak memory 370 MiB.
2026-10-09T22:13:12Z INFO [676/1000] 52263eda-abdc-4aa1-b445-a33f1d3b5460: 48 arrays, 83.9 MB stored; 1.9 s; peak memory 370 MiB.
2026-10-09T22:13:12Z INFO [677/1000] 52268969-4f63-4bb0-9526-7ca3fc428f27: 48 arrays, 83.9 MB stored; 1.7 s; peak memory 370 MiB.
2026-10-09T22:13:12Z INFO [678/1000] 52269b5a-934a-41d0-a7e1-2ea3c5752056: 48 arrays, 83.9 MB stored; 1.8 s; peak memory 370 MiB.
2026-10-09T22:13:13Z INFO [679/1000] 5226632e-1a99-4dad-b44a-77feee56a116: 194 arrays, 1.1 MB stored; 2.6 s; peak memory 370 MiB.
2026-10-09T22:13:13Z INFO [680/1000] 52283c2d-25a2-4c99-9e0a-d89f4aa737ca: 46 arrays, 0.0 MB stored; 1.4 s; peak memory 370 MiB.
2026-10-09T22:13:14Z INFO [681/1000] 52297791-0a5d-4b8c-a0a6-833057c7f8cb: 48 arrays, 83.9 MB stored; 1.8 s; peak memory 370 MiB.
2026-10-09T22:13:15Z INFO [682/1000] 5229f33c-2121-4770-be5d-7a81693dc623: 116 arrays, 0.4 MB stored; 2.2 s; peak memory 370 MiB.
2026-10-09T22:13:15Z INFO [683/1000] 522a351c-9dca-45a8-848e-7e0b7df53121: 89 arrays, 0.2 MB stored; 1.8 s; peak memory 370 MiB.
2026-10-09T22:13:15Z INFO [684/1000] 5228a9c8-43b8-4bd8-b6c1-131968e3c255: 38 arrays, 25.2 MB stored; 3.4 s; peak memory 370 MiB.
2026-10-09T22:13:15Z INFO [685/1000] 51daf4e1-cc16-469b-8cf3-67c4055bba91: 173 arrays, 350996.4 MB stored; 263.4 s; peak memory 370 MiB.
2026-10-09T22:13:17Z INFO [686/1000] 522abb1c-1560-4802-8096-9d57a52c58ff: 46 arrays, 12.6 MB stored; 1.9 s; peak memory 370 MiB.
2026-10-09T22:13:18Z INFO [687/1000] 522b0203-1e0a-4d78-b181-5817e741ddac: 64 arrays, 29.4 MB stored; 2.4 s; peak memory 370 MiB.
2026-10-09T22:13:18Z INFO [688/1000] 522b5a3c-ae42-40a7-a650-c2f023c54eda: 74 arrays, 2.2 MB stored; 2.6 s; peak memory 370 MiB.
2026-10-09T22:13:18Z INFO [689/1000] 522a5136-8c00-4d6c-88d0-7528f32f6ea8: 115 arrays, 190.1 MB stored; 4.1 s; peak memory 370 MiB.
2026-10-09T22:13:19Z INFO [690/1000] 522b6d1e-1066-4dab-8ea0-674427f09032: 48 arrays, 83.9 MB stored; 1.8 s; peak memory 370 MiB.
2026-10-09T22:13:20Z INFO [691/1000] 522c171f-3521-41c0-94c8-f0509ed9b79c: 46 arrays, 5102.0 MB stored; 2.3 s; peak memory 370 MiB.
2026-10-09T22:13:20Z INFO [692/1000] 522c4172-8570-4b08-9b69-273c600e3760: 48 arrays, 83.9 MB stored; 1.8 s; peak memory 370 MiB.
2026-10-09T22:13:20Z INFO [693/1000] 522ab6ac-7f70-44fe-9072-2eafaa093ab8: 369 arrays, 2.9 MB stored; 5.5 s; peak memory 370 MiB.
2026-10-09T22:13:21Z INFO [694/1000] 522ca7c8-c254-4206-8a7a-42fdf87dfe84: 42 arrays, 0.6 MB stored; 1.8 s; peak memory 370 MiB.
2026-10-09T22:13:22Z INFO [695/1000] 522ce401-4366-4a1d-92a1-05959c4b1d0d: 48 arrays, 83.9 MB stored; 1.9 s; peak memory 370 MiB.
2026-10-09T22:13:22Z INFO [696/1000] 522cf3fc-2646-4772-b3d9-9f1f1f4a1257: 52 arrays, 13.1 MB stored; 2.0 s; peak memory 370 MiB.
2026-10-09T22:13:22Z INFO [697/1000] 522e46f6-c4da-4430-ae94-2c5600e7ee34: 48 arrays, 83.9 MB stored; 1.7 s; peak memory 370 MiB.
2026-10-09T22:13:23Z INFO [698/1000] 522facc9-0419-414a-bccd-b14c92cede02: 46 arrays, 0.0 MB stored; 1.4 s; peak memory 370 MiB.
2026-10-09T22:13:25Z INFO [699/1000] 522e2ac0-c44a-4ccf-995d-6abce7942af2: 156 arrays, 193.5 MB stored; 4.3 s; peak memory 370 MiB.
2026-10-09T22:13:25Z INFO [700/1000] 523054a6-0fa5-4cba-8937-4c780ec1954d: 112 arrays, 0.6 MB stored; 2.6 s; peak memory 370 MiB.
2026-10-09T22:13:25Z INFO [701/1000] 523071ed-e7e7-4c19-8118-15208f0bdad8: 48 arrays, 83.9 MB stored; 1.8 s; peak memory 370 MiB.
2026-10-09T22:13:29Z INFO [702/1000] 523133a8-8e8f-41ef-a808-c063dc7b7ea9: 55 arrays, 672.7 MB stored; 4.0 s; peak memory 370 MiB.
2026-10-09T22:13:29Z INFO [703/1000] 522f2a4d-6788-4076-8c6c-0500a63f9fa4: 223 arrays, 1205.7 MB stored; 7.6 s; peak memory 370 MiB.
2026-10-09T22:13:31Z INFO [704/1000] 523298e0-2c55-4a54-9231-a8e1d89d8da8: 118 arrays, 0.3 MB stored; 2.0 s; peak memory 370 MiB.
2026-10-09T22:13:31Z INFO [705/1000] 5232aadb-d899-4a88-908f-4bcbf316c07b: 46 arrays, 0.0 MB stored; 1.4 s; peak memory 370 MiB.
2026-10-09T22:13:31Z INFO [706/1000] 522c2549-dc9f-41b8-9fcc-d02ed73d141f: 11484 arrays, 180.3 MB stored; 13.4 s; peak memory 370 MiB.
2026-10-09T22:13:32Z INFO [707/1000] 52314fb7-0f9c-46d7-b47f-624c544885bb: 225 arrays, 308.6 MB stored; 7.3 s; peak memory 370 MiB.
2026-10-09T22:13:32Z INFO [708/1000] 5232cb24-0194-481f-9a1e-6ce0852c51ab: 48 arrays, 83.9 MB stored; 1.9 s; peak memory 370 MiB.
2026-10-09T22:13:33Z INFO [709/1000] 5233756f-2596-4502-b931-88ac3c8e3bc5: 57 arrays, 0.0 MB stored; 1.5 s; peak memory 370 MiB.
2026-10-09T22:13:33Z INFO [710/1000] 52333ad0-0a71-4552-a3a0-5b2e95e00c72: 66 arrays, 18.8 MB stored; 2.5 s; peak memory 370 MiB.
2026-10-09T22:13:34Z INFO [711/1000] 52338cb2-6dec-4c3b-abd6-c7ca891ca354: 116 arrays, 0.4 MB stored; 2.0 s; peak memory 370 MiB.
2026-10-09T22:13:36Z INFO [712/1000] 5233f17f-cb72-4186-8030-4b04445e226d: 38 arrays, 33.5 MB stored; 3.2 s; peak memory 370 MiB.
2026-10-09T22:13:36Z INFO [713/1000] 5233f654-be39-4c31-b4f2-8350aad812bc: 71 arrays, 65.4 MB stored; 2.8 s; peak memory 370 MiB.
2026-10-09T22:13:36Z INFO [714/1000] 52349a31-1b53-48c9-8987-943a8c64ecc3: 121 arrays, 0.1 MB stored; 1.8 s; peak memory 370 MiB.
2026-10-09T22:13:36Z INFO [715/1000] 523417e4-8c15-46a5-8ef6-97d04290fbe1: 71 arrays, 4.0 MB stored; 2.6 s; peak memory 370 MiB.
2026-10-09T22:13:38Z INFO [716/1000] 5234aa2d-e1eb-4969-82ff-9e710fffcd69: 84 arrays, 0.1 MB stored; 1.9 s; peak memory 370 MiB.
2026-10-09T22:13:38Z INFO [717/1000] 5234c8dd-6a2e-4d29-833c-e352d6d3be68: 50 arrays, 2.5 MB stored; 1.8 s; peak memory 370 MiB.
2026-10-09T22:13:38Z INFO [718/1000] 523249bc-2c92-47d5-8278-3d93bf4d2e7b: 878 arrays, 31.9 MB stored; 12.8 s; peak memory 370 MiB.
2026-10-09T22:13:39Z INFO [719/1000] 5235138c-a6c0-4363-9df7-24f244264ed9: 112 arrays, 0.9 MB stored; 2.6 s; peak memory 370 MiB.
2026-10-09T22:13:39Z INFO [720/1000] 5235a7f6-d181-4849-90a3-bd914d8d4ad1: 110 arrays, 0.5 MB stored; 2.7 s; peak memory 370 MiB.
2026-10-09T22:13:39Z INFO [721/1000] 5235e4b2-939c-4c62-86c7-b027ee79ab0a: 55 arrays, 0.0 MB stored; 1.6 s; peak memory 370 MiB.
2026-10-09T22:13:40Z INFO [722/1000] 5235ae49-8354-414e-8bc4-7322ecb4b903: 84 arrays, 1.3 MB stored; 2.3 s; peak memory 370 MiB.
2026-10-09T22:13:41Z INFO [723/1000] 5236495b-cafa-4cbd-951f-12ae636cb258: 119 arrays, 66.4 MB stored; 3.0 s; peak memory 370 MiB.
2026-10-09T22:13:41Z INFO [724/1000] 5236638c-b0e6-4d15-a191-3adfb3fb031a: 71 arrays, 29.8 MB stored; 2.6 s; peak memory 370 MiB.
2026-10-09T22:13:41Z INFO [725/1000] 5237ff34-cfee-4301-9b25-709cb3215b1b: 117 arrays, 0.5 MB stored; 2.1 s; peak memory 370 MiB.
2026-10-09T22:13:42Z INFO [726/1000] 52387e8f-4b83-4d17-81ed-8478ac008d2f: 117 arrays, 0.4 MB stored; 2.2 s; peak memory 370 MiB.
2026-10-09T22:13:43Z INFO [727/1000] 523a288c-a31b-451e-98d9-e4ec64255f89: 46 arrays, 0.1 MB stored; 1.6 s; peak memory 370 MiB.
2026-10-09T22:13:43Z INFO [728/1000] 5239dc96-40d4-4d91-9b5a-a1995191d9d2: 46 arrays, 12.6 MB stored; 1.8 s; peak memory 370 MiB.
2026-10-09T22:13:44Z INFO [729/1000] 523af061-8e77-456a-92b1-3f4e205731ea: 33 arrays, 0.0 MB stored; 1.4 s; peak memory 370 MiB.
2026-10-09T22:13:44Z INFO [730/1000] 523a7bb2-d453-44d1-977e-a50a6c2391e3: 112 arrays, 0.5 MB stored; 2.4 s; peak memory 370 MiB.
2026-10-09T22:13:45Z INFO [731/1000] 523b9bdf-d0c2-4248-aa24-ea5395bbe75c: 48 arrays, 83.9 MB stored; 1.8 s; peak memory 370 MiB.
2026-10-09T22:13:46Z INFO [732/1000] 523bc529-65cf-4ec1-8abe-ee892a2080eb: 114 arrays, 0.2 MB stored; 1.7 s; peak memory 370 MiB.
2026-10-09T22:13:47Z INFO [733/1000] 523bc2fb-860e-4eee-a091-04ffd19084e0: 117 arrays, 0.2 MB stored; 2.3 s; peak memory 370 MiB.
2026-10-09T22:13:48Z INFO [734/1000] 523cd5d1-c36a-4923-b4f7-7ec838f76c42: 48 arrays, 83.9 MB stored; 1.9 s; peak memory 370 MiB.
2026-10-09T22:13:49Z INFO [735/1000] 52378989-8f3a-4440-a8be-39bde3391598: 41 arrays, 266.4 MB stored; 9.9 s; peak memory 370 MiB.
2026-10-09T22:13:49Z INFO [736/1000] 523d4569-d931-48dc-b171-13632bd819bb: 70 arrays, 17.3 MB stored; 2.4 s; peak memory 370 MiB.
2026-10-09T22:13:51Z INFO [737/1000] 523e4e24-8870-4581-8393-d8cc43d258c6: 48 arrays, 83.9 MB stored; 1.6 s; peak memory 370 MiB.
2026-10-09T22:13:53Z INFO [738/1000] 523d80a7-baa8-43d4-b213-66c7c6a33be5: 206 arrays, 17.3 MB stored; 4.8 s; peak memory 370 MiB.
2026-10-09T22:13:55Z INFO [739/1000] 523cc07d-6f5f-41f8-af8f-d384ad27496d: 219 arrays, 917.2 MB stored; 10.6 s; peak memory 370 MiB.
2026-10-09T22:13:56Z INFO [740/1000] 523d7efe-ba9e-4f03-8e4a-d3edfc689ccd: 229 arrays, 491.7 MB stored; 8.1 s; peak memory 370 MiB.
2026-10-09T22:13:57Z INFO [741/1000] 523eaa79-954c-4581-a37c-a05e617399d0: 48 arrays, 83.9 MB stored; 1.8 s; peak memory 370 MiB.
2026-10-09T22:13:58Z INFO [742/1000] 523e8473-746f-4c96-9889-09881fb28bc1: 188 arrays, 5.7 MB stored; 4.5 s; peak memory 370 MiB.
2026-10-09T22:13:59Z INFO [743/1000] 523fcd48-0b13-4fa6-9113-7f3133f562a0: 79 arrays, 8.1 MB stored; 2.3 s; peak memory 370 MiB.
2026-10-09T22:13:59Z INFO [744/1000] 523fddc2-f637-4675-abd9-607df5cae816: 118 arrays, 0.6 MB stored; 2.3 s; peak memory 370 MiB.
2026-10-09T22:14:00Z INFO [745/1000] 52400607-59ab-4214-8740-5b281ce37411: 69 arrays, 0.2 MB stored; 2.2 s; peak memory 370 MiB.
2026-10-09T22:14:01Z INFO [746/1000] 5240207c-4052-4da5-ab7e-76a0dc30cc53: 112 arrays, 0.4 MB stored; 2.2 s; peak memory 370 MiB.
2026-10-09T22:14:02Z INFO [747/1000] 52403ca4-da84-4a59-ba63-f1643228c252: 118 arrays, 0.3 MB stored; 2.1 s; peak memory 370 MiB.
2026-10-09T22:14:02Z INFO [748/1000] 5240e003-ef9a-4522-853a-248721dcc6d7: 48 arrays, 83.9 MB stored; 1.7 s; peak memory 370 MiB.
2026-10-09T22:14:03Z INFO [749/1000] 52416408-2d00-4308-bef7-e10609b90352: 48 arrays, 83.9 MB stored; 1.8 s; peak memory 370 MiB.
2026-10-09T22:14:04Z INFO [750/1000] 52435551-9bae-4d88-ae78-ebe8f1564981: 109 arrays, 0.4 MB stored; 2.3 s; peak memory 370 MiB.
2026-10-09T22:14:04Z INFO [751/1000] 524116eb-a486-4fa8-8c3c-2c4d2f6b6d07: 71 arrays, 185.5 MB stored; 3.3 s; peak memory 370 MiB.
2026-10-09T22:14:05Z INFO [752/1000] 5243839c-1927-4283-a4e3-8497b014146b: 117 arrays, 0.2 MB stored; 1.8 s; peak memory 370 MiB.
2026-10-09T22:14:06Z INFO [753/1000] 52447e18-0faf-4fb1-ae0b-d9323f2c7a72: 45 arrays, 0.0 MB stored; 1.5 s; peak memory 370 MiB.
2026-10-09T22:14:08Z INFO [754/1000] 524584e5-2243-4939-b726-5484cdc63a12: 111 arrays, 1.0 MB stored; 2.3 s; peak memory 370 MiB.
2026-10-09T22:14:09Z INFO [755/1000] 5244c5b8-50ff-4b42-a175-3c4d1201a767: 38 arrays, 58.8 MB stored; 3.9 s; peak memory 370 MiB.
2026-10-09T22:14:10Z INFO [756/1000] 52464039-3027-4aa1-b3f3-cf6946ddd991: 117 arrays, 0.5 MB stored; 2.2 s; peak memory 370 MiB.
2026-10-09T22:14:11Z INFO [757/1000] 524664de-b3d7-40d4-8503-f5338a59586e: 52 arrays, 10.9 MB stored; 2.0 s; peak memory 370 MiB.
2026-10-09T22:14:12Z INFO [758/1000] 5246f61e-71a6-4434-9268-738d83e9d14c: 57 arrays, 0.0 MB stored; 1.6 s; peak memory 370 MiB.
2026-10-09T22:14:12Z INFO [759/1000] 52440749-e662-4fbc-968b-bd8a47b76c61: 514 arrays, 9.5 MB stored; 8.2 s; peak memory 370 MiB.
2026-10-09T22:14:13Z INFO [760/1000] 52470149-5443-49cd-8dec-1ae5f9912e4e: 118 arrays, 0.3 MB stored; 2.1 s; peak memory 370 MiB.
2026-10-09T22:14:14Z INFO [761/1000] 52482617-235a-4121-9e0a-e77930fd8d2e: 49 arrays, 22.1 MB stored; 1.9 s; peak memory 370 MiB.
2026-10-09T22:14:14Z INFO [762/1000] 524869bf-1f95-44ec-8ef5-d9cc84d3b114: 68 arrays, 57.4 MB stored; 2.2 s; peak memory 370 MiB.
2026-10-09T22:14:15Z INFO [763/1000] 52487051-ac23-4d68-b7f8-5ad2f582e6d9: 48 arrays, 83.9 MB stored; 1.8 s; peak memory 370 MiB.
2026-10-09T22:14:15Z INFO [764/1000] 5248cf38-1145-4cbc-bf75-2fed9275c23d: 50 arrays, 3.9 MB stored; 1.7 s; peak memory 370 MiB.
2026-10-09T22:14:17Z INFO [765/1000] 5248f7f4-79bd-4883-b8c5-d9be7b118f8d: 111 arrays, 0.6 MB stored; 2.2 s; peak memory 370 MiB.
2026-10-09T22:14:17Z INFO [766/1000] 5249b0c6-d0f6-4b7c-8770-88acd718d18e: 117 arrays, 0.3 MB stored; 1.9 s; peak memory 370 MiB.
2026-10-09T22:14:19Z INFO [767/1000] 524a309e-41f8-45a5-ba24-cbb5f65c4f20: 49 arrays, 1.7 MB stored; 2.1 s; peak memory 370 MiB.
2026-10-09T22:14:19Z INFO [768/1000] 524a43dc-592f-4098-bee5-5c6d9f36768a: 74 arrays, 0.5 MB stored; 2.2 s; peak memory 370 MiB.
2026-10-09T22:14:20Z INFO [769/1000] 524a8942-b5b7-4da9-9d91-72c63ae4d4d0: 38 arrays, 0.5 MB stored; 1.5 s; peak memory 370 MiB.
2026-10-09T22:14:20Z INFO [770/1000] 523e65af-4e06-443d-9d53-7e56110f3f9b: 48 arrays, 42277.8 MB stored; 29.8 s; peak memory 370 MiB.
2026-10-09T22:14:21Z INFO [771/1000] 524aecae-59dd-4212-9711-94c9adae0ed5: 48 arrays, 83.9 MB stored; 1.7 s; peak memory 370 MiB.
2026-10-09T22:14:22Z INFO [772/1000] 524b0168-151f-4303-a398-bdcb05c3feb8: 46 arrays, 0.0 MB stored; 1.4 s; peak memory 370 MiB.
2026-10-09T22:14:22Z INFO [773/1000] 524b3d21-0a28-4393-be7e-88606479ece9: 48 arrays, 83.9 MB stored; 1.8 s; peak memory 370 MiB.
2026-10-09T22:14:29Z INFO [774/1000] 524be563-22a9-4159-bfe9-63954e2c58b5: 538 arrays, 7.5 MB stored; 7.8 s; peak memory 370 MiB.
2026-10-09T22:14:31Z INFO [775/1000] 524c1163-b943-4a1b-92a7-e79a5519a542: 725 arrays, 18.7 MB stored; 8.3 s; peak memory 370 MiB.
2026-10-09T22:14:31Z INFO [776/1000] 524c5286-3162-40bc-bb1c-323eeb38ac02: 117 arrays, 0.4 MB stored; 2.1 s; peak memory 370 MiB.
2026-10-09T22:14:32Z INFO [777/1000] 524c6ca9-11f8-4d49-9633-78acc502a9d3: 48 arrays, 83.9 MB stored; 1.8 s; peak memory 370 MiB.
2026-10-09T22:14:32Z INFO [778/1000] 524983f7-df1e-49b9-b9db-bc292e9ea5d7: 41 arrays, 340.6 MB stored; 17.2 s; peak memory 370 MiB.
2026-10-09T22:14:33Z INFO [779/1000] 524cb53e-96e0-45cf-8609-0767af515a7b: 48 arrays, 83.9 MB stored; 1.8 s; peak memory 370 MiB.
2026-10-09T22:14:34Z INFO [780/1000] 524cbcd2-83d0-4e36-b093-b1693cc3aab0: 56 arrays, 0.0 MB stored; 1.6 s; peak memory 370 MiB.
2026-10-09T22:14:35Z INFO [781/1000] 524cf42f-8625-4263-acb6-d1ec8b948fac: 69 arrays, 34.6 MB stored; 2.3 s; peak memory 370 MiB.
2026-10-09T22:14:35Z INFO [782/1000] 524d28b2-716c-446d-87bb-0d001f288716: 112 arrays, 0.6 MB stored; 2.4 s; peak memory 370 MiB.
2026-10-09T22:14:36Z INFO [783/1000] 524da237-793f-443e-b86b-e9d8a608d004: 85 arrays, 523.9 MB stored; 2.4 s; peak memory 370 MiB.
2026-10-09T22:14:38Z INFO [784/1000] 524e7a91-19d3-4f32-bcdb-cc20f0b74a56: 55 arrays, 0.0 MB stored; 1.4 s; peak memory 370 MiB.
2026-10-09T22:14:38Z INFO [785/1000] 524e499f-4d6b-4315-a6b3-9e195a326eb8: 144 arrays, 271.7 MB stored; 3.5 s; peak memory 370 MiB.
2026-10-09T22:14:38Z INFO [786/1000] 524e66e9-7fd8-40a5-960a-448899bc215a: 119 arrays, 66.5 MB stored; 3.3 s; peak memory 370 MiB.
2026-10-09T22:14:40Z INFO [787/1000] 524e869d-30f7-4665-b491-6b3cd37a4994: 117 arrays, 0.3 MB stored; 1.9 s; peak memory 370 MiB.
2026-10-09T22:14:41Z INFO [788/1000] 524ec9e1-1acc-4e3a-acd4-a8255c8fab7c: 74 arrays, 3.8 MB stored; 2.1 s; peak memory 370 MiB.
2026-10-09T22:14:46Z INFO [789/1000] 52506155-f5fd-4778-9d45-3e47bf96bccf: 216 arrays, 12.0 MB stored; 6.5 s; peak memory 370 MiB.
2026-10-09T22:14:48Z INFO [790/1000] 5250f8cd-b2df-45f7-82b5-4bcf0fed49c5: 69 arrays, 41.1 MB stored; 2.3 s; peak memory 370 MiB.
2026-10-09T22:14:53Z INFO [791/1000] 525186be-3dc0-44f6-aebe-f4a511b6eab6: 152 arrays, 7.5 MB stored; 4.5 s; peak memory 370 MiB.
2026-10-09T22:14:53Z INFO [792/1000] 524eb9af-c40f-4401-acc4-f36919a3af38: 1325 arrays, 16.9 MB stored; 15.3 s; peak memory 370 MiB.
2026-10-09T22:14:55Z INFO [793/1000] 52518878-686c-4f48-9ec0-cabc25a3eb7a: 48 arrays, 83.9 MB stored; 1.9 s; peak memory 370 MiB.
2026-10-09T22:14:55Z INFO [794/1000] 52522170-340b-4dff-9df9-55a04bb67d86: 36 arrays, 5.2 MB stored; 1.7 s; peak memory 370 MiB.
2026-10-09T22:14:57Z INFO [795/1000] 52524680-4349-485d-b1dc-fd8f1f3c54a2: 45 arrays, 10.9 MB stored; 2.1 s; peak memory 370 MiB.
2026-10-09T22:14:58Z INFO [796/1000] 5250802f-4e69-4730-8b4a-63741217fc3e: 763 arrays, 22.4 MB stored; 17.4 s; peak memory 370 MiB.
2026-10-09T22:14:58Z INFO [797/1000] 52528af5-7560-4abd-b1b4-5f271a32a94c: 118 arrays, 66.2 MB stored; 2.9 s; peak memory 370 MiB.
2026-10-09T22:14:59Z INFO [798/1000] 5252d701-cb23-498c-8024-3a174f90196c: 70 arrays, 9.9 MB stored; 2.3 s; peak memory 370 MiB.
2026-10-09T22:15:01Z INFO [799/1000] 5254657f-5ec2-40b4-8159-644d4f11a9b8: 72 arrays, 0.6 MB stored; 2.0 s; peak memory 370 MiB.
2026-10-09T22:15:02Z INFO [800/1000] 52532d3e-d7c5-4306-80b1-49136dcb72dc: 119 arrays, 67.5 MB stored; 3.8 s; peak memory 370 MiB.
2026-10-09T22:15:03Z INFO [800/1000] 52532d3e-d7c5-4306-80b1-49136dcb72dc: checkpointed 800 new records.
2026-10-09T22:15:04Z INFO [801/1000] 52549ced-eacc-4056-811b-92e163171a58: 66 arrays, 101.2 MB stored; 2.5 s; peak memory 474 MiB.
2026-10-09T22:15:05Z INFO [802/1000] 52546d30-454f-479d-b15f-99a08f3d92ce: 232 arrays, 449.9 MB stored; 4.1 s; peak memory 474 MiB.
2026-10-09T22:15:06Z INFO [803/1000] 5254ae39-51ac-491b-b177-9c94046a0203: 56 arrays, 0.0 MB stored; 1.4 s; peak memory 474 MiB.
2026-10-09T22:15:08Z INFO [804/1000] 5255c110-5c15-4f6c-9368-816aaad42ce7: 78 arrays, 182.0 MB stored; 2.7 s; peak memory 474 MiB.
2026-10-09T22:15:10Z INFO [805/1000] 52562c55-f824-459e-b57b-7f9ad2c06d41: 112 arrays, 0.4 MB stored; 2.1 s; peak memory 474 MiB.
2026-10-09T22:15:17Z INFO [806/1000] 5255a3ce-86aa-4974-ae1f-5bdbd1b27cae: 744 arrays, 19.6 MB stored; 11.5 s; peak memory 474 MiB.
2026-10-09T22:15:19Z INFO [807/1000] 525669ee-d759-4df3-bb5b-c06e17403056: 112 arrays, 0.4 MB stored; 2.2 s; peak memory 474 MiB.
2026-10-09T22:15:21Z INFO [808/1000] 525688b7-6cfe-4391-9c79-e9c44084692d: 62 arrays, 2532.0 MB stored; 2.5 s; peak memory 474 MiB.
2026-10-09T22:15:22Z INFO [809/1000] 5238e824-fa19-4f33-a68c-a9babc3edf22: 13234 arrays, 162.3 MB stored; 100.5 s; peak memory 474 MiB.
2026-10-09T22:15:23Z INFO [810/1000] 521d20bc-6b02-42b2-a302-f7ebb61baac5: 167 arrays, 21115.3 MB stored; 160.5 s; peak memory 474 MiB.
2026-10-09T22:15:24Z INFO [811/1000] 5256f415-f7d6-42f5-832a-dcc6633d862f: 131 arrays, 0.6 MB stored; 2.4 s; peak memory 474 MiB.
2026-10-09T22:15:24Z INFO [812/1000] 52570f02-a45e-4c9b-8ee7-f4093bdc55a2: 69 arrays, 2.9 MB stored; 2.3 s; peak memory 474 MiB.
2026-10-09T22:15:25Z INFO [813/1000] 52573f69-9cdf-4579-8956-d1134d65dfa0: 66 arrays, 21.9 MB stored; 2.2 s; peak memory 474 MiB.
2026-10-09T22:15:26Z INFO [814/1000] 52577e98-1bab-4cf0-b3dd-50cf3450ebbd: 118 arrays, 0.4 MB stored; 2.2 s; peak memory 474 MiB.
2026-10-09T22:15:26Z INFO [815/1000] 5257f017-bb6d-4af8-bd91-b5447f5b5c37: 45 arrays, 0.0 MB stored; 1.4 s; peak memory 474 MiB.
2026-10-09T22:15:27Z INFO [816/1000] 5257d01a-4a68-4530-9b7d-f652692b16a9: 112 arrays, 1.4 MB stored; 3.0 s; peak memory 474 MiB.
2026-10-09T22:15:28Z INFO [817/1000] 525821fc-37d3-41a7-bde9-d557f970219b: 50 arrays, 1.0 MB stored; 1.6 s; peak memory 474 MiB.
2026-10-09T22:15:29Z INFO [818/1000] 525848ae-4926-4f89-a790-f7e7d800bec0: 45 arrays, 614.3 MB stored; 2.6 s; peak memory 474 MiB.
2026-10-09T22:15:30Z INFO [819/1000] 525850b5-d6c7-4356-b6a8-a67a01ac984c: 74 arrays, 3.9 MB stored; 1.9 s; peak memory 474 MiB.
2026-10-09T22:15:32Z INFO [820/1000] 5258aacd-c8b4-44a3-aaa9-b0407abbf53b: 112 arrays, 0.3 MB stored; 2.2 s; peak memory 474 MiB.
2026-10-09T22:15:32Z INFO [821/1000] 5258d1ae-f827-4594-abf0-bd3481bcf1cb: 48 arrays, 83.9 MB stored; 1.9 s; peak memory 474 MiB.
2026-10-09T22:15:34Z INFO [822/1000] 525974db-fe98-4350-82eb-f5d81b7129db: 48 arrays, 83.9 MB stored; 1.7 s; peak memory 474 MiB.
2026-10-09T22:15:36Z INFO [823/1000] 5259b30a-0ba6-4ecf-a11d-103acb2c9f8a: 118 arrays, 0.4 MB stored; 2.2 s; peak memory 474 MiB.
2026-10-09T22:15:41Z INFO [824/1000] 52565032-3e30-4138-bd70-00e2850d2812: 48 arrays, 42852.4 MB stored; 30.2 s; peak memory 474 MiB.
2026-10-09T22:15:42Z INFO [825/1000] 525a2802-0d87-4549-a6a2-adccb868be1f: 117 arrays, 0.4 MB stored; 1.8 s; peak memory 474 MiB.
2026-10-09T22:15:43Z INFO [826/1000] 52580a75-21d0-41bb-8a14-d44e99321dfb: 1527 arrays, 25.3 MB stored; 17.0 s; peak memory 474 MiB.
2026-10-09T22:15:44Z INFO [827/1000] 5259c9f1-6ced-4c0b-919a-617d31b5d8de: 114 arrays, 186.8 MB stored; 8.1 s; peak memory 474 MiB.
2026-10-09T22:15:44Z INFO [828/1000] 525ad05c-6329-4ffc-b0b4-df9e66c352f6: 62 arrays, 2.5 MB stored; 1.9 s; peak memory 474 MiB.
2026-10-09T22:15:44Z INFO [829/1000] 5258f6e9-e21e-4932-bd54-453e3089b74f: 1002 arrays, 28.0 MB stored; 12.8 s; peak memory 474 MiB.
2026-10-09T22:15:45Z INFO [830/1000] 525c086f-277f-4a07-8179-e6f50bdf889b: 112 arrays, 0.3 MB stored; 2.1 s; peak memory 474 MiB.
2026-10-09T22:15:46Z INFO [831/1000] 525c295b-986e-4696-83ba-d8765b2154ea: 116 arrays, 0.4 MB stored; 2.2 s; peak memory 474 MiB.
2026-10-09T22:15:47Z INFO [832/1000] 525d975a-e5b6-4c50-8362-7d324aeccb38: 112 arrays, 0.7 MB stored; 2.3 s; peak memory 474 MiB.
2026-10-09T22:15:48Z INFO [833/1000] 525db3b9-c223-4165-b20a-f4fa75ea0f01: 66 arrays, 21.3 MB stored; 2.4 s; peak memory 474 MiB.
2026-10-09T22:15:49Z INFO [834/1000] 525dd31e-b953-4f26-9a5f-3764c8146faf: 71 arrays, 12.2 MB stored; 2.3 s; peak memory 474 MiB.
2026-10-09T22:15:51Z INFO [835/1000] 525e186a-91ff-4873-8038-42c0d51dbb11: 52 arrays, 0.0 MB stored; 1.6 s; peak memory 474 MiB.
2026-10-09T22:15:51Z INFO [836/1000] 525e0582-25b3-4aab-a3ea-8d1994fbd0cd: 112 arrays, 0.6 MB stored; 2.7 s; peak memory 474 MiB.
2026-10-09T22:15:53Z INFO [837/1000] 525e5450-a516-4413-9631-97468e39106c: 66 arrays, 53.2 MB stored; 2.2 s; peak memory 474 MiB.
2026-10-09T22:15:54Z INFO [838/1000] 525d9ff3-e12b-4051-a9ae-0105478a6241: 266 arrays, 1182.0 MB stored; 8.7 s; peak memory 474 MiB.
2026-10-09T22:15:56Z INFO [839/1000] 525c7bec-bf10-49bb-8887-ab1497d5f2ba: 785 arrays, 22.1 MB stored; 11.3 s; peak memory 474 MiB.
2026-10-09T22:15:58Z INFO [840/1000] 525f5e57-7dd0-4258-8bf4-d5c8f0cc9eb4: 116 arrays, 0.3 MB stored; 2.0 s; peak memory 474 MiB.
2026-10-09T22:15:58Z INFO [841/1000] 525e7ee8-787c-485f-b2f5-dfc2859f45e4: 229 arrays, 247.2 MB stored; 6.5 s; peak memory 474 MiB.
2026-10-09T22:15:59Z INFO [842/1000] 525fa33b-7677-4224-b9bb-2e0e750cea77: 48 arrays, 83.9 MB stored; 1.8 s; peak memory 474 MiB.
2026-10-09T22:16:00Z INFO [843/1000] 525ec7e5-5d3e-45bf-a506-a6afc743f081: 223 arrays, 432.1 MB stored; 7.1 s; peak memory 474 MiB.
2026-10-09T22:16:01Z INFO [844/1000] 525fd777-089e-48a1-91c2-f25a39301b51: 115 arrays, 190.1 MB stored; 3.8 s; peak memory 474 MiB.
2026-10-09T22:16:12Z INFO [845/1000] 525f0376-ff21-4094-821b-56829ddc93d5: 1091 arrays, 49.9 MB stored; 18.3 s; peak memory 474 MiB.
2026-10-09T22:16:13Z INFO [846/1000] 52609f24-eb4f-4772-9b04-2739b5566b15: 106 arrays, 18307.7 MB stored; 13.8 s; peak memory 474 MiB.
2026-10-09T22:16:14Z INFO [847/1000] 52620a02-08a3-4232-b156-8c7417e9a129: 48 arrays, 83.9 MB stored; 1.8 s; peak memory 474 MiB.
2026-10-09T22:16:16Z INFO [848/1000] 5262a2bc-77c6-4b74-a634-bdab3279c5aa: 69 arrays, 4.0 MB stored; 2.4 s; peak memory 474 MiB.
2026-10-09T22:16:18Z INFO [849/1000] 5263938e-119e-4a47-99c2-fdff1bbec42c: 118 arrays, 0.3 MB stored; 2.2 s; peak memory 474 MiB.
2026-10-09T22:16:18Z INFO [850/1000] 5261f7b6-7fe1-4fe4-8c4d-6d9c437aff20: 44 arrays, 10469.6 MB stored; 16.8 s; peak memory 474 MiB.
2026-10-09T22:16:20Z INFO [851/1000] 526409d7-22e2-4b76-b035-47294522b791: 39 arrays, 0.6 MB stored; 1.9 s; peak memory 474 MiB.
2026-10-09T22:16:20Z INFO [852/1000] 526439ba-597c-42e8-b2c7-ff9239288499: 48 arrays, 83.9 MB stored; 1.8 s; peak memory 474 MiB.
2026-10-09T22:16:22Z INFO [853/1000] 52645820-368a-4a48-93b7-aa17b3f5e563: 112 arrays, 0.2 MB stored; 1.8 s; peak memory 474 MiB.
2026-10-09T22:16:23Z INFO [854/1000] 5264a73c-55c8-48a5-bb83-0dcb263140b9: 39 arrays, 1.0 MB stored; 1.7 s; peak memory 474 MiB.
2026-10-09T22:16:23Z INFO [855/1000] 52646708-faed-44c7-baad-4579283ca187: 121 arrays, 1.3 MB stored; 3.5 s; peak memory 474 MiB.
2026-10-09T22:16:25Z INFO [856/1000] 52650d4b-27fa-4d51-a92a-d659c9475bb8: 49 arrays, 0.0 MB stored; 1.6 s; peak memory 474 MiB.
2026-10-09T22:16:25Z INFO [857/1000] 5265bf78-316a-450d-af4f-06cc7342fd4f: 48 arrays, 83.9 MB stored; 1.8 s; peak memory 474 MiB.
2026-10-09T22:16:27Z INFO [858/1000] 5265ca41-17f9-4a76-ba7d-918f1dd34d88: 48 arrays, 83.9 MB stored; 1.7 s; peak memory 474 MiB.
2026-10-09T22:16:29Z INFO [859/1000] 52666989-7822-49ab-9a27-ad162ba343f2: 64 arrays, 195.8 MB stored; 2.7 s; peak memory 474 MiB.
2026-10-09T22:16:30Z INFO [860/1000] 5262bc19-4f56-4375-8f55-8232b02443ec: 44 arrays, 9771.7 MB stored; 16.2 s; peak memory 474 MiB.
2026-10-09T22:16:31Z INFO [861/1000] 52667dda-f480-4ad5-b639-546149add14b: 117 arrays, 0.2 MB stored; 2.0 s; peak memory 474 MiB.
2026-10-09T22:16:34Z INFO [862/1000] 52669c5d-46ef-41ad-907d-5ef70c305949: 101 arrays, 44559.8 MB stored; 3.7 s; peak memory 474 MiB.
2026-10-09T22:16:35Z INFO [863/1000] 5266be8f-2aa5-4ea1-8f8f-69b1210f04be: 64 arrays, 127.9 MB stored; 3.2 s; peak memory 474 MiB.
2026-10-09T22:16:36Z INFO [864/1000] 526790b4-caa4-4fe3-b313-95a5bca864fc: 117 arrays, 0.5 MB stored; 2.0 s; peak memory 474 MiB.
2026-10-09T22:16:37Z INFO [865/1000] 5267a369-f525-44ca-a6ef-fabffec874b5: 69 arrays, 3.5 MB stored; 2.2 s; peak memory 474 MiB.
2026-10-09T22:16:38Z INFO [866/1000] 526831ea-3dcd-4491-b62e-681cd4304d65: 112 arrays, 0.9 MB stored; 2.6 s; peak memory 474 MiB.
2026-10-09T22:16:39Z INFO [867/1000] 52688b7a-aa76-429a-80f8-ab4a8eb606a0: 48 arrays, 83.9 MB stored; 1.9 s; peak memory 474 MiB.
2026-10-09T22:16:41Z INFO [868/1000] 5268a589-6fee-4128-bdd5-dfe67e585760: 69 arrays, 48.5 MB stored; 2.3 s; peak memory 474 MiB.
2026-10-09T22:16:41Z INFO [869/1000] 5268d0c1-47b6-483e-a03c-dd253a99e0dd: 112 arrays, 0.4 MB stored; 2.1 s; peak memory 474 MiB.
2026-10-09T22:16:42Z INFO [870/1000] 5269db4b-3bf3-4c1a-abba-e473defd8dc2: 57 arrays, 0.0 MB stored; 1.5 s; peak memory 474 MiB.
2026-10-09T22:16:43Z INFO [871/1000] 526a2bfd-9b8d-41d6-957d-5c72d62574c3: 69 arrays, 2.7 MB stored; 2.4 s; peak memory 474 MiB.
2026-10-09T22:16:46Z INFO [872/1000] 526bf7dc-bad0-4b52-944d-ca5abc4d1b11: 66 arrays, 18.9 MB stored; 2.6 s; peak memory 474 MiB.
2026-10-09T22:16:47Z INFO [873/1000] 526c2b6f-d9d1-4d1b-88a9-70023b61cf28: 48 arrays, 83.9 MB stored; 1.7 s; peak memory 474 MiB.
2026-10-09T22:16:49Z INFO [874/1000] 526c475f-a6f2-4b59-9c73-d947eeb95fa1: 57 arrays, 0.0 MB stored; 1.6 s; peak memory 474 MiB.
2026-10-09T22:16:51Z INFO [875/1000] 526cb4c9-8228-43e5-8721-3ed615b61c84: 48 arrays, 83.9 MB stored; 1.7 s; peak memory 474 MiB.
2026-10-09T22:16:54Z INFO [876/1000] 526b5ffc-8072-4dfa-9e1c-d5ed6fdc0ce8: 896 arrays, 25.1 MB stored; 11.5 s; peak memory 474 MiB.
2026-10-09T22:16:54Z INFO [877/1000] 526cc790-9828-4ab4-aac0-7235a7735862: 168 arrays, 3.2 MB stored; 3.5 s; peak memory 474 MiB.
2026-10-09T22:16:56Z INFO [878/1000] 526d6ae0-5664-4b74-ac2d-89379b75d6ec: 118 arrays, 0.5 MB stored; 2.0 s; peak memory 474 MiB.
2026-10-09T22:16:56Z INFO [879/1000] 526db528-c113-4315-a6ea-c0699e619d32: 52 arrays, 0.0 MB stored; 1.5 s; peak memory 474 MiB.
2026-10-09T22:16:57Z INFO [880/1000] 52665306-f334-44c3-98bd-276e956b7b38: 48 arrays, 45698.5 MB stored; 31.6 s; peak memory 474 MiB.
2026-10-09T22:16:57Z INFO [881/1000] 526dcda5-52b8-402c-8123-a704f5ce42f9: 38 arrays, 0.5 MB stored; 1.6 s; peak memory 474 MiB.
2026-10-09T22:16:58Z INFO [882/1000] 526e42e7-57a8-47db-b5ab-deb8d3e827e6: 66 arrays, 51.4 MB stored; 2.1 s; peak memory 474 MiB.
2026-10-09T22:16:59Z INFO [883/1000] 526e6d27-362d-4277-9033-d1aecb97f2ff: 112 arrays, 0.7 MB stored; 2.3 s; peak memory 474 MiB.
2026-10-09T22:17:00Z INFO [884/1000] 526efcd2-559c-48f8-8232-38fc726db4d9: 117 arrays, 0.8 MB stored; 2.2 s; peak memory 474 MiB.
2026-10-09T22:17:01Z INFO [885/1000] 526f53f4-20c8-4729-84fc-67951ca58920: 112 arrays, 0.3 MB stored; 2.1 s; peak memory 474 MiB.
2026-10-09T22:17:02Z INFO [886/1000] 527054ea-b53d-4705-9ea7-f7dc3905dbd5: 109 arrays, 0.6 MB stored; 2.3 s; peak memory 474 MiB.
2026-10-09T22:17:03Z INFO [887/1000] 52709424-34c3-458c-860c-9f5412eca6d3: 48 arrays, 83.9 MB stored; 1.8 s; peak memory 474 MiB.
2026-10-09T22:17:05Z INFO [888/1000] 52709dbd-5606-4b3a-bb4a-53c276e66878: 68 arrays, 10.0 MB stored; 2.2 s; peak memory 474 MiB.
2026-10-09T22:17:05Z INFO [889/1000] 5270ee8f-7dfd-49c6-af1f-f0dd1bb37260: 118 arrays, 0.4 MB stored; 2.2 s; peak memory 474 MiB.
2026-10-09T22:17:09Z INFO [890/1000] 526eb353-d9a4-4683-9cba-6ceea94b0890: 409 arrays, 87.0 MB stored; 12.2 s; peak memory 474 MiB.
2026-10-09T22:17:11Z INFO [891/1000] 52718cca-25a2-4fbc-ba8c-145314387d63: 56 arrays, 0.0 MB stored; 1.6 s; peak memory 474 MiB.
2026-10-09T22:17:12Z INFO [892/1000] 5271411a-4458-45ce-a3ce-18749792be8b: 196 arrays, 633.1 MB stored; 7.7 s; peak memory 474 MiB.
2026-10-09T22:17:14Z INFO [893/1000] 52714790-af2d-441d-9c66-e045a8e30b8f: 256 arrays, 92.4 MB stored; 8.5 s; peak memory 474 MiB.
2026-10-09T22:17:15Z INFO [894/1000] 5271c072-1185-4075-9c08-9990871ba780: 213 arrays, 6.6 MB stored; 3.9 s; peak memory 474 MiB.
2026-10-09T22:17:17Z INFO [895/1000] 5272207f-1409-4bd1-9ae2-8b6e1ecef318: 46 arrays, 12.6 MB stored; 1.6 s; peak memory 474 MiB.
2026-10-09T22:17:19Z INFO [896/1000] 527235c8-6642-4248-8a9b-79d7fdac53c1: 66 arrays, 101.7 MB stored; 2.3 s; peak memory 474 MiB.
2026-10-09T22:17:19Z INFO [897/1000] 52721fa9-48c5-4663-97b6-5e5fb4ab2729: 427 arrays, 4.1 MB stored; 5.8 s; peak memory 474 MiB.
2026-10-09T22:17:21Z INFO [898/1000] 52728608-1de8-430d-b56c-b5f52ae727f1: 48 arrays, 83.9 MB stored; 1.8 s; peak memory 474 MiB.
2026-10-09T22:17:22Z INFO [899/1000] 5272a94e-f2eb-4c58-b0ad-61bb495bc0da: 86 arrays, 608.5 MB stored; 2.6 s; peak memory 474 MiB.
2026-10-09T22:17:22Z INFO [900/1000] 52720990-7432-4b06-8599-38c3add6143b: 326 arrays, 20.9 MB stored; 10.1 s; peak memory 474 MiB.
2026-10-09T22:17:22Z INFO [901/1000] 52735c4d-b3d9-4fdc-a074-1f3344bc9910: 48 arrays, 83.9 MB stored; 1.8 s; peak memory 474 MiB.
2026-10-09T22:17:24Z INFO [902/1000] 5273f7e4-7bea-4b10-8d64-a781eb0e8cfe: 48 arrays, 83.9 MB stored; 1.7 s; peak memory 474 MiB.
2026-10-09T22:17:24Z INFO [903/1000] 52746d6e-bf82-4f40-a344-1fe89dff1278: 41 arrays, 14.4 MB stored; 1.7 s; peak memory 474 MiB.
2026-10-09T22:17:25Z INFO [904/1000] 524bec27-7872-4613-9d5a-c3e92bedc015: 260 arrays, 23249.3 MB stored; 183.4 s; peak memory 474 MiB.
2026-10-09T22:17:27Z INFO [905/1000] 52761a57-2599-40fc-8630-7aefbe2be07f: 112 arrays, 1.1 MB stored; 2.5 s; peak memory 474 MiB.
2026-10-09T22:17:29Z INFO [906/1000] 527691f1-8014-410e-86c5-712ad489b310: 221 arrays, 1.4 MB stored; 2.6 s; peak memory 474 MiB.
2026-10-09T22:17:30Z INFO [907/1000] 52761820-7228-48fe-b8c7-7d75cdc19824: 229 arrays, 253.6 MB stored; 6.5 s; peak memory 474 MiB.
2026-10-09T22:17:30Z INFO [908/1000] 52751a27-0491-4724-928d-b65fb6fe6f53: 193 arrays, 1435.1 MB stored; 8.0 s; peak memory 474 MiB.
2026-10-09T22:17:31Z INFO [909/1000] 52774ccc-0ef8-458f-a5c9-df4ab33810f8: 48 arrays, 83.9 MB stored; 1.8 s; peak memory 474 MiB.
2026-10-09T22:17:32Z INFO [910/1000] 527800b4-11ab-4236-8269-39699821c3b6: 46 arrays, 0.0 MB stored; 1.4 s; peak memory 474 MiB.
2026-10-09T22:17:32Z INFO [911/1000] 5277ab0c-9b74-4a46-8d30-d340fbd91162: 48 arrays, 83.9 MB stored; 1.7 s; peak memory 474 MiB.
2026-10-09T22:17:33Z INFO [912/1000] 527850ba-d7ef-48fd-b8ea-b30f40469f24: 38 arrays, 0.5 MB stored; 1.5 s; peak memory 474 MiB.
2026-10-09T22:17:34Z INFO [913/1000] 5276394a-06f1-4b8c-a8e5-1fdbd19c55b7: 538 arrays, 7.9 MB stored; 8.6 s; peak memory 474 MiB.
2026-10-09T22:17:34Z INFO [914/1000] 527a0789-7a57-46bf-ac57-62354e1ac197: 112 arrays, 0.5 MB stored; 2.1 s; peak memory 474 MiB.
2026-10-09T22:17:34Z INFO [915/1000] 527a1ad3-d700-48e4-90d6-377a36a6261f: 48 arrays, 83.9 MB stored; 1.8 s; peak memory 474 MiB.
2026-10-09T22:17:36Z INFO [916/1000] 527a6062-e4e2-49f7-8bb6-0f292fea5d56: 57 arrays, 0.0 MB stored; 1.4 s; peak memory 474 MiB.
2026-10-09T22:17:36Z INFO [917/1000] 527a59f4-92dd-4e16-88b2-72a857ae9cee: 117 arrays, 0.4 MB stored; 2.1 s; peak memory 474 MiB.
2026-10-09T22:17:36Z INFO [918/1000] 527aefb6-5859-4eba-9f15-849fbfa13fe7: 117 arrays, 0.2 MB stored; 1.9 s; peak memory 474 MiB.
2026-10-09T22:17:37Z INFO [919/1000] 527b3d3b-2ffc-432c-969a-45336dfa588f: 48 arrays, 83.9 MB stored; 1.7 s; peak memory 474 MiB.
2026-10-09T22:17:37Z INFO [920/1000] 527b201a-603c-4ee5-8c29-e5a836605f1c: 117 arrays, 0.2 MB stored; 1.9 s; peak memory 474 MiB.
2026-10-09T22:17:39Z INFO [921/1000] 527b8eed-365a-4aff-a675-5faea54ca4fc: 118 arrays, 0.5 MB stored; 2.5 s; peak memory 474 MiB.
2026-10-09T22:17:39Z INFO [922/1000] 527c24d2-5f3d-4391-baf6-a5fec38b9364: 48 arrays, 83.9 MB stored; 1.7 s; peak memory 474 MiB.
2026-10-09T22:17:39Z INFO [923/1000] 527c58e9-40ff-4a03-be02-6089980fd97b: 62 arrays, 0.6 MB stored; 1.9 s; peak memory 474 MiB.
2026-10-09T22:17:41Z INFO [924/1000] 527ceeff-0c98-42ff-8215-dd273ac7a0ba: 117 arrays, 0.6 MB stored; 2.3 s; peak memory 474 MiB.
2026-10-09T22:17:42Z INFO [925/1000] 527cdd91-4176-4c56-9f3d-ff8cdb36a223: 119 arrays, 67.3 MB stored; 3.6 s; peak memory 474 MiB.
2026-10-09T22:17:43Z INFO [926/1000] 527d4065-d42a-4110-a1cf-2fde5a1757ff: 48 arrays, 83.9 MB stored; 1.9 s; peak memory 474 MiB.
2026-10-09T22:17:44Z INFO [927/1000] 527da3df-efb9-420d-91de-df804ec212c0: 54 arrays, 0.0 MB stored; 1.5 s; peak memory 474 MiB.
2026-10-09T22:17:45Z INFO [928/1000] 527d198c-8d0f-4538-b4c8-e52d37886a18: 402 arrays, 4.1 MB stored; 5.4 s; peak memory 474 MiB.
2026-10-09T22:17:46Z INFO [929/1000] 527def8c-3df5-4cfb-9b3d-0558ddf944f2: 48 arrays, 83.9 MB stored; 1.8 s; peak memory 474 MiB.
2026-10-09T22:17:47Z INFO [930/1000] 527e91d4-23bc-4bd9-99f5-b6e1dcfc51c1: 48 arrays, 83.9 MB stored; 1.9 s; peak memory 474 MiB.
2026-10-09T22:17:47Z INFO [931/1000] 52799da9-27d1-4d90-91d9-d8ad839f31a2: 106 arrays, 19712.1 MB stored; 15.1 s; peak memory 474 MiB.
2026-10-09T22:17:49Z INFO [932/1000] 527eabac-4a4e-4a65-a03d-72364e6ff4ef: 117 arrays, 0.4 MB stored; 2.0 s; peak memory 474 MiB.
2026-10-09T22:17:50Z INFO [933/1000] 527eae0e-e67d-44a2-aa29-aa9a06069954: 118 arrays, 18.1 MB stored; 3.4 s; peak memory 474 MiB.
2026-10-09T22:17:51Z INFO [934/1000] 527f09b8-02f5-4216-b873-f35d195021a4: 45 arrays, 7.3 MB stored; 2.2 s; peak memory 474 MiB.
2026-10-09T22:17:52Z INFO [935/1000] 527f9746-f9b1-47f8-b810-69a4204bb88b: 46 arrays, 0.9 MB stored; 1.9 s; peak memory 474 MiB.
2026-10-09T22:17:53Z INFO [936/1000] 527ff237-ab9c-40bc-8f9e-4846f6152993: 48 arrays, 83.9 MB stored; 1.6 s; peak memory 474 MiB.
2026-10-09T22:17:56Z INFO [937/1000] 52804750-86c1-4296-9a69-0f39eb78dfd2: 115 arrays, 190.2 MB stored; 4.0 s; peak memory 474 MiB.
2026-10-09T22:17:58Z INFO [938/1000] 52802750-90d9-4bcf-88f2-5351091bb1c3: 84 arrays, 660.1 MB stored; 5.5 s; peak memory 474 MiB.
2026-10-09T22:17:58Z INFO [939/1000] 528050b5-8c18-4123-aee6-529aa1b6b24a: 48 arrays, 83.9 MB stored; 1.8 s; peak memory 474 MiB.
2026-10-09T22:18:00Z INFO [940/1000] 52810c06-47f2-4b01-a099-dad001681f51: 52 arrays, 23.7 MB stored; 2.0 s; peak memory 474 MiB.
2026-10-09T22:18:00Z INFO [941/1000] 527da47f-b00f-4ad1-afe2-5abf8d5f62a1: 432 arrays, 299.3 MB stored; 16.7 s; peak memory 474 MiB.
2026-10-09T22:18:01Z INFO [942/1000] 528115d3-f631-4323-a6d2-9e9f3618d030: 117 arrays, 0.3 MB stored; 2.3 s; peak memory 474 MiB.
2026-10-09T22:18:01Z INFO [943/1000] 527e9f94-0fac-4d21-b2bc-8897fccaa7d4: 943 arrays, 42.8 MB stored; 15.8 s; peak memory 474 MiB.
2026-10-09T22:18:02Z INFO [944/1000] 52815a07-d624-43fc-ae5a-41b2e7ad7cc4: 52 arrays, 13.2 MB stored; 1.8 s; peak memory 474 MiB.
2026-10-09T22:18:03Z INFO [945/1000] 5281e214-6dd4-4158-9add-56ff3de6180a: 117 arrays, 0.3 MB stored; 1.7 s; peak memory 474 MiB.
2026-10-09T22:18:04Z INFO [946/1000] 52827aea-e58a-4c32-bd09-615e2515c686: 119 arrays, 0.1 MB stored; 1.6 s; peak memory 474 MiB.
2026-10-09T22:18:04Z INFO [947/1000] 528194bc-d939-4313-8c8e-8b819a1192e9: 90 arrays, 67.8 MB stored; 3.4 s; peak memory 474 MiB.
2026-10-09T22:18:05Z INFO [948/1000] 5282bfcb-7647-44e6-bf3d-e4780e921628: 83 arrays, 0.5 MB stored; 1.8 s; peak memory 474 MiB.
2026-10-09T22:18:05Z INFO [949/1000] 52836001-f933-4dda-a745-cc7e544f7391: 46 arrays, 0.1 MB stored; 1.5 s; peak memory 474 MiB.
2026-10-09T22:18:06Z INFO [950/1000] 52829792-b7c6-4443-8e31-70e99631bc61: 110 arrays, 0.6 MB stored; 2.4 s; peak memory 474 MiB.
2026-10-09T22:18:07Z INFO [951/1000] 5283f667-a92f-4e80-a745-13f3ea8d89b1: 48 arrays, 83.9 MB stored; 1.8 s; peak memory 474 MiB.
2026-10-09T22:18:07Z INFO [952/1000] 528141d8-6ba5-42d8-9bab-b06aecd80bf9: 198 arrays, 296.3 MB stored; 7.7 s; peak memory 474 MiB.
2026-10-09T22:18:08Z INFO [953/1000] 5284165f-8632-4d8f-8c7a-b1cc85b57997: 112 arrays, 0.7 MB stored; 2.3 s; peak memory 474 MiB.
2026-10-09T22:18:09Z INFO [954/1000] 52841e86-93fb-4352-bccf-d4d75a93a20a: 48 arrays, 83.9 MB stored; 1.8 s; peak memory 474 MiB.
2026-10-09T22:18:10Z INFO [955/1000] 5285ca55-63d0-4ee0-9639-3db0a2d7db49: 112 arrays, 1.1 MB stored; 2.5 s; peak memory 474 MiB.
2026-10-09T22:18:11Z INFO [956/1000] 5285dea4-3df0-451f-82b9-d408f9b9e451: 46 arrays, 0.3 MB stored; 1.7 s; peak memory 474 MiB.
2026-10-09T22:18:11Z INFO [957/1000] 5285401a-3fd5-4abe-a543-9dd8274bcd11: 115 arrays, 190.1 MB stored; 3.7 s; peak memory 474 MiB.
2026-10-09T22:18:14Z INFO [958/1000] 5286a2dd-3e01-473b-906d-6623829febf5: 70 arrays, 214.4 MB stored; 3.2 s; peak memory 474 MiB.
2026-10-09T22:18:17Z INFO [959/1000] 52871285-9b7a-4ce4-9703-46429cf70946: 303 arrays, 17.1 MB stored; 2.5 s; peak memory 474 MiB.
2026-10-09T22:18:17Z INFO [960/1000] 52867b26-cc27-48a2-83e2-9cf49fe2b298: 450 arrays, 5.2 MB stored; 6.7 s; peak memory 474 MiB.
2026-10-09T22:18:19Z INFO [961/1000] 528867a8-7501-4a19-bc6c-e20cb3eee5ff: 48 arrays, 83.9 MB stored; 1.7 s; peak memory 474 MiB.
2026-10-09T22:18:19Z INFO [962/1000] 525414cb-2c9f-4cd0-b3d5-61fd2d6fa55d: 169 arrays, 260517.6 MB stored; 201.0 s; peak memory 474 MiB.
2026-10-09T22:18:20Z INFO [963/1000] 52838fe8-3006-4b37-95fa-30059c5b0566: 1635 arrays, 30.3 MB stored; 14.4 s; peak memory 474 MiB.
2026-10-09T22:18:20Z INFO [964/1000] 5286197f-baf9-4867-985c-6a693cdd566f: 56 arrays, 130.6 MB stored; 10.1 s; peak memory 474 MiB.
2026-10-09T22:18:21Z INFO [965/1000] 528879bd-d922-4321-a12f-58a6856bd460: 117 arrays, 0.3 MB stored; 2.2 s; peak memory 474 MiB.
2026-10-09T22:18:22Z INFO [966/1000] 5289509a-f641-41c2-ad4a-b2243a939f71: 110 arrays, 0.4 MB stored; 2.2 s; peak memory 474 MiB.
2026-10-09T22:18:22Z INFO [967/1000] 52896f17-262d-47b9-9788-31597bdd9e0f: 45 arrays, 131.3 MB stored; 1.9 s; peak memory 474 MiB.
2026-10-09T22:18:24Z INFO [968/1000] 52897708-339e-462b-a21e-7c855585ad6a: 112 arrays, 0.7 MB stored; 2.5 s; peak memory 474 MiB.
2026-10-09T22:18:24Z INFO [969/1000] 52899ea0-076c-4026-8799-e3e3cb53c44f: 77 arrays, 0.2 MB stored; 1.9 s; peak memory 474 MiB.
2026-10-09T22:18:24Z INFO [970/1000] 5289ae54-22b0-4b8f-bde6-cf359fe7dc3e: 117 arrays, 0.2 MB stored; 1.9 s; peak memory 474 MiB.
2026-10-09T22:18:25Z INFO [971/1000] 5289b758-0dea-41ac-94c5-88fc72e2eb4e: 57 arrays, 0.0 MB stored; 1.5 s; peak memory 474 MiB.
2026-10-09T22:18:26Z INFO [972/1000] 5289c4c8-328a-40ba-b809-1b3131a6485b: 66 arrays, 29.2 MB stored; 2.5 s; peak memory 474 MiB.
2026-10-09T22:18:27Z INFO [973/1000] 5289ca9c-b589-4ba5-ad6d-b79015678ca5: 71 arrays, 129.7 MB stored; 2.7 s; peak memory 474 MiB.
2026-10-09T22:18:27Z INFO [974/1000] 5289d66d-3dfe-4b4e-b32b-f2c9fd7dcec5: 83 arrays, 0.2 MB stored; 2.0 s; peak memory 474 MiB.
2026-10-09T22:18:28Z INFO [975/1000] 5289f3e9-622a-4afa-91ff-1d85f582c29c: 48 arrays, 83.9 MB stored; 1.8 s; peak memory 474 MiB.
2026-10-09T22:18:29Z INFO [976/1000] 528a32d5-41c1-47ef-8c45-76f1ba11c8fe: 48 arrays, 83.9 MB stored; 1.8 s; peak memory 474 MiB.
2026-10-09T22:18:30Z INFO [977/1000] 528a3c51-31ae-43de-b3c9-60a16e1792ae: 116 arrays, 0.3 MB stored; 2.1 s; peak memory 474 MiB.
2026-10-09T22:18:30Z INFO [978/1000] 528af7ba-6f51-4b51-aa00-075dfcd23594: 63 arrays, 0.1 MB stored; 1.8 s; peak memory 474 MiB.
2026-10-09T22:18:37Z INFO [979/1000] 528a3713-a314-4c96-8187-a88587cc4511: 733 arrays, 31.2 MB stored; 10.0 s; peak memory 474 MiB.
2026-10-09T22:18:38Z INFO [980/1000] 52882f6c-ee5d-45b7-aa39-938724c38255: 41 arrays, 696.2 MB stored; 20.9 s; peak memory 474 MiB.
2026-10-09T22:18:41Z INFO [981/1000] 528cbb4a-f535-4c43-82b4-9afdd7dc5bf4: 113 arrays, 0.7 MB stored; 2.7 s; peak memory 474 MiB.
2026-10-09T22:18:46Z INFO [982/1000] 528b72ad-54b1-4bd7-b8ae-ee45d3d8ef07: 953 arrays, 26.8 MB stored; 15.3 s; peak memory 474 MiB.
2026-10-09T22:18:46Z INFO [983/1000] 528ba978-8c21-4755-97d8-91b46c53719f: 538 arrays, 8.3 MB stored; 8.5 s; peak memory 474 MiB.
2026-10-09T22:18:47Z INFO [984/1000] 528ccb4b-5b5a-4e80-ae3b-7f78e384515d: 50 arrays, 1.5 MB stored; 1.6 s; peak memory 474 MiB.
2026-10-09T22:18:49Z INFO [985/1000] 528cc828-77be-44e9-ab6c-07031b0829ea: 911 arrays, 22.1 MB stored; 8.2 s; peak memory 474 MiB.
2026-10-09T22:18:51Z INFO [986/1000] 528e4e7f-1a79-4812-8061-0c9d3a9ef659: 117 arrays, 0.3 MB stored; 2.2 s; peak memory 474 MiB.
2026-10-09T22:18:51Z INFO [987/1000] 528d1406-9641-4ef4-a215-f1620abeb7da: 441 arrays, 4.9 MB stored; 5.3 s; peak memory 474 MiB.
2026-10-09T22:18:51Z INFO [988/1000] 528b1ca2-cf82-4537-be8e-c14782ff57bb: 1064 arrays, 24.1 MB stored; 21.2 s; peak memory 474 MiB.
2026-10-09T22:18:53Z INFO [989/1000] 528e831a-abbe-4d89-944e-2a8598badd10: 46 arrays, 12.6 MB stored; 1.8 s; peak memory 474 MiB.
2026-10-09T22:18:53Z INFO [990/1000] 528f7e15-2294-4c8c-aa27-9129ec8f561b: 52 arrays, 0.0 MB stored; 1.6 s; peak memory 474 MiB.
2026-10-09T22:18:53Z INFO [991/1000] 528d43c7-22e7-416d-b05c-4ea6ef6b5f92: 88 arrays, 5507.9 MB stored; 5.5 s; peak memory 474 MiB.
2026-10-09T22:18:53Z INFO [992/1000] 52902cde-0fbc-4849-91a8-b0fe69090ec4: 112 arrays, 0.4 MB stored; 2.0 s; peak memory 474 MiB.
2026-10-09T22:18:54Z INFO [993/1000] 52906132-b9a8-4594-ae36-89eee21acbd5: 40 arrays, 2.4 MB stored; 1.6 s; peak memory 474 MiB.
2026-10-09T22:18:55Z INFO [994/1000] 5290a3f0-6bb7-452d-869d-45972c20f9ab: 48 arrays, 83.9 MB stored; 1.8 s; peak memory 474 MiB.
2026-10-09T22:18:55Z INFO [995/1000] 5290f168-2733-498f-9324-c818b75bde89: 48 arrays, 83.9 MB stored; 1.6 s; peak memory 474 MiB.
2026-10-09T22:19:05Z INFO [996/1000] 52903a7c-9546-49c2-9fa5-43a3b6f86227: 375 arrays, 19.1 MB stored; 12.2 s; peak memory 474 MiB.
2026-10-09T22:21:17Z INFO [997/1000] 5288901c-0f26-4752-bed4-988449b8f6a0: 413 arrays, 23252.3 MB stored; 178.1 s; peak memory 474 MiB.
2026-10-09T22:22:13Z WARNING 5180e0c5-c6f5-4ab8-804b-bf4b0596dafd: failed while reading the NWB file (TimeoutError: exceeded 1200 s)
2026-10-09T22:22:13Z WARNING [998/1000] 5180e0c5-c6f5-4ab8-804b-bf4b0596dafd: recorded the failure; a later run retries it.
2026-10-09T22:27:14Z WARNING 51d0cbb9-0d29-493e-8871-71364dd3d2dd: failed while reading the NWB file (TimeoutError: exceeded 1200 s)
2026-10-09T22:27:14Z WARNING [999/1000] 51d0cbb9-0d29-493e-8871-71364dd3d2dd: recorded the failure; a later run retries it.
2026-10-09T22:36:00Z WARNING 52614874-adf2-42b8-a7fc-d702523228b0: failed while reading the NWB file (TimeoutError: exceeded 1200 s)
2026-10-09T22:36:00Z WARNING [1000/1000] 52614874-adf2-42b8-a7fc-d702523228b0: recorded the failure; a later run retries it.
2026-10-09T22:36:01Z INFO [1000/1000] 52614874-adf2-42b8-a7fc-d702523228b0: checkpointed 1000 new records.
2026-10-09T22:36:01Z INFO Wrote 55200 records to /tmp/derivatives/valid_nwb_file_to_array_sizes.jsonl (997 new, 3 failed) in 37.0 min (peak memory 561 MiB).
