2026-10-09T12:38:17Z INFO Logging to /tmp/logs/update_2026-10-09T12-38-17Z.log.
2026-10-09T12:38:17Z INFO Update valid-nwb-file-to-array-sizes (base directory /tmp).
2026-10-09T12:38:36Z INFO Processing 1000 items (39200 already recorded).
2026-10-09T12:38:38Z INFO [1/1000] 00c4ef28-e6cd-42d4-88be-e7f5e5990879: 39 arrays, 786.4 MB stored; 2.2 s; peak memory 153 MiB.
2026-10-09T12:38:38Z INFO [2/1000] 0c89a6d9-0b39-4dcd-b5c6-3d16ce012ac0: 39 arrays, 786.4 MB stored; 2.3 s; peak memory 153 MiB.
2026-10-09T12:38:38Z INFO [3/1000] 0afd79c1-9fdb-42d2-be6a-8399c523a893: 39 arrays, 786.4 MB stored; 2.3 s; peak memory 153 MiB.
2026-10-09T12:38:38Z INFO [4/1000] 09dad3d9-69a9-481e-a7db-761a9b4ca04a: 39 arrays, 786.4 MB stored; 2.4 s; peak memory 153 MiB.
2026-10-09T12:38:38Z INFO [5/1000] 08cbe3bd-bc48-4780-bb85-49df1911ef51: 39 arrays, 786.4 MB stored; 2.4 s; peak memory 153 MiB.
2026-10-09T12:38:38Z INFO [6/1000] 05816952-d049-4610-bdfb-f7a3a9fe268a: 39 arrays, 786.4 MB stored; 2.5 s; peak memory 153 MiB.
2026-10-09T12:38:38Z INFO [7/1000] 01d80f29-7e32-4d95-9ccb-0cfc2ca48ede: 39 arrays, 786.4 MB stored; 2.5 s; peak memory 153 MiB.
2026-10-09T12:38:38Z INFO [8/1000] 09abda3a-441a-4f03-b15e-16d56875f7a9: 39 arrays, 786.4 MB stored; 2.5 s; peak memory 153 MiB.
2026-10-09T12:38:40Z INFO [9/1000] 0f3501b9-157c-4e28-bf6f-f740ae75cf71: 39 arrays, 786.4 MB stored; 2.1 s; peak memory 153 MiB.
2026-10-09T12:38:40Z INFO [10/1000] 10f0421d-a3b3-43ed-869a-a9c9bf6353fb: 39 arrays, 786.4 MB stored; 2.2 s; peak memory 153 MiB.
2026-10-09T12:38:40Z INFO [11/1000] 154ffd51-1f73-4cab-b302-03fed9b02b08: 39 arrays, 786.4 MB stored; 2.2 s; peak memory 153 MiB.
2026-10-09T12:38:40Z INFO [12/1000] 15feff40-6a26-401d-a2fc-55274150d3f8: 39 arrays, 786.4 MB stored; 2.2 s; peak memory 153 MiB.
2026-10-09T12:38:40Z INFO [13/1000] 195cb35f-bd21-4d46-9eab-2aea3cd196e7: 39 arrays, 786.4 MB stored; 2.2 s; peak memory 153 MiB.
2026-10-09T12:38:40Z INFO [14/1000] 174dc191-19f2-4e87-ba9c-da8529fee031: 39 arrays, 786.4 MB stored; 2.3 s; peak memory 153 MiB.
2026-10-09T12:38:40Z INFO [15/1000] 189185b8-ae32-4a3c-9a0e-f1f04430b13f: 39 arrays, 786.4 MB stored; 2.3 s; peak memory 153 MiB.
2026-10-09T12:38:41Z INFO [16/1000] 19801fef-f4de-4ee8-b77b-f7d5e64cfeb5: 39 arrays, 786.4 MB stored; 2.2 s; peak memory 153 MiB.
2026-10-09T12:38:42Z INFO [17/1000] 1b5ad137-5b6d-4245-ac16-36ad03a4b77b: 39 arrays, 786.4 MB stored; 2.0 s; peak memory 153 MiB.
2026-10-09T12:38:42Z INFO [18/1000] 1c4658d7-1d90-44e2-8e9a-84a50cb2acf5: 39 arrays, 786.4 MB stored; 2.2 s; peak memory 153 MiB.
2026-10-09T12:38:42Z INFO [19/1000] 2384c463-d1fc-4893-8631-5671f5f4bdf2: 39 arrays, 786.4 MB stored; 2.0 s; peak memory 153 MiB.
2026-10-09T12:38:42Z INFO [20/1000] 1f07ea96-6e27-4990-bd62-72fe6984022d: 39 arrays, 786.4 MB stored; 2.2 s; peak memory 153 MiB.
2026-10-09T12:38:43Z INFO [21/1000] 2624ad51-4d3c-407c-836f-c150ee0da4c4: 39 arrays, 786.4 MB stored; 2.1 s; peak memory 153 MiB.
2026-10-09T12:38:43Z INFO [22/1000] 1e6aaafd-2260-4448-8d36-94bdf93a9c6e: 39 arrays, 786.4 MB stored; 2.3 s; peak memory 153 MiB.
2026-10-09T12:38:43Z INFO [23/1000] 255ff935-b551-4e51-92e4-3edc3667ce44: 39 arrays, 786.4 MB stored; 2.1 s; peak memory 153 MiB.
2026-10-09T12:38:43Z INFO [24/1000] 2214a984-c248-404c-9129-161f307f9fbc: 39 arrays, 786.4 MB stored; 2.2 s; peak memory 153 MiB.
2026-10-09T12:38:44Z INFO [25/1000] 2ad6bdb2-0e43-4965-b2cb-cab709f3defc: 39 arrays, 786.4 MB stored; 1.9 s; peak memory 153 MiB.
2026-10-09T12:38:44Z INFO [26/1000] 2c8d4520-1687-44c2-9bab-3aa1760efba6: 39 arrays, 786.4 MB stored; 2.0 s; peak memory 153 MiB.
2026-10-09T12:38:45Z INFO [27/1000] 2bf5e85f-c3f8-41af-89e7-79ee91615515: 39 arrays, 786.4 MB stored; 2.1 s; peak memory 153 MiB.
2026-10-09T12:38:45Z INFO [28/1000] 2e14f9af-62d4-4a1a-a6f2-84a1e1ad93d9: 39 arrays, 786.4 MB stored; 2.2 s; peak memory 153 MiB.
2026-10-09T12:38:45Z INFO [29/1000] 2ed0aaed-6c88-4f24-ac78-0178f7c32e4a: 39 arrays, 786.4 MB stored; 2.1 s; peak memory 153 MiB.
2026-10-09T12:38:45Z INFO [30/1000] 2f75774e-b0d3-40a9-9d12-5f04bbaf31e9: 39 arrays, 786.4 MB stored; 2.1 s; peak memory 153 MiB.
2026-10-09T12:38:45Z INFO [31/1000] 2ef02a1e-dfcb-47c6-a50b-f9a150123184: 39 arrays, 786.4 MB stored; 2.1 s; peak memory 153 MiB.
2026-10-09T12:38:45Z INFO [32/1000] 2e46f2ab-4cf6-40c8-a4a9-ffd6717d155f: 39 arrays, 786.4 MB stored; 2.3 s; peak memory 153 MiB.
2026-10-09T12:38:46Z INFO [33/1000] 304e0c2e-b7df-42ea-9596-115f936fcec1: 39 arrays, 786.4 MB stored; 1.8 s; peak memory 153 MiB.
2026-10-09T12:38:47Z INFO [34/1000] 3140644e-6805-4284-9107-1b6ae094162f: 39 arrays, 786.4 MB stored; 2.2 s; peak memory 153 MiB.
2026-10-09T12:38:47Z INFO [35/1000] 344dd7d3-7a18-4b4a-85ec-769eaeff00ee: 39 arrays, 786.4 MB stored; 2.0 s; peak memory 153 MiB.
2026-10-09T12:38:47Z INFO [36/1000] 326026b5-51ab-4e43-87ef-2ce1348f3890: 39 arrays, 786.4 MB stored; 2.1 s; peak memory 153 MiB.
2026-10-09T12:38:47Z INFO [37/1000] 321dfd14-72a1-40d7-856b-170eb11c475a: 39 arrays, 786.4 MB stored; 2.3 s; peak memory 153 MiB.
2026-10-09T12:38:47Z INFO [38/1000] 32c8e7f6-72a2-4d70-a63b-6e62d496c146: 39 arrays, 786.4 MB stored; 2.2 s; peak memory 153 MiB.
2026-10-09T12:38:47Z INFO [39/1000] 35b21cf5-3192-46cc-bd97-cd3977446fec: 39 arrays, 786.4 MB stored; 2.0 s; peak memory 153 MiB.
2026-10-09T12:38:47Z INFO [40/1000] 344c008b-61eb-4e5c-bc4d-8465a75993f5: 39 arrays, 786.4 MB stored; 2.2 s; peak memory 153 MiB.
2026-10-09T12:38:48Z INFO [41/1000] 3650c75f-fc06-4b57-918d-ff4e9cd0e780: 39 arrays, 786.4 MB stored; 1.7 s; peak memory 153 MiB.
2026-10-09T12:38:49Z INFO [42/1000] 3ab26a95-1e0b-464e-a6d7-a34ccfcb75d6: 45 arrays, 0.0 MB stored; 1.9 s; peak memory 153 MiB.
2026-10-09T12:38:49Z INFO [43/1000] 39d6b25c-9675-4bba-b076-9264cc949aae: 39 arrays, 786.4 MB stored; 2.0 s; peak memory 153 MiB.
2026-10-09T12:38:49Z INFO [44/1000] 3a01ba28-0cfa-4c3e-8c09-43b1a45bd2ac: 39 arrays, 786.4 MB stored; 2.2 s; peak memory 153 MiB.
2026-10-09T12:38:49Z INFO [45/1000] 3ab433f7-3720-4882-ae80-bb2262f94b43: 33 arrays, 0.0 MB stored; 1.5 s; peak memory 153 MiB.
2026-10-09T12:38:50Z INFO [46/1000] 3ab3e02c-b6fe-49b9-9426-5261a8388df6: 112 arrays, 0.8 MB stored; 3.0 s; peak memory 153 MiB.
2026-10-09T12:38:50Z INFO [47/1000] 3ab45635-a0bb-4b20-a12e-c0e5143b46cf: 46 arrays, 0.1 MB stored; 1.7 s; peak memory 153 MiB.
2026-10-09T12:38:51Z INFO [48/1000] 3ab6f4a2-e494-41ad-beb2-7a10bc871cc4: 48 arrays, 83.9 MB stored; 1.7 s; peak memory 153 MiB.
2026-10-09T12:38:51Z INFO [49/1000] 3ab64024-891e-4876-8293-f9364f15d903: 118 arrays, 0.2 MB stored; 2.1 s; peak memory 153 MiB.
2026-10-09T12:38:51Z INFO [50/1000] 3ab737a0-1b6a-4a54-ad7f-b3178bcd5e9b: 48 arrays, 83.9 MB stored; 1.8 s; peak memory 153 MiB.
2026-10-09T12:38:51Z INFO [51/1000] 3ab3bf9e-dbab-4c70-8631-a1da309e4b80: 114 arrays, 186.8 MB stored; 4.3 s; peak memory 153 MiB.
2026-10-09T12:38:52Z INFO [52/1000] 3ab2f23e-872c-4e9c-8e9b-027018b7e35b: 156 arrays, 193.5 MB stored; 4.7 s; peak memory 153 MiB.
2026-10-09T12:38:52Z INFO [53/1000] 3ab85554-c4ca-4862-a1d4-179a9dbf9fb9: 39 arrays, 4.5 MB stored; 1.9 s; peak memory 153 MiB.
2026-10-09T12:38:53Z INFO [54/1000] 3ab89af3-a6c1-4645-92b2-afd86b790194: 48 arrays, 83.9 MB stored; 1.9 s; peak memory 153 MiB.
2026-10-09T12:38:53Z INFO [55/1000] 3ab82ede-c936-4fa9-adb8-b7eb9b399098: 66 arrays, 190.7 MB stored; 3.0 s; peak memory 153 MiB.
2026-10-09T12:38:53Z INFO [56/1000] 3ab86cac-e888-4013-8b52-2e1fe21abe50: 69 arrays, 2.8 MB stored; 2.6 s; peak memory 153 MiB.
2026-10-09T12:38:54Z INFO [57/1000] 3ab8dbb2-0227-4ab4-85fd-20b03b6c8799: 51 arrays, 6212.0 MB stored; 2.1 s; peak memory 153 MiB.
2026-10-09T12:38:54Z INFO [58/1000] 3ab8f5cc-d5f8-4fe4-b858-2df0c93b8047: 48 arrays, 83.9 MB stored; 1.6 s; peak memory 153 MiB.
2026-10-09T12:38:55Z INFO [59/1000] 3ab944f6-b466-4819-b7a3-ee49c0708ccd: 48 arrays, 83.9 MB stored; 1.8 s; peak memory 153 MiB.
2026-10-09T12:38:55Z INFO [60/1000] 3ab8b259-53f1-4275-b348-3728d972f236: 90 arrays, 3000.5 MB stored; 4.0 s; peak memory 153 MiB.
2026-10-09T12:38:55Z INFO [61/1000] 3ab79e79-3b18-494b-888c-6103d283c6ea: 411 arrays, 4.2 MB stored; 5.4 s; peak memory 153 MiB.
2026-10-09T12:38:56Z INFO [62/1000] 3ab98a3c-a90a-46c3-b9ea-1e8526dc0637: 112 arrays, 0.7 MB stored; 2.3 s; peak memory 153 MiB.
2026-10-09T12:38:56Z INFO [63/1000] 3ab9ec31-fb4d-4cda-b7a9-9bf8f209cf68: 117 arrays, 0.2 MB stored; 1.9 s; peak memory 153 MiB.
2026-10-09T12:38:57Z INFO [64/1000] 3aba25df-5193-4ba5-9462-258bccf40167: 122 arrays, 0.4 MB stored; 2.0 s; peak memory 153 MiB.
2026-10-09T12:38:57Z INFO [65/1000] 3aba84e9-b2fc-4b27-8b80-5ccd693aa650: 48 arrays, 83.9 MB stored; 1.8 s; peak memory 153 MiB.
2026-10-09T12:38:58Z INFO [66/1000] 3ababc51-d849-463c-baa1-29811cf921ff: 48 arrays, 83.9 MB stored; 1.8 s; peak memory 153 MiB.
2026-10-09T12:38:58Z INFO [67/1000] 3abc6238-aa60-449b-b4d9-9a79b9eb3a4c: 118 arrays, 0.3 MB stored; 2.0 s; peak memory 153 MiB.
2026-10-09T12:39:00Z INFO [68/1000] 3abd9611-cc1c-4e92-8a8b-ff39af840f20: 39 arrays, 1.4 MB stored; 1.5 s; peak memory 153 MiB.
2026-10-09T12:39:00Z INFO [69/1000] 3abd4ea6-da9d-44c8-9e6c-cf9952feb9eb: 64 arrays, 17.9 MB stored; 2.2 s; peak memory 153 MiB.
2026-10-09T12:39:02Z INFO [70/1000] 3abe01b9-1d61-4fbf-8654-e08ec6da1c8c: 116 arrays, 0.4 MB stored; 1.9 s; peak memory 153 MiB.
2026-10-09T12:39:02Z INFO [71/1000] 3abdc5d1-a506-44ae-9282-30a628bd06c6: 112 arrays, 0.8 MB stored; 2.5 s; peak memory 153 MiB.
2026-10-09T12:39:03Z INFO [72/1000] 3ab3ed25-4a3a-4e20-9f28-c7e6d124b6e4: 331 arrays, 1797.8 MB stored; 15.6 s; peak memory 153 MiB.
2026-10-09T12:39:03Z INFO [73/1000] 3abccbee-b618-4d3e-a582-4c6114d3c3fc: 471 arrays, 6.6 MB stored; 5.5 s; peak memory 153 MiB.
2026-10-09T12:39:04Z INFO [74/1000] 3abe5380-458f-42ed-833e-156c00087082: 118 arrays, 0.3 MB stored; 1.9 s; peak memory 153 MiB.
2026-10-09T12:39:04Z INFO [75/1000] 3ab8e88b-ee4e-4b93-b697-edc42704210e: 336 arrays, 44.0 MB stored; 11.4 s; peak memory 153 MiB.
2026-10-09T12:39:04Z INFO [76/1000] 3ab8f73d-7a81-4459-a77b-2d970a3c0823: 735 arrays, 12.2 MB stored; 10.7 s; peak memory 153 MiB.
2026-10-09T12:39:05Z INFO [77/1000] 3abede41-28aa-47e7-9edf-59d0ebbe4eeb: 82 arrays, 316.3 MB stored; 2.3 s; peak memory 153 MiB.
2026-10-09T12:39:05Z INFO [78/1000] 3ac01e91-068a-4df6-a98d-af848afb1fbe: 116 arrays, 0.4 MB stored; 2.1 s; peak memory 153 MiB.
2026-10-09T12:39:05Z INFO [79/1000] 3ac04e8d-b427-4e79-aaf1-6ad59e934846: 71 arrays, 4.0 MB stored; 2.5 s; peak memory 153 MiB.
2026-10-09T12:39:06Z INFO [80/1000] 3ac0f22d-bed0-412b-8e25-0d2b185bdf25: 117 arrays, 0.4 MB stored; 2.0 s; peak memory 153 MiB.
2026-10-09T12:39:07Z INFO [81/1000] 3ac240e2-7eb0-43c2-8315-4c5e8d7b1874: 48 arrays, 83.9 MB stored; 1.7 s; peak memory 153 MiB.
2026-10-09T12:39:08Z INFO [82/1000] 3ac0ee92-035c-4ce6-9ead-36f68d83750e: 92 arrays, 272.3 MB stored; 3.9 s; peak memory 153 MiB.
2026-10-09T12:39:08Z INFO [83/1000] 3ac2f422-b4c1-47f8-a426-ed0980584894: 56 arrays, 0.0 MB stored; 1.4 s; peak memory 153 MiB.
2026-10-09T12:39:09Z INFO [84/1000] 3ac31dbb-ac60-4b63-ae98-d8a95abebdc5: 39 arrays, 8.1 MB stored; 1.6 s; peak memory 153 MiB.
2026-10-09T12:39:10Z INFO [85/1000] 3ac0cb0f-bfe1-4094-ac8c-2c945394d244: 233 arrays, 14.0 MB stored; 6.1 s; peak memory 153 MiB.
2026-10-09T12:39:11Z INFO [86/1000] 3ac54b99-f902-4920-a008-8953b76a2a24: 48 arrays, 83.9 MB stored; 1.8 s; peak memory 153 MiB.
2026-10-09T12:39:12Z INFO [87/1000] 3ac569bd-2637-4bbf-81c8-de83bc665a6b: 112 arrays, 0.7 MB stored; 2.4 s; peak memory 153 MiB.
2026-10-09T12:39:12Z INFO [88/1000] 3ac11fbb-1560-4c8e-97b5-886235fa46f4: 534 arrays, 23.7 MB stored; 8.0 s; peak memory 153 MiB.
2026-10-09T12:39:13Z INFO [89/1000] 3ac5c818-a074-40e9-9f8f-c8b7c1811eec: 50 arrays, 6.0 MB stored; 1.6 s; peak memory 153 MiB.
2026-10-09T12:39:14Z INFO [90/1000] 3ac67514-7b20-4b1b-8803-e7ff6a49560d: 52 arrays, 11.8 MB stored; 1.8 s; peak memory 153 MiB.
2026-10-09T12:39:14Z INFO [91/1000] 3ac6744b-9d41-41d6-99cd-77e9b26edfe7: 117 arrays, 0.4 MB stored; 2.0 s; peak memory 153 MiB.
2026-10-09T12:39:14Z INFO [92/1000] 3ac6a1b9-db08-4949-a923-aeeaf631c10c: 48 arrays, 83.9 MB stored; 1.7 s; peak memory 153 MiB.
2026-10-09T12:39:16Z INFO [93/1000] 3ac3749c-adeb-4225-ac1f-c0b794ca0e4d: 475 arrays, 6.7 MB stored; 7.5 s; peak memory 153 MiB.
2026-10-09T12:39:16Z INFO [94/1000] 3ac6d28b-2a88-411d-b90a-8394d04a6026: 117 arrays, 0.3 MB stored; 2.0 s; peak memory 153 MiB.
2026-10-09T12:39:18Z INFO [95/1000] 3ac74548-fdd2-49bd-abef-1ff65772c824: 112 arrays, 0.5 MB stored; 2.3 s; peak memory 153 MiB.
2026-10-09T12:39:18Z INFO [96/1000] 3ac6cb66-d636-492a-8459-fa26a8e2c937: 138 arrays, 4.8 MB stored; 3.8 s; peak memory 153 MiB.
2026-10-09T12:39:19Z INFO [97/1000] 3ac29964-9148-4ecb-8262-b46989a77818: 865 arrays, 29.1 MB stored; 13.3 s; peak memory 153 MiB.
2026-10-09T12:39:20Z INFO [98/1000] 3ac80c36-4dd3-4e9f-9571-35196875838f: 48 arrays, 83.9 MB stored; 1.7 s; peak memory 153 MiB.
2026-10-09T12:39:20Z INFO [99/1000] 3ac750da-3b64-4f90-97d2-2b4b9c339612: 114 arrays, 186.8 MB stored; 3.9 s; peak memory 153 MiB.
2026-10-09T12:39:22Z INFO [100/1000] 3ac90b3a-6173-45cb-a520-fcf0d7e54aa4: 48 arrays, 83.9 MB stored; 1.8 s; peak memory 153 MiB.
2026-10-09T12:39:23Z INFO [101/1000] 3ac8a3e3-e735-48ea-8c4b-39e4ffd8279a: 117 arrays, 26.5 MB stored; 3.2 s; peak memory 153 MiB.
2026-10-09T12:39:23Z INFO [102/1000] 3ac7f40a-b61b-4096-a550-7a64b667de2a: 48 arrays, 35.1 MB stored; 4.7 s; peak memory 153 MiB.
2026-10-09T12:39:24Z INFO [103/1000] 3ac9b8a7-6f41-4794-aafd-09443378d412: 77 arrays, 0.0 MB stored; 1.7 s; peak memory 153 MiB.
2026-10-09T12:39:26Z INFO [104/1000] 3acabf0d-e6a5-467b-af20-2077a44198ac: 117 arrays, 0.3 MB stored; 2.0 s; peak memory 153 MiB.
2026-10-09T12:39:27Z INFO [105/1000] 3ac6a9db-52d9-413f-81db-0b9de7e729af: 363 arrays, 153.2 MB stored; 12.5 s; peak memory 153 MiB.
2026-10-09T12:39:28Z INFO [106/1000] 3ac1a837-c0b0-44f5-bb52-461b13ff50ae: 59 arrays, 1232.3 MB stored; 23.0 s; peak memory 153 MiB.
2026-10-09T12:39:29Z INFO [107/1000] 3acb76c0-9548-4353-afc1-56cceee7758b: 74 arrays, 68.3 MB stored; 2.1 s; peak memory 153 MiB.
2026-10-09T12:39:30Z INFO [108/1000] 3acc0cf7-a82a-4ea5-b1e3-3be8fd2672b4: 95 arrays, 13.2 MB stored; 2.5 s; peak memory 153 MiB.
2026-10-09T12:39:31Z INFO [109/1000] 3acd61af-b821-47ac-8fcb-53716cfc49a5: 78 arrays, 36.6 MB stored; 2.6 s; peak memory 153 MiB.
2026-10-09T12:39:32Z INFO [110/1000] 3acdbf5a-5133-4579-ae59-ed373087d8a8: 71 arrays, 3.0 MB stored; 2.1 s; peak memory 153 MiB.
2026-10-09T12:39:33Z INFO [111/1000] 3aca910f-6a21-4414-9c99-b99b7d13012c: 93 arrays, 160.9 MB stored; 9.8 s; peak memory 153 MiB.
2026-10-09T12:39:33Z INFO [112/1000] 3acdc5bf-4049-4996-8c57-78043f8bd906: 48 arrays, 83.9 MB stored; 1.7 s; peak memory 153 MiB.
2026-10-09T12:39:33Z INFO [113/1000] 3ac8df5b-4b59-43be-a377-e642a824a12c: 215 arrays, 3129.2 MB stored; 13.6 s; peak memory 153 MiB.
2026-10-09T12:39:34Z INFO [114/1000] 3acdca6e-2a50-49ce-b109-5de49e5b0482: 48 arrays, 83.9 MB stored; 1.6 s; peak memory 153 MiB.
2026-10-09T12:39:35Z INFO [115/1000] 3acf3268-911b-40ec-b8a7-05dd8e86faf3: 99 arrays, 0.1 MB stored; 2.2 s; peak memory 153 MiB.
2026-10-09T12:39:35Z INFO [116/1000] 3acfb219-150c-4df3-8a17-be2f5aa7175d: 39 arrays, 3.6 MB stored; 1.8 s; peak memory 153 MiB.
2026-10-09T12:39:35Z INFO [117/1000] 3acaec1c-7bbe-4ea3-82f5-b72f68a20171: 799 arrays, 10.5 MB stored; 9.1 s; peak memory 153 MiB.
2026-10-09T12:39:35Z INFO [118/1000] 3ad063b0-c016-4831-a48f-da636156bca1: 56 arrays, 0.0 MB stored; 1.5 s; peak memory 153 MiB.
2026-10-09T12:39:37Z INFO [119/1000] 3ad18cc0-7955-4f89-b19b-3cb123c10e6d: 63 arrays, 0.1 MB stored; 1.6 s; peak memory 153 MiB.
2026-10-09T12:39:37Z INFO [120/1000] 3ad0e921-5d19-4076-a16b-94f801a28bd5: 69 arrays, 61.4 MB stored; 2.7 s; peak memory 153 MiB.
2026-10-09T12:39:38Z INFO [121/1000] 3ad138d3-0e08-4170-9748-d6891722e571: 71 arrays, 111.5 MB stored; 2.9 s; peak memory 153 MiB.
2026-10-09T12:39:39Z INFO [122/1000] 3ad21297-857f-43bf-ae57-627227a79eb7: 117 arrays, 0.4 MB stored; 2.0 s; peak memory 153 MiB.
2026-10-09T12:39:42Z INFO [123/1000] 3acf838b-ee16-4499-a207-76148c2f7c69: 538 arrays, 7.6 MB stored; 8.4 s; peak memory 153 MiB.
2026-10-09T12:39:42Z INFO [124/1000] 3ad10fce-4e9a-4899-ae93-eb81ff30e751: 229 arrays, 383.3 MB stored; 7.2 s; peak memory 153 MiB.
2026-10-09T12:39:43Z INFO [125/1000] 3ad1a277-0790-43ca-998f-2bc6ea7038e8: 463 arrays, 5.4 MB stored; 6.5 s; peak memory 153 MiB.
2026-10-09T12:39:45Z INFO [126/1000] 3ad33f2f-7100-4f88-85c0-0ad67458570c: 110 arrays, 0.5 MB stored; 2.2 s; peak memory 153 MiB.
2026-10-09T12:39:45Z INFO [127/1000] 3ad32a4e-6842-46f2-b387-3cc82fa87fe4: 87 arrays, 15.2 MB stored; 3.5 s; peak memory 153 MiB.
2026-10-09T12:39:46Z INFO [128/1000] 3ad3f62d-797c-4954-84fc-e5982cf47e90: 46 arrays, 0.1 MB stored; 1.4 s; peak memory 153 MiB.
2026-10-09T12:39:47Z INFO [129/1000] 3ad401e6-7609-45b6-8254-c81432d30efb: 52 arrays, 19.5 MB stored; 1.9 s; peak memory 153 MiB.
2026-10-09T12:39:48Z INFO [130/1000] 3ad4738a-a895-43c6-aeac-e0216a4651e2: 116 arrays, 0.4 MB stored; 1.9 s; peak memory 153 MiB.
2026-10-09T12:39:48Z INFO [131/1000] 3ad2d4f1-4aaa-4730-bdac-e3e4932944cd: 656 arrays, 26.5 MB stored; 9.0 s; peak memory 153 MiB.
2026-10-09T12:39:49Z INFO [132/1000] 3ad47514-88aa-4eca-a2ef-5277755c4635: 48 arrays, 83.9 MB stored; 1.7 s; peak memory 153 MiB.
2026-10-09T12:39:50Z INFO [133/1000] 3ad5d716-9a75-456a-b203-ac423c220322: 48 arrays, 83.9 MB stored; 1.6 s; peak memory 153 MiB.
2026-10-09T12:39:53Z INFO [134/1000] 3ad22142-fa21-44b0-8c92-f4be63ed50cd: 44 arrays, 10081.5 MB stored; 14.8 s; peak memory 153 MiB.
2026-10-09T12:39:55Z INFO [135/1000] 3ad78e81-c7c6-4385-b232-c4cdb854d816: 48 arrays, 83.9 MB stored; 1.7 s; peak memory 153 MiB.
2026-10-09T12:39:55Z INFO [136/1000] 3ad52080-b5f9-498b-8cbe-18ac7c0e1de1: 677 arrays, 10.0 MB stored; 7.6 s; peak memory 153 MiB.
2026-10-09T12:39:56Z INFO [137/1000] 3ad7f7ed-afa9-4b35-9ab6-d84d00c32aad: 41 arrays, 4.8 MB stored; 1.6 s; peak memory 153 MiB.
2026-10-09T12:39:59Z INFO [138/1000] 3ad3ec30-378c-4029-9b58-284a43051451: 1165 arrays, 43.4 MB stored; 15.6 s; peak memory 153 MiB.
2026-10-09T12:39:59Z INFO [139/1000] 3ad8850f-95f6-4385-959d-f2124a666550: 116 arrays, 187.2 MB stored; 3.7 s; peak memory 153 MiB.
2026-10-09T12:40:01Z INFO [140/1000] 3ada4e37-d343-42df-ba8b-7a1f87fd1cdd: 77 arrays, 0.0 MB stored; 1.9 s; peak memory 153 MiB.
2026-10-09T12:40:01Z INFO [141/1000] 3ad6d6a8-ed73-4480-a60c-95c0dd0e48f7: 1152 arrays, 27.4 MB stored; 11.2 s; peak memory 153 MiB.
2026-10-09T12:40:02Z INFO [142/1000] 3ad90d4d-4c39-4392-ae88-940bd21f9608: 71 arrays, 4.8 MB stored; 2.7 s; peak memory 153 MiB.
2026-10-09T12:40:03Z INFO [143/1000] 3abd4bfe-49be-45fa-991a-57d9b705e847: 8891 arrays, 198.5 MB stored; 65.8 s; peak memory 153 MiB.
2026-10-09T12:40:03Z INFO [144/1000] 3adb1ba4-8b0c-4006-bbb8-5eaedebcebbd: 116 arrays, 0.4 MB stored; 2.0 s; peak memory 153 MiB.
2026-10-09T12:40:03Z INFO [145/1000] 3adc216f-2518-4463-9a76-e5a5d5adfb8e: 48 arrays, 83.9 MB stored; 1.6 s; peak memory 153 MiB.
2026-10-09T12:40:04Z INFO [146/1000] 3ad6392c-62d1-4dd8-9f51-7912655e675f: 480 arrays, 23.4 MB stored; 15.0 s; peak memory 153 MiB.
2026-10-09T12:40:05Z INFO [147/1000] 3addaa0f-e48f-45d4-8fa7-72acdea527b5: 85 arrays, 1.1 MB stored; 1.8 s; peak memory 153 MiB.
2026-10-09T12:40:05Z INFO [148/1000] 3adf351b-a5b0-474b-8ea0-9aedd5811225: 48 arrays, 83.9 MB stored; 1.7 s; peak memory 153 MiB.
2026-10-09T12:40:05Z INFO [149/1000] 3adf9c15-3c0e-4c6d-a680-5329e178ea58: 48 arrays, 83.9 MB stored; 1.8 s; peak memory 153 MiB.
2026-10-09T12:40:06Z INFO [150/1000] 3adc10f5-0b08-402d-8f4d-11b2000719d4: 277 arrays, 658.1 MB stored; 4.4 s; peak memory 153 MiB.
2026-10-09T12:40:06Z INFO [151/1000] 3adc908b-e435-49bf-bd4c-5a270dab3853: 71 arrays, 133.0 MB stored; 3.2 s; peak memory 153 MiB.
2026-10-09T12:40:07Z INFO [152/1000] 3adfe157-05fa-45e7-b76f-48c77baa4f64: 85 arrays, 0.9 MB stored; 1.8 s; peak memory 153 MiB.
2026-10-09T12:40:07Z INFO [153/1000] 3adff083-3567-41c0-adbd-5384abcdfe81: 48 arrays, 83.9 MB stored; 1.7 s; peak memory 153 MiB.
2026-10-09T12:40:07Z INFO [154/1000] 3ae0477b-715c-4326-8ad6-7f2a303ad43e: 38 arrays, 0.5 MB stored; 1.6 s; peak memory 153 MiB.
2026-10-09T12:40:08Z INFO [155/1000] 3ae0a5d3-bf4d-4e20-a6de-3f78ba6bd63b: 48 arrays, 83.9 MB stored; 1.7 s; peak memory 153 MiB.
2026-10-09T12:40:08Z INFO [156/1000] 3adfa0ee-6d94-4ae1-8cbe-141ef052d8db: 116 arrays, 187.0 MB stored; 3.7 s; peak memory 153 MiB.
2026-10-09T12:40:09Z INFO [157/1000] 3ae0b9a7-c4d2-4eb3-aa41-9cf9497fff65: 48 arrays, 83.9 MB stored; 1.7 s; peak memory 153 MiB.
2026-10-09T12:40:10Z INFO [158/1000] 3ae2594a-8093-45a3-8638-a4365a3a8249: 117 arrays, 0.3 MB stored; 1.9 s; peak memory 153 MiB.
2026-10-09T12:40:10Z INFO [159/1000] 3ae254e5-ae25-4d9b-b3a1-9760f93744c4: 119 arrays, 66.4 MB stored; 3.0 s; peak memory 153 MiB.
2026-10-09T12:40:11Z INFO [160/1000] 3ae2eef0-ed01-402f-8819-2657f1bceec9: 112 arrays, 0.2 MB stored; 2.0 s; peak memory 153 MiB.
2026-10-09T12:40:13Z INFO [161/1000] 3ae311b5-4b8f-4c8b-b85c-c8ca5e2f2d95: 62 arrays, 4743.1 MB stored; 2.2 s; peak memory 153 MiB.
2026-10-09T12:40:15Z INFO [162/1000] 3ae335aa-439c-49bf-b3f1-6afd3afe4c7f: 156 arrays, 193.5 MB stored; 4.2 s; peak memory 153 MiB.
2026-10-09T12:40:15Z INFO [163/1000] 3ae3e4f9-05e5-4601-920a-0ccd79840ecb: 101 arrays, 16.9 MB stored; 2.5 s; peak memory 153 MiB.
2026-10-09T12:40:15Z INFO [164/1000] 3ae20d06-d853-45d4-9740-952eee3ebc2f: 446 arrays, 16.5 MB stored; 8.2 s; peak memory 153 MiB.
2026-10-09T12:40:17Z INFO [165/1000] 3ae53bd4-3d28-48b9-a7a6-ca38c823aaa7: 48 arrays, 83.9 MB stored; 1.7 s; peak memory 153 MiB.
2026-10-09T12:40:17Z INFO [166/1000] 3ae50406-a987-4a46-bf94-f0320d9710ea: 45 arrays, 653.5 MB stored; 2.3 s; peak memory 153 MiB.
2026-10-09T12:40:17Z INFO [167/1000] 3ac98a57-bb9c-42f3-8625-5d68a3d0f818: 55 arrays, 1913.0 MB stored; 55.2 s; peak memory 153 MiB.
2026-10-09T12:40:18Z INFO [168/1000] 3ae2d8da-4fcb-45fc-9a7f-974bc292c5e9: 300 arrays, 18455.4 MB stored; 9.5 s; peak memory 153 MiB.
2026-10-09T12:40:19Z INFO [169/1000] 3ae54056-1bca-4133-bbb5-297379a6ef06: 116 arrays, 0.4 MB stored; 2.1 s; peak memory 153 MiB.
2026-10-09T12:40:19Z INFO [170/1000] 3ae4cc17-835e-48d0-887f-77aca4921e50: 156 arrays, 193.5 MB stored; 4.4 s; peak memory 153 MiB.
2026-10-09T12:40:19Z INFO [171/1000] 3ad88986-0001-4af4-ac99-9be4551c7966: 1163 arrays, 31.2 MB stored; 23.0 s; peak memory 153 MiB.
2026-10-09T12:40:20Z INFO [172/1000] 3ae6167c-291d-4b52-a025-12e72395237d: 69 arrays, 2.0 MB stored; 2.2 s; peak memory 153 MiB.
2026-10-09T12:40:21Z INFO [173/1000] 3ae6d83a-e4e2-43aa-92f0-f7f086cb9bfe: 117 arrays, 0.3 MB stored; 2.0 s; peak memory 153 MiB.
2026-10-09T12:40:21Z INFO [174/1000] 3ae676b6-32ad-47c0-bb55-ba2417c9338b: 117 arrays, 0.4 MB stored; 2.1 s; peak memory 153 MiB.
2026-10-09T12:40:21Z INFO [175/1000] 3ae6826f-a526-422a-b9ae-07ff12c52045: 116 arrays, 0.4 MB stored; 2.2 s; peak memory 153 MiB.
2026-10-09T12:40:22Z INFO [176/1000] 3ae708b9-1bfc-48cd-b9c5-e81608f282b2: 52 arrays, 312.9 MB stored; 1.8 s; peak memory 153 MiB.
2026-10-09T12:40:22Z INFO [177/1000] 3ae31127-c568-4250-9705-93187602c5c8: 300 arrays, 19.1 MB stored; 12.6 s; peak memory 153 MiB.
2026-10-09T12:40:23Z INFO [178/1000] 3ae74dd7-e94c-4373-b092-8ddc15ed1a37: 48 arrays, 83.9 MB stored; 1.8 s; peak memory 153 MiB.
2026-10-09T12:40:24Z INFO [179/1000] 3ae71bce-e9f2-4e11-81d0-741c926750f6: 66 arrays, 69.9 MB stored; 2.6 s; peak memory 153 MiB.
2026-10-09T12:40:25Z INFO [180/1000] 3ae77639-7f08-457c-9c9a-06394ab2d35e: 71 arrays, 3.0 MB stored; 2.8 s; peak memory 153 MiB.
2026-10-09T12:40:25Z INFO [181/1000] 3ae79d84-845b-4945-b711-ff3cc460ae20: 117 arrays, 0.6 MB stored; 2.2 s; peak memory 153 MiB.
2026-10-09T12:40:26Z INFO [182/1000] 3ae7e027-f42d-41ee-a3e8-0c3f23881577: 40 arrays, 370.4 MB stored; 2.4 s; peak memory 153 MiB.
2026-10-09T12:40:29Z INFO [183/1000] 3ae918a3-a569-4040-bb31-c67f1cb9dea7: 168 arrays, 3.2 MB stored; 3.5 s; peak memory 153 MiB.
2026-10-09T12:40:29Z INFO [184/1000] 3ae71755-662d-46a4-824b-81eb11450e3e: 79 arrays, 117.0 MB stored; 7.9 s; peak memory 153 MiB.
2026-10-09T12:40:30Z INFO [185/1000] 3aba39af-53bf-49c6-beda-2b31ba3796c4: 6343 arrays, 538.1 MB stored; 94.6 s; peak memory 153 MiB.
2026-10-09T12:40:31Z INFO [186/1000] 3ae921ce-6c41-48c0-9157-334ee1ec89e6: 156 arrays, 193.6 MB stored; 4.4 s; peak memory 153 MiB.
2026-10-09T12:40:31Z INFO [187/1000] 3ae9c266-9e62-40c8-abcb-7e0734eeec1f: 84 arrays, 1.2 MB stored; 2.1 s; peak memory 153 MiB.
2026-10-09T12:40:32Z INFO [188/1000] 3ae9ff79-ae59-4a70-83b5-f30cbfed7d0c: 117 arrays, 0.4 MB stored; 2.0 s; peak memory 153 MiB.
2026-10-09T12:40:32Z INFO [189/1000] 3aea1653-c670-4fbf-b3f9-704973554962: 39 arrays, 2.5 MB stored; 1.7 s; peak memory 153 MiB.
2026-10-09T12:40:33Z INFO [190/1000] 3ae9fef8-337e-4cfd-99a8-ae2bb4fdf7f3: 114 arrays, 186.8 MB stored; 3.8 s; peak memory 153 MiB.
2026-10-09T12:40:33Z INFO [191/1000] 3aeb4304-5341-4718-b426-06f5444df5aa: 48 arrays, 83.9 MB stored; 1.7 s; peak memory 153 MiB.
2026-10-09T12:40:34Z INFO [192/1000] 3aeb509e-9d85-4be7-a89a-b18c3f0acb72: 48 arrays, 83.9 MB stored; 1.7 s; peak memory 153 MiB.
2026-10-09T12:40:35Z INFO [193/1000] 3aeba165-378c-4f13-9a43-6fd6f148a97c: 48 arrays, 83.9 MB stored; 1.7 s; peak memory 153 MiB.
2026-10-09T12:40:35Z INFO [194/1000] 3aeb6fff-93d1-4f0d-b37d-8ffbb85e18f0: 117 arrays, 0.4 MB stored; 2.2 s; peak memory 153 MiB.
2026-10-09T12:40:36Z INFO [195/1000] 3aebf7ca-c460-42ac-a2c8-095ec11920ac: 48 arrays, 83.9 MB stored; 1.7 s; peak memory 153 MiB.
2026-10-09T12:40:37Z INFO [196/1000] 3aec8b7c-788a-467f-b5d3-592e216d3806: 48 arrays, 83.9 MB stored; 1.7 s; peak memory 153 MiB.
2026-10-09T12:40:38Z INFO [197/1000] 3aed0ee4-9277-4427-9233-e8dcde508ac0: 62 arrays, 3998.0 MB stored; 2.1 s; peak memory 153 MiB.
2026-10-09T12:40:38Z INFO [198/1000] 3aec8fb5-57fc-485b-b6a2-02706faf6cbe: 71 arrays, 66.9 MB stored; 3.0 s; peak memory 153 MiB.
2026-10-09T12:40:40Z INFO [199/1000] 3aeda1dd-1b9b-4bcd-ab28-427633648f31: 110 arrays, 0.6 MB stored; 2.1 s; peak memory 153 MiB.
2026-10-09T12:40:42Z INFO [200/1000] 3aedb026-c31f-4273-b76d-bbb16e9b8b26: 117 arrays, 0.2 MB stored; 2.0 s; peak memory 153 MiB.
2026-10-09T12:41:27Z INFO [200/1000] 3aedb026-c31f-4273-b76d-bbb16e9b8b26: checkpointed 200 new records.
2026-10-09T12:41:27Z INFO [201/1000] 3aeda235-84fd-4319-8c33-fb9471517d20: 172 arrays, 5.1 MB stored; 4.0 s; peak memory 644 MiB.
2026-10-09T12:41:27Z INFO [202/1000] 3ae5dbe2-ba4d-427b-95b0-f88c5e7d48d1: 49 arrays, 20712.8 MB stored; 26.6 s; peak memory 644 MiB.
2026-10-09T12:41:27Z INFO [203/1000] 3aedc196-38a5-477a-b7ac-581335ced3b9: 117 arrays, 0.3 MB stored; 2.0 s; peak memory 644 MiB.
2026-10-09T12:41:27Z INFO [204/1000] 3ae8a1bd-db72-4741-b0fe-dc926ba7b72d: 1414 arrays, 46.3 MB stored; 20.2 s; peak memory 644 MiB.
2026-10-09T12:41:27Z INFO [205/1000] 3aee47ff-ed26-4240-ba34-fb2aa2b300e4: 92 arrays, 37.4 MB stored; 3.3 s; peak memory 644 MiB.
2026-10-09T12:41:27Z INFO [206/1000] 3aed3fa7-004e-4e21-a103-795b75750c0b: 584 arrays, 19.0 MB stored; 8.8 s; peak memory 644 MiB.
2026-10-09T12:41:27Z INFO [207/1000] 3aef52f9-525e-4d8b-b659-8a22df6074cb: 119 arrays, 66.3 MB stored; 3.1 s; peak memory 644 MiB.
2026-10-09T12:41:27Z INFO [208/1000] 3aefe073-d999-47e1-8442-745671b05e16: 48 arrays, 83.9 MB stored; 2.0 s; peak memory 644 MiB.
2026-10-09T12:41:27Z INFO [209/1000] 3aefd7e2-2282-4253-b5ec-ad336b573c7e: 118 arrays, 0.4 MB stored; 2.1 s; peak memory 644 MiB.
2026-10-09T12:41:27Z INFO [210/1000] 3af03910-5e92-44a8-b494-96da8b04a09f: 114 arrays, 0.1 MB stored; 1.7 s; peak memory 644 MiB.
2026-10-09T12:41:27Z INFO [211/1000] 3af105f8-c8cb-45d4-bb0f-729622523c6b: 117 arrays, 0.2 MB stored; 1.8 s; peak memory 644 MiB.
2026-10-09T12:41:27Z INFO [212/1000] 3af14250-26c6-4e53-a1a9-8b86d82e97a1: 112 arrays, 0.3 MB stored; 2.1 s; peak memory 644 MiB.
2026-10-09T12:41:27Z INFO [213/1000] 3af146bf-b74a-4419-a1fb-664182978d61: 63 arrays, 2.2 MB stored; 1.7 s; peak memory 644 MiB.
2026-10-09T12:41:27Z INFO [214/1000] 3af29726-185d-46bf-91c3-66860176284d: 117 arrays, 0.3 MB stored; 2.0 s; peak memory 644 MiB.
2026-10-09T12:41:27Z INFO [215/1000] 3af2f373-3ede-4a5b-815d-b55608ac2453: 78 arrays, 384.6 MB stored; 2.8 s; peak memory 644 MiB.
2026-10-09T12:41:27Z INFO [216/1000] 3ae544ff-c365-4dec-8ce3-ea3a284d2a85: 3385 arrays, 51.6 MB stored; 41.1 s; peak memory 644 MiB.
2026-10-09T12:41:27Z INFO [217/1000] 3af35e26-efdf-42fe-a9a0-6aed81579e5d: 341 arrays, 3.0 MB stored; 4.7 s; peak memory 644 MiB.
2026-10-09T12:41:27Z INFO [218/1000] 3af28bfe-5c8d-4cb9-b118-8bd678a60d8a: 1492 arrays, 12.9 MB stored; 14.1 s; peak memory 644 MiB.
2026-10-09T12:41:27Z INFO [219/1000] 3af42b0d-c391-4215-8ccc-af73cd324da8: 90 arrays, 156.1 MB stored; 3.6 s; peak memory 644 MiB.
2026-10-09T12:41:27Z INFO [220/1000] 3af48fbd-d9f9-47a4-9b3c-341ba4dac980: 112 arrays, 0.6 MB stored; 2.5 s; peak memory 644 MiB.
2026-10-09T12:41:27Z INFO [221/1000] 3aefd603-d499-492a-9f2b-87c38fd61ac7: 48 arrays, 43838.4 MB stored; 26.3 s; peak memory 644 MiB.
2026-10-09T12:41:27Z INFO [222/1000] 3af494c6-69cc-41de-aca5-b6458c07ee38: 48 arrays, 83.9 MB stored; 1.7 s; peak memory 644 MiB.
2026-10-09T12:41:27Z INFO [223/1000] 3af4f9ef-270a-4ed8-9717-ae365fc47e36: 114 arrays, 186.7 MB stored; 4.1 s; peak memory 644 MiB.
2026-10-09T12:41:27Z INFO [224/1000] 3af21975-e855-49da-8b12-a1c3a49f8162: 48 arrays, 42299.6 MB stored; 30.7 s; peak memory 644 MiB.
2026-10-09T12:41:27Z INFO [225/1000] 3af5a3c7-8352-4944-8b4e-c0e8adacd46a: 275 arrays, 17.1 MB stored; 2.5 s; peak memory 644 MiB.
2026-10-09T12:41:27Z INFO [226/1000] 3af5b185-36a7-4381-b017-4a3ae8b3b0c4: 64 arrays, 13.5 MB stored; 2.3 s; peak memory 644 MiB.
2026-10-09T12:41:30Z INFO [227/1000] 3af3fda5-01e7-4c9e-90df-e27ec63ecfd4: 48 arrays, 38080.7 MB stored; 27.3 s; peak memory 644 MiB.
2026-10-09T12:41:31Z INFO [228/1000] 3af539e3-c2c9-4d12-8739-18f64edee123: 2013 arrays, 41.7 MB stored; 19.5 s; peak memory 644 MiB.
2026-10-09T12:41:33Z INFO [229/1000] 3af64d0a-db67-4ac6-97ae-f5a45f731a1d: 64 arrays, 0.0 MB stored; 2.1 s; peak memory 644 MiB.
2026-10-09T12:41:35Z INFO [230/1000] 3af56ad3-32e7-4b23-89f4-5bb9328eff47: 41 arrays, 556.3 MB stored; 19.2 s; peak memory 644 MiB.
2026-10-09T12:41:35Z INFO [231/1000] 3af6fd36-9cde-4602-b0a2-0627e77787ae: 92 arrays, 0.2 MB stored; 2.7 s; peak memory 644 MiB.
2026-10-09T12:41:35Z INFO [232/1000] 3aefadfa-5563-4408-8086-09dffd376d11: 52 arrays, 1950.3 MB stored; 51.4 s; peak memory 644 MiB.
2026-10-09T12:41:36Z INFO [233/1000] 3af60b9f-33af-4aa0-9997-3faea0b617f6: 1161 arrays, 23.1 MB stored; 10.6 s; peak memory 644 MiB.
2026-10-09T12:41:36Z INFO [234/1000] 3af6a4a5-e576-4fc4-9f0b-86f121c510b9: 156 arrays, 193.4 MB stored; 4.5 s; peak memory 644 MiB.
2026-10-09T12:41:37Z INFO [235/1000] 3af8a9c1-3c0f-4a69-82b4-64dacae2ea4e: 46 arrays, 12.6 MB stored; 1.8 s; peak memory 644 MiB.
2026-10-09T12:41:37Z INFO [236/1000] 3af9c91f-b978-470b-8df4-5bf662bd2621: 44 arrays, 0.0 MB stored; 1.5 s; peak memory 644 MiB.
2026-10-09T12:41:38Z INFO [237/1000] 3afa2144-9107-4686-8712-17378be335f6: 112 arrays, 0.2 MB stored; 2.1 s; peak memory 644 MiB.
2026-10-09T12:41:38Z INFO [238/1000] 3af9e06b-064a-497f-9555-bf43287e24c8: 113 arrays, 2.9 MB stored; 2.6 s; peak memory 644 MiB.
2026-10-09T12:41:38Z INFO [239/1000] 3afaecae-78eb-407c-a47d-618f07cf27c7: 48 arrays, 83.9 MB stored; 1.7 s; peak memory 644 MiB.
2026-10-09T12:41:39Z INFO [240/1000] 3afaea8d-0115-47c5-82a1-e1b4a9e3ef32: 51 arrays, 4609.3 MB stored; 2.2 s; peak memory 644 MiB.
2026-10-09T12:41:39Z INFO [241/1000] 3afb1c81-2950-4177-a43d-82df5560f132: 48 arrays, 83.9 MB stored; 1.7 s; peak memory 644 MiB.
2026-10-09T12:41:40Z INFO [242/1000] 3afc56ff-7e6f-4332-a532-b34ad589c223: 48 arrays, 83.9 MB stored; 1.7 s; peak memory 644 MiB.
2026-10-09T12:41:41Z INFO [243/1000] 3afc583f-e60c-48d3-a548-6c6578fe0d59: 52 arrays, 20.7 MB stored; 1.9 s; peak memory 644 MiB.
2026-10-09T12:41:41Z INFO [244/1000] 3afc2064-bdcf-4b7b-943d-15c91c16c84f: 49 arrays, 665.8 MB stored; 2.9 s; peak memory 644 MiB.
2026-10-09T12:41:41Z INFO [245/1000] 3afcab1b-fa0b-49c4-9ed6-f81037e593ac: 76 arrays, 3.2 MB stored; 2.1 s; peak memory 644 MiB.
2026-10-09T12:41:42Z INFO [246/1000] 3afcac23-0aed-49b6-9cfa-b5bb5899d321: 50 arrays, 1.7 MB stored; 1.6 s; peak memory 644 MiB.
2026-10-09T12:41:43Z INFO [247/1000] 3afccf17-37e6-492d-a3ed-994537e42bd3: 49 arrays, 1.6 MB stored; 2.1 s; peak memory 644 MiB.
2026-10-09T12:41:43Z INFO [248/1000] 3afd221d-037f-40ca-8204-ffc15466efea: 48 arrays, 83.9 MB stored; 1.8 s; peak memory 644 MiB.
2026-10-09T12:41:44Z INFO [249/1000] 3afd3899-26ac-48af-8dfb-f6aa010c19e4: 112 arrays, 0.6 MB stored; 2.3 s; peak memory 644 MiB.
2026-10-09T12:41:45Z INFO [250/1000] 3afdc4b6-79e0-43dd-8e77-3991e623d45b: 152 arrays, 0.8 MB stored; 2.8 s; peak memory 644 MiB.
2026-10-09T12:41:46Z INFO [251/1000] 3afee14d-a939-4fb4-bab9-ae009325032b: 76 arrays, 4.5 MB stored; 2.3 s; peak memory 644 MiB.
2026-10-09T12:41:48Z INFO [252/1000] 3aff6aac-e1de-49c5-b7ee-c3e27379d0f6: 110 arrays, 0.9 MB stored; 2.5 s; peak memory 644 MiB.
2026-10-09T12:41:48Z INFO [253/1000] 3afcf84a-d925-43f8-9e23-b04d4ebe2669: 585 arrays, 8.6 MB stored; 7.4 s; peak memory 644 MiB.
2026-10-09T12:41:49Z INFO [254/1000] 3aff940f-8b50-4405-a88e-a37a4ee8d85a: 117 arrays, 1321.7 MB stored; 2.8 s; peak memory 644 MiB.
2026-10-09T12:41:50Z INFO [255/1000] 3aff9645-ba82-4448-be31-fc88819bdd47: 77 arrays, 0.1 MB stored; 1.9 s; peak memory 644 MiB.
2026-10-09T12:41:50Z INFO [256/1000] 3affcebc-0418-436d-9ee8-6a9f09f8d083: 33 arrays, 0.0 MB stored; 1.3 s; peak memory 644 MiB.
2026-10-09T12:41:51Z INFO [257/1000] 3affb85e-ce72-4099-b4d4-a00caf5f2405: 53 arrays, 9.4 MB stored; 2.8 s; peak memory 644 MiB.
2026-10-09T12:41:52Z INFO [258/1000] 3b00bce9-d41b-42ef-8c1d-5de8c7860af1: 142 arrays, 1.2 MB stored; 1.9 s; peak memory 644 MiB.
2026-10-09T12:41:53Z INFO [259/1000] 3afe10c3-f578-47bc-8a70-0171b3179150: 588 arrays, 14.1 MB stored; 9.3 s; peak memory 644 MiB.
2026-10-09T12:41:53Z INFO [260/1000] 3b00c5be-82de-4ab7-aae3-f80ade539f66: 41 arrays, 8.4 MB stored; 1.6 s; peak memory 644 MiB.
2026-10-09T12:41:54Z INFO [261/1000] 3b00d8c5-b459-411c-9272-ada9d195b39b: 48 arrays, 83.9 MB stored; 1.8 s; peak memory 644 MiB.
2026-10-09T12:41:58Z INFO [262/1000] 3b0299af-cf53-4e9f-a7a1-863d2e8d30c6: 116 arrays, 187.1 MB stored; 3.8 s; peak memory 644 MiB.
2026-10-09T12:42:00Z INFO [263/1000] 3b020d7d-0210-4224-9f3b-95071afb4bb2: 225 arrays, 259.9 MB stored; 6.8 s; peak memory 644 MiB.
2026-10-09T12:42:02Z INFO [264/1000] 3b031f93-ed99-4a2c-8f5f-38fc313a2f91: 92 arrays, 0.3 MB stored; 2.0 s; peak memory 644 MiB.
2026-10-09T12:42:04Z INFO [265/1000] 3b03964e-9259-4ef2-a427-2ce6ff3a32ec: 64 arrays, 30.9 MB stored; 2.2 s; peak memory 644 MiB.
2026-10-09T12:42:06Z INFO [266/1000] 3b04437f-7982-40bc-af83-74fa1b15429f: 112 arrays, 0.6 MB stored; 2.3 s; peak memory 644 MiB.
2026-10-09T12:42:06Z INFO [267/1000] 3b02c560-c673-4e79-a6e0-b12dc4735c4e: 538 arrays, 7.9 MB stored; 8.4 s; peak memory 644 MiB.
2026-10-09T12:42:08Z INFO [268/1000] 3b012b37-7dfc-4e07-a67b-8086bbb1c238: 602 arrays, 149.5 MB stored; 15.0 s; peak memory 644 MiB.
2026-10-09T12:42:08Z INFO [269/1000] 3b044b61-9386-44a2-ae56-73b8c3f512a1: 48 arrays, 83.9 MB stored; 1.7 s; peak memory 644 MiB.
2026-10-09T12:42:08Z INFO [270/1000] 3b0718d2-3e09-4f68-89f8-b217a3d96ce2: 118 arrays, 0.3 MB stored; 2.1 s; peak memory 644 MiB.
2026-10-09T12:42:10Z INFO [271/1000] 3b079965-96fa-4073-a753-601da5ac4523: 52 arrays, 688.5 MB stored; 1.7 s; peak memory 644 MiB.
2026-10-09T12:42:10Z INFO [272/1000] 3b079fcb-6716-4b2d-90c6-0017cc0f41a0: 112 arrays, 0.4 MB stored; 2.2 s; peak memory 644 MiB.
2026-10-09T12:42:13Z INFO [273/1000] 3b08a616-9d67-4137-8700-08195092b78b: 118 arrays, 0.5 MB stored; 2.1 s; peak memory 644 MiB.
2026-10-09T12:42:13Z INFO [274/1000] 3b07e4d2-bd41-4708-93a9-b3b3af4c5a08: 87 arrays, 14.8 MB stored; 3.7 s; peak memory 644 MiB.
2026-10-09T12:42:15Z INFO [275/1000] 3b090fcb-009f-42ee-8f64-5afdb1cccbbb: 112 arrays, 0.3 MB stored; 2.0 s; peak memory 644 MiB.
2026-10-09T12:42:16Z INFO [276/1000] 3b093fe6-7604-4b41-82fe-69ded581af98: 117 arrays, 0.4 MB stored; 2.1 s; peak memory 644 MiB.
2026-10-09T12:42:18Z INFO [277/1000] 3b0786d4-c3dc-454d-b440-de5b985e3a59: 1242 arrays, 23.3 MB stored; 10.0 s; peak memory 644 MiB.
2026-10-09T12:42:18Z INFO [278/1000] 3b0028f0-916e-4e75-b0e7-ebdc8ecd4092: 48 arrays, 36148.7 MB stored; 27.7 s; peak memory 644 MiB.
2026-10-09T12:42:19Z INFO [279/1000] 3b098890-2678-488e-8a64-8600f0714ea0: 156 arrays, 193.5 MB stored; 4.4 s; peak memory 644 MiB.
2026-10-09T12:42:19Z INFO [280/1000] 3b0b361c-4243-46cc-a41c-850fd954d311: 48 arrays, 83.9 MB stored; 1.7 s; peak memory 644 MiB.
2026-10-09T12:42:20Z INFO [281/1000] 3b0ac333-6cfd-449a-a18f-351e2975d330: 49 arrays, 528.1 MB stored; 2.5 s; peak memory 644 MiB.
2026-10-09T12:42:21Z INFO [282/1000] 3b0ba6f8-a2fb-4787-b7c1-157517767f8e: 66 arrays, 14.5 MB stored; 2.0 s; peak memory 644 MiB.
2026-10-09T12:42:22Z INFO [283/1000] 3b0bc98c-3ea8-4c39-abce-8d9ea1cea689: 48 arrays, 83.9 MB stored; 1.8 s; peak memory 644 MiB.
2026-10-09T12:42:25Z INFO [284/1000] 3b0cca14-4067-47c5-85ed-58d78a956aba: 80 arrays, 372.2 MB stored; 3.9 s; peak memory 644 MiB.
2026-10-09T12:42:26Z INFO [285/1000] 3b0a1a91-0403-44b0-9983-fba2e5c94d13: 82 arrays, 390.3 MB stored; 10.6 s; peak memory 644 MiB.
2026-10-09T12:42:27Z INFO [286/1000] 3b0cec85-e901-4ff0-967d-7408a1816734: 118 arrays, 0.4 MB stored; 2.0 s; peak memory 644 MiB.
2026-10-09T12:42:28Z INFO [287/1000] 3b0cff93-b9d4-492f-8e45-c3df75832665: 114 arrays, 0.2 MB stored; 1.8 s; peak memory 644 MiB.
2026-10-09T12:42:29Z INFO [288/1000] 3b0b5ae1-b60e-4802-9ed5-6e82a511d93f: 720 arrays, 16.3 MB stored; 10.1 s; peak memory 644 MiB.
2026-10-09T12:42:29Z INFO [289/1000] 3b0d0fe7-f20b-43ad-9480-41c848d82ca7: 117 arrays, 0.4 MB stored; 2.0 s; peak memory 644 MiB.
2026-10-09T12:42:30Z INFO [290/1000] 3b0d2c14-d545-4f8d-9d70-7fc7ec2cd4a3: 72 arrays, 72.3 MB stored; 1.9 s; peak memory 644 MiB.
2026-10-09T12:42:37Z INFO [291/1000] 3b0d79ed-9a0e-49a6-b931-632ad58575ec: 742 arrays, 10.6 MB stored; 8.0 s; peak memory 644 MiB.
2026-10-09T12:42:38Z INFO [292/1000] 3b0ccd35-61c5-4bf0-a144-277570ed7b21: 951 arrays, 39.9 MB stored; 15.7 s; peak memory 644 MiB.
2026-10-09T12:42:39Z INFO [293/1000] 3b0e0f33-5871-426a-aa7a-df017b67348d: 634 arrays, 15.7 MB stored; 10.0 s; peak memory 644 MiB.
2026-10-09T12:42:40Z INFO [294/1000] 3b0f3884-09b9-45dd-a8e1-9e47c9357391: 113 arrays, 0.9 MB stored; 2.5 s; peak memory 644 MiB.
2026-10-09T12:42:41Z INFO [295/1000] 3b0fbf3d-0992-4db8-99d5-539c3f394a5f: 48 arrays, 83.9 MB stored; 1.8 s; peak memory 644 MiB.
2026-10-09T12:42:41Z INFO [296/1000] 3b0f993d-e82f-4e41-ac34-60d2f5eb5c0f: 116 arrays, 187.1 MB stored; 3.8 s; peak memory 644 MiB.
2026-10-09T12:42:43Z INFO [297/1000] 3b111710-34e9-4799-9f43-4144b2667d66: 117 arrays, 0.3 MB stored; 2.0 s; peak memory 644 MiB.
2026-10-09T12:42:43Z INFO [298/1000] 3b11e3fb-17c0-4787-a911-30a212547618: 39 arrays, 5.9 MB stored; 1.8 s; peak memory 644 MiB.
2026-10-09T12:42:45Z INFO [299/1000] 3b1223b9-f621-414f-bedb-afc382e5fbe5: 46 arrays, 12.6 MB stored; 1.7 s; peak memory 644 MiB.
2026-10-09T12:42:46Z INFO [300/1000] 3b1055b9-bbe3-40dc-90b4-fa3ad7fd4c10: 208 arrays, 44.7 MB stored; 6.9 s; peak memory 644 MiB.
2026-10-09T12:42:47Z INFO [301/1000] 3b1264be-2f3d-479f-a4e0-6d85b903fd3b: 112 arrays, 0.5 MB stored; 2.2 s; peak memory 644 MiB.
2026-10-09T12:42:47Z INFO [302/1000] 3b0e3009-c318-4147-9f48-47aa1c4ffca9: 1464 arrays, 25.7 MB stored; 17.2 s; peak memory 644 MiB.
2026-10-09T12:42:50Z INFO [303/1000] 3b14b555-0218-4990-8a5e-5039d7221638: 71 arrays, 145.0 MB stored; 2.6 s; peak memory 644 MiB.
2026-10-09T12:42:50Z INFO [304/1000] 3b1281a2-2211-459a-81f1-311f3ca9cab8: 115 arrays, 190.1 MB stored; 3.6 s; peak memory 644 MiB.
2026-10-09T12:42:52Z INFO [305/1000] 3b15ad00-966f-4456-b75a-70752c2e53f3: 84 arrays, 0.1 MB stored; 1.8 s; peak memory 644 MiB.
2026-10-09T12:42:52Z INFO [306/1000] 3b1595c2-649c-4997-896e-70722d36bdc4: 66 arrays, 24.1 MB stored; 2.3 s; peak memory 644 MiB.
2026-10-09T12:42:53Z INFO [307/1000] 3b1206a1-fd42-42c9-8c01-f675792eb662: 56 arrays, 144.3 MB stored; 9.6 s; peak memory 644 MiB.
2026-10-09T12:42:54Z INFO [308/1000] 3b1685c1-eb06-4050-91e0-0ad294701cb8: 46 arrays, 0.4 MB stored; 1.8 s; peak memory 644 MiB.
2026-10-09T12:42:54Z INFO [309/1000] 3b15ef3f-5554-4f98-8bd7-9d0ccd0a676a: 66 arrays, 110.6 MB stored; 2.4 s; peak memory 644 MiB.
2026-10-09T12:42:55Z INFO [310/1000] 3b145ea6-2120-41b7-a109-48172f0428bf: 538 arrays, 8.0 MB stored; 7.9 s; peak memory 644 MiB.
2026-10-09T12:42:56Z INFO [311/1000] 3b1790de-10ad-49ba-bff0-ba8bbbc8fdc9: 46 arrays, 0.1 MB stored; 1.4 s; peak memory 644 MiB.
2026-10-09T12:42:57Z INFO [312/1000] 3b17a672-d6a0-4682-8c9e-648e26f8e30a: 117 arrays, 0.4 MB stored; 1.9 s; peak memory 644 MiB.
2026-10-09T12:42:57Z INFO [313/1000] 3b17af53-0a9c-4649-8d97-0be1bf70d064: 48 arrays, 83.9 MB stored; 1.7 s; peak memory 644 MiB.
2026-10-09T12:42:59Z INFO [314/1000] 3b17cbe1-3c0a-43ce-bc30-512f52dfdb24: 69 arrays, 0.0 MB stored; 2.0 s; peak memory 644 MiB.
2026-10-09T12:42:59Z INFO [315/1000] 3b17eea7-2e9d-4c14-9d8e-c6aa85987f7b: 119 arrays, 0.1 MB stored; 1.8 s; peak memory 644 MiB.
2026-10-09T12:43:01Z INFO [316/1000] 3b1a3295-b0fe-426c-a761-cb4f6b52b053: 117 arrays, 0.3 MB stored; 1.9 s; peak memory 644 MiB.
2026-10-09T12:43:03Z INFO [317/1000] 3b1abf83-7fe3-4a2f-a600-73abbd9b7004: 112 arrays, 0.5 MB stored; 2.4 s; peak memory 644 MiB.
2026-10-09T12:43:05Z INFO [318/1000] 3b1ad80e-dadb-4539-8ec4-dfc2cdddf26f: 52 arrays, 12.7 MB stored; 1.7 s; peak memory 644 MiB.
2026-10-09T12:43:07Z INFO [319/1000] 3b1b0b1b-3966-436a-890d-8cfd2e7175eb: 112 arrays, 0.6 MB stored; 2.2 s; peak memory 644 MiB.
2026-10-09T12:43:10Z INFO [320/1000] 3b16bcd1-409b-4989-bc28-8a871ce07351: 1331 arrays, 30.7 MB stored; 17.1 s; peak memory 644 MiB.
2026-10-09T12:43:11Z INFO [321/1000] 3b1bacf1-3ed0-4ccf-a97d-cbb14bc3e2b1: 48 arrays, 83.9 MB stored; 1.7 s; peak memory 644 MiB.
2026-10-09T12:43:14Z INFO [322/1000] 3b1c3c14-8878-4995-a9ac-68042c101a0e: 118 arrays, 0.7 MB stored; 2.2 s; peak memory 644 MiB.
2026-10-09T12:43:15Z INFO [323/1000] 3b1c3ebe-12ec-4aba-a07d-48b997169002: 112 arrays, 0.2 MB stored; 1.9 s; peak memory 644 MiB.
2026-10-09T12:43:19Z INFO [324/1000] 3b1c7c39-8417-4f3b-bcd0-e2890397dd82: 38 arrays, 34.1 MB stored; 3.4 s; peak memory 644 MiB.
2026-10-09T12:43:26Z INFO [325/1000] 3b1c9373-9240-4ce5-a6cf-c8276b9c0407: 287 arrays, 21.5 MB stored; 6.8 s; peak memory 644 MiB.
2026-10-09T12:43:27Z INFO [326/1000] 3b1cc8ea-9172-4cc8-9c60-1ac0b3cc7dab: 43 arrays, 19.0 MB stored; 1.8 s; peak memory 644 MiB.
2026-10-09T12:43:29Z INFO [327/1000] 3b1ce105-90e0-48c1-b6d8-6aeb11ce3b5d: 112 arrays, 0.0 MB stored; 1.8 s; peak memory 644 MiB.
2026-10-09T12:43:30Z INFO [328/1000] 3b199bfc-dd37-42b9-9985-b523fc31432d: 48 arrays, 46453.9 MB stored; 31.7 s; peak memory 644 MiB.
2026-10-09T12:43:31Z INFO [329/1000] 3b1d145c-4b3e-428d-a368-94edbd3e5e58: 48 arrays, 83.9 MB stored; 1.7 s; peak memory 644 MiB.
2026-10-09T12:43:31Z INFO [330/1000] 3af33101-62d8-4a33-ad37-4924d81e9b06: 167 arrays, 21158.8 MB stored; 155.6 s; peak memory 644 MiB.
2026-10-09T12:43:32Z INFO [331/1000] 3b1d8fc8-5104-429d-94eb-06cc7da28c64: 51 arrays, 0.0 MB stored; 1.5 s; peak memory 644 MiB.
2026-10-09T12:43:32Z INFO [332/1000] 3b1ebfe6-dc89-4b00-8f7b-122ab34c9c0e: 48 arrays, 83.9 MB stored; 1.6 s; peak memory 644 MiB.
2026-10-09T12:43:34Z INFO [333/1000] 3b1ec0f4-d922-4736-a16c-b2fa153f37d2: 71 arrays, 38.9 MB stored; 2.9 s; peak memory 644 MiB.
2026-10-09T12:43:34Z INFO [334/1000] 3b1f8419-0843-4ae5-9aed-cbb3ed224ee3: 48 arrays, 83.9 MB stored; 1.7 s; peak memory 644 MiB.
2026-10-09T12:43:35Z INFO [335/1000] 3b1f031c-cb09-4a08-882a-4ad1e5f014c6: 66 arrays, 53.8 MB stored; 2.5 s; peak memory 644 MiB.
2026-10-09T12:43:35Z INFO [336/1000] 3b1fa6f4-7f7c-402c-aed8-62e29f0a1e45: 46 arrays, 0.0 MB stored; 1.3 s; peak memory 644 MiB.
2026-10-09T12:43:37Z INFO [337/1000] 3b20071f-b14e-40a2-9f45-14a773b892af: 118 arrays, 0.3 MB stored; 1.8 s; peak memory 644 MiB.
2026-10-09T12:43:37Z INFO [338/1000] 3b20026b-f65e-417b-baab-291a3a9cfdaa: 70 arrays, 120.7 MB stored; 3.0 s; peak memory 644 MiB.
2026-10-09T12:43:39Z INFO [339/1000] 3b2146d4-8936-4f02-bb62-fa913154cb1d: 48 arrays, 83.9 MB stored; 1.7 s; peak memory 644 MiB.
2026-10-09T12:43:41Z INFO [340/1000] 3b2165e2-0482-4b98-9fc3-a07e8ef1a938: 48 arrays, 83.9 MB stored; 1.8 s; peak memory 644 MiB.
2026-10-09T12:43:42Z INFO [341/1000] 3b211095-8b36-4ff4-b2c7-bcf55d25d529: 251 arrays, 5.1 MB stored; 5.2 s; peak memory 644 MiB.
2026-10-09T12:43:43Z INFO [342/1000] 3b21bd4f-3e22-47e3-bcc6-eb5ba41dc637: 48 arrays, 83.9 MB stored; 1.7 s; peak memory 644 MiB.
2026-10-09T12:43:44Z INFO [343/1000] 3b220213-d356-433b-b3b8-6853af5258f7: 77 arrays, 0.4 MB stored; 2.1 s; peak memory 644 MiB.
2026-10-09T12:43:44Z INFO [344/1000] 3b228ddc-00d9-4a89-b713-135895e62bc9: 48 arrays, 83.9 MB stored; 1.6 s; peak memory 644 MiB.
2026-10-09T12:43:46Z INFO [345/1000] 3b231912-40ec-4a60-885a-9ceac5d44cf4: 62 arrays, 0.8 MB stored; 1.7 s; peak memory 644 MiB.
2026-10-09T12:43:49Z INFO [346/1000] 3b2385b5-88f8-4270-acfb-0d66289732fa: 115 arrays, 190.1 MB stored; 3.5 s; peak memory 644 MiB.
2026-10-09T12:43:51Z INFO [347/1000] 3b23b1d9-9472-4896-a4b2-4cab83a0a5b7: 112 arrays, 0.4 MB stored; 2.1 s; peak memory 644 MiB.
2026-10-09T12:43:54Z INFO [348/1000] 3b23d6ba-78d2-4860-9646-68595cb9f286: 69 arrays, 51.4 MB stored; 2.5 s; peak memory 644 MiB.
2026-10-09T12:43:56Z INFO [349/1000] 3b23f6ff-4848-4b3a-bd9b-e816fba4f3f8: 41 arrays, 8.4 MB stored; 1.6 s; peak memory 644 MiB.
2026-10-09T12:43:58Z INFO [350/1000] 3b244656-67ce-4ced-8db9-97b06c5c575e: 112 arrays, 0.4 MB stored; 2.1 s; peak memory 644 MiB.
2026-10-09T12:43:59Z INFO [351/1000] 3b248063-0b01-4a1f-afc7-2cd42944a7f0: 48 arrays, 83.9 MB stored; 1.6 s; peak memory 644 MiB.
2026-10-09T12:44:02Z INFO [352/1000] 3b24cd2a-1a2b-4abf-a964-768979902404: 71 arrays, 38.2 MB stored; 2.5 s; peak memory 644 MiB.
2026-10-09T12:44:13Z INFO [353/1000] 3afaa312-c3cd-4769-9521-7a88cc3cbb49: 167 arrays, 21152.9 MB stored; 157.3 s; peak memory 644 MiB.
2026-10-09T12:44:15Z INFO [354/1000] 3b256c3c-ef8e-403f-aaca-270be271687a: 48 arrays, 83.9 MB stored; 1.8 s; peak memory 644 MiB.
2026-10-09T12:44:17Z INFO [355/1000] 3b25b786-29f2-47ad-9624-d5d7d6b9c665: 112 arrays, 0.5 MB stored; 2.1 s; peak memory 644 MiB.
2026-10-09T12:44:20Z INFO [356/1000] 3b2672c0-01e2-4e2a-a6fd-09535b8afd67: 123 arrays, 0.7 MB stored; 2.8 s; peak memory 644 MiB.
2026-10-09T12:44:21Z INFO [357/1000] 3b26d618-79df-48a0-a6f5-a8ec0e1ae41c: 112 arrays, 0.3 MB stored; 1.9 s; peak memory 644 MiB.
2026-10-09T12:44:23Z INFO [358/1000] 3b270301-707a-4e60-a43b-bdb8f973a5ca: 48 arrays, 83.9 MB stored; 1.7 s; peak memory 644 MiB.
2026-10-09T12:44:25Z INFO [359/1000] 3b271fc2-55d2-4341-b325-6d5b0aa35dce: 72 arrays, 2.0 MB stored; 2.3 s; peak memory 644 MiB.
2026-10-09T12:44:27Z INFO [360/1000] 3b275804-4fc1-4565-aade-10109cd62d68: 48 arrays, 83.9 MB stored; 1.7 s; peak memory 644 MiB.
2026-10-09T12:44:34Z INFO [361/1000] 3b276f25-8a88-4323-a58c-94241ab6cce2: 487 arrays, 6.7 MB stored; 7.0 s; peak memory 644 MiB.
2026-10-09T12:44:37Z INFO [362/1000] 3b2789eb-00c1-41d5-a675-272f3675a8dc: 261 arrays, 17.1 MB stored; 2.3 s; peak memory 644 MiB.
2026-10-09T12:44:38Z INFO [363/1000] 3b28ea78-d0f2-4e27-8385-0d1df278a33b: 55 arrays, 0.0 MB stored; 1.5 s; peak memory 644 MiB.
2026-10-09T12:44:40Z INFO [364/1000] 3b290eab-6962-4526-80b4-b9b12edc6692: 44 arrays, 0.5 MB stored; 1.6 s; peak memory 644 MiB.
2026-10-09T12:44:41Z INFO [365/1000] 3b29c838-b6c0-4d97-8c36-3414b33e5d67: 48 arrays, 83.9 MB stored; 1.7 s; peak memory 644 MiB.
2026-10-09T12:44:48Z INFO [366/1000] 3b2b55e2-030b-4ed4-9bce-01967d6cd372: 54 arrays, 543.6 MB stored; 6.5 s; peak memory 644 MiB.
2026-10-09T12:44:50Z INFO [367/1000] 3b2be09f-4657-4f71-99a2-ac4a4f22b982: 48 arrays, 83.9 MB stored; 1.8 s; peak memory 644 MiB.
2026-10-09T12:44:52Z INFO [368/1000] 3b2c10db-ea41-44bf-b7d1-67f8850e59c8: 116 arrays, 9.7 MB stored; 2.0 s; peak memory 644 MiB.
2026-10-09T12:44:54Z INFO [369/1000] 3b2c8657-c482-405c-875a-cfd6a4b54111: 69 arrays, 61.9 MB stored; 2.4 s; peak memory 644 MiB.
2026-10-09T12:44:56Z INFO [370/1000] 3b2cd81a-86e8-4d06-85a1-2f68984ccbf7: 48 arrays, 83.9 MB stored; 1.6 s; peak memory 644 MiB.
2026-10-09T12:44:59Z INFO [371/1000] 3b2cdbc6-6df9-466f-b384-309a11cb4e82: 71 arrays, 161.1 MB stored; 3.1 s; peak memory 644 MiB.
2026-10-09T12:45:06Z INFO [372/1000] 3b2d8c47-0009-4ed8-bf28-53f160898596: 53 arrays, 402.4 MB stored; 7.4 s; peak memory 644 MiB.
2026-10-09T12:45:12Z INFO [373/1000] 3b2d8cba-2cb1-4ee7-8aec-bba6b42bc1db: 206 arrays, 361.8 MB stored; 6.1 s; peak memory 644 MiB.
2026-10-09T12:45:14Z INFO [374/1000] 3b2faa11-8ebe-4251-acaf-b05f92649aa8: 117 arrays, 0.4 MB stored; 1.9 s; peak memory 644 MiB.
2026-10-09T12:45:16Z INFO [375/1000] 3b2fe164-78ae-46c8-ab11-6f7805158086: 118 arrays, 0.3 MB stored; 2.0 s; peak memory 644 MiB.
2026-10-09T12:45:18Z INFO [376/1000] 3b309809-dbc8-440f-865e-2d338b2300b6: 52 arrays, 13.0 MB stored; 1.8 s; peak memory 644 MiB.
2026-10-09T12:45:21Z INFO [377/1000] 3b30cb30-6f8b-4c57-9446-20d24385e4cb: 38 arrays, 34.2 MB stored; 3.3 s; peak memory 644 MiB.
2026-10-09T12:45:23Z INFO [378/1000] 3b311023-db35-4b9f-a136-4b95ad086a18: 48 arrays, 83.9 MB stored; 1.6 s; peak memory 644 MiB.
2026-10-09T12:45:25Z INFO [379/1000] 3b311f22-53b5-4387-aeb2-2a92da96bd73: 117 arrays, 0.6 MB stored; 2.2 s; peak memory 644 MiB.
2026-10-09T12:45:31Z INFO [380/1000] 3b171843-559d-466b-9478-c41076a25032: 167 arrays, 21287.5 MB stored; 157.4 s; peak memory 644 MiB.
2026-10-09T12:45:31Z INFO [381/1000] 3b31a5f9-320b-4cf2-9464-9c0be966c239: 479 arrays, 4.4 MB stored; 6.2 s; peak memory 644 MiB.
2026-10-09T12:45:33Z INFO [382/1000] 3b322942-0c9e-4f30-8cd0-a49f57da280f: 48 arrays, 83.9 MB stored; 1.9 s; peak memory 644 MiB.
2026-10-09T12:45:35Z INFO [383/1000] 3b32dda5-91d2-40ea-93a8-4db2434070ca: 48 arrays, 83.9 MB stored; 1.7 s; peak memory 644 MiB.
2026-10-09T12:45:42Z INFO [384/1000] 3aeb25d1-f898-4c64-b118-56b27bb67e54: 149 arrays, 16379.9 MB stored; 310.7 s; peak memory 644 MiB.
2026-10-09T12:45:43Z INFO [385/1000] 3b330997-9dbe-417f-907e-8c5eba581eb4: 577 arrays, 14.0 MB stored; 8.1 s; peak memory 644 MiB.
2026-10-09T12:45:47Z INFO [386/1000] 3b334aad-e436-41be-b908-2dbbd7eee676: 114 arrays, 186.8 MB stored; 3.6 s; peak memory 644 MiB.
2026-10-09T12:45:48Z INFO [387/1000] 3b336106-2cf0-4787-ae9f-1e933236a65a: 48 arrays, 83.9 MB stored; 1.6 s; peak memory 644 MiB.
2026-10-09T12:45:50Z INFO [388/1000] 3b336f9b-6b04-447b-bc65-2a238e3047c7: 48 arrays, 83.9 MB stored; 1.8 s; peak memory 644 MiB.
2026-10-09T12:45:52Z INFO [389/1000] 3b3397df-997c-4c7d-af3a-ad49a913f078: 48 arrays, 83.9 MB stored; 1.7 s; peak memory 644 MiB.
2026-10-09T12:45:52Z INFO [390/1000] 3b3309c8-882f-40c8-9872-154374317091: 407 arrays, 17.3 MB stored; 10.3 s; peak memory 644 MiB.
2026-10-09T12:45:54Z INFO [391/1000] 3b33c8ad-ac25-4c02-b15a-a9e71fea1c1a: 110 arrays, 0.4 MB stored; 2.1 s; peak memory 644 MiB.
2026-10-09T12:45:54Z INFO [392/1000] 3b347c79-d11d-48b1-93be-f1de3465f83c: 62 arrays, 4536.9 MB stored; 2.3 s; peak memory 644 MiB.
2026-10-09T12:45:55Z INFO [393/1000] 3b3480a6-bdb6-4591-958c-1b099d7dd609: 45 arrays, 0.0 MB stored; 1.6 s; peak memory 644 MiB.
2026-10-09T12:45:57Z INFO [394/1000] 3b34a583-ebd3-436f-8f00-a8d46c2e342d: 112 arrays, 0.6 MB stored; 2.2 s; peak memory 644 MiB.
2026-10-09T12:45:57Z INFO [395/1000] 3b34ecd0-b3f8-42ac-83ea-cdbdf39091c7: 48 arrays, 83.9 MB stored; 1.8 s; peak memory 644 MiB.
2026-10-09T12:45:57Z INFO [396/1000] 3b1b5350-ae09-4bd7-8d7e-d26d7b57256a: 260 arrays, 22465.9 MB stored; 170.0 s; peak memory 644 MiB.
2026-10-09T12:45:58Z INFO [397/1000] 3b35142d-834f-4cbe-a1ac-4eee3a2658a8: 48 arrays, 83.9 MB stored; 1.7 s; peak memory 644 MiB.
2026-10-09T12:45:59Z INFO [398/1000] 3b352b8a-dcf3-46e4-a8d1-829f1af4f12e: 118 arrays, 0.3 MB stored; 2.0 s; peak memory 644 MiB.
2026-10-09T12:46:00Z INFO [399/1000] 3b3615e7-75ac-4c7d-8eff-fd52061a3dec: 41 arrays, 8.4 MB stored; 1.8 s; peak memory 644 MiB.
2026-10-09T12:46:00Z INFO [400/1000] 3b35b9d6-66d8-4533-82d4-37122ebd164b: 69 arrays, 2.3 MB stored; 2.8 s; peak memory 644 MiB.
2026-10-09T12:46:01Z INFO [400/1000] 3b35b9d6-66d8-4533-82d4-37122ebd164b: checkpointed 400 new records.
2026-10-09T12:46:03Z INFO [401/1000] 3b36c7e2-866c-4ef2-84c5-39b4415ebc3a: 156 arrays, 193.5 MB stored; 4.1 s; peak memory 644 MiB.
2026-10-09T12:46:05Z INFO [402/1000] 3b370125-5ac2-4bd2-ba22-16ad771e1d7b: 88 arrays, 5027.8 MB stored; 4.8 s; peak memory 644 MiB.
2026-10-09T12:46:06Z INFO [403/1000] 3b375f6b-5019-4547-8a18-c1c4fd16d3f3: 112 arrays, 0.6 MB stored; 2.3 s; peak memory 644 MiB.
2026-10-09T12:46:08Z INFO [404/1000] 3b380084-a88d-4b23-b6db-81f4d363c847: 117 arrays, 0.4 MB stored; 2.0 s; peak memory 644 MiB.
2026-10-09T12:46:09Z INFO [405/1000] 3b36e729-3a16-444d-8c38-5efdd39d9ab6: 523 arrays, 17.8 MB stored; 8.5 s; peak memory 644 MiB.
2026-10-09T12:46:10Z INFO [406/1000] 3b377e55-4ca1-4a1d-84d0-c1605b9f9c3c: 180 arrays, 217.5 MB stored; 4.8 s; peak memory 644 MiB.
2026-10-09T12:46:11Z INFO [407/1000] 3b38ed44-630f-43c9-9118-eac56df2a4f5: 42 arrays, 1.1 MB stored; 2.1 s; peak memory 644 MiB.
2026-10-09T12:46:11Z INFO [408/1000] 3b39a9cb-fd45-4ec1-a5a4-b9de6abba73b: 48 arrays, 83.9 MB stored; 1.7 s; peak memory 644 MiB.
2026-10-09T12:46:12Z INFO [409/1000] 3b38c6d5-6c37-4ca2-9f54-a8c15c50c973: 156 arrays, 193.5 MB stored; 4.3 s; peak memory 644 MiB.
2026-10-09T12:46:12Z INFO [410/1000] 3b39fcb8-8e3f-445e-93c5-292fc95741bf: 44 arrays, 0.0 MB stored; 1.5 s; peak memory 644 MiB.
2026-10-09T12:46:13Z INFO [411/1000] 3b3a8d3b-a211-405a-9648-215f8abc3f9b: 52 arrays, 15.2 MB stored; 1.9 s; peak memory 644 MiB.
2026-10-09T12:46:14Z INFO [412/1000] 3b3a9e2c-73f3-48c7-be17-e5d78eb9a0bf: 69 arrays, 2.1 MB stored; 1.8 s; peak memory 644 MiB.
2026-10-09T12:46:16Z INFO [413/1000] 3b3c30b0-02b3-439c-ba6b-d2bbbc3d6e37: 117 arrays, 0.3 MB stored; 2.0 s; peak memory 644 MiB.
2026-10-09T12:46:18Z INFO [414/1000] 3b3d2440-f883-4f17-a997-4d2f6db73772: 48 arrays, 83.9 MB stored; 1.9 s; peak memory 644 MiB.
2026-10-09T12:46:20Z INFO [415/1000] 3b3d8dd4-fd25-4377-9ef7-6fd1c20b8844: 118 arrays, 0.5 MB stored; 2.0 s; peak memory 644 MiB.
2026-10-09T12:46:21Z INFO [416/1000] 3b3db278-0ab8-4691-a5a9-acf432968d2a: 48 arrays, 83.9 MB stored; 1.6 s; peak memory 644 MiB.
2026-10-09T12:46:22Z INFO [417/1000] 3b3b9075-0a9e-41ce-9038-276088938849: 538 arrays, 8.6 MB stored; 8.9 s; peak memory 644 MiB.
2026-10-09T12:46:24Z INFO [418/1000] 3b3e7530-382e-4a63-bece-b3f75d13e6a4: 112 arrays, 0.5 MB stored; 2.1 s; peak memory 644 MiB.
2026-10-09T12:46:25Z INFO [419/1000] 3b3dc8f0-b490-4984-9bc5-10d6f5ca5b81: 115 arrays, 190.2 MB stored; 3.7 s; peak memory 644 MiB.
2026-10-09T12:46:26Z INFO [420/1000] 3b3aec08-00f7-40e7-8053-6a5cab318a5b: 1492 arrays, 13.3 MB stored; 13.9 s; peak memory 644 MiB.
2026-10-09T12:46:26Z INFO [421/1000] 3b3e7d43-38ba-42be-9901-e3c5f616cdbc: 59 arrays, 116.7 MB stored; 2.1 s; peak memory 644 MiB.
2026-10-09T12:46:28Z INFO [422/1000] 3b41469a-7880-40b5-abe1-013895d32280: 117 arrays, 0.3 MB stored; 2.0 s; peak memory 644 MiB.
2026-10-09T12:46:30Z INFO [423/1000] 3b4155c7-f8f4-45e7-89f9-2cf91b1f8a22: 117 arrays, 0.3 MB stored; 1.9 s; peak memory 644 MiB.
2026-10-09T12:46:32Z INFO [424/1000] 3b4187b6-5db6-4ca8-934c-1969b6e80f35: 46 arrays, 0.2 MB stored; 1.6 s; peak memory 644 MiB.
2026-10-09T12:46:33Z INFO [425/1000] 3b3e818b-bf4e-4b46-9a7d-1fcf3372e5fd: 49 arrays, 4743.3 MB stored; 8.1 s; peak memory 644 MiB.
2026-10-09T12:46:34Z INFO [426/1000] 3b41a5e6-d9c2-47c1-b33d-21e90b4f07cc: 68 arrays, 0.1 MB stored; 1.9 s; peak memory 644 MiB.
2026-10-09T12:46:35Z INFO [427/1000] 3b421ef6-fcec-42cc-bd30-ddb0fb4f73b9: 46 arrays, 0.1 MB stored; 1.5 s; peak memory 644 MiB.
2026-10-09T12:46:37Z INFO [428/1000] 3b420fa7-3028-4642-b037-911fe3e4f5a3: 38 arrays, 36.0 MB stored; 3.7 s; peak memory 644 MiB.
2026-10-09T12:46:37Z INFO [429/1000] 3b422fbc-49fb-4d7e-bc80-a262006be578: 48 arrays, 83.9 MB stored; 1.7 s; peak memory 644 MiB.
2026-10-09T12:46:39Z INFO [430/1000] 3b428864-e527-43ce-9c69-9c89a6937395: 48 arrays, 251.7 MB stored; 1.9 s; peak memory 644 MiB.
2026-10-09T12:46:39Z INFO [431/1000] 3b4265f2-5087-4c6a-9aa1-ce9deec3ed28: 110 arrays, 0.3 MB stored; 2.2 s; peak memory 644 MiB.
2026-10-09T12:46:41Z INFO [432/1000] 3b42b1d7-78b8-414c-a543-caf7d334b01f: 117 arrays, 0.4 MB stored; 2.1 s; peak memory 644 MiB.
2026-10-09T12:46:49Z INFO [433/1000] 3b4373d5-de39-492a-888f-96c22312c8c8: 613 arrays, 17.0 MB stored; 8.4 s; peak memory 644 MiB.
2026-10-09T12:46:51Z INFO [434/1000] 3b42f2a3-aeb9-4726-b100-c18491ae185a: 410 arrays, 85.6 MB stored; 12.5 s; peak memory 644 MiB.
2026-10-09T12:46:52Z INFO [435/1000] 3b43aa43-4de2-4d70-8970-80ede7a27466: 112 arrays, 0.7 MB stored; 2.5 s; peak memory 644 MiB.
2026-10-09T12:46:53Z INFO [436/1000] 3b3fbea7-8c16-414a-8429-74c8fb464619: 48 arrays, 49110.4 MB stored; 26.7 s; peak memory 644 MiB.
2026-10-09T12:46:53Z INFO [437/1000] 3b43e628-75e4-443d-a041-c4f5527810da: 52 arrays, 14.3 MB stored; 1.9 s; peak memory 644 MiB.
2026-10-09T12:46:53Z INFO [438/1000] 3b44d98a-7d42-4171-bf42-2356b61c6475: 48 arrays, 83.9 MB stored; 1.6 s; peak memory 644 MiB.
2026-10-09T12:46:56Z INFO [439/1000] 3b457c86-398d-4930-b165-57897a8ab695: 112 arrays, 0.6 MB stored; 2.3 s; peak memory 644 MiB.
2026-10-09T12:46:56Z INFO [440/1000] 3b45ae9d-de2c-46c8-afcd-eb053798afca: 79 arrays, 3.2 MB stored; 2.3 s; peak memory 644 MiB.
2026-10-09T12:46:57Z INFO [441/1000] 3b465022-2518-4dbf-8706-a53f67641b57: 48 arrays, 83.9 MB stored; 1.7 s; peak memory 644 MiB.
2026-10-09T12:46:58Z INFO [442/1000] 3b4656c2-4675-4986-b492-cdc6821b2af8: 45 arrays, 11.0 MB stored; 2.0 s; peak memory 644 MiB.
2026-10-09T12:46:58Z INFO [443/1000] 3b4570fd-4f50-4035-bd04-365a51c101e6: 38 arrays, 117.9 MB stored; 5.6 s; peak memory 644 MiB.
2026-10-09T12:46:59Z INFO [444/1000] 3b47004f-30f8-4e4b-afe6-6c6f8856d900: 41 arrays, 8.4 MB stored; 1.7 s; peak memory 644 MiB.
2026-10-09T12:47:01Z INFO [445/1000] 3b47842a-8c8c-48ad-b636-52a5cd29c5aa: 52 arrays, 11.9 MB stored; 1.8 s; peak memory 644 MiB.
2026-10-09T12:47:01Z INFO [446/1000] 3b475c6c-2f52-429f-8846-08e008710e3c: 119 arrays, 66.3 MB stored; 3.1 s; peak memory 644 MiB.
2026-10-09T12:47:02Z INFO [447/1000] 3b465c55-fa0a-4084-b781-8de915b6aa39: 38 arrays, 4964.8 MB stored; 4.5 s; peak memory 644 MiB.
2026-10-09T12:47:03Z INFO [448/1000] 3b4955de-aef3-4e07-a7ca-11d0cba1a063: 56 arrays, 0.0 MB stored; 1.6 s; peak memory 644 MiB.
2026-10-09T12:47:03Z INFO [449/1000] 3b48fd2d-0240-4e2b-8351-355388f6ab47: 77 arrays, 0.3 MB stored; 2.0 s; peak memory 644 MiB.
2026-10-09T12:47:04Z INFO [450/1000] 3b48f23b-34b9-4b1c-8ae4-32c53c385258: 38 arrays, 34.3 MB stored; 3.2 s; peak memory 644 MiB.
2026-10-09T12:47:05Z INFO [451/1000] 3b497d10-4346-4bab-b269-aa44801e9079: 48 arrays, 83.9 MB stored; 1.8 s; peak memory 644 MiB.
2026-10-09T12:47:06Z INFO [452/1000] 3b4a432d-ac33-4640-8d7d-a7ffee8f3f90: 36 arrays, 5.2 MB stored; 1.7 s; peak memory 644 MiB.
2026-10-09T12:47:07Z INFO [453/1000] 3b49b043-3281-48c3-a7b1-2da86268c776: 230 arrays, 1.6 MB stored; 3.1 s; peak memory 644 MiB.
2026-10-09T12:47:07Z INFO [454/1000] 3b4a6fc5-3e95-45fd-b139-8cadaed2d754: 49 arrays, 0.0 MB stored; 1.5 s; peak memory 644 MiB.
2026-10-09T12:47:08Z INFO [455/1000] 3b4b1821-8275-48a8-8694-d0f7d9772532: 48 arrays, 83.9 MB stored; 1.8 s; peak memory 644 MiB.
2026-10-09T12:47:08Z INFO [456/1000] 3b4bb986-814f-4472-a333-215613101a46: 48 arrays, 83.9 MB stored; 1.9 s; peak memory 644 MiB.
2026-10-09T12:47:10Z INFO [457/1000] 3b4b8d5a-825c-4d6f-a272-298efa9d0596: 117 arrays, 30.5 MB stored; 3.1 s; peak memory 644 MiB.
2026-10-09T12:47:10Z INFO [458/1000] 3b4bed27-a77c-4f01-aecf-68da178dcaab: 62 arrays, 3017.7 MB stored; 2.2 s; peak memory 644 MiB.
2026-10-09T12:47:12Z INFO [459/1000] 3b4d12fc-08b7-46a3-841c-378743554bee: 48 arrays, 83.9 MB stored; 1.8 s; peak memory 644 MiB.
2026-10-09T12:47:13Z INFO [460/1000] 3b4c0770-660e-412e-a137-cf5eb6e0c141: 156 arrays, 193.6 MB stored; 4.3 s; peak memory 644 MiB.
2026-10-09T12:47:13Z INFO [461/1000] 3b4c5576-c716-40d5-98fb-9d05dbe2f0ca: 38 arrays, 34.7 MB stored; 3.4 s; peak memory 644 MiB.
2026-10-09T12:47:13Z INFO [462/1000] 3b4d47bc-4623-478b-b974-2b470ce59fe4: 48 arrays, 83.9 MB stored; 1.7 s; peak memory 644 MiB.
2026-10-09T12:47:15Z INFO [463/1000] 3b4eab3a-5f1a-4ac7-abc9-59f3b607c602: 38 arrays, 0.5 MB stored; 1.7 s; peak memory 644 MiB.
2026-10-09T12:47:17Z INFO [464/1000] 3b4eabc1-0e6b-4ba2-a563-bb1896b23095: 45 arrays, 0.0 MB stored; 1.5 s; peak memory 644 MiB.
2026-10-09T12:47:19Z INFO [465/1000] 3b4eb778-c7ce-4c84-8328-1f5aebe014d5: 112 arrays, 0.6 MB stored; 2.4 s; peak memory 644 MiB.
2026-10-09T12:47:24Z INFO [466/1000] 3b4dda77-385b-43e8-ae9f-6eb56215c85c: 339 arrays, 48.0 MB stored; 11.5 s; peak memory 644 MiB.
2026-10-09T12:47:26Z INFO [467/1000] 3b4e8c06-ef62-461b-949a-1576bcff07cd: 49 arrays, 8588.3 MB stored; 13.2 s; peak memory 644 MiB.
2026-10-09T12:47:27Z INFO [468/1000] 3b4f7db9-bd34-488d-91ea-5c35a6133330: 64 arrays, 32.2 MB stored; 2.4 s; peak memory 644 MiB.
2026-10-09T12:47:28Z INFO [469/1000] 3b4f8306-7b78-40e7-b22e-1bc6ef74b24b: 50 arrays, 1.5 MB stored; 1.7 s; peak memory 644 MiB.
2026-10-09T12:47:29Z INFO [470/1000] 3b4f8681-0485-432d-bd81-3b77d4d4fcfa: 118 arrays, 0.3 MB stored; 2.2 s; peak memory 644 MiB.
2026-10-09T12:47:30Z INFO [471/1000] 3b4fd8c0-92d7-4ae8-9d7f-e6d216a4a641: 112 arrays, 0.4 MB stored; 2.2 s; peak memory 644 MiB.
2026-10-09T12:47:31Z INFO [472/1000] 3b5005c6-0c16-4a2a-88a1-18ad3e04cb5a: 48 arrays, 83.9 MB stored; 1.8 s; peak memory 644 MiB.
2026-10-09T12:47:32Z INFO [473/1000] 3b50790a-2172-498d-87c8-ee41349b520a: 48 arrays, 83.9 MB stored; 1.8 s; peak memory 644 MiB.
2026-10-09T12:47:35Z INFO [474/1000] 3b509434-2d90-4f2f-947f-aeff3b557c66: 112 arrays, 0.4 MB stored; 2.0 s; peak memory 644 MiB.
2026-10-09T12:47:45Z INFO [475/1000] 3b5015cc-0415-4325-80e4-eb7f9e64aa74: 1492 arrays, 13.2 MB stored; 14.7 s; peak memory 644 MiB.
2026-10-09T12:47:47Z INFO [476/1000] 3b516fda-c70c-4a31-9947-57b7399a202b: 117 arrays, 0.4 MB stored; 2.0 s; peak memory 644 MiB.
2026-10-09T12:47:52Z INFO [477/1000] 3b51e2bb-d071-435c-9f62-1d45bcc687a9: 242 arrays, 35.0 MB stored; 5.5 s; peak memory 644 MiB.
2026-10-09T12:47:53Z INFO [478/1000] 3b514972-528e-42b2-9f71-35ad160afbb8: 38 arrays, 416.2 MB stored; 18.4 s; peak memory 644 MiB.
2026-10-09T12:47:55Z INFO [479/1000] 3b51ed79-14b8-470c-a206-886ea3db5ec7: 69 arrays, 44.7 MB stored; 2.3 s; peak memory 644 MiB.
2026-10-09T12:47:55Z INFO [480/1000] 3b521ffc-f135-4181-b2cb-63c68bef1c01: 64 arrays, 17.4 MB stored; 2.1 s; peak memory 644 MiB.
2026-10-09T12:47:57Z INFO [481/1000] 3b52b5f6-2e04-4c14-b657-bf5dbec682f7: 60 arrays, 11.7 MB stored; 2.1 s; peak memory 644 MiB.
2026-10-09T12:47:57Z INFO [482/1000] 3b52bd89-ff2f-4bd4-a3fd-ac8cdf021981: 116 arrays, 0.3 MB stored; 2.0 s; peak memory 644 MiB.
2026-10-09T12:47:59Z INFO [483/1000] 3b53a21f-d9d4-4bbb-a75d-73edde069402: 118 arrays, 0.4 MB stored; 2.0 s; peak memory 644 MiB.
2026-10-09T12:48:01Z INFO [484/1000] 3b53b021-db48-4e62-a1b8-9f8cd819d185: 117 arrays, 4.4 MB stored; 3.6 s; peak memory 644 MiB.
2026-10-09T12:48:07Z INFO [485/1000] 3b53d1f3-3817-476a-8e42-c13d144edd99: 1640 arrays, 11.8 MB stored; 7.9 s; peak memory 644 MiB.
2026-10-09T12:48:08Z INFO [486/1000] 3b54f4b2-2e13-4a1b-899f-1e04e2800ffc: 48 arrays, 83.9 MB stored; 1.8 s; peak memory 644 MiB.
2026-10-09T12:48:09Z INFO [487/1000] 3b3201f9-b939-4d2b-a5e5-87e2ae9246ce: 167 arrays, 21151.5 MB stored; 157.8 s; peak memory 644 MiB.
2026-10-09T12:48:10Z INFO [488/1000] 3b5525f2-258d-4c3c-9c8c-6c88ea57abbe: 142 arrays, 1.7 MB stored; 2.0 s; peak memory 644 MiB.
2026-10-09T12:48:11Z INFO [489/1000] 3b559992-f739-4b99-beb2-938eb8b8073e: 117 arrays, 0.4 MB stored; 2.0 s; peak memory 644 MiB.
2026-10-09T12:48:13Z INFO [490/1000] 3b565fe2-9d78-4fdd-bfdb-54d63fc326c2: 112 arrays, 0.7 MB stored; 2.3 s; peak memory 644 MiB.
2026-10-09T12:48:13Z INFO [491/1000] 3b56e228-bad1-4aee-92c8-1b4c0f7970fe: 112 arrays, 0.9 MB stored; 2.1 s; peak memory 644 MiB.
2026-10-09T12:48:15Z INFO [492/1000] 3b56e649-5135-471d-85f4-e32ceb764c63: 68 arrays, 2.2 MB stored; 2.0 s; peak memory 644 MiB.
2026-10-09T12:48:15Z INFO [493/1000] 3b575ba4-0831-4cc3-91b1-bb9c00c2ddec: 69 arrays, 30.2 MB stored; 2.5 s; peak memory 644 MiB.
2026-10-09T12:48:18Z INFO [494/1000] 3b57b4fd-ad8e-4e74-9a4a-ad436e4d7e88: 70 arrays, 107.9 MB stored; 2.9 s; peak memory 644 MiB.
2026-10-09T12:48:21Z INFO [495/1000] 3b5817e4-8ca1-4963-b311-14eda206a273: 66 arrays, 246.9 MB stored; 3.2 s; peak memory 644 MiB.
2026-10-09T12:48:21Z INFO [496/1000] 3b1ffdd3-6c97-4080-8d97-3dd3584b9824: 280 arrays, 39286.3 MB stored; 286.9 s; peak memory 644 MiB.
2026-10-09T12:48:23Z INFO [497/1000] 3b58fac8-c7b7-4c57-a42d-63af8381a325: 46 arrays, 0.0 MB stored; 1.4 s; peak memory 644 MiB.
2026-10-09T12:48:23Z INFO [498/1000] 3b588222-1daa-49da-a015-01c3a5a55041: 112 arrays, 0.6 MB stored; 2.3 s; peak memory 644 MiB.
2026-10-09T12:48:25Z INFO [499/1000] 3b59a7cf-c7f6-4968-92ee-43cd1a1812aa: 117 arrays, 0.3 MB stored; 1.9 s; peak memory 644 MiB.
2026-10-09T12:48:27Z INFO [500/1000] 3b59ac7d-fdcf-4250-9c15-d9a5298e0a52: 66 arrays, 95.2 MB stored; 2.3 s; peak memory 644 MiB.
2026-10-09T12:48:30Z INFO [501/1000] 3b59fcae-cf44-4089-b7f8-7ac3966072d3: 71 arrays, 4.0 MB stored; 2.5 s; peak memory 644 MiB.
2026-10-09T12:48:30Z INFO [502/1000] 3b591d4f-4f24-4516-a2ec-3bbca683df76: 46 arrays, 4178.0 MB stored; 7.9 s; peak memory 644 MiB.
2026-10-09T12:48:37Z INFO [503/1000] 3b5a1d3d-fb1b-4bf5-b8c1-21bd46c8e027: 200 arrays, 249.0 MB stored; 7.5 s; peak memory 644 MiB.
2026-10-09T12:48:39Z INFO [504/1000] 3b5a48d5-8e07-41bd-a2fa-9ac14cefd7e3: 52 arrays, 12.9 MB stored; 1.8 s; peak memory 644 MiB.
2026-10-09T12:48:42Z INFO [505/1000] 3b5b49f0-1e4a-4607-9b55-37953d6fd84e: 53 arrays, 9.2 MB stored; 3.0 s; peak memory 644 MiB.
2026-10-09T12:48:44Z INFO [506/1000] 3b5bc7cd-1079-48f2-be63-66f3d9129068: 116 arrays, 0.3 MB stored; 2.0 s; peak memory 644 MiB.
2026-10-09T12:48:44Z INFO [507/1000] 3b57d40e-d567-4f8f-b06f-d60123865075: 940 arrays, 1908.9 MB stored; 28.9 s; peak memory 644 MiB.
2026-10-09T12:48:46Z INFO [508/1000] 3b5bcf2b-3f00-4352-b38a-2fb1b1a9285a: 37 arrays, 4.1 MB stored; 1.5 s; peak memory 644 MiB.
2026-10-09T12:48:46Z INFO [509/1000] 3b5c78f2-0d2b-4264-8041-3e2bdf0a7769: 48 arrays, 83.9 MB stored; 1.6 s; peak memory 644 MiB.
2026-10-09T12:48:47Z INFO [510/1000] 3b5ce19b-98b5-41da-9a14-5320b835871d: 77 arrays, 0.4 MB stored; 1.9 s; peak memory 644 MiB.
2026-10-09T12:48:48Z INFO [511/1000] 3b5d031d-3b7c-41e8-a12e-1e38b6f3a69e: 41 arrays, 8.4 MB stored; 1.6 s; peak memory 644 MiB.
2026-10-09T12:48:50Z INFO [512/1000] 3b5e20f0-98b7-46ca-8992-ad4a67b390e2: 118 arrays, 0.5 MB stored; 2.2 s; peak memory 644 MiB.
2026-10-09T12:48:50Z INFO [513/1000] 3b5d1acb-5b6c-4ceb-a179-d7b2c0fc07ff: 71 arrays, 25.5 MB stored; 2.5 s; peak memory 644 MiB.
2026-10-09T12:48:52Z INFO [514/1000] 3b5ee9fd-5955-4a88-9b84-bbfd5c836afe: 48 arrays, 83.9 MB stored; 1.8 s; peak memory 644 MiB.
2026-10-09T12:48:52Z INFO [515/1000] 3b5f4baf-3e2d-4752-9ae3-bc8ffd7f1894: 66 arrays, 119.8 MB stored; 2.3 s; peak memory 644 MiB.
2026-10-09T12:48:53Z INFO [516/1000] 3b5fbc1f-9851-4ab0-8fc7-e384968b9040: 117 arrays, 0.4 MB stored; 1.8 s; peak memory 644 MiB.
2026-10-09T12:48:54Z INFO [517/1000] 3b603763-e595-4527-8f2e-29083c9009b5: 50 arrays, 73.9 MB stored; 1.6 s; peak memory 644 MiB.
2026-10-09T12:48:56Z INFO [518/1000] 3b605c66-35e5-4c12-bac3-b4b032c4ae8d: 117 arrays, 0.4 MB stored; 1.9 s; peak memory 644 MiB.
2026-10-09T12:48:56Z INFO [519/1000] 3b24cedb-d093-435e-a48c-b29a541a7f43: 472 arrays, 43398.5 MB stored; 294.2 s; peak memory 644 MiB.
2026-10-09T12:48:58Z INFO [520/1000] 3b60d1ad-16a2-432c-967a-d6aff5ca0ec3: 112 arrays, 0.7 MB stored; 2.2 s; peak memory 644 MiB.
2026-10-09T12:48:58Z INFO [521/1000] 3b605bfc-0091-48d8-9e3f-d2bd344d1b5f: 156 arrays, 193.6 MB stored; 4.9 s; peak memory 644 MiB.
2026-10-09T12:48:58Z INFO [522/1000] 3b60a3d9-0616-4b97-848b-7d922494a157: 71 arrays, 129.8 MB stored; 2.5 s; peak memory 644 MiB.
2026-10-09T12:49:00Z INFO [523/1000] 3b60d362-2cca-4d3f-8020-0b29fecf416b: 48 arrays, 83.9 MB stored; 1.8 s; peak memory 644 MiB.
2026-10-09T12:49:00Z INFO [524/1000] 3b615422-48b6-4a2c-8855-5c5362801780: 48 arrays, 83.9 MB stored; 1.8 s; peak memory 644 MiB.
2026-10-09T12:49:00Z INFO [525/1000] 3b60f753-ada2-41bb-8f51-60f20ec83123: 116 arrays, 0.2 MB stored; 2.1 s; peak memory 644 MiB.
2026-10-09T12:49:02Z INFO [526/1000] 3b61853f-f88c-4f3e-a106-80f108fd557a: 48 arrays, 83.9 MB stored; 1.7 s; peak memory 644 MiB.
2026-10-09T12:49:02Z INFO [527/1000] 3b61eac9-39a7-4f3d-990d-1314e352c723: 115 arrays, 0.5 MB stored; 2.3 s; peak memory 644 MiB.
2026-10-09T12:49:02Z INFO [528/1000] 3b5a3bf4-408d-4033-825a-bcb713654bbd: 11402 arrays, 240.1 MB stored; 32.1 s; peak memory 644 MiB.
2026-10-09T12:49:03Z INFO [529/1000] 3b624fd2-4373-49cd-9e2e-f06065fb97c9: 66 arrays, 204.1 MB stored; 2.4 s; peak memory 644 MiB.
2026-10-09T12:49:04Z INFO [530/1000] 3b63522f-3ad4-4ab0-b83a-73b77c5dcdde: 46 arrays, 0.0 MB stored; 1.4 s; peak memory 644 MiB.
2026-10-09T12:49:04Z INFO [531/1000] 3b62a536-d868-4861-8d6c-8d8158751a6f: 116 arrays, 0.3 MB stored; 2.0 s; peak memory 644 MiB.
2026-10-09T12:49:05Z INFO [532/1000] 3b6374e5-a25f-4a2b-9027-ca4fd7b6ef49: 52 arrays, 21.6 MB stored; 2.0 s; peak memory 644 MiB.
2026-10-09T12:49:06Z INFO [533/1000] 3b63a2e0-a574-4435-9166-5e56f31e344d: 118 arrays, 0.6 MB stored; 2.2 s; peak memory 644 MiB.
2026-10-09T12:49:08Z INFO [534/1000] 3b647da4-f1b1-43f1-a1ff-367984d319f9: 132 arrays, 0.9 MB stored; 2.8 s; peak memory 644 MiB.
2026-10-09T12:49:08Z INFO [535/1000] 3b64b27f-7e31-4df5-846a-69582c106c25: 112 arrays, 0.4 MB stored; 2.1 s; peak memory 644 MiB.
2026-10-09T12:49:09Z INFO [536/1000] 3b64176f-336b-4302-b964-bad2adba57da: 384 arrays, 3.6 MB stored; 5.0 s; peak memory 644 MiB.
2026-10-09T12:49:09Z INFO [537/1000] 3b64cc88-edd7-4bab-a9f7-b89058a99fb5: 112 arrays, 0.5 MB stored; 2.0 s; peak memory 644 MiB.
2026-10-09T12:49:10Z INFO [538/1000] 3b656a05-bd5b-42f9-821b-e141260c7295: 48 arrays, 83.9 MB stored; 1.8 s; peak memory 644 MiB.
2026-10-09T12:49:11Z INFO [539/1000] 3b65c62a-4563-4a79-93dc-08e274d03fee: 48 arrays, 83.9 MB stored; 1.7 s; peak memory 644 MiB.
2026-10-09T12:49:12Z INFO [540/1000] 3b65d633-13a7-4130-ba8c-fc805926558c: 62 arrays, 3060.5 MB stored; 2.3 s; peak memory 644 MiB.
2026-10-09T12:49:13Z INFO [541/1000] 3b663394-7344-487a-a0e5-7f9ede862e0b: 48 arrays, 83.9 MB stored; 1.7 s; peak memory 644 MiB.
2026-10-09T12:49:14Z INFO [542/1000] 3b658856-79ac-49ca-b4d6-112caaafe1f1: 84 arrays, 701.2 MB stored; 4.4 s; peak memory 644 MiB.
2026-10-09T12:49:14Z INFO [543/1000] 3b66556f-b2c1-480a-9f33-e0d967d2b06d: 46 arrays, 4.5 MB stored; 1.7 s; peak memory 644 MiB.
2026-10-09T12:49:15Z INFO [544/1000] 3b665787-25f1-438d-a01c-38be8beb88d3: 109 arrays, 0.7 MB stored; 2.3 s; peak memory 644 MiB.
2026-10-09T12:49:16Z INFO [545/1000] 3b687069-bf09-499a-9857-19334b890444: 67 arrays, 2.5 MB stored; 2.0 s; peak memory 644 MiB.
2026-10-09T12:49:16Z INFO [546/1000] 3b67ff6c-1fe3-462f-9a87-5d0d73a8e175: 101 arrays, 14.0 MB stored; 2.4 s; peak memory 644 MiB.
2026-10-09T12:49:17Z INFO [547/1000] 3b68eca3-908c-4aa4-8092-7582647365a5: 59 arrays, 0.1 MB stored; 1.5 s; peak memory 644 MiB.
2026-10-09T12:49:18Z INFO [548/1000] 3b6933fc-e25e-4e21-ba35-a3af3aefc664: 74 arrays, 2.6 MB stored; 2.0 s; peak memory 644 MiB.
2026-10-09T12:49:18Z INFO [549/1000] 3b695e88-5139-445f-aa4f-838f8628d47a: 112 arrays, 0.5 MB stored; 2.1 s; peak memory 644 MiB.
2026-10-09T12:49:18Z INFO [550/1000] 3b696d5b-9b05-4d0f-ae3c-f55cc09b3a3e: 48 arrays, 83.9 MB stored; 1.8 s; peak memory 644 MiB.
2026-10-09T12:49:20Z INFO [551/1000] 3b6a8e7c-10f0-4688-bc53-5c6dc120640c: 119 arrays, 0.2 MB stored; 1.8 s; peak memory 644 MiB.
2026-10-09T12:49:20Z INFO [552/1000] 3b6b247f-1ebf-4ae3-a30d-ceca06a80a7f: 48 arrays, 83.9 MB stored; 1.7 s; peak memory 644 MiB.
2026-10-09T12:49:20Z INFO [553/1000] 3b6b53db-9867-4e43-9f19-0578fce02e36: 118 arrays, 0.3 MB stored; 2.0 s; peak memory 644 MiB.
2026-10-09T12:49:21Z INFO [554/1000] 3b6beea2-c5cb-4242-b108-7667d45ac36a: 46 arrays, 3228.8 MB stored; 1.8 s; peak memory 644 MiB.
2026-10-09T12:49:22Z INFO [555/1000] 3b6bf03d-bcc7-4fab-87f1-268f3b983245: 116 arrays, 0.5 MB stored; 2.2 s; peak memory 644 MiB.
2026-10-09T12:49:22Z INFO [556/1000] 3b6c1d9d-286c-4a1b-a4ab-96f5d26f86b6: 68 arrays, 0.2 MB stored; 2.0 s; peak memory 644 MiB.
2026-10-09T12:49:23Z INFO [557/1000] 3b6cae92-e509-415d-b816-d8ddbb60c54f: 48 arrays, 83.9 MB stored; 1.7 s; peak memory 644 MiB.
2026-10-09T12:49:25Z INFO [558/1000] 3b6de650-a066-4649-8f15-f1f78caf1403: 92 arrays, 0.0 MB stored; 1.6 s; peak memory 644 MiB.
2026-10-09T12:49:25Z INFO [559/1000] 3b6d2315-d0d1-4acc-b7ec-4539ac05c0f7: 70 arrays, 176.5 MB stored; 2.8 s; peak memory 644 MiB.
2026-10-09T12:49:28Z INFO [560/1000] 3b6e4dd7-4de3-4eae-b0ac-10fe6e6111ea: 101 arrays, 17940.3 MB stored; 3.3 s; peak memory 644 MiB.
2026-10-09T12:49:30Z INFO [561/1000] 3b6eab21-ffdd-4ee8-965e-5f6327decccf: 84 arrays, 623.3 MB stored; 4.6 s; peak memory 644 MiB.
2026-10-09T12:49:30Z INFO [562/1000] 3b6f9610-b167-47b1-946d-e1b53bf622ae: 45 arrays, 675.1 MB stored; 2.2 s; peak memory 644 MiB.
2026-10-09T12:49:31Z INFO [563/1000] 3b6f9a48-6e4f-4a09-bf19-a62f666594d7: 48 arrays, 83.9 MB stored; 1.7 s; peak memory 644 MiB.
2026-10-09T12:49:34Z INFO [564/1000] 3b7024a1-e78c-42b9-9c15-91dddd5ca3d6: 62 arrays, 4841.6 MB stored; 2.3 s; peak memory 644 MiB.
2026-10-09T12:49:54Z INFO [565/1000] 3b6274f5-4713-46d6-a70d-4aadb31c6609: 11303 arrays, 396.0 MB stored; 52.5 s; peak memory 644 MiB.
2026-10-09T12:49:57Z INFO [566/1000] 3b6fc955-62cb-4567-bddc-2accbfc4f17b: 48 arrays, 49181.5 MB stored; 26.3 s; peak memory 644 MiB.
2026-10-09T12:49:57Z INFO [567/1000] 3b70b9b2-12c6-43ef-bd1b-d97bf1984c93: 102 arrays, 16.4 MB stored; 2.9 s; peak memory 644 MiB.
2026-10-09T12:49:59Z INFO [568/1000] 3b70e5bc-5961-410c-9dac-9bdb7e5d8d0a: 112 arrays, 1.3 MB stored; 2.8 s; peak memory 644 MiB.
2026-10-09T12:50:00Z INFO [569/1000] 3b70f4e4-fe68-4368-bdbf-2202a8bbc7c2: 81 arrays, 11.8 MB stored; 2.9 s; peak memory 644 MiB.
2026-10-09T12:50:02Z INFO [570/1000] 3b711e32-1e85-4893-be62-93c86e25ac81: 85 arrays, 3.2 MB stored; 2.5 s; peak memory 644 MiB.
2026-10-09T12:50:02Z INFO [571/1000] 3b703132-846f-45e9-bf0b-42a4f240a835: 48 arrays, 40426.9 MB stored; 28.5 s; peak memory 644 MiB.
2026-10-09T12:50:04Z INFO [572/1000] 3b71c07f-b237-4675-80dd-70cd857c5283: 87 arrays, 218.5 MB stored; 3.9 s; peak memory 644 MiB.
2026-10-09T12:50:04Z INFO [573/1000] 3b7242fe-b037-4852-bde3-28e39d37e826: 49 arrays, 1.2 MB stored; 2.1 s; peak memory 644 MiB.
2026-10-09T12:50:04Z INFO [574/1000] 3b7216f4-3bee-40e0-bd15-6ca83993e138: 58 arrays, 1615.6 MB stored; 2.4 s; peak memory 644 MiB.
2026-10-09T12:50:06Z INFO [575/1000] 3b7253a1-3552-4261-95f2-d7c841480e89: 118 arrays, 0.5 MB stored; 2.2 s; peak memory 644 MiB.
2026-10-09T12:50:06Z INFO [576/1000] 3b7280d0-821e-4d87-9095-a19f56910ac0: 49 arrays, 1.3 MB stored; 1.9 s; peak memory 644 MiB.
2026-10-09T12:50:07Z INFO [577/1000] 3b72e107-5cec-49cc-a6ac-a42a03e4b63c: 74 arrays, 2.4 MB stored; 2.8 s; peak memory 644 MiB.
2026-10-09T12:50:07Z INFO [578/1000] 3b735eca-4f8a-4c2d-9225-bebed421dd0b: 37 arrays, 0.0 MB stored; 1.4 s; peak memory 644 MiB.
2026-10-09T12:50:08Z INFO [579/1000] 3b739084-7313-4e4a-bfff-feb025470f7a: 59 arrays, 122.8 MB stored; 2.2 s; peak memory 644 MiB.
2026-10-09T12:50:09Z INFO [580/1000] 3b740046-b6a2-4f7e-b3a2-27c2238c8c0c: 117 arrays, 0.5 MB stored; 2.0 s; peak memory 644 MiB.
2026-10-09T12:50:10Z INFO [581/1000] 3b74c1bc-c3be-4de8-b948-34af6320e5dd: 112 arrays, 0.9 MB stored; 2.6 s; peak memory 644 MiB.
2026-10-09T12:50:10Z INFO [582/1000] 3b754727-a168-4795-9cbc-b1d07a5b1617: 49 arrays, 1.3 MB stored; 2.1 s; peak memory 644 MiB.
2026-10-09T12:50:12Z INFO [583/1000] 3b766037-a6bf-4d60-92be-25b91ca3b714: 114 arrays, 0.4 MB stored; 1.9 s; peak memory 644 MiB.
2026-10-09T12:50:13Z INFO [584/1000] 3b76c451-1764-415d-beb7-831284b0b1eb: 71 arrays, 4.6 MB stored; 2.4 s; peak memory 644 MiB.
2026-10-09T12:50:14Z INFO [585/1000] 3b774a39-8cfc-4a46-983f-98bfce409978: 118 arrays, 0.3 MB stored; 2.0 s; peak memory 644 MiB.
2026-10-09T12:50:14Z INFO [586/1000] 3b778c2f-69df-4167-9f40-97af1fff46ef: 48 arrays, 83.9 MB stored; 1.6 s; peak memory 644 MiB.
2026-10-09T12:50:16Z INFO [587/1000] 3b781a39-852a-4ae7-8897-46b92e77e5c4: 45 arrays, 7.3 MB stored; 1.9 s; peak memory 644 MiB.
2026-10-09T12:50:17Z INFO [588/1000] 3b786639-928f-4495-af1e-f4919e888480: 112 arrays, 0.7 MB stored; 2.3 s; peak memory 644 MiB.
2026-10-09T12:50:20Z INFO [589/1000] 3b7a0594-44f8-42ce-bf38-4968cc8af3f3: 115 arrays, 186.7 MB stored; 3.5 s; peak memory 644 MiB.
2026-10-09T12:50:23Z INFO [590/1000] 3b7a2c47-f6b9-455f-ae5a-a41e571cf68c: 78 arrays, 634.8 MB stored; 3.0 s; peak memory 644 MiB.
2026-10-09T12:50:27Z INFO [591/1000] 3b7993e7-081d-4bbd-9ce2-96fb856772b5: 1508 arrays, 24.7 MB stored; 10.7 s; peak memory 644 MiB.
2026-10-09T12:50:27Z INFO [592/1000] 3b7ac9c3-1ce1-4e14-bae4-883d40d7ec26: 186 arrays, 12.7 MB stored; 3.8 s; peak memory 644 MiB.
2026-10-09T12:50:29Z INFO [593/1000] 3b7b3d06-aef6-41c8-8b38-bba5dad3019a: 48 arrays, 83.9 MB stored; 1.7 s; peak memory 644 MiB.
2026-10-09T12:50:29Z INFO [594/1000] 3b7b1f79-a525-4cb2-9100-28761d6804f7: 112 arrays, 0.4 MB stored; 2.2 s; peak memory 644 MiB.
2026-10-09T12:50:31Z INFO [595/1000] 3b7b5fda-39ed-4167-90fd-95372ae0c994: 116 arrays, 0.2 MB stored; 1.8 s; peak memory 644 MiB.
2026-10-09T12:50:31Z INFO [596/1000] 3b7bd276-8da4-44aa-99c1-a1ef9e4854a2: 48 arrays, 83.9 MB stored; 1.8 s; peak memory 644 MiB.
2026-10-09T12:50:32Z INFO [597/1000] 3b7bd2be-1a35-4dbc-9bc1-e85c82fba43d: 52 arrays, 10.0 MB stored; 1.8 s; peak memory 644 MiB.
2026-10-09T12:50:34Z INFO [598/1000] 3b7beae4-c322-4ff8-9d70-eb1ad65ba6fe: 38 arrays, 0.5 MB stored; 1.6 s; peak memory 644 MiB.
2026-10-09T12:50:36Z INFO [599/1000] 3b7c344b-0295-43c5-9d9d-9360f5f84747: 48 arrays, 83.9 MB stored; 1.6 s; peak memory 644 MiB.
2026-10-09T12:50:38Z INFO [600/1000] 3b7be587-7ef3-45e8-a741-4dbf64201977: 556 arrays, 6.2 MB stored; 7.7 s; peak memory 644 MiB.
2026-10-09T12:50:39Z INFO [600/1000] 3b7be587-7ef3-45e8-a741-4dbf64201977: checkpointed 600 new records.
2026-10-09T12:50:40Z INFO [601/1000] 3b7caed8-c7cd-4fea-97d4-8138d57b332a: 138 arrays, 4.8 MB stored; 3.9 s; peak memory 644 MiB.
2026-10-09T12:50:40Z INFO [602/1000] 3b7d7337-08d4-4225-8e85-2f01531c3390: 21 arrays, 0.6 MB stored; 1.4 s; peak memory 644 MiB.
2026-10-09T12:50:41Z INFO [603/1000] 3b7d8ade-a868-464b-9d33-112b038b80e2: 48 arrays, 83.9 MB stored; 1.7 s; peak memory 644 MiB.
2026-10-09T12:50:43Z INFO [604/1000] 3b7d80b8-ce41-4ca8-8094-9ebdd1669ad8: 38 arrays, 33.9 MB stored; 3.2 s; peak memory 644 MiB.
2026-10-09T12:50:44Z INFO [605/1000] 3b7edf47-bd63-4a70-bfde-3c5dd3551fc4: 39 arrays, 786.4 MB stored; 1.7 s; peak memory 644 MiB.
2026-10-09T12:50:46Z INFO [606/1000] 3b7e7513-63f4-46ed-9dc5-8ecffa61cf2a: 156 arrays, 193.5 MB stored; 4.5 s; peak memory 644 MiB.
2026-10-09T12:50:46Z INFO [607/1000] 3b7f80ee-4bb8-426f-bd80-8485914c5d32: 112 arrays, 0.2 MB stored; 1.9 s; peak memory 644 MiB.
2026-10-09T12:50:48Z INFO [608/1000] 3b810fc3-8092-4bb6-8e41-d38b6cd40df3: 48 arrays, 83.9 MB stored; 1.7 s; peak memory 644 MiB.
2026-10-09T12:50:48Z INFO [609/1000] 3b7f8df4-1fc4-4e1f-8906-6243196db448: 52 arrays, 13.1 MB stored; 2.1 s; peak memory 644 MiB.
2026-10-09T12:50:50Z INFO [610/1000] 3b8127d9-4c48-4264-bdf3-1475bc8f82a2: 48 arrays, 83.9 MB stored; 1.8 s; peak memory 644 MiB.
2026-10-09T12:50:52Z INFO [611/1000] 3b811a3a-8037-427f-9528-d2fcb9e7f66f: 156 arrays, 193.5 MB stored; 4.3 s; peak memory 644 MiB.
2026-10-09T12:50:53Z INFO [612/1000] 3b814321-783c-4e80-876d-9c76e9986095: 119 arrays, 66.4 MB stored; 2.8 s; peak memory 644 MiB.
2026-10-09T12:50:54Z INFO [613/1000] 3b8176c8-b2c5-4b93-ac2a-dcd143eaa70d: 48 arrays, 83.9 MB stored; 1.7 s; peak memory 644 MiB.
2026-10-09T12:50:54Z INFO [614/1000] 3b81b3b7-83df-4029-985c-29372b01d632: 48 arrays, 83.9 MB stored; 1.8 s; peak memory 644 MiB.
2026-10-09T12:50:56Z INFO [615/1000] 3b81c730-9441-4f11-a205-86b733804396: 46 arrays, 0.1 MB stored; 1.4 s; peak memory 644 MiB.
2026-10-09T12:51:00Z INFO [616/1000] 3b81db6e-1f1c-4824-9d9f-3c4003902c82: 38 arrays, 36.4 MB stored; 3.9 s; peak memory 644 MiB.
2026-10-09T12:51:01Z INFO [617/1000] 3b829416-1cd5-4eed-8d66-73477f62f4ae: 48 arrays, 83.9 MB stored; 1.8 s; peak memory 644 MiB.
2026-10-09T12:51:04Z INFO [618/1000] 3b82f4a6-214f-4e66-933e-de6737f4b0f2: 112 arrays, 0.8 MB stored; 2.4 s; peak memory 644 MiB.
2026-10-09T12:51:06Z INFO [619/1000] 3b841939-ff7e-4543-94fd-0da4c6159460: 48 arrays, 83.9 MB stored; 1.8 s; peak memory 644 MiB.
2026-10-09T12:51:08Z INFO [620/1000] 3b84d2f0-68c3-49c2-a822-bf032773781b: 112 arrays, 0.6 MB stored; 2.3 s; peak memory 644 MiB.
2026-10-09T12:51:10Z INFO [621/1000] 3b84da2f-6262-417d-8f78-b42028a6c504: 48 arrays, 83.9 MB stored; 1.6 s; peak memory 644 MiB.
2026-10-09T12:51:19Z INFO [622/1000] 3b85a865-2bc0-4062-bb52-5ab5f2fa80f5: 1703 arrays, 11.3 MB stored; 9.5 s; peak memory 644 MiB.
2026-10-09T12:51:22Z INFO [623/1000] 3b861711-defa-4d49-b3b5-a191fd1f180f: 71 arrays, 84.0 MB stored; 3.0 s; peak memory 644 MiB.
2026-10-09T12:51:24Z INFO [624/1000] 3b867e09-a019-4aba-9f21-650fd4fac61f: 48 arrays, 83.9 MB stored; 1.7 s; peak memory 644 MiB.
2026-10-09T12:51:26Z INFO [625/1000] 3b86c28a-fcff-42eb-bbb3-edf65bc2fb19: 112 arrays, 0.2 MB stored; 2.0 s; peak memory 644 MiB.
2026-10-09T12:51:28Z INFO [626/1000] 3b8726aa-75ff-4c20-a5d3-b44a2c48fa0a: 112 arrays, 0.4 MB stored; 2.1 s; peak memory 644 MiB.
2026-10-09T12:51:30Z INFO [627/1000] 3b880bde-dbed-4466-8f47-3654725c57d8: 112 arrays, 0.4 MB stored; 2.1 s; peak memory 644 MiB.
2026-10-09T12:51:32Z INFO [628/1000] 3b88175f-1ad5-4c0e-920e-5db8b1124b80: 118 arrays, 0.3 MB stored; 1.9 s; peak memory 644 MiB.
2026-10-09T12:51:43Z INFO [629/1000] 3b884607-fb79-486e-b14a-2d6854d37496: 339 arrays, 48.0 MB stored; 11.3 s; peak memory 644 MiB.
2026-10-09T12:51:44Z INFO [630/1000] 3b81be25-803f-4761-a3ae-fa9cec97f452: 5993 arrays, 174.2 MB stored; 49.9 s; peak memory 644 MiB.
2026-10-09T12:51:45Z INFO [631/1000] 3b8886ac-562e-41f4-b273-2750b34322e3: 46 arrays, 0.4 MB stored; 1.8 s; peak memory 644 MiB.
2026-10-09T12:51:46Z INFO [632/1000] 3b88c50a-1cfa-47a8-b784-6a81a4267906: 48 arrays, 83.9 MB stored; 1.8 s; peak memory 644 MiB.
2026-10-09T12:51:48Z INFO [633/1000] 3b88fbd4-f4de-474a-b09c-9e1aa84fea01: 117 arrays, 21.9 MB stored; 3.5 s; peak memory 644 MiB.
2026-10-09T12:51:49Z INFO [634/1000] 3b2332a8-80f9-43a2-83ac-9f81577972eb: 938 arrays, 4219.2 MB stored; 484.5 s; peak memory 644 MiB.
2026-10-09T12:51:50Z INFO [635/1000] 3b89d6e4-59d6-4d24-955d-7dc8f40c3a8a: 63 arrays, 3.7 MB stored; 1.6 s; peak memory 644 MiB.
2026-10-09T12:51:50Z INFO [636/1000] 3b895c6a-c3eb-4788-8df5-67543189a642: 116 arrays, 0.5 MB stored; 2.2 s; peak memory 644 MiB.
2026-10-09T12:51:53Z INFO [637/1000] 3b8bb161-8100-41e9-bff3-407b4329e43d: 69 arrays, 1.9 MB stored; 2.4 s; peak memory 644 MiB.
2026-10-09T12:51:53Z INFO [638/1000] 3b8bb993-a54e-43b7-85e5-fbe54e7bf366: 66 arrays, 181.8 MB stored; 2.4 s; peak memory 644 MiB.
2026-10-09T12:51:54Z INFO [639/1000] 3b8cef18-0508-4cce-a677-540b08545984: 48 arrays, 83.9 MB stored; 1.7 s; peak memory 644 MiB.
2026-10-09T12:51:57Z INFO [640/1000] 3b8d5d9d-aed0-475a-8f15-937af05c8bd3: 69 arrays, 1.9 MB stored; 2.2 s; peak memory 644 MiB.
2026-10-09T12:51:58Z INFO [641/1000] 3b8dc5a4-093b-4a19-8706-ae0bd8b7e60b: 46 arrays, 5.2 MB stored; 1.6 s; peak memory 644 MiB.
2026-10-09T12:52:00Z INFO [642/1000] 3b8d4530-1136-434c-baac-09d41643e5ac: 562 arrays, 19.2 MB stored; 7.5 s; peak memory 644 MiB.
2026-10-09T12:52:09Z INFO [643/1000] 3b4ecab5-148d-4f87-9c33-0366df0b0cc0: 417 arrays, 39386.0 MB stored; 289.8 s; peak memory 644 MiB.
2026-10-09T12:52:11Z INFO [644/1000] 3b8eb562-c622-40b5-9f91-74c4a4b5033d: 704 arrays, 24.3 MB stored; 10.8 s; peak memory 644 MiB.
2026-10-09T12:52:13Z INFO [645/1000] 3b8ecfef-484b-49d7-90c0-631676544764: 154 arrays, 397.3 MB stored; 3.9 s; peak memory 644 MiB.
2026-10-09T12:52:13Z INFO [646/1000] 3b8ee649-d9a5-47ca-8d50-3bbe419c34cd: 48 arrays, 83.9 MB stored; 1.7 s; peak memory 644 MiB.
2026-10-09T12:52:15Z INFO [647/1000] 3b8f8a75-8ff5-4056-9b54-547774e2b018: 131 arrays, 0.4 MB stored; 2.4 s; peak memory 644 MiB.
2026-10-09T12:52:16Z INFO [648/1000] 3b8f37cc-f1a5-4ccf-bf27-b541e7a12e44: 38 arrays, 59.1 MB stored; 3.7 s; peak memory 644 MiB.
2026-10-09T12:52:18Z INFO [649/1000] 3b8fed66-6c82-4952-9c51-a48d6ab32eb4: 74 arrays, 1.2 MB stored; 2.1 s; peak memory 644 MiB.
2026-10-09T12:52:19Z INFO [650/1000] 3b8fc315-0645-4764-857d-b9f1b1af9af4: 116 arrays, 187.1 MB stored; 3.7 s; peak memory 644 MiB.
2026-10-09T12:52:24Z INFO [651/1000] 3b90132d-a9fd-415f-9a44-891417d52450: 38 arrays, 80.5 MB stored; 5.4 s; peak memory 644 MiB.
2026-10-09T12:52:25Z INFO [652/1000] 3b904beb-f340-4f08-8795-c7307b18c2a5: 46 arrays, 0.8 MB stored; 1.5 s; peak memory 644 MiB.
2026-10-09T12:52:26Z INFO [653/1000] 3b904398-3a01-4f3c-88e0-0f6e7aa7c401: 461 arrays, 11.6 MB stored; 6.7 s; peak memory 644 MiB.
2026-10-09T12:52:27Z INFO [654/1000] 3b91067d-28f6-42c0-97a5-cd33945f625f: 118 arrays, 0.5 MB stored; 2.1 s; peak memory 644 MiB.
2026-10-09T12:52:28Z INFO [655/1000] 3b91464f-7506-452a-b3fc-f2fd00bcaf52: 303 arrays, 17.2 MB stored; 2.3 s; peak memory 644 MiB.
2026-10-09T12:52:29Z INFO [656/1000] 3b9365ca-8d5c-4026-8b98-76c74387a498: 46 arrays, 0.0 MB stored; 1.3 s; peak memory 644 MiB.
2026-10-09T12:52:30Z INFO [657/1000] 3b894e82-70db-4e2f-af8b-a3d09a050708: 18008 arrays, 302.8 MB stored; 43.9 s; peak memory 644 MiB.
2026-10-09T12:52:31Z INFO [658/1000] 3b93a4a1-75cb-4b15-99eb-50b57c94cb5c: 48 arrays, 83.9 MB stored; 1.7 s; peak memory 644 MiB.
2026-10-09T12:52:31Z INFO [659/1000] 3b915f85-3376-41b4-92b0-702fbb5d859d: 118 arrays, 67.2 MB stored; 3.8 s; peak memory 644 MiB.
2026-10-09T12:52:31Z INFO [660/1000] 3b9441f1-ef20-4437-990e-81ba1a717ec6: 48 arrays, 83.9 MB stored; 1.7 s; peak memory 644 MiB.
2026-10-09T12:52:33Z INFO [661/1000] 3b948487-4c1e-415a-a1fd-06dc2e24d48e: 117 arrays, 0.4 MB stored; 2.1 s; peak memory 644 MiB.
2026-10-09T12:52:33Z INFO [662/1000] 3b95077d-44bc-4a85-9b17-99dffddec3fb: 52 arrays, 13.7 MB stored; 1.9 s; peak memory 644 MiB.
2026-10-09T12:52:35Z INFO [663/1000] 3b951700-8219-4af8-92a0-a0426ac1a75f: 110 arrays, 0.4 MB stored; 2.2 s; peak memory 644 MiB.
2026-10-09T12:52:38Z INFO [664/1000] 3b957f19-92ac-45c3-a0dc-4546153774fe: 112 arrays, 0.5 MB stored; 2.1 s; peak memory 644 MiB.
2026-10-09T12:52:38Z INFO [665/1000] 3b950092-8f6d-423a-84c6-00550788a958: 540 arrays, 9.5 MB stored; 7.0 s; peak memory 644 MiB.
2026-10-09T12:52:39Z INFO [666/1000] 3b95080c-ec66-4970-9bfa-31eb01a8b447: 225 arrays, 230.8 MB stored; 5.7 s; peak memory 644 MiB.
2026-10-09T12:52:40Z INFO [667/1000] 3b95f958-f7d7-4b45-ad9f-004c59e358a0: 303 arrays, 17.1 MB stored; 2.2 s; peak memory 644 MiB.
2026-10-09T12:52:41Z INFO [668/1000] 3b95967b-659e-4397-a9a9-7ff483718114: 186 arrays, 12.7 MB stored; 3.5 s; peak memory 644 MiB.
2026-10-09T12:52:41Z INFO [669/1000] 3b96143e-275f-4822-8b52-47c0c34e7df0: 88 arrays, 578.1 MB stored; 2.3 s; peak memory 644 MiB.
2026-10-09T12:52:42Z INFO [670/1000] 3b9621db-206d-41c0-90b7-c7d774315d38: 88 arrays, 1.7 MB stored; 2.0 s; peak memory 644 MiB.
2026-10-09T12:52:43Z INFO [671/1000] 3b9691c6-f076-4a4f-b369-1cc04297b332: 48 arrays, 83.9 MB stored; 1.6 s; peak memory 644 MiB.
2026-10-09T12:52:44Z INFO [672/1000] 3b96bdf6-0164-4ea2-b99a-abba7f83d9ce: 51 arrays, 2338.3 MB stored; 2.5 s; peak memory 644 MiB.
2026-10-09T12:52:44Z INFO [673/1000] 3b9754cd-ec8c-40bf-b645-935a3909e281: 117 arrays, 0.3 MB stored; 2.0 s; peak memory 644 MiB.
2026-10-09T12:52:45Z INFO [674/1000] 3b9758fd-2881-4221-8e6b-697c5594f7be: 110 arrays, 0.1 MB stored; 1.8 s; peak memory 644 MiB.
2026-10-09T12:52:45Z INFO [675/1000] 3b757c15-b0f2-4b69-b126-2362c2b13eed: 167 arrays, 21155.9 MB stored; 156.2 s; peak memory 644 MiB.
2026-10-09T12:52:45Z INFO [676/1000] 3b9778f0-d4b9-4abf-8927-43148c1a3d68: 48 arrays, 83.9 MB stored; 1.7 s; peak memory 644 MiB.
2026-10-09T12:52:46Z INFO [677/1000] 3b97a8f3-9c22-4399-9492-c092b5e2e31e: 51 arrays, 2830.7 MB stored; 2.1 s; peak memory 644 MiB.
2026-10-09T12:52:47Z INFO [678/1000] 3b97efb1-7ab8-433e-a98b-ca2c229c1405: 66 arrays, 13.1 MB stored; 2.1 s; peak memory 644 MiB.
2026-10-09T12:52:47Z INFO [679/1000] 3b985e57-5a91-4704-82b3-16ad2b84cf3f: 118 arrays, 0.4 MB stored; 2.0 s; peak memory 644 MiB.
2026-10-09T12:52:49Z INFO [680/1000] 3b986f3e-81a3-4b52-abe1-eacd297e062b: 84 arrays, 1.0 MB stored; 2.1 s; peak memory 644 MiB.
2026-10-09T12:52:49Z INFO [681/1000] 3b98b15b-a6c1-4ccd-880d-034f29dd1f85: 116 arrays, 0.3 MB stored; 2.0 s; peak memory 644 MiB.
2026-10-09T12:52:49Z INFO [682/1000] 3b996034-4929-4d6f-809b-3740949fbe4c: 112 arrays, 0.4 MB stored; 2.1 s; peak memory 644 MiB.
2026-10-09T12:52:50Z INFO [683/1000] 3b9976c6-a94a-4cc8-a96b-8d730d6ef1cd: 36 arrays, 5.2 MB stored; 1.6 s; peak memory 644 MiB.
2026-10-09T12:52:50Z INFO [684/1000] 3b9973c3-497b-4726-8518-4dd168759c27: 48 arrays, 83.9 MB stored; 1.8 s; peak memory 644 MiB.
2026-10-09T12:52:51Z INFO [685/1000] 3b99ff8a-b7bb-4e04-9e18-9debe66ba7b0: 56 arrays, 0.0 MB stored; 1.4 s; peak memory 644 MiB.
2026-10-09T12:52:52Z INFO [686/1000] 3b984346-cd37-4a3e-a9a2-98b5d166968e: 223 arrays, 230.9 MB stored; 6.4 s; peak memory 644 MiB.
2026-10-09T12:52:52Z INFO [687/1000] 3b9b602b-ba70-4a8b-97d0-2d2ce9c21b9e: 48 arrays, 83.9 MB stored; 1.7 s; peak memory 644 MiB.
2026-10-09T12:52:52Z INFO [688/1000] 3b9adb82-b2f9-4d40-b969-76de3ebed804: 48 arrays, 83.9 MB stored; 1.8 s; peak memory 644 MiB.
2026-10-09T12:52:53Z INFO [689/1000] 3b9baf21-51da-456e-a1aa-21ba8df864c4: 112 arrays, 0.4 MB stored; 1.8 s; peak memory 644 MiB.
2026-10-09T12:52:53Z INFO [690/1000] 3b9cb5fd-0e6d-4cd3-92ff-0b6811253821: 45 arrays, 0.0 MB stored; 1.5 s; peak memory 644 MiB.
2026-10-09T12:52:54Z INFO [691/1000] 3b9cd036-531e-4e55-8ecf-b1d113a077a8: 48 arrays, 83.9 MB stored; 1.7 s; peak memory 644 MiB.
2026-10-09T12:52:54Z INFO [692/1000] 3b9cb932-948d-4932-80b9-0eee1b1d9c00: 70 arrays, 8.1 MB stored; 2.3 s; peak memory 644 MiB.
2026-10-09T12:52:55Z INFO [693/1000] 3b9d699b-60f3-435c-8fd4-0c6ed7c2a874: 71 arrays, 66.2 MB stored; 2.7 s; peak memory 644 MiB.
2026-10-09T12:52:57Z INFO [694/1000] 3b9e6177-9661-47d9-b150-734d33f5facc: 69 arrays, 31.4 MB stored; 2.2 s; peak memory 644 MiB.
2026-10-09T12:53:01Z INFO [695/1000] 3b9ee466-0586-4fe5-9f30-516304ff79b0: 156 arrays, 193.5 MB stored; 4.2 s; peak memory 644 MiB.
2026-10-09T12:53:02Z INFO [696/1000] 3b9e554f-7df1-41dd-8f07-d95ff52af811: 538 arrays, 7.7 MB stored; 8.3 s; peak memory 644 MiB.
2026-10-09T12:53:02Z INFO [697/1000] 3b9e3769-9cc6-4d9e-bb2f-6f0b98bbc9d9: 41 arrays, 223.4 MB stored; 9.2 s; peak memory 644 MiB.
2026-10-09T12:53:03Z INFO [698/1000] 3b9f1332-43bc-48fb-82ed-af4ede90a083: 45 arrays, 0.0 MB stored; 1.3 s; peak memory 644 MiB.
2026-10-09T12:53:07Z INFO [699/1000] 3b9f4fd9-9875-4ef8-8c9d-5894561841b1: 114 arrays, 186.8 MB stored; 3.8 s; peak memory 644 MiB.
2026-10-09T12:53:09Z INFO [700/1000] 3b9f157c-b14f-40e8-9b3a-30f82c90d571: 613 arrays, 8.4 MB stored; 6.8 s; peak memory 644 MiB.
2026-10-09T12:53:11Z INFO [701/1000] 3ba01747-d02d-4b54-b10b-9b8e92e20617: 115 arrays, 190.1 MB stored; 3.8 s; peak memory 644 MiB.
2026-10-09T12:53:12Z INFO [702/1000] 3ba01b21-ebc8-46ea-b7f7-41c1d2ab493d: 112 arrays, 0.8 MB stored; 2.5 s; peak memory 644 MiB.
2026-10-09T12:53:14Z INFO [703/1000] 3ba0c5ec-d9aa-4011-9780-71fe2d5f3fa3: 117 arrays, 0.3 MB stored; 2.0 s; peak memory 644 MiB.
2026-10-09T12:53:14Z INFO [704/1000] 3ba044a0-c6b9-4ad4-8456-81de1acc2013: 152 arrays, 1.0 MB stored; 2.9 s; peak memory 644 MiB.
2026-10-09T12:53:16Z INFO [705/1000] 3ba0f577-9bd9-43eb-98f5-79010d073e3f: 84 arrays, 0.1 MB stored; 1.9 s; peak memory 644 MiB.
2026-10-09T12:53:16Z INFO [706/1000] 3ba0da2a-f320-4def-9453-79a59f8d4582: 62 arrays, 3920.0 MB stored; 2.2 s; peak memory 644 MiB.
2026-10-09T12:53:18Z INFO [707/1000] 3ba2c168-af36-465f-b38c-b854432192a4: 116 arrays, 0.2 MB stored; 2.1 s; peak memory 644 MiB.
2026-10-09T12:53:18Z INFO [708/1000] 3ba3235e-f782-4285-b9f5-3c027246290b: 71 arrays, 35.3 MB stored; 2.5 s; peak memory 644 MiB.
2026-10-09T12:53:27Z INFO [709/1000] 3b9f031f-3c97-47b1-994e-0f1d6da8c669: 48 arrays, 37056.2 MB stored; 26.2 s; peak memory 644 MiB.
2026-10-09T12:53:29Z INFO [710/1000] 3ba38dfa-2870-494a-a7f7-8ce00c2f1ae1: 66 arrays, 71.9 MB stored; 2.2 s; peak memory 644 MiB.
2026-10-09T12:53:31Z INFO [711/1000] 3ba38e35-abdd-49d8-b1d0-775244f88737: 48 arrays, 83.9 MB stored; 1.7 s; peak memory 644 MiB.
2026-10-09T12:53:33Z INFO [712/1000] 3ba3bbbb-1de9-4f46-9bae-a0dbbd799c20: 117 arrays, 0.3 MB stored; 2.0 s; peak memory 644 MiB.
2026-10-09T12:53:35Z INFO [713/1000] 3ba3fb67-3965-461a-82df-6c5c9c159361: 117 arrays, 0.4 MB stored; 2.0 s; peak memory 644 MiB.
2026-10-09T12:53:37Z INFO [714/1000] 3ba3fd16-ad1f-4b43-93f9-a4cd848ac605: 62 arrays, 2779.7 MB stored; 2.2 s; peak memory 644 MiB.
2026-10-09T12:53:38Z INFO [715/1000] 3ba43d61-c013-4070-a9e4-eb7db8144812: 46 arrays, 0.0 MB stored; 1.3 s; peak memory 644 MiB.
2026-10-09T12:53:40Z INFO [716/1000] 3ba46817-4114-46f5-a025-dd36b6c6863c: 116 arrays, 0.3 MB stored; 1.9 s; peak memory 644 MiB.
2026-10-09T12:53:44Z INFO [717/1000] 3ba37333-7b76-45de-836f-efd35278a155: 453 arrays, 102.1 MB stored; 25.8 s; peak memory 644 MiB.
2026-10-09T12:53:49Z INFO [718/1000] 3ba57ad7-8b6b-4f68-b10f-65735fbb61db: 156 arrays, 193.4 MB stored; 4.6 s; peak memory 644 MiB.
2026-10-09T12:53:51Z INFO [719/1000] 3ba55341-1553-4178-9c80-f4c16c2bb8ff: 246 arrays, 522.4 MB stored; 11.0 s; peak memory 644 MiB.
2026-10-09T12:53:55Z INFO [720/1000] 3ba76000-ffa2-4670-a5b8-4a0b4321ddf2: 156 arrays, 193.5 MB stored; 4.1 s; peak memory 644 MiB.
2026-10-09T12:53:58Z INFO [721/1000] 3ba7a418-f467-4aa2-ba9c-af2253b89fc8: 119 arrays, 51.3 MB stored; 3.0 s; peak memory 644 MiB.
2026-10-09T12:54:04Z INFO [722/1000] 3b8df760-8ebc-40d7-8231-f06d1e555ee3: 55 arrays, 6824.0 MB stored; 125.4 s; peak memory 644 MiB.
2026-10-09T12:54:05Z INFO [723/1000] 3ba8a823-8f53-48eb-a2a8-919d62f4e3d6: 56 arrays, 0.0 MB stored; 1.4 s; peak memory 644 MiB.
2026-10-09T12:54:07Z INFO [724/1000] 3ba8ab54-bb1f-4eeb-bde5-29f11d93620b: 69 arrays, 1.9 MB stored; 2.2 s; peak memory 644 MiB.
2026-10-09T12:54:08Z INFO [725/1000] 3b6dc57d-782d-467c-ba86-ea740b0ec275: 269 arrays, 40344.5 MB stored; 285.4 s; peak memory 644 MiB.
2026-10-09T12:54:10Z INFO [726/1000] 3ba8e0bf-63af-405c-8cc3-28792b87a028: 66 arrays, 133.0 MB stored; 2.3 s; peak memory 644 MiB.
2026-10-09T12:54:11Z INFO [727/1000] 3baa2b36-9704-4bb1-97fb-c93180303e52: 71 arrays, 130.7 MB stored; 2.8 s; peak memory 644 MiB.
2026-10-09T12:54:12Z INFO [728/1000] 3ba7cb0a-b1c7-4bba-8946-85cf367e5ae7: 106 arrays, 18297.1 MB stored; 13.5 s; peak memory 644 MiB.
2026-10-09T12:54:12Z INFO [729/1000] 3baa5f75-220f-462b-9c64-716cc404c42f: 112 arrays, 0.9 MB stored; 2.5 s; peak memory 644 MiB.
2026-10-09T12:54:12Z INFO [730/1000] 3baab10f-7a2a-4f2d-9eb7-239b5026c9f8: 41 arrays, 8.4 MB stored; 1.5 s; peak memory 644 MiB.
2026-10-09T12:54:14Z INFO [731/1000] 3baaddaf-5961-409c-bb8f-9f69041671f5: 65 arrays, 8.4 MB stored; 1.8 s; peak memory 644 MiB.
2026-10-09T12:54:14Z INFO [732/1000] 3bab489c-d146-4a69-b1a3-94087ca9f9f3: 39 arrays, 5.9 MB stored; 1.9 s; peak memory 644 MiB.
2026-10-09T12:54:16Z INFO [733/1000] 3bac235e-a593-4c69-bb56-ec6cef30ac4d: 48 arrays, 83.9 MB stored; 1.7 s; peak memory 644 MiB.
2026-10-09T12:54:16Z INFO [734/1000] 3ba63aad-6b5f-4eb4-96bb-45144b28165e: 1355 arrays, 46.6 MB stored; 27.2 s; peak memory 644 MiB.
2026-10-09T12:54:16Z INFO [735/1000] 3baba43e-94e7-47ec-85aa-86d158c5515c: 112 arrays, 0.8 MB stored; 2.5 s; peak memory 644 MiB.
2026-10-09T12:54:18Z INFO [736/1000] 3bac4d8e-a09b-4924-b49b-a49fdbb27867: 118 arrays, 0.5 MB stored; 2.2 s; peak memory 644 MiB.
2026-10-09T12:54:18Z INFO [737/1000] 3bab0dd0-de4f-4020-ad00-f5f6a02df871: 60 arrays, 80.6 MB stored; 5.9 s; peak memory 644 MiB.
2026-10-09T12:54:20Z INFO [738/1000] 3bacd7cf-11ed-4090-874c-7b4c92ba5d79: 113 arrays, 0.3 MB stored; 2.0 s; peak memory 644 MiB.
2026-10-09T12:54:20Z INFO [739/1000] 3bac7107-e1da-4dd8-a1df-6dfa5559910d: 118 arrays, 67.1 MB stored; 4.2 s; peak memory 644 MiB.
2026-10-09T12:54:23Z INFO [740/1000] 3bae263a-ebdc-4941-9c57-21822594b7dc: 118 arrays, 51.2 MB stored; 2.7 s; peak memory 644 MiB.
2026-10-09T12:54:25Z INFO [741/1000] 3baf58d3-6bd8-4d51-b301-5ebbbc4d4628: 66 arrays, 97.9 MB stored; 2.4 s; peak memory 644 MiB.
2026-10-09T12:54:29Z INFO [742/1000] 3baff867-3860-4d95-bef6-fbe1ffe1b530: 38 arrays, 60.2 MB stored; 3.8 s; peak memory 644 MiB.
2026-10-09T12:54:30Z INFO [743/1000] 3bb0c570-b3b7-4214-aba0-edb1375ffbce: 48 arrays, 83.9 MB stored; 1.7 s; peak memory 644 MiB.
2026-10-09T12:54:32Z INFO [744/1000] 3bb12a9c-7aa3-4698-aa90-a3038eac5f8f: 118 arrays, 0.3 MB stored; 1.9 s; peak memory 644 MiB.
2026-10-09T12:54:38Z INFO [745/1000] 3bb15e06-fc29-4adb-8781-18cb7477e92d: 38 arrays, 103.8 MB stored; 5.4 s; peak memory 644 MiB.
2026-10-09T12:54:38Z INFO [746/1000] 3bade986-a71b-4581-8092-b56f1c9f4ffc: 38 arrays, 674.4 MB stored; 20.2 s; peak memory 644 MiB.
2026-10-09T12:54:41Z INFO [747/1000] 3bb1e04f-bca3-4585-a410-a8f0c7efe0e6: 71 arrays, 66.7 MB stored; 3.2 s; peak memory 644 MiB.
2026-10-09T12:54:44Z INFO [748/1000] 3bb1ee6f-570e-46c4-a13e-d15464729a19: 153 arrays, 0.5 MB stored; 2.2 s; peak memory 644 MiB.
2026-10-09T12:54:45Z INFO [749/1000] 3bb307b3-f24a-4b04-8c6d-f9c7510475b8: 47 arrays, 0.5 MB stored; 1.6 s; peak memory 644 MiB.
2026-10-09T12:54:50Z INFO [750/1000] 3bb41a6e-171d-4470-86da-156e72697849: 156 arrays, 193.5 MB stored; 4.4 s; peak memory 644 MiB.
2026-10-09T12:54:51Z INFO [751/1000] 3bb41b3b-28f2-45c0-8efb-b082e59f3874: 63 arrays, 0.1 MB stored; 1.7 s; peak memory 644 MiB.
2026-10-09T12:54:53Z INFO [752/1000] 3bb46966-5a03-4025-a57c-6272281c6af3: 48 arrays, 83.9 MB stored; 1.7 s; peak memory 644 MiB.
2026-10-09T12:54:54Z INFO [753/1000] 3bb4d5f4-89c2-417b-90de-c9f72e75d711: 57 arrays, 0.0 MB stored; 1.4 s; peak memory 644 MiB.
2026-10-09T12:54:56Z INFO [754/1000] 3bb4e9b7-d0b4-492e-a25b-f185cdcb4def: 117 arrays, 0.4 MB stored; 2.0 s; peak memory 644 MiB.
2026-10-09T12:55:03Z INFO [755/1000] 3bb61669-c817-4ce6-be81-e3ecfb829151: 485 arrays, 5.3 MB stored; 6.2 s; peak memory 644 MiB.
2026-10-09T12:55:05Z INFO [756/1000] 3bb1b216-b179-498d-93e1-17e474c0e696: 48 arrays, 38170.0 MB stored; 26.8 s; peak memory 644 MiB.
2026-10-09T12:55:05Z INFO [757/1000] 3bb62049-ddc0-48bd-a634-bf16742d18c3: 112 arrays, 0.4 MB stored; 2.1 s; peak memory 644 MiB.
2026-10-09T12:55:06Z INFO [758/1000] 3bb679c5-ab50-4ea0-bf79-389b00cd506c: 48 arrays, 83.9 MB stored; 1.8 s; peak memory 644 MiB.
2026-10-09T12:55:07Z INFO [759/1000] 3bb6c078-8d69-4bfe-a52a-7c47094a460a: 57 arrays, 621.7 MB stored; 2.8 s; peak memory 644 MiB.
2026-10-09T12:55:10Z INFO [760/1000] 3bb7ffa1-8753-45cb-9619-ee987db37a75: 118 arrays, 0.4 MB stored; 2.1 s; peak memory 644 MiB.
2026-10-09T12:55:12Z INFO [761/1000] 3bb8c0a3-0b70-41c7-be05-6e60c57faf36: 71 arrays, 3.2 MB stored; 2.3 s; peak memory 644 MiB.
2026-10-09T12:55:14Z INFO [762/1000] 3bb93f41-b990-4e2e-9c0a-cfb3a3a18096: 117 arrays, 0.2 MB stored; 2.0 s; peak memory 644 MiB.
2026-10-09T12:55:15Z INFO [763/1000] 3bb6c298-6bac-4e2d-8da0-7a8495f80207: 196 arrays, 586.8 MB stored; 8.2 s; peak memory 644 MiB.
2026-10-09T12:55:16Z INFO [764/1000] 3bb9734e-e7d4-4b96-8cf2-6b56a7de1d66: 115 arrays, 857.3 MB stored; 2.6 s; peak memory 644 MiB.
2026-10-09T12:55:17Z INFO [765/1000] 3bba7609-58f5-415f-832c-7fb735a07acb: 93 arrays, 365.2 MB stored; 2.3 s; peak memory 644 MiB.
2026-10-09T12:55:19Z INFO [766/1000] 3bbaa169-a005-48b3-9f4e-fee305f4c59a: 117 arrays, 0.4 MB stored; 2.0 s; peak memory 644 MiB.
2026-10-09T12:55:19Z INFO [767/1000] 3bbad840-9b41-4c59-8590-362fff0dfcb2: 48 arrays, 83.9 MB stored; 1.7 s; peak memory 644 MiB.
2026-10-09T12:55:20Z INFO [768/1000] 3bbb1983-55e3-49cb-98e9-f70331d49e86: 92 arrays, 9.1 MB stored; 1.7 s; peak memory 644 MiB.
2026-10-09T12:55:22Z INFO [769/1000] 3bbb30a1-61e9-40fb-884c-d6660b0b744a: 112 arrays, 0.6 MB stored; 2.2 s; peak memory 644 MiB.
2026-10-09T12:55:23Z INFO [770/1000] 3bbb2f7c-50dd-4819-97d2-da65e71eeee6: 115 arrays, 190.2 MB stored; 4.0 s; peak memory 644 MiB.
2026-10-09T12:55:24Z INFO [771/1000] 3b9e681d-115c-4e2d-9a66-dd1c6b0cc859: 394 arrays, 19747.4 MB stored; 148.2 s; peak memory 644 MiB.
2026-10-09T12:55:25Z INFO [772/1000] 3bbb3ffe-1ab9-436c-92e9-2792fc814b53: 118 arrays, 0.6 MB stored; 2.4 s; peak memory 644 MiB.
2026-10-09T12:55:25Z INFO [773/1000] 3bbb7f62-160d-47a6-8f47-100abc6b71e7: 112 arrays, 0.9 MB stored; 2.3 s; peak memory 644 MiB.
2026-10-09T12:55:26Z INFO [774/1000] 3bbc1b0e-0dfd-415d-bed5-0ffd963b49be: 66 arrays, 46.8 MB stored; 2.3 s; peak memory 644 MiB.
2026-10-09T12:55:28Z INFO [775/1000] 3bbda189-6699-47f5-9561-2d6edb1eee81: 52 arrays, 20.7 MB stored; 1.8 s; peak memory 644 MiB.
2026-10-09T12:55:28Z INFO [776/1000] 3bbc2d12-66e4-491d-be1d-16af106d3ad7: 71 arrays, 132.1 MB stored; 3.0 s; peak memory 644 MiB.
2026-10-09T12:55:29Z INFO [777/1000] 3bbc52ae-8090-46a8-8c2f-9a431888dcab: 98 arrays, 1295.3 MB stored; 4.5 s; peak memory 644 MiB.
2026-10-09T12:55:30Z INFO [778/1000] 3bbe0526-426d-44d7-a62f-d2d2bcded68c: 48 arrays, 83.9 MB stored; 1.8 s; peak memory 644 MiB.
2026-10-09T12:55:30Z INFO [779/1000] 3bbf3787-36f1-4df7-a547-319abd4b32f8: 117 arrays, 0.3 MB stored; 1.9 s; peak memory 644 MiB.
2026-10-09T12:55:31Z INFO [780/1000] 3bbff63e-4958-4034-bdde-f4248ef839cc: 56 arrays, 0.0 MB stored; 1.6 s; peak memory 644 MiB.
2026-10-09T12:55:31Z INFO [781/1000] 3bc01caa-e70e-440e-8ff1-95b61b62644c: 52 arrays, 0.0 MB stored; 1.5 s; peak memory 644 MiB.
2026-10-09T12:55:31Z INFO [782/1000] 3bc15274-0c37-4c1d-8d4a-06ba7630599b: 37 arrays, 0.0 MB stored; 1.4 s; peak memory 644 MiB.
2026-10-09T12:55:33Z INFO [783/1000] 3bc197ee-b334-48cc-938d-1dcf81aeec63: 41 arrays, 15.5 MB stored; 1.6 s; peak memory 644 MiB.
2026-10-09T12:55:33Z INFO [784/1000] 3bc22753-acbb-4349-bab1-bd7e5283d844: 48 arrays, 83.9 MB stored; 1.8 s; peak memory 644 MiB.
2026-10-09T12:55:34Z INFO [785/1000] 3bc24022-c1ea-4606-831e-114418bdf6b8: 112 arrays, 0.9 MB stored; 2.5 s; peak memory 644 MiB.
2026-10-09T12:55:34Z INFO [786/1000] 3bc29bb9-3fe4-49fd-b4b3-272827c8a3c9: 46 arrays, 5.1 MB stored; 1.6 s; peak memory 644 MiB.
2026-10-09T12:55:35Z INFO [787/1000] 3bc26b4d-680c-4944-b3b5-4fbcdd86d721: 112 arrays, 0.8 MB stored; 2.2 s; peak memory 644 MiB.
2026-10-09T12:55:36Z INFO [788/1000] 3bc2e0eb-71fe-49ab-a7f5-4fc65d72b451: 275 arrays, 17.1 MB stored; 2.5 s; peak memory 644 MiB.
2026-10-09T12:55:37Z INFO [789/1000] 3bc3bfa7-a723-43d0-84c8-576b165cf4d4: 118 arrays, 0.4 MB stored; 2.0 s; peak memory 644 MiB.
2026-10-09T12:55:38Z INFO [790/1000] 3bc53df7-be38-4fc6-a7ff-520bf5c3bfae: 48 arrays, 83.9 MB stored; 1.6 s; peak memory 644 MiB.
2026-10-09T12:55:40Z INFO [791/1000] 3bc52dcb-ff3f-4083-9e27-36cc15c872b2: 115 arrays, 190.1 MB stored; 3.6 s; peak memory 644 MiB.
2026-10-09T12:55:40Z INFO [792/1000] 3bc560b8-9d2a-4a50-9f3f-e3c87b1ea044: 48 arrays, 83.9 MB stored; 1.7 s; peak memory 644 MiB.
2026-10-09T12:55:42Z INFO [793/1000] 3bc7bf53-c042-4b56-820d-3f4e45b3ec37: 117 arrays, 0.3 MB stored; 2.0 s; peak memory 644 MiB.
2026-10-09T12:55:42Z INFO [794/1000] 3bc80941-3578-4d45-a6b5-f737a43a2070: 118 arrays, 1.0 MB stored; 2.3 s; peak memory 644 MiB.
2026-10-09T12:55:44Z INFO [795/1000] 3bca6f7e-5f03-43e5-8714-470029fb9a3d: 41 arrays, 8.4 MB stored; 1.6 s; peak memory 644 MiB.
2026-10-09T12:55:44Z INFO [796/1000] 3bc8d0fe-da7a-4932-ae65-b8f87c5542b1: 275 arrays, 17.2 MB stored; 2.4 s; peak memory 644 MiB.
2026-10-09T12:55:46Z INFO [797/1000] 3bcae614-0031-4998-a4a5-a8530a469277: 49 arrays, 2.2 MB stored; 1.7 s; peak memory 644 MiB.
2026-10-09T12:55:46Z INFO [798/1000] 3bcb0c09-d9c5-4dc7-9094-3d730565d909: 114 arrays, 0.2 MB stored; 1.8 s; peak memory 644 MiB.
2026-10-09T12:55:47Z INFO [799/1000] 3bcb9a16-5ef0-46bd-a81b-1bfa734c3fed: 56 arrays, 0.0 MB stored; 1.4 s; peak memory 644 MiB.
2026-10-09T12:55:48Z INFO [800/1000] 3bc33952-596c-428b-b5fa-a5d26fae2abe: 638 arrays, 21.6 MB stored; 13.5 s; peak memory 644 MiB.
2026-10-09T12:55:49Z INFO [800/1000] 3bc33952-596c-428b-b5fa-a5d26fae2abe: checkpointed 800 new records.
2026-10-09T12:55:49Z INFO [801/1000] 3bcbd62c-1552-451e-bab1-481cae9677e7: 117 arrays, 0.6 MB stored; 2.1 s; peak memory 644 MiB.
2026-10-09T12:55:49Z INFO [802/1000] 3bcdf5b6-365d-4f86-ac72-1da648201458: 46 arrays, 0.1 MB stored; 1.4 s; peak memory 644 MiB.
2026-10-09T12:55:51Z INFO [803/1000] 3bac7387-94de-470f-9f42-c33923b0a7ac: 121 arrays, 106571.3 MB stored; 94.5 s; peak memory 644 MiB.
2026-10-09T12:55:51Z INFO [804/1000] 3bcf8112-3509-41c4-bc12-f8ccf0f18cdf: 112 arrays, 0.6 MB stored; 2.0 s; peak memory 644 MiB.
2026-10-09T12:55:52Z INFO [805/1000] 3ba359ce-d427-4545-aa5b-68e05cc70f3e: 432 arrays, 19700.7 MB stored; 153.7 s; peak memory 644 MiB.
2026-10-09T12:55:53Z INFO [806/1000] 3bd07847-462d-4b09-b1c5-62c914369068: 117 arrays, 0.3 MB stored; 1.9 s; peak memory 644 MiB.
2026-10-09T12:55:55Z INFO [807/1000] 3bd03f45-f527-4ae9-9cb3-1839fa5cf8c8: 138 arrays, 4.8 MB stored; 4.0 s; peak memory 644 MiB.
2026-10-09T12:55:57Z INFO [808/1000] 3bd1f11d-a4e0-4715-86e1-615dce998880: 112 arrays, 0.4 MB stored; 2.0 s; peak memory 644 MiB.
2026-10-09T12:55:58Z INFO [809/1000] 3bcf6727-92c3-4987-925a-99bf757f10e1: 734 arrays, 12.1 MB stored; 9.7 s; peak memory 644 MiB.
2026-10-09T12:55:59Z INFO [810/1000] 3bd22f60-af6c-485e-a8bd-bf993660b8aa: 117 arrays, 0.5 MB stored; 2.0 s; peak memory 644 MiB.
2026-10-09T12:55:59Z INFO [811/1000] 3bd29589-d3b1-4b0a-8f6d-d6ae76d7e2bd: 48 arrays, 83.9 MB stored; 1.7 s; peak memory 644 MiB.
2026-10-09T12:56:00Z INFO [812/1000] 3bd18618-0157-4f1b-a2e1-94cef6e20453: 54 arrays, 591.6 MB stored; 7.1 s; peak memory 644 MiB.
2026-10-09T12:56:01Z INFO [813/1000] 3bd2e521-c939-4547-9625-492ed059c3d4: 48 arrays, 83.9 MB stored; 1.8 s; peak memory 644 MiB.
2026-10-09T12:56:02Z INFO [814/1000] 3bd2f1c9-040a-46a1-90f1-3f5fce9cf5dc: 45 arrays, 634.2 MB stored; 2.5 s; peak memory 644 MiB.
2026-10-09T12:56:02Z INFO [815/1000] 3bd30d37-a4d3-4202-8f8e-92fdd958502b: 52 arrays, 16.8 MB stored; 1.8 s; peak memory 644 MiB.
2026-10-09T12:56:04Z INFO [816/1000] 3bd4ddaa-d703-4477-99c2-20a6c1d32331: 49 arrays, 25.5 MB stored; 2.1 s; peak memory 644 MiB.
2026-10-09T12:56:05Z INFO [817/1000] 3bd3fc5a-7d9f-44fc-9784-ac2726877e20: 156 arrays, 193.4 MB stored; 4.2 s; peak memory 644 MiB.
2026-10-09T12:56:06Z INFO [818/1000] 3bd5868a-578f-498b-a0da-5a608fc43883: 56 arrays, 0.0 MB stored; 1.5 s; peak memory 644 MiB.
2026-10-09T12:56:06Z INFO [819/1000] 3bd57593-24e0-4d4c-8ee3-eb68fc6bcec4: 80 arrays, 168.6 MB stored; 3.8 s; peak memory 644 MiB.
2026-10-09T12:56:08Z INFO [820/1000] 3bd6a08a-40bb-4f86-bca3-c73128de32a8: 48 arrays, 83.9 MB stored; 1.7 s; peak memory 644 MiB.
2026-10-09T12:56:08Z INFO [821/1000] 3bd647a6-e424-48bf-8d92-dd2d35954002: 71 arrays, 4.8 MB stored; 2.8 s; peak memory 644 MiB.
2026-10-09T12:56:10Z INFO [822/1000] 3bd7757f-91be-4ac0-8198-c5794de5be96: 116 arrays, 0.2 MB stored; 1.8 s; peak memory 644 MiB.
2026-10-09T12:56:11Z INFO [823/1000] 3bd6b77e-d7fa-4f47-95e2-b22c69bf1e95: 38 arrays, 36.3 MB stored; 3.1 s; peak memory 644 MiB.
2026-10-09T12:56:12Z INFO [824/1000] 3bd79284-1445-4127-bc54-0dffdffeefb0: 66 arrays, 113.9 MB stored; 2.2 s; peak memory 644 MiB.
2026-10-09T12:56:13Z INFO [825/1000] 3bd7b038-ec2e-4f92-97c7-57bbd1945f22: 48 arrays, 83.9 MB stored; 1.7 s; peak memory 644 MiB.
2026-10-09T12:56:16Z INFO [826/1000] 3bd7c317-7e0d-4808-b618-50baa8dcf0e7: 115 arrays, 190.1 MB stored; 3.7 s; peak memory 644 MiB.
2026-10-09T12:56:16Z INFO [827/1000] 3bd7e881-9da6-47dd-82d3-83a4f2754a92: 115 arrays, 186.8 MB stored; 3.8 s; peak memory 644 MiB.
2026-10-09T12:56:18Z INFO [828/1000] 3bd88422-0cd9-462e-8cd2-63873bd6e6f0: 48 arrays, 83.9 MB stored; 1.6 s; peak memory 644 MiB.
2026-10-09T12:56:18Z INFO [829/1000] 3bd84308-3bd9-49c7-a51c-bf5c03d2cc0b: 116 arrays, 0.4 MB stored; 2.0 s; peak memory 644 MiB.
2026-10-09T12:56:20Z INFO [830/1000] 3bdb5ed5-6d57-4873-81fe-b0798e95e775: 46 arrays, 12.6 MB stored; 1.8 s; peak memory 644 MiB.
2026-10-09T12:56:21Z INFO [831/1000] 3bdaea73-635b-4680-94ad-3b5f1348c2be: 112 arrays, 1.0 MB stored; 2.7 s; peak memory 644 MiB.
2026-10-09T12:56:24Z INFO [832/1000] 3bd60cf2-e982-448c-8c15-54311165ed5e: 428 arrays, 1557.4 MB stored; 19.2 s; peak memory 644 MiB.
2026-10-09T12:56:26Z INFO [833/1000] 3bdc67a3-b19b-47e7-991d-793fb022dfe5: 84 arrays, 0.4 MB stored; 2.1 s; peak memory 644 MiB.
2026-10-09T12:56:28Z INFO [834/1000] 3bdccfc6-6ab0-41d2-8e82-22319f63f4fc: 117 arrays, 0.4 MB stored; 2.2 s; peak memory 644 MiB.
2026-10-09T12:56:29Z INFO [835/1000] 3bdc4f28-f446-418b-bc83-18f395607b15: 538 arrays, 8.2 MB stored; 8.2 s; peak memory 644 MiB.
2026-10-09T12:56:30Z INFO [836/1000] 3bdd1549-6dde-4bab-a74d-551b987aa421: 48 arrays, 83.9 MB stored; 1.6 s; peak memory 644 MiB.
2026-10-09T12:56:32Z INFO [837/1000] 3bde2793-775f-41b6-a06e-5e29bcbcd2d8: 48 arrays, 83.9 MB stored; 1.6 s; peak memory 644 MiB.
2026-10-09T12:56:33Z INFO [838/1000] 3bde9e02-fa19-4d4e-ab2d-4b4502217e4c: 112 arrays, 0.2 MB stored; 1.9 s; peak memory 644 MiB.
2026-10-09T12:56:35Z INFO [839/1000] 3bde9ecd-5462-4af8-9316-0204daa6f7eb: 42 arrays, 12.4 MB stored; 1.6 s; peak memory 644 MiB.
2026-10-09T12:56:37Z INFO [840/1000] 3bdeb0ea-75a8-423e-afb1-8c946a28417f: 112 arrays, 0.1 MB stored; 1.6 s; peak memory 644 MiB.
2026-10-09T12:56:38Z INFO [841/1000] 3bdd7b0a-2fc5-44dc-8328-40291af81a6d: 659 arrays, 15.6 MB stored; 9.3 s; peak memory 644 MiB.
2026-10-09T12:56:39Z INFO [842/1000] 3bded149-18eb-4733-a7f2-b925f28dbec0: 118 arrays, 0.3 MB stored; 1.9 s; peak memory 644 MiB.
2026-10-09T12:56:41Z INFO [843/1000] 3bdf409a-55f5-45f4-8925-dbefe02231e0: 70 arrays, 13.5 MB stored; 2.5 s; peak memory 644 MiB.
2026-10-09T12:56:41Z INFO [844/1000] 3bdfa1c4-96c9-45d7-a5fb-73dc45382f13: 117 arrays, 0.5 MB stored; 2.0 s; peak memory 644 MiB.
2026-10-09T12:56:43Z INFO [845/1000] 3be172db-42b8-4669-9355-dfc5575a4946: 62 arrays, 4490.8 MB stored; 2.4 s; peak memory 644 MiB.
2026-10-09T12:56:44Z INFO [846/1000] 3be1468f-4ed7-4468-8a57-6590d57343d9: 115 arrays, 190.1 MB stored; 3.4 s; peak memory 644 MiB.
2026-10-09T12:56:45Z INFO [847/1000] 3be18e3b-a3f7-4ec3-84e2-148a12f3490e: 48 arrays, 83.9 MB stored; 1.7 s; peak memory 644 MiB.
2026-10-09T12:56:46Z INFO [848/1000] 3be1b135-8c6f-42a7-a106-cea800f7ae67: 46 arrays, 294.1 MB stored; 2.1 s; peak memory 644 MiB.
2026-10-09T12:56:46Z INFO [849/1000] 3be261a8-6bb1-492b-a131-fb49abb1c1cf: 48 arrays, 83.9 MB stored; 1.7 s; peak memory 644 MiB.
2026-10-09T12:56:47Z INFO [850/1000] 3bdbda01-6537-406d-ada2-90fdc1a7f8c5: 48 arrays, 39373.0 MB stored; 26.8 s; peak memory 644 MiB.
2026-10-09T12:56:48Z INFO [851/1000] 3be2c99c-5421-49d4-9bbd-a81c00c675da: 112 arrays, 0.3 MB stored; 1.9 s; peak memory 644 MiB.
2026-10-09T12:56:50Z INFO [852/1000] 3be324f1-28d0-4de1-ba05-e417342341cf: 118 arrays, 0.5 MB stored; 1.9 s; peak memory 644 MiB.
2026-10-09T12:56:52Z INFO [853/1000] 3be36e6b-8adf-4163-896c-6b4006d606d9: 112 arrays, 0.4 MB stored; 1.9 s; peak memory 644 MiB.
2026-10-09T12:56:53Z INFO [854/1000] 3baf2a89-88bf-412a-8f4b-2c140351735e: 99 arrays, 3145.1 MB stored; 153.1 s; peak memory 644 MiB.
2026-10-09T12:56:54Z INFO [855/1000] 3be3ab95-87cc-4a4a-b174-c2f2750e40da: 48 arrays, 83.9 MB stored; 1.7 s; peak memory 644 MiB.
2026-10-09T12:56:58Z INFO [856/1000] 3be40f80-3653-4f07-b4cf-0000bb6b4209: 156 arrays, 193.5 MB stored; 4.2 s; peak memory 644 MiB.
2026-10-09T12:57:00Z INFO [857/1000] 3be46ae6-e9d0-498d-ac1f-eb49114cac35: 48 arrays, 83.9 MB stored; 1.8 s; peak memory 644 MiB.
2026-10-09T12:57:02Z INFO [858/1000] 3be49520-2de7-4e5b-a828-a08471d6beef: 112 arrays, 0.9 MB stored; 2.5 s; peak memory 644 MiB.
2026-10-09T12:57:04Z INFO [859/1000] 3be405c8-a620-4eeb-a73e-aed968265431: 877 arrays, 14.4 MB stored; 11.1 s; peak memory 644 MiB.
2026-10-09T12:57:05Z INFO [860/1000] 3be5106a-30b8-4b93-9bdc-8a5c14d40d82: 68 arrays, 2.3 MB stored; 2.0 s; peak memory 644 MiB.
2026-10-09T12:57:06Z INFO [861/1000] 3be515d6-d2d1-49aa-ae2a-1b9585c19732: 124 arrays, 0.3 MB stored; 2.1 s; peak memory 644 MiB.
2026-10-09T12:57:07Z INFO [862/1000] 3be26ecb-c427-48ef-8b35-ac7acb139278: 38 arrays, 881.8 MB stored; 20.7 s; peak memory 644 MiB.
2026-10-09T12:57:08Z INFO [863/1000] 3be56602-4086-4b4a-a458-8d8271f0ac09: 46 arrays, 0.0 MB stored; 1.4 s; peak memory 644 MiB.
2026-10-09T12:57:09Z INFO [864/1000] 3be51eb9-9680-4ac5-8eb7-305139056aa1: 156 arrays, 193.4 MB stored; 4.5 s; peak memory 644 MiB.
2026-10-09T12:57:10Z INFO [865/1000] 3be5ea09-734f-4ad3-8e54-c5f5601d6aea: 51 arrays, 1798.9 MB stored; 2.2 s; peak memory 644 MiB.
2026-10-09T12:57:16Z INFO [866/1000] 3be62b54-d45c-4121-a31c-c9ebaac8829d: 85 arrays, 4620.1 MB stored; 6.6 s; peak memory 644 MiB.
2026-10-09T12:57:24Z INFO [867/1000] 3bcdbe60-33fb-4f82-9d8b-158816a0e72c: 58 arrays, 6789.9 MB stored; 97.4 s; peak memory 644 MiB.
2026-10-09T12:57:28Z INFO [868/1000] 3be672d7-42d1-41dc-9ef5-5aa47f36c306: 114 arrays, 186.8 MB stored; 3.6 s; peak memory 644 MiB.
2026-10-09T12:57:29Z INFO [869/1000] 3be638c0-24b2-480f-8f83-7517e7de9b9b: 267 arrays, 1721.9 MB stored; 18.9 s; peak memory 644 MiB.
2026-10-09T12:57:30Z INFO [870/1000] 3be64d4d-1a72-4e35-82c1-facb0c3f36ee: 872 arrays, 21.9 MB stored; 14.0 s; peak memory 644 MiB.
2026-10-09T12:57:31Z INFO [871/1000] 3be85c13-7557-4d32-a198-2298d215b386: 48 arrays, 83.9 MB stored; 1.7 s; peak memory 644 MiB.
2026-10-09T12:57:32Z INFO [872/1000] 3be73893-d864-4df6-9ea9-9070d2ce57bc: 62 arrays, 381.6 MB stored; 4.5 s; peak memory 644 MiB.
2026-10-09T12:57:33Z INFO [873/1000] 3be8012b-cebb-482a-8b8b-580748ab4a8c: 309 arrays, 2.7 MB stored; 4.4 s; peak memory 644 MiB.
2026-10-09T12:57:35Z INFO [874/1000] 3be9358d-9086-4bdb-9000-1310138ada63: 48 arrays, 83.9 MB stored; 1.7 s; peak memory 644 MiB.
2026-10-09T12:57:37Z INFO [875/1000] 3be975b2-f586-4075-8a4f-897ef7e969b8: 48 arrays, 83.9 MB stored; 1.7 s; peak memory 644 MiB.
2026-10-09T12:57:39Z INFO [876/1000] 3bea3bf4-15f6-494c-a018-586ecaed3ea5: 112 arrays, 0.4 MB stored; 2.0 s; peak memory 644 MiB.
2026-10-09T12:57:40Z INFO [877/1000] 3beae598-f3ab-4d02-b850-5f897dc531be: 48 arrays, 83.9 MB stored; 1.8 s; peak memory 644 MiB.
2026-10-09T12:57:42Z INFO [878/1000] 3bebae7d-0714-4b40-bcfa-810cc96fa762: 52 arrays, 12.3 MB stored; 2.1 s; peak memory 644 MiB.
2026-10-09T12:57:44Z INFO [879/1000] 3bebf1fa-15c5-45c6-aea6-85618fda84e0: 69 arrays, 0.0 MB stored; 1.7 s; peak memory 644 MiB.
2026-10-09T12:57:46Z INFO [880/1000] 3bec704c-ceea-4d04-8c82-b81668e9b6ff: 48 arrays, 83.9 MB stored; 1.6 s; peak memory 644 MiB.
2026-10-09T12:57:47Z INFO [881/1000] 3be91e46-037f-4f69-b5cf-fbd482cb459a: 1148 arrays, 41.5 MB stored; 14.7 s; peak memory 644 MiB.
2026-10-09T12:57:47Z INFO [882/1000] 3be90cde-0e4e-405c-9ada-42031b6fdbb9: 797 arrays, 19.9 MB stored; 16.1 s; peak memory 644 MiB.
2026-10-09T12:57:48Z INFO [883/1000] 3becb47e-4c9b-4443-b77c-caf56d0ddb5b: 117 arrays, 0.4 MB stored; 2.1 s; peak memory 644 MiB.
2026-10-09T12:57:49Z INFO [884/1000] 3bed5e5a-acfc-423d-ba90-30c8b9e2be2f: 48 arrays, 83.9 MB stored; 1.6 s; peak memory 644 MiB.
2026-10-09T12:57:49Z INFO [885/1000] 3bed772d-0476-455b-8af8-c0e5b19625a9: 90 arrays, 0.0 MB stored; 1.6 s; peak memory 644 MiB.
2026-10-09T12:57:51Z INFO [886/1000] 3bed9e31-574e-45ff-a6eb-67cabccbf12c: 63 arrays, 0.1 MB stored; 1.6 s; peak memory 644 MiB.
2026-10-09T12:57:51Z INFO [887/1000] 3bed5045-233e-4502-bfba-f5ecf3917477: 156 arrays, 193.4 MB stored; 4.1 s; peak memory 644 MiB.
2026-10-09T12:57:52Z INFO [888/1000] 3bedf1b5-ff06-4c14-a273-81a06c854a8f: 112 arrays, 0.8 MB stored; 2.4 s; peak memory 644 MiB.
2026-10-09T12:57:52Z INFO [889/1000] 3bedf5a2-eb40-4fbf-be80-f71da68dfd73: 48 arrays, 83.9 MB stored; 1.7 s; peak memory 644 MiB.
2026-10-09T12:57:53Z INFO [890/1000] 3bee2521-d803-4b23-a96c-c1ec43e6fb4a: 48 arrays, 83.9 MB stored; 1.7 s; peak memory 644 MiB.
2026-10-09T12:57:54Z INFO [891/1000] 3bef2535-71d2-4cee-b90d-53ab452cccb9: 48 arrays, 251.7 MB stored; 1.8 s; peak memory 644 MiB.
2026-10-09T12:57:54Z INFO [892/1000] 3bef86ac-cc32-4f25-8d3f-724e06d7cfa5: 118 arrays, 0.3 MB stored; 2.0 s; peak memory 644 MiB.
2026-10-09T12:57:55Z INFO [893/1000] 3bf101f6-be80-4340-8a12-ac36d7668390: 52 arrays, 12.3 MB stored; 1.8 s; peak memory 644 MiB.
2026-10-09T12:57:55Z INFO [894/1000] 3bf18214-baf9-4032-8039-b0c27aa40533: 48 arrays, 83.9 MB stored; 1.6 s; peak memory 644 MiB.
2026-10-09T12:57:57Z INFO [895/1000] 3bf24951-c9b6-4ab5-b01a-cfec7cc53a68: 65 arrays, 6.0 MB stored; 1.6 s; peak memory 644 MiB.
2026-10-09T12:57:59Z INFO [896/1000] 3bf27d5d-54c3-4323-ba90-762c7c0b9bbc: 112 arrays, 0.7 MB stored; 2.3 s; peak memory 644 MiB.
2026-10-09T12:58:01Z INFO [897/1000] 3bf2bfe0-cd94-4e22-ad48-f7e2feef1da7: 118 arrays, 0.5 MB stored; 2.1 s; peak memory 644 MiB.
2026-10-09T12:58:03Z INFO [898/1000] 3bf2efe7-a36c-4cc2-af87-df106e627028: 48 arrays, 83.9 MB stored; 1.7 s; peak memory 644 MiB.
2026-10-09T12:58:04Z INFO [899/1000] 3bf23ff3-f795-4a19-8b9f-ad1b4f5dc7f0: 49 arrays, 48.3 MB stored; 9.4 s; peak memory 644 MiB.
2026-10-09T12:58:07Z INFO [900/1000] 3bf42a26-a0ee-480a-937f-a6669e095691: 115 arrays, 190.1 MB stored; 3.5 s; peak memory 644 MiB.
2026-10-09T12:58:08Z INFO [901/1000] 3bf1d184-32a7-4b87-a709-9d0661514890: 690 arrays, 22.0 MB stored; 13.7 s; peak memory 644 MiB.
2026-10-09T12:58:08Z INFO [902/1000] 3bf4d394-ae94-4780-bb2d-500f4d5bed9c: 115 arrays, 186.8 MB stored; 3.9 s; peak memory 644 MiB.
2026-10-09T12:58:09Z INFO [903/1000] 3bf507b0-fabf-40c0-b6b6-caff96c1924b: 110 arrays, 0.8 MB stored; 2.4 s; peak memory 644 MiB.
2026-10-09T12:58:10Z INFO [904/1000] 3bf59078-d69e-4cbf-ae93-95e5983aaed5: 48 arrays, 83.9 MB stored; 1.7 s; peak memory 644 MiB.
2026-10-09T12:58:11Z INFO [905/1000] 3bf59e5d-7ffe-4600-9bb0-6f3ce637ca12: 118 arrays, 0.6 MB stored; 2.1 s; peak memory 644 MiB.
2026-10-09T12:58:12Z INFO [906/1000] 3bf5ad60-d8f3-4074-baaf-6d5a3f834a3d: 52 arrays, 11.5 MB stored; 1.9 s; peak memory 644 MiB.
2026-10-09T12:58:12Z INFO [907/1000] 3bf53def-7a7e-48e0-a495-c0104f83bbbe: 85 arrays, 977.4 MB stored; 4.1 s; peak memory 644 MiB.
2026-10-09T12:58:14Z INFO [908/1000] 3bf692e9-3c43-47e3-8e8f-e5a03b7cf716: 65 arrays, 0.0 MB stored; 2.0 s; peak memory 644 MiB.
2026-10-09T12:58:14Z INFO [909/1000] 3bf6d5f1-2a75-4268-887b-5b6e2b7e08bb: 39 arrays, 1.5 MB stored; 1.8 s; peak memory 644 MiB.
2026-10-09T12:58:15Z INFO [910/1000] 3bf65178-0c97-4cfa-91d4-fa29cda0b517: 115 arrays, 190.1 MB stored; 3.5 s; peak memory 644 MiB.
2026-10-09T12:58:15Z INFO [911/1000] 3bf75d35-8fb2-429e-99db-a55cb599830e: 46 arrays, 0.1 MB stored; 1.5 s; peak memory 644 MiB.
2026-10-09T12:58:16Z INFO [912/1000] 3bf80307-3791-4f63-9994-e07bf56dc77d: 71 arrays, 3.3 MB stored; 2.1 s; peak memory 644 MiB.
2026-10-09T12:58:16Z INFO [913/1000] 3bf8f656-8fae-4166-a57f-940e43eec587: 63 arrays, 0.1 MB stored; 1.8 s; peak memory 644 MiB.
2026-10-09T12:58:18Z INFO [914/1000] 3bf94b7a-82b4-4f85-abe8-cc6fd4886546: 118 arrays, 51.1 MB stored; 3.3 s; peak memory 644 MiB.
2026-10-09T12:58:21Z INFO [915/1000] 3bfa378e-bced-47c7-8588-ec5fd3950769: 38 arrays, 25.3 MB stored; 2.9 s; peak memory 644 MiB.
2026-10-09T12:58:21Z INFO [916/1000] 3bd1179c-a3a5-4c17-8ba3-b5185d67e68f: 413 arrays, 19747.0 MB stored; 149.9 s; peak memory 644 MiB.
2026-10-09T12:58:24Z INFO [917/1000] 3bfa5aeb-0ee6-456e-b61d-f87afaa69336: 118 arrays, 0.2 MB stored; 2.1 s; peak memory 644 MiB.
2026-10-09T12:58:24Z INFO [918/1000] 3bfa5067-1481-4140-8fb4-5ed78fa2ac72: 112 arrays, 0.6 MB stored; 2.4 s; peak memory 644 MiB.
2026-10-09T12:58:24Z INFO [919/1000] 3bf991db-a577-4ffc-b760-c3f06a287c8b: 196 arrays, 565.7 MB stored; 7.4 s; peak memory 644 MiB.
2026-10-09T12:58:26Z INFO [920/1000] 3bfa7b8a-a91b-4e46-885c-cc2f5ed2c69b: 74 arrays, 2.6 MB stored; 2.0 s; peak memory 644 MiB.
2026-10-09T12:58:26Z INFO [921/1000] 3bfa8d39-1786-4ce1-842a-920c2f3aa850: 117 arrays, 0.4 MB stored; 2.2 s; peak memory 644 MiB.
2026-10-09T12:58:28Z INFO [922/1000] 3bfb15e3-eb6f-4bd7-9ab3-056830dcae85: 112 arrays, 0.5 MB stored; 2.4 s; peak memory 644 MiB.
2026-10-09T12:58:28Z INFO [923/1000] 3bfa61af-2297-4966-9578-a50ab6ba0dd9: 156 arrays, 193.5 MB stored; 4.6 s; peak memory 644 MiB.
2026-10-09T12:58:28Z INFO [924/1000] 3bf95fc9-9bf8-456e-ba05-32c76f15fcaf: 1530 arrays, 39.2 MB stored; 12.4 s; peak memory 644 MiB.
2026-10-09T12:58:30Z INFO [925/1000] 3bfd0225-6d66-4004-843d-18c4a6db7a28: 54 arrays, 0.0 MB stored; 1.5 s; peak memory 644 MiB.
2026-10-09T12:58:30Z INFO [926/1000] 3bfb7ad6-70a6-4931-b1eb-3f6967096765: 80 arrays, 1116.0 MB stored; 3.7 s; peak memory 644 MiB.
2026-10-09T12:58:30Z INFO [927/1000] 3bfe0d0b-60dd-4a87-9942-a933c509e531: 85 arrays, 1.3 MB stored; 1.9 s; peak memory 644 MiB.
2026-10-09T12:58:31Z INFO [928/1000] 3bfe6476-9d0b-4105-a4b0-2d850d8939c3: 49 arrays, 0.0 MB stored; 1.5 s; peak memory 644 MiB.
2026-10-09T12:58:32Z INFO [929/1000] 3bff7b0c-08b6-48ef-a0ba-99cfc57cd6e4: 42 arrays, 58.1 MB stored; 1.6 s; peak memory 644 MiB.
2026-10-09T12:58:33Z INFO [930/1000] 3bff8e28-354c-4015-b9c9-4800a3c770cf: 56 arrays, 0.0 MB stored; 1.4 s; peak memory 644 MiB.
2026-10-09T12:58:34Z INFO [931/1000] 3bffbf58-1a73-467f-8d10-2651e657306e: 33 arrays, 321.4 MB stored; 2.1 s; peak memory 644 MiB.
2026-10-09T12:58:36Z INFO [932/1000] 3c00c222-f174-41df-a75e-63789232e4cc: 117 arrays, 0.3 MB stored; 1.9 s; peak memory 644 MiB.
2026-10-09T12:58:39Z INFO [933/1000] 3c00c9cf-0e9b-4046-9170-963fd8ae1b54: 81 arrays, 11.8 MB stored; 2.7 s; peak memory 644 MiB.
2026-10-09T12:58:40Z INFO [934/1000] 3c002489-5f45-45a1-a3c4-20b0f5e405a0: 2123 arrays, 9.2 MB stored; 7.3 s; peak memory 644 MiB.
2026-10-09T12:58:40Z INFO [935/1000] 3c012abc-b414-4f5a-8613-0c5599cf7466: 48 arrays, 83.9 MB stored; 1.7 s; peak memory 644 MiB.
2026-10-09T12:58:42Z INFO [936/1000] 3bfd5b0d-6df3-4ef8-81fe-9b9082d1529e: 1060 arrays, 35.5 MB stored; 13.4 s; peak memory 644 MiB.
2026-10-09T12:58:42Z INFO [937/1000] 3c01afa8-33a2-465a-8d11-3bfe0d0d17e4: 48 arrays, 83.9 MB stored; 1.6 s; peak memory 644 MiB.
2026-10-09T12:58:42Z INFO [938/1000] 3c01dc2d-c28f-441c-aa34-704a5a4edb61: 46 arrays, 0.0 MB stored; 1.4 s; peak memory 644 MiB.
2026-10-09T12:58:42Z INFO [939/1000] 3bfe112a-a5bb-45a2-9cfc-7cdd41789a97: 107 arrays, 77.4 MB stored; 12.9 s; peak memory 644 MiB.
2026-10-09T12:58:44Z INFO [940/1000] 3c041459-bcad-439a-b352-ef566aa4194e: 112 arrays, 0.7 MB stored; 2.4 s; peak memory 644 MiB.
2026-10-09T12:58:44Z INFO [941/1000] 3c032115-edad-4ff4-be37-38a2aaefe5ea: 110 arrays, 1.3 MB stored; 2.8 s; peak memory 644 MiB.
2026-10-09T12:58:45Z INFO [942/1000] 3c059439-4ad9-4eee-8af8-b79614b94e56: 112 arrays, 0.5 MB stored; 2.3 s; peak memory 644 MiB.
2026-10-09T12:58:45Z INFO [943/1000] 3c039be0-69d8-4fce-b04d-c8a43918f3f1: 38 arrays, 36.3 MB stored; 3.5 s; peak memory 644 MiB.
2026-10-09T12:58:47Z INFO [944/1000] 3c05d716-c50d-4314-90fa-c4279ba25ec5: 92 arrays, 8.3 MB stored; 1.7 s; peak memory 644 MiB.
2026-10-09T12:58:47Z INFO [945/1000] 3c05aa99-2209-4575-8478-0a03e26d4f2b: 110 arrays, 0.6 MB stored; 2.5 s; peak memory 644 MiB.
2026-10-09T12:58:47Z INFO [946/1000] 3c06764e-dc9d-4229-a1b8-5b29e897e3e8: 117 arrays, 0.3 MB stored; 2.0 s; peak memory 644 MiB.
2026-10-09T12:58:48Z INFO [947/1000] 3c075ab5-2891-4e6c-a8b2-5ea772002836: 114 arrays, 0.1 MB stored; 1.8 s; peak memory 644 MiB.
2026-10-09T12:58:49Z INFO [948/1000] 3c07797c-f5a4-42c4-a224-4e7d43544a1c: 111 arrays, 0.0 MB stored; 1.8 s; peak memory 644 MiB.
2026-10-09T12:58:49Z INFO [949/1000] 3c06ebf1-a6a6-407e-bce7-96d3ad460290: 69 arrays, 122.5 MB stored; 2.6 s; peak memory 644 MiB.
2026-10-09T12:58:50Z INFO [950/1000] 3c07fb88-2675-4cc4-9f62-e246f7f88a1c: 33 arrays, 0.0 MB stored; 1.4 s; peak memory 644 MiB.
2026-10-09T12:58:50Z INFO [951/1000] 3c080778-35cd-4cc6-be68-8296885b505f: 45 arrays, 0.0 MB stored; 1.5 s; peak memory 644 MiB.
2026-10-09T12:58:51Z INFO [952/1000] 3c086eea-1c01-4dd0-890b-d86bb4856492: 116 arrays, 0.5 MB stored; 2.1 s; peak memory 644 MiB.
2026-10-09T12:58:52Z INFO [953/1000] 3c08f666-ff56-427c-befa-f1da27dd17f3: 46 arrays, 12.6 MB stored; 1.8 s; peak memory 644 MiB.
2026-10-09T12:58:52Z INFO [954/1000] 3c095623-b2ac-4f64-89bd-b8b6f40bbae5: 117 arrays, 0.4 MB stored; 2.1 s; peak memory 644 MiB.
2026-10-09T12:58:54Z INFO [955/1000] 3c0a2e09-5b31-49da-9f76-83b30a99e3ae: 117 arrays, 0.4 MB stored; 2.0 s; peak memory 644 MiB.
2026-10-09T12:58:55Z INFO [956/1000] 3c0a73f0-4092-4bd3-9906-d4b36503912b: 118 arrays, 0.7 MB stored; 2.1 s; peak memory 644 MiB.
2026-10-09T12:58:56Z INFO [957/1000] 3c0b15f6-afc0-410e-a75b-d362599bc245: 112 arrays, 0.5 MB stored; 2.1 s; peak memory 644 MiB.
2026-10-09T12:58:57Z INFO [958/1000] 3c0b7b7c-2c11-4caf-a7a1-c61c011c1951: 116 arrays, 0.7 MB stored; 2.0 s; peak memory 644 MiB.
2026-10-09T12:58:58Z INFO [959/1000] 3c0ba448-84a3-496e-91f2-54bdce48c427: 69 arrays, 26.0 MB stored; 2.2 s; peak memory 644 MiB.
2026-10-09T12:58:58Z INFO [960/1000] 3c0ba94f-ad62-4370-bdb2-126a20472cfb: 83 arrays, 0.1 MB stored; 1.7 s; peak memory 644 MiB.
2026-10-09T12:59:00Z INFO [961/1000] 3c05cc70-8aa8-453d-86bb-bb9883afc8ce: 1250 arrays, 26.3 MB stored; 15.7 s; peak memory 644 MiB.
2026-10-09T12:59:00Z INFO [962/1000] 3c0c2cb9-5fc1-4c5a-b500-b8b472bebe55: 62 arrays, 2687.8 MB stored; 2.2 s; peak memory 644 MiB.
2026-10-09T12:59:02Z INFO [963/1000] 3c0d00ab-5a29-4117-8fc7-84ad4a0e8299: 118 arrays, 0.5 MB stored; 2.1 s; peak memory 644 MiB.
2026-10-09T12:59:04Z INFO [964/1000] 3c0c70ab-e11c-4e1b-8e3a-2fcbd6c2719c: 502 arrays, 5.3 MB stored; 5.3 s; peak memory 644 MiB.
2026-10-09T12:59:05Z INFO [965/1000] 3c0d3eb3-b245-447a-8efa-a3d4bcc8cdc6: 112 arrays, 0.6 MB stored; 2.2 s; peak memory 644 MiB.
2026-10-09T12:59:05Z INFO [966/1000] 3c0d959b-04bc-4611-8866-5647b141cf06: 48 arrays, 83.9 MB stored; 1.6 s; peak memory 644 MiB.
2026-10-09T12:59:06Z INFO [967/1000] 3c0da625-8158-4ce8-b67e-e59fcbbbe2bf: 42 arrays, 14996.8 MB stored; 1.9 s; peak memory 644 MiB.
2026-10-09T12:59:07Z INFO [968/1000] 3c0daae6-f895-43fc-a14a-8d8817de4ef2: 52 arrays, 13.8 MB stored; 1.8 s; peak memory 644 MiB.
2026-10-09T12:59:08Z INFO [969/1000] 3c0e1323-e2f7-4cdd-9c18-3ab387109006: 69 arrays, 0.0 MB stored; 1.8 s; peak memory 644 MiB.
2026-10-09T12:59:09Z INFO [970/1000] 3c0e6abf-bfa5-453c-86c4-0e94e11712bf: 63 arrays, 0.2 MB stored; 1.8 s; peak memory 644 MiB.
2026-10-09T12:59:10Z INFO [971/1000] 3c0eae57-8271-4f98-a219-dd8b8b7bcc64: 84 arrays, 0.2 MB stored; 1.9 s; peak memory 644 MiB.
2026-10-09T12:59:11Z INFO [972/1000] 3c0f5f91-58e4-468e-bb9c-733c72928558: 101 arrays, 4.6 MB stored; 2.0 s; peak memory 644 MiB.
2026-10-09T12:59:12Z INFO [973/1000] 3c0f8ded-3f47-4d32-ab67-2726b063ec66: 57 arrays, 0.0 MB stored; 1.5 s; peak memory 644 MiB.
2026-10-09T12:59:13Z INFO [974/1000] 3c100394-33af-49fb-a612-0f823295773e: 45 arrays, 7.4 MB stored; 1.9 s; peak memory 644 MiB.
2026-10-09T12:59:13Z INFO [975/1000] 3c107e33-6b93-4521-a7ab-7cd83b94f78e: 48 arrays, 83.9 MB stored; 1.6 s; peak memory 644 MiB.
2026-10-09T12:59:15Z INFO [976/1000] 3c10c854-c8ed-4ba9-8a63-0136891ddc28: 66 arrays, 18.6 MB stored; 2.3 s; peak memory 644 MiB.
2026-10-09T12:59:15Z INFO [977/1000] 3c1170d3-abf5-4f10-b22a-e9bda5be8f4f: 77 arrays, 0.2 MB stored; 2.0 s; peak memory 644 MiB.
2026-10-09T12:59:16Z INFO [978/1000] 3c11b478-50fd-47b5-ab0e-28dede26d5f6: 48 arrays, 83.9 MB stored; 1.6 s; peak memory 644 MiB.
2026-10-09T12:59:20Z INFO [979/1000] 3c127c99-22d5-4f78-b7d0-dabfc8a0b27b: 115 arrays, 190.2 MB stored; 3.5 s; peak memory 644 MiB.
2026-10-09T12:59:25Z INFO [980/1000] 3c12b3ef-909e-49e8-a0ec-c53c78ee4994: 180 arrays, 310.7 MB stored; 4.6 s; peak memory 644 MiB.
2026-10-09T12:59:27Z INFO [981/1000] 3c135b66-c9b9-4e72-b719-baed480526d5: 52 arrays, 19.6 MB stored; 2.1 s; peak memory 644 MiB.
2026-10-09T12:59:28Z INFO [982/1000] 3c11f2ee-7d54-4974-a79a-1fc53b23128b: 1079 arrays, 33.4 MB stored; 12.7 s; peak memory 644 MiB.
2026-10-09T12:59:30Z INFO [983/1000] 3c13ae16-b292-4aa7-be5f-3943e9ce9f63: 47 arrays, 51.0 MB stored; 2.2 s; peak memory 644 MiB.
2026-10-09T12:59:33Z INFO [984/1000] 3c151ad4-d30b-426e-a3a7-e32edfbc9bfd: 155 arrays, 1.1 MB stored; 3.0 s; peak memory 644 MiB.
2026-10-09T12:59:34Z INFO [985/1000] 3c135c7f-b2b7-4a33-aa9d-4ffc237f3b34: 484 arrays, 8.3 MB stored; 6.9 s; peak memory 644 MiB.
2026-10-09T12:59:36Z INFO [986/1000] 3c153a12-556d-4fa4-b8f5-0441a5c0dda7: 66 arrays, 110.4 MB stored; 2.3 s; peak memory 644 MiB.
2026-10-09T12:59:37Z INFO [987/1000] 3c159988-efe9-4b67-8127-135fca6464a2: 46 arrays, 0.3 MB stored; 1.6 s; peak memory 644 MiB.
2026-10-09T12:59:39Z INFO [988/1000] 3c159a2d-cef7-4a91-b934-284c72726c99: 57 arrays, 0.0 MB stored; 1.4 s; peak memory 644 MiB.
2026-10-09T12:59:40Z INFO [989/1000] 3c15307d-75fd-48c6-9d13-3b6c1d8a15b5: 469 arrays, 5.6 MB stored; 6.3 s; peak memory 644 MiB.
2026-10-09T12:59:41Z INFO [990/1000] 3c162c87-41f8-42b5-9d4b-e45cf5b0bf10: 48 arrays, 83.9 MB stored; 1.7 s; peak memory 644 MiB.
2026-10-09T12:59:42Z INFO [991/1000] 3c164fc4-b6bc-421c-baa3-d120f5b1082b: 50 arrays, 4336.2 MB stored; 2.3 s; peak memory 644 MiB.
2026-10-09T12:59:43Z INFO [992/1000] 3c16ec0e-6802-4897-81be-6e67ee1f9b6c: 74 arrays, 3.7 MB stored; 2.2 s; peak memory 644 MiB.
2026-10-09T12:59:44Z INFO [993/1000] 3c171234-4055-4e89-b93b-76623331a519: 117 arrays, 0.4 MB stored; 1.9 s; peak memory 644 MiB.
2026-10-09T12:59:44Z INFO [994/1000] 3c172a84-6ce8-4e89-892b-1857f2164007: 48 arrays, 83.9 MB stored; 1.6 s; peak memory 644 MiB.
2026-10-09T13:00:23Z WARNING 3ae79676-b3c6-4bef-85f8-7526d9a25b78: failed while reading the NWB file (TimeoutError: exceeded 1200 s)
2026-10-09T13:00:23Z WARNING [995/1000] 3ae79676-b3c6-4bef-85f8-7526d9a25b78: recorded the failure; a later run retries it.
2026-10-09T13:01:20Z INFO [996/1000] 3c0a0986-5934-4210-bd71-299a05903d6b: 269 arrays, 20771.1 MB stored; 148.9 s; peak memory 644 MiB.
2026-10-09T13:01:38Z INFO [997/1000] 3c0cc2cf-75c8-4fce-990d-e1034e8bd12f: 394 arrays, 19746.8 MB stored; 157.9 s; peak memory 644 MiB.
2026-10-09T13:02:56Z INFO [998/1000] 3be567c2-d916-4cbd-9919-09f63efefe2f: 283 arrays, 46400.9 MB stored; 349.1 s; peak memory 644 MiB.
2026-10-09T13:08:01Z WARNING 3b53d840-8e3d-4472-8b0b-7fb1a027a128: failed while reading the NWB file (TimeoutError: exceeded 1200 s)
2026-10-09T13:08:01Z WARNING [999/1000] 3b53d840-8e3d-4472-8b0b-7fb1a027a128: recorded the failure; a later run retries it.
2026-10-09T13:16:47Z WARNING 3be2d6bf-e270-4792-ae43-7c0d17780b09: failed while reading the NWB file (TimeoutError: exceeded 1200 s)
2026-10-09T13:16:47Z WARNING [1000/1000] 3be2d6bf-e270-4792-ae43-7c0d17780b09: recorded the failure; a later run retries it.
2026-10-09T13:16:49Z INFO [1000/1000] 3be2d6bf-e270-4792-ae43-7c0d17780b09: checkpointed 1000 new records.
2026-10-09T13:16:49Z INFO Wrote 40200 records to /tmp/derivatives/valid_nwb_file_to_array_sizes.jsonl (997 new, 3 failed) in 38.2 min (peak memory 644 MiB).
