2026-10-09T07:19:00Z INFO Logging to /tmp/logs/update_2026-10-09T07-19-00Z.log.
2026-10-09T07:19:00Z INFO Update valid-nwb-file-to-array-sizes (base directory /tmp).
2026-10-09T07:19:18Z INFO Processing 1000 items (30200 already recorded).
2026-10-09T07:19:20Z INFO [1/1000] 2d250964-4518-4443-883c-127c25297ed4: 45 arrays, 0.0 MB stored; 2.6 s; peak memory 153 MiB.
2026-10-09T07:19:21Z INFO [2/1000] 2d2549a1-eb65-48c7-9286-d66c827279b6: 38 arrays, 0.5 MB stored; 2.7 s; peak memory 153 MiB.
2026-10-09T07:19:21Z INFO [3/1000] 2d25757a-f80d-42f1-9a87-c4f2ef17e116: 48 arrays, 83.9 MB stored; 3.0 s; peak memory 153 MiB.
2026-10-09T07:19:21Z INFO [4/1000] 2d25419d-0a91-40a0-829a-730b1d2015a5: 46 arrays, 0.4 MB stored; 3.0 s; peak memory 153 MiB.
2026-10-09T07:19:21Z INFO [5/1000] 2d263388-5ead-47ca-ac7e-847481629c2e: 48 arrays, 83.9 MB stored; 3.1 s; peak memory 153 MiB.
2026-10-09T07:19:21Z INFO [6/1000] 2d251943-8848-4547-9948-e05e0d16e555: 117 arrays, 0.2 MB stored; 3.2 s; peak memory 153 MiB.
2026-10-09T07:19:21Z INFO [7/1000] 2d268291-6f71-499a-9749-2aadb65351ad: 72 arrays, 0.4 MB stored; 3.3 s; peak memory 153 MiB.
2026-10-09T07:19:21Z INFO [8/1000] 2d251980-6ae4-4ba1-aca9-f4123ba464d9: 116 arrays, 0.5 MB stored; 3.3 s; peak memory 153 MiB.
2026-10-09T07:19:23Z INFO [9/1000] 2d26d224-a9e9-4b42-a9a2-4c3a6bb0864a: 63 arrays, 0.1 MB stored; 2.2 s; peak memory 153 MiB.
2026-10-09T07:19:23Z INFO [10/1000] 2d276556-0eb6-43d2-ab03-2106edacdc25: 44 arrays, 1409.4 MB stored; 2.3 s; peak memory 153 MiB.
2026-10-09T07:19:24Z INFO [11/1000] 2d28479f-7ef3-4c44-8279-4568120f6cb2: 117 arrays, 0.3 MB stored; 2.9 s; peak memory 153 MiB.
2026-10-09T07:19:24Z INFO [12/1000] 2d2752ab-4cdc-4a1e-bcc0-2e113af8683e: 112 arrays, 0.9 MB stored; 3.4 s; peak memory 153 MiB.
2026-10-09T07:19:24Z INFO [13/1000] 2d28d49e-63d5-4402-9cd2-6f783e4e6193: 112 arrays, 0.5 MB stored; 2.9 s; peak memory 153 MiB.
2026-10-09T07:19:24Z INFO [14/1000] 2d280223-64ee-4c7d-8f97-d3b2e3e7d32c: 261 arrays, 17.1 MB stored; 3.5 s; peak memory 153 MiB.
2026-10-09T07:19:25Z INFO [15/1000] 2d29464a-5005-4f3c-b506-c9a2e8cdb3da: 112 arrays, 0.2 MB stored; 2.2 s; peak memory 153 MiB.
2026-10-09T07:19:26Z INFO [16/1000] 2d29683f-1bbe-4188-b716-dae98600fc71: 114 arrays, 0.3 MB stored; 2.3 s; peak memory 153 MiB.
2026-10-09T07:19:27Z INFO [17/1000] 2d2a71e5-4c1f-4f87-99db-405a35412b99: 65 arrays, 3.7 MB stored; 2.5 s; peak memory 153 MiB.
2026-10-09T07:19:27Z INFO [18/1000] 2d2aa7ea-fe07-4f8d-aeec-ae35b0d99bbd: 118 arrays, 0.2 MB stored; 2.2 s; peak memory 153 MiB.
2026-10-09T07:19:27Z INFO [19/1000] 2d28fad8-1300-44d0-a48e-65233f770852: 87 arrays, 15.1 MB stored; 4.2 s; peak memory 153 MiB.
2026-10-09T07:19:28Z INFO [20/1000] 2d2bad33-2e13-4d26-8876-170059e9c698: 116 arrays, 9.7 MB stored; 2.4 s; peak memory 153 MiB.
2026-10-09T07:19:28Z INFO [21/1000] 2d27552d-d439-42ba-95fb-b248c4b80c51: 410 arrays, 4.5 MB stored; 7.3 s; peak memory 153 MiB.
2026-10-09T07:19:28Z INFO [22/1000] 2d2ce6f5-c5a0-473c-aee8-fa52c25f6744: 33 arrays, 0.0 MB stored; 1.9 s; peak memory 153 MiB.
2026-10-09T07:19:29Z INFO [23/1000] 2d2c9cb5-3cd2-4578-a6c6-4c795fe3212c: 48 arrays, 83.9 MB stored; 2.0 s; peak memory 153 MiB.
2026-10-09T07:19:29Z INFO [24/1000] 2d2c015e-b850-4809-b1cc-bc89e1aaa15a: 112 arrays, 0.4 MB stored; 2.4 s; peak memory 153 MiB.
2026-10-09T07:19:29Z INFO [25/1000] 2d2d9426-495e-4665-b917-7b73e150fb01: 116 arrays, 0.2 MB stored; 2.4 s; peak memory 153 MiB.
2026-10-09T07:19:30Z INFO [26/1000] 2d2da620-0189-463a-88b9-a75487c3248b: 118 arrays, 0.3 MB stored; 2.3 s; peak memory 153 MiB.
2026-10-09T07:19:30Z INFO [27/1000] 2d2e0e63-4aea-4b54-9a57-60d6ef734cb0: 46 arrays, 0.5 MB stored; 2.1 s; peak memory 153 MiB.
2026-10-09T07:19:31Z INFO [28/1000] 2d3035f5-79fd-416c-9b70-bcf2c3d69ac4: 48 arrays, 83.9 MB stored; 2.1 s; peak memory 153 MiB.
2026-10-09T07:19:31Z INFO [29/1000] 2d2efb87-c880-4d90-8577-db4712cb13c9: 116 arrays, 0.3 MB stored; 2.5 s; peak memory 153 MiB.
2026-10-09T07:19:32Z INFO [30/1000] 2d298808-6dde-4ebb-bedd-fa2de1e683d2: 260 arrays, 1428.8 MB stored; 8.1 s; peak memory 153 MiB.
2026-10-09T07:19:32Z INFO [31/1000] 2d31360f-43c0-481a-bfd9-4656ac806579: 48 arrays, 14.4 MB stored; 2.3 s; peak memory 153 MiB.
2026-10-09T07:19:33Z INFO [32/1000] 2d3209e5-4a99-4b31-bd80-d9b65bd8d8de: 116 arrays, 0.4 MB stored; 2.4 s; peak memory 153 MiB.
2026-10-09T07:19:34Z INFO [33/1000] 2d28a621-c898-4211-b680-24b4d9872d85: 873 arrays, 21.2 MB stored; 12.6 s; peak memory 153 MiB.
2026-10-09T07:19:34Z INFO [34/1000] 2d2e1324-205f-4cae-b2d9-f6c1e75c5eb8: 48 arrays, 35.5 MB stored; 5.8 s; peak memory 153 MiB.
2026-10-09T07:19:34Z INFO [35/1000] 2d3336b3-32ac-48de-9c21-633f9fd1688d: 117 arrays, 0.4 MB stored; 2.5 s; peak memory 153 MiB.
2026-10-09T07:19:35Z INFO [36/1000] 2d333776-21e0-45da-8b2f-15de433f6d7c: 118 arrays, 0.4 MB stored; 2.4 s; peak memory 153 MiB.
2026-10-09T07:19:36Z INFO [37/1000] 2d346445-2eb5-4ace-a04b-e33ba453ff78: 114 arrays, 0.2 MB stored; 2.2 s; peak memory 153 MiB.
2026-10-09T07:19:36Z INFO [38/1000] 2d346c88-2967-4343-a5f1-0c5ae76aab0d: 48 arrays, 83.9 MB stored; 2.1 s; peak memory 153 MiB.
2026-10-09T07:19:36Z INFO [39/1000] 2d34fd3e-7dc0-4988-97d9-e4f60dc24c2d: 48 arrays, 83.9 MB stored; 1.9 s; peak memory 153 MiB.
2026-10-09T07:19:37Z INFO [40/1000] 2d340ea0-235b-4889-ada2-51c6d4b2fba3: 112 arrays, 0.9 MB stored; 3.2 s; peak memory 153 MiB.
2026-10-09T07:19:39Z INFO [41/1000] 2d35f9d2-7088-4515-93a7-ea2506dbbd47: 112 arrays, 0.4 MB stored; 2.6 s; peak memory 153 MiB.
2026-10-09T07:19:39Z INFO [42/1000] 2d362fdd-d26f-4daf-9732-cc61be2126fd: 38 arrays, 0.5 MB stored; 2.1 s; peak memory 153 MiB.
2026-10-09T07:19:39Z INFO [43/1000] 2d365534-aac6-4948-92fa-05b545a18d67: 71 arrays, 35.9 MB stored; 2.8 s; peak memory 153 MiB.
2026-10-09T07:19:39Z INFO [44/1000] 2d31e87b-9b64-44b9-afe4-8f3e810641ab: 565 arrays, 7.0 MB stored; 8.8 s; peak memory 153 MiB.
2026-10-09T07:19:40Z INFO [45/1000] 2d31ad07-8a25-4e2c-8668-8d06d9cbefd6: 712 arrays, 14.3 MB stored; 10.0 s; peak memory 153 MiB.
2026-10-09T07:19:41Z INFO [46/1000] 2d3657c1-6b82-4297-b169-eb59f4ef50fc: 77 arrays, 0.0 MB stored; 2.0 s; peak memory 153 MiB.
2026-10-09T07:19:41Z INFO [47/1000] 2d38ffbc-634a-4595-ae1d-006d564959f1: 37 arrays, 0.0 MB stored; 1.8 s; peak memory 153 MiB.
2026-10-09T07:19:41Z INFO [48/1000] 2d3842cd-40d9-4928-9198-740bccded438: 48 arrays, 83.9 MB stored; 2.0 s; peak memory 153 MiB.
2026-10-09T07:19:42Z INFO [49/1000] 2d3796e3-5288-4c5a-9ae3-1ad16d448d97: 118 arrays, 66.2 MB stored; 3.8 s; peak memory 153 MiB.
2026-10-09T07:19:43Z INFO [50/1000] 2d361fb3-d3d1-46e1-af46-7a8468f6904b: 362 arrays, 4.6 MB stored; 6.2 s; peak memory 153 MiB.
2026-10-09T07:19:43Z INFO [51/1000] 2d39c670-6453-44aa-b9b3-5e94404b8d30: 117 arrays, 0.7 MB stored; 2.6 s; peak memory 153 MiB.
2026-10-09T07:19:44Z INFO [52/1000] 2d3b4e61-86eb-48f5-8d4a-f53c4a900d62: 117 arrays, 0.4 MB stored; 2.5 s; peak memory 153 MiB.
2026-10-09T07:19:44Z INFO [53/1000] 2d3b6d30-ec07-42b0-b637-d06bf509bffa: 48 arrays, 83.9 MB stored; 2.1 s; peak memory 153 MiB.
2026-10-09T07:19:45Z INFO [54/1000] 2d3b6d7a-a32f-4aba-ae4d-ede571c223e2: 66 arrays, 37.2 MB stored; 2.9 s; peak memory 153 MiB.
2026-10-09T07:19:46Z INFO [55/1000] 2d3be14e-913d-473c-b490-38e7b5c48715: 261 arrays, 17.1 MB stored; 2.6 s; peak memory 153 MiB.
2026-10-09T07:19:47Z INFO [56/1000] 2d3cd9ad-eb71-4613-90d1-e735c4767e01: 69 arrays, 60.0 MB stored; 2.6 s; peak memory 153 MiB.
2026-10-09T07:19:48Z INFO [57/1000] 2d3e729f-fd5e-478a-afac-3b7e97fa3b2c: 48 arrays, 83.9 MB stored; 2.1 s; peak memory 153 MiB.
2026-10-09T07:19:48Z INFO [58/1000] 2d3d832c-3e2e-4d86-b34b-a4e575257d73: 115 arrays, 190.1 MB stored; 4.1 s; peak memory 153 MiB.
2026-10-09T07:19:49Z INFO [59/1000] 2d3e834d-2656-4c46-8cdb-251379d2d3cb: 112 arrays, 1.1 MB stored; 3.0 s; peak memory 153 MiB.
2026-10-09T07:19:49Z INFO [60/1000] 2d3e8c20-36c7-4533-9942-4904859a93c7: 46 arrays, 12.6 MB stored; 2.1 s; peak memory 153 MiB.
2026-10-09T07:19:50Z INFO [61/1000] 2d3f6914-ed6c-42c2-a504-e71c3e459e4d: 117 arrays, 0.3 MB stored; 2.3 s; peak memory 153 MiB.
2026-10-09T07:19:51Z INFO [62/1000] 2d40be17-d764-4e28-b497-fcc15e404007: 117 arrays, 0.4 MB stored; 2.5 s; peak memory 153 MiB.
2026-10-09T07:19:51Z INFO [63/1000] 2d40c041-69f9-4540-8699-965d00c35380: 112 arrays, 0.5 MB stored; 2.7 s; peak memory 153 MiB.
2026-10-09T07:19:52Z INFO [64/1000] 2d4106f1-72ee-496d-b091-67b96842b768: 48 arrays, 83.9 MB stored; 1.9 s; peak memory 153 MiB.
2026-10-09T07:19:52Z INFO [65/1000] 2d30c534-a1bf-46b1-aa4b-5d11e26c65ac: 1001 arrays, 34.3 MB stored; 22.8 s; peak memory 153 MiB.
2026-10-09T07:19:53Z INFO [66/1000] 2d4277e6-6a01-4c1e-a223-df636f41628e: 52 arrays, 0.0 MB stored; 1.8 s; peak memory 153 MiB.
2026-10-09T07:19:53Z INFO [67/1000] 2d35d06a-42c6-4fe5-9f95-bb80b2fe8f6c: 446 arrays, 4054.4 MB stored; 18.7 s; peak memory 153 MiB.
2026-10-09T07:19:54Z INFO [68/1000] 2d42fd34-330f-4dfe-b62f-5feb8ece041b: 116 arrays, 9.7 MB stored; 2.4 s; peak memory 153 MiB.
2026-10-09T07:19:55Z INFO [69/1000] 2d42fe6d-2537-4b3e-98d2-4795cce68226: 68 arrays, 50.9 MB stored; 2.6 s; peak memory 153 MiB.
2026-10-09T07:19:57Z INFO [70/1000] 2d450970-d49d-424c-9e1b-068c5e62aeef: 112 arrays, 0.6 MB stored; 2.6 s; peak memory 153 MiB.
2026-10-09T07:19:57Z INFO [71/1000] 2d4521d1-24d8-4aa2-a40c-f1ab7dd9b6d1: 117 arrays, 0.3 MB stored; 2.3 s; peak memory 153 MiB.
2026-10-09T07:19:59Z INFO [72/1000] 2d4545d5-515f-48d7-ab2c-0354e6538486: 46 arrays, 0.3 MB stored; 1.8 s; peak memory 153 MiB.
2026-10-09T07:19:59Z INFO [73/1000] 2d45334e-b009-4429-86ab-fabed0f72553: 84 arrays, 2.7 MB stored; 2.7 s; peak memory 153 MiB.
2026-10-09T07:20:01Z INFO [74/1000] 2d4648fd-f493-43ac-a74b-310bb0a48b25: 48 arrays, 83.9 MB stored; 2.0 s; peak memory 153 MiB.
2026-10-09T07:20:02Z INFO [75/1000] 2d457fda-d0bd-437b-842c-9478ca6cbe8a: 83 arrays, 12.5 MB stored; 3.5 s; peak memory 153 MiB.
2026-10-09T07:20:03Z INFO [76/1000] 2d3fba8f-989e-411a-a749-aa5c8b14adea: 336 arrays, 44.0 MB stored; 14.2 s; peak memory 153 MiB.
2026-10-09T07:20:03Z INFO [77/1000] 2d44a93c-3ba2-4e7f-831b-3d6048886f09: 871 arrays, 14.9 MB stored; 9.7 s; peak memory 153 MiB.
2026-10-09T07:20:05Z INFO [78/1000] 2d48681b-61ae-48e9-8474-8e98bd529350: 48 arrays, 83.9 MB stored; 2.1 s; peak memory 153 MiB.
2026-10-09T07:20:12Z INFO [79/1000] 2d48584b-6c2a-4852-8007-a163c687d4c3: 538 arrays, 7.5 MB stored; 9.7 s; peak memory 153 MiB.
2026-10-09T07:20:13Z INFO [80/1000] 2d416a91-7fd3-4054-a6b8-1c6c74e06b66: 38 arrays, 365.3 MB stored; 21.7 s; peak memory 153 MiB.
2026-10-09T07:20:15Z INFO [81/1000] 2d44d7b6-ec18-4dac-b40c-4cea2e1bad5e: 1257 arrays, 28.2 MB stored; 21.5 s; peak memory 153 MiB.
2026-10-09T07:20:15Z INFO [82/1000] 2d4947b1-b809-4208-84ee-b0171a68aa79: 69 arrays, 60.0 MB stored; 2.8 s; peak memory 153 MiB.
2026-10-09T07:20:15Z INFO [83/1000] 2d48e2de-458c-4c7a-871f-d53c67058b90: 46 arrays, 4188.3 MB stored; 10.1 s; peak memory 153 MiB.
2026-10-09T07:20:16Z INFO [84/1000] 2d39b1c1-7753-4351-9f08-276c0e587001: 48 arrays, 42005.6 MB stored; 36.2 s; peak memory 153 MiB.
2026-10-09T07:20:17Z INFO [85/1000] 2d4a51cd-8a39-4ce2-aab0-f125f70caf0b: 52 arrays, 0.0 MB stored; 1.9 s; peak memory 153 MiB.
2026-10-09T07:20:17Z INFO [86/1000] 2d495798-c695-4923-a0a4-f3f86c15fbb4: 138 arrays, 4.8 MB stored; 4.2 s; peak memory 153 MiB.
2026-10-09T07:20:17Z INFO [87/1000] 2d4a1c59-3d63-496d-922e-62d49a8858f6: 77 arrays, 0.1 MB stored; 2.5 s; peak memory 153 MiB.
2026-10-09T07:20:18Z INFO [88/1000] 2d4c63c2-e025-4116-bbe8-7cdba69c560a: 54 arrays, 0.0 MB stored; 1.7 s; peak memory 153 MiB.
2026-10-09T07:20:19Z INFO [89/1000] 2d4af9a9-75e0-4f96-adae-3895eef6d565: 131 arrays, 0.9 MB stored; 3.4 s; peak memory 153 MiB.
2026-10-09T07:20:19Z INFO [90/1000] 2d4d052e-1148-41ca-96dc-6ae487120ee5: 48 arrays, 83.9 MB stored; 2.0 s; peak memory 153 MiB.
2026-10-09T07:20:20Z INFO [91/1000] 2d4dba9a-b686-4f8c-8117-b1143733b5f9: 142 arrays, 1.2 MB stored; 2.1 s; peak memory 153 MiB.
2026-10-09T07:20:21Z INFO [92/1000] 2d4d050a-4d9f-4085-85ba-2c16dbe181c1: 117 arrays, 20.5 MB stored; 3.5 s; peak memory 153 MiB.
2026-10-09T07:20:21Z INFO [93/1000] 2d4e7da3-52bb-4f71-ad56-d16790aa8a7b: 48 arrays, 83.9 MB stored; 1.9 s; peak memory 153 MiB.
2026-10-09T07:20:22Z INFO [94/1000] 2d4e3d65-4861-4b5d-80ba-ff237b14a3f0: 74 arrays, 36.7 MB stored; 3.1 s; peak memory 153 MiB.
2026-10-09T07:20:22Z INFO [95/1000] 2d4ea120-f3a0-41f7-8d7b-1124846b1c35: 48 arrays, 83.9 MB stored; 2.1 s; peak memory 153 MiB.
2026-10-09T07:20:23Z INFO [96/1000] 2d475d56-f520-432c-8336-f06db95a1801: 769 arrays, 27.9 MB stored; 21.8 s; peak memory 153 MiB.
2026-10-09T07:20:25Z INFO [97/1000] 2d4fbff8-27cf-4523-9575-b9815808c3a7: 79 arrays, 6.8 MB stored; 3.0 s; peak memory 153 MiB.
2026-10-09T07:20:25Z INFO [98/1000] 2d502d79-477b-4dc6-82e5-715c2a2755ae: 112 arrays, 0.4 MB stored; 2.6 s; peak memory 153 MiB.
2026-10-09T07:20:25Z INFO [99/1000] 2d502fb5-d59b-4de6-9139-2a93b1acfd76: 48 arrays, 83.9 MB stored; 2.1 s; peak memory 153 MiB.
2026-10-09T07:20:26Z INFO [100/1000] 2d4f590d-9c89-41da-a3f9-9c60076f5a61: 115 arrays, 190.1 MB stored; 4.6 s; peak memory 153 MiB.
2026-10-09T07:20:26Z INFO [101/1000] 2d4ce5f9-f2a2-4f15-a1ef-0898314d8072: 3547 arrays, 32.4 MB stored; 9.5 s; peak memory 153 MiB.
2026-10-09T07:20:27Z INFO [102/1000] 2d50ac27-e720-4516-ab79-7f063e6a3707: 112 arrays, 0.5 MB stored; 2.6 s; peak memory 153 MiB.
2026-10-09T07:20:28Z INFO [103/1000] 2d51ddc9-17f2-4e95-9b5f-388c8efb9fcc: 57 arrays, 0.0 MB stored; 1.7 s; peak memory 153 MiB.
2026-10-09T07:20:28Z INFO [104/1000] 2d519f45-db0e-4684-bdef-6d003140d588: 275 arrays, 17.3 MB stored; 3.1 s; peak memory 153 MiB.
2026-10-09T07:20:30Z INFO [105/1000] 2d5342d4-6546-4088-b355-18a52be3f177: 56 arrays, 0.0 MB stored; 1.7 s; peak memory 153 MiB.
2026-10-09T07:20:33Z INFO [106/1000] 2d5381d7-1613-4638-911f-32556eef86f3: 71 arrays, 5.2 MB stored; 2.8 s; peak memory 153 MiB.
2026-10-09T07:20:34Z INFO [107/1000] 2d4eecaa-118e-410d-b07e-2fc13cb033e4: 9079 arrays, 270.3 MB stored; 13.0 s; peak memory 153 MiB.
2026-10-09T07:20:34Z INFO [108/1000] 2d51ef85-d77e-473c-94fa-8ec4e7eed499: 168 arrays, 65.8 MB stored; 8.1 s; peak memory 153 MiB.
2026-10-09T07:20:35Z INFO [109/1000] 2d47e09a-2542-49b7-aab0-d12510c9cf01: 48 arrays, 36348.4 MB stored; 32.8 s; peak memory 153 MiB.
2026-10-09T07:20:35Z INFO [110/1000] 2d53efc5-5dd6-4b03-b9f4-63106c66d4b9: 48 arrays, 83.9 MB stored; 1.9 s; peak memory 153 MiB.
2026-10-09T07:20:37Z INFO [111/1000] 2d547f30-5d58-4441-bbd6-ed7fd2e02767: 48 arrays, 83.9 MB stored; 2.1 s; peak memory 153 MiB.
2026-10-09T07:20:37Z INFO [112/1000] 2d548063-4aa9-4696-a6b4-869a75d9152a: 117 arrays, 0.4 MB stored; 2.2 s; peak memory 153 MiB.
2026-10-09T07:20:38Z INFO [113/1000] 2d54ff60-533b-494f-baf5-8816663ed0f4: 46 arrays, 12.6 MB stored; 2.1 s; peak memory 153 MiB.
2026-10-09T07:20:38Z INFO [114/1000] 2d513b09-b4e2-4af0-9f28-a40d0b0a1b81: 790 arrays, 31.1 MB stored; 12.9 s; peak memory 153 MiB.
2026-10-09T07:20:40Z INFO [115/1000] 2d567626-b91d-456c-944f-08a46e5b8c2e: 69 arrays, 3.7 MB stored; 2.4 s; peak memory 153 MiB.
2026-10-09T07:20:42Z INFO [116/1000] 2d56864c-9591-48a1-9f58-ab412b14891b: 60 arrays, 1.8 MB stored; 1.8 s; peak memory 153 MiB.
2026-10-09T07:20:43Z INFO [117/1000] 2d555788-45dc-435a-b45f-b8940609fab2: 340 arrays, 2.7 MB stored; 5.8 s; peak memory 153 MiB.
2026-10-09T07:20:44Z INFO [118/1000] 2d56d48f-8137-4fec-8620-39812b1c404c: 45 arrays, 0.0 MB stored; 1.5 s; peak memory 153 MiB.
2026-10-09T07:20:44Z INFO [119/1000] 2d557760-0c6d-4443-b2bc-25166980d8ee: 38 arrays, 102.7 MB stored; 6.9 s; peak memory 153 MiB.
2026-10-09T07:20:46Z INFO [120/1000] 2d53a6f8-de4e-4810-bcd1-d7ee59a45200: 788 arrays, 31.6 MB stored; 12.9 s; peak memory 153 MiB.
2026-10-09T07:20:46Z INFO [121/1000] 2d583444-df7f-4ef9-94a8-f29dab577ee8: 68 arrays, 106.6 MB stored; 3.2 s; peak memory 153 MiB.
2026-10-09T07:20:46Z INFO [122/1000] 2d5858b1-09a7-42e0-92d2-6ff27a996f25: 112 arrays, 0.7 MB stored; 2.9 s; peak memory 153 MiB.
2026-10-09T07:20:47Z INFO [123/1000] 2d5867d8-aa84-45c4-b6c2-f46d8fefb781: 112 arrays, 0.5 MB stored; 2.6 s; peak memory 153 MiB.
2026-10-09T07:20:48Z INFO [124/1000] 2d5528cd-1ca0-4ccc-af10-81f55c5442aa: 288 arrays, 16.8 MB stored; 11.1 s; peak memory 153 MiB.
2026-10-09T07:20:48Z INFO [125/1000] 2d52fe9c-bffe-4b54-95c9-b2f6089f9b5e: 432 arrays, 622.7 MB stored; 20.5 s; peak memory 153 MiB.
2026-10-09T07:20:48Z INFO [126/1000] 2d586cb3-8b22-4dea-9526-af4e0bd9b5e5: 117 arrays, 0.4 MB stored; 2.5 s; peak memory 153 MiB.
2026-10-09T07:20:50Z INFO [127/1000] 2d593ab6-93be-4b76-b208-e60001a213b4: 289 arrays, 17.2 MB stored; 2.5 s; peak memory 153 MiB.
2026-10-09T07:20:50Z INFO [128/1000] 2d58f9d7-4f6b-442a-bb43-bb832ca175b3: 52 arrays, 687.3 MB stored; 3.2 s; peak memory 153 MiB.
2026-10-09T07:20:50Z INFO [129/1000] 2d594445-ce60-4558-9845-477bca097f29: 112 arrays, 0.6 MB stored; 2.6 s; peak memory 153 MiB.
2026-10-09T07:20:51Z INFO [130/1000] 2d5a31b3-fed5-4dda-ae22-3f183fb96699: 48 arrays, 83.9 MB stored; 2.2 s; peak memory 153 MiB.
2026-10-09T07:20:51Z INFO [131/1000] 2d58dd86-1773-46e6-9f8f-90e18b9815b0: 123 arrays, 6.3 MB stored; 4.6 s; peak memory 153 MiB.
2026-10-09T07:20:51Z INFO [132/1000] 2d59ed9d-4c21-4835-a29a-e37523575f36: 54 arrays, 8676.5 MB stored; 2.8 s; peak memory 153 MiB.
2026-10-09T07:20:52Z INFO [133/1000] 2d5b78aa-3036-4aef-998d-fd6be941363d: 55 arrays, 1.3 MB stored; 2.2 s; peak memory 153 MiB.
2026-10-09T07:20:53Z INFO [134/1000] 2d5be3c5-5dd4-4336-87e2-ecca3b245f70: 48 arrays, 83.9 MB stored; 2.1 s; peak memory 153 MiB.
2026-10-09T07:20:53Z INFO [135/1000] 2d5b973c-c1f9-4976-96c2-b6fbd5f5fd6b: 112 arrays, 0.7 MB stored; 2.9 s; peak memory 153 MiB.
2026-10-09T07:20:53Z INFO [136/1000] 2d5bbb15-a728-46f5-9166-b38d9a872c88: 69 arrays, 42.8 MB stored; 2.7 s; peak memory 153 MiB.
2026-10-09T07:20:54Z INFO [137/1000] 2d5bec55-d5cb-4cb7-bf93-ecbc5cb0b079: 62 arrays, 5161.8 MB stored; 2.6 s; peak memory 153 MiB.
2026-10-09T07:20:55Z INFO [138/1000] 2d5c1edd-c2e6-4b01-98c0-f7272945d3c6: 37 arrays, 0.0 MB stored; 1.8 s; peak memory 153 MiB.
2026-10-09T07:20:56Z INFO [139/1000] 2d5c9474-7b18-484d-a2d2-eba4bc7fe9a2: 52 arrays, 16.6 MB stored; 2.4 s; peak memory 153 MiB.
2026-10-09T07:20:56Z INFO [140/1000] 2d5d05ad-223c-4d62-a40e-28920f3ef800: 56 arrays, 0.0 MB stored; 1.7 s; peak memory 153 MiB.
2026-10-09T07:20:57Z INFO [141/1000] 2d5cbf19-f41c-4bb5-a1f7-7d78e5a821a2: 117 arrays, 0.5 MB stored; 2.7 s; peak memory 153 MiB.
2026-10-09T07:20:57Z INFO [142/1000] 2d5a56a5-72aa-4c9e-9d16-667a532d9064: 223 arrays, 242.5 MB stored; 7.6 s; peak memory 153 MiB.
2026-10-09T07:20:58Z INFO [143/1000] 2d5c44e8-743e-4a97-9a90-31c31643ab4f: 156 arrays, 193.6 MB stored; 4.7 s; peak memory 153 MiB.
2026-10-09T07:20:58Z INFO [144/1000] 2d5d70b2-4068-423e-a260-ded338b73f5f: 66 arrays, 66.1 MB stored; 2.9 s; peak memory 153 MiB.
2026-10-09T07:20:59Z INFO [145/1000] 2d5d7a3d-48d7-4671-bf72-a4f4895ca92d: 69 arrays, 2.0 MB stored; 2.7 s; peak memory 153 MiB.
2026-10-09T07:20:59Z INFO [146/1000] 2d5dc2e7-fc72-49da-9e09-51541d389c4f: 85 arrays, 1.2 MB stored; 2.3 s; peak memory 153 MiB.
2026-10-09T07:21:00Z INFO [147/1000] 2d5ef1f9-66fd-4ba4-a8de-b7dec514b45f: 44 arrays, 0.3 MB stored; 1.9 s; peak memory 153 MiB.
2026-10-09T07:21:00Z INFO [148/1000] 2d5e248c-bdf0-40e8-9a19-143e7bd89c0b: 116 arrays, 9.8 MB stored; 2.5 s; peak memory 153 MiB.
2026-10-09T07:21:01Z INFO [149/1000] 2d5be0db-6482-4c3f-9107-49d7d4e41fe1: 200 arrays, 543.7 MB stored; 10.3 s; peak memory 153 MiB.
2026-10-09T07:21:01Z INFO [150/1000] 2d5f6044-fa38-4800-b1ca-c49b1a81b5b6: 48 arrays, 83.9 MB stored; 2.1 s; peak memory 153 MiB.
2026-10-09T07:21:02Z INFO [151/1000] 2d5dea5c-d9ce-4f10-990b-8b5b6bec5b46: 156 arrays, 193.5 MB stored; 5.1 s; peak memory 153 MiB.
2026-10-09T07:21:03Z INFO [152/1000] 2d5ffddf-6596-4111-ae47-2b3d6fb5c61e: 112 arrays, 0.6 MB stored; 2.5 s; peak memory 153 MiB.
2026-10-09T07:21:03Z INFO [153/1000] 2d601214-d5ca-4f7e-8c31-aca0288c6d98: 117 arrays, 0.5 MB stored; 2.5 s; peak memory 153 MiB.
2026-10-09T07:21:04Z INFO [154/1000] 2d5fa894-8b00-4607-9623-60e05ed0980a: 116 arrays, 187.0 MB stored; 4.3 s; peak memory 153 MiB.
2026-10-09T07:21:04Z INFO [155/1000] 2d604baa-97be-476f-b157-5b7ccce72b95: 48 arrays, 83.9 MB stored; 2.1 s; peak memory 153 MiB.
2026-10-09T07:21:05Z INFO [156/1000] 2d60872c-c655-4992-b654-e636f2e90460: 112 arrays, 0.5 MB stored; 2.5 s; peak memory 153 MiB.
2026-10-09T07:21:06Z INFO [157/1000] 2d609599-6cfa-4dd1-b323-443aa14a65bd: 117 arrays, 0.3 MB stored; 2.3 s; peak memory 153 MiB.
2026-10-09T07:21:06Z INFO [158/1000] 2d6148fa-2c0c-418e-aa05-9194d52a02ba: 48 arrays, 83.9 MB stored; 2.1 s; peak memory 153 MiB.
2026-10-09T07:21:06Z INFO [159/1000] 2d615809-b803-4633-bf1b-d78a2c4e2510: 48 arrays, 83.9 MB stored; 1.9 s; peak memory 153 MiB.
2026-10-09T07:21:08Z INFO [160/1000] 2d615bbe-7f38-4f87-834d-a10453a185bb: 116 arrays, 0.2 MB stored; 2.4 s; peak memory 153 MiB.
2026-10-09T07:21:08Z INFO [161/1000] 2d634d08-ac47-472e-aa78-8a6e1cffa4b2: 118 arrays, 0.1 MB stored; 2.0 s; peak memory 153 MiB.
2026-10-09T07:21:10Z INFO [162/1000] 2d63beee-689c-4528-8b4c-4ca7a7db6bf4: 110 arrays, 0.2 MB stored; 2.2 s; peak memory 153 MiB.
2026-10-09T07:21:10Z INFO [163/1000] 2d633622-1ce7-4500-af20-f7136918ba8d: 100 arrays, 18.8 MB stored; 4.5 s; peak memory 153 MiB.
2026-10-09T07:21:12Z INFO [164/1000] 2d645d00-0cd3-4161-be9c-ea20e66c4858: 68 arrays, 2.4 MB stored; 2.3 s; peak memory 153 MiB.
2026-10-09T07:21:12Z INFO [165/1000] 2d650671-3b3a-4281-88c7-27b5ff7ef819: 48 arrays, 83.9 MB stored; 2.1 s; peak memory 153 MiB.
2026-10-09T07:21:13Z INFO [166/1000] 2d601905-a058-4ae5-963a-b7e0a5d3f10e: 266 arrays, 1129.4 MB stored; 11.2 s; peak memory 153 MiB.
2026-10-09T07:21:14Z INFO [167/1000] 2d65bb7e-3a9e-480a-b982-939405233269: 48 arrays, 83.9 MB stored; 2.0 s; peak memory 153 MiB.
2026-10-09T07:21:15Z INFO [168/1000] 2d624eb1-e24e-4288-8fe4-28f76d2941a1: 196 arrays, 610.1 MB stored; 9.7 s; peak memory 153 MiB.
2026-10-09T07:21:17Z INFO [169/1000] 2d664dce-daa5-4f44-98ff-a2b096796e1d: 72 arrays, 0.1 MB stored; 2.3 s; peak memory 153 MiB.
2026-10-09T07:21:17Z INFO [170/1000] 2d659dae-e8bf-4175-adba-d2367da0727f: 123 arrays, 6.5 MB stored; 4.8 s; peak memory 153 MiB.
2026-10-09T07:21:19Z INFO [171/1000] 2d5fec56-acf7-42b2-b6c6-76e3c196791f: 1575 arrays, 31.2 MB stored; 19.1 s; peak memory 153 MiB.
2026-10-09T07:21:20Z INFO [172/1000] 2d66d572-258c-4d16-8572-c200975a6dda: 112 arrays, 0.7 MB stored; 2.7 s; peak memory 153 MiB.
2026-10-09T07:21:21Z INFO [173/1000] 2d6690e4-88bf-420b-8775-b18460c12ecd: 84 arrays, 265.1 MB stored; 3.8 s; peak memory 153 MiB.
2026-10-09T07:21:23Z INFO [174/1000] 2d68059c-a30f-4b9c-9cd9-13e079517430: 289 arrays, 17.1 MB stored; 2.8 s; peak memory 153 MiB.
2026-10-09T07:21:24Z INFO [175/1000] 2d6685c4-2e7d-42b3-a5db-bc8a662eeac7: 49 arrays, 4414.0 MB stored; 8.8 s; peak memory 153 MiB.
2026-10-09T07:21:25Z INFO [176/1000] 2d65f764-7601-4655-94e0-171fde0cc244: 800 arrays, 729.4 MB stored; 12.2 s; peak memory 153 MiB.
2026-10-09T07:21:25Z INFO [177/1000] 2d64531b-b6fb-46c5-973f-f371468a5c87: 613 arrays, 23.1 MB stored; 16.6 s; peak memory 153 MiB.
2026-10-09T07:21:26Z INFO [178/1000] 2d68190b-1b63-4df4-84d9-5444036319dc: 78 arrays, 0.3 MB stored; 2.2 s; peak memory 153 MiB.
2026-10-09T07:21:26Z INFO [179/1000] 2d6884ac-17a4-4a7f-bf9b-4257549e1895: 57 arrays, 0.0 MB stored; 1.8 s; peak memory 153 MiB.
2026-10-09T07:21:27Z INFO [180/1000] 2d688875-e51d-49cb-bfb1-106247700df8: 48 arrays, 83.9 MB stored; 2.0 s; peak memory 153 MiB.
2026-10-09T07:21:27Z INFO [181/1000] 2d66ece4-424a-4979-af62-6e595e19b2a0: 524 arrays, 5.3 MB stored; 7.4 s; peak memory 153 MiB.
2026-10-09T07:21:27Z INFO [182/1000] 2d6839cf-d00f-497a-9663-b695a50ab524: 64 arrays, 72.6 MB stored; 2.6 s; peak memory 153 MiB.
2026-10-09T07:21:28Z INFO [183/1000] 2d688e7f-e930-4b85-a31e-b978c1843193: 48 arrays, 83.9 MB stored; 1.9 s; peak memory 153 MiB.
2026-10-09T07:21:29Z INFO [184/1000] 2d68b0f2-3816-4bdf-ba36-e41d1d34bc96: 116 arrays, 0.3 MB stored; 2.3 s; peak memory 153 MiB.
2026-10-09T07:21:29Z INFO [185/1000] 2d695046-9a68-4d7c-826c-952ab88c6ab4: 48 arrays, 83.9 MB stored; 2.1 s; peak memory 153 MiB.
2026-10-09T07:21:29Z INFO [186/1000] 2d69a65d-2d3d-4d6c-85f6-5dcf18a9f4e1: 116 arrays, 0.3 MB stored; 2.5 s; peak memory 153 MiB.
2026-10-09T07:21:30Z INFO [187/1000] 2d6766ab-bcec-4bdd-8e09-106c07d4b3cd: 196 arrays, 658.8 MB stored; 9.9 s; peak memory 153 MiB.
2026-10-09T07:21:30Z INFO [188/1000] 2d69ee7e-ecca-41b9-a49c-691c5a4bbcde: 72 arrays, 2.0 MB stored; 2.6 s; peak memory 153 MiB.
2026-10-09T07:21:31Z INFO [189/1000] 2d6940ef-a4a3-473d-9ca7-b12a2a8e24bc: 38 arrays, 25.4 MB stored; 3.9 s; peak memory 153 MiB.
2026-10-09T07:21:31Z INFO [190/1000] 2d6a37be-b386-4d5f-86c3-5c79223d9a30: 50 arrays, 1.5 MB stored; 2.0 s; peak memory 153 MiB.
2026-10-09T07:21:31Z INFO [191/1000] 2d6ac79d-9f28-480b-a316-fe2a95c6110b: 48 arrays, 83.9 MB stored; 2.2 s; peak memory 153 MiB.
2026-10-09T07:21:32Z INFO [192/1000] 2d6b8b17-1c51-4fc9-80b5-8ce8d18347e0: 48 arrays, 83.9 MB stored; 2.1 s; peak memory 153 MiB.
2026-10-09T07:21:33Z INFO [193/1000] 2d6bb749-355f-4db1-99fa-30dfc641aede: 117 arrays, 0.2 MB stored; 2.2 s; peak memory 153 MiB.
2026-10-09T07:21:33Z INFO [194/1000] 2d6c2ae4-1c01-4164-9793-1d05f9f2648e: 48 arrays, 83.9 MB stored; 2.2 s; peak memory 153 MiB.
2026-10-09T07:21:33Z INFO [195/1000] 2d6b92d8-3ed2-42dc-8e28-8fc3ec1ff64f: 71 arrays, 65.0 MB stored; 3.0 s; peak memory 153 MiB.
2026-10-09T07:21:33Z INFO [196/1000] 2d6c4d52-d602-4164-a0e5-b435b19d2739: 48 arrays, 83.9 MB stored; 2.0 s; peak memory 153 MiB.
2026-10-09T07:21:35Z INFO [197/1000] 2d6d3e0b-0de1-4195-8ce3-6c69714cfe07: 66 arrays, 98.8 MB stored; 2.7 s; peak memory 153 MiB.
2026-10-09T07:21:35Z INFO [198/1000] 2d6d8ea7-016f-41cb-9705-794db91a8628: 48 arrays, 83.9 MB stored; 2.1 s; peak memory 153 MiB.
2026-10-09T07:21:35Z INFO [199/1000] 2d6edf30-f66a-4676-aa6e-ef0dc2c6491d: 38 arrays, 0.5 MB stored; 1.9 s; peak memory 153 MiB.
2026-10-09T07:21:35Z INFO [200/1000] 2d6edabf-27b2-4dbe-99c8-8a41ab6398ca: 48 arrays, 83.9 MB stored; 2.2 s; peak memory 153 MiB.
2026-10-09T07:21:36Z INFO [200/1000] 2d6edabf-27b2-4dbe-99c8-8a41ab6398ca: checkpointed 200 new records.
2026-10-09T07:21:36Z INFO [201/1000] 2d6f8934-1a02-4025-8d6c-b8168b6ff4b4: 59 arrays, 0.1 MB stored; 2.1 s; peak memory 183 MiB.
2026-10-09T07:21:37Z INFO [202/1000] 2d7028d7-bd66-441b-8da8-6ab9ca89af3b: 66 arrays, 109.1 MB stored; 2.6 s; peak memory 183 MiB.
2026-10-09T07:21:37Z INFO [203/1000] 2d703e03-0290-4f0c-b280-c1f9a7e0a5b8: 48 arrays, 83.9 MB stored; 2.4 s; peak memory 183 MiB.
2026-10-09T07:21:37Z INFO [204/1000] 2d70ddd1-d328-4057-a0c7-e8ab7560003c: 48 arrays, 83.9 MB stored; 2.3 s; peak memory 183 MiB.
2026-10-09T07:21:38Z INFO [205/1000] 2d71126a-07bb-4201-9a9a-8cb5e0c743a3: 48 arrays, 83.9 MB stored; 2.4 s; peak memory 183 MiB.
2026-10-09T07:21:38Z INFO [206/1000] 2d711522-6866-4847-8846-f1f4f2d3d4eb: 117 arrays, 0.5 MB stored; 2.8 s; peak memory 183 MiB.
2026-10-09T07:21:39Z INFO [207/1000] 2d71f9e1-3476-4947-895a-851fb8b75555: 46 arrays, 0.0 MB stored; 1.7 s; peak memory 183 MiB.
2026-10-09T07:21:40Z INFO [208/1000] 2d71afa9-3cea-413a-a72a-f907973e0631: 48 arrays, 83.9 MB stored; 2.2 s; peak memory 183 MiB.
2026-10-09T07:21:40Z INFO [209/1000] 2d720e80-f091-463b-afd8-7c68e5bc7d16: 48 arrays, 83.9 MB stored; 2.2 s; peak memory 183 MiB.
2026-10-09T07:21:40Z INFO [210/1000] 2d711d79-eed1-404b-8399-073a2e997404: 84 arrays, 0.8 MB stored; 2.7 s; peak memory 183 MiB.
2026-10-09T07:21:40Z INFO [211/1000] 2d6b384a-ecaa-4fd6-addd-300a10b2e471: 538 arrays, 8.5 MB stored; 10.6 s; peak memory 183 MiB.
2026-10-09T07:21:41Z INFO [212/1000] 2d72712d-9150-4c88-9824-3dcca387961b: 48 arrays, 83.9 MB stored; 2.0 s; peak memory 183 MiB.
2026-10-09T07:21:42Z INFO [213/1000] 2d73ecc1-ff7a-4dd7-b3f8-47575d33fe0d: 63 arrays, 0.1 MB stored; 2.0 s; peak memory 183 MiB.
2026-10-09T07:21:42Z INFO [214/1000] 2d73cdb0-b963-4e08-b9f6-006f06e5fde1: 46 arrays, 12.6 MB stored; 2.3 s; peak memory 183 MiB.
2026-10-09T07:21:43Z INFO [215/1000] 2d745019-235a-41b7-a8f4-bedc9054a0ff: 71 arrays, 53.1 MB stored; 3.2 s; peak memory 183 MiB.
2026-10-09T07:21:44Z INFO [216/1000] 2d72cdd8-9759-49da-9784-c832ce4aec03: 38 arrays, 33.6 MB stored; 4.0 s; peak memory 183 MiB.
2026-10-09T07:21:44Z INFO [217/1000] 2d74a9bc-817f-422d-9f97-5703a54a9fc5: 118 arrays, 0.5 MB stored; 2.6 s; peak memory 183 MiB.
2026-10-09T07:21:45Z INFO [218/1000] 2d7656b8-247f-4baf-83f3-8bffa14b2be8: 69 arrays, 27.5 MB stored; 3.3 s; peak memory 183 MiB.
2026-10-09T07:21:46Z INFO [219/1000] 2d76c945-a3d4-44cd-96cd-1a330217b017: 112 arrays, 0.5 MB stored; 2.5 s; peak memory 183 MiB.
2026-10-09T07:21:46Z INFO [220/1000] 2d76c9ca-8940-4c3d-986f-fa6e783525c6: 116 arrays, 0.4 MB stored; 2.4 s; peak memory 183 MiB.
2026-10-09T07:21:46Z INFO [221/1000] 2d76d818-6424-472d-8561-1457eacc5e92: 117 arrays, 0.3 MB stored; 2.3 s; peak memory 183 MiB.
2026-10-09T07:21:47Z INFO [222/1000] 2d7219cc-5dcc-4e0b-9b2a-ae370e377816: 208 arrays, 48.9 MB stored; 8.9 s; peak memory 183 MiB.
2026-10-09T07:21:48Z INFO [223/1000] 2d77211d-d936-4b93-8273-7ba6d9f6fe65: 48 arrays, 83.9 MB stored; 2.2 s; peak memory 183 MiB.
2026-10-09T07:21:48Z INFO [224/1000] 2d7761d1-430c-4676-92cc-7b696330f26b: 48 arrays, 83.9 MB stored; 2.1 s; peak memory 183 MiB.
2026-10-09T07:21:48Z INFO [225/1000] 2d776de4-e068-4a98-a209-5a8dfcfb3c5a: 48 arrays, 83.9 MB stored; 2.1 s; peak memory 183 MiB.
2026-10-09T07:21:50Z INFO [226/1000] 2d7857d5-3f6b-4c83-993d-7c1a08d00ffc: 48 arrays, 83.9 MB stored; 1.9 s; peak memory 183 MiB.
2026-10-09T07:21:50Z INFO [227/1000] 2d787bbb-6a7d-4c43-97b4-047bf501c732: 48 arrays, 83.9 MB stored; 2.1 s; peak memory 183 MiB.
2026-10-09T07:21:50Z INFO [228/1000] 2d77fe7d-8a16-4e2f-a694-8e6153aece37: 112 arrays, 0.7 MB stored; 3.2 s; peak memory 183 MiB.
2026-10-09T07:21:51Z INFO [229/1000] 2d77b3a7-7183-4b1e-a7ba-6c8d24c6ffcd: 123 arrays, 4.6 MB stored; 4.6 s; peak memory 183 MiB.
2026-10-09T07:21:52Z INFO [230/1000] 2d79f9e7-a060-4da0-80f2-950b5673f974: 59 arrays, 116.4 MB stored; 2.7 s; peak memory 183 MiB.
2026-10-09T07:21:52Z INFO [231/1000] 2d7aaa74-e9ff-4a50-b5ab-86924f2130b4: 117 arrays, 0.4 MB stored; 2.3 s; peak memory 183 MiB.
2026-10-09T07:21:52Z INFO [232/1000] 2d7b1450-8795-437d-9f52-350b308d0c5d: 45 arrays, 0.0 MB stored; 1.7 s; peak memory 183 MiB.
2026-10-09T07:21:55Z INFO [233/1000] 2d7b7dd4-7cc1-4dc0-8840-49ffc2bd5dc6: 118 arrays, 0.3 MB stored; 2.5 s; peak memory 183 MiB.
2026-10-09T07:21:56Z INFO [234/1000] 2d7b7504-3ad4-4e4b-a5a4-ee4c379640b9: 70 arrays, 70.5 MB stored; 3.2 s; peak memory 183 MiB.
2026-10-09T07:21:56Z INFO [235/1000] 2d7b3e2f-b116-44d2-ab55-f9c6da2036ba: 117 arrays, 24.4 MB stored; 3.5 s; peak memory 183 MiB.
2026-10-09T07:21:56Z INFO [236/1000] 2d786e57-d959-4ffd-8a9f-504302092a23: 223 arrays, 397.1 MB stored; 8.4 s; peak memory 183 MiB.
2026-10-09T07:21:57Z INFO [237/1000] 2d7c429e-1716-4aaa-8b51-607c98d84b52: 56 arrays, 0.0 MB stored; 1.7 s; peak memory 183 MiB.
2026-10-09T07:21:57Z INFO [238/1000] 2d762d5b-79d1-441d-878f-9ad0eb4a728c: 4887 arrays, 19.6 MB stored; 14.8 s; peak memory 183 MiB.
2026-10-09T07:21:58Z INFO [239/1000] 2d7cdf59-7b1c-4164-b929-a2543338dc29: 48 arrays, 83.9 MB stored; 2.2 s; peak memory 183 MiB.
2026-10-09T07:21:58Z INFO [240/1000] 2d7d76e8-6a3e-4dc6-9626-8b3bc6b87784: 48 arrays, 83.9 MB stored; 2.1 s; peak memory 183 MiB.
2026-10-09T07:21:58Z INFO [241/1000] 2d7d9eb2-cd84-4830-956e-790edfca9149: 48 arrays, 83.9 MB stored; 2.1 s; peak memory 183 MiB.
2026-10-09T07:21:59Z INFO [242/1000] 2d7e5001-8040-47a7-b3ef-f781a5e87987: 71 arrays, 3.3 MB stored; 2.8 s; peak memory 183 MiB.
2026-10-09T07:22:00Z INFO [243/1000] 2d7fcf45-6b8e-4af5-823a-2e43a962795c: 46 arrays, 0.0 MB stored; 1.6 s; peak memory 183 MiB.
2026-10-09T07:22:00Z INFO [244/1000] 2d7fb87a-39d9-4299-80cd-c34282cdd797: 112 arrays, 0.3 MB stored; 2.3 s; peak memory 183 MiB.
2026-10-09T07:22:02Z INFO [245/1000] 2d801315-5bca-4af2-9c61-b879b9de34d4: 117 arrays, 0.4 MB stored; 2.2 s; peak memory 183 MiB.
2026-10-09T07:22:02Z INFO [246/1000] 2d801bd6-dd45-4928-be1c-014238afaef7: 62 arrays, 4631.5 MB stored; 2.5 s; peak memory 183 MiB.
2026-10-09T07:22:02Z INFO [247/1000] 2d803bfc-2308-43f6-a2f2-28551e27b75b: 116 arrays, 0.6 MB stored; 2.3 s; peak memory 183 MiB.
2026-10-09T07:22:03Z INFO [248/1000] 2d7ead8c-a47a-4e9b-b5d7-fe251b13249f: 429 arrays, 6.9 MB stored; 5.8 s; peak memory 183 MiB.
2026-10-09T07:22:03Z INFO [249/1000] 2d7f7d48-cf9c-43a8-ad4c-9b871d4966c1: 156 arrays, 193.4 MB stored; 5.1 s; peak memory 183 MiB.
2026-10-09T07:22:04Z INFO [250/1000] 2d80d5de-f49b-4b0a-b837-08701a8efb80: 48 arrays, 83.9 MB stored; 2.0 s; peak memory 183 MiB.
2026-10-09T07:22:04Z INFO [251/1000] 2d8124c7-9b4a-458c-8d1e-4077fffea7a3: 53 arrays, 0.1 MB stored; 1.8 s; peak memory 183 MiB.
2026-10-09T07:22:05Z INFO [252/1000] 2d81296d-6ca2-4148-be87-de9d5853db22: 48 arrays, 83.9 MB stored; 2.0 s; peak memory 183 MiB.
2026-10-09T07:22:05Z INFO [253/1000] 2d81289d-9fe5-4f10-bfa3-872e1733cdae: 85 arrays, 1.1 MB stored; 2.6 s; peak memory 183 MiB.
2026-10-09T07:22:05Z INFO [254/1000] 2d812477-4ed6-4927-b4a8-bacf4bd2da27: 110 arrays, 0.5 MB stored; 2.9 s; peak memory 183 MiB.
2026-10-09T07:22:06Z INFO [255/1000] 2d816429-7c9f-448f-85c2-e9abbb051c4c: 84 arrays, 0.2 MB stored; 2.2 s; peak memory 183 MiB.
2026-10-09T07:22:07Z INFO [256/1000] 2d819acd-eb0f-447b-826b-6715d1238a15: 112 arrays, 0.7 MB stored; 2.8 s; peak memory 183 MiB.
2026-10-09T07:22:07Z INFO [257/1000] 2d821d2e-38b7-405a-af54-d880013b6278: 52 arrays, 0.8 MB stored; 2.1 s; peak memory 183 MiB.
2026-10-09T07:22:08Z INFO [258/1000] 2d821f46-b9ad-4bad-a4d2-bc6946518651: 118 arrays, 0.3 MB stored; 2.3 s; peak memory 183 MiB.
2026-10-09T07:22:08Z INFO [259/1000] 2d82398d-33c6-442b-a93b-c09d1f106a42: 116 arrays, 0.4 MB stored; 2.6 s; peak memory 183 MiB.
2026-10-09T07:22:08Z INFO [260/1000] 2d825e43-b4c3-43a9-9cdb-8eb877170ef6: 48 arrays, 83.9 MB stored; 2.1 s; peak memory 183 MiB.
2026-10-09T07:22:09Z INFO [261/1000] 2d82b7fc-9d31-42d3-a20e-e8623e884353: 48 arrays, 83.9 MB stored; 2.1 s; peak memory 183 MiB.
2026-10-09T07:22:09Z INFO [262/1000] 2d835ddd-52a9-4f9c-ac18-f85452fff2e0: 46 arrays, 0.0 MB stored; 1.6 s; peak memory 183 MiB.
2026-10-09T07:22:10Z INFO [263/1000] 2d83ece8-b6d7-492a-9f6d-8b9e29755465: 61 arrays, 16.1 MB stored; 2.0 s; peak memory 183 MiB.
2026-10-09T07:22:10Z INFO [264/1000] 2d8307dc-40ea-46cf-8bf6-5d1294cf9db5: 112 arrays, 1.3 MB stored; 3.1 s; peak memory 183 MiB.
2026-10-09T07:22:10Z INFO [265/1000] 2d83629c-2713-4687-9eed-eff4a719b876: 118 arrays, 0.4 MB stored; 2.5 s; peak memory 183 MiB.
2026-10-09T07:22:12Z INFO [266/1000] 2d851eae-fe05-42b0-a0f0-459e8988b07d: 66 arrays, 34.7 MB stored; 2.5 s; peak memory 183 MiB.
2026-10-09T07:22:12Z INFO [267/1000] 2d86138b-4da6-40b1-921a-cc9e5f95470a: 39 arrays, 5.4 MB stored; 1.9 s; peak memory 183 MiB.
2026-10-09T07:22:12Z INFO [268/1000] 2d858195-78de-4fb4-9a8b-b6eaacf87220: 48 arrays, 83.9 MB stored; 2.1 s; peak memory 183 MiB.
2026-10-09T07:22:13Z INFO [269/1000] 2d862663-9b68-4d4c-97f7-25944e363fbf: 112 arrays, 0.7 MB stored; 2.6 s; peak memory 183 MiB.
2026-10-09T07:22:13Z INFO [270/1000] 2d84c2f9-d6ef-4041-9367-57fc18d3b2f6: 138 arrays, 4.8 MB stored; 4.3 s; peak memory 183 MiB.
2026-10-09T07:22:14Z INFO [271/1000] 2d866c1d-6905-4214-ab82-81cda409a79d: 52 arrays, 0.9 MB stored; 2.0 s; peak memory 183 MiB.
2026-10-09T07:22:14Z INFO [272/1000] 2d864cde-05c5-4417-92b7-5b8d611aa174: 112 arrays, 0.5 MB stored; 2.5 s; peak memory 183 MiB.
2026-10-09T07:22:16Z INFO [273/1000] 2d880099-a3db-41a6-9795-2b1f1e33799e: 69 arrays, 0.2 MB stored; 2.3 s; peak memory 183 MiB.
2026-10-09T07:22:18Z INFO [274/1000] 2d899c3d-20c8-4972-84be-e4d62ea3ab57: 117 arrays, 0.4 MB stored; 2.3 s; peak memory 183 MiB.
2026-10-09T07:22:21Z INFO [275/1000] 2d8ae01c-8e3e-4673-9a21-24d27c83d6c5: 66 arrays, 72.1 MB stored; 2.9 s; peak memory 183 MiB.
2026-10-09T07:22:23Z INFO [276/1000] 2d86c2d0-48d5-4cb9-9f6e-2eb4260bd450: 1067 arrays, 13.6 MB stored; 10.7 s; peak memory 183 MiB.
2026-10-09T07:22:25Z INFO [277/1000] 2d8b33d1-beff-4c91-9bca-ab02a3e3747d: 117 arrays, 0.4 MB stored; 2.3 s; peak memory 183 MiB.
2026-10-09T07:22:27Z INFO [278/1000] 2d8be6f0-996f-431a-83f2-bdd22267803d: 50 arrays, 2.9 MB stored; 1.9 s; peak memory 183 MiB.
2026-10-09T07:22:29Z INFO [279/1000] 2d86e08b-d81f-432d-9b0e-67e5e0452d3f: 1162 arrays, 17.2 MB stored; 15.9 s; peak memory 183 MiB.
2026-10-09T07:22:29Z INFO [280/1000] 2d8c100c-2ced-4a29-ba97-fcff37d5176a: 48 arrays, 83.9 MB stored; 1.9 s; peak memory 183 MiB.
2026-10-09T07:22:32Z INFO [281/1000] 2d8cb2e6-ec89-483b-bf8e-92a3003f8e66: 49 arrays, 619.8 MB stored; 3.0 s; peak memory 183 MiB.
2026-10-09T07:22:32Z INFO [282/1000] 2d8b0de0-d977-4c47-9e78-d98ac012a05e: 704 arrays, 16.7 MB stored; 11.5 s; peak memory 183 MiB.
2026-10-09T07:22:34Z INFO [283/1000] 2d8ccc0c-8ae8-45b0-bec7-7606f97c04dc: 48 arrays, 83.9 MB stored; 2.0 s; peak memory 183 MiB.
2026-10-09T07:22:34Z INFO [284/1000] 2d8d6cec-b7b7-4efc-ac1c-124b7222e511: 48 arrays, 83.9 MB stored; 2.1 s; peak memory 183 MiB.
2026-10-09T07:22:36Z INFO [285/1000] 2d8868d9-9412-430f-819a-cd0ba513aa5b: 38 arrays, 384.0 MB stored; 21.5 s; peak memory 183 MiB.
2026-10-09T07:22:36Z INFO [286/1000] 2d8dda09-bc2d-4be7-b544-84796128b4f7: 48 arrays, 83.9 MB stored; 2.0 s; peak memory 183 MiB.
2026-10-09T07:22:37Z INFO [287/1000] 2d8e8445-6728-4773-9611-c3c495deeb00: 48 arrays, 83.9 MB stored; 1.9 s; peak memory 183 MiB.
2026-10-09T07:22:39Z INFO [288/1000] 2d8ed670-a809-4aa4-a231-acc2ed11226b: 59 arrays, 117.1 MB stored; 2.7 s; peak memory 183 MiB.
2026-10-09T07:22:39Z INFO [289/1000] 2d8ede04-30de-48bf-8fe0-e96c328f6184: 48 arrays, 83.9 MB stored; 2.0 s; peak memory 183 MiB.
2026-10-09T07:22:41Z INFO [290/1000] 2d8c3fbe-9158-4e64-b2e4-6c2c3c5e8271: 342 arrays, 21.8 MB stored; 12.0 s; peak memory 183 MiB.
2026-10-09T07:22:42Z INFO [291/1000] 2d8f6718-b7b4-49d2-8ffd-49a9b5561ec0: 117 arrays, 0.2 MB stored; 2.1 s; peak memory 183 MiB.
2026-10-09T07:22:42Z INFO [292/1000] 2d8f43ba-c5f0-4ec8-8cb9-2e8efe04d03a: 90 arrays, 118.1 MB stored; 3.8 s; peak memory 183 MiB.
2026-10-09T07:22:44Z INFO [293/1000] 2d8fca9b-ad6f-4205-b9f0-e8f550e7451b: 170 arrays, 0.7 MB stored; 2.3 s; peak memory 183 MiB.
2026-10-09T07:22:45Z INFO [294/1000] 2d900eed-733d-49a2-850f-e0d865f903d9: 117 arrays, 0.3 MB stored; 2.4 s; peak memory 183 MiB.
2026-10-09T07:22:47Z INFO [295/1000] 2d5288f7-54b2-4e52-9eef-4433ae9b4d78: 55 arrays, 6710.8 MB stored; 139.6 s; peak memory 183 MiB.
2026-10-09T07:22:48Z INFO [296/1000] 2d90261c-6b2d-4666-989b-a8ad570537e7: 141 arrays, 189.4 MB stored; 4.2 s; peak memory 183 MiB.
2026-10-09T07:22:49Z INFO [297/1000] 2d904e3b-773c-4f4e-bce7-b6ba7cc87a06: 112 arrays, 0.3 MB stored; 2.4 s; peak memory 183 MiB.
2026-10-09T07:22:50Z INFO [298/1000] 2d90706c-8723-41b5-b094-2a65b3d653ba: 48 arrays, 83.9 MB stored; 2.0 s; peak memory 183 MiB.
2026-10-09T07:22:51Z INFO [299/1000] 2d89720b-f51a-4b42-a19e-686596ed4d4c: 1607 arrays, 38.1 MB stored; 36.5 s; peak memory 183 MiB.
2026-10-09T07:22:51Z INFO [300/1000] 2d907e7a-a52d-499a-8342-df134b5570bd: 48 arrays, 83.9 MB stored; 2.0 s; peak memory 183 MiB.
2026-10-09T07:22:52Z INFO [301/1000] 2d8fab9b-e5ac-460a-bc4b-ea69f8ec7394: 266 arrays, 1140.9 MB stored; 11.3 s; peak memory 183 MiB.
2026-10-09T07:22:53Z INFO [302/1000] 2d908c8c-2ddf-4216-be1d-0d73ce2d4de2: 112 arrays, 0.3 MB stored; 2.4 s; peak memory 183 MiB.
2026-10-09T07:22:53Z INFO [303/1000] 2d90f423-41a0-4e8d-8bf9-56056fbe97bf: 117 arrays, 0.5 MB stored; 2.4 s; peak memory 183 MiB.
2026-10-09T07:22:53Z INFO [304/1000] 2d903ebf-062f-45c0-81d8-a28b493262e6: 523 arrays, 7.0 MB stored; 8.2 s; peak memory 183 MiB.
2026-10-09T07:22:54Z INFO [305/1000] 2d92257c-80f8-45fc-96ac-798d79f5e530: 112 arrays, 0.8 MB stored; 2.7 s; peak memory 183 MiB.
2026-10-09T07:22:54Z INFO [306/1000] 2d8debb2-d883-4960-ba30-8abdb7b27926: 277 arrays, 675.9 MB stored; 20.0 s; peak memory 183 MiB.
2026-10-09T07:22:55Z INFO [307/1000] 2d95c506-14a1-4c27-a046-66d87fe1ecca: 117 arrays, 0.3 MB stored; 2.4 s; peak memory 183 MiB.
2026-10-09T07:22:56Z INFO [308/1000] 2d95e45f-4bd7-4d34-9634-a2c8c393bbf3: 66 arrays, 47.7 MB stored; 2.5 s; peak memory 183 MiB.
2026-10-09T07:22:57Z INFO [309/1000] 2d94ae97-5b9b-437a-a5fa-5ae18e69bad9: 116 arrays, 187.1 MB stored; 4.5 s; peak memory 183 MiB.
2026-10-09T07:22:57Z INFO [310/1000] 2d97b37b-ed3c-4284-ae2a-9f47f09f3778: 54 arrays, 0.0 MB stored; 1.8 s; peak memory 183 MiB.
2026-10-09T07:22:58Z INFO [311/1000] 2d981864-c4d9-4476-9fa0-29ace0ef7774: 118 arrays, 0.2 MB stored; 2.3 s; peak memory 183 MiB.
2026-10-09T07:22:59Z INFO [312/1000] 2d966913-dbd0-49b4-aa22-b781cd055974: 114 arrays, 186.8 MB stored; 4.6 s; peak memory 183 MiB.
2026-10-09T07:22:59Z INFO [313/1000] 2d998d06-8809-4a40-9561-e63bc3153a5e: 117 arrays, 0.2 MB stored; 2.2 s; peak memory 183 MiB.
2026-10-09T07:23:00Z INFO [314/1000] 2d99636d-6d7d-4d5a-a5ab-099cc1af4896: 117 arrays, 0.4 MB stored; 2.4 s; peak memory 183 MiB.
2026-10-09T07:23:00Z INFO [315/1000] 2d99f1f6-cf9c-49a1-ae05-14ae8d90cd54: 48 arrays, 83.9 MB stored; 2.2 s; peak memory 183 MiB.
2026-10-09T07:23:02Z INFO [316/1000] 2d9aacf0-1541-4d4e-99d3-839b19d1a6a4: 116 arrays, 0.2 MB stored; 2.3 s; peak memory 183 MiB.
2026-10-09T07:23:02Z INFO [317/1000] 2d9a927f-ba8b-44a7-ae99-6c4d4c4066d5: 110 arrays, 0.2 MB stored; 2.4 s; peak memory 183 MiB.
2026-10-09T07:23:03Z INFO [318/1000] 2d9ab11a-7360-4ebe-8867-2a83fc79785a: 66 arrays, 94.5 MB stored; 2.7 s; peak memory 183 MiB.
2026-10-09T07:23:04Z INFO [319/1000] 2d9b43a0-4724-40ef-aa93-e2e361db4820: 63 arrays, 0.1 MB stored; 1.9 s; peak memory 183 MiB.
2026-10-09T07:23:04Z INFO [320/1000] 2d9a71eb-88b2-40f7-a749-0979cc516d22: 156 arrays, 193.4 MB stored; 5.1 s; peak memory 183 MiB.
2026-10-09T07:23:05Z INFO [321/1000] 2d9c516b-f7f2-4c9c-94fa-c7be388198d6: 48 arrays, 83.9 MB stored; 2.1 s; peak memory 183 MiB.
2026-10-09T07:23:06Z INFO [322/1000] 2d968ac8-477d-4e9d-9a56-f539304553b2: 541 arrays, 29.1 MB stored; 11.2 s; peak memory 183 MiB.
2026-10-09T07:23:06Z INFO [323/1000] 2d9d1e07-e36e-42ac-9e33-7d79b144f90f: 116 arrays, 0.3 MB stored; 2.3 s; peak memory 183 MiB.
2026-10-09T07:23:07Z INFO [324/1000] 2d9b20f7-5b0e-44f4-b039-be7a8dc5ace7: 115 arrays, 190.1 MB stored; 4.7 s; peak memory 183 MiB.
2026-10-09T07:23:07Z INFO [325/1000] 2d3adb33-afd2-4c07-9557-25d0c4fd01da: 167 arrays, 23856.8 MB stored; 205.9 s; peak memory 183 MiB.
2026-10-09T07:23:08Z INFO [326/1000] 2d9f37ec-0a1f-4ac5-ac75-0970eb9520f6: 114 arrays, 186.8 MB stored; 4.3 s; peak memory 183 MiB.
2026-10-09T07:23:08Z INFO [327/1000] 2d9fe19d-438f-4faf-aa96-99d7593568fc: 112 arrays, 0.9 MB stored; 2.5 s; peak memory 183 MiB.
2026-10-09T07:23:08Z INFO [328/1000] 2da0a687-008e-44ae-8038-bd9ed81b8556: 48 arrays, 83.9 MB stored; 2.0 s; peak memory 183 MiB.
2026-10-09T07:23:10Z INFO [329/1000] 2da1f224-9a95-4948-9ff5-aa63471b799f: 48 arrays, 83.9 MB stored; 2.1 s; peak memory 183 MiB.
2026-10-09T07:23:11Z INFO [330/1000] 2da09c18-8d2e-4aaf-923c-ff869efa3d6b: 320 arrays, 2.7 MB stored; 5.0 s; peak memory 183 MiB.
2026-10-09T07:23:11Z INFO [331/1000] 2da200df-a879-4220-9a64-b95c2164d4b0: 69 arrays, 55.4 MB stored; 2.8 s; peak memory 183 MiB.
2026-10-09T07:23:12Z INFO [332/1000] 2d7b0050-0e6f-4ac9-a0a5-f3646fa65a97: 3132 arrays, 247.0 MB stored; 82.0 s; peak memory 183 MiB.
2026-10-09T07:23:13Z INFO [333/1000] 2da28bcf-aad8-47a9-ad91-547d6f590a5d: 48 arrays, 83.9 MB stored; 2.0 s; peak memory 183 MiB.
2026-10-09T07:23:14Z INFO [334/1000] 2d927a57-e01c-48e4-a159-e6520761c518: 682 arrays, 1144.1 MB stored; 22.4 s; peak memory 183 MiB.
2026-10-09T07:23:15Z INFO [335/1000] 2da31023-c60a-49af-bd79-90d56a26aa00: 42 arrays, 259.8 MB stored; 2.1 s; peak memory 183 MiB.
2026-10-09T07:23:16Z INFO [336/1000] 2da26eb3-8b6b-4fbd-b4de-99ff25599957: 217 arrays, 5.0 MB stored; 5.0 s; peak memory 183 MiB.
2026-10-09T07:23:16Z INFO [337/1000] 2da364cd-e4fb-4065-acd5-dd5a5a876209: 48 arrays, 83.9 MB stored; 2.0 s; peak memory 183 MiB.
2026-10-09T07:23:19Z INFO [338/1000] 2da0e9ac-845b-44f0-bc4b-b4a51669586f: 257 arrays, 166.9 MB stored; 10.6 s; peak memory 183 MiB.
2026-10-09T07:23:19Z INFO [339/1000] 2da3c07f-5fe5-4814-ad98-6ca00f99ad44: 116 arrays, 0.5 MB stored; 2.7 s; peak memory 183 MiB.
2026-10-09T07:23:21Z INFO [340/1000] 2da3c3f2-a095-4d2e-ad83-69313ddca13f: 138 arrays, 4.8 MB stored; 4.1 s; peak memory 183 MiB.
2026-10-09T07:23:23Z INFO [341/1000] 2da3e092-52d5-40f3-83d2-5d3891e86b9e: 112 arrays, 1.0 MB stored; 2.9 s; peak memory 183 MiB.
2026-10-09T07:23:24Z INFO [342/1000] 2da3ca71-7099-4725-a20d-47ba3155d39a: 85 arrays, 1249.7 MB stored; 5.0 s; peak memory 183 MiB.
2026-10-09T07:23:26Z INFO [343/1000] 2da435f6-9399-41de-ab58-482808dd4bc7: 79 arrays, 1.0 MB stored; 2.4 s; peak memory 183 MiB.
2026-10-09T07:23:26Z INFO [344/1000] 2da48ea9-9683-4655-8be4-031254086584: 64 arrays, 18.7 MB stored; 2.7 s; peak memory 183 MiB.
2026-10-09T07:23:33Z INFO [345/1000] 2da398c0-27ee-4965-97af-50ceebc2ccf0: 979 arrays, 29.3 MB stored; 17.2 s; peak memory 183 MiB.
2026-10-09T07:23:35Z INFO [346/1000] 2da67a81-34ae-44e6-ad59-7d6fcbb5c5ca: 66 arrays, 107.9 MB stored; 2.7 s; peak memory 183 MiB.
2026-10-09T07:23:37Z INFO [347/1000] 2d9f7585-247d-449f-9098-f58526b68bd3: 48 arrays, 39412.7 MB stored; 31.9 s; peak memory 183 MiB.
2026-10-09T07:23:37Z INFO [348/1000] 2da68679-37a0-467a-b083-b9bff475973b: 48 arrays, 83.9 MB stored; 2.1 s; peak memory 183 MiB.
2026-10-09T07:23:39Z INFO [349/1000] 2da79ec7-5559-403a-86c8-ab395ca7f755: 57 arrays, 0.0 MB stored; 1.7 s; peak memory 183 MiB.
2026-10-09T07:23:41Z INFO [350/1000] 2da7bfbd-8d9d-4be9-be88-280b1411cd59: 40 arrays, 14.0 MB stored; 1.9 s; peak memory 183 MiB.
2026-10-09T07:23:43Z INFO [351/1000] 2da969d6-b749-4d6b-8742-99198ac5dbf5: 112 arrays, 0.7 MB stored; 2.5 s; peak memory 183 MiB.
2026-10-09T07:23:45Z INFO [352/1000] 2da9bb2b-2c27-4e6c-8881-aed4d5c55e96: 63 arrays, 0.1 MB stored; 1.9 s; peak memory 183 MiB.
2026-10-09T07:23:47Z INFO [353/1000] 2daa620c-49b0-4431-a722-060b829ada1c: 57 arrays, 0.0 MB stored; 1.6 s; peak memory 183 MiB.
2026-10-09T07:23:49Z INFO [354/1000] 2daaf56d-023b-41a6-8ae2-c7e8bdc7734a: 52 arrays, 18.2 MB stored; 2.2 s; peak memory 183 MiB.
2026-10-09T07:23:51Z INFO [355/1000] 2dab033a-32e5-492f-b66d-32e2c8c61756: 38 arrays, 0.5 MB stored; 1.8 s; peak memory 183 MiB.
2026-10-09T07:23:53Z INFO [356/1000] 2dab515d-c42e-4208-b622-13d2ff73e277: 48 arrays, 83.9 MB stored; 1.9 s; peak memory 183 MiB.
2026-10-09T07:23:53Z INFO [357/1000] 2da55030-711c-4951-8081-fab3a79d8288: 829 arrays, 25.1 MB stored; 26.5 s; peak memory 183 MiB.
2026-10-09T07:23:55Z INFO [358/1000] 2dabb43b-c28f-413a-838f-7fc65f5b6aca: 48 arrays, 83.9 MB stored; 2.0 s; peak memory 183 MiB.
2026-10-09T07:23:55Z INFO [359/1000] 2dab8829-9af9-457e-84c2-c76c288420f6: 48 arrays, 83.9 MB stored; 2.1 s; peak memory 183 MiB.
2026-10-09T07:24:11Z INFO [360/1000] 2da6d3f9-4a66-42c3-91a8-f4f0a739b554: 48 arrays, 44437.9 MB stored; 34.4 s; peak memory 183 MiB.
2026-10-09T07:24:13Z INFO [361/1000] 2dac1615-eed1-4847-a69a-c6bb7b38985c: 98 arrays, 128.8 MB stored; 17.7 s; peak memory 183 MiB.
2026-10-09T07:24:14Z INFO [362/1000] 2dac4c4e-5791-4eb4-b6a9-372541e892e6: 65 arrays, 7.4 MB stored; 2.5 s; peak memory 183 MiB.
2026-10-09T07:24:15Z INFO [363/1000] 2dacc3b2-7dd4-4693-be96-b21a9ad61491: 48 arrays, 83.9 MB stored; 2.0 s; peak memory 183 MiB.
2026-10-09T07:24:16Z INFO [364/1000] 2dace050-ccc2-4e2e-bc18-c57feead7a4f: 48 arrays, 83.9 MB stored; 2.0 s; peak memory 183 MiB.
2026-10-09T07:24:16Z INFO [365/1000] 2dabbc3e-fbf3-4bc3-a858-b9447c698cbf: 432 arrays, 686.5 MB stored; 20.9 s; peak memory 183 MiB.
2026-10-09T07:24:16Z INFO [366/1000] 2dade966-133f-47b0-949a-835bac239578: 48 arrays, 83.9 MB stored; 1.9 s; peak memory 183 MiB.
2026-10-09T07:24:18Z INFO [367/1000] 2dae577c-f938-4641-a644-fb0b085fa674: 59 arrays, 0.2 MB stored; 2.0 s; peak memory 183 MiB.
2026-10-09T07:24:19Z INFO [368/1000] 2daf0627-a174-4222-99ff-22b4f7473572: 112 arrays, 0.8 MB stored; 3.0 s; peak memory 183 MiB.
2026-10-09T07:24:22Z INFO [369/1000] 2dafd0f0-13bc-4b62-95f5-019c0a280189: 117 arrays, 0.5 MB stored; 2.4 s; peak memory 183 MiB.
2026-10-09T07:24:22Z INFO [370/1000] 2da4b342-e815-4ab5-94de-2301714cf0c9: 2906 arrays, 854.2 MB stored; 56.2 s; peak memory 183 MiB.
2026-10-09T07:24:24Z INFO [371/1000] 2db0033a-982b-428f-b7bd-afdaee403cc0: 52 arrays, 11.6 MB stored; 2.2 s; peak memory 183 MiB.
2026-10-09T07:24:26Z INFO [372/1000] 2db0e6dc-c96d-4f5c-b2df-362b52e6532d: 48 arrays, 83.9 MB stored; 1.9 s; peak memory 183 MiB.
2026-10-09T07:24:27Z INFO [373/1000] 2db043c7-64fb-47ca-8c6f-f4c18eaf9b3a: 283 arrays, 7.2 MB stored; 5.4 s; peak memory 183 MiB.
2026-10-09T07:24:27Z INFO [374/1000] 2da22a9c-f6b1-430c-a4d4-bfa7d3c643a6: 55 arrays, 3091.8 MB stored; 77.3 s; peak memory 183 MiB.
2026-10-09T07:24:28Z INFO [375/1000] 2da3c965-6808-4ef8-8c0d-1a2eefabc252: 1012 arrays, 256.0 MB stored; 69.4 s; peak memory 183 MiB.
2026-10-09T07:24:29Z INFO [376/1000] 2db0f509-24eb-408f-9104-28df2cec67ff: 66 arrays, 47.6 MB stored; 2.5 s; peak memory 183 MiB.
2026-10-09T07:24:29Z INFO [377/1000] 2db1ecb6-6c22-43a3-989a-464f34c310c5: 50 arrays, 0.6 MB stored; 1.9 s; peak memory 183 MiB.
2026-10-09T07:24:30Z INFO [378/1000] 2db21d3d-f77b-4ea9-8eb4-a51bf7bd19ec: 53 arrays, 0.0 MB stored; 1.8 s; peak memory 183 MiB.
2026-10-09T07:24:32Z INFO [379/1000] 2db3a2c0-59f0-491c-9ab2-5a2a8ca5b96c: 48 arrays, 83.9 MB stored; 2.0 s; peak memory 183 MiB.
2026-10-09T07:24:32Z INFO [380/1000] 2db2f006-a622-44a4-9043-2921e146ef48: 75 arrays, 112.2 MB stored; 3.0 s; peak memory 183 MiB.
2026-10-09T07:24:34Z INFO [381/1000] 2db3a733-fbba-4787-91a0-85d7b7962d22: 48 arrays, 83.9 MB stored; 2.2 s; peak memory 183 MiB.
2026-10-09T07:24:34Z INFO [382/1000] 2db3b824-04d7-4740-ac31-c8160caf0f65: 117 arrays, 0.2 MB stored; 2.1 s; peak memory 183 MiB.
2026-10-09T07:24:36Z INFO [383/1000] 2db40b84-ec88-4fe3-b4d6-452b06ef0094: 101 arrays, 0.1 MB stored; 2.2 s; peak memory 183 MiB.
2026-10-09T07:24:37Z INFO [384/1000] 2db41943-ff08-4ad5-b9bc-2a929b87ca83: 112 arrays, 0.6 MB stored; 2.5 s; peak memory 183 MiB.
2026-10-09T07:24:40Z INFO [385/1000] 2db27e2f-7384-4367-8a7b-9a756eb57638: 390 arrays, 17.2 MB stored; 11.8 s; peak memory 183 MiB.
2026-10-09T07:24:42Z INFO [386/1000] 2dadf05a-6499-4aef-948f-88f265619071: 1453 arrays, 36.1 MB stored; 26.6 s; peak memory 183 MiB.
2026-10-09T07:24:42Z INFO [387/1000] 2db46a65-157d-4bc7-9179-9b3bf8d7a5c6: 74 arrays, 2.4 MB stored; 2.2 s; peak memory 183 MiB.
2026-10-09T07:24:44Z INFO [388/1000] 2db54bbe-457d-4e8c-ba21-6cb9ca73ef30: 46 arrays, 0.1 MB stored; 1.7 s; peak memory 183 MiB.
2026-10-09T07:24:44Z INFO [389/1000] 2db45da6-0d3f-4784-810b-afd56bbaf2c6: 101 arrays, 30.9 MB stored; 7.5 s; peak memory 183 MiB.
2026-10-09T07:24:45Z INFO [390/1000] 2db51501-9606-4e3b-a975-ebecc5bf992d: 49 arrays, 1761.1 MB stored; 2.7 s; peak memory 183 MiB.
2026-10-09T07:24:47Z INFO [391/1000] 2db45377-3231-4f5d-818c-3b29f8956db3: 794 arrays, 9.8 MB stored; 10.3 s; peak memory 183 MiB.
2026-10-09T07:24:47Z INFO [392/1000] 2db5bfc0-2865-400b-abca-6280178c3d38: 275 arrays, 17.2 MB stored; 2.8 s; peak memory 183 MiB.
2026-10-09T07:24:48Z INFO [393/1000] 2db68dc4-d0ef-4610-9567-9ec03ddc7970: 110 arrays, 0.6 MB stored; 2.7 s; peak memory 183 MiB.
2026-10-09T07:24:48Z INFO [394/1000] 2daf16aa-bdc9-4f7a-8fed-d0825029e37b: 794 arrays, 24.0 MB stored; 29.9 s; peak memory 183 MiB.
2026-10-09T07:24:49Z INFO [395/1000] 2db6cccf-d3d4-41e8-8372-b777ddcbf318: 48 arrays, 83.9 MB stored; 2.1 s; peak memory 183 MiB.
2026-10-09T07:24:49Z INFO [396/1000] 2db74fa3-01c5-466a-ad7e-5c5308282c45: 37 arrays, 0.0 MB stored; 1.7 s; peak memory 183 MiB.
2026-10-09T07:24:50Z INFO [397/1000] 2db5c0f0-32e8-4284-acc4-f9c0614f813f: 156 arrays, 193.4 MB stored; 5.2 s; peak memory 183 MiB.
2026-10-09T07:24:50Z INFO [398/1000] 2db6eef4-62f5-43d9-98bd-a92ca88877c3: 113 arrays, 0.9 MB stored; 3.0 s; peak memory 183 MiB.
2026-10-09T07:24:50Z INFO [399/1000] 2db6eefb-3cf1-465b-b8c1-099e6e29af24: 131 arrays, 0.6 MB stored; 2.7 s; peak memory 183 MiB.
2026-10-09T07:24:50Z INFO [400/1000] 2da0c6f5-ab27-413a-ab14-20f5fbe7a014: 14509 arrays, 162.6 MB stored; 103.3 s; peak memory 193 MiB.
2026-10-09T07:24:51Z INFO [400/1000] 2da0c6f5-ab27-413a-ab14-20f5fbe7a014: checkpointed 400 new records.
2026-10-09T07:24:51Z INFO [401/1000] 2db15ad2-9dd3-4a53-b5b5-adedebbbc860: 5681 arrays, 1322.3 MB stored; 23.0 s; peak memory 292 MiB.
2026-10-09T07:24:51Z INFO [402/1000] 2db7d399-77fb-4760-bfb7-9c763aee2be6: 112 arrays, 0.4 MB stored; 2.6 s; peak memory 292 MiB.
2026-10-09T07:24:51Z INFO [403/1000] 2db8ac0e-050e-4e64-9a65-5d1a0d8a66b6: 48 arrays, 83.9 MB stored; 2.1 s; peak memory 292 MiB.
2026-10-09T07:24:52Z INFO [404/1000] 2db9d0af-8972-48a3-ae85-6dc6cf6e7424: 70 arrays, 25.2 MB stored; 2.7 s; peak memory 292 MiB.
2026-10-09T07:24:53Z INFO [405/1000] 2dbbc577-3a04-4448-b911-14221d45bc33: 48 arrays, 83.9 MB stored; 2.3 s; peak memory 292 MiB.
2026-10-09T07:24:53Z INFO [406/1000] 2dba1be1-efea-41c6-86c7-171b898bccba: 110 arrays, 1.1 MB stored; 3.3 s; peak memory 292 MiB.
2026-10-09T07:24:53Z INFO [407/1000] 2dbbec5a-41bb-4bb6-8b2a-33f9cafabb0c: 247 arrays, 17.1 MB stored; 3.0 s; peak memory 292 MiB.
2026-10-09T07:24:54Z INFO [408/1000] 2dbbfd55-f58d-4fef-8cab-ccdbcafaec3b: 112 arrays, 0.5 MB stored; 3.1 s; peak memory 292 MiB.
2026-10-09T07:24:54Z INFO [409/1000] 2dbe0d10-1b1f-467f-a623-ac41f74d945d: 46 arrays, 312.5 MB stored; 2.2 s; peak memory 292 MiB.
2026-10-09T07:24:55Z INFO [410/1000] 2dbeddc8-9b09-4767-b273-a2719b881d19: 48 arrays, 83.9 MB stored; 2.0 s; peak memory 292 MiB.
2026-10-09T07:24:56Z INFO [411/1000] 2dbf26cb-446d-48c5-b0e6-fa7f9b113785: 48 arrays, 83.9 MB stored; 2.1 s; peak memory 292 MiB.
2026-10-09T07:24:56Z INFO [412/1000] 2dbc4a42-f0ca-42e1-8bdf-162025e665df: 90 arrays, 123.1 MB stored; 4.5 s; peak memory 292 MiB.
2026-10-09T07:24:56Z INFO [413/1000] 2dbef024-7872-4742-a08f-b426ff582823: 85 arrays, 1.0 MB stored; 2.5 s; peak memory 292 MiB.
2026-10-09T07:24:56Z INFO [414/1000] 2dc01ab7-1cf8-4f9a-923d-671742050c2d: 117 arrays, 0.2 MB stored; 2.5 s; peak memory 292 MiB.
2026-10-09T07:24:57Z INFO [415/1000] 2dc01efd-4d9e-4d37-82cd-6c94ff4ea0cb: 84 arrays, 0.1 MB stored; 2.2 s; peak memory 292 MiB.
2026-10-09T07:24:58Z INFO [416/1000] 2dc02af9-29e3-4876-b3cb-6a8db10dac63: 48 arrays, 83.9 MB stored; 2.0 s; peak memory 292 MiB.
2026-10-09T07:24:58Z INFO [417/1000] 2dc0fa3d-0aae-440a-8cc7-c562d71329ad: 42 arrays, 5.4 MB stored; 2.0 s; peak memory 292 MiB.
2026-10-09T07:24:58Z INFO [418/1000] 2dc0c194-e613-4387-8982-04c86eb97364: 48 arrays, 83.9 MB stored; 2.2 s; peak memory 292 MiB.
2026-10-09T07:24:59Z INFO [419/1000] 2dc15ad2-1761-4289-b493-94f271a78e68: 118 arrays, 0.3 MB stored; 2.3 s; peak memory 292 MiB.
2026-10-09T07:25:00Z INFO [420/1000] 2dc131c4-5f14-48e1-ad4f-40a038d29726: 112 arrays, 1.2 MB stored; 3.5 s; peak memory 292 MiB.
2026-10-09T07:25:00Z INFO [421/1000] 2dc18fcf-8814-4661-8c3a-3d47d328711d: 46 arrays, 0.3 MB stored; 1.9 s; peak memory 292 MiB.
2026-10-09T07:25:00Z INFO [422/1000] 2dc15cb8-df55-4edb-9042-e7669d12aceb: 118 arrays, 0.5 MB stored; 2.5 s; peak memory 292 MiB.
2026-10-09T07:25:00Z INFO [423/1000] 2dc314ba-00ca-4a5f-a394-2e7551576a16: 69 arrays, 0.8 MB stored; 2.5 s; peak memory 292 MiB.
2026-10-09T07:25:01Z INFO [424/1000] 2dc005aa-5345-4e8d-994a-6d32286db1ee: 110 arrays, 4634.3 MB stored; 7.1 s; peak memory 292 MiB.
2026-10-09T07:25:01Z INFO [425/1000] 2dc35968-890e-4a83-98b2-18e67dcbb411: 46 arrays, 0.1 MB stored; 1.7 s; peak memory 292 MiB.
2026-10-09T07:25:01Z INFO [426/1000] 2dbe17dc-33e0-4e5c-a801-4393b4c95bee: 225 arrays, 372.6 MB stored; 9.0 s; peak memory 292 MiB.
2026-10-09T07:25:02Z INFO [427/1000] 2dc3b51d-108a-402f-86cb-f59c785f18a9: 48 arrays, 83.9 MB stored; 1.9 s; peak memory 292 MiB.
2026-10-09T07:25:02Z INFO [428/1000] 2dc4bd8d-eb55-4450-9483-f9245595dfa6: 48 arrays, 83.9 MB stored; 2.3 s; peak memory 292 MiB.
2026-10-09T07:25:03Z INFO [429/1000] 2dc5713a-947c-49bf-aa04-149d28e60430: 117 arrays, 0.3 MB stored; 2.5 s; peak memory 292 MiB.
2026-10-09T07:25:03Z INFO [430/1000] 2dc5cdb9-630a-44ff-8420-fd13aec0f106: 110 arrays, 0.5 MB stored; 2.7 s; peak memory 292 MiB.
2026-10-09T07:25:04Z INFO [431/1000] 2dc57ca5-cfe2-4217-a752-ba36e789807d: 117 arrays, 18.9 MB stored; 3.5 s; peak memory 292 MiB.
2026-10-09T07:25:04Z INFO [432/1000] 2dc62090-9f71-493b-9ad2-bcb4e545ceb6: 117 arrays, 0.2 MB stored; 2.3 s; peak memory 292 MiB.
2026-10-09T07:25:04Z INFO [433/1000] 2dc6031e-83d8-410e-a020-fc74bd86a895: 71 arrays, 3.4 MB stored; 3.2 s; peak memory 292 MiB.
2026-10-09T07:25:05Z INFO [434/1000] 2dc64ff5-1b9d-405b-a652-2c07e0168370: 42 arrays, 0.4 MB stored; 2.1 s; peak memory 292 MiB.
2026-10-09T07:25:06Z INFO [435/1000] 2dc6ca58-2936-4043-91e7-c4a15f58f20a: 52 arrays, 8.7 MB stored; 2.1 s; peak memory 292 MiB.
2026-10-09T07:25:06Z INFO [436/1000] 2dc7a10a-bd80-4c83-b1c8-a4dc59fae5cd: 48 arrays, 83.9 MB stored; 2.1 s; peak memory 292 MiB.
2026-10-09T07:25:07Z INFO [437/1000] 2dc96e97-1d9a-499e-9496-d313ae175779: 48 arrays, 83.9 MB stored; 2.0 s; peak memory 292 MiB.
2026-10-09T07:25:07Z INFO [438/1000] 2dc8a37f-48ca-4181-b14d-1d5c7d2d9613: 48 arrays, 83.9 MB stored; 2.1 s; peak memory 292 MiB.
2026-10-09T07:25:07Z INFO [439/1000] 2dca0a1a-f2a4-4fc7-836b-130884a9260c: 110 arrays, 0.4 MB stored; 2.6 s; peak memory 292 MiB.
2026-10-09T07:25:08Z INFO [440/1000] 2dca44d6-b5d9-4af3-9be3-fe3c71b75db4: 48 arrays, 83.9 MB stored; 2.1 s; peak memory 292 MiB.
2026-10-09T07:25:09Z INFO [441/1000] 2dcb57a4-cbbf-4773-8285-74600cbd45ef: 48 arrays, 83.9 MB stored; 2.1 s; peak memory 292 MiB.
2026-10-09T07:25:09Z INFO [442/1000] 2dca730e-3b26-42dd-b1f2-ecc0771b6a0a: 48 arrays, 83.9 MB stored; 2.2 s; peak memory 292 MiB.
2026-10-09T07:25:09Z INFO [443/1000] 2dca53fd-81a1-49a3-9978-2148cfb3c207: 117 arrays, 0.4 MB stored; 2.7 s; peak memory 292 MiB.
2026-10-09T07:25:10Z INFO [444/1000] 2dcc18ff-6b69-4022-8368-f0a20d58fa75: 38 arrays, 0.5 MB stored; 2.0 s; peak memory 292 MiB.
2026-10-09T07:25:10Z INFO [445/1000] 2dcbab90-8a8d-4629-ad21-6bc84a34b472: 117 arrays, 0.5 MB stored; 2.4 s; peak memory 292 MiB.
2026-10-09T07:25:11Z INFO [446/1000] 2dcd4fcc-1a05-476d-8565-f98ef230a5b1: 48 arrays, 83.9 MB stored; 2.0 s; peak memory 292 MiB.
2026-10-09T07:25:11Z INFO [447/1000] 2dcc7097-130d-4079-a98d-5be344e56f37: 117 arrays, 0.4 MB stored; 2.5 s; peak memory 292 MiB.
2026-10-09T07:25:12Z INFO [448/1000] 2dcfaa32-204a-43da-b1a7-b13b959592c0: 46 arrays, 0.1 MB stored; 1.7 s; peak memory 292 MiB.
2026-10-09T07:25:12Z INFO [449/1000] 2dcd6290-ec8a-4c98-b835-a443b9dedb6f: 112 arrays, 0.3 MB stored; 2.8 s; peak memory 292 MiB.
2026-10-09T07:25:12Z INFO [450/1000] 2dce38a5-d072-474b-bb99-263b3fb53321: 118 arrays, 0.3 MB stored; 2.5 s; peak memory 292 MiB.
2026-10-09T07:25:13Z INFO [451/1000] 2dd06c9e-2523-4e0a-92b6-a3c37ca8671e: 47 arrays, 0.2 MB stored; 1.9 s; peak memory 292 MiB.
2026-10-09T07:25:14Z INFO [452/1000] 2dd246e0-b81a-4d2e-aade-abd81e2ec3d1: 48 arrays, 83.9 MB stored; 2.1 s; peak memory 292 MiB.
2026-10-09T07:25:15Z INFO [453/1000] 2dd38b35-bd2b-4494-a1af-0176710ad914: 71 arrays, 3.3 MB stored; 2.7 s; peak memory 292 MiB.
2026-10-09T07:25:15Z INFO [454/1000] 2dd2ad7a-4f22-4157-8f96-7d12f414059f: 38 arrays, 25.7 MB stored; 3.6 s; peak memory 292 MiB.
2026-10-09T07:25:16Z INFO [455/1000] 2dd43d28-720f-47e5-862c-b2d8ba38292a: 48 arrays, 83.9 MB stored; 2.1 s; peak memory 292 MiB.
2026-10-09T07:25:16Z INFO [456/1000] 2dc60966-af06-4755-8ab9-654fe9f85097: 11477 arrays, 225.8 MB stored; 14.4 s; peak memory 292 MiB.
2026-10-09T07:25:18Z INFO [457/1000] 2dd5a227-2679-4b7b-bb8b-7b6e95485285: 48 arrays, 83.9 MB stored; 2.1 s; peak memory 292 MiB.
2026-10-09T07:25:20Z INFO [458/1000] 2dd611a3-cf79-4325-b289-2b159de42982: 66 arrays, 117.1 MB stored; 3.4 s; peak memory 292 MiB.
2026-10-09T07:25:20Z INFO [459/1000] 2dd58899-a670-4068-b594-584be94f8e82: 141 arrays, 1.3 MB stored; 4.3 s; peak memory 292 MiB.
2026-10-09T07:25:20Z INFO [460/1000] 2dd3f198-bf3a-4aad-9c30-e5b9c3369380: 538 arrays, 8.0 MB stored; 8.0 s; peak memory 292 MiB.
2026-10-09T07:25:22Z INFO [461/1000] 2dd6237c-e58c-4be2-a334-c45f857a2aaa: 71 arrays, 65.7 MB stored; 3.8 s; peak memory 292 MiB.
2026-10-09T07:25:23Z INFO [462/1000] 2dd49b78-4c6f-4a42-b730-b87b865381c9: 536 arrays, 5.5 MB stored; 8.1 s; peak memory 292 MiB.
2026-10-09T07:25:24Z INFO [463/1000] 2dd6f83f-62f4-4bc2-bc1d-f3968f5354e4: 48 arrays, 83.9 MB stored; 1.9 s; peak memory 292 MiB.
2026-10-09T07:25:24Z INFO [464/1000] 2dd6b4cc-e7b2-4d1f-ad33-dd72f6fc56ef: 153 arrays, 3.3 MB stored; 4.9 s; peak memory 292 MiB.
2026-10-09T07:25:25Z INFO [465/1000] 2dc569b4-9756-44b9-a333-1cdc3c7a17bd: 467 arrays, 2381.2 MB stored; 24.5 s; peak memory 292 MiB.
2026-10-09T07:25:26Z INFO [466/1000] 2dd76583-8867-4a0c-a806-8dc251cc7061: 46 arrays, 0.1 MB stored; 1.7 s; peak memory 292 MiB.
2026-10-09T07:25:26Z INFO [467/1000] 2dd7249f-89b5-455c-be11-6c777d91cf29: 121 arrays, 1.3 MB stored; 3.6 s; peak memory 292 MiB.
2026-10-09T07:25:29Z INFO [468/1000] 2dd76c3c-47f9-4080-bfbc-d30904bd310b: 38 arrays, 34.0 MB stored; 4.0 s; peak memory 292 MiB.
2026-10-09T07:25:29Z INFO [469/1000] 2dd77ca6-d78c-4407-8236-337f12f1b5ad: 66 arrays, 126.9 MB stored; 2.8 s; peak memory 292 MiB.
2026-10-09T07:25:30Z INFO [470/1000] 2dd7e595-2b1f-4b58-a84e-fdab596049b5: 38 arrays, 34.5 MB stored; 3.7 s; peak memory 292 MiB.
2026-10-09T07:25:31Z INFO [471/1000] 2dd8e4d2-d87e-4524-a400-25993d0c0d66: 48 arrays, 83.9 MB stored; 2.1 s; peak memory 292 MiB.
2026-10-09T07:25:32Z INFO [472/1000] 2dd91837-638f-4f4b-855b-305d197bd0fa: 53 arrays, 772.9 MB stored; 3.1 s; peak memory 292 MiB.
2026-10-09T07:25:32Z INFO [473/1000] 2dd9441f-f834-4b77-8458-d289f8af3389: 118 arrays, 0.3 MB stored; 2.3 s; peak memory 292 MiB.
2026-10-09T07:25:34Z INFO [474/1000] 2dd9e92a-cdcb-485f-91df-027319a55779: 48 arrays, 83.9 MB stored; 2.0 s; peak memory 292 MiB.
2026-10-09T07:25:35Z INFO [475/1000] 2dda5590-0f49-4e2b-9305-9c451ca711da: 275 arrays, 17.2 MB stored; 2.8 s; peak memory 292 MiB.
2026-10-09T07:25:36Z INFO [476/1000] 2ddabfe8-e164-4763-97fe-8f73540e93e3: 48 arrays, 83.9 MB stored; 2.1 s; peak memory 292 MiB.
2026-10-09T07:25:37Z INFO [477/1000] 2dd9cbed-8812-4033-97ef-66e3d55ef436: 111 arrays, 562.8 MB stored; 6.6 s; peak memory 292 MiB.
2026-10-09T07:25:40Z INFO [478/1000] 2dd6c625-7d38-44a8-b254-74b029f05019: 1230 arrays, 45.1 MB stored; 20.4 s; peak memory 292 MiB.
2026-10-09T07:25:41Z INFO [479/1000] 2ddb16e4-ae51-4704-8b65-761d028aaacf: 112 arrays, 1.4 MB stored; 3.3 s; peak memory 292 MiB.
2026-10-09T07:25:43Z INFO [480/1000] 2ddb3cc7-6c4a-4fa3-93fe-babbb52c3f77: 247 arrays, 17.1 MB stored; 2.7 s; peak memory 292 MiB.
2026-10-09T07:25:43Z INFO [481/1000] 2ddc46cb-2172-4408-beb8-79e4d3680c19: 116 arrays, 0.3 MB stored; 2.3 s; peak memory 292 MiB.
2026-10-09T07:25:44Z INFO [482/1000] 2dd0c971-1dac-4992-959c-2eb681240b21: 4639 arrays, 85.3 MB stored; 32.7 s; peak memory 292 MiB.
2026-10-09T07:25:44Z INFO [483/1000] 2dd75f9a-d0b1-4aa0-a50e-2417d3cca23b: 1482 arrays, 29.9 MB stored; 20.2 s; peak memory 292 MiB.
2026-10-09T07:25:45Z INFO [484/1000] 2ddacbc4-4578-4618-b0b2-42dc24f10f43: 52 arrays, 8370.5 MB stored; 8.9 s; peak memory 292 MiB.
2026-10-09T07:25:45Z INFO [485/1000] 2ddced71-e7ed-46c9-8911-0e02b22fce4a: 48 arrays, 83.9 MB stored; 2.1 s; peak memory 292 MiB.
2026-10-09T07:25:45Z INFO [486/1000] 2ddce48f-3652-4255-94ca-bec0cce23e7f: 289 arrays, 17.2 MB stored; 2.7 s; peak memory 292 MiB.
2026-10-09T07:25:46Z INFO [487/1000] 2dddc625-da44-4e5a-b124-c7dff58222c9: 48 arrays, 83.9 MB stored; 2.1 s; peak memory 292 MiB.
2026-10-09T07:25:46Z INFO [488/1000] 2ddd19df-7f5d-4fcd-bc2a-cbb4c06e2621: 118 arrays, 0.3 MB stored; 2.4 s; peak memory 292 MiB.
2026-10-09T07:25:48Z INFO [489/1000] 2dddfe3c-5b46-46b6-af60-4c006100bef1: 62 arrays, 2999.4 MB stored; 3.0 s; peak memory 292 MiB.
2026-10-09T07:25:48Z INFO [490/1000] 2dde18e7-513c-4427-add2-2a63de7d6502: 112 arrays, 0.7 MB stored; 2.8 s; peak memory 292 MiB.
2026-10-09T07:25:48Z INFO [491/1000] 2dde5526-e2c8-4374-a51a-ac263297bdd6: 116 arrays, 0.5 MB stored; 2.5 s; peak memory 292 MiB.
2026-10-09T07:25:49Z INFO [492/1000] 2ddecfc8-563f-491b-870f-c875aec61c9d: 117 arrays, 0.3 MB stored; 2.3 s; peak memory 292 MiB.
2026-10-09T07:25:50Z INFO [493/1000] 2ddac752-807c-4fa0-8953-fa958b7e48aa: 929 arrays, 26.5 MB stored; 14.6 s; peak memory 292 MiB.
2026-10-09T07:25:50Z INFO [494/1000] 2ddf21f1-7fb0-4e6b-b321-4882862a06eb: 48 arrays, 83.9 MB stored; 2.2 s; peak memory 292 MiB.
2026-10-09T07:25:50Z INFO [495/1000] 2ddf1982-b5a9-409f-931d-e55ad555c5d3: 69 arrays, 47.2 MB stored; 2.7 s; peak memory 292 MiB.
2026-10-09T07:25:51Z INFO [496/1000] 2dde6aa3-c5ac-47bc-b2ac-b0744bb8030f: 48 arrays, 34.5 MB stored; 5.2 s; peak memory 292 MiB.
2026-10-09T07:25:52Z INFO [497/1000] 2ddffdf7-7c46-4e2f-a997-b46a5def081f: 50 arrays, 0.7 MB stored; 2.0 s; peak memory 292 MiB.
2026-10-09T07:25:52Z INFO [498/1000] 2de02fc8-fe8e-4473-b9aa-ef7d85e85091: 48 arrays, 83.9 MB stored; 2.0 s; peak memory 292 MiB.
2026-10-09T07:25:53Z INFO [499/1000] 2ddf9bbf-0cf2-4c71-8411-61877428b882: 103 arrays, 20.6 MB stored; 4.6 s; peak memory 292 MiB.
2026-10-09T07:25:53Z INFO [500/1000] 2de0b125-3c6c-42d6-b090-af70e1d235f5: 112 arrays, 0.7 MB stored; 2.9 s; peak memory 292 MiB.
2026-10-09T07:25:53Z INFO [501/1000] 2ddf36a5-3a4d-4cc3-9b5e-5a0b496acde2: 188 arrays, 5.7 MB stored; 5.5 s; peak memory 292 MiB.
2026-10-09T07:25:54Z INFO [502/1000] 2de0e6d5-4059-44d8-8ff7-fd43ac6995e9: 112 arrays, 0.6 MB stored; 2.6 s; peak memory 292 MiB.
2026-10-09T07:25:55Z INFO [503/1000] 2dd6e229-9621-4203-b759-150a237725b0: 48 arrays, 37956.6 MB stored; 34.1 s; peak memory 292 MiB.
2026-10-09T07:25:56Z INFO [504/1000] 2de3f7a6-708e-4c56-b1a9-d48b0f97feb2: 48 arrays, 83.9 MB stored; 2.2 s; peak memory 292 MiB.
2026-10-09T07:25:56Z INFO [505/1000] 2de1ebcb-0b0f-4a40-ac38-4b23d4d2a399: 66 arrays, 101.0 MB stored; 2.7 s; peak memory 292 MiB.
2026-10-09T07:25:56Z INFO [506/1000] 2de1ef31-c03a-4f5c-b575-275851e421bd: 112 arrays, 0.7 MB stored; 2.6 s; peak memory 292 MiB.
2026-10-09T07:25:56Z INFO [507/1000] 2de14a9b-298a-44ac-ae8c-e479c646de68: 66 arrays, 304.4 MB stored; 4.2 s; peak memory 292 MiB.
2026-10-09T07:25:56Z INFO [508/1000] 2de45a94-d306-48da-a7e4-892461a52227: 47 arrays, 2.7 MB stored; 1.9 s; peak memory 292 MiB.
2026-10-09T07:25:59Z INFO [509/1000] 2de5acaa-dfa4-4262-b352-a3a89677ad15: 64 arrays, 38.4 MB stored; 2.7 s; peak memory 292 MiB.
2026-10-09T07:26:00Z INFO [510/1000] 2de47296-7bdd-4cd6-83c7-dedd1e9a0002: 115 arrays, 190.1 MB stored; 4.3 s; peak memory 292 MiB.
2026-10-09T07:26:02Z INFO [511/1000] 2de6269e-7769-48b0-a0a6-e989fb7d2073: 92 arrays, 0.4 MB stored; 2.1 s; peak memory 292 MiB.
2026-10-09T07:26:04Z INFO [512/1000] 2de51805-d0df-4a95-ab71-5617dea11266: 225 arrays, 239.8 MB stored; 7.7 s; peak memory 292 MiB.
2026-10-09T07:26:04Z INFO [513/1000] 2de600c5-4cad-4802-8220-153920c6a5c9: 222 arrays, 140.4 MB stored; 5.3 s; peak memory 292 MiB.
2026-10-09T07:26:06Z INFO [514/1000] 2de6a98a-48ef-41bd-a6c7-84051cb23160: 48 arrays, 83.9 MB stored; 2.0 s; peak memory 292 MiB.
2026-10-09T07:26:07Z INFO [515/1000] 2de6fc50-5b63-4497-b7ce-e212cf53ba03: 117 arrays, 0.3 MB stored; 2.3 s; peak memory 292 MiB.
2026-10-09T07:26:07Z INFO [516/1000] 2de4f212-8538-4040-b68d-245e8d3bb784: 200 arrays, 486.5 MB stored; 10.7 s; peak memory 292 MiB.
2026-10-09T07:26:07Z INFO [517/1000] 2de5ba74-7611-4c2b-9835-aca6d0280baa: 200 arrays, 579.0 MB stored; 10.4 s; peak memory 292 MiB.
2026-10-09T07:26:07Z INFO [518/1000] 2de805bb-f412-4708-bba4-7aa7c1643ae7: 38 arrays, 0.5 MB stored; 1.7 s; peak memory 292 MiB.
2026-10-09T07:26:09Z INFO [519/1000] 2de955e7-e6ca-45bb-924a-e6de0a813830: 41 arrays, 8.4 MB stored; 1.9 s; peak memory 292 MiB.
2026-10-09T07:26:10Z INFO [520/1000] 2de95263-383b-4518-bc4c-41d187af84b0: 112 arrays, 1.3 MB stored; 2.9 s; peak memory 292 MiB.
2026-10-09T07:26:10Z INFO [521/1000] 2de89c01-15f7-4697-ba9c-87f9bf4adf78: 64 arrays, 182.3 MB stored; 3.4 s; peak memory 292 MiB.
2026-10-09T07:26:12Z INFO [522/1000] 2de9d421-619e-47d3-8296-12679febcd97: 118 arrays, 0.4 MB stored; 2.5 s; peak memory 292 MiB.
2026-10-09T07:26:15Z INFO [523/1000] 2de0ff0b-8f20-4136-91e0-e59c188b48ca: 41 arrays, 651.5 MB stored; 22.9 s; peak memory 292 MiB.
2026-10-09T07:26:17Z INFO [524/1000] 2de92a69-7d38-4c24-ab94-be8e0c812df4: 257 arrays, 148.2 MB stored; 10.2 s; peak memory 292 MiB.
2026-10-09T07:26:17Z INFO [525/1000] 2debc9f0-fddc-4361-8245-4c6fae917b00: 48 arrays, 83.9 MB stored; 2.1 s; peak memory 292 MiB.
2026-10-09T07:26:17Z INFO [526/1000] 2dea3cba-d973-4005-a374-867988b35768: 287 arrays, 8.6 MB stored; 7.5 s; peak memory 292 MiB.
2026-10-09T07:26:19Z INFO [527/1000] 2dee6c46-06a4-4872-b620-ef5edf4d7e93: 46 arrays, 0.1 MB stored; 1.8 s; peak memory 292 MiB.
2026-10-09T07:26:19Z INFO [528/1000] 2dee8bec-d7e6-4f63-9039-4faf4d2d01da: 48 arrays, 83.9 MB stored; 2.0 s; peak memory 292 MiB.
2026-10-09T07:26:20Z INFO [529/1000] 2ded99e8-d2a2-4e0a-b323-985255b3ea85: 113 arrays, 0.5 MB stored; 2.7 s; peak memory 292 MiB.
2026-10-09T07:26:20Z INFO [530/1000] 2de68ef4-5ca1-4d46-9aea-93393b993df7: 106 arrays, 21514.9 MB stored; 18.2 s; peak memory 292 MiB.
2026-10-09T07:26:22Z INFO [531/1000] 2deed165-0066-4c7d-8d63-b43429774eff: 66 arrays, 98.2 MB stored; 2.9 s; peak memory 292 MiB.
2026-10-09T07:26:22Z INFO [532/1000] 2def50d3-6db7-4517-b28c-73dd09e27e37: 48 arrays, 83.9 MB stored; 2.1 s; peak memory 292 MiB.
2026-10-09T07:26:22Z INFO [533/1000] 2def788d-b835-4015-a346-1508ea438a0d: 52 arrays, 14.7 MB stored; 2.2 s; peak memory 292 MiB.
2026-10-09T07:26:24Z INFO [534/1000] 2defb7e1-2bf7-463c-a651-c66010682413: 48 arrays, 83.9 MB stored; 2.0 s; peak memory 292 MiB.
2026-10-09T07:26:24Z INFO [535/1000] 2defb8ce-0561-4a83-a4d6-0f39a489b275: 48 arrays, 83.9 MB stored; 2.0 s; peak memory 292 MiB.
2026-10-09T07:26:25Z INFO [536/1000] 2de9aacf-58c4-456e-84f1-94c8dc3ca810: 526 arrays, 23.5 MB stored; 15.4 s; peak memory 292 MiB.
2026-10-09T07:26:25Z INFO [537/1000] 2defc912-dde2-4f93-8d14-25c127e58701: 117 arrays, 0.4 MB stored; 2.5 s; peak memory 292 MiB.
2026-10-09T07:26:27Z INFO [538/1000] 2df0c517-e3ee-400e-a077-260e90eb8438: 66 arrays, 37.5 MB stored; 3.0 s; peak memory 292 MiB.
2026-10-09T07:26:27Z INFO [539/1000] 2df10db4-75c9-46ab-aa52-3783f98ecb42: 69 arrays, 47.1 MB stored; 2.6 s; peak memory 292 MiB.
2026-10-09T07:26:29Z INFO [540/1000] 2df1bdef-1224-4cb3-a3f2-5cb74b8858db: 52 arrays, 10.6 MB stored; 2.1 s; peak memory 292 MiB.
2026-10-09T07:26:30Z INFO [541/1000] 2deedea2-45b8-493a-afca-858e03659c32: 537 arrays, 8.3 MB stored; 10.5 s; peak memory 292 MiB.
2026-10-09T07:26:32Z INFO [542/1000] 2dea6670-dc25-4125-9133-7a00e4cb82ff: 661 arrays, 19.6 MB stored; 19.6 s; peak memory 292 MiB.
2026-10-09T07:26:33Z INFO [543/1000] 2df29dd5-854a-469b-b636-3782c5b44287: 289 arrays, 17.1 MB stored; 2.6 s; peak memory 292 MiB.
2026-10-09T07:26:34Z INFO [544/1000] 2df25fa8-e3fb-49c0-a0a2-912e37108310: 117 arrays, 22.4 MB stored; 4.4 s; peak memory 292 MiB.
2026-10-09T07:26:36Z INFO [545/1000] 2df45f18-cda0-48f9-a118-7b05c30f8249: 117 arrays, 0.5 MB stored; 2.4 s; peak memory 292 MiB.
2026-10-09T07:26:37Z INFO [546/1000] 2df39f87-f9b8-40e5-8de8-0fe2b8a3c2b1: 99 arrays, 465.7 MB stored; 4.9 s; peak memory 292 MiB.
2026-10-09T07:26:37Z INFO [547/1000] 2df3e069-1d05-4be5-8e01-162aaadc913e: 116 arrays, 187.1 MB stored; 4.3 s; peak memory 292 MiB.
2026-10-09T07:26:38Z INFO [548/1000] 2df1b74d-6924-4f66-b931-32d351423e20: 279 arrays, 38.4 MB stored; 11.0 s; peak memory 292 MiB.
2026-10-09T07:26:39Z INFO [549/1000] 2df4682c-0719-4bc2-913b-aeed15b21e18: 116 arrays, 0.4 MB stored; 2.5 s; peak memory 292 MiB.
2026-10-09T07:26:41Z INFO [550/1000] 2df4ceb0-48ae-49a6-8edf-5e33c9b7a9ea: 110 arrays, 0.3 MB stored; 2.4 s; peak memory 292 MiB.
2026-10-09T07:26:42Z INFO [551/1000] 2df17413-b0fc-4d43-b002-e4d58a38fe4b: 776 arrays, 39.6 MB stored; 17.3 s; peak memory 292 MiB.
2026-10-09T07:26:43Z INFO [552/1000] 2df4ecde-ce31-416a-a088-caf62c86caa8: 48 arrays, 83.9 MB stored; 1.8 s; peak memory 292 MiB.
2026-10-09T07:26:44Z INFO [553/1000] 2df0992a-d991-42fa-8106-5f4a29d02202: 49 arrays, 15801.8 MB stored; 20.4 s; peak memory 292 MiB.
2026-10-09T07:26:45Z INFO [554/1000] 2df74844-10f8-4537-b224-947b9751ed32: 48 arrays, 83.9 MB stored; 1.9 s; peak memory 292 MiB.
2026-10-09T07:26:46Z INFO [555/1000] 2df5839d-658e-4343-9bcb-595e634824ee: 71 arrays, 86.0 MB stored; 3.5 s; peak memory 292 MiB.
2026-10-09T07:26:46Z INFO [556/1000] 2df81add-7b52-4834-9c68-ecadadc95ee9: 117 arrays, 0.4 MB stored; 2.4 s; peak memory 292 MiB.
2026-10-09T07:26:47Z INFO [557/1000] 2df48652-6c04-4972-8f39-c945708cf671: 196 arrays, 778.2 MB stored; 9.4 s; peak memory 292 MiB.
2026-10-09T07:26:49Z INFO [558/1000] 2df85cc8-a4d2-43a8-9f29-d9364b214d89: 53 arrays, 841.2 MB stored; 3.1 s; peak memory 292 MiB.
2026-10-09T07:26:51Z INFO [559/1000] 2df93e94-0d72-4eb9-8e3e-f271a018b0e7: 48 arrays, 83.9 MB stored; 2.0 s; peak memory 292 MiB.
2026-10-09T07:26:51Z INFO [560/1000] 2df47ca5-abf2-4414-8245-a76b3c05ce5e: 714 arrays, 39.5 MB stored; 14.6 s; peak memory 292 MiB.
2026-10-09T07:26:53Z INFO [561/1000] 2df9774a-944d-4212-821b-95c5d428abca: 48 arrays, 83.9 MB stored; 2.0 s; peak memory 292 MiB.
2026-10-09T07:26:54Z INFO [562/1000] 2df9972c-b16b-41e1-9a14-89c994072cf7: 62 arrays, 4634.3 MB stored; 2.4 s; peak memory 292 MiB.
2026-10-09T07:26:54Z INFO [563/1000] 2df47082-e673-46fc-88d1-e5ae8d674270: 707 arrays, 20.1 MB stored; 17.3 s; peak memory 292 MiB.
2026-10-09T07:26:55Z INFO [564/1000] 2dfa0a90-98a3-46f6-98e2-6b6aa9a7d0fe: 48 arrays, 83.9 MB stored; 2.1 s; peak memory 292 MiB.
2026-10-09T07:26:56Z INFO [565/1000] 2df910df-929a-4bb3-8982-03d3bedf05e5: 196 arrays, 579.2 MB stored; 9.6 s; peak memory 292 MiB.
2026-10-09T07:26:57Z INFO [566/1000] 2dfb33ae-aceb-4f3e-a204-613144c69e26: 59 arrays, 261.7 MB stored; 2.5 s; peak memory 292 MiB.
2026-10-09T07:26:58Z INFO [567/1000] 2dfbca23-e524-40c7-8fec-094cb7deb8a7: 69 arrays, 26.9 MB stored; 2.8 s; peak memory 292 MiB.
2026-10-09T07:26:59Z INFO [568/1000] 2dfbe920-e96a-4521-b66f-9b91a0128f19: 112 arrays, 0.5 MB stored; 2.6 s; peak memory 292 MiB.
2026-10-09T07:27:00Z INFO [569/1000] 2dfa1607-d19d-4b76-8635-285e4329a015: 190 arrays, 903.5 MB stored; 5.8 s; peak memory 292 MiB.
2026-10-09T07:27:00Z INFO [570/1000] 2dfc11ae-3de9-4dd2-bad1-adef93424663: 48 arrays, 83.9 MB stored; 2.0 s; peak memory 292 MiB.
2026-10-09T07:27:01Z INFO [571/1000] 2dfc2e18-1f9d-4c0f-9b30-ae202a8d0c52: 48 arrays, 208.0 MB stored; 2.8 s; peak memory 292 MiB.
2026-10-09T07:27:02Z INFO [572/1000] 2dfce66a-27b8-4162-81b4-4d7670d7baf2: 98 arrays, 0.7 MB stored; 2.3 s; peak memory 292 MiB.
2026-10-09T07:27:03Z INFO [573/1000] 2de44f77-8855-434a-b5a3-8d1ed04edf85: 55 arrays, 2084.9 MB stored; 68.9 s; peak memory 292 MiB.
2026-10-09T07:27:03Z INFO [574/1000] 2df92f84-b78f-4448-bbcf-530219eb8f9a: 409 arrays, 13301.3 MB stored; 16.1 s; peak memory 292 MiB.
2026-10-09T07:27:04Z INFO [575/1000] 2dfd16e2-3dcb-4134-a6ea-53412e0da955: 112 arrays, 0.8 MB stored; 2.9 s; peak memory 292 MiB.
2026-10-09T07:27:04Z INFO [576/1000] 2dfd257f-e6a1-4f49-8e4b-8bc50d102486: 117 arrays, 0.4 MB stored; 2.5 s; peak memory 292 MiB.
2026-10-09T07:27:05Z INFO [577/1000] 2dfd809f-83a6-4775-80c8-a5495b448807: 118 arrays, 0.3 MB stored; 2.4 s; peak memory 292 MiB.
2026-10-09T07:27:06Z INFO [578/1000] 2dfe2812-2b24-4cd7-91da-42ac5d2a9b9b: 59 arrays, 0.1 MB stored; 2.0 s; peak memory 292 MiB.
2026-10-09T07:27:08Z INFO [579/1000] 2dfec1ce-aa6a-4b6b-8ba9-e4b6219f2fba: 93 arrays, 26.4 MB stored; 2.8 s; peak memory 292 MiB.
2026-10-09T07:27:08Z INFO [580/1000] 2dfd0550-792d-4766-9b50-cf878ed37a37: 200 arrays, 207.2 MB stored; 8.4 s; peak memory 292 MiB.
2026-10-09T07:27:10Z INFO [581/1000] 2dff0d13-2e8f-4ab8-81c2-28ac743acb6a: 46 arrays, 0.2 MB stored; 1.8 s; peak memory 292 MiB.
2026-10-09T07:27:10Z INFO [582/1000] 2dff6802-4f7d-4dc5-9c81-82e44ff8e0f0: 46 arrays, 0.2 MB stored; 1.8 s; peak memory 292 MiB.
2026-10-09T07:27:11Z INFO [583/1000] 2dfd849c-88aa-46eb-9d11-61f97701d41a: 229 arrays, 281.6 MB stored; 7.8 s; peak memory 292 MiB.
2026-10-09T07:27:13Z INFO [584/1000] 2dff9c99-9849-4b22-8173-43857cf9b1f7: 78 arrays, 408.8 MB stored; 3.1 s; peak memory 292 MiB.
2026-10-09T07:27:14Z INFO [585/1000] 2dfd86c7-744b-4a6e-8ad6-b8442fa01862: 626 arrays, 11.6 MB stored; 9.9 s; peak memory 292 MiB.
2026-10-09T07:27:16Z INFO [586/1000] 2e009974-c53e-41f7-ba49-7a96411a82ea: 152 arrays, 193.4 MB stored; 4.9 s; peak memory 292 MiB.
2026-10-09T07:27:16Z INFO [587/1000] 2e010a91-c524-4c46-a1d6-9509af4caab7: 78 arrays, 696.4 MB stored; 3.1 s; peak memory 292 MiB.
2026-10-09T07:27:16Z INFO [588/1000] 2dfec93e-afc1-49f0-b936-2c42122dfbd2: 256 arrays, 88.9 MB stored; 9.6 s; peak memory 292 MiB.
2026-10-09T07:27:16Z INFO [589/1000] 2e0141cc-0c1e-48ce-8ed4-fd942416e664: 48 arrays, 83.9 MB stored; 1.9 s; peak memory 292 MiB.
2026-10-09T07:27:18Z INFO [590/1000] 2e01cb21-1d6a-4a9c-90c0-95aec3252b4d: 48 arrays, 83.9 MB stored; 1.9 s; peak memory 292 MiB.
2026-10-09T07:27:18Z INFO [591/1000] 2e02333d-ba65-4b97-b0bd-1965601eacc8: 48 arrays, 83.9 MB stored; 2.1 s; peak memory 292 MiB.
2026-10-09T07:27:18Z INFO [592/1000] 2e02e7e3-6a32-461f-b89d-0af83b6dd2b5: 48 arrays, 83.9 MB stored; 2.1 s; peak memory 292 MiB.
2026-10-09T07:27:19Z INFO [593/1000] 2e02112a-2adf-4e2c-b25d-adf428b79b92: 113 arrays, 0.5 MB stored; 2.8 s; peak memory 292 MiB.
2026-10-09T07:27:20Z INFO [594/1000] 2e030e3f-dfd0-4558-bc15-651c25cee431: 48 arrays, 83.9 MB stored; 2.0 s; peak memory 292 MiB.
2026-10-09T07:27:21Z INFO [595/1000] 2e043ed8-c164-416f-869b-3ba02870b03c: 48 arrays, 83.9 MB stored; 1.9 s; peak memory 292 MiB.
2026-10-09T07:27:22Z INFO [596/1000] 2e04cdf5-63c8-405b-a57e-4907b588b632: 116 arrays, 0.4 MB stored; 2.3 s; peak memory 292 MiB.
2026-10-09T07:27:23Z INFO [597/1000] 2e054d31-56cb-4f7b-9972-22f877521c3c: 43 arrays, 1419.6 MB stored; 2.1 s; peak memory 292 MiB.
2026-10-09T07:27:24Z INFO [598/1000] 2e057850-9803-446b-b65b-dadb23825d0c: 83 arrays, 2.2 MB stored; 2.5 s; peak memory 292 MiB.
2026-10-09T07:27:26Z INFO [599/1000] 2e059246-0d9a-499f-8bca-1e68ed789ad2: 112 arrays, 1.0 MB stored; 2.9 s; peak memory 292 MiB.
2026-10-09T07:27:29Z INFO [600/1000] 2e0078c8-8e3b-4ea2-a43b-65c5a39093e4: 432 arrays, 301.2 MB stored; 18.8 s; peak memory 292 MiB.
2026-10-09T07:27:30Z INFO [600/1000] 2e0078c8-8e3b-4ea2-a43b-65c5a39093e4: checkpointed 600 new records.
2026-10-09T07:27:30Z INFO [601/1000] 2e03f6dd-eb6f-4792-987f-7ef51b2616f3: 920 arrays, 22.0 MB stored; 12.1 s; peak memory 394 MiB.
2026-10-09T07:27:31Z INFO [602/1000] 2dfbeeea-e910-408e-b36e-5c67c3d630fa: 845 arrays, 336.2 MB stored; 34.7 s; peak memory 394 MiB.
2026-10-09T07:27:33Z INFO [603/1000] 2e070306-fa0a-402a-bcfc-88b0fcab7a8a: 71 arrays, 4.2 MB stored; 3.2 s; peak memory 394 MiB.
2026-10-09T07:27:34Z INFO [604/1000] 2e072f21-68de-40af-a8da-0cc30d4eadc9: 112 arrays, 0.8 MB stored; 2.8 s; peak memory 394 MiB.
2026-10-09T07:27:36Z INFO [605/1000] 2e07394b-7e2b-44dd-bef2-0018c1a834e4: 116 arrays, 0.6 MB stored; 2.6 s; peak memory 394 MiB.
2026-10-09T07:27:37Z INFO [606/1000] 2e076ed6-15db-4ca1-9c12-ea3a448a5e1e: 117 arrays, 0.4 MB stored; 2.5 s; peak memory 394 MiB.
2026-10-09T07:27:38Z INFO [607/1000] 2e07b5fc-3973-49ba-a5f0-992922405d63: 38 arrays, 0.5 MB stored; 1.8 s; peak memory 394 MiB.
2026-10-09T07:27:38Z INFO [608/1000] 2e05da34-46d8-461f-9226-1406dd9fad5c: 759 arrays, 21.7 MB stored; 13.9 s; peak memory 394 MiB.
2026-10-09T07:27:41Z INFO [609/1000] 2e06db81-29a2-43ab-91e8-eeb32309d183: 847 arrays, 22.5 MB stored; 12.0 s; peak memory 394 MiB.
2026-10-09T07:27:46Z INFO [610/1000] 2e07ed4b-5f94-4f6e-9266-209ab153bd82: 476 arrays, 7.7 MB stored; 7.7 s; peak memory 394 MiB.
2026-10-09T07:27:46Z INFO [611/1000] 2e06bcfb-04e6-4383-bd70-8ae534f1419c: 1533 arrays, 33.9 MB stored; 20.0 s; peak memory 394 MiB.
2026-10-09T07:27:48Z INFO [612/1000] 2e08d15a-bab4-40eb-86b7-a5cfa16c2e70: 121 arrays, 0.1 MB stored; 1.9 s; peak memory 394 MiB.
2026-10-09T07:27:49Z INFO [613/1000] 2e08cc7d-ba7e-4f77-aa15-ed82ada9368d: 119 arrays, 66.3 MB stored; 3.4 s; peak memory 394 MiB.
2026-10-09T07:27:49Z INFO [614/1000] 2e0908be-dc65-46ad-9037-54621c06ee81: 48 arrays, 83.9 MB stored; 2.0 s; peak memory 394 MiB.
2026-10-09T07:27:52Z INFO [615/1000] 2e09258f-0ce8-43b9-b997-b0d20abf04db: 66 arrays, 65.2 MB stored; 2.7 s; peak memory 394 MiB.
2026-10-09T07:27:54Z INFO [616/1000] 2e099510-d818-4645-9809-f1e2ca0aab4d: 66 arrays, 49.9 MB stored; 2.6 s; peak memory 394 MiB.
2026-10-09T07:27:55Z INFO [617/1000] 2df849e0-1272-4002-b410-3b5b6bef9dd9: 52 arrays, 2273.4 MB stored; 70.0 s; peak memory 394 MiB.
2026-10-09T07:27:57Z INFO [618/1000] 2e099ac0-3baa-404b-a9cd-8841ee793e49: 116 arrays, 0.3 MB stored; 2.5 s; peak memory 394 MiB.
2026-10-09T07:27:57Z INFO [619/1000] 2e0a3b62-9ad4-4893-91f6-4c4525e6dca2: 48 arrays, 83.9 MB stored; 2.1 s; peak memory 394 MiB.
2026-10-09T07:27:57Z INFO [620/1000] 2e0866c9-e7ca-4e3b-8a9b-2a6cfca9065a: 750 arrays, 26.8 MB stored; 16.2 s; peak memory 394 MiB.
2026-10-09T07:27:58Z INFO [621/1000] 2e0a6bf1-f90c-40eb-8222-6320f58ffb72: 46 arrays, 0.0 MB stored; 1.7 s; peak memory 394 MiB.
2026-10-09T07:28:00Z INFO [622/1000] 2e0c4369-c5dd-4977-bada-dfa2b1528563: 77 arrays, 0.2 MB stored; 1.9 s; peak memory 394 MiB.
2026-10-09T07:28:02Z INFO [623/1000] 2e0c5b6a-d670-4e15-b491-cff7bfb939c1: 48 arrays, 83.9 MB stored; 2.0 s; peak memory 394 MiB.
2026-10-09T07:28:03Z INFO [624/1000] 2e0ab486-ce9b-456b-baf3-fca75d481487: 50 arrays, 134.9 MB stored; 5.8 s; peak memory 394 MiB.
2026-10-09T07:28:05Z INFO [625/1000] 2e0c8eaa-f081-4489-84d7-15cd07263e09: 170 arrays, 0.7 MB stored; 2.4 s; peak memory 394 MiB.
2026-10-09T07:28:08Z INFO [626/1000] 2e0d546b-494d-47c4-87dc-b6fdb8adc566: 156 arrays, 193.5 MB stored; 5.1 s; peak memory 394 MiB.
2026-10-09T07:28:08Z INFO [627/1000] 2e0d8047-d8a8-4cbd-8686-2130aa03e991: 38 arrays, 29.7 MB stored; 3.6 s; peak memory 394 MiB.
2026-10-09T07:28:11Z INFO [628/1000] 2e0dc42c-5b8d-4628-b6f7-369a029dc80b: 110 arrays, 0.6 MB stored; 2.7 s; peak memory 394 MiB.
2026-10-09T07:28:11Z INFO [629/1000] 2e0aca9e-c502-4763-a1ac-cff33903e476: 49 arrays, 8690.2 MB stored; 14.1 s; peak memory 394 MiB.
2026-10-09T07:28:12Z INFO [630/1000] 2e0e1292-2be9-47a5-9cdb-fe3446e6edfe: 33 arrays, 0.0 MB stored; 1.6 s; peak memory 394 MiB.
2026-10-09T07:28:17Z INFO [631/1000] 2e0e3633-fb73-4d94-83eb-c7b02ee25022: 215 arrays, 15.1 MB stored; 6.0 s; peak memory 394 MiB.
2026-10-09T07:28:19Z INFO [632/1000] 2e0fab25-6b4d-4755-adcd-451c2f3d87b7: 118 arrays, 0.3 MB stored; 2.1 s; peak memory 394 MiB.
2026-10-09T07:28:21Z INFO [633/1000] 2e0fc50e-40de-4f69-8171-022d801faf66: 99 arrays, 0.1 MB stored; 1.8 s; peak memory 394 MiB.
2026-10-09T07:28:23Z INFO [634/1000] 2e0ec76c-5c76-406b-bd34-6cd307b0629f: 56 arrays, 120.5 MB stored; 10.4 s; peak memory 394 MiB.
2026-10-09T07:28:24Z INFO [635/1000] 2e0fcf64-a65c-4510-b514-e4b40e2729da: 116 arrays, 0.5 MB stored; 2.6 s; peak memory 394 MiB.
2026-10-09T07:28:25Z INFO [636/1000] 2e0fdac4-0b99-4b67-8370-b22e8b1f8fd4: 117 arrays, 0.3 MB stored; 2.2 s; peak memory 394 MiB.
2026-10-09T07:28:25Z INFO [637/1000] 2e040bac-baa9-4604-a844-fd44361be07a: 55 arrays, 2189.8 MB stored; 67.0 s; peak memory 394 MiB.
2026-10-09T07:28:26Z INFO [638/1000] 2e100b05-ffd3-4609-ba10-d1cd03280ce1: 49 arrays, 1.8 MB stored; 2.4 s; peak memory 394 MiB.
2026-10-09T07:28:27Z INFO [639/1000] 2e10349e-018b-47a6-85db-31498586d0cf: 117 arrays, 0.4 MB stored; 2.4 s; peak memory 394 MiB.
2026-10-09T07:28:29Z INFO [640/1000] 2e111f45-7523-4b90-9849-cde45b78ae9a: 112 arrays, 0.7 MB stored; 2.8 s; peak memory 394 MiB.
2026-10-09T07:28:29Z INFO [641/1000] 2e115bb5-9f15-40cd-8580-de1509d29034: 48 arrays, 83.9 MB stored; 2.1 s; peak memory 394 MiB.
2026-10-09T07:28:31Z INFO [642/1000] 2e11d926-7ea3-4331-9f02-d5b6378d769a: 37 arrays, 0.0 MB stored; 1.7 s; peak memory 394 MiB.
2026-10-09T07:28:31Z INFO [643/1000] 2e1369c9-250c-4d68-b46f-7728e08a3ba3: 48 arrays, 83.9 MB stored; 2.0 s; peak memory 394 MiB.
2026-10-09T07:28:32Z INFO [644/1000] 2e1387e8-b8b4-4da7-9bbf-27ec098bc136: 36 arrays, 5.2 MB stored; 1.9 s; peak memory 394 MiB.
2026-10-09T07:28:34Z INFO [645/1000] 2e13991c-0bab-473e-91eb-eaf52679d784: 48 arrays, 83.9 MB stored; 2.0 s; peak memory 394 MiB.
2026-10-09T07:28:35Z INFO [646/1000] 2e13a06e-5441-4bd8-b63e-afcf9f9bc90f: 110 arrays, 0.4 MB stored; 2.6 s; peak memory 394 MiB.
2026-10-09T07:28:36Z INFO [647/1000] 2e1437c2-02a0-4a49-b558-ee17c76b9023: 92 arrays, 7.8 MB stored; 2.1 s; peak memory 394 MiB.
2026-10-09T07:28:37Z INFO [648/1000] 2e1455c2-f456-416f-a4ed-65f3414170cf: 54 arrays, 0.0 MB stored; 1.7 s; peak memory 394 MiB.
2026-10-09T07:28:38Z INFO [649/1000] 2e1487d3-2882-4f71-a5d9-bcfd48f55ae3: 117 arrays, 0.5 MB stored; 2.3 s; peak memory 394 MiB.
2026-10-09T07:28:40Z INFO [650/1000] 2e1497b7-4113-4813-afde-efa4c8dd8a87: 112 arrays, 0.6 MB stored; 2.8 s; peak memory 394 MiB.
2026-10-09T07:28:40Z INFO [651/1000] 2e14faaa-ac89-460c-95e8-26d9ea67c780: 48 arrays, 83.9 MB stored; 2.0 s; peak memory 394 MiB.
2026-10-09T07:28:42Z INFO [652/1000] 2e155059-c8c1-4362-9018-743afb5d5a94: 48 arrays, 83.9 MB stored; 2.0 s; peak memory 394 MiB.
2026-10-09T07:28:43Z INFO [653/1000] 2e156863-e1c1-4fe9-9268-cef50213649d: 112 arrays, 0.4 MB stored; 2.6 s; peak memory 394 MiB.
2026-10-09T07:28:44Z INFO [654/1000] 2e16a2ef-46e8-4a1d-b7b3-83b53a3799bb: 71 arrays, 1.5 MB stored; 2.6 s; peak memory 394 MiB.
2026-10-09T07:28:45Z INFO [655/1000] 2e1729ad-b013-4138-bf34-c69e10e7cdad: 63 arrays, 0.1 MB stored; 2.0 s; peak memory 394 MiB.
2026-10-09T07:28:47Z INFO [656/1000] 2e17ab7b-489c-44d4-bbfc-2ae594b72b0e: 117 arrays, 0.3 MB stored; 2.5 s; peak memory 394 MiB.
2026-10-09T07:28:49Z INFO [657/1000] 2e178b05-a1ed-4bdb-9de5-a83054e7453f: 38 arrays, 3272.5 MB stored; 4.2 s; peak memory 394 MiB.
2026-10-09T07:28:49Z INFO [658/1000] 2e104c09-1f62-4af1-993e-71797a4803ba: 1775 arrays, 38.7 MB stored; 23.7 s; peak memory 394 MiB.
2026-10-09T07:28:49Z INFO [659/1000] 2e17c051-3edf-44cd-aaf0-d59e08abe11f: 48 arrays, 83.9 MB stored; 2.0 s; peak memory 394 MiB.
2026-10-09T07:28:51Z INFO [660/1000] 2e1a80d2-63c0-49d3-84f7-76afd6f70b44: 51 arrays, 4.8 MB stored; 2.0 s; peak memory 394 MiB.
2026-10-09T07:28:51Z INFO [661/1000] 2e18f026-7612-458d-a4b3-1761dcd59f93: 110 arrays, 0.4 MB stored; 2.5 s; peak memory 394 MiB.
2026-10-09T07:28:53Z INFO [662/1000] 2e1a8359-fc5a-4826-b757-2a29f4c78221: 112 arrays, 0.1 MB stored; 2.0 s; peak memory 394 MiB.
2026-10-09T07:28:53Z INFO [663/1000] 2e18344b-bdb6-472c-ad2f-842e57fb9e12: 152 arrays, 351.8 MB stored; 4.6 s; peak memory 394 MiB.
2026-10-09T07:28:55Z INFO [664/1000] 2e1b3a37-3654-454d-9430-8d0eb0c302cd: 52 arrays, 11.5 MB stored; 2.2 s; peak memory 394 MiB.
2026-10-09T07:28:57Z INFO [665/1000] 2e1ac357-7656-4229-a525-80f7fb5e9bf2: 168 arrays, 3.2 MB stored; 4.2 s; peak memory 394 MiB.
2026-10-09T07:28:58Z INFO [666/1000] 2e1b7079-7bb5-4caf-86f6-fc0e9b1fcaba: 102 arrays, 14.5 MB stored; 3.1 s; peak memory 394 MiB.
2026-10-09T07:28:59Z INFO [667/1000] 2e1a9fc8-8b74-4606-942d-d4651067f935: 229 arrays, 248.3 MB stored; 7.9 s; peak memory 394 MiB.
2026-10-09T07:28:59Z INFO [668/1000] 2e1be491-3127-4b4e-8274-a931735d577e: 116 arrays, 0.3 MB stored; 2.3 s; peak memory 394 MiB.
2026-10-09T07:29:00Z INFO [669/1000] 2e1bfb78-a104-4836-8abe-3a9372555c67: 48 arrays, 83.9 MB stored; 2.0 s; peak memory 394 MiB.
2026-10-09T07:29:01Z INFO [670/1000] 2e1c0455-aa5b-4d30-8ee1-e26e5ae0326f: 77 arrays, 0.2 MB stored; 2.3 s; peak memory 394 MiB.
2026-10-09T07:29:03Z INFO [671/1000] 2e1c4c10-3ea9-44e1-90b8-a09dbfa67863: 112 arrays, 0.4 MB stored; 2.6 s; peak memory 394 MiB.
2026-10-09T07:29:03Z INFO [672/1000] 2e1ca66f-475b-47ee-bcdc-a20e69208a9f: 48 arrays, 83.9 MB stored; 1.9 s; peak memory 394 MiB.
2026-10-09T07:29:05Z INFO [673/1000] 2e1cca30-0abe-4afd-90b7-4f53daaa5088: 48 arrays, 83.9 MB stored; 1.8 s; peak memory 394 MiB.
2026-10-09T07:29:06Z INFO [674/1000] 2e1d5451-cfe6-4f13-b1f0-29c1e8fcebb9: 118 arrays, 0.4 MB stored; 2.2 s; peak memory 394 MiB.
2026-10-09T07:29:07Z INFO [675/1000] 2e1d9734-75f0-4540-8d03-69471dc44c9e: 112 arrays, 0.4 MB stored; 2.4 s; peak memory 394 MiB.
2026-10-09T07:29:14Z INFO [676/1000] 2e1c4617-8850-434b-a92d-58bf7fbe7159: 644 arrays, 39.3 MB stored; 15.0 s; peak memory 394 MiB.
2026-10-09T07:29:15Z INFO [677/1000] 2e1e36bd-b570-42e1-b907-fbe047e84da7: 208 arrays, 48.1 MB stored; 8.1 s; peak memory 394 MiB.
2026-10-09T07:29:16Z INFO [678/1000] 2e1e5643-2159-4b3a-9d8d-92a43a68513b: 48 arrays, 83.9 MB stored; 2.0 s; peak memory 394 MiB.
2026-10-09T07:29:18Z INFO [679/1000] 2e1e7860-a8b0-427e-9b38-f522dc812189: 116 arrays, 0.3 MB stored; 2.4 s; peak memory 394 MiB.
2026-10-09T07:29:19Z INFO [680/1000] 2e1e95e0-f41e-4361-8ac9-9f5a866ac53e: 118 arrays, 0.3 MB stored; 2.4 s; peak memory 394 MiB.
2026-10-09T07:29:20Z INFO [681/1000] 2e206ce9-e049-4828-876b-f32100d1916e: 66 arrays, 35.6 MB stored; 2.7 s; peak memory 394 MiB.
2026-10-09T07:29:21Z INFO [682/1000] 2e1dc6e6-f2e2-4676-b207-1aad85c28d76: 819 arrays, 33.4 MB stored; 15.2 s; peak memory 394 MiB.
2026-10-09T07:29:23Z INFO [683/1000] 2e2285b8-110e-4ba2-bfd8-7d1015af3ffc: 79 arrays, 1.8 MB stored; 2.4 s; peak memory 394 MiB.
2026-10-09T07:29:23Z INFO [684/1000] 2e22f88b-5769-4187-afa7-c5f5be937ac4: 117 arrays, 0.4 MB stored; 2.5 s; peak memory 394 MiB.
2026-10-09T07:29:24Z INFO [685/1000] 2e207bb5-371c-4030-8e8e-fe6781e108f7: 156 arrays, 193.5 MB stored; 5.0 s; peak memory 394 MiB.
2026-10-09T07:29:25Z INFO [686/1000] 2e231d70-c8f5-47f3-968c-43ec5a02fe07: 41 arrays, 4.8 MB stored; 1.9 s; peak memory 394 MiB.
2026-10-09T07:29:25Z INFO [687/1000] 2e23029d-7640-4796-a50d-9890c07223f5: 92 arrays, 0.3 MB stored; 2.5 s; peak memory 394 MiB.
2026-10-09T07:29:26Z INFO [688/1000] 2e232431-5298-4220-b8f4-ab62b928aab7: 117 arrays, 0.3 MB stored; 2.4 s; peak memory 394 MiB.
2026-10-09T07:29:28Z INFO [689/1000] 2e23c9f6-077c-4af6-a6f2-991cc7cefcbc: 117 arrays, 0.2 MB stored; 2.2 s; peak memory 394 MiB.
2026-10-09T07:29:28Z INFO [690/1000] 2e236ade-e57f-4873-85e9-30c54ef0e6cd: 117 arrays, 0.2 MB stored; 2.5 s; peak memory 394 MiB.
2026-10-09T07:29:29Z INFO [691/1000] 2e240147-1e30-415d-bb02-cbbefc8eb012: 52 arrays, 12.9 MB stored; 2.3 s; peak memory 394 MiB.
2026-10-09T07:29:29Z INFO [692/1000] 2e24a38e-4553-4214-b462-64429b4381d2: 51 arrays, 0.0 MB stored; 1.7 s; peak memory 394 MiB.
2026-10-09T07:29:31Z INFO [693/1000] 2e26188e-bc02-4df3-bf98-4e0039e9da35: 48 arrays, 83.9 MB stored; 2.0 s; peak memory 394 MiB.
2026-10-09T07:29:31Z INFO [694/1000] 2e24fb4b-e38c-4516-abff-7d7ab995e1eb: 112 arrays, 1.4 MB stored; 3.5 s; peak memory 394 MiB.
2026-10-09T07:29:32Z INFO [695/1000] 2e264ea0-b1ab-439b-89fd-b624d1dc8533: 69 arrays, 25.5 MB stored; 2.7 s; peak memory 394 MiB.
2026-10-09T07:29:33Z INFO [696/1000] 2e265c53-2d6c-486d-8a1e-66e2a02b92c9: 170 arrays, 0.7 MB stored; 2.4 s; peak memory 394 MiB.
2026-10-09T07:29:35Z INFO [697/1000] 2e2753ed-5006-4aeb-a3b5-2b0424a62b7e: 69 arrays, 0.7 MB stored; 2.2 s; peak memory 394 MiB.
2026-10-09T07:29:42Z INFO [698/1000] 2e26d470-dce2-4447-a0da-8a96b3b0e6dd: 194 arrays, 679.9 MB stored; 9.8 s; peak memory 394 MiB.
2026-10-09T07:29:42Z INFO [699/1000] 2e26d12c-5751-49b5-bc5e-ea9ee4fddb3e: 583 arrays, 21.8 MB stored; 10.8 s; peak memory 394 MiB.
2026-10-09T07:29:43Z INFO [700/1000] 2e27d8b0-4ac4-4d55-b1ef-f90235de7bf0: 56 arrays, 0.0 MB stored; 1.7 s; peak memory 394 MiB.
2026-10-09T07:29:44Z INFO [701/1000] 2e2862cb-9060-4184-9eb5-1db649dd2397: 48 arrays, 83.9 MB stored; 2.0 s; peak memory 394 MiB.
2026-10-09T07:29:45Z INFO [702/1000] 2e286c0d-4747-4628-a9cb-f402efd0fcc9: 54 arrays, 0.0 MB stored; 1.7 s; peak memory 394 MiB.
2026-10-09T07:29:46Z INFO [703/1000] 2e288e6a-3290-457b-988e-8f602562bff4: 116 arrays, 0.4 MB stored; 2.3 s; peak memory 394 MiB.
2026-10-09T07:29:47Z INFO [704/1000] 2e275ff7-db88-474b-9d76-57984d7144f1: 976 arrays, 22.2 MB stored; 11.5 s; peak memory 394 MiB.
2026-10-09T07:29:47Z INFO [705/1000] 2e299633-9047-4453-a5f8-bb2fe8442af9: 69 arrays, 0.0 MB stored; 2.3 s; peak memory 394 MiB.
2026-10-09T07:29:49Z INFO [706/1000] 2e2a71ac-d80f-42b6-8438-b37e0e70acb8: 118 arrays, 0.3 MB stored; 2.3 s; peak memory 394 MiB.
2026-10-09T07:29:49Z INFO [707/1000] 2e2a7365-463d-40e8-a96e-ca6425615c58: 52 arrays, 625.9 MB stored; 2.2 s; peak memory 394 MiB.
2026-10-09T07:29:49Z INFO [708/1000] 2e2ad275-c90c-4d55-96b8-10558e5e126d: 48 arrays, 83.9 MB stored; 2.0 s; peak memory 394 MiB.
2026-10-09T07:29:51Z INFO [709/1000] 2e2b2948-dbf4-4925-85b5-40e3e53b9783: 112 arrays, 0.7 MB stored; 2.5 s; peak memory 394 MiB.
2026-10-09T07:29:54Z INFO [710/1000] 2e2b0b74-c71f-4cff-b78b-5adf5c0d761d: 84 arrays, 528.8 MB stored; 5.9 s; peak memory 394 MiB.
2026-10-09T07:29:55Z INFO [711/1000] 2e2b7a5f-c24e-4e02-a9ea-88aa783f7079: 184 arrays, 217.5 MB stored; 5.4 s; peak memory 394 MiB.
2026-10-09T07:29:56Z INFO [712/1000] 2e2bc681-c1ee-4280-a063-1495d14c0ead: 156 arrays, 193.5 MB stored; 4.5 s; peak memory 394 MiB.
2026-10-09T07:29:57Z INFO [713/1000] 2e2c0579-2836-4b9c-a64d-d5a6656b59a9: 117 arrays, 0.5 MB stored; 2.2 s; peak memory 394 MiB.
2026-10-09T07:29:57Z INFO [714/1000] 2e2bc987-2f57-4568-820a-e2ffd00c6d35: 66 arrays, 73.8 MB stored; 2.8 s; peak memory 394 MiB.
2026-10-09T07:29:59Z INFO [715/1000] 2e2d1e7c-e5e3-45a7-95c1-7abbba010664: 45 arrays, 0.0 MB stored; 1.7 s; peak memory 394 MiB.
2026-10-09T07:30:02Z INFO [716/1000] 2e2e0357-44ce-46c8-aee3-c2d3301fef55: 113 arrays, 0.6 MB stored; 2.8 s; peak memory 394 MiB.
2026-10-09T07:30:02Z INFO [717/1000] 2e2cd824-39a4-4c4b-858a-79cbbd60c17c: 156 arrays, 193.5 MB stored; 5.1 s; peak memory 394 MiB.
2026-10-09T07:30:02Z INFO [718/1000] 2e2c418e-e697-4920-9ebe-2ad2a95b4e0a: 184 arrays, 217.6 MB stored; 6.3 s; peak memory 394 MiB.
2026-10-09T07:30:04Z INFO [719/1000] 2e2edc26-c9e0-46ff-89b3-cfda43dc15c8: 33 arrays, 0.0 MB stored; 1.8 s; peak memory 394 MiB.
2026-10-09T07:30:04Z INFO [720/1000] 2e2e3e49-c503-46c4-ae21-10cebe98509d: 48 arrays, 83.9 MB stored; 2.0 s; peak memory 394 MiB.
2026-10-09T07:30:05Z INFO [721/1000] 2e0849ca-38e3-4999-8ddb-9e7dd51ae64d: 16010 arrays, 1670.5 MB stored; 146.3 s; peak memory 394 MiB.
2026-10-09T07:30:06Z INFO [722/1000] 2e2ee20f-6cab-421c-a202-e5949c4d97e4: 77 arrays, 0.1 MB stored; 2.2 s; peak memory 394 MiB.
2026-10-09T07:30:09Z INFO [723/1000] 2e301a20-61b3-4e1f-a438-8aed879b6250: 66 arrays, 21.9 MB stored; 2.6 s; peak memory 394 MiB.
2026-10-09T07:30:11Z INFO [724/1000] 2e3043aa-68d7-4d6c-9f92-7c4bd26681c3: 53 arrays, 75.2 MB stored; 2.4 s; peak memory 394 MiB.
2026-10-09T07:30:14Z INFO [725/1000] 2e3159f4-ed05-4dd1-8ee3-0bb6673aa8d7: 74 arrays, 47.5 MB stored; 2.6 s; peak memory 394 MiB.
2026-10-09T07:30:14Z INFO [726/1000] 2e2f3690-7590-470d-847e-fb3296441755: 538 arrays, 7.6 MB stored; 9.6 s; peak memory 394 MiB.
2026-10-09T07:30:17Z INFO [727/1000] 2e3214a8-810c-4351-a960-128d2c5cd3e5: 66 arrays, 205.1 MB stored; 3.2 s; peak memory 394 MiB.
2026-10-09T07:30:18Z INFO [728/1000] 2e326e40-7b40-47d1-ada5-8c4d03360065: 157 arrays, 166.7 MB stored; 4.2 s; peak memory 394 MiB.
2026-10-09T07:30:19Z INFO [729/1000] 2e3286bb-f18d-4c71-a5c1-4724393730d5: 39 arrays, 1.0 MB stored; 1.8 s; peak memory 394 MiB.
2026-10-09T07:30:20Z INFO [730/1000] 2e328caa-a0c2-4878-84cb-a069c5e7642d: 46 arrays, 0.2 MB stored; 1.8 s; peak memory 394 MiB.
2026-10-09T07:30:21Z INFO [731/1000] 2e32e3bc-138c-4ec8-badb-ca3ee2d7247b: 79 arrays, 0.1 MB stored; 2.5 s; peak memory 394 MiB.
2026-10-09T07:30:22Z INFO [732/1000] 2e2fb8e5-d9c4-4173-a43a-92d321003af0: 6077 arrays, 21.7 MB stored; 17.6 s; peak memory 394 MiB.
2026-10-09T07:30:23Z INFO [733/1000] 2e335ce0-b691-48e8-89d7-9ec61c51f00e: 48 arrays, 83.9 MB stored; 2.1 s; peak memory 394 MiB.
2026-10-09T07:30:25Z INFO [734/1000] 2e336128-2672-45e1-93d8-19e4928d9d78: 116 arrays, 0.5 MB stored; 2.6 s; peak memory 394 MiB.
2026-10-09T07:30:25Z INFO [735/1000] 2e3331ce-8b5d-4bd9-a4aa-d33e56ded4d4: 48 arrays, 34.9 MB stored; 5.4 s; peak memory 394 MiB.
2026-10-09T07:30:27Z INFO [736/1000] 2e343a68-b9a3-4a00-bd73-7dc61be667c6: 48 arrays, 83.9 MB stored; 1.7 s; peak memory 394 MiB.
2026-10-09T07:30:28Z INFO [737/1000] 2e33d6be-78cc-4cc0-ac46-083d5174bc5e: 161 arrays, 193.5 MB stored; 5.0 s; peak memory 394 MiB.
2026-10-09T07:30:29Z INFO [738/1000] 2e356abc-f0fb-4dc0-b361-f2a4ce4dd3e5: 117 arrays, 0.3 MB stored; 2.3 s; peak memory 394 MiB.
2026-10-09T07:30:30Z INFO [739/1000] 2e356ef4-f905-4f00-a2bb-22e545ab76ba: 48 arrays, 83.9 MB stored; 1.8 s; peak memory 394 MiB.
2026-10-09T07:30:31Z INFO [740/1000] 2e35cf74-cd0a-455a-b5df-8290d7353ad6: 48 arrays, 83.9 MB stored; 2.1 s; peak memory 394 MiB.
2026-10-09T07:30:34Z INFO [741/1000] 2e368520-8ef4-4136-a303-083caea21e0c: 84 arrays, 296.9 MB stored; 2.9 s; peak memory 394 MiB.
2026-10-09T07:30:36Z INFO [742/1000] 2e367311-f735-429b-bdb5-7c464b789305: 38 arrays, 6411.5 MB stored; 5.6 s; peak memory 394 MiB.
2026-10-09T07:30:36Z INFO [743/1000] 2e36d41f-4f8e-49dc-888d-019e9fc31b12: 52 arrays, 14.7 MB stored; 2.2 s; peak memory 394 MiB.
2026-10-09T07:30:37Z INFO [744/1000] 2e351c9f-6237-425e-aed8-ed8899c474eb: 763 arrays, 28.4 MB stored; 12.0 s; peak memory 394 MiB.
2026-10-09T07:30:38Z INFO [745/1000] 2e3786eb-9adb-4e93-a687-0f7f1ada0cbb: 72 arrays, 0.0 MB stored; 2.3 s; peak memory 394 MiB.
2026-10-09T07:30:39Z INFO [746/1000] 2e37edaa-d7a4-404d-bdad-b6a6e5015ecb: 46 arrays, 0.6 MB stored; 2.1 s; peak memory 394 MiB.
2026-10-09T07:30:40Z INFO [747/1000] 2e386107-e811-41c5-b839-2600378ee209: 48 arrays, 83.9 MB stored; 1.9 s; peak memory 394 MiB.
2026-10-09T07:30:41Z INFO [748/1000] 2e379e03-8677-4165-b4bd-a2267e719171: 38 arrays, 5422.1 MB stored; 5.2 s; peak memory 394 MiB.
2026-10-09T07:30:43Z INFO [749/1000] 2e38a2a4-52d1-4436-b046-32b23286090c: 112 arrays, 0.6 MB stored; 2.8 s; peak memory 394 MiB.
2026-10-09T07:30:46Z INFO [750/1000] 2e38af32-2720-4791-8cd6-224ff9137a2a: 84 arrays, 602.5 MB stored; 4.9 s; peak memory 394 MiB.
2026-10-09T07:30:48Z INFO [751/1000] 2e39478d-9c18-4b84-b30f-a81054f3a5dd: 153 arrays, 3.3 MB stored; 4.9 s; peak memory 394 MiB.
2026-10-09T07:30:49Z INFO [752/1000] 2e39b510-4669-4cbf-b42b-7d563edd30e1: 66 arrays, 46.4 MB stored; 2.9 s; peak memory 394 MiB.
2026-10-09T07:30:50Z INFO [753/1000] 2e3a036e-e1ea-41b2-aedb-624979809367: 118 arrays, 0.3 MB stored; 2.4 s; peak memory 394 MiB.
2026-10-09T07:30:51Z INFO [754/1000] 2e389f8b-6b54-4ebb-9b8b-f65a2bb88143: 1253 arrays, 13.4 MB stored; 11.5 s; peak memory 394 MiB.
2026-10-09T07:30:54Z INFO [755/1000] 2e3a4ea6-f5d0-4bc5-a564-aa35f7415553: 67 arrays, 3632.1 MB stored; 4.9 s; peak memory 394 MiB.
2026-10-09T07:30:55Z INFO [756/1000] 2e3acb2a-4996-4a81-8bae-4ec7fdca29f7: 93 arrays, 1299.4 MB stored; 4.0 s; peak memory 394 MiB.
2026-10-09T07:30:58Z INFO [757/1000] 2e3b3d34-93a9-47fd-bef0-b6fb3647561e: 118 arrays, 66.1 MB stored; 3.5 s; peak memory 394 MiB.
2026-10-09T07:30:59Z INFO [758/1000] 2e3afd14-9b1f-42d3-b7e0-257daabd3689: 104 arrays, 18.7 MB stored; 4.5 s; peak memory 394 MiB.
2026-10-09T07:31:00Z INFO [759/1000] 2e3b7adc-a532-4c69-a24c-9cd9ad933fbb: 49 arrays, 2.2 MB stored; 1.9 s; peak memory 394 MiB.
2026-10-09T07:31:01Z INFO [760/1000] 2e3b8b0b-6d7b-4fae-885e-86e3d63c4c86: 50 arrays, 110.6 MB stored; 2.3 s; peak memory 394 MiB.
2026-10-09T07:31:02Z INFO [761/1000] 2e3a8283-aa85-4caf-8e58-846f0bc209e3: 487 arrays, 17.7 MB stored; 11.5 s; peak memory 394 MiB.
2026-10-09T07:31:03Z INFO [762/1000] 2e3ba004-c720-484b-87f6-15721fb370c3: 71 arrays, 47.9 MB stored; 2.9 s; peak memory 394 MiB.
2026-10-09T07:31:05Z INFO [763/1000] 2e3d222b-af53-4234-a682-0d8981a1b109: 76 arrays, 0.8 MB stored; 2.1 s; peak memory 394 MiB.
2026-10-09T07:31:07Z INFO [764/1000] 2e3d6ce8-bafc-4b9a-85f6-05bbd92ac0ed: 72 arrays, 0.5 MB stored; 2.3 s; peak memory 394 MiB.
2026-10-09T07:31:09Z INFO [765/1000] 2e3d9643-3631-4c84-8c2d-08854f6541fd: 48 arrays, 83.9 MB stored; 2.0 s; peak memory 394 MiB.
2026-10-09T07:31:15Z INFO [766/1000] 2e3caa19-1c9a-4075-95b1-872edc65eb21: 931 arrays, 14.5 MB stored; 13.4 s; peak memory 394 MiB.
2026-10-09T07:31:15Z INFO [767/1000] 2e3bffae-b214-4dde-acb8-d95a3ead1b8b: 369 arrays, 303.8 MB stored; 14.5 s; peak memory 394 MiB.
2026-10-09T07:31:17Z INFO [768/1000] 2e3dde68-f0ea-4bba-b4f3-efd3ab7a497c: 46 arrays, 5.2 MB stored; 1.9 s; peak memory 394 MiB.
2026-10-09T07:31:28Z INFO [769/1000] 2e3e3f41-ca58-458e-a4ae-7fbd5a51864c: 38 arrays, 230.0 MB stored; 11.1 s; peak memory 394 MiB.
2026-10-09T07:31:30Z INFO [770/1000] 2e3e63ef-1703-437a-8414-ae9f4a5f483c: 48 arrays, 83.9 MB stored; 2.0 s; peak memory 394 MiB.
2026-10-09T07:31:35Z INFO [771/1000] 2e40b448-5712-46ba-b94d-5e8a17441083: 159 arrays, 370.9 MB stored; 4.9 s; peak memory 394 MiB.
2026-10-09T07:31:37Z INFO [772/1000] 2e4159dc-5e8d-41cd-9a9a-fc65b09e5a82: 63 arrays, 0.1 MB stored; 1.7 s; peak memory 394 MiB.
2026-10-09T07:31:38Z INFO [773/1000] 2e3e1d01-3b7e-44a2-8026-5d3fe1a01694: 1188 arrays, 22.9 MB stored; 22.4 s; peak memory 394 MiB.
2026-10-09T07:31:39Z INFO [774/1000] 2e41c5b2-1ab9-452e-9961-3053f059670f: 112 arrays, 1.0 MB stored; 2.8 s; peak memory 394 MiB.
2026-10-09T07:31:41Z INFO [775/1000] 2e42fea1-c4be-418a-9c44-53416419ed49: 63 arrays, 0.1 MB stored; 2.1 s; peak memory 394 MiB.
2026-10-09T07:31:43Z INFO [776/1000] 2e43004b-63a0-41d1-a80f-983f204b0661: 55 arrays, 0.0 MB stored; 1.7 s; peak memory 394 MiB.
2026-10-09T07:31:46Z INFO [777/1000] 2e430666-fedc-413e-9f86-6abf3240d48a: 117 arrays, 0.3 MB stored; 2.4 s; peak memory 394 MiB.
2026-10-09T07:31:47Z INFO [778/1000] 2e4361dc-ca2d-42e9-9b89-dd90c2c49a0d: 48 arrays, 83.9 MB stored; 1.9 s; peak memory 394 MiB.
2026-10-09T07:31:49Z INFO [779/1000] 2e4368b4-2481-455f-8777-d34268cac1b1: 41 arrays, 8.4 MB stored; 1.8 s; peak memory 394 MiB.
2026-10-09T07:31:51Z INFO [780/1000] 2e43c044-878a-4647-a3e6-e46d11916ac6: 52 arrays, 13.3 MB stored; 2.1 s; peak memory 394 MiB.
2026-10-09T07:31:53Z INFO [781/1000] 2e43ee98-8c90-42e3-b72e-00bbbe389667: 48 arrays, 83.9 MB stored; 1.9 s; peak memory 394 MiB.
2026-10-09T07:31:54Z INFO [782/1000] 2e0d95e9-4325-4779-b087-88bde72e6799: 58 arrays, 14565.7 MB stored; 226.6 s; peak memory 394 MiB.
2026-10-09T07:31:55Z INFO [783/1000] 2e4425b3-518b-460a-a049-b09321321da7: 52 arrays, 0.0 MB stored; 1.6 s; peak memory 394 MiB.
2026-10-09T07:31:56Z INFO [784/1000] 2e09805a-b16e-4b0a-8e64-1297d5dee006: 129 arrays, 11334.6 MB stored; 246.2 s; peak memory 394 MiB.
2026-10-09T07:31:58Z INFO [785/1000] 2e45840d-87e6-4df2-a1c9-3adfc6c6b83b: 48 arrays, 83.9 MB stored; 1.9 s; peak memory 394 MiB.
2026-10-09T07:31:58Z INFO [786/1000] 2e452d66-f7ee-4320-855a-16f3f1b1d8b9: 71 arrays, 40.6 MB stored; 2.9 s; peak memory 394 MiB.
2026-10-09T07:31:58Z INFO [787/1000] 2e44dbbb-5f9c-40ac-87e9-a9c1da073c7b: 115 arrays, 190.2 MB stored; 4.1 s; peak memory 394 MiB.
2026-10-09T07:31:59Z INFO [788/1000] 2e46065c-a321-404e-aa2a-378501fca630: 35 arrays, 0.0 MB stored; 1.7 s; peak memory 394 MiB.
2026-10-09T07:32:01Z INFO [789/1000] 2e472577-d60e-4e6b-990f-48febb160d93: 116 arrays, 0.3 MB stored; 2.2 s; peak memory 394 MiB.
2026-10-09T07:32:01Z INFO [790/1000] 2e462b8f-5e7d-441b-be44-da6bc91299d5: 71 arrays, 130.4 MB stored; 3.4 s; peak memory 394 MiB.
2026-10-09T07:32:03Z INFO [791/1000] 2e47a86f-bf2c-4136-a17c-35be6a88d9f2: 46 arrays, 0.8 MB stored; 1.9 s; peak memory 394 MiB.
2026-10-09T07:32:03Z INFO [792/1000] 2e3dd82f-46d6-4b3c-b4b3-b3b70dfea1ad: 1510 arrays, 2453.5 MB stored; 53.6 s; peak memory 394 MiB.
2026-10-09T07:32:03Z INFO [793/1000] 2e4813aa-5ddd-4aa0-9a44-6320212bc182: 48 arrays, 83.9 MB stored; 1.9 s; peak memory 394 MiB.
2026-10-09T07:32:05Z INFO [794/1000] 2e4858dd-58ea-4b8f-be70-602bfd3db248: 48 arrays, 83.9 MB stored; 2.1 s; peak memory 394 MiB.
2026-10-09T07:32:05Z INFO [795/1000] 2e486f35-e657-42e8-8f3c-2d4265cff6e5: 46 arrays, 12.6 MB stored; 2.2 s; peak memory 394 MiB.
2026-10-09T07:32:07Z INFO [796/1000] 2e48f0e5-eed4-4a02-a2c1-67afb63e6ac9: 49 arrays, 1961.7 MB stored; 2.9 s; peak memory 394 MiB.
2026-10-09T07:32:09Z INFO [797/1000] 2e4a8b3d-c80c-45f2-9367-41d82777d4f1: 48 arrays, 83.9 MB stored; 1.9 s; peak memory 394 MiB.
2026-10-09T07:32:10Z INFO [798/1000] 2e49bb31-6a24-4898-b933-7dabcf444ea3: 85 arrays, 779.2 MB stored; 4.8 s; peak memory 394 MiB.
2026-10-09T07:32:13Z INFO [799/1000] 2e4b3afa-5e04-488f-93a1-336561dc5b04: 110 arrays, 1.4 MB stored; 3.1 s; peak memory 394 MiB.
2026-10-09T07:32:14Z INFO [800/1000] 2e42bcdd-22ff-4014-8247-d9dd60d76952: 162 arrays, 37896.1 MB stored; 35.9 s; peak memory 394 MiB.
2026-10-09T07:32:15Z INFO [800/1000] 2e42bcdd-22ff-4014-8247-d9dd60d76952: checkpointed 800 new records.
2026-10-09T07:32:15Z INFO [801/1000] 2e4749b0-1f1f-4229-bda5-834a337a3438: 707 arrays, 20.2 MB stored; 15.8 s; peak memory 501 MiB.
2026-10-09T07:32:16Z INFO [802/1000] 2e4c18ab-373f-4594-83fe-4d648abce13c: 112 arrays, 0.7 MB stored; 2.9 s; peak memory 501 MiB.
2026-10-09T07:32:17Z INFO [803/1000] 2e4c30bb-7113-4b3c-a385-1b3428f457a0: 66 arrays, 1.0 MB stored; 2.1 s; peak memory 501 MiB.
2026-10-09T07:32:18Z INFO [804/1000] 2e4c2cae-76a7-4052-8d97-a53f695d5a7d: 115 arrays, 186.8 MB stored; 4.5 s; peak memory 501 MiB.
2026-10-09T07:32:20Z INFO [805/1000] 2e4d49b7-37f4-4769-bb4f-43b5f0a850ac: 112 arrays, 0.8 MB stored; 2.9 s; peak memory 501 MiB.
2026-10-09T07:32:21Z INFO [806/1000] 2e4d5052-3512-4584-8fe5-981c8679af6a: 117 arrays, 0.4 MB stored; 2.5 s; peak memory 501 MiB.
2026-10-09T07:32:23Z INFO [807/1000] 2e4d6af6-6722-4c88-8fd9-5e936ac7fe17: 117 arrays, 0.3 MB stored; 2.3 s; peak memory 501 MiB.
2026-10-09T07:32:25Z INFO [808/1000] 2e485b43-8907-4577-be66-e1a0bc5ca06e: 715 arrays, 21.6 MB stored; 22.3 s; peak memory 501 MiB.
2026-10-09T07:32:26Z INFO [809/1000] 2e4dbde3-efb4-45ba-a95f-a42f9827236b: 71 arrays, 69.4 MB stored; 2.9 s; peak memory 501 MiB.
2026-10-09T07:32:27Z INFO [810/1000] 2e4b39d6-9d65-4ca2-b507-ec69e2384761: 344 arrays, 22.2 MB stored; 17.2 s; peak memory 501 MiB.
2026-10-09T07:32:28Z INFO [811/1000] 2e4e4b63-1668-457c-baaf-2e8e0877e7b2: 69 arrays, 1.8 MB stored; 2.6 s; peak memory 501 MiB.
2026-10-09T07:32:28Z INFO [812/1000] 2e4d56a7-3d33-4666-90ac-6006780e3f7c: 510 arrays, 8.5 MB stored; 7.8 s; peak memory 501 MiB.
2026-10-09T07:32:29Z INFO [813/1000] 2e4e630f-a4b8-42d5-8bf0-74c9a5522f14: 112 arrays, 0.7 MB stored; 2.7 s; peak memory 501 MiB.
2026-10-09T07:32:30Z INFO [814/1000] 2e4fd5de-052e-4915-b848-b247828e5235: 48 arrays, 83.9 MB stored; 1.9 s; peak memory 501 MiB.
2026-10-09T07:32:33Z INFO [815/1000] 2e4f3e2b-b8cd-47b8-8a01-2ab9be4a82b4: 38 arrays, 4359.1 MB stored; 5.0 s; peak memory 501 MiB.
2026-10-09T07:32:34Z INFO [816/1000] 2e511875-ef01-4584-93e3-0c26d4daf8f5: 66 arrays, 77.0 MB stored; 3.5 s; peak memory 501 MiB.
2026-10-09T07:32:35Z INFO [817/1000] 2e5125a2-68f7-45a7-b726-1ce4e9820125: 48 arrays, 83.9 MB stored; 2.0 s; peak memory 501 MiB.
2026-10-09T07:32:37Z INFO [818/1000] 2e52af8b-2ac4-4e91-b0f9-045c7e600d9a: 112 arrays, 0.4 MB stored; 2.5 s; peak memory 501 MiB.
2026-10-09T07:32:40Z INFO [819/1000] 2e4ecb7b-1285-4ed5-8ba3-d63614443383: 906 arrays, 22.3 MB stored; 13.1 s; peak memory 501 MiB.
2026-10-09T07:32:41Z INFO [820/1000] 2e51ffa0-dcff-49b5-a1fb-670bffaabd38: 106 arrays, 7460.3 MB stored; 7.3 s; peak memory 501 MiB.
2026-10-09T07:32:42Z INFO [821/1000] 2e530650-b5da-4a22-b002-dca68f625e03: 117 arrays, 0.5 MB stored; 2.4 s; peak memory 501 MiB.
2026-10-09T07:32:42Z INFO [822/1000] 2e52e502-bddf-4094-b566-fc37f051e8be: 115 arrays, 186.9 MB stored; 4.6 s; peak memory 501 MiB.
2026-10-09T07:32:43Z INFO [823/1000] 2e53f018-6392-4770-8d42-819eebc7465b: 48 arrays, 83.9 MB stored; 1.9 s; peak memory 501 MiB.
2026-10-09T07:32:44Z INFO [824/1000] 2e540e30-44cc-4b7a-8fd4-16f94e9e7095: 50 arrays, 2.3 MB stored; 1.8 s; peak memory 501 MiB.
2026-10-09T07:32:44Z INFO [825/1000] 2e54b920-310c-43f5-8aaf-98b03ef9a01b: 110 arrays, 0.3 MB stored; 2.3 s; peak memory 501 MiB.
2026-10-09T07:32:46Z INFO [826/1000] 2e550cd3-430e-4dea-968a-656db1615d9b: 116 arrays, 0.4 MB stored; 2.4 s; peak memory 501 MiB.
2026-10-09T07:32:46Z INFO [827/1000] 2e556b53-65f9-45e5-9ac7-2f6a97792a54: 118 arrays, 0.3 MB stored; 2.3 s; peak memory 501 MiB.
2026-10-09T07:32:48Z INFO [828/1000] 2e56aeeb-5391-4215-ac83-6b91dca6635b: 117 arrays, 0.3 MB stored; 2.2 s; peak memory 501 MiB.
2026-10-09T07:32:48Z INFO [829/1000] 2e56d6ef-4a14-4ce0-9fb2-b80d457d8a63: 48 arrays, 83.9 MB stored; 2.0 s; peak memory 501 MiB.
2026-10-09T07:32:48Z INFO [830/1000] 2e4c675c-38fe-4212-82c9-acb45b280fb9: 48 arrays, 41427.2 MB stored; 32.2 s; peak memory 501 MiB.
2026-10-09T07:32:49Z INFO [831/1000] 2e4ef71f-7ee0-496f-aebd-9d0349f25773: 1100 arrays, 27.1 MB stored; 21.0 s; peak memory 501 MiB.
2026-10-09T07:32:50Z INFO [832/1000] 2e57262e-3a94-43a9-ab0a-cb191c834199: 69 arrays, 2.9 MB stored; 2.5 s; peak memory 501 MiB.
2026-10-09T07:32:51Z INFO [833/1000] 2e57d241-972d-4d2a-b604-b0f3e4be1c63: 48 arrays, 83.9 MB stored; 2.1 s; peak memory 501 MiB.
2026-10-09T07:32:51Z INFO [834/1000] 2e578935-c6d3-43ac-b44c-e92c6153a8fd: 71 arrays, 4.1 MB stored; 2.9 s; peak memory 501 MiB.
2026-10-09T07:32:52Z INFO [835/1000] 2e55aa77-fca6-4688-b4a4-611dd7517663: 106 arrays, 7861.4 MB stored; 7.6 s; peak memory 501 MiB.
2026-10-09T07:32:53Z INFO [836/1000] 2e584aff-fd05-45ad-b064-24f5c28a2e2d: 38 arrays, 0.5 MB stored; 2.0 s; peak memory 501 MiB.
2026-10-09T07:32:54Z INFO [837/1000] 2e5868e0-2db6-4d30-8ec2-926dbc7a41e3: 37 arrays, 0.0 MB stored; 1.7 s; peak memory 501 MiB.
2026-10-09T07:32:56Z INFO [838/1000] 2e59064a-b8de-4f7e-8af6-6e8710deda08: 117 arrays, 0.7 MB stored; 2.7 s; peak memory 501 MiB.
2026-10-09T07:32:56Z INFO [839/1000] 2e593463-581d-418e-a90b-266ca129b917: 112 arrays, 0.3 MB stored; 2.5 s; peak memory 501 MiB.
2026-10-09T07:32:57Z INFO [840/1000] 2e57df75-dd57-4e71-8cc7-4c52c951d3c8: 111 arrays, 186.2 MB stored; 6.4 s; peak memory 501 MiB.
2026-10-09T07:32:58Z INFO [841/1000] 2e59d85c-1380-4160-8558-f623abb2236b: 48 arrays, 83.9 MB stored; 1.9 s; peak memory 501 MiB.
2026-10-09T07:32:59Z INFO [842/1000] 2e5aaab5-96e4-4732-8cca-32cf4dc4728c: 48 arrays, 83.9 MB stored; 2.1 s; peak memory 501 MiB.
2026-10-09T07:32:59Z INFO [843/1000] 2e5bd84c-5577-4ca1-8043-a1048b08a70b: 57 arrays, 0.0 MB stored; 1.6 s; peak memory 501 MiB.
2026-10-09T07:33:01Z INFO [844/1000] 2e5a7355-29f3-4dbb-80e2-231ce2546f12: 104 arrays, 18.6 MB stored; 4.5 s; peak memory 501 MiB.
2026-10-09T07:33:01Z INFO [845/1000] 2e5ce688-05f6-4af3-8cd6-2ed5728968e7: 48 arrays, 83.9 MB stored; 2.0 s; peak memory 501 MiB.
2026-10-09T07:33:01Z INFO [846/1000] 2e5d0cbc-80ec-4fd0-88d8-e5f36bedadd2: 48 arrays, 83.9 MB stored; 2.0 s; peak memory 501 MiB.
2026-10-09T07:33:02Z INFO [847/1000] 2e585a84-a685-493c-8b67-0b9630b8b7fe: 537 arrays, 8.2 MB stored; 10.5 s; peak memory 501 MiB.
2026-10-09T07:33:02Z INFO [848/1000] 2e2e2b2e-a960-4931-bc83-5aeaaaa9f980: 167 arrays, 21237.5 MB stored; 180.5 s; peak memory 501 MiB.
2026-10-09T07:33:04Z INFO [849/1000] 2e5e7058-4880-46d3-90c4-23be7328ac94: 118 arrays, 0.5 MB stored; 2.3 s; peak memory 501 MiB.
2026-10-09T07:33:04Z INFO [850/1000] 2e5e521a-aaf2-475c-ac4d-ec550d70079c: 64 arrays, 28.2 MB stored; 2.8 s; peak memory 501 MiB.
2026-10-09T07:33:05Z INFO [851/1000] 2e5e979f-2685-4422-b4b9-e5020b3fa98d: 70 arrays, 39.0 MB stored; 2.9 s; peak memory 501 MiB.
2026-10-09T07:33:05Z INFO [852/1000] 2e5ee818-609f-460f-95cf-22768259dc7a: 76 arrays, 8.0 MB stored; 2.5 s; peak memory 501 MiB.
2026-10-09T07:33:06Z INFO [853/1000] 2e5f2613-ac72-4ce2-8d51-12622c8b36c5: 112 arrays, 0.5 MB stored; 2.6 s; peak memory 501 MiB.
2026-10-09T07:33:06Z INFO [854/1000] 2e60dc16-9c3b-4a2b-951e-b1d5ec7f0c92: 140 arrays, 0.6 MB stored; 2.6 s; peak memory 501 MiB.
2026-10-09T07:33:07Z INFO [855/1000] 2e61b278-bf88-42ed-98b0-d95102b0a0bb: 48 arrays, 83.9 MB stored; 2.0 s; peak memory 501 MiB.
2026-10-09T07:33:08Z INFO [856/1000] 2e60f720-ba3a-45dc-a501-757f167a8539: 71 arrays, 4.0 MB stored; 3.0 s; peak memory 501 MiB.
2026-10-09T07:33:08Z INFO [857/1000] 2e61e516-4c0d-4a99-9e4a-0c2e45ac3b4e: 42 arrays, 279.2 MB stored; 2.0 s; peak memory 501 MiB.
2026-10-09T07:33:09Z INFO [858/1000] 2e62640a-0092-4dd6-844e-a3abaedd692c: 117 arrays, 0.3 MB stored; 2.3 s; peak memory 501 MiB.
2026-10-09T07:33:09Z INFO [859/1000] 2e61e89e-1cf5-4c4d-a917-32a96292b97b: 66 arrays, 138.0 MB stored; 3.0 s; peak memory 501 MiB.
2026-10-09T07:33:09Z INFO [860/1000] 2e5e07f2-c498-4243-bb40-ceb9aded5135: 229 arrays, 417.3 MB stored; 8.7 s; peak memory 501 MiB.
2026-10-09T07:33:10Z INFO [861/1000] 2e62c8cc-10b7-40e2-82c5-e6ce26083664: 48 arrays, 83.9 MB stored; 2.0 s; peak memory 501 MiB.
2026-10-09T07:33:10Z INFO [862/1000] 2e631589-1860-40e5-ad21-d4fe551055c7: 33 arrays, 0.0 MB stored; 1.7 s; peak memory 501 MiB.
2026-10-09T07:33:11Z INFO [863/1000] 2e638490-3961-456c-a525-dc09dea81bc7: 48 arrays, 83.9 MB stored; 2.3 s; peak memory 501 MiB.
2026-10-09T07:33:12Z INFO [864/1000] 2e63ecf7-bf0b-407d-bffd-e0d2146d73d4: 118 arrays, 0.4 MB stored; 2.3 s; peak memory 501 MiB.
2026-10-09T07:33:12Z INFO [865/1000] 2e575160-d97f-45c9-a818-b20282304c75: 446 arrays, 33.4 MB stored; 24.0 s; peak memory 501 MiB.
2026-10-09T07:33:12Z INFO [866/1000] 2e650443-2b80-477c-9a20-3553501c0a55: 117 arrays, 0.5 MB stored; 2.6 s; peak memory 501 MiB.
2026-10-09T07:33:13Z INFO [867/1000] 2e63ddca-31ef-42c0-b3d6-0f1a0a023f18: 71 arrays, 67.8 MB stored; 3.6 s; peak memory 501 MiB.
2026-10-09T07:33:14Z INFO [868/1000] 2e65fffa-2770-4108-8662-1a883544dcb5: 52 arrays, 13.2 MB stored; 2.1 s; peak memory 501 MiB.
2026-10-09T07:33:15Z INFO [869/1000] 2e66c650-ec48-4f13-b6c6-1553127c28bc: 117 arrays, 0.3 MB stored; 2.4 s; peak memory 501 MiB.
2026-10-09T07:33:15Z INFO [870/1000] 2e671e82-52af-4960-8df7-5bd4c64676e0: 48 arrays, 83.9 MB stored; 2.0 s; peak memory 501 MiB.
2026-10-09T07:33:15Z INFO [871/1000] 2e66b7e3-5311-45cf-ae36-b349ca7f9510: 70 arrays, 16.1 MB stored; 2.6 s; peak memory 501 MiB.
2026-10-09T07:33:16Z INFO [872/1000] 2e65e938-ed36-48c6-90f6-c069396aa742: 87 arrays, 32.7 MB stored; 4.4 s; peak memory 501 MiB.
2026-10-09T07:33:17Z INFO [873/1000] 2e6788f2-9670-490d-ba97-ff856192a3a9: 54 arrays, 0.0 MB stored; 1.9 s; peak memory 501 MiB.
2026-10-09T07:33:17Z INFO [874/1000] 2e67831a-7897-4fab-a143-8c8ab9b6caec: 48 arrays, 83.9 MB stored; 2.1 s; peak memory 501 MiB.
2026-10-09T07:33:18Z INFO [875/1000] 2e656a55-1db9-4340-ba22-31921a50aeed: 208 arrays, 56.8 MB stored; 8.3 s; peak memory 501 MiB.
2026-10-09T07:33:19Z INFO [876/1000] 2e680bbc-1827-4389-8385-090b6cc5b5e7: 48 arrays, 83.9 MB stored; 1.9 s; peak memory 501 MiB.
2026-10-09T07:33:19Z INFO [877/1000] 2e67bc77-f265-4a44-957d-41684d7f0bf8: 71 arrays, 2.7 MB stored; 3.2 s; peak memory 501 MiB.
2026-10-09T07:33:20Z INFO [878/1000] 2e68b0ca-22a6-47c7-b6b8-3d512365e256: 46 arrays, 12.6 MB stored; 2.1 s; peak memory 501 MiB.
2026-10-09T07:33:21Z INFO [879/1000] 2e672612-01dd-46db-a045-31fcc3ee7106: 223 arrays, 243.6 MB stored; 7.4 s; peak memory 501 MiB.
2026-10-09T07:33:23Z INFO [880/1000] 2e696605-8e37-4338-9194-cb540bbefd29: 60 arrays, 0.8 MB stored; 2.4 s; peak memory 501 MiB.
2026-10-09T07:33:23Z INFO [881/1000] 2e69ced3-36ba-438a-9d89-33956127b5df: 48 arrays, 83.9 MB stored; 2.1 s; peak memory 501 MiB.
2026-10-09T07:33:25Z INFO [882/1000] 2e6a4ac9-8ae5-4543-bbb1-5d445da7d515: 117 arrays, 0.4 MB stored; 2.3 s; peak memory 501 MiB.
2026-10-09T07:33:25Z INFO [883/1000] 2e6a9459-c1c2-4336-b4d6-30804dd554df: 48 arrays, 83.9 MB stored; 2.0 s; peak memory 501 MiB.
2026-10-09T07:33:26Z INFO [884/1000] 2e68c1c0-c117-4f77-86b6-e9e0026b73ba: 38 arrays, 103.8 MB stored; 6.5 s; peak memory 501 MiB.
2026-10-09T07:33:28Z INFO [885/1000] 2e6ba46e-753f-4914-a64a-4ce6fcf2865a: 117 arrays, 0.4 MB stored; 2.4 s; peak memory 501 MiB.
2026-10-09T07:33:28Z INFO [886/1000] 2e6c046c-b2cb-4343-9700-12cd0a0f5f1a: 50 arrays, 16657.2 MB stored; 2.3 s; peak memory 501 MiB.
2026-10-09T07:33:29Z INFO [887/1000] 2e67afd0-b0a7-4678-90dc-2fbf1f10db96: 396 arrays, 24.0 MB stored; 13.8 s; peak memory 501 MiB.
2026-10-09T07:33:29Z INFO [888/1000] 2e68295f-c1d7-4932-8077-3e7fc461c130: 41 arrays, 338.1 MB stored; 12.6 s; peak memory 501 MiB.
2026-10-09T07:33:30Z INFO [889/1000] 2e6cd9c2-ec7e-4d95-95be-bedb242b9377: 48 arrays, 83.9 MB stored; 2.0 s; peak memory 501 MiB.
2026-10-09T07:33:30Z INFO [890/1000] 2e6d250e-b1dc-4ac9-90a0-6a5e96efe96d: 48 arrays, 83.9 MB stored; 2.0 s; peak memory 501 MiB.
2026-10-09T07:33:31Z INFO [891/1000] 2e6d541b-225d-4c4c-b9cf-72eec742f893: 37 arrays, 0.0 MB stored; 1.7 s; peak memory 501 MiB.
2026-10-09T07:33:32Z INFO [892/1000] 2e6d6177-42ff-48de-b973-67f2eb335ef4: 48 arrays, 83.9 MB stored; 2.1 s; peak memory 501 MiB.
2026-10-09T07:33:32Z INFO [893/1000] 2e6d6a3e-fba7-4c4b-8497-cbc5299f6742: 45 arrays, 671.8 MB stored; 2.6 s; peak memory 501 MiB.
2026-10-09T07:33:34Z INFO [894/1000] 2e6d6d8a-6139-4b1f-875f-5a1c4a8efd6e: 112 arrays, 0.6 MB stored; 2.6 s; peak memory 501 MiB.
2026-10-09T07:33:36Z INFO [895/1000] 2e6df8fb-25c8-4b14-aad3-49974e6b5f59: 50 arrays, 4500.7 MB stored; 2.4 s; peak memory 501 MiB.
2026-10-09T07:33:38Z INFO [896/1000] 2e6edf02-a9cd-48e7-90ba-e31292a4946e: 48 arrays, 83.9 MB stored; 1.8 s; peak memory 501 MiB.
2026-10-09T07:33:40Z INFO [897/1000] 2e6f3768-2d81-4a13-bf32-2aae98169cc5: 48 arrays, 83.9 MB stored; 2.0 s; peak memory 501 MiB.
2026-10-09T07:33:42Z INFO [898/1000] 2e6f46e5-1b53-4245-992c-4e94f0412ceb: 64 arrays, 13.3 MB stored; 2.3 s; peak memory 501 MiB.
2026-10-09T07:33:51Z INFO [899/1000] 2e6fb19a-51ab-4df4-81d2-64a44ebbd14e: 538 arrays, 8.0 MB stored; 8.9 s; peak memory 501 MiB.
2026-10-09T07:33:55Z INFO [900/1000] 2e6fbe8b-f80b-4b27-b643-f97e4b703055: 116 arrays, 187.1 MB stored; 4.4 s; peak memory 501 MiB.
2026-10-09T07:33:58Z INFO [901/1000] 2e70873a-ed1d-4cab-b0d4-2adcf4e5528b: 69 arrays, 47.5 MB stored; 2.7 s; peak memory 501 MiB.
2026-10-09T07:34:00Z INFO [902/1000] 2e70b656-d448-4048-851f-a9b74bc681b6: 48 arrays, 83.9 MB stored; 2.0 s; peak memory 501 MiB.
2026-10-09T07:34:02Z INFO [903/1000] 2e6dcf22-7097-4ac6-910c-42c8469f2f9e: 48 arrays, 35560.0 MB stored; 29.8 s; peak memory 501 MiB.
2026-10-09T07:34:04Z INFO [904/1000] 2e743e50-984e-4207-b7d4-38c4df92697c: 52 arrays, 16.8 MB stored; 2.1 s; peak memory 501 MiB.
2026-10-09T07:34:06Z INFO [905/1000] 2e748eca-2b4c-4a79-b5e8-15ededebbca7: 45 arrays, 0.0 MB stored; 1.6 s; peak memory 501 MiB.
2026-10-09T07:34:09Z INFO [906/1000] 2e7495cf-d92c-45b1-8461-f1afd9abc6c1: 66 arrays, 67.8 MB stored; 2.6 s; peak memory 501 MiB.
2026-10-09T07:34:09Z INFO [907/1000] 2e737762-ceef-4c1c-ae60-08232eea14de: 196 arrays, 573.3 MB stored; 9.3 s; peak memory 501 MiB.
2026-10-09T07:34:11Z INFO [908/1000] 2e75146b-4b6b-44df-8ce5-97aeb8a353bc: 112 arrays, 0.3 MB stored; 2.3 s; peak memory 501 MiB.
2026-10-09T07:34:12Z INFO [909/1000] 2e756d0c-9c3d-4836-a925-fdaba9d89795: 116 arrays, 0.4 MB stored; 2.4 s; peak memory 501 MiB.
2026-10-09T07:34:13Z INFO [910/1000] 2e75842e-dc12-44cc-8306-637d5d7ecdae: 68 arrays, 2.4 MB stored; 2.2 s; peak memory 501 MiB.
2026-10-09T07:34:17Z INFO [911/1000] 2e7631aa-5ba6-43fd-9cdd-2278cd577bbf: 38 arrays, 57.9 MB stored; 4.1 s; peak memory 501 MiB.
2026-10-09T07:34:19Z INFO [912/1000] 2e763db7-8aee-47b0-aea8-029383ecdc8c: 48 arrays, 83.9 MB stored; 2.0 s; peak memory 501 MiB.
2026-10-09T07:34:22Z INFO [913/1000] 2e75c58e-7cf9-4a82-8a19-e0ffd2d69a32: 538 arrays, 7.5 MB stored; 9.7 s; peak memory 501 MiB.
2026-10-09T07:34:24Z INFO [914/1000] 2e77b29a-48cd-4106-96e4-50cb3627c37a: 48 arrays, 83.9 MB stored; 2.0 s; peak memory 501 MiB.
2026-10-09T07:34:26Z INFO [915/1000] 2e78026a-d34b-48c9-b7df-2fe461f1e340: 116 arrays, 0.3 MB stored; 2.4 s; peak memory 501 MiB.
2026-10-09T07:34:28Z INFO [916/1000] 2e769656-f1ab-4247-b7ef-d6ee9adbea29: 174 arrays, 60.0 MB stored; 8.4 s; peak memory 501 MiB.
2026-10-09T07:34:30Z INFO [917/1000] 2e786842-1400-407b-ad5f-3f02cc9de480: 119 arrays, 66.4 MB stored; 3.7 s; peak memory 501 MiB.
2026-10-09T07:34:30Z INFO [918/1000] 2e787832-ca0d-4c56-a9a9-ae102a1e847e: 48 arrays, 83.9 MB stored; 2.1 s; peak memory 501 MiB.
2026-10-09T07:34:32Z INFO [919/1000] 2e789f68-f799-49fd-af33-480e8a400872: 48 arrays, 83.9 MB stored; 2.2 s; peak memory 501 MiB.
2026-10-09T07:34:35Z INFO [920/1000] 2e794671-0cac-4c86-a459-de6ecefbbc99: 112 arrays, 1.1 MB stored; 3.1 s; peak memory 501 MiB.
2026-10-09T07:34:36Z INFO [921/1000] 2e07bb2e-683b-46f9-99ea-8d9fd7d42baf: 45 arrays, 1645.3 MB stored; 418.9 s; peak memory 501 MiB.
2026-10-09T07:34:37Z INFO [922/1000] 2e79b09e-7ad9-4de4-be1b-d6809ed8d270: 72 arrays, 43.9 MB stored; 2.0 s; peak memory 501 MiB.
2026-10-09T07:34:39Z INFO [923/1000] 2e7a520e-7656-4147-b5f5-8658b9380317: 117 arrays, 0.4 MB stored; 2.3 s; peak memory 501 MiB.
2026-10-09T07:34:41Z INFO [924/1000] 2e7a87ff-b81f-45d3-a176-3f6bbc69fcf2: 48 arrays, 83.9 MB stored; 2.0 s; peak memory 501 MiB.
2026-10-09T07:34:44Z INFO [925/1000] 2e7a8b36-dea8-48d2-8a9f-b571331a80d6: 92 arrays, 0.5 MB stored; 2.6 s; peak memory 501 MiB.
2026-10-09T07:34:47Z INFO [926/1000] 2e79db74-ea3f-426d-a55c-acda3b2b9b83: 757 arrays, 13.0 MB stored; 11.3 s; peak memory 501 MiB.
2026-10-09T07:34:49Z INFO [927/1000] 2e7cdad1-8d53-43b3-8a68-88347f5affd5: 48 arrays, 83.9 MB stored; 1.9 s; peak memory 501 MiB.
2026-10-09T07:34:50Z INFO [928/1000] 2e7c39f6-77eb-4ac1-9a11-21e24d77ebb0: 455 arrays, 4.2 MB stored; 5.9 s; peak memory 501 MiB.
2026-10-09T07:34:50Z INFO [929/1000] 2e7ceb05-26e3-4c22-a090-87b758598fcd: 45 arrays, 0.0 MB stored; 1.6 s; peak memory 501 MiB.
2026-10-09T07:34:52Z INFO [930/1000] 2e7d10e3-7068-4a0c-b367-49376711c94e: 48 arrays, 83.9 MB stored; 2.0 s; peak memory 501 MiB.
2026-10-09T07:34:54Z INFO [931/1000] 2e7d84de-1bf0-4ed3-ac15-19ac4151185c: 117 arrays, 0.5 MB stored; 2.5 s; peak memory 501 MiB.
2026-10-09T07:34:56Z INFO [932/1000] 2e7e2b8a-fea3-40e9-b956-e8450b31716c: 48 arrays, 83.9 MB stored; 2.0 s; peak memory 501 MiB.
2026-10-09T07:34:58Z INFO [933/1000] 2e7d2e7b-8cc9-479c-8116-2a125177f9a3: 208 arrays, 50.0 MB stored; 7.7 s; peak memory 501 MiB.
2026-10-09T07:34:58Z INFO [934/1000] 2e7e6419-ba3d-46cc-ab61-4b827aca3e89: 52 arrays, 658.0 MB stored; 2.3 s; peak memory 501 MiB.
2026-10-09T07:35:00Z INFO [935/1000] 2e7ef0c9-2973-4b01-9e4f-dc0d46b26d06: 48 arrays, 83.9 MB stored; 1.9 s; peak memory 501 MiB.
2026-10-09T07:35:08Z INFO [936/1000] 2e78a8bc-0bec-4e9e-ae40-a27bc9ec1a87: 1139 arrays, 25.4 MB stored; 38.3 s; peak memory 501 MiB.
2026-10-09T07:35:10Z INFO [937/1000] 2e802496-fa3c-495d-a5e0-debff46c8c01: 48 arrays, 83.9 MB stored; 1.9 s; peak memory 501 MiB.
2026-10-09T07:35:12Z INFO [938/1000] 2e7effe9-9e60-46cd-9937-93ac8a9c44bd: 747 arrays, 21.6 MB stored; 11.3 s; peak memory 501 MiB.
2026-10-09T07:35:12Z INFO [939/1000] 2e8080b0-3ba3-4a98-b17c-5c8e5674f4e9: 118 arrays, 0.5 MB stored; 2.3 s; peak memory 501 MiB.
2026-10-09T07:35:15Z INFO [940/1000] 2e816774-0eac-4a58-8eb9-efede45f97c6: 71 arrays, 75.3 MB stored; 3.2 s; peak memory 501 MiB.
2026-10-09T07:35:20Z INFO [941/1000] 2e8266d1-c340-4cd9-8dc4-5882abc46fcc: 116 arrays, 187.1 MB stored; 4.2 s; peak memory 501 MiB.
2026-10-09T07:35:34Z INFO [942/1000] 2e8268c3-a03c-468c-941c-dd3ca5703fbb: 799 arrays, 32.5 MB stored; 13.9 s; peak memory 501 MiB.
2026-10-09T07:35:35Z INFO [943/1000] 2e833da5-0d89-46d2-9233-390d86a6e71b: 38 arrays, 0.4 MB stored; 1.9 s; peak memory 501 MiB.
2026-10-09T07:35:38Z INFO [944/1000] 2e849918-5ebf-485a-a88b-d19e0cf3289c: 117 arrays, 0.4 MB stored; 2.4 s; peak memory 501 MiB.
2026-10-09T07:35:40Z INFO [945/1000] 2e84bfc8-2f90-4c0b-a803-80cd732b4abd: 117 arrays, 0.5 MB stored; 2.3 s; peak memory 501 MiB.
2026-10-09T07:35:42Z INFO [946/1000] 2e850d48-18f3-4471-aeac-5d9b9d89017e: 48 arrays, 83.9 MB stored; 1.9 s; peak memory 501 MiB.
2026-10-09T07:35:44Z INFO [947/1000] 2e851380-8679-44c2-810e-e5cc79f68741: 117 arrays, 0.3 MB stored; 2.2 s; peak memory 501 MiB.
2026-10-09T07:35:47Z INFO [948/1000] 2e85ceb1-50b7-409d-8ec0-71994d23468e: 117 arrays, 0.4 MB stored; 2.4 s; peak memory 501 MiB.
2026-10-09T07:35:49Z INFO [949/1000] 2e85fb6b-3571-4fd6-abb9-d505f36825f0: 48 arrays, 83.9 MB stored; 2.2 s; peak memory 501 MiB.
2026-10-09T07:35:51Z INFO [950/1000] 2e865892-c67d-47df-84dc-1e184de81d5e: 116 arrays, 0.2 MB stored; 2.1 s; peak memory 501 MiB.
2026-10-09T07:35:53Z INFO [951/1000] 2e868afc-f6b7-42b3-9027-f09587d85c8a: 116 arrays, 0.3 MB stored; 2.2 s; peak memory 501 MiB.
2026-10-09T07:35:55Z INFO [952/1000] 2e86a0f6-00ab-4469-aa3d-53a4dd531ead: 112 arrays, 0.2 MB stored; 2.1 s; peak memory 501 MiB.
2026-10-09T07:35:57Z INFO [953/1000] 2e86c494-953f-4b40-88bd-473d58f1bd4a: 45 arrays, 0.0 MB stored; 1.7 s; peak memory 501 MiB.
2026-10-09T07:35:57Z INFO [954/1000] 2e6d92f8-6572-41e2-bd8f-263fd970945a: 394 arrays, 31575.9 MB stored; 145.6 s; peak memory 501 MiB.
2026-10-09T07:35:59Z INFO [955/1000] 2e86cddc-a112-4399-a9ea-d0f591ab2c2b: 48 arrays, 83.9 MB stored; 2.0 s; peak memory 501 MiB.
2026-10-09T07:36:00Z INFO [956/1000] 2e86d656-8976-4836-8d55-25c3c2fd2c68: 116 arrays, 0.4 MB stored; 2.3 s; peak memory 501 MiB.
2026-10-09T07:36:02Z INFO [957/1000] 2e86e9e2-111e-4fc7-b0fc-7dadf844b61d: 66 arrays, 66.1 MB stored; 2.7 s; peak memory 501 MiB.
2026-10-09T07:36:02Z INFO [958/1000] 2e87125e-71a3-4fe2-92d9-d38f35796fbf: 48 arrays, 83.9 MB stored; 2.1 s; peak memory 501 MiB.
2026-10-09T07:36:04Z INFO [959/1000] 2e87bd91-dae0-4612-aaa2-f7df77c49e19: 85 arrays, 1.3 MB stored; 2.1 s; peak memory 501 MiB.
2026-10-09T07:36:05Z INFO [960/1000] 2e87f3ae-17aa-4b08-b2d4-acaa5c997ed7: 112 arrays, 0.6 MB stored; 2.7 s; peak memory 501 MiB.
2026-10-09T07:36:09Z INFO [961/1000] 2e8975bf-6b2b-4f42-90c9-9fcae4d63316: 80 arrays, 789.9 MB stored; 4.4 s; peak memory 501 MiB.
2026-10-09T07:36:14Z INFO [962/1000] 2e8a0ed9-8c78-47e2-afaf-4fa8057783f3: 156 arrays, 193.5 MB stored; 4.9 s; peak memory 501 MiB.
2026-10-09T07:36:16Z INFO [963/1000] 2e8a5c5b-52f1-4ae3-88d2-1005c8086fc4: 48 arrays, 83.9 MB stored; 2.0 s; peak memory 501 MiB.
2026-10-09T07:36:17Z INFO [964/1000] 2e6ac94a-3144-44c1-a1b8-c6799f39bf16: 99 arrays, 3144.4 MB stored; 171.7 s; peak memory 501 MiB.
2026-10-09T07:36:18Z INFO [965/1000] 2e8a937d-b303-4da9-9c8e-2873206de443: 48 arrays, 83.9 MB stored; 2.0 s; peak memory 501 MiB.
2026-10-09T07:36:19Z INFO [966/1000] 2e8af9fc-4202-44ab-a545-7ec19ff61a2c: 118 arrays, 0.4 MB stored; 2.4 s; peak memory 501 MiB.
2026-10-09T07:36:20Z INFO [967/1000] 2e8b142c-b96b-4e0b-9e43-b7cb016d4b75: 46 arrays, 0.3 MB stored; 1.9 s; peak memory 501 MiB.
2026-10-09T07:36:22Z INFO [968/1000] 2e8c02d3-10aa-4664-b820-d5ef6366c6ab: 71 arrays, 65.3 MB stored; 3.0 s; peak memory 501 MiB.
2026-10-09T07:36:24Z INFO [969/1000] 2e8d0432-c85c-4c2d-9d1e-2440604af5b0: 47 arrays, 0.1 MB stored; 1.8 s; peak memory 501 MiB.
2026-10-09T07:36:26Z INFO [970/1000] 2e8d7b09-df2b-4f47-8dd8-db6b705ca089: 117 arrays, 0.4 MB stored; 2.2 s; peak memory 501 MiB.
2026-10-09T07:36:28Z INFO [971/1000] 2e6d4520-070a-400a-b294-6533a99a766d: 167 arrays, 21384.9 MB stored; 179.0 s; peak memory 501 MiB.
2026-10-09T07:36:31Z INFO [972/1000] 2e8f915c-33e4-4359-8673-d39f19fa55f4: 45 arrays, 645.4 MB stored; 2.9 s; peak memory 501 MiB.
2026-10-09T07:36:32Z INFO [973/1000] 2e8fe785-2e3b-4bf9-8308-dd61a40792f8: 48 arrays, 83.9 MB stored; 1.9 s; peak memory 501 MiB.
2026-10-09T07:36:35Z INFO [974/1000] 2e8f4a28-d720-4445-bc2a-cfe5ede375e7: 229 arrays, 680.5 MB stored; 9.0 s; peak memory 501 MiB.
2026-10-09T07:36:37Z INFO [975/1000] 2e902d00-4dd7-4800-83d2-c1444c7bfbd1: 48 arrays, 83.9 MB stored; 2.1 s; peak memory 501 MiB.
2026-10-09T07:36:38Z INFO [976/1000] 2e68bb64-8430-4fa7-9936-c759463b7646: 241 arrays, 23242.2 MB stored; 199.8 s; peak memory 501 MiB.
2026-10-09T07:36:40Z INFO [977/1000] 2e906c76-ebe4-4b9d-83e5-00baf1647aaa: 119 arrays, 66.4 MB stored; 3.3 s; peak memory 501 MiB.
2026-10-09T07:36:42Z INFO [978/1000] 2e90ac13-60ee-49b0-b3ee-ca184891537a: 48 arrays, 83.9 MB stored; 2.0 s; peak memory 501 MiB.
2026-10-09T07:36:43Z INFO [979/1000] 2e901c79-48cb-4987-bbef-50057ff774be: 807 arrays, 9.8 MB stored; 10.2 s; peak memory 501 MiB.
2026-10-09T07:36:43Z INFO [980/1000] 2e909923-cfed-4094-9a32-d927689f3faf: 116 arrays, 187.1 MB stored; 4.3 s; peak memory 501 MiB.
2026-10-09T07:36:45Z INFO [981/1000] 2e9163ee-8598-4513-8e6d-44176bec7dd5: 48 arrays, 83.9 MB stored; 2.1 s; peak memory 501 MiB.
2026-10-09T07:36:45Z INFO [982/1000] 2e90bc80-3511-44aa-a51f-f21824cf50ff: 112 arrays, 0.5 MB stored; 2.5 s; peak memory 501 MiB.
2026-10-09T07:36:47Z INFO [983/1000] 2e91fb68-11c9-4713-96c2-8ffa1436c958: 48 arrays, 83.9 MB stored; 2.0 s; peak memory 501 MiB.
2026-10-09T07:36:47Z INFO [984/1000] 2e91fab9-6541-476c-b6b0-b6da407a54e8: 116 arrays, 0.4 MB stored; 2.3 s; peak memory 501 MiB.
2026-10-09T07:36:49Z INFO [985/1000] 2e922259-8eb3-4d98-9c25-ded1edbb15f6: 48 arrays, 83.9 MB stored; 2.1 s; peak memory 501 MiB.
2026-10-09T07:36:51Z INFO [986/1000] 2e922c24-e676-432a-bead-3b9c87204a06: 90 arrays, 117.8 MB stored; 4.0 s; peak memory 501 MiB.
2026-10-09T07:36:54Z INFO [987/1000] 2e929775-d159-4f25-96e9-a6c5916eebd7: 112 arrays, 0.6 MB stored; 2.8 s; peak memory 501 MiB.
2026-10-09T07:36:57Z INFO [988/1000] 2e929ac0-14c2-46b8-8239-55ecc8a10019: 115 arrays, 0.6 MB stored; 2.7 s; peak memory 501 MiB.
2026-10-09T07:36:58Z INFO [989/1000] 2e90e6d1-7b53-4490-a83d-065868ef813a: 11477 arrays, 487.7 MB stored; 15.0 s; peak memory 501 MiB.
2026-10-09T07:37:00Z INFO [990/1000] 2e922ee3-3e31-4889-8bae-c187410fba1d: 139 arrays, 3568.6 MB stored; 10.8 s; peak memory 501 MiB.
2026-10-09T07:37:00Z INFO [991/1000] 2e94a6b2-b676-4b5d-891a-0d30f17b5978: 118 arrays, 0.5 MB stored; 2.5 s; peak memory 501 MiB.
2026-10-09T07:37:02Z INFO [992/1000] 2e94daa7-ab8b-4a75-b805-0ef6d8df783b: 79 arrays, 0.3 MB stored; 2.4 s; peak memory 501 MiB.
2026-10-09T07:37:02Z INFO [993/1000] 2e9547e0-1025-42dc-9bbe-dae518b0cfc6: 118 arrays, 0.3 MB stored; 2.3 s; peak memory 501 MiB.
2026-10-09T07:37:04Z INFO [994/1000] 2e92bf93-9696-4645-8ace-b6eb2e6d6718: 323 arrays, 6.9 MB stored; 7.2 s; peak memory 501 MiB.
2026-10-09T07:37:05Z INFO [995/1000] 2e95acdf-4fde-42d8-9d64-ea92f29e36ff: 112 arrays, 0.6 MB stored; 2.5 s; peak memory 501 MiB.
2026-10-09T07:37:09Z INFO [996/1000] 2e884c0a-d491-48bb-84f9-b2b9420c6016: 55 arrays, 1877.3 MB stored; 65.0 s; peak memory 501 MiB.
2026-10-09T07:37:50Z INFO [997/1000] 2e8c2e17-434b-4b20-8e59-081982c59681: 58 arrays, 3331.6 MB stored; 90.7 s; peak memory 501 MiB.
2026-10-09T07:38:31Z INFO [998/1000] 2e81091d-38cc-43fa-9470-8e5889968c11: 260 arrays, 23249.3 MB stored; 199.2 s; peak memory 501 MiB.
2026-10-09T07:43:12Z WARNING 2da2bc28-f73f-4eb9-bf9b-b8ddcf7b41af: failed while reading the NWB file (TimeoutError: exceeded 1200 s)
2026-10-09T07:43:12Z WARNING [999/1000] 2da2bc28-f73f-4eb9-bf9b-b8ddcf7b41af: recorded the failure; a later run retries it.
2026-10-09T07:54:58Z WARNING 2e7ea814-6c42-4fb9-b4e5-b280ec80958d: failed while reading the NWB file (TimeoutError: exceeded 1200 s)
2026-10-09T07:54:58Z WARNING [1000/1000] 2e7ea814-6c42-4fb9-b4e5-b280ec80958d: recorded the failure; a later run retries it.
2026-10-09T07:55:00Z INFO [1000/1000] 2e7ea814-6c42-4fb9-b4e5-b280ec80958d: checkpointed 1000 new records.
2026-10-09T07:55:00Z INFO Wrote 31200 records to /tmp/derivatives/valid_nwb_file_to_array_sizes.jsonl (998 new, 2 failed) in 35.7 min (peak memory 597 MiB).
