2026-10-09T17:49:28Z INFO Logging to /tmp/logs/update_2026-10-09T17-49-28Z.log.
2026-10-09T17:49:28Z INFO Update valid-nwb-file-to-array-sizes (base directory /tmp).
2026-10-09T17:49:54Z INFO Processing 1000 items (47200 already recorded).
2026-10-09T17:49:56Z INFO [1/1000] 469af2cd-4e35-4046-89f6-e795926f472f: 48 arrays, 83.9 MB stored; 2.1 s; peak memory 154 MiB.
2026-10-09T17:49:56Z INFO [2/1000] 469b7aa5-5189-4108-b6fe-116ec213bd7e: 68 arrays, 2.6 MB stored; 2.4 s; peak memory 154 MiB.
2026-10-09T17:49:56Z INFO [3/1000] 469928aa-e4d9-449c-bbbc-52cca332b095: 112 arrays, 0.4 MB stored; 2.4 s; peak memory 154 MiB.
2026-10-09T17:49:56Z INFO [4/1000] 469a6bbc-f540-4012-a9b8-ec2dca3cb7ae: 117 arrays, 0.3 MB stored; 2.4 s; peak memory 154 MiB.
2026-10-09T17:49:58Z INFO [5/1000] 469bc4bd-6abe-47ea-8d7d-8e6d2f15a7df: 46 arrays, 0.0 MB stored; 1.3 s; peak memory 154 MiB.
2026-10-09T17:49:58Z INFO [6/1000] 469c92b1-d9a9-4221-be25-11139f00e7aa: 116 arrays, 0.3 MB stored; 1.6 s; peak memory 154 MiB.
2026-10-09T17:49:59Z INFO [7/1000] 469cf1ca-c94b-4f24-a7bd-12c6dd55ae51: 37 arrays, 0.0 MB stored; 1.1 s; peak memory 154 MiB.
2026-10-09T17:49:59Z INFO [8/1000] 469c5f98-dcda-447e-9474-5028bb492a48: 85 arrays, 7.7 MB stored; 2.4 s; peak memory 154 MiB.
2026-10-09T17:50:00Z INFO [9/1000] 469eeec3-3e0f-4b13-a50a-e913e5be8452: 48 arrays, 83.9 MB stored; 1.2 s; peak memory 154 MiB.
2026-10-09T17:50:00Z INFO [10/1000] 469d7db9-e0f0-4562-9125-9801ff0339b6: 57 arrays, 652.0 MB stored; 2.1 s; peak memory 154 MiB.
2026-10-09T17:50:00Z INFO [11/1000] 469dbb99-87bb-4a20-b9c0-3926f72caea5: 84 arrays, 0.1 MB stored; 1.6 s; peak memory 154 MiB.
2026-10-09T17:50:01Z INFO [12/1000] 469a53c2-0d64-4055-8503-36d0d75b6746: 225 arrays, 404.7 MB stored; 6.7 s; peak memory 154 MiB.
2026-10-09T17:50:01Z INFO [13/1000] 46995319-5b91-4419-99ca-1f41844c121a: 256 arrays, 166.0 MB stored; 6.7 s; peak memory 154 MiB.
2026-10-09T17:50:01Z INFO [14/1000] 46991963-133d-4cf9-9a92-f0e4862d24be: 607 arrays, 29.6 MB stored; 7.1 s; peak memory 154 MiB.
2026-10-09T17:50:02Z INFO [15/1000] 469f44d2-90ff-4613-ba38-976f4d575521: 48 arrays, 83.9 MB stored; 1.5 s; peak memory 154 MiB.
2026-10-09T17:50:02Z INFO [16/1000] 46a01eb7-c201-408c-960f-aff80aba4079: 117 arrays, 0.4 MB stored; 1.7 s; peak memory 154 MiB.
2026-10-09T17:50:02Z INFO [17/1000] 46a03d54-22c0-43b3-bb16-3809c6597a12: 48 arrays, 83.9 MB stored; 1.7 s; peak memory 154 MiB.
2026-10-09T17:50:02Z INFO [18/1000] 46a0715f-7609-495b-a293-e22ae40bf34a: 48 arrays, 83.9 MB stored; 1.4 s; peak memory 154 MiB.
2026-10-09T17:50:03Z INFO [19/1000] 46a0f908-78a4-47e9-bf83-8a0008f52ae5: 118 arrays, 0.4 MB stored; 1.6 s; peak memory 154 MiB.
2026-10-09T17:50:03Z INFO [20/1000] 46a06fa4-aac6-48ec-9d16-115ef05eee3d: 45 arrays, 653.2 MB stored; 2.2 s; peak memory 154 MiB.
2026-10-09T17:50:03Z INFO [21/1000] 46a1a0d9-77c5-41e8-90f0-333df8b0d3e2: 65 arrays, 0.2 MB stored; 1.4 s; peak memory 154 MiB.
2026-10-09T17:50:04Z INFO [22/1000] 46a2a25a-a643-45fb-ada8-8c80f0fc99b3: 52 arrays, 13.6 MB stored; 1.3 s; peak memory 154 MiB.
2026-10-09T17:50:04Z INFO [23/1000] 46a1ddea-2ae9-4407-ad17-a26968835bfc: 112 arrays, 0.7 MB stored; 2.0 s; peak memory 154 MiB.
2026-10-09T17:50:04Z INFO [24/1000] 469aa04c-d254-45db-a30e-939256274662: 82 arrays, 443.3 MB stored; 10.1 s; peak memory 154 MiB.
2026-10-09T17:50:05Z INFO [25/1000] 46a3e5c7-d7c7-4100-b1b2-532e391c86a9: 275 arrays, 17.1 MB stored; 1.5 s; peak memory 154 MiB.
2026-10-09T17:50:05Z INFO [26/1000] 46a41a28-104a-40bd-bfcc-1c155a5caad5: 48 arrays, 83.9 MB stored; 1.4 s; peak memory 154 MiB.
2026-10-09T17:50:05Z INFO [27/1000] 46a65114-5f59-4c64-a01c-f6606d66af6a: 48 arrays, 83.9 MB stored; 1.3 s; peak memory 154 MiB.
2026-10-09T17:50:06Z INFO [28/1000] 46a67229-615d-4e1f-858c-4bbd3c4ca919: 68 arrays, 54.1 MB stored; 1.6 s; peak memory 154 MiB.
2026-10-09T17:50:06Z INFO [29/1000] 46a6cf93-1bac-477d-bd15-65d73297e163: 46 arrays, 0.0 MB stored; 1.0 s; peak memory 154 MiB.
2026-10-09T17:50:06Z INFO [30/1000] 46a12529-22b9-4642-b6ad-13a6d32686b7: 84 arrays, 430.0 MB stored; 4.4 s; peak memory 154 MiB.
2026-10-09T17:50:06Z INFO [31/1000] 46a6fb04-8720-458b-acac-d6a51adce813: 38 arrays, 0.5 MB stored; 1.3 s; peak memory 154 MiB.
2026-10-09T17:50:07Z INFO [32/1000] 46a713e2-87b8-4d1c-bfba-10ba118e4771: 48 arrays, 83.9 MB stored; 1.3 s; peak memory 154 MiB.
2026-10-09T17:50:08Z INFO [33/1000] 46a72d48-d4e1-43a5-91d3-7155e5bea561: 66 arrays, 21.1 MB stored; 1.7 s; peak memory 154 MiB.
2026-10-09T17:50:08Z INFO [34/1000] 46a74538-b8db-49ef-a29b-49c8ca2d6c32: 112 arrays, 0.6 MB stored; 1.8 s; peak memory 154 MiB.
2026-10-09T17:50:08Z INFO [35/1000] 46a7bd5e-066d-4b0a-929e-9fa75f101346: 48 arrays, 83.9 MB stored; 1.4 s; peak memory 154 MiB.
2026-10-09T17:50:08Z INFO [36/1000] 46a798a8-e652-4631-b3e3-8b6d53b71a03: 64 arrays, 23.3 MB stored; 1.8 s; peak memory 154 MiB.
2026-10-09T17:50:09Z INFO [37/1000] 46a8715d-a24c-48d5-968c-ef4f11e179e7: 47 arrays, 1.3 MB stored; 1.4 s; peak memory 154 MiB.
2026-10-09T17:50:10Z INFO [38/1000] 46a3b578-03bd-4fb1-ba6e-1e4adeeac8ed: 196 arrays, 634.5 MB stored; 6.6 s; peak memory 154 MiB.
2026-10-09T17:50:11Z INFO [39/1000] 46a9fb13-b2e3-4da5-a951-e3eb95a6c0e3: 112 arrays, 0.6 MB stored; 1.6 s; peak memory 154 MiB.
2026-10-09T17:50:11Z INFO [40/1000] 46a73c8c-838a-4ced-9eac-069e7e5aa9d4: 554 arrays, 18.6 MB stored; 5.5 s; peak memory 154 MiB.
2026-10-09T17:50:13Z INFO [41/1000] 46aa4933-7b28-47ba-a19f-81d9941ffe6a: 66 arrays, 62.4 MB stored; 2.0 s; peak memory 154 MiB.
2026-10-09T17:50:14Z INFO [42/1000] 46a32c4a-473c-4db8-be60-30b0f176607f: 732 arrays, 26.7 MB stored; 11.6 s; peak memory 154 MiB.
2026-10-09T17:50:15Z INFO [43/1000] 46ab8942-b799-4210-a84d-ff220f2daefd: 33 arrays, 308.5 MB stored; 1.5 s; peak memory 154 MiB.
2026-10-09T17:50:16Z INFO [44/1000] 46abf40f-c74d-4cc0-9ae3-5ff46eac2baf: 48 arrays, 83.9 MB stored; 1.5 s; peak memory 154 MiB.
2026-10-09T17:50:16Z INFO [45/1000] 46ace690-348e-443e-9d95-aa3331ef2aec: 46 arrays, 0.0 MB stored; 1.1 s; peak memory 154 MiB.
2026-10-09T17:50:17Z INFO [46/1000] 46ad5778-e4ea-4620-b87c-baaddc5e259d: 48 arrays, 83.9 MB stored; 1.5 s; peak memory 154 MiB.
2026-10-09T17:50:22Z INFO [47/1000] 46a99eed-4ec8-4fcf-9f17-16bd21681f6b: 44 arrays, 8320.9 MB stored; 13.4 s; peak memory 154 MiB.
2026-10-09T17:50:22Z INFO [48/1000] 46ae58d7-d648-4c37-a11a-5ac744f7bf49: 684 arrays, 7.4 MB stored; 4.8 s; peak memory 154 MiB.
2026-10-09T17:50:23Z INFO [49/1000] 46aed21c-af78-4032-8dd1-f73f5e0906ee: 71 arrays, 46.8 MB stored; 1.8 s; peak memory 154 MiB.
2026-10-09T17:50:25Z INFO [50/1000] 46b04030-8eb9-4bdb-909e-98f22eba9228: 124 arrays, 0.4 MB stored; 1.6 s; peak memory 154 MiB.
2026-10-09T17:50:25Z INFO [51/1000] 46aab66e-2da9-4845-af08-e09a5b957cec: 44 arrays, 10052.1 MB stored; 14.1 s; peak memory 154 MiB.
2026-10-09T17:50:26Z INFO [52/1000] 46b05f5b-3ac8-4c9a-b515-fce1d84d54af: 46 arrays, 12.6 MB stored; 1.5 s; peak memory 154 MiB.
2026-10-09T17:50:27Z INFO [53/1000] 46b0dfc9-9c2c-47fa-9472-224d39ad7743: 48 arrays, 83.9 MB stored; 1.3 s; peak memory 154 MiB.
2026-10-09T17:50:28Z INFO [54/1000] 46b0ffbe-4af8-4401-b518-f22b1380e2e8: 112 arrays, 1.3 MB stored; 1.7 s; peak memory 154 MiB.
2026-10-09T17:50:29Z INFO [55/1000] 46b138a7-a333-4a45-9d08-8ce36109fd0a: 142 arrays, 1.3 MB stored; 1.7 s; peak memory 154 MiB.
2026-10-09T17:50:30Z INFO [56/1000] 46b13cb8-888d-4e88-8921-325253c942c2: 39 arrays, 18.1 MB stored; 1.6 s; peak memory 154 MiB.
2026-10-09T17:50:31Z INFO [57/1000] 46b1b11c-dc1e-4a3d-a115-000c9fd1a1b5: 66 arrays, 83.1 MB stored; 2.1 s; peak memory 154 MiB.
2026-10-09T17:50:32Z INFO [58/1000] 46b1fb1c-225c-4115-9fb8-edc489c80cd1: 115 arrays, 190.0 MB stored; 2.8 s; peak memory 154 MiB.
2026-10-09T17:50:34Z INFO [59/1000] 46b28d95-f218-46e7-ad28-a55426de00e5: 117 arrays, 0.4 MB stored; 1.5 s; peak memory 154 MiB.
2026-10-09T17:50:35Z INFO [60/1000] 46a917de-3684-4b3d-92c2-fd258a344171: 36 arrays, 1047.0 MB stored; 27.5 s; peak memory 154 MiB.
2026-10-09T17:50:37Z INFO [61/1000] 46b50d17-5383-4144-86fb-0fbae4925889: 48 arrays, 83.9 MB stored; 1.4 s; peak memory 154 MiB.
2026-10-09T17:50:40Z INFO [62/1000] 46b46195-6527-4c9d-86bf-8945a7575556: 350 arrays, 24.9 MB stored; 6.4 s; peak memory 154 MiB.
2026-10-09T17:50:43Z INFO [63/1000] 46b550a0-ac62-4634-a95c-82bf22240f34: 38 arrays, 58.5 MB stored; 2.3 s; peak memory 154 MiB.
2026-10-09T17:50:43Z INFO [64/1000] 46b032fd-75c4-4beb-867b-a4529a1b199e: 522 arrays, 4519.9 MB stored; 20.6 s; peak memory 154 MiB.
2026-10-09T17:50:44Z INFO [65/1000] 46b511f6-2213-4a0d-9891-27152bed15c6: 1090 arrays, 15.6 MB stored; 6.9 s; peak memory 154 MiB.
2026-10-09T17:50:44Z INFO [66/1000] 46b73e1c-1f9a-4039-9a48-246601fd9268: 38 arrays, 0.5 MB stored; 1.2 s; peak memory 154 MiB.
2026-10-09T17:50:45Z INFO [67/1000] 46b6bcbf-0d5a-4616-a386-67cdc46507d7: 78 arrays, 451.4 MB stored; 2.0 s; peak memory 154 MiB.
2026-10-09T17:50:45Z INFO [68/1000] 46b79a1d-2cf7-46c4-9ccd-57a46691ab87: 50 arrays, 1.1 MB stored; 1.2 s; peak memory 154 MiB.
2026-10-09T17:50:45Z INFO [69/1000] 46b74c22-a738-45ba-9b9e-7ea89bdb9d2c: 66 arrays, 103.3 MB stored; 1.6 s; peak memory 154 MiB.
2026-10-09T17:50:46Z INFO [70/1000] 46b84b93-3b7b-424a-80c4-83394f008a12: 48 arrays, 83.9 MB stored; 1.4 s; peak memory 154 MiB.
2026-10-09T17:50:47Z INFO [71/1000] 46babf90-74ce-4184-8403-cace5db14db9: 41 arrays, 8.4 MB stored; 1.2 s; peak memory 154 MiB.
2026-10-09T17:50:48Z INFO [72/1000] 46b9d3b5-0f13-4b18-9b50-13e64a3c157c: 64 arrays, 176.4 MB stored; 2.5 s; peak memory 154 MiB.
2026-10-09T17:50:49Z INFO [73/1000] 46bafc09-f478-4c7c-96b9-e4f6ab1b395b: 117 arrays, 0.2 MB stored; 1.4 s; peak memory 154 MiB.
2026-10-09T17:50:49Z INFO [74/1000] 46bb65aa-37a4-4c7f-b806-b475ab38fea7: 48 arrays, 83.9 MB stored; 1.3 s; peak memory 154 MiB.
2026-10-09T17:50:50Z INFO [75/1000] 46bbe41c-a530-4787-a905-cd252c52bd2d: 39 arrays, 786.4 MB stored; 1.3 s; peak memory 154 MiB.
2026-10-09T17:50:51Z INFO [76/1000] 46bc4866-f642-4af4-9881-95bb41f6236e: 74 arrays, 3.4 MB stored; 1.4 s; peak memory 154 MiB.
2026-10-09T17:50:53Z INFO [77/1000] 46bcb2e6-a789-44d8-9565-62d7c39e46b8: 110 arrays, 0.3 MB stored; 1.4 s; peak memory 154 MiB.
2026-10-09T17:50:54Z INFO [78/1000] 46bcbe0c-2f76-48bb-886a-98eb07bec4d9: 48 arrays, 83.9 MB stored; 1.2 s; peak memory 154 MiB.
2026-10-09T17:50:55Z INFO [79/1000] 46bd25f3-b52c-4261-b690-c0b07b4d6844: 52 arrays, 0.0 MB stored; 1.1 s; peak memory 154 MiB.
2026-10-09T17:50:57Z INFO [80/1000] 46bdb1c2-efb5-41e9-b0e8-2e4c6e6ad84b: 112 arrays, 0.8 MB stored; 1.8 s; peak memory 154 MiB.
2026-10-09T17:50:58Z INFO [81/1000] 46be57db-b07e-49f4-879a-7d58757c8211: 101 arrays, 7.7 MB stored; 1.5 s; peak memory 154 MiB.
2026-10-09T17:51:00Z INFO [82/1000] 46be5fda-9434-4fec-a4d3-f6a7d061ac4c: 118 arrays, 0.4 MB stored; 1.4 s; peak memory 154 MiB.
2026-10-09T17:51:09Z INFO [83/1000] 46beaf3d-3f1b-4ad9-b60d-af129f20a6a9: 4486 arrays, 42.1 MB stored; 9.2 s; peak memory 154 MiB.
2026-10-09T17:51:12Z INFO [84/1000] 46beb57a-c1ac-4f59-9f37-6dfa3e2bf1f5: 38 arrays, 3699.8 MB stored; 3.0 s; peak memory 154 MiB.
2026-10-09T17:51:12Z INFO [85/1000] 46bc3a44-ff74-4860-bbd3-646e2e5e2d64: 522 arrays, 4799.1 MB stored; 23.2 s; peak memory 154 MiB.
2026-10-09T17:51:14Z INFO [86/1000] 46bf420f-9680-4864-b3ac-78642b7e767c: 110 arrays, 0.6 MB stored; 1.6 s; peak memory 154 MiB.
2026-10-09T17:51:14Z INFO [87/1000] 46c00e78-d815-4611-b474-0866cc68c2e5: 116 arrays, 0.4 MB stored; 1.6 s; peak memory 154 MiB.
2026-10-09T17:51:15Z INFO [88/1000] 46c0d266-26b3-4082-8363-e6452e475619: 58 arrays, 0.0 MB stored; 1.2 s; peak memory 154 MiB.
2026-10-09T17:51:16Z INFO [89/1000] 46c089c8-db0c-48d0-bd22-c3ce6d326093: 115 arrays, 190.0 MB stored; 2.6 s; peak memory 154 MiB.
2026-10-09T17:51:18Z INFO [90/1000] 46c12015-0bab-4d36-8daf-63e91464ba69: 112 arrays, 0.4 MB stored; 1.5 s; peak memory 154 MiB.
2026-10-09T17:51:19Z INFO [91/1000] 46c19959-7a36-4cf0-a614-15a739606042: 48 arrays, 83.9 MB stored; 1.2 s; peak memory 154 MiB.
2026-10-09T17:51:20Z INFO [92/1000] 46c0d548-fafa-4a7f-a56b-7c0720fcfc8e: 255 arrays, 2660.9 MB stored; 4.9 s; peak memory 154 MiB.
2026-10-09T17:51:20Z INFO [93/1000] 46c31ab3-1027-4869-9ec4-544f7a9c49f5: 117 arrays, 0.3 MB stored; 1.6 s; peak memory 154 MiB.
2026-10-09T17:51:22Z INFO [94/1000] 46c35ee2-8343-4017-9e37-4749be722d5f: 119 arrays, 66.6 MB stored; 2.3 s; peak memory 154 MiB.
2026-10-09T17:51:23Z INFO [95/1000] 46c39673-1703-497e-bba1-afe9def0ea50: 45 arrays, 0.0 MB stored; 1.1 s; peak memory 154 MiB.
2026-10-09T17:51:25Z INFO [96/1000] 46c3e98a-9891-40e2-99ce-bb9893a397a7: 38 arrays, 0.5 MB stored; 1.3 s; peak memory 154 MiB.
2026-10-09T17:51:27Z INFO [97/1000] 46c36efd-68ad-4449-8416-4d6045c78888: 196 arrays, 660.5 MB stored; 6.7 s; peak memory 154 MiB.
2026-10-09T17:51:27Z INFO [98/1000] 46a9dd3e-b89e-4591-8986-0bb81ec5b922: 58 arrays, 6508.8 MB stored; 78.4 s; peak memory 154 MiB.
2026-10-09T17:51:29Z INFO [99/1000] 46c45fa2-f5c0-4162-be29-a17318255268: 117 arrays, 0.3 MB stored; 1.4 s; peak memory 154 MiB.
2026-10-09T17:51:29Z INFO [100/1000] 46c47d7b-40ca-494f-9955-0e6fcf1a1cf6: 49 arrays, 5.1 MB stored; 1.6 s; peak memory 154 MiB.
2026-10-09T17:51:30Z INFO [101/1000] 46c4a882-66dc-4a3a-bc0d-e91cd387e192: 37 arrays, 0.0 MB stored; 1.2 s; peak memory 154 MiB.
2026-10-09T17:51:30Z INFO [102/1000] 46c63016-26ba-4560-b853-72a732e2d80c: 48 arrays, 83.9 MB stored; 1.4 s; peak memory 154 MiB.
2026-10-09T17:51:31Z INFO [103/1000] 46c86dc1-6e9d-43df-8b1c-6dc5b83143c1: 48 arrays, 83.9 MB stored; 1.4 s; peak memory 154 MiB.
2026-10-09T17:51:32Z INFO [104/1000] 46c88894-9537-409f-ad55-4e244e439653: 48 arrays, 83.9 MB stored; 1.5 s; peak memory 154 MiB.
2026-10-09T17:51:35Z INFO [105/1000] 46c8fbc7-1aae-4b92-a09d-db77b80a37ac: 156 arrays, 193.5 MB stored; 3.0 s; peak memory 154 MiB.
2026-10-09T17:51:37Z INFO [106/1000] 46c9b968-433a-46a1-b06c-ee70f8beb1ae: 38 arrays, 34.4 MB stored; 2.2 s; peak memory 154 MiB.
2026-10-09T17:51:39Z INFO [107/1000] 46ca7a08-e0d2-465c-a500-7a535aea0348: 116 arrays, 0.4 MB stored; 1.5 s; peak memory 154 MiB.
2026-10-09T17:51:40Z INFO [108/1000] 46ca7c03-2aff-4480-a2eb-5d7fc97a98f5: 48 arrays, 83.9 MB stored; 1.3 s; peak memory 154 MiB.
2026-10-09T17:51:40Z INFO [109/1000] 46c8966d-6ab5-49f6-b044-960125f7b514: 817 arrays, 39.7 MB stored; 9.3 s; peak memory 154 MiB.
2026-10-09T17:51:41Z INFO [110/1000] 46ca8222-2e1b-49d3-9d9c-7b5793a3943c: 52 arrays, 0.0 MB stored; 1.1 s; peak memory 154 MiB.
2026-10-09T17:51:42Z INFO [111/1000] 46cb79e6-608f-4256-aca0-9c4ac98d9af5: 119 arrays, 0.1 MB stored; 1.2 s; peak memory 154 MiB.
2026-10-09T17:51:42Z INFO [112/1000] 46cb55e1-8226-4a8a-baf3-0cbc62bc7237: 66 arrays, 70.0 MB stored; 1.8 s; peak memory 154 MiB.
2026-10-09T17:51:44Z INFO [113/1000] 46cbd727-35c6-4a03-b751-e01a7b0f29a9: 70 arrays, 1.0 MB stored; 1.3 s; peak memory 154 MiB.
2026-10-09T17:51:45Z INFO [114/1000] 46cc2b16-4f0a-4a7a-8671-6d3d6bc3d8a8: 52 arrays, 15.3 MB stored; 1.4 s; peak memory 154 MiB.
2026-10-09T17:51:46Z INFO [115/1000] 46cca8df-5408-4857-b78b-83206f7f5410: 48 arrays, 83.9 MB stored; 1.2 s; peak memory 154 MiB.
2026-10-09T17:51:46Z INFO [116/1000] 469c42a5-8456-4cf9-9820-853807a51da1: 55 arrays, 8992.4 MB stored; 109.9 s; peak memory 154 MiB.
2026-10-09T17:51:47Z INFO [117/1000] 46cba098-485e-4d55-bf38-80159d241973: 633 arrays, 18.0 MB stored; 5.0 s; peak memory 154 MiB.
2026-10-09T17:51:48Z INFO [118/1000] 46ccb636-1d83-461d-ac59-6ad9390644a0: 48 arrays, 83.9 MB stored; 1.4 s; peak memory 154 MiB.
2026-10-09T17:51:48Z INFO [119/1000] 46ccd54d-26c4-4fe9-907f-7a1ed5bf592e: 90 arrays, 4.2 MB stored; 2.0 s; peak memory 154 MiB.
2026-10-09T17:51:50Z INFO [120/1000] 46cd96c9-5099-41f2-9472-b7db8d5abef2: 48 arrays, 83.9 MB stored; 1.4 s; peak memory 154 MiB.
2026-10-09T17:51:50Z INFO [121/1000] 46cd7b29-38a6-4580-b303-4c3dae9caa2e: 118 arrays, 23.0 MB stored; 2.6 s; peak memory 154 MiB.
2026-10-09T17:51:51Z INFO [122/1000] 46cda730-8e48-4366-a702-dda39e60a94e: 52 arrays, 11.2 MB stored; 1.4 s; peak memory 154 MiB.
2026-10-09T17:51:52Z INFO [123/1000] 46cd3560-7211-4a6f-884f-6c7694f68945: 36 arrays, 101.4 MB stored; 4.3 s; peak memory 154 MiB.
2026-10-09T17:51:53Z INFO [124/1000] 46cde6b7-a656-4ec8-8d0a-9518767b1840: 101 arrays, 4.2 MB stored; 1.6 s; peak memory 154 MiB.
2026-10-09T17:51:54Z INFO [125/1000] 46cf472d-97f7-4e7e-a96e-33fd7d070ef6: 48 arrays, 83.9 MB stored; 1.3 s; peak memory 154 MiB.
2026-10-09T17:51:54Z INFO [126/1000] 46ce1bce-575a-4601-b0ff-84083d7e8f28: 114 arrays, 186.8 MB stored; 2.9 s; peak memory 154 MiB.
2026-10-09T17:51:56Z INFO [127/1000] 46d006eb-c6fe-479e-8011-10b74a811dd9: 48 arrays, 83.9 MB stored; 1.3 s; peak memory 154 MiB.
2026-10-09T17:51:56Z INFO [128/1000] 46c420e5-56ef-497c-97b7-71d960d0ed79: 714 arrays, 245.5 MB stored; 31.2 s; peak memory 154 MiB.
2026-10-09T17:51:56Z INFO [129/1000] 46cf92e6-5a42-4740-9deb-02ca39668342: 57 arrays, 632.9 MB stored; 2.0 s; peak memory 154 MiB.
2026-10-09T17:51:57Z INFO [130/1000] 46d0db40-7444-4d29-b87d-854ad1af8d76: 57 arrays, 0.0 MB stored; 1.4 s; peak memory 154 MiB.
2026-10-09T17:51:57Z INFO [131/1000] 46d01f74-aedd-415e-ac02-a1b22dfd83fd: 85 arrays, 0.3 MB stored; 1.6 s; peak memory 154 MiB.
2026-10-09T17:51:58Z INFO [132/1000] 46d0eaac-6f10-4b89-bf9e-13d198473478: 118 arrays, 0.3 MB stored; 1.7 s; peak memory 154 MiB.
2026-10-09T17:51:59Z INFO [133/1000] 46d23a25-3672-479e-9f36-868a854dd295: 48 arrays, 83.9 MB stored; 1.3 s; peak memory 154 MiB.
2026-10-09T17:51:59Z INFO [134/1000] 46d1b7fc-055e-4e97-b178-4624474fb357: 170 arrays, 0.7 MB stored; 1.5 s; peak memory 154 MiB.
2026-10-09T17:51:59Z INFO [135/1000] 46d2e166-e27f-48b9-9e25-cfd5dbcbe62c: 112 arrays, 1.0 MB stored; 1.7 s; peak memory 154 MiB.
2026-10-09T17:52:00Z INFO [136/1000] 46d304ac-08a6-42f9-b138-a634854b4643: 48 arrays, 83.9 MB stored; 1.3 s; peak memory 154 MiB.
2026-10-09T17:52:01Z INFO [137/1000] 46d2e375-4720-4b60-8601-2870af1e4a1a: 124 arrays, 0.8 MB stored; 2.0 s; peak memory 154 MiB.
2026-10-09T17:52:01Z INFO [138/1000] 46d33db8-8f21-4ae9-b82b-fe93c727ca1e: 112 arrays, 0.9 MB stored; 1.7 s; peak memory 154 MiB.
2026-10-09T17:52:02Z INFO [139/1000] 46d3873e-b69e-4e91-9b3d-936eab336b51: 48 arrays, 83.9 MB stored; 1.3 s; peak memory 154 MiB.
2026-10-09T17:52:02Z INFO [140/1000] 46d3e2a6-260a-43ac-92d0-3a5313fb2d91: 48 arrays, 83.9 MB stored; 1.3 s; peak memory 154 MiB.
2026-10-09T17:52:03Z INFO [141/1000] 46d34535-4a3f-4be2-8939-c7526cbc9d26: 153 arrays, 3.3 MB stored; 2.7 s; peak memory 154 MiB.
2026-10-09T17:52:03Z INFO [142/1000] 46cdc412-72cc-4a48-ad8f-ef08b5cda1a4: 485 arrays, 42.0 MB stored; 12.6 s; peak memory 154 MiB.
2026-10-09T17:52:04Z INFO [143/1000] 46d4e2cb-7a28-49e3-b963-59c42cd240e9: 118 arrays, 0.5 MB stored; 1.7 s; peak memory 154 MiB.
2026-10-09T17:52:05Z INFO [144/1000] 46d63969-c692-4157-abf3-ddad17b0c05a: 84 arrays, 1.1 MB stored; 1.7 s; peak memory 154 MiB.
2026-10-09T17:52:05Z INFO [145/1000] 46d49e02-677c-436a-8ed8-bfc61368f1b5: 87 arrays, 15.1 MB stored; 2.8 s; peak memory 154 MiB.
2026-10-09T17:52:06Z INFO [146/1000] 46d6b759-5eee-4303-a1e3-7be41ba39658: 131 arrays, 0.4 MB stored; 1.5 s; peak memory 154 MiB.
2026-10-09T17:52:09Z INFO [147/1000] 46d63f6c-bceb-4c12-bebe-5c27a6dbc993: 208 arrays, 46.1 MB stored; 4.8 s; peak memory 154 MiB.
2026-10-09T17:52:10Z INFO [148/1000] 46d6f517-5156-48ee-8f75-87a67955d1f5: 48 arrays, 83.9 MB stored; 1.3 s; peak memory 154 MiB.
2026-10-09T17:52:11Z INFO [149/1000] 46d622a5-234e-4e33-be61-0998dbca61a6: 808 arrays, 32.7 MB stored; 8.2 s; peak memory 154 MiB.
2026-10-09T17:52:13Z INFO [150/1000] 46d7a807-9eff-4386-9b02-c37e271e1453: 62 arrays, 2813.6 MB stored; 1.9 s; peak memory 154 MiB.
2026-10-09T17:52:14Z INFO [151/1000] 46d8729a-f2e6-4115-b95d-c1c0ae4f244e: 117 arrays, 0.3 MB stored; 1.4 s; peak memory 154 MiB.
2026-10-09T17:52:15Z INFO [152/1000] 46d68fb6-1b60-4acc-8ff1-7b9152845215: 960 arrays, 27.3 MB stored; 10.0 s; peak memory 154 MiB.
2026-10-09T17:52:16Z INFO [153/1000] 46d87340-5a72-4bd9-b7ee-bffb8aedfcc7: 48 arrays, 83.9 MB stored; 1.5 s; peak memory 154 MiB.
2026-10-09T17:52:16Z INFO [154/1000] 46a87cf4-1459-4584-85ba-d9c444220e30: 269 arrays, 20767.7 MB stored; 127.9 s; peak memory 154 MiB.
2026-10-09T17:52:16Z INFO [155/1000] 46d8a526-cf2a-4eb8-a50c-8f22630c0287: 48 arrays, 83.9 MB stored; 1.3 s; peak memory 154 MiB.
2026-10-09T17:52:17Z INFO [156/1000] 46d6f483-144b-4360-81b4-ed263f13061f: 44 arrays, 4877.3 MB stored; 10.2 s; peak memory 154 MiB.
2026-10-09T17:52:17Z INFO [157/1000] 46da2a11-814c-428d-95b8-c419ce6316f4: 49 arrays, 7.5 MB stored; 1.4 s; peak memory 154 MiB.
2026-10-09T17:52:17Z INFO [158/1000] 46d920ea-ae45-46d5-a5f6-319328e8c4af: 66 arrays, 108.2 MB stored; 1.7 s; peak memory 154 MiB.
2026-10-09T17:52:18Z INFO [159/1000] 46daebf1-eafd-4563-9c86-20ebc2ac25e8: 50 arrays, 7.0 MB stored; 1.1 s; peak memory 154 MiB.
2026-10-09T17:52:18Z INFO [160/1000] 46d9c8c8-40fc-4716-8255-0cbc884f535d: 90 arrays, 228.0 MB stored; 2.8 s; peak memory 154 MiB.
2026-10-09T17:52:19Z INFO [161/1000] 46db882a-19f6-4926-bd2e-73765f8b81c3: 58 arrays, 0.0 MB stored; 1.1 s; peak memory 154 MiB.
2026-10-09T17:52:19Z INFO [162/1000] 46db5af3-b61d-4715-a6bc-fabdb1f74b38: 117 arrays, 0.4 MB stored; 1.7 s; peak memory 154 MiB.
2026-10-09T17:52:20Z INFO [163/1000] 46d75569-24a9-4462-b2ff-126373456999: 1482 arrays, 25.9 MB stored; 9.7 s; peak memory 154 MiB.
2026-10-09T17:52:20Z INFO [164/1000] 46dbcf48-3488-4e8f-8c3b-240f76285d17: 112 arrays, 0.6 MB stored; 1.6 s; peak memory 154 MiB.
2026-10-09T17:52:21Z INFO [165/1000] 46dc3305-9d99-44d8-aa78-32ea30761060: 117 arrays, 0.5 MB stored; 1.8 s; peak memory 154 MiB.
2026-10-09T17:52:21Z INFO [166/1000] 46dc947b-6382-44b2-abf1-efc5033d5983: 36 arrays, 5.2 MB stored; 1.1 s; peak memory 154 MiB.
2026-10-09T17:52:22Z INFO [167/1000] 46ddd2f8-35ec-48b6-ac17-41296a343180: 46 arrays, 0.0 MB stored; 1.2 s; peak memory 154 MiB.
2026-10-09T17:52:23Z INFO [168/1000] 46dd9327-5467-4d68-8190-7bed9d44b4e7: 112 arrays, 0.4 MB stored; 1.7 s; peak memory 154 MiB.
2026-10-09T17:52:24Z INFO [169/1000] 46df58ae-9373-48ca-b313-4ea89af257e5: 117 arrays, 0.2 MB stored; 1.4 s; peak memory 154 MiB.
2026-10-09T17:52:24Z INFO [170/1000] 46dbf978-db28-4b21-a54a-3c95583d9d99: 238 arrays, 77.4 MB stored; 5.1 s; peak memory 154 MiB.
2026-10-09T17:52:25Z INFO [171/1000] 46df5ee1-c0c4-4315-a55c-7ae10a48cef2: 66 arrays, 227.5 MB stored; 2.0 s; peak memory 154 MiB.
2026-10-09T17:52:25Z INFO [172/1000] 46dfdb6b-eaf5-40c9-99b9-8d3a16dcf22d: 92 arrays, 25.4 MB stored; 1.5 s; peak memory 154 MiB.
2026-10-09T17:52:25Z INFO [173/1000] 46e03202-d6cf-4085-b78a-12982115e922: 48 arrays, 83.9 MB stored; 1.4 s; peak memory 154 MiB.
2026-10-09T17:52:26Z INFO [174/1000] 46e0a9db-f11b-47cb-8afd-1f2fd8c363a2: 79 arrays, 0.3 MB stored; 1.5 s; peak memory 154 MiB.
2026-10-09T17:52:26Z INFO [175/1000] 46e17945-0e15-4d5a-8cc6-c9ebc689d6c6: 46 arrays, 0.1 MB stored; 1.1 s; peak memory 154 MiB.
2026-10-09T17:52:27Z INFO [176/1000] 46dd74e3-18ed-4bdf-8742-bb8234c8b1a9: 1215 arrays, 16.2 MB stored; 6.6 s; peak memory 154 MiB.
2026-10-09T17:52:28Z INFO [177/1000] 46e0dce7-fc25-44a3-9e62-d594fbfecb15: 118 arrays, 23.5 MB stored; 2.5 s; peak memory 154 MiB.
2026-10-09T17:52:28Z INFO [178/1000] 46e26b96-af66-47e9-95ea-9f838bedf262: 48 arrays, 83.9 MB stored; 1.3 s; peak memory 154 MiB.
2026-10-09T17:52:28Z INFO [179/1000] 46e203ea-4e47-4897-b831-f29c76234e69: 112 arrays, 0.7 MB stored; 1.6 s; peak memory 154 MiB.
2026-10-09T17:52:29Z INFO [180/1000] 46e1f3c8-dd0b-4b5e-be80-f59ff90863f5: 115 arrays, 190.1 MB stored; 2.7 s; peak memory 154 MiB.
2026-10-09T17:52:29Z INFO [181/1000] 46e39d01-dd30-4869-93fc-44a3a5e99b7a: 109 arrays, 0.8 MB stored; 1.6 s; peak memory 154 MiB.
2026-10-09T17:52:30Z INFO [182/1000] 46e39e5e-748c-49c8-81ea-6bc8311194c2: 112 arrays, 0.4 MB stored; 1.5 s; peak memory 154 MiB.
2026-10-09T17:52:30Z INFO [183/1000] 46e3afa2-553b-4f13-8d4a-32ea10c79e19: 112 arrays, 0.6 MB stored; 1.6 s; peak memory 154 MiB.
2026-10-09T17:52:31Z INFO [184/1000] 46e44258-6502-42fd-a559-5d0a4b33363b: 117 arrays, 0.4 MB stored; 1.5 s; peak memory 154 MiB.
2026-10-09T17:52:32Z INFO [185/1000] 46e4b6d9-48bd-4225-a3e8-d0bea4ff5414: 118 arrays, 23.7 MB stored; 2.2 s; peak memory 154 MiB.
2026-10-09T17:52:32Z INFO [186/1000] 46e50454-17ab-4b26-8404-5d906da6fe87: 261 arrays, 17.1 MB stored; 1.6 s; peak memory 154 MiB.
2026-10-09T17:52:34Z INFO [187/1000] 46e51ba3-233f-4f56-9f87-c2ea271599d8: 52 arrays, 657.1 MB stored; 1.8 s; peak memory 154 MiB.
2026-10-09T17:52:34Z INFO [188/1000] 46e52958-6a9e-4a58-b880-05ba2efb952b: 112 arrays, 0.4 MB stored; 1.5 s; peak memory 154 MiB.
2026-10-09T17:52:34Z INFO [189/1000] 46e42969-ce54-4b8a-8b4f-95d95022f8e9: 223 arrays, 237.9 MB stored; 5.1 s; peak memory 154 MiB.
2026-10-09T17:52:35Z INFO [190/1000] 46e45663-66d3-4742-8a10-d286df83f9a7: 196 arrays, 618.3 MB stored; 5.9 s; peak memory 154 MiB.
2026-10-09T17:52:36Z INFO [191/1000] 46e69923-53d0-466d-86bf-b771bdf33d41: 71 arrays, 72.4 MB stored; 2.4 s; peak memory 154 MiB.
2026-10-09T17:52:37Z INFO [192/1000] 46e59940-7c6c-4569-bd22-bf36a8e6a456: 410 arrays, 3.5 MB stored; 3.2 s; peak memory 154 MiB.
2026-10-09T17:52:40Z INFO [193/1000] 46e6f04a-3b37-4762-9446-e37ab6cc8bfa: 208 arrays, 252.8 MB stored; 5.9 s; peak memory 154 MiB.
2026-10-09T17:52:42Z INFO [194/1000] 46e80972-47af-4be9-924c-824b9402dce2: 64 arrays, 72.6 MB stored; 1.9 s; peak memory 154 MiB.
2026-10-09T17:52:43Z INFO [195/1000] 46e87558-ae82-404e-b299-0948f18541ca: 48 arrays, 83.9 MB stored; 1.2 s; peak memory 154 MiB.
2026-10-09T17:52:43Z INFO [196/1000] 46e7d3d2-a1f9-4a7b-a804-007d2f7a7611: 196 arrays, 610.2 MB stored; 6.6 s; peak memory 154 MiB.
2026-10-09T17:52:45Z INFO [197/1000] 46e9e960-45a1-4f62-9138-90056daa4767: 66 arrays, 18.1 MB stored; 1.8 s; peak memory 154 MiB.
2026-10-09T17:52:45Z INFO [198/1000] 46ea2039-d8aa-4a9a-a4a4-3faa0daa436e: 112 arrays, 0.2 MB stored; 1.3 s; peak memory 154 MiB.
2026-10-09T17:52:47Z INFO [199/1000] 46ea3ca6-81fc-46dc-a533-5a717874259f: 112 arrays, 0.9 MB stored; 2.0 s; peak memory 154 MiB.
2026-10-09T17:52:51Z INFO [200/1000] 46eb24fb-743b-4c12-a43b-65f46744289e: 538 arrays, 7.5 MB stored; 4.5 s; peak memory 154 MiB.
2026-10-09T17:52:52Z INFO [200/1000] 46eb24fb-743b-4c12-a43b-65f46744289e: checkpointed 200 new records.
2026-10-09T17:52:53Z INFO [201/1000] 46ebb605-1e39-41b6-8b4a-a2d01098e334: 48 arrays, 83.9 MB stored; 1.4 s; peak memory 219 MiB.
2026-10-09T17:52:55Z INFO [202/1000] 46eab65c-79c2-4921-a549-d7a31508d3c3: 585 arrays, 26.7 MB stored; 10.1 s; peak memory 219 MiB.
2026-10-09T17:52:56Z INFO [203/1000] 46ecaad4-d5ac-4a7b-92f4-46e9ee0e904d: 114 arrays, 0.1 MB stored; 1.2 s; peak memory 219 MiB.
2026-10-09T17:52:57Z INFO [204/1000] 46ed130e-9386-4a12-a2e6-1102f6e5316c: 48 arrays, 83.9 MB stored; 1.4 s; peak memory 219 MiB.
2026-10-09T17:53:07Z INFO [205/1000] 46ed1fbf-e88f-4757-910a-ebed2b340967: 5741 arrays, 21.3 MB stored; 9.7 s; peak memory 219 MiB.
2026-10-09T17:53:08Z INFO [206/1000] 46edeb48-3858-4f74-b4f0-9aa464f957d3: 48 arrays, 83.9 MB stored; 1.3 s; peak memory 219 MiB.
2026-10-09T17:53:10Z INFO [207/1000] 46ee2228-f5a0-4ef2-af9e-8a5bd5acef16: 48 arrays, 83.9 MB stored; 1.3 s; peak memory 219 MiB.
2026-10-09T17:53:11Z INFO [208/1000] 46ee611e-a50d-4a59-baa1-2022b416f01f: 48 arrays, 83.9 MB stored; 1.3 s; peak memory 219 MiB.
2026-10-09T17:53:11Z INFO [209/1000] 46e78707-d509-4e0b-8609-17448f8e7f12: 2906 arrays, 1567.7 MB stored; 35.7 s; peak memory 219 MiB.
2026-10-09T17:53:12Z INFO [210/1000] 46ec4dba-6113-4670-8fcf-4eda797379f5: 1178 arrays, 34.5 MB stored; 19.1 s; peak memory 219 MiB.
2026-10-09T17:53:12Z INFO [211/1000] 46eee597-ae32-4a15-8786-32e5310635d1: 48 arrays, 83.9 MB stored; 1.4 s; peak memory 219 MiB.
2026-10-09T17:53:14Z INFO [212/1000] 46eec409-d04d-4aba-9519-c86a87776754: 114 arrays, 186.8 MB stored; 2.6 s; peak memory 219 MiB.
2026-10-09T17:53:15Z INFO [213/1000] 46ef9bb4-005d-46d8-a5b1-7608fe87c17d: 48 arrays, 83.9 MB stored; 1.3 s; peak memory 219 MiB.
2026-10-09T17:53:16Z INFO [214/1000] 46f03469-4dae-4258-9192-fae2ef68a214: 62 arrays, 0.8 MB stored; 1.2 s; peak memory 219 MiB.
2026-10-09T17:53:18Z INFO [215/1000] 46f15a98-3493-42bf-a978-880e09c75694: 48 arrays, 83.9 MB stored; 1.3 s; peak memory 219 MiB.
2026-10-09T17:53:19Z INFO [216/1000] 46f18053-fe12-4cc0-8858-24cccd5fe7db: 52 arrays, 0.0 MB stored; 1.1 s; peak memory 219 MiB.
2026-10-09T17:53:19Z INFO [217/1000] 46ef5371-53bf-483a-a1dd-a2408af1fcd2: 244 arrays, 1169.6 MB stored; 7.5 s; peak memory 219 MiB.
2026-10-09T17:53:20Z INFO [218/1000] 46f19881-48e6-4663-b17f-50aeeced09a1: 48 arrays, 83.9 MB stored; 1.3 s; peak memory 219 MiB.
2026-10-09T17:53:20Z INFO [219/1000] 46f2efc6-791e-411a-b840-8791ad9e422d: 46 arrays, 0.0 MB stored; 1.0 s; peak memory 219 MiB.
2026-10-09T17:53:22Z INFO [220/1000] 46f336d6-3641-4ec1-b2d3-533318eb24b1: 66 arrays, 41.3 MB stored; 2.0 s; peak memory 219 MiB.
2026-10-09T17:53:23Z INFO [221/1000] 46f413c1-bf86-4ad3-9780-edfad46b1f87: 52 arrays, 0.0 MB stored; 1.1 s; peak memory 219 MiB.
2026-10-09T17:53:24Z INFO [222/1000] 46f4bb5e-feda-48a9-aa03-b390f929e52a: 48 arrays, 83.9 MB stored; 1.3 s; peak memory 219 MiB.
2026-10-09T17:53:26Z INFO [223/1000] 46f5374a-d8db-4659-8655-8831d2466c05: 66 arrays, 61.4 MB stored; 1.8 s; peak memory 219 MiB.
2026-10-09T17:53:27Z INFO [224/1000] 46f387c6-3b74-4713-a0ed-82946d1ab4d8: 1066 arrays, 22.8 MB stored; 6.8 s; peak memory 219 MiB.
2026-10-09T17:53:28Z INFO [225/1000] 46f553ed-111d-4e5e-b4ba-ffeb31eeda5b: 39 arrays, 30.4 MB stored; 1.5 s; peak memory 219 MiB.
2026-10-09T17:53:28Z INFO [226/1000] 46f57797-ae0b-4220-ac57-89e9984445f5: 68 arrays, 2.6 MB stored; 1.3 s; peak memory 219 MiB.
2026-10-09T17:53:29Z INFO [227/1000] 46f5dbbd-8685-48c2-ac73-28341d4a61f4: 48 arrays, 83.9 MB stored; 1.2 s; peak memory 219 MiB.
2026-10-09T17:53:30Z INFO [228/1000] 46f6528d-9a74-40b1-a359-502e2e4bc81e: 117 arrays, 0.3 MB stored; 1.5 s; peak memory 219 MiB.
2026-10-09T17:53:30Z INFO [229/1000] 46f74f86-3235-4774-94dd-65c9320daf3d: 62 arrays, 4771.9 MB stored; 1.5 s; peak memory 219 MiB.
2026-10-09T17:53:31Z INFO [230/1000] 46f78bda-146d-456b-9b7d-7ecb126c65a8: 48 arrays, 83.9 MB stored; 1.3 s; peak memory 219 MiB.
2026-10-09T17:53:35Z INFO [231/1000] 46f80c1a-8c84-42eb-8abd-f029449bdb47: 921 arrays, 20.6 MB stored; 5.1 s; peak memory 219 MiB.
2026-10-09T17:53:37Z INFO [232/1000] 46f89d0f-da4c-493d-bfea-ab3fc2266fa6: 48 arrays, 83.9 MB stored; 1.2 s; peak memory 219 MiB.
2026-10-09T17:53:38Z INFO [233/1000] 46f90c74-81b2-4e9f-9919-094254023219: 48 arrays, 83.9 MB stored; 1.4 s; peak memory 219 MiB.
2026-10-09T17:53:39Z INFO [234/1000] 46f83d4e-3af6-4159-b2a1-c70081cdfbe8: 339 arrays, 48.0 MB stored; 7.7 s; peak memory 219 MiB.
2026-10-09T17:53:41Z INFO [235/1000] 46f979f8-e239-4053-987a-acd85c44a167: 53 arrays, 6.7 MB stored; 1.8 s; peak memory 219 MiB.
2026-10-09T17:53:41Z INFO [236/1000] 46ad0297-4846-4eca-b52b-494d4097f94c: 55 arrays, 10673.2 MB stored; 205.3 s; peak memory 219 MiB.
2026-10-09T17:53:43Z INFO [237/1000] 46faa1d4-6db6-4b0c-a288-ed740adfb494: 118 arrays, 0.5 MB stored; 1.6 s; peak memory 219 MiB.
2026-10-09T17:53:45Z INFO [238/1000] 46f9546e-d861-46e1-a535-dc68ec50ea4e: 238 arrays, 77.5 MB stored; 7.3 s; peak memory 219 MiB.
2026-10-09T17:53:47Z INFO [239/1000] 46fa1456-4ad2-440a-be28-b798d8b6798b: 257 arrays, 138.9 MB stored; 5.9 s; peak memory 219 MiB.
2026-10-09T17:53:48Z INFO [240/1000] 46fbaa93-18ad-4c4d-8f76-2e7ff4dff3d4: 48 arrays, 83.9 MB stored; 1.3 s; peak memory 219 MiB.
2026-10-09T17:53:50Z INFO [241/1000] 46fbb68e-c841-4725-878c-0be7fec974e8: 118 arrays, 0.5 MB stored; 1.6 s; peak memory 219 MiB.
2026-10-09T17:53:50Z INFO [242/1000] 46fb42ff-b900-4309-b00e-c5dfbbaa819d: 622 arrays, 7.0 MB stored; 4.9 s; peak memory 219 MiB.
2026-10-09T17:53:51Z INFO [243/1000] 46fbe652-09c5-4fec-aceb-382e1d0f061d: 48 arrays, 83.9 MB stored; 1.4 s; peak memory 219 MiB.
2026-10-09T17:53:51Z INFO [244/1000] 46fb0f00-920d-4216-963a-12d4e6c613cd: 722 arrays, 21.8 MB stored; 8.5 s; peak memory 219 MiB.
2026-10-09T17:53:52Z INFO [245/1000] 46fcd95b-8897-4e91-8afa-ae78f70c17d3: 84 arrays, 1.6 MB stored; 1.6 s; peak memory 219 MiB.
2026-10-09T17:53:52Z INFO [246/1000] 46fd1fee-5327-4996-81bd-6f91f589cb83: 48 arrays, 83.9 MB stored; 1.4 s; peak memory 219 MiB.
2026-10-09T17:53:53Z INFO [247/1000] 46fd961a-f4cf-4cad-a3c0-230b9e491e29: 118 arrays, 0.5 MB stored; 1.5 s; peak memory 219 MiB.
2026-10-09T17:53:53Z INFO [248/1000] 46fedc79-9af5-4775-b5be-e8d22efca61c: 70 arrays, 0.0 MB stored; 1.4 s; peak memory 219 MiB.
2026-10-09T17:53:54Z INFO [249/1000] 46fedef6-1f7f-4f21-8feb-d44cdc07e851: 116 arrays, 0.4 MB stored; 1.5 s; peak memory 219 MiB.
2026-10-09T17:53:54Z INFO [250/1000] 46fee66f-8d17-4f97-ae91-8bab18d5a98f: 116 arrays, 9.7 MB stored; 1.3 s; peak memory 219 MiB.
2026-10-09T17:53:55Z INFO [251/1000] 46feff2a-8c15-4a2a-a125-03fc206e1dcd: 48 arrays, 83.9 MB stored; 1.4 s; peak memory 219 MiB.
2026-10-09T17:53:55Z INFO [252/1000] 46ff0d79-bea1-4e94-b857-cda7ba0c2e65: 35 arrays, 0.0 MB stored; 1.1 s; peak memory 219 MiB.
2026-10-09T17:53:56Z INFO [253/1000] 46ff0f4c-6546-4dc0-b1a6-08813c78adc0: 117 arrays, 0.3 MB stored; 1.5 s; peak memory 219 MiB.
2026-10-09T17:53:57Z INFO [254/1000] 470020e5-f4ef-4ee2-9e36-24ff2be473db: 62 arrays, 2974.9 MB stored; 1.9 s; peak memory 219 MiB.
2026-10-09T17:53:57Z INFO [255/1000] 47011612-bb7f-4beb-9193-eb974da299aa: 48 arrays, 83.9 MB stored; 1.3 s; peak memory 219 MiB.
2026-10-09T17:53:59Z INFO [256/1000] 46ff7a9b-cd48-46d2-8dda-819c7a0d1709: 575 arrays, 7.6 MB stored; 4.1 s; peak memory 219 MiB.
2026-10-09T17:54:01Z INFO [257/1000] 4701a563-00c5-4f81-ae2c-3286551f10c7: 50 arrays, 4624.7 MB stored; 3.8 s; peak memory 219 MiB.
2026-10-09T17:54:02Z INFO [258/1000] 47024dad-1f65-4565-b9fa-0912c1061b33: 48 arrays, 83.9 MB stored; 1.2 s; peak memory 219 MiB.
2026-10-09T17:54:02Z INFO [259/1000] 4701a6d0-9bf2-461a-9752-8f800c1845cb: 174 arrays, 88.9 MB stored; 5.4 s; peak memory 219 MiB.
2026-10-09T17:54:03Z INFO [260/1000] 47029ba5-c160-458f-8a8c-e3d5911ab814: 48 arrays, 83.9 MB stored; 1.4 s; peak memory 219 MiB.
2026-10-09T17:54:04Z INFO [261/1000] 4702c2ee-fb95-428d-94d0-2604a05a2ef3: 117 arrays, 0.5 MB stored; 1.5 s; peak memory 219 MiB.
2026-10-09T17:54:05Z INFO [262/1000] 4702dbc0-bea6-40a1-b866-4e5f012b26d8: 48 arrays, 83.9 MB stored; 1.4 s; peak memory 219 MiB.
2026-10-09T17:54:05Z INFO [263/1000] 47038e63-4dcd-4794-b194-699ffd40c880: 46 arrays, 0.1 MB stored; 1.1 s; peak memory 219 MiB.
2026-10-09T17:54:07Z INFO [264/1000] 4703db5c-df94-432b-b38f-30c110233b3f: 66 arrays, 185.6 MB stored; 2.0 s; peak memory 219 MiB.
2026-10-09T17:54:08Z INFO [265/1000] 47041fc7-73b1-451d-9989-c093163980dc: 37 arrays, 3.0 MB stored; 1.4 s; peak memory 219 MiB.
2026-10-09T17:54:10Z INFO [266/1000] 47043d5f-c60b-4601-9bef-24a48415984d: 112 arrays, 0.5 MB stored; 1.5 s; peak memory 219 MiB.
2026-10-09T17:54:11Z INFO [267/1000] 47045940-b7e0-469b-bc33-fef5286ad5c8: 46 arrays, 0.0 MB stored; 1.0 s; peak memory 219 MiB.
2026-10-09T17:54:12Z INFO [268/1000] 47045bd8-7901-4334-b8b6-bdbc553b2e92: 48 arrays, 83.9 MB stored; 1.4 s; peak memory 219 MiB.
2026-10-09T17:54:14Z INFO [269/1000] 47048199-6066-4e9e-a086-7e8af80931d8: 81 arrays, 1023.5 MB stored; 2.1 s; peak memory 219 MiB.
2026-10-09T17:54:15Z INFO [270/1000] 4703ae4c-c5b0-4de8-9d6b-a7f069473653: 1124 arrays, 23.5 MB stored; 10.0 s; peak memory 219 MiB.
2026-10-09T17:54:16Z INFO [271/1000] 470495fc-345a-489d-834e-c9a10e651418: 112 arrays, 0.4 MB stored; 1.7 s; peak memory 219 MiB.
2026-10-09T17:54:18Z INFO [272/1000] 4705e67d-097f-49cd-a777-231612c7b5a2: 52 arrays, 657.3 MB stored; 1.6 s; peak memory 219 MiB.
2026-10-09T17:54:18Z INFO [273/1000] 47049da1-371c-41b8-aae2-90cfbea4aa8e: 115 arrays, 190.2 MB stored; 2.9 s; peak memory 219 MiB.
2026-10-09T17:54:19Z INFO [274/1000] 4705fe33-2ce9-4788-ac9d-5a104b831fe0: 41 arrays, 8.4 MB stored; 1.3 s; peak memory 219 MiB.
2026-10-09T17:54:19Z INFO [275/1000] 47064aa5-4f13-40ed-90ba-293b50c0537c: 48 arrays, 83.9 MB stored; 1.4 s; peak memory 219 MiB.
2026-10-09T17:54:20Z INFO [276/1000] 4707747a-fc54-47dc-973f-0752852da104: 52 arrays, 19.3 MB stored; 1.6 s; peak memory 219 MiB.
2026-10-09T17:54:22Z INFO [277/1000] 4708c36b-d7db-4070-afda-324e8c437a7e: 115 arrays, 190.2 MB stored; 2.8 s; peak memory 219 MiB.
2026-10-09T17:54:22Z INFO [278/1000] 47096357-46f6-4c69-a42e-b1efd37be26c: 62 arrays, 4636.0 MB stored; 1.8 s; peak memory 219 MiB.
2026-10-09T17:54:23Z INFO [279/1000] 47098884-bea9-48ac-be4b-ac92439e42bd: 46 arrays, 0.0 MB stored; 1.0 s; peak memory 219 MiB.
2026-10-09T17:54:25Z INFO [280/1000] 46e7c4df-979b-4147-a5ac-c9a78380f0f6: 394 arrays, 31575.8 MB stored; 108.6 s; peak memory 219 MiB.
2026-10-09T17:54:28Z INFO [281/1000] 47098951-30e8-495b-a976-f6bd92b3950d: 868 arrays, 12.1 MB stored; 6.1 s; peak memory 219 MiB.
2026-10-09T17:54:29Z INFO [282/1000] 46db8274-a2bb-4ae1-af6b-3446221b8567: 167 arrays, 21222.9 MB stored; 131.9 s; peak memory 219 MiB.
2026-10-09T17:54:31Z INFO [283/1000] 470a2976-07f7-495e-838e-f644faa7d5d2: 117 arrays, 0.4 MB stored; 1.5 s; peak memory 219 MiB.
2026-10-09T17:54:32Z INFO [284/1000] 470a7fc4-6314-48d3-abe0-549ed679d2b5: 112 arrays, 0.4 MB stored; 1.4 s; peak memory 219 MiB.
2026-10-09T17:54:34Z INFO [285/1000] 4709eed3-6f0f-4873-9976-387c980e914e: 1245 arrays, 23.6 MB stored; 8.8 s; peak memory 219 MiB.
2026-10-09T17:54:34Z INFO [286/1000] 470ad893-dd78-402b-8576-fce1bf5aee13: 117 arrays, 0.2 MB stored; 1.4 s; peak memory 219 MiB.
2026-10-09T17:54:35Z INFO [287/1000] 470ae834-0594-4c8d-ae1d-01b8a6073940: 116 arrays, 0.4 MB stored; 1.6 s; peak memory 219 MiB.
2026-10-09T17:54:39Z INFO [288/1000] 470c0015-b688-4e80-ac15-46340921c84d: 111 arrays, 452.6 MB stored; 3.7 s; peak memory 219 MiB.
2026-10-09T17:54:41Z INFO [289/1000] 4709f353-7a30-4945-9219-4ea02282b61a: 916 arrays, 22.6 MB stored; 13.0 s; peak memory 219 MiB.
2026-10-09T17:54:42Z INFO [290/1000] 470bf1fb-81dd-4bb9-a068-fcd9dc620b05: 868 arrays, 34.0 MB stored; 8.3 s; peak memory 219 MiB.
2026-10-09T17:54:43Z INFO [291/1000] 470d729d-cd47-4ef1-bd03-0351b1c350f4: 56 arrays, 0.0 MB stored; 1.1 s; peak memory 219 MiB.
2026-10-09T17:54:44Z INFO [292/1000] 470d9bb6-5858-4e6b-94f6-bf956254d2a8: 48 arrays, 83.9 MB stored; 1.3 s; peak memory 219 MiB.
2026-10-09T17:54:47Z INFO [293/1000] 470cca3e-a94e-484f-a40e-a62dcdd9c9f0: 1159 arrays, 24.2 MB stored; 7.7 s; peak memory 219 MiB.
2026-10-09T17:54:48Z INFO [294/1000] 470e9600-fd3d-4ee8-8e76-b8c4d2551815: 117 arrays, 0.5 MB stored; 1.5 s; peak memory 219 MiB.
2026-10-09T17:54:49Z INFO [295/1000] 470ed460-86ee-4cb8-97c1-de98d3680138: 57 arrays, 0.0 MB stored; 1.2 s; peak memory 219 MiB.
2026-10-09T17:54:56Z INFO [296/1000] 470f1a59-2c0c-47ce-a730-569714ed5e16: 799 arrays, 32.5 MB stored; 6.8 s; peak memory 219 MiB.
2026-10-09T17:54:57Z INFO [297/1000] 47109789-be81-43d2-a052-0e8c2ea468c5: 48 arrays, 83.9 MB stored; 1.3 s; peak memory 219 MiB.
2026-10-09T17:54:59Z INFO [298/1000] 4710ae62-ab19-40d3-9871-a72cef58b37a: 118 arrays, 0.4 MB stored; 1.5 s; peak memory 219 MiB.
2026-10-09T17:55:03Z INFO [299/1000] 4712543d-e747-44e6-8eb7-f3fd06b6c10d: 684 arrays, 15.0 MB stored; 4.7 s; peak memory 219 MiB.
2026-10-09T17:55:05Z INFO [300/1000] 47137eee-38b4-466e-95c0-9d5c5addc3fd: 39 arrays, 3.8 MB stored; 1.3 s; peak memory 219 MiB.
2026-10-09T17:55:09Z INFO [301/1000] 470dc7fe-69be-4303-8869-2f3dc7af0e66: 48 arrays, 45809.6 MB stored; 24.8 s; peak memory 219 MiB.
2026-10-09T17:55:11Z INFO [302/1000] 4713aa21-5be0-48ef-8d9d-5a366edf96c4: 816 arrays, 19.6 MB stored; 6.1 s; peak memory 219 MiB.
2026-10-09T17:55:11Z INFO [303/1000] 47140115-47d2-4522-bfb8-25bcd6dd857c: 66 arrays, 61.4 MB stored; 2.0 s; peak memory 219 MiB.
2026-10-09T17:55:16Z INFO [304/1000] 46ef8593-349e-4733-904d-091374248f41: 280 arrays, 19734.4 MB stored; 124.0 s; peak memory 219 MiB.
2026-10-09T17:55:17Z INFO [305/1000] 46b22e8a-8d8f-40f8-95a2-55ec265f1ba2: 436 arrays, 46436.8 MB stored; 286.4 s; peak memory 219 MiB.
2026-10-09T17:55:18Z INFO [306/1000] 4714a5b3-c5b3-4c3b-90cf-6a578cb83a92: 52 arrays, 8.9 MB stored; 1.3 s; peak memory 219 MiB.
2026-10-09T17:55:19Z INFO [307/1000] 4714c7b8-3d1d-44eb-a4cd-6f1115b0903d: 117 arrays, 0.3 MB stored; 1.5 s; peak memory 219 MiB.
2026-10-09T17:55:19Z INFO [308/1000] 4714d612-f371-4110-8965-682a60ac26e3: 64 arrays, 30.2 MB stored; 1.7 s; peak memory 219 MiB.
2026-10-09T17:55:20Z INFO [309/1000] 47158121-dab3-405d-a880-148530138ace: 50 arrays, 3.5 MB stored; 1.1 s; peak memory 219 MiB.
2026-10-09T17:55:21Z INFO [310/1000] 4715cca8-7545-4f79-98d9-c39237ba4384: 48 arrays, 0.0 MB stored; 1.2 s; peak memory 219 MiB.
2026-10-09T17:55:21Z INFO [311/1000] 4715e403-3560-4bef-bc01-d04379ffa1e1: 112 arrays, 0.8 MB stored; 1.7 s; peak memory 219 MiB.
2026-10-09T17:55:22Z INFO [312/1000] 4715eee3-b8c7-4523-9818-66e11427518f: 70 arrays, 20.3 MB stored; 1.9 s; peak memory 219 MiB.
2026-10-09T17:55:23Z INFO [313/1000] 47164be9-4552-4976-92a9-1142025d83d8: 117 arrays, 0.4 MB stored; 1.6 s; peak memory 219 MiB.
2026-10-09T17:55:24Z INFO [314/1000] 47180910-692a-42f0-ba33-b20fea184e70: 48 arrays, 83.9 MB stored; 1.4 s; peak memory 219 MiB.
2026-10-09T17:55:24Z INFO [315/1000] 47146522-e54c-4d4f-b02e-613b4e4b0825: 5192 arrays, 90.2 MB stored; 13.1 s; peak memory 219 MiB.
2026-10-09T17:55:25Z INFO [316/1000] 47176309-f517-49c0-a4e3-2b867b55da41: 138 arrays, 4.8 MB stored; 3.0 s; peak memory 219 MiB.
2026-10-09T17:55:26Z INFO [317/1000] 47191532-27e2-4034-ad03-e029c988389f: 68 arrays, 7.9 MB stored; 1.5 s; peak memory 219 MiB.
2026-10-09T17:55:27Z INFO [318/1000] 471955e8-0d8e-4cb8-a602-4b9b9049f749: 48 arrays, 83.9 MB stored; 1.3 s; peak memory 219 MiB.
2026-10-09T17:55:27Z INFO [319/1000] 471a4577-1bf4-461d-a95a-9ef1072d340f: 48 arrays, 83.9 MB stored; 1.4 s; peak memory 219 MiB.
2026-10-09T17:55:28Z INFO [320/1000] 471a4aa4-3700-42e5-be12-27ad39847976: 48 arrays, 83.9 MB stored; 1.4 s; peak memory 219 MiB.
2026-10-09T17:55:29Z INFO [321/1000] 471885ca-1239-42c1-a47f-a2db8a569bd1: 220 arrays, 71.1 MB stored; 4.3 s; peak memory 219 MiB.
2026-10-09T17:55:29Z INFO [322/1000] 471a5d63-b6f9-4ce0-85d3-30633e835d45: 115 arrays, 0.2 MB stored; 1.5 s; peak memory 219 MiB.
2026-10-09T17:55:30Z INFO [323/1000] 471a8e07-3023-441b-a556-7e619aab603c: 112 arrays, 0.9 MB stored; 1.6 s; peak memory 219 MiB.
2026-10-09T17:55:30Z INFO [324/1000] 471b4bb7-aa60-499f-8168-ddb96f63c005: 48 arrays, 83.9 MB stored; 1.4 s; peak memory 219 MiB.
2026-10-09T17:55:30Z INFO [325/1000] 471aec1d-fdeb-46cb-a3c7-1e36c8eb84de: 117 arrays, 0.2 MB stored; 1.7 s; peak memory 219 MiB.
2026-10-09T17:55:31Z INFO [326/1000] 471bf608-b9fb-4580-9626-c3a0f1ec0be6: 118 arrays, 0.4 MB stored; 1.5 s; peak memory 219 MiB.
2026-10-09T17:55:32Z INFO [327/1000] 471c816b-bc2e-4b16-b1e2-6d38f70fff83: 61 arrays, 0.6 MB stored; 1.4 s; peak memory 219 MiB.
2026-10-09T17:55:33Z INFO [328/1000] 471dd600-ea7d-43dc-a0a2-bea6738551e9: 84 arrays, 0.3 MB stored; 1.5 s; peak memory 219 MiB.
2026-10-09T17:55:33Z INFO [329/1000] 471ddeba-3feb-4859-ac64-f09e395cfeed: 66 arrays, 93.9 MB stored; 1.7 s; peak memory 219 MiB.
2026-10-09T17:55:34Z INFO [330/1000] 471e616d-8d6d-484d-a3b4-ca73387ff110: 112 arrays, 0.6 MB stored; 1.7 s; peak memory 219 MiB.
2026-10-09T17:55:35Z INFO [331/1000] 471ea708-2692-47ea-acc3-83dfc8bc5430: 62 arrays, 4069.9 MB stored; 1.9 s; peak memory 219 MiB.
2026-10-09T17:55:36Z INFO [332/1000] 471ec2d1-99c8-437a-b711-d35ed26aa24f: 110 arrays, 0.3 MB stored; 1.4 s; peak memory 219 MiB.
2026-10-09T17:55:36Z INFO [333/1000] 471ed6f6-d090-47c3-934a-1a017754136f: 48 arrays, 83.9 MB stored; 1.3 s; peak memory 219 MiB.
2026-10-09T17:55:40Z INFO [334/1000] 470d28b4-4181-488b-ac0e-ca3d1bfee678: 12149 arrays, 294.3 MB stored; 58.8 s; peak memory 219 MiB.
2026-10-09T17:55:41Z INFO [335/1000] 471f590e-7e39-433f-a8bc-6f58c37d3929: 41 arrays, 8.4 MB stored; 1.1 s; peak memory 219 MiB.
2026-10-09T17:55:41Z INFO [336/1000] 471db47f-fd6a-482b-aa0e-e0d55483b482: 1118 arrays, 44.8 MB stored; 11.1 s; peak memory 219 MiB.
2026-10-09T17:55:42Z INFO [337/1000] 471f527a-a46b-4798-826f-19c65a30fa38: 46 arrays, 3558.4 MB stored; 5.8 s; peak memory 219 MiB.
2026-10-09T17:55:43Z INFO [338/1000] 471fd805-e9cd-452b-a0ec-d366e5067714: 118 arrays, 0.4 MB stored; 1.4 s; peak memory 219 MiB.
2026-10-09T17:55:44Z INFO [339/1000] 472141ad-fb10-46e3-a10c-afb609aae386: 48 arrays, 83.9 MB stored; 1.4 s; peak memory 219 MiB.
2026-10-09T17:55:44Z INFO [340/1000] 4721e1f7-e7e6-476e-961f-ac4f6cbf9e94: 117 arrays, 0.4 MB stored; 1.4 s; peak memory 219 MiB.
2026-10-09T17:55:45Z INFO [341/1000] 4721f8bf-559c-4707-b237-7cc7ef6f6456: 48 arrays, 83.9 MB stored; 1.4 s; peak memory 219 MiB.
2026-10-09T17:55:45Z INFO [342/1000] 47225603-fae1-49ae-a4db-0339791edb56: 101 arrays, 0.1 MB stored; 1.2 s; peak memory 219 MiB.
2026-10-09T17:55:47Z INFO [343/1000] 4722666a-d583-4780-9248-c2791e883723: 48 arrays, 83.9 MB stored; 1.5 s; peak memory 219 MiB.
2026-10-09T17:55:47Z INFO [344/1000] 4722b57d-4e09-4c24-8071-a87f76575f34: 66 arrays, 116.2 MB stored; 1.9 s; peak memory 219 MiB.
2026-10-09T17:55:49Z INFO [345/1000] 47235d69-181d-409d-89ba-b2ce2ba16450: 112 arrays, 0.8 MB stored; 2.0 s; peak memory 219 MiB.
2026-10-09T17:55:49Z INFO [346/1000] 472370cc-0919-4b2f-9f4e-9ff244029f72: 71 arrays, 67.2 MB stored; 1.9 s; peak memory 219 MiB.
2026-10-09T17:55:49Z INFO [347/1000] 471efc46-83e3-4128-a795-477f0bcb14e9: 5641 arrays, 53.7 MB stored; 13.7 s; peak memory 219 MiB.
2026-10-09T17:55:50Z INFO [348/1000] 47239cbf-5d39-42cc-9bff-9ac5089b2a16: 117 arrays, 0.2 MB stored; 1.5 s; peak memory 219 MiB.
2026-10-09T17:55:50Z INFO [349/1000] 4720c8d4-682f-4a47-bc28-fa894428d565: 1552 arrays, 28.4 MB stored; 8.7 s; peak memory 219 MiB.
2026-10-09T17:55:51Z INFO [350/1000] 4723b96d-f465-40f2-9a65-42b809e1ab45: 48 arrays, 83.9 MB stored; 1.4 s; peak memory 219 MiB.
2026-10-09T17:55:52Z INFO [351/1000] 4723be02-70a4-4df2-9748-0d2aca842d4f: 118 arrays, 0.3 MB stored; 1.5 s; peak memory 219 MiB.
2026-10-09T17:55:53Z INFO [352/1000] 4725ea4d-a89d-4f0c-9211-174c1c92f15b: 117 arrays, 0.4 MB stored; 1.7 s; peak memory 219 MiB.
2026-10-09T17:55:53Z INFO [353/1000] 4726344e-3c05-4575-89f7-6a6bfdbe4c71: 118 arrays, 0.3 MB stored; 1.3 s; peak memory 219 MiB.
2026-10-09T17:55:53Z INFO [354/1000] 4723a17b-0393-43ed-b25f-5f815e9c249a: 411 arrays, 6.2 MB stored; 3.8 s; peak memory 219 MiB.
2026-10-09T17:55:54Z INFO [355/1000] 47264946-9bb3-491f-9a31-5704d7929c94: 51 arrays, 2104.6 MB stored; 1.6 s; peak memory 219 MiB.
2026-10-09T17:55:54Z INFO [356/1000] 4726d7fe-4f63-48cb-b551-5a3698fce11d: 38 arrays, 0.5 MB stored; 1.3 s; peak memory 219 MiB.
2026-10-09T17:55:55Z INFO [357/1000] 47272a52-415c-43e5-afc3-c5930cfcaeda: 52 arrays, 0.0 MB stored; 1.1 s; peak memory 219 MiB.
2026-10-09T17:55:55Z INFO [358/1000] 47265d50-f24c-4fbb-aa28-d4e2f47d6005: 115 arrays, 190.1 MB stored; 2.4 s; peak memory 219 MiB.
2026-10-09T17:55:56Z INFO [359/1000] 47279095-69f5-461c-bdde-cc0544fe959f: 48 arrays, 83.9 MB stored; 1.4 s; peak memory 219 MiB.
2026-10-09T17:55:57Z INFO [360/1000] 47257ff3-99ac-4f8d-8b7b-d35f145973f5: 537 arrays, 8.4 MB stored; 6.6 s; peak memory 219 MiB.
2026-10-09T17:55:57Z INFO [361/1000] 4728d5b9-41d8-43a5-bca1-bf3850b20155: 48 arrays, 83.9 MB stored; 1.5 s; peak memory 219 MiB.
2026-10-09T17:55:57Z INFO [362/1000] 4728dce4-772e-4078-9541-48ea58c1b113: 48 arrays, 83.9 MB stored; 1.5 s; peak memory 219 MiB.
2026-10-09T17:55:57Z INFO [363/1000] 47293ab7-2e8c-449a-b674-0afbc54f3fcb: 117 arrays, 0.4 MB stored; 1.5 s; peak memory 219 MiB.
2026-10-09T17:55:58Z INFO [364/1000] 4729b9cb-416a-4214-a6d1-ec6739d178ae: 77 arrays, 0.1 MB stored; 1.6 s; peak memory 219 MiB.
2026-10-09T17:55:59Z INFO [365/1000] 4729bf6c-e130-4fda-8d4f-bf909fc38866: 112 arrays, 0.4 MB stored; 1.6 s; peak memory 219 MiB.
2026-10-09T17:56:00Z INFO [366/1000] 472a966e-7b27-4e60-91bb-b703e352e688: 45 arrays, 0.0 MB stored; 1.1 s; peak memory 219 MiB.
2026-10-09T17:56:01Z INFO [367/1000] 47293cdb-28eb-4a3b-a291-6e83f88fca46: 38 arrays, 4572.0 MB stored; 3.8 s; peak memory 219 MiB.
2026-10-09T17:56:01Z INFO [368/1000] 472a7992-fdad-429d-842c-634d33e09f8c: 168 arrays, 3.2 MB stored; 2.7 s; peak memory 219 MiB.
2026-10-09T17:56:01Z INFO [369/1000] 472af150-9f68-4bf0-aafc-8bfde6180abb: 66 arrays, 13.0 MB stored; 1.5 s; peak memory 219 MiB.
2026-10-09T17:56:03Z INFO [370/1000] 472b8e84-9ad3-415c-8701-9a9fb4a40cb4: 52 arrays, 14.6 MB stored; 1.4 s; peak memory 219 MiB.
2026-10-09T17:56:04Z INFO [371/1000] 4729422b-bf1f-40a0-aee5-45f54f8d84d2: 686 arrays, 20.3 MB stored; 7.0 s; peak memory 219 MiB.
2026-10-09T17:56:04Z INFO [372/1000] 472b65f5-91d0-43ef-8936-fcec30ac9121: 90 arrays, 2384.9 MB stored; 3.5 s; peak memory 219 MiB.
2026-10-09T17:56:05Z INFO [373/1000] 472cceed-e429-439a-909c-faa1a09b98d6: 118 arrays, 0.2 MB stored; 1.7 s; peak memory 219 MiB.
2026-10-09T17:56:06Z INFO [374/1000] 470214f1-7c46-43bd-b083-168f89b614cb: 394 arrays, 19745.9 MB stored; 127.4 s; peak memory 219 MiB.
2026-10-09T17:56:06Z INFO [375/1000] 472c3061-4123-4fa3-aae3-9e612b213826: 471 arrays, 5.6 MB stored; 4.7 s; peak memory 219 MiB.
2026-10-09T17:56:07Z INFO [376/1000] 472d3d5d-8631-4244-99db-496a8aec6902: 115 arrays, 190.0 MB stored; 2.7 s; peak memory 219 MiB.
2026-10-09T17:56:07Z INFO [377/1000] 472de65e-80b9-42bd-97cc-ca4a6bf48e56: 48 arrays, 83.9 MB stored; 1.4 s; peak memory 219 MiB.
2026-10-09T17:56:08Z INFO [378/1000] 472e19cf-03a4-4aa1-9b90-b1a0e8adc480: 66 arrays, 74.1 MB stored; 1.6 s; peak memory 219 MiB.
2026-10-09T17:56:08Z INFO [379/1000] 472e8d57-e30a-4e2f-8459-f077a8db46e3: 112 arrays, 0.9 MB stored; 1.9 s; peak memory 219 MiB.
2026-10-09T17:56:09Z INFO [380/1000] 472f44f7-d276-4ddb-ae99-333aa965f4f2: 119 arrays, 66.4 MB stored; 2.5 s; peak memory 219 MiB.
2026-10-09T17:56:10Z INFO [381/1000] 47301bac-dec7-46a9-a258-d096bc0e75a6: 66 arrays, 95.1 MB stored; 2.0 s; peak memory 219 MiB.
2026-10-09T17:56:10Z INFO [382/1000] 472c6efc-5964-441f-8e38-3af50d727518: 9079 arrays, 220.3 MB stored; 7.3 s; peak memory 219 MiB.
2026-10-09T17:56:11Z INFO [383/1000] 47312967-da05-4989-9d23-abc3da807144: 41 arrays, 8.4 MB stored; 1.3 s; peak memory 219 MiB.
2026-10-09T17:56:12Z INFO [384/1000] 47334721-b108-4c9a-a59d-f128f71da36d: 117 arrays, 0.3 MB stored; 1.6 s; peak memory 219 MiB.
2026-10-09T17:56:12Z INFO [385/1000] 4730ff8e-ce52-45db-bdf3-15ed39992ec0: 451 arrays, 5.7 MB stored; 4.0 s; peak memory 219 MiB.
2026-10-09T17:56:14Z INFO [386/1000] 47339ed4-441a-4a98-a516-dd5f20e4a85a: 117 arrays, 0.5 MB stored; 1.5 s; peak memory 219 MiB.
2026-10-09T17:56:14Z INFO [387/1000] 4732c70b-5a52-4fa5-8a4a-1105746742ce: 174 arrays, 78.1 MB stored; 4.6 s; peak memory 219 MiB.
2026-10-09T17:56:15Z INFO [388/1000] 4733e34b-8b89-4b71-86e3-5ea9dbddbd29: 118 arrays, 0.4 MB stored; 1.6 s; peak memory 219 MiB.
2026-10-09T17:56:16Z INFO [389/1000] 47140e5d-9a0f-4223-9f3c-918a8f642740: 87 arrays, 24679.5 MB stored; 64.8 s; peak memory 219 MiB.
2026-10-09T17:56:16Z INFO [390/1000] 4733567a-4165-4572-95be-d744a7658121: 82 arrays, 422.4 MB stored; 3.5 s; peak memory 219 MiB.
2026-10-09T17:56:17Z INFO [391/1000] 473581e6-63ef-4e1f-b7ec-6ebc789b82bd: 117 arrays, 0.3 MB stored; 1.7 s; peak memory 219 MiB.
2026-10-09T17:56:18Z INFO [392/1000] 473584ef-fe8f-4a39-87e1-ac2630b6ff6a: 78 arrays, 489.0 MB stored; 2.4 s; peak memory 219 MiB.
2026-10-09T17:56:18Z INFO [393/1000] 473647d7-a75a-4b5a-b0fe-ca86ccad6bab: 46 arrays, 0.0 MB stored; 1.1 s; peak memory 219 MiB.
2026-10-09T17:56:20Z INFO [394/1000] 47377049-88d2-4107-b9f9-40d22cc2286b: 117 arrays, 0.4 MB stored; 1.5 s; peak memory 219 MiB.
2026-10-09T17:56:21Z INFO [395/1000] 47388693-9d52-4949-904f-e52cbd4be067: 21 arrays, 0.6 MB stored; 1.2 s; peak memory 219 MiB.
2026-10-09T17:56:22Z INFO [396/1000] 472f7c43-cde1-4a55-9884-ec205623622e: 1180 arrays, 25.2 MB stored; 15.2 s; peak memory 219 MiB.
2026-10-09T17:56:23Z INFO [397/1000] 473889e8-3de2-45d5-8e85-6316109ea6dc: 101 arrays, 18.8 MB stored; 1.9 s; peak memory 219 MiB.
2026-10-09T17:56:24Z INFO [398/1000] 4735b89a-6507-480b-96df-41055f3bbe91: 11477 arrays, 222.2 MB stored; 8.8 s; peak memory 219 MiB.
2026-10-09T17:56:25Z INFO [399/1000] 473893f6-7a1e-4cb5-abf1-2893cb91ba4d: 90 arrays, 229.3 MB stored; 2.7 s; peak memory 219 MiB.
2026-10-09T17:56:26Z INFO [400/1000] 47391bc9-82c2-4ddc-a6f3-ca867a677f85: 48 arrays, 83.9 MB stored; 1.5 s; peak memory 219 MiB.
2026-10-09T17:56:27Z INFO [400/1000] 47391bc9-82c2-4ddc-a6f3-ca867a677f85: checkpointed 400 new records.
2026-10-09T17:56:27Z INFO [401/1000] 4738e1ea-ac8d-4fe9-b9e8-54ebcf5f33f2: 469 arrays, 5.1 MB stored; 4.2 s; peak memory 351 MiB.
2026-10-09T17:56:27Z INFO [402/1000] 4739cfd7-eddd-4e3f-9689-e68b9114fe84: 118 arrays, 0.3 MB stored; 1.6 s; peak memory 351 MiB.
2026-10-09T17:56:28Z INFO [403/1000] 4736c270-4d6f-45e2-8ce2-5a999dc5c24b: 801 arrays, 38.6 MB stored; 10.0 s; peak memory 351 MiB.
2026-10-09T17:56:28Z INFO [404/1000] 4739d1fa-9c52-4077-bc20-8935cc8753f3: 50 arrays, 4.9 MB stored; 1.3 s; peak memory 351 MiB.
2026-10-09T17:56:30Z INFO [405/1000] 4739f000-7f51-4fb7-b161-9b469b01ad32: 71 arrays, 130.0 MB stored; 2.1 s; peak memory 351 MiB.
2026-10-09T17:56:30Z INFO [406/1000] 473a2e36-7b6d-48e0-8350-086d900caf6c: 71 arrays, 2.3 MB stored; 1.8 s; peak memory 351 MiB.
2026-10-09T17:56:30Z INFO [407/1000] 473a9ce7-8834-46db-aa10-479618328cd6: 74 arrays, 39.7 MB stored; 1.8 s; peak memory 351 MiB.
2026-10-09T17:56:31Z INFO [408/1000] 473b199d-1f30-4e04-9e8e-e91aec3442ea: 48 arrays, 83.9 MB stored; 1.3 s; peak memory 351 MiB.
2026-10-09T17:56:31Z INFO [409/1000] 4739bbf7-314a-49e0-b7ba-ea9f4379e64b: 56 arrays, 60.0 MB stored; 6.3 s; peak memory 351 MiB.
2026-10-09T17:56:32Z INFO [410/1000] 473acb11-aa54-4897-8a45-556e38abb57b: 71 arrays, 130.7 MB stored; 2.2 s; peak memory 351 MiB.
2026-10-09T17:56:33Z INFO [411/1000] 473bdbc2-ce76-498f-ac77-fd34da6362b6: 117 arrays, 0.3 MB stored; 1.5 s; peak memory 351 MiB.
2026-10-09T17:56:33Z INFO [412/1000] 473b6d66-0da7-4e0a-a72f-258519e91464: 38 arrays, 2199.6 MB stored; 2.1 s; peak memory 351 MiB.
2026-10-09T17:56:34Z INFO [413/1000] 473c17d4-354c-474f-ae5a-6b741942c5b8: 39 arrays, 2.0 MB stored; 1.2 s; peak memory 351 MiB.
2026-10-09T17:56:35Z INFO [414/1000] 473b9a68-bc4f-44ea-81b0-8f36304449e6: 157 arrays, 374.8 MB stored; 3.5 s; peak memory 351 MiB.
2026-10-09T17:56:35Z INFO [415/1000] 473ca9b6-b5ba-4ca3-90dd-2ce625e0448b: 66 arrays, 108.0 MB stored; 2.0 s; peak memory 351 MiB.
2026-10-09T17:56:36Z INFO [416/1000] 473d16b2-0ee6-497b-9aaf-f047f03ce07b: 118 arrays, 0.3 MB stored; 1.5 s; peak memory 351 MiB.
2026-10-09T17:56:36Z INFO [417/1000] 473db593-4458-455d-a5ac-0b1781f68a51: 116 arrays, 0.1 MB stored; 1.5 s; peak memory 351 MiB.
2026-10-09T17:56:37Z INFO [418/1000] 473dd5f9-97e0-488f-a961-b083da6675df: 112 arrays, 0.3 MB stored; 1.6 s; peak memory 351 MiB.
2026-10-09T17:56:37Z INFO [419/1000] 473efae8-4e93-4495-b0f9-ceecb270f544: 121 arrays, 0.1 MB stored; 1.3 s; peak memory 351 MiB.
2026-10-09T17:56:38Z INFO [420/1000] 473eef64-fd77-4c64-ad50-c9439335167a: 121 arrays, 0.8 MB stored; 2.1 s; peak memory 351 MiB.
2026-10-09T17:56:38Z INFO [421/1000] 47400686-1b22-4756-9d38-4ee5a399cccf: 48 arrays, 83.9 MB stored; 1.3 s; peak memory 351 MiB.
2026-10-09T17:56:39Z INFO [422/1000] 4740ef06-9da1-44ed-ae0b-14324be62eee: 48 arrays, 83.9 MB stored; 1.4 s; peak memory 351 MiB.
2026-10-09T17:56:40Z INFO [423/1000] 47400fd3-35ed-4c80-9bf6-7b6e246babea: 156 arrays, 193.5 MB stored; 3.0 s; peak memory 351 MiB.
2026-10-09T17:56:41Z INFO [424/1000] 473b34db-9c43-496f-be5a-f53ca79f7d91: 749 arrays, 22.4 MB stored; 10.6 s; peak memory 351 MiB.
2026-10-09T17:56:41Z INFO [425/1000] 47422c3c-1a7a-4fdc-af2f-47a759c07546: 48 arrays, 83.9 MB stored; 1.3 s; peak memory 351 MiB.
2026-10-09T17:56:41Z INFO [426/1000] 4741d395-d308-456b-8475-5e4ff4dffda3: 440 arrays, 3.7 MB stored; 3.3 s; peak memory 351 MiB.
2026-10-09T17:56:42Z INFO [427/1000] 47427e2e-5cd3-41ec-ac44-42adcd148de0: 39 arrays, 2.5 MB stored; 1.3 s; peak memory 351 MiB.
2026-10-09T17:56:42Z INFO [428/1000] 4742e777-41cb-4492-88b3-402252cc3009: 46 arrays, 12.6 MB stored; 1.4 s; peak memory 351 MiB.
2026-10-09T17:56:43Z INFO [429/1000] 4743b9c7-c200-4581-a320-635986fd89ae: 48 arrays, 83.9 MB stored; 1.5 s; peak memory 351 MiB.
2026-10-09T17:56:43Z INFO [430/1000] 47427ef8-7d72-4e86-94b3-b2d6dd2ea520: 118 arrays, 67.1 MB stored; 2.7 s; peak memory 351 MiB.
2026-10-09T17:56:44Z INFO [431/1000] 4743bee2-c5f2-4192-8b6f-e2d513f2d37d: 118 arrays, 0.3 MB stored; 1.5 s; peak memory 351 MiB.
2026-10-09T17:56:44Z INFO [432/1000] 474316fa-3bbd-4e5c-8571-45f1901f8179: 115 arrays, 186.8 MB stored; 2.8 s; peak memory 351 MiB.
2026-10-09T17:56:45Z INFO [433/1000] 4743dfd6-765c-4e82-b036-bb7b7cfa5420: 117 arrays, 0.3 MB stored; 1.4 s; peak memory 351 MiB.
2026-10-09T17:56:45Z INFO [434/1000] 474416b6-bd38-46d8-84be-03162932ece6: 48 arrays, 83.9 MB stored; 1.4 s; peak memory 351 MiB.
2026-10-09T17:56:45Z INFO [435/1000] 474567ef-d760-46a9-a550-3c6ece58269d: 117 arrays, 0.4 MB stored; 1.5 s; peak memory 351 MiB.
2026-10-09T17:56:46Z INFO [436/1000] 47457052-fbc8-42a2-a3ad-7fbbd28e1c80: 116 arrays, 0.3 MB stored; 1.5 s; peak memory 351 MiB.
2026-10-09T17:56:47Z INFO [437/1000] 4746ce1f-9daf-4c79-aedb-395ac21ab11f: 48 arrays, 83.9 MB stored; 1.6 s; peak memory 351 MiB.
2026-10-09T17:56:47Z INFO [438/1000] 47478123-0bc3-4af9-9ba7-e15cda8f3f8b: 48 arrays, 83.9 MB stored; 1.3 s; peak memory 351 MiB.
2026-10-09T17:56:48Z INFO [439/1000] 4745abfb-b296-409b-a986-eaf576c5f9ff: 115 arrays, 186.7 MB stored; 3.0 s; peak memory 351 MiB.
2026-10-09T17:56:49Z INFO [440/1000] 4747bc1d-8eee-4e0c-af3a-07bcc52ec962: 112 arrays, 0.7 MB stored; 1.9 s; peak memory 351 MiB.
2026-10-09T17:56:49Z INFO [441/1000] 47495a77-675b-49a9-8b11-52ed55153d54: 117 arrays, 0.4 MB stored; 1.6 s; peak memory 351 MiB.
2026-10-09T17:56:50Z INFO [442/1000] 474a2748-82b8-4588-b56d-0da270b3d40b: 156 arrays, 193.5 MB stored; 2.6 s; peak memory 351 MiB.
2026-10-09T17:56:52Z INFO [443/1000] 474ad5d7-2fb9-42f1-bbfb-670a32610bd8: 178 arrays, 217.5 MB stored; 3.6 s; peak memory 351 MiB.
2026-10-09T17:56:52Z INFO [444/1000] 4746b695-168d-41ca-aa1b-1de034379d55: 1053 arrays, 22.7 MB stored; 7.5 s; peak memory 351 MiB.
2026-10-09T17:56:53Z INFO [445/1000] 4731a3d2-23f2-49dc-8f80-a3bcc65d9811: 55 arrays, 1883.9 MB stored; 43.1 s; peak memory 351 MiB.
2026-10-09T17:56:54Z INFO [446/1000] 474cb693-5e6f-4948-80b0-f5fff9d0d3c5: 48 arrays, 83.9 MB stored; 1.4 s; peak memory 351 MiB.
2026-10-09T17:56:54Z INFO [447/1000] 474cd95d-e2fe-4cc1-80c7-63e65ff07ab6: 48 arrays, 83.9 MB stored; 1.3 s; peak memory 351 MiB.
2026-10-09T17:56:55Z INFO [448/1000] 474cf175-3daf-4845-bbb4-a4763acaf3f0: 52 arrays, 30.6 MB stored; 1.5 s; peak memory 351 MiB.
2026-10-09T17:56:56Z INFO [449/1000] 474d352f-37e0-4ce2-89a3-8ef88f5fafa5: 116 arrays, 0.7 MB stored; 1.7 s; peak memory 351 MiB.
2026-10-09T17:56:56Z INFO [450/1000] 474c4dd5-a042-4546-9682-8c30cf742f4a: 200 arrays, 488.4 MB stored; 6.2 s; peak memory 351 MiB.
2026-10-09T17:56:57Z INFO [451/1000] 474d8c8c-ade1-4f14-9164-9deb368f84db: 112 arrays, 0.4 MB stored; 1.7 s; peak memory 351 MiB.
2026-10-09T17:56:58Z INFO [452/1000] 474dd6ed-1c9d-473c-be6b-ae4856768371: 112 arrays, 0.8 MB stored; 1.7 s; peak memory 351 MiB.
2026-10-09T17:56:59Z INFO [453/1000] 474e1ce9-ff54-4df5-9922-f338b7c98dba: 102 arrays, 15.2 MB stored; 1.9 s; peak memory 351 MiB.
2026-10-09T17:56:59Z INFO [454/1000] 474e3250-c31f-4892-aa72-6bcee2be41ce: 48 arrays, 83.9 MB stored; 1.3 s; peak memory 351 MiB.
2026-10-09T17:57:00Z INFO [455/1000] 474fe87f-cca2-4aed-bcbb-0634d47bc323: 48 arrays, 83.9 MB stored; 1.4 s; peak memory 351 MiB.
2026-10-09T17:57:01Z INFO [456/1000] 474fdf08-7fb6-4e9b-94b8-fb411e786752: 110 arrays, 0.8 MB stored; 2.0 s; peak memory 351 MiB.
2026-10-09T17:57:01Z INFO [457/1000] 474e1435-dccb-47be-8e56-3495164579dc: 542 arrays, 5.9 MB stored; 4.5 s; peak memory 351 MiB.
2026-10-09T17:57:02Z INFO [458/1000] 4750db57-b066-4680-87c0-c1c4304a84b8: 57 arrays, 0.0 MB stored; 1.2 s; peak memory 351 MiB.
2026-10-09T17:57:02Z INFO [459/1000] 47511e6d-045b-4b0f-9c55-2fc7dba2c658: 46 arrays, 0.1 MB stored; 1.1 s; peak memory 351 MiB.
2026-10-09T17:57:03Z INFO [460/1000] 475175df-1bd0-423d-bf0b-7df7f14e84ef: 57 arrays, 0.0 MB stored; 1.3 s; peak memory 351 MiB.
2026-10-09T17:57:03Z INFO [461/1000] 4751f7ce-3529-4567-a32b-4b6df6c4d005: 39 arrays, 3.5 MB stored; 1.4 s; peak memory 351 MiB.
2026-10-09T17:57:04Z INFO [462/1000] 475261c0-0e8c-413e-8cb3-e82d4240a2bd: 37 arrays, 0.0 MB stored; 1.1 s; peak memory 351 MiB.
2026-10-09T17:57:05Z INFO [463/1000] 475230cd-5e23-4244-98dc-fe821cc75bbf: 87 arrays, 15.4 MB stored; 2.1 s; peak memory 351 MiB.
2026-10-09T17:57:06Z INFO [464/1000] 475280f1-9bf3-4dda-8d68-06266b2448cc: 303 arrays, 17.1 MB stored; 1.6 s; peak memory 351 MiB.
2026-10-09T17:57:07Z INFO [465/1000] 47542bd0-33cf-4003-a955-482fbd59f808: 112 arrays, 0.9 MB stored; 1.8 s; peak memory 351 MiB.
2026-10-09T17:57:07Z INFO [466/1000] 4750b4df-dd7c-40f1-9861-17738a13ecfb: 41 arrays, 250.6 MB stored; 7.1 s; peak memory 351 MiB.
2026-10-09T17:57:09Z INFO [467/1000] 474b8547-3eff-42d9-9b97-e1c1191c2ad1: 7178 arrays, 65.1 MB stored; 20.1 s; peak memory 351 MiB.
2026-10-09T17:57:09Z INFO [468/1000] 47549ffa-4c17-4bed-8ac4-9f330d7bd215: 112 arrays, 0.8 MB stored; 1.7 s; peak memory 351 MiB.
2026-10-09T17:57:09Z INFO [469/1000] 4754e8b6-0f6c-4845-96f2-7a9c01522fa8: 112 arrays, 0.6 MB stored; 1.7 s; peak memory 351 MiB.
2026-10-09T17:57:10Z INFO [470/1000] 47548519-10dc-48ce-89f7-d816caaed2f7: 429 arrays, 8.0 MB stored; 3.7 s; peak memory 351 MiB.
2026-10-09T17:57:10Z INFO [471/1000] 47558301-9f7f-47e7-bb38-216056cd1bef: 84 arrays, 0.1 MB stored; 1.4 s; peak memory 351 MiB.
2026-10-09T17:57:10Z INFO [472/1000] 47562781-d312-4564-95ac-0b8a61da0fe7: 48 arrays, 83.9 MB stored; 1.3 s; peak memory 351 MiB.
2026-10-09T17:57:10Z INFO [473/1000] 4755ebc9-0382-4d4b-a4f1-57985b7fcc75: 118 arrays, 0.5 MB stored; 1.7 s; peak memory 351 MiB.
2026-10-09T17:57:11Z INFO [474/1000] 47569584-8dd8-472e-8f7a-05cc0aefa4af: 46 arrays, 0.1 MB stored; 1.1 s; peak memory 351 MiB.
2026-10-09T17:57:12Z INFO [475/1000] 47577eb0-e861-42e3-aaec-6384eaf72b07: 117 arrays, 0.4 MB stored; 1.5 s; peak memory 351 MiB.
2026-10-09T17:57:12Z INFO [476/1000] 47588b42-7c76-4213-8c95-ac30a312fd6d: 57 arrays, 0.0 MB stored; 1.3 s; peak memory 351 MiB.
2026-10-09T17:57:12Z INFO [477/1000] 4758ab67-f42a-4d27-b3c3-a09b0e687367: 48 arrays, 83.9 MB stored; 1.5 s; peak memory 351 MiB.
2026-10-09T17:57:13Z INFO [478/1000] 475925d4-14d3-494b-8635-6a199e16be2e: 111 arrays, 0.8 MB stored; 1.9 s; peak memory 351 MiB.
2026-10-09T17:57:13Z INFO [479/1000] 475992d4-c0c2-4d90-9d6e-1a4768347767: 64 arrays, 0.0 MB stored; 1.5 s; peak memory 351 MiB.
2026-10-09T17:57:13Z INFO [480/1000] 47594651-daf1-438d-8825-96ecc40c0d86: 70 arrays, 17.3 MB stored; 1.8 s; peak memory 351 MiB.
2026-10-09T17:57:14Z INFO [481/1000] 4759f6f2-ddd4-4da0-9b63-dbc021d31838: 54 arrays, 8672.5 MB stored; 1.6 s; peak memory 351 MiB.
2026-10-09T17:57:15Z INFO [482/1000] 475abd63-127c-4b5a-ae63-59a0977cf654: 52 arrays, 13.6 MB stored; 1.5 s; peak memory 351 MiB.
2026-10-09T17:57:15Z INFO [483/1000] 475b45d5-b289-4ef4-8e42-0ab3499f9f79: 48 arrays, 83.9 MB stored; 1.4 s; peak memory 351 MiB.
2026-10-09T17:57:15Z INFO [484/1000] 475a37b1-ce38-4c4c-8353-e93d8b9ceed2: 49 arrays, 599.7 MB stored; 2.3 s; peak memory 351 MiB.
2026-10-09T17:57:16Z INFO [485/1000] 475bb3b1-5060-4d00-8cb4-6024875d8ad6: 119 arrays, 67.3 MB stored; 2.8 s; peak memory 351 MiB.
2026-10-09T17:57:17Z INFO [486/1000] 475e2faa-cfef-4f4c-81c8-9eb4fc12036c: 77 arrays, 0.0 MB stored; 1.6 s; peak memory 351 MiB.
2026-10-09T17:57:18Z INFO [487/1000] 475c9bec-6839-4d60-8c3b-877e57340743: 144 arrays, 7.2 MB stored; 3.3 s; peak memory 351 MiB.
2026-10-09T17:57:18Z INFO [488/1000] 475f6921-1ae9-48d2-ab9f-445b3c5e279f: 48 arrays, 83.9 MB stored; 1.3 s; peak memory 351 MiB.
2026-10-09T17:57:20Z INFO [489/1000] 475fbfe6-0c52-475d-93a6-a8ca28ee00f8: 70 arrays, 23.8 MB stored; 2.0 s; peak memory 351 MiB.
2026-10-09T17:57:21Z INFO [490/1000] 475fc644-9303-4fdd-9ede-8d2c3ccc2c5e: 318 arrays, 2.5 MB stored; 2.9 s; peak memory 351 MiB.
2026-10-09T17:57:21Z INFO [491/1000] 475fe7d7-49ac-41f1-b98d-05bd4d7fe438: 56 arrays, 0.0 MB stored; 1.0 s; peak memory 351 MiB.
2026-10-09T17:57:22Z INFO [492/1000] 47600f2f-7c00-4bde-93c8-6fe8556a6903: 48 arrays, 83.9 MB stored; 1.3 s; peak memory 351 MiB.
2026-10-09T17:57:22Z INFO [493/1000] 475eb702-354a-44f8-bc4d-ddbcaa887aa1: 54 arrays, 610.9 MB stored; 6.1 s; peak memory 351 MiB.
2026-10-09T17:57:24Z INFO [494/1000] 475d6cce-17ee-45b4-906b-ab243eb28d59: 1053 arrays, 22.7 MB stored; 9.3 s; peak memory 351 MiB.
2026-10-09T17:57:26Z INFO [495/1000] 47613990-32db-4fe4-93a0-ae802a47cd4e: 117 arrays, 0.6 MB stored; 1.7 s; peak memory 351 MiB.
2026-10-09T17:57:27Z INFO [496/1000] 4761e048-42d3-4d43-ba30-3e876b85ad6a: 48 arrays, 83.9 MB stored; 1.3 s; peak memory 351 MiB.
2026-10-09T17:57:27Z INFO [497/1000] 4761054d-2a7a-465c-810d-231d38124922: 515 arrays, 7.5 MB stored; 4.7 s; peak memory 351 MiB.
2026-10-09T17:57:28Z INFO [498/1000] 4760bb06-c5c2-48a7-9ac5-60c7b4a235a5: 56 arrays, 110.3 MB stored; 6.2 s; peak memory 351 MiB.
2026-10-09T17:57:29Z INFO [499/1000] 4761fab4-5423-405c-8424-b239f922a386: 48 arrays, 83.9 MB stored; 1.5 s; peak memory 351 MiB.
2026-10-09T17:57:30Z INFO [500/1000] 4764eb6f-7f49-4520-b7cd-791137db1b29: 121 arrays, 0.1 MB stored; 1.2 s; peak memory 351 MiB.
2026-10-09T17:57:30Z INFO [501/1000] 476388be-108c-455f-9f1e-5e96b6a1362b: 116 arrays, 0.4 MB stored; 1.7 s; peak memory 351 MiB.
2026-10-09T17:57:32Z INFO [502/1000] 47650194-d57e-406e-9b36-9a62e7b68a3e: 48 arrays, 83.9 MB stored; 1.7 s; peak memory 351 MiB.
2026-10-09T17:57:32Z INFO [503/1000] 47653e00-6e3c-45f3-94cb-78724beb42b4: 48 arrays, 83.9 MB stored; 1.3 s; peak memory 351 MiB.
2026-10-09T17:57:33Z INFO [504/1000] 4765735c-4f6b-47cf-aa4b-1fdbc9ca5830: 112 arrays, 0.5 MB stored; 1.6 s; peak memory 351 MiB.
2026-10-09T17:57:34Z INFO [505/1000] 4760960f-deb4-4d5f-a2c6-ea3eb1f4cd6b: 655 arrays, 350.2 MB stored; 12.6 s; peak memory 351 MiB.
2026-10-09T17:57:35Z INFO [506/1000] 4765ac65-75cd-40f8-92cd-2b43f4109b4f: 48 arrays, 83.9 MB stored; 1.3 s; peak memory 351 MiB.
2026-10-09T17:57:35Z INFO [507/1000] 476541ff-335b-4e68-83a4-67e922a6cc68: 427 arrays, 4.8 MB stored; 3.7 s; peak memory 351 MiB.
2026-10-09T17:57:36Z INFO [508/1000] 47666158-f8b7-44af-8c54-521a89812de5: 121 arrays, 0.1 MB stored; 1.2 s; peak memory 351 MiB.
2026-10-09T17:57:36Z INFO [509/1000] 4766663b-eb49-41ae-9107-deb7d96ddf50: 48 arrays, 83.9 MB stored; 1.2 s; peak memory 351 MiB.
2026-10-09T17:57:37Z INFO [510/1000] 47676745-fa89-4743-b9d5-6d750a0dd159: 48 arrays, 83.9 MB stored; 1.3 s; peak memory 351 MiB.
2026-10-09T17:57:38Z INFO [511/1000] 4767c417-8d9c-4302-bce1-463b6c0d2624: 48 arrays, 83.9 MB stored; 1.4 s; peak memory 351 MiB.
2026-10-09T17:57:38Z INFO [512/1000] 47682013-eb72-4c73-bd0f-a57cfbaa49ce: 46 arrays, 0.0 MB stored; 1.1 s; peak memory 351 MiB.
2026-10-09T17:57:39Z INFO [513/1000] 47688694-a0d4-4ada-9df8-5308f8d32dac: 48 arrays, 83.9 MB stored; 1.3 s; peak memory 351 MiB.
2026-10-09T17:57:41Z INFO [514/1000] 476899c7-cfe2-4683-a80a-1909e2e51e61: 71 arrays, 165.2 MB stored; 2.5 s; peak memory 351 MiB.
2026-10-09T17:57:42Z INFO [515/1000] 4765833a-08a0-485c-bd5b-3eda26cfa11f: 700 arrays, 37.1 MB stored; 8.8 s; peak memory 351 MiB.
2026-10-09T17:57:42Z INFO [516/1000] 47698cbc-91be-40a4-915c-47d44bd4f0bb: 50 arrays, 4.4 MB stored; 1.2 s; peak memory 351 MiB.
2026-10-09T17:57:42Z INFO [517/1000] 476914a6-3200-42a9-8434-1655146ae35c: 38 arrays, 57.8 MB stored; 3.0 s; peak memory 351 MiB.
2026-10-09T17:57:44Z INFO [518/1000] 476a2a04-fef4-4a60-9b4a-de1aa13c7e84: 92 arrays, 0.3 MB stored; 1.6 s; peak memory 351 MiB.
2026-10-09T17:57:44Z INFO [519/1000] 476ac601-2a97-4b20-aed6-683183370580: 48 arrays, 198.8 MB stored; 2.1 s; peak memory 351 MiB.
2026-10-09T17:57:45Z INFO [520/1000] 476b28bf-8204-4ae0-89eb-c7bf0b550da8: 46 arrays, 0.0 MB stored; 1.2 s; peak memory 351 MiB.
2026-10-09T17:57:46Z INFO [521/1000] 476b75ef-9331-410e-a56d-8bb294aaf4b3: 116 arrays, 0.2 MB stored; 1.3 s; peak memory 351 MiB.
2026-10-09T17:57:46Z INFO [522/1000] 476b92b0-5433-46b6-a067-39aae4be126c: 39 arrays, 786.4 MB stored; 1.4 s; peak memory 351 MiB.
2026-10-09T17:57:47Z INFO [523/1000] 476bacf6-7d24-44c7-9f28-3884bd585789: 66 arrays, 126.6 MB stored; 1.6 s; peak memory 351 MiB.
2026-10-09T17:57:47Z INFO [524/1000] 4769f081-db89-4f24-8ae6-e750de6646a4: 550 arrays, 8.3 MB stored; 5.5 s; peak memory 351 MiB.
2026-10-09T17:57:48Z INFO [525/1000] 476be086-e9c5-4075-bb64-e4f9626ec2dc: 117 arrays, 0.2 MB stored; 1.3 s; peak memory 351 MiB.
2026-10-09T17:57:49Z INFO [526/1000] 476c47be-4535-4a86-bc0e-2bce02acb411: 116 arrays, 0.4 MB stored; 1.5 s; peak memory 351 MiB.
2026-10-09T17:57:49Z INFO [527/1000] 476c2720-39f2-4ad2-b718-6a4465c7970f: 101 arrays, 14.6 MB stored; 1.9 s; peak memory 351 MiB.
2026-10-09T17:57:50Z INFO [528/1000] 476c8980-18a2-4ae9-96e5-19056bceae66: 42 arrays, 31.3 MB stored; 1.4 s; peak memory 351 MiB.
2026-10-09T17:57:51Z INFO [529/1000] 47634d24-5e4d-4fa7-a458-ec56f813219f: 10799 arrays, 186.6 MB stored; 23.6 s; peak memory 351 MiB.
2026-10-09T17:57:51Z INFO [530/1000] 476d31fd-446c-47f0-81d6-f0cbd4eb7d5e: 64 arrays, 43.1 MB stored; 1.8 s; peak memory 351 MiB.
2026-10-09T17:57:52Z INFO [531/1000] 476dcfc8-2034-4e77-a0f6-ed209b75583e: 46 arrays, 0.0 MB stored; 1.1 s; peak memory 351 MiB.
2026-10-09T17:57:53Z INFO [532/1000] 476c12c4-c3ec-4fc6-81ea-5c04290fb417: 200 arrays, 263.2 MB stored; 5.3 s; peak memory 351 MiB.
2026-10-09T17:57:53Z INFO [533/1000] 476e2a76-ce28-4e84-8afa-49ec9237804f: 71 arrays, 126.0 MB stored; 2.4 s; peak memory 351 MiB.
2026-10-09T17:57:54Z INFO [534/1000] 476fcd9d-80cb-4238-9de8-b141666efeee: 112 arrays, 0.1 MB stored; 1.4 s; peak memory 351 MiB.
2026-10-09T17:57:55Z INFO [535/1000] 477163da-9d5e-4797-81a7-f3008e63d125: 117 arrays, 0.2 MB stored; 1.5 s; peak memory 351 MiB.
2026-10-09T17:57:56Z INFO [536/1000] 477104d3-30e1-4a7b-a44c-b47c1d719cda: 80 arrays, 740.8 MB stored; 3.0 s; peak memory 351 MiB.
2026-10-09T17:57:58Z INFO [537/1000] 476f7942-30a1-46a3-9c65-914ae32e882e: 56 arrays, 137.2 MB stored; 6.5 s; peak memory 351 MiB.
2026-10-09T17:57:58Z INFO [538/1000] 4772169c-e689-4fd9-a1c2-a6cfe37b126b: 155 arrays, 1.0 MB stored; 2.2 s; peak memory 351 MiB.
2026-10-09T17:57:59Z INFO [539/1000] 47718fda-7e9d-49ce-871a-e0bcc24dbdbc: 85 arrays, 923.4 MB stored; 3.2 s; peak memory 351 MiB.
2026-10-09T17:57:59Z INFO [540/1000] 47728718-0d15-410e-a1f5-706a3d1e8c79: 117 arrays, 0.2 MB stored; 1.4 s; peak memory 351 MiB.
2026-10-09T17:58:00Z INFO [541/1000] 4772d0a7-9391-4ab3-9cfd-804e04f32527: 48 arrays, 83.9 MB stored; 1.6 s; peak memory 351 MiB.
2026-10-09T17:58:00Z INFO [542/1000] 47744e66-1d9d-48a4-a173-0d32787abcb3: 48 arrays, 83.9 MB stored; 1.4 s; peak memory 351 MiB.
2026-10-09T17:58:02Z INFO [543/1000] 4772c270-d60a-4a60-8677-65e6c78b9c5d: 339 arrays, 3.3 MB stored; 3.3 s; peak memory 351 MiB.
2026-10-09T17:58:02Z INFO [544/1000] 4774a885-8bf9-4268-bc60-b2e2d7b6e7a8: 112 arrays, 0.6 MB stored; 1.7 s; peak memory 351 MiB.
2026-10-09T17:58:03Z INFO [545/1000] 477499e4-dc59-45a4-8b20-de72e47711bd: 119 arrays, 58.0 MB stored; 2.5 s; peak memory 351 MiB.
2026-10-09T17:58:03Z INFO [546/1000] 4774d8b3-b07f-484a-b6f1-3532c7a14645: 112 arrays, 0.3 MB stored; 1.4 s; peak memory 351 MiB.
2026-10-09T17:58:04Z INFO [547/1000] 47761f0a-3488-4182-b2a9-1b5580346b11: 112 arrays, 0.9 MB stored; 1.7 s; peak memory 351 MiB.
2026-10-09T17:58:04Z INFO [548/1000] 477701e2-dee8-4f80-9a2e-bf6f646e9692: 117 arrays, 0.4 MB stored; 1.4 s; peak memory 351 MiB.
2026-10-09T17:58:05Z INFO [549/1000] 47780e2c-be88-4a77-a0bb-73692b069c91: 48 arrays, 83.9 MB stored; 1.3 s; peak memory 351 MiB.
2026-10-09T17:58:06Z INFO [550/1000] 477901b2-ec27-45dc-bfdd-70fe3f94adba: 69 arrays, 2.2 MB stored; 1.7 s; peak memory 351 MiB.
2026-10-09T17:58:07Z INFO [551/1000] 477906ba-e1d5-4408-8539-5ca12c0bbb02: 112 arrays, 0.5 MB stored; 1.6 s; peak memory 351 MiB.
2026-10-09T17:58:07Z INFO [552/1000] 477968a4-d4a6-4640-9075-a7516190b53a: 48 arrays, 83.9 MB stored; 1.2 s; peak memory 351 MiB.
2026-10-09T17:58:08Z INFO [553/1000] 4779c813-fae3-411c-8e3a-fd087f88ce72: 112 arrays, 0.7 MB stored; 1.6 s; peak memory 351 MiB.
2026-10-09T17:58:09Z INFO [554/1000] 4779da63-36b5-4d98-805e-de690d2809cd: 69 arrays, 50.1 MB stored; 1.7 s; peak memory 351 MiB.
2026-10-09T17:58:10Z INFO [555/1000] 477b7cc4-e847-4c61-9c0c-f98cfabedf50: 66 arrays, 75.5 MB stored; 2.2 s; peak memory 351 MiB.
2026-10-09T17:58:12Z INFO [556/1000] 477ca414-6ea7-4f8d-aa98-27d094caa359: 48 arrays, 83.9 MB stored; 1.3 s; peak memory 351 MiB.
2026-10-09T17:58:15Z INFO [557/1000] 477cceeb-b564-4ae9-9fef-d73e79aca8be: 41 arrays, 473.5 MB stored; 2.7 s; peak memory 351 MiB.
2026-10-09T17:58:16Z INFO [558/1000] 476f9e1b-6e2a-43c3-a8ca-97e214fd530a: 48 arrays, 41728.4 MB stored; 24.6 s; peak memory 351 MiB.
2026-10-09T17:58:16Z INFO [559/1000] 477da6dd-4919-4ecd-ba00-fe677817e388: 52 arrays, 627.1 MB stored; 1.7 s; peak memory 351 MiB.
2026-10-09T17:58:20Z INFO [560/1000] 477db5dc-043b-41a6-8784-3e0021cb03ac: 327 arrays, 9.9 MB stored; 4.0 s; peak memory 351 MiB.
2026-10-09T17:58:22Z INFO [561/1000] 477e2f65-296e-4b4c-95e4-e82a30e14c42: 115 arrays, 0.5 MB stored; 1.5 s; peak memory 351 MiB.
2026-10-09T17:58:23Z INFO [562/1000] 477e6009-64f1-4d22-b756-cb5fd4f6739a: 41 arrays, 8.4 MB stored; 1.2 s; peak memory 351 MiB.
2026-10-09T17:58:23Z INFO [563/1000] 477bb390-535c-43a0-84b1-e2db92b74f53: 1242 arrays, 43.4 MB stored; 14.3 s; peak memory 351 MiB.
2026-10-09T17:58:24Z INFO [564/1000] 477e8635-5986-4ec7-82c3-a1e6eb6e6076: 117 arrays, 0.2 MB stored; 1.3 s; peak memory 351 MiB.
2026-10-09T17:58:25Z INFO [565/1000] 477ef3c5-8548-4f37-a468-0556f7d28246: 66 arrays, 103.1 MB stored; 1.9 s; peak memory 351 MiB.
2026-10-09T17:58:26Z INFO [566/1000] 477f1f55-5c74-4849-ab61-7f65c616261e: 48 arrays, 83.9 MB stored; 1.3 s; peak memory 351 MiB.
2026-10-09T17:58:27Z INFO [567/1000] 47766140-595d-46c4-883c-f12ee1e3c42c: 48 arrays, 37126.6 MB stored; 23.8 s; peak memory 351 MiB.
2026-10-09T17:58:27Z INFO [568/1000] 477df2ce-aa34-4775-8a4d-9e42a88f2b7d: 904 arrays, 22.8 MB stored; 10.7 s; peak memory 351 MiB.
2026-10-09T17:58:28Z INFO [569/1000] 477fbe10-41b6-484b-a759-ad0ad193c40d: 48 arrays, 83.9 MB stored; 1.5 s; peak memory 351 MiB.
2026-10-09T17:58:28Z INFO [570/1000] 478050f6-856b-49b5-9a66-777a4789c658: 49 arrays, 19.0 MB stored; 1.6 s; peak memory 351 MiB.
2026-10-09T17:58:29Z INFO [571/1000] 47807777-deb3-46a7-a918-89a2a743c750: 48 arrays, 83.9 MB stored; 1.4 s; peak memory 351 MiB.
2026-10-09T17:58:30Z INFO [572/1000] 4780921b-cde3-4020-9347-5aea1e0b093b: 118 arrays, 0.2 MB stored; 1.5 s; peak memory 351 MiB.
2026-10-09T17:58:31Z INFO [573/1000] 477faa3a-3e54-4e22-9ade-2e3e433d32b7: 200 arrays, 330.4 MB stored; 5.3 s; peak memory 351 MiB.
2026-10-09T17:58:31Z INFO [574/1000] 4780ab01-449a-4ec4-a56c-7f38310f7691: 112 arrays, 0.7 MB stored; 1.5 s; peak memory 351 MiB.
2026-10-09T17:58:31Z INFO [575/1000] 4780d460-d348-4d76-9d5b-43cfaa657a0e: 46 arrays, 0.0 MB stored; 1.1 s; peak memory 351 MiB.
2026-10-09T17:58:33Z INFO [576/1000] 4781e0ed-1038-403f-83b2-5928aa55fad3: 48 arrays, 83.9 MB stored; 1.4 s; peak memory 351 MiB.
2026-10-09T17:58:33Z INFO [577/1000] 4781c0d9-7b50-4138-a750-3cef764a738e: 47 arrays, 43.1 MB stored; 1.9 s; peak memory 351 MiB.
2026-10-09T17:58:34Z INFO [578/1000] 47820b8a-c7f5-4402-878a-a0656298ed9f: 117 arrays, 0.2 MB stored; 1.4 s; peak memory 351 MiB.
2026-10-09T17:58:34Z INFO [579/1000] 47816ac0-012b-4c3a-a55d-df55b5bbee7d: 85 arrays, 815.3 MB stored; 3.3 s; peak memory 351 MiB.
2026-10-09T17:58:35Z INFO [580/1000] 47823cd6-79d1-4f05-926d-c3b35565f500: 64 arrays, 8.2 MB stored; 1.8 s; peak memory 351 MiB.
2026-10-09T17:58:37Z INFO [581/1000] 477f905b-4db5-4e68-bd65-3a205ea38d22: 446 arrays, 4042.8 MB stored; 11.2 s; peak memory 351 MiB.
2026-10-09T17:58:37Z INFO [582/1000] 4782636d-3025-4293-8275-05a0bb10236b: 38 arrays, 25.3 MB stored; 2.2 s; peak memory 351 MiB.
2026-10-09T17:58:38Z INFO [583/1000] 47829ab4-491e-4d52-b9ee-492f2691b9d4: 48 arrays, 251.7 MB stored; 1.4 s; peak memory 351 MiB.
2026-10-09T17:58:38Z INFO [584/1000] 4782bbd0-5338-4038-bc62-3d69c3c5a107: 112 arrays, 0.6 MB stored; 1.5 s; peak memory 351 MiB.
2026-10-09T17:58:40Z INFO [585/1000] 47826343-355c-435d-9e16-925d4339cce0: 229 arrays, 439.9 MB stored; 5.5 s; peak memory 351 MiB.
2026-10-09T17:58:40Z INFO [586/1000] 4782e909-3709-4914-870a-d0d19dd90cd0: 117 arrays, 0.4 MB stored; 1.7 s; peak memory 351 MiB.
2026-10-09T17:58:41Z INFO [587/1000] 47832ea9-5b96-4713-aab2-80305f613da5: 112 arrays, 0.3 MB stored; 1.5 s; peak memory 351 MiB.
2026-10-09T17:58:47Z INFO [588/1000] 47832e20-0163-45f4-aef2-da3ab99c47e7: 67 arrays, 8616.9 MB stored; 6.9 s; peak memory 351 MiB.
2026-10-09T17:58:47Z INFO [589/1000] 4782ec13-4388-425f-a4b5-aaf34a245909: 106 arrays, 13333.9 MB stored; 8.6 s; peak memory 351 MiB.
2026-10-09T17:58:47Z INFO [590/1000] 4782617c-e1cd-40f4-afb6-a0962c0048d0: 432 arrays, 516.9 MB stored; 13.0 s; peak memory 351 MiB.
2026-10-09T17:58:48Z INFO [591/1000] 4783c4e5-c669-41fc-87e7-1358bae9b1ed: 116 arrays, 0.4 MB stored; 1.6 s; peak memory 351 MiB.
2026-10-09T17:58:48Z INFO [592/1000] 47842fd4-fa88-4f14-96dd-eb7ec8b1345f: 117 arrays, 0.4 MB stored; 1.5 s; peak memory 351 MiB.
2026-10-09T17:58:49Z INFO [593/1000] 478455ce-f6b1-4cc8-95ae-1ee0e298ddde: 117 arrays, 0.3 MB stored; 1.5 s; peak memory 351 MiB.
2026-10-09T17:58:49Z INFO [594/1000] 47839011-177c-43d8-984c-398d1ac8b958: 648 arrays, 20.4 MB stored; 8.2 s; peak memory 351 MiB.
2026-10-09T17:58:49Z INFO [595/1000] 47847628-8357-4e1b-bf72-011fe64ea404: 48 arrays, 83.9 MB stored; 1.2 s; peak memory 351 MiB.
2026-10-09T17:58:50Z INFO [596/1000] 4785dda7-7dcf-433d-b2b1-265c6b4aa3bf: 46 arrays, 0.3 MB stored; 1.3 s; peak memory 351 MiB.
2026-10-09T17:58:51Z INFO [597/1000] 47868605-540a-47e1-969f-cad4eab69bde: 112 arrays, 0.8 MB stored; 1.8 s; peak memory 351 MiB.
2026-10-09T17:58:51Z INFO [598/1000] 4786e769-4811-435c-b002-fa114f12d833: 46 arrays, 12.6 MB stored; 1.3 s; peak memory 351 MiB.
2026-10-09T17:58:52Z INFO [599/1000] 4786b90c-26bd-45eb-b92f-24f4d320a06e: 57 arrays, 930.3 MB stored; 2.2 s; peak memory 351 MiB.
2026-10-09T17:58:53Z INFO [600/1000] 47875965-7be4-4564-9374-9e59ccf17c2f: 118 arrays, 0.6 MB stored; 1.6 s; peak memory 351 MiB.
2026-10-09T17:58:54Z INFO [600/1000] 47875965-7be4-4564-9374-9e59ccf17c2f: checkpointed 600 new records.
2026-10-09T17:58:54Z INFO [601/1000] 4787d8f7-147b-4b88-9c62-0130a07d0943: 110 arrays, 0.4 MB stored; 1.6 s; peak memory 351 MiB.
2026-10-09T17:58:54Z INFO [602/1000] 478a23b0-b0cb-4e89-b19f-d78a7fd45438: 51 arrays, 2693.9 MB stored; 1.4 s; peak memory 351 MiB.
2026-10-09T17:58:55Z INFO [603/1000] 478ac6bb-499c-4110-a11c-06b4212a3e2f: 117 arrays, 0.5 MB stored; 1.9 s; peak memory 351 MiB.
2026-10-09T17:59:02Z INFO [604/1000] 478847ba-9f28-4ce4-88f8-f6dec14626cf: 1093 arrays, 47.6 MB stored; 10.5 s; peak memory 351 MiB.
2026-10-09T17:59:03Z INFO [605/1000] 47867cf0-74c8-4f25-93b0-18321d73e53e: 428 arrays, 1586.9 MB stored; 14.6 s; peak memory 351 MiB.
2026-10-09T17:59:04Z INFO [606/1000] 478bbe73-d73c-4637-822c-40fb8c33ed79: 71 arrays, 2.2 MB stored; 1.6 s; peak memory 351 MiB.
2026-10-09T17:59:04Z INFO [607/1000] 478b00f4-643c-4a0d-a468-e6298e3ae36f: 6065 arrays, 63.3 MB stored; 10.1 s; peak memory 351 MiB.
2026-10-09T17:59:04Z INFO [608/1000] 478c14ea-fe9c-44b6-94f6-d19ac42488ea: 48 arrays, 83.9 MB stored; 1.3 s; peak memory 351 MiB.
2026-10-09T17:59:06Z INFO [609/1000] 478b2393-8e21-405c-975f-dad7f08fdb09: 1191 arrays, 30.5 MB stored; 11.0 s; peak memory 351 MiB.
2026-10-09T17:59:06Z INFO [610/1000] 478ca21c-c030-4365-a7bc-181d5fe95e01: 117 arrays, 0.5 MB stored; 1.5 s; peak memory 351 MiB.
2026-10-09T17:59:06Z INFO [611/1000] 478cb842-461b-4437-a2ca-1a738db450a0: 71 arrays, 65.3 MB stored; 2.1 s; peak memory 351 MiB.
2026-10-09T17:59:07Z INFO [612/1000] 478cb902-7692-4765-97c4-53bde4b6ac4a: 118 arrays, 0.3 MB stored; 1.6 s; peak memory 351 MiB.
2026-10-09T17:59:08Z INFO [613/1000] 478c8129-89e0-4c1d-932a-a8911f0a80a0: 229 arrays, 232.9 MB stored; 4.4 s; peak memory 351 MiB.
2026-10-09T17:59:09Z INFO [614/1000] 478d6eb4-732a-4bd7-915f-84db2ed9b3db: 118 arrays, 0.4 MB stored; 1.4 s; peak memory 351 MiB.
2026-10-09T17:59:09Z INFO [615/1000] 478d01f7-ab1e-4d8c-96b8-421ebab41a9b: 115 arrays, 190.1 MB stored; 2.7 s; peak memory 351 MiB.
2026-10-09T17:59:10Z INFO [616/1000] 478da626-2762-4fed-a56d-70a988ba8781: 112 arrays, 0.8 MB stored; 1.6 s; peak memory 351 MiB.
2026-10-09T17:59:11Z INFO [617/1000] 478dbf8b-dc75-4555-956c-0849ee01fc37: 48 arrays, 83.9 MB stored; 1.4 s; peak memory 351 MiB.
2026-10-09T17:59:12Z INFO [618/1000] 478e427e-6125-4f91-9c18-28262cc2f5cf: 41 arrays, 4.8 MB stored; 1.3 s; peak memory 351 MiB.
2026-10-09T17:59:12Z INFO [619/1000] 478e56d8-bb8f-43a0-a322-a5c1a9a4ff9d: 48 arrays, 83.9 MB stored; 1.3 s; peak memory 351 MiB.
2026-10-09T17:59:13Z INFO [620/1000] 478fadc5-32b3-478a-899e-d1e5ac5ec110: 48 arrays, 83.9 MB stored; 1.3 s; peak memory 351 MiB.
2026-10-09T17:59:14Z INFO [621/1000] 478da05e-5686-42bf-9318-e665e12623d6: 225 arrays, 1362.5 MB stored; 5.4 s; peak memory 351 MiB.
2026-10-09T17:59:15Z INFO [622/1000] 478cca4a-8dff-4716-b56a-f054e59c6871: 4645 arrays, 19.5 MB stored; 8.9 s; peak memory 351 MiB.
2026-10-09T17:59:15Z INFO [623/1000] 478fc615-2c16-4373-a16c-1b663b33e418: 153 arrays, 3.3 MB stored; 2.9 s; peak memory 351 MiB.
2026-10-09T17:59:15Z INFO [624/1000] 47915263-3970-4b2d-9be3-21e1b9a6e553: 117 arrays, 0.3 MB stored; 1.4 s; peak memory 351 MiB.
2026-10-09T17:59:15Z INFO [625/1000] 47910126-1bfe-474a-88f6-8b789f5b1685: 74 arrays, 46.5 MB stored; 2.1 s; peak memory 351 MiB.
2026-10-09T17:59:16Z INFO [626/1000] 4791c2de-f207-4ea6-9aac-27fadd4a9906: 48 arrays, 83.9 MB stored; 1.5 s; peak memory 351 MiB.
2026-10-09T17:59:16Z INFO [627/1000] 479275ac-f657-49b4-996c-a486379805ff: 48 arrays, 83.9 MB stored; 1.4 s; peak memory 351 MiB.
2026-10-09T17:59:17Z INFO [628/1000] 474c73e3-04a4-43c0-a8da-64e60fad9f29: 394 arrays, 22274.6 MB stored; 144.6 s; peak memory 351 MiB.
2026-10-09T17:59:17Z INFO [629/1000] 4791584f-909c-4558-8825-3bac38773d83: 117 arrays, 0.6 MB stored; 2.1 s; peak memory 351 MiB.
2026-10-09T17:59:18Z INFO [630/1000] 47927966-e169-4cfb-b3bf-1d6d73ac71a2: 67 arrays, 37.7 MB stored; 1.8 s; peak memory 351 MiB.
2026-10-09T17:59:18Z INFO [631/1000] 47930f8a-d913-4eee-8738-dd3b8f3bc609: 48 arrays, 83.9 MB stored; 1.2 s; peak memory 351 MiB.
2026-10-09T17:59:18Z INFO [632/1000] 4792a2fa-bb71-4f45-b53a-1f4da96d9639: 84 arrays, 0.2 MB stored; 1.5 s; peak memory 351 MiB.
2026-10-09T17:59:19Z INFO [633/1000] 479349f6-0e8c-4165-b178-444f928d1d06: 78 arrays, 270.6 MB stored; 2.0 s; peak memory 351 MiB.
2026-10-09T17:59:20Z INFO [634/1000] 4793bcc7-fbe1-4339-8c74-683d43fc5a77: 112 arrays, 0.4 MB stored; 1.7 s; peak memory 351 MiB.
2026-10-09T17:59:20Z INFO [635/1000] 4794c8ab-9fd2-455d-ac27-dc3d82b4e5b4: 48 arrays, 83.9 MB stored; 1.5 s; peak memory 351 MiB.
2026-10-09T17:59:20Z INFO [636/1000] 47925bd8-0688-4167-aa4a-1abe1e6ed99d: 223 arrays, 274.9 MB stored; 5.2 s; peak memory 351 MiB.
2026-10-09T17:59:21Z INFO [637/1000] 4795798c-d57d-45d9-9f49-c9a93c6dcaee: 57 arrays, 0.0 MB stored; 1.1 s; peak memory 351 MiB.
2026-10-09T17:59:22Z INFO [638/1000] 4795c6ca-3a7a-4930-b275-d9682510dddb: 48 arrays, 83.9 MB stored; 1.3 s; peak memory 351 MiB.
2026-10-09T17:59:22Z INFO [639/1000] 4795917e-3245-4eba-9dfe-2d37df22cbe4: 117 arrays, 0.4 MB stored; 1.6 s; peak memory 351 MiB.
2026-10-09T17:59:22Z INFO [640/1000] 4795d7f9-3940-41ed-92a0-8eae817305db: 38 arrays, 0.5 MB stored; 1.1 s; peak memory 351 MiB.
2026-10-09T17:59:28Z INFO [641/1000] 47938a87-9d79-4ef3-9314-e1a73221e72e: 2459 arrays, 30.1 MB stored; 9.8 s; peak memory 351 MiB.
2026-10-09T17:59:29Z INFO [642/1000] 4797e6ed-d20d-48de-a9a4-dcba59faf246: 56 arrays, 0.0 MB stored; 1.1 s; peak memory 351 MiB.
2026-10-09T17:59:29Z INFO [643/1000] 4793d94a-1a48-47f8-a4f7-0ca82e9d1f13: 3019 arrays, 25.5 MB stored; 11.2 s; peak memory 351 MiB.
2026-10-09T17:59:30Z INFO [644/1000] 47964522-2190-4fb5-9bde-7f6a8613839d: 1002 arrays, 24.4 MB stored; 8.0 s; peak memory 351 MiB.
2026-10-09T17:59:30Z INFO [645/1000] 47981312-51a2-43b0-99f6-74f37c221b99: 48 arrays, 83.9 MB stored; 1.3 s; peak memory 351 MiB.
2026-10-09T17:59:31Z INFO [646/1000] 4798ca80-e75f-4713-94fe-bc1a006e1392: 71 arrays, 39.9 MB stored; 1.8 s; peak memory 351 MiB.
2026-10-09T17:59:32Z INFO [647/1000] 4799a9a9-bed4-4502-bd29-941a23129df8: 66 arrays, 27.6 MB stored; 1.7 s; peak memory 351 MiB.
2026-10-09T17:59:33Z INFO [648/1000] 4799dc20-30ba-495b-9b04-08cb8b2d2a43: 62 arrays, 2962.3 MB stored; 1.6 s; peak memory 351 MiB.
2026-10-09T17:59:34Z INFO [649/1000] 479a5d97-a315-4026-941b-52dd3a08a0a9: 71 arrays, 38.2 MB stored; 2.1 s; peak memory 351 MiB.
2026-10-09T17:59:35Z INFO [650/1000] 479b4700-c9c7-4db5-ae71-79ab00eb7365: 48 arrays, 83.9 MB stored; 1.3 s; peak memory 351 MiB.
2026-10-09T17:59:37Z INFO [651/1000] 47993cdd-2185-47bc-af5a-7e9ed71425a0: 779 arrays, 31.9 MB stored; 7.0 s; peak memory 351 MiB.
2026-10-09T17:59:38Z INFO [652/1000] 4796d33e-884d-4fa4-9b9e-dcf4eea33038: 2122 arrays, 59.9 MB stored; 15.9 s; peak memory 351 MiB.
2026-10-09T17:59:38Z INFO [653/1000] 479c2b47-9a69-4ddf-9f53-499ca4cee097: 38 arrays, 0.5 MB stored; 1.3 s; peak memory 351 MiB.
2026-10-09T17:59:39Z INFO [654/1000] 479e2401-c63c-48c1-a0ef-2b743519f740: 46 arrays, 0.0 MB stored; 1.1 s; peak memory 351 MiB.
2026-10-09T17:59:40Z INFO [655/1000] 479c56f6-cf8d-4014-95e8-fbbb15de547e: 62 arrays, 4046.6 MB stored; 1.9 s; peak memory 351 MiB.
2026-10-09T17:59:40Z INFO [656/1000] 479ec858-6cc7-4e63-a748-2578207d90f2: 48 arrays, 83.9 MB stored; 1.3 s; peak memory 351 MiB.
2026-10-09T17:59:41Z INFO [657/1000] 479c0c3c-b0d6-4867-b1a7-cdda20b0a493: 538 arrays, 8.3 MB stored; 5.5 s; peak memory 351 MiB.
2026-10-09T17:59:41Z INFO [658/1000] 479f24b6-3d89-497b-908b-785a753d17ab: 48 arrays, 83.9 MB stored; 1.4 s; peak memory 351 MiB.
2026-10-09T17:59:42Z INFO [659/1000] 479f51aa-7b80-4d02-93ca-1c7566002c5d: 71 arrays, 40.2 MB stored; 1.8 s; peak memory 351 MiB.
2026-10-09T17:59:42Z INFO [660/1000] 47a02d68-ae22-470b-aece-3d71fb700121: 48 arrays, 83.9 MB stored; 1.3 s; peak memory 351 MiB.
2026-10-09T17:59:43Z INFO [661/1000] 479fe232-716c-4cd7-88b9-237b85bd1e1e: 115 arrays, 190.1 MB stored; 2.5 s; peak memory 351 MiB.
2026-10-09T17:59:44Z INFO [662/1000] 47a04549-b0ca-42d5-a4d6-56199587afc9: 118 arrays, 0.5 MB stored; 1.5 s; peak memory 351 MiB.
2026-10-09T17:59:45Z INFO [663/1000] 47a0a636-fd71-4ff7-91f5-0e44e6c3b398: 46 arrays, 0.2 MB stored; 1.2 s; peak memory 351 MiB.
2026-10-09T17:59:47Z INFO [664/1000] 47a08c71-455c-4663-8c96-1da4103e3085: 156 arrays, 193.6 MB stored; 3.4 s; peak memory 351 MiB.
2026-10-09T17:59:48Z INFO [665/1000] 47a10415-1af3-46cd-b6e6-40e06531bc31: 131 arrays, 0.7 MB stored; 1.9 s; peak memory 351 MiB.
2026-10-09T17:59:49Z INFO [666/1000] 47a084a3-7e6f-4c33-8b9e-2d7692cdb6fa: 1000 arrays, 21.3 MB stored; 7.1 s; peak memory 351 MiB.
2026-10-09T17:59:51Z INFO [667/1000] 47a1530d-e7ef-403c-8230-7a02966dea8f: 115 arrays, 190.2 MB stored; 2.8 s; peak memory 351 MiB.
2026-10-09T18:00:16Z INFO [668/1000] 47a298cd-dc67-4ae6-b86a-76706b2ce60d: 48 arrays, 34322.0 MB stored; 25.2 s; peak memory 351 MiB.
2026-10-09T18:00:18Z INFO [669/1000] 47a29d17-a98d-4729-b355-23b95ebc1257: 112 arrays, 0.6 MB stored; 1.7 s; peak memory 351 MiB.
2026-10-09T18:00:19Z INFO [670/1000] 479a8816-de69-4f0b-9c61-1c8a9a6fb323: 52 arrays, 2320.2 MB stored; 46.5 s; peak memory 351 MiB.
2026-10-09T18:00:20Z INFO [671/1000] 47a2ee4c-91bc-4df3-8615-e1768b145dce: 66 arrays, 93.7 MB stored; 1.8 s; peak memory 351 MiB.
2026-10-09T18:00:21Z INFO [672/1000] 47a34110-bb1b-4e2a-ae2c-8b11f56b106e: 66 arrays, 130.2 MB stored; 2.0 s; peak memory 351 MiB.
2026-10-09T18:00:22Z INFO [673/1000] 47a3702b-f389-4599-b8cf-ed4aca154f2a: 117 arrays, 0.3 MB stored; 1.6 s; peak memory 351 MiB.
2026-10-09T18:00:22Z INFO [674/1000] 47a3bf6a-36a3-440e-9e03-9b88789250ed: 117 arrays, 0.3 MB stored; 1.3 s; peak memory 351 MiB.
2026-10-09T18:00:24Z INFO [675/1000] 47a4ac38-60e3-473c-962c-80058c8bdc70: 112 arrays, 0.6 MB stored; 1.6 s; peak memory 351 MiB.
2026-10-09T18:00:26Z INFO [676/1000] 47a4cbac-13fe-490f-96c1-43f36043751a: 52 arrays, 10.8 MB stored; 1.5 s; peak memory 351 MiB.
2026-10-09T18:00:26Z INFO [677/1000] 47a44de2-82bc-4478-b5c3-e702db8d1d62: 88 arrays, 4405.8 MB stored; 4.1 s; peak memory 351 MiB.
2026-10-09T18:00:27Z INFO [678/1000] 4797dbab-5573-4320-9391-f44f40ab3383: 87 arrays, 24540.9 MB stored; 64.9 s; peak memory 351 MiB.
2026-10-09T18:00:28Z INFO [679/1000] 47a69d43-e5f1-491b-aca3-ce867cd5aff8: 52 arrays, 13.3 MB stored; 1.3 s; peak memory 351 MiB.
2026-10-09T18:00:28Z INFO [680/1000] 47a52ce9-d829-4933-8d42-ee1aad9de62b: 62 arrays, 50.0 MB stored; 2.6 s; peak memory 351 MiB.
2026-10-09T18:00:29Z INFO [681/1000] 47341d83-6f4a-4528-82df-de87d0ad7f3e: 62 arrays, 26678.7 MB stored; 254.2 s; peak memory 351 MiB.
2026-10-09T18:00:31Z INFO [682/1000] 47a9a74c-d442-44b1-9df9-fe6ba9e607e3: 119 arrays, 66.4 MB stored; 2.4 s; peak memory 351 MiB.
2026-10-09T18:00:32Z INFO [683/1000] 47a803b9-394c-4bb7-a0d5-254ac7989f11: 488 arrays, 3.9 MB stored; 3.9 s; peak memory 351 MiB.
2026-10-09T18:00:32Z INFO [684/1000] 47aaf059-b8f3-4c30-9db3-5541552c265b: 48 arrays, 83.9 MB stored; 1.5 s; peak memory 351 MiB.
2026-10-09T18:00:34Z INFO [685/1000] 47abe723-ff25-4532-a7ad-a3b3d2f9200c: 62 arrays, 2998.8 MB stored; 1.9 s; peak memory 351 MiB.
2026-10-09T18:00:34Z INFO [686/1000] 47ac8716-6f12-47c9-b0fe-ad92e3194825: 78 arrays, 0.1 MB stored; 1.4 s; peak memory 351 MiB.
2026-10-09T18:00:36Z INFO [687/1000] 47ad1a1c-e576-4193-ae26-fc0b87efab4e: 66 arrays, 163.6 MB stored; 2.5 s; peak memory 351 MiB.
2026-10-09T18:00:38Z INFO [688/1000] 47add3da-5456-4b1f-a6ef-9ac6275e81f6: 112 arrays, 0.4 MB stored; 1.5 s; peak memory 351 MiB.
2026-10-09T18:00:40Z INFO [689/1000] 47ae53da-c235-4471-bef8-1b8c6ad8574a: 66 arrays, 84.4 MB stored; 2.0 s; peak memory 351 MiB.
2026-10-09T18:00:41Z INFO [690/1000] 47ae937f-c5a3-4a77-b1d7-a464c68b6f62: 48 arrays, 83.9 MB stored; 1.5 s; peak memory 351 MiB.
2026-10-09T18:00:45Z INFO [691/1000] 47a8e36c-35db-4975-85a7-bef20a27b841: 277 arrays, 965.9 MB stored; 16.7 s; peak memory 351 MiB.
2026-10-09T18:00:45Z INFO [692/1000] 47ae94a4-e19c-431a-a420-a340183a0590: 508 arrays, 5.8 MB stored; 3.8 s; peak memory 351 MiB.
2026-10-09T18:00:47Z INFO [693/1000] 47b10137-773f-4316-9366-41ae26f3f8ed: 112 arrays, 0.6 MB stored; 1.7 s; peak memory 351 MiB.
2026-10-09T18:00:50Z INFO [694/1000] 47ace3d7-3b2f-4495-b9cd-320bf3e1b5e2: 905 arrays, 28.7 MB stored; 16.4 s; peak memory 351 MiB.
2026-10-09T18:00:52Z INFO [695/1000] 47b125c8-c70b-4405-a1cb-82b627d28f72: 117 arrays, 0.5 MB stored; 1.5 s; peak memory 351 MiB.
2026-10-09T18:00:53Z INFO [696/1000] 47b12468-c487-4eb0-8fd9-83f1d2111a47: 1166 arrays, 16.2 MB stored; 6.0 s; peak memory 351 MiB.
2026-10-09T18:00:54Z INFO [697/1000] 47a61540-d739-4980-9476-c30c6b2559b4: 48 arrays, 41721.6 MB stored; 28.1 s; peak memory 351 MiB.
2026-10-09T18:00:54Z INFO [698/1000] 47b190fd-c7a4-44ef-90cd-14a88e4bdef0: 119 arrays, 66.5 MB stored; 2.4 s; peak memory 351 MiB.
2026-10-09T18:00:55Z INFO [699/1000] 47b2cb86-1967-4b91-a9f9-a542909ba624: 168 arrays, 3.2 MB stored; 2.3 s; peak memory 351 MiB.
2026-10-09T18:00:56Z INFO [700/1000] 47b2d4ab-540d-4978-9f67-69d960e5f94b: 112 arrays, 0.6 MB stored; 1.8 s; peak memory 351 MiB.
2026-10-09T18:00:56Z INFO [701/1000] 47b2f993-d4da-4885-a32e-fb3a1cf5dff8: 48 arrays, 83.9 MB stored; 1.5 s; peak memory 351 MiB.
2026-10-09T18:00:57Z INFO [702/1000] 47b3e1d4-447e-48fa-bbdf-6d35842584e5: 43 arrays, 11.6 MB stored; 1.5 s; peak memory 351 MiB.
2026-10-09T18:00:57Z INFO [703/1000] 47b3c2f8-71b9-4234-91f9-b41c643d6d29: 118 arrays, 0.4 MB stored; 1.6 s; peak memory 351 MiB.
2026-10-09T18:00:57Z INFO [704/1000] 47b34df5-04a0-4a41-91ef-cae2bbcb0e10: 66 arrays, 204.0 MB stored; 2.3 s; peak memory 351 MiB.
2026-10-09T18:00:59Z INFO [705/1000] 47b45539-d45b-41dc-b5be-7d9c2958cf37: 49 arrays, 1.1 MB stored; 1.7 s; peak memory 351 MiB.
2026-10-09T18:00:59Z INFO [706/1000] 47b47b93-4984-4392-8033-90cb8153754d: 117 arrays, 0.4 MB stored; 1.6 s; peak memory 351 MiB.
2026-10-09T18:01:00Z INFO [707/1000] 47b4ee33-b8f3-4e71-860f-0d9a0a469296: 48 arrays, 83.9 MB stored; 1.4 s; peak memory 351 MiB.
2026-10-09T18:01:02Z INFO [708/1000] 47b4c7dc-df0e-4e8c-8266-4fc11172fc25: 115 arrays, 190.1 MB stored; 2.8 s; peak memory 351 MiB.
2026-10-09T18:01:02Z INFO [709/1000] 47b6697f-9a80-4fdc-87a7-ec436be2205f: 112 arrays, 0.4 MB stored; 1.5 s; peak memory 351 MiB.
2026-10-09T18:01:03Z INFO [710/1000] 47b6bdd1-8189-4e6d-9c79-a0f2631eabf4: 52 arrays, 10.7 MB stored; 1.4 s; peak memory 351 MiB.
2026-10-09T18:01:03Z INFO [711/1000] 47b6d4b8-c3e1-41bb-8aa0-9189b8b643ce: 117 arrays, 0.3 MB stored; 1.4 s; peak memory 351 MiB.
2026-10-09T18:01:04Z INFO [712/1000] 47b6f952-9630-4546-a124-9d7b9b9777e6: 63 arrays, 0.2 MB stored; 1.2 s; peak memory 351 MiB.
2026-10-09T18:01:06Z INFO [713/1000] 47b71166-a4a2-4b81-b219-73a20bad24ae: 115 arrays, 190.1 MB stored; 2.7 s; peak memory 351 MiB.
2026-10-09T18:01:08Z INFO [714/1000] 47b77172-186c-462e-b4e5-4a3a92ecf3a5: 118 arrays, 0.5 MB stored; 1.5 s; peak memory 351 MiB.
2026-10-09T18:01:09Z INFO [715/1000] 47b7c553-5769-4a4e-baa9-776fb7b8d1e8: 118 arrays, 0.4 MB stored; 1.4 s; peak memory 351 MiB.
2026-10-09T18:01:10Z INFO [716/1000] 47b8064b-0fe3-4bf3-b79a-d65e34396b2a: 48 arrays, 83.9 MB stored; 1.4 s; peak memory 351 MiB.
2026-10-09T18:01:12Z INFO [717/1000] 47b768d6-b7ea-48d5-b404-ab75bf5d16a4: 839 arrays, 27.4 MB stored; 7.4 s; peak memory 351 MiB.
2026-10-09T18:01:13Z INFO [718/1000] 47b8c9f1-6c2e-4090-8bcf-5793523b2b3b: 48 arrays, 83.9 MB stored; 1.3 s; peak memory 351 MiB.
2026-10-09T18:01:15Z INFO [719/1000] 47b8cb3d-816b-4fce-972a-2f6f6ec8eaba: 116 arrays, 0.4 MB stored; 1.4 s; peak memory 351 MiB.
2026-10-09T18:01:15Z INFO [720/1000] 47b8957b-0136-48af-af9b-eab99170da24: 229 arrays, 256.2 MB stored; 4.9 s; peak memory 351 MiB.
2026-10-09T18:01:16Z INFO [721/1000] 47b8d757-8ee1-4aa7-897b-d6cf7b1b8249: 85 arrays, 0.3 MB stored; 1.5 s; peak memory 351 MiB.
2026-10-09T18:01:17Z INFO [722/1000] 47b91afc-a228-4671-bc55-3a0331678606: 112 arrays, 0.7 MB stored; 1.7 s; peak memory 351 MiB.
2026-10-09T18:01:17Z INFO [723/1000] 47b996d6-1a4c-424e-8d22-8f44c5affeeb: 117 arrays, 0.3 MB stored; 1.4 s; peak memory 351 MiB.
2026-10-09T18:01:18Z INFO [724/1000] 47baaf7c-995e-42bf-86fa-2a00720afc55: 48 arrays, 83.9 MB stored; 1.2 s; peak memory 351 MiB.
2026-10-09T18:01:19Z INFO [725/1000] 47baf1e5-f140-4c92-8f18-93f58e8dee9a: 116 arrays, 0.4 MB stored; 1.6 s; peak memory 351 MiB.
2026-10-09T18:01:21Z INFO [726/1000] 47bc4d2d-179f-47d5-a50b-c9a228b19385: 66 arrays, 113.4 MB stored; 1.7 s; peak memory 351 MiB.
2026-10-09T18:01:22Z INFO [727/1000] 47b42088-d4db-4b7a-8ff7-5b0875aaadc4: 48 arrays, 35876.2 MB stored; 24.7 s; peak memory 351 MiB.
2026-10-09T18:01:22Z INFO [728/1000] 47bcc937-3907-42b7-a848-58ea9dec5fdf: 112 arrays, 0.4 MB stored; 1.6 s; peak memory 351 MiB.
2026-10-09T18:01:24Z INFO [729/1000] 47bcf8a9-9c7d-42ee-af1f-af12ffce1035: 62 arrays, 3062.9 MB stored; 1.9 s; peak memory 351 MiB.
2026-10-09T18:01:25Z INFO [730/1000] 47bcf09c-2c6f-40a4-ada7-6d51be951bc1: 224 arrays, 31.8 MB stored; 3.4 s; peak memory 351 MiB.
2026-10-09T18:01:26Z INFO [731/1000] 47bdc6a6-8495-478c-a1bd-688b077b6410: 112 arrays, 0.6 MB stored; 1.8 s; peak memory 351 MiB.
2026-10-09T18:01:26Z INFO [732/1000] 47bb4aeb-bc6a-4bd7-9c18-3df149ba1f97: 719 arrays, 21.6 MB stored; 8.1 s; peak memory 351 MiB.
2026-10-09T18:01:27Z INFO [733/1000] 47be3773-cc67-43b9-ba7f-08aec54997a0: 66 arrays, 94.5 MB stored; 1.8 s; peak memory 351 MiB.
2026-10-09T18:01:28Z INFO [734/1000] 47c017a2-2b05-4c4b-940c-c317b3d780fd: 48 arrays, 83.9 MB stored; 1.3 s; peak memory 351 MiB.
2026-10-09T18:01:28Z INFO [735/1000] 47beaad4-3d51-4404-9c9f-2e11af4e3c05: 57 arrays, 1002.5 MB stored; 2.2 s; peak memory 351 MiB.
2026-10-09T18:01:29Z INFO [736/1000] 47c172c9-a9a6-43c3-a0ee-eb67ee4b3902: 123 arrays, 6.8 MB stored; 2.4 s; peak memory 351 MiB.
2026-10-09T18:01:30Z INFO [737/1000] 47c1e7c1-537e-4348-b92b-ebf2a4d5d3ea: 48 arrays, 83.9 MB stored; 1.3 s; peak memory 351 MiB.
2026-10-09T18:01:31Z INFO [738/1000] 47c19728-6cdf-4c53-afeb-d5d41e2c87ed: 78 arrays, 348.8 MB stored; 2.9 s; peak memory 351 MiB.
2026-10-09T18:01:31Z INFO [739/1000] 47c23e78-2256-4f5e-ae05-5f937575156b: 48 arrays, 83.9 MB stored; 1.4 s; peak memory 351 MiB.
2026-10-09T18:01:31Z INFO [740/1000] 47c3151d-c6dd-4e9f-b615-8abcc84ada22: 118 arrays, 0.4 MB stored; 1.6 s; peak memory 351 MiB.
2026-10-09T18:01:32Z INFO [741/1000] 47c4a96c-5add-4ba7-ae1a-915e6e053d22: 53 arrays, 0.0 MB stored; 1.2 s; peak memory 351 MiB.
2026-10-09T18:01:32Z INFO [742/1000] 47c4a8ee-9ff1-47bb-90a2-1298bea627ec: 64 arrays, 27.4 MB stored; 1.6 s; peak memory 351 MiB.
2026-10-09T18:01:33Z INFO [743/1000] 47c38811-5375-412b-94d8-d2d10cadad74: 46 arrays, 5636.8 MB stored; 2.1 s; peak memory 351 MiB.
2026-10-09T18:01:34Z INFO [744/1000] 47c4f74a-6364-4c1f-a480-5bc4bd43af35: 69 arrays, 53.2 MB stored; 1.9 s; peak memory 351 MiB.
2026-10-09T18:01:35Z INFO [745/1000] 47c5b590-26c6-4de6-ac95-2db6d39171e1: 115 arrays, 190.2 MB stored; 2.4 s; peak memory 351 MiB.
2026-10-09T18:01:36Z INFO [746/1000] 47c64e5b-fdd1-4dee-8aa7-a5db6304748f: 52 arrays, 15.4 MB stored; 1.3 s; peak memory 351 MiB.
2026-10-09T18:01:37Z INFO [747/1000] 47c6b4ca-6dbf-4b2d-9310-fed860b44dcd: 48 arrays, 83.9 MB stored; 1.3 s; peak memory 351 MiB.
2026-10-09T18:01:38Z INFO [748/1000] 47c593f5-189b-4b00-8187-626f4fe7515e: 538 arrays, 8.3 MB stored; 5.6 s; peak memory 351 MiB.
2026-10-09T18:01:38Z INFO [749/1000] 47c6ca4b-2569-4fbd-8df5-6925923b0ebd: 48 arrays, 83.9 MB stored; 1.3 s; peak memory 351 MiB.
2026-10-09T18:01:40Z INFO [750/1000] 47c6f6c9-12ae-4c86-8616-d4fa0c3c347e: 48 arrays, 83.9 MB stored; 1.5 s; peak memory 351 MiB.
2026-10-09T18:01:41Z INFO [751/1000] 47c72154-2da2-4830-ab03-4f97b9dc73e1: 50 arrays, 0.8 MB stored; 1.2 s; peak memory 351 MiB.
2026-10-09T18:01:43Z INFO [752/1000] 47c65368-6b85-4def-a1ae-a66a49d5aa68: 38 arrays, 199.7 MB stored; 7.6 s; peak memory 351 MiB.
2026-10-09T18:01:44Z INFO [753/1000] 47c78f66-9795-4363-ae96-8ff4f1a752a0: 131 arrays, 73334.5 MB stored; 2.6 s; peak memory 351 MiB.
2026-10-09T18:01:44Z INFO [754/1000] 47c87497-1533-4476-81ae-5ea49ce99477: 110 arrays, 0.5 MB stored; 1.7 s; peak memory 351 MiB.
2026-10-09T18:01:45Z INFO [755/1000] 47c6d40f-cf1a-4cc4-976b-e23c5d7637c2: 196 arrays, 880.7 MB stored; 6.6 s; peak memory 351 MiB.
2026-10-09T18:01:45Z INFO [756/1000] 47c88e9c-b270-4f68-982d-18a551cc745f: 42 arrays, 74.2 MB stored; 1.3 s; peak memory 351 MiB.
2026-10-09T18:01:46Z INFO [757/1000] 47c91918-e1cc-4234-974f-68940de0f12c: 119 arrays, 0.1 MB stored; 1.2 s; peak memory 351 MiB.
2026-10-09T18:01:46Z INFO [758/1000] 47c8aa8e-035b-4c88-b294-8da9a1366673: 48 arrays, 83.9 MB stored; 1.5 s; peak memory 351 MiB.
2026-10-09T18:01:46Z INFO [759/1000] 47c99775-5e6b-429f-8010-bf860bfad760: 112 arrays, 0.6 MB stored; 1.6 s; peak memory 351 MiB.
2026-10-09T18:01:47Z INFO [760/1000] 47cb68d5-6ba0-4a8e-be35-fc11c19736ba: 48 arrays, 83.9 MB stored; 1.5 s; peak memory 351 MiB.
2026-10-09T18:01:48Z INFO [761/1000] 47c9e4a0-39ed-4132-9da9-56b572a9c197: 69 arrays, 97.6 MB stored; 2.0 s; peak memory 351 MiB.
2026-10-09T18:01:49Z INFO [762/1000] 47cc1b88-33da-4853-a5dd-1dc5c4346213: 117 arrays, 0.4 MB stored; 1.6 s; peak memory 351 MiB.
2026-10-09T18:01:49Z INFO [763/1000] 47cc93b0-1af5-4c1c-b36f-4a521cf407a4: 46 arrays, 3.2 MB stored; 1.3 s; peak memory 351 MiB.
2026-10-09T18:01:51Z INFO [764/1000] 47cd2a58-00af-4a25-9094-b686693c3a83: 119 arrays, 51.4 MB stored; 2.3 s; peak memory 351 MiB.
2026-10-09T18:01:53Z INFO [765/1000] 47cb9c1c-6073-4e72-b4b5-f6c9118b27e4: 49 arrays, 3671.0 MB stored; 6.7 s; peak memory 351 MiB.
2026-10-09T18:01:53Z INFO [766/1000] 47cd795d-9119-466a-8353-9d53beec6460: 66 arrays, 110.3 MB stored; 1.9 s; peak memory 351 MiB.
2026-10-09T18:01:54Z INFO [767/1000] 47cd7b88-dcc5-4a28-bc86-476ada772dec: 46 arrays, 0.0 MB stored; 1.1 s; peak memory 351 MiB.
2026-10-09T18:01:59Z INFO [768/1000] 47cdf88c-c26d-4f41-ad72-4b496bb6df43: 174 arrays, 56.8 MB stored; 5.1 s; peak memory 351 MiB.
2026-10-09T18:02:00Z INFO [769/1000] 47ccc1ff-cbe1-40a2-8793-c700629ddfab: 3019 arrays, 27.3 MB stored; 10.9 s; peak memory 351 MiB.
2026-10-09T18:02:00Z INFO [770/1000] 47ce2e29-bc3a-40af-9380-477d7ebc77ed: 46 arrays, 0.0 MB stored; 1.0 s; peak memory 351 MiB.
2026-10-09T18:02:02Z INFO [771/1000] 47ceef4b-6b04-4376-bb9f-5e99d5e6490c: 111 arrays, 1.0 MB stored; 1.8 s; peak memory 351 MiB.
2026-10-09T18:02:02Z INFO [772/1000] 47cd9a34-7844-4162-899a-1040c875b42d: 410 arrays, 112.6 MB stored; 8.5 s; peak memory 351 MiB.
2026-10-09T18:02:02Z INFO [773/1000] 47ceeff9-55f0-4fd5-84df-20f1216bf9fc: 66 arrays, 12.8 MB stored; 1.9 s; peak memory 351 MiB.
2026-10-09T18:02:03Z INFO [774/1000] 47cfdcd8-6bed-4cd5-985f-3bfaf06924cd: 57 arrays, 0.0 MB stored; 1.2 s; peak memory 351 MiB.
2026-10-09T18:02:03Z INFO [775/1000] 47cfe670-d0e8-4360-96c7-99fda35d25ff: 117 arrays, 0.3 MB stored; 1.6 s; peak memory 351 MiB.
2026-10-09T18:02:04Z INFO [776/1000] 47d0172e-2144-4b28-a729-09beed035667: 76 arrays, 53.9 MB stored; 2.0 s; peak memory 351 MiB.
2026-10-09T18:02:04Z INFO [777/1000] 47d020f9-013b-428f-91c6-ab4a6ad49fa2: 48 arrays, 83.9 MB stored; 1.5 s; peak memory 351 MiB.
2026-10-09T18:02:05Z INFO [778/1000] 47d0cd25-69b8-43a9-a525-46ca54023ed8: 112 arrays, 0.4 MB stored; 1.6 s; peak memory 351 MiB.
2026-10-09T18:02:05Z INFO [779/1000] 47d11ea3-3c0a-40fb-8cfe-a97164607e57: 46 arrays, 0.2 MB stored; 1.2 s; peak memory 351 MiB.
2026-10-09T18:02:06Z INFO [780/1000] 47d12345-3d85-4af6-b083-1ab61e2b3f93: 48 arrays, 83.9 MB stored; 1.5 s; peak memory 351 MiB.
2026-10-09T18:02:06Z INFO [781/1000] 47d1d9de-d6be-4d5f-8895-89e4f48f9bc0: 52 arrays, 11.5 MB stored; 1.3 s; peak memory 351 MiB.
2026-10-09T18:02:07Z INFO [782/1000] 47d276af-9370-4d86-a924-30dc91a789cd: 117 arrays, 0.3 MB stored; 1.5 s; peak memory 351 MiB.
2026-10-09T18:02:08Z INFO [783/1000] 47d3a4d6-4a43-4ec6-b4cf-e2cef16d3328: 117 arrays, 0.4 MB stored; 1.6 s; peak memory 351 MiB.
2026-10-09T18:02:10Z INFO [784/1000] 47d44736-4062-461d-8c2a-3789e6d84b9a: 45 arrays, 632.1 MB stored; 1.9 s; peak memory 351 MiB.
2026-10-09T18:02:12Z INFO [785/1000] 47d26020-99cd-4f9c-80b3-2d81079865a9: 1224 arrays, 9.6 MB stored; 7.0 s; peak memory 351 MiB.
2026-10-09T18:02:14Z INFO [786/1000] 47d48234-d0b5-4ddb-a611-451a0030b104: 117 arrays, 0.2 MB stored; 1.5 s; peak memory 351 MiB.
2026-10-09T18:02:14Z INFO [787/1000] 47d45d89-9929-4dbe-8e4a-31984c3d14b0: 168 arrays, 40.6 MB stored; 4.2 s; peak memory 351 MiB.
2026-10-09T18:02:19Z INFO [788/1000] 47d54272-d250-4505-add6-5a12409f4ba8: 106 arrays, 6499.4 MB stored; 5.3 s; peak memory 351 MiB.
2026-10-09T18:02:21Z INFO [789/1000] 47d3fd8a-ad26-45fd-840f-e3b2a38eda96: 749 arrays, 213.8 MB stored; 14.0 s; peak memory 351 MiB.
2026-10-09T18:02:23Z INFO [790/1000] 47d55afc-2886-491b-9558-88f9311cdb05: 261 arrays, 17.1 MB stored; 1.8 s; peak memory 351 MiB.
2026-10-09T18:02:23Z INFO [791/1000] 47d49459-7423-4ef0-ac76-e36409b86f25: 652 arrays, 30.3 MB stored; 9.3 s; peak memory 351 MiB.
2026-10-09T18:02:24Z INFO [792/1000] 47d5a2b5-0099-4480-9b7f-bb4bdcee4caa: 46 arrays, 12.6 MB stored; 1.3 s; peak memory 351 MiB.
2026-10-09T18:02:26Z INFO [793/1000] 47d638e0-bb22-4729-863a-90a92230052e: 61 arrays, 15.2 MB stored; 1.4 s; peak memory 351 MiB.
2026-10-09T18:02:28Z INFO [794/1000] 47d66bd2-f758-40a2-b45e-dcec88837e45: 117 arrays, 0.3 MB stored; 1.8 s; peak memory 351 MiB.
2026-10-09T18:02:30Z INFO [795/1000] 47d57b06-2755-40ef-a292-e7b7d6a82f11: 56 arrays, 89.4 MB stored; 6.6 s; peak memory 351 MiB.
2026-10-09T18:02:31Z INFO [796/1000] 47d7131e-f5c3-4b69-8b20-96eb1fec6fc9: 117 arrays, 0.2 MB stored; 1.4 s; peak memory 351 MiB.
2026-10-09T18:02:32Z INFO [797/1000] 47d780bb-8f84-48df-8f31-f293066da28d: 46 arrays, 0.1 MB stored; 1.3 s; peak memory 351 MiB.
2026-10-09T18:02:34Z INFO [798/1000] 47d832fa-08ef-4fa8-8888-91e8ad7af170: 48 arrays, 83.9 MB stored; 1.2 s; peak memory 351 MiB.
2026-10-09T18:02:35Z INFO [799/1000] 47d6a588-826c-4c71-839a-a71abee36a47: 391 arrays, 77.8 MB stored; 7.4 s; peak memory 351 MiB.
2026-10-09T18:02:36Z INFO [800/1000] 47d87791-920d-4bf6-8e34-87e156c97d4d: 111 arrays, 3.8 MB stored; 2.2 s; peak memory 351 MiB.
2026-10-09T18:02:37Z INFO [800/1000] 47d87791-920d-4bf6-8e34-87e156c97d4d: checkpointed 800 new records.
2026-10-09T18:02:37Z INFO [801/1000] 47d8a01b-4cb1-4bd1-a74b-7af6a9c0f3f0: 48 arrays, 83.9 MB stored; 1.3 s; peak memory 434 MiB.
2026-10-09T18:02:38Z INFO [802/1000] 47a0e2af-912b-4ff8-b4f4-13b59663163e: 70370 arrays, 2272.6 MB stored; 173.1 s; peak memory 434 MiB.
2026-10-09T18:02:38Z INFO [803/1000] 47d8b83d-77da-4b31-9e17-87af17f9cc6b: 49 arrays, 9.5 MB stored; 1.8 s; peak memory 434 MiB.
2026-10-09T18:02:39Z INFO [804/1000] 47d8ee69-8753-4d82-9d3d-0cecdd13a8c5: 48 arrays, 83.9 MB stored; 1.3 s; peak memory 434 MiB.
2026-10-09T18:02:40Z INFO [805/1000] 47d90186-5572-403f-a6f8-84c4544d8196: 63 arrays, 0.1 MB stored; 1.3 s; peak memory 434 MiB.
2026-10-09T18:02:41Z INFO [806/1000] 47d958bb-26af-47be-8ffe-44acfc58cff5: 112 arrays, 0.5 MB stored; 1.7 s; peak memory 434 MiB.
2026-10-09T18:02:43Z INFO [807/1000] 47daf593-7b92-40ce-9614-570a11618363: 48 arrays, 83.9 MB stored; 1.3 s; peak memory 434 MiB.
2026-10-09T18:02:44Z INFO [808/1000] 47db65f7-54da-4821-8204-d674ab2c4bca: 48 arrays, 83.9 MB stored; 1.3 s; peak memory 434 MiB.
2026-10-09T18:02:44Z INFO [809/1000] 47d8a84c-8ac1-4b5b-9556-ba34caae8a87: 391 arrays, 78.4 MB stored; 7.9 s; peak memory 434 MiB.
2026-10-09T18:02:45Z INFO [810/1000] 47d549f0-0c0f-4964-9912-ea40b4efd277: 48 arrays, 42513.6 MB stored; 25.9 s; peak memory 434 MiB.
2026-10-09T18:02:45Z INFO [811/1000] 47db931c-6440-428e-92bf-8f7cc310c2bf: 117 arrays, 0.3 MB stored; 1.6 s; peak memory 434 MiB.
2026-10-09T18:02:46Z INFO [812/1000] 47d94f83-df06-40db-9e6b-b5929c19f2d5: 56 arrays, 166.5 MB stored; 6.5 s; peak memory 434 MiB.
2026-10-09T18:02:47Z INFO [813/1000] 47de98a2-fa4a-4441-9d10-18f42b9e9fa0: 39 arrays, 5.1 MB stored; 1.3 s; peak memory 434 MiB.
2026-10-09T18:02:48Z INFO [814/1000] 47dcb43c-6d88-4970-ac48-6a32f0f31a58: 116 arrays, 187.2 MB stored; 2.9 s; peak memory 434 MiB.
2026-10-09T18:02:49Z INFO [815/1000] 47dfdcfb-a565-4aaa-89af-391125ce73dd: 102 arrays, 3.6 MB stored; 2.5 s; peak memory 434 MiB.
2026-10-09T18:02:50Z INFO [816/1000] 47e04dfd-24bc-4178-bb8b-61f9f99bdb55: 116 arrays, 0.3 MB stored; 1.5 s; peak memory 434 MiB.
2026-10-09T18:02:50Z INFO [817/1000] 47def2fe-f40e-4c8e-9eff-63ac9ae938f5: 503 arrays, 6.0 MB stored; 4.3 s; peak memory 434 MiB.
2026-10-09T18:02:51Z INFO [818/1000] 47e070a4-14c3-4cbc-9183-396a99d72a2e: 66 arrays, 131.4 MB stored; 1.7 s; peak memory 434 MiB.
2026-10-09T18:02:52Z INFO [819/1000] 47e0aec4-e5d8-4141-9ea8-ee430936014f: 112 arrays, 0.6 MB stored; 1.6 s; peak memory 434 MiB.
2026-10-09T18:02:55Z INFO [820/1000] 47dbebce-cb2b-46d4-8f2e-04e1f159f6fb: 1526 arrays, 23.9 MB stored; 11.1 s; peak memory 434 MiB.
2026-10-09T18:02:56Z INFO [821/1000] 47e1c75a-cbac-462d-ab0e-c6e15c2b3a17: 48 arrays, 83.9 MB stored; 1.2 s; peak memory 434 MiB.
2026-10-09T18:02:57Z INFO [822/1000] 47e15d24-defb-4d8d-b362-563af0fbd06b: 682 arrays, 12.0 MB stored; 5.6 s; peak memory 434 MiB.
2026-10-09T18:02:58Z INFO [823/1000] 47e328cc-5836-4aee-acef-dc83814de7b5: 112 arrays, 0.2 MB stored; 1.4 s; peak memory 434 MiB.
2026-10-09T18:02:59Z INFO [824/1000] 47e37fcb-357e-486a-a77f-ff12781f59e2: 84 arrays, 0.1 MB stored; 1.3 s; peak memory 434 MiB.
2026-10-09T18:02:59Z INFO [825/1000] 47e471ce-df04-43a4-b609-36e94035c568: 45 arrays, 0.0 MB stored; 1.1 s; peak memory 434 MiB.
2026-10-09T18:03:00Z INFO [826/1000] 47e47a24-6eb0-46d4-aad2-0b2a8208e347: 48 arrays, 83.9 MB stored; 1.5 s; peak memory 434 MiB.
2026-10-09T18:03:02Z INFO [827/1000] 47e5c457-aa15-4987-bcab-c24c9ecf17c6: 49 arrays, 198.7 MB stored; 1.8 s; peak memory 434 MiB.
2026-10-09T18:03:03Z INFO [828/1000] 47e152b9-f3ee-44d6-91f9-3b9b3921879c: 912 arrays, 31.7 MB stored; 11.6 s; peak memory 434 MiB.
2026-10-09T18:03:03Z INFO [829/1000] 47e4e983-bc49-4565-87e0-294113041ef7: 174 arrays, 71.1 MB stored; 4.6 s; peak memory 434 MiB.
2026-10-09T18:03:03Z INFO [830/1000] 47aeaa09-a36b-4859-ba95-fd0dcd233f93: 413 arrays, 19820.0 MB stored; 138.7 s; peak memory 434 MiB.
2026-10-09T18:03:04Z INFO [831/1000] 47e6b19e-80ea-46a9-9f73-8b18a5586e28: 72 arrays, 0.4 MB stored; 1.4 s; peak memory 434 MiB.
2026-10-09T18:03:05Z INFO [832/1000] 47e620b1-df40-4fdd-a9d5-0026dad46125: 156 arrays, 193.4 MB stored; 2.9 s; peak memory 434 MiB.
2026-10-09T18:03:05Z INFO [833/1000] 47e6c3ae-96b6-4d2d-9663-441dff92a215: 118 arrays, 0.3 MB stored; 1.4 s; peak memory 434 MiB.
2026-10-09T18:03:05Z INFO [834/1000] 47e7827f-3e93-4eaf-a207-639d97a850d4: 74 arrays, 2.8 MB stored; 1.5 s; peak memory 434 MiB.
2026-10-09T18:03:05Z INFO [835/1000] 47e7a14e-0d0b-488b-8913-a69d1ae829a4: 56 arrays, 0.0 MB stored; 1.1 s; peak memory 434 MiB.
2026-10-09T18:03:06Z INFO [836/1000] 47e0ac50-2766-474e-8c1a-f87f0f4e1ea5: 763 arrays, 25.9 MB stored; 16.4 s; peak memory 434 MiB.
2026-10-09T18:03:07Z INFO [837/1000] 47e8de23-a24c-44a6-9b6a-3da71e05345c: 74 arrays, 54.9 MB stored; 1.8 s; peak memory 434 MiB.
2026-10-09T18:03:07Z INFO [838/1000] 47e8215f-a467-402e-9223-dd1a3c21614a: 50 arrays, 4334.8 MB stored; 2.0 s; peak memory 434 MiB.
2026-10-09T18:03:08Z INFO [839/1000] 47e91479-061c-4586-ba18-758fd68f7a14: 71 arrays, 4.2 MB stored; 1.7 s; peak memory 434 MiB.
2026-10-09T18:03:08Z INFO [840/1000] 47e8de7d-c09d-4ba1-89a2-b917cd3a1203: 115 arrays, 190.1 MB stored; 2.8 s; peak memory 434 MiB.
2026-10-09T18:03:09Z INFO [841/1000] 47ea5070-10c5-4017-82bc-74f7e2736eff: 117 arrays, 0.3 MB stored; 1.4 s; peak memory 434 MiB.
2026-10-09T18:03:09Z INFO [842/1000] 47e97510-dbfa-449d-9905-3e78d14d686b: 66 arrays, 362.0 MB stored; 2.7 s; peak memory 434 MiB.
2026-10-09T18:03:10Z INFO [843/1000] 47e9ffae-6f2b-4f42-a605-80b04405794f: 115 arrays, 190.1 MB stored; 2.7 s; peak memory 434 MiB.
2026-10-09T18:03:11Z INFO [844/1000] 47ead5d5-c0a7-48d6-a981-243efc1ebcb6: 38 arrays, 0.5 MB stored; 1.2 s; peak memory 434 MiB.
2026-10-09T18:03:11Z INFO [845/1000] 47ea9519-5be8-4f25-b362-ab616427f343: 52 arrays, 13.2 MB stored; 1.4 s; peak memory 434 MiB.
2026-10-09T18:03:12Z INFO [846/1000] 47ebcfdf-0304-4ccd-aaab-bdcdab63c374: 113 arrays, 0.5 MB stored; 1.7 s; peak memory 434 MiB.
2026-10-09T18:03:13Z INFO [847/1000] 47ebbb5d-eeba-4e75-838a-84c687885e93: 78 arrays, 396.1 MB stored; 2.1 s; peak memory 434 MiB.
2026-10-09T18:03:14Z INFO [848/1000] 47ec5817-f548-44d5-87a1-0d362adc1fd3: 48 arrays, 83.9 MB stored; 1.3 s; peak memory 434 MiB.
2026-10-09T18:03:14Z INFO [849/1000] 47eca576-ebd9-478d-892a-07df8daf6df4: 66 arrays, 26.2 MB stored; 1.9 s; peak memory 434 MiB.
2026-10-09T18:03:15Z INFO [850/1000] 47ed8907-e072-4f61-b417-671d36303290: 48 arrays, 83.9 MB stored; 1.2 s; peak memory 434 MiB.
2026-10-09T18:03:16Z INFO [851/1000] 47ed9177-1ec1-496c-b315-cad0811b8af7: 70 arrays, 26.7 MB stored; 1.8 s; peak memory 434 MiB.
2026-10-09T18:03:17Z INFO [852/1000] 47edbac2-7776-4602-a960-f52ef45d3284: 70 arrays, 1.5 MB stored; 1.7 s; peak memory 434 MiB.
2026-10-09T18:03:18Z INFO [853/1000] 47ee0757-5ffe-42d6-a534-391d1bf21de2: 118 arrays, 0.2 MB stored; 1.4 s; peak memory 434 MiB.
2026-10-09T18:03:20Z INFO [854/1000] 47ee0b6c-1804-4589-92c3-19aba8236022: 118 arrays, 0.5 MB stored; 1.5 s; peak memory 434 MiB.
2026-10-09T18:03:20Z INFO [855/1000] 47ede735-a4e2-4811-bf5e-5c60bac7f2a4: 85 arrays, 1453.3 MB stored; 3.8 s; peak memory 434 MiB.
2026-10-09T18:03:20Z INFO [856/1000] 47ec0f4c-c2a9-4412-ac58-bc5fe64cb60a: 106 arrays, 12608.4 MB stored; 9.7 s; peak memory 434 MiB.
2026-10-09T18:03:21Z INFO [857/1000] 47ee940c-a157-4d6e-a2d8-6730a7f0f49a: 48 arrays, 83.9 MB stored; 1.4 s; peak memory 434 MiB.
2026-10-09T18:03:22Z INFO [858/1000] 47ef4b1c-84cf-4dd3-8923-350e37260219: 117 arrays, 0.4 MB stored; 1.4 s; peak memory 434 MiB.
2026-10-09T18:03:22Z INFO [859/1000] 47f0a688-4bd9-426d-b0fa-4239c6adf976: 117 arrays, 0.4 MB stored; 1.6 s; peak memory 434 MiB.
2026-10-09T18:03:23Z INFO [860/1000] 47e94006-f42c-4ad0-8341-e23ca28b0244: 363 arrays, 1577.5 MB stored; 15.7 s; peak memory 434 MiB.
2026-10-09T18:03:24Z INFO [861/1000] 47f136a6-40b1-4bfd-8e20-d6a77f0c401d: 45 arrays, 648.5 MB stored; 2.0 s; peak memory 434 MiB.
2026-10-09T18:03:24Z INFO [862/1000] 47f13ecb-f881-468d-a2eb-caebf47e698d: 110 arrays, 0.7 MB stored; 1.7 s; peak memory 434 MiB.
2026-10-09T18:03:24Z INFO [863/1000] 47f1cfd8-1557-4a3b-9946-f3886b072e8a: 112 arrays, 0.7 MB stored; 1.8 s; peak memory 434 MiB.
2026-10-09T18:03:26Z INFO [864/1000] 47f255ac-8e05-4141-a2fd-0a1bcc3f9402: 48 arrays, 83.9 MB stored; 1.4 s; peak memory 434 MiB.
2026-10-09T18:03:26Z INFO [865/1000] 47f26b0a-5bcf-4d3f-8f93-82bc39058f1a: 112 arrays, 0.9 MB stored; 1.8 s; peak memory 434 MiB.
2026-10-09T18:03:27Z INFO [866/1000] 47f2d71f-0535-4a75-a587-5ac2461bdb1b: 57 arrays, 0.0 MB stored; 1.1 s; peak memory 434 MiB.
2026-10-09T18:03:28Z INFO [867/1000] 47f1f946-064b-4d9f-aaa6-34ff8b4df6da: 38 arrays, 115.3 MB stored; 4.1 s; peak memory 434 MiB.
2026-10-09T18:03:28Z INFO [868/1000] 47f373aa-6f44-4ece-bd54-d7a1edd4bbd2: 143 arrays, 10.8 MB stored; 2.1 s; peak memory 434 MiB.
2026-10-09T18:03:30Z INFO [869/1000] 47f4992c-1b0c-453e-a589-a48629ea6d41: 117 arrays, 0.5 MB stored; 1.6 s; peak memory 434 MiB.
2026-10-09T18:03:31Z INFO [870/1000] 47f5602f-6c2b-4dcd-b278-02057f1b07ef: 48 arrays, 83.9 MB stored; 1.3 s; peak memory 434 MiB.
2026-10-09T18:03:33Z INFO [871/1000] 47f5acea-ba84-44df-9e56-4fddaca9327a: 112 arrays, 0.8 MB stored; 1.8 s; peak memory 434 MiB.
2026-10-09T18:03:34Z INFO [872/1000] 47f623d1-3882-44d0-b2ea-2b23d2ea6d2e: 62 arrays, 7.8 MB stored; 1.8 s; peak memory 434 MiB.
2026-10-09T18:03:36Z INFO [873/1000] 47f68f31-e8a0-4def-9744-87b2725e7abe: 112 arrays, 1.0 MB stored; 2.0 s; peak memory 434 MiB.
2026-10-09T18:03:37Z INFO [874/1000] 47f39de1-e736-4513-8eea-e93fd99ce70d: 1481 arrays, 14.6 MB stored; 10.2 s; peak memory 434 MiB.
2026-10-09T18:03:38Z INFO [875/1000] 47f6d6e1-e9e7-4912-b38c-f4138c69957b: 71 arrays, 42.2 MB stored; 1.9 s; peak memory 434 MiB.
2026-10-09T18:03:40Z INFO [876/1000] 47f85bd0-e9a3-4614-b685-5e7f41fd40d7: 115 arrays, 190.1 MB stored; 2.6 s; peak memory 434 MiB.
2026-10-09T18:03:40Z INFO [877/1000] 47f868ef-893d-4b6f-98d8-fb8934ca246e: 48 arrays, 83.9 MB stored; 1.4 s; peak memory 434 MiB.
2026-10-09T18:03:41Z INFO [878/1000] 47f8a771-3e45-4878-903c-eab0ab2e221f: 33 arrays, 0.0 MB stored; 1.1 s; peak memory 434 MiB.
2026-10-09T18:03:41Z INFO [879/1000] 47f87e27-b732-4fff-8c23-6a9245b4b6e9: 48 arrays, 83.9 MB stored; 1.4 s; peak memory 434 MiB.
2026-10-09T18:03:42Z INFO [880/1000] 47f8c7bd-e3a3-4d2c-8b1b-32c8ab0b14f2: 52 arrays, 14.8 MB stored; 1.3 s; peak memory 434 MiB.
2026-10-09T18:03:43Z INFO [881/1000] 47f8edae-9167-4886-b5fe-713f6b3fcfe6: 64 arrays, 23.9 MB stored; 1.7 s; peak memory 434 MiB.
2026-10-09T18:03:44Z INFO [882/1000] 47f952f6-ae86-49dc-b485-1fa2c3b51113: 48 arrays, 83.9 MB stored; 1.4 s; peak memory 434 MiB.
2026-10-09T18:03:45Z INFO [883/1000] 47fa2eb9-3f18-4fc5-93f7-fedf2adda39d: 46 arrays, 0.1 MB stored; 1.1 s; peak memory 434 MiB.
2026-10-09T18:03:46Z INFO [884/1000] 47f9dfec-d909-4eb6-bcf4-b8c7054e734d: 114 arrays, 186.8 MB stored; 2.8 s; peak memory 434 MiB.
2026-10-09T18:03:46Z INFO [885/1000] 47fa4d87-3ca8-4ffa-b51b-10f2e05ab383: 48 arrays, 83.9 MB stored; 1.3 s; peak memory 434 MiB.
2026-10-09T18:03:47Z INFO [886/1000] 47fa57d2-bf48-4725-ae23-c5b4e66c0335: 52 arrays, 14.5 MB stored; 1.4 s; peak memory 434 MiB.
2026-10-09T18:03:47Z INFO [887/1000] 47eeed54-dcfd-4564-b99b-7806164b36da: 48 arrays, 40866.9 MB stored; 27.1 s; peak memory 434 MiB.
2026-10-09T18:03:48Z INFO [888/1000] 47fb60ec-1563-43ca-9bb5-008797e4fdca: 48 arrays, 83.9 MB stored; 1.2 s; peak memory 434 MiB.
2026-10-09T18:03:49Z INFO [889/1000] 47fb55b6-8eff-4308-a013-9bd8e9f624d8: 110 arrays, 0.6 MB stored; 1.7 s; peak memory 434 MiB.
2026-10-09T18:03:50Z INFO [890/1000] 47fbb0dc-a5db-4713-962e-4bc174ec53ba: 48 arrays, 83.9 MB stored; 1.4 s; peak memory 434 MiB.
2026-10-09T18:03:50Z INFO [891/1000] 47fbf0a4-6b77-49d9-8564-faedf60efae7: 48 arrays, 83.9 MB stored; 1.5 s; peak memory 434 MiB.
2026-10-09T18:03:51Z INFO [892/1000] 47fbf936-1eb1-423f-bac7-01455dc9c6bb: 48 arrays, 83.9 MB stored; 1.4 s; peak memory 434 MiB.
2026-10-09T18:03:52Z INFO [893/1000] 47fc0c2e-89d7-40fb-b241-377729872710: 117 arrays, 0.4 MB stored; 1.7 s; peak memory 434 MiB.
2026-10-09T18:03:52Z INFO [894/1000] 47fa632a-57c6-4691-8b8d-41b2d462dd64: 733 arrays, 9.6 MB stored; 5.9 s; peak memory 434 MiB.
2026-10-09T18:03:52Z INFO [895/1000] 47fc208f-bda0-4d7f-9c96-9f4ad0039eda: 48 arrays, 83.9 MB stored; 1.3 s; peak memory 434 MiB.
2026-10-09T18:03:53Z INFO [896/1000] 47fc8f0a-5e5e-483d-b5b4-6c4041f5cbbd: 112 arrays, 0.2 MB stored; 1.5 s; peak memory 434 MiB.
2026-10-09T18:03:53Z INFO [897/1000] 47fcdc80-bbe8-4840-bd21-6ddef46907bc: 52 arrays, 12.7 MB stored; 1.5 s; peak memory 434 MiB.
2026-10-09T18:03:54Z INFO [898/1000] 47fedc0b-b9be-451b-95bc-e378c7613896: 117 arrays, 0.4 MB stored; 1.6 s; peak memory 434 MiB.
2026-10-09T18:03:55Z INFO [899/1000] 47ffb049-b545-4f63-84da-76dc4bfbb292: 48 arrays, 83.9 MB stored; 1.5 s; peak memory 434 MiB.
2026-10-09T18:03:55Z INFO [900/1000] 47feead4-bf9a-4223-8707-7fadc9c5eeb6: 74 arrays, 50.2 MB stored; 1.7 s; peak memory 434 MiB.
2026-10-09T18:03:55Z INFO [901/1000] 4800ad1d-18b3-45f0-9abf-e0f0a72aeeb5: 48 arrays, 83.9 MB stored; 1.3 s; peak memory 434 MiB.
2026-10-09T18:03:56Z INFO [902/1000] 4800c3ca-b177-4dd8-b907-4dac27f4c289: 62 arrays, 2893.9 MB stored; 1.7 s; peak memory 434 MiB.
2026-10-09T18:03:57Z INFO [903/1000] 48011fdb-820b-4c53-ba25-c22f0454c519: 112 arrays, 0.8 MB stored; 1.6 s; peak memory 434 MiB.
2026-10-09T18:03:58Z INFO [904/1000] 480199b6-ec26-4de3-aa64-81256f87593b: 117 arrays, 0.2 MB stored; 1.3 s; peak memory 434 MiB.
2026-10-09T18:03:59Z INFO [905/1000] 4801bf98-84f5-46e2-9d33-080c953f42da: 117 arrays, 0.6 MB stored; 2.1 s; peak memory 434 MiB.
2026-10-09T18:03:59Z INFO [906/1000] 4801d416-f98a-4349-9cac-9e3266db1164: 70 arrays, 0.0 MB stored; 1.5 s; peak memory 434 MiB.
2026-10-09T18:04:00Z INFO [907/1000] 48024d4a-3bb6-408e-a709-d1df9f27403e: 35 arrays, 0.0 MB stored; 1.1 s; peak memory 434 MiB.
2026-10-09T18:04:01Z INFO [908/1000] 4801d717-697b-4873-8842-ee0d73cce560: 115 arrays, 190.1 MB stored; 2.8 s; peak memory 434 MiB.
2026-10-09T18:04:02Z INFO [909/1000] 4802bc77-4cd7-406a-b488-ea8411be0913: 112 arrays, 0.3 MB stored; 1.4 s; peak memory 434 MiB.
2026-10-09T18:04:03Z INFO [910/1000] 4802e92e-7350-480f-9d07-080aa4027506: 117 arrays, 0.3 MB stored; 1.5 s; peak memory 434 MiB.
2026-10-09T18:04:04Z INFO [911/1000] 4804290f-1135-4248-83e8-2dd6c8c9a12a: 118 arrays, 0.6 MB stored; 1.5 s; peak memory 434 MiB.
2026-10-09T18:04:06Z INFO [912/1000] 4805255c-e15a-4538-868f-d2e1a01bd039: 62 arrays, 4980.9 MB stored; 1.7 s; peak memory 434 MiB.
2026-10-09T18:04:08Z INFO [913/1000] 480537ab-3403-466c-bdbd-1522fb262d5b: 116 arrays, 0.2 MB stored; 1.5 s; peak memory 434 MiB.
2026-10-09T18:04:10Z INFO [914/1000] 48054296-c53c-4b32-94c4-e026edc08874: 118 arrays, 66.2 MB stored; 2.2 s; peak memory 434 MiB.
2026-10-09T18:04:12Z INFO [915/1000] 48055810-fa03-4144-9489-6bb2bbeb8a5d: 47 arrays, 50.9 MB stored; 2.2 s; peak memory 434 MiB.
2026-10-09T18:04:14Z INFO [916/1000] 48062e82-fbcc-4722-9e59-304fd3666d5a: 112 arrays, 0.5 MB stored; 1.6 s; peak memory 434 MiB.
2026-10-09T18:04:16Z INFO [917/1000] 4806b019-7ae1-4139-8049-ca4fb828b619: 168 arrays, 3.2 MB stored; 2.6 s; peak memory 434 MiB.
2026-10-09T18:04:17Z INFO [918/1000] 4807037e-7a98-4380-8ec0-81b2dfd636c4: 57 arrays, 0.0 MB stored; 1.2 s; peak memory 434 MiB.
2026-10-09T18:04:19Z INFO [919/1000] 4807f178-d479-4962-b40f-e52415f334fa: 114 arrays, 0.1 MB stored; 1.2 s; peak memory 434 MiB.
2026-10-09T18:04:20Z INFO [920/1000] 480822de-982e-44bc-b174-f40c8fb5e322: 66 arrays, 18.8 MB stored; 1.6 s; peak memory 434 MiB.
2026-10-09T18:04:22Z INFO [921/1000] 48098329-6069-4fba-8092-f369ce49af7a: 74 arrays, 40.1 MB stored; 1.9 s; peak memory 434 MiB.
2026-10-09T18:04:24Z INFO [922/1000] 4809a35a-4c12-41e0-8398-3916172681c1: 117 arrays, 0.3 MB stored; 1.5 s; peak memory 434 MiB.
2026-10-09T18:04:29Z INFO [923/1000] 480aba96-4c2c-4c25-be5a-9b46cde8a26e: 257 arrays, 174.9 MB stored; 5.9 s; peak memory 434 MiB.
2026-10-09T18:04:45Z INFO [924/1000] 480b1d8d-dbe3-44e5-a4a9-c81fa8ee10bd: 816 arrays, 17280.1 MB stored; 15.5 s; peak memory 434 MiB.
2026-10-09T18:04:47Z INFO [925/1000] 480b8897-1c3b-427f-9af0-728ecaf038a6: 112 arrays, 1.0 MB stored; 1.8 s; peak memory 434 MiB.
2026-10-09T18:04:48Z INFO [926/1000] 480bee6f-0d52-4245-850e-43974b4dcfed: 48 arrays, 83.9 MB stored; 1.5 s; peak memory 434 MiB.
2026-10-09T18:04:50Z INFO [927/1000] 480c065c-882c-4a72-bcba-642879e50d4f: 38 arrays, 25.7 MB stored; 2.1 s; peak memory 434 MiB.
2026-10-09T18:04:51Z INFO [928/1000] 480c3c3f-aac4-44a1-b271-1a0e35ad67a7: 62 arrays, 0.0 MB stored; 1.1 s; peak memory 434 MiB.
2026-10-09T18:04:52Z INFO [929/1000] 480cedef-877e-48a9-8b0d-b778d591934b: 58 arrays, 0.0 MB stored; 1.2 s; peak memory 434 MiB.
2026-10-09T18:04:54Z INFO [930/1000] 480d2052-3bbf-4984-be11-82efe9042555: 48 arrays, 83.9 MB stored; 1.4 s; peak memory 434 MiB.
2026-10-09T18:04:55Z INFO [931/1000] 480d26c0-e371-4e2a-aabf-7a6eec5bc494: 116 arrays, 0.3 MB stored; 1.5 s; peak memory 434 MiB.
2026-10-09T18:04:57Z INFO [932/1000] 480d82fa-988a-4344-a81b-3d1604f90508: 48 arrays, 83.9 MB stored; 1.4 s; peak memory 434 MiB.
2026-10-09T18:04:58Z INFO [933/1000] 480ddae8-f9c1-4b81-8dbd-5458fd4739d8: 48 arrays, 83.9 MB stored; 1.2 s; peak memory 434 MiB.
2026-10-09T18:05:00Z INFO [934/1000] 480dfcbe-e03d-4dd1-987a-7b0090433927: 69 arrays, 51.2 MB stored; 1.9 s; peak memory 434 MiB.
2026-10-09T18:05:01Z INFO [935/1000] 480e48d4-9615-4028-a590-83ecb6c0777e: 110 arrays, 0.5 MB stored; 1.6 s; peak memory 434 MiB.
2026-10-09T18:05:03Z INFO [936/1000] 480e764b-f164-42be-a6bb-546de5e3162f: 112 arrays, 0.6 MB stored; 1.8 s; peak memory 434 MiB.
2026-10-09T18:05:04Z INFO [937/1000] 480ebc76-f530-4e10-8c47-1fe3a0bda755: 46 arrays, 0.1 MB stored; 1.2 s; peak memory 434 MiB.
2026-10-09T18:05:07Z INFO [938/1000] 480f3c5b-1319-433f-b117-c9bc5bc7709f: 71 arrays, 68.4 MB stored; 2.4 s; peak memory 434 MiB.
2026-10-09T18:05:08Z INFO [939/1000] 480fd26b-8d09-4b46-aa5d-4b6f02b63c59: 46 arrays, 0.1 MB stored; 1.1 s; peak memory 434 MiB.
2026-10-09T18:05:09Z INFO [940/1000] 4810053e-5b34-4dd9-901c-d3be8ff55aa4: 48 arrays, 83.9 MB stored; 1.4 s; peak memory 434 MiB.
2026-10-09T18:05:21Z INFO [941/1000] 48101bad-357f-40fe-be00-64ea3f035db8: 1101 arrays, 44.7 MB stored; 11.1 s; peak memory 434 MiB.
2026-10-09T18:05:29Z INFO [942/1000] 4810351e-0736-4d56-b65a-a6b22f088817: 11477 arrays, 445.4 MB stored; 8.2 s; peak memory 434 MiB.
2026-10-09T18:05:30Z INFO [943/1000] 4810795a-66ef-4c14-adc5-b15fae0a4d1f: 33 arrays, 0.0 MB stored; 1.2 s; peak memory 434 MiB.
2026-10-09T18:05:32Z INFO [944/1000] 4810fdf7-4877-430a-8781-1203a760f57c: 112 arrays, 0.6 MB stored; 1.8 s; peak memory 434 MiB.
2026-10-09T18:05:33Z INFO [945/1000] 4811855c-a088-497e-ac78-38180e2d5354: 117 arrays, 0.3 MB stored; 1.6 s; peak memory 434 MiB.
2026-10-09T18:05:35Z INFO [946/1000] 48118a67-910b-4b8f-ace8-49e18cd03ab6: 78 arrays, 0.0 MB stored; 1.5 s; peak memory 434 MiB.
2026-10-09T18:05:36Z INFO [947/1000] 48119cfb-d9a2-4c40-a2eb-aa31e7000d19: 117 arrays, 0.2 MB stored; 1.5 s; peak memory 434 MiB.
2026-10-09T18:05:38Z INFO [948/1000] 48124a56-1024-47da-b066-64e9c0104f5f: 42 arrays, 0.4 MB stored; 1.2 s; peak memory 434 MiB.
2026-10-09T18:05:40Z INFO [949/1000] 48127b64-98c6-4c3f-9439-163d9e84e1bc: 138 arrays, 4.8 MB stored; 2.6 s; peak memory 434 MiB.
2026-10-09T18:05:41Z INFO [950/1000] 48133d87-c742-4f86-b57a-f5e19a06bc50: 52 arrays, 12.0 MB stored; 1.3 s; peak memory 434 MiB.
2026-10-09T18:05:43Z INFO [951/1000] 4813518f-73d9-4bf8-b9c6-c5d92c0dcb29: 48 arrays, 83.9 MB stored; 1.4 s; peak memory 434 MiB.
2026-10-09T18:05:45Z INFO [952/1000] 48136cb9-1a6b-4bb5-ae48-9c323987e1c1: 38 arrays, 33.9 MB stored; 2.3 s; peak memory 434 MiB.
2026-10-09T18:05:46Z INFO [953/1000] 47f550c9-1e04-401f-a37a-c765e5f5085c: 260 arrays, 19944.4 MB stored; 138.1 s; peak memory 434 MiB.
2026-10-09T18:05:50Z INFO [954/1000] 481528eb-4e40-4ba9-a233-6cbce5b2f095: 538 arrays, 7.6 MB stored; 3.7 s; peak memory 434 MiB.
2026-10-09T18:05:51Z INFO [955/1000] 48155d0d-255a-4a13-863a-dc7873205b7f: 48 arrays, 83.9 MB stored; 1.3 s; peak memory 434 MiB.
2026-10-09T18:05:53Z INFO [956/1000] 48155f87-0652-4176-98e0-96b1be9c568d: 48 arrays, 83.9 MB stored; 1.3 s; peak memory 434 MiB.
2026-10-09T18:05:55Z INFO [957/1000] 4815c341-bb70-4c80-8f30-7aa8c9b43309: 66 arrays, 74.8 MB stored; 2.0 s; peak memory 434 MiB.
2026-10-09T18:05:56Z INFO [958/1000] 4815ea17-6184-467a-86d5-497017d63587: 53 arrays, 0.0 MB stored; 1.2 s; peak memory 434 MiB.
2026-10-09T18:05:57Z INFO [959/1000] 4817227c-dc8e-46d2-93f6-659711c3cab5: 117 arrays, 0.2 MB stored; 1.5 s; peak memory 434 MiB.
2026-10-09T18:05:59Z INFO [960/1000] 48173291-ce95-439b-9dc1-f1df88b553c1: 84 arrays, 0.8 MB stored; 1.6 s; peak memory 434 MiB.
2026-10-09T18:06:00Z INFO [961/1000] 48177096-88ac-4ca6-a430-bceb51701b92: 35 arrays, 4.1 MB stored; 1.3 s; peak memory 434 MiB.
2026-10-09T18:06:05Z INFO [962/1000] 48178d68-5434-41de-bcce-67abb3a5f128: 229 arrays, 253.7 MB stored; 4.8 s; peak memory 434 MiB.
2026-10-09T18:06:07Z INFO [963/1000] 481989e4-f888-411c-8bf3-ba10d6cae0e0: 112 arrays, 0.4 MB stored; 1.6 s; peak memory 434 MiB.
2026-10-09T18:06:08Z INFO [964/1000] 4819c26e-daac-44d7-ac83-ea43ce510c4c: 66 arrays, 100.9 MB stored; 1.8 s; peak memory 434 MiB.
2026-10-09T18:06:11Z INFO [965/1000] 481a1147-7a4d-4268-a047-6b6a1b994933: 184 arrays, 11.7 MB stored; 2.4 s; peak memory 434 MiB.
2026-10-09T18:06:16Z INFO [966/1000] 481a4c9f-34fd-4ab6-bedb-4be043881833: 3025 arrays, 10.6 MB stored; 5.5 s; peak memory 434 MiB.
2026-10-09T18:06:22Z INFO [967/1000] 48017b94-f48c-4018-bf10-0e39ae67a701: 167 arrays, 21103.6 MB stored; 146.7 s; peak memory 434 MiB.
2026-10-09T18:06:24Z INFO [968/1000] 481aa8b4-22b1-4991-a0cd-6712eceefa92: 48 arrays, 83.9 MB stored; 1.6 s; peak memory 434 MiB.
2026-10-09T18:06:26Z INFO [969/1000] 481ac16e-e760-4910-a9a1-8f52829a195f: 117 arrays, 18.3 MB stored; 2.2 s; peak memory 434 MiB.
2026-10-09T18:06:26Z INFO [970/1000] 481a7af9-5595-4bc2-a648-f40d743176e2: 108 arrays, 88.3 MB stored; 9.9 s; peak memory 434 MiB.
2026-10-09T18:06:27Z INFO [971/1000] 481af612-a840-437a-817f-063388a63913: 46 arrays, 0.1 MB stored; 1.1 s; peak memory 434 MiB.
2026-10-09T18:06:29Z INFO [972/1000] 481b3c28-13c7-4676-937d-79807af478e9: 66 arrays, 33.5 MB stored; 1.7 s; peak memory 434 MiB.
2026-10-09T18:06:30Z INFO [973/1000] 481c10d5-9585-426e-b7ea-1bbfb5bddac1: 117 arrays, 0.4 MB stored; 1.5 s; peak memory 434 MiB.
2026-10-09T18:06:32Z INFO [974/1000] 481b352a-f315-47f3-837f-a55ed6d0b851: 229 arrays, 240.0 MB stored; 5.4 s; peak memory 434 MiB.
2026-10-09T18:06:32Z INFO [975/1000] 481c6a54-36ca-4dbc-be2e-9655e9aa3c5e: 52 arrays, 13.3 MB stored; 1.5 s; peak memory 434 MiB.
2026-10-09T18:06:33Z INFO [976/1000] 481c8155-ec31-45f7-9a91-20ab36222509: 52 arrays, 10.9 MB stored; 1.6 s; peak memory 434 MiB.
2026-10-09T18:06:33Z INFO [977/1000] 481c9740-c011-4ccc-b2e0-cdf143a6c4df: 84 arrays, 0.5 MB stored; 1.6 s; peak memory 434 MiB.
2026-10-09T18:06:35Z INFO [978/1000] 481d435b-dac6-419a-8d96-5c79bcf47628: 50 arrays, 3.0 MB stored; 1.3 s; peak memory 434 MiB.
2026-10-09T18:06:35Z INFO [979/1000] 481ddaab-38a8-49e0-84fd-5506afca603f: 48 arrays, 83.9 MB stored; 1.5 s; peak memory 434 MiB.
2026-10-09T18:06:42Z INFO [980/1000] 481e58c4-3ed6-4e00-9275-791a2bb8b0e1: 789 arrays, 31.2 MB stored; 6.8 s; peak memory 434 MiB.
2026-10-09T18:06:43Z INFO [981/1000] 481f1519-735f-44ac-96ea-0de1ada3374d: 48 arrays, 83.9 MB stored; 1.2 s; peak memory 434 MiB.
2026-10-09T18:06:43Z INFO [982/1000] 481e136c-6eb7-4743-9d83-346f7d1a445a: 1324 arrays, 26.3 MB stored; 8.4 s; peak memory 434 MiB.
2026-10-09T18:06:45Z INFO [983/1000] 481f5523-fd70-494f-b5d1-143cd596af74: 38 arrays, 33.8 MB stored; 2.3 s; peak memory 434 MiB.
2026-10-09T18:06:46Z INFO [984/1000] 48203643-300e-4418-a5a5-915c14eb98ca: 51 arrays, 5316.3 MB stored; 2.8 s; peak memory 434 MiB.
2026-10-09T18:06:50Z INFO [985/1000] 48208811-cf0d-4d48-9ea8-9d2377ca3973: 438 arrays, 3.5 MB stored; 3.8 s; peak memory 434 MiB.
2026-10-09T18:06:52Z INFO [986/1000] 482052d7-e4f8-4125-8cc6-f2eb8ebfcf06: 767 arrays, 10.3 MB stored; 6.5 s; peak memory 434 MiB.
2026-10-09T18:06:53Z INFO [987/1000] 482226a2-5e38-4b68-858c-5dda072d8d23: 46 arrays, 1.6 MB stored; 1.1 s; peak memory 434 MiB.
2026-10-09T18:06:54Z INFO [988/1000] 4821db61-2720-4d61-8556-182eba14b1fe: 208 arrays, 46.4 MB stored; 4.5 s; peak memory 434 MiB.
2026-10-09T18:06:56Z INFO [989/1000] 48233332-db53-42c8-9592-4605e4a26ff9: 71 arrays, 106.3 MB stored; 2.3 s; peak memory 434 MiB.
2026-10-09T18:06:58Z INFO [990/1000] 48233332-488e-4671-b3b1-c107be9d0598: 538 arrays, 7.7 MB stored; 5.3 s; peak memory 435 MiB.
2026-10-09T18:06:59Z INFO [991/1000] 48246ca9-c7f7-4cfa-81e7-81ef272eb3b6: 117 arrays, 66.3 MB stored; 2.2 s; peak memory 435 MiB.
2026-10-09T18:06:59Z INFO [992/1000] 48254a14-0ca3-4572-8d34-74ecd6de3402: 48 arrays, 83.9 MB stored; 1.3 s; peak memory 435 MiB.
2026-10-09T18:07:00Z INFO [993/1000] 4825b41b-9928-422c-b5ba-7877fec8a3e8: 35 arrays, 0.0 MB stored; 1.2 s; peak memory 435 MiB.
2026-10-09T18:07:02Z INFO [994/1000] 4825bce4-ef80-4a89-abb1-fbb1e1b82e25: 115 arrays, 186.8 MB stored; 2.8 s; peak memory 435 MiB.
2026-10-09T18:07:38Z INFO [995/1000] 47e7c28b-9e44-4564-8070-dde7d26d44c7: 472 arrays, 43310.8 MB stored; 273.6 s; peak memory 435 MiB.
2026-10-09T18:08:30Z INFO [996/1000] 48149282-39d4-41c1-87ee-a7d147a94757: 167 arrays, 23804.5 MB stored; 164.9 s; peak memory 435 MiB.
2026-10-09T18:10:45Z WARNING 46ba777a-36e5-4ffb-a336-841ec7a94a5e: failed while reading the NWB file (TimeoutError: exceeded 1200 s)
2026-10-09T18:10:45Z WARNING [997/1000] 46ba777a-36e5-4ffb-a336-841ec7a94a5e: recorded the failure; a later run retries it.
2026-10-09T18:14:23Z WARNING 47099ffe-0c64-4cbe-9906-596f3575854e: failed while reading the NWB file (TimeoutError: exceeded 1200 s)
2026-10-09T18:14:23Z WARNING [998/1000] 47099ffe-0c64-4cbe-9906-596f3575854e: recorded the failure; a later run retries it.
2026-10-09T18:19:50Z WARNING 47a2561b-65aa-4934-b6fe-4057e3ce6b6e: failed while reading the NWB file (TimeoutError: exceeded 1200 s)
2026-10-09T18:19:50Z WARNING [999/1000] 47a2561b-65aa-4934-b6fe-4057e3ce6b6e: recorded the failure; a later run retries it.
2026-10-09T18:24:02Z WARNING 48030980-5739-4097-8d55-3dd2e18acb03: failed while reading the NWB file (TimeoutError: exceeded 1200 s)
2026-10-09T18:24:02Z WARNING [1000/1000] 48030980-5739-4097-8d55-3dd2e18acb03: recorded the failure; a later run retries it.
2026-10-09T18:24:05Z INFO [1000/1000] 48030980-5739-4097-8d55-3dd2e18acb03: checkpointed 1000 new records.
2026-10-09T18:24:05Z INFO Wrote 48200 records to /tmp/derivatives/valid_nwb_file_to_array_sizes.jsonl (996 new, 4 failed) in 34.2 min (peak memory 759 MiB).
