2026-10-09T11:18:24Z INFO Logging to /tmp/logs/update_2026-10-09T11-18-24Z.log.
2026-10-09T11:18:24Z INFO Update valid-nwb-file-to-array-sizes (base directory /tmp).
2026-10-09T11:18:46Z INFO Processing 1000 items (37200 already recorded).
2026-10-09T11:18:48Z INFO [1/1000] 379b58b3-e3da-47e7-9ddf-b8d4275b4062: 52 arrays, 13.3 MB stored; 2.3 s; peak memory 153 MiB.
2026-10-09T11:18:48Z INFO [2/1000] 379c8e80-5e25-4f83-a8a1-cf5f69bbdd15: 48 arrays, 83.9 MB stored; 2.3 s; peak memory 153 MiB.
2026-10-09T11:18:48Z INFO [3/1000] 379cd2bc-db29-41ed-b813-7cab79a0aa26: 47 arrays, 0.7 MB stored; 2.3 s; peak memory 153 MiB.
2026-10-09T11:18:48Z INFO [4/1000] 379c9c56-797c-424d-b8c3-13f39fbaed8e: 48 arrays, 83.9 MB stored; 2.4 s; peak memory 153 MiB.
2026-10-09T11:18:48Z INFO [5/1000] 379d0941-8896-4bd6-a746-3c43f8b0fafe: 48 arrays, 83.9 MB stored; 2.5 s; peak memory 153 MiB.
2026-10-09T11:18:48Z INFO [6/1000] 379d7391-8400-4381-b97c-95d398da34b9: 92 arrays, 0.2 MB stored; 2.5 s; peak memory 153 MiB.
2026-10-09T11:18:48Z INFO [7/1000] 379e0363-cf8a-4785-98a8-abef2a7d5f3f: 110 arrays, 0.2 MB stored; 2.5 s; peak memory 153 MiB.
2026-10-09T11:18:49Z INFO [8/1000] 379dcb61-a170-44f0-8ba2-6a5ea509787e: 51 arrays, 1719.2 MB stored; 3.0 s; peak memory 153 MiB.
2026-10-09T11:18:50Z INFO [9/1000] 379e99a3-b05b-4228-b1dc-8f7d917b32f2: 48 arrays, 83.9 MB stored; 2.2 s; peak memory 153 MiB.
2026-10-09T11:18:50Z INFO [10/1000] 379eae87-9b8e-4e49-a77a-f91c05ada780: 48 arrays, 83.9 MB stored; 2.3 s; peak memory 153 MiB.
2026-10-09T11:18:50Z INFO [11/1000] 379ef635-34e6-4fdb-8c19-ec4a1fda26cf: 48 arrays, 83.9 MB stored; 2.2 s; peak memory 153 MiB.
2026-10-09T11:18:51Z INFO [12/1000] 379f375c-ef16-4b3a-bff8-49b6996e3e98: 71 arrays, 0.2 MB stored; 2.4 s; peak memory 153 MiB.
2026-10-09T11:18:51Z INFO [13/1000] 379f4839-d87d-4321-b14b-593dfe83bfbe: 62 arrays, 4059.9 MB stored; 2.5 s; peak memory 153 MiB.
2026-10-09T11:18:52Z INFO [14/1000] 379f6b0b-9ea1-43c6-b0e2-5311f330071a: 72 arrays, 42.3 MB stored; 1.7 s; peak memory 153 MiB.
2026-10-09T11:18:52Z INFO [15/1000] 37a156cd-8480-4c1f-9acb-d01a37483dfa: 48 arrays, 83.9 MB stored; 1.6 s; peak memory 153 MiB.
2026-10-09T11:18:52Z INFO [16/1000] 37a09155-2e2b-465f-89e2-d93595f33a72: 117 arrays, 0.2 MB stored; 1.9 s; peak memory 153 MiB.
2026-10-09T11:18:53Z INFO [17/1000] 37a05112-a19e-4818-81a0-ac8248b7f27d: 71 arrays, 2.2 MB stored; 2.2 s; peak memory 153 MiB.
2026-10-09T11:18:53Z INFO [18/1000] 37a1a7c7-0e0d-47c2-9d64-a32b41a5729a: 112 arrays, 0.9 MB stored; 2.0 s; peak memory 153 MiB.
2026-10-09T11:18:54Z INFO [19/1000] 37a1b4fb-c9a4-4dd6-b2ee-6e74e6839c29: 110 arrays, 0.2 MB stored; 1.7 s; peak memory 153 MiB.
2026-10-09T11:18:54Z INFO [20/1000] 37a35bcc-619b-4c01-8738-3865b6132cfa: 117 arrays, 0.2 MB stored; 1.7 s; peak memory 153 MiB.
2026-10-09T11:18:54Z INFO [21/1000] 37a3aef1-0f69-4e07-b550-5d8aa8ef376e: 48 arrays, 83.9 MB stored; 1.8 s; peak memory 153 MiB.
2026-10-09T11:18:54Z INFO [22/1000] 37a3cc16-5f0e-42dc-a71b-e9fe771de2d4: 48 arrays, 83.9 MB stored; 1.6 s; peak memory 153 MiB.
2026-10-09T11:18:55Z INFO [23/1000] 379e9ed2-5161-43fb-9d43-787a8cb7948a: 598 arrays, 8.0 MB stored; 6.5 s; peak memory 153 MiB.
2026-10-09T11:18:55Z INFO [24/1000] 379ee6c4-6c22-423c-9aaa-6502503d127f: 225 arrays, 1201.0 MB stored; 7.1 s; peak memory 153 MiB.
2026-10-09T11:18:56Z INFO [25/1000] 37a501dc-d263-473b-8292-053693855d88: 46 arrays, 0.1 MB stored; 1.5 s; peak memory 153 MiB.
2026-10-09T11:18:56Z INFO [26/1000] 37a520c7-a81e-4a54-a2e9-4c5a9288457e: 48 arrays, 83.9 MB stored; 1.6 s; peak memory 153 MiB.
2026-10-09T11:18:57Z INFO [27/1000] 37a4ae02-de70-4515-b476-c05d7ac0ed7d: 101 arrays, 13.8 MB stored; 2.6 s; peak memory 153 MiB.
2026-10-09T11:18:57Z INFO [28/1000] 37a4a9f8-7239-41b9-ae11-90b2c03c4b5d: 123 arrays, 5.9 MB stored; 3.3 s; peak memory 153 MiB.
2026-10-09T11:18:58Z INFO [29/1000] 37a60b40-7df7-4bfd-b95b-a13f5cd6d45d: 117 arrays, 0.3 MB stored; 1.8 s; peak memory 153 MiB.
2026-10-09T11:18:58Z INFO [30/1000] 37a610ac-235f-4f2d-a732-4124fbb379a9: 112 arrays, 0.6 MB stored; 1.8 s; peak memory 153 MiB.
2026-10-09T11:18:59Z INFO [31/1000] 37a63e99-c597-4707-a90f-01d08907a38d: 112 arrays, 0.6 MB stored; 2.0 s; peak memory 153 MiB.
2026-10-09T11:19:00Z INFO [32/1000] 37a6ef55-e413-4a00-b189-e12f1a84f718: 48 arrays, 83.9 MB stored; 1.6 s; peak memory 153 MiB.
2026-10-09T11:19:00Z INFO [33/1000] 37a70b19-bf4a-4211-9eac-db1dd76ef61e: 33 arrays, 0.0 MB stored; 1.2 s; peak memory 153 MiB.
2026-10-09T11:19:00Z INFO [34/1000] 37a6644f-b82d-4861-bc6c-7b14546e4fc8: 152 arrays, 538.9 MB stored; 3.2 s; peak memory 153 MiB.
2026-10-09T11:19:00Z INFO [35/1000] 37a512e3-f021-43fd-b36a-54092f579f8a: 255 arrays, 2302.9 MB stored; 5.9 s; peak memory 153 MiB.
2026-10-09T11:19:01Z INFO [36/1000] 37a722b8-604d-440e-b3fa-a450a7c30127: 33 arrays, 0.0 MB stored; 1.3 s; peak memory 153 MiB.
2026-10-09T11:19:02Z INFO [37/1000] 37a74f14-6c13-48b1-80a9-dd0c1e3e59f1: 110 arrays, 0.9 MB stored; 2.1 s; peak memory 153 MiB.
2026-10-09T11:19:03Z INFO [38/1000] 37a7351b-da7f-4558-84c3-7a377582ef11: 119 arrays, 67.3 MB stored; 3.1 s; peak memory 153 MiB.
2026-10-09T11:19:04Z INFO [39/1000] 37a7c537-8499-4949-bdfe-64b020b4b375: 87 arrays, 15.3 MB stored; 3.1 s; peak memory 153 MiB.
2026-10-09T11:19:04Z INFO [40/1000] 37a840cf-039a-4b5d-aaf8-9a9502e16015: 117 arrays, 0.4 MB stored; 1.8 s; peak memory 153 MiB.
2026-10-09T11:19:05Z INFO [41/1000] 37a87619-4dff-4cbc-9a4e-ee77807c5552: 117 arrays, 17.8 MB stored; 2.6 s; peak memory 153 MiB.
2026-10-09T11:19:06Z INFO [42/1000] 37a9203a-8768-4fc9-b117-b60e5ec205cc: 112 arrays, 0.8 MB stored; 1.9 s; peak memory 153 MiB.
2026-10-09T11:19:07Z INFO [43/1000] 37aaa14f-5dca-4afb-b213-ee234b134ca2: 117 arrays, 0.2 MB stored; 1.5 s; peak memory 153 MiB.
2026-10-09T11:19:08Z INFO [44/1000] 37a6c242-d28b-44b6-94b8-adea1aaf3b40: 49 arrays, 10244.0 MB stored; 10.9 s; peak memory 153 MiB.
2026-10-09T11:19:09Z INFO [45/1000] 37aae9b1-df84-4ea3-aaa3-f8bbbb83050a: 111 arrays, 0.1 MB stored; 1.7 s; peak memory 153 MiB.
2026-10-09T11:19:10Z INFO [46/1000] 37a9b79e-6ced-4da7-a61d-7705c94a1cc1: 341 arrays, 2.9 MB stored; 4.1 s; peak memory 153 MiB.
2026-10-09T11:19:10Z INFO [47/1000] 37ab2375-37d8-4e6c-a3db-62d6a4709f42: 182 arrays, 0.7 MB stored; 1.9 s; peak memory 153 MiB.
2026-10-09T11:19:11Z INFO [48/1000] 37abb210-fbdd-4df7-8048-c3ef1e5ecb2a: 71 arrays, 3.1 MB stored; 1.7 s; peak memory 153 MiB.
2026-10-09T11:19:12Z INFO [49/1000] 37abecaa-196a-4c0b-adf1-bab168d9d39e: 48 arrays, 251.7 MB stored; 1.6 s; peak memory 153 MiB.
2026-10-09T11:19:13Z INFO [50/1000] 37a908cd-c43a-49d5-ba20-3f9fd578beae: 1009 arrays, 23.7 MB stored; 8.9 s; peak memory 153 MiB.
2026-10-09T11:19:13Z INFO [51/1000] 37ac3ab7-8852-45b2-b330-b1cb73dc0095: 48 arrays, 83.9 MB stored; 1.5 s; peak memory 153 MiB.
2026-10-09T11:19:14Z INFO [52/1000] 37ac7fe2-4ddd-41e1-a196-2e5afcb40a08: 51 arrays, 3855.9 MB stored; 1.9 s; peak memory 153 MiB.
2026-10-09T11:19:15Z INFO [53/1000] 37ac9124-9497-4147-95bf-28e7a44fd287: 117 arrays, 0.5 MB stored; 1.8 s; peak memory 153 MiB.
2026-10-09T11:19:16Z INFO [54/1000] 37ab700c-0e03-4bbc-8c39-e31ce127bcc4: 768 arrays, 8.3 MB stored; 6.6 s; peak memory 153 MiB.
2026-10-09T11:19:17Z INFO [55/1000] 37ad8e33-b315-4fc7-ae0d-81db5594eec2: 57 arrays, 0.0 MB stored; 1.3 s; peak memory 153 MiB.
2026-10-09T11:19:17Z INFO [56/1000] 37acfcbf-6dcd-435c-9d63-9ad58fff9259: 106 arrays, 2492.1 MB stored; 3.7 s; peak memory 153 MiB.
2026-10-09T11:19:18Z INFO [57/1000] 37acb689-2f65-4874-95d3-3da0a483eb70: 467 arrays, 6.0 MB stored; 5.5 s; peak memory 153 MiB.
2026-10-09T11:19:19Z INFO [58/1000] 37a73a5c-4b76-4020-933c-8d6512d1cbf5: 1483 arrays, 32.7 MB stored; 18.4 s; peak memory 153 MiB.
2026-10-09T11:19:19Z INFO [59/1000] 37ae01b6-0ba5-438c-b620-d70ddb64c2a5: 52 arrays, 18.2 MB stored; 1.6 s; peak memory 153 MiB.
2026-10-09T11:19:20Z INFO [60/1000] 37ae551c-63eb-4832-b058-6274e78e624e: 56 arrays, 0.0 MB stored; 1.4 s; peak memory 153 MiB.
2026-10-09T11:19:20Z INFO [61/1000] 37adb5e4-52ea-4423-8dfa-cec77bafa35f: 38 arrays, 36.6 MB stored; 2.8 s; peak memory 153 MiB.
2026-10-09T11:19:21Z INFO [62/1000] 37af1310-b709-41f5-9d9f-673a017503bc: 117 arrays, 0.2 MB stored; 1.7 s; peak memory 153 MiB.
2026-10-09T11:19:22Z INFO [63/1000] 37af6407-1674-42e1-bad2-22009c0a2d9c: 90 arrays, 0.1 MB stored; 1.6 s; peak memory 153 MiB.
2026-10-09T11:19:22Z INFO [64/1000] 37ad1c4c-290a-4a8a-9636-f86657c9c755: 219 arrays, 649.9 MB stored; 7.6 s; peak memory 153 MiB.
2026-10-09T11:19:22Z INFO [65/1000] 37af7d96-33ac-42f4-8832-06bdbec0f6c6: 48 arrays, 83.9 MB stored; 1.6 s; peak memory 153 MiB.
2026-10-09T11:19:24Z INFO [66/1000] 37afc84b-cd01-4979-8369-62778f683abb: 118 arrays, 0.3 MB stored; 1.7 s; peak memory 153 MiB.
2026-10-09T11:19:24Z INFO [67/1000] 37b0282f-7173-4087-b087-6b8fe6fbb366: 48 arrays, 83.9 MB stored; 1.5 s; peak memory 153 MiB.
2026-10-09T11:19:25Z INFO [68/1000] 37b0c534-4a9d-49af-8e18-df5b0eca61fd: 46 arrays, 0.2 MB stored; 1.5 s; peak memory 153 MiB.
2026-10-09T11:19:25Z INFO [69/1000] 37b087d7-5425-41f0-8759-d0a28692c6cd: 52 arrays, 14.7 MB stored; 1.6 s; peak memory 153 MiB.
2026-10-09T11:19:26Z INFO [70/1000] 37af2a3a-1ab2-44eb-ad81-683e89d47351: 229 arrays, 325.7 MB stored; 5.9 s; peak memory 153 MiB.
2026-10-09T11:19:27Z INFO [71/1000] 37b25ea3-cf71-480c-9f78-03e44f577c05: 117 arrays, 0.4 MB stored; 1.8 s; peak memory 153 MiB.
2026-10-09T11:19:30Z INFO [72/1000] 37b291f2-f29f-44ea-9cc7-f22ac8788f96: 71 arrays, 49.2 MB stored; 2.4 s; peak memory 153 MiB.
2026-10-09T11:19:31Z INFO [73/1000] 37b2ef01-c239-4b5f-b17f-52972dca55de: 48 arrays, 83.9 MB stored; 1.5 s; peak memory 153 MiB.
2026-10-09T11:19:32Z INFO [74/1000] 37b109e8-84dd-419d-a2d3-e376142abb04: 193 arrays, 611.4 MB stored; 7.1 s; peak memory 153 MiB.
2026-10-09T11:19:33Z INFO [75/1000] 37b381c9-a12f-4c88-9b31-bd31f808d892: 112 arrays, 0.7 MB stored; 1.9 s; peak memory 153 MiB.
2026-10-09T11:19:34Z INFO [76/1000] 37b3d483-3028-43f1-ade7-173c7afb8e43: 118 arrays, 0.4 MB stored; 1.6 s; peak memory 153 MiB.
2026-10-09T11:19:35Z INFO [77/1000] 37b3ede3-a82f-44f9-a8b1-4ac3acadf7b8: 62 arrays, 4329.3 MB stored; 2.0 s; peak memory 153 MiB.
2026-10-09T11:19:37Z INFO [78/1000] 37b50ee3-8078-4f4a-90e8-4c65321c9b74: 112 arrays, 1.2 MB stored; 2.1 s; peak memory 153 MiB.
2026-10-09T11:19:39Z INFO [79/1000] 37b554ec-9a7b-4b3e-af66-fcfd9313b7ba: 48 arrays, 83.9 MB stored; 1.5 s; peak memory 153 MiB.
2026-10-09T11:19:39Z INFO [80/1000] 37b446f0-98b1-406b-8681-040f3e631386: 229 arrays, 245.3 MB stored; 5.2 s; peak memory 153 MiB.
2026-10-09T11:19:40Z INFO [81/1000] 37b24eeb-6877-48ff-a270-b347535bfde6: 5110 arrays, 32.1 MB stored; 14.8 s; peak memory 153 MiB.
2026-10-09T11:19:40Z INFO [82/1000] 37b5a030-9349-4124-82b8-73c5b44f0020: 48 arrays, 83.9 MB stored; 1.6 s; peak memory 153 MiB.
2026-10-09T11:19:41Z INFO [83/1000] 37a3e63e-e6f8-40bb-ad0d-64c85bd80b60: 13571 arrays, 497.0 MB stored; 47.8 s; peak memory 153 MiB.
2026-10-09T11:19:41Z INFO [84/1000] 37b601a2-7406-4600-860a-b652aeb4aac3: 51 arrays, 1911.2 MB stored; 1.9 s; peak memory 153 MiB.
2026-10-09T11:19:42Z INFO [85/1000] 37b64245-82cf-4548-984f-e5b5848d5777: 39 arrays, 9.0 MB stored; 1.5 s; peak memory 153 MiB.
2026-10-09T11:19:42Z INFO [86/1000] 37b62bb5-d9f2-485b-a930-da5a9d001400: 112 arrays, 0.6 MB stored; 2.0 s; peak memory 153 MiB.
2026-10-09T11:19:43Z INFO [87/1000] 37b70a52-9620-4516-bfee-2f2babe0fc21: 48 arrays, 83.9 MB stored; 1.5 s; peak memory 153 MiB.
2026-10-09T11:19:44Z INFO [88/1000] 37b82253-2f25-4d6d-a24c-0e7c7f6067ea: 48 arrays, 83.9 MB stored; 1.7 s; peak memory 153 MiB.
2026-10-09T11:19:45Z INFO [89/1000] 37b87a37-e956-452b-9600-baeb57b61b3e: 289 arrays, 17.1 MB stored; 2.1 s; peak memory 153 MiB.
2026-10-09T11:19:46Z INFO [90/1000] 37b9bc23-2c59-4709-a520-b5f7b0a6c593: 117 arrays, 0.7 MB stored; 1.8 s; peak memory 153 MiB.
2026-10-09T11:19:47Z INFO [91/1000] 37b9e40f-f39b-4030-8ac2-4075e8b09b54: 119 arrays, 66.4 MB stored; 2.4 s; peak memory 153 MiB.
2026-10-09T11:19:47Z INFO [92/1000] 37b732c8-1be6-4078-8020-5b3b5239ec1b: 323 arrays, 55.1 MB stored; 6.4 s; peak memory 153 MiB.
2026-10-09T11:19:49Z INFO [93/1000] 37b741ef-1858-4da5-ae10-a5bfc4d304e4: 538 arrays, 8.4 MB stored; 6.5 s; peak memory 153 MiB.
2026-10-09T11:19:49Z INFO [94/1000] 37bae713-cdc0-4faa-b056-9a45f0f04659: 133 arrays, 0.1 MB stored; 1.7 s; peak memory 153 MiB.
2026-10-09T11:19:50Z INFO [95/1000] 37bb25f0-f5ef-419d-8ab9-6b00095cea3e: 74 arrays, 46.5 MB stored; 2.3 s; peak memory 153 MiB.
2026-10-09T11:19:50Z INFO [96/1000] 37bb5f68-a035-40bc-884b-ca258e129f18: 110 arrays, 0.6 MB stored; 1.9 s; peak memory 153 MiB.
2026-10-09T11:19:52Z INFO [97/1000] 37bb6bfd-428c-46b2-80ba-4eb562b12a9c: 115 arrays, 190.0 MB stored; 3.0 s; peak memory 153 MiB.
2026-10-09T11:19:52Z INFO [98/1000] 37bc583a-5be9-4a4d-badc-afa577687e8d: 48 arrays, 83.9 MB stored; 1.5 s; peak memory 153 MiB.
2026-10-09T11:19:53Z INFO [99/1000] 37bc0c69-4826-4f82-88f5-419c127a4a77: 119 arrays, 67.5 MB stored; 3.4 s; peak memory 153 MiB.
2026-10-09T11:19:54Z INFO [100/1000] 37bc8484-ee24-45cb-8806-e6220fadf8ff: 112 arrays, 0.6 MB stored; 1.9 s; peak memory 153 MiB.
2026-10-09T11:19:54Z INFO [101/1000] 37ba8b84-d8ae-41a2-b91d-4e43d82da574: 161 arrays, 57.4 MB stored; 8.6 s; peak memory 153 MiB.
2026-10-09T11:19:55Z INFO [102/1000] 37bcfb24-fa7c-4f5a-88bf-3ba7f5a19bc7: 117 arrays, 0.3 MB stored; 1.8 s; peak memory 153 MiB.
2026-10-09T11:19:55Z INFO [103/1000] 37bc8894-a793-4395-8347-d64ab6a3f2a3: 115 arrays, 190.1 MB stored; 3.1 s; peak memory 153 MiB.
2026-10-09T11:19:55Z INFO [104/1000] 37bd4e09-c489-4aa6-9e53-d382e28c57f1: 116 arrays, 0.3 MB stored; 1.7 s; peak memory 153 MiB.
2026-10-09T11:19:56Z INFO [105/1000] 37be40eb-8d8c-4e9b-9bb5-c8e9171f8c1a: 84 arrays, 0.3 MB stored; 1.6 s; peak memory 153 MiB.
2026-10-09T11:19:56Z INFO [106/1000] 37beade7-7c40-4fc4-96e2-7ea9bb46f5a7: 37 arrays, 0.0 MB stored; 1.3 s; peak memory 153 MiB.
2026-10-09T11:19:57Z INFO [107/1000] 37be76dc-0983-48c4-beff-b8a3ec763f9c: 115 arrays, 0.2 MB stored; 1.8 s; peak memory 153 MiB.
2026-10-09T11:19:58Z INFO [108/1000] 37bf027a-2691-41e2-8969-aeded04bd3b4: 53 arrays, 619.8 MB stored; 2.5 s; peak memory 153 MiB.
2026-10-09T11:19:58Z INFO [109/1000] 37c01e08-df16-459c-bc88-cf44517be54b: 64 arrays, 0.0 MB stored; 1.5 s; peak memory 153 MiB.
2026-10-09T11:19:58Z INFO [110/1000] 37bf1c10-6ab0-48ff-a3b2-0bd7650d79f4: 53 arrays, 624.2 MB stored; 2.4 s; peak memory 153 MiB.
2026-10-09T11:19:58Z INFO [111/1000] 37bfa315-9423-4315-a055-47085bc28ee4: 76 arrays, 63.2 MB stored; 2.1 s; peak memory 153 MiB.
2026-10-09T11:20:00Z INFO [112/1000] 37c06f3d-0b60-42ca-b93b-ec7b61a9b47c: 64 arrays, 39.6 MB stored; 2.1 s; peak memory 153 MiB.
2026-10-09T11:20:00Z INFO [113/1000] 37c16f36-909b-469c-a678-0f225577a567: 52 arrays, 14.6 MB stored; 1.8 s; peak memory 153 MiB.
2026-10-09T11:20:00Z INFO [114/1000] 37c15973-2012-4c97-92b1-6d79cff31cba: 66 arrays, 19.4 MB stored; 2.0 s; peak memory 153 MiB.
2026-10-09T11:20:02Z INFO [115/1000] 37c153e5-38bf-4125-b102-775c9847182a: 111 arrays, 19.2 MB stored; 3.4 s; peak memory 153 MiB.
2026-10-09T11:20:02Z INFO [116/1000] 37c1df3a-684d-4b18-88e8-58ae6953a18a: 66 arrays, 94.2 MB stored; 2.1 s; peak memory 153 MiB.
2026-10-09T11:20:03Z INFO [117/1000] 37c16f6e-b45e-45ad-b7bb-fafa74f6dd94: 464 arrays, 2.3 MB stored; 2.7 s; peak memory 153 MiB.
2026-10-09T11:20:03Z INFO [118/1000] 37c1ecbc-6763-49a3-be89-2e7e5432e655: 112 arrays, 0.4 MB stored; 1.8 s; peak memory 153 MiB.
2026-10-09T11:20:05Z INFO [119/1000] 37c2e6b5-703d-49a3-bc89-e92cca90cf04: 66 arrays, 21.1 MB stored; 1.9 s; peak memory 153 MiB.
2026-10-09T11:20:05Z INFO [120/1000] 37c3cd72-6206-4c0c-9fb7-1ab9e388564b: 118 arrays, 0.2 MB stored; 1.7 s; peak memory 153 MiB.
2026-10-09T11:20:06Z INFO [121/1000] 37c1fb75-e938-4c40-9360-cd2c6571fa2c: 80 arrays, 442.8 MB stored; 3.2 s; peak memory 153 MiB.
2026-10-09T11:20:06Z INFO [122/1000] 37c43264-a47c-4ae9-855d-81c7b1ebca1f: 48 arrays, 83.9 MB stored; 1.5 s; peak memory 153 MiB.
2026-10-09T11:20:07Z INFO [123/1000] 37c4d80f-d499-484a-ab97-64153261fd90: 78 arrays, 0.0 MB stored; 1.7 s; peak memory 153 MiB.
2026-10-09T11:20:09Z INFO [124/1000] 37c57d05-1298-410f-a236-0b3ab9a6b6c4: 112 arrays, 0.7 MB stored; 1.9 s; peak memory 153 MiB.
2026-10-09T11:20:11Z INFO [125/1000] 37c585b9-7b95-439e-a2b8-f41b3772dc99: 112 arrays, 0.3 MB stored; 1.7 s; peak memory 153 MiB.
2026-10-09T11:20:12Z INFO [126/1000] 37c74265-a5fa-4310-b7c4-1b2e9efd7006: 48 arrays, 83.9 MB stored; 1.4 s; peak memory 153 MiB.
2026-10-09T11:20:14Z INFO [127/1000] 37c82627-b2e2-4289-ba0b-95b51e50e4bd: 48 arrays, 83.9 MB stored; 1.5 s; peak memory 153 MiB.
2026-10-09T11:20:14Z INFO [128/1000] 37c18dd2-81af-4f30-8c1a-e73c3755ae56: 1071 arrays, 24.9 MB stored; 14.1 s; peak memory 153 MiB.
2026-10-09T11:20:16Z INFO [129/1000] 37c8302c-3416-4e35-b876-879e2adbbc2e: 112 arrays, 0.7 MB stored; 2.0 s; peak memory 153 MiB.
2026-10-09T11:20:16Z INFO [130/1000] 37c8cacf-7879-4bbf-aea4-5199c12892ed: 118 arrays, 0.2 MB stored; 1.6 s; peak memory 153 MiB.
2026-10-09T11:20:17Z INFO [131/1000] 37c9ecb2-5435-45cc-9438-e12b6fdcd99b: 48 arrays, 83.9 MB stored; 1.5 s; peak memory 153 MiB.
2026-10-09T11:20:19Z INFO [132/1000] 37c443c9-afe9-4bca-a9be-dd29b9839f55: 1129 arrays, 43.9 MB stored; 13.7 s; peak memory 153 MiB.
2026-10-09T11:20:20Z INFO [133/1000] 37ca89dd-5c1d-4c6c-bffd-167a71562a21: 48 arrays, 83.9 MB stored; 1.5 s; peak memory 153 MiB.
2026-10-09T11:20:22Z INFO [134/1000] 37cbe5a9-d3ed-4c54-a80a-cf0526dfe984: 69 arrays, 45.1 MB stored; 2.0 s; peak memory 153 MiB.
2026-10-09T11:20:24Z INFO [135/1000] 37c9fc6a-4b58-4693-8891-966ceba57acd: 744 arrays, 9.6 MB stored; 6.4 s; peak memory 153 MiB.
2026-10-09T11:20:24Z INFO [136/1000] 37cc5ddc-cdc5-4906-a940-47f334e11ba0: 117 arrays, 0.5 MB stored; 1.7 s; peak memory 153 MiB.
2026-10-09T11:20:25Z INFO [137/1000] 37cc7a94-9d08-4d8c-b196-1ccae3d514f5: 41 arrays, 8.4 MB stored; 1.5 s; peak memory 153 MiB.
2026-10-09T11:20:25Z INFO [138/1000] 37cca03f-eabb-4175-965f-2c86dfd048a6: 48 arrays, 83.9 MB stored; 1.5 s; peak memory 153 MiB.
2026-10-09T11:20:27Z INFO [139/1000] 37ccb0ab-3c5d-4fb4-aae9-f980fdac819a: 48 arrays, 83.9 MB stored; 1.5 s; peak memory 153 MiB.
2026-10-09T11:20:28Z INFO [140/1000] 37c8dcb8-30de-4974-9fd0-c659c1274d8a: 775 arrays, 38.2 MB stored; 12.5 s; peak memory 153 MiB.
2026-10-09T11:20:29Z INFO [141/1000] 37cd4fc2-1e21-4018-8bdf-86f23ac88434: 114 arrays, 186.8 MB stored; 3.2 s; peak memory 153 MiB.
2026-10-09T11:20:30Z INFO [142/1000] 37cde2c9-4c06-4631-b2d4-08e0366de8be: 48 arrays, 83.9 MB stored; 1.5 s; peak memory 153 MiB.
2026-10-09T11:20:30Z INFO [143/1000] 37ce15f9-d126-482f-b5f3-d6d12fc57f24: 116 arrays, 0.4 MB stored; 1.7 s; peak memory 153 MiB.
2026-10-09T11:20:30Z INFO [144/1000] 37cd85e1-3567-4dd2-a4e2-9567b253e384: 156 arrays, 193.5 MB stored; 3.5 s; peak memory 153 MiB.
2026-10-09T11:20:32Z INFO [145/1000] 37cf3be4-e2e2-435d-b4a3-2a790826b24b: 48 arrays, 83.9 MB stored; 1.4 s; peak memory 153 MiB.
2026-10-09T11:20:32Z INFO [146/1000] 37cf3d3c-059d-4731-89ef-e88ab9b2bb0a: 48 arrays, 83.9 MB stored; 1.6 s; peak memory 153 MiB.
2026-10-09T11:20:33Z INFO [147/1000] 37cfb443-5b2e-45b8-8301-73a6f14a2926: 41 arrays, 14.4 MB stored; 1.5 s; peak memory 153 MiB.
2026-10-09T11:20:33Z INFO [148/1000] 37cffdf2-d332-48f6-8c4d-63ffc05b3102: 42 arrays, 3.8 MB stored; 1.4 s; peak memory 153 MiB.
2026-10-09T11:20:35Z INFO [149/1000] 37d09533-c1b7-4873-9c54-46973860c8c4: 66 arrays, 100.9 MB stored; 2.0 s; peak memory 153 MiB.
2026-10-09T11:20:35Z INFO [150/1000] 37d10f70-32cb-49c4-90c3-b92c4e897f69: 112 arrays, 0.4 MB stored; 1.9 s; peak memory 153 MiB.
2026-10-09T11:20:37Z INFO [151/1000] 37d121ee-8f25-4589-9b64-8f11f6702e0a: 70 arrays, 78.0 MB stored; 2.2 s; peak memory 153 MiB.
2026-10-09T11:20:39Z INFO [152/1000] 37d15952-8219-4fbb-8397-9a35a80439ff: 119 arrays, 67.3 MB stored; 3.3 s; peak memory 153 MiB.
2026-10-09T11:20:40Z INFO [153/1000] 37d1b21e-7e0b-4ec9-9306-3a6b68ac8381: 112 arrays, 0.9 MB stored; 2.1 s; peak memory 153 MiB.
2026-10-09T11:20:41Z INFO [154/1000] 37d3ef0c-7114-4e28-917f-8abce2651164: 112 arrays, 0.5 MB stored; 1.8 s; peak memory 153 MiB.
2026-10-09T11:20:42Z INFO [155/1000] 37d1f7ba-954f-47d0-bb85-ad8390b10cfb: 90 arrays, 127.6 MB stored; 3.3 s; peak memory 153 MiB.
2026-10-09T11:20:43Z INFO [156/1000] 37d40847-1adf-4c2e-a27b-309895c963b7: 48 arrays, 83.9 MB stored; 1.4 s; peak memory 153 MiB.
2026-10-09T11:20:45Z INFO [157/1000] 37d51a89-d419-48ca-9a33-7d7ea3c98f4a: 71 arrays, 1.7 MB stored; 1.8 s; peak memory 153 MiB.
2026-10-09T11:20:49Z INFO [158/1000] 37d45762-f60f-402e-8269-4d3212c45d0b: 229 arrays, 843.1 MB stored; 6.5 s; peak memory 153 MiB.
2026-10-09T11:20:50Z INFO [159/1000] 37d6742e-8a31-49c3-9fe2-90df969eb85c: 42 arrays, 15055.5 MB stored; 1.6 s; peak memory 153 MiB.
2026-10-09T11:20:51Z INFO [160/1000] 37d74a2e-fe94-4e5c-8e4f-1c38adbbd40c: 46 arrays, 1.6 MB stored; 1.3 s; peak memory 153 MiB.
2026-10-09T11:20:53Z INFO [161/1000] 37d792cc-88d1-463e-9308-3d52057a6897: 114 arrays, 0.2 MB stored; 1.7 s; peak memory 153 MiB.
2026-10-09T11:20:55Z INFO [162/1000] 37d7bf7b-5f95-4574-89a7-bfc60e705c10: 45 arrays, 7.4 MB stored; 1.6 s; peak memory 153 MiB.
2026-10-09T11:20:57Z INFO [163/1000] 37d8ae64-9be8-4935-a6d4-e300c1e34c03: 112 arrays, 0.4 MB stored; 1.8 s; peak memory 153 MiB.
2026-10-09T11:20:58Z INFO [164/1000] 37d8e581-ba4e-4fff-a581-4cf1c162c264: 112 arrays, 0.9 MB stored; 2.0 s; peak memory 153 MiB.
2026-10-09T11:21:00Z INFO [165/1000] 37d914ba-af44-40e6-ade7-ae4b6a93ffc3: 112 arrays, 0.5 MB stored; 2.0 s; peak memory 153 MiB.
2026-10-09T11:21:01Z INFO [166/1000] 379e0813-98a1-4d1c-97cd-2ec14045083c: 413 arrays, 19754.8 MB stored; 133.2 s; peak memory 153 MiB.
2026-10-09T11:21:02Z INFO [167/1000] 37d9ed56-fe3f-4c4a-9bbe-9491cb8991b0: 117 arrays, 0.3 MB stored; 1.8 s; peak memory 153 MiB.
2026-10-09T11:21:04Z INFO [168/1000] 37da42be-4330-4324-9a1d-fce937d12633: 186 arrays, 15.0 MB stored; 2.9 s; peak memory 153 MiB.
2026-10-09T11:21:06Z INFO [169/1000] 37daf441-4b73-46ea-bfbd-be547055a7e8: 116 arrays, 0.4 MB stored; 1.7 s; peak memory 153 MiB.
2026-10-09T11:21:07Z INFO [170/1000] 37dafbe1-a805-44f1-909e-14f7a494f690: 48 arrays, 83.9 MB stored; 1.6 s; peak memory 153 MiB.
2026-10-09T11:21:08Z INFO [171/1000] 37d532d4-b225-4cda-995a-4c796acebf53: 48 arrays, 40047.5 MB stored; 23.4 s; peak memory 153 MiB.
2026-10-09T11:21:09Z INFO [172/1000] 37dbb9e2-83f1-472c-9993-e0ec9673c604: 118 arrays, 0.5 MB stored; 1.8 s; peak memory 153 MiB.
2026-10-09T11:21:10Z INFO [173/1000] 37dbd0bf-58ba-4d3a-9332-026b69299bb6: 117 arrays, 0.3 MB stored; 1.8 s; peak memory 153 MiB.
2026-10-09T11:21:12Z INFO [174/1000] 37ae595f-a17d-40e9-8483-d6ac54a0011c: 55 arrays, 7608.2 MB stored; 113.8 s; peak memory 153 MiB.
2026-10-09T11:21:14Z INFO [175/1000] 37dc346c-1b9d-4c13-9186-9f05d15dd385: 52 arrays, 14.2 MB stored; 1.6 s; peak memory 153 MiB.
2026-10-09T11:21:15Z INFO [176/1000] 37dbe919-2bfa-41b7-80a4-fc27c84a8d04: 223 arrays, 238.2 MB stored; 5.8 s; peak memory 153 MiB.
2026-10-09T11:21:18Z INFO [177/1000] 37dcda4c-e8f9-44d1-9bd2-4812a38bc422: 98 arrays, 143.5 MB stored; 2.8 s; peak memory 153 MiB.
2026-10-09T11:21:18Z INFO [178/1000] 37dcaa17-1424-4d3b-bbca-59866fd979b6: 245 arrays, 7.0 MB stored; 4.0 s; peak memory 153 MiB.
2026-10-09T11:21:19Z INFO [179/1000] 37dc28ba-d0fe-4463-a2e0-b526a19377de: 303 arrays, 16762.5 MB stored; 8.7 s; peak memory 153 MiB.
2026-10-09T11:21:19Z INFO [180/1000] 37dce523-fa82-4053-9d31-506332e6b870: 46 arrays, 6.6 MB stored; 1.4 s; peak memory 153 MiB.
2026-10-09T11:21:19Z INFO [181/1000] 37dd85e0-d3e3-4de2-a6d9-7fdec63a0473: 48 arrays, 83.9 MB stored; 1.5 s; peak memory 153 MiB.
2026-10-09T11:21:20Z INFO [182/1000] 37ddd004-a837-4320-a776-31475f6329b6: 48 arrays, 83.9 MB stored; 1.5 s; peak memory 153 MiB.
2026-10-09T11:21:21Z INFO [183/1000] 37de8772-e5ff-4918-8b54-96965ead6c3c: 48 arrays, 83.9 MB stored; 1.5 s; peak memory 153 MiB.
2026-10-09T11:21:22Z INFO [184/1000] 37dea902-aca1-4499-8f9b-d93bc5e966cd: 124 arrays, 0.8 MB stored; 2.4 s; peak memory 153 MiB.
2026-10-09T11:21:23Z INFO [185/1000] 37dec7f0-f4ba-4c7d-9cbd-f67da95b1578: 112 arrays, 0.7 MB stored; 2.0 s; peak memory 153 MiB.
2026-10-09T11:21:25Z INFO [186/1000] 37df7a98-c1e0-46ae-b3af-300738e3ba7a: 90 arrays, 109.3 MB stored; 2.7 s; peak memory 153 MiB.
2026-10-09T11:21:26Z INFO [187/1000] 37de93da-cab3-4dfc-8341-3a6263222acb: 225 arrays, 628.1 MB stored; 6.4 s; peak memory 153 MiB.
2026-10-09T11:21:26Z INFO [188/1000] 37df6067-1de3-4c93-b706-6e469519a60c: 85 arrays, 1462.6 MB stored; 3.8 s; peak memory 153 MiB.
2026-10-09T11:21:27Z INFO [189/1000] 37da4910-352a-4a99-ad30-1bec0b098881: 48 arrays, 35990.1 MB stored; 24.7 s; peak memory 153 MiB.
2026-10-09T11:21:29Z INFO [190/1000] 37e39ae4-98c7-4355-a448-df7e28da72e3: 66 arrays, 18.1 MB stored; 1.8 s; peak memory 153 MiB.
2026-10-09T11:21:31Z INFO [191/1000] 37e4c5cc-b1c8-4624-ab59-3c10053911b9: 45 arrays, 650.4 MB stored; 2.3 s; peak memory 153 MiB.
2026-10-09T11:21:33Z INFO [192/1000] 37e4df39-144f-4afe-9ebe-a166f5089365: 48 arrays, 83.9 MB stored; 1.5 s; peak memory 153 MiB.
2026-10-09T11:21:34Z INFO [193/1000] 37e51690-6156-45e4-9854-30d8d3ae4262: 118 arrays, 0.8 MB stored; 1.9 s; peak memory 153 MiB.
2026-10-09T11:21:36Z INFO [194/1000] 37e56664-be15-4102-ae21-22bc79232594: 112 arrays, 0.7 MB stored; 2.0 s; peak memory 153 MiB.
2026-10-09T11:21:38Z INFO [195/1000] 37e63102-f1cb-4c62-806b-6d68d961c523: 48 arrays, 83.9 MB stored; 1.4 s; peak memory 153 MiB.
2026-10-09T11:21:39Z INFO [196/1000] 37e075a8-760a-41b3-9751-26acc0cef691: 93 arrays, 281.7 MB stored; 13.2 s; peak memory 153 MiB.
2026-10-09T11:21:40Z INFO [197/1000] 37e1d8e3-7faa-4e85-89bb-1e00550c36f6: 278 arrays, 525.1 MB stored; 13.7 s; peak memory 153 MiB.
2026-10-09T11:21:40Z INFO [198/1000] 37e67318-c548-4b9b-b4ff-d3234397c187: 48 arrays, 83.9 MB stored; 1.6 s; peak memory 153 MiB.
2026-10-09T11:21:42Z INFO [199/1000] 37e69976-144e-4eed-b986-cd55570c692a: 112 arrays, 0.4 MB stored; 1.7 s; peak memory 153 MiB.
2026-10-09T11:21:42Z INFO [200/1000] 37e6ab36-d31f-4868-82b8-68e16886c22b: 66 arrays, 94.0 MB stored; 2.0 s; peak memory 153 MiB.
2026-10-09T11:21:43Z INFO [200/1000] 37e6ab36-d31f-4868-82b8-68e16886c22b: checkpointed 200 new records.
2026-10-09T11:21:43Z INFO [201/1000] 37e6e17b-f43e-480e-b96d-3a55d85601df: 39 arrays, 28.9 MB stored; 1.6 s; peak memory 235 MiB.
2026-10-09T11:21:44Z INFO [202/1000] 37e63a9c-669a-41bf-91e9-8b336d1c8ded: 49 arrays, 3193.8 MB stored; 5.6 s; peak memory 235 MiB.
2026-10-09T11:21:45Z INFO [203/1000] 37e83532-3967-4181-a6de-7e0ff4b4e7b0: 116 arrays, 0.5 MB stored; 1.9 s; peak memory 235 MiB.
2026-10-09T11:21:47Z INFO [204/1000] 37e8580a-c51a-48ec-b150-9d1c31186594: 49 arrays, 1.4 MB stored; 1.8 s; peak memory 235 MiB.
2026-10-09T11:21:49Z INFO [205/1000] 37e87170-fab6-45a3-8353-cf92f4da6ea4: 67 arrays, 2.5 MB stored; 1.7 s; peak memory 235 MiB.
2026-10-09T11:21:51Z INFO [206/1000] 37e8798a-e41f-42b2-a989-ca8763c0d2b4: 48 arrays, 83.9 MB stored; 1.5 s; peak memory 235 MiB.
2026-10-09T11:21:51Z INFO [207/1000] 37e0af70-dd4f-4746-8084-67b0420a20b0: 48 arrays, 41654.1 MB stored; 24.7 s; peak memory 235 MiB.
2026-10-09T11:21:51Z INFO [208/1000] 37e771cd-14fc-4bdc-8d99-9fa13e714ec7: 192 arrays, 961.8 MB stored; 7.6 s; peak memory 235 MiB.
2026-10-09T11:21:52Z INFO [209/1000] 37e89d66-1831-472f-b389-c4ee96a3a538: 46 arrays, 0.0 MB stored; 1.4 s; peak memory 235 MiB.
2026-10-09T11:21:53Z INFO [210/1000] 37e96ca5-fd2c-44c1-9216-2ffd0c9d5bf7: 116 arrays, 0.4 MB stored; 1.9 s; peak memory 235 MiB.
2026-10-09T11:21:53Z INFO [211/1000] 37ea4cc1-9c49-4055-8471-738b05666e51: 112 arrays, 1.1 MB stored; 2.1 s; peak memory 235 MiB.
2026-10-09T11:21:54Z INFO [212/1000] 37ea7fa3-52ea-4f53-a824-cd56811306a8: 64 arrays, 39.9 MB stored; 1.8 s; peak memory 235 MiB.
2026-10-09T11:21:59Z INFO [213/1000] 37ea9587-572f-4f27-ace3-29768013eb93: 640 arrays, 7.8 MB stored; 6.2 s; peak memory 235 MiB.
2026-10-09T11:22:00Z INFO [214/1000] 37eb1b35-9e00-4491-9b1d-144efb04040b: 48 arrays, 83.9 MB stored; 1.5 s; peak memory 235 MiB.
2026-10-09T11:22:01Z INFO [215/1000] 37eaf1a2-9d46-4ab7-bc33-f3e3f5e20f3c: 897 arrays, 9.8 MB stored; 7.1 s; peak memory 235 MiB.
2026-10-09T11:22:03Z INFO [216/1000] 37eb65eb-a5c0-44ab-b3b2-847176a8942a: 118 arrays, 0.5 MB stored; 1.8 s; peak memory 235 MiB.
2026-10-09T11:22:05Z INFO [217/1000] 37ec3179-8667-438e-8065-528e3a8de8af: 45 arrays, 649.5 MB stored; 2.2 s; peak memory 235 MiB.
2026-10-09T11:22:06Z INFO [218/1000] 37ed24da-2f3b-4874-9e7c-5be0b3021186: 48 arrays, 83.9 MB stored; 1.5 s; peak memory 235 MiB.
2026-10-09T11:22:08Z INFO [219/1000] 37ed3d18-15f7-44ef-8eb5-313f1227979b: 52 arrays, 13.3 MB stored; 1.7 s; peak memory 235 MiB.
2026-10-09T11:22:09Z INFO [220/1000] 37edd07d-00f7-4101-962d-bb8fda311142: 56 arrays, 0.0 MB stored; 1.3 s; peak memory 235 MiB.
2026-10-09T11:22:11Z INFO [221/1000] 37ee576e-4a24-4584-a7c0-130ce72a7627: 116 arrays, 0.4 MB stored; 1.7 s; peak memory 235 MiB.
2026-10-09T11:22:12Z INFO [222/1000] 37eebcbd-c32a-4dbb-9f40-57e018dd940c: 55 arrays, 0.0 MB stored; 1.3 s; peak memory 235 MiB.
2026-10-09T11:22:14Z INFO [223/1000] 37ef4b78-9783-4954-9d75-e72590fe877d: 71 arrays, 4.0 MB stored; 2.0 s; peak memory 235 MiB.
2026-10-09T11:22:16Z INFO [224/1000] 37ef77eb-fa78-4ac5-b694-966bdf12b6b5: 46 arrays, 4.2 MB stored; 1.4 s; peak memory 235 MiB.
2026-10-09T11:22:18Z INFO [225/1000] 37f02473-3249-42ad-b38e-3d58c2f699e0: 117 arrays, 0.3 MB stored; 1.8 s; peak memory 235 MiB.
2026-10-09T11:22:24Z INFO [226/1000] 37f27ce6-0c6a-49b3-9aaa-d1f97c367403: 193 arrays, 513.4 MB stored; 6.3 s; peak memory 235 MiB.
2026-10-09T11:22:26Z INFO [227/1000] 37f2a086-f838-49a8-9155-c445f93b75ba: 66 arrays, 15.8 MB stored; 2.0 s; peak memory 235 MiB.
2026-10-09T11:22:33Z INFO [228/1000] 37f37c94-5d05-47b1-8a6c-ea0afa8d29b4: 538 arrays, 7.6 MB stored; 6.7 s; peak memory 235 MiB.
2026-10-09T11:22:35Z INFO [229/1000] 37f3ac71-a7a9-492a-9892-d35d78738556: 121 arrays, 0.9 MB stored; 2.7 s; peak memory 235 MiB.
2026-10-09T11:22:38Z INFO [230/1000] 37f3f232-7dc7-45ee-9174-1eecd393583a: 71 arrays, 350.5 MB stored; 2.7 s; peak memory 235 MiB.
2026-10-09T11:22:40Z INFO [231/1000] 37f51ad3-b50d-453f-bcc9-e628c19c0d08: 52 arrays, 12.5 MB stored; 1.6 s; peak memory 235 MiB.
2026-10-09T11:22:42Z INFO [232/1000] 37f53d62-68e2-4c0b-9e01-505a03169777: 62 arrays, 4733.1 MB stored; 2.1 s; peak memory 235 MiB.
2026-10-09T11:22:43Z INFO [233/1000] 37f5fe0c-a7de-41b6-b1b1-1f1aa8867394: 46 arrays, 0.1 MB stored; 1.2 s; peak memory 235 MiB.
2026-10-09T11:22:45Z INFO [234/1000] 37f6379d-c784-436e-a6f6-3ae5769af8f0: 118 arrays, 0.3 MB stored; 1.7 s; peak memory 235 MiB.
2026-10-09T11:22:46Z INFO [235/1000] 37f66f53-2c71-41d0-bc61-cfc4c98a325a: 48 arrays, 83.9 MB stored; 1.5 s; peak memory 235 MiB.
2026-10-09T11:22:48Z INFO [236/1000] 37f6b3ff-84a2-4364-aa3d-960c7b37182d: 116 arrays, 0.3 MB stored; 1.7 s; peak memory 235 MiB.
2026-10-09T11:23:02Z INFO [237/1000] 37f6fbdd-5335-472a-b539-78b779da5b8b: 588 arrays, 227.9 MB stored; 14.0 s; peak memory 235 MiB.
2026-10-09T11:23:03Z INFO [238/1000] 37f7c664-8ddd-4fcb-a3f0-b3e2787ad60a: 78 arrays, 0.0 MB stored; 1.6 s; peak memory 235 MiB.
2026-10-09T11:23:05Z INFO [239/1000] 37f808af-38b4-4ec1-a95e-f09aa0ceb052: 48 arrays, 83.9 MB stored; 1.4 s; peak memory 235 MiB.
2026-10-09T11:23:06Z INFO [240/1000] 37f829cf-ed7f-4d14-aa55-4b760e45a495: 48 arrays, 83.9 MB stored; 1.4 s; peak memory 235 MiB.
2026-10-09T11:23:08Z INFO [241/1000] 37f96727-2a83-41f1-9ccf-65cdae838aa8: 110 arrays, 0.8 MB stored; 2.1 s; peak memory 235 MiB.
2026-10-09T11:23:10Z INFO [242/1000] 37f9887b-d386-4a16-b51f-75e1b9cd5e6a: 52 arrays, 11.9 MB stored; 1.5 s; peak memory 235 MiB.
2026-10-09T11:23:15Z INFO [243/1000] 37a56dbf-0f09-493a-a444-8e65ba0651e1: 436 arrays, 39390.4 MB stored; 260.1 s; peak memory 235 MiB.
2026-10-09T11:23:17Z INFO [244/1000] 37eae26c-b66d-45db-8a7a-189525df79f4: 58 arrays, 6915.2 MB stored; 84.6 s; peak memory 235 MiB.
2026-10-09T11:23:21Z INFO [245/1000] 37f989bd-f6a6-463a-8dfa-bfd3cdebe8e6: 429 arrays, 14126.5 MB stored; 11.6 s; peak memory 235 MiB.
2026-10-09T11:23:29Z INFO [246/1000] 37f9e4e2-d494-4992-9c44-e157d8b91be5: 11477 arrays, 438.2 MB stored; 11.3 s; peak memory 235 MiB.
2026-10-09T11:23:30Z INFO [247/1000] 37fae6dd-cb7a-420a-9675-741e2e3cc09b: 45 arrays, 0.0 MB stored; 1.3 s; peak memory 235 MiB.
2026-10-09T11:23:32Z INFO [248/1000] 37fc59b2-1723-4c18-b271-1afd334a9426: 116 arrays, 0.3 MB stored; 1.7 s; peak memory 235 MiB.
2026-10-09T11:23:33Z INFO [249/1000] 37afc1a8-ee0e-4cb6-b5f5-d16d8583517f: 292 arrays, 40373.5 MB stored; 251.6 s; peak memory 235 MiB.
2026-10-09T11:23:41Z INFO [250/1000] 37fad943-df05-4309-84fb-a8a224c4a947: 622 arrays, 22.9 MB stored; 19.8 s; peak memory 235 MiB.
2026-10-09T11:23:41Z INFO [251/1000] 37f9d41b-97ef-46fd-93b5-ec57bae23214: 48 arrays, 38835.6 MB stored; 25.9 s; peak memory 235 MiB.
2026-10-09T11:23:43Z INFO [252/1000] 37fd9388-f5cb-435e-9d06-7e7207762bd7: 50 arrays, 0.9 MB stored; 1.4 s; peak memory 235 MiB.
2026-10-09T11:23:43Z INFO [253/1000] 37fdbaf2-d12d-4077-9fb1-94feaf71de68: 84 arrays, 1.2 MB stored; 2.1 s; peak memory 235 MiB.
2026-10-09T11:23:44Z INFO [254/1000] 37fdc926-c7a4-4eb4-b88a-0bae7f137ec8: 46 arrays, 12.6 MB stored; 1.6 s; peak memory 235 MiB.
2026-10-09T11:23:45Z INFO [255/1000] 37fdecb8-ddf9-4594-af77-7f32f4339f6e: 48 arrays, 83.9 MB stored; 1.4 s; peak memory 235 MiB.
2026-10-09T11:23:51Z INFO [256/1000] 37fe0dbe-1a65-4b6f-a9fa-ed2001ed9367: 200 arrays, 189.8 MB stored; 5.9 s; peak memory 235 MiB.
2026-10-09T11:23:53Z INFO [257/1000] 37fdd4cc-d101-4cb0-884a-2997e25a6109: 1511 arrays, 13.8 MB stored; 9.9 s; peak memory 235 MiB.
2026-10-09T11:23:54Z INFO [258/1000] 37fea090-f0e9-4090-ba22-1ee739c0ea47: 38 arrays, 57.8 MB stored; 3.1 s; peak memory 235 MiB.
2026-10-09T11:23:55Z INFO [259/1000] 38001b5b-bf5e-4902-b4c6-7648404aa1b6: 48 arrays, 83.9 MB stored; 1.5 s; peak memory 235 MiB.
2026-10-09T11:23:57Z INFO [260/1000] 38009fb4-4d29-4df1-af33-0742e018c39d: 64 arrays, 29.9 MB stored; 1.9 s; peak memory 235 MiB.
2026-10-09T11:23:58Z INFO [261/1000] 38008a8e-1c74-4ed9-a0f5-de15440c0a85: 156 arrays, 193.6 MB stored; 3.6 s; peak memory 235 MiB.
2026-10-09T11:23:58Z INFO [262/1000] 380153bb-6432-4cb9-8a37-398f92e762eb: 48 arrays, 83.9 MB stored; 1.5 s; peak memory 235 MiB.
2026-10-09T11:24:00Z INFO [263/1000] 38015a40-4eba-4304-85d9-af5cd7475ed7: 48 arrays, 83.9 MB stored; 1.6 s; peak memory 235 MiB.
2026-10-09T11:24:00Z INFO [264/1000] 38019fab-b38d-446d-af5d-fda5d6715937: 117 arrays, 0.3 MB stored; 1.7 s; peak memory 235 MiB.
2026-10-09T11:24:01Z INFO [265/1000] 3804b0c2-e865-47f5-95a0-f4a52ae650d4: 77 arrays, 0.0 MB stored; 1.8 s; peak memory 235 MiB.
2026-10-09T11:24:02Z INFO [266/1000] 3806cc9f-1213-4982-bab9-4b5fb26984cb: 48 arrays, 83.9 MB stored; 1.5 s; peak memory 235 MiB.
2026-10-09T11:24:03Z INFO [267/1000] 38070d83-ddfa-4383-b4eb-b6b5f624e4a0: 48 arrays, 83.9 MB stored; 1.5 s; peak memory 235 MiB.
2026-10-09T11:24:03Z INFO [268/1000] 38070dfe-9f4a-4a67-a0cd-3acaa3e0b66f: 48 arrays, 83.9 MB stored; 1.5 s; peak memory 235 MiB.
2026-10-09T11:24:13Z INFO [269/1000] 37fd913e-317f-4db8-91f9-55b9498ad3f0: 50 arrays, 2602.6 MB stored; 39.8 s; peak memory 235 MiB.
2026-10-09T11:24:14Z INFO [270/1000] 380803dd-848f-438d-87a9-106f34c3e14e: 45 arrays, 0.0 MB stored; 1.3 s; peak memory 235 MiB.
2026-10-09T11:24:16Z INFO [271/1000] 3807b7af-f04d-411d-8d6b-64cff965fc40: 930 arrays, 25.7 MB stored; 13.0 s; peak memory 235 MiB.
2026-10-09T11:24:16Z INFO [272/1000] 3808221a-d9cc-4614-b18c-37a9c42e3154: 112 arrays, 0.7 MB stored; 2.1 s; peak memory 235 MiB.
2026-10-09T11:24:17Z INFO [273/1000] 37e7530b-1c8c-4328-b36c-81bda767952a: 167 arrays, 23956.5 MB stored; 155.1 s; peak memory 235 MiB.
2026-10-09T11:24:17Z INFO [274/1000] 38084974-dbf3-4180-b15f-1b83f4af4c55: 48 arrays, 83.9 MB stored; 1.5 s; peak memory 235 MiB.
2026-10-09T11:24:19Z INFO [275/1000] 380878ba-594a-4f1b-8d42-cc6526566b8f: 66 arrays, 76.0 MB stored; 2.3 s; peak memory 235 MiB.
2026-10-09T11:24:19Z INFO [276/1000] 3808aacd-660a-47cc-995a-c8385a52159b: 69 arrays, 25.9 MB stored; 2.0 s; peak memory 235 MiB.
2026-10-09T11:24:20Z INFO [277/1000] 380943c8-b25c-4190-bc72-6fc17c990a22: 48 arrays, 83.9 MB stored; 1.5 s; peak memory 235 MiB.
2026-10-09T11:24:20Z INFO [278/1000] 38094e63-ca74-49a6-9a3f-7493b92aa6a8: 33 arrays, 0.0 MB stored; 1.3 s; peak memory 235 MiB.
2026-10-09T11:24:21Z INFO [279/1000] 37c4da0d-004c-4188-a75a-b0ce2e42e754: 436 arrays, 39474.4 MB stored; 254.9 s; peak memory 235 MiB.
2026-10-09T11:24:23Z INFO [280/1000] 380a3197-707d-4a92-b6dd-c6a80aa7b2e2: 132 arrays, 0.8 MB stored; 2.1 s; peak memory 235 MiB.
2026-10-09T11:24:23Z INFO [281/1000] 37eb4298-6fd2-427f-9fea-97820703c35d: 198 arrays, 7992.4 MB stored; 143.2 s; peak memory 235 MiB.
2026-10-09T11:24:24Z INFO [282/1000] 380b2ad8-62d4-418a-aebf-1b6607900e59: 113 arrays, 0.1 MB stored; 1.6 s; peak memory 235 MiB.
2026-10-09T11:24:25Z INFO [283/1000] 380b99e8-d461-4cba-a637-841629fe6789: 115 arrays, 0.2 MB stored; 1.6 s; peak memory 235 MiB.
2026-10-09T11:24:27Z INFO [284/1000] 380c0567-2cf7-470c-86a1-c3a17c669423: 70 arrays, 132.5 MB stored; 2.7 s; peak memory 235 MiB.
2026-10-09T11:24:28Z INFO [285/1000] 380c331c-4d1a-4194-acf1-ae5f1658e177: 72 arrays, 25.2 MB stored; 1.4 s; peak memory 235 MiB.
2026-10-09T11:24:30Z INFO [286/1000] 380c76d2-1144-4386-bdcc-548b18394464: 275 arrays, 17.2 MB stored; 2.0 s; peak memory 235 MiB.
2026-10-09T11:24:32Z INFO [287/1000] 380de386-65fe-48fa-a68a-d52e53a006f4: 48 arrays, 83.9 MB stored; 1.5 s; peak memory 235 MiB.
2026-10-09T11:24:32Z INFO [288/1000] 380abeeb-530a-4dc8-9b6c-40d64f3f9900: 730 arrays, 20.1 MB stored; 11.3 s; peak memory 235 MiB.
2026-10-09T11:24:34Z INFO [289/1000] 380eeff3-a6c5-4225-8366-e7d3e5077229: 112 arrays, 0.8 MB stored; 2.0 s; peak memory 235 MiB.
2026-10-09T11:24:34Z INFO [290/1000] 380f38fb-7472-4810-b4b7-208f727fef7f: 118 arrays, 0.4 MB stored; 1.7 s; peak memory 235 MiB.
2026-10-09T11:24:36Z INFO [291/1000] 3811fa83-8089-4aa3-a0b7-7ac72b32e7ac: 45 arrays, 10.9 MB stored; 1.6 s; peak memory 235 MiB.
2026-10-09T11:24:40Z INFO [292/1000] 38103f19-0aa7-4811-b882-70dac96451d9: 537 arrays, 8.2 MB stored; 6.5 s; peak memory 235 MiB.
2026-10-09T11:24:42Z INFO [293/1000] 38146fe9-0663-488c-84d4-a2ea1434e240: 46 arrays, 0.0 MB stored; 1.2 s; peak memory 235 MiB.
2026-10-09T11:24:43Z INFO [294/1000] 3814af9e-6359-468a-b242-6f8cc8ec7f66: 46 arrays, 0.0 MB stored; 1.2 s; peak memory 235 MiB.
2026-10-09T11:24:45Z INFO [295/1000] 381542a3-f408-4a3c-9045-d46554d6922f: 42 arrays, 1.9 MB stored; 1.7 s; peak memory 235 MiB.
2026-10-09T11:24:47Z INFO [296/1000] 38164eda-a2d0-4571-b225-9cf51f4641a6: 64 arrays, 3.3 MB stored; 2.0 s; peak memory 235 MiB.
2026-10-09T11:24:48Z INFO [297/1000] 38129307-67b3-4e7e-8b30-85dcb8530e56: 981 arrays, 41.2 MB stored; 12.1 s; peak memory 235 MiB.
2026-10-09T11:24:49Z INFO [298/1000] 38176f4d-b14b-4aa0-804b-e519a610da53: 71 arrays, 4.2 MB stored; 2.0 s; peak memory 235 MiB.
2026-10-09T11:24:49Z INFO [299/1000] 38178a88-bf43-4c7f-bd07-25a04d969447: 116 arrays, 0.3 MB stored; 1.7 s; peak memory 235 MiB.
2026-10-09T11:24:51Z INFO [300/1000] 380c2f63-3bba-4fa7-87d3-286f1f8a2c28: 48 arrays, 41557.1 MB stored; 26.1 s; peak memory 235 MiB.
2026-10-09T11:24:53Z INFO [301/1000] 381963eb-4dbf-411d-a884-4cae44e4d9ae: 112 arrays, 1.0 MB stored; 2.1 s; peak memory 235 MiB.
2026-10-09T11:24:56Z INFO [302/1000] 381839dd-f0c4-4096-b98d-1d75e2bf1222: 79 arrays, 160.9 MB stored; 7.5 s; peak memory 235 MiB.
2026-10-09T11:24:57Z INFO [303/1000] 381846ef-f4a3-4978-a722-7c80596944a2: 196 arrays, 657.0 MB stored; 7.5 s; peak memory 235 MiB.
2026-10-09T11:24:58Z INFO [304/1000] 381ab4bc-aef8-47b4-9d23-a5c6e3d2c427: 48 arrays, 83.9 MB stored; 1.6 s; peak memory 235 MiB.
2026-10-09T11:24:58Z INFO [305/1000] 381a4b2b-c8a8-4c3f-96c8-cd872d977038: 38 arrays, 102.8 MB stored; 4.6 s; peak memory 235 MiB.
2026-10-09T11:24:59Z INFO [306/1000] 381bab42-15ba-4f84-b9d6-0fea407667aa: 48 arrays, 83.9 MB stored; 1.5 s; peak memory 235 MiB.
2026-10-09T11:24:59Z INFO [307/1000] 381d49a5-8d2c-4b9c-be03-8560f445e8b6: 48 arrays, 83.9 MB stored; 1.5 s; peak memory 235 MiB.
2026-10-09T11:24:59Z INFO [308/1000] 381eed12-c952-4a1c-b983-3f45ad395c45: 116 arrays, 0.3 MB stored; 1.7 s; peak memory 235 MiB.
2026-10-09T11:25:00Z INFO [309/1000] 381f184b-0bf7-4f18-96f5-97de205bac71: 112 arrays, 0.6 MB stored; 2.0 s; peak memory 235 MiB.
2026-10-09T11:25:02Z INFO [310/1000] 3821244d-5a62-4429-9f7e-b19755d10b2f: 68 arrays, 8.8 MB stored; 2.5 s; peak memory 235 MiB.
2026-10-09T11:25:02Z INFO [311/1000] 3821499b-8fb0-4360-9661-bac63134fc8a: 48 arrays, 83.9 MB stored; 1.5 s; peak memory 235 MiB.
2026-10-09T11:25:04Z INFO [312/1000] 3821b061-f6e0-440d-8256-f27f27927f0d: 48 arrays, 83.9 MB stored; 1.6 s; peak memory 235 MiB.
2026-10-09T11:25:04Z INFO [313/1000] 38214e64-4888-4219-81c2-80e3ab07a633: 117 arrays, 0.6 MB stored; 1.9 s; peak memory 235 MiB.
2026-10-09T11:25:04Z INFO [314/1000] 3808e65b-4800-4a5e-b931-f5f021ccdaf4: 55 arrays, 1969.7 MB stored; 46.5 s; peak memory 235 MiB.
2026-10-09T11:25:05Z INFO [315/1000] 3822b1eb-30e6-4ced-9606-725fe28f8461: 45 arrays, 0.0 MB stored; 1.4 s; peak memory 235 MiB.
2026-10-09T11:25:05Z INFO [316/1000] 382235d1-5b79-4062-a0c6-76e5cdd35489: 117 arrays, 0.3 MB stored; 1.9 s; peak memory 235 MiB.
2026-10-09T11:25:07Z INFO [317/1000] 38240ce3-019b-49db-8839-d4ce389caa46: 39 arrays, 7.4 MB stored; 1.5 s; peak memory 235 MiB.
2026-10-09T11:25:07Z INFO [318/1000] 3824285c-1106-4219-ad7b-7b3d6672e089: 48 arrays, 83.9 MB stored; 1.5 s; peak memory 235 MiB.
2026-10-09T11:25:07Z INFO [319/1000] 3820f960-e9e7-4af8-87a1-b7f299b18ef7: 56 arrays, 68.5 MB stored; 7.9 s; peak memory 235 MiB.
2026-10-09T11:25:08Z INFO [320/1000] 3823c5b5-0d08-4faf-80be-2b269b959e91: 251 arrays, 2.3 MB stored; 3.8 s; peak memory 235 MiB.
2026-10-09T11:25:09Z INFO [321/1000] 38246c4a-c138-418b-8057-c0b1c43864e9: 69 arrays, 0.0 MB stored; 1.7 s; peak memory 235 MiB.
2026-10-09T11:25:09Z INFO [322/1000] 38245e5a-e7d7-465a-b004-06ed998987e4: 115 arrays, 0.6 MB stored; 2.0 s; peak memory 235 MiB.
2026-10-09T11:25:09Z INFO [323/1000] 382474ef-5c4f-4d39-bd9c-504202a5517d: 48 arrays, 83.9 MB stored; 1.6 s; peak memory 235 MiB.
2026-10-09T11:25:10Z INFO [324/1000] 382485ce-ae17-4f2a-adec-4acb60c1d780: 56 arrays, 0.0 MB stored; 1.3 s; peak memory 235 MiB.
2026-10-09T11:25:11Z INFO [325/1000] 38249f09-193c-4df5-8971-890657193fb1: 109 arrays, 0.3 MB stored; 1.6 s; peak memory 235 MiB.
2026-10-09T11:25:13Z INFO [326/1000] 382678b5-a6be-44c8-80c6-a609088b7246: 112 arrays, 0.8 MB stored; 2.2 s; peak memory 235 MiB.
2026-10-09T11:25:16Z INFO [327/1000] 3826db1d-4a89-45e2-bebf-d642e083b43a: 78 arrays, 410.0 MB stored; 2.9 s; peak memory 235 MiB.
2026-10-09T11:25:17Z INFO [328/1000] 38270f77-5ab6-4ddd-9350-0f5dc0866fe6: 48 arrays, 83.9 MB stored; 1.5 s; peak memory 235 MiB.
2026-10-09T11:25:18Z INFO [329/1000] 3824e7fb-849d-43cc-b4e3-7cf3dce44ca3: 909 arrays, 22.6 MB stored; 8.2 s; peak memory 235 MiB.
2026-10-09T11:25:19Z INFO [330/1000] 3827dc07-eb62-4661-ba55-c2505d225e58: 48 arrays, 83.9 MB stored; 1.6 s; peak memory 235 MiB.
2026-10-09T11:25:19Z INFO [331/1000] 38280cd8-68e3-4801-b477-abb469559b36: 48 arrays, 83.9 MB stored; 1.6 s; peak memory 235 MiB.
2026-10-09T11:25:21Z INFO [332/1000] 3829932a-6d8b-4f9f-8689-eb204991e4db: 38 arrays, 0.5 MB stored; 1.4 s; peak memory 235 MiB.
2026-10-09T11:25:22Z INFO [333/1000] 382aca4f-53f6-4e2d-aae9-15e0cf340eb6: 48 arrays, 83.9 MB stored; 1.7 s; peak memory 235 MiB.
2026-10-09T11:25:23Z INFO [334/1000] 382ad545-76f8-4c35-b487-4a3411739637: 57 arrays, 0.0 MB stored; 1.3 s; peak memory 235 MiB.
2026-10-09T11:25:25Z INFO [335/1000] 382b2371-0317-40a3-81f3-6d239625eadd: 118 arrays, 0.6 MB stored; 1.9 s; peak memory 235 MiB.
2026-10-09T11:25:27Z INFO [336/1000] 382b4f56-982e-4869-b244-af7e903ce6ae: 69 arrays, 27.3 MB stored; 2.0 s; peak memory 235 MiB.
2026-10-09T11:25:29Z INFO [337/1000] 382b53c7-07fc-48c4-9e20-9c3cee70ba0d: 99 arrays, 0.2 MB stored; 1.5 s; peak memory 235 MiB.
2026-10-09T11:25:30Z INFO [338/1000] 382ba29f-f05b-4bc6-be45-3a0082ac5fbc: 58 arrays, 0.0 MB stored; 1.3 s; peak memory 235 MiB.
2026-10-09T11:25:32Z INFO [339/1000] 382bfe57-a7ac-4214-871d-5cab8b2a7d93: 48 arrays, 83.9 MB stored; 1.5 s; peak memory 235 MiB.
2026-10-09T11:25:32Z INFO [340/1000] 3828dd5f-82e2-459b-ab44-3224df0ae979: 1145 arrays, 43.1 MB stored; 13.3 s; peak memory 235 MiB.
2026-10-09T11:25:33Z INFO [341/1000] 382c0089-dba7-4b53-b21d-2e613d9277b1: 118 arrays, 0.1 MB stored; 1.7 s; peak memory 235 MiB.
2026-10-09T11:25:33Z INFO [342/1000] 382db76d-ae4b-42c1-a961-822b58388e92: 46 arrays, 0.1 MB stored; 1.2 s; peak memory 235 MiB.
2026-10-09T11:25:35Z INFO [343/1000] 382ea46c-0963-4e47-966b-da02518f23cb: 48 arrays, 83.9 MB stored; 1.5 s; peak memory 235 MiB.
2026-10-09T11:25:35Z INFO [344/1000] 382e9a77-68fa-4644-b12e-78c4dafc8b59: 112 arrays, 0.6 MB stored; 2.1 s; peak memory 235 MiB.
2026-10-09T11:25:37Z INFO [345/1000] 382ed63b-54ca-493c-8b02-8a68e4584c00: 112 arrays, 0.7 MB stored; 2.0 s; peak memory 235 MiB.
2026-10-09T11:25:39Z INFO [346/1000] 382f5e2c-b2fc-4730-adf3-b677ade50be8: 112 arrays, 0.6 MB stored; 1.9 s; peak memory 235 MiB.
2026-10-09T11:25:39Z INFO [347/1000] 382f327c-1461-412f-aa41-3106d1433e21: 156 arrays, 193.5 MB stored; 3.6 s; peak memory 235 MiB.
2026-10-09T11:25:40Z INFO [348/1000] 382f6533-8101-4b8f-afb1-753805748b2a: 48 arrays, 83.9 MB stored; 1.6 s; peak memory 235 MiB.
2026-10-09T11:25:41Z INFO [349/1000] 382f658d-5876-4392-a04e-4d1db97faf2a: 71 arrays, 62.4 MB stored; 2.2 s; peak memory 235 MiB.
2026-10-09T11:25:42Z INFO [350/1000] 382f73d3-a539-4af3-8050-0006fe4ccd93: 48 arrays, 83.9 MB stored; 1.5 s; peak memory 235 MiB.
2026-10-09T11:25:43Z INFO [351/1000] 382fa234-4757-405e-b709-0b90136839a0: 112 arrays, 0.7 MB stored; 1.9 s; peak memory 235 MiB.
2026-10-09T11:25:43Z INFO [352/1000] 3830d738-bbdf-4a1a-a51e-fd03da1251f6: 48 arrays, 83.9 MB stored; 1.5 s; peak memory 235 MiB.
2026-10-09T11:25:45Z INFO [353/1000] 38316e98-61f7-4da1-bd2f-b3edcf9627e4: 117 arrays, 0.2 MB stored; 1.8 s; peak memory 235 MiB.
2026-10-09T11:25:46Z INFO [354/1000] 3831d352-8571-4094-bb67-ed6d1dca8ccb: 119 arrays, 0.1 MB stored; 1.5 s; peak memory 235 MiB.
2026-10-09T11:25:48Z INFO [355/1000] 38321152-aa1c-44d4-af2b-217154e32835: 117 arrays, 0.5 MB stored; 1.7 s; peak memory 235 MiB.
2026-10-09T11:25:50Z INFO [356/1000] 3831b0b7-7b33-4578-bf15-a17b0e9d0c10: 229 arrays, 523.7 MB stored; 6.3 s; peak memory 235 MiB.
2026-10-09T11:25:53Z INFO [357/1000] 38334457-d0e9-4549-bcc5-96359c843bd1: 84 arrays, 536.5 MB stored; 3.8 s; peak memory 235 MiB.
2026-10-09T11:25:55Z INFO [358/1000] 38329e30-9695-4d3e-befc-2a6356314668: 229 arrays, 517.8 MB stored; 6.8 s; peak memory 235 MiB.
2026-10-09T11:25:55Z INFO [359/1000] 38334816-4ec2-4346-bf55-15ddc0ecb07f: 117 arrays, 0.2 MB stored; 1.7 s; peak memory 235 MiB.
2026-10-09T11:25:56Z INFO [360/1000] 3833e7c9-6a53-4127-b38f-e6b48af66d41: 48 arrays, 83.9 MB stored; 1.5 s; peak memory 235 MiB.
2026-10-09T11:25:57Z INFO [361/1000] 3834cabd-5693-423f-8f6f-36cbb60ec504: 117 arrays, 0.3 MB stored; 1.7 s; peak memory 235 MiB.
2026-10-09T11:25:59Z INFO [362/1000] 3835b6b2-474a-439b-b6e1-b54416b9d1ec: 54 arrays, 8675.2 MB stored; 1.9 s; peak memory 235 MiB.
2026-10-09T11:26:00Z INFO [363/1000] 3835c534-946c-4c3f-a84f-a06dca0608ea: 48 arrays, 83.9 MB stored; 1.5 s; peak memory 235 MiB.
2026-10-09T11:26:02Z INFO [364/1000] 3835d6e6-24fd-4244-aebf-79e930831a96: 117 arrays, 0.3 MB stored; 1.7 s; peak memory 235 MiB.
2026-10-09T11:26:03Z INFO [365/1000] 3836bc5e-0f9b-4379-a7ef-cf6242588d6b: 57 arrays, 0.0 MB stored; 1.4 s; peak memory 235 MiB.
2026-10-09T11:26:05Z INFO [366/1000] 38356156-40d1-4d26-ba50-f34a65579d1e: 339 arrays, 48.0 MB stored; 9.1 s; peak memory 235 MiB.
2026-10-09T11:26:06Z INFO [367/1000] 3836ca5b-6c79-40cf-9648-9012b240a59a: 76 arrays, 11.9 MB stored; 2.0 s; peak memory 235 MiB.
2026-10-09T11:26:09Z INFO [368/1000] 38373a48-be05-41c7-ad96-638d8bfe2a2c: 115 arrays, 186.8 MB stored; 3.1 s; peak memory 235 MiB.
2026-10-09T11:26:09Z INFO [369/1000] 3837161f-961f-40a7-b228-5ffd5be93f9d: 305 arrays, 2.8 MB stored; 3.6 s; peak memory 235 MiB.
2026-10-09T11:26:10Z INFO [370/1000] 3837a659-cfae-4c38-a54a-bf35fd56d4c4: 117 arrays, 0.4 MB stored; 1.6 s; peak memory 235 MiB.
2026-10-09T11:26:16Z INFO [371/1000] 3838003d-456a-4a98-b701-d33cbc2b885c: 234 arrays, 31.2 MB stored; 6.2 s; peak memory 235 MiB.
2026-10-09T11:26:18Z INFO [372/1000] 383837b5-30b7-4801-8971-d9245224ea8f: 48 arrays, 83.9 MB stored; 1.5 s; peak memory 235 MiB.
2026-10-09T11:26:23Z INFO [373/1000] 3837bfc9-f372-4dab-aef5-660945621fd8: 598 arrays, 778.4 MB stored; 13.7 s; peak memory 235 MiB.
2026-10-09T11:26:25Z INFO [374/1000] 3838818c-3f9b-47dc-bd06-5fc037b9dacb: 303 arrays, 17.1 MB stored; 2.0 s; peak memory 235 MiB.
2026-10-09T11:26:25Z INFO [375/1000] 383848f8-d533-4d79-bce4-10fb09a73922: 196 arrays, 672.7 MB stored; 7.1 s; peak memory 235 MiB.
2026-10-09T11:26:26Z INFO [376/1000] 38394f47-4b4e-4f3a-99b9-5ca94359ec9c: 46 arrays, 0.0 MB stored; 1.2 s; peak memory 235 MiB.
2026-10-09T11:26:27Z INFO [377/1000] 383984dc-eafa-473d-b993-bfc5c6bf583f: 51 arrays, 1827.7 MB stored; 1.8 s; peak memory 235 MiB.
2026-10-09T11:26:28Z INFO [378/1000] 3839c2ff-c143-47de-a27a-f3cbe39ae303: 66 arrays, 96.2 MB stored; 1.9 s; peak memory 235 MiB.
2026-10-09T11:26:29Z INFO [379/1000] 383ae19e-a5d6-45f7-b3a9-6640f823b0f8: 112 arrays, 0.5 MB stored; 1.8 s; peak memory 235 MiB.
2026-10-09T11:26:30Z INFO [380/1000] 383b3c70-028c-4f29-a28e-d88114003bd0: 61 arrays, 35.3 MB stored; 2.0 s; peak memory 235 MiB.
2026-10-09T11:26:30Z INFO [381/1000] 383b64da-256b-4c98-802c-fbb3f34877ec: 41 arrays, 114.8 MB stored; 1.6 s; peak memory 235 MiB.
2026-10-09T11:26:32Z INFO [382/1000] 383bd235-6db6-41b3-827c-5fa672d31405: 142 arrays, 1.2 MB stored; 1.7 s; peak memory 235 MiB.
2026-10-09T11:26:32Z INFO [383/1000] 383c1547-ec60-4ddd-a77e-5796cdb0db4c: 48 arrays, 83.9 MB stored; 1.5 s; peak memory 235 MiB.
2026-10-09T11:26:35Z INFO [384/1000] 383c17f7-810b-4d05-894e-f88a24e2f22e: 117 arrays, 24.0 MB stored; 3.0 s; peak memory 235 MiB.
2026-10-09T11:26:36Z INFO [385/1000] 383d5edb-6dc5-4f43-b0ed-408c3962f08e: 48 arrays, 83.9 MB stored; 1.5 s; peak memory 235 MiB.
2026-10-09T11:26:42Z INFO [386/1000] 383c25ef-27d9-473f-9679-eb81ddabfc0d: 894 arrays, 37.0 MB stored; 10.2 s; peak memory 235 MiB.
2026-10-09T11:26:43Z INFO [387/1000] 383ddb92-9851-4c84-ab93-55f10230d1b7: 45 arrays, 0.0 MB stored; 1.2 s; peak memory 235 MiB.
2026-10-09T11:26:44Z INFO [388/1000] 383dee54-510c-445a-8d52-bef9be5b02a2: 48 arrays, 83.9 MB stored; 1.4 s; peak memory 235 MiB.
2026-10-09T11:26:46Z INFO [389/1000] 383df77e-2c2f-48bb-a73c-68d695fd1f52: 48 arrays, 83.9 MB stored; 1.4 s; peak memory 235 MiB.
2026-10-09T11:26:48Z INFO [390/1000] 383edea9-a10f-4cab-bfd5-2e89b7ed0402: 117 arrays, 0.4 MB stored; 1.6 s; peak memory 235 MiB.
2026-10-09T11:26:50Z INFO [391/1000] 3840413b-cab3-40d4-82fa-b22de6c51f2f: 69 arrays, 54.0 MB stored; 2.2 s; peak memory 235 MiB.
2026-10-09T11:26:51Z INFO [392/1000] 3841255c-9992-455d-8841-8dc97dedd109: 112 arrays, 0.3 MB stored; 1.7 s; peak memory 235 MiB.
2026-10-09T11:26:53Z INFO [393/1000] 384190cf-e89b-4052-af48-a268fc415e82: 112 arrays, 0.3 MB stored; 1.7 s; peak memory 235 MiB.
2026-10-09T11:26:54Z INFO [394/1000] 384200f5-67e1-4d7b-a055-f9388c23cefe: 51 arrays, 0.0 MB stored; 1.2 s; peak memory 235 MiB.
2026-10-09T11:26:56Z INFO [395/1000] 38422014-4c1f-4a73-9959-93b9570b9695: 44 arrays, 0.6 MB stored; 1.3 s; peak memory 235 MiB.
2026-10-09T11:26:58Z INFO [396/1000] 38427f8f-caf7-42e6-a59e-ac60f3a2a4e1: 81 arrays, 425.1 MB stored; 2.0 s; peak memory 235 MiB.
2026-10-09T11:26:59Z INFO [397/1000] 38429028-9351-45b3-b416-280ac7ded534: 112 arrays, 0.3 MB stored; 1.7 s; peak memory 235 MiB.
2026-10-09T11:27:05Z INFO [398/1000] 37cebdc6-9878-45c7-91ef-310491c93793: 173 arrays, 376019.6 MB stored; 395.5 s; peak memory 235 MiB.
2026-10-09T11:27:05Z INFO [399/1000] 380a206b-34b0-41c4-846e-1d337f520886: 24470 arrays, 1231.9 MB stored; 165.2 s; peak memory 235 MiB.
2026-10-09T11:27:05Z INFO [400/1000] 38434271-1d1a-4c22-bc65-ad4c9c32b6cc: 491 arrays, 7.0 MB stored; 6.1 s; peak memory 235 MiB.
2026-10-09T11:27:07Z INFO [400/1000] 38434271-1d1a-4c22-bc65-ad4c9c32b6cc: checkpointed 400 new records.
2026-10-09T11:27:07Z INFO [401/1000] 38439cb1-8c73-40c0-8582-2fd9635942df: 84 arrays, 0.1 MB stored; 1.6 s; peak memory 351 MiB.
2026-10-09T11:27:07Z INFO [402/1000] 3844830d-939d-46a3-8de6-360b047197a1: 48 arrays, 83.9 MB stored; 1.7 s; peak memory 351 MiB.
2026-10-09T11:27:08Z INFO [403/1000] 3844d42d-68bd-4903-85d5-6959dd92c01e: 48 arrays, 83.9 MB stored; 1.4 s; peak memory 351 MiB.
2026-10-09T11:27:09Z INFO [404/1000] 3844ff6e-b6f4-4b86-8965-5f8bbe73c574: 48 arrays, 83.9 MB stored; 1.5 s; peak memory 351 MiB.
2026-10-09T11:27:11Z INFO [405/1000] 38455573-9743-48ac-9345-9bb814ceef58: 55 arrays, 15.6 MB stored; 1.9 s; peak memory 351 MiB.
2026-10-09T11:27:11Z INFO [406/1000] 38454d93-2968-43af-b0a2-07d9df51b2ae: 71 arrays, 246.4 MB stored; 2.6 s; peak memory 351 MiB.
2026-10-09T11:27:12Z INFO [407/1000] 38455e74-d04d-499e-844e-5d814951372b: 41 arrays, 8.4 MB stored; 1.4 s; peak memory 351 MiB.
2026-10-09T11:27:12Z INFO [408/1000] 384568fb-fa09-4922-b99c-8e97c38ee3f1: 48 arrays, 83.9 MB stored; 1.5 s; peak memory 351 MiB.
2026-10-09T11:27:13Z INFO [409/1000] 38464883-bd1f-4dc9-b6f6-ed62b0dd4dd2: 46 arrays, 0.1 MB stored; 1.2 s; peak memory 351 MiB.
2026-10-09T11:27:15Z INFO [410/1000] 38467a24-86cd-4a30-8881-b4acaaa9d303: 48 arrays, 83.9 MB stored; 1.5 s; peak memory 351 MiB.
2026-10-09T11:27:15Z INFO [411/1000] 384661f4-43f4-4ff6-96b1-8585a54097da: 76 arrays, 88.6 MB stored; 2.3 s; peak memory 351 MiB.
2026-10-09T11:27:16Z INFO [412/1000] 384720f9-c76d-444d-a620-af50cff2a805: 48 arrays, 83.9 MB stored; 1.6 s; peak memory 351 MiB.
2026-10-09T11:27:17Z INFO [413/1000] 3843a343-07f2-4273-90cd-6aee3d7e5883: 682 arrays, 40.2 MB stored; 11.8 s; peak memory 351 MiB.
2026-10-09T11:27:18Z INFO [414/1000] 384793ac-a77b-4297-8ab8-413b19e3cb6d: 41 arrays, 8.4 MB stored; 1.4 s; peak memory 351 MiB.
2026-10-09T11:27:19Z INFO [415/1000] 38480890-97e2-4db9-a4f7-4e7df658f031: 117 arrays, 0.3 MB stored; 1.7 s; peak memory 351 MiB.
2026-10-09T11:27:20Z INFO [416/1000] 3847eb39-4fb2-4641-9ec1-75892ddab95e: 115 arrays, 190.1 MB stored; 3.1 s; peak memory 351 MiB.
2026-10-09T11:27:22Z INFO [417/1000] 3849d14c-3685-40da-b6fc-1344805dc393: 66 arrays, 142.7 MB stored; 2.1 s; peak memory 351 MiB.
2026-10-09T11:27:23Z INFO [418/1000] 38480e36-6303-4269-ab75-776af50d3541: 48 arrays, 34.6 MB stored; 3.7 s; peak memory 351 MiB.
2026-10-09T11:27:24Z INFO [419/1000] 384a38a7-7dfa-4df3-9cd8-a726c132a8b5: 39 arrays, 3.0 MB stored; 1.5 s; peak memory 351 MiB.
2026-10-09T11:27:25Z INFO [420/1000] 384a3c75-0bf3-4e78-b678-62c97a029047: 66 arrays, 98.3 MB stored; 2.1 s; peak memory 351 MiB.
2026-10-09T11:27:26Z INFO [421/1000] 384b8bc0-3489-4eab-8546-60963218aad2: 112 arrays, 0.6 MB stored; 1.9 s; peak memory 351 MiB.
2026-10-09T11:27:28Z INFO [422/1000] 384cae1f-1a30-4e16-8694-cc41f81fba28: 112 arrays, 0.4 MB stored; 1.8 s; peak memory 351 MiB.
2026-10-09T11:27:29Z INFO [423/1000] 384c2c43-6c21-4699-bf31-6136f7f29a96: 156 arrays, 193.5 MB stored; 3.6 s; peak memory 351 MiB.
2026-10-09T11:27:29Z INFO [424/1000] 384d1c09-0852-4cac-9b75-03870d53c2a5: 117 arrays, 0.3 MB stored; 1.7 s; peak memory 351 MiB.
2026-10-09T11:27:30Z INFO [425/1000] 3847691c-8f54-4e7d-b346-1dfc2d433a07: 86 arrays, 20628.8 MB stored; 14.9 s; peak memory 351 MiB.
2026-10-09T11:27:31Z INFO [426/1000] 384eea75-69ed-42da-8eeb-a51784af6974: 69 arrays, 11.3 MB stored; 2.0 s; peak memory 351 MiB.
2026-10-09T11:27:31Z INFO [427/1000] 38257f81-66a0-4fcb-9e0e-549e05257480: 129 arrays, 8488.0 MB stored; 141.3 s; peak memory 351 MiB.
2026-10-09T11:27:32Z INFO [428/1000] 384f3a99-99de-473f-a5f0-dbc05b17b8b1: 112 arrays, 0.6 MB stored; 2.0 s; peak memory 351 MiB.
2026-10-09T11:27:33Z INFO [429/1000] 384fca0c-e135-4563-966c-c99fe21c4c93: 48 arrays, 83.9 MB stored; 1.6 s; peak memory 351 MiB.
2026-10-09T11:27:33Z INFO [430/1000] 3851197e-9d84-4a80-a121-eec56867f3e0: 52 arrays, 0.0 MB stored; 1.3 s; peak memory 351 MiB.
2026-10-09T11:27:34Z INFO [431/1000] 385147a2-b7d7-4dfd-84a1-a26495f11c02: 50 arrays, 2.3 MB stored; 1.4 s; peak memory 351 MiB.
2026-10-09T11:27:34Z INFO [432/1000] 38243186-660f-4623-89e7-b75e0eb4a9c0: 394 arrays, 22274.6 MB stored; 147.7 s; peak memory 351 MiB.
2026-10-09T11:27:35Z INFO [433/1000] 38513fd4-3d39-4a6b-a84f-c09ed23dd535: 117 arrays, 0.5 MB stored; 1.8 s; peak memory 351 MiB.
2026-10-09T11:27:36Z INFO [434/1000] 38534b96-9342-4671-99a9-4df65e842e1a: 48 arrays, 83.9 MB stored; 1.6 s; peak memory 351 MiB.
2026-10-09T11:27:38Z INFO [435/1000] 3851a2e7-ffc4-402f-9d64-49658b94f96c: 115 arrays, 190.2 MB stored; 3.3 s; peak memory 351 MiB.
2026-10-09T11:27:38Z INFO [436/1000] 385197e2-38f2-4cc9-97e6-0918196aa088: 188 arrays, 11.7 MB stored; 3.9 s; peak memory 351 MiB.
2026-10-09T11:27:39Z INFO [437/1000] 38535e12-7221-4911-b89d-c59e99e2d45e: 118 arrays, 66.2 MB stored; 2.5 s; peak memory 351 MiB.
2026-10-09T11:27:39Z INFO [438/1000] 3853a70f-c74b-4707-af73-ea45ac08492d: 48 arrays, 83.9 MB stored; 1.6 s; peak memory 351 MiB.
2026-10-09T11:27:40Z INFO [439/1000] 3853beb3-7c38-433c-9053-31504b6daadf: 48 arrays, 83.9 MB stored; 1.5 s; peak memory 351 MiB.
2026-10-09T11:27:41Z INFO [440/1000] 3854434f-b075-413c-9801-9202e8f17c6d: 117 arrays, 0.3 MB stored; 1.7 s; peak memory 351 MiB.
2026-10-09T11:27:41Z INFO [441/1000] 3854809f-a26a-4259-9d33-815f3ca25356: 69 arrays, 2.2 MB stored; 1.7 s; peak memory 351 MiB.
2026-10-09T11:27:43Z INFO [442/1000] 38555a1c-a361-438d-9d43-e7b81190b6b1: 48 arrays, 83.9 MB stored; 1.5 s; peak memory 351 MiB.
2026-10-09T11:27:47Z INFO [443/1000] 3854b92d-c6f2-44e0-b0df-c7b08ccdfd14: 538 arrays, 7.5 MB stored; 5.6 s; peak memory 351 MiB.
2026-10-09T11:27:48Z INFO [444/1000] 385440cc-51a6-4bb6-bbc7-f9e0a81fc63e: 336 arrays, 44.0 MB stored; 9.6 s; peak memory 351 MiB.
2026-10-09T11:27:50Z INFO [445/1000] 3856ad56-38ad-4536-8c3c-9912b5f3ca18: 111 arrays, 0.6 MB stored; 1.8 s; peak memory 351 MiB.
2026-10-09T11:27:52Z INFO [446/1000] 38574988-7d1f-4a45-a04d-a42065a8a054: 116 arrays, 0.5 MB stored; 1.9 s; peak memory 351 MiB.
2026-10-09T11:27:53Z INFO [447/1000] 384f7350-9893-49ec-b84f-fb16fb5a412b: 838 arrays, 27.5 MB stored; 21.8 s; peak memory 351 MiB.
2026-10-09T11:27:53Z INFO [448/1000] 385645bd-4234-4831-9433-16009f8e5f12: 208 arrays, 72.6 MB stored; 6.7 s; peak memory 351 MiB.
2026-10-09T11:27:54Z INFO [449/1000] 38575ff4-a964-4355-bb04-9c030c450f30: 118 arrays, 0.4 MB stored; 1.8 s; peak memory 351 MiB.
2026-10-09T11:27:55Z INFO [450/1000] 3857790e-5bfe-40fe-a11a-e7a90c26c23b: 48 arrays, 83.9 MB stored; 1.6 s; peak memory 351 MiB.
2026-10-09T11:27:56Z INFO [451/1000] 38574d5e-6f2a-4506-9fd5-0254b24a816b: 157 arrays, 395.2 MB stored; 3.6 s; peak memory 351 MiB.
2026-10-09T11:27:57Z INFO [452/1000] 3858abf1-5264-4ba1-92df-e67f82c1bb50: 48 arrays, 83.9 MB stored; 1.5 s; peak memory 351 MiB.
2026-10-09T11:27:57Z INFO [453/1000] 385794c6-4cef-4ba2-bb5e-c64bea4f0754: 115 arrays, 190.1 MB stored; 3.1 s; peak memory 351 MiB.
2026-10-09T11:27:58Z INFO [454/1000] 383d82c8-00e0-40b5-ba67-338e3a41757c: 50 arrays, 4842.0 MB stored; 82.1 s; peak memory 351 MiB.
2026-10-09T11:27:59Z INFO [455/1000] 38593f68-0000-4acf-84d2-de30dea900ad: 76 arrays, 0.1 MB stored; 1.7 s; peak memory 351 MiB.
2026-10-09T11:27:59Z INFO [456/1000] 3855a5f4-ac2f-4714-a050-9d4acafcc315: 4435 arrays, 45.0 MB stored; 15.9 s; peak memory 351 MiB.
2026-10-09T11:28:00Z INFO [457/1000] 3859d469-6889-4fb1-b23f-a362d822d409: 118 arrays, 0.0 MB stored; 1.5 s; peak memory 351 MiB.
2026-10-09T11:28:00Z INFO [458/1000] 385b2f3d-d2e0-45a6-b45a-9eae3c7b2a4e: 50 arrays, 2.5 MB stored; 1.5 s; peak memory 351 MiB.
2026-10-09T11:28:01Z INFO [459/1000] 385a355e-539a-4645-838b-31afd7b4af2d: 116 arrays, 9.8 MB stored; 1.8 s; peak memory 351 MiB.
2026-10-09T11:28:02Z INFO [460/1000] 385b9c28-3cdf-4ed8-8249-4df517c315c6: 112 arrays, 0.4 MB stored; 1.7 s; peak memory 351 MiB.
2026-10-09T11:28:03Z INFO [461/1000] 385b3ecb-4358-4541-9181-375e0d0b8271: 48 arrays, 35.6 MB stored; 3.7 s; peak memory 351 MiB.
2026-10-09T11:28:04Z INFO [462/1000] 385b725f-9a9c-474c-8a70-f9c2751912b4: 116 arrays, 187.0 MB stored; 3.4 s; peak memory 351 MiB.
2026-10-09T11:28:04Z INFO [463/1000] 385bb0e9-a046-452a-8fbd-100a47d31bb5: 46 arrays, 12.6 MB stored; 1.5 s; peak memory 351 MiB.
2026-10-09T11:28:06Z INFO [464/1000] 385bb6f1-8192-4bc1-95a7-279aad777b64: 71 arrays, 49.0 MB stored; 2.4 s; peak memory 351 MiB.
2026-10-09T11:28:08Z INFO [465/1000] 385d3d45-6b47-4cb5-a260-20ed35bb7a37: 112 arrays, 0.6 MB stored; 1.8 s; peak memory 351 MiB.
2026-10-09T11:28:08Z INFO [466/1000] 38595008-8e55-413b-83bf-2fde3e7acada: 11477 arrays, 177.5 MB stored; 10.8 s; peak memory 351 MiB.
2026-10-09T11:28:10Z INFO [467/1000] 385d5043-eda1-4076-b250-163d50a16d1c: 112 arrays, 0.4 MB stored; 2.0 s; peak memory 351 MiB.
2026-10-09T11:28:11Z INFO [468/1000] 385d8e44-6b3e-444b-89b7-98a7625fab99: 119 arrays, 66.3 MB stored; 2.7 s; peak memory 351 MiB.
2026-10-09T11:28:11Z INFO [469/1000] 385dacc3-5f25-4147-bdc2-98dd4c614557: 117 arrays, 0.2 MB stored; 1.7 s; peak memory 351 MiB.
2026-10-09T11:28:13Z INFO [470/1000] 385cb965-60db-4b65-8c9d-17f4321be471: 44 arrays, 4185.6 MB stored; 9.0 s; peak memory 351 MiB.
2026-10-09T11:28:14Z INFO [471/1000] 385e6c3c-cec6-4263-91bb-2336bc1a25bb: 48 arrays, 83.9 MB stored; 1.4 s; peak memory 351 MiB.
2026-10-09T11:28:17Z INFO [472/1000] 385de9b0-2131-47af-975e-6776b297218d: 557 arrays, 7.8 MB stored; 5.7 s; peak memory 351 MiB.
2026-10-09T11:28:18Z INFO [473/1000] 3807d1d4-4acd-43c2-a868-11c6b5d1ab73: 283 arrays, 39355.4 MB stored; 254.8 s; peak memory 351 MiB.
2026-10-09T11:28:18Z INFO [474/1000] 385dbceb-2a4f-4296-9b19-8f6821807f42: 842 arrays, 19.7 MB stored; 6.9 s; peak memory 351 MiB.
2026-10-09T11:28:19Z INFO [475/1000] 385fbc34-c1b8-4639-9ecb-3b84ecafba1a: 50 arrays, 0.0 MB stored; 1.3 s; peak memory 351 MiB.
2026-10-09T11:28:20Z INFO [476/1000] 385fcb00-6fea-4b40-9ee7-09c0dd1f737a: 117 arrays, 0.5 MB stored; 1.8 s; peak memory 351 MiB.
2026-10-09T11:28:20Z INFO [477/1000] 385fb99c-dc7e-4af5-ab8b-4d4a09937290: 80 arrays, 583.3 MB stored; 3.1 s; peak memory 351 MiB.
2026-10-09T11:28:21Z INFO [478/1000] 385ecba0-f335-421b-96d3-7212166d3762: 117 arrays, 38.4 MB stored; 6.4 s; peak memory 351 MiB.
2026-10-09T11:28:21Z INFO [479/1000] 386005aa-0738-4251-8bbd-ed55aaba681e: 112 arrays, 0.6 MB stored; 1.8 s; peak memory 351 MiB.
2026-10-09T11:28:21Z INFO [480/1000] 386139d6-8174-4564-9dba-1f2f66b811ea: 46 arrays, 12.6 MB stored; 1.5 s; peak memory 351 MiB.
2026-10-09T11:28:22Z INFO [481/1000] 3861a13a-6c9a-4e4f-be33-0bbe371ec35b: 117 arrays, 0.3 MB stored; 1.9 s; peak memory 351 MiB.
2026-10-09T11:28:23Z INFO [482/1000] 385c6357-e62f-49e4-9795-baea98312795: 38 arrays, 949.2 MB stored; 18.9 s; peak memory 351 MiB.
2026-10-09T11:28:24Z INFO [483/1000] 386245ba-4d8e-46c2-9bf9-a71d4872031a: 121 arrays, 0.9 MB stored; 2.6 s; peak memory 351 MiB.
2026-10-09T11:28:25Z INFO [484/1000] 386297f0-e797-40cd-9a00-d479ce72d440: 289 arrays, 17.1 MB stored; 2.0 s; peak memory 351 MiB.
2026-10-09T11:28:25Z INFO [485/1000] 386280e9-95db-4ac3-a2db-f7967ae7cdde: 118 arrays, 67.1 MB stored; 3.0 s; peak memory 351 MiB.
2026-10-09T11:28:26Z INFO [486/1000] 3862ea9a-2eca-4877-a9fd-b0cf969cd2fc: 110 arrays, 0.5 MB stored; 1.9 s; peak memory 351 MiB.
2026-10-09T11:28:26Z INFO [487/1000] 38632a03-4ded-43d2-ab22-900dcc562868: 52 arrays, 10.8 MB stored; 1.7 s; peak memory 351 MiB.
2026-10-09T11:28:27Z INFO [488/1000] 3864d934-c7d7-406a-bd9a-3a837b07eb2f: 48 arrays, 83.9 MB stored; 1.4 s; peak memory 351 MiB.
2026-10-09T11:28:28Z INFO [489/1000] 3862411e-9cf2-4e83-8efa-d4bef2331c77: 257 arrays, 120.4 MB stored; 7.1 s; peak memory 351 MiB.
2026-10-09T11:28:28Z INFO [490/1000] 38622b63-f7ae-42ef-a7b5-e3026a081655: 545 arrays, 30.2 MB stored; 7.5 s; peak memory 351 MiB.
2026-10-09T11:28:29Z INFO [491/1000] 38650be1-0816-4a77-866f-98e0470fe394: 112 arrays, 0.9 MB stored; 2.1 s; peak memory 351 MiB.
2026-10-09T11:28:29Z INFO [492/1000] 3864e6eb-c571-40f5-8c28-a8d3f311c205: 119 arrays, 67.5 MB stored; 3.0 s; peak memory 351 MiB.
2026-10-09T11:28:30Z INFO [493/1000] 3866675b-e1a2-4ef5-a521-78212f367e1f: 289 arrays, 17.1 MB stored; 2.0 s; peak memory 351 MiB.
2026-10-09T11:28:31Z INFO [494/1000] 386511aa-4409-4a7a-9949-3fbe5bb7f7d3: 119 arrays, 66.5 MB stored; 2.7 s; peak memory 351 MiB.
2026-10-09T11:28:32Z INFO [495/1000] 3867326f-a07a-41f9-9ba8-84675b73a622: 117 arrays, 0.4 MB stored; 1.8 s; peak memory 351 MiB.
2026-10-09T11:28:32Z INFO [496/1000] 3866e7b2-fa9e-4542-a8d3-53e4a397c9a7: 66 arrays, 94.0 MB stored; 2.6 s; peak memory 351 MiB.
2026-10-09T11:28:33Z INFO [497/1000] 38673b91-b0d1-40b2-9a3d-1a22cde994f3: 64 arrays, 37.9 MB stored; 2.1 s; peak memory 351 MiB.
2026-10-09T11:28:34Z INFO [498/1000] 38680c02-e0e5-474d-b711-3935bb0cf7e4: 117 arrays, 0.2 MB stored; 1.6 s; peak memory 351 MiB.
2026-10-09T11:28:35Z INFO [499/1000] 3867b75f-064b-4f6b-8929-4586b06f9dd1: 38 arrays, 34.7 MB stored; 2.9 s; peak memory 351 MiB.
2026-10-09T11:28:37Z INFO [500/1000] 38671228-3cc3-4a44-bcab-e3d96fef7f4a: 538 arrays, 8.5 MB stored; 7.7 s; peak memory 351 MiB.
2026-10-09T11:28:38Z INFO [501/1000] 386a6277-6e36-41db-a89d-038c4b6088f9: 114 arrays, 186.8 MB stored; 3.0 s; peak memory 351 MiB.
2026-10-09T11:28:39Z INFO [502/1000] 386a7ab5-8541-4a48-9fc8-ab70e3e88cca: 117 arrays, 0.2 MB stored; 1.7 s; peak memory 351 MiB.
2026-10-09T11:28:39Z INFO [503/1000] 386ab9d8-d5ce-4ca9-88bc-017cf266fbc0: 48 arrays, 83.9 MB stored; 1.5 s; peak memory 351 MiB.
2026-10-09T11:28:41Z INFO [504/1000] 386b1cbf-317e-40ea-b0f0-9db34c665da3: 118 arrays, 0.4 MB stored; 1.7 s; peak memory 351 MiB.
2026-10-09T11:28:42Z INFO [505/1000] 38692da7-4ff4-4be3-af62-ec45d0786ec7: 266 arrays, 1079.2 MB stored; 7.2 s; peak memory 351 MiB.
2026-10-09T11:28:42Z INFO [506/1000] 386b2f39-ff29-4f01-8e0b-e11822ef5bea: 46 arrays, 0.0 MB stored; 1.2 s; peak memory 351 MiB.
2026-10-09T11:28:43Z INFO [507/1000] 386bf5eb-887e-4e0b-98ec-70b28346291f: 46 arrays, 0.2 MB stored; 1.3 s; peak memory 351 MiB.
2026-10-09T11:28:45Z INFO [508/1000] 386bfb4a-a9d0-4c5b-b9aa-77b29f61be99: 55 arrays, 0.0 MB stored; 1.2 s; peak memory 351 MiB.
2026-10-09T11:28:46Z INFO [509/1000] 386c0e97-d74b-442f-bec2-670f0c752f52: 48 arrays, 83.9 MB stored; 1.5 s; peak memory 351 MiB.
2026-10-09T11:28:47Z INFO [510/1000] 3867b653-3f82-40e6-9e7d-4f469bdf1904: 363 arrays, 2280.4 MB stored; 15.6 s; peak memory 351 MiB.
2026-10-09T11:28:48Z INFO [511/1000] 386c7cd7-97ae-4193-9520-8f9bd4f0157e: 48 arrays, 83.9 MB stored; 1.5 s; peak memory 351 MiB.
2026-10-09T11:28:49Z INFO [512/1000] 386bea09-b891-49cc-8e44-43dba237fdc4: 538 arrays, 8.3 MB stored; 6.8 s; peak memory 351 MiB.
2026-10-09T11:28:49Z INFO [513/1000] 386cddb6-add6-4db7-9197-9327f9a497fc: 117 arrays, 0.3 MB stored; 1.7 s; peak memory 351 MiB.
2026-10-09T11:28:50Z INFO [514/1000] 386d7b29-87f5-4011-8889-02b16fd2b6be: 48 arrays, 83.9 MB stored; 1.6 s; peak memory 351 MiB.
2026-10-09T11:28:51Z INFO [515/1000] 386cd4c6-9bfb-4018-9978-f239731f16d3: 84 arrays, 396.3 MB stored; 3.6 s; peak memory 351 MiB.
2026-10-09T11:28:51Z INFO [516/1000] 386df579-dd8f-4f68-b7db-ab9094f9bd8e: 45 arrays, 0.0 MB stored; 1.3 s; peak memory 351 MiB.
2026-10-09T11:28:53Z INFO [517/1000] 386dc486-5060-4a15-b825-2409653e7738: 115 arrays, 190.2 MB stored; 3.3 s; peak memory 351 MiB.
2026-10-09T11:28:53Z INFO [518/1000] 386e2a84-09fd-401e-87df-c62352e787e1: 74 arrays, 3.3 MB stored; 2.1 s; peak memory 351 MiB.
2026-10-09T11:28:53Z INFO [519/1000] 386e52b0-9fdb-4161-8950-669daa6cfce1: 117 arrays, 0.7 MB stored; 2.0 s; peak memory 351 MiB.
2026-10-09T11:28:55Z INFO [520/1000] 386e6eed-3d3c-4a75-8842-829bb6d34c41: 112 arrays, 1.1 MB stored; 2.1 s; peak memory 351 MiB.
2026-10-09T11:28:55Z INFO [521/1000] 386ef6d4-ceab-45c4-9fb5-1de93b3cceec: 117 arrays, 0.2 MB stored; 1.8 s; peak memory 351 MiB.
2026-10-09T11:28:55Z INFO [522/1000] 386fc76a-237d-46f7-9703-4bd6baabb882: 52 arrays, 21.7 MB stored; 1.7 s; peak memory 351 MiB.
2026-10-09T11:28:57Z INFO [523/1000] 3870867a-0ffa-4743-a0f2-a7caa96c5b82: 72 arrays, 0.1 MB stored; 1.6 s; peak memory 351 MiB.
2026-10-09T11:28:57Z INFO [524/1000] 386fec4f-ef44-4808-99b1-4e880c44fcf2: 71 arrays, 4.2 MB stored; 2.2 s; peak memory 351 MiB.
2026-10-09T11:28:58Z INFO [525/1000] 38708f76-fed1-4722-a39a-669a9713ee96: 64 arrays, 0.0 MB stored; 1.6 s; peak memory 351 MiB.
2026-10-09T11:28:59Z INFO [526/1000] 38700840-c9be-41e1-ab68-ffa594d8465a: 307 arrays, 2.8 MB stored; 4.0 s; peak memory 351 MiB.
2026-10-09T11:28:59Z INFO [527/1000] 38641934-b4c4-408a-a9fc-c2cf5421d2e8: 293 arrays, 345.0 MB stored; 34.2 s; peak memory 351 MiB.
2026-10-09T11:29:00Z INFO [528/1000] 38719d1f-a11f-4455-8d2e-cc4d8ac4d311: 48 arrays, 83.9 MB stored; 1.5 s; peak memory 351 MiB.
2026-10-09T11:29:02Z INFO [529/1000] 3870c8af-972d-45f4-ad53-943aab301845: 489 arrays, 4.9 MB stored; 4.6 s; peak memory 351 MiB.
2026-10-09T11:29:04Z INFO [530/1000] 387353f0-43d9-4c14-b374-61fb2c8f2749: 76 arrays, 107.2 MB stored; 2.3 s; peak memory 351 MiB.
2026-10-09T11:29:05Z INFO [531/1000] 3873d262-b614-4098-8d3b-61d98cce113c: 121 arrays, 0.1 MB stored; 1.5 s; peak memory 351 MiB.
2026-10-09T11:29:07Z INFO [532/1000] 387349d6-06a3-41cc-ab69-d7ae972f1faa: 229 arrays, 679.2 MB stored; 6.3 s; peak memory 351 MiB.
2026-10-09T11:29:07Z INFO [533/1000] 3873e982-7523-489f-8383-b3ecd86d72ce: 42 arrays, 10.5 MB stored; 1.4 s; peak memory 351 MiB.
2026-10-09T11:29:09Z INFO [534/1000] 3874799f-3291-4975-86a7-0dd1df3f4431: 62 arrays, 4742.9 MB stored; 1.8 s; peak memory 351 MiB.
2026-10-09T11:29:10Z INFO [535/1000] 3874160b-d010-4306-990b-4f15e48c6e0b: 156 arrays, 193.5 MB stored; 3.6 s; peak memory 351 MiB.
2026-10-09T11:29:11Z INFO [536/1000] 387184a7-435c-44f9-8cad-a356921e113f: 1239 arrays, 26.2 MB stored; 13.1 s; peak memory 351 MiB.
2026-10-09T11:29:12Z INFO [537/1000] 3874af7e-958e-44ac-85c8-e985b1ac6b2f: 121 arrays, 0.1 MB stored; 1.5 s; peak memory 351 MiB.
2026-10-09T11:29:13Z INFO [538/1000] 387311a8-caff-4cf8-892f-6936888dae40: 1095 arrays, 41.6 MB stored; 13.5 s; peak memory 351 MiB.
2026-10-09T11:29:13Z INFO [539/1000] 3874d4b1-7bb6-45e5-815c-bca90b01f5f9: 48 arrays, 83.9 MB stored; 1.5 s; peak memory 351 MiB.
2026-10-09T11:29:15Z INFO [540/1000] 3875c1cd-0d59-4851-b48a-ee84ee807fd8: 51 arrays, 2617.2 MB stored; 2.0 s; peak memory 351 MiB.
2026-10-09T11:29:15Z INFO [541/1000] 387499a9-5a59-4998-a62a-a6bbb9000140: 538 arrays, 8.2 MB stored; 6.5 s; peak memory 351 MiB.
2026-10-09T11:29:16Z INFO [542/1000] 3876305b-437d-4d3b-b1ea-a24cbb08ef77: 48 arrays, 83.9 MB stored; 1.5 s; peak memory 351 MiB.
2026-10-09T11:29:18Z INFO [543/1000] 3875a1d6-fcfa-4089-aeaf-0eec720c7273: 229 arrays, 259.8 MB stored; 6.0 s; peak memory 351 MiB.
2026-10-09T11:29:18Z INFO [544/1000] 38763336-0cf7-4b18-815f-bcffcde1c469: 115 arrays, 190.1 MB stored; 3.2 s; peak memory 351 MiB.
2026-10-09T11:29:19Z INFO [545/1000] 38773254-f014-43cd-af41-90d3ef911e0a: 48 arrays, 83.9 MB stored; 1.5 s; peak memory 351 MiB.
2026-10-09T11:29:20Z INFO [546/1000] 38774748-3ca1-4e12-a490-31bec068d081: 48 arrays, 83.9 MB stored; 1.6 s; peak memory 351 MiB.
2026-10-09T11:29:21Z INFO [547/1000] 38778bde-eee9-4db3-b948-80b465de069a: 48 arrays, 83.9 MB stored; 1.5 s; peak memory 351 MiB.
2026-10-09T11:29:21Z INFO [548/1000] 38782b9d-ee24-4dc4-8945-67078823ee6d: 48 arrays, 83.9 MB stored; 1.5 s; peak memory 351 MiB.
2026-10-09T11:29:22Z INFO [549/1000] 387834f3-0565-488a-9b4f-671b91d257c5: 46 arrays, 0.0 MB stored; 1.3 s; peak memory 351 MiB.
2026-10-09T11:29:27Z INFO [550/1000] 38797d79-f6ab-4f64-ad0b-418e6bce78db: 90 arrays, 5558.3 MB stored; 4.6 s; peak memory 351 MiB.
2026-10-09T11:29:28Z INFO [551/1000] 3875c7b2-401b-48cf-a25e-93f86293dac0: 257 arrays, 782.3 MB stored; 15.1 s; peak memory 351 MiB.
2026-10-09T11:29:28Z INFO [552/1000] 3879a5ca-3e28-47e3-9bd0-148207d61a10: 116 arrays, 9.8 MB stored; 1.8 s; peak memory 351 MiB.
2026-10-09T11:29:29Z INFO [553/1000] 3878bbef-bf39-4274-a622-0a9cb0c5645f: 1519 arrays, 16.1 MB stored; 7.4 s; peak memory 351 MiB.
2026-10-09T11:29:30Z INFO [554/1000] 387a7c13-fdf6-41b5-bc80-dd4eb49da1cb: 64 arrays, 36.4 MB stored; 2.0 s; peak memory 351 MiB.
2026-10-09T11:29:31Z INFO [555/1000] 387afacc-bc20-46ca-ba8a-3f2855a9fc0b: 112 arrays, 0.7 MB stored; 1.9 s; peak memory 351 MiB.
2026-10-09T11:29:32Z INFO [556/1000] 387a60e8-4c9a-48af-baba-9f6d439591d6: 50 arrays, 128.5 MB stored; 4.0 s; peak memory 351 MiB.
2026-10-09T11:29:32Z INFO [557/1000] 387b9250-781d-42b6-8f37-868981f7c712: 48 arrays, 83.9 MB stored; 1.5 s; peak memory 351 MiB.
2026-10-09T11:29:32Z INFO [558/1000] 387b9253-b78d-4445-a74b-514439749ff8: 48 arrays, 83.9 MB stored; 1.6 s; peak memory 351 MiB.
2026-10-09T11:29:34Z INFO [559/1000] 387bd1f2-15ef-4606-bc85-48dc243e01a4: 85 arrays, 1.2 MB stored; 1.7 s; peak memory 351 MiB.
2026-10-09T11:29:34Z INFO [560/1000] 38767546-3e6e-4fb2-9c24-eb660e221dcd: 41 arrays, 812.7 MB stored; 17.6 s; peak memory 351 MiB.
2026-10-09T11:29:34Z INFO [561/1000] 387bc79d-4a6b-4d48-aab5-95ee14bf360e: 113 arrays, 0.5 MB stored; 2.2 s; peak memory 351 MiB.
2026-10-09T11:29:35Z INFO [562/1000] 387cb878-5a83-405a-9e13-59524ec7dc42: 50 arrays, 5.8 MB stored; 1.4 s; peak memory 351 MiB.
2026-10-09T11:29:35Z INFO [563/1000] 387cd138-9328-4340-a39c-5bd2483ef802: 47 arrays, 0.5 MB stored; 1.5 s; peak memory 351 MiB.
2026-10-09T11:29:36Z INFO [564/1000] 387ce713-b97d-46eb-af2e-7d14ddf94ab3: 48 arrays, 83.9 MB stored; 1.6 s; peak memory 351 MiB.
2026-10-09T11:29:36Z INFO [565/1000] 387d4e4a-1e3f-4046-8d6d-fa388b9c50f8: 38 arrays, 0.5 MB stored; 1.4 s; peak memory 351 MiB.
2026-10-09T11:29:38Z INFO [566/1000] 387e0580-1388-47c5-902a-6619138dbd63: 71 arrays, 78.9 MB stored; 2.4 s; peak memory 351 MiB.
2026-10-09T11:29:38Z INFO [567/1000] 387ecf8a-2b84-4409-98ae-63658d4b1d80: 174 arrays, 1.0 MB stored; 2.0 s; peak memory 351 MiB.
2026-10-09T11:29:39Z INFO [568/1000] 387cb7c7-75b6-4064-8e44-1230bb9911c0: 538 arrays, 8.8 MB stored; 6.6 s; peak memory 351 MiB.
2026-10-09T11:29:40Z INFO [569/1000] 387f610c-fce0-4396-9d3e-2eff8dd0385b: 36 arrays, 5.2 MB stored; 1.4 s; peak memory 351 MiB.
2026-10-09T11:29:41Z INFO [570/1000] 387ee094-d3a1-4bb7-a584-fffd835c19f7: 114 arrays, 186.9 MB stored; 3.2 s; peak memory 351 MiB.
2026-10-09T11:29:41Z INFO [571/1000] 388053ea-0ca3-494a-84ae-14f57af769bc: 55 arrays, 0.0 MB stored; 1.2 s; peak memory 351 MiB.
2026-10-09T11:29:41Z INFO [572/1000] 387e0aad-b622-435e-85a8-6e8e086f712f: 269 arrays, 39.8 MB stored; 5.4 s; peak memory 351 MiB.
2026-10-09T11:29:43Z INFO [573/1000] 3880718a-9398-41e7-9d09-a174d2c18a9a: 48 arrays, 83.9 MB stored; 1.5 s; peak memory 351 MiB.
2026-10-09T11:29:43Z INFO [574/1000] 3881a3ae-ac80-4bc9-a812-10cd45bfc347: 48 arrays, 83.9 MB stored; 1.7 s; peak memory 351 MiB.
2026-10-09T11:29:43Z INFO [575/1000] 388203c4-0c3a-43d3-b767-521e31f7ad2b: 112 arrays, 0.6 MB stored; 2.2 s; peak memory 351 MiB.
2026-10-09T11:29:45Z INFO [576/1000] 3884679a-4a5a-43cc-9b91-ba8b7184bf01: 118 arrays, 0.2 MB stored; 1.7 s; peak memory 351 MiB.
2026-10-09T11:29:46Z INFO [577/1000] 384efa4b-9cf6-46a2-bc4a-384bab2b44b0: 430 arrays, 23665.7 MB stored; 136.5 s; peak memory 351 MiB.
2026-10-09T11:29:47Z INFO [578/1000] 38852d76-6160-40ec-af85-6f701925d49e: 85 arrays, 3.7 MB stored; 2.1 s; peak memory 351 MiB.
2026-10-09T11:29:47Z INFO [579/1000] 38859eeb-9647-4a1b-a6b8-f6d6e6919615: 58 arrays, 0.0 MB stored; 1.2 s; peak memory 351 MiB.
2026-10-09T11:29:48Z INFO [580/1000] 38800acb-099d-44dc-bc3e-ada449fd429d: 339 arrays, 48.0 MB stored; 9.3 s; peak memory 351 MiB.
2026-10-09T11:29:48Z INFO [581/1000] 388634d5-15de-4978-8721-5d432283b288: 48 arrays, 83.9 MB stored; 1.5 s; peak memory 351 MiB.
2026-10-09T11:29:48Z INFO [582/1000] 3883e8f9-1b83-47eb-a07d-c86331a19ce2: 231 arrays, 77.8 MB stored; 5.9 s; peak memory 351 MiB.
2026-10-09T11:29:50Z INFO [583/1000] 388861d8-ceeb-4858-88d9-b981cc16853c: 48 arrays, 83.9 MB stored; 1.6 s; peak memory 351 MiB.
2026-10-09T11:29:52Z INFO [584/1000] 3888ab00-308f-422f-a30d-177b12d11017: 230 arrays, 0.9 MB stored; 1.9 s; peak memory 351 MiB.
2026-10-09T11:29:52Z INFO [585/1000] 3884c361-0a0a-427b-b58b-7e4e7e922134: 1080 arrays, 24.9 MB stored; 9.0 s; peak memory 351 MiB.
2026-10-09T11:29:54Z INFO [586/1000] 388875d8-0273-401a-bac7-8130bab2d220: 200 arrays, 202.4 MB stored; 6.0 s; peak memory 351 MiB.
2026-10-09T11:29:54Z INFO [587/1000] 38894f48-6184-42bc-a1cb-cb9ca5874491: 66 arrays, 42.6 MB stored; 2.2 s; peak memory 351 MiB.
2026-10-09T11:29:56Z INFO [588/1000] 38896d34-3208-4824-8bbc-19c1c5fc057d: 42 arrays, 7.4 MB stored; 1.5 s; peak memory 351 MiB.
2026-10-09T11:29:56Z INFO [589/1000] 3889a4e0-bfdf-48e3-a51d-3ed6bdd95fae: 48 arrays, 83.9 MB stored; 1.5 s; peak memory 351 MiB.
2026-10-09T11:29:58Z INFO [590/1000] 38892f15-6981-47a0-98be-8ceb151fb125: 52 arrays, 352.4 MB stored; 6.0 s; peak memory 351 MiB.
2026-10-09T11:30:01Z INFO [591/1000] 38880bcd-59e1-4bb9-85a1-7ec3c64928a7: 420 arrays, 3996.5 MB stored; 12.5 s; peak memory 351 MiB.
2026-10-09T11:30:02Z INFO [592/1000] 388b6c9f-b9e5-46fd-853e-1bd05b6ee9d4: 48 arrays, 83.9 MB stored; 1.5 s; peak memory 351 MiB.
2026-10-09T11:30:04Z INFO [593/1000] 388ba75c-9f8c-4005-884c-fcf2a078a27a: 48 arrays, 83.9 MB stored; 1.4 s; peak memory 351 MiB.
2026-10-09T11:30:11Z INFO [594/1000] 388b405b-c6fc-4d99-994b-27b82c8fc4c5: 41 arrays, 364.4 MB stored; 15.3 s; peak memory 351 MiB.
2026-10-09T11:30:13Z INFO [595/1000] 388c829d-65f3-4233-90f7-9c8e30146055: 48 arrays, 83.9 MB stored; 1.4 s; peak memory 351 MiB.
2026-10-09T11:30:15Z INFO [596/1000] 388d6bc1-98e4-4738-9b21-a64c2bcd33ef: 69 arrays, 75.0 MB stored; 2.0 s; peak memory 351 MiB.
2026-10-09T11:30:15Z INFO [597/1000] 388bce92-f78a-46c4-9199-89b5fc37032d: 959 arrays, 38.3 MB stored; 11.6 s; peak memory 351 MiB.
2026-10-09T11:30:17Z INFO [598/1000] 388e30f3-c5c2-46d4-95f1-5c798e07b104: 116 arrays, 0.5 MB stored; 1.8 s; peak memory 351 MiB.
2026-10-09T11:30:17Z INFO [599/1000] 388ec560-5e33-477e-9e93-daa4a6924e50: 117 arrays, 0.4 MB stored; 2.0 s; peak memory 351 MiB.
2026-10-09T11:30:18Z INFO [600/1000] 388f8725-9485-4203-9b14-984ad482b3ed: 39 arrays, 12.1 MB stored; 1.4 s; peak memory 351 MiB.
2026-10-09T11:30:18Z INFO [600/1000] 388f8725-9485-4203-9b14-984ad482b3ed: checkpointed 600 new records.
2026-10-09T11:30:19Z INFO [601/1000] 388a30f6-cace-40ad-aed9-061fd19496d8: 522 arrays, 4428.8 MB stored; 22.8 s; peak memory 351 MiB.
2026-10-09T11:30:19Z INFO [602/1000] 388f8c12-f5c3-439a-971c-0e71c4149040: 66 arrays, 63.4 MB stored; 2.3 s; peak memory 351 MiB.
2026-10-09T11:30:20Z INFO [603/1000] 38901cef-6c7a-42b7-ba30-183ffac1672c: 48 arrays, 83.9 MB stored; 1.6 s; peak memory 351 MiB.
2026-10-09T11:30:20Z INFO [604/1000] 3890ad98-525c-47ff-a271-0233817782d2: 48 arrays, 83.9 MB stored; 1.6 s; peak memory 351 MiB.
2026-10-09T11:30:21Z INFO [605/1000] 38910c39-cc87-4aad-9b5d-31731bc2c0bd: 48 arrays, 83.9 MB stored; 1.5 s; peak memory 351 MiB.
2026-10-09T11:30:21Z INFO [606/1000] 38910d02-0b99-4db9-bb38-cd9ca7b97931: 46 arrays, 0.3 MB stored; 1.4 s; peak memory 351 MiB.
2026-10-09T11:30:22Z INFO [607/1000] 3891dbbb-4746-469e-96ff-930b0a721ced: 48 arrays, 83.9 MB stored; 1.6 s; peak memory 351 MiB.
2026-10-09T11:30:24Z INFO [608/1000] 38914329-1ef4-476c-89df-f25499403c03: 114 arrays, 186.8 MB stored; 3.2 s; peak memory 351 MiB.
2026-10-09T11:30:25Z INFO [609/1000] 38924c3c-fe86-429e-bc5d-1c4c606281ea: 71 arrays, 73.6 MB stored; 2.4 s; peak memory 351 MiB.
2026-10-09T11:30:25Z INFO [610/1000] 388b5752-dbb7-44d5-9011-e9777861e49e: 48 arrays, 44560.7 MB stored; 27.5 s; peak memory 351 MiB.
2026-10-09T11:30:26Z INFO [611/1000] 38928b12-dd0c-4ada-bc25-5759d91d9970: 71 arrays, 65.3 MB stored; 2.4 s; peak memory 351 MiB.
2026-10-09T11:30:27Z INFO [612/1000] 38934b5b-a239-4bab-9637-47409f653c9f: 47 arrays, 43.1 MB stored; 2.1 s; peak memory 351 MiB.
2026-10-09T11:30:28Z INFO [613/1000] 3893552c-7b91-4340-b378-c58f9b5094f1: 117 arrays, 0.3 MB stored; 1.8 s; peak memory 351 MiB.
2026-10-09T11:30:29Z INFO [614/1000] 3893669d-e97f-4039-b101-7b7bf0ecafad: 118 arrays, 0.4 MB stored; 1.6 s; peak memory 351 MiB.
2026-10-09T11:30:30Z INFO [615/1000] 3893e32d-69a9-4852-bf93-3befcb15a7d9: 112 arrays, 0.6 MB stored; 1.9 s; peak memory 351 MiB.
2026-10-09T11:30:31Z INFO [616/1000] 38945172-9daf-46bc-8ffb-70756059f255: 112 arrays, 0.7 MB stored; 2.0 s; peak memory 351 MiB.
2026-10-09T11:30:33Z INFO [617/1000] 38956a19-ac6b-44c1-8c74-d93bd74bc0be: 117 arrays, 0.5 MB stored; 1.7 s; peak memory 351 MiB.
2026-10-09T11:30:36Z INFO [618/1000] 3894ee15-ceca-474d-9b33-4d2641544b8c: 229 arrays, 390.2 MB stored; 6.4 s; peak memory 351 MiB.
2026-10-09T11:30:38Z INFO [619/1000] 389625ca-0722-4e7f-b693-81304a977438: 48 arrays, 83.9 MB stored; 1.5 s; peak memory 351 MiB.
2026-10-09T11:30:39Z INFO [620/1000] 38968300-907a-4f17-9fd4-a31ef8ee3356: 112 arrays, 0.3 MB stored; 1.7 s; peak memory 351 MiB.
2026-10-09T11:30:42Z INFO [621/1000] 3896c6e0-ce6d-4de5-9c1e-0b40328e80f3: 66 arrays, 68.5 MB stored; 2.3 s; peak memory 351 MiB.
2026-10-09T11:30:43Z INFO [622/1000] 3895eb7a-b015-4fb9-a7bb-da35f1114e75: 409 arrays, 133.6 MB stored; 10.2 s; peak memory 351 MiB.
2026-10-09T11:30:43Z INFO [623/1000] 3896d83b-dd38-4087-b338-afefb7dd72b6: 118 arrays, 0.3 MB stored; 1.6 s; peak memory 351 MiB.
2026-10-09T11:30:44Z INFO [624/1000] 38971e33-6186-4585-9c7e-5a069078b65c: 46 arrays, 0.2 MB stored; 1.3 s; peak memory 351 MiB.
2026-10-09T11:30:47Z INFO [625/1000] 3897d8e5-8a2e-4199-838f-1ad44a324cd1: 71 arrays, 75.1 MB stored; 2.5 s; peak memory 351 MiB.
2026-10-09T11:30:48Z INFO [626/1000] 38921c92-b07c-4297-8601-fba6e03586ae: 48 arrays, 45591.1 MB stored; 26.8 s; peak memory 351 MiB.
2026-10-09T11:30:48Z INFO [627/1000] 3897ee24-d3fd-4179-8197-e5b29affd96f: 112 arrays, 0.5 MB stored; 1.8 s; peak memory 351 MiB.
2026-10-09T11:30:49Z INFO [628/1000] 38977038-b80d-4a39-bf3a-687965f27cee: 238 arrays, 77.6 MB stored; 5.9 s; peak memory 351 MiB.
2026-10-09T11:30:50Z INFO [629/1000] 389846e3-9145-4b0e-beb6-ac8504c5822f: 118 arrays, 0.5 MB stored; 1.7 s; peak memory 351 MiB.
2026-10-09T11:30:50Z INFO [630/1000] 38986162-a0d7-4805-b2c9-7d7d434f0320: 62 arrays, 4980.9 MB stored; 1.9 s; peak memory 351 MiB.
2026-10-09T11:30:51Z INFO [631/1000] 389a4f76-c552-4b95-b29c-e8fb9b63a24d: 57 arrays, 0.0 MB stored; 1.2 s; peak memory 351 MiB.
2026-10-09T11:30:51Z INFO [632/1000] 389887ca-35fe-4054-b012-c83d0aa52a6a: 118 arrays, 0.2 MB stored; 1.7 s; peak memory 351 MiB.
2026-10-09T11:30:52Z INFO [633/1000] 389a6f32-c5d6-4760-817f-28eb12c4a8d7: 37 arrays, 4.2 MB stored; 1.5 s; peak memory 351 MiB.
2026-10-09T11:30:53Z INFO [634/1000] 389b264b-5b22-46c7-8492-be7c07f6d4f2: 117 arrays, 0.6 MB stored; 2.0 s; peak memory 351 MiB.
2026-10-09T11:30:53Z INFO [635/1000] 389ac687-6a3a-4e79-81f0-6a87a0179168: 38 arrays, 20.7 MB stored; 2.2 s; peak memory 351 MiB.
2026-10-09T11:30:53Z INFO [636/1000] 389c4fa6-7be2-47b5-a319-4c0cad7cf4b0: 48 arrays, 83.9 MB stored; 1.5 s; peak memory 351 MiB.
2026-10-09T11:30:54Z INFO [637/1000] 389c5d49-6d68-4932-a240-c6897cd11177: 48 arrays, 83.9 MB stored; 1.5 s; peak memory 351 MiB.
2026-10-09T11:30:55Z INFO [638/1000] 389c92c4-9799-4751-b68b-a76e78582853: 70 arrays, 22.8 MB stored; 2.2 s; peak memory 351 MiB.
2026-10-09T11:30:55Z INFO [639/1000] 389c8520-0745-4003-963d-dac3fee3303e: 113 arrays, 28.0 MB stored; 2.6 s; peak memory 351 MiB.
2026-10-09T11:30:57Z INFO [640/1000] 389cccd8-5c1f-4ad6-a485-d49ecdbf6132: 48 arrays, 83.9 MB stored; 1.5 s; peak memory 351 MiB.
2026-10-09T11:30:58Z INFO [641/1000] 389ca26c-81c2-4618-8649-07b6d7b7ccaa: 53 arrays, 670.1 MB stored; 3.2 s; peak memory 351 MiB.
2026-10-09T11:30:59Z INFO [642/1000] 389e4032-1be7-4b55-9b25-3cc04a723718: 46 arrays, 0.0 MB stored; 1.1 s; peak memory 351 MiB.
2026-10-09T11:30:59Z INFO [643/1000] 389e3f4e-f53b-41d3-af79-1bafd5ed212f: 68 arrays, 0.1 MB stored; 1.6 s; peak memory 351 MiB.
2026-10-09T11:31:00Z INFO [644/1000] 389e5918-4173-4f34-ac07-c8616a5878ce: 48 arrays, 83.9 MB stored; 1.5 s; peak memory 351 MiB.
2026-10-09T11:31:02Z INFO [645/1000] 389ece9b-188b-4b70-9ea9-5b597dad0a5c: 118 arrays, 0.3 MB stored; 1.8 s; peak memory 351 MiB.
2026-10-09T11:31:04Z INFO [646/1000] 389f341a-59e0-4107-a15c-b28882106806: 112 arrays, 0.6 MB stored; 2.2 s; peak memory 351 MiB.
2026-10-09T11:31:06Z INFO [647/1000] 389fd135-8f77-4450-9ec2-010eed253ec2: 48 arrays, 83.9 MB stored; 1.5 s; peak memory 351 MiB.
2026-10-09T11:31:06Z INFO [648/1000] 389e0da0-fefd-4bad-886b-280a090e1baf: 759 arrays, 22.4 MB stored; 11.0 s; peak memory 351 MiB.
2026-10-09T11:31:08Z INFO [649/1000] 38a0524a-939e-4fb6-9d4b-b31439aa7070: 118 arrays, 0.4 MB stored; 1.7 s; peak memory 351 MiB.
2026-10-09T11:31:09Z INFO [650/1000] 389e7250-cd63-466f-8cc8-f351628bf3bf: 407 arrays, 84.3 MB stored; 9.9 s; peak memory 351 MiB.
2026-10-09T11:31:21Z INFO [651/1000] 38a05dd5-30c6-4dc5-ad64-977473354e1d: 776 arrays, 40.8 MB stored; 12.6 s; peak memory 351 MiB.
2026-10-09T11:31:23Z INFO [652/1000] 38a0d0ee-5011-4d7d-8c81-ce60d8ebef4d: 70 arrays, 403.9 MB stored; 2.3 s; peak memory 351 MiB.
2026-10-09T11:31:25Z INFO [653/1000] 38a14ce1-b5d0-49e7-98b2-34b5d054b77d: 48 arrays, 83.9 MB stored; 1.5 s; peak memory 351 MiB.
2026-10-09T11:31:27Z INFO [654/1000] 38a1f57b-5db6-4135-a7d1-4e0726fd5d7e: 57 arrays, 122.2 MB stored; 1.9 s; peak memory 351 MiB.
2026-10-09T11:31:28Z INFO [655/1000] 38a0151f-89de-482a-b0f0-5c3794a7b601: 70 arrays, 1123.4 MB stored; 22.5 s; peak memory 351 MiB.
2026-10-09T11:31:28Z INFO [656/1000] 38a20a01-d06d-4a3e-9cd5-1c6b7b447aba: 112 arrays, 0.4 MB stored; 1.9 s; peak memory 351 MiB.
2026-10-09T11:31:30Z INFO [657/1000] 38a254d3-4609-4564-aae5-3404302e086e: 59 arrays, 98.4 MB stored; 2.0 s; peak memory 351 MiB.
2026-10-09T11:31:31Z INFO [658/1000] 38a2ad6e-db29-4fae-ac76-f393a8923b4c: 51 arrays, 177.5 MB stored; 2.6 s; peak memory 351 MiB.
2026-10-09T11:31:31Z INFO [659/1000] 38a2cf73-3554-4d2a-954f-6d195ea735e6: 56 arrays, 0.0 MB stored; 1.3 s; peak memory 351 MiB.
2026-10-09T11:31:33Z INFO [660/1000] 38a32515-e55b-4116-b63d-43b0757da8f7: 113 arrays, 0.5 MB stored; 1.8 s; peak memory 351 MiB.
2026-10-09T11:31:42Z INFO [661/1000] 38a33c63-a705-45a0-a77d-a1e0589aa526: 11477 arrays, 155.2 MB stored; 10.6 s; peak memory 351 MiB.
2026-10-09T11:31:44Z INFO [662/1000] 38a41bab-4fc0-4c87-8d93-5b6f96599d0b: 117 arrays, 0.5 MB stored; 1.7 s; peak memory 351 MiB.
2026-10-09T11:31:50Z INFO [663/1000] 38a45bd4-6634-4e60-b091-efba52c9386f: 49 arrays, 3676.4 MB stored; 6.3 s; peak memory 351 MiB.
2026-10-09T11:31:52Z INFO [664/1000] 38a46f76-58e4-48ff-8052-74cab3afe273: 106 arrays, 9.7 MB stored; 1.7 s; peak memory 351 MiB.
2026-10-09T11:31:53Z INFO [665/1000] 38a4b4d6-7048-4ed3-afd4-b9e42288ffed: 117 arrays, 0.3 MB stored; 1.6 s; peak memory 351 MiB.
2026-10-09T11:31:55Z INFO [666/1000] 38a4d628-a2db-4790-bf11-37f1a9b143a3: 48 arrays, 83.9 MB stored; 1.6 s; peak memory 351 MiB.
2026-10-09T11:31:55Z INFO [667/1000] 38a36e7e-e698-4a92-ab4b-473c92193ac6: 48 arrays, 35710.9 MB stored; 22.6 s; peak memory 351 MiB.
2026-10-09T11:31:56Z INFO [668/1000] 38a59034-8648-4a28-b0c1-4da4d3fddec4: 48 arrays, 83.9 MB stored; 1.4 s; peak memory 351 MiB.
2026-10-09T11:31:58Z INFO [669/1000] 38a5cc48-55f1-4374-ad47-b120785b7b31: 48 arrays, 83.9 MB stored; 1.5 s; peak memory 351 MiB.
2026-10-09T11:32:00Z INFO [670/1000] 38a627dd-6197-445c-b78a-9f1b17f5f4eb: 68 arrays, 1.7 MB stored; 1.9 s; peak memory 351 MiB.
2026-10-09T11:32:01Z INFO [671/1000] 38a64318-a554-4cac-b07c-6d16f114f936: 112 arrays, 0.7 MB stored; 1.8 s; peak memory 351 MiB.
2026-10-09T11:32:03Z INFO [672/1000] 38a5ba59-bc83-4918-a729-6d83d3c249e3: 257 arrays, 223.0 MB stored; 7.9 s; peak memory 351 MiB.
2026-10-09T11:32:05Z INFO [673/1000] 38a7df6c-2c33-467c-9b55-158f7dc54a97: 69 arrays, 37.1 MB stored; 1.8 s; peak memory 351 MiB.
2026-10-09T11:32:07Z INFO [674/1000] 38a7e24c-ede5-4380-8d06-0338b890aada: 290 arrays, 1.4 MB stored; 2.1 s; peak memory 351 MiB.
2026-10-09T11:32:09Z INFO [675/1000] 38a80c51-b927-4efd-b49e-c65c6bde52cc: 45 arrays, 11.1 MB stored; 1.7 s; peak memory 351 MiB.
2026-10-09T11:32:11Z INFO [676/1000] 38a85fd3-fc5c-4854-9144-45477f4130fa: 116 arrays, 0.3 MB stored; 1.8 s; peak memory 351 MiB.
2026-10-09T11:32:36Z INFO [677/1000] 38a903e0-f7c0-436d-9da9-5c51e626eeb4: 48 arrays, 48620.1 MB stored; 25.1 s; peak memory 351 MiB.
2026-10-09T11:32:39Z INFO [678/1000] 38a9b543-9fe2-444d-9896-8cc47364d39d: 114 arrays, 186.8 MB stored; 3.2 s; peak memory 351 MiB.
2026-10-09T11:32:41Z INFO [679/1000] 38a9c5f3-d4dd-48cd-8a52-f392c13c5038: 118 arrays, 0.4 MB stored; 1.8 s; peak memory 351 MiB.
2026-10-09T11:32:42Z INFO [680/1000] 38a9ff0f-c309-49f9-841d-034a1e6c83de: 46 arrays, 0.0 MB stored; 1.2 s; peak memory 351 MiB.
2026-10-09T11:32:44Z INFO [681/1000] 38aa11ab-3a46-47fe-aa13-f1eaad3b60b0: 118 arrays, 0.4 MB stored; 1.7 s; peak memory 351 MiB.
2026-10-09T11:32:47Z INFO [682/1000] 38aad325-440e-44fd-a20b-73b27abae490: 115 arrays, 186.9 MB stored; 3.4 s; peak memory 351 MiB.
2026-10-09T11:32:49Z INFO [683/1000] 38ab7ab8-a11f-414d-8f96-1820ca5078c0: 48 arrays, 83.9 MB stored; 1.6 s; peak memory 351 MiB.
2026-10-09T11:32:50Z INFO [684/1000] 3885d7f8-3ef6-4cd8-9fe4-626d6cdf84a0: 25757 arrays, 1134.5 MB stored; 183.2 s; peak memory 351 MiB.
2026-10-09T11:32:50Z INFO [685/1000] 38aba720-7c54-4c77-83ae-fa769e59bb05: 40 arrays, 0.0 MB stored; 1.2 s; peak memory 351 MiB.
2026-10-09T11:32:53Z INFO [686/1000] 38abb5e0-8742-47bc-89f9-c3a1a06ed7e8: 152 arrays, 418.1 MB stored; 2.9 s; peak memory 351 MiB.
2026-10-09T11:32:53Z INFO [687/1000] 38abf284-edda-44a4-a016-21752d5cdfd1: 117 arrays, 4.5 MB stored; 2.9 s; peak memory 351 MiB.
2026-10-09T11:32:54Z INFO [688/1000] 38ac59f9-797a-4b90-a7f5-c5777e7bd330: 49 arrays, 2.2 MB stored; 1.3 s; peak memory 351 MiB.
2026-10-09T11:32:56Z INFO [689/1000] 38acb28b-59d2-49c3-b2c7-82def932b53f: 117 arrays, 0.4 MB stored; 1.7 s; peak memory 351 MiB.
2026-10-09T11:32:57Z INFO [690/1000] 38ac19a5-27d5-41cd-80f8-58670d4329c3: 370 arrays, 3.1 MB stored; 4.3 s; peak memory 351 MiB.
2026-10-09T11:32:57Z INFO [691/1000] 38ad290f-683b-470b-8496-847ce6ef54c1: 38 arrays, 0.5 MB stored; 1.4 s; peak memory 351 MiB.
2026-10-09T11:33:00Z INFO [692/1000] 38adef9c-5040-4886-9b0c-b8104f89f2d2: 119 arrays, 66.4 MB stored; 2.6 s; peak memory 351 MiB.
2026-10-09T11:33:05Z INFO [693/1000] 38aef3ed-7c26-4926-bca0-c12ca5619451: 229 arrays, 251.6 MB stored; 5.3 s; peak memory 351 MiB.
2026-10-09T11:33:07Z INFO [694/1000] 38aef5fb-004f-464f-b81e-3ae1a472d2f7: 45 arrays, 639.7 MB stored; 2.0 s; peak memory 351 MiB.
2026-10-09T11:33:07Z INFO [695/1000] 38ae53e5-9700-4e61-b3ad-c34acfe35abd: 336 arrays, 44.0 MB stored; 9.6 s; peak memory 351 MiB.
2026-10-09T11:33:09Z INFO [696/1000] 38b06bee-3e5c-4176-9d1f-43579277f2c6: 69 arrays, 57.8 MB stored; 1.9 s; peak memory 351 MiB.
2026-10-09T11:33:14Z INFO [697/1000] 38b0d518-4063-43fa-9833-644a097e0505: 460 arrays, 6.3 MB stored; 5.4 s; peak memory 351 MiB.
2026-10-09T11:33:16Z INFO [698/1000] 38b1465a-8236-4c77-a80d-8dc1bf4f38e1: 48 arrays, 83.9 MB stored; 1.5 s; peak memory 351 MiB.
2026-10-09T11:33:19Z INFO [699/1000] 38b076e7-5c88-423b-b222-fbf1f040ffd6: 369 arrays, 930.3 MB stored; 11.5 s; peak memory 351 MiB.
2026-10-09T11:33:21Z INFO [700/1000] 38b1f1f4-e705-40a3-b712-8faea38088a0: 119 arrays, 66.4 MB stored; 2.4 s; peak memory 351 MiB.
2026-10-09T11:33:35Z INFO [701/1000] 38b341d1-bba5-4d02-a644-396597665b95: 824 arrays, 32.0 MB stored; 14.2 s; peak memory 351 MiB.
2026-10-09T11:33:37Z INFO [702/1000] 38b36058-eedb-4573-981c-ab1f9dcb11cb: 117 arrays, 0.2 MB stored; 1.7 s; peak memory 351 MiB.
2026-10-09T11:33:40Z INFO [703/1000] 38b3972b-0a5a-4561-8f0d-542dbc75dca2: 150 arrays, 302.1 MB stored; 3.1 s; peak memory 351 MiB.
2026-10-09T11:33:42Z INFO [704/1000] 38b42a14-6cbf-4b96-a9cb-f54292318f2c: 116 arrays, 0.3 MB stored; 1.6 s; peak memory 351 MiB.
2026-10-09T11:33:44Z INFO [705/1000] 38b45352-413f-4ded-b055-ef423824a516: 66 arrays, 63.3 MB stored; 2.2 s; peak memory 351 MiB.
2026-10-09T11:33:46Z INFO [706/1000] 38b523d8-e35e-4fd2-9b09-b130903b9a25: 275 arrays, 17.1 MB stored; 2.0 s; peak memory 351 MiB.
2026-10-09T11:33:47Z INFO [707/1000] 38b526c5-ec44-4262-b8c3-a5d26ae42913: 46 arrays, 0.0 MB stored; 1.2 s; peak memory 351 MiB.
2026-10-09T11:33:49Z INFO [708/1000] 38b68563-8e30-45a5-97c3-f944fd138dfa: 112 arrays, 0.6 MB stored; 2.0 s; peak memory 351 MiB.
2026-10-09T11:33:51Z INFO [709/1000] 38b6bf68-2f30-49e2-afa1-7a3e7bf5c8b5: 117 arrays, 0.3 MB stored; 1.7 s; peak memory 351 MiB.
2026-10-09T11:33:52Z INFO [710/1000] 38b6ca54-3d00-4b1a-b9d0-d63b5a7b7627: 48 arrays, 83.9 MB stored; 1.6 s; peak memory 351 MiB.
2026-10-09T11:33:54Z INFO [711/1000] 38b78a54-57e6-48da-a20d-065a5e6d4d68: 48 arrays, 83.9 MB stored; 1.5 s; peak memory 351 MiB.
2026-10-09T11:33:56Z INFO [712/1000] 38b7a440-74c6-4910-a9e4-2ffa1380744a: 116 arrays, 0.6 MB stored; 1.9 s; peak memory 351 MiB.
2026-10-09T11:34:04Z INFO [713/1000] 38b17570-8913-468a-9581-ff2bfc934a76: 55 arrays, 1940.6 MB stored; 48.7 s; peak memory 351 MiB.
2026-10-09T11:34:08Z INFO [714/1000] 38b7db88-6441-410c-aa78-0ac2d3b833a0: 993 arrays, 42.0 MB stored; 12.1 s; peak memory 351 MiB.
2026-10-09T11:34:09Z INFO [715/1000] 38b9241f-ca19-4a90-9724-dfe515bd1fa1: 48 arrays, 83.9 MB stored; 1.5 s; peak memory 351 MiB.
2026-10-09T11:34:11Z INFO [716/1000] 38b90422-9a92-41a5-a6ed-d4e9ffd2de89: 193 arrays, 343.0 MB stored; 6.2 s; peak memory 351 MiB.
2026-10-09T11:34:11Z INFO [717/1000] 38b95542-8f47-4ee3-82f7-bf328a218be7: 50 arrays, 6.8 MB stored; 1.5 s; peak memory 351 MiB.
2026-10-09T11:34:13Z INFO [718/1000] 38ba92b4-7e45-453e-b42d-b105a181ba4b: 112 arrays, 0.6 MB stored; 2.1 s; peak memory 351 MiB.
2026-10-09T11:34:13Z INFO [719/1000] 38b9b95b-91b1-442d-859d-0931abb64d7f: 66 arrays, 104.0 MB stored; 2.2 s; peak memory 351 MiB.
2026-10-09T11:34:14Z INFO [720/1000] 38bb3d67-69f1-426d-866b-45118e7b97a3: 48 arrays, 83.9 MB stored; 1.5 s; peak memory 351 MiB.
2026-10-09T11:34:15Z INFO [721/1000] 38baa4e9-d848-4cd3-9c98-2cbc2209378f: 68 arrays, 0.2 MB stored; 1.8 s; peak memory 351 MiB.
2026-10-09T11:34:18Z INFO [722/1000] 38bdf419-ae0a-4ad9-93ab-e7c7c4359a6f: 116 arrays, 187.1 MB stored; 3.2 s; peak memory 351 MiB.
2026-10-09T11:34:19Z INFO [723/1000] 38be2d74-84d9-4565-9918-be986b92f07d: 48 arrays, 83.9 MB stored; 1.4 s; peak memory 351 MiB.
2026-10-09T11:34:21Z INFO [724/1000] 38bea16c-61ed-4e05-b9e7-540c565470fa: 48 arrays, 83.9 MB stored; 1.4 s; peak memory 351 MiB.
2026-10-09T11:34:22Z INFO [725/1000] 38bed039-65e1-40d3-8215-a52ea5a2e38d: 48 arrays, 83.9 MB stored; 1.5 s; peak memory 351 MiB.
2026-10-09T11:34:24Z INFO [726/1000] 38bf6acd-be29-4486-be05-780ef9660d29: 82 arrays, 1386.8 MB stored; 2.2 s; peak memory 351 MiB.
2026-10-09T11:34:27Z INFO [727/1000] 38bfac21-c731-489e-a5f9-33cf4562b732: 90 arrays, 158.8 MB stored; 3.2 s; peak memory 351 MiB.
2026-10-09T11:34:29Z INFO [728/1000] 38bfc499-d32c-4cd1-ad69-431432c973d3: 118 arrays, 0.4 MB stored; 1.7 s; peak memory 351 MiB.
2026-10-09T11:34:47Z INFO [729/1000] 3857c48a-8ad0-4291-9a2c-505e84f9b4f6: 173 arrays, 416108.8 MB stored; 412.1 s; peak memory 351 MiB.
2026-10-09T11:34:48Z INFO [730/1000] 38bfdfca-1634-48cd-b8e2-88344efdbd40: 54 arrays, 0.0 MB stored; 1.2 s; peak memory 351 MiB.
2026-10-09T11:34:50Z INFO [731/1000] 38c01d82-2e35-4409-8844-7fe31371131d: 48 arrays, 83.9 MB stored; 1.5 s; peak memory 351 MiB.
2026-10-09T11:34:53Z INFO [732/1000] 38bfc5e1-a3ad-4b82-9f5a-b7a78b47abc6: 48 arrays, 42789.1 MB stored; 23.7 s; peak memory 351 MiB.
2026-10-09T11:34:53Z INFO [733/1000] 38c09998-b01c-4b63-bd7b-946d3fb0a27b: 119 arrays, 67.4 MB stored; 3.3 s; peak memory 351 MiB.
2026-10-09T11:34:53Z INFO [734/1000] 3892eb39-a3c8-4b3b-8203-6273900136f8: 472 arrays, 43320.7 MB stored; 268.5 s; peak memory 351 MiB.
2026-10-09T11:34:54Z INFO [735/1000] 38c0b73f-6276-44df-98ae-45ed4486f715: 48 arrays, 83.9 MB stored; 1.6 s; peak memory 351 MiB.
2026-10-09T11:34:55Z INFO [736/1000] 38c1a40e-bde3-4185-8da5-e691911fa3ce: 48 arrays, 83.9 MB stored; 1.5 s; peak memory 351 MiB.
2026-10-09T11:34:57Z INFO [737/1000] 38c1f814-b9f5-4e05-824b-e75b2fee1e09: 116 arrays, 0.4 MB stored; 1.7 s; peak memory 351 MiB.
2026-10-09T11:34:58Z INFO [738/1000] 38c29fea-20f3-4091-b19b-20910dbe8ce4: 46 arrays, 0.0 MB stored; 1.2 s; peak memory 351 MiB.
2026-10-09T11:34:59Z INFO [739/1000] 38c2adb1-c38f-4a39-bf30-b053d64cfd1d: 117 arrays, 0.4 MB stored; 1.6 s; peak memory 351 MiB.
2026-10-09T11:35:01Z INFO [740/1000] 38c2cf97-63e3-45b9-99f4-6b26dba99bf9: 45 arrays, 0.0 MB stored; 1.3 s; peak memory 351 MiB.
2026-10-09T11:35:08Z INFO [741/1000] 38c2ec94-e1d7-4449-9a57-6ab0ae714736: 196 arrays, 690.0 MB stored; 7.6 s; peak memory 351 MiB.
2026-10-09T11:35:10Z INFO [742/1000] 38c1e2bc-6ffc-46dc-9ede-9aa936b2ce3e: 428 arrays, 820.9 MB stored; 15.3 s; peak memory 351 MiB.
2026-10-09T11:35:11Z INFO [743/1000] 38c321ae-afde-4d88-9d14-16e3940ddcbf: 48 arrays, 83.9 MB stored; 1.4 s; peak memory 351 MiB.
2026-10-09T11:35:13Z INFO [744/1000] 38c33e63-ad57-49a7-8284-da7a99cae6e9: 117 arrays, 0.3 MB stored; 1.7 s; peak memory 351 MiB.
2026-10-09T11:35:19Z INFO [745/1000] 38c341c6-3f3a-4424-ad5a-30709000b582: 53 arrays, 391.9 MB stored; 6.2 s; peak memory 351 MiB.
2026-10-09T11:35:21Z INFO [746/1000] 38c300c6-9da0-4a02-9b62-a7d02cf5958e: 752 arrays, 39.3 MB stored; 12.4 s; peak memory 351 MiB.
2026-10-09T11:35:21Z INFO [747/1000] 38c38c46-cf1f-48a1-89cb-c1052e186d73: 117 arrays, 0.4 MB stored; 1.6 s; peak memory 351 MiB.
2026-10-09T11:35:23Z INFO [748/1000] 38c4b263-a4d9-4e6e-87e5-3b5f0af401b0: 117 arrays, 0.7 MB stored; 2.0 s; peak memory 351 MiB.
2026-10-09T11:35:23Z INFO [749/1000] 38c4958b-08ec-4135-92cc-1d85f6e50e9a: 70 arrays, 18.1 MB stored; 2.1 s; peak memory 351 MiB.
2026-10-09T11:35:24Z INFO [750/1000] 38c51428-8e56-4abc-a50b-60e33ac69922: 46 arrays, 12.6 MB stored; 1.6 s; peak memory 351 MiB.
2026-10-09T11:35:24Z INFO [751/1000] 38c54533-636a-4794-9a42-1f085be5954b: 48 arrays, 83.9 MB stored; 1.6 s; peak memory 351 MiB.
2026-10-09T11:35:26Z INFO [752/1000] 38c56c02-6c4b-4067-a12a-89347fd7707e: 46 arrays, 0.0 MB stored; 1.3 s; peak memory 351 MiB.
2026-10-09T11:35:26Z INFO [753/1000] 38c5974f-bc31-4949-8ead-011c4fb80894: 38 arrays, 0.5 MB stored; 1.4 s; peak memory 351 MiB.
2026-10-09T11:35:28Z INFO [754/1000] 38c5fe1a-fc2c-47eb-825b-e21b8706efa1: 112 arrays, 0.7 MB stored; 2.1 s; peak memory 351 MiB.
2026-10-09T11:35:31Z INFO [755/1000] 38c61632-e532-4581-bdd9-294616d64a90: 156 arrays, 193.5 MB stored; 3.4 s; peak memory 351 MiB.
2026-10-09T11:35:38Z INFO [756/1000] 38c67e7f-80ff-41ea-86cd-980044be6bae: 633 arrays, 10.2 MB stored; 6.4 s; peak memory 351 MiB.
2026-10-09T11:35:40Z INFO [757/1000] 38c6a91d-f3cd-4715-830e-759312d3d888: 275 arrays, 17.2 MB stored; 1.9 s; peak memory 351 MiB.
2026-10-09T11:35:43Z INFO [758/1000] 38c6c719-37da-4de0-8009-b6b59ffd2a98: 186 arrays, 37.1 MB stored; 3.2 s; peak memory 351 MiB.
2026-10-09T11:35:44Z INFO [759/1000] 38c5e553-9202-4d71-b215-b6263e9468bd: 718 arrays, 1474.7 MB stored; 18.8 s; peak memory 351 MiB.
2026-10-09T11:35:46Z INFO [760/1000] 38c73fcf-dea5-4f84-abc7-d522300bf292: 48 arrays, 83.9 MB stored; 1.5 s; peak memory 351 MiB.
2026-10-09T11:35:48Z INFO [761/1000] 38c770c2-027e-4743-8017-7b5b12216069: 112 arrays, 1.0 MB stored; 2.0 s; peak memory 351 MiB.
2026-10-09T11:35:51Z INFO [762/1000] 38c6e903-df72-4740-9e4d-6486a4ba870c: 446 arrays, 31.9 MB stored; 8.4 s; peak memory 351 MiB.
2026-10-09T11:35:53Z INFO [763/1000] 38c779f3-6bce-4928-b3f1-c0e04acb0809: 39 arrays, 26.0 MB stored; 1.6 s; peak memory 351 MiB.
2026-10-09T11:35:55Z INFO [764/1000] 38c7c05b-abe5-4cb6-bba2-29576fb41ce1: 52 arrays, 21.3 MB stored; 1.7 s; peak memory 351 MiB.
2026-10-09T11:35:56Z INFO [765/1000] 38c8eda7-ac40-4810-b054-3c558f2deceb: 48 arrays, 83.9 MB stored; 1.5 s; peak memory 351 MiB.
2026-10-09T11:35:58Z INFO [766/1000] 38cb3069-b61b-409c-b893-8bfac0b47dcf: 116 arrays, 9.8 MB stored; 1.6 s; peak memory 351 MiB.
2026-10-09T11:36:03Z INFO [767/1000] 38c778d6-7a92-4862-8ab6-8d1151d00590: 38 arrays, 434.5 MB stored; 15.1 s; peak memory 351 MiB.
2026-10-09T11:36:05Z INFO [768/1000] 38cd3836-9da7-4d46-9a13-5aa8f03f79a7: 66 arrays, 125.4 MB stored; 2.2 s; peak memory 351 MiB.
2026-10-09T11:36:07Z INFO [769/1000] 38cd44ed-310f-46a3-a75c-708dbc98dfe3: 78 arrays, 0.1 MB stored; 1.7 s; peak memory 351 MiB.
2026-10-09T11:36:09Z INFO [770/1000] 38cd6666-2063-403c-b3c7-d81cb6d55634: 110 arrays, 0.4 MB stored; 1.8 s; peak memory 351 MiB.
2026-10-09T11:36:10Z INFO [771/1000] 38cd6f7f-f2e6-4494-87f5-1e8a42275e38: 48 arrays, 83.9 MB stored; 1.5 s; peak memory 351 MiB.
2026-10-09T11:36:12Z INFO [772/1000] 38cdaa27-88e3-4327-b005-898f19100e5d: 118 arrays, 0.4 MB stored; 1.7 s; peak memory 351 MiB.
2026-10-09T11:36:22Z INFO [773/1000] 38ce06d5-d44c-4d9a-a2cc-8d8d5c501ac7: 1174 arrays, 16.9 MB stored; 10.1 s; peak memory 351 MiB.
2026-10-09T11:36:23Z INFO [774/1000] 38a68e05-d0da-4764-9127-4e938ab7aceb: 436 arrays, 39455.9 MB stored; 261.1 s; peak memory 351 MiB.
2026-10-09T11:36:24Z INFO [775/1000] 38cf3490-1809-4720-a593-08b1d4cbb18d: 48 arrays, 83.9 MB stored; 1.5 s; peak memory 351 MiB.
2026-10-09T11:36:24Z INFO [776/1000] 38cf6618-9eae-4b06-a4ea-bdbe71fe0dd6: 117 arrays, 0.3 MB stored; 1.6 s; peak memory 351 MiB.
2026-10-09T11:36:25Z INFO [777/1000] 38cfeb34-03e3-431c-a711-6a8a76044a8a: 112 arrays, 0.5 MB stored; 1.9 s; peak memory 351 MiB.
2026-10-09T11:36:27Z INFO [778/1000] 38d0c5e9-48f6-4ba0-9f94-93dd5f408f96: 118 arrays, 0.4 MB stored; 1.7 s; peak memory 351 MiB.
2026-10-09T11:36:29Z INFO [779/1000] 38d15445-a88a-4f39-8ad6-800271c47b41: 117 arrays, 0.4 MB stored; 1.7 s; peak memory 351 MiB.
2026-10-09T11:36:30Z INFO [780/1000] 38d18229-6847-49f7-813d-71fb2c70784c: 48 arrays, 83.9 MB stored; 1.6 s; peak memory 351 MiB.
2026-10-09T11:36:32Z INFO [781/1000] 38d1ef79-807d-41db-b7f0-9a4fc07d3a5d: 69 arrays, 0.0 MB stored; 1.6 s; peak memory 351 MiB.
2026-10-09T11:36:33Z INFO [782/1000] 38d08476-28fd-4141-a37a-41a3d70705c4: 82 arrays, 302.3 MB stored; 8.9 s; peak memory 351 MiB.
2026-10-09T11:36:36Z INFO [783/1000] 38d27654-746b-4881-b137-b174b805ccae: 168 arrays, 3.2 MB stored; 2.8 s; peak memory 351 MiB.
2026-10-09T11:36:37Z INFO [784/1000] 38d27a60-fe97-461b-8b60-ba8c46f9c527: 48 arrays, 83.9 MB stored; 1.5 s; peak memory 351 MiB.
2026-10-09T11:36:41Z INFO [785/1000] 38d34bb8-f121-4532-b0f6-b719f795f1d1: 156 arrays, 193.5 MB stored; 3.5 s; peak memory 351 MiB.
2026-10-09T11:36:45Z INFO [786/1000] 38cc1633-b212-4c6b-8900-73c969c79797: 52 arrays, 2270.9 MB stored; 47.8 s; peak memory 351 MiB.
2026-10-09T11:36:48Z INFO [787/1000] 38d421eb-2720-4443-babe-641909d43149: 538 arrays, 8.2 MB stored; 6.6 s; peak memory 351 MiB.
2026-10-09T11:36:48Z INFO [788/1000] 38d44fc7-2cad-41a5-b692-cb40c203d733: 113 arrays, 0.7 MB stored; 2.4 s; peak memory 351 MiB.
2026-10-09T11:36:49Z INFO [789/1000] 38d51fca-4184-4eb8-a8a4-d16dd65bbe20: 117 arrays, 0.5 MB stored; 1.8 s; peak memory 351 MiB.
2026-10-09T11:36:49Z INFO [790/1000] 38d4840c-ca70-497a-9cec-cb167c9ecfcd: 66 arrays, 65.5 MB stored; 2.0 s; peak memory 351 MiB.
2026-10-09T11:36:51Z INFO [791/1000] 38d69237-b057-4889-b629-38257de501c6: 38 arrays, 0.5 MB stored; 1.3 s; peak memory 351 MiB.
2026-10-09T11:36:53Z INFO [792/1000] 38d71c88-c3c3-410a-aa33-ca95f71b5e4c: 79 arrays, 3.8 MB stored; 1.8 s; peak memory 351 MiB.
2026-10-09T11:36:54Z INFO [793/1000] 38d76017-35ac-4587-ae9d-69921884c11e: 56 arrays, 0.0 MB stored; 1.3 s; peak memory 351 MiB.
2026-10-09T11:36:56Z INFO [794/1000] 38d793f3-444d-42fa-927e-d7421f654c5d: 112 arrays, 0.3 MB stored; 1.7 s; peak memory 351 MiB.
2026-10-09T11:36:56Z INFO [795/1000] 38d6b675-84ad-4ce0-b8ec-590233c930ac: 538 arrays, 7.6 MB stored; 6.5 s; peak memory 351 MiB.
2026-10-09T11:36:57Z INFO [796/1000] 38d248fe-0916-4b79-be36-bc0e48ca1be9: 48 arrays, 42092.4 MB stored; 24.8 s; peak memory 351 MiB.
2026-10-09T11:36:57Z INFO [797/1000] 38d95da5-2825-4b88-9a16-de16f3cd2af5: 48 arrays, 83.9 MB stored; 1.6 s; peak memory 351 MiB.
2026-10-09T11:36:59Z INFO [798/1000] 38da2a0c-cd18-4084-8360-47b2cf3327ab: 112 arrays, 0.4 MB stored; 1.9 s; peak memory 351 MiB.
2026-10-09T11:36:59Z INFO [799/1000] 38da6c1c-7848-4b85-92c9-5afe8f0b6e4a: 111 arrays, 0.6 MB stored; 1.9 s; peak memory 351 MiB.
2026-10-09T11:37:00Z INFO [800/1000] 38dbb4f8-88ad-469c-baca-27ecdd09bad4: 48 arrays, 83.9 MB stored; 1.6 s; peak memory 351 MiB.
2026-10-09T11:37:01Z INFO [800/1000] 38dbb4f8-88ad-469c-baca-27ecdd09bad4: checkpointed 800 new records.
2026-10-09T11:37:10Z INFO [801/1000] 38de4e3c-d305-4c64-8d3c-985a4578ed37: 668 arrays, 16.5 MB stored; 10.2 s; peak memory 413 MiB.
2026-10-09T11:37:12Z INFO [802/1000] 38dcf45c-76c7-466f-ab55-2a7e2d895375: 331 arrays, 1482.8 MB stored; 12.7 s; peak memory 413 MiB.
2026-10-09T11:37:12Z INFO [803/1000] 38de8155-2754-4e2a-8cb3-0e1944c23ab4: 65 arrays, 0.0 MB stored; 1.6 s; peak memory 413 MiB.
2026-10-09T11:37:13Z INFO [804/1000] 38df1513-2247-4307-b974-312e8058840e: 52 arrays, 0.0 MB stored; 1.3 s; peak memory 413 MiB.
2026-10-09T11:37:15Z INFO [805/1000] 38df488b-19d0-4404-b30d-ecd63ca9f6a8: 50 arrays, 0.0 MB stored; 1.3 s; peak memory 413 MiB.
2026-10-09T11:37:16Z INFO [806/1000] 38df58b5-e280-4cc8-be11-fe22273426f2: 101 arrays, 0.2 MB stored; 1.5 s; peak memory 413 MiB.
2026-10-09T11:37:18Z INFO [807/1000] 38e02eec-6073-4d81-ab8d-c21faa32b80a: 112 arrays, 0.6 MB stored; 1.9 s; peak memory 413 MiB.
2026-10-09T11:37:20Z INFO [808/1000] 38e08c6b-1a23-40c6-a63f-94edafdb416f: 68 arrays, 0.0 MB stored; 1.8 s; peak memory 413 MiB.
2026-10-09T11:37:21Z INFO [809/1000] 38d9be43-5947-40d7-a82a-2eb265cf76d7: 1030 arrays, 1435.1 MB stored; 24.6 s; peak memory 413 MiB.
2026-10-09T11:37:21Z INFO [810/1000] 38e0bf34-cc04-4c54-a067-1639ecacd32d: 52 arrays, 0.0 MB stored; 1.3 s; peak memory 413 MiB.
2026-10-09T11:37:22Z INFO [811/1000] 38e1296a-6049-4d1d-a9fe-36bd50bfcd76: 48 arrays, 83.9 MB stored; 1.5 s; peak memory 413 MiB.
2026-10-09T11:37:24Z INFO [812/1000] 38e1e721-035a-4aec-afbf-b02e4de89248: 78 arrays, 208.4 MB stored; 2.1 s; peak memory 413 MiB.
2026-10-09T11:37:25Z INFO [813/1000] 38e14cd6-5525-45d9-bc11-70a1b15f8d63: 156 arrays, 193.5 MB stored; 3.6 s; peak memory 413 MiB.
2026-10-09T11:37:26Z INFO [814/1000] 38e1f540-ab33-4a0e-8b1a-337a579fa398: 48 arrays, 83.9 MB stored; 1.5 s; peak memory 413 MiB.
2026-10-09T11:37:26Z INFO [815/1000] 38e271f3-477b-4c60-92da-9fa581632d04: 57 arrays, 0.0 MB stored; 1.3 s; peak memory 413 MiB.
2026-10-09T11:37:27Z INFO [816/1000] 38e2b49f-2b91-4310-82c6-35594531bd11: 46 arrays, 0.2 MB stored; 1.4 s; peak memory 413 MiB.
2026-10-09T11:37:29Z INFO [817/1000] 38e3b3a5-f150-487c-8334-ac13809f7394: 112 arrays, 0.9 MB stored; 2.2 s; peak memory 413 MiB.
2026-10-09T11:37:29Z INFO [818/1000] 38e32f31-8130-452f-bf25-d1c4c40c0ee8: 156 arrays, 193.5 MB stored; 3.4 s; peak memory 413 MiB.
2026-10-09T11:37:35Z INFO [819/1000] 38e40a24-2c56-44c9-90d3-b6eeac75fccc: 545 arrays, 8.1 MB stored; 5.5 s; peak memory 413 MiB.
2026-10-09T11:37:36Z INFO [820/1000] 38e42b76-fd37-4754-a322-43305dc4fd5f: 48 arrays, 83.9 MB stored; 1.6 s; peak memory 413 MiB.
2026-10-09T11:37:56Z INFO [821/1000] 38a0b742-0c48-431c-ac60-a181feea0a77: 173 arrays, 425560.7 MB stored; 407.5 s; peak memory 413 MiB.
2026-10-09T11:37:58Z INFO [822/1000] 38e57f51-56f3-4b33-9af4-174e4756fc42: 38 arrays, 20.6 MB stored; 2.3 s; peak memory 413 MiB.
2026-10-09T11:38:21Z INFO [823/1000] 38e610a7-1c73-4a70-a5ab-a1a9d883e716: 976 arrays, 308.2 MB stored; 22.7 s; peak memory 413 MiB.
2026-10-09T11:38:26Z INFO [824/1000] 38bb5c99-2f83-4e0c-9e3a-beebad22bc28: 283 arrays, 39395.1 MB stored; 251.7 s; peak memory 413 MiB.
2026-10-09T11:38:27Z INFO [825/1000] 38e67bbe-8916-4968-9713-5f912bae1440: 48 arrays, 83.9 MB stored; 1.5 s; peak memory 413 MiB.
2026-10-09T11:38:31Z INFO [826/1000] 38e6ccc1-a327-474b-88bf-5c14fcea427b: 84 arrays, 732.3 MB stored; 3.8 s; peak memory 413 MiB.
2026-10-09T11:38:33Z INFO [827/1000] 38e7228b-8c22-4eed-8034-434d4c171122: 221 arrays, 1.3 MB stored; 2.2 s; peak memory 413 MiB.
2026-10-09T11:38:35Z INFO [828/1000] 38e77f6a-edc1-4db1-ad3e-2cbe3186af22: 48 arrays, 83.9 MB stored; 1.6 s; peak memory 413 MiB.
2026-10-09T11:38:36Z INFO [829/1000] 38e7ae4f-ffe8-4544-bac0-bbf13bb81ae2: 21 arrays, 0.6 MB stored; 1.2 s; peak memory 413 MiB.
2026-10-09T11:38:46Z INFO [830/1000] 38e7ebe6-d4ab-4947-9b45-257c381a32c5: 106 arrays, 13711.2 MB stored; 9.7 s; peak memory 413 MiB.
2026-10-09T11:38:47Z INFO [831/1000] 38e89ded-a134-49f5-b4ec-8f868f63c47d: 48 arrays, 83.9 MB stored; 1.5 s; peak memory 413 MiB.
2026-10-09T11:38:49Z INFO [832/1000] 38e8a0e4-484a-4b99-908a-76e7fc5c1be5: 117 arrays, 0.3 MB stored; 1.7 s; peak memory 413 MiB.
2026-10-09T11:39:13Z INFO [833/1000] 38c0be6d-129e-4bea-bf25-211c400b0ea2: 436 arrays, 39457.2 MB stored; 259.6 s; peak memory 413 MiB.
2026-10-09T11:39:17Z INFO [834/1000] 38e90e48-1a5e-45a0-af0d-a629c2093b0e: 406 arrays, 4.9 MB stored; 4.6 s; peak memory 413 MiB.
2026-10-09T11:39:19Z INFO [835/1000] 38e91130-2f04-4951-9761-c60ce91f39f4: 112 arrays, 0.5 MB stored; 2.0 s; peak memory 413 MiB.
2026-10-09T11:39:21Z INFO [836/1000] 38eaafaa-b83a-46d8-b56a-12d7ea9b3771: 48 arrays, 83.9 MB stored; 1.5 s; peak memory 413 MiB.
2026-10-09T11:39:22Z INFO [837/1000] 38ead157-f29d-4cd1-bd2f-0f2f8170d5af: 52 arrays, 0.0 MB stored; 1.3 s; peak memory 413 MiB.
2026-10-09T11:39:24Z INFO [838/1000] 38eb09ce-2b9d-417c-9002-13f4ed75bd6d: 48 arrays, 83.9 MB stored; 1.4 s; peak memory 413 MiB.
2026-10-09T11:39:25Z INFO [839/1000] 38ebeacf-9a57-4a6e-b40c-3f596ec68406: 117 arrays, 0.3 MB stored; 1.8 s; peak memory 413 MiB.
2026-10-09T11:39:26Z INFO [840/1000] 38dee666-c252-47d5-b4b3-cf2064786921: 413 arrays, 19921.7 MB stored; 134.0 s; peak memory 413 MiB.
2026-10-09T11:39:27Z INFO [841/1000] 38ec382f-4286-47c7-914b-62607ef82b92: 48 arrays, 83.9 MB stored; 1.6 s; peak memory 413 MiB.
2026-10-09T11:39:27Z INFO [842/1000] 38ec6e30-d7ea-4a30-8993-7c15a8560102: 48 arrays, 83.9 MB stored; 1.5 s; peak memory 413 MiB.
2026-10-09T11:39:29Z INFO [843/1000] 38ecddf9-eecb-4d3b-bcde-6599e5929b9b: 48 arrays, 83.9 MB stored; 1.6 s; peak memory 413 MiB.
2026-10-09T11:39:29Z INFO [844/1000] 38ecb0ab-f4c4-443a-a4b8-9e439e12913a: 66 arrays, 73.0 MB stored; 1.9 s; peak memory 413 MiB.
2026-10-09T11:39:30Z INFO [845/1000] 38eceefb-3379-4db7-a564-a93c56fe1a66: 118 arrays, 0.3 MB stored; 1.6 s; peak memory 413 MiB.
2026-10-09T11:39:30Z INFO [846/1000] 38ee17b4-510a-477a-82b8-f709c910269d: 77 arrays, 0.1 MB stored; 1.6 s; peak memory 413 MiB.
2026-10-09T11:39:32Z INFO [847/1000] 38eedc8e-d12c-4a9c-a71b-ed2e1fb62788: 121 arrays, 0.1 MB stored; 1.6 s; peak memory 413 MiB.
2026-10-09T11:39:35Z INFO [848/1000] 38eee3a3-9950-4c5f-90e1-ac748b3c3ed2: 333 arrays, 5.0 MB stored; 3.2 s; peak memory 413 MiB.
2026-10-09T11:39:37Z INFO [849/1000] 38eeea25-a56e-465f-88f0-eabe31cfccd3: 99 arrays, 0.2 MB stored; 1.5 s; peak memory 413 MiB.
2026-10-09T11:39:39Z INFO [850/1000] 38ef0bf5-7e2e-4f31-9507-bf4b6a99e935: 112 arrays, 0.9 MB stored; 2.0 s; peak memory 413 MiB.
2026-10-09T11:39:42Z INFO [851/1000] 38ee79cd-c0d1-48d0-b09e-f0472d109e5c: 716 arrays, 22.1 MB stored; 11.5 s; peak memory 413 MiB.
2026-10-09T11:39:47Z INFO [852/1000] 38efc3d2-ed82-4b08-b733-fc0ce613b348: 447 arrays, 7.4 MB stored; 5.4 s; peak memory 413 MiB.
2026-10-09T11:39:49Z INFO [853/1000] 38f022e6-2d95-4bf1-84a0-1c97fad72d49: 38 arrays, 0.5 MB stored; 1.3 s; peak memory 413 MiB.
2026-10-09T11:39:52Z INFO [854/1000] 38ef234b-89f0-435c-95ea-ae62ce7bc8d4: 44 arrays, 10176.9 MB stored; 13.5 s; peak memory 413 MiB.
2026-10-09T11:39:54Z INFO [855/1000] 38f0ef45-7305-47bf-8c03-a893520a1891: 62 arrays, 5108.0 MB stored; 1.9 s; peak memory 413 MiB.
2026-10-09T11:39:54Z INFO [856/1000] 38f0885b-374c-4167-9dcd-ccba43f11513: 538 arrays, 5.6 MB stored; 5.8 s; peak memory 413 MiB.
2026-10-09T11:39:56Z INFO [857/1000] 38f20a38-796d-42dc-bd07-266f676207bc: 48 arrays, 83.9 MB stored; 1.4 s; peak memory 413 MiB.
2026-10-09T11:39:56Z INFO [858/1000] 38f173b2-c155-4316-acc8-cbec2cb9b082: 117 arrays, 0.3 MB stored; 1.7 s; peak memory 413 MiB.
2026-10-09T11:39:58Z INFO [859/1000] 38f26efa-ba4f-4b43-88db-1895a0e43298: 118 arrays, 0.3 MB stored; 1.7 s; peak memory 413 MiB.
2026-10-09T11:39:58Z INFO [860/1000] 38f471d0-a772-4099-aa13-b57c21d5985b: 117 arrays, 0.2 MB stored; 1.6 s; peak memory 413 MiB.
2026-10-09T11:39:59Z INFO [861/1000] 38f55514-1dd6-4b6c-a391-ebf884645241: 55 arrays, 0.0 MB stored; 1.3 s; peak memory 413 MiB.
2026-10-09T11:39:59Z INFO [862/1000] 38f4b2fb-9e87-420d-b007-f246bb2d2a06: 68 arrays, 14.4 MB stored; 1.7 s; peak memory 413 MiB.
2026-10-09T11:40:00Z INFO [863/1000] 38f5782e-f7d4-4ece-b835-620d9cdf27fd: 48 arrays, 83.9 MB stored; 1.5 s; peak memory 413 MiB.
2026-10-09T11:40:02Z INFO [864/1000] 38f61bd9-0592-4158-b430-b5c0d270ab77: 70 arrays, 0.0 MB stored; 1.7 s; peak memory 413 MiB.
2026-10-09T11:40:04Z INFO [865/1000] 38f6f3d4-70b1-45e9-9b5b-7a790af557a3: 84 arrays, 1.4 MB stored; 1.8 s; peak memory 413 MiB.
2026-10-09T11:40:05Z INFO [866/1000] 38f6f520-eed1-4e97-90e9-fc26d8ad92c4: 48 arrays, 83.9 MB stored; 1.4 s; peak memory 413 MiB.
2026-10-09T11:40:08Z INFO [867/1000] 38f78630-19b9-4e39-8964-51e634965586: 88 arrays, 5085.1 MB stored; 2.5 s; peak memory 413 MiB.
2026-10-09T11:40:09Z INFO [868/1000] 38f80d59-2339-487f-93e0-e63ba113b413: 84 arrays, 0.1 MB stored; 1.6 s; peak memory 413 MiB.
2026-10-09T11:40:11Z INFO [869/1000] 38f8e1ce-4c2d-49b3-b5ca-b663c6b19601: 112 arrays, 1.2 MB stored; 2.1 s; peak memory 413 MiB.
2026-10-09T11:40:13Z INFO [870/1000] 38f90dee-7d97-4503-bbfd-b66adcafd540: 51 arrays, 0.0 MB stored; 1.3 s; peak memory 413 MiB.
2026-10-09T11:40:15Z INFO [871/1000] 38f955c2-8296-4aec-ad30-b824aa3a0c50: 113 arrays, 0.7 MB stored; 2.4 s; peak memory 413 MiB.
2026-10-09T11:40:17Z INFO [872/1000] 38f9aac8-fbdc-4a1f-b30b-a62d5c2007a6: 52 arrays, 17.9 MB stored; 1.7 s; peak memory 413 MiB.
2026-10-09T11:40:23Z INFO [873/1000] 38faa805-14f3-4570-8f0a-2d2e284671aa: 500 arrays, 6.1 MB stored; 6.0 s; peak memory 413 MiB.
2026-10-09T11:40:24Z INFO [874/1000] 38fbae93-67c1-49cd-8ded-5a9c58c09509: 58 arrays, 0.0 MB stored; 1.3 s; peak memory 413 MiB.
2026-10-09T11:40:26Z INFO [875/1000] 38fbc0c9-5bb2-4b7f-a696-79c2f5ebbb6b: 48 arrays, 83.9 MB stored; 1.5 s; peak memory 413 MiB.
2026-10-09T11:40:28Z INFO [876/1000] 38fbe7f6-5e8e-41c1-a7bd-fa501b3157c2: 76 arrays, 8.3 MB stored; 1.9 s; peak memory 413 MiB.
2026-10-09T11:40:29Z INFO [877/1000] 38fcaa6c-611e-463c-885b-1bba76baad07: 117 arrays, 0.3 MB stored; 1.6 s; peak memory 413 MiB.
2026-10-09T11:40:39Z INFO [878/1000] 38e62e48-ccb2-4c42-a33c-e5b1339b1fb7: 190 arrays, 21136.0 MB stored; 138.3 s; peak memory 413 MiB.
2026-10-09T11:40:40Z INFO [879/1000] 38fcff6a-6e83-4228-a44c-7ce2e1faa2a7: 833 arrays, 25.4 MB stored; 10.7 s; peak memory 413 MiB.
2026-10-09T11:40:41Z INFO [880/1000] 38fda5e7-5017-4198-a99a-6c0a4e28663e: 38 arrays, 0.5 MB stored; 1.4 s; peak memory 413 MiB.
2026-10-09T11:40:42Z INFO [881/1000] 38fd8b37-1817-4701-8237-bc186c994f1c: 45 arrays, 637.2 MB stored; 2.2 s; peak memory 413 MiB.
2026-10-09T11:40:43Z INFO [882/1000] 38fe7a66-ce3e-4887-a0e7-70e046a20526: 118 arrays, 0.4 MB stored; 1.9 s; peak memory 413 MiB.
2026-10-09T11:40:44Z INFO [883/1000] 38fea26b-f56b-40e6-a467-76f4dbc44b7d: 52 arrays, 0.0 MB stored; 1.2 s; peak memory 413 MiB.
2026-10-09T11:40:46Z INFO [884/1000] 38fea27f-b3c3-44a1-9c83-ae761d2de362: 44 arrays, 0.6 MB stored; 1.3 s; peak memory 413 MiB.
2026-10-09T11:40:47Z INFO [885/1000] 38fe8ca4-521f-4dc7-af38-1f78cf713568: 229 arrays, 252.7 MB stored; 5.3 s; peak memory 413 MiB.
2026-10-09T11:40:47Z INFO [886/1000] 38fead24-4e95-4d05-80b3-42a3b9eb4fda: 48 arrays, 83.9 MB stored; 1.6 s; peak memory 413 MiB.
2026-10-09T11:40:49Z INFO [887/1000] 38ffc397-4353-450d-b048-59dc57c7eb38: 112 arrays, 0.7 MB stored; 2.1 s; peak memory 413 MiB.
2026-10-09T11:40:51Z INFO [888/1000] 38ffc6c2-4ffc-4ce0-8ebe-de944e2320ab: 48 arrays, 83.9 MB stored; 1.6 s; peak memory 413 MiB.
2026-10-09T11:40:53Z INFO [889/1000] 39004da2-b2c5-4ef9-a365-e1a055c7f4fd: 42 arrays, 294.8 MB stored; 1.7 s; peak memory 413 MiB.
2026-10-09T11:40:53Z INFO [890/1000] 38ff0424-79dc-46ce-b875-0fbdbacd7c22: 616 arrays, 6.3 MB stored; 6.4 s; peak memory 413 MiB.
2026-10-09T11:40:55Z INFO [891/1000] 39005050-eb20-47d0-ba40-787363bc7edb: 66 arrays, 89.4 MB stored; 2.1 s; peak memory 413 MiB.
2026-10-09T11:40:55Z INFO [892/1000] 39005386-2b6b-4738-bc5e-a56d1e8ded5c: 275 arrays, 17.1 MB stored; 2.1 s; peak memory 413 MiB.
2026-10-09T11:40:56Z INFO [893/1000] 39008b25-7956-4b06-8d56-c18c00d9030e: 48 arrays, 83.9 MB stored; 1.6 s; peak memory 413 MiB.
2026-10-09T11:40:57Z INFO [894/1000] 39018620-6db4-42d3-b28a-17620566436f: 113 arrays, 0.4 MB stored; 1.9 s; peak memory 413 MiB.
2026-10-09T11:40:58Z INFO [895/1000] 39019929-5d96-4710-9354-9c3aebaac043: 48 arrays, 83.9 MB stored; 1.5 s; peak memory 413 MiB.
2026-10-09T11:40:59Z INFO [896/1000] 3901f7d7-9ae6-4c60-a5aa-9a8b6d0cf05a: 110 arrays, 0.4 MB stored; 1.9 s; peak memory 413 MiB.
2026-10-09T11:40:59Z INFO [897/1000] 39020995-981d-45db-840e-227bee7dd788: 48 arrays, 83.9 MB stored; 1.6 s; peak memory 413 MiB.
2026-10-09T11:41:01Z INFO [898/1000] 3903872c-142a-468a-be2b-6636a7f49b57: 48 arrays, 83.9 MB stored; 1.6 s; peak memory 413 MiB.
2026-10-09T11:41:01Z INFO [899/1000] 39033451-929b-48e5-acfb-84a83264ed5f: 275 arrays, 17.1 MB stored; 2.1 s; peak memory 413 MiB.
2026-10-09T11:41:03Z INFO [900/1000] 3904da6a-f2fd-4ce8-9448-de1615a3318d: 48 arrays, 83.9 MB stored; 1.5 s; peak memory 413 MiB.
2026-10-09T11:41:03Z INFO [901/1000] 38e900b0-6bbc-4077-8b59-42076b943b28: 29725 arrays, 341.8 MB stored; 133.9 s; peak memory 413 MiB.
2026-10-09T11:41:03Z INFO [902/1000] 3904a275-207e-4dc5-b416-b07bedb5e9f7: 53 arrays, 9.7 MB stored; 2.3 s; peak memory 413 MiB.
2026-10-09T11:41:04Z INFO [903/1000] 3906464e-7cd5-4d9e-96e7-67d344aad6ac: 52 arrays, 14.4 MB stored; 1.6 s; peak memory 413 MiB.
2026-10-09T11:41:05Z INFO [904/1000] 39066800-8afd-4532-ad18-15b979d603ec: 71 arrays, 70.7 MB stored; 2.3 s; peak memory 413 MiB.
2026-10-09T11:41:06Z INFO [905/1000] 39067cca-9ff8-4b1f-bbea-14ae0a0d5556: 48 arrays, 83.9 MB stored; 1.5 s; peak memory 413 MiB.
2026-10-09T11:41:07Z INFO [906/1000] 3906d995-0e62-4b95-a20d-ea4905c2f9de: 48 arrays, 83.9 MB stored; 1.6 s; peak memory 413 MiB.
2026-10-09T11:41:07Z INFO [907/1000] 3906fc09-27ba-40c0-8e61-96e743366af4: 50 arrays, 1.7 MB stored; 1.3 s; peak memory 413 MiB.
2026-10-09T11:41:09Z INFO [908/1000] 3907981a-f4c9-4af1-bc0f-e6593fac3b11: 64 arrays, 19.9 MB stored; 1.7 s; peak memory 413 MiB.
2026-10-09T11:41:09Z INFO [909/1000] 390728ba-19f1-4a3f-adfa-a3f73b22889f: 66 arrays, 142.3 MB stored; 2.1 s; peak memory 413 MiB.
2026-10-09T11:41:10Z INFO [910/1000] 39079882-8c57-44be-9a5c-71447b39c80f: 46 arrays, 12.6 MB stored; 1.5 s; peak memory 413 MiB.
2026-10-09T11:41:11Z INFO [911/1000] 3907b0c8-2b48-4ea0-87a0-2dd4cd917d9a: 47 arrays, 2.1 MB stored; 1.4 s; peak memory 413 MiB.
2026-10-09T11:41:12Z INFO [912/1000] 3907f5d8-810f-4320-8155-4213221ea717: 92 arrays, 0.2 MB stored; 1.5 s; peak memory 413 MiB.
2026-10-09T11:41:12Z INFO [913/1000] 39086aca-b517-479d-a6cf-99010e0bd767: 38 arrays, 0.5 MB stored; 1.3 s; peak memory 413 MiB.
2026-10-09T11:41:13Z INFO [914/1000] 3906585a-4c83-43e5-bd6e-e17bbfa662cc: 343 arrays, 48.0 MB stored; 9.6 s; peak memory 413 MiB.
2026-10-09T11:41:14Z INFO [915/1000] 39090c0c-7ecc-4fc7-8e22-6eca5160d91f: 118 arrays, 66.2 MB stored; 2.5 s; peak memory 413 MiB.
2026-10-09T11:41:15Z INFO [916/1000] 390983c2-81d8-46a3-8e14-b06ac9d1c4b7: 66 arrays, 100.4 MB stored; 2.0 s; peak memory 413 MiB.
2026-10-09T11:41:16Z INFO [917/1000] 3909ce5d-ac3b-4d34-bf3e-6ed29c0d7757: 118 arrays, 0.2 MB stored; 1.6 s; peak memory 413 MiB.
2026-10-09T11:41:17Z INFO [918/1000] 390a1bb3-f297-469b-b193-d9981a2fec93: 113 arrays, 26.4 MB stored; 2.4 s; peak memory 413 MiB.
2026-10-09T11:41:18Z INFO [919/1000] 390a27ba-13ed-42fb-8709-8fa6bbcca456: 66 arrays, 2169.5 MB stored; 2.2 s; peak memory 413 MiB.
2026-10-09T11:41:18Z INFO [920/1000] 390a7d23-a09c-4488-9dde-eb73c1055192: 46 arrays, 0.1 MB stored; 1.3 s; peak memory 413 MiB.
2026-10-09T11:41:20Z INFO [921/1000] 390b36a2-375e-4df0-8419-ab53aeeffa79: 66 arrays, 21.7 MB stored; 1.9 s; peak memory 413 MiB.
2026-10-09T11:41:22Z INFO [922/1000] 390bbe4f-158f-4eed-9573-dc2b4fb3a058: 112 arrays, 0.5 MB stored; 1.8 s; peak memory 413 MiB.
2026-10-09T11:41:24Z INFO [923/1000] 390c52bd-06dd-4b76-80ce-6bfa4df44395: 52 arrays, 18.2 MB stored; 1.8 s; peak memory 413 MiB.
2026-10-09T11:41:25Z INFO [924/1000] 390aa3fd-8809-4306-917d-dfde0f63e75a: 501 arrays, 8.2 MB stored; 6.8 s; peak memory 413 MiB.
2026-10-09T11:41:25Z INFO [925/1000] 390c72d5-32a8-4e77-9940-de678c8b0c22: 118 arrays, 0.4 MB stored; 1.7 s; peak memory 413 MiB.
2026-10-09T11:41:26Z INFO [926/1000] 390d4157-9018-4e11-a32b-f847fa86a5f7: 38 arrays, 0.5 MB stored; 1.4 s; peak memory 413 MiB.
2026-10-09T11:41:32Z INFO [927/1000] 390de404-97ec-4614-a2d3-30ca07d5bbb8: 726 arrays, 7.4 MB stored; 6.2 s; peak memory 413 MiB.
2026-10-09T11:41:34Z INFO [928/1000] 390e5db9-e00b-4614-953a-0d465a3b7757: 117 arrays, 0.3 MB stored; 1.7 s; peak memory 413 MiB.
2026-10-09T11:41:36Z INFO [929/1000] 390e9c03-6aa7-4a16-8a72-f1d5ad2afb24: 117 arrays, 0.4 MB stored; 1.7 s; peak memory 413 MiB.
2026-10-09T11:41:51Z INFO [930/1000] 390d799c-4373-43aa-a5b9-88871878948f: 48 arrays, 47635.4 MB stored; 26.1 s; peak memory 413 MiB.
2026-10-09T11:41:53Z INFO [931/1000] 390f3257-02cd-40ee-97aa-71936f54ebfb: 41 arrays, 678.5 MB stored; 17.1 s; peak memory 413 MiB.
2026-10-09T11:41:54Z INFO [932/1000] 390f54a4-6e3b-4ca3-8d56-5881fffa5eff: 118 arrays, 25.0 MB stored; 2.7 s; peak memory 413 MiB.
2026-10-09T11:41:59Z INFO [933/1000] 390f7515-0cd8-4bdf-a308-2b3c28c1b40b: 196 arrays, 530.1 MB stored; 6.4 s; peak memory 413 MiB.
2026-10-09T11:42:00Z INFO [934/1000] 390f86c1-a7f9-4d80-ba97-b3ab7b6e878f: 82 arrays, 6239.7 MB stored; 5.4 s; peak memory 413 MiB.
2026-10-09T11:42:01Z INFO [935/1000] 390fb041-3f50-497c-83e8-3ab174dd3a77: 71 arrays, 4.6 MB stored; 2.1 s; peak memory 413 MiB.
2026-10-09T11:42:03Z INFO [936/1000] 390fd477-643c-4d22-8cb3-6b45aeb39742: 48 arrays, 83.9 MB stored; 1.5 s; peak memory 413 MiB.
2026-10-09T11:42:05Z INFO [937/1000] 390fddb6-a533-4695-8d45-a6ef5aaa6a7c: 116 arrays, 0.3 MB stored; 1.7 s; peak memory 413 MiB.
2026-10-09T11:42:06Z INFO [938/1000] 390fb7b5-4f20-4438-abef-c478f863e6a3: 559 arrays, 9.5 MB stored; 6.3 s; peak memory 413 MiB.
2026-10-09T11:42:06Z INFO [939/1000] 39105e48-5cb7-4e3e-88fb-6e48fc635f44: 112 arrays, 0.5 MB stored; 1.9 s; peak memory 413 MiB.
2026-10-09T11:42:08Z INFO [940/1000] 3910d5a3-b7fc-4a60-b518-0b7f612cf83b: 110 arrays, 0.3 MB stored; 1.7 s; peak memory 413 MiB.
2026-10-09T11:42:08Z INFO [941/1000] 3911dc07-8e1b-4b76-a267-6eab84795d7a: 68 arrays, 32.5 MB stored; 1.7 s; peak memory 413 MiB.
2026-10-09T11:42:09Z INFO [942/1000] 3912dc0c-3549-4fad-9b7c-1501384ee5aa: 118 arrays, 0.2 MB stored; 1.6 s; peak memory 413 MiB.
2026-10-09T11:42:10Z INFO [943/1000] 3912f4d7-c18f-4256-8be5-8040fe8ffcf9: 112 arrays, 0.6 MB stored; 1.9 s; peak memory 413 MiB.
2026-10-09T11:42:11Z INFO [944/1000] 39135c7b-8599-4771-bd42-bf41cea5623f: 117 arrays, 0.4 MB stored; 1.8 s; peak memory 413 MiB.
2026-10-09T11:42:11Z INFO [945/1000] 39137872-f5e6-47e3-8b21-b9111f694c2c: 21 arrays, 0.6 MB stored; 1.3 s; peak memory 413 MiB.
2026-10-09T11:42:13Z INFO [946/1000] 3914f06b-3eb2-4944-a59a-e9f9928783c5: 92 arrays, 2.6 MB stored; 1.5 s; peak memory 413 MiB.
2026-10-09T11:42:14Z INFO [947/1000] 3914ac9c-64c2-49ff-9d2a-0187e898a3b1: 85 arrays, 14.9 MB stored; 3.3 s; peak memory 413 MiB.
2026-10-09T11:42:15Z INFO [948/1000] 39155dad-d87c-4c2f-aadf-5b372c67fa4e: 112 arrays, 0.8 MB stored; 2.0 s; peak memory 413 MiB.
2026-10-09T11:42:16Z INFO [949/1000] 38f5c95e-ca04-4aae-b1e5-2ce33e617e8d: 167 arrays, 21307.2 MB stored; 137.1 s; peak memory 413 MiB.
2026-10-09T11:42:17Z INFO [950/1000] 3915e675-3b53-4b6b-9f27-71975a1b9765: 112 arrays, 0.6 MB stored; 2.0 s; peak memory 413 MiB.
2026-10-09T11:42:17Z INFO [951/1000] 3915ca62-05a7-40e8-ba00-dba5282e5d16: 38 arrays, 36.4 MB stored; 2.8 s; peak memory 413 MiB.
2026-10-09T11:42:18Z INFO [952/1000] 39162195-920c-4589-a52d-dcf2b14e41aa: 48 arrays, 83.9 MB stored; 1.5 s; peak memory 413 MiB.
2026-10-09T11:42:18Z INFO [953/1000] 3915f60b-3411-4dbd-a233-ae64711cdda8: 112 arrays, 0.7 MB stored; 2.0 s; peak memory 413 MiB.
2026-10-09T11:42:19Z INFO [954/1000] 39168ee6-1cd2-4c55-8652-d270a5a6a9a4: 82 arrays, 794.1 MB stored; 2.3 s; peak memory 413 MiB.
2026-10-09T11:42:21Z INFO [955/1000] 39179c84-a63b-472f-9491-17dde657a0ce: 70 arrays, 47.7 MB stored; 2.2 s; peak memory 413 MiB.
2026-10-09T11:42:21Z INFO [956/1000] 3917b8d1-911e-46b6-87b5-6bf9cfc695f7: 48 arrays, 83.9 MB stored; 1.5 s; peak memory 413 MiB.
2026-10-09T11:42:22Z INFO [957/1000] 391705a6-03bd-4732-9f75-a968dbdf4569: 80 arrays, 327.8 MB stored; 3.3 s; peak memory 413 MiB.
2026-10-09T11:42:22Z INFO [958/1000] 39184ecb-c66b-478d-9b6d-842178a7aa1b: 48 arrays, 83.9 MB stored; 1.4 s; peak memory 413 MiB.
2026-10-09T11:42:22Z INFO [959/1000] 39189640-b872-4235-8b40-b648d04dff72: 48 arrays, 83.9 MB stored; 1.5 s; peak memory 413 MiB.
2026-10-09T11:42:24Z INFO [960/1000] 3918cfcb-19ba-43b1-a148-838c958da91a: 118 arrays, 0.4 MB stored; 1.7 s; peak memory 413 MiB.
2026-10-09T11:42:24Z INFO [961/1000] 3918f388-cfb2-40bf-89f6-7cc8eb78583c: 38 arrays, 0.5 MB stored; 1.4 s; peak memory 413 MiB.
2026-10-09T11:42:25Z INFO [962/1000] 3919bcf1-2458-4f15-b1f6-ad03dfff2367: 116 arrays, 9.7 MB stored; 1.6 s; peak memory 413 MiB.
2026-10-09T11:42:26Z INFO [963/1000] 391a61f5-a938-46c2-9ae6-f75808ae54f0: 54 arrays, 0.0 MB stored; 1.2 s; peak memory 413 MiB.
2026-10-09T11:42:28Z INFO [964/1000] 391a38e0-9442-436d-8d38-6aefd49a4f31: 48 arrays, 34.5 MB stored; 3.7 s; peak memory 413 MiB.
2026-10-09T11:42:28Z INFO [965/1000] 391a91c0-6007-4624-9ec7-7c997bf3afea: 116 arrays, 0.3 MB stored; 1.8 s; peak memory 413 MiB.
2026-10-09T11:42:29Z INFO [966/1000] 391ae3ea-95d0-4442-ae7f-117bed6f4045: 84 arrays, 0.3 MB stored; 1.6 s; peak memory 413 MiB.
2026-10-09T11:42:32Z INFO [967/1000] 391aed02-98d1-4c27-ab6d-845ae114f680: 114 arrays, 186.9 MB stored; 3.2 s; peak memory 413 MiB.
2026-10-09T11:42:32Z INFO [968/1000] 391b31eb-acba-47dd-9f32-dc4206bbeb92: 66 arrays, 74.3 MB stored; 2.6 s; peak memory 413 MiB.
2026-10-09T11:42:33Z INFO [969/1000] 3918cd16-8f73-4768-ab5f-236bcf57158b: 983 arrays, 25.0 MB stored; 11.2 s; peak memory 413 MiB.
2026-10-09T11:42:34Z INFO [970/1000] 391b388f-ee2b-4f08-b47e-74cf5bfee7a3: 112 arrays, 0.5 MB stored; 2.0 s; peak memory 413 MiB.
2026-10-09T11:42:34Z INFO [971/1000] 391b653f-f065-415a-9ea4-5ccf0b88b703: 66 arrays, 127.3 MB stored; 1.7 s; peak memory 413 MiB.
2026-10-09T11:42:35Z INFO [972/1000] 391b697e-c159-4f33-b5e6-90076ef13f17: 112 arrays, 0.1 MB stored; 1.3 s; peak memory 413 MiB.
2026-10-09T11:42:36Z INFO [973/1000] 391c02cb-4f2e-465f-880f-7bd86a8bb86f: 112 arrays, 0.4 MB stored; 1.8 s; peak memory 413 MiB.
2026-10-09T11:42:37Z INFO [974/1000] 391caa08-6674-4dd3-bbe5-87fe092352c4: 69 arrays, 2.2 MB stored; 1.8 s; peak memory 413 MiB.
2026-10-09T11:42:38Z INFO [975/1000] 391cf443-4676-4bc9-864d-5654f4bc22ee: 48 arrays, 83.9 MB stored; 1.4 s; peak memory 413 MiB.
2026-10-09T11:42:38Z INFO [976/1000] 391d156e-76ef-490b-b3dc-ec027d766c84: 117 arrays, 0.3 MB stored; 1.6 s; peak memory 413 MiB.
2026-10-09T11:42:40Z INFO [977/1000] 391d4aa6-f3e4-49cd-be8d-922340ef3619: 48 arrays, 83.9 MB stored; 1.6 s; peak memory 413 MiB.
2026-10-09T11:42:41Z INFO [978/1000] 390931d9-b6a4-4d30-9227-b6e8eae88b72: 87 arrays, 5911.8 MB stored; 88.9 s; peak memory 413 MiB.
2026-10-09T11:42:41Z INFO [979/1000] 391d7297-db5c-4691-bc0d-0a574e550a7f: 57 arrays, 0.0 MB stored; 1.3 s; peak memory 413 MiB.
2026-10-09T11:42:42Z INFO [980/1000] 391d98be-8422-4a07-91ee-90bd7d320206: 48 arrays, 83.9 MB stored; 1.6 s; peak memory 413 MiB.
2026-10-09T11:42:43Z INFO [981/1000] 391d9b2f-87b4-4491-8ff2-fe577df97ed0: 112 arrays, 0.5 MB stored; 1.9 s; peak memory 413 MiB.
2026-10-09T11:42:43Z INFO [982/1000] 391d4959-8221-4538-8db6-16d01af26b7c: 174 arrays, 54.4 MB stored; 5.7 s; peak memory 413 MiB.
2026-10-09T11:42:44Z INFO [983/1000] 391e583b-696d-4b34-9e08-3bcc5716ebfc: 57 arrays, 0.0 MB stored; 1.3 s; peak memory 413 MiB.
2026-10-09T11:42:44Z INFO [984/1000] 391ea239-1041-4953-b99b-015bebc6a312: 52 arrays, 0.0 MB stored; 1.3 s; peak memory 413 MiB.
2026-10-09T11:42:45Z INFO [985/1000] 391f4226-0f4e-4466-a64c-abcc22520882: 52 arrays, 15.0 MB stored; 1.6 s; peak memory 413 MiB.
2026-10-09T11:42:45Z INFO [986/1000] 391fb0ae-719b-4ce2-8eef-886ecb69fc47: 117 arrays, 0.5 MB stored; 1.7 s; peak memory 413 MiB.
2026-10-09T11:42:48Z INFO [987/1000] 391fdcc7-a0a0-44b8-951e-ea6f7e985176: 168 arrays, 3.2 MB stored; 2.8 s; peak memory 413 MiB.
2026-10-09T11:42:50Z INFO [988/1000] 3920e466-b2a3-44e8-bfdb-dce098ad767d: 112 arrays, 0.3 MB stored; 1.8 s; peak memory 413 MiB.
2026-10-09T11:42:52Z INFO [989/1000] 391fb804-5fb5-4e78-b8ba-ea9cd13fb5c5: 205 arrays, 19.5 MB stored; 7.9 s; peak memory 413 MiB.
2026-10-09T11:42:53Z INFO [990/1000] 392098ab-4db8-4d73-bd54-98b04a89f235: 497 arrays, 23.7 MB stored; 7.3 s; peak memory 413 MiB.
2026-10-09T11:42:54Z INFO [991/1000] 3921558c-8827-477a-afaf-3a90a21575ad: 50 arrays, 22.2 MB stored; 1.9 s; peak memory 413 MiB.
2026-10-09T11:42:55Z INFO [992/1000] 392186ac-13c4-41a6-bb1f-8b8725a479cc: 152 arrays, 0.6 MB stored; 2.0 s; peak memory 413 MiB.
2026-10-09T11:42:56Z INFO [993/1000] 39232d8a-47c7-45ec-936b-df4025424f1f: 74 arrays, 1.4 MB stored; 1.6 s; peak memory 413 MiB.
2026-10-09T11:42:57Z INFO [994/1000] 391b5216-c014-4aa5-947a-1c4482d53300: 48 arrays, 35951.1 MB stored; 25.3 s; peak memory 413 MiB.
2026-10-09T11:43:01Z INFO [995/1000] 3922ce69-0184-4bb2-9d6f-240bade7a6d8: 505 arrays, 11.4 MB stored; 6.8 s; peak memory 413 MiB.
2026-10-09T11:43:32Z WARNING 37fcc08c-5fc7-4063-8230-bbf29b797969: failed while reading the NWB file (TimeoutError: exceeded 1200 s)
2026-10-09T11:43:32Z WARNING [996/1000] 37fcc08c-5fc7-4063-8230-bbf29b797969: recorded the failure; a later run retries it.
2026-10-09T11:48:39Z WARNING 386ad5fc-c3f8-4cd7-8bd3-d47691840fcf: failed while reading the NWB file (TimeoutError: exceeded 1200 s)
2026-10-09T11:48:39Z WARNING [997/1000] 386ad5fc-c3f8-4cd7-8bd3-d47691840fcf: recorded the failure; a later run retries it.
2026-10-09T11:57:29Z WARNING 38e3d800-5d80-4695-9583-7c1fb3028b43: failed while reading the NWB file (TimeoutError: exceeded 1200 s)
2026-10-09T11:57:29Z WARNING [998/1000] 38e3d800-5d80-4695-9583-7c1fb3028b43: recorded the failure; a later run retries it.
2026-10-09T11:57:36Z WARNING 38e53e31-103c-4639-b611-4abc58675a29: failed while reading the NWB file (TimeoutError: exceeded 1200 s)
2026-10-09T11:57:36Z WARNING [999/1000] 38e53e31-103c-4639-b611-4abc58675a29: recorded the failure; a later run retries it.
2026-10-09T12:02:50Z WARNING 3920f47a-e8a0-491e-a5d4-933752ccf189: failed while reading the NWB file (TimeoutError: exceeded 1200 s)
2026-10-09T12:02:50Z WARNING [1000/1000] 3920f47a-e8a0-491e-a5d4-933752ccf189: recorded the failure; a later run retries it.
2026-10-09T12:02:52Z INFO [1000/1000] 3920f47a-e8a0-491e-a5d4-933752ccf189: checkpointed 1000 new records.
2026-10-09T12:02:52Z INFO Wrote 38200 records to /tmp/derivatives/valid_nwb_file_to_array_sizes.jsonl (995 new, 5 failed) in 44.1 min (peak memory 699 MiB).
