2026-10-08T20:35:20Z INFO Logging to /tmp/logs/update_2026-10-08T20-35-20Z.log.
2026-10-08T20:35:20Z INFO Update valid-nwb-file-to-array-sizes (base directory /tmp).
2026-10-08T20:35:44Z INFO Processing 1000 items (12200 already recorded).
2026-10-08T20:35:47Z INFO [1/1000] 124b60a5-84a0-4530-8b0c-96a8978d7c67: 48 arrays, 83.9 MB stored; 2.6 s; peak memory 3250 MiB.
2026-10-08T20:35:47Z INFO [2/1000] 1249a68b-2fb4-49e3-b02d-41eb60d90a33: 46 arrays, 0.3 MB stored; 2.6 s; peak memory 3250 MiB.
2026-10-08T20:35:47Z INFO [3/1000] 124acc53-a531-495c-badb-43aa32a7ce36: 42 arrays, 10.7 MB stored; 2.8 s; peak memory 3250 MiB.
2026-10-08T20:35:47Z INFO [4/1000] 124b2e02-2ba0-436e-991e-981974c56dda: 116 arrays, 0.3 MB stored; 2.8 s; peak memory 3251 MiB.
2026-10-08T20:35:47Z INFO [5/1000] 124a745e-1f4e-4585-b4b8-cbba82fcdb5f: 48 arrays, 83.9 MB stored; 2.8 s; peak memory 3251 MiB.
2026-10-08T20:35:48Z INFO [6/1000] 124b75e8-b65f-4a49-81dc-06b027fddc2e: 53 arrays, 8.7 MB stored; 3.6 s; peak memory 3251 MiB.
2026-10-08T20:35:49Z INFO [7/1000] 124c3dc4-9c68-49b5-b7bb-052fbdeaa224: 48 arrays, 83.9 MB stored; 2.0 s; peak memory 3251 MiB.
2026-10-08T20:35:49Z INFO [8/1000] 1249456b-4a59-4087-9eb9-0addc539f86a: 116 arrays, 187.2 MB stored; 4.6 s; peak memory 3251 MiB.
2026-10-08T20:35:49Z INFO [9/1000] 124e7eb2-5d46-47b7-a6cf-dd317950d6e2: 54 arrays, 0.0 MB stored; 1.9 s; peak memory 3251 MiB.
2026-10-08T20:35:49Z INFO [10/1000] 124e4633-08f7-4d19-b6ed-23ed0c251658: 117 arrays, 0.4 MB stored; 2.4 s; peak memory 3251 MiB.
2026-10-08T20:35:49Z INFO [11/1000] 124becff-29d8-4b58-8887-2bbe9dbb3d36: 112 arrays, 0.6 MB stored; 2.7 s; peak memory 3251 MiB.
2026-10-08T20:35:50Z INFO [12/1000] 124efbbf-f079-43c4-91e8-61f59c9401cb: 111 arrays, 0.7 MB stored; 2.7 s; peak memory 3251 MiB.
2026-10-08T20:35:51Z INFO [13/1000] 124f7e52-3c76-43ab-96bd-e281db735e30: 38 arrays, 0.5 MB stored; 1.8 s; peak memory 3251 MiB.
2026-10-08T20:35:51Z INFO [14/1000] 12498b74-d1df-474c-9220-7e524c696404: 46 arrays, 2288.1 MB stored; 6.7 s; peak memory 3251 MiB.
2026-10-08T20:35:51Z INFO [15/1000] 124f5fe2-d2f9-4763-9a56-6bf7b70d2d6c: 83 arrays, 0.2 MB stored; 2.2 s; peak memory 3252 MiB.
2026-10-08T20:35:51Z INFO [16/1000] 124f6cb5-0892-4348-bc7d-155cecd5d670: 170 arrays, 0.7 MB stored; 2.4 s; peak memory 3252 MiB.
2026-10-08T20:35:51Z INFO [17/1000] 12500f13-a311-4e27-96a0-27461c28facc: 132 arrays, 1.4 MB stored; 2.2 s; peak memory 3252 MiB.
2026-10-08T20:35:52Z INFO [18/1000] 12514035-22af-47e6-96af-282555ba1ce2: 45 arrays, 10.9 MB stored; 2.1 s; peak memory 3252 MiB.
2026-10-08T20:35:53Z INFO [19/1000] 1251c57c-8849-4964-b23f-9dc4468f06d7: 48 arrays, 83.9 MB stored; 1.8 s; peak memory 3252 MiB.
2026-10-08T20:35:53Z INFO [20/1000] 1251e73d-441b-4130-b071-015e1bf6d9ea: 33 arrays, 641.3 MB stored; 2.0 s; peak memory 3252 MiB.
2026-10-08T20:35:53Z INFO [21/1000] 12535101-3ccb-4a6e-83a8-c8e89b5db215: 46 arrays, 0.3 MB stored; 1.7 s; peak memory 3252 MiB.
2026-10-08T20:35:53Z INFO [22/1000] 12522d01-f4da-4423-ac6b-6fb227faa0dd: 110 arrays, 0.4 MB stored; 2.5 s; peak memory 3252 MiB.
2026-10-08T20:35:54Z INFO [23/1000] 125292f9-971c-4027-95df-ce871c24a600: 71 arrays, 7.5 MB stored; 2.5 s; peak memory 3252 MiB.
2026-10-08T20:35:54Z INFO [24/1000] 125318fa-5cdc-49e6-8ce8-3f307649db2a: 112 arrays, 0.5 MB stored; 2.2 s; peak memory 3252 MiB.
2026-10-08T20:35:55Z INFO [25/1000] 124efef8-e5d2-42dd-8734-c6d8deadaa9e: 668 arrays, 6.7 MB stored; 6.9 s; peak memory 3253 MiB.
2026-10-08T20:35:55Z INFO [26/1000] 12539831-cbdc-44cf-bbec-c15bc7d8fbd9: 117 arrays, 0.3 MB stored; 2.1 s; peak memory 3253 MiB.
2026-10-08T20:35:56Z INFO [27/1000] 125461e5-22c5-422a-a61e-60d7757fc7e5: 112 arrays, 0.5 MB stored; 2.2 s; peak memory 3254 MiB.
2026-10-08T20:35:56Z INFO [28/1000] 12535109-2438-40d6-a6ec-05c1c545e11c: 115 arrays, 190.2 MB stored; 3.4 s; peak memory 3254 MiB.
2026-10-08T20:35:56Z INFO [29/1000] 1254548d-4ebd-48d0-b42f-86ec4515ab78: 71 arrays, 2.8 MB stored; 2.7 s; peak memory 3254 MiB.
2026-10-08T20:35:56Z INFO [30/1000] 12548bba-b547-4bd5-a5a6-e56d04cc8ccd: 48 arrays, 83.9 MB stored; 1.9 s; peak memory 3254 MiB.
2026-10-08T20:35:57Z INFO [31/1000] 1250a9cd-4597-4a00-bf55-db8109935cf1: 229 arrays, 465.7 MB stored; 7.7 s; peak memory 3254 MiB.
2026-10-08T20:35:58Z INFO [32/1000] 1254d287-eb87-4a80-95f1-0b7b23371fef: 113 arrays, 0.7 MB stored; 2.6 s; peak memory 3254 MiB.
2026-10-08T20:35:58Z INFO [33/1000] 1255cceb-2eb4-4c2d-a90e-e0fe9eff33f1: 48 arrays, 83.9 MB stored; 1.8 s; peak memory 3254 MiB.
2026-10-08T20:35:58Z INFO [34/1000] 12555985-f1d0-4027-9770-7699e35a4050: 52 arrays, 11.4 MB stored; 1.9 s; peak memory 3254 MiB.
2026-10-08T20:35:59Z INFO [35/1000] 1254455e-bef2-443c-ba44-1ed4304a7054: 111 arrays, 529.6 MB stored; 5.4 s; peak memory 3254 MiB.
2026-10-08T20:35:59Z INFO [36/1000] 12569eec-a831-43f9-89f0-9a473ee350bf: 48 arrays, 83.9 MB stored; 1.9 s; peak memory 3254 MiB.
2026-10-08T20:36:00Z INFO [37/1000] 1257181d-95c3-44a8-a716-ca828f05fd2c: 52 arrays, 0.0 MB stored; 1.5 s; peak memory 3254 MiB.
2026-10-08T20:36:00Z INFO [38/1000] 1254f907-de33-4551-b564-3da16bf1fb0a: 163 arrays, 12.0 MB stored; 4.0 s; peak memory 3255 MiB.
2026-10-08T20:36:00Z INFO [39/1000] 1257bf30-998e-44b8-afd7-fe33b43a58a4: 59 arrays, 0.2 MB stored; 1.7 s; peak memory 3255 MiB.
2026-10-08T20:36:00Z INFO [40/1000] 1253eea8-6548-4539-a0ff-be47c9ba7ce0: 533 arrays, 8.0 MB stored; 7.1 s; peak memory 3255 MiB.
2026-10-08T20:36:01Z INFO [41/1000] 12578473-1b21-4b49-8502-95f71a0db2d6: 84 arrays, 4.7 MB stored; 2.4 s; peak memory 3255 MiB.
2026-10-08T20:36:01Z INFO [42/1000] 1255daee-adf0-4c31-bdab-7d3215af4b83: 156 arrays, 193.4 MB stored; 4.0 s; peak memory 3255 MiB.
2026-10-08T20:36:02Z INFO [43/1000] 125864cf-d055-4978-96d0-acef5f190e50: 50 arrays, 1.3 MB stored; 1.8 s; peak memory 3256 MiB.
2026-10-08T20:36:02Z INFO [44/1000] 125826db-a441-42e0-8223-173f3547d6a0: 116 arrays, 0.4 MB stored; 2.2 s; peak memory 3256 MiB.
2026-10-08T20:36:02Z INFO [45/1000] 1258d09b-cc1b-40d7-a6c7-889462571c81: 46 arrays, 0.0 MB stored; 1.5 s; peak memory 3256 MiB.
2026-10-08T20:36:02Z INFO [46/1000] 1258be3b-7d35-4ac5-a0f1-e25527b64386: 49 arrays, 3.1 MB stored; 2.2 s; peak memory 3256 MiB.
2026-10-08T20:36:02Z INFO [47/1000] 12590a7d-a4d5-44dd-9a27-8107280b42e9: 48 arrays, 83.9 MB stored; 1.9 s; peak memory 3256 MiB.
2026-10-08T20:36:03Z INFO [48/1000] 125a86bd-7f93-4d09-a6bf-d291f3ba256a: 48 arrays, 83.9 MB stored; 2.0 s; peak memory 3256 MiB.
2026-10-08T20:36:04Z INFO [49/1000] 125afa04-0f20-46e1-a8f6-53e35e0cd103: 112 arrays, 0.5 MB stored; 2.3 s; peak memory 3256 MiB.
2026-10-08T20:36:04Z INFO [50/1000] 125ceb82-b587-4c71-83af-3371ccf65283: 112 arrays, 0.2 MB stored; 2.1 s; peak memory 3256 MiB.
2026-10-08T20:36:04Z INFO [51/1000] 125d8aed-ad09-4f17-9a40-8b0e643f6cd5: 112 arrays, 0.2 MB stored; 2.2 s; peak memory 3256 MiB.
2026-10-08T20:36:04Z INFO [52/1000] 125e093e-e4d8-4d72-9c24-d774ae206d5b: 48 arrays, 83.9 MB stored; 2.0 s; peak memory 3256 MiB.
2026-10-08T20:36:04Z INFO [53/1000] 125fa235-040e-4437-98be-b3ad6db159c5: 142 arrays, 1.1 MB stored; 2.0 s; peak memory 3257 MiB.
2026-10-08T20:36:05Z INFO [54/1000] 125fc343-dbc9-4a2e-a31c-e03a2e91f40f: 21 arrays, 9444.5 MB stored; 1.9 s; peak memory 3257 MiB.
2026-10-08T20:36:06Z INFO [55/1000] 126147eb-c6fd-46b9-bd09-194200e4ce6f: 36 arrays, 5.2 MB stored; 1.9 s; peak memory 3257 MiB.
2026-10-08T20:36:06Z INFO [56/1000] 12617c66-b813-4048-b218-05554201b4ba: 48 arrays, 83.9 MB stored; 2.0 s; peak memory 3257 MiB.
2026-10-08T20:36:06Z INFO [57/1000] 1261c700-41e4-45e3-9b46-676a1ffa2f57: 48 arrays, 83.9 MB stored; 1.9 s; peak memory 3257 MiB.
2026-10-08T20:36:07Z INFO [58/1000] 12624d02-5c86-46d7-b2ea-64a832431c8d: 118 arrays, 0.3 MB stored; 2.2 s; peak memory 3257 MiB.
2026-10-08T20:36:07Z INFO [59/1000] 1262e222-4692-400a-b84e-8cd9e324a23e: 66 arrays, 11.0 MB stored; 2.3 s; peak memory 3257 MiB.
2026-10-08T20:36:07Z INFO [60/1000] 125fc347-ea2d-4571-8d96-1d81980d07bc: 114 arrays, 186.8 MB stored; 3.9 s; peak memory 3257 MiB.
2026-10-08T20:36:08Z INFO [61/1000] 12639941-4a2e-4955-bd49-10dbba12aceb: 52 arrays, 14.0 MB stored; 2.0 s; peak memory 3257 MiB.
2026-10-08T20:36:08Z INFO [62/1000] 12640f33-231a-42a7-b1ab-e3c61ad9091c: 38 arrays, 0.5 MB stored; 1.5 s; peak memory 3257 MiB.
2026-10-08T20:36:08Z INFO [63/1000] 125df51a-be52-4574-96b7-26b955be1957: 117 arrays, 36.6 MB stored; 6.2 s; peak memory 3257 MiB.
2026-10-08T20:36:08Z INFO [64/1000] 126465d6-75e9-4e19-a8ef-b588f7051e75: 54 arrays, 0.0 MB stored; 1.5 s; peak memory 3257 MiB.
2026-10-08T20:36:09Z INFO [65/1000] 12659b15-dc9a-4035-bd26-97c2f495d234: 77 arrays, 0.6 MB stored; 2.0 s; peak memory 3257 MiB.
2026-10-08T20:36:10Z INFO [66/1000] 1266308f-ec74-4cd1-a81a-d537c18bb2eb: 48 arrays, 83.9 MB stored; 2.0 s; peak memory 3257 MiB.
2026-10-08T20:36:10Z INFO [67/1000] 1266c4f9-7f73-4f1a-b02a-ac64f8752cd8: 63 arrays, 0.1 MB stored; 1.9 s; peak memory 3257 MiB.
2026-10-08T20:36:10Z INFO [68/1000] 12672eab-1637-400d-88fe-82ab0130d89b: 52 arrays, 626.4 MB stored; 1.9 s; peak memory 3257 MiB.
2026-10-08T20:36:11Z INFO [69/1000] 126613e7-11a3-4a0c-8d15-7b2ab9f075a2: 118 arrays, 28.5 MB stored; 3.2 s; peak memory 3257 MiB.
2026-10-08T20:36:12Z INFO [70/1000] 125558a3-c3a6-4549-874b-5a82a0ac9381: 2947 arrays, 25.7 MB stored; 15.9 s; peak memory 3261 MiB.
2026-10-08T20:36:12Z INFO [71/1000] 1268126d-dc0a-4241-8da4-cb50c87677c6: 117 arrays, 0.4 MB stored; 2.1 s; peak memory 3261 MiB.
2026-10-08T20:36:13Z INFO [72/1000] 12673483-39f2-4976-a666-477e078eed3e: 71 arrays, 146.7 MB stored; 3.2 s; peak memory 3261 MiB.
2026-10-08T20:36:13Z INFO [73/1000] 12690b7e-7351-46ac-be64-4e2376e713c5: 66 arrays, 102.0 MB stored; 2.4 s; peak memory 3261 MiB.
2026-10-08T20:36:14Z INFO [74/1000] 1267b4fc-c933-4703-8ec1-25145a4cf7b5: 92 arrays, 37.3 MB stored; 3.6 s; peak memory 3262 MiB.
2026-10-08T20:36:14Z INFO [75/1000] 1269601f-0047-453d-9b88-e0452ae984f8: 117 arrays, 0.2 MB stored; 1.9 s; peak memory 3262 MiB.
2026-10-08T20:36:14Z INFO [76/1000] 1269863b-2055-4dd1-bbe9-cd2184684d69: 117 arrays, 0.3 MB stored; 2.2 s; peak memory 3262 MiB.
2026-10-08T20:36:15Z INFO [77/1000] 1269bc3c-5a83-46a8-bfec-cc65b1e5c55b: 110 arrays, 0.3 MB stored; 2.1 s; peak memory 3262 MiB.
2026-10-08T20:36:16Z INFO [78/1000] 126a3802-44fd-4c0f-9197-ed34b20c42d9: 48 arrays, 83.9 MB stored; 1.9 s; peak memory 3262 MiB.
2026-10-08T20:36:16Z INFO [79/1000] 126bbcb6-d2ae-4a4a-b585-9e6ab8151ca0: 46 arrays, 0.1 MB stored; 1.5 s; peak memory 3262 MiB.
2026-10-08T20:36:16Z INFO [80/1000] 126b6a50-5c5d-4a01-b179-52a68e81b586: 64 arrays, 126.1 MB stored; 2.7 s; peak memory 3262 MiB.
2026-10-08T20:36:16Z INFO [81/1000] 126b7b53-f6a4-4476-be15-10120dfbd884: 48 arrays, 83.9 MB stored; 2.1 s; peak memory 3262 MiB.
2026-10-08T20:36:17Z INFO [82/1000] 126a1077-1413-4d18-a522-610f795cdbb8: 118 arrays, 67.1 MB stored; 3.7 s; peak memory 3262 MiB.
2026-10-08T20:36:18Z INFO [83/1000] 126bf015-78d0-47c3-81ff-960a0e14a080: 112 arrays, 0.5 MB stored; 2.1 s; peak memory 3262 MiB.
2026-10-08T20:36:18Z INFO [84/1000] 126c3d6e-65fb-4750-8d1c-a892cb4c5a98: 52 arrays, 0.0 MB stored; 1.7 s; peak memory 3262 MiB.
2026-10-08T20:36:19Z INFO [85/1000] 126c487a-edeb-490a-981b-cf21552ff528: 69 arrays, 3.5 MB stored; 2.2 s; peak memory 3262 MiB.
2026-10-08T20:36:19Z INFO [86/1000] 126c4976-5cb9-445f-a963-983a3329e6fc: 118 arrays, 0.3 MB stored; 2.2 s; peak memory 3263 MiB.
2026-10-08T20:36:19Z INFO [87/1000] 126c767b-57c3-4f72-affb-23818588beef: 66 arrays, 98.3 MB stored; 2.4 s; peak memory 3263 MiB.
2026-10-08T20:36:20Z INFO [88/1000] 126d0fdd-fe8c-4cd0-82ac-f5a8ea2dc3a9: 42 arrays, 49.7 MB stored; 2.0 s; peak memory 3263 MiB.
2026-10-08T20:36:21Z INFO [89/1000] 126dc148-913a-4a84-a5c9-601da3dfad82: 48 arrays, 83.9 MB stored; 1.9 s; peak memory 3263 MiB.
2026-10-08T20:36:21Z INFO [90/1000] 126cbf7b-1ae8-44e8-a8da-487c225fec15: 68 arrays, 5.9 MB stored; 2.9 s; peak memory 3263 MiB.
2026-10-08T20:36:21Z INFO [91/1000] 126d5191-e49a-4e30-90ff-d6da4b742770: 109 arrays, 0.7 MB stored; 2.3 s; peak memory 3263 MiB.
2026-10-08T20:36:21Z INFO [92/1000] 126e715e-7769-4fd6-a713-a25063d7cc3f: 48 arrays, 83.9 MB stored; 1.8 s; peak memory 3263 MiB.
2026-10-08T20:36:22Z INFO [93/1000] 126eec3d-1efc-44a0-8086-139f6b8b8b26: 48 arrays, 83.9 MB stored; 1.8 s; peak memory 3263 MiB.
2026-10-08T20:36:23Z INFO [94/1000] 126fa802-db00-400f-afb9-b984ce0e754c: 48 arrays, 83.9 MB stored; 1.8 s; peak memory 3263 MiB.
2026-10-08T20:36:23Z INFO [95/1000] 12702ecd-2ffc-4a0d-8049-b0d22529669f: 46 arrays, 0.0 MB stored; 1.4 s; peak memory 3263 MiB.
2026-10-08T20:36:24Z INFO [96/1000] 126f8478-e555-4fd6-9b78-e90ad83203af: 71 arrays, 81.1 MB stored; 3.0 s; peak memory 3263 MiB.
2026-10-08T20:36:24Z INFO [97/1000] 12702403-8a43-4c8a-afc3-f13621a52b81: 69 arrays, 30.5 MB stored; 2.6 s; peak memory 3263 MiB.
2026-10-08T20:36:25Z INFO [98/1000] 12712139-ee1b-4c20-9cd9-8455b8937e96: 48 arrays, 83.9 MB stored; 1.6 s; peak memory 3263 MiB.
2026-10-08T20:36:25Z INFO [99/1000] 12704483-ebb1-4dc3-9d6e-05cc74f88bfc: 66 arrays, 64.9 MB stored; 2.6 s; peak memory 3263 MiB.
2026-10-08T20:36:26Z INFO [100/1000] 12722f7e-a132-4c9f-a643-edc122b2597c: 48 arrays, 83.9 MB stored; 1.8 s; peak memory 3263 MiB.
2026-10-08T20:36:26Z INFO [101/1000] 1271b36a-a228-44e1-a223-4d5c5d69d094: 110 arrays, 0.8 MB stored; 2.3 s; peak memory 3263 MiB.
2026-10-08T20:36:27Z INFO [102/1000] 12723042-fd1d-430d-8c51-0954a2146d8b: 62 arrays, 3027.9 MB stored; 2.5 s; peak memory 3263 MiB.
2026-10-08T20:36:28Z INFO [103/1000] 12726f6a-9245-49ec-94e2-5ec3ae859ee6: 112 arrays, 1.0 MB stored; 2.7 s; peak memory 3264 MiB.
2026-10-08T20:36:28Z INFO [104/1000] 126ef7d1-575b-449a-aaa2-4b05e4b5bc27: 543 arrays, 8.1 MB stored; 7.5 s; peak memory 3264 MiB.
2026-10-08T20:36:30Z INFO [105/1000] 12733a84-edd5-4282-8dd6-1644aa0c084e: 90 arrays, 0.2 MB stored; 2.1 s; peak memory 3264 MiB.
2026-10-08T20:36:30Z INFO [106/1000] 127296c8-4314-4b8d-96bf-fffa3b325d77: 197 arrays, 13.6 MB stored; 4.6 s; peak memory 3265 MiB.
2026-10-08T20:36:32Z INFO [107/1000] 12736698-00d5-411e-968e-a14f73946bf1: 48 arrays, 83.9 MB stored; 1.9 s; peak memory 3265 MiB.
2026-10-08T20:36:32Z INFO [108/1000] 12744711-26dd-4d1f-afd6-effe103db119: 118 arrays, 0.3 MB stored; 2.0 s; peak memory 3265 MiB.
2026-10-08T20:36:34Z INFO [109/1000] 12760049-28e9-4fcb-9c7f-fa08c34d4c43: 48 arrays, 83.9 MB stored; 1.9 s; peak memory 3265 MiB.
2026-10-08T20:36:35Z INFO [110/1000] 1272dd63-01c6-4829-8def-bd037dc8e498: 553 arrays, 7.3 MB stored; 7.5 s; peak memory 3265 MiB.
2026-10-08T20:36:36Z INFO [111/1000] 12763d19-c39b-4754-9e82-2a6ef277e44a: 78 arrays, 366.3 MB stored; 3.6 s; peak memory 3266 MiB.
2026-10-08T20:36:36Z INFO [112/1000] 1272cf92-43de-4699-8599-fb7e7fd455d1: 874 arrays, 20.8 MB stored; 9.2 s; peak memory 3267 MiB.
2026-10-08T20:36:37Z INFO [113/1000] 1277657f-7057-4406-b38a-f83639459807: 116 arrays, 0.2 MB stored; 1.8 s; peak memory 3267 MiB.
2026-10-08T20:36:38Z INFO [114/1000] 12778a87-a686-46e6-8fc5-4e2523546e9d: 117 arrays, 0.4 MB stored; 2.1 s; peak memory 3267 MiB.
2026-10-08T20:36:39Z INFO [115/1000] 1277f007-9fa6-4c59-9a36-73878dd15e87: 158 arrays, 1.2 MB stored; 3.0 s; peak memory 3267 MiB.
2026-10-08T20:36:40Z INFO [116/1000] 126311e8-658e-4043-8cfb-440a3a326079: 48 arrays, 33184.1 MB stored; 34.2 s; peak memory 3267 MiB.
2026-10-08T20:36:41Z INFO [117/1000] 12785737-e900-4b13-8d48-69ec405000b9: 46 arrays, 716.4 MB stored; 2.7 s; peak memory 3267 MiB.
2026-10-08T20:36:42Z INFO [118/1000] 12688cb9-cccf-488f-82aa-ee5934eadf44: 48 arrays, 48905.0 MB stored; 31.6 s; peak memory 3267 MiB.
2026-10-08T20:36:43Z INFO [119/1000] 1278fe36-96c8-434e-80df-c79b07fa7bf0: 112 arrays, 0.4 MB stored; 2.0 s; peak memory 3268 MiB.
2026-10-08T20:36:44Z INFO [120/1000] 12765c87-15a9-4ffb-a869-d4c15afe30d9: 1314 arrays, 22.1 MB stored; 10.0 s; peak memory 3269 MiB.
2026-10-08T20:36:44Z INFO [121/1000] 127904ba-562f-4819-b011-f9404707c435: 86 arrays, 28.8 MB stored; 2.5 s; peak memory 3269 MiB.
2026-10-08T20:36:46Z INFO [122/1000] 127ac66d-4861-4a48-975f-4a51537a1f22: 117 arrays, 0.3 MB stored; 2.0 s; peak memory 3269 MiB.
2026-10-08T20:36:48Z INFO [123/1000] 127a9044-7327-4729-8fbb-6535236d7362: 80 arrays, 813.5 MB stored; 3.8 s; peak memory 3270 MiB.
2026-10-08T20:36:48Z INFO [124/1000] 127b1117-f960-442e-9c81-c0b0914f2cfe: 45 arrays, 0.0 MB stored; 1.4 s; peak memory 3270 MiB.
2026-10-08T20:36:51Z INFO [125/1000] 12783649-b0bf-464b-a696-959c40ea9ffc: 876 arrays, 26.9 MB stored; 13.5 s; peak memory 3271 MiB.
2026-10-08T20:36:52Z INFO [126/1000] 127b4659-2a33-4674-a621-36219d8d0391: 116 arrays, 187.2 MB stored; 3.8 s; peak memory 3271 MiB.
2026-10-08T20:36:52Z INFO [127/1000] 127ba9f5-293d-44b5-b22b-c8e4610636e2: 37 arrays, 0.0 MB stored; 1.5 s; peak memory 3271 MiB.
2026-10-08T20:36:53Z INFO [128/1000] 12787ac6-b561-4b56-8118-935e1dcb43e0: 916 arrays, 39.3 MB stored; 12.7 s; peak memory 3272 MiB.
2026-10-08T20:36:54Z INFO [129/1000] 127bf413-1ec1-4f68-b977-227cc186c062: 116 arrays, 0.4 MB stored; 2.0 s; peak memory 3272 MiB.
2026-10-08T20:36:54Z INFO [130/1000] 127c0388-0074-4824-a097-c90617e5c311: 48 arrays, 83.9 MB stored; 1.8 s; peak memory 3272 MiB.
2026-10-08T20:36:55Z INFO [131/1000] 1272b61f-d316-4e55-a238-cafef4e28035: 794 arrays, 10774.0 MB stored; 29.5 s; peak memory 3273 MiB.
2026-10-08T20:36:56Z INFO [132/1000] 127c2a09-3b77-44a7-9631-c64442a2ad0a: 118 arrays, 66.2 MB stored; 3.0 s; peak memory 3273 MiB.
2026-10-08T20:36:58Z INFO [133/1000] 127c3d44-cd5b-4f42-bc49-ae1bed3322ce: 157 arrays, 179.9 MB stored; 4.2 s; peak memory 3273 MiB.
2026-10-08T20:36:58Z INFO [134/1000] 127c9e0a-2af5-45d0-956d-b724718fccd3: 115 arrays, 186.7 MB stored; 3.7 s; peak memory 3273 MiB.
2026-10-08T20:36:59Z INFO [135/1000] 127cd283-1d5b-47b9-b111-808584826f92: 119 arrays, 67.4 MB stored; 3.9 s; peak memory 3273 MiB.
2026-10-08T20:37:00Z INFO [136/1000] 127d216b-99ed-4b1b-91d2-74e12334f150: 62 arrays, 0.8 MB stored; 1.8 s; peak memory 3273 MiB.
2026-10-08T20:37:00Z INFO [137/1000] 127dbdc5-b921-4cdb-b216-ecbb5cdaa1c3: 112 arrays, 0.5 MB stored; 2.3 s; peak memory 3273 MiB.
2026-10-08T20:37:01Z INFO [138/1000] 127e77bf-7298-43ba-b768-bc181c58b1e0: 48 arrays, 83.9 MB stored; 1.9 s; peak memory 3273 MiB.
2026-10-08T20:37:02Z INFO [139/1000] 127ec4c3-cf35-4aae-be88-38e19dcc7c19: 69 arrays, 1.9 MB stored; 2.2 s; peak memory 3273 MiB.
2026-10-08T20:37:02Z INFO [140/1000] 127f17d3-8b3b-4ede-9fb8-90c97b6e289b: 79 arrays, 1.0 MB stored; 2.1 s; peak memory 3274 MiB.
2026-10-08T20:37:03Z INFO [141/1000] 127ba951-a417-4de7-917e-f0672ede66d1: 771 arrays, 39.2 MB stored; 15.3 s; peak memory 3275 MiB.
2026-10-08T20:37:03Z INFO [142/1000] 127cf127-c3ef-4d2b-9ef2-339188cf2c04: 229 arrays, 281.8 MB stored; 7.9 s; peak memory 3275 MiB.
2026-10-08T20:37:04Z INFO [143/1000] 127f7909-06fb-4e8a-b339-fdbd55bde312: 117 arrays, 0.5 MB stored; 2.1 s; peak memory 3275 MiB.
2026-10-08T20:37:05Z INFO [144/1000] 12802bb6-66e1-4488-b0e9-ff5f85fbc162: 117 arrays, 0.5 MB stored; 1.9 s; peak memory 3275 MiB.
2026-10-08T20:37:06Z INFO [145/1000] 128068ac-8d89-429a-894e-1bf071c37393: 48 arrays, 83.9 MB stored; 1.7 s; peak memory 3275 MiB.
2026-10-08T20:37:07Z INFO [146/1000] 1280b0e7-e1b9-4751-8afa-dc4bbc022f76: 116 arrays, 0.3 MB stored; 2.0 s; peak memory 3275 MiB.
2026-10-08T20:37:08Z INFO [147/1000] 1280ef32-3c65-4196-b2eb-a1cc09739932: 48 arrays, 83.9 MB stored; 1.8 s; peak memory 3275 MiB.
2026-10-08T20:37:09Z INFO [148/1000] 1280f2b8-6f8c-4385-94ba-bd143fd61463: 46 arrays, 1.0 MB stored; 1.7 s; peak memory 3275 MiB.
2026-10-08T20:37:10Z INFO [149/1000] 1281da61-cde3-4f1c-87e6-b25c0ff91633: 118 arrays, 0.4 MB stored; 2.0 s; peak memory 3276 MiB.
2026-10-08T20:37:12Z INFO [150/1000] 128299c1-cff9-48e5-ac54-150bb887e33c: 48 arrays, 83.9 MB stored; 1.8 s; peak memory 3276 MiB.
2026-10-08T20:37:13Z INFO [151/1000] 12828d04-8ab4-493a-83f1-2fee41d496a0: 115 arrays, 190.1 MB stored; 3.7 s; peak memory 3276 MiB.
2026-10-08T20:37:13Z INFO [152/1000] 1282b937-4363-4147-9065-e43b50ac4c04: 63 arrays, 0.1 MB stored; 1.7 s; peak memory 3276 MiB.
2026-10-08T20:37:15Z INFO [153/1000] 12838ded-9f38-444b-9537-b1dc0616347f: 45 arrays, 0.0 MB stored; 1.6 s; peak memory 3276 MiB.
2026-10-08T20:37:15Z INFO [154/1000] 1282c9e7-3c07-4932-b8d3-d8451ca5b9ca: 107 arrays, 2.5 MB stored; 2.5 s; peak memory 3276 MiB.
2026-10-08T20:37:16Z INFO [155/1000] 128449c8-da61-4773-b897-e79613e09ba6: 33 arrays, 0.0 MB stored; 1.4 s; peak memory 3276 MiB.
2026-10-08T20:37:18Z INFO [156/1000] 12847eb3-982f-4329-b84b-a359a8cb06b6: 65 arrays, 38.0 MB stored; 2.3 s; peak memory 3276 MiB.
2026-10-08T20:37:20Z INFO [157/1000] 127f705c-f27e-4b06-8b28-f906d0451313: 370 arrays, 1091.0 MB stored; 19.3 s; peak memory 3276 MiB.
2026-10-08T20:37:23Z INFO [158/1000] 128612ed-d309-4a6f-908b-a0276e21a60a: 481 arrays, 5.7 MB stored; 5.4 s; peak memory 3277 MiB.
2026-10-08T20:37:23Z INFO [159/1000] 12864c5d-c3db-4b88-b4fc-7731a006497f: 101 arrays, 10.2 MB stored; 2.6 s; peak memory 3277 MiB.
2026-10-08T20:37:25Z INFO [160/1000] 12874cea-a6ae-4ddc-9e38-404734c43cfb: 116 arrays, 0.5 MB stored; 2.0 s; peak memory 3277 MiB.
2026-10-08T20:37:32Z INFO [161/1000] 12860774-2abf-4829-94a4-6c471cf79077: 727 arrays, 20.0 MB stored; 15.6 s; peak memory 3278 MiB.
2026-10-08T20:37:40Z INFO [162/1000] 127fc155-5fea-42e5-95b7-6f0fe653f859: 7825 arrays, 82.2 MB stored; 36.6 s; peak memory 3287 MiB.
2026-10-08T20:37:40Z INFO [163/1000] 12787a1b-3aa8-49ca-9d9e-cb91734a11af: 12995 arrays, 551.4 MB stored; 61.0 s; peak memory 3301 MiB.
2026-10-08T20:37:41Z INFO [164/1000] 128833a9-11ad-4e82-8482-cb0e2ad7a9f5: 50 arrays, 1.8 MB stored; 1.7 s; peak memory 3301 MiB.
2026-10-08T20:37:42Z INFO [165/1000] 1287ad48-dc21-43de-8aff-8d2748057517: 106 arrays, 21394.5 MB stored; 17.1 s; peak memory 3301 MiB.
2026-10-08T20:37:43Z INFO [166/1000] 128811a2-a194-49d5-a32a-69ab794efd9b: 1335 arrays, 24.6 MB stored; 10.7 s; peak memory 3303 MiB.
2026-10-08T20:37:43Z INFO [167/1000] 1288b258-c0e9-4ca4-8932-f9f4646ff637: 110 arrays, 0.7 MB stored; 2.3 s; peak memory 3303 MiB.
2026-10-08T20:37:44Z INFO [168/1000] 12894dee-5587-4520-a5d0-6113ea5bc29f: 117 arrays, 0.4 MB stored; 2.2 s; peak memory 3303 MiB.
2026-10-08T20:37:44Z INFO [169/1000] 128957d6-6558-406e-83ec-4c26ff4c6670: 48 arrays, 83.9 MB stored; 1.8 s; peak memory 3303 MiB.
2026-10-08T20:37:45Z INFO [170/1000] 128757ff-7004-4c5d-a8e2-61b3e9c3ca82: 724 arrays, 1561.2 MB stored; 22.3 s; peak memory 3304 MiB.
2026-10-08T20:37:46Z INFO [171/1000] 1289e785-6978-4744-bbb4-4e7d1870f58d: 52 arrays, 626.7 MB stored; 2.1 s; peak memory 3304 MiB.
2026-10-08T20:37:46Z INFO [172/1000] 12897cf0-7eda-4f90-b230-042c4b56ea1d: 123 arrays, 5.0 MB stored; 3.7 s; peak memory 3304 MiB.
2026-10-08T20:37:46Z INFO [173/1000] 1289cbd3-913c-41f6-b77e-19a29777ab86: 88 arrays, 2790.6 MB stored; 3.6 s; peak memory 3304 MiB.
2026-10-08T20:37:47Z INFO [174/1000] 128a5e3f-25bb-4d3e-bcaa-3a1b9b9db424: 46 arrays, 0.1 MB stored; 1.4 s; peak memory 3304 MiB.
2026-10-08T20:37:47Z INFO [175/1000] 1289e869-bdbf-4d40-8d6f-ddab37aaeba9: 115 arrays, 190.1 MB stored; 3.5 s; peak memory 3304 MiB.
2026-10-08T20:37:47Z INFO [176/1000] 128a1628-318c-4275-8c91-8a4985dad83b: 70 arrays, 2.5 MB stored; 2.1 s; peak memory 3304 MiB.
2026-10-08T20:37:48Z INFO [177/1000] 128a790d-f92f-411d-a219-b2a32efa43aa: 48 arrays, 83.9 MB stored; 1.9 s; peak memory 3304 MiB.
2026-10-08T20:37:49Z INFO [178/1000] 128b9d28-eef5-4b53-ad46-f890393a2165: 114 arrays, 0.1 MB stored; 1.8 s; peak memory 3304 MiB.
2026-10-08T20:37:49Z INFO [179/1000] 128c2c70-f587-48ca-8f53-4b397a167c7c: 48 arrays, 83.9 MB stored; 1.9 s; peak memory 3304 MiB.
2026-10-08T20:37:50Z INFO [180/1000] 128c2ef4-8b91-4069-a068-8842eb4f0a46: 52 arrays, 0.0 MB stored; 1.5 s; peak memory 3304 MiB.
2026-10-08T20:37:51Z INFO [181/1000] 128c32f5-1de2-4d3e-8adb-ec23d5bb9819: 230 arrays, 0.9 MB stored; 2.1 s; peak memory 3304 MiB.
2026-10-08T20:37:51Z INFO [182/1000] 128d6b9b-567e-49f3-be1d-d1ed9ed828ef: 68 arrays, 0.0 MB stored; 2.0 s; peak memory 3305 MiB.
2026-10-08T20:37:52Z INFO [183/1000] 128e00f6-0769-4277-aaa4-ab9cf443110d: 112 arrays, 0.3 MB stored; 2.0 s; peak memory 3305 MiB.
2026-10-08T20:37:52Z INFO [184/1000] 128eba19-f93e-4f73-b306-093b4dea676d: 46 arrays, 0.1 MB stored; 1.5 s; peak memory 3305 MiB.
2026-10-08T20:37:53Z INFO [185/1000] 128fe5e3-37da-4d1f-ba8e-e055f74bfc09: 45 arrays, 0.0 MB stored; 1.6 s; peak memory 3305 MiB.
2026-10-08T20:37:53Z INFO [186/1000] 12905e4c-4b94-44f4-80dc-0f8c14fcf9a9: 33 arrays, 0.0 MB stored; 1.5 s; peak memory 3305 MiB.
2026-10-08T20:37:55Z INFO [187/1000] 1290eb73-6913-4809-aeb4-bc510fd6eb59: 48 arrays, 83.9 MB stored; 1.8 s; peak memory 3305 MiB.
2026-10-08T20:37:55Z INFO [188/1000] 1291e0c0-22db-439a-b033-e3c77f02527f: 51 arrays, 0.0 MB stored; 1.5 s; peak memory 3305 MiB.
2026-10-08T20:37:55Z INFO [189/1000] 1290de9e-ff25-4534-8ad2-64908f9dcc4a: 70 arrays, 82.9 MB stored; 2.7 s; peak memory 3305 MiB.
2026-10-08T20:37:56Z INFO [190/1000] 129237a8-86b6-409f-8f28-80365dd5cf0f: 48 arrays, 83.9 MB stored; 1.8 s; peak memory 3305 MiB.
2026-10-08T20:37:57Z INFO [191/1000] 1292574a-6ba9-4800-b6fb-e241db3f6833: 77 arrays, 0.0 MB stored; 1.9 s; peak memory 3305 MiB.
2026-10-08T20:37:57Z INFO [192/1000] 1292d6c6-7ddc-442e-8dde-7b3d5235a3de: 114 arrays, 0.2 MB stored; 2.0 s; peak memory 3305 MiB.
2026-10-08T20:37:58Z INFO [193/1000] 128c2ee9-d67b-45c9-a6fa-70e4b6ca5489: 562 arrays, 5.5 MB stored; 11.0 s; peak memory 3306 MiB.
2026-10-08T20:37:59Z INFO [194/1000] 1292e86b-d3f9-4339-8db1-2d4f32991cb5: 117 arrays, 0.2 MB stored; 1.8 s; peak memory 3306 MiB.
2026-10-08T20:37:59Z INFO [195/1000] 1292d6f5-5233-4410-86b0-e264efd93419: 110 arrays, 0.2 MB stored; 2.2 s; peak memory 3306 MiB.
2026-10-08T20:37:59Z INFO [196/1000] 128b6b86-cd95-4023-9a56-45bee98a1b02: 3693 arrays, 15.3 MB stored; 13.1 s; peak memory 3311 MiB.
2026-10-08T20:38:01Z INFO [197/1000] 1294d09a-25be-4dc7-b1c6-f7de92a05c70: 110 arrays, 0.2 MB stored; 2.1 s; peak memory 3311 MiB.
2026-10-08T20:38:01Z INFO [198/1000] 129420b8-cc3c-4ee7-bebb-6263b92f417e: 116 arrays, 0.5 MB stored; 2.2 s; peak memory 3311 MiB.
2026-10-08T20:38:01Z INFO [199/1000] 12937b49-7e20-4f1d-825c-e1a4c4845eea: 115 arrays, 190.1 MB stored; 3.6 s; peak memory 3311 MiB.
2026-10-08T20:38:01Z INFO [200/1000] 1294d69e-e19d-47b8-80a6-ce816f2df700: 69 arrays, 33.4 MB stored; 2.3 s; peak memory 3311 MiB.
2026-10-08T20:38:08Z INFO [200/1000] 1294d69e-e19d-47b8-80a6-ce816f2df700: checkpointed 12400 new records.
2026-10-08T20:38:08Z INFO [201/1000] 1294e4d1-6270-43aa-b043-b229ed51ea26: 118 arrays, 0.5 MB stored; 2.0 s; peak memory 3325 MiB.
2026-10-08T20:38:08Z INFO [202/1000] 12974b9b-d644-4d93-a062-d93f83527331: 46 arrays, 0.0 MB stored; 1.7 s; peak memory 3325 MiB.
2026-10-08T20:38:08Z INFO [203/1000] 12965662-c441-4d0b-87b4-6c4393183f6b: 48 arrays, 83.9 MB stored; 2.0 s; peak memory 3325 MiB.
2026-10-08T20:38:08Z INFO [204/1000] 12961745-2442-47ca-bc5f-0cde8cf1b9b0: 117 arrays, 0.2 MB stored; 2.3 s; peak memory 3325 MiB.
2026-10-08T20:38:08Z INFO [205/1000] 1295af11-3c72-4800-a580-0481d737ac50: 112 arrays, 0.8 MB stored; 2.6 s; peak memory 3325 MiB.
2026-10-08T20:38:08Z INFO [206/1000] 129763d1-9fc7-4a67-86ea-ab736d01feaa: 48 arrays, 83.9 MB stored; 2.1 s; peak memory 3325 MiB.
2026-10-08T20:38:08Z INFO [207/1000] 129862a4-b096-4c25-aa1f-2ab79ef5ea0b: 62 arrays, 1486.6 MB stored; 2.7 s; peak memory 3325 MiB.
2026-10-08T20:38:08Z INFO [208/1000] 12997001-0b2b-48c0-9385-3b1363974296: 49 arrays, 11.2 MB stored; 2.0 s; peak memory 3325 MiB.
2026-10-08T20:38:08Z INFO [209/1000] 12995456-f6c0-455d-891c-37b9ebcf5cfe: 112 arrays, 0.7 MB stored; 2.6 s; peak memory 3325 MiB.
2026-10-08T20:38:08Z INFO [210/1000] 1298571c-2e8a-4a03-ab27-7525e90e7527: 117 arrays, 4.7 MB stored; 3.9 s; peak memory 3325 MiB.
2026-10-08T20:38:08Z INFO [211/1000] 12998c30-8061-474d-8795-91c8761f9eed: 46 arrays, 12.6 MB stored; 1.9 s; peak memory 3325 MiB.
2026-10-08T20:38:09Z INFO [212/1000] 129a6037-8f9c-4b9e-8059-69234e3f03ca: 61 arrays, 26.4 MB stored; 2.2 s; peak memory 3325 MiB.
2026-10-08T20:38:10Z INFO [213/1000] 129aad8c-9462-4cec-8135-e2942ac22fc4: 112 arrays, 0.8 MB stored; 2.4 s; peak memory 3325 MiB.
2026-10-08T20:38:14Z INFO [214/1000] 129a3b91-5399-4aee-8981-ba7274812b71: 106 arrays, 8573.4 MB stored; 8.4 s; peak memory 3325 MiB.
2026-10-08T20:38:16Z INFO [215/1000] 1299e442-2bf9-44e8-96ea-5859793b42a6: 615 arrays, 21.9 MB stored; 10.7 s; peak memory 3325 MiB.
2026-10-08T20:38:18Z INFO [216/1000] 129bdaf9-15c6-47f9-ac91-d062cb3271c4: 70 arrays, 224.5 MB stored; 3.2 s; peak memory 3325 MiB.
2026-10-08T20:38:18Z INFO [217/1000] 129c0f12-95b4-4f59-aa7c-a09a69454b4f: 52 arrays, 14.2 MB stored; 1.8 s; peak memory 3325 MiB.
2026-10-08T20:38:19Z INFO [218/1000] 129c8b2a-c7d2-4d75-a1e6-d0778cce4737: 78 arrays, 0.1 MB stored; 1.9 s; peak memory 3325 MiB.
2026-10-08T20:38:21Z INFO [219/1000] 129bb052-13cd-42f5-bf90-9b36bcf03d3c: 815 arrays, 31.2 MB stored; 11.2 s; peak memory 3325 MiB.
2026-10-08T20:38:21Z INFO [220/1000] 129ccdd9-7656-4bd7-9804-1466256bf597: 48 arrays, 83.9 MB stored; 1.6 s; peak memory 3325 MiB.
2026-10-08T20:38:22Z INFO [221/1000] 129d4d0d-25b7-464b-9502-00a13e39051f: 46 arrays, 0.1 MB stored; 1.4 s; peak memory 3325 MiB.
2026-10-08T20:38:23Z INFO [222/1000] 129cfd69-27fa-47de-a177-5438a4959bdd: 46 arrays, 12.6 MB stored; 1.9 s; peak memory 3325 MiB.
2026-10-08T20:38:25Z INFO [223/1000] 129db12a-33ca-46b2-b5df-fb519889be91: 170 arrays, 0.8 MB stored; 2.2 s; peak memory 3325 MiB.
2026-10-08T20:38:29Z INFO [224/1000] 129de5a2-ac65-4444-abf2-c6ea3e88485a: 123 arrays, 7.9 MB stored; 3.8 s; peak memory 3325 MiB.
2026-10-08T20:38:38Z INFO [225/1000] 129cb6b3-4257-49a8-8545-c568c75d6ec2: 432 arrays, 474.9 MB stored; 19.5 s; peak memory 3325 MiB.
2026-10-08T20:38:39Z INFO [226/1000] 129d6ec8-a060-474e-9d8c-a46048964c3d: 643 arrays, 24.0 MB stored; 16.9 s; peak memory 3325 MiB.
2026-10-08T20:38:39Z INFO [227/1000] 129e6b1e-826d-41f9-9594-09578fc03250: 48 arrays, 83.9 MB stored; 1.8 s; peak memory 3325 MiB.
2026-10-08T20:38:40Z INFO [228/1000] 129aff73-56eb-4c5e-aa22-f529c53971de: 48 arrays, 44982.8 MB stored; 31.4 s; peak memory 3325 MiB.
2026-10-08T20:38:41Z INFO [229/1000] 129e8555-fd09-4fd5-8e72-c4fc25e3def7: 48 arrays, 83.9 MB stored; 1.9 s; peak memory 3325 MiB.
2026-10-08T20:38:43Z INFO [230/1000] 129e95de-28cd-4733-83ea-27e35799b578: 115 arrays, 190.1 MB stored; 3.7 s; peak memory 3325 MiB.
2026-10-08T20:38:43Z INFO [231/1000] 129ee71d-ad3d-435c-8bf2-69a73844dea2: 117 arrays, 0.5 MB stored; 2.1 s; peak memory 3325 MiB.
2026-10-08T20:38:45Z INFO [232/1000] 129f48de-e32f-48ff-8edd-5e2787fe64cf: 114 arrays, 0.1 MB stored; 1.7 s; peak memory 3325 MiB.
2026-10-08T20:38:47Z INFO [233/1000] 129f98b1-8839-4be5-84e3-281e7b8635fa: 48 arrays, 83.9 MB stored; 1.9 s; peak memory 3325 MiB.
2026-10-08T20:38:48Z INFO [234/1000] 129ee20a-9d75-4606-bfa2-96a9f4c9c6ff: 538 arrays, 7.2 MB stored; 7.6 s; peak memory 3325 MiB.
2026-10-08T20:38:49Z INFO [235/1000] 129fff6a-eb37-495d-b0c6-b5ec86005b58: 118 arrays, 0.5 MB stored; 2.1 s; peak memory 3325 MiB.
2026-10-08T20:38:51Z INFO [236/1000] 12a03be7-9425-4e0c-b320-3f3687f83ccc: 48 arrays, 83.9 MB stored; 1.8 s; peak memory 3325 MiB.
2026-10-08T20:38:51Z INFO [237/1000] 12a0186b-397e-405f-9b80-62d99da2a44b: 78 arrays, 497.8 MB stored; 2.8 s; peak memory 3325 MiB.
2026-10-08T20:38:52Z INFO [238/1000] 12a132be-1857-4ce2-8cc0-e62b9f6e2b81: 53 arrays, 0.2 MB stored; 1.7 s; peak memory 3325 MiB.
2026-10-08T20:38:52Z INFO [239/1000] 12a142b2-461a-4091-9b53-39abab070f6e: 42 arrays, 19.4 MB stored; 1.8 s; peak memory 3325 MiB.
2026-10-08T20:38:54Z INFO [240/1000] 12a16410-dec2-4ff2-8797-3237eb565a87: 117 arrays, 0.4 MB stored; 1.9 s; peak memory 3325 MiB.
2026-10-08T20:38:57Z INFO [241/1000] 12a1dadf-6c40-47e7-b944-64f33fa6537d: 152 arrays, 1.2 MB stored; 2.9 s; peak memory 3325 MiB.
2026-10-08T20:39:06Z INFO [242/1000] 12a36cde-665f-4088-9acd-23efeeba5f8f: 538 arrays, 8.4 MB stored; 8.9 s; peak memory 3325 MiB.
2026-10-08T20:39:09Z INFO [243/1000] 129e3373-10f4-4234-a2e0-6df4b61b38bc: 150 arrays, 46378.8 MB stored; 40.0 s; peak memory 3325 MiB.
2026-10-08T20:39:10Z INFO [244/1000] 12a418aa-14b2-4075-8523-93c3cca2a610: 276 arrays, 480.8 MB stored; 4.4 s; peak memory 3325 MiB.
2026-10-08T20:39:11Z INFO [245/1000] 12a4e53a-a249-4319-9c32-dca8010104a3: 77 arrays, 0.2 MB stored; 1.9 s; peak memory 3325 MiB.
2026-10-08T20:39:13Z INFO [246/1000] 12a59932-8949-4623-9420-22721d97941e: 118 arrays, 0.5 MB stored; 2.2 s; peak memory 3325 MiB.
2026-10-08T20:39:13Z INFO [247/1000] 12a64174-df72-4036-858e-088c4c0e1e0e: 117 arrays, 0.3 MB stored; 2.0 s; peak memory 3325 MiB.
2026-10-08T20:39:14Z INFO [248/1000] 12a8b32c-126b-41a9-b342-1a6378f70fc3: 38 arrays, 0.5 MB stored; 1.6 s; peak memory 3325 MiB.
2026-10-08T20:39:15Z INFO [249/1000] 12a691e5-e1d4-40c7-bc6b-3c29e774953c: 112 arrays, 1.0 MB stored; 2.3 s; peak memory 3325 MiB.
2026-10-08T20:39:17Z INFO [250/1000] 12aa0956-d97b-4891-8db6-77efca1f318a: 72 arrays, 0.0 MB stored; 1.9 s; peak memory 3325 MiB.
2026-10-08T20:39:18Z INFO [251/1000] 12a972d0-413f-42ca-a415-69d9ccf2b72c: 116 arrays, 187.2 MB stored; 3.7 s; peak memory 3326 MiB.
2026-10-08T20:39:19Z INFO [252/1000] 12aa2cac-74a9-426c-9df3-d621bb72ef2c: 118 arrays, 0.4 MB stored; 2.1 s; peak memory 3326 MiB.
2026-10-08T20:39:20Z INFO [253/1000] 12ab2861-e70e-4a8b-9692-f1424748fa31: 118 arrays, 0.4 MB stored; 2.0 s; peak memory 3326 MiB.
2026-10-08T20:39:21Z INFO [254/1000] 12993b3c-8ee6-4f05-a7c9-78bfe1c156b5: 10606 arrays, 139.0 MB stored; 77.9 s; peak memory 3337 MiB.
2026-10-08T20:39:23Z INFO [255/1000] 12ac7108-6393-4184-aeb4-d7765865d001: 42 arrays, 12.6 MB stored; 1.8 s; peak memory 3337 MiB.
2026-10-08T20:39:25Z INFO [256/1000] 12acf638-e12c-4aef-97b7-4ff3d550157e: 66 arrays, 109.6 MB stored; 2.3 s; peak memory 3337 MiB.
2026-10-08T20:39:30Z INFO [257/1000] 12abc2fe-e3df-443c-9e08-a4e3039fabdb: 592 arrays, 31.7 MB stored; 9.7 s; peak memory 3338 MiB.
2026-10-08T20:39:32Z INFO [258/1000] 12abb1c0-07f7-44dc-b43d-b2cfd466bf5c: 49 arrays, 6586.8 MB stored; 12.7 s; peak memory 3338 MiB.
2026-10-08T20:39:32Z INFO [259/1000] 12ada856-0a2e-455d-8726-e4555c19c05f: 55 arrays, 202.7 MB stored; 7.1 s; peak memory 3338 MiB.
2026-10-08T20:39:35Z INFO [260/1000] 12aea8ef-267d-453a-bb62-b342eed532df: 38 arrays, 25.0 MB stored; 3.0 s; peak memory 3338 MiB.
2026-10-08T20:39:36Z INFO [261/1000] 12aed46e-2823-49ae-80e2-7e4adf81d936: 33 arrays, 0.0 MB stored; 1.3 s; peak memory 3338 MiB.
2026-10-08T20:39:38Z INFO [262/1000] 12af8d74-7815-4d42-a3e5-b40e6eb83a59: 112 arrays, 0.5 MB stored; 2.0 s; peak memory 3339 MiB.
2026-10-08T20:39:41Z INFO [263/1000] 127944b3-62ef-42c1-80c2-9a6ac9a07860: 167 arrays, 21095.3 MB stored; 178.0 s; peak memory 3339 MiB.
2026-10-08T20:39:42Z INFO [264/1000] 12afca9c-4bac-4ec4-a569-0615691b39b9: 165 arrays, 34.4 MB stored; 3.5 s; peak memory 3339 MiB.
2026-10-08T20:39:43Z INFO [265/1000] 12ae8857-7225-4a8e-b8f7-e86e02e2739c: 336 arrays, 44.0 MB stored; 11.1 s; peak memory 3339 MiB.
2026-10-08T20:39:43Z INFO [266/1000] 12afe951-e765-429d-82f9-66c297b51aa7: 111 arrays, 0.7 MB stored; 2.3 s; peak memory 3339 MiB.
2026-10-08T20:39:45Z INFO [267/1000] 12b00d97-6abd-42a6-a7e9-d7f7fd56aaaa: 118 arrays, 0.4 MB stored; 2.1 s; peak memory 3339 MiB.
2026-10-08T20:39:45Z INFO [268/1000] 12b04bdb-c339-438b-9c2d-94afa2c7f8da: 110 arrays, 0.6 MB stored; 2.2 s; peak memory 3340 MiB.
2026-10-08T20:39:47Z INFO [269/1000] 12b10d3b-d9d3-4477-aa74-146783c0d592: 48 arrays, 83.9 MB stored; 1.7 s; peak memory 3340 MiB.
2026-10-08T20:39:49Z INFO [270/1000] 127f7149-5e5c-4ac4-b321-7566680132c0: 261 arrays, 19715.3 MB stored; 166.8 s; peak memory 3340 MiB.
2026-10-08T20:39:50Z INFO [271/1000] 12b093fd-18e7-4725-abae-f7d8934406c2: 432 arrays, 3.8 MB stored; 4.9 s; peak memory 3341 MiB.
2026-10-08T20:39:51Z INFO [272/1000] 12b19540-2df1-4a10-a131-90db4f3a03d4: 117 arrays, 0.4 MB stored; 2.0 s; peak memory 3341 MiB.
2026-10-08T20:39:54Z INFO [273/1000] 12b1d616-4d7c-4709-9b89-f9fa6f1f266a: 74 arrays, 39.6 MB stored; 2.9 s; peak memory 3341 MiB.
2026-10-08T20:39:56Z INFO [274/1000] 12b1af79-c7b1-419a-a695-d7f5932e4140: 174 arrays, 47.9 MB stored; 6.6 s; peak memory 3341 MiB.
2026-10-08T20:39:58Z INFO [275/1000] 12b258f5-df3a-4550-a93a-574ddb125bb6: 52 arrays, 10.2 MB stored; 1.9 s; peak memory 3341 MiB.
2026-10-08T20:40:00Z INFO [276/1000] 12b190cf-0b40-45fb-8aff-21f688d1175e: 50 arrays, 590.9 MB stored; 13.0 s; peak memory 3341 MiB.
2026-10-08T20:40:00Z INFO [277/1000] 12b2de3b-865c-49f9-a1fd-9c89bfc090fa: 50 arrays, 115.3 MB stored; 1.8 s; peak memory 3341 MiB.
2026-10-08T20:40:01Z INFO [278/1000] 12ae19bc-7ff2-4b9c-994e-5e633126ba28: 48 arrays, 41553.7 MB stored; 31.0 s; peak memory 3341 MiB.
2026-10-08T20:40:02Z INFO [279/1000] 12b2f363-3d26-4adf-8a24-4d12b63c362f: 51 arrays, 3676.9 MB stored; 2.3 s; peak memory 3341 MiB.
2026-10-08T20:40:02Z INFO [280/1000] 12b350e5-95ec-4643-b9f5-c01178fd52e1: 112 arrays, 0.7 MB stored; 2.3 s; peak memory 3341 MiB.
2026-10-08T20:40:04Z INFO [281/1000] 12b1dc16-4a01-4404-a412-21dfaaebc717: 327 arrays, 46.1 MB stored; 10.5 s; peak memory 3342 MiB.
2026-10-08T20:40:04Z INFO [282/1000] 12b43d4b-166a-476a-91ac-24631be55d54: 117 arrays, 0.2 MB stored; 2.0 s; peak memory 3342 MiB.
2026-10-08T20:40:05Z INFO [283/1000] 12b45946-5a82-40d1-9cdb-af789b7ff6fc: 84 arrays, 4.7 MB stored; 2.2 s; peak memory 3342 MiB.
2026-10-08T20:40:05Z INFO [284/1000] 12b36384-ec7c-4dee-9ad6-d31c191f2731: 156 arrays, 193.5 MB stored; 4.2 s; peak memory 3342 MiB.
2026-10-08T20:40:06Z INFO [285/1000] 12b47ea2-3ff2-4068-a5ca-cb48868de0a6: 112 arrays, 0.4 MB stored; 2.1 s; peak memory 3343 MiB.
2026-10-08T20:40:06Z INFO [286/1000] 12b48acc-3eb6-4aa3-8a5c-b9f6c1dcc20d: 48 arrays, 83.9 MB stored; 2.0 s; peak memory 3343 MiB.
2026-10-08T20:40:07Z INFO [287/1000] 12b4d65d-3d9e-45ce-ab84-1bfae06a769e: 46 arrays, 12.6 MB stored; 1.8 s; peak memory 3343 MiB.
2026-10-08T20:40:09Z INFO [288/1000] 12b547a8-18ad-461c-beeb-c66fe13e622e: 53 arrays, 83.4 MB stored; 2.3 s; peak memory 3343 MiB.
2026-10-08T20:40:10Z INFO [289/1000] 12b5ae6d-1db2-4109-a08d-ff251fa01a33: 45 arrays, 0.0 MB stored; 1.6 s; peak memory 3343 MiB.
2026-10-08T20:40:12Z INFO [290/1000] 12b5bd8a-9a3a-4eba-8d6b-65c79476e861: 41 arrays, 8.4 MB stored; 1.6 s; peak memory 3343 MiB.
2026-10-08T20:40:14Z INFO [291/1000] 12b5c612-7403-400a-b1b2-3f2aed36ec48: 57 arrays, 621.5 MB stored; 2.7 s; peak memory 3343 MiB.
2026-10-08T20:40:14Z INFO [292/1000] 12b5821c-2eb7-48c7-a0f6-d3b4bf1520a0: 229 arrays, 591.1 MB stored; 7.9 s; peak memory 3343 MiB.
2026-10-08T20:40:16Z INFO [293/1000] 12b5ead5-2500-43cb-ab99-ab01525d8b81: 48 arrays, 83.9 MB stored; 1.8 s; peak memory 3343 MiB.
2026-10-08T20:40:17Z INFO [294/1000] 12b60cf6-afd0-4ea2-82b2-9befae694db5: 116 arrays, 0.4 MB stored; 2.1 s; peak memory 3344 MiB.
2026-10-08T20:40:18Z INFO [295/1000] 12b7b6a8-bf6f-4214-a963-36ee0a0ffbff: 46 arrays, 0.0 MB stored; 1.4 s; peak memory 3344 MiB.
2026-10-08T20:40:19Z INFO [296/1000] 12b4daf8-657c-4466-9a27-e20edffae922: 1492 arrays, 12.8 MB stored; 13.2 s; peak memory 3345 MiB.
2026-10-08T20:40:20Z INFO [297/1000] 12b7c6be-ba8f-46b0-99ca-0278da077aa7: 48 arrays, 83.9 MB stored; 1.7 s; peak memory 3345 MiB.
2026-10-08T20:40:20Z INFO [298/1000] 12b67f00-a700-457d-8cd9-5d82e26f488a: 38 arrays, 36.4 MB stored; 3.6 s; peak memory 3345 MiB.
2026-10-08T20:40:21Z INFO [299/1000] 12b8092f-8a71-4bf3-bd81-1bbc726f4d4b: 48 arrays, 83.9 MB stored; 1.9 s; peak memory 3345 MiB.
2026-10-08T20:40:21Z INFO [300/1000] 12bad8b8-81e3-4b21-a91e-6a2ab7fa7681: 48 arrays, 83.9 MB stored; 1.6 s; peak memory 3345 MiB.
2026-10-08T20:40:22Z INFO [301/1000] 12b89b07-7abb-4b4e-8a22-aa74ffe53d92: 117 arrays, 0.4 MB stored; 2.0 s; peak memory 3345 MiB.
2026-10-08T20:40:23Z INFO [302/1000] 12bba5f5-88d4-495b-ba8a-57377aeb3248: 42 arrays, 14.9 MB stored; 1.6 s; peak memory 3345 MiB.
2026-10-08T20:40:24Z INFO [303/1000] 12baf267-81c4-45b4-9206-e909dec54ad0: 124 arrays, 0.8 MB stored; 2.8 s; peak memory 3345 MiB.
2026-10-08T20:40:25Z INFO [304/1000] 12bcd538-749b-4072-9939-36a662dfa9b1: 110 arrays, 0.3 MB stored; 1.9 s; peak memory 3346 MiB.
2026-10-08T20:40:27Z INFO [305/1000] 12bd64f3-79a9-49a4-b3b4-35d3e28e6186: 48 arrays, 83.9 MB stored; 2.0 s; peak memory 3346 MiB.
2026-10-08T20:40:31Z INFO [306/1000] 12bb0a4f-ff89-41f8-92e9-f8e6f4e94f5d: 257 arrays, 184.4 MB stored; 10.0 s; peak memory 3346 MiB.
2026-10-08T20:40:33Z INFO [307/1000] 12bdc4e3-9656-4b32-96b4-bbc01cb11fe7: 116 arrays, 0.3 MB stored; 1.9 s; peak memory 3346 MiB.
2026-10-08T20:40:36Z INFO [308/1000] 12bdc79f-153c-48ea-b652-12c6bade2cd0: 71 arrays, 4.0 MB stored; 2.4 s; peak memory 3346 MiB.
2026-10-08T20:40:37Z INFO [309/1000] 12b4aa27-b1ec-4a1e-bb26-9c21a335cbda: 48 arrays, 46439.8 MB stored; 32.5 s; peak memory 3347 MiB.
2026-10-08T20:40:39Z INFO [310/1000] 12bdee17-a9ac-4d4a-afca-14ee65427348: 53 arrays, 740.6 MB stored; 3.1 s; peak memory 3347 MiB.
2026-10-08T20:40:39Z INFO [311/1000] 12bdf99a-29e1-4f9a-8b7e-c76adfef42a5: 48 arrays, 83.9 MB stored; 2.0 s; peak memory 3347 MiB.
2026-10-08T20:40:41Z INFO [312/1000] 12be4017-fe3a-4ff7-9a36-03fb09c76774: 48 arrays, 83.9 MB stored; 1.9 s; peak memory 3347 MiB.
2026-10-08T20:40:41Z INFO [313/1000] 12be6030-2704-4f28-9db9-6dd58482a3e1: 49 arrays, 1.4 MB stored; 2.2 s; peak memory 3347 MiB.
2026-10-08T20:40:43Z INFO [314/1000] 12bd530e-25f3-4b90-9a05-b5265c9bcfea: 5635 arrays, 39.9 MB stored; 18.8 s; peak memory 3355 MiB.
2026-10-08T20:40:43Z INFO [315/1000] 12be616e-1b83-4388-8283-736bbaff00b1: 45 arrays, 11.0 MB stored; 2.1 s; peak memory 3355 MiB.
2026-10-08T20:40:45Z INFO [316/1000] 12c10405-8379-4df1-9f1a-dda4c10afdc8: 48 arrays, 83.9 MB stored; 2.0 s; peak memory 3355 MiB.
2026-10-08T20:40:45Z INFO [317/1000] 12c12a84-a37c-481b-bc19-571581b7e4bc: 112 arrays, 0.9 MB stored; 2.5 s; peak memory 3355 MiB.
2026-10-08T20:40:47Z INFO [318/1000] 12c1875d-23c5-4f55-90d4-bd3dbb3357e3: 48 arrays, 83.9 MB stored; 1.9 s; peak memory 3356 MiB.
2026-10-08T20:40:47Z INFO [319/1000] 12b00315-e14e-4857-8887-e9c0510ac721: 52 arrays, 2151.6 MB stored; 65.4 s; peak memory 3356 MiB.
2026-10-08T20:40:48Z INFO [320/1000] 12c1ef84-b79c-4f26-bd43-a4120dcd50c9: 48 arrays, 83.9 MB stored; 1.7 s; peak memory 3356 MiB.
2026-10-08T20:40:49Z INFO [321/1000] 12c32292-0440-4111-833d-b00376b0ffee: 52 arrays, 11.1 MB stored; 1.8 s; peak memory 3356 MiB.
2026-10-08T20:40:50Z INFO [322/1000] 12c37855-842f-4595-bc54-5198922b74f5: 112 arrays, 0.3 MB stored; 1.9 s; peak memory 3356 MiB.
2026-10-08T20:40:51Z INFO [323/1000] 12bdb5b8-70a0-4261-87d1-e087ac489c87: 6242 arrays, 44.9 MB stored; 23.9 s; peak memory 3363 MiB.
2026-10-08T20:40:52Z INFO [324/1000] 12c48191-926e-4e83-a70c-ba319c3e0ed1: 119 arrays, 66.4 MB stored; 2.9 s; peak memory 3363 MiB.
2026-10-08T20:40:53Z INFO [325/1000] 12c4932f-32d9-4f87-b9b3-ee8f59828554: 48 arrays, 83.9 MB stored; 1.8 s; peak memory 3364 MiB.
2026-10-08T20:40:53Z INFO [326/1000] 12bf7739-7e21-40ba-8df1-03cf2a90ffc0: 1149 arrays, 24.9 MB stored; 12.0 s; peak memory 3365 MiB.
2026-10-08T20:40:54Z INFO [327/1000] 12c516b2-8fe3-4f31-8973-dd0032645137: 42 arrays, 1.9 MB stored; 1.9 s; peak memory 3365 MiB.
2026-10-08T20:40:55Z INFO [328/1000] 12c551f8-d824-433c-97c8-5fb86cef2584: 112 arrays, 0.5 MB stored; 2.3 s; peak memory 3365 MiB.
2026-10-08T20:40:56Z INFO [329/1000] 12c57e7b-9832-4f5a-b45a-f399ec28b1e4: 117 arrays, 0.3 MB stored; 2.2 s; peak memory 3365 MiB.
2026-10-08T20:40:56Z INFO [330/1000] 12c5e3da-c0a9-4288-b1ea-0d36af4f0171: 55 arrays, 0.0 MB stored; 1.6 s; peak memory 3365 MiB.
2026-10-08T20:40:57Z INFO [331/1000] 12c5f1e7-001a-45bf-9476-93ce3d713884: 118 arrays, 0.4 MB stored; 2.0 s; peak memory 3365 MiB.
2026-10-08T20:40:58Z INFO [332/1000] 12c6d862-080c-420a-af1f-66aad06293fc: 117 arrays, 0.4 MB stored; 2.0 s; peak memory 3365 MiB.
2026-10-08T20:40:58Z INFO [333/1000] 12c6d455-18d3-41d9-b16b-c4bebaba874d: 50 arrays, 3561.4 MB stored; 2.0 s; peak memory 3365 MiB.
2026-10-08T20:40:59Z INFO [334/1000] 12c70ee6-f562-4093-9ba8-63cfd1859179: 48 arrays, 83.9 MB stored; 1.8 s; peak memory 3366 MiB.
2026-10-08T20:41:00Z INFO [335/1000] 12c806dd-bbe0-4733-acd9-0cdd3719df2f: 117 arrays, 0.4 MB stored; 2.0 s; peak memory 3366 MiB.
2026-10-08T20:41:00Z INFO [336/1000] 12c482fe-37d0-42a6-9401-d4567f6446a3: 266 arrays, 1127.4 MB stored; 9.9 s; peak memory 3366 MiB.
2026-10-08T20:41:01Z INFO [337/1000] 12c83e37-7d68-420f-a202-4c382252f6bc: 116 arrays, 0.3 MB stored; 2.0 s; peak memory 3366 MiB.
2026-10-08T20:41:01Z INFO [338/1000] 12c87de7-bc37-4e50-bd5d-1013835678fa: 46 arrays, 0.1 MB stored; 1.6 s; peak memory 3366 MiB.
2026-10-08T20:41:02Z INFO [339/1000] 12c92aa1-f07a-49c0-8b2f-151a5bbc2bc2: 117 arrays, 0.4 MB stored; 2.0 s; peak memory 3366 MiB.
2026-10-08T20:41:03Z INFO [340/1000] 12c99230-73c2-40a8-ba72-c517e77b8eb0: 62 arrays, 4661.0 MB stored; 2.2 s; peak memory 3366 MiB.
2026-10-08T20:41:03Z INFO [341/1000] 12c9b033-ead0-46c7-b4de-2d060c7508b2: 117 arrays, 0.4 MB stored; 2.0 s; peak memory 3366 MiB.
2026-10-08T20:41:04Z INFO [342/1000] 12c9b46b-09bb-42e9-b101-d3e4050100de: 117 arrays, 0.3 MB stored; 1.9 s; peak memory 3367 MiB.
2026-10-08T20:41:05Z INFO [343/1000] 12c9d898-79ba-40e9-8287-f1eae4e5aec7: 48 arrays, 83.9 MB stored; 1.7 s; peak memory 3367 MiB.
2026-10-08T20:41:07Z INFO [344/1000] 12ca9145-1f4e-4031-872a-13a911468979: 48 arrays, 83.9 MB stored; 1.9 s; peak memory 3367 MiB.
2026-10-08T20:41:09Z INFO [345/1000] 12cb1c42-8ea5-4baf-94fd-9f595aa13ef3: 63 arrays, 0.1 MB stored; 1.7 s; peak memory 3367 MiB.
2026-10-08T20:41:17Z INFO [346/1000] 12c7b0dc-8bc3-4346-b173-8b9a02f7b0fe: 94 arrays, 29693.2 MB stored; 19.0 s; peak memory 3367 MiB.
2026-10-08T20:41:19Z INFO [347/1000] 12cb9dc0-493c-44da-bdd9-024d1c090711: 116 arrays, 0.2 MB stored; 1.9 s; peak memory 3367 MiB.
2026-10-08T20:41:19Z INFO [348/1000] 12c1a2e7-ae3a-45f1-988b-e20dcf712ba9: 96 arrays, 1131.5 MB stored; 33.4 s; peak memory 3367 MiB.
2026-10-08T20:41:21Z INFO [349/1000] 12cbb7d0-819c-45f1-b474-bf1b64fcdb2c: 84 arrays, 2.6 MB stored; 2.1 s; peak memory 3367 MiB.
2026-10-08T20:41:22Z INFO [350/1000] 12ca12c6-1b15-442c-98c2-24cbfff86327: 905 arrays, 23.0 MB stored; 18.3 s; peak memory 3368 MiB.
2026-10-08T20:41:23Z INFO [351/1000] 12cbc77f-40c0-481d-ab97-0e94b00341bf: 117 arrays, 0.3 MB stored; 2.0 s; peak memory 3369 MiB.
2026-10-08T20:41:23Z INFO [352/1000] 12cc990c-02cc-41e0-96b9-f7dab58a8fa5: 48 arrays, 83.9 MB stored; 1.7 s; peak memory 3369 MiB.
2026-10-08T20:41:24Z INFO [353/1000] 12cbc261-75ed-48e3-b35f-d96477a7561b: 99 arrays, 560.8 MB stored; 5.7 s; peak memory 3369 MiB.
2026-10-08T20:41:25Z INFO [354/1000] 12cca1fc-d55c-4de3-9713-782342706c2f: 67 arrays, 44.6 MB stored; 2.4 s; peak memory 3369 MiB.
2026-10-08T20:41:28Z INFO [355/1000] 12cdd38a-d738-4201-920f-5f939087b2c4: 119 arrays, 66.3 MB stored; 3.5 s; peak memory 3369 MiB.
2026-10-08T20:41:28Z INFO [356/1000] 12cdbf89-9952-447a-8fe0-f0afc8ff237e: 169 arrays, 500.5 MB stored; 5.1 s; peak memory 3369 MiB.
2026-10-08T20:41:30Z INFO [357/1000] 12ceb313-e880-4cad-bc23-548eb32e9d0c: 69 arrays, 0.0 MB stored; 1.9 s; peak memory 3369 MiB.
2026-10-08T20:41:32Z INFO [358/1000] 12cf3e0b-8c11-4b63-8140-69b2ac5e6066: 118 arrays, 0.3 MB stored; 1.9 s; peak memory 3370 MiB.
2026-10-08T20:41:34Z INFO [359/1000] 12d054bf-a7a9-4f66-b22f-c0f8d5a69471: 115 arrays, 0.5 MB stored; 2.3 s; peak memory 3370 MiB.
2026-10-08T20:41:37Z INFO [360/1000] 12cf1e51-01f5-4e44-b024-7675c061b03e: 538 arrays, 8.0 MB stored; 8.3 s; peak memory 3370 MiB.
2026-10-08T20:41:37Z INFO [361/1000] 12ca7689-5383-44a5-a876-23d6b06993fa: 48 arrays, 44132.5 MB stored; 33.3 s; peak memory 3370 MiB.
2026-10-08T20:41:39Z INFO [362/1000] 12d0cb6f-1cc2-4358-be69-439b9817c0a1: 112 arrays, 0.4 MB stored; 2.0 s; peak memory 3371 MiB.
2026-10-08T20:41:41Z INFO [363/1000] 12d08f77-07ed-4b9e-936c-b5c31a4ff21f: 174 arrays, 62.6 MB stored; 6.7 s; peak memory 3371 MiB.
2026-10-08T20:41:41Z INFO [364/1000] 12d1376e-621f-464d-983b-d4303bf37212: 112 arrays, 0.8 MB stored; 2.6 s; peak memory 3371 MiB.
2026-10-08T20:41:41Z INFO [365/1000] 12d0e467-8eae-483f-b4aa-13e59646c177: 163 arrays, 12.0 MB stored; 3.8 s; peak memory 3371 MiB.
2026-10-08T20:41:42Z INFO [366/1000] 12d217c8-98f2-404c-ad72-081cb9318e38: 48 arrays, 83.9 MB stored; 1.8 s; peak memory 3371 MiB.
2026-10-08T20:41:43Z INFO [367/1000] 12d2cac3-ae00-432e-959c-e7fc04e718c7: 48 arrays, 83.9 MB stored; 1.9 s; peak memory 3371 MiB.
2026-10-08T20:41:46Z INFO [368/1000] 1263b99e-eb99-497e-b1e7-b0a3e38a19cc: 436 arrays, 39380.6 MB stored; 340.6 s; peak memory 3372 MiB.
2026-10-08T20:41:49Z INFO [369/1000] 12d3e591-ed27-4b78-8dc9-3b5bcfa74372: 112 arrays, 0.6 MB stored; 2.5 s; peak memory 3372 MiB.
2026-10-08T20:41:49Z INFO [370/1000] 12d30258-a0d3-40b6-8259-3c1459b4f467: 639 arrays, 7.4 MB stored; 7.0 s; peak memory 3373 MiB.
2026-10-08T20:41:51Z INFO [371/1000] 12d46f1c-0b6e-4a82-a954-8602caa8b227: 48 arrays, 83.9 MB stored; 1.8 s; peak memory 3373 MiB.
2026-10-08T20:41:51Z INFO [372/1000] 12d2eb7f-4a1c-42e6-ae5f-8a8d43e8f273: 1026 arrays, 24.4 MB stored; 10.0 s; peak memory 3374 MiB.
2026-10-08T20:41:52Z INFO [373/1000] 12d4beb6-4236-4174-95b8-853c5e0d3d2f: 116 arrays, 0.4 MB stored; 2.2 s; peak memory 3374 MiB.
2026-10-08T20:41:52Z INFO [374/1000] 12d4cba8-1f84-4a51-82af-175542cf541e: 48 arrays, 83.9 MB stored; 1.7 s; peak memory 3374 MiB.
2026-10-08T20:41:53Z INFO [375/1000] 12d3ca17-e4d7-446f-8f98-d65bbdcb4e8f: 193 arrays, 1309.6 MB stored; 9.5 s; peak memory 3374 MiB.
2026-10-08T20:41:53Z INFO [376/1000] 12d5aff7-6fcd-404d-bb63-e8d9b54ec532: 48 arrays, 83.9 MB stored; 1.9 s; peak memory 3374 MiB.
2026-10-08T20:41:53Z INFO [377/1000] 12ce0264-2ee1-4104-a9dd-ac0f148ba059: 53 arrays, 1294.0 MB stored; 28.2 s; peak memory 3374 MiB.
2026-10-08T20:41:53Z INFO [378/1000] 12d5d0a7-b3e9-4294-9bd4-02c968f54230: 48 arrays, 83.9 MB stored; 1.9 s; peak memory 3374 MiB.
2026-10-08T20:41:54Z INFO [379/1000] 12d60adb-02ee-44ee-8368-f5837b929562: 48 arrays, 83.9 MB stored; 1.8 s; peak memory 3375 MiB.
2026-10-08T20:41:54Z INFO [380/1000] 12d7d4b4-32d6-4044-99a2-da1c04dd13e8: 48 arrays, 83.9 MB stored; 1.8 s; peak memory 3375 MiB.
2026-10-08T20:41:55Z INFO [381/1000] 12d89528-6aca-4386-a7b9-c3cce55a05a0: 48 arrays, 83.9 MB stored; 1.8 s; peak memory 3375 MiB.
2026-10-08T20:41:55Z INFO [382/1000] 12d82f30-a07f-4206-a0ce-fffcd3046a4d: 46 arrays, 12.6 MB stored; 2.1 s; peak memory 3375 MiB.
2026-10-08T20:41:55Z INFO [383/1000] 12d8d8f4-3f99-4df6-8f4c-ccd4436ad486: 74 arrays, 1.9 MB stored; 2.0 s; peak memory 3375 MiB.
2026-10-08T20:41:56Z INFO [384/1000] 12d95e48-b757-4137-afbe-9578c60814d5: 56 arrays, 0.0 MB stored; 1.5 s; peak memory 3375 MiB.
2026-10-08T20:41:57Z INFO [385/1000] 12d8f75c-7ac6-43f1-8fbd-4570c66692e4: 71 arrays, 2.7 MB stored; 2.6 s; peak memory 3375 MiB.
2026-10-08T20:41:57Z INFO [386/1000] 12d970ae-a1d9-41f0-8965-5923a94b87b5: 59 arrays, 0.1 MB stored; 1.8 s; peak memory 3375 MiB.
2026-10-08T20:41:57Z INFO [387/1000] 12d984f7-d951-409d-b3f2-db33f357f718: 48 arrays, 83.9 MB stored; 1.9 s; peak memory 3375 MiB.
2026-10-08T20:41:59Z INFO [388/1000] 12d9a655-eee7-4889-982d-f4dd2e025f9a: 117 arrays, 0.3 MB stored; 2.0 s; peak memory 3375 MiB.
2026-10-08T20:41:59Z INFO [389/1000] 12d9bf54-3f58-4030-8969-8e7fbbbaec9b: 69 arrays, 39.6 MB stored; 2.5 s; peak memory 3375 MiB.
2026-10-08T20:42:00Z INFO [390/1000] 12da9673-fbcc-4afc-a144-52334fa0c6f2: 117 arrays, 0.3 MB stored; 2.1 s; peak memory 3376 MiB.
2026-10-08T20:42:00Z INFO [391/1000] 12a1cdf9-3991-4ebf-bf08-e51181a20cd6: 167 arrays, 21228.7 MB stored; 187.4 s; peak memory 3376 MiB.
2026-10-08T20:42:01Z INFO [392/1000] 12dab1ed-d0e5-4175-b58f-b39ab441c8a0: 117 arrays, 0.3 MB stored; 1.9 s; peak memory 3376 MiB.
2026-10-08T20:42:01Z INFO [393/1000] 12db715a-91bc-41eb-8da5-923eece2ae99: 57 arrays, 0.0 MB stored; 1.7 s; peak memory 3376 MiB.
2026-10-08T20:42:01Z INFO [394/1000] 12db71e8-56a7-463b-8815-f0b31d29d92d: 46 arrays, 1.0 MB stored; 1.7 s; peak memory 3376 MiB.
2026-10-08T20:42:03Z INFO [395/1000] 12dbe7db-2fe0-405b-b074-09202c6eb281: 48 arrays, 83.9 MB stored; 1.9 s; peak memory 3376 MiB.
2026-10-08T20:42:04Z INFO [396/1000] 12d990ac-b455-4765-917d-c94928b891e8: 636 arrays, 18.4 MB stored; 7.9 s; peak memory 3377 MiB.
2026-10-08T20:42:06Z INFO [397/1000] 12dcf14a-3cc2-409f-be6a-b8744cc9e7b4: 48 arrays, 83.9 MB stored; 1.8 s; peak memory 3377 MiB.
2026-10-08T20:42:08Z INFO [398/1000] 12dcfa8f-4b3b-4cc4-bc1b-6d757be513cc: 48 arrays, 83.9 MB stored; 1.9 s; peak memory 3377 MiB.
2026-10-08T20:42:09Z INFO [399/1000] 12dd9c36-8c30-43fb-81ee-742e55a72cc2: 48 arrays, 83.9 MB stored; 1.8 s; peak memory 3377 MiB.
2026-10-08T20:42:10Z INFO [400/1000] 12cb6d7c-03fb-4983-867f-54abd0c38aeb: 55 arrays, 2313.7 MB stored; 61.6 s; peak memory 3377 MiB.
2026-10-08T20:42:17Z INFO [400/1000] 12cb6d7c-03fb-4983-867f-54abd0c38aeb: checkpointed 12600 new records.
2026-10-08T20:42:17Z INFO [401/1000] 12ddef33-ddb5-4e0e-aae8-3ed4b36698e7: 66 arrays, 28.2 MB stored; 2.5 s; peak memory 3386 MiB.
2026-10-08T20:42:17Z INFO [402/1000] 12dec722-5554-4e2e-927c-5af6d7744c51: 116 arrays, 0.4 MB stored; 2.3 s; peak memory 3386 MiB.
2026-10-08T20:42:17Z INFO [403/1000] 12df24d4-33c7-4ad3-bd8d-0be9a6c8e8fe: 49 arrays, 15.7 MB stored; 2.0 s; peak memory 3386 MiB.
2026-10-08T20:42:17Z INFO [404/1000] 12dce0b9-5ba5-4c26-91cf-a9e90bb2696c: 46 arrays, 4208.2 MB stored; 11.1 s; peak memory 3386 MiB.
2026-10-08T20:42:17Z INFO [405/1000] 12dfae21-2eae-41e6-bad2-c8b6a0b71422: 130 arrays, 0.1 MB stored; 1.9 s; peak memory 3386 MiB.
2026-10-08T20:42:18Z INFO [406/1000] 12dfee6c-d761-4b2b-8ee8-50d0bca638a4: 118 arrays, 0.7 MB stored; 2.3 s; peak memory 3386 MiB.
2026-10-08T20:42:19Z INFO [407/1000] 12df81a3-e54a-41a8-98c8-208511598ef8: 229 arrays, 279.8 MB stored; 6.9 s; peak memory 3386 MiB.
2026-10-08T20:42:21Z INFO [408/1000] 12e1216d-801f-484c-aa11-7fbbb07c2d7e: 116 arrays, 9.7 MB stored; 1.9 s; peak memory 3386 MiB.
2026-10-08T20:42:22Z INFO [409/1000] 12dfb0fc-2f48-4de1-814a-c02fc020abf0: 594 arrays, 10.7 MB stored; 7.5 s; peak memory 3386 MiB.
2026-10-08T20:42:25Z INFO [410/1000] 12e18b86-4066-4d34-9aac-30f8dd3f4a9a: 153 arrays, 3.3 MB stored; 4.0 s; peak memory 3386 MiB.
2026-10-08T20:42:26Z INFO [411/1000] 12e22c7a-45b0-4977-a3a5-cfa2db4a5c8c: 119 arrays, 67.4 MB stored; 4.1 s; peak memory 3386 MiB.
2026-10-08T20:42:27Z INFO [412/1000] 12d9733b-664f-4735-a9e3-e5f355392092: 48 arrays, 43841.2 MB stored; 31.5 s; peak memory 3386 MiB.
2026-10-08T20:42:27Z INFO [413/1000] 12e2b5bd-606d-4ce7-b976-9192de6b2516: 48 arrays, 83.9 MB stored; 1.6 s; peak memory 3386 MiB.
2026-10-08T20:42:28Z INFO [414/1000] 12e22d83-3d0d-434e-b954-be11646fe8d4: 66 arrays, 2592.4 MB stored; 2.2 s; peak memory 3386 MiB.
2026-10-08T20:42:29Z INFO [415/1000] 12e41cdb-ec2a-487e-ada8-b9411fca7aaf: 48 arrays, 83.9 MB stored; 1.7 s; peak memory 3386 MiB.
2026-10-08T20:42:29Z INFO [416/1000] 12e3a1aa-abe2-4280-9420-12cd55cb1419: 117 arrays, 0.4 MB stored; 2.1 s; peak memory 3386 MiB.
2026-10-08T20:42:31Z INFO [417/1000] 12e44545-ab78-49db-b9bd-36c09399d4e4: 112 arrays, 0.1 MB stored; 1.9 s; peak memory 3386 MiB.
2026-10-08T20:42:31Z INFO [418/1000] 12e5fca1-84dd-4056-9500-13b627815b43: 76 arrays, 0.8 MB stored; 1.7 s; peak memory 3386 MiB.
2026-10-08T20:42:33Z INFO [419/1000] 12e5fd78-b3a1-445e-815a-58785b602117: 48 arrays, 83.9 MB stored; 1.8 s; peak memory 3386 MiB.
2026-10-08T20:42:33Z INFO [420/1000] 12e79104-b741-41d2-a86c-ca4812bb4834: 48 arrays, 83.9 MB stored; 1.9 s; peak memory 3386 MiB.
2026-10-08T20:42:35Z INFO [421/1000] 12e7e4b5-a30e-42a6-bcbd-11a04ac2377b: 42 arrays, 48.4 MB stored; 1.9 s; peak memory 3386 MiB.
2026-10-08T20:42:35Z INFO [422/1000] 12e8bcbd-371c-4313-9384-65f35070b21c: 46 arrays, 5188.9 MB stored; 2.3 s; peak memory 3386 MiB.
2026-10-08T20:42:36Z INFO [423/1000] 12e2e2d4-a790-48ee-ba1a-072f1d5923dc: 574 arrays, 16.3 MB stored; 9.4 s; peak memory 3386 MiB.
2026-10-08T20:42:37Z INFO [424/1000] 12e979b1-351b-48f1-8f35-ca86017b530a: 69 arrays, 83.4 MB stored; 2.3 s; peak memory 3386 MiB.
2026-10-08T20:42:38Z INFO [425/1000] 12ebbc85-238b-4e03-8a11-bdaa1643c281: 48 arrays, 83.9 MB stored; 1.8 s; peak memory 3386 MiB.
2026-10-08T20:42:39Z INFO [426/1000] 12eae4ab-9e11-4497-ae7a-1478180e8849: 119 arrays, 66.3 MB stored; 3.2 s; peak memory 3386 MiB.
2026-10-08T20:42:40Z INFO [427/1000] 12ecb3ab-8e5a-437d-9d46-341b2c278c07: 113 arrays, 0.7 MB stored; 2.5 s; peak memory 3386 MiB.
2026-10-08T20:42:41Z INFO [428/1000] 12ed0331-b865-48cd-abfe-5c8ff46f18dd: 118 arrays, 0.4 MB stored; 2.1 s; peak memory 3386 MiB.
2026-10-08T20:42:41Z INFO [429/1000] 12ed0a50-a86e-49e6-b25f-e1dbc86cf563: 48 arrays, 83.9 MB stored; 1.8 s; peak memory 3386 MiB.
2026-10-08T20:42:42Z INFO [430/1000] 12eccafa-59f1-4cc5-8b4e-f09d2514b257: 38 arrays, 59.3 MB stored; 3.7 s; peak memory 3386 MiB.
2026-10-08T20:42:42Z INFO [431/1000] 12ed9edc-acf6-45c2-a0e9-3c7685cdddf0: 48 arrays, 83.9 MB stored; 1.8 s; peak memory 3386 MiB.
2026-10-08T20:42:43Z INFO [432/1000] 12edf36c-7632-4d2b-ad8b-e15508ab6774: 48 arrays, 83.9 MB stored; 1.7 s; peak memory 3386 MiB.
2026-10-08T20:42:44Z INFO [433/1000] 12ee4e38-5d09-40b8-befc-f14c8fe5eb9b: 48 arrays, 83.9 MB stored; 1.7 s; peak memory 3386 MiB.
2026-10-08T20:42:44Z INFO [434/1000] 12ee19dd-43c0-4b31-a204-e26cba25fd56: 71 arrays, 77.9 MB stored; 2.9 s; peak memory 3386 MiB.
2026-10-08T20:42:45Z INFO [435/1000] 12eec3a9-7511-49a2-8c5a-6b54d1370bbe: 48 arrays, 83.9 MB stored; 1.9 s; peak memory 3386 MiB.
2026-10-08T20:42:46Z INFO [436/1000] 12ef5905-124f-4572-b413-2b284cc3e439: 48 arrays, 83.9 MB stored; 1.7 s; peak memory 3386 MiB.
2026-10-08T20:42:46Z INFO [437/1000] 12e0a306-488b-4b18-9674-576659f6b2b9: 522 arrays, 4315.1 MB stored; 27.9 s; peak memory 3386 MiB.
2026-10-08T20:42:47Z INFO [438/1000] 12ef92fb-a9ea-4d81-aa8b-466ba7438bde: 112 arrays, 0.6 MB stored; 2.2 s; peak memory 3386 MiB.
2026-10-08T20:42:48Z INFO [439/1000] 12f031d5-e632-4bbe-b0d9-712b22640c83: 45 arrays, 666.8 MB stored; 2.5 s; peak memory 3386 MiB.
2026-10-08T20:42:50Z INFO [440/1000] 12f05416-cfeb-4c88-9b4a-54ab433a7b98: 947 arrays, 3.4 MB stored; 3.9 s; peak memory 3386 MiB.
2026-10-08T20:42:51Z INFO [441/1000] 12f0c03e-be97-4445-9178-449587c4eb13: 66 arrays, 48.5 MB stored; 2.6 s; peak memory 3386 MiB.
2026-10-08T20:42:52Z INFO [442/1000] 12f0fcf4-0b16-40be-a92f-2fac5c2d9d9e: 112 arrays, 0.7 MB stored; 2.5 s; peak memory 3386 MiB.
2026-10-08T20:42:53Z INFO [443/1000] 12f10291-01b7-4975-9de1-2e9bbe9230b3: 118 arrays, 0.2 MB stored; 1.9 s; peak memory 3386 MiB.
2026-10-08T20:42:54Z INFO [444/1000] 12ef9580-6a79-4372-bbb1-bb1a124fab78: 673 arrays, 38.5 MB stored; 8.7 s; peak memory 3386 MiB.
2026-10-08T20:42:54Z INFO [445/1000] 12f19e1f-ea86-4591-97cd-a483248f0006: 112 arrays, 0.4 MB stored; 2.1 s; peak memory 3386 MiB.
2026-10-08T20:42:55Z INFO [446/1000] 12f1a039-98ee-49ec-b01e-162fd872f061: 205 arrays, 17.2 MB stored; 2.3 s; peak memory 3386 MiB.
2026-10-08T20:42:56Z INFO [447/1000] 12f23c6d-a963-4b8e-aab1-c8c0b2e038a5: 66 arrays, 109.3 MB stored; 2.4 s; peak memory 3386 MiB.
2026-10-08T20:42:57Z INFO [448/1000] 12f05d53-fa5a-42f1-9cc5-a53ef91b0234: 11477 arrays, 133.2 MB stored; 10.6 s; peak memory 3398 MiB.
2026-10-08T20:42:58Z INFO [449/1000] 12f3394f-99ca-4491-8ae7-76936ce909f0: 57 arrays, 0.0 MB stored; 1.5 s; peak memory 3398 MiB.
2026-10-08T20:42:59Z INFO [450/1000] 12f35049-dba2-4eb4-946d-bedcee159d24: 114 arrays, 0.1 MB stored; 1.7 s; peak memory 3398 MiB.
2026-10-08T20:42:59Z INFO [451/1000] 12f2f5c1-d9a7-49d3-a503-1ee98a61e2f0: 163 arrays, 12.0 MB stored; 3.9 s; peak memory 3398 MiB.
2026-10-08T20:43:00Z INFO [452/1000] 12f40e2a-a5e5-4c48-b0c3-d9b771483edd: 112 arrays, 0.8 MB stored; 2.4 s; peak memory 3399 MiB.
2026-10-08T20:43:01Z INFO [453/1000] 12f45320-d344-4167-b6be-c1aae8729988: 48 arrays, 83.9 MB stored; 1.7 s; peak memory 3399 MiB.
2026-10-08T20:43:02Z INFO [454/1000] 12f2c85f-4736-4bda-a3b5-da250b7f1443: 1556 arrays, 8.9 MB stored; 7.8 s; peak memory 3400 MiB.
2026-10-08T20:43:04Z INFO [455/1000] 12f5fce7-ba75-48a0-a19f-510b584974ca: 63 arrays, 0.1 MB stored; 1.7 s; peak memory 3400 MiB.
2026-10-08T20:43:10Z INFO [456/1000] 12f455ae-4577-4d7c-96d1-4dc293b9fbf3: 336 arrays, 44.0 MB stored; 11.0 s; peak memory 3401 MiB.
2026-10-08T20:43:12Z INFO [457/1000] 12f70657-8e3f-473c-9ceb-edbc2494fe41: 65 arrays, 16.2 MB stored; 1.9 s; peak memory 3401 MiB.
2026-10-08T20:43:16Z INFO [458/1000] 12f719d4-db34-4e8d-83b5-355f5e85f65e: 115 arrays, 190.1 MB stored; 3.5 s; peak memory 3401 MiB.
2026-10-08T20:43:19Z INFO [459/1000] 12f5c039-dbca-4eae-8aca-d7614e1d95f3: 38 arrays, 472.1 MB stored; 18.4 s; peak memory 3401 MiB.
2026-10-08T20:43:26Z INFO [460/1000] 12f77be0-812d-4353-8b66-a640b0ca2a06: 639 arrays, 7.8 MB stored; 6.8 s; peak memory 3402 MiB.
2026-10-08T20:43:27Z INFO [461/1000] 12f663ca-8dba-46e6-ae49-73b30f52187b: 2051 arrays, 75.4 MB stored; 22.8 s; peak memory 3404 MiB.
2026-10-08T20:43:28Z INFO [462/1000] 12f826d9-a8c6-4c41-8937-b00853ea3e82: 46 arrays, 0.1 MB stored; 1.4 s; peak memory 3404 MiB.
2026-10-08T20:43:30Z INFO [463/1000] 12f84855-a429-451c-8b3d-6b7f7337f474: 79 arrays, 3.2 MB stored; 2.1 s; peak memory 3404 MiB.
2026-10-08T20:43:32Z INFO [464/1000] 12f56c37-9d1c-4bbb-8fda-e14d9f4368ba: 48 arrays, 47628.8 MB stored; 32.2 s; peak memory 3404 MiB.
2026-10-08T20:43:33Z INFO [465/1000] 12f8ba27-e078-4ba7-af00-9610bcad414a: 112 arrays, 1.0 MB stored; 2.4 s; peak memory 3405 MiB.
2026-10-08T20:43:33Z INFO [466/1000] 12f7f15b-c0bc-4048-9660-313cb62ad026: 538 arrays, 8.2 MB stored; 7.5 s; peak memory 3405 MiB.
2026-10-08T20:43:34Z INFO [467/1000] 12fa0b1a-1ab4-472f-b04a-3b73023f7e24: 48 arrays, 83.9 MB stored; 1.8 s; peak memory 3405 MiB.
2026-10-08T20:43:35Z INFO [468/1000] 12f9ebfc-c654-46a3-b127-fb7e184ed872: 112 arrays, 0.7 MB stored; 2.5 s; peak memory 3405 MiB.
2026-10-08T20:43:36Z INFO [469/1000] 12fa6e90-0480-4777-813f-8d2e11d0a147: 45 arrays, 10.9 MB stored; 2.1 s; peak memory 3405 MiB.
2026-10-08T20:43:36Z INFO [470/1000] 12fa90f0-953d-4974-8afe-3b3a20130d0f: 48 arrays, 83.9 MB stored; 1.9 s; peak memory 3405 MiB.
2026-10-08T20:43:38Z INFO [471/1000] 12fa0bcc-4416-4ed5-a1d0-608eee64120e: 90 arrays, 923.1 MB stored; 4.7 s; peak memory 3405 MiB.
2026-10-08T20:43:38Z INFO [472/1000] 12fb26c2-42c8-45a1-b133-faff685499f6: 41 arrays, 8.4 MB stored; 1.6 s; peak memory 3405 MiB.
2026-10-08T20:43:38Z INFO [473/1000] 12fb31b8-a9c7-4194-9dc8-98f66cbd92b5: 38 arrays, 0.5 MB stored; 1.7 s; peak memory 3406 MiB.
2026-10-08T20:43:40Z INFO [474/1000] 12fc6093-2f0d-461c-be17-f90b929ca522: 49 arrays, 20.0 MB stored; 2.2 s; peak memory 3406 MiB.
2026-10-08T20:43:41Z INFO [475/1000] 12fc74c7-50aa-40fa-b44c-bcf0e82bcc07: 102 arrays, 14.6 MB stored; 2.6 s; peak memory 3406 MiB.
2026-10-08T20:43:43Z INFO [476/1000] 12fd257f-738b-40a5-9ce3-53932cdf8072: 48 arrays, 83.9 MB stored; 1.9 s; peak memory 3406 MiB.
2026-10-08T20:43:43Z INFO [477/1000] 12fd10d1-5e88-4d14-a0f4-46632bbc1ef3: 66 arrays, 108.4 MB stored; 2.4 s; peak memory 3406 MiB.
2026-10-08T20:43:44Z INFO [478/1000] 12fee79a-ed83-4ea8-9228-d9a8a539fad3: 48 arrays, 83.9 MB stored; 1.8 s; peak memory 3406 MiB.
2026-10-08T20:43:45Z INFO [479/1000] 12fdf8f9-7d9b-45da-90eb-bf57add7c5b9: 112 arrays, 0.3 MB stored; 2.0 s; peak memory 3406 MiB.
2026-10-08T20:43:46Z INFO [480/1000] 12f74299-07c2-42cd-97c2-4bdea622be61: 522 arrays, 4377.6 MB stored; 30.9 s; peak memory 3407 MiB.
2026-10-08T20:43:48Z INFO [481/1000] 12ffe5dd-6ff5-445e-a8ec-03acc79105cb: 71 arrays, 131.5 MB stored; 3.1 s; peak memory 3407 MiB.
2026-10-08T20:43:50Z INFO [482/1000] 12ffe6a1-e7b7-44c3-9aec-1496b80b38d9: 114 arrays, 186.8 MB stored; 3.8 s; peak memory 3407 MiB.
2026-10-08T20:43:50Z INFO [483/1000] 12ffe6b7-0023-46cf-8dde-46ec29ee8e99: 79 arrays, 6.9 MB stored; 2.5 s; peak memory 3407 MiB.
2026-10-08T20:43:53Z INFO [484/1000] 130001a7-d970-48cc-9899-05b9437806d6: 124 arrays, 0.8 MB stored; 2.8 s; peak memory 3407 MiB.
2026-10-08T20:43:54Z INFO [485/1000] 12ffed92-2cab-4d30-bf45-6a1d6a5002b2: 186 arrays, 14.3 MB stored; 3.4 s; peak memory 3408 MiB.
2026-10-08T20:43:55Z INFO [486/1000] 13000e39-6ec6-48e1-86f2-bca82ea8c778: 112 arrays, 0.5 MB stored; 2.4 s; peak memory 3408 MiB.
2026-10-08T20:43:55Z INFO [487/1000] 1302646c-1c56-4cc0-be83-caa6838a6715: 48 arrays, 83.9 MB stored; 1.8 s; peak memory 3408 MiB.
2026-10-08T20:43:57Z INFO [488/1000] 12fce8b2-f668-4427-ba81-cac4eacee58c: 44 arrays, 10675.6 MB stored; 18.7 s; peak memory 3408 MiB.
2026-10-08T20:43:57Z INFO [489/1000] 1302882a-e449-4b68-b48a-c3a43ab08633: 92 arrays, 6.9 MB stored; 1.8 s; peak memory 3408 MiB.
2026-10-08T20:43:57Z INFO [490/1000] 1302e650-d44c-431b-8e80-9210a43bccbc: 48 arrays, 83.9 MB stored; 2.0 s; peak memory 3408 MiB.
2026-10-08T20:43:58Z INFO [491/1000] 12ffdce1-a7ad-4cb9-a0fd-87e2bbe9dc9e: 44 arrays, 5262.2 MB stored; 13.5 s; peak memory 3408 MiB.
2026-10-08T20:43:59Z INFO [492/1000] 1303d0f6-124d-4395-afd3-a277170f7bbc: 62 arrays, 4661.0 MB stored; 2.3 s; peak memory 3408 MiB.
2026-10-08T20:44:00Z INFO [493/1000] 13049077-ac4a-4ed9-90d7-ac9516bfe020: 70 arrays, 1.0 MB stored; 2.2 s; peak memory 3408 MiB.
2026-10-08T20:44:02Z INFO [494/1000] 13049d47-d2a7-4dbe-9b51-25b7c6da1012: 90 arrays, 231.1 MB stored; 4.2 s; peak memory 3408 MiB.
2026-10-08T20:44:03Z INFO [495/1000] 1304e5f7-dbcc-4f35-86b5-ddaf2a820f21: 66 arrays, 193.1 MB stored; 3.1 s; peak memory 3408 MiB.
2026-10-08T20:44:04Z INFO [496/1000] 1304a1f4-deac-4e6a-b53e-e1d788f0631c: 133 arrays, 43.6 MB stored; 4.6 s; peak memory 3409 MiB.
2026-10-08T20:44:05Z INFO [497/1000] 130646b4-c7bd-471b-b229-3e4f94aeabb7: 118 arrays, 0.2 MB stored; 1.8 s; peak memory 3409 MiB.
2026-10-08T20:44:06Z INFO [498/1000] 1307f2ed-e99a-4977-996f-255a7d2cb85f: 49 arrays, 21.5 MB stored; 2.3 s; peak memory 3409 MiB.
2026-10-08T20:44:07Z INFO [499/1000] 13062a45-8833-4e79-939c-1fe893750b6c: 99 arrays, 883.3 MB stored; 4.8 s; peak memory 3409 MiB.
2026-10-08T20:44:07Z INFO [500/1000] 1308070c-b622-4e4c-830b-2e0bc46eccd5: 66 arrays, 18.3 MB stored; 2.4 s; peak memory 3409 MiB.
2026-10-08T20:44:08Z INFO [501/1000] 130982a2-b2b1-48fc-a712-45c0804ad55f: 38 arrays, 0.5 MB stored; 1.5 s; peak memory 3409 MiB.
2026-10-08T20:44:09Z INFO [502/1000] 1309ece1-9d93-4f3a-af21-fec53d48ce2f: 122 arrays, 921.6 MB stored; 2.1 s; peak memory 3409 MiB.
2026-10-08T20:44:10Z INFO [503/1000] 1308e342-cf4e-49e4-b63a-51e4481c603a: 157 arrays, 191.0 MB stored; 4.1 s; peak memory 3409 MiB.
2026-10-08T20:44:10Z INFO [504/1000] 130a84af-f5ee-44aa-a9f7-b9b5b501f557: 48 arrays, 83.9 MB stored; 1.9 s; peak memory 3409 MiB.
2026-10-08T20:44:11Z INFO [505/1000] 130abe3a-4556-4777-abf7-3129bcbde3ce: 69 arrays, 24.0 MB stored; 2.4 s; peak memory 3410 MiB.
2026-10-08T20:44:12Z INFO [506/1000] 13046f00-798d-4066-aa0c-b788a87b1fc5: 1682 arrays, 29.9 MB stored; 14.7 s; peak memory 3411 MiB.
2026-10-08T20:44:12Z INFO [507/1000] 130b1b22-cea1-4a65-bf9b-c43d0c4cf856: 117 arrays, 0.4 MB stored; 1.9 s; peak memory 3412 MiB.
2026-10-08T20:44:14Z INFO [508/1000] 130bdfc3-5029-4a29-815f-bfe5a1061041: 66 arrays, 134.8 MB stored; 2.3 s; peak memory 3412 MiB.
2026-10-08T20:44:16Z INFO [509/1000] 130d2d5b-0a99-4d26-82e1-156312ca4a55: 110 arrays, 0.5 MB stored; 2.1 s; peak memory 3412 MiB.
2026-10-08T20:44:16Z INFO [510/1000] 130c6bf2-4591-4ce9-8ada-76eb7d8f3711: 104 arrays, 18.6 MB stored; 3.8 s; peak memory 3412 MiB.
2026-10-08T20:44:16Z INFO [511/1000] 130d2405-4d91-48fe-bb20-277c316b95f3: 87 arrays, 15.4 MB stored; 3.9 s; peak memory 3412 MiB.
2026-10-08T20:44:18Z INFO [512/1000] 130d5aa5-62a4-4cde-9077-01ff0ff50610: 84 arrays, 0.2 MB stored; 1.9 s; peak memory 3412 MiB.
2026-10-08T20:44:19Z INFO [513/1000] 130dbebc-58cf-4d19-b977-6c9ed9555ec7: 119 arrays, 51.4 MB stored; 3.0 s; peak memory 3412 MiB.
2026-10-08T20:44:19Z INFO [514/1000] 130f32f7-09a3-4186-b7fe-5a741666be82: 46 arrays, 1.0 MB stored; 1.8 s; peak memory 3412 MiB.
2026-10-08T20:44:21Z INFO [515/1000] 130f8426-28fa-4e25-822b-76dc78999569: 117 arrays, 0.3 MB stored; 2.1 s; peak memory 3412 MiB.
2026-10-08T20:44:23Z INFO [516/1000] 130fcca2-2680-4116-b2b3-5c9da671cf82: 64 arrays, 220.5 MB stored; 3.1 s; peak memory 3413 MiB.
2026-10-08T20:44:25Z INFO [517/1000] 13110cb6-def4-49eb-984a-d5a3b3904f3f: 49 arrays, 18.7 MB stored; 2.0 s; peak memory 3413 MiB.
2026-10-08T20:44:25Z INFO [518/1000] 130ff2ec-5d4d-4ea7-8af8-1ee202267554: 156 arrays, 193.5 MB stored; 4.3 s; peak memory 3413 MiB.
2026-10-08T20:44:27Z INFO [519/1000] 1311aa58-fb5f-42cd-9723-89e03532921a: 117 arrays, 0.3 MB stored; 2.0 s; peak memory 3413 MiB.
2026-10-08T20:44:30Z INFO [520/1000] 130ee92e-851c-498c-a84d-06556389f5f8: 50 arrays, 580.5 MB stored; 14.3 s; peak memory 3413 MiB.
2026-10-08T20:44:32Z INFO [521/1000] 13122ef2-c3a0-478f-8242-4f93e5de0bbc: 48 arrays, 83.9 MB stored; 1.8 s; peak memory 3413 MiB.
2026-10-08T20:44:33Z INFO [522/1000] 1311a519-c43d-484b-b5e5-a7c996475368: 44 arrays, 2607.6 MB stored; 8.6 s; peak memory 3413 MiB.
2026-10-08T20:44:34Z INFO [523/1000] 13124ff4-b292-4edf-acbd-aaeedc18252a: 69 arrays, 24.0 MB stored; 2.3 s; peak memory 3413 MiB.
2026-10-08T20:44:35Z INFO [524/1000] 1312da9d-132e-4733-a03f-1d8d2f822da7: 48 arrays, 83.9 MB stored; 1.7 s; peak memory 3413 MiB.
2026-10-08T20:44:36Z INFO [525/1000] 1312dfc4-6a32-4a11-847b-199e8a5ea08e: 48 arrays, 83.9 MB stored; 1.8 s; peak memory 3413 MiB.
2026-10-08T20:44:36Z INFO [526/1000] 12dc7f25-ccd4-40cf-9d86-621e97885c2f: 55 arrays, 7851.2 MB stored; 155.0 s; peak memory 3414 MiB.
2026-10-08T20:44:38Z INFO [527/1000] 1313989f-22b0-4d80-aecd-766a7eba7d18: 48 arrays, 83.9 MB stored; 1.8 s; peak memory 3414 MiB.
2026-10-08T20:44:38Z INFO [528/1000] 13139a42-e611-43b3-8185-487e75ef5328: 48 arrays, 83.9 MB stored; 2.0 s; peak memory 3414 MiB.
2026-10-08T20:44:40Z INFO [529/1000] 1313afb6-b54e-48e1-8b7a-fae3228a07bc: 52 arrays, 10.7 MB stored; 1.9 s; peak memory 3414 MiB.
2026-10-08T20:44:42Z INFO [530/1000] 1313bd0e-1b24-41da-a61e-91549a8dbbaf: 154 arrays, 365.1 MB stored; 3.8 s; peak memory 3414 MiB.
2026-10-08T20:44:43Z INFO [531/1000] 131420cc-ff11-4e09-b5b6-4fc2706ba502: 71 arrays, 129.4 MB stored; 3.4 s; peak memory 3414 MiB.
2026-10-08T20:44:44Z INFO [532/1000] 131473f2-c188-4a9e-b631-ad5a7d128172: 112 arrays, 0.5 MB stored; 2.3 s; peak memory 3414 MiB.
2026-10-08T20:44:46Z INFO [533/1000] 13154155-a0c8-46b6-ac0b-bb5319b08293: 118 arrays, 0.2 MB stored; 1.9 s; peak memory 3414 MiB.
2026-10-08T20:44:48Z INFO [534/1000] 13156078-7839-4165-bee8-5c7456c96e0d: 110 arrays, 0.3 MB stored; 2.1 s; peak memory 3414 MiB.
2026-10-08T20:44:49Z INFO [535/1000] 131517ff-a86e-47f1-9c30-20dce2bb2b4f: 430 arrays, 17.7 MB stored; 6.2 s; peak memory 3415 MiB.
2026-10-08T20:44:51Z INFO [536/1000] 1315c6b3-b5aa-41c6-ab0b-1cf552ae7449: 66 arrays, 18.6 MB stored; 2.3 s; peak memory 3415 MiB.
2026-10-08T20:44:51Z INFO [537/1000] 1316509e-3c06-46f6-9749-410898ef3fca: 117 arrays, 0.3 MB stored; 1.9 s; peak memory 3415 MiB.
2026-10-08T20:44:53Z INFO [538/1000] 12db1ebb-80a8-4aac-bf5e-9f655fdf10f5: 394 arrays, 19746.8 MB stored; 173.9 s; peak memory 3416 MiB.
2026-10-08T20:44:53Z INFO [539/1000] 1317caab-c8e9-4280-b130-b531d020b56d: 66 arrays, 98.0 MB stored; 2.6 s; peak memory 3416 MiB.
2026-10-08T20:44:55Z INFO [540/1000] 13184245-6daa-4994-8908-8ed50e04f68d: 46 arrays, 0.2 MB stored; 1.6 s; peak memory 3416 MiB.
2026-10-08T20:44:55Z INFO [541/1000] 131858ee-3116-4922-baa5-61a721fb00e9: 48 arrays, 83.9 MB stored; 1.8 s; peak memory 3416 MiB.
2026-10-08T20:44:57Z INFO [542/1000] 13189e55-cc18-4655-b726-8829b0390d4f: 112 arrays, 0.6 MB stored; 2.5 s; peak memory 3416 MiB.
2026-10-08T20:44:58Z INFO [543/1000] 1312e72f-5b4f-40a2-9b68-b30441e6f5e2: 86 arrays, 924.0 MB stored; 23.3 s; peak memory 3416 MiB.
2026-10-08T20:44:59Z INFO [544/1000] 131a2b94-b89b-476d-8af6-ddb03fc0f3b3: 46 arrays, 0.1 MB stored; 1.4 s; peak memory 3416 MiB.
2026-10-08T20:44:59Z INFO [545/1000] 131a0d9b-b608-49ed-89e5-74096eb1974e: 123 arrays, 6.7 MB stored; 3.6 s; peak memory 3416 MiB.
2026-10-08T20:45:00Z INFO [546/1000] 131aa9a8-1a13-46ad-9960-be5eae7dec19: 48 arrays, 83.9 MB stored; 1.7 s; peak memory 3416 MiB.
2026-10-08T20:45:01Z INFO [547/1000] 131adb77-29bf-4002-8f5d-78224a4814c8: 117 arrays, 0.5 MB stored; 2.1 s; peak memory 3416 MiB.
2026-10-08T20:45:03Z INFO [548/1000] 131b8f99-bbf9-4701-af2c-ba9554e4a5bf: 39 arrays, 21.4 MB stored; 2.1 s; peak memory 3417 MiB.
2026-10-08T20:45:04Z INFO [549/1000] 131c9766-8389-4114-a42e-89e61b5a0090: 48 arrays, 83.9 MB stored; 1.7 s; peak memory 3417 MiB.
2026-10-08T20:45:07Z INFO [550/1000] 131ce17f-23f5-43a1-8dc1-7e06bbcdb412: 74 arrays, 2.6 MB stored; 2.4 s; peak memory 3417 MiB.
2026-10-08T20:45:08Z INFO [551/1000] 131a69cf-985d-4bfc-85dd-c00dce32ca68: 674 arrays, 21.8 MB stored; 10.0 s; peak memory 3418 MiB.
2026-10-08T20:45:09Z INFO [552/1000] 131e2fd2-98a3-4e37-b471-8710af2b9baa: 117 arrays, 0.3 MB stored; 1.9 s; peak memory 3418 MiB.
2026-10-08T20:45:11Z INFO [553/1000] 131e35b0-c1e1-4234-8571-998ada030e3f: 74 arrays, 42.3 MB stored; 2.6 s; peak memory 3418 MiB.
2026-10-08T20:45:11Z INFO [554/1000] 131e42b3-a6a7-4a8a-8b03-9e5a21589a0e: 118 arrays, 0.5 MB stored; 2.2 s; peak memory 3418 MiB.
2026-10-08T20:45:12Z INFO [555/1000] 131c2da1-9735-4947-88a5-27a58ee35f22: 11477 arrays, 136.5 MB stored; 11.3 s; peak memory 3431 MiB.
2026-10-08T20:45:13Z INFO [556/1000] 131ec1a3-f226-4f90-b4e4-1b96f7732b8e: 117 arrays, 0.2 MB stored; 2.0 s; peak memory 3432 MiB.
2026-10-08T20:45:13Z INFO [557/1000] 131edbae-4b55-4fa5-9cf9-199b5f8a7ec3: 112 arrays, 0.7 MB stored; 2.3 s; peak memory 3432 MiB.
2026-10-08T20:45:14Z INFO [558/1000] 131f0d96-0117-4461-afa9-2f9dcba7b7e4: 38 arrays, 0.5 MB stored; 1.6 s; peak memory 3432 MiB.
2026-10-08T20:45:15Z INFO [559/1000] 131f91a8-1c42-480d-9bed-651ff9a12352: 118 arrays, 0.4 MB stored; 2.1 s; peak memory 3432 MiB.
2026-10-08T20:45:17Z INFO [560/1000] 131faea4-8af6-45d8-9ea0-42422903bca8: 57 arrays, 621.9 MB stored; 3.2 s; peak memory 3432 MiB.
2026-10-08T20:45:17Z INFO [561/1000] 13208700-f2c0-4686-8f3d-abb7777845fb: 121 arrays, 0.2 MB stored; 1.8 s; peak memory 3432 MiB.
2026-10-08T20:45:19Z INFO [562/1000] 1321a25c-f2f1-4ccf-bbfc-633efa11b822: 48 arrays, 83.9 MB stored; 1.7 s; peak memory 3432 MiB.
2026-10-08T20:45:19Z INFO [563/1000] 1321368e-d989-4082-aa0a-8032243247fa: 69 arrays, 51.6 MB stored; 2.2 s; peak memory 3432 MiB.
2026-10-08T20:45:20Z INFO [564/1000] 131f4407-391a-4fe7-9d86-f9091cc97ffb: 229 arrays, 396.4 MB stored; 7.1 s; peak memory 3433 MiB.
2026-10-08T20:45:22Z INFO [565/1000] 1321c20e-db14-405f-9591-0583bbc92e39: 60 arrays, 13.7 MB stored; 2.9 s; peak memory 3433 MiB.
2026-10-08T20:45:22Z INFO [566/1000] 13226ca1-e33e-4fd7-a1e1-1bf68ec08834: 112 arrays, 0.7 MB stored; 2.0 s; peak memory 3433 MiB.
2026-10-08T20:45:24Z INFO [567/1000] 1322993b-e462-4bca-b16d-073d5eb283d0: 117 arrays, 0.5 MB stored; 2.0 s; peak memory 3433 MiB.
2026-10-08T20:45:24Z INFO [568/1000] 1322abbd-3959-4e0c-bc9c-5c926b1b2227: 68 arrays, 14.6 MB stored; 2.2 s; peak memory 3433 MiB.
2026-10-08T20:45:26Z INFO [569/1000] 132400ca-75e1-49d9-8a8c-06babcc33c88: 64 arrays, 5.1 MB stored; 2.2 s; peak memory 3433 MiB.
2026-10-08T20:45:26Z INFO [570/1000] 1323837a-48dc-41a5-a709-b918432bdf1e: 53 arrays, 9.4 MB stored; 2.6 s; peak memory 3433 MiB.
2026-10-08T20:45:28Z INFO [571/1000] 132514aa-4985-4dd6-90c8-ebc6bca608be: 46 arrays, 0.0 MB stored; 1.5 s; peak memory 3433 MiB.
2026-10-08T20:45:28Z INFO [572/1000] 1324c33c-1071-464e-924a-6d6901158e13: 48 arrays, 83.9 MB stored; 1.9 s; peak memory 3433 MiB.
2026-10-08T20:45:36Z INFO [573/1000] 1325eccd-581a-4681-ada6-222a26eb910e: 554 arrays, 8.4 MB stored; 7.7 s; peak memory 3434 MiB.
2026-10-08T20:45:38Z INFO [574/1000] 132563f6-024a-4603-9573-3bafc48ab203: 200 arrays, 460.9 MB stored; 9.9 s; peak memory 3434 MiB.
2026-10-08T20:45:40Z INFO [575/1000] 1326c221-4330-404d-8175-a7bb5b05defe: 118 arrays, 0.3 MB stored; 1.9 s; peak memory 3435 MiB.
2026-10-08T20:45:41Z INFO [576/1000] 132711e3-67df-4a79-a02f-b2def8846244: 48 arrays, 83.9 MB stored; 2.0 s; peak memory 3435 MiB.
2026-10-08T20:45:43Z INFO [577/1000] 13261e4d-506a-4edd-a251-5a920c018d89: 53 arrays, 328.9 MB stored; 7.0 s; peak memory 3435 MiB.
2026-10-08T20:45:43Z INFO [578/1000] 13276baa-eaff-4a23-af54-e1e8e323a7ee: 48 arrays, 83.9 MB stored; 1.9 s; peak memory 3435 MiB.
2026-10-08T20:45:45Z INFO [579/1000] 1328131b-862a-464d-99ad-5631a157c736: 48 arrays, 83.9 MB stored; 1.9 s; peak memory 3435 MiB.
2026-10-08T20:45:47Z INFO [580/1000] 13284e24-a16c-43be-a32e-e1f358afa0dc: 48 arrays, 83.9 MB stored; 1.7 s; peak memory 3435 MiB.
2026-10-08T20:45:49Z INFO [581/1000] 1328b840-95a2-4ae3-9d0c-698cdf3f6823: 48 arrays, 83.9 MB stored; 1.9 s; peak memory 3435 MiB.
2026-10-08T20:45:52Z INFO [582/1000] 1328ea3b-7a6a-4a9b-b9d9-e08f481e8a3d: 71 arrays, 70.6 MB stored; 3.4 s; peak memory 3435 MiB.
2026-10-08T20:45:54Z INFO [583/1000] 1329e2ad-7e38-4ed1-b182-c26daf30cef8: 114 arrays, 0.1 MB stored; 1.6 s; peak memory 3436 MiB.
2026-10-08T20:45:55Z INFO [584/1000] 1327dc7b-5cf6-4c11-a786-152653577499: 787 arrays, 19.6 MB stored; 12.3 s; peak memory 3436 MiB.
2026-10-08T20:45:57Z INFO [585/1000] 132a2f50-78bd-4f02-891c-2c0917b45601: 119 arrays, 66.4 MB stored; 3.2 s; peak memory 3436 MiB.
2026-10-08T20:45:57Z INFO [586/1000] 132ae187-989d-456c-a3ab-b49b992e3f2d: 112 arrays, 0.5 MB stored; 2.2 s; peak memory 3437 MiB.
2026-10-08T20:45:59Z INFO [587/1000] 132bb31e-b48f-46c9-8e0f-296a019094b0: 33 arrays, 0.0 MB stored; 1.4 s; peak memory 3437 MiB.
2026-10-08T20:46:01Z INFO [588/1000] 132b3906-7926-4fe2-9f14-8014f440eb35: 138 arrays, 4.8 MB stored; 3.8 s; peak memory 3437 MiB.
2026-10-08T20:46:01Z INFO [589/1000] 132bc948-7522-4c6e-b24b-fd650d32072e: 112 arrays, 0.5 MB stored; 2.2 s; peak memory 3437 MiB.
2026-10-08T20:46:03Z INFO [590/1000] 132c1d1e-5fbd-4479-b6ba-574a2a5d2256: 48 arrays, 83.9 MB stored; 1.9 s; peak memory 3437 MiB.
2026-10-08T20:46:03Z INFO [591/1000] 132c073f-d99a-4639-82c7-b05cf45f28c9: 112 arrays, 0.6 MB stored; 2.3 s; peak memory 3437 MiB.
2026-10-08T20:46:05Z INFO [592/1000] 132c7cdf-4917-4c6c-9902-06d54edd9afe: 48 arrays, 83.9 MB stored; 1.8 s; peak memory 3437 MiB.
2026-10-08T20:46:07Z INFO [593/1000] 132cd478-2171-4389-a438-f12e5727868d: 116 arrays, 187.1 MB stored; 4.2 s; peak memory 3438 MiB.
2026-10-08T20:46:09Z INFO [594/1000] 132d158d-0b25-437b-a863-46fc3e83faf4: 38 arrays, 0.5 MB stored; 1.6 s; peak memory 3438 MiB.
2026-10-08T20:46:09Z INFO [595/1000] 132d0596-b114-4b6e-a74e-1c83dd74a01c: 156 arrays, 193.4 MB stored; 4.5 s; peak memory 3438 MiB.
2026-10-08T20:46:11Z INFO [596/1000] 132d25e9-29d0-421a-af3f-ba4677612e79: 112 arrays, 0.5 MB stored; 2.2 s; peak memory 3438 MiB.
2026-10-08T20:46:13Z INFO [597/1000] 132d8a62-8b59-448e-9406-74b0ba6f7f11: 116 arrays, 0.5 MB stored; 2.2 s; peak memory 3438 MiB.
2026-10-08T20:46:20Z INFO [598/1000] 132d98c8-58ad-4438-b6e8-69f8fe9bfd77: 688 arrays, 8.0 MB stored; 7.1 s; peak memory 3439 MiB.
2026-10-08T20:46:23Z INFO [599/1000] 132e1247-b5ca-40bc-b449-68f6253ddbb5: 75 arrays, 3.0 MB stored; 2.3 s; peak memory 3439 MiB.
2026-10-08T20:46:25Z INFO [600/1000] 132e56fe-426b-41a6-b8d2-94963baca254: 48 arrays, 83.9 MB stored; 1.8 s; peak memory 3439 MiB.
2026-10-08T20:46:31Z INFO [600/1000] 132e56fe-426b-41a6-b8d2-94963baca254: checkpointed 12800 new records.
2026-10-08T20:46:31Z INFO [601/1000] 132ed6e0-ae79-41c3-84f1-ce2e8eaa73e2: 48 arrays, 83.9 MB stored; 2.0 s; peak memory 3448 MiB.
2026-10-08T20:46:31Z INFO [602/1000] 132f3cdd-973c-4b07-a7e6-8de1c971b3f1: 117 arrays, 0.2 MB stored; 2.0 s; peak memory 3448 MiB.
2026-10-08T20:46:31Z INFO [603/1000] 132f5059-9a06-42ee-becf-f2e29023966a: 52 arrays, 10.5 MB stored; 1.9 s; peak memory 3448 MiB.
2026-10-08T20:46:32Z INFO [604/1000] 132fa71f-6171-4d2f-965d-25a826581910: 48 arrays, 83.9 MB stored; 1.7 s; peak memory 3448 MiB.
2026-10-08T20:46:43Z INFO [605/1000] 132ff72a-6593-4422-bb74-3e2acae44777: 1053 arrays, 22.7 MB stored; 11.3 s; peak memory 3448 MiB.
2026-10-08T20:46:45Z INFO [606/1000] 1330d6f9-2be3-4af1-942c-57c301cbb318: 48 arrays, 83.9 MB stored; 1.8 s; peak memory 3448 MiB.
2026-10-08T20:46:47Z INFO [607/1000] 1331ddc4-d12f-4482-bed2-b9d0246c39e2: 118 arrays, 0.3 MB stored; 2.1 s; peak memory 3448 MiB.
2026-10-08T20:46:49Z INFO [608/1000] 13321900-e432-40b8-bb4c-70565c607693: 48 arrays, 83.9 MB stored; 1.7 s; peak memory 3448 MiB.
2026-10-08T20:46:51Z INFO [609/1000] 13327c56-d6dd-4615-acda-f20ba4da2899: 116 arrays, 0.4 MB stored; 2.0 s; peak memory 3448 MiB.
2026-10-08T20:46:59Z INFO [610/1000] 133287e3-7b41-4819-960f-9c0599850b2d: 193 arrays, 746.0 MB stored; 8.3 s; peak memory 3448 MiB.
2026-10-08T20:47:01Z INFO [611/1000] 1332c4b2-2907-4595-a433-7cb1e2f07d54: 48 arrays, 83.9 MB stored; 1.7 s; peak memory 3448 MiB.
2026-10-08T20:47:13Z INFO [612/1000] 13332673-e223-4ff7-8dc2-d10acc8ae25e: 1210 arrays, 26.1 MB stored; 12.1 s; peak memory 3448 MiB.
2026-10-08T20:47:21Z INFO [613/1000] 133377b5-82c1-468f-a617-a9f59598720a: 538 arrays, 8.3 MB stored; 8.4 s; peak memory 3448 MiB.
2026-10-08T20:47:23Z INFO [614/1000] 1333d056-141b-4ed7-9c17-865c4d980df6: 46 arrays, 12.6 MB stored; 1.8 s; peak memory 3448 MiB.
2026-10-08T20:47:31Z INFO [615/1000] 13347044-a1de-40f4-bf60-b64a32c483d6: 229 arrays, 502.9 MB stored; 7.9 s; peak memory 3448 MiB.
2026-10-08T20:47:33Z INFO [616/1000] 13347a44-d8fb-4925-885e-f378f4998093: 56 arrays, 0.0 MB stored; 1.5 s; peak memory 3448 MiB.
2026-10-08T20:47:34Z INFO [617/1000] 130b42e2-0d99-45d0-b9e1-7d277b2a1cb2: 241 arrays, 23241.8 MB stored; 203.3 s; peak memory 3448 MiB.
2026-10-08T20:47:34Z INFO [618/1000] 13350433-6224-4f23-9214-b8e640a09eeb: 42 arrays, 48.5 MB stored; 1.8 s; peak memory 3448 MiB.
2026-10-08T20:47:35Z INFO [619/1000] 1311b285-efa3-454e-8c22-d02c50b02ffe: 167 arrays, 21181.6 MB stored; 187.9 s; peak memory 3448 MiB.
2026-10-08T20:47:35Z INFO [620/1000] 13352c56-0fb7-457b-b7e5-03008fc5acb8: 46 arrays, 0.3 MB stored; 1.6 s; peak memory 3448 MiB.
2026-10-08T20:47:36Z INFO [621/1000] 13355de8-702f-4465-a604-ee53c7e6bcd7: 117 arrays, 0.3 MB stored; 2.0 s; peak memory 3448 MiB.
2026-10-08T20:47:38Z INFO [622/1000] 1335b49b-c8a4-4422-bc57-5500bc69530d: 48 arrays, 83.9 MB stored; 2.3 s; peak memory 3448 MiB.
2026-10-08T20:47:38Z INFO [623/1000] 133693ad-2fcd-4d6f-adea-766bdf62e9cd: 48 arrays, 83.9 MB stored; 1.8 s; peak memory 3448 MiB.
2026-10-08T20:47:40Z INFO [624/1000] 1336aeca-06c4-4e5d-bea2-94de67909469: 84 arrays, 0.3 MB stored; 2.0 s; peak memory 3448 MiB.
2026-10-08T20:47:40Z INFO [625/1000] 1336d605-a605-4cc3-922d-6a3161c733cd: 112 arrays, 0.5 MB stored; 2.2 s; peak memory 3448 MiB.
2026-10-08T20:47:49Z INFO [626/1000] 1336e85a-664f-4bd1-b862-88bb403a79a5: 474 arrays, 30.9 MB stored; 9.8 s; peak memory 3448 MiB.
2026-10-08T20:47:51Z INFO [627/1000] 1337811b-ff4e-4a65-9de2-4f35cf167fec: 78 arrays, 0.1 MB stored; 2.0 s; peak memory 3448 MiB.
2026-10-08T20:47:52Z INFO [628/1000] 13372674-ebe0-472e-b042-41cfbff806ae: 242 arrays, 1005.6 MB stored; 11.7 s; peak memory 3448 MiB.
2026-10-08T20:47:53Z INFO [629/1000] 13385389-b11b-4048-8760-47f136a05959: 74 arrays, 2.9 MB stored; 2.1 s; peak memory 3448 MiB.
2026-10-08T20:47:56Z INFO [630/1000] 1339c06e-ba2f-4633-8b31-4447dc0d4d6a: 66 arrays, 96.7 MB stored; 2.4 s; peak memory 3448 MiB.
2026-10-08T20:47:56Z INFO [631/1000] 1321d775-9b23-47c3-ac26-dc196d01d887: 394 arrays, 31575.8 MB stored; 156.9 s; peak memory 3448 MiB.
2026-10-08T20:47:56Z INFO [632/1000] 13358e63-ce3b-46aa-b556-d94c3a6430cc: 44 arrays, 296.7 MB stored; 21.3 s; peak memory 3448 MiB.
2026-10-08T20:47:58Z INFO [633/1000] 133b2e8e-dc3d-427b-89c6-a60510a60577: 48 arrays, 83.9 MB stored; 1.8 s; peak memory 3448 MiB.
2026-10-08T20:47:58Z INFO [634/1000] 133bb9fc-e3c8-4f09-9e8a-d318f27faee5: 48 arrays, 83.9 MB stored; 2.0 s; peak memory 3448 MiB.
2026-10-08T20:47:59Z INFO [635/1000] 1339d433-6452-4d26-a39e-4df6f2f7ff6a: 112 arrays, 1.3 MB stored; 2.7 s; peak memory 3448 MiB.
2026-10-08T20:48:00Z INFO [636/1000] 1338a2a2-738a-4650-86e8-7c3a7c4bbf59: 501 arrays, 6.2 MB stored; 7.4 s; peak memory 3449 MiB.
2026-10-08T20:48:00Z INFO [637/1000] 133be2e7-4109-4abf-8cd1-a1f838c13a7f: 66 arrays, 14.7 MB stored; 2.4 s; peak memory 3449 MiB.
2026-10-08T20:48:01Z INFO [638/1000] 133c2510-311f-4ca8-a69e-a9d416ed9e2a: 116 arrays, 0.4 MB stored; 2.0 s; peak memory 3449 MiB.
2026-10-08T20:48:01Z INFO [639/1000] 133c1411-c600-4e55-8593-82db6f31723c: 74 arrays, 2.9 MB stored; 2.5 s; peak memory 3449 MiB.
2026-10-08T20:48:02Z INFO [640/1000] 133c5325-1462-4240-9039-9c3d9dcd72e8: 48 arrays, 83.9 MB stored; 1.9 s; peak memory 3449 MiB.
2026-10-08T20:48:02Z INFO [641/1000] 1318124b-84e4-4b0c-be3b-abbad4480601: 167 arrays, 21174.3 MB stored; 191.0 s; peak memory 3449 MiB.
2026-10-08T20:48:02Z INFO [642/1000] 133d20da-8438-42f2-8bfd-37df11912a0e: 48 arrays, 83.9 MB stored; 1.8 s; peak memory 3449 MiB.
2026-10-08T20:48:03Z INFO [643/1000] 133d7083-7a89-4e2c-bc4e-4c4b6c772a1e: 48 arrays, 83.9 MB stored; 1.8 s; peak memory 3449 MiB.
2026-10-08T20:48:04Z INFO [644/1000] 133ca552-47dc-4026-88f9-5f45dbb6eb31: 168 arrays, 3.2 MB stored; 3.4 s; peak memory 3449 MiB.
2026-10-08T20:48:04Z INFO [645/1000] 133d92a8-50b6-4d38-9446-ee1d1fd3de58: 46 arrays, 0.1 MB stored; 1.5 s; peak memory 3449 MiB.
2026-10-08T20:48:05Z INFO [646/1000] 133d789c-97fc-4040-b65d-fb335713981e: 70 arrays, 47.0 MB stored; 2.7 s; peak memory 3449 MiB.
2026-10-08T20:48:05Z INFO [647/1000] 133e077f-8ffe-4461-9f90-798eed447623: 48 arrays, 83.9 MB stored; 1.8 s; peak memory 3449 MiB.
2026-10-08T20:48:05Z INFO [648/1000] 133e1d65-eab6-414d-af9c-e70c2b4c942b: 37 arrays, 0.0 MB stored; 1.6 s; peak memory 3449 MiB.
2026-10-08T20:48:06Z INFO [649/1000] 133e6384-ec85-4826-945e-4ce42a36be4f: 72 arrays, 1.8 MB stored; 2.4 s; peak memory 3449 MiB.
2026-10-08T20:48:06Z INFO [650/1000] 133f9ac8-23f5-4070-bf82-5a4d94b2d331: 45 arrays, 0.0 MB stored; 1.5 s; peak memory 3449 MiB.
2026-10-08T20:48:07Z INFO [651/1000] 133f9b90-1e61-43eb-bb40-ca40bf9656ef: 72 arrays, 0.1 MB stored; 2.1 s; peak memory 3450 MiB.
2026-10-08T20:48:07Z INFO [652/1000] 133fb86c-53a9-46e6-9947-816b7083860e: 112 arrays, 0.5 MB stored; 2.3 s; peak memory 3450 MiB.
2026-10-08T20:48:08Z INFO [653/1000] 133fedf3-469a-4d4f-a579-8c1f0eb48d88: 70 arrays, 0.7 MB stored; 1.7 s; peak memory 3450 MiB.
2026-10-08T20:48:08Z INFO [654/1000] 13404d06-c320-4b9c-ac35-75a43549193f: 48 arrays, 83.9 MB stored; 1.9 s; peak memory 3450 MiB.
2026-10-08T20:48:09Z INFO [655/1000] 1340de89-59ad-43ff-9c7a-29e188046316: 48 arrays, 83.9 MB stored; 1.9 s; peak memory 3450 MiB.
2026-10-08T20:48:09Z INFO [656/1000] 13410be2-6e04-4273-a1d7-4eca5ecae186: 48 arrays, 83.9 MB stored; 1.9 s; peak memory 3450 MiB.
2026-10-08T20:48:10Z INFO [657/1000] 13419004-970b-4db7-b668-fe9af9347b99: 110 arrays, 0.5 MB stored; 2.4 s; peak memory 3450 MiB.
2026-10-08T20:48:11Z INFO [658/1000] 134222dc-5f83-424c-8b18-ee29552bb29e: 48 arrays, 83.9 MB stored; 1.7 s; peak memory 3450 MiB.
2026-10-08T20:48:11Z INFO [659/1000] 1341f32e-5346-4652-87d0-ea9d3a860118: 117 arrays, 0.3 MB stored; 2.0 s; peak memory 3450 MiB.
2026-10-08T20:48:12Z INFO [660/1000] 1341ee69-285a-43c5-9cd1-c1c5b6b25de6: 156 arrays, 193.4 MB stored; 4.1 s; peak memory 3450 MiB.
2026-10-08T20:48:13Z INFO [661/1000] 1342b967-0dd5-4021-8824-ca717e8f715a: 78 arrays, 468.1 MB stored; 2.8 s; peak memory 3451 MiB.
2026-10-08T20:48:13Z INFO [662/1000] 1342c5e7-8ac8-40d0-9bb0-78b7e6a8f2e1: 48 arrays, 83.9 MB stored; 1.9 s; peak memory 3451 MiB.
2026-10-08T20:48:14Z INFO [663/1000] 1343af82-9920-4df9-99df-46057e71fd85: 71 arrays, 37.1 MB stored; 2.9 s; peak memory 3451 MiB.
2026-10-08T20:48:16Z INFO [664/1000] 13446798-634d-42ad-8dfe-dd10227711db: 112 arrays, 0.9 MB stored; 2.5 s; peak memory 3451 MiB.
2026-10-08T20:48:16Z INFO [665/1000] 1345aa6f-5bbb-41c0-89b0-886f1026f942: 48 arrays, 83.9 MB stored; 1.8 s; peak memory 3451 MiB.
2026-10-08T20:48:17Z INFO [666/1000] 1344e805-b9df-4845-b34f-bc73827144c6: 156 arrays, 193.4 MB stored; 4.2 s; peak memory 3451 MiB.
2026-10-08T20:48:17Z INFO [667/1000] 1347f5a0-10bd-404e-8124-1a83809ca62e: 35 arrays, 0.0 MB stored; 1.5 s; peak memory 3451 MiB.
2026-10-08T20:48:18Z INFO [668/1000] 1346fc67-5609-4f0a-aab8-c38d2374e563: 112 arrays, 0.4 MB stored; 2.1 s; peak memory 3451 MiB.
2026-10-08T20:48:21Z INFO [669/1000] 13440302-5655-4044-a60e-b638a2c42f0e: 1007 arrays, 11.1 MB stored; 8.5 s; peak memory 3452 MiB.
2026-10-08T20:48:21Z INFO [670/1000] 13489159-0362-40fd-9946-608385885878: 88 arrays, 14557.2 MB stored; 3.9 s; peak memory 3453 MiB.
2026-10-08T20:48:21Z INFO [671/1000] 1348aad8-5e4a-4205-9e9d-e9490b40af4b: 38 arrays, 57.0 MB stored; 4.0 s; peak memory 3453 MiB.
2026-10-08T20:48:22Z INFO [672/1000] 1348d149-d519-4d66-afcd-666597d7046f: 114 arrays, 186.8 MB stored; 3.9 s; peak memory 3453 MiB.
2026-10-08T20:48:23Z INFO [673/1000] 134914f1-2040-43e0-909c-7461992d8a4a: 116 arrays, 9.7 MB stored; 2.1 s; peak memory 3453 MiB.
2026-10-08T20:48:24Z INFO [674/1000] 13497038-5c9e-4ffd-b571-73c50720c8ad: 48 arrays, 83.9 MB stored; 2.0 s; peak memory 3453 MiB.
2026-10-08T20:48:26Z INFO [675/1000] 1349577e-a787-490c-abdf-b93d1699da73: 156 arrays, 193.5 MB stored; 4.3 s; peak memory 3453 MiB.
2026-10-08T20:48:26Z INFO [676/1000] 134a1df7-173f-466b-b9b4-8508a2c91cf7: 71 arrays, 4.1 MB stored; 2.7 s; peak memory 3453 MiB.
2026-10-08T20:48:27Z INFO [677/1000] 134a1706-dace-4558-a715-9a58be65c6ac: 115 arrays, 190.2 MB stored; 3.7 s; peak memory 3453 MiB.
2026-10-08T20:48:29Z INFO [678/1000] 134bda01-6404-4110-83a2-d5cd444aa125: 112 arrays, 0.4 MB stored; 2.1 s; peak memory 3453 MiB.
2026-10-08T20:48:30Z INFO [679/1000] 134ab3b6-582b-4893-9a47-49fa85411748: 115 arrays, 190.2 MB stored; 3.8 s; peak memory 3454 MiB.
2026-10-08T20:48:30Z INFO [680/1000] 134b0b0c-3636-4aed-963e-e76d80bc4fd7: 115 arrays, 190.1 MB stored; 4.1 s; peak memory 3454 MiB.
2026-10-08T20:48:31Z INFO [681/1000] 134bda46-6495-4488-9465-734e55d44598: 117 arrays, 0.2 MB stored; 1.8 s; peak memory 3454 MiB.
2026-10-08T20:48:31Z INFO [682/1000] 134c7454-ce23-47dd-ab62-7353ddc8643d: 48 arrays, 83.9 MB stored; 1.7 s; peak memory 3454 MiB.
2026-10-08T20:48:32Z INFO [683/1000] 134c7a08-2dd3-4f3f-8cc1-fa6b661c693d: 48 arrays, 83.9 MB stored; 1.8 s; peak memory 3454 MiB.
2026-10-08T20:48:32Z INFO [684/1000] 132d3971-d875-4643-a319-2fce1c7097ff: 5606 arrays, 1219.1 MB stored; 143.3 s; peak memory 3461 MiB.
2026-10-08T20:48:34Z INFO [685/1000] 134d680b-7e70-49aa-ae10-31e92c6069f2: 48 arrays, 83.9 MB stored; 1.8 s; peak memory 3461 MiB.
2026-10-08T20:48:35Z INFO [686/1000] 134db831-b647-4847-bbe3-4687dfa0687b: 117 arrays, 0.5 MB stored; 2.0 s; peak memory 3461 MiB.
2026-10-08T20:48:36Z INFO [687/1000] 134f1caa-bdb4-4918-9132-2a94e947f90e: 64 arrays, 0.0 MB stored; 1.9 s; peak memory 3461 MiB.
2026-10-08T20:48:37Z INFO [688/1000] 134ca0a3-592f-48bf-82da-3f7b1d72f8ae: 213 arrays, 27.8 MB stored; 6.6 s; peak memory 3461 MiB.
2026-10-08T20:48:38Z INFO [689/1000] 134fc9e1-5ec1-46b1-8778-033b0330bde2: 48 arrays, 83.9 MB stored; 1.8 s; peak memory 3462 MiB.
2026-10-08T20:48:41Z INFO [690/1000] 13490d95-7eb3-4aca-af6f-9e75fd300a64: 1452 arrays, 43.0 MB stored; 20.0 s; peak memory 3463 MiB.
2026-10-08T20:48:41Z INFO [691/1000] 134cec99-4b00-4c18-8f32-4f6ab9475a80: 1020 arrays, 26.4 MB stored; 9.7 s; peak memory 3464 MiB.
2026-10-08T20:48:43Z INFO [692/1000] 135081aa-c435-4f03-819d-6ceec138c35f: 78 arrays, 0.1 MB stored; 1.9 s; peak memory 3464 MiB.
2026-10-08T20:48:45Z INFO [693/1000] 1350a827-f6c3-4c0a-9e5f-1b8e7ca01110: 45 arrays, 11.0 MB stored; 2.1 s; peak memory 3464 MiB.
2026-10-08T20:48:46Z INFO [694/1000] 13502a10-8110-4a2e-8cf7-bd6f98056f97: 231 arrays, 77.8 MB stored; 7.5 s; peak memory 3465 MiB.
2026-10-08T20:48:46Z INFO [695/1000] 1350a1cb-2153-4e49-89a4-178683454e6b: 156 arrays, 193.5 MB stored; 4.9 s; peak memory 3465 MiB.
2026-10-08T20:48:48Z INFO [696/1000] 135190e5-0956-44bb-9105-6a8e3a64dd9e: 113 arrays, 0.6 MB stored; 2.4 s; peak memory 3465 MiB.
2026-10-08T20:49:03Z INFO [697/1000] 1350bdbb-8288-497b-b244-fc368c60130b: 713 arrays, 31.2 MB stored; 18.2 s; peak memory 3466 MiB.
2026-10-08T20:49:10Z INFO [698/1000] 13521e18-20cc-4e3c-97e0-9747eefa4438: 529 arrays, 5.7 MB stored; 6.7 s; peak memory 3467 MiB.
2026-10-08T20:49:24Z INFO [699/1000] 1351c247-97e6-47ad-92cc-36fc0e93e08d: 48 arrays, 40343.0 MB stored; 35.9 s; peak memory 3467 MiB.
2026-10-08T20:49:26Z INFO [700/1000] 13537a30-43d6-415f-b485-9b550cd3bf0f: 117 arrays, 0.2 MB stored; 2.1 s; peak memory 3467 MiB.
2026-10-08T20:49:29Z INFO [701/1000] 13548573-6b53-4d0a-bfa8-28f6dabe10da: 110 arrays, 0.8 MB stored; 2.4 s; peak memory 3468 MiB.
2026-10-08T20:49:41Z INFO [702/1000] 1354a6e7-c14a-45f2-9524-e91f887958a5: 708 arrays, 21.5 MB stored; 12.3 s; peak memory 3469 MiB.
2026-10-08T20:49:44Z INFO [703/1000] 1354e02c-4800-497b-a818-2d1874ff67de: 69 arrays, 78.7 MB stored; 2.6 s; peak memory 3469 MiB.
2026-10-08T20:49:45Z INFO [704/1000] 134ffa36-b21d-45ba-9193-a3fea7932bac: 2098 arrays, 5099.3 MB stored; 67.9 s; peak memory 3471 MiB.
2026-10-08T20:49:46Z INFO [705/1000] 13552f75-57e8-4eb9-a11b-a64c8e47e71f: 117 arrays, 0.4 MB stored; 2.2 s; peak memory 3471 MiB.
2026-10-08T20:49:47Z INFO [706/1000] 13557aa6-67d0-4c0f-b426-d1e691510f2b: 48 arrays, 83.9 MB stored; 1.8 s; peak memory 3471 MiB.
2026-10-08T20:49:50Z INFO [707/1000] 13566458-8c3a-412b-a510-e5f0738b30a5: 153 arrays, 0.5 MB stored; 2.4 s; peak memory 3471 MiB.
2026-10-08T20:49:51Z INFO [708/1000] 1357a3b1-ad3f-424d-ba68-1fbc41ab731e: 118 arrays, 0.2 MB stored; 1.9 s; peak memory 3471 MiB.
2026-10-08T20:49:54Z INFO [709/1000] 1357e00c-e599-43a9-8717-280dc0e69d42: 117 arrays, 0.4 MB stored; 2.1 s; peak memory 3471 MiB.
2026-10-08T20:50:00Z INFO [710/1000] 13580b84-482a-4dd7-aae9-39e351cc5da6: 606 arrays, 6.3 MB stored; 6.1 s; peak memory 3472 MiB.
2026-10-08T20:50:00Z INFO [711/1000] 13558250-827d-476e-91a0-5e785e4c4a91: 1284 arrays, 23.4 MB stored; 14.3 s; peak memory 3474 MiB.
2026-10-08T20:50:02Z INFO [712/1000] 13592204-e51a-4574-b4e2-ca5eb6b1f04e: 93 arrays, 0.0 MB stored; 1.9 s; peak memory 3474 MiB.
2026-10-08T20:50:02Z INFO [713/1000] 13597728-96b8-4162-adc6-cb4d96757c48: 118 arrays, 0.4 MB stored; 2.2 s; peak memory 3474 MiB.
2026-10-08T20:50:04Z INFO [714/1000] 1359dbba-3c27-4a16-be24-dd268740c3aa: 110 arrays, 1.0 MB stored; 2.6 s; peak memory 3474 MiB.
2026-10-08T20:50:05Z INFO [715/1000] 135a25e1-c660-4de9-8b50-d00534c17b22: 112 arrays, 0.7 MB stored; 2.6 s; peak memory 3474 MiB.
2026-10-08T20:50:11Z INFO [716/1000] 13536168-0fc7-4531-b2b2-f338dbb90989: 55 arrays, 1873.3 MB stored; 61.6 s; peak memory 3475 MiB.
2026-10-08T20:50:17Z INFO [717/1000] 135ac248-8271-48dc-a17d-da3f91fb5a4e: 679 arrays, 26.1 MB stored; 12.6 s; peak memory 3475 MiB.
2026-10-08T20:50:19Z INFO [718/1000] 135b433a-072f-4cfc-8f8e-926140066453: 62 arrays, 0.8 MB stored; 1.9 s; peak memory 3475 MiB.
2026-10-08T20:50:19Z INFO [719/1000] 135b31cf-78a0-4252-8650-47d1a758246b: 538 arrays, 7.7 MB stored; 7.8 s; peak memory 3476 MiB.
2026-10-08T20:50:21Z INFO [720/1000] 135cf0fe-f67b-48a6-a341-6f8730976e0d: 41 arrays, 8.4 MB stored; 1.6 s; peak memory 3476 MiB.
2026-10-08T20:50:22Z INFO [721/1000] 135b6437-eb92-42be-a627-f8bbb53db8a4: 115 arrays, 190.1 MB stored; 3.7 s; peak memory 3476 MiB.
2026-10-08T20:50:23Z INFO [722/1000] 135d43ca-abad-472a-8383-e5eea9d73a6d: 110 arrays, 0.6 MB stored; 2.4 s; peak memory 3476 MiB.
2026-10-08T20:50:24Z INFO [723/1000] 135d873f-bd14-488e-ad6c-5e767947df6c: 46 arrays, 0.0 MB stored; 1.4 s; peak memory 3476 MiB.
2026-10-08T20:50:25Z INFO [724/1000] 135e8a53-9053-47ec-b879-88e98b5af2db: 110 arrays, 0.3 MB stored; 2.0 s; peak memory 3477 MiB.
2026-10-08T20:50:27Z INFO [725/1000] 135f235e-3426-487b-96ed-3147cbc67ae3: 84 arrays, 0.2 MB stored; 1.9 s; peak memory 3477 MiB.
2026-10-08T20:50:29Z INFO [726/1000] 135f7bf0-4b9f-45de-874a-172056846045: 52 arrays, 14.0 MB stored; 1.8 s; peak memory 3477 MiB.
2026-10-08T20:50:30Z INFO [727/1000] 135affe9-4c1f-4c72-af0b-921117f139b0: 882 arrays, 22.0 MB stored; 24.8 s; peak memory 3478 MiB.
2026-10-08T20:50:31Z INFO [728/1000] 135f9756-c6bb-47d7-bc90-b09781dea543: 48 arrays, 83.9 MB stored; 1.8 s; peak memory 3478 MiB.
2026-10-08T20:50:32Z INFO [729/1000] 135fb9c6-093c-4427-9cd3-41bb12bc2dec: 116 arrays, 0.4 MB stored; 2.1 s; peak memory 3478 MiB.
2026-10-08T20:50:33Z INFO [730/1000] 135ea621-5f44-4b42-8e73-521081d01843: 56 arrays, 104.6 MB stored; 9.7 s; peak memory 3478 MiB.
2026-10-08T20:50:34Z INFO [731/1000] 13612bf9-fbb3-4032-8b20-b97d98e78c69: 112 arrays, 0.6 MB stored; 2.3 s; peak memory 3478 MiB.
2026-10-08T20:50:36Z INFO [732/1000] 13616f02-4361-478e-86d5-b56dd1b8b2b9: 116 arrays, 0.5 MB stored; 2.1 s; peak memory 3479 MiB.
2026-10-08T20:50:37Z INFO [733/1000] 13613e74-e5f5-4c53-a6f8-b1c010e63ecb: 117 arrays, 24.0 MB stored; 3.4 s; peak memory 3479 MiB.
2026-10-08T20:50:40Z INFO [734/1000] 13617848-c39b-420b-844b-5b01f89f276c: 115 arrays, 190.1 MB stored; 3.6 s; peak memory 3479 MiB.
2026-10-08T20:50:42Z INFO [735/1000] 13626ca0-4141-4b86-b4b3-83e24fadc75e: 118 arrays, 0.3 MB stored; 1.9 s; peak memory 3479 MiB.
2026-10-08T20:50:43Z INFO [736/1000] 1362946e-9065-4064-ae94-bb061cfb848d: 55 arrays, 0.0 MB stored; 1.5 s; peak memory 3479 MiB.
2026-10-08T20:50:44Z INFO [737/1000] 13601baf-008e-45bf-ad68-94e33376ecb7: 992 arrays, 39.5 MB stored; 13.7 s; peak memory 3480 MiB.
2026-10-08T20:50:46Z INFO [738/1000] 13633f74-1437-4675-b0c6-1aab9055179a: 233 arrays, 17.1 MB stored; 2.5 s; peak memory 3480 MiB.
2026-10-08T20:50:46Z INFO [739/1000] 13634d0c-86a6-47f0-8fbd-33590f38afdc: 118 arrays, 0.3 MB stored; 2.1 s; peak memory 3480 MiB.
2026-10-08T20:50:48Z INFO [740/1000] 13646c31-dd74-4767-b67b-d5d92d236eea: 48 arrays, 83.9 MB stored; 1.9 s; peak memory 3481 MiB.
2026-10-08T20:50:48Z INFO [741/1000] 1364a858-40d0-428d-827d-449e117692c9: 48 arrays, 83.9 MB stored; 1.8 s; peak memory 3481 MiB.
2026-10-08T20:50:50Z INFO [742/1000] 1364e21e-bb47-405b-a1a1-e7f376ff9001: 45 arrays, 655.3 MB stored; 2.6 s; peak memory 3481 MiB.
2026-10-08T20:50:51Z INFO [743/1000] 1364fcf5-c8ad-4720-a4f8-ec942f57c236: 76 arrays, 93.2 MB stored; 2.6 s; peak memory 3481 MiB.
2026-10-08T20:50:52Z INFO [744/1000] 1365cad7-90fd-4143-bf0b-5d787e532604: 62 arrays, 0.8 MB stored; 1.7 s; peak memory 3481 MiB.
2026-10-08T20:50:57Z INFO [745/1000] 1365ddf9-b66d-4b9e-874f-971127c08d77: 184 arrays, 217.6 MB stored; 5.3 s; peak memory 3481 MiB.
2026-10-08T20:50:59Z INFO [746/1000] 13665327-1786-4ebd-88bc-e8513533550d: 48 arrays, 83.9 MB stored; 2.0 s; peak memory 3481 MiB.
2026-10-08T20:51:06Z INFO [747/1000] 1365d89e-ab13-4abc-a787-e4781aa7de7e: 5825 arrays, 22.0 MB stored; 15.3 s; peak memory 3488 MiB.
2026-10-08T20:51:09Z INFO [748/1000] 13667800-80cf-4fea-8dff-e8674ea4c38c: 1000 arrays, 21.3 MB stored; 9.9 s; peak memory 3489 MiB.
2026-10-08T20:51:11Z INFO [749/1000] 1367c923-44f5-4745-9bc6-be8aa5d69bf1: 48 arrays, 83.9 MB stored; 1.8 s; peak memory 3489 MiB.
2026-10-08T20:51:11Z INFO [750/1000] 133d5c83-793a-4799-b7f8-f1603d3c74ef: 414 arrays, 19715.4 MB stored; 190.5 s; peak memory 3490 MiB.
2026-10-08T20:51:13Z INFO [751/1000] 136843bd-7f18-49ab-9c96-05e435a3f838: 112 arrays, 0.1 MB stored; 1.8 s; peak memory 3490 MiB.
2026-10-08T20:51:13Z INFO [752/1000] 1367ce85-c6b0-46bb-99c1-908881151440: 112 arrays, 0.4 MB stored; 2.3 s; peak memory 3490 MiB.
2026-10-08T20:51:16Z INFO [753/1000] 13685c7f-a790-4ca5-b792-a60bd5b24c53: 77 arrays, 5.1 MB stored; 2.5 s; peak memory 3490 MiB.
2026-10-08T20:51:18Z INFO [754/1000] 13690e7e-c4a4-45af-a304-5e2094bb7097: 78 arrays, 683.8 MB stored; 2.8 s; peak memory 3490 MiB.
2026-10-08T20:51:20Z INFO [755/1000] 13687003-4be3-4fe8-b1ea-388e5788b0fb: 168 arrays, 60.5 MB stored; 6.5 s; peak memory 3491 MiB.
2026-10-08T20:51:20Z INFO [756/1000] 1369e729-d2de-4b9b-8e24-30fd6def7656: 48 arrays, 83.9 MB stored; 1.8 s; peak memory 3491 MiB.
2026-10-08T20:51:23Z INFO [757/1000] 136a3b86-f6aa-46f4-a97c-e723c990065e: 112 arrays, 0.8 MB stored; 2.7 s; peak memory 3491 MiB.
2026-10-08T20:51:26Z INFO [758/1000] 136ad2bb-8f55-41fc-942f-8672d0b99824: 123 arrays, 7.2 MB stored; 3.6 s; peak memory 3491 MiB.
2026-10-08T20:51:29Z INFO [759/1000] 136ae4aa-8bf5-4e21-a8d0-582b1d9043c3: 71 arrays, 144.8 MB stored; 3.1 s; peak memory 3491 MiB.
2026-10-08T20:51:31Z INFO [760/1000] 136b087e-ac58-473d-8f77-a5b8a45a0e81: 117 arrays, 0.5 MB stored; 2.1 s; peak memory 3491 MiB.
2026-10-08T20:51:34Z INFO [761/1000] 134e1d66-eeb1-4601-923e-dba0a40b8b7f: 241 arrays, 19746.6 MB stored; 180.0 s; peak memory 3492 MiB.
2026-10-08T20:51:36Z INFO [762/1000] 136b8c94-2005-4b5f-8082-5c02ebec9baa: 117 arrays, 0.3 MB stored; 2.1 s; peak memory 3492 MiB.
2026-10-08T20:51:38Z INFO [763/1000] 136ba91b-3833-46d4-8010-d517b14d12bf: 117 arrays, 0.4 MB stored; 2.1 s; peak memory 3492 MiB.
2026-10-08T20:51:40Z INFO [764/1000] 136bcbcd-8e9e-480f-9b71-0dfd19c510f1: 48 arrays, 83.9 MB stored; 1.8 s; peak memory 3492 MiB.
2026-10-08T20:51:42Z INFO [765/1000] 136c04dd-2924-49eb-b048-9e2c1d9c75c7: 116 arrays, 0.4 MB stored; 2.0 s; peak memory 3492 MiB.
2026-10-08T20:51:44Z INFO [766/1000] 136c18f9-bc9a-44d8-a774-16fb96d266d9: 69 arrays, 0.3 MB stored; 1.8 s; peak memory 3492 MiB.
2026-10-08T20:51:44Z INFO [767/1000] 136b5711-98ea-4843-9a8c-f5b7b29a993b: 410 arrays, 193.0 MB stored; 12.8 s; peak memory 3493 MiB.
2026-10-08T20:51:45Z INFO [768/1000] 136c5383-c88f-4fe7-8b76-73df824bbc96: 57 arrays, 0.0 MB stored; 1.5 s; peak memory 3493 MiB.
2026-10-08T20:51:46Z INFO [769/1000] 136c6b9f-71cf-48a8-937f-9b22385e6e32: 57 arrays, 0.0 MB stored; 1.5 s; peak memory 3493 MiB.
2026-10-08T20:51:47Z INFO [770/1000] 136c90af-bc56-4e0f-ac28-f839862a63e9: 48 arrays, 83.9 MB stored; 1.7 s; peak memory 3493 MiB.
2026-10-08T20:51:48Z INFO [771/1000] 136c9f39-54f8-43c3-80a6-8816dfd5edcd: 118 arrays, 0.5 MB stored; 2.1 s; peak memory 3493 MiB.
2026-10-08T20:51:50Z INFO [772/1000] 136d57ef-1f23-4e69-8c55-e5efb7d5c81b: 67 arrays, 33.8 MB stored; 2.1 s; peak memory 3493 MiB.
2026-10-08T20:51:52Z INFO [773/1000] 136d95e2-9b84-4d05-94c6-5aec6de75020: 52 arrays, 0.0 MB stored; 1.5 s; peak memory 3493 MiB.
2026-10-08T20:51:54Z INFO [774/1000] 136da7e8-cb34-4712-90fc-3cf696d5d1ad: 116 arrays, 0.8 MB stored; 2.4 s; peak memory 3494 MiB.
2026-10-08T20:51:57Z INFO [775/1000] 136e884d-825d-4541-83d2-88bebbabf671: 71 arrays, 11.0 MB stored; 2.6 s; peak memory 3494 MiB.
2026-10-08T20:52:01Z INFO [776/1000] 136acd98-ca4b-4021-aeec-ddf8d8024de9: 8692 arrays, 76.9 MB stored; 40.4 s; peak memory 3503 MiB.
2026-10-08T20:52:02Z INFO [777/1000] 136244be-d3d2-4b5a-aa86-28b4e1c05c4d: 4345 arrays, 3137.4 MB stored; 84.7 s; peak memory 3506 MiB.
2026-10-08T20:52:02Z INFO [778/1000] 136f0bf1-7035-404a-bfb6-b24b95b0a9f7: 179 arrays, 105.4 MB stored; 5.4 s; peak memory 3506 MiB.
2026-10-08T20:52:03Z INFO [779/1000] 13703ed8-7fba-485a-a628-f352f3735ad9: 46 arrays, 0.6 MB stored; 1.9 s; peak memory 3507 MiB.
2026-10-08T20:52:04Z INFO [780/1000] 136f5715-53ba-4deb-89f8-302c74d5b42f: 117 arrays, 716.6 MB stored; 2.9 s; peak memory 3507 MiB.
2026-10-08T20:52:05Z INFO [781/1000] 13716166-81b6-4d54-a446-247bafe03c5c: 114 arrays, 0.1 MB stored; 1.7 s; peak memory 3507 MiB.
2026-10-08T20:52:07Z INFO [782/1000] 13711ba7-e5dd-4a97-b5e2-3d7fd3d6c423: 133 arrays, 32.9 MB stored; 3.4 s; peak memory 3507 MiB.
2026-10-08T20:52:09Z INFO [783/1000] 13716b5c-04b4-4799-a7ca-d5a6df354e93: 48 arrays, 83.9 MB stored; 1.8 s; peak memory 3507 MiB.
2026-10-08T20:52:09Z INFO [784/1000] 137164bf-2230-4bd6-9019-54f437b5d166: 116 arrays, 187.0 MB stored; 3.7 s; peak memory 3507 MiB.
2026-10-08T20:52:11Z INFO [785/1000] 137237d4-eaa3-4f1f-ab54-da77ac3e8769: 109 arrays, 0.7 MB stored; 2.4 s; peak memory 3507 MiB.
2026-10-08T20:52:11Z INFO [786/1000] 13727199-b7df-42cb-bf08-e8d2e48b7594: 116 arrays, 0.5 MB stored; 2.2 s; peak memory 3507 MiB.
2026-10-08T20:52:11Z INFO [787/1000] 1370ce6d-4708-4783-aaaf-1d7bb79dff02: 56 arrays, 132.0 MB stored; 9.5 s; peak memory 3507 MiB.
2026-10-08T20:52:13Z INFO [788/1000] 1372bfa4-ddc8-4b83-953c-fa0efb78c4cb: 112 arrays, 0.2 MB stored; 1.9 s; peak memory 3508 MiB.
2026-10-08T20:52:13Z INFO [789/1000] 136d4bc0-18da-4926-a055-d52d3001a8db: 928 arrays, 25.8 MB stored; 26.3 s; peak memory 3509 MiB.
2026-10-08T20:52:13Z INFO [790/1000] 137298ee-7cb7-44eb-aecf-95ef819c4c90: 71 arrays, 4.4 MB stored; 2.4 s; peak memory 3509 MiB.
2026-10-08T20:52:15Z INFO [791/1000] 13737fe2-1812-4dac-a0ed-044e4704afbf: 110 arrays, 0.1 MB stored; 2.0 s; peak memory 3509 MiB.
2026-10-08T20:52:16Z INFO [792/1000] 13734058-9fcb-4e75-a19b-534da6b45692: 53 arrays, 8.6 MB stored; 2.7 s; peak memory 3509 MiB.
2026-10-08T20:52:17Z INFO [793/1000] 13753607-5a7c-45ee-b43d-04b3cbd35c36: 48 arrays, 83.9 MB stored; 1.8 s; peak memory 3509 MiB.
2026-10-08T20:52:17Z INFO [794/1000] 13764f63-7a51-4b35-aa4a-1f2cc99c68d0: 56 arrays, 0.0 MB stored; 1.5 s; peak memory 3509 MiB.
2026-10-08T20:52:18Z INFO [795/1000] 13732d86-7959-4e2a-aaa0-2f915691ef6e: 174 arrays, 62.6 MB stored; 6.6 s; peak memory 3509 MiB.
2026-10-08T20:52:19Z INFO [796/1000] 13768881-e3d7-4fa8-9b61-e2e1e34d4892: 114 arrays, 0.1 MB stored; 1.8 s; peak memory 3509 MiB.
2026-10-08T20:52:21Z INFO [797/1000] 1376f73e-f672-49b6-a3f3-932612bab56a: 49 arrays, 20.4 MB stored; 2.0 s; peak memory 3509 MiB.
2026-10-08T20:52:23Z INFO [798/1000] 137710a2-1791-42a4-b537-e22f1c353da2: 112 arrays, 0.4 MB stored; 2.1 s; peak memory 3510 MiB.
2026-10-08T20:52:26Z INFO [799/1000] 1377fe22-d66b-49d2-a3f2-f9153071a186: 38 arrays, 25.4 MB stored; 3.1 s; peak memory 3510 MiB.
2026-10-08T20:52:28Z INFO [800/1000] 1378681e-8d08-41a7-a1b4-003625740360: 48 arrays, 83.9 MB stored; 1.7 s; peak memory 3510 MiB.
2026-10-08T20:52:34Z INFO [800/1000] 1378681e-8d08-41a7-a1b4-003625740360: checkpointed 13000 new records.
2026-10-08T20:52:34Z INFO [801/1000] 13786c50-43d2-4cd6-9543-d8d02d08ff5a: 38 arrays, 25.7 MB stored; 3.0 s; peak memory 3518 MiB.
2026-10-08T20:52:34Z INFO [802/1000] 13787bab-b860-4634-96c3-1d0f534cd174: 48 arrays, 83.9 MB stored; 2.0 s; peak memory 3518 MiB.
2026-10-08T20:52:35Z INFO [803/1000] 1379a9ae-e904-4ca2-9cca-82de578e1052: 48 arrays, 83.9 MB stored; 1.8 s; peak memory 3518 MiB.
2026-10-08T20:52:38Z INFO [804/1000] 137bec33-8869-4065-89ec-36a0c3fd7ff7: 186 arrays, 8.2 MB stored; 3.3 s; peak memory 3518 MiB.
2026-10-08T20:52:40Z INFO [805/1000] 137d29ab-0bb8-40ce-a903-c291d8c74d9e: 48 arrays, 83.9 MB stored; 1.7 s; peak memory 3518 MiB.
2026-10-08T20:52:45Z INFO [806/1000] 137dbb3a-ae62-4e48-a019-34ab2ce09c30: 92 arrays, 129.1 MB stored; 5.7 s; peak memory 3518 MiB.
2026-10-08T20:52:47Z INFO [807/1000] 137dd132-f0c2-4655-93d0-b3ba16d9fa50: 112 arrays, 0.2 MB stored; 1.9 s; peak memory 3518 MiB.
2026-10-08T20:52:49Z INFO [808/1000] 137e327f-1abd-47be-bf2a-3a0b2704d27d: 117 arrays, 0.3 MB stored; 2.0 s; peak memory 3518 MiB.
2026-10-08T20:52:51Z INFO [809/1000] 137ee9d1-57f0-469a-be50-939781f83123: 48 arrays, 83.9 MB stored; 1.6 s; peak memory 3518 MiB.
2026-10-08T20:52:53Z INFO [810/1000] 1376bfa4-f374-47dc-b758-7d759e6c97c0: 48 arrays, 43321.8 MB stored; 34.8 s; peak memory 3518 MiB.
2026-10-08T20:52:53Z INFO [811/1000] 137f1716-c62b-4a79-a1fc-20afdcd0af7d: 110 arrays, 1.3 MB stored; 2.5 s; peak memory 3518 MiB.
2026-10-08T20:52:55Z INFO [812/1000] 137f8bd2-2bdb-40a7-bf8d-c3b3d3af20fc: 63 arrays, 0.2 MB stored; 1.7 s; peak memory 3518 MiB.
2026-10-08T20:52:55Z INFO [813/1000] 137f3798-9a85-48bf-a762-cc74d5c3e187: 117 arrays, 0.4 MB stored; 2.1 s; peak memory 3518 MiB.
2026-10-08T20:52:57Z INFO [814/1000] 1380935a-e673-428b-ad9e-110739a770e1: 48 arrays, 83.9 MB stored; 1.7 s; peak memory 3518 MiB.
2026-10-08T20:52:57Z INFO [815/1000] 137fba70-ab14-41c1-9046-3c596e1f420d: 52 arrays, 12.5 MB stored; 1.9 s; peak memory 3518 MiB.
2026-10-08T20:52:59Z INFO [816/1000] 1381ef92-aaaa-456c-be2c-1fbef5c17149: 48 arrays, 83.9 MB stored; 1.9 s; peak memory 3518 MiB.
2026-10-08T20:52:59Z INFO [817/1000] 1381a65f-762f-4099-be27-22fc02cbac5a: 131 arrays, 0.7 MB stored; 2.5 s; peak memory 3518 MiB.
2026-10-08T20:53:01Z INFO [818/1000] 13826ac5-3a57-4a23-b9ce-dc6f96b73b5b: 116 arrays, 9.8 MB stored; 2.0 s; peak memory 3518 MiB.
2026-10-08T20:53:02Z INFO [819/1000] 13836f84-de42-4d34-9390-1f8b709e9155: 48 arrays, 83.9 MB stored; 1.9 s; peak memory 3518 MiB.
2026-10-08T20:53:11Z INFO [820/1000] 13745788-05ee-4672-8c77-8568b30396ee: 7444 arrays, 93.0 MB stored; 57.5 s; peak memory 3519 MiB.
2026-10-08T20:53:13Z INFO [821/1000] 1384411c-7689-4796-96ef-e44f0f27666a: 38 arrays, 0.5 MB stored; 1.6 s; peak memory 3519 MiB.
2026-10-08T20:53:15Z INFO [822/1000] 13846cbb-e5ef-48e4-a8dc-0c7647801d06: 112 arrays, 0.7 MB stored; 2.3 s; peak memory 3519 MiB.
2026-10-08T20:53:16Z INFO [823/1000] 1383d018-fd2e-46df-a1fb-05f0f10b5987: 952 arrays, 42.9 MB stored; 13.8 s; peak memory 3520 MiB.
2026-10-08T20:53:17Z INFO [824/1000] 13847e1c-899a-4c5d-87a9-1d8d316a55eb: 112 arrays, 0.4 MB stored; 2.1 s; peak memory 3521 MiB.
2026-10-08T20:53:19Z INFO [825/1000] 13849402-ca91-42b9-a4e7-fac3d3744b49: 46 arrays, 0.3 MB stored; 1.6 s; peak memory 3521 MiB.
2026-10-08T20:53:20Z INFO [826/1000] 1386767e-7b08-46a6-9f2f-3c1fdab7c724: 48 arrays, 83.9 MB stored; 1.8 s; peak memory 3521 MiB.
2026-10-08T20:53:21Z INFO [827/1000] 1384916f-6c6f-4c91-9ffc-87d123eb27fd: 156 arrays, 193.4 MB stored; 4.2 s; peak memory 3521 MiB.
2026-10-08T20:53:22Z INFO [828/1000] 1387adc3-29fe-45f3-a5f6-e479bb51cc31: 77 arrays, 0.1 MB stored; 1.9 s; peak memory 3521 MiB.
2026-10-08T20:53:23Z INFO [829/1000] 1386a0b8-c1de-402d-b4f2-740b223dca42: 83 arrays, 33.9 MB stored; 2.7 s; peak memory 3521 MiB.
2026-10-08T20:53:24Z INFO [830/1000] 1387eebe-fb50-4241-b620-a542ffbc1add: 41 arrays, 8.4 MB stored; 1.6 s; peak memory 3521 MiB.
2026-10-08T20:53:26Z INFO [831/1000] 13888059-b81c-41f9-a79b-9d68c0b73f0f: 112 arrays, 0.6 MB stored; 2.3 s; peak memory 3521 MiB.
2026-10-08T20:53:28Z INFO [832/1000] 13897e72-1cad-4111-ad70-cd24266149cf: 48 arrays, 83.9 MB stored; 1.7 s; peak memory 3521 MiB.
2026-10-08T20:53:30Z INFO [833/1000] 1389c50b-7659-439b-a011-cdf8ca8ce960: 62 arrays, 4695.0 MB stored; 2.3 s; peak memory 3521 MiB.
2026-10-08T20:53:30Z INFO [834/1000] 138835ec-06d9-42b1-90ff-b6fb9d871dcf: 238 arrays, 77.5 MB stored; 7.4 s; peak memory 3522 MiB.
2026-10-08T20:53:32Z INFO [835/1000] 138a075a-56b8-4152-a9ef-86156e3469e0: 60 arrays, 76.3 MB stored; 1.9 s; peak memory 3522 MiB.
2026-10-08T20:53:32Z INFO [836/1000] 138a0511-ca60-4883-9f81-128f0f66e6b9: 116 arrays, 0.3 MB stored; 2.0 s; peak memory 3522 MiB.
2026-10-08T20:53:34Z INFO [837/1000] 138c1012-a87c-43ca-9cb7-682abe03cbd3: 48 arrays, 83.9 MB stored; 1.8 s; peak memory 3522 MiB.
2026-10-08T20:53:34Z INFO [838/1000] 138bb282-550e-49db-8287-988ed7f12063: 48 arrays, 83.9 MB stored; 1.9 s; peak memory 3522 MiB.
2026-10-08T20:53:36Z INFO [839/1000] 138c992d-aa90-4902-8a3b-d0d3d804addb: 36 arrays, 2.6 MB stored; 1.7 s; peak memory 3522 MiB.
2026-10-08T20:53:36Z INFO [840/1000] 138c4cd1-fa13-450d-ad10-1f11cb0d032f: 112 arrays, 0.7 MB stored; 2.3 s; peak memory 3522 MiB.
2026-10-08T20:53:38Z INFO [841/1000] 138d05ea-d0d4-4efa-9998-4f063523c1ac: 117 arrays, 0.2 MB stored; 1.9 s; peak memory 3522 MiB.
2026-10-08T20:53:40Z INFO [842/1000] 138d9746-4108-490a-87d7-427f0a4f6482: 46 arrays, 0.0 MB stored; 1.4 s; peak memory 3522 MiB.
2026-10-08T20:53:49Z INFO [843/1000] 138e8d31-0c71-4193-8d4f-5b434595550d: 56 arrays, 132.5 MB stored; 9.5 s; peak memory 3523 MiB.
2026-10-08T20:53:51Z INFO [844/1000] 138eead7-ee04-46a8-a2b6-ef609525e082: 117 arrays, 0.4 MB stored; 2.0 s; peak memory 3523 MiB.
2026-10-08T20:53:52Z INFO [845/1000] 138ccd44-45ad-4a65-a5fb-5d22374d28d8: 4531 arrays, 43.9 MB stored; 16.5 s; peak memory 3527 MiB.
2026-10-08T20:53:54Z INFO [846/1000] 138eee0c-7dce-4d73-a767-dbeeed833b45: 112 arrays, 0.4 MB stored; 2.4 s; peak memory 3527 MiB.
2026-10-08T20:53:54Z INFO [847/1000] 138f3914-d70f-4da7-8bed-3bd85186b762: 52 arrays, 13.0 MB stored; 2.0 s; peak memory 3527 MiB.
2026-10-08T20:53:55Z INFO [848/1000] 138f92c5-1295-4206-ab63-57818290a7c5: 48 arrays, 83.9 MB stored; 1.9 s; peak memory 3527 MiB.
2026-10-08T20:53:56Z INFO [849/1000] 138fbe5e-ca96-4dc8-9a69-f6703970c626: 48 arrays, 83.9 MB stored; 1.8 s; peak memory 3527 MiB.
2026-10-08T20:53:57Z INFO [850/1000] 138ff8e9-5637-42d8-8519-401977b992fa: 56 arrays, 0.0 MB stored; 1.5 s; peak memory 3527 MiB.
2026-10-08T20:53:58Z INFO [851/1000] 13911643-f3b0-43c6-bf3d-af58a9930e81: 112 arrays, 0.4 MB stored; 2.2 s; peak memory 3527 MiB.
2026-10-08T20:53:59Z INFO [852/1000] 12dbd229-ae3e-414e-93e1-10aeb37738b2: 99 arrays, 1513.6 MB stored; 718.4 s; peak memory 3527 MiB.
2026-10-08T20:53:59Z INFO [853/1000] 13913522-0247-4984-b600-a4f44b1db01a: 117 arrays, 0.4 MB stored; 2.1 s; peak memory 3528 MiB.
2026-10-08T20:54:00Z INFO [854/1000] 139158aa-867e-4c7f-834f-b52b5206522a: 112 arrays, 0.3 MB stored; 2.0 s; peak memory 3528 MiB.
2026-10-08T20:54:01Z INFO [855/1000] 136720da-6a3d-49ae-b194-3ea4e3157b3f: 433 arrays, 19756.7 MB stored; 174.5 s; peak memory 3528 MiB.
2026-10-08T20:54:03Z INFO [856/1000] 13921a4c-f322-4346-a09f-1a197740e8fd: 112 arrays, 0.8 MB stored; 2.4 s; peak memory 3528 MiB.
2026-10-08T20:54:06Z INFO [857/1000] 139160a5-0c9c-450f-9291-6befc980445d: 223 arrays, 264.0 MB stored; 6.9 s; peak memory 3529 MiB.
2026-10-08T20:54:08Z INFO [858/1000] 1391bc01-1026-4af2-9f75-56eaceb42cd4: 538 arrays, 7.6 MB stored; 7.5 s; peak memory 3529 MiB.
2026-10-08T20:54:08Z INFO [859/1000] 1392585c-6a55-4ff7-a916-3cd89679a142: 122 arrays, 0.2 MB stored; 1.8 s; peak memory 3529 MiB.
2026-10-08T20:54:09Z INFO [860/1000] 1392afff-68e4-4ebe-bb83-56d2914a34b4: 46 arrays, 0.2 MB stored; 1.6 s; peak memory 3529 MiB.
2026-10-08T20:54:10Z INFO [861/1000] 1392cdbd-a4f7-4add-a7b0-fb150cc0b713: 41 arrays, 8.4 MB stored; 1.7 s; peak memory 3529 MiB.
2026-10-08T20:54:12Z INFO [862/1000] 1393cec1-7e9c-4053-9896-326bfc8c3c98: 110 arrays, 0.4 MB stored; 2.3 s; peak memory 3530 MiB.
2026-10-08T20:54:14Z INFO [863/1000] 13924934-96d0-45c8-8506-93462fddd916: 4210 arrays, 37.5 MB stored; 10.9 s; peak memory 3533 MiB.
2026-10-08T20:54:14Z INFO [864/1000] 1393f3b7-2f6b-4191-926f-58d8a5511a30: 261 arrays, 17.1 MB stored; 2.4 s; peak memory 3533 MiB.
2026-10-08T20:54:14Z INFO [865/1000] 1393ee7f-6004-485a-b7e4-0338354c492a: 383 arrays, 3.1 MB stored; 4.9 s; peak memory 3534 MiB.
2026-10-08T20:54:16Z INFO [866/1000] 13944c30-13f8-4a34-88ba-2bb1bde6690b: 78 arrays, 0.0 MB stored; 2.0 s; peak memory 3534 MiB.
2026-10-08T20:54:16Z INFO [867/1000] 1394b198-ea86-4f21-9ae7-1da4e22b5544: 116 arrays, 0.2 MB stored; 2.1 s; peak memory 3534 MiB.
2026-10-08T20:54:18Z INFO [868/1000] 13941732-6226-4349-82a1-1c5006894eb8: 156 arrays, 193.5 MB stored; 4.1 s; peak memory 3534 MiB.
2026-10-08T20:54:18Z INFO [869/1000] 139588ac-063e-458b-843d-838d7cbd909c: 92 arrays, 0.3 MB stored; 2.0 s; peak memory 3535 MiB.
2026-10-08T20:54:18Z INFO [870/1000] 1395d302-3e94-4a35-960e-b1793586b9e3: 52 arrays, 22.0 MB stored; 1.9 s; peak memory 3535 MiB.
2026-10-08T20:54:21Z INFO [871/1000] 13963262-82ea-4510-ae5c-70c6e41932a9: 51 arrays, 3334.0 MB stored; 2.4 s; peak memory 3535 MiB.
2026-10-08T20:54:23Z INFO [872/1000] 1396c4a7-fdf3-4a6d-a354-20a8a33385d4: 76 arrays, 5.7 MB stored; 2.1 s; peak memory 3535 MiB.
2026-10-08T20:54:31Z INFO [873/1000] 13916053-c3c9-42e4-87a2-4f6722cc4a8f: 1481 arrays, 112.8 MB stored; 32.4 s; peak memory 3537 MiB.
2026-10-08T20:54:33Z INFO [874/1000] 139607a1-a253-41c0-ba6f-1874a187baf5: 1220 arrays, 25.1 MB stored; 15.1 s; peak memory 3538 MiB.
2026-10-08T20:54:34Z INFO [875/1000] 1397711f-0fd0-4059-ae02-92c31fed6ec3: 117 arrays, 0.3 MB stored; 2.1 s; peak memory 3538 MiB.
2026-10-08T20:54:35Z INFO [876/1000] 13978ea7-b22e-4ccc-a214-fc3b8e1163bd: 117 arrays, 0.4 MB stored; 2.1 s; peak memory 3538 MiB.
2026-10-08T20:54:37Z INFO [877/1000] 1397af97-5658-4d76-beee-c6c46cb49a30: 117 arrays, 0.3 MB stored; 1.8 s; peak memory 3539 MiB.
2026-10-08T20:54:37Z INFO [878/1000] 1397990f-bdb7-4264-82cd-4c22bb7b6d83: 115 arrays, 190.0 MB stored; 3.6 s; peak memory 3539 MiB.
2026-10-08T20:54:39Z INFO [879/1000] 1397fbb9-5a68-4b5f-8765-844d74869100: 46 arrays, 0.0 MB stored; 1.4 s; peak memory 3539 MiB.
2026-10-08T20:54:39Z INFO [880/1000] 1397c5c1-50c7-4577-977f-9abd8f29eb25: 68 arrays, 2.0 MB stored; 2.1 s; peak memory 3539 MiB.
2026-10-08T20:54:40Z INFO [881/1000] 139829e7-c4f2-4f77-95a2-660c252f881a: 48 arrays, 83.9 MB stored; 1.7 s; peak memory 3539 MiB.
2026-10-08T20:54:43Z INFO [882/1000] 1397600d-0128-4c3e-96d4-be6c54458f80: 289 arrays, 1973.2 MB stored; 20.4 s; peak memory 3540 MiB.
2026-10-08T20:54:45Z INFO [883/1000] 13994e50-df27-498e-92f5-24905fd6bc59: 117 arrays, 0.5 MB stored; 1.9 s; peak memory 3540 MiB.
2026-10-08T20:54:47Z INFO [884/1000] 13997214-00f0-4d19-b13d-b81699d6e0ef: 62 arrays, 3334.2 MB stored; 2.3 s; peak memory 3540 MiB.
2026-10-08T20:54:49Z INFO [885/1000] 139a0762-4629-482a-b92c-c33e639285a5: 115 arrays, 0.2 MB stored; 1.9 s; peak memory 3540 MiB.
2026-10-08T20:54:51Z INFO [886/1000] 139a7d40-f3fc-4f2f-968f-bc7e678fe29c: 46 arrays, 0.2 MB stored; 1.5 s; peak memory 3540 MiB.
2026-10-08T20:54:52Z INFO [887/1000] 139ab1e7-1837-4f0e-b382-0fdfd3ae1548: 48 arrays, 83.9 MB stored; 1.7 s; peak memory 3540 MiB.
2026-10-08T20:54:54Z INFO [888/1000] 139ac943-8e00-44dc-ae08-1bb7fc89437c: 41 arrays, 8.4 MB stored; 1.6 s; peak memory 3540 MiB.
2026-10-08T20:54:54Z INFO [889/1000] 1398e3d7-fe65-431a-b6f4-85771c4cf108: 951 arrays, 39.5 MB stored; 14.0 s; peak memory 3541 MiB.
2026-10-08T20:54:56Z INFO [890/1000] 1398c3bc-d106-4a02-a76e-6f67aaf5e7cc: 1018 arrays, 23.0 MB stored; 16.7 s; peak memory 3542 MiB.
2026-10-08T20:54:56Z INFO [891/1000] 139b3e47-f459-436b-845c-07b1767e1dba: 112 arrays, 0.5 MB stored; 2.1 s; peak memory 3542 MiB.
2026-10-08T20:54:56Z INFO [892/1000] 139aeed2-f8d6-4b72-8d98-2ba9a0d1d878: 112 arrays, 0.9 MB stored; 2.5 s; peak memory 3543 MiB.
2026-10-08T20:54:57Z INFO [893/1000] 139b691b-9515-4924-bdde-ba343fd4453b: 50 arrays, 0.0 MB stored; 1.6 s; peak memory 3543 MiB.
2026-10-08T20:54:59Z INFO [894/1000] 139c51f4-9e7f-4a44-886b-391dd797e49e: 33 arrays, 0.0 MB stored; 1.3 s; peak memory 3543 MiB.
2026-10-08T20:54:59Z INFO [895/1000] 139bc754-b6b2-420d-acb5-dfb276df93c4: 76 arrays, 84.3 MB stored; 2.6 s; peak memory 3543 MiB.
2026-10-08T20:55:00Z INFO [896/1000] 139bb4eb-cba7-49f9-a770-d944d6bca0b3: 71 arrays, 140.4 MB stored; 3.2 s; peak memory 3543 MiB.
2026-10-08T20:55:01Z INFO [897/1000] 139d7355-f0c4-47ae-a32b-9f3b2ab8a961: 112 arrays, 0.4 MB stored; 2.1 s; peak memory 3543 MiB.
2026-10-08T20:55:01Z INFO [898/1000] 139d9d5f-c6e9-4564-b261-037fbe48e0b7: 92 arrays, 7.5 MB stored; 1.8 s; peak memory 3543 MiB.
2026-10-08T20:55:03Z INFO [899/1000] 139e4ded-f2d8-40e5-a666-5b0c274e9618: 48 arrays, 83.9 MB stored; 1.7 s; peak memory 3543 MiB.
2026-10-08T20:55:03Z INFO [900/1000] 139e1840-34ec-4e50-bc28-cb0ffd84c1bb: 116 arrays, 0.3 MB stored; 2.0 s; peak memory 3544 MiB.
2026-10-08T20:55:05Z INFO [901/1000] 139dfba3-3d01-489a-b1e6-e4f4eb541e66: 92 arrays, 565.4 MB stored; 5.2 s; peak memory 3544 MiB.
2026-10-08T20:55:06Z INFO [902/1000] 139688cc-0182-4b81-89e4-84ef82681467: 52 arrays, 1904.7 MB stored; 47.3 s; peak memory 3544 MiB.
2026-10-08T20:55:07Z INFO [903/1000] 139f29be-c769-4181-ac73-39fcfe4988ab: 112 arrays, 1.3 MB stored; 2.5 s; peak memory 3544 MiB.
2026-10-08T20:55:07Z INFO [904/1000] 139f7679-1f33-4d7f-96d0-ea928d7ff118: 112 arrays, 0.3 MB stored; 1.9 s; peak memory 3544 MiB.
2026-10-08T20:55:09Z INFO [905/1000] 139f7f40-7a34-4941-aea6-8cf601bb662f: 48 arrays, 83.9 MB stored; 1.8 s; peak memory 3544 MiB.
2026-10-08T20:55:11Z INFO [906/1000] 13a07149-86aa-42e1-8632-2eabd7e36d56: 61 arrays, 0.6 MB stored; 1.7 s; peak memory 3544 MiB.
2026-10-08T20:55:14Z INFO [907/1000] 139eb1fd-f40c-4622-a5f6-b5fb6f3a9b4f: 1002 arrays, 19.7 MB stored; 11.4 s; peak memory 3545 MiB.
2026-10-08T20:55:14Z INFO [908/1000] 13a093cf-3bca-4603-a632-417c95a9371e: 118 arrays, 66.2 MB stored; 3.3 s; peak memory 3545 MiB.
2026-10-08T20:55:15Z INFO [909/1000] 1383035f-b2c2-4add-acda-d26a56acdf09: 45836 arrays, 827.8 MB stored; 136.0 s; peak memory 3594 MiB.
2026-10-08T20:55:16Z INFO [910/1000] 13a095bf-5a30-4332-8677-d8d6d3eb6a30: 66 arrays, 23.2 MB stored; 2.1 s; peak memory 3594 MiB.
2026-10-08T20:55:16Z INFO [911/1000] 13a10b7b-dc60-4c79-a9e1-ffb8678a55a4: 112 arrays, 0.7 MB stored; 2.3 s; peak memory 3594 MiB.
2026-10-08T20:55:18Z INFO [912/1000] 13a18518-a483-4b53-badc-fc38db214b60: 45 arrays, 10.9 MB stored; 1.9 s; peak memory 3595 MiB.
2026-10-08T20:55:18Z INFO [913/1000] 13a2dbfc-0db7-4d7e-90f1-2225be15ca18: 50 arrays, 2.3 MB stored; 1.7 s; peak memory 3595 MiB.
2026-10-08T20:55:19Z INFO [914/1000] 13a11468-0c23-41d3-9120-c9ab994a65c7: 548 arrays, 3.9 MB stored; 4.2 s; peak memory 3595 MiB.
2026-10-08T20:55:20Z INFO [915/1000] 139fcaae-44b0-4960-9f9b-21beb3058d24: 1364 arrays, 25.6 MB stored; 12.3 s; peak memory 3597 MiB.
2026-10-08T20:55:20Z INFO [916/1000] 13a3e65f-0572-4b7c-8c74-371812bef9ef: 65 arrays, 0.0 MB stored; 2.0 s; peak memory 3597 MiB.
2026-10-08T20:55:20Z INFO [917/1000] 13a347b1-e988-4d16-aec1-006ce9c250b7: 71 arrays, 34.9 MB stored; 2.4 s; peak memory 3597 MiB.
2026-10-08T20:55:22Z INFO [918/1000] 13a6142f-db7a-42b4-a8d0-59534c585b4a: 52 arrays, 0.0 MB stored; 1.5 s; peak memory 3597 MiB.
2026-10-08T20:55:23Z INFO [919/1000] 13a5ddfc-45a1-416a-b1e4-4fb1a26eae55: 38 arrays, 58.5 MB stored; 3.6 s; peak memory 3597 MiB.
2026-10-08T20:55:28Z INFO [920/1000] 13a6f1b7-dd57-4255-9a64-5f9b3a0e80c7: 206 arrays, 12.0 MB stored; 4.9 s; peak memory 3597 MiB.
2026-10-08T20:55:29Z INFO [921/1000] 13a609f5-9daf-48a9-8d6a-88429126e705: 833 arrays, 22.9 MB stored; 9.0 s; peak memory 3598 MiB.
2026-10-08T20:55:30Z INFO [922/1000] 13a75225-e6ab-4af7-a8b8-32e5178f486c: 117 arrays, 0.4 MB stored; 2.1 s; peak memory 3598 MiB.
2026-10-08T20:55:33Z INFO [923/1000] 13a80955-ab2d-4502-a946-dd52993885ef: 181 arrays, 27.2 MB stored; 4.7 s; peak memory 3598 MiB.
2026-10-08T20:55:34Z INFO [924/1000] 13a6b391-851a-4974-a64b-0c2bbd65e56f: 1303 arrays, 24.2 MB stored; 12.8 s; peak memory 3600 MiB.
2026-10-08T20:55:35Z INFO [925/1000] 13a81fd0-433a-4154-8aaf-fecb82010df2: 57 arrays, 0.0 MB stored; 1.5 s; peak memory 3600 MiB.
2026-10-08T20:55:36Z INFO [926/1000] 13a9d09b-b864-47a8-ba56-2dbc4344c7f0: 48 arrays, 83.9 MB stored; 1.8 s; peak memory 3600 MiB.
2026-10-08T20:55:37Z INFO [927/1000] 13aa2e36-fe5a-44c7-9cd8-18fdc1d3bbfe: 48 arrays, 83.9 MB stored; 1.8 s; peak memory 3600 MiB.
2026-10-08T20:55:37Z INFO [928/1000] 13a81830-4298-4ef0-9489-32abe3066866: 718 arrays, 7.9 MB stored; 7.4 s; peak memory 3601 MiB.
2026-10-08T20:55:39Z INFO [929/1000] 13aa97cf-8ca7-4618-8fa9-87cd85bd3a9f: 115 arrays, 0.4 MB stored; 2.1 s; peak memory 3601 MiB.
2026-10-08T20:55:39Z INFO [930/1000] 13aa564f-6ac5-4bbb-9e55-4f2b796dfce6: 38 arrays, 25.4 MB stored; 3.2 s; peak memory 3601 MiB.
2026-10-08T20:55:40Z INFO [931/1000] 13aaf76c-ece0-401b-866c-81afe4d075fa: 71 arrays, 3.1 MB stored; 2.2 s; peak memory 3601 MiB.
2026-10-08T20:55:41Z INFO [932/1000] 13aafae7-bd02-4510-b8db-b7a8cca2e04a: 110 arrays, 0.1 MB stored; 1.9 s; peak memory 3601 MiB.
2026-10-08T20:55:41Z INFO [933/1000] 13ab734b-3aa0-48a4-86a7-9ebea9398148: 47 arrays, 271.9 MB stored; 2.0 s; peak memory 3601 MiB.
2026-10-08T20:55:43Z INFO [934/1000] 13ad97c3-dc95-4359-a14c-f37ac581d44b: 70 arrays, 1.1 MB stored; 2.1 s; peak memory 3602 MiB.
2026-10-08T20:55:45Z INFO [935/1000] 13adf477-29f0-4d4d-aa5d-55bdec88218a: 38 arrays, 36.3 MB stored; 3.3 s; peak memory 3602 MiB.
2026-10-08T20:55:45Z INFO [936/1000] 13ae864a-b53e-4bfe-a8ee-1ffe46644723: 37 arrays, 99850.1 MB stored; 2.0 s; peak memory 3602 MiB.
2026-10-08T20:55:47Z INFO [937/1000] 13af78ed-5aec-49ba-8198-18fc74b8795f: 42 arrays, 1.1 MB stored; 2.1 s; peak memory 3602 MiB.
2026-10-08T20:55:47Z INFO [938/1000] 13aececc-8253-4594-8d94-17ce6a4ef24c: 289 arrays, 17.2 MB stored; 2.3 s; peak memory 3602 MiB.
2026-10-08T20:55:49Z INFO [939/1000] 13ac9343-a4b4-43b4-be2b-463691bc3e72: 200 arrays, 408.1 MB stored; 8.9 s; peak memory 3602 MiB.
2026-10-08T20:55:49Z INFO [940/1000] 13afce17-9697-49c8-82ca-c21a9b33551f: 117 arrays, 0.4 MB stored; 2.0 s; peak memory 3602 MiB.
2026-10-08T20:55:49Z INFO [941/1000] 13b20391-0af7-46dc-acc8-b07152d75616: 64 arrays, 3.6 MB stored; 2.1 s; peak memory 3602 MiB.
2026-10-08T20:55:50Z INFO [942/1000] 13b251ab-f2dd-4bf7-a7ab-69559d1198f6: 48 arrays, 83.9 MB stored; 1.6 s; peak memory 3603 MiB.
2026-10-08T20:55:51Z INFO [943/1000] 13b290c7-737d-47d2-81ee-4300b1aaddd4: 48 arrays, 83.9 MB stored; 1.7 s; peak memory 3603 MiB.
2026-10-08T20:55:52Z INFO [944/1000] 13b3be3d-aa68-4fbd-9678-7bc9faa9e6bb: 42 arrays, 0.7 MB stored; 1.8 s; peak memory 3603 MiB.
2026-10-08T20:55:52Z INFO [945/1000] 13b36e32-9208-4f3b-8018-678d0ce3c3cc: 91 arrays, 28.8 MB stored; 3.2 s; peak memory 3603 MiB.
2026-10-08T20:55:54Z INFO [946/1000] 13b44843-8007-469a-bb4f-dbce0f832667: 48 arrays, 83.9 MB stored; 1.8 s; peak memory 3603 MiB.
2026-10-08T20:55:54Z INFO [947/1000] 13b4672c-cec1-43df-a11c-039cdfcc42f5: 109 arrays, 0.4 MB stored; 2.0 s; peak memory 3603 MiB.
2026-10-08T20:55:55Z INFO [948/1000] 13b438ad-6f0d-4cbc-9e3a-40e6e5677bc5: 38 arrays, 4967.9 MB stored; 4.5 s; peak memory 3603 MiB.
2026-10-08T20:55:57Z INFO [949/1000] 13b5513b-8127-4993-9072-05c65889fd28: 76 arrays, 1.0 MB stored; 1.8 s; peak memory 3603 MiB.
2026-10-08T20:55:58Z INFO [950/1000] 13b55513-26ee-4d69-9189-cf3707cd5be9: 46 arrays, 0.1 MB stored; 1.5 s; peak memory 3603 MiB.
2026-10-08T20:56:06Z INFO [951/1000] 13b4a107-7bda-4991-9df2-1771eb7ea0d8: 410 arrays, 96.2 MB stored; 12.3 s; peak memory 3604 MiB.
2026-10-08T20:56:08Z INFO [952/1000] 13b5b884-57cc-43b6-ba2f-794617886e2a: 59 arrays, 259.1 MB stored; 2.1 s; peak memory 3604 MiB.
2026-10-08T20:56:09Z INFO [953/1000] 13b5ace3-0725-4561-be35-4245c3ab08da: 886 arrays, 21.6 MB stored; 10.9 s; peak memory 3605 MiB.
2026-10-08T20:56:10Z INFO [954/1000] 13b53b9e-3d8b-42b9-bf08-9ef2d66ce73c: 751 arrays, 24.2 MB stored; 15.8 s; peak memory 3606 MiB.
2026-10-08T20:56:10Z INFO [955/1000] 13b5d3ef-deb1-4a03-b5ed-f30787183efe: 112 arrays, 0.4 MB stored; 2.3 s; peak memory 3606 MiB.
2026-10-08T20:56:11Z INFO [956/1000] 13b5f550-1516-41c1-8d6a-58f951d22afd: 48 arrays, 83.9 MB stored; 1.7 s; peak memory 3606 MiB.
2026-10-08T20:56:12Z INFO [957/1000] 13b6563e-2153-4f1b-a2e7-77691fcb0cc3: 48 arrays, 83.9 MB stored; 1.7 s; peak memory 3606 MiB.
2026-10-08T20:56:13Z INFO [958/1000] 13b68133-d1c4-46f2-81c5-ab4cc804084c: 54 arrays, 8675.8 MB stored; 2.1 s; peak memory 3606 MiB.
2026-10-08T20:56:13Z INFO [959/1000] 13b6fe3b-b945-49ed-b568-a353866ad475: 48 arrays, 83.9 MB stored; 1.6 s; peak memory 3606 MiB.
2026-10-08T20:56:14Z INFO [960/1000] 13b71494-59fe-407c-bf84-08507401c470: 48 arrays, 83.9 MB stored; 1.8 s; peak memory 3606 MiB.
2026-10-08T20:56:14Z INFO [961/1000] 13b88427-0091-43e5-ad36-58bedb5daed3: 48 arrays, 83.9 MB stored; 1.9 s; peak memory 3606 MiB.
2026-10-08T20:56:16Z INFO [962/1000] 13b88269-6e1c-48ba-836b-2cac33c9f527: 70 arrays, 165.4 MB stored; 3.2 s; peak memory 3606 MiB.
2026-10-08T20:56:16Z INFO [963/1000] 13b92f5e-55e1-488a-ad23-860d9517273c: 46 arrays, 4.5 MB stored; 1.6 s; peak memory 3606 MiB.
2026-10-08T20:56:16Z INFO [964/1000] 13b91ec4-4b59-41b3-ae87-18890d885fd7: 71 arrays, 116.9 MB stored; 2.7 s; peak memory 3606 MiB.
2026-10-08T20:56:19Z INFO [965/1000] 13babe4a-5e1a-48b3-91cc-d8a0b745d581: 67 arrays, 37.6 MB stored; 2.2 s; peak memory 3607 MiB.
2026-10-08T20:56:19Z INFO [966/1000] 13ba3eef-ca5c-4b3d-b816-3110e85e396b: 114 arrays, 186.8 MB stored; 3.7 s; peak memory 3607 MiB.
2026-10-08T20:56:23Z INFO [967/1000] 13ba5c49-265d-4d38-80da-8464450528b4: 539 arrays, 8.3 MB stored; 6.7 s; peak memory 3607 MiB.
2026-10-08T20:56:24Z INFO [968/1000] 13bb1dfe-910a-4f1e-a3c6-ba4b0eea7213: 48 arrays, 83.9 MB stored; 1.7 s; peak memory 3607 MiB.
2026-10-08T20:56:25Z INFO [969/1000] 13bb0b6b-31b7-4750-ba8e-ec960d7a28ca: 542 arrays, 5.9 MB stored; 6.0 s; peak memory 3608 MiB.
2026-10-08T20:56:27Z INFO [970/1000] 13bb2254-b8cf-4427-b14c-71433b7ca517: 108 arrays, 478.8 MB stored; 2.5 s; peak memory 3608 MiB.
2026-10-08T20:56:27Z INFO [971/1000] 13bb01d6-7128-438e-86e3-9bb1b1a1234e: 538 arrays, 8.5 MB stored; 8.4 s; peak memory 3609 MiB.
2026-10-08T20:56:27Z INFO [972/1000] 13bb471f-30bd-405c-b5c2-d9013c47fcf5: 117 arrays, 0.3 MB stored; 2.0 s; peak memory 3609 MiB.
2026-10-08T20:56:29Z INFO [973/1000] 13be269d-3bbc-45d6-aed0-3e47869ededd: 118 arrays, 0.4 MB stored; 2.0 s; peak memory 3609 MiB.
2026-10-08T20:56:30Z INFO [974/1000] 13bbfe74-9c38-45f8-bec0-6c81e19a4f25: 91 arrays, 28.8 MB stored; 3.3 s; peak memory 3609 MiB.
2026-10-08T20:56:31Z INFO [975/1000] 13be2e8f-9655-40ce-9b6c-76850f3a7e46: 46 arrays, 0.0 MB stored; 1.5 s; peak memory 3609 MiB.
2026-10-08T20:56:32Z INFO [976/1000] 13be873e-1674-4cb8-8e75-80791eb7bdaf: 46 arrays, 0.0 MB stored; 1.4 s; peak memory 3609 MiB.
2026-10-08T20:56:32Z INFO [977/1000] 13be75fc-5dd3-4587-a150-5543a26a599a: 117 arrays, 0.3 MB stored; 2.0 s; peak memory 3609 MiB.
2026-10-08T20:56:34Z INFO [978/1000] 13bef94d-8281-45e9-9dc6-b5fcfeb45f7a: 48 arrays, 83.9 MB stored; 1.7 s; peak memory 3610 MiB.
2026-10-08T20:56:37Z INFO [979/1000] 13bf5f26-f1b1-4eff-9326-b2057bb0e1ac: 66 arrays, 57.4 MB stored; 2.4 s; peak memory 3610 MiB.
2026-10-08T20:56:38Z INFO [980/1000] 13bf73bc-1e28-432e-a695-0592b172a686: 112 arrays, 0.3 MB stored; 1.9 s; peak memory 3610 MiB.
2026-10-08T20:56:40Z INFO [981/1000] 13bbe32b-3fda-4dc3-b065-a9eba6f5924d: 49 arrays, 8205.8 MB stored; 12.7 s; peak memory 3610 MiB.
2026-10-08T20:56:42Z INFO [982/1000] 13bff222-74f5-4c59-a7a0-1a5a8f724c1e: 110 arrays, 0.2 MB stored; 2.0 s; peak memory 3610 MiB.
2026-10-08T20:56:43Z INFO [983/1000] 13c01040-c516-43cd-afb5-af3e9b7dcdaa: 46 arrays, 0.1 MB stored; 1.4 s; peak memory 3610 MiB.
2026-10-08T20:56:49Z INFO [984/1000] 13bf77c2-a16d-4dd1-8e8c-0809510a2db5: 1180 arrays, 15.9 MB stored; 10.9 s; peak memory 3612 MiB.
2026-10-08T20:56:50Z INFO [985/1000] 13c11ae4-f93e-41d9-ae1b-71d1c7bb669d: 225 arrays, 522.4 MB stored; 6.9 s; peak memory 3612 MiB.
2026-10-08T20:56:52Z INFO [986/1000] 13c186bf-fafb-4ef8-a5ec-101085b4098b: 112 arrays, 0.6 MB stored; 2.4 s; peak memory 3612 MiB.
2026-10-08T20:56:52Z INFO [987/1000] 13c1ba4e-076d-4697-bce9-6bc178aed2cb: 117 arrays, 0.2 MB stored; 1.9 s; peak memory 3612 MiB.
2026-10-08T20:56:53Z INFO [988/1000] 13c1c13f-b539-46e5-bb13-0243cde2f996: 48 arrays, 83.9 MB stored; 1.7 s; peak memory 3612 MiB.
2026-10-08T20:56:54Z INFO [989/1000] 13c22e0b-cfe8-4e4d-b349-0ae98495df43: 118 arrays, 0.2 MB stored; 1.9 s; peak memory 3612 MiB.
2026-10-08T20:56:56Z INFO [990/1000] 13c2a9a5-7e93-4d52-87e4-f54fbcba2944: 49 arrays, 3.4 MB stored; 1.8 s; peak memory 3612 MiB.
2026-10-08T20:56:56Z INFO [991/1000] 13c29f0d-f4e2-40f8-9190-64722ab54132: 117 arrays, 0.6 MB stored; 2.1 s; peak memory 3612 MiB.
2026-10-08T20:56:57Z INFO [992/1000] 13c37fa1-401d-4e72-9f6a-907638c3a733: 48 arrays, 83.9 MB stored; 1.8 s; peak memory 3613 MiB.
2026-10-08T20:56:58Z INFO [993/1000] 13c45a56-5b7d-4e40-9b3c-785ecf43281c: 117 arrays, 0.4 MB stored; 2.1 s; peak memory 3613 MiB.
2026-10-08T20:56:59Z INFO [994/1000] 13c5dfa4-7df1-48c8-b140-6173b7703c09: 48 arrays, 83.9 MB stored; 1.8 s; peak memory 3613 MiB.
2026-10-08T20:58:43Z INFO [995/1000] 13a6b021-9593-405f-9d3e-8e19adfd8950: 107 arrays, 2211.3 MB stored; 202.4 s; peak memory 3616 MiB.
2026-10-08T20:58:44Z WARNING 129f6704-2194-4365-b840-6150647d668a: failed while reading the NWB file (TimeoutError: exceeded 1200 s)
2026-10-08T20:58:44Z WARNING [996/1000] 129f6704-2194-4365-b840-6150647d668a: recorded the failure; a later run retries it.
2026-10-08T20:59:20Z INFO [997/1000] 13be9de5-1ddd-41ae-a24e-4b09a6bcbfa9: 167 arrays, 21123.7 MB stored; 167.8 s; peak memory 3617 MiB.
2026-10-08T21:08:46Z WARNING 13518f67-480e-4d51-8058-79c97618d23a: failed while reading the NWB file (TimeoutError: exceeded 1200 s)
2026-10-08T21:08:46Z WARNING [998/1000] 13518f67-480e-4d51-8058-79c97618d23a: recorded the failure; a later run retries it.
2026-10-08T21:12:17Z WARNING 1376a8ea-10f9-4283-8b19-63b7af725eca: failed while reading the NWB file (TimeoutError: exceeded 1200 s)
2026-10-08T21:12:17Z WARNING [999/1000] 1376a8ea-10f9-4283-8b19-63b7af725eca: recorded the failure; a later run retries it.
2026-10-08T21:15:03Z WARNING 139f29a8-6673-4928-ba0a-b54f8d3a8030: failed while reading the NWB file (TimeoutError: exceeded 1200 s)
2026-10-08T21:15:03Z WARNING [1000/1000] 139f29a8-6673-4928-ba0a-b54f8d3a8030: recorded the failure; a later run retries it.
2026-10-08T21:15:09Z INFO [1000/1000] 139f29a8-6673-4928-ba0a-b54f8d3a8030: checkpointed 13200 new records.
2026-10-08T21:15:15Z INFO Wrote 13200 records to /tmp/derivatives/valid_nwb_file_to_array_sizes.jsonl (996 new, 4 failed) in 39.4 min (peak memory 3644 MiB).
