2026-10-09T03:05:10Z INFO Logging to /tmp/logs/update_2026-10-09T03-05-10Z.log.
2026-10-09T03:05:10Z INFO Update valid-nwb-file-to-array-sizes (base directory /tmp).
2026-10-09T03:05:24Z INFO Processing 1000 items (23200 already recorded).
2026-10-09T03:05:26Z INFO [1/1000] 22ce5bc5-0dc5-4c08-9738-b4c24cac8a9b: 48 arrays, 83.9 MB stored; 2.0 s; peak memory 152 MiB.
2026-10-09T03:05:26Z INFO [2/1000] 22ce32c2-e32c-49f8-a2c3-3687ea45d363: 117 arrays, 0.5 MB stored; 2.3 s; peak memory 152 MiB.
2026-10-09T03:05:26Z INFO [3/1000] 22ce5355-bcce-49b3-9656-77141c09be94: 112 arrays, 0.5 MB stored; 2.4 s; peak memory 152 MiB.
2026-10-09T03:05:27Z INFO [4/1000] 22cd4ee9-aa99-4cf7-8cbd-ba6e45f30277: 66 arrays, 96.2 MB stored; 3.0 s; peak memory 152 MiB.
2026-10-09T03:05:27Z INFO [5/1000] 22cef7fe-89db-4f4d-b02b-68bffcdfea79: 66 arrays, 126.0 MB stored; 3.0 s; peak memory 152 MiB.
2026-10-09T03:05:27Z INFO [6/1000] 22d072ff-023d-434f-a74e-b7a8e5291fc8: 48 arrays, 83.9 MB stored; 1.2 s; peak memory 152 MiB.
2026-10-09T03:05:28Z INFO [7/1000] 22cda67d-1418-4cde-be2a-e5feda0b5bd6: 38 arrays, 105.8 MB stored; 4.1 s; peak memory 152 MiB.
2026-10-09T03:05:28Z INFO [8/1000] 22d118e2-9098-445b-8d4f-1a1b7e060711: 48 arrays, 83.9 MB stored; 1.2 s; peak memory 152 MiB.
2026-10-09T03:05:28Z INFO [9/1000] 22d13b27-8830-4e13-b658-093641a776a4: 112 arrays, 0.6 MB stored; 1.5 s; peak memory 152 MiB.
2026-10-09T03:05:28Z INFO [10/1000] 22d19946-1c11-46e2-a503-7a97fcd2c03d: 46 arrays, 0.2 MB stored; 1.1 s; peak memory 152 MiB.
2026-10-09T03:05:29Z INFO [11/1000] 22ce6f47-ef21-4f66-8c9e-254e01eb6923: 538 arrays, 7.6 MB stored; 5.2 s; peak memory 152 MiB.
2026-10-09T03:05:29Z INFO [12/1000] 22d2a94e-f459-46f0-80b4-670dfd6200f9: 118 arrays, 0.4 MB stored; 1.3 s; peak memory 152 MiB.
2026-10-09T03:05:30Z INFO [13/1000] 22d41060-8d88-4175-aabb-6632741c03fc: 48 arrays, 83.9 MB stored; 1.3 s; peak memory 152 MiB.
2026-10-09T03:05:30Z INFO [14/1000] 22d4f45d-23db-440c-bdd0-7e743b318e43: 62 arrays, 0.0 MB stored; 1.1 s; peak memory 152 MiB.
2026-10-09T03:05:31Z INFO [15/1000] 22cd75cf-1148-4776-bf6e-4d2a5ac95dcd: 391 arrays, 78.4 MB stored; 7.1 s; peak memory 152 MiB.
2026-10-09T03:05:31Z INFO [16/1000] 22d61f66-0d38-4528-a855-5b19592b8eae: 289 arrays, 17.0 MB stored; 1.4 s; peak memory 152 MiB.
2026-10-09T03:05:31Z INFO [17/1000] 22d66d7d-76be-47dc-b4f8-845e6ef7de24: 77 arrays, 0.2 MB stored; 1.2 s; peak memory 152 MiB.
2026-10-09T03:05:32Z INFO [18/1000] 22d518c7-188c-4570-bf0e-04c12db9386d: 103 arrays, 11.9 MB stored; 2.4 s; peak memory 152 MiB.
2026-10-09T03:05:32Z INFO [19/1000] 22d6cdc8-e3c7-4cc8-9298-f82d0b16e3f2: 48 arrays, 83.9 MB stored; 1.2 s; peak memory 152 MiB.
2026-10-09T03:05:33Z INFO [20/1000] 22da0803-692e-4993-a020-45586bd94d11: 48 arrays, 83.9 MB stored; 1.3 s; peak memory 152 MiB.
2026-10-09T03:05:33Z INFO [21/1000] 22da7129-995f-4ad3-9b73-d39787d6de0e: 116 arrays, 0.3 MB stored; 1.2 s; peak memory 152 MiB.
2026-10-09T03:05:34Z INFO [22/1000] 22d689b1-41ce-4f65-baa6-2d58c1d904f9: 88 arrays, 12305.5 MB stored; 2.9 s; peak memory 152 MiB.
2026-10-09T03:05:34Z INFO [23/1000] 22db0833-c5fb-407d-afa4-1f42099131f6: 74 arrays, 1.5 MB stored; 1.3 s; peak memory 152 MiB.
2026-10-09T03:05:34Z INFO [24/1000] 22cf7d97-3628-4622-9967-f8a9040481df: 97 arrays, 119.9 MB stored; 8.5 s; peak memory 152 MiB.
2026-10-09T03:05:34Z INFO [25/1000] 22d04cb2-432e-4654-a767-362cc33d2e9a: 919 arrays, 25.3 MB stored; 8.4 s; peak memory 152 MiB.
2026-10-09T03:05:35Z INFO [26/1000] 22db8aed-5e02-42f3-86b9-182b843f7629: 119 arrays, 66.4 MB stored; 2.0 s; peak memory 152 MiB.
2026-10-09T03:05:35Z INFO [27/1000] 22d74cbb-9565-419d-9a98-df849354868c: 208 arrays, 51.9 MB stored; 4.2 s; peak memory 152 MiB.
2026-10-09T03:05:36Z INFO [28/1000] 22db965b-c4a6-4d59-aa63-e7e7d8f3e265: 48 arrays, 83.9 MB stored; 1.2 s; peak memory 152 MiB.
2026-10-09T03:05:36Z INFO [29/1000] 22dbbc39-e64e-487b-b819-6a5b0eb96f38: 48 arrays, 83.9 MB stored; 1.4 s; peak memory 152 MiB.
2026-10-09T03:05:37Z INFO [30/1000] 22dbf3c4-21f6-437d-92fc-754b42210dd3: 112 arrays, 0.2 MB stored; 1.6 s; peak memory 152 MiB.
2026-10-09T03:05:38Z INFO [31/1000] 22dc03e0-7556-4de1-bc42-dfc4f1e146e3: 59 arrays, 117.6 MB stored; 1.6 s; peak memory 152 MiB.
2026-10-09T03:05:38Z INFO [32/1000] 22dbbff3-b40f-4243-8bd3-e1f4ca53c09c: 115 arrays, 190.2 MB stored; 2.7 s; peak memory 152 MiB.
2026-10-09T03:05:38Z INFO [33/1000] 22dc458e-1b8b-4c12-a9e0-fb08344099f1: 46 arrays, 12.6 MB stored; 1.3 s; peak memory 152 MiB.
2026-10-09T03:05:39Z INFO [34/1000] 22dbde36-a6d5-446b-b22f-5ef114591c19: 152 arrays, 528.6 MB stored; 3.2 s; peak memory 152 MiB.
2026-10-09T03:05:39Z INFO [35/1000] 22dd9c8a-08da-4965-ad12-3da3fa2a1d0d: 112 arrays, 0.8 MB stored; 1.5 s; peak memory 152 MiB.
2026-10-09T03:05:39Z INFO [36/1000] 22e01c46-7ba0-4b47-a31d-ed757a80937f: 60 arrays, 0.6 MB stored; 1.2 s; peak memory 152 MiB.
2026-10-09T03:05:40Z INFO [37/1000] 22e07fda-1dd9-4521-9406-c0cac63c8559: 117 arrays, 0.3 MB stored; 1.4 s; peak memory 152 MiB.
2026-10-09T03:05:40Z INFO [38/1000] 22e13dbf-e7ba-4e11-9576-e72d3622e4b7: 62 arrays, 0.8 MB stored; 1.2 s; peak memory 152 MiB.
2026-10-09T03:05:41Z INFO [39/1000] 22e1d013-d3e5-42bb-971a-662dbe4229de: 117 arrays, 0.5 MB stored; 1.2 s; peak memory 152 MiB.
2026-10-09T03:05:41Z INFO [40/1000] 22e22d99-f7cc-4671-8b91-eb85545de3fc: 72 arrays, 23.2 MB stored; 1.1 s; peak memory 152 MiB.
2026-10-09T03:05:42Z INFO [41/1000] 22e1c8d9-1517-4531-9b2b-f8a5bd9b9674: 292 arrays, 7.6 MB stored; 3.0 s; peak memory 152 MiB.
2026-10-09T03:05:42Z INFO [42/1000] 22db9604-17ef-42be-ad18-f7187f340d5a: 864 arrays, 26.3 MB stored; 8.1 s; peak memory 152 MiB.
2026-10-09T03:05:42Z INFO [43/1000] 22e2d6c5-8796-41fe-8a53-83c2841127e3: 48 arrays, 83.9 MB stored; 1.3 s; peak memory 152 MiB.
2026-10-09T03:05:43Z INFO [44/1000] 22e35473-b8a4-410e-95b4-4dd61f466535: 117 arrays, 0.4 MB stored; 1.4 s; peak memory 152 MiB.
2026-10-09T03:05:44Z INFO [45/1000] 22e35cdc-71bd-454f-b67e-63d0ceb51b67: 83 arrays, 0.2 MB stored; 1.3 s; peak memory 152 MiB.
2026-10-09T03:05:44Z INFO [46/1000] 22e3ce5c-7951-4c28-8a77-b021551b94fb: 47 arrays, 193.8 MB stored; 1.5 s; peak memory 152 MiB.
2026-10-09T03:05:44Z INFO [47/1000] 22db926b-3a52-44ef-9302-856abf32882a: 750 arrays, 23.3 MB stored; 10.0 s; peak memory 152 MiB.
2026-10-09T03:05:44Z INFO [48/1000] 22e3e500-1767-4616-b683-1fdbe95fdd67: 52 arrays, 13.3 MB stored; 1.3 s; peak memory 152 MiB.
2026-10-09T03:05:45Z INFO [49/1000] 22e3ece8-52b0-4ad4-9f3b-12b323f76296: 48 arrays, 83.9 MB stored; 1.1 s; peak memory 152 MiB.
2026-10-09T03:05:45Z INFO [50/1000] 22e43826-8c08-4e30-8d50-bf48ad53be7d: 109 arrays, 0.8 MB stored; 1.6 s; peak memory 152 MiB.
2026-10-09T03:05:45Z INFO [51/1000] 22e458a8-106a-42de-8a27-aa1797b79e95: 112 arrays, 0.6 MB stored; 1.6 s; peak memory 152 MiB.
2026-10-09T03:05:46Z INFO [52/1000] 22e46b7a-fbb3-40de-a996-cec4ee16d3e6: 110 arrays, 0.6 MB stored; 1.4 s; peak memory 152 MiB.
2026-10-09T03:05:46Z INFO [53/1000] 22e475f2-fb57-44f7-af36-57ecdfdf8a8e: 39 arrays, 10.8 MB stored; 1.1 s; peak memory 152 MiB.
2026-10-09T03:05:47Z INFO [54/1000] 22e5f9fc-4dbb-4a5c-8b66-75132e2bf425: 142 arrays, 0.9 MB stored; 1.4 s; peak memory 152 MiB.
2026-10-09T03:05:47Z INFO [55/1000] 22e68c6f-2293-45f4-a436-470335285924: 69 arrays, 2.1 MB stored; 1.4 s; peak memory 152 MiB.
2026-10-09T03:05:47Z INFO [56/1000] 22e659c0-172d-4d0b-85a5-f45fa5ce2727: 71 arrays, 64.9 MB stored; 2.0 s; peak memory 152 MiB.
2026-10-09T03:05:49Z INFO [57/1000] 22e80f4d-84b1-47c9-9748-1023c226b233: 117 arrays, 0.4 MB stored; 1.2 s; peak memory 152 MiB.
2026-10-09T03:05:49Z INFO [58/1000] 22e7f9c0-7beb-4bac-837c-c3850da5fe9d: 70 arrays, 22.8 MB stored; 1.6 s; peak memory 152 MiB.
2026-10-09T03:05:49Z INFO [59/1000] 22e3d155-f3ae-4049-80bc-22143c5d63de: 339 arrays, 48.0 MB stored; 6.7 s; peak memory 152 MiB.
2026-10-09T03:05:50Z INFO [60/1000] 22e84abf-7d22-4745-a311-c24627514436: 69 arrays, 40.9 MB stored; 1.3 s; peak memory 152 MiB.
2026-10-09T03:05:50Z INFO [61/1000] 22e99a58-e686-4fa0-9ed4-c01e769abbcd: 116 arrays, 0.4 MB stored; 1.3 s; peak memory 152 MiB.
2026-10-09T03:05:52Z INFO [62/1000] 22e78eb3-ccb2-482a-9d65-683bf257c453: 759 arrays, 19.8 MB stored; 5.2 s; peak memory 152 MiB.
2026-10-09T03:05:52Z INFO [63/1000] 22e9ddcf-db6a-475b-a9e0-2e651b3def33: 38 arrays, 33.8 MB stored; 1.9 s; peak memory 152 MiB.
2026-10-09T03:05:53Z INFO [64/1000] 22ea5f46-2bb9-4a32-b641-ee9bce0d1bbe: 48 arrays, 83.9 MB stored; 1.3 s; peak memory 152 MiB.
2026-10-09T03:05:55Z INFO [65/1000] 22eb6201-ee10-4c97-b0b0-81fdbaa40011: 112 arrays, 0.7 MB stored; 1.6 s; peak memory 152 MiB.
2026-10-09T03:05:56Z INFO [66/1000] 22ebcf26-73fa-4486-8660-4c4ac91da80d: 117 arrays, 0.4 MB stored; 1.3 s; peak memory 152 MiB.
2026-10-09T03:05:56Z INFO [67/1000] 22e9f574-dd53-4eb2-883c-75e4572d0ef3: 355 arrays, 133.1 MB stored; 5.7 s; peak memory 152 MiB.
2026-10-09T03:05:56Z INFO [68/1000] 22eb438e-d5c3-4fa1-a2bf-6a8b60990354: 312 arrays, 44.3 MB stored; 4.1 s; peak memory 152 MiB.
2026-10-09T03:05:57Z INFO [69/1000] 22ebcfbd-2098-4676-b547-8c3ac46ff397: 48 arrays, 83.9 MB stored; 1.3 s; peak memory 152 MiB.
2026-10-09T03:05:57Z INFO [70/1000] 22e8edb2-5bf5-42fc-83f5-3658ccea8051: 11477 arrays, 150.6 MB stored; 8.6 s; peak memory 152 MiB.
2026-10-09T03:05:58Z INFO [71/1000] 22ec8c4a-065f-468f-8411-955fbadde1bf: 52 arrays, 657.1 MB stored; 1.8 s; peak memory 152 MiB.
2026-10-09T03:05:58Z INFO [72/1000] 22ebd369-cfd0-4395-8d22-5ddd01cbe442: 133 arrays, 107605.5 MB stored; 2.2 s; peak memory 152 MiB.
2026-10-09T03:05:59Z INFO [73/1000] 22ed8d39-b42d-469d-9d05-74dcdb960f48: 118 arrays, 0.4 MB stored; 1.4 s; peak memory 152 MiB.
2026-10-09T03:05:59Z INFO [74/1000] 22ed2371-5996-4dff-a76c-bbf606df7f29: 69 arrays, 70.8 MB stored; 1.7 s; peak memory 152 MiB.
2026-10-09T03:05:59Z INFO [75/1000] 22edcd96-defd-456c-9800-dac932975530: 48 arrays, 83.9 MB stored; 1.3 s; peak memory 152 MiB.
2026-10-09T03:06:00Z INFO [76/1000] 22ede0c6-ea27-487f-9cc8-f59dffe9fc35: 66 arrays, 17.9 MB stored; 1.5 s; peak memory 152 MiB.
2026-10-09T03:06:00Z INFO [77/1000] 22edea07-eed9-4e4a-a671-3e1a7f8e3e2e: 117 arrays, 0.5 MB stored; 1.4 s; peak memory 152 MiB.
2026-10-09T03:06:01Z INFO [78/1000] 22eeb061-992b-4089-94ee-e2539e1ea4e3: 116 arrays, 0.2 MB stored; 1.3 s; peak memory 152 MiB.
2026-10-09T03:06:01Z INFO [79/1000] 22eeeab5-aec8-43db-80f4-10a0e492c825: 78 arrays, 1.2 MB stored; 1.4 s; peak memory 152 MiB.
2026-10-09T03:06:01Z INFO [80/1000] 22ef2ee3-5c25-4506-964e-dde42da47cd9: 48 arrays, 83.9 MB stored; 1.2 s; peak memory 152 MiB.
2026-10-09T03:06:01Z INFO [81/1000] 22ee560e-bc87-462a-b76d-447f5fba205d: 71 arrays, 65.4 MB stored; 2.5 s; peak memory 152 MiB.
2026-10-09T03:06:02Z INFO [82/1000] 22ef51d4-c6b7-4b91-9631-495421f197c9: 53 arrays, 0.0 MB stored; 1.0 s; peak memory 152 MiB.
2026-10-09T03:06:02Z INFO [83/1000] 22ef3c79-ab7b-43a4-8ee1-2097574890d0: 112 arrays, 1.2 MB stored; 1.6 s; peak memory 152 MiB.
2026-10-09T03:06:03Z INFO [84/1000] 22f061f9-10e7-47ef-bdbd-89e8a7ba4bed: 41 arrays, 8.4 MB stored; 1.3 s; peak memory 152 MiB.
2026-10-09T03:06:03Z INFO [85/1000] 22efcf95-9cf1-49d9-8102-45fb164e6a95: 48 arrays, 83.9 MB stored; 1.3 s; peak memory 152 MiB.
2026-10-09T03:06:04Z INFO [86/1000] 22f07a97-2ab7-4cfa-9339-4b752e662085: 48 arrays, 83.9 MB stored; 1.4 s; peak memory 152 MiB.
2026-10-09T03:06:04Z INFO [87/1000] 22f09096-4756-4149-ac3a-e65664c430b1: 289 arrays, 17.1 MB stored; 1.4 s; peak memory 152 MiB.
2026-10-09T03:06:05Z INFO [88/1000] 22f10a92-bc12-4ddc-9014-d6e02c1b736b: 117 arrays, 19.8 MB stored; 1.9 s; peak memory 152 MiB.
2026-10-09T03:06:06Z INFO [89/1000] 22f0a374-a914-4eeb-9c5f-fa0f8b3a0e7e: 451 arrays, 4.6 MB stored; 3.2 s; peak memory 152 MiB.
2026-10-09T03:06:06Z INFO [90/1000] 22f06a0e-6826-4926-8942-444eebac41c5: 223 arrays, 277.1 MB stored; 4.2 s; peak memory 152 MiB.
2026-10-09T03:06:07Z INFO [91/1000] 22f1890c-cb57-4eed-af87-e9676e632c01: 48 arrays, 35.0 MB stored; 2.5 s; peak memory 152 MiB.
2026-10-09T03:06:07Z INFO [92/1000] 22f2252c-a417-4f1f-a2cc-3b87ff93df5f: 76 arrays, 4.0 MB stored; 1.5 s; peak memory 152 MiB.
2026-10-09T03:06:09Z INFO [93/1000] 22f24abe-b207-442e-a3e1-34caa6a81287: 119 arrays, 67.3 MB stored; 2.3 s; peak memory 152 MiB.
2026-10-09T03:06:09Z INFO [94/1000] 22f313c3-9aaa-4148-9396-42fc0f9598dd: 48 arrays, 83.9 MB stored; 1.3 s; peak memory 152 MiB.
2026-10-09T03:06:14Z INFO [95/1000] 22f18cfe-a9ab-4561-bbcf-7e6b8f2b9fa6: 429 arrays, 14398.2 MB stored; 8.5 s; peak memory 152 MiB.
2026-10-09T03:06:15Z INFO [96/1000] 22f40ba9-7f1a-4922-901e-921440389239: 48 arrays, 251.7 MB stored; 1.2 s; peak memory 152 MiB.
2026-10-09T03:06:16Z INFO [97/1000] 22f362cc-e80c-4086-9ab4-9e4b599e599c: 691 arrays, 21.7 MB stored; 7.6 s; peak memory 152 MiB.
2026-10-09T03:06:16Z INFO [98/1000] 22f41d4a-9f27-43f8-9fb5-972ac11e0529: 52 arrays, 13.2 MB stored; 1.2 s; peak memory 152 MiB.
2026-10-09T03:06:18Z INFO [99/1000] 22f44453-77c8-4c56-958e-6f78c01843a8: 83 arrays, 1.8 MB stored; 1.4 s; peak memory 152 MiB.
2026-10-09T03:06:20Z INFO [100/1000] 22f498d4-bda2-48e7-a699-b99835df78ac: 535 arrays, 7.2 MB stored; 3.1 s; peak memory 152 MiB.
2026-10-09T03:06:21Z INFO [101/1000] 22f623f9-30c8-4882-ae0e-db89bf58a0a8: 184 arrays, 217.5 MB stored; 3.2 s; peak memory 152 MiB.
2026-10-09T03:06:24Z INFO [102/1000] 22f3b5af-6f71-4550-a5d7-e04a53b33bd4: 1551 arrays, 125.1 MB stored; 15.6 s; peak memory 152 MiB.
2026-10-09T03:06:26Z INFO [103/1000] 22f742ad-d29f-4d17-b741-00e900e9d689: 229 arrays, 2670.0 MB stored; 4.8 s; peak memory 152 MiB.
2026-10-09T03:06:26Z INFO [104/1000] 22f78e47-5d0d-4ae4-bca0-f95e9810ed47: 52 arrays, 14.0 MB stored; 1.4 s; peak memory 152 MiB.
2026-10-09T03:06:27Z INFO [105/1000] 22f686f1-dc76-47e7-9287-3214d145ae09: 107 arrays, 80.9 MB stored; 7.2 s; peak memory 152 MiB.
2026-10-09T03:06:27Z INFO [106/1000] 22f8c541-1bf2-45d5-8584-2aeef2cbfa66: 117 arrays, 0.3 MB stored; 1.3 s; peak memory 152 MiB.
2026-10-09T03:06:27Z INFO [107/1000] 22f95711-7ce9-48b9-99c7-f333a7349c0a: 117 arrays, 0.3 MB stored; 1.4 s; peak memory 152 MiB.
2026-10-09T03:06:28Z INFO [108/1000] 22fa0c39-8cd0-40aa-95c2-c901b331eb95: 50 arrays, 0.0 MB stored; 1.2 s; peak memory 152 MiB.
2026-10-09T03:06:29Z INFO [109/1000] 22fa2867-ca24-41a9-a37d-0c8a6277d13f: 48 arrays, 83.9 MB stored; 1.4 s; peak memory 152 MiB.
2026-10-09T03:06:29Z INFO [110/1000] 22fa6567-ccce-4b89-a650-245b064b0848: 49 arrays, 10.7 MB stored; 1.2 s; peak memory 152 MiB.
2026-10-09T03:06:30Z INFO [111/1000] 22fa228e-0f1c-4b0e-b6a2-0baac2b8e197: 156 arrays, 193.5 MB stored; 2.7 s; peak memory 152 MiB.
2026-10-09T03:06:31Z INFO [112/1000] 22fad5a0-7c6b-4a9d-91e2-ca07f40d052f: 112 arrays, 1.2 MB stored; 1.6 s; peak memory 152 MiB.
2026-10-09T03:06:31Z INFO [113/1000] 22fb616e-89b9-4653-99d4-22af13c73a37: 116 arrays, 0.4 MB stored; 1.2 s; peak memory 152 MiB.
2026-10-09T03:06:32Z INFO [114/1000] 22fb7c88-cab9-4e57-857d-d6f051ac24e3: 117 arrays, 0.3 MB stored; 1.3 s; peak memory 152 MiB.
2026-10-09T03:06:32Z INFO [115/1000] 22fc4d1d-24cd-4e81-a322-966eb4b5b849: 117 arrays, 0.3 MB stored; 1.2 s; peak memory 152 MiB.
2026-10-09T03:06:34Z INFO [116/1000] 22fc999e-18bc-4867-b45d-35147f8d729b: 70 arrays, 8.1 MB stored; 1.6 s; peak memory 152 MiB.
2026-10-09T03:06:34Z INFO [117/1000] 22fa8462-f9c9-41d1-9c94-57a3bbef5e9a: 749 arrays, 30.5 MB stored; 5.9 s; peak memory 152 MiB.
2026-10-09T03:06:35Z INFO [118/1000] 22fd70bf-0dea-4ae9-8dee-42af10712ad3: 50 arrays, 2.3 MB stored; 1.0 s; peak memory 152 MiB.
2026-10-09T03:06:36Z INFO [119/1000] 22fdd71a-4dbb-45af-a428-22de2c62a780: 66 arrays, 18.5 MB stored; 1.5 s; peak memory 152 MiB.
2026-10-09T03:06:36Z INFO [120/1000] 22fddffa-cdc4-4315-bb44-4f324da0aa3e: 112 arrays, 0.7 MB stored; 1.6 s; peak memory 152 MiB.
2026-10-09T03:06:37Z INFO [121/1000] 22fccbbe-d300-4b6d-8015-87e8ad55f625: 229 arrays, 555.7 MB stored; 5.0 s; peak memory 152 MiB.
2026-10-09T03:06:37Z INFO [122/1000] 22fe4b81-86ce-47de-b3a7-631549cbe679: 116 arrays, 0.3 MB stored; 1.4 s; peak memory 152 MiB.
2026-10-09T03:06:38Z INFO [123/1000] 22f2ef69-93c1-4f72-9043-9aa3cddfe433: 2906 arrays, 1952.4 MB stored; 31.0 s; peak memory 152 MiB.
2026-10-09T03:06:39Z INFO [124/1000] 22ff9063-02f7-45f3-98e6-e435dbf3dfd8: 117 arrays, 0.3 MB stored; 1.3 s; peak memory 152 MiB.
2026-10-09T03:06:40Z INFO [125/1000] 22fff86c-e9c1-4096-85d6-a11e14b0aed1: 56 arrays, 0.0 MB stored; 0.9 s; peak memory 152 MiB.
2026-10-09T03:06:41Z INFO [126/1000] 23002a2c-9b78-4678-be09-b28250de4a89: 67 arrays, 33.2 MB stored; 1.3 s; peak memory 152 MiB.
2026-10-09T03:06:43Z INFO [127/1000] 22ff3e0b-65a9-4c91-83ad-3e15df795965: 1034 arrays, 21.6 MB stored; 5.9 s; peak memory 152 MiB.
2026-10-09T03:06:45Z INFO [128/1000] 22d450b0-9c81-455d-9ee9-6581500aa60f: 45312 arrays, 406.3 MB stored; 76.6 s; peak memory 186 MiB.
2026-10-09T03:06:50Z INFO [129/1000] 23004e3a-78d6-44c4-a272-8d4f42e88764: 11481 arrays, 256.4 MB stored; 9.0 s; peak memory 197 MiB.
2026-10-09T03:06:52Z INFO [130/1000] 2300dd65-d430-489f-8c5f-983d89b2ae5b: 114 arrays, 186.8 MB stored; 2.2 s; peak memory 198 MiB.
2026-10-09T03:06:53Z INFO [131/1000] 23012583-e6a4-4995-884f-d446a65ed4ab: 118 arrays, 0.3 MB stored; 1.2 s; peak memory 198 MiB.
2026-10-09T03:06:54Z INFO [132/1000] 2300cf66-27db-4a41-9a57-71a942ac23d2: 683 arrays, 36.4 MB stored; 11.4 s; peak memory 198 MiB.
2026-10-09T03:06:55Z INFO [133/1000] 2301b25f-ee3e-44c6-9cd2-2f33420b3674: 66 arrays, 18.1 MB stored; 1.6 s; peak memory 198 MiB.
2026-10-09T03:06:56Z INFO [134/1000] 2301f71d-39f2-4eaa-960f-12cacd48c7af: 117 arrays, 0.3 MB stored; 1.3 s; peak memory 199 MiB.
2026-10-09T03:06:56Z INFO [135/1000] 23028142-c57f-4c36-b855-92c5a42cd35a: 48 arrays, 83.9 MB stored; 1.3 s; peak memory 199 MiB.
2026-10-09T03:06:57Z INFO [136/1000] 23029953-6379-4c6a-afc3-52fa1d8e73b4: 112 arrays, 0.4 MB stored; 1.2 s; peak memory 199 MiB.
2026-10-09T03:06:57Z INFO [137/1000] 2300d3a4-9d8f-4268-a2dd-a30bbf039cb5: 7208 arrays, 99.1 MB stored; 12.2 s; peak memory 205 MiB.
2026-10-09T03:06:57Z INFO [138/1000] 2303272d-ae7c-4f74-bfd8-65a3d8c6f494: 116 arrays, 0.3 MB stored; 1.3 s; peak memory 205 MiB.
2026-10-09T03:06:58Z INFO [139/1000] 23044158-6417-448c-9358-a4c1d66f333e: 48 arrays, 83.9 MB stored; 1.1 s; peak memory 205 MiB.
2026-10-09T03:06:58Z INFO [140/1000] 23044be9-9ff3-4311-b734-92dfbf900721: 50 arrays, 0.0 MB stored; 1.0 s; peak memory 205 MiB.
2026-10-09T03:07:00Z INFO [141/1000] 2304d957-4967-40cd-93ec-57dbe8c1a649: 117 arrays, 0.4 MB stored; 1.3 s; peak memory 205 MiB.
2026-10-09T03:07:00Z INFO [142/1000] 2304f736-a322-43e6-a606-1f894765ad37: 112 arrays, 0.6 MB stored; 1.4 s; peak memory 205 MiB.
2026-10-09T03:07:01Z INFO [143/1000] 23055528-ae06-4b2e-a2ea-aecbe21b6746: 48 arrays, 83.9 MB stored; 1.3 s; peak memory 205 MiB.
2026-10-09T03:07:01Z INFO [144/1000] 2305bc61-2b05-4a49-bd94-103595ee6f21: 117 arrays, 0.4 MB stored; 1.3 s; peak memory 205 MiB.
2026-10-09T03:07:02Z INFO [145/1000] 230405a2-42bb-4e59-8b25-d53fc09ab422: 229 arrays, 304.4 MB stored; 5.0 s; peak memory 206 MiB.
2026-10-09T03:07:02Z INFO [146/1000] 2305c477-8718-4410-8f1a-973e18b9c2eb: 35 arrays, 0.0 MB stored; 1.1 s; peak memory 206 MiB.
2026-10-09T03:07:03Z INFO [147/1000] 2305dd46-d765-41a7-b5a8-403b9bb3a79b: 83 arrays, 0.7 MB stored; 1.4 s; peak memory 206 MiB.
2026-10-09T03:07:03Z INFO [148/1000] 230648ca-3fc2-417e-bfb5-93bd66ed547d: 118 arrays, 0.4 MB stored; 1.3 s; peak memory 206 MiB.
2026-10-09T03:07:03Z INFO [149/1000] 23069a93-9a82-4534-a3d3-63e38ba43bd9: 48 arrays, 83.9 MB stored; 1.4 s; peak memory 206 MiB.
2026-10-09T03:07:04Z INFO [150/1000] 2306aae5-844f-4688-a0d9-c102f8a2bbbe: 62 arrays, 0.8 MB stored; 1.1 s; peak memory 206 MiB.
2026-10-09T03:07:05Z INFO [151/1000] 2307574d-fba9-4eb1-9cd6-6aa224c71edc: 84 arrays, 0.5 MB stored; 1.4 s; peak memory 206 MiB.
2026-10-09T03:07:05Z INFO [152/1000] 230782b0-a141-46e3-a58a-c3f3969d9524: 66 arrays, 14.7 MB stored; 1.4 s; peak memory 206 MiB.
2026-10-09T03:07:06Z INFO [153/1000] 230753ea-2d9c-45e7-8fbd-5a0cd5544489: 156 arrays, 193.6 MB stored; 2.7 s; peak memory 206 MiB.
2026-10-09T03:07:06Z INFO [154/1000] 2307d22f-f6b1-483a-80cf-7e2a92c5c5dc: 39 arrays, 30.0 MB stored; 1.2 s; peak memory 206 MiB.
2026-10-09T03:07:06Z INFO [155/1000] 2307d37e-bce0-4181-b412-94446ffd0688: 69 arrays, 1.7 MB stored; 1.4 s; peak memory 206 MiB.
2026-10-09T03:07:07Z INFO [156/1000] 23080da2-9ae1-403e-81e0-c141a3e04eed: 117 arrays, 0.3 MB stored; 1.2 s; peak memory 206 MiB.
2026-10-09T03:07:07Z INFO [157/1000] 230871d9-8adc-49e0-999c-bb441e04f56b: 48 arrays, 83.9 MB stored; 1.2 s; peak memory 206 MiB.
2026-10-09T03:07:08Z INFO [158/1000] 2308a6a7-d364-44c0-81ff-7df1e07769f8: 48 arrays, 83.9 MB stored; 1.1 s; peak memory 206 MiB.
2026-10-09T03:07:08Z INFO [159/1000] 2308c8ce-880e-45a0-9baf-54a70d580382: 31 arrays, 0.0 MB stored; 1.1 s; peak memory 206 MiB.
2026-10-09T03:07:09Z INFO [160/1000] 23091f20-9c11-49ad-85d0-9f9b450d23c7: 48 arrays, 83.9 MB stored; 1.2 s; peak memory 206 MiB.
2026-10-09T03:07:09Z INFO [161/1000] 23099e53-4a15-4e85-81ee-f8788159a566: 48 arrays, 83.9 MB stored; 1.1 s; peak memory 206 MiB.
2026-10-09T03:07:10Z INFO [162/1000] 230a1c2e-7219-4d28-a4dd-bbc7ce333083: 117 arrays, 0.6 MB stored; 1.4 s; peak memory 207 MiB.
2026-10-09T03:07:11Z INFO [163/1000] 230a25d3-a866-4de2-9aea-a66cd8352f20: 66 arrays, 63.3 MB stored; 1.5 s; peak memory 207 MiB.
2026-10-09T03:07:12Z INFO [164/1000] 230abade-d259-4894-8497-03c6a7387a16: 66 arrays, 65.4 MB stored; 1.6 s; peak memory 207 MiB.
2026-10-09T03:07:12Z INFO [165/1000] 230b3e12-3f35-41f0-a516-7910ada9da3e: 112 arrays, 0.5 MB stored; 1.5 s; peak memory 207 MiB.
2026-10-09T03:07:12Z INFO [166/1000] 2308cd05-2a9e-4735-9d76-69944edaee00: 200 arrays, 233.0 MB stored; 5.1 s; peak memory 207 MiB.
2026-10-09T03:07:13Z INFO [167/1000] 230bfe7f-489c-492e-8a8b-9d4b7c60a7fd: 116 arrays, 0.6 MB stored; 1.5 s; peak memory 207 MiB.
2026-10-09T03:07:13Z INFO [168/1000] 230c916f-7fb7-49a1-a760-ab5c0148d4b0: 56 arrays, 0.0 MB stored; 1.0 s; peak memory 207 MiB.
2026-10-09T03:07:14Z INFO [169/1000] 22ffb653-9f50-4176-b74b-7bce0146a888: 48 arrays, 38871.9 MB stored; 35.9 s; peak memory 207 MiB.
2026-10-09T03:07:14Z INFO [170/1000] 230c6434-f61b-423c-af43-2e1eddbafaee: 118 arrays, 0.3 MB stored; 1.4 s; peak memory 207 MiB.
2026-10-09T03:07:15Z INFO [171/1000] 230d79db-54dc-49ce-b20e-c88ae070c933: 48 arrays, 83.9 MB stored; 1.4 s; peak memory 207 MiB.
2026-10-09T03:07:15Z INFO [172/1000] 230dbc0f-75db-4053-ad5a-6d3e954413fc: 48 arrays, 83.9 MB stored; 1.2 s; peak memory 208 MiB.
2026-10-09T03:07:15Z INFO [173/1000] 230ce45f-67b0-4358-af6e-98d462b6ae97: 112 arrays, 1.1 MB stored; 1.6 s; peak memory 208 MiB.
2026-10-09T03:07:15Z INFO [174/1000] 230e4e9d-7929-47b6-b68f-d928b616845f: 48 arrays, 83.9 MB stored; 1.2 s; peak memory 208 MiB.
2026-10-09T03:07:16Z INFO [175/1000] 230f11d1-7336-41c6-8a6f-1cd545d534b7: 38 arrays, 0.5 MB stored; 1.3 s; peak memory 208 MiB.
2026-10-09T03:07:18Z INFO [176/1000] 23109dd8-c9aa-40f4-af88-d84defabf197: 51 arrays, 2206.9 MB stored; 1.8 s; peak memory 208 MiB.
2026-10-09T03:07:19Z INFO [177/1000] 2310f563-b48e-4182-92b5-a495c6ee767f: 46 arrays, 0.1 MB stored; 0.8 s; peak memory 208 MiB.
2026-10-09T03:07:19Z INFO [178/1000] 230fcaf4-b496-496c-b641-06b735735314: 229 arrays, 252.9 MB stored; 4.1 s; peak memory 208 MiB.
2026-10-09T03:07:20Z INFO [179/1000] 23110a90-0d5b-47f4-b2dd-9a18f8c3ce5b: 48 arrays, 83.9 MB stored; 1.2 s; peak memory 208 MiB.
2026-10-09T03:07:20Z INFO [180/1000] 2311370b-eb6d-41da-ac55-9634c6fb8894: 69 arrays, 2.9 MB stored; 1.4 s; peak memory 208 MiB.
2026-10-09T03:07:21Z INFO [181/1000] 231186b3-6cca-4064-9d79-820c19c16739: 110 arrays, 0.6 MB stored; 1.4 s; peak memory 208 MiB.
2026-10-09T03:07:22Z INFO [182/1000] 230f8a41-6afb-4acf-9693-ab6800b45b0e: 1111 arrays, 15.5 MB stored; 7.0 s; peak memory 209 MiB.
2026-10-09T03:07:22Z INFO [183/1000] 23119f71-1c61-4701-9922-3a0821412236: 50 arrays, 3942.7 MB stored; 1.5 s; peak memory 209 MiB.
2026-10-09T03:07:23Z INFO [184/1000] 2312517c-79ec-431c-bf59-9292c142d55b: 42 arrays, 2.0 MB stored; 1.4 s; peak memory 209 MiB.
2026-10-09T03:07:23Z INFO [185/1000] 23128312-cc38-4b30-97ff-317751b781bb: 52 arrays, 11.6 MB stored; 1.3 s; peak memory 209 MiB.
2026-10-09T03:07:23Z INFO [186/1000] 23134728-0df0-4338-91f1-9c5c63e493da: 289 arrays, 17.1 MB stored; 1.6 s; peak memory 210 MiB.
2026-10-09T03:07:24Z INFO [187/1000] 23136e5c-5861-410c-a4cf-8f30071f84ba: 48 arrays, 83.9 MB stored; 1.1 s; peak memory 210 MiB.
2026-10-09T03:07:24Z INFO [188/1000] 2313ac7c-800c-473f-ba10-e466faa1861c: 121 arrays, 0.1 MB stored; 1.2 s; peak memory 210 MiB.
2026-10-09T03:07:25Z INFO [189/1000] 2313e03b-0e53-45f1-8924-9d91a2c34f89: 118 arrays, 0.3 MB stored; 1.3 s; peak memory 210 MiB.
2026-10-09T03:07:26Z INFO [190/1000] 231402bc-9f2e-4c9c-a8b3-607de0786c6f: 48 arrays, 83.9 MB stored; 1.3 s; peak memory 210 MiB.
2026-10-09T03:07:27Z INFO [191/1000] 2313fa0f-75e5-415a-87d1-9f4a5492b159: 178 arrays, 217.4 MB stored; 3.0 s; peak memory 210 MiB.
2026-10-09T03:07:28Z INFO [192/1000] 2314b183-dfa8-4b0b-85fe-9fcf1b3c6e43: 112 arrays, 1.0 MB stored; 1.4 s; peak memory 210 MiB.
2026-10-09T03:07:30Z INFO [193/1000] 23156109-95d5-4f24-b716-0e67d450ff38: 66 arrays, 143.3 MB stored; 1.7 s; peak memory 210 MiB.
2026-10-09T03:07:34Z INFO [194/1000] 2315b671-08b0-448b-a5aa-36578ef42c9b: 229 arrays, 315.0 MB stored; 4.7 s; peak memory 211 MiB.
2026-10-09T03:07:36Z INFO [195/1000] 231605dc-cc63-45e6-9647-71968bde5e8f: 48 arrays, 83.9 MB stored; 1.2 s; peak memory 211 MiB.
2026-10-09T03:07:37Z INFO [196/1000] 2316ccf4-8d1c-487b-8a74-29d6115d1fe1: 57 arrays, 0.0 MB stored; 1.0 s; peak memory 211 MiB.
2026-10-09T03:07:37Z INFO [197/1000] 23140e7c-8d24-4e26-963c-d9fece72b9f6: 41 arrays, 478.1 MB stored; 12.7 s; peak memory 211 MiB.
2026-10-09T03:07:39Z INFO [198/1000] 23178ac0-2442-4933-8db9-f1620969a2c3: 118 arrays, 0.2 MB stored; 1.4 s; peak memory 211 MiB.
2026-10-09T03:07:39Z INFO [199/1000] 2317110e-a731-4738-91fa-25598022f8c2: 70 arrays, 99.2 MB stored; 2.2 s; peak memory 211 MiB.
2026-10-09T03:07:42Z INFO [200/1000] 22d2e6a1-4dfa-4f22-af0f-9df8be9d68a8: 410 arrays, 19778.1 MB stored; 134.5 s; peak memory 211 MiB.
2026-10-09T03:07:43Z INFO [200/1000] 22d2e6a1-4dfa-4f22-af0f-9df8be9d68a8: checkpointed 200 new records.
2026-10-09T03:07:45Z INFO [201/1000] 231829e7-0fb9-446d-b0cf-55a4148651c7: 334 arrays, 3.3 MB stored; 2.9 s; peak memory 340 MiB.
2026-10-09T03:07:47Z INFO [202/1000] 23194ec5-cca2-4251-81f3-db053e67d8b9: 76 arrays, 1.8 MB stored; 1.5 s; peak memory 340 MiB.
2026-10-09T03:07:48Z INFO [203/1000] 22e0b57b-c6c0-47ca-a6e7-573728b6dfe2: 241 arrays, 19746.1 MB stored; 129.5 s; peak memory 340 MiB.
2026-10-09T03:07:49Z INFO [204/1000] 2319aa96-bf2d-4280-b20b-5b89eefde89c: 52 arrays, 0.0 MB stored; 1.1 s; peak memory 340 MiB.
2026-10-09T03:07:49Z INFO [205/1000] 23199143-1be8-4d5e-9741-43594495bf02: 115 arrays, 190.1 MB stored; 2.4 s; peak memory 340 MiB.
2026-10-09T03:07:51Z INFO [206/1000] 231a48b9-2c77-4cb1-8982-07373a99bfad: 117 arrays, 0.2 MB stored; 1.3 s; peak memory 340 MiB.
2026-10-09T03:07:51Z INFO [207/1000] 231a74e4-80ed-48f5-a2bb-adf440ea6839: 69 arrays, 42.6 MB stored; 1.7 s; peak memory 340 MiB.
2026-10-09T03:07:52Z INFO [208/1000] 23179822-a192-45c0-a661-477405effb5c: 363 arrays, 1295.3 MB stored; 12.9 s; peak memory 340 MiB.
2026-10-09T03:07:52Z INFO [209/1000] 231b7d2e-02f2-4b6e-bfce-294214c6a0b1: 52 arrays, 11.4 MB stored; 1.2 s; peak memory 340 MiB.
2026-10-09T03:07:52Z INFO [210/1000] 23179412-e99d-4591-a7a0-3db6a8ca1a2a: 41 arrays, 626.3 MB stored; 13.3 s; peak memory 340 MiB.
2026-10-09T03:07:53Z INFO [211/1000] 231e8148-e434-42c7-9365-1f1ac0f26a92: 54 arrays, 0.0 MB stored; 1.0 s; peak memory 340 MiB.
2026-10-09T03:07:53Z INFO [212/1000] 231bcaf9-e174-43c6-a0bc-309cad726119: 69 arrays, 1.9 MB stored; 1.5 s; peak memory 340 MiB.
2026-10-09T03:07:54Z INFO [213/1000] 231e62a8-70bb-45de-ad51-b0017b40bb6c: 112 arrays, 0.5 MB stored; 1.4 s; peak memory 340 MiB.
2026-10-09T03:07:55Z INFO [214/1000] 231ed342-39af-456f-98b8-27dc86a3712f: 112 arrays, 0.8 MB stored; 1.4 s; peak memory 340 MiB.
2026-10-09T03:07:56Z INFO [215/1000] 2320642e-5d2a-40ec-a0d0-b89999c7c8c1: 66 arrays, 245.3 MB stored; 1.7 s; peak memory 340 MiB.
2026-10-09T03:07:57Z INFO [216/1000] 231ee389-6aa1-4c9a-a5d7-3847bff753f6: 816 arrays, 21.3 MB stored; 4.0 s; peak memory 340 MiB.
2026-10-09T03:07:58Z INFO [217/1000] 22e4d4d0-c13e-466a-987b-63b19f16b352: 269 arrays, 20764.2 MB stored; 132.8 s; peak memory 340 MiB.
2026-10-09T03:07:59Z INFO [218/1000] 23216090-9ae7-4f0c-bdee-5ac52e79bc0b: 46 arrays, 0.2 MB stored; 1.1 s; peak memory 340 MiB.
2026-10-09T03:08:00Z INFO [219/1000] 231fda4b-172c-4f54-916b-7ee31fe5f10e: 1053 arrays, 22.7 MB stored; 6.3 s; peak memory 340 MiB.
2026-10-09T03:08:00Z INFO [220/1000] 232185cc-313a-4edf-b3f6-11b2e804740b: 48 arrays, 83.9 MB stored; 1.3 s; peak memory 340 MiB.
2026-10-09T03:08:01Z INFO [221/1000] 2321949b-0905-4aa3-b1b4-bf48c3e9e26d: 50 arrays, 4.7 MB stored; 1.0 s; peak memory 340 MiB.
2026-10-09T03:08:02Z INFO [222/1000] 23221cc2-717e-40f1-925a-e03aea91bb98: 31 arrays, 0.0 MB stored; 1.0 s; peak memory 340 MiB.
2026-10-09T03:08:04Z INFO [223/1000] 23240d2f-4300-494a-a648-ec7486630530: 119 arrays, 67.4 MB stored; 2.5 s; peak memory 340 MiB.
2026-10-09T03:08:08Z INFO [224/1000] 23219884-1bc8-48dd-ab5f-03d210607f0a: 871 arrays, 24.3 MB stored; 7.5 s; peak memory 340 MiB.
2026-10-09T03:08:09Z INFO [225/1000] 2324774a-48f0-449f-bb7f-d8ab440e3351: 48 arrays, 83.9 MB stored; 1.2 s; peak memory 340 MiB.
2026-10-09T03:08:10Z INFO [226/1000] 23249618-5881-4c8c-9eef-aa5fd7ecb53c: 46 arrays, 0.3 MB stored; 0.9 s; peak memory 340 MiB.
2026-10-09T03:08:11Z INFO [227/1000] 2324d5f3-e42b-4794-8b15-21f17cc92ef0: 46 arrays, 0.1 MB stored; 0.9 s; peak memory 340 MiB.
2026-10-09T03:08:14Z INFO [228/1000] 2324503c-e3cc-4f21-8bde-c4fef5c142a8: 1391 arrays, 40.5 MB stored; 10.1 s; peak memory 340 MiB.
2026-10-09T03:08:16Z INFO [229/1000] 2325c06a-28ed-400e-bdda-085a23828dd5: 71 arrays, 151.2 MB stored; 1.9 s; peak memory 340 MiB.
2026-10-09T03:08:18Z INFO [230/1000] 23261f9f-fe3c-451e-8672-081c09d6a5cd: 48 arrays, 83.9 MB stored; 1.3 s; peak memory 340 MiB.
2026-10-09T03:08:18Z INFO [231/1000] 23250105-cc94-449f-aa28-e71f7137919c: 934 arrays, 39.3 MB stored; 7.5 s; peak memory 340 MiB.
2026-10-09T03:08:19Z INFO [232/1000] 23272c8c-5a59-470c-9e13-f08dc1d546d1: 48 arrays, 83.9 MB stored; 1.4 s; peak memory 340 MiB.
2026-10-09T03:08:20Z INFO [233/1000] 23289e8c-5589-4234-9f44-6e447006f1bd: 50 arrays, 5779.2 MB stored; 1.3 s; peak memory 340 MiB.
2026-10-09T03:08:22Z INFO [234/1000] 2329a60f-f4e3-4554-bb56-d20e5613afbd: 39 arrays, 12209.2 MB stored; 2.2 s; peak memory 340 MiB.
2026-10-09T03:08:23Z INFO [235/1000] 232ac883-c0d7-4873-a735-3e29d88165d3: 56 arrays, 2.6 MB stored; 1.0 s; peak memory 340 MiB.
2026-10-09T03:08:24Z INFO [236/1000] 232c83a0-a1ba-4e04-9982-a408e46028ce: 48 arrays, 83.9 MB stored; 1.1 s; peak memory 340 MiB.
2026-10-09T03:08:27Z INFO [237/1000] 232c982c-fa06-49ac-815d-2d16f838503c: 408 arrays, 5.2 MB stored; 3.3 s; peak memory 340 MiB.
2026-10-09T03:08:29Z INFO [238/1000] 232cdedd-2d0c-4cea-b50c-e062f1d3f1c7: 110 arrays, 0.7 MB stored; 1.3 s; peak memory 340 MiB.
2026-10-09T03:08:30Z INFO [239/1000] 232cf9a9-d783-4a38-ab3a-43854caef4b6: 50 arrays, 2.5 MB stored; 1.1 s; peak memory 340 MiB.
2026-10-09T03:08:33Z INFO [240/1000] 23295b5f-5b29-4bb8-a378-9d8669edfea3: 38 arrays, 698.6 MB stored; 13.7 s; peak memory 340 MiB.
2026-10-09T03:08:33Z INFO [241/1000] 232d0f9f-727e-4bc3-a55a-c6ddfcd102b1: 101 arrays, 43056.1 MB stored; 3.0 s; peak memory 340 MiB.
2026-10-09T03:08:34Z INFO [242/1000] 232df63d-9872-4037-a85f-7ce0d9962c5d: 48 arrays, 83.9 MB stored; 1.3 s; peak memory 340 MiB.
2026-10-09T03:08:37Z INFO [243/1000] 232def29-faaa-422d-a460-ad2b874a8a85: 229 arrays, 238.4 MB stored; 3.9 s; peak memory 340 MiB.
2026-10-09T03:08:37Z INFO [244/1000] 232ed34a-a321-48d0-b675-56e96879a67f: 90 arrays, 4040.3 MB stored; 3.4 s; peak memory 340 MiB.
2026-10-09T03:08:38Z INFO [245/1000] 232ee0aa-c126-45e3-bc61-3b822b486346: 116 arrays, 0.5 MB stored; 1.3 s; peak memory 340 MiB.
2026-10-09T03:08:39Z INFO [246/1000] 232fcbf9-86e8-4ed6-ab52-8a9f51475e2c: 62 arrays, 3084.7 MB stored; 1.7 s; peak memory 340 MiB.
2026-10-09T03:08:40Z INFO [247/1000] 23304704-69ab-4df6-a71f-928a1ea2b0ef: 100 arrays, 18.6 MB stored; 2.0 s; peak memory 340 MiB.
2026-10-09T03:08:40Z INFO [248/1000] 23305db4-ad6b-42a7-a019-8d2389c456bd: 56 arrays, 0.0 MB stored; 1.0 s; peak memory 340 MiB.
2026-10-09T03:08:41Z INFO [249/1000] 23306e53-9271-4dee-8f9c-811eea31d28c: 117 arrays, 0.3 MB stored; 1.2 s; peak memory 340 MiB.
2026-10-09T03:08:42Z INFO [250/1000] 2330a601-d009-42b9-bba0-b6a702480596: 70 arrays, 48.7 MB stored; 1.5 s; peak memory 340 MiB.
2026-10-09T03:08:43Z INFO [251/1000] 233193de-14be-4d96-bbc4-00a8a01edbe7: 70 arrays, 12.3 MB stored; 1.4 s; peak memory 340 MiB.
2026-10-09T03:08:46Z INFO [252/1000] 2332e381-f8d3-47fb-abed-3331d6d94b50: 538 arrays, 8.2 MB stored; 4.3 s; peak memory 340 MiB.
2026-10-09T03:08:46Z INFO [253/1000] 2332e549-536e-474d-884c-f5ad590335e4: 229 arrays, 243.9 MB stored; 3.6 s; peak memory 340 MiB.
2026-10-09T03:08:47Z INFO [254/1000] 2332f223-fb38-4b01-b880-6781a139a072: 37 arrays, 0.0 MB stored; 1.0 s; peak memory 340 MiB.
2026-10-09T03:08:48Z INFO [255/1000] 2333354d-b5e7-42a7-a9b5-637e9e668d77: 101 arrays, 14.4 MB stored; 1.6 s; peak memory 340 MiB.
2026-10-09T03:08:48Z INFO [256/1000] 23340068-09c6-4b89-a794-87b1466d2bb0: 70 arrays, 9.7 MB stored; 1.3 s; peak memory 340 MiB.
2026-10-09T03:08:51Z INFO [257/1000] 233464c1-f719-4f76-a893-4fe11ce98e25: 184 arrays, 217.6 MB stored; 3.1 s; peak memory 340 MiB.
2026-10-09T03:08:54Z INFO [258/1000] 23341d2a-fefa-4046-8ea7-db22b004e49b: 783 arrays, 32.8 MB stored; 6.4 s; peak memory 340 MiB.
2026-10-09T03:08:55Z INFO [259/1000] 23349ee4-05a5-40ab-bfca-a3be368b456a: 118 arrays, 0.4 MB stored; 1.3 s; peak memory 340 MiB.
2026-10-09T03:09:37Z INFO [260/1000] 23207573-3039-40bb-a398-0b8fce1acb61: 26689 arrays, 315.7 MB stored; 100.4 s; peak memory 340 MiB.
2026-10-09T03:09:38Z INFO [261/1000] 23357f78-dab1-4642-bc1b-a5e4bf902d1f: 78 arrays, 0.0 MB stored; 1.1 s; peak memory 340 MiB.
2026-10-09T03:09:39Z INFO [262/1000] 23359d91-85ba-4bb3-9b65-9109223dca86: 48 arrays, 83.9 MB stored; 1.2 s; peak memory 340 MiB.
2026-10-09T03:09:40Z INFO [263/1000] 2335c86a-307e-4802-8889-ce9d96e3ac52: 149 arrays, 0.6 MB stored; 1.3 s; peak memory 340 MiB.
2026-10-09T03:09:41Z INFO [264/1000] 2335d6dc-7e5f-4071-8c74-854bc8eba258: 50 arrays, 1.3 MB stored; 1.1 s; peak memory 340 MiB.
2026-10-09T03:09:42Z INFO [265/1000] 233640f2-1fa5-4765-8358-4d18ea4c3b3e: 48 arrays, 83.9 MB stored; 1.2 s; peak memory 340 MiB.
2026-10-09T03:09:44Z INFO [266/1000] 233642a5-b522-4332-a76e-b842a25c9f1d: 109 arrays, 0.4 MB stored; 1.2 s; peak memory 340 MiB.
2026-10-09T03:09:45Z INFO [267/1000] 233653ac-58a8-4f11-9aa1-7d08bbb104df: 117 arrays, 0.3 MB stored; 1.2 s; peak memory 340 MiB.
2026-10-09T03:09:57Z INFO [268/1000] 23147a80-58b6-4960-bab8-cf4daaa2f5c9: 260 arrays, 23326.6 MB stored; 151.8 s; peak memory 340 MiB.
2026-10-09T03:10:04Z INFO [269/1000] 23368180-d18a-478f-8915-df729fe989b8: 372 arrays, 22.4 MB stored; 6.2 s; peak memory 340 MiB.
2026-10-09T03:10:06Z INFO [270/1000] 23381042-32e3-43c0-a7a9-5f2bd13035d5: 85 arrays, 130.6 MB stored; 2.4 s; peak memory 340 MiB.
2026-10-09T03:10:07Z INFO [271/1000] 233842d0-d9ed-482c-857e-bbd0e9d383f4: 101 arrays, 10.7 MB stored; 1.0 s; peak memory 340 MiB.
2026-10-09T03:10:09Z INFO [272/1000] 23387316-446c-4c96-bb53-97c7a8449c6d: 213 arrays, 2.8 MB stored; 2.2 s; peak memory 340 MiB.
2026-10-09T03:10:10Z INFO [273/1000] 23393911-4370-4084-9f9a-d565f8d7a33f: 52 arrays, 13.4 MB stored; 1.2 s; peak memory 340 MiB.
2026-10-09T03:10:12Z INFO [274/1000] 233944d3-7df9-445e-896d-13b45af2257a: 116 arrays, 0.4 MB stored; 1.3 s; peak memory 340 MiB.
2026-10-09T03:10:13Z INFO [275/1000] 23395263-526e-4b47-90ac-be1e73b74dd0: 48 arrays, 83.9 MB stored; 1.1 s; peak memory 340 MiB.
2026-10-09T03:10:13Z INFO [276/1000] 23367ca6-5165-4f8f-91c0-c66f36c71691: 48 arrays, 45408.1 MB stored; 28.2 s; peak memory 340 MiB.
2026-10-09T03:10:14Z INFO [277/1000] 233959a0-bdf2-42ee-a79d-b4679a731cd8: 112 arrays, 0.4 MB stored; 1.3 s; peak memory 340 MiB.
2026-10-09T03:10:14Z INFO [278/1000] 23399f1b-a9ee-4b86-a43a-2f966ca45775: 52 arrays, 0.0 MB stored; 1.1 s; peak memory 340 MiB.
2026-10-09T03:10:14Z INFO [279/1000] 231af817-e732-40ec-842b-d872848c56b5: 414 arrays, 22243.6 MB stored; 143.8 s; peak memory 340 MiB.
2026-10-09T03:10:15Z INFO [280/1000] 2339e333-99d7-4c4e-9487-bf634937c339: 118 arrays, 0.2 MB stored; 1.3 s; peak memory 340 MiB.
2026-10-09T03:10:15Z INFO [281/1000] 233a28fe-4e9a-4d3b-9ab0-51d6500199b6: 50 arrays, 2.2 MB stored; 1.2 s; peak memory 340 MiB.
2026-10-09T03:10:16Z INFO [282/1000] 233b50c6-e12b-425f-a3ca-2313fc01f4de: 118 arrays, 0.7 MB stored; 1.4 s; peak memory 340 MiB.
2026-10-09T03:10:17Z INFO [283/1000] 233cd170-3b75-4b26-a700-903683c74a3a: 64 arrays, 21.6 MB stored; 1.3 s; peak memory 340 MiB.
2026-10-09T03:10:17Z INFO [284/1000] 233cc1f0-02b5-4e55-88f0-2a6ce5a897e4: 118 arrays, 23.7 MB stored; 2.1 s; peak memory 340 MiB.
2026-10-09T03:10:18Z INFO [285/1000] 233c4d05-b5e7-41f9-873e-209aba96966c: 115 arrays, 190.1 MB stored; 2.4 s; peak memory 340 MiB.
2026-10-09T03:10:18Z INFO [286/1000] 233ce99c-a4f2-4d16-97ab-9443217979e7: 54 arrays, 8673.2 MB stored; 1.4 s; peak memory 340 MiB.
2026-10-09T03:10:19Z INFO [287/1000] 233cf459-a509-4acd-8f53-89cecab1d0ca: 59 arrays, 0.3 MB stored; 1.1 s; peak memory 340 MiB.
2026-10-09T03:10:19Z INFO [288/1000] 233d056e-bf6a-42e3-adec-30af31042af2: 112 arrays, 0.4 MB stored; 1.3 s; peak memory 340 MiB.
2026-10-09T03:10:20Z INFO [289/1000] 233e3bac-dcbf-4c5d-8c1e-d4b698de286f: 48 arrays, 83.9 MB stored; 1.1 s; peak memory 340 MiB.
2026-10-09T03:10:20Z INFO [290/1000] 233dbbce-0acf-4716-915c-9029bf656608: 101 arrays, 15.3 MB stored; 1.6 s; peak memory 340 MiB.
2026-10-09T03:10:20Z INFO [291/1000] 233e4396-0d3c-451c-894c-67d0fc2e01d8: 117 arrays, 0.4 MB stored; 1.3 s; peak memory 340 MiB.
2026-10-09T03:10:21Z INFO [292/1000] 233e83d7-6e2a-49cc-9a4f-dc9231a04ba6: 74 arrays, 3.2 MB stored; 1.5 s; peak memory 340 MiB.
2026-10-09T03:10:21Z INFO [293/1000] 233ed3fc-b368-4ea5-9d2d-b08014938c41: 48 arrays, 83.9 MB stored; 1.4 s; peak memory 340 MiB.
2026-10-09T03:10:22Z INFO [294/1000] 233fdfef-2c62-46f4-8ffe-45f4dcb56b63: 48 arrays, 83.9 MB stored; 1.3 s; peak memory 340 MiB.
2026-10-09T03:10:22Z INFO [295/1000] 234008dc-951b-44f4-8cd6-673d52afc689: 48 arrays, 83.9 MB stored; 1.3 s; peak memory 340 MiB.
2026-10-09T03:10:23Z INFO [296/1000] 23401e39-a51d-4d04-9c28-4cc599236d41: 59 arrays, 0.1 MB stored; 1.1 s; peak memory 340 MiB.
2026-10-09T03:10:24Z INFO [297/1000] 23409a1b-6565-4ce7-9850-933e8a628b23: 48 arrays, 83.9 MB stored; 1.1 s; peak memory 340 MiB.
2026-10-09T03:10:24Z INFO [298/1000] 23407771-633c-42d0-8c71-996b67ca5190: 71 arrays, 135.6 MB stored; 2.1 s; peak memory 340 MiB.
2026-10-09T03:10:25Z INFO [299/1000] 2340bae2-2d60-4706-929e-242167694af0: 45 arrays, 0.0 MB stored; 1.0 s; peak memory 340 MiB.
2026-10-09T03:10:27Z INFO [300/1000] 23412c10-dc1d-49ab-b768-0cc4aa13a03e: 71 arrays, 150.0 MB stored; 1.9 s; peak memory 340 MiB.
2026-10-09T03:10:27Z INFO [301/1000] 2340a694-588f-4ec2-83a4-f79ff0d0799b: 466 arrays, 5.6 MB stored; 3.3 s; peak memory 340 MiB.
2026-10-09T03:10:28Z INFO [302/1000] 23414e39-b7b0-4ab3-bcd0-e02afac44d61: 66 arrays, 90.0 MB stored; 1.6 s; peak memory 340 MiB.
2026-10-09T03:10:29Z INFO [303/1000] 2341ac7c-effb-4c87-a42c-0c56a0fe2118: 118 arrays, 0.5 MB stored; 1.2 s; peak memory 340 MiB.
2026-10-09T03:10:31Z INFO [304/1000] 23407e99-4b35-48b1-b6c0-91490a6ffdfa: 11477 arrays, 135.0 MB stored; 8.0 s; peak memory 340 MiB.
2026-10-09T03:10:32Z INFO [305/1000] 2342aa70-28a1-421a-9a22-051195df0dcf: 64 arrays, 20.9 MB stored; 1.4 s; peak memory 340 MiB.
2026-10-09T03:10:33Z INFO [306/1000] 23431e17-229c-4963-a97e-a7415443acf9: 50 arrays, 1.4 MB stored; 0.9 s; peak memory 340 MiB.
2026-10-09T03:10:34Z INFO [307/1000] 23431ed9-302f-43fe-af27-12fe6b8d5ea4: 112 arrays, 0.6 MB stored; 1.3 s; peak memory 340 MiB.
2026-10-09T03:10:34Z INFO [308/1000] 234170c3-60c4-4089-96e4-3a5fe9ec45f3: 658 arrays, 42.4 MB stored; 7.5 s; peak memory 340 MiB.
2026-10-09T03:10:35Z INFO [309/1000] 234352a8-e7e3-44fd-9481-8cbdd5fe5ab2: 48 arrays, 83.9 MB stored; 1.2 s; peak memory 340 MiB.
2026-10-09T03:10:36Z INFO [310/1000] 23439a94-1b37-4cd1-83c1-aa6996652f9f: 112 arrays, 0.8 MB stored; 1.4 s; peak memory 340 MiB.
2026-10-09T03:10:36Z INFO [311/1000] 234288c3-a4d8-4369-9e58-8a6d8d26a303: 44 arrays, 176.8 MB stored; 7.0 s; peak memory 340 MiB.
2026-10-09T03:10:37Z INFO [312/1000] 2343c9a5-f9e7-4a25-a6d5-04d1b7f59850: 112 arrays, 0.5 MB stored; 1.3 s; peak memory 340 MiB.
2026-10-09T03:10:37Z INFO [313/1000] 2343f89b-ae24-47ef-bb83-a96212f90bbb: 48 arrays, 83.9 MB stored; 1.1 s; peak memory 340 MiB.
2026-10-09T03:10:38Z INFO [314/1000] 234403a1-5a1c-4ae2-8339-f51d75401d51: 117 arrays, 0.2 MB stored; 1.3 s; peak memory 340 MiB.
2026-10-09T03:10:38Z INFO [315/1000] 23442c39-ad5a-4623-bde2-7fb35eaead98: 117 arrays, 0.4 MB stored; 1.2 s; peak memory 340 MiB.
2026-10-09T03:10:39Z INFO [316/1000] 2344224d-50bd-4b95-95f4-ba642fce9932: 98 arrays, 141.7 MB stored; 2.2 s; peak memory 340 MiB.
2026-10-09T03:10:39Z INFO [317/1000] 2344355e-409b-438c-ae38-ff4ca9b740e0: 112 arrays, 0.6 MB stored; 1.3 s; peak memory 340 MiB.
2026-10-09T03:10:40Z INFO [318/1000] 2344bc3f-2554-4023-b429-dc8d182e19cf: 71 arrays, 4.0 MB stored; 1.4 s; peak memory 340 MiB.
2026-10-09T03:10:40Z INFO [319/1000] 2345989b-3a61-4778-a0ee-6cdca78414a5: 48 arrays, 83.9 MB stored; 1.3 s; peak memory 340 MiB.
2026-10-09T03:10:41Z INFO [320/1000] 23459f25-670e-4206-838f-56e686054032: 117 arrays, 0.3 MB stored; 1.1 s; peak memory 340 MiB.
2026-10-09T03:10:42Z INFO [321/1000] 2346ed5e-256d-4b19-8a16-6785f4cba2ea: 48 arrays, 83.9 MB stored; 1.3 s; peak memory 340 MiB.
2026-10-09T03:10:43Z INFO [322/1000] 2347f630-daaa-411f-8961-399c72903316: 84 arrays, 1.1 MB stored; 1.2 s; peak memory 340 MiB.
2026-10-09T03:10:46Z INFO [323/1000] 23465920-a4d4-48a3-944b-96e107da6a45: 193 arrays, 788.2 MB stored; 5.7 s; peak memory 340 MiB.
2026-10-09T03:10:49Z INFO [324/1000] 2348281c-408b-4fce-acfd-bd31619b1a0e: 115 arrays, 186.8 MB stored; 2.6 s; peak memory 340 MiB.
2026-10-09T03:10:49Z INFO [325/1000] 23481694-4c1f-4dc2-b718-485e9cda3f57: 38 arrays, 177.0 MB stored; 5.7 s; peak memory 340 MiB.
2026-10-09T03:10:50Z INFO [326/1000] 234a4a11-6340-4ee5-909c-e32c2230392b: 112 arrays, 0.5 MB stored; 1.4 s; peak memory 340 MiB.
2026-10-09T03:10:53Z INFO [327/1000] 234aa968-1ee4-452e-a519-3e0b8ab146a7: 461 arrays, 5.8 MB stored; 3.9 s; peak memory 340 MiB.
2026-10-09T03:10:57Z INFO [328/1000] 234bb4f8-b440-4352-9b16-d71004a812d9: 200 arrays, 201.9 MB stored; 4.5 s; peak memory 340 MiB.
2026-10-09T03:10:59Z INFO [329/1000] 234cd242-5bdc-4ac7-921d-3b4199cba3aa: 119 arrays, 66.4 MB stored; 1.9 s; peak memory 340 MiB.
2026-10-09T03:11:01Z INFO [330/1000] 234d40f9-a472-47fb-9170-13c27ac4e488: 62 arrays, 3061.1 MB stored; 1.7 s; peak memory 340 MiB.
2026-10-09T03:11:02Z INFO [331/1000] 234abea4-9840-4b2e-a85c-fed979be6955: 4321 arrays, 43.6 MB stored; 11.6 s; peak memory 340 MiB.
2026-10-09T03:11:03Z INFO [332/1000] 234e96bb-9d36-4d81-8bb6-c44df8af3be7: 112 arrays, 0.5 MB stored; 1.1 s; peak memory 340 MiB.
2026-10-09T03:11:03Z INFO [333/1000] 234e0be2-09e8-45de-876e-623064053e8c: 163 arrays, 12.0 MB stored; 2.3 s; peak memory 340 MiB.
2026-10-09T03:11:04Z INFO [334/1000] 234e9b16-1496-4eda-a67d-7952e56f7786: 66 arrays, 1.1 MB stored; 1.1 s; peak memory 340 MiB.
2026-10-09T03:11:06Z INFO [335/1000] 234ee717-3439-4771-b66b-5a608b86ffac: 53 arrays, 955.2 MB stored; 2.1 s; peak memory 340 MiB.
2026-10-09T03:11:08Z INFO [336/1000] 234f6c09-3bdb-41a7-9bbb-610369661c56: 110 arrays, 1.3 MB stored; 1.6 s; peak memory 340 MiB.
2026-10-09T03:11:09Z INFO [337/1000] 234fa0c6-2446-4a6f-8aa0-954c3f1e3f77: 48 arrays, 83.9 MB stored; 1.2 s; peak memory 340 MiB.
2026-10-09T03:11:09Z INFO [338/1000] 233517e5-2199-4414-a775-302aa68cca16: 414 arrays, 19715.4 MB stored; 133.9 s; peak memory 340 MiB.
2026-10-09T03:11:10Z INFO [339/1000] 234fc700-8453-4235-ac00-1ad04640322e: 48 arrays, 83.9 MB stored; 1.2 s; peak memory 340 MiB.
2026-10-09T03:11:11Z INFO [340/1000] 2350f0ca-1417-4a18-9eb5-d722ede3a772: 48 arrays, 83.9 MB stored; 1.3 s; peak memory 340 MiB.
2026-10-09T03:11:13Z INFO [341/1000] 234eca77-db15-4d4c-a3d2-fa66f54a0a5f: 1500 arrays, 30.9 MB stored; 9.5 s; peak memory 340 MiB.
2026-10-09T03:11:14Z INFO [342/1000] 234571f4-e926-47ef-b3bc-8b712ad47c32: 52 arrays, 1984.3 MB stored; 35.4 s; peak memory 340 MiB.
2026-10-09T03:11:16Z INFO [343/1000] 23540c51-4255-4a39-ae5e-cbecda59680d: 117 arrays, 0.3 MB stored; 1.3 s; peak memory 340 MiB.
2026-10-09T03:11:16Z INFO [344/1000] 2351cad6-b959-4101-9fc4-e013445bd0d9: 208 arrays, 425.9 MB stored; 6.2 s; peak memory 340 MiB.
2026-10-09T03:11:17Z INFO [345/1000] 2352ad08-5d43-455b-8dc4-002c0b087762: 526 arrays, 7.6 MB stored; 4.2 s; peak memory 340 MiB.
2026-10-09T03:11:18Z INFO [346/1000] 2354bf72-c7a1-4259-9b78-4a1d270d2603: 101 arrays, 14.4 MB stored; 1.6 s; peak memory 340 MiB.
2026-10-09T03:11:18Z INFO [347/1000] 2354edfa-5dad-49f9-a18b-b07a7c4c904a: 174 arrays, 1.0 MB stored; 1.3 s; peak memory 340 MiB.
2026-10-09T03:11:19Z INFO [348/1000] 2355a414-53ef-41e5-929f-8845387d976a: 117 arrays, 0.2 MB stored; 1.1 s; peak memory 340 MiB.
2026-10-09T03:11:20Z INFO [349/1000] 2355099c-a625-403d-a2af-dff25d24b20a: 118 arrays, 25.0 MB stored; 1.8 s; peak memory 340 MiB.
2026-10-09T03:11:20Z INFO [350/1000] 2355ab91-4ae1-449f-8447-57ae6e7f6a03: 48 arrays, 83.9 MB stored; 1.2 s; peak memory 340 MiB.
2026-10-09T03:11:26Z INFO [351/1000] 235602a3-2656-439a-8e49-ada19aff1eae: 614 arrays, 20.3 MB stored; 5.4 s; peak memory 340 MiB.
2026-10-09T03:11:27Z INFO [352/1000] 235617e4-22ab-4592-9cfd-24610cbe9394: 77 arrays, 0.1 MB stored; 1.1 s; peak memory 340 MiB.
2026-10-09T03:11:29Z INFO [353/1000] 235695f2-bf1f-4e7b-aa56-39cdc0ffb28e: 101 arrays, 13.4 MB stored; 1.8 s; peak memory 340 MiB.
2026-10-09T03:11:30Z INFO [354/1000] 2356a6b2-08dd-41e2-9502-e6c0c48c9daf: 72 arrays, 35.9 MB stored; 1.1 s; peak memory 340 MiB.
2026-10-09T03:11:31Z INFO [355/1000] 2357e205-4d0d-4bc7-892d-c493208bc788: 52 arrays, 626.5 MB stored; 1.6 s; peak memory 340 MiB.
2026-10-09T03:11:33Z INFO [356/1000] 23582d3e-0797-473e-af6a-18018c8800e8: 116 arrays, 9.8 MB stored; 1.4 s; peak memory 340 MiB.
2026-10-09T03:11:34Z INFO [357/1000] 23588055-d983-4d47-9566-60b706002e7a: 48 arrays, 83.9 MB stored; 1.2 s; peak memory 340 MiB.
2026-10-09T03:11:38Z INFO [358/1000] 23589baf-8533-40ad-8534-87fe231c3293: 538 arrays, 8.2 MB stored; 4.3 s; peak memory 340 MiB.
2026-10-09T03:11:39Z INFO [359/1000] 2358a834-b258-4934-b818-f836be345ab0: 115 arrays, 0.5 MB stored; 1.2 s; peak memory 340 MiB.
2026-10-09T03:11:41Z INFO [360/1000] 23590f00-1eaf-49ed-9eae-2413b6442034: 110 arrays, 0.5 MB stored; 1.3 s; peak memory 340 MiB.
2026-10-09T03:11:42Z INFO [361/1000] 235430d3-bde8-468c-8251-a53321d7323f: 847 arrays, 555.7 MB stored; 26.1 s; peak memory 340 MiB.
2026-10-09T03:11:42Z INFO [362/1000] 23591593-8c1b-42a4-b42e-d6784dd721fa: 131 arrays, 0.5 MB stored; 1.5 s; peak memory 340 MiB.
2026-10-09T03:11:43Z INFO [363/1000] 23593783-f29a-4d3e-8355-733f203e1a28: 48 arrays, 83.9 MB stored; 1.1 s; peak memory 340 MiB.
2026-10-09T03:11:44Z INFO [364/1000] 2359429b-ec30-4faa-a785-7435f40667b1: 112 arrays, 0.5 MB stored; 1.3 s; peak memory 340 MiB.
2026-10-09T03:11:49Z INFO [365/1000] 235a272e-b9d8-4f23-936d-c0da6d702735: 685 arrays, 25.8 MB stored; 5.2 s; peak memory 340 MiB.
2026-10-09T03:11:49Z INFO [366/1000] 2359faee-6c3d-4015-a0c4-ab4a91bb84b8: 793 arrays, 18.3 MB stored; 6.0 s; peak memory 340 MiB.
2026-10-09T03:11:49Z INFO [367/1000] 23215879-db3c-4ea9-8991-14e68a572562: 173 arrays, 349310.8 MB stored; 231.8 s; peak memory 340 MiB.
2026-10-09T03:11:50Z INFO [368/1000] 235a2a98-943a-4678-a62d-3a8703730777: 117 arrays, 0.4 MB stored; 1.3 s; peak memory 340 MiB.
2026-10-09T03:11:50Z INFO [369/1000] 235a5f0f-8876-4d25-b6c1-476ad6c8e19d: 118 arrays, 0.3 MB stored; 1.2 s; peak memory 340 MiB.
2026-10-09T03:11:50Z INFO [370/1000] 235add61-102a-4059-a30a-07ce3d45f9f1: 101 arrays, 6.4 MB stored; 1.3 s; peak memory 340 MiB.
2026-10-09T03:11:51Z INFO [371/1000] 235b1bce-e26e-40e1-a529-a540d1d7c864: 48 arrays, 83.9 MB stored; 1.2 s; peak memory 340 MiB.
2026-10-09T03:11:53Z INFO [372/1000] 235cde94-a4ab-47c1-ae17-fa0928d6731d: 101 arrays, 22.4 MB stored; 1.6 s; peak memory 340 MiB.
2026-10-09T03:11:54Z INFO [373/1000] 235c11ac-8523-40a7-984f-b390b066a3d4: 1430 arrays, 5.9 MB stored; 3.5 s; peak memory 340 MiB.
2026-10-09T03:11:54Z INFO [374/1000] 235d34ca-6075-49c1-9884-05059895d7c4: 112 arrays, 0.5 MB stored; 1.3 s; peak memory 340 MiB.
2026-10-09T03:11:54Z INFO [375/1000] 235c3048-8aeb-4373-88e5-f6b6185b6af9: 673 arrays, 9.8 MB stored; 3.8 s; peak memory 340 MiB.
2026-10-09T03:11:55Z INFO [376/1000] 235d4131-3674-47a9-9a28-4de74e882de5: 112 arrays, 0.9 MB stored; 1.6 s; peak memory 340 MiB.
2026-10-09T03:11:56Z INFO [377/1000] 235d9d82-4a20-42bb-9d1f-eb4369265297: 71 arrays, 69.5 MB stored; 1.8 s; peak memory 340 MiB.
2026-10-09T03:11:56Z INFO [378/1000] 235d564a-3cd8-4044-9f39-164ee2c37f83: 71 arrays, 135.0 MB stored; 2.0 s; peak memory 340 MiB.
2026-10-09T03:11:57Z INFO [379/1000] 235f0fc9-715d-42a3-aded-ed99522e6e5f: 48 arrays, 83.9 MB stored; 1.2 s; peak memory 340 MiB.
2026-10-09T03:11:57Z INFO [380/1000] 235fada6-0b81-424e-9505-16d56016eb70: 113 arrays, 0.4 MB stored; 1.2 s; peak memory 340 MiB.
2026-10-09T03:11:58Z INFO [381/1000] 235eaeb9-cb21-470e-a13d-73defe0c428c: 402 arrays, 11.9 MB stored; 2.6 s; peak memory 340 MiB.
2026-10-09T03:11:59Z INFO [382/1000] 2360913d-37ae-4948-84e9-387ebffa4acf: 117 arrays, 0.5 MB stored; 1.2 s; peak memory 340 MiB.
2026-10-09T03:11:59Z INFO [383/1000] 2361551d-295d-498a-a186-d4c1a1a13695: 71 arrays, 6.6 MB stored; 1.4 s; peak memory 340 MiB.
2026-10-09T03:12:00Z INFO [384/1000] 23618ce6-3699-4bf6-8b39-9f59d16fac92: 48 arrays, 83.9 MB stored; 1.1 s; peak memory 340 MiB.
2026-10-09T03:12:01Z INFO [385/1000] 2361ad9e-8901-4c55-8792-689c531062c7: 46 arrays, 0.2 MB stored; 0.9 s; peak memory 340 MiB.
2026-10-09T03:12:02Z INFO [386/1000] 2361d71a-395f-4a27-ac96-e23c472a39f7: 118 arrays, 0.3 MB stored; 1.2 s; peak memory 340 MiB.
2026-10-09T03:12:02Z INFO [387/1000] 2360785a-ae5c-408a-b259-3b0bd233f56a: 956 arrays, 20.1 MB stored; 5.0 s; peak memory 340 MiB.
2026-10-09T03:12:03Z INFO [388/1000] 2363478e-ae2b-4047-9ec6-09f6b2760c82: 56 arrays, 0.0 MB stored; 0.9 s; peak memory 340 MiB.
2026-10-09T03:12:04Z INFO [389/1000] 2363bf29-5788-48ca-b5f5-5b3c6741d12d: 46 arrays, 0.0 MB stored; 0.8 s; peak memory 340 MiB.
2026-10-09T03:12:05Z INFO [390/1000] 2363d8ac-a3c3-4639-a0fb-50c6df8e42e7: 112 arrays, 0.7 MB stored; 1.4 s; peak memory 340 MiB.
2026-10-09T03:12:06Z INFO [391/1000] 2361ac1b-ad85-431c-b53d-107e5cf6570f: 729 arrays, 19.2 MB stored; 6.9 s; peak memory 340 MiB.
2026-10-09T03:12:06Z INFO [392/1000] 236358fb-b560-4582-8089-1b84d6cbc38d: 142 arrays, 1217.7 MB stored; 4.1 s; peak memory 340 MiB.
2026-10-09T03:12:07Z INFO [393/1000] 236405a2-13eb-44ca-935f-bb8ba5f8b81f: 71 arrays, 4.1 MB stored; 1.6 s; peak memory 340 MiB.
2026-10-09T03:12:07Z INFO [394/1000] 23641a6c-eb67-438e-904c-8178d36cc45c: 112 arrays, 0.5 MB stored; 1.4 s; peak memory 340 MiB.
2026-10-09T03:12:08Z INFO [395/1000] 2365b448-27d3-4d7b-baf9-8c0a9c6e1638: 45 arrays, 657.8 MB stored; 1.7 s; peak memory 340 MiB.
2026-10-09T03:12:09Z INFO [396/1000] 2364228e-4ee4-4847-b03d-d60dadd17af4: 51 arrays, 660.4 MB stored; 2.3 s; peak memory 340 MiB.
2026-10-09T03:12:09Z INFO [397/1000] 2365cf8f-76f8-438f-a41c-3aeadca96e42: 57 arrays, 453.0 MB stored; 1.9 s; peak memory 340 MiB.
2026-10-09T03:12:10Z INFO [398/1000] 2365d773-c3dc-4ed2-aa9c-276cba348ec1: 48 arrays, 83.9 MB stored; 1.4 s; peak memory 340 MiB.
2026-10-09T03:12:10Z INFO [399/1000] 23670751-05ff-49f8-b543-9880bbcbd788: 117 arrays, 0.5 MB stored; 1.3 s; peak memory 340 MiB.
2026-10-09T03:12:11Z INFO [400/1000] 23676155-5ac7-42d5-a651-9bc10e2affd1: 117 arrays, 0.4 MB stored; 1.3 s; peak memory 340 MiB.
2026-10-09T03:12:13Z INFO [400/1000] 23676155-5ac7-42d5-a651-9bc10e2affd1: checkpointed 400 new records.
2026-10-09T03:12:13Z INFO [401/1000] 2367cb4c-baf3-4545-a997-6eeece89e0a9: 48 arrays, 83.9 MB stored; 1.2 s; peak memory 537 MiB.
2026-10-09T03:12:13Z INFO [402/1000] 23686402-dcae-47a6-a5ac-04f8dd9ca8fd: 112 arrays, 0.4 MB stored; 1.4 s; peak memory 537 MiB.
2026-10-09T03:12:13Z INFO [403/1000] 23688eba-ece4-41fe-b0fc-cdea53129654: 51 arrays, 0.0 MB stored; 1.1 s; peak memory 537 MiB.
2026-10-09T03:12:13Z INFO [404/1000] 23694d8a-ba6d-42ec-8730-62d84cb339b7: 52 arrays, 13.6 MB stored; 1.6 s; peak memory 537 MiB.
2026-10-09T03:12:13Z INFO [405/1000] 2369a908-5131-462f-82d0-bb31516939c1: 112 arrays, 0.5 MB stored; 1.4 s; peak memory 537 MiB.
2026-10-09T03:12:14Z INFO [406/1000] 236ad08b-1279-44fc-92f3-274f323d04c0: 112 arrays, 0.4 MB stored; 1.3 s; peak memory 537 MiB.
2026-10-09T03:12:15Z INFO [407/1000] 236b5e27-1e69-4cee-9c1e-f05dec6acd64: 112 arrays, 0.4 MB stored; 1.3 s; peak memory 537 MiB.
2026-10-09T03:12:17Z INFO [408/1000] 236b6da6-caae-48a1-a266-0324ab9491b3: 66 arrays, 65.6 MB stored; 1.7 s; peak memory 537 MiB.
2026-10-09T03:12:18Z INFO [409/1000] 236b9ef3-a171-42e3-b2fd-a70ceea12ad6: 48 arrays, 83.9 MB stored; 1.3 s; peak memory 537 MiB.
2026-10-09T03:12:19Z INFO [410/1000] 236c090a-50dc-4fd2-bd67-f312bd5bcbfa: 116 arrays, 0.4 MB stored; 1.2 s; peak memory 537 MiB.
2026-10-09T03:12:21Z INFO [411/1000] 2369ff22-7bdc-4ef3-b5fa-dab6502e5e77: 1598 arrays, 33.1 MB stored; 8.9 s; peak memory 537 MiB.
2026-10-09T03:12:24Z INFO [412/1000] 236c69a3-76d8-4171-894a-2858e90d5119: 152 arrays, 740.8 MB stored; 2.8 s; peak memory 537 MiB.
2026-10-09T03:12:29Z INFO [413/1000] 236c1f29-8ddc-4ea4-97cc-d7e995295d6b: 158 arrays, 4423.8 MB stored; 9.2 s; peak memory 537 MiB.
2026-10-09T03:12:30Z INFO [414/1000] 236c9f81-eae9-47ef-b78b-e0609c0ebfc1: 48 arrays, 83.9 MB stored; 1.1 s; peak memory 537 MiB.
2026-10-09T03:12:31Z INFO [415/1000] 236ca6a3-d25b-48a5-ba5b-303db2350f9f: 70 arrays, 38.9 MB stored; 1.5 s; peak memory 537 MiB.
2026-10-09T03:12:32Z INFO [416/1000] 236c7555-21b0-42c4-8711-a782e91f2c88: 50 arrays, 467.9 MB stored; 8.3 s; peak memory 537 MiB.
2026-10-09T03:12:33Z INFO [417/1000] 236d2477-8453-493d-9579-59c4aea9588e: 138 arrays, 4.8 MB stored; 2.1 s; peak memory 537 MiB.
2026-10-09T03:12:35Z INFO [418/1000] 236df40e-d19e-481e-8301-87fc0292d18c: 112 arrays, 1.1 MB stored; 1.5 s; peak memory 537 MiB.
2026-10-09T03:12:36Z INFO [419/1000] 236e0826-1a53-4f21-ba5a-c905a16c4a8d: 46 arrays, 0.1 MB stored; 0.8 s; peak memory 537 MiB.
2026-10-09T03:12:37Z INFO [420/1000] 236e2aee-cd19-4943-a744-7ac0f9399b02: 54 arrays, 0.0 MB stored; 0.9 s; peak memory 537 MiB.
2026-10-09T03:12:38Z INFO [421/1000] 236dd757-7c26-49ae-b843-1672b570671b: 773 arrays, 22.9 MB stored; 5.2 s; peak memory 537 MiB.
2026-10-09T03:12:39Z INFO [422/1000] 236eac07-99a3-4240-80ec-976303c9a540: 118 arrays, 0.3 MB stored; 1.2 s; peak memory 537 MiB.
2026-10-09T03:12:40Z INFO [423/1000] 236e93ff-0950-4c7f-a61b-bc7f7e12c8cc: 446 arrays, 5.2 MB stored; 3.6 s; peak memory 537 MiB.
2026-10-09T03:12:42Z INFO [424/1000] 236f418b-9244-4b1b-ab6a-cca2b59a3d7f: 275 arrays, 17.1 MB stored; 1.7 s; peak memory 537 MiB.
2026-10-09T03:12:43Z INFO [425/1000] 236f5f45-e123-4eac-b86d-7e543837a399: 46 arrays, 0.0 MB stored; 0.8 s; peak memory 537 MiB.
2026-10-09T03:12:45Z INFO [426/1000] 236f1d48-091b-477e-9df6-3759a808bdf1: 208 arrays, 271.6 MB stored; 6.0 s; peak memory 537 MiB.
2026-10-09T03:12:45Z INFO [427/1000] 236f71d3-0a64-44c0-a584-843d5bcc72d4: 71 arrays, 130.5 MB stored; 2.2 s; peak memory 537 MiB.
2026-10-09T03:12:46Z INFO [428/1000] 236f75ff-8bbc-441d-966f-4a440ed3739a: 47 arrays, 1.2 MB stored; 1.1 s; peak memory 537 MiB.
2026-10-09T03:12:46Z INFO [429/1000] 236fb066-b049-4ec1-968b-841433963363: 48 arrays, 83.9 MB stored; 1.3 s; peak memory 537 MiB.
2026-10-09T03:12:47Z INFO [430/1000] 237012ce-f0d5-41f4-8312-7b286ebbf906: 33 arrays, 0.0 MB stored; 0.9 s; peak memory 537 MiB.
2026-10-09T03:12:49Z INFO [431/1000] 2334983b-fbe8-4c40-934d-a47c8a31097e: 149 arrays, 16407.0 MB stored; 237.8 s; peak memory 537 MiB.
2026-10-09T03:12:50Z INFO [432/1000] 2370ce9f-3f18-4427-8ca9-803057b0e864: 112 arrays, 0.5 MB stored; 1.3 s; peak memory 537 MiB.
2026-10-09T03:12:51Z INFO [433/1000] 2369de48-af10-4fd9-9843-6878aeee2e59: 55 arrays, 1825.6 MB stored; 39.1 s; peak memory 537 MiB.
2026-10-09T03:12:52Z INFO [434/1000] 23721db0-3b7e-4b88-8c78-ba5a611a669a: 48 arrays, 83.9 MB stored; 1.1 s; peak memory 537 MiB.
2026-10-09T03:12:52Z INFO [435/1000] 2371b63e-a8a0-4c67-9428-66009b4c9ca0: 62 arrays, 4594.3 MB stored; 1.8 s; peak memory 537 MiB.
2026-10-09T03:12:53Z INFO [436/1000] 23728bb1-ed04-49b1-86ce-70cbfad4cae1: 117 arrays, 0.5 MB stored; 1.3 s; peak memory 537 MiB.
2026-10-09T03:12:55Z INFO [437/1000] 2373a5f8-275c-4a82-9987-9d3fa81d5ee7: 66 arrays, 101.6 MB stored; 1.7 s; peak memory 537 MiB.
2026-10-09T03:12:56Z INFO [438/1000] 2370ad05-0bc4-47dd-9a36-e84c67aac0fe: 1533 arrays, 33.9 MB stored; 9.3 s; peak memory 537 MiB.
2026-10-09T03:12:57Z INFO [439/1000] 23756fb8-da23-4a2b-802c-97f9bc448006: 60 arrays, 31.3 MB stored; 2.0 s; peak memory 537 MiB.
2026-10-09T03:12:57Z INFO [440/1000] 2375dbfd-6645-4668-b94b-3b7ceb7b3c38: 48 arrays, 83.9 MB stored; 1.1 s; peak memory 537 MiB.
2026-10-09T03:12:58Z INFO [441/1000] 23764972-d9fb-4a6f-89b6-051e0591d63f: 46 arrays, 0.0 MB stored; 0.8 s; peak memory 537 MiB.
2026-10-09T03:12:59Z INFO [442/1000] 2376ee77-d828-4478-945c-b8c9228a4cf4: 112 arrays, 0.7 MB stored; 1.4 s; peak memory 537 MiB.
2026-10-09T03:13:01Z INFO [443/1000] 23775176-1a33-4965-ba3e-2b0dc0274d06: 156 arrays, 193.4 MB stored; 2.7 s; peak memory 537 MiB.
2026-10-09T03:13:01Z INFO [444/1000] 237788ed-09eb-49fb-b2cb-2b28aaae6fe1: 70 arrays, 40.0 MB stored; 1.9 s; peak memory 537 MiB.
2026-10-09T03:13:01Z INFO [445/1000] 23730d99-f978-4064-bc41-92e60a3b477c: 1039 arrays, 25.0 MB stored; 9.3 s; peak memory 537 MiB.
2026-10-09T03:13:02Z INFO [446/1000] 237842ec-a12e-4c3d-b386-8fcbfb1ce585: 112 arrays, 0.3 MB stored; 1.3 s; peak memory 537 MiB.
2026-10-09T03:13:03Z INFO [447/1000] 2378a057-49a6-4482-bd1c-870c1dcdd378: 110 arrays, 0.4 MB stored; 1.2 s; peak memory 537 MiB.
2026-10-09T03:13:03Z INFO [448/1000] 2378f5c7-d182-46a5-ac73-2f32c76cb9b7: 66 arrays, 53.3 MB stored; 1.4 s; peak memory 537 MiB.
2026-10-09T03:13:04Z INFO [449/1000] 23790028-8cc4-4d15-8c56-dd01defdca87: 47 arrays, 1.3 MB stored; 1.1 s; peak memory 537 MiB.
2026-10-09T03:13:05Z INFO [450/1000] 23791715-5b6f-4b4a-b8a4-4667a351fbc9: 84 arrays, 0.3 MB stored; 1.3 s; peak memory 537 MiB.
2026-10-09T03:13:12Z INFO [451/1000] 2378210a-4d46-4aa9-9f83-b796ffab6a79: 278 arrays, 1293.9 MB stored; 11.8 s; peak memory 537 MiB.
2026-10-09T03:13:14Z INFO [452/1000] 2379f134-678a-491f-aa16-9744476c4f96: 115 arrays, 190.1 MB stored; 2.1 s; peak memory 537 MiB.
2026-10-09T03:13:15Z INFO [453/1000] 237a1171-b9d1-4ebf-a80c-7d2908ba6227: 46 arrays, 0.5 MB stored; 1.0 s; peak memory 537 MiB.
2026-10-09T03:13:25Z INFO [454/1000] 2370078c-10e5-45dc-830a-f0a4c285d224: 52 arrays, 2174.6 MB stored; 39.5 s; peak memory 537 MiB.
2026-10-09T03:13:26Z INFO [455/1000] 237abe46-c3f8-4fe7-9402-85664b4b3d9e: 33 arrays, 0.0 MB stored; 0.9 s; peak memory 537 MiB.
2026-10-09T03:13:27Z INFO [456/1000] 237b2ddc-d7e7-4633-94df-5f9738f39006: 67 arrays, 2.5 MB stored; 1.2 s; peak memory 537 MiB.
2026-10-09T03:13:28Z INFO [457/1000] 2355ef4a-f3ff-4aba-91e9-92e2bca77f79: 413 arrays, 19729.9 MB stored; 128.4 s; peak memory 537 MiB.
2026-10-09T03:13:29Z INFO [458/1000] 237c4562-a9e3-4e0e-8e9b-6713fe097911: 57 arrays, 0.0 MB stored; 1.0 s; peak memory 537 MiB.
2026-10-09T03:13:30Z INFO [459/1000] 237c5172-9129-4300-9388-826157ea8975: 117 arrays, 0.4 MB stored; 1.3 s; peak memory 537 MiB.
2026-10-09T03:13:32Z INFO [460/1000] 237c5685-ba47-4fdb-bfe3-bf1fd77eb4d5: 71 arrays, 92.1 MB stored; 1.6 s; peak memory 537 MiB.
2026-10-09T03:13:33Z INFO [461/1000] 237ccdb3-e596-4034-ace9-52d49f48852f: 117 arrays, 0.3 MB stored; 1.2 s; peak memory 537 MiB.
2026-10-09T03:13:34Z INFO [462/1000] 237dfacd-ae2b-4891-8b79-dfc4fed4a2fb: 46 arrays, 12.6 MB stored; 1.2 s; peak memory 537 MiB.
2026-10-09T03:13:35Z INFO [463/1000] 237c3356-428d-4456-9a7f-25e4967a1b2e: 108 arrays, 88.9 MB stored; 7.3 s; peak memory 537 MiB.
2026-10-09T03:13:36Z INFO [464/1000] 2379c9bd-ebea-4eff-bbd6-2ae3600eb193: 36 arrays, 1880.9 MB stored; 31.2 s; peak memory 537 MiB.
2026-10-09T03:13:37Z INFO [465/1000] 237e0487-0640-483c-b4c3-dffdff7a54f0: 186 arrays, 32.3 MB stored; 2.6 s; peak memory 537 MiB.
2026-10-09T03:13:38Z INFO [466/1000] 237ec2fb-235f-4aeb-a21e-a3a9d24c82c5: 62 arrays, 3933.9 MB stored; 1.8 s; peak memory 537 MiB.
2026-10-09T03:13:39Z INFO [467/1000] 237f025e-dda7-4635-a731-c87b970055e5: 38 arrays, 26.0 MB stored; 2.0 s; peak memory 537 MiB.
2026-10-09T03:13:40Z INFO [468/1000] 237fb988-18c2-44a2-9426-790a350787c7: 112 arrays, 0.1 MB stored; 1.1 s; peak memory 537 MiB.
2026-10-09T03:13:41Z INFO [469/1000] 23801fce-7a15-4043-8250-b39d49819778: 48 arrays, 83.9 MB stored; 1.1 s; peak memory 537 MiB.
2026-10-09T03:13:41Z INFO [470/1000] 237f8362-9ff0-4ded-afa0-e33b78e6a703: 294 arrays, 15.3 MB stored; 3.9 s; peak memory 537 MiB.
2026-10-09T03:13:42Z INFO [471/1000] 2380b7a8-b565-4959-a4c6-43008645f852: 118 arrays, 0.3 MB stored; 1.2 s; peak memory 537 MiB.
2026-10-09T03:13:43Z INFO [472/1000] 2381a28d-a4f2-4ac7-a950-7dabc590371b: 117 arrays, 0.2 MB stored; 1.1 s; peak memory 537 MiB.
2026-10-09T03:14:00Z INFO [473/1000] 237e695b-f15c-40a3-b898-513f57ddf51b: 48 arrays, 40863.5 MB stored; 25.5 s; peak memory 537 MiB.
2026-10-09T03:14:01Z INFO [474/1000] 23826985-4182-4004-a294-aacde09e4b2f: 117 arrays, 0.4 MB stored; 1.3 s; peak memory 537 MiB.
2026-10-09T03:14:03Z INFO [475/1000] 238312dc-92ce-44f4-bb8b-940c7b98639d: 112 arrays, 0.3 MB stored; 1.2 s; peak memory 537 MiB.
2026-10-09T03:14:04Z INFO [476/1000] 23833b10-8ff0-44d3-a032-d6aae737d031: 48 arrays, 83.9 MB stored; 1.1 s; peak memory 537 MiB.
2026-10-09T03:14:16Z INFO [477/1000] 23823e6e-4e60-4552-8bd6-de6ad9bcdfa2: 2906 arrays, 1602.8 MB stored; 32.1 s; peak memory 537 MiB.
2026-10-09T03:14:17Z INFO [478/1000] 238466e5-f02e-4cb7-aa9e-8cf5194da645: 118 arrays, 0.2 MB stored; 1.3 s; peak memory 537 MiB.
2026-10-09T03:14:18Z INFO [479/1000] 2384d31f-bfa3-4637-9b16-750739f17cc7: 48 arrays, 83.9 MB stored; 1.1 s; peak memory 537 MiB.
2026-10-09T03:14:19Z INFO [480/1000] 2384d4a6-ac6a-45ae-b84f-824ee57fade8: 48 arrays, 83.9 MB stored; 1.3 s; peak memory 537 MiB.
2026-10-09T03:14:20Z INFO [481/1000] 23854ca3-a226-47d0-bbe7-3fa3d6206657: 112 arrays, 0.6 MB stored; 1.3 s; peak memory 537 MiB.
2026-10-09T03:14:22Z INFO [482/1000] 23857e0f-57f6-40cd-b109-f43be08075a7: 45 arrays, 11.0 MB stored; 1.4 s; peak memory 537 MiB.
2026-10-09T03:14:23Z INFO [483/1000] 23858498-ff51-4bae-b2a7-147fc659f60a: 52 arrays, 30.3 MB stored; 1.3 s; peak memory 537 MiB.
2026-10-09T03:14:24Z INFO [484/1000] 238163ff-d12f-4244-82e1-95264fde9c1c: 52 arrays, 2291.0 MB stored; 42.8 s; peak memory 537 MiB.
2026-10-09T03:14:25Z INFO [485/1000] 2385de83-21fc-4627-b0b6-2babb1ddf7c5: 117 arrays, 0.6 MB stored; 1.4 s; peak memory 537 MiB.
2026-10-09T03:14:26Z INFO [486/1000] 2385fbe4-6831-44b6-b7cf-9508ca06bdab: 38 arrays, 25.3 MB stored; 1.8 s; peak memory 537 MiB.
2026-10-09T03:14:28Z INFO [487/1000] 23865272-5e6a-4f08-814b-4f218b871b1c: 71 arrays, 4.7 MB stored; 1.7 s; peak memory 537 MiB.
2026-10-09T03:14:28Z INFO [488/1000] 2385f734-543c-4867-9d85-193d71fd8797: 238 arrays, 77.4 MB stored; 4.0 s; peak memory 537 MiB.
2026-10-09T03:14:29Z INFO [489/1000] 238719ad-6f93-4953-ab33-5d865241a13c: 46 arrays, 0.1 MB stored; 0.8 s; peak memory 537 MiB.
2026-10-09T03:14:30Z INFO [490/1000] 2387282b-e746-4f97-9924-07f45cb8680e: 117 arrays, 0.2 MB stored; 1.2 s; peak memory 537 MiB.
2026-10-09T03:14:31Z INFO [491/1000] 23877e93-7b07-4ba3-9c8d-5e9980b66b53: 46 arrays, 0.1 MB stored; 0.8 s; peak memory 537 MiB.
2026-10-09T03:14:31Z INFO [492/1000] 2386f782-6f50-41da-b863-c2e2fa734c6a: 84 arrays, 674.2 MB stored; 3.4 s; peak memory 537 MiB.
2026-10-09T03:14:33Z INFO [493/1000] 23880f4e-17de-4532-801f-bfb8c1fa18d9: 57 arrays, 624.3 MB stored; 2.1 s; peak memory 537 MiB.
2026-10-09T03:14:34Z INFO [494/1000] 23885ce1-c635-4a4a-a0d2-3cf230287067: 118 arrays, 67.1 MB stored; 2.2 s; peak memory 537 MiB.
2026-10-09T03:14:34Z INFO [495/1000] 2388f1a9-b682-4430-9c95-60ebaf252cd3: 48 arrays, 83.9 MB stored; 1.1 s; peak memory 537 MiB.
2026-10-09T03:14:35Z INFO [496/1000] 238917bb-0f44-472e-a1a2-ae311b69a197: 48 arrays, 83.9 MB stored; 1.1 s; peak memory 537 MiB.
2026-10-09T03:14:36Z INFO [497/1000] 238945cf-2610-4797-a390-3c36160b0b42: 48 arrays, 83.9 MB stored; 1.2 s; peak memory 537 MiB.
2026-10-09T03:14:36Z INFO [498/1000] 23894dbb-ebad-464a-9a3d-b5a59b50c3f7: 66 arrays, 61.5 MB stored; 1.4 s; peak memory 537 MiB.
2026-10-09T03:14:37Z INFO [499/1000] 238a8c19-dcb4-409d-91e9-0b05ccd276ac: 72 arrays, 0.0 MB stored; 1.2 s; peak memory 537 MiB.
2026-10-09T03:14:38Z INFO [500/1000] 238ad6f2-8096-4732-8cf2-66ccc5b7f373: 41 arrays, 8.4 MB stored; 1.1 s; peak memory 537 MiB.
2026-10-09T03:14:39Z INFO [501/1000] 2389a1cb-213e-488d-ab2e-2a428f57bf28: 85 arrays, 1596.1 MB stored; 3.1 s; peak memory 537 MiB.
2026-10-09T03:14:40Z INFO [502/1000] 238bc57c-24c3-43c4-b250-480e14e5a1c0: 117 arrays, 0.3 MB stored; 1.3 s; peak memory 537 MiB.
2026-10-09T03:14:41Z INFO [503/1000] 238bc067-c73d-4aec-ab69-f18bb09399fa: 90 arrays, 159.4 MB stored; 2.5 s; peak memory 537 MiB.
2026-10-09T03:14:42Z INFO [504/1000] 238c3541-4bb6-4e68-9b40-e67d962b1c37: 114 arrays, 0.1 MB stored; 1.1 s; peak memory 537 MiB.
2026-10-09T03:14:43Z INFO [505/1000] 238c3bc6-3f69-4bbb-b882-f0d951a30614: 69 arrays, 2.0 MB stored; 1.3 s; peak memory 537 MiB.
2026-10-09T03:14:45Z INFO [506/1000] 238cdb4d-eff4-449d-b86a-5ac0c61063e3: 117 arrays, 26.6 MB stored; 1.8 s; peak memory 537 MiB.
2026-10-09T03:14:46Z INFO [507/1000] 238bc975-7f22-42db-95b2-e38210de45d5: 410 arrays, 89.4 MB stored; 6.5 s; peak memory 537 MiB.
2026-10-09T03:14:47Z INFO [508/1000] 238d8ee4-e597-4178-9ca6-075b9010294c: 66 arrays, 53.5 MB stored; 1.8 s; peak memory 537 MiB.
2026-10-09T03:14:48Z INFO [509/1000] 238db5ff-c49b-4561-864d-02ca98a0f53d: 117 arrays, 0.2 MB stored; 1.2 s; peak memory 537 MiB.
2026-10-09T03:14:49Z INFO [510/1000] 238df124-b561-45a5-b4e1-2d85d7504b40: 117 arrays, 0.2 MB stored; 1.1 s; peak memory 537 MiB.
2026-10-09T03:14:51Z INFO [511/1000] 238deee9-52a3-4fd7-95a6-451fc3b813b1: 174 arrays, 40.7 MB stored; 3.7 s; peak memory 537 MiB.
2026-10-09T03:14:53Z INFO [512/1000] 2390e723-dc0f-49e2-b89b-f366e860c49b: 138 arrays, 4.8 MB stored; 2.1 s; peak memory 537 MiB.
2026-10-09T03:14:54Z INFO [513/1000] 2391cc9f-8c52-46c8-a523-3e03dc8b1327: 116 arrays, 0.4 MB stored; 1.3 s; peak memory 537 MiB.
2026-10-09T03:14:55Z INFO [514/1000] 2391fc58-9cc8-4c7f-89bc-409af5f9c367: 48 arrays, 83.9 MB stored; 1.3 s; peak memory 537 MiB.
2026-10-09T03:14:56Z INFO [515/1000] 23903685-9c3b-40d6-9e34-5eaf09979552: 672 arrays, 19.3 MB stored; 7.5 s; peak memory 537 MiB.
2026-10-09T03:14:58Z INFO [516/1000] 23926427-95d9-45aa-b40f-e469a699334e: 157 arrays, 169.5 MB stored; 2.6 s; peak memory 537 MiB.
2026-10-09T03:14:58Z INFO [517/1000] 23926e62-af5a-485a-9c7d-c359251efe33: 71 arrays, 136.7 MB stored; 2.2 s; peak memory 537 MiB.
2026-10-09T03:14:59Z INFO [518/1000] 23927c16-3f16-4080-9071-21e72b63f04b: 52 arrays, 11.9 MB stored; 1.2 s; peak memory 537 MiB.
2026-10-09T03:15:00Z INFO [519/1000] 2393b1b1-d6d5-4551-9650-cecd8270fe4f: 118 arrays, 0.2 MB stored; 1.2 s; peak memory 537 MiB.
2026-10-09T03:15:02Z INFO [520/1000] 239439b9-e19e-4f9b-b2a4-82c44b4535f0: 48 arrays, 83.9 MB stored; 1.4 s; peak memory 537 MiB.
2026-10-09T03:15:03Z INFO [521/1000] 2395747d-1aee-47ee-9718-46660597da1e: 57 arrays, 0.0 MB stored; 1.1 s; peak memory 537 MiB.
2026-10-09T03:15:04Z INFO [522/1000] 23961c4d-9ab3-4283-8c45-ba1667c683b1: 112 arrays, 0.4 MB stored; 1.5 s; peak memory 537 MiB.
2026-10-09T03:15:05Z INFO [523/1000] 239663a6-07ed-4d93-9f2c-c170727e4629: 50 arrays, 4.9 MB stored; 0.9 s; peak memory 537 MiB.
2026-10-09T03:15:07Z INFO [524/1000] 2396a861-29b0-4061-bead-b465461d036d: 66 arrays, 64.9 MB stored; 1.5 s; peak memory 537 MiB.
2026-10-09T03:15:08Z INFO [525/1000] 23972d00-366f-4e0b-94fb-2eace2edeabe: 48 arrays, 83.9 MB stored; 1.2 s; peak memory 537 MiB.
2026-10-09T03:15:09Z INFO [526/1000] 2398131a-f404-475c-ae9a-f81bac6c8a9a: 48 arrays, 83.9 MB stored; 1.2 s; peak memory 537 MiB.
2026-10-09T03:15:10Z INFO [527/1000] 239904b8-8931-4999-a738-f8e2aebcb61e: 48 arrays, 83.9 MB stored; 1.1 s; peak memory 537 MiB.
2026-10-09T03:15:12Z INFO [528/1000] 23996018-32f4-4f09-82b6-2ce35d23f659: 124 arrays, 0.8 MB stored; 1.6 s; peak memory 537 MiB.
2026-10-09T03:15:13Z INFO [529/1000] 2379383a-dc42-4da8-934d-3459c5833af2: 449 arrays, 23742.0 MB stored; 129.3 s; peak memory 537 MiB.
2026-10-09T03:15:13Z INFO [530/1000] 2399a4e6-49f2-4d1f-bf15-26e4d7e92435: 116 arrays, 0.4 MB stored; 1.3 s; peak memory 537 MiB.
2026-10-09T03:15:15Z INFO [531/1000] 2399a803-0d44-4205-95fc-f6027cda1fe2: 158 arrays, 1.2 MB stored; 1.6 s; peak memory 537 MiB.
2026-10-09T03:15:15Z INFO [532/1000] 239392db-8488-4676-9266-fa7a3b2244c3: 1459 arrays, 28.8 MB stored; 16.5 s; peak memory 537 MiB.
2026-10-09T03:15:16Z INFO [533/1000] 239cac79-da90-4be8-a30f-608628a0d6dc: 46 arrays, 12.6 MB stored; 1.2 s; peak memory 537 MiB.
2026-10-09T03:15:19Z INFO [534/1000] 239d64fc-d0ee-4aa6-8d23-6b1f85d8bf9d: 38 arrays, 58.6 MB stored; 2.5 s; peak memory 537 MiB.
2026-10-09T03:15:19Z INFO [535/1000] 239c70f2-d6cb-46eb-b402-23a57d3219d9: 229 arrays, 245.3 MB stored; 4.0 s; peak memory 537 MiB.
2026-10-09T03:15:20Z INFO [536/1000] 239e513e-93e0-4e8d-97a3-49184e4fb04f: 48 arrays, 83.9 MB stored; 1.4 s; peak memory 537 MiB.
2026-10-09T03:15:20Z INFO [537/1000] 239ddb1b-70f0-44ca-8541-f0755825d56c: 52 arrays, 626.0 MB stored; 1.5 s; peak memory 537 MiB.
2026-10-09T03:15:21Z INFO [538/1000] 239b2e5d-a11c-4f83-b37a-3404b3096c74: 82 arrays, 412.7 MB stored; 7.8 s; peak memory 537 MiB.
2026-10-09T03:15:21Z INFO [539/1000] 239f69f0-a8b5-4f20-b570-ae40138abaa2: 48 arrays, 83.9 MB stored; 1.3 s; peak memory 537 MiB.
2026-10-09T03:15:22Z INFO [540/1000] 239f916d-206c-42a0-a1f3-673c38f37787: 117 arrays, 0.4 MB stored; 1.2 s; peak memory 537 MiB.
2026-10-09T03:15:23Z INFO [541/1000] 239fa8c0-20f8-404b-ad44-23f18086fae2: 62 arrays, 4663.9 MB stored; 1.7 s; peak memory 537 MiB.
2026-10-09T03:15:23Z INFO [542/1000] 239fb32b-eb7d-45c9-b4e6-7ba84b39e28f: 117 arrays, 0.4 MB stored; 1.3 s; peak memory 537 MiB.
2026-10-09T03:15:24Z INFO [543/1000] 239fb591-4e62-45fb-abb7-9064486b3971: 289 arrays, 17.2 MB stored; 1.4 s; peak memory 537 MiB.
2026-10-09T03:15:25Z INFO [544/1000] 239ff8dc-b10d-4b23-9417-4f9434272c61: 48 arrays, 83.9 MB stored; 1.2 s; peak memory 537 MiB.
2026-10-09T03:15:25Z INFO [545/1000] 239e5fe9-081b-445d-9571-5d12bd4d162d: 592 arrays, 20.5 MB stored; 5.0 s; peak memory 537 MiB.
2026-10-09T03:15:26Z INFO [546/1000] 23a02a9d-2822-4ecf-be70-d194d24d8099: 117 arrays, 0.2 MB stored; 1.3 s; peak memory 537 MiB.
2026-10-09T03:15:26Z INFO [547/1000] 23a00614-5ac1-4e40-a806-300481e4d35b: 112 arrays, 0.6 MB stored; 1.4 s; peak memory 537 MiB.
2026-10-09T03:15:26Z INFO [548/1000] 23a0cab9-0495-4662-b167-3c386479ac5e: 48 arrays, 83.9 MB stored; 1.2 s; peak memory 537 MiB.
2026-10-09T03:15:27Z INFO [549/1000] 23a0ff54-d38c-4aac-9c7a-56c9182b0815: 48 arrays, 83.9 MB stored; 1.3 s; peak memory 537 MiB.
2026-10-09T03:15:28Z INFO [550/1000] 23a187e1-ef3b-4223-ade2-2146f0039153: 48 arrays, 83.9 MB stored; 1.2 s; peak memory 537 MiB.
2026-10-09T03:15:28Z INFO [551/1000] 23a11ddb-19d6-4e38-96fe-8c5acc6c3cee: 112 arrays, 0.8 MB stored; 1.6 s; peak memory 537 MiB.
2026-10-09T03:15:29Z INFO [552/1000] 23a19fa3-c500-4907-9540-ca51cfc21095: 117 arrays, 0.4 MB stored; 1.6 s; peak memory 537 MiB.
2026-10-09T03:15:29Z INFO [553/1000] 237a3780-2a8c-4c8a-ba06-98176a1c0bfc: 167 arrays, 21099.8 MB stored; 133.5 s; peak memory 537 MiB.
2026-10-09T03:15:29Z INFO [554/1000] 23a1ee90-4702-4115-b266-09acf5a896e1: 48 arrays, 83.9 MB stored; 1.5 s; peak memory 537 MiB.
2026-10-09T03:15:29Z INFO [555/1000] 23a22985-7e2d-45c8-9790-ece41a94a6ef: 117 arrays, 0.3 MB stored; 1.7 s; peak memory 537 MiB.
2026-10-09T03:15:30Z INFO [556/1000] 23a23f59-7265-4ec8-bb51-5d65474a8cfb: 48 arrays, 83.9 MB stored; 1.3 s; peak memory 537 MiB.
2026-10-09T03:15:30Z INFO [557/1000] 23a25115-b608-4c1a-8c05-e1bf6a30e645: 48 arrays, 83.9 MB stored; 1.3 s; peak memory 537 MiB.
2026-10-09T03:15:30Z INFO [558/1000] 23a32b47-a114-44dd-924a-460ee7a25317: 48 arrays, 83.9 MB stored; 1.2 s; peak memory 537 MiB.
2026-10-09T03:15:31Z INFO [559/1000] 23a38802-f709-4001-9b29-492574b9b641: 117 arrays, 0.4 MB stored; 1.3 s; peak memory 537 MiB.
2026-10-09T03:15:32Z INFO [560/1000] 23a3ed06-02e1-4697-97e7-815774c7b2a5: 117 arrays, 0.4 MB stored; 1.2 s; peak memory 537 MiB.
2026-10-09T03:15:32Z INFO [561/1000] 23a3e9f8-4e75-499b-8d3f-6e109f85f2ab: 78 arrays, 378.5 MB stored; 1.9 s; peak memory 537 MiB.
2026-10-09T03:15:33Z INFO [562/1000] 23a4118f-9183-45cc-9c22-4ecaa2ede0f9: 48 arrays, 83.9 MB stored; 1.2 s; peak memory 537 MiB.
2026-10-09T03:15:33Z INFO [563/1000] 23a44362-12a3-4251-8443-a770f0e16df9: 92 arrays, 11.0 MB stored; 1.1 s; peak memory 537 MiB.
2026-10-09T03:15:34Z INFO [564/1000] 23a4c13c-4d25-434e-a5b1-b17c139dc5c3: 48 arrays, 83.9 MB stored; 1.2 s; peak memory 537 MiB.
2026-10-09T03:15:34Z INFO [565/1000] 23a452a1-6659-4b16-b230-5b801be25a40: 53 arrays, 662.4 MB stored; 2.2 s; peak memory 537 MiB.
2026-10-09T03:15:35Z INFO [566/1000] 23a56536-8d5d-4810-9ddf-2e91cfe1b55b: 55 arrays, 0.0 MB stored; 1.0 s; peak memory 537 MiB.
2026-10-09T03:15:36Z INFO [567/1000] 23a547a6-164d-472c-977f-570a67dc3b87: 112 arrays, 0.9 MB stored; 1.6 s; peak memory 537 MiB.
2026-10-09T03:15:37Z INFO [568/1000] 23a5be7b-8e18-409b-845f-f0d84d6b5b1e: 48 arrays, 83.9 MB stored; 1.3 s; peak memory 537 MiB.
2026-10-09T03:15:37Z INFO [569/1000] 23a5fe9e-fca2-4565-8702-a04a96965e19: 61 arrays, 26.3 MB stored; 1.3 s; peak memory 537 MiB.
2026-10-09T03:15:37Z INFO [570/1000] 23a2f6c7-a719-456f-b360-10d3b6095628: 851 arrays, 19.3 MB stored; 8.2 s; peak memory 537 MiB.
2026-10-09T03:15:38Z INFO [571/1000] 23a610f0-a73b-4f2f-9747-aa7f1c251f81: 51 arrays, 1004.7 MB stored; 1.6 s; peak memory 537 MiB.
2026-10-09T03:15:38Z INFO [572/1000] 23a6393c-0d23-493b-808c-11dd18c6c599: 112 arrays, 0.8 MB stored; 1.5 s; peak memory 537 MiB.
2026-10-09T03:15:38Z INFO [573/1000] 23a6f83d-931a-4f03-8236-9509dd45da7d: 48 arrays, 83.9 MB stored; 1.3 s; peak memory 537 MiB.
2026-10-09T03:15:40Z INFO [574/1000] 23a74d02-7b04-41f3-a291-0999e9928b9e: 48 arrays, 83.9 MB stored; 1.3 s; peak memory 537 MiB.
2026-10-09T03:15:40Z INFO [575/1000] 23a70fec-f081-476b-9a13-2cb0cd3dbcc5: 117 arrays, 0.5 MB stored; 1.5 s; peak memory 537 MiB.
2026-10-09T03:15:40Z INFO [576/1000] 23a75ce8-c95a-4df7-9854-fd48186f47ba: 48 arrays, 83.9 MB stored; 1.3 s; peak memory 537 MiB.
2026-10-09T03:15:40Z INFO [577/1000] 23a45ef4-62b6-4e75-8c70-f4983881ae6b: 409 arrays, 104.5 MB stored; 7.4 s; peak memory 537 MiB.
2026-10-09T03:15:41Z INFO [578/1000] 23a900ee-03ff-48b1-8872-f43cefafd37e: 57 arrays, 0.0 MB stored; 1.3 s; peak memory 537 MiB.
2026-10-09T03:15:41Z INFO [579/1000] 23a7d03a-1f39-4e25-9571-a6dba57277ae: 61 arrays, 24.2 MB stored; 1.6 s; peak memory 537 MiB.
2026-10-09T03:15:41Z INFO [580/1000] 23a96c35-f0be-4ecd-b023-5831a148aa8e: 48 arrays, 83.9 MB stored; 1.5 s; peak memory 537 MiB.
2026-10-09T03:15:41Z INFO [581/1000] 23a97a3f-d8d4-4905-9d95-ddfb060be13e: 117 arrays, 0.2 MB stored; 1.5 s; peak memory 537 MiB.
2026-10-09T03:15:43Z INFO [582/1000] 23aa8e6f-131b-4b6d-b0eb-32f5786bdd74: 117 arrays, 0.2 MB stored; 1.5 s; peak memory 537 MiB.
2026-10-09T03:15:44Z INFO [583/1000] 23ab525a-b57e-4581-8fa3-10fd7936874b: 99 arrays, 0.1 MB stored; 1.0 s; peak memory 537 MiB.
2026-10-09T03:15:45Z INFO [584/1000] 23ab80ea-6448-4e84-9722-0475acb236d2: 48 arrays, 83.9 MB stored; 1.2 s; peak memory 537 MiB.
2026-10-09T03:15:46Z INFO [585/1000] 23ab90da-ee2d-4e64-8ac8-c3e99218e569: 117 arrays, 0.2 MB stored; 1.2 s; peak memory 537 MiB.
2026-10-09T03:15:46Z INFO [586/1000] 23ab0b67-ab69-47d1-a8f3-3ab5e6f954be: 534 arrays, 8.6 MB stored; 4.9 s; peak memory 537 MiB.
2026-10-09T03:15:47Z INFO [587/1000] 23aa8b73-7eaf-4cba-b0c7-6f90830b8823: 1053 arrays, 22.7 MB stored; 6.2 s; peak memory 537 MiB.
2026-10-09T03:15:48Z INFO [588/1000] 23abf297-02d9-4504-bf00-d4185f800192: 70 arrays, 112.9 MB stored; 2.2 s; peak memory 537 MiB.
2026-10-09T03:15:49Z INFO [589/1000] 23ad8229-c45b-4074-a442-146289e249b2: 48 arrays, 83.9 MB stored; 1.2 s; peak memory 537 MiB.
2026-10-09T03:15:50Z INFO [590/1000] 23ae168e-ab18-4bd7-8d7c-d9348a64686f: 64 arrays, 0.0 MB stored; 1.2 s; peak memory 537 MiB.
2026-10-09T03:15:50Z INFO [591/1000] 23ada509-cd03-4285-b068-1cc6be794be9: 71 arrays, 54.9 MB stored; 1.7 s; peak memory 537 MiB.
2026-10-09T03:15:51Z INFO [592/1000] 23ae794a-44e3-4d4f-a562-68065fc11a02: 118 arrays, 0.4 MB stored; 1.3 s; peak memory 537 MiB.
2026-10-09T03:15:56Z INFO [593/1000] 23ae8fad-1bbc-444a-8d9f-e9b17718071b: 46 arrays, 2749.0 MB stored; 5.4 s; peak memory 537 MiB.
2026-10-09T03:15:56Z INFO [594/1000] 23af2c50-c66e-45cc-8178-7184c92d3825: 54 arrays, 0.0 MB stored; 0.9 s; peak memory 537 MiB.
2026-10-09T03:15:58Z INFO [595/1000] 23afc58d-b491-4280-8c7c-973d2464093d: 67 arrays, 35.3 MB stored; 1.4 s; peak memory 537 MiB.
2026-10-09T03:16:00Z INFO [596/1000] 23b07b5a-52af-45b4-af5a-d1d572028e81: 206 arrays, 6.4 MB stored; 2.6 s; peak memory 537 MiB.
2026-10-09T03:16:07Z INFO [597/1000] 23abe3a8-854c-43bf-a11d-dec2d8a7acbe: 1339 arrays, 1918.7 MB stored; 20.8 s; peak memory 537 MiB.
2026-10-09T03:16:08Z INFO [598/1000] 23b1f316-9fca-4ce9-9dac-7406da0b12ae: 112 arrays, 0.7 MB stored; 1.4 s; peak memory 537 MiB.
2026-10-09T03:16:10Z INFO [599/1000] 23b28cc4-cbfe-41df-8373-4f3ce8004add: 110 arrays, 0.3 MB stored; 1.3 s; peak memory 537 MiB.
2026-10-09T03:16:11Z INFO [600/1000] 23b2ad2a-2c74-42ca-94cd-114c0e26c41f: 117 arrays, 0.2 MB stored; 1.4 s; peak memory 537 MiB.
2026-10-09T03:16:12Z INFO [600/1000] 23b2ad2a-2c74-42ca-94cd-114c0e26c41f: checkpointed 600 new records.
2026-10-09T03:16:17Z INFO [601/1000] 23aef22a-e56b-4f8f-a133-2f30d1d26801: 48 arrays, 38497.1 MB stored; 26.3 s; peak memory 537 MiB.
2026-10-09T03:16:19Z INFO [602/1000] 23b323a9-8431-4fb1-af20-023878466710: 52 arrays, 2930.6 MB stored; 1.3 s; peak memory 537 MiB.
2026-10-09T03:16:27Z INFO [603/1000] 238426dc-39af-47ba-adc0-4f12b5ea1cdd: 410 arrays, 22283.5 MB stored; 143.5 s; peak memory 537 MiB.
2026-10-09T03:16:28Z INFO [604/1000] 23b398eb-a99b-43d1-b4b3-e42cace78992: 884 arrays, 23.5 MB stored; 9.1 s; peak memory 537 MiB.
2026-10-09T03:16:29Z INFO [605/1000] 23b3a4a2-0451-4144-a8ee-17253060a53e: 59 arrays, 253.3 MB stored; 1.5 s; peak memory 537 MiB.
2026-10-09T03:16:29Z INFO [606/1000] 23b449c0-89a2-4b55-becb-22e2834273df: 48 arrays, 83.9 MB stored; 1.2 s; peak memory 537 MiB.
2026-10-09T03:16:31Z INFO [607/1000] 23b0bf08-5f9a-4a1e-b7e0-41155eea6ba8: 36 arrays, 1862.7 MB stored; 30.3 s; peak memory 537 MiB.
2026-10-09T03:16:32Z INFO [608/1000] 23b50840-7c80-47e7-a480-d4250056bfd7: 116 arrays, 187.0 MB stored; 2.7 s; peak memory 537 MiB.
2026-10-09T03:16:32Z INFO [609/1000] 23b56f10-4cb0-47c1-bd63-ae04e7d5e9c5: 112 arrays, 0.3 MB stored; 1.2 s; peak memory 537 MiB.
2026-10-09T03:16:33Z INFO [610/1000] 23b60c6e-6c3b-4965-9ea6-156d8fefb2f1: 118 arrays, 0.4 MB stored; 1.3 s; peak memory 537 MiB.
2026-10-09T03:16:33Z INFO [611/1000] 23b632c6-dbfc-40ea-9540-6dd02e7bbfc8: 112 arrays, 0.6 MB stored; 1.3 s; peak memory 537 MiB.
2026-10-09T03:16:34Z INFO [612/1000] 23b6973e-c247-4dbb-9f1b-930495e0b804: 38 arrays, 0.5 MB stored; 1.1 s; peak memory 537 MiB.
2026-10-09T03:16:35Z INFO [613/1000] 23b72ef4-e4eb-446f-8ee8-4616a684644f: 62 arrays, 3060.5 MB stored; 1.6 s; peak memory 537 MiB.
2026-10-09T03:16:35Z INFO [614/1000] 23b4894a-9032-413a-800f-bfed362e6c4f: 1290 arrays, 23.1 MB stored; 6.1 s; peak memory 537 MiB.
2026-10-09T03:16:35Z INFO [615/1000] 23b7a211-ab53-41fe-ae90-0af44eae854c: 48 arrays, 83.9 MB stored; 1.2 s; peak memory 537 MiB.
2026-10-09T03:16:36Z INFO [616/1000] 23b30224-d42d-4d94-aae4-3b8ab2c4a1bb: 48 arrays, 43209.2 MB stored; 24.7 s; peak memory 537 MiB.
2026-10-09T03:16:36Z INFO [617/1000] 23b84876-a6bd-4bd9-a2d0-b30f30fca9a4: 48 arrays, 83.9 MB stored; 1.2 s; peak memory 537 MiB.
2026-10-09T03:16:37Z INFO [618/1000] 23b9c3b6-8fb4-4f3c-a08f-12fca80632cf: 48 arrays, 83.9 MB stored; 1.3 s; peak memory 537 MiB.
2026-10-09T03:16:37Z INFO [619/1000] 23b97b06-6208-4f93-8e00-c0c6b3fc0c16: 186 arrays, 10.6 MB stored; 2.1 s; peak memory 537 MiB.
2026-10-09T03:16:39Z INFO [620/1000] 23bb54f3-8046-4114-bec2-e20975b9fd0e: 155 arrays, 1.1 MB stored; 1.8 s; peak memory 537 MiB.
2026-10-09T03:16:39Z INFO [621/1000] 23bb14b3-481a-4452-8a19-9a4c84616da0: 38 arrays, 34.1 MB stored; 2.1 s; peak memory 537 MiB.
2026-10-09T03:16:40Z INFO [622/1000] 23bc5102-8995-4395-99aa-eaab06e4ccc4: 44 arrays, 0.0 MB stored; 1.0 s; peak memory 537 MiB.
2026-10-09T03:16:41Z INFO [623/1000] 23ba8671-985b-48d0-b7bd-34ce8332fa3a: 196 arrays, 559.5 MB stored; 5.3 s; peak memory 537 MiB.
2026-10-09T03:16:41Z INFO [624/1000] 23be1e43-daea-4659-9033-7d43d85c95fc: 66 arrays, 15.3 MB stored; 1.3 s; peak memory 537 MiB.
2026-10-09T03:16:42Z INFO [625/1000] 23bd136e-60b7-43aa-ac53-cd27b5bb7a40: 123 arrays, 7.8 MB stored; 2.4 s; peak memory 537 MiB.
2026-10-09T03:16:43Z INFO [626/1000] 23be4d7b-e034-4575-a3ea-f7138ba0a2cf: 48 arrays, 83.9 MB stored; 1.3 s; peak memory 537 MiB.
2026-10-09T03:16:43Z INFO [627/1000] 23be7366-cbee-4d66-bfd3-c8793e4e53b4: 48 arrays, 83.9 MB stored; 1.4 s; peak memory 537 MiB.
2026-10-09T03:16:43Z INFO [628/1000] 23becbfc-7a1f-4730-8ccf-d5ef071bae25: 117 arrays, 0.6 MB stored; 1.4 s; peak memory 537 MiB.
2026-10-09T03:16:44Z INFO [629/1000] 23befa99-95f6-41d1-900e-2f375eaa7da1: 112 arrays, 0.4 MB stored; 1.4 s; peak memory 537 MiB.
2026-10-09T03:16:44Z INFO [630/1000] 23c034f4-b026-4201-acf2-88dcd3b02771: 69 arrays, 2.1 MB stored; 1.5 s; peak memory 537 MiB.
2026-10-09T03:16:45Z INFO [631/1000] 23c09725-909c-4fa7-9f5b-99cc72797eba: 112 arrays, 0.5 MB stored; 1.4 s; peak memory 537 MiB.
2026-10-09T03:16:45Z INFO [632/1000] 23c066f1-5980-4592-877c-9b75f4ca8969: 115 arrays, 190.2 MB stored; 2.5 s; peak memory 537 MiB.
2026-10-09T03:16:47Z INFO [633/1000] 23b86f18-cb7d-41e6-905f-ca04c34113b9: 106 arrays, 19534.9 MB stored; 11.7 s; peak memory 537 MiB.
2026-10-09T03:16:47Z INFO [634/1000] 23c177d3-7677-468c-aaf5-68092621d1f2: 117 arrays, 0.3 MB stored; 1.3 s; peak memory 537 MiB.
2026-10-09T03:16:47Z INFO [635/1000] 23c19d95-00f6-4616-b192-e3bc526d8228: 112 arrays, 0.9 MB stored; 1.6 s; peak memory 537 MiB.
2026-10-09T03:16:48Z INFO [636/1000] 23c24616-e892-4451-a805-16672fc6c11a: 117 arrays, 0.3 MB stored; 1.4 s; peak memory 537 MiB.
2026-10-09T03:16:48Z INFO [637/1000] 23c17501-cd29-4565-a4c0-d6f3b0e57dc7: 772 arrays, 6.4 MB stored; 3.9 s; peak memory 537 MiB.
2026-10-09T03:16:48Z INFO [638/1000] 23c28ca4-56b0-4a8d-93dc-55db045e14f8: 48 arrays, 83.9 MB stored; 1.6 s; peak memory 537 MiB.
2026-10-09T03:16:48Z INFO [639/1000] 23c3405a-a5c5-4a3b-8bec-f15080596171: 116 arrays, 0.3 MB stored; 1.4 s; peak memory 537 MiB.
2026-10-09T03:16:49Z INFO [640/1000] 23c3beb5-c756-4253-9be4-9d36bd155ddd: 45 arrays, 0.0 MB stored; 1.2 s; peak memory 537 MiB.
2026-10-09T03:16:50Z INFO [641/1000] 23c42a0d-d85d-4962-8860-c9c85f2a4c18: 117 arrays, 0.3 MB stored; 1.5 s; peak memory 537 MiB.
2026-10-09T03:16:50Z INFO [642/1000] 23c5328d-e959-433c-9cb7-c4e798011965: 41 arrays, 8.4 MB stored; 1.4 s; peak memory 537 MiB.
2026-10-09T03:16:52Z INFO [643/1000] 23c54c44-3d95-4d38-ad69-b9200db83f94: 156 arrays, 193.5 MB stored; 2.7 s; peak memory 537 MiB.
2026-10-09T03:16:52Z INFO [644/1000] 23c68f1f-813c-4962-bf13-2f3a08454c80: 103 arrays, 20.0 MB stored; 2.2 s; peak memory 537 MiB.
2026-10-09T03:16:53Z INFO [645/1000] 23c6e667-8424-4ef7-ab17-5dbb72065849: 49 arrays, 25.4 MB stored; 1.3 s; peak memory 537 MiB.
2026-10-09T03:16:53Z INFO [646/1000] 23c83371-1469-4483-890a-e6366958b326: 52 arrays, 16.2 MB stored; 1.2 s; peak memory 537 MiB.
2026-10-09T03:16:54Z INFO [647/1000] 23c4c5ac-34c1-4b59-a7bd-49ae0df7c18c: 266 arrays, 1080.2 MB stored; 5.8 s; peak memory 537 MiB.
2026-10-09T03:16:54Z INFO [648/1000] 23c882fb-4fc1-4f6b-a1e2-6eac9250265e: 48 arrays, 83.9 MB stored; 1.1 s; peak memory 537 MiB.
2026-10-09T03:16:56Z INFO [649/1000] 23c9f909-97b8-4394-9bdd-d2246430fe90: 48 arrays, 83.9 MB stored; 1.1 s; peak memory 537 MiB.
2026-10-09T03:16:57Z INFO [650/1000] 23ca21a7-12a4-47e1-bc48-5738e0e8fa6a: 48 arrays, 83.9 MB stored; 1.0 s; peak memory 537 MiB.
2026-10-09T03:16:58Z INFO [651/1000] 23ca3679-0c10-4487-a309-d9697481d60b: 170 arrays, 0.7 MB stored; 1.2 s; peak memory 537 MiB.
2026-10-09T03:16:59Z INFO [652/1000] 23cb696d-0a0d-47b1-846b-0b28c029fc74: 112 arrays, 0.7 MB stored; 1.3 s; peak memory 537 MiB.
2026-10-09T03:16:59Z INFO [653/1000] 23c99fe1-098d-49a4-841a-61933d0bf3ec: 2602 arrays, 22.1 MB stored; 5.1 s; peak memory 537 MiB.
2026-10-09T03:17:01Z INFO [654/1000] 23cb83d5-39f6-4a31-b40f-353c07e0bab0: 69 arrays, 56.6 MB stored; 1.5 s; peak memory 537 MiB.
2026-10-09T03:17:01Z INFO [655/1000] 23cb7f54-57d0-4d7a-b174-800061fffe1e: 49 arrays, 664.5 MB stored; 2.1 s; peak memory 537 MiB.
2026-10-09T03:17:02Z INFO [656/1000] 23cb9013-f04b-493b-90ec-d346fe9341e8: 50 arrays, 0.8 MB stored; 1.0 s; peak memory 537 MiB.
2026-10-09T03:17:02Z INFO [657/1000] 23cbace7-4d51-4eb4-8acc-ab882c0d1ec6: 110 arrays, 0.4 MB stored; 1.3 s; peak memory 537 MiB.
2026-10-09T03:17:03Z INFO [658/1000] 23c91679-a461-495c-b677-9f832e328492: 1398 arrays, 45.7 MB stored; 9.6 s; peak memory 537 MiB.
2026-10-09T03:17:03Z INFO [659/1000] 23cbcb10-5e56-40c4-a571-058e714bf183: 117 arrays, 0.4 MB stored; 1.1 s; peak memory 537 MiB.
2026-10-09T03:17:03Z INFO [660/1000] 23cbdff3-e3fe-4576-92e4-ef84af6861d4: 39 arrays, 2.9 MB stored; 1.1 s; peak memory 537 MiB.
2026-10-09T03:17:04Z INFO [661/1000] 23c6110a-542c-43f8-a5d9-ba84846c76b7: 94 arrays, 25498.1 MB stored; 13.9 s; peak memory 537 MiB.
2026-10-09T03:17:04Z INFO [662/1000] 23cc128e-286f-4a30-9d96-c1cf83b19f25: 46 arrays, 0.2 MB stored; 1.1 s; peak memory 537 MiB.
2026-10-09T03:17:04Z INFO [663/1000] 23cc2087-2d28-4f73-b838-3bc2b8981e6b: 52 arrays, 12.4 MB stored; 1.2 s; peak memory 537 MiB.
2026-10-09T03:17:05Z INFO [664/1000] 23cd6f44-8a68-46c4-b26a-4b05f29cfff4: 46 arrays, 0.1 MB stored; 1.0 s; peak memory 537 MiB.
2026-10-09T03:17:05Z INFO [665/1000] 23cc521c-b6a1-4d8d-b4dc-5cd448ba6f33: 48 arrays, 83.9 MB stored; 1.3 s; peak memory 537 MiB.
2026-10-09T03:17:05Z INFO [666/1000] 23cd7989-4dd3-4ac4-a784-6672f85c231f: 48 arrays, 83.9 MB stored; 1.3 s; peak memory 537 MiB.
2026-10-09T03:17:06Z INFO [667/1000] 23cf33fb-1360-43cd-9e7f-a85d666ba156: 42 arrays, 1.1 MB stored; 1.3 s; peak memory 537 MiB.
2026-10-09T03:17:07Z INFO [668/1000] 23d0a32a-68e6-488a-968d-0b49ea0ffc46: 112 arrays, 0.4 MB stored; 1.3 s; peak memory 537 MiB.
2026-10-09T03:17:07Z INFO [669/1000] 23d0d724-7fb0-4ff3-9cfa-cf39cee3b587: 40 arrays, 11.3 MB stored; 1.0 s; peak memory 537 MiB.
2026-10-09T03:17:08Z INFO [670/1000] 23cde396-7a65-4747-8235-d2234f651a10: 512 arrays, 6.9 MB stored; 3.8 s; peak memory 537 MiB.
2026-10-09T03:17:08Z INFO [671/1000] 23d159b9-6aba-46e5-adc3-1eacbd9baea5: 21 arrays, 0.6 MB stored; 1.0 s; peak memory 537 MiB.
2026-10-09T03:17:08Z INFO [672/1000] 23d12626-66be-465a-972c-05bd793ad10d: 112 arrays, 0.9 MB stored; 1.5 s; peak memory 537 MiB.
2026-10-09T03:17:09Z INFO [673/1000] 23d257e2-efc1-4dba-8213-45655a053050: 48 arrays, 83.9 MB stored; 1.3 s; peak memory 537 MiB.
2026-10-09T03:17:10Z INFO [674/1000] 23d210dd-3835-4b9b-954b-22a723c7639e: 186 arrays, 29.9 MB stored; 2.3 s; peak memory 537 MiB.
2026-10-09T03:17:11Z INFO [675/1000] 23d26fec-5ecb-4b21-b92e-a1cce864e80b: 48 arrays, 83.9 MB stored; 1.3 s; peak memory 537 MiB.
2026-10-09T03:17:12Z INFO [676/1000] 23d3105a-f1b3-4e75-813d-35a757c7ef01: 118 arrays, 0.5 MB stored; 1.3 s; peak memory 537 MiB.
2026-10-09T03:17:12Z INFO [677/1000] 23d22c77-8626-46fe-b5e4-3bc529f28b77: 642 arrays, 8.3 MB stored; 4.4 s; peak memory 537 MiB.
2026-10-09T03:17:13Z INFO [678/1000] 23d310cf-0ae1-4e62-82ca-03f9e2e6eefb: 71 arrays, 131.0 MB stored; 1.8 s; peak memory 537 MiB.
2026-10-09T03:17:13Z INFO [679/1000] 23d35a5b-d475-4bdd-b9b9-d7a2a750d22c: 48 arrays, 83.9 MB stored; 1.2 s; peak memory 537 MiB.
2026-10-09T03:17:14Z INFO [680/1000] 23d45ad9-4941-4d8a-8e90-b93b0ec0a8e7: 41 arrays, 14.4 MB stored; 1.2 s; peak memory 537 MiB.
2026-10-09T03:17:14Z INFO [681/1000] 23d4bf61-7834-4e59-bb60-23a415d1b64c: 52 arrays, 14.5 MB stored; 1.3 s; peak memory 537 MiB.
2026-10-09T03:17:15Z INFO [682/1000] 23d40160-fb92-4599-866f-876417214882: 85 arrays, 1453.3 MB stored; 2.6 s; peak memory 537 MiB.
2026-10-09T03:17:15Z INFO [683/1000] 23d6ea35-3936-4595-bbc9-464412f07a0d: 59 arrays, 234.8 MB stored; 1.3 s; peak memory 537 MiB.
2026-10-09T03:17:15Z INFO [684/1000] 23d4daca-fc50-4e13-b096-b34dcb26711d: 112 arrays, 1.0 MB stored; 1.6 s; peak memory 537 MiB.
2026-10-09T03:17:16Z INFO [685/1000] 23d7406d-e698-4e07-9028-6dabf34445e9: 50 arrays, 4.6 MB stored; 1.1 s; peak memory 537 MiB.
2026-10-09T03:17:17Z INFO [686/1000] 23d7327d-fe6c-4ed2-b852-5ab3d8fc3632: 112 arrays, 0.8 MB stored; 1.6 s; peak memory 537 MiB.
2026-10-09T03:17:17Z INFO [687/1000] 23d7745d-6331-4647-aac1-3aa6b73e9553: 70 arrays, 25.8 MB stored; 1.6 s; peak memory 537 MiB.
2026-10-09T03:17:18Z INFO [688/1000] 23d8329a-89eb-43a3-88ab-50a72536fbb8: 63 arrays, 0.0 MB stored; 1.0 s; peak memory 537 MiB.
2026-10-09T03:17:19Z INFO [689/1000] 23d87368-24ba-42d7-9587-ac6757d0abc8: 66 arrays, 164.8 MB stored; 1.9 s; peak memory 537 MiB.
2026-10-09T03:17:20Z INFO [690/1000] 23d889f4-97a3-4c85-b45f-fc8891bb7e35: 109 arrays, 0.4 MB stored; 1.2 s; peak memory 537 MiB.
2026-10-09T03:17:21Z INFO [691/1000] 23d88ef2-f188-4c98-a003-5f23f247c1e6: 112 arrays, 0.6 MB stored; 1.4 s; peak memory 537 MiB.
2026-10-09T03:17:22Z INFO [692/1000] 23d876f7-2e7f-467d-b98d-4d6dce065440: 223 arrays, 267.5 MB stored; 4.2 s; peak memory 537 MiB.
2026-10-09T03:17:25Z INFO [693/1000] 23d77df7-c62d-4718-b42c-d60a7bf61ba3: 11477 arrays, 232.4 MB stored; 8.2 s; peak memory 537 MiB.
2026-10-09T03:17:25Z INFO [694/1000] 23ce8bed-fdd7-483b-a834-c4ca83369bab: 522 arrays, 4417.5 MB stored; 20.1 s; peak memory 537 MiB.
2026-10-09T03:17:25Z INFO [695/1000] 23d8d2a9-ba6f-42f4-83c3-f6b253ec8d84: 474 arrays, 5.2 MB stored; 3.6 s; peak memory 537 MiB.
2026-10-09T03:17:26Z INFO [696/1000] 23d9cc8d-34ae-4c41-b477-182a3e036a3c: 127 arrays, 0.0 MB stored; 1.2 s; peak memory 537 MiB.
2026-10-09T03:17:26Z INFO [697/1000] 23d93ba2-6f86-44c5-af6a-9c2f34a511a2: 538 arrays, 8.3 MB stored; 4.4 s; peak memory 537 MiB.
2026-10-09T03:17:26Z INFO [698/1000] 23d9d7f0-19ec-46d7-b2ea-fc6409661fdb: 71 arrays, 45.4 MB stored; 1.6 s; peak memory 537 MiB.
2026-10-09T03:17:27Z INFO [699/1000] 23dbe367-11eb-47c8-8331-358ef589b0ec: 70 arrays, 17.0 MB stored; 1.5 s; peak memory 537 MiB.
2026-10-09T03:17:27Z INFO [700/1000] 23dd589d-fef3-45e4-a59c-266b6cc06c02: 117 arrays, 0.3 MB stored; 1.3 s; peak memory 537 MiB.
2026-10-09T03:17:28Z INFO [701/1000] 23dd8945-6424-4ab6-a8b3-d0d9ff238f0a: 48 arrays, 83.9 MB stored; 1.3 s; peak memory 537 MiB.
2026-10-09T03:17:28Z INFO [702/1000] 23dda0b9-7342-422e-af1c-e7223ccd74f1: 118 arrays, 0.4 MB stored; 1.3 s; peak memory 537 MiB.
2026-10-09T03:17:28Z INFO [703/1000] 23ddb3bd-2f84-4b52-a31c-40343a7a17a1: 117 arrays, 0.3 MB stored; 1.3 s; peak memory 537 MiB.
2026-10-09T03:17:28Z INFO [704/1000] 23ddf1e3-eeac-463e-965a-93bbbb943780: 117 arrays, 0.5 MB stored; 1.3 s; peak memory 537 MiB.
2026-10-09T03:17:29Z INFO [705/1000] 23df1e6f-6872-4cbf-b78e-6bb2c546dbb1: 46 arrays, 0.0 MB stored; 0.9 s; peak memory 537 MiB.
2026-10-09T03:17:29Z INFO [706/1000] 23de72d4-5cc1-4290-b467-4ba54a7fb4ec: 112 arrays, 0.4 MB stored; 1.4 s; peak memory 537 MiB.
2026-10-09T03:17:29Z INFO [707/1000] 23df1009-876a-4c52-80f6-00348a8adadb: 113 arrays, 0.2 MB stored; 1.5 s; peak memory 537 MiB.
2026-10-09T03:17:30Z INFO [708/1000] 23df6a62-39db-464a-82d3-d545fc63f337: 39 arrays, 1.3 MB stored; 1.1 s; peak memory 537 MiB.
2026-10-09T03:17:30Z INFO [709/1000] 23dfaddc-4b3d-46c8-a68b-f64f2737a443: 48 arrays, 83.9 MB stored; 1.3 s; peak memory 537 MiB.
2026-10-09T03:17:31Z INFO [710/1000] 23df999f-0a74-4a48-8df1-4feba406bcb0: 70 arrays, 17.0 MB stored; 1.5 s; peak memory 537 MiB.
2026-10-09T03:17:31Z INFO [711/1000] 23df1eb5-2743-493a-ab67-b6fe6ffb03a4: 271 arrays, 13.7 MB stored; 2.6 s; peak memory 537 MiB.
2026-10-09T03:17:31Z INFO [712/1000] 23dfcd08-76e3-4080-ab8e-b1a230b59d65: 112 arrays, 0.4 MB stored; 1.3 s; peak memory 537 MiB.
2026-10-09T03:17:32Z INFO [713/1000] 23dfde40-f143-4c73-a295-120d4d8b386f: 39 arrays, 9.1 MB stored; 1.2 s; peak memory 537 MiB.
2026-10-09T03:17:32Z INFO [714/1000] 23e0b0ae-e096-476d-987c-c8012733fec5: 114 arrays, 0.2 MB stored; 1.3 s; peak memory 537 MiB.
2026-10-09T03:17:33Z INFO [715/1000] 23e11a94-b15c-46cc-a1be-8ff59b701955: 48 arrays, 83.9 MB stored; 1.3 s; peak memory 537 MiB.
2026-10-09T03:17:33Z INFO [716/1000] 23e15c24-0315-4535-aeeb-7d25f77ecfd2: 48 arrays, 83.9 MB stored; 1.2 s; peak memory 537 MiB.
2026-10-09T03:17:34Z INFO [717/1000] 23e1c417-0428-4031-a2d1-6b747377d2d0: 71 arrays, 64.9 MB stored; 1.5 s; peak memory 537 MiB.
2026-10-09T03:17:35Z INFO [718/1000] 23e124f2-5a87-4328-bb8f-a38a8fe0e51c: 78 arrays, 376.4 MB stored; 3.0 s; peak memory 537 MiB.
2026-10-09T03:17:35Z INFO [719/1000] 23e2ac00-54e2-4830-9bde-3364243ea9f0: 69 arrays, 4.5 MB stored; 1.4 s; peak memory 537 MiB.
2026-10-09T03:17:36Z INFO [720/1000] 23e2ed67-429d-4f40-b6da-eb4469ed7e2d: 110 arrays, 0.7 MB stored; 1.4 s; peak memory 537 MiB.
2026-10-09T03:17:37Z INFO [721/1000] 23e34630-d19f-496a-8326-904dd16c5478: 48 arrays, 83.9 MB stored; 1.2 s; peak memory 537 MiB.
2026-10-09T03:17:38Z INFO [722/1000] 23e36879-0b90-4a8a-9b09-02f9abc996ee: 48 arrays, 83.9 MB stored; 1.2 s; peak memory 537 MiB.
2026-10-09T03:17:39Z INFO [723/1000] 23e358b2-38cf-440a-8148-e8f8c29d0ef8: 90 arrays, 146.4 MB stored; 2.6 s; peak memory 537 MiB.
2026-10-09T03:17:40Z INFO [724/1000] 23e0cf64-e9ca-4137-b27c-73afaefa771e: 381 arrays, 34.1 MB stored; 8.9 s; peak memory 537 MiB.
2026-10-09T03:17:40Z INFO [725/1000] 23e49074-f442-435e-8962-e6de2e4eeb8d: 112 arrays, 0.4 MB stored; 1.3 s; peak memory 537 MiB.
2026-10-09T03:17:40Z INFO [726/1000] 23e3fca3-4522-4b4d-966e-5bbbe56a8f2f: 115 arrays, 186.8 MB stored; 2.5 s; peak memory 537 MiB.
2026-10-09T03:17:41Z INFO [727/1000] 23e569fa-ab8b-4824-884c-a4cedec1842e: 39 arrays, 6.8 MB stored; 1.2 s; peak memory 537 MiB.
2026-10-09T03:17:42Z INFO [728/1000] 23e570e9-90ae-41ab-8529-31ce1a423fb7: 48 arrays, 83.9 MB stored; 1.2 s; peak memory 537 MiB.
2026-10-09T03:17:42Z INFO [729/1000] 23e6cc8d-bbe3-4d52-8335-0460d567115c: 56 arrays, 0.0 MB stored; 0.9 s; peak memory 537 MiB.
2026-10-09T03:17:44Z INFO [730/1000] 23e5c530-3a8e-4fb2-8a9c-99ba1086815e: 90 arrays, 138.9 MB stored; 2.7 s; peak memory 537 MiB.
2026-10-09T03:17:45Z INFO [731/1000] 23e82a56-495d-40b5-901c-925cf843d714: 137 arrays, 109.5 MB stored; 2.4 s; peak memory 537 MiB.
2026-10-09T03:17:45Z INFO [732/1000] 23e85944-e03f-47a0-9330-f742f6378df6: 62 arrays, 4645.7 MB stored; 1.5 s; peak memory 537 MiB.
2026-10-09T03:17:46Z INFO [733/1000] 23e86267-477a-4ef1-b43d-fb62268f7f00: 46 arrays, 1.1 MB stored; 1.1 s; peak memory 537 MiB.
2026-10-09T03:17:46Z INFO [734/1000] 23e8a1fa-ab06-4f2c-9df4-dc45bbae1058: 68 arrays, 0.0 MB stored; 1.1 s; peak memory 537 MiB.
2026-10-09T03:17:47Z INFO [735/1000] 23e4ea66-fe2f-4c08-8a48-b4acf30e23ab: 965 arrays, 22.0 MB stored; 7.0 s; peak memory 537 MiB.
2026-10-09T03:17:47Z INFO [736/1000] 23e91b27-bac5-457c-adf3-779070782b6b: 131 arrays, 0.5 MB stored; 1.3 s; peak memory 537 MiB.
2026-10-09T03:17:47Z INFO [737/1000] 23e9ec56-f34b-4524-93cc-34cc2d13ed40: 46 arrays, 0.1 MB stored; 0.9 s; peak memory 537 MiB.
2026-10-09T03:17:49Z INFO [738/1000] 23aa5917-9d1a-4b70-a314-2790b9218574: 269 arrays, 20774.7 MB stored; 127.6 s; peak memory 537 MiB.
2026-10-09T03:17:49Z INFO [739/1000] 23ea7d7e-0628-4fe8-b046-e27880f92792: 66 arrays, 37.2 MB stored; 1.6 s; peak memory 537 MiB.
2026-10-09T03:17:50Z INFO [740/1000] 23eb6025-90d3-4e61-bb9f-a36e51a84477: 303 arrays, 17.2 MB stored; 1.4 s; peak memory 537 MiB.
2026-10-09T03:17:50Z INFO [741/1000] 23ebf0a3-8be6-447b-a21c-c4adcafaaff0: 118 arrays, 0.2 MB stored; 1.2 s; peak memory 537 MiB.
2026-10-09T03:17:51Z INFO [742/1000] 23ebfd4c-64d1-4c1d-b313-f4429a3739a4: 48 arrays, 83.9 MB stored; 1.1 s; peak memory 537 MiB.
2026-10-09T03:17:52Z INFO [743/1000] 23ec2b4a-1a30-4ab2-9b78-ef79001eec31: 289 arrays, 17.1 MB stored; 1.5 s; peak memory 537 MiB.
2026-10-09T03:17:52Z INFO [744/1000] 23ec7377-db67-45be-ac21-68ea5172060a: 48 arrays, 83.9 MB stored; 1.3 s; peak memory 537 MiB.
2026-10-09T03:17:53Z INFO [745/1000] 23ee7cbb-fe6e-43e3-b5ed-70d8a1716a60: 69 arrays, 0.1 MB stored; 1.1 s; peak memory 537 MiB.
2026-10-09T03:17:54Z INFO [746/1000] 23eed9e5-554f-41c5-b13e-7256492cbbf8: 117 arrays, 0.3 MB stored; 1.3 s; peak memory 537 MiB.
2026-10-09T03:17:55Z INFO [747/1000] 23ef38fa-c13f-475d-91b0-2233f09ba87e: 52 arrays, 18.8 MB stored; 1.1 s; peak memory 537 MiB.
2026-10-09T03:17:56Z INFO [748/1000] 23ef929d-e538-401a-a988-19d12c2d2067: 118 arrays, 0.4 MB stored; 1.2 s; peak memory 537 MiB.
2026-10-09T03:17:59Z INFO [749/1000] 23ee8ab0-0fcf-491d-bcdf-029946701d1f: 1050 arrays, 15.2 MB stored; 6.4 s; peak memory 537 MiB.
2026-10-09T03:18:00Z INFO [750/1000] 23f12b3d-5f8c-45e4-a7db-a71a38da7672: 112 arrays, 0.2 MB stored; 1.2 s; peak memory 537 MiB.
2026-10-09T03:18:01Z INFO [751/1000] 23ea0309-25ac-4a82-b6c6-46f83e61d226: 44 arrays, 9616.4 MB stored; 14.1 s; peak memory 537 MiB.
2026-10-09T03:18:02Z INFO [752/1000] 23f19353-048c-4db4-aece-ae3baa68853d: 112 arrays, 0.4 MB stored; 1.3 s; peak memory 537 MiB.
2026-10-09T03:18:03Z INFO [753/1000] 23f18e64-f869-498c-81fe-d158c429d190: 133 arrays, 43.0 MB stored; 2.7 s; peak memory 537 MiB.
2026-10-09T03:18:03Z INFO [754/1000] 23f27de2-436a-453f-ac45-e4ed8390fce6: 56 arrays, 0.0 MB stored; 0.9 s; peak memory 537 MiB.
2026-10-09T03:18:04Z INFO [755/1000] 23f2e691-bb3b-4f27-b169-dfa4f3f088e4: 117 arrays, 0.3 MB stored; 1.3 s; peak memory 537 MiB.
2026-10-09T03:18:05Z INFO [756/1000] 23f0ce05-cdeb-42e5-893e-56a23bcccff0: 1452 arrays, 25.4 MB stored; 8.2 s; peak memory 537 MiB.
2026-10-09T03:18:05Z INFO [757/1000] 23f2eebc-3e17-4da3-8bc5-6b4d654efcad: 112 arrays, 0.6 MB stored; 1.6 s; peak memory 537 MiB.
2026-10-09T03:18:05Z INFO [758/1000] 23f3c05b-42ac-42fa-ab37-f0613ee8cc0a: 112 arrays, 0.5 MB stored; 1.2 s; peak memory 537 MiB.
2026-10-09T03:18:12Z INFO [759/1000] 23f42b0a-6a6b-473a-87c4-2c8c4dc3c0b9: 46 arrays, 4193.9 MB stored; 7.9 s; peak memory 537 MiB.
2026-10-09T03:18:13Z INFO [760/1000] 23f49f1b-9a39-48c8-8dac-a63f4ccc8ca3: 895 arrays, 41.2 MB stored; 7.5 s; peak memory 537 MiB.
2026-10-09T03:18:14Z INFO [761/1000] 23f4c4de-40db-49cd-bab0-9e150d021219: 55 arrays, 0.7 MB stored; 1.1 s; peak memory 537 MiB.
2026-10-09T03:18:15Z INFO [762/1000] 23f5ee78-d650-4172-8ae1-cefe1915f35a: 112 arrays, 0.5 MB stored; 1.3 s; peak memory 537 MiB.
2026-10-09T03:18:18Z INFO [763/1000] 23f71236-5548-4737-b757-e7ee6c34ab9c: 50 arrays, 117.4 MB stored; 3.1 s; peak memory 537 MiB.
2026-10-09T03:18:18Z INFO [764/1000] 23f44ad3-03b9-46d3-9119-e134f5439554: 44 arrays, 10562.3 MB stored; 13.7 s; peak memory 537 MiB.
2026-10-09T03:18:19Z INFO [765/1000] 23f5bd5c-d8c0-4139-9f8b-f76873029172: 1169 arrays, 25.7 MB stored; 6.7 s; peak memory 537 MiB.
2026-10-09T03:18:21Z INFO [766/1000] 23f8e483-acf2-43c1-882c-42589371917d: 48 arrays, 83.9 MB stored; 1.1 s; peak memory 537 MiB.
2026-10-09T03:18:22Z INFO [767/1000] 23f7cfaa-67b2-47a7-bd3d-f23e2e904a1a: 84 arrays, 369.0 MB stored; 3.6 s; peak memory 537 MiB.
2026-10-09T03:18:23Z INFO [768/1000] 23f9a78a-c285-4b50-9de7-552b18310cd5: 48 arrays, 83.9 MB stored; 1.2 s; peak memory 537 MiB.
2026-10-09T03:18:23Z INFO [769/1000] 23f8ee54-1d37-49ff-8618-d7658a859b2c: 116 arrays, 187.1 MB stored; 2.2 s; peak memory 537 MiB.
2026-10-09T03:18:24Z INFO [770/1000] 23f86615-4a78-421f-84c9-7f63474905d6: 1040 arrays, 17.2 MB stored; 5.5 s; peak memory 537 MiB.
2026-10-09T03:18:24Z INFO [771/1000] 23f9c2c8-f6d4-467d-bdf9-6ffa5a23a632: 48 arrays, 83.9 MB stored; 1.1 s; peak memory 537 MiB.
2026-10-09T03:18:25Z INFO [772/1000] 23fa1317-ad7a-4966-8945-76e93d26cd36: 63 arrays, 0.1 MB stored; 1.0 s; peak memory 537 MiB.
2026-10-09T03:18:25Z INFO [773/1000] 23fa4479-f86f-4ec5-8d12-17fb8b889697: 48 arrays, 83.9 MB stored; 1.3 s; peak memory 537 MiB.
2026-10-09T03:18:25Z INFO [774/1000] 23f9a856-49b3-4c23-924a-74ce1c865232: 332 arrays, 2.9 MB stored; 2.8 s; peak memory 537 MiB.
2026-10-09T03:18:26Z INFO [775/1000] 23fa7894-f532-445a-8eec-7c5fdf9e1081: 48 arrays, 83.9 MB stored; 1.2 s; peak memory 537 MiB.
2026-10-09T03:18:27Z INFO [776/1000] 23fa85e9-8936-4d1c-b404-dbcc60311006: 45 arrays, 0.0 MB stored; 1.0 s; peak memory 537 MiB.
2026-10-09T03:18:27Z INFO [777/1000] 23fb032b-524f-4ffb-bed9-de0e4b7374f4: 48 arrays, 83.9 MB stored; 1.1 s; peak memory 537 MiB.
2026-10-09T03:18:28Z INFO [778/1000] 23fb9180-a735-4922-b374-d54df18cf1bd: 112 arrays, 0.6 MB stored; 1.3 s; peak memory 537 MiB.
2026-10-09T03:18:29Z INFO [779/1000] 23fbd2db-4dcd-429e-9156-dd99a9cf9b9a: 112 arrays, 0.6 MB stored; 1.4 s; peak memory 537 MiB.
2026-10-09T03:18:31Z INFO [780/1000] 23fc37df-7d0c-49db-968c-c5c12b826a2a: 119 arrays, 67.4 MB stored; 2.2 s; peak memory 537 MiB.
2026-10-09T03:18:32Z INFO [781/1000] 23fc9d05-1c7c-49f2-a8dd-fca9ef7ad857: 46 arrays, 0.1 MB stored; 0.9 s; peak memory 537 MiB.
2026-10-09T03:18:33Z INFO [782/1000] 23fd5021-fa3a-4b1a-9017-1afaf60575a7: 48 arrays, 83.9 MB stored; 1.2 s; peak memory 537 MiB.
2026-10-09T03:18:34Z INFO [783/1000] 23fd9376-5586-4484-97bf-251eefacd8e7: 115 arrays, 0.6 MB stored; 1.3 s; peak memory 537 MiB.
2026-10-09T03:18:34Z INFO [784/1000] 23fc280a-360b-409b-a03f-e45c9281313b: 952 arrays, 13.9 MB stored; 6.6 s; peak memory 537 MiB.
2026-10-09T03:18:35Z INFO [785/1000] 23ff500b-7974-429f-adbf-8fd262e3aad3: 39 arrays, 2.3 MB stored; 1.0 s; peak memory 537 MiB.
2026-10-09T03:18:37Z INFO [786/1000] 23fea3ca-6790-4610-9938-47056f7014c6: 115 arrays, 190.1 MB stored; 2.4 s; peak memory 537 MiB.
2026-10-09T03:18:38Z INFO [787/1000] 23ffc191-6d32-4c7b-8019-88afd99ff350: 118 arrays, 0.5 MB stored; 1.2 s; peak memory 537 MiB.
2026-10-09T03:18:38Z INFO [788/1000] 23ff59e1-5442-4d78-b7f5-193d76a3c978: 84 arrays, 404.6 MB stored; 2.9 s; peak memory 537 MiB.
2026-10-09T03:18:40Z INFO [789/1000] 24011dc8-4003-4d2a-857c-62fc211e4497: 60 arrays, 63.9 MB stored; 1.4 s; peak memory 537 MiB.
2026-10-09T03:18:40Z INFO [790/1000] 23ffdb18-87f7-4171-b0d8-1cf9380a77d1: 156 arrays, 193.5 MB stored; 2.4 s; peak memory 537 MiB.
2026-10-09T03:18:41Z INFO [791/1000] 24011dd5-10ae-425b-b9e4-021d2838f146: 63 arrays, 0.2 MB stored; 1.2 s; peak memory 537 MiB.
2026-10-09T03:18:42Z INFO [792/1000] 2402bcdb-7666-4750-87f2-f2f5bba0c272: 50 arrays, 21.5 MB stored; 1.5 s; peak memory 537 MiB.
2026-10-09T03:18:42Z INFO [793/1000] 240324ac-86bf-4695-984a-cc9da030193c: 112 arrays, 0.6 MB stored; 1.4 s; peak memory 537 MiB.
2026-10-09T03:18:43Z INFO [794/1000] 2403c653-35d8-4b08-bc22-67009edc0524: 48 arrays, 83.9 MB stored; 1.1 s; peak memory 537 MiB.
2026-10-09T03:18:44Z INFO [795/1000] 2403e5c3-9b25-461d-a18c-1ffa2b09aa3b: 118 arrays, 0.3 MB stored; 1.3 s; peak memory 537 MiB.
2026-10-09T03:18:45Z INFO [796/1000] 2404e9a1-a5dd-4bda-bdc4-30c548a8388c: 48 arrays, 83.9 MB stored; 1.2 s; peak memory 537 MiB.
2026-10-09T03:18:47Z INFO [797/1000] 2351e5f9-0e79-412f-b718-5ab78041d0c1: 99 arrays, 1582.6 MB stored; 456.3 s; peak memory 537 MiB.
2026-10-09T03:18:48Z INFO [798/1000] 24044c74-1861-463b-86a5-4b3bbdde8fad: 797 arrays, 20.6 MB stored; 5.2 s; peak memory 537 MiB.
2026-10-09T03:18:48Z INFO [799/1000] 24059d6e-037d-4933-a90a-e291f8b070f5: 50 arrays, 1.0 MB stored; 1.3 s; peak memory 537 MiB.
2026-10-09T03:18:49Z INFO [800/1000] 2405b6ac-fc25-4e38-b31a-f99a418b24e7: 121 arrays, 0.2 MB stored; 1.3 s; peak memory 537 MiB.
2026-10-09T03:18:50Z INFO [800/1000] 2405b6ac-fc25-4e38-b31a-f99a418b24e7: checkpointed 800 new records.
2026-10-09T03:18:50Z INFO [801/1000] 24063f9b-32bc-4e5e-97b6-92b374c5c29e: 38 arrays, 29.4 MB stored; 2.0 s; peak memory 537 MiB.
2026-10-09T03:18:51Z INFO [802/1000] 24070e34-d799-46d8-9d6d-6d3d8e3fb4ce: 117 arrays, 0.3 MB stored; 1.3 s; peak memory 537 MiB.
2026-10-09T03:18:51Z INFO [803/1000] 24088461-55a1-4f6c-a1c7-38abafebc65d: 48 arrays, 83.9 MB stored; 1.3 s; peak memory 537 MiB.
2026-10-09T03:18:52Z INFO [804/1000] 2404fdae-fe42-4d0a-80f7-1d5d15e678b2: 864 arrays, 26.2 MB stored; 7.2 s; peak memory 537 MiB.
2026-10-09T03:18:52Z INFO [805/1000] 2408ff6f-acc0-4ab8-a5a6-da611a182f84: 66 arrays, 160.8 MB stored; 1.4 s; peak memory 537 MiB.
2026-10-09T03:18:53Z INFO [806/1000] 24090291-a449-42e7-82e3-63fd86f09ee0: 48 arrays, 83.9 MB stored; 1.2 s; peak memory 537 MiB.
2026-10-09T03:18:53Z INFO [807/1000] 2409a0a6-1c04-495a-a784-7724b19e96d7: 55 arrays, 0.0 MB stored; 1.0 s; peak memory 537 MiB.
2026-10-09T03:18:54Z INFO [808/1000] 2409194c-d9ca-4f76-a707-76bc25a74e49: 51 arrays, 2072.5 MB stored; 1.7 s; peak memory 537 MiB.
2026-10-09T03:18:54Z INFO [809/1000] 240ac7a7-eb8e-458a-a967-d0e6ba7bfbf1: 48 arrays, 83.9 MB stored; 1.1 s; peak memory 537 MiB.
2026-10-09T03:18:54Z INFO [810/1000] 240a753d-8727-4749-b2df-02e7d9d2c84b: 66 arrays, 27.2 MB stored; 1.4 s; peak memory 537 MiB.
2026-10-09T03:18:55Z INFO [811/1000] 240c5333-73b5-412b-90e4-9f26d3e0c794: 48 arrays, 83.9 MB stored; 1.1 s; peak memory 537 MiB.
2026-10-09T03:18:55Z INFO [812/1000] 240bb0ec-ae0e-40ec-ac09-1526f045402e: 112 arrays, 1.0 MB stored; 1.4 s; peak memory 537 MiB.
2026-10-09T03:18:56Z INFO [813/1000] 240c54ee-f724-4c8d-a05d-816f1780b8e7: 48 arrays, 83.9 MB stored; 1.1 s; peak memory 537 MiB.
2026-10-09T03:18:57Z INFO [814/1000] 240c58a5-e40e-463a-94a8-a2b4619bae26: 48 arrays, 83.9 MB stored; 1.2 s; peak memory 537 MiB.
2026-10-09T03:18:57Z INFO [815/1000] 240c9cd2-d938-4e2a-9179-74644087516f: 45 arrays, 0.0 MB stored; 1.0 s; peak memory 537 MiB.
2026-10-09T03:19:03Z INFO [816/1000] 240ce9cb-2d8b-45ed-ba35-38e7b848a876: 1184 arrays, 33.9 MB stored; 6.9 s; peak memory 537 MiB.
2026-10-09T03:19:04Z INFO [817/1000] 240cf5ff-2d79-48eb-9201-6bfad00b6a82: 627 arrays, 20.4 MB stored; 6.7 s; peak memory 537 MiB.
2026-10-09T03:19:05Z INFO [818/1000] 240d8357-7d94-4e3c-954c-f0aa3f23af72: 38 arrays, 0.5 MB stored; 1.1 s; peak memory 537 MiB.
2026-10-09T03:19:05Z INFO [819/1000] 240dd314-da02-4f0c-8dcf-b0b3211925fd: 117 arrays, 0.3 MB stored; 1.3 s; peak memory 537 MiB.
2026-10-09T03:19:06Z INFO [820/1000] 240e302e-d24a-4c12-aa7d-6da105b5850d: 70 arrays, 12.4 MB stored; 1.3 s; peak memory 537 MiB.
2026-10-09T03:19:06Z INFO [821/1000] 240e5dc0-86dc-42c2-be75-29cdd79a881d: 46 arrays, 0.1 MB stored; 0.8 s; peak memory 537 MiB.
2026-10-09T03:19:07Z INFO [822/1000] 240fedff-95b6-425c-a65e-f86aa290894f: 48 arrays, 83.9 MB stored; 1.3 s; peak memory 537 MiB.
2026-10-09T03:19:07Z INFO [823/1000] 24114297-07da-454b-b602-088978804e18: 48 arrays, 83.9 MB stored; 1.2 s; peak memory 537 MiB.
2026-10-09T03:19:08Z INFO [824/1000] 2411d1d6-621c-42e7-9618-21dcc6bf4e30: 117 arrays, 0.2 MB stored; 1.1 s; peak memory 537 MiB.
2026-10-09T03:19:10Z INFO [825/1000] 2411e29c-8210-4d1a-89f9-065e4310d0a6: 101 arrays, 14.7 MB stored; 1.5 s; peak memory 537 MiB.
2026-10-09T03:19:11Z INFO [826/1000] 2411bb35-0d84-41ae-965c-6f21d370e411: 490 arrays, 5.8 MB stored; 4.0 s; peak memory 537 MiB.
2026-10-09T03:19:11Z INFO [827/1000] 2412122c-d998-44ee-bc8c-18d6ec085f02: 48 arrays, 83.9 MB stored; 1.1 s; peak memory 537 MiB.
2026-10-09T03:19:12Z INFO [828/1000] 24130474-2879-440d-9e3e-af34daed5db2: 21 arrays, 0.6 MB stored; 0.9 s; peak memory 537 MiB.
2026-10-09T03:19:13Z INFO [829/1000] 2412a30c-77f2-483a-afc0-91c070337664: 112 arrays, 0.7 MB stored; 1.5 s; peak memory 537 MiB.
2026-10-09T03:19:13Z INFO [830/1000] 24137c1b-d3c5-417a-a09d-847676d422e2: 170 arrays, 0.7 MB stored; 1.2 s; peak memory 537 MiB.
2026-10-09T03:19:14Z INFO [831/1000] 2415a8c3-5e5a-4e72-8a16-e76ffb29d9b0: 118 arrays, 0.3 MB stored; 1.2 s; peak memory 537 MiB.
2026-10-09T03:19:15Z INFO [832/1000] 2415a921-dc9f-4140-95f4-f8b4e1b27f04: 70 arrays, 1.0 MB stored; 1.1 s; peak memory 537 MiB.
2026-10-09T03:19:18Z INFO [833/1000] 23eb120e-3a00-48a6-a59f-34629d416353: 45 arrays, 782.2 MB stored; 90.4 s; peak memory 537 MiB.
2026-10-09T03:19:19Z INFO [834/1000] 2414c868-0833-4231-811a-a8865eacc739: 396 arrays, 24.0 MB stored; 6.5 s; peak memory 537 MiB.
2026-10-09T03:19:19Z INFO [835/1000] 241663cd-eb0d-4423-a315-6317eae1c532: 48 arrays, 83.9 MB stored; 1.4 s; peak memory 537 MiB.
2026-10-09T03:19:20Z INFO [836/1000] 24166e8f-fae6-42cf-8416-417026b929ad: 50 arrays, 0.0 MB stored; 0.9 s; peak memory 537 MiB.
2026-10-09T03:19:21Z INFO [837/1000] 2416f091-7da3-45e5-8d56-b43b3877fa8b: 45 arrays, 0.0 MB stored; 1.0 s; peak memory 537 MiB.
2026-10-09T03:19:23Z INFO [838/1000] 2416f80e-180a-4b0d-9b6e-cc44308707fc: 66 arrays, 96.1 MB stored; 1.7 s; peak memory 537 MiB.
2026-10-09T03:19:24Z INFO [839/1000] 2417514a-d60e-4272-af9a-8537244ea456: 71 arrays, 3.6 MB stored; 1.6 s; peak memory 537 MiB.
2026-10-09T03:19:25Z INFO [840/1000] 2416b752-fe88-47bb-86e9-1d2fc4c35beb: 257 arrays, 205.9 MB stored; 5.5 s; peak memory 537 MiB.
2026-10-09T03:19:25Z INFO [841/1000] 241951b3-6082-4d90-b745-983ab90b7926: 61 arrays, 0.4 MB stored; 1.1 s; peak memory 537 MiB.
2026-10-09T03:19:26Z INFO [842/1000] 2419b0e4-3914-4296-8d9d-deb3a6ad6d75: 117 arrays, 0.5 MB stored; 1.2 s; peak memory 537 MiB.
2026-10-09T03:19:27Z INFO [843/1000] 2419b748-33b8-4e05-9dc8-2f604d0d963e: 110 arrays, 0.4 MB stored; 1.3 s; peak memory 537 MiB.
2026-10-09T03:19:27Z INFO [844/1000] 241a0b6c-5f86-4289-8851-20fd4ffc276f: 49 arrays, 0.0 MB stored; 1.2 s; peak memory 537 MiB.
2026-10-09T03:19:28Z INFO [845/1000] 241acd6b-5628-47d4-9381-bad97acac3f9: 117 arrays, 0.4 MB stored; 1.2 s; peak memory 537 MiB.
2026-10-09T03:19:28Z INFO [846/1000] 241b8cc1-0830-467d-89b1-23615b8cd279: 118 arrays, 0.4 MB stored; 1.2 s; peak memory 537 MiB.
2026-10-09T03:19:30Z INFO [847/1000] 241bebbf-1213-4a8b-b837-d56794e8886e: 117 arrays, 0.2 MB stored; 1.2 s; peak memory 537 MiB.
2026-10-09T03:19:31Z INFO [848/1000] 241bf1b5-c18b-4af2-8e2f-4eb881d208cb: 48 arrays, 83.9 MB stored; 1.1 s; peak memory 537 MiB.
2026-10-09T03:19:31Z INFO [849/1000] 2415dc4f-9135-4d11-9962-9535e1a29777: 5681 arrays, 1413.7 MB stored; 15.4 s; peak memory 537 MiB.
2026-10-09T03:19:31Z INFO [850/1000] 241bcd77-45fe-41f3-a725-fcb3208c2cbe: 156 arrays, 193.4 MB stored; 2.9 s; peak memory 537 MiB.
2026-10-09T03:19:32Z INFO [851/1000] 241c3d06-bb11-4666-9362-c9f615b60599: 48 arrays, 83.9 MB stored; 1.2 s; peak memory 537 MiB.
2026-10-09T03:19:32Z INFO [852/1000] 241d1b58-4a80-4160-9fe8-3efa32525d90: 48 arrays, 83.9 MB stored; 1.3 s; peak memory 537 MiB.
2026-10-09T03:19:33Z INFO [853/1000] 241d07b1-1074-480a-9bcc-9f87b693d412: 66 arrays, 80.4 MB stored; 1.9 s; peak memory 537 MiB.
2026-10-09T03:19:34Z INFO [854/1000] 241d84e8-9c75-496f-9ffc-7fd30d94532f: 112 arrays, 0.6 MB stored; 1.4 s; peak memory 537 MiB.
2026-10-09T03:19:36Z INFO [855/1000] 241d8ea9-ad61-48cc-b6c0-519bd306224f: 117 arrays, 0.6 MB stored; 1.4 s; peak memory 537 MiB.
2026-10-09T03:19:36Z INFO [856/1000] 241d6da2-da10-4258-8cf6-cf7f9dabff48: 341 arrays, 11.7 MB stored; 3.7 s; peak memory 537 MiB.
2026-10-09T03:19:37Z INFO [857/1000] 241da441-265a-44d4-a9a6-c3e3a476485f: 48 arrays, 83.9 MB stored; 1.3 s; peak memory 537 MiB.
2026-10-09T03:19:37Z INFO [858/1000] 241e078a-ff11-4701-bd6f-d727f370a80e: 48 arrays, 83.9 MB stored; 1.2 s; peak memory 537 MiB.
2026-10-09T03:19:38Z INFO [859/1000] 241e13d9-1199-4675-a25b-5764740d6c8e: 48 arrays, 83.9 MB stored; 1.1 s; peak memory 537 MiB.
2026-10-09T03:19:39Z INFO [860/1000] 241e8a33-f5a1-448c-b15d-b22683e15e63: 42 arrays, 34.5 MB stored; 1.4 s; peak memory 537 MiB.
2026-10-09T03:19:40Z INFO [861/1000] 241d6d5a-2204-44de-b442-4b13f5513e4c: 97 arrays, 108.9 MB stored; 8.2 s; peak memory 537 MiB.
2026-10-09T03:19:41Z INFO [862/1000] 241f1f49-42c1-4425-a172-b09ea6638a83: 138 arrays, 4.8 MB stored; 2.0 s; peak memory 537 MiB.
2026-10-09T03:19:42Z INFO [863/1000] 241f5b26-8a8a-4fc0-8752-998346d2ed66: 118 arrays, 23.2 MB stored; 1.7 s; peak memory 537 MiB.
2026-10-09T03:19:42Z INFO [864/1000] 241f7543-5ff2-4c46-8770-ae4e0622d686: 289 arrays, 17.1 MB stored; 1.5 s; peak memory 537 MiB.
2026-10-09T03:19:43Z INFO [865/1000] 241f1281-5a95-4d6d-8dfc-bb5ae0b0ba30: 538 arrays, 7.8 MB stored; 4.6 s; peak memory 537 MiB.
2026-10-09T03:19:44Z INFO [866/1000] 2420003b-b350-4a69-b1aa-b27f68179823: 198 arrays, 1.1 MB stored; 1.8 s; peak memory 537 MiB.
2026-10-09T03:19:45Z INFO [867/1000] 24208bb3-801e-4116-972b-ef9b785f2439: 117 arrays, 0.3 MB stored; 1.2 s; peak memory 537 MiB.
2026-10-09T03:19:46Z INFO [868/1000] 24207189-671e-4fe5-971d-bd964367eafd: 640 arrays, 7.1 MB stored; 3.5 s; peak memory 537 MiB.
2026-10-09T03:19:47Z INFO [869/1000] 24212431-2140-4f0a-9338-ee4327f71e3b: 71 arrays, 135.1 MB stored; 2.0 s; peak memory 537 MiB.
2026-10-09T03:19:47Z INFO [870/1000] 24218b07-afd8-4d5b-9f17-063d9ef4f922: 112 arrays, 0.3 MB stored; 1.3 s; peak memory 537 MiB.
2026-10-09T03:19:47Z INFO [871/1000] 23e22e8f-5eaf-4cc3-83e0-1f025c3174e8: 167 arrays, 21092.8 MB stored; 134.4 s; peak memory 537 MiB.
2026-10-09T03:19:49Z INFO [872/1000] 2421af46-05c5-4dc5-8176-a05d07da56c9: 76 arrays, 85.4 MB stored; 1.8 s; peak memory 537 MiB.
2026-10-09T03:19:50Z INFO [873/1000] 24229ef8-0674-422f-8cfe-6b36c0e360dd: 156 arrays, 193.4 MB stored; 3.0 s; peak memory 537 MiB.
2026-10-09T03:19:51Z INFO [874/1000] 24235f41-d8dc-469d-9bf0-4659243e39c7: 52 arrays, 17.1 MB stored; 1.0 s; peak memory 537 MiB.
2026-10-09T03:19:52Z INFO [875/1000] 2422d83a-3374-4bdd-85bc-66a959b6d3dd: 53 arrays, 129.9 MB stored; 3.2 s; peak memory 537 MiB.
2026-10-09T03:19:52Z INFO [876/1000] 2422a806-c13d-461b-b3ae-9e3e5023ee2e: 538 arrays, 7.8 MB stored; 4.7 s; peak memory 537 MiB.
2026-10-09T03:19:52Z INFO [877/1000] 2423639d-5ff0-4b42-accf-52437975fcb2: 52 arrays, 12.1 MB stored; 1.1 s; peak memory 537 MiB.
2026-10-09T03:19:53Z INFO [878/1000] 2423af33-afd5-4d4f-8405-e02e791a551b: 52 arrays, 361.0 MB stored; 1.4 s; peak memory 537 MiB.
2026-10-09T03:19:54Z INFO [879/1000] 24245f1f-98db-46f0-953c-9f374a2392b6: 48 arrays, 83.9 MB stored; 1.2 s; peak memory 537 MiB.
2026-10-09T03:19:54Z INFO [880/1000] 242411fd-f62c-4ff6-8dac-c50cbe50b5f8: 51 arrays, 643.8 MB stored; 2.2 s; peak memory 537 MiB.
2026-10-09T03:19:55Z INFO [881/1000] 2425248c-d444-43d9-8243-c6bfaca52c74: 48 arrays, 83.9 MB stored; 1.2 s; peak memory 537 MiB.
2026-10-09T03:19:56Z INFO [882/1000] 2425a315-4508-4fc2-86fe-539e49919abd: 48 arrays, 83.9 MB stored; 1.3 s; peak memory 537 MiB.
2026-10-09T03:19:56Z INFO [883/1000] 2425d666-be91-4bea-b46e-178fd4f6d1cc: 70 arrays, 0.7 MB stored; 1.3 s; peak memory 537 MiB.
2026-10-09T03:19:57Z INFO [884/1000] 2425e105-153f-4f0d-9b65-3a73cf60070a: 121 arrays, 0.1 MB stored; 1.1 s; peak memory 537 MiB.
2026-10-09T03:19:57Z INFO [885/1000] 242480c2-7010-424b-88d2-a80f22aae51f: 200 arrays, 198.0 MB stored; 4.0 s; peak memory 537 MiB.
2026-10-09T03:19:57Z INFO [886/1000] 24263030-6a42-4b93-b6d9-2a5d355e046e: 48 arrays, 83.9 MB stored; 1.2 s; peak memory 537 MiB.
2026-10-09T03:19:58Z INFO [887/1000] 24265617-c12c-433b-8bde-4efc718e33e2: 69 arrays, 2.6 MB stored; 1.4 s; peak memory 537 MiB.
2026-10-09T03:20:02Z INFO [888/1000] 24285fbc-68e6-4316-9d8b-a13a0919baa0: 538 arrays, 8.5 MB stored; 4.7 s; peak memory 537 MiB.
2026-10-09T03:20:03Z INFO [889/1000] 2428c09a-3c15-41c2-aab0-11c4f483e08a: 532 arrays, 17.9 MB stored; 4.7 s; peak memory 537 MiB.
2026-10-09T03:20:03Z INFO [890/1000] 2428ebd8-4461-4a50-8474-680bf7300c93: 114 arrays, 0.2 MB stored; 1.2 s; peak memory 537 MiB.
2026-10-09T03:20:03Z INFO [891/1000] 2426c6a0-126a-4d52-91a1-dc7c737348f3: 336 arrays, 44.0 MB stored; 6.3 s; peak memory 537 MiB.
2026-10-09T03:20:04Z INFO [892/1000] 242941f9-bd86-4d12-a390-a77b46ec0890: 48 arrays, 0.0 MB stored; 1.0 s; peak memory 537 MiB.
2026-10-09T03:20:04Z INFO [893/1000] 242a0182-9a34-4da2-a722-3f7684e6501d: 55 arrays, 0.0 MB stored; 1.0 s; peak memory 537 MiB.
2026-10-09T03:20:05Z INFO [894/1000] 242a127c-0390-41c7-852b-ed22956c5e8a: 48 arrays, 83.9 MB stored; 1.1 s; peak memory 537 MiB.
2026-10-09T03:20:06Z INFO [895/1000] 242a7b06-3b17-49d8-bd89-ae8b97f7e5c9: 118 arrays, 0.3 MB stored; 1.2 s; peak memory 537 MiB.
2026-10-09T03:20:08Z INFO [896/1000] 242a9dcf-b23c-47b2-8e5d-585ad7b9cfbf: 39 arrays, 6265.8 MB stored; 2.2 s; peak memory 537 MiB.
2026-10-09T03:20:09Z INFO [897/1000] 242ac3d4-080d-4ac8-b26c-d2e711731c7d: 45 arrays, 0.0 MB stored; 0.9 s; peak memory 537 MiB.
2026-10-09T03:20:10Z INFO [898/1000] 242ad32d-9570-4b9d-89a0-c8596b7c94fe: 112 arrays, 0.1 MB stored; 1.0 s; peak memory 537 MiB.
2026-10-09T03:20:11Z INFO [899/1000] 242c7520-ea89-48ed-8349-539ca635813e: 112 arrays, 0.6 MB stored; 1.3 s; peak memory 537 MiB.
2026-10-09T03:20:12Z INFO [900/1000] 242c77d0-bbfd-4ca7-ad91-5134090cd1bd: 67 arrays, 2.0 MB stored; 1.1 s; peak memory 537 MiB.
2026-10-09T03:20:12Z INFO [901/1000] 242a6da9-a083-4340-b3fe-deca6ac71906: 11477 arrays, 149.1 MB stored; 8.3 s; peak memory 537 MiB.
2026-10-09T03:20:13Z INFO [902/1000] 242cbc51-4a34-4f32-a13c-305db25acc6d: 52 arrays, 0.0 MB stored; 0.9 s; peak memory 537 MiB.
2026-10-09T03:20:15Z INFO [903/1000] 242d4296-95f1-4d6d-b513-c28755219ede: 68 arrays, 114.2 MB stored; 1.7 s; peak memory 537 MiB.
2026-10-09T03:20:17Z INFO [904/1000] 242ca802-bcfd-4d82-89d6-6e5429a7b566: 534 arrays, 8.2 MB stored; 4.2 s; peak memory 537 MiB.
2026-10-09T03:20:20Z INFO [905/1000] 242e1104-ff10-46fc-99d8-de19825c7fb8: 53 arrays, 141.7 MB stored; 3.1 s; peak memory 537 MiB.
2026-10-09T03:20:20Z INFO [906/1000] 242ddf1a-4e3c-4498-8e10-1a32df3975de: 225 arrays, 388.6 MB stored; 4.7 s; peak memory 537 MiB.
2026-10-09T03:20:21Z INFO [907/1000] 242ebea9-3ebc-4dfe-ad74-13d143873ba4: 48 arrays, 83.9 MB stored; 1.2 s; peak memory 537 MiB.
2026-10-09T03:20:21Z INFO [908/1000] 242f0ebc-65cf-4385-9c2c-101f8ee79e5c: 112 arrays, 0.8 MB stored; 1.6 s; peak memory 537 MiB.
2026-10-09T03:20:22Z INFO [909/1000] 242f680c-54dc-4316-a396-9eb44f006cff: 117 arrays, 0.2 MB stored; 1.1 s; peak memory 537 MiB.
2026-10-09T03:20:24Z INFO [910/1000] 24314553-402d-4d5e-a77a-0385a3183631: 42 arrays, 1.1 MB stored; 1.2 s; peak memory 537 MiB.
2026-10-09T03:20:25Z INFO [911/1000] 243192b2-a5a1-489c-942f-d4e8ad841abb: 275 arrays, 17.2 MB stored; 1.4 s; peak memory 537 MiB.
2026-10-09T03:20:26Z INFO [912/1000] 2432a904-25f9-4ef0-8dae-98c0cb950b8b: 110 arrays, 1.0 MB stored; 1.4 s; peak memory 537 MiB.
2026-10-09T03:20:28Z INFO [913/1000] 2432e335-a06e-4556-aaef-3ad051a25b4c: 112 arrays, 0.5 MB stored; 1.3 s; peak memory 537 MiB.
2026-10-09T03:20:28Z INFO [914/1000] 242f46a1-d2e1-4a4a-883e-38b28fbf7f3b: 743 arrays, 21.7 MB stored; 7.2 s; peak memory 537 MiB.
2026-10-09T03:20:29Z INFO [915/1000] 24331a3a-fd33-4826-be95-feb9d134582c: 118 arrays, 0.4 MB stored; 1.3 s; peak memory 537 MiB.
2026-10-09T03:20:29Z INFO [916/1000] 24334a5c-48d7-4737-b06a-c18b95df67d7: 110 arrays, 0.7 MB stored; 1.3 s; peak memory 537 MiB.
2026-10-09T03:20:30Z INFO [917/1000] 242a16e4-616a-4d7b-91dc-555f5f4d4285: 48 arrays, 35363.0 MB stored; 26.4 s; peak memory 537 MiB.
2026-10-09T03:20:31Z INFO [918/1000] 2433807f-79f4-49de-969e-c085f9f51b4e: 42 arrays, 2.3 MB stored; 1.5 s; peak memory 537 MiB.
2026-10-09T03:20:31Z INFO [919/1000] 2433a79c-9fd4-4f5e-a4a3-f48a4ba7c001: 110 arrays, 0.3 MB stored; 1.2 s; peak memory 537 MiB.
2026-10-09T03:20:32Z INFO [920/1000] 2433de0c-2b02-4f3c-8785-bba0d2bb02db: 48 arrays, 83.9 MB stored; 1.2 s; peak memory 537 MiB.
2026-10-09T03:20:32Z INFO [921/1000] 2433f78e-5794-4d97-bca1-0a12d8fa9630: 116 arrays, 0.4 MB stored; 1.3 s; peak memory 537 MiB.
2026-10-09T03:20:33Z INFO [922/1000] 2434cdd5-df86-4c4f-bd62-fa932c11c624: 46 arrays, 0.0 MB stored; 0.8 s; peak memory 537 MiB.
2026-10-09T03:20:33Z INFO [923/1000] 243478d9-347c-4e73-ab56-631a74d17c16: 109 arrays, 0.8 MB stored; 1.3 s; peak memory 537 MiB.
2026-10-09T03:20:34Z INFO [924/1000] 24351d75-d8e0-4403-b92c-534c335ff02e: 62 arrays, 4742.9 MB stored; 1.4 s; peak memory 537 MiB.
2026-10-09T03:20:34Z INFO [925/1000] 24363cbe-ef6c-4035-97d0-e4f8ffe8be46: 112 arrays, 0.6 MB stored; 1.4 s; peak memory 537 MiB.
2026-10-09T03:20:36Z INFO [926/1000] 2437151b-5a63-4c9b-9127-91f1ddcc68e4: 52 arrays, 13.9 MB stored; 1.2 s; peak memory 537 MiB.
2026-10-09T03:20:37Z INFO [927/1000] 2436b934-e45e-49cb-9a46-86024ed05270: 156 arrays, 193.5 MB stored; 2.7 s; peak memory 537 MiB.
2026-10-09T03:20:40Z INFO [928/1000] 24372a77-b085-461d-bd80-c15dec41643c: 106 arrays, 3862.5 MB stored; 3.9 s; peak memory 537 MiB.
2026-10-09T03:20:41Z INFO [929/1000] 2438034c-544e-487f-843c-1c08cc9f49e9: 66 arrays, 129.7 MB stored; 1.6 s; peak memory 537 MiB.
2026-10-09T03:20:42Z INFO [930/1000] 243957a0-5781-4ecf-b65e-cb17083dacfc: 112 arrays, 0.3 MB stored; 1.2 s; peak memory 537 MiB.
2026-10-09T03:20:44Z INFO [931/1000] 2439a9eb-0aef-4cc9-86f8-b6bb4fcb0c08: 48 arrays, 83.9 MB stored; 1.2 s; peak memory 537 MiB.
2026-10-09T03:20:45Z INFO [932/1000] 243a0efc-8603-400b-ac43-ff1209275808: 48 arrays, 83.9 MB stored; 1.1 s; peak memory 537 MiB.
2026-10-09T03:20:46Z INFO [933/1000] 24376a5c-badb-477d-a8c2-edab6e68be72: 1072 arrays, 46.7 MB stored; 8.7 s; peak memory 537 MiB.
2026-10-09T03:20:46Z INFO [934/1000] 243a2d10-9bc5-4f26-bf35-ed5a906e45bf: 66 arrays, 11.1 MB stored; 1.4 s; peak memory 537 MiB.
2026-10-09T03:20:47Z INFO [935/1000] 243a3419-a0e5-436b-87b0-dff1b5cdac79: 112 arrays, 0.5 MB stored; 1.3 s; peak memory 537 MiB.
2026-10-09T03:20:47Z INFO [936/1000] 243abb1d-893a-4039-823b-4a535f39f687: 48 arrays, 83.9 MB stored; 1.2 s; peak memory 537 MiB.
2026-10-09T03:20:48Z INFO [937/1000] 23fa8423-db3f-40d2-aeb5-06dbfc62b6aa: 241 arrays, 22274.9 MB stored; 142.6 s; peak memory 537 MiB.
2026-10-09T03:20:48Z INFO [938/1000] 243ac9a3-c76d-4ab1-896c-a790d401375a: 41 arrays, 375.6 MB stored; 1.5 s; peak memory 537 MiB.
2026-10-09T03:20:49Z INFO [939/1000] 243b1b3e-7778-4596-99c4-5a78cebd1679: 48 arrays, 83.9 MB stored; 1.1 s; peak memory 537 MiB.
2026-10-09T03:20:50Z INFO [940/1000] 243c4627-9b0e-4d13-b2ab-82218cdccd28: 112 arrays, 0.3 MB stored; 1.1 s; peak memory 537 MiB.
2026-10-09T03:20:51Z INFO [941/1000] 243cc244-a8b6-492d-a8bf-1f58a6768402: 71 arrays, 41.3 MB stored; 1.5 s; peak memory 537 MiB.
2026-10-09T03:20:52Z INFO [942/1000] 243d04f2-a0b0-4909-b872-09b629b46ded: 52 arrays, 0.0 MB stored; 0.9 s; peak memory 537 MiB.
2026-10-09T03:20:53Z INFO [943/1000] 243c4c0d-31e2-4dbe-a3e7-135fa18c4b58: 532 arrays, 7.5 MB stored; 3.8 s; peak memory 537 MiB.
2026-10-09T03:20:53Z INFO [944/1000] 2433c3eb-c461-4695-b88f-2f0ecbc90241: 48 arrays, 41028.6 MB stored; 22.7 s; peak memory 537 MiB.
2026-10-09T03:20:54Z INFO [945/1000] 243d933e-2f6a-4b7a-b22f-eb947d2aa859: 71 arrays, 4.0 MB stored; 1.6 s; peak memory 537 MiB.
2026-10-09T03:20:55Z INFO [946/1000] 243d9699-83b9-403b-85a3-bdceb1ec3108: 69 arrays, 60.1 MB stored; 1.8 s; peak memory 537 MiB.
2026-10-09T03:20:55Z INFO [947/1000] 243e2e26-01f1-45be-bf34-8654ca5d9d5b: 117 arrays, 0.4 MB stored; 1.3 s; peak memory 537 MiB.
2026-10-09T03:20:55Z INFO [948/1000] 243b0326-6c3d-42a8-9f39-0103ba7c4f48: 1025 arrays, 37.9 MB stored; 8.2 s; peak memory 537 MiB.
2026-10-09T03:20:56Z INFO [949/1000] 243ed7b8-3329-4563-a45a-8338325e1ee8: 52 arrays, 9.4 MB stored; 1.2 s; peak memory 537 MiB.
2026-10-09T03:20:57Z INFO [950/1000] 243f35ac-93be-4af3-bf5e-fc9a3d385acb: 117 arrays, 0.4 MB stored; 1.3 s; peak memory 537 MiB.
2026-10-09T03:20:57Z INFO [951/1000] 243f5fb7-4dfd-4251-ac01-eaac8d033e75: 48 arrays, 83.9 MB stored; 1.2 s; peak memory 537 MiB.
2026-10-09T03:20:58Z INFO [952/1000] 243f97a2-358f-4fd1-8ad7-26c9f76f8ad0: 48 arrays, 83.9 MB stored; 1.2 s; peak memory 537 MiB.
2026-10-09T03:20:58Z INFO [953/1000] 243f9169-5f0f-4779-a838-77cc36a754a2: 112 arrays, 1.0 MB stored; 1.5 s; peak memory 537 MiB.
2026-10-09T03:20:59Z INFO [954/1000] 244004c6-af4a-4345-9433-4c586c1d7fe0: 48 arrays, 83.9 MB stored; 1.2 s; peak memory 537 MiB.
2026-10-09T03:21:00Z INFO [955/1000] 243f0f89-1553-492b-b9d3-a9c01a81ad47: 196 arrays, 547.3 MB stored; 4.8 s; peak memory 537 MiB.
2026-10-09T03:21:00Z INFO [956/1000] 243e1a5a-395d-4dfe-a867-e1443eb8f622: 108 arrays, 77.7 MB stored; 7.1 s; peak memory 537 MiB.
2026-10-09T03:21:00Z INFO [957/1000] 24412750-8bad-4a0e-8cf7-351354fb1faf: 37 arrays, 0.0 MB stored; 0.9 s; peak memory 537 MiB.
2026-10-09T03:21:01Z INFO [958/1000] 244131fc-19fe-4eec-8491-d5b68b86e803: 48 arrays, 83.9 MB stored; 1.2 s; peak memory 537 MiB.
2026-10-09T03:21:01Z INFO [959/1000] 2440c326-c3f0-4284-b6ad-a8a1faeecb75: 133 arrays, 47.5 MB stored; 2.6 s; peak memory 537 MiB.
2026-10-09T03:21:01Z INFO [960/1000] 2441b913-a45d-4a89-b963-5b1152ae01aa: 48 arrays, 83.9 MB stored; 1.3 s; peak memory 537 MiB.
2026-10-09T03:21:02Z INFO [961/1000] 24445945-4b70-41d2-8e1e-31c59f3925b1: 46 arrays, 0.0 MB stored; 0.9 s; peak memory 537 MiB.
2026-10-09T03:21:02Z INFO [962/1000] 24439212-e8f1-4f78-bc0e-18dca1026889: 303 arrays, 17.1 MB stored; 1.6 s; peak memory 537 MiB.
2026-10-09T03:21:03Z INFO [963/1000] 2443fad0-4149-4540-bccd-b2833b937c0e: 64 arrays, 36.8 MB stored; 1.8 s; peak memory 537 MiB.
2026-10-09T03:21:03Z INFO [964/1000] 240b3133-2008-4c6a-9726-11c1212989bc: 430 arrays, 23665.7 MB stored; 129.6 s; peak memory 537 MiB.
2026-10-09T03:21:04Z INFO [965/1000] 2444e048-9adc-4bc1-9fd8-80d806c30806: 48 arrays, 83.9 MB stored; 1.1 s; peak memory 537 MiB.
2026-10-09T03:21:04Z INFO [966/1000] 2444f63b-d804-46b8-98fb-ed5ff8d94e6f: 64 arrays, 27.7 MB stored; 1.3 s; peak memory 537 MiB.
2026-10-09T03:21:05Z INFO [967/1000] 2445a40c-7db2-4f0a-aaef-075051e7ed56: 48 arrays, 83.9 MB stored; 1.2 s; peak memory 537 MiB.
2026-10-09T03:21:05Z INFO [968/1000] 2447f504-4968-4ebd-afa1-aed506c83542: 45 arrays, 10.9 MB stored; 1.1 s; peak memory 537 MiB.
2026-10-09T03:21:06Z INFO [969/1000] 2448ca30-2f11-4b1b-bcd9-4b8aee085c28: 118 arrays, 0.5 MB stored; 1.3 s; peak memory 537 MiB.
2026-10-09T03:21:06Z INFO [970/1000] 24428b36-3f95-47b3-b249-63e49fba3c26: 845 arrays, 32.2 MB stored; 6.0 s; peak memory 537 MiB.
2026-10-09T03:21:07Z INFO [971/1000] 2449088e-a55b-43a5-a97b-a69ca13cd4ef: 66 arrays, 110.5 MB stored; 1.5 s; peak memory 537 MiB.
2026-10-09T03:21:07Z INFO [972/1000] 24493b51-de3c-47b2-84cf-0b2c0a62d75c: 118 arrays, 0.3 MB stored; 1.3 s; peak memory 537 MiB.
2026-10-09T03:21:08Z INFO [973/1000] 244a7a8f-ea06-4d5e-b4c4-09e6ec853f90: 116 arrays, 0.4 MB stored; 1.3 s; peak memory 537 MiB.
2026-10-09T03:21:08Z INFO [974/1000] 244594a9-5e17-4031-a4d6-1aba7b9daf58: 538 arrays, 7.6 MB stored; 4.6 s; peak memory 537 MiB.
2026-10-09T03:21:08Z INFO [975/1000] 244b2bac-e404-4025-a8f5-59dd05868d0c: 92 arrays, 69.2 MB stored; 1.5 s; peak memory 537 MiB.
2026-10-09T03:21:09Z INFO [976/1000] 244b860a-b65d-4435-a95d-c919303188bb: 48 arrays, 83.9 MB stored; 1.2 s; peak memory 537 MiB.
2026-10-09T03:21:09Z INFO [977/1000] 244bbd90-f3d3-4d5c-85ab-d52a9d5489d7: 48 arrays, 83.9 MB stored; 1.2 s; peak memory 537 MiB.
2026-10-09T03:21:10Z INFO [978/1000] 244b93da-be0f-43d0-9f28-8c4217d8cb5a: 71 arrays, 59.2 MB stored; 1.9 s; peak memory 537 MiB.
2026-10-09T03:21:10Z INFO [979/1000] 24449ed8-1cb0-4420-a745-58e1cc2099f3: 781 arrays, 26.6 MB stored; 7.7 s; peak memory 537 MiB.
2026-10-09T03:21:10Z INFO [980/1000] 244c51ab-7159-4a5e-8fa2-318f6f27faae: 48 arrays, 83.9 MB stored; 1.1 s; peak memory 537 MiB.
2026-10-09T03:21:11Z INFO [981/1000] 244ca3d3-b94d-4622-be35-b534ffd820d1: 48 arrays, 83.9 MB stored; 1.1 s; peak memory 537 MiB.
2026-10-09T03:21:11Z INFO [982/1000] 244cc833-3a43-4124-a654-a5bfa533909e: 48 arrays, 83.9 MB stored; 1.2 s; peak memory 537 MiB.
2026-10-09T03:21:12Z INFO [983/1000] 244cdbe6-1368-4065-a06a-ef41b5c414cd: 117 arrays, 0.4 MB stored; 1.3 s; peak memory 537 MiB.
2026-10-09T03:21:12Z INFO [984/1000] 244d5fce-1f6f-45d3-a3ee-d55b70e54caa: 48 arrays, 83.9 MB stored; 1.1 s; peak memory 537 MiB.
2026-10-09T03:21:12Z INFO [985/1000] 244d3ed3-ffe1-4a62-99bf-a161b6638556: 112 arrays, 0.9 MB stored; 1.4 s; peak memory 537 MiB.
2026-10-09T03:21:13Z INFO [986/1000] 244d8fcd-1e5a-481f-b1ea-5c7a91511b5c: 37 arrays, 0.0 MB stored; 0.9 s; peak memory 537 MiB.
2026-10-09T03:21:14Z INFO [987/1000] 244d9685-3abf-4be9-8b54-d4b3394e1b90: 45 arrays, 10.9 MB stored; 1.4 s; peak memory 537 MiB.
2026-10-09T03:21:14Z INFO [988/1000] 244df883-0b23-4944-855d-3aeb6b4ae37f: 66 arrays, 103.4 MB stored; 1.6 s; peak memory 537 MiB.
2026-10-09T03:21:14Z INFO [989/1000] 244e4b94-02ad-42d5-bef1-5a6b8a4197c9: 74 arrays, 2.8 MB stored; 1.4 s; peak memory 537 MiB.
2026-10-09T03:21:15Z INFO [990/1000] 244eb1ad-9aae-4063-8535-13fd2dae52ba: 48 arrays, 83.9 MB stored; 1.2 s; peak memory 537 MiB.
2026-10-09T03:21:15Z INFO [991/1000] 244ee123-2179-46f2-a35b-e0ce7d67013b: 35 arrays, 0.0 MB stored; 1.0 s; peak memory 537 MiB.
2026-10-09T03:21:15Z INFO [992/1000] 244ef345-cf27-4f50-99ef-4d4d436515d8: 48 arrays, 83.9 MB stored; 1.1 s; peak memory 537 MiB.
2026-10-09T03:21:16Z INFO [993/1000] 244f53ea-0d35-4c9e-bcc8-0bea59deb3ed: 118 arrays, 0.4 MB stored; 1.4 s; peak memory 537 MiB.
2026-10-09T03:21:16Z INFO [994/1000] 244fc305-7e69-436c-94a3-0d9ce3334953: 117 arrays, 0.2 MB stored; 1.2 s; peak memory 537 MiB.
2026-10-09T03:21:19Z INFO [995/1000] 244b3d1d-657c-49a0-9762-526b22b8722e: 38 arrays, 428.0 MB stored; 11.6 s; peak memory 537 MiB.
2026-10-09T03:21:20Z INFO [996/1000] 244f1daa-7eb8-4b78-9f8a-32fedee8b6f9: 196 arrays, 563.2 MB stored; 5.0 s; peak memory 537 MiB.
2026-10-09T03:25:08Z INFO [997/1000] 244c4b13-1c6f-4b04-8023-a04a150c66b0: 273 arrays, 40365.5 MB stored; 239.6 s; peak memory 537 MiB.
2026-10-09T03:26:36Z WARNING 22fe8408-406a-4f76-a30a-817294f27ea8: failed while reading the NWB file (TimeoutError: exceeded 1200 s)
2026-10-09T03:26:36Z WARNING [998/1000] 22fe8408-406a-4f76-a30a-817294f27ea8: recorded the failure; a later run retries it.
2026-10-09T03:27:15Z WARNING 2310125d-3596-445d-af64-583c7c236000: failed while reading the NWB file (TimeoutError: exceeded 1200 s)
2026-10-09T03:27:15Z WARNING [999/1000] 2310125d-3596-445d-af64-583c7c236000: recorded the failure; a later run retries it.
2026-10-09T03:34:57Z INFO [1000/1000] 24201add-8988-4508-aa90-c747d545c161: 216 arrays, 103569.1 MB stored; 914.5 s; peak memory 537 MiB.
2026-10-09T03:34:59Z INFO [1000/1000] 24201add-8988-4508-aa90-c747d545c161: checkpointed 1000 new records.
2026-10-09T03:34:59Z INFO Wrote 24200 records to /tmp/derivatives/valid_nwb_file_to_array_sizes.jsonl (998 new, 2 failed) in 29.6 min (peak memory 822 MiB).
