2026-10-10T02:24:28Z INFO Logging to /tmp/logs/update_2026-10-10T02-24-28Z.log.
2026-10-10T02:24:28Z INFO Update valid-nwb-file-to-array-sizes (base directory /tmp).
2026-10-10T02:25:03Z INFO Processing 1000 items (61200 already recorded).
2026-10-10T02:25:05Z INFO [1/1000] 5b94d258-2768-4a23-8891-3cbb77b48330: 52 arrays, 0.0 MB stored; 2.0 s; peak memory 164 MiB.
2026-10-10T02:25:05Z INFO [2/1000] 5b975a23-ffcf-4e0b-9974-b2407785ef48: 48 arrays, 83.9 MB stored; 2.0 s; peak memory 164 MiB.
2026-10-10T02:25:05Z INFO [3/1000] 5b973f11-017c-445e-88f1-f4c96e4344dc: 48 arrays, 83.9 MB stored; 2.1 s; peak memory 164 MiB.
2026-10-10T02:25:05Z INFO [4/1000] 5b947f8c-0072-458e-9f4e-6c9da2f17705: 48 arrays, 83.9 MB stored; 2.1 s; peak memory 164 MiB.
2026-10-10T02:25:05Z INFO [5/1000] 5b952a53-66ff-438f-9944-f7a9d5964a5e: 110 arrays, 0.0 MB stored; 2.2 s; peak memory 164 MiB.
2026-10-10T02:25:06Z INFO [6/1000] 5b947799-5ac4-49d9-8c11-65ea5ebe36ae: 115 arrays, 0.3 MB stored; 2.5 s; peak memory 164 MiB.
2026-10-10T02:25:06Z INFO [7/1000] 5b9603d4-c31a-4618-bf07-a3ba0c30ab55: 72 arrays, 1.5 MB stored; 2.6 s; peak memory 164 MiB.
2026-10-10T02:25:07Z INFO [8/1000] 5b955a75-446e-43fd-a804-7b672cc9cb39: 38 arrays, 34.8 MB stored; 3.4 s; peak memory 164 MiB.
2026-10-10T02:25:07Z INFO [9/1000] 5b976365-ffae-41f6-9cd1-ac2279e65e08: 63 arrays, 0.1 MB stored; 1.9 s; peak memory 164 MiB.
2026-10-10T02:25:07Z INFO [10/1000] 5b97dbf8-df2d-4a74-9f05-ed339da24263: 48 arrays, 83.9 MB stored; 1.4 s; peak memory 164 MiB.
2026-10-10T02:25:07Z INFO [11/1000] 5b97a7b4-9828-40be-bc44-a83cc2319af5: 59 arrays, 250.2 MB stored; 2.0 s; peak memory 164 MiB.
2026-10-10T02:25:08Z INFO [12/1000] 5b97b801-a189-4018-ada8-4a70a62c594b: 50 arrays, 1450.0 MB stored; 2.3 s; peak memory 164 MiB.
2026-10-10T02:25:08Z INFO [13/1000] 5b977ae0-3c12-434f-a791-1f290eea6061: 68 arrays, 107.7 MB stored; 2.5 s; peak memory 164 MiB.
2026-10-10T02:25:08Z INFO [14/1000] 5b97c773-1cff-44cf-8cf7-7f1f4bf63ec3: 38 arrays, 26.4 MB stored; 2.7 s; peak memory 164 MiB.
2026-10-10T02:25:08Z INFO [15/1000] 5b97e36e-f8d8-4eac-8f86-4828db5cc07e: 112 arrays, 0.5 MB stored; 1.6 s; peak memory 164 MiB.
2026-10-10T02:25:09Z INFO [16/1000] 5b9821ce-6fe0-4db8-a37e-edcb378835b5: 48 arrays, 83.9 MB stored; 1.6 s; peak memory 164 MiB.
2026-10-10T02:25:09Z INFO [17/1000] 5b9925f4-c79f-4b69-9e77-f7a849a8c682: 48 arrays, 83.9 MB stored; 1.6 s; peak memory 164 MiB.
2026-10-10T02:25:10Z INFO [18/1000] 5b99e7b3-af54-419f-a21a-a5468f77e775: 117 arrays, 0.3 MB stored; 1.5 s; peak memory 164 MiB.
2026-10-10T02:25:10Z INFO [19/1000] 5b983206-85a5-4271-a0a1-9f7cbfb8a582: 115 arrays, 190.1 MB stored; 2.4 s; peak memory 164 MiB.
2026-10-10T02:25:10Z INFO [20/1000] 5b99d323-f764-477d-83ca-a0d5359d768d: 52 arrays, 21.1 MB stored; 1.6 s; peak memory 164 MiB.
2026-10-10T02:25:10Z INFO [21/1000] 5b999b95-541e-4377-ad5d-4e66b3ec0282: 38 arrays, 36.5 MB stored; 2.2 s; peak memory 164 MiB.
2026-10-10T02:25:11Z INFO [22/1000] 5b9a89bb-8a27-4889-b667-c96901e78189: 38 arrays, 36.3 MB stored; 2.2 s; peak memory 164 MiB.
2026-10-10T02:25:11Z INFO [23/1000] 5b9db986-ffac-4c14-a6e6-63694217c69e: 65 arrays, 3.7 MB stored; 1.4 s; peak memory 164 MiB.
2026-10-10T02:25:12Z INFO [24/1000] 5b9b64b5-08b9-460f-aee7-478fc80b2438: 112 arrays, 0.6 MB stored; 1.9 s; peak memory 164 MiB.
2026-10-10T02:25:12Z INFO [25/1000] 5b9c70c6-d16e-48eb-b19d-40c6929a957d: 114 arrays, 186.8 MB stored; 2.5 s; peak memory 164 MiB.
2026-10-10T02:25:12Z INFO [26/1000] 5b9ec036-60ad-49b4-b2a0-eecc1df1580d: 48 arrays, 83.9 MB stored; 1.3 s; peak memory 164 MiB.
2026-10-10T02:25:13Z INFO [27/1000] 5b9f53d3-9ab9-4372-83cc-f418b4032711: 48 arrays, 83.9 MB stored; 1.4 s; peak memory 164 MiB.
2026-10-10T02:25:13Z INFO [28/1000] 5b9ce762-3aa9-4782-9680-e32d79bc3f11: 47 arrays, 4139.8 MB stored; 3.2 s; peak memory 164 MiB.
2026-10-10T02:25:13Z INFO [29/1000] 5b9fb3fd-a252-467b-abff-e676e7f1f3d3: 112 arrays, 0.7 MB stored; 1.6 s; peak memory 164 MiB.
2026-10-10T02:25:14Z INFO [30/1000] 5ba04e8a-a666-4cdb-9916-147030f28a28: 70 arrays, 17.7 MB stored; 1.4 s; peak memory 164 MiB.
2026-10-10T02:25:14Z INFO [31/1000] 5ba1ceec-dec8-4ab6-a7f6-016dcced48d1: 46 arrays, 0.1 MB stored; 1.1 s; peak memory 164 MiB.
2026-10-10T02:25:14Z INFO [32/1000] 5ba2826f-8ce4-499f-bcf4-dc85aae72532: 48 arrays, 83.9 MB stored; 1.3 s; peak memory 164 MiB.
2026-10-10T02:25:15Z INFO [33/1000] 5ba0cb6d-a0e6-485e-949d-708e76c554c2: 68 arrays, 231.7 MB stored; 2.2 s; peak memory 164 MiB.
2026-10-10T02:25:16Z INFO [34/1000] 5ba0a378-fedb-4630-9c12-aefea03eb095: 440 arrays, 6.0 MB stored; 3.6 s; peak memory 164 MiB.
2026-10-10T02:25:16Z INFO [35/1000] 5ba33c7d-6695-4d6b-bebc-8c1934ea8f0e: 118 arrays, 0.4 MB stored; 1.5 s; peak memory 164 MiB.
2026-10-10T02:25:18Z INFO [36/1000] 5ba3d2ce-adda-4cb8-9a26-d9dda9990a00: 48 arrays, 83.9 MB stored; 1.2 s; peak memory 164 MiB.
2026-10-10T02:25:18Z INFO [37/1000] 5ba3ba1a-e22b-456d-aad4-6c34a1cb971a: 69 arrays, 35.5 MB stored; 1.8 s; peak memory 164 MiB.
2026-10-10T02:25:19Z INFO [38/1000] 5ba4086d-b209-4044-b953-d6d456b8d453: 48 arrays, 83.9 MB stored; 1.2 s; peak memory 164 MiB.
2026-10-10T02:25:19Z INFO [39/1000] 5ba42c8a-620a-420d-8517-761441a59fa6: 275 arrays, 17.2 MB stored; 1.4 s; peak memory 164 MiB.
2026-10-10T02:25:20Z INFO [40/1000] 5ba2eace-ea89-4e82-878c-73699f037cef: 229 arrays, 527.5 MB stored; 5.7 s; peak memory 164 MiB.
2026-10-10T02:25:20Z INFO [41/1000] 5ba2ccc8-1bc5-44d0-84ef-501385262932: 339 arrays, 48.0 MB stored; 6.8 s; peak memory 164 MiB.
2026-10-10T02:25:20Z INFO [42/1000] 5ba58bf0-3242-42c7-b037-5b8c1005a684: 48 arrays, 83.9 MB stored; 1.2 s; peak memory 164 MiB.
2026-10-10T02:25:21Z INFO [43/1000] 5ba48235-18db-452d-9f20-f65b3e46ccb8: 138 arrays, 4.8 MB stored; 2.6 s; peak memory 164 MiB.
2026-10-10T02:25:22Z INFO [44/1000] 5ba61563-7b0d-4ae2-9590-57ca88d9576e: 117 arrays, 0.4 MB stored; 1.4 s; peak memory 164 MiB.
2026-10-10T02:25:22Z INFO [45/1000] 5ba5ff55-642a-47dd-b075-45c3fa90ecef: 90 arrays, 133.6 MB stored; 2.4 s; peak memory 164 MiB.
2026-10-10T02:25:23Z INFO [46/1000] 5ba6987e-43b9-4cad-a2f2-cb29a7ee3780: 110 arrays, 0.3 MB stored; 1.4 s; peak memory 164 MiB.
2026-10-10T02:25:23Z INFO [47/1000] 5ba6acc3-75db-4c97-af54-b8e2add25c5d: 117 arrays, 0.4 MB stored; 1.4 s; peak memory 164 MiB.
2026-10-10T02:25:24Z INFO [48/1000] 5ba78dd4-c349-428e-a59a-d0a92dcdff2a: 48 arrays, 83.9 MB stored; 1.3 s; peak memory 164 MiB.
2026-10-10T02:25:24Z INFO [49/1000] 5ba60049-cb8f-49b4-beaa-c50d9310dc2e: 424 arrays, 4.3 MB stored; 3.5 s; peak memory 164 MiB.
2026-10-10T02:25:24Z INFO [50/1000] 5ba7d92d-0879-4586-bc3e-ac09030e31a6: 118 arrays, 0.4 MB stored; 1.3 s; peak memory 164 MiB.
2026-10-10T02:25:25Z INFO [51/1000] 5ba2cf55-d4e1-4a39-ae66-8ecd8bcf7e24: 278 arrays, 1007.7 MB stored; 10.7 s; peak memory 164 MiB.
2026-10-10T02:25:25Z INFO [52/1000] 5b9a8488-9fcb-496b-a68d-aeb961b5640c: 1019 arrays, 32.1 MB stored; 16.1 s; peak memory 164 MiB.
2026-10-10T02:25:25Z INFO [53/1000] 5ba90f13-7ddd-4785-b82c-1d0612e60cb4: 46 arrays, 0.0 MB stored; 1.1 s; peak memory 164 MiB.
2026-10-10T02:25:25Z INFO [54/1000] 5ba9905d-c258-4025-bf06-caa27656ab62: 48 arrays, 83.9 MB stored; 1.3 s; peak memory 164 MiB.
2026-10-10T02:25:26Z INFO [55/1000] 5baa4323-0aaa-4237-8c89-f7f942059316: 48 arrays, 83.9 MB stored; 1.2 s; peak memory 164 MiB.
2026-10-10T02:25:26Z INFO [56/1000] 5ba906fd-408e-424f-93f3-ccc176bb272e: 52 arrays, 604.3 MB stored; 2.4 s; peak memory 164 MiB.
2026-10-10T02:25:26Z INFO [57/1000] 5baa6c5a-a75b-46cc-9e17-56b3ab7faa55: 112 arrays, 0.5 MB stored; 1.4 s; peak memory 164 MiB.
2026-10-10T02:25:27Z INFO [58/1000] 5baa9dd1-21e6-4128-b468-476fa33a8311: 48 arrays, 83.9 MB stored; 1.2 s; peak memory 164 MiB.
2026-10-10T02:25:27Z INFO [59/1000] 5bab154d-d23b-4393-8578-0ea144204a18: 48 arrays, 83.9 MB stored; 1.1 s; peak memory 164 MiB.
2026-10-10T02:25:27Z INFO [60/1000] 5bab9e69-0768-4fe9-bc07-ec3713ae5b8f: 48 arrays, 83.9 MB stored; 1.2 s; peak memory 164 MiB.
2026-10-10T02:25:28Z INFO [61/1000] 5bacfd2d-f868-49e1-9bd3-6314b7c7705d: 117 arrays, 0.4 MB stored; 1.4 s; peak memory 164 MiB.
2026-10-10T02:25:28Z INFO [62/1000] 5bad10d0-0e30-4a15-9709-86f0d2d653a9: 48 arrays, 83.9 MB stored; 1.3 s; peak memory 164 MiB.
2026-10-10T02:25:28Z INFO [63/1000] 5baea922-9a68-42fc-ac5c-2a52190bebb2: 35 arrays, 0.0 MB stored; 1.1 s; peak memory 164 MiB.
2026-10-10T02:25:29Z INFO [64/1000] 5baee71e-22b8-4ce6-895b-cbabc1eaa8fc: 112 arrays, 0.6 MB stored; 1.4 s; peak memory 164 MiB.
2026-10-10T02:25:30Z INFO [65/1000] 5baf6edc-3846-4a17-ae71-14847649ee51: 89 arrays, 0.2 MB stored; 1.5 s; peak memory 164 MiB.
2026-10-10T02:25:31Z INFO [66/1000] 5bb0a13b-ff75-403a-bbf6-18b9c06ff2c3: 46 arrays, 0.2 MB stored; 1.1 s; peak memory 164 MiB.
2026-10-10T02:25:31Z INFO [67/1000] 5baf362d-4e07-4e95-83ee-18aca0cf2799: 115 arrays, 186.9 MB stored; 2.6 s; peak memory 164 MiB.
2026-10-10T02:25:31Z INFO [68/1000] 5bb0c59f-4011-49a3-a7fb-db4c64c5024d: 116 arrays, 0.3 MB stored; 1.4 s; peak memory 164 MiB.
2026-10-10T02:25:32Z INFO [69/1000] 5bb1160e-c602-4b1e-baf4-149647811abf: 112 arrays, 0.4 MB stored; 1.4 s; peak memory 164 MiB.
2026-10-10T02:25:33Z INFO [70/1000] 5bb122c4-91ad-4dee-9bd7-6171c201d175: 68 arrays, 36.0 MB stored; 1.2 s; peak memory 164 MiB.
2026-10-10T02:25:33Z INFO [71/1000] 5bac2c7a-f980-4c9b-9b75-3e654d1aad5c: 1004 arrays, 20.2 MB stored; 6.5 s; peak memory 164 MiB.
2026-10-10T02:25:33Z INFO [72/1000] 5bb1ca9d-f2e8-4c72-aa6c-413d898353ac: 48 arrays, 83.9 MB stored; 1.2 s; peak memory 164 MiB.
2026-10-10T02:25:34Z INFO [73/1000] 5bb237e8-6ea1-4c83-94aa-2e71ad549426: 21 arrays, 0.6 MB stored; 1.0 s; peak memory 164 MiB.
2026-10-10T02:25:34Z INFO [74/1000] 5ba9ee0e-f66e-455b-9019-cb0fa872dfab: 793 arrays, 23.9 MB stored; 9.6 s; peak memory 164 MiB.
2026-10-10T02:25:34Z INFO [75/1000] 5ba8df15-f7e7-49b9-ae3b-4986bd1fc00d: 1972 arrays, 15.5 MB stored; 11.3 s; peak memory 164 MiB.
2026-10-10T02:25:35Z INFO [76/1000] 5bb3090c-ce8d-488c-9ade-fc72cafddcbc: 48 arrays, 83.9 MB stored; 1.2 s; peak memory 164 MiB.
2026-10-10T02:25:35Z INFO [77/1000] 5bb44f6c-4551-4403-87a7-6390573b4efb: 31 arrays, 0.0 MB stored; 1.1 s; peak memory 164 MiB.
2026-10-10T02:25:35Z INFO [78/1000] 5bb42190-449c-44a1-ae20-42746fec8390: 117 arrays, 0.4 MB stored; 1.5 s; peak memory 164 MiB.
2026-10-10T02:25:36Z INFO [79/1000] 5bb1dc7c-89bb-4c66-adc1-7638daee052c: 84 arrays, 352.4 MB stored; 3.0 s; peak memory 164 MiB.
2026-10-10T02:25:36Z INFO [80/1000] 5bb58c18-978b-4347-b5dd-c9c157db6f58: 53 arrays, 0.2 MB stored; 1.2 s; peak memory 164 MiB.
2026-10-10T02:25:36Z INFO [81/1000] 5bb5307d-613c-4644-89ea-7e0f926a262d: 114 arrays, 0.1 MB stored; 1.3 s; peak memory 164 MiB.
2026-10-10T02:25:37Z INFO [82/1000] 5bb5ed9f-8b9b-4fb0-bfb9-b769d0892d02: 112 arrays, 0.7 MB stored; 1.6 s; peak memory 164 MiB.
2026-10-10T02:25:37Z INFO [83/1000] 5bb783ac-6563-4393-b122-6a6a8359411d: 275 arrays, 17.1 MB stored; 1.6 s; peak memory 164 MiB.
2026-10-10T02:25:38Z INFO [84/1000] 5bb7035a-8bf3-4523-beee-5772fda5c0f7: 303 arrays, 17.2 MB stored; 1.7 s; peak memory 164 MiB.
2026-10-10T02:25:38Z INFO [85/1000] 5bb7c3b4-8537-45d6-8a60-8045874767dc: 118 arrays, 0.3 MB stored; 1.4 s; peak memory 164 MiB.
2026-10-10T02:25:39Z INFO [86/1000] 5bb7cd57-834f-4f7c-80e4-a760706a1c1f: 48 arrays, 83.9 MB stored; 1.3 s; peak memory 164 MiB.
2026-10-10T02:25:39Z INFO [87/1000] 5bb93545-38cc-44d1-8d77-8e1767adfd87: 57 arrays, 0.0 MB stored; 1.0 s; peak memory 164 MiB.
2026-10-10T02:25:39Z INFO [88/1000] 5bb88f31-775f-4132-9f0a-6132b89d693e: 112 arrays, 0.4 MB stored; 1.8 s; peak memory 164 MiB.
2026-10-10T02:25:40Z INFO [89/1000] 5bb936b2-51a8-4c01-828d-b9d4d43c7a90: 118 arrays, 0.3 MB stored; 1.3 s; peak memory 164 MiB.
2026-10-10T02:25:40Z INFO [90/1000] 5bb95072-bd17-4337-b0d0-54ce95124c4a: 48 arrays, 83.9 MB stored; 1.2 s; peak memory 164 MiB.
2026-10-10T02:25:41Z INFO [91/1000] 5bb6e147-17de-4055-a1d3-821cbd494f78: 585 arrays, 10.7 MB stored; 5.1 s; peak memory 164 MiB.
2026-10-10T02:25:41Z INFO [92/1000] 5bb98bce-38b5-4597-bb3a-a91680f90fcd: 77 arrays, 0.2 MB stored; 1.4 s; peak memory 164 MiB.
2026-10-10T02:25:41Z INFO [93/1000] 5bb9acfc-c0b2-4f7f-99eb-0358c54407cc: 118 arrays, 0.5 MB stored; 1.4 s; peak memory 164 MiB.
2026-10-10T02:25:42Z INFO [94/1000] 5bb9e694-3197-4a2c-b191-71cf22748300: 45 arrays, 3694.6 MB stored; 1.6 s; peak memory 164 MiB.
2026-10-10T02:25:42Z INFO [95/1000] 5bbab1f7-8947-442f-af44-f82f795f15cc: 116 arrays, 0.4 MB stored; 1.6 s; peak memory 164 MiB.
2026-10-10T02:25:43Z INFO [96/1000] 5bbb710c-5f74-49e3-bfeb-644d836148cc: 66 arrays, 94.1 MB stored; 1.8 s; peak memory 164 MiB.
2026-10-10T02:25:43Z INFO [97/1000] 5bbc071b-3ad2-4315-9983-2036817549b6: 118 arrays, 0.5 MB stored; 1.5 s; peak memory 164 MiB.
2026-10-10T02:25:43Z INFO [98/1000] 5bbc0b09-9342-44ee-bf4e-ac89836770f1: 46 arrays, 0.0 MB stored; 1.1 s; peak memory 164 MiB.
2026-10-10T02:25:44Z INFO [99/1000] 5bbc3b26-2132-4982-a274-25c2353707a1: 48 arrays, 83.9 MB stored; 1.2 s; peak memory 164 MiB.
2026-10-10T02:25:44Z INFO [100/1000] 5bbd2f97-b2ab-430a-84ba-fdc733431998: 48 arrays, 83.9 MB stored; 1.2 s; peak memory 164 MiB.
2026-10-10T02:25:44Z INFO [101/1000] 5bbd5ea1-af8b-4a13-8bce-cd714564a33a: 117 arrays, 0.5 MB stored; 1.4 s; peak memory 164 MiB.
2026-10-10T02:25:44Z INFO [102/1000] 5bbd72d8-52b7-49b4-9a40-34df58e09591: 117 arrays, 0.2 MB stored; 1.2 s; peak memory 164 MiB.
2026-10-10T02:25:45Z INFO [103/1000] 5bbe1c58-21c7-493b-b516-add5491f1275: 48 arrays, 83.9 MB stored; 1.3 s; peak memory 164 MiB.
2026-10-10T02:25:46Z INFO [104/1000] 5bbf5160-f775-4769-9716-d89dd2739a9b: 117 arrays, 0.3 MB stored; 1.4 s; peak memory 164 MiB.
2026-10-10T02:25:46Z INFO [105/1000] 5bbf5669-0978-459e-bfe7-80d18c2c097b: 48 arrays, 83.9 MB stored; 1.3 s; peak memory 164 MiB.
2026-10-10T02:25:47Z INFO [106/1000] 5bc08dde-c70a-401a-a49c-e0c3cb633bfc: 48 arrays, 83.9 MB stored; 1.2 s; peak memory 164 MiB.
2026-10-10T02:25:47Z INFO [107/1000] 5bbf909b-4b65-4e26-ae21-05800d48ec9d: 112 arrays, 0.4 MB stored; 1.5 s; peak memory 164 MiB.
2026-10-10T02:25:48Z INFO [108/1000] 5bbf236b-89ed-4766-87a8-2cebf68604c6: 50 arrays, 128.5 MB stored; 3.2 s; peak memory 164 MiB.
2026-10-10T02:25:49Z INFO [109/1000] 5bc0ad5e-ba50-49f9-b2ce-2c50e178ba44: 112 arrays, 0.2 MB stored; 1.5 s; peak memory 164 MiB.
2026-10-10T02:25:49Z INFO [110/1000] 5bc0a8a8-a297-48c8-ba31-520c046f9716: 118 arrays, 66.2 MB stored; 2.2 s; peak memory 164 MiB.
2026-10-10T02:25:50Z INFO [111/1000] 5bc18a68-6def-4722-95f3-8d2eb937a3fc: 70 arrays, 3.0 MB stored; 1.6 s; peak memory 164 MiB.
2026-10-10T02:25:51Z INFO [112/1000] 5bb0f9c0-5f0b-42f4-873d-b469f038745f: 48 arrays, 39461.1 MB stored; 20.0 s; peak memory 164 MiB.
2026-10-10T02:25:51Z INFO [113/1000] 5bc1e9ca-a214-400e-86d1-5960f0a757f0: 110 arrays, 0.5 MB stored; 1.6 s; peak memory 164 MiB.
2026-10-10T02:25:52Z INFO [114/1000] 5bc23066-8d50-4294-860e-540ebb6785c1: 43 arrays, 6.0 MB stored; 1.4 s; peak memory 164 MiB.
2026-10-10T02:25:52Z INFO [115/1000] 5bbebd3d-d773-4fea-b529-da5c96264e21: 409 arrays, 13367.2 MB stored; 8.2 s; peak memory 164 MiB.
2026-10-10T02:25:52Z INFO [116/1000] 5bc223d7-5c43-4acd-a436-9b5fb6cbe426: 84 arrays, 1.4 MB stored; 1.8 s; peak memory 164 MiB.
2026-10-10T02:25:53Z INFO [117/1000] 5bc2e59b-47b7-4b85-acba-04db8c4a53be: 48 arrays, 83.9 MB stored; 1.3 s; peak memory 164 MiB.
2026-10-10T02:25:55Z INFO [118/1000] 5bc42aed-432b-4f10-ba9f-1c7376d344de: 53 arrays, 3688.8 MB stored; 1.6 s; peak memory 164 MiB.
2026-10-10T02:25:56Z INFO [119/1000] 5bc141ed-e8b0-4de6-96d9-3f7ff441ffc1: 663 arrays, 29.6 MB stored; 8.3 s; peak memory 164 MiB.
2026-10-10T02:25:57Z INFO [120/1000] 5bc34ef4-75a5-42ef-aa67-656487b669d3: 538 arrays, 8.3 MB stored; 4.7 s; peak memory 164 MiB.
2026-10-10T02:25:57Z INFO [121/1000] 5bc2b01a-c281-45de-841b-1eb158a0eabc: 845 arrays, 9.9 MB stored; 5.9 s; peak memory 164 MiB.
2026-10-10T02:25:58Z INFO [122/1000] 5bc4bdf5-7055-4ec1-a92d-18d008d2c6d6: 115 arrays, 190.1 MB stored; 2.2 s; peak memory 164 MiB.
2026-10-10T02:25:58Z INFO [123/1000] 5bc56be1-5b96-4903-bbed-c3cc3f286af9: 118 arrays, 0.4 MB stored; 1.4 s; peak memory 164 MiB.
2026-10-10T02:25:59Z INFO [124/1000] 5bc554e5-6a4b-4729-ac23-834dd786d3c4: 152 arrays, 1.1 MB stored; 2.2 s; peak memory 164 MiB.
2026-10-10T02:25:59Z INFO [125/1000] 5bc5dd10-9a1b-475d-864a-2e8656dfd81d: 48 arrays, 83.9 MB stored; 1.2 s; peak memory 164 MiB.
2026-10-10T02:25:59Z INFO [126/1000] 5bc4bc3c-578b-4255-9452-47d709da50a2: 510 arrays, 20.2 MB stored; 4.6 s; peak memory 164 MiB.
2026-10-10T02:26:00Z INFO [127/1000] 5bc5f767-a4f9-47f7-a138-8dff6bd48a33: 46 arrays, 5521.6 MB stored; 1.7 s; peak memory 164 MiB.
2026-10-10T02:26:00Z INFO [128/1000] 5bc60322-aae2-45bb-b8f1-d37e3e7fe72b: 112 arrays, 0.5 MB stored; 1.5 s; peak memory 164 MiB.
2026-10-10T02:26:01Z INFO [129/1000] 5bc66568-d2bf-4546-a62e-f5885aeaaad1: 118 arrays, 0.4 MB stored; 1.5 s; peak memory 164 MiB.
2026-10-10T02:26:02Z INFO [130/1000] 5bc969ad-b683-4102-a16b-1862d2248480: 118 arrays, 0.4 MB stored; 1.2 s; peak memory 164 MiB.
2026-10-10T02:26:02Z INFO [131/1000] 5bc977c7-9753-4ae5-9b22-6c91419d6b94: 117 arrays, 0.7 MB stored; 1.5 s; peak memory 164 MiB.
2026-10-10T02:26:03Z INFO [132/1000] 5bc64e21-92cc-46a1-a58d-5c6b78d6bbd0: 225 arrays, 278.1 MB stored; 3.8 s; peak memory 164 MiB.
2026-10-10T02:26:03Z INFO [133/1000] 5bca1ca6-b491-4d45-b11f-f5ee13b459bf: 46 arrays, 0.0 MB stored; 1.0 s; peak memory 164 MiB.
2026-10-10T02:26:04Z INFO [134/1000] 5bc9d6ba-bd58-4760-9716-fbab00a99714: 69 arrays, 33.3 MB stored; 2.0 s; peak memory 164 MiB.
2026-10-10T02:26:05Z INFO [135/1000] 5bcafb21-60d5-4658-bc18-6a8dcd8d8556: 275 arrays, 17.1 MB stored; 1.4 s; peak memory 164 MiB.
2026-10-10T02:26:05Z INFO [136/1000] 5bcb5dad-eb16-4bb4-a989-4695402c608f: 112 arrays, 0.4 MB stored; 1.2 s; peak memory 164 MiB.
2026-10-10T02:26:06Z INFO [137/1000] 5bcb7572-e4d0-4af0-a7ed-72ef51251c06: 117 arrays, 0.3 MB stored; 1.3 s; peak memory 164 MiB.
2026-10-10T02:26:06Z INFO [138/1000] 5bcba26f-6d88-4aab-bc30-a86f8c7dc1f4: 43 arrays, 35.6 MB stored; 1.3 s; peak memory 164 MiB.
2026-10-10T02:26:08Z INFO [139/1000] 5bcc48c8-67c2-4b20-afe9-d828858937af: 69 arrays, 1.9 MB stored; 1.4 s; peak memory 164 MiB.
2026-10-10T02:26:08Z INFO [140/1000] 5bcbdb80-f4b6-45f6-9432-a567dd7844e0: 112 arrays, 1.3 MB stored; 1.7 s; peak memory 164 MiB.
2026-10-10T02:26:09Z INFO [141/1000] 5bcd8be3-b4d9-4ee2-93d6-1256733340b7: 118 arrays, 0.4 MB stored; 1.5 s; peak memory 164 MiB.
2026-10-10T02:26:09Z INFO [142/1000] 5bcd41fb-a0bd-44a6-8c6c-c652f19a1fdb: 118 arrays, 51.2 MB stored; 1.7 s; peak memory 164 MiB.
2026-10-10T02:26:10Z INFO [143/1000] 5bca2e6d-ed20-47d5-ba40-97c9d8c2c742: 1208 arrays, 32.0 MB stored; 7.3 s; peak memory 164 MiB.
2026-10-10T02:26:11Z INFO [144/1000] 5bcdc1e2-a09e-4e1a-9161-190b00f7333c: 101 arrays, 6.1 MB stored; 1.6 s; peak memory 164 MiB.
2026-10-10T02:26:11Z INFO [145/1000] 5bcded3d-f7e4-4f30-8693-bb60d6bf1189: 111 arrays, 0.8 MB stored; 1.5 s; peak memory 164 MiB.
2026-10-10T02:26:12Z INFO [146/1000] 5bce81a2-a4b4-4446-abf3-6a4703c7fe8a: 116 arrays, 0.4 MB stored; 1.2 s; peak memory 164 MiB.
2026-10-10T02:26:12Z INFO [147/1000] 5bceb1e6-890c-40a7-9a5f-7e37e6dc78b4: 104 arrays, 199.2 MB stored; 1.5 s; peak memory 164 MiB.
2026-10-10T02:26:13Z INFO [148/1000] 5bcdf642-876f-4db2-95fc-df74db855946: 51 arrays, 592.5 MB stored; 2.3 s; peak memory 164 MiB.
2026-10-10T02:26:13Z INFO [149/1000] 5bcf1806-85b4-4a83-8f66-a622a7b1a697: 52 arrays, 11.2 MB stored; 1.3 s; peak memory 164 MiB.
2026-10-10T02:26:14Z INFO [150/1000] 5bc3e4c8-a4f8-4715-9d84-33ea0651d45f: 48 arrays, 40470.7 MB stored; 21.4 s; peak memory 164 MiB.
2026-10-10T02:26:14Z INFO [151/1000] 5bd0ef57-7819-49b1-bddb-819f7ce62d3a: 118 arrays, 0.2 MB stored; 1.4 s; peak memory 164 MiB.
2026-10-10T02:26:14Z INFO [152/1000] 5bd2f891-f265-4023-96c0-1aaf3e2d3dd5: 117 arrays, 0.5 MB stored; 1.4 s; peak memory 164 MiB.
2026-10-10T02:26:15Z INFO [153/1000] 5bd30f4d-ac64-454c-a083-7e666abcad5b: 66 arrays, 93.8 MB stored; 1.6 s; peak memory 164 MiB.
2026-10-10T02:26:15Z INFO [154/1000] 5bd3817a-c078-419b-a2a6-7b0b93c6744b: 42 arrays, 60.5 MB stored; 1.1 s; peak memory 164 MiB.
2026-10-10T02:26:15Z INFO [155/1000] 5bd35bd0-c386-4ab7-bdd3-c9a2ac81f63c: 48 arrays, 83.9 MB stored; 1.4 s; peak memory 164 MiB.
2026-10-10T02:26:16Z INFO [156/1000] 5bd47b31-46b9-4a63-9b00-da1242408caf: 41 arrays, 8.4 MB stored; 1.1 s; peak memory 164 MiB.
2026-10-10T02:26:16Z INFO [157/1000] 5bd59603-d1bb-49ec-b841-c680b9f8951e: 63 arrays, 0.1 MB stored; 1.2 s; peak memory 164 MiB.
2026-10-10T02:26:17Z INFO [158/1000] 5bd6dba9-5d29-4fae-84c0-eb18727183b1: 48 arrays, 83.9 MB stored; 1.2 s; peak memory 164 MiB.
2026-10-10T02:26:18Z INFO [159/1000] 5bd463aa-7842-4d47-ae01-1b58efefa1ed: 390 arrays, 6.1 MB stored; 3.7 s; peak memory 164 MiB.
2026-10-10T02:26:18Z INFO [160/1000] 5bd5addb-5838-4fb7-8076-e63a858dcc10: 152 arrays, 193.4 MB stored; 3.1 s; peak memory 164 MiB.
2026-10-10T02:26:18Z INFO [161/1000] 5bd7046b-98ff-4d8a-acf5-bbf6311529d6: 57 arrays, 0.0 MB stored; 1.0 s; peak memory 164 MiB.
2026-10-10T02:26:19Z INFO [162/1000] 5bd74e40-ca84-4fc1-a882-67dcdc596817: 48 arrays, 83.9 MB stored; 1.3 s; peak memory 164 MiB.
2026-10-10T02:26:19Z INFO [163/1000] 5bd708e9-6115-469e-9cbe-3a6a2bbb96ae: 89 arrays, 0.4 MB stored; 1.6 s; peak memory 164 MiB.
2026-10-10T02:26:20Z INFO [164/1000] 5bd825bd-0dd9-46f3-b4da-f1b2c29be2a7: 47 arrays, 5.6 MB stored; 1.2 s; peak memory 164 MiB.
2026-10-10T02:26:21Z INFO [165/1000] 5bd91fdc-5f68-40db-afee-e0102d2ab563: 116 arrays, 0.5 MB stored; 1.4 s; peak memory 164 MiB.
2026-10-10T02:26:21Z INFO [166/1000] 5bc92db3-b4e4-4cc7-b172-661849473c95: 48 arrays, 38153.4 MB stored; 21.3 s; peak memory 164 MiB.
2026-10-10T02:26:22Z INFO [167/1000] 5bd94c65-d992-46d6-aff9-2bab657eb118: 48 arrays, 83.9 MB stored; 1.3 s; peak memory 164 MiB.
2026-10-10T02:26:23Z INFO [168/1000] 5bd9f17a-4ec2-4fb2-8114-8738cb76c2f5: 84 arrays, 0.2 MB stored; 1.2 s; peak memory 164 MiB.
2026-10-10T02:26:23Z INFO [169/1000] 5bd99343-c361-4af6-8c37-8839e89efd71: 66 arrays, 95.4 MB stored; 1.8 s; peak memory 164 MiB.
2026-10-10T02:26:24Z INFO [170/1000] 5bdbdb84-00e9-48de-adb3-744f4bc0726f: 53 arrays, 0.0 MB stored; 1.0 s; peak memory 164 MiB.
2026-10-10T02:26:25Z INFO [171/1000] 5bdbefe7-ca91-4730-a359-d9624e130dfa: 112 arrays, 0.4 MB stored; 1.7 s; peak memory 164 MiB.
2026-10-10T02:26:25Z INFO [172/1000] 5bd978c0-d419-4763-8c79-33d32636d0fe: 1861 arrays, 17.2 MB stored; 4.4 s; peak memory 164 MiB.
2026-10-10T02:26:26Z INFO [173/1000] 5bd80b36-da7c-4ced-b26d-f6c22b1f2fda: 1205 arrays, 23.3 MB stored; 8.1 s; peak memory 164 MiB.
2026-10-10T02:26:27Z INFO [174/1000] 5bdc99d5-932d-4839-b322-e100740c176b: 124 arrays, 0.4 MB stored; 1.6 s; peak memory 164 MiB.
2026-10-10T02:26:28Z INFO [175/1000] 5bdce33f-fdb4-41a5-bc0b-a444614c66c3: 62 arrays, 3040.5 MB stored; 1.6 s; peak memory 164 MiB.
2026-10-10T02:26:29Z INFO [176/1000] 5bdd0f07-0bcd-48f8-b529-f2c897095056: 110 arrays, 0.8 MB stored; 1.5 s; peak memory 164 MiB.
2026-10-10T02:26:31Z INFO [177/1000] 5bd633e6-f283-451d-a345-9ce7a2a96afc: 5681 arrays, 1315.5 MB stored; 15.4 s; peak memory 164 MiB.
2026-10-10T02:26:31Z INFO [178/1000] 5bdc7c31-d966-4019-a3d4-8939f46c589e: 59 arrays, 501.7 MB stored; 7.5 s; peak memory 164 MiB.
2026-10-10T02:26:33Z INFO [179/1000] 5bde66df-ed91-473a-93d8-ab9b8a4580cb: 48 arrays, 83.9 MB stored; 1.3 s; peak memory 164 MiB.
2026-10-10T02:26:33Z INFO [180/1000] 5bdf2c6f-ee53-4477-8657-dc3188ac6916: 289 arrays, 17.1 MB stored; 1.6 s; peak memory 164 MiB.
2026-10-10T02:26:34Z INFO [181/1000] 5bdfde87-be06-47b1-8b05-5248339c2b36: 48 arrays, 83.9 MB stored; 1.2 s; peak memory 164 MiB.
2026-10-10T02:26:36Z INFO [182/1000] 5be0bebe-7b58-44b6-bf1e-6ce7a77cf310: 152 arrays, 420.3 MB stored; 2.5 s; peak memory 164 MiB.
2026-10-10T02:26:38Z INFO [183/1000] 5be0e559-a718-42e7-8986-87ed06bc70f0: 112 arrays, 0.5 MB stored; 1.5 s; peak memory 164 MiB.
2026-10-10T02:26:40Z INFO [184/1000] 5be0f7d9-d37a-4d6e-8efa-b1e1faee7542: 117 arrays, 23.5 MB stored; 1.9 s; peak memory 164 MiB.
2026-10-10T02:26:42Z INFO [185/1000] 5be1a110-0d39-4029-a1bc-3be0bb6bdcf6: 61 arrays, 23.1 MB stored; 1.7 s; peak memory 164 MiB.
2026-10-10T02:26:43Z INFO [186/1000] 5be1ccde-1914-48a5-b124-6bbc26f92e03: 41 arrays, 8.4 MB stored; 1.1 s; peak memory 164 MiB.
2026-10-10T02:26:44Z INFO [187/1000] 5be1cf81-7127-43c5-b567-4ae5e70d6cef: 48 arrays, 83.9 MB stored; 1.1 s; peak memory 164 MiB.
2026-10-10T02:26:45Z INFO [188/1000] 5be1e66d-29bb-4dd6-b6f3-0c44ccf5f874: 62 arrays, 2834.8 MB stored; 1.6 s; peak memory 164 MiB.
2026-10-10T02:26:46Z INFO [189/1000] 5be02ff8-b6a2-464d-b36b-8f9672e09d8c: 862 arrays, 22.3 MB stored; 12.9 s; peak memory 164 MiB.
2026-10-10T02:26:47Z INFO [190/1000] 5be24978-f1e8-4f76-829c-f4fcc4f8cfe1: 101 arrays, 5.1 MB stored; 1.3 s; peak memory 164 MiB.
2026-10-10T02:26:48Z INFO [191/1000] 5be2779f-5bf5-4da1-9907-7b99a3f8279e: 39 arrays, 786.4 MB stored; 1.1 s; peak memory 164 MiB.
2026-10-10T02:26:49Z INFO [192/1000] 5be1ee64-c6a4-4d64-a757-bc8dd6be660e: 156 arrays, 193.5 MB stored; 3.3 s; peak memory 164 MiB.
2026-10-10T02:26:50Z INFO [193/1000] 5be2d98c-db87-4946-b194-89e6fd3e9c6b: 116 arrays, 0.3 MB stored; 1.3 s; peak memory 164 MiB.
2026-10-10T02:26:50Z INFO [194/1000] 5be2b978-77d8-4193-b1fe-bd8e51448781: 66 arrays, 148.9 MB stored; 2.1 s; peak memory 164 MiB.
2026-10-10T02:26:51Z INFO [195/1000] 5be36e00-fbf6-4f1e-bc52-4c01e617db63: 114 arrays, 0.2 MB stored; 1.2 s; peak memory 164 MiB.
2026-10-10T02:26:52Z INFO [196/1000] 5be3c6a2-d820-4b03-a3bf-2a9ad3a67627: 72 arrays, 98.3 MB stored; 1.3 s; peak memory 164 MiB.
2026-10-10T02:26:52Z INFO [197/1000] 5be4cf4c-812e-4729-8042-654d7787ac08: 117 arrays, 0.2 MB stored; 1.3 s; peak memory 164 MiB.
2026-10-10T02:26:54Z INFO [198/1000] 5be54585-b625-4055-a389-307b8eb7fe28: 66 arrays, 156.9 MB stored; 1.5 s; peak memory 164 MiB.
2026-10-10T02:26:56Z INFO [199/1000] 5be53de7-35c4-4f6b-8087-f316dfa6041b: 269 arrays, 39.8 MB stored; 4.1 s; peak memory 164 MiB.
2026-10-10T02:26:56Z INFO [200/1000] 5be66f36-ed5e-4fcc-896a-658a17218a68: 115 arrays, 190.2 MB stored; 2.0 s; peak memory 164 MiB.
2026-10-10T02:26:57Z INFO [200/1000] 5be66f36-ed5e-4fcc-896a-658a17218a68: checkpointed 200 new records.
2026-10-10T02:26:57Z INFO [201/1000] 5be6d57a-8271-4923-9d14-7ba3a0ac989a: 48 arrays, 83.9 MB stored; 1.4 s; peak memory 245 MiB.
2026-10-10T02:26:57Z INFO [202/1000] 5be6b5d3-6819-47a0-9d97-877b8058c632: 116 arrays, 0.3 MB stored; 1.5 s; peak memory 245 MiB.
2026-10-10T02:26:59Z INFO [203/1000] 5be74dda-2f11-4ea8-b3a3-19ee4bfae700: 50 arrays, 3.3 MB stored; 1.1 s; peak memory 245 MiB.
2026-10-10T02:26:59Z INFO [204/1000] 5be71e45-24c8-47d0-9e95-c3638a530ee8: 48 arrays, 83.9 MB stored; 1.4 s; peak memory 245 MiB.
2026-10-10T02:27:00Z INFO [205/1000] 5be7d1f7-4dc3-4e01-a996-45c2a26e8ec1: 48 arrays, 83.9 MB stored; 1.1 s; peak memory 245 MiB.
2026-10-10T02:27:00Z INFO [206/1000] 5be7a2cb-3606-48b7-a7dd-7d65e6659f76: 71 arrays, 39.8 MB stored; 1.7 s; peak memory 245 MiB.
2026-10-10T02:27:01Z INFO [207/1000] 5be95fd5-3332-4693-9411-f5169aef256c: 35 arrays, 0.0 MB stored; 0.9 s; peak memory 245 MiB.
2026-10-10T02:27:02Z INFO [208/1000] 5be7f4fd-895d-4f2a-a76a-620c3827f0c9: 66 arrays, 111.0 MB stored; 2.0 s; peak memory 245 MiB.
2026-10-10T02:27:02Z INFO [209/1000] 5be9aca0-d45f-4d38-9354-9ffa0a659832: 117 arrays, 0.4 MB stored; 1.2 s; peak memory 245 MiB.
2026-10-10T02:27:03Z INFO [210/1000] 5be9c320-71da-4f5d-8c3b-23dfc1c671b7: 117 arrays, 0.3 MB stored; 1.3 s; peak memory 245 MiB.
2026-10-10T02:27:05Z INFO [211/1000] 5be9e6f7-3c9c-4900-ad86-27639e43bf9e: 289 arrays, 17.2 MB stored; 1.4 s; peak memory 245 MiB.
2026-10-10T02:27:05Z INFO [212/1000] 5be9cfce-e287-4989-a2fd-b8f7398b20ad: 429 arrays, 6.9 MB stored; 3.1 s; peak memory 245 MiB.
2026-10-10T02:27:06Z INFO [213/1000] 5beb93aa-c565-4b37-bd80-150530e6a381: 48 arrays, 83.9 MB stored; 1.2 s; peak memory 245 MiB.
2026-10-10T02:27:07Z INFO [214/1000] 5bebd908-ae85-4aec-9734-3eb3bcb8ecb4: 117 arrays, 0.3 MB stored; 1.4 s; peak memory 245 MiB.
2026-10-10T02:27:07Z INFO [215/1000] 5bebda48-dc62-4bbe-bd17-339283a76828: 48 arrays, 83.9 MB stored; 1.2 s; peak memory 245 MiB.
2026-10-10T02:27:08Z INFO [216/1000] 5becd6e4-67d4-4b06-83d6-7b6773f779f4: 39 arrays, 14.3 MB stored; 1.2 s; peak memory 245 MiB.
2026-10-10T02:27:09Z INFO [217/1000] 5bec5dd3-89ce-463a-afe6-d71816062f38: 115 arrays, 186.8 MB stored; 2.0 s; peak memory 245 MiB.
2026-10-10T02:27:09Z INFO [218/1000] 5bdd6946-d2e6-4b16-8aa1-faf75cba7196: 55 arrays, 1835.9 MB stored; 39.7 s; peak memory 245 MiB.
2026-10-10T02:27:09Z INFO [219/1000] 5becd945-65db-4d03-8003-a46ae53542b9: 56 arrays, 0.0 MB stored; 1.1 s; peak memory 245 MiB.
2026-10-10T02:27:10Z INFO [220/1000] 5bed7de1-5805-4f9e-920e-9e8684609b0e: 70 arrays, 0.2 MB stored; 1.4 s; peak memory 245 MiB.
2026-10-10T02:27:11Z INFO [221/1000] 5bedad5e-c5d4-41ce-919d-9294fbe36707: 112 arrays, 0.5 MB stored; 1.5 s; peak memory 245 MiB.
2026-10-10T02:27:11Z INFO [222/1000] 5bef24fd-eb12-478b-b00e-719252f4fd0d: 48 arrays, 83.9 MB stored; 1.1 s; peak memory 245 MiB.
2026-10-10T02:27:12Z INFO [223/1000] 5beffc99-4fd0-4c23-8b3c-b37d813f95ac: 66 arrays, 146.8 MB stored; 1.5 s; peak memory 245 MiB.
2026-10-10T02:27:13Z INFO [224/1000] 5bf01a36-144f-4b07-87c6-59809a398ffa: 49 arrays, 13.0 MB stored; 1.2 s; peak memory 245 MiB.
2026-10-10T02:27:14Z INFO [225/1000] 5bf0aaa5-7f41-4dd4-8c92-aed386ab41fc: 48 arrays, 83.9 MB stored; 1.1 s; peak memory 245 MiB.
2026-10-10T02:27:14Z INFO [226/1000] 5bf01aac-9ca0-4d16-8d06-5fd7dd89eab1: 74 arrays, 2.2 MB stored; 1.6 s; peak memory 245 MiB.
2026-10-10T02:27:16Z INFO [227/1000] 5bf0ae2b-9c10-4e00-aca8-0990fe946c2b: 112 arrays, 0.7 MB stored; 1.8 s; peak memory 245 MiB.
2026-10-10T02:27:16Z INFO [228/1000] 5bee7cda-ec7a-45eb-86a5-63d846003d51: 909 arrays, 31.7 MB stored; 6.2 s; peak memory 245 MiB.
2026-10-10T02:27:17Z INFO [229/1000] 5bf1e241-59b0-4b22-87b9-d33d130a3486: 275 arrays, 17.1 MB stored; 1.4 s; peak memory 245 MiB.
2026-10-10T02:27:17Z INFO [230/1000] 5bf1fdcf-154b-448e-808e-8c890566e9c0: 69 arrays, 95.8 MB stored; 1.8 s; peak memory 245 MiB.
2026-10-10T02:27:19Z INFO [231/1000] 5bf35bb4-de46-4c01-8a60-7cdaad0271a0: 66 arrays, 129.7 MB stored; 1.8 s; peak memory 245 MiB.
2026-10-10T02:27:20Z INFO [232/1000] 5bf43e20-5942-403f-a9dc-7af5024f98cf: 76 arrays, 14.0 MB stored; 1.5 s; peak memory 245 MiB.
2026-10-10T02:27:21Z INFO [233/1000] 5bf39d5e-1570-4428-9d5c-bab4855d4fa8: 399 arrays, 2.9 MB stored; 3.2 s; peak memory 245 MiB.
2026-10-10T02:27:21Z INFO [234/1000] 5bf0ceb7-5611-40be-92cc-829ba9ab631e: 336 arrays, 44.0 MB stored; 7.3 s; peak memory 245 MiB.
2026-10-10T02:27:22Z INFO [235/1000] 5bf4506c-e603-45b2-8817-5971ea9b9d9c: 118 arrays, 0.3 MB stored; 1.5 s; peak memory 245 MiB.
2026-10-10T02:27:22Z INFO [236/1000] 5bf4f761-5c32-4add-9a03-9fd30404e04c: 118 arrays, 0.5 MB stored; 1.4 s; peak memory 245 MiB.
2026-10-10T02:27:24Z INFO [237/1000] 5bf52933-8902-45d6-80c1-745a0d9ad95b: 38 arrays, 25.7 MB stored; 2.3 s; peak memory 245 MiB.
2026-10-10T02:27:25Z INFO [238/1000] 5bf5edfa-c1ed-4008-a9af-d9add2824c80: 48 arrays, 83.9 MB stored; 1.2 s; peak memory 245 MiB.
2026-10-10T02:27:31Z INFO [239/1000] 5bdcbaa8-823c-4d5a-9dfc-de9c534ef470: 55 arrays, 5808.7 MB stored; 66.4 s; peak memory 245 MiB.
2026-10-10T02:27:33Z INFO [240/1000] 5bf68d05-a50a-43a4-be28-eb3bec04a33f: 38 arrays, 0.4 MB stored; 1.1 s; peak memory 245 MiB.
2026-10-10T02:27:34Z INFO [241/1000] 5bf4517d-055a-431b-9cbb-95ebd9964312: 41 arrays, 553.7 MB stored; 13.1 s; peak memory 245 MiB.
2026-10-10T02:27:38Z INFO [242/1000] 5bf7cf35-9039-4c62-827e-4941bb5db966: 620 arrays, 6.8 MB stored; 4.7 s; peak memory 245 MiB.
2026-10-10T02:27:40Z INFO [243/1000] 5bf8206c-4eee-48f9-917e-b977fbac5457: 117 arrays, 0.3 MB stored; 1.4 s; peak memory 245 MiB.
2026-10-10T02:27:40Z INFO [244/1000] 5bf71774-2f30-4a6e-a476-0efad062d191: 749 arrays, 22.0 MB stored; 7.7 s; peak memory 245 MiB.
2026-10-10T02:27:42Z INFO [245/1000] 5bf8b76c-16a5-4c27-9f12-18425b7a736c: 156 arrays, 193.5 MB stored; 2.4 s; peak memory 245 MiB.
2026-10-10T02:27:48Z INFO [246/1000] 5bf919bb-46cf-4ce4-a5e5-1ce97174e1c5: 538 arrays, 8.4 MB stored; 5.8 s; peak memory 245 MiB.
2026-10-10T02:27:50Z INFO [247/1000] 5bf9fa30-af3b-4371-a051-728a30e597f8: 112 arrays, 0.6 MB stored; 1.7 s; peak memory 245 MiB.
2026-10-10T02:27:50Z INFO [248/1000] 5bf8c157-f340-458d-9885-431de60b8388: 809 arrays, 39.4 MB stored; 9.8 s; peak memory 245 MiB.
2026-10-10T02:27:51Z INFO [249/1000] 5bfc4fb0-4e56-49ec-9320-3fe85684dce3: 101 arrays, 18.4 MB stored; 1.7 s; peak memory 245 MiB.
2026-10-10T02:27:58Z INFO [250/1000] 5bfcb454-308c-4b2f-ac29-6c3830342f5f: 871 arrays, 18.6 MB stored; 6.6 s; peak memory 245 MiB.
2026-10-10T02:27:59Z INFO [251/1000] 5bfcc34c-8296-4d1f-8823-7d45f0e59260: 117 arrays, 0.4 MB stored; 1.3 s; peak memory 245 MiB.
2026-10-10T02:28:02Z INFO [252/1000] 5bfcc731-3970-4f09-b87b-baa6725ef327: 276 arrays, 678.2 MB stored; 3.1 s; peak memory 245 MiB.
2026-10-10T02:28:04Z INFO [253/1000] 5bfd14be-49f8-4d4f-9463-57f3b5b2e364: 66 arrays, 20.3 MB stored; 1.4 s; peak memory 245 MiB.
2026-10-10T02:28:05Z INFO [254/1000] 5bfd27a7-5195-4cfe-9a42-29f4ac723007: 63 arrays, 0.1 MB stored; 1.2 s; peak memory 245 MiB.
2026-10-10T02:28:06Z INFO [255/1000] 5bfd833e-ffc6-42ce-baa3-c0b30ff63e17: 70 arrays, 14.7 MB stored; 1.4 s; peak memory 245 MiB.
2026-10-10T02:28:12Z INFO [256/1000] 5bfc50e9-4960-48a4-97f6-0ff4202b0008: 48 arrays, 42949.6 MB stored; 21.4 s; peak memory 245 MiB.
2026-10-10T02:28:13Z INFO [257/1000] 5bfe31ea-10b4-4582-a3b6-a02c50503e7f: 48 arrays, 83.9 MB stored; 1.2 s; peak memory 245 MiB.
2026-10-10T02:28:36Z INFO [258/1000] 5bfeadfd-7858-44d5-9b0d-8324014f2536: 6928 arrays, 82.8 MB stored; 22.8 s; peak memory 245 MiB.
2026-10-10T02:28:38Z INFO [259/1000] 5b992d97-96c8-4758-a4dd-ee7dfd5cfd39: 264 arrays, 39384.7 MB stored; 210.0 s; peak memory 245 MiB.
2026-10-10T02:28:38Z INFO [260/1000] 5bfed360-88c0-42dc-8468-66bd7f4a2cf3: 114 arrays, 186.8 MB stored; 2.7 s; peak memory 245 MiB.
2026-10-10T02:28:40Z INFO [261/1000] 5bfdcade-b891-4d17-bc03-5ac4ca0c8fa3: 55 arrays, 1961.2 MB stored; 34.0 s; peak memory 245 MiB.
2026-10-10T02:28:42Z INFO [262/1000] 5c004070-8109-40f9-b9dd-04079207fe06: 208 arrays, 50.6 MB stored; 3.9 s; peak memory 245 MiB.
2026-10-10T02:28:43Z INFO [263/1000] 5c00ebe2-ea74-4654-b086-fd88148ef4b6: 117 arrays, 0.4 MB stored; 1.3 s; peak memory 245 MiB.
2026-10-10T02:28:45Z INFO [264/1000] 5c012172-0ab1-42c8-b25e-04806bafe9d1: 117 arrays, 0.5 MB stored; 1.3 s; peak memory 245 MiB.
2026-10-10T02:28:47Z INFO [265/1000] 5c008616-ffd9-4d22-bd8d-affe83abc7c8: 898 arrays, 24.7 MB stored; 6.4 s; peak memory 245 MiB.
2026-10-10T02:28:49Z INFO [266/1000] 5c001a5d-d456-4900-8c34-521da2e7325e: 1163 arrays, 33.4 MB stored; 11.3 s; peak memory 245 MiB.
2026-10-10T02:28:50Z INFO [267/1000] 5c017fe0-1bc9-4999-9593-22eb91567c31: 948 arrays, 24.2 MB stored; 5.3 s; peak memory 245 MiB.
2026-10-10T02:28:50Z INFO [268/1000] 5c01e742-0dd7-440c-89f4-f31e41ae5c82: 117 arrays, 0.4 MB stored; 1.4 s; peak memory 245 MiB.
2026-10-10T02:28:51Z INFO [269/1000] 5c01fb4c-2d2e-42b3-b921-74e5f771a7cb: 117 arrays, 0.3 MB stored; 1.2 s; peak memory 245 MiB.
2026-10-10T02:28:52Z INFO [270/1000] 5c02249f-d40f-4bb4-aba8-13cc27efb71b: 48 arrays, 83.9 MB stored; 1.2 s; peak memory 245 MiB.
2026-10-10T02:28:53Z INFO [271/1000] 5c025978-e8d6-4657-bc84-d66e2700f1d1: 289 arrays, 17.1 MB stored; 1.4 s; peak memory 245 MiB.
2026-10-10T02:28:53Z INFO [272/1000] 5c028aab-de24-4fb3-b264-89a6abcdf2bc: 107 arrays, 2.9 MB stored; 1.9 s; peak memory 245 MiB.
2026-10-10T02:28:54Z INFO [273/1000] 5c029ceb-4b5f-43a2-a2a6-b0509341536e: 48 arrays, 83.9 MB stored; 1.1 s; peak memory 245 MiB.
2026-10-10T02:28:55Z INFO [274/1000] 5c02bf24-bed9-4c8c-a85c-c1d94b0b7cf0: 51 arrays, 4729.3 MB stored; 1.4 s; peak memory 245 MiB.
2026-10-10T02:28:55Z INFO [275/1000] 5c03c0f3-6bac-415d-b6b8-5d86a2fb25ad: 59 arrays, 244.9 MB stored; 1.4 s; peak memory 245 MiB.
2026-10-10T02:28:56Z INFO [276/1000] 5c03cb9a-dd82-4cd3-b6ed-80e3351be15d: 54 arrays, 0.0 MB stored; 0.9 s; peak memory 245 MiB.
2026-10-10T02:29:03Z INFO [277/1000] 5c03e6a3-2ade-4d9e-91f9-1213977906de: 9087 arrays, 319.2 MB stored; 7.5 s; peak memory 245 MiB.
2026-10-10T02:29:04Z INFO [278/1000] 5c042b19-a249-4375-95dc-31363ce1e270: 52 arrays, 21.3 MB stored; 1.3 s; peak memory 245 MiB.
2026-10-10T02:29:04Z INFO [279/1000] 5c042729-69b2-4e67-885e-6e7c92944bbd: 409 arrays, 14353.2 MB stored; 8.7 s; peak memory 245 MiB.
2026-10-10T02:29:06Z INFO [280/1000] 5c04386f-21de-40ef-8c81-ac9e850e003b: 110 arrays, 0.5 MB stored; 1.6 s; peak memory 245 MiB.
2026-10-10T02:29:07Z INFO [281/1000] 5c059d92-151f-4486-a149-286fbe29199c: 66 arrays, 79.1 MB stored; 1.7 s; peak memory 245 MiB.
2026-10-10T02:29:09Z INFO [282/1000] 5c04f9f7-c077-4ec5-be11-93680484f7bd: 204 arrays, 88.8 MB stored; 4.0 s; peak memory 245 MiB.
2026-10-10T02:29:10Z INFO [283/1000] 5c05f406-b2b5-474f-bf6a-56e2773e0127: 69 arrays, 42.6 MB stored; 1.7 s; peak memory 245 MiB.
2026-10-10T02:29:10Z INFO [284/1000] 5c05b929-9507-499a-a744-e9868b6a7fa4: 156 arrays, 193.5 MB stored; 3.0 s; peak memory 245 MiB.
2026-10-10T02:29:12Z INFO [285/1000] 5c06d2ce-42a1-466b-88b1-5f7a84ffac7c: 50 arrays, 4.4 MB stored; 1.2 s; peak memory 245 MiB.
2026-10-10T02:29:12Z INFO [286/1000] 5c063f63-afca-4327-9bbc-311922d17f1e: 116 arrays, 0.3 MB stored; 1.4 s; peak memory 245 MiB.
2026-10-10T02:29:13Z INFO [287/1000] 5c093d4c-28c4-4218-8cf6-ae3bf71ecf46: 117 arrays, 0.3 MB stored; 1.2 s; peak memory 245 MiB.
2026-10-10T02:29:13Z INFO [288/1000] 5c0908d0-471f-48cf-ae4c-b293d18d6d98: 48 arrays, 83.9 MB stored; 1.2 s; peak memory 245 MiB.
2026-10-10T02:29:14Z INFO [289/1000] 5c0a00cd-febf-4c4f-af8b-c3bc12645821: 117 arrays, 0.3 MB stored; 1.3 s; peak memory 245 MiB.
2026-10-10T02:29:14Z INFO [290/1000] 5c0a2239-740e-4643-8da0-58a7d6530147: 59 arrays, 117.1 MB stored; 1.6 s; peak memory 245 MiB.
2026-10-10T02:29:15Z INFO [291/1000] 5c0a5cf9-9c43-4b46-8522-1f823e443843: 48 arrays, 83.9 MB stored; 1.2 s; peak memory 245 MiB.
2026-10-10T02:29:16Z INFO [292/1000] 5c0aaf2c-0dbe-4553-bff7-e48f873c7083: 48 arrays, 83.9 MB stored; 1.3 s; peak memory 245 MiB.
2026-10-10T02:29:17Z INFO [293/1000] 5c0bbea9-8618-41f4-ba4e-d8a61c4a0fdb: 48 arrays, 83.9 MB stored; 1.4 s; peak memory 245 MiB.
2026-10-10T02:29:17Z INFO [294/1000] 5c0c8a2f-7a13-434f-8101-50d1c3c0145b: 48 arrays, 83.9 MB stored; 1.2 s; peak memory 245 MiB.
2026-10-10T02:29:18Z INFO [295/1000] 5c0cfc15-693b-46f0-bfd9-a555d6a87f92: 56 arrays, 0.0 MB stored; 1.1 s; peak memory 245 MiB.
2026-10-10T02:29:18Z INFO [296/1000] 5c0d6614-67be-454d-bdff-54947c9f6a0d: 33 arrays, 0.0 MB stored; 1.1 s; peak memory 245 MiB.
2026-10-10T02:29:19Z INFO [297/1000] 5bf65967-e90b-41ca-b791-c30f8c639680: 190 arrays, 21118.9 MB stored; 113.6 s; peak memory 245 MiB.
2026-10-10T02:29:19Z INFO [298/1000] 5c0dfc7a-eb5b-4db9-bb8d-320b3e516491: 118 arrays, 0.5 MB stored; 1.3 s; peak memory 245 MiB.
2026-10-10T02:29:19Z INFO [299/1000] 5c0d88e9-a6e3-4991-9306-123ba39c0fca: 62 arrays, 4586.8 MB stored; 1.7 s; peak memory 245 MiB.
2026-10-10T02:29:20Z INFO [300/1000] 5c0e7ccf-b76b-4d0a-80c1-c51073927244: 116 arrays, 0.3 MB stored; 1.2 s; peak memory 245 MiB.
2026-10-10T02:29:21Z INFO [301/1000] 5c10b147-f51a-42ac-85e0-3bae64473ce2: 78 arrays, 0.2 MB stored; 1.5 s; peak memory 245 MiB.
2026-10-10T02:29:21Z INFO [302/1000] 5c0f95ba-a2ff-4a2e-a870-0ce82df758e2: 78 arrays, 313.5 MB stored; 1.9 s; peak memory 245 MiB.
2026-10-10T02:29:22Z INFO [303/1000] 5c10e5c3-a8d4-4fdc-8b69-0297d396a7b7: 54 arrays, 0.0 MB stored; 1.1 s; peak memory 245 MiB.
2026-10-10T02:29:23Z INFO [304/1000] 5c1116b3-39c2-4ec3-88af-d89d254c5d6d: 112 arrays, 0.5 MB stored; 1.4 s; peak memory 245 MiB.
2026-10-10T02:29:24Z INFO [305/1000] 5c111dd4-b200-4c95-bd11-f2319c2cc108: 109 arrays, 0.6 MB stored; 1.6 s; peak memory 245 MiB.
2026-10-10T02:29:25Z INFO [306/1000] 5c1159db-bba4-4e25-87f5-7ec9f4300ef8: 71 arrays, 35.8 MB stored; 1.6 s; peak memory 245 MiB.
2026-10-10T02:29:25Z INFO [307/1000] 5c10bc74-08f4-4cfe-a54b-7a4a27a5e66d: 193 arrays, 1122.0 MB stored; 5.4 s; peak memory 245 MiB.
2026-10-10T02:29:26Z INFO [308/1000] 5c118088-6470-4579-acf5-c1ccb4dca275: 48 arrays, 83.9 MB stored; 1.1 s; peak memory 245 MiB.
2026-10-10T02:29:27Z INFO [309/1000] 5c116a5a-1ea7-4532-968f-7eebb08c0c82: 117 arrays, 0.3 MB stored; 1.3 s; peak memory 245 MiB.
2026-10-10T02:29:28Z INFO [310/1000] 5c11cfcc-1870-4510-ab2d-23f9e3afd31a: 48 arrays, 83.9 MB stored; 1.3 s; peak memory 245 MiB.
2026-10-10T02:29:29Z INFO [311/1000] 5c129d77-0a20-420b-b3cf-9a0b17038e63: 71 arrays, 3.2 MB stored; 1.4 s; peak memory 245 MiB.
2026-10-10T02:29:29Z INFO [312/1000] 5c1123e4-f9bf-405b-a604-f05fb94b0cdd: 1166 arrays, 40.4 MB stored; 6.7 s; peak memory 245 MiB.
2026-10-10T02:29:31Z INFO [313/1000] 5c14a3bb-9c96-40fb-a683-e3b6e4949803: 48 arrays, 83.9 MB stored; 1.3 s; peak memory 245 MiB.
2026-10-10T02:29:32Z INFO [314/1000] 5c151a84-81c3-4ba6-be4b-df781053ee0b: 33 arrays, 0.0 MB stored; 0.9 s; peak memory 245 MiB.
2026-10-10T02:29:32Z INFO [315/1000] 5c134a14-157f-4349-a2ae-f46d105ca9a7: 115 arrays, 186.8 MB stored; 2.5 s; peak memory 245 MiB.
2026-10-10T02:29:33Z INFO [316/1000] 5c15377c-bd05-47c6-95dc-319beb3be58a: 114 arrays, 0.4 MB stored; 1.2 s; peak memory 245 MiB.
2026-10-10T02:29:33Z INFO [317/1000] 5c155a1d-0769-447e-aedd-ef3b7455f78f: 45 arrays, 620.3 MB stored; 1.6 s; peak memory 245 MiB.
2026-10-10T02:29:34Z INFO [318/1000] 5c158b5a-0777-4292-9627-065c47303670: 117 arrays, 0.3 MB stored; 1.4 s; peak memory 245 MiB.
2026-10-10T02:29:35Z INFO [319/1000] 5c163254-85be-4233-bfe0-ec5147526919: 118 arrays, 0.3 MB stored; 1.2 s; peak memory 245 MiB.
2026-10-10T02:29:35Z INFO [320/1000] 5c16e65f-478c-4acd-acc5-2685c98e2111: 116 arrays, 0.4 MB stored; 1.3 s; peak memory 245 MiB.
2026-10-10T02:29:36Z INFO [321/1000] 5c175e18-87f6-4bcc-a6bb-c2e2ce8282d1: 72 arrays, 1.5 MB stored; 1.4 s; peak memory 245 MiB.
2026-10-10T02:29:36Z INFO [322/1000] 5c17b597-4cbf-4c98-8fe5-7d60cf308ab5: 56 arrays, 0.0 MB stored; 1.0 s; peak memory 245 MiB.
2026-10-10T02:29:37Z INFO [323/1000] 5c181a7b-d25d-4b46-93de-d060c57a827d: 117 arrays, 0.2 MB stored; 1.3 s; peak memory 245 MiB.
2026-10-10T02:29:38Z INFO [324/1000] 5c182463-d3b4-4893-9a3c-b3064247b66a: 48 arrays, 83.9 MB stored; 1.2 s; peak memory 245 MiB.
2026-10-10T02:29:39Z INFO [325/1000] 5c185ae2-89ed-4473-a0ff-9a0039802490: 48 arrays, 83.9 MB stored; 1.2 s; peak memory 245 MiB.
2026-10-10T02:29:40Z INFO [326/1000] 5c19211a-5d12-4941-8b6b-baf57ac85142: 77 arrays, 0.2 MB stored; 1.4 s; peak memory 245 MiB.
2026-10-10T02:29:42Z INFO [327/1000] 5c190841-d0b7-492b-8315-e96f2681b694: 538 arrays, 8.7 MB stored; 4.3 s; peak memory 245 MiB.
2026-10-10T02:29:43Z INFO [328/1000] 5bb609a5-8239-4cac-b20e-032d73ba412c: 436 arrays, 46434.1 MB stored; 247.5 s; peak memory 245 MiB.
2026-10-10T02:29:43Z INFO [329/1000] 5c195b60-8a02-4437-9284-8b438763183e: 117 arrays, 0.3 MB stored; 1.4 s; peak memory 245 MiB.
2026-10-10T02:29:44Z INFO [330/1000] 5c192dec-f65b-4ea3-84ad-0508b7274c5c: 110 arrays, 4667.7 MB stored; 3.5 s; peak memory 245 MiB.
2026-10-10T02:29:44Z INFO [331/1000] 5c19628d-e4a8-4c68-a905-76438c02c934: 48 arrays, 83.9 MB stored; 1.5 s; peak memory 245 MiB.
2026-10-10T02:29:44Z INFO [332/1000] 5c199a12-9e8e-46d6-90c5-5192190657e0: 38 arrays, 0.5 MB stored; 1.1 s; peak memory 245 MiB.
2026-10-10T02:29:45Z INFO [333/1000] 5c19f912-18b9-4be2-bc3c-1b76fa91c301: 112 arrays, 0.5 MB stored; 1.4 s; peak memory 245 MiB.
2026-10-10T02:29:46Z INFO [334/1000] 5c1a1f2e-7aba-4811-8ecc-cd2363f608ab: 67 arrays, 27.5 MB stored; 1.5 s; peak memory 245 MiB.
2026-10-10T02:29:47Z INFO [335/1000] 5c1ab9c5-009a-45fe-b3f8-7bf317aedcea: 48 arrays, 83.9 MB stored; 1.1 s; peak memory 245 MiB.
2026-10-10T02:29:48Z INFO [336/1000] 5c1b1ff5-077a-4bdf-99b8-5dbfd5b63c4f: 47 arrays, 0.5 MB stored; 1.0 s; peak memory 245 MiB.
2026-10-10T02:29:49Z INFO [337/1000] 5c1a3f0e-24b5-4c42-91e4-95854d81e2c3: 238 arrays, 77.5 MB stored; 4.0 s; peak memory 245 MiB.
2026-10-10T02:29:49Z INFO [338/1000] 5c1b233a-a5cf-424e-b083-9c72a4531259: 41 arrays, 8.4 MB stored; 1.2 s; peak memory 245 MiB.
2026-10-10T02:29:50Z INFO [339/1000] 5c1a0ed7-75cb-4110-abf1-68f75f431f1a: 200 arrays, 261.7 MB stored; 5.2 s; peak memory 245 MiB.
2026-10-10T02:29:50Z INFO [340/1000] 5c1c443a-508e-4f79-939d-839f45ed4273: 48 arrays, 83.9 MB stored; 1.2 s; peak memory 245 MiB.
2026-10-10T02:29:51Z INFO [341/1000] 5c1cbeb5-bb15-4e8f-966f-bb2127e49abe: 48 arrays, 83.9 MB stored; 1.3 s; peak memory 245 MiB.
2026-10-10T02:29:51Z INFO [342/1000] 5c1d30a6-90ba-45de-803c-23000c3d4810: 117 arrays, 0.4 MB stored; 1.4 s; peak memory 245 MiB.
2026-10-10T02:29:53Z INFO [343/1000] 5c1dd312-cdeb-496a-a52e-deb6222ded09: 102 arrays, 16.7 MB stored; 1.6 s; peak memory 245 MiB.
2026-10-10T02:29:55Z INFO [344/1000] 5c1ea790-a86c-42e7-8297-85f1af904015: 75 arrays, 3.0 MB stored; 1.8 s; peak memory 245 MiB.
2026-10-10T02:29:55Z INFO [345/1000] 5c1d508b-ce63-4cad-9daa-c02e0b018a0c: 669 arrays, 9.7 MB stored; 4.4 s; peak memory 245 MiB.
2026-10-10T02:29:56Z INFO [346/1000] 5c1ebb53-38ca-4978-ab37-bec25a8d7f9d: 43 arrays, 1424.3 MB stored; 1.3 s; peak memory 245 MiB.
2026-10-10T02:29:57Z INFO [347/1000] 5c1ec1e5-3f24-4f81-bf7a-fb0c23b486f1: 112 arrays, 0.6 MB stored; 1.6 s; peak memory 245 MiB.
2026-10-10T02:29:58Z INFO [348/1000] 5c1f3d3f-0a63-4400-b129-321e6ae8a1b5: 123 arrays, 5.9 MB stored; 2.2 s; peak memory 245 MiB.
2026-10-10T02:29:59Z INFO [349/1000] 5c1d2434-5fd2-47f3-a8b6-ce79934aaead: 1071 arrays, 43.4 MB stored; 9.8 s; peak memory 245 MiB.
2026-10-10T02:30:01Z INFO [350/1000] 5c21cc57-c4c2-420a-b7d7-b2db740cce63: 66 arrays, 117.7 MB stored; 1.8 s; peak memory 245 MiB.
2026-10-10T02:30:04Z INFO [351/1000] 5c20a901-950c-41a7-a11c-6faa376f847a: 543 arrays, 20.6 MB stored; 5.4 s; peak memory 245 MiB.
2026-10-10T02:30:05Z INFO [352/1000] 5c22cc3f-a5ee-482e-9472-e046c79b66b2: 41 arrays, 14.4 MB stored; 1.1 s; peak memory 245 MiB.
2026-10-10T02:30:05Z INFO [353/1000] 5c1f4c2a-f21e-437e-9633-579aa43c43b0: 543 arrays, 123.5 MB stored; 8.3 s; peak memory 245 MiB.
2026-10-10T02:30:06Z INFO [354/1000] 5c240fb6-2c14-489c-abf7-a11bbc0c89f1: 56 arrays, 0.0 MB stored; 1.1 s; peak memory 245 MiB.
2026-10-10T02:30:06Z INFO [355/1000] 5c241404-381f-41bb-87a0-75a18546a47e: 116 arrays, 0.4 MB stored; 1.5 s; peak memory 245 MiB.
2026-10-10T02:30:08Z INFO [356/1000] 5c257e00-d662-4223-8d82-43846cc18931: 116 arrays, 0.3 MB stored; 1.3 s; peak memory 245 MiB.
2026-10-10T02:30:08Z INFO [357/1000] 5c225b07-f066-4d3d-a0f0-90a735d8cd49: 888 arrays, 13.6 MB stored; 7.3 s; peak memory 245 MiB.
2026-10-10T02:30:09Z INFO [358/1000] 5c25a6ca-4b47-4492-b2e2-2dd829d9fbca: 48 arrays, 83.9 MB stored; 1.1 s; peak memory 245 MiB.
2026-10-10T02:30:10Z INFO [359/1000] 5c2656fb-69bc-4089-9369-cd05d86cc51e: 112 arrays, 0.8 MB stored; 1.6 s; peak memory 245 MiB.
2026-10-10T02:30:11Z INFO [360/1000] 5c26a8ee-af78-4ad0-9f85-fc90314c54ba: 71 arrays, 130.0 MB stored; 2.0 s; peak memory 245 MiB.
2026-10-10T02:30:11Z INFO [361/1000] 5c273177-d678-4c8c-a86f-a3f2c54b3550: 39 arrays, 786.4 MB stored; 1.0 s; peak memory 245 MiB.
2026-10-10T02:30:13Z INFO [362/1000] 5c277868-9950-4c26-b83c-de339ea1765e: 66 arrays, 109.5 MB stored; 1.5 s; peak memory 245 MiB.
2026-10-10T02:30:18Z INFO [363/1000] 5c280da9-1d44-420a-bfc6-a2b19f5be733: 38 arrays, 167.1 MB stored; 5.8 s; peak memory 245 MiB.
2026-10-10T02:30:21Z INFO [364/1000] 5c281c43-22d6-4c32-af89-ab92aca860f1: 156 arrays, 193.4 MB stored; 2.2 s; peak memory 245 MiB.
2026-10-10T02:30:23Z INFO [365/1000] 5c2881c0-0d6f-4c85-812c-03b3f4fc1ae3: 90 arrays, 157.1 MB stored; 2.4 s; peak memory 245 MiB.
2026-10-10T02:30:24Z INFO [366/1000] 5c29d017-474f-4341-bfb6-a56152a22051: 52 arrays, 17.2 MB stored; 1.3 s; peak memory 245 MiB.
2026-10-10T02:30:30Z INFO [367/1000] 5c2a04f9-eefa-49bc-8c5b-2cb525e76ce7: 1022 arrays, 13.2 MB stored; 5.3 s; peak memory 245 MiB.
2026-10-10T02:30:32Z INFO [368/1000] 5c2aa558-d67a-408d-bea6-c054983b6cd3: 48 arrays, 35.0 MB stored; 2.7 s; peak memory 245 MiB.
2026-10-10T02:30:34Z INFO [369/1000] 5c2ae489-3495-4283-b305-75ac703752bf: 68 arrays, 0.4 MB stored; 1.3 s; peak memory 245 MiB.
2026-10-10T02:30:34Z INFO [370/1000] 5c0191ba-caf7-41ac-b9a6-2c4b86894220: 246 arrays, 20787.4 MB stored; 107.4 s; peak memory 245 MiB.
2026-10-10T02:30:35Z INFO [371/1000] 5c2b7f07-2ae8-44a1-882f-9824c09f8c94: 48 arrays, 83.9 MB stored; 1.1 s; peak memory 245 MiB.
2026-10-10T02:30:36Z INFO [372/1000] 5c2bbae1-8726-454b-9fcb-1ff2415ccb29: 117 arrays, 0.4 MB stored; 1.6 s; peak memory 245 MiB.
2026-10-10T02:30:36Z INFO [373/1000] 5c2be1df-c934-436f-b7e1-fae87361a943: 289 arrays, 17.1 MB stored; 1.6 s; peak memory 245 MiB.
2026-10-10T02:30:38Z INFO [374/1000] 5c2d1ba4-10cf-498b-9145-2bb6357874cb: 115 arrays, 0.3 MB stored; 1.5 s; peak memory 245 MiB.
2026-10-10T02:30:39Z INFO [375/1000] 5c2e67ea-d72b-41f5-bedd-c28d71b1f4c5: 48 arrays, 83.9 MB stored; 1.1 s; peak memory 245 MiB.
2026-10-10T02:30:40Z INFO [376/1000] 5c2eae49-850d-4fde-9627-5ab23d77ca81: 118 arrays, 0.3 MB stored; 1.2 s; peak memory 245 MiB.
2026-10-10T02:30:42Z INFO [377/1000] 5c2eec5b-5a7c-44bc-85fe-b6c9fe6d49fd: 117 arrays, 0.5 MB stored; 1.3 s; peak memory 245 MiB.
2026-10-10T02:30:43Z INFO [378/1000] 5c2c4c54-d57f-453d-81fb-377e37f43b21: 805 arrays, 14.9 MB stored; 7.0 s; peak memory 245 MiB.
2026-10-10T02:30:44Z INFO [379/1000] 5c313e7d-60b5-4fa7-a114-495409df5850: 48 arrays, 83.9 MB stored; 1.3 s; peak memory 245 MiB.
2026-10-10T02:30:44Z INFO [380/1000] 5c311274-b39e-4a4d-98c1-94872b228998: 91 arrays, 344.0 MB stored; 2.8 s; peak memory 245 MiB.
2026-10-10T02:30:45Z INFO [381/1000] 5c314796-05c8-4f9e-98fb-0f86f50ba0ea: 46 arrays, 12.6 MB stored; 1.4 s; peak memory 245 MiB.
2026-10-10T02:30:45Z INFO [382/1000] 5c3197d6-851d-4339-8183-fa750903e9a9: 48 arrays, 83.9 MB stored; 1.1 s; peak memory 245 MiB.
2026-10-10T02:30:46Z INFO [383/1000] 5c31c71d-bb35-4960-a55f-305081f412c1: 31 arrays, 0.0 MB stored; 1.1 s; peak memory 245 MiB.
2026-10-10T02:30:47Z INFO [384/1000] 5c31d586-495b-449f-8c5c-803e0649976a: 109 arrays, 0.8 MB stored; 1.5 s; peak memory 245 MiB.
2026-10-10T02:30:48Z INFO [385/1000] 5c31ed03-2622-4c22-a8bc-3f2910ec51fc: 115 arrays, 190.1 MB stored; 2.0 s; peak memory 245 MiB.
2026-10-10T02:30:50Z INFO [386/1000] 5c325b4c-1303-46e6-a2d9-89cded49ff66: 117 arrays, 0.4 MB stored; 1.3 s; peak memory 245 MiB.
2026-10-10T02:30:50Z INFO [387/1000] 5c324f8d-e0d1-4d85-8e22-90b10796acc6: 189 arrays, 1375.7 MB stored; 3.4 s; peak memory 245 MiB.
2026-10-10T02:30:51Z INFO [388/1000] 5c325c4e-463d-4552-a064-b622cfe39ba0: 48 arrays, 83.9 MB stored; 1.1 s; peak memory 245 MiB.
2026-10-10T02:30:52Z INFO [389/1000] 5c335901-6fe7-4ba5-9134-3a179c4df45c: 119 arrays, 66.5 MB stored; 1.9 s; peak memory 245 MiB.
2026-10-10T02:30:53Z INFO [390/1000] 5c33e3e2-4233-4e9d-b8db-c3e4ebe95668: 48 arrays, 83.9 MB stored; 1.1 s; peak memory 245 MiB.
2026-10-10T02:30:55Z INFO [391/1000] 5c33efbc-c676-408b-9e88-7635b8c16b13: 112 arrays, 0.4 MB stored; 1.4 s; peak memory 245 MiB.
2026-10-10T02:30:55Z INFO [392/1000] 5c33b24b-f7ae-42c8-ae7b-b271add7b976: 252 arrays, 31.7 MB stored; 4.6 s; peak memory 245 MiB.
2026-10-10T02:30:56Z INFO [393/1000] 5c340e00-79db-4f02-8cdb-f144c3addd93: 152 arrays, 1.2 MB stored; 1.7 s; peak memory 245 MiB.
2026-10-10T02:30:57Z INFO [394/1000] 5c3453db-b52b-46ae-b123-5e6fcb688ca4: 48 arrays, 83.9 MB stored; 1.3 s; peak memory 245 MiB.
2026-10-10T02:30:58Z INFO [395/1000] 5c352535-25b8-4652-9b4e-0db9735e2b6c: 52 arrays, 2930.6 MB stored; 1.3 s; peak memory 245 MiB.
2026-10-10T02:30:58Z INFO [396/1000] 5c35e708-b494-4fe1-9c46-ce617a21c72f: 45 arrays, 0.0 MB stored; 1.1 s; peak memory 245 MiB.
2026-10-10T02:30:59Z INFO [397/1000] 5c36b37f-8182-4a38-bf4f-db9e43de884e: 48 arrays, 83.9 MB stored; 1.2 s; peak memory 245 MiB.
2026-10-10T02:31:00Z INFO [398/1000] 5c36ee23-0487-45d8-9583-61978827f50f: 70 arrays, 36.4 MB stored; 1.5 s; peak memory 245 MiB.
2026-10-10T02:31:07Z INFO [399/1000] 5c36c54b-afd5-48d2-a796-071a0b330852: 196 arrays, 6287.8 MB stored; 9.1 s; peak memory 245 MiB.
2026-10-10T02:31:08Z INFO [400/1000] 5c37dcd3-425f-4eac-b300-facadf31634b: 69 arrays, 1.9 MB stored; 1.3 s; peak memory 245 MiB.
2026-10-10T02:31:09Z INFO [400/1000] 5c37dcd3-425f-4eac-b300-facadf31634b: checkpointed 400 new records.
2026-10-10T02:31:10Z INFO [401/1000] 5c386315-453d-4c37-ba35-b0ae31b83974: 112 arrays, 0.6 MB stored; 1.6 s; peak memory 335 MiB.
2026-10-10T02:31:11Z INFO [402/1000] 5c393e26-9978-4c8d-88a2-858fd04962e8: 116 arrays, 0.5 MB stored; 1.4 s; peak memory 335 MiB.
2026-10-10T02:31:12Z INFO [403/1000] 5c39f2f1-465f-4e55-bcd5-65494884f40d: 116 arrays, 0.4 MB stored; 1.3 s; peak memory 335 MiB.
2026-10-10T02:31:13Z INFO [404/1000] 5c11987a-0c41-4a62-b086-4ee2b966597e: 62 arrays, 15005.2 MB stored; 106.8 s; peak memory 335 MiB.
2026-10-10T02:31:15Z INFO [405/1000] 5c3af65c-75ab-4744-a68d-5c31dff1aeee: 112 arrays, 0.2 MB stored; 1.3 s; peak memory 335 MiB.
2026-10-10T02:31:16Z INFO [406/1000] 5c3bc990-b195-4c8d-9849-b3aa6523bc48: 112 arrays, 0.1 MB stored; 1.1 s; peak memory 335 MiB.
2026-10-10T02:31:23Z INFO [407/1000] 5c3c0830-dd18-443f-bec9-1db5039ac0cd: 711 arrays, 21.0 MB stored; 7.0 s; peak memory 335 MiB.
2026-10-10T02:31:24Z INFO [408/1000] 5c3c0efe-c14b-4ae4-a2c8-47630301f903: 46 arrays, 0.1 MB stored; 1.0 s; peak memory 335 MiB.
2026-10-10T02:31:24Z INFO [409/1000] 5c3a7c8c-3ef7-4150-ba5f-2fe379be48e6: 44 arrays, 10587.7 MB stored; 11.6 s; peak memory 335 MiB.
2026-10-10T02:31:25Z INFO [410/1000] 5c3c2d37-de42-44a6-abfa-0d3e0d5654e8: 48 arrays, 83.9 MB stored; 1.2 s; peak memory 335 MiB.
2026-10-10T02:31:25Z INFO [411/1000] 5c3c1941-40f9-4a0e-891f-0d09e0f02235: 46 arrays, 3128.2 MB stored; 1.5 s; peak memory 335 MiB.
2026-10-10T02:31:27Z INFO [412/1000] 5c3c6042-8180-4756-a171-06ccbac1c407: 116 arrays, 0.2 MB stored; 1.4 s; peak memory 335 MiB.
2026-10-10T02:31:27Z INFO [413/1000] 5c3cace8-7673-4719-a013-865d3c8d8b7a: 49 arrays, 130.9 MB stored; 1.6 s; peak memory 335 MiB.
2026-10-10T02:31:28Z INFO [414/1000] 5c3caf18-85c4-4b3b-925f-9bf1b113e2cd: 59 arrays, 0.1 MB stored; 1.0 s; peak memory 335 MiB.
2026-10-10T02:31:28Z INFO [415/1000] 5c3cd797-70cb-4d52-ba63-b35951ce3d1d: 132 arrays, 1.2 MB stored; 1.2 s; peak memory 335 MiB.
2026-10-10T02:31:29Z INFO [416/1000] 5c3d2b87-0b7a-43d2-b703-d60b1f990374: 118 arrays, 0.4 MB stored; 1.4 s; peak memory 335 MiB.
2026-10-10T02:31:30Z INFO [417/1000] 5c3d895a-59ec-4cfc-a3e4-f3dcc84377d6: 98 arrays, 134.2 MB stored; 1.9 s; peak memory 335 MiB.
2026-10-10T02:31:32Z INFO [418/1000] 5c3da2f3-1c1a-4f20-a7ff-cfdeb0b6acc3: 38 arrays, 5377.8 MB stored; 3.4 s; peak memory 335 MiB.
2026-10-10T02:31:34Z INFO [419/1000] 5c3dceb5-7430-42fe-abda-ac0170631f14: 112 arrays, 0.5 MB stored; 1.2 s; peak memory 335 MiB.
2026-10-10T02:31:36Z INFO [420/1000] 5c3e9ab7-82eb-405c-8e7c-04ae2c2b71e5: 115 arrays, 190.1 MB stored; 2.1 s; peak memory 335 MiB.
2026-10-10T02:31:37Z INFO [421/1000] 5c3f0048-3ee3-4c6b-a055-ed0b3d6d548a: 49 arrays, 99.5 MB stored; 1.4 s; peak memory 335 MiB.
2026-10-10T02:31:38Z INFO [422/1000] 5c3f3d6e-2cb5-41bb-99d8-dff31ae15ca8: 56 arrays, 0.0 MB stored; 1.0 s; peak memory 335 MiB.
2026-10-10T02:31:40Z INFO [423/1000] 5c3f8044-8838-4650-915a-5ac88d637ea4: 112 arrays, 0.6 MB stored; 1.4 s; peak memory 335 MiB.
2026-10-10T02:31:41Z INFO [424/1000] 5c3fe1fa-43e1-4bb9-aed8-668b67a616fd: 116 arrays, 0.4 MB stored; 1.4 s; peak memory 335 MiB.
2026-10-10T02:31:45Z INFO [425/1000] 5c3fe5eb-aceb-4a9a-8b63-94a47f2e0b51: 440 arrays, 6.6 MB stored; 4.2 s; peak memory 335 MiB.
2026-10-10T02:31:46Z INFO [426/1000] 5c402e3b-24cc-47a9-9ff1-c1af2c4389ab: 48 arrays, 83.9 MB stored; 1.2 s; peak memory 335 MiB.
2026-10-10T02:31:48Z INFO [427/1000] 5c40596d-ddf6-4efe-8707-6757455004ff: 71 arrays, 141.2 MB stored; 1.6 s; peak memory 335 MiB.
2026-10-10T02:31:49Z INFO [428/1000] 5c407c0a-4651-4078-bf03-b456f61508d1: 37 arrays, 0.0 MB stored; 1.0 s; peak memory 335 MiB.
2026-10-10T02:31:51Z INFO [429/1000] 5c4204d2-6d74-45c6-8df2-5802ab5c9c16: 71 arrays, 66.1 MB stored; 1.9 s; peak memory 335 MiB.
2026-10-10T02:31:51Z INFO [430/1000] 5c3dc2d1-bda7-4226-a558-6ba382cb9868: 48 arrays, 40501.9 MB stored; 21.3 s; peak memory 335 MiB.
2026-10-10T02:31:52Z INFO [431/1000] 5c42052b-2dbf-493e-b722-e2d77fc9c53b: 48 arrays, 83.9 MB stored; 1.1 s; peak memory 335 MiB.
2026-10-10T02:31:52Z INFO [432/1000] 5c42d40c-5059-4ed1-99dc-6c3393b88692: 69 arrays, 0.2 MB stored; 1.1 s; peak memory 335 MiB.
2026-10-10T02:31:54Z INFO [433/1000] 5c430f05-ee79-4f32-8e36-5a8a3d64b6c3: 38 arrays, 0.5 MB stored; 1.1 s; peak memory 335 MiB.
2026-10-10T02:31:55Z INFO [434/1000] 5c433163-0275-4a4c-aadd-eacf1739006e: 66 arrays, 120.2 MB stored; 1.7 s; peak memory 335 MiB.
2026-10-10T02:31:56Z INFO [435/1000] 5c438519-6332-4fa7-8f30-a6f7001c5725: 46 arrays, 1.4 MB stored; 1.2 s; peak memory 335 MiB.
2026-10-10T02:32:00Z INFO [436/1000] 5c273f54-fa1e-401e-9b7a-30b531b388d2: 410 arrays, 19794.5 MB stored; 109.7 s; peak memory 335 MiB.
2026-10-10T02:32:03Z INFO [437/1000] 5c441c4d-625f-42b4-ad09-2bfd65e4db61: 810 arrays, 31.1 MB stored; 7.0 s; peak memory 335 MiB.
2026-10-10T02:32:07Z INFO [438/1000] 5c4447ef-5e07-48e9-b3f4-dd1f071839ce: 101 arrays, 17941.6 MB stored; 3.2 s; peak memory 335 MiB.
2026-10-10T02:32:08Z INFO [439/1000] 5c4450e1-2777-4d01-8a33-175610d79c6e: 46 arrays, 0.0 MB stored; 0.9 s; peak memory 335 MiB.
2026-10-10T02:32:09Z INFO [440/1000] 5c445902-6065-41ba-9f72-480b62dae72f: 37 arrays, 0.0 MB stored; 1.0 s; peak memory 335 MiB.
2026-10-10T02:32:10Z INFO [441/1000] 5c4468cc-8c71-4a29-8949-dc56b29f4b0a: 62 arrays, 4120.2 MB stored; 1.8 s; peak memory 335 MiB.
2026-10-10T02:32:12Z INFO [442/1000] 5c446c8d-3c59-434b-98f6-e2e1d90c1283: 51 arrays, 4925.4 MB stored; 1.5 s; peak memory 335 MiB.
2026-10-10T02:32:12Z INFO [443/1000] 5bdcf470-8602-4dcc-9faf-3c632c1d1d02: 173 arrays, 382477.0 MB stored; 345.7 s; peak memory 335 MiB.
2026-10-10T02:32:13Z INFO [444/1000] 5c4495b2-58d8-412b-8581-5a35ae08a339: 36 arrays, 5.2 MB stored; 1.2 s; peak memory 335 MiB.
2026-10-10T02:32:13Z INFO [445/1000] 5c450628-3bd6-4bab-b89c-cf546c1daaa8: 52 arrays, 0.0 MB stored; 1.1 s; peak memory 335 MiB.
2026-10-10T02:32:15Z INFO [446/1000] 5c45426a-ec8e-4db7-bdf4-43bb3c5fcd74: 112 arrays, 1.0 MB stored; 1.6 s; peak memory 335 MiB.
2026-10-10T02:32:22Z INFO [447/1000] 5c444180-7eef-41db-8280-b0cd1776d7ca: 48 arrays, 40856.7 MB stored; 21.7 s; peak memory 335 MiB.
2026-10-10T02:32:24Z INFO [448/1000] 5c46abf2-79b3-4784-9c41-c1a93df5745a: 136 arrays, 3.8 MB stored; 2.0 s; peak memory 335 MiB.
2026-10-10T02:32:26Z INFO [449/1000] 5c457105-c246-468f-8300-ea1437024c10: 38 arrays, 702.1 MB stored; 12.9 s; peak memory 335 MiB.
2026-10-10T02:32:26Z INFO [450/1000] 5c472f92-203e-4c23-804e-6af895472bce: 65 arrays, 737.3 MB stored; 2.2 s; peak memory 335 MiB.
2026-10-10T02:32:28Z INFO [451/1000] 5c47b081-f2ff-4f4f-95e3-1532412b021c: 110 arrays, 0.2 MB stored; 1.2 s; peak memory 335 MiB.
2026-10-10T02:32:28Z INFO [452/1000] 5c473bc9-579d-41fa-b4cc-282f8fd68a23: 112 arrays, 0.6 MB stored; 1.6 s; peak memory 335 MiB.
2026-10-10T02:32:29Z INFO [453/1000] 5c493c49-83b8-47b2-88c4-b31c2ecef790: 48 arrays, 83.9 MB stored; 1.1 s; peak memory 335 MiB.
2026-10-10T02:32:29Z INFO [454/1000] 5c47e1f5-e8ba-4692-90d9-1c06f1e8bc0e: 112 arrays, 0.3 MB stored; 1.6 s; peak memory 335 MiB.
2026-10-10T02:32:30Z INFO [455/1000] 5c49d38f-67d2-458d-8b53-cf1c70ce7029: 118 arrays, 0.4 MB stored; 1.3 s; peak memory 335 MiB.
2026-10-10T02:32:30Z INFO [456/1000] 5c4a8567-fe08-43d3-b180-60426b0bbf2d: 48 arrays, 83.9 MB stored; 1.1 s; peak memory 335 MiB.
2026-10-10T02:32:32Z INFO [457/1000] 5c4a9c5b-08c9-4a80-9c50-004234c3db93: 33 arrays, 503.7 MB stored; 1.3 s; peak memory 335 MiB.
2026-10-10T02:32:32Z INFO [458/1000] 5c4aabd8-8c18-4e99-82e9-c217818918bf: 66 arrays, 25.7 MB stored; 1.3 s; peak memory 335 MiB.
2026-10-10T02:32:33Z INFO [459/1000] 5c4b0078-4d38-4b08-a71a-e0cb975c9250: 48 arrays, 83.9 MB stored; 1.2 s; peak memory 335 MiB.
2026-10-10T02:32:33Z INFO [460/1000] 5c4aabe8-a89d-4980-b304-e87519ca39df: 110 arrays, 0.6 MB stored; 1.6 s; peak memory 335 MiB.
2026-10-10T02:32:34Z INFO [461/1000] 5c4b4dcf-fc08-4a6e-b506-e60bacc5bd52: 52 arrays, 0.0 MB stored; 1.0 s; peak memory 335 MiB.
2026-10-10T02:32:35Z INFO [462/1000] 5c4b88ff-2d50-4d34-a621-219343319ad5: 71 arrays, 4.0 MB stored; 1.5 s; peak memory 335 MiB.
2026-10-10T02:32:35Z INFO [463/1000] 5c4ba773-7f45-4216-a917-4b1f2a1bdd99: 117 arrays, 0.3 MB stored; 1.4 s; peak memory 335 MiB.
2026-10-10T02:32:36Z INFO [464/1000] 5c4bcd1e-590f-4b14-bbd2-5cc3000fd002: 79 arrays, 0.2 MB stored; 1.4 s; peak memory 335 MiB.
2026-10-10T02:32:36Z INFO [465/1000] 5c4c0b89-1865-4180-9b18-9f9cb7958184: 48 arrays, 83.9 MB stored; 1.0 s; peak memory 335 MiB.
2026-10-10T02:32:37Z INFO [466/1000] 5c4d082e-49cd-4f24-ac7b-736939109b1f: 48 arrays, 83.9 MB stored; 1.1 s; peak memory 335 MiB.
2026-10-10T02:32:38Z INFO [467/1000] 5c4d6d5c-d744-454f-9221-2d8b10d3c7cd: 112 arrays, 0.9 MB stored; 1.7 s; peak memory 335 MiB.
2026-10-10T02:32:40Z INFO [468/1000] 5c4e2cbe-e80e-49b1-be7c-3d1dd7ab3653: 71 arrays, 181.6 MB stored; 2.0 s; peak memory 335 MiB.
2026-10-10T02:32:42Z INFO [469/1000] 5c4e73ba-93f2-4005-b7ac-0d0ee9069bb0: 116 arrays, 187.1 MB stored; 2.4 s; peak memory 335 MiB.
2026-10-10T02:32:43Z INFO [470/1000] 5c4d9960-6e6a-4139-baeb-ceb7b4c15d99: 56 arrays, 39.8 MB stored; 6.2 s; peak memory 335 MiB.
2026-10-10T02:32:43Z INFO [471/1000] 5c4f5151-7268-430b-b2cd-d0a493340485: 48 arrays, 83.9 MB stored; 1.1 s; peak memory 335 MiB.
2026-10-10T02:32:53Z INFO [472/1000] 5c50fc1b-1745-4ac7-9cf2-902b6bf1e240: 739 arrays, 33.4 MB stored; 9.3 s; peak memory 335 MiB.
2026-10-10T02:32:56Z INFO [473/1000] 5c5092f3-0bad-4b40-a752-3d3fbfc551dd: 38 arrays, 668.7 MB stored; 12.8 s; peak memory 335 MiB.
2026-10-10T02:32:57Z INFO [474/1000] 5c522aec-5bc5-4efa-b2c2-21d93eaa485e: 48 arrays, 83.9 MB stored; 1.1 s; peak memory 335 MiB.
2026-10-10T02:32:59Z INFO [475/1000] 5c52c380-9398-443a-824c-b2b4e5a7e489: 112 arrays, 0.3 MB stored; 1.4 s; peak memory 335 MiB.
2026-10-10T02:33:00Z INFO [476/1000] 5c52c6c8-0ea0-4486-96d5-44620f51ce00: 117 arrays, 0.3 MB stored; 1.1 s; peak memory 335 MiB.
2026-10-10T02:33:01Z INFO [477/1000] 5bf5c5aa-9866-45e2-b364-dcac1e4acd6f: 173 arrays, 398324.6 MB stored; 338.2 s; peak memory 335 MiB.
2026-10-10T02:33:01Z INFO [478/1000] 5c52e395-d7d2-40a4-b9dc-ddd7c79a4f54: 117 arrays, 0.3 MB stored; 1.3 s; peak memory 335 MiB.
2026-10-10T02:33:02Z INFO [479/1000] 5c52fbc9-e592-43df-ba02-68e9bbbc75ac: 52 arrays, 13.3 MB stored; 1.2 s; peak memory 335 MiB.
2026-10-10T02:33:03Z INFO [480/1000] 5c5302c1-ead5-4ee1-8f2a-4d917ebeab70: 116 arrays, 0.5 MB stored; 1.5 s; peak memory 335 MiB.
2026-10-10T02:33:03Z INFO [481/1000] 5c53033a-15e4-4985-bb02-8819953a7db1: 48 arrays, 83.9 MB stored; 1.2 s; peak memory 335 MiB.
2026-10-10T02:33:04Z INFO [482/1000] 5c5310df-4658-4580-8e23-f554c8f5d612: 63 arrays, 0.1 MB stored; 1.1 s; peak memory 335 MiB.
2026-10-10T02:33:04Z INFO [483/1000] 5c533b4c-f214-4d5c-ad9c-2b4be53fdb76: 48 arrays, 83.9 MB stored; 1.1 s; peak memory 335 MiB.
2026-10-10T02:33:05Z INFO [484/1000] 5c534f84-c070-4aa4-ab79-1ec0b13f0bcf: 50 arrays, 0.9 MB stored; 1.2 s; peak memory 335 MiB.
2026-10-10T02:33:05Z INFO [485/1000] 5c5421a0-0781-47b5-b171-e53074b66f1c: 118 arrays, 0.0 MB stored; 1.1 s; peak memory 335 MiB.
2026-10-10T02:33:06Z INFO [486/1000] 5c54d5e8-8b5b-4ee5-a10a-b735af61d324: 117 arrays, 0.5 MB stored; 1.4 s; peak memory 335 MiB.
2026-10-10T02:33:07Z INFO [487/1000] 5c521a46-3a76-4af2-9158-c768937d0d51: 1955 arrays, 38.8 MB stored; 14.1 s; peak memory 335 MiB.
2026-10-10T02:33:07Z INFO [488/1000] 5c54ec09-8e2f-4524-868b-f5bd8b08dc6c: 62 arrays, 2625.9 MB stored; 1.6 s; peak memory 335 MiB.
2026-10-10T02:33:08Z INFO [489/1000] 5c5590f9-923e-4465-adae-2dec29d741c5: 116 arrays, 9.8 MB stored; 1.3 s; peak memory 335 MiB.
2026-10-10T02:33:09Z INFO [490/1000] 5c567877-f216-4298-a9fe-50c2b71ecd77: 87 arrays, 7.5 MB stored; 1.9 s; peak memory 335 MiB.
2026-10-10T02:33:09Z INFO [491/1000] 5c56d4f1-54d0-431b-a8a0-2c2ed0779c4c: 112 arrays, 0.7 MB stored; 1.4 s; peak memory 335 MiB.
2026-10-10T02:33:09Z INFO [492/1000] 5c5599a1-ae9b-4c38-bfa7-048966ca50ee: 115 arrays, 190.1 MB stored; 2.6 s; peak memory 335 MiB.
2026-10-10T02:33:10Z INFO [493/1000] 5c56e40d-1ee8-43fc-a183-6b8184ffcfa0: 117 arrays, 0.3 MB stored; 1.3 s; peak memory 335 MiB.
2026-10-10T02:33:10Z INFO [494/1000] 5c576877-85a5-43b1-9f80-0a375a9eb25c: 48 arrays, 83.9 MB stored; 1.2 s; peak memory 335 MiB.
2026-10-10T02:33:11Z INFO [495/1000] 5c579560-40ef-48ef-9603-a1e912aa8685: 33 arrays, 457.4 MB stored; 1.4 s; peak memory 335 MiB.
2026-10-10T02:33:12Z INFO [496/1000] 5c57a1e5-e676-47a5-a954-1ecc0e90325c: 118 arrays, 20.0 MB stored; 1.8 s; peak memory 335 MiB.
2026-10-10T02:33:13Z INFO [497/1000] 5c57b0df-59b0-4e66-a909-e507e076bcfb: 52 arrays, 13.6 MB stored; 1.2 s; peak memory 335 MiB.
2026-10-10T02:33:14Z INFO [498/1000] 5c58858c-c0cd-4825-a4c4-70d06cb92b4a: 72 arrays, 25.1 MB stored; 1.2 s; peak memory 335 MiB.
2026-10-10T02:33:14Z INFO [499/1000] 5c5861d5-f35c-4a54-a476-57f6d4448c49: 138 arrays, 4.8 MB stored; 2.4 s; peak memory 335 MiB.
2026-10-10T02:33:16Z INFO [500/1000] 5c59859f-8f47-4c62-b89c-1a40983b1731: 48 arrays, 83.9 MB stored; 1.1 s; peak memory 335 MiB.
2026-10-10T02:33:17Z INFO [501/1000] 5c58bf79-8555-405f-a4d6-7f0143881b93: 114 arrays, 186.8 MB stored; 2.8 s; peak memory 335 MiB.
2026-10-10T02:33:17Z INFO [502/1000] 5c59b45d-67fa-491a-b8d0-e13a2379845c: 64 arrays, 71.1 MB stored; 1.5 s; peak memory 335 MiB.
2026-10-10T02:33:18Z INFO [503/1000] 5c59b72e-ad24-4483-bc02-976c88c2d0bb: 116 arrays, 0.4 MB stored; 1.3 s; peak memory 335 MiB.
2026-10-10T02:33:18Z INFO [504/1000] 5c59efd5-72f4-46ac-9c62-b0f5f875933b: 116 arrays, 0.4 MB stored; 1.3 s; peak memory 335 MiB.
2026-10-10T02:33:19Z INFO [505/1000] 5c5ab095-09ee-4ff2-9799-872ed448a856: 118 arrays, 0.4 MB stored; 1.3 s; peak memory 335 MiB.
2026-10-10T02:33:19Z INFO [506/1000] 5c5b1e76-51dc-4084-b918-a4211f865295: 57 arrays, 0.0 MB stored; 1.1 s; peak memory 335 MiB.
2026-10-10T02:33:21Z INFO [507/1000] 5c5cbed9-ed6c-48f2-90c3-da9e8b0b4b82: 48 arrays, 83.9 MB stored; 1.1 s; peak memory 335 MiB.
2026-10-10T02:33:21Z INFO [508/1000] 5c5ba1cd-d2dd-4e9e-a8e1-5ba2441a3bee: 116 arrays, 0.4 MB stored; 1.4 s; peak memory 335 MiB.
2026-10-10T02:33:22Z INFO [509/1000] 5c5da4dd-d12f-4d4e-ad7a-f67b661cdc87: 48 arrays, 83.9 MB stored; 1.3 s; peak memory 335 MiB.
2026-10-10T02:33:22Z INFO [510/1000] 5c5dbfe1-ebd2-4cee-ba01-a49fa9a1a528: 83 arrays, 434.8 MB stored; 1.6 s; peak memory 335 MiB.
2026-10-10T02:33:23Z INFO [511/1000] 5c5e9c78-280e-4262-9d37-f1cac8356f96: 54 arrays, 0.0 MB stored; 1.1 s; peak memory 335 MiB.
2026-10-10T02:33:24Z INFO [512/1000] 5c5efdec-ac93-494b-9262-100f6080d046: 39 arrays, 3.5 MB stored; 1.1 s; peak memory 335 MiB.
2026-10-10T02:33:25Z INFO [513/1000] 5c5dd2c1-792e-4a1f-8fe6-e9f73678e221: 48 arrays, 35.1 MB stored; 2.9 s; peak memory 335 MiB.
2026-10-10T02:33:25Z INFO [514/1000] 5c5f2f82-7a22-46c0-b35c-6f96183c757c: 46 arrays, 0.1 MB stored; 1.0 s; peak memory 335 MiB.
2026-10-10T02:33:26Z INFO [515/1000] 5c5f5c48-6617-4b41-b1de-dbf717367f65: 77 arrays, 0.0 MB stored; 1.4 s; peak memory 335 MiB.
2026-10-10T02:33:27Z INFO [516/1000] 5c5fa1f0-fe65-47ab-b519-3c544fb19f35: 71 arrays, 5.1 MB stored; 1.6 s; peak memory 335 MiB.
2026-10-10T02:33:27Z INFO [517/1000] 5c610203-1446-4565-bfb5-35456cf9970b: 116 arrays, 0.3 MB stored; 1.3 s; peak memory 335 MiB.
2026-10-10T02:33:31Z INFO [518/1000] 5c614685-ce34-48b2-a425-08db9f53cd43: 53 arrays, 346.9 MB stored; 4.0 s; peak memory 335 MiB.
2026-10-10T02:33:33Z INFO [519/1000] 5c61a3bd-991c-4ab6-a647-4c9699da4e6a: 112 arrays, 0.7 MB stored; 1.5 s; peak memory 335 MiB.
2026-10-10T02:33:34Z INFO [520/1000] 5c621e7f-ea32-4c98-be83-59d5478c27e7: 114 arrays, 0.6 MB stored; 1.4 s; peak memory 335 MiB.
2026-10-10T02:33:36Z INFO [521/1000] 5c622ed3-6e59-4150-93ef-51cf9a8be71e: 69 arrays, 46.5 MB stored; 1.7 s; peak memory 335 MiB.
2026-10-10T02:33:37Z INFO [522/1000] 5c62b855-b16f-418d-b849-3fb787de676c: 50 arrays, 4500.7 MB stored; 1.3 s; peak memory 335 MiB.
2026-10-10T02:33:38Z INFO [523/1000] 5c632395-d636-4ebb-8207-699acb6f25ac: 109 arrays, 2.2 MB stored; 1.4 s; peak memory 335 MiB.
2026-10-10T02:33:42Z INFO [524/1000] 5c6165e4-4ad0-4e15-aff9-cff4d0ecede8: 41 arrays, 834.8 MB stored; 15.1 s; peak memory 335 MiB.
2026-10-10T02:33:44Z INFO [525/1000] 5c646cea-65e6-4673-80dc-8cbf93559343: 48 arrays, 83.9 MB stored; 1.2 s; peak memory 335 MiB.
2026-10-10T02:33:44Z INFO [526/1000] 5c638d4e-5689-4656-959c-3c7bd55cabf9: 56 arrays, 120.5 MB stored; 5.3 s; peak memory 335 MiB.
2026-10-10T02:33:45Z INFO [527/1000] 5c42ffc3-cf53-45de-b514-66ffd55c7452: 394 arrays, 19747.4 MB stored; 112.6 s; peak memory 335 MiB.
2026-10-10T02:33:45Z INFO [528/1000] 5c64e008-06f1-4ff9-ad6b-1f8a247213ff: 46 arrays, 0.1 MB stored; 1.1 s; peak memory 335 MiB.
2026-10-10T02:33:46Z INFO [529/1000] 5c666ba9-e7e3-45f0-95cb-8a1b58e04b99: 69 arrays, 1.5 MB stored; 1.3 s; peak memory 335 MiB.
2026-10-10T02:33:46Z INFO [530/1000] 5c64d4b7-c955-4cba-a1a7-896c8b0e45d7: 116 arrays, 187.1 MB stored; 2.5 s; peak memory 335 MiB.
2026-10-10T02:33:46Z INFO [531/1000] 5c6646e5-f870-40f0-a327-48caeddf264c: 303 arrays, 17.1 MB stored; 1.6 s; peak memory 335 MiB.
2026-10-10T02:33:47Z INFO [532/1000] 5c678161-bfb1-4817-a914-fe6a7cf4061e: 46 arrays, 0.0 MB stored; 1.1 s; peak memory 335 MiB.
2026-10-10T02:33:48Z INFO [533/1000] 5c67889f-2d80-4dac-a8ba-46f4485c14bf: 112 arrays, 0.8 MB stored; 1.6 s; peak memory 335 MiB.
2026-10-10T02:33:48Z INFO [534/1000] 5c681122-208e-4545-920f-dccbf8fce4ba: 112 arrays, 1.8 MB stored; 2.1 s; peak memory 335 MiB.
2026-10-10T02:33:49Z INFO [535/1000] 5c686a67-f4a8-453c-99dd-a544d02cccb2: 112 arrays, 0.6 MB stored; 1.7 s; peak memory 335 MiB.
2026-10-10T02:33:49Z INFO [536/1000] 5c688c78-7af8-4888-afaf-de49209ba87d: 112 arrays, 0.4 MB stored; 1.3 s; peak memory 335 MiB.
2026-10-10T02:33:50Z INFO [537/1000] 5c68c803-9ee9-49d8-8e82-df2044bbb173: 71 arrays, 76.5 MB stored; 1.8 s; peak memory 335 MiB.
2026-10-10T02:33:54Z INFO [538/1000] 5c69bf71-c682-4379-800f-8e60b9ebd37f: 229 arrays, 247.1 MB stored; 4.0 s; peak memory 335 MiB.
2026-10-10T02:33:56Z INFO [539/1000] 5c699fba-8f42-49b2-9971-31bb91ebddb1: 1325 arrays, 30.0 MB stored; 6.5 s; peak memory 335 MiB.
2026-10-10T02:33:57Z INFO [540/1000] 5c6a1617-03b9-4689-8751-f77bfd663fb3: 48 arrays, 83.9 MB stored; 1.2 s; peak memory 335 MiB.
2026-10-10T02:33:58Z INFO [541/1000] 5c6afaed-ef58-4f5b-b258-0273abd7acee: 289 arrays, 17.0 MB stored; 1.6 s; peak memory 335 MiB.
2026-10-10T02:34:00Z INFO [542/1000] 5c695859-f207-411d-a3d8-9795b9d7091a: 1760 arrays, 32.5 MB stored; 10.6 s; peak memory 335 MiB.
2026-10-10T02:34:00Z INFO [543/1000] 5c6b57ed-25dc-4534-a9f9-0c7eb3654a15: 66 arrays, 94.7 MB stored; 1.5 s; peak memory 335 MiB.
2026-10-10T02:34:02Z INFO [544/1000] 5c6bea3f-219b-432e-9999-3bde06f53d09: 47 arrays, 43.1 MB stored; 1.7 s; peak memory 335 MiB.
2026-10-10T02:34:03Z INFO [545/1000] 5c6beeae-9c37-4ed3-887e-12dea006c09e: 117 arrays, 0.3 MB stored; 1.1 s; peak memory 335 MiB.
2026-10-10T02:34:04Z INFO [546/1000] 5c6bf19c-438c-492c-81eb-4915cefd46a7: 46 arrays, 0.1 MB stored; 1.1 s; peak memory 335 MiB.
2026-10-10T02:34:06Z INFO [547/1000] 5c6b5d0c-f214-4d5c-a34d-34ac605dedeb: 612 arrays, 22.5 MB stored; 6.4 s; peak memory 335 MiB.
2026-10-10T02:34:07Z INFO [548/1000] 5c6cccd7-63a1-45e3-967c-2ff813c2dfe9: 48 arrays, 83.9 MB stored; 1.2 s; peak memory 335 MiB.
2026-10-10T02:34:08Z INFO [549/1000] 5c6c0ad8-cbff-46b8-b5cf-e9832d4472ed: 713 arrays, 8.5 MB stored; 4.6 s; peak memory 335 MiB.
2026-10-10T02:34:34Z INFO [550/1000] 5c375eed-1527-4b46-b3ab-8c4a938ed96a: 453 arrays, 43303.7 MB stored; 213.3 s; peak memory 335 MiB.
2026-10-10T02:34:37Z INFO [551/1000] 5c6d87d8-ee85-4666-b86a-54f861039c71: 156 arrays, 193.4 MB stored; 3.3 s; peak memory 335 MiB.
2026-10-10T02:34:39Z INFO [552/1000] 5c6dba10-32e7-4d8f-9f74-7747397a0b4a: 66 arrays, 171.0 MB stored; 2.0 s; peak memory 335 MiB.
2026-10-10T02:34:42Z INFO [553/1000] 5c578f12-2ed7-4587-babe-be4514202ded: 394 arrays, 31574.6 MB stored; 92.7 s; peak memory 335 MiB.
2026-10-10T02:34:43Z INFO [554/1000] 5c6efb78-b954-4fdb-b558-fad172fe0be9: 48 arrays, 83.9 MB stored; 1.2 s; peak memory 335 MiB.
2026-10-10T02:34:45Z INFO [555/1000] 5c6f4af2-91d1-48c1-8cb9-ea5737e73054: 112 arrays, 0.8 MB stored; 1.4 s; peak memory 335 MiB.
2026-10-10T02:34:47Z INFO [556/1000] 5c6f50ae-319c-430e-8301-00a0b081be7f: 123 arrays, 5.9 MB stored; 2.5 s; peak memory 335 MiB.
2026-10-10T02:34:48Z INFO [557/1000] 5c6fbfd3-8a78-4f29-a265-b9146312389f: 48 arrays, 83.9 MB stored; 1.2 s; peak memory 335 MiB.
2026-10-10T02:34:50Z INFO [558/1000] 5c700a93-e2b7-4434-b37a-cf68a0ba079d: 71 arrays, 213.1 MB stored; 1.6 s; peak memory 335 MiB.
2026-10-10T02:34:51Z INFO [559/1000] 5c6e145a-852c-4b9d-bb26-8414b0de822c: 267 arrays, 1134.9 MB stored; 11.9 s; peak memory 335 MiB.
2026-10-10T02:34:51Z INFO [560/1000] 5c70661c-d70a-42d3-bcd4-b0445240fdff: 58 arrays, 0.0 MB stored; 1.0 s; peak memory 335 MiB.
2026-10-10T02:34:52Z INFO [561/1000] 5c70e102-3c82-42ab-b9d3-a64d4295944f: 48 arrays, 83.9 MB stored; 1.3 s; peak memory 335 MiB.
2026-10-10T02:34:54Z INFO [562/1000] 5c70f824-c4aa-4d6d-9108-81a84a240016: 117 arrays, 1069.8 MB stored; 1.9 s; peak memory 335 MiB.
2026-10-10T02:34:55Z INFO [563/1000] 5c70a667-f63f-4d5e-843a-c0744f31d5ed: 430 arrays, 4.2 MB stored; 4.0 s; peak memory 335 MiB.
2026-10-10T02:34:56Z INFO [564/1000] 5c711b24-8b43-4b91-b395-a4d0d30aaa2f: 112 arrays, 0.9 MB stored; 1.6 s; peak memory 335 MiB.
2026-10-10T02:34:56Z INFO [565/1000] 5c716e16-95f1-4507-ad86-01544c2ab0af: 69 arrays, 2.2 MB stored; 1.2 s; peak memory 335 MiB.
2026-10-10T02:34:57Z INFO [566/1000] 5c72c5d1-a473-44ef-a933-5c7bbf0c1a02: 46 arrays, 0.0 MB stored; 1.0 s; peak memory 335 MiB.
2026-10-10T02:35:02Z INFO [567/1000] 5c72775e-3866-4be2-bb41-b36c7c92ed68: 815 arrays, 31.2 MB stored; 6.2 s; peak memory 335 MiB.
2026-10-10T02:35:04Z INFO [568/1000] 5c736a14-2af7-4dbc-9d5c-37cc64929b6a: 76 arrays, 78.7 MB stored; 2.0 s; peak memory 335 MiB.
2026-10-10T02:35:05Z INFO [569/1000] 5c73942b-c8cc-4c6f-83b2-7685eb384ee2: 48 arrays, 83.9 MB stored; 1.2 s; peak memory 335 MiB.
2026-10-10T02:35:07Z INFO [570/1000] 5c73ef0d-1424-4a53-a116-bd6e1f9f79bb: 71 arrays, 4.0 MB stored; 1.6 s; peak memory 335 MiB.
2026-10-10T02:35:08Z INFO [571/1000] 5c7408ef-78d9-48dc-b532-98f75e8abc5c: 117 arrays, 0.4 MB stored; 1.3 s; peak memory 335 MiB.
2026-10-10T02:35:09Z INFO [572/1000] 5c742015-c82e-4803-8561-5bfa2119a9cc: 117 arrays, 0.3 MB stored; 1.2 s; peak memory 335 MiB.
2026-10-10T02:35:11Z INFO [573/1000] 5c756c06-d006-4f81-a199-3aea3cca656a: 117 arrays, 0.5 MB stored; 1.3 s; peak memory 335 MiB.
2026-10-10T02:35:12Z INFO [574/1000] 5c757b32-845d-4280-9015-c43f6229c018: 72 arrays, 13.4 MB stored; 1.2 s; peak memory 335 MiB.
2026-10-10T02:35:13Z INFO [575/1000] 5c75c83f-710d-42af-9726-051baece7002: 116 arrays, 0.4 MB stored; 1.3 s; peak memory 335 MiB.
2026-10-10T02:35:14Z INFO [576/1000] 5c765820-2dcd-4daf-8187-1a44e8749fec: 48 arrays, 83.9 MB stored; 1.3 s; peak memory 335 MiB.
2026-10-10T02:35:16Z INFO [577/1000] 5c76bd4a-6cba-4424-92c0-0963b8729946: 72 arrays, 12.2 MB stored; 1.2 s; peak memory 335 MiB.
2026-10-10T02:35:18Z INFO [578/1000] 5c72ce54-87f2-4993-a889-0451928f31ce: 52 arrays, 1182.6 MB stored; 20.4 s; peak memory 335 MiB.
2026-10-10T02:35:19Z INFO [579/1000] 5c784d8d-161e-41db-8244-d7fbda135ffc: 48 arrays, 83.9 MB stored; 1.2 s; peak memory 335 MiB.
2026-10-10T02:35:27Z INFO [580/1000] 5c77e1b0-5432-4265-80db-b74319cd5463: 428 arrays, 784.3 MB stored; 11.0 s; peak memory 335 MiB.
2026-10-10T02:35:29Z INFO [581/1000] 5c79ef8d-ad11-48f6-b7ee-93e766df6633: 84 arrays, 265.0 MB stored; 2.4 s; peak memory 335 MiB.
2026-10-10T02:35:30Z INFO [582/1000] 5c7a3e87-87da-4236-8bf3-871752eee913: 48 arrays, 83.9 MB stored; 1.1 s; peak memory 335 MiB.
2026-10-10T02:35:48Z INFO [583/1000] 5c6a0778-da43-44f9-9483-edb95ae27acd: 171 arrays, 21099.3 MB stored; 114.3 s; peak memory 335 MiB.
2026-10-10T02:35:50Z INFO [584/1000] 5c7b0c7b-e8de-4bb7-8151-a07e427bd209: 112 arrays, 0.4 MB stored; 1.8 s; peak memory 335 MiB.
2026-10-10T02:35:51Z INFO [585/1000] 5c7bac93-d944-45e5-aaf1-dbdf427b3bbb: 118 arrays, 0.2 MB stored; 1.4 s; peak memory 335 MiB.
2026-10-10T02:35:53Z INFO [586/1000] 5c7bd956-9f88-442e-8fe1-acb58414ff9e: 52 arrays, 626.7 MB stored; 1.3 s; peak memory 335 MiB.
2026-10-10T02:35:54Z INFO [587/1000] 5c7c11be-05da-4f7d-8fc9-cc46d5a108c3: 112 arrays, 0.6 MB stored; 1.3 s; peak memory 335 MiB.
2026-10-10T02:35:56Z INFO [588/1000] 5c7db84f-e9c1-45d9-8e30-db3433d4e36c: 50 arrays, 28.6 MB stored; 1.6 s; peak memory 335 MiB.
2026-10-10T02:35:56Z INFO [589/1000] 5c6d736a-e60a-402f-ab22-07c8fb030580: 269 arrays, 20852.4 MB stored; 107.7 s; peak memory 335 MiB.
2026-10-10T02:35:57Z INFO [590/1000] 5c7e229f-d26a-42db-98ef-2584bdb25aac: 62 arrays, 4370.2 MB stored; 1.7 s; peak memory 335 MiB.
2026-10-10T02:35:58Z INFO [591/1000] 5c7fbd13-0dab-437f-830e-c7f3f70a705a: 38 arrays, 0.5 MB stored; 1.0 s; peak memory 335 MiB.
2026-10-10T02:36:02Z INFO [592/1000] 5c7fbe80-b9a0-442e-a646-1c92489268d4: 314 arrays, 23.9 MB stored; 3.9 s; peak memory 335 MiB.
2026-10-10T02:36:11Z INFO [593/1000] 5c8118ac-77c8-46d7-a372-4df756294977: 969 arrays, 45.3 MB stored; 9.2 s; peak memory 335 MiB.
2026-10-10T02:36:13Z INFO [594/1000] 5c818765-3f3b-46dc-9d56-fb9f360a1d2a: 39 arrays, 5.6 MB stored; 1.1 s; peak memory 335 MiB.
2026-10-10T02:36:14Z INFO [595/1000] 5c8255b7-2021-4c0c-9156-c2e7a9a2acc6: 66 arrays, 133.9 MB stored; 1.6 s; peak memory 335 MiB.
2026-10-10T02:36:15Z INFO [596/1000] 5c7ec5da-c0a3-414d-ba60-59cacdd8038c: 48 arrays, 49300.2 MB stored; 18.8 s; peak memory 335 MiB.
2026-10-10T02:36:16Z INFO [597/1000] 5c82b370-ca6b-4438-b702-7925c9362c9c: 118 arrays, 0.6 MB stored; 1.5 s; peak memory 335 MiB.
2026-10-10T02:36:16Z INFO [598/1000] 5c82dec7-7f2d-44cd-b4a2-5a36d4290f3f: 52 arrays, 13.3 MB stored; 1.3 s; peak memory 335 MiB.
2026-10-10T02:36:17Z INFO [599/1000] 5c84235e-c8bc-4e87-acab-4252115f50f5: 39 arrays, 1.9 MB stored; 1.3 s; peak memory 335 MiB.
2026-10-10T02:36:17Z INFO [600/1000] 5c84e6cc-c301-4605-98f0-1fdc44695f23: 62 arrays, 0.0 MB stored; 1.1 s; peak memory 335 MiB.
2026-10-10T02:36:19Z INFO [600/1000] 5c84e6cc-c301-4605-98f0-1fdc44695f23: checkpointed 600 new records.
2026-10-10T02:36:19Z INFO [601/1000] 5c84ed0f-cfe0-4047-b59e-c2f8f4b8b095: 66 arrays, 48.3 MB stored; 1.6 s; peak memory 416 MiB.
2026-10-10T02:36:20Z INFO [602/1000] 5c85437a-ce89-414f-9782-f5a4e9d6ff93: 56 arrays, 0.0 MB stored; 0.9 s; peak memory 416 MiB.
2026-10-10T02:36:20Z INFO [603/1000] 5c851780-8ff9-406f-be57-c5df0891bf38: 83 arrays, 531.5 MB stored; 2.9 s; peak memory 416 MiB.
2026-10-10T02:36:21Z INFO [604/1000] 5c8548b0-9fdd-4ed8-960b-5c3a32589da6: 46 arrays, 12.6 MB stored; 1.0 s; peak memory 416 MiB.
2026-10-10T02:36:23Z INFO [605/1000] 5c86fe24-1714-4041-913a-f6cfe3706398: 416 arrays, 3.1 MB stored; 2.6 s; peak memory 416 MiB.
2026-10-10T02:36:24Z INFO [606/1000] 5c87fc7d-fcd7-429f-8c49-d0c07663e5cd: 55 arrays, 0.0 MB stored; 1.1 s; peak memory 416 MiB.
2026-10-10T02:36:26Z INFO [607/1000] 5c86832c-20ac-4881-b856-5fc1de04bf7f: 196 arrays, 706.1 MB stored; 5.5 s; peak memory 416 MiB.
2026-10-10T02:36:27Z INFO [608/1000] 5c88042e-daa0-452e-ac04-1675aeea65a2: 116 arrays, 187.1 MB stored; 2.6 s; peak memory 416 MiB.
2026-10-10T02:36:27Z INFO [609/1000] 5c884092-8747-48f3-8187-85671a3f7a87: 117 arrays, 0.2 MB stored; 1.2 s; peak memory 416 MiB.
2026-10-10T02:36:29Z INFO [610/1000] 5c884119-b064-464b-ac2a-50fa69cc2bdc: 117 arrays, 0.4 MB stored; 1.6 s; peak memory 416 MiB.
2026-10-10T02:36:31Z INFO [611/1000] 5c8843ab-9f7e-4c57-99b2-eee2d92f087e: 208 arrays, 48.6 MB stored; 4.1 s; peak memory 416 MiB.
2026-10-10T02:36:32Z INFO [612/1000] 5c88f656-d010-4ee1-bbe2-54d3fdf24a81: 48 arrays, 83.9 MB stored; 1.2 s; peak memory 416 MiB.
2026-10-10T02:36:34Z INFO [613/1000] 5c891378-b025-4601-a4ee-8c6b47e6f10c: 112 arrays, 0.5 MB stored; 1.5 s; peak memory 416 MiB.
2026-10-10T02:36:35Z INFO [614/1000] 5c899dca-fe10-4346-8474-416ee35c1f9d: 84 arrays, 0.1 MB stored; 0.9 s; peak memory 416 MiB.
2026-10-10T02:36:39Z INFO [615/1000] 5c88de76-6e3c-4fb2-b5b6-133cc846373e: 432 arrays, 355.4 MB stored; 10.7 s; peak memory 416 MiB.
2026-10-10T02:36:42Z INFO [616/1000] 5c8a2703-d63f-4357-bca5-edb2676d65c7: 116 arrays, 187.2 MB stored; 2.6 s; peak memory 416 MiB.
2026-10-10T02:36:47Z INFO [617/1000] 5c8a9772-bf07-4ea1-bec0-655b5a6d60ad: 655 arrays, 24.3 MB stored; 5.2 s; peak memory 416 MiB.
2026-10-10T02:36:55Z INFO [618/1000] 5c8aa5b6-7752-4c29-a6b1-c17b0069fa88: 860 arrays, 31.2 MB stored; 8.2 s; peak memory 416 MiB.
2026-10-10T02:36:55Z INFO [619/1000] 5c8a2395-9615-4290-aedb-2734d05c0bde: 48 arrays, 38292.0 MB stored; 20.7 s; peak memory 416 MiB.
2026-10-10T02:36:57Z INFO [620/1000] 5c8ca457-3483-4b83-a279-6980f191e35c: 48 arrays, 83.9 MB stored; 1.3 s; peak memory 416 MiB.
2026-10-10T02:36:58Z INFO [621/1000] 5c8cde90-f0d3-4e3c-abb2-a7d94a329795: 71 arrays, 4.0 MB stored; 1.5 s; peak memory 416 MiB.
2026-10-10T02:37:01Z INFO [622/1000] 5c458f66-ebed-45e2-8b8e-4143d3af9820: 94 arrays, 21080.5 MB stored; 286.8 s; peak memory 416 MiB.
2026-10-10T02:37:03Z INFO [623/1000] 5c8da35a-e221-411d-8913-3dd06fe193ea: 112 arrays, 0.6 MB stored; 1.5 s; peak memory 416 MiB.
2026-10-10T02:37:04Z INFO [624/1000] 5c8dd086-865c-4843-860a-0d10c5f48413: 33 arrays, 0.0 MB stored; 1.0 s; peak memory 416 MiB.
2026-10-10T02:37:05Z INFO [625/1000] 5c8e56b9-a1a3-426b-b12d-396d856a0e0b: 112 arrays, 0.8 MB stored; 1.4 s; peak memory 416 MiB.
2026-10-10T02:37:09Z INFO [626/1000] 5c8e71d6-9217-404e-a410-ab5cb19ddaf6: 225 arrays, 242.0 MB stored; 3.8 s; peak memory 416 MiB.
2026-10-10T02:37:11Z INFO [627/1000] 5c784f65-9c2d-4f4a-b6b6-1f64627dd5e6: 167 arrays, 21162.0 MB stored; 112.6 s; peak memory 416 MiB.
2026-10-10T02:37:12Z INFO [628/1000] 5c8eb056-ef15-4315-9ff1-b449fde92763: 49 arrays, 597.0 MB stored; 2.5 s; peak memory 416 MiB.
2026-10-10T02:37:13Z INFO [629/1000] 5c8fdd95-9d67-42e8-bc70-84d35b6d650f: 76 arrays, 0.5 MB stored; 1.4 s; peak memory 416 MiB.
2026-10-10T02:37:14Z INFO [630/1000] 5c9120b4-4119-46ec-9b97-575352822da1: 48 arrays, 83.9 MB stored; 1.3 s; peak memory 416 MiB.
2026-10-10T02:37:15Z INFO [631/1000] 5c919778-b56c-4bde-8018-01be77901b9d: 112 arrays, 0.5 MB stored; 1.4 s; peak memory 416 MiB.
2026-10-10T02:37:17Z INFO [632/1000] 5c930c39-72f5-4b3e-a833-b1e0984d0724: 142 arrays, 1.3 MB stored; 1.1 s; peak memory 416 MiB.
2026-10-10T02:37:18Z INFO [633/1000] 5c9396ed-3ff7-4c56-b2ca-d21170b27daa: 57 arrays, 0.0 MB stored; 1.1 s; peak memory 416 MiB.
2026-10-10T02:37:19Z INFO [634/1000] 5c93c16f-f219-4e40-a747-8bf88fb8936c: 48 arrays, 83.9 MB stored; 1.1 s; peak memory 416 MiB.
2026-10-10T02:37:20Z INFO [635/1000] 5c9499c0-96c9-420a-9416-847a88551a08: 117 arrays, 0.3 MB stored; 1.4 s; peak memory 416 MiB.
2026-10-10T02:37:23Z INFO [636/1000] 5c953b0c-ad9b-4c30-8dff-550925a94fa4: 119 arrays, 67.4 MB stored; 2.5 s; peak memory 416 MiB.
2026-10-10T02:37:25Z INFO [637/1000] 5c95b624-5955-4d4c-add7-94fd5cf46de1: 115 arrays, 190.1 MB stored; 2.2 s; peak memory 416 MiB.
2026-10-10T02:37:26Z INFO [638/1000] 5c9621a5-e786-422e-b328-e3177a868558: 118 arrays, 0.4 MB stored; 1.3 s; peak memory 416 MiB.
2026-10-10T02:37:28Z INFO [639/1000] 5c966d51-ed2b-4224-977e-d6a21c8b9ce9: 66 arrays, 25.3 MB stored; 1.4 s; peak memory 416 MiB.
2026-10-10T02:37:29Z INFO [640/1000] 5c96c809-aec2-478b-a32c-950e2954af09: 48 arrays, 83.9 MB stored; 1.1 s; peak memory 416 MiB.
2026-10-10T02:37:30Z INFO [641/1000] 5c96f41c-35b9-4a0a-97e3-4cc0c9bae40d: 48 arrays, 83.9 MB stored; 1.1 s; peak memory 416 MiB.
2026-10-10T02:37:34Z INFO [642/1000] 5c978d22-98df-4e73-a3cd-e02ede40b6ec: 229 arrays, 382.5 MB stored; 3.8 s; peak memory 416 MiB.
2026-10-10T02:37:35Z INFO [643/1000] 5c982077-aad7-47b1-884e-dcaf19510de6: 185 arrays, 1.1 MB stored; 1.8 s; peak memory 416 MiB.
2026-10-10T02:37:36Z INFO [644/1000] 5c8d584c-cf0c-4495-a590-cb582854d8dd: 52 arrays, 2153.6 MB stored; 37.7 s; peak memory 416 MiB.
2026-10-10T02:37:41Z INFO [645/1000] 5c6d0a0c-ed66-47ee-b843-0998db65d2ea: 436 arrays, 39412.1 MB stored; 213.8 s; peak memory 416 MiB.
2026-10-10T02:37:44Z INFO [646/1000] 5c98ab4e-2da5-479d-b4b6-1457efcb4df9: 1162 arrays, 17.9 MB stored; 7.9 s; peak memory 416 MiB.
2026-10-10T02:37:45Z INFO [647/1000] 5c99c848-4d4d-412e-8437-7ba591d0c83b: 48 arrays, 83.9 MB stored; 1.2 s; peak memory 416 MiB.
2026-10-10T02:37:47Z INFO [648/1000] 5c9a47e9-8727-4353-a0f0-f69520a7f8a4: 117 arrays, 0.4 MB stored; 1.4 s; peak memory 416 MiB.
2026-10-10T02:37:48Z INFO [649/1000] 5c9a963a-0c13-42dd-9660-3073216635cf: 48 arrays, 83.9 MB stored; 1.2 s; peak memory 416 MiB.
2026-10-10T02:37:55Z INFO [650/1000] 5c9bc5f9-a90e-4022-932b-9e9996cbb582: 336 arrays, 44.0 MB stored; 7.3 s; peak memory 416 MiB.
2026-10-10T02:37:55Z INFO [651/1000] 5c8ffb3a-7793-4f46-947a-be9efb07d0eb: 50 arrays, 3460.5 MB stored; 43.8 s; peak memory 416 MiB.
2026-10-10T02:37:56Z INFO [652/1000] 5c9be91c-94be-442b-a623-480cb17abe54: 69 arrays, 0.4 MB stored; 1.2 s; peak memory 416 MiB.
2026-10-10T02:37:57Z INFO [653/1000] 5c9c68a1-9d26-4c4b-bd17-91ab291776ce: 112 arrays, 0.4 MB stored; 1.5 s; peak memory 416 MiB.
2026-10-10T02:37:58Z INFO [654/1000] 5c9cf9b0-903b-4b40-b704-4b0a2c266210: 35 arrays, 0.9 MB stored; 1.1 s; peak memory 416 MiB.
2026-10-10T02:37:59Z INFO [655/1000] 5c9c7de5-2730-413e-b601-ecab8b097fb5: 168 arrays, 3.2 MB stored; 2.3 s; peak memory 416 MiB.
2026-10-10T02:38:01Z INFO [656/1000] 5c9d7abc-629c-40a5-9414-be998dcaca50: 144 arrays, 1.0 MB stored; 2.0 s; peak memory 416 MiB.
2026-10-10T02:38:02Z INFO [657/1000] 5c9ea9ce-25c6-4ac7-a27b-f47e310bd511: 118 arrays, 0.5 MB stored; 1.5 s; peak memory 416 MiB.
2026-10-10T02:38:03Z INFO [658/1000] 5c9ee706-4413-4813-a8dd-44ab41326730: 118 arrays, 0.4 MB stored; 1.2 s; peak memory 416 MiB.
2026-10-10T02:38:05Z INFO [659/1000] 5c9efc0b-dfe3-48e1-afb5-1cdb1f5f93c5: 110 arrays, 0.4 MB stored; 1.4 s; peak memory 416 MiB.
2026-10-10T02:38:08Z INFO [660/1000] 5c9f0c7b-a3f6-4134-a229-86c33cbe122e: 633 arrays, 7.0 MB stored; 3.8 s; peak memory 416 MiB.
2026-10-10T02:38:12Z INFO [661/1000] 5c986a2d-3f1d-4e6d-b71d-e5329b94d4de: 52 arrays, 2271.0 MB stored; 36.7 s; peak memory 416 MiB.
2026-10-10T02:38:13Z INFO [662/1000] 5c9f884d-048a-4ba7-9f32-11e1c731e65d: 538 arrays, 7.6 MB stored; 4.7 s; peak memory 416 MiB.
2026-10-10T02:38:14Z INFO [663/1000] 5ca06820-981c-4b41-81a8-ebec24d95d74: 71 arrays, 5.1 MB stored; 1.7 s; peak memory 416 MiB.
2026-10-10T02:38:14Z INFO [664/1000] 5ca0e93c-441f-4353-9b78-a5129ad5d533: 117 arrays, 0.5 MB stored; 1.3 s; peak memory 416 MiB.
2026-10-10T02:38:15Z INFO [665/1000] 5c993631-3d44-44bd-8859-9dfb257d15e3: 2131 arrays, 5681.8 MB stored; 33.9 s; peak memory 416 MiB.
2026-10-10T02:38:15Z INFO [666/1000] 5ca11564-9553-40b1-a6ed-aade4f140632: 66 arrays, 20.7 MB stored; 1.5 s; peak memory 416 MiB.
2026-10-10T02:38:16Z INFO [667/1000] 5ca1d51a-ff84-41be-a1fe-6c08b7389f63: 48 arrays, 83.9 MB stored; 1.2 s; peak memory 416 MiB.
2026-10-10T02:38:16Z INFO [668/1000] 5ca1e81f-c193-435d-81b1-40f595a80cf0: 52 arrays, 23.3 MB stored; 1.3 s; peak memory 416 MiB.
2026-10-10T02:38:17Z INFO [669/1000] 5ca3237f-b76f-4f3c-854b-f7c96fc9221a: 48 arrays, 83.9 MB stored; 1.1 s; peak memory 416 MiB.
2026-10-10T02:38:17Z INFO [670/1000] 5ca2da33-109e-46c3-bd5c-57326eaa5af7: 71 arrays, 41.8 MB stored; 1.7 s; peak memory 416 MiB.
2026-10-10T02:38:18Z INFO [671/1000] 5ca5b449-0954-485b-b8c9-0e3ed1c18189: 117 arrays, 0.3 MB stored; 1.2 s; peak memory 416 MiB.
2026-10-10T02:38:19Z INFO [672/1000] 5ca3e29b-a7ae-4580-a504-382c9f950b7f: 138 arrays, 4.8 MB stored; 2.3 s; peak memory 416 MiB.
2026-10-10T02:38:19Z INFO [673/1000] 5ca5c440-fd12-42d3-81fb-f5edd7c4ccba: 38 arrays, 33.7 MB stored; 1.8 s; peak memory 416 MiB.
2026-10-10T02:38:19Z INFO [674/1000] 5ca60c98-2225-45f4-95ee-94dc2424382b: 83 arrays, 1.4 MB stored; 1.4 s; peak memory 416 MiB.
2026-10-10T02:38:20Z INFO [675/1000] 5ca6e48d-421d-48b1-88e1-a4210cff7602: 56 arrays, 0.0 MB stored; 1.1 s; peak memory 416 MiB.
2026-10-10T02:38:21Z INFO [676/1000] 5ca6ef32-6b7b-44ce-8518-5761d3038815: 48 arrays, 83.9 MB stored; 1.2 s; peak memory 416 MiB.
2026-10-10T02:38:21Z INFO [677/1000] 5ca77780-2d6d-49ad-8343-f6ce7c8f7ed6: 117 arrays, 0.4 MB stored; 1.4 s; peak memory 416 MiB.
2026-10-10T02:38:22Z INFO [678/1000] 5ca7e84d-7a5b-4f33-9f39-481dc4b83b16: 66 arrays, 54.4 MB stored; 1.5 s; peak memory 416 MiB.
2026-10-10T02:38:23Z INFO [679/1000] 5ca7ee00-a619-4549-8fe6-12445003c32a: 117 arrays, 0.4 MB stored; 1.2 s; peak memory 416 MiB.
2026-10-10T02:38:24Z INFO [680/1000] 5ca89605-c05a-4e9e-95e4-90a65f4f18fb: 48 arrays, 83.9 MB stored; 1.1 s; peak memory 416 MiB.
2026-10-10T02:38:24Z INFO [681/1000] 5ca6db34-d1ef-4bca-90ae-fe2f1d1711fe: 812 arrays, 31.8 MB stored; 5.7 s; peak memory 416 MiB.
2026-10-10T02:38:25Z INFO [682/1000] 5ca8eea8-ed5d-4041-9fa8-fd00b6f682a3: 63 arrays, 0.1 MB stored; 1.1 s; peak memory 416 MiB.
2026-10-10T02:38:25Z INFO [683/1000] 5ca96871-2676-492f-87b4-f59339086686: 63 arrays, 0.1 MB stored; 1.2 s; peak memory 416 MiB.
2026-10-10T02:38:27Z INFO [684/1000] 5ca97bcf-e047-4314-bbc5-70cf74aa3a5f: 71 arrays, 154.3 MB stored; 1.9 s; peak memory 416 MiB.
2026-10-10T02:38:29Z INFO [685/1000] 5caa4e87-36d8-479d-bf3d-017a64e4fe75: 112 arrays, 0.7 MB stored; 1.5 s; peak memory 416 MiB.
2026-10-10T02:38:29Z INFO [686/1000] 5ca96aa7-891b-4650-bcfb-752dd2709856: 229 arrays, 484.6 MB stored; 4.1 s; peak memory 416 MiB.
2026-10-10T02:38:30Z INFO [687/1000] 5cab2950-a3f9-49bb-8a8d-8fe3e2160169: 50 arrays, 5.1 MB stored; 1.1 s; peak memory 416 MiB.
2026-10-10T02:38:30Z INFO [688/1000] 5cab642f-5130-4b5c-bd5f-ce11e8267e85: 85 arrays, 1.6 MB stored; 1.3 s; peak memory 416 MiB.
2026-10-10T02:38:31Z INFO [689/1000] 5cab6451-cc21-4b79-912b-46a8c569cd3a: 48 arrays, 83.9 MB stored; 1.4 s; peak memory 416 MiB.
2026-10-10T02:38:36Z INFO [690/1000] 5cac4c1d-d55e-45ca-b099-1a0bf83f92df: 538 arrays, 7.8 MB stored; 5.0 s; peak memory 416 MiB.
2026-10-10T02:38:37Z INFO [691/1000] 5cacb965-2ca9-4519-b107-6ccfcd26a679: 60 arrays, 3.1 MB stored; 1.0 s; peak memory 416 MiB.
2026-10-10T02:38:39Z INFO [692/1000] 5cacbc7e-2d03-4664-bb8f-89dd20895735: 112 arrays, 0.3 MB stored; 1.5 s; peak memory 416 MiB.
2026-10-10T02:38:40Z INFO [693/1000] 5caceb47-ea2d-4873-9d5a-7c64d6fe3ed4: 74 arrays, 3.1 MB stored; 1.1 s; peak memory 416 MiB.
2026-10-10T02:38:41Z INFO [694/1000] 5cacfcc2-04b0-47fa-afe4-f5d8e4a95741: 48 arrays, 83.9 MB stored; 1.3 s; peak memory 416 MiB.
2026-10-10T02:38:43Z INFO [695/1000] 5cad0bd6-e5b7-425e-a9c8-ac2f990368bf: 112 arrays, 0.6 MB stored; 1.4 s; peak memory 416 MiB.
2026-10-10T02:38:44Z INFO [696/1000] 5cad367e-8046-4d94-b56e-f8b7fed8e150: 48 arrays, 83.9 MB stored; 1.1 s; peak memory 416 MiB.
2026-10-10T02:38:49Z INFO [697/1000] 5cad79b7-5d33-4e48-b287-4b67d261585c: 309 arrays, 43.2 MB stored; 5.7 s; peak memory 416 MiB.
2026-10-10T02:38:50Z INFO [698/1000] 5cac1bc4-094c-4589-9348-189e68ccf19f: 48 arrays, 36129.0 MB stored; 20.2 s; peak memory 416 MiB.
2026-10-10T02:38:51Z INFO [699/1000] 5cad9a78-53fa-4a21-acb2-785f8b2e99b7: 48 arrays, 83.9 MB stored; 1.2 s; peak memory 416 MiB.
2026-10-10T02:38:52Z INFO [700/1000] 5cadcd34-b499-4bea-afce-6612d9fa7cf5: 266 arrays, 0.5 MB stored; 1.4 s; peak memory 416 MiB.
2026-10-10T02:38:53Z INFO [701/1000] 5caea343-caf7-4914-aa51-6379f9524c3b: 85 arrays, 80.8 MB stored; 2.5 s; peak memory 416 MiB.
2026-10-10T02:38:53Z INFO [702/1000] 5caee47f-2aff-4566-b8b1-5fa9557ae110: 64 arrays, 23.7 MB stored; 1.4 s; peak memory 416 MiB.
2026-10-10T02:38:54Z INFO [703/1000] 5cb00816-274a-4db9-a892-8d83e2d51e07: 21 arrays, 0.6 MB stored; 1.0 s; peak memory 416 MiB.
2026-10-10T02:38:54Z INFO [704/1000] 5caf3edb-12e4-485d-9920-a5861b4c3fb3: 48 arrays, 83.9 MB stored; 1.2 s; peak memory 416 MiB.
2026-10-10T02:38:55Z INFO [705/1000] 5cb00ed3-f9be-490c-821f-13a6cb8fdcde: 48 arrays, 83.9 MB stored; 1.3 s; peak memory 416 MiB.
2026-10-10T02:38:57Z INFO [706/1000] 5cb0bf62-dec2-404f-ba37-cc4266fe8cee: 48 arrays, 83.9 MB stored; 1.1 s; peak memory 416 MiB.
2026-10-10T02:38:58Z INFO [707/1000] 5cb036b6-3d17-406e-be5c-e9fa11bcd626: 229 arrays, 238.1 MB stored; 4.2 s; peak memory 416 MiB.
2026-10-10T02:38:59Z INFO [708/1000] 5c9d2e6f-9b46-4ae8-b87a-a640fba7bee6: 58 arrays, 5899.6 MB stored; 61.4 s; peak memory 416 MiB.
2026-10-10T02:39:00Z INFO [709/1000] 5cb1228b-6fef-46d1-9c21-1db4e13712e5: 330 arrays, 2.7 MB stored; 3.0 s; peak memory 416 MiB.
2026-10-10T02:39:01Z INFO [710/1000] 5cb1b33e-fd73-40f8-898d-33065b897382: 38 arrays, 0.5 MB stored; 1.1 s; peak memory 416 MiB.
2026-10-10T02:39:01Z INFO [711/1000] 5cb1913f-2d07-475c-b9aa-84685ee0fe0c: 112 arrays, 0.6 MB stored; 1.5 s; peak memory 416 MiB.
2026-10-10T02:39:03Z INFO [712/1000] 5cb1e46e-7baf-4964-889d-0b54e13bbdc3: 73 arrays, 373.9 MB stored; 2.2 s; peak memory 416 MiB.
2026-10-10T02:39:05Z INFO [713/1000] 5cb24520-cec2-41ae-9f4c-243ee71030e0: 117 arrays, 22.9 MB stored; 2.0 s; peak memory 416 MiB.
2026-10-10T02:39:17Z INFO [714/1000] 5cb24a89-1c48-42fb-b74b-628ec9ec7fbd: 41 arrays, 450.0 MB stored; 12.6 s; peak memory 416 MiB.
2026-10-10T02:39:19Z INFO [715/1000] 5cb3169c-5481-4d9d-bfc1-c0f972edd566: 112 arrays, 0.7 MB stored; 1.6 s; peak memory 416 MiB.
2026-10-10T02:39:20Z INFO [716/1000] 5cb3a1b8-e25f-4745-9fc6-50bccbda3bb6: 37 arrays, 2.9 MB stored; 1.1 s; peak memory 416 MiB.
2026-10-10T02:39:21Z INFO [717/1000] 5cb1e73b-a522-4da7-b36d-c2c7158ce353: 48 arrays, 42534.7 MB stored; 19.7 s; peak memory 416 MiB.
2026-10-10T02:39:22Z INFO [718/1000] 5cb3f4ef-ca5e-45a5-a76a-f3bee2ce80ef: 33 arrays, 0.0 MB stored; 1.2 s; peak memory 416 MiB.
2026-10-10T02:39:23Z INFO [719/1000] 5cb45070-58f4-474e-8eca-3d934ed6b488: 63 arrays, 0.1 MB stored; 1.1 s; peak memory 416 MiB.
2026-10-10T02:39:24Z INFO [720/1000] 5cb48fbd-34ba-4ddf-8ff7-25ad194f239f: 35 arrays, 0.0 MB stored; 1.0 s; peak memory 416 MiB.
2026-10-10T02:39:25Z INFO [721/1000] 5cb51f8e-cea6-4f5c-b15a-adb60d499d9f: 48 arrays, 83.9 MB stored; 1.3 s; peak memory 416 MiB.
2026-10-10T02:39:26Z INFO [722/1000] 5cb54e29-02eb-446e-98a2-5433da9e5833: 41 arrays, 8.4 MB stored; 1.0 s; peak memory 416 MiB.
2026-10-10T02:39:27Z INFO [723/1000] 5cb5b36b-8cbc-4c6b-9902-c7cc6475949c: 66 arrays, 19.5 MB stored; 1.4 s; peak memory 416 MiB.
2026-10-10T02:39:29Z INFO [724/1000] 5cb5f0b1-a9ce-48c6-a709-9b006b7b5d53: 112 arrays, 0.2 MB stored; 1.2 s; peak memory 416 MiB.
2026-10-10T02:39:30Z INFO [725/1000] 5cb61fa1-93c0-47d6-82af-d50778e25426: 117 arrays, 0.6 MB stored; 1.4 s; peak memory 416 MiB.
2026-10-10T02:39:31Z INFO [726/1000] 5cb3d983-5ed8-4006-8629-f3fde42a6c99: 1326 arrays, 27.0 MB stored; 10.9 s; peak memory 416 MiB.
2026-10-10T02:39:31Z INFO [727/1000] 5cb62044-dc86-4939-a228-38c6260dcbd2: 48 arrays, 83.9 MB stored; 1.2 s; peak memory 416 MiB.
2026-10-10T02:39:33Z INFO [728/1000] 5cb64069-6e8f-470c-b108-708632e30198: 118 arrays, 0.3 MB stored; 1.4 s; peak memory 416 MiB.
2026-10-10T02:39:36Z INFO [729/1000] 5cb672c5-c59a-4b58-8ce3-7f79640dee4c: 156 arrays, 193.5 MB stored; 3.1 s; peak memory 416 MiB.
2026-10-10T02:39:37Z INFO [730/1000] 5cb68bb0-1673-428f-8cd1-f4cf68000da3: 117 arrays, 0.3 MB stored; 1.4 s; peak memory 416 MiB.
2026-10-10T02:39:38Z INFO [731/1000] 5cb6f7cb-ef5d-44d5-9dea-4be1a53d9b57: 68 arrays, 11.0 MB stored; 1.2 s; peak memory 416 MiB.
2026-10-10T02:39:39Z INFO [732/1000] 5cb78dbd-dad8-4c5d-a14c-ae90e27b9909: 48 arrays, 83.9 MB stored; 1.1 s; peak memory 416 MiB.
2026-10-10T02:39:43Z INFO [733/1000] 5cb83180-9b58-4c42-91d4-6daae72f74a7: 229 arrays, 239.9 MB stored; 3.8 s; peak memory 416 MiB.
2026-10-10T02:39:44Z INFO [734/1000] 5cb8719f-0c0f-424f-a092-fd7d909bfe9b: 46 arrays, 0.0 MB stored; 0.9 s; peak memory 416 MiB.
2026-10-10T02:39:45Z INFO [735/1000] 5cb88048-b2ae-412f-a341-a4471ebe9500: 38 arrays, 0.5 MB stored; 1.0 s; peak memory 416 MiB.
2026-10-10T02:39:46Z INFO [736/1000] 5cb63b11-3470-4c67-acff-0cfafc11823e: 522 arrays, 4251.0 MB stored; 15.0 s; peak memory 416 MiB.
2026-10-10T02:39:47Z INFO [737/1000] 5cb8e99d-8b76-40e0-8b3c-91860b4ed85d: 117 arrays, 0.4 MB stored; 1.4 s; peak memory 416 MiB.
2026-10-10T02:39:48Z INFO [738/1000] 5cb96fac-a3c2-4a27-9d19-2d2f6b449286: 48 arrays, 83.9 MB stored; 1.1 s; peak memory 416 MiB.
2026-10-10T02:39:48Z INFO [739/1000] 5cb9456e-61b2-4651-a89f-0bbdc8cc3663: 110 arrays, 0.7 MB stored; 1.6 s; peak memory 416 MiB.
2026-10-10T02:39:49Z INFO [740/1000] 5cb9aa37-aeb2-494c-ae18-df877a0cb44a: 35 arrays, 0.0 MB stored; 1.2 s; peak memory 416 MiB.
2026-10-10T02:39:49Z INFO [741/1000] 5cb9c634-77ea-42eb-8491-33e88c95da46: 52 arrays, 12.2 MB stored; 1.3 s; peak memory 416 MiB.
2026-10-10T02:39:50Z INFO [742/1000] 5cba91a0-0bd8-4c98-98bf-843b7ae3875d: 117 arrays, 0.2 MB stored; 1.3 s; peak memory 416 MiB.
2026-10-10T02:39:51Z INFO [743/1000] 5cb9e8e8-52f1-40c5-b263-82181b6436e4: 174 arrays, 1.0 MB stored; 1.7 s; peak memory 416 MiB.
2026-10-10T02:39:53Z INFO [744/1000] 5cbaaf2d-316f-45d1-b8ac-45ba2b79adca: 186 arrays, 33.7 MB stored; 2.1 s; peak memory 416 MiB.
2026-10-10T02:39:54Z INFO [745/1000] 5cbb1fec-be64-446b-b061-f76844a9d729: 48 arrays, 83.9 MB stored; 1.2 s; peak memory 416 MiB.
2026-10-10T02:39:55Z INFO [746/1000] 5cbaa6a9-e5b7-4427-a48d-1f8178965162: 200 arrays, 196.3 MB stored; 4.3 s; peak memory 416 MiB.
2026-10-10T02:39:55Z INFO [747/1000] 5cbb28a2-32a5-42b4-ba00-0f470c44c916: 47 arrays, 51.0 MB stored; 1.5 s; peak memory 416 MiB.
2026-10-10T02:39:56Z INFO [748/1000] 5cbc3616-8b8a-48f5-bb97-cb44596454d3: 54 arrays, 0.0 MB stored; 1.1 s; peak memory 416 MiB.
2026-10-10T02:39:57Z INFO [749/1000] 5cbc652e-0d9f-4e32-a570-c9374c1a0b70: 48 arrays, 83.9 MB stored; 1.2 s; peak memory 416 MiB.
2026-10-10T02:39:57Z INFO [750/1000] 5cbd81df-a4cc-4a11-8c5b-26a64755965c: 117 arrays, 0.4 MB stored; 1.4 s; peak memory 416 MiB.
2026-10-10T02:39:58Z INFO [751/1000] 5cbe7704-7d60-4891-8a4f-7a0c522b6ad2: 69 arrays, 27.9 MB stored; 1.4 s; peak memory 416 MiB.
2026-10-10T02:39:59Z INFO [752/1000] 5cbefab1-5577-4ea6-8ff9-91a1c346d6ea: 112 arrays, 0.6 MB stored; 1.4 s; peak memory 416 MiB.
2026-10-10T02:40:01Z INFO [753/1000] 5cbf3fff-6ee7-4da2-b722-35eadb40b853: 48 arrays, 83.9 MB stored; 1.1 s; peak memory 416 MiB.
2026-10-10T02:40:02Z INFO [754/1000] 5cbf7351-4616-4855-b2e0-d805f57ff8ba: 101 arrays, 12.7 MB stored; 1.8 s; peak memory 416 MiB.
2026-10-10T02:40:03Z INFO [755/1000] 5cbff9c4-f90d-4bcf-8abd-7c7c78f73c83: 39 arrays, 0.3 MB stored; 1.1 s; peak memory 416 MiB.
2026-10-10T02:40:05Z INFO [756/1000] 5cc01311-b0ee-4e7c-bec1-f2ea010b2cb6: 69 arrays, 22.3 MB stored; 1.5 s; peak memory 416 MiB.
2026-10-10T02:40:06Z INFO [757/1000] 5cc04292-b4fc-4e84-87f5-0fdd4b1d4ce8: 38 arrays, 0.5 MB stored; 1.0 s; peak memory 416 MiB.
2026-10-10T02:40:10Z INFO [758/1000] 5cbe9079-698e-4adf-8520-4c65e3919608: 769 arrays, 19.8 MB stored; 13.1 s; peak memory 416 MiB.
2026-10-10T02:40:11Z INFO [759/1000] 5cc0b5ff-aad5-4a38-b30d-efe4365c75ea: 112 arrays, 0.4 MB stored; 1.3 s; peak memory 416 MiB.
2026-10-10T02:40:13Z INFO [760/1000] 5cc2063b-6e72-4eb3-8fa9-64fb29edea90: 112 arrays, 1.2 MB stored; 1.7 s; peak memory 416 MiB.
2026-10-10T02:40:14Z INFO [761/1000] 5cc04e53-8a19-4321-b787-50b0f3fa5d53: 4407 arrays, 17.9 MB stored; 8.2 s; peak memory 416 MiB.
2026-10-10T02:40:15Z INFO [762/1000] 5ca8568f-97f8-4bcf-b1e8-b77d632734c3: 167 arrays, 21118.8 MB stored; 112.5 s; peak memory 416 MiB.
2026-10-10T02:40:16Z INFO [763/1000] 5cc2a538-3bfc-42ff-a1a9-4f89c3b300cf: 67 arrays, 37.7 MB stored; 1.6 s; peak memory 416 MiB.
2026-10-10T02:40:16Z INFO [764/1000] 5cc3525a-594a-48a6-96bd-9da9cae94232: 112 arrays, 0.6 MB stored; 1.4 s; peak memory 416 MiB.
2026-10-10T02:40:18Z INFO [765/1000] 5cc2514d-e3d5-4cce-96ad-d49ccce7b467: 229 arrays, 245.5 MB stored; 4.8 s; peak memory 416 MiB.
2026-10-10T02:40:19Z INFO [766/1000] 5cc3f70f-2850-4d4e-8dbf-1891a7df2220: 66 arrays, 1.1 MB stored; 1.3 s; peak memory 416 MiB.
2026-10-10T02:40:20Z INFO [767/1000] 5c8b1af2-da6d-4c52-91fb-baaccd942462: 62 arrays, 24764.7 MB stored; 204.6 s; peak memory 416 MiB.
2026-10-10T02:40:21Z INFO [768/1000] 5cb158e5-fad2-4cea-8aee-30ff6eddaaa4: 16676 arrays, 808.7 MB stored; 82.2 s; peak memory 416 MiB.
2026-10-10T02:40:21Z INFO [769/1000] 5cc85e76-81ba-4461-a48f-023d541fde52: 51 arrays, 0.0 MB stored; 1.0 s; peak memory 416 MiB.
2026-10-10T02:40:23Z INFO [770/1000] 5cc8d863-8071-48ad-ae41-6b7fbfbad515: 114 arrays, 186.8 MB stored; 2.4 s; peak memory 416 MiB.
2026-10-10T02:40:24Z INFO [771/1000] 5cc9fa4c-549e-41a3-b975-1f0577bd1cee: 133 arrays, 42.6 MB stored; 3.0 s; peak memory 416 MiB.
2026-10-10T02:40:24Z INFO [772/1000] 5cc396a6-0537-4483-b3cc-c70aef9b83f6: 1100 arrays, 39.3 MB stored; 7.8 s; peak memory 416 MiB.
2026-10-10T02:40:24Z INFO [773/1000] 5cca38c2-56df-4206-afda-b1a79afdcdc2: 57 arrays, 0.0 MB stored; 1.1 s; peak memory 416 MiB.
2026-10-10T02:40:25Z INFO [774/1000] 5cca8c4d-816b-4938-a1fc-b20c2f662bff: 118 arrays, 0.5 MB stored; 1.5 s; peak memory 416 MiB.
2026-10-10T02:40:27Z INFO [775/1000] 5cca867a-cf79-402b-bf6c-4465f87d85e6: 1345 arrays, 12.0 MB stored; 3.3 s; peak memory 416 MiB.
2026-10-10T02:40:28Z INFO [776/1000] 5ccb2fc1-19df-45aa-baf5-9c4300da87cd: 133 arrays, 227.6 MB stored; 2.3 s; peak memory 416 MiB.
2026-10-10T02:40:29Z INFO [777/1000] 5ccbab50-d52d-4b4d-9905-274e57f3f63f: 57 arrays, 0.0 MB stored; 1.0 s; peak memory 416 MiB.
2026-10-10T02:40:30Z INFO [778/1000] 5ccbbadf-b346-4d9e-a1ee-1fb10ea374f7: 48 arrays, 83.9 MB stored; 1.1 s; peak memory 416 MiB.
2026-10-10T02:40:31Z INFO [779/1000] 5ccbcb7b-24db-4586-82bb-52568aef0e18: 112 arrays, 0.2 MB stored; 1.2 s; peak memory 416 MiB.
2026-10-10T02:40:32Z INFO [780/1000] 5ccbfb5d-f598-401f-a1e0-95c72f542894: 52 arrays, 16.3 MB stored; 1.2 s; peak memory 416 MiB.
2026-10-10T02:40:33Z INFO [781/1000] 5ccc0ee6-2992-4252-b85a-6e8cf9691887: 117 arrays, 0.3 MB stored; 1.3 s; peak memory 416 MiB.
2026-10-10T02:40:35Z INFO [782/1000] 5ccc5054-cbba-47e0-bc6d-1fc596efa216: 158 arrays, 1.2 MB stored; 1.6 s; peak memory 416 MiB.
2026-10-10T02:40:36Z INFO [783/1000] 5ccb47cd-0c25-4c6f-a0b9-572e9dc664e4: 988 arrays, 22.4 MB stored; 9.3 s; peak memory 416 MiB.
2026-10-10T02:40:36Z INFO [784/1000] 5ccce722-d2c3-4445-b01f-16bf365151e5: 48 arrays, 83.9 MB stored; 1.3 s; peak memory 416 MiB.
2026-10-10T02:40:38Z INFO [785/1000] 5cccfdcc-c19f-40cb-a050-78d98994450e: 48 arrays, 83.9 MB stored; 1.2 s; peak memory 416 MiB.
2026-10-10T02:40:38Z INFO [786/1000] 5ccd1fbf-46b7-4ff1-9669-06bec3843bff: 48 arrays, 83.9 MB stored; 1.3 s; peak memory 416 MiB.
2026-10-10T02:40:39Z INFO [787/1000] 5ccd3051-7e8f-4064-8e0b-07a0d7f31744: 57 arrays, 0.0 MB stored; 1.1 s; peak memory 416 MiB.
2026-10-10T02:40:40Z INFO [788/1000] 5ccd83d3-9f45-4c97-8bcf-e6917a1881bc: 117 arrays, 0.3 MB stored; 1.3 s; peak memory 416 MiB.
2026-10-10T02:40:40Z INFO [789/1000] 5ccd6b65-99d4-4dcf-89d2-433390ab1698: 116 arrays, 187.2 MB stored; 2.6 s; peak memory 416 MiB.
2026-10-10T02:40:42Z INFO [790/1000] 5cc35f04-be05-47ee-9310-c1aaee1f4866: 8362 arrays, 90.8 MB stored; 26.3 s; peak memory 416 MiB.
2026-10-10T02:40:43Z INFO [791/1000] 5ccd9576-b5b1-4ff4-8ce0-b0212b221711: 104 arrays, 18.6 MB stored; 2.7 s; peak memory 416 MiB.
2026-10-10T02:40:43Z INFO [792/1000] 5ccdeb03-31f1-4ba3-a843-ce2ecabb2130: 48 arrays, 83.9 MB stored; 1.2 s; peak memory 416 MiB.
2026-10-10T02:40:44Z INFO [793/1000] 5cce3d86-cf43-44b3-9c5c-2ff5490abc4c: 48 arrays, 83.9 MB stored; 1.2 s; peak memory 416 MiB.
2026-10-10T02:40:44Z INFO [794/1000] 5cce3ea5-2e19-4fe0-80e5-3a9d312a3aa0: 48 arrays, 83.9 MB stored; 1.1 s; peak memory 416 MiB.
2026-10-10T02:40:45Z INFO [795/1000] 5cce42c1-7721-4597-aaba-636d45f44bfa: 38 arrays, 0.5 MB stored; 1.1 s; peak memory 416 MiB.
2026-10-10T02:40:46Z INFO [796/1000] 5ccfa47a-662b-4253-980f-e65f4143b05d: 112 arrays, 0.5 MB stored; 1.4 s; peak memory 416 MiB.
2026-10-10T02:40:46Z INFO [797/1000] 5ccfa8d2-bfbb-46a8-9093-cfe0e542eafe: 46 arrays, 1.5 MB stored; 1.2 s; peak memory 416 MiB.
2026-10-10T02:40:47Z INFO [798/1000] 5ccff235-30b1-41ef-95e4-c775b9d867f8: 46 arrays, 0.0 MB stored; 0.9 s; peak memory 416 MiB.
2026-10-10T02:40:48Z INFO [799/1000] 5ccfe63f-eaea-4800-a5c7-fd3f007421a6: 71 arrays, 230.6 MB stored; 2.0 s; peak memory 416 MiB.
2026-10-10T02:40:48Z INFO [800/1000] 5cd11c1b-2c7a-4d03-b2eb-8ac2bc55f5d9: 52 arrays, 0.0 MB stored; 0.9 s; peak memory 416 MiB.
2026-10-10T02:40:49Z INFO [800/1000] 5cd11c1b-2c7a-4d03-b2eb-8ac2bc55f5d9: checkpointed 800 new records.
2026-10-10T02:40:49Z INFO [801/1000] 5ccdac1c-0ed2-44ef-a082-519f10d52862: 714 arrays, 19.3 MB stored; 7.8 s; peak memory 416 MiB.
2026-10-10T02:40:50Z INFO [802/1000] 5cd1e5e3-2dc7-4c6e-9375-1adac03249b9: 48 arrays, 83.9 MB stored; 1.7 s; peak memory 416 MiB.
2026-10-10T02:40:50Z INFO [803/1000] 5cd2bdbd-4ff1-40e5-9ae1-8a2ef2b485ca: 38 arrays, 34.4 MB stored; 2.2 s; peak memory 416 MiB.
2026-10-10T02:40:51Z INFO [804/1000] 5cd30063-360b-41d6-8b9a-cee41f73ab65: 117 arrays, 0.3 MB stored; 1.3 s; peak memory 416 MiB.
2026-10-10T02:40:52Z INFO [805/1000] 5cd33d14-85c0-4aae-96d0-702cfa2e782c: 69 arrays, 48.3 MB stored; 1.6 s; peak memory 416 MiB.
2026-10-10T02:40:52Z INFO [806/1000] 5cd345a7-e21b-4b02-8ebf-c8f2aeb9117b: 39 arrays, 6.6 MB stored; 1.3 s; peak memory 416 MiB.
2026-10-10T02:40:53Z INFO [807/1000] 5cd20fba-694a-4b94-a13f-c6c9c5b9f4eb: 208 arrays, 54.1 MB stored; 4.9 s; peak memory 416 MiB.
2026-10-10T02:40:53Z INFO [808/1000] 5cd3822a-70a2-48ba-a287-09bfac62c203: 48 arrays, 83.9 MB stored; 1.3 s; peak memory 416 MiB.
2026-10-10T02:40:53Z INFO [809/1000] 5cd3c63d-e0e0-496b-bfbf-4ad37f561d0e: 61 arrays, 0.3 MB stored; 1.2 s; peak memory 416 MiB.
2026-10-10T02:40:55Z INFO [810/1000] 5cd5135a-e45d-4400-9a89-b962be598049: 68 arrays, 1.0 MB stored; 1.3 s; peak memory 416 MiB.
2026-10-10T02:40:56Z INFO [811/1000] 5cd543c6-9030-419e-b8d8-b9c40e3f0f4c: 51 arrays, 4038.2 MB stored; 1.4 s; peak memory 416 MiB.
2026-10-10T02:40:57Z INFO [812/1000] 5cd62d4f-cbd3-422d-81ca-1732391ebfa3: 48 arrays, 83.9 MB stored; 1.2 s; peak memory 416 MiB.
2026-10-10T02:40:59Z INFO [813/1000] 5cd4b7e5-070e-4976-94b9-df97db620785: 196 arrays, 589.0 MB stored; 5.5 s; peak memory 416 MiB.
2026-10-10T02:40:59Z INFO [814/1000] 5cd7772f-09dc-4535-9856-c5b9e74935d9: 71 arrays, 123.9 MB stored; 1.8 s; peak memory 416 MiB.
2026-10-10T02:41:00Z INFO [815/1000] 5cd7bae8-edf5-417b-bdf5-0859a8f9d9ab: 46 arrays, 5.5 MB stored; 1.1 s; peak memory 416 MiB.
2026-10-10T02:41:00Z INFO [816/1000] 5cd837ba-7330-4772-9a94-96c2e87fb8bd: 118 arrays, 0.3 MB stored; 1.4 s; peak memory 416 MiB.
2026-10-10T02:41:01Z INFO [817/1000] 5cd84214-6076-4da1-87cd-fa7d92be08dc: 33 arrays, 483.7 MB stored; 1.3 s; peak memory 416 MiB.
2026-10-10T02:41:02Z INFO [818/1000] 5cd8423c-081b-48df-acde-d321e55cadf0: 119 arrays, 66.4 MB stored; 1.7 s; peak memory 416 MiB.
2026-10-10T02:41:02Z INFO [819/1000] 5cd8752d-fec4-4495-9ef5-9b7bc2b94e88: 48 arrays, 83.9 MB stored; 1.1 s; peak memory 416 MiB.
2026-10-10T02:41:03Z INFO [820/1000] 5ccafd19-ea8a-4599-af71-09041ff2b5e2: 55 arrays, 2332.6 MB stored; 38.7 s; peak memory 416 MiB.
2026-10-10T02:41:04Z INFO [821/1000] 5cd97132-c728-4cb9-869b-d25a01401a5e: 117 arrays, 0.5 MB stored; 1.5 s; peak memory 416 MiB.
2026-10-10T02:41:04Z INFO [822/1000] 5cd99981-793a-4c78-a63d-ebf67ded96fb: 48 arrays, 14.4 MB stored; 1.4 s; peak memory 416 MiB.
2026-10-10T02:41:05Z INFO [823/1000] 5cd9a5c5-2b8d-401c-bc70-e958249be9dc: 69 arrays, 27.9 MB stored; 1.6 s; peak memory 416 MiB.
2026-10-10T02:41:06Z INFO [824/1000] 5cd9b4b8-e896-4344-aca1-c611bd9afe11: 46 arrays, 12.6 MB stored; 1.3 s; peak memory 416 MiB.
2026-10-10T02:41:06Z INFO [825/1000] 5cd9d698-2b85-4e6c-9cfb-3bbc5d87c6b4: 48 arrays, 83.9 MB stored; 1.1 s; peak memory 416 MiB.
2026-10-10T02:41:07Z INFO [826/1000] 5cd94434-9884-45bc-bce5-adf90092aed3: 225 arrays, 426.7 MB stored; 4.9 s; peak memory 416 MiB.
2026-10-10T02:41:07Z INFO [827/1000] 5cda2c3e-d766-4728-b7bc-5f1cf7911ab5: 66 arrays, 41.1 MB stored; 1.7 s; peak memory 416 MiB.
2026-10-10T02:41:08Z INFO [828/1000] 5cda3231-4610-4177-a38f-97c081d51e9c: 48 arrays, 83.9 MB stored; 1.2 s; peak memory 416 MiB.
2026-10-10T02:41:08Z INFO [829/1000] 5cda37d4-e2ff-4335-85e2-aea55c609ab2: 46 arrays, 0.0 MB stored; 1.0 s; peak memory 416 MiB.
2026-10-10T02:41:09Z INFO [830/1000] 5cdadfbc-1ca0-4025-a239-1fc684b84efe: 117 arrays, 0.2 MB stored; 1.4 s; peak memory 416 MiB.
2026-10-10T02:41:09Z INFO [831/1000] 5cdb5389-571d-42f8-a4f7-ba4eab51e30f: 117 arrays, 0.5 MB stored; 1.5 s; peak memory 416 MiB.
2026-10-10T02:41:09Z INFO [832/1000] 5cdb73c7-8f47-4b1f-bf3f-0eb2a495bfe1: 48 arrays, 83.9 MB stored; 1.3 s; peak memory 416 MiB.
2026-10-10T02:41:10Z INFO [833/1000] 5cdbba40-330f-4559-bedf-348de9976c5e: 46 arrays, 0.0 MB stored; 1.0 s; peak memory 416 MiB.
2026-10-10T02:41:11Z INFO [834/1000] 5cdc8c58-5dc8-4c44-9eca-24dc9c507efb: 48 arrays, 83.9 MB stored; 1.4 s; peak memory 416 MiB.
2026-10-10T02:41:24Z INFO [835/1000] 5cddca6b-a520-4139-af94-8088fabe46f8: 36 arrays, 605.0 MB stored; 13.0 s; peak memory 416 MiB.
2026-10-10T02:41:25Z INFO [836/1000] 5cde3c73-a1ec-4e7f-853d-d258e3109e25: 48 arrays, 83.9 MB stored; 1.2 s; peak memory 416 MiB.
2026-10-10T02:41:26Z INFO [837/1000] 5cde3dcf-17e5-4495-a0be-32fe04b0bacc: 46 arrays, 0.1 MB stored; 0.9 s; peak memory 416 MiB.
2026-10-10T02:41:27Z INFO [838/1000] 5cdf2a59-1e4a-4029-9ea1-90b405f9fa6e: 69 arrays, 45.5 MB stored; 1.2 s; peak memory 416 MiB.
2026-10-10T02:41:36Z INFO [839/1000] 5cc582a7-84c2-479f-a7ec-adb58ae279b2: 9724 arrays, 173.6 MB stored; 77.0 s; peak memory 416 MiB.
2026-10-10T02:41:38Z INFO [840/1000] 5cdfb2bc-964f-441f-8031-581b67453aa5: 118 arrays, 0.5 MB stored; 1.4 s; peak memory 416 MiB.
2026-10-10T02:41:50Z INFO [841/1000] 5ce041d4-d386-4f27-aab7-0d3aa1abf585: 432 arrays, 1319.3 MB stored; 12.8 s; peak memory 416 MiB.
2026-10-10T02:41:53Z INFO [842/1000] 5ce04799-49bc-44a0-8fca-734aa235d91d: 114 arrays, 186.8 MB stored; 2.4 s; peak memory 416 MiB.
2026-10-10T02:41:54Z INFO [843/1000] 5ce08f81-4a90-4095-adba-5f8774cc066c: 48 arrays, 83.9 MB stored; 1.2 s; peak memory 416 MiB.
2026-10-10T02:41:55Z INFO [844/1000] 5ce09ed6-6b3b-428a-aff5-87e80cec40b0: 59 arrays, 80.4 MB stored; 1.5 s; peak memory 416 MiB.
2026-10-10T02:41:57Z INFO [845/1000] 5ce0f32f-ae4c-4d39-8372-a96543256fa8: 48 arrays, 83.9 MB stored; 1.2 s; peak memory 416 MiB.
2026-10-10T02:41:58Z INFO [846/1000] 5ce0fe5e-40d4-4688-92db-23c8068ce660: 79 arrays, 0.1 MB stored; 1.4 s; peak memory 416 MiB.
2026-10-10T02:41:59Z INFO [847/1000] 5ce131c3-79fa-45ec-b71c-fdda85481a17: 48 arrays, 83.9 MB stored; 1.1 s; peak memory 416 MiB.
2026-10-10T02:42:01Z INFO [848/1000] 5ce1342a-58bc-408e-b42d-a5bd6c7a45f7: 112 arrays, 0.5 MB stored; 1.5 s; peak memory 416 MiB.
2026-10-10T02:42:01Z INFO [849/1000] 5cd42eb9-c0bb-4c16-a4c5-01660f232e10: 62 arrays, 95405.7 MB stored; 68.1 s; peak memory 416 MiB.
2026-10-10T02:42:02Z INFO [850/1000] 5ce205f1-0f17-41dc-b075-c81d5c00617b: 69 arrays, 29.9 MB stored; 1.5 s; peak memory 416 MiB.
2026-10-10T02:42:03Z INFO [851/1000] 5ce170d7-9a7c-428d-9aa7-757f36b7b9c6: 115 arrays, 190.2 MB stored; 2.5 s; peak memory 416 MiB.
2026-10-10T02:42:04Z INFO [852/1000] 5ce20a53-524a-4a92-90bc-9b5d9ba0d6d8: 83 arrays, 2.7 MB stored; 1.7 s; peak memory 416 MiB.
2026-10-10T02:42:05Z INFO [853/1000] 5ce239cc-fc17-4cd7-8fef-4287f8e5e6c9: 112 arrays, 0.7 MB stored; 1.6 s; peak memory 416 MiB.
2026-10-10T02:42:05Z INFO [854/1000] 5ce3975d-5677-4c73-81f6-3a4e1001121f: 48 arrays, 83.9 MB stored; 1.2 s; peak memory 416 MiB.
2026-10-10T02:42:07Z INFO [855/1000] 5ce3e460-5ced-4641-9d10-b58f9f37b72a: 110 arrays, 0.7 MB stored; 1.8 s; peak memory 416 MiB.
2026-10-10T02:42:10Z INFO [856/1000] 5cdcf07c-5260-40e1-bbde-f0f585f3c4be: 13058 arrays, 280.0 MB stored; 60.7 s; peak memory 416 MiB.
2026-10-10T02:42:11Z INFO [857/1000] 5ce517bf-6670-4e50-8335-463b1e45375a: 229 arrays, 2637.7 MB stored; 5.6 s; peak memory 416 MiB.
2026-10-10T02:42:12Z INFO [858/1000] 5ce6a396-e652-4849-9bd1-b99cfed3b681: 46 arrays, 0.0 MB stored; 0.9 s; peak memory 416 MiB.
2026-10-10T02:42:13Z INFO [859/1000] 5ce704f2-c930-4d6f-97ca-67ba25cc6a67: 69 arrays, 0.1 MB stored; 1.5 s; peak memory 416 MiB.
2026-10-10T02:42:15Z INFO [860/1000] 5ce5a128-1489-4728-8972-cd7fa6fe0b1a: 336 arrays, 44.0 MB stored; 8.0 s; peak memory 416 MiB.
2026-10-10T02:42:15Z INFO [861/1000] 5ce778de-6b0a-4925-838e-485c6a2890cf: 117 arrays, 0.4 MB stored; 1.4 s; peak memory 416 MiB.
2026-10-10T02:42:16Z INFO [862/1000] 5ce7fa7c-beb0-41e4-b783-e265b0800593: 48 arrays, 83.9 MB stored; 1.2 s; peak memory 416 MiB.
2026-10-10T02:42:17Z INFO [863/1000] 5ce8a32a-3ec8-4658-ac7d-8fbe7a6f4914: 52 arrays, 11.6 MB stored; 1.2 s; peak memory 416 MiB.
2026-10-10T02:42:22Z INFO [864/1000] 5ce8ecd7-5729-4471-bd57-20d09a6ada46: 196 arrays, 617.3 MB stored; 5.6 s; peak memory 416 MiB.
2026-10-10T02:42:24Z INFO [865/1000] 5cea9c65-648f-4135-9f8d-777a0e738ac9: 146 arrays, 84.4 MB stored; 2.0 s; peak memory 416 MiB.
2026-10-10T02:42:26Z INFO [866/1000] 5ceaf09b-4899-4aab-a307-809c83d7c008: 41 arrays, 2.3 MB stored; 1.1 s; peak memory 416 MiB.
2026-10-10T02:42:28Z INFO [867/1000] 5cec7949-75c0-4384-b5a3-da83b5cfab3c: 115 arrays, 190.1 MB stored; 2.5 s; peak memory 416 MiB.
2026-10-10T02:42:36Z INFO [868/1000] 5cddc33c-bf64-409f-95d4-e62e58251f0c: 55 arrays, 7709.9 MB stored; 86.8 s; peak memory 416 MiB.
2026-10-10T02:42:36Z INFO [869/1000] 5ced06fa-a951-42eb-95a0-848fb4255297: 97 arrays, 82.5 MB stored; 8.4 s; peak memory 416 MiB.
2026-10-10T02:42:37Z INFO [870/1000] 5ce89b86-4be3-4514-9322-d737a1f9349f: 36 arrays, 1032.8 MB stored; 22.5 s; peak memory 416 MiB.
2026-10-10T02:42:38Z INFO [871/1000] 5cef7bce-cd4e-42ac-a32e-7cb525579a6c: 117 arrays, 0.4 MB stored; 1.5 s; peak memory 416 MiB.
2026-10-10T02:42:38Z INFO [872/1000] 5ceeebaf-68d1-4124-9b2e-28ad10e621fe: 66 arrays, 70.9 MB stored; 1.8 s; peak memory 416 MiB.
2026-10-10T02:42:39Z INFO [873/1000] 5cf093d8-42ad-42d4-a918-7c27e2b2e109: 44 arrays, 0.1 MB stored; 1.2 s; peak memory 416 MiB.
2026-10-10T02:42:41Z INFO [874/1000] 5cf094e8-eadd-4c82-b2ff-0175a8c5d1bd: 72 arrays, 1.8 MB stored; 1.2 s; peak memory 416 MiB.
2026-10-10T02:42:42Z INFO [875/1000] 5cf0e2db-b076-43a0-848f-4b1169e95bd8: 112 arrays, 0.7 MB stored; 1.6 s; peak memory 416 MiB.
2026-10-10T02:42:43Z INFO [876/1000] 5cf1e4d1-10b5-48c9-8348-9261d83749ea: 117 arrays, 0.3 MB stored; 1.1 s; peak memory 416 MiB.
2026-10-10T02:43:36Z INFO [877/1000] 5ce5e8f3-db29-4463-a10b-607d686a42d5: 55 arrays, 7133.8 MB stored; 86.4 s; peak memory 416 MiB.
2026-10-10T02:43:38Z INFO [878/1000] 5cf22a3d-6adb-4b26-90d0-78434d850f45: 48 arrays, 83.9 MB stored; 1.3 s; peak memory 416 MiB.
2026-10-10T02:43:39Z INFO [879/1000] 5cf260ed-1110-4164-a179-6ab887dc6ae6: 117 arrays, 0.3 MB stored; 1.4 s; peak memory 416 MiB.
2026-10-10T02:43:40Z INFO [880/1000] 5cf2f329-12fe-4530-83bf-7cc6c5c5ecd7: 116 arrays, 9.7 MB stored; 1.2 s; peak memory 416 MiB.
2026-10-10T02:43:41Z INFO [881/1000] 5cf36754-9d5a-4338-aba4-748a71ad7aa2: 48 arrays, 83.9 MB stored; 1.1 s; peak memory 416 MiB.
2026-10-10T02:43:43Z INFO [882/1000] 5cf4295c-7222-49d5-bee3-c2625462fc23: 67 arrays, 2.5 MB stored; 1.2 s; peak memory 416 MiB.
2026-10-10T02:43:44Z INFO [883/1000] 5cf4a75c-0978-4fb5-864d-cac4558f09f0: 38 arrays, 25.0 MB stored; 1.9 s; peak memory 416 MiB.
2026-10-10T02:43:46Z INFO [884/1000] 5cf4f75d-8c62-4f33-93e0-3a986c31003c: 117 arrays, 0.5 MB stored; 1.5 s; peak memory 416 MiB.
2026-10-10T02:43:47Z INFO [885/1000] 5cf55a33-c3b5-4d02-8e73-64be06fa5085: 48 arrays, 83.9 MB stored; 1.2 s; peak memory 416 MiB.
2026-10-10T02:43:49Z INFO [886/1000] 5cf60502-75a6-4b0f-b1da-4081d9e95cdb: 69 arrays, 2.3 MB stored; 1.5 s; peak memory 416 MiB.
2026-10-10T02:43:50Z INFO [887/1000] 5cf66aa4-0cf4-4d34-8cea-f83fe1aca550: 71 arrays, 2.4 MB stored; 1.9 s; peak memory 416 MiB.
2026-10-10T02:43:51Z INFO [888/1000] 5cf67dd9-74b7-49c8-a3ae-9c7b9797598c: 48 arrays, 83.9 MB stored; 1.1 s; peak memory 416 MiB.
2026-10-10T02:43:53Z INFO [889/1000] 5cf76c04-009a-4f30-8e71-2de8bafc19c1: 117 arrays, 0.3 MB stored; 1.3 s; peak memory 416 MiB.
2026-10-10T02:43:56Z INFO [890/1000] 5cf7f1e6-178c-4575-8638-995d791c7747: 526 arrays, 7.0 MB stored; 3.2 s; peak memory 416 MiB.
2026-10-10T02:43:57Z INFO [891/1000] 5cf83e2c-d460-4577-938e-d1e4d10de7f5: 49 arrays, 1.6 MB stored; 1.2 s; peak memory 416 MiB.
2026-10-10T02:43:59Z INFO [892/1000] 5cf84d56-d6a8-4a6a-bce1-740fc5c3ab00: 38 arrays, 34.2 MB stored; 2.0 s; peak memory 416 MiB.
2026-10-10T02:44:00Z INFO [893/1000] 5cf86e4c-3f80-4a21-a6bb-a4aa90c6611c: 48 arrays, 83.9 MB stored; 1.2 s; peak memory 416 MiB.
2026-10-10T02:44:02Z INFO [894/1000] 5cf8f9ce-7679-4f48-8a97-94de5f28fdb6: 176 arrays, 0.7 MB stored; 1.5 s; peak memory 416 MiB.
2026-10-10T02:44:03Z INFO [895/1000] 5cfa9492-f3b5-4490-9f49-834603770a81: 84 arrays, 2.9 MB stored; 1.6 s; peak memory 416 MiB.
2026-10-10T02:44:05Z INFO [896/1000] 5cfb5c5d-ac50-496a-b9bf-a72670bfcc16: 46 arrays, 12.6 MB stored; 1.2 s; peak memory 416 MiB.
2026-10-10T02:44:06Z INFO [897/1000] 5cfb9697-077c-458f-8778-66b58bba81e6: 52 arrays, 0.0 MB stored; 1.0 s; peak memory 416 MiB.
2026-10-10T02:44:06Z INFO [898/1000] 5cdf7300-1cbf-44d5-8dc2-67459ac729fd: 62 arrays, 17157.2 MB stored; 159.4 s; peak memory 416 MiB.
2026-10-10T02:44:07Z INFO [899/1000] 5cfbe72d-263a-4a78-b487-ec5b540c2d85: 116 arrays, 0.4 MB stored; 1.3 s; peak memory 416 MiB.
2026-10-10T02:44:07Z INFO [900/1000] 5cfc73e0-5916-4b65-ac61-dbf83b8bf1f9: 46 arrays, 0.1 MB stored; 1.0 s; peak memory 416 MiB.
2026-10-10T02:44:08Z INFO [901/1000] 5cfc920d-b599-495b-b48f-9772cf3f3456: 110 arrays, 0.3 MB stored; 1.3 s; peak memory 416 MiB.
2026-10-10T02:44:09Z INFO [902/1000] 5cfc9d03-b803-47ad-bbf2-703aa10e8144: 117 arrays, 0.3 MB stored; 1.3 s; peak memory 416 MiB.
2026-10-10T02:44:09Z INFO [903/1000] 5cfd7c67-4c66-434b-a317-8f2b5c66b8d7: 48 arrays, 83.9 MB stored; 1.2 s; peak memory 416 MiB.
2026-10-10T02:44:10Z INFO [904/1000] 5cfda4e5-766e-4bd9-9446-f24dd5ea35f3: 117 arrays, 0.4 MB stored; 1.3 s; peak memory 416 MiB.
2026-10-10T02:44:11Z INFO [905/1000] 5cfdb7b1-fa95-413e-98b2-90bc946e9c5f: 48 arrays, 83.9 MB stored; 1.2 s; peak memory 416 MiB.
2026-10-10T02:44:12Z INFO [906/1000] 5cff0304-8122-4f48-85f9-f7195b24fc4b: 48 arrays, 83.9 MB stored; 1.2 s; peak memory 416 MiB.
2026-10-10T02:44:13Z INFO [907/1000] 5cff206e-b3fb-4e4b-a5a0-ac7fcbf03c8b: 50 arrays, 0.2 MB stored; 1.1 s; peak memory 416 MiB.
2026-10-10T02:44:14Z INFO [908/1000] 5cff410a-1fea-4f06-8919-61037d9c13f0: 48 arrays, 83.9 MB stored; 1.3 s; peak memory 416 MiB.
2026-10-10T02:44:15Z INFO [909/1000] 5cfea87c-57ba-4002-b74d-e65ac4d2f23d: 455 arrays, 6.9 MB stored; 4.7 s; peak memory 416 MiB.
2026-10-10T02:44:15Z INFO [910/1000] 5cff46d0-9457-40bc-a113-dc8ab65c949b: 48 arrays, 83.9 MB stored; 1.2 s; peak memory 416 MiB.
2026-10-10T02:44:16Z INFO [911/1000] 5cffd9c4-1e5d-4e80-8c2d-e8c1760e3f8e: 48 arrays, 83.9 MB stored; 1.1 s; peak memory 416 MiB.
2026-10-10T02:44:17Z INFO [912/1000] 5cffc792-236e-4bff-a7bb-98aa9db82de2: 38 arrays, 58.1 MB stored; 2.1 s; peak memory 416 MiB.
2026-10-10T02:44:19Z INFO [913/1000] 5d003534-49b3-4cd4-bcfa-fea41f699cbd: 115 arrays, 190.1 MB stored; 2.6 s; peak memory 416 MiB.
2026-10-10T02:44:20Z INFO [914/1000] 5cef8d72-dc14-4bac-b1ed-17c17c70d0ed: 241 arrays, 19747.2 MB stored; 101.8 s; peak memory 416 MiB.
2026-10-10T02:44:20Z INFO [915/1000] 5d00c0b7-8615-4188-8033-7fb97167283f: 48 arrays, 83.9 MB stored; 1.1 s; peak memory 416 MiB.
2026-10-10T02:44:22Z INFO [916/1000] 5d017cd0-09fa-4919-8762-b22f909eeb39: 68 arrays, 9.4 MB stored; 1.3 s; peak memory 416 MiB.
2026-10-10T02:44:22Z INFO [917/1000] 5d0153b3-796b-4020-9d32-544fa2484455: 138 arrays, 4.8 MB stored; 2.4 s; peak memory 416 MiB.
2026-10-10T02:44:23Z INFO [918/1000] 5d01c0a9-8e62-4c88-bda3-248747efc2c9: 112 arrays, 0.3 MB stored; 1.3 s; peak memory 416 MiB.
2026-10-10T02:44:24Z INFO [919/1000] 5d024788-4471-45c2-ac38-669f9da5a8d3: 69 arrays, 27.1 MB stored; 1.6 s; peak memory 416 MiB.
2026-10-10T02:44:24Z INFO [920/1000] 5d02a140-8a9f-4668-b82b-1077a4830e44: 67 arrays, 2.5 MB stored; 1.2 s; peak memory 416 MiB.
2026-10-10T02:44:25Z INFO [921/1000] 5d03bfb1-49e0-4f71-976e-800fef9cbda5: 92 arrays, 1.1 MB stored; 1.2 s; peak memory 416 MiB.
2026-10-10T02:44:25Z INFO [922/1000] 5d03b7c8-3838-45b0-b780-1501f233bab1: 275 arrays, 17.1 MB stored; 1.7 s; peak memory 416 MiB.
2026-10-10T02:44:27Z INFO [923/1000] 5d042bde-1ad8-4128-9f89-6f1ddbefd9d8: 48 arrays, 83.9 MB stored; 1.4 s; peak memory 416 MiB.
2026-10-10T02:44:27Z INFO [924/1000] 5d048f54-2df1-46c1-854a-6d7b365e37a8: 110 arrays, 0.4 MB stored; 1.2 s; peak memory 416 MiB.
2026-10-10T02:44:28Z INFO [925/1000] 5d04e981-d310-4443-bd7d-465c864ac2fa: 48 arrays, 83.9 MB stored; 1.3 s; peak memory 416 MiB.
2026-10-10T02:44:31Z INFO [926/1000] 5d04d9e1-cc82-4bba-b693-d47e64991ef1: 538 arrays, 7.3 MB stored; 4.4 s; peak memory 416 MiB.
2026-10-10T02:44:35Z INFO [927/1000] 5d055789-39eb-4679-8033-bff07790cffb: 1092 arrays, 45.6 MB stored; 7.4 s; peak memory 416 MiB.
2026-10-10T02:44:36Z INFO [928/1000] 5cef82ba-f63d-4880-b419-6f8ef7833a9d: 261 arrays, 22243.8 MB stored; 118.6 s; peak memory 416 MiB.
2026-10-10T02:44:37Z INFO [929/1000] 5d05e78d-250f-4942-be74-6f676fd794af: 46 arrays, 0.1 MB stored; 1.2 s; peak memory 416 MiB.
2026-10-10T02:44:38Z INFO [930/1000] 5d061774-b780-48c0-9812-41f5808fa98b: 48 arrays, 83.9 MB stored; 1.2 s; peak memory 416 MiB.
2026-10-10T02:44:46Z INFO [931/1000] 5cf22400-afcc-468c-870c-58279871412b: 261 arrays, 22243.8 MB stored; 122.3 s; peak memory 416 MiB.
2026-10-10T02:44:47Z INFO [932/1000] 5d075548-accc-475b-9874-265cfedac2f6: 48 arrays, 83.9 MB stored; 1.3 s; peak memory 416 MiB.
2026-10-10T02:44:48Z INFO [933/1000] 5d082be4-6c1e-4ae2-a31a-383eac99af2f: 52 arrays, 11.4 MB stored; 1.3 s; peak memory 416 MiB.
2026-10-10T02:44:50Z INFO [934/1000] 5d084f50-08f2-4eab-b3ef-055abe6a1888: 71 arrays, 0.2 MB stored; 1.4 s; peak memory 416 MiB.
2026-10-10T02:44:51Z INFO [935/1000] 5d0867db-fc02-4fa4-8611-e566dec7e30f: 48 arrays, 83.9 MB stored; 1.3 s; peak memory 416 MiB.
2026-10-10T02:44:52Z INFO [936/1000] 5d09356a-4d96-4310-b568-9eff3779033d: 48 arrays, 83.9 MB stored; 1.1 s; peak memory 416 MiB.
2026-10-10T02:44:53Z INFO [937/1000] 5d099ba5-1072-476f-b084-93e32c6fba65: 116 arrays, 9.7 MB stored; 1.3 s; peak memory 416 MiB.
2026-10-10T02:45:05Z INFO [938/1000] 5d09c3df-83c3-4ae9-873e-d7bcbda5c878: 1147 arrays, 31.4 MB stored; 11.7 s; peak memory 416 MiB.
2026-10-10T02:45:06Z WARNING 5b97c8e7-385f-48a7-932e-11725c06dca6: failed while reading the NWB file (TimeoutError: exceeded 1200 s)
2026-10-10T02:45:06Z WARNING [939/1000] 5b97c8e7-385f-48a7-932e-11725c06dca6: recorded the failure; a later run retries it.
2026-10-10T02:45:11Z INFO [940/1000] 5d0a2652-340f-4ded-8ae9-5da051f7e2b0: 36 arrays, 174.6 MB stored; 5.3 s; peak memory 416 MiB.
2026-10-10T02:45:13Z INFO [941/1000] 5d0a270d-3d56-4258-93d3-7c166b29d79d: 70 arrays, 4919.1 MB stored; 2.1 s; peak memory 416 MiB.
2026-10-10T02:45:15Z INFO [942/1000] 5d0a5e08-bd3a-4c41-994c-8c49abda5616: 118 arrays, 0.3 MB stored; 1.4 s; peak memory 416 MiB.
2026-10-10T02:45:16Z INFO [943/1000] 5d0ab9a6-5f8a-4099-9e8f-5ae8fff1ff34: 48 arrays, 83.9 MB stored; 1.1 s; peak memory 416 MiB.
2026-10-10T02:45:17Z INFO [944/1000] 5d0ae078-cea4-4be0-bd20-5115b4c5973f: 50 arrays, 130.5 MB stored; 1.3 s; peak memory 416 MiB.
2026-10-10T02:45:19Z INFO [945/1000] 5d0b1735-9dd5-4e67-aea9-aeb8bb45cce8: 74 arrays, 66.3 MB stored; 1.5 s; peak memory 416 MiB.
2026-10-10T02:45:20Z INFO [946/1000] 5d0b471e-a385-4541-9a65-d7317da0f88d: 72 arrays, 0.1 MB stored; 1.2 s; peak memory 416 MiB.
2026-10-10T02:45:21Z INFO [947/1000] 5d0b66ab-7ed2-4eb7-b054-5b742d5e0e52: 112 arrays, 0.6 MB stored; 1.4 s; peak memory 416 MiB.
2026-10-10T02:45:22Z INFO [948/1000] 5d0c180b-7473-4149-8d69-0537478c207b: 56 arrays, 0.0 MB stored; 1.1 s; peak memory 416 MiB.
2026-10-10T02:45:24Z INFO [949/1000] 5d0ccf26-83fb-4543-b127-0624e076de9f: 125 arrays, 135.0 MB stored; 1.5 s; peak memory 416 MiB.
2026-10-10T02:45:25Z INFO [950/1000] 5d0d04a5-51f5-40b7-a874-ce620195cf1b: 48 arrays, 83.9 MB stored; 1.1 s; peak memory 416 MiB.
2026-10-10T02:45:26Z INFO [951/1000] 5d0d4780-a64c-4b67-8c82-2d5b1f00f37d: 48 arrays, 83.9 MB stored; 1.2 s; peak memory 416 MiB.
2026-10-10T02:45:28Z INFO [952/1000] 5d09e551-c12c-4428-89a3-221aeb2258e6: 48 arrays, 37362.4 MB stored; 22.6 s; peak memory 416 MiB.
2026-10-10T02:45:28Z INFO [953/1000] 5d0f7123-3373-499e-a481-082ded241432: 112 arrays, 0.9 MB stored; 1.6 s; peak memory 416 MiB.
2026-10-10T02:45:29Z INFO [954/1000] 5d10ae83-d56c-4f17-8c99-5ad3a9395d15: 39 arrays, 3.9 MB stored; 1.1 s; peak memory 416 MiB.
2026-10-10T02:45:29Z INFO [955/1000] 5d1002e9-1e74-4382-9db5-d8a029559179: 117 arrays, 0.2 MB stored; 1.3 s; peak memory 416 MiB.
2026-10-10T02:45:30Z INFO [956/1000] 5d1131b0-cf18-4cc0-8f70-bbd9317c3138: 46 arrays, 0.0 MB stored; 1.0 s; peak memory 416 MiB.
2026-10-10T02:45:31Z INFO [957/1000] 5d11946a-5ba3-419a-851b-e9275fd2b095: 109 arrays, 2.2 MB stored; 1.4 s; peak memory 416 MiB.
2026-10-10T02:45:32Z INFO [958/1000] 5d12514f-eba3-42da-bede-b6f3ca9ef6da: 117 arrays, 0.3 MB stored; 1.3 s; peak memory 416 MiB.
2026-10-10T02:45:34Z INFO [959/1000] 5d13392d-587d-4f08-9676-2cffe5c3b4f7: 48 arrays, 83.9 MB stored; 1.3 s; peak memory 416 MiB.
2026-10-10T02:45:35Z INFO [960/1000] 5d13b9de-6c39-4e9d-a308-439240496fd3: 48 arrays, 83.9 MB stored; 1.2 s; peak memory 416 MiB.
2026-10-10T02:45:36Z INFO [961/1000] 5d1480aa-80bb-4ce6-ac9f-f8f7c735e29d: 117 arrays, 0.3 MB stored; 1.2 s; peak memory 416 MiB.
2026-10-10T02:45:38Z INFO [962/1000] 5d14e644-d59a-4429-9c94-3a45ffad286f: 112 arrays, 0.4 MB stored; 1.4 s; peak memory 416 MiB.
2026-10-10T02:45:44Z INFO [963/1000] 5d11462b-c00f-45d1-b32b-4659c6fbd2f3: 893 arrays, 21.3 MB stored; 14.9 s; peak memory 416 MiB.
2026-10-10T02:45:46Z INFO [964/1000] 5d164076-9750-474f-baa9-3c0c4f9c9daf: 115 arrays, 190.2 MB stored; 2.5 s; peak memory 416 MiB.
2026-10-10T02:45:46Z INFO [965/1000] 5d15e301-c507-4fdc-8876-2cab4fef428c: 11477 arrays, 312.6 MB stored; 8.7 s; peak memory 416 MiB.
2026-10-10T02:45:47Z INFO [966/1000] 5d1651ef-4868-421a-bb96-056aca2f6a55: 31 arrays, 0.1 MB stored; 1.2 s; peak memory 416 MiB.
2026-10-10T02:45:48Z INFO [967/1000] 5d165228-ca62-40f6-9bd1-cefbfacb8345: 48 arrays, 83.9 MB stored; 1.3 s; peak memory 416 MiB.
2026-10-10T02:45:49Z INFO [968/1000] 5d16ab69-1ef7-45a5-9ec7-7213d8b692df: 69 arrays, 1.5 MB stored; 1.5 s; peak memory 416 MiB.
2026-10-10T02:45:54Z INFO [969/1000] 5d172605-4d5f-4fc6-a3ec-3d70308a597c: 56 arrays, 135.5 MB stored; 5.5 s; peak memory 416 MiB.
2026-10-10T02:45:54Z INFO [970/1000] 5d16e91d-d470-40eb-894c-7cbbed7ed6c5: 61 arrays, 422.6 MB stored; 6.9 s; peak memory 416 MiB.
2026-10-10T02:45:55Z INFO [971/1000] 5d173a63-e065-4e59-a45c-ed105a3096fe: 48 arrays, 83.9 MB stored; 1.2 s; peak memory 416 MiB.
2026-10-10T02:45:56Z INFO [972/1000] 5d177b85-9af2-4056-8835-44218941a75f: 48 arrays, 83.9 MB stored; 1.4 s; peak memory 416 MiB.
2026-10-10T02:45:56Z INFO [973/1000] 5d179590-3d8b-4fe8-b88d-d27b89b2b9c0: 52 arrays, 0.0 MB stored; 1.0 s; peak memory 416 MiB.
2026-10-10T02:45:57Z INFO [974/1000] 5d179e4e-1815-4bdf-ac69-8deb1e92c9a7: 48 arrays, 83.9 MB stored; 1.1 s; peak memory 416 MiB.
2026-10-10T02:45:58Z INFO [975/1000] 5d18513c-7f59-45e4-8a65-bcd7898bd292: 59 arrays, 97.7 MB stored; 1.4 s; peak memory 416 MiB.
2026-10-10T02:46:02Z INFO [976/1000] 5d188597-49c5-42dc-86d0-3498540b0c73: 50 arrays, 126.6 MB stored; 3.3 s; peak memory 416 MiB.
2026-10-10T02:46:03Z INFO [977/1000] 5d17b64b-096a-4ae9-996f-68969a0c76f2: 629 arrays, 24.9 MB stored; 6.5 s; peak memory 416 MiB.
2026-10-10T02:46:03Z INFO [978/1000] 5d058356-1bd3-49b3-9d15-92989743c8f0: 23498 arrays, 413.1 MB stored; 92.4 s; peak memory 416 MiB.
2026-10-10T02:46:04Z INFO [979/1000] 5d18f850-4354-4aef-901b-383ef7c42230: 38 arrays, 59.0 MB stored; 2.4 s; peak memory 416 MiB.
2026-10-10T02:46:05Z INFO [980/1000] 5d1934da-6a92-4e4e-9014-29193324c593: 112 arrays, 0.6 MB stored; 1.6 s; peak memory 416 MiB.
2026-10-10T02:46:06Z INFO [981/1000] 5d1968bb-01d7-4780-927d-c5db41bf4fd4: 112 arrays, 0.4 MB stored; 1.5 s; peak memory 416 MiB.
2026-10-10T02:46:06Z INFO [982/1000] 5d195ea4-aef2-4f28-97e7-4155c7697b31: 188 arrays, 25.6 MB stored; 3.1 s; peak memory 416 MiB.
2026-10-10T02:46:07Z INFO [983/1000] 5d19e8c9-850e-4cc4-98d3-321e052fccad: 112 arrays, 0.4 MB stored; 1.4 s; peak memory 416 MiB.
2026-10-10T02:46:08Z INFO [984/1000] 5d19846a-a528-4856-a5aa-991d638eac46: 38 arrays, 5692.8 MB stored; 3.2 s; peak memory 416 MiB.
2026-10-10T02:46:09Z INFO [985/1000] 5d1a778a-41be-493a-bccf-b3271b6ad78f: 112 arrays, 0.8 MB stored; 1.7 s; peak memory 416 MiB.
2026-10-10T02:46:09Z INFO [986/1000] 5d1a525b-9101-4eff-a157-48ea64e94726: 156 arrays, 193.5 MB stored; 2.5 s; peak memory 416 MiB.
2026-10-10T02:46:10Z INFO [987/1000] 5d1aa069-5a90-44e1-9dc0-6c59c70e0acf: 85 arrays, 1511.6 MB stored; 2.7 s; peak memory 416 MiB.
2026-10-10T02:46:10Z INFO [988/1000] 5d1b470e-d71a-4258-bb4a-424194afe783: 110 arrays, 0.8 MB stored; 1.6 s; peak memory 416 MiB.
2026-10-10T02:46:11Z INFO [989/1000] 5d002f17-4822-40e2-8ec3-a8c87a6b9cf6: 190 arrays, 21115.2 MB stored; 114.3 s; peak memory 416 MiB.
2026-10-10T02:46:11Z INFO [990/1000] 5d1adcac-631d-45cb-8b3b-39ed68fdcbb5: 116 arrays, 187.1 MB stored; 2.7 s; peak memory 416 MiB.
2026-10-10T02:46:12Z INFO [991/1000] 5d1b589e-9a92-4c6f-b718-33ef69cfbcd0: 48 arrays, 83.9 MB stored; 1.3 s; peak memory 416 MiB.
2026-10-10T02:46:12Z INFO [992/1000] 5d1b7c4c-00fc-42b1-9d0c-df99fc656f19: 41 arrays, 8.4 MB stored; 1.3 s; peak memory 416 MiB.
2026-10-10T02:46:12Z INFO [993/1000] 5d1bbdee-b26e-402a-99dc-cd6259d4c0b6: 39 arrays, 5.2 MB stored; 1.4 s; peak memory 416 MiB.
2026-10-10T02:46:13Z INFO [994/1000] 5d1bd0b3-5d8f-4e5e-9a8d-1ae4a574b44d: 118 arrays, 0.3 MB stored; 1.4 s; peak memory 416 MiB.
2026-10-10T02:46:13Z INFO [995/1000] 5d1cbfc1-8a26-4e25-bbf1-86328668ac12: 45 arrays, 0.0 MB stored; 1.2 s; peak memory 416 MiB.
2026-10-10T02:46:13Z INFO [996/1000] 5d1be3eb-d3cc-4ce8-8460-29c35c16c9a6: 117 arrays, 0.4 MB stored; 1.4 s; peak memory 416 MiB.
2026-10-10T02:46:23Z INFO [997/1000] 5d0693bd-2077-46d5-9a4d-b3d870a40cf0: 241 arrays, 19746.6 MB stored; 104.9 s; peak memory 416 MiB.
2026-10-10T02:46:30Z INFO [998/1000] 5d05c4ef-7c08-4a47-87d9-8b5c98c21283: 449 arrays, 23690.9 MB stored; 114.4 s; peak memory 416 MiB.
2026-10-10T02:50:06Z WARNING 5c24f7f8-5446-4fbd-b46c-7bbbb5985c25: failed while reading the NWB file (TimeoutError: exceeded 1200 s)
2026-10-10T02:50:06Z WARNING [999/1000] 5c24f7f8-5446-4fbd-b46c-7bbbb5985c25: recorded the failure; a later run retries it.
2026-10-10T02:55:30Z WARNING 5c7a473b-c3e1-4e79-8bbe-5816f687d40a: failed while reading the NWB file (TimeoutError: exceeded 1200 s)
2026-10-10T02:55:30Z WARNING [1000/1000] 5c7a473b-c3e1-4e79-8bbe-5816f687d40a: recorded the failure; a later run retries it.
2026-10-10T02:55:32Z INFO [1000/1000] 5c7a473b-c3e1-4e79-8bbe-5816f687d40a: checkpointed 1000 new records.
2026-10-10T02:55:32Z INFO Wrote 62200 records to /tmp/derivatives/valid_nwb_file_to_array_sizes.jsonl (997 new, 3 failed) in 30.5 min (peak memory 655 MiB).
