2026-10-10T18:04:43Z INFO Logging to /tmp/logs/update_2026-10-10T18-04-43Z.log.
2026-10-10T18:04:43Z INFO Update valid-nwb-file-to-array-sizes (base directory /tmp).
2026-10-10T18:05:13Z INFO Processing 1000 items (89200 already recorded).
2026-10-10T18:05:14Z INFO [1/1000] 85ddb26e-4c65-4c38-b262-0c3ce704f2f8: 48 arrays, 83.9 MB stored; 1.7 s; peak memory 163 MiB.
2026-10-10T18:05:15Z INFO [2/1000] 85dd2f55-e303-4287-82b7-b3a885676555: 117 arrays, 0.4 MB stored; 2.0 s; peak memory 163 MiB.
2026-10-10T18:05:15Z INFO [3/1000] 85df11e6-95f1-4be7-b4b9-cbcfe73072a7: 117 arrays, 0.4 MB stored; 2.1 s; peak memory 163 MiB.
2026-10-10T18:05:15Z INFO [4/1000] 85de1a4f-bf9f-4941-a06f-206c4d85776c: 112 arrays, 0.4 MB stored; 2.1 s; peak memory 163 MiB.
2026-10-10T18:05:15Z INFO [5/1000] 85ddc33d-41c6-4fa6-9d7c-f996358a0a4a: 68 arrays, 54.7 MB stored; 2.2 s; peak memory 163 MiB.
2026-10-10T18:05:15Z INFO [6/1000] 85ded551-f6f3-421e-8f12-d691be3613ad: 116 arrays, 0.3 MB stored; 2.2 s; peak memory 163 MiB.
2026-10-10T18:05:16Z INFO [7/1000] 85dcb61e-a283-49ac-ac2c-9fa8147954a2: 115 arrays, 190.2 MB stored; 3.0 s; peak memory 163 MiB.
2026-10-10T18:05:16Z INFO [8/1000] 85e0beb7-e5bf-4497-be44-ab9e48ad9e44: 48 arrays, 83.9 MB stored; 1.3 s; peak memory 163 MiB.
2026-10-10T18:05:16Z INFO [9/1000] 85df85c4-6672-4675-9bb8-5e82e44e0f88: 128 arrays, 0.6 MB stored; 2.0 s; peak memory 163 MiB.
2026-10-10T18:05:17Z INFO [10/1000] 85e06373-6942-4761-8fb1-43ea260d2414: 112 arrays, 0.6 MB stored; 2.0 s; peak memory 163 MiB.
2026-10-10T18:05:17Z INFO [11/1000] 85dfcfe1-eae3-4879-ae29-d4954d9d402d: 69 arrays, 113.2 MB stored; 2.0 s; peak memory 163 MiB.
2026-10-10T18:05:17Z INFO [12/1000] 85e0e33e-6a82-4bfe-b5d4-9397858e2bd4: 112 arrays, 0.6 MB stored; 1.5 s; peak memory 163 MiB.
2026-10-10T18:05:17Z INFO [13/1000] 85e14adb-95e8-4dda-a6d5-6858ea2de6df: 48 arrays, 83.9 MB stored; 1.2 s; peak memory 163 MiB.
2026-10-10T18:05:18Z INFO [14/1000] 85e1e221-3ac2-4863-b017-9df893f0c47c: 48 arrays, 83.9 MB stored; 1.3 s; peak memory 163 MiB.
2026-10-10T18:05:18Z INFO [15/1000] 85e571d2-5cac-4f4c-abbd-7d6e372ac437: 62 arrays, 4632.8 MB stored; 1.5 s; peak memory 163 MiB.
2026-10-10T18:05:19Z INFO [16/1000] 85e5dccd-eaf5-446d-a19d-f68588b6bd65: 48 arrays, 83.9 MB stored; 1.1 s; peak memory 163 MiB.
2026-10-10T18:05:19Z INFO [17/1000] 85e58149-3bf8-4e00-b57d-87d0908f1eb3: 71 arrays, 37.0 MB stored; 1.6 s; peak memory 163 MiB.
2026-10-10T18:05:20Z INFO [18/1000] 85e72e64-316e-4c38-93cb-e39e273a7b3e: 110 arrays, 0.8 MB stored; 1.3 s; peak memory 163 MiB.
2026-10-10T18:05:20Z INFO [19/1000] 85e06115-7319-4638-801a-70aa634abf64: 193 arrays, 357.9 MB stored; 5.1 s; peak memory 163 MiB.
2026-10-10T18:05:20Z INFO [20/1000] 85e7f7b3-b77d-4ca4-95ac-d1130473319e: 48 arrays, 83.9 MB stored; 1.2 s; peak memory 163 MiB.
2026-10-10T18:05:20Z INFO [21/1000] 85e804fd-ee36-4e6b-9c85-cb1487218e75: 46 arrays, 0.1 MB stored; 1.0 s; peak memory 163 MiB.
2026-10-10T18:05:20Z INFO [22/1000] 85e26271-5d39-4469-b7d3-abc41fe1a692: 200 arrays, 193.2 MB stored; 3.7 s; peak memory 163 MiB.
2026-10-10T18:05:21Z INFO [23/1000] 85e8a895-86b9-4f4e-8475-b1981d8787fc: 48 arrays, 83.9 MB stored; 1.1 s; peak memory 163 MiB.
2026-10-10T18:05:22Z INFO [24/1000] 85e8e51e-2571-477c-99c6-bbb232eeb024: 289 arrays, 17.1 MB stored; 1.9 s; peak memory 163 MiB.
2026-10-10T18:05:22Z INFO [25/1000] 85e98dec-5f89-49f6-9cf9-e6ff4edf6dec: 117 arrays, 0.4 MB stored; 1.3 s; peak memory 163 MiB.
2026-10-10T18:05:22Z INFO [26/1000] 85e5735c-7425-49f0-88b6-521769f2bb03: 208 arrays, 317.9 MB stored; 5.1 s; peak memory 163 MiB.
2026-10-10T18:05:23Z INFO [27/1000] 85e9b95f-03d6-4ff6-884b-930c2b9e86a7: 112 arrays, 0.5 MB stored; 1.6 s; peak memory 163 MiB.
2026-10-10T18:05:24Z INFO [28/1000] 85ea4222-cecd-49a9-8d62-ddcef7ebe2e3: 170 arrays, 0.7 MB stored; 1.4 s; peak memory 163 MiB.
2026-10-10T18:05:24Z INFO [29/1000] 85e95cd7-16ad-4314-a2e4-fec3749f6d40: 470 arrays, 4.5 MB stored; 3.9 s; peak memory 163 MiB.
2026-10-10T18:05:24Z INFO [30/1000] 85e89fcb-2bac-439a-b6f1-3fa18fa398e4: 487 arrays, 5.5 MB stored; 4.7 s; peak memory 163 MiB.
2026-10-10T18:05:25Z INFO [31/1000] 85e97b70-9d73-4372-9ccc-84f00f0897f6: 223 arrays, 1207.0 MB stored; 4.4 s; peak memory 163 MiB.
2026-10-10T18:05:25Z INFO [32/1000] 85e0ab56-01ea-429c-b0fc-af194fb006dc: 3217 arrays, 31.8 MB stored; 10.5 s; peak memory 163 MiB.
2026-10-10T18:05:26Z INFO [33/1000] 85eb442d-97f3-4747-960e-3ce857f37713: 289 arrays, 17.1 MB stored; 1.5 s; peak memory 163 MiB.
2026-10-10T18:05:26Z INFO [34/1000] 85ead76f-f99b-455d-bc04-9755ab072f7b: 38 arrays, 25.7 MB stored; 2.1 s; peak memory 163 MiB.
2026-10-10T18:05:26Z INFO [35/1000] 85ebb0d0-62fc-47d6-b75c-75f8a8bbcfd1: 117 arrays, 0.3 MB stored; 1.2 s; peak memory 163 MiB.
2026-10-10T18:05:27Z INFO [36/1000] 85ead8e4-59cd-488e-954e-f7b0ce812598: 156 arrays, 193.5 MB stored; 2.6 s; peak memory 163 MiB.
2026-10-10T18:05:27Z INFO [37/1000] 85ea62ec-2aba-43f7-8a3f-bc04d3ddb269: 85 arrays, 404.9 MB stored; 3.2 s; peak memory 163 MiB.
2026-10-10T18:05:27Z INFO [38/1000] 85ebb558-b389-4b78-8b05-2a197b5d5ad6: 52 arrays, 721.2 MB stored; 1.5 s; peak memory 163 MiB.
2026-10-10T18:05:27Z INFO [39/1000] 85ebb723-5136-4572-b0f3-3f76ad634f65: 109 arrays, 0.3 MB stored; 1.4 s; peak memory 163 MiB.
2026-10-10T18:05:27Z INFO [40/1000] 85ec47ee-4bfa-47d3-bf32-eaea7bab9caa: 117 arrays, 0.4 MB stored; 1.4 s; peak memory 163 MiB.
2026-10-10T18:05:27Z INFO [41/1000] 85ec11d6-b071-48ef-9f8d-3f171bd54388: 112 arrays, 0.9 MB stored; 1.7 s; peak memory 163 MiB.
2026-10-10T18:05:28Z INFO [42/1000] 85ec63a4-9c12-47c7-955d-05390be5fcd5: 50 arrays, 4.9 MB stored; 1.1 s; peak memory 163 MiB.
2026-10-10T18:05:28Z INFO [43/1000] 85eca64c-8c14-4079-9200-659c2fa355d7: 303 arrays, 17.2 MB stored; 1.7 s; peak memory 163 MiB.
2026-10-10T18:05:28Z INFO [44/1000] 85ecac60-9f26-4881-81fa-70a21ad2d819: 118 arrays, 0.5 MB stored; 1.5 s; peak memory 163 MiB.
2026-10-10T18:05:29Z INFO [45/1000] 85ee3ca4-e346-40cb-8d3d-0017e237c3c7: 38 arrays, 0.4 MB stored; 1.0 s; peak memory 163 MiB.
2026-10-10T18:05:29Z INFO [46/1000] 85ece4d6-afd8-45c7-a6f2-e8d14ef7c265: 116 arrays, 0.2 MB stored; 1.3 s; peak memory 163 MiB.
2026-10-10T18:05:29Z INFO [47/1000] 85ecc72b-0203-43ac-ab7b-722a7e00fa85: 52 arrays, 2930.4 MB stored; 1.5 s; peak memory 163 MiB.
2026-10-10T18:05:29Z INFO [48/1000] 85f0141e-3e5a-4b07-b39a-7a0600086a79: 56 arrays, 0.0 MB stored; 0.9 s; peak memory 163 MiB.
2026-10-10T18:05:30Z INFO [49/1000] 85efa7ee-4949-4dfe-a58b-ac23d00b05fa: 112 arrays, 1.3 MB stored; 1.6 s; peak memory 163 MiB.
2026-10-10T18:05:30Z INFO [50/1000] 85f0fda8-0944-4ee1-922c-65444384f413: 41 arrays, 8.4 MB stored; 1.0 s; peak memory 163 MiB.
2026-10-10T18:05:30Z INFO [51/1000] 85ee9cf0-e4a6-4718-9f44-f4fb027e54fc: 119 arrays, 66.4 MB stored; 1.9 s; peak memory 163 MiB.
2026-10-10T18:05:30Z INFO [52/1000] 85f0a2e6-07e9-4a14-95eb-da3fa93c656c: 112 arrays, 0.4 MB stored; 1.5 s; peak memory 163 MiB.
2026-10-10T18:05:31Z INFO [53/1000] 85f1d208-07cb-496f-b8dc-8bced662e09e: 57 arrays, 0.0 MB stored; 1.1 s; peak memory 163 MiB.
2026-10-10T18:05:31Z INFO [54/1000] 85f10f48-f7f6-4059-9b3c-742bee38b314: 110 arrays, 1.6 MB stored; 1.7 s; peak memory 163 MiB.
2026-10-10T18:05:31Z INFO [55/1000] 85f1c89c-8a74-4f39-b9dd-e7f3ac96849e: 77 arrays, 0.2 MB stored; 1.3 s; peak memory 163 MiB.
2026-10-10T18:05:32Z INFO [56/1000] 85f26d05-1007-4ec4-bb10-27c6caf6dc15: 69 arrays, 1.6 MB stored; 1.5 s; peak memory 163 MiB.
2026-10-10T18:05:32Z INFO [57/1000] 85f27c6e-1bb5-4142-ab67-0e60ddf875f5: 48 arrays, 83.9 MB stored; 1.2 s; peak memory 163 MiB.
2026-10-10T18:05:32Z INFO [58/1000] 85f3078c-14ca-44e3-926b-51140b3b28e9: 56 arrays, 0.0 MB stored; 1.1 s; peak memory 163 MiB.
2026-10-10T18:05:33Z INFO [59/1000] 85f3460d-813a-46a9-9625-42f2ff015ef4: 68 arrays, 2.2 MB stored; 1.3 s; peak memory 163 MiB.
2026-10-10T18:05:33Z INFO [60/1000] 85f3d437-6386-4cf9-b645-5830ebe634b1: 38 arrays, 0.5 MB stored; 1.0 s; peak memory 163 MiB.
2026-10-10T18:05:33Z INFO [61/1000] 85f22f04-f3bc-4ca6-9d7a-ea9649c9830d: 156 arrays, 193.4 MB stored; 2.6 s; peak memory 163 MiB.
2026-10-10T18:05:33Z INFO [62/1000] 85f4905f-212c-405e-9936-b069ec78b987: 46 arrays, 0.7 MB stored; 1.1 s; peak memory 163 MiB.
2026-10-10T18:05:34Z INFO [63/1000] 85f53de2-7fce-46eb-8d43-0fe63c662dd7: 46 arrays, 0.7 MB stored; 1.3 s; peak memory 163 MiB.
2026-10-10T18:05:34Z INFO [64/1000] 85f62d0c-ab61-4f54-a18b-494b0874a5a1: 49 arrays, 1.1 MB stored; 1.2 s; peak memory 163 MiB.
2026-10-10T18:05:34Z INFO [65/1000] 85f765b2-cadd-4b23-b1fe-92a20b45a9ac: 48 arrays, 83.9 MB stored; 1.1 s; peak memory 163 MiB.
2026-10-10T18:05:35Z INFO [66/1000] 85ecc033-59bc-4b7c-81fe-c5dce911a1c5: 942 arrays, 32.3 MB stored; 8.2 s; peak memory 163 MiB.
2026-10-10T18:05:35Z INFO [67/1000] 85f6de17-810b-48f6-b9bd-64bb8b26c1c0: 163 arrays, 12.0 MB stored; 2.6 s; peak memory 163 MiB.
2026-10-10T18:05:36Z INFO [68/1000] 85f9019a-839c-45c3-96e5-99bb0d7ae2d2: 117 arrays, 0.2 MB stored; 1.1 s; peak memory 163 MiB.
2026-10-10T18:05:37Z INFO [69/1000] 85f9a7f9-f2d3-4507-9e4e-43520be05184: 117 arrays, 0.4 MB stored; 1.3 s; peak memory 163 MiB.
2026-10-10T18:05:38Z INFO [70/1000] 85f9c39b-99c9-4e7e-8e17-651455a91961: 63 arrays, 0.1 MB stored; 1.1 s; peak memory 163 MiB.
2026-10-10T18:05:38Z INFO [71/1000] 85f885d2-2475-4106-8580-4c9b79645d3a: 111 arrays, 642.3 MB stored; 3.6 s; peak memory 163 MiB.
2026-10-10T18:05:39Z INFO [72/1000] 85fa19e8-a998-4611-abe2-aeeb5b31bff7: 48 arrays, 83.9 MB stored; 1.1 s; peak memory 163 MiB.
2026-10-10T18:05:39Z INFO [73/1000] 85fa33fd-031f-4861-8727-c7f98bd7333a: 46 arrays, 0.0 MB stored; 1.0 s; peak memory 163 MiB.
2026-10-10T18:05:40Z INFO [74/1000] 85fa4da6-f9b0-46f6-a497-fceabb0401f2: 50 arrays, 1.7 MB stored; 1.0 s; peak memory 163 MiB.
2026-10-10T18:05:40Z INFO [75/1000] 85f60de2-b1a3-488a-812e-1f89f0edd389: 1053 arrays, 22.7 MB stored; 7.2 s; peak memory 163 MiB.
2026-10-10T18:05:40Z INFO [76/1000] 85fab05d-02f0-43ec-9eaa-a2fc6b2900ef: 69 arrays, 0.0 MB stored; 1.3 s; peak memory 163 MiB.
2026-10-10T18:05:41Z INFO [77/1000] 85fb5e70-1a9e-4da7-afde-1fcf12f06355: 112 arrays, 0.6 MB stored; 1.5 s; peak memory 163 MiB.
2026-10-10T18:05:41Z INFO [78/1000] 85fc0502-dbf3-4131-9a07-e29e0d8ec593: 48 arrays, 83.9 MB stored; 1.1 s; peak memory 163 MiB.
2026-10-10T18:05:42Z INFO [79/1000] 85f85747-4e1c-415b-9cda-3a5baf4ad0aa: 1020 arrays, 24.8 MB stored; 7.7 s; peak memory 163 MiB.
2026-10-10T18:05:42Z INFO [80/1000] 85fc149b-dd97-43b4-9183-70845d568816: 48 arrays, 83.9 MB stored; 1.1 s; peak memory 163 MiB.
2026-10-10T18:05:43Z INFO [81/1000] 85fd5afd-6ccc-4e68-8cfe-4557a2078b9a: 48 arrays, 83.9 MB stored; 1.2 s; peak memory 163 MiB.
2026-10-10T18:05:43Z INFO [82/1000] 85fd497b-7ac6-431d-b414-5cf33d8968bc: 71 arrays, 131.1 MB stored; 2.1 s; peak memory 163 MiB.
2026-10-10T18:05:44Z INFO [83/1000] 85fe31e0-8957-457b-ba6f-a25a3a3779d0: 112 arrays, 0.8 MB stored; 1.4 s; peak memory 163 MiB.
2026-10-10T18:05:45Z INFO [84/1000] 85fe3c9a-d515-40ee-8721-05409c2d685b: 48 arrays, 83.9 MB stored; 1.2 s; peak memory 163 MiB.
2026-10-10T18:05:45Z INFO [85/1000] 85fe4b35-8176-4b54-bdae-294d82bebf4a: 48 arrays, 83.9 MB stored; 1.1 s; peak memory 163 MiB.
2026-10-10T18:05:46Z INFO [86/1000] 85ff3be8-5941-4ae0-af12-be333571c7c8: 54 arrays, 0.0 MB stored; 1.0 s; peak memory 163 MiB.
2026-10-10T18:05:46Z INFO [87/1000] 85ff3cf2-ec7b-4ef9-88e0-7c815e0c463a: 48 arrays, 83.9 MB stored; 1.0 s; peak memory 163 MiB.
2026-10-10T18:05:47Z INFO [88/1000] 85fabbb4-1b78-4d07-8131-34bf734497ff: 919 arrays, 23.1 MB stored; 7.4 s; peak memory 163 MiB.
2026-10-10T18:05:47Z INFO [89/1000] 85ff532d-8ced-4219-8f2b-769847b5c900: 72 arrays, 2.0 MB stored; 1.5 s; peak memory 163 MiB.
2026-10-10T18:05:47Z INFO [90/1000] 85ff6ee9-4723-47a9-86bb-80c9dde30484: 46 arrays, 0.1 MB stored; 1.0 s; peak memory 163 MiB.
2026-10-10T18:05:49Z INFO [91/1000] 8600284c-36d6-4467-84ff-4cb8702e65fd: 69 arrays, 45.2 MB stored; 1.6 s; peak memory 163 MiB.
2026-10-10T18:05:49Z INFO [92/1000] 860082bd-dd87-435e-b563-aa729484c07c: 42 arrays, 15105.8 MB stored; 1.2 s; peak memory 163 MiB.
2026-10-10T18:05:49Z INFO [93/1000] 85fd7df7-6e2e-4fa3-9eec-54dbc72796eb: 825 arrays, 23.0 MB stored; 7.0 s; peak memory 163 MiB.
2026-10-10T18:05:50Z INFO [94/1000] 8601a5f6-dd5d-4495-99f4-f91f4588cf85: 45 arrays, 646.8 MB stored; 1.7 s; peak memory 163 MiB.
2026-10-10T18:05:53Z INFO [95/1000] 85ffe75f-f804-4f8b-98e2-56aee3b0bac1: 538 arrays, 7.8 MB stored; 5.7 s; peak memory 163 MiB.
2026-10-10T18:05:54Z INFO [96/1000] 8601d49a-944d-4974-bd5e-9935dd717ec4: 48 arrays, 83.9 MB stored; 1.1 s; peak memory 163 MiB.
2026-10-10T18:05:55Z INFO [97/1000] 8602fb72-ac2c-4290-8e05-77b554fef8fb: 67 arrays, 35.1 MB stored; 1.4 s; peak memory 163 MiB.
2026-10-10T18:05:56Z INFO [98/1000] 86016214-2f6c-4c47-9f9f-b5d5612b5ae7: 391 arrays, 77.8 MB stored; 7.6 s; peak memory 163 MiB.
2026-10-10T18:05:56Z INFO [99/1000] 85ea2e05-8919-4bd5-bda5-1306fd6c3356: 55 arrays, 1896.1 MB stored; 34.2 s; peak memory 163 MiB.
2026-10-10T18:05:57Z INFO [100/1000] 8601b926-d66a-4ba1-b0fd-b1ae34e35fd5: 391 arrays, 77.7 MB stored; 7.2 s; peak memory 163 MiB.
2026-10-10T18:05:57Z INFO [101/1000] 8603fe0a-c63c-4f40-b4f5-8f2e4eea23ca: 101 arrays, 13.1 MB stored; 1.7 s; peak memory 163 MiB.
2026-10-10T18:05:57Z INFO [102/1000] 86056870-7b3e-4212-8c2a-4b5dd5e406ee: 48 arrays, 83.9 MB stored; 1.1 s; peak memory 163 MiB.
2026-10-10T18:05:58Z INFO [103/1000] 86062ddc-c75d-438e-9df9-2240bde2d7cf: 48 arrays, 83.9 MB stored; 1.2 s; peak memory 163 MiB.
2026-10-10T18:05:58Z INFO [104/1000] 8607fd20-70b8-4808-8dd0-eba05aa3fba0: 117 arrays, 0.4 MB stored; 1.4 s; peak memory 163 MiB.
2026-10-10T18:05:58Z INFO [105/1000] 86088d17-d47b-473e-bb6f-095d57377072: 112 arrays, 0.5 MB stored; 1.5 s; peak memory 163 MiB.
2026-10-10T18:05:59Z INFO [106/1000] 8608d9b8-f4f1-4ea2-80c0-cd29d303ae3e: 57 arrays, 0.0 MB stored; 0.9 s; peak memory 163 MiB.
2026-10-10T18:06:00Z INFO [107/1000] 8601bdda-f079-4c47-87ec-76be89bd7baa: 1242 arrays, 44.0 MB stored; 9.3 s; peak memory 163 MiB.
2026-10-10T18:06:01Z INFO [108/1000] 8609efaf-b4c4-4790-be78-7bd728408244: 118 arrays, 0.5 MB stored; 1.3 s; peak memory 163 MiB.
2026-10-10T18:06:01Z INFO [109/1000] 86093980-e6e3-40f6-ae8e-c6a25ec04e91: 133 arrays, 41.4 MB stored; 3.1 s; peak memory 163 MiB.
2026-10-10T18:06:03Z INFO [110/1000] 8608b253-877f-4f0b-8517-30603c2d98b5: 341 arrays, 52.5 MB stored; 5.5 s; peak memory 163 MiB.
2026-10-10T18:06:03Z INFO [111/1000] 860b2b3c-834c-4e73-b568-7dd48b4e91c8: 71 arrays, 50.0 MB stored; 1.7 s; peak memory 163 MiB.
2026-10-10T18:06:04Z INFO [112/1000] 860b90bf-f604-49ce-bfc5-602db71ee420: 48 arrays, 83.9 MB stored; 1.2 s; peak memory 163 MiB.
2026-10-10T18:06:05Z INFO [113/1000] 860ade8e-9b61-412a-81c7-d506e0721565: 584 arrays, 7.0 MB stored; 4.0 s; peak memory 163 MiB.
2026-10-10T18:06:06Z INFO [114/1000] 860bc818-f13f-43a5-a852-79714d234ffc: 124 arrays, 0.8 MB stored; 1.6 s; peak memory 163 MiB.
2026-10-10T18:06:06Z INFO [115/1000] 860b977b-99e2-4b2d-909e-193d5af371ac: 422 arrays, 2.6 MB stored; 2.6 s; peak memory 163 MiB.
2026-10-10T18:06:06Z INFO [116/1000] 860ca008-c363-45c4-891e-0a4a092f8785: 118 arrays, 0.3 MB stored; 1.5 s; peak memory 163 MiB.
2026-10-10T18:06:07Z INFO [117/1000] 860d1c94-122c-49c8-91e3-803a5ebac7f9: 48 arrays, 83.9 MB stored; 1.2 s; peak memory 163 MiB.
2026-10-10T18:06:07Z INFO [118/1000] 8608c17e-0c17-4ffb-a68d-5ff01cf73fa2: 797 arrays, 20.3 MB stored; 9.4 s; peak memory 163 MiB.
2026-10-10T18:06:07Z INFO [119/1000] 860cefb1-47d4-496e-bd06-263fcba15831: 112 arrays, 0.4 MB stored; 1.5 s; peak memory 163 MiB.
2026-10-10T18:06:08Z INFO [120/1000] 860d36d9-2417-4b3b-a2a8-1f069dc02c60: 66 arrays, 21.9 MB stored; 1.4 s; peak memory 163 MiB.
2026-10-10T18:06:08Z INFO [121/1000] 860de36a-7d58-4473-bffa-650b77cf47c0: 48 arrays, 83.9 MB stored; 1.1 s; peak memory 163 MiB.
2026-10-10T18:06:09Z INFO [122/1000] 860991fb-dfc3-4f8b-a7dd-9e0b412f94dc: 2959 arrays, 25.3 MB stored; 9.8 s; peak memory 163 MiB.
2026-10-10T18:06:10Z INFO [123/1000] 860ebaec-2322-4623-af8c-3fba111e2866: 70 arrays, 10.3 MB stored; 1.7 s; peak memory 163 MiB.
2026-10-10T18:06:11Z INFO [124/1000] 860e0dee-570c-43d5-8068-679707b448b5: 244 arrays, 23.0 MB stored; 3.6 s; peak memory 163 MiB.
2026-10-10T18:06:11Z INFO [125/1000] 860f178f-815b-4f52-bbdd-eba629db5e8e: 46 arrays, 0.0 MB stored; 0.9 s; peak memory 163 MiB.
2026-10-10T18:06:12Z INFO [126/1000] 860f357e-b58e-4d4a-bd59-a45c9d364cee: 45 arrays, 11.1 MB stored; 1.2 s; peak memory 163 MiB.
2026-10-10T18:06:12Z INFO [127/1000] 860e7444-c895-41c7-accd-fbcea2fd8fb1: 229 arrays, 249.1 MB stored; 3.9 s; peak memory 163 MiB.
2026-10-10T18:06:13Z INFO [128/1000] 860fc48d-d65a-42a9-b9f0-7a50d0f228a4: 45 arrays, 7.3 MB stored; 1.2 s; peak memory 163 MiB.
2026-10-10T18:06:13Z INFO [129/1000] 86106a8d-a1aa-4900-8abd-bb4cb88e54bb: 48 arrays, 83.9 MB stored; 1.2 s; peak memory 163 MiB.
2026-10-10T18:06:14Z INFO [130/1000] 8611251c-2eb6-46bf-9a81-3ecee7ec324a: 112 arrays, 0.4 MB stored; 1.2 s; peak memory 163 MiB.
2026-10-10T18:06:14Z INFO [131/1000] 86115201-96bc-4c16-93c6-484b0caf601b: 118 arrays, 0.3 MB stored; 1.3 s; peak memory 163 MiB.
2026-10-10T18:06:15Z INFO [132/1000] 86119aac-bd81-4c12-adcb-2842fffa2d87: 60 arrays, 1.8 MB stored; 1.1 s; peak memory 163 MiB.
2026-10-10T18:06:16Z INFO [133/1000] 8611d9d5-854d-4cdd-a7f2-f163b0d9cb7c: 46 arrays, 0.0 MB stored; 0.9 s; peak memory 163 MiB.
2026-10-10T18:06:17Z INFO [134/1000] 86126c79-69ca-4655-9917-6fe7fb8a106c: 41 arrays, 8.4 MB stored; 1.1 s; peak memory 163 MiB.
2026-10-10T18:06:18Z INFO [135/1000] 8612c9cf-00a6-4e7f-890b-8ccb046e96a9: 48 arrays, 83.9 MB stored; 1.0 s; peak memory 163 MiB.
2026-10-10T18:06:18Z INFO [136/1000] 860e44f9-a192-4a17-9cf4-c7648279f8b2: 574 arrays, 815.8 MB stored; 10.2 s; peak memory 163 MiB.
2026-10-10T18:06:19Z INFO [137/1000] 8612dde6-6cc9-4dca-b30d-77cf9caca833: 48 arrays, 83.9 MB stored; 1.0 s; peak memory 163 MiB.
2026-10-10T18:06:20Z INFO [138/1000] 86138d9b-6639-4e85-a535-16161dea2391: 48 arrays, 83.9 MB stored; 1.1 s; peak memory 163 MiB.
2026-10-10T18:06:21Z INFO [139/1000] 8613bb9d-40a0-462a-82d0-b154ed25fea9: 110 arrays, 0.4 MB stored; 1.1 s; peak memory 163 MiB.
2026-10-10T18:06:22Z INFO [140/1000] 8611d8a5-711b-47df-846a-30d47f0d91fa: 82 arrays, 470.8 MB stored; 7.6 s; peak memory 163 MiB.
2026-10-10T18:06:24Z INFO [141/1000] 8614832c-bc03-463c-a9f0-f6b9da6a0712: 70 arrays, 39.7 MB stored; 1.7 s; peak memory 163 MiB.
2026-10-10T18:06:24Z INFO [142/1000] 86136b57-b3bd-4f1c-8208-b3feb65c75eb: 101 arrays, 32.8 MB stored; 5.7 s; peak memory 163 MiB.
2026-10-10T18:06:25Z INFO [143/1000] 8614a402-2ab5-482b-8d8d-ff22cdfa5110: 48 arrays, 83.9 MB stored; 1.2 s; peak memory 163 MiB.
2026-10-10T18:06:26Z INFO [144/1000] 861554e1-7481-4414-91bc-45ae0b3c30ae: 118 arrays, 0.5 MB stored; 1.3 s; peak memory 163 MiB.
2026-10-10T18:06:27Z INFO [145/1000] 86157d7f-9319-4ff7-be5b-16f2fc21d493: 69 arrays, 1.5 MB stored; 1.1 s; peak memory 163 MiB.
2026-10-10T18:06:28Z INFO [146/1000] 8614d263-cbc7-4fbd-bc00-69a8b1b927e5: 260 arrays, 1913.8 MB stored; 4.4 s; peak memory 163 MiB.
2026-10-10T18:06:29Z INFO [147/1000] 86169783-ab53-4bc5-a101-0f572bcd3abb: 117 arrays, 0.4 MB stored; 1.2 s; peak memory 163 MiB.
2026-10-10T18:06:30Z INFO [148/1000] 8615bd2c-77db-4cf9-80db-03cc883acb46: 156 arrays, 193.4 MB stored; 2.5 s; peak memory 163 MiB.
2026-10-10T18:06:31Z INFO [149/1000] 86188803-f0c4-4516-aab2-69bf1fa7b68b: 112 arrays, 0.6 MB stored; 1.4 s; peak memory 163 MiB.
2026-10-10T18:06:34Z INFO [150/1000] 8617ca91-7f5f-4d1c-bd40-7aa5ee5ce835: 698 arrays, 11.3 MB stored; 4.5 s; peak memory 163 MiB.
2026-10-10T18:06:35Z INFO [151/1000] 8619657f-ff6f-4e5e-9fba-3ee8d9030de5: 114 arrays, 0.1 MB stored; 1.1 s; peak memory 163 MiB.
2026-10-10T18:06:36Z INFO [152/1000] 86197ee5-bba4-4189-bd1c-47707c60456e: 46 arrays, 0.5 MB stored; 0.9 s; peak memory 163 MiB.
2026-10-10T18:06:37Z INFO [153/1000] 8619e371-d983-45c0-8d14-1d4abc872ace: 48 arrays, 83.9 MB stored; 1.2 s; peak memory 163 MiB.
2026-10-10T18:06:39Z INFO [154/1000] 86193729-1784-478f-a5cc-2d0ea4913e33: 396 arrays, 24.0 MB stored; 7.2 s; peak memory 163 MiB.
2026-10-10T18:06:39Z INFO [155/1000] 861a23d4-4b27-4ddf-bfd6-48f757f88ca9: 53 arrays, 9.3 MB stored; 1.8 s; peak memory 163 MiB.
2026-10-10T18:06:40Z INFO [156/1000] 861aaa28-ef7d-4fa7-bce9-db592ab8991f: 49 arrays, 1.8 MB stored; 1.2 s; peak memory 163 MiB.
2026-10-10T18:06:46Z INFO [157/1000] 861a3fee-7c6d-4b4e-a5c1-87f81036b3ae: 1012 arrays, 40.0 MB stored; 7.8 s; peak memory 163 MiB.
2026-10-10T18:06:49Z INFO [158/1000] 861b82f9-e612-4e56-9fc0-679a614ab73c: 38 arrays, 25.7 MB stored; 2.3 s; peak memory 163 MiB.
2026-10-10T18:06:49Z INFO [159/1000] 861afab1-66df-4a41-b4b7-f93fa8459bca: 829 arrays, 22.0 MB stored; 8.7 s; peak memory 163 MiB.
2026-10-10T18:06:50Z INFO [160/1000] 861bb50c-a32d-4782-ab4c-cae6dca79eee: 48 arrays, 83.9 MB stored; 1.3 s; peak memory 163 MiB.
2026-10-10T18:06:51Z INFO [161/1000] 861cb850-e6db-437b-84d6-ac2f69cb6d7a: 46 arrays, 0.1 MB stored; 0.9 s; peak memory 163 MiB.
2026-10-10T18:06:51Z INFO [162/1000] 861bb97d-ef0f-4cfa-ae0a-0cd7375578e7: 168 arrays, 3.2 MB stored; 2.2 s; peak memory 163 MiB.
2026-10-10T18:06:52Z INFO [163/1000] 861ce178-073e-42ba-b885-48483c9e86ee: 56 arrays, 0.0 MB stored; 1.1 s; peak memory 163 MiB.
2026-10-10T18:06:52Z INFO [164/1000] 861cca73-aa02-4577-96ba-460777426cf4: 48 arrays, 83.9 MB stored; 1.1 s; peak memory 163 MiB.
2026-10-10T18:06:55Z INFO [165/1000] 861d09c3-876f-4e38-b8e6-428cbcd60ae8: 151 arrays, 147.6 MB stored; 2.5 s; peak memory 163 MiB.
2026-10-10T18:07:06Z INFO [166/1000] 861e5c06-10d9-4c1a-abea-91a4c927627a: 288 arrays, 1547.0 MB stored; 11.0 s; peak memory 163 MiB.
2026-10-10T18:07:07Z INFO [167/1000] 861f1a43-9815-48eb-b72c-76fcc502f111: 48 arrays, 83.9 MB stored; 1.2 s; peak memory 163 MiB.
2026-10-10T18:07:08Z INFO [168/1000] 861f93c4-4dca-47a0-a1c4-d140728abbd1: 116 arrays, 0.2 MB stored; 1.2 s; peak memory 163 MiB.
2026-10-10T18:07:10Z INFO [169/1000] 861ffb2f-a0a4-48c2-bce0-e4c7563c6fd0: 114 arrays, 186.9 MB stored; 2.6 s; peak memory 163 MiB.
2026-10-10T18:07:12Z INFO [170/1000] 862041cc-089c-4b04-ae9e-5644850d0188: 48 arrays, 83.9 MB stored; 1.2 s; peak memory 163 MiB.
2026-10-10T18:07:13Z INFO [171/1000] 862093cf-46b2-4557-bdbf-bc16b006a570: 48 arrays, 83.9 MB stored; 1.2 s; peak memory 163 MiB.
2026-10-10T18:07:14Z INFO [172/1000] 8620a7be-c04d-4834-b3be-ed61695789fc: 79 arrays, 0.0 MB stored; 1.4 s; peak memory 163 MiB.
2026-10-10T18:07:17Z INFO [173/1000] 8620d2f7-6d05-4b67-8d44-c7d26f222e62: 156 arrays, 193.5 MB stored; 2.9 s; peak memory 163 MiB.
2026-10-10T18:07:18Z INFO [174/1000] 86210254-23b3-46a6-b810-ef6a37bad80c: 117 arrays, 0.3 MB stored; 1.2 s; peak memory 163 MiB.
2026-10-10T18:07:20Z INFO [175/1000] 86214f74-a059-42bd-8da1-fc849e053d3a: 116 arrays, 0.2 MB stored; 1.3 s; peak memory 163 MiB.
2026-10-10T18:07:21Z INFO [176/1000] 8621c80f-f9d8-4434-b106-05a6e37d5821: 112 arrays, 0.8 MB stored; 1.6 s; peak memory 163 MiB.
2026-10-10T18:07:22Z INFO [177/1000] 8621c92f-7361-46ae-bb67-82f6fc148927: 48 arrays, 83.9 MB stored; 1.1 s; peak memory 163 MiB.
2026-10-10T18:07:24Z INFO [178/1000] 8621e956-1a9e-4c82-ab89-cc5df822730b: 52 arrays, 11.7 MB stored; 1.2 s; peak memory 163 MiB.
2026-10-10T18:07:31Z INFO [179/1000] 86223b50-c7d7-4369-afb0-1d49582855ec: 106 arrays, 19158.4 MB stored; 7.1 s; peak memory 163 MiB.
2026-10-10T18:07:32Z INFO [180/1000] 8622d11f-74a1-4108-b3f9-2fd8c598a777: 57 arrays, 1273.6 MB stored; 1.8 s; peak memory 163 MiB.
2026-10-10T18:07:34Z INFO [181/1000] 8622e8ab-563a-484b-a60b-c29f45dd4de1: 60 arrays, 76.3 MB stored; 1.2 s; peak memory 163 MiB.
2026-10-10T18:07:38Z INFO [182/1000] 86230f50-c507-4e4a-a5d7-9ec5e9bb3d11: 472 arrays, 7.2 MB stored; 4.3 s; peak memory 163 MiB.
2026-10-10T18:07:39Z INFO [183/1000] 86233d72-f8df-42c7-8d6c-da7d4a8b8878: 52 arrays, 12.5 MB stored; 1.2 s; peak memory 163 MiB.
2026-10-10T18:07:40Z INFO [184/1000] 86239d13-2051-477e-82c5-19774a0ff83e: 47 arrays, 7.3 MB stored; 1.0 s; peak memory 163 MiB.
2026-10-10T18:07:41Z INFO [185/1000] 8623cd2f-0af5-40ff-8019-3973f637a1a5: 41 arrays, 8.4 MB stored; 1.0 s; peak memory 163 MiB.
2026-10-10T18:07:42Z INFO [186/1000] 86240865-1592-4352-b2cf-5fc557cfc791: 56 arrays, 0.0 MB stored; 0.9 s; peak memory 163 MiB.
2026-10-10T18:07:44Z INFO [187/1000] 862462fe-1df8-438c-b78b-1ca7966db04c: 194 arrays, 0.8 MB stored; 1.6 s; peak memory 163 MiB.
2026-10-10T18:07:56Z INFO [188/1000] 860d69a2-f662-4bec-b971-6077f6573a68: 260 arrays, 23436.3 MB stored; 109.0 s; peak memory 163 MiB.
2026-10-10T18:08:01Z INFO [189/1000] 86140523-ac0f-45cb-8baf-be1a1960d5d2: 413 arrays, 19738.7 MB stored; 100.0 s; peak memory 163 MiB.
2026-10-10T18:08:03Z INFO [190/1000] 86248763-0486-4a84-93b1-496586fc8940: 158 arrays, 0.7 MB stored; 1.8 s; peak memory 163 MiB.
2026-10-10T18:08:04Z INFO [191/1000] 862485d5-29ba-46a1-8b6f-f81870e74b26: 1053 arrays, 22.7 MB stored; 7.8 s; peak memory 163 MiB.
2026-10-10T18:08:04Z INFO [192/1000] 8624ac15-4673-458d-bd45-9695502d8139: 118 arrays, 0.5 MB stored; 1.5 s; peak memory 163 MiB.
2026-10-10T18:08:06Z INFO [193/1000] 8624c48e-59f4-42a1-babb-a38392639750: 57 arrays, 948.0 MB stored; 2.1 s; peak memory 163 MiB.
2026-10-10T18:08:08Z INFO [194/1000] 86250a20-4479-445c-982d-b7597e55bb82: 184 arrays, 217.6 MB stored; 3.2 s; peak memory 163 MiB.
2026-10-10T18:08:08Z INFO [195/1000] 86256f07-4b59-4d64-b8ec-a779b176b08e: 90 arrays, 223.0 MB stored; 2.6 s; peak memory 163 MiB.
2026-10-10T18:08:09Z INFO [196/1000] 86275a5b-6b75-40f0-a968-29a2c18cc342: 43 arrays, 2.4 MB stored; 1.1 s; peak memory 163 MiB.
2026-10-10T18:08:10Z INFO [197/1000] 86291850-0de3-4b02-b369-f9885a2495ae: 118 arrays, 0.5 MB stored; 1.3 s; peak memory 163 MiB.
2026-10-10T18:08:10Z INFO [198/1000] 8629bd40-31f2-4454-9217-ee379b041a94: 116 arrays, 0.4 MB stored; 1.2 s; peak memory 163 MiB.
2026-10-10T18:08:10Z INFO [199/1000] 86111e50-9928-473e-9034-1b5e412f6e05: 394 arrays, 23242.5 MB stored; 118.2 s; peak memory 163 MiB.
2026-10-10T18:08:11Z INFO [200/1000] 862a2045-dbf1-49e7-b35d-f75804f3b0a4: 39 arrays, 786.4 MB stored; 1.0 s; peak memory 163 MiB.
2026-10-10T18:08:12Z INFO [200/1000] 862a2045-dbf1-49e7-b35d-f75804f3b0a4: checkpointed 200 new records.
2026-10-10T18:08:12Z INFO [201/1000] 8629dc0b-0d6c-41ec-ac77-5f93ded5279b: 69 arrays, 43.7 MB stored; 1.6 s; peak memory 297 MiB.
2026-10-10T18:08:12Z INFO [202/1000] 862a518a-eec9-4c8e-b232-ea64e72f3e62: 118 arrays, 0.3 MB stored; 1.2 s; peak memory 297 MiB.
2026-10-10T18:08:13Z INFO [203/1000] 862a5608-33f5-42ed-9750-533f9d7b5d97: 69 arrays, 124.9 MB stored; 1.6 s; peak memory 297 MiB.
2026-10-10T18:08:13Z INFO [204/1000] 862c9651-dc5f-4c32-8658-a5172e828c97: 48 arrays, 83.9 MB stored; 1.4 s; peak memory 297 MiB.
2026-10-10T18:08:14Z INFO [205/1000] 862cae74-c6bc-499a-8f4c-e07b9b20fcf3: 48 arrays, 83.9 MB stored; 1.3 s; peak memory 297 MiB.
2026-10-10T18:08:14Z INFO [206/1000] 862cea53-0633-4e50-83cd-63959038021f: 46 arrays, 2.1 MB stored; 1.1 s; peak memory 297 MiB.
2026-10-10T18:08:15Z INFO [207/1000] 862d63aa-3aba-4789-b2a5-7e0523f40ba8: 48 arrays, 83.9 MB stored; 1.1 s; peak memory 297 MiB.
2026-10-10T18:08:16Z INFO [208/1000] 862c7e4c-c0b8-45d3-ab3b-9c6c106a8edf: 479 arrays, 5.7 MB stored; 4.7 s; peak memory 297 MiB.
2026-10-10T18:08:16Z INFO [209/1000] 862d5c9d-ccd0-4719-85a3-9ada4fda4391: 115 arrays, 190.1 MB stored; 2.2 s; peak memory 297 MiB.
2026-10-10T18:08:17Z INFO [210/1000] 862e209d-d162-4d32-a513-70707c82abb4: 71 arrays, 131.2 MB stored; 1.9 s; peak memory 297 MiB.
2026-10-10T18:08:17Z INFO [211/1000] 862e298f-4c65-459e-b532-749259188209: 63 arrays, 0.2 MB stored; 1.2 s; peak memory 297 MiB.
2026-10-10T18:08:18Z INFO [212/1000] 862ed988-ef17-4832-aeb4-28591d280e7d: 38 arrays, 36.3 MB stored; 2.2 s; peak memory 297 MiB.
2026-10-10T18:08:18Z INFO [213/1000] 862efc00-ad22-42f6-8d7d-347d2d55d642: 112 arrays, 0.4 MB stored; 1.4 s; peak memory 297 MiB.
2026-10-10T18:08:19Z INFO [214/1000] 862f13a4-1456-4c4d-91ef-65be9445dfde: 121 arrays, 1.3 MB stored; 2.1 s; peak memory 297 MiB.
2026-10-10T18:08:20Z INFO [215/1000] 862f5b1a-5a4f-48af-b23a-9d87113897ae: 76 arrays, 8.7 MB stored; 1.4 s; peak memory 297 MiB.
2026-10-10T18:08:20Z INFO [216/1000] 862f710c-8cd5-4056-b001-f03062fd4663: 48 arrays, 83.9 MB stored; 1.2 s; peak memory 297 MiB.
2026-10-10T18:08:22Z INFO [217/1000] 862fa25c-3b3a-4147-973c-cd5fa978566f: 117 arrays, 0.4 MB stored; 1.3 s; peak memory 297 MiB.
2026-10-10T18:08:23Z INFO [218/1000] 862ff3f7-91d8-47ab-ab6a-a873a9a12e23: 70 arrays, 16.0 MB stored; 1.4 s; peak memory 297 MiB.
2026-10-10T18:08:24Z INFO [219/1000] 86306bb6-5321-4957-b483-49763b296966: 117 arrays, 0.5 MB stored; 1.4 s; peak memory 297 MiB.
2026-10-10T18:08:26Z INFO [220/1000] 8630c51b-5b6a-4cbb-8c57-53faaaaeb245: 48 arrays, 83.9 MB stored; 1.2 s; peak memory 297 MiB.
2026-10-10T18:08:28Z INFO [221/1000] 8630fec7-bf6a-41f1-bcb4-fa188ebe4c68: 119 arrays, 66.4 MB stored; 1.9 s; peak memory 297 MiB.
2026-10-10T18:08:28Z INFO [222/1000] 861cf3df-fb45-4202-9afd-3e17ec095f17: 449 arrays, 23695.4 MB stored; 95.7 s; peak memory 297 MiB.
2026-10-10T18:08:29Z INFO [223/1000] 8631c8d6-7630-419e-8913-1ff44ca908ea: 52 arrays, 10.8 MB stored; 1.3 s; peak memory 297 MiB.
2026-10-10T18:08:29Z INFO [224/1000] 86317879-ab41-4c94-adbb-09e8537856d1: 62 arrays, 3227.1 MB stored; 1.5 s; peak memory 297 MiB.
2026-10-10T18:08:30Z INFO [225/1000] 8632afba-2c7b-4dff-95e5-243909602fcd: 112 arrays, 0.4 MB stored; 1.4 s; peak memory 297 MiB.
2026-10-10T18:08:31Z INFO [226/1000] 863261be-fdea-48b4-b5cd-de3e95177440: 132 arrays, 1.3 MB stored; 1.5 s; peak memory 297 MiB.
2026-10-10T18:08:32Z INFO [227/1000] 86336e3f-cf11-4545-929b-3e37487761ee: 48 arrays, 83.9 MB stored; 1.3 s; peak memory 297 MiB.
2026-10-10T18:08:32Z INFO [228/1000] 863374e8-f215-41a8-89d1-0b3e737f8b69: 112 arrays, 1.1 MB stored; 1.8 s; peak memory 297 MiB.
2026-10-10T18:08:33Z INFO [229/1000] 86343724-5845-472a-9718-c330dcdc5b72: 112 arrays, 0.8 MB stored; 1.5 s; peak memory 297 MiB.
2026-10-10T18:08:34Z INFO [230/1000] 86356e8d-7eb8-40e9-826e-bc42a1a509e1: 46 arrays, 0.1 MB stored; 1.0 s; peak memory 297 MiB.
2026-10-10T18:08:35Z INFO [231/1000] 862f1d0a-08a1-493e-beed-88432b21c689: 48 arrays, 40099.7 MB stored; 17.2 s; peak memory 297 MiB.
2026-10-10T18:08:37Z INFO [232/1000] 863635d3-0aaa-4c79-a0ed-9c7335f2e28e: 116 arrays, 0.2 MB stored; 1.3 s; peak memory 297 MiB.
2026-10-10T18:08:37Z INFO [233/1000] 8635d36c-9998-4e66-bada-63fef25e39c0: 110 arrays, 3918.0 MB stored; 3.1 s; peak memory 297 MiB.
2026-10-10T18:08:39Z INFO [234/1000] 8637f3b9-6ffc-4225-8b6b-a86833ac34cd: 118 arrays, 0.2 MB stored; 1.3 s; peak memory 297 MiB.
2026-10-10T18:08:39Z INFO [235/1000] 8636ffdc-dde7-4c25-adfc-95f0a60172b2: 100 arrays, 19.1 MB stored; 2.0 s; peak memory 297 MiB.
2026-10-10T18:08:40Z INFO [236/1000] 8638b6f6-9d57-4dbd-8829-e385ddc21fad: 112 arrays, 1.0 MB stored; 1.6 s; peak memory 297 MiB.
2026-10-10T18:08:40Z INFO [237/1000] 8638f874-f69f-428c-9b04-9300957dec77: 66 arrays, 26.9 MB stored; 1.4 s; peak memory 297 MiB.
2026-10-10T18:08:42Z INFO [238/1000] 86397fd9-c084-4682-be5c-1449fab19fea: 158 arrays, 1.2 MB stored; 2.0 s; peak memory 297 MiB.
2026-10-10T18:08:42Z INFO [239/1000] 8634f9e7-4b34-44a8-824b-1dcebe62f1f8: 786 arrays, 26.7 MB stored; 10.1 s; peak memory 297 MiB.
2026-10-10T18:08:44Z INFO [240/1000] 8624699c-c044-45f1-9b95-3a0ae50839a5: 11078 arrays, 1976.7 MB stored; 59.9 s; peak memory 297 MiB.
2026-10-10T18:08:44Z INFO [241/1000] 863ab8db-7d7d-4cd3-ad71-0dde228dd24b: 117 arrays, 0.3 MB stored; 1.4 s; peak memory 297 MiB.
2026-10-10T18:08:45Z INFO [242/1000] 863b1005-fc41-4ec4-87d3-de46973f0aef: 117 arrays, 0.3 MB stored; 1.4 s; peak memory 297 MiB.
2026-10-10T18:08:47Z INFO [243/1000] 863b1dc8-e32c-4181-b11d-aa7f746927f2: 48 arrays, 83.9 MB stored; 1.2 s; peak memory 297 MiB.
2026-10-10T18:08:48Z INFO [244/1000] 863a1be0-352d-45d3-9ed7-02fa8e491357: 538 arrays, 8.5 MB stored; 5.5 s; peak memory 297 MiB.
2026-10-10T18:08:49Z INFO [245/1000] 863ac5ac-d09e-426f-ad64-a0b5711f438c: 196 arrays, 643.3 MB stored; 5.4 s; peak memory 297 MiB.
2026-10-10T18:08:49Z INFO [246/1000] 863b5c74-6c12-4178-a1ac-96bdf9df508a: 117 arrays, 0.4 MB stored; 1.5 s; peak memory 297 MiB.
2026-10-10T18:08:50Z INFO [247/1000] 863c91cc-8ceb-49e6-b043-874945d6e334: 48 arrays, 83.9 MB stored; 1.2 s; peak memory 297 MiB.
2026-10-10T18:08:51Z INFO [248/1000] 863cdde2-8e70-4efe-98d4-4867bb44c601: 110 arrays, 0.6 MB stored; 1.7 s; peak memory 297 MiB.
2026-10-10T18:08:51Z INFO [249/1000] 863d7423-3124-494d-a24c-5e6432eafaf5: 46 arrays, 0.1 MB stored; 0.9 s; peak memory 297 MiB.
2026-10-10T18:08:52Z INFO [250/1000] 863b1e39-0b86-4553-a42c-0515c61c5b14: 196 arrays, 595.2 MB stored; 5.1 s; peak memory 297 MiB.
2026-10-10T18:08:52Z INFO [251/1000] 863f8b90-b9e8-4b76-ad07-0b6152c97c32: 48 arrays, 83.9 MB stored; 1.2 s; peak memory 297 MiB.
2026-10-10T18:08:53Z INFO [252/1000] 8640250e-ac47-427b-9c7a-23ccde5996f5: 48 arrays, 83.9 MB stored; 1.1 s; peak memory 297 MiB.
2026-10-10T18:08:53Z INFO [253/1000] 863d761c-4b33-4cf4-9eaa-cffad14ca13d: 69 arrays, 36.3 MB stored; 2.1 s; peak memory 297 MiB.
2026-10-10T18:08:54Z INFO [254/1000] 86404d7d-4309-40bb-ba87-636d86d3f1ea: 117 arrays, 0.6 MB stored; 1.3 s; peak memory 297 MiB.
2026-10-10T18:08:54Z INFO [255/1000] 8640ae4e-4f52-49a2-933d-cfa05e5ac828: 118 arrays, 0.6 MB stored; 1.3 s; peak memory 297 MiB.
2026-10-10T18:08:54Z INFO [256/1000] 8641c6f6-b47a-4d9a-8c9c-8b2e3ad96468: 48 arrays, 83.9 MB stored; 1.2 s; peak memory 297 MiB.
2026-10-10T18:08:55Z INFO [257/1000] 8642e4b5-b878-41a3-9619-249cd59e5d20: 46 arrays, 0.0 MB stored; 0.9 s; peak memory 297 MiB.
2026-10-10T18:08:55Z INFO [258/1000] 8643dc32-e2c5-4781-a785-52e003639a61: 49 arrays, 0.0 MB stored; 0.8 s; peak memory 297 MiB.
2026-10-10T18:08:57Z INFO [259/1000] 8643285d-27ae-4810-8147-22d5ffe544d3: 116 arrays, 187.1 MB stored; 2.5 s; peak memory 297 MiB.
2026-10-10T18:08:57Z INFO [260/1000] 8644620b-f7ff-4550-b185-6ec5a5d3600b: 74 arrays, 40.0 MB stored; 1.5 s; peak memory 297 MiB.
2026-10-10T18:08:57Z INFO [261/1000] 8638fb99-379c-40b5-b50e-9c8983461654: 48 arrays, 48908.2 MB stored; 16.8 s; peak memory 297 MiB.
2026-10-10T18:08:58Z INFO [262/1000] 86438a9b-8232-4d31-94c5-37a312009e8f: 1682 arrays, 5.7 MB stored; 3.7 s; peak memory 297 MiB.
2026-10-10T18:08:58Z INFO [263/1000] 86448aaa-c95b-461c-a631-18ebd16c5b68: 48 arrays, 83.9 MB stored; 1.2 s; peak memory 297 MiB.
2026-10-10T18:08:58Z INFO [264/1000] 864512ea-846e-4bed-bef9-b2e4ae671720: 48 arrays, 83.9 MB stored; 1.1 s; peak memory 297 MiB.
2026-10-10T18:08:58Z INFO [265/1000] 86450eea-824d-4cb7-b738-650600c646a4: 117 arrays, 0.4 MB stored; 1.4 s; peak memory 297 MiB.
2026-10-10T18:08:59Z INFO [266/1000] 86452f7f-5214-4af6-8f8a-e7aec078145f: 50 arrays, 0.8 MB stored; 1.1 s; peak memory 297 MiB.
2026-10-10T18:08:59Z INFO [267/1000] 86455190-3720-4ee4-b3de-b63780209c3c: 35 arrays, 0.0 MB stored; 1.0 s; peak memory 297 MiB.
2026-10-10T18:08:59Z INFO [268/1000] 86451520-37ef-4433-ab9f-454dcecd24a2: 117 arrays, 0.3 MB stored; 1.4 s; peak memory 297 MiB.
2026-10-10T18:08:59Z INFO [269/1000] 86457dd0-857e-4ba1-9f09-94f0d4265716: 48 arrays, 83.9 MB stored; 1.1 s; peak memory 297 MiB.
2026-10-10T18:09:00Z INFO [270/1000] 86459019-d042-47a5-bcf8-5dade3e514bc: 52 arrays, 0.0 MB stored; 1.0 s; peak memory 297 MiB.
2026-10-10T18:09:00Z INFO [271/1000] 8645f010-fc68-4686-9b3f-18e941b2fd95: 66 arrays, 101.3 MB stored; 1.3 s; peak memory 297 MiB.
2026-10-10T18:09:00Z INFO [272/1000] 8645f52c-fdd7-4b41-b766-6bdba1570fd5: 48 arrays, 83.9 MB stored; 1.1 s; peak memory 297 MiB.
2026-10-10T18:09:02Z INFO [273/1000] 86482500-8179-4534-86dd-2477ee795bbc: 117 arrays, 0.2 MB stored; 1.3 s; peak memory 297 MiB.
2026-10-10T18:09:02Z INFO [274/1000] 86493801-55b0-433a-b4bd-41752e6de0da: 79 arrays, 6.8 MB stored; 1.5 s; peak memory 297 MiB.
2026-10-10T18:09:03Z INFO [275/1000] 85f9c809-f168-4b73-b13b-26136a1b8fce: 62 arrays, 30294.3 MB stored; 206.7 s; peak memory 297 MiB.
2026-10-10T18:09:03Z INFO [276/1000] 86494f6a-87b7-4d2b-88d4-3a890c1b9923: 158 arrays, 1.2 MB stored; 1.9 s; peak memory 297 MiB.
2026-10-10T18:09:03Z INFO [277/1000] 864992a6-ac24-464c-a239-95e08441fdf6: 112 arrays, 0.5 MB stored; 1.6 s; peak memory 297 MiB.
2026-10-10T18:09:04Z INFO [278/1000] 86470cde-ecb6-4c61-9588-9409c6d1ff79: 229 arrays, 366.5 MB stored; 5.1 s; peak memory 297 MiB.
2026-10-10T18:09:05Z INFO [279/1000] 864a426c-e847-4d0c-9190-3bb15273d017: 48 arrays, 83.9 MB stored; 1.2 s; peak memory 297 MiB.
2026-10-10T18:09:05Z INFO [280/1000] 8649d8f7-ac22-4293-a008-1d492b94f88d: 112 arrays, 1.0 MB stored; 1.7 s; peak memory 297 MiB.
2026-10-10T18:09:06Z INFO [281/1000] 864aeff9-463f-424f-ac86-492c5e4b06d4: 48 arrays, 83.9 MB stored; 1.2 s; peak memory 297 MiB.
2026-10-10T18:09:06Z INFO [282/1000] 864b9fd4-0ae9-499f-b5a3-c4ed514d4ac2: 48 arrays, 83.9 MB stored; 1.1 s; peak memory 297 MiB.
2026-10-10T18:09:06Z INFO [283/1000] 864b2817-55e8-4153-a5af-108b2586983a: 112 arrays, 0.7 MB stored; 1.6 s; peak memory 297 MiB.
2026-10-10T18:09:07Z INFO [284/1000] 8649fada-2705-44a2-a2af-fc2206337de4: 287 arrays, 354.9 MB stored; 3.1 s; peak memory 297 MiB.
2026-10-10T18:09:07Z INFO [285/1000] 864bd661-5afd-4882-a2fa-2170c9e60aed: 62 arrays, 3865.0 MB stored; 1.7 s; peak memory 297 MiB.
2026-10-10T18:09:08Z INFO [286/1000] 864c521b-c87d-4113-87de-7e17ba3e5076: 53 arrays, 0.0 MB stored; 1.1 s; peak memory 297 MiB.
2026-10-10T18:09:08Z INFO [287/1000] 864c2107-82a9-4c0a-b841-dc0a77c28df4: 115 arrays, 190.1 MB stored; 2.0 s; peak memory 297 MiB.
2026-10-10T18:09:08Z INFO [288/1000] 864c7941-773e-48c5-9760-93a1bccc5671: 48 arrays, 83.9 MB stored; 1.1 s; peak memory 297 MiB.
2026-10-10T18:09:09Z INFO [289/1000] 864d081b-4888-474d-b874-36931bcffef8: 66 arrays, 179.0 MB stored; 1.5 s; peak memory 297 MiB.
2026-10-10T18:09:10Z INFO [290/1000] 864d6484-86d6-4366-97ce-acad7d32bdfc: 48 arrays, 83.9 MB stored; 1.2 s; peak memory 297 MiB.
2026-10-10T18:09:10Z INFO [291/1000] 864c011f-3375-43b1-800e-523535e6542e: 84 arrays, 465.9 MB stored; 3.4 s; peak memory 297 MiB.
2026-10-10T18:09:11Z INFO [292/1000] 864f73e1-a131-476a-8d3c-b1d587c58fd3: 48 arrays, 83.9 MB stored; 1.3 s; peak memory 297 MiB.
2026-10-10T18:09:11Z INFO [293/1000] 864f88f3-7130-49c1-a8c4-0fdb9a6d31f2: 131 arrays, 0.8 MB stored; 1.7 s; peak memory 297 MiB.
2026-10-10T18:09:11Z INFO [294/1000] 864e7070-d805-4bda-81d9-08ddbdf0279a: 90 arrays, 116.6 MB stored; 2.4 s; peak memory 297 MiB.
2026-10-10T18:09:12Z INFO [295/1000] 86502cee-a9f0-4fee-b615-8b0a3e572ee4: 48 arrays, 83.9 MB stored; 1.2 s; peak memory 297 MiB.
2026-10-10T18:09:12Z INFO [296/1000] 864fc493-75df-4fa8-ada8-ba94ea36d2cc: 66 arrays, 18.1 MB stored; 1.7 s; peak memory 297 MiB.
2026-10-10T18:09:13Z INFO [297/1000] 86509386-281e-4bd5-ad02-eae5b17a8e22: 66 arrays, 10.5 MB stored; 1.3 s; peak memory 297 MiB.
2026-10-10T18:09:15Z INFO [298/1000] 86516360-e9f4-4a2b-b33d-c498b87c45d4: 78 arrays, 58.5 MB stored; 1.7 s; peak memory 297 MiB.
2026-10-10T18:09:16Z INFO [299/1000] 8651f596-dd39-499f-bd00-8793b26d4b6a: 66 arrays, 101.6 MB stored; 1.5 s; peak memory 297 MiB.
2026-10-10T18:09:17Z INFO [300/1000] 86513b2e-9bbf-4df5-9b6b-bc0d996bf45a: 234 arrays, 13.2 MB stored; 4.7 s; peak memory 297 MiB.
2026-10-10T18:09:17Z INFO [301/1000] 86520130-3e9d-44de-b5da-724d942a0a9b: 64 arrays, 0.0 MB stored; 1.3 s; peak memory 297 MiB.
2026-10-10T18:09:19Z INFO [302/1000] 86523a3e-c2a7-4fe7-ada8-cd281c6af225: 117 arrays, 0.2 MB stored; 1.3 s; peak memory 297 MiB.
2026-10-10T18:09:19Z INFO [303/1000] 86523936-12dc-4a25-b352-00cf09c61b6d: 112 arrays, 0.8 MB stored; 1.7 s; peak memory 297 MiB.
2026-10-10T18:09:26Z INFO [304/1000] 865254ea-5036-4069-824e-430ca2cf4a51: 837 arrays, 35.3 MB stored; 7.7 s; peak memory 297 MiB.
2026-10-10T18:09:29Z INFO [305/1000] 8652b629-d869-483e-be16-68661877150d: 115 arrays, 190.1 MB stored; 2.6 s; peak memory 297 MiB.
2026-10-10T18:09:29Z INFO [306/1000] 865261f8-2163-41a6-9b68-577a434efef5: 98 arrays, 108.7 MB stored; 10.4 s; peak memory 297 MiB.
2026-10-10T18:09:30Z INFO [307/1000] 86549f31-ee5b-4435-9fbe-250e76cfdc59: 55 arrays, 0.0 MB stored; 1.0 s; peak memory 297 MiB.
2026-10-10T18:09:33Z INFO [308/1000] 8654a47e-ab00-494d-b684-16fef19e20a3: 168 arrays, 3.2 MB stored; 2.4 s; peak memory 297 MiB.
2026-10-10T18:09:33Z INFO [309/1000] 8653051a-0f74-4fb1-996f-916590b89f39: 223 arrays, 230.9 MB stored; 4.5 s; peak memory 297 MiB.
2026-10-10T18:09:34Z INFO [310/1000] 8654c956-f06e-41e6-8dc3-21988bc0f62d: 46 arrays, 0.0 MB stored; 1.0 s; peak memory 297 MiB.
2026-10-10T18:09:35Z INFO [311/1000] 86555709-3176-4250-882c-05daaa927aeb: 66 arrays, 67.1 MB stored; 1.5 s; peak memory 297 MiB.
2026-10-10T18:09:35Z INFO [312/1000] 86563016-9488-46d2-aade-6435b2c14b9e: 112 arrays, 0.7 MB stored; 1.7 s; peak memory 297 MiB.
2026-10-10T18:09:36Z INFO [313/1000] 8656d149-8dad-4d1b-b237-f12dd09112be: 56 arrays, 0.0 MB stored; 1.1 s; peak memory 297 MiB.
2026-10-10T18:09:36Z INFO [314/1000] 8656d981-067c-406b-9420-f2c1ded1c0c5: 41 arrays, 8.4 MB stored; 1.1 s; peak memory 297 MiB.
2026-10-10T18:09:38Z INFO [315/1000] 8656eed8-aef2-45bd-a2fb-563bdec13002: 81 arrays, 11.7 MB stored; 2.0 s; peak memory 297 MiB.
2026-10-10T18:09:39Z INFO [316/1000] 8657aab6-0c6b-4ce3-bd70-04c6cb43ca11: 85 arrays, 4.0 MB stored; 1.4 s; peak memory 297 MiB.
2026-10-10T18:09:43Z INFO [317/1000] 865a2e6c-eba5-4681-af9f-f76ba773d2f0: 229 arrays, 265.9 MB stored; 3.4 s; peak memory 297 MiB.
2026-10-10T18:09:44Z INFO [318/1000] 865bc196-60b8-4ad2-8939-ca9f3cf3d11f: 118 arrays, 0.3 MB stored; 1.5 s; peak memory 297 MiB.
2026-10-10T18:09:45Z INFO [319/1000] 865c7623-556d-49cb-b89e-09687841cda6: 37 arrays, 0.0 MB stored; 1.0 s; peak memory 297 MiB.
2026-10-10T18:09:47Z INFO [320/1000] 865cafa9-9943-4bec-b415-2259bb54ea50: 110 arrays, 0.4 MB stored; 1.4 s; peak memory 297 MiB.
2026-10-10T18:09:48Z INFO [321/1000] 865cfbc3-6a21-432c-94f4-631981dcd26a: 45 arrays, 0.0 MB stored; 0.9 s; peak memory 297 MiB.
2026-10-10T18:09:50Z INFO [322/1000] 865cfd24-4abf-4804-889a-db3afd0f8627: 115 arrays, 190.1 MB stored; 2.1 s; peak memory 297 MiB.
2026-10-10T18:09:51Z INFO [323/1000] 865de053-23d1-418e-bd3b-0345e251485d: 110 arrays, 0.6 MB stored; 1.4 s; peak memory 297 MiB.
2026-10-10T18:09:54Z INFO [324/1000] 865e470e-822a-4c33-ab22-7b222004f61f: 150 arrays, 257.0 MB stored; 2.2 s; peak memory 297 MiB.
2026-10-10T18:09:55Z INFO [325/1000] 865e814b-8023-4b4c-82b4-f8d764553bbc: 48 arrays, 83.9 MB stored; 1.2 s; peak memory 297 MiB.
2026-10-10T18:09:56Z INFO [326/1000] 865f095a-4426-4519-af9d-bdbe7b37254e: 52 arrays, 13.5 MB stored; 1.2 s; peak memory 297 MiB.
2026-10-10T18:09:58Z INFO [327/1000] 866080ea-b487-4740-b649-da1c58cd1bb6: 116 arrays, 187.1 MB stored; 2.3 s; peak memory 297 MiB.
2026-10-10T18:10:00Z INFO [328/1000] 8660a7e7-c334-4ea7-b8d3-61efc21b95e0: 119 arrays, 66.5 MB stored; 1.9 s; peak memory 297 MiB.
2026-10-10T18:10:32Z INFO [329/1000] 862f9a3c-491d-4059-bd92-da910e402cb2: 20348 arrays, 1208.9 MB stored; 132.1 s; peak memory 297 MiB.
2026-10-10T18:10:33Z INFO [330/1000] 866191c8-9f52-48bd-8932-535394fa7f09: 43 arrays, 2.4 MB stored; 1.1 s; peak memory 297 MiB.
2026-10-10T18:10:34Z INFO [331/1000] 8661e77e-99fc-4ca8-bc7e-4432e5b91586: 48 arrays, 83.9 MB stored; 1.0 s; peak memory 297 MiB.
2026-10-10T18:10:35Z INFO [332/1000] 8661f119-bd0d-4e32-bde7-684b32397143: 48 arrays, 83.9 MB stored; 1.0 s; peak memory 297 MiB.
2026-10-10T18:10:36Z INFO [333/1000] 86621c74-c60b-44c0-9c00-7269416a1d92: 48 arrays, 83.9 MB stored; 1.2 s; peak memory 297 MiB.
2026-10-10T18:10:37Z INFO [334/1000] 86625be1-dfa9-479a-b9f5-486d0ea47191: 117 arrays, 0.3 MB stored; 1.2 s; peak memory 297 MiB.
2026-10-10T18:10:39Z INFO [335/1000] 86625e07-3db8-4c40-aa9d-e7ac99e18149: 71 arrays, 41.8 MB stored; 1.6 s; peak memory 297 MiB.
2026-10-10T18:10:40Z INFO [336/1000] 8662e7fa-fa58-4fa6-91d2-d980f6b45358: 48 arrays, 83.9 MB stored; 1.0 s; peak memory 297 MiB.
2026-10-10T18:10:41Z INFO [337/1000] 86636ad6-2c2f-43e6-8681-5dbab587dadb: 41 arrays, 8.4 MB stored; 0.8 s; peak memory 297 MiB.
2026-10-10T18:10:42Z INFO [338/1000] 86644d57-aabf-4238-ad82-5644110a4b55: 71 arrays, 66.9 MB stored; 1.7 s; peak memory 297 MiB.
2026-10-10T18:10:43Z INFO [339/1000] 86648c73-f842-4a1b-b882-f604ff87cfdf: 56 arrays, 0.0 MB stored; 1.0 s; peak memory 297 MiB.
2026-10-10T18:10:44Z INFO [340/1000] 8664ccc7-c08a-499a-89f1-4f83ac8126b9: 48 arrays, 83.9 MB stored; 1.1 s; peak memory 297 MiB.
2026-10-10T18:10:46Z INFO [341/1000] 8664ed9f-556c-49cb-878e-e7a3521ec1bc: 46 arrays, 0.6 MB stored; 1.1 s; peak memory 297 MiB.
2026-10-10T18:10:47Z INFO [342/1000] 86661e8f-59b7-4be0-85dd-fa238667b3b6: 66 arrays, 58.5 MB stored; 1.3 s; peak memory 297 MiB.
2026-10-10T18:10:48Z INFO [343/1000] 86665f96-0dd2-4fb3-ac29-057e56372ae6: 35 arrays, 0.0 MB stored; 1.0 s; peak memory 297 MiB.
2026-10-10T18:10:49Z INFO [344/1000] 86666c19-4220-47d2-b997-f4c0001f8ca2: 48 arrays, 83.9 MB stored; 1.1 s; peak memory 297 MiB.
2026-10-10T18:10:50Z INFO [345/1000] 86685637-5131-4987-9fb3-7386e7c297fa: 117 arrays, 0.4 MB stored; 1.2 s; peak memory 297 MiB.
2026-10-10T18:10:56Z INFO [346/1000] 864da6ba-b924-4c79-8176-87b8efccc3eb: 257 arrays, 23261.3 MB stored; 107.6 s; peak memory 297 MiB.
2026-10-10T18:11:04Z INFO [347/1000] 86688ce8-30a6-4bc3-9097-b15352ee868b: 48 arrays, 38696.7 MB stored; 14.2 s; peak memory 297 MiB.
2026-10-10T18:11:05Z INFO [348/1000] 86694bad-7494-4f3a-8bbc-fa9f3f7617f7: 33 arrays, 0.0 MB stored; 0.9 s; peak memory 297 MiB.
2026-10-10T18:11:07Z INFO [349/1000] 86695bee-82a5-4191-8da1-a4483ff07027: 117 arrays, 0.2 MB stored; 1.2 s; peak memory 297 MiB.
2026-10-10T18:11:08Z INFO [350/1000] 86698f77-af89-4a70-9ede-b3ff17341e14: 92 arrays, 8.3 MB stored; 1.1 s; peak memory 297 MiB.
2026-10-10T18:11:09Z INFO [351/1000] 8669a13d-c7f3-450b-8f7f-d498a1f2822f: 52 arrays, 11.7 MB stored; 1.1 s; peak memory 297 MiB.
2026-10-10T18:11:10Z INFO [352/1000] 8669d654-58a6-4a1c-a3af-ed156e807356: 112 arrays, 0.8 MB stored; 1.6 s; peak memory 297 MiB.
2026-10-10T18:11:12Z INFO [353/1000] 866a5c20-9d3e-454b-984d-244cfe961d31: 117 arrays, 0.4 MB stored; 1.2 s; peak memory 297 MiB.
2026-10-10T18:11:13Z INFO [354/1000] 866ab67d-a47f-42c2-a9f5-711e989bdc3c: 52 arrays, 12.0 MB stored; 1.3 s; peak memory 297 MiB.
2026-10-10T18:11:19Z INFO [355/1000] 866ac1f9-2839-4c79-902c-00ddeb5492bc: 11477 arrays, 117.3 MB stored; 6.1 s; peak memory 297 MiB.
2026-10-10T18:11:20Z INFO [356/1000] 866adb1c-a3d4-4426-b946-11894c19a8f2: 48 arrays, 83.9 MB stored; 1.1 s; peak memory 297 MiB.
2026-10-10T18:11:22Z INFO [357/1000] 866af229-24a1-446e-a756-a87bda6cb669: 71 arrays, 146.9 MB stored; 1.6 s; peak memory 297 MiB.
2026-10-10T18:11:23Z INFO [358/1000] 866baf1e-1eb2-4430-bc5e-2bceed055cc8: 52 arrays, 626.3 MB stored; 1.1 s; peak memory 297 MiB.
2026-10-10T18:11:24Z INFO [359/1000] 866be748-a882-41f9-9e62-169ffa0dc9af: 68 arrays, 9.3 MB stored; 1.4 s; peak memory 297 MiB.
2026-10-10T18:11:34Z INFO [360/1000] 866bed14-1e6d-40d8-b9e6-c8a389d107a2: 836 arrays, 22.3 MB stored; 9.3 s; peak memory 297 MiB.
2026-10-10T18:11:34Z INFO [361/1000] 866c6245-466b-4c31-8423-30b670effbcc: 61 arrays, 15.5 MB stored; 0.9 s; peak memory 297 MiB.
2026-10-10T18:11:35Z INFO [362/1000] 866d50c2-c6b5-448d-9268-6654decf7803: 46 arrays, 0.1 MB stored; 1.0 s; peak memory 297 MiB.
2026-10-10T18:11:38Z INFO [363/1000] 8660c099-dca8-429f-a7bb-9f0e3b70fcc9: 167 arrays, 21214.0 MB stored; 97.5 s; peak memory 297 MiB.
2026-10-10T18:11:39Z INFO [364/1000] 866dbd76-c362-445e-b666-524a91138c0c: 76 arrays, 4.4 MB stored; 1.3 s; peak memory 297 MiB.
2026-10-10T18:11:40Z INFO [365/1000] 866e19b5-a8db-4832-bdcb-c6915c3c39f7: 48 arrays, 83.9 MB stored; 1.0 s; peak memory 297 MiB.
2026-10-10T18:11:57Z INFO [366/1000] 866e3905-d70d-4689-89e4-154a70b027e8: 48 arrays, 42237.7 MB stored; 16.9 s; peak memory 297 MiB.
2026-10-10T18:11:59Z INFO [367/1000] 866e8c36-2522-4e46-97af-f5ef275c1eb8: 66 arrays, 62.4 MB stored; 1.7 s; peak memory 297 MiB.
2026-10-10T18:11:59Z INFO [368/1000] 866ee252-85d3-466f-9b0c-82ffe536cd11: 54 arrays, 0.0 MB stored; 0.8 s; peak memory 297 MiB.
2026-10-10T18:12:00Z INFO [369/1000] 866efec4-6219-414d-9d9e-a28d389ce27f: 37 arrays, 0.0 MB stored; 0.9 s; peak memory 297 MiB.
2026-10-10T18:12:01Z INFO [370/1000] 866f18ee-6422-4681-a6fe-4abeb8e8cb4b: 38 arrays, 0.5 MB stored; 1.0 s; peak memory 297 MiB.
2026-10-10T18:12:03Z INFO [371/1000] 866fb75c-f191-4570-a4b1-94e9a0e400f6: 112 arrays, 0.4 MB stored; 1.2 s; peak memory 297 MiB.
2026-10-10T18:12:04Z INFO [372/1000] 866fb9e8-be91-43f0-8546-a59351d26644: 48 arrays, 83.9 MB stored; 1.1 s; peak memory 297 MiB.
2026-10-10T18:12:14Z INFO [373/1000] 866fc8dc-86e6-48de-90de-abc3960f5470: 772 arrays, 22.0 MB stored; 10.1 s; peak memory 297 MiB.
2026-10-10T18:12:14Z INFO [374/1000] 86692e7a-a502-4cc2-b95b-a1d6ae0b5aff: 14516 arrays, 499.1 MB stored; 78.4 s; peak memory 297 MiB.
2026-10-10T18:12:15Z INFO [375/1000] 866d8ec7-397d-414a-962b-06f6812c0a45: 75 arrays, 477.1 MB stored; 40.0 s; peak memory 297 MiB.
2026-10-10T18:12:16Z INFO [376/1000] 86713a7b-e53c-4b38-bbf1-8f0dafd98728: 112 arrays, 0.7 MB stored; 1.5 s; peak memory 297 MiB.
2026-10-10T18:12:17Z INFO [377/1000] 8671871a-c3a1-4dbf-8ffb-9e9a2c586867: 117 arrays, 0.3 MB stored; 1.3 s; peak memory 297 MiB.
2026-10-10T18:12:18Z INFO [378/1000] 8671d6fc-7b4c-4356-be3d-d84940f2d2af: 37 arrays, 0.0 MB stored; 0.9 s; peak memory 297 MiB.
2026-10-10T18:12:18Z INFO [379/1000] 866fe575-7cfe-494b-af26-d4aa32d6926d: 538 arrays, 7.6 MB stored; 4.8 s; peak memory 297 MiB.
2026-10-10T18:12:19Z INFO [380/1000] 8673552f-f8a8-47f2-b4ee-2f14e330a0be: 116 arrays, 9.7 MB stored; 1.2 s; peak memory 297 MiB.
2026-10-10T18:12:20Z INFO [381/1000] 8673a389-bce3-4175-81e0-4347c40175a7: 48 arrays, 83.9 MB stored; 1.1 s; peak memory 297 MiB.
2026-10-10T18:12:21Z INFO [382/1000] 86749eb8-33fe-4bf3-beb2-3383d813372e: 117 arrays, 0.4 MB stored; 1.3 s; peak memory 297 MiB.
2026-10-10T18:12:21Z INFO [383/1000] 8674d9b4-3ffd-40c8-ad2c-a3a68c719b71: 69 arrays, 0.0 MB stored; 1.1 s; peak memory 297 MiB.
2026-10-10T18:12:22Z INFO [384/1000] 86751dee-2bd3-4f76-8da1-2b08ee6c01c1: 116 arrays, 9.7 MB stored; 1.2 s; peak memory 297 MiB.
2026-10-10T18:12:22Z INFO [385/1000] 8675099e-420c-48cb-911a-39ff22df92b0: 112 arrays, 0.9 MB stored; 1.6 s; peak memory 297 MiB.
2026-10-10T18:12:23Z INFO [386/1000] 86751fcf-f75e-48f7-9ffa-9fbdc3b35810: 117 arrays, 0.3 MB stored; 1.2 s; peak memory 297 MiB.
2026-10-10T18:12:24Z INFO [387/1000] 86768d51-cc91-4ad9-ad28-8577b18ebd95: 48 arrays, 83.9 MB stored; 1.2 s; peak memory 297 MiB.
2026-10-10T18:12:26Z INFO [388/1000] 86777e30-9b97-4fb9-807c-966ede8fa054: 48 arrays, 83.9 MB stored; 1.2 s; peak memory 297 MiB.
2026-10-10T18:12:31Z INFO [389/1000] 867789b3-30ae-4dad-a83b-15a308753ffd: 748 arrays, 18.0 MB stored; 5.8 s; peak memory 297 MiB.
2026-10-10T18:12:33Z INFO [390/1000] 86761986-8342-4cca-bd85-d53fc781cf0d: 1482 arrays, 44.4 MB stored; 10.3 s; peak memory 297 MiB.
2026-10-10T18:12:34Z INFO [391/1000] 86786881-d992-46d3-8e19-24b5d45b5112: 39 arrays, 786.4 MB stored; 1.0 s; peak memory 297 MiB.
2026-10-10T18:12:35Z INFO [392/1000] 86778ed6-af1d-4c3e-aae6-f435b376f13a: 192 arrays, 10.4 MB stored; 3.7 s; peak memory 297 MiB.
2026-10-10T18:12:36Z INFO [393/1000] 8678bed7-812e-43bb-9235-011c268c968d: 66 arrays, 62.0 MB stored; 2.2 s; peak memory 297 MiB.
2026-10-10T18:12:36Z INFO [394/1000] 867906fe-620c-4856-84cd-b1b5d4235f30: 48 arrays, 83.9 MB stored; 1.3 s; peak memory 297 MiB.
2026-10-10T18:12:38Z INFO [395/1000] 867975af-531e-4439-8f46-44e4cdd63f05: 74 arrays, 42.2 MB stored; 1.4 s; peak memory 297 MiB.
2026-10-10T18:12:39Z INFO [396/1000] 8679a15c-15cc-4fc6-aa84-f19cfef3ec3e: 102 arrays, 14.0 MB stored; 1.5 s; peak memory 297 MiB.
2026-10-10T18:12:40Z INFO [397/1000] 8679e38e-8076-4980-9914-1213f09a0691: 48 arrays, 83.9 MB stored; 1.1 s; peak memory 297 MiB.
2026-10-10T18:12:42Z INFO [398/1000] 86791e4c-fcc6-4111-8e34-90b68070f835: 257 arrays, 155.5 MB stored; 6.0 s; peak memory 297 MiB.
2026-10-10T18:12:43Z INFO [399/1000] 867a2c81-dc88-4362-ac45-b462a0efd8b7: 38 arrays, 36.2 MB stored; 1.7 s; peak memory 297 MiB.
2026-10-10T18:12:45Z INFO [400/1000] 867a929a-d760-475d-8f8f-c0893b64bf82: 48 arrays, 83.9 MB stored; 1.1 s; peak memory 297 MiB.
2026-10-10T18:12:46Z INFO [400/1000] 867a929a-d760-475d-8f8f-c0893b64bf82: checkpointed 400 new records.
2026-10-10T18:12:48Z INFO [401/1000] 867a0e2a-0514-4c7e-b64c-8874dc9cf017: 1984 arrays, 20.8 MB stored; 8.1 s; peak memory 416 MiB.
2026-10-10T18:12:50Z INFO [402/1000] 867be8d9-3c14-4628-8ce9-5eaa094b0820: 49 arrays, 7.8 MB stored; 1.3 s; peak memory 416 MiB.
2026-10-10T18:12:51Z INFO [403/1000] 867ce700-9685-4173-a44c-1bd99f74354c: 93 arrays, 1.9 MB stored; 1.4 s; peak memory 416 MiB.
2026-10-10T18:12:53Z INFO [404/1000] 867d0b03-0025-4933-a99d-b0f6573a0f6a: 71 arrays, 75.3 MB stored; 1.8 s; peak memory 416 MiB.
2026-10-10T18:12:58Z INFO [405/1000] 8657874e-f90f-4cc1-853b-2b195a7beefb: 62 arrays, 26529.3 MB stored; 201.1 s; peak memory 416 MiB.
2026-10-10T18:12:59Z INFO [406/1000] 867d4ed7-99ae-4cb2-92c4-0dfcfdf91979: 48 arrays, 83.9 MB stored; 1.0 s; peak memory 416 MiB.
2026-10-10T18:13:00Z INFO [407/1000] 867fb82b-bff5-4354-a6f3-1a932c193889: 53 arrays, 0.1 MB stored; 1.1 s; peak memory 416 MiB.
2026-10-10T18:13:00Z INFO [408/1000] 867d2366-a215-4616-986e-19abaa81930a: 410 arrays, 171.3 MB stored; 7.3 s; peak memory 416 MiB.
2026-10-10T18:13:01Z INFO [409/1000] 867febbc-9961-4a30-9370-a99d10819e1e: 101 arrays, 6.5 MB stored; 1.3 s; peak memory 416 MiB.
2026-10-10T18:13:01Z INFO [410/1000] 867aba74-c65d-4c44-8e73-86190952bf2e: 48 arrays, 46597.5 MB stored; 16.9 s; peak memory 416 MiB.
2026-10-10T18:13:02Z INFO [411/1000] 86803157-6343-4ed3-82b5-e06ad43ed040: 71 arrays, 1.8 MB stored; 1.3 s; peak memory 416 MiB.
2026-10-10T18:13:02Z INFO [412/1000] 8680d718-10aa-468f-98b2-45b48117b1a9: 117 arrays, 0.4 MB stored; 1.3 s; peak memory 416 MiB.
2026-10-10T18:13:03Z INFO [413/1000] 8680ea08-11c3-43ef-94af-dba5186ca0ce: 112 arrays, 0.8 MB stored; 1.4 s; peak memory 416 MiB.
2026-10-10T18:13:03Z INFO [414/1000] 8682faef-5f77-4e8d-a907-b39911658246: 63 arrays, 0.2 MB stored; 1.0 s; peak memory 416 MiB.
2026-10-10T18:13:03Z INFO [415/1000] 86819119-4b30-411a-b96d-18bbe52578ca: 45 arrays, 664.4 MB stored; 1.6 s; peak memory 416 MiB.
2026-10-10T18:13:05Z INFO [416/1000] 86836114-d545-4275-a678-68fa6785186a: 69 arrays, 36.1 MB stored; 1.5 s; peak memory 416 MiB.
2026-10-10T18:13:05Z INFO [417/1000] 86832cb0-a12a-4e0c-b3ef-2d7494fbcabb: 69 arrays, 92.3 MB stored; 1.7 s; peak memory 416 MiB.
2026-10-10T18:13:05Z INFO [418/1000] 86842aa2-1c63-4185-8396-60fdd34fea2f: 66 arrays, 130.2 MB stored; 1.7 s; peak memory 416 MiB.
2026-10-10T18:13:06Z INFO [419/1000] 8684682b-85d3-44b7-8db6-7593e2292884: 117 arrays, 0.3 MB stored; 1.2 s; peak memory 416 MiB.
2026-10-10T18:13:06Z INFO [420/1000] 86850b68-35d3-4188-8c59-d980e0c39fd4: 69 arrays, 25.9 MB stored; 1.4 s; peak memory 416 MiB.
2026-10-10T18:13:06Z INFO [421/1000] 868441ed-be36-4e67-a750-d2515f1d2c33: 112 arrays, 1.3 MB stored; 1.9 s; peak memory 416 MiB.
2026-10-10T18:13:07Z INFO [422/1000] 86859769-89ff-4ff4-9576-bbe4c3b77872: 48 arrays, 83.9 MB stored; 1.1 s; peak memory 416 MiB.
2026-10-10T18:13:08Z INFO [423/1000] 8685bdf0-160d-4ad0-ad4e-119ca62bf9d9: 101 arrays, 12.0 MB stored; 1.8 s; peak memory 416 MiB.
2026-10-10T18:13:08Z INFO [424/1000] 8685ca55-be69-4715-92a6-32268ed42885: 48 arrays, 83.9 MB stored; 1.0 s; peak memory 416 MiB.
2026-10-10T18:13:10Z INFO [425/1000] 868660c8-b8bf-4307-8e31-d7bb5c6fcc28: 117 arrays, 0.3 MB stored; 1.2 s; peak memory 416 MiB.
2026-10-10T18:13:11Z INFO [426/1000] 86851ecc-7703-4eb4-9465-93cca69cdcc7: 49 arrays, 4621.7 MB stored; 4.8 s; peak memory 416 MiB.
2026-10-10T18:13:12Z INFO [427/1000] 8687463b-55b1-49a3-ac22-41ea2b30937c: 45 arrays, 0.0 MB stored; 0.9 s; peak memory 416 MiB.
2026-10-10T18:13:12Z INFO [428/1000] 86873e50-1c34-4b8f-a05f-664fd1f15aef: 90 arrays, 155.6 MB stored; 2.1 s; peak memory 416 MiB.
2026-10-10T18:13:13Z INFO [429/1000] 8687cc3a-1708-4997-bfd4-7cb99c0205ca: 69 arrays, 24.0 MB stored; 1.4 s; peak memory 416 MiB.
2026-10-10T18:13:20Z INFO [430/1000] 868899e1-68db-4b74-962b-147e13c440a2: 777 arrays, 31.8 MB stored; 7.0 s; peak memory 416 MiB.
2026-10-10T18:13:20Z INFO [431/1000] 86882817-d37d-4593-b2fd-b44ee4dff7e2: 847 arrays, 31.4 MB stored; 8.4 s; peak memory 416 MiB.
2026-10-10T18:13:21Z INFO [432/1000] 86897472-7de0-4f69-acba-bae3a7d95d34: 114 arrays, 0.0 MB stored; 1.2 s; peak memory 416 MiB.
2026-10-10T18:13:22Z INFO [433/1000] 86898bec-d618-4143-9829-5f4962e59bb9: 112 arrays, 0.5 MB stored; 1.6 s; peak memory 416 MiB.
2026-10-10T18:13:22Z INFO [434/1000] 86898fc7-892f-44e3-a380-b4c864408a9a: 117 arrays, 0.4 MB stored; 1.4 s; peak memory 416 MiB.
2026-10-10T18:13:23Z INFO [435/1000] 8689eade-7447-486c-bba0-8ced120cf39e: 46 arrays, 0.1 MB stored; 1.0 s; peak memory 416 MiB.
2026-10-10T18:13:24Z INFO [436/1000] 868b1770-f774-4716-a123-b5087b885c6e: 48 arrays, 83.9 MB stored; 1.2 s; peak memory 416 MiB.
2026-10-10T18:13:24Z INFO [437/1000] 868be0dd-92ac-4e11-84e2-b086b2dc44d8: 116 arrays, 0.5 MB stored; 1.3 s; peak memory 416 MiB.
2026-10-10T18:13:25Z INFO [438/1000] 868bf8fe-3216-4d45-bbff-9d0cbe2f4104: 39 arrays, 10.4 MB stored; 1.2 s; peak memory 416 MiB.
2026-10-10T18:13:26Z INFO [439/1000] 868c8fc9-92b6-41b6-ad61-73f0c3f09a80: 116 arrays, 0.6 MB stored; 1.3 s; peak memory 416 MiB.
2026-10-10T18:13:26Z INFO [440/1000] 868c1b2b-bbd9-4f70-b326-c448471e138e: 346 arrays, 2.6 MB stored; 2.4 s; peak memory 416 MiB.
2026-10-10T18:13:28Z INFO [441/1000] 868d6e15-bf6e-4f35-a1b9-da54f1b0d65c: 46 arrays, 0.5 MB stored; 1.2 s; peak memory 416 MiB.
2026-10-10T18:13:29Z INFO [442/1000] 868dfdca-6e76-4ee3-bb64-82270857b8c2: 38 arrays, 29.9 MB stored; 1.8 s; peak memory 416 MiB.
2026-10-10T18:13:31Z INFO [443/1000] 868e5da5-e64b-4875-b0f3-8ea60c9e0954: 117 arrays, 0.4 MB stored; 1.4 s; peak memory 416 MiB.
2026-10-10T18:13:39Z INFO [444/1000] 868eb776-a9a3-49d3-a04a-fbafef894d87: 1010 arrays, 16.9 MB stored; 7.7 s; peak memory 416 MiB.
2026-10-10T18:13:40Z INFO [445/1000] 868eeb3b-87b1-42ba-851e-4c53f898cc07: 48 arrays, 83.9 MB stored; 1.2 s; peak memory 416 MiB.
2026-10-10T18:13:41Z INFO [446/1000] 868f1bfa-b6a4-4597-a713-e09d9aa6d1f1: 84 arrays, 0.4 MB stored; 1.2 s; peak memory 416 MiB.
2026-10-10T18:13:42Z INFO [447/1000] 868f5b5d-f763-4210-b8b8-c52340a8bf07: 114 arrays, 0.1 MB stored; 1.0 s; peak memory 416 MiB.
2026-10-10T18:13:44Z INFO [448/1000] 868f5ba4-2a81-443a-8808-9d9e22316b80: 109 arrays, 1.4 MB stored; 2.0 s; peak memory 416 MiB.
2026-10-10T18:13:45Z INFO [449/1000] 868cfbdf-3d10-4d42-b03f-7b34cb96db34: 910 arrays, 2409.8 MB stored; 19.2 s; peak memory 416 MiB.
2026-10-10T18:13:46Z INFO [450/1000] 869070b9-b299-4a99-a8b4-a715ca334792: 45 arrays, 0.0 MB stored; 0.8 s; peak memory 416 MiB.
2026-10-10T18:13:47Z INFO [451/1000] 86909b2a-50b8-4c80-8262-838893785562: 110 arrays, 0.8 MB stored; 1.2 s; peak memory 416 MiB.
2026-10-10T18:13:50Z INFO [452/1000] 868f666b-fc3c-4300-9301-12def7909d9f: 579 arrays, 27.1 MB stored; 6.4 s; peak memory 416 MiB.
2026-10-10T18:13:51Z INFO [453/1000] 8691b95a-31ff-481b-bc8e-5375264cfd85: 57 arrays, 0.0 MB stored; 0.9 s; peak memory 416 MiB.
2026-10-10T18:13:52Z INFO [454/1000] 8691bb7b-8a7f-4460-bcbd-3227a18efd48: 51 arrays, 5403.0 MB stored; 1.2 s; peak memory 416 MiB.
2026-10-10T18:13:53Z INFO [455/1000] 8690baaa-c3a8-4715-93d6-b0d2fe5ad93d: 56 arrays, 62.1 MB stored; 5.9 s; peak memory 416 MiB.
2026-10-10T18:13:53Z INFO [456/1000] 869297e1-a26c-4d3a-ba9e-0e417971e85d: 44 arrays, 30.8 MB stored; 1.0 s; peak memory 416 MiB.
2026-10-10T18:13:55Z INFO [457/1000] 8693a38a-7cc7-49bd-8e21-e6758c6abbbd: 118 arrays, 0.4 MB stored; 1.4 s; peak memory 416 MiB.
2026-10-10T18:13:55Z INFO [458/1000] 8694060f-a2bc-4abc-a3ef-5a72ab5c365b: 118 arrays, 0.5 MB stored; 1.2 s; peak memory 416 MiB.
2026-10-10T18:13:57Z INFO [459/1000] 86949030-4be7-4697-9d9f-5287a177d1b0: 51 arrays, 177.5 MB stored; 2.1 s; peak memory 416 MiB.
2026-10-10T18:13:57Z INFO [460/1000] 86940cd2-12ae-4ea6-9faa-4a93b3b271f6: 85 arrays, 888.9 MB stored; 2.6 s; peak memory 416 MiB.
2026-10-10T18:13:58Z INFO [461/1000] 86949065-14f9-45e1-8ab5-8e38c4ceb2a7: 118 arrays, 0.3 MB stored; 1.2 s; peak memory 416 MiB.
2026-10-10T18:13:58Z INFO [462/1000] 8694daa3-9185-4ed3-9d2f-a53775a97b7f: 52 arrays, 12.5 MB stored; 1.1 s; peak memory 416 MiB.
2026-10-10T18:13:59Z INFO [463/1000] 86957669-bd38-4d0e-8c1f-210fdf7854cd: 48 arrays, 83.9 MB stored; 1.0 s; peak memory 416 MiB.
2026-10-10T18:14:00Z INFO [464/1000] 8695bf0c-7644-408d-9ca2-779f0ea750b0: 48 arrays, 83.9 MB stored; 1.1 s; peak memory 416 MiB.
2026-10-10T18:14:00Z INFO [465/1000] 8695e374-2ecb-45da-8e3c-ab7043bda460: 118 arrays, 0.3 MB stored; 1.1 s; peak memory 416 MiB.
2026-10-10T18:14:01Z INFO [466/1000] 86963a2e-6665-4e89-9621-092c730a4e48: 48 arrays, 83.9 MB stored; 1.0 s; peak memory 416 MiB.
2026-10-10T18:14:02Z INFO [467/1000] 8695f85e-e220-47d5-a3ce-3ce8c2ab4b5c: 41 arrays, 473.5 MB stored; 2.0 s; peak memory 416 MiB.
2026-10-10T18:14:02Z INFO [468/1000] 86967a09-aa63-4cf7-bac6-737e97cc8e41: 48 arrays, 83.9 MB stored; 1.1 s; peak memory 416 MiB.
2026-10-10T18:14:02Z INFO [469/1000] 869681e0-c4e4-4153-8ce0-24092999d827: 57 arrays, 0.0 MB stored; 0.9 s; peak memory 416 MiB.
2026-10-10T18:14:03Z INFO [470/1000] 86974ddf-e319-4959-93b8-3873c2f61eff: 46 arrays, 0.0 MB stored; 0.8 s; peak memory 416 MiB.
2026-10-10T18:14:03Z INFO [471/1000] 8696b92f-604b-42fc-a25f-186614d33c06: 84 arrays, 0.2 MB stored; 1.1 s; peak memory 416 MiB.
2026-10-10T18:14:06Z INFO [472/1000] 86976763-aeab-4054-b969-afec7a1cb9e3: 48 arrays, 34.9 MB stored; 3.0 s; peak memory 416 MiB.
2026-10-10T18:14:06Z INFO [473/1000] 8697c18b-6e6d-44f3-b271-eb9cf2abc1f4: 133 arrays, 44.0 MB stored; 2.9 s; peak memory 416 MiB.
2026-10-10T18:14:07Z INFO [474/1000] 86983615-db6a-4696-bd6d-53de744ecac3: 48 arrays, 83.9 MB stored; 1.2 s; peak memory 416 MiB.
2026-10-10T18:14:07Z INFO [475/1000] 8698bc6d-f974-4be6-ab1e-50c9564f1249: 117 arrays, 0.3 MB stored; 1.2 s; peak memory 416 MiB.
2026-10-10T18:14:09Z INFO [476/1000] 869ada9f-8b11-49f8-9f0b-aeec1e50cc0c: 48 arrays, 83.9 MB stored; 1.2 s; peak memory 416 MiB.
2026-10-10T18:14:10Z INFO [477/1000] 869b0f56-2869-4b0c-be2f-80f7eb79c3f6: 46 arrays, 1.7 MB stored; 0.9 s; peak memory 416 MiB.
2026-10-10T18:14:12Z INFO [478/1000] 8699b431-5623-45a4-8232-ded3d9a22beb: 174 arrays, 55.9 MB stored; 4.2 s; peak memory 416 MiB.
2026-10-10T18:14:13Z INFO [479/1000] 869b77de-2c33-4bf5-bc00-3410c5884382: 56 arrays, 0.0 MB stored; 0.9 s; peak memory 416 MiB.
2026-10-10T18:14:13Z INFO [480/1000] 869b2b63-63da-4144-9ba3-3fbc1971e51e: 453 arrays, 4.7 MB stored; 3.5 s; peak memory 416 MiB.
2026-10-10T18:14:14Z INFO [481/1000] 869b80ca-e2ba-4133-88fe-8229155fdb54: 48 arrays, 83.9 MB stored; 1.1 s; peak memory 416 MiB.
2026-10-10T18:14:15Z INFO [482/1000] 869c4580-0155-4280-87f6-b83d752156fd: 117 arrays, 0.3 MB stored; 1.1 s; peak memory 416 MiB.
2026-10-10T18:14:16Z INFO [483/1000] 869caa56-6ddd-489d-95b4-b957e6d37fa6: 48 arrays, 83.9 MB stored; 1.1 s; peak memory 416 MiB.
2026-10-10T18:14:17Z INFO [484/1000] 869d07fa-267c-4bd6-af4d-7ef56650d152: 275 arrays, 17.1 MB stored; 1.4 s; peak memory 416 MiB.
2026-10-10T18:14:19Z INFO [485/1000] 869d39d7-dd70-4755-98d8-c0e1446301e5: 110 arrays, 1.2 MB stored; 1.7 s; peak memory 416 MiB.
2026-10-10T18:14:22Z INFO [486/1000] 869d4d7d-64c9-40a7-89a9-457b264c3d36: 283 arrays, 1060.4 MB stored; 3.0 s; peak memory 416 MiB.
2026-10-10T18:14:23Z INFO [487/1000] 869f0fb8-ed73-4166-9aa2-54b9a94d183f: 48 arrays, 83.9 MB stored; 1.1 s; peak memory 416 MiB.
2026-10-10T18:14:24Z INFO [488/1000] 869f380d-cdd1-4894-86cf-cfaa7300a305: 63 arrays, 0.1 MB stored; 1.0 s; peak memory 416 MiB.
2026-10-10T18:14:27Z INFO [489/1000] 869f9d8f-f889-49f6-afb9-d402bf8adc49: 48 arrays, 34.9 MB stored; 2.7 s; peak memory 416 MiB.
2026-10-10T18:14:28Z INFO [490/1000] 869fecd5-0d5c-4e8f-aa78-040674950068: 117 arrays, 0.3 MB stored; 1.2 s; peak memory 416 MiB.
2026-10-10T18:14:29Z INFO [491/1000] 86a05a24-a3a9-43c4-96f3-979f2390b085: 52 arrays, 13.8 MB stored; 1.2 s; peak memory 416 MiB.
2026-10-10T18:14:30Z INFO [492/1000] 86a0f45d-5cad-4710-9dbb-c6f370be2725: 48 arrays, 83.9 MB stored; 1.1 s; peak memory 416 MiB.
2026-10-10T18:14:31Z INFO [493/1000] 86a0f7c1-d0af-4001-9c9f-7cac579ff52d: 118 arrays, 0.2 MB stored; 1.1 s; peak memory 416 MiB.
2026-10-10T18:14:33Z INFO [494/1000] 86a148e1-2541-4a95-8b0f-c4cafc781d3c: 48 arrays, 83.9 MB stored; 1.1 s; peak memory 416 MiB.
2026-10-10T18:14:34Z INFO [495/1000] 86a295f2-5558-4359-9ccf-830e6c08be96: 38 arrays, 0.5 MB stored; 1.1 s; peak memory 416 MiB.
2026-10-10T18:14:35Z INFO [496/1000] 869c3324-101f-49d6-a8be-84d8003589c2: 48 arrays, 1651.9 MB stored; 21.6 s; peak memory 416 MiB.
2026-10-10T18:14:35Z INFO [497/1000] 86a2fd76-c989-404b-8140-eb052004ca6e: 52 arrays, 9.4 MB stored; 1.2 s; peak memory 416 MiB.
2026-10-10T18:14:36Z INFO [498/1000] 86a37622-a51b-4592-b671-5563f13b9817: 117 arrays, 0.3 MB stored; 1.2 s; peak memory 416 MiB.
2026-10-10T18:14:41Z INFO [499/1000] 86a454fc-f457-41da-b851-9a066ecf68a5: 726 arrays, 19.6 MB stored; 5.5 s; peak memory 416 MiB.
2026-10-10T18:14:41Z INFO [500/1000] 86a432f2-9608-4b54-b70b-4bb2531621a2: 1165 arrays, 32.9 MB stored; 6.6 s; peak memory 416 MiB.
2026-10-10T18:14:43Z INFO [501/1000] 86a607e7-850c-4a30-bfde-496e96a104a6: 48 arrays, 83.9 MB stored; 1.2 s; peak memory 416 MiB.
2026-10-10T18:14:45Z INFO [502/1000] 86a62174-b01c-4e91-8694-3af14aaf0abf: 38 arrays, 33.8 MB stored; 2.0 s; peak memory 416 MiB.
2026-10-10T18:14:46Z INFO [503/1000] 86a62ad3-bfa4-495f-861c-6b25562c1f25: 112 arrays, 0.5 MB stored; 1.4 s; peak memory 416 MiB.
2026-10-10T18:14:47Z INFO [504/1000] 86a6baf6-97fb-47ec-99ae-c34583a5404f: 57 arrays, 0.0 MB stored; 0.8 s; peak memory 416 MiB.
2026-10-10T18:14:48Z INFO [505/1000] 86a73293-69c3-4f05-ad09-f6547f886ca3: 48 arrays, 83.9 MB stored; 1.0 s; peak memory 416 MiB.
2026-10-10T18:14:49Z INFO [506/1000] 86a76f2b-805f-4d46-928e-129843b02663: 117 arrays, 0.5 MB stored; 1.4 s; peak memory 416 MiB.
2026-10-10T18:14:50Z INFO [507/1000] 86a77f32-cb80-4e03-bb51-23e77d002691: 48 arrays, 83.9 MB stored; 1.1 s; peak memory 416 MiB.
2026-10-10T18:14:52Z INFO [508/1000] 8685edb4-5664-47d0-bec7-fc6a49f1be6a: 129 arrays, 8066.7 MB stored; 104.2 s; peak memory 416 MiB.
2026-10-10T18:14:57Z INFO [509/1000] 86a7d262-97fa-4e70-babe-f563f4aae405: 622 arrays, 23.1 MB stored; 4.4 s; peak memory 416 MiB.
2026-10-10T18:14:57Z INFO [510/1000] 86a7ac09-8657-46f4-b0b1-79654ca5768b: 1130 arrays, 12.8 MB stored; 6.7 s; peak memory 416 MiB.
2026-10-10T18:14:58Z INFO [511/1000] 86a59964-178c-4571-8906-836a2bf48e6a: 907 arrays, 1000.8 MB stored; 16.8 s; peak memory 416 MiB.
2026-10-10T18:14:58Z INFO [512/1000] 86a8a8a1-04a3-4173-997c-229bb2a2f3e2: 117 arrays, 0.4 MB stored; 1.2 s; peak memory 416 MiB.
2026-10-10T18:15:00Z INFO [513/1000] 86a835f2-420a-4021-b726-dd58e0b8c8e7: 85 arrays, 1462.6 MB stored; 2.7 s; peak memory 416 MiB.
2026-10-10T18:15:00Z INFO [514/1000] 86a8b813-da69-4659-9c99-36088b852cd4: 117 arrays, 0.4 MB stored; 1.4 s; peak memory 416 MiB.
2026-10-10T18:15:00Z INFO [515/1000] 86a8aa14-6ebf-4f64-8cbe-0abec5d06b96: 158 arrays, 1.2 MB stored; 1.8 s; peak memory 416 MiB.
2026-10-10T18:15:01Z INFO [516/1000] 86a91a47-d9ba-4e00-a48b-9c3d553b85dc: 43 arrays, 743.6 MB stored; 1.2 s; peak memory 416 MiB.
2026-10-10T18:15:01Z INFO [517/1000] 86aa9c04-ffc6-4a8b-9817-30c45ad42d83: 112 arrays, 0.5 MB stored; 1.2 s; peak memory 416 MiB.
2026-10-10T18:15:01Z INFO [518/1000] 86ab61c3-2a31-4396-8ed0-58c2cef40a1e: 59 arrays, 115.8 MB stored; 1.3 s; peak memory 416 MiB.
2026-10-10T18:15:02Z INFO [519/1000] 86ab9a7a-ac03-4bfa-9463-8c43bce4656a: 43 arrays, 8.8 MB stored; 1.2 s; peak memory 416 MiB.
2026-10-10T18:15:03Z INFO [520/1000] 86ac433f-9730-4e87-a041-ec643e5d3305: 275 arrays, 17.2 MB stored; 1.3 s; peak memory 416 MiB.
2026-10-10T18:15:03Z INFO [521/1000] 86ac7b96-c14d-4ba0-bd88-c4cc77f0967b: 110 arrays, 0.6 MB stored; 1.4 s; peak memory 416 MiB.
2026-10-10T18:15:05Z INFO [522/1000] 86ad555c-44db-47a8-bbc9-420a4b89e723: 110 arrays, 0.7 MB stored; 1.3 s; peak memory 416 MiB.
2026-10-10T18:15:05Z INFO [523/1000] 86ad1e69-4cb6-4917-aa51-b35d76a24743: 116 arrays, 187.0 MB stored; 2.3 s; peak memory 416 MiB.
2026-10-10T18:15:06Z INFO [524/1000] 86ac2a7e-ae57-4a5b-9125-32490a57299e: 196 arrays, 552.1 MB stored; 5.3 s; peak memory 416 MiB.
2026-10-10T18:15:07Z INFO [525/1000] 86ad9930-f183-4f6c-85cc-ec7ef72c7fad: 152 arrays, 1.1 MB stored; 2.2 s; peak memory 416 MiB.
2026-10-10T18:15:08Z INFO [526/1000] 86aef9ae-5117-4ade-a7c3-4ad7b09a1aca: 48 arrays, 83.9 MB stored; 1.1 s; peak memory 416 MiB.
2026-10-10T18:15:08Z INFO [527/1000] 86adbafd-2d6b-4ab4-86e9-8f50edffbd36: 184 arrays, 218.2 MB stored; 2.9 s; peak memory 416 MiB.
2026-10-10T18:15:09Z INFO [528/1000] 86afb860-a720-4484-90c6-da5fa76230af: 111 arrays, 0.1 MB stored; 1.1 s; peak memory 416 MiB.
2026-10-10T18:15:10Z INFO [529/1000] 86af7bf6-4a35-458f-bfe5-648e67787e63: 38 arrays, 34.3 MB stored; 1.9 s; peak memory 416 MiB.
2026-10-10T18:15:10Z INFO [530/1000] 86afebcc-3f17-4b7c-83d1-ed4af9c182b4: 117 arrays, 0.3 MB stored; 1.2 s; peak memory 416 MiB.
2026-10-10T18:15:11Z INFO [531/1000] 86aebfc3-b21b-44d3-a601-4d8169b818d9: 472 arrays, 6.0 MB stored; 4.8 s; peak memory 416 MiB.
2026-10-10T18:15:11Z INFO [532/1000] 86b01709-d454-488f-a07d-49168c684ed8: 116 arrays, 0.3 MB stored; 1.3 s; peak memory 416 MiB.
2026-10-10T18:15:11Z INFO [533/1000] 86b07bcb-49be-489e-9043-808d008093c2: 48 arrays, 83.9 MB stored; 1.1 s; peak memory 416 MiB.
2026-10-10T18:15:12Z INFO [534/1000] 86b0c8ae-7836-493c-a17c-2ff6707f7c74: 48 arrays, 83.9 MB stored; 1.2 s; peak memory 416 MiB.
2026-10-10T18:15:14Z INFO [535/1000] 86b181b4-2628-4604-b2a8-dd902244d457: 163 arrays, 12.0 MB stored; 2.5 s; peak memory 416 MiB.
2026-10-10T18:15:14Z INFO [536/1000] 86b28d41-a3c4-4822-b3cf-53b2288f3968: 112 arrays, 1.3 MB stored; 1.5 s; peak memory 416 MiB.
2026-10-10T18:15:15Z INFO [537/1000] 86b2df74-43a2-4f9b-bc0d-657d2a180328: 46 arrays, 0.0 MB stored; 0.9 s; peak memory 416 MiB.
2026-10-10T18:15:15Z INFO [538/1000] 86b21508-8090-4b4a-a09e-2ef91ee34e1c: 471 arrays, 4.9 MB stored; 3.8 s; peak memory 416 MiB.
2026-10-10T18:15:16Z INFO [539/1000] 86b392d4-b117-4f6b-8bce-1d53f7b5ff31: 118 arrays, 0.3 MB stored; 1.2 s; peak memory 416 MiB.
2026-10-10T18:15:16Z INFO [540/1000] 86b3c09b-001d-4e98-8467-6e9b80877961: 46 arrays, 12.6 MB stored; 1.1 s; peak memory 416 MiB.
2026-10-10T18:15:17Z INFO [541/1000] 86b471bd-c7d3-4282-9e36-9118a53c14ab: 48 arrays, 83.9 MB stored; 1.1 s; peak memory 416 MiB.
2026-10-10T18:15:18Z INFO [542/1000] 86b49eb7-1425-46ed-b153-8caee4b00388: 112 arrays, 0.7 MB stored; 1.6 s; peak memory 416 MiB.
2026-10-10T18:15:19Z INFO [543/1000] 86b4a151-3c17-44b8-b67f-eac68d8f9acc: 46 arrays, 0.1 MB stored; 0.9 s; peak memory 416 MiB.
2026-10-10T18:15:21Z INFO [544/1000] 86b4ae08-9a51-4d7e-b5f3-66dee906b840: 77 arrays, 0.7 MB stored; 1.2 s; peak memory 416 MiB.
2026-10-10T18:15:22Z INFO [545/1000] 86b486f5-7a02-49e4-8c8e-e916708b9c13: 56 arrays, 126.2 MB stored; 5.3 s; peak memory 416 MiB.
2026-10-10T18:15:22Z INFO [546/1000] 86b4e1c4-3f63-4b3b-8a05-793b82ef6d37: 118 arrays, 0.2 MB stored; 1.2 s; peak memory 416 MiB.
2026-10-10T18:15:22Z INFO [547/1000] 86715b42-fe1e-49e7-a811-d08758aa2d55: 62 arrays, 24814.4 MB stored; 187.0 s; peak memory 416 MiB.
2026-10-10T18:15:23Z INFO [548/1000] 86b2def2-b986-4e6b-91a0-c37d674e303a: 251 arrays, 94.0 MB stored; 9.4 s; peak memory 416 MiB.
2026-10-10T18:15:23Z INFO [549/1000] 86b568e7-195d-4397-934f-ef0410e51a36: 116 arrays, 0.4 MB stored; 1.3 s; peak memory 416 MiB.
2026-10-10T18:15:23Z INFO [550/1000] 86b6325e-1186-4bb6-9a9d-77fca1dd5f93: 56 arrays, 0.0 MB stored; 0.9 s; peak memory 416 MiB.
2026-10-10T18:15:24Z INFO [551/1000] 86b66013-476c-4b2a-a07c-4555892e885d: 48 arrays, 83.9 MB stored; 1.1 s; peak memory 416 MiB.
2026-10-10T18:15:24Z INFO [552/1000] 86b4ef0f-70bb-4172-9ab3-23019aca1dc1: 156 arrays, 193.5 MB stored; 2.4 s; peak memory 416 MiB.
2026-10-10T18:15:25Z INFO [553/1000] 86b67837-3da2-4a6c-9ad9-19e274a6746a: 69 arrays, 38.1 MB stored; 1.5 s; peak memory 416 MiB.
2026-10-10T18:15:25Z INFO [554/1000] 86b741b2-acfe-4694-9e7b-78aa650c1385: 116 arrays, 0.3 MB stored; 1.2 s; peak memory 416 MiB.
2026-10-10T18:15:25Z INFO [555/1000] 86b68274-a520-4743-b44e-47cc26b4160a: 51 arrays, 177.5 MB stored; 1.9 s; peak memory 416 MiB.
2026-10-10T18:15:26Z INFO [556/1000] 86b699e0-4651-4bab-94ec-e0ac5a09ba63: 112 arrays, 0.7 MB stored; 1.6 s; peak memory 416 MiB.
2026-10-10T18:15:27Z INFO [557/1000] 86b80526-e15c-4189-b56c-585a790dad5c: 53 arrays, 9.1 MB stored; 2.1 s; peak memory 416 MiB.
2026-10-10T18:15:27Z INFO [558/1000] 86b86266-bad6-4354-8c31-90c878a23472: 71 arrays, 4.5 MB stored; 1.9 s; peak memory 416 MiB.
2026-10-10T18:15:29Z INFO [559/1000] 86b8bf9c-2ea4-4b4b-a4c9-d4c81a7185c2: 48 arrays, 83.9 MB stored; 1.2 s; peak memory 416 MiB.
2026-10-10T18:15:29Z INFO [560/1000] 86b90af3-48c1-4a40-8bda-096fb3ec53a3: 61 arrays, 31.3 MB stored; 1.5 s; peak memory 416 MiB.
2026-10-10T18:15:30Z INFO [561/1000] 86b9de1d-8b12-48e3-92e5-f48d00b763c8: 48 arrays, 83.9 MB stored; 1.1 s; peak memory 416 MiB.
2026-10-10T18:15:31Z INFO [562/1000] 86b8097b-610d-4cfb-bec2-d43b3bce93fc: 266 arrays, 1109.6 MB stored; 5.6 s; peak memory 416 MiB.
2026-10-10T18:15:33Z INFO [563/1000] 86babd10-d0c3-42b5-ac04-22801aa7be83: 66 arrays, 3914.7 MB stored; 1.8 s; peak memory 416 MiB.
2026-10-10T18:15:33Z INFO [564/1000] 86b7f4cb-68cf-4dd7-944b-552c55a43cdf: 765 arrays, 21.6 MB stored; 8.7 s; peak memory 416 MiB.
2026-10-10T18:15:35Z INFO [565/1000] 86bc0a63-a1d1-4628-a420-29da467fdd40: 110 arrays, 1.4 MB stored; 1.9 s; peak memory 416 MiB.
2026-10-10T18:15:35Z INFO [566/1000] 86b961da-2871-4982-acd2-df96cbc6f7e8: 336 arrays, 44.0 MB stored; 6.8 s; peak memory 416 MiB.
2026-10-10T18:15:36Z INFO [567/1000] 86bc15d9-b09a-4667-89cf-b2f2aa60ca13: 46 arrays, 12.6 MB stored; 1.2 s; peak memory 416 MiB.
2026-10-10T18:15:37Z INFO [568/1000] 86bc7df0-4f35-4f0b-bc93-98536c207526: 153 arrays, 0.3 MB stored; 1.3 s; peak memory 416 MiB.
2026-10-10T18:15:37Z INFO [569/1000] 86bdab6d-278a-4bfe-ac44-e54c25d51267: 65 arrays, 0.0 MB stored; 1.1 s; peak memory 416 MiB.
2026-10-10T18:15:38Z INFO [570/1000] 86bdc042-35b4-4222-a518-b3318950040c: 52 arrays, 13.5 MB stored; 1.3 s; peak memory 416 MiB.
2026-10-10T18:15:38Z INFO [571/1000] 86bdf017-11ff-4992-b39b-8fb0482bcf17: 46 arrays, 0.2 MB stored; 0.9 s; peak memory 416 MiB.
2026-10-10T18:15:39Z INFO [572/1000] 86be1008-b283-455e-beeb-c1223f01a2eb: 48 arrays, 83.9 MB stored; 1.1 s; peak memory 416 MiB.
2026-10-10T18:15:39Z INFO [573/1000] 86be191a-ef4e-40ec-bd67-009962f2e907: 59 arrays, 252.9 MB stored; 1.5 s; peak memory 416 MiB.
2026-10-10T18:15:40Z INFO [574/1000] 86bf0383-e6b7-4d6c-8d9f-69d855623a2c: 69 arrays, 123.6 MB stored; 1.5 s; peak memory 416 MiB.
2026-10-10T18:15:41Z INFO [575/1000] 86bf5bfa-8b01-4101-8cb3-f2468769315f: 141 arrays, 0.8 MB stored; 1.8 s; peak memory 416 MiB.
2026-10-10T18:15:41Z INFO [576/1000] 86bc138f-dda5-46e0-847a-ed0aa37305f9: 903 arrays, 25.3 MB stored; 8.0 s; peak memory 416 MiB.
2026-10-10T18:15:42Z INFO [577/1000] 86bfa56e-bf67-424e-bde2-ffe82890da71: 48 arrays, 83.9 MB stored; 1.1 s; peak memory 416 MiB.
2026-10-10T18:15:42Z INFO [578/1000] 86c04438-6e72-4f50-afd2-02e826691319: 48 arrays, 83.9 MB stored; 1.0 s; peak memory 416 MiB.
2026-10-10T18:15:42Z INFO [579/1000] 86c07353-59cc-4e5d-a9b7-22a6aeab4097: 48 arrays, 83.9 MB stored; 1.1 s; peak memory 416 MiB.
2026-10-10T18:15:43Z INFO [580/1000] 86c0be4d-a405-4110-9311-644a93a24dea: 38 arrays, 20.9 MB stored; 1.3 s; peak memory 416 MiB.
2026-10-10T18:15:43Z INFO [581/1000] 86c0c380-2d07-4e19-a9bb-a0dd3bdd0b22: 63 arrays, 0.2 MB stored; 1.2 s; peak memory 416 MiB.
2026-10-10T18:15:44Z INFO [582/1000] 86ba3f19-5fbf-4132-801e-2c3ba0ccbf18: 41 arrays, 592.5 MB stored; 13.5 s; peak memory 416 MiB.
2026-10-10T18:15:44Z INFO [583/1000] 86c1946d-92d8-4ca4-a625-a1b0c285d8d9: 48 arrays, 83.9 MB stored; 1.0 s; peak memory 416 MiB.
2026-10-10T18:15:45Z INFO [584/1000] 86c2cd8a-2feb-4003-9a00-b1b7f3e6e079: 112 arrays, 0.4 MB stored; 1.3 s; peak memory 416 MiB.
2026-10-10T18:15:45Z INFO [585/1000] 86c21a26-589e-4ef7-975f-f0d736824e08: 141 arrays, 0.8 MB stored; 2.1 s; peak memory 416 MiB.
2026-10-10T18:15:46Z INFO [586/1000] 86c11c55-8fec-4ef5-a79d-71709622421f: 538 arrays, 7.9 MB stored; 3.9 s; peak memory 416 MiB.
2026-10-10T18:15:46Z INFO [587/1000] 86c354b9-808e-49a8-872e-d95e0b7e1644: 48 arrays, 83.9 MB stored; 1.2 s; peak memory 416 MiB.
2026-10-10T18:15:47Z INFO [588/1000] 86c38304-aa73-4f08-97d0-e13c237393ea: 48 arrays, 83.9 MB stored; 1.1 s; peak memory 416 MiB.
2026-10-10T18:15:48Z INFO [589/1000] 86c3c136-bf88-4aad-a4d2-3e0f06679288: 116 arrays, 0.3 MB stored; 1.4 s; peak memory 416 MiB.
2026-10-10T18:15:48Z INFO [590/1000] 86c39424-b9ad-4378-8f50-5b860f04df1c: 109 arrays, 0.7 MB stored; 1.6 s; peak memory 416 MiB.
2026-10-10T18:15:49Z INFO [591/1000] 86c42ce9-2cab-40d0-ac2e-5092509d2c02: 48 arrays, 83.9 MB stored; 1.1 s; peak memory 416 MiB.
2026-10-10T18:15:54Z INFO [592/1000] 86c3c825-f337-40d5-91a9-3c68f600f9e2: 901 arrays, 13.4 MB stored; 6.0 s; peak memory 416 MiB.
2026-10-10T18:15:55Z INFO [593/1000] 86c596bd-3ebf-416d-b6fa-7ad8e910c548: 112 arrays, 0.7 MB stored; 1.5 s; peak memory 416 MiB.
2026-10-10T18:15:56Z INFO [594/1000] 86c29150-0077-42fb-b958-d47fe84e0674: 929 arrays, 29.0 MB stored; 12.4 s; peak memory 416 MiB.
2026-10-10T18:15:57Z INFO [595/1000] 86c68bdb-a21b-40cf-8670-a5e27d036544: 48 arrays, 83.9 MB stored; 1.2 s; peak memory 416 MiB.
2026-10-10T18:16:00Z INFO [596/1000] 86c69e9e-1232-446e-89e5-daba76d0f1cf: 336 arrays, 2.7 MB stored; 2.5 s; peak memory 416 MiB.
2026-10-10T18:16:06Z INFO [597/1000] 86c5e373-3b84-453a-8433-65d15cd18a14: 446 arrays, 4098.9 MB stored; 10.6 s; peak memory 416 MiB.
2026-10-10T18:16:06Z INFO [598/1000] 86c4c92f-2940-465c-8b4e-d9bacd1aace8: 96 arrays, 1256.5 MB stored; 17.2 s; peak memory 416 MiB.
2026-10-10T18:16:07Z INFO [599/1000] 86c70fd9-0d1e-45a6-afbb-ff8add1a5276: 318 arrays, 18.8 MB stored; 6.9 s; peak memory 416 MiB.
2026-10-10T18:16:07Z INFO [600/1000] 86c7d4ef-7336-456d-ae0c-5fe31c1efff8: 118 arrays, 0.3 MB stored; 1.3 s; peak memory 416 MiB.
2026-10-10T18:16:08Z INFO [600/1000] 86c7d4ef-7336-456d-ae0c-5fe31c1efff8: checkpointed 600 new records.
2026-10-10T18:16:08Z INFO [601/1000] 86c862e8-9601-4661-aca8-e2e6e83813e9: 106 arrays, 9.7 MB stored; 1.3 s; peak memory 416 MiB.
2026-10-10T18:16:08Z INFO [602/1000] 86c8bc56-6bb2-44e4-8b86-bae937406cdf: 66 arrays, 101.7 MB stored; 1.5 s; peak memory 416 MiB.
2026-10-10T18:16:09Z INFO [603/1000] 86c95da3-e069-4be3-ab47-798f5147aba0: 56 arrays, 0.0 MB stored; 1.0 s; peak memory 416 MiB.
2026-10-10T18:16:10Z INFO [604/1000] 86ca134e-c6ab-4b0e-8dbe-4f1042d424a4: 117 arrays, 0.3 MB stored; 1.3 s; peak memory 416 MiB.
2026-10-10T18:16:10Z INFO [605/1000] 86c9ee24-05ae-40e6-8375-38745c4108db: 101 arrays, 13.8 MB stored; 1.8 s; peak memory 416 MiB.
2026-10-10T18:16:11Z INFO [606/1000] 86cb84f0-dae4-4916-aeb8-647ed9c80427: 48 arrays, 83.9 MB stored; 1.3 s; peak memory 416 MiB.
2026-10-10T18:16:11Z INFO [607/1000] 86cb163f-bf86-4557-b9c6-ee55b5dc12aa: 117 arrays, 0.5 MB stored; 1.5 s; peak memory 416 MiB.
2026-10-10T18:16:13Z INFO [608/1000] 86cc726f-fa6a-408f-a7cd-57f6a4ea6474: 62 arrays, 4724.0 MB stored; 1.3 s; peak memory 416 MiB.
2026-10-10T18:16:15Z INFO [609/1000] 86c920df-7a69-4b69-adfd-ef37eef00732: 865 arrays, 31.0 MB stored; 7.7 s; peak memory 416 MiB.
2026-10-10T18:16:16Z INFO [610/1000] 86cd2606-6d17-4c5c-ab30-48ff463c98c8: 41 arrays, 8.4 MB stored; 1.0 s; peak memory 416 MiB.
2026-10-10T18:16:17Z INFO [611/1000] 86cd5166-7c4b-4d92-823f-86093fd1cd02: 116 arrays, 0.3 MB stored; 1.2 s; peak memory 416 MiB.
2026-10-10T18:16:20Z INFO [612/1000] 86cc70be-d594-434d-bf83-124c5744d6aa: 1044 arrays, 41.0 MB stored; 8.5 s; peak memory 416 MiB.
2026-10-10T18:16:20Z INFO [613/1000] 86cdd449-6349-45c7-b2ec-f1a7b08caabf: 156 arrays, 193.5 MB stored; 2.8 s; peak memory 416 MiB.
2026-10-10T18:16:23Z INFO [614/1000] 86cce842-5399-4d04-b19a-55ddc35b7c12: 59 arrays, 624.1 MB stored; 10.5 s; peak memory 416 MiB.
2026-10-10T18:16:26Z INFO [615/1000] 86ce96f3-1490-4444-8237-d189a547fb41: 115 arrays, 190.1 MB stored; 2.3 s; peak memory 416 MiB.
2026-10-10T18:16:29Z INFO [616/1000] 86ce6205-2191-42a4-abfc-7d1f7434a105: 967 arrays, 34.2 MB stored; 8.5 s; peak memory 416 MiB.
2026-10-10T18:16:30Z INFO [617/1000] 86cf3d63-5fe9-45ef-9402-c021f2d9d836: 43 arrays, 706.5 MB stored; 1.3 s; peak memory 416 MiB.
2026-10-10T18:16:30Z INFO [618/1000] 86ce23f0-45b6-4cb9-8e0e-e5f03d0f6e85: 93 arrays, 291.1 MB stored; 10.7 s; peak memory 416 MiB.
2026-10-10T18:16:31Z INFO [619/1000] 86cf6f24-dca7-452c-b0cc-1b6be69fd1c5: 118 arrays, 0.5 MB stored; 1.4 s; peak memory 416 MiB.
2026-10-10T18:16:32Z INFO [620/1000] 86ceccc6-95f6-4aa8-a315-ca9afb0fefc3: 760 arrays, 9.5 MB stored; 6.2 s; peak memory 416 MiB.
2026-10-10T18:16:32Z INFO [621/1000] 86d01525-4f00-4a36-b524-4f5fa4b31d5e: 69 arrays, 46.5 MB stored; 1.6 s; peak memory 416 MiB.
2026-10-10T18:16:34Z INFO [622/1000] 86d0704f-36ae-42c7-a629-c081eb62ccd6: 70 arrays, 93.4 MB stored; 1.8 s; peak memory 416 MiB.
2026-10-10T18:16:34Z INFO [623/1000] 86d1d771-33ed-4c59-81a2-fa48b8cbe540: 112 arrays, 0.9 MB stored; 1.8 s; peak memory 416 MiB.
2026-10-10T18:16:35Z INFO [624/1000] 86d2940d-0ce9-42a8-b528-245702ecfe57: 77 arrays, 0.2 MB stored; 1.2 s; peak memory 416 MiB.
2026-10-10T18:16:35Z INFO [625/1000] 86d1f179-5b87-4a9f-b33a-59e173b9efea: 84 arrays, 0.2 MB stored; 1.3 s; peak memory 416 MiB.
2026-10-10T18:16:36Z INFO [626/1000] 86d2c1f1-94ff-4619-83ea-31fa9351b091: 48 arrays, 83.9 MB stored; 1.2 s; peak memory 416 MiB.
2026-10-10T18:16:37Z INFO [627/1000] 86d2a308-8b68-4d89-8e98-87ce228ccc38: 110 arrays, 0.5 MB stored; 1.6 s; peak memory 416 MiB.
2026-10-10T18:16:38Z INFO [628/1000] 86d3ea63-a2e0-410f-bfb8-f5cc017ef244: 62 arrays, 4781.2 MB stored; 1.2 s; peak memory 416 MiB.
2026-10-10T18:16:39Z INFO [629/1000] 86d04bc3-6b69-4527-91c0-3cc35046f8b3: 107 arrays, 84.9 MB stored; 8.0 s; peak memory 416 MiB.
2026-10-10T18:16:40Z INFO [630/1000] 86d4275b-acba-46da-8a59-f5e506bc114d: 48 arrays, 83.9 MB stored; 0.9 s; peak memory 416 MiB.
2026-10-10T18:16:43Z INFO [631/1000] 86d39b58-4d56-49e1-ab93-49a7028a98f6: 38 arrays, 219.7 MB stored; 6.5 s; peak memory 416 MiB.
2026-10-10T18:16:44Z INFO [632/1000] 86d5118d-1e3d-4e80-857d-df24aeee7bd8: 48 arrays, 83.9 MB stored; 1.1 s; peak memory 416 MiB.
2026-10-10T18:16:46Z INFO [633/1000] 86d42b3f-849f-465d-ad24-1757d4e696af: 781 arrays, 10.2 MB stored; 5.4 s; peak memory 416 MiB.
2026-10-10T18:16:47Z INFO [634/1000] 86d59f57-056c-4e57-85cc-c0301953b6cf: 117 arrays, 0.4 MB stored; 1.4 s; peak memory 416 MiB.
2026-10-10T18:16:48Z INFO [635/1000] 86d5bfba-e221-40a5-acda-e4d9b97f4653: 48 arrays, 83.9 MB stored; 0.9 s; peak memory 416 MiB.
2026-10-10T18:16:53Z INFO [636/1000] 86d573f2-d1b8-4261-a603-c662941ebd3f: 438 arrays, 528.5 MB stored; 9.0 s; peak memory 416 MiB.
2026-10-10T18:16:55Z INFO [637/1000] 86d6bf09-0482-483d-a0d6-d3f6983daf67: 112 arrays, 1.3 MB stored; 1.9 s; peak memory 416 MiB.
2026-10-10T18:16:55Z INFO [638/1000] 86d686f2-7108-4f68-b5a1-c1f04b0bc266: 1053 arrays, 22.7 MB stored; 7.2 s; peak memory 416 MiB.
2026-10-10T18:16:56Z INFO [639/1000] 86d7b3bd-c667-4d3d-bb51-804051517bf3: 46 arrays, 12.6 MB stored; 1.2 s; peak memory 416 MiB.
2026-10-10T18:16:57Z INFO [640/1000] 86d7d258-aabc-473a-937a-924c84eabee5: 65 arrays, 41.7 MB stored; 1.3 s; peak memory 416 MiB.
2026-10-10T18:16:57Z INFO [641/1000] 86d824fd-76a8-43c0-b29f-75e27b71e4a1: 50 arrays, 0.8 MB stored; 1.0 s; peak memory 416 MiB.
2026-10-10T18:16:58Z INFO [642/1000] 86d83f18-c4a5-44a0-b3fe-20829359b6bb: 116 arrays, 0.4 MB stored; 1.1 s; peak memory 416 MiB.
2026-10-10T18:16:58Z INFO [643/1000] 86d8e1bc-1336-46c4-bc57-0ee870c62be3: 46 arrays, 0.1 MB stored; 1.1 s; peak memory 416 MiB.
2026-10-10T18:16:59Z INFO [644/1000] 86d93485-f6d6-4eef-86a2-90c301e0d540: 112 arrays, 0.7 MB stored; 1.4 s; peak memory 416 MiB.
2026-10-10T18:16:59Z INFO [645/1000] 86d9669f-dd76-41eb-8691-447ca5409573: 46 arrays, 0.2 MB stored; 1.1 s; peak memory 416 MiB.
2026-10-10T18:17:00Z INFO [646/1000] 86d9c077-4b5f-4709-850d-512e928cb98f: 48 arrays, 83.9 MB stored; 1.3 s; peak memory 416 MiB.
2026-10-10T18:17:01Z INFO [647/1000] 86db9845-8ee3-4e5d-889d-655b4e1d9846: 41 arrays, 314.3 MB stored; 2.3 s; peak memory 416 MiB.
2026-10-10T18:17:02Z INFO [648/1000] 86db9e63-51f3-4245-a5bd-fb300cd4bd82: 69 arrays, 38.1 MB stored; 1.7 s; peak memory 416 MiB.
2026-10-10T18:17:03Z INFO [649/1000] 86dba063-8f16-4af3-aea1-5c7dbf575f69: 117 arrays, 0.4 MB stored; 1.3 s; peak memory 416 MiB.
2026-10-10T18:17:04Z INFO [650/1000] 86dbb4fe-0052-4a00-a4c6-48365465bd06: 110 arrays, 1.6 MB stored; 1.5 s; peak memory 416 MiB.
2026-10-10T18:17:06Z INFO [651/1000] 86dbf004-2721-4c1c-8779-c313634019ed: 66 arrays, 18.4 MB stored; 1.3 s; peak memory 416 MiB.
2026-10-10T18:17:06Z INFO [652/1000] 86dcb3c5-1070-442f-b8ea-46c591f063cb: 56 arrays, 0.0 MB stored; 0.9 s; peak memory 416 MiB.
2026-10-10T18:17:09Z INFO [653/1000] 86dd12f7-032d-46c2-aeab-989aa75e5768: 108 arrays, 4.8 MB stored; 2.3 s; peak memory 416 MiB.
2026-10-10T18:17:10Z INFO [654/1000] 86de2ef6-10f5-4590-a81b-c78c3e589a10: 64 arrays, 28.3 MB stored; 1.5 s; peak memory 416 MiB.
2026-10-10T18:17:11Z INFO [655/1000] 86dee664-fef0-4937-b38e-3f90d198b689: 48 arrays, 83.9 MB stored; 1.2 s; peak memory 416 MiB.
2026-10-10T18:17:12Z INFO [656/1000] 86dba07d-7625-4d1d-aeae-81223bf0b2f4: 1074 arrays, 39.3 MB stored; 9.6 s; peak memory 416 MiB.
2026-10-10T18:17:13Z INFO [657/1000] 86df493a-a53f-4d7d-b420-17220ce2c685: 48 arrays, 83.9 MB stored; 1.2 s; peak memory 416 MiB.
2026-10-10T18:17:13Z INFO [658/1000] 86e1677e-7279-49f9-887d-42d610f71a90: 48 arrays, 83.9 MB stored; 1.3 s; peak memory 416 MiB.
2026-10-10T18:17:14Z INFO [659/1000] 86e275dc-2f6d-4731-9e4d-7882b8eb1f69: 48 arrays, 83.9 MB stored; 1.1 s; peak memory 416 MiB.
2026-10-10T18:17:16Z INFO [660/1000] 86e3b5c6-765b-4633-8b2a-599fb6ba6216: 71 arrays, 51.9 MB stored; 1.7 s; peak memory 416 MiB.
2026-10-10T18:17:17Z INFO [661/1000] 86e1c76f-6987-44fa-9622-9b929ec3408c: 538 arrays, 7.8 MB stored; 4.5 s; peak memory 416 MiB.
2026-10-10T18:17:21Z INFO [662/1000] 86e4a590-32e3-4ae9-80bf-658654497c58: 538 arrays, 8.5 MB stored; 4.9 s; peak memory 416 MiB.
2026-10-10T18:17:22Z INFO [663/1000] 86e4f5e9-2475-4375-8992-f904790fae93: 69 arrays, 34.8 MB stored; 1.7 s; peak memory 416 MiB.
2026-10-10T18:17:25Z INFO [664/1000] 86e5011f-fc64-4588-a5a8-59e947e5c0d1: 115 arrays, 186.8 MB stored; 2.3 s; peak memory 416 MiB.
2026-10-10T18:17:26Z INFO [665/1000] 86e503d3-85d8-4228-ba5d-6d000dddfe5f: 116 arrays, 0.3 MB stored; 1.2 s; peak memory 416 MiB.
2026-10-10T18:17:32Z INFO [666/1000] 86e503db-0489-4d59-933b-0396eec99082: 43 arrays, 168.1 MB stored; 6.4 s; peak memory 416 MiB.
2026-10-10T18:17:33Z INFO [667/1000] 86c3bb8b-9010-4b91-87bb-a7ce7236c668: 129 arrays, 7985.4 MB stored; 106.2 s; peak memory 416 MiB.
2026-10-10T18:17:33Z INFO [668/1000] 86e53b0e-9a9e-425b-812b-ba41726beedd: 46 arrays, 0.5 MB stored; 1.1 s; peak memory 416 MiB.
2026-10-10T18:17:35Z INFO [669/1000] 86e5c23c-d78d-499d-907d-b7a1fd32faf3: 80 arrays, 741.7 MB stored; 2.6 s; peak memory 416 MiB.
2026-10-10T18:17:37Z INFO [670/1000] 86e5e078-4998-4b63-97cf-8ae1954f66b1: 117 arrays, 0.3 MB stored; 1.4 s; peak memory 416 MiB.
2026-10-10T18:17:39Z INFO [671/1000] 86e5e290-11d4-44aa-855f-28a83fb383c2: 123 arrays, 7.7 MB stored; 2.1 s; peak memory 416 MiB.
2026-10-10T18:17:40Z INFO [672/1000] 86e5f40f-0f41-40b8-acff-5cd16f51bab0: 67 arrays, 39.0 MB stored; 1.4 s; peak memory 416 MiB.
2026-10-10T18:17:42Z INFO [673/1000] 86e5f7e5-ace9-4c80-8e1d-5fcf39538a34: 112 arrays, 0.4 MB stored; 1.5 s; peak memory 416 MiB.
2026-10-10T18:17:43Z INFO [674/1000] 86e64da3-f045-4e9d-8feb-1c68e40430ca: 46 arrays, 0.6 MB stored; 1.2 s; peak memory 416 MiB.
2026-10-10T18:17:50Z INFO [675/1000] 86e678d5-f141-4f17-a5b3-0cdd1145831e: 106 arrays, 14206.9 MB stored; 7.5 s; peak memory 416 MiB.
2026-10-10T18:17:51Z INFO [676/1000] 86e6e925-abab-40c5-9cae-70fe8b256fb0: 48 arrays, 83.9 MB stored; 1.2 s; peak memory 416 MiB.
2026-10-10T18:17:52Z INFO [677/1000] 86e4b0d6-a3da-4f41-9e2c-e8ce2e1ecca4: 87 arrays, 1536.5 MB stored; 35.1 s; peak memory 416 MiB.
2026-10-10T18:17:53Z INFO [678/1000] 86e77391-c479-4911-ab7e-81887ffe33c0: 57 arrays, 0.0 MB stored; 0.9 s; peak memory 416 MiB.
2026-10-10T18:17:53Z INFO [679/1000] 86e71438-8922-4378-9382-82e947e27133: 212 arrays, 366.3 MB stored; 2.0 s; peak memory 416 MiB.
2026-10-10T18:17:54Z INFO [680/1000] 86e7bc55-5d5b-4fa2-a506-3e3d9284669f: 49 arrays, 11.2 MB stored; 1.4 s; peak memory 416 MiB.
2026-10-10T18:17:55Z INFO [681/1000] 86e8e7bd-ee6c-4ae8-b3dc-ddaf138b9eb9: 61 arrays, 0.8 MB stored; 1.1 s; peak memory 416 MiB.
2026-10-10T18:17:56Z INFO [682/1000] 86e9099c-e726-4255-a715-b57228a8bf20: 62 arrays, 3036.1 MB stored; 1.5 s; peak memory 416 MiB.
2026-10-10T18:17:57Z INFO [683/1000] 86e9e684-b57c-4c33-bd6d-0de559f1ed5e: 117 arrays, 0.4 MB stored; 1.2 s; peak memory 416 MiB.
2026-10-10T18:17:59Z INFO [684/1000] 86e999cf-67ef-4fcd-ba57-accd1cc2ee56: 842 arrays, 8.6 MB stored; 4.7 s; peak memory 416 MiB.
2026-10-10T18:18:00Z INFO [685/1000] 86ebbe63-b61d-4765-a650-62f772faf358: 48 arrays, 83.9 MB stored; 1.2 s; peak memory 416 MiB.
2026-10-10T18:18:02Z INFO [686/1000] 86ec57ec-b88a-4344-a179-fef2bfcaead7: 76 arrays, 5.0 MB stored; 1.3 s; peak memory 416 MiB.
2026-10-10T18:18:03Z INFO [687/1000] 86ed49d8-26e7-43dd-93a4-1394e34f181d: 38 arrays, 0.5 MB stored; 1.0 s; peak memory 416 MiB.
2026-10-10T18:18:04Z INFO [688/1000] 86ed507f-25d3-435a-957e-ca629fe6c0d0: 118 arrays, 0.3 MB stored; 1.2 s; peak memory 416 MiB.
2026-10-10T18:18:04Z INFO [689/1000] 86ead751-9263-438e-af9c-f810128ddfb7: 710 arrays, 18.9 MB stored; 6.8 s; peak memory 416 MiB.
2026-10-10T18:18:05Z INFO [690/1000] 86efe786-5849-4177-a2d4-45d0fa3729f3: 48 arrays, 83.9 MB stored; 1.2 s; peak memory 416 MiB.
2026-10-10T18:18:06Z INFO [691/1000] 86ef59b0-6257-4927-98ad-23247617f23a: 38 arrays, 2900.2 MB stored; 2.1 s; peak memory 416 MiB.
2026-10-10T18:18:07Z INFO [692/1000] 86f09a20-a273-4f6d-8446-bc5d938422f3: 112 arrays, 0.6 MB stored; 1.5 s; peak memory 416 MiB.
2026-10-10T18:18:08Z INFO [693/1000] 86f1a06c-75f3-40e6-b087-fdb077ac1cfe: 48 arrays, 83.9 MB stored; 1.1 s; peak memory 416 MiB.
2026-10-10T18:18:10Z INFO [694/1000] 86f1c12a-508f-46d7-85d4-fdf178bc0b0b: 46 arrays, 12.6 MB stored; 1.2 s; peak memory 416 MiB.
2026-10-10T18:18:12Z INFO [695/1000] 86f1e2ae-c658-4200-8b4a-b9e4c0f4a003: 152 arrays, 287.5 MB stored; 2.2 s; peak memory 416 MiB.
2026-10-10T18:18:13Z INFO [696/1000] 86f2383a-267b-4ad3-a6db-f4997ca13d6b: 130 arrays, 0.3 MB stored; 1.1 s; peak memory 416 MiB.
2026-10-10T18:18:15Z INFO [697/1000] 86f26c5f-3a41-4a68-8a75-dd4d06e37b9b: 71 arrays, 72.8 MB stored; 1.7 s; peak memory 416 MiB.
2026-10-10T18:18:16Z INFO [698/1000] 86f001f2-e18e-4ea7-9bbf-c7239532095e: 38 arrays, 348.7 MB stored; 11.1 s; peak memory 416 MiB.
2026-10-10T18:18:18Z INFO [699/1000] 86f2a93e-b61f-4448-a1dd-402bdc3602aa: 114 arrays, 0.2 MB stored; 1.4 s; peak memory 416 MiB.
2026-10-10T18:18:19Z INFO [700/1000] 86f30dda-83d9-4b83-95db-421bb09ff99e: 48 arrays, 83.9 MB stored; 1.3 s; peak memory 416 MiB.
2026-10-10T18:18:20Z INFO [701/1000] 86f28d44-056a-4b10-b3a4-ddc6a47ebe40: 56 arrays, 60.6 MB stored; 5.4 s; peak memory 416 MiB.
2026-10-10T18:18:21Z INFO [702/1000] 86f41db8-9bf4-4597-aec2-9a27b0b0ee86: 48 arrays, 83.9 MB stored; 1.1 s; peak memory 416 MiB.
2026-10-10T18:18:24Z INFO [703/1000] 86f39804-2763-4ea2-9ef8-9e87e3480941: 174 arrays, 97.3 MB stored; 4.6 s; peak memory 416 MiB.
2026-10-10T18:18:24Z INFO [704/1000] 86f425b2-3407-4dcb-b4c7-cd468e85ea17: 115 arrays, 190.2 MB stored; 2.6 s; peak memory 416 MiB.
2026-10-10T18:18:25Z INFO [705/1000] 86f4ee3c-caec-4100-a274-4bdb447841ad: 112 arrays, 0.7 MB stored; 1.5 s; peak memory 416 MiB.
2026-10-10T18:18:26Z INFO [706/1000] 86f464dd-afd3-454d-914a-f1456120d4de: 101 arrays, 42319.0 MB stored; 2.7 s; peak memory 416 MiB.
2026-10-10T18:18:28Z INFO [707/1000] 86f53268-e48e-4c55-82cf-c0d030026581: 110 arrays, 0.4 MB stored; 1.3 s; peak memory 416 MiB.
2026-10-10T18:18:32Z INFO [708/1000] 86f53f49-ab1b-4306-81e6-a606bb45fb6a: 43 arrays, 86.3 MB stored; 4.8 s; peak memory 416 MiB.
2026-10-10T18:18:40Z INFO [709/1000] 86f5404b-3d52-469b-8568-45cbc6a75f39: 339 arrays, 48.0 MB stored; 7.6 s; peak memory 416 MiB.
2026-10-10T18:18:44Z INFO [710/1000] 86f599e3-643c-4079-b042-9c45391847b5: 229 arrays, 379.6 MB stored; 4.1 s; peak memory 416 MiB.
2026-10-10T18:18:45Z INFO [711/1000] 86f5e2e0-21a6-48de-9774-f38905c404a8: 112 arrays, 0.4 MB stored; 1.2 s; peak memory 416 MiB.
2026-10-10T18:18:47Z INFO [712/1000] 86f676c5-7875-4d97-a2ef-4c2650ab1c3f: 53 arrays, 8.5 MB stored; 1.9 s; peak memory 416 MiB.
2026-10-10T18:19:09Z INFO [713/1000] 86e5c383-da84-4ed6-8d11-42e3a7d75c78: 260 arrays, 19755.2 MB stored; 95.6 s; peak memory 416 MiB.
2026-10-10T18:19:15Z INFO [714/1000] 86f6e4f5-ef16-45be-9d32-c65803582c9b: 995 arrays, 22.5 MB stored; 6.1 s; peak memory 416 MiB.
2026-10-10T18:19:16Z INFO [715/1000] 86f76b5c-4b94-4820-b4d2-1afe881762e7: 46 arrays, 0.5 MB stored; 1.1 s; peak memory 416 MiB.
2026-10-10T18:19:17Z INFO [716/1000] 86f79472-0a4f-40b5-b480-f8a02b757d15: 64 arrays, 23.8 MB stored; 1.5 s; peak memory 416 MiB.
2026-10-10T18:19:21Z INFO [717/1000] 86f7c592-37d1-4627-b202-a56ee0d3e264: 532 arrays, 7.4 MB stored; 4.0 s; peak memory 416 MiB.
2026-10-10T18:19:23Z INFO [718/1000] 86f81249-e531-480a-936d-e266e7f21e20: 48 arrays, 83.9 MB stored; 1.1 s; peak memory 416 MiB.
2026-10-10T18:19:24Z INFO [719/1000] 86f8549b-e3e1-44ca-956c-dfbd162b2577: 48 arrays, 83.9 MB stored; 1.0 s; peak memory 416 MiB.
2026-10-10T18:19:25Z INFO [720/1000] 86f904c5-7fcd-4efb-ab5e-da92c63fc243: 117 arrays, 0.3 MB stored; 1.4 s; peak memory 416 MiB.
2026-10-10T18:19:26Z INFO [721/1000] 86f91f1c-6fee-4214-a5e2-06114ff64ad5: 77 arrays, 0.2 MB stored; 1.2 s; peak memory 416 MiB.
2026-10-10T18:19:28Z INFO [722/1000] 86f94bba-cc18-440f-9958-c5255396b77f: 65 arrays, 1.8 MB stored; 1.4 s; peak memory 416 MiB.
2026-10-10T18:19:29Z INFO [723/1000] 86f98c43-d0d7-4ee4-a91c-1194af3f504f: 51 arrays, 0.0 MB stored; 1.0 s; peak memory 416 MiB.
2026-10-10T18:19:30Z INFO [724/1000] 86f9d7a5-0b45-4260-b4d2-ffb0542b9a5c: 46 arrays, 6.3 MB stored; 1.2 s; peak memory 416 MiB.
2026-10-10T18:19:31Z INFO [725/1000] 86fa3dea-809f-4e56-98cf-d6b505b7cdee: 117 arrays, 0.5 MB stored; 1.4 s; peak memory 416 MiB.
2026-10-10T18:19:32Z INFO [726/1000] 86faa121-37e3-458e-a130-be2829554a34: 117 arrays, 0.3 MB stored; 1.2 s; peak memory 416 MiB.
2026-10-10T18:19:33Z INFO [727/1000] 86faaaf3-3e36-48ea-ba1b-da279f086a37: 48 arrays, 83.9 MB stored; 1.0 s; peak memory 416 MiB.
2026-10-10T18:19:35Z INFO [728/1000] 86faba6a-bf98-4dac-bce4-12719fae43d1: 51 arrays, 7015.7 MB stored; 1.4 s; peak memory 416 MiB.
2026-10-10T18:19:36Z INFO [729/1000] 86faca73-72e3-4968-a119-0d4737af4cc2: 117 arrays, 0.6 MB stored; 1.3 s; peak memory 416 MiB.
2026-10-10T18:19:55Z INFO [730/1000] 86f68bfd-9dec-4505-808f-b32235a021b1: 58 arrays, 6908.0 MB stored; 68.0 s; peak memory 416 MiB.
2026-10-10T18:19:56Z INFO [731/1000] 86fadb00-e6a9-4fbf-a865-e609e34c33bd: 48 arrays, 83.9 MB stored; 1.2 s; peak memory 416 MiB.
2026-10-10T18:19:57Z INFO [732/1000] 86fad292-840b-41ee-934c-55905cd40cc6: 48 arrays, 34480.6 MB stored; 20.9 s; peak memory 416 MiB.
2026-10-10T18:19:57Z INFO [733/1000] 86fb7507-038b-4f19-a01d-bb9e29d95b7e: 33 arrays, 0.0 MB stored; 0.9 s; peak memory 416 MiB.
2026-10-10T18:19:59Z INFO [734/1000] 86fbc58a-f159-4e4f-91d2-c4fc67519170: 69 arrays, 1.9 MB stored; 1.6 s; peak memory 416 MiB.
2026-10-10T18:19:59Z INFO [735/1000] 86fb8533-916c-45cc-a85f-37dc9ac6a205: 165 arrays, 8.9 MB stored; 2.0 s; peak memory 416 MiB.
2026-10-10T18:20:00Z INFO [736/1000] 86fbd08e-0d5a-43fe-976f-76479b6aca88: 41 arrays, 8.4 MB stored; 1.1 s; peak memory 416 MiB.
2026-10-10T18:20:02Z INFO [737/1000] 86fc0b16-510a-4eb9-84bf-466af961152f: 119 arrays, 67.5 MB stored; 2.5 s; peak memory 416 MiB.
2026-10-10T18:20:08Z INFO [738/1000] 86fc570b-a92e-4df3-a74a-00b5f104fb9c: 4775 arrays, 17.3 MB stored; 8.1 s; peak memory 416 MiB.
2026-10-10T18:20:09Z INFO [739/1000] 86fcf4ac-8b84-4786-8b88-7d2e10c4a130: 38 arrays, 0.5 MB stored; 1.1 s; peak memory 416 MiB.
2026-10-10T18:20:11Z INFO [740/1000] 86fd0a9f-6366-4d66-830a-92b5f7c9df56: 71 arrays, 4.2 MB stored; 1.6 s; peak memory 416 MiB.
2026-10-10T18:20:12Z INFO [741/1000] 86fd1851-c650-4684-8150-12907e72b181: 48 arrays, 83.9 MB stored; 1.1 s; peak memory 416 MiB.
2026-10-10T18:20:13Z INFO [742/1000] 86fd1acc-6946-4dd8-a2eb-39d457e70bb4: 117 arrays, 0.5 MB stored; 1.3 s; peak memory 416 MiB.
2026-10-10T18:20:15Z INFO [743/1000] 86fd6ec5-bb1f-4a80-903b-456b77a411ad: 117 arrays, 0.4 MB stored; 1.4 s; peak memory 416 MiB.
2026-10-10T18:20:16Z INFO [744/1000] 86fd761c-4236-494a-9501-ef0fbc2cc7fd: 117 arrays, 0.3 MB stored; 1.4 s; peak memory 416 MiB.
2026-10-10T18:20:16Z INFO [745/1000] 86fce756-da57-42fb-ba7b-fad804b75f0c: 605 arrays, 39.1 MB stored; 14.7 s; peak memory 416 MiB.
2026-10-10T18:20:17Z INFO [746/1000] 86fe7a85-2bd6-4832-b2e3-ed65d9f82f3a: 117 arrays, 0.3 MB stored; 1.3 s; peak memory 416 MiB.
2026-10-10T18:20:18Z INFO [747/1000] 86ff1f8f-ed34-48b2-b476-be196183b7d5: 66 arrays, 98.1 MB stored; 1.3 s; peak memory 416 MiB.
2026-10-10T18:20:18Z INFO [748/1000] 86ff540a-12cc-486a-a7fc-cc30d7388f2f: 48 arrays, 83.9 MB stored; 1.0 s; peak memory 416 MiB.
2026-10-10T18:20:26Z INFO [749/1000] 86ffe7a8-72c6-49e4-a35a-d1e0b1dbb7e9: 3735 arrays, 15.5 MB stored; 8.1 s; peak memory 416 MiB.
2026-10-10T18:20:34Z INFO [750/1000] 86ff811e-4632-4c50-b91c-5f913cd33288: 8227 arrays, 75.1 MB stored; 16.5 s; peak memory 416 MiB.
2026-10-10T18:20:34Z INFO [751/1000] 87007cca-7269-40b7-8a0b-5482ab4144c8: 917 arrays, 39.1 MB stored; 7.9 s; peak memory 416 MiB.
2026-10-10T18:20:36Z INFO [752/1000] 87009131-71d9-47c4-88ef-06efdeaf7bab: 118 arrays, 0.4 MB stored; 1.3 s; peak memory 416 MiB.
2026-10-10T18:20:37Z INFO [753/1000] 87008ee1-8b96-4816-a110-fe484eb7ce3a: 115 arrays, 186.8 MB stored; 2.5 s; peak memory 416 MiB.
2026-10-10T18:20:37Z INFO [754/1000] 87013859-7e9e-49a3-bcd5-135cf8cb2a86: 71 arrays, 5.3 MB stored; 1.4 s; peak memory 416 MiB.
2026-10-10T18:20:38Z INFO [755/1000] 87015ec9-5267-45e9-8e31-96c243ea3d2c: 118 arrays, 0.6 MB stored; 1.4 s; peak memory 416 MiB.
2026-10-10T18:20:38Z INFO [756/1000] 87015ee6-8139-40bc-9ee0-972ebc11365a: 117 arrays, 0.4 MB stored; 1.3 s; peak memory 416 MiB.
2026-10-10T18:20:39Z INFO [757/1000] 87029419-8f2a-4573-8614-58c55eef64cd: 55 arrays, 0.0 MB stored; 1.0 s; peak memory 416 MiB.
2026-10-10T18:20:40Z INFO [758/1000] 870301f3-f6d8-427e-bdc7-4beef6d47c7e: 61 arrays, 13.7 MB stored; 1.1 s; peak memory 416 MiB.
2026-10-10T18:20:40Z INFO [759/1000] 8702b070-c2e3-4309-a628-a3e9acfd089c: 168 arrays, 3.2 MB stored; 2.2 s; peak memory 416 MiB.
2026-10-10T18:20:41Z INFO [760/1000] 8703784d-f115-45c9-8177-a3a5adba152f: 48 arrays, 83.9 MB stored; 1.1 s; peak memory 416 MiB.
2026-10-10T18:20:41Z INFO [761/1000] 8703fec1-b12f-4cc0-a122-d6ccff6bcb56: 117 arrays, 0.1 MB stored; 1.0 s; peak memory 416 MiB.
2026-10-10T18:20:43Z INFO [762/1000] 8704050c-8718-4eeb-a796-10c51beb134d: 117 arrays, 0.4 MB stored; 1.5 s; peak memory 416 MiB.
2026-10-10T18:20:44Z INFO [763/1000] 87043dc2-840e-4599-8b97-6133c6630e8d: 156 arrays, 193.5 MB stored; 2.7 s; peak memory 416 MiB.
2026-10-10T18:20:45Z INFO [764/1000] 87049446-8bda-4474-b249-bfe610ac6d98: 289 arrays, 17.2 MB stored; 1.3 s; peak memory 416 MiB.
2026-10-10T18:20:47Z INFO [765/1000] 8704a58c-8a10-4a36-bf14-1024e62270ae: 81 arrays, 9.5 MB stored; 1.4 s; peak memory 416 MiB.
2026-10-10T18:20:48Z INFO [766/1000] 8705e37c-fa27-4dc8-aac1-fcc035a90963: 117 arrays, 0.3 MB stored; 1.2 s; peak memory 416 MiB.
2026-10-10T18:20:49Z INFO [767/1000] 87061e7a-0736-45aa-9a85-b90ba8fbbcf4: 60 arrays, 0.8 MB stored; 1.2 s; peak memory 416 MiB.
2026-10-10T18:20:51Z INFO [768/1000] 87067614-17d3-4dc2-bcc3-5d68186fa7ef: 97 arrays, 10.5 MB stored; 1.7 s; peak memory 416 MiB.
2026-10-10T18:20:52Z INFO [769/1000] 8706782e-52a4-4cb8-9093-a7efb8b00bb2: 116 arrays, 0.5 MB stored; 1.1 s; peak memory 416 MiB.
2026-10-10T18:20:53Z INFO [770/1000] 87073b82-9261-47fe-863e-aabf7bf9c6aa: 38 arrays, 0.5 MB stored; 1.0 s; peak memory 416 MiB.
2026-10-10T18:20:54Z INFO [771/1000] 87045423-47f8-49a1-b34c-02a9d8357e52: 61 arrays, 796.4 MB stored; 11.1 s; peak memory 416 MiB.
2026-10-10T18:21:03Z INFO [772/1000] 870805fc-26fd-4a2d-b9d6-f3338f468d24: 98 arrays, 103.2 MB stored; 9.8 s; peak memory 416 MiB.
2026-10-10T18:21:04Z INFO [773/1000] 87088e9d-031e-4da8-97ca-54b869e7f53e: 117 arrays, 0.3 MB stored; 1.4 s; peak memory 416 MiB.
2026-10-10T18:21:06Z INFO [774/1000] 8708cc0e-e85e-49fe-8653-e122bc15aecf: 47 arrays, 43.1 MB stored; 1.6 s; peak memory 416 MiB.
2026-10-10T18:21:07Z INFO [775/1000] 87093190-0b66-4f7d-8069-189b827733bf: 112 arrays, 0.7 MB stored; 1.5 s; peak memory 416 MiB.
2026-10-10T18:21:09Z INFO [776/1000] 8709a3c0-f500-4f83-9098-6e00053d680f: 52 arrays, 22.5 MB stored; 1.3 s; peak memory 416 MiB.
2026-10-10T18:21:10Z INFO [777/1000] 8709af93-3155-4a5a-aa7d-aae5e5a366be: 110 arrays, 1.3 MB stored; 1.9 s; peak memory 416 MiB.
2026-10-10T18:21:15Z INFO [778/1000] 870ad0c8-c3f9-42f2-8bb9-49b8c74a2a75: 731 arrays, 18.9 MB stored; 4.6 s; peak memory 416 MiB.
2026-10-10T18:21:17Z INFO [779/1000] 870b2134-7232-4a78-8af8-98cbab6610c4: 71 arrays, 4.2 MB stored; 1.7 s; peak memory 416 MiB.
2026-10-10T18:21:18Z INFO [780/1000] 870b3d89-97a0-46e2-81cc-e4ba0923302a: 64 arrays, 0.0 MB stored; 1.1 s; peak memory 416 MiB.
2026-10-10T18:21:19Z INFO [781/1000] 870b48d0-5fda-4c21-a2c1-d79a3b0580c4: 112 arrays, 0.5 MB stored; 1.5 s; peak memory 416 MiB.
2026-10-10T18:21:21Z INFO [782/1000] 870b53b1-e0be-45fc-ba53-18fcb7263aa0: 46 arrays, 0.1 MB stored; 1.1 s; peak memory 416 MiB.
2026-10-10T18:21:22Z INFO [783/1000] 870ba234-b398-4efd-ab34-9427732ec8bf: 112 arrays, 0.6 MB stored; 1.5 s; peak memory 416 MiB.
2026-10-10T18:21:23Z INFO [784/1000] 870bdff4-208a-4a99-b06f-f0125a8e144a: 117 arrays, 0.3 MB stored; 1.2 s; peak memory 416 MiB.
2026-10-10T18:21:24Z INFO [785/1000] 86f5214a-d58f-47dc-b750-747859e95961: 292 arrays, 40406.2 MB stored; 178.4 s; peak memory 416 MiB.
2026-10-10T18:21:25Z INFO [786/1000] 870ce5b5-d2bc-4678-8f49-877affb6b1c1: 112 arrays, 0.4 MB stored; 1.5 s; peak memory 416 MiB.
2026-10-10T18:21:26Z INFO [787/1000] 870d0305-5339-4e9d-9f8d-af0d0c197a3c: 70 arrays, 0.6 MB stored; 1.2 s; peak memory 416 MiB.
2026-10-10T18:21:27Z INFO [788/1000] 870c491e-0d0c-49a8-ab78-23fd6e02a55d: 464 arrays, 4.6 MB stored; 3.6 s; peak memory 416 MiB.
2026-10-10T18:21:27Z INFO [789/1000] 870d07cb-3919-4d0e-b637-626dee9ca136: 48 arrays, 83.9 MB stored; 1.0 s; peak memory 416 MiB.
2026-10-10T18:21:29Z INFO [790/1000] 870d7a08-d112-4530-81b7-4ead232e48f7: 104 arrays, 18.6 MB stored; 2.0 s; peak memory 416 MiB.
2026-10-10T18:21:32Z INFO [791/1000] 870f7a7c-386d-426c-b834-ec12058e6d64: 84 arrays, 612.9 MB stored; 3.2 s; peak memory 416 MiB.
2026-10-10T18:21:33Z INFO [792/1000] 870f7a83-6938-4a5f-b1fe-05671b8ec4e9: 48 arrays, 83.9 MB stored; 1.2 s; peak memory 416 MiB.
2026-10-10T18:21:34Z INFO [793/1000] 86d41604-5bd8-4860-8bc9-cf15253e5dca: 94 arrays, 24821.0 MB stored; 296.7 s; peak memory 416 MiB.
2026-10-10T18:21:36Z INFO [794/1000] 87110b4c-04bb-4006-ac9a-827c86cc1462: 66 arrays, 102.5 MB stored; 1.5 s; peak memory 416 MiB.
2026-10-10T18:21:37Z INFO [795/1000] 87116c35-9bb7-4826-b93b-6ba3f17bbc91: 131 arrays, 0.5 MB stored; 1.4 s; peak memory 416 MiB.
2026-10-10T18:21:38Z INFO [796/1000] 870f312c-2293-4f84-bb77-64c8e515dd7d: 1310 arrays, 23.7 MB stored; 10.3 s; peak memory 416 MiB.
2026-10-10T18:21:39Z INFO [797/1000] 8712534e-b261-4609-a079-69b545fb1ce1: 71 arrays, 4.7 MB stored; 1.4 s; peak memory 416 MiB.
2026-10-10T18:21:39Z INFO [798/1000] 87123743-e06a-49b7-9356-babe32d7d181: 71 arrays, 3.9 MB stored; 1.8 s; peak memory 416 MiB.
2026-10-10T18:21:40Z INFO [799/1000] 8713ae12-5dff-49e4-8fa8-17bf1e289376: 117 arrays, 0.2 MB stored; 1.3 s; peak memory 416 MiB.
2026-10-10T18:21:41Z INFO [800/1000] 871284b8-57dd-422e-8769-f50bfdec9f8d: 116 arrays, 187.1 MB stored; 2.2 s; peak memory 416 MiB.
2026-10-10T18:21:42Z INFO [800/1000] 871284b8-57dd-422e-8769-f50bfdec9f8d: checkpointed 800 new records.
2026-10-10T18:21:42Z INFO [801/1000] 8713b66a-dbcb-4792-ba9c-e39689160826: 48 arrays, 83.9 MB stored; 1.2 s; peak memory 429 MiB.
2026-10-10T18:21:43Z INFO [802/1000] 87142c20-8ff8-4975-b3dc-b6129e5db18a: 48 arrays, 83.9 MB stored; 1.2 s; peak memory 429 MiB.
2026-10-10T18:21:43Z INFO [803/1000] 87144661-2998-46cc-8fcb-13b27fc18cbe: 48 arrays, 83.9 MB stored; 1.1 s; peak memory 429 MiB.
2026-10-10T18:21:49Z INFO [804/1000] 8714df84-98a2-4ea8-bd76-433f043b022d: 9079 arrays, 355.4 MB stored; 5.8 s; peak memory 429 MiB.
2026-10-10T18:21:50Z INFO [805/1000] 8714fd87-f8b3-4880-8cb1-04605d519ec5: 84 arrays, 3.7 MB stored; 1.5 s; peak memory 429 MiB.
2026-10-10T18:21:51Z INFO [806/1000] 8714ce53-672e-4b31-ada2-067f698e5765: 106 arrays, 19583.7 MB stored; 8.1 s; peak memory 429 MiB.
2026-10-10T18:21:51Z INFO [807/1000] 87153b7b-fac6-4365-8914-c05e8e710f0f: 117 arrays, 0.4 MB stored; 1.2 s; peak memory 429 MiB.
2026-10-10T18:21:52Z INFO [808/1000] 87154a67-0074-4f5c-b193-a126d409c12d: 46 arrays, 0.1 MB stored; 1.0 s; peak memory 429 MiB.
2026-10-10T18:21:53Z INFO [809/1000] 87178ba7-a64c-496d-b034-14e02c28ecb5: 117 arrays, 0.4 MB stored; 1.3 s; peak memory 429 MiB.
2026-10-10T18:21:53Z INFO [810/1000] 870fc524-478e-487d-b0d0-7c15b81f79d4: 48 arrays, 33456.5 MB stored; 20.0 s; peak memory 429 MiB.
2026-10-10T18:21:57Z INFO [811/1000] 87158d5c-5c14-47d4-8e10-d1f966fc12f0: 273 arrays, 37.4 MB stored; 6.0 s; peak memory 429 MiB.
2026-10-10T18:21:58Z INFO [812/1000] 871806cf-223a-4cbf-a16b-2150029730a2: 765 arrays, 9.4 MB stored; 4.6 s; peak memory 429 MiB.
2026-10-10T18:21:58Z INFO [813/1000] 8717a08b-006b-4ee4-bd60-9ef5595c871a: 908 arrays, 21.6 MB stored; 5.0 s; peak memory 429 MiB.
2026-10-10T18:21:59Z INFO [814/1000] 8718611a-a711-491f-aca7-f2776a4d4d24: 117 arrays, 0.3 MB stored; 1.3 s; peak memory 429 MiB.
2026-10-10T18:21:59Z INFO [815/1000] 871919a8-4f41-485b-bbdb-a60b77091bb7: 48 arrays, 83.9 MB stored; 1.1 s; peak memory 429 MiB.
2026-10-10T18:21:59Z INFO [816/1000] 8718ac5a-b190-493e-959d-ef8c12a1f0af: 109 arrays, 1.2 MB stored; 1.5 s; peak memory 429 MiB.
2026-10-10T18:22:00Z INFO [817/1000] 8719c912-1523-4552-9139-2d1cdf739438: 121 arrays, 0.1 MB stored; 1.2 s; peak memory 429 MiB.
2026-10-10T18:22:01Z INFO [818/1000] 8719d633-b1b4-49dd-a702-b4184b6bfd04: 115 arrays, 190.1 MB stored; 2.0 s; peak memory 429 MiB.
2026-10-10T18:22:03Z INFO [819/1000] 871a6841-a591-4355-bed2-0943bd8d5ec8: 117 arrays, 0.4 MB stored; 1.2 s; peak memory 429 MiB.
2026-10-10T18:22:05Z INFO [820/1000] 871a830f-7ecc-4dd2-8a3d-a517eb8fb4b0: 101 arrays, 45504.0 MB stored; 2.4 s; peak memory 429 MiB.
2026-10-10T18:22:06Z INFO [821/1000] 8719a3f3-af1b-4619-8ea6-5fec52e84123: 760 arrays, 24.8 MB stored; 7.1 s; peak memory 429 MiB.
2026-10-10T18:22:06Z INFO [822/1000] 871c1bc9-673f-4178-8b68-1bc5c2d8b010: 110 arrays, 0.1 MB stored; 1.1 s; peak memory 429 MiB.
2026-10-10T18:22:07Z INFO [823/1000] 871cfdd5-fa4b-4bd6-9c6e-d51e037ba7ca: 117 arrays, 0.3 MB stored; 1.2 s; peak memory 429 MiB.
2026-10-10T18:22:08Z INFO [824/1000] 8719ea63-5a21-4fdd-80e7-7ae7c165aaab: 354 arrays, 21.2 MB stored; 7.8 s; peak memory 429 MiB.
2026-10-10T18:22:08Z INFO [825/1000] 871d5ffe-fc68-499d-9630-311af6a2ad97: 90 arrays, 120.5 MB stored; 2.0 s; peak memory 429 MiB.
2026-10-10T18:22:08Z INFO [826/1000] 871dc1f8-e937-4707-abd4-0e7a6963a8d6: 45 arrays, 683.0 MB stored; 1.5 s; peak memory 429 MiB.
2026-10-10T18:22:09Z INFO [827/1000] 871f70dc-f6f1-45a9-b4c8-6c4a37a2afdf: 51 arrays, 0.1 MB stored; 0.9 s; peak memory 429 MiB.
2026-10-10T18:22:09Z INFO [828/1000] 871f4d41-d7e0-4951-a0e8-c28343ba1477: 48 arrays, 83.9 MB stored; 1.2 s; peak memory 429 MiB.
2026-10-10T18:22:10Z INFO [829/1000] 871f9c90-79af-4c54-b8ab-1aa498484874: 118 arrays, 0.4 MB stored; 1.2 s; peak memory 429 MiB.
2026-10-10T18:22:10Z INFO [830/1000] 87206891-363e-4bdb-977b-52e270f1967e: 46 arrays, 0.4 MB stored; 1.1 s; peak memory 429 MiB.
2026-10-10T18:22:11Z INFO [831/1000] 871ff50d-2cfc-4270-9ea7-587b354ac24f: 116 arrays, 187.1 MB stored; 2.2 s; peak memory 429 MiB.
2026-10-10T18:22:12Z INFO [832/1000] 87207c9f-4a50-460f-be1f-19151b1744bf: 119 arrays, 66.4 MB stored; 2.0 s; peak memory 429 MiB.
2026-10-10T18:22:12Z INFO [833/1000] 87213605-9670-4d30-a29b-c3ac9af47b62: 48 arrays, 83.9 MB stored; 1.1 s; peak memory 429 MiB.
2026-10-10T18:22:14Z INFO [834/1000] 87215996-5fea-408b-8938-36a2c17b105d: 112 arrays, 0.5 MB stored; 1.3 s; peak memory 429 MiB.
2026-10-10T18:22:15Z INFO [835/1000] 872161a9-6543-4455-bef5-a148a3a48e14: 48 arrays, 83.9 MB stored; 1.0 s; peak memory 429 MiB.
2026-10-10T18:22:16Z INFO [836/1000] 8721568b-cffa-4036-8a83-fc6c34dc7407: 168 arrays, 48.2 MB stored; 4.0 s; peak memory 429 MiB.
2026-10-10T18:22:16Z INFO [837/1000] 87216a90-ff3b-4c6c-a5ff-7702a9be881c: 132 arrays, 1.6 MB stored; 1.3 s; peak memory 429 MiB.
2026-10-10T18:22:17Z INFO [838/1000] 8721af44-bb85-43c3-a4c4-f97afdb83079: 48 arrays, 83.9 MB stored; 1.2 s; peak memory 429 MiB.
2026-10-10T18:22:17Z INFO [839/1000] 8722913c-29d4-4c33-8a30-fc5129cd9b0a: 48 arrays, 83.9 MB stored; 1.1 s; peak memory 429 MiB.
2026-10-10T18:22:18Z INFO [840/1000] 8722c546-dcbb-489b-ba3a-b3db9cf8d25c: 48 arrays, 83.9 MB stored; 1.2 s; peak memory 429 MiB.
2026-10-10T18:22:19Z INFO [841/1000] 8723353b-3582-457a-a26a-f0287dbbcff6: 128 arrays, 0.8 MB stored; 1.2 s; peak memory 429 MiB.
2026-10-10T18:22:21Z INFO [842/1000] 87208f4d-5267-43e3-b5af-1389ce88380d: 1081 arrays, 42.0 MB stored; 10.3 s; peak memory 429 MiB.
2026-10-10T18:22:21Z INFO [843/1000] 872352ea-0a6c-42b2-8647-ff39e226f2c9: 71 arrays, 41.5 MB stored; 1.8 s; peak memory 429 MiB.
2026-10-10T18:22:22Z INFO [844/1000] 87231680-c980-47b7-ad11-76ebda5849cc: 260 arrays, 38.2 MB stored; 4.6 s; peak memory 429 MiB.
2026-10-10T18:22:22Z INFO [845/1000] 8723c48d-ffa7-46d5-8112-249f6e71fe7e: 109 arrays, 0.5 MB stored; 1.2 s; peak memory 429 MiB.
2026-10-10T18:22:22Z INFO [846/1000] 87247a27-0202-4a80-b2cd-feb33683acd4: 48 arrays, 83.9 MB stored; 1.2 s; peak memory 429 MiB.
2026-10-10T18:22:23Z INFO [847/1000] 87249d50-1627-4464-b278-2ce8b3a4d0d8: 35 arrays, 0.0 MB stored; 1.0 s; peak memory 429 MiB.
2026-10-10T18:22:23Z INFO [848/1000] 8724bed1-4dee-43b2-af2d-3e97d1bb9f2e: 118 arrays, 0.7 MB stored; 1.4 s; peak memory 429 MiB.
2026-10-10T18:22:24Z INFO [849/1000] 8725d824-5d36-45cd-aa27-5a3c7a68bc80: 116 arrays, 9.8 MB stored; 1.2 s; peak memory 429 MiB.
2026-10-10T18:22:25Z INFO [850/1000] 8725da8b-8c06-4ba8-9d35-462c31223f02: 49 arrays, 1.5 MB stored; 1.4 s; peak memory 429 MiB.
2026-10-10T18:22:27Z INFO [851/1000] 87265395-38bd-4476-9395-98aad1a08d9d: 116 arrays, 187.1 MB stored; 2.2 s; peak memory 429 MiB.
2026-10-10T18:22:29Z INFO [852/1000] 8726d7a0-6533-469e-9baf-93fe5fda6c8a: 71 arrays, 68.7 MB stored; 2.1 s; peak memory 429 MiB.
2026-10-10T18:22:30Z INFO [853/1000] 87264c47-f0c2-4a36-ac53-92b18c28f613: 755 arrays, 15.7 MB stored; 6.3 s; peak memory 429 MiB.
2026-10-10T18:22:30Z INFO [854/1000] 87251d65-abc7-4107-84b5-b23aaa8b8fbf: 792 arrays, 20.9 MB stored; 8.3 s; peak memory 429 MiB.
2026-10-10T18:22:31Z INFO [855/1000] 8726e88a-5503-4b5f-a901-608c0d548313: 112 arrays, 0.6 MB stored; 1.6 s; peak memory 429 MiB.
2026-10-10T18:22:32Z INFO [856/1000] 87270a79-faaa-45fa-bb83-d55e86286e37: 117 arrays, 0.1 MB stored; 1.2 s; peak memory 429 MiB.
2026-10-10T18:22:32Z INFO [857/1000] 87270bd9-5e1e-47f8-9e7f-70a1efbf3d86: 110 arrays, 0.5 MB stored; 1.5 s; peak memory 429 MiB.
2026-10-10T18:22:33Z INFO [858/1000] 8727ad88-554f-49de-95e1-a602d0a692a7: 118 arrays, 0.2 MB stored; 1.2 s; peak memory 429 MiB.
2026-10-10T18:22:35Z INFO [859/1000] 8727b58d-60b6-46e9-a524-d1ad89cc5969: 115 arrays, 190.1 MB stored; 2.6 s; peak memory 429 MiB.
2026-10-10T18:22:35Z INFO [860/1000] 872817ec-78da-447b-a217-449ec9b08292: 170 arrays, 9.3 MB stored; 2.5 s; peak memory 429 MiB.
2026-10-10T18:22:36Z INFO [861/1000] 8729e56c-7f0e-4629-a846-fc5374acf319: 48 arrays, 83.9 MB stored; 1.1 s; peak memory 429 MiB.
2026-10-10T18:22:37Z INFO [862/1000] 872904e0-748c-47ff-92c4-8fd8da737464: 91 arrays, 28.8 MB stored; 2.0 s; peak memory 429 MiB.
2026-10-10T18:22:37Z INFO [863/1000] 872a1110-e554-4df0-8822-4b9f50528ca1: 121 arrays, 0.2 MB stored; 1.1 s; peak memory 429 MiB.
2026-10-10T18:22:38Z INFO [864/1000] 872a4996-1e1b-4e6d-8a03-7db6f70e2817: 118 arrays, 0.2 MB stored; 1.4 s; peak memory 429 MiB.
2026-10-10T18:22:40Z INFO [865/1000] 872a98e3-8f3a-427e-a15c-9fc38657451f: 102 arrays, 18.7 MB stored; 1.8 s; peak memory 429 MiB.
2026-10-10T18:22:41Z INFO [866/1000] 8727a090-dc65-4373-9496-914fc30f110e: 1118 arrays, 42.4 MB stored; 9.9 s; peak memory 429 MiB.
2026-10-10T18:22:41Z INFO [867/1000] 872ab296-5b5c-4737-9dfc-e9224642c585: 117 arrays, 0.4 MB stored; 1.4 s; peak memory 429 MiB.
2026-10-10T18:22:41Z INFO [868/1000] 872a7feb-5c08-48c9-aec0-0b9e90a27ecc: 229 arrays, 355.7 MB stored; 3.8 s; peak memory 429 MiB.
2026-10-10T18:22:42Z INFO [869/1000] 872ab6a6-211f-4363-bcb9-869a96029de4: 48 arrays, 83.9 MB stored; 1.1 s; peak memory 429 MiB.
2026-10-10T18:22:42Z INFO [870/1000] 872ac57c-4b5d-4acb-a2ba-21918a2478ee: 45 arrays, 0.0 MB stored; 1.0 s; peak memory 429 MiB.
2026-10-10T18:22:43Z INFO [871/1000] 872c4cdf-15b0-4b73-9827-99f70785df9d: 110 arrays, 0.3 MB stored; 1.3 s; peak memory 429 MiB.
2026-10-10T18:22:44Z INFO [872/1000] 872cb7c3-51c7-4686-801f-4c40c18ac951: 46 arrays, 5504.2 MB stored; 1.6 s; peak memory 429 MiB.
2026-10-10T18:22:44Z INFO [873/1000] 872d207d-e8e9-442d-a0ca-937e6b89a8f6: 48 arrays, 83.9 MB stored; 1.1 s; peak memory 429 MiB.
2026-10-10T18:22:45Z INFO [874/1000] 872d29ba-1215-4692-b054-798f105f54f1: 112 arrays, 0.4 MB stored; 1.2 s; peak memory 429 MiB.
2026-10-10T18:22:46Z INFO [875/1000] 872d8800-313c-4a8b-b177-b334fe6cc302: 69 arrays, 65.9 MB stored; 1.6 s; peak memory 429 MiB.
2026-10-10T18:22:46Z INFO [876/1000] 872d9eac-e8f2-41ac-9041-16e21818c43b: 112 arrays, 0.3 MB stored; 1.3 s; peak memory 429 MiB.
2026-10-10T18:22:46Z INFO [877/1000] 872bc51b-64db-4274-9620-034f11386fe6: 61 arrays, 402.5 MB stored; 5.3 s; peak memory 429 MiB.
2026-10-10T18:22:47Z INFO [878/1000] 872db6d2-8596-4f25-98fe-6267c10a4b77: 48 arrays, 83.9 MB stored; 0.9 s; peak memory 429 MiB.
2026-10-10T18:22:47Z INFO [879/1000] 872dc71d-b887-4963-adb4-00098a18e4d4: 46 arrays, 0.2 MB stored; 1.0 s; peak memory 429 MiB.
2026-10-10T18:22:49Z INFO [880/1000] 872e3d72-48a8-485a-95f2-3687fbb4fef2: 112 arrays, 0.5 MB stored; 1.4 s; peak memory 429 MiB.
2026-10-10T18:22:49Z INFO [881/1000] 872f0f41-cd6c-49cd-a21a-5dd083bf1395: 111 arrays, 0.3 MB stored; 1.3 s; peak memory 429 MiB.
2026-10-10T18:22:50Z INFO [882/1000] 873045b1-3af4-439b-b48a-3939bb02795a: 117 arrays, 0.3 MB stored; 1.3 s; peak memory 429 MiB.
2026-10-10T18:22:50Z INFO [883/1000] 8730a216-234a-43e0-b05b-434c64eeedf7: 48 arrays, 83.9 MB stored; 1.1 s; peak memory 429 MiB.
2026-10-10T18:22:51Z INFO [884/1000] 873193ef-686c-4a33-87d7-9540f8395d68: 247 arrays, 17.1 MB stored; 1.6 s; peak memory 429 MiB.
2026-10-10T18:22:53Z INFO [885/1000] 87320ab9-642d-48e7-a598-48375dca7b51: 48 arrays, 83.9 MB stored; 1.1 s; peak memory 429 MiB.
2026-10-10T18:22:54Z INFO [886/1000] 87314f92-747a-447b-a911-622224d54d72: 229 arrays, 229.0 MB stored; 3.7 s; peak memory 429 MiB.
2026-10-10T18:22:54Z INFO [887/1000] 87323a7a-4fd6-4cf6-9305-705951942e21: 48 arrays, 83.9 MB stored; 1.1 s; peak memory 429 MiB.
2026-10-10T18:22:55Z INFO [888/1000] 8732b760-ac74-4939-8769-882f058c6f7d: 46 arrays, 0.1 MB stored; 1.0 s; peak memory 429 MiB.
2026-10-10T18:22:55Z INFO [889/1000] 8732c817-7613-478e-b845-df8a34856c3d: 112 arrays, 0.5 MB stored; 1.5 s; peak memory 429 MiB.
2026-10-10T18:22:56Z INFO [890/1000] 8732c96e-2807-4548-8c6b-add105bb9a7c: 116 arrays, 9.7 MB stored; 1.1 s; peak memory 429 MiB.
2026-10-10T18:22:57Z INFO [891/1000] 8732e2e1-cf74-4f01-abdc-83969a4f2966: 45 arrays, 0.0 MB stored; 0.9 s; peak memory 429 MiB.
2026-10-10T18:22:57Z INFO [892/1000] 8732de96-e86a-4413-aafb-c987fa66b492: 112 arrays, 0.9 MB stored; 1.6 s; peak memory 429 MiB.
2026-10-10T18:22:58Z INFO [893/1000] 8732e757-1e20-42d4-ab0c-4af084ac3c7f: 48 arrays, 83.9 MB stored; 1.2 s; peak memory 429 MiB.
2026-10-10T18:22:58Z INFO [894/1000] 873386d4-bd7a-47a8-9e0d-c2b959942b01: 64 arrays, 21.8 MB stored; 1.6 s; peak memory 429 MiB.
2026-10-10T18:22:59Z INFO [895/1000] 8733b10e-2aa9-497d-9106-f459295be886: 117 arrays, 0.5 MB stored; 1.4 s; peak memory 429 MiB.
2026-10-10T18:23:02Z INFO [896/1000] 873547d5-1eec-4bf3-9d25-33ab466ff106: 357 arrays, 2.7 MB stored; 2.6 s; peak memory 429 MiB.
2026-10-10T18:23:09Z INFO [897/1000] 873521c3-e183-41d4-83ea-e8aa4e252107: 326 arrays, 1672.8 MB stored; 10.2 s; peak memory 429 MiB.
2026-10-10T18:23:10Z INFO [898/1000] 87360459-d519-4607-a6aa-6c4c461013b6: 106 arrays, 19571.2 MB stored; 7.9 s; peak memory 429 MiB.
2026-10-10T18:23:10Z INFO [899/1000] 87361956-ce64-49a5-8aac-482f6e75d055: 63 arrays, 0.1 MB stored; 1.1 s; peak memory 429 MiB.
2026-10-10T18:23:11Z INFO [900/1000] 87363498-635e-4df8-bd2c-c6ca69d44869: 69 arrays, 45.6 MB stored; 1.3 s; peak memory 429 MiB.
2026-10-10T18:23:12Z INFO [901/1000] 87365f24-b636-4c2f-a8a7-64b8af12cbb7: 38 arrays, 36.3 MB stored; 2.1 s; peak memory 429 MiB.
2026-10-10T18:23:12Z INFO [902/1000] 87366280-8132-4abf-987f-8480e77c8689: 38 arrays, 0.5 MB stored; 1.0 s; peak memory 429 MiB.
2026-10-10T18:23:13Z INFO [903/1000] 87375060-87e8-4e60-b996-4973f385ef26: 61 arrays, 0.4 MB stored; 1.3 s; peak memory 429 MiB.
2026-10-10T18:23:14Z INFO [904/1000] 8736c8d8-c946-4ac9-b239-717a0a01ca74: 118 arrays, 67.1 MB stored; 2.5 s; peak memory 429 MiB.
2026-10-10T18:23:14Z INFO [905/1000] 873885eb-9f40-4863-ae71-bae345ca7cf7: 118 arrays, 0.2 MB stored; 1.3 s; peak memory 429 MiB.
2026-10-10T18:23:16Z INFO [906/1000] 8738b74f-72d6-4771-afe9-47c4843653c1: 117 arrays, 1227.9 MB stored; 1.8 s; peak memory 429 MiB.
2026-10-10T18:23:16Z INFO [907/1000] 8738f24c-efdd-4ce0-92dc-35df0de76e7b: 70 arrays, 114.4 MB stored; 1.8 s; peak memory 429 MiB.
2026-10-10T18:23:18Z INFO [908/1000] 8738fe64-3c4a-4fc8-876d-1a5559ad7d04: 112 arrays, 0.6 MB stored; 1.5 s; peak memory 429 MiB.
2026-10-10T18:23:18Z INFO [909/1000] 87393745-7034-470a-ba5c-cea460dc5f25: 110 arrays, 0.6 MB stored; 1.5 s; peak memory 429 MiB.
2026-10-10T18:23:19Z INFO [910/1000] 8739790e-e25c-4207-bdea-de9f140fd9c1: 110 arrays, 1.1 MB stored; 1.6 s; peak memory 429 MiB.
2026-10-10T18:23:20Z INFO [911/1000] 873a9a2e-dd60-48f1-9017-419644579621: 48 arrays, 83.9 MB stored; 1.1 s; peak memory 429 MiB.
2026-10-10T18:23:27Z INFO [912/1000] 873ae9ba-d3e4-4e75-9272-5cd1f28f34d7: 748 arrays, 23.8 MB stored; 6.6 s; peak memory 429 MiB.
2026-10-10T18:23:27Z INFO [913/1000] 8739d016-7b4f-4288-ac54-75e0d365e8bd: 1499 arrays, 28.2 MB stored; 9.4 s; peak memory 429 MiB.
2026-10-10T18:23:28Z INFO [914/1000] 873b6bd0-6731-40a5-9395-10f174e2a220: 48 arrays, 83.9 MB stored; 1.1 s; peak memory 429 MiB.
2026-10-10T18:23:37Z INFO [915/1000] 873c1f52-7e2e-499d-8185-866def28992c: 1339 arrays, 43.8 MB stored; 9.3 s; peak memory 429 MiB.
2026-10-10T18:23:37Z INFO [916/1000] 873c4ccb-badf-41a2-8f44-57d017c10bac: 56 arrays, 0.0 MB stored; 0.9 s; peak memory 429 MiB.
2026-10-10T18:23:43Z INFO [917/1000] 873c5afb-508b-499c-82b9-8a2526334576: 538 arrays, 8.4 MB stored; 5.3 s; peak memory 429 MiB.
2026-10-10T18:23:44Z INFO [918/1000] 873c64e3-d5e3-4e1c-8d81-ec21d9aee46e: 52 arrays, 12.9 MB stored; 1.2 s; peak memory 429 MiB.
2026-10-10T18:23:45Z INFO [919/1000] 873d3b13-4e8a-497c-8bc7-c941b50e64fc: 70 arrays, 48.0 MB stored; 1.5 s; peak memory 429 MiB.
2026-10-10T18:23:47Z INFO [920/1000] 873da6d9-9c90-491d-a6e6-54914dbe7f5a: 57 arrays, 0.0 MB stored; 1.1 s; peak memory 429 MiB.
2026-10-10T18:23:49Z INFO [921/1000] 873de531-1a2e-4897-88a4-e503b8a10152: 80 arrays, 958.7 MB stored; 2.2 s; peak memory 429 MiB.
2026-10-10T18:23:50Z INFO [922/1000] 873ded47-a19f-4b38-bceb-e816e1b4ddc0: 48 arrays, 0.0 MB stored; 0.9 s; peak memory 429 MiB.
2026-10-10T18:23:51Z INFO [923/1000] 873def85-511f-42e8-b4b8-450c94345586: 52 arrays, 0.0 MB stored; 0.9 s; peak memory 429 MiB.
2026-10-10T18:23:52Z INFO [924/1000] 873e4941-294b-4479-88e1-07c9302b26ed: 48 arrays, 83.9 MB stored; 1.1 s; peak memory 429 MiB.
2026-10-10T18:23:53Z INFO [925/1000] 873ea181-39cd-4bdf-b3fc-c9760c459fae: 43 arrays, 1.4 MB stored; 1.0 s; peak memory 429 MiB.
2026-10-10T18:23:54Z INFO [926/1000] 873ef0f9-1375-49db-b35f-d48536b8a320: 55 arrays, 0.0 MB stored; 0.9 s; peak memory 429 MiB.
2026-10-10T18:23:54Z INFO [927/1000] 87087e88-0687-40e4-84c1-c786ad3152eb: 436 arrays, 39352.7 MB stored; 179.9 s; peak memory 429 MiB.
2026-10-10T18:23:55Z INFO [928/1000] 873f713f-7784-4775-aece-18b5c61c9c03: 48 arrays, 83.9 MB stored; 1.3 s; peak memory 429 MiB.
2026-10-10T18:23:56Z INFO [929/1000] 873ff46f-3eba-4d45-a128-6f9222020110: 118 arrays, 0.2 MB stored; 1.1 s; peak memory 429 MiB.
2026-10-10T18:23:56Z INFO [930/1000] 873ef81e-fca5-4681-be02-6bcbf481b66e: 114 arrays, 186.9 MB stored; 2.6 s; peak memory 429 MiB.
2026-10-10T18:23:57Z INFO [931/1000] 87400f70-cb76-47d6-a16d-759b310947eb: 48 arrays, 83.9 MB stored; 1.1 s; peak memory 429 MiB.
2026-10-10T18:23:58Z INFO [932/1000] 874046a9-cb6c-400c-92d8-14bb6fc63007: 37 arrays, 0.0 MB stored; 0.8 s; peak memory 429 MiB.
2026-10-10T18:24:00Z INFO [933/1000] 87419ef9-ba05-463c-96b5-45bfe32fbd66: 118 arrays, 0.4 MB stored; 1.4 s; peak memory 429 MiB.
2026-10-10T18:24:03Z INFO [934/1000] 87429d3d-b462-4b2d-9864-d2a7ec3faf38: 168 arrays, 8.8 MB stored; 3.7 s; peak memory 429 MiB.
2026-10-10T18:24:05Z INFO [935/1000] 874347d0-3b06-4999-894e-7b110087e4c9: 110 arrays, 0.5 MB stored; 1.4 s; peak memory 429 MiB.
2026-10-10T18:24:05Z INFO [936/1000] 87401420-1d45-47c6-a344-1b0d0d41278d: 685 arrays, 26.5 MB stored; 8.5 s; peak memory 429 MiB.
2026-10-10T18:24:06Z INFO [937/1000] 87446c10-6f61-4a41-a8d7-3a4c8a48040c: 48 arrays, 83.9 MB stored; 1.2 s; peak memory 429 MiB.
2026-10-10T18:24:06Z INFO [938/1000] 8743d400-d753-4fa6-b1c7-034c506a1f30: 70 arrays, 68.9 MB stored; 1.7 s; peak memory 429 MiB.
2026-10-10T18:24:07Z INFO [939/1000] 8744877b-3d08-4648-af1d-ea6167ccaaf1: 48 arrays, 83.9 MB stored; 1.1 s; peak memory 429 MiB.
2026-10-10T18:24:09Z INFO [940/1000] 8745804a-21ad-484a-b340-190413cdd085: 110 arrays, 0.8 MB stored; 1.5 s; peak memory 429 MiB.
2026-10-10T18:24:10Z INFO [941/1000] 87464ec1-1bbd-42aa-ad18-a1e438c0df92: 53 arrays, 748.2 MB stored; 1.9 s; peak memory 429 MiB.
2026-10-10T18:24:12Z INFO [942/1000] 8746b537-e3e4-45f1-ab53-fe5d1f7d88ab: 72 arrays, 48.5 MB stored; 1.1 s; peak memory 429 MiB.
2026-10-10T18:24:12Z INFO [943/1000] 87448b0c-7089-49d3-a9ca-c5b2942fed97: 1053 arrays, 22.7 MB stored; 5.7 s; peak memory 429 MiB.
2026-10-10T18:24:13Z INFO [944/1000] 8748a8c8-b08e-4573-b570-b0895bb9006f: 57 arrays, 0.0 MB stored; 0.9 s; peak memory 429 MiB.
2026-10-10T18:24:14Z INFO [945/1000] 87491202-996a-42d0-a2a7-dc4df907e755: 48 arrays, 83.9 MB stored; 1.1 s; peak memory 429 MiB.
2026-10-10T18:24:15Z INFO [946/1000] 874a209f-4a3d-4ff1-a1c4-e2dc4725c417: 112 arrays, 0.5 MB stored; 1.4 s; peak memory 429 MiB.
2026-10-10T18:24:17Z INFO [947/1000] 874a529b-14f6-4f31-bf27-bbe4798cddee: 79 arrays, 0.2 MB stored; 1.3 s; peak memory 429 MiB.
2026-10-10T18:24:18Z INFO [948/1000] 874a8070-b88a-4e97-843e-90e9e297ce33: 46 arrays, 0.1 MB stored; 1.0 s; peak memory 429 MiB.
2026-10-10T18:24:20Z INFO [949/1000] 874b70b4-cf6f-447e-8841-0e22f18e051c: 156 arrays, 193.5 MB stored; 2.7 s; peak memory 429 MiB.
2026-10-10T18:24:29Z INFO [950/1000] 874bd1a7-d6d6-49ab-bbea-5b804d6e1d25: 2000 arrays, 20.0 MB stored; 8.6 s; peak memory 429 MiB.
2026-10-10T18:24:36Z INFO [951/1000] 872dac61-86c7-4a4c-8e28-cb3ad271ceed: 53 arrays, 198881.5 MB stored; 110.7 s; peak memory 429 MiB.
2026-10-10T18:24:37Z INFO [952/1000] 874ce49f-56b3-49a4-a91c-96e7e816fd39: 48 arrays, 83.9 MB stored; 1.1 s; peak memory 429 MiB.
2026-10-10T18:24:38Z INFO [953/1000] 874c1f7b-cff9-4a6e-a648-f0d88c79be3c: 268 arrays, 914.4 MB stored; 9.2 s; peak memory 429 MiB.
2026-10-10T18:24:38Z INFO [954/1000] 874cf650-b4dd-4669-a04e-fa8eb8da48d8: 41 arrays, 8.4 MB stored; 1.0 s; peak memory 429 MiB.
2026-10-10T18:24:40Z INFO [955/1000] 874d2243-2b9e-4a25-94b3-5bf822d4cb87: 64 arrays, 15.5 MB stored; 1.2 s; peak memory 429 MiB.
2026-10-10T18:24:40Z INFO [956/1000] 874d5194-8470-4209-9e83-796609bc7b22: 116 arrays, 0.2 MB stored; 1.2 s; peak memory 429 MiB.
2026-10-10T18:24:41Z INFO [957/1000] 874d7692-774b-4f94-8dfe-32ccd9df6afb: 48 arrays, 83.9 MB stored; 1.1 s; peak memory 429 MiB.
2026-10-10T18:24:41Z INFO [958/1000] 874d8c47-b876-414c-8236-b396251466ff: 112 arrays, 0.5 MB stored; 1.4 s; peak memory 429 MiB.
2026-10-10T18:24:42Z INFO [959/1000] 874dfd54-46d1-4e53-97e4-bf44df03ac08: 46 arrays, 0.1 MB stored; 1.1 s; peak memory 429 MiB.
2026-10-10T18:24:43Z INFO [960/1000] 874e0f2a-8e02-4013-8a3f-e635cc75a25b: 117 arrays, 0.5 MB stored; 1.4 s; peak memory 429 MiB.
2026-10-10T18:24:43Z INFO [961/1000] 874e452c-dc4e-435d-987d-0b5a757dc7c5: 48 arrays, 83.9 MB stored; 1.1 s; peak memory 429 MiB.
2026-10-10T18:24:44Z INFO [962/1000] 874e5cb8-6db3-4e49-9c40-e0c732bbd2b9: 117 arrays, 0.3 MB stored; 1.2 s; peak memory 429 MiB.
2026-10-10T18:24:45Z INFO [963/1000] 874ea6f9-f6d7-4099-b202-df76d6f1b070: 123 arrays, 5.8 MB stored; 2.2 s; peak memory 429 MiB.
2026-10-10T18:24:47Z INFO [964/1000] 874eba48-d273-477c-8dae-8a6a1ddfb834: 102 arrays, 22.3 MB stored; 3.6 s; peak memory 429 MiB.
2026-10-10T18:24:49Z INFO [965/1000] 874f30f8-b2b6-48c1-8940-9a8d6a255784: 112 arrays, 0.4 MB stored; 1.4 s; peak memory 429 MiB.
2026-10-10T18:24:50Z INFO [966/1000] 874f37d3-3276-47c4-9cda-a25fcdd2950c: 48 arrays, 83.9 MB stored; 1.0 s; peak memory 429 MiB.
2026-10-10T18:24:51Z INFO [967/1000] 874f50b9-7baf-4dd9-85cf-58b2c1e38f48: 112 arrays, 0.9 MB stored; 1.6 s; peak memory 429 MiB.
2026-10-10T18:24:53Z INFO [968/1000] 874fc92e-cae7-4eb4-a1a9-4731f45b854a: 53 arrays, 9.2 MB stored; 2.0 s; peak memory 429 MiB.
2026-10-10T18:24:58Z INFO [969/1000] 874ff041-650b-4785-a6c8-62e69b0cae57: 229 arrays, 1371.3 MB stored; 4.7 s; peak memory 429 MiB.
2026-10-10T18:24:59Z INFO [970/1000] 87506c15-85f4-41cd-a742-a4d00ed9e836: 38 arrays, 0.5 MB stored; 1.0 s; peak memory 429 MiB.
2026-10-10T18:25:04Z INFO [971/1000] 8750b01b-c63a-4fbb-8cd7-603b014b0f7f: 36 arrays, 175.1 MB stored; 5.5 s; peak memory 429 MiB.
2026-10-10T18:25:06Z INFO [972/1000] 87510edd-0bc4-4f29-9431-0a9665772126: 48 arrays, 83.9 MB stored; 1.1 s; peak memory 429 MiB.
2026-10-10T18:25:08Z INFO [973/1000] 8751e522-6dfd-4249-b850-0ee6f5cad1b6: 154 arrays, 221.7 MB stored; 2.5 s; peak memory 429 MiB.
2026-10-10T18:25:09Z INFO [974/1000] 8752c0e0-fe91-4f79-a393-2470339cb1ec: 66 arrays, 23.2 MB stored; 1.4 s; peak memory 429 MiB.
2026-10-10T18:25:11Z INFO [975/1000] 87536d56-cd20-4941-889e-0a2861fdaefa: 69 arrays, 54.8 MB stored; 1.3 s; peak memory 429 MiB.
2026-10-10T18:25:12Z INFO [976/1000] 87549065-ce4a-4d07-82f9-19f652472c4f: 48 arrays, 83.9 MB stored; 1.1 s; peak memory 429 MiB.
2026-10-10T18:25:13Z WARNING 85df4fc8-89c6-4aec-9d51-56ac3293aacb: failed while reading the NWB file (TimeoutError: exceeded 1200 s)
2026-10-10T18:25:13Z WARNING [977/1000] 85df4fc8-89c6-4aec-9d51-56ac3293aacb: recorded the failure; a later run retries it.
2026-10-10T18:25:13Z INFO [978/1000] 87551332-ad30-4173-91e1-4843c610336e: 48 arrays, 83.9 MB stored; 1.0 s; peak memory 429 MiB.
2026-10-10T18:25:14Z INFO [979/1000] 87557030-efd9-4dc7-85e3-886ec2dac705: 48 arrays, 83.9 MB stored; 1.1 s; peak memory 429 MiB.
2026-10-10T18:25:14Z INFO [980/1000] 875557ed-71a9-4bac-9e87-abd906874b8d: 71 arrays, 65.4 MB stored; 1.7 s; peak memory 429 MiB.
2026-10-10T18:25:15Z INFO [981/1000] 8755a240-6f25-4bee-bbf1-5ccbb4fc7b55: 48 arrays, 83.9 MB stored; 1.2 s; peak memory 429 MiB.
2026-10-10T18:25:15Z INFO [982/1000] 8755b7b5-79b5-4559-87b2-603af7d7d560: 48 arrays, 83.9 MB stored; 1.0 s; peak memory 429 MiB.
2026-10-10T18:25:17Z INFO [983/1000] 875636b3-1324-4d4f-b075-e6707e380cd9: 117 arrays, 0.2 MB stored; 1.3 s; peak memory 429 MiB.
2026-10-10T18:25:17Z INFO [984/1000] 87564d57-6f46-4b19-874c-53fde2edd484: 57 arrays, 28.8 MB stored; 1.6 s; peak memory 429 MiB.
2026-10-10T18:25:19Z INFO [985/1000] 875692f4-eebf-4d65-82fe-b8b6ec26c14e: 112 arrays, 0.8 MB stored; 1.6 s; peak memory 429 MiB.
2026-10-10T18:25:20Z INFO [986/1000] 87584a87-4b87-4f70-a085-4f11fbac8328: 53 arrays, 8.9 MB stored; 1.6 s; peak memory 429 MiB.
2026-10-10T18:25:20Z INFO [987/1000] 875654e7-4adc-4e93-b503-2a4c3cb3cc49: 538 arrays, 7.6 MB stored; 3.9 s; peak memory 429 MiB.
2026-10-10T18:25:21Z INFO [988/1000] 875919b8-8e76-49fe-bed6-02facdb04337: 63 arrays, 0.1 MB stored; 1.1 s; peak memory 429 MiB.
2026-10-10T18:25:22Z INFO [989/1000] 87596c4c-8c6f-485a-a245-fce276952d8b: 46 arrays, 5573.8 MB stored; 1.4 s; peak memory 429 MiB.
2026-10-10T18:25:23Z INFO [990/1000] 8759b66c-da23-477c-8a41-7dffcd108dd3: 66 arrays, 96.0 MB stored; 1.6 s; peak memory 429 MiB.
2026-10-10T18:25:24Z INFO [991/1000] 875acba8-d261-4b73-a1d3-867568f7599b: 46 arrays, 0.1 MB stored; 0.8 s; peak memory 429 MiB.
2026-10-10T18:25:25Z INFO [992/1000] 875b2f9f-fbca-43c4-9ee6-45f3d9220425: 50 arrays, 4.0 MB stored; 1.0 s; peak memory 429 MiB.
2026-10-10T18:25:25Z INFO [993/1000] 875a9142-a3b1-4fbc-adf7-cf4f37ee8c91: 111 arrays, 1038.9 MB stored; 3.5 s; peak memory 429 MiB.
2026-10-10T18:25:26Z INFO [994/1000] 875b54ad-91bc-4ea5-b50c-16a74a5fa9c5: 92 arrays, 0.2 MB stored; 1.2 s; peak memory 429 MiB.
2026-10-10T18:25:34Z WARNING 85f7721b-952f-4ed9-9b7c-b80edd103a36: failed while reading the NWB file (TimeoutError: exceeded 1200 s)
2026-10-10T18:25:34Z WARNING [995/1000] 85f7721b-952f-4ed9-9b7c-b80edd103a36: recorded the failure; a later run retries it.
2026-10-10T18:26:04Z INFO [996/1000] 87478c1d-0955-43f9-9a36-59589096a15f: 394 arrays, 22274.6 MB stored; 112.0 s; peak memory 429 MiB.
2026-10-10T18:26:26Z INFO [997/1000] 873c3356-f011-4070-b0bd-73939b5ee5c0: 472 arrays, 43383.3 MB stored; 178.2 s; peak memory 429 MiB.
2026-10-10T18:26:33Z INFO [998/1000] 874f1f80-4984-4da4-9f3e-2267c062cfe4: 394 arrays, 22274.7 MB stored; 108.0 s; peak memory 429 MiB.
2026-10-10T18:29:00Z WARNING 8647b4f8-055d-433d-94a0-2dc2c8aa5bcf: failed while reading the NWB file (TimeoutError: exceeded 1200 s)
2026-10-10T18:29:00Z WARNING [999/1000] 8647b4f8-055d-433d-94a0-2dc2c8aa5bcf: recorded the failure; a later run retries it.
2026-10-10T18:29:13Z WARNING 86514d0a-d39a-4c0d-99b6-07718cdf5b3d: failed while reading the NWB file (TimeoutError: exceeded 1200 s)
2026-10-10T18:29:13Z WARNING [1000/1000] 86514d0a-d39a-4c0d-99b6-07718cdf5b3d: recorded the failure; a later run retries it.
2026-10-10T18:29:15Z INFO [1000/1000] 86514d0a-d39a-4c0d-99b6-07718cdf5b3d: checkpointed 1000 new records.
2026-10-10T18:29:15Z INFO Wrote 90200 records to /tmp/derivatives/valid_nwb_file_to_array_sizes.jsonl (996 new, 4 failed) in 24.0 min (peak memory 697 MiB).
