2026-10-10T14:16:01Z INFO Logging to /tmp/logs/update_2026-10-10T14-16-01Z.log.
2026-10-10T14:16:01Z INFO Update valid-nwb-file-to-array-sizes (base directory /tmp).
2026-10-10T14:16:49Z INFO Processing 1000 items (82200 already recorded).
2026-10-10T14:16:51Z INFO [1/1000] 7b4bfca4-e1a0-496b-8732-dff5b69f6d9e: 48 arrays, 83.9 MB stored; 2.5 s; peak memory 163 MiB.
2026-10-10T14:16:52Z INFO [2/1000] 7b4a92b7-1f48-4b35-9446-a5b8a37ae5f5: 70 arrays, 0.4 MB stored; 2.8 s; peak memory 163 MiB.
2026-10-10T14:16:52Z INFO [3/1000] 7b4f7c93-d100-42ed-9d38-4aeed05aa61a: 112 arrays, 0.4 MB stored; 2.9 s; peak memory 163 MiB.
2026-10-10T14:16:52Z INFO [4/1000] 7b4dfc40-43a5-4162-8578-3595d5f6fce2: 110 arrays, 0.4 MB stored; 3.0 s; peak memory 163 MiB.
2026-10-10T14:16:52Z INFO [5/1000] 7b4c4af0-dcac-41a5-9927-666f4efc8af1: 132 arrays, 1.0 MB stored; 3.4 s; peak memory 163 MiB.
2026-10-10T14:16:52Z INFO [6/1000] 7b504b07-e42e-4fff-a10d-9106c1331f45: 110 arrays, 0.8 MB stored; 3.4 s; peak memory 163 MiB.
2026-10-10T14:16:53Z INFO [7/1000] 7b4a666d-08b6-4022-919b-a2dbc3b1e104: 71 arrays, 65.4 MB stored; 4.1 s; peak memory 163 MiB.
2026-10-10T14:16:54Z INFO [8/1000] 7b50b148-0a34-4594-b065-2338dcb96820: 56 arrays, 0.0 MB stored; 1.7 s; peak memory 163 MiB.
2026-10-10T14:16:54Z INFO [9/1000] 7b50a984-3bff-43d8-9bf9-edfc60c4d6a6: 117 arrays, 0.4 MB stored; 2.5 s; peak memory 163 MiB.
2026-10-10T14:16:55Z INFO [10/1000] 7b50d205-fb9d-44e3-9c79-36f03bb622a2: 112 arrays, 1.1 MB stored; 2.6 s; peak memory 163 MiB.
2026-10-10T14:16:55Z INFO [11/1000] 7b5052d4-8e39-4ab7-b919-7c779ff1cd33: 168 arrays, 3.2 MB stored; 3.8 s; peak memory 163 MiB.
2026-10-10T14:16:55Z INFO [12/1000] 7b510184-be2a-41b4-bef2-45e3ec1bc443: 112 arrays, 0.6 MB stored; 2.2 s; peak memory 163 MiB.
2026-10-10T14:16:55Z INFO [13/1000] 7b507f38-3101-4f0a-a730-003f85bf0b76: 115 arrays, 186.8 MB stored; 3.7 s; peak memory 163 MiB.
2026-10-10T14:16:56Z INFO [14/1000] 7b4f787d-6387-49ce-89a8-5962245148db: 229 arrays, 371.5 MB stored; 7.2 s; peak memory 163 MiB.
2026-10-10T14:16:56Z INFO [15/1000] 7b511021-ab7b-40d5-a3a1-26052dcffdea: 48 arrays, 83.9 MB stored; 1.8 s; peak memory 163 MiB.
2026-10-10T14:16:56Z INFO [16/1000] 7b510875-5a18-4753-92ef-d788570cef2b: 74 arrays, 2.8 MB stored; 2.6 s; peak memory 163 MiB.
2026-10-10T14:16:57Z INFO [17/1000] 7b51c30e-a032-45aa-a583-7434a26a72c1: 117 arrays, 0.6 MB stored; 2.4 s; peak memory 163 MiB.
2026-10-10T14:16:57Z INFO [18/1000] 7b52b10d-3f2b-4e44-b168-339fe9e77e52: 46 arrays, 12.6 MB stored; 1.9 s; peak memory 163 MiB.
2026-10-10T14:16:57Z INFO [19/1000] 7b529b82-edde-4525-88f2-d98b1c6a4e62: 117 arrays, 0.4 MB stored; 2.4 s; peak memory 163 MiB.
2026-10-10T14:16:58Z INFO [20/1000] 7b52474f-0fef-4592-9e1c-aa80d685c83e: 69 arrays, 57.0 MB stored; 2.7 s; peak memory 163 MiB.
2026-10-10T14:16:58Z INFO [21/1000] 7b52b303-ae06-42a0-b935-b5dc07dd327b: 116 arrays, 0.4 MB stored; 2.3 s; peak memory 163 MiB.
2026-10-10T14:16:59Z INFO [22/1000] 7b54bd93-d45f-4caf-9be3-a8d7053c3e13: 21 arrays, 0.6 MB stored; 1.5 s; peak memory 163 MiB.
2026-10-10T14:16:59Z INFO [23/1000] 7b53fb2f-09fc-451c-bf37-a5b666eba614: 112 arrays, 0.9 MB stored; 2.8 s; peak memory 163 MiB.
2026-10-10T14:16:59Z INFO [24/1000] 7b542290-a8c1-4fe0-a33a-ffece39794a2: 69 arrays, 31.7 MB stored; 2.4 s; peak memory 163 MiB.
2026-10-10T14:16:59Z INFO [25/1000] 7b54691b-7a8a-470b-bd99-3be25ca46a5b: 122 arrays, 0.3 MB stored; 2.0 s; peak memory 163 MiB.
2026-10-10T14:17:00Z INFO [26/1000] 7b556d22-3215-472a-b584-4c51906f0b63: 69 arrays, 0.0 MB stored; 2.2 s; peak memory 163 MiB.
2026-10-10T14:17:00Z INFO [27/1000] 7b55b903-0782-4599-8b9d-787d7c85333b: 66 arrays, 111.5 MB stored; 2.1 s; peak memory 163 MiB.
2026-10-10T14:17:01Z INFO [28/1000] 7b563de8-cb39-4989-bb85-566c4094cf6a: 48 arrays, 83.9 MB stored; 2.0 s; peak memory 163 MiB.
2026-10-10T14:17:01Z INFO [29/1000] 7b568b43-1748-4dec-a515-4c1cef452cad: 49 arrays, 7.7 MB stored; 2.5 s; peak memory 163 MiB.
2026-10-10T14:17:02Z INFO [30/1000] 7b56af5a-382f-43ec-a332-2c19384914e6: 112 arrays, 0.8 MB stored; 2.7 s; peak memory 163 MiB.
2026-10-10T14:17:02Z INFO [31/1000] 7b565b82-e7e3-40c7-a902-3686529e2583: 66 arrays, 80.4 MB stored; 3.4 s; peak memory 163 MiB.
2026-10-10T14:17:03Z INFO [32/1000] 7b571413-614c-4092-8fe8-aa1d9a29cfed: 117 arrays, 0.4 MB stored; 2.3 s; peak memory 163 MiB.
2026-10-10T14:17:04Z INFO [33/1000] 7b56d3ed-51f2-4fc3-b019-6610b221b7d8: 67 arrays, 3644.6 MB stored; 4.1 s; peak memory 163 MiB.
2026-10-10T14:17:04Z INFO [34/1000] 7b597b9e-8415-4127-b0c0-e46559cbf1f8: 62 arrays, 4763.4 MB stored; 2.2 s; peak memory 163 MiB.
2026-10-10T14:17:04Z INFO [35/1000] 7b59942d-27bf-41be-95b7-30f7fdce3e78: 92 arrays, 6.9 MB stored; 1.8 s; peak memory 163 MiB.
2026-10-10T14:17:06Z INFO [36/1000] 7b599e76-9b70-4048-83e2-ed2fc7e4a5a9: 48 arrays, 83.9 MB stored; 1.9 s; peak memory 163 MiB.
2026-10-10T14:17:06Z INFO [37/1000] 7b5909d2-0fcb-4d1b-8ce9-6c7805448fc6: 156 arrays, 193.5 MB stored; 4.3 s; peak memory 163 MiB.
2026-10-10T14:17:06Z INFO [38/1000] 7b59a380-b7ec-46fc-b43e-592cba3be6c6: 46 arrays, 12.6 MB stored; 1.8 s; peak memory 163 MiB.
2026-10-10T14:17:06Z INFO [39/1000] 7b50a8c6-fe19-4fe9-bd06-faa32dee4410: 918 arrays, 41.1 MB stored; 14.7 s; peak memory 163 MiB.
2026-10-10T14:17:08Z INFO [40/1000] 7b5a9c7e-2d33-43d5-a521-6987b6746258: 48 arrays, 83.9 MB stored; 1.8 s; peak memory 163 MiB.
2026-10-10T14:17:08Z INFO [41/1000] 7b5b8758-ff4e-4ae4-991f-c9c294406c91: 48 arrays, 83.9 MB stored; 1.9 s; peak memory 163 MiB.
2026-10-10T14:17:08Z INFO [42/1000] 7b5ad1d8-46d9-4d51-981a-3c6edf28d557: 117 arrays, 0.5 MB stored; 2.2 s; peak memory 163 MiB.
2026-10-10T14:17:09Z INFO [43/1000] 7b5a7052-afa1-4dcd-91e6-cd0d4a345bee: 156 arrays, 193.6 MB stored; 4.2 s; peak memory 163 MiB.
2026-10-10T14:17:09Z INFO [44/1000] 7b5b849c-ad25-4c90-b0eb-e684ff004ff4: 112 arrays, 0.2 MB stored; 2.5 s; peak memory 163 MiB.
2026-10-10T14:17:10Z INFO [45/1000] 7b5b975f-7d9a-476e-a157-215d11df6f0d: 67 arrays, 1.8 MB stored; 2.1 s; peak memory 163 MiB.
2026-10-10T14:17:10Z INFO [46/1000] 7b590585-69b1-4946-95fb-d1dcacb9c0a7: 56 arrays, 92.3 MB stored; 8.7 s; peak memory 163 MiB.
2026-10-10T14:17:10Z INFO [47/1000] 7b5c1faa-8581-4c79-bdfb-a6d9c5f2d46e: 48 arrays, 83.9 MB stored; 1.8 s; peak memory 163 MiB.
2026-10-10T14:17:11Z INFO [48/1000] 7b5baa2d-5d88-45f0-9404-ab3510bd1828: 112 arrays, 1.1 MB stored; 2.8 s; peak memory 163 MiB.
2026-10-10T14:17:11Z INFO [49/1000] 7b5c27df-c223-4f25-be05-54a46015bc8a: 64 arrays, 29.7 MB stored; 2.6 s; peak memory 163 MiB.
2026-10-10T14:17:11Z INFO [50/1000] 7b5cad00-4b36-455c-baba-9c0820fcc9da: 50 arrays, 1.7 MB stored; 1.7 s; peak memory 163 MiB.
2026-10-10T14:17:12Z INFO [51/1000] 7b5d3247-2c97-4a9b-aafb-790f3b449690: 51 arrays, 0.0 MB stored; 1.5 s; peak memory 163 MiB.
2026-10-10T14:17:12Z INFO [52/1000] 7b5cc1b9-8102-4149-b425-a45093af971d: 74 arrays, 2.4 MB stored; 2.5 s; peak memory 163 MiB.
2026-10-10T14:17:13Z INFO [53/1000] 7b5dc3a4-d580-413c-8152-859abecdb931: 48 arrays, 83.9 MB stored; 1.8 s; peak memory 163 MiB.
2026-10-10T14:17:14Z INFO [54/1000] 7b5e0839-b513-4a60-84de-d95717121e53: 117 arrays, 0.3 MB stored; 2.1 s; peak memory 163 MiB.
2026-10-10T14:17:14Z INFO [55/1000] 7b5df16b-76ee-409e-8cbe-4083eea8304d: 112 arrays, 0.7 MB stored; 2.5 s; peak memory 163 MiB.
2026-10-10T14:17:14Z INFO [56/1000] 7b5e0fae-f331-415a-b5d2-ff3612a6e3df: 69 arrays, 0.1 MB stored; 2.2 s; peak memory 163 MiB.
2026-10-10T14:17:14Z INFO [57/1000] 7b5e2d65-1948-4f03-ba17-e51fa2354428: 117 arrays, 0.4 MB stored; 2.1 s; peak memory 163 MiB.
2026-10-10T14:17:15Z INFO [58/1000] 7b5e33aa-16b0-409d-b28b-7c2d4ae4c743: 112 arrays, 0.5 MB stored; 2.2 s; peak memory 163 MiB.
2026-10-10T14:17:16Z INFO [59/1000] 7b5f1d76-d901-4743-b7b0-b48e77afdd13: 69 arrays, 2.3 MB stored; 2.0 s; peak memory 163 MiB.
2026-10-10T14:17:16Z INFO [60/1000] 7b5c6475-31b4-4043-93b0-01fe24130ff4: 193 arrays, 874.4 MB stored; 7.7 s; peak memory 163 MiB.
2026-10-10T14:17:17Z INFO [61/1000] 7b5ef006-7032-4842-85cd-5cc132272e58: 112 arrays, 1.2 MB stored; 3.1 s; peak memory 163 MiB.
2026-10-10T14:17:17Z INFO [62/1000] 7b5f83ff-ed4e-41c8-9152-b66aa1a9cf8c: 112 arrays, 0.3 MB stored; 2.0 s; peak memory 163 MiB.
2026-10-10T14:17:17Z INFO [63/1000] 7b5edfed-f841-437b-b260-8d2362e3d540: 209 arrays, 5.8 MB stored; 3.8 s; peak memory 163 MiB.
2026-10-10T14:17:18Z INFO [64/1000] 7b5f85f4-f4ed-4a71-9fbb-4d4de6b12f3e: 118 arrays, 0.4 MB stored; 2.0 s; peak memory 163 MiB.
2026-10-10T14:17:18Z INFO [65/1000] 7b614fba-c1ae-48a6-a701-a1d1f28f9229: 46 arrays, 0.1 MB stored; 1.5 s; peak memory 163 MiB.
2026-10-10T14:17:18Z INFO [66/1000] 7b6064ea-7372-44c3-9921-cc06043f6f0d: 77 arrays, 0.2 MB stored; 2.1 s; peak memory 163 MiB.
2026-10-10T14:17:19Z INFO [67/1000] 7b60f0f1-3c25-4e57-ba04-bdff65e03fe4: 118 arrays, 0.3 MB stored; 2.1 s; peak memory 163 MiB.
2026-10-10T14:17:20Z INFO [68/1000] 7b61cfa2-599d-4f9c-b3c0-b2d35d12fd72: 117 arrays, 0.3 MB stored; 2.1 s; peak memory 163 MiB.
2026-10-10T14:17:20Z INFO [69/1000] 7b623451-306c-4c0d-bc04-a34d36b9a52c: 62 arrays, 4.7 MB stored; 1.8 s; peak memory 163 MiB.
2026-10-10T14:17:20Z INFO [70/1000] 7b62e4e3-cb80-4f22-ae6b-4c15a26e502f: 58 arrays, 0.0 MB stored; 1.5 s; peak memory 163 MiB.
2026-10-10T14:17:20Z INFO [71/1000] 7b630b69-fec2-4677-9a99-9bb07d7cf5eb: 56 arrays, 0.0 MB stored; 1.6 s; peak memory 163 MiB.
2026-10-10T14:17:21Z INFO [72/1000] 7b629a6f-7445-4e99-a717-dae402db9836: 112 arrays, 1.0 MB stored; 2.6 s; peak memory 163 MiB.
2026-10-10T14:17:21Z INFO [73/1000] 7b6446f3-44f1-4a8b-9c3d-00869c0c4aac: 58 arrays, 0.0 MB stored; 1.6 s; peak memory 163 MiB.
2026-10-10T14:17:22Z INFO [74/1000] 7b655d4b-0ed6-4f7a-9510-eee59308940d: 48 arrays, 83.9 MB stored; 1.8 s; peak memory 163 MiB.
2026-10-10T14:17:23Z INFO [75/1000] 7b65c660-3061-4154-885d-096dbd241b98: 46 arrays, 0.1 MB stored; 1.5 s; peak memory 163 MiB.
2026-10-10T14:17:23Z INFO [76/1000] 7b65f63c-13fc-4560-8109-59f784fea136: 117 arrays, 0.3 MB stored; 2.2 s; peak memory 163 MiB.
2026-10-10T14:17:24Z INFO [77/1000] 7b6601d9-17fc-4db0-8abe-d60a0c2c0b59: 84 arrays, 2.3 MB stored; 2.0 s; peak memory 163 MiB.
2026-10-10T14:17:25Z INFO [78/1000] 7b668189-78a1-439e-b23c-f5738f871729: 110 arrays, 0.5 MB stored; 2.3 s; peak memory 163 MiB.
2026-10-10T14:17:25Z INFO [79/1000] 7b677cb8-ff92-4b14-800b-8a6edceec017: 48 arrays, 83.9 MB stored; 1.6 s; peak memory 163 MiB.
2026-10-10T14:17:25Z INFO [80/1000] 7b6706b0-7a8a-4d50-8167-cbacd069d864: 55 arrays, 28.0 MB stored; 2.2 s; peak memory 163 MiB.
2026-10-10T14:17:26Z INFO [81/1000] 7b67faab-7518-46f9-a9ca-9be1a023a3cf: 48 arrays, 83.9 MB stored; 1.7 s; peak memory 163 MiB.
2026-10-10T14:17:27Z INFO [82/1000] 7b64cf80-535b-4d3c-a4af-59a7f1cbb1b6: 655 arrays, 8.9 MB stored; 7.1 s; peak memory 163 MiB.
2026-10-10T14:17:27Z INFO [83/1000] 7b68680b-00b0-4c3b-a86d-b0b997ac92c2: 117 arrays, 0.4 MB stored; 2.1 s; peak memory 163 MiB.
2026-10-10T14:17:28Z INFO [84/1000] 7b696511-3c7d-47c3-bf1b-bec327914e42: 48 arrays, 83.9 MB stored; 1.8 s; peak memory 163 MiB.
2026-10-10T14:17:29Z INFO [85/1000] 7b687ff2-9acc-4862-9aad-507855fd56ba: 114 arrays, 186.8 MB stored; 3.4 s; peak memory 163 MiB.
2026-10-10T14:17:29Z INFO [86/1000] 7b6aeea7-296b-44ec-94c9-908b269c4827: 118 arrays, 0.4 MB stored; 2.0 s; peak memory 163 MiB.
2026-10-10T14:17:30Z INFO [87/1000] 7b6a667c-aa2e-4f58-97d8-bdb72c60a2f5: 69 arrays, 4.0 MB stored; 2.7 s; peak memory 163 MiB.
2026-10-10T14:17:30Z INFO [88/1000] 7b6b1395-b4b0-4ce8-8b48-cf759eca64c2: 48 arrays, 83.9 MB stored; 1.8 s; peak memory 163 MiB.
2026-10-10T14:17:32Z INFO [89/1000] 7b6c232a-6b7e-489c-96e6-6529cbcb2187: 46 arrays, 0.1 MB stored; 1.5 s; peak memory 163 MiB.
2026-10-10T14:17:32Z INFO [90/1000] 7b5f3cab-d7a8-4159-9a32-d896305663e8: 41 arrays, 519.6 MB stored; 17.3 s; peak memory 163 MiB.
2026-10-10T14:17:32Z INFO [91/1000] 7b6c0282-ad1f-4fce-b671-3b6ddf9ad33a: 66 arrays, 80.5 MB stored; 2.8 s; peak memory 163 MiB.
2026-10-10T14:17:33Z INFO [92/1000] 7b6c2f08-5698-4a56-a327-d78fd38f1e1d: 53 arrays, 0.0 MB stored; 1.4 s; peak memory 163 MiB.
2026-10-10T14:17:35Z INFO [93/1000] 7b6d33e0-27dc-4feb-aaa2-72ea30f4b9d1: 71 arrays, 93.2 MB stored; 2.7 s; peak memory 163 MiB.
2026-10-10T14:17:35Z INFO [94/1000] 7b6d87e5-a1cb-4622-830b-46fc90effbf0: 69 arrays, 1.9 MB stored; 2.3 s; peak memory 163 MiB.
2026-10-10T14:17:35Z INFO [95/1000] 7b6b9414-5db1-4850-8c9d-5d62df6a0885: 540 arrays, 4.8 MB stored; 5.9 s; peak memory 163 MiB.
2026-10-10T14:17:36Z INFO [96/1000] 7b6d2b67-9445-4b1b-a59b-454274dafa96: 157 arrays, 567.8 MB stored; 4.0 s; peak memory 163 MiB.
2026-10-10T14:17:37Z INFO [97/1000] 7b6dcc79-1dda-4130-b13a-e554f4093bf7: 63 arrays, 0.1 MB stored; 2.0 s; peak memory 163 MiB.
2026-10-10T14:17:38Z INFO [98/1000] 7b6db485-037f-4427-82cc-f935e28b3d36: 45 arrays, 10.9 MB stored; 2.3 s; peak memory 163 MiB.
2026-10-10T14:17:40Z INFO [99/1000] 7b6e78a1-d724-40cd-bbdc-5aba1feb9623: 112 arrays, 0.7 MB stored; 2.4 s; peak memory 163 MiB.
2026-10-10T14:17:40Z INFO [100/1000] 7b701f97-9b79-4bba-b298-a1d65a406b64: 112 arrays, 0.5 MB stored; 2.2 s; peak memory 163 MiB.
2026-10-10T14:17:40Z INFO [101/1000] 7b6e4e1f-9de8-4e33-a284-2fbd8ac67c27: 153 arrays, 3.3 MB stored; 4.2 s; peak memory 163 MiB.
2026-10-10T14:17:40Z INFO [102/1000] 7b6b7ec9-8a8e-4430-b63c-12be7ebb4b9b: 828 arrays, 32.4 MB stored; 11.4 s; peak memory 163 MiB.
2026-10-10T14:17:42Z INFO [103/1000] 7b712f03-ec8f-4186-b4f4-77e0f39afa94: 48 arrays, 83.9 MB stored; 1.8 s; peak memory 163 MiB.
2026-10-10T14:17:42Z INFO [104/1000] 7b7149c4-87a6-4075-a013-c61c5ff55d46: 122 arrays, 0.3 MB stored; 1.8 s; peak memory 163 MiB.
2026-10-10T14:17:42Z INFO [105/1000] 7b657d2f-5088-4620-af9b-295b6f11ee84: 48 arrays, 34562.3 MB stored; 21.8 s; peak memory 163 MiB.
2026-10-10T14:17:44Z INFO [106/1000] 7b72dcea-ad19-4717-b113-5fad432b433a: 45 arrays, 0.0 MB stored; 1.6 s; peak memory 163 MiB.
2026-10-10T14:17:45Z INFO [107/1000] 7b6d9d13-381f-44d1-8206-b926f346f47c: 757 arrays, 31.3 MB stored; 9.7 s; peak memory 163 MiB.
2026-10-10T14:17:46Z INFO [108/1000] 7b72f13d-ffb0-4a46-bac0-06a84d1676aa: 38 arrays, 59.6 MB stored; 3.4 s; peak memory 163 MiB.
2026-10-10T14:17:46Z INFO [109/1000] 7b731fb1-7ee3-4659-afe8-f1fa443376e6: 71 arrays, 39.6 MB stored; 2.7 s; peak memory 163 MiB.
2026-10-10T14:17:47Z INFO [110/1000] 7b741650-28d1-4a18-b9ea-28e1687fc079: 48 arrays, 83.9 MB stored; 1.8 s; peak memory 163 MiB.
2026-10-10T14:17:47Z INFO [111/1000] 7b7083b8-be6c-476f-ae36-7be9309e1a69: 537 arrays, 6.6 MB stored; 7.0 s; peak memory 163 MiB.
2026-10-10T14:17:48Z INFO [112/1000] 7b74a79b-639b-4c0d-ac0b-6d3818bdb5e6: 48 arrays, 83.9 MB stored; 1.9 s; peak memory 163 MiB.
2026-10-10T14:17:49Z INFO [113/1000] 7b75354a-7a56-44cf-907b-e1a40739c4ea: 275 arrays, 17.1 MB stored; 2.4 s; peak memory 163 MiB.
2026-10-10T14:17:49Z INFO [114/1000] 7b754781-cd12-4668-a0c7-4ab374b88872: 47 arrays, 51.0 MB stored; 2.4 s; peak memory 163 MiB.
2026-10-10T14:17:50Z INFO [115/1000] 7b75ac5f-929b-407a-b805-87d3e50d3354: 247 arrays, 17.1 MB stored; 2.2 s; peak memory 163 MiB.
2026-10-10T14:17:51Z INFO [116/1000] 7b772e97-a6fe-4624-9854-bd18cb099e2a: 118 arrays, 0.3 MB stored; 2.1 s; peak memory 163 MiB.
2026-10-10T14:17:51Z INFO [117/1000] 7b7790a6-f0d8-4803-a2c2-6434bd49c9e4: 58 arrays, 0.0 MB stored; 1.5 s; peak memory 163 MiB.
2026-10-10T14:17:53Z INFO [118/1000] 7b7673de-e9e6-4b99-a9f5-afff20632f85: 85 arrays, 923.4 MB stored; 4.2 s; peak memory 163 MiB.
2026-10-10T14:17:53Z INFO [119/1000] 7b709e18-db33-4f6a-a185-1d51035da57e: 451 arrays, 725.3 MB stored; 13.3 s; peak memory 163 MiB.
2026-10-10T14:17:54Z INFO [120/1000] 7b784ac1-d119-4420-88a9-6041ddef407e: 66 arrays, 64.1 MB stored; 2.4 s; peak memory 163 MiB.
2026-10-10T14:17:54Z INFO [121/1000] 7b7573a3-efa9-4fce-95df-5f938a1e6a69: 238 arrays, 77.5 MB stored; 7.7 s; peak memory 163 MiB.
2026-10-10T14:17:55Z INFO [122/1000] 7b79644f-fdd3-440b-86da-99d6d7a83ddd: 48 arrays, 83.9 MB stored; 1.9 s; peak memory 163 MiB.
2026-10-10T14:17:55Z INFO [123/1000] 7b790ad0-fcba-4a45-9bc5-7ad968318d7c: 42 arrays, 14625.1 MB stored; 2.0 s; peak memory 163 MiB.
2026-10-10T14:17:55Z INFO [124/1000] 7b7ac7e9-5d32-4d9c-bb8e-831bc9983311: 48 arrays, 83.9 MB stored; 1.6 s; peak memory 163 MiB.
2026-10-10T14:17:56Z INFO [125/1000] 7b54fbf0-8ef0-4652-97ff-d1787b320ae9: 8225 arrays, 181.3 MB stored; 58.6 s; peak memory 163 MiB.
2026-10-10T14:17:56Z INFO [126/1000] 7b7b3b51-21a6-4e0f-8183-989a531a81db: 117 arrays, 0.4 MB stored; 2.0 s; peak memory 163 MiB.
2026-10-10T14:17:57Z INFO [127/1000] 7b7c5741-fb8f-4b3b-9619-eaeadb3e03ab: 57 arrays, 0.0 MB stored; 1.5 s; peak memory 163 MiB.
2026-10-10T14:17:57Z INFO [128/1000] 7b7bcc3a-2709-40b0-812e-ae6b81d2541d: 48 arrays, 83.9 MB stored; 1.9 s; peak memory 163 MiB.
2026-10-10T14:17:57Z INFO [129/1000] 7b7b4e58-20be-4708-a6d1-5186ce9fd073: 77 arrays, 0.6 MB stored; 2.3 s; peak memory 163 MiB.
2026-10-10T14:17:58Z INFO [130/1000] 7b7c9fd2-9abc-41e4-9aca-47380c1fa81b: 46 arrays, 0.2 MB stored; 1.5 s; peak memory 163 MiB.
2026-10-10T14:17:58Z INFO [131/1000] 7b7d33fd-54b1-452c-bd29-556cb948aca7: 121 arrays, 0.1 MB stored; 2.0 s; peak memory 163 MiB.
2026-10-10T14:17:59Z INFO [132/1000] 7b7d5242-a287-4a90-85d8-24681171dbbd: 48 arrays, 83.9 MB stored; 1.8 s; peak memory 163 MiB.
2026-10-10T14:17:59Z INFO [133/1000] 7b7d6585-af05-4a56-b648-ae01734ab243: 48 arrays, 83.9 MB stored; 1.8 s; peak memory 163 MiB.
2026-10-10T14:18:00Z INFO [134/1000] 7b7e2e7c-17cf-4075-bdaa-815926925c20: 49 arrays, 684.7 MB stored; 2.6 s; peak memory 163 MiB.
2026-10-10T14:18:00Z INFO [135/1000] 7b7ecbcd-0603-4eba-aa19-57b2f3f20790: 92 arrays, 6.5 MB stored; 1.8 s; peak memory 163 MiB.
2026-10-10T14:18:00Z INFO [136/1000] 7b7ef174-57e6-4836-b2b5-c077566a097c: 48 arrays, 83.9 MB stored; 1.8 s; peak memory 163 MiB.
2026-10-10T14:18:01Z INFO [137/1000] 7b7fb766-6617-4871-bdd3-4ac634b2f4e9: 52 arrays, 14.5 MB stored; 1.9 s; peak memory 163 MiB.
2026-10-10T14:18:01Z INFO [138/1000] 7b7fbdf2-67b7-45dd-9a30-02a5e637a891: 38 arrays, 0.5 MB stored; 1.6 s; peak memory 163 MiB.
2026-10-10T14:18:02Z INFO [139/1000] 7b7ffdd1-539b-44ad-8ef2-ba05f97e8239: 63 arrays, 0.1 MB stored; 1.6 s; peak memory 163 MiB.
2026-10-10T14:18:03Z INFO [140/1000] 7b80b569-7bcb-41da-858e-36040b6f788e: 117 arrays, 0.3 MB stored; 2.1 s; peak memory 163 MiB.
2026-10-10T14:18:04Z INFO [141/1000] 7b80ffbf-228a-4786-a7b5-64b4f962c067: 71 arrays, 3.0 MB stored; 2.4 s; peak memory 163 MiB.
2026-10-10T14:18:07Z INFO [142/1000] 7b82292a-d38c-48c1-b830-44dc1d30ed15: 115 arrays, 186.8 MB stored; 3.5 s; peak memory 163 MiB.
2026-10-10T14:18:09Z INFO [143/1000] 7b822b70-03db-48e3-a7e8-26dba3fe1572: 116 arrays, 0.5 MB stored; 2.0 s; peak memory 163 MiB.
2026-10-10T14:18:09Z INFO [144/1000] 7b7ec123-c78f-493d-8a29-bdcf5ca452c9: 9087 arrays, 423.7 MB stored; 11.9 s; peak memory 163 MiB.
2026-10-10T14:18:11Z INFO [145/1000] 7b81c9f8-24c0-426e-a9cc-66bc3b20c55b: 56 arrays, 157.2 MB stored; 9.2 s; peak memory 163 MiB.
2026-10-10T14:18:11Z INFO [146/1000] 7b826b8f-5989-427b-8470-b326bd306448: 46 arrays, 3.5 MB stored; 1.7 s; peak memory 163 MiB.
2026-10-10T14:18:11Z INFO [147/1000] 7b8078c9-a3d0-4d96-9fd3-cf970a3ddc80: 2410 arrays, 25.0 MB stored; 10.7 s; peak memory 163 MiB.
2026-10-10T14:18:13Z INFO [148/1000] 7b8295c7-5a42-482c-a756-ded910a8c83c: 52 arrays, 16.5 MB stored; 2.0 s; peak memory 163 MiB.
2026-10-10T14:18:15Z INFO [149/1000] 7b833889-bf76-44d2-b30b-be1ed655d64a: 85 arrays, 1400.1 MB stored; 4.3 s; peak memory 163 MiB.
2026-10-10T14:18:16Z INFO [150/1000] 7b8398a3-812b-4afa-911c-f4c93464ca43: 64 arrays, 21.0 MB stored; 2.6 s; peak memory 163 MiB.
2026-10-10T14:18:17Z INFO [151/1000] 7b83ab46-3e10-4bba-886a-520192728f04: 48 arrays, 83.9 MB stored; 1.7 s; peak memory 163 MiB.
2026-10-10T14:18:17Z INFO [152/1000] 7b843f3a-4695-4fc9-97b5-953f9b562326: 48 arrays, 83.9 MB stored; 1.7 s; peak memory 163 MiB.
2026-10-10T14:18:19Z INFO [153/1000] 7b855b6b-aa14-4dea-933c-9add9deedbaa: 116 arrays, 0.3 MB stored; 1.9 s; peak memory 163 MiB.
2026-10-10T14:18:21Z INFO [154/1000] 7b856a1a-bf46-486b-9756-c0c8f3e4f382: 48 arrays, 83.9 MB stored; 1.7 s; peak memory 163 MiB.
2026-10-10T14:18:22Z INFO [155/1000] 7b826dfb-3344-469b-8e76-316f04d99d71: 50 arrays, 517.2 MB stored; 12.2 s; peak memory 163 MiB.
2026-10-10T14:18:24Z INFO [156/1000] 7b83727a-76a3-4611-970b-bae567100657: 869 arrays, 31.3 MB stored; 12.3 s; peak memory 163 MiB.
2026-10-10T14:18:27Z INFO [157/1000] 7b8704a7-b77e-41e6-9ea1-00abef7cc4fc: 116 arrays, 187.1 MB stored; 3.7 s; peak memory 163 MiB.
2026-10-10T14:18:27Z INFO [158/1000] 7b81cb3d-8c59-4445-bb9a-9869307803e2: 48 arrays, 40581.0 MB stored; 24.7 s; peak memory 163 MiB.
2026-10-10T14:18:29Z INFO [159/1000] 7b87356f-51ca-4811-81b3-89bcdbaa4690: 36 arrays, 5.2 MB stored; 1.7 s; peak memory 163 MiB.
2026-10-10T14:18:29Z INFO [160/1000] 7b87420c-e50c-4843-8bb0-ac2a18aa3af7: 39 arrays, 8.5 MB stored; 1.9 s; peak memory 163 MiB.
2026-10-10T14:18:30Z INFO [161/1000] 7b86cb95-8d23-4316-b095-f5a3f47139c1: 599 arrays, 6.5 MB stored; 8.3 s; peak memory 163 MiB.
2026-10-10T14:18:31Z INFO [162/1000] 7b8795e6-4a47-4751-b589-7c9aa2ff1a12: 48 arrays, 83.9 MB stored; 1.8 s; peak memory 163 MiB.
2026-10-10T14:18:31Z INFO [163/1000] 7b8813f0-f2de-4196-b737-c6a325e31b05: 48 arrays, 83.9 MB stored; 1.9 s; peak memory 163 MiB.
2026-10-10T14:18:32Z INFO [164/1000] 7b88bcd8-8c6a-4ac8-bd9f-ec9d32483752: 52 arrays, 11.6 MB stored; 2.0 s; peak memory 163 MiB.
2026-10-10T14:18:33Z INFO [165/1000] 7b8a698d-1f54-4b8c-ac7f-cbcc444883bf: 117 arrays, 0.3 MB stored; 2.0 s; peak memory 163 MiB.
2026-10-10T14:18:35Z INFO [166/1000] 7b8c549b-0c31-469b-b0d2-87b4c6684e9b: 52 arrays, 9.6 MB stored; 1.9 s; peak memory 163 MiB.
2026-10-10T14:18:35Z INFO [167/1000] 7b85c05d-7810-4569-94fb-2a0b2d69c153: 478 arrays, 3047.6 MB stored; 14.5 s; peak memory 163 MiB.
2026-10-10T14:18:35Z INFO [168/1000] 7b8a24a4-b5e9-46fc-8e76-5cc2ef17b151: 156 arrays, 193.5 MB stored; 4.6 s; peak memory 163 MiB.
2026-10-10T14:18:37Z INFO [169/1000] 7b8e50d4-6485-471e-9a15-95e2750775d6: 112 arrays, 0.3 MB stored; 1.8 s; peak memory 163 MiB.
2026-10-10T14:18:37Z INFO [170/1000] 7b8d7bb4-c22c-4fc1-82c9-ed1257d0b51e: 117 arrays, 0.3 MB stored; 2.2 s; peak memory 163 MiB.
2026-10-10T14:18:37Z INFO [171/1000] 7b8e7575-9c68-4be2-9f88-9c8e059f4a0a: 117 arrays, 0.3 MB stored; 2.1 s; peak memory 163 MiB.
2026-10-10T14:18:39Z INFO [172/1000] 7b8f66aa-b9f3-4ed1-be1e-5f9ea18e15c7: 48 arrays, 83.9 MB stored; 1.8 s; peak memory 163 MiB.
2026-10-10T14:18:40Z INFO [173/1000] 7b8eb828-e8fb-4310-a45d-b6c512d87576: 70 arrays, 19.0 MB stored; 2.4 s; peak memory 163 MiB.
2026-10-10T14:18:40Z INFO [174/1000] 7b8ef87a-a8ee-4050-b07b-3fb2f89986fb: 110 arrays, 691.9 MB stored; 2.8 s; peak memory 163 MiB.
2026-10-10T14:18:41Z INFO [175/1000] 7b8faf38-1cea-45ed-942a-bf7ae91fd3de: 48 arrays, 83.9 MB stored; 1.8 s; peak memory 163 MiB.
2026-10-10T14:18:41Z INFO [176/1000] 7b8f6c86-f323-49e6-a086-c079494bf827: 66 arrays, 95.5 MB stored; 2.3 s; peak memory 163 MiB.
2026-10-10T14:18:42Z INFO [177/1000] 7b8fbe0d-7d29-461f-8b4c-dacf41fd8f05: 112 arrays, 0.1 MB stored; 1.9 s; peak memory 163 MiB.
2026-10-10T14:18:44Z INFO [178/1000] 7b8fea6c-5095-425f-a0c2-dc712e2babb8: 112 arrays, 0.5 MB stored; 2.4 s; peak memory 163 MiB.
2026-10-10T14:18:44Z INFO [179/1000] 7b910a39-1a90-42b2-88f4-c7f4cb5258da: 112 arrays, 0.8 MB stored; 2.4 s; peak memory 163 MiB.
2026-10-10T14:18:46Z INFO [180/1000] 7b915962-cfab-439e-8bf4-b860ba28695d: 72 arrays, 0.1 MB stored; 2.0 s; peak memory 163 MiB.
2026-10-10T14:18:48Z INFO [181/1000] 7b92755a-3b8f-44b7-9353-ee229f433b7f: 42 arrays, 60.8 MB stored; 1.8 s; peak memory 163 MiB.
2026-10-10T14:18:49Z INFO [182/1000] 7b92fbd2-0930-49e5-a7f0-50ff76da0cad: 48 arrays, 83.9 MB stored; 1.7 s; peak memory 163 MiB.
2026-10-10T14:18:50Z INFO [183/1000] 7b90168a-a65a-4752-aaba-9a7b0e4b85b3: 609 arrays, 22.0 MB stored; 8.8 s; peak memory 163 MiB.
2026-10-10T14:18:52Z INFO [184/1000] 7b930cd7-cef0-40ec-bf34-8001e00e3312: 275 arrays, 17.2 MB stored; 2.4 s; peak memory 163 MiB.
2026-10-10T14:18:53Z INFO [185/1000] 7b919810-2d93-4bda-b9cb-02a2b647f887: 219 arrays, 590.3 MB stored; 8.4 s; peak memory 163 MiB.
2026-10-10T14:18:54Z INFO [186/1000] 7b8bcb91-31db-4ba6-92c7-8105f1e00c73: 1236 arrays, 29.8 MB stored; 21.6 s; peak memory 163 MiB.
2026-10-10T14:18:56Z INFO [187/1000] 7b937162-87c1-4e7b-aefd-b90ebfb79abb: 118 arrays, 0.2 MB stored; 2.0 s; peak memory 163 MiB.
2026-10-10T14:19:09Z INFO [188/1000] 7b932ad2-9097-4bde-aa43-042fd353fb84: 5681 arrays, 1298.5 MB stored; 18.6 s; peak memory 163 MiB.
2026-10-10T14:19:11Z INFO [189/1000] 7b93d108-5271-4a90-86b8-c1f419cf7c6b: 71 arrays, 50.7 MB stored; 2.6 s; peak memory 163 MiB.
2026-10-10T14:19:13Z INFO [190/1000] 7b947c28-f323-4203-bd69-0c945952fa7a: 42 arrays, 15075.4 MB stored; 1.9 s; peak memory 163 MiB.
2026-10-10T14:19:15Z INFO [191/1000] 7b949699-c47f-4115-be55-680074db745b: 59 arrays, 119.9 MB stored; 2.1 s; peak memory 163 MiB.
2026-10-10T14:19:17Z INFO [192/1000] 7b94c90f-7a0a-4b81-a16a-4b5d22808e81: 42 arrays, 1.4 MB stored; 2.0 s; peak memory 163 MiB.
2026-10-10T14:19:18Z INFO [193/1000] 7b939aa7-afbf-4b25-8311-b154ec5758ee: 48 arrays, 37323.2 MB stored; 21.9 s; peak memory 163 MiB.
2026-10-10T14:19:19Z INFO [194/1000] 7b935f4a-fbd2-438b-a377-960c982b91f6: 328 arrays, 125.2 MB stored; 26.2 s; peak memory 163 MiB.
2026-10-10T14:19:19Z INFO [195/1000] 7b94e7cc-22c4-4f4e-bd31-6db183220cbe: 45 arrays, 0.0 MB stored; 1.7 s; peak memory 163 MiB.
2026-10-10T14:19:20Z INFO [196/1000] 7b96096d-8d9a-4a0c-a6bb-5a252afe4c91: 69 arrays, 1.9 MB stored; 2.0 s; peak memory 163 MiB.
2026-10-10T14:19:21Z INFO [197/1000] 7b96434c-5d9f-4153-8f74-d71b93331a04: 48 arrays, 83.9 MB stored; 1.9 s; peak memory 163 MiB.
2026-10-10T14:19:21Z INFO [198/1000] 7b966e72-9b78-4204-a0cc-3eecdf25ee77: 48 arrays, 83.9 MB stored; 1.8 s; peak memory 163 MiB.
2026-10-10T14:19:22Z INFO [199/1000] 7b96d345-2912-4730-8926-3fee982eb73c: 48 arrays, 83.9 MB stored; 1.7 s; peak memory 163 MiB.
2026-10-10T14:19:24Z INFO [200/1000] 7b972695-80c2-43e4-8551-ceae56f91f74: 46 arrays, 0.2 MB stored; 1.6 s; peak memory 163 MiB.
2026-10-10T14:19:24Z INFO [200/1000] 7b972695-80c2-43e4-8551-ceae56f91f74: checkpointed 200 new records.
2026-10-10T14:19:25Z INFO [201/1000] 7b9678ec-031e-4949-96ba-4ef22a202cf3: 50 arrays, 125.6 MB stored; 5.1 s; peak memory 163 MiB.
2026-10-10T14:19:27Z INFO [202/1000] 7b978099-95a5-45fd-9530-3a50ca0a1308: 117 arrays, 0.5 MB stored; 2.1 s; peak memory 163 MiB.
2026-10-10T14:19:28Z INFO [203/1000] 7b96e3ac-73f9-4161-ae03-6635d2ce4789: 44 arrays, 2971.1 MB stored; 7.5 s; peak memory 163 MiB.
2026-10-10T14:19:29Z INFO [204/1000] 7b97ae68-5d10-4580-b1ba-8f9b537f2038: 117 arrays, 0.3 MB stored; 2.0 s; peak memory 163 MiB.
2026-10-10T14:19:30Z INFO [205/1000] 7b9805b1-1fac-4cb7-883c-7bc93c282ce5: 48 arrays, 83.9 MB stored; 1.8 s; peak memory 163 MiB.
2026-10-10T14:19:32Z INFO [206/1000] 7b990f70-1137-4465-a697-eddc12f4907d: 117 arrays, 0.4 MB stored; 2.0 s; peak memory 163 MiB.
2026-10-10T14:19:36Z INFO [207/1000] 7b976979-ee42-4814-8c59-9f1515822578: 106 arrays, 19574.8 MB stored; 11.5 s; peak memory 163 MiB.
2026-10-10T14:19:36Z INFO [208/1000] 7b993da5-b59a-4487-9d9b-0dbd2ff842bb: 85 arrays, 1510.5 MB stored; 3.9 s; peak memory 163 MiB.
2026-10-10T14:19:38Z INFO [209/1000] 7b98fddf-022c-4a8a-ba60-182737fc772d: 538 arrays, 8.3 MB stored; 9.1 s; peak memory 163 MiB.
2026-10-10T14:19:39Z INFO [210/1000] 7b9a2d6d-b924-44e1-af9c-24af23cde457: 126 arrays, 0.8 MB stored; 3.2 s; peak memory 163 MiB.
2026-10-10T14:19:40Z INFO [211/1000] 7b9aa12a-5de4-445b-87ab-91d3544dee50: 117 arrays, 0.3 MB stored; 2.1 s; peak memory 163 MiB.
2026-10-10T14:19:41Z INFO [212/1000] 7b9b5b80-ff6b-4f36-82ef-dcee06493722: 45 arrays, 0.0 MB stored; 1.4 s; peak memory 163 MiB.
2026-10-10T14:19:42Z INFO [213/1000] 7b9b46ba-1564-4e94-a68c-72763fc2e702: 112 arrays, 0.8 MB stored; 2.6 s; peak memory 163 MiB.
2026-10-10T14:19:43Z INFO [214/1000] 7b9c0ed5-30ca-4410-aec5-83648f0356c1: 48 arrays, 83.9 MB stored; 1.7 s; peak memory 163 MiB.
2026-10-10T14:19:44Z INFO [215/1000] 7b9c7fda-0341-418c-8ba0-ed614908da10: 48 arrays, 83.9 MB stored; 1.8 s; peak memory 163 MiB.
2026-10-10T14:19:45Z INFO [216/1000] 7b9c9347-1e69-4c1f-8027-d34556ad6fcc: 116 arrays, 0.4 MB stored; 2.2 s; peak memory 163 MiB.
2026-10-10T14:19:47Z INFO [217/1000] 7b9ef97a-9b9c-4a91-9a13-64f509a557fb: 84 arrays, 1.2 MB stored; 2.1 s; peak memory 163 MiB.
2026-10-10T14:19:48Z INFO [218/1000] 7b9d6bd7-a320-4541-91a7-6b2560d895cd: 116 arrays, 187.1 MB stored; 3.9 s; peak memory 163 MiB.
2026-10-10T14:19:49Z INFO [219/1000] 7b9efd23-270c-45f7-b9bc-63dca6463d41: 117 arrays, 0.3 MB stored; 1.9 s; peak memory 163 MiB.
2026-10-10T14:19:51Z INFO [220/1000] 7b9f8791-b8e9-4c6a-b01f-8f578ff802e9: 48 arrays, 83.9 MB stored; 1.7 s; peak memory 163 MiB.
2026-10-10T14:19:53Z INFO [221/1000] 7b9fd165-35cf-4158-9894-c653abbee71a: 48 arrays, 83.9 MB stored; 1.7 s; peak memory 163 MiB.
2026-10-10T14:19:54Z INFO [222/1000] 7ba0046d-5ea6-4d1e-a3d2-bf578128701e: 41 arrays, 8.4 MB stored; 1.7 s; peak memory 163 MiB.
2026-10-10T14:19:55Z INFO [223/1000] 7b9f836f-fee5-4190-9fd9-d0662592ce97: 196 arrays, 807.3 MB stored; 7.7 s; peak memory 163 MiB.
2026-10-10T14:19:57Z INFO [224/1000] 7ba0365b-3837-4ce4-bb22-f5adee34644d: 69 arrays, 1.5 MB stored; 2.2 s; peak memory 163 MiB.
2026-10-10T14:19:58Z INFO [225/1000] 7ba0d2f3-f772-4abb-b28a-9c4e4e86345a: 66 arrays, 140.9 MB stored; 2.9 s; peak memory 163 MiB.
2026-10-10T14:19:59Z INFO [226/1000] 7ba17e82-c4db-4a0d-bc5b-9560e24f11b1: 117 arrays, 0.4 MB stored; 2.1 s; peak memory 163 MiB.
2026-10-10T14:20:00Z INFO [227/1000] 7ba1996b-af1c-4cbc-85a8-ebc4640213da: 48 arrays, 83.9 MB stored; 1.7 s; peak memory 163 MiB.
2026-10-10T14:20:00Z INFO [228/1000] 7ba2923e-8c5a-4d3d-b7c1-a34c9fab8b9d: 48 arrays, 83.9 MB stored; 1.6 s; peak memory 163 MiB.
2026-10-10T14:20:02Z INFO [229/1000] 7ba382e6-76d0-4e82-af63-d9989689bbec: 68 arrays, 0.4 MB stored; 1.9 s; peak memory 163 MiB.
2026-10-10T14:20:17Z INFO [230/1000] 7ba47cd3-06fc-45e8-b6d7-a671dcc5087e: 326 arrays, 1329.2 MB stored; 14.7 s; peak memory 163 MiB.
2026-10-10T14:20:18Z INFO [231/1000] 7ba50a5e-e208-4edd-9f44-864ff0f92fdf: 46 arrays, 0.1 MB stored; 1.4 s; peak memory 163 MiB.
2026-10-10T14:20:21Z INFO [232/1000] 7ba54ad4-b181-4c4e-9a3d-0ad9a7a8b5b6: 69 arrays, 39.5 MB stored; 2.4 s; peak memory 163 MiB.
2026-10-10T14:20:22Z INFO [233/1000] 7ba54c9b-df66-41e9-bcfe-60a2ed0432b9: 46 arrays, 0.1 MB stored; 1.5 s; peak memory 163 MiB.
2026-10-10T14:20:24Z INFO [234/1000] 7ba5af7e-f181-40f6-93f2-cfc0e6953067: 33 arrays, 0.0 MB stored; 1.5 s; peak memory 163 MiB.
2026-10-10T14:20:26Z INFO [235/1000] 7ba5d600-b9c7-42fd-ad02-8b1b483e606e: 39 arrays, 4.1 MB stored; 2.0 s; peak memory 163 MiB.
2026-10-10T14:20:27Z INFO [236/1000] 7ba672d2-1f97-4146-b85e-2498e70ddcd8: 38 arrays, 0.5 MB stored; 1.5 s; peak memory 163 MiB.
2026-10-10T14:20:29Z INFO [237/1000] 7ba68a79-c28c-4fc0-b7f3-0fbc3d00247a: 112 arrays, 0.3 MB stored; 2.1 s; peak memory 163 MiB.
2026-10-10T14:20:41Z INFO [238/1000] 7b855730-eccd-43a4-b758-68e5454e35f7: 414 arrays, 22243.5 MB stored; 143.8 s; peak memory 163 MiB.
2026-10-10T14:20:51Z INFO [239/1000] 7ba6e58d-b424-4981-844f-94c305d1a02a: 816 arrays, 16307.4 MB stored; 21.5 s; peak memory 163 MiB.
2026-10-10T14:20:53Z INFO [240/1000] 7ba74bd3-0e74-4c15-9bf3-613727700f19: 118 arrays, 0.3 MB stored; 2.0 s; peak memory 163 MiB.
2026-10-10T14:20:55Z INFO [241/1000] 7ba7a36c-1625-4ac0-bc7a-aaf6256be453: 65 arrays, 27.2 MB stored; 2.2 s; peak memory 163 MiB.
2026-10-10T14:20:56Z INFO [242/1000] 7ba7b9c7-ddb2-4c77-9466-0b8fa4e5486c: 48 arrays, 83.9 MB stored; 1.7 s; peak memory 163 MiB.
2026-10-10T14:20:58Z INFO [243/1000] 7ba7cb5e-98cc-4e50-aad2-5b5be83e74fa: 48 arrays, 83.9 MB stored; 1.7 s; peak memory 163 MiB.
2026-10-10T14:20:59Z INFO [244/1000] 7b9353a9-6d97-4b79-a978-099d7c8b4d74: 269 arrays, 20733.8 MB stored; 127.7 s; peak memory 163 MiB.
2026-10-10T14:21:01Z INFO [245/1000] 7ba967d2-16da-4e94-8694-d66948a62841: 112 arrays, 0.4 MB stored; 2.2 s; peak memory 163 MiB.
2026-10-10T14:21:04Z INFO [246/1000] 7ba863f5-86bb-48d3-93cc-ebf3b943f2a0: 92 arrays, 105.4 MB stored; 5.7 s; peak memory 163 MiB.
2026-10-10T14:21:06Z INFO [247/1000] 7ba992c1-a9ea-4728-95d0-f0652d226e57: 203 arrays, 0.0 MB stored; 1.7 s; peak memory 163 MiB.
2026-10-10T14:21:14Z INFO [248/1000] 7ba98159-2141-4f76-b026-a104e88ca5ce: 834 arrays, 32.3 MB stored; 12.8 s; peak memory 163 MiB.
2026-10-10T14:21:16Z INFO [249/1000] 7baac2e0-8afc-44c6-8e6b-be5e1245d102: 48 arrays, 83.9 MB stored; 1.7 s; peak memory 163 MiB.
2026-10-10T14:21:19Z INFO [250/1000] 7bab7673-306d-48ce-a24d-52dfa504e319: 74 arrays, 3.3 MB stored; 2.6 s; peak memory 163 MiB.
2026-10-10T14:21:20Z INFO [251/1000] 7bab7ec7-fbbd-4d78-998a-9b1f1d4d5711: 33 arrays, 0.0 MB stored; 1.4 s; peak memory 163 MiB.
2026-10-10T14:21:21Z INFO [252/1000] 7bab85eb-b87e-49eb-ba2c-9634dcfe0fed: 45 arrays, 0.0 MB stored; 1.4 s; peak memory 163 MiB.
2026-10-10T14:21:45Z INFO [253/1000] 7b997083-0cd8-474c-a1ca-cffd482b574a: 167 arrays, 21221.3 MB stored; 129.1 s; peak memory 163 MiB.
2026-10-10T14:21:47Z INFO [254/1000] 7babaaf6-779e-4be7-b8ba-f0f6bac86b76: 1599 arrays, 31.7 MB stored; 25.3 s; peak memory 163 MiB.
2026-10-10T14:21:52Z INFO [255/1000] 7babe7ba-c443-4615-809f-948c883e04af: 564 arrays, 6.5 MB stored; 5.4 s; peak memory 163 MiB.
2026-10-10T14:21:54Z INFO [256/1000] 7bac4186-8ab6-4631-bd03-f05914e634a1: 275 arrays, 17.1 MB stored; 2.4 s; peak memory 163 MiB.
2026-10-10T14:21:56Z INFO [257/1000] 7bac9602-b11e-4a89-b654-d8198bb27c57: 48 arrays, 83.9 MB stored; 1.8 s; peak memory 163 MiB.
2026-10-10T14:21:57Z INFO [258/1000] 7ba459fd-21fe-4900-849f-4874257bd9e3: 394 arrays, 31574.6 MB stored; 116.5 s; peak memory 163 MiB.
2026-10-10T14:21:58Z INFO [259/1000] 7bace887-8794-4569-9100-34680831f7c7: 51 arrays, 0.0 MB stored; 1.4 s; peak memory 163 MiB.
2026-10-10T14:21:59Z INFO [260/1000] 7bae9502-da4a-4240-a25a-896e51199bb6: 62 arrays, 4213.4 MB stored; 2.1 s; peak memory 163 MiB.
2026-10-10T14:22:01Z INFO [261/1000] 7babb303-d6b1-411e-bce3-b7dc16a7c7bf: 38 arrays, 446.7 MB stored; 16.6 s; peak memory 163 MiB.
2026-10-10T14:22:02Z INFO [262/1000] 7b781e02-97d9-47cb-9aa3-9853808b5c4d: 453 arrays, 43303.7 MB stored; 251.0 s; peak memory 163 MiB.
2026-10-10T14:22:03Z INFO [263/1000] 7bb14f93-1546-4f49-901e-759e35ab3dfe: 48 arrays, 83.9 MB stored; 1.8 s; peak memory 163 MiB.
2026-10-10T14:22:04Z INFO [264/1000] 7bb15abf-4a99-4af2-ba65-a22bb6928e5b: 48 arrays, 83.9 MB stored; 1.8 s; peak memory 163 MiB.
2026-10-10T14:22:07Z INFO [265/1000] 7bb0039c-f4fe-46b3-97d0-8f82a9a390cd: 229 arrays, 1241.6 MB stored; 7.8 s; peak memory 163 MiB.
2026-10-10T14:22:09Z INFO [266/1000] 7bafc8a8-ea37-4d66-94bf-782dea13bc97: 394 arrays, 310.9 MB stored; 11.0 s; peak memory 163 MiB.
2026-10-10T14:22:09Z INFO [267/1000] 7bb38962-ac5d-450d-b651-3df5b3c206f9: 116 arrays, 0.2 MB stored; 1.9 s; peak memory 163 MiB.
2026-10-10T14:22:10Z INFO [268/1000] 7bb41920-21ec-4e70-b7e2-7ad0965e7140: 46 arrays, 0.9 MB stored; 1.8 s; peak memory 163 MiB.
2026-10-10T14:22:11Z INFO [269/1000] 7bb4f516-6d43-4c94-a292-cf8709b5a516: 112 arrays, 0.8 MB stored; 2.5 s; peak memory 163 MiB.
2026-10-10T14:22:13Z INFO [270/1000] 7bb5eef1-552c-49bf-9549-928f4da5320e: 117 arrays, 0.4 MB stored; 2.1 s; peak memory 163 MiB.
2026-10-10T14:22:13Z INFO [271/1000] 7bb62fea-7cb6-485b-9ad7-803b18bcc6ce: 118 arrays, 0.2 MB stored; 1.8 s; peak memory 163 MiB.
2026-10-10T14:22:13Z INFO [272/1000] 7bb26bf6-e972-40d9-bc22-551b435146c1: 106 arrays, 18647.0 MB stored; 10.4 s; peak memory 163 MiB.
2026-10-10T14:22:14Z INFO [273/1000] 7bb70728-cc98-42d8-8530-bbfacb2beb46: 57 arrays, 0.0 MB stored; 1.6 s; peak memory 163 MiB.
2026-10-10T14:22:16Z INFO [274/1000] 7bb66500-f680-4204-8b4f-187afa5d23e2: 138 arrays, 4.8 MB stored; 3.6 s; peak memory 163 MiB.
2026-10-10T14:22:17Z INFO [275/1000] 7bb77bf1-a344-4944-8919-fb624629f610: 69 arrays, 32.4 MB stored; 2.5 s; peak memory 163 MiB.
2026-10-10T14:22:17Z INFO [276/1000] 7bb76e5a-cde4-48e0-b6c3-155389580414: 156 arrays, 193.5 MB stored; 4.0 s; peak memory 163 MiB.
2026-10-10T14:22:18Z INFO [277/1000] 7bb7adef-6dd8-45e7-82cd-fb3c3dbf6dc7: 112 arrays, 0.5 MB stored; 2.2 s; peak memory 163 MiB.
2026-10-10T14:22:19Z INFO [278/1000] 7bb8b3ef-6354-46d5-b82c-c68103ce4223: 48 arrays, 83.9 MB stored; 1.8 s; peak memory 163 MiB.
2026-10-10T14:22:19Z INFO [279/1000] 7bb913f6-e90a-4c8c-adca-8d3e17c2208c: 48 arrays, 83.9 MB stored; 1.7 s; peak memory 163 MiB.
2026-10-10T14:22:20Z INFO [280/1000] 7bb936bd-1bff-4277-998c-a727bbe1eda4: 74 arrays, 1.2 MB stored; 1.9 s; peak memory 163 MiB.
2026-10-10T14:22:21Z INFO [281/1000] 7bb94dc0-6544-4d19-8c8f-898ec817d3f3: 117 arrays, 0.3 MB stored; 1.9 s; peak memory 163 MiB.
2026-10-10T14:22:23Z INFO [282/1000] 7bba7864-5a4b-4b36-aa1b-271d3d9d98e3: 275 arrays, 17.1 MB stored; 2.4 s; peak memory 163 MiB.
2026-10-10T14:22:24Z INFO [283/1000] 7bbb01d1-2e3c-4ab0-809b-f992ad8f0206: 117 arrays, 0.3 MB stored; 1.8 s; peak memory 163 MiB.
2026-10-10T14:22:25Z INFO [284/1000] 7bb9d970-6e2f-47b2-9025-71d36dbf4d99: 538 arrays, 7.8 MB stored; 6.3 s; peak memory 163 MiB.
2026-10-10T14:22:27Z INFO [285/1000] 7bbb1d05-e53c-4080-84b1-03980565c836: 62 arrays, 3005.8 MB stored; 2.3 s; peak memory 163 MiB.
2026-10-10T14:22:27Z INFO [286/1000] 7bbb52c4-e424-4878-a067-971988c91384: 116 arrays, 0.5 MB stored; 2.1 s; peak memory 163 MiB.
2026-10-10T14:22:29Z INFO [287/1000] 7bbc5095-d790-44eb-b33a-d4bd63f7ca46: 46 arrays, 0.0 MB stored; 1.4 s; peak memory 163 MiB.
2026-10-10T14:22:30Z INFO [288/1000] 7bbbb7b6-9e06-45da-82e6-16ea3b6adcd8: 140 arrays, 114.7 MB stored; 3.1 s; peak memory 163 MiB.
2026-10-10T14:22:31Z INFO [289/1000] 7bbc70bc-7d03-44dd-952e-df7f52967974: 48 arrays, 83.9 MB stored; 1.8 s; peak memory 163 MiB.
2026-10-10T14:22:32Z INFO [290/1000] 7bbc7b97-9faf-45d4-a552-2b3a924a572d: 48 arrays, 83.9 MB stored; 1.7 s; peak memory 163 MiB.
2026-10-10T14:22:35Z INFO [291/1000] 7bbae0a9-7c86-4d14-8114-265bcc19a336: 1492 arrays, 12.6 MB stored; 13.8 s; peak memory 163 MiB.
2026-10-10T14:22:35Z INFO [292/1000] 7bbc7bdc-c78f-4b35-9f97-67decfe7d06d: 152 arrays, 1075.1 MB stored; 4.1 s; peak memory 163 MiB.
2026-10-10T14:22:36Z INFO [293/1000] 7bbca1a7-a7b7-486b-9c70-8790d55af830: 64 arrays, 0.0 MB stored; 1.9 s; peak memory 163 MiB.
2026-10-10T14:22:37Z INFO [294/1000] 7bbcdbf1-17ae-4509-a254-f713519af4cb: 275 arrays, 17.2 MB stored; 2.5 s; peak memory 163 MiB.
2026-10-10T14:22:38Z INFO [295/1000] 7bbd7b62-168d-4ad6-834f-051d9df39124: 112 arrays, 0.3 MB stored; 2.1 s; peak memory 163 MiB.
2026-10-10T14:22:39Z INFO [296/1000] 7bbc8b3a-46f6-4f39-98b5-e27cd8eaeb37: 590 arrays, 10.1 MB stored; 7.6 s; peak memory 163 MiB.
2026-10-10T14:22:40Z INFO [297/1000] 7bbd9a45-3aee-4f48-9ea3-d181f53d041d: 38 arrays, 0.5 MB stored; 1.7 s; peak memory 163 MiB.
2026-10-10T14:22:41Z INFO [298/1000] 7bbdd654-ce6d-4f19-b0b4-5348adde9700: 117 arrays, 0.4 MB stored; 2.0 s; peak memory 163 MiB.
2026-10-10T14:22:42Z INFO [299/1000] 7bbdd9bd-abe1-4499-80d1-5b1bdd736ec6: 54 arrays, 0.0 MB stored; 1.5 s; peak memory 163 MiB.
2026-10-10T14:22:44Z INFO [300/1000] 7bbe11bf-6697-4ccb-9c78-7c733450a047: 63 arrays, 7.7 MB stored; 2.3 s; peak memory 163 MiB.
2026-10-10T14:22:46Z INFO [301/1000] 7bbd8201-fb19-41a6-8851-419b596c13dc: 507 arrays, 9.5 MB stored; 8.6 s; peak memory 163 MiB.
2026-10-10T14:22:46Z INFO [302/1000] 7bbdf0c7-f7ab-4cc9-aaf2-22d01e8824a9: 133 arrays, 42.9 MB stored; 4.7 s; peak memory 163 MiB.
2026-10-10T14:22:48Z INFO [303/1000] 7bbef1fd-f84c-4748-837a-b3d69ada5523: 117 arrays, 0.4 MB stored; 2.2 s; peak memory 163 MiB.
2026-10-10T14:22:48Z INFO [304/1000] 7bbeeb85-4678-4ddc-9e24-15bb20067470: 113 arrays, 0.6 MB stored; 2.5 s; peak memory 163 MiB.
2026-10-10T14:22:50Z INFO [305/1000] 7bbf9d08-1940-423d-b241-c6cd466c9278: 84 arrays, 0.9 MB stored; 2.2 s; peak memory 163 MiB.
2026-10-10T14:22:51Z INFO [306/1000] 7bbfbd11-ceae-4a9a-be87-9e41788b0124: 66 arrays, 11.3 MB stored; 2.2 s; peak memory 163 MiB.
2026-10-10T14:22:51Z INFO [307/1000] 7ba72c0e-b48e-4969-b510-9c816ba1e4d8: 62 arrays, 12896.3 MB stored; 130.7 s; peak memory 163 MiB.
2026-10-10T14:22:52Z INFO [308/1000] 7bc10997-706b-4f1f-9c9b-fa4381e09d07: 65 arrays, 0.0 MB stored; 1.9 s; peak memory 163 MiB.
2026-10-10T14:22:52Z INFO [309/1000] 7bc1f13d-affb-4ca5-a357-4f78ab604902: 46 arrays, 0.3 MB stored; 1.8 s; peak memory 163 MiB.
2026-10-10T14:22:54Z INFO [310/1000] 7bbe723f-775a-47d5-9288-6dae5642852f: 56 arrays, 182.6 MB stored; 9.7 s; peak memory 163 MiB.
2026-10-10T14:22:54Z INFO [311/1000] 7bc2361a-9d95-401c-99ef-522c1b729bc1: 72 arrays, 0.0 MB stored; 2.2 s; peak memory 163 MiB.
2026-10-10T14:22:56Z INFO [312/1000] 7bc3389a-a48e-4e51-8f79-31299f6cd6f5: 84 arrays, 0.2 MB stored; 2.0 s; peak memory 163 MiB.
2026-10-10T14:22:56Z INFO [313/1000] 7bc36c27-6eb5-46a7-8484-efbcab75061e: 117 arrays, 0.3 MB stored; 1.9 s; peak memory 163 MiB.
2026-10-10T14:22:57Z INFO [314/1000] 7bc3a985-b31f-4f8f-87f2-4f0cf8694884: 117 arrays, 0.2 MB stored; 1.7 s; peak memory 163 MiB.
2026-10-10T14:23:04Z INFO [315/1000] 7bc3cdfc-8e78-417f-842d-2b95cf46fe42: 798 arrays, 21.1 MB stored; 7.6 s; peak memory 163 MiB.
2026-10-10T14:23:06Z INFO [316/1000] 7bc48657-ca75-43b9-ae9c-2256484c9d48: 117 arrays, 0.3 MB stored; 1.9 s; peak memory 163 MiB.
2026-10-10T14:23:10Z INFO [317/1000] 7bc3dcdd-5224-4b0e-b6ce-98e6e24db623: 849 arrays, 33.7 MB stored; 12.6 s; peak memory 163 MiB.
2026-10-10T14:23:12Z INFO [318/1000] 7bc64b0c-9c8b-48a0-a74c-e5cd52040cf5: 37 arrays, 0.0 MB stored; 1.5 s; peak memory 163 MiB.
2026-10-10T14:23:12Z INFO [319/1000] 7bc22a52-16b4-44cf-bd81-fbff536fb00d: 5683 arrays, 1325.6 MB stored; 20.3 s; peak memory 163 MiB.
2026-10-10T14:23:12Z INFO [320/1000] 7bc535ee-3b1e-4740-891c-88aa358249bd: 229 arrays, 241.8 MB stored; 6.0 s; peak memory 163 MiB.
2026-10-10T14:23:14Z INFO [321/1000] 7bc70ada-5368-4cf0-8dcb-e86cf8390e56: 117 arrays, 0.3 MB stored; 2.2 s; peak memory 163 MiB.
2026-10-10T14:23:14Z INFO [322/1000] 7bc6a5d9-506c-4605-a636-080a3e44e640: 66 arrays, 101.7 MB stored; 2.3 s; peak memory 163 MiB.
2026-10-10T14:23:15Z INFO [323/1000] 7bc679dd-7e57-48af-8198-f28b9f0a1e03: 168 arrays, 3.2 MB stored; 3.7 s; peak memory 163 MiB.
2026-10-10T14:23:16Z INFO [324/1000] 7bc77d0c-41d9-4cd4-b4fb-0a03ab3d2d03: 92 arrays, 8.0 MB stored; 1.8 s; peak memory 163 MiB.
2026-10-10T14:23:20Z INFO [325/1000] 7bc85a47-9297-4858-be5e-da4e34c898fb: 313 arrays, 2.3 MB stored; 4.5 s; peak memory 163 MiB.
2026-10-10T14:23:22Z INFO [326/1000] 7bc79239-75f1-4fe6-8b19-f2130cb5136e: 117 arrays, 37.0 MB stored; 6.5 s; peak memory 163 MiB.
2026-10-10T14:23:24Z INFO [327/1000] 7bc8860b-90f4-4637-a84c-55f90dc7907a: 115 arrays, 190.2 MB stored; 3.4 s; peak memory 163 MiB.
2026-10-10T14:23:31Z INFO [328/1000] 7bc2d33a-7662-490f-a266-22762eb2fa31: 1655 arrays, 414.1 MB stored; 38.4 s; peak memory 163 MiB.
2026-10-10T14:23:31Z INFO [329/1000] 7bc95422-705a-4f8b-a04d-d764f3e0333f: 939 arrays, 30.4 MB stored; 9.2 s; peak memory 163 MiB.
2026-10-10T14:23:32Z INFO [330/1000] 7bc721ab-f7b0-454a-98fd-76f040a1a00f: 469 arrays, 37.2 MB stored; 17.8 s; peak memory 163 MiB.
2026-10-10T14:23:33Z INFO [331/1000] 7bcad7e9-3167-4ed4-b4e5-4097c632ae63: 836 arrays, 25.1 MB stored; 9.6 s; peak memory 163 MiB.
2026-10-10T14:23:33Z INFO [332/1000] 7bcbfa74-dd48-450c-9b7d-42b162281c8f: 48 arrays, 83.9 MB stored; 1.7 s; peak memory 163 MiB.
2026-10-10T14:23:35Z INFO [333/1000] 7bcc5997-cde3-481f-aada-39f6b1096286: 45 arrays, 0.0 MB stored; 1.5 s; peak memory 163 MiB.
2026-10-10T14:23:35Z INFO [334/1000] 7bcc63fa-7937-439d-961d-de1f34bce014: 48 arrays, 83.9 MB stored; 1.9 s; peak memory 163 MiB.
2026-10-10T14:23:37Z INFO [335/1000] 7bcc8e1b-b005-45ca-8893-b19372650067: 48 arrays, 83.9 MB stored; 1.8 s; peak memory 163 MiB.
2026-10-10T14:23:37Z INFO [336/1000] 7bcc92c9-3dfb-4b3a-948c-4a1706e144f6: 50 arrays, 4.6 MB stored; 1.6 s; peak memory 163 MiB.
2026-10-10T14:23:38Z INFO [337/1000] 7bcb6780-8c73-4198-a238-40270b50e8aa: 152 arrays, 416.9 MB stored; 7.3 s; peak memory 163 MiB.
2026-10-10T14:23:38Z INFO [338/1000] 7bcd144f-c4c5-4188-ba02-b499080bd7f6: 48 arrays, 83.9 MB stored; 1.6 s; peak memory 163 MiB.
2026-10-10T14:23:41Z INFO [339/1000] 7bcd5e83-be00-4569-a398-f9ee2147954c: 113 arrays, 0.6 MB stored; 2.4 s; peak memory 163 MiB.
2026-10-10T14:23:43Z INFO [340/1000] 7bce2284-57c4-4fb0-83bc-b3cc3faff66b: 132 arrays, 0.6 MB stored; 2.3 s; peak memory 163 MiB.
2026-10-10T14:23:43Z INFO [341/1000] 7bcb87e3-878e-46a6-b217-6381e11d3d1a: 399 arrays, 11231.2 MB stored; 12.1 s; peak memory 163 MiB.
2026-10-10T14:23:45Z INFO [342/1000] 7bce23be-91f0-4a47-82bc-7ceae5c727e4: 48 arrays, 83.9 MB stored; 1.7 s; peak memory 163 MiB.
2026-10-10T14:23:49Z INFO [343/1000] 7bcd5621-edea-462f-9a79-d1082ec21fa1: 11477 arrays, 264.0 MB stored; 11.1 s; peak memory 170 MiB.
2026-10-10T14:23:50Z INFO [344/1000] 7bce4e20-b1a4-461d-84de-487f1be03f72: 43 arrays, 92.4 MB stored; 6.6 s; peak memory 170 MiB.
2026-10-10T14:23:51Z INFO [345/1000] 7bcfed24-2c72-4465-86d7-72dd820448cd: 225 arrays, 236.2 MB stored; 5.9 s; peak memory 170 MiB.
2026-10-10T14:23:51Z INFO [346/1000] 7bd034b9-2f5c-423e-9134-a986d04c7b20: 48 arrays, 83.9 MB stored; 1.9 s; peak memory 170 MiB.
2026-10-10T14:23:53Z INFO [347/1000] 7bd06198-20e7-4617-a8f8-b18fb4c435e7: 49 arrays, 1.2 MB stored; 2.1 s; peak memory 170 MiB.
2026-10-10T14:23:53Z INFO [348/1000] 7bd0809c-ec68-4be5-8b46-1145ffa268d7: 112 arrays, 0.5 MB stored; 2.1 s; peak memory 170 MiB.
2026-10-10T14:23:55Z INFO [349/1000] 7bd16b89-0b42-4056-8962-1fbc82fb5e0b: 117 arrays, 0.4 MB stored; 2.3 s; peak memory 170 MiB.
2026-10-10T14:23:56Z INFO [350/1000] 7baa8728-a981-4d92-a33b-9d4ea1847324: 42137 arrays, 1700.3 MB stored; 170.8 s; peak memory 213 MiB.
2026-10-10T14:23:57Z INFO [351/1000] 7bcd4107-a08d-40c1-bdb4-282bc9d0ce49: 3115 arrays, 27.9 MB stored; 19.6 s; peak memory 216 MiB.
2026-10-10T14:23:58Z INFO [352/1000] 7bd1e83f-3080-43ea-b72f-e7298ba5df67: 93 arrays, 1.9 MB stored; 2.1 s; peak memory 217 MiB.
2026-10-10T14:23:58Z INFO [353/1000] 7bd0a95c-1f30-4a82-a71b-6ec28f7566ef: 356 arrays, 2.9 MB stored; 5.4 s; peak memory 217 MiB.
2026-10-10T14:23:59Z INFO [354/1000] 7bd1fbac-c19c-4cbf-af0e-79fe1287d07e: 112 arrays, 0.6 MB stored; 2.5 s; peak memory 217 MiB.
2026-10-10T14:24:00Z INFO [355/1000] 7bd20082-5262-4252-ad11-652d8f77952f: 118 arrays, 66.2 MB stored; 3.1 s; peak memory 217 MiB.
2026-10-10T14:24:00Z INFO [356/1000] 7bd23d58-3f37-4c9b-9f6a-c68cddbe0535: 112 arrays, 0.7 MB stored; 2.3 s; peak memory 217 MiB.
2026-10-10T14:24:00Z INFO [357/1000] 7bd273d1-e95c-4db0-af14-65093f40332d: 117 arrays, 0.2 MB stored; 1.9 s; peak memory 217 MiB.
2026-10-10T14:24:01Z INFO [358/1000] 7bd2fd24-7ba7-4b38-ba43-9d2fbad24e16: 117 arrays, 0.3 MB stored; 2.0 s; peak memory 218 MiB.
2026-10-10T14:24:02Z INFO [359/1000] 7bd3601f-55df-4a59-8fee-33d46868f408: 54 arrays, 0.0 MB stored; 1.6 s; peak memory 218 MiB.
2026-10-10T14:24:02Z INFO [360/1000] 7bd33fc3-dbb5-4b50-bf19-a739ab185eda: 118 arrays, 0.4 MB stored; 2.2 s; peak memory 218 MiB.
2026-10-10T14:24:03Z INFO [361/1000] 7bd3eeec-95e3-4433-8083-ce6ebdfd663d: 48 arrays, 83.9 MB stored; 1.8 s; peak memory 218 MiB.
2026-10-10T14:24:03Z INFO [362/1000] 7bd56992-9326-40df-91c2-949ee8b7af48: 46 arrays, 3.5 MB stored; 1.7 s; peak memory 218 MiB.
2026-10-10T14:24:03Z INFO [363/1000] 7bd32839-e30b-4d10-a40b-5fd35da9f13b: 119 arrays, 67.3 MB stored; 3.6 s; peak memory 218 MiB.
2026-10-10T14:24:04Z INFO [364/1000] 7bd60210-133e-43d4-a8bb-98edafd4e609: 48 arrays, 83.9 MB stored; 1.8 s; peak memory 218 MiB.
2026-10-10T14:24:04Z INFO [365/1000] 7bd60ec6-9f05-4b4c-a915-5dfcfaa4618c: 57 arrays, 0.0 MB stored; 1.6 s; peak memory 218 MiB.
2026-10-10T14:24:05Z INFO [366/1000] 7bd7c706-65c1-4bae-b7af-a34cfb060a10: 48 arrays, 83.9 MB stored; 1.8 s; peak memory 218 MiB.
2026-10-10T14:24:05Z INFO [367/1000] 7bd61d57-f1c8-42be-8d94-d8d27bf2ab5c: 112 arrays, 0.4 MB stored; 2.1 s; peak memory 218 MiB.
2026-10-10T14:24:06Z INFO [368/1000] 7bd88ae3-3a19-475f-97ed-de9f8420a4c4: 48 arrays, 83.9 MB stored; 1.8 s; peak memory 218 MiB.
2026-10-10T14:24:06Z INFO [369/1000] 7bd821ff-a384-4f88-b279-34148334f92c: 66 arrays, 118.6 MB stored; 2.4 s; peak memory 218 MiB.
2026-10-10T14:24:08Z INFO [370/1000] 7bd938ec-2ab3-4adf-9fc5-6892c7beabcd: 118 arrays, 0.4 MB stored; 1.9 s; peak memory 218 MiB.
2026-10-10T14:24:09Z INFO [371/1000] 7bd9c3ab-f7f2-446e-b1bd-6f30feae8927: 37 arrays, 0.0 MB stored; 1.4 s; peak memory 218 MiB.
2026-10-10T14:24:09Z INFO [372/1000] 7bd897ae-5546-4c68-9c7d-2f7a0d4f5368: 193 arrays, 16.8 MB stored; 4.2 s; peak memory 219 MiB.
2026-10-10T14:24:11Z INFO [373/1000] 7bda7c90-6ccb-4b57-81c9-b917592bec1e: 48 arrays, 83.9 MB stored; 1.7 s; peak memory 219 MiB.
2026-10-10T14:24:12Z INFO [374/1000] 7bda5134-e001-4e8e-ab51-fbbeb5454957: 117 arrays, 0.5 MB stored; 2.2 s; peak memory 219 MiB.
2026-10-10T14:24:13Z INFO [375/1000] 7bdabec8-b5c7-489c-b3db-fa65701c2ba1: 48 arrays, 83.9 MB stored; 1.7 s; peak memory 219 MiB.
2026-10-10T14:24:13Z INFO [376/1000] 7bd9736f-2eda-4eaf-986f-1ead0e46200f: 200 arrays, 329.4 MB stored; 7.1 s; peak memory 219 MiB.
2026-10-10T14:24:15Z INFO [377/1000] 7bdafcac-0c26-4998-b7ae-e49925baed08: 117 arrays, 0.2 MB stored; 2.0 s; peak memory 219 MiB.
2026-10-10T14:24:16Z INFO [378/1000] 7bdb7080-ae26-4099-bfa6-0b62ae4eaa74: 112 arrays, 0.9 MB stored; 2.4 s; peak memory 219 MiB.
2026-10-10T14:24:17Z INFO [379/1000] 7bdb9912-2104-48f2-810e-1eda04657ab0: 66 arrays, 65.9 MB stored; 2.5 s; peak memory 219 MiB.
2026-10-10T14:24:18Z INFO [380/1000] 7bdbb6a2-7443-4793-a3e6-fd813cf97ea0: 48 arrays, 83.9 MB stored; 1.7 s; peak memory 219 MiB.
2026-10-10T14:24:19Z INFO [381/1000] 7bdc64df-0adc-461d-add7-b57f47a83fa7: 53 arrays, 0.2 MB stored; 1.8 s; peak memory 219 MiB.
2026-10-10T14:24:21Z INFO [382/1000] 7bdcf5fd-4fe1-4fd4-a09a-24ec55c1dc01: 185 arrays, 2.1 MB stored; 3.4 s; peak memory 220 MiB.
2026-10-10T14:24:21Z INFO [383/1000] 7bdea811-597b-4cec-bfd3-6c016fd86962: 118 arrays, 0.6 MB stored; 2.3 s; peak memory 220 MiB.
2026-10-10T14:24:23Z INFO [384/1000] 7be03572-d6f7-4604-899c-6a7ef4474f2e: 41 arrays, 8.4 MB stored; 1.6 s; peak memory 220 MiB.
2026-10-10T14:24:23Z INFO [385/1000] 7bdfbf48-5d6b-40a1-bf05-fe5f601a6a76: 38 arrays, 20.8 MB stored; 2.5 s; peak memory 220 MiB.
2026-10-10T14:24:26Z INFO [386/1000] 7bb2d162-c5a5-45ca-83c0-57d77949b037: 167 arrays, 21135.8 MB stored; 142.3 s; peak memory 220 MiB.
2026-10-10T14:24:27Z INFO [387/1000] 7bd8ab52-a555-4613-b4e3-7b4a1f55f480: 48 arrays, 38643.8 MB stored; 21.6 s; peak memory 220 MiB.
2026-10-10T14:24:29Z INFO [388/1000] 7be2657d-c939-4188-815f-b8b923feae73: 116 arrays, 0.6 MB stored; 2.4 s; peak memory 220 MiB.
2026-10-10T14:24:32Z INFO [389/1000] 7be28ce2-4e5d-4708-b671-69e4898f8f82: 97 arrays, 12.6 MB stored; 2.5 s; peak memory 220 MiB.
2026-10-10T14:24:33Z INFO [390/1000] 7be07d0a-3620-4cb2-b349-8cd3436992d4: 538 arrays, 8.2 MB stored; 9.4 s; peak memory 221 MiB.
2026-10-10T14:24:34Z INFO [391/1000] 7be0df78-03bf-435d-9000-b9524c13bce6: 41 arrays, 337.9 MB stored; 10.5 s; peak memory 221 MiB.
2026-10-10T14:24:34Z INFO [392/1000] 7be3fa97-bc29-40f3-8c1c-04675b58f925: 76 arrays, 0.8 MB stored; 1.7 s; peak memory 221 MiB.
2026-10-10T14:24:36Z INFO [393/1000] 7be3fbc9-fd6b-48f9-b1e9-f7b3e6115d71: 48 arrays, 83.9 MB stored; 1.7 s; peak memory 221 MiB.
2026-10-10T14:24:36Z INFO [394/1000] 7be1b98b-6a23-4242-8dea-d4b519ecf9e5: 538 arrays, 8.5 MB stored; 10.0 s; peak memory 221 MiB.
2026-10-10T14:24:38Z INFO [395/1000] 7be802c6-edc3-4594-b351-dd717ff97699: 112 arrays, 0.8 MB stored; 2.1 s; peak memory 221 MiB.
2026-10-10T14:24:38Z INFO [396/1000] 7bdadc51-eae6-424b-916f-21eb0e4c029f: 7514 arrays, 57.9 MB stored; 26.5 s; peak memory 230 MiB.
2026-10-10T14:24:39Z INFO [397/1000] 7be61a1b-bf64-439d-b4ed-44ff3d2af891: 84 arrays, 667.9 MB stored; 4.5 s; peak memory 231 MiB.
2026-10-10T14:24:40Z INFO [398/1000] 7be96768-e724-4afe-abd5-d577167d49eb: 46 arrays, 12.6 MB stored; 1.8 s; peak memory 231 MiB.
2026-10-10T14:24:42Z INFO [399/1000] 7be9921c-f5da-4a5a-9268-69520b8f98e6: 116 arrays, 187.1 MB stored; 3.9 s; peak memory 231 MiB.
2026-10-10T14:24:43Z INFO [400/1000] 7be38b08-ce15-47be-979a-f5c875f78837: 814 arrays, 14.3 MB stored; 11.1 s; peak memory 232 MiB.
2026-10-10T14:24:44Z INFO [400/1000] 7be38b08-ce15-47be-979a-f5c875f78837: checkpointed 400 new records.
2026-10-10T14:24:44Z INFO [401/1000] 7be9d931-e6ea-4a1a-ace1-c1208349ae36: 156 arrays, 193.5 MB stored; 3.9 s; peak memory 329 MiB.
2026-10-10T14:24:45Z INFO [402/1000] 7beb10fe-b73f-406c-915e-e0b82ce0db60: 41 arrays, 8.4 MB stored; 1.8 s; peak memory 329 MiB.
2026-10-10T14:24:46Z INFO [403/1000] 7beaf20d-809e-4b2c-8926-49b3a5adf27a: 119 arrays, 66.4 MB stored; 2.9 s; peak memory 329 MiB.
2026-10-10T14:24:47Z INFO [404/1000] 7beba295-bd91-49c5-8010-da03b9ad4632: 38 arrays, 0.5 MB stored; 1.6 s; peak memory 329 MiB.
2026-10-10T14:24:48Z INFO [405/1000] 7bec726b-c55e-4ec0-8cd4-fd6cdc059bd0: 66 arrays, 47.8 MB stored; 2.3 s; peak memory 329 MiB.
2026-10-10T14:24:50Z INFO [406/1000] 7beae6f3-6e5a-4bdd-8f54-06576a7cdaf5: 46 arrays, 4289.6 MB stored; 8.0 s; peak memory 329 MiB.
2026-10-10T14:24:51Z INFO [407/1000] 7bec767f-dc0e-417e-9de5-fc7f62157bf6: 114 arrays, 186.9 MB stored; 4.1 s; peak memory 329 MiB.
2026-10-10T14:24:51Z INFO [408/1000] 7bec91a8-b0f6-443f-b4cd-7a623fbe0030: 118 arrays, 23.9 MB stored; 3.3 s; peak memory 329 MiB.
2026-10-10T14:24:52Z INFO [409/1000] 7be9cd52-474d-40fc-86f0-8594f43a0164: 1601 arrays, 28.7 MB stored; 13.0 s; peak memory 329 MiB.
2026-10-10T14:24:52Z INFO [410/1000] 7bee3050-ac66-4e90-a2ff-3069616f0459: 56 arrays, 0.0 MB stored; 1.5 s; peak memory 329 MiB.
2026-10-10T14:24:54Z INFO [411/1000] 7bef02a3-7576-4ae1-b38a-9ea147f8719a: 49 arrays, 6.7 MB stored; 1.9 s; peak memory 329 MiB.
2026-10-10T14:24:55Z INFO [412/1000] 7bf003df-7bb5-4545-a860-eacf0ac37844: 66 arrays, 138.6 MB stored; 2.2 s; peak memory 329 MiB.
2026-10-10T14:24:55Z INFO [413/1000] 7be85719-b0b0-469a-9748-d3496081aead: 1576 arrays, 35.3 MB stored; 18.7 s; peak memory 329 MiB.
2026-10-10T14:24:55Z INFO [414/1000] 7bf05c9b-860d-4c51-8b41-daa157d23396: 110 arrays, 0.2 MB stored; 1.8 s; peak memory 329 MiB.
2026-10-10T14:24:56Z INFO [415/1000] 7bf1e651-178f-4c97-8cca-f03d7f07716d: 56 arrays, 0.0 MB stored; 1.5 s; peak memory 329 MiB.
2026-10-10T14:24:57Z INFO [416/1000] 7bf22e05-13a7-4c78-9556-bf518f70f66e: 48 arrays, 83.9 MB stored; 1.8 s; peak memory 329 MiB.
2026-10-10T14:24:57Z INFO [417/1000] 7bf26dec-468d-468a-bfce-d140289a0721: 45 arrays, 0.0 MB stored; 1.5 s; peak memory 329 MiB.
2026-10-10T14:24:58Z INFO [418/1000] 7bf413f5-7e89-434e-94f9-882cefc97c1e: 66 arrays, 45.7 MB stored; 2.3 s; peak memory 329 MiB.
2026-10-10T14:24:59Z INFO [419/1000] 7beeeb35-8203-4d44-8df1-1d5e8e54c542: 229 arrays, 443.3 MB stored; 7.2 s; peak memory 329 MiB.
2026-10-10T14:25:00Z INFO [420/1000] 7bf5609b-e89b-44e0-8ca6-2cc2654b2411: 112 arrays, 0.3 MB stored; 2.1 s; peak memory 329 MiB.
2026-10-10T14:25:01Z INFO [421/1000] 7bf5b04c-fba2-4968-9cc5-bc09df6cc85d: 112 arrays, 0.1 MB stored; 2.1 s; peak memory 329 MiB.
2026-10-10T14:25:02Z INFO [422/1000] 7bf6023c-ea32-44c9-b6be-e9b21542e6a6: 57 arrays, 0.0 MB stored; 1.5 s; peak memory 329 MiB.
2026-10-10T14:25:03Z INFO [423/1000] 7bf671b4-60f8-4e33-a8f4-a538923c647d: 117 arrays, 0.3 MB stored; 1.9 s; peak memory 329 MiB.
2026-10-10T14:25:04Z INFO [424/1000] 7bf41c7c-369f-4cb0-b79d-ffb4a8f13402: 229 arrays, 263.0 MB stored; 6.9 s; peak memory 329 MiB.
2026-10-10T14:25:04Z INFO [425/1000] 7bf70080-e479-418a-bf24-1dce40e8f3c5: 48 arrays, 83.9 MB stored; 1.8 s; peak memory 329 MiB.
2026-10-10T14:25:05Z INFO [426/1000] 7bf7239f-dab5-4b69-9fe6-2765e5dc7876: 71 arrays, 76.5 MB stored; 2.7 s; peak memory 329 MiB.
2026-10-10T14:25:06Z INFO [427/1000] 7bf74f10-ecc4-4874-9c0b-41f9759035c5: 65 arrays, 6.1 MB stored; 1.9 s; peak memory 329 MiB.
2026-10-10T14:25:06Z INFO [428/1000] 7bf74837-828a-41e4-9996-2eca03627056: 66 arrays, 229.2 MB stored; 2.5 s; peak memory 329 MiB.
2026-10-10T14:25:08Z INFO [429/1000] 7bf9ec48-92af-470d-ad5e-ff3df775bd8a: 116 arrays, 0.4 MB stored; 1.9 s; peak memory 329 MiB.
2026-10-10T14:25:08Z INFO [430/1000] 7bf941e2-550e-48fd-bcf7-0810b245b11a: 112 arrays, 0.9 MB stored; 2.5 s; peak memory 329 MiB.
2026-10-10T14:25:10Z INFO [431/1000] 7bfa532e-4b27-4cdd-a712-c3e2aa08b472: 130 arrays, 0.3 MB stored; 1.8 s; peak memory 329 MiB.
2026-10-10T14:25:10Z INFO [432/1000] 7bfa656f-3455-4144-aa7d-d7d505b07510: 45 arrays, 7.3 MB stored; 2.1 s; peak memory 329 MiB.
2026-10-10T14:25:13Z INFO [433/1000] 7bfbc5bf-6084-40df-b59e-c61e423a9412: 112 arrays, 0.7 MB stored; 2.3 s; peak memory 329 MiB.
2026-10-10T14:25:15Z INFO [434/1000] 7bfc7eae-dd4c-4497-9992-5ef75b10e4ec: 117 arrays, 0.5 MB stored; 2.2 s; peak memory 329 MiB.
2026-10-10T14:25:15Z INFO [435/1000] 7bf79c14-2154-459f-b78c-a5586a83570c: 79 arrays, 178.1 MB stored; 9.8 s; peak memory 329 MiB.
2026-10-10T14:25:15Z INFO [436/1000] 7bfb9a6d-828f-44e0-bd50-a66dfe504213: 447 arrays, 5.4 MB stored; 5.5 s; peak memory 329 MiB.
2026-10-10T14:25:16Z INFO [437/1000] 7bfcf4ea-8fb5-4fb3-b811-805a3681bd00: 48 arrays, 83.9 MB stored; 1.7 s; peak memory 329 MiB.
2026-10-10T14:25:19Z INFO [438/1000] 7bfd4a09-40a3-4c70-93e8-8869cb6604c9: 116 arrays, 187.2 MB stored; 3.6 s; peak memory 329 MiB.
2026-10-10T14:25:21Z INFO [439/1000] 7bfe5ad8-5811-4c8a-9fcf-9a673652b1a0: 48 arrays, 83.9 MB stored; 1.8 s; peak memory 329 MiB.
2026-10-10T14:25:21Z INFO [440/1000] 7bf49da7-2bfa-4b16-ba31-4f68c079c019: 974 arrays, 43.6 MB stored; 23.6 s; peak memory 329 MiB.
2026-10-10T14:25:22Z INFO [441/1000] 7bfd69a8-d503-4a26-9590-de69400790d2: 471 arrays, 5.5 MB stored; 5.6 s; peak memory 329 MiB.
2026-10-10T14:25:27Z INFO [442/1000] 7c00201c-b8d1-44e4-907d-b25b808234df: 283 arrays, 384.5 MB stored; 4.5 s; peak memory 329 MiB.
2026-10-10T14:25:30Z INFO [443/1000] 7c00e0dd-e73f-4d05-8528-9479d65326b0: 116 arrays, 187.1 MB stored; 3.4 s; peak memory 329 MiB.
2026-10-10T14:25:32Z INFO [444/1000] 7c0129d5-6a1d-4125-8b55-e1c39e09fa25: 46 arrays, 12.6 MB stored; 1.8 s; peak memory 329 MiB.
2026-10-10T14:25:34Z INFO [445/1000] 7c01914a-ae8a-4505-b81a-69d9204ac133: 52 arrays, 10.7 MB stored; 1.8 s; peak memory 329 MiB.
2026-10-10T14:25:36Z INFO [446/1000] 7c022640-dbae-4f5d-bbc5-e409c18600c0: 67 arrays, 34.6 MB stored; 2.0 s; peak memory 329 MiB.
2026-10-10T14:25:38Z INFO [447/1000] 7bede8ce-273a-47f3-aca0-187314ece48c: 9708 arrays, 87.8 MB stored; 47.9 s; peak memory 329 MiB.
2026-10-10T14:25:39Z INFO [448/1000] 7bfec9c1-f509-4005-8ed5-4093758b21b2: 789 arrays, 23.1 MB stored; 18.0 s; peak memory 329 MiB.
2026-10-10T14:25:40Z INFO [449/1000] 7c02dcf6-e65b-4265-b397-62ed5500146c: 118 arrays, 0.3 MB stored; 2.0 s; peak memory 329 MiB.
2026-10-10T14:25:40Z INFO [450/1000] 7c03317c-7349-410c-b59a-9960eea40ee7: 48 arrays, 83.9 MB stored; 1.7 s; peak memory 329 MiB.
2026-10-10T14:25:42Z INFO [451/1000] 7c04540f-d1ea-4093-ab88-726d8b44445d: 118 arrays, 0.4 MB stored; 2.1 s; peak memory 329 MiB.
2026-10-10T14:25:43Z INFO [452/1000] 7c0395f2-edb4-44ed-a6b9-ac69a87d38c5: 124 arrays, 0.8 MB stored; 2.6 s; peak memory 329 MiB.
2026-10-10T14:25:44Z INFO [453/1000] 7c058373-b460-4b21-8589-0a9bd2ab6e3c: 59 arrays, 0.1 MB stored; 1.6 s; peak memory 329 MiB.
2026-10-10T14:25:44Z INFO [454/1000] 7c054252-7dbb-49b5-b13b-1be6352c3918: 62 arrays, 3215.6 MB stored; 2.1 s; peak memory 329 MiB.
2026-10-10T14:25:46Z INFO [455/1000] 7c026a4b-c944-4b4f-9251-0ee17a78a79b: 885 arrays, 26.4 MB stored; 10.8 s; peak memory 329 MiB.
2026-10-10T14:25:46Z INFO [456/1000] 7c062d42-d69e-44a7-b894-8b081fbebd5d: 118 arrays, 0.3 MB stored; 2.0 s; peak memory 329 MiB.
2026-10-10T14:25:49Z INFO [457/1000] 7c076693-5603-464d-abe4-0571883fe0bf: 117 arrays, 0.3 MB stored; 2.2 s; peak memory 329 MiB.
2026-10-10T14:25:49Z INFO [458/1000] 7c07a8b2-7761-4aa3-8ce3-902052d791b2: 119 arrays, 66.4 MB stored; 2.9 s; peak memory 329 MiB.
2026-10-10T14:25:50Z INFO [459/1000] 7c07b5f0-16e4-4402-87fd-5396a01b4418: 48 arrays, 83.9 MB stored; 1.8 s; peak memory 329 MiB.
2026-10-10T14:25:51Z INFO [460/1000] 7c084650-2aa2-4bfe-81f0-8dac3a84a7bf: 117 arrays, 0.3 MB stored; 2.0 s; peak memory 329 MiB.
2026-10-10T14:25:52Z INFO [461/1000] 7c0612ac-005a-4fef-9370-cc1f8107833a: 198 arrays, 463.0 MB stored; 7.4 s; peak memory 329 MiB.
2026-10-10T14:25:52Z INFO [462/1000] 7c088476-9294-4ee7-a8f9-d21edb20d393: 63 arrays, 0.1 MB stored; 1.5 s; peak memory 329 MiB.
2026-10-10T14:25:53Z INFO [463/1000] 7bd03573-9327-4b7f-94da-7bdccd70f660: 55 arrays, 9005.9 MB stored; 123.2 s; peak memory 329 MiB.
2026-10-10T14:25:53Z INFO [464/1000] 7c08e504-19dd-4046-82b2-38830dff3206: 112 arrays, 0.3 MB stored; 2.2 s; peak memory 329 MiB.
2026-10-10T14:25:55Z INFO [465/1000] 7c09d388-1c73-4638-a6e6-b45462e07428: 68 arrays, 0.1 MB stored; 1.9 s; peak memory 329 MiB.
2026-10-10T14:25:55Z INFO [466/1000] 7c090ac6-03bb-4b3a-9a4b-26eaba987794: 80 arrays, 410.0 MB stored; 3.4 s; peak memory 329 MiB.
2026-10-10T14:25:56Z INFO [467/1000] 7c09e1b9-742c-4075-95da-1c8b60298d0a: 71 arrays, 73.7 MB stored; 2.8 s; peak memory 329 MiB.
2026-10-10T14:25:57Z INFO [468/1000] 7c0a0a18-47e3-404e-a71d-9d16552440ad: 118 arrays, 0.5 MB stored; 2.2 s; peak memory 329 MiB.
2026-10-10T14:26:00Z INFO [469/1000] 7c0a9729-2d0a-4b64-aecf-03f3b738215d: 138 arrays, 4.8 MB stored; 3.5 s; peak memory 329 MiB.
2026-10-10T14:26:02Z INFO [470/1000] 7c0acf55-86b3-404b-b9da-caef8765e864: 347 arrays, 5.1 MB stored; 5.3 s; peak memory 329 MiB.
2026-10-10T14:26:02Z INFO [471/1000] 7b71dc6b-2284-45bd-b32c-516e0aed2ff0: 1322 arrays, 7237.3 MB stored; 500.5 s; peak memory 329 MiB.
2026-10-10T14:26:03Z INFO [472/1000] 7c0b80d0-7882-42e0-8635-46bd17539fcd: 70 arrays, 93.8 MB stored; 2.8 s; peak memory 329 MiB.
2026-10-10T14:26:04Z INFO [473/1000] 7c0d4d33-871a-4036-8ece-ae4d5f94bfc9: 53 arrays, 0.0 MB stored; 1.5 s; peak memory 329 MiB.
2026-10-10T14:26:05Z INFO [474/1000] 7c0a38f8-2955-4244-8d36-3736e487ba84: 601 arrays, 19.2 MB stored; 9.7 s; peak memory 329 MiB.
2026-10-10T14:26:05Z INFO [475/1000] 7c0d8c5e-a1ad-4612-b5ec-abb8e23e6552: 118 arrays, 0.4 MB stored; 2.1 s; peak memory 329 MiB.
2026-10-10T14:26:05Z INFO [476/1000] 7c0d79fd-4e58-42d1-9420-8cb04dd5171c: 66 arrays, 64.3 MB stored; 2.9 s; peak memory 329 MiB.
2026-10-10T14:26:06Z INFO [477/1000] 7c0dd340-db89-45ba-84ab-e1464b7ad59f: 54 arrays, 0.0 MB stored; 1.6 s; peak memory 329 MiB.
2026-10-10T14:26:06Z INFO [478/1000] 7c0daa81-2815-495a-a98c-73599cf3fe57: 70 arrays, 25.4 MB stored; 2.6 s; peak memory 329 MiB.
2026-10-10T14:26:06Z INFO [479/1000] 7c0dc1f6-1668-475f-823f-90502c691c8c: 117 arrays, 0.0 MB stored; 1.7 s; peak memory 329 MiB.
2026-10-10T14:26:08Z INFO [480/1000] 7bfd4d61-e62c-406b-b9b4-9f1a2227b3c6: 106 arrays, 73888.3 MB stored; 52.1 s; peak memory 329 MiB.
2026-10-10T14:26:08Z INFO [481/1000] 7c10073a-1bb8-4939-8c60-b5ae056bcad8: 118 arrays, 0.3 MB stored; 2.0 s; peak memory 329 MiB.
2026-10-10T14:26:09Z INFO [482/1000] 7c0fbe69-d6c8-4b35-8f93-a9597d6878e5: 62 arrays, 4777.3 MB stored; 2.2 s; peak memory 329 MiB.
2026-10-10T14:26:09Z INFO [483/1000] 7bff91af-e8c0-44f6-9173-695b98abb59e: 52 arrays, 1850.4 MB stored; 48.1 s; peak memory 329 MiB.
2026-10-10T14:26:09Z INFO [484/1000] 7c0e1ce8-31e8-4e20-a47a-baf62f453fb3: 85 arrays, 623.2 MB stored; 3.9 s; peak memory 329 MiB.
2026-10-10T14:26:11Z INFO [485/1000] 7c1133a5-a640-4c8e-b8d6-57ff6ddbe348: 117 arrays, 0.3 MB stored; 1.9 s; peak memory 329 MiB.
2026-10-10T14:26:11Z INFO [486/1000] 7c112322-b20a-47f9-a071-727927435b6a: 112 arrays, 0.8 MB stored; 2.6 s; peak memory 329 MiB.
2026-10-10T14:26:11Z INFO [487/1000] 7c1172c1-4da8-4c41-adb6-11139b1a8442: 59 arrays, 136.4 MB stored; 2.2 s; peak memory 329 MiB.
2026-10-10T14:26:13Z INFO [488/1000] 7c111cd2-4fce-4c02-a154-86bdbe4432a5: 156 arrays, 193.5 MB stored; 4.3 s; peak memory 329 MiB.
2026-10-10T14:26:13Z INFO [489/1000] 7c1264aa-31a6-45c3-9f57-46737de06c4a: 118 arrays, 0.3 MB stored; 2.2 s; peak memory 329 MiB.
2026-10-10T14:26:14Z INFO [490/1000] 7c12c682-c87b-4752-8b16-27d8058e5a72: 79 arrays, 6.2 MB stored; 2.3 s; peak memory 329 MiB.
2026-10-10T14:26:14Z INFO [491/1000] 7c11eb86-015f-4983-adc1-d98f8926156a: 90 arrays, 140.6 MB stored; 3.2 s; peak memory 329 MiB.
2026-10-10T14:26:15Z INFO [492/1000] 7c108aac-1d9f-4ec4-be15-4ae60de22c6d: 208 arrays, 56.0 MB stored; 7.4 s; peak memory 329 MiB.
2026-10-10T14:26:15Z INFO [493/1000] 7c12d87b-585c-47ca-8b47-8902e0e56ebc: 66 arrays, 141.8 MB stored; 2.3 s; peak memory 329 MiB.
2026-10-10T14:26:15Z INFO [494/1000] 7c1307d5-2972-469f-b369-fc805bef7cd2: 48 arrays, 83.9 MB stored; 1.9 s; peak memory 329 MiB.
2026-10-10T14:26:15Z INFO [495/1000] 7c13c9bd-58e2-46eb-883b-bccee1d282e4: 48 arrays, 83.9 MB stored; 1.7 s; peak memory 329 MiB.
2026-10-10T14:26:17Z INFO [496/1000] 7c1412d6-d7a2-4520-a32c-19ea11df1987: 68 arrays, 8.8 MB stored; 3.0 s; peak memory 329 MiB.
2026-10-10T14:26:17Z INFO [497/1000] 7c141780-1249-47b7-9ed0-450610ccfd3e: 48 arrays, 83.9 MB stored; 1.9 s; peak memory 329 MiB.
2026-10-10T14:26:17Z INFO [498/1000] 7c160be1-d51c-4b90-adf0-d1166e08d9f1: 48 arrays, 83.9 MB stored; 1.8 s; peak memory 329 MiB.
2026-10-10T14:26:19Z INFO [499/1000] 7c176e11-7627-42fc-8317-4eb0c2b1dc3f: 112 arrays, 0.5 MB stored; 2.2 s; peak memory 329 MiB.
2026-10-10T14:26:20Z INFO [500/1000] 7c17581d-4803-4d2a-8ff7-25e9c07a8d23: 119 arrays, 66.4 MB stored; 3.0 s; peak memory 329 MiB.
2026-10-10T14:26:22Z INFO [501/1000] 7c17bf73-1bdb-4513-9c02-2a6136dc1e8e: 117 arrays, 0.5 MB stored; 2.5 s; peak memory 329 MiB.
2026-10-10T14:26:22Z INFO [502/1000] 7c180d64-f99c-4ad1-8904-6d32616e16b8: 112 arrays, 0.6 MB stored; 2.2 s; peak memory 329 MiB.
2026-10-10T14:26:24Z INFO [503/1000] 7c184237-310c-435a-8302-42f74cd6c028: 48 arrays, 83.9 MB stored; 1.7 s; peak memory 329 MiB.
2026-10-10T14:26:24Z INFO [504/1000] 7c14b08c-4705-4955-abda-fa8645db2207: 79 arrays, 235.1 MB stored; 9.3 s; peak memory 329 MiB.
2026-10-10T14:26:26Z INFO [505/1000] 7c1922d1-d9fb-4534-ab97-efc2983d0156: 117 arrays, 0.4 MB stored; 2.1 s; peak memory 329 MiB.
2026-10-10T14:26:27Z INFO [506/1000] 7c16a580-5b23-451c-ac02-bef9edf8f44b: 382 arrays, 18.0 MB stored; 10.3 s; peak memory 329 MiB.
2026-10-10T14:26:29Z INFO [507/1000] 7c1987f1-9f0d-431d-bb57-01cf30b488a1: 48 arrays, 83.9 MB stored; 1.8 s; peak memory 329 MiB.
2026-10-10T14:26:30Z INFO [508/1000] 7c163a48-5665-4395-bffd-e2aab7819fb8: 61 arrays, 645.8 MB stored; 14.2 s; peak memory 329 MiB.
2026-10-10T14:26:30Z INFO [509/1000] 7c193302-17a0-4c1b-bc96-50b618f7ba5b: 190 arrays, 9.1 MB stored; 5.4 s; peak memory 329 MiB.
2026-10-10T14:26:30Z INFO [510/1000] 7c187a93-fb54-4b83-b87d-428c37c333d5: 229 arrays, 2539.6 MB stored; 8.3 s; peak memory 329 MiB.
2026-10-10T14:26:31Z INFO [511/1000] 7c198aed-2994-4310-8ce7-b4f2664078cd: 48 arrays, 83.9 MB stored; 1.7 s; peak memory 329 MiB.
2026-10-10T14:26:31Z INFO [512/1000] 7c1a38b7-f28d-43cd-9811-049c24983236: 46 arrays, 0.0 MB stored; 1.5 s; peak memory 329 MiB.
2026-10-10T14:26:32Z INFO [513/1000] 7c1a942b-ce9a-42aa-98c5-00d02e51006f: 121 arrays, 0.1 MB stored; 1.9 s; peak memory 329 MiB.
2026-10-10T14:26:32Z INFO [514/1000] 7c1ad113-2a95-485c-9096-b2bf0b5efe05: 48 arrays, 83.9 MB stored; 1.7 s; peak memory 329 MiB.
2026-10-10T14:26:33Z INFO [515/1000] 7c1ac658-10b7-4a3c-8cfe-34e8ba1da0f3: 112 arrays, 0.6 MB stored; 2.6 s; peak memory 329 MiB.
2026-10-10T14:26:33Z INFO [516/1000] 7c1bfb11-1ba3-4e9a-be40-ae602594e29f: 116 arrays, 0.4 MB stored; 2.3 s; peak memory 329 MiB.
2026-10-10T14:26:34Z INFO [517/1000] 7c1c76f1-92f3-408a-8db3-6ea7732ab102: 85 arrays, 1.9 MB stored; 2.1 s; peak memory 329 MiB.
2026-10-10T14:26:34Z INFO [518/1000] 7c1c8d23-3685-4116-a3a1-f22f9625f079: 112 arrays, 0.3 MB stored; 1.9 s; peak memory 329 MiB.
2026-10-10T14:26:36Z INFO [519/1000] 7c1d2c95-56d7-4584-98ae-d7f383ddc62f: 110 arrays, 0.4 MB stored; 2.2 s; peak memory 329 MiB.
2026-10-10T14:26:36Z INFO [520/1000] 7c1ce603-f16d-43ee-930d-0342acd6e8b8: 102 arrays, 7.1 MB stored; 2.7 s; peak memory 329 MiB.
2026-10-10T14:26:36Z INFO [521/1000] 7c1d3ea3-32f2-428a-ba19-0313b68a0545: 76 arrays, 54.3 MB stored; 2.6 s; peak memory 329 MiB.
2026-10-10T14:26:37Z INFO [522/1000] 7c1db83e-447a-4c90-b7eb-a6fbd859e6e2: 107 arrays, 3.1 MB stored; 2.9 s; peak memory 329 MiB.
2026-10-10T14:26:37Z INFO [523/1000] 7c1dccf4-db8a-4788-8960-303f825c93cf: 48 arrays, 83.9 MB stored; 1.8 s; peak memory 329 MiB.
2026-10-10T14:26:37Z INFO [524/1000] 7c1db9d4-5244-4934-a60a-746db354bf00: 117 arrays, 0.2 MB stored; 2.0 s; peak memory 329 MiB.
2026-10-10T14:26:39Z INFO [525/1000] 7c1f1ab2-eaa4-4a4b-9b87-e6c17ae7a322: 56 arrays, 0.0 MB stored; 1.6 s; peak memory 329 MiB.
2026-10-10T14:26:39Z INFO [526/1000] 7c1efdfb-d48a-4857-bdb7-a2023959cd9a: 116 arrays, 0.2 MB stored; 2.1 s; peak memory 329 MiB.
2026-10-10T14:26:41Z INFO [527/1000] 7c209761-8753-479c-8bf9-d205fa762a6a: 48 arrays, 83.9 MB stored; 1.8 s; peak memory 329 MiB.
2026-10-10T14:26:42Z INFO [528/1000] 7c2098da-3a31-4175-8251-15f4460d4b48: 71 arrays, 84.7 MB stored; 2.9 s; peak memory 329 MiB.
2026-10-10T14:26:42Z INFO [529/1000] 7c20c0b6-63db-4e41-b4be-7cf53bf297ad: 46 arrays, 0.1 MB stored; 1.6 s; peak memory 329 MiB.
2026-10-10T14:26:44Z INFO [530/1000] 7c222ee4-8f42-4580-83f5-e88431054e1c: 48 arrays, 83.9 MB stored; 1.8 s; peak memory 329 MiB.
2026-10-10T14:26:45Z INFO [531/1000] 7c1e795c-ec37-4f7f-b741-3110f944ba2c: 621 arrays, 12.7 MB stored; 9.1 s; peak memory 329 MiB.
2026-10-10T14:26:46Z INFO [532/1000] 7c0e42bc-025f-45e1-b603-d17ed5b3fd0a: 36 arrays, 1907.1 MB stored; 39.5 s; peak memory 329 MiB.
2026-10-10T14:26:47Z INFO [533/1000] 7c194820-c109-4ef2-994d-bc30afed62c5: 826 arrays, 22.1 MB stored; 20.9 s; peak memory 329 MiB.
2026-10-10T14:26:48Z INFO [534/1000] 7c224e72-bba1-409c-b9f2-359252214240: 45 arrays, 646.8 MB stored; 2.2 s; peak memory 329 MiB.
2026-10-10T14:26:48Z INFO [535/1000] 7c22d51b-f32b-488c-937b-c0317fddb169: 79 arrays, 0.0 MB stored; 2.2 s; peak memory 329 MiB.
2026-10-10T14:26:48Z INFO [536/1000] 7c238d12-0de3-4c1a-b3e9-64871b45a306: 117 arrays, 0.3 MB stored; 1.9 s; peak memory 329 MiB.
2026-10-10T14:26:50Z INFO [537/1000] 7c2401fa-b328-4e24-a2c5-cd134f2decd4: 117 arrays, 0.3 MB stored; 2.0 s; peak memory 329 MiB.
2026-10-10T14:26:51Z INFO [538/1000] 7c2238f8-b429-4fdf-ba61-238244a11cc2: 44 arrays, 4580.6 MB stored; 8.3 s; peak memory 329 MiB.
2026-10-10T14:26:51Z INFO [539/1000] 7c24c8b3-927b-4b24-af3a-026b69d11544: 116 arrays, 0.5 MB stored; 2.3 s; peak memory 329 MiB.
2026-10-10T14:26:52Z INFO [540/1000] 7c24fe68-9ff7-4bae-9f9a-bcf2cfa204b1: 117 arrays, 0.5 MB stored; 2.2 s; peak memory 329 MiB.
2026-10-10T14:26:53Z INFO [541/1000] 7c25fbda-c2bd-4807-a016-d2323674ddab: 46 arrays, 12.6 MB stored; 1.9 s; peak memory 329 MiB.
2026-10-10T14:26:53Z INFO [542/1000] 7c1f8844-7fad-4364-a84b-10c6adf5e3f2: 324 arrays, 1958.2 MB stored; 16.0 s; peak memory 329 MiB.
2026-10-10T14:26:54Z INFO [543/1000] 7c263ac7-8bf4-4018-98da-9cfa71a9e247: 118 arrays, 0.3 MB stored; 2.1 s; peak memory 329 MiB.
2026-10-10T14:26:55Z INFO [544/1000] 7c282218-ab49-4cdb-be9e-6d2022818999: 113 arrays, 0.7 MB stored; 2.3 s; peak memory 329 MiB.
2026-10-10T14:26:56Z INFO [545/1000] 7c28b549-fc07-4b6e-bfd0-1e247b0fba3b: 117 arrays, 0.4 MB stored; 2.0 s; peak memory 329 MiB.
2026-10-10T14:26:56Z INFO [546/1000] 7c29817c-8980-440f-a310-9ae0b156a2ff: 46 arrays, 0.0 MB stored; 1.4 s; peak memory 329 MiB.
2026-10-10T14:26:56Z INFO [547/1000] 7c297756-c482-4021-8c0f-e61d72eb51c6: 117 arrays, 0.5 MB stored; 2.0 s; peak memory 329 MiB.
2026-10-10T14:26:57Z INFO [548/1000] 7c29aafc-af96-4183-bc68-41ae16884f15: 48 arrays, 83.9 MB stored; 1.8 s; peak memory 329 MiB.
2026-10-10T14:26:58Z INFO [549/1000] 7c25b64e-bfd0-44bd-bc8d-a879fa76861d: 174 arrays, 58.9 MB stored; 7.1 s; peak memory 329 MiB.
2026-10-10T14:26:58Z INFO [550/1000] 7c2a1377-b820-4f75-a37d-eda1ae442fcc: 39 arrays, 786.4 MB stored; 1.7 s; peak memory 329 MiB.
2026-10-10T14:26:59Z INFO [551/1000] 7c29fc3b-0a01-4ec3-b8a0-8c50b3711b92: 71 arrays, 4.5 MB stored; 2.4 s; peak memory 329 MiB.
2026-10-10T14:27:00Z INFO [552/1000] 7c2a8081-e75b-4962-929e-09affd08c263: 69 arrays, 26.0 MB stored; 2.4 s; peak memory 329 MiB.
2026-10-10T14:27:00Z INFO [553/1000] 7c2b2f19-f99e-4e3a-a518-a13597b08012: 117 arrays, 0.4 MB stored; 2.1 s; peak memory 329 MiB.
2026-10-10T14:27:01Z INFO [554/1000] 7c2b7728-f461-449e-a4de-261cc918ec28: 48 arrays, 83.9 MB stored; 1.7 s; peak memory 329 MiB.
2026-10-10T14:27:01Z INFO [555/1000] 7c224dcd-aa13-4330-b9ee-23cbc6ae5608: 38 arrays, 333.5 MB stored; 17.1 s; peak memory 329 MiB.
2026-10-10T14:27:02Z INFO [556/1000] 7c2c59a3-313b-488a-8b92-2c26f6017f8b: 48 arrays, 83.9 MB stored; 1.7 s; peak memory 329 MiB.
2026-10-10T14:27:02Z INFO [557/1000] 7c2c973b-3030-4a6a-9b7d-bba933979d54: 48 arrays, 83.9 MB stored; 1.6 s; peak memory 329 MiB.
2026-10-10T14:27:02Z INFO [558/1000] 7c2a8e14-c7c5-402f-82ca-d420a3e808b4: 156 arrays, 193.5 MB stored; 4.4 s; peak memory 329 MiB.
2026-10-10T14:27:03Z INFO [559/1000] 7c2c115d-ebd3-4769-90e8-cb10639ca63b: 107 arrays, 2.6 MB stored; 2.8 s; peak memory 329 MiB.
2026-10-10T14:27:03Z INFO [560/1000] 7b58508d-56ab-4eaa-8c46-3617bc399254: 108 arrays, 44636.0 MB stored; 602.3 s; peak memory 329 MiB.
2026-10-10T14:27:04Z INFO [561/1000] 7c3048b0-43ee-4797-8ff3-38f5136609b3: 112 arrays, 0.4 MB stored; 2.3 s; peak memory 329 MiB.
2026-10-10T14:27:04Z INFO [562/1000] 7c31eb8a-4c2a-4e8d-b613-8b06df5f392f: 46 arrays, 0.1 MB stored; 1.4 s; peak memory 329 MiB.
2026-10-10T14:27:05Z INFO [563/1000] 7c2f8add-137b-4f3b-a9c9-a44dd224bb81: 112 arrays, 0.5 MB stored; 2.5 s; peak memory 329 MiB.
2026-10-10T14:27:05Z INFO [564/1000] 7c2fa6a4-ebea-4819-8799-9fa1b3267419: 112 arrays, 0.6 MB stored; 2.5 s; peak memory 329 MiB.
2026-10-10T14:27:05Z INFO [565/1000] 7c319d97-7129-4077-b7bd-aeef1f6dc42e: 66 arrays, 133.9 MB stored; 2.3 s; peak memory 329 MiB.
2026-10-10T14:27:05Z INFO [566/1000] 7c2d73fc-6a17-46b7-a1fb-1fedf2186797: 38 arrays, 4860.4 MB stored; 4.0 s; peak memory 329 MiB.
2026-10-10T14:27:07Z INFO [567/1000] 7c32888f-1095-4278-8848-e39c52997815: 118 arrays, 0.4 MB stored; 2.2 s; peak memory 329 MiB.
2026-10-10T14:27:07Z INFO [568/1000] 7c32b68e-0bcf-463b-95fa-10f019ca6684: 112 arrays, 0.4 MB stored; 2.4 s; peak memory 329 MiB.
2026-10-10T14:27:07Z INFO [569/1000] 7c34400b-bc4e-420a-9aad-1f43747fdfeb: 118 arrays, 0.3 MB stored; 2.2 s; peak memory 329 MiB.
2026-10-10T14:27:07Z INFO [570/1000] 7c3433d2-0364-40ca-9734-67065409a7f8: 117 arrays, 0.3 MB stored; 2.3 s; peak memory 329 MiB.
2026-10-10T14:27:07Z INFO [571/1000] 7c338d92-97fe-450b-9411-357586510017: 112 arrays, 0.8 MB stored; 3.0 s; peak memory 329 MiB.
2026-10-10T14:27:09Z INFO [572/1000] 7c34452a-2191-424b-b664-f7ee88f666d9: 121 arrays, 0.2 MB stored; 2.1 s; peak memory 329 MiB.
2026-10-10T14:27:09Z INFO [573/1000] 7c34804f-82b2-4832-ba3f-1b4c36b115c3: 117 arrays, 0.3 MB stored; 2.0 s; peak memory 329 MiB.
2026-10-10T14:27:09Z INFO [574/1000] 7c348430-41ad-493a-a9d9-51259d0442e1: 52 arrays, 13.3 MB stored; 1.9 s; peak memory 329 MiB.
2026-10-10T14:27:09Z INFO [575/1000] 7c349d58-36d6-4d9e-8f7e-d2626e9ffb42: 48 arrays, 83.9 MB stored; 1.9 s; peak memory 329 MiB.
2026-10-10T14:27:11Z INFO [576/1000] 7c3500b2-3c92-4d53-8be1-ce264b927680: 48 arrays, 83.9 MB stored; 2.0 s; peak memory 329 MiB.
2026-10-10T14:27:11Z INFO [577/1000] 7c353b4d-a70d-4172-b549-7fc481c5ee98: 51 arrays, 4710.8 MB stored; 2.1 s; peak memory 329 MiB.
2026-10-10T14:27:11Z INFO [578/1000] 7c35ec40-35ba-4306-a2f6-511e737995ab: 112 arrays, 0.4 MB stored; 2.1 s; peak memory 329 MiB.
2026-10-10T14:27:12Z INFO [579/1000] 7c3623fa-05a8-45a4-b1ef-9182ef7802d2: 112 arrays, 0.9 MB stored; 2.7 s; peak memory 329 MiB.
2026-10-10T14:27:12Z INFO [580/1000] 7c366e55-814a-49c3-80e0-2e5e8097030f: 46 arrays, 0.1 MB stored; 1.5 s; peak memory 329 MiB.
2026-10-10T14:27:13Z INFO [581/1000] 7c378b98-9b31-4d04-9876-0b6a1aa2ded0: 48 arrays, 83.9 MB stored; 1.6 s; peak memory 329 MiB.
2026-10-10T14:27:13Z INFO [582/1000] 7c374b13-cc65-4229-ae6c-d99743974e2a: 117 arrays, 0.3 MB stored; 1.9 s; peak memory 329 MiB.
2026-10-10T14:27:13Z INFO [583/1000] 7c340e21-ac95-49a4-98e2-7b3ebdb5871a: 229 arrays, 1126.1 MB stored; 8.5 s; peak memory 329 MiB.
2026-10-10T14:27:14Z INFO [584/1000] 7c3844ff-f6b2-47a5-9190-dffda3c640dc: 52 arrays, 21.1 MB stored; 2.0 s; peak memory 329 MiB.
2026-10-10T14:27:14Z INFO [585/1000] 7c34ad19-1f7e-4797-98e6-9de41a1982ab: 491 arrays, 7.0 MB stored; 6.5 s; peak memory 329 MiB.
2026-10-10T14:27:14Z INFO [586/1000] 7c38b2da-9b44-45c4-9286-7f55596b6d9b: 117 arrays, 0.2 MB stored; 2.0 s; peak memory 329 MiB.
2026-10-10T14:27:15Z INFO [587/1000] 7c38f0bb-37f6-46d8-aa5d-79bec04180fb: 70 arrays, 0.3 MB stored; 2.0 s; peak memory 329 MiB.
2026-10-10T14:27:15Z INFO [588/1000] 7c39af2a-3d0c-461c-850e-a3c723325b3c: 57 arrays, 0.0 MB stored; 1.6 s; peak memory 329 MiB.
2026-10-10T14:27:16Z INFO [589/1000] 7c3954eb-e3ee-4500-ae22-8a20096b9cf7: 112 arrays, 0.8 MB stored; 2.5 s; peak memory 329 MiB.
2026-10-10T14:27:16Z INFO [590/1000] 7c3ae900-69cf-4a66-bd4a-7deba7717656: 48 arrays, 83.9 MB stored; 1.7 s; peak memory 329 MiB.
2026-10-10T14:27:17Z INFO [591/1000] 7c3b8112-b9a2-48c1-8a0c-ddb8d5e3cab8: 53 arrays, 0.0 MB stored; 1.4 s; peak memory 329 MiB.
2026-10-10T14:27:17Z INFO [592/1000] 7c3b2466-3b46-47b5-8365-8ef651b913fc: 68 arrays, 74.2 MB stored; 2.6 s; peak memory 329 MiB.
2026-10-10T14:27:19Z INFO [593/1000] 7c3c0319-102f-4e38-852e-ef620fd876f2: 117 arrays, 0.2 MB stored; 1.9 s; peak memory 329 MiB.
2026-10-10T14:27:20Z INFO [594/1000] 7c3c106a-6097-48e8-92bd-be7f2ecdb2c8: 51 arrays, 622.8 MB stored; 3.0 s; peak memory 329 MiB.
2026-10-10T14:27:21Z INFO [595/1000] 7c3a5932-643b-4059-aa9d-0fdd4153ff2e: 170 arrays, 515.7 MB stored; 6.6 s; peak memory 329 MiB.
2026-10-10T14:27:21Z INFO [596/1000] 7c3c39b7-68c6-45ba-80dc-f8abfb11f8f3: 84 arrays, 0.4 MB stored; 2.1 s; peak memory 329 MiB.
2026-10-10T14:27:22Z INFO [597/1000] 7c3cde90-eac5-43ec-b277-ca17e2550b00: 48 arrays, 83.9 MB stored; 1.7 s; peak memory 329 MiB.
2026-10-10T14:27:23Z INFO [598/1000] 7c3d4954-9ee7-45a7-bba2-6403602198cc: 117 arrays, 0.3 MB stored; 1.8 s; peak memory 329 MiB.
2026-10-10T14:27:24Z INFO [599/1000] 7c3e24f1-a3d1-4d0a-a9b2-04f8e9850d96: 57 arrays, 0.0 MB stored; 1.5 s; peak memory 329 MiB.
2026-10-10T14:27:24Z INFO [600/1000] 7c3e25ba-93ad-4b40-ab5d-3e81b06c7661: 48 arrays, 83.9 MB stored; 1.7 s; peak memory 329 MiB.
2026-10-10T14:27:26Z INFO [600/1000] 7c3e25ba-93ad-4b40-ab5d-3e81b06c7661: checkpointed 600 new records.
2026-10-10T14:27:26Z INFO [601/1000] 7c3ba6de-2259-44d9-a129-89b20c5de201: 925 arrays, 12.4 MB stored; 10.1 s; peak memory 482 MiB.
2026-10-10T14:27:26Z INFO [602/1000] 7c3e56d3-6c79-4e90-8cfe-deb3cf0fb7e5: 112 arrays, 0.7 MB stored; 2.4 s; peak memory 482 MiB.
2026-10-10T14:27:27Z INFO [603/1000] 7c3e7115-342e-47d8-a362-ea7cbe3c46eb: 76 arrays, 58.6 MB stored; 2.5 s; peak memory 482 MiB.
2026-10-10T14:27:28Z INFO [604/1000] 7c3e9892-3406-433a-8aca-8af8b8f50bfc: 112 arrays, 0.5 MB stored; 2.3 s; peak memory 482 MiB.
2026-10-10T14:27:29Z INFO [605/1000] 7c3f6869-09f6-45b4-8210-7c8cab00c95b: 48 arrays, 83.9 MB stored; 1.6 s; peak memory 482 MiB.
2026-10-10T14:27:29Z INFO [606/1000] 7c3ee25d-c641-4338-a826-19110ca30f17: 101 arrays, 10.1 MB stored; 2.5 s; peak memory 482 MiB.
2026-10-10T14:27:30Z INFO [607/1000] 7c41f606-fde2-4e1a-84aa-0871c3337db3: 52 arrays, 15.7 MB stored; 2.0 s; peak memory 482 MiB.
2026-10-10T14:27:31Z INFO [608/1000] 7c4243c6-6d7e-4eed-8f8e-0cdae6e713bf: 112 arrays, 0.6 MB stored; 2.3 s; peak memory 482 MiB.
2026-10-10T14:27:32Z INFO [609/1000] 7c434937-698e-4959-965f-af38fa1008a3: 35 arrays, 4.8 MB stored; 1.7 s; peak memory 482 MiB.
2026-10-10T14:27:33Z INFO [610/1000] 7c437012-06db-4363-8beb-4115b71c92ed: 116 arrays, 0.5 MB stored; 2.2 s; peak memory 482 MiB.
2026-10-10T14:27:35Z INFO [611/1000] 7c439e8b-7106-43e9-a9c6-574291ee985d: 48 arrays, 83.9 MB stored; 1.7 s; peak memory 482 MiB.
2026-10-10T14:27:37Z INFO [612/1000] 7c4324b7-a7b7-4aef-afeb-4c3f1956e548: 538 arrays, 7.5 MB stored; 8.3 s; peak memory 482 MiB.
2026-10-10T14:27:39Z INFO [613/1000] 7c447318-b96f-48fe-be42-b9a41489753a: 48 arrays, 83.9 MB stored; 1.7 s; peak memory 482 MiB.
2026-10-10T14:27:40Z INFO [614/1000] 7c44e4ee-1312-4fc3-bb8b-cc9224558d2b: 48 arrays, 83.9 MB stored; 1.7 s; peak memory 482 MiB.
2026-10-10T14:27:42Z INFO [615/1000] 7c456b9f-80b6-40b9-940e-64e23bbd652b: 70 arrays, 0.3 MB stored; 1.8 s; peak memory 482 MiB.
2026-10-10T14:27:46Z INFO [616/1000] 7c458bbe-a3f6-4566-88e4-9d7a9163de75: 114 arrays, 186.8 MB stored; 3.4 s; peak memory 482 MiB.
2026-10-10T14:27:48Z INFO [617/1000] 7c43b76f-641b-436f-ac2e-0c7294179207: 723 arrays, 22.6 MB stored; 12.7 s; peak memory 482 MiB.
2026-10-10T14:27:48Z INFO [618/1000] 7c45bc48-105f-4054-b40b-014a4a1ffa33: 112 arrays, 1.2 MB stored; 2.6 s; peak memory 482 MiB.
2026-10-10T14:27:48Z INFO [619/1000] 7c438dad-aae3-48ad-b70a-d6dd2df997e4: 446 arrays, 4057.9 MB stored; 16.2 s; peak memory 482 MiB.
2026-10-10T14:27:49Z INFO [620/1000] 7c45d754-bb6b-47f8-b064-7e8015aefb00: 48 arrays, 83.9 MB stored; 1.6 s; peak memory 482 MiB.
2026-10-10T14:27:51Z INFO [621/1000] 7c45e9fc-059d-47d2-b5af-8141c1fd2689: 66 arrays, 65.4 MB stored; 2.6 s; peak memory 482 MiB.
2026-10-10T14:27:51Z INFO [622/1000] 7c239fbb-9c2b-4cd7-b5a4-94bb31cecfd3: 111 arrays, 3884.9 MB stored; 63.4 s; peak memory 482 MiB.
2026-10-10T14:27:53Z INFO [623/1000] 7c462e0a-fa70-4bd5-b929-9b353800d8b7: 179 arrays, 10.0 MB stored; 4.2 s; peak memory 482 MiB.
2026-10-10T14:27:53Z INFO [624/1000] 7c46728e-67c8-4743-8912-e797f4a5e526: 150 arrays, 6.1 MB stored; 4.0 s; peak memory 482 MiB.
2026-10-10T14:27:53Z INFO [625/1000] 7c46c34b-72c0-45c8-8adf-0cb72088d14d: 53 arrays, 717.6 MB stored; 2.7 s; peak memory 482 MiB.
2026-10-10T14:27:55Z INFO [626/1000] 7c486871-07b6-43ba-9e53-5e6a2635111f: 153 arrays, 0.5 MB stored; 2.1 s; peak memory 482 MiB.
2026-10-10T14:27:55Z INFO [627/1000] 7c488a62-7423-47bb-b641-24613b702541: 48 arrays, 83.9 MB stored; 1.6 s; peak memory 482 MiB.
2026-10-10T14:27:55Z INFO [628/1000] 7c3c91a3-d8cd-402e-a3e6-cb40281d52da: 36 arrays, 1027.4 MB stored; 34.9 s; peak memory 482 MiB.
2026-10-10T14:27:57Z INFO [629/1000] 7c490ae6-ed76-4eec-a9c3-94046dde2a8f: 117 arrays, 0.3 MB stored; 1.9 s; peak memory 482 MiB.
2026-10-10T14:27:57Z INFO [630/1000] 7c494cd0-91f4-4bff-a9e0-c605eeaf923f: 48 arrays, 83.9 MB stored; 1.7 s; peak memory 482 MiB.
2026-10-10T14:27:59Z INFO [631/1000] 7c499acd-65cc-4507-be2a-d947218db2b9: 102 arrays, 4.4 MB stored; 3.4 s; peak memory 482 MiB.
2026-10-10T14:27:59Z INFO [632/1000] 7c4a1278-251e-4712-be44-9a2d4abc9f41: 116 arrays, 0.4 MB stored; 2.1 s; peak memory 482 MiB.
2026-10-10T14:28:03Z INFO [633/1000] 7c4a1904-c93a-4748-b7bd-b78c85ce9671: 84 arrays, 490.3 MB stored; 4.4 s; peak memory 482 MiB.
2026-10-10T14:28:04Z INFO [634/1000] 7c499ffe-08fa-416c-a945-876794bea106: 566 arrays, 6.9 MB stored; 7.5 s; peak memory 482 MiB.
2026-10-10T14:28:04Z INFO [635/1000] 7c47566c-0c93-4721-b69a-28bfa10db126: 106 arrays, 20625.5 MB stored; 13.4 s; peak memory 482 MiB.
2026-10-10T14:28:05Z INFO [636/1000] 7c4a8f4f-f0eb-4303-8766-1b81829d2d73: 48 arrays, 83.9 MB stored; 1.9 s; peak memory 482 MiB.
2026-10-10T14:28:06Z INFO [637/1000] 7c4a1b7a-b3b8-4e26-9040-5ae4b3af9c50: 101 arrays, 144.3 MB stored; 7.1 s; peak memory 482 MiB.
2026-10-10T14:28:06Z INFO [638/1000] 7c4b10a4-2bfd-4ffb-8ea9-a02db3003185: 46 arrays, 0.1 MB stored; 1.6 s; peak memory 482 MiB.
2026-10-10T14:28:07Z INFO [639/1000] 7c4b1a1f-5dcb-410a-a7ff-c90e84a051e3: 48 arrays, 83.9 MB stored; 1.8 s; peak memory 482 MiB.
2026-10-10T14:28:08Z INFO [640/1000] 7c4b1e09-ab5d-4197-9d52-1ce41118c151: 52 arrays, 16.2 MB stored; 1.8 s; peak memory 482 MiB.
2026-10-10T14:28:08Z INFO [641/1000] 7c394c85-acff-4114-9520-d01e539e3f57: 96 arrays, 9208.4 MB stored; 54.9 s; peak memory 482 MiB.
2026-10-10T14:28:09Z INFO [642/1000] 7c4bac1a-834e-437a-acfd-e0f27eabdfd8: 116 arrays, 0.5 MB stored; 2.1 s; peak memory 482 MiB.
2026-10-10T14:28:10Z INFO [643/1000] 7c488388-bcd5-4b8c-8f43-e204bb67630e: 838 arrays, 45.4 MB stored; 16.9 s; peak memory 482 MiB.
2026-10-10T14:28:11Z INFO [644/1000] 7c4cdf2b-836b-45d8-8fb4-abffa1ee6b07: 117 arrays, 0.3 MB stored; 2.0 s; peak memory 482 MiB.
2026-10-10T14:28:11Z INFO [645/1000] 7c4c221c-7e0d-4e64-8976-8d826ea17a6e: 38 arrays, 34.3 MB stored; 3.4 s; peak memory 482 MiB.
2026-10-10T14:28:12Z INFO [646/1000] 7c4d0580-d7f6-4df0-818a-4eadabf4949b: 117 arrays, 0.3 MB stored; 2.2 s; peak memory 482 MiB.
2026-10-10T14:28:13Z INFO [647/1000] 7c4d491a-e67d-43b8-b3e6-85878bd1d077: 84 arrays, 0.6 MB stored; 2.3 s; peak memory 482 MiB.
2026-10-10T14:28:13Z INFO [648/1000] 7c4d4dba-0d01-4bed-9e5f-2412de21afa3: 117 arrays, 0.3 MB stored; 2.1 s; peak memory 482 MiB.
2026-10-10T14:28:15Z INFO [649/1000] 7c4e9a46-c9e7-4997-977e-c85e52d258be: 48 arrays, 83.9 MB stored; 1.7 s; peak memory 482 MiB.
2026-10-10T14:28:15Z INFO [650/1000] 7c4d74f7-6d28-47cf-a549-17699f5b2b93: 49 arrays, 1.1 MB stored; 2.2 s; peak memory 482 MiB.
2026-10-10T14:28:17Z INFO [651/1000] 7c502d6c-954e-492d-b540-2f3c2af97267: 48 arrays, 83.9 MB stored; 1.8 s; peak memory 482 MiB.
2026-10-10T14:28:19Z INFO [652/1000] 7c506def-54bf-4dce-80fa-537647c14d50: 48 arrays, 83.9 MB stored; 1.8 s; peak memory 482 MiB.
2026-10-10T14:28:20Z INFO [653/1000] 7c519d18-e86a-4a7a-a2e8-1d08aaa1a8d9: 57 arrays, 0.0 MB stored; 1.4 s; peak memory 482 MiB.
2026-10-10T14:28:26Z INFO [654/1000] 7c51be0d-51cc-4f62-9eb8-4e57917b83ab: 351 arrays, 5.1 MB stored; 5.6 s; peak memory 482 MiB.
2026-10-10T14:28:26Z INFO [655/1000] 7c4d5f52-b1ce-4ace-a558-53519952fabb: 410 arrays, 344.5 MB stored; 13.8 s; peak memory 482 MiB.
2026-10-10T14:28:26Z INFO [656/1000] 7c4c0533-b8c3-4fec-90d0-6336bbb26d6b: 278 arrays, 737.5 MB stored; 18.5 s; peak memory 482 MiB.
2026-10-10T14:28:28Z INFO [657/1000] 7c52547a-e4d6-437d-b609-9176f2fc135f: 48 arrays, 83.9 MB stored; 1.8 s; peak memory 482 MiB.
2026-10-10T14:28:28Z INFO [658/1000] 7c521f1e-e6a0-4103-8919-0ce3d0f4e0ea: 112 arrays, 0.6 MB stored; 2.4 s; peak memory 482 MiB.
2026-10-10T14:28:29Z INFO [659/1000] 7c526a5e-8a04-461c-8489-baa58c9110cc: 152 arrays, 1.0 MB stored; 3.0 s; peak memory 482 MiB.
2026-10-10T14:28:30Z INFO [660/1000] 7c532570-a702-4f64-a972-4225207ca9aa: 63 arrays, 0.1 MB stored; 1.6 s; peak memory 482 MiB.
2026-10-10T14:28:30Z INFO [661/1000] 7c52c9c2-f3e9-4162-b871-fa51d41196dd: 118 arrays, 0.4 MB stored; 2.3 s; peak memory 482 MiB.
2026-10-10T14:28:31Z INFO [662/1000] 7c53ef1d-f7b3-44bb-9891-8973aad743e3: 52 arrays, 14.6 MB stored; 1.8 s; peak memory 482 MiB.
2026-10-10T14:28:31Z INFO [663/1000] 7c4ab15f-dbce-46d8-9a53-ebe1f50c0f77: 48 arrays, 41351.2 MB stored; 27.1 s; peak memory 482 MiB.
2026-10-10T14:28:32Z INFO [664/1000] 7c5435e4-8900-45a0-acc1-c8c7d5214005: 48 arrays, 83.9 MB stored; 1.8 s; peak memory 482 MiB.
2026-10-10T14:28:32Z INFO [665/1000] 7c53fd3e-968a-4c1d-b319-c335e20b00df: 112 arrays, 0.8 MB stored; 2.4 s; peak memory 482 MiB.
2026-10-10T14:28:33Z INFO [666/1000] 7c544de1-9d69-482c-8595-742e8db6fe02: 48 arrays, 83.9 MB stored; 1.7 s; peak memory 482 MiB.
2026-10-10T14:28:33Z INFO [667/1000] 7c543f6d-fbb8-46c5-91e4-626817badb92: 118 arrays, 0.5 MB stored; 2.2 s; peak memory 482 MiB.
2026-10-10T14:28:33Z INFO [668/1000] 7c547a1c-b4c7-4f69-8379-ab2c3a521bb6: 37 arrays, 0.0 MB stored; 1.5 s; peak memory 482 MiB.
2026-10-10T14:28:34Z INFO [669/1000] 7c54cfb7-9b42-4336-91a0-30062d08444e: 117 arrays, 0.4 MB stored; 1.9 s; peak memory 482 MiB.
2026-10-10T14:28:34Z INFO [670/1000] 7c54d573-c908-474b-8200-e46b3d59c245: 31 arrays, 0.0 MB stored; 1.6 s; peak memory 482 MiB.
2026-10-10T14:28:35Z INFO [671/1000] 7c55f39d-5fde-40bb-85ba-09d6c0af642e: 35 arrays, 0.0 MB stored; 1.6 s; peak memory 482 MiB.
2026-10-10T14:28:36Z INFO [672/1000] 7c568a1b-4ab1-45c1-98a3-c22bd9f5123f: 33 arrays, 518.4 MB stored; 1.7 s; peak memory 482 MiB.
2026-10-10T14:28:36Z INFO [673/1000] 7c565988-c09c-4d7c-938f-c99781dcd1ab: 57 arrays, 1358.6 MB stored; 2.8 s; peak memory 482 MiB.
2026-10-10T14:28:37Z INFO [674/1000] 7c57d37d-fb53-4886-9b64-bb99a35228ea: 114 arrays, 0.1 MB stored; 1.7 s; peak memory 482 MiB.
2026-10-10T14:28:38Z INFO [675/1000] 7c581be9-a852-4aff-9a9e-f7a7a1e0d774: 112 arrays, 0.2 MB stored; 2.0 s; peak memory 482 MiB.
2026-10-10T14:28:38Z INFO [676/1000] 7c589f2e-61b9-4819-ba65-6783624093f7: 48 arrays, 83.9 MB stored; 1.7 s; peak memory 482 MiB.
2026-10-10T14:28:39Z INFO [677/1000] 7c58529a-b728-4641-85f7-f169148a7209: 131 arrays, 0.8 MB stored; 2.4 s; peak memory 482 MiB.
2026-10-10T14:28:40Z INFO [678/1000] 7c56b8c5-48f7-447f-bbe6-4f207324eb52: 527 arrays, 8.2 MB stored; 5.2 s; peak memory 482 MiB.
2026-10-10T14:28:42Z INFO [679/1000] 7c59ea93-2ba3-4b9a-a029-5a50064603c3: 117 arrays, 0.3 MB stored; 2.0 s; peak memory 482 MiB.
2026-10-10T14:28:42Z INFO [680/1000] 7c593b00-faad-469c-be3f-7015872e5d1b: 85 arrays, 937.7 MB stored; 3.9 s; peak memory 482 MiB.
2026-10-10T14:28:42Z INFO [681/1000] 7c591c49-af71-4f46-aa5b-1e0534e071d1: 301 arrays, 2.6 MB stored; 4.6 s; peak memory 482 MiB.
2026-10-10T14:28:42Z INFO [682/1000] 7c59d762-0606-4cc6-9d12-1304d41d641a: 138 arrays, 4.8 MB stored; 3.8 s; peak memory 482 MiB.
2026-10-10T14:28:43Z INFO [683/1000] 7c4b6cc6-3edb-4faf-b374-695ce305d1fc: 75 arrays, 249.7 MB stored; 36.7 s; peak memory 482 MiB.
2026-10-10T14:28:44Z INFO [684/1000] 7c59f2d2-de18-4d07-a2e2-27fc7788e767: 117 arrays, 0.3 MB stored; 2.0 s; peak memory 482 MiB.
2026-10-10T14:28:44Z INFO [685/1000] 7c5a11f0-638a-4b2f-ad18-3837db9ecb5e: 48 arrays, 83.9 MB stored; 1.8 s; peak memory 482 MiB.
2026-10-10T14:28:44Z INFO [686/1000] 7c5a3cbc-2c03-4c75-bb07-15161d924062: 48 arrays, 83.9 MB stored; 1.8 s; peak memory 482 MiB.
2026-10-10T14:28:44Z INFO [687/1000] 7c5a9922-e994-483d-9ed9-953fb7872310: 48 arrays, 83.9 MB stored; 1.7 s; peak memory 482 MiB.
2026-10-10T14:28:45Z INFO [688/1000] 7c5b019e-d17d-41ca-a2d1-06a6f25b993c: 21 arrays, 0.6 MB stored; 1.5 s; peak memory 482 MiB.
2026-10-10T14:28:46Z INFO [689/1000] 7c5b56cf-996f-4295-aeda-837d0c97b9dd: 52 arrays, 14.0 MB stored; 2.0 s; peak memory 482 MiB.
2026-10-10T14:28:46Z INFO [690/1000] 7c5c409c-50be-4ac3-93a2-c8b299e497e5: 50 arrays, 4254.5 MB stored; 2.1 s; peak memory 482 MiB.
2026-10-10T14:28:47Z INFO [691/1000] 7c5cc1b2-c687-4552-89b7-7dc896c2f62d: 46 arrays, 2.5 MB stored; 1.7 s; peak memory 482 MiB.
2026-10-10T14:28:49Z INFO [692/1000] 7c5d7f41-059d-4f81-9fb0-c4debf79d414: 48 arrays, 83.9 MB stored; 1.6 s; peak memory 482 MiB.
2026-10-10T14:28:49Z INFO [693/1000] 7c5d5f2a-34de-43fd-b74c-4dc8922f5e8f: 53 arrays, 9.1 MB stored; 2.9 s; peak memory 482 MiB.
2026-10-10T14:28:55Z INFO [694/1000] 7c5df576-bfc4-4d25-9ebe-a78bfb0a158b: 86 arrays, 8396.9 MB stored; 6.3 s; peak memory 482 MiB.
2026-10-10T14:28:56Z INFO [695/1000] 7c5a8485-c642-4654-b4cb-73bd2b6c3a33: 795 arrays, 26.8 MB stored; 13.3 s; peak memory 482 MiB.
2026-10-10T14:28:56Z INFO [696/1000] 7c5cdf77-6b44-48e0-b8a2-55e00b2edc11: 56 arrays, 130.5 MB stored; 9.9 s; peak memory 482 MiB.
2026-10-10T14:28:58Z INFO [697/1000] 7c5ec0df-c59a-479f-868d-b6a7e2b8e313: 112 arrays, 0.4 MB stored; 2.2 s; peak memory 482 MiB.
2026-10-10T14:28:58Z INFO [698/1000] 7c5e8095-0995-4275-a403-0e450cc3f9e5: 118 arrays, 0.6 MB stored; 2.5 s; peak memory 482 MiB.
2026-10-10T14:28:59Z INFO [699/1000] 7c5c6e69-ea92-41bd-b5d8-402b417afef2: 951 arrays, 39.6 MB stored; 14.6 s; peak memory 482 MiB.
2026-10-10T14:29:00Z INFO [700/1000] 7c5f33b6-80bd-4765-91e5-a94202f44673: 48 arrays, 83.9 MB stored; 1.7 s; peak memory 482 MiB.
2026-10-10T14:29:01Z INFO [701/1000] 7c5fbb0e-8b93-4d1c-bde9-5b090a0b566c: 46 arrays, 10.2 MB stored; 1.7 s; peak memory 482 MiB.
2026-10-10T14:29:06Z INFO [702/1000] 7c4f20d2-e444-4d94-a2aa-d231e3d84c39: 55 arrays, 1966.4 MB stored; 51.2 s; peak memory 482 MiB.
2026-10-10T14:29:06Z INFO [703/1000] 7c5fda4b-2823-42aa-bc27-f1723c0103e6: 56 arrays, 76.9 MB stored; 6.3 s; peak memory 482 MiB.
2026-10-10T14:29:08Z INFO [704/1000] 7c6051e4-3fab-42ab-9d95-afaae282b4e4: 46 arrays, 0.0 MB stored; 1.4 s; peak memory 482 MiB.
2026-10-10T14:29:08Z INFO [705/1000] 7c5e02da-6955-4d6b-a390-880df65fe1bd: 1220 arrays, 23.9 MB stored; 12.1 s; peak memory 482 MiB.
2026-10-10T14:29:08Z INFO [706/1000] 7c606822-c737-40b0-b362-6304466c53f3: 113 arrays, 0.4 MB stored; 2.3 s; peak memory 482 MiB.
2026-10-10T14:29:10Z INFO [707/1000] 7c60b186-a29b-49ef-9349-3613eb1c698b: 62 arrays, 4641.0 MB stored; 2.1 s; peak memory 482 MiB.
2026-10-10T14:29:11Z INFO [708/1000] 7c5edc3f-08ed-46de-9414-fd5cbc09cf4f: 44 arrays, 9107.0 MB stored; 13.2 s; peak memory 482 MiB.
2026-10-10T14:29:12Z INFO [709/1000] 7c61a1ea-7769-47c5-8326-7c62a79d339e: 64 arrays, 27.3 MB stored; 2.7 s; peak memory 482 MiB.
2026-10-10T14:29:13Z INFO [710/1000] 7c62177d-f8ca-4173-b88c-313e7b1538b1: 41 arrays, 4.8 MB stored; 1.7 s; peak memory 482 MiB.
2026-10-10T14:29:15Z INFO [711/1000] 7c625f16-37e8-4bd6-a3ef-1ba1699c620f: 66 arrays, 94.2 MB stored; 2.3 s; peak memory 482 MiB.
2026-10-10T14:29:17Z INFO [712/1000] 7c63a9a1-fa77-4d56-a9cf-f2bcece4b8d5: 112 arrays, 0.6 MB stored; 2.1 s; peak memory 482 MiB.
2026-10-10T14:29:18Z INFO [713/1000] 7c618c97-b8d5-4a05-bf0f-ebd7cd072ae7: 752 arrays, 16.4 MB stored; 9.3 s; peak memory 482 MiB.
2026-10-10T14:29:18Z INFO [714/1000] 7c63be44-26d7-412d-86a4-75d1fba11ceb: 48 arrays, 83.9 MB stored; 1.6 s; peak memory 482 MiB.
2026-10-10T14:29:20Z INFO [715/1000] 7c6490d4-9bd8-45c4-aa71-c3ccbaf2407f: 117 arrays, 0.5 MB stored; 2.1 s; peak memory 482 MiB.
2026-10-10T14:29:21Z INFO [716/1000] 7c649f37-d16c-49e9-a54c-f04b0340a3b5: 66 arrays, 98.5 MB stored; 2.4 s; peak memory 482 MiB.
2026-10-10T14:29:21Z INFO [717/1000] 7c6363f3-bdd1-4a98-b89a-5605482c276c: 200 arrays, 538.1 MB stored; 8.0 s; peak memory 482 MiB.
2026-10-10T14:29:22Z INFO [718/1000] 7c6571e2-6db7-421e-bb92-a07862fbf0d6: 52 arrays, 12.7 MB stored; 1.7 s; peak memory 482 MiB.
2026-10-10T14:29:23Z INFO [719/1000] 7c658a03-bd3e-492d-8d3f-161109a92244: 114 arrays, 0.1 MB stored; 1.9 s; peak memory 482 MiB.
2026-10-10T14:29:24Z INFO [720/1000] 7c658f54-d2ae-4421-b964-6f6cf4c793dd: 48 arrays, 83.9 MB stored; 1.8 s; peak memory 482 MiB.
2026-10-10T14:29:24Z INFO [721/1000] 7c65ebb1-25aa-44b9-9cb0-166405204e83: 48 arrays, 83.9 MB stored; 1.7 s; peak memory 482 MiB.
2026-10-10T14:29:26Z INFO [722/1000] 7c668ffb-d3dd-433d-aa00-a2d71438234a: 48 arrays, 83.9 MB stored; 1.8 s; peak memory 482 MiB.
2026-10-10T14:29:28Z INFO [723/1000] 7c66565d-f80f-479c-8f15-946b9f8f340e: 90 arrays, 210.1 MB stored; 3.4 s; peak memory 482 MiB.
2026-10-10T14:29:29Z INFO [724/1000] 7c6715f4-4545-48d3-977c-d41fc4991dbb: 48 arrays, 83.9 MB stored; 1.6 s; peak memory 482 MiB.
2026-10-10T14:29:31Z INFO [725/1000] 7c6733d9-eb42-4be0-af70-67bdf5bacad9: 117 arrays, 0.2 MB stored; 1.9 s; peak memory 482 MiB.
2026-10-10T14:29:33Z INFO [726/1000] 7c685252-06bd-47be-9b44-cea5d2aa747f: 64 arrays, 0.0 MB stored; 1.8 s; peak memory 482 MiB.
2026-10-10T14:29:34Z INFO [727/1000] 7c64a820-1637-4650-bc99-4d8d76a9549e: 926 arrays, 30.7 MB stored; 14.3 s; peak memory 482 MiB.
2026-10-10T14:29:34Z INFO [728/1000] 7c60f627-7f8e-4d46-8e14-24907db1913e: 1580 arrays, 30.7 MB stored; 26.9 s; peak memory 482 MiB.
2026-10-10T14:29:35Z INFO [729/1000] 7c68a1b7-5f4c-4cdf-bf34-a380f46e6882: 117 arrays, 0.3 MB stored; 1.8 s; peak memory 482 MiB.
2026-10-10T14:29:36Z INFO [730/1000] 7c68a489-9074-4e66-843c-a8fa271c19b1: 112 arrays, 0.7 MB stored; 2.3 s; peak memory 482 MiB.
2026-10-10T14:29:37Z INFO [731/1000] 7c6959c7-b788-4a02-bec7-f4d4c4199750: 48 arrays, 83.9 MB stored; 1.7 s; peak memory 482 MiB.
2026-10-10T14:29:38Z INFO [732/1000] 7c66e3e9-6cff-4cee-8716-aed080bb48b8: 319 arrays, 17.3 MB stored; 11.3 s; peak memory 482 MiB.
2026-10-10T14:29:38Z INFO [733/1000] 7c69ce89-2fd5-4115-8658-7aee6187c216: 48 arrays, 83.9 MB stored; 1.8 s; peak memory 482 MiB.
2026-10-10T14:29:39Z INFO [734/1000] 7c6a0e62-9810-4e84-ad1b-4bc2c543a022: 117 arrays, 0.3 MB stored; 1.9 s; peak memory 482 MiB.
2026-10-10T14:29:40Z INFO [735/1000] 7c6a408e-3125-4cf1-9abc-60c308b47838: 117 arrays, 0.2 MB stored; 1.8 s; peak memory 482 MiB.
2026-10-10T14:29:42Z INFO [736/1000] 7c6a484f-e106-4bf6-8efe-9d0892784378: 62 arrays, 72.1 MB stored; 2.5 s; peak memory 482 MiB.
2026-10-10T14:29:43Z INFO [737/1000] 7c6b4d67-3fd9-49cd-984f-d9c19cd4710a: 112 arrays, 1.3 MB stored; 3.2 s; peak memory 482 MiB.
2026-10-10T14:29:44Z INFO [738/1000] 7c6b617c-f439-40c1-b087-6bfcb06f8b1b: 48 arrays, 83.9 MB stored; 1.5 s; peak memory 482 MiB.
2026-10-10T14:29:44Z INFO [739/1000] 7c69c91b-171d-4847-921f-0057a43c2ffa: 229 arrays, 617.6 MB stored; 7.4 s; peak memory 482 MiB.
2026-10-10T14:29:49Z INFO [740/1000] 7c6b9844-ed4c-42a5-9bb6-33482b90fe1e: 50 arrays, 114.4 MB stored; 5.1 s; peak memory 482 MiB.
2026-10-10T14:29:49Z INFO [741/1000] 7c6c9de9-1310-4300-8854-fe4aa8d8a2a6: 156 arrays, 8.0 MB stored; 5.1 s; peak memory 482 MiB.
2026-10-10T14:29:49Z INFO [742/1000] 7c68f2f3-8228-46df-8b59-fb078420f74c: 1010 arrays, 39.9 MB stored; 14.8 s; peak memory 482 MiB.
2026-10-10T14:29:51Z INFO [743/1000] 7c6eb34c-b485-4a6f-9f41-bc8e14688ea3: 48 arrays, 83.9 MB stored; 1.9 s; peak memory 482 MiB.
2026-10-10T14:29:51Z INFO [744/1000] 7c6eed77-d0ca-4ef2-bda3-413175278e07: 117 arrays, 0.3 MB stored; 1.9 s; peak memory 482 MiB.
2026-10-10T14:29:52Z INFO [745/1000] 7c6f1529-34e7-4b99-b242-028294dfdd5a: 66 arrays, 21.4 MB stored; 2.5 s; peak memory 482 MiB.
2026-10-10T14:29:52Z INFO [746/1000] 7c6f8d2e-ad13-44e2-839d-e4ecd8054032: 64 arrays, 0.0 MB stored; 1.8 s; peak memory 482 MiB.
2026-10-10T14:29:53Z INFO [747/1000] 7c6fbfb6-e604-45dd-9375-da8a35279124: 48 arrays, 83.9 MB stored; 1.7 s; peak memory 482 MiB.
2026-10-10T14:29:54Z INFO [748/1000] 7c70000b-d97e-4e70-90bb-4b2e8c1ffc3d: 52 arrays, 11.6 MB stored; 2.0 s; peak memory 482 MiB.
2026-10-10T14:29:54Z INFO [749/1000] 7c70267e-d4ab-4428-ba73-9d1a2f303e92: 48 arrays, 83.9 MB stored; 1.7 s; peak memory 482 MiB.
2026-10-10T14:29:55Z INFO [750/1000] 7c7086a2-9aad-4d19-9339-fa5d47a6f05c: 153 arrays, 0.5 MB stored; 2.3 s; peak memory 482 MiB.
2026-10-10T14:29:56Z INFO [751/1000] 7c70f75f-eb87-4b6d-8dbb-225a7cb0c3b9: 48 arrays, 83.9 MB stored; 1.6 s; peak memory 482 MiB.
2026-10-10T14:29:56Z INFO [752/1000] 7c70b4f8-cff7-4374-9bc6-e9cd07f6349f: 112 arrays, 1.1 MB stored; 2.3 s; peak memory 482 MiB.
2026-10-10T14:29:56Z INFO [753/1000] 7c71951e-4603-406c-aff0-ae76bda17aa5: 48 arrays, 83.9 MB stored; 1.7 s; peak memory 482 MiB.
2026-10-10T14:29:57Z INFO [754/1000] 7c71c202-54ec-4a0d-8920-493831b34bf0: 45 arrays, 0.0 MB stored; 1.4 s; peak memory 482 MiB.
2026-10-10T14:29:57Z INFO [755/1000] 7c6b8502-a496-4d48-8a88-b6ed4a69b458: 1087 arrays, 22.9 MB stored; 14.0 s; peak memory 482 MiB.
2026-10-10T14:29:59Z INFO [756/1000] 7c7408b6-a03b-4a98-8bc0-37aba8b7532b: 48 arrays, 83.9 MB stored; 1.7 s; peak memory 482 MiB.
2026-10-10T14:29:59Z INFO [757/1000] 7c72a664-ef17-48f8-aff5-b80d043222fe: 116 arrays, 187.1 MB stored; 3.4 s; peak memory 482 MiB.
2026-10-10T14:30:00Z INFO [758/1000] 7c738764-b0e9-4aab-813b-2d2d463a7447: 119 arrays, 66.4 MB stored; 3.1 s; peak memory 482 MiB.
2026-10-10T14:30:01Z INFO [759/1000] 7c743eae-2cb6-4b84-ba57-4e976cb71f25: 52 arrays, 1034.7 MB stored; 2.0 s; peak memory 482 MiB.
2026-10-10T14:30:03Z INFO [760/1000] 7c75380e-0876-4a39-9809-f5886f17bc2f: 84 arrays, 0.8 MB stored; 2.4 s; peak memory 482 MiB.
2026-10-10T14:30:03Z INFO [761/1000] 7c7611e0-93be-44d9-a6b3-e59c92b7b901: 117 arrays, 0.3 MB stored; 2.0 s; peak memory 482 MiB.
2026-10-10T14:30:05Z INFO [762/1000] 7c770c58-8ea9-4455-982a-c8de3bd215f4: 48 arrays, 83.9 MB stored; 1.7 s; peak memory 482 MiB.
2026-10-10T14:30:05Z INFO [763/1000] 7c750127-2d23-45a8-8adf-7bff04169434: 562 arrays, 6.3 MB stored; 5.8 s; peak memory 482 MiB.
2026-10-10T14:30:06Z INFO [764/1000] 7c772714-7fb7-42bb-bf96-6028307d2303: 48 arrays, 83.9 MB stored; 1.7 s; peak memory 482 MiB.
2026-10-10T14:30:07Z INFO [765/1000] 7c77331b-1430-40c5-9c91-de1cb4b1e47e: 48 arrays, 83.9 MB stored; 1.6 s; peak memory 482 MiB.
2026-10-10T14:30:09Z INFO [766/1000] 7c7755e5-0ab8-4597-afc2-00f9d1cdd0fb: 117 arrays, 0.5 MB stored; 2.1 s; peak memory 482 MiB.
2026-10-10T14:30:10Z INFO [767/1000] 7c775fd4-48d8-42ed-88fb-f89b5bac12c7: 44 arrays, 0.0 MB stored; 1.5 s; peak memory 482 MiB.
2026-10-10T14:30:12Z INFO [768/1000] 7c77c85b-972e-47a0-a784-3e0091b1765d: 45 arrays, 0.0 MB stored; 1.4 s; peak memory 482 MiB.
2026-10-10T14:30:13Z INFO [769/1000] 7c603956-92aa-4a1e-ba66-ed177312f64b: 103 arrays, 115999.3 MB stored; 72.1 s; peak memory 482 MiB.
2026-10-10T14:30:14Z INFO [770/1000] 7c7804ba-0a46-40a0-9dfa-5b12fbb05424: 48 arrays, 83.9 MB stored; 1.7 s; peak memory 482 MiB.
2026-10-10T14:30:15Z INFO [771/1000] 7c7331ac-162a-49da-a9ed-a35661af724c: 1162 arrays, 39.6 MB stored; 18.3 s; peak memory 482 MiB.
2026-10-10T14:30:15Z INFO [772/1000] 7c7745d7-5ce4-4a09-a8e5-a03bde3e442a: 208 arrays, 506.9 MB stored; 8.8 s; peak memory 482 MiB.
2026-10-10T14:30:16Z INFO [773/1000] 7c79cb9c-8a1b-4007-960d-777aec0ade36: 65 arrays, 77.0 MB stored; 2.4 s; peak memory 482 MiB.
2026-10-10T14:30:17Z INFO [774/1000] 7c7a99c3-d64c-4a16-b7ce-009e436f7e33: 118 arrays, 0.2 MB stored; 1.8 s; peak memory 482 MiB.
2026-10-10T14:30:17Z INFO [775/1000] 7c7ac2f8-c38d-4c9b-933e-d4d74f0e9692: 48 arrays, 83.9 MB stored; 1.9 s; peak memory 482 MiB.
2026-10-10T14:30:18Z INFO [776/1000] 7c7b7fcd-8e1d-4edc-b99d-c2dbf41ec638: 112 arrays, 0.5 MB stored; 2.2 s; peak memory 482 MiB.
2026-10-10T14:30:18Z INFO [777/1000] 7c7bb005-f2e0-4678-8ae2-79e3cd0a37b8: 41 arrays, 8.4 MB stored; 1.7 s; peak memory 482 MiB.
2026-10-10T14:30:19Z INFO [778/1000] 7c7bd880-daad-43ac-a26b-b928bc30bfe6: 49 arrays, 11.4 MB stored; 2.0 s; peak memory 482 MiB.
2026-10-10T14:30:20Z INFO [779/1000] 7c7c16d2-1ce8-47ac-af54-cf9633ec880d: 45 arrays, 165.0 MB stored; 1.8 s; peak memory 482 MiB.
2026-10-10T14:30:22Z INFO [780/1000] 7c7beca6-64e0-4c55-a6ca-6582a86ad7ac: 110 arrays, 4254.0 MB stored; 4.2 s; peak memory 482 MiB.
2026-10-10T14:30:22Z INFO [781/1000] 7c7d6725-94dd-4d52-bcc2-0fd5a4c9fd6a: 49 arrays, 1405.7 MB stored; 2.4 s; peak memory 482 MiB.
2026-10-10T14:30:24Z INFO [782/1000] 7c7d5e74-2049-4096-873d-513d71b157b7: 156 arrays, 193.5 MB stored; 4.5 s; peak memory 482 MiB.
2026-10-10T14:30:25Z INFO [783/1000] 7c7d8a97-9a89-4d39-9ed6-ff98bc5ce353: 110 arrays, 1.1 MB stored; 2.5 s; peak memory 482 MiB.
2026-10-10T14:30:25Z INFO [784/1000] 7c7eb675-11af-4508-b625-361c7f294d78: 48 arrays, 83.9 MB stored; 1.7 s; peak memory 482 MiB.
2026-10-10T14:30:26Z INFO [785/1000] 7c7db030-69ea-4895-9517-9538e61c87b2: 38 arrays, 36.6 MB stored; 3.4 s; peak memory 482 MiB.
2026-10-10T14:30:27Z INFO [786/1000] 7c7fbaf7-282c-4aff-8194-c4d6df548e33: 58 arrays, 0.0 MB stored; 1.5 s; peak memory 482 MiB.
2026-10-10T14:30:27Z INFO [787/1000] 7c7ef7c4-2e35-44fb-a055-bdb0c8e367cd: 117 arrays, 0.3 MB stored; 2.0 s; peak memory 482 MiB.
2026-10-10T14:30:27Z INFO [788/1000] 7c80455e-d070-4546-a262-88139aeb8c9a: 46 arrays, 0.1 MB stored; 1.4 s; peak memory 482 MiB.
2026-10-10T14:30:28Z INFO [789/1000] 7c764787-694f-4b2e-bc3e-abda4e80c09d: 871 arrays, 22.7 MB stored; 25.2 s; peak memory 482 MiB.
2026-10-10T14:30:29Z INFO [790/1000] 7c80fd41-0c3f-4f4a-9a7d-6a971feb6ad9: 41 arrays, 8.4 MB stored; 1.7 s; peak memory 482 MiB.
2026-10-10T14:30:30Z INFO [791/1000] 7c818615-64a1-4dfe-8d5d-1c3195cf5377: 84 arrays, 1.1 MB stored; 2.3 s; peak memory 482 MiB.
2026-10-10T14:30:30Z INFO [792/1000] 7c81cb52-8d02-426b-af17-6076757ac6e8: 62 arrays, 4720.5 MB stored; 2.2 s; peak memory 482 MiB.
2026-10-10T14:30:30Z INFO [793/1000] 7c822911-c82d-4d28-9363-d3c20c201a4b: 49 arrays, 3.0 MB stored; 1.7 s; peak memory 482 MiB.
2026-10-10T14:30:31Z INFO [794/1000] 7c789179-bf6f-4ef0-9ee5-7c419f2d1c96: 1680 arrays, 36.1 MB stored; 18.3 s; peak memory 482 MiB.
2026-10-10T14:30:32Z INFO [795/1000] 7c82e213-dd5c-4f61-a98b-17851beb5bb9: 76 arrays, 5.3 MB stored; 2.2 s; peak memory 482 MiB.
2026-10-10T14:30:32Z INFO [796/1000] 7c830e8d-bb00-43d1-8e10-d96a537235fd: 38 arrays, 0.5 MB stored; 1.8 s; peak memory 482 MiB.
2026-10-10T14:30:32Z INFO [797/1000] 7c83a8f7-2ec4-47d0-8df3-1265b589dd59: 48 arrays, 83.9 MB stored; 1.8 s; peak memory 482 MiB.
2026-10-10T14:30:33Z INFO [798/1000] 7c83c7fd-1fd8-4f40-8276-e9e1f4efeb46: 36 arrays, 5.2 MB stored; 1.6 s; peak memory 482 MiB.
2026-10-10T14:30:34Z INFO [799/1000] 7c843b99-0058-41be-8727-7ec49891e65a: 61 arrays, 15.1 MB stored; 2.1 s; peak memory 482 MiB.
2026-10-10T14:30:34Z INFO [800/1000] 7c84706d-9a62-4634-a8a1-b4a4e105d8bb: 52 arrays, 14.5 MB stored; 2.0 s; peak memory 482 MiB.
2026-10-10T14:30:34Z INFO [800/1000] 7c84706d-9a62-4634-a8a1-b4a4e105d8bb: checkpointed 800 new records.
2026-10-10T14:30:35Z INFO [801/1000] 7c84ab1e-23dc-4279-a220-20016de5cb13: 48 arrays, 83.9 MB stored; 1.7 s; peak memory 482 MiB.
2026-10-10T14:30:36Z INFO [802/1000] 7c84b4a2-a3f5-4505-b56d-db408b6ccb21: 48 arrays, 83.9 MB stored; 1.8 s; peak memory 482 MiB.
2026-10-10T14:30:37Z INFO [803/1000] 7c85683d-f31f-4f58-8805-8a1969baa223: 114 arrays, 0.2 MB stored; 1.9 s; peak memory 482 MiB.
2026-10-10T14:30:37Z INFO [804/1000] 7c85bef6-bee9-4800-a06f-c32f1988627d: 48 arrays, 83.9 MB stored; 1.7 s; peak memory 482 MiB.
2026-10-10T14:30:39Z INFO [805/1000] 7c8648c3-f532-48ac-ae39-4d6b6c2f1a05: 48 arrays, 83.9 MB stored; 1.8 s; peak memory 482 MiB.
2026-10-10T14:30:39Z INFO [806/1000] 7c86abfe-e164-4ec2-ae9c-1391fa74a230: 52 arrays, 14.3 MB stored; 1.9 s; peak memory 482 MiB.
2026-10-10T14:30:44Z INFO [807/1000] 7c83aef9-04b7-48c8-995e-164a6ee880ed: 807 arrays, 26.7 MB stored; 12.9 s; peak memory 482 MiB.
2026-10-10T14:30:45Z INFO [808/1000] 7c816324-cb3d-454b-9513-9fac923f5ff4: 273 arrays, 1378.3 MB stored; 17.9 s; peak memory 482 MiB.
2026-10-10T14:30:46Z INFO [809/1000] 7c878804-cba9-44d6-b138-dc03c3d0bc2e: 54 arrays, 0.0 MB stored; 1.5 s; peak memory 482 MiB.
2026-10-10T14:30:47Z INFO [810/1000] 7c883dce-c688-4ba0-a804-baf993363412: 118 arrays, 0.5 MB stored; 1.9 s; peak memory 482 MiB.
2026-10-10T14:30:47Z INFO [811/1000] 7c888c6d-262a-48dd-8791-0bf7820a0ba1: 57 arrays, 0.0 MB stored; 1.4 s; peak memory 482 MiB.
2026-10-10T14:30:48Z INFO [812/1000] 7c84fed6-bc74-497a-951a-c4f14ba20e3c: 518 arrays, 23.7 MB stored; 13.6 s; peak memory 482 MiB.
2026-10-10T14:30:49Z INFO [813/1000] 7c890612-3de5-4e35-a528-a3dbca5391fd: 116 arrays, 0.3 MB stored; 2.0 s; peak memory 482 MiB.
2026-10-10T14:30:50Z INFO [814/1000] 7c898eb2-8d47-4c72-8970-b0140ad3a623: 46 arrays, 0.1 MB stored; 1.3 s; peak memory 482 MiB.
2026-10-10T14:30:51Z INFO [815/1000] 7c86b3cb-9d92-4034-861e-80cf4ab043fc: 671 arrays, 19.1 MB stored; 11.9 s; peak memory 482 MiB.
2026-10-10T14:30:53Z INFO [816/1000] 7c8b2274-f802-49c2-8ece-8e77d62d311e: 112 arrays, 0.8 MB stored; 2.3 s; peak memory 482 MiB.
2026-10-10T14:30:59Z INFO [817/1000] 7c88a6fc-7a30-4b3b-983b-4983ad36b089: 4408 arrays, 39.6 MB stored; 12.7 s; peak memory 482 MiB.
2026-10-10T14:30:59Z INFO [818/1000] 7c5db8c5-10d4-43a3-924b-83d3747fdce9: 167 arrays, 21100.9 MB stored; 130.9 s; peak memory 482 MiB.
2026-10-10T14:31:01Z INFO [819/1000] 7c8cc771-998a-4aeb-b9b9-8d7345aaa60c: 48 arrays, 83.9 MB stored; 1.6 s; peak memory 482 MiB.
2026-10-10T14:31:02Z INFO [820/1000] 7c8d0705-f27a-430a-a3b7-f9e5b6ba5eda: 47 arrays, 43.1 MB stored; 2.5 s; peak memory 482 MiB.
2026-10-10T14:31:02Z INFO [821/1000] 7c8cba80-094b-440b-a026-c3cd72de1a78: 292 arrays, 102.6 MB stored; 9.3 s; peak memory 482 MiB.
2026-10-10T14:31:03Z INFO [822/1000] 7c8d6824-5dc2-4e9d-b84f-31e5c46d5f05: 118 arrays, 0.5 MB stored; 2.0 s; peak memory 482 MiB.
2026-10-10T14:31:04Z INFO [823/1000] 7c8de126-811d-4d89-8f86-5a9a547b483c: 48 arrays, 83.9 MB stored; 1.7 s; peak memory 482 MiB.
2026-10-10T14:31:04Z INFO [824/1000] 7c8deb6e-5261-493e-8046-a90c41776d4b: 118 arrays, 0.4 MB stored; 2.0 s; peak memory 482 MiB.
2026-10-10T14:31:05Z INFO [825/1000] 7c8ec5ce-c6db-4dec-937a-37496226c148: 48 arrays, 83.9 MB stored; 1.7 s; peak memory 482 MiB.
2026-10-10T14:31:06Z INFO [826/1000] 7c8f2855-cf69-4993-a46f-58b7d4f502f2: 117 arrays, 0.4 MB stored; 2.2 s; peak memory 482 MiB.
2026-10-10T14:31:06Z INFO [827/1000] 7c8fb099-5c12-4569-bd3c-4077c88d9dac: 72 arrays, 0.0 MB stored; 1.9 s; peak memory 482 MiB.
2026-10-10T14:31:07Z INFO [828/1000] 7c8f4319-20b2-4d7e-81e6-e1fcaa2153d5: 112 arrays, 0.7 MB stored; 2.4 s; peak memory 482 MiB.
2026-10-10T14:31:08Z INFO [829/1000] 7c8fb7da-921f-4800-830b-722d4f83671a: 113 arrays, 0.4 MB stored; 1.9 s; peak memory 482 MiB.
2026-10-10T14:31:08Z INFO [830/1000] 7c90cbef-7dd3-4bba-b827-f1b19a8a2eec: 52 arrays, 12.9 MB stored; 1.8 s; peak memory 482 MiB.
2026-10-10T14:31:10Z INFO [831/1000] 7c909881-2f21-4e77-8a1b-5d36012a293f: 38 arrays, 3670.1 MB stored; 3.5 s; peak memory 482 MiB.
2026-10-10T14:31:10Z INFO [832/1000] 7c90ff8c-ff35-42ab-a1e9-973de8cd4475: 39 arrays, 2.6 MB stored; 1.8 s; peak memory 482 MiB.
2026-10-10T14:31:11Z INFO [833/1000] 7c8927bb-72be-4ad1-a82d-cdfa30c63a36: 48 arrays, 36429.8 MB stored; 22.9 s; peak memory 482 MiB.
2026-10-10T14:31:12Z INFO [834/1000] 7c922716-1cd7-47d1-9c9c-df9876a59423: 48 arrays, 83.9 MB stored; 1.7 s; peak memory 482 MiB.
2026-10-10T14:31:13Z INFO [835/1000] 7c92642e-88e2-4bb1-9dec-1c6fb6009d81: 117 arrays, 0.3 MB stored; 2.0 s; peak memory 482 MiB.
2026-10-10T14:31:14Z INFO [836/1000] 7c927823-6313-431f-9260-1d374c9e4aba: 117 arrays, 0.2 MB stored; 1.7 s; peak memory 482 MiB.
2026-10-10T14:31:16Z INFO [837/1000] 7c930792-1f82-4ba3-a770-3f96ea283598: 48 arrays, 83.9 MB stored; 1.7 s; peak memory 482 MiB.
2026-10-10T14:31:18Z INFO [838/1000] 7c933045-a2e5-4638-b6d6-9e342885f186: 116 arrays, 0.4 MB stored; 1.9 s; peak memory 482 MiB.
2026-10-10T14:31:20Z INFO [839/1000] 7c935e48-e224-4c93-8198-bebe11157ae5: 116 arrays, 0.4 MB stored; 2.1 s; peak memory 482 MiB.
2026-10-10T14:31:23Z INFO [840/1000] 7c93d334-dcfa-41d2-b4f6-519e96d3f495: 133 arrays, 82287.7 MB stored; 2.9 s; peak memory 482 MiB.
2026-10-10T14:31:25Z INFO [841/1000] 7c93f491-7f6b-4901-9d1b-539c029a7d24: 112 arrays, 0.9 MB stored; 2.3 s; peak memory 482 MiB.
2026-10-10T14:31:27Z INFO [842/1000] 7c9463f8-054f-4221-a34c-103990bac9ab: 38 arrays, 0.4 MB stored; 1.5 s; peak memory 482 MiB.
2026-10-10T14:31:29Z INFO [843/1000] 7c9464a8-2547-4d94-b27f-f0dce0247ff0: 68 arrays, 0.4 MB stored; 1.9 s; peak memory 482 MiB.
2026-10-10T14:31:31Z INFO [844/1000] 7c94c060-0ed3-49d8-b63b-d30780ae6556: 119 arrays, 66.5 MB stored; 2.7 s; peak memory 482 MiB.
2026-10-10T14:31:33Z INFO [845/1000] 7c9556cd-c8d8-4d25-bcbf-b9e3ca404dd9: 48 arrays, 83.9 MB stored; 1.6 s; peak memory 482 MiB.
2026-10-10T14:31:33Z INFO [846/1000] 7c91531b-86f1-471f-b0dd-7949de4406c2: 6650 arrays, 61.5 MB stored; 23.4 s; peak memory 482 MiB.
2026-10-10T14:31:35Z INFO [847/1000] 7c9630a6-0e97-447a-b09e-b2cef9714588: 62 arrays, 3789.1 MB stored; 2.0 s; peak memory 482 MiB.
2026-10-10T14:31:35Z INFO [848/1000] 7c96d4f9-e56d-4b7c-950c-8c9d213500c9: 42 arrays, 17793.3 MB stored; 1.7 s; peak memory 482 MiB.
2026-10-10T14:31:37Z INFO [849/1000] 7c97ca7b-a634-4077-8fad-35fbb745c05d: 48 arrays, 83.9 MB stored; 1.7 s; peak memory 482 MiB.
2026-10-10T14:31:37Z INFO [850/1000] 7c97fb44-ec2f-4319-b326-a06c77d0d8b8: 63 arrays, 0.2 MB stored; 1.6 s; peak memory 482 MiB.
2026-10-10T14:31:39Z INFO [851/1000] 7c9810f6-e2d7-4011-bea1-4d14a4d5166d: 78 arrays, 126.0 MB stored; 2.5 s; peak memory 482 MiB.
2026-10-10T14:31:39Z INFO [852/1000] 7c9840d5-2a3f-4802-86a2-2b5c2f9a121f: 66 arrays, 18.4 MB stored; 2.6 s; peak memory 482 MiB.
2026-10-10T14:31:41Z INFO [853/1000] 7c3b5ad8-0db5-43ce-93ca-24e13bde75e0: 436 arrays, 39401.3 MB stored; 265.1 s; peak memory 482 MiB.
2026-10-10T14:31:41Z INFO [854/1000] 7c984a08-455c-4667-95a9-59afe9f129e2: 62 arrays, 0.8 MB stored; 1.7 s; peak memory 482 MiB.
2026-10-10T14:31:43Z INFO [855/1000] 7c98a583-165b-49ce-bf37-a21c17cbc8dd: 48 arrays, 83.9 MB stored; 1.8 s; peak memory 482 MiB.
2026-10-10T14:31:44Z INFO [856/1000] 7c9887d7-f833-42c4-a632-f7bf7ad92690: 115 arrays, 186.9 MB stored; 3.4 s; peak memory 482 MiB.
2026-10-10T14:31:44Z INFO [857/1000] 7c98bdbf-d62e-4086-b444-46c73d79eabf: 118 arrays, 0.3 MB stored; 1.8 s; peak memory 482 MiB.
2026-10-10T14:31:46Z INFO [858/1000] 7c98c525-112f-412a-b1b9-0ddc2ba9910b: 118 arrays, 0.3 MB stored; 1.9 s; peak memory 482 MiB.
2026-10-10T14:31:46Z INFO [859/1000] 7c98cab4-b23d-429a-a370-0090d46505e7: 48 arrays, 83.9 MB stored; 1.8 s; peak memory 482 MiB.
2026-10-10T14:31:55Z INFO [860/1000] 7c9a456d-0262-4b6a-8393-e487f2da00fd: 640 arrays, 15.1 MB stored; 8.7 s; peak memory 482 MiB.
2026-10-10T14:32:08Z INFO [861/1000] 7c985d76-951e-4929-9f1d-678618314ee1: 6712 arrays, 64.9 MB stored; 28.5 s; peak memory 482 MiB.
2026-10-10T14:32:09Z INFO [862/1000] 7c90dae2-09a4-4382-a705-483c8fa70d29: 110 arrays, 3577.6 MB stored; 61.4 s; peak memory 482 MiB.
2026-10-10T14:32:10Z INFO [863/1000] 7c9b3e6a-aef5-434b-891e-3ab9ff7e6167: 60 arrays, 9.6 MB stored; 2.0 s; peak memory 482 MiB.
2026-10-10T14:32:11Z INFO [864/1000] 7c9b72f2-66a8-4941-bb1b-12497c98fe98: 64 arrays, 0.0 MB stored; 2.0 s; peak memory 482 MiB.
2026-10-10T14:32:13Z INFO [865/1000] 7c9d0a88-230d-48ff-8fd2-41127caddc36: 110 arrays, 0.3 MB stored; 2.0 s; peak memory 482 MiB.
2026-10-10T14:32:15Z INFO [866/1000] 7c9d310b-dd1e-4543-b0b9-d4cfae774364: 80 arrays, 0.3 MB stored; 2.1 s; peak memory 482 MiB.
2026-10-10T14:32:18Z INFO [867/1000] 7c9b9234-7225-46ed-b511-609afa280af9: 538 arrays, 7.9 MB stored; 8.5 s; peak memory 482 MiB.
2026-10-10T14:32:19Z INFO [868/1000] 7c9d3285-ac63-426b-98ef-ad149187e949: 114 arrays, 186.8 MB stored; 4.0 s; peak memory 482 MiB.
2026-10-10T14:32:21Z INFO [869/1000] 7c9ae559-61eb-4623-a36a-8bba3242d73b: 898 arrays, 22.2 MB stored; 25.8 s; peak memory 482 MiB.
2026-10-10T14:32:22Z INFO [870/1000] 7c9e9921-c59e-44df-ac05-b5fa9a68c92e: 46 arrays, 0.1 MB stored; 1.4 s; peak memory 482 MiB.
2026-10-10T14:32:24Z INFO [871/1000] 7c9f085a-5a43-4f2d-8137-3306daffdf65: 46 arrays, 0.0 MB stored; 1.4 s; peak memory 482 MiB.
2026-10-10T14:32:26Z INFO [872/1000] 7c9f2978-00e1-4cc0-bd20-a3fa03283019: 64 arrays, 35.6 MB stored; 2.4 s; peak memory 482 MiB.
2026-10-10T14:32:27Z INFO [873/1000] 7c9e0862-6eda-4ea0-98b3-260f4ece81dd: 538 arrays, 8.4 MB stored; 9.0 s; peak memory 482 MiB.
2026-10-10T14:32:29Z INFO [874/1000] 7c9fa6d5-9e5a-4f7c-b9b3-9ce26ee0772d: 78 arrays, 591.1 MB stored; 3.0 s; peak memory 482 MiB.
2026-10-10T14:32:29Z INFO [875/1000] 7c9fe250-ce44-4792-a141-d145da3836cb: 117 arrays, 0.3 MB stored; 2.1 s; peak memory 482 MiB.
2026-10-10T14:32:31Z INFO [876/1000] 7c9ffbd3-a514-49ea-8b1b-463b5d714a6a: 48 arrays, 83.9 MB stored; 1.8 s; peak memory 482 MiB.
2026-10-10T14:32:31Z INFO [877/1000] 7ca01a17-4eae-432a-9c0b-b69218c9e74c: 45 arrays, 0.0 MB stored; 1.6 s; peak memory 482 MiB.
2026-10-10T14:32:33Z INFO [878/1000] 7ca1abc3-2b95-44dd-845d-e6bc2439dd5c: 48 arrays, 83.9 MB stored; 1.7 s; peak memory 482 MiB.
2026-10-10T14:32:34Z INFO [879/1000] 7ca23ef5-c8b9-4dfa-b26d-4eff13f83bdd: 48 arrays, 83.9 MB stored; 1.7 s; peak memory 482 MiB.
2026-10-10T14:32:35Z INFO [880/1000] 7ca02c2e-b9af-4d98-b9c3-9284e4cd0db1: 48 arrays, 35.0 MB stored; 4.6 s; peak memory 482 MiB.
2026-10-10T14:32:36Z INFO [881/1000] 7ca2c280-edeb-4f0d-aba3-8229378cef84: 48 arrays, 83.9 MB stored; 1.8 s; peak memory 482 MiB.
2026-10-10T14:32:38Z INFO [882/1000] 7ca30ead-aa5f-4349-9b4d-9aab44616d31: 66 arrays, 207.9 MB stored; 2.4 s; peak memory 482 MiB.
2026-10-10T14:32:45Z INFO [883/1000] 7ca326ad-bc9b-4e0a-a123-784e0cf6676b: 969 arrays, 24.9 MB stored; 9.1 s; peak memory 482 MiB.
2026-10-10T14:32:51Z INFO [884/1000] 7c99714f-36d5-4e1e-87bc-55dde0ca80f4: 111 arrays, 5187.4 MB stored; 65.3 s; peak memory 482 MiB.
2026-10-10T14:32:53Z INFO [885/1000] 7ca46661-11d5-450d-93ce-61b02f7dc041: 116 arrays, 0.3 MB stored; 1.9 s; peak memory 482 MiB.
2026-10-10T14:32:54Z INFO [886/1000] 7ca45647-a2d8-440b-a725-a67f74fa89d0: 702 arrays, 21.3 MB stored; 8.9 s; peak memory 482 MiB.
2026-10-10T14:32:55Z INFO [887/1000] 7ca55a78-fdba-4b88-a0f7-6e4f7faacae6: 63 arrays, 0.1 MB stored; 1.8 s; peak memory 482 MiB.
2026-10-10T14:32:57Z INFO [888/1000] 7ca5708b-0393-4399-8ab0-6b2e4cc5f82f: 48 arrays, 83.9 MB stored; 1.8 s; peak memory 482 MiB.
2026-10-10T14:32:57Z INFO [889/1000] 7ca56372-4143-41c7-98aa-91eddd0f0f31: 66 arrays, 79.8 MB stored; 3.0 s; peak memory 482 MiB.
2026-10-10T14:32:58Z INFO [890/1000] 7ca64eb0-95d8-4b1b-ac4e-2c68503dc4b7: 48 arrays, 83.9 MB stored; 1.7 s; peak memory 482 MiB.
2026-10-10T14:32:59Z INFO [891/1000] 7ca67238-537e-4103-ae1b-700d0ac4dcd6: 118 arrays, 0.5 MB stored; 2.2 s; peak memory 482 MiB.
2026-10-10T14:33:01Z INFO [892/1000] 7ca836e6-25c9-4baf-9654-0a03918a6096: 47 arrays, 0.3 MB stored; 1.6 s; peak memory 482 MiB.
2026-10-10T14:33:05Z INFO [893/1000] 7ca8ecdd-2c6a-416a-8f6b-2fd6b0d3b0e7: 90 arrays, 220.4 MB stored; 3.9 s; peak memory 482 MiB.
2026-10-10T14:33:07Z INFO [894/1000] 7ca90f05-2ad0-491a-8c64-38733a6eff41: 117 arrays, 0.2 MB stored; 1.8 s; peak memory 482 MiB.
2026-10-10T14:33:09Z INFO [895/1000] 7caa2383-4cd2-4c9c-8128-3ae8c4b62891: 112 arrays, 0.7 MB stored; 2.4 s; peak memory 482 MiB.
2026-10-10T14:33:12Z INFO [896/1000] 7caa2386-6a4d-413e-8398-e74a1993d87d: 85 arrays, 5.1 MB stored; 2.6 s; peak memory 482 MiB.
2026-10-10T14:33:13Z INFO [897/1000] 7caa48a9-11b8-4902-8526-d6bd3551f8f6: 48 arrays, 83.9 MB stored; 1.6 s; peak memory 482 MiB.
2026-10-10T14:33:15Z INFO [898/1000] 7caa6199-aafc-4ad0-8a21-88a0ce05d1a5: 48 arrays, 83.9 MB stored; 1.7 s; peak memory 482 MiB.
2026-10-10T14:33:18Z INFO [899/1000] 7caa8378-cd87-4c58-93be-323469a2d59a: 152 arrays, 477.7 MB stored; 3.1 s; peak memory 482 MiB.
2026-10-10T14:33:20Z INFO [900/1000] 7caa9662-a13e-4567-8883-adcea0ffb62a: 48 arrays, 83.9 MB stored; 1.7 s; peak memory 482 MiB.
2026-10-10T14:33:22Z INFO [901/1000] 7caac7c2-4421-452c-95fa-b63beab89110: 48 arrays, 83.9 MB stored; 1.8 s; peak memory 482 MiB.
2026-10-10T14:33:23Z INFO [902/1000] 7caae18e-38f6-45bd-8c90-cb56a49443df: 47 arrays, 5.8 MB stored; 1.6 s; peak memory 482 MiB.
2026-10-10T14:33:57Z INFO [903/1000] 7ca35d25-2370-4fdc-8dd2-a47a4c23bdbd: 58 arrays, 4506.5 MB stored; 78.8 s; peak memory 482 MiB.
2026-10-10T14:33:57Z INFO [904/1000] 7ca7fff9-2a73-4a8d-9a5a-d2b7527dcfc1: 416 arrays, 161694.1 MB stored; 58.9 s; peak memory 482 MiB.
2026-10-10T14:33:57Z INFO [905/1000] 7c9e6853-fedf-4030-9c39-ae2ee0dbe16d: 167 arrays, 21105.6 MB stored; 98.3 s; peak memory 482 MiB.
2026-10-10T14:33:59Z INFO [906/1000] 7cab0a0a-a3be-4262-ae0d-757321dc9756: 117 arrays, 0.2 MB stored; 2.1 s; peak memory 482 MiB.
2026-10-10T14:33:59Z INFO [907/1000] 7cac140f-2aea-4ae6-862d-941b89377775: 35 arrays, 0.0 MB stored; 1.5 s; peak memory 482 MiB.
2026-10-10T14:33:59Z INFO [908/1000] 7cacb12a-5297-4419-b292-50b12ee984d0: 116 arrays, 9.8 MB stored; 2.0 s; peak memory 482 MiB.
2026-10-10T14:34:00Z INFO [909/1000] 7cacc55c-2dd8-4ec8-a6fc-fca6f7664112: 48 arrays, 83.9 MB stored; 1.7 s; peak memory 482 MiB.
2026-10-10T14:34:01Z INFO [910/1000] 7cad0ddb-7a6b-4e20-82f8-1e1ecf2c7827: 289 arrays, 17.1 MB stored; 2.6 s; peak memory 482 MiB.
2026-10-10T14:34:03Z INFO [911/1000] 7cad3274-5932-44ec-b2f5-a9ef70de51fe: 70 arrays, 22.5 MB stored; 2.4 s; peak memory 482 MiB.
2026-10-10T14:34:04Z INFO [912/1000] 7cadba96-7601-454e-9233-100b3dfd77dd: 101 arrays, 11.7 MB stored; 2.8 s; peak memory 482 MiB.
2026-10-10T14:34:05Z INFO [913/1000] 7cad2a1b-606a-4b90-baf9-9a02337b5721: 38 arrays, 117.5 MB stored; 5.6 s; peak memory 482 MiB.
2026-10-10T14:34:05Z INFO [914/1000] 7cae1186-d1d4-43c1-a1cb-0a76c685d572: 112 arrays, 0.8 MB stored; 2.4 s; peak memory 482 MiB.
2026-10-10T14:34:06Z INFO [915/1000] 7caeb5b1-3a70-4af1-ae25-f0dd60f655ca: 118 arrays, 0.4 MB stored; 2.1 s; peak memory 482 MiB.
2026-10-10T14:34:07Z INFO [916/1000] 7caebb41-14c3-4cf6-9644-44a769d09e0e: 275 arrays, 17.2 MB stored; 2.3 s; peak memory 482 MiB.
2026-10-10T14:34:09Z INFO [917/1000] 7cb03c69-d87d-4433-b50c-48b39c3d7f18: 112 arrays, 0.5 MB stored; 2.3 s; peak memory 482 MiB.
2026-10-10T14:34:10Z INFO [918/1000] 7cb0c84d-f7e5-4c63-8f9f-2b21d5dc6361: 71 arrays, 3.2 MB stored; 2.6 s; peak memory 482 MiB.
2026-10-10T14:34:10Z INFO [919/1000] 7cb0dc09-c1ab-4b76-8b72-5a3d4a8df49b: 48 arrays, 83.9 MB stored; 1.7 s; peak memory 482 MiB.
2026-10-10T14:34:13Z INFO [920/1000] 7cb15bf2-326a-4f64-beb2-b387aa3a424b: 110 arrays, 0.9 MB stored; 2.6 s; peak memory 482 MiB.
2026-10-10T14:34:17Z INFO [921/1000] 7caafa40-9132-44d7-b2ab-9499dc560abb: 55 arrays, 2382.3 MB stored; 53.2 s; peak memory 482 MiB.
2026-10-10T14:34:17Z INFO [922/1000] 7cb16bae-cc82-4e95-9b41-52a3c5375b32: 156 arrays, 193.4 MB stored; 4.0 s; peak memory 482 MiB.
2026-10-10T14:34:18Z INFO [923/1000] 7cb0f279-86b8-47f5-9aa9-f09b309ab0c2: 256 arrays, 245.9 MB stored; 8.4 s; peak memory 482 MiB.
2026-10-10T14:34:19Z INFO [924/1000] 7cb23e0f-35f0-4603-ad3f-6a3a8ca58671: 112 arrays, 0.8 MB stored; 2.1 s; peak memory 482 MiB.
2026-10-10T14:34:20Z INFO [925/1000] 7cb26fc4-2da6-4eaa-98fe-a1a345c55285: 38 arrays, 0.5 MB stored; 1.6 s; peak memory 482 MiB.
2026-10-10T14:34:22Z INFO [926/1000] 7cb35074-0aba-44d5-93a9-6c5c5f6de0a6: 57 arrays, 0.0 MB stored; 1.5 s; peak memory 482 MiB.
2026-10-10T14:34:29Z INFO [927/1000] 7cb1e84d-c71e-437f-80fa-8ec81afd9726: 396 arrays, 24.0 MB stored; 12.6 s; peak memory 482 MiB.
2026-10-10T14:34:30Z INFO [928/1000] 7cb3a179-9c8b-4473-a3be-541331918e09: 196 arrays, 612.2 MB stored; 8.1 s; peak memory 482 MiB.
2026-10-10T14:34:31Z INFO [929/1000] 7cb3cadb-a4ff-4cd6-bfec-0c8832da5102: 58 arrays, 0.0 MB stored; 1.5 s; peak memory 482 MiB.
2026-10-10T14:34:32Z INFO [930/1000] 7cb3db05-f366-45f3-8e89-3985cd0087c4: 51 arrays, 1542.5 MB stored; 2.1 s; peak memory 482 MiB.
2026-10-10T14:34:34Z INFO [931/1000] 7cb5dea1-27b2-4654-80d0-c97f75707733: 52 arrays, 13.2 MB stored; 1.9 s; peak memory 482 MiB.
2026-10-10T14:34:36Z INFO [932/1000] 7cb66065-26ac-444c-b507-19ba6c6bc53d: 110 arrays, 0.7 MB stored; 2.4 s; peak memory 482 MiB.
2026-10-10T14:34:41Z INFO [933/1000] 7cb67f4d-3488-4efb-82ff-c99665ec66f9: 50 arrays, 135.1 MB stored; 4.6 s; peak memory 482 MiB.
2026-10-10T14:34:42Z INFO [934/1000] 7cb47900-7666-4d55-83b8-87351d67ad81: 1188 arrays, 13.3 MB stored; 11.3 s; peak memory 482 MiB.
2026-10-10T14:34:43Z INFO [935/1000] 7cb7b387-9aa3-4f46-af1c-9a5eff52716b: 31 arrays, 0.0 MB stored; 1.4 s; peak memory 482 MiB.
2026-10-10T14:34:44Z INFO [936/1000] 7cb72498-f780-44a6-8e55-8f400a5b8bff: 90 arrays, 161.1 MB stored; 3.3 s; peak memory 482 MiB.
2026-10-10T14:34:46Z INFO [937/1000] 7cb82051-d009-4ae6-a583-ce8c9694808b: 46 arrays, 0.2 MB stored; 1.6 s; peak memory 482 MiB.
2026-10-10T14:34:46Z INFO [938/1000] 7cb7eb40-e1cd-4282-a7a6-06d8882b56e0: 112 arrays, 0.5 MB stored; 2.4 s; peak memory 482 MiB.
2026-10-10T14:34:48Z INFO [939/1000] 7cb8cbc8-c724-434e-b2bd-040187fe8a5f: 71 arrays, 313.2 MB stored; 2.8 s; peak memory 482 MiB.
2026-10-10T14:34:50Z INFO [940/1000] 7cb9ba02-9ea4-4ced-a2d0-cafdfcc4470a: 52 arrays, 13.6 MB stored; 1.8 s; peak memory 482 MiB.
2026-10-10T14:34:52Z INFO [941/1000] 7cb9ee0f-c9c8-43bd-b049-f8525a507222: 56 arrays, 0.0 MB stored; 1.5 s; peak memory 482 MiB.
2026-10-10T14:34:54Z INFO [942/1000] 7cb8ce7f-a2cf-49ba-bbf2-f51e86563733: 1206 arrays, 27.4 MB stored; 8.4 s; peak memory 482 MiB.
2026-10-10T14:34:54Z INFO [943/1000] 7cb9f0e3-096c-4de7-b861-cdafe10f0cb0: 71 arrays, 65.9 MB stored; 2.8 s; peak memory 482 MiB.
2026-10-10T14:34:57Z INFO [944/1000] 7cbabb3f-4b0d-4ce6-8fe8-342a7efcf384: 66 arrays, 96.4 MB stored; 2.4 s; peak memory 482 MiB.
2026-10-10T14:34:59Z INFO [945/1000] 7cbad8c5-7185-4bb2-afba-2dac176d6d5b: 66 arrays, 22.0 MB stored; 2.2 s; peak memory 482 MiB.
2026-10-10T14:35:01Z INFO [946/1000] 7cbb154f-523d-498a-adeb-1918a321143e: 52 arrays, 20.8 MB stored; 2.1 s; peak memory 482 MiB.
2026-10-10T14:35:03Z INFO [947/1000] 7cbb19b5-4b84-4ff3-8dda-7f8ddbcb3a84: 118 arrays, 0.3 MB stored; 2.1 s; peak memory 482 MiB.
2026-10-10T14:35:05Z INFO [948/1000] 7cbb4752-e17c-4ce8-8075-7f5b32623305: 118 arrays, 0.4 MB stored; 2.1 s; peak memory 482 MiB.
2026-10-10T14:35:07Z INFO [949/1000] 7cbc5945-3e66-4048-a967-a8404a5e657f: 56 arrays, 0.0 MB stored; 1.4 s; peak memory 482 MiB.
2026-10-10T14:35:09Z INFO [950/1000] 7cbcdac7-3df3-43a3-bf9e-aa1e597b3ce2: 117 arrays, 0.5 MB stored; 2.1 s; peak memory 482 MiB.
2026-10-10T14:35:12Z INFO [951/1000] 7cbd1e18-f0f7-4ff9-8cfc-a633af61c944: 112 arrays, 1.0 MB stored; 2.6 s; peak memory 482 MiB.
2026-10-10T14:35:18Z INFO [952/1000] 7cba80c5-de74-41c0-a565-9808160e31d0: 48 arrays, 37462.9 MB stored; 23.4 s; peak memory 482 MiB.
2026-10-10T14:35:20Z INFO [953/1000] 7cbe57ae-2edf-4e37-9603-70c288e90bc1: 69 arrays, 4.0 MB stored; 2.6 s; peak memory 482 MiB.
2026-10-10T14:35:26Z INFO [954/1000] 7cbd82ba-1574-4cbc-a75d-7ef668718340: 718 arrays, 22.1 MB stored; 14.4 s; peak memory 482 MiB.
2026-10-10T14:35:27Z INFO [955/1000] 7cbe60ab-7a69-43ff-b147-c4bc94cf10c1: 54 arrays, 0.0 MB stored; 1.5 s; peak memory 482 MiB.
2026-10-10T14:35:29Z INFO [956/1000] 7c9267cd-bfb7-4eb7-ab8d-77a3a7258616: 264 arrays, 39384.7 MB stored; 256.7 s; peak memory 482 MiB.
2026-10-10T14:35:29Z INFO [957/1000] 7cbe6d5a-7200-47e4-b67f-c98b82073802: 116 arrays, 0.5 MB stored; 1.9 s; peak memory 482 MiB.
2026-10-10T14:35:31Z INFO [958/1000] 7cbf28e3-5829-482f-b024-930687fb21b7: 112 arrays, 0.4 MB stored; 2.1 s; peak memory 482 MiB.
2026-10-10T14:35:33Z INFO [959/1000] 7cbeb661-1283-4315-9efb-6d2fc39071f1: 156 arrays, 193.5 MB stored; 4.1 s; peak memory 482 MiB.
2026-10-10T14:35:36Z INFO [960/1000] 7cbf9da0-2887-44f7-acae-dd58ee67a404: 90 arrays, 207.4 MB stored; 3.5 s; peak memory 482 MiB.
2026-10-10T14:35:39Z INFO [961/1000] 7cbfe368-0867-4d39-8411-204978c41c24: 71 arrays, 68.7 MB stored; 2.8 s; peak memory 482 MiB.
2026-10-10T14:35:41Z INFO [962/1000] 7cbf5e83-79d3-4894-8305-6f09cef764c3: 234 arrays, 856.9 MB stored; 9.2 s; peak memory 482 MiB.
2026-10-10T14:35:41Z INFO [963/1000] 7cc01b71-ac49-4f41-939a-cab12b773990: 110 arrays, 0.4 MB stored; 2.2 s; peak memory 482 MiB.
2026-10-10T14:35:43Z INFO [964/1000] 7cc02039-b634-445d-965d-0abd64d123f3: 75 arrays, 2.3 MB stored; 2.4 s; peak memory 482 MiB.
2026-10-10T14:35:45Z INFO [965/1000] 7cc16cbe-64dd-481f-97d6-590208372f39: 111 arrays, 0.5 MB stored; 2.1 s; peak memory 482 MiB.
2026-10-10T14:35:45Z INFO [966/1000] 7cc07e91-8d5b-491e-bcfb-ee8ea6275f3d: 98 arrays, 1209.1 MB stored; 4.2 s; peak memory 482 MiB.
2026-10-10T14:35:47Z INFO [967/1000] 7cc1ae34-4c4a-411e-b8a9-b9b5659a5683: 52 arrays, 1.2 MB stored; 1.8 s; peak memory 482 MiB.
2026-10-10T14:35:54Z INFO [968/1000] 7cc1b20e-6d00-4e19-a53e-b7e92f3a2a50: 610 arrays, 7.7 MB stored; 8.3 s; peak memory 482 MiB.
2026-10-10T14:35:54Z INFO [969/1000] 7cc1c7e2-4e77-4247-9a08-97227c74131c: 229 arrays, 343.4 MB stored; 6.9 s; peak memory 482 MiB.
2026-10-10T14:36:00Z INFO [970/1000] 7cc21069-92df-45cc-9770-03c6330b82f5: 544 arrays, 5.5 MB stored; 6.1 s; peak memory 482 MiB.
2026-10-10T14:36:02Z INFO [971/1000] 7cc36e32-0183-44fd-a21d-02cf95000cef: 112 arrays, 0.6 MB stored; 2.1 s; peak memory 482 MiB.
2026-10-10T14:36:09Z INFO [972/1000] 7cc40407-bab1-4bc2-8a30-7ca5017c7396: 208 arrays, 50.8 MB stored; 7.3 s; peak memory 482 MiB.
2026-10-10T14:36:11Z INFO [973/1000] 7cc485a0-dae5-4804-96b8-5329ae7a44f2: 112 arrays, 0.3 MB stored; 1.9 s; peak memory 482 MiB.
2026-10-10T14:36:13Z INFO [974/1000] 7cc55ad3-43ec-4d39-b0c2-e593a4055ce2: 48 arrays, 83.9 MB stored; 1.7 s; peak memory 482 MiB.
2026-10-10T14:36:14Z INFO [975/1000] 7cbe5d46-7550-4dd1-b18e-e1ae3f9c0c59: 55 arrays, 2555.5 MB stored; 53.6 s; peak memory 482 MiB.
2026-10-10T14:36:15Z INFO [976/1000] 7cc5b613-632c-4b14-9d2c-47a24de17fa5: 112 arrays, 0.5 MB stored; 2.2 s; peak memory 482 MiB.
2026-10-10T14:36:18Z INFO [977/1000] 7cc5eb01-a1d9-4b21-bc9f-a20cf0324aaf: 294 arrays, 2.5 MB stored; 4.3 s; peak memory 482 MiB.
2026-10-10T14:36:20Z INFO [978/1000] 7cc67d5b-a62e-41f4-971f-7ecffdb7cf11: 41 arrays, 8.4 MB stored; 1.7 s; peak memory 482 MiB.
2026-10-10T14:36:22Z INFO [979/1000] 7cc6ba1f-2534-4bca-8faf-9ec6981e38ac: 117 arrays, 0.6 MB stored; 2.1 s; peak memory 482 MiB.
2026-10-10T14:36:22Z INFO [980/1000] 7cc64632-3740-49f2-8b22-342fca67e069: 595 arrays, 7.9 MB stored; 7.0 s; peak memory 482 MiB.
2026-10-10T14:36:24Z INFO [981/1000] 7cc6ff07-c3d4-4bdf-a89f-cae43cf62189: 48 arrays, 83.9 MB stored; 1.7 s; peak memory 482 MiB.
2026-10-10T14:36:24Z INFO [982/1000] 7cc77588-20d9-4aaf-b6e0-55ea902d15e4: 118 arrays, 0.4 MB stored; 2.3 s; peak memory 482 MiB.
2026-10-10T14:36:26Z INFO [983/1000] 7cc7b7f0-cbf4-450b-82b0-8122cf95287b: 117 arrays, 0.3 MB stored; 2.1 s; peak memory 482 MiB.
2026-10-10T14:36:29Z INFO [984/1000] 7cb3500b-b744-476e-b307-a86c0832e9e2: 19540 arrays, 247.4 MB stored; 130.0 s; peak memory 482 MiB.
2026-10-10T14:36:31Z INFO [985/1000] 7cc85e58-42e2-476f-96e7-e0c76446dfc2: 118 arrays, 0.4 MB stored; 2.2 s; peak memory 482 MiB.
2026-10-10T14:36:33Z INFO [986/1000] 7cc87f55-9d0a-40fa-8ba0-e9a93ee2d3b5: 110 arrays, 0.4 MB stored; 2.1 s; peak memory 482 MiB.
2026-10-10T14:36:35Z INFO [987/1000] 7cc890c3-2979-4a8d-8eba-6da6284d3a8c: 116 arrays, 0.4 MB stored; 1.9 s; peak memory 482 MiB.
2026-10-10T14:36:36Z INFO [988/1000] 7cc7f231-7190-4a19-be17-8d5b7df859af: 106 arrays, 13611.5 MB stored; 10.7 s; peak memory 482 MiB.
2026-10-10T14:36:37Z INFO [989/1000] 7cc962b0-2be8-4eb0-9094-76c388e77e23: 69 arrays, 1.8 MB stored; 2.2 s; peak memory 482 MiB.
2026-10-10T14:36:39Z INFO [990/1000] 7cca222f-7fd8-488f-a2c2-9d61b7f739d6: 121 arrays, 0.2 MB stored; 1.8 s; peak memory 482 MiB.
2026-10-10T14:36:41Z INFO [991/1000] 7cc98373-306b-4b17-b0d6-b6d4cb2365fe: 200 arrays, 5.4 MB stored; 4.1 s; peak memory 482 MiB.
2026-10-10T14:36:41Z INFO [992/1000] 7ccb067c-6f58-4a1b-a4da-e4a7a274b79f: 116 arrays, 9.8 MB stored; 1.9 s; peak memory 482 MiB.
2026-10-10T14:36:43Z INFO [993/1000] 7ccbf504-540e-4e87-985b-f1eee48fe291: 68 arrays, 2.0 MB stored; 1.8 s; peak memory 482 MiB.
2026-10-10T14:36:45Z INFO [994/1000] 7ccb12fc-6543-49e0-89c2-5458383a36b4: 153 arrays, 3.3 MB stored; 4.0 s; peak memory 482 MiB.
2026-10-10T14:36:52Z INFO [995/1000] 7cc35943-a9e7-4ebb-96aa-af8402b7d50e: 52 arrays, 2452.4 MB stored; 58.0 s; peak memory 482 MiB.
2026-10-10T14:37:06Z INFO [996/1000] 7cc7d5ea-84d1-4a35-827b-7d12bce6478d: 52 arrays, 1754.7 MB stored; 41.4 s; peak memory 482 MiB.
2026-10-10T14:44:21Z INFO [997/1000] 7c875358-f889-4366-9da3-04f2af28165d: 196 arrays, 163342.9 MB stored; 822.1 s; peak memory 482 MiB.
2026-10-10T14:45:52Z WARNING 7c098f0f-b5c1-4a5d-a9dc-928c929a2002: failed while reading the NWB file (TimeoutError: exceeded 1200 s)
2026-10-10T14:45:52Z WARNING [998/1000] 7c098f0f-b5c1-4a5d-a9dc-928c929a2002: recorded the failure; a later run retries it.
2026-10-10T14:50:51Z WARNING 7c899a7e-f17f-49f4-89c7-fc046365917c: failed while reading the NWB file (TimeoutError: exceeded 1200 s)
2026-10-10T14:50:51Z WARNING [999/1000] 7c899a7e-f17f-49f4-89c7-fc046365917c: recorded the failure; a later run retries it.
2026-10-10T14:54:05Z WARNING 7caf5010-1f96-4bcb-8858-93f81f28f9c7: failed while reading the NWB file (TimeoutError: exceeded 1200 s)
2026-10-10T14:54:05Z WARNING [1000/1000] 7caf5010-1f96-4bcb-8858-93f81f28f9c7: recorded the failure; a later run retries it.
2026-10-10T14:54:06Z INFO [1000/1000] 7caf5010-1f96-4bcb-8858-93f81f28f9c7: checkpointed 1000 new records.
2026-10-10T14:54:06Z INFO Wrote 83200 records to /tmp/derivatives/valid_nwb_file_to_array_sizes.jsonl (997 new, 3 failed) in 37.3 min (peak memory 482 MiB).
