2026-10-09T04:57:39Z INFO Logging to /tmp/logs/update_2026-10-09T04-57-39Z.log.
2026-10-09T04:57:39Z INFO Update valid-nwb-file-to-array-sizes (base directory /tmp).
2026-10-09T04:57:47Z INFO Processing 1000 items (26200 already recorded).
2026-10-09T04:57:49Z INFO [1/1000] 2748874a-6083-4709-b88d-3e6884045917: 72 arrays, 30.6 MB stored; 1.6 s; peak memory 153 MiB.
2026-10-09T04:57:49Z INFO [2/1000] 2748f40a-5cd9-486d-aca0-1eeef514e61e: 117 arrays, 0.4 MB stored; 1.7 s; peak memory 153 MiB.
2026-10-09T04:57:49Z INFO [3/1000] 27493543-2ef8-48d8-ba72-7705b10525df: 112 arrays, 0.4 MB stored; 1.9 s; peak memory 153 MiB.
2026-10-09T04:57:49Z INFO [4/1000] 2749a0a4-0b48-4af1-8f0d-9bbc78e7b263: 153 arrays, 0.5 MB stored; 2.0 s; peak memory 153 MiB.
2026-10-09T04:57:49Z INFO [5/1000] 2748ad2c-721d-457c-a17e-3cc73f8049ea: 117 arrays, 0.5 MB stored; 2.0 s; peak memory 153 MiB.
2026-10-09T04:57:50Z INFO [6/1000] 27485da7-670d-4d06-b0db-1410809c3ba9: 46 arrays, 5210.7 MB stored; 2.3 s; peak memory 153 MiB.
2026-10-09T04:57:50Z INFO [7/1000] 274a557d-4962-4cdf-99e4-c4a4cc1368d4: 48 arrays, 83.9 MB stored; 1.3 s; peak memory 153 MiB.
2026-10-09T04:57:50Z INFO [8/1000] 274b867f-9450-4a7c-ad2c-ca864b1d2617: 38 arrays, 0.5 MB stored; 1.2 s; peak memory 153 MiB.
2026-10-09T04:57:50Z INFO [9/1000] 274bc987-30e5-4e81-8324-cc607c33a6b4: 52 arrays, 0.0 MB stored; 0.9 s; peak memory 153 MiB.
2026-10-09T04:57:51Z INFO [10/1000] 274a9ffa-83d0-417e-8556-4d363f3c861f: 110 arrays, 1.6 MB stored; 2.0 s; peak memory 153 MiB.
2026-10-09T04:57:51Z INFO [11/1000] 274bcc9d-4e5e-4830-b22a-9bc5d7cc7146: 117 arrays, 0.2 MB stored; 1.2 s; peak memory 153 MiB.
2026-10-09T04:57:52Z INFO [12/1000] 274c8802-ee49-4766-bfb4-cd0f9e8e6889: 48 arrays, 83.9 MB stored; 1.3 s; peak memory 153 MiB.
2026-10-09T04:57:52Z INFO [13/1000] 274dcd55-c986-4427-a62b-376ef07b15f5: 112 arrays, 0.8 MB stored; 1.2 s; peak memory 153 MiB.
2026-10-09T04:57:53Z INFO [14/1000] 274efb37-3071-41a1-a82c-ebf9c255734e: 71 arrays, 2.5 MB stored; 1.5 s; peak memory 153 MiB.
2026-10-09T04:57:53Z INFO [15/1000] 2749eca2-8270-4ca2-9d4f-64b90d7f5373: 196 arrays, 641.7 MB stored; 6.0 s; peak memory 153 MiB.
2026-10-09T04:57:53Z INFO [16/1000] 274e6717-bc40-4d1f-886b-0ec8a404332c: 71 arrays, 36.4 MB stored; 1.8 s; peak memory 153 MiB.
2026-10-09T04:57:54Z INFO [17/1000] 274a2392-d81f-46c0-933f-4730986bead3: 544 arrays, 6.0 MB stored; 4.7 s; peak memory 153 MiB.
2026-10-09T04:57:54Z INFO [18/1000] 274f610c-d8b2-4b5a-81c5-dda7a85ff80c: 110 arrays, 1.0 MB stored; 1.6 s; peak memory 153 MiB.
2026-10-09T04:57:55Z INFO [19/1000] 2749e1ef-4950-46c2-8187-78a21723a4fc: 843 arrays, 32.4 MB stored; 7.3 s; peak memory 153 MiB.
2026-10-09T04:57:55Z INFO [20/1000] 274fd73e-e915-4f78-be1a-571c32821213: 48 arrays, 83.9 MB stored; 1.3 s; peak memory 153 MiB.
2026-10-09T04:57:55Z INFO [21/1000] 2750094c-cc02-4525-a80f-22dda794f6c8: 112 arrays, 0.5 MB stored; 1.3 s; peak memory 153 MiB.
2026-10-09T04:57:55Z INFO [22/1000] 274f65e0-3da8-4fc4-8df4-d351a0de4f66: 38 arrays, 58.8 MB stored; 2.1 s; peak memory 153 MiB.
2026-10-09T04:57:56Z INFO [23/1000] 27501d4d-4664-4986-b9c7-5fdfbb7eb2a2: 54 arrays, 0.0 MB stored; 1.0 s; peak memory 153 MiB.
2026-10-09T04:57:56Z INFO [24/1000] 27501cd4-c781-49f8-81b3-a3640b24a32b: 69 arrays, 0.0 MB stored; 1.1 s; peak memory 153 MiB.
2026-10-09T04:57:56Z INFO [25/1000] 275071f9-fbd0-4348-8dd4-b9d37f83af6f: 48 arrays, 83.9 MB stored; 1.1 s; peak memory 153 MiB.
2026-10-09T04:57:57Z INFO [26/1000] 27501e9b-60d7-4df9-9b7b-cffd38929617: 48 arrays, 83.9 MB stored; 1.2 s; peak memory 153 MiB.
2026-10-09T04:57:57Z INFO [27/1000] 2751dc4b-1f62-4527-b3cd-ba612a072204: 52 arrays, 10.0 MB stored; 1.2 s; peak memory 153 MiB.
2026-10-09T04:57:57Z INFO [28/1000] 2752436c-8533-417d-af26-cc990d085605: 46 arrays, 0.0 MB stored; 0.9 s; peak memory 153 MiB.
2026-10-09T04:57:58Z INFO [29/1000] 275212d3-5b76-4675-ac59-22c6aaa35291: 71 arrays, 131.8 MB stored; 2.1 s; peak memory 153 MiB.
2026-10-09T04:57:58Z INFO [30/1000] 274f82e9-99ae-4953-97a9-73a3e1d1454a: 538 arrays, 8.4 MB stored; 4.6 s; peak memory 153 MiB.
2026-10-09T04:57:58Z INFO [31/1000] 2753125c-fa98-49ca-95bd-34c146470c29: 112 arrays, 0.7 MB stored; 1.5 s; peak memory 153 MiB.
2026-10-09T04:57:59Z INFO [32/1000] 2753b871-b49a-4acc-9ab2-7bbbc44ccb84: 48 arrays, 83.9 MB stored; 1.2 s; peak memory 153 MiB.
2026-10-09T04:57:59Z INFO [33/1000] 2752fed3-d42d-43f9-a4e9-03588ba5c60b: 71 arrays, 112.4 MB stored; 2.3 s; peak memory 153 MiB.
2026-10-09T04:57:59Z INFO [34/1000] 2754763a-a812-48b6-8a5a-355ce8bb459b: 117 arrays, 0.2 MB stored; 1.2 s; peak memory 153 MiB.
2026-10-09T04:57:59Z INFO [35/1000] 27546a53-542b-46d2-ada6-e60c21e6da4d: 51 arrays, 3164.3 MB stored; 1.3 s; peak memory 153 MiB.
2026-10-09T04:58:00Z INFO [36/1000] 2754e658-4c8b-454b-bdaa-5ad70a134f28: 33 arrays, 0.0 MB stored; 0.9 s; peak memory 153 MiB.
2026-10-09T04:58:00Z INFO [37/1000] 2755380e-6439-414c-a41d-d5d254e24b79: 48 arrays, 83.9 MB stored; 1.1 s; peak memory 153 MiB.
2026-10-09T04:58:00Z INFO [38/1000] 275562c5-a0f5-488b-a16b-2b8d9b7254bc: 48 arrays, 83.9 MB stored; 1.1 s; peak memory 153 MiB.
2026-10-09T04:58:00Z INFO [39/1000] 275546b3-e8dc-4159-84dd-b7a61e54f112: 48 arrays, 83.9 MB stored; 1.2 s; peak memory 153 MiB.
2026-10-09T04:58:01Z INFO [40/1000] 2755f8eb-f7fa-40d6-a000-f1bd0ab75faa: 112 arrays, 0.6 MB stored; 1.4 s; peak memory 153 MiB.
2026-10-09T04:58:01Z INFO [41/1000] 275663db-9504-464e-be81-8fce5ae46dde: 48 arrays, 83.9 MB stored; 1.1 s; peak memory 153 MiB.
2026-10-09T04:58:01Z INFO [42/1000] 2755f946-5ad6-4561-8c22-b7d2979a19ff: 66 arrays, 109.6 MB stored; 1.4 s; peak memory 153 MiB.
2026-10-09T04:58:01Z INFO [43/1000] 27567c63-5d3d-438a-bf07-ec743fb40a64: 48 arrays, 83.9 MB stored; 1.1 s; peak memory 153 MiB.
2026-10-09T04:58:02Z INFO [44/1000] 274d6eba-b527-4fb3-a1bc-3b73d64ee008: 405 arrays, 38.1 MB stored; 11.4 s; peak memory 153 MiB.
2026-10-09T04:58:03Z INFO [45/1000] 275714e4-fd2f-40bd-83f4-6a95a7a0b33a: 116 arrays, 0.4 MB stored; 1.3 s; peak memory 153 MiB.
2026-10-09T04:58:03Z INFO [46/1000] 2757e10a-5f57-488e-b966-2c18f3672f4c: 48 arrays, 83.9 MB stored; 1.4 s; peak memory 153 MiB.
2026-10-09T04:58:03Z INFO [47/1000] 2757ed13-3f40-4ace-94b6-1b52f1a24232: 53 arrays, 10.2 MB stored; 1.5 s; peak memory 153 MiB.
2026-10-09T04:58:04Z INFO [48/1000] 2758457d-80e0-4a27-8bfe-57eb3a831d7f: 56 arrays, 0.0 MB stored; 1.0 s; peak memory 153 MiB.
2026-10-09T04:58:05Z INFO [49/1000] 27595c99-b452-4445-a829-4621c297d598: 48 arrays, 83.9 MB stored; 1.0 s; peak memory 153 MiB.
2026-10-09T04:58:05Z INFO [50/1000] 2758b777-2340-4ffd-8a69-099202282053: 46 arrays, 5223.7 MB stored; 1.7 s; peak memory 153 MiB.
2026-10-09T04:58:06Z INFO [51/1000] 27576cfb-4ac8-487c-ab6f-fcb9983bef3e: 545 arrays, 8.4 MB stored; 4.6 s; peak memory 153 MiB.
2026-10-09T04:58:06Z INFO [52/1000] 275a3d23-da11-4e09-bf64-a69f01609d17: 117 arrays, 0.3 MB stored; 1.4 s; peak memory 153 MiB.
2026-10-09T04:58:06Z INFO [53/1000] 275a77f5-3ad5-4c6f-9f97-37baa711113d: 48 arrays, 83.9 MB stored; 1.1 s; peak memory 153 MiB.
2026-10-09T04:58:07Z INFO [54/1000] 275b01e7-1391-4d2a-bfde-2dbcf3e9886c: 46 arrays, 12.6 MB stored; 1.1 s; peak memory 153 MiB.
2026-10-09T04:58:08Z INFO [55/1000] 274fe5da-829a-490e-aca4-3e3419d131ce: 816 arrays, 17501.5 MB stored; 14.1 s; peak memory 153 MiB.
2026-10-09T04:58:08Z INFO [56/1000] 275b7c1b-a10f-4f36-954f-30e33466efb6: 62 arrays, 4949.9 MB stored; 1.3 s; peak memory 153 MiB.
2026-10-09T04:58:09Z INFO [57/1000] 275c4012-cdd1-416e-a64c-e6aaa343d10c: 38 arrays, 0.5 MB stored; 1.0 s; peak memory 153 MiB.
2026-10-09T04:58:09Z INFO [58/1000] 275c5911-e627-4de9-9de7-25ce817a64a6: 48 arrays, 83.9 MB stored; 1.0 s; peak memory 153 MiB.
2026-10-09T04:58:10Z INFO [59/1000] 275c819b-a312-42f2-9c6c-eeab2e26a579: 48 arrays, 83.9 MB stored; 1.2 s; peak memory 153 MiB.
2026-10-09T04:58:11Z INFO [60/1000] 275ca6d0-9fff-488b-9583-6e3339367967: 117 arrays, 0.3 MB stored; 1.2 s; peak memory 153 MiB.
2026-10-09T04:58:12Z INFO [61/1000] 275c9156-a652-4a01-866c-12d3b58cbcce: 156 arrays, 193.5 MB stored; 2.1 s; peak memory 153 MiB.
2026-10-09T04:58:12Z INFO [62/1000] 27588408-b597-4135-975b-9d428db00239: 693 arrays, 19.7 MB stored; 9.4 s; peak memory 153 MiB.
2026-10-09T04:58:12Z INFO [63/1000] 275cf69d-9729-4d9d-b513-c63a0aee0777: 48 arrays, 83.9 MB stored; 1.2 s; peak memory 153 MiB.
2026-10-09T04:58:13Z INFO [64/1000] 275dd942-4a21-4ea0-bd6a-e390a369c349: 84 arrays, 1.6 MB stored; 1.3 s; peak memory 153 MiB.
2026-10-09T04:58:13Z INFO [65/1000] 275e6272-a573-4729-bec3-c7b419856a3e: 46 arrays, 0.1 MB stored; 0.9 s; peak memory 153 MiB.
2026-10-09T04:58:14Z INFO [66/1000] 275ea8cb-093c-471c-8e8c-2192e8ea71c2: 48 arrays, 83.9 MB stored; 1.2 s; peak memory 153 MiB.
2026-10-09T04:58:14Z INFO [67/1000] 275eba8a-071d-4407-b061-f3ec371995d3: 48 arrays, 83.9 MB stored; 1.2 s; peak memory 153 MiB.
2026-10-09T04:58:15Z INFO [68/1000] 2756e03a-4227-4fbc-86be-7faade24da6d: 5681 arrays, 1324.0 MB stored; 14.3 s; peak memory 153 MiB.
2026-10-09T04:58:15Z INFO [69/1000] 275fe2f2-6d0c-4c86-aa42-75a724d5e03f: 58 arrays, 0.0 MB stored; 0.9 s; peak memory 153 MiB.
2026-10-09T04:58:16Z INFO [70/1000] 275e0aae-5c90-4637-afff-3944f319762c: 179 arrays, 457.0 MB stored; 3.7 s; peak memory 153 MiB.
2026-10-09T04:58:17Z INFO [71/1000] 2760958a-92e6-43ae-8626-68ac4814744c: 46 arrays, 0.1 MB stored; 0.8 s; peak memory 153 MiB.
2026-10-09T04:58:18Z INFO [72/1000] 27603a55-a5a8-44e5-8b72-f59e3fce66aa: 98 arrays, 159.3 MB stored; 2.4 s; peak memory 153 MiB.
2026-10-09T04:58:18Z INFO [73/1000] 2760b3f8-e89f-46af-8243-f584bb27ae3a: 117 arrays, 0.3 MB stored; 1.0 s; peak memory 153 MiB.
2026-10-09T04:58:18Z INFO [74/1000] 275f521d-4863-4e7a-a523-291ecf8f0457: 455 arrays, 4.9 MB stored; 4.4 s; peak memory 153 MiB.
2026-10-09T04:58:19Z INFO [75/1000] 2761a881-042e-4ac7-a44b-fb5d99a1de48: 48 arrays, 83.9 MB stored; 1.1 s; peak memory 153 MiB.
2026-10-09T04:58:19Z INFO [76/1000] 27614a45-83aa-4066-9118-e2d80db4d73c: 119 arrays, 66.5 MB stored; 1.9 s; peak memory 153 MiB.
2026-10-09T04:58:20Z INFO [77/1000] 2761b29b-b53b-4d61-a24f-b4012183b7d6: 117 arrays, 0.4 MB stored; 1.3 s; peak memory 153 MiB.
2026-10-09T04:58:20Z INFO [78/1000] 27624ce6-4759-4c64-98f6-f6c6f57761fa: 48 arrays, 83.9 MB stored; 1.1 s; peak memory 153 MiB.
2026-10-09T04:58:20Z INFO [79/1000] 27604021-7b0b-4cca-9c61-de3fb473bae3: 200 arrays, 222.0 MB stored; 5.2 s; peak memory 153 MiB.
2026-10-09T04:58:21Z INFO [80/1000] 27628af1-11b9-4169-84c6-a4d93cb7360a: 117 arrays, 0.2 MB stored; 1.2 s; peak memory 153 MiB.
2026-10-09T04:58:21Z INFO [81/1000] 27639560-a035-45af-9e91-0d2b7fd1c200: 38 arrays, 0.4 MB stored; 1.0 s; peak memory 153 MiB.
2026-10-09T04:58:21Z INFO [82/1000] 27629ba1-b0b9-4d13-825f-f623ef1d8e5c: 68 arrays, 12.4 MB stored; 1.5 s; peak memory 153 MiB.
2026-10-09T04:58:22Z INFO [83/1000] 2764c177-58df-42b3-8781-964551765d8f: 41 arrays, 8.4 MB stored; 1.0 s; peak memory 153 MiB.
2026-10-09T04:58:22Z INFO [84/1000] 27644b74-3ea6-49f8-9971-2fd41ec151d6: 48 arrays, 83.9 MB stored; 1.2 s; peak memory 153 MiB.
2026-10-09T04:58:23Z INFO [85/1000] 2765600b-9d6d-41bc-aec1-548d676d6ba8: 108 arrays, 0.9 MB stored; 1.4 s; peak memory 153 MiB.
2026-10-09T04:58:23Z INFO [86/1000] 2763c8e4-fbe5-4f8d-8d7f-d7af782c8771: 205 arrays, 2.8 MB stored; 2.7 s; peak memory 153 MiB.
2026-10-09T04:58:23Z INFO [87/1000] 2765f2eb-6209-4cc9-a7a3-eec683d22ce1: 112 arrays, 0.6 MB stored; 1.4 s; peak memory 153 MiB.
2026-10-09T04:58:24Z INFO [88/1000] 27666537-eef7-4e7e-bd5c-d05803ea9fc3: 85 arrays, 1.3 MB stored; 1.0 s; peak memory 153 MiB.
2026-10-09T04:58:25Z INFO [89/1000] 2767c7a0-8942-48f0-afba-b5b46ca86265: 48 arrays, 83.9 MB stored; 1.4 s; peak memory 153 MiB.
2026-10-09T04:58:25Z INFO [90/1000] 2767d28b-b056-4dcd-9874-51290b2531be: 69 arrays, 64.2 MB stored; 1.3 s; peak memory 153 MiB.
2026-10-09T04:58:25Z INFO [91/1000] 27681ad8-0b6c-4eb2-9b5a-368082cc59e5: 112 arrays, 0.6 MB stored; 1.3 s; peak memory 153 MiB.
2026-10-09T04:58:26Z INFO [92/1000] 2768c2b5-7307-42d4-a140-a4a456e63133: 44 arrays, 0.0 MB stored; 0.9 s; peak memory 153 MiB.
2026-10-09T04:58:27Z INFO [93/1000] 2768c38f-4de3-410c-b3e4-0a18bad93016: 56 arrays, 0.0 MB stored; 0.9 s; peak memory 153 MiB.
2026-10-09T04:58:27Z INFO [94/1000] 276870bd-f057-4d5b-8fe4-b107419e4776: 141 arrays, 1.3 MB stored; 2.2 s; peak memory 153 MiB.
2026-10-09T04:58:28Z INFO [95/1000] 276928c8-d033-42aa-be25-4aa5834d3502: 48 arrays, 83.9 MB stored; 1.0 s; peak memory 153 MiB.
2026-10-09T04:58:28Z INFO [96/1000] 276975ce-9995-4625-bd86-71c770fbeb3c: 48 arrays, 251.7 MB stored; 1.1 s; peak memory 153 MiB.
2026-10-09T04:58:28Z INFO [97/1000] 27683831-47f0-46e6-8a48-df2a2807d43a: 208 arrays, 44.4 MB stored; 3.5 s; peak memory 153 MiB.
2026-10-09T04:58:28Z INFO [98/1000] 27697898-dc90-4e15-8a6a-2cddbe747675: 35 arrays, 0.0 MB stored; 0.9 s; peak memory 153 MiB.
2026-10-09T04:58:28Z INFO [99/1000] 275b6bf0-db11-4dc4-9869-26c5c0ed6ab5: 48 arrays, 35170.1 MB stored; 22.3 s; peak memory 153 MiB.
2026-10-09T04:58:29Z INFO [100/1000] 276a57e2-dee9-41c3-8075-e942f37f2823: 41 arrays, 8.4 MB stored; 1.0 s; peak memory 153 MiB.
2026-10-09T04:58:30Z INFO [101/1000] 276ab6d5-aa3e-4faf-9328-e56bec563624: 114 arrays, 0.1 MB stored; 1.1 s; peak memory 153 MiB.
2026-10-09T04:58:30Z INFO [102/1000] 274b4569-5721-45e3-af17-45b17a8a5a9a: 55 arrays, 2062.1 MB stored; 40.6 s; peak memory 153 MiB.
2026-10-09T04:58:30Z INFO [103/1000] 276a731a-043c-4caf-8154-9f69a40ddd04: 64 arrays, 7.4 MB stored; 1.6 s; peak memory 153 MiB.
2026-10-09T04:58:31Z INFO [104/1000] 276b9858-0105-42ab-afa6-13693f2003a0: 48 arrays, 251.7 MB stored; 1.0 s; peak memory 153 MiB.
2026-10-09T04:58:31Z INFO [105/1000] 276ada99-9d02-46e3-866f-78368e4dd402: 94 arrays, 71.8 MB stored; 2.0 s; peak memory 153 MiB.
2026-10-09T04:58:31Z INFO [106/1000] 276bac96-d6a7-4214-b8be-25aa8d0a0f27: 117 arrays, 0.3 MB stored; 1.3 s; peak memory 153 MiB.
2026-10-09T04:58:32Z INFO [107/1000] 276beedf-6b2d-483f-a196-ac88486dff1b: 112 arrays, 1.0 MB stored; 1.5 s; peak memory 153 MiB.
2026-10-09T04:58:32Z INFO [108/1000] 276d1f2e-74f0-43b9-88be-97af8c381e87: 48 arrays, 83.9 MB stored; 1.0 s; peak memory 153 MiB.
2026-10-09T04:58:34Z INFO [109/1000] 276d54d5-fc5e-4583-a665-379517baba4d: 117 arrays, 0.4 MB stored; 1.4 s; peak memory 153 MiB.
2026-10-09T04:58:34Z INFO [110/1000] 276d94dd-6608-4195-b5e4-d5e8477265c8: 112 arrays, 1.1 MB stored; 1.8 s; peak memory 153 MiB.
2026-10-09T04:58:35Z INFO [111/1000] 276df5ec-13e4-4b66-ad0b-c6ef6a9596f8: 46 arrays, 0.1 MB stored; 0.8 s; peak memory 153 MiB.
2026-10-09T04:58:37Z INFO [112/1000] 276e757b-5b27-45d1-9103-1d976cc3801d: 71 arrays, 46.1 MB stored; 1.9 s; peak memory 153 MiB.
2026-10-09T04:58:38Z INFO [113/1000] 276dc59f-8b5c-4038-a54d-78b67f68fd3a: 542 arrays, 5.6 MB stored; 3.8 s; peak memory 153 MiB.
2026-10-09T04:58:38Z INFO [114/1000] 276ecaf1-6139-42dd-b3f6-ec694eb953a0: 48 arrays, 83.9 MB stored; 1.0 s; peak memory 153 MiB.
2026-10-09T04:58:39Z INFO [115/1000] 276b6e0d-2a77-4111-89b2-2e05e6af959c: 657 arrays, 37.8 MB stored; 9.0 s; peak memory 153 MiB.
2026-10-09T04:58:39Z INFO [116/1000] 276f0bfb-3909-4d01-9aa0-c5bd1fe05dec: 48 arrays, 83.9 MB stored; 1.1 s; peak memory 153 MiB.
2026-10-09T04:58:39Z INFO [117/1000] 276c98c7-2ff8-44a4-b9f5-221d50fd97eb: 822 arrays, 26.2 MB stored; 8.3 s; peak memory 153 MiB.
2026-10-09T04:58:40Z INFO [118/1000] 276eff21-f1be-4f44-946e-8a2816e19414: 64 arrays, 180.6 MB stored; 2.0 s; peak memory 153 MiB.
2026-10-09T04:58:40Z INFO [119/1000] 276f3ad2-4342-4815-b8af-95b96155bb85: 48 arrays, 83.9 MB stored; 1.2 s; peak memory 153 MiB.
2026-10-09T04:58:40Z INFO [120/1000] 276fa5e8-6b3b-4798-918e-4fd4eebac252: 48 arrays, 83.9 MB stored; 1.1 s; peak memory 153 MiB.
2026-10-09T04:58:41Z INFO [121/1000] 276f58aa-5a77-4f99-a447-6b74df5ca2f4: 71 arrays, 4.0 MB stored; 1.7 s; peak memory 153 MiB.
2026-10-09T04:58:41Z INFO [122/1000] 276fbbfa-ed03-42cb-a4de-1d17d35fd412: 57 arrays, 0.0 MB stored; 0.9 s; peak memory 153 MiB.
2026-10-09T04:58:41Z INFO [123/1000] 276fb641-245c-4c4b-afc8-3b2a51bea7fd: 116 arrays, 0.5 MB stored; 1.3 s; peak memory 153 MiB.
2026-10-09T04:58:42Z INFO [124/1000] 27711b60-7359-4ab6-a4a8-dac467b93859: 48 arrays, 83.9 MB stored; 1.3 s; peak memory 153 MiB.
2026-10-09T04:58:42Z INFO [125/1000] 27717980-b73f-473b-abc4-73536345259d: 48 arrays, 83.9 MB stored; 1.2 s; peak memory 153 MiB.
2026-10-09T04:58:42Z INFO [126/1000] 2769e163-a665-4fe2-85cb-48dc89c39780: 1321 arrays, 32.3 MB stored; 14.2 s; peak memory 153 MiB.
2026-10-09T04:58:43Z INFO [127/1000] 27715edd-ee35-453c-b32e-452846d007ae: 64 arrays, 144.7 MB stored; 2.0 s; peak memory 153 MiB.
2026-10-09T04:58:43Z INFO [128/1000] 2771a63d-172f-4606-8e0c-cc0795c21dfd: 48 arrays, 83.9 MB stored; 1.1 s; peak memory 153 MiB.
2026-10-09T04:58:43Z INFO [129/1000] 2771beaa-a08e-419c-9ddb-20b8add88068: 48 arrays, 83.9 MB stored; 1.1 s; peak memory 153 MiB.
2026-10-09T04:58:43Z INFO [130/1000] 2771bec4-0be2-474a-9cf5-c96748f64f2f: 54 arrays, 0.0 MB stored; 1.1 s; peak memory 153 MiB.
2026-10-09T04:58:44Z INFO [131/1000] 27725078-6ef9-4769-80b8-66244ba7e0e4: 118 arrays, 0.4 MB stored; 1.3 s; peak memory 153 MiB.
2026-10-09T04:58:44Z INFO [132/1000] 27705a14-4050-47e7-9cc1-bc695829fbf7: 110 arrays, 3998.5 MB stored; 3.5 s; peak memory 153 MiB.
2026-10-09T04:58:44Z INFO [133/1000] 27731211-698f-4c29-9b70-31423ce2317e: 48 arrays, 83.9 MB stored; 1.1 s; peak memory 153 MiB.
2026-10-09T04:58:44Z INFO [134/1000] 2772dfd0-ccab-4aee-9040-0e4c41674e8c: 48 arrays, 83.9 MB stored; 1.3 s; peak memory 153 MiB.
2026-10-09T04:58:45Z INFO [135/1000] 2773b6c7-b38c-4843-ba27-d81b0eddb087: 36 arrays, 5.2 MB stored; 1.0 s; peak memory 153 MiB.
2026-10-09T04:58:45Z INFO [136/1000] 27733592-f016-46ca-a64c-7b0f64e26ad8: 117 arrays, 0.2 MB stored; 1.1 s; peak memory 153 MiB.
2026-10-09T04:58:45Z INFO [137/1000] 27741e82-f912-4d0a-a167-d95749792b19: 48 arrays, 83.9 MB stored; 1.0 s; peak memory 153 MiB.
2026-10-09T04:58:45Z INFO [138/1000] 27744974-920c-46fb-8326-e9c05f0fc8b3: 46 arrays, 0.1 MB stored; 0.9 s; peak memory 153 MiB.
2026-10-09T04:58:46Z INFO [139/1000] 2774fc46-7439-4dfe-9e55-0aa13f33e715: 37 arrays, 0.0 MB stored; 1.1 s; peak memory 153 MiB.
2026-10-09T04:58:46Z INFO [140/1000] 277620bf-b232-443e-9606-736aa25d3165: 119 arrays, 0.1 MB stored; 1.0 s; peak memory 153 MiB.
2026-10-09T04:58:47Z INFO [141/1000] 27759fae-820a-4447-ab8f-afcc0eca121c: 117 arrays, 0.3 MB stored; 1.3 s; peak memory 153 MiB.
2026-10-09T04:58:47Z INFO [142/1000] 2772d82c-1ae0-4d07-bbaa-b350654cbbd9: 538 arrays, 8.5 MB stored; 4.0 s; peak memory 153 MiB.
2026-10-09T04:58:47Z INFO [143/1000] 2776508b-89ca-4e15-b3ec-9b9058986b99: 289 arrays, 17.1 MB stored; 1.3 s; peak memory 153 MiB.
2026-10-09T04:58:48Z INFO [144/1000] 27775686-d4c2-486a-8d78-f094492e3167: 48 arrays, 83.9 MB stored; 1.2 s; peak memory 153 MiB.
2026-10-09T04:58:48Z INFO [145/1000] 2777fbb3-e608-4483-b3ec-1ab8ca1ef900: 116 arrays, 0.2 MB stored; 1.2 s; peak memory 153 MiB.
2026-10-09T04:58:48Z INFO [146/1000] 2778b29e-a7c5-4ee7-bc3a-6c4bba45e9fb: 48 arrays, 83.9 MB stored; 1.1 s; peak memory 153 MiB.
2026-10-09T04:58:50Z INFO [147/1000] 27795dbf-51ab-4612-9a00-35abc2326345: 112 arrays, 0.3 MB stored; 1.2 s; peak memory 153 MiB.
2026-10-09T04:58:52Z INFO [148/1000] 2778b7c4-8717-4cda-a364-82c8a6a9ded0: 552 arrays, 6.5 MB stored; 4.9 s; peak memory 153 MiB.
2026-10-09T04:58:53Z INFO [149/1000] 2779970d-f814-45c8-89e8-fbc6f9daf40b: 48 arrays, 83.9 MB stored; 1.0 s; peak memory 153 MiB.
2026-10-09T04:58:54Z INFO [150/1000] 27780321-56b1-4808-ac65-968dcdf78f22: 860 arrays, 18.2 MB stored; 6.6 s; peak memory 153 MiB.
2026-10-09T04:58:55Z INFO [151/1000] 277a0d25-1c26-419b-bca1-5a38e3a18050: 50 arrays, 0.0 MB stored; 0.8 s; peak memory 153 MiB.
2026-10-09T04:58:55Z INFO [152/1000] 2779b127-1382-4a15-b4ed-31e4a68d0af8: 42 arrays, 57.8 MB stored; 1.2 s; peak memory 153 MiB.
2026-10-09T04:58:55Z INFO [153/1000] 277a2dbd-be8a-4b49-b0ef-e054a7d961cc: 46 arrays, 0.0 MB stored; 0.9 s; peak memory 153 MiB.
2026-10-09T04:58:55Z INFO [154/1000] 277a0f91-015e-4d10-9847-a4c302501fe5: 117 arrays, 0.3 MB stored; 1.0 s; peak memory 153 MiB.
2026-10-09T04:58:56Z INFO [155/1000] 27799512-8d9f-486c-a3f4-a14d05e721ac: 538 arrays, 8.7 MB stored; 5.9 s; peak memory 153 MiB.
2026-10-09T04:58:57Z INFO [156/1000] 277aa36a-bc8c-42ce-aa01-b20bb8b63e27: 59 arrays, 0.0 MB stored; 0.9 s; peak memory 153 MiB.
2026-10-09T04:58:57Z INFO [157/1000] 277a56f4-8e13-4d0a-aa66-430d02685694: 70 arrays, 29.5 MB stored; 1.7 s; peak memory 153 MiB.
2026-10-09T04:58:58Z INFO [158/1000] 277affc4-2401-4746-81dd-30c3ffad63c8: 117 arrays, 0.3 MB stored; 1.0 s; peak memory 153 MiB.
2026-10-09T04:58:58Z INFO [159/1000] 2778d2de-24b9-4e55-b25c-df93f6e5ffce: 106 arrays, 17957.8 MB stored; 10.4 s; peak memory 153 MiB.
2026-10-09T04:58:59Z INFO [160/1000] 277b3acc-3fd7-49c7-bcc9-dc22fad0aacb: 48 arrays, 83.9 MB stored; 1.2 s; peak memory 153 MiB.
2026-10-09T04:59:00Z INFO [161/1000] 277bc936-dbec-4051-8d0a-8aa8425dfc41: 48 arrays, 83.9 MB stored; 0.9 s; peak memory 153 MiB.
2026-10-09T04:59:01Z INFO [162/1000] 277ae2fe-730a-4a9c-95c6-6687cd633fff: 575 arrays, 5.9 MB stored; 4.0 s; peak memory 153 MiB.
2026-10-09T04:59:02Z INFO [163/1000] 2766523f-629b-43b6-8f43-fb0e337cd5aa: 55 arrays, 1895.4 MB stored; 39.8 s; peak memory 153 MiB.
2026-10-09T04:59:02Z INFO [164/1000] 277cc526-568b-4d56-8e2e-da65da5fd6b6: 110 arrays, 1.4 MB stored; 1.6 s; peak memory 153 MiB.
2026-10-09T04:59:03Z INFO [165/1000] 277b3ba9-c7ae-4b75-bffe-d6bc2cf65ff6: 53 arrays, 402.6 MB stored; 4.4 s; peak memory 153 MiB.
2026-10-09T04:59:04Z INFO [166/1000] 277ddcd9-5280-4465-8b5b-d7900ee38487: 48 arrays, 83.9 MB stored; 1.1 s; peak memory 153 MiB.
2026-10-09T04:59:04Z INFO [167/1000] 277d5a3c-95bb-4d8d-a2d1-0591dda7a17b: 38 arrays, 34.0 MB stored; 1.7 s; peak memory 153 MiB.
2026-10-09T04:59:05Z INFO [168/1000] 277e16f2-1231-4f22-8761-3e2e57cb6011: 48 arrays, 83.9 MB stored; 1.2 s; peak memory 153 MiB.
2026-10-09T04:59:06Z INFO [169/1000] 277e1c13-8e44-4c60-8287-d6f82f30cf39: 42 arrays, 1.3 MB stored; 1.2 s; peak memory 153 MiB.
2026-10-09T04:59:09Z INFO [170/1000] 277d0f0b-14af-45ed-9ddb-9aa3c256b893: 5321 arrays, 20.7 MB stored; 7.1 s; peak memory 153 MiB.
2026-10-09T04:59:10Z INFO [171/1000] 277edee6-3beb-4f90-aa9b-aa50b6165e0d: 66 arrays, 62.8 MB stored; 1.4 s; peak memory 153 MiB.
2026-10-09T04:59:11Z INFO [172/1000] 277bf207-2536-4f47-9cf3-434d879ac467: 78 arrays, 270.3 MB stored; 10.6 s; peak memory 153 MiB.
2026-10-09T04:59:12Z INFO [173/1000] 277f52ad-67e1-43d8-82e9-c0a568905f30: 64 arrays, 30.5 MB stored; 1.2 s; peak memory 153 MiB.
2026-10-09T04:59:12Z INFO [174/1000] 277deb65-36e7-468e-954f-2b8575232842: 835 arrays, 37.1 MB stored; 7.7 s; peak memory 153 MiB.
2026-10-09T04:59:12Z INFO [175/1000] 277f76ff-832d-452d-8a03-513417702949: 61 arrays, 15.5 MB stored; 1.1 s; peak memory 153 MiB.
2026-10-09T04:59:13Z INFO [176/1000] 277fac3b-30fb-4612-ae6b-4a42ab628fb6: 48 arrays, 83.9 MB stored; 1.1 s; peak memory 153 MiB.
2026-10-09T04:59:13Z INFO [177/1000] 277fc9dd-7b56-4f9e-972e-e22c034f3152: 102 arrays, 11.8 MB stored; 1.9 s; peak memory 153 MiB.
2026-10-09T04:59:14Z INFO [178/1000] 277e97d6-3152-4b14-996d-2b310d8827bb: 86 arrays, 13261.2 MB stored; 7.7 s; peak memory 153 MiB.
2026-10-09T04:59:15Z INFO [179/1000] 278200de-ef28-4781-abdd-fdc0ebb5a41b: 117 arrays, 0.4 MB stored; 1.2 s; peak memory 153 MiB.
2026-10-09T04:59:21Z INFO [180/1000] 27822ea1-6ecc-45d4-87e9-ffa1485746aa: 294 arrays, 40.8 MB stored; 5.9 s; peak memory 153 MiB.
2026-10-09T04:59:23Z INFO [181/1000] 27849ac3-40cf-4fd5-9bbf-5c1d44878700: 71 arrays, 4.7 MB stored; 1.6 s; peak memory 153 MiB.
2026-10-09T04:59:28Z INFO [182/1000] 2784ea4d-e024-4a82-b7c4-117d9d70fb0c: 831 arrays, 21.4 MB stored; 5.6 s; peak memory 153 MiB.
2026-10-09T04:59:29Z INFO [183/1000] 27850b52-4439-491d-b13a-cf311401a9d5: 48 arrays, 83.9 MB stored; 1.0 s; peak memory 153 MiB.
2026-10-09T04:59:33Z INFO [184/1000] 27851c9e-e248-4a3e-a39e-a6f5caf6473c: 50 arrays, 125.5 MB stored; 3.7 s; peak memory 153 MiB.
2026-10-09T04:59:34Z INFO [185/1000] 277fcc02-6ebd-4001-9654-a736474ee4a6: 48 arrays, 37713.2 MB stored; 21.8 s; peak memory 153 MiB.
2026-10-09T04:59:34Z INFO [186/1000] 277a7151-aa77-4d21-9a95-632c0bdbdc19: 52 arrays, 2159.1 MB stored; 38.6 s; peak memory 153 MiB.
2026-10-09T04:59:34Z INFO [187/1000] 2785a6a7-a9dc-4b3d-bb3b-4d429a2196d6: 48 arrays, 83.9 MB stored; 1.2 s; peak memory 153 MiB.
2026-10-09T04:59:35Z INFO [188/1000] 2785cfd1-4973-42df-9cea-f1d8dc04653f: 48 arrays, 83.9 MB stored; 1.0 s; peak memory 153 MiB.
2026-10-09T04:59:35Z INFO [189/1000] 2786a49d-8fe6-4e75-a46c-61eacbd870e7: 38 arrays, 0.5 MB stored; 1.1 s; peak memory 153 MiB.
2026-10-09T04:59:35Z INFO [190/1000] 27870c65-b7c3-4da8-8bf9-0c5946ee8ffc: 52 arrays, 10.9 MB stored; 1.2 s; peak memory 153 MiB.
2026-10-09T04:59:36Z INFO [191/1000] 27872e69-7497-49a6-b782-151c540037cc: 101 arrays, 4.9 MB stored; 1.6 s; peak memory 153 MiB.
2026-10-09T04:59:36Z INFO [192/1000] 2788acac-2f7f-4bac-8050-406aea2ac4fb: 48 arrays, 83.9 MB stored; 1.0 s; peak memory 153 MiB.
2026-10-09T04:59:37Z INFO [193/1000] 278089f2-260c-433e-9b47-9f37cf00f878: 48 arrays, 43956.4 MB stored; 23.5 s; peak memory 153 MiB.
2026-10-09T04:59:38Z INFO [194/1000] 27896f5c-7a72-4926-9c07-af899735cd3b: 48 arrays, 83.9 MB stored; 1.1 s; peak memory 153 MiB.
2026-10-09T04:59:39Z INFO [195/1000] 278a5978-4c7c-4fbb-9893-7e921f9977b4: 110 arrays, 1.3 MB stored; 1.6 s; peak memory 153 MiB.
2026-10-09T04:59:39Z INFO [196/1000] 278ab717-f7f7-4a36-ba6e-e4b71a182544: 48 arrays, 83.9 MB stored; 1.1 s; peak memory 153 MiB.
2026-10-09T04:59:40Z INFO [197/1000] 278b68e2-2c0a-48f1-9cfd-a911e890a8d0: 48 arrays, 83.9 MB stored; 1.2 s; peak memory 153 MiB.
2026-10-09T04:59:40Z INFO [198/1000] 2788748c-b2da-4d09-b25c-0a2fd0a4f32e: 571 arrays, 30.8 MB stored; 4.8 s; peak memory 153 MiB.
2026-10-09T04:59:41Z INFO [199/1000] 278bfa42-647d-438d-8988-5ee8ccce9473: 48 arrays, 83.9 MB stored; 1.2 s; peak memory 153 MiB.
2026-10-09T04:59:43Z INFO [200/1000] 278c9319-6e65-43db-a4b4-589d416c9df9: 90 arrays, 132.2 MB stored; 2.7 s; peak memory 153 MiB.
2026-10-09T04:59:43Z INFO [200/1000] 278c9319-6e65-43db-a4b4-589d416c9df9: checkpointed 200 new records.
2026-10-09T04:59:43Z INFO [201/1000] 278c9c31-5ac9-48cd-88b4-d840896ca701: 114 arrays, 186.9 MB stored; 2.1 s; peak memory 153 MiB.
2026-10-09T04:59:44Z INFO [202/1000] 278cda9f-3d70-4518-8732-26fdcaf44eb4: 48 arrays, 83.9 MB stored; 1.2 s; peak memory 153 MiB.
2026-10-09T04:59:45Z INFO [203/1000] 27896552-91d2-4d92-8c9f-404f1de6ed66: 369 arrays, 1019.3 MB stored; 9.2 s; peak memory 153 MiB.
2026-10-09T04:59:46Z INFO [204/1000] 278ae5bb-e4b7-4763-a615-a29ef48c9244: 300 arrays, 18455.8 MB stored; 7.2 s; peak memory 153 MiB.
2026-10-09T04:59:46Z INFO [205/1000] 278d1d2b-6ea8-4ae1-989e-b80087d89a2b: 112 arrays, 0.6 MB stored; 1.6 s; peak memory 153 MiB.
2026-10-09T04:59:47Z INFO [206/1000] 278d6e4f-68f7-41eb-90f2-d2c5f1bdb5f1: 48 arrays, 83.9 MB stored; 1.3 s; peak memory 153 MiB.
2026-10-09T04:59:47Z INFO [207/1000] 278d8731-e305-4dca-90d9-1b0a97db9a92: 71 arrays, 4.3 MB stored; 1.5 s; peak memory 153 MiB.
2026-10-09T04:59:48Z INFO [208/1000] 278d81ed-872f-40b1-9584-c82cf201904f: 115 arrays, 190.1 MB stored; 2.2 s; peak memory 153 MiB.
2026-10-09T04:59:48Z INFO [209/1000] 278da514-6d55-4b21-8e0d-e49186961907: 50 arrays, 0.1 MB stored; 0.9 s; peak memory 153 MiB.
2026-10-09T04:59:49Z INFO [210/1000] 278e07c5-79ad-4d54-846d-02d191d36066: 48 arrays, 83.9 MB stored; 1.1 s; peak memory 153 MiB.
2026-10-09T04:59:51Z INFO [211/1000] 278e18dc-468d-4f75-8c9a-58c55ddb4a1d: 117 arrays, 6.8 MB stored; 2.4 s; peak memory 153 MiB.
2026-10-09T04:59:51Z INFO [212/1000] 278ccd7a-a447-4b1e-987a-17b77ce46db3: 936 arrays, 33.8 MB stored; 8.5 s; peak memory 153 MiB.
2026-10-09T04:59:52Z INFO [213/1000] 278e6f26-d5bd-47a6-a110-10596e2eee3e: 48 arrays, 83.9 MB stored; 1.3 s; peak memory 153 MiB.
2026-10-09T04:59:53Z INFO [214/1000] 278e48d3-66e4-4ffd-a386-4a3cff862f27: 474 arrays, 7.5 MB stored; 3.7 s; peak memory 153 MiB.
2026-10-09T04:59:53Z INFO [215/1000] 278ff131-0b0f-42fd-8e35-6e1cc09c180d: 43 arrays, 1.0 MB stored; 1.1 s; peak memory 153 MiB.
2026-10-09T04:59:53Z INFO [216/1000] 278f433b-e5ca-4059-9990-68eba9ce4f99: 186 arrays, 13.8 MB stored; 2.0 s; peak memory 153 MiB.
2026-10-09T04:59:54Z INFO [217/1000] 27901f86-84a5-4d04-8696-52f1244c491f: 48 arrays, 83.9 MB stored; 1.1 s; peak memory 153 MiB.
2026-10-09T04:59:54Z INFO [218/1000] 2790591c-67b4-46f1-bb57-4c415a9b668f: 117 arrays, 0.2 MB stored; 1.1 s; peak memory 153 MiB.
2026-10-09T04:59:55Z INFO [219/1000] 2791b4ab-3545-445b-b8f6-35075051a0b1: 59 arrays, 0.1 MB stored; 1.1 s; peak memory 153 MiB.
2026-10-09T04:59:55Z INFO [220/1000] 2791b517-a7d7-4342-a83f-5bf2dc6ac99f: 70 arrays, 5.2 MB stored; 1.2 s; peak memory 153 MiB.
2026-10-09T04:59:57Z INFO [221/1000] 2792bacd-214d-4da6-84c7-5ffcfc4d1088: 48 arrays, 251.7 MB stored; 1.2 s; peak memory 153 MiB.
2026-10-09T05:00:00Z INFO [222/1000] 2792b4ab-f771-426e-817f-fd404aaf2018: 257 arrays, 90.1 MB stored; 5.1 s; peak memory 153 MiB.
2026-10-09T05:00:00Z INFO [223/1000] 2792bb24-b7ef-4929-a219-088d4239fa50: 229 arrays, 230.9 MB stored; 3.7 s; peak memory 153 MiB.
2026-10-09T05:00:01Z INFO [224/1000] 27931460-c117-483c-bdac-1773c3b02a5f: 48 arrays, 83.9 MB stored; 1.1 s; peak memory 153 MiB.
2026-10-09T05:00:01Z INFO [225/1000] 27938725-5c04-47e1-a9ab-30891d7f8379: 65 arrays, 20.2 MB stored; 1.2 s; peak memory 153 MiB.
2026-10-09T05:00:02Z INFO [226/1000] 279397c9-61af-463d-ab3a-1e3884ec5175: 117 arrays, 0.4 MB stored; 1.1 s; peak memory 153 MiB.
2026-10-09T05:00:03Z INFO [227/1000] 2793a6e1-44e9-401f-a8d8-290921f03e1b: 77 arrays, 0.2 MB stored; 1.3 s; peak memory 153 MiB.
2026-10-09T05:00:04Z INFO [228/1000] 2793b2b5-1cdb-474f-ad8d-8f3508af43dd: 112 arrays, 0.7 MB stored; 1.3 s; peak memory 153 MiB.
2026-10-09T05:00:04Z INFO [229/1000] 2793b624-b804-437a-adb3-1b759df50994: 118 arrays, 0.5 MB stored; 1.4 s; peak memory 153 MiB.
2026-10-09T05:00:04Z INFO [230/1000] 2790ba3a-7af1-4c2d-864f-1f08fb97e453: 324 arrays, 1516.2 MB stored; 10.9 s; peak memory 153 MiB.
2026-10-09T05:00:05Z INFO [231/1000] 27942b2f-78a3-4322-909f-3fad53140c89: 59 arrays, 96.0 MB stored; 1.4 s; peak memory 153 MiB.
2026-10-09T05:00:05Z INFO [232/1000] 2794fe28-684a-48e9-82a8-402e53a1147f: 117 arrays, 0.1 MB stored; 1.1 s; peak memory 153 MiB.
2026-10-09T05:00:06Z INFO [233/1000] 2794c96b-bcbf-494e-b8db-734f28b2fcff: 70 arrays, 39.0 MB stored; 1.7 s; peak memory 153 MiB.
2026-10-09T05:00:07Z INFO [234/1000] 279704c6-7677-43a9-804f-e188ff34d530: 46 arrays, 0.0 MB stored; 0.8 s; peak memory 153 MiB.
2026-10-09T05:00:09Z INFO [235/1000] 27971dcc-0477-4934-84b3-9133a6e25289: 68 arrays, 14122.6 MB stored; 1.8 s; peak memory 153 MiB.
2026-10-09T05:00:09Z INFO [236/1000] 27953a0f-4ce0-485d-9953-8e2eb42a343c: 538 arrays, 8.2 MB stored; 4.2 s; peak memory 153 MiB.
2026-10-09T05:00:10Z INFO [237/1000] 2796a838-5bed-41be-9d52-f058e9909f41: 556 arrays, 7.8 MB stored; 4.3 s; peak memory 153 MiB.
2026-10-09T05:00:11Z INFO [238/1000] 27987635-3eea-4bf0-be12-af427926bc1f: 48 arrays, 83.9 MB stored; 1.0 s; peak memory 153 MiB.
2026-10-09T05:00:11Z INFO [239/1000] 2797c532-0a5d-4b13-b5d3-8b230ea1226a: 144 arrays, 1.0 MB stored; 1.8 s; peak memory 153 MiB.
2026-10-09T05:00:11Z INFO [240/1000] 279759d7-f902-4a53-b7d0-11267ee81c01: 452 arrays, 5.4 MB stored; 3.0 s; peak memory 153 MiB.
2026-10-09T05:00:12Z INFO [241/1000] 27992834-14c5-49bf-9801-04420caca8f7: 118 arrays, 0.3 MB stored; 1.0 s; peak memory 153 MiB.
2026-10-09T05:00:12Z INFO [242/1000] 279943cd-b437-4c76-9891-e1d06820e1d0: 54 arrays, 0.0 MB stored; 0.9 s; peak memory 153 MiB.
2026-10-09T05:00:13Z INFO [243/1000] 27996d3c-e727-4772-b64c-3f9ca0649036: 117 arrays, 0.2 MB stored; 1.2 s; peak memory 153 MiB.
2026-10-09T05:00:14Z INFO [244/1000] 2799ed6e-76d5-4e64-863d-ef818908125b: 117 arrays, 0.4 MB stored; 1.2 s; peak memory 153 MiB.
2026-10-09T05:00:14Z INFO [245/1000] 2799f556-b282-4f64-9151-bdfe739f326b: 48 arrays, 83.9 MB stored; 1.2 s; peak memory 153 MiB.
2026-10-09T05:00:16Z INFO [246/1000] 279a55a4-446c-4ebb-a28f-64ec7a403b0c: 117 arrays, 0.3 MB stored; 1.2 s; peak memory 153 MiB.
2026-10-09T05:00:18Z INFO [247/1000] 2798cfe3-1933-40ac-850f-a91735bfda01: 1605 arrays, 25.8 MB stored; 7.3 s; peak memory 153 MiB.
2026-10-09T05:00:18Z INFO [248/1000] 279a01b6-4810-43ee-b6f9-e155732c064b: 223 arrays, 322.8 MB stored; 4.5 s; peak memory 153 MiB.
2026-10-09T05:00:19Z INFO [249/1000] 279a9a14-b1ce-466b-8eb9-ac16447efe66: 116 arrays, 0.5 MB stored; 1.1 s; peak memory 153 MiB.
2026-10-09T05:00:20Z INFO [250/1000] 279b1762-dc71-4437-9bc2-e67f98e0c5bc: 112 arrays, 0.5 MB stored; 1.3 s; peak memory 153 MiB.
2026-10-09T05:00:21Z INFO [251/1000] 279a62da-75be-4648-9b9b-82e096f01cc7: 193 arrays, 1033.7 MB stored; 5.7 s; peak memory 153 MiB.
2026-10-09T05:00:22Z INFO [252/1000] 279b1bd2-44eb-4acf-b08d-8c4c00cbec4f: 62 arrays, 2897.4 MB stored; 1.4 s; peak memory 153 MiB.
2026-10-09T05:00:23Z INFO [253/1000] 279b3dd6-28b9-4656-8567-2dbe0b6f4b6b: 48 arrays, 83.9 MB stored; 1.3 s; peak memory 153 MiB.
2026-10-09T05:00:23Z INFO [254/1000] 279c3385-c841-4d10-a538-d6cf6b467cc0: 48 arrays, 83.9 MB stored; 1.2 s; peak memory 153 MiB.
2026-10-09T05:00:24Z INFO [255/1000] 279c6c11-2a38-4e11-bb93-6655f583b9e8: 112 arrays, 0.2 MB stored; 1.2 s; peak memory 153 MiB.
2026-10-09T05:00:24Z INFO [256/1000] 279cf73e-ad48-43fb-b971-797ef019afc5: 116 arrays, 0.4 MB stored; 1.2 s; peak memory 153 MiB.
2026-10-09T05:00:27Z INFO [257/1000] 279d185a-de58-444b-a88e-79fd14f2a0ee: 85 arrays, 14.1 MB stored; 2.6 s; peak memory 153 MiB.
2026-10-09T05:00:28Z INFO [258/1000] 279de470-d71c-48d7-bb45-a198e39a6f0a: 48 arrays, 83.9 MB stored; 1.1 s; peak memory 153 MiB.
2026-10-09T05:00:29Z INFO [259/1000] 279e06f3-54b7-4585-a277-13bce11a0cf3: 48 arrays, 83.9 MB stored; 1.1 s; peak memory 153 MiB.
2026-10-09T05:00:30Z INFO [260/1000] 279e3975-4449-4bed-ac0f-b4e59ad77279: 118 arrays, 0.2 MB stored; 1.2 s; peak memory 153 MiB.
2026-10-09T05:00:31Z INFO [261/1000] 279d6dfc-b96a-45dc-9f27-a82caea4197a: 1124 arrays, 17.4 MB stored; 6.7 s; peak memory 153 MiB.
2026-10-09T05:00:31Z INFO [262/1000] 279e8499-a7e1-4547-8ed5-d90d624bcfbf: 118 arrays, 0.2 MB stored; 1.5 s; peak memory 153 MiB.
2026-10-09T05:00:33Z INFO [263/1000] 279f9644-0bfa-45a7-ac6e-c41720346bde: 115 arrays, 190.1 MB stored; 2.1 s; peak memory 153 MiB.
2026-10-09T05:00:45Z INFO [264/1000] 279fd047-73e6-4861-b664-6a3b3de4a93d: 1362 arrays, 45.4 MB stored; 11.3 s; peak memory 153 MiB.
2026-10-09T05:00:46Z INFO [265/1000] 279ff3eb-1ece-4b82-84c7-191e190deb56: 48 arrays, 83.9 MB stored; 1.1 s; peak memory 153 MiB.
2026-10-09T05:00:55Z INFO [266/1000] 277596d8-21f7-40b9-a1cc-9025c2ad5408: 167 arrays, 21077.0 MB stored; 130.0 s; peak memory 153 MiB.
2026-10-09T05:01:00Z INFO [267/1000] 27a03793-b471-4e0c-8910-5606210cd99c: 824 arrays, 10.4 MB stored; 5.2 s; peak memory 153 MiB.
2026-10-09T05:01:01Z INFO [268/1000] 27a06230-fd5b-451b-af5a-4efd427ec5f9: 38 arrays, 0.5 MB stored; 1.1 s; peak memory 153 MiB.
2026-10-09T05:01:03Z INFO [269/1000] 27a0680b-17ab-41b2-b53f-58a0ddd0e53b: 115 arrays, 190.1 MB stored; 2.1 s; peak memory 153 MiB.
2026-10-09T05:01:05Z INFO [270/1000] 27a06c63-1d28-4cf0-8ddb-4127e7c3b320: 112 arrays, 1.0 MB stored; 1.4 s; peak memory 153 MiB.
2026-10-09T05:01:06Z INFO [271/1000] 278d8846-5fcf-4ac0-89c8-378dcff6d578: 58 arrays, 6911.3 MB stored; 79.2 s; peak memory 153 MiB.
2026-10-09T05:01:06Z INFO [272/1000] 27a1446f-080b-4119-bce3-4403060e7f7b: 118 arrays, 0.3 MB stored; 1.3 s; peak memory 153 MiB.
2026-10-09T05:01:07Z INFO [273/1000] 27a1aef8-b746-4270-9460-04c19d8d3454: 290 arrays, 0.7 MB stored; 1.2 s; peak memory 153 MiB.
2026-10-09T05:01:07Z INFO [274/1000] 27a152d6-c2cc-4e2a-bccd-d8a7c1e98aea: 117 arrays, 0.4 MB stored; 1.5 s; peak memory 153 MiB.
2026-10-09T05:01:11Z INFO [275/1000] 27a1b535-e5cf-4c64-bcfb-a173f6058a5c: 229 arrays, 265.1 MB stored; 3.7 s; peak memory 153 MiB.
2026-10-09T05:01:12Z INFO [276/1000] 27a1ff16-7c22-43b4-bfab-1d337b548229: 46 arrays, 0.0 MB stored; 0.7 s; peak memory 153 MiB.
2026-10-09T05:01:13Z INFO [277/1000] 27a242f3-4832-478a-a1c6-582d50d9ff08: 48 arrays, 83.9 MB stored; 1.0 s; peak memory 153 MiB.
2026-10-09T05:01:14Z INFO [278/1000] 27a392ca-631c-4c65-b85c-1eb770a13dfc: 152 arrays, 0.6 MB stored; 1.8 s; peak memory 153 MiB.
2026-10-09T05:01:16Z INFO [279/1000] 27a3e40f-0ee8-465f-9890-ef318c3bd0dd: 48 arrays, 83.9 MB stored; 1.1 s; peak memory 153 MiB.
2026-10-09T05:01:17Z INFO [280/1000] 278025c3-00bd-445e-83c3-2e99f09eecac: 413 arrays, 19781.7 MB stored; 124.2 s; peak memory 153 MiB.
2026-10-09T05:01:17Z INFO [281/1000] 27a53683-c4fb-446f-9ba4-52496b1bbe16: 153 arrays, 0.6 MB stored; 1.6 s; peak memory 153 MiB.
2026-10-09T05:01:18Z INFO [282/1000] 27a5e194-3a97-46ca-ada8-b37f6fbeb89c: 112 arrays, 0.3 MB stored; 1.0 s; peak memory 153 MiB.
2026-10-09T05:01:19Z INFO [283/1000] 27a5f4fd-b6ec-41f8-9bc7-51baef23548c: 48 arrays, 83.9 MB stored; 1.1 s; peak memory 153 MiB.
2026-10-09T05:01:20Z INFO [284/1000] 27a5e713-c8a3-4ead-86b1-fac6d2551941: 115 arrays, 190.2 MB stored; 2.4 s; peak memory 153 MiB.
2026-10-09T05:01:20Z INFO [285/1000] 27a6a875-de16-4511-9a50-c1643d58857d: 48 arrays, 83.9 MB stored; 1.1 s; peak memory 153 MiB.
2026-10-09T05:01:21Z INFO [286/1000] 27a71e82-8488-4b94-9550-ddcf3fb1007d: 48 arrays, 83.9 MB stored; 1.1 s; peak memory 153 MiB.
2026-10-09T05:01:22Z INFO [287/1000] 27a74e32-1931-472d-895f-53cf0d1d6d80: 71 arrays, 66.7 MB stored; 1.8 s; peak memory 153 MiB.
2026-10-09T05:01:22Z INFO [288/1000] 27a7a687-e34f-46f6-bf56-ef8a9ef2069d: 110 arrays, 0.9 MB stored; 1.3 s; peak memory 153 MiB.
2026-10-09T05:01:24Z INFO [289/1000] 27a89893-3018-4cea-a5bb-7ecdda6d7a64: 185 arrays, 2.2 MB stored; 2.1 s; peak memory 153 MiB.
2026-10-09T05:01:26Z INFO [290/1000] 27a8f9af-c6fa-4cb0-af23-339fbc6a9134: 38 arrays, 34.1 MB stored; 1.7 s; peak memory 153 MiB.
2026-10-09T05:01:27Z INFO [291/1000] 27aa1611-b7a7-402a-bdad-0680e94e194c: 69 arrays, 0.0 MB stored; 1.3 s; peak memory 153 MiB.
2026-10-09T05:01:28Z INFO [292/1000] 27aa3cb0-e695-450b-be8c-c79bd501ca47: 48 arrays, 83.9 MB stored; 1.1 s; peak memory 153 MiB.
2026-10-09T05:01:30Z INFO [293/1000] 27aae3ff-caca-455c-b914-a18c2ba0d219: 115 arrays, 190.1 MB stored; 2.4 s; peak memory 153 MiB.
2026-10-09T05:01:31Z INFO [294/1000] 27a7bae1-1ccc-497c-9995-22eba21e5b99: 1786 arrays, 21.2 MB stored; 9.2 s; peak memory 153 MiB.
2026-10-09T05:01:32Z INFO [295/1000] 27abc424-6600-469a-8093-c22ab4d3013c: 49 arrays, 20.5 MB stored; 1.4 s; peak memory 153 MiB.
2026-10-09T05:01:32Z INFO [296/1000] 27abf7a7-d763-4a3f-acfe-1993cdbed12b: 48 arrays, 83.9 MB stored; 1.0 s; peak memory 153 MiB.
2026-10-09T05:01:33Z INFO [297/1000] 27ac63ec-be7b-4de0-9427-2596ce0f0c97: 112 arrays, 0.6 MB stored; 1.5 s; peak memory 153 MiB.
2026-10-09T05:01:37Z INFO [298/1000] 27ac5ed8-408f-4378-9123-f634958ccb61: 229 arrays, 1141.7 MB stored; 5.3 s; peak memory 153 MiB.
2026-10-09T05:01:37Z INFO [299/1000] 27a1f348-4259-4e0f-9961-8bcca2e3dbb7: 13507 arrays, 135.6 MB stored; 29.9 s; peak memory 153 MiB.
2026-10-09T05:01:38Z INFO [300/1000] 27ac887c-05c8-46b7-bc0a-f6c1e8f796af: 229 arrays, 253.6 MB stored; 4.1 s; peak memory 153 MiB.
2026-10-09T05:01:38Z INFO [301/1000] 27ac9ee4-f2fe-4079-b4f4-f7209a314e35: 48 arrays, 83.9 MB stored; 1.1 s; peak memory 153 MiB.
2026-10-09T05:01:39Z INFO [302/1000] 27adb13d-b157-4567-bc08-52a9bf16a2cd: 48 arrays, 83.9 MB stored; 1.2 s; peak memory 153 MiB.
2026-10-09T05:01:39Z INFO [303/1000] 27adcfca-c61c-4cc0-a9ae-2f680917fcd5: 69 arrays, 23.6 MB stored; 1.4 s; peak memory 153 MiB.
2026-10-09T05:01:40Z INFO [304/1000] 27adea4d-f998-4f4b-b08c-ec86d58ac9e6: 112 arrays, 0.3 MB stored; 1.3 s; peak memory 153 MiB.
2026-10-09T05:01:40Z INFO [305/1000] 27aeba56-b3ab-40ca-a8ed-8d36c496420a: 48 arrays, 83.9 MB stored; 1.1 s; peak memory 153 MiB.
2026-10-09T05:01:40Z INFO [306/1000] 27aebe3a-46d1-4b7b-b6cc-96a5373658ab: 41 arrays, 4.8 MB stored; 1.1 s; peak memory 153 MiB.
2026-10-09T05:01:41Z INFO [307/1000] 27af4648-e571-4362-8b66-f8e41fd421b8: 48 arrays, 83.9 MB stored; 1.1 s; peak memory 153 MiB.
2026-10-09T05:01:41Z INFO [308/1000] 27b15676-9d1e-400a-9bb6-bea15b3de9ec: 52 arrays, 0.0 MB stored; 1.0 s; peak memory 153 MiB.
2026-10-09T05:01:42Z INFO [309/1000] 27b188a2-0f36-47c0-bb9e-db09ef9660f1: 48 arrays, 83.9 MB stored; 1.1 s; peak memory 153 MiB.
2026-10-09T05:01:42Z INFO [310/1000] 27b1f9c0-f7a1-4e04-baaf-f52eabcb53da: 117 arrays, 0.3 MB stored; 1.2 s; peak memory 153 MiB.
2026-10-09T05:01:43Z INFO [311/1000] 27b2403d-6c8b-40ac-a55a-64952f927218: 48 arrays, 83.9 MB stored; 1.0 s; peak memory 153 MiB.
2026-10-09T05:01:44Z INFO [312/1000] 27b239cb-cea0-4401-a01e-fb72883759b9: 118 arrays, 67.2 MB stored; 2.5 s; peak memory 153 MiB.
2026-10-09T05:01:44Z INFO [313/1000] 27b2fec1-68d4-4f46-ab02-9a981c198344: 50 arrays, 0.0 MB stored; 1.1 s; peak memory 153 MiB.
2026-10-09T05:01:45Z INFO [314/1000] 27b09724-0abe-4f69-a27d-29262ce5e67f: 339 arrays, 48.0 MB stored; 5.7 s; peak memory 153 MiB.
2026-10-09T05:01:45Z INFO [315/1000] 27b3fa0b-82c6-4826-a078-d943e4d34346: 48 arrays, 83.9 MB stored; 1.1 s; peak memory 153 MiB.
2026-10-09T05:01:46Z INFO [316/1000] 27b424dd-a842-4502-bc16-86810c2601bb: 52 arrays, 0.0 MB stored; 1.0 s; peak memory 153 MiB.
2026-10-09T05:01:47Z INFO [317/1000] 27b47707-2d52-4179-aad7-af91d3bb0b52: 289 arrays, 17.1 MB stored; 1.6 s; peak memory 153 MiB.
2026-10-09T05:01:47Z INFO [318/1000] 27b389d3-0966-46b1-9a5b-9d1dbbd16e9a: 115 arrays, 190.1 MB stored; 2.8 s; peak memory 153 MiB.
2026-10-09T05:01:48Z INFO [319/1000] 27b4fbb9-d68e-46fc-9626-7b2455879cb3: 76 arrays, 78.4 MB stored; 1.7 s; peak memory 153 MiB.
2026-10-09T05:01:49Z INFO [320/1000] 27b550ba-4620-473f-a229-e5940e1ed13e: 62 arrays, 2616.9 MB stored; 1.7 s; peak memory 153 MiB.
2026-10-09T05:01:50Z INFO [321/1000] 27b56487-9b14-494e-a0ff-6e11f7c806c4: 114 arrays, 186.9 MB stored; 2.7 s; peak memory 153 MiB.
2026-10-09T05:01:50Z INFO [322/1000] 27b5bf1d-7bbc-4424-8cf6-130447f17d65: 71 arrays, 60.4 MB stored; 1.7 s; peak memory 153 MiB.
2026-10-09T05:01:50Z INFO [323/1000] 27b5f5ed-b44e-4066-8cbe-199aa820fb83: 68 arrays, 0.7 MB stored; 1.2 s; peak memory 153 MiB.
2026-10-09T05:01:51Z INFO [324/1000] 27b7860e-0a94-4359-867a-8a66ad65b4c0: 44 arrays, 0.0 MB stored; 1.0 s; peak memory 153 MiB.
2026-10-09T05:01:51Z INFO [325/1000] 27b6d100-c065-4cd9-b675-1e16bdb0f474: 48 arrays, 83.9 MB stored; 1.2 s; peak memory 153 MiB.
2026-10-09T05:01:51Z INFO [326/1000] 27b6bba3-8806-4f48-a517-d376c6d61292: 112 arrays, 0.9 MB stored; 1.4 s; peak memory 153 MiB.
2026-10-09T05:01:52Z INFO [327/1000] 27b8411a-f046-4bf4-80a1-ce5bc85dfe68: 52 arrays, 19.2 MB stored; 1.4 s; peak memory 153 MiB.
2026-10-09T05:01:52Z INFO [328/1000] 27b8d2c8-943e-4e52-b693-1335574a3989: 69 arrays, 27.2 MB stored; 1.4 s; peak memory 153 MiB.
2026-10-09T05:01:53Z INFO [329/1000] 27b92729-1247-4f67-9a8b-28c89b422047: 64 arrays, 67.4 MB stored; 1.9 s; peak memory 153 MiB.
2026-10-09T05:01:54Z INFO [330/1000] 27b938c9-ced2-43e4-b418-4ccaf2c412f7: 112 arrays, 0.9 MB stored; 1.4 s; peak memory 153 MiB.
2026-10-09T05:01:54Z INFO [331/1000] 27b98bf9-bff5-48c0-beef-af0d23d19e57: 46 arrays, 2032.2 MB stored; 1.7 s; peak memory 153 MiB.
2026-10-09T05:01:55Z INFO [332/1000] 27bb2be6-05ca-4adc-8694-60106f3e79ae: 46 arrays, 1.5 MB stored; 0.9 s; peak memory 153 MiB.
2026-10-09T05:01:55Z INFO [333/1000] 27ba7d60-75dc-4693-8146-c0d47c6decd9: 49 arrays, 178.6 MB stored; 1.6 s; peak memory 153 MiB.
2026-10-09T05:01:56Z INFO [334/1000] 27bb84ef-2a9e-45b3-8ba7-f293b0b607d6: 48 arrays, 83.9 MB stored; 1.1 s; peak memory 153 MiB.
2026-10-09T05:01:57Z INFO [335/1000] 27b9f304-f0d9-4ad0-9b1a-67566f67a027: 538 arrays, 7.9 MB stored; 3.7 s; peak memory 153 MiB.
2026-10-09T05:01:57Z INFO [336/1000] 27bb50c0-4562-4585-84f4-081c5e629c13: 123 arrays, 5.7 MB stored; 2.4 s; peak memory 153 MiB.
2026-10-09T05:01:57Z INFO [337/1000] 27bb8953-63dc-449b-bd81-45742ea0ccb4: 48 arrays, 83.9 MB stored; 1.0 s; peak memory 153 MiB.
2026-10-09T05:01:58Z INFO [338/1000] 27bb9ef0-c220-4ebd-9078-c1fda730a7be: 48 arrays, 83.9 MB stored; 1.1 s; peak memory 153 MiB.
2026-10-09T05:01:58Z INFO [339/1000] 27bc2763-1b50-4401-b88c-c9003938e019: 49 arrays, 11.8 MB stored; 1.0 s; peak memory 153 MiB.
2026-10-09T05:01:59Z INFO [340/1000] 27bdf7ac-7239-43c3-a8d6-89b285344b93: 48 arrays, 83.9 MB stored; 1.0 s; peak memory 153 MiB.
2026-10-09T05:01:59Z INFO [341/1000] 27bd4c04-f488-4e72-903b-f254c9b23d6b: 118 arrays, 0.5 MB stored; 1.3 s; peak memory 153 MiB.
2026-10-09T05:02:00Z INFO [342/1000] 27bf876c-ec97-4322-8940-6a1702fe96e6: 48 arrays, 83.9 MB stored; 1.1 s; peak memory 153 MiB.
2026-10-09T05:02:01Z INFO [343/1000] 27c04cee-3271-4478-a2ea-ae35255be776: 48 arrays, 83.9 MB stored; 1.0 s; peak memory 153 MiB.
2026-10-09T05:02:01Z INFO [344/1000] 27bfff8f-ff0d-4196-9a10-942153dfac4e: 78 arrays, 324.3 MB stored; 2.2 s; peak memory 153 MiB.
2026-10-09T05:02:02Z INFO [345/1000] 27c1408f-5c15-412d-b419-a74c56e5d774: 170 arrays, 0.7 MB stored; 1.3 s; peak memory 153 MiB.
2026-10-09T05:02:03Z INFO [346/1000] 27be2e48-35dc-403e-ad5a-3ec05e337dad: 229 arrays, 232.8 MB stored; 4.7 s; peak memory 153 MiB.
2026-10-09T05:02:03Z INFO [347/1000] 27c19111-0dc7-499e-a256-775b3ce878a5: 115 arrays, 190.1 MB stored; 2.2 s; peak memory 153 MiB.
2026-10-09T05:02:04Z INFO [348/1000] 27c27567-8115-498e-90b0-2e2b0459d5d3: 48 arrays, 83.9 MB stored; 0.9 s; peak memory 153 MiB.
2026-10-09T05:02:05Z INFO [349/1000] 27c2b4c8-0a62-422f-83ba-67dfc90221bb: 48 arrays, 83.9 MB stored; 1.1 s; peak memory 153 MiB.
2026-10-09T05:02:08Z INFO [350/1000] 27c39649-64ed-4ccc-bab1-33fa4fb6236a: 133 arrays, 45.3 MB stored; 2.8 s; peak memory 153 MiB.
2026-10-09T05:02:09Z INFO [351/1000] 27c3b0b2-2f38-4d26-a42e-b1737655d0a5: 116 arrays, 0.3 MB stored; 1.2 s; peak memory 153 MiB.
2026-10-09T05:02:12Z INFO [352/1000] 275af013-3c6e-4a38-b0c3-680294671ea2: 472 arrays, 43335.4 MB stored; 246.4 s; peak memory 153 MiB.
2026-10-09T05:02:14Z INFO [353/1000] 27c420bb-dd19-4fa4-8d2f-0277906e4da4: 41 arrays, 8.4 MB stored; 1.1 s; peak memory 153 MiB.
2026-10-09T05:02:15Z INFO [354/1000] 27c459d2-48e5-4ddc-a5c8-d32c39b9a4f3: 52 arrays, 13.6 MB stored; 1.2 s; peak memory 153 MiB.
2026-10-09T05:02:15Z INFO [355/1000] 27c23595-63d8-4078-ab0f-e54d74a87e53: 277 arrays, 679.7 MB stored; 13.2 s; peak memory 153 MiB.
2026-10-09T05:02:16Z INFO [356/1000] 27c47174-67f7-4669-8306-c001ae04ded9: 46 arrays, 3.9 MB stored; 0.9 s; peak memory 153 MiB.
2026-10-09T05:02:17Z INFO [357/1000] 27c56e3e-9ea7-4049-bc65-d0d4e2ba982c: 71 arrays, 46.7 MB stored; 1.7 s; peak memory 153 MiB.
2026-10-09T05:02:18Z INFO [358/1000] 27c3c869-a58d-4ae3-96f4-b0fba19c65a7: 97 arrays, 112.2 MB stored; 8.8 s; peak memory 153 MiB.
2026-10-09T05:02:18Z INFO [359/1000] 27c5f524-f562-4ee8-bb74-230cbdeff61f: 66 arrays, 20.8 MB stored; 1.2 s; peak memory 153 MiB.
2026-10-09T05:02:18Z INFO [360/1000] 27c5adb8-12d5-4715-936d-b7dc5e89884e: 156 arrays, 193.5 MB stored; 2.5 s; peak memory 153 MiB.
2026-10-09T05:02:19Z INFO [361/1000] 27c627c0-9a77-4fc1-932e-d68a6d695d4b: 48 arrays, 83.9 MB stored; 1.1 s; peak memory 153 MiB.
2026-10-09T05:02:20Z INFO [362/1000] 27c71f30-3972-40f6-aa6f-72fe81564ade: 112 arrays, 0.5 MB stored; 1.5 s; peak memory 153 MiB.
2026-10-09T05:02:20Z INFO [363/1000] 27c76fbc-f6a7-43fc-9736-34d9395bb56b: 118 arrays, 66.1 MB stored; 2.1 s; peak memory 153 MiB.
2026-10-09T05:02:21Z INFO [364/1000] 27c7cf9d-173e-419f-be0d-612aa92d298c: 48 arrays, 83.9 MB stored; 1.2 s; peak memory 153 MiB.
2026-10-09T05:02:22Z INFO [365/1000] 27c7b331-84c4-478e-8ffa-c01c43a5b037: 186 arrays, 13.4 MB stored; 2.6 s; peak memory 153 MiB.
2026-10-09T05:02:22Z INFO [366/1000] 27c83705-5b37-4fec-8ce8-94dfb4be11a0: 119 arrays, 0.1 MB stored; 1.1 s; peak memory 153 MiB.
2026-10-09T05:02:23Z INFO [367/1000] 27c82e49-d539-4afc-99d7-56f5c5b7adfa: 114 arrays, 186.8 MB stored; 2.4 s; peak memory 153 MiB.
2026-10-09T05:02:23Z INFO [368/1000] 27c870f0-6734-4b6d-8349-d61d8f1c0ef1: 118 arrays, 0.5 MB stored; 1.3 s; peak memory 153 MiB.
2026-10-09T05:02:23Z INFO [369/1000] 27c8feb9-dfbf-4090-bdb4-9057502689fb: 48 arrays, 83.9 MB stored; 1.0 s; peak memory 153 MiB.
2026-10-09T05:02:24Z INFO [370/1000] 27ca1cbd-1724-4c84-b4e6-94f2d5b3bdd4: 48 arrays, 83.9 MB stored; 1.3 s; peak memory 153 MiB.
2026-10-09T05:02:25Z INFO [371/1000] 27c96c47-2a8e-416d-94c4-ba37ca95e1e9: 168 arrays, 3.2 MB stored; 2.0 s; peak memory 153 MiB.
2026-10-09T05:02:27Z INFO [372/1000] 27cbb4a8-1bce-4296-b29f-2da167ea3050: 115 arrays, 186.8 MB stored; 2.3 s; peak memory 153 MiB.
2026-10-09T05:02:28Z INFO [373/1000] 27caeed0-ba71-4cbb-9682-99a6c9cff345: 1355 arrays, 26.3 MB stored; 4.9 s; peak memory 153 MiB.
2026-10-09T05:02:28Z INFO [374/1000] 279afdfb-21cc-494c-9e9f-ee4e60fe98df: 167 arrays, 21106.0 MB stored; 130.2 s; peak memory 153 MiB.
2026-10-09T05:02:29Z INFO [375/1000] 27cc1895-31fa-4c5c-8070-1684730e1d37: 48 arrays, 83.9 MB stored; 0.9 s; peak memory 153 MiB.
2026-10-09T05:02:30Z INFO [376/1000] 27cc2ef4-d52b-4756-a1df-a60677b8c1db: 48 arrays, 83.9 MB stored; 1.2 s; peak memory 153 MiB.
2026-10-09T05:02:30Z INFO [377/1000] 27ccf4dc-63f8-467e-80fe-7aea10833d4b: 112 arrays, 0.8 MB stored; 1.4 s; peak memory 153 MiB.
2026-10-09T05:02:31Z INFO [378/1000] 27cd6188-ea7f-454c-a4c7-9eb5fc2d1f13: 47 arrays, 43.1 MB stored; 1.5 s; peak memory 153 MiB.
2026-10-09T05:02:32Z INFO [379/1000] 27cd687b-8afd-4e48-bc66-3a950fbbb0c1: 66 arrays, 76.7 MB stored; 1.6 s; peak memory 153 MiB.
2026-10-09T05:02:32Z INFO [380/1000] 27cdaedb-cc0c-4bce-99aa-c131d266a44b: 41 arrays, 109.7 MB stored; 1.1 s; peak memory 153 MiB.
2026-10-09T05:02:33Z INFO [381/1000] 27ce263c-027b-4711-ab93-30cbfff93e05: 48 arrays, 83.9 MB stored; 1.0 s; peak memory 153 MiB.
2026-10-09T05:02:33Z INFO [382/1000] 27cdfac7-45df-4328-a6bd-30d061698669: 62 arrays, 2714.4 MB stored; 1.8 s; peak memory 153 MiB.
2026-10-09T05:02:34Z INFO [383/1000] 27cbd8a4-1564-4795-ab36-432375ed20f3: 339 arrays, 48.0 MB stored; 6.6 s; peak memory 153 MiB.
2026-10-09T05:02:34Z INFO [384/1000] 27cef310-34da-440a-ad01-bcc4153e59de: 38 arrays, 0.5 MB stored; 1.0 s; peak memory 153 MiB.
2026-10-09T05:02:35Z INFO [385/1000] 27cf4787-d6a3-4748-81a3-20e747f594e2: 38 arrays, 0.5 MB stored; 1.0 s; peak memory 153 MiB.
2026-10-09T05:02:35Z INFO [386/1000] 27ce8d8f-9577-442f-bb84-c4a28c9dc8e3: 112 arrays, 1.1 MB stored; 1.5 s; peak memory 153 MiB.
2026-10-09T05:02:35Z INFO [387/1000] 27cb3641-80fd-4708-b279-260ab7049a94: 288 arrays, 952.8 MB stored; 10.7 s; peak memory 153 MiB.
2026-10-09T05:02:36Z INFO [388/1000] 27cf92f6-d59d-412f-a52d-ce5a23a435d5: 48 arrays, 83.9 MB stored; 1.2 s; peak memory 153 MiB.
2026-10-09T05:02:36Z INFO [389/1000] 27d0481b-3ab1-474f-8564-403ba94b5090: 49 arrays, 0.8 MB stored; 1.3 s; peak memory 153 MiB.
2026-10-09T05:02:36Z INFO [390/1000] 27d0767e-4f03-45d3-8969-39d8ba8e023a: 117 arrays, 0.5 MB stored; 1.3 s; peak memory 153 MiB.
2026-10-09T05:02:36Z INFO [391/1000] 27d0c521-c311-47d2-ae8b-0e3001d748f2: 48 arrays, 83.9 MB stored; 1.1 s; peak memory 153 MiB.
2026-10-09T05:02:37Z INFO [392/1000] 27d1c99b-c48b-40ca-b31a-f2ad2f70abf6: 56 arrays, 0.0 MB stored; 1.0 s; peak memory 153 MiB.
2026-10-09T05:02:37Z INFO [393/1000] 27d3ba13-b437-42ec-841c-860a0e9cfec8: 45 arrays, 0.0 MB stored; 0.9 s; peak memory 153 MiB.
2026-10-09T05:02:37Z INFO [394/1000] 27d20d96-d567-46d7-befe-2cac48161d04: 48 arrays, 83.9 MB stored; 1.2 s; peak memory 153 MiB.
2026-10-09T05:02:38Z INFO [395/1000] 27d3c489-9a44-469b-aba7-8aa3e3546e1c: 112 arrays, 0.7 MB stored; 1.5 s; peak memory 153 MiB.
2026-10-09T05:02:38Z INFO [396/1000] 27d3c9ea-d357-48fd-85bc-de4952cdb8a0: 41 arrays, 8.4 MB stored; 1.2 s; peak memory 153 MiB.
2026-10-09T05:02:38Z INFO [397/1000] 27d4409e-58d8-4ee4-98bc-978a66ea4f23: 48 arrays, 83.9 MB stored; 1.3 s; peak memory 153 MiB.
2026-10-09T05:02:39Z INFO [398/1000] 27d33ddc-e7e5-4242-9d74-8892561880c0: 85 arrays, 716.9 MB stored; 3.0 s; peak memory 153 MiB.
2026-10-09T05:02:39Z INFO [399/1000] 27d4cb30-779e-4cf1-a7de-4eb8723e13de: 48 arrays, 83.9 MB stored; 1.2 s; peak memory 153 MiB.
2026-10-09T05:02:40Z INFO [400/1000] 27d4cc9b-da2c-4ec9-b56e-2196768f4d06: 117 arrays, 0.4 MB stored; 1.3 s; peak memory 153 MiB.
2026-10-09T05:02:40Z INFO [400/1000] 27d4cc9b-da2c-4ec9-b56e-2196768f4d06: checkpointed 400 new records.
2026-10-09T05:02:40Z INFO [401/1000] 27d59a28-039e-4ce2-a2fb-4dc53eba7ffd: 48 arrays, 83.9 MB stored; 1.1 s; peak memory 240 MiB.
2026-10-09T05:02:41Z INFO [402/1000] 279e97e3-3826-4f05-8c04-e2bf6c24a27f: 260 arrays, 19750.6 MB stored; 129.6 s; peak memory 240 MiB.
2026-10-09T05:02:41Z INFO [403/1000] 27d5e98c-8cbb-4859-ae75-9cacc3b6e307: 112 arrays, 0.1 MB stored; 1.2 s; peak memory 240 MiB.
2026-10-09T05:02:42Z INFO [404/1000] 27d5c406-1140-4709-9949-7807f4de540c: 52 arrays, 553.0 MB stored; 2.3 s; peak memory 240 MiB.
2026-10-09T05:02:42Z INFO [405/1000] 27d6d303-d174-4957-a411-388d0bb201b2: 60 arrays, 116.0 MB stored; 1.5 s; peak memory 240 MiB.
2026-10-09T05:02:42Z INFO [406/1000] 27c24104-db23-4046-8bea-8085bf36b575: 55 arrays, 1918.7 MB stored; 39.2 s; peak memory 240 MiB.
2026-10-09T05:02:42Z INFO [407/1000] 27d739f2-ea5b-4992-8de8-6b2d4c5f3ede: 46 arrays, 0.2 MB stored; 1.0 s; peak memory 240 MiB.
2026-10-09T05:02:43Z INFO [408/1000] 27d76582-6e8d-4ab8-9c91-4f1b58d346bd: 117 arrays, 0.3 MB stored; 1.3 s; peak memory 240 MiB.
2026-10-09T05:02:43Z INFO [409/1000] 27d82acd-b76d-4f25-a9dd-1289be542431: 21 arrays, 0.6 MB stored; 1.0 s; peak memory 240 MiB.
2026-10-09T05:02:43Z INFO [410/1000] 27d7dfe5-d1e3-450c-b86a-7709d27c1be2: 48 arrays, 83.9 MB stored; 1.1 s; peak memory 240 MiB.
2026-10-09T05:02:44Z INFO [411/1000] 27d83c6d-462f-446d-9740-5940d410e787: 64 arrays, 36.4 MB stored; 1.8 s; peak memory 240 MiB.
2026-10-09T05:02:44Z INFO [412/1000] 27d845b2-55ed-40df-aab1-7a430957a509: 46 arrays, 0.2 MB stored; 1.0 s; peak memory 240 MiB.
2026-10-09T05:02:44Z INFO [413/1000] 27d89220-575c-4d9e-ab6b-169550717c5b: 48 arrays, 83.9 MB stored; 1.1 s; peak memory 240 MiB.
2026-10-09T05:02:45Z INFO [414/1000] 27d90244-72e8-4940-92de-e6df46f65266: 64 arrays, 0.0 MB stored; 1.2 s; peak memory 240 MiB.
2026-10-09T05:02:46Z INFO [415/1000] 27d873d7-b09d-4b0b-871f-0e1bf0996ab4: 1120 arrays, 10.2 MB stored; 2.7 s; peak memory 240 MiB.
2026-10-09T05:02:46Z INFO [416/1000] 27d9ffe1-4bec-4ea6-8092-cddefb8a0740: 116 arrays, 0.4 MB stored; 1.0 s; peak memory 240 MiB.
2026-10-09T05:02:46Z INFO [417/1000] 27d46b2c-0bf2-4474-bf40-ca05d15b488f: 630 arrays, 28.5 MB stored; 8.2 s; peak memory 240 MiB.
2026-10-09T05:02:46Z INFO [418/1000] 27d5d5a8-c303-4a71-9bba-3c8a831b2bc3: 368 arrays, 63.9 MB stored; 6.8 s; peak memory 240 MiB.
2026-10-09T05:02:47Z INFO [419/1000] 27daa45b-a3cd-4e31-b721-f46774999619: 33 arrays, 350.4 MB stored; 1.3 s; peak memory 240 MiB.
2026-10-09T05:02:47Z INFO [420/1000] 27dae353-63b0-4ac4-9041-dfc58835e96f: 170 arrays, 0.7 MB stored; 1.2 s; peak memory 240 MiB.
2026-10-09T05:02:47Z INFO [421/1000] 27daeccd-14c0-434e-ad9e-3d3d021dbba9: 50 arrays, 1.8 MB stored; 1.0 s; peak memory 240 MiB.
2026-10-09T05:02:48Z INFO [422/1000] 27daf006-8da0-4272-9d18-d30a24c84657: 59 arrays, 124.0 MB stored; 1.4 s; peak memory 240 MiB.
2026-10-09T05:02:48Z INFO [423/1000] 27d96e78-ed4a-4e7b-bf4f-157907f12e6d: 596 arrays, 6.4 MB stored; 4.0 s; peak memory 240 MiB.
2026-10-09T05:02:48Z INFO [424/1000] 27dbacba-28f7-46f0-a1da-3de6374e8435: 50 arrays, 1.6 MB stored; 1.1 s; peak memory 240 MiB.
2026-10-09T05:02:48Z INFO [425/1000] 27dca31f-0964-4ec0-9c79-7c53bd49bda6: 38 arrays, 0.5 MB stored; 1.1 s; peak memory 240 MiB.
2026-10-09T05:02:49Z INFO [426/1000] 27db767f-85f2-4f72-82f7-e8e30a14d6af: 53 arrays, 815.1 MB stored; 1.9 s; peak memory 240 MiB.
2026-10-09T05:02:50Z INFO [427/1000] 27dd1a68-5a69-49a7-aab6-c9ca7271cdfc: 48 arrays, 83.9 MB stored; 1.3 s; peak memory 240 MiB.
2026-10-09T05:02:50Z INFO [428/1000] 27d90704-b817-481d-b4d3-63b608808618: 1004 arrays, 9.8 MB stored; 5.9 s; peak memory 240 MiB.
2026-10-09T05:02:50Z INFO [429/1000] 27ddeb5f-1aa4-4eb5-96cd-c2da5d798d82: 56 arrays, 0.0 MB stored; 0.9 s; peak memory 240 MiB.
2026-10-09T05:02:50Z INFO [430/1000] 27dd320e-823b-4825-a106-c3fc3e76c915: 71 arrays, 125.5 MB stored; 1.7 s; peak memory 240 MiB.
2026-10-09T05:02:51Z INFO [431/1000] 27ded58f-6c7f-44fe-b363-8b0cc0fa68ee: 112 arrays, 0.2 MB stored; 1.1 s; peak memory 240 MiB.
2026-10-09T05:02:51Z INFO [432/1000] 27de224f-b73c-431f-8e40-7ec81c7140a7: 117 arrays, 0.2 MB stored; 1.4 s; peak memory 240 MiB.
2026-10-09T05:02:51Z INFO [433/1000] 27df2d64-5362-4eb6-93ae-a78fccc6009c: 117 arrays, 0.4 MB stored; 1.3 s; peak memory 240 MiB.
2026-10-09T05:02:52Z INFO [434/1000] 27e134e6-ee7e-4b2c-b4d1-79d35229900a: 48 arrays, 83.9 MB stored; 1.1 s; peak memory 240 MiB.
2026-10-09T05:02:52Z INFO [435/1000] 27e0208e-6d65-41ef-a331-02727ad2bda3: 124 arrays, 0.8 MB stored; 1.5 s; peak memory 240 MiB.
2026-10-09T05:02:53Z INFO [436/1000] 27e1c215-5566-494d-971c-7df207e1aff9: 48 arrays, 83.9 MB stored; 1.1 s; peak memory 240 MiB.
2026-10-09T05:02:54Z INFO [437/1000] 27e1eaf1-6c73-4775-bc73-9d76f87d1331: 63 arrays, 0.1 MB stored; 1.0 s; peak memory 240 MiB.
2026-10-09T05:02:55Z INFO [438/1000] 27e1e7ae-bcc2-4cd1-b8c8-fad7028f53e6: 46 arrays, 1047.6 MB stored; 2.4 s; peak memory 240 MiB.
2026-10-09T05:02:55Z INFO [439/1000] 27dca6f4-413d-40f0-bc3f-61177bd04ea9: 11477 arrays, 161.9 MB stored; 7.4 s; peak memory 240 MiB.
2026-10-09T05:02:56Z INFO [440/1000] 27dd9ef6-2c21-4c1b-bc04-9d119affc7f3: 219 arrays, 758.2 MB stored; 7.3 s; peak memory 240 MiB.
2026-10-09T05:02:56Z INFO [441/1000] 27e2091f-01c9-41b1-bc88-ff42aa048d2d: 39 arrays, 0.6 MB stored; 1.1 s; peak memory 240 MiB.
2026-10-09T05:02:56Z INFO [442/1000] 27e30d27-c30b-4531-aaf7-acb4bed520cf: 52 arrays, 30.9 MB stored; 1.2 s; peak memory 240 MiB.
2026-10-09T05:02:57Z INFO [443/1000] 27e094ce-77ab-4bb3-b5a6-3811ac91eaf2: 775 arrays, 39.0 MB stored; 5.6 s; peak memory 240 MiB.
2026-10-09T05:02:57Z INFO [444/1000] 27e32067-1320-4d41-bcc8-0367e2096f06: 117 arrays, 0.2 MB stored; 1.2 s; peak memory 240 MiB.
2026-10-09T05:02:57Z INFO [445/1000] 27e32c5f-2407-4367-b79b-12310d3154b6: 118 arrays, 0.3 MB stored; 1.3 s; peak memory 240 MiB.
2026-10-09T05:02:58Z INFO [446/1000] 27e3eef0-c674-48f8-b93d-962ef8e2f94b: 62 arrays, 0.8 MB stored; 1.1 s; peak memory 240 MiB.
2026-10-09T05:02:58Z INFO [447/1000] 27e469e1-6c6f-4727-b2b5-d14cfa9d1b95: 84 arrays, 0.2 MB stored; 1.1 s; peak memory 240 MiB.
2026-10-09T05:02:59Z INFO [448/1000] 27e432b7-5142-4a90-a55e-d19bf50a2a70: 38 arrays, 2198.1 MB stored; 2.0 s; peak memory 240 MiB.
2026-10-09T05:02:59Z INFO [449/1000] 27e50663-7a52-41ce-bb80-474665fdf55f: 112 arrays, 0.6 MB stored; 1.4 s; peak memory 240 MiB.
2026-10-09T05:02:59Z INFO [450/1000] 27e52856-e59b-40a3-838e-e83586f65b59: 117 arrays, 0.4 MB stored; 1.1 s; peak memory 240 MiB.
2026-10-09T05:03:00Z INFO [451/1000] 27e61386-6db8-48fe-a684-43e5148eb6bc: 48 arrays, 83.9 MB stored; 1.1 s; peak memory 240 MiB.
2026-10-09T05:03:00Z INFO [452/1000] 27e60063-11b9-4ae6-991e-c138ee7ae4cb: 48 arrays, 83.9 MB stored; 1.4 s; peak memory 240 MiB.
2026-10-09T05:03:01Z INFO [453/1000] 27e82a67-68cd-49a1-848a-26ab1e30f760: 54 arrays, 0.0 MB stored; 1.0 s; peak memory 240 MiB.
2026-10-09T05:03:01Z INFO [454/1000] 27e744c7-f6a5-49db-99fb-1f0340900f3a: 117 arrays, 0.3 MB stored; 1.3 s; peak memory 240 MiB.
2026-10-09T05:03:03Z INFO [455/1000] 27e83e57-16b2-4d9f-98fc-2703c6d284f5: 42 arrays, 1.1 MB stored; 1.4 s; peak memory 240 MiB.
2026-10-09T05:03:03Z INFO [456/1000] 27e8a74c-1d6e-48ec-8ee1-2389eebe5c96: 38 arrays, 20.7 MB stored; 1.5 s; peak memory 240 MiB.
2026-10-09T05:03:04Z INFO [457/1000] 27eabaae-befd-47d2-a151-3e9e16bcf19a: 118 arrays, 0.4 MB stored; 1.1 s; peak memory 240 MiB.
2026-10-09T05:03:05Z INFO [458/1000] 27eac218-e130-49d6-9114-ead200714e8f: 49 arrays, 6.6 MB stored; 1.2 s; peak memory 240 MiB.
2026-10-09T05:03:06Z INFO [459/1000] 27e205f7-64c2-4552-a75a-899a042a3417: 72 arrays, 253.5 MB stored; 11.8 s; peak memory 240 MiB.
2026-10-09T05:03:06Z INFO [460/1000] 27e3b847-c767-42ca-b961-03ca0bf955eb: 1106 arrays, 42.9 MB stored; 9.9 s; peak memory 240 MiB.
2026-10-09T05:03:07Z INFO [461/1000] 27eb1a00-208f-4bdc-9f58-a3a393531787: 117 arrays, 0.4 MB stored; 1.3 s; peak memory 240 MiB.
2026-10-09T05:03:08Z INFO [462/1000] 27eb2112-7ae6-4dde-8717-f8fedadd3d49: 109 arrays, 0.3 MB stored; 1.4 s; peak memory 240 MiB.
2026-10-09T05:03:08Z INFO [463/1000] 27ec560d-87f9-4f83-9b82-c7e1036894a8: 117 arrays, 0.5 MB stored; 1.4 s; peak memory 240 MiB.
2026-10-09T05:03:08Z INFO [464/1000] 27ec565b-614e-4bcd-9cf8-705b9e51e396: 117 arrays, 0.4 MB stored; 1.3 s; peak memory 240 MiB.
2026-10-09T05:03:09Z INFO [465/1000] 27ecb1bf-bc96-49d2-b75b-28234e513e62: 46 arrays, 1.3 MB stored; 0.8 s; peak memory 240 MiB.
2026-10-09T05:03:09Z INFO [466/1000] 27ec6733-c267-4d6d-bf6a-d1b8d6eeb103: 44 arrays, 4.3 MB stored; 1.0 s; peak memory 240 MiB.
2026-10-09T05:03:09Z INFO [467/1000] 27ed0ce3-3803-4479-be6b-e3d2dc3951d2: 69 arrays, 1.8 MB stored; 1.5 s; peak memory 240 MiB.
2026-10-09T05:03:10Z INFO [468/1000] 27ed66c3-be34-4ee4-b271-26ae1a0ca58c: 117 arrays, 0.4 MB stored; 1.2 s; peak memory 240 MiB.
2026-10-09T05:03:11Z INFO [469/1000] 27ed2121-5b1b-4b2c-8500-b6df22296298: 98 arrays, 138.8 MB stored; 2.4 s; peak memory 240 MiB.
2026-10-09T05:03:12Z INFO [470/1000] 27eedad0-8121-4531-bf63-15ed30f8fc9c: 112 arrays, 0.9 MB stored; 1.4 s; peak memory 240 MiB.
2026-10-09T05:03:12Z INFO [471/1000] 27e8f527-da8a-4a1f-89a8-d08b2074ab48: 1379 arrays, 25.5 MB stored; 9.6 s; peak memory 240 MiB.
2026-10-09T05:03:12Z INFO [472/1000] 27ee1499-dba5-4d18-a01a-92274d8025e2: 307 arrays, 2.6 MB stored; 2.7 s; peak memory 240 MiB.
2026-10-09T05:03:13Z INFO [473/1000] 27a02b6a-9493-4bb5-8e41-c6dd6bc47ed6: 280 arrays, 22349.5 MB stored; 146.9 s; peak memory 240 MiB.
2026-10-09T05:03:13Z INFO [474/1000] 27ef4011-99a4-4d28-bfd7-9be92688fe6f: 33 arrays, 0.0 MB stored; 0.9 s; peak memory 240 MiB.
2026-10-09T05:03:13Z INFO [475/1000] 27dfcee3-32b4-4719-841f-70233628e268: 48 arrays, 37611.5 MB stored; 23.2 s; peak memory 240 MiB.
2026-10-09T05:03:14Z INFO [476/1000] 27efd6c2-2b72-4f75-8b99-7270518894f4: 62 arrays, 7.1 MB stored; 1.3 s; peak memory 240 MiB.
2026-10-09T05:03:14Z INFO [477/1000] 27f02abb-a340-4d5d-a6a4-000bd66c4fed: 109 arrays, 0.7 MB stored; 1.3 s; peak memory 240 MiB.
2026-10-09T05:03:14Z INFO [478/1000] 27f06592-ba9f-46dc-873e-f00fc1da9ce8: 51 arrays, 0.0 MB stored; 1.0 s; peak memory 240 MiB.
2026-10-09T05:03:14Z INFO [479/1000] 27f06c44-9105-479b-ba48-8a1f7567f05a: 48 arrays, 83.9 MB stored; 1.2 s; peak memory 240 MiB.
2026-10-09T05:03:15Z INFO [480/1000] 27f0dd75-6e49-4a0f-adc8-22868dc0a994: 46 arrays, 0.2 MB stored; 1.0 s; peak memory 240 MiB.
2026-10-09T05:03:15Z INFO [481/1000] 27edad2e-87be-4b20-b11a-c02abba61829: 538 arrays, 8.4 MB stored; 5.5 s; peak memory 240 MiB.
2026-10-09T05:03:15Z INFO [482/1000] 27f15490-8e67-41f9-af0f-b77cc3ebe832: 117 arrays, 0.4 MB stored; 1.1 s; peak memory 240 MiB.
2026-10-09T05:03:16Z INFO [483/1000] 27f1be2a-368f-4c55-a98d-85792a48777d: 46 arrays, 0.4 MB stored; 1.1 s; peak memory 240 MiB.
2026-10-09T05:03:16Z INFO [484/1000] 27f25c0f-34b1-44d8-b166-70b79c58236a: 86 arrays, 52.3 MB stored; 1.0 s; peak memory 240 MiB.
2026-10-09T05:03:16Z INFO [485/1000] 27f1e595-fcfd-4e6b-8942-f90eb1258847: 112 arrays, 0.7 MB stored; 1.5 s; peak memory 240 MiB.
2026-10-09T05:03:17Z INFO [486/1000] 27ef9dde-abb2-417d-82ec-c4dc586b4ac4: 229 arrays, 232.7 MB stored; 4.5 s; peak memory 240 MiB.
2026-10-09T05:03:17Z INFO [487/1000] 27f2830c-61a3-419f-b7fe-b92f948fadf4: 112 arrays, 0.8 MB stored; 1.7 s; peak memory 240 MiB.
2026-10-09T05:03:17Z INFO [488/1000] 27f3dc23-d131-4df6-bec7-6f2187564064: 112 arrays, 1.0 MB stored; 1.6 s; peak memory 240 MiB.
2026-10-09T05:03:18Z INFO [489/1000] 27f41d32-be54-409b-96cb-a1b6fa975f36: 62 arrays, 4201.5 MB stored; 1.5 s; peak memory 240 MiB.
2026-10-09T05:03:18Z INFO [490/1000] 27f4266e-91a3-49d0-8a2b-76f743429deb: 48 arrays, 83.9 MB stored; 1.0 s; peak memory 240 MiB.
2026-10-09T05:03:18Z INFO [491/1000] 27f4a64d-998a-4855-bd1c-34077c61eb2c: 48 arrays, 83.9 MB stored; 1.0 s; peak memory 240 MiB.
2026-10-09T05:03:19Z INFO [492/1000] 27f38244-7968-4b18-bbb8-497ecb32baf7: 156 arrays, 193.6 MB stored; 3.2 s; peak memory 240 MiB.
2026-10-09T05:03:19Z INFO [493/1000] 27f4abbd-5797-4210-8a10-bccd29cb5c46: 68 arrays, 0.1 MB stored; 1.2 s; peak memory 240 MiB.
2026-10-09T05:03:19Z INFO [494/1000] 27f4a62c-79a9-4f7f-aa75-5cc3ac7270b2: 71 arrays, 39.1 MB stored; 2.0 s; peak memory 240 MiB.
2026-10-09T05:03:20Z INFO [495/1000] 27f667ce-1c31-43bd-9a40-c1a250341607: 116 arrays, 0.4 MB stored; 1.3 s; peak memory 240 MiB.
2026-10-09T05:03:20Z INFO [496/1000] 27f66d1a-d00b-4285-abe2-cdc3db4d6023: 52 arrays, 12.2 MB stored; 1.3 s; peak memory 240 MiB.
2026-10-09T05:03:20Z INFO [497/1000] 27f561c7-9322-4edb-81f5-46f4e6539c52: 186 arrays, 46.3 MB stored; 2.2 s; peak memory 240 MiB.
2026-10-09T05:03:20Z INFO [498/1000] 27f6dc0e-e47b-483b-ba55-c8a2ecc73ef7: 117 arrays, 0.6 MB stored; 1.5 s; peak memory 240 MiB.
2026-10-09T05:03:21Z INFO [499/1000] 27f17ae5-c2a5-4d9c-a07a-f3dde515520b: 1527 arrays, 21.9 MB stored; 6.3 s; peak memory 240 MiB.
2026-10-09T05:03:21Z INFO [500/1000] 27f57af8-c192-499f-896f-1cf2ab5a8cc4: 156 arrays, 193.5 MB stored; 2.5 s; peak memory 240 MiB.
2026-10-09T05:03:21Z INFO [501/1000] 27f7a71f-1b70-4f4e-8716-28013d50b0f7: 117 arrays, 0.4 MB stored; 1.3 s; peak memory 240 MiB.
2026-10-09T05:03:22Z INFO [502/1000] 27f8e23c-7167-495c-8a5e-ef1a4616732d: 112 arrays, 0.5 MB stored; 1.3 s; peak memory 240 MiB.
2026-10-09T05:03:22Z INFO [503/1000] 27f8c521-ad4e-40ff-b1b9-1d2653772a2b: 112 arrays, 0.4 MB stored; 1.8 s; peak memory 240 MiB.
2026-10-09T05:03:22Z INFO [504/1000] 27f98646-abe1-44d3-84c8-4d79bcde7aa3: 48 arrays, 83.9 MB stored; 1.1 s; peak memory 240 MiB.
2026-10-09T05:03:23Z INFO [505/1000] 27fadf51-1903-4524-b7d5-020aa1aa0325: 53 arrays, 0.0 MB stored; 1.0 s; peak memory 240 MiB.
2026-10-09T05:03:24Z INFO [506/1000] 27f917bc-9e6f-4ca6-956c-41216a7b0c38: 204 arrays, 26.4 MB stored; 3.6 s; peak memory 240 MiB.
2026-10-09T05:03:24Z INFO [507/1000] 27fb3154-75fe-41ae-9dcd-93c242f09d75: 48 arrays, 83.9 MB stored; 1.2 s; peak memory 240 MiB.
2026-10-09T05:03:25Z INFO [508/1000] 27f83e98-be42-45d6-8655-6f752e240db3: 485 arrays, 5.6 MB stored; 4.8 s; peak memory 240 MiB.
2026-10-09T05:03:25Z INFO [509/1000] 27fbc3d3-5892-4619-8967-61aafa38c7bb: 77 arrays, 0.2 MB stored; 1.0 s; peak memory 240 MiB.
2026-10-09T05:03:26Z INFO [510/1000] 27fad925-97f2-48f7-ad07-a24678d12466: 229 arrays, 229.4 MB stored; 4.3 s; peak memory 240 MiB.
2026-10-09T05:03:26Z INFO [511/1000] 27fbca78-caa2-4d16-8522-9cf67e0d7d36: 52 arrays, 24.3 MB stored; 1.4 s; peak memory 240 MiB.
2026-10-09T05:03:27Z INFO [512/1000] 27fc0d86-a477-40f7-95a4-7b63f6a83a0d: 112 arrays, 0.7 MB stored; 1.3 s; peak memory 240 MiB.
2026-10-09T05:03:27Z INFO [513/1000] 27fa9af0-f2cc-44a6-af1e-f786a0901260: 229 arrays, 243.6 MB stored; 5.0 s; peak memory 240 MiB.
2026-10-09T05:03:27Z INFO [514/1000] 27fe45a2-be1b-4d84-9a62-0ffb55c2895a: 46 arrays, 0.1 MB stored; 0.8 s; peak memory 240 MiB.
2026-10-09T05:03:27Z INFO [515/1000] 27f9c8ca-7f0f-4e8c-8de9-bde2869e3037: 564 arrays, 17.5 MB stored; 6.1 s; peak memory 240 MiB.
2026-10-09T05:03:28Z INFO [516/1000] 27fd10f1-5f2e-49fc-8f8d-a563d4503818: 112 arrays, 0.5 MB stored; 1.5 s; peak memory 240 MiB.
2026-10-09T05:03:28Z INFO [517/1000] 27fe49ba-6015-44ac-9a77-19d46c77820e: 48 arrays, 83.9 MB stored; 1.1 s; peak memory 240 MiB.
2026-10-09T05:03:28Z INFO [518/1000] 27ff34a5-0423-4388-83f7-7dbc9c083115: 58 arrays, 0.2 MB stored; 1.3 s; peak memory 240 MiB.
2026-10-09T05:03:29Z INFO [519/1000] 280095e2-c28a-47dc-a427-a21c84175a4e: 117 arrays, 0.2 MB stored; 1.2 s; peak memory 240 MiB.
2026-10-09T05:03:29Z INFO [520/1000] 2800477a-b102-4b8a-b9a9-1f014a577c2b: 141 arrays, 0.9 MB stored; 2.1 s; peak memory 240 MiB.
2026-10-09T05:03:31Z INFO [521/1000] 2801a344-4fc0-4aa6-90a5-f8ee58b9ae78: 76 arrays, 4.0 MB stored; 1.6 s; peak memory 240 MiB.
2026-10-09T05:03:31Z INFO [522/1000] 27fb78d5-297c-43f9-9e83-670ac59d3bf0: 82 arrays, 302.6 MB stored; 7.0 s; peak memory 240 MiB.
2026-10-09T05:03:32Z INFO [523/1000] 2802147b-c44c-463f-bcd0-b57243143006: 33 arrays, 0.0 MB stored; 1.1 s; peak memory 240 MiB.
2026-10-09T05:03:33Z INFO [524/1000] 2802135f-108f-4008-a2fd-30dbda73e829: 115 arrays, 190.1 MB stored; 2.1 s; peak memory 240 MiB.
2026-10-09T05:03:33Z INFO [525/1000] 28019a92-3c5f-46fb-bbaf-b3e4faf29fc9: 229 arrays, 1079.8 MB stored; 4.5 s; peak memory 240 MiB.
2026-10-09T05:03:34Z INFO [526/1000] 280282be-35d9-42a3-a157-69816f3000d8: 52 arrays, 372.5 MB stored; 1.3 s; peak memory 240 MiB.
2026-10-09T05:03:34Z INFO [527/1000] 27ff0477-85c0-4fbe-8ccc-56386683c0eb: 267 arrays, 655.0 MB stored; 7.7 s; peak memory 240 MiB.
2026-10-09T05:03:35Z INFO [528/1000] 28041547-96f2-4703-9426-44af1a192632: 52 arrays, 0.0 MB stored; 1.0 s; peak memory 240 MiB.
2026-10-09T05:03:35Z INFO [529/1000] 280286b9-348d-4dee-8d77-0dd41351305a: 66 arrays, 69.1 MB stored; 1.6 s; peak memory 240 MiB.
2026-10-09T05:03:36Z INFO [530/1000] 2804705f-8445-48b0-a88f-d9f8e884e134: 48 arrays, 83.9 MB stored; 1.2 s; peak memory 240 MiB.
2026-10-09T05:03:37Z INFO [531/1000] 2804b37c-f480-4617-aea3-757bd766d1b0: 119 arrays, 67.5 MB stored; 2.3 s; peak memory 240 MiB.
2026-10-09T05:03:37Z INFO [532/1000] 2800b8c3-9e75-47e6-aef1-0adf5dff13cd: 809 arrays, 26.9 MB stored; 8.5 s; peak memory 240 MiB.
2026-10-09T05:03:37Z INFO [533/1000] 28050beb-7397-4db5-a6e9-bc78fbb33b35: 74 arrays, 40.0 MB stored; 1.5 s; peak memory 240 MiB.
2026-10-09T05:03:38Z INFO [534/1000] 2806887b-9ef8-4206-adf4-f8c76ac09fb9: 84 arrays, 0.1 MB stored; 1.3 s; peak memory 240 MiB.
2026-10-09T05:03:39Z INFO [535/1000] 280082fb-a8f8-4fca-a24d-e340bc8451e6: 1249 arrays, 31.2 MB stored; 11.0 s; peak memory 240 MiB.
2026-10-09T05:03:39Z INFO [536/1000] 2806bbf2-ba83-4b4b-b521-56de3c91bc79: 69 arrays, 47.6 MB stored; 1.5 s; peak memory 240 MiB.
2026-10-09T05:03:39Z INFO [537/1000] 2806037d-576a-4fab-91ac-7fd629e59867: 116 arrays, 187.2 MB stored; 2.3 s; peak memory 240 MiB.
2026-10-09T05:03:39Z INFO [538/1000] 28072664-1032-4a48-845a-e0fc8301b014: 48 arrays, 83.9 MB stored; 1.2 s; peak memory 240 MiB.
2026-10-09T05:03:40Z INFO [539/1000] 280792cb-ae81-45c7-9b30-89611396b2f5: 119 arrays, 0.1 MB stored; 1.1 s; peak memory 240 MiB.
2026-10-09T05:03:41Z INFO [540/1000] 28079255-a083-4809-9201-a99222d7893e: 423 arrays, 3.9 MB stored; 2.6 s; peak memory 240 MiB.
2026-10-09T05:03:41Z INFO [541/1000] 2807f821-e5d3-412b-bcc2-efd609b474ab: 154 arrays, 366.6 MB stored; 2.1 s; peak memory 240 MiB.
2026-10-09T05:03:42Z INFO [542/1000] 2808a6e4-f9fb-456a-8ec7-05efbd67acf6: 112 arrays, 0.7 MB stored; 1.4 s; peak memory 240 MiB.
2026-10-09T05:03:43Z INFO [543/1000] 2808e06c-b9b0-4067-a374-5da4ca082ae9: 48 arrays, 83.9 MB stored; 1.1 s; peak memory 240 MiB.
2026-10-09T05:03:43Z INFO [544/1000] 2808df65-5adc-41d1-909c-ae659ac1c971: 117 arrays, 0.5 MB stored; 1.4 s; peak memory 240 MiB.
2026-10-09T05:03:43Z INFO [545/1000] 28091cf8-0d74-4080-89fa-6d0430fb46f3: 71 arrays, 4.0 MB stored; 1.5 s; peak memory 240 MiB.
2026-10-09T05:03:44Z INFO [546/1000] 28036a43-a899-4062-958c-b52f6e2e329b: 486 arrays, 22.4 MB stored; 10.2 s; peak memory 240 MiB.
2026-10-09T05:03:44Z INFO [547/1000] 2809d89d-4393-4afc-af55-0f5ecf3f09fa: 37 arrays, 0.0 MB stored; 0.8 s; peak memory 240 MiB.
2026-10-09T05:03:45Z INFO [548/1000] 2809fdc0-685e-46c6-bcb9-cfde14e042cb: 68 arrays, 10.3 MB stored; 1.4 s; peak memory 240 MiB.
2026-10-09T05:03:45Z INFO [549/1000] 280b0f29-ee70-49ba-971a-1a1a814430f6: 70 arrays, 0.2 MB stored; 1.1 s; peak memory 240 MiB.
2026-10-09T05:03:45Z INFO [550/1000] 280af7c5-8244-46ac-b206-0a314833f13b: 117 arrays, 0.5 MB stored; 1.5 s; peak memory 240 MiB.
2026-10-09T05:03:46Z INFO [551/1000] 280b37cd-cda6-4048-862d-93ec163ae958: 116 arrays, 0.4 MB stored; 1.4 s; peak memory 240 MiB.
2026-10-09T05:03:46Z INFO [552/1000] 280c560f-d41d-4dd4-8970-94dcaa8484f2: 50 arrays, 6.3 MB stored; 1.0 s; peak memory 240 MiB.
2026-10-09T05:03:46Z INFO [553/1000] 2809b31e-0868-416b-945e-bd3035e2ba3f: 38 arrays, 101.1 MB stored; 4.0 s; peak memory 240 MiB.
2026-10-09T05:03:46Z INFO [554/1000] 280b648c-1e03-4e83-868a-1996168ab69f: 62 arrays, 2720.6 MB stored; 1.8 s; peak memory 240 MiB.
2026-10-09T05:03:48Z INFO [555/1000] 280c6b1a-0b3d-492f-b4d8-379256a8e90b: 119 arrays, 67.5 MB stored; 2.0 s; peak memory 240 MiB.
2026-10-09T05:03:48Z INFO [556/1000] 280d5e25-a6d7-4caa-948d-82ca1c44822e: 118 arrays, 0.5 MB stored; 1.5 s; peak memory 240 MiB.
2026-10-09T05:03:49Z INFO [557/1000] 280dc469-8bba-42b8-af7b-a64997cd1db9: 48 arrays, 83.9 MB stored; 1.1 s; peak memory 240 MiB.
2026-10-09T05:03:49Z INFO [558/1000] 280d8f74-1ef4-4fc2-8013-5029915aa947: 112 arrays, 0.5 MB stored; 1.5 s; peak memory 240 MiB.
2026-10-09T05:03:50Z INFO [559/1000] 280e58d1-69a1-4e8b-9175-c3aab494f25a: 86 arrays, 19.5 MB stored; 1.2 s; peak memory 240 MiB.
2026-10-09T05:03:51Z INFO [560/1000] 280cf86b-3a39-4b61-a289-d230d2d7ce50: 717 arrays, 18.7 MB stored; 5.1 s; peak memory 240 MiB.
2026-10-09T05:03:53Z INFO [561/1000] 280f4b1a-0565-40b9-9ac8-d4c40f6e797f: 186 arrays, 13.4 MB stored; 2.0 s; peak memory 240 MiB.
2026-10-09T05:03:54Z INFO [562/1000] 280e87a0-e4e1-4e51-bd26-2d1a8ccf3691: 229 arrays, 265.4 MB stored; 4.2 s; peak memory 240 MiB.
2026-10-09T05:03:55Z INFO [563/1000] 2810346a-9b56-4c93-97a0-41e986e815b9: 48 arrays, 83.9 MB stored; 1.1 s; peak memory 240 MiB.
2026-10-09T05:03:56Z INFO [564/1000] 280f5efe-5135-4998-9082-8e60455e3bab: 38 arrays, 59.4 MB stored; 2.5 s; peak memory 240 MiB.
2026-10-09T05:03:56Z INFO [565/1000] 280eccf8-aba5-4900-90b0-d1644e98ee23: 622 arrays, 20.1 MB stored; 5.7 s; peak memory 240 MiB.
2026-10-09T05:03:56Z INFO [566/1000] 2810c20c-a0e0-47e0-afeb-58b1c7833bfe: 112 arrays, 0.8 MB stored; 1.3 s; peak memory 240 MiB.
2026-10-09T05:03:57Z INFO [567/1000] 2811c57b-0f21-417e-97cd-86660029cfbf: 112 arrays, 0.9 MB stored; 1.3 s; peak memory 240 MiB.
2026-10-09T05:03:58Z INFO [568/1000] 28111444-5550-402a-bfac-2c408aa1bff7: 71 arrays, 63.0 MB stored; 2.0 s; peak memory 240 MiB.
2026-10-09T05:03:58Z INFO [569/1000] 2812a910-5a2a-46fa-bb51-d76dd7cdfde7: 117 arrays, 0.2 MB stored; 1.0 s; peak memory 240 MiB.
2026-10-09T05:04:00Z INFO [570/1000] 281361a5-19a2-4c1f-84a4-48394db7edc1: 112 arrays, 0.9 MB stored; 1.4 s; peak memory 240 MiB.
2026-10-09T05:04:01Z INFO [571/1000] 2813b461-4371-4caa-a32f-ae44e070e860: 53 arrays, 8.9 MB stored; 1.6 s; peak memory 240 MiB.
2026-10-09T05:04:01Z INFO [572/1000] 2812d188-8555-4f85-b891-7febe8ac3ae7: 482 arrays, 7.1 MB stored; 3.6 s; peak memory 240 MiB.
2026-10-09T05:04:03Z INFO [573/1000] 2814b0b8-1b6b-4ac9-8a6a-eb3835b93b42: 116 arrays, 0.3 MB stored; 1.3 s; peak memory 240 MiB.
2026-10-09T05:04:03Z INFO [574/1000] 2813e8bc-426a-4b11-875b-de4662d7ad11: 48 arrays, 83.9 MB stored; 1.3 s; peak memory 240 MiB.
2026-10-09T05:04:04Z INFO [575/1000] 28157b6e-e49a-470a-8ec0-0beaa08f3494: 110 arrays, 1.1 MB stored; 1.6 s; peak memory 240 MiB.
2026-10-09T05:04:04Z INFO [576/1000] 28158a00-865f-4497-8050-d5a28d2de69b: 62 arrays, 4020.9 MB stored; 1.7 s; peak memory 240 MiB.
2026-10-09T05:04:05Z INFO [577/1000] 28118f41-ff31-4f84-ab6d-29a45e0d1a2f: 1023 arrays, 18.9 MB stored; 8.7 s; peak memory 240 MiB.
2026-10-09T05:04:06Z INFO [578/1000] 2815b9bb-2c5e-48a9-9c0f-8a23f769109a: 48 arrays, 83.9 MB stored; 1.2 s; peak memory 240 MiB.
2026-10-09T05:04:06Z INFO [579/1000] 2816db31-185e-4cc6-b178-fa300ac61171: 48 arrays, 83.9 MB stored; 1.2 s; peak memory 240 MiB.
2026-10-09T05:04:06Z INFO [580/1000] 2816bd96-2488-451c-bdd0-cf97c4d2a40a: 112 arrays, 0.7 MB stored; 1.6 s; peak memory 240 MiB.
2026-10-09T05:04:07Z INFO [581/1000] 2817ef8a-7716-4532-b9b7-06bf09cde191: 46 arrays, 0.1 MB stored; 1.0 s; peak memory 240 MiB.
2026-10-09T05:04:07Z INFO [582/1000] 28173c27-ff30-462e-9660-14ff4c3227bb: 117 arrays, 0.6 MB stored; 1.2 s; peak memory 240 MiB.
2026-10-09T05:04:08Z INFO [583/1000] 28180605-6467-43af-8029-41753c5e40fd: 116 arrays, 0.4 MB stored; 1.3 s; peak memory 240 MiB.
2026-10-09T05:04:09Z INFO [584/1000] 2818d2fa-8f62-4165-ab48-f8a825e5cae2: 101 arrays, 10.0 MB stored; 1.6 s; peak memory 240 MiB.
2026-10-09T05:04:09Z INFO [585/1000] 2818dd00-27ae-49b4-a58f-91705ac798b5: 48 arrays, 83.9 MB stored; 1.1 s; peak memory 240 MiB.
2026-10-09T05:04:10Z INFO [586/1000] 28078f4d-4a56-4bc3-9a51-e3daf35c37c0: 2906 arrays, 1371.8 MB stored; 31.0 s; peak memory 240 MiB.
2026-10-09T05:04:10Z INFO [587/1000] 280d4c19-74ed-4b7a-8709-37b6f7b02967: 48 arrays, 35425.2 MB stored; 23.3 s; peak memory 240 MiB.
2026-10-09T05:04:10Z INFO [588/1000] 2818df43-cac9-43f4-9c9a-1bedacb4473f: 48 arrays, 83.9 MB stored; 1.2 s; peak memory 240 MiB.
2026-10-09T05:04:11Z INFO [589/1000] 28195a1f-7a74-4de9-b203-1e51dc6f5077: 57 arrays, 0.0 MB stored; 1.0 s; peak memory 240 MiB.
2026-10-09T05:04:11Z INFO [590/1000] 28196eb8-ddee-4aa7-bf83-389cc0dd11be: 48 arrays, 83.9 MB stored; 1.2 s; peak memory 240 MiB.
2026-10-09T05:04:11Z INFO [591/1000] 2819d734-403a-45d2-8421-b62fff10cd25: 116 arrays, 0.3 MB stored; 1.2 s; peak memory 240 MiB.
2026-10-09T05:04:11Z INFO [592/1000] 281921a8-0f25-4199-8b5b-5ad3296f1d29: 62 arrays, 4625.7 MB stored; 1.7 s; peak memory 240 MiB.
2026-10-09T05:04:12Z INFO [593/1000] 2819e1e2-03ea-4ec3-98f1-8bf423aca775: 71 arrays, 4.7 MB stored; 1.5 s; peak memory 240 MiB.
2026-10-09T05:04:12Z INFO [594/1000] 281a933c-274b-4e1e-8ca4-afc7043e3e96: 48 arrays, 83.9 MB stored; 1.3 s; peak memory 240 MiB.
2026-10-09T05:04:13Z INFO [595/1000] 281a70e3-5d02-4bf7-bc68-a4024a838513: 62 arrays, 4296.5 MB stored; 1.9 s; peak memory 240 MiB.
2026-10-09T05:04:13Z INFO [596/1000] 281b4f32-a3a6-42c3-ad09-923cfd8cdb81: 48 arrays, 83.9 MB stored; 1.1 s; peak memory 240 MiB.
2026-10-09T05:04:14Z INFO [597/1000] 281bbe7d-cfa1-4d4e-b875-0c0adc66e782: 116 arrays, 0.3 MB stored; 1.1 s; peak memory 240 MiB.
2026-10-09T05:04:14Z INFO [598/1000] 281b8464-44f7-4f05-bf4d-d4dcc4af6f3a: 168 arrays, 3.2 MB stored; 2.1 s; peak memory 240 MiB.
2026-10-09T05:04:15Z INFO [599/1000] 281c4366-4ebb-4e2b-b57a-890d328ce687: 48 arrays, 83.9 MB stored; 1.0 s; peak memory 240 MiB.
2026-10-09T05:04:15Z INFO [600/1000] 281bdcb3-cd82-4355-b04b-4d42b6cfd66c: 115 arrays, 190.1 MB stored; 2.3 s; peak memory 240 MiB.
2026-10-09T05:04:16Z INFO [600/1000] 281bdcb3-cd82-4355-b04b-4d42b6cfd66c: checkpointed 600 new records.
2026-10-09T05:04:16Z INFO [601/1000] 281cb3fc-f181-4ed2-9834-4d43089debde: 48 arrays, 83.9 MB stored; 1.2 s; peak memory 336 MiB.
2026-10-09T05:04:16Z INFO [602/1000] 281714ad-9e64-4ecf-b43e-053f71f14def: 862 arrays, 30.4 MB stored; 10.3 s; peak memory 336 MiB.
2026-10-09T05:04:17Z INFO [603/1000] 281db61b-374e-4452-96d4-a12127765033: 68 arrays, 72.9 MB stored; 1.7 s; peak memory 336 MiB.
2026-10-09T05:04:18Z INFO [604/1000] 281e7b34-9abb-45bc-a60c-7984f3bd51b9: 50 arrays, 2.3 MB stored; 1.0 s; peak memory 336 MiB.
2026-10-09T05:04:19Z INFO [605/1000] 281e5761-5228-4052-bce6-ea67fa56fd44: 156 arrays, 193.5 MB stored; 2.8 s; peak memory 336 MiB.
2026-10-09T05:04:19Z INFO [606/1000] 281e7120-dab5-4a2e-90e6-ae86b14a5b0b: 51 arrays, 669.9 MB stored; 3.3 s; peak memory 336 MiB.
2026-10-09T05:04:20Z INFO [607/1000] 281f43c5-2d03-41a9-be47-9685efc68837: 110 arrays, 0.3 MB stored; 1.4 s; peak memory 336 MiB.
2026-10-09T05:04:21Z INFO [608/1000] 281cfe5e-2652-439f-86e5-87f1f0f63439: 932 arrays, 8.7 MB stored; 5.7 s; peak memory 336 MiB.
2026-10-09T05:04:21Z INFO [609/1000] 281af303-c005-4c4a-911b-8c6125298827: 1102 arrays, 26.2 MB stored; 9.6 s; peak memory 336 MiB.
2026-10-09T05:04:22Z INFO [610/1000] 2820c4d2-b7c7-47ed-82ec-f5c5ffdea1bf: 56 arrays, 0.0 MB stored; 1.1 s; peak memory 336 MiB.
2026-10-09T05:04:22Z INFO [611/1000] 281f80eb-2733-411d-b28a-087d498481cb: 71 arrays, 2.5 MB stored; 1.7 s; peak memory 336 MiB.
2026-10-09T05:04:22Z INFO [612/1000] 28219a79-2bf7-44b0-86b4-7ac7f856f2c1: 71 arrays, 2.7 MB stored; 1.6 s; peak memory 336 MiB.
2026-10-09T05:04:22Z INFO [613/1000] 281f1ae8-e751-455c-9f22-a415a2268372: 184 arrays, 241.7 MB stored; 3.9 s; peak memory 336 MiB.
2026-10-09T05:04:22Z INFO [614/1000] 2821e229-3494-4f62-990d-5907aae5a4c3: 46 arrays, 0.0 MB stored; 0.8 s; peak memory 336 MiB.
2026-10-09T05:04:23Z INFO [615/1000] 281e8a27-9c49-4599-bf04-437a97be36f2: 229 arrays, 254.9 MB stored; 5.0 s; peak memory 336 MiB.
2026-10-09T05:04:25Z INFO [616/1000] 2823f190-209a-483d-98fe-9bcf1558fe14: 112 arrays, 0.5 MB stored; 2.6 s; peak memory 336 MiB.
2026-10-09T05:04:25Z INFO [617/1000] 282332d9-d791-4139-aa60-e222b59b9ee2: 71 arrays, 89.6 MB stored; 3.0 s; peak memory 336 MiB.
2026-10-09T05:04:28Z INFO [618/1000] 28249180-190b-40b7-86cf-6553ae7d5608: 117 arrays, 0.3 MB stored; 4.5 s; peak memory 336 MiB.
2026-10-09T05:04:30Z INFO [619/1000] 28220875-1d10-40ae-875f-bd39941cd92b: 53 arrays, 263.6 MB stored; 7.5 s; peak memory 336 MiB.
2026-10-09T05:04:31Z INFO [620/1000] 2825317d-024c-402d-a1ad-13af66c80110: 48 arrays, 251.7 MB stored; 5.6 s; peak memory 336 MiB.
2026-10-09T05:04:31Z INFO [621/1000] 28266a94-0ffb-4609-939a-e93a76bc7ad5: 84 arrays, 0.1 MB stored; 1.2 s; peak memory 336 MiB.
2026-10-09T05:04:32Z INFO [622/1000] 282443ff-7cbb-4df8-aaae-24e9c8b370d1: 133 arrays, 51999.7 MB stored; 9.6 s; peak memory 336 MiB.
2026-10-09T05:04:32Z INFO [623/1000] 28268af7-74fd-40ce-8a02-dddb4c2ecd7d: 117 arrays, 0.3 MB stored; 1.4 s; peak memory 336 MiB.
2026-10-09T05:04:33Z INFO [624/1000] 28276135-bc5e-491a-8a53-c862836f970c: 112 arrays, 0.9 MB stored; 1.8 s; peak memory 336 MiB.
2026-10-09T05:04:33Z INFO [625/1000] 28257c23-fe25-4423-8b5d-da615752786a: 110 arrays, 0.6 MB stored; 5.5 s; peak memory 336 MiB.
2026-10-09T05:04:34Z INFO [626/1000] 28282eb2-d116-4529-a350-88f75351f438: 116 arrays, 0.3 MB stored; 1.1 s; peak memory 336 MiB.
2026-10-09T05:04:35Z INFO [627/1000] 2827980f-a8a1-4e96-a024-47034ff22108: 38 arrays, 3215.2 MB stored; 2.8 s; peak memory 336 MiB.
2026-10-09T05:04:35Z INFO [628/1000] 28298723-87b7-4f1f-9631-9d7d5de586c9: 46 arrays, 12.6 MB stored; 1.3 s; peak memory 336 MiB.
2026-10-09T05:04:36Z INFO [629/1000] 282a7e19-4793-43d5-95e4-2a01277c8940: 56 arrays, 2.5 MB stored; 0.9 s; peak memory 336 MiB.
2026-10-09T05:04:36Z INFO [630/1000] 2827c36d-9d31-4c82-b30d-7e6bc86fda9b: 450 arrays, 3.6 MB stored; 3.6 s; peak memory 336 MiB.
2026-10-09T05:04:36Z INFO [631/1000] 282b2f26-9c49-4872-bf8d-c881e492a4fb: 48 arrays, 83.9 MB stored; 1.1 s; peak memory 336 MiB.
2026-10-09T05:04:36Z INFO [632/1000] 28296fb9-eb9f-47a4-859a-ae54382566ca: 156 arrays, 193.5 MB stored; 3.3 s; peak memory 336 MiB.
2026-10-09T05:04:37Z INFO [633/1000] 27549799-c425-490a-8b76-795bfd678c64: 1608 arrays, 9871.5 MB stored; 398.2 s; peak memory 336 MiB.
2026-10-09T05:04:37Z INFO [634/1000] 282c0cdc-75d4-4a5f-94a2-e22c8b53feb0: 37 arrays, 3.2 MB stored; 1.1 s; peak memory 336 MiB.
2026-10-09T05:04:37Z INFO [635/1000] 282ca337-32fe-4785-b134-b73edac7729a: 112 arrays, 0.3 MB stored; 1.4 s; peak memory 336 MiB.
2026-10-09T05:04:37Z INFO [636/1000] 282d6c8d-b836-4c74-a9d2-7f3e46141406: 77 arrays, 0.1 MB stored; 1.1 s; peak memory 336 MiB.
2026-10-09T05:04:38Z INFO [637/1000] 282d2086-9525-4018-b8bd-5ba961b09af2: 117 arrays, 0.3 MB stored; 1.4 s; peak memory 336 MiB.
2026-10-09T05:04:38Z INFO [638/1000] 282dccd6-f5d7-4e8e-bfa3-b08ab8a0c631: 71 arrays, 6.8 MB stored; 1.6 s; peak memory 336 MiB.
2026-10-09T05:04:39Z INFO [639/1000] 282ee4f1-db8a-42ab-94bc-6a8b16a37de9: 59 arrays, 231.7 MB stored; 1.3 s; peak memory 336 MiB.
2026-10-09T05:04:39Z INFO [640/1000] 282dbcfa-335c-4db5-87ae-1339d6925757: 115 arrays, 190.2 MB stored; 2.6 s; peak memory 336 MiB.
2026-10-09T05:04:40Z INFO [641/1000] 28313ca1-b363-41cb-a32f-80e2fc84abcc: 48 arrays, 83.9 MB stored; 1.4 s; peak memory 336 MiB.
2026-10-09T05:04:41Z INFO [642/1000] 28314108-1bfa-4cdb-89bf-cca3cda6a771: 115 arrays, 190.1 MB stored; 2.0 s; peak memory 336 MiB.
2026-10-09T05:04:42Z INFO [643/1000] 28325705-2c7b-4349-b279-bea65017fbb0: 112 arrays, 0.5 MB stored; 1.3 s; peak memory 336 MiB.
2026-10-09T05:04:43Z INFO [644/1000] 28302e9b-2c35-4cac-acbe-2fd9bafef0f2: 922 arrays, 13.5 MB stored; 4.5 s; peak memory 336 MiB.
2026-10-09T05:04:45Z INFO [645/1000] 2832727c-fcc9-41e6-9954-122c5be05558: 115 arrays, 186.8 MB stored; 2.2 s; peak memory 336 MiB.
2026-10-09T05:04:45Z INFO [646/1000] 2832fc71-e8fb-413d-9b63-e13e3c255efb: 46 arrays, 0.0 MB stored; 0.7 s; peak memory 336 MiB.
2026-10-09T05:04:46Z INFO [647/1000] 2832777b-d580-4bdc-a2f8-ef3cbe8800b4: 119 arrays, 67.5 MB stored; 2.5 s; peak memory 336 MiB.
2026-10-09T05:04:47Z INFO [648/1000] 28343437-8ec2-4c5f-9eb3-09cbb6b0c253: 117 arrays, 0.2 MB stored; 1.3 s; peak memory 336 MiB.
2026-10-09T05:04:48Z INFO [649/1000] 2831e9b7-68ab-4007-a45d-8f8497d6d724: 1053 arrays, 22.7 MB stored; 7.5 s; peak memory 336 MiB.
2026-10-09T05:04:49Z INFO [650/1000] 2834f1c8-040b-4a20-ad20-46bc0815541d: 46 arrays, 0.3 MB stored; 1.1 s; peak memory 336 MiB.
2026-10-09T05:04:50Z INFO [651/1000] 282e73fc-a1c9-4676-843c-c3d89396d592: 106 arrays, 21227.8 MB stored; 12.9 s; peak memory 336 MiB.
2026-10-09T05:04:50Z INFO [652/1000] 2834ffaf-fb0e-480b-a6ef-a36fde354795: 71 arrays, 2.2 MB stored; 1.5 s; peak memory 336 MiB.
2026-10-09T05:04:51Z INFO [653/1000] 28359fbd-6fa5-41d6-80f5-73b6b452b77c: 50 arrays, 2.1 MB stored; 1.2 s; peak memory 336 MiB.
2026-10-09T05:04:52Z INFO [654/1000] 2835d0bd-eab7-4eab-b5c0-11aa23502c5b: 65 arrays, 3.6 MB stored; 1.5 s; peak memory 336 MiB.
2026-10-09T05:04:53Z INFO [655/1000] 283641ec-6a4c-4d84-b08c-980062892eff: 117 arrays, 0.8 MB stored; 1.5 s; peak memory 336 MiB.
2026-10-09T05:04:53Z INFO [656/1000] 283463b2-f424-416b-b0c1-236ff77ffb94: 384 arrays, 77.8 MB stored; 7.7 s; peak memory 336 MiB.
2026-10-09T05:04:54Z INFO [657/1000] 2836736c-1a9d-4118-8818-35f4108c2a83: 49 arrays, 591.3 MB stored; 2.3 s; peak memory 336 MiB.
2026-10-09T05:04:54Z INFO [658/1000] 28377cac-6916-4397-9cf2-4a63e9595498: 48 arrays, 83.9 MB stored; 1.0 s; peak memory 336 MiB.
2026-10-09T05:04:55Z INFO [659/1000] 2836972b-91d7-4bb5-ac2e-d25c45057d94: 71 arrays, 137.3 MB stored; 2.0 s; peak memory 336 MiB.
2026-10-09T05:04:55Z INFO [660/1000] 283898fd-3eca-44c5-984e-858be2254d25: 84 arrays, 0.1 MB stored; 1.2 s; peak memory 336 MiB.
2026-10-09T05:04:57Z INFO [661/1000] 2839c17c-624e-4949-9072-f36a321dc7c5: 45 arrays, 10.9 MB stored; 1.3 s; peak memory 336 MiB.
2026-10-09T05:04:57Z INFO [662/1000] 2838fd86-b3ec-482d-af24-4ee2cea2ec7a: 84 arrays, 263.3 MB stored; 2.3 s; peak memory 336 MiB.
2026-10-09T05:04:58Z INFO [663/1000] 283a2a07-0d0a-4fb7-89ec-0886888bc1d7: 52 arrays, 13.1 MB stored; 1.2 s; peak memory 336 MiB.
2026-10-09T05:04:58Z INFO [664/1000] 283a454f-ca2a-4da2-a7da-2df972564069: 50 arrays, 1.0 MB stored; 1.0 s; peak memory 336 MiB.
2026-10-09T05:04:59Z INFO [665/1000] 283a4eb2-5686-4217-8048-33721f55eedc: 48 arrays, 83.9 MB stored; 1.0 s; peak memory 336 MiB.
2026-10-09T05:05:00Z INFO [666/1000] 283beb75-298c-4e7e-8321-4d330453d936: 48 arrays, 83.9 MB stored; 1.4 s; peak memory 336 MiB.
2026-10-09T05:05:00Z INFO [667/1000] 283bfc9a-ab01-498a-850d-f518e168cb1d: 48 arrays, 83.9 MB stored; 1.1 s; peak memory 336 MiB.
2026-10-09T05:05:02Z INFO [668/1000] 283c004e-c180-41ae-98a0-4357e211f01d: 115 arrays, 190.1 MB stored; 2.1 s; peak memory 336 MiB.
2026-10-09T05:05:02Z INFO [669/1000] 28382318-242a-44db-b0b5-28eebfd21ace: 1263 arrays, 25.7 MB stored; 8.0 s; peak memory 336 MiB.
2026-10-09T05:05:02Z INFO [670/1000] 283cec11-54f2-482e-aa71-068b1a8bdcf0: 156 arrays, 193.5 MB stored; 2.4 s; peak memory 336 MiB.
2026-10-09T05:05:03Z INFO [671/1000] 283cf479-8cb7-4570-8674-6274a6ba8eb9: 62 arrays, 2854.4 MB stored; 1.5 s; peak memory 336 MiB.
2026-10-09T05:05:03Z INFO [672/1000] 283d70f9-98b5-46be-9ebf-0d69c67ee633: 63 arrays, 0.1 MB stored; 1.1 s; peak memory 336 MiB.
2026-10-09T05:05:04Z INFO [673/1000] 283dc9b2-8b6a-4c4e-a75a-eca33957a352: 116 arrays, 0.4 MB stored; 1.3 s; peak memory 336 MiB.
2026-10-09T05:05:04Z INFO [674/1000] 283e45f7-8812-4897-89eb-4e2a9c572764: 48 arrays, 83.9 MB stored; 1.3 s; peak memory 336 MiB.
2026-10-09T05:05:05Z INFO [675/1000] 283ebbd2-d234-4162-b694-e311675cec26: 117 arrays, 0.2 MB stored; 1.1 s; peak memory 336 MiB.
2026-10-09T05:05:06Z INFO [676/1000] 283f1a70-22f6-4535-adbd-4976f042ff64: 66 arrays, 101.7 MB stored; 1.3 s; peak memory 336 MiB.
2026-10-09T05:05:07Z INFO [677/1000] 283f9f83-25a9-465d-9c81-9efaccd6a921: 48 arrays, 83.9 MB stored; 1.2 s; peak memory 336 MiB.
2026-10-09T05:05:08Z INFO [678/1000] 283fc9d3-82b0-4a2a-aaef-d60cea5f092b: 48 arrays, 83.9 MB stored; 1.2 s; peak memory 336 MiB.
2026-10-09T05:05:09Z INFO [679/1000] 283ff007-a681-4928-91a8-a2dca9686acc: 118 arrays, 0.4 MB stored; 1.3 s; peak memory 336 MiB.
2026-10-09T05:05:15Z INFO [680/1000] 283f334d-5dcb-42c6-aa03-f6fd5d400c87: 1161 arrays, 19.1 MB stored; 10.0 s; peak memory 336 MiB.
2026-10-09T05:05:16Z INFO [681/1000] 2840f4ac-f293-4739-ae49-3d2704e66dd1: 39 arrays, 1.8 MB stored; 1.1 s; peak memory 336 MiB.
2026-10-09T05:05:19Z INFO [682/1000] 28423372-a891-4cc1-b828-e754fab30230: 381 arrays, 3.9 MB stored; 2.7 s; peak memory 336 MiB.
2026-10-09T05:05:20Z INFO [683/1000] 284238a1-2926-407e-8eab-f9f3e41310ce: 48 arrays, 83.9 MB stored; 1.2 s; peak memory 336 MiB.
2026-10-09T05:05:21Z INFO [684/1000] 2842ce81-7664-4fb4-8faa-b3715d2b1700: 118 arrays, 0.5 MB stored; 1.5 s; peak memory 336 MiB.
2026-10-09T05:05:26Z INFO [685/1000] 2842cfbc-4753-408d-909d-db2bc8a26fa4: 700 arrays, 17.0 MB stored; 4.9 s; peak memory 336 MiB.
2026-10-09T05:05:28Z INFO [686/1000] 2842d192-43e8-43ec-8a6f-224f505dca22: 119 arrays, 67.3 MB stored; 2.1 s; peak memory 336 MiB.
2026-10-09T05:05:29Z INFO [687/1000] 27e72b49-849b-4eb3-8efa-0e7883a4795c: 414 arrays, 22243.5 MB stored; 149.6 s; peak memory 336 MiB.
2026-10-09T05:05:29Z INFO [688/1000] 2842f4a5-7f6e-4002-82da-47664a16cda8: 46 arrays, 0.0 MB stored; 1.0 s; peak memory 336 MiB.
2026-10-09T05:05:30Z INFO [689/1000] 2842f805-f29f-4e11-8b1e-b6c11acff6cc: 38 arrays, 0.5 MB stored; 1.0 s; peak memory 336 MiB.
2026-10-09T05:05:31Z INFO [690/1000] 2842fbfd-a478-4023-b9f4-c48f5c2ef33e: 112 arrays, 0.7 MB stored; 1.4 s; peak memory 336 MiB.
2026-10-09T05:05:31Z INFO [691/1000] 2844526a-1145-46fb-ab80-0bc74b961022: 48 arrays, 83.9 MB stored; 1.2 s; peak memory 336 MiB.
2026-10-09T05:05:32Z INFO [692/1000] 28449e7e-79a0-49c6-8471-8e0315d39606: 45 arrays, 0.0 MB stored; 1.0 s; peak memory 336 MiB.
2026-10-09T05:05:33Z INFO [693/1000] 28451138-cec6-422f-aa0a-8d2e16d5c120: 112 arrays, 0.5 MB stored; 1.3 s; peak memory 336 MiB.
2026-10-09T05:05:34Z INFO [694/1000] 2844d72b-1bf7-4d58-94ee-e297ef16141c: 152 arrays, 289.5 MB stored; 2.9 s; peak memory 336 MiB.
2026-10-09T05:05:35Z INFO [695/1000] 2845402a-4307-4a6e-8bf1-eecbf9ffd672: 116 arrays, 0.5 MB stored; 1.6 s; peak memory 336 MiB.
2026-10-09T05:05:35Z INFO [696/1000] 284584e7-58c1-4f74-bd0d-db09280d8790: 46 arrays, 0.1 MB stored; 0.8 s; peak memory 336 MiB.
2026-10-09T05:05:36Z INFO [697/1000] 28463d77-7bb3-42ac-b977-93ea134662a0: 112 arrays, 0.5 MB stored; 1.3 s; peak memory 336 MiB.
2026-10-09T05:05:37Z INFO [698/1000] 2845908b-c0f8-4a75-b9da-1940450b8b33: 71 arrays, 4.0 MB stored; 1.9 s; peak memory 336 MiB.
2026-10-09T05:05:38Z INFO [699/1000] 28479d60-aa5b-4d9c-b54a-e9c0d5879508: 56 arrays, 0.0 MB stored; 1.0 s; peak memory 336 MiB.
2026-10-09T05:05:38Z INFO [700/1000] 28401a4e-732a-4ee2-ba46-ba17148145c5: 48 arrays, 29535.6 MB stored; 28.7 s; peak memory 336 MiB.
2026-10-09T05:05:39Z INFO [701/1000] 28487976-8e20-48c8-b887-f43b2b24c469: 48 arrays, 83.9 MB stored; 1.2 s; peak memory 336 MiB.
2026-10-09T05:05:39Z INFO [702/1000] 28490346-1a37-490f-8f7e-319d8845bd08: 110 arrays, 0.4 MB stored; 1.2 s; peak memory 336 MiB.
2026-10-09T05:05:40Z INFO [703/1000] 2849e325-c8cf-4299-8167-bf94a5fb31be: 56 arrays, 0.0 MB stored; 0.9 s; peak memory 336 MiB.
2026-10-09T05:05:40Z INFO [704/1000] 284a1877-52f0-4a3c-999d-82b54fb9105a: 118 arrays, 0.4 MB stored; 1.2 s; peak memory 336 MiB.
2026-10-09T05:05:42Z INFO [705/1000] 284a1b33-65f1-4ca8-a138-2c76b7679bfe: 114 arrays, 186.8 MB stored; 2.5 s; peak memory 336 MiB.
2026-10-09T05:05:43Z INFO [706/1000] 2846b81b-4bdb-427a-9391-dedde6afdf54: 52 arrays, 16.3 MB stored; 6.5 s; peak memory 336 MiB.
2026-10-09T05:05:43Z INFO [707/1000] 284b2970-3575-4a46-9b10-e8009deda924: 48 arrays, 83.9 MB stored; 1.0 s; peak memory 336 MiB.
2026-10-09T05:05:44Z INFO [708/1000] 284b0657-9798-4704-988d-5e70156cb2e9: 269 arrays, 39.8 MB stored; 3.5 s; peak memory 336 MiB.
2026-10-09T05:05:44Z INFO [709/1000] 284be5cb-4638-44ca-a6e9-eb01c6150519: 45 arrays, 0.0 MB stored; 0.8 s; peak memory 336 MiB.
2026-10-09T05:05:45Z INFO [710/1000] 284bf855-56e8-4b1e-a05b-a7b23b2ceadc: 56 arrays, 0.0 MB stored; 0.9 s; peak memory 336 MiB.
2026-10-09T05:05:45Z INFO [711/1000] 284ba07e-4023-4bf9-b6b4-977d81c0201d: 71 arrays, 131.7 MB stored; 2.6 s; peak memory 336 MiB.
2026-10-09T05:05:46Z INFO [712/1000] 284bf6eb-ca60-41cd-9095-815f0432bbb2: 66 arrays, 68.9 MB stored; 1.8 s; peak memory 336 MiB.
2026-10-09T05:05:47Z INFO [713/1000] 284c7c14-ed03-4fd9-ae28-4b38a6dd6b36: 112 arrays, 0.5 MB stored; 1.7 s; peak memory 336 MiB.
2026-10-09T05:05:48Z INFO [714/1000] 284d28d3-be75-4561-9145-06f8a94af8ec: 115 arrays, 190.1 MB stored; 2.3 s; peak memory 336 MiB.
2026-10-09T05:05:48Z INFO [715/1000] 284d8022-3834-4cff-bf4c-60db0d18016e: 69 arrays, 84.3 MB stored; 1.6 s; peak memory 336 MiB.
2026-10-09T05:05:50Z INFO [716/1000] 284e9e26-1c3a-419c-a09f-95be6f9bd624: 52 arrays, 13.2 MB stored; 1.4 s; peak memory 336 MiB.
2026-10-09T05:05:50Z INFO [717/1000] 284db1c7-c773-4087-8ba7-458c05657720: 120 arrays, 1123.4 MB stored; 2.4 s; peak memory 336 MiB.
2026-10-09T05:05:51Z INFO [718/1000] 284eaf0e-9ccc-4d54-add4-68b81d95c34c: 110 arrays, 0.5 MB stored; 1.3 s; peak memory 336 MiB.
2026-10-09T05:05:51Z INFO [719/1000] 284ef615-c744-4dd0-acdc-c893be097d4f: 48 arrays, 83.9 MB stored; 1.4 s; peak memory 336 MiB.
2026-10-09T05:05:52Z INFO [720/1000] 284f2eb7-7150-4648-98c8-a129f7f7e2fc: 48 arrays, 83.9 MB stored; 1.1 s; peak memory 336 MiB.
2026-10-09T05:05:53Z INFO [721/1000] 284f4454-b9ab-4c43-9630-65e6cc4500a5: 112 arrays, 0.5 MB stored; 1.4 s; peak memory 336 MiB.
2026-10-09T05:05:54Z INFO [722/1000] 284d5ea3-e3a4-4467-9492-810563f0fd27: 636 arrays, 22.1 MB stored; 8.0 s; peak memory 336 MiB.
2026-10-09T05:05:54Z INFO [723/1000] 284fbc23-5af6-4647-974b-063efb5ec21e: 112 arrays, 0.6 MB stored; 1.5 s; peak memory 336 MiB.
2026-10-09T05:05:55Z INFO [724/1000] 2851a37c-9408-4eb8-9731-a4b9d9d7de26: 46 arrays, 0.1 MB stored; 0.9 s; peak memory 336 MiB.
2026-10-09T05:05:57Z INFO [725/1000] 2852003f-3ef4-488f-9015-1e1c72cff45c: 112 arrays, 0.7 MB stored; 1.6 s; peak memory 336 MiB.
2026-10-09T05:05:58Z INFO [726/1000] 28533926-ec28-4945-b7b1-4a655edb5c42: 48 arrays, 83.9 MB stored; 1.2 s; peak memory 336 MiB.
2026-10-09T05:05:59Z INFO [727/1000] 28536ba8-cd75-4c51-a165-8677a95996c6: 48 arrays, 83.9 MB stored; 1.3 s; peak memory 336 MiB.
2026-10-09T05:06:00Z INFO [728/1000] 28538d5a-16d4-4c4f-a0c1-653fefc0a0e4: 48 arrays, 83.9 MB stored; 1.0 s; peak memory 336 MiB.
2026-10-09T05:06:02Z INFO [729/1000] 2853bd98-ca59-43ff-9b79-51aa59b7dd61: 48 arrays, 83.9 MB stored; 1.3 s; peak memory 336 MiB.
2026-10-09T05:06:03Z INFO [730/1000] 28541751-6a99-4ef2-bab1-500bc043fc78: 48 arrays, 83.9 MB stored; 1.3 s; peak memory 336 MiB.
2026-10-09T05:06:03Z INFO [731/1000] 284f874a-e379-48a9-b3f5-9e75822884c8: 565 arrays, 1164.7 MB stored; 11.1 s; peak memory 336 MiB.
2026-10-09T05:06:05Z INFO [732/1000] 2855203a-eba9-4d22-8d3e-5e098876211b: 62 arrays, 4733.0 MB stored; 1.9 s; peak memory 336 MiB.
2026-10-09T05:06:05Z INFO [733/1000] 28550d05-fb7b-442b-8b89-5400c27b1fa1: 115 arrays, 190.1 MB stored; 2.5 s; peak memory 336 MiB.
2026-10-09T05:06:06Z INFO [734/1000] 2855a5f2-ee80-4bd1-bf3b-39b9c333d80a: 112 arrays, 0.7 MB stored; 1.4 s; peak memory 336 MiB.
2026-10-09T05:06:08Z INFO [735/1000] 28560cff-4d2a-474c-b296-612d0a4dcb9a: 117 arrays, 0.5 MB stored; 1.4 s; peak memory 336 MiB.
2026-10-09T05:06:09Z INFO [736/1000] 285621ce-88dd-4cc1-b8b7-19594789b131: 69 arrays, 25.3 MB stored; 1.5 s; peak memory 336 MiB.
2026-10-09T05:06:09Z INFO [737/1000] 28505d97-f876-4d4e-a27b-8bef653433bb: 613 arrays, 49.8 MB stored; 15.7 s; peak memory 336 MiB.
2026-10-09T05:06:11Z INFO [738/1000] 28563122-357c-46e7-972c-fc07a1ddd070: 118 arrays, 0.3 MB stored; 1.2 s; peak memory 336 MiB.
2026-10-09T05:06:13Z INFO [739/1000] 2856a362-7455-4dd6-9eb9-79383b2d301d: 132 arrays, 0.9 MB stored; 2.1 s; peak memory 336 MiB.
2026-10-09T05:06:16Z INFO [740/1000] 2855ab3a-f606-436b-9b64-4cff3f8b5d41: 4315 arrays, 37.5 MB stored; 10.6 s; peak memory 336 MiB.
2026-10-09T05:06:17Z INFO [741/1000] 28568bf8-db2f-4bc6-8b7b-81c70b7d0349: 410 arrays, 357.3 MB stored; 7.8 s; peak memory 336 MiB.
2026-10-09T05:06:18Z INFO [742/1000] 2857b7b2-2c9a-4463-bc82-35d673c52100: 66 arrays, 48.0 MB stored; 1.8 s; peak memory 336 MiB.
2026-10-09T05:06:18Z INFO [743/1000] 285877b1-b7f9-4aae-b613-650f10eeeee2: 121 arrays, 0.2 MB stored; 1.1 s; peak memory 336 MiB.
2026-10-09T05:06:20Z INFO [744/1000] 285719b3-5c4d-4dd1-95d8-c134901a9408: 809 arrays, 19.4 MB stored; 7.7 s; peak memory 336 MiB.
2026-10-09T05:06:26Z INFO [745/1000] 28590596-752a-4463-992c-18fea6f55dc7: 82 arrays, 448.8 MB stored; 7.8 s; peak memory 336 MiB.
2026-10-09T05:06:26Z INFO [746/1000] 285b62f7-5fcf-468a-b665-790ee04439c3: 196 arrays, 575.6 MB stored; 5.5 s; peak memory 336 MiB.
2026-10-09T05:06:27Z INFO [747/1000] 285ba845-acf7-4afa-8ebe-ee83b3a1e2bf: 117 arrays, 0.3 MB stored; 1.1 s; peak memory 336 MiB.
2026-10-09T05:06:27Z INFO [748/1000] 285c51dc-93bd-471e-9ef3-0e446d0b3ec1: 33 arrays, 505.6 MB stored; 1.2 s; peak memory 336 MiB.
2026-10-09T05:06:28Z INFO [749/1000] 283e84e1-8f72-40b7-900c-7841f57eeca8: 58 arrays, 6877.3 MB stored; 84.4 s; peak memory 336 MiB.
2026-10-09T05:06:28Z INFO [750/1000] 285c8e26-882d-4781-ae93-47372040bba7: 33 arrays, 360.5 MB stored; 1.2 s; peak memory 336 MiB.
2026-10-09T05:06:29Z INFO [751/1000] 285d2672-bc6a-46fe-9043-7407db729578: 48 arrays, 83.9 MB stored; 1.2 s; peak memory 336 MiB.
2026-10-09T05:06:29Z INFO [752/1000] 285e06cb-fbf5-4ed5-8b28-3b99169e3465: 48 arrays, 83.9 MB stored; 1.3 s; peak memory 336 MiB.
2026-10-09T05:06:30Z INFO [753/1000] 285e0ce6-bc7b-4780-8184-eeef58a9a384: 116 arrays, 0.4 MB stored; 1.2 s; peak memory 336 MiB.
2026-10-09T05:06:35Z INFO [754/1000] 285e47ba-9905-4379-be24-30c43898ffae: 229 arrays, 236.6 MB stored; 4.9 s; peak memory 336 MiB.
2026-10-09T05:06:35Z INFO [755/1000] 285e3b0c-fd7e-4b51-b3e0-80724f63f1fc: 735 arrays, 22.0 MB stored; 6.1 s; peak memory 336 MiB.
2026-10-09T05:06:36Z INFO [756/1000] 285e731b-9256-402f-8cf1-0946c3566f34: 116 arrays, 0.3 MB stored; 1.4 s; peak memory 336 MiB.
2026-10-09T05:06:37Z INFO [757/1000] 285ede56-d368-4551-970f-4772d7b5234d: 79 arrays, 0.2 MB stored; 1.3 s; peak memory 336 MiB.
2026-10-09T05:06:38Z INFO [758/1000] 285f26de-3286-49eb-a3d6-c0ef1dade574: 48 arrays, 83.9 MB stored; 1.2 s; peak memory 336 MiB.
2026-10-09T05:06:39Z INFO [759/1000] 285f382b-fdeb-450b-9753-a0a379c07d9d: 69 arrays, 155.4 MB stored; 2.0 s; peak memory 336 MiB.
2026-10-09T05:06:39Z INFO [760/1000] 285f610c-18a3-4228-9fe6-8442230a6d4a: 46 arrays, 0.1 MB stored; 1.0 s; peak memory 336 MiB.
2026-10-09T05:06:40Z INFO [761/1000] 285f83bd-c8f4-452b-9890-1776aec6840d: 48 arrays, 83.9 MB stored; 1.2 s; peak memory 336 MiB.
2026-10-09T05:06:40Z INFO [762/1000] 285f9062-c39d-48ca-835c-a28829eae04d: 65 arrays, 1.5 MB stored; 1.3 s; peak memory 336 MiB.
2026-10-09T05:06:41Z INFO [763/1000] 28607b8d-48a9-4c6b-b533-e9f4e6de8cc7: 110 arrays, 0.5 MB stored; 1.3 s; peak memory 336 MiB.
2026-10-09T05:06:42Z INFO [764/1000] 2860afc9-fe0f-4137-b8f5-de6095925988: 117 arrays, 0.2 MB stored; 1.2 s; peak memory 336 MiB.
2026-10-09T05:06:45Z INFO [765/1000] 2860cddd-8893-4d0e-af84-b9a43c6c40a4: 138 arrays, 4.8 MB stored; 2.6 s; peak memory 336 MiB.
2026-10-09T05:06:45Z INFO [766/1000] 286083e9-8d69-4feb-802d-8b09793b9592: 255 arrays, 3103.8 MB stored; 4.9 s; peak memory 336 MiB.
2026-10-09T05:06:46Z INFO [767/1000] 28615ba7-fc87-4dfe-a761-9f6c55e8b056: 51 arrays, 0.0 MB stored; 1.0 s; peak memory 336 MiB.
2026-10-09T05:06:46Z INFO [768/1000] 28611958-ab0e-4797-9e44-da325b299c95: 117 arrays, 0.4 MB stored; 1.4 s; peak memory 336 MiB.
2026-10-09T05:06:47Z INFO [769/1000] 285cb844-da10-46df-b027-bcc85de745a0: 1152 arrays, 28.6 MB stored; 19.9 s; peak memory 336 MiB.
2026-10-09T05:06:48Z INFO [770/1000] 28631657-a806-4eea-b254-536c8fe55050: 69 arrays, 27.0 MB stored; 1.7 s; peak memory 336 MiB.
2026-10-09T05:06:48Z INFO [771/1000] 2863a37c-f7d0-4e30-a855-902037ef3c6e: 114 arrays, 0.2 MB stored; 1.4 s; peak memory 336 MiB.
2026-10-09T05:06:50Z INFO [772/1000] 28659edc-a641-4272-9034-b9f84ab61182: 115 arrays, 190.1 MB stored; 2.7 s; peak memory 336 MiB.
2026-10-09T05:06:50Z INFO [773/1000] 28642db4-7586-4af7-a78c-b7155dd22312: 91 arrays, 448.1 MB stored; 3.6 s; peak memory 336 MiB.
2026-10-09T05:06:52Z INFO [774/1000] 28677135-cc7e-4231-8ea1-53e66f56d6e8: 117 arrays, 0.4 MB stored; 1.1 s; peak memory 336 MiB.
2026-10-09T05:06:52Z INFO [775/1000] 2867f163-2d0b-4ca6-b254-3ebff6fca5a9: 57 arrays, 0.0 MB stored; 0.8 s; peak memory 336 MiB.
2026-10-09T05:06:54Z INFO [776/1000] 286822cd-7c08-4947-bed5-1141e0ee8628: 48 arrays, 83.9 MB stored; 1.2 s; peak memory 336 MiB.
2026-10-09T05:06:55Z INFO [777/1000] 28683614-dd98-464f-abd6-0c902d65d4d2: 71 arrays, 7.7 MB stored; 1.7 s; peak memory 336 MiB.
2026-10-09T05:06:56Z INFO [778/1000] 2868760f-b544-4594-b2e6-b089224e6ad7: 52 arrays, 10.9 MB stored; 1.1 s; peak memory 336 MiB.
2026-10-09T05:06:57Z INFO [779/1000] 286710ce-1d44-4b2a-9664-9017f9995c3f: 107 arrays, 85.8 MB stored; 9.4 s; peak memory 336 MiB.
2026-10-09T05:06:58Z INFO [780/1000] 2869c6a3-70fe-42da-886e-6113cad96222: 84 arrays, 1.6 MB stored; 1.4 s; peak memory 336 MiB.
2026-10-09T05:07:02Z INFO [781/1000] 2869d480-fdba-4978-8337-e58b9f76ed5d: 518 arrays, 5.6 MB stored; 4.7 s; peak memory 336 MiB.
2026-10-09T05:07:03Z INFO [782/1000] 286a7c0b-ba92-4df7-8e45-cafb2c8febff: 48 arrays, 0.0 MB stored; 0.9 s; peak memory 336 MiB.
2026-10-09T05:07:09Z INFO [783/1000] 2834e3bc-aecc-4705-a7d3-e46656920ab9: 167 arrays, 21160.7 MB stored; 142.1 s; peak memory 336 MiB.
2026-10-09T05:07:10Z INFO [784/1000] 286a2119-33db-45c5-aede-d7f04497fa07: 1826 arrays, 145.3 MB stored; 12.3 s; peak memory 336 MiB.
2026-10-09T05:07:10Z INFO [785/1000] 286d074a-6b7a-4d0a-8c0f-6b5409a65383: 110 arrays, 1.1 MB stored; 1.4 s; peak memory 336 MiB.
2026-10-09T05:07:11Z INFO [786/1000] 286d7b93-33ed-401a-80dc-040f5fef00ae: 46 arrays, 0.0 MB stored; 1.0 s; peak memory 336 MiB.
2026-10-09T05:07:12Z INFO [787/1000] 286d8dbb-0e48-48e7-a4ee-aeceb6330d5f: 59 arrays, 0.2 MB stored; 1.0 s; peak memory 336 MiB.
2026-10-09T05:07:13Z INFO [788/1000] 286d93a1-a9ff-4f43-9abc-9a680239cf54: 59 arrays, 0.0 MB stored; 0.9 s; peak memory 336 MiB.
2026-10-09T05:07:14Z INFO [789/1000] 286c0b7e-ebbb-4393-a147-7540e7db08f2: 271 arrays, 46011.7 MB stored; 11.2 s; peak memory 336 MiB.
2026-10-09T05:07:15Z INFO [790/1000] 286dc4e1-42f8-46e0-a25f-6bb48d04e896: 85 arrays, 0.0 MB stored; 1.5 s; peak memory 336 MiB.
2026-10-09T05:07:15Z INFO [791/1000] 286d4d15-9442-4419-b3e7-de57d62eb855: 573 arrays, 9.7 MB stored; 4.9 s; peak memory 336 MiB.
2026-10-09T05:07:17Z INFO [792/1000] 286ff6e1-7b0f-40b1-a267-9235d479caa5: 59 arrays, 243.5 MB stored; 1.5 s; peak memory 336 MiB.
2026-10-09T05:07:17Z INFO [793/1000] 286e09fd-3d7d-40ab-8302-eddcb9fd14d4: 45 arrays, 647.3 MB stored; 2.1 s; peak memory 336 MiB.
2026-10-09T05:07:18Z INFO [794/1000] 287029e1-1e43-4c5e-a738-9075769dd0c5: 110 arrays, 0.4 MB stored; 1.4 s; peak memory 336 MiB.
2026-10-09T05:07:18Z INFO [795/1000] 28706830-7bc9-4b5a-af05-a6b9926be004: 76 arrays, 44.9 MB stored; 1.6 s; peak memory 336 MiB.
2026-10-09T05:07:19Z INFO [796/1000] 28709d05-f374-43b7-8d85-9f50580a2d36: 112 arrays, 0.5 MB stored; 1.4 s; peak memory 336 MiB.
2026-10-09T05:07:20Z INFO [797/1000] 28714c97-bb92-40e9-bf3c-09c9bbf2a673: 119 arrays, 51.4 MB stored; 1.8 s; peak memory 336 MiB.
2026-10-09T05:07:20Z INFO [798/1000] 286df512-b2bb-4abd-9b81-5127f208684e: 38 arrays, 171.3 MB stored; 6.3 s; peak memory 336 MiB.
2026-10-09T05:07:21Z INFO [799/1000] 2871bf3a-38f3-4bdc-b0a3-22912993e72c: 117 arrays, 0.3 MB stored; 1.1 s; peak memory 336 MiB.
2026-10-09T05:07:22Z INFO [800/1000] 2871d667-e5c5-4c3d-b389-5d1345a54e1c: 37 arrays, 91156.8 MB stored; 1.5 s; peak memory 336 MiB.
2026-10-09T05:07:23Z INFO [800/1000] 2871d667-e5c5-4c3d-b389-5d1345a54e1c: checkpointed 800 new records.
2026-10-09T05:07:23Z INFO [801/1000] 287220fa-edc2-4fea-b70a-dc242ffbeec1: 69 arrays, 26.6 MB stored; 1.6 s; peak memory 425 MiB.
2026-10-09T05:07:23Z INFO [802/1000] 2872273f-ede9-48f9-a885-3262f620ff3d: 66 arrays, 93.8 MB stored; 1.6 s; peak memory 425 MiB.
2026-10-09T05:07:23Z INFO [803/1000] 28737fdb-86b3-49c1-bcd1-a4735055193b: 116 arrays, 0.3 MB stored; 1.3 s; peak memory 425 MiB.
2026-10-09T05:07:23Z INFO [804/1000] 28725224-33bd-46be-a2bd-2a67dd2b5c7f: 112 arrays, 0.3 MB stored; 1.4 s; peak memory 425 MiB.
2026-10-09T05:07:25Z INFO [805/1000] 2873caa8-c3f8-4558-adf9-fc9bc4724840: 45 arrays, 650.4 MB stored; 1.9 s; peak memory 425 MiB.
2026-10-09T05:07:26Z INFO [806/1000] 28755075-cebd-4f51-bb4a-30a099e9c232: 35 arrays, 0.0 MB stored; 0.9 s; peak memory 425 MiB.
2026-10-09T05:07:26Z INFO [807/1000] 2873c96a-3007-4ccf-8487-4532e11c5905: 115 arrays, 190.1 MB stored; 2.9 s; peak memory 425 MiB.
2026-10-09T05:07:28Z INFO [808/1000] 28755875-7d02-4752-bf34-a01352e6f653: 46 arrays, 415.9 MB stored; 1.8 s; peak memory 425 MiB.
2026-10-09T05:07:28Z INFO [809/1000] 28739007-0f4c-4762-bc46-0d406ad70c78: 229 arrays, 829.7 MB stored; 6.1 s; peak memory 425 MiB.
2026-10-09T05:07:28Z INFO [810/1000] 28767f68-1bc4-48ba-b7e6-3674852a7698: 115 arrays, 190.1 MB stored; 2.4 s; peak memory 425 MiB.
2026-10-09T05:07:29Z INFO [811/1000] 2876e458-6fbc-48eb-be7e-d39fcf9f38ce: 119 arrays, 0.2 MB stored; 1.2 s; peak memory 425 MiB.
2026-10-09T05:07:29Z INFO [812/1000] 2876eb7a-b3c0-4df4-ac5a-1f44c42483c7: 48 arrays, 83.9 MB stored; 1.1 s; peak memory 425 MiB.
2026-10-09T05:07:30Z INFO [813/1000] 2877ee52-9239-4b8d-8a78-9914d552ced9: 168 arrays, 3.2 MB stored; 1.8 s; peak memory 425 MiB.
2026-10-09T05:07:30Z INFO [814/1000] 2878cdbc-b32a-4418-8ee0-c73d8d0c0a02: 45 arrays, 0.0 MB stored; 1.0 s; peak memory 425 MiB.
2026-10-09T05:07:31Z INFO [815/1000] 287842b5-6946-4606-a79a-10caf2936e5b: 71 arrays, 59.4 MB stored; 1.6 s; peak memory 425 MiB.
2026-10-09T05:07:31Z INFO [816/1000] 28797ced-ee86-4c9e-ac29-9c1488c85ba6: 46 arrays, 0.2 MB stored; 1.1 s; peak memory 425 MiB.
2026-10-09T05:07:32Z INFO [817/1000] 28799bb9-18a2-4f0b-8bd3-4af07c258c82: 116 arrays, 0.4 MB stored; 1.2 s; peak memory 425 MiB.
2026-10-09T05:07:32Z INFO [818/1000] 2878ec68-93d7-4706-bb82-73fa61f3ab31: 71 arrays, 44.2 MB stored; 1.9 s; peak memory 425 MiB.
2026-10-09T05:07:33Z INFO [819/1000] 287a856a-6aac-4361-b991-a56518797ade: 48 arrays, 83.9 MB stored; 1.2 s; peak memory 425 MiB.
2026-10-09T05:07:33Z INFO [820/1000] 287b2e52-9a1b-4fcc-a511-d2127e1d8944: 48 arrays, 83.9 MB stored; 1.2 s; peak memory 425 MiB.
2026-10-09T05:07:35Z INFO [821/1000] 287bed90-bfc7-4feb-bb30-01cadd34ebd5: 68 arrays, 85.5 MB stored; 2.1 s; peak memory 425 MiB.
2026-10-09T05:07:36Z INFO [822/1000] 287d1f97-2749-416c-8b94-388cdca0685c: 90 arrays, 131.1 MB stored; 2.2 s; peak memory 425 MiB.
2026-10-09T05:07:36Z INFO [823/1000] 287d4745-e1e9-4e28-9798-579e26b05cfd: 59 arrays, 304.7 MB stored; 1.4 s; peak memory 425 MiB.
2026-10-09T05:07:37Z INFO [824/1000] 287e6710-0e9b-4d31-bae8-37a54c92a5b3: 51 arrays, 2905.2 MB stored; 1.4 s; peak memory 425 MiB.
2026-10-09T05:07:37Z INFO [825/1000] 287ec80d-9c9a-4efe-ad8c-19ffb4ca5fae: 52 arrays, 16.9 MB stored; 1.2 s; peak memory 425 MiB.
2026-10-09T05:07:38Z INFO [826/1000] 2859bcd1-3358-4607-bc7e-de6eee701dc3: 58 arrays, 6327.4 MB stored; 79.5 s; peak memory 425 MiB.
2026-10-09T05:07:39Z INFO [827/1000] 287f5d14-3ff0-41a7-8396-ae535f627d15: 69 arrays, 2.8 MB stored; 1.5 s; peak memory 425 MiB.
2026-10-09T05:07:40Z INFO [828/1000] 287f3a7c-cb1b-4cfb-9f36-068a96371eb6: 114 arrays, 186.9 MB stored; 2.5 s; peak memory 425 MiB.
2026-10-09T05:07:40Z INFO [829/1000] 288037a6-4982-4cc9-8cb0-c8f08c4c4f95: 115 arrays, 190.2 MB stored; 2.7 s; peak memory 425 MiB.
2026-10-09T05:07:40Z INFO [830/1000] 2881ab7d-7624-4d10-985b-d6b2340b1fb1: 110 arrays, 0.9 MB stored; 1.7 s; peak memory 425 MiB.
2026-10-09T05:07:42Z INFO [831/1000] 288243ee-e118-4045-8128-131c8e5c95cc: 116 arrays, 0.3 MB stored; 1.2 s; peak memory 425 MiB.
2026-10-09T05:07:42Z INFO [832/1000] 28825cfa-0d46-44e7-951e-a365d8591387: 116 arrays, 0.2 MB stored; 1.2 s; peak memory 425 MiB.
2026-10-09T05:07:43Z INFO [833/1000] 28837229-b026-414e-bb92-ee698b0329d7: 48 arrays, 83.9 MB stored; 1.1 s; peak memory 425 MiB.
2026-10-09T05:07:43Z INFO [834/1000] 2882a87b-3fdd-4282-83e6-835d82436022: 112 arrays, 0.3 MB stored; 1.3 s; peak memory 425 MiB.
2026-10-09T05:07:44Z INFO [835/1000] 28838330-899b-4160-8560-7a535fe3f300: 112 arrays, 0.4 MB stored; 1.2 s; peak memory 425 MiB.
2026-10-09T05:07:44Z INFO [836/1000] 2883a4e5-f0e1-4d51-aba8-4a887827bd0f: 118 arrays, 0.4 MB stored; 1.4 s; peak memory 425 MiB.
2026-10-09T05:07:47Z INFO [837/1000] 2883a5fa-967c-4fa5-adf9-e636276c8b7d: 90 arrays, 197.2 MB stored; 2.7 s; peak memory 425 MiB.
2026-10-09T05:07:47Z INFO [838/1000] 287a9472-7a51-4a47-aea3-57756b586744: 1600 arrays, 45.3 MB stored; 15.5 s; peak memory 425 MiB.
2026-10-09T05:07:47Z INFO [839/1000] 2882223a-1351-4f9d-a2ed-7a081d1a816e: 665 arrays, 40.7 MB stored; 7.9 s; peak memory 425 MiB.
2026-10-09T05:07:48Z INFO [840/1000] 2883d0db-4bc7-4b7c-85c5-55b8f81bf5de: 116 arrays, 0.4 MB stored; 1.5 s; peak memory 425 MiB.
2026-10-09T05:07:49Z INFO [841/1000] 28840c4f-9f03-4e2e-afe0-0d6726f021b7: 112 arrays, 0.3 MB stored; 1.3 s; peak memory 425 MiB.
2026-10-09T05:07:49Z INFO [842/1000] 288429ac-038d-40b5-bb43-0841380a2491: 48 arrays, 83.9 MB stored; 1.2 s; peak memory 425 MiB.
2026-10-09T05:07:50Z INFO [843/1000] 288467da-1f51-4186-89e7-1b26d2ecdcbe: 52 arrays, 29.7 MB stored; 1.3 s; peak memory 425 MiB.
2026-10-09T05:07:50Z INFO [844/1000] 2884f731-50d6-4f6a-b4d8-043588698ebc: 118 arrays, 0.4 MB stored; 1.5 s; peak memory 425 MiB.
2026-10-09T05:07:50Z INFO [845/1000] 2883c270-a56f-4755-8b5e-bb471f8b6642: 672 arrays, 24.7 MB stored; 6.0 s; peak memory 425 MiB.
2026-10-09T05:07:51Z INFO [846/1000] 2885dd8c-3035-49d3-b0b9-b253070e3e6d: 46 arrays, 12.6 MB stored; 1.1 s; peak memory 425 MiB.
2026-10-09T05:07:52Z INFO [847/1000] 288818f3-c461-4065-af27-43aefa4705b7: 116 arrays, 9.7 MB stored; 1.6 s; peak memory 425 MiB.
2026-10-09T05:07:52Z INFO [848/1000] 2887a934-c7e4-4f2c-a6e6-5cf04f715984: 66 arrays, 112.6 MB stored; 1.8 s; peak memory 425 MiB.
2026-10-09T05:07:53Z INFO [849/1000] 28848708-442f-4fa7-a010-b883e0431262: 90 arrays, 1684.5 MB stored; 4.1 s; peak memory 425 MiB.
2026-10-09T05:07:53Z INFO [850/1000] 2888b22b-d6d6-4943-8750-ecbf57bd8a09: 48 arrays, 83.9 MB stored; 1.2 s; peak memory 425 MiB.
2026-10-09T05:07:53Z INFO [851/1000] 2888c301-a475-4253-b75a-2bcaa984c50d: 112 arrays, 0.4 MB stored; 1.4 s; peak memory 425 MiB.
2026-10-09T05:07:55Z INFO [852/1000] 288928d6-ee3f-47d0-989d-4b08f0ece149: 71 arrays, 3.9 MB stored; 1.4 s; peak memory 425 MiB.
2026-10-09T05:07:55Z INFO [853/1000] 288907e6-7d00-4092-b8fd-278a29d3cfd5: 165 arrays, 13.8 MB stored; 2.6 s; peak memory 425 MiB.
2026-10-09T05:07:56Z INFO [854/1000] 28899d33-093e-4dd8-b919-0458e59495b3: 117 arrays, 0.3 MB stored; 1.2 s; peak memory 425 MiB.
2026-10-09T05:07:56Z INFO [855/1000] 28882d17-881d-431f-b168-a21058e8de6a: 555 arrays, 22.5 MB stored; 5.5 s; peak memory 425 MiB.
2026-10-09T05:07:57Z INFO [856/1000] 28890c28-0458-449f-b5f7-bf1aa28b01ba: 84 arrays, 452.2 MB stored; 3.5 s; peak memory 425 MiB.
2026-10-09T05:07:57Z INFO [857/1000] 2889a218-1467-4010-b57b-9b7a0cab4072: 112 arrays, 0.5 MB stored; 1.5 s; peak memory 425 MiB.
2026-10-09T05:07:57Z INFO [858/1000] 288a2b2c-7995-4a4f-a798-137a41a54dcf: 111 arrays, 0.5 MB stored; 1.4 s; peak memory 425 MiB.
2026-10-09T05:07:58Z INFO [859/1000] 288a7734-d27e-4355-8083-172555b5be65: 116 arrays, 0.4 MB stored; 1.5 s; peak memory 425 MiB.
2026-10-09T05:07:58Z INFO [860/1000] 288aa3e3-8b5c-405c-b4b4-9b1b501caa57: 117 arrays, 0.4 MB stored; 1.2 s; peak memory 425 MiB.
2026-10-09T05:07:58Z INFO [861/1000] 288bcf6c-d9cc-4db5-aca3-0215a2774e2d: 48 arrays, 83.9 MB stored; 1.2 s; peak memory 425 MiB.
2026-10-09T05:07:59Z INFO [862/1000] 288c2026-53ba-434d-ae5e-4e8f30a98d3a: 117 arrays, 0.5 MB stored; 1.3 s; peak memory 425 MiB.
2026-10-09T05:07:59Z INFO [863/1000] 288bd33d-85d6-43de-ab26-a74d21ff165b: 112 arrays, 0.6 MB stored; 1.6 s; peak memory 425 MiB.
2026-10-09T05:07:59Z INFO [864/1000] 288cbf8a-4106-4b5a-97ee-63b35eb46eab: 48 arrays, 83.9 MB stored; 1.3 s; peak memory 425 MiB.
2026-10-09T05:08:00Z INFO [865/1000] 288c5cf2-25ba-4f5c-b637-7d10f5ea4311: 110 arrays, 0.8 MB stored; 1.8 s; peak memory 425 MiB.
2026-10-09T05:08:00Z INFO [866/1000] 288d4a59-4518-4a7d-add6-8281a1241897: 48 arrays, 83.9 MB stored; 1.4 s; peak memory 425 MiB.
2026-10-09T05:08:01Z INFO [867/1000] 288d533f-2a6a-457c-afae-e6c1a5b6b3f8: 42 arrays, 51.0 MB stored; 1.4 s; peak memory 425 MiB.
2026-10-09T05:08:01Z INFO [868/1000] 288d89e2-09f6-46b7-be8c-3baa8e9b0a60: 84 arrays, 0.2 MB stored; 1.4 s; peak memory 425 MiB.
2026-10-09T05:08:01Z INFO [869/1000] 288eda6a-7d0f-45cb-a29a-c78713d4eac0: 46 arrays, 0.1 MB stored; 0.9 s; peak memory 425 MiB.
2026-10-09T05:08:02Z INFO [870/1000] 288f560c-1bbb-4691-93cc-11ca9ee4ee56: 45 arrays, 0.0 MB stored; 1.0 s; peak memory 425 MiB.
2026-10-09T05:08:02Z INFO [871/1000] 288f1115-2e10-4277-8a49-eb9eaebaaa7b: 112 arrays, 0.6 MB stored; 1.4 s; peak memory 425 MiB.
2026-10-09T05:08:03Z INFO [872/1000] 288cee6b-f8c7-4ff0-aceb-e5813d3676b9: 521 arrays, 6.4 MB stored; 3.8 s; peak memory 425 MiB.
2026-10-09T05:08:03Z INFO [873/1000] 288f998a-87d5-4ade-91fc-e1461b7b60e8: 56 arrays, 0.0 MB stored; 1.1 s; peak memory 425 MiB.
2026-10-09T05:08:03Z INFO [874/1000] 289028b4-b1a6-4a3c-b2ed-6e74cbba4f24: 48 arrays, 83.9 MB stored; 1.3 s; peak memory 425 MiB.
2026-10-09T05:08:04Z INFO [875/1000] 28913abd-374f-41e0-888f-e9b2958079d1: 114 arrays, 0.1 MB stored; 1.1 s; peak memory 425 MiB.
2026-10-09T05:08:05Z INFO [876/1000] 2891b1e6-0162-44f2-ac85-0984d1b51ed7: 48 arrays, 83.9 MB stored; 1.4 s; peak memory 425 MiB.
2026-10-09T05:08:05Z INFO [877/1000] 2891bfb3-d69e-4f75-a626-da8b3da729df: 42 arrays, 3.0 MB stored; 1.0 s; peak memory 425 MiB.
2026-10-09T05:08:06Z INFO [878/1000] 288f58f9-e084-4e56-9840-2db0920b0206: 538 arrays, 7.8 MB stored; 4.3 s; peak memory 425 MiB.
2026-10-09T05:08:06Z INFO [879/1000] 28924366-c91a-495f-a919-07cf00554847: 49 arrays, 1.3 MB stored; 1.3 s; peak memory 425 MiB.
2026-10-09T05:08:07Z INFO [880/1000] 28925f47-24d0-4509-b24c-04321292d72c: 48 arrays, 83.9 MB stored; 1.3 s; peak memory 425 MiB.
2026-10-09T05:08:11Z INFO [881/1000] 2892ddbd-38df-499e-93f5-cdc5bef403f3: 168 arrays, 45.2 MB stored; 3.7 s; peak memory 425 MiB.
2026-10-09T05:08:11Z INFO [882/1000] 2891ece0-2bc0-44ab-b31c-ecb5acc7f0dd: 538 arrays, 8.6 MB stored; 5.9 s; peak memory 425 MiB.
2026-10-09T05:08:12Z INFO [883/1000] 289491b3-1756-497c-a2e2-4c7b05fd3b05: 48 arrays, 83.9 MB stored; 1.2 s; peak memory 425 MiB.
2026-10-09T05:08:12Z INFO [884/1000] 289330fb-cce9-42fa-916a-4c92780d6aae: 116 arrays, 9.8 MB stored; 1.4 s; peak memory 425 MiB.
2026-10-09T05:08:13Z INFO [885/1000] 289583b7-069e-4e0e-af74-c9b8daedc59d: 48 arrays, 83.9 MB stored; 1.2 s; peak memory 425 MiB.
2026-10-09T05:08:13Z INFO [886/1000] 289584a7-dee8-4942-8ee7-27a2df458bbb: 52 arrays, 12.8 MB stored; 1.2 s; peak memory 425 MiB.
2026-10-09T05:08:17Z INFO [887/1000] 2896569f-0b3d-43e2-b044-2c77b4761f9b: 432 arrays, 3.9 MB stored; 4.1 s; peak memory 425 MiB.
2026-10-09T05:08:20Z INFO [888/1000] 2896034d-5052-4cd0-8a50-75b6d417c7ac: 810 arrays, 31.1 MB stored; 7.2 s; peak memory 425 MiB.
2026-10-09T05:08:23Z INFO [889/1000] 2896b0f0-74b3-4a7e-9e1e-b6a7ee836366: 80 arrays, 588.0 MB stored; 2.9 s; peak memory 425 MiB.
2026-10-09T05:08:24Z INFO [890/1000] 2896c393-58ca-4d25-b9eb-7a3354257589: 118 arrays, 0.4 MB stored; 1.3 s; peak memory 425 MiB.
2026-10-09T05:08:25Z INFO [891/1000] 28967255-981a-4851-91d2-21e813fc6ac5: 1133 arrays, 24.3 MB stored; 7.5 s; peak memory 425 MiB.
2026-10-09T05:08:26Z INFO [892/1000] 28978e7a-9a6a-4ebe-88ee-35112fd9a38f: 117 arrays, 0.4 MB stored; 1.2 s; peak memory 425 MiB.
2026-10-09T05:08:26Z INFO [893/1000] 28985514-7dd8-42a2-a840-c0de3c163d03: 65 arrays, 1.2 MB stored; 1.3 s; peak memory 425 MiB.
2026-10-09T05:08:27Z INFO [894/1000] 289911e7-cf15-4fde-9916-d8da04ee1380: 48 arrays, 83.9 MB stored; 1.0 s; peak memory 425 MiB.
2026-10-09T05:08:28Z INFO [895/1000] 2899a4ba-ed12-4e06-b77b-001f786f5fc3: 48 arrays, 83.9 MB stored; 1.3 s; peak memory 425 MiB.
2026-10-09T05:08:29Z INFO [896/1000] 2892bc76-c675-4622-ac8b-c224dde0e9cc: 48 arrays, 33982.8 MB stored; 22.4 s; peak memory 425 MiB.
2026-10-09T05:08:30Z INFO [897/1000] 289ad207-5ef2-49e5-92f5-a6ef9cc917ba: 48 arrays, 83.9 MB stored; 1.3 s; peak memory 425 MiB.
2026-10-09T05:08:30Z INFO [898/1000] 289aab49-e77e-42aa-92f0-daac33007397: 152 arrays, 1.0 MB stored; 1.8 s; peak memory 425 MiB.
2026-10-09T05:08:32Z INFO [899/1000] 289bd8d3-5d6b-4b7a-b931-25a848ffe397: 112 arrays, 0.8 MB stored; 1.7 s; peak memory 425 MiB.
2026-10-09T05:08:32Z INFO [900/1000] 289ce9dc-45e6-4b76-a2ff-b86d12b19f39: 78 arrays, 221.2 MB stored; 1.8 s; peak memory 425 MiB.
2026-10-09T05:08:33Z INFO [901/1000] 289e7f00-9ba4-4105-a465-edf63d1c9fca: 46 arrays, 0.0 MB stored; 1.0 s; peak memory 425 MiB.
2026-10-09T05:08:33Z INFO [902/1000] 289e44fc-c3c6-4ca5-89c8-6763ca939e41: 71 arrays, 45.9 MB stored; 1.5 s; peak memory 425 MiB.
2026-10-09T05:08:34Z INFO [903/1000] 289eae8c-1a6a-4c64-ab4d-a1c496ca30bf: 39 arrays, 12.0 MB stored; 0.9 s; peak memory 425 MiB.
2026-10-09T05:08:34Z INFO [904/1000] 289ed3ec-8583-4175-bc9e-7b5e010cbe86: 46 arrays, 0.1 MB stored; 0.9 s; peak memory 425 MiB.
2026-10-09T05:08:35Z INFO [905/1000] 289efa0c-731d-43be-be19-a4a0650ec94d: 112 arrays, 0.7 MB stored; 1.2 s; peak memory 425 MiB.
2026-10-09T05:08:36Z INFO [906/1000] 289f589a-5127-45d8-b039-fe178a1aea6a: 69 arrays, 236.7 MB stored; 1.8 s; peak memory 425 MiB.
2026-10-09T05:08:36Z INFO [907/1000] 289fbef3-7d57-431d-8b8e-13c85201ec21: 48 arrays, 83.9 MB stored; 1.2 s; peak memory 425 MiB.
2026-10-09T05:08:37Z INFO [908/1000] 28a00af1-245b-4bf5-9437-77b9ad39f904: 48 arrays, 83.9 MB stored; 1.2 s; peak memory 425 MiB.
2026-10-09T05:08:37Z INFO [909/1000] 28a09b68-1dfc-4ba6-8a0f-1f079028ab03: 58 arrays, 0.0 MB stored; 1.2 s; peak memory 425 MiB.
2026-10-09T05:08:38Z INFO [910/1000] 28a0ac68-6658-477a-9bc4-09e29c897c22: 116 arrays, 0.4 MB stored; 1.2 s; peak memory 425 MiB.
2026-10-09T05:08:39Z INFO [911/1000] 28a0ec97-ac6e-48ad-b983-69e33d3afdac: 69 arrays, 70.6 MB stored; 1.4 s; peak memory 425 MiB.
2026-10-09T05:08:40Z INFO [912/1000] 28a0f592-fcb2-4681-b110-d63ab016e0e0: 74 arrays, 36.7 MB stored; 1.9 s; peak memory 425 MiB.
2026-10-09T05:08:42Z INFO [913/1000] 28a21646-874a-4c78-a786-b354568fb815: 289 arrays, 17.2 MB stored; 1.4 s; peak memory 425 MiB.
2026-10-09T05:08:43Z INFO [914/1000] 28a23ffc-fa5e-48f1-9495-35df24608107: 112 arrays, 0.7 MB stored; 1.4 s; peak memory 425 MiB.
2026-10-09T05:08:44Z INFO [915/1000] 28a2a424-5e0a-4863-81d5-ddf7061f843c: 118 arrays, 0.4 MB stored; 1.2 s; peak memory 425 MiB.
2026-10-09T05:08:45Z INFO [916/1000] 28a1db35-2ef4-4fe0-9f18-1c756dac7975: 537 arrays, 8.3 MB stored; 6.1 s; peak memory 425 MiB.
2026-10-09T05:08:46Z INFO [917/1000] 28a2e0f1-8784-4e94-9f48-22a3d2f2f8d5: 48 arrays, 83.9 MB stored; 1.4 s; peak memory 425 MiB.
2026-10-09T05:08:48Z INFO [918/1000] 28a2ff3f-7c83-42a4-ba9e-07a4733be077: 112 arrays, 1.2 MB stored; 1.9 s; peak memory 425 MiB.
2026-10-09T05:08:50Z INFO [919/1000] 28a2a95d-228e-45e5-8225-8e31ebde398d: 617 arrays, 19.5 MB stored; 5.6 s; peak memory 425 MiB.
2026-10-09T05:08:50Z INFO [920/1000] 2824aca9-5824-4486-93ff-48ade6fdb426: 283 arrays, 39453.5 MB stored; 265.0 s; peak memory 425 MiB.
2026-10-09T05:08:50Z INFO [921/1000] 28a34898-2eec-49c0-93c7-f288fa2bd815: 38 arrays, 33.7 MB stored; 2.2 s; peak memory 425 MiB.
2026-10-09T05:08:52Z INFO [922/1000] 28a58862-6899-4583-97cf-e08c468cf2ec: 116 arrays, 0.3 MB stored; 1.4 s; peak memory 425 MiB.
2026-10-09T05:08:52Z INFO [923/1000] 28a3a3b6-030b-4bd7-bb52-17333e9ace2d: 53 arrays, 2189.9 MB stored; 2.3 s; peak memory 425 MiB.
2026-10-09T05:08:53Z INFO [924/1000] 28a612d7-a325-4d76-a16e-dd6421f89a91: 63 arrays, 0.1 MB stored; 1.1 s; peak memory 425 MiB.
2026-10-09T05:08:54Z INFO [925/1000] 28a5ba5d-6d08-475f-ae43-450da59ffd70: 56 arrays, 416.5 MB stored; 1.9 s; peak memory 425 MiB.
2026-10-09T05:08:54Z INFO [926/1000] 28a61c90-66ec-4e83-bef7-82ced8683dae: 48 arrays, 83.9 MB stored; 1.1 s; peak memory 425 MiB.
2026-10-09T05:08:55Z INFO [927/1000] 28a6c22a-7e2a-4ed5-a93e-3f99bd953cbe: 113 arrays, 0.6 MB stored; 1.4 s; peak memory 425 MiB.
2026-10-09T05:08:56Z INFO [928/1000] 28a764ba-fde4-4c61-ba78-730253c1d201: 66 arrays, 10.8 MB stored; 1.4 s; peak memory 425 MiB.
2026-10-09T05:08:56Z INFO [929/1000] 28a76ef6-c5b5-45a6-ba14-e448b39b61b8: 48 arrays, 83.9 MB stored; 1.4 s; peak memory 425 MiB.
2026-10-09T05:08:57Z INFO [930/1000] 28a7f73c-1065-4219-9778-48442536e795: 117 arrays, 0.4 MB stored; 1.3 s; peak memory 425 MiB.
2026-10-09T05:08:58Z INFO [931/1000] 28a89479-15b2-4ee5-8b06-e4cc73311ed7: 56 arrays, 0.0 MB stored; 1.1 s; peak memory 425 MiB.
2026-10-09T05:08:59Z INFO [932/1000] 28a85b30-018d-4f94-9354-822933b5fec1: 38 arrays, 25.4 MB stored; 2.1 s; peak memory 425 MiB.
2026-10-09T05:08:59Z INFO [933/1000] 28a9214e-cd8e-4b3a-bf60-4861be89647d: 46 arrays, 0.1 MB stored; 1.0 s; peak memory 425 MiB.
2026-10-09T05:09:00Z INFO [934/1000] 28a9a283-1b59-45a5-8b01-fcae904a2917: 48 arrays, 83.9 MB stored; 1.2 s; peak memory 425 MiB.
2026-10-09T05:09:00Z INFO [935/1000] 28a9d983-fb96-4b78-ab9b-c469e4b779f8: 48 arrays, 83.9 MB stored; 1.0 s; peak memory 425 MiB.
2026-10-09T05:09:01Z INFO [936/1000] 28a9e881-1977-4726-bb18-ec6a2d48c956: 48 arrays, 83.9 MB stored; 1.2 s; peak memory 425 MiB.
2026-10-09T05:09:01Z INFO [937/1000] 28a9ecbe-1548-4237-a86f-822f8d722da1: 50 arrays, 1.3 MB stored; 1.1 s; peak memory 425 MiB.
2026-10-09T05:09:02Z INFO [938/1000] 28aa0de9-34a8-49f5-97e9-7b7d866b5c14: 116 arrays, 0.2 MB stored; 1.1 s; peak memory 425 MiB.
2026-10-09T05:09:02Z INFO [939/1000] 28aa9512-70de-4a37-8b08-2a37936f3668: 116 arrays, 9.8 MB stored; 1.2 s; peak memory 425 MiB.
2026-10-09T05:09:04Z INFO [940/1000] 28aae481-f814-4da1-ab82-d0f66d1e0ec9: 117 arrays, 0.4 MB stored; 1.4 s; peak memory 425 MiB.
2026-10-09T05:09:05Z INFO [941/1000] 28abafe2-a791-491e-abe9-d65d9bd0b55c: 117 arrays, 0.3 MB stored; 1.2 s; peak memory 425 MiB.
2026-10-09T05:09:07Z INFO [942/1000] 286743e1-b3bf-442b-9546-5ea2dadc72b2: 430 arrays, 23665.7 MB stored; 136.3 s; peak memory 425 MiB.
2026-10-09T05:09:07Z INFO [943/1000] 28ac1d84-425a-4ba5-8370-f3ae78e5692d: 79 arrays, 1.4 MB stored; 1.6 s; peak memory 425 MiB.
2026-10-09T05:09:07Z INFO [944/1000] 28aa9c9d-e853-4231-933d-c11818b73694: 193 arrays, 424.6 MB stored; 4.9 s; peak memory 425 MiB.
2026-10-09T05:09:08Z INFO [945/1000] 28acca8d-ee43-4d54-af09-18cc5c618f05: 112 arrays, 0.6 MB stored; 1.4 s; peak memory 425 MiB.
2026-10-09T05:09:09Z INFO [946/1000] 28acccf9-4317-41c7-8d90-f41cd2973747: 66 arrays, 182.1 MB stored; 2.1 s; peak memory 425 MiB.
2026-10-09T05:09:11Z INFO [947/1000] 28ad64a9-65e7-42d1-9d89-6964abc1d765: 57 arrays, 488.2 MB stored; 1.9 s; peak memory 425 MiB.
2026-10-09T05:09:12Z INFO [948/1000] 28adb798-df7d-477c-a860-b63d13ef2a4e: 118 arrays, 0.6 MB stored; 1.6 s; peak memory 425 MiB.
2026-10-09T05:09:12Z INFO [949/1000] 28a3cbd6-80c9-4afc-b5f8-bc274d1bdcf4: 847 arrays, 2425.6 MB stored; 22.3 s; peak memory 425 MiB.
2026-10-09T05:09:13Z INFO [950/1000] 28acedac-7679-47c2-aeca-bf09bb42c519: 229 arrays, 522.4 MB stored; 5.4 s; peak memory 425 MiB.
2026-10-09T05:09:14Z INFO [951/1000] 28ae7b66-d689-45ee-977f-d895ebb6d14d: 112 arrays, 0.4 MB stored; 1.3 s; peak memory 425 MiB.
2026-10-09T05:09:15Z INFO [952/1000] 28adda7a-8b59-48dd-8342-6d022773de8b: 156 arrays, 193.5 MB stored; 2.8 s; peak memory 425 MiB.
2026-10-09T05:09:15Z INFO [953/1000] 28afa746-0a3d-4873-a5ce-0c8221bb602d: 83 arrays, 298.2 MB stored; 1.6 s; peak memory 425 MiB.
2026-10-09T05:09:16Z INFO [954/1000] 28aeb9e5-1648-4bc3-a4f9-011ad244ff91: 85 arrays, 711.6 MB stored; 3.0 s; peak memory 425 MiB.
2026-10-09T05:09:18Z INFO [955/1000] 28b10eb2-9417-44d5-af4f-9f09a1da6789: 66 arrays, 66.0 MB stored; 1.8 s; peak memory 425 MiB.
2026-10-09T05:09:19Z INFO [956/1000] 28b10fea-f6c4-46ee-9bb6-dc2dcf430db5: 48 arrays, 83.9 MB stored; 1.3 s; peak memory 425 MiB.
2026-10-09T05:09:21Z INFO [957/1000] 28b0df9e-35a1-4e4d-9a32-c30fd408f6c3: 257 arrays, 87.6 MB stored; 6.3 s; peak memory 425 MiB.
2026-10-09T05:09:23Z INFO [958/1000] 28b21838-0156-43c9-9414-612dbedb44ab: 112 arrays, 0.7 MB stored; 1.4 s; peak memory 425 MiB.
2026-10-09T05:09:24Z INFO [959/1000] 28b0d767-386f-4d6d-bbbe-5a07e4f92edb: 49 arrays, 6398.8 MB stored; 9.1 s; peak memory 425 MiB.
2026-10-09T05:09:24Z INFO [960/1000] 28b233fa-d023-425d-a646-08ff69194d6a: 52 arrays, 12.5 MB stored; 1.3 s; peak memory 425 MiB.
2026-10-09T05:09:25Z INFO [961/1000] 28b2f33c-de05-4592-b910-f58740f8b0c4: 48 arrays, 83.9 MB stored; 1.2 s; peak memory 425 MiB.
2026-10-09T05:09:26Z INFO [962/1000] 28b25a86-71c3-4e3c-b697-37a661086d86: 112 arrays, 1.1 MB stored; 1.8 s; peak memory 425 MiB.
2026-10-09T05:09:27Z INFO [963/1000] 28b348ce-89d2-4a7b-bcaf-d0d084c725c0: 117 arrays, 0.3 MB stored; 1.3 s; peak memory 425 MiB.
2026-10-09T05:09:27Z INFO [964/1000] 28b1263e-9560-4b06-a9d6-b587fd696d3a: 1149 arrays, 24.9 MB stored; 7.6 s; peak memory 425 MiB.
2026-10-09T05:09:31Z INFO [965/1000] 28b4a942-566c-421c-8f0e-c765a769539a: 92 arrays, 362.5 MB stored; 3.7 s; peak memory 425 MiB.
2026-10-09T05:09:32Z INFO [966/1000] 28b4f79f-adbd-496a-a913-4ec6e2c07e87: 66 arrays, 62.9 MB stored; 1.7 s; peak memory 425 MiB.
2026-10-09T05:09:34Z INFO [967/1000] 28b4f912-b1d2-469b-9844-28b540d46b20: 48 arrays, 83.9 MB stored; 1.3 s; peak memory 425 MiB.
2026-10-09T05:09:35Z INFO [968/1000] 28b579a1-d7f6-4dde-aeb5-a264d25c32f0: 48 arrays, 83.9 MB stored; 1.1 s; peak memory 425 MiB.
2026-10-09T05:09:36Z INFO [969/1000] 28b5a864-8c4f-402e-aeda-1628450cace7: 64 arrays, 39.3 MB stored; 1.5 s; peak memory 425 MiB.
2026-10-09T05:09:37Z INFO [970/1000] 28b5b02e-288d-4944-b464-03d4ce495ff2: 48 arrays, 83.9 MB stored; 1.1 s; peak memory 425 MiB.
2026-10-09T05:09:39Z INFO [971/1000] 28b63c7b-b632-49f5-87cf-ceb3c64f2578: 117 arrays, 18.2 MB stored; 1.9 s; peak memory 425 MiB.
2026-10-09T05:09:41Z INFO [972/1000] 28b65697-7293-4a17-9769-5e556afabfb6: 60 arrays, 56.0 MB stored; 1.4 s; peak memory 425 MiB.
2026-10-09T05:09:42Z INFO [973/1000] 28b739a7-86dc-4013-b02c-20e1877ad627: 114 arrays, 0.1 MB stored; 1.0 s; peak memory 425 MiB.
2026-10-09T05:09:43Z INFO [974/1000] 28b73bdb-534a-4a43-ae0e-da56ba3f3625: 112 arrays, 0.5 MB stored; 1.6 s; peak memory 425 MiB.
2026-10-09T05:09:44Z INFO [975/1000] 28b7b04f-84c8-4bdb-89a3-97aab634b54b: 78 arrays, 0.0 MB stored; 1.2 s; peak memory 425 MiB.
2026-10-09T05:09:46Z INFO [976/1000] 28b7ce7c-b836-4acd-a3ce-ef023e9f4689: 116 arrays, 0.4 MB stored; 1.2 s; peak memory 425 MiB.
2026-10-09T05:09:47Z INFO [977/1000] 28b81992-63ff-4ad1-a6c2-1129cc5c0542: 117 arrays, 0.3 MB stored; 1.4 s; peak memory 425 MiB.
2026-10-09T05:09:49Z INFO [978/1000] 28b83877-295f-44eb-be71-d824f3cd4ebf: 41 arrays, 8.4 MB stored; 2.1 s; peak memory 425 MiB.
2026-10-09T05:09:50Z INFO [979/1000] 28b88c5b-377f-4245-9f9b-c8ec8e76802f: 112 arrays, 0.8 MB stored; 1.4 s; peak memory 425 MiB.
2026-10-09T05:09:51Z INFO [980/1000] 28b8f82f-21d3-492b-b071-568928d85dcb: 45 arrays, 0.0 MB stored; 0.9 s; peak memory 425 MiB.
2026-10-09T05:09:53Z INFO [981/1000] 28b93bac-d28f-42a2-aa78-66378eb3067f: 152 arrays, 0.5 MB stored; 1.4 s; peak memory 425 MiB.
2026-10-09T05:09:54Z INFO [982/1000] 28b95a62-8762-40d7-aa7e-7b924ecd2191: 112 arrays, 0.2 MB stored; 1.1 s; peak memory 425 MiB.
2026-10-09T05:09:55Z INFO [983/1000] 28b97c4c-719d-4b57-a1c0-28d9340f20fe: 48 arrays, 83.9 MB stored; 1.0 s; peak memory 425 MiB.
2026-10-09T05:09:56Z INFO [984/1000] 28ace4e2-e6af-4ff4-aea4-b0e6218ae0db: 52 arrays, 2640.9 MB stored; 48.8 s; peak memory 425 MiB.
2026-10-09T05:09:57Z INFO [985/1000] 28bac315-7206-4ee4-9dbb-2a435289fd7e: 62 arrays, 4677.2 MB stored; 1.8 s; peak memory 425 MiB.
2026-10-09T05:09:57Z INFO [986/1000] 28bae883-0980-49c3-95a0-a755a36eb0a7: 113 arrays, 0.6 MB stored; 1.5 s; peak memory 425 MiB.
2026-10-09T05:09:58Z INFO [987/1000] 28bb3c4e-2dfd-4414-82f4-e52b943a145f: 57 arrays, 0.0 MB stored; 0.9 s; peak memory 425 MiB.
2026-10-09T05:09:58Z INFO [988/1000] 28bb578c-2189-4031-be42-e9d59e4aeefc: 64 arrays, 0.0 MB stored; 1.2 s; peak memory 425 MiB.
2026-10-09T05:09:59Z INFO [989/1000] 28bbb17b-1e16-4a25-b6d2-4f6c50c570d9: 111 arrays, 0.6 MB stored; 1.7 s; peak memory 425 MiB.
2026-10-09T05:09:59Z INFO [990/1000] 28bbc597-2cb0-47a7-9b3f-efca2afca8d2: 48 arrays, 83.9 MB stored; 1.1 s; peak memory 425 MiB.
2026-10-09T05:10:00Z INFO [991/1000] 28bbc9f1-27fb-483e-8fea-0653d79c3a89: 48 arrays, 83.9 MB stored; 1.1 s; peak memory 425 MiB.
2026-10-09T05:10:01Z INFO [992/1000] 28bc417b-a234-45d7-97f7-225ccfc1fe58: 112 arrays, 0.6 MB stored; 1.5 s; peak memory 425 MiB.
2026-10-09T05:10:02Z INFO [993/1000] 28bc4741-27cf-424f-85fe-31d95b94d53a: 48 arrays, 83.9 MB stored; 1.1 s; peak memory 425 MiB.
2026-10-09T05:10:02Z INFO [994/1000] 28bc4dfd-68a9-4026-9601-6e0dbd4a20b4: 50 arrays, 2.3 MB stored; 1.2 s; peak memory 425 MiB.
2026-10-09T05:10:16Z INFO [995/1000] 2891312b-3473-42db-9881-b5940f12c63d: 433 arrays, 19749.9 MB stored; 133.2 s; peak memory 425 MiB.
2026-10-09T05:10:29Z INFO [996/1000] 2898e42e-904b-46e5-a177-b2bc8cf540bd: 62 arrays, 12287.7 MB stored; 123.3 s; peak memory 425 MiB.
2026-10-09T05:10:55Z INFO [997/1000] 2804f6c9-411c-4600-af69-8ac867116ecb: 99 arrays, 1606.2 MB stored; 439.9 s; peak memory 425 MiB.
2026-10-09T05:11:37Z INFO [998/1000] 28b41b95-f16c-47b1-b94b-ba14d56b6bac: 449 arrays, 23795.4 MB stored; 130.4 s; peak memory 425 MiB.
2026-10-09T05:11:38Z INFO [999/1000] 28b3cce1-7acf-4067-91f7-b34f89d79c10: 167 arrays, 21095.7 MB stored; 132.1 s; peak memory 425 MiB.
2026-10-09T05:24:38Z WARNING 282ee167-b9fc-4402-a0d6-01fff60608e5: failed while reading the NWB file (TimeoutError: exceeded 1200 s)
2026-10-09T05:24:38Z WARNING [1000/1000] 282ee167-b9fc-4402-a0d6-01fff60608e5: recorded the failure; a later run retries it.
2026-10-09T05:24:38Z INFO [1000/1000] 282ee167-b9fc-4402-a0d6-01fff60608e5: checkpointed 1000 new records.
2026-10-09T05:24:38Z INFO Wrote 27200 records to /tmp/derivatives/valid_nwb_file_to_array_sizes.jsonl (999 new, 1 failed) in 26.8 min (peak memory 425 MiB).
