2026-10-09T04:27:26Z INFO Logging to /tmp/logs/update_2026-10-09T04-27-26Z.log.
2026-10-09T04:27:26Z INFO Update valid-nwb-file-to-array-sizes (base directory /tmp).
2026-10-09T04:27:38Z INFO Processing 1000 items (25200 already recorded).
2026-10-09T04:27:41Z INFO [1/1000] 25d37b0e-432a-4725-8fd8-dcf6ce975cc8: 48 arrays, 83.9 MB stored; 2.1 s; peak memory 152 MiB.
2026-10-09T04:27:41Z INFO [2/1000] 25d4e692-526b-4403-8199-1b7f26a17c26: 48 arrays, 83.9 MB stored; 2.3 s; peak memory 152 MiB.
2026-10-09T04:27:41Z INFO [3/1000] 25d59bfa-4579-4ab7-a9f7-3b6b658557e0: 48 arrays, 83.9 MB stored; 2.4 s; peak memory 152 MiB.
2026-10-09T04:27:41Z INFO [4/1000] 25d64d90-0281-453a-ace2-a3007db65299: 52 arrays, 15.6 MB stored; 2.4 s; peak memory 152 MiB.
2026-10-09T04:27:41Z INFO [5/1000] 25d5257c-4dde-4f45-b70d-ff108c26bd95: 116 arrays, 0.3 MB stored; 2.6 s; peak memory 152 MiB.
2026-10-09T04:27:41Z INFO [6/1000] 25d6db11-f46c-4bf0-a3c5-bc66fbd28a8a: 118 arrays, 0.4 MB stored; 2.7 s; peak memory 152 MiB.
2026-10-09T04:27:42Z INFO [7/1000] 25d6c473-3e0b-4424-b13a-35a10d328c0a: 133 arrays, 58730.2 MB stored; 3.1 s; peak memory 152 MiB.
2026-10-09T04:27:42Z INFO [8/1000] 25d6f028-0f13-4aa9-a681-21ee163e903a: 46 arrays, 4.2 MB stored; 1.7 s; peak memory 152 MiB.
2026-10-09T04:27:42Z INFO [9/1000] 25d76353-d26d-49b0-98be-11b15ef2c633: 46 arrays, 0.0 MB stored; 1.6 s; peak memory 152 MiB.
2026-10-09T04:27:43Z INFO [10/1000] 25d884cb-8646-44bd-889f-c71c89ceea4d: 37 arrays, 0.0 MB stored; 1.6 s; peak memory 152 MiB.
2026-10-09T04:27:43Z INFO [11/1000] 25d9069c-d81e-4b6d-85fa-6ee8a5fc1504: 48 arrays, 83.9 MB stored; 1.7 s; peak memory 152 MiB.
2026-10-09T04:27:43Z INFO [12/1000] 25d7a1bb-cd14-47d0-a0dd-65825ecd1c8a: 49 arrays, 4.8 MB stored; 2.4 s; peak memory 152 MiB.
2026-10-09T04:27:43Z INFO [13/1000] 25d6690f-011e-4835-9e87-c557bf69213e: 156 arrays, 193.4 MB stored; 4.9 s; peak memory 152 MiB.
2026-10-09T04:27:44Z INFO [14/1000] 25daf4a6-80b5-49ad-8dc0-8885eefce888: 117 arrays, 0.3 MB stored; 2.2 s; peak memory 152 MiB.
2026-10-09T04:27:45Z INFO [15/1000] 25db818a-34cd-46ac-82f9-ea46b340d46b: 52 arrays, 657.1 MB stored; 2.1 s; peak memory 152 MiB.
2026-10-09T04:27:45Z INFO [16/1000] 25db9fcd-b161-4740-b095-23dc554f846d: 38 arrays, 0.5 MB stored; 1.6 s; peak memory 152 MiB.
2026-10-09T04:27:45Z INFO [17/1000] 25db8c19-8e0c-4db2-8384-445d09bba7a2: 48 arrays, 83.9 MB stored; 1.9 s; peak memory 152 MiB.
2026-10-09T04:27:46Z INFO [18/1000] 25dc8707-0b91-4f58-84dc-c14002eb6223: 46 arrays, 0.1 MB stored; 1.4 s; peak memory 152 MiB.
2026-10-09T04:27:46Z INFO [19/1000] 25dc4640-44a0-4aac-a861-b161fdbef2c2: 71 arrays, 40.7 MB stored; 2.7 s; peak memory 152 MiB.
2026-10-09T04:27:47Z INFO [20/1000] 25dd4eea-452d-45e1-80da-ba3342988e94: 48 arrays, 83.9 MB stored; 1.6 s; peak memory 152 MiB.
2026-10-09T04:27:48Z INFO [21/1000] 25dc9016-0a66-45ef-b3fc-7bea87970592: 64 arrays, 217.9 MB stored; 3.0 s; peak memory 152 MiB.
2026-10-09T04:27:48Z INFO [22/1000] 25deffad-2434-4c97-bdff-532db55802a0: 117 arrays, 0.3 MB stored; 1.9 s; peak memory 152 MiB.
2026-10-09T04:27:48Z INFO [23/1000] 25df10ce-f677-48f9-8d64-a7d2c67b32a0: 46 arrays, 1.0 MB stored; 1.5 s; peak memory 152 MiB.
2026-10-09T04:27:48Z INFO [24/1000] 25ddd0b2-e804-45bd-9426-8d179017f556: 112 arrays, 1.2 MB stored; 2.5 s; peak memory 152 MiB.
2026-10-09T04:27:49Z INFO [25/1000] 25dce494-ada5-4308-a09d-f68de2cc6da9: 96 arrays, 68.0 MB stored; 3.8 s; peak memory 152 MiB.
2026-10-09T04:27:49Z INFO [26/1000] 25df3431-5053-495d-95f4-c912b3b9befd: 48 arrays, 83.9 MB stored; 1.6 s; peak memory 152 MiB.
2026-10-09T04:27:50Z INFO [27/1000] 25df45a8-310f-4309-858a-f0df4b5c5af2: 117 arrays, 0.3 MB stored; 1.9 s; peak memory 152 MiB.
2026-10-09T04:27:50Z INFO [28/1000] 25e07a07-1a23-47b2-8cb2-a242d4e51e59: 41 arrays, 8.4 MB stored; 1.6 s; peak memory 152 MiB.
2026-10-09T04:27:50Z INFO [29/1000] 25df63d7-ad62-46c2-bc5b-f80bd837a63c: 64 arrays, 42.7 MB stored; 2.3 s; peak memory 152 MiB.
2026-10-09T04:27:51Z INFO [30/1000] 25da410b-a0ce-49af-8355-adb76a2e8e5d: 196 arrays, 584.1 MB stored; 8.5 s; peak memory 152 MiB.
2026-10-09T04:27:51Z INFO [31/1000] 25d7c09d-0a28-4b13-a157-5af9b78254c1: 797 arrays, 32.1 MB stored; 10.4 s; peak memory 152 MiB.
2026-10-09T04:27:52Z INFO [32/1000] 25e25703-b009-454e-aade-966a4289159e: 48 arrays, 83.9 MB stored; 1.7 s; peak memory 152 MiB.
2026-10-09T04:27:53Z INFO [33/1000] 25e2125b-9304-4c78-8d47-d0114e063b46: 289 arrays, 17.1 MB stored; 2.4 s; peak memory 152 MiB.
2026-10-09T04:27:55Z INFO [34/1000] 25e2dc41-d7ca-45b4-9fcb-446efc459999: 110 arrays, 0.5 MB stored; 2.1 s; peak memory 152 MiB.
2026-10-09T04:27:56Z INFO [35/1000] 25e3258c-81d4-4ec5-964b-04c68cc3b19b: 125 arrays, 5.0 MB stored; 3.3 s; peak memory 152 MiB.
2026-10-09T04:27:57Z INFO [36/1000] 25e10bdd-8bb6-4aac-9f16-c10268fd1711: 534 arrays, 8.3 MB stored; 7.6 s; peak memory 152 MiB.
2026-10-09T04:27:58Z INFO [37/1000] 25e45873-c66e-473f-83f8-a8375565c6e7: 48 arrays, 83.9 MB stored; 1.6 s; peak memory 152 MiB.
2026-10-09T04:27:58Z INFO [38/1000] 25e2aa24-55f2-4280-ac67-b5801720468d: 673 arrays, 8.2 MB stored; 6.9 s; peak memory 152 MiB.
2026-10-09T04:27:59Z INFO [39/1000] 25e0defe-b39f-4a1d-a87e-7a7157514684: 391 arrays, 77.8 MB stored; 10.7 s; peak memory 152 MiB.
2026-10-09T04:28:01Z INFO [40/1000] 25e572db-f887-401f-b42d-d169a1fbc215: 78 arrays, 403.5 MB stored; 2.9 s; peak memory 152 MiB.
2026-10-09T04:28:01Z INFO [41/1000] 25e59521-e6e6-4066-99b8-aed8cd1669df: 60 arrays, 57.6 MB stored; 1.9 s; peak memory 152 MiB.
2026-10-09T04:28:02Z INFO [42/1000] 25e4cec5-9c12-44b7-9a03-be8146d29866: 152 arrays, 7.7 MB stored; 4.2 s; peak memory 152 MiB.
2026-10-09T04:28:02Z INFO [43/1000] 25e113cc-8c52-4d53-ab6b-a98c31b7619f: 529 arrays, 115.0 MB stored; 11.9 s; peak memory 152 MiB.
2026-10-09T04:28:03Z INFO [44/1000] 25e64d4b-f5f0-4106-9006-6d0410d86bbd: 116 arrays, 0.5 MB stored; 2.0 s; peak memory 152 MiB.
2026-10-09T04:28:04Z INFO [45/1000] 25e67f71-1720-4795-8381-b758b9378a20: 48 arrays, 83.9 MB stored; 1.7 s; peak memory 152 MiB.
2026-10-09T04:28:04Z INFO [46/1000] 25e5d92b-8cf5-4818-9d06-9b00f36316b7: 71 arrays, 70.5 MB stored; 2.6 s; peak memory 152 MiB.
2026-10-09T04:28:04Z INFO [47/1000] 25e5d1ee-7b51-4e5c-9e0a-94c5ce009738: 71 arrays, 78.8 MB stored; 2.9 s; peak memory 152 MiB.
2026-10-09T04:28:05Z INFO [48/1000] 25e7266b-a34d-4641-b9b3-0f35e9e7b0db: 69 arrays, 43.4 MB stored; 1.8 s; peak memory 152 MiB.
2026-10-09T04:28:05Z INFO [49/1000] 25e7bded-baf7-48bf-81be-8bf9b3bb3fd1: 74 arrays, 3.1 MB stored; 1.9 s; peak memory 152 MiB.
2026-10-09T04:28:06Z INFO [50/1000] 25e7c7c2-9b9c-4ad1-806e-ea27acb03c00: 48 arrays, 83.9 MB stored; 1.8 s; peak memory 152 MiB.
2026-10-09T04:28:06Z INFO [51/1000] 25e0eb87-a9f2-4cb7-8eb3-76dfd6d3668b: 588 arrays, 608.3 MB stored; 16.4 s; peak memory 152 MiB.
2026-10-09T04:28:06Z INFO [52/1000] 25e822b9-c439-474c-a273-c25b143e866f: 112 arrays, 0.9 MB stored; 2.5 s; peak memory 152 MiB.
2026-10-09T04:28:07Z INFO [53/1000] 25e83484-9a50-4edd-83ae-3eee365c5288: 48 arrays, 83.9 MB stored; 1.6 s; peak memory 152 MiB.
2026-10-09T04:28:08Z INFO [54/1000] 25ea03b6-d6f2-43ad-b11d-7709293f4ae7: 118 arrays, 0.3 MB stored; 1.9 s; peak memory 152 MiB.
2026-10-09T04:28:08Z INFO [55/1000] 25e9c38b-78d1-4df9-8f28-b4c6f3c2c816: 117 arrays, 0.5 MB stored; 2.3 s; peak memory 152 MiB.
2026-10-09T04:28:08Z INFO [56/1000] 25eaa2b1-c24f-4663-9399-80ddf39c237b: 46 arrays, 0.0 MB stored; 1.2 s; peak memory 152 MiB.
2026-10-09T04:28:08Z INFO [57/1000] 25e56654-2f38-4503-a4f2-70c769e41ab9: 1053 arrays, 22.7 MB stored; 10.5 s; peak memory 152 MiB.
2026-10-09T04:28:09Z INFO [58/1000] 25e34b43-e240-4e6b-a8ce-ece85a3d6362: 420 arrays, 3996.5 MB stored; 14.7 s; peak memory 152 MiB.
2026-10-09T04:28:09Z INFO [59/1000] 25eb9ab6-34c5-49ec-8ee7-a30ecf690524: 119 arrays, 0.1 MB stored; 1.5 s; peak memory 152 MiB.
2026-10-09T04:28:10Z INFO [60/1000] 25ea2dec-7472-4687-a3ba-91d3166cb345: 138 arrays, 4.8 MB stored; 3.3 s; peak memory 152 MiB.
2026-10-09T04:28:10Z INFO [61/1000] 25ebc9c0-89b2-4f2a-b0df-c3fb9c94e949: 74 arrays, 58.2 MB stored; 2.0 s; peak memory 152 MiB.
2026-10-09T04:28:11Z INFO [62/1000] 25eca034-ebe3-46ad-9c40-cb8e2d591ab0: 117 arrays, 0.4 MB stored; 1.9 s; peak memory 152 MiB.
2026-10-09T04:28:11Z INFO [63/1000] 25eca747-53ad-4f00-941d-79fdad8d13f9: 52 arrays, 13.9 MB stored; 2.0 s; peak memory 152 MiB.
2026-10-09T04:28:11Z INFO [64/1000] 25eadee5-3953-4d5c-a9db-fc1833de8008: 123 arrays, 5.9 MB stored; 3.7 s; peak memory 152 MiB.
2026-10-09T04:28:11Z INFO [65/1000] 25ed0fb6-ba33-4b2e-8216-7af876de020c: 112 arrays, 0.1 MB stored; 1.7 s; peak memory 152 MiB.
2026-10-09T04:28:12Z INFO [66/1000] 25ec874c-8776-4ac5-8f8a-4921a6d45c4f: 116 arrays, 187.1 MB stored; 3.5 s; peak memory 152 MiB.
2026-10-09T04:28:12Z INFO [67/1000] 25ed39eb-9f77-4b6b-b13d-74220a4bd183: 112 arrays, 0.8 MB stored; 2.3 s; peak memory 152 MiB.
2026-10-09T04:28:13Z INFO [68/1000] 25ee17f6-d9cd-4a6c-a0ca-5de55929815d: 67 arrays, 2.5 MB stored; 1.9 s; peak memory 152 MiB.
2026-10-09T04:28:13Z INFO [69/1000] 25ed9221-9723-46e7-bd8b-21f0e6c1783b: 117 arrays, 0.3 MB stored; 2.1 s; peak memory 152 MiB.
2026-10-09T04:28:13Z INFO [70/1000] 25ed94de-37dd-44a3-91d4-9104d0ffcbeb: 43 arrays, 5.9 MB stored; 2.0 s; peak memory 152 MiB.
2026-10-09T04:28:13Z INFO [71/1000] 25ee5ec4-76b3-4ab2-99f9-e75ed27f8eca: 46 arrays, 12.6 MB stored; 1.9 s; peak memory 152 MiB.
2026-10-09T04:28:13Z INFO [72/1000] 25ee603a-6aa6-4dec-8844-04231dcb968d: 46 arrays, 0.2 MB stored; 1.5 s; peak memory 152 MiB.
2026-10-09T04:28:14Z INFO [73/1000] 25ea057f-97a1-4604-97c9-59a2985fecec: 538 arrays, 8.5 MB stored; 7.9 s; peak memory 152 MiB.
2026-10-09T04:28:15Z INFO [74/1000] 25ef6431-a740-4a44-8c5e-00427864bed9: 45 arrays, 0.0 MB stored; 1.6 s; peak memory 152 MiB.
2026-10-09T04:28:15Z INFO [75/1000] 25f0120e-a111-43ad-93b7-0f832ba4677a: 116 arrays, 0.2 MB stored; 2.2 s; peak memory 152 MiB.
2026-10-09T04:28:16Z INFO [76/1000] 25f0458b-d7a5-4181-bd08-bbe745cfe4ef: 77 arrays, 0.7 MB stored; 2.0 s; peak memory 152 MiB.
2026-10-09T04:28:16Z INFO [77/1000] 25ee90bf-6c00-492d-81fc-1714e581fcb0: 186 arrays, 63.1 MB stored; 3.9 s; peak memory 152 MiB.
2026-10-09T04:28:17Z INFO [78/1000] 25f05136-7577-4d7f-90be-64ff490af45a: 117 arrays, 0.2 MB stored; 1.9 s; peak memory 152 MiB.
2026-10-09T04:28:17Z INFO [79/1000] 25efd663-2aec-47a6-ae3e-1dc253eda2fe: 116 arrays, 187.1 MB stored; 3.8 s; peak memory 152 MiB.
2026-10-09T04:28:17Z INFO [80/1000] 25efdd88-774a-404d-bacf-0ce02ba20125: 188 arrays, 16.2 MB stored; 4.0 s; peak memory 152 MiB.
2026-10-09T04:28:18Z INFO [81/1000] 25f05425-757a-4622-9c12-30bc5fcc9ed3: 261 arrays, 17.1 MB stored; 2.2 s; peak memory 152 MiB.
2026-10-09T04:28:18Z INFO [82/1000] 25f094cd-47f8-43a0-8c6e-9feb403c5fff: 59 arrays, 118.7 MB stored; 2.4 s; peak memory 152 MiB.
2026-10-09T04:28:18Z INFO [83/1000] 25f1c686-fe52-4b23-81c6-6226aa23267f: 48 arrays, 83.9 MB stored; 1.7 s; peak memory 152 MiB.
2026-10-09T04:28:19Z INFO [84/1000] 25f27347-4de2-4bfc-a3c5-e39c8af65fa6: 71 arrays, 9.6 MB stored; 2.3 s; peak memory 152 MiB.
2026-10-09T04:28:20Z INFO [85/1000] 25f3f4f0-683a-4b60-afee-4d30c970e195: 117 arrays, 0.4 MB stored; 1.9 s; peak memory 152 MiB.
2026-10-09T04:28:21Z INFO [86/1000] 25f35d26-cde8-4454-a66e-0f4fddf9db6e: 123 arrays, 5.9 MB stored; 3.5 s; peak memory 152 MiB.
2026-10-09T04:28:21Z INFO [87/1000] 25f45fdf-311b-410c-8a6c-47207579b9e9: 52 arrays, 13.0 MB stored; 1.8 s; peak memory 152 MiB.
2026-10-09T04:28:21Z INFO [88/1000] 25f383ac-2ebe-4feb-91e2-700c3f7f402f: 186 arrays, 29.4 MB stored; 3.5 s; peak memory 152 MiB.
2026-10-09T04:28:22Z INFO [89/1000] 25f4775f-8de2-426d-bb2c-34d72579c5ec: 48 arrays, 83.9 MB stored; 1.6 s; peak memory 152 MiB.
2026-10-09T04:28:22Z INFO [90/1000] 25f38bc9-cc48-4a6f-9a7c-9b86810ffc95: 381 arrays, 5.9 MB stored; 3.9 s; peak memory 152 MiB.
2026-10-09T04:28:22Z INFO [91/1000] 25f56705-567e-49b3-b4a4-ebec988a5981: 48 arrays, 83.9 MB stored; 1.6 s; peak memory 152 MiB.
2026-10-09T04:28:22Z INFO [92/1000] 25f5c248-a02b-4f77-bfd1-0895e505ad1a: 46 arrays, 0.0 MB stored; 1.4 s; peak memory 152 MiB.
2026-10-09T04:28:23Z INFO [93/1000] 25f5c817-2255-4025-8f54-60f647af51a2: 48 arrays, 83.9 MB stored; 1.6 s; peak memory 152 MiB.
2026-10-09T04:28:24Z INFO [94/1000] 25f619a1-8c98-4402-897b-5560495bd52d: 118 arrays, 0.3 MB stored; 1.8 s; peak memory 152 MiB.
2026-10-09T04:28:24Z INFO [95/1000] 25f67218-09fb-4827-862e-88d24d8c746c: 48 arrays, 83.9 MB stored; 1.7 s; peak memory 152 MiB.
2026-10-09T04:28:24Z INFO [96/1000] 25f6b796-7c17-46e7-95b3-70d1acb9e89a: 48 arrays, 83.9 MB stored; 1.6 s; peak memory 152 MiB.
2026-10-09T04:28:25Z INFO [97/1000] 25f17b31-4ae8-4eb9-8455-bc48fde1364f: 106 arrays, 8005.0 MB stored; 8.2 s; peak memory 152 MiB.
2026-10-09T04:28:25Z INFO [98/1000] 25f69341-a419-4c98-9725-194f7489ac9a: 112 arrays, 0.5 MB stored; 2.3 s; peak memory 152 MiB.
2026-10-09T04:28:25Z INFO [99/1000] 25f772e2-0823-485c-aa36-60531481eaeb: 56 arrays, 0.0 MB stored; 1.3 s; peak memory 152 MiB.
2026-10-09T04:28:25Z INFO [100/1000] 25f7aa87-c416-4950-9f2d-6be6d7ffe176: 48 arrays, 83.9 MB stored; 1.5 s; peak memory 152 MiB.
2026-10-09T04:28:27Z INFO [101/1000] 25f8197c-4050-4739-b3c1-cfaed1492202: 66 arrays, 13.5 MB stored; 2.0 s; peak memory 152 MiB.
2026-10-09T04:28:27Z INFO [102/1000] 25f8a72b-bd33-4a7e-be31-f5deec864d75: 275 arrays, 17.1 MB stored; 2.2 s; peak memory 152 MiB.
2026-10-09T04:28:28Z INFO [103/1000] 25f90d87-1eb6-4246-ad18-47c3748e104b: 112 arrays, 0.6 MB stored; 2.1 s; peak memory 152 MiB.
2026-10-09T04:28:30Z INFO [104/1000] 25fa0b1f-7d14-4fb6-9c3c-1f4605a813b0: 112 arrays, 0.8 MB stored; 2.3 s; peak memory 152 MiB.
2026-10-09T04:28:30Z INFO [105/1000] 25fa1910-c228-4562-8cf9-2c831f9657cf: 66 arrays, 22.0 MB stored; 2.2 s; peak memory 152 MiB.
2026-10-09T04:28:31Z INFO [106/1000] 25f97a09-491c-4df0-847c-40b6fd7a96bc: 156 arrays, 193.5 MB stored; 4.1 s; peak memory 152 MiB.
2026-10-09T04:28:31Z INFO [107/1000] 25fa3b11-1622-489e-9e2e-9a4f3f839ce4: 48 arrays, 83.9 MB stored; 1.5 s; peak memory 152 MiB.
2026-10-09T04:28:31Z INFO [108/1000] 25fb1f26-eb83-4929-97fd-abffe8e0cc50: 57 arrays, 0.0 MB stored; 1.5 s; peak memory 152 MiB.
2026-10-09T04:28:32Z INFO [109/1000] 25f7bb12-f99a-47ad-ad51-159960012d0e: 447 arrays, 6.8 MB stored; 7.2 s; peak memory 152 MiB.
2026-10-09T04:28:33Z INFO [110/1000] 25fc1a68-5c38-42c7-8049-ea5824694d63: 48 arrays, 83.9 MB stored; 1.5 s; peak memory 152 MiB.
2026-10-09T04:28:33Z INFO [111/1000] 25fc083e-a98e-4f10-94c4-ed2b02289305: 117 arrays, 0.4 MB stored; 2.2 s; peak memory 152 MiB.
2026-10-09T04:28:35Z INFO [112/1000] 25fd0c10-500e-4200-964e-8011b2c0eac9: 72 arrays, 0.0 MB stored; 1.8 s; peak memory 152 MiB.
2026-10-09T04:28:38Z INFO [113/1000] 25fb8653-9fbf-49f6-be9a-06242c76a2c1: 54 arrays, 625.6 MB stored; 6.8 s; peak memory 152 MiB.
2026-10-09T04:28:38Z INFO [114/1000] 25fcde6d-288a-4fdc-ac4d-53f6ae76ddc1: 477 arrays, 4.6 MB stored; 5.1 s; peak memory 152 MiB.
2026-10-09T04:28:39Z INFO [115/1000] 25ff557c-9aa2-48c6-9bbf-9a965b3a591c: 48 arrays, 83.9 MB stored; 1.6 s; peak memory 152 MiB.
2026-10-09T04:28:40Z INFO [116/1000] 25fb79bd-6f9e-457f-8c66-25b9a4974f2c: 935 arrays, 10.9 MB stored; 9.2 s; peak memory 152 MiB.
2026-10-09T04:28:40Z INFO [117/1000] 25ff5a7a-3032-4366-b426-7721147ffab8: 110 arrays, 0.9 MB stored; 2.3 s; peak memory 152 MiB.
2026-10-09T04:28:41Z INFO [118/1000] 25ff6917-dd66-4475-9865-cce6879ede9c: 48 arrays, 83.9 MB stored; 1.6 s; peak memory 152 MiB.
2026-10-09T04:28:42Z INFO [119/1000] 25ffc83c-e87b-4b32-90ce-a37d5a955c46: 81 arrays, 70.4 MB stored; 1.9 s; peak memory 152 MiB.
2026-10-09T04:28:42Z INFO [120/1000] 26002b1e-8aa6-42f1-b11b-9abac45a8480: 46 arrays, 3.3 MB stored; 1.5 s; peak memory 152 MiB.
2026-10-09T04:28:43Z INFO [121/1000] 2600eb57-26dd-429b-bfe9-2dc008df6911: 48 arrays, 83.9 MB stored; 1.6 s; peak memory 152 MiB.
2026-10-09T04:28:43Z INFO [122/1000] 2601c7a7-40cf-459d-8312-5b64f2d006c1: 48 arrays, 83.9 MB stored; 1.5 s; peak memory 152 MiB.
2026-10-09T04:28:45Z INFO [123/1000] 26007c5e-78ab-49e1-b925-09c6dd73fd83: 123 arrays, 5.9 MB stored; 3.7 s; peak memory 152 MiB.
2026-10-09T04:28:45Z INFO [124/1000] 260216e7-1cd1-40fe-9288-7cc1589f66dd: 48 arrays, 83.9 MB stored; 1.7 s; peak memory 152 MiB.
2026-10-09T04:28:47Z INFO [125/1000] 26029548-b4ff-448f-bc89-ee3ce53c53db: 46 arrays, 12.6 MB stored; 1.6 s; peak memory 152 MiB.
2026-10-09T04:28:47Z INFO [126/1000] 25f84e97-f297-4e76-980b-2ec2a932ba62: 278 arrays, 70720.3 MB stored; 22.0 s; peak memory 152 MiB.
2026-10-09T04:28:48Z INFO [127/1000] 26027b75-31c8-47df-a95c-fab17a3ba273: 98 arrays, 152.5 MB stored; 3.1 s; peak memory 152 MiB.
2026-10-09T04:28:48Z INFO [128/1000] 25fe6e19-a2eb-45d6-9e04-e2166d02d203: 1004 arrays, 21.0 MB stored; 13.0 s; peak memory 152 MiB.
2026-10-09T04:28:49Z INFO [129/1000] 260336dc-2458-4f4d-821a-6f4b968126af: 113 arrays, 0.5 MB stored; 2.1 s; peak memory 152 MiB.
2026-10-09T04:28:49Z INFO [130/1000] 2603761f-a204-451f-b06a-d737df0de812: 72 arrays, 1.5 MB stored; 2.1 s; peak memory 152 MiB.
2026-10-09T04:28:50Z INFO [131/1000] 2603fb4a-3ab0-45ac-9365-013a3885195a: 69 arrays, 0.0 MB stored; 1.7 s; peak memory 152 MiB.
2026-10-09T04:28:50Z INFO [132/1000] 26039198-1126-4e89-a7cf-9e8f71659755: 66 arrays, 13.0 MB stored; 2.0 s; peak memory 152 MiB.
2026-10-09T04:28:51Z INFO [133/1000] 26049a2a-70bb-40ad-a539-047729be04dc: 62 arrays, 0.6 MB stored; 1.7 s; peak memory 152 MiB.
2026-10-09T04:28:51Z INFO [134/1000] 26040e66-abd6-4fe4-8018-74124e206bcf: 62 arrays, 3033.5 MB stored; 2.0 s; peak memory 152 MiB.
2026-10-09T04:28:51Z INFO [135/1000] 2604c70f-4dc0-4ed6-88eb-70493e57395c: 46 arrays, 0.2 MB stored; 1.5 s; peak memory 152 MiB.
2026-10-09T04:28:52Z INFO [136/1000] 2604f433-8e5f-4835-8c69-6e2e5ce582a2: 117 arrays, 0.3 MB stored; 1.7 s; peak memory 152 MiB.
2026-10-09T04:28:53Z INFO [137/1000] 2604f359-dc40-494a-8249-9f936fbff123: 37 arrays, 86872.0 MB stored; 1.9 s; peak memory 152 MiB.
2026-10-09T04:28:53Z INFO [138/1000] 26051cd1-85c1-4ef4-a3fb-b9e2831174f2: 116 arrays, 0.2 MB stored; 1.7 s; peak memory 152 MiB.
2026-10-09T04:28:54Z INFO [139/1000] 26056c88-e0e7-4e73-beef-b778e20205de: 118 arrays, 0.4 MB stored; 1.9 s; peak memory 152 MiB.
2026-10-09T04:28:54Z INFO [140/1000] 2604c193-c8b2-4410-8d16-1a4e913f3344: 84 arrays, 679.6 MB stored; 4.7 s; peak memory 152 MiB.
2026-10-09T04:28:55Z INFO [141/1000] 26064365-4ca8-41c9-8eae-499c7975a176: 48 arrays, 83.9 MB stored; 1.6 s; peak memory 152 MiB.
2026-10-09T04:28:55Z INFO [142/1000] 2601e385-10df-41d9-b836-5312d6cde9d5: 705 arrays, 38.2 MB stored; 11.5 s; peak memory 152 MiB.
2026-10-09T04:28:56Z INFO [143/1000] 2606a9fb-4590-467e-958a-4370c08ea88e: 48 arrays, 83.9 MB stored; 1.6 s; peak memory 152 MiB.
2026-10-09T04:28:56Z INFO [144/1000] 26064a8d-5f43-4193-83c6-fb2d3d8f282b: 48 arrays, 83.9 MB stored; 1.9 s; peak memory 152 MiB.
2026-10-09T04:28:57Z INFO [145/1000] 26076298-9d29-4d13-b60c-5cb2ccbbe3ab: 118 arrays, 0.3 MB stored; 1.9 s; peak memory 152 MiB.
2026-10-09T04:28:58Z INFO [146/1000] 2608bf9d-3406-49fe-b4c0-f4bea944b180: 48 arrays, 83.9 MB stored; 1.6 s; peak memory 152 MiB.
2026-10-09T04:29:01Z INFO [147/1000] 2608eeb5-9cd2-44d3-8ccd-164b6705ef22: 112 arrays, 0.4 MB stored; 2.1 s; peak memory 152 MiB.
2026-10-09T04:29:01Z INFO [148/1000] 2606dae7-3704-4a5c-900c-4a89bd7c3b4c: 595 arrays, 9.1 MB stored; 6.8 s; peak memory 152 MiB.
2026-10-09T04:29:03Z INFO [149/1000] 2609d693-3866-403e-98a3-abe16f73d0c7: 117 arrays, 0.3 MB stored; 1.7 s; peak memory 152 MiB.
2026-10-09T04:29:13Z INFO [150/1000] 26088ff6-2608-4abe-9021-6ea3ba06bc4d: 38 arrays, 431.1 MB stored; 16.6 s; peak memory 152 MiB.
2026-10-09T04:29:15Z INFO [151/1000] 260a1a1d-0719-4759-9509-ca4cf7f409bb: 630 arrays, 22.9 MB stored; 11.3 s; peak memory 152 MiB.
2026-10-09T04:29:16Z INFO [152/1000] 26082105-fd5b-4a6e-b5fa-66b1c982acae: 5681 arrays, 1490.3 MB stored; 20.0 s; peak memory 152 MiB.
2026-10-09T04:29:16Z INFO [153/1000] 260afd5b-fb72-4b24-a99b-e6972641001b: 61 arrays, 0.7 MB stored; 1.6 s; peak memory 152 MiB.
2026-10-09T04:29:22Z INFO [154/1000] 260b6dc8-3560-4e59-9298-85be50f37960: 229 arrays, 276.6 MB stored; 6.1 s; peak memory 152 MiB.
2026-10-09T04:29:28Z INFO [155/1000] 260ac2f2-2b05-4ce8-abca-09cd67390acd: 729 arrays, 22.6 MB stored; 15.3 s; peak memory 152 MiB.
2026-10-09T04:29:30Z INFO [156/1000] 260cc648-9a61-4393-a8e3-c8b0f9a5bf45: 117 arrays, 0.6 MB stored; 2.1 s; peak memory 152 MiB.
2026-10-09T04:29:32Z INFO [157/1000] 260d0784-f3c5-440a-836a-0bb541c8043c: 72 arrays, 0.2 MB stored; 1.7 s; peak memory 152 MiB.
2026-10-09T04:29:34Z INFO [158/1000] 260da597-e35d-430a-a5aa-faeadbfb14e7: 48 arrays, 83.9 MB stored; 1.6 s; peak memory 152 MiB.
2026-10-09T04:29:36Z INFO [159/1000] 260e721b-b4f3-4285-8d25-5d3909c0e9aa: 110 arrays, 0.8 MB stored; 1.9 s; peak memory 152 MiB.
2026-10-09T04:29:48Z INFO [160/1000] 2605d601-54f7-4dfd-b92f-bcb110bb09ac: 8891 arrays, 226.2 MB stored; 55.7 s; peak memory 152 MiB.
2026-10-09T04:29:49Z INFO [161/1000] 260bddf8-1633-4738-a7d5-859a2b267c34: 48 arrays, 39487.4 MB stored; 26.7 s; peak memory 152 MiB.
2026-10-09T04:29:50Z INFO [162/1000] 260e9031-e5ea-4411-a3fa-b4b032eda162: 117 arrays, 0.2 MB stored; 1.7 s; peak memory 152 MiB.
2026-10-09T04:29:51Z INFO [163/1000] 260ee4f9-7da6-4fb9-8821-3d3ff65d0802: 112 arrays, 1.0 MB stored; 2.3 s; peak memory 152 MiB.
2026-10-09T04:29:52Z INFO [164/1000] 260f3c39-1d0c-45bc-8436-57e5fc93992f: 116 arrays, 0.2 MB stored; 1.9 s; peak memory 152 MiB.
2026-10-09T04:29:53Z INFO [165/1000] 260f60b8-fc45-45b6-b3a4-30b0556a59d3: 57 arrays, 0.0 MB stored; 1.4 s; peak memory 152 MiB.
2026-10-09T04:29:54Z INFO [166/1000] 2610367f-54a8-4042-8b81-bb4c629fc8ea: 112 arrays, 0.6 MB stored; 2.1 s; peak memory 152 MiB.
2026-10-09T04:29:56Z INFO [167/1000] 26107bea-a4a5-413c-9646-d281bda19ae1: 115 arrays, 190.1 MB stored; 3.3 s; peak memory 152 MiB.
2026-10-09T04:29:56Z INFO [168/1000] 26110193-31d6-44b8-a462-f11d8d76365b: 69 arrays, 71.9 MB stored; 2.1 s; peak memory 152 MiB.
2026-10-09T04:29:58Z INFO [169/1000] 26113dc5-f0a9-417b-a9af-9bae1f269788: 116 arrays, 0.5 MB stored; 1.9 s; peak memory 152 MiB.
2026-10-09T04:29:58Z INFO [170/1000] 261109b5-c626-48ce-9820-7dd46a76cb7e: 64 arrays, 43.0 MB stored; 2.3 s; peak memory 152 MiB.
2026-10-09T04:30:00Z INFO [171/1000] 26118104-34ef-4cb4-9757-2dc6d7a9f4a0: 118 arrays, 0.2 MB stored; 1.7 s; peak memory 152 MiB.
2026-10-09T04:30:01Z INFO [172/1000] 25d7c552-61fd-4582-8d73-354e20729939: 99 arrays, 3126.5 MB stored; 139.9 s; peak memory 152 MiB.
2026-10-09T04:30:13Z INFO [173/1000] 2611c07e-c4c0-4d56-8be7-a806f632e75f: 49 arrays, 9027.3 MB stored; 12.2 s; peak memory 152 MiB.
2026-10-09T04:30:15Z INFO [174/1000] 261220bc-501f-44a1-8d6d-d73518b2cae8: 115 arrays, 0.2 MB stored; 1.7 s; peak memory 152 MiB.
2026-10-09T04:30:19Z INFO [175/1000] 261264d5-ae3f-4a83-8628-cc5a2ea8cbfc: 84 arrays, 650.9 MB stored; 4.5 s; peak memory 152 MiB.
2026-10-09T04:30:21Z INFO [176/1000] 26131536-0a04-493d-bbc1-6994bc5fb241: 77 arrays, 0.0 MB stored; 1.7 s; peak memory 152 MiB.
2026-10-09T04:30:38Z INFO [177/1000] 26132cf0-00fe-4229-8a1d-5fa688432e8e: 44 arrays, 10307.2 MB stored; 16.8 s; peak memory 152 MiB.
2026-10-09T04:30:39Z INFO [178/1000] 26142be5-ea47-49b5-9cf1-bd9d0357c9d3: 38 arrays, 0.5 MB stored; 1.5 s; peak memory 152 MiB.
2026-10-09T04:30:41Z INFO [179/1000] 26144388-85ac-4ea3-88f2-d2e919b9e6c6: 48 arrays, 83.9 MB stored; 1.6 s; peak memory 152 MiB.
2026-10-09T04:30:42Z INFO [180/1000] 25eefd49-eb39-4fe5-8df3-ac8baa575b5f: 167 arrays, 21082.8 MB stored; 148.6 s; peak memory 152 MiB.
2026-10-09T04:30:43Z INFO [181/1000] 2615200f-eae3-4200-9881-a20341d584df: 38 arrays, 0.5 MB stored; 1.5 s; peak memory 152 MiB.
2026-10-09T04:30:44Z INFO [182/1000] 26144a25-8924-4a83-9e7f-619719dd7b1a: 619 arrays, 5.3 MB stored; 3.0 s; peak memory 152 MiB.
2026-10-09T04:30:45Z INFO [183/1000] 26159dc9-adeb-43ee-83a7-ad313184e359: 109 arrays, 0.3 MB stored; 1.8 s; peak memory 152 MiB.
2026-10-09T04:30:45Z INFO [184/1000] 261628a8-66c6-45fd-89f4-66e54c4a0cb2: 48 arrays, 83.9 MB stored; 1.6 s; peak memory 152 MiB.
2026-10-09T04:30:47Z INFO [185/1000] 26163e82-920c-430c-b967-b95de014d793: 110 arrays, 1.0 MB stored; 2.1 s; peak memory 152 MiB.
2026-10-09T04:30:48Z INFO [186/1000] 26176d81-3e46-4eca-9bf3-f1b6830396a0: 112 arrays, 1.0 MB stored; 2.2 s; peak memory 152 MiB.
2026-10-09T04:30:49Z INFO [187/1000] 26184cff-15d0-4227-a5f5-84b28c1425bc: 52 arrays, 16.8 MB stored; 1.7 s; peak memory 152 MiB.
2026-10-09T04:30:50Z INFO [188/1000] 26181ed7-4efe-451c-8696-ed4f5da378de: 71 arrays, 92.9 MB stored; 2.6 s; peak memory 152 MiB.
2026-10-09T04:30:51Z INFO [189/1000] 26185612-5d62-468b-9dc0-72f1c0fc3ac9: 48 arrays, 83.9 MB stored; 1.6 s; peak memory 152 MiB.
2026-10-09T04:30:51Z INFO [190/1000] 2619224c-8794-48d6-9ca3-5bcb560ec251: 68 arrays, 0.1 MB stored; 1.7 s; peak memory 152 MiB.
2026-10-09T04:30:53Z INFO [191/1000] 2619b791-d944-40da-a08f-7d0e6b5fb635: 52 arrays, 10.3 MB stored; 1.7 s; peak memory 152 MiB.
2026-10-09T04:30:54Z INFO [192/1000] 2619813a-4423-4492-a794-fe6432527c8c: 150 arrays, 337.9 MB stored; 3.5 s; peak memory 152 MiB.
2026-10-09T04:30:55Z INFO [193/1000] 2619f947-6e5e-4d94-8cb2-266fb2e9efd2: 48 arrays, 83.9 MB stored; 1.5 s; peak memory 152 MiB.
2026-10-09T04:30:56Z INFO [194/1000] 261abf76-1be0-49c4-ae60-da62700b1a59: 48 arrays, 83.9 MB stored; 1.8 s; peak memory 152 MiB.
2026-10-09T04:30:58Z INFO [195/1000] 261b1f65-0151-483a-b2ed-7bd544689b3e: 48 arrays, 83.9 MB stored; 1.6 s; peak memory 152 MiB.
2026-10-09T04:31:03Z INFO [196/1000] 261a98e9-609d-481a-9a6d-b633c6597e12: 538 arrays, 7.2 MB stored; 8.2 s; peak memory 152 MiB.
2026-10-09T04:31:04Z INFO [197/1000] 261ba73c-e6d8-4bc2-9735-62dd91b23c27: 117 arrays, 0.3 MB stored; 1.7 s; peak memory 152 MiB.
2026-10-09T04:31:04Z INFO [198/1000] 261b4360-4e09-4888-9f99-de67aa505738: 223 arrays, 234.9 MB stored; 6.4 s; peak memory 152 MiB.
2026-10-09T04:31:06Z INFO [199/1000] 261c9f47-cab6-4e82-8b28-2abc3af8ffc6: 46 arrays, 0.6 MB stored; 1.6 s; peak memory 152 MiB.
2026-10-09T04:31:07Z INFO [200/1000] 261be473-f29d-4340-a752-8ae8909ebae5: 71 arrays, 35.9 MB stored; 2.4 s; peak memory 152 MiB.
2026-10-09T04:31:07Z INFO [200/1000] 261be473-f29d-4340-a752-8ae8909ebae5: checkpointed 200 new records.
2026-10-09T04:31:07Z INFO [201/1000] 2611a969-fca5-4613-bb8b-67de975ce5ae: 110 arrays, 4590.3 MB stored; 67.0 s; peak memory 195 MiB.
2026-10-09T04:31:07Z INFO [202/1000] 261d25e9-c26c-43c0-9daf-d3cf599daab5: 48 arrays, 83.9 MB stored; 1.5 s; peak memory 195 MiB.
2026-10-09T04:31:09Z INFO [203/1000] 261e4c17-e46e-4c86-b16d-b88c5a535072: 43 arrays, 153.0 MB stored; 1.7 s; peak memory 195 MiB.
2026-10-09T04:31:09Z INFO [204/1000] 261e8dbf-d8a9-4ada-8a67-df7cf28eed33: 48 arrays, 83.9 MB stored; 1.6 s; peak memory 195 MiB.
2026-10-09T04:31:10Z INFO [205/1000] 261ecdec-192d-428e-af4f-b9b80e4822d8: 48 arrays, 83.9 MB stored; 1.6 s; peak memory 195 MiB.
2026-10-09T04:31:14Z INFO [206/1000] 261f6c43-23fb-47a3-a056-3a5865baf67a: 90 arrays, 326.1 MB stored; 3.6 s; peak memory 195 MiB.
2026-10-09T04:31:15Z INFO [207/1000] 261d4800-e043-4c50-a8d1-7fa434789357: 1041 arrays, 13.6 MB stored; 8.5 s; peak memory 195 MiB.
2026-10-09T04:31:15Z INFO [208/1000] 262010e3-65f7-434f-ae32-521884bd0888: 48 arrays, 83.9 MB stored; 1.6 s; peak memory 195 MiB.
2026-10-09T04:31:19Z INFO [209/1000] 2620887c-153e-4198-a3cd-eb409e5654d2: 71 arrays, 124.7 MB stored; 3.1 s; peak memory 195 MiB.
2026-10-09T04:31:19Z INFO [210/1000] 2620533d-b388-4324-a2fe-ca97b2ca4ddd: 154 arrays, 484.8 MB stored; 3.7 s; peak memory 195 MiB.
2026-10-09T04:31:22Z INFO [211/1000] 26217408-60df-45bd-abd0-f8193ff8c24d: 118 arrays, 24.4 MB stored; 3.0 s; peak memory 195 MiB.
2026-10-09T04:31:23Z INFO [212/1000] 261f196e-6997-4156-8ea2-8e10c888446c: 881 arrays, 23.9 MB stored; 14.0 s; peak memory 195 MiB.
2026-10-09T04:31:25Z INFO [213/1000] 2621eaf1-b4df-42ff-bd93-059c14a77dd9: 49 arrays, 643.8 MB stored; 2.8 s; peak memory 195 MiB.
2026-10-09T04:31:25Z INFO [214/1000] 2620a904-4c8a-4f26-ad49-bd7c5f683f0f: 513 arrays, 9.8 MB stored; 6.1 s; peak memory 195 MiB.
2026-10-09T04:31:25Z INFO [215/1000] 26223f4e-379d-4457-afe3-c84a92fdce80: 51 arrays, 3394.3 MB stored; 2.1 s; peak memory 195 MiB.
2026-10-09T04:31:27Z INFO [216/1000] 26226d18-78b1-4cb6-b471-6aaac3446871: 110 arrays, 0.7 MB stored; 2.2 s; peak memory 195 MiB.
2026-10-09T04:31:27Z INFO [217/1000] 2622d8a6-4be2-4303-b682-e4a2e38125d8: 117 arrays, 0.3 MB stored; 1.7 s; peak memory 195 MiB.
2026-10-09T04:31:28Z INFO [218/1000] 262490e8-b656-415a-9a0b-4eafdc0410a8: 47 arrays, 7.5 MB stored; 1.5 s; peak memory 195 MiB.
2026-10-09T04:31:29Z INFO [219/1000] 26245d4e-b629-4561-abce-d3e3ff6816e6: 49 arrays, 630.1 MB stored; 2.5 s; peak memory 195 MiB.
2026-10-09T04:31:30Z INFO [220/1000] 26249220-40ca-49f9-83cb-34a5974497e5: 48 arrays, 83.9 MB stored; 1.5 s; peak memory 195 MiB.
2026-10-09T04:31:32Z INFO [221/1000] 26226d32-e4a1-4c21-bf8f-53dcae9cfb54: 538 arrays, 8.2 MB stored; 7.8 s; peak memory 195 MiB.
2026-10-09T04:31:33Z INFO [222/1000] 2624fcae-3ee8-4e7e-bcb0-117e5c6d37e5: 71 arrays, 138.0 MB stored; 2.9 s; peak memory 195 MiB.
2026-10-09T04:31:34Z INFO [223/1000] 2625670f-bada-4269-b35d-f4e0dcf2100b: 48 arrays, 83.9 MB stored; 1.7 s; peak memory 195 MiB.
2026-10-09T04:31:35Z INFO [224/1000] 2625f186-7edf-498f-87c9-b88caca6d355: 84 arrays, 1.4 MB stored; 2.0 s; peak memory 195 MiB.
2026-10-09T04:31:36Z INFO [225/1000] 26260bb3-85cd-436d-ab89-ec4e3fdffca6: 116 arrays, 0.4 MB stored; 1.8 s; peak memory 195 MiB.
2026-10-09T04:31:37Z INFO [226/1000] 26282890-bcd9-473b-913e-3fa6cb2d0bc8: 48 arrays, 83.9 MB stored; 1.4 s; peak memory 195 MiB.
2026-10-09T04:31:39Z INFO [227/1000] 2624bca2-8d05-4244-ad1f-f52b6685f010: 300 arrays, 18203.3 MB stored; 9.5 s; peak memory 195 MiB.
2026-10-09T04:31:39Z INFO [228/1000] 262868bc-4bc0-46a3-9b05-03e34680f71e: 57 arrays, 0.0 MB stored; 1.4 s; peak memory 195 MiB.
2026-10-09T04:31:40Z INFO [229/1000] 262657f2-2336-4d47-846f-2186b2d4a886: 555 arrays, 6.1 MB stored; 5.5 s; peak memory 195 MiB.
2026-10-09T04:31:41Z INFO [230/1000] 26289f74-9ed4-4ab6-bcd5-3c87f58b74b0: 48 arrays, 83.9 MB stored; 1.7 s; peak memory 195 MiB.
2026-10-09T04:31:41Z INFO [231/1000] 26287e18-3b75-4a87-a0b4-d153f888b35a: 57 arrays, 623.7 MB stored; 2.6 s; peak memory 195 MiB.
2026-10-09T04:31:42Z INFO [232/1000] 2628d27c-cd9b-4610-aace-af41916f4a60: 117 arrays, 0.3 MB stored; 1.7 s; peak memory 195 MiB.
2026-10-09T04:31:44Z INFO [233/1000] 262951ce-ceb6-4e50-b75d-1c56a8f29c5b: 37 arrays, 0.0 MB stored; 1.3 s; peak memory 195 MiB.
2026-10-09T04:31:46Z INFO [234/1000] 26295d9e-098b-4192-a44f-a02c62e3cf17: 132 arrays, 1.9 MB stored; 2.0 s; peak memory 195 MiB.
2026-10-09T04:31:46Z INFO [235/1000] 260b268b-7d6a-44b9-a237-6a05fc381a1f: 167 arrays, 21080.6 MB stored; 150.1 s; peak memory 195 MiB.
2026-10-09T04:31:48Z INFO [236/1000] 2629b64a-9171-49d3-8e80-ed69c8d0522d: 117 arrays, 0.4 MB stored; 2.1 s; peak memory 195 MiB.
2026-10-09T04:31:48Z INFO [237/1000] 262972c9-26be-4d14-9828-f05b55362c2e: 53 arrays, 767.8 MB stored; 2.7 s; peak memory 195 MiB.
2026-10-09T04:31:48Z INFO [238/1000] 2628ecc4-5e99-482e-917b-1c0630993e17: 812 arrays, 17.7 MB stored; 7.0 s; peak memory 195 MiB.
2026-10-09T04:31:50Z INFO [239/1000] 2628b9c3-633e-4a35-a01f-18674a94bdaa: 61 arrays, 423.9 MB stored; 9.5 s; peak memory 195 MiB.
2026-10-09T04:31:50Z INFO [240/1000] 2629c6d1-f8db-427a-84bb-cab8fdda3789: 51 arrays, 3.8 MB stored; 1.7 s; peak memory 195 MiB.
2026-10-09T04:31:51Z INFO [241/1000] 262a4117-3214-4d40-a556-2e3810edfdcb: 112 arrays, 0.6 MB stored; 2.2 s; peak memory 195 MiB.
2026-10-09T04:31:52Z INFO [242/1000] 262a8d3b-f06b-4376-ad0b-eb40866a27ba: 112 arrays, 0.7 MB stored; 2.3 s; peak memory 195 MiB.
2026-10-09T04:31:52Z INFO [243/1000] 262ad89c-3221-4d47-a3c2-16e56bbfa2e6: 48 arrays, 83.9 MB stored; 1.6 s; peak memory 195 MiB.
2026-10-09T04:31:54Z INFO [244/1000] 262b8aae-fa00-44d6-a060-cf84b8f9d4b3: 118 arrays, 0.3 MB stored; 1.9 s; peak memory 195 MiB.
2026-10-09T04:31:56Z INFO [245/1000] 262b8b57-3010-4a1e-a333-5942102a4d4b: 112 arrays, 1.0 MB stored; 2.1 s; peak memory 195 MiB.
2026-10-09T04:31:57Z INFO [246/1000] 262a6b60-8ff4-413b-a55a-65ed26e76f1c: 644 arrays, 6.9 MB stored; 6.8 s; peak memory 195 MiB.
2026-10-09T04:31:57Z INFO [247/1000] 262a007a-da87-420a-892f-565dfc4ad627: 755 arrays, 23.9 MB stored; 8.9 s; peak memory 195 MiB.
2026-10-09T04:31:58Z INFO [248/1000] 262baf50-b96a-4fe3-8b89-701b3bb243e6: 52 arrays, 2932.8 MB stored; 2.0 s; peak memory 195 MiB.
2026-10-09T04:31:59Z INFO [249/1000] 262c516d-76f6-4e1e-955e-ddcde77c9722: 48 arrays, 83.9 MB stored; 1.6 s; peak memory 195 MiB.
2026-10-09T04:31:59Z INFO [250/1000] 262c4f3a-d4c2-4053-80c7-157b32a323f9: 118 arrays, 0.3 MB stored; 2.2 s; peak memory 195 MiB.
2026-10-09T04:31:59Z INFO [251/1000] 262c6bdf-744d-40a9-a457-ecc24b8fb57a: 33 arrays, 0.0 MB stored; 1.3 s; peak memory 195 MiB.
2026-10-09T04:32:01Z INFO [252/1000] 262da599-055f-467e-bbc6-a7597c56f7ad: 117 arrays, 0.4 MB stored; 2.1 s; peak memory 195 MiB.
2026-10-09T04:32:01Z INFO [253/1000] 260e85e1-f813-4e92-9fe2-edaeefb7e136: 280 arrays, 19758.2 MB stored; 145.5 s; peak memory 195 MiB.
2026-10-09T04:32:02Z INFO [254/1000] 262e3b5e-88d8-41f1-8c3d-823ce1701eda: 64 arrays, 194.0 MB stored; 2.7 s; peak memory 195 MiB.
2026-10-09T04:32:03Z INFO [255/1000] 262ec6cf-b72c-4298-8455-a9b4576abc4f: 48 arrays, 83.9 MB stored; 1.7 s; peak memory 195 MiB.
2026-10-09T04:32:03Z INFO [256/1000] 262ede7b-cb30-4775-8f55-01420141c116: 70 arrays, 25.8 MB stored; 2.1 s; peak memory 195 MiB.
2026-10-09T04:32:04Z INFO [257/1000] 262f83a3-cbbc-4ad3-a5b4-17617e0ed927: 112 arrays, 0.6 MB stored; 2.2 s; peak memory 195 MiB.
2026-10-09T04:32:04Z INFO [258/1000] 26302064-b270-47c6-9e2f-8612fe9a3e6f: 77 arrays, 0.2 MB stored; 1.6 s; peak memory 195 MiB.
2026-10-09T04:32:05Z INFO [259/1000] 26305ba2-da77-41cb-911a-2b8a30bfbdfc: 52 arrays, 12.1 MB stored; 1.8 s; peak memory 195 MiB.
2026-10-09T04:32:05Z INFO [260/1000] 2631872d-7c28-4060-b8a9-a8ed33dd8b4d: 48 arrays, 83.9 MB stored; 1.6 s; peak memory 195 MiB.
2026-10-09T04:32:07Z INFO [261/1000] 2631c660-7e5b-4bbd-8c6a-97941cb60c6c: 46 arrays, 0.1 MB stored; 1.3 s; peak memory 195 MiB.
2026-10-09T04:32:08Z INFO [262/1000] 2631a542-f865-48a5-b39e-beb7dc14ea5b: 114 arrays, 186.8 MB stored; 3.3 s; peak memory 195 MiB.
2026-10-09T04:32:09Z INFO [263/1000] 263251ab-0273-40fb-8d7d-0e09e8cf8266: 117 arrays, 0.6 MB stored; 2.0 s; peak memory 195 MiB.
2026-10-09T04:32:10Z INFO [264/1000] 263199cf-ef32-464f-9f64-b48ed5e51637: 478 arrays, 6.2 MB stored; 5.9 s; peak memory 195 MiB.
2026-10-09T04:32:10Z INFO [265/1000] 26329a0d-abf5-4725-890e-14e43743b26a: 158 arrays, 0.5 MB stored; 2.0 s; peak memory 195 MiB.
2026-10-09T04:32:11Z INFO [266/1000] 2632feb5-dd41-40d0-ac96-4d0693a6a99b: 112 arrays, 0.7 MB stored; 2.1 s; peak memory 195 MiB.
2026-10-09T04:32:11Z INFO [267/1000] 262e518e-66f2-4d49-85f4-dfb3d11358a9: 108 arrays, 84.6 MB stored; 11.9 s; peak memory 195 MiB.
2026-10-09T04:32:12Z INFO [268/1000] 26330167-5223-4797-b1a2-f97922ed1031: 50 arrays, 2.0 MB stored; 1.5 s; peak memory 195 MiB.
2026-10-09T04:32:13Z INFO [269/1000] 2633bd6a-b95d-43f8-bab7-2014aad8609d: 54 arrays, 8673.0 MB stored; 2.0 s; peak memory 195 MiB.
2026-10-09T04:32:13Z INFO [270/1000] 26347cc6-44bc-43af-b87b-d76f8bdc47e5: 41 arrays, 8.4 MB stored; 1.6 s; peak memory 195 MiB.
2026-10-09T04:32:14Z INFO [271/1000] 26350910-afc7-4771-bc1b-a7ce35323686: 54 arrays, 0.0 MB stored; 1.4 s; peak memory 195 MiB.
2026-10-09T04:32:14Z INFO [272/1000] 2636b045-b896-4965-a67b-be7488f0b392: 57 arrays, 0.0 MB stored; 1.4 s; peak memory 195 MiB.
2026-10-09T04:32:16Z INFO [273/1000] 2636e166-4d04-4e10-b4f8-5a5ec157e1c2: 48 arrays, 83.9 MB stored; 1.6 s; peak memory 195 MiB.
2026-10-09T04:32:16Z INFO [274/1000] 2637093a-8231-431d-94f0-78fc7f3dc416: 48 arrays, 83.9 MB stored; 1.7 s; peak memory 195 MiB.
2026-10-09T04:32:17Z INFO [275/1000] 26348fb4-0236-45b5-baa8-be1625595c00: 588 arrays, 6.4 MB stored; 5.8 s; peak memory 195 MiB.
2026-10-09T04:32:18Z INFO [276/1000] 26376927-1eb2-470b-b7af-b416b7207ceb: 66 arrays, 53.0 MB stored; 2.2 s; peak memory 195 MiB.
2026-10-09T04:32:19Z INFO [277/1000] 2637e2cf-d6a1-4357-b347-45ac2e2be242: 45 arrays, 0.0 MB stored; 1.3 s; peak memory 195 MiB.
2026-10-09T04:32:20Z INFO [278/1000] 263867fd-5164-488f-ab63-b271d2537f31: 40 arrays, 1.0 MB stored; 1.7 s; peak memory 195 MiB.
2026-10-09T04:32:21Z INFO [279/1000] 263821f7-f385-4e8e-9a58-ee090e91784a: 90 arrays, 162.7 MB stored; 3.1 s; peak memory 195 MiB.
2026-10-09T04:32:21Z INFO [280/1000] 263796c8-68e5-4118-9017-526877806448: 111 arrays, 427.0 MB stored; 5.2 s; peak memory 195 MiB.
2026-10-09T04:32:22Z INFO [281/1000] 2638bcb4-cdc3-403c-99ac-d80827b5fd36: 112 arrays, 0.2 MB stored; 1.7 s; peak memory 195 MiB.
2026-10-09T04:32:23Z INFO [282/1000] 26398402-5ca0-4b6d-8a17-eaf1d115fcb2: 33 arrays, 0.0 MB stored; 1.5 s; peak memory 195 MiB.
2026-10-09T04:32:23Z INFO [283/1000] 263387de-a8d0-4f94-b459-a1f3374195c9: 1028 arrays, 32.0 MB stored; 12.7 s; peak memory 195 MiB.
2026-10-09T04:32:25Z INFO [284/1000] 2639a65a-43cf-4aa9-a49b-e953e9cbd274: 71 arrays, 83.5 MB stored; 2.7 s; peak memory 195 MiB.
2026-10-09T04:32:26Z INFO [285/1000] 263a7aba-6672-48a7-be55-ce97c50c98d1: 48 arrays, 83.9 MB stored; 1.6 s; peak memory 195 MiB.
2026-10-09T04:32:28Z INFO [286/1000] 26394168-411c-4d5a-bb87-b2528e65ec29: 208 arrays, 212.4 MB stored; 7.0 s; peak memory 195 MiB.
2026-10-09T04:32:30Z INFO [287/1000] 263ac3e8-de5a-4996-bd0a-7fae5065a701: 48 arrays, 83.9 MB stored; 1.7 s; peak memory 195 MiB.
2026-10-09T04:32:33Z INFO [288/1000] 263a1a88-c81d-4ec6-8430-e86f68c55e14: 11477 arrays, 178.1 MB stored; 10.3 s; peak memory 195 MiB.
2026-10-09T04:32:35Z INFO [289/1000] 263ab16f-4a8b-428b-b557-e03daaaffca5: 219 arrays, 960.5 MB stored; 8.6 s; peak memory 195 MiB.
2026-10-09T04:32:35Z INFO [290/1000] 263b8fd4-55ff-4be0-b5fe-71a37068284c: 118 arrays, 0.4 MB stored; 2.1 s; peak memory 195 MiB.
2026-10-09T04:32:37Z INFO [291/1000] 263bd5a6-9497-4ca1-8d90-bb1ac0916156: 48 arrays, 83.9 MB stored; 1.6 s; peak memory 195 MiB.
2026-10-09T04:32:37Z INFO [292/1000] 263bbccf-edca-4607-a787-dc85e6c58594: 78 arrays, 0.3 MB stored; 1.8 s; peak memory 195 MiB.
2026-10-09T04:32:39Z INFO [293/1000] 263bf562-a416-4a24-9231-b33f7a029c72: 275 arrays, 17.1 MB stored; 2.2 s; peak memory 195 MiB.
2026-10-09T04:32:41Z INFO [294/1000] 263c01db-fd37-4a7b-9668-a3e66876b64d: 184 arrays, 241.6 MB stored; 4.8 s; peak memory 195 MiB.
2026-10-09T04:32:44Z INFO [295/1000] 263c6543-4021-4d24-951d-d6cfd71ffde1: 45 arrays, 640.3 MB stored; 2.2 s; peak memory 195 MiB.
2026-10-09T04:32:45Z INFO [296/1000] 263cc93f-e890-404f-bbb1-82ae5fc5db5f: 117 arrays, 0.3 MB stored; 1.8 s; peak memory 195 MiB.
2026-10-09T04:32:47Z INFO [297/1000] 263dd990-db14-48b7-87b1-d95cbf39c19f: 117 arrays, 0.6 MB stored; 2.0 s; peak memory 195 MiB.
2026-10-09T04:32:54Z INFO [298/1000] 263de726-80d1-4817-889d-d9becc90b226: 223 arrays, 363.0 MB stored; 6.5 s; peak memory 195 MiB.
2026-10-09T04:32:56Z INFO [299/1000] 263e5e2b-73fc-411e-8f6a-ffcf4ca68646: 117 arrays, 0.3 MB stored; 1.7 s; peak memory 195 MiB.
2026-10-09T04:32:57Z INFO [300/1000] 263ae307-16d8-4e6b-9e46-24c8a8a51d89: 48 arrays, 38375.8 MB stored; 27.2 s; peak memory 195 MiB.
2026-10-09T04:32:59Z INFO [301/1000] 263fc4ee-0671-40d9-87f0-9ebddaed28f3: 52 arrays, 14.0 MB stored; 1.8 s; peak memory 195 MiB.
2026-10-09T04:33:00Z INFO [302/1000] 263f09ae-50b0-4cc1-bc9a-f6ad2aa82f24: 156 arrays, 193.5 MB stored; 4.1 s; peak memory 195 MiB.
2026-10-09T04:33:01Z INFO [303/1000] 263ff395-b256-48de-b30f-39caaa690359: 116 arrays, 0.5 MB stored; 1.9 s; peak memory 195 MiB.
2026-10-09T04:33:01Z INFO [304/1000] 264074e6-d0f0-4472-a95a-ca73c4d0396e: 46 arrays, 0.0 MB stored; 1.3 s; peak memory 195 MiB.
2026-10-09T04:33:02Z INFO [305/1000] 25f678c2-67fc-4bdf-8d9e-94764c191857: 292 arrays, 40759.2 MB stored; 279.7 s; peak memory 195 MiB.
2026-10-09T04:33:02Z INFO [306/1000] 2640b4f1-6611-4282-9983-8a27ad2bbdc3: 48 arrays, 83.9 MB stored; 1.5 s; peak memory 195 MiB.
2026-10-09T04:33:03Z INFO [307/1000] 264187eb-877d-43be-809e-d8452cdda197: 118 arrays, 0.3 MB stored; 1.9 s; peak memory 195 MiB.
2026-10-09T04:33:04Z INFO [308/1000] 26427dcc-107a-4f2c-b39b-b789a6c59494: 38 arrays, 0.5 MB stored; 1.5 s; peak memory 195 MiB.
2026-10-09T04:33:04Z INFO [309/1000] 26429e2f-abd2-47b3-8070-43281e4d59e7: 128 arrays, 0.8 MB stored; 1.8 s; peak memory 195 MiB.
2026-10-09T04:33:04Z INFO [310/1000] 2645488e-5963-4133-b5ab-8d507c442a3f: 48 arrays, 83.9 MB stored; 1.6 s; peak memory 195 MiB.
2026-10-09T04:33:06Z INFO [311/1000] 26460dff-7839-4cf2-8d2a-616cbb890c03: 67 arrays, 2.4 MB stored; 1.9 s; peak memory 195 MiB.
2026-10-09T04:33:08Z INFO [312/1000] 26455039-22bf-4c24-83e4-7c2e6e21d6d4: 156 arrays, 193.4 MB stored; 4.0 s; peak memory 195 MiB.
2026-10-09T04:33:08Z INFO [313/1000] 263c0f6f-48f2-4ffa-9ff3-526179edf325: 48 arrays, 42683.3 MB stored; 28.8 s; peak memory 195 MiB.
2026-10-09T04:33:08Z INFO [314/1000] 2646547f-0468-409e-9299-dc4b2b263a54: 117 arrays, 0.2 MB stored; 1.8 s; peak memory 195 MiB.
2026-10-09T04:33:08Z INFO [315/1000] 264619f9-4115-4786-a1d8-b9e1da410f2d: 116 arrays, 187.1 MB stored; 3.5 s; peak memory 195 MiB.
2026-10-09T04:33:09Z INFO [316/1000] 26468e82-8998-4db1-8fa1-d2ea5f125daa: 62 arrays, 60.5 MB stored; 1.9 s; peak memory 195 MiB.
2026-10-09T04:33:10Z INFO [317/1000] 2646e4d6-e254-4c31-acaf-014059530e85: 50 arrays, 3.7 MB stored; 1.5 s; peak memory 195 MiB.
2026-10-09T04:33:10Z INFO [318/1000] 2646cbb8-0228-44f9-8d19-9dbd8b21512c: 112 arrays, 0.5 MB stored; 2.0 s; peak memory 195 MiB.
2026-10-09T04:33:11Z INFO [319/1000] 26475615-3e93-4ca9-9559-2ad46a416b49: 52 arrays, 0.0 MB stored; 1.5 s; peak memory 195 MiB.
2026-10-09T04:33:11Z INFO [320/1000] 2647a143-b15b-4209-99d4-6f527aafeed0: 45 arrays, 0.0 MB stored; 1.5 s; peak memory 195 MiB.
2026-10-09T04:33:11Z INFO [321/1000] 2648d505-0fd6-430a-9c52-9c634aaa06f8: 48 arrays, 83.9 MB stored; 1.6 s; peak memory 195 MiB.
2026-10-09T04:33:12Z INFO [322/1000] 26490421-fa07-4664-a67b-eb753838da95: 31 arrays, 0.0 MB stored; 1.4 s; peak memory 195 MiB.
2026-10-09T04:33:13Z INFO [323/1000] 2648f969-f951-4eb9-95dd-79881e712144: 48 arrays, 83.9 MB stored; 1.6 s; peak memory 195 MiB.
2026-10-09T04:33:14Z INFO [324/1000] 26497497-d762-4437-9740-284bf8098815: 117 arrays, 0.3 MB stored; 1.9 s; peak memory 195 MiB.
2026-10-09T04:33:16Z INFO [325/1000] 264ca39e-e403-45b2-bc55-e3eeedadee66: 48 arrays, 83.9 MB stored; 1.6 s; peak memory 195 MiB.
2026-10-09T04:33:18Z INFO [326/1000] 2646b019-7395-4912-ae50-63cceef78daa: 1043 arrays, 25.8 MB stored; 10.3 s; peak memory 195 MiB.
2026-10-09T04:33:21Z INFO [327/1000] 264e7acc-6407-41cf-9826-b535f970fad6: 71 arrays, 223.0 MB stored; 2.6 s; peak memory 195 MiB.
2026-10-09T04:33:22Z INFO [328/1000] 264ea263-ebd0-4eff-81a5-844a7f4f9bde: 84 arrays, 2.2 MB stored; 1.8 s; peak memory 195 MiB.
2026-10-09T04:33:24Z INFO [329/1000] 26495aad-a58d-46e8-ab64-4d3d1012878e: 1428 arrays, 27.9 MB stored; 12.6 s; peak memory 195 MiB.
2026-10-09T04:33:24Z INFO [330/1000] 264eaf54-e6e4-44bd-bfe7-a3bf79b23bab: 67 arrays, 2.6 MB stored; 1.7 s; peak memory 195 MiB.
2026-10-09T04:33:26Z INFO [331/1000] 264eb998-c2c3-4a78-be18-3e7d64f9a8f2: 48 arrays, 83.9 MB stored; 1.6 s; peak memory 195 MiB.
2026-10-09T04:33:26Z INFO [332/1000] 264f44c8-15a9-49e5-9397-c703feeda4ed: 112 arrays, 0.6 MB stored; 1.9 s; peak memory 195 MiB.
2026-10-09T04:33:28Z INFO [333/1000] 264fb67c-1fe9-4553-94e0-db5f2833f66d: 46 arrays, 2168.2 MB stored; 2.2 s; peak memory 195 MiB.
2026-10-09T04:33:28Z INFO [334/1000] 2650940c-6ae8-4d07-a157-eca1dab6a510: 112 arrays, 0.6 MB stored; 2.0 s; peak memory 195 MiB.
2026-10-09T04:33:29Z INFO [335/1000] 264d2c5a-a1ff-4eec-971a-85e67f3ae30e: 106 arrays, 19561.1 MB stored; 12.7 s; peak memory 195 MiB.
2026-10-09T04:33:29Z INFO [336/1000] 2650a698-2428-4b23-801e-3bac32c31b68: 48 arrays, 83.9 MB stored; 1.5 s; peak memory 195 MiB.
2026-10-09T04:33:30Z INFO [337/1000] 26513698-301b-4f02-a77b-fc0f63bf733e: 49 arrays, 8.1 MB stored; 1.8 s; peak memory 195 MiB.
2026-10-09T04:33:30Z INFO [338/1000] 26516a17-6098-4523-a427-533dd0cb2f1e: 46 arrays, 0.1 MB stored; 1.4 s; peak memory 195 MiB.
2026-10-09T04:33:31Z INFO [339/1000] 2651dd54-3ac4-4493-9861-f4467e72061f: 49 arrays, 4.7 MB stored; 2.1 s; peak memory 195 MiB.
2026-10-09T04:33:32Z INFO [340/1000] 2651f830-cd83-412d-b45b-b7ebfd708050: 117 arrays, 0.3 MB stored; 1.8 s; peak memory 195 MiB.
2026-10-09T04:33:32Z INFO [341/1000] 26520f56-ae6d-4fff-9353-859af607772c: 112 arrays, 0.5 MB stored; 2.0 s; peak memory 195 MiB.
2026-10-09T04:33:33Z INFO [342/1000] 26538828-2082-4d16-831f-09a826e9504e: 48 arrays, 83.9 MB stored; 1.7 s; peak memory 195 MiB.
2026-10-09T04:33:34Z INFO [343/1000] 2653c5cd-ef3d-4ed4-ba31-0b4a246851ff: 39 arrays, 3.9 MB stored; 1.8 s; peak memory 195 MiB.
2026-10-09T04:33:34Z INFO [344/1000] 2653a22f-ea82-46be-a1f8-0cdeef7d6655: 53 arrays, 9.1 MB stored; 2.7 s; peak memory 195 MiB.
2026-10-09T04:33:35Z INFO [345/1000] 26546c92-b1bc-4b2c-97ed-7e1963da095b: 41 arrays, 8.4 MB stored; 1.6 s; peak memory 195 MiB.
2026-10-09T04:33:35Z INFO [346/1000] 26549838-f57e-4daf-9c28-29b919c6a20c: 84 arrays, 0.1 MB stored; 1.5 s; peak memory 195 MiB.
2026-10-09T04:33:36Z INFO [347/1000] 2654a2b0-a898-4324-9aeb-91390f431e97: 117 arrays, 0.3 MB stored; 1.8 s; peak memory 195 MiB.
2026-10-09T04:33:36Z INFO [348/1000] 2654a702-b924-4c21-8027-c26c88e94d7b: 41 arrays, 8.4 MB stored; 1.5 s; peak memory 195 MiB.
2026-10-09T04:33:38Z INFO [349/1000] 26555218-df60-4ee0-950f-d93a48e40fa4: 49 arrays, 1464.8 MB stored; 2.5 s; peak memory 195 MiB.
2026-10-09T04:33:38Z INFO [350/1000] 2655883b-7dc4-4124-8981-be9fcb55062f: 117 arrays, 0.3 MB stored; 2.0 s; peak memory 195 MiB.
2026-10-09T04:33:38Z INFO [351/1000] 26555d55-8088-4776-99fd-1d02d9bcdcf0: 69 arrays, 24.0 MB stored; 2.1 s; peak memory 195 MiB.
2026-10-09T04:33:40Z INFO [352/1000] 26558f9a-d871-4a7a-8c70-5d43f1d20c95: 112 arrays, 0.1 MB stored; 1.7 s; peak memory 195 MiB.
2026-10-09T04:33:40Z INFO [353/1000] 2656ef9f-5e48-426a-a53f-2b5704e582f0: 48 arrays, 83.9 MB stored; 1.6 s; peak memory 195 MiB.
2026-10-09T04:33:41Z INFO [354/1000] 265709ad-ce6f-4a3e-aced-75c5fe160196: 48 arrays, 83.9 MB stored; 1.5 s; peak memory 195 MiB.
2026-10-09T04:33:42Z INFO [355/1000] 2656f86f-0833-4518-a224-b9ff6bbfef4a: 289 arrays, 17.1 MB stored; 2.2 s; peak memory 195 MiB.
2026-10-09T04:33:42Z INFO [356/1000] 2656b8ac-3278-4dfd-bae7-533d02a92fe8: 156 arrays, 193.5 MB stored; 4.1 s; peak memory 195 MiB.
2026-10-09T04:33:43Z INFO [357/1000] 26578c03-4052-486d-ac06-02fb2deb9815: 48 arrays, 83.9 MB stored; 1.6 s; peak memory 195 MiB.
2026-10-09T04:33:44Z INFO [358/1000] 2657a4fe-ba4d-42b8-bd93-d6e8f56ade42: 52 arrays, 626.1 MB stored; 1.7 s; peak memory 195 MiB.
2026-10-09T04:33:44Z INFO [359/1000] 2657b19c-5ace-4354-82cf-4ae4ac54114a: 117 arrays, 0.2 MB stored; 1.7 s; peak memory 195 MiB.
2026-10-09T04:33:45Z INFO [360/1000] 2657d4d9-638c-4e62-938d-108336a62522: 48 arrays, 83.9 MB stored; 1.6 s; peak memory 195 MiB.
2026-10-09T04:33:46Z INFO [361/1000] 265942c5-2a8c-46cd-b530-cbf8545bb6dd: 117 arrays, 0.4 MB stored; 1.9 s; peak memory 195 MiB.
2026-10-09T04:33:47Z INFO [362/1000] 26597e29-a82b-4bfd-9b04-ae83d2377650: 71 arrays, 70.6 MB stored; 2.5 s; peak memory 195 MiB.
2026-10-09T04:33:48Z INFO [363/1000] 260938b3-b27e-4d0f-90bd-81afbb0c0f2b: 472 arrays, 43686.0 MB stored; 287.8 s; peak memory 195 MiB.
2026-10-09T04:33:49Z INFO [364/1000] 265a028a-c62a-46bf-97a5-9f61b99a82ac: 51 arrays, 598.6 MB stored; 3.2 s; peak memory 195 MiB.
2026-10-09T04:33:50Z INFO [365/1000] 265d3215-a699-49a7-9a0f-4fadfefc560b: 37 arrays, 0.0 MB stored; 1.3 s; peak memory 195 MiB.
2026-10-09T04:33:50Z INFO [366/1000] 265b6813-6a45-4f5c-8b13-ea128f734d92: 112 arrays, 1.0 MB stored; 2.1 s; peak memory 195 MiB.
2026-10-09T04:33:52Z INFO [367/1000] 265e7285-4798-41f5-bcf6-e8d84623a309: 121 arrays, 0.2 MB stored; 2.0 s; peak memory 195 MiB.
2026-10-09T04:33:53Z INFO [368/1000] 265e6c72-281a-47a6-84d5-5f9a8f2e013e: 71 arrays, 130.7 MB stored; 2.9 s; peak memory 195 MiB.
2026-10-09T04:33:54Z INFO [369/1000] 265ebfe5-31c3-4f01-a70a-ef9bbd06c9e4: 46 arrays, 0.2 MB stored; 1.4 s; peak memory 195 MiB.
2026-10-09T04:33:56Z INFO [370/1000] 26590e1b-856a-49db-90be-dfdca769b745: 904 arrays, 17.3 MB stored; 12.2 s; peak memory 195 MiB.
2026-10-09T04:33:56Z INFO [371/1000] 2660078b-c2cd-4ea1-85e0-d9c996201bd3: 118 arrays, 0.7 MB stored; 2.0 s; peak memory 195 MiB.
2026-10-09T04:33:57Z INFO [372/1000] 265f5127-d572-4731-9efd-84886ba80930: 80 arrays, 440.3 MB stored; 3.4 s; peak memory 195 MiB.
2026-10-09T04:33:58Z INFO [373/1000] 2660ecde-8c67-4589-970c-d719129c38df: 117 arrays, 0.3 MB stored; 1.8 s; peak memory 195 MiB.
2026-10-09T04:33:59Z INFO [374/1000] 266136a6-2b5e-404f-8279-8ce31f17ccff: 56 arrays, 0.0 MB stored; 1.4 s; peak memory 195 MiB.
2026-10-09T04:34:08Z INFO [375/1000] 2660ecfc-a2e0-413d-929b-dc6534d65bb2: 1149 arrays, 24.9 MB stored; 11.0 s; peak memory 195 MiB.
2026-10-09T04:34:09Z INFO [376/1000] 264b774a-4c55-41a9-8ed4-cb2d793c6562: 52 arrays, 2443.4 MB stored; 56.3 s; peak memory 195 MiB.
2026-10-09T04:34:10Z INFO [377/1000] 2660eca1-1fa5-4a9f-8b99-c9d7f1f3d7c1: 446 arrays, 4002.3 MB stored; 14.1 s; peak memory 195 MiB.
2026-10-09T04:34:11Z INFO [378/1000] 2661f54a-e761-4ee1-bdba-74aa441d8691: 117 arrays, 0.4 MB stored; 2.0 s; peak memory 195 MiB.
2026-10-09T04:34:11Z INFO [379/1000] 2662515b-3a7f-484a-8836-64af3cea937f: 50 arrays, 1.6 MB stored; 1.4 s; peak memory 195 MiB.
2026-10-09T04:34:12Z INFO [380/1000] 2662d7f3-76a1-42d1-98b5-d327e7c3283f: 46 arrays, 0.1 MB stored; 1.4 s; peak memory 195 MiB.
2026-10-09T04:34:14Z INFO [381/1000] 2661eaba-9537-49da-9b69-5de841eba466: 229 arrays, 258.3 MB stored; 6.3 s; peak memory 195 MiB.
2026-10-09T04:34:14Z INFO [382/1000] 26636a09-f9dc-4193-af03-cb098cc7451e: 116 arrays, 0.3 MB stored; 1.8 s; peak memory 195 MiB.
2026-10-09T04:34:16Z INFO [383/1000] 2663a915-1498-401a-8b60-8f35cf19f051: 46 arrays, 12.6 MB stored; 1.7 s; peak memory 195 MiB.
2026-10-09T04:34:16Z INFO [384/1000] 266474d9-7839-435d-90a8-7cdfd27c6b8d: 117 arrays, 0.5 MB stored; 1.9 s; peak memory 195 MiB.
2026-10-09T04:34:18Z INFO [385/1000] 2664d479-6764-43ba-9d9a-b5072944a3c9: 110 arrays, 0.2 MB stored; 1.8 s; peak memory 195 MiB.
2026-10-09T04:34:18Z INFO [386/1000] 266304fc-f655-4449-bfcb-109f08d42053: 500 arrays, 8.0 MB stored; 6.8 s; peak memory 195 MiB.
2026-10-09T04:34:20Z INFO [387/1000] 26668177-924d-4dc2-9af7-d03f053818bb: 53 arrays, 8.7 MB stored; 2.6 s; peak memory 195 MiB.
2026-10-09T04:34:20Z INFO [388/1000] 2666d1c2-eaba-4d99-9cf5-730423b9e0d5: 69 arrays, 62.3 MB stored; 2.1 s; peak memory 195 MiB.
2026-10-09T04:34:23Z INFO [389/1000] 266775e3-1d0e-401c-8c3a-f49e74b293a9: 71 arrays, 93.7 MB stored; 3.0 s; peak memory 195 MiB.
2026-10-09T04:34:25Z INFO [390/1000] 2668a5cb-eb49-4f60-bb3d-f1c06eab8381: 66 arrays, 18.5 MB stored; 2.0 s; peak memory 195 MiB.
2026-10-09T04:34:26Z INFO [391/1000] 26666a5a-92e7-4006-a785-4a0b8c93caef: 231 arrays, 1100.7 MB stored; 9.8 s; peak memory 195 MiB.
2026-10-09T04:34:28Z INFO [392/1000] 26694c9d-3a12-4a40-91e7-23073ef454f9: 112 arrays, 0.9 MB stored; 2.2 s; peak memory 195 MiB.
2026-10-09T04:34:28Z INFO [393/1000] 266874b3-29bd-4c9a-b6a8-373ce716167b: 229 arrays, 2214.8 MB stored; 8.0 s; peak memory 195 MiB.
2026-10-09T04:34:29Z INFO [394/1000] 2668c240-60ab-46f6-9b39-2cf55359ae3a: 118 arrays, 67.1 MB stored; 3.6 s; peak memory 195 MiB.
2026-10-09T04:34:29Z INFO [395/1000] 2669a8cf-3e20-469c-b4df-bb8398545d06: 109 arrays, 0.0 MB stored; 1.7 s; peak memory 195 MiB.
2026-10-09T04:34:30Z INFO [396/1000] 2669caf1-9be6-4e9b-ab70-d31c1ec0e261: 117 arrays, 0.2 MB stored; 1.8 s; peak memory 195 MiB.
2026-10-09T04:34:31Z INFO [397/1000] 266a289a-f263-49d8-807a-3a7f50e5c633: 65 arrays, 0.0 MB stored; 1.7 s; peak memory 195 MiB.
2026-10-09T04:34:31Z INFO [398/1000] 266a5b0d-fd97-4c66-87dc-56b71d13c599: 46 arrays, 0.1 MB stored; 1.4 s; peak memory 195 MiB.
2026-10-09T04:34:33Z INFO [399/1000] 266b8987-01e3-4427-a6d4-24d5e6246dba: 70 arrays, 0.7 MB stored; 1.5 s; peak memory 195 MiB.
2026-10-09T04:34:35Z INFO [400/1000] 266c7463-4af0-400f-bf60-cc74c2186210: 116 arrays, 0.4 MB stored; 1.9 s; peak memory 195 MiB.
2026-10-09T04:34:36Z INFO [400/1000] 266c7463-4af0-400f-bf60-cc74c2186210: checkpointed 400 new records.
2026-10-09T04:34:36Z INFO [401/1000] 2669e98a-9e93-43e5-b289-7ccdc239b0a4: 222 arrays, 29.3 MB stored; 6.7 s; peak memory 282 MiB.
2026-10-09T04:34:37Z INFO [402/1000] 265aea1a-9d65-4bef-8749-c43eafd9de6d: 52 arrays, 2004.4 MB stored; 49.6 s; peak memory 282 MiB.
2026-10-09T04:34:37Z INFO [403/1000] 266c980d-96ca-41cb-a150-869a708e411d: 66 arrays, 18.4 MB stored; 2.3 s; peak memory 282 MiB.
2026-10-09T04:34:37Z INFO [404/1000] 266ca85e-572b-49a3-b57a-1d430f58bbbb: 38 arrays, 0.5 MB stored; 1.6 s; peak memory 282 MiB.
2026-10-09T04:34:38Z INFO [405/1000] 266d34d7-38fb-4990-87fa-eb2b37c6aad7: 33 arrays, 0.0 MB stored; 1.4 s; peak memory 282 MiB.
2026-10-09T04:34:39Z INFO [406/1000] 266cd3a8-d3b5-4cb7-8d4f-1fa75280fc8b: 116 arrays, 9.8 MB stored; 1.9 s; peak memory 282 MiB.
2026-10-09T04:34:40Z INFO [407/1000] 266de430-8214-46b3-a25a-4733a9fd34f1: 48 arrays, 83.9 MB stored; 1.6 s; peak memory 282 MiB.
2026-10-09T04:34:40Z INFO [408/1000] 266e0118-c839-4502-908d-b23f07b89f40: 48 arrays, 83.9 MB stored; 1.6 s; peak memory 282 MiB.
2026-10-09T04:34:41Z INFO [409/1000] 266d093e-7c79-4217-9bbd-e9ec8568672f: 186 arrays, 30.3 MB stored; 3.7 s; peak memory 282 MiB.
2026-10-09T04:34:42Z INFO [410/1000] 266f6efc-1f33-4c5e-8a94-46d412b0194e: 48 arrays, 83.9 MB stored; 1.6 s; peak memory 282 MiB.
2026-10-09T04:34:42Z INFO [411/1000] 26712acf-9891-4eb4-b4bc-48ecdb3bc4f3: 31 arrays, 0.0 MB stored; 1.4 s; peak memory 282 MiB.
2026-10-09T04:34:42Z INFO [412/1000] 266eddf6-f519-4aaf-8abf-031090532c81: 112 arrays, 0.4 MB stored; 2.2 s; peak memory 282 MiB.
2026-10-09T04:34:44Z INFO [413/1000] 2671778d-1a80-4e4e-96ec-5bb6784bb520: 52 arrays, 0.0 MB stored; 1.5 s; peak memory 282 MiB.
2026-10-09T04:34:44Z INFO [414/1000] 2671fc06-c69a-4a61-aedd-4ce20d70e1df: 48 arrays, 83.9 MB stored; 1.8 s; peak memory 282 MiB.
2026-10-09T04:34:44Z INFO [415/1000] 26715337-0e07-4b7d-ae0c-14c2fb193d38: 112 arrays, 0.6 MB stored; 2.2 s; peak memory 282 MiB.
2026-10-09T04:34:46Z INFO [416/1000] 2673a832-25a2-485d-8644-2e8ca11388df: 45 arrays, 10.9 MB stored; 1.8 s; peak memory 282 MiB.
2026-10-09T04:34:47Z INFO [417/1000] 2672fb4f-ace8-40d3-b7a6-9a4c2e6c5c65: 90 arrays, 117.3 MB stored; 3.4 s; peak memory 282 MiB.
2026-10-09T04:34:47Z INFO [418/1000] 267366ee-e279-4848-81ff-168788772a1e: 55 arrays, 710.1 MB stored; 3.3 s; peak memory 282 MiB.
2026-10-09T04:34:47Z INFO [419/1000] 267420a5-afbf-40cd-94ec-08a4e2151bc8: 48 arrays, 83.9 MB stored; 1.6 s; peak memory 282 MiB.
2026-10-09T04:34:48Z INFO [420/1000] 263a58ba-4d2a-47be-b94b-042b647691f4: 246 arrays, 20856.5 MB stored; 145.0 s; peak memory 282 MiB.
2026-10-09T04:34:48Z INFO [421/1000] 26752c8d-0541-4bff-89d1-d562b9576b4f: 47 arrays, 3.1 MB stored; 1.4 s; peak memory 282 MiB.
2026-10-09T04:34:49Z INFO [422/1000] 26757960-083d-47a3-96c8-7b23a42ac74f: 117 arrays, 0.2 MB stored; 1.8 s; peak memory 282 MiB.
2026-10-09T04:34:49Z INFO [423/1000] 26760966-5d3a-4bc3-a75c-0fab736db2c4: 78 arrays, 0.0 MB stored; 1.7 s; peak memory 282 MiB.
2026-10-09T04:34:50Z INFO [424/1000] 2676d8f9-12d7-4161-abe1-38f75f0b3f30: 63 arrays, 0.2 MB stored; 1.6 s; peak memory 282 MiB.
2026-10-09T04:34:51Z INFO [425/1000] 267722eb-daa0-4eaf-b205-b403fa1f8763: 71 arrays, 12.7 MB stored; 2.0 s; peak memory 282 MiB.
2026-10-09T04:34:51Z INFO [426/1000] 26777d68-d26c-40a5-b07d-3a8a752ede75: 48 arrays, 83.9 MB stored; 1.6 s; peak memory 282 MiB.
2026-10-09T04:34:52Z INFO [427/1000] 2676f518-3450-477a-bd5b-eb0873104aa5: 115 arrays, 190.2 MB stored; 3.4 s; peak memory 282 MiB.
2026-10-09T04:34:52Z INFO [428/1000] 26771e12-bf76-4467-81f4-7bfe448a319a: 119 arrays, 66.4 MB stored; 2.9 s; peak memory 282 MiB.
2026-10-09T04:34:52Z INFO [429/1000] 2677a2cb-51ad-4018-a5b9-d077cecd059d: 45 arrays, 0.0 MB stored; 1.3 s; peak memory 282 MiB.
2026-10-09T04:34:55Z INFO [430/1000] 2677e413-9e07-40bf-85b1-2181b4509189: 116 arrays, 187.1 MB stored; 3.8 s; peak memory 282 MiB.
2026-10-09T04:34:55Z INFO [431/1000] 2679ef10-e668-42b2-a6ef-02d1a045e46b: 119 arrays, 66.4 MB stored; 2.7 s; peak memory 282 MiB.
2026-10-09T04:34:57Z INFO [432/1000] 267ab4e9-d8c6-4dd5-9fe8-89a04e5762e4: 46 arrays, 0.3 MB stored; 1.5 s; peak memory 282 MiB.
2026-10-09T04:34:57Z INFO [433/1000] 267a22e2-d6de-41bd-aa02-869ce736ee60: 53 arrays, 30.6 MB stored; 2.3 s; peak memory 282 MiB.
2026-10-09T04:34:59Z INFO [434/1000] 26780a6a-854a-4a81-9e7a-a5432b6fc783: 538 arrays, 8.1 MB stored; 7.1 s; peak memory 282 MiB.
2026-10-09T04:34:59Z INFO [435/1000] 267b63e3-287f-4f52-a2e0-0eb405396ce2: 116 arrays, 0.5 MB stored; 2.1 s; peak memory 282 MiB.
2026-10-09T04:35:00Z INFO [436/1000] 266c033a-01a1-4e47-933d-9313510d90e6: 48 arrays, 47459.6 MB stored; 28.6 s; peak memory 282 MiB.
2026-10-09T04:35:00Z INFO [437/1000] 266176af-1338-434a-b04f-e52d8bd02d94: 9206 arrays, 201.7 MB stored; 61.2 s; peak memory 282 MiB.
2026-10-09T04:35:01Z INFO [438/1000] 267b8449-7faf-481f-b1d9-d802d318ef67: 117 arrays, 0.5 MB stored; 2.0 s; peak memory 282 MiB.
2026-10-09T04:35:01Z INFO [439/1000] 267c01a4-af65-47a6-b68b-8fbfa3a3a6e2: 110 arrays, 0.7 MB stored; 2.1 s; peak memory 282 MiB.
2026-10-09T04:35:02Z INFO [440/1000] 267e2127-db69-4cd7-bc3d-c86efb13c2f4: 170 arrays, 0.7 MB stored; 2.1 s; peak memory 282 MiB.
2026-10-09T04:35:03Z INFO [441/1000] 267fb399-ffe2-40ed-918d-ee3e9044a046: 112 arrays, 0.6 MB stored; 2.4 s; peak memory 282 MiB.
2026-10-09T04:35:04Z INFO [442/1000] 26805507-9228-436d-a3c8-6ca6b0cc25cc: 87 arrays, 1355.4 MB stored; 2.3 s; peak memory 282 MiB.
2026-10-09T04:35:04Z INFO [443/1000] 2680bd8d-7b60-4f18-92a8-076d59b9ee2c: 118 arrays, 0.4 MB stored; 1.9 s; peak memory 282 MiB.
2026-10-09T04:35:05Z INFO [444/1000] 2680f524-6002-4ad6-8961-4280a7968414: 48 arrays, 83.9 MB stored; 1.6 s; peak memory 282 MiB.
2026-10-09T04:35:05Z INFO [445/1000] 2681dc4b-a7a1-4f83-839d-75a823cca4da: 41 arrays, 11.9 MB stored; 1.5 s; peak memory 282 MiB.
2026-10-09T04:35:06Z INFO [446/1000] 2681f645-3295-4c7f-8c2b-7037af69a8b5: 48 arrays, 83.9 MB stored; 1.6 s; peak memory 282 MiB.
2026-10-09T04:35:07Z INFO [447/1000] 2682a561-b8be-41c8-b74e-ec22d63db0b3: 112 arrays, 0.6 MB stored; 2.0 s; peak memory 282 MiB.
2026-10-09T04:35:07Z INFO [448/1000] 2682be1f-3230-4035-b104-9a4769157d42: 48 arrays, 83.9 MB stored; 1.6 s; peak memory 282 MiB.
2026-10-09T04:35:09Z INFO [449/1000] 268358e9-d857-40f0-82ba-834156b8c768: 39 arrays, 16.0 MB stored; 1.7 s; peak memory 282 MiB.
2026-10-09T04:35:10Z INFO [450/1000] 26833236-76be-468a-bbec-e9bbda34786d: 186 arrays, 34.3 MB stored; 3.9 s; peak memory 282 MiB.
2026-10-09T04:35:10Z INFO [451/1000] 26834446-4501-41d5-baf6-dde1183683c5: 123 arrays, 5.8 MB stored; 3.6 s; peak memory 282 MiB.
2026-10-09T04:35:12Z INFO [452/1000] 267b4b2e-e9f1-441c-b3a6-b8097ffe33c2: 1533 arrays, 33.9 MB stored; 15.4 s; peak memory 282 MiB.
2026-10-09T04:35:13Z INFO [453/1000] 267dd2b2-8fda-4ddf-be45-6da3061acb3a: 1127 arrays, 24.3 MB stored; 13.4 s; peak memory 282 MiB.
2026-10-09T04:35:15Z INFO [454/1000] 2686376e-51eb-471b-8dfe-d015d12d8a55: 83 arrays, 5.9 MB stored; 2.1 s; peak memory 282 MiB.
2026-10-09T04:35:16Z INFO [455/1000] 2678cfe3-10f1-4c7b-8e45-86896657c0d9: 645 arrays, 50.9 MB stored; 23.8 s; peak memory 282 MiB.
2026-10-09T04:35:16Z INFO [456/1000] 268536e9-3d24-4d93-892f-f082089da8b1: 85 arrays, 311.1 MB stored; 4.0 s; peak memory 282 MiB.
2026-10-09T04:35:17Z INFO [457/1000] 268692fb-692c-499e-8dec-6733625eeebb: 118 arrays, 0.3 MB stored; 2.0 s; peak memory 282 MiB.
2026-10-09T04:35:18Z INFO [458/1000] 26871a64-4e58-490a-a029-f880a899d02c: 112 arrays, 0.3 MB stored; 1.9 s; peak memory 282 MiB.
2026-10-09T04:35:18Z INFO [459/1000] 2687ecbd-3f3a-4a6b-8538-914104e4a206: 69 arrays, 2.2 MB stored; 1.7 s; peak memory 282 MiB.
2026-10-09T04:35:19Z INFO [460/1000] 2687fb29-abdd-4d30-8314-474ed576f0f2: 56 arrays, 0.0 MB stored; 1.4 s; peak memory 282 MiB.
2026-10-09T04:35:19Z INFO [461/1000] 26835f15-303f-4149-905f-91379637a0dd: 870 arrays, 32.0 MB stored; 10.9 s; peak memory 282 MiB.
2026-10-09T04:35:19Z INFO [462/1000] 26880a53-c730-4e17-8359-9389557101fb: 59 arrays, 0.4 MB stored; 1.7 s; peak memory 282 MiB.
2026-10-09T04:35:20Z INFO [463/1000] 26881915-8558-4b6e-98bf-220f476cc9ad: 112 arrays, 0.4 MB stored; 2.0 s; peak memory 282 MiB.
2026-10-09T04:35:21Z INFO [464/1000] 2688e65c-564e-4674-a0ef-8674d11d4a30: 110 arrays, 0.4 MB stored; 1.8 s; peak memory 282 MiB.
2026-10-09T04:35:21Z INFO [465/1000] 268900a0-d6e1-442d-993f-0ff1b6ebdc57: 48 arrays, 83.9 MB stored; 1.6 s; peak memory 282 MiB.
2026-10-09T04:35:22Z INFO [466/1000] 268a9330-549e-43d9-a0be-c8429c7f08aa: 69 arrays, 13.1 MB stored; 2.1 s; peak memory 282 MiB.
2026-10-09T04:35:22Z INFO [467/1000] 268a549c-6411-4843-8e6c-94d873d8ac23: 66 arrays, 1819.3 MB stored; 2.8 s; peak memory 282 MiB.
2026-10-09T04:35:23Z INFO [468/1000] 268b2188-6f17-405f-8b6d-444288b5f4e0: 48 arrays, 83.9 MB stored; 1.5 s; peak memory 282 MiB.
2026-10-09T04:35:23Z INFO [469/1000] 268a9505-3c09-4c61-b3b3-3ff555674adf: 110 arrays, 0.6 MB stored; 2.1 s; peak memory 282 MiB.
2026-10-09T04:35:24Z INFO [470/1000] 268c615d-c81c-435a-a89e-83d1824acc34: 21 arrays, 0.6 MB stored; 1.3 s; peak memory 282 MiB.
2026-10-09T04:35:24Z INFO [471/1000] 268c3002-589d-4230-b4ed-0567592303e4: 48 arrays, 83.9 MB stored; 1.7 s; peak memory 282 MiB.
2026-10-09T04:35:24Z INFO [472/1000] 268c74e5-5b46-4540-bed6-dc9b9da817c3: 46 arrays, 0.0 MB stored; 1.4 s; peak memory 282 MiB.
2026-10-09T04:35:26Z INFO [473/1000] 268cff39-31b1-4ec0-ae5a-cc151b08b83f: 70 arrays, 0.0 MB stored; 1.8 s; peak memory 282 MiB.
2026-10-09T04:35:26Z INFO [474/1000] 268df1a0-b5e7-4a72-a0e5-0d53ec8466c4: 48 arrays, 83.9 MB stored; 1.6 s; peak memory 282 MiB.
2026-10-09T04:35:26Z INFO [475/1000] 268d5597-a718-466a-bb80-2128604fccfb: 84 arrays, 2.0 MB stored; 2.0 s; peak memory 282 MiB.
2026-10-09T04:35:26Z INFO [476/1000] 268b52f9-176e-4207-97e4-b1159b896a7c: 38 arrays, 5848.1 MB stored; 4.5 s; peak memory 282 MiB.
2026-10-09T04:35:27Z INFO [477/1000] 268ea38e-9c23-4bb6-8b22-ac184dcafe99: 48 arrays, 83.9 MB stored; 1.7 s; peak memory 282 MiB.
2026-10-09T04:35:27Z INFO [478/1000] 268e53ae-8c1d-4a82-bf5a-4750f7b57fce: 48 arrays, 83.9 MB stored; 1.8 s; peak memory 282 MiB.
2026-10-09T04:35:28Z INFO [479/1000] 268eceef-3093-4043-8cdf-a29cddc97654: 33 arrays, 504.1 MB stored; 1.8 s; peak memory 282 MiB.
2026-10-09T04:35:29Z INFO [480/1000] 269032fe-f8e2-47ff-aa7f-15c8843ed3d1: 56 arrays, 0.0 MB stored; 1.4 s; peak memory 282 MiB.
2026-10-09T04:35:29Z INFO [481/1000] 268f8651-4f9b-427f-ba27-c881ccd67c84: 48 arrays, 83.9 MB stored; 1.6 s; peak memory 282 MiB.
2026-10-09T04:35:30Z INFO [482/1000] 26843001-b70d-415d-a9b5-54c28fc6825b: 41 arrays, 814.8 MB stored; 20.6 s; peak memory 282 MiB.
2026-10-09T04:35:31Z INFO [483/1000] 2690a231-7a25-4f2c-b811-854b0e842875: 117 arrays, 0.3 MB stored; 1.8 s; peak memory 282 MiB.
2026-10-09T04:35:31Z INFO [484/1000] 268f25c2-acb7-4d9e-9faa-e1b6e9c26f99: 360 arrays, 3.1 MB stored; 4.9 s; peak memory 282 MiB.
2026-10-09T04:35:32Z INFO [485/1000] 26911e5c-ada8-4298-adaa-3409916c8fdc: 48 arrays, 83.9 MB stored; 1.7 s; peak memory 282 MiB.
2026-10-09T04:35:32Z INFO [486/1000] 26910485-dd47-4110-b1d3-322af2f6645d: 186 arrays, 10.1 MB stored; 3.0 s; peak memory 282 MiB.
2026-10-09T04:35:33Z INFO [487/1000] 2691fb0c-fd31-4e05-ad30-7db9c71207d2: 48 arrays, 83.9 MB stored; 1.6 s; peak memory 282 MiB.
2026-10-09T04:35:33Z INFO [488/1000] 26915048-5e2c-4355-8ad0-14ad7020a3d2: 112 arrays, 1.2 MB stored; 2.4 s; peak memory 282 MiB.
2026-10-09T04:35:34Z INFO [489/1000] 26925620-4c72-453b-8917-c8c545235de7: 62 arrays, 2766.6 MB stored; 2.2 s; peak memory 282 MiB.
2026-10-09T04:35:35Z INFO [490/1000] 2692e65f-4d66-433f-9834-1e1bf4bdc476: 52 arrays, 14.4 MB stored; 1.9 s; peak memory 282 MiB.
2026-10-09T04:35:35Z INFO [491/1000] 26921aa9-8db9-4a16-b392-e373e6dda785: 71 arrays, 132.9 MB stored; 2.9 s; peak memory 282 MiB.
2026-10-09T04:35:35Z INFO [492/1000] 269302ca-7f08-4beb-a827-1908c4d778ad: 117 arrays, 0.6 MB stored; 2.0 s; peak memory 282 MiB.
2026-10-09T04:35:36Z INFO [493/1000] 26938d04-55b6-44d1-b856-8dfefd9b6308: 48 arrays, 83.9 MB stored; 1.7 s; peak memory 282 MiB.
2026-10-09T04:35:36Z INFO [494/1000] 2693ce61-705a-47c2-8388-bfaf069022e4: 48 arrays, 83.9 MB stored; 1.7 s; peak memory 282 MiB.
2026-10-09T04:35:37Z INFO [495/1000] 2693d484-9409-4326-a6d9-ac430aa99290: 114 arrays, 0.1 MB stored; 1.7 s; peak memory 282 MiB.
2026-10-09T04:35:37Z INFO [496/1000] 2693b6ed-4d8b-4a90-9a46-5f7af7c012ef: 71 arrays, 4.0 MB stored; 2.3 s; peak memory 282 MiB.
2026-10-09T04:35:37Z INFO [497/1000] 2690511b-759d-49ba-852c-27f5d3fe5647: 38 arrays, 175.0 MB stored; 9.4 s; peak memory 282 MiB.
2026-10-09T04:35:37Z INFO [498/1000] 2693dee4-41c0-43af-bb4d-8dcd2e4e7324: 48 arrays, 83.9 MB stored; 1.5 s; peak memory 282 MiB.
2026-10-09T04:35:38Z INFO [499/1000] 2693e747-282f-4829-9b07-a9e79041bd15: 48 arrays, 83.9 MB stored; 1.6 s; peak memory 282 MiB.
2026-10-09T04:35:38Z INFO [500/1000] 2694fce1-1eac-4492-b5f7-9c2db571e926: 117 arrays, 0.3 MB stored; 1.8 s; peak memory 282 MiB.
2026-10-09T04:35:39Z INFO [501/1000] 26955431-ad66-4eb7-bf22-4b0e6f8520db: 48 arrays, 83.9 MB stored; 1.7 s; peak memory 282 MiB.
2026-10-09T04:35:40Z INFO [502/1000] 2695ad17-e58d-4c38-81b3-7049c8cf07df: 112 arrays, 0.5 MB stored; 2.0 s; peak memory 282 MiB.
2026-10-09T04:35:40Z INFO [503/1000] 2696342b-9ac5-4bc1-9fc7-c736eaf09b19: 117 arrays, 0.3 MB stored; 1.9 s; peak memory 282 MiB.
2026-10-09T04:35:40Z INFO [504/1000] 2695ad60-31a2-41b7-9189-378b47018147: 110 arrays, 1.6 MB stored; 2.3 s; peak memory 282 MiB.
2026-10-09T04:35:40Z INFO [505/1000] 26964d75-c438-4391-ae0c-d83571213555: 48 arrays, 83.9 MB stored; 1.7 s; peak memory 282 MiB.
2026-10-09T04:35:42Z INFO [506/1000] 26968ddc-7ef0-4047-b329-6a6cb9e7fb23: 52 arrays, 13.9 MB stored; 1.9 s; peak memory 282 MiB.
2026-10-09T04:35:42Z INFO [507/1000] 26969bca-997d-42d7-8d21-f4657ff3b474: 117 arrays, 0.5 MB stored; 2.0 s; peak memory 282 MiB.
2026-10-09T04:35:43Z INFO [508/1000] 26953e12-aedc-4a00-8dd4-f4a757d499d6: 535 arrays, 6.1 MB stored; 5.8 s; peak memory 282 MiB.
2026-10-09T04:35:43Z INFO [509/1000] 2696c46b-b83a-4c5d-a430-2291126b4713: 66 arrays, 72.4 MB stored; 2.4 s; peak memory 282 MiB.
2026-10-09T04:35:44Z INFO [510/1000] 26976c21-3fd2-47ed-94bb-245b0014c834: 48 arrays, 83.9 MB stored; 1.7 s; peak memory 282 MiB.
2026-10-09T04:35:44Z INFO [511/1000] 2697cb74-20aa-4590-8540-0a4da2810162: 48 arrays, 83.9 MB stored; 1.6 s; peak memory 282 MiB.
2026-10-09T04:35:46Z INFO [512/1000] 2696ed97-70b8-4f11-a90c-16e39d40411f: 87 arrays, 153.5 MB stored; 3.7 s; peak memory 282 MiB.
2026-10-09T04:35:46Z INFO [513/1000] 269831c4-e3da-494a-97f9-2ff8ca024488: 116 arrays, 0.4 MB stored; 1.8 s; peak memory 282 MiB.
2026-10-09T04:35:46Z INFO [514/1000] 269874a3-ff0c-42a1-bc13-a6ce31805c67: 48 arrays, 83.9 MB stored; 1.7 s; peak memory 282 MiB.
2026-10-09T04:35:47Z INFO [515/1000] 2697ebe2-269b-4bce-a94f-8b6ddca8e0a6: 156 arrays, 193.4 MB stored; 4.1 s; peak memory 282 MiB.
2026-10-09T04:35:48Z INFO [516/1000] 2698def4-9af8-44bc-81f2-31d4f2346b05: 33 arrays, 0.0 MB stored; 1.4 s; peak memory 282 MiB.
2026-10-09T04:35:48Z INFO [517/1000] 2698d65f-cd46-483e-b865-50c05d8a417e: 48 arrays, 83.9 MB stored; 1.7 s; peak memory 282 MiB.
2026-10-09T04:35:49Z INFO [518/1000] 26991db2-0ab8-47b2-b815-2fbee62fcf16: 52 arrays, 22.7 MB stored; 1.8 s; peak memory 282 MiB.
2026-10-09T04:35:49Z INFO [519/1000] 2699513b-75ff-4d33-9747-fdca11d7278e: 48 arrays, 83.9 MB stored; 1.7 s; peak memory 282 MiB.
2026-10-09T04:35:49Z INFO [520/1000] 269969da-2301-4f91-8c5b-2414cbf9a75e: 48 arrays, 83.9 MB stored; 1.7 s; peak memory 282 MiB.
2026-10-09T04:35:51Z INFO [521/1000] 269a8b1d-66c8-4112-a2bc-d77d8b25426e: 48 arrays, 83.9 MB stored; 1.8 s; peak memory 282 MiB.
2026-10-09T04:35:51Z INFO [522/1000] 269c3014-2ca5-4206-b24d-134c5c5bdc9a: 118 arrays, 0.2 MB stored; 2.0 s; peak memory 282 MiB.
2026-10-09T04:35:52Z INFO [523/1000] 26988b55-8c8c-426e-9045-15a54e8ec120: 38 arrays, 110.7 MB stored; 5.8 s; peak memory 282 MiB.
2026-10-09T04:35:53Z INFO [524/1000] 269c53d4-9ffc-4941-aaeb-c3f9efd78f3d: 48 arrays, 83.9 MB stored; 1.6 s; peak memory 282 MiB.
2026-10-09T04:35:54Z INFO [525/1000] 269d5c19-c5a1-47a9-98b3-a415505530b0: 92 arrays, 10.8 MB stored; 1.9 s; peak memory 282 MiB.
2026-10-09T04:35:56Z INFO [526/1000] 269dddf8-eee4-4da1-a9b7-1945c7272912: 66 arrays, 119.8 MB stored; 2.5 s; peak memory 282 MiB.
2026-10-09T04:35:57Z INFO [527/1000] 269d2647-c2ff-4adb-9c72-36dbe5a1c5f0: 38 arrays, 117.9 MB stored; 5.6 s; peak memory 282 MiB.
2026-10-09T04:35:57Z INFO [528/1000] 269dcc7d-3f0f-47e1-a6f1-d8c4d15e69b9: 187 arrays, 2151.0 MB stored; 4.5 s; peak memory 282 MiB.
2026-10-09T04:35:58Z INFO [529/1000] 269dfa1a-efc5-41eb-b8b9-390a308592e6: 48 arrays, 83.9 MB stored; 1.8 s; peak memory 282 MiB.
2026-10-09T04:35:59Z INFO [530/1000] 269e8087-ff46-451a-bd88-2a2250949bca: 57 arrays, 0.0 MB stored; 1.6 s; peak memory 282 MiB.
2026-10-09T04:36:01Z INFO [531/1000] 269fcac5-b867-4616-8f97-af1b987c7930: 112 arrays, 0.6 MB stored; 2.2 s; peak memory 282 MiB.
2026-10-09T04:36:03Z INFO [532/1000] 26a0e73a-870e-4842-8d56-6c788abf690a: 65 arrays, 0.0 MB stored; 1.8 s; peak memory 282 MiB.
2026-10-09T04:36:03Z INFO [533/1000] 269a84c8-80e3-49b9-8aa7-181315b6167a: 5066 arrays, 71.5 MB stored; 14.1 s; peak memory 282 MiB.
2026-10-09T04:36:04Z INFO [534/1000] 26a151a3-06f4-40f7-b194-67e5446ef2e1: 64 arrays, 0.0 MB stored; 1.7 s; peak memory 282 MiB.
2026-10-09T04:36:05Z INFO [535/1000] 26a16696-7a7f-4db4-8cbf-05a222eeeea1: 112 arrays, 0.6 MB stored; 2.2 s; peak memory 282 MiB.
2026-10-09T04:36:05Z INFO [536/1000] 26965b51-5ca3-4701-98aa-55098630ae11: 48 arrays, 40124.4 MB stored; 25.7 s; peak memory 282 MiB.
2026-10-09T04:36:07Z INFO [537/1000] 26a29e67-4bd8-49b0-b4a3-8f2b5e99eb9b: 48 arrays, 83.9 MB stored; 1.6 s; peak memory 282 MiB.
2026-10-09T04:36:07Z INFO [538/1000] 26a2e358-99c4-4354-83ad-4c5b468968d9: 48 arrays, 83.9 MB stored; 1.8 s; peak memory 282 MiB.
2026-10-09T04:36:09Z INFO [539/1000] 26a3a7a4-7ae2-41e2-88d8-aa92e8c37af4: 38 arrays, 0.5 MB stored; 1.5 s; peak memory 282 MiB.
2026-10-09T04:36:09Z INFO [540/1000] 26a36541-031d-459a-8f3b-16da45095eec: 71 arrays, 87.8 MB stored; 2.3 s; peak memory 282 MiB.
2026-10-09T04:36:10Z INFO [541/1000] 26a3cc2b-1e7e-4602-9f9c-6073cb705ae5: 48 arrays, 83.9 MB stored; 1.7 s; peak memory 282 MiB.
2026-10-09T04:36:11Z INFO [542/1000] 26a40720-0b5c-4407-90c1-7220c688ca6b: 117 arrays, 0.3 MB stored; 2.0 s; peak memory 282 MiB.
2026-10-09T04:36:12Z INFO [543/1000] 26a40d36-39be-4c20-b970-d9c4e3e12dc9: 48 arrays, 83.9 MB stored; 1.6 s; peak memory 282 MiB.
2026-10-09T04:36:12Z INFO [544/1000] 26a22fff-7eee-4f9b-8128-a35fdcdc3bbb: 507 arrays, 9.5 MB stored; 7.5 s; peak memory 282 MiB.
2026-10-09T04:36:12Z INFO [545/1000] 26a49a3d-0200-40fa-a641-6e5609c84ebd: 41 arrays, 8.4 MB stored; 1.6 s; peak memory 282 MiB.
2026-10-09T04:36:13Z INFO [546/1000] 26a527b7-c169-4d4a-aee0-e0bfa45b97d9: 48 arrays, 83.9 MB stored; 1.6 s; peak memory 282 MiB.
2026-10-09T04:36:16Z INFO [547/1000] 26a5c8b3-5d64-4048-b6b7-9108ccbc68e7: 66 arrays, 112.2 MB stored; 3.1 s; peak memory 282 MiB.
2026-10-09T04:36:16Z INFO [548/1000] 26a5c97e-57e4-4b26-9b67-32d6a36764f6: 118 arrays, 28.5 MB stored; 3.1 s; peak memory 282 MiB.
2026-10-09T04:36:19Z INFO [549/1000] 269e5623-478b-43d9-ab0f-06c79d2e716d: 1014 arrays, 34.1 MB stored; 22.5 s; peak memory 282 MiB.
2026-10-09T04:36:20Z INFO [550/1000] 26a6318d-ecad-4543-b1ab-c23b08741807: 115 arrays, 186.8 MB stored; 3.4 s; peak memory 282 MiB.
2026-10-09T04:36:21Z INFO [551/1000] 26a6c9cb-ccf4-456f-bb66-bd6a312410af: 116 arrays, 0.4 MB stored; 1.7 s; peak memory 282 MiB.
2026-10-09T04:36:22Z INFO [552/1000] 26a6eb16-c0ec-4bbc-add8-d3ee94069d58: 64 arrays, 21.3 MB stored; 2.2 s; peak memory 282 MiB.
2026-10-09T04:36:23Z INFO [553/1000] 26a74652-f1e2-4ea6-a8ac-d4df9496f819: 50 arrays, 113.4 MB stored; 1.7 s; peak memory 282 MiB.
2026-10-09T04:36:24Z INFO [554/1000] 26a7aa5a-3b06-4dd7-8f48-b6bfda229651: 112 arrays, 0.8 MB stored; 2.2 s; peak memory 282 MiB.
2026-10-09T04:36:25Z INFO [555/1000] 26a4c26b-db71-44d9-8d80-08cd66a68911: 108 arrays, 92.9 MB stored; 12.8 s; peak memory 282 MiB.
2026-10-09T04:36:25Z INFO [556/1000] 26a7c26a-f836-418c-ad66-b5181d044282: 112 arrays, 0.6 MB stored; 2.2 s; peak memory 282 MiB.
2026-10-09T04:36:26Z INFO [557/1000] 26a8124a-d9e1-4487-9269-56d21f77107f: 48 arrays, 83.9 MB stored; 1.8 s; peak memory 282 MiB.
2026-10-09T04:36:26Z INFO [558/1000] 26a85cce-ecdf-40bd-9260-75efdec8471e: 117 arrays, 0.4 MB stored; 1.8 s; peak memory 282 MiB.
2026-10-09T04:36:28Z INFO [559/1000] 26a92b9f-4f87-410e-8225-06858b1760f5: 48 arrays, 83.9 MB stored; 1.6 s; peak memory 282 MiB.
2026-10-09T04:36:28Z INFO [560/1000] 269e82b4-5c26-4f28-91e0-ff5e2566c8aa: 48 arrays, 43637.4 MB stored; 30.4 s; peak memory 282 MiB.
2026-10-09T04:36:28Z INFO [561/1000] 26a60f00-1061-4263-b15e-921cc8ebddd3: 878 arrays, 20.4 MB stored; 12.8 s; peak memory 282 MiB.
2026-10-09T04:36:29Z INFO [562/1000] 26a8c812-e28e-47b8-93ef-338234be966c: 156 arrays, 193.4 MB stored; 4.3 s; peak memory 282 MiB.
2026-10-09T04:36:29Z INFO [563/1000] 26aa5eb5-1101-42ef-8c7c-56d0603cd442: 48 arrays, 83.9 MB stored; 1.6 s; peak memory 282 MiB.
2026-10-09T04:36:30Z INFO [564/1000] 26aa0c1d-7f79-4ce7-bdc7-ff22a7aa3b30: 80 arrays, 836.8 MB stored; 3.3 s; peak memory 282 MiB.
2026-10-09T04:36:30Z INFO [565/1000] 26ab0878-634c-49c0-ab77-2b5dfc6eba2c: 50 arrays, 0.0 MB stored; 1.4 s; peak memory 282 MiB.
2026-10-09T04:36:30Z INFO [566/1000] 26aa96bd-49c4-4879-99c7-66546c8734f1: 112 arrays, 0.4 MB stored; 2.0 s; peak memory 282 MiB.
2026-10-09T04:36:31Z INFO [567/1000] 26ab0cb8-8fba-4368-9eb1-42d8cb8b2e5d: 66 arrays, 1.3 MB stored; 1.6 s; peak memory 282 MiB.
2026-10-09T04:36:31Z INFO [568/1000] 26ab3cb9-21e7-451a-a44c-9b85e8a5d9e7: 117 arrays, 0.2 MB stored; 1.9 s; peak memory 282 MiB.
2026-10-09T04:36:31Z INFO [569/1000] 26ab9684-f7ff-4533-9041-812641285613: 48 arrays, 83.9 MB stored; 1.7 s; peak memory 282 MiB.
2026-10-09T04:36:32Z INFO [570/1000] 26abbf3f-5a50-43bb-ba03-f3e6e65c2b6d: 48 arrays, 83.9 MB stored; 1.8 s; peak memory 282 MiB.
2026-10-09T04:36:32Z INFO [571/1000] 26ac185b-410b-42ed-857f-bceec68c21a4: 48 arrays, 83.9 MB stored; 1.6 s; peak memory 282 MiB.
2026-10-09T04:36:33Z INFO [572/1000] 26ac4ddf-01ae-4516-86e1-65b0ada3e3c4: 289 arrays, 17.1 MB stored; 2.1 s; peak memory 282 MiB.
2026-10-09T04:36:34Z INFO [573/1000] 26ad4dab-96bf-4321-aa54-4800c26443e7: 112 arrays, 0.8 MB stored; 2.5 s; peak memory 282 MiB.
2026-10-09T04:36:34Z INFO [574/1000] 26ad991b-7dac-4314-ad9c-c7cae5f21535: 46 arrays, 0.0 MB stored; 1.3 s; peak memory 282 MiB.
2026-10-09T04:36:34Z INFO [575/1000] 26ac5a31-d8bb-4cab-a234-d81355920bd8: 118 arrays, 66.2 MB stored; 3.0 s; peak memory 282 MiB.
2026-10-09T04:36:36Z INFO [576/1000] 26ae1b4d-a9c3-42df-9ce4-6ba212cfd3df: 92 arrays, 9.2 MB stored; 1.8 s; peak memory 282 MiB.
2026-10-09T04:36:36Z INFO [577/1000] 26aeb0cd-9a9c-4a30-bf91-dbdd6b8afb4d: 48 arrays, 83.9 MB stored; 1.8 s; peak memory 282 MiB.
2026-10-09T04:36:37Z INFO [578/1000] 26ae24fe-097c-455a-a9f3-2c08249d6016: 112 arrays, 1.5 MB stored; 2.7 s; peak memory 282 MiB.
2026-10-09T04:36:38Z INFO [579/1000] 26aecd1d-349a-4603-a9d3-5edefb70837a: 112 arrays, 0.6 MB stored; 2.2 s; peak memory 282 MiB.
2026-10-09T04:36:38Z INFO [580/1000] 26acb558-eabb-4850-a75e-701b308c7d44: 540 arrays, 15.5 MB stored; 6.8 s; peak memory 282 MiB.
2026-10-09T04:36:39Z INFO [581/1000] 26af58ba-ae4d-48ed-997c-f7dd6e271f97: 39 arrays, 5.6 MB stored; 1.6 s; peak memory 282 MiB.
2026-10-09T04:36:39Z INFO [582/1000] 26af1e3d-bc72-4d7b-acc7-b8900c863be8: 66 arrays, 105.1 MB stored; 2.8 s; peak memory 282 MiB.
2026-10-09T04:36:40Z INFO [583/1000] 26b0fc84-ba06-47d5-b944-334506d5ebe7: 118 arrays, 0.4 MB stored; 1.8 s; peak memory 282 MiB.
2026-10-09T04:36:41Z INFO [584/1000] 26b14394-3d21-471e-8a20-9995f7809a41: 112 arrays, 1.3 MB stored; 2.5 s; peak memory 282 MiB.
2026-10-09T04:36:42Z INFO [585/1000] 26b1f1a2-35be-4ab2-b853-979cbf594072: 117 arrays, 0.5 MB stored; 2.1 s; peak memory 282 MiB.
2026-10-09T04:36:44Z INFO [586/1000] 26b3e57a-96de-4fa9-8fa5-01dede6d7af0: 48 arrays, 83.9 MB stored; 1.5 s; peak memory 282 MiB.
2026-10-09T04:36:44Z INFO [587/1000] 26b08aa6-b35f-4f9c-8459-6744f146e463: 229 arrays, 250.4 MB stored; 6.0 s; peak memory 282 MiB.
2026-10-09T04:36:46Z INFO [588/1000] 26b53a5f-8a4e-49cd-8d8e-060258496ca7: 117 arrays, 0.3 MB stored; 2.0 s; peak memory 282 MiB.
2026-10-09T04:36:46Z INFO [589/1000] 26b55b92-5786-4315-b589-90737450ee79: 68 arrays, 0.1 MB stored; 1.8 s; peak memory 282 MiB.
2026-10-09T04:36:47Z INFO [590/1000] 26b22a98-5f2b-4532-9ac0-dd6b2ef2868b: 556 arrays, 6.1 MB stored; 5.7 s; peak memory 282 MiB.
2026-10-09T04:36:47Z INFO [591/1000] 26afcdfa-9080-4dd7-b775-bdeb5e2c157c: 11477 arrays, 133.2 MB stored; 9.4 s; peak memory 282 MiB.
2026-10-09T04:36:48Z INFO [592/1000] 26ad88af-828e-43d0-b38c-2772971adafd: 4795 arrays, 35.0 MB stored; 15.7 s; peak memory 282 MiB.
2026-10-09T04:36:48Z INFO [593/1000] 26b5d833-38b6-4fab-b12a-23d24242e8d2: 35 arrays, 0.0 MB stored; 1.2 s; peak memory 282 MiB.
2026-10-09T04:36:49Z INFO [594/1000] 26b67247-eebd-43d4-83c2-f54c5f62bd84: 89 arrays, 0.3 MB stored; 1.8 s; peak memory 282 MiB.
2026-10-09T04:36:51Z INFO [595/1000] 26b5d12e-ab75-41c3-8b5a-c9c78dcfe82a: 386 arrays, 4.7 MB stored; 4.6 s; peak memory 282 MiB.
2026-10-09T04:36:51Z INFO [596/1000] 26b8572b-c650-4b7a-aee9-7ecf8002a121: 46 arrays, 5512.9 MB stored; 2.1 s; peak memory 282 MiB.
2026-10-09T04:36:52Z INFO [597/1000] 26b88fde-e7be-4b3b-b7d7-e29a35d4dfe6: 117 arrays, 0.3 MB stored; 1.7 s; peak memory 282 MiB.
2026-10-09T04:36:53Z INFO [598/1000] 26b8afab-db19-4cd1-aa0f-9808893d5ce2: 48 arrays, 83.9 MB stored; 1.5 s; peak memory 282 MiB.
2026-10-09T04:36:54Z INFO [599/1000] 26b8d70e-2798-401e-9360-8d0d10dc7bcf: 116 arrays, 0.4 MB stored; 1.9 s; peak memory 282 MiB.
2026-10-09T04:36:56Z INFO [600/1000] 26ba0e39-c678-4589-b015-1b1cb5c003bd: 112 arrays, 0.4 MB stored; 2.1 s; peak memory 282 MiB.
2026-10-09T04:36:57Z INFO [600/1000] 26ba0e39-c678-4589-b015-1b1cb5c003bd: checkpointed 600 new records.
2026-10-09T04:36:58Z INFO [601/1000] 26ba469f-3c9f-4dcf-8951-97acd5b7dc9c: 46 arrays, 0.0 MB stored; 1.4 s; peak memory 282 MiB.
2026-10-09T04:36:59Z INFO [602/1000] 26bac0b6-75ad-4b0b-83ca-c278ef4ddd2f: 48 arrays, 83.9 MB stored; 1.8 s; peak memory 282 MiB.
2026-10-09T04:37:00Z INFO [603/1000] 26b740c5-7c28-40ec-9a01-d2006076caea: 430 arrays, 620.6 MB stored; 12.5 s; peak memory 282 MiB.
2026-10-09T04:37:00Z INFO [604/1000] 26b9e099-163c-42e2-9dc2-7b7e026b1bea: 229 arrays, 431.7 MB stored; 7.5 s; peak memory 282 MiB.
2026-10-09T04:37:01Z INFO [605/1000] 26bb858f-8d49-41d1-8f3b-24221de94c84: 48 arrays, 83.9 MB stored; 1.6 s; peak memory 282 MiB.
2026-10-09T04:37:02Z INFO [606/1000] 26bb970b-ea9b-4219-9e9d-be3622090bf0: 112 arrays, 0.5 MB stored; 2.1 s; peak memory 282 MiB.
2026-10-09T04:37:03Z INFO [607/1000] 26bba6b7-be7c-4956-805e-2cc959299f8b: 112 arrays, 0.8 MB stored; 2.6 s; peak memory 282 MiB.
2026-10-09T04:37:03Z INFO [608/1000] 26bbeeb7-bb76-400f-9901-6f53ab18a164: 112 arrays, 0.7 MB stored; 2.2 s; peak memory 282 MiB.
2026-10-09T04:37:04Z INFO [609/1000] 26b79b88-53f9-4da0-9c8e-3f38790c14a8: 44 arrays, 10061.5 MB stored; 16.0 s; peak memory 282 MiB.
2026-10-09T04:37:05Z INFO [610/1000] 26bd4d55-7aa8-4289-835f-30e8fabfdec2: 52 arrays, 15.5 MB stored; 1.8 s; peak memory 282 MiB.
2026-10-09T04:37:06Z INFO [611/1000] 26bd51c6-f07d-4d31-b834-da9e1fd07726: 60 arrays, 85.0 MB stored; 1.9 s; peak memory 282 MiB.
2026-10-09T04:37:07Z INFO [612/1000] 26bd7db0-a472-4c1b-a50a-91e82505281d: 230 arrays, 0.9 MB stored; 1.9 s; peak memory 282 MiB.
2026-10-09T04:37:08Z INFO [613/1000] 26be6843-5992-47c9-90b7-aa9fb8b96fb9: 116 arrays, 0.3 MB stored; 1.9 s; peak memory 282 MiB.
2026-10-09T04:37:09Z INFO [614/1000] 26bee78a-ea50-4a92-9447-532480bed89a: 74 arrays, 36.8 MB stored; 2.5 s; peak memory 282 MiB.
2026-10-09T04:37:10Z INFO [615/1000] 26bc362c-cc2c-4c32-8cc3-f7bb057cd73c: 231 arrays, 77.5 MB stored; 7.4 s; peak memory 282 MiB.
2026-10-09T04:37:10Z INFO [616/1000] 26bcff7e-ed36-429a-b0b6-be4a40a0124b: 637 arrays, 29.6 MB stored; 7.4 s; peak memory 282 MiB.
2026-10-09T04:37:11Z INFO [617/1000] 26bf861e-1291-4ee4-9db2-713b054bae81: 67 arrays, 20.8 MB stored; 2.7 s; peak memory 282 MiB.
2026-10-09T04:37:12Z INFO [618/1000] 26c18e90-c9ff-4e02-8b3f-d268b8219345: 112 arrays, 0.4 MB stored; 2.1 s; peak memory 282 MiB.
2026-10-09T04:37:12Z INFO [619/1000] 26c1ff52-78cd-4366-aa69-386789bbcd5b: 119 arrays, 0.1 MB stored; 1.7 s; peak memory 282 MiB.
2026-10-09T04:37:12Z INFO [620/1000] 26c2e608-8a47-4e2f-b7ef-59655041c120: 48 arrays, 83.9 MB stored; 1.6 s; peak memory 282 MiB.
2026-10-09T04:37:14Z INFO [621/1000] 26c328ac-b1b0-430b-b5ff-fbff50e523e4: 92 arrays, 0.2 MB stored; 1.9 s; peak memory 282 MiB.
2026-10-09T04:37:14Z INFO [622/1000] 26c449b0-bfc3-495c-9c5a-3bd0a28658f3: 117 arrays, 0.5 MB stored; 2.1 s; peak memory 282 MiB.
2026-10-09T04:37:14Z INFO [623/1000] 26c46c9d-2442-476c-89cf-5c9b2a337ac3: 117 arrays, 0.3 MB stored; 1.9 s; peak memory 282 MiB.
2026-10-09T04:37:16Z INFO [624/1000] 26c4d4e1-6091-4b36-ac0c-db54dd9b23e4: 116 arrays, 0.3 MB stored; 2.0 s; peak memory 282 MiB.
2026-10-09T04:37:16Z INFO [625/1000] 26c53ad6-ca18-4989-b91f-57aea1d94bf8: 48 arrays, 83.9 MB stored; 1.7 s; peak memory 282 MiB.
2026-10-09T04:37:16Z INFO [626/1000] 26c5b32e-ce4b-4b34-939c-b000527b88bd: 48 arrays, 83.9 MB stored; 1.7 s; peak memory 282 MiB.
2026-10-09T04:37:17Z INFO [627/1000] 26c5dc10-ba6d-4ac9-b2bb-0fd8fd6f7352: 48 arrays, 83.9 MB stored; 1.6 s; peak memory 282 MiB.
2026-10-09T04:37:19Z INFO [628/1000] 26b5b315-b0d8-4aa9-bca8-7ae87e85a97c: 48 arrays, 1766.6 MB stored; 33.1 s; peak memory 282 MiB.
2026-10-09T04:37:19Z INFO [629/1000] 26c61b2a-8572-450a-9ba9-64451305030c: 112 arrays, 0.4 MB stored; 1.8 s; peak memory 282 MiB.
2026-10-09T04:37:21Z INFO [630/1000] 26c623f5-d398-423a-bc3a-f3c18172ed64: 68 arrays, 0.0 MB stored; 1.7 s; peak memory 282 MiB.
2026-10-09T04:37:22Z INFO [631/1000] 26c5dfae-5d03-4835-a1d4-67ed3612ef14: 125 arrays, 12.4 MB stored; 5.9 s; peak memory 282 MiB.
2026-10-09T04:37:22Z INFO [632/1000] 26c6c46d-5ccd-406d-bc02-57ebd43627ab: 48 arrays, 83.9 MB stored; 1.6 s; peak memory 282 MiB.
2026-10-09T04:37:24Z INFO [633/1000] 26c73bc0-6f8b-43ee-b385-5603c0a646c7: 117 arrays, 0.4 MB stored; 1.7 s; peak memory 282 MiB.
2026-10-09T04:37:26Z INFO [634/1000] 26c5ed80-965b-40eb-88b7-f53fa117c341: 446 arrays, 16.9 MB stored; 10.0 s; peak memory 282 MiB.
2026-10-09T04:37:28Z INFO [635/1000] 26c7bde9-c395-471e-b8cf-2af1d7be790b: 41 arrays, 8.4 MB stored; 1.5 s; peak memory 282 MiB.
2026-10-09T04:37:28Z INFO [636/1000] 26c62d47-35d7-43ea-8791-bc5bb5edeeed: 947 arrays, 29.9 MB stored; 9.1 s; peak memory 282 MiB.
2026-10-09T04:37:29Z INFO [637/1000] 26c82031-1638-45c9-a6c2-dd81feb11904: 57 arrays, 0.0 MB stored; 1.7 s; peak memory 282 MiB.
2026-10-09T04:37:31Z INFO [638/1000] 26c855f0-a98e-4ba4-b58c-4c0edb17f03f: 112 arrays, 0.2 MB stored; 1.9 s; peak memory 282 MiB.
2026-10-09T04:37:34Z INFO [639/1000] 26c825bc-2cad-4e76-85e9-8be0dd2a77f5: 229 arrays, 238.3 MB stored; 5.9 s; peak memory 282 MiB.
2026-10-09T04:37:35Z INFO [640/1000] 26c798a0-a414-4d2f-ab89-bc8e5fccf6a5: 11477 arrays, 171.9 MB stored; 10.8 s; peak memory 282 MiB.
2026-10-09T04:37:36Z INFO [641/1000] 26c87678-881c-4c62-a17d-ef86eb84c23d: 69 arrays, 1.8 MB stored; 2.1 s; peak memory 282 MiB.
2026-10-09T04:37:37Z INFO [642/1000] 26c89b4a-0c0c-4363-aff1-8167478adebc: 117 arrays, 0.2 MB stored; 1.7 s; peak memory 282 MiB.
2026-10-09T04:37:38Z INFO [643/1000] 26c8b7ca-aa3a-4020-93fb-1789b9fb4a89: 48 arrays, 83.9 MB stored; 1.5 s; peak memory 282 MiB.
2026-10-09T04:37:39Z INFO [644/1000] 26c92dc1-a8e0-437b-b7a3-db5cb616172d: 112 arrays, 0.9 MB stored; 2.1 s; peak memory 282 MiB.
2026-10-09T04:37:40Z INFO [645/1000] 26c94783-718e-4cc3-a1aa-1d71314a41e8: 87 arrays, 7.3 MB stored; 2.7 s; peak memory 282 MiB.
2026-10-09T04:37:41Z INFO [646/1000] 26c99b88-09df-4f9b-a170-2ccbea96b7ca: 112 arrays, 0.5 MB stored; 2.0 s; peak memory 282 MiB.
2026-10-09T04:37:42Z INFO [647/1000] 26ca0d48-2698-4baf-aab7-060469ea54f2: 48 arrays, 83.9 MB stored; 1.6 s; peak memory 282 MiB.
2026-10-09T04:37:42Z INFO [648/1000] 26ca95fd-0110-47bc-bc30-33ce30c7341c: 48 arrays, 83.9 MB stored; 1.7 s; peak memory 282 MiB.
2026-10-09T04:37:44Z INFO [649/1000] 26cb6090-40ea-4ea3-b19a-2a314642e3b1: 72 arrays, 56.1 MB stored; 1.6 s; peak memory 282 MiB.
2026-10-09T04:37:46Z INFO [650/1000] 26cb7ffe-4729-4b0a-b243-54ffd6b52de3: 122 arrays, 0.5 MB stored; 2.2 s; peak memory 282 MiB.
2026-10-09T04:37:47Z INFO [651/1000] 26cbbab1-0831-4175-ba16-c72f64bba92d: 55 arrays, 0.0 MB stored; 1.3 s; peak memory 282 MiB.
2026-10-09T04:37:49Z INFO [652/1000] 26cd9e66-fa86-4672-ac8c-bf2bd6c3089f: 82 arrays, 0.1 MB stored; 1.9 s; peak memory 282 MiB.
2026-10-09T04:37:51Z INFO [653/1000] 26caf9bf-b40c-448d-90eb-7d23155a87f8: 951 arrays, 20.2 MB stored; 8.6 s; peak memory 282 MiB.
2026-10-09T04:37:51Z INFO [654/1000] 26cda872-182b-4b61-9f75-402360e0fde0: 48 arrays, 83.9 MB stored; 1.6 s; peak memory 282 MiB.
2026-10-09T04:37:52Z INFO [655/1000] 26cdbcea-7185-4cf3-a23d-7e9e0259a2fa: 46 arrays, 0.1 MB stored; 1.3 s; peak memory 282 MiB.
2026-10-09T04:37:53Z INFO [656/1000] 26ce303f-8bcd-4f50-82e5-531a81662af0: 52 arrays, 626.4 MB stored; 1.8 s; peak memory 282 MiB.
2026-10-09T04:37:54Z INFO [657/1000] 26cf8d18-0926-4f48-94fd-8ab9141336aa: 48 arrays, 83.9 MB stored; 1.6 s; peak memory 282 MiB.
2026-10-09T04:37:56Z INFO [658/1000] 26d044ee-329d-4103-b8ea-3f966d558a17: 71 arrays, 34.1 MB stored; 2.1 s; peak memory 282 MiB.
2026-10-09T04:37:59Z INFO [659/1000] 26d1639f-c6ba-4e39-9592-08b2a2cab917: 78 arrays, 541.5 MB stored; 2.4 s; peak memory 282 MiB.
2026-10-09T04:38:01Z INFO [660/1000] 26d1e3f2-7b7f-4144-a491-331404d47317: 112 arrays, 1.0 MB stored; 2.1 s; peak memory 282 MiB.
2026-10-09T04:38:07Z INFO [661/1000] 26d1e5e5-d842-4985-8691-4b9eac29c2d5: 229 arrays, 234.6 MB stored; 6.2 s; peak memory 282 MiB.
2026-10-09T04:38:07Z INFO [662/1000] 26ce4007-00e8-466c-8bf3-226a93d7fadc: 267 arrays, 540.2 MB stored; 15.0 s; peak memory 282 MiB.
2026-10-09T04:38:09Z INFO [663/1000] 26d31f8b-5f84-455e-a263-13d501d43b65: 46 arrays, 12.6 MB stored; 1.7 s; peak memory 282 MiB.
2026-10-09T04:38:10Z INFO [664/1000] 26d20dbb-2e48-470b-9d81-42d4c576d29b: 103 arrays, 21.7 MB stored; 3.0 s; peak memory 282 MiB.
2026-10-09T04:38:11Z INFO [665/1000] 26d40cb5-7d6c-4e4a-8422-db469bc884c4: 118 arrays, 0.4 MB stored; 2.1 s; peak memory 282 MiB.
2026-10-09T04:38:12Z INFO [666/1000] 26d48c6f-2c3a-45d0-aebe-3f763d50c622: 48 arrays, 83.9 MB stored; 1.6 s; peak memory 282 MiB.
2026-10-09T04:38:12Z INFO [667/1000] 26d4edf2-1751-4673-8bf7-29fd84005240: 48 arrays, 83.9 MB stored; 1.5 s; peak memory 282 MiB.
2026-10-09T04:38:13Z INFO [668/1000] 26d51f8a-7a1d-446c-a0b7-e4023d682e4c: 57 arrays, 0.0 MB stored; 1.4 s; peak memory 282 MiB.
2026-10-09T04:38:14Z INFO [669/1000] 26d6b4b4-9f5e-4193-b7da-7952592a2b03: 50 arrays, 3.0 MB stored; 1.5 s; peak memory 282 MiB.
2026-10-09T04:38:17Z INFO [670/1000] 26d797da-f57a-42af-92c2-9169c5017299: 64 arrays, 279.2 MB stored; 2.7 s; peak memory 282 MiB.
2026-10-09T04:38:18Z INFO [671/1000] 262af786-6b6b-45f3-9feb-96e9919af7e2: 55934 arrays, 2133.0 MB stored; 385.4 s; peak memory 289 MiB.
2026-10-09T04:38:19Z INFO [672/1000] 26d7aef8-44cd-4c3c-ae05-dfa2154d54be: 48 arrays, 83.9 MB stored; 1.5 s; peak memory 289 MiB.
2026-10-09T04:38:19Z INFO [673/1000] 26d64e49-e814-492e-a00c-8db5299b5b2a: 229 arrays, 285.9 MB stored; 6.5 s; peak memory 289 MiB.
2026-10-09T04:38:20Z INFO [674/1000] 26d88789-d72b-49ca-b7d5-a7ef85121c05: 48 arrays, 83.9 MB stored; 1.6 s; peak memory 289 MiB.
2026-10-09T04:38:20Z INFO [675/1000] 26d88bb7-ddd8-46a1-af43-3952732b9576: 48 arrays, 83.9 MB stored; 1.5 s; peak memory 289 MiB.
2026-10-09T04:38:22Z INFO [676/1000] 26d8a622-f2c0-4d6f-b456-57259c333872: 48 arrays, 83.9 MB stored; 1.6 s; peak memory 289 MiB.
2026-10-09T04:38:23Z INFO [677/1000] 26d8b15d-55fb-468b-a26d-6a21c1a8a2e8: 112 arrays, 1.2 MB stored; 2.4 s; peak memory 289 MiB.
2026-10-09T04:38:23Z INFO [678/1000] 26d8f09c-eee0-431f-94af-80ba44f16e66: 48 arrays, 83.9 MB stored; 1.5 s; peak memory 289 MiB.
2026-10-09T04:38:24Z INFO [679/1000] 26d8295e-b450-4784-b810-241fd55f2bd5: 628 arrays, 6.8 MB stored; 6.7 s; peak memory 290 MiB.
2026-10-09T04:38:25Z INFO [680/1000] 26d9013c-4acc-4598-9832-a869bdd813de: 52 arrays, 17.5 MB stored; 1.9 s; peak memory 290 MiB.
2026-10-09T04:38:25Z INFO [681/1000] 26d920a5-0d72-42e0-b759-e6dae647251b: 48 arrays, 83.9 MB stored; 1.7 s; peak memory 290 MiB.
2026-10-09T04:38:26Z INFO [682/1000] 26d942df-cb7f-40c3-a7a3-9f05c43e1562: 112 arrays, 0.3 MB stored; 1.8 s; peak memory 290 MiB.
2026-10-09T04:38:26Z INFO [683/1000] 26d94be2-1a3d-4210-99fa-b493718e27ce: 45 arrays, 7.3 MB stored; 1.9 s; peak memory 290 MiB.
2026-10-09T04:38:28Z INFO [684/1000] 26d9c616-8aa7-4171-aafd-69c2d1a42bdd: 48 arrays, 83.9 MB stored; 1.6 s; peak memory 290 MiB.
2026-10-09T04:38:28Z INFO [685/1000] 26d9a9a2-f7d8-4600-bc24-5d09c2e832f2: 67 arrays, 3.6 MB stored; 1.9 s; peak memory 290 MiB.
2026-10-09T04:38:30Z INFO [686/1000] 26da334d-e010-431b-9ce4-b8570b36ab8e: 118 arrays, 0.3 MB stored; 1.8 s; peak memory 290 MiB.
2026-10-09T04:38:30Z INFO [687/1000] 26d95fe9-7d08-4282-8379-66543ddc6b8f: 438 arrays, 5.4 MB stored; 5.4 s; peak memory 291 MiB.
2026-10-09T04:38:31Z INFO [688/1000] 26da4fd3-31d7-4d16-aae2-2e57218384b0: 46 arrays, 0.0 MB stored; 1.2 s; peak memory 291 MiB.
2026-10-09T04:38:32Z INFO [689/1000] 26daad0b-1e21-4feb-bd93-48f29979c5e1: 112 arrays, 0.1 MB stored; 1.6 s; peak memory 291 MiB.
2026-10-09T04:38:32Z INFO [690/1000] 26dacf32-1aba-4791-8939-4e0b9b9fc786: 33 arrays, 0.0 MB stored; 1.4 s; peak memory 291 MiB.
2026-10-09T04:38:34Z INFO [691/1000] 26dae389-0884-4c51-8c6c-732c66a06c05: 119 arrays, 48.8 MB stored; 2.5 s; peak memory 291 MiB.
2026-10-09T04:38:36Z INFO [692/1000] 26db837f-b9ed-4da5-88cf-1f32d29e886c: 132 arrays, 1.5 MB stored; 1.8 s; peak memory 291 MiB.
2026-10-09T04:38:38Z INFO [693/1000] 26dba233-2970-4a98-986c-392eb61f58aa: 46 arrays, 0.1 MB stored; 1.4 s; peak memory 291 MiB.
2026-10-09T04:38:39Z INFO [694/1000] 26dbc885-fb1c-45bf-b4e5-a05df9449ce3: 48 arrays, 83.9 MB stored; 1.5 s; peak memory 291 MiB.
2026-10-09T04:38:42Z INFO [695/1000] 26da2f49-f8ec-4f56-9417-5d860941db9d: 1018 arrays, 42.4 MB stored; 14.3 s; peak memory 292 MiB.
2026-10-09T04:38:43Z INFO [696/1000] 26db040f-e672-4cfa-a181-401305a006e9: 626 arrays, 32.6 MB stored; 10.1 s; peak memory 293 MiB.
2026-10-09T04:38:44Z INFO [697/1000] 26dddf54-2322-4a44-8293-dee3020b6591: 38 arrays, 0.5 MB stored; 1.5 s; peak memory 293 MiB.
2026-10-09T04:38:45Z INFO [698/1000] 26de1d07-60fb-4b2e-a6cb-376cb60cca99: 112 arrays, 0.8 MB stored; 2.2 s; peak memory 293 MiB.
2026-10-09T04:38:47Z INFO [699/1000] 26de3be6-6aad-4cc3-9d8b-2af7a47a1caf: 66 arrays, 98.8 MB stored; 2.1 s; peak memory 293 MiB.
2026-10-09T04:38:48Z INFO [700/1000] 26de403a-c6b7-46d1-ac2e-a0557014e02c: 35 arrays, 0.0 MB stored; 1.3 s; peak memory 293 MiB.
2026-10-09T04:38:49Z INFO [701/1000] 26dc0fa3-471c-410c-ba17-ec4a28b79540: 1914 arrays, 27.3 MB stored; 9.9 s; peak memory 295 MiB.
2026-10-09T04:38:50Z INFO [702/1000] 26dec2f5-14bd-4fd9-9359-f9feb9b0972e: 117 arrays, 0.4 MB stored; 1.9 s; peak memory 296 MiB.
2026-10-09T04:38:51Z INFO [703/1000] 26df6928-0909-431d-a705-4e6668fa26fa: 112 arrays, 0.4 MB stored; 2.1 s; peak memory 296 MiB.
2026-10-09T04:38:52Z INFO [704/1000] 26df8f8f-d6b3-42f1-9afe-440151189459: 48 arrays, 83.9 MB stored; 1.6 s; peak memory 296 MiB.
2026-10-09T04:38:53Z INFO [705/1000] 26e0ce55-6b13-4583-a53b-e7417bad1b74: 66 arrays, 18.9 MB stored; 2.1 s; peak memory 296 MiB.
2026-10-09T04:38:54Z INFO [706/1000] 26e131fb-ac26-4763-88bf-02f2581051bf: 64 arrays, 8.3 MB stored; 1.9 s; peak memory 296 MiB.
2026-10-09T04:38:55Z INFO [707/1000] 26e1a119-d243-4707-b96e-ca86be2dc630: 38 arrays, 0.5 MB stored; 1.4 s; peak memory 296 MiB.
2026-10-09T04:38:58Z INFO [708/1000] 26e1b1b8-b4ff-4ceb-a4ab-00d8d019f222: 38 arrays, 33.9 MB stored; 2.9 s; peak memory 296 MiB.
2026-10-09T04:39:00Z INFO [709/1000] 26e1c60a-a121-4348-abe3-172f265d5457: 112 arrays, 1.3 MB stored; 2.3 s; peak memory 296 MiB.
2026-10-09T04:39:02Z INFO [710/1000] 26e23c46-6003-476f-979f-a8849b14c31b: 69 arrays, 2.4 MB stored; 2.1 s; peak memory 296 MiB.
2026-10-09T04:39:04Z INFO [711/1000] 26e2dadf-e868-4194-8aae-a34eec7bd0f5: 117 arrays, 0.3 MB stored; 1.9 s; peak memory 296 MiB.
2026-10-09T04:39:05Z INFO [712/1000] 26e160ba-13d5-4b65-b2b5-b816e46df849: 790 arrays, 39.7 MB stored; 12.2 s; peak memory 297 MiB.
2026-10-09T04:39:06Z INFO [713/1000] 26e30b3d-e415-4fcf-887b-b6db3eae9960: 42 arrays, 17.9 MB stored; 1.7 s; peak memory 297 MiB.
2026-10-09T04:39:08Z INFO [714/1000] 26e319a9-503b-4f8c-a107-3f10706bf64f: 119 arrays, 66.4 MB stored; 2.7 s; peak memory 297 MiB.
2026-10-09T04:39:08Z INFO [715/1000] 26e37441-a7b4-4e98-952b-13c0a8096bc9: 68 arrays, 103.0 MB stored; 2.5 s; peak memory 297 MiB.
2026-10-09T04:39:10Z INFO [716/1000] 26e47a5b-fc27-451a-b230-85c1dabb18b1: 78 arrays, 0.0 MB stored; 1.9 s; peak memory 297 MiB.
2026-10-09T04:39:10Z INFO [717/1000] 26e45833-a52a-4637-ab79-853097ea0f9d: 74 arrays, 58.0 MB stored; 2.3 s; peak memory 298 MiB.
2026-10-09T04:39:12Z INFO [718/1000] 26e5d8f7-962b-4e50-be18-ed7e6f02a66f: 48 arrays, 83.9 MB stored; 1.6 s; peak memory 298 MiB.
2026-10-09T04:39:12Z INFO [719/1000] 26e4e3f5-1eb0-41e7-9dd7-a0fc2aab0ce5: 112 arrays, 0.5 MB stored; 2.1 s; peak memory 298 MiB.
2026-10-09T04:39:21Z INFO [720/1000] 26c096c6-c8ae-4c27-8118-1ee819e3d5aa: 55 arrays, 8370.9 MB stored; 131.1 s; peak memory 298 MiB.
2026-10-09T04:39:23Z INFO [721/1000] 26e7d4a8-5c5d-4ecd-bbb3-005ca80a87f0: 66 arrays, 101.1 MB stored; 2.1 s; peak memory 298 MiB.
2026-10-09T04:39:23Z INFO [722/1000] 26e68388-a61d-41c0-a013-9d00f2ff8afd: 1149 arrays, 24.9 MB stored; 11.0 s; peak memory 299 MiB.
2026-10-09T04:39:25Z INFO [723/1000] 26e8206b-fc9e-42e8-8d85-32b7a1067bc8: 74 arrays, 2.7 MB stored; 1.8 s; peak memory 299 MiB.
2026-10-09T04:39:26Z INFO [724/1000] 26e88078-fe0b-4e9f-a9ed-523fe3953666: 48 arrays, 83.9 MB stored; 1.7 s; peak memory 299 MiB.
2026-10-09T04:39:27Z INFO [725/1000] 26e82b0b-fd18-4ae6-8afa-9181df1e9599: 156 arrays, 193.5 MB stored; 3.9 s; peak memory 299 MiB.
2026-10-09T04:39:28Z INFO [726/1000] 26e9040a-79cd-4250-b1b4-4ef8aac43109: 50 arrays, 1.0 MB stored; 1.5 s; peak memory 299 MiB.
2026-10-09T04:39:29Z INFO [727/1000] 26e890ed-f6ad-421f-98c0-43b52c310903: 118 arrays, 66.2 MB stored; 2.7 s; peak memory 299 MiB.
2026-10-09T04:39:31Z INFO [728/1000] 26e98d39-8443-4e1f-bb92-416e76114eb8: 38 arrays, 25.7 MB stored; 3.0 s; peak memory 299 MiB.
2026-10-09T04:39:32Z INFO [729/1000] 26e9a444-2bfc-4192-a758-c887452e1133: 119 arrays, 51.4 MB stored; 3.0 s; peak memory 299 MiB.
2026-10-09T04:39:33Z INFO [730/1000] 26e9b293-f675-4797-931b-c5c537cf55d9: 52 arrays, 13.8 MB stored; 1.8 s; peak memory 299 MiB.
2026-10-09T04:39:34Z INFO [731/1000] 26e9cd5a-ed4c-4cb6-826c-6e21386b532f: 48 arrays, 83.9 MB stored; 1.7 s; peak memory 300 MiB.
2026-10-09T04:39:35Z INFO [732/1000] 26ea87b6-6d17-4d99-9331-393e3be70698: 48 arrays, 83.9 MB stored; 1.6 s; peak memory 300 MiB.
2026-10-09T04:39:36Z INFO [733/1000] 26eb4768-0e8b-4934-84aa-78cf19ea85e5: 66 arrays, 101.1 MB stored; 2.2 s; peak memory 300 MiB.
2026-10-09T04:39:37Z INFO [734/1000] 26eb6f89-a171-4dfc-be3a-55a3a4c35710: 116 arrays, 0.5 MB stored; 2.0 s; peak memory 300 MiB.
2026-10-09T04:39:38Z INFO [735/1000] 26ec5880-a2cf-47e8-8421-81b09f508a01: 50 arrays, 2.2 MB stored; 1.4 s; peak memory 300 MiB.
2026-10-09T04:39:40Z INFO [736/1000] 26ec2c59-0df7-43fd-b788-9a1d7ccdc367: 156 arrays, 193.5 MB stored; 3.8 s; peak memory 300 MiB.
2026-10-09T04:39:40Z INFO [737/1000] 26ed753f-6e00-4937-ac4d-5f66cf6da3e4: 59 arrays, 16.4 MB stored; 1.6 s; peak memory 300 MiB.
2026-10-09T04:39:42Z INFO [738/1000] 26ee3d53-6ca7-4147-94b8-cc6cab783a7c: 112 arrays, 0.6 MB stored; 2.1 s; peak memory 300 MiB.
2026-10-09T04:39:44Z INFO [739/1000] 26ee46ff-7d98-4c07-9236-39b3a9f0f803: 48 arrays, 83.9 MB stored; 1.6 s; peak memory 300 MiB.
2026-10-09T04:39:48Z INFO [740/1000] 26ee9486-beeb-4125-8f2d-37b9378f38b4: 156 arrays, 193.5 MB stored; 4.4 s; peak memory 300 MiB.
2026-10-09T04:39:49Z INFO [741/1000] 26eeabe8-e472-4d5d-8b43-5eefde1f18b0: 46 arrays, 0.0 MB stored; 1.3 s; peak memory 300 MiB.
2026-10-09T04:39:51Z INFO [742/1000] 26c6df2d-13ef-4169-8c6b-47d01ccb7072: 167 arrays, 21150.0 MB stored; 149.7 s; peak memory 300 MiB.
2026-10-09T04:39:52Z INFO [743/1000] 26edc604-d5b0-4f29-9720-9e69ec97e2f4: 107 arrays, 67.5 MB stored; 12.1 s; peak memory 300 MiB.
2026-10-09T04:39:52Z INFO [744/1000] 26efdacc-cf4a-4b02-972e-3bea339e18ad: 71 arrays, 67.6 MB stored; 2.6 s; peak memory 301 MiB.
2026-10-09T04:39:53Z INFO [745/1000] 26f04966-f3d2-4aa7-812a-652f73ac11de: 112 arrays, 0.4 MB stored; 1.9 s; peak memory 301 MiB.
2026-10-09T04:39:54Z INFO [746/1000] 26f17314-8563-4d75-a705-6a909128b346: 66 arrays, 25.3 MB stored; 2.1 s; peak memory 301 MiB.
2026-10-09T04:39:55Z INFO [747/1000] 26f1a727-f41d-44c7-819d-721626db6f08: 118 arrays, 0.3 MB stored; 2.0 s; peak memory 301 MiB.
2026-10-09T04:39:56Z INFO [748/1000] 26f1dc94-c0ef-4df0-bc3b-21337b1f9ba5: 117 arrays, 0.4 MB stored; 1.8 s; peak memory 301 MiB.
2026-10-09T04:39:57Z INFO [749/1000] 26f20947-6f1a-4161-bcba-e5f71a6173d1: 112 arrays, 0.5 MB stored; 2.2 s; peak memory 301 MiB.
2026-10-09T04:39:57Z INFO [750/1000] 26f25d70-6ab5-43be-8785-742416585e31: 41 arrays, 8.4 MB stored; 1.6 s; peak memory 301 MiB.
2026-10-09T04:39:59Z INFO [751/1000] 26f2fe2b-b9c9-4fa2-868e-2c7e49f93aa9: 117 arrays, 0.4 MB stored; 2.0 s; peak memory 301 MiB.
2026-10-09T04:40:00Z INFO [752/1000] 26f40e16-ca5d-4c5e-aedc-5aa868cb2aab: 119 arrays, 66.3 MB stored; 3.0 s; peak memory 301 MiB.
2026-10-09T04:40:01Z INFO [753/1000] 26f47690-9edf-40ce-9d74-29a11435b120: 69 arrays, 0.6 MB stored; 1.9 s; peak memory 301 MiB.
2026-10-09T04:40:04Z INFO [754/1000] 26f4fa23-6b93-4aaf-b1b5-6c95dff33cc9: 115 arrays, 190.1 MB stored; 3.4 s; peak memory 301 MiB.
2026-10-09T04:40:05Z INFO [755/1000] 26f57ed7-ca4e-46f2-80b3-95af25a3507a: 21 arrays, 0.6 MB stored; 1.4 s; peak memory 301 MiB.
2026-10-09T04:40:07Z INFO [756/1000] 26f5db2a-c660-40c5-bcb9-d1e9cf5aed90: 53 arrays, 0.0 MB stored; 1.3 s; peak memory 302 MiB.
2026-10-09T04:40:08Z INFO [757/1000] 26f5f27e-49b6-449c-8a28-b299a0ed3698: 45 arrays, 0.0 MB stored; 1.4 s; peak memory 302 MiB.
2026-10-09T04:40:10Z INFO [758/1000] 26f56f27-a60b-4288-9e8e-cdd5d89d26b1: 565 arrays, 18.7 MB stored; 8.4 s; peak memory 302 MiB.
2026-10-09T04:40:10Z INFO [759/1000] 26f64051-2d9a-4955-ac13-be422fcd4823: 142 arrays, 1.3 MB stored; 1.8 s; peak memory 302 MiB.
2026-10-09T04:40:12Z INFO [760/1000] 26f7223e-8a69-4bb4-8e21-2ae8185441eb: 66 arrays, 18.0 MB stored; 2.0 s; peak memory 302 MiB.
2026-10-09T04:40:17Z INFO [761/1000] 26de2bb7-7bbe-4b28-9f80-d63967fb8ce3: 58 arrays, 6468.3 MB stored; 92.7 s; peak memory 303 MiB.
2026-10-09T04:40:18Z INFO [762/1000] 26f9d372-650d-406c-8721-301a1436e265: 116 arrays, 0.3 MB stored; 1.9 s; peak memory 303 MiB.
2026-10-09T04:40:20Z INFO [763/1000] 26fa2089-0d43-49fa-b813-58169bf6ad54: 75 arrays, 4.0 MB stored; 1.8 s; peak memory 303 MiB.
2026-10-09T04:40:22Z INFO [764/1000] 26fa5a8c-38b9-40ab-a2f8-1749df923787: 52 arrays, 12.0 MB stored; 1.8 s; peak memory 303 MiB.
2026-10-09T04:40:24Z INFO [765/1000] 26fa97a8-647d-4dd4-b69f-e59917a4e242: 112 arrays, 0.3 MB stored; 2.0 s; peak memory 303 MiB.
2026-10-09T04:40:27Z INFO [766/1000] 26fb0910-2013-4ec1-add6-326f87bf21fa: 115 arrays, 190.1 MB stored; 3.3 s; peak memory 303 MiB.
2026-10-09T04:40:29Z INFO [767/1000] 26fb26fc-73fc-43ac-af32-cea68843d1d1: 56 arrays, 0.0 MB stored; 1.4 s; peak memory 303 MiB.
2026-10-09T04:40:30Z INFO [768/1000] 26fb2d17-1472-4e00-a74c-437f47530060: 117 arrays, 0.3 MB stored; 1.7 s; peak memory 303 MiB.
2026-10-09T04:40:32Z INFO [769/1000] 26fc19e1-9149-454b-87b0-4ed28e8dcdae: 110 arrays, 0.3 MB stored; 1.7 s; peak memory 303 MiB.
2026-10-09T04:40:51Z INFO [770/1000] 26fc339b-be84-44f6-8779-36f0b9dd221a: 432 arrays, 1584.9 MB stored; 19.2 s; peak memory 304 MiB.
2026-10-09T04:40:53Z INFO [771/1000] 26fcbd29-72e2-4931-92ac-71eb524adbb0: 69 arrays, 36.2 MB stored; 2.0 s; peak memory 304 MiB.
2026-10-09T04:40:55Z INFO [772/1000] 26fd3e13-069c-4b94-9489-3e9d71c7c545: 52 arrays, 13.8 MB stored; 1.7 s; peak memory 304 MiB.
2026-10-09T04:40:57Z INFO [773/1000] 26fdab26-a4d9-4953-befa-06f437e8af32: 46 arrays, 0.7 MB stored; 1.8 s; peak memory 304 MiB.
2026-10-09T04:40:59Z INFO [774/1000] 26fe708e-67a3-4ffe-bf96-35908adcbe4a: 66 arrays, 126.8 MB stored; 2.3 s; peak memory 304 MiB.
2026-10-09T04:41:00Z INFO [775/1000] 26f92998-f9b6-41a6-8bc0-ce0c38141e3d: 52 arrays, 2147.1 MB stored; 48.0 s; peak memory 304 MiB.
2026-10-09T04:41:01Z INFO [776/1000] 26fed483-572a-441b-b3d4-e5f4b55e7fdb: 48 arrays, 83.9 MB stored; 1.6 s; peak memory 304 MiB.
2026-10-09T04:41:01Z INFO [777/1000] 26feae33-5bcd-4b38-b12c-c1ffa0ea5909: 45 arrays, 636.8 MB stored; 2.3 s; peak memory 304 MiB.
2026-10-09T04:41:03Z INFO [778/1000] 26fed6aa-281f-4838-a62f-494135e1cef0: 48 arrays, 83.9 MB stored; 1.6 s; peak memory 304 MiB.
2026-10-09T04:41:03Z INFO [779/1000] 26ff7531-2611-4f87-95b9-4378be3175d4: 72 arrays, 0.2 MB stored; 1.9 s; peak memory 304 MiB.
2026-10-09T04:41:04Z INFO [780/1000] 26ffeeec-a5ea-40df-a923-8a3b42e5d527: 48 arrays, 83.9 MB stored; 1.6 s; peak memory 304 MiB.
2026-10-09T04:41:05Z INFO [781/1000] 270063b5-790e-4959-9710-b33efcf52a74: 117 arrays, 0.8 MB stored; 1.9 s; peak memory 304 MiB.
2026-10-09T04:41:07Z INFO [782/1000] 2700b57b-33be-4c10-b0dc-d8ea2595a97c: 48 arrays, 83.9 MB stored; 1.5 s; peak memory 304 MiB.
2026-10-09T04:41:07Z INFO [783/1000] 27006726-d08d-416f-b46b-b4c329a12d7f: 71 arrays, 3.1 MB stored; 2.4 s; peak memory 304 MiB.
2026-10-09T04:41:08Z INFO [784/1000] 2701ca20-c1a6-4d84-a2ab-558738114c72: 37 arrays, 0.0 MB stored; 1.3 s; peak memory 304 MiB.
2026-10-09T04:41:08Z INFO [785/1000] 2700fca8-7819-4326-ac29-bdb6a583feb2: 63 arrays, 0.2 MB stored; 1.6 s; peak memory 304 MiB.
2026-10-09T04:41:15Z INFO [786/1000] 27031961-259a-4a85-be6e-1bdffbf30869: 223 arrays, 238.0 MB stored; 6.3 s; peak memory 305 MiB.
2026-10-09T04:41:15Z INFO [787/1000] 270232f2-40f0-4ba8-b56f-ec25c4dde728: 503 arrays, 7.5 MB stored; 6.6 s; peak memory 305 MiB.
2026-10-09T04:41:16Z INFO [788/1000] 2703379f-d64e-4748-b1a2-a9bddb27b350: 46 arrays, 0.2 MB stored; 1.5 s; peak memory 305 MiB.
2026-10-09T04:41:17Z INFO [789/1000] 2703494c-d326-4bb0-b102-0a29b309e820: 112 arrays, 1.2 MB stored; 2.6 s; peak memory 305 MiB.
2026-10-09T04:41:19Z INFO [790/1000] 2703c306-fa0f-4762-9dd4-85e1039ac72f: 48 arrays, 83.9 MB stored; 1.5 s; peak memory 306 MiB.
2026-10-09T04:41:23Z INFO [791/1000] 27035d6c-7a7c-4a2e-b58f-d073c675bc39: 538 arrays, 7.6 MB stored; 7.3 s; peak memory 306 MiB.
2026-10-09T04:41:25Z INFO [792/1000] 27048ccf-5094-4727-946a-284401e3f612: 110 arrays, 0.5 MB stored; 1.8 s; peak memory 306 MiB.
2026-10-09T04:41:27Z INFO [793/1000] 2704ae26-c4bd-4b82-a9f6-a55f5e7051fb: 56 arrays, 0.0 MB stored; 1.4 s; peak memory 306 MiB.
2026-10-09T04:41:30Z INFO [794/1000] 2704d6ce-8544-4eb4-abc0-630caa5bd456: 115 arrays, 190.1 MB stored; 3.2 s; peak memory 306 MiB.
2026-10-09T04:41:32Z INFO [795/1000] 270522d7-c9a6-4d8a-8bff-8f463557f396: 118 arrays, 0.3 MB stored; 1.9 s; peak memory 306 MiB.
2026-10-09T04:41:33Z INFO [796/1000] 26e73c03-6597-490c-ae3b-ad6725f2914e: 260 arrays, 19857.9 MB stored; 140.6 s; peak memory 307 MiB.
2026-10-09T04:41:35Z INFO [797/1000] 2705a848-4470-4753-80ea-4c2fbe8bfccb: 118 arrays, 0.3 MB stored; 1.7 s; peak memory 307 MiB.
2026-10-09T04:41:36Z INFO [798/1000] 27064616-5b46-472a-96b5-2cbc0f86dd39: 48 arrays, 83.9 MB stored; 1.5 s; peak memory 307 MiB.
2026-10-09T04:41:38Z INFO [799/1000] 2706633f-b9ad-4b37-baf7-974f1005a362: 117 arrays, 0.3 MB stored; 1.7 s; peak memory 307 MiB.
2026-10-09T04:41:38Z INFO [800/1000] 2705a184-ac74-467f-9e28-24aa84cbcf5f: 225 arrays, 404.5 MB stored; 6.4 s; peak memory 307 MiB.
2026-10-09T04:41:39Z INFO [800/1000] 2705a184-ac74-467f-9e28-24aa84cbcf5f: checkpointed 800 new records.
2026-10-09T04:41:39Z INFO [801/1000] 27068d62-10fe-42a7-a943-88ec1b91a171: 48 arrays, 83.9 MB stored; 1.5 s; peak memory 448 MiB.
2026-10-09T04:41:39Z INFO [802/1000] 2704372d-0024-410c-a63b-324eee165546: 144 arrays, 23255.1 MB stored; 20.6 s; peak memory 448 MiB.
2026-10-09T04:41:40Z INFO [803/1000] 2706d5af-f8cb-4a42-b3bf-682d86bb5d1b: 48 arrays, 83.9 MB stored; 1.5 s; peak memory 448 MiB.
2026-10-09T04:41:41Z INFO [804/1000] 2706fc17-2e28-4058-a973-57236ed52133: 116 arrays, 9.7 MB stored; 1.7 s; peak memory 448 MiB.
2026-10-09T04:41:41Z INFO [805/1000] 2707682b-030c-4bc6-8d18-2dade36fedcc: 117 arrays, 0.2 MB stored; 2.0 s; peak memory 448 MiB.
2026-10-09T04:41:43Z INFO [806/1000] 2707f8ab-c6ea-43f6-8459-bfb65b7cb62b: 110 arrays, 0.5 MB stored; 2.0 s; peak memory 448 MiB.
2026-10-09T04:41:43Z INFO [807/1000] 27086032-fe06-4ae7-97cc-8580948ae02d: 52 arrays, 13.6 MB stored; 1.8 s; peak memory 448 MiB.
2026-10-09T04:41:45Z INFO [808/1000] 2708af10-e04f-4216-a6ac-b485e4730919: 48 arrays, 83.9 MB stored; 1.6 s; peak memory 448 MiB.
2026-10-09T04:41:46Z INFO [809/1000] 2708c284-0536-48a9-a0b3-f8cc4f9170b6: 70 arrays, 63.5 MB stored; 2.3 s; peak memory 448 MiB.
2026-10-09T04:41:48Z INFO [810/1000] 2708daa5-ec57-4551-8467-73e6c7193e1a: 131 arrays, 96610.0 MB stored; 2.9 s; peak memory 448 MiB.
2026-10-09T04:41:50Z INFO [811/1000] 270a0f17-6c62-46a9-adf8-4b55ddef23a3: 49 arrays, 1994.0 MB stored; 2.4 s; peak memory 448 MiB.
2026-10-09T04:41:51Z INFO [812/1000] 270913b7-cbec-418e-a228-63238f9283a1: 38 arrays, 119.0 MB stored; 5.0 s; peak memory 448 MiB.
2026-10-09T04:41:51Z INFO [813/1000] 2707e14a-c231-4c60-a2a6-34ea961b8b82: 410 arrays, 126.1 MB stored; 11.4 s; peak memory 448 MiB.
2026-10-09T04:41:51Z INFO [814/1000] 270af5d4-4172-4c30-b7cb-39d916bd0803: 57 arrays, 0.0 MB stored; 1.3 s; peak memory 448 MiB.
2026-10-09T04:41:53Z INFO [815/1000] 270c0310-e3f6-4f18-93f6-e907741c5014: 72 arrays, 2.6 MB stored; 1.6 s; peak memory 448 MiB.
2026-10-09T04:41:53Z INFO [816/1000] 270b336f-e311-4db8-8ae0-52cd7539a019: 76 arrays, 95.5 MB stored; 2.7 s; peak memory 448 MiB.
2026-10-09T04:41:54Z INFO [817/1000] 270bdd23-380b-474f-8f47-36c629311422: 52 arrays, 605.3 MB stored; 2.7 s; peak memory 448 MiB.
2026-10-09T04:41:54Z INFO [818/1000] 270c1142-f611-4c7a-84bc-a9258af7ef6e: 48 arrays, 83.9 MB stored; 1.5 s; peak memory 448 MiB.
2026-10-09T04:41:56Z INFO [819/1000] 270c9a9c-c779-4e7a-9fc7-cc2687b26780: 48 arrays, 83.9 MB stored; 1.7 s; peak memory 448 MiB.
2026-10-09T04:41:56Z INFO [820/1000] 270d43f3-934e-41be-b48b-c60740b47402: 48 arrays, 83.9 MB stored; 1.7 s; peak memory 448 MiB.
2026-10-09T04:41:57Z INFO [821/1000] 270d4f24-bacf-4ed0-a931-65fb83d5ac98: 46 arrays, 0.1 MB stored; 1.3 s; peak memory 448 MiB.
2026-10-09T04:41:58Z INFO [822/1000] 270d54f7-5b38-4b61-bb90-e84e42f0f7ef: 118 arrays, 0.3 MB stored; 1.9 s; peak memory 448 MiB.
2026-10-09T04:41:58Z INFO [823/1000] 270d746f-d6e5-4c4a-991d-8c8830ca57b0: 38 arrays, 0.4 MB stored; 1.5 s; peak memory 448 MiB.
2026-10-09T04:42:00Z INFO [824/1000] 270de611-7703-458f-b47e-9e2cede861e3: 117 arrays, 0.5 MB stored; 1.8 s; peak memory 448 MiB.
2026-10-09T04:42:00Z INFO [825/1000] 270ee8ee-31ab-43ab-8ba6-17854bbb18a5: 48 arrays, 83.9 MB stored; 1.5 s; peak memory 448 MiB.
2026-10-09T04:42:01Z INFO [826/1000] 270fd85b-9e57-4678-93b1-1b310abff89b: 55 arrays, 0.0 MB stored; 1.4 s; peak memory 448 MiB.
2026-10-09T04:42:04Z INFO [827/1000] 27101a9d-2f9d-49fa-9525-dd439ea2b9be: 112 arrays, 0.8 MB stored; 2.4 s; peak memory 448 MiB.
2026-10-09T04:42:08Z INFO [828/1000] 26c8658e-356e-4a5f-88d7-41da4f39beb0: 264 arrays, 39384.7 MB stored; 276.6 s; peak memory 448 MiB.
2026-10-09T04:42:12Z INFO [829/1000] 27103eaf-0a42-419b-9941-7b206f9c9b17: 538 arrays, 8.6 MB stored; 8.5 s; peak memory 448 MiB.
2026-10-09T04:42:13Z INFO [830/1000] 27109272-3588-4d33-8fe1-360fea96a697: 38 arrays, 104.4 MB stored; 5.0 s; peak memory 448 MiB.
2026-10-09T04:42:13Z INFO [831/1000] 270c1b73-aba2-42d8-871e-6993b0213935: 221 arrays, 126.1 MB stored; 20.2 s; peak memory 448 MiB.
2026-10-09T04:42:14Z INFO [832/1000] 2710dc92-d4fb-464a-b7a9-231edc98c712: 48 arrays, 83.9 MB stored; 1.5 s; peak memory 448 MiB.
2026-10-09T04:42:16Z INFO [833/1000] 27110614-88c4-44b3-ab21-22adcf435549: 38 arrays, 36.2 MB stored; 2.9 s; peak memory 448 MiB.
2026-10-09T04:42:17Z INFO [834/1000] 27113888-7f30-4765-9be5-7702577ea5b6: 76 arrays, 87.7 MB stored; 2.5 s; peak memory 448 MiB.
2026-10-09T04:42:18Z INFO [835/1000] 26f051e0-acbf-4b3c-ae6c-d456805490d7: 167 arrays, 21352.5 MB stored; 145.9 s; peak memory 448 MiB.
2026-10-09T04:42:18Z INFO [836/1000] 271155f7-3195-4456-8a10-121d8b21036e: 48 arrays, 83.9 MB stored; 1.8 s; peak memory 448 MiB.
2026-10-09T04:42:18Z INFO [837/1000] 2711faf1-de7c-43fc-97ac-92c366dbd228: 45 arrays, 0.0 MB stored; 1.4 s; peak memory 448 MiB.
2026-10-09T04:42:19Z INFO [838/1000] 27120a4f-478d-4d70-8339-732d21ad3384: 49 arrays, 19.3 MB stored; 1.8 s; peak memory 448 MiB.
2026-10-09T04:42:20Z INFO [839/1000] 2712b96a-5dff-41ac-979e-8da597edb0a9: 48 arrays, 83.9 MB stored; 1.7 s; peak memory 448 MiB.
2026-10-09T04:42:21Z INFO [840/1000] 2712adfc-66af-4dc5-9b7a-88be0fc40dbb: 78 arrays, 575.9 MB stored; 2.5 s; peak memory 448 MiB.
2026-10-09T04:42:21Z INFO [841/1000] 2713076c-468f-446d-9cbf-5a25e333fded: 48 arrays, 83.9 MB stored; 1.6 s; peak memory 448 MiB.
2026-10-09T04:42:21Z INFO [842/1000] 27134f89-8ad4-4cbe-9710-801e194bca91: 48 arrays, 83.9 MB stored; 1.6 s; peak memory 448 MiB.
2026-10-09T04:42:22Z INFO [843/1000] 2713756e-8b10-4207-839d-a9ae232b22d1: 52 arrays, 12.8 MB stored; 1.7 s; peak memory 448 MiB.
2026-10-09T04:42:23Z INFO [844/1000] 2713fb46-394e-4178-9efd-edefb42169b3: 117 arrays, 0.4 MB stored; 1.8 s; peak memory 448 MiB.
2026-10-09T04:42:23Z INFO [845/1000] 27144408-2353-4612-a59e-2976eb0f4ce4: 117 arrays, 0.3 MB stored; 1.8 s; peak memory 448 MiB.
2026-10-09T04:42:24Z INFO [846/1000] 2714563d-b769-41be-a8e3-fecb73cfa05a: 48 arrays, 83.9 MB stored; 1.5 s; peak memory 448 MiB.
2026-10-09T04:42:25Z INFO [847/1000] 2714cf81-c2c0-4822-bda4-ba27906c0055: 117 arrays, 0.2 MB stored; 1.8 s; peak memory 448 MiB.
2026-10-09T04:42:26Z INFO [848/1000] 270f13f9-2b8a-4b12-8198-a069ae7a8c81: 49 arrays, 25450.7 MB stored; 26.3 s; peak memory 448 MiB.
2026-10-09T04:42:28Z INFO [849/1000] 27157fc3-99aa-4cba-98df-eb6e0ceff677: 110 arrays, 0.4 MB stored; 1.7 s; peak memory 448 MiB.
2026-10-09T04:42:29Z INFO [850/1000] 2710cae5-7523-4e3c-9d2f-83efb522547d: 1202 arrays, 29.1 MB stored; 16.5 s; peak memory 448 MiB.
2026-10-09T04:42:30Z INFO [851/1000] 2715bd96-2f41-414f-86cd-aa079665f58e: 112 arrays, 0.8 MB stored; 2.0 s; peak memory 448 MiB.
2026-10-09T04:42:30Z INFO [852/1000] 27151aec-4098-4c51-bea7-f7466a7bbc4d: 223 arrays, 305.2 MB stored; 6.5 s; peak memory 448 MiB.
2026-10-09T04:42:31Z INFO [853/1000] 27161054-62a4-4174-a0e8-c11d26d9d78b: 56 arrays, 0.0 MB stored; 1.3 s; peak memory 448 MiB.
2026-10-09T04:42:32Z INFO [854/1000] 27167dc1-0fc9-40f9-87a5-cbc07d9abd85: 112 arrays, 0.3 MB stored; 2.0 s; peak memory 448 MiB.
2026-10-09T04:42:39Z INFO [855/1000] 27171130-072f-471e-b8cb-77142d1bc276: 722 arrays, 9.1 MB stored; 7.6 s; peak memory 448 MiB.
2026-10-09T04:42:41Z INFO [856/1000] 2717816d-5c1d-437a-893c-3c2655152e91: 117 arrays, 0.4 MB stored; 1.8 s; peak memory 448 MiB.
2026-10-09T04:42:43Z INFO [857/1000] 27178a29-af43-4507-afad-7b725ec1b576: 66 arrays, 5326.9 MB stored; 2.1 s; peak memory 448 MiB.
2026-10-09T04:42:44Z INFO [858/1000] 27173ee5-6f28-401a-ab9b-b28ad58d5bb0: 49 arrays, 8109.8 MB stored; 12.0 s; peak memory 448 MiB.
2026-10-09T04:42:50Z INFO [859/1000] 2717d510-2161-401f-93f6-e0fe51b187a7: 433 arrays, 6.6 MB stored; 5.8 s; peak memory 448 MiB.
2026-10-09T04:42:52Z INFO [860/1000] 271866c0-8e8f-4e42-8001-51fcede452c2: 48 arrays, 83.9 MB stored; 1.5 s; peak memory 448 MiB.
2026-10-09T04:42:52Z INFO [861/1000] 27155057-6ec9-421c-bbde-d6213a64d054: 48 arrays, 39250.4 MB stored; 27.0 s; peak memory 448 MiB.
2026-10-09T04:42:54Z INFO [862/1000] 2718f505-b93d-4203-a235-1ece733b119f: 48 arrays, 83.9 MB stored; 1.6 s; peak memory 448 MiB.
2026-10-09T04:42:55Z INFO [863/1000] 2715d21f-d0c6-47ab-b73b-ffde1e008364: 48 arrays, 45595.7 MB stored; 26.2 s; peak memory 448 MiB.
2026-10-09T04:42:56Z INFO [864/1000] 27187213-e0d0-4b86-b8b8-5bcdc1c37253: 371 arrays, 3.1 MB stored; 4.1 s; peak memory 448 MiB.
2026-10-09T04:42:56Z INFO [865/1000] 27191d98-1fa6-49a1-ab76-5f11e47320fb: 112 arrays, 0.9 MB stored; 2.1 s; peak memory 448 MiB.
2026-10-09T04:42:57Z INFO [866/1000] 27194470-a6c5-4e0c-a238-9d1da5fb2908: 117 arrays, 0.3 MB stored; 1.8 s; peak memory 448 MiB.
2026-10-09T04:42:58Z INFO [867/1000] 2719e31f-5f07-4f71-a15c-220c986e6ee3: 48 arrays, 83.9 MB stored; 1.8 s; peak memory 448 MiB.
2026-10-09T04:42:58Z INFO [868/1000] 2719f71a-78a9-4128-81e9-217644fef5e0: 50 arrays, 6.0 MB stored; 1.4 s; peak memory 448 MiB.
2026-10-09T04:43:00Z INFO [869/1000] 271a5c3f-8ee4-473e-9d07-7f8a00402895: 118 arrays, 0.9 MB stored; 2.3 s; peak memory 448 MiB.
2026-10-09T04:43:02Z INFO [870/1000] 271a6232-b710-49fd-b27c-a97e5c755065: 56 arrays, 0.0 MB stored; 1.3 s; peak memory 448 MiB.
2026-10-09T04:43:04Z INFO [871/1000] 271baedb-f98d-4b8c-bbfb-7bb499942bd7: 78 arrays, 103.7 MB stored; 2.4 s; peak memory 448 MiB.
2026-10-09T04:43:06Z INFO [872/1000] 27195b6b-d43b-495b-8dc7-25bf5e13e86e: 339 arrays, 48.0 MB stored; 10.3 s; peak memory 448 MiB.
2026-10-09T04:43:07Z INFO [873/1000] 271c33f5-43fe-423d-acba-ffaca6971405: 35 arrays, 0.0 MB stored; 1.4 s; peak memory 448 MiB.
2026-10-09T04:43:10Z INFO [874/1000] 271cc432-ccdd-459e-91ef-3bf99c35cb88: 53 arrays, 262.1 MB stored; 2.7 s; peak memory 448 MiB.
2026-10-09T04:43:11Z INFO [875/1000] 271a4089-fdd5-463a-802b-747e578d882d: 789 arrays, 39.2 MB stored; 13.1 s; peak memory 448 MiB.
2026-10-09T04:43:12Z INFO [876/1000] 271d07a2-4b41-49fc-ad44-4a3844e4c338: 48 arrays, 83.9 MB stored; 1.7 s; peak memory 448 MiB.
2026-10-09T04:43:13Z INFO [877/1000] 271d257e-b93e-4861-9164-4f26e69a4118: 71 arrays, 4.7 MB stored; 2.2 s; peak memory 448 MiB.
2026-10-09T04:43:15Z INFO [878/1000] 271da58c-a69d-45ba-aba9-4e2958e82edd: 116 arrays, 0.3 MB stored; 1.6 s; peak memory 448 MiB.
2026-10-09T04:43:16Z INFO [879/1000] 271e2f84-d1ee-44f9-836f-12b5a43f33e5: 48 arrays, 83.9 MB stored; 1.7 s; peak memory 448 MiB.
2026-10-09T04:43:18Z INFO [880/1000] 271e342e-dca9-46cb-94b3-43619607f046: 117 arrays, 0.4 MB stored; 1.9 s; peak memory 448 MiB.
2026-10-09T04:43:20Z INFO [881/1000] 271ea284-7ac0-4fbb-82a8-a064cbd39400: 119 arrays, 0.1 MB stored; 1.6 s; peak memory 448 MiB.
2026-10-09T04:43:20Z INFO [882/1000] 271c2215-b89c-4a05-8cf1-3756acfa6b09: 50 arrays, 626.2 MB stored; 16.0 s; peak memory 448 MiB.
2026-10-09T04:43:21Z INFO [883/1000] 271f68bb-b505-45f2-9a4b-20c8e264388d: 48 arrays, 83.9 MB stored; 1.5 s; peak memory 448 MiB.
2026-10-09T04:43:23Z INFO [884/1000] 271ffbeb-e143-42b9-aaf9-d15b15aeec11: 48 arrays, 83.9 MB stored; 1.5 s; peak memory 448 MiB.
2026-10-09T04:43:24Z INFO [885/1000] 271fdb66-3625-4a75-8617-604a00d96538: 85 arrays, 549.6 MB stored; 4.4 s; peak memory 448 MiB.
2026-10-09T04:43:24Z INFO [886/1000] 272017fa-4b31-4f2c-9ce2-50e842313abf: 48 arrays, 83.9 MB stored; 1.7 s; peak memory 448 MiB.
2026-10-09T04:43:27Z INFO [887/1000] 27203d37-7307-479e-b45d-3da2ca5eb6b0: 66 arrays, 57.2 MB stored; 2.3 s; peak memory 448 MiB.
2026-10-09T04:43:27Z INFO [888/1000] 271d6286-8f2d-4c37-a86c-4797e75bc513: 837 arrays, 24.1 MB stored; 15.5 s; peak memory 448 MiB.
2026-10-09T04:43:27Z INFO [889/1000] 26f8b11c-d07f-43b5-a361-6e3a849b9741: 231 arrays, 10179.1 MB stored; 197.8 s; peak memory 448 MiB.
2026-10-09T04:43:28Z INFO [890/1000] 272093c4-917b-44c8-86cd-bcb46b01639c: 48 arrays, 83.9 MB stored; 1.5 s; peak memory 448 MiB.
2026-10-09T04:43:28Z INFO [891/1000] 272042c9-03af-490c-ba98-b64e179c2f44: 156 arrays, 193.5 MB stored; 4.0 s; peak memory 448 MiB.
2026-10-09T04:43:30Z INFO [892/1000] 272201d5-16c4-4afb-ac47-cb29424e71ab: 38 arrays, 0.5 MB stored; 1.5 s; peak memory 448 MiB.
2026-10-09T04:43:30Z INFO [893/1000] 2720bccb-b6cc-420e-9b97-5ed0bb70d0f4: 158 arrays, 1.2 MB stored; 3.0 s; peak memory 448 MiB.
2026-10-09T04:43:31Z INFO [894/1000] 2721c405-2ecc-4cbc-b12e-01b90ec2a508: 123 arrays, 6.7 MB stored; 3.2 s; peak memory 448 MiB.
2026-10-09T04:43:32Z INFO [895/1000] 2722a18a-2da2-4eb8-87bc-2aa531329ddc: 48 arrays, 83.9 MB stored; 1.6 s; peak memory 448 MiB.
2026-10-09T04:43:32Z INFO [896/1000] 2722f2e1-fc34-47bd-a3f7-6dd5a2311edf: 84 arrays, 0.1 MB stored; 1.6 s; peak memory 448 MiB.
2026-10-09T04:43:33Z INFO [897/1000] 2723d621-3dbc-4ae2-ad20-cdf6393c8698: 112 arrays, 0.3 MB stored; 1.8 s; peak memory 448 MiB.
2026-10-09T04:43:33Z INFO [898/1000] 27246f5d-4c69-4265-8a03-82d0630251bb: 52 arrays, 0.0 MB stored; 1.3 s; peak memory 448 MiB.
2026-10-09T04:43:35Z INFO [899/1000] 272557e0-a53b-4c42-b3bf-86ac1f4b1945: 116 arrays, 0.3 MB stored; 1.7 s; peak memory 448 MiB.
2026-10-09T04:43:35Z INFO [900/1000] 27261be8-77ca-4715-9c2a-3d3dde62c003: 116 arrays, 0.3 MB stored; 1.8 s; peak memory 448 MiB.
2026-10-09T04:43:36Z INFO [901/1000] 27268702-63a3-47af-b311-ceb9f3a822e0: 63 arrays, 0.2 MB stored; 1.4 s; peak memory 448 MiB.
2026-10-09T04:43:39Z INFO [902/1000] 2727c203-f790-4765-a3bb-5b7a54c652dc: 78 arrays, 506.6 MB stored; 2.6 s; peak memory 448 MiB.
2026-10-09T04:43:40Z INFO [903/1000] 2727ca51-0e84-4509-b3a4-1d14a20bf83e: 48 arrays, 83.9 MB stored; 1.6 s; peak memory 448 MiB.
2026-10-09T04:43:41Z INFO [904/1000] 2726b761-d359-417b-a723-47e31ef8ea93: 174 arrays, 51.2 MB stored; 6.4 s; peak memory 448 MiB.
2026-10-09T04:43:43Z INFO [905/1000] 2728c1c1-5c60-42ee-9853-4b403cc9d3a5: 52 arrays, 20.8 MB stored; 1.8 s; peak memory 448 MiB.
2026-10-09T04:43:44Z INFO [906/1000] 27245806-669a-456e-bb89-4a9621022506: 797 arrays, 23.5 MB stored; 12.0 s; peak memory 448 MiB.
2026-10-09T04:43:44Z INFO [907/1000] 2728be06-9b0e-422f-a16b-14fb435a0019: 85 arrays, 147.1 MB stored; 3.7 s; peak memory 448 MiB.
2026-10-09T04:43:45Z INFO [908/1000] 27296fcb-5e14-48b0-bf4e-1709d6b31b4d: 69 arrays, 0.0 MB stored; 1.7 s; peak memory 448 MiB.
2026-10-09T04:43:46Z INFO [909/1000] 2728f70b-f9e4-4c86-bc64-6b938fd125a8: 69 arrays, 37.3 MB stored; 2.5 s; peak memory 448 MiB.
2026-10-09T04:43:47Z INFO [910/1000] 272b6528-2f9c-47f6-afa6-651fa854de38: 46 arrays, 0.0 MB stored; 1.3 s; peak memory 448 MiB.
2026-10-09T04:43:49Z INFO [911/1000] 272b156b-bd03-411e-bfc8-5d5d3025fffc: 156 arrays, 193.5 MB stored; 4.0 s; peak memory 448 MiB.
2026-10-09T04:43:50Z INFO [912/1000] 272bb071-7339-4f32-9f2c-9f3ee19e3e29: 123 arrays, 5.9 MB stored; 3.4 s; peak memory 448 MiB.
2026-10-09T04:43:52Z INFO [913/1000] 272c4d0b-54ef-4e48-8684-f3a014c68bbf: 74 arrays, 50.5 MB stored; 1.9 s; peak memory 448 MiB.
2026-10-09T04:43:54Z INFO [914/1000] 272c95af-c198-4967-9606-2751cb40bb49: 48 arrays, 83.9 MB stored; 1.7 s; peak memory 448 MiB.
2026-10-09T04:43:56Z INFO [915/1000] 272ccc05-92c4-49ba-986b-3d1f77d0151a: 110 arrays, 0.3 MB stored; 1.7 s; peak memory 448 MiB.
2026-10-09T04:43:58Z INFO [916/1000] 272c0f09-4ec3-4779-b1bd-f1b707b9d134: 525 arrays, 29.9 MB stored; 8.5 s; peak memory 448 MiB.
2026-10-09T04:43:59Z INFO [917/1000] 272ce567-befb-40d4-9e0f-7adc52e145c3: 116 arrays, 187.2 MB stored; 3.7 s; peak memory 448 MiB.
2026-10-09T04:44:00Z INFO [918/1000] 27217e4c-2ecc-45a8-8551-feeccce84451: 1644 arrays, 33.0 MB stored; 32.6 s; peak memory 448 MiB.
2026-10-09T04:44:01Z INFO [919/1000] 272cebf2-cb01-4be8-a7a2-f85c37edde5c: 115 arrays, 186.8 MB stored; 3.5 s; peak memory 448 MiB.
2026-10-09T04:44:01Z INFO [920/1000] 272d49c5-323b-45d5-ac11-285114909c4c: 77 arrays, 0.1 MB stored; 1.8 s; peak memory 448 MiB.
2026-10-09T04:44:02Z INFO [921/1000] 272d5f20-4445-4694-bd43-17c700f495e3: 48 arrays, 83.9 MB stored; 1.6 s; peak memory 448 MiB.
2026-10-09T04:44:03Z INFO [922/1000] 272ea356-f278-49e5-97f5-8bac947f38da: 48 arrays, 83.9 MB stored; 1.8 s; peak memory 448 MiB.
2026-10-09T04:44:03Z INFO [923/1000] 272ee21d-131e-4a63-850f-132af90dbf05: 66 arrays, 2712.0 MB stored; 1.9 s; peak memory 448 MiB.
2026-10-09T04:44:04Z INFO [924/1000] 272dcb87-9e70-493a-b2c3-4d4db8189957: 115 arrays, 190.1 MB stored; 3.2 s; peak memory 448 MiB.
2026-10-09T04:44:05Z INFO [925/1000] 272ef470-c272-4eb3-853f-c05e8649cd87: 112 arrays, 0.3 MB stored; 1.8 s; peak memory 448 MiB.
2026-10-09T04:44:07Z INFO [926/1000] 272f0d49-4981-4fe2-8935-768bb46884b6: 112 arrays, 0.4 MB stored; 2.2 s; peak memory 448 MiB.
2026-10-09T04:44:09Z INFO [927/1000] 2731ae1f-bde6-4bfb-ac76-07aaa94ab496: 117 arrays, 0.3 MB stored; 1.9 s; peak memory 448 MiB.
2026-10-09T04:44:11Z INFO [928/1000] 272eec3d-e8a2-43b3-b31e-7dab1d8ba51e: 645 arrays, 24.0 MB stored; 8.5 s; peak memory 448 MiB.
2026-10-09T04:44:13Z INFO [929/1000] 273312d0-4abf-428c-a456-f02ff748739a: 112 arrays, 0.3 MB stored; 1.9 s; peak memory 448 MiB.
2026-10-09T04:44:20Z INFO [930/1000] 272f3cd0-bf18-4e17-8fe7-32cdad261dfe: 1666 arrays, 23.8 MB stored; 15.1 s; peak memory 448 MiB.
2026-10-09T04:44:22Z INFO [931/1000] 27335381-9109-4f00-8dfb-279bb078c2ee: 48 arrays, 83.9 MB stored; 1.6 s; peak memory 448 MiB.
2026-10-09T04:44:23Z INFO [932/1000] 2731afc3-9080-4bac-b226-4c2a8597343d: 3155 arrays, 38.4 MB stored; 14.7 s; peak memory 448 MiB.
2026-10-09T04:44:25Z INFO [933/1000] 2734ac25-dec9-436f-8eed-144edcf8c04c: 112 arrays, 0.6 MB stored; 2.2 s; peak memory 448 MiB.
2026-10-09T04:44:26Z INFO [934/1000] 27332587-94de-4036-88f0-22164534d633: 830 arrays, 38.7 MB stored; 12.2 s; peak memory 448 MiB.
2026-10-09T04:44:28Z INFO [935/1000] 2734e107-be90-427a-8b0a-f4d1e60a6cda: 133 arrays, 82243.7 MB stored; 2.7 s; peak memory 448 MiB.
2026-10-09T04:44:30Z INFO [936/1000] 27358f1a-88fa-4f1d-bd19-d31e9392793a: 110 arrays, 0.4 MB stored; 2.0 s; peak memory 448 MiB.
2026-10-09T04:44:32Z INFO [937/1000] 27359f2c-269c-42e1-ab5c-da9cab74f61d: 76 arrays, 4.8 MB stored; 2.0 s; peak memory 448 MiB.
2026-10-09T04:44:34Z INFO [938/1000] 2735a86c-61cf-45fe-afdc-8ddd4f51d488: 46 arrays, 0.5 MB stored; 1.6 s; peak memory 448 MiB.
2026-10-09T04:44:36Z INFO [939/1000] 2736826e-9d4d-4bda-b79d-ed77544727d9: 78 arrays, 581.6 MB stored; 2.5 s; peak memory 448 MiB.
2026-10-09T04:44:49Z INFO [940/1000] 271492b0-a59b-451f-a61d-fd04d1dd0609: 410 arrays, 19734.8 MB stored; 146.1 s; peak memory 448 MiB.
2026-10-09T04:44:50Z INFO [941/1000] 2736d5a9-52c3-45be-b1f4-6cb0e2eadabe: 48 arrays, 83.9 MB stored; 1.5 s; peak memory 448 MiB.
2026-10-09T04:44:51Z INFO [942/1000] 2734ee3b-2b3b-428b-a03c-6e12cc20794e: 522 arrays, 4288.5 MB stored; 25.5 s; peak memory 448 MiB.
2026-10-09T04:44:53Z INFO [943/1000] 2737c97b-1d5b-482f-b206-2ce3b0bd2815: 52 arrays, 13.2 MB stored; 1.7 s; peak memory 448 MiB.
2026-10-09T04:44:54Z INFO [944/1000] 27370186-1ff8-4e68-b8ad-f369586a4e5d: 114 arrays, 186.9 MB stored; 3.3 s; peak memory 448 MiB.
2026-10-09T04:44:55Z INFO [945/1000] 2738ae11-039f-4f0c-b2f8-3ba780b5c154: 46 arrays, 0.1 MB stored; 1.3 s; peak memory 448 MiB.
2026-10-09T04:44:57Z INFO [946/1000] 2738cb47-cbc8-4bd5-a577-7097854cb397: 78 arrays, 462.9 MB stored; 2.6 s; peak memory 448 MiB.
2026-10-09T04:44:59Z INFO [947/1000] 2738f4ec-3883-4d00-977c-f2ad9d56f3f6: 48 arrays, 83.9 MB stored; 1.6 s; peak memory 448 MiB.
2026-10-09T04:45:01Z INFO [948/1000] 2738fcf7-2da4-406f-bf4f-efd140d47365: 48 arrays, 197.1 MB stored; 2.3 s; peak memory 448 MiB.
2026-10-09T04:45:03Z INFO [949/1000] 273993de-fa0d-4752-96c7-6b5e8b01aed4: 49 arrays, 18.7 MB stored; 1.9 s; peak memory 448 MiB.
2026-10-09T04:45:05Z INFO [950/1000] 2739f69a-9e9a-439b-9947-efea0374c5f9: 48 arrays, 83.9 MB stored; 1.6 s; peak memory 448 MiB.
2026-10-09T04:45:06Z INFO [951/1000] 27380997-9b9c-4331-8725-90b4615d3a65: 689 arrays, 37.7 MB stored; 13.7 s; peak memory 448 MiB.
2026-10-09T04:45:08Z INFO [952/1000] 2717d2fe-01d2-412a-aad3-e22eced49c37: 167 arrays, 21263.3 MB stored; 145.8 s; peak memory 448 MiB.
2026-10-09T04:45:09Z INFO [953/1000] 273a485e-ae44-4caf-bcec-d4ceb5c33b78: 48 arrays, 34.7 MB stored; 4.1 s; peak memory 448 MiB.
2026-10-09T04:45:11Z INFO [954/1000] 273b58b9-76d3-4c43-9a9c-2fde570bde21: 117 arrays, 0.3 MB stored; 1.8 s; peak memory 448 MiB.
2026-10-09T04:45:13Z INFO [955/1000] 273c4493-e24a-44d3-9051-a7c367f5ee62: 112 arrays, 0.8 MB stored; 2.4 s; peak memory 448 MiB.
2026-10-09T04:45:15Z INFO [956/1000] 273c5a23-2ce2-4bf0-aab7-1c59e682cc52: 35 arrays, 0.0 MB stored; 1.4 s; peak memory 448 MiB.
2026-10-09T04:45:16Z INFO [957/1000] 273ceba9-e94c-49c1-bfb3-a08288be9d72: 21 arrays, 0.6 MB stored; 1.3 s; peak memory 448 MiB.
2026-10-09T04:45:19Z INFO [958/1000] 273d0572-db71-4633-89df-2284994881b4: 118 arrays, 67.1 MB stored; 3.2 s; peak memory 448 MiB.
2026-10-09T04:45:20Z INFO [959/1000] 273b097e-4a9b-4d2c-90ef-7d5cfb6838c3: 681 arrays, 38.5 MB stored; 11.5 s; peak memory 448 MiB.
2026-10-09T04:45:21Z INFO [960/1000] 273d1a12-4ffc-4ffc-82e9-3d9430bbd19e: 48 arrays, 83.9 MB stored; 1.6 s; peak memory 448 MiB.
2026-10-09T04:45:22Z INFO [961/1000] 273dfd54-583e-4b4c-b0e1-747261f87b8c: 110 arrays, 0.2 MB stored; 1.8 s; peak memory 448 MiB.
2026-10-09T04:45:23Z INFO [962/1000] 273e4b10-707f-410d-9eb5-095ec1d0b058: 55 arrays, 0.0 MB stored; 1.3 s; peak memory 448 MiB.
2026-10-09T04:45:23Z INFO [963/1000] 273e3c82-8cff-453e-a1e2-3e71704e11d6: 71 arrays, 62.8 MB stored; 2.5 s; peak memory 448 MiB.
2026-10-09T04:45:25Z INFO [964/1000] 273e6571-4c2e-4ad8-890d-47fe35d9a693: 48 arrays, 83.9 MB stored; 1.6 s; peak memory 448 MiB.
2026-10-09T04:45:26Z INFO [965/1000] 273e890d-fae8-472f-80d9-e4950d60804b: 117 arrays, 0.5 MB stored; 1.8 s; peak memory 448 MiB.
2026-10-09T04:45:27Z INFO [966/1000] 273e85f9-954c-4eeb-bbb9-b019c86d36a8: 38 arrays, 35.9 MB stored; 3.3 s; peak memory 448 MiB.
2026-10-09T04:45:28Z INFO [967/1000] 273a7751-b72b-4551-910c-f676c741e40d: 133 arrays, 456.7 MB stored; 21.3 s; peak memory 448 MiB.
2026-10-09T04:45:28Z INFO [968/1000] 273eda23-abbd-4582-ac68-7fd3fbfd67b2: 63 arrays, 0.2 MB stored; 1.7 s; peak memory 448 MiB.
2026-10-09T04:45:30Z INFO [969/1000] 273ef6da-eeba-4b97-ae65-197adc74934f: 31 arrays, 26171.8 MB stored; 2.0 s; peak memory 448 MiB.
2026-10-09T04:45:31Z INFO [970/1000] 273edb1c-399e-414c-a11d-06cca1954eaa: 155 arrays, 3.8 MB stored; 2.8 s; peak memory 448 MiB.
2026-10-09T04:45:32Z INFO [971/1000] 273f9bfd-3d75-4487-8b0e-e450186019b5: 44 arrays, 0.0 MB stored; 1.4 s; peak memory 448 MiB.
2026-10-09T04:45:32Z INFO [972/1000] 273f54f1-9d4d-49a9-a399-4ea5612ab782: 63 arrays, 106.8 MB stored; 2.1 s; peak memory 448 MiB.
2026-10-09T04:45:34Z INFO [973/1000] 274019c8-e664-471e-bc98-87e4e872fd37: 48 arrays, 83.9 MB stored; 1.6 s; peak memory 448 MiB.
2026-10-09T04:45:43Z INFO [974/1000] 273e913d-ed64-4df4-987e-3d9d4394de60: 428 arrays, 515.0 MB stored; 16.1 s; peak memory 448 MiB.
2026-10-09T04:45:47Z INFO [975/1000] 2740c1ec-8f49-4980-b3e8-6a7b4c4e82d6: 2911 arrays, 34.2 MB stored; 14.9 s; peak memory 448 MiB.
2026-10-09T04:45:48Z INFO [976/1000] 2741faf6-1baa-46dd-948d-01265fd83474: 1017 arrays, 39.9 MB stored; 14.8 s; peak memory 448 MiB.
2026-10-09T04:45:49Z INFO [977/1000] 2742fb2e-e660-4576-9d51-1fd5bf4d3218: 52 arrays, 29.4 MB stored; 1.9 s; peak memory 448 MiB.
2026-10-09T04:45:52Z INFO [978/1000] 27438f7a-ccd1-4c17-bd08-970fff052dd1: 38 arrays, 25.4 MB stored; 2.9 s; peak memory 448 MiB.
2026-10-09T04:45:53Z INFO [979/1000] 27439747-2b72-4967-81c1-8368dba2b901: 45 arrays, 0.0 MB stored; 1.4 s; peak memory 448 MiB.
2026-10-09T04:45:55Z INFO [980/1000] 2743f57e-738a-40de-ab45-ca5f5a85802e: 112 arrays, 0.5 MB stored; 2.0 s; peak memory 448 MiB.
2026-10-09T04:45:57Z INFO [981/1000] 2744625a-5dd5-40ea-a1d3-760e977f9a41: 48 arrays, 83.9 MB stored; 1.6 s; peak memory 448 MiB.
2026-10-09T04:45:58Z INFO [982/1000] 2741fca2-430f-4b2d-9559-fbf01800b2b4: 421 arrays, 31.3 MB stored; 15.4 s; peak memory 448 MiB.
2026-10-09T04:45:58Z INFO [983/1000] 274467bc-f064-48ea-9658-85eb2e865031: 37 arrays, 0.0 MB stored; 1.4 s; peak memory 448 MiB.
2026-10-09T04:46:05Z INFO [984/1000] 274577eb-6177-457b-a2e8-b3d0db5fc55d: 199 arrays, 388.3 MB stored; 6.8 s; peak memory 448 MiB.
2026-10-09T04:46:07Z INFO [985/1000] 27463c0c-52f3-4d40-989b-7f1d850121c5: 48 arrays, 83.9 MB stored; 1.6 s; peak memory 448 MiB.
2026-10-09T04:46:08Z INFO [986/1000] 27466d6e-fb49-467f-becb-d9f9dbcd4b12: 63 arrays, 0.1 MB stored; 1.5 s; peak memory 448 MiB.
2026-10-09T04:46:10Z INFO [987/1000] 27467967-cba5-4754-bb54-1a75740e2cff: 112 arrays, 0.6 MB stored; 2.0 s; peak memory 448 MiB.
2026-10-09T04:46:11Z INFO [988/1000] 2729875e-d01f-4e05-b1be-158cad37902f: 167 arrays, 21128.1 MB stored; 147.3 s; peak memory 448 MiB.
2026-10-09T04:46:12Z INFO [989/1000] 27468882-3013-4e82-9f4a-ce0adb0e7f95: 48 arrays, 83.9 MB stored; 1.7 s; peak memory 448 MiB.
2026-10-09T04:46:13Z INFO [990/1000] 2746e916-5b0e-498e-8ad2-4a9d9a793c70: 118 arrays, 0.4 MB stored; 2.0 s; peak memory 448 MiB.
2026-10-09T04:46:14Z INFO [991/1000] 27472988-3112-4c1c-b29a-5a1bd2809695: 112 arrays, 0.4 MB stored; 2.0 s; peak memory 448 MiB.
2026-10-09T04:46:16Z INFO [992/1000] 274777d3-7a32-4a47-bfef-a29a5628efb6: 112 arrays, 0.7 MB stored; 2.0 s; peak memory 448 MiB.
2026-10-09T04:46:18Z INFO [993/1000] 2733b82a-7ca8-422a-80f8-4040b39cc0f7: 163 arrays, 5815.1 MB stored; 116.4 s; peak memory 448 MiB.
2026-10-09T04:46:24Z INFO [994/1000] 2747f9cb-6a6b-40df-8cb2-9bbdb1633d9e: 538 arrays, 8.8 MB stored; 8.1 s; peak memory 448 MiB.
2026-10-09T04:46:26Z INFO [995/1000] 2744f758-1416-424a-a9e8-b7f5cf69e201: 48 arrays, 38490.7 MB stored; 27.6 s; peak memory 448 MiB.
2026-10-09T04:46:28Z INFO [996/1000] 27476baf-0ffc-479f-a5e3-896d445c224c: 1312 arrays, 24.8 MB stored; 14.4 s; peak memory 448 MiB.
2026-10-09T04:46:39Z INFO [997/1000] 273683e0-cd6b-4549-9cd8-d56d965ea754: 5606 arrays, 1406.6 MB stored; 122.4 s; peak memory 448 MiB.
2026-10-09T04:48:30Z INFO [998/1000] 2742fcdd-6c70-4dbe-887a-767fc698bcdb: 257 arrays, 23317.8 MB stored; 161.3 s; peak memory 448 MiB.
2026-10-09T04:49:58Z WARNING 26116641-d316-4e43-9d9f-8053e1e7c923: failed while reading the NWB file (TimeoutError: exceeded 1200 s)
2026-10-09T04:49:58Z WARNING [999/1000] 26116641-d316-4e43-9d9f-8053e1e7c923: recorded the failure; a later run retries it.
2026-10-09T04:55:10Z WARNING 26852b7d-0b3b-4a69-bc97-127c69301340: failed while reading the NWB file (TimeoutError: exceeded 1200 s)
2026-10-09T04:55:10Z WARNING [1000/1000] 26852b7d-0b3b-4a69-bc97-127c69301340: recorded the failure; a later run retries it.
2026-10-09T04:55:12Z INFO [1000/1000] 26852b7d-0b3b-4a69-bc97-127c69301340: checkpointed 1000 new records.
2026-10-09T04:55:12Z INFO Wrote 26200 records to /tmp/derivatives/valid_nwb_file_to_array_sizes.jsonl (998 new, 2 failed) in 27.6 min (peak memory 584 MiB).
