2026-10-10T05:20:11Z INFO Logging to /tmp/logs/update_2026-10-10T05-20-11Z.log.
2026-10-10T05:20:11Z INFO Update valid-nwb-file-to-array-sizes (base directory /tmp).
2026-10-10T05:20:50Z INFO Processing 1000 items (66200 already recorded).
2026-10-10T05:20:52Z INFO [1/1000] 63444f4c-16af-46f3-a2f9-59897ecaff2d: 57 arrays, 0.0 MB stored; 1.8 s; peak memory 163 MiB.
2026-10-10T05:20:52Z INFO [2/1000] 6341f9f8-eee2-4c73-be4d-cbaeafc24091: 48 arrays, 83.9 MB stored; 1.9 s; peak memory 163 MiB.
2026-10-10T05:20:52Z INFO [3/1000] 63439d22-2a66-42e8-95cb-b3f1e2c3f1b0: 48 arrays, 83.9 MB stored; 2.0 s; peak memory 163 MiB.
2026-10-10T05:20:52Z INFO [4/1000] 634381bd-89f6-4ebf-8f75-41fd80b59196: 116 arrays, 0.2 MB stored; 2.0 s; peak memory 163 MiB.
2026-10-10T05:20:52Z INFO [5/1000] 63438bdf-ddb4-43c3-a22d-c2eee310f5a5: 117 arrays, 0.3 MB stored; 2.0 s; peak memory 163 MiB.
2026-10-10T05:20:52Z INFO [6/1000] 6340f6d5-b894-4e5a-8331-05f97442c5e0: 110 arrays, 1.1 MB stored; 2.2 s; peak memory 163 MiB.
2026-10-10T05:20:52Z INFO [7/1000] 634239cb-eda5-4fc4-91f8-b53ee627173b: 117 arrays, 0.4 MB stored; 2.3 s; peak memory 163 MiB.
2026-10-10T05:20:52Z INFO [8/1000] 634407b4-0646-48df-a5b4-40bcd278e89b: 110 arrays, 0.7 MB stored; 2.4 s; peak memory 163 MiB.
2026-10-10T05:20:53Z INFO [9/1000] 63471d5b-23d3-4773-af87-64333cdaa1da: 48 arrays, 83.9 MB stored; 1.7 s; peak memory 163 MiB.
2026-10-10T05:20:53Z INFO [10/1000] 6344c72e-cde0-4f1c-814f-2c256de09519: 52 arrays, 14.8 MB stored; 2.0 s; peak memory 163 MiB.
2026-10-10T05:20:54Z INFO [11/1000] 6347350c-cb60-424c-a367-ad6fa2ca455a: 46 arrays, 0.1 MB stored; 1.8 s; peak memory 163 MiB.
2026-10-10T05:20:54Z INFO [12/1000] 6344fc62-786d-4725-ac02-fb80da239e12: 45 arrays, 643.6 MB stored; 2.2 s; peak memory 163 MiB.
2026-10-10T05:20:54Z INFO [13/1000] 634776be-8cf1-4d02-b955-34088fda7761: 117 arrays, 0.4 MB stored; 1.8 s; peak memory 163 MiB.
2026-10-10T05:20:55Z INFO [14/1000] 6345627f-d7f0-4950-b8de-9fab2107ed19: 51 arrays, 628.4 MB stored; 2.8 s; peak memory 163 MiB.
2026-10-10T05:20:55Z INFO [15/1000] 63456816-fa3d-42b3-a680-5cff4d246d1b: 188 arrays, 16.2 MB stored; 3.3 s; peak memory 163 MiB.
2026-10-10T05:20:55Z INFO [16/1000] 634afc75-e98e-4d54-b753-32cf2673b1d3: 48 arrays, 83.9 MB stored; 1.2 s; peak memory 163 MiB.
2026-10-10T05:20:55Z INFO [17/1000] 6348b805-1d8a-4e1d-8268-552bcc32bad2: 116 arrays, 0.3 MB stored; 1.6 s; peak memory 163 MiB.
2026-10-10T05:20:55Z INFO [18/1000] 6349a51a-6a21-47ce-a6ec-2865e568e93f: 48 arrays, 83.9 MB stored; 1.3 s; peak memory 163 MiB.
2026-10-10T05:20:56Z INFO [19/1000] 634a46e2-b2b0-48c3-8c5b-8be8d1112b7a: 71 arrays, 72.5 MB stored; 1.8 s; peak memory 163 MiB.
2026-10-10T05:20:56Z INFO [20/1000] 634b5154-7ab0-42b5-a71f-33bd2bb7bdb6: 117 arrays, 0.1 MB stored; 1.2 s; peak memory 163 MiB.
2026-10-10T05:20:56Z INFO [21/1000] 6349546c-315f-4369-8fbd-1e4cb029e45f: 116 arrays, 187.2 MB stored; 2.4 s; peak memory 163 MiB.
2026-10-10T05:20:57Z INFO [22/1000] 634dc8d2-aabb-47a6-b8d5-0a04fe0a942d: 48 arrays, 83.9 MB stored; 1.5 s; peak memory 163 MiB.
2026-10-10T05:20:57Z INFO [23/1000] 634d76e7-bfe5-4b1d-95ff-1c270a07e143: 112 arrays, 0.6 MB stored; 1.7 s; peak memory 163 MiB.
2026-10-10T05:20:57Z INFO [24/1000] 634e88a8-7de1-43ed-9df0-a469062ac761: 48 arrays, 83.9 MB stored; 1.2 s; peak memory 163 MiB.
2026-10-10T05:20:57Z INFO [25/1000] 634e016f-8ad3-4fd0-9f5b-197cc4e8201d: 83 arrays, 1.3 MB stored; 1.5 s; peak memory 163 MiB.
2026-10-10T05:20:57Z INFO [26/1000] 634dfffe-1ebc-4819-9709-c512f6ca375c: 71 arrays, 98.8 MB stored; 2.1 s; peak memory 163 MiB.
2026-10-10T05:20:58Z INFO [27/1000] 634da679-4bfb-412a-9255-4fa8e8c81edd: 114 arrays, 186.8 MB stored; 2.7 s; peak memory 163 MiB.
2026-10-10T05:20:58Z INFO [28/1000] 634f5c68-8db7-4485-9d54-72468531c93e: 48 arrays, 83.9 MB stored; 1.2 s; peak memory 163 MiB.
2026-10-10T05:20:58Z INFO [29/1000] 634f8960-749c-4813-a7f0-1c5a52c4dbf2: 71 arrays, 4.1 MB stored; 1.6 s; peak memory 163 MiB.
2026-10-10T05:20:59Z INFO [30/1000] 634fa2cc-c99d-4752-970d-3ecf9bece8e8: 59 arrays, 99.7 MB stored; 1.6 s; peak memory 163 MiB.
2026-10-10T05:20:59Z INFO [31/1000] 634febf2-14c8-4895-b881-8a01d23cd0ff: 117 arrays, 0.4 MB stored; 1.5 s; peak memory 163 MiB.
2026-10-10T05:20:59Z INFO [32/1000] 63508c7a-6e91-4d62-b60f-e8f560755015: 51 arrays, 0.0 MB stored; 1.1 s; peak memory 163 MiB.
2026-10-10T05:21:00Z INFO [33/1000] 63513cd1-74c0-4b08-9c13-70cb81947297: 59 arrays, 249.4 MB stored; 1.4 s; peak memory 163 MiB.
2026-10-10T05:21:00Z INFO [34/1000] 63521d62-a6e8-4f5d-91f8-3c0e8527d7a4: 45 arrays, 0.0 MB stored; 1.1 s; peak memory 163 MiB.
2026-10-10T05:21:00Z INFO [35/1000] 63541e22-5276-4704-9c03-d000317a31ca: 48 arrays, 83.9 MB stored; 1.3 s; peak memory 163 MiB.
2026-10-10T05:21:01Z INFO [36/1000] 63543ca7-baf8-4ae6-aa73-a34c978aba85: 48 arrays, 83.9 MB stored; 1.1 s; peak memory 163 MiB.
2026-10-10T05:21:01Z INFO [37/1000] 63534832-2f18-44cc-9c6f-f959af5e268d: 71 arrays, 128.3 MB stored; 2.2 s; peak memory 163 MiB.
2026-10-10T05:21:01Z INFO [38/1000] 635473c4-84ef-452f-bf33-70616f0295d3: 116 arrays, 9.7 MB stored; 1.1 s; peak memory 163 MiB.
2026-10-10T05:21:02Z INFO [39/1000] 6354b846-1e53-43cd-af4e-24387fd2a40b: 112 arrays, 0.3 MB stored; 1.2 s; peak memory 163 MiB.
2026-10-10T05:21:02Z INFO [40/1000] 635534ca-425a-41ca-8766-c8b9fc67c93e: 48 arrays, 83.9 MB stored; 1.3 s; peak memory 163 MiB.
2026-10-10T05:21:03Z INFO [41/1000] 6355ac17-1571-42d0-8fcf-a699350d9fef: 118 arrays, 0.3 MB stored; 1.3 s; peak memory 163 MiB.
2026-10-10T05:21:03Z INFO [42/1000] 6355f596-8ad3-4448-948b-61e93ca49f2c: 48 arrays, 83.9 MB stored; 1.2 s; peak memory 163 MiB.
2026-10-10T05:21:03Z INFO [43/1000] 635637f4-9203-44d7-b205-04aa30d75543: 48 arrays, 83.9 MB stored; 0.9 s; peak memory 163 MiB.
2026-10-10T05:21:04Z INFO [44/1000] 6356fa65-4b81-4aa1-b131-fa1370305a75: 110 arrays, 0.2 MB stored; 1.1 s; peak memory 163 MiB.
2026-10-10T05:21:04Z INFO [45/1000] 63575e6d-0c79-4697-9db7-2fd60ae57b60: 48 arrays, 83.9 MB stored; 1.0 s; peak memory 163 MiB.
2026-10-10T05:21:05Z INFO [46/1000] 634fa1c6-d7aa-48f1-b058-4fd8755c263c: 795 arrays, 39.7 MB stored; 7.7 s; peak memory 163 MiB.
2026-10-10T05:21:05Z INFO [47/1000] 634e048c-2560-42ff-8d36-b54e2abddbb3: 668 arrays, 20.1 MB stored; 9.4 s; peak memory 163 MiB.
2026-10-10T05:21:05Z INFO [48/1000] 63560d90-34e3-42a6-8f60-199d6d72ff16: 229 arrays, 245.4 MB stored; 3.2 s; peak memory 163 MiB.
2026-10-10T05:21:06Z INFO [49/1000] 6357b4c4-7c28-4183-a3cb-8423c085c3a0: 112 arrays, 0.2 MB stored; 1.2 s; peak memory 163 MiB.
2026-10-10T05:21:06Z INFO [50/1000] 6358084c-8013-4cba-930d-e2c00159841c: 69 arrays, 46.6 MB stored; 1.6 s; peak memory 163 MiB.
2026-10-10T05:21:07Z INFO [51/1000] 635934e5-c3f8-4549-8c49-dcf09bdbdb61: 112 arrays, 0.8 MB stored; 1.6 s; peak memory 163 MiB.
2026-10-10T05:21:07Z INFO [52/1000] 635947dc-4592-4cd0-90df-abb60edc6619: 69 arrays, 1.9 MB stored; 1.3 s; peak memory 163 MiB.
2026-10-10T05:21:07Z INFO [53/1000] 6359306d-19e7-4c86-acbd-be2779e7b465: 84 arrays, 274.4 MB stored; 2.1 s; peak memory 163 MiB.
2026-10-10T05:21:07Z INFO [54/1000] 63595158-c5b1-4b51-a3fc-9b29691b6c31: 117 arrays, 0.3 MB stored; 1.1 s; peak memory 163 MiB.
2026-10-10T05:21:08Z INFO [55/1000] 6359e311-a3a7-4ca9-a3c0-f9a122d5d31e: 46 arrays, 0.0 MB stored; 1.0 s; peak memory 163 MiB.
2026-10-10T05:21:08Z INFO [56/1000] 635a4ee9-dac9-4311-9a85-2d20d7457305: 48 arrays, 83.9 MB stored; 1.3 s; peak memory 163 MiB.
2026-10-10T05:21:10Z INFO [57/1000] 635aa59e-c22e-4f53-aee7-f62d15004da2: 286 arrays, 678.2 MB stored; 3.0 s; peak memory 163 MiB.
2026-10-10T05:21:11Z INFO [58/1000] 635b90f5-bc66-4b95-9e83-f37aca14a647: 59 arrays, 124.7 MB stored; 1.2 s; peak memory 163 MiB.
2026-10-10T05:21:11Z INFO [59/1000] 635ab311-71d7-44ea-ad0f-688cd818b4d8: 896 arrays, 26.8 MB stored; 4.4 s; peak memory 163 MiB.
2026-10-10T05:21:12Z INFO [60/1000] 635abdce-dc73-445e-b5c7-30929f6147e2: 225 arrays, 570.2 MB stored; 4.1 s; peak memory 163 MiB.
2026-10-10T05:21:12Z INFO [61/1000] 635b9d51-f37d-4109-bac1-49ae6b0627c8: 66 arrays, 3339.2 MB stored; 1.3 s; peak memory 163 MiB.
2026-10-10T05:21:13Z INFO [62/1000] 635cfc9a-ecee-48bf-b5dc-65b870912b37: 118 arrays, 0.5 MB stored; 1.0 s; peak memory 163 MiB.
2026-10-10T05:21:14Z INFO [63/1000] 635c87d1-caf3-4952-a279-30059e3b07f7: 156 arrays, 193.4 MB stored; 2.6 s; peak memory 163 MiB.
2026-10-10T05:21:14Z INFO [64/1000] 63593a09-6d51-48e9-874b-03a0e1147498: 1037 arrays, 33.1 MB stored; 8.9 s; peak memory 163 MiB.
2026-10-10T05:21:15Z INFO [65/1000] 635d0e10-d7b5-4a9d-9f47-bcf89d10a03e: 112 arrays, 0.7 MB stored; 1.3 s; peak memory 163 MiB.
2026-10-10T05:21:15Z INFO [66/1000] 635f08c8-4c40-4521-8852-6a302cbd9f22: 48 arrays, 83.9 MB stored; 1.1 s; peak memory 163 MiB.
2026-10-10T05:21:16Z INFO [67/1000] 63601bcb-2200-40e1-a5ed-9f821dfa6e73: 112 arrays, 0.6 MB stored; 1.4 s; peak memory 163 MiB.
2026-10-10T05:21:16Z INFO [68/1000] 63616def-c1d0-422e-bbb0-d63b5b8d3227: 48 arrays, 83.9 MB stored; 1.2 s; peak memory 163 MiB.
2026-10-10T05:21:16Z INFO [69/1000] 635c3b1a-c1f3-4ebe-a94e-5615492772ea: 767 arrays, 12.5 MB stored; 5.0 s; peak memory 163 MiB.
2026-10-10T05:21:17Z INFO [70/1000] 636299d6-ac62-4c8d-8ff3-b298747f3f65: 116 arrays, 9.7 MB stored; 1.3 s; peak memory 163 MiB.
2026-10-10T05:21:17Z INFO [71/1000] 6363bae9-11ea-4767-8529-74b09132e2db: 77 arrays, 0.1 MB stored; 1.2 s; peak memory 163 MiB.
2026-10-10T05:21:18Z INFO [72/1000] 6364246a-550e-45fc-9bbb-1a82d02918bb: 57 arrays, 621.4 MB stored; 1.8 s; peak memory 163 MiB.
2026-10-10T05:21:19Z INFO [73/1000] 63633860-a14b-40d9-892f-83af012bce34: 532 arrays, 8.9 MB stored; 3.4 s; peak memory 163 MiB.
2026-10-10T05:21:19Z INFO [74/1000] 6365b855-bdc4-441f-9684-45ff9ea976e8: 152 arrays, 0.2 MB stored; 1.1 s; peak memory 163 MiB.
2026-10-10T05:21:19Z INFO [75/1000] 63657e32-ad33-4625-b664-31699b5bf664: 92 arrays, 629.3 MB stored; 2.8 s; peak memory 163 MiB.
2026-10-10T05:21:20Z INFO [76/1000] 63660bf7-eb64-4055-bb8a-d9afca2ec4f8: 38 arrays, 0.5 MB stored; 1.1 s; peak memory 163 MiB.
2026-10-10T05:21:20Z INFO [77/1000] 636729b2-35a8-4b05-9141-fd786637d43c: 33 arrays, 0.0 MB stored; 1.0 s; peak memory 163 MiB.
2026-10-10T05:21:21Z INFO [78/1000] 63667d71-4f74-43f7-bf3e-7c9333ab470f: 66 arrays, 1.1 MB stored; 1.2 s; peak memory 163 MiB.
2026-10-10T05:21:21Z INFO [79/1000] 63673f09-07fc-4317-a831-0039ab6b671a: 35 arrays, 0.0 MB stored; 0.9 s; peak memory 163 MiB.
2026-10-10T05:21:22Z INFO [80/1000] 6367b9c1-495d-41cb-846c-e0a007667fc3: 48 arrays, 83.9 MB stored; 1.2 s; peak memory 163 MiB.
2026-10-10T05:21:22Z INFO [81/1000] 6347c527-6f56-4683-8b37-54f449505788: 4611 arrays, 2850.3 MB stored; 29.7 s; peak memory 163 MiB.
2026-10-10T05:21:22Z INFO [82/1000] 6368ceb3-0b75-4fbf-aa14-1d8d8e24dc3e: 117 arrays, 0.5 MB stored; 1.6 s; peak memory 163 MiB.
2026-10-10T05:21:23Z INFO [83/1000] 63699d9d-91a8-4d43-8241-5002ce673ed1: 48 arrays, 83.9 MB stored; 1.2 s; peak memory 163 MiB.
2026-10-10T05:21:23Z INFO [84/1000] 6369aac6-d4fb-46ea-9a0b-3d1de8953b20: 48 arrays, 83.9 MB stored; 1.3 s; peak memory 163 MiB.
2026-10-10T05:21:23Z INFO [85/1000] 6369c511-c0fc-4846-bbc3-76ce4dc8ed38: 41 arrays, 8.4 MB stored; 1.0 s; peak memory 163 MiB.
2026-10-10T05:21:24Z INFO [86/1000] 6369e187-52c9-49ab-9226-584101a05cdc: 117 arrays, 0.3 MB stored; 1.2 s; peak memory 163 MiB.
2026-10-10T05:21:24Z INFO [87/1000] 6365a215-0047-499a-b02f-7bbbe608e7b6: 1028 arrays, 40.3 MB stored; 6.8 s; peak memory 163 MiB.
2026-10-10T05:21:24Z INFO [88/1000] 6354708e-3d7b-4de0-9300-46cc17d2cfae: 36 arrays, 1743.3 MB stored; 24.5 s; peak memory 163 MiB.
2026-10-10T05:21:24Z INFO [89/1000] 636b401c-7fcf-44c0-a24f-0b3f9b231686: 65 arrays, 25.5 MB stored; 1.2 s; peak memory 163 MiB.
2026-10-10T05:21:25Z INFO [90/1000] 636d3753-531a-4d98-8561-3f4b5d5f2b0e: 61 arrays, 17.4 MB stored; 1.2 s; peak memory 163 MiB.
2026-10-10T05:21:25Z INFO [91/1000] 636c0570-e2a2-41fb-b12d-5c542241de7f: 48 arrays, 83.9 MB stored; 1.3 s; peak memory 163 MiB.
2026-10-10T05:21:26Z INFO [92/1000] 636ee591-f214-4240-bdd0-3cb7e30f79b0: 112 arrays, 0.5 MB stored; 1.3 s; peak memory 163 MiB.
2026-10-10T05:21:26Z INFO [93/1000] 636932af-c136-48d1-8707-ac80522c34c6: 56 arrays, 66.3 MB stored; 4.5 s; peak memory 163 MiB.
2026-10-10T05:21:27Z INFO [94/1000] 63704b49-7aa7-4993-b3a7-bc3b506fc2b2: 50 arrays, 1.5 MB stored; 1.0 s; peak memory 163 MiB.
2026-10-10T05:21:27Z INFO [95/1000] 637021b4-74f6-4aaf-8a13-789833cbebed: 48 arrays, 83.9 MB stored; 1.1 s; peak memory 163 MiB.
2026-10-10T05:21:27Z INFO [96/1000] 636f3a90-78cf-40e6-ac4a-f0d2d24eb3a8: 110 arrays, 0.6 MB stored; 1.7 s; peak memory 163 MiB.
2026-10-10T05:21:28Z INFO [97/1000] 637091ef-73f0-486b-b9d4-11bf2a5b0e3f: 76 arrays, 14.2 MB stored; 1.4 s; peak memory 163 MiB.
2026-10-10T05:21:29Z INFO [98/1000] 636e50da-a450-4cde-9e09-0a5946dca790: 636 arrays, 25.9 MB stored; 4.4 s; peak memory 163 MiB.
2026-10-10T05:21:29Z INFO [99/1000] 63710047-3172-438e-8f3f-9e104cee17e5: 117 arrays, 0.5 MB stored; 1.1 s; peak memory 163 MiB.
2026-10-10T05:21:30Z INFO [100/1000] 6371e681-9cea-4a69-9907-784728aac031: 117 arrays, 0.5 MB stored; 1.4 s; peak memory 163 MiB.
2026-10-10T05:21:30Z INFO [101/1000] 6371ff63-cfc0-418c-bd96-b6a5b988db4e: 46 arrays, 3.9 MB stored; 1.0 s; peak memory 163 MiB.
2026-10-10T05:21:32Z INFO [102/1000] 637053b6-d74a-464c-9310-4601da4a827b: 722 arrays, 31.1 MB stored; 5.0 s; peak memory 163 MiB.
2026-10-10T05:21:32Z INFO [103/1000] 6372a517-3d2d-4904-90de-f1fa43586687: 46 arrays, 2042.6 MB stored; 1.6 s; peak memory 163 MiB.
2026-10-10T05:21:32Z INFO [104/1000] 637257d2-7a3a-441e-ad8b-64e5caa2efc7: 186 arrays, 12.2 MB stored; 2.0 s; peak memory 163 MiB.
2026-10-10T05:21:33Z INFO [105/1000] 636fb1c5-5198-459d-a9e9-70ca9ab0859b: 87 arrays, 406.0 MB stored; 7.3 s; peak memory 163 MiB.
2026-10-10T05:21:33Z INFO [106/1000] 63733b52-21d8-438d-9d1b-8a111bf05c3f: 71 arrays, 2.5 MB stored; 1.4 s; peak memory 163 MiB.
2026-10-10T05:21:33Z INFO [107/1000] 63749a6c-9ce2-4980-8b73-c0b9f65f25b0: 39 arrays, 8.4 MB stored; 1.0 s; peak memory 163 MiB.
2026-10-10T05:21:33Z INFO [108/1000] 63739b82-1601-4d8f-bca1-20ff6db17777: 42 arrays, 2.2 MB stored; 1.4 s; peak memory 163 MiB.
2026-10-10T05:21:34Z INFO [109/1000] 6374eb24-46c0-4bab-ad94-22c5dd8bb0ab: 117 arrays, 0.3 MB stored; 1.2 s; peak memory 163 MiB.
2026-10-10T05:21:34Z INFO [110/1000] 6375645a-1b7c-4c23-af16-10d4f1f4488c: 59 arrays, 0.1 MB stored; 1.3 s; peak memory 163 MiB.
2026-10-10T05:21:34Z INFO [111/1000] 63756640-4b18-4c0f-8bb6-df4523cb9928: 116 arrays, 0.4 MB stored; 1.3 s; peak memory 163 MiB.
2026-10-10T05:21:35Z INFO [112/1000] 637511c5-0878-4c27-bc75-f05f225ea470: 117 arrays, 0.3 MB stored; 1.6 s; peak memory 163 MiB.
2026-10-10T05:21:35Z INFO [113/1000] 6376ef94-bf05-4fad-8908-f634bbb50e5a: 48 arrays, 83.9 MB stored; 1.1 s; peak memory 163 MiB.
2026-10-10T05:21:36Z INFO [114/1000] 63771776-c043-409d-a1da-3664003b6fdf: 48 arrays, 83.9 MB stored; 1.2 s; peak memory 163 MiB.
2026-10-10T05:21:36Z INFO [115/1000] 6376f976-0baf-439a-8408-0965866f1908: 48 arrays, 83.9 MB stored; 1.3 s; peak memory 163 MiB.
2026-10-10T05:21:36Z INFO [116/1000] 6377e63e-63e4-4cb5-979b-65abb63afa4b: 48 arrays, 83.9 MB stored; 1.3 s; peak memory 163 MiB.
2026-10-10T05:21:36Z INFO [117/1000] 636b8671-9556-42fd-afff-4bd01ea53019: 2897 arrays, 61.0 MB stored; 13.0 s; peak memory 163 MiB.
2026-10-10T05:21:38Z INFO [118/1000] 637a7607-2572-428d-bb2a-fddee8acb812: 112 arrays, 0.7 MB stored; 1.4 s; peak memory 163 MiB.
2026-10-10T05:21:38Z INFO [119/1000] 6378824f-62a5-470d-a1b2-9f37c8ea3cec: 372 arrays, 3.1 MB stored; 2.9 s; peak memory 163 MiB.
2026-10-10T05:21:39Z INFO [120/1000] 637a8be2-c00a-4e27-8a35-738f1e03ea6d: 52 arrays, 0.0 MB stored; 1.1 s; peak memory 163 MiB.
2026-10-10T05:21:39Z INFO [121/1000] 637ae0ca-0755-4478-afbe-0fb64928b7b7: 117 arrays, 0.3 MB stored; 1.1 s; peak memory 163 MiB.
2026-10-10T05:21:40Z INFO [122/1000] 637b1601-ad37-4604-922c-b477154a61df: 50 arrays, 0.5 MB stored; 1.0 s; peak memory 163 MiB.
2026-10-10T05:21:41Z INFO [123/1000] 637b670a-2ef9-4184-95c1-4497b483cfab: 52 arrays, 15.4 MB stored; 1.0 s; peak memory 163 MiB.
2026-10-10T05:21:42Z INFO [124/1000] 637bfc18-10bf-4de9-86a1-341338e3e620: 51 arrays, 2165.5 MB stored; 1.2 s; peak memory 163 MiB.
2026-10-10T05:21:43Z INFO [125/1000] 637ae9fe-4515-4011-88c0-5035cb880799: 178 arrays, 36629.7 MB stored; 4.1 s; peak memory 163 MiB.
2026-10-10T05:21:43Z INFO [126/1000] 637d3bcf-a0aa-4d8c-ac6c-5ef880df3d85: 52 arrays, 626.0 MB stored; 1.2 s; peak memory 163 MiB.
2026-10-10T05:21:44Z INFO [127/1000] 6379cafc-2516-4e41-9521-d0aec4cef6f7: 795 arrays, 21.6 MB stored; 8.2 s; peak memory 163 MiB.
2026-10-10T05:21:46Z INFO [128/1000] 637ec652-bdd0-4208-8a5e-5b78e755b890: 50 arrays, 128.9 MB stored; 2.6 s; peak memory 163 MiB.
2026-10-10T05:21:48Z INFO [129/1000] 637e4a93-a0bc-4a7d-85f8-0f2614c681b6: 623 arrays, 23.0 MB stored; 5.1 s; peak memory 163 MiB.
2026-10-10T05:21:49Z INFO [130/1000] 637ecf42-5349-4dec-b0b7-cda1c4b03fd7: 115 arrays, 190.2 MB stored; 2.3 s; peak memory 163 MiB.
2026-10-10T05:21:49Z INFO [131/1000] 637ed991-bf70-44f9-8558-b7aa6c95baff: 41 arrays, 8.4 MB stored; 1.0 s; peak memory 163 MiB.
2026-10-10T05:21:50Z INFO [132/1000] 637f3934-13a6-470f-b943-93196bc47554: 48 arrays, 194.9 MB stored; 1.4 s; peak memory 163 MiB.
2026-10-10T05:21:51Z INFO [133/1000] 637f4125-6960-4f6e-84e3-8cd96411ab13: 112 arrays, 0.3 MB stored; 1.2 s; peak memory 163 MiB.
2026-10-10T05:21:51Z INFO [134/1000] 637fd8dc-3f8d-4875-b424-18334522ed44: 70 arrays, 0.6 MB stored; 1.0 s; peak memory 163 MiB.
2026-10-10T05:21:52Z INFO [135/1000] 637fdff8-d8b5-43cb-917a-31fe3aed8bf0: 118 arrays, 0.5 MB stored; 1.2 s; peak memory 163 MiB.
2026-10-10T05:21:52Z INFO [136/1000] 63800eb9-1640-4adb-9d91-e87954eba3d3: 118 arrays, 0.4 MB stored; 1.2 s; peak memory 163 MiB.
2026-10-10T05:21:53Z INFO [137/1000] 63801b29-3abe-473e-ba67-834c8093b144: 67 arrays, 38.0 MB stored; 1.3 s; peak memory 163 MiB.
2026-10-10T05:21:53Z INFO [138/1000] 63802a6e-76ce-4b67-9f86-b61ba1955ec9: 112 arrays, 0.6 MB stored; 1.2 s; peak memory 163 MiB.
2026-10-10T05:21:54Z INFO [139/1000] 63804ce5-d036-4b93-a56d-e69049067b2e: 56 arrays, 0.0 MB stored; 0.9 s; peak memory 163 MiB.
2026-10-10T05:21:55Z INFO [140/1000] 6379f738-6d19-4e14-af90-e01e4f61cf0d: 48 arrays, 40450.8 MB stored; 19.1 s; peak memory 163 MiB.
2026-10-10T05:21:56Z INFO [141/1000] 63803b8a-a8b2-4ce4-9342-bd059575af49: 38 arrays, 117.6 MB stored; 3.0 s; peak memory 163 MiB.
2026-10-10T05:21:57Z INFO [142/1000] 63816f92-4fbf-4ee4-9e4d-1cb076022caa: 68 arrays, 0.0 MB stored; 1.0 s; peak memory 163 MiB.
2026-10-10T05:21:58Z INFO [143/1000] 6382b9c0-9e16-42d4-9b67-b282e75f1706: 48 arrays, 83.9 MB stored; 1.1 s; peak memory 163 MiB.
2026-10-10T05:21:59Z INFO [144/1000] 6380aa70-bdf9-44c9-b5cd-1e2e11223148: 619 arrays, 7.8 MB stored; 4.3 s; peak memory 163 MiB.
2026-10-10T05:22:00Z INFO [145/1000] 63843122-891f-4cbe-b77b-fccb9a5c0d79: 48 arrays, 83.9 MB stored; 1.1 s; peak memory 163 MiB.
2026-10-10T05:22:01Z INFO [146/1000] 638449e9-52fa-4ab5-84bd-f2cb6041a0bf: 69 arrays, 1.7 MB stored; 1.4 s; peak memory 163 MiB.
2026-10-10T05:22:02Z INFO [147/1000] 637e17de-4bf6-4830-8610-21739b5114cd: 48 arrays, 42059.0 MB stored; 19.0 s; peak memory 163 MiB.
2026-10-10T05:22:02Z INFO [148/1000] 63845074-5d70-406d-bea5-ac75be73b968: 48 arrays, 83.9 MB stored; 1.0 s; peak memory 163 MiB.
2026-10-10T05:22:02Z INFO [149/1000] 63838bf2-0bb1-4e80-a0e1-d630e81c4f02: 537 arrays, 8.3 MB stored; 4.1 s; peak memory 163 MiB.
2026-10-10T05:22:03Z INFO [150/1000] 63853e1f-605c-4ab7-83c3-e29d9f4a4da4: 21 arrays, 0.6 MB stored; 0.9 s; peak memory 163 MiB.
2026-10-10T05:22:03Z INFO [151/1000] 635b494b-68d8-494c-a5da-fd498c0e63a3: 33605 arrays, 2039.3 MB stored; 54.6 s; peak memory 163 MiB.
2026-10-10T05:22:03Z INFO [152/1000] 638543f5-c3f8-44c4-80e9-feb6c8bb1b46: 48 arrays, 83.9 MB stored; 1.2 s; peak memory 163 MiB.
2026-10-10T05:22:04Z INFO [153/1000] 6386f3bb-e918-41ea-aa59-064fe63e897c: 48 arrays, 83.9 MB stored; 1.1 s; peak memory 163 MiB.
2026-10-10T05:22:04Z INFO [154/1000] 6385557f-6f4a-4b4b-9ec6-04a9a334bb0d: 42 arrays, 72.4 MB stored; 1.4 s; peak memory 163 MiB.
2026-10-10T05:22:04Z INFO [155/1000] 6386fc7a-3067-4ed9-b5f6-c32a404df524: 168 arrays, 3.2 MB stored; 1.8 s; peak memory 163 MiB.
2026-10-10T05:22:05Z INFO [156/1000] 63870a2d-119a-4115-89c5-fe3c733a1b35: 70 arrays, 7.3 MB stored; 1.2 s; peak memory 163 MiB.
2026-10-10T05:22:05Z INFO [157/1000] 6388a7ec-be17-4462-a3a7-fdd28accd922: 48 arrays, 83.9 MB stored; 1.1 s; peak memory 163 MiB.
2026-10-10T05:22:05Z INFO [158/1000] 638712a9-8fcb-4f11-bd7a-c41fb9d174ae: 56 arrays, 359.4 MB stored; 1.4 s; peak memory 163 MiB.
2026-10-10T05:22:05Z INFO [159/1000] 6380dc7d-4c95-4eca-853b-aeeba0e1157a: 937 arrays, 26.8 MB stored; 10.3 s; peak memory 163 MiB.
2026-10-10T05:22:05Z INFO [160/1000] 6388b986-3d41-43b7-ae36-792d9a800336: 48 arrays, 83.9 MB stored; 1.0 s; peak memory 163 MiB.
2026-10-10T05:22:06Z INFO [161/1000] 63891e0a-8cff-4c40-bc33-f1ff6c639bfa: 117 arrays, 0.3 MB stored; 1.4 s; peak memory 163 MiB.
2026-10-10T05:22:06Z INFO [162/1000] 6389993f-fdc0-4a55-b78f-568815ebeeea: 48 arrays, 83.9 MB stored; 1.2 s; peak memory 163 MiB.
2026-10-10T05:22:06Z INFO [163/1000] 638a8568-f778-4d0b-9ab0-6ddeda72bfca: 46 arrays, 0.0 MB stored; 0.9 s; peak memory 163 MiB.
2026-10-10T05:22:07Z INFO [164/1000] 6389dc0c-d03c-481b-8922-72a4a4e8b6fe: 69 arrays, 49.8 MB stored; 1.6 s; peak memory 163 MiB.
2026-10-10T05:22:07Z INFO [165/1000] 638b0c97-7413-4388-81da-34c13b76d757: 48 arrays, 83.9 MB stored; 1.1 s; peak memory 163 MiB.
2026-10-10T05:22:08Z INFO [166/1000] 638b1aea-c560-4f1c-a067-07d78a2877b4: 71 arrays, 81.8 MB stored; 1.7 s; peak memory 163 MiB.
2026-10-10T05:22:08Z INFO [167/1000] 638cd44d-b167-4709-a5cd-dc4010e1140e: 116 arrays, 0.3 MB stored; 1.0 s; peak memory 163 MiB.
2026-10-10T05:22:08Z INFO [168/1000] 638bc518-e679-4821-aff6-c154fa458da3: 112 arrays, 0.7 MB stored; 1.5 s; peak memory 163 MiB.
2026-10-10T05:22:08Z INFO [169/1000] 638a69da-5523-4ad2-b89f-7a2ef9e39268: 101 arrays, 40080.7 MB stored; 2.6 s; peak memory 163 MiB.
2026-10-10T05:22:09Z INFO [170/1000] 638d25aa-8dba-4e5f-9396-01d722547fbd: 141 arrays, 1.1 MB stored; 1.9 s; peak memory 163 MiB.
2026-10-10T05:22:09Z INFO [171/1000] 638dc10c-52d3-4f69-bc9c-586668262b0b: 33 arrays, 524.5 MB stored; 1.5 s; peak memory 163 MiB.
2026-10-10T05:22:10Z INFO [172/1000] 638f52dc-0c8d-4427-8a73-49bf3341d572: 117 arrays, 3.9 MB stored; 1.7 s; peak memory 163 MiB.
2026-10-10T05:22:10Z INFO [173/1000] 638f8fcd-9d14-4e6b-b42d-1f95fdea3e0c: 38 arrays, 33.9 MB stored; 1.9 s; peak memory 163 MiB.
2026-10-10T05:22:11Z INFO [174/1000] 638e0fa3-d80b-457b-bc7d-2d08bcedab1d: 483 arrays, 5.8 MB stored; 3.5 s; peak memory 163 MiB.
2026-10-10T05:22:12Z INFO [175/1000] 63902fc4-43e1-45e4-8568-19a66ab281f4: 84 arrays, 279.3 MB stored; 2.2 s; peak memory 163 MiB.
2026-10-10T05:22:12Z INFO [176/1000] 63903eec-251e-492c-92b9-1bb53552baf6: 115 arrays, 190.1 MB stored; 1.9 s; peak memory 163 MiB.
2026-10-10T05:22:13Z INFO [177/1000] 63904531-4c59-4431-9e41-80cd6de7e460: 71 arrays, 5.1 MB stored; 1.2 s; peak memory 163 MiB.
2026-10-10T05:22:13Z INFO [178/1000] 63909757-0de8-40c9-a917-ada87c41df63: 112 arrays, 0.4 MB stored; 1.5 s; peak memory 163 MiB.
2026-10-10T05:22:14Z INFO [179/1000] 6391d4d6-82c1-4429-8ba4-c8a6a50a4311: 112 arrays, 0.3 MB stored; 1.2 s; peak memory 163 MiB.
2026-10-10T05:22:14Z INFO [180/1000] 6390fb74-9f8f-4780-a511-e027cb1bbcde: 71 arrays, 188.6 MB stored; 2.2 s; peak memory 163 MiB.
2026-10-10T05:22:14Z INFO [181/1000] 6391fa69-697d-413f-8432-cff5146c97e7: 48 arrays, 83.9 MB stored; 1.1 s; peak memory 163 MiB.
2026-10-10T05:22:15Z INFO [182/1000] 6391ff41-39b9-4a66-be61-01856bd4f06d: 112 arrays, 0.6 MB stored; 1.4 s; peak memory 163 MiB.
2026-10-10T05:22:16Z INFO [183/1000] 6392f797-b129-4fb9-9bab-9d24c90901c6: 66 arrays, 66.7 MB stored; 1.2 s; peak memory 164 MiB.
2026-10-10T05:22:16Z INFO [184/1000] 63933da1-dd21-4a6f-a461-633f0a58719a: 117 arrays, 0.4 MB stored; 1.2 s; peak memory 164 MiB.
2026-10-10T05:22:17Z INFO [185/1000] 6393567b-7107-476f-aae4-53e353effc1d: 118 arrays, 0.4 MB stored; 1.1 s; peak memory 164 MiB.
2026-10-10T05:22:18Z INFO [186/1000] 639357ec-f441-46d4-87ee-96327a329e14: 70 arrays, 82.7 MB stored; 1.4 s; peak memory 164 MiB.
2026-10-10T05:22:19Z INFO [187/1000] 63938bb2-b71f-42b1-bc2b-588201b33d4b: 116 arrays, 0.3 MB stored; 1.0 s; peak memory 164 MiB.
2026-10-10T05:22:19Z INFO [188/1000] 63926cf1-4bc1-4482-8ef5-5a644c71cd99: 208 arrays, 312.4 MB stored; 4.9 s; peak memory 164 MiB.
2026-10-10T05:22:20Z INFO [189/1000] 63937b59-f5a6-4eb5-82b2-92cfc7065a7e: 504 arrays, 17.7 MB stored; 3.5 s; peak memory 165 MiB.
2026-10-10T05:22:20Z INFO [190/1000] 63946ae1-3ad8-456b-827f-c82c33ff6978: 110 arrays, 0.3 MB stored; 1.1 s; peak memory 165 MiB.
2026-10-10T05:22:21Z INFO [191/1000] 63955115-1011-4fdd-b0f3-4866ea067acb: 112 arrays, 0.4 MB stored; 1.2 s; peak memory 165 MiB.
2026-10-10T05:22:21Z INFO [192/1000] 6395104d-cf24-459c-b6ca-f2bbd181a0ca: 102 arrays, 6.5 MB stored; 1.3 s; peak memory 165 MiB.
2026-10-10T05:22:22Z INFO [193/1000] 63957185-34ff-47dc-8f35-795414fca48c: 52 arrays, 11.6 MB stored; 1.0 s; peak memory 165 MiB.
2026-10-10T05:22:23Z INFO [194/1000] 63970f17-b946-4e0e-863c-bcee3e805fb8: 48 arrays, 83.9 MB stored; 1.1 s; peak memory 165 MiB.
2026-10-10T05:22:24Z INFO [195/1000] 6399601e-a38e-4fb7-a580-a140414aeefa: 48 arrays, 83.9 MB stored; 1.0 s; peak memory 165 MiB.
2026-10-10T05:22:25Z INFO [196/1000] 6394385f-3d49-4da3-97d8-b30cf138d740: 339 arrays, 48.0 MB stored; 5.8 s; peak memory 166 MiB.
2026-10-10T05:22:25Z INFO [197/1000] 639a8777-1a59-4eb3-8a80-ad9e403f924a: 289 arrays, 17.1 MB stored; 1.4 s; peak memory 166 MiB.
2026-10-10T05:22:26Z INFO [198/1000] 639b74e8-7554-46fb-9c77-5869fb7fa688: 117 arrays, 0.3 MB stored; 1.1 s; peak memory 166 MiB.
2026-10-10T05:22:28Z INFO [199/1000] 639b9320-25f4-43d7-857d-74a589c1e4b7: 118 arrays, 66.2 MB stored; 1.5 s; peak memory 166 MiB.
2026-10-10T05:22:28Z INFO [200/1000] 639d38b6-3a20-4df7-9fab-b023369a0403: 57 arrays, 0.0 MB stored; 0.8 s; peak memory 166 MiB.
2026-10-10T05:22:29Z INFO [200/1000] 639d38b6-3a20-4df7-9fab-b023369a0403: checkpointed 200 new records.
2026-10-10T05:22:29Z INFO [201/1000] 639d60dd-b9e6-471f-82c3-d974c29b91a7: 48 arrays, 83.9 MB stored; 1.0 s; peak memory 214 MiB.
2026-10-10T05:22:30Z INFO [202/1000] 639d735c-7366-4883-9dfe-ad72a0a95dd6: 114 arrays, 0.1 MB stored; 0.9 s; peak memory 214 MiB.
2026-10-10T05:22:31Z INFO [203/1000] 639dbd24-4c06-4d9a-9aa7-707c65a723ec: 48 arrays, 83.9 MB stored; 1.1 s; peak memory 214 MiB.
2026-10-10T05:22:32Z INFO [204/1000] 639dcc01-400b-46f0-922d-d8502bf96279: 77 arrays, 0.1 MB stored; 1.0 s; peak memory 214 MiB.
2026-10-10T05:22:32Z INFO [205/1000] 63971803-2d8a-4316-92c4-6aa40a83a873: 41 arrays, 572.5 MB stored; 10.1 s; peak memory 214 MiB.
2026-10-10T05:22:33Z INFO [206/1000] 638fdce0-0627-4dab-84f9-03e300890ba8: 36 arrays, 1764.9 MB stored; 24.1 s; peak memory 214 MiB.
2026-10-10T05:22:34Z INFO [207/1000] 639e834f-5577-4085-b9b5-dc1bbe8e52cc: 136 arrays, 3.8 MB stored; 1.6 s; peak memory 214 MiB.
2026-10-10T05:22:35Z INFO [208/1000] 639eaa35-4bb2-4a2a-b635-79b02fd267ce: 45 arrays, 1340.7 MB stored; 2.2 s; peak memory 214 MiB.
2026-10-10T05:22:35Z INFO [209/1000] 639f32e3-3cea-4f05-985b-c8d7470225d6: 71 arrays, 171.8 MB stored; 1.9 s; peak memory 214 MiB.
2026-10-10T05:22:35Z INFO [210/1000] 639fcc50-b904-4376-befc-736baf462910: 66 arrays, 93.9 MB stored; 1.4 s; peak memory 214 MiB.
2026-10-10T05:22:36Z INFO [211/1000] 639ff6cd-3ba9-448f-904f-6565d628534a: 46 arrays, 0.1 MB stored; 0.9 s; peak memory 214 MiB.
2026-10-10T05:22:37Z INFO [212/1000] 63a097a5-e1ec-4d99-af37-4b2ffc786d57: 118 arrays, 0.5 MB stored; 1.0 s; peak memory 214 MiB.
2026-10-10T05:22:37Z INFO [213/1000] 63a08e7f-2adf-4314-b484-3698ca223cd9: 51 arrays, 3332.6 MB stored; 1.4 s; peak memory 214 MiB.
2026-10-10T05:22:38Z INFO [214/1000] 63a198c4-6d92-4d0c-b5dc-82380b0dc14d: 112 arrays, 0.5 MB stored; 1.5 s; peak memory 214 MiB.
2026-10-10T05:22:39Z INFO [215/1000] 63a22c1c-1631-47a6-b845-4cf1a58b755b: 46 arrays, 0.4 MB stored; 0.9 s; peak memory 214 MiB.
2026-10-10T05:22:39Z INFO [216/1000] 63a08250-6592-41d4-9be5-cb9726683080: 704 arrays, 7.7 MB stored; 4.3 s; peak memory 214 MiB.
2026-10-10T05:22:40Z INFO [217/1000] 63a2fbe9-985f-4619-afaa-4b2d52bebddf: 48 arrays, 83.9 MB stored; 1.1 s; peak memory 214 MiB.
2026-10-10T05:22:41Z INFO [218/1000] 63a2bebb-69eb-4251-ae5a-2fc3dc40830a: 116 arrays, 187.1 MB stored; 1.9 s; peak memory 214 MiB.
2026-10-10T05:22:41Z INFO [219/1000] 63a307af-c451-43eb-b866-578823b34743: 45 arrays, 0.0 MB stored; 0.9 s; peak memory 214 MiB.
2026-10-10T05:22:42Z INFO [220/1000] 63a30d69-56f6-4669-9861-6fd881f0ddd4: 112 arrays, 0.2 MB stored; 1.0 s; peak memory 214 MiB.
2026-10-10T05:22:42Z INFO [221/1000] 639ad1a6-04d2-4110-9511-2af79726b252: 48 arrays, 41351.5 MB stored; 17.6 s; peak memory 214 MiB.
2026-10-10T05:22:43Z INFO [222/1000] 63a3d462-c67d-4944-a3f8-777d740b35c3: 48 arrays, 83.9 MB stored; 0.9 s; peak memory 214 MiB.
2026-10-10T05:22:44Z INFO [223/1000] 63a45b37-33a2-40cb-b359-3c9a9a8e7ddc: 66 arrays, 66.1 MB stored; 1.3 s; peak memory 214 MiB.
2026-10-10T05:22:46Z INFO [224/1000] 63a4bd19-1a89-43cb-bfb2-1e8c8b300aa1: 184 arrays, 217.6 MB stored; 2.3 s; peak memory 214 MiB.
2026-10-10T05:22:47Z INFO [225/1000] 63a33481-daa7-43f0-982e-998ce50ca674: 670 arrays, 38.3 MB stored; 5.7 s; peak memory 214 MiB.
2026-10-10T05:22:47Z INFO [226/1000] 63a52b90-f37d-402c-9c30-8f7e6411e706: 118 arrays, 0.5 MB stored; 1.0 s; peak memory 214 MiB.
2026-10-10T05:22:48Z INFO [227/1000] 63a59889-f33e-4146-8501-630eaa1566fe: 50 arrays, 1.4 MB stored; 0.9 s; peak memory 214 MiB.
2026-10-10T05:22:48Z INFO [228/1000] 63a439f7-2d29-4fd0-9e09-69cc89de7d68: 722 arrays, 21.6 MB stored; 5.9 s; peak memory 214 MiB.
2026-10-10T05:22:49Z INFO [229/1000] 63a5cb6c-ddd3-47ee-96df-9f7548cb85ad: 121 arrays, 0.2 MB stored; 1.0 s; peak memory 214 MiB.
2026-10-10T05:22:51Z INFO [230/1000] 63a638cf-b942-4408-93db-51516534072d: 156 arrays, 193.5 MB stored; 2.4 s; peak memory 214 MiB.
2026-10-10T05:22:52Z INFO [231/1000] 63a64e84-2a2f-4d36-9909-20132c8216ea: 59 arrays, 261.9 MB stored; 1.3 s; peak memory 214 MiB.
2026-10-10T05:22:53Z INFO [232/1000] 63a5b5db-e36a-4aeb-8c27-6896e9cb3c62: 1378 arrays, 22.3 MB stored; 5.9 s; peak memory 214 MiB.
2026-10-10T05:22:53Z INFO [233/1000] 63a736a9-c50d-47e5-8f6d-02bccd57e419: 46 arrays, 0.1 MB stored; 0.8 s; peak memory 214 MiB.
2026-10-10T05:22:56Z INFO [234/1000] 63a749c1-6504-4f50-afbc-fd461ecd3380: 538 arrays, 8.5 MB stored; 3.2 s; peak memory 214 MiB.
2026-10-10T05:22:59Z INFO [235/1000] 63a7835c-b45e-4688-a697-4ae2c7a84421: 90 arrays, 201.7 MB stored; 2.4 s; peak memory 214 MiB.
2026-10-10T05:23:00Z INFO [236/1000] 63a79cb0-8a8a-4e34-b1a2-398a0915b7a7: 64 arrays, 0.0 MB stored; 0.9 s; peak memory 214 MiB.
2026-10-10T05:23:00Z INFO [237/1000] 63a635d3-8602-4e3a-b05f-253fbf481141: 5611 arrays, 53.7 MB stored; 11.8 s; peak memory 214 MiB.
2026-10-10T05:23:01Z INFO [238/1000] 63a8245c-9a2b-438a-a705-bad52d36a3dc: 112 arrays, 0.5 MB stored; 1.2 s; peak memory 214 MiB.
2026-10-10T05:23:02Z INFO [239/1000] 63a83b24-86d6-4420-a91c-86fb614657a5: 48 arrays, 83.9 MB stored; 1.0 s; peak memory 214 MiB.
2026-10-10T05:23:04Z INFO [240/1000] 63a83c35-a2bb-4419-b271-170f923e4231: 119 arrays, 66.3 MB stored; 1.8 s; peak memory 214 MiB.
2026-10-10T05:23:04Z INFO [241/1000] 63a781df-89d4-4418-bb65-2f4ce697b411: 802 arrays, 27.7 MB stored; 11.0 s; peak memory 214 MiB.
2026-10-10T05:23:05Z INFO [242/1000] 63a8c76d-becf-4cfc-955f-b1693dd80a76: 48 arrays, 83.9 MB stored; 1.1 s; peak memory 214 MiB.
2026-10-10T05:23:06Z INFO [243/1000] 63a8e7c6-da06-4b21-8edd-96e9699b4cb7: 71 arrays, 49.3 MB stored; 1.4 s; peak memory 214 MiB.
2026-10-10T05:23:06Z INFO [244/1000] 63a936f6-191d-4be7-9b90-432cf342079c: 117 arrays, 0.3 MB stored; 1.1 s; peak memory 214 MiB.
2026-10-10T05:23:07Z INFO [245/1000] 63a96252-d0b2-496a-8ac7-81d5402e0db9: 112 arrays, 0.4 MB stored; 1.1 s; peak memory 214 MiB.
2026-10-10T05:23:07Z INFO [246/1000] 63a9e1f1-ffd5-4162-add0-2f71c1430f90: 112 arrays, 0.6 MB stored; 1.2 s; peak memory 214 MiB.
2026-10-10T05:23:08Z INFO [247/1000] 63aa52b4-3cdd-4ed5-bea3-117e0b29b753: 48 arrays, 83.9 MB stored; 1.2 s; peak memory 214 MiB.
2026-10-10T05:23:08Z INFO [248/1000] 63aab5bd-5c9c-4978-bb5a-e2b736b5d950: 117 arrays, 0.3 MB stored; 1.2 s; peak memory 214 MiB.
2026-10-10T05:23:09Z INFO [249/1000] 63abbc1e-8e35-4957-9a89-9bed0accc536: 93 arrays, 0.2 MB stored; 1.1 s; peak memory 214 MiB.
2026-10-10T05:23:09Z INFO [250/1000] 63abd93f-06e8-43a4-9191-7bd7d3ff3a88: 48 arrays, 83.9 MB stored; 0.9 s; peak memory 214 MiB.
2026-10-10T05:23:10Z INFO [251/1000] 63ac8059-2a0f-4adf-b3ba-fa30ee1c44ca: 48 arrays, 83.9 MB stored; 1.0 s; peak memory 214 MiB.
2026-10-10T05:23:11Z INFO [252/1000] 63acb847-2962-4b93-8407-ac68c7401390: 60 arrays, 0.8 MB stored; 1.4 s; peak memory 214 MiB.
2026-10-10T05:23:11Z INFO [253/1000] 6370f2e6-faf9-411f-948b-13995e6a7902: 241 arrays, 22274.9 MB stored; 104.5 s; peak memory 214 MiB.
2026-10-10T05:23:12Z INFO [254/1000] 63adc305-162b-477d-a1ce-097c95a722c3: 48 arrays, 83.9 MB stored; 1.0 s; peak memory 214 MiB.
2026-10-10T05:23:12Z INFO [255/1000] 63aea2b7-bc68-450f-8087-dadd85a7b9fe: 48 arrays, 83.9 MB stored; 1.0 s; peak memory 214 MiB.
2026-10-10T05:23:13Z INFO [256/1000] 63aeee04-2c00-44e9-a9f1-789b056b259c: 48 arrays, 83.9 MB stored; 1.1 s; peak memory 214 MiB.
2026-10-10T05:23:13Z INFO [257/1000] 63aef58c-6533-4263-bcf9-814c7bed3bb8: 41 arrays, 8.4 MB stored; 0.9 s; peak memory 214 MiB.
2026-10-10T05:23:15Z INFO [258/1000] 63afe95e-6f19-45a2-b2e7-86054b700fa0: 71 arrays, 39.6 MB stored; 1.3 s; peak memory 214 MiB.
2026-10-10T05:23:16Z INFO [259/1000] 63affdd0-9d9c-4cb9-bc23-d5f032cc7d0f: 48 arrays, 83.9 MB stored; 1.1 s; peak memory 214 MiB.
2026-10-10T05:23:17Z INFO [260/1000] 63acbe1f-6690-48bf-9a27-3a7c1782d540: 1023 arrays, 27.3 MB stored; 7.1 s; peak memory 214 MiB.
2026-10-10T05:23:18Z INFO [261/1000] 63b056b4-8aab-4647-a7a7-b4e1b11eb584: 115 arrays, 190.2 MB stored; 2.1 s; peak memory 214 MiB.
2026-10-10T05:23:19Z INFO [262/1000] 63af09be-eae9-46e1-b1c3-a86e140ff73a: 841 arrays, 20.7 MB stored; 5.9 s; peak memory 214 MiB.
2026-10-10T05:23:19Z INFO [263/1000] 63b3614e-da7d-4d5c-bcaa-87ed75f809e8: 117 arrays, 0.3 MB stored; 1.0 s; peak memory 214 MiB.
2026-10-10T05:23:19Z INFO [264/1000] 63a7f347-a24f-4ad6-a7bb-b34ebb71af4f: 48 arrays, 37037.1 MB stored; 19.2 s; peak memory 214 MiB.
2026-10-10T05:23:20Z INFO [265/1000] 63b48df2-a7f4-4179-953d-e6dc1f0c2eeb: 45 arrays, 0.0 MB stored; 1.1 s; peak memory 214 MiB.
2026-10-10T05:23:20Z INFO [266/1000] 63b4954f-a43e-4aaa-bfb9-9551460f2fff: 117 arrays, 0.3 MB stored; 1.2 s; peak memory 214 MiB.
2026-10-10T05:23:21Z INFO [267/1000] 63b4ce35-ac5a-41ab-9f9d-e0358805ca6b: 38 arrays, 0.5 MB stored; 1.0 s; peak memory 214 MiB.
2026-10-10T05:23:21Z INFO [268/1000] 63b3adf9-737b-4860-9afd-cea5863283a8: 38 arrays, 3922.0 MB stored; 2.7 s; peak memory 214 MiB.
2026-10-10T05:23:22Z INFO [269/1000] 63b2786a-cd09-426b-ae97-db1a18d15b51: 897 arrays, 11.5 MB stored; 4.7 s; peak memory 214 MiB.
2026-10-10T05:23:22Z INFO [270/1000] 63b5c250-9c47-4ff6-bd2d-44bd4b9ef46d: 118 arrays, 0.4 MB stored; 1.3 s; peak memory 214 MiB.
2026-10-10T05:23:22Z INFO [271/1000] 63b69ba0-7192-4f31-b392-51414a2d7a8c: 121 arrays, 0.1 MB stored; 1.1 s; peak memory 214 MiB.
2026-10-10T05:23:23Z INFO [272/1000] 63b6eba2-e2ef-4fa7-a71d-5a42dd487308: 83 arrays, 0.1 MB stored; 1.0 s; peak memory 214 MiB.
2026-10-10T05:23:23Z INFO [273/1000] 63b6d41c-bfcb-41b0-ac64-7cd770ac3d25: 48 arrays, 83.9 MB stored; 1.2 s; peak memory 214 MiB.
2026-10-10T05:23:23Z INFO [274/1000] 63b70e10-2d51-44ca-b10e-1004d7b648fe: 56 arrays, 0.0 MB stored; 0.9 s; peak memory 214 MiB.
2026-10-10T05:23:24Z INFO [275/1000] 63b53505-8a26-4bc5-bc62-667d155d68f2: 225 arrays, 259.8 MB stored; 4.1 s; peak memory 214 MiB.
2026-10-10T05:23:24Z INFO [276/1000] 63b70e91-0fa4-4070-9df0-1214fc28adac: 48 arrays, 83.9 MB stored; 1.2 s; peak memory 214 MiB.
2026-10-10T05:23:26Z INFO [277/1000] 63b817a9-4270-42bd-9800-dd368e9c06d7: 48 arrays, 83.9 MB stored; 1.2 s; peak memory 214 MiB.
2026-10-10T05:23:27Z INFO [278/1000] 63b8f93c-a201-4d36-bded-5a010673f5ef: 112 arrays, 0.7 MB stored; 1.1 s; peak memory 214 MiB.
2026-10-10T05:23:28Z INFO [279/1000] 63b97cf5-d7df-45ed-b58a-77d6fecd3779: 118 arrays, 0.5 MB stored; 1.1 s; peak memory 214 MiB.
2026-10-10T05:23:28Z INFO [280/1000] 63b75141-06a6-42fe-aa77-2499de933e33: 266 arrays, 1127.1 MB stored; 4.9 s; peak memory 214 MiB.
2026-10-10T05:23:29Z INFO [281/1000] 63ba0ff0-e96c-4387-97ad-c1ada0f04b60: 106 arrays, 0.4 MB stored; 1.1 s; peak memory 214 MiB.
2026-10-10T05:23:31Z INFO [282/1000] 63b7fb67-f6f9-4f50-aa65-105fb843ffee: 371 arrays, 419.4 MB stored; 6.3 s; peak memory 214 MiB.
2026-10-10T05:23:32Z INFO [283/1000] 63ba81f2-ad67-4bb1-bc2e-fd4941150036: 117 arrays, 0.3 MB stored; 1.0 s; peak memory 214 MiB.
2026-10-10T05:23:35Z INFO [284/1000] 63bb0af4-6985-4c1e-b9d2-05063b3bdd30: 111 arrays, 694.2 MB stored; 3.2 s; peak memory 214 MiB.
2026-10-10T05:23:35Z INFO [285/1000] 63b7c7c5-990b-4ec3-ac8c-506818c2e971: 41 arrays, 669.3 MB stored; 11.9 s; peak memory 214 MiB.
2026-10-10T05:23:36Z INFO [286/1000] 63ba7461-7f3f-4ee0-b613-ed8ad816bc0b: 794 arrays, 25.7 MB stored; 6.9 s; peak memory 214 MiB.
2026-10-10T05:23:36Z INFO [287/1000] 63bbd290-4575-4a35-9e8c-abaf13d08b69: 48 arrays, 83.9 MB stored; 1.0 s; peak memory 214 MiB.
2026-10-10T05:23:37Z INFO [288/1000] 63bcd5a4-15ef-4de6-a576-619b86c81ab4: 48 arrays, 83.9 MB stored; 1.0 s; peak memory 214 MiB.
2026-10-10T05:23:41Z INFO [289/1000] 63bd8eea-1fff-4980-b1e2-3dc365f1d085: 644 arrays, 18.4 MB stored; 4.1 s; peak memory 214 MiB.
2026-10-10T05:23:43Z INFO [290/1000] 63bd2650-8b68-4fc5-9dcb-a579614f74d3: 3874 arrays, 36.0 MB stored; 6.7 s; peak memory 214 MiB.
2026-10-10T05:23:44Z INFO [291/1000] 63bf00ba-6dac-4d5b-ae59-b0237426b7f8: 52 arrays, 0.0 MB stored; 0.9 s; peak memory 214 MiB.
2026-10-10T05:23:45Z INFO [292/1000] 63bf1883-6d6a-45c6-8731-7edc9a342e65: 21 arrays, 0.6 MB stored; 0.9 s; peak memory 214 MiB.
2026-10-10T05:23:45Z INFO [293/1000] 63901155-14ca-40ac-b963-b4b437044bcc: 167 arrays, 21084.2 MB stored; 96.0 s; peak memory 214 MiB.
2026-10-10T05:23:46Z INFO [294/1000] 63bf2e71-4cb2-496b-9679-6ee530fae870: 38 arrays, 0.5 MB stored; 0.9 s; peak memory 214 MiB.
2026-10-10T05:23:46Z INFO [295/1000] 63bb4a1a-4629-4b2c-94c4-c7bd138df510: 1558 arrays, 40.0 MB stored; 11.3 s; peak memory 214 MiB.
2026-10-10T05:23:46Z INFO [296/1000] 63bf38d2-a561-4115-9cb1-a0012e90993d: 48 arrays, 83.9 MB stored; 1.0 s; peak memory 214 MiB.
2026-10-10T05:23:47Z INFO [297/1000] 63bf919a-3124-42a3-bbdc-f3f4e7d25cc1: 48 arrays, 83.9 MB stored; 1.1 s; peak memory 214 MiB.
2026-10-10T05:23:48Z INFO [298/1000] 63bfb7da-ef36-4cea-964e-7db521226bb4: 101 arrays, 14.9 MB stored; 1.6 s; peak memory 214 MiB.
2026-10-10T05:23:48Z INFO [299/1000] 63c035b4-eddb-4ce2-b330-7bc8fa2edade: 66 arrays, 108.0 MB stored; 1.7 s; peak memory 214 MiB.
2026-10-10T05:23:48Z INFO [300/1000] 63be97ff-2f6a-48f9-9aaf-1615c9c39320: 1320 arrays, 38.4 MB stored; 7.0 s; peak memory 214 MiB.
2026-10-10T05:23:48Z INFO [301/1000] 63c0d78f-c0cb-45f6-9c27-55200e67e160: 112 arrays, 0.7 MB stored; 1.4 s; peak memory 214 MiB.
2026-10-10T05:23:49Z INFO [302/1000] 63c148c1-394c-4e17-9d8a-9f9e7fb14aea: 118 arrays, 0.4 MB stored; 1.4 s; peak memory 214 MiB.
2026-10-10T05:23:49Z INFO [303/1000] 63c1eab1-46cf-4a0f-9027-253d67994fcc: 48 arrays, 83.9 MB stored; 1.2 s; peak memory 214 MiB.
2026-10-10T05:23:50Z INFO [304/1000] 63c1a767-cb10-40b6-86a0-df63901f1341: 71 arrays, 4.1 MB stored; 1.5 s; peak memory 214 MiB.
2026-10-10T05:23:51Z INFO [305/1000] 63c2b9e5-56f3-446a-a951-55155dd29ae7: 66 arrays, 116.9 MB stored; 1.5 s; peak memory 214 MiB.
2026-10-10T05:23:52Z INFO [306/1000] 63c28720-d55e-43cf-b592-37780e05aaee: 90 arrays, 142.1 MB stored; 2.1 s; peak memory 214 MiB.
2026-10-10T05:23:53Z INFO [307/1000] 63c2e128-a770-4ef8-8b72-bda4cc0da38e: 156 arrays, 193.5 MB stored; 2.4 s; peak memory 214 MiB.
2026-10-10T05:23:54Z INFO [308/1000] 63c1fbf6-36f0-416b-8fad-367ac8d9c200: 196 arrays, 598.1 MB stored; 5.0 s; peak memory 214 MiB.
2026-10-10T05:23:55Z INFO [309/1000] 63c38def-6d5b-4576-85f1-8c3213af7714: 69 arrays, 37.5 MB stored; 1.5 s; peak memory 214 MiB.
2026-10-10T05:23:56Z INFO [310/1000] 63c1acd6-6b27-4982-b87f-06e12461398c: 446 arrays, 4071.9 MB stored; 7.7 s; peak memory 214 MiB.
2026-10-10T05:23:56Z INFO [311/1000] 63c32b6d-d1a6-4055-9211-8266e361aa03: 554 arrays, 20.7 MB stored; 4.8 s; peak memory 214 MiB.
2026-10-10T05:23:57Z INFO [312/1000] 63c3950d-6e7a-4919-b5a7-a8dd6baa6a16: 117 arrays, 0.5 MB stored; 1.3 s; peak memory 214 MiB.
2026-10-10T05:23:57Z INFO [313/1000] 63c3c9fe-2e62-49d3-9eaa-a650275bf3eb: 112 arrays, 0.9 MB stored; 1.2 s; peak memory 214 MiB.
2026-10-10T05:23:58Z INFO [314/1000] 63c3cd21-420c-4447-ad97-249147c465a6: 84 arrays, 1.2 MB stored; 1.2 s; peak memory 214 MiB.
2026-10-10T05:23:58Z INFO [315/1000] 63c40347-5841-4ae2-be19-ca4dc9ca5265: 46 arrays, 0.5 MB stored; 1.0 s; peak memory 214 MiB.
2026-10-10T05:23:58Z INFO [316/1000] 63c46a43-7547-44be-9cc9-e82db5fe6ae1: 69 arrays, 32.6 MB stored; 1.2 s; peak memory 214 MiB.
2026-10-10T05:23:59Z INFO [317/1000] 63c4ae51-9e8f-425a-8a0b-ce10b996a2a9: 109 arrays, 0.6 MB stored; 1.2 s; peak memory 214 MiB.
2026-10-10T05:23:59Z INFO [318/1000] 63c4bcc9-9674-42c5-86df-b9f47f3748bb: 113 arrays, 0.1 MB stored; 1.0 s; peak memory 214 MiB.
2026-10-10T05:24:00Z INFO [319/1000] 63c66507-39c4-4ad5-9db2-048e12194074: 71 arrays, 5.5 MB stored; 1.3 s; peak memory 214 MiB.
2026-10-10T05:24:00Z INFO [320/1000] 63c8177a-0d20-46c0-85d3-c81b2393d62c: 117 arrays, 0.4 MB stored; 1.1 s; peak memory 214 MiB.
2026-10-10T05:24:00Z INFO [321/1000] 63c7316d-cc5c-4b15-a1c6-f0bd40db84c9: 112 arrays, 0.5 MB stored; 1.2 s; peak memory 214 MiB.
2026-10-10T05:24:01Z INFO [322/1000] 63c92467-a5d1-45eb-aab6-939269446d92: 33 arrays, 601.1 MB stored; 1.0 s; peak memory 214 MiB.
2026-10-10T05:24:02Z INFO [323/1000] 63c92864-e48f-44f8-8d29-4868d9312e61: 118 arrays, 19.5 MB stored; 1.6 s; peak memory 214 MiB.
2026-10-10T05:24:02Z INFO [324/1000] 63c94ed0-56a5-4b04-b6e8-77be1151396b: 111 arrays, 0.2 MB stored; 1.0 s; peak memory 214 MiB.
2026-10-10T05:24:03Z INFO [325/1000] 63ca5e5a-2b91-4b3a-8ee3-a5f501023599: 46 arrays, 0.2 MB stored; 0.8 s; peak memory 214 MiB.
2026-10-10T05:24:04Z INFO [326/1000] 63caadbc-4963-4510-ba15-021c5a4962c8: 48 arrays, 83.9 MB stored; 1.0 s; peak memory 214 MiB.
2026-10-10T05:24:05Z INFO [327/1000] 63ca3c18-4d29-4cea-af0e-c42a11a5e6cc: 512 arrays, 3.9 MB stored; 3.1 s; peak memory 214 MiB.
2026-10-10T05:24:05Z INFO [328/1000] 6350ebaa-e676-49fb-9eb5-f8f918fb4cb0: 292 arrays, 40367.8 MB stored; 187.0 s; peak memory 214 MiB.
2026-10-10T05:24:05Z INFO [329/1000] 63cb4814-edb1-43d8-aac7-05e7449c53a1: 48 arrays, 83.9 MB stored; 1.0 s; peak memory 214 MiB.
2026-10-10T05:24:06Z INFO [330/1000] 63cb9b51-57c7-4ff6-9705-a849e959aa4b: 69 arrays, 59.8 MB stored; 1.8 s; peak memory 214 MiB.
2026-10-10T05:24:07Z INFO [331/1000] 63c91409-b19b-4693-99f8-6105281ec244: 1160 arrays, 23.2 MB stored; 7.3 s; peak memory 214 MiB.
2026-10-10T05:24:07Z INFO [332/1000] 63cbc1d1-d65f-43f1-a3a3-e478379967da: 163 arrays, 12.0 MB stored; 2.3 s; peak memory 214 MiB.
2026-10-10T05:24:07Z INFO [333/1000] 63cbbea6-39e9-48e8-96f8-74b2d32ca15e: 156 arrays, 193.6 MB stored; 2.7 s; peak memory 214 MiB.
2026-10-10T05:24:08Z INFO [334/1000] 63cd1b23-810c-4c75-af65-0cff1cd71d96: 48 arrays, 83.9 MB stored; 1.0 s; peak memory 214 MiB.
2026-10-10T05:24:08Z INFO [335/1000] 63cd024f-7057-4a87-8b25-bd00be5d43ae: 62 arrays, 3986.5 MB stored; 1.5 s; peak memory 214 MiB.
2026-10-10T05:24:08Z INFO [336/1000] 63cda596-da20-4c04-991c-d07a42bbfac8: 46 arrays, 0.2 MB stored; 0.9 s; peak memory 214 MiB.
2026-10-10T05:24:09Z INFO [337/1000] 63cdda30-0606-4093-9521-a44cad9fe5a4: 48 arrays, 83.9 MB stored; 1.0 s; peak memory 214 MiB.
2026-10-10T05:24:10Z INFO [338/1000] 63cdadae-cbed-4475-9869-21b9415ba295: 70 arrays, 140.3 MB stored; 1.8 s; peak memory 214 MiB.
2026-10-10T05:24:10Z INFO [339/1000] 63ce7e74-cf84-442e-bbcf-66ee874f1060: 112 arrays, 1.2 MB stored; 1.5 s; peak memory 214 MiB.
2026-10-10T05:24:10Z INFO [340/1000] 63cd9bd7-0b16-4ccd-a080-c9d41c7eb0e3: 111 arrays, 576.5 MB stored; 2.8 s; peak memory 214 MiB.
2026-10-10T05:24:10Z INFO [341/1000] 63ce7f78-2d44-451e-80fc-4fa1deda7a26: 62 arrays, 3016.8 MB stored; 1.3 s; peak memory 214 MiB.
2026-10-10T05:24:11Z INFO [342/1000] 63d069cc-f51d-4376-99e5-7ce22b0fab4f: 48 arrays, 83.9 MB stored; 1.1 s; peak memory 214 MiB.
2026-10-10T05:24:11Z INFO [343/1000] 63cf4f59-ea52-48b5-90af-d414ddbddcfe: 118 arrays, 0.3 MB stored; 1.3 s; peak memory 214 MiB.
2026-10-10T05:24:11Z INFO [344/1000] 63d0a733-a201-44ff-88c1-15c58e947f37: 48 arrays, 83.9 MB stored; 1.3 s; peak memory 214 MiB.
2026-10-10T05:24:11Z INFO [345/1000] 63d0c88d-7bcf-4635-8cf8-aa94733f19df: 48 arrays, 83.9 MB stored; 1.0 s; peak memory 214 MiB.
2026-10-10T05:24:13Z INFO [346/1000] 63d0dd44-5c45-4afa-9acb-3a4847264607: 71 arrays, 130.9 MB stored; 1.8 s; peak memory 214 MiB.
2026-10-10T05:24:13Z INFO [347/1000] 63d22c23-e107-4644-a5f3-75a96b4c526b: 192 arrays, 5.1 MB stored; 1.8 s; peak memory 214 MiB.
2026-10-10T05:24:14Z INFO [348/1000] 63d24288-87b6-4dfd-b347-6f3959971623: 46 arrays, 0.1 MB stored; 0.9 s; peak memory 214 MiB.
2026-10-10T05:24:15Z INFO [349/1000] 63d3d313-19ab-4494-88a5-ce69e2b9bd20: 118 arrays, 0.4 MB stored; 1.1 s; peak memory 214 MiB.
2026-10-10T05:24:15Z INFO [350/1000] 63d18d5e-5211-40e0-9173-86815e12b64d: 229 arrays, 240.3 MB stored; 3.8 s; peak memory 214 MiB.
2026-10-10T05:24:16Z INFO [351/1000] 63d41aff-46ce-4958-b808-e229e5f6b21c: 78 arrays, 6.6 MB stored; 1.3 s; peak memory 214 MiB.
2026-10-10T05:24:17Z INFO [352/1000] 63d44654-a93e-4158-9e33-9425decf93bf: 48 arrays, 83.9 MB stored; 1.1 s; peak memory 214 MiB.
2026-10-10T05:24:23Z INFO [353/1000] 63d4ce49-754b-438a-bf00-e66e2504183a: 704 arrays, 31.5 MB stored; 6.4 s; peak memory 214 MiB.
2026-10-10T05:24:25Z INFO [354/1000] 63d20e4c-78c4-48bf-b778-d92f579171d6: 865 arrays, 257.7 MB stored; 13.5 s; peak memory 214 MiB.
2026-10-10T05:24:25Z INFO [355/1000] 63d5924a-0130-4772-907f-105a8f9e999d: 48 arrays, 83.9 MB stored; 1.2 s; peak memory 214 MiB.
2026-10-10T05:24:26Z INFO [356/1000] 63d5a14a-0dcd-47d2-957b-5c2b3d79fcb5: 48 arrays, 83.9 MB stored; 1.1 s; peak memory 214 MiB.
2026-10-10T05:24:26Z INFO [357/1000] 63d5b247-49f2-498c-999f-27f800c28dee: 115 arrays, 0.5 MB stored; 1.3 s; peak memory 214 MiB.
2026-10-10T05:24:27Z INFO [358/1000] 63d265f1-9734-421c-8cf8-215b664a2397: 1092 arrays, 26.1 MB stored; 13.6 s; peak memory 214 MiB.
2026-10-10T05:24:27Z INFO [359/1000] 63d6fc2f-ed42-44ab-8d08-6c915806d6a5: 112 arrays, 0.6 MB stored; 1.2 s; peak memory 214 MiB.
2026-10-10T05:24:27Z INFO [360/1000] 63d70d8d-dcf5-4aac-babb-51aaea6200e9: 48 arrays, 83.9 MB stored; 1.1 s; peak memory 214 MiB.
2026-10-10T05:24:28Z INFO [361/1000] 63d958f3-4233-484c-8851-845b5cdf2b0e: 117 arrays, 0.2 MB stored; 1.1 s; peak memory 214 MiB.
2026-10-10T05:24:29Z INFO [362/1000] 63d883cb-f9dc-4328-8e9a-29da1f708dbe: 52 arrays, 602.2 MB stored; 1.7 s; peak memory 214 MiB.
2026-10-10T05:24:29Z INFO [363/1000] 63d963b8-e828-4c26-ad35-3489995467d0: 61 arrays, 17.7 MB stored; 1.3 s; peak memory 214 MiB.
2026-10-10T05:24:31Z INFO [364/1000] 6379df19-24b2-4ff5-9862-6c47d65ed109: 99 arrays, 4018.8 MB stored; 175.1 s; peak memory 214 MiB.
2026-10-10T05:24:31Z INFO [365/1000] 63d9c521-7b7a-4a43-a409-3006338fa065: 156 arrays, 193.5 MB stored; 2.5 s; peak memory 214 MiB.
2026-10-10T05:24:32Z INFO [366/1000] 63d8171e-adb1-41ae-ab31-cb83acb1d7f6: 196 arrays, 610.1 MB stored; 5.1 s; peak memory 214 MiB.
2026-10-10T05:24:32Z INFO [367/1000] 63da67b6-d5fb-4812-971e-13e30c2192c7: 56 arrays, 0.0 MB stored; 0.9 s; peak memory 214 MiB.
2026-10-10T05:24:32Z INFO [368/1000] 63da846c-985f-4b5d-84f2-ae2de23202b3: 118 arrays, 0.4 MB stored; 1.1 s; peak memory 214 MiB.
2026-10-10T05:24:33Z INFO [369/1000] 63dac210-14c9-4bff-aab8-5a83fa697b2e: 116 arrays, 0.4 MB stored; 1.2 s; peak memory 214 MiB.
2026-10-10T05:24:33Z INFO [370/1000] 63db17ea-1650-4555-b6d9-cb7600749671: 53 arrays, 9.4 MB stored; 1.3 s; peak memory 214 MiB.
2026-10-10T05:24:34Z INFO [371/1000] 63db4a90-1154-47cb-acec-8221bc317782: 65 arrays, 0.5 MB stored; 1.3 s; peak memory 214 MiB.
2026-10-10T05:24:34Z INFO [372/1000] 63d9cda2-dcf6-45b0-a939-65d4a6fa808d: 538 arrays, 8.6 MB stored; 4.5 s; peak memory 214 MiB.
2026-10-10T05:24:34Z INFO [373/1000] 63db7106-9c83-4c62-b4bf-a511300aef75: 117 arrays, 0.2 MB stored; 1.2 s; peak memory 214 MiB.
2026-10-10T05:24:35Z INFO [374/1000] 63dbde83-520b-45ba-a67d-57fb684a61d5: 71 arrays, 3.6 MB stored; 1.6 s; peak memory 214 MiB.
2026-10-10T05:24:36Z INFO [375/1000] 63dc53e1-20b8-4331-bbc6-80699dd437c7: 92 arrays, 0.4 MB stored; 1.3 s; peak memory 214 MiB.
2026-10-10T05:24:36Z INFO [376/1000] 63dc5c82-afa6-4a63-8eb4-3f4c82daf648: 48 arrays, 83.9 MB stored; 1.0 s; peak memory 214 MiB.
2026-10-10T05:24:37Z INFO [377/1000] 63dc94d8-0bb4-4460-80a3-0946461c3c5a: 78 arrays, 1.2 MB stored; 1.1 s; peak memory 214 MiB.
2026-10-10T05:24:37Z INFO [378/1000] 63dca878-91ef-4103-aab6-42fe48383c43: 48 arrays, 83.9 MB stored; 1.1 s; peak memory 214 MiB.
2026-10-10T05:24:38Z INFO [379/1000] 63dc4b1d-fb3a-4140-8f13-eb8d0385314f: 475 arrays, 18.5 MB stored; 3.9 s; peak memory 214 MiB.
2026-10-10T05:24:38Z INFO [380/1000] 63dd3814-68f5-41d2-b0d9-61fd4c3a83ab: 118 arrays, 0.3 MB stored; 1.2 s; peak memory 214 MiB.
2026-10-10T05:24:38Z INFO [381/1000] 63de17ac-0a2b-418b-90f8-9c478462d1f2: 46 arrays, 2.9 MB stored; 1.0 s; peak memory 214 MiB.
2026-10-10T05:24:39Z INFO [382/1000] 63de1c6c-a72c-4b9f-8363-550cc86f8c02: 48 arrays, 83.9 MB stored; 1.1 s; peak memory 214 MiB.
2026-10-10T05:24:39Z INFO [383/1000] 63dea9d4-7e0f-49f6-aaad-d8837375d267: 64 arrays, 141.6 MB stored; 1.5 s; peak memory 214 MiB.
2026-10-10T05:24:40Z INFO [384/1000] 63dec835-cd47-4a7a-910d-41ff90b896b2: 112 arrays, 0.7 MB stored; 1.3 s; peak memory 214 MiB.
2026-10-10T05:24:40Z INFO [385/1000] 63dee178-94e6-41ea-9afd-f84253e97053: 57 arrays, 0.0 MB stored; 0.9 s; peak memory 214 MiB.
2026-10-10T05:24:43Z INFO [386/1000] 63e04237-6869-4f08-a524-a5ba623ccd4d: 50 arrays, 117.6 MB stored; 2.8 s; peak memory 214 MiB.
2026-10-10T05:24:43Z INFO [387/1000] 63df65a0-fe08-4558-adc5-00d3828d7e07: 537 arrays, 8.6 MB stored; 3.6 s; peak memory 214 MiB.
2026-10-10T05:24:44Z INFO [388/1000] 63e24676-4fc8-49b5-b48c-37be5fccf512: 48 arrays, 83.9 MB stored; 1.1 s; peak memory 214 MiB.
2026-10-10T05:24:44Z INFO [389/1000] 63e2834d-16ab-4f88-b169-9688a5c3b29b: 48 arrays, 83.9 MB stored; 1.0 s; peak memory 214 MiB.
2026-10-10T05:24:45Z INFO [390/1000] 63db5d13-8c21-41bd-8805-cbe5bfdaa068: 1930 arrays, 33.5 MB stored; 11.7 s; peak memory 214 MiB.
2026-10-10T05:24:46Z INFO [391/1000] 63e2e821-2104-4fcd-9388-42c6bc6f24d6: 112 arrays, 0.6 MB stored; 1.7 s; peak memory 214 MiB.
2026-10-10T05:24:46Z INFO [392/1000] 63e4ae54-b0de-4265-924e-977100c9a010: 289 arrays, 17.1 MB stored; 1.5 s; peak memory 214 MiB.
2026-10-10T05:24:46Z INFO [393/1000] 63d43c8f-3519-41bf-b85f-283712b47392: 52 arrays, 2458.4 MB stored; 31.7 s; peak memory 214 MiB.
2026-10-10T05:24:47Z INFO [394/1000] 63e02cb9-a2fc-4bf0-bf4c-e3c37bbaa4b7: 1036 arrays, 39.8 MB stored; 7.4 s; peak memory 214 MiB.
2026-10-10T05:24:47Z INFO [395/1000] 63e2e48d-4330-4618-bda6-e84f5067d868: 538 arrays, 8.3 MB stored; 3.5 s; peak memory 214 MiB.
2026-10-10T05:24:47Z INFO [396/1000] 63e5ec73-997e-495c-a773-4dbba90f5b7c: 48 arrays, 83.9 MB stored; 1.1 s; peak memory 214 MiB.
2026-10-10T05:24:48Z INFO [397/1000] 63e51828-cc5c-42be-897a-88efe19a770c: 71 arrays, 220.4 MB stored; 1.8 s; peak memory 214 MiB.
2026-10-10T05:24:48Z INFO [398/1000] 63e7b347-6b99-42b2-9ca0-ae3ea1806d9d: 48 arrays, 83.9 MB stored; 1.0 s; peak memory 214 MiB.
2026-10-10T05:24:49Z INFO [399/1000] 63e7f9ce-f02b-49b7-93d5-03df2593ed50: 118 arrays, 0.3 MB stored; 1.3 s; peak memory 214 MiB.
2026-10-10T05:24:49Z INFO [400/1000] 63e87c12-4e9a-4b3d-95ce-88fbb80ffdb4: 48 arrays, 83.9 MB stored; 1.0 s; peak memory 214 MiB.
2026-10-10T05:24:50Z INFO [400/1000] 63e87c12-4e9a-4b3d-95ce-88fbb80ffdb4: checkpointed 400 new records.
2026-10-10T05:24:50Z INFO [401/1000] 63e8dbbf-2073-45d3-933a-02c64739a7d6: 48 arrays, 83.9 MB stored; 1.1 s; peak memory 327 MiB.
2026-10-10T05:24:50Z INFO [402/1000] 63e85c69-3a82-4ecc-b377-f059b6db785e: 38 arrays, 2344.1 MB stored; 1.9 s; peak memory 327 MiB.
2026-10-10T05:24:50Z INFO [403/1000] 63e92bbd-a035-4cab-bdf0-a181b64083e5: 69 arrays, 0.0 MB stored; 1.3 s; peak memory 327 MiB.
2026-10-10T05:24:50Z INFO [404/1000] 63e9b6ed-f1f1-4ee9-b233-58f56f2c0653: 48 arrays, 83.9 MB stored; 1.1 s; peak memory 327 MiB.
2026-10-10T05:24:51Z INFO [405/1000] 63e8de9b-fc56-42c2-82fb-0c5e72e67e17: 51 arrays, 626.1 MB stored; 2.0 s; peak memory 327 MiB.
2026-10-10T05:24:51Z INFO [406/1000] 63e9971d-5f01-4462-bfa8-deed566036f9: 110 arrays, 0.5 MB stored; 1.4 s; peak memory 327 MiB.
2026-10-10T05:24:51Z INFO [407/1000] 63ea1b5d-d91f-405d-be22-272138148ad4: 117 arrays, 0.4 MB stored; 1.3 s; peak memory 327 MiB.
2026-10-10T05:24:52Z INFO [408/1000] 63ea6ee9-4abe-4f16-abdc-87e0d99bd869: 84 arrays, 0.8 MB stored; 1.3 s; peak memory 327 MiB.
2026-10-10T05:24:52Z INFO [409/1000] 63eb08cc-f28b-4f9d-a176-43d8447e5e70: 39 arrays, 786.4 MB stored; 1.1 s; peak memory 327 MiB.
2026-10-10T05:24:52Z INFO [410/1000] 63eb5019-b478-4cbb-a7f4-fcdaa0cf200a: 48 arrays, 83.9 MB stored; 1.1 s; peak memory 327 MiB.
2026-10-10T05:24:53Z INFO [411/1000] 63eb7513-a961-4eba-aa5f-8cf36ee6081d: 118 arrays, 0.3 MB stored; 1.1 s; peak memory 327 MiB.
2026-10-10T05:24:53Z INFO [412/1000] 63e6af1c-54c4-430d-bedd-d46b57b618f0: 665 arrays, 26.6 MB stored; 6.3 s; peak memory 327 MiB.
2026-10-10T05:24:53Z INFO [413/1000] 63ec5dae-8cc5-4007-9308-db4c686847ee: 48 arrays, 83.9 MB stored; 1.1 s; peak memory 327 MiB.
2026-10-10T05:24:54Z INFO [414/1000] 63ea8637-aeb9-4f41-937c-c4c24d6be088: 111 arrays, 441.4 MB stored; 3.2 s; peak memory 327 MiB.
2026-10-10T05:24:54Z INFO [415/1000] 63edcd8f-4e63-4ca9-9f93-220dda207750: 118 arrays, 0.3 MB stored; 1.2 s; peak memory 327 MiB.
2026-10-10T05:24:54Z INFO [416/1000] 63eb8f49-4969-4f93-a7e2-17acfabdb871: 156 arrays, 193.5 MB stored; 2.6 s; peak memory 327 MiB.
2026-10-10T05:24:55Z INFO [417/1000] 63f02654-4e0d-436d-9bc8-7e52f1bbb877: 48 arrays, 83.9 MB stored; 1.0 s; peak memory 327 MiB.
2026-10-10T05:24:55Z INFO [418/1000] 63efe479-eb4d-42a7-8f92-fc30ec5bb214: 117 arrays, 0.3 MB stored; 1.2 s; peak memory 327 MiB.
2026-10-10T05:24:55Z INFO [419/1000] 63f0386f-595e-485b-9168-c46396e435e2: 48 arrays, 83.9 MB stored; 1.1 s; peak memory 327 MiB.
2026-10-10T05:24:56Z INFO [420/1000] 63f05d81-4169-400c-8bdd-f31932b9f1b5: 48 arrays, 83.9 MB stored; 1.2 s; peak memory 327 MiB.
2026-10-10T05:24:56Z INFO [421/1000] 63f067bb-35c0-4652-8885-e41a6688994c: 66 arrays, 109.9 MB stored; 1.2 s; peak memory 327 MiB.
2026-10-10T05:24:56Z INFO [422/1000] 63f08086-9bd4-40db-be2d-19af01ca0449: 48 arrays, 83.9 MB stored; 1.0 s; peak memory 327 MiB.
2026-10-10T05:24:57Z INFO [423/1000] 63ef6925-dd47-4ef4-b518-2fe651d0daae: 229 arrays, 250.8 MB stored; 3.2 s; peak memory 327 MiB.
2026-10-10T05:24:57Z INFO [424/1000] 63f0c571-fc1d-440a-ad4e-ef4707ac3ce2: 41 arrays, 8.4 MB stored; 1.1 s; peak memory 327 MiB.
2026-10-10T05:24:58Z INFO [425/1000] 63f167cf-879f-4467-ae13-dd48371aa6ca: 116 arrays, 0.5 MB stored; 1.4 s; peak memory 327 MiB.
2026-10-10T05:24:58Z INFO [426/1000] 63f1873c-d40f-4089-a0f9-ad31afc6c785: 48 arrays, 83.9 MB stored; 1.2 s; peak memory 327 MiB.
2026-10-10T05:24:58Z INFO [427/1000] 63edd9fb-6c3e-4ac8-8ecc-c31d3aac619b: 578 arrays, 20.5 MB stored; 5.2 s; peak memory 327 MiB.
2026-10-10T05:24:58Z INFO [428/1000] 63f17ff9-e300-4af0-a383-cfe5d36ea0d6: 71 arrays, 63.1 MB stored; 1.8 s; peak memory 327 MiB.
2026-10-10T05:24:59Z INFO [429/1000] 63f26073-403f-4eeb-b260-1722055c27b6: 70 arrays, 14.9 MB stored; 1.4 s; peak memory 327 MiB.
2026-10-10T05:24:59Z INFO [430/1000] 63f285ad-d9f1-4919-bd2d-8894e5b01612: 112 arrays, 0.6 MB stored; 1.4 s; peak memory 327 MiB.
2026-10-10T05:24:59Z INFO [431/1000] 63f38238-e9e5-4b57-baeb-3bcbe5891f63: 48 arrays, 83.9 MB stored; 1.2 s; peak memory 327 MiB.
2026-10-10T05:25:00Z INFO [432/1000] 63f2bdeb-58d8-44e9-a944-f54ada7b5ca1: 110 arrays, 1.0 MB stored; 1.8 s; peak memory 327 MiB.
2026-10-10T05:25:00Z INFO [433/1000] 63f3b074-7938-4603-a232-676daf401301: 69 arrays, 0.0 MB stored; 1.1 s; peak memory 327 MiB.
2026-10-10T05:25:00Z INFO [434/1000] 63f3e1ca-c3dd-4676-a6a6-0c8bcfa2dd85: 45 arrays, 0.0 MB stored; 1.0 s; peak memory 327 MiB.
2026-10-10T05:25:01Z INFO [435/1000] 63f6a1da-c360-4ec9-9496-29ecba1866e3: 48 arrays, 83.9 MB stored; 1.0 s; peak memory 327 MiB.
2026-10-10T05:25:02Z INFO [436/1000] 63f65bdd-acc6-4568-9ee1-9103a77a0924: 115 arrays, 190.2 MB stored; 1.9 s; peak memory 327 MiB.
2026-10-10T05:25:02Z INFO [437/1000] 63f7629c-cc60-432f-8949-572490db44ff: 117 arrays, 0.3 MB stored; 1.1 s; peak memory 327 MiB.
2026-10-10T05:25:04Z INFO [438/1000] 63f7a5d8-e8d3-41f9-948c-d7caed9cd0cb: 48 arrays, 83.9 MB stored; 1.2 s; peak memory 327 MiB.
2026-10-10T05:25:04Z INFO [439/1000] 63f79eac-7529-4c07-b012-fb0ad300d55f: 111 arrays, 17.2 MB stored; 1.7 s; peak memory 327 MiB.
2026-10-10T05:25:04Z INFO [440/1000] 63f3acfc-9c8e-4760-ab9b-daaa1349cd73: 2375 arrays, 51.4 MB stored; 5.1 s; peak memory 327 MiB.
2026-10-10T05:25:04Z INFO [441/1000] 63f5403f-c508-4e1a-84b2-0063e50d4151: 541 arrays, 8.9 MB stored; 4.3 s; peak memory 327 MiB.
2026-10-10T05:25:05Z INFO [442/1000] 63f2a911-aede-4edc-bd03-0bd97dfc40e2: 1270 arrays, 11.8 MB stored; 7.0 s; peak memory 327 MiB.
2026-10-10T05:25:05Z INFO [443/1000] 63f80032-b694-417f-b7c1-36c6d8815450: 65 arrays, 0.0 MB stored; 1.3 s; peak memory 327 MiB.
2026-10-10T05:25:05Z INFO [444/1000] 63f84489-7676-485f-9641-4c9787413aa1: 74 arrays, 52.3 MB stored; 1.5 s; peak memory 327 MiB.
2026-10-10T05:25:05Z INFO [445/1000] 63f948c4-b80f-4d05-b24b-74d8bdfe8cc7: 112 arrays, 0.5 MB stored; 1.6 s; peak memory 327 MiB.
2026-10-10T05:25:05Z INFO [446/1000] 63f959d5-b574-435f-a4cc-216b0b9dfdc6: 59 arrays, 239.4 MB stored; 1.3 s; peak memory 327 MiB.
2026-10-10T05:25:06Z INFO [447/1000] 63fa8eee-1d94-4d33-9fde-4799f7570031: 38 arrays, 0.5 MB stored; 1.1 s; peak memory 327 MiB.
2026-10-10T05:25:06Z INFO [448/1000] 63f9f83c-a3e7-46c8-afb9-2025a65e8f90: 110 arrays, 1.3 MB stored; 1.6 s; peak memory 327 MiB.
2026-10-10T05:25:07Z INFO [449/1000] 63faa034-8a1c-4778-9a61-1efa8a71dc4c: 118 arrays, 0.1 MB stored; 1.4 s; peak memory 327 MiB.
2026-10-10T05:25:07Z INFO [450/1000] 63fc1d4e-90b1-4009-9b92-e2fb18a53492: 46 arrays, 12.6 MB stored; 1.3 s; peak memory 327 MiB.
2026-10-10T05:25:07Z INFO [451/1000] 63fc2dcd-bb89-43f9-a916-4c010186d618: 66 arrays, 95.9 MB stored; 1.9 s; peak memory 327 MiB.
2026-10-10T05:25:08Z INFO [452/1000] 63fd3bce-72ff-41ab-926b-c4eca228ea34: 66 arrays, 54.5 MB stored; 1.4 s; peak memory 327 MiB.
2026-10-10T05:25:08Z INFO [453/1000] 63fd22e4-d8f8-4566-b94b-0489d2b5aaa9: 83 arrays, 221.7 MB stored; 1.7 s; peak memory 327 MiB.
2026-10-10T05:25:08Z INFO [454/1000] 63fd7f40-ddd5-4bbd-8758-43d5431dd7ed: 71 arrays, 4.4 MB stored; 1.5 s; peak memory 327 MiB.
2026-10-10T05:25:09Z INFO [455/1000] 63fdfd0c-5f8f-4beb-a183-a93a4d5c0088: 117 arrays, 0.3 MB stored; 1.4 s; peak memory 327 MiB.
2026-10-10T05:25:09Z INFO [456/1000] 63feda6f-8bde-4c66-b4b5-d4c597e12bc7: 45 arrays, 7.3 MB stored; 1.3 s; peak memory 327 MiB.
2026-10-10T05:25:09Z INFO [457/1000] 63ff1416-3c27-42db-a43e-c5387aa742b3: 48 arrays, 83.9 MB stored; 1.3 s; peak memory 327 MiB.
2026-10-10T05:25:10Z INFO [458/1000] 63ff8c8c-b077-4a9d-ac90-0a02f871f4f4: 51 arrays, 0.0 MB stored; 1.1 s; peak memory 327 MiB.
2026-10-10T05:25:10Z INFO [459/1000] 63ffc4cf-3a9c-4277-a9ac-9f9fce985c9c: 45 arrays, 0.0 MB stored; 1.0 s; peak memory 327 MiB.
2026-10-10T05:25:10Z INFO [460/1000] 63ffcd6f-217b-4f22-b842-7aa6db0a5f93: 48 arrays, 83.9 MB stored; 1.1 s; peak memory 327 MiB.
2026-10-10T05:25:12Z INFO [461/1000] 6400a1a2-5d7e-4261-8c5f-a4495ac26764: 58 arrays, 0.0 MB stored; 1.1 s; peak memory 327 MiB.
2026-10-10T05:25:12Z INFO [462/1000] 63fff159-0c10-4e23-a11e-73c0b075cab7: 69 arrays, 0.1 MB stored; 1.3 s; peak memory 327 MiB.
2026-10-10T05:25:13Z INFO [463/1000] 6403558b-da61-4d94-9ae0-d6710c4e34e3: 52 arrays, 12.9 MB stored; 1.0 s; peak memory 327 MiB.
2026-10-10T05:25:13Z INFO [464/1000] 6402f0d3-5cad-418f-b9a7-4c23ab56302e: 71 arrays, 95.6 MB stored; 1.6 s; peak memory 327 MiB.
2026-10-10T05:25:15Z INFO [465/1000] 64003a9d-e25d-47c0-8afe-6a7a39b6ee19: 196 arrays, 642.9 MB stored; 5.1 s; peak memory 327 MiB.
2026-10-10T05:25:16Z INFO [466/1000] 64041f6e-2268-489d-87f3-6cd042c2cba4: 329 arrays, 3.5 MB stored; 2.3 s; peak memory 327 MiB.
2026-10-10T05:25:16Z INFO [467/1000] 6403d748-0bcc-4639-bdc2-bba6691ebeff: 457 arrays, 4.6 MB stored; 3.3 s; peak memory 327 MiB.
2026-10-10T05:25:17Z INFO [468/1000] 64048cc4-dbeb-4fe4-a98b-f198642eff32: 112 arrays, 0.6 MB stored; 1.2 s; peak memory 327 MiB.
2026-10-10T05:25:17Z INFO [469/1000] 6404ee8d-b821-4b6f-8676-5642cc7da523: 70 arrays, 73.2 MB stored; 1.5 s; peak memory 327 MiB.
2026-10-10T05:25:17Z INFO [470/1000] 6404f734-a81c-4fa9-ab3e-46fb13574802: 289 arrays, 17.1 MB stored; 1.3 s; peak memory 327 MiB.
2026-10-10T05:25:18Z INFO [471/1000] 6404fc03-d9f7-42ac-b813-bdee24e99546: 116 arrays, 0.3 MB stored; 1.3 s; peak memory 327 MiB.
2026-10-10T05:25:18Z INFO [472/1000] 63b9b53a-d6c1-4baf-bdc6-21b8e5fb6f13: 413 arrays, 23312.0 MB stored; 110.2 s; peak memory 327 MiB.
2026-10-10T05:25:18Z INFO [473/1000] 64050823-96dc-46f0-9202-8f398ae1aef4: 48 arrays, 83.9 MB stored; 1.1 s; peak memory 327 MiB.
2026-10-10T05:25:18Z INFO [474/1000] 640569af-0229-4809-9786-85c1b9c1fcbd: 48 arrays, 83.9 MB stored; 1.2 s; peak memory 327 MiB.
2026-10-10T05:25:19Z INFO [475/1000] 6405a94e-48ed-4550-8a03-c39a0cea65d8: 48 arrays, 83.9 MB stored; 1.4 s; peak memory 327 MiB.
2026-10-10T05:25:19Z INFO [476/1000] 6406ce61-33db-4bc8-a9b9-81158d746907: 37 arrays, 3.1 MB stored; 0.9 s; peak memory 327 MiB.
2026-10-10T05:25:20Z INFO [477/1000] 64067dd0-f947-48a0-aaa9-211f68626e7a: 71 arrays, 1.8 MB stored; 1.5 s; peak memory 327 MiB.
2026-10-10T05:25:21Z INFO [478/1000] 64073223-a29a-447c-971d-34c58f5e690b: 117 arrays, 0.3 MB stored; 1.1 s; peak memory 327 MiB.
2026-10-10T05:25:21Z INFO [479/1000] 6406f0f1-45f7-4714-b44c-4ebe54204289: 112 arrays, 0.4 MB stored; 1.4 s; peak memory 327 MiB.
2026-10-10T05:25:21Z INFO [480/1000] 64074793-ce8d-4870-84aa-a72bd3218b48: 48 arrays, 83.9 MB stored; 1.1 s; peak memory 327 MiB.
2026-10-10T05:25:22Z INFO [481/1000] 640660d9-88e0-4cb8-9dfd-a92d123c2daa: 229 arrays, 234.7 MB stored; 3.5 s; peak memory 327 MiB.
2026-10-10T05:25:22Z INFO [482/1000] 6407e8d4-8936-4f6f-a8c8-150fb1acf988: 66 arrays, 22.3 MB stored; 1.4 s; peak memory 327 MiB.
2026-10-10T05:25:22Z INFO [483/1000] 6407c5ca-a134-4a07-94d2-1ae67f78edc9: 112 arrays, 0.8 MB stored; 1.4 s; peak memory 327 MiB.
2026-10-10T05:25:23Z INFO [484/1000] 640781ee-fb81-4ad1-abd8-60b4b9723509: 71 arrays, 139.4 MB stored; 2.1 s; peak memory 327 MiB.
2026-10-10T05:25:23Z INFO [485/1000] 64082e62-a5a6-4104-9d85-1ffd6adf75d3: 117 arrays, 0.3 MB stored; 1.1 s; peak memory 327 MiB.
2026-10-10T05:25:24Z INFO [486/1000] 6408b335-f496-4ea0-8405-29775612444b: 48 arrays, 83.9 MB stored; 0.9 s; peak memory 327 MiB.
2026-10-10T05:25:24Z INFO [487/1000] 6408ba99-cfd3-40f9-b14a-94e7ef431d27: 48 arrays, 83.9 MB stored; 1.0 s; peak memory 327 MiB.
2026-10-10T05:25:25Z INFO [488/1000] 6408d5f6-e824-4b68-9fdb-e0b23ea18122: 48 arrays, 83.9 MB stored; 1.0 s; peak memory 327 MiB.
2026-10-10T05:25:25Z INFO [489/1000] 6409ff57-694c-41e9-bbfc-c25bdd54277b: 116 arrays, 9.8 MB stored; 1.1 s; peak memory 327 MiB.
2026-10-10T05:25:26Z INFO [490/1000] 640a720a-ea74-41f5-ba0c-fe3ea933d732: 69 arrays, 56.2 MB stored; 1.3 s; peak memory 327 MiB.
2026-10-10T05:25:26Z INFO [491/1000] 6408a8c9-aadc-4aa6-a772-f4efae31ca93: 296 arrays, 44.6 MB stored; 3.8 s; peak memory 327 MiB.
2026-10-10T05:25:26Z INFO [492/1000] 640a7901-c82b-47ee-9b49-3cc0aea127b3: 48 arrays, 83.9 MB stored; 1.0 s; peak memory 327 MiB.
2026-10-10T05:25:27Z INFO [493/1000] 640abc1d-4901-44f1-bc41-5ff0b0215dbf: 48 arrays, 83.9 MB stored; 1.1 s; peak memory 327 MiB.
2026-10-10T05:25:28Z INFO [494/1000] 640ab36d-5a56-401d-8df6-e744f4755bc1: 80 arrays, 119.5 MB stored; 1.9 s; peak memory 327 MiB.
2026-10-10T05:25:28Z INFO [495/1000] 640acb41-aa91-49e3-b12d-8235d3895806: 38 arrays, 58.5 MB stored; 1.8 s; peak memory 327 MiB.
2026-10-10T05:25:29Z INFO [496/1000] 640ae1a5-a4eb-4cbf-a7e7-842e9ba3fd55: 118 arrays, 24.0 MB stored; 1.5 s; peak memory 327 MiB.
2026-10-10T05:25:29Z INFO [497/1000] 640bc5a9-b960-4201-8436-498d83e5a8bd: 48 arrays, 83.9 MB stored; 1.0 s; peak memory 327 MiB.
2026-10-10T05:25:29Z INFO [498/1000] 640b0f78-3548-4cb1-bbc3-4852ae079cb7: 112 arrays, 1.3 MB stored; 1.5 s; peak memory 327 MiB.
2026-10-10T05:25:29Z INFO [499/1000] 640c3872-7035-4cec-8b92-722a2e833b43: 46 arrays, 0.1 MB stored; 0.8 s; peak memory 327 MiB.
2026-10-10T05:25:30Z INFO [500/1000] 640d769c-8f86-4d60-964b-e9f5f8259d65: 48 arrays, 83.9 MB stored; 1.2 s; peak memory 327 MiB.
2026-10-10T05:25:31Z INFO [501/1000] 640d85fb-c8ed-4090-9448-a8eee446f360: 116 arrays, 0.5 MB stored; 1.3 s; peak memory 327 MiB.
2026-10-10T05:25:31Z INFO [502/1000] 640d88ce-572a-420c-a30a-765cc474a19a: 69 arrays, 49.2 MB stored; 1.6 s; peak memory 327 MiB.
2026-10-10T05:25:32Z INFO [503/1000] 640dab29-26e9-4013-85b8-409e573fbaf4: 66 arrays, 18.3 MB stored; 1.2 s; peak memory 327 MiB.
2026-10-10T05:25:32Z INFO [504/1000] 640ded9e-c759-408f-a7ab-a62b730e03cf: 117 arrays, 0.3 MB stored; 1.3 s; peak memory 327 MiB.
2026-10-10T05:25:33Z INFO [505/1000] 640f498b-a654-4ade-8c73-7e9e21d6f8b8: 116 arrays, 0.4 MB stored; 1.1 s; peak memory 327 MiB.
2026-10-10T05:25:33Z INFO [506/1000] 640f6582-7343-44f8-8d62-26291d91e05e: 57 arrays, 0.0 MB stored; 0.9 s; peak memory 327 MiB.
2026-10-10T05:25:33Z INFO [507/1000] 640e2ec8-2271-4f55-98e7-147220c9cb33: 90 arrays, 118.1 MB stored; 1.9 s; peak memory 327 MiB.
2026-10-10T05:25:34Z INFO [508/1000] 640f6b84-2d6f-41f3-94c2-2c6d195a08c7: 48 arrays, 83.9 MB stored; 1.2 s; peak memory 327 MiB.
2026-10-10T05:25:34Z INFO [509/1000] 640f9866-3702-4dd5-b968-554950c2f4b2: 48 arrays, 83.9 MB stored; 1.0 s; peak memory 327 MiB.
2026-10-10T05:25:35Z INFO [510/1000] 640fc595-f6c2-4e45-bc43-cd9c6ad4a274: 46 arrays, 0.1 MB stored; 0.8 s; peak memory 327 MiB.
2026-10-10T05:25:35Z INFO [511/1000] 640f812e-53b0-4a61-8b97-68889d07eb8c: 115 arrays, 190.0 MB stored; 1.9 s; peak memory 327 MiB.
2026-10-10T05:25:35Z INFO [512/1000] 64108834-8d28-4678-80df-85f764b87c63: 38 arrays, 0.5 MB stored; 1.0 s; peak memory 327 MiB.
2026-10-10T05:25:36Z INFO [513/1000] 64110909-3cd6-4804-9abd-34b2befcdd40: 56 arrays, 0.0 MB stored; 1.0 s; peak memory 327 MiB.
2026-10-10T05:25:36Z INFO [514/1000] 64117fc5-6a0f-4f08-8e13-183da142c660: 48 arrays, 83.9 MB stored; 1.1 s; peak memory 327 MiB.
2026-10-10T05:25:37Z INFO [515/1000] 6411e3c4-4347-4720-8736-2a0b816a5544: 85 arrays, 2.5 MB stored; 1.1 s; peak memory 327 MiB.
2026-10-10T05:25:37Z INFO [516/1000] 64110787-6847-4396-97a2-dc59045278e1: 38 arrays, 176.8 MB stored; 2.2 s; peak memory 327 MiB.
2026-10-10T05:25:37Z INFO [517/1000] 641260d1-beec-4cbb-baf3-63dba2f6bc41: 48 arrays, 83.9 MB stored; 1.1 s; peak memory 327 MiB.
2026-10-10T05:25:38Z INFO [518/1000] 64127e19-88f5-40a2-b199-0bc754609539: 116 arrays, 0.3 MB stored; 1.2 s; peak memory 327 MiB.
2026-10-10T05:25:38Z INFO [519/1000] 64129ae3-e69d-46b3-858b-aa2661320658: 48 arrays, 83.9 MB stored; 1.1 s; peak memory 327 MiB.
2026-10-10T05:25:38Z INFO [520/1000] 64136f9b-0b9a-49db-ae72-a9e4096555c4: 118 arrays, 0.4 MB stored; 1.4 s; peak memory 327 MiB.
2026-10-10T05:25:39Z INFO [521/1000] 641426ce-584e-4b5b-9786-780acc954a0c: 112 arrays, 1.1 MB stored; 1.2 s; peak memory 327 MiB.
2026-10-10T05:25:39Z INFO [522/1000] 64080cea-d21d-40fe-bd62-88e58eb8cca9: 1173 arrays, 27.6 MB stored; 17.7 s; peak memory 327 MiB.
2026-10-10T05:25:39Z INFO [523/1000] 64149434-0dda-4a10-921a-7423e886eb25: 46 arrays, 0.2 MB stored; 1.0 s; peak memory 327 MiB.
2026-10-10T05:25:40Z INFO [524/1000] 6414b6d0-0dbe-42d9-8d5d-33e9412912c4: 52 arrays, 0.8 MB stored; 1.2 s; peak memory 327 MiB.
2026-10-10T05:25:43Z INFO [525/1000] 6414faa4-6e24-469f-92a9-1e5384b807ae: 649 arrays, 6.0 MB stored; 3.8 s; peak memory 327 MiB.
2026-10-10T05:25:45Z INFO [526/1000] 6415f15b-2006-4046-bb14-19a875a67e2c: 82 arrays, 266.8 MB stored; 1.9 s; peak memory 327 MiB.
2026-10-10T05:25:46Z INFO [527/1000] 641852b9-cc75-4c77-ab88-cccfd17d3110: 112 arrays, 0.3 MB stored; 1.1 s; peak memory 327 MiB.
2026-10-10T05:25:47Z INFO [528/1000] 6419e39f-36a4-4f6d-8af4-69f598d693bd: 117 arrays, 0.3 MB stored; 1.2 s; peak memory 327 MiB.
2026-10-10T05:25:48Z INFO [529/1000] 641b4a1b-e387-4516-aee8-28ce0f51ed87: 39 arrays, 5.3 MB stored; 1.0 s; peak memory 327 MiB.
2026-10-10T05:25:50Z INFO [530/1000] 6414b7ea-96b4-4949-aff3-36899ec44380: 979 arrays, 32.6 MB stored; 10.3 s; peak memory 327 MiB.
2026-10-10T05:25:51Z INFO [531/1000] 641ba83c-b30e-4566-86ce-f8fe1c9a43da: 48 arrays, 83.9 MB stored; 1.0 s; peak memory 327 MiB.
2026-10-10T05:25:51Z INFO [532/1000] 6415c5c8-951d-4211-a32e-df3b46bfc3a1: 934 arrays, 38.7 MB stored; 10.6 s; peak memory 327 MiB.
2026-10-10T05:25:52Z INFO [533/1000] 641c08e7-f1b8-490d-a749-01f30b65a71a: 113 arrays, 0.5 MB stored; 1.2 s; peak memory 327 MiB.
2026-10-10T05:25:52Z INFO [534/1000] 641c386d-9b59-432e-a411-919e84975807: 48 arrays, 83.9 MB stored; 1.0 s; peak memory 327 MiB.
2026-10-10T05:25:52Z INFO [535/1000] 641b9d32-19d2-485a-81fb-b83deb677860: 257 arrays, 107.7 MB stored; 4.1 s; peak memory 327 MiB.
2026-10-10T05:25:53Z INFO [536/1000] 641d008b-20cc-4769-bb43-c2cb06103d87: 112 arrays, 0.6 MB stored; 1.4 s; peak memory 327 MiB.
2026-10-10T05:25:54Z INFO [537/1000] 641d0717-c4f0-4652-a0de-e54389400915: 84 arrays, 0.9 MB stored; 1.1 s; peak memory 327 MiB.
2026-10-10T05:25:54Z INFO [538/1000] 641d4a0c-e417-4ed2-95a7-5dcfe4df9bf2: 117 arrays, 0.2 MB stored; 1.3 s; peak memory 327 MiB.
2026-10-10T05:25:55Z INFO [539/1000] 641e0b08-3c53-4979-9716-dcca6e16a20b: 48 arrays, 83.9 MB stored; 1.2 s; peak memory 327 MiB.
2026-10-10T05:25:56Z INFO [540/1000] 641f2948-e1b4-4e2b-8301-03c686de0168: 48 arrays, 83.9 MB stored; 1.1 s; peak memory 327 MiB.
2026-10-10T05:25:56Z INFO [541/1000] 641f128e-aac5-4b1a-879c-ab9520bfdcd5: 71 arrays, 139.3 MB stored; 2.0 s; peak memory 327 MiB.
2026-10-10T05:25:57Z INFO [542/1000] 641f4a81-9d9a-4cdc-b7e4-4635d1ed0eea: 117 arrays, 0.4 MB stored; 1.1 s; peak memory 327 MiB.
2026-10-10T05:25:58Z INFO [543/1000] 641f6bde-fd78-4740-b235-1cbb81512692: 69 arrays, 2.8 MB stored; 1.2 s; peak memory 327 MiB.
2026-10-10T05:25:59Z INFO [544/1000] 64217900-775a-4c1e-9b4f-7e51ab081d19: 116 arrays, 0.3 MB stored; 1.0 s; peak memory 327 MiB.
2026-10-10T05:25:59Z INFO [545/1000] 641d0348-0d75-420d-a6d1-acbf3d5438d5: 391 arrays, 77.6 MB stored; 6.8 s; peak memory 327 MiB.
2026-10-10T05:26:00Z INFO [546/1000] 64218a0a-3cfd-40ca-a7b5-d4a26a1a89b5: 48 arrays, 83.9 MB stored; 1.0 s; peak memory 327 MiB.
2026-10-10T05:26:00Z INFO [547/1000] 64223f9a-10eb-4abc-9033-4d9447a237d0: 83 arrays, 1.4 MB stored; 1.2 s; peak memory 327 MiB.
2026-10-10T05:26:01Z INFO [548/1000] 6423a329-62fb-4c57-94b5-62f51aa73baf: 76 arrays, 0.8 MB stored; 1.0 s; peak memory 327 MiB.
2026-10-10T05:26:01Z INFO [549/1000] 64232218-8756-4dc9-9fbc-5eb32c0128c1: 71 arrays, 78.3 MB stored; 1.6 s; peak memory 327 MiB.
2026-10-10T05:26:02Z INFO [550/1000] 64241b54-6111-4811-898d-5d006a86a523: 117 arrays, 0.3 MB stored; 1.1 s; peak memory 327 MiB.
2026-10-10T05:26:02Z INFO [551/1000] 642449ee-95a3-495e-a757-f81e15f1007a: 35 arrays, 0.0 MB stored; 0.9 s; peak memory 327 MiB.
2026-10-10T05:26:03Z INFO [552/1000] 6424500a-3ed1-4431-a550-c83001aa573e: 48 arrays, 83.9 MB stored; 1.1 s; peak memory 327 MiB.
2026-10-10T05:26:03Z INFO [553/1000] 6413cc30-4c6a-4615-b5a8-9a0c4171f76b: 2906 arrays, 1776.1 MB stored; 25.6 s; peak memory 327 MiB.
2026-10-10T05:26:04Z INFO [554/1000] 64246ccd-fe3f-4a06-9c5d-01ed6f9b9765: 74 arrays, 2.9 MB stored; 1.5 s; peak memory 327 MiB.
2026-10-10T05:26:04Z INFO [555/1000] 6424d6ef-1d92-40c2-ad00-1801b07e3c4e: 69 arrays, 54.8 MB stored; 1.3 s; peak memory 327 MiB.
2026-10-10T05:26:05Z INFO [556/1000] 6424f578-4701-43d5-b067-98bbeb53ebb4: 64 arrays, 15.6 MB stored; 1.4 s; peak memory 327 MiB.
2026-10-10T05:26:06Z INFO [557/1000] 6425cbc9-a8db-4fff-9ca6-29e430a8b7a5: 69 arrays, 0.1 MB stored; 1.2 s; peak memory 327 MiB.
2026-10-10T05:26:07Z INFO [558/1000] 64252455-aa80-407d-b1fd-abdbc7f9c695: 90 arrays, 131.2 MB stored; 2.1 s; peak memory 327 MiB.
2026-10-10T05:26:11Z INFO [559/1000] 6426f6e7-5a22-4fde-9aa1-bf26f61d557e: 1075 arrays, 13.9 MB stored; 4.4 s; peak memory 327 MiB.
2026-10-10T05:26:12Z INFO [560/1000] 64274abd-f366-471d-90e9-524623c9d261: 48 arrays, 83.9 MB stored; 1.1 s; peak memory 327 MiB.
2026-10-10T05:26:13Z INFO [561/1000] 6427a8d0-5099-41c1-b5ee-844d6a48c9d7: 112 arrays, 0.8 MB stored; 1.2 s; peak memory 327 MiB.
2026-10-10T05:26:14Z INFO [562/1000] 64265a84-1904-417e-b805-de40091890de: 672 arrays, 18.8 MB stored; 7.8 s; peak memory 327 MiB.
2026-10-10T05:26:15Z INFO [563/1000] 6428445c-ce94-4565-adc2-aae34f3dd21f: 48 arrays, 83.9 MB stored; 0.9 s; peak memory 327 MiB.
2026-10-10T05:26:15Z INFO [564/1000] 6427b1c2-7a71-4a69-8d8e-0d61a9efdd9e: 112 arrays, 0.7 MB stored; 1.7 s; peak memory 327 MiB.
2026-10-10T05:26:16Z INFO [565/1000] 6428827d-58e6-49a2-9fb2-b0f6bf350f57: 117 arrays, 0.2 MB stored; 1.2 s; peak memory 327 MiB.
2026-10-10T05:26:18Z INFO [566/1000] 6428e85a-f0b2-49a9-a3cc-fc4525310dae: 38 arrays, 25.6 MB stored; 1.7 s; peak memory 327 MiB.
2026-10-10T05:26:18Z INFO [567/1000] 6428c767-7c10-4d0d-9bab-40c883c6da57: 583 arrays, 21.0 MB stored; 3.3 s; peak memory 327 MiB.
2026-10-10T05:26:19Z INFO [568/1000] 64250c51-d44d-4c27-834a-06fe5fe9ae5b: 7994 arrays, 64.8 MB stored; 15.0 s; peak memory 327 MiB.
2026-10-10T05:26:19Z INFO [569/1000] 641fe82b-b773-44a2-b09f-d508dde635c6: 36 arrays, 1759.6 MB stored; 21.7 s; peak memory 327 MiB.
2026-10-10T05:26:19Z INFO [570/1000] 642b6118-2c62-4d52-8345-3b1e634803e8: 49 arrays, 1337.2 MB stored; 1.4 s; peak memory 327 MiB.
2026-10-10T05:26:19Z INFO [571/1000] 642baa8a-f581-4bf5-94d7-821a14884e60: 45 arrays, 0.0 MB stored; 0.9 s; peak memory 327 MiB.
2026-10-10T05:26:20Z INFO [572/1000] 642c40bc-89ce-4c75-9c36-211b9966405c: 48 arrays, 83.9 MB stored; 1.2 s; peak memory 327 MiB.
2026-10-10T05:26:20Z INFO [573/1000] 642eb261-d08a-4cda-b002-eb07c202da87: 84 arrays, 0.0 MB stored; 1.2 s; peak memory 327 MiB.
2026-10-10T05:26:20Z INFO [574/1000] 642efb05-76f3-4fe3-b9cd-82c500f8929f: 41 arrays, 14.4 MB stored; 1.1 s; peak memory 327 MiB.
2026-10-10T05:26:21Z INFO [575/1000] 642f4ab8-d2d5-4372-93c1-ff1e2ef84413: 71 arrays, 5695.0 MB stored; 1.5 s; peak memory 327 MiB.
2026-10-10T05:26:21Z INFO [576/1000] 642fab01-084e-435f-8c2a-867d1dc81741: 66 arrays, 11.6 MB stored; 1.4 s; peak memory 327 MiB.
2026-10-10T05:26:22Z INFO [577/1000] 643083c7-eeb1-421b-882c-a7ea5b51aadf: 117 arrays, 0.4 MB stored; 1.1 s; peak memory 327 MiB.
2026-10-10T05:26:23Z INFO [578/1000] 642f54e5-c5a0-4ebb-8c54-0f5ddc9bccf9: 461 arrays, 4.9 MB stored; 3.2 s; peak memory 327 MiB.
2026-10-10T05:26:23Z INFO [579/1000] 6430cee7-116c-4b4c-a1c1-3eee2e69bd1e: 42 arrays, 0.8 MB stored; 1.1 s; peak memory 327 MiB.
2026-10-10T05:26:25Z INFO [580/1000] 64307e4a-96a4-453c-b988-fe45c272428c: 56 arrays, 145.2 MB stored; 4.4 s; peak memory 327 MiB.
2026-10-10T05:26:25Z INFO [581/1000] 64316afd-8a5d-4872-9dc9-c98ba1b0ceb2: 71 arrays, 122.1 MB stored; 1.7 s; peak memory 327 MiB.
2026-10-10T05:26:25Z INFO [582/1000] 6431256f-91d6-4aff-bc9d-84808e248dde: 460 arrays, 3.6 MB stored; 2.6 s; peak memory 327 MiB.
2026-10-10T05:26:26Z INFO [583/1000] 64330ccd-17a5-45c9-b9a1-1a006c8a484b: 117 arrays, 0.2 MB stored; 1.1 s; peak memory 327 MiB.
2026-10-10T05:26:27Z INFO [584/1000] 6433c443-2cde-4442-bee6-bb7ecbc1413b: 118 arrays, 0.4 MB stored; 1.2 s; peak memory 327 MiB.
2026-10-10T05:26:27Z INFO [585/1000] 6433ff6a-fad1-4803-812a-7fbc221fac55: 48 arrays, 83.9 MB stored; 1.0 s; peak memory 327 MiB.
2026-10-10T05:26:29Z INFO [586/1000] 64342a03-eaa5-447e-9415-d1ab51503420: 87 arrays, 15.5 MB stored; 1.7 s; peak memory 327 MiB.
2026-10-10T05:26:30Z INFO [587/1000] 6434d5ef-aa5e-4e80-8be8-ef3b53728ff9: 112 arrays, 0.6 MB stored; 1.3 s; peak memory 327 MiB.
2026-10-10T05:26:31Z INFO [588/1000] 6434e320-2025-4804-a8f6-e0a5ff79805e: 48 arrays, 83.9 MB stored; 1.1 s; peak memory 327 MiB.
2026-10-10T05:26:31Z INFO [589/1000] 6433902b-bf58-457d-88fc-de1d72d79528: 1190 arrays, 38.6 MB stored; 6.3 s; peak memory 327 MiB.
2026-10-10T05:26:33Z INFO [590/1000] 64356626-8dac-48c1-808c-518b509199e0: 117 arrays, 0.3 MB stored; 1.1 s; peak memory 327 MiB.
2026-10-10T05:26:33Z INFO [591/1000] 6435262a-a629-461a-af8d-35b3922f2052: 156 arrays, 193.4 MB stored; 2.1 s; peak memory 327 MiB.
2026-10-10T05:26:34Z INFO [592/1000] 643575da-3864-45ae-ac20-1844efe9e12b: 106 arrays, 9.8 MB stored; 1.1 s; peak memory 327 MiB.
2026-10-10T05:26:35Z INFO [593/1000] 643596fe-7b4a-4495-bef9-fefcf3da8a36: 62 arrays, 2999.2 MB stored; 1.3 s; peak memory 327 MiB.
2026-10-10T05:26:35Z INFO [594/1000] 64371047-fbf4-4934-b7de-ce0a0e23413d: 48 arrays, 83.9 MB stored; 0.9 s; peak memory 327 MiB.
2026-10-10T05:26:36Z INFO [595/1000] 6437a1af-48e4-40df-9f05-1951924748f5: 46 arrays, 12.6 MB stored; 1.1 s; peak memory 327 MiB.
2026-10-10T05:26:37Z INFO [596/1000] 6437e2c8-d270-40a9-ab43-9e308c452aba: 117 arrays, 0.4 MB stored; 1.2 s; peak memory 327 MiB.
2026-10-10T05:26:38Z INFO [597/1000] 6437f5e2-ab2b-47a4-9b5d-043f7727b70c: 92 arrays, 0.4 MB stored; 1.3 s; peak memory 327 MiB.
2026-10-10T05:26:39Z INFO [598/1000] 64388a1f-c87b-4d38-b5b0-208ddcad015c: 41 arrays, 8.4 MB stored; 1.0 s; peak memory 327 MiB.
2026-10-10T05:26:49Z INFO [599/1000] 64389356-ed28-4b5c-bec7-d4215eaaa743: 49 arrays, 561848.4 MB stored; 10.2 s; peak memory 327 MiB.
2026-10-10T05:26:51Z INFO [600/1000] 63c36432-78b2-4dbb-89d7-de5d848e440e: 264 arrays, 39258.9 MB stored; 177.2 s; peak memory 327 MiB.
2026-10-10T05:26:52Z INFO [600/1000] 63c36432-78b2-4dbb-89d7-de5d848e440e: checkpointed 600 new records.
2026-10-10T05:26:52Z INFO [601/1000] 64391200-512d-4728-9da9-c69be3f35a43: 119 arrays, 67.4 MB stored; 2.2 s; peak memory 421 MiB.
2026-10-10T05:26:53Z INFO [602/1000] 6439a54d-384d-4d21-af08-2a7902e20fd7: 84 arrays, 0.7 MB stored; 1.1 s; peak memory 421 MiB.
2026-10-10T05:26:53Z INFO [603/1000] 643995ce-5b80-4eae-901b-24dfc015cabc: 380 arrays, 3.4 MB stored; 1.9 s; peak memory 421 MiB.
2026-10-10T05:26:54Z INFO [604/1000] 643ba236-4f7f-470a-82df-4bd0db2b0f31: 48 arrays, 83.9 MB stored; 1.2 s; peak memory 421 MiB.
2026-10-10T05:26:54Z INFO [605/1000] 643abc37-fd02-41a6-8ea4-60328b4480dc: 70 arrays, 25.2 MB stored; 1.2 s; peak memory 421 MiB.
2026-10-10T05:26:55Z INFO [606/1000] 643bb4c8-cc5b-4bc8-9128-37f93957cda4: 54 arrays, 0.3 MB stored; 1.0 s; peak memory 421 MiB.
2026-10-10T05:26:55Z INFO [607/1000] 643bd091-793f-4ed7-9724-2486f0835625: 48 arrays, 83.9 MB stored; 1.2 s; peak memory 421 MiB.
2026-10-10T05:26:55Z INFO [608/1000] 63fc53a3-162a-4af7-a3a6-6fab5c171cf4: 433 arrays, 22373.8 MB stored; 109.0 s; peak memory 421 MiB.
2026-10-10T05:26:55Z INFO [609/1000] 6437557e-55d2-4815-a40b-fb991131ad7d: 48 arrays, 39920.3 MB stored; 20.8 s; peak memory 421 MiB.
2026-10-10T05:26:56Z INFO [610/1000] 643c25bf-867e-4437-8a0f-c8c971c08ccb: 52 arrays, 12.3 MB stored; 1.2 s; peak memory 421 MiB.
2026-10-10T05:26:57Z INFO [611/1000] 643c7929-88a0-4ff6-8999-8c1719db62cd: 101 arrays, 9.4 MB stored; 1.6 s; peak memory 421 MiB.
2026-10-10T05:26:57Z INFO [612/1000] 643c147a-9764-4d05-878c-a495fc13a136: 90 arrays, 118.0 MB stored; 1.9 s; peak memory 421 MiB.
2026-10-10T05:26:57Z INFO [613/1000] 643caf8d-898b-4b07-ba59-41496c20b792: 57 arrays, 621.9 MB stored; 1.9 s; peak memory 421 MiB.
2026-10-10T05:26:58Z INFO [614/1000] 643cdab8-a53a-4725-a5d1-ca8b9be34a74: 112 arrays, 0.7 MB stored; 1.5 s; peak memory 421 MiB.
2026-10-10T05:26:58Z INFO [615/1000] 643d7c3b-3d28-4edc-ad06-f8a99dfe304e: 52 arrays, 13.8 MB stored; 1.1 s; peak memory 421 MiB.
2026-10-10T05:26:58Z INFO [616/1000] 63fdba9e-c206-4a4a-b7fc-7379dc60b8a5: 413 arrays, 23254.9 MB stored; 110.8 s; peak memory 421 MiB.
2026-10-10T05:26:59Z INFO [617/1000] 643d7d11-7e62-475c-8090-00e7d07b877a: 48 arrays, 83.9 MB stored; 1.1 s; peak memory 421 MiB.
2026-10-10T05:26:59Z INFO [618/1000] 643e32a4-43fd-42be-8dd1-497b14f37f7b: 110 arrays, 0.5 MB stored; 1.6 s; peak memory 421 MiB.
2026-10-10T05:27:00Z INFO [619/1000] 643e3bdd-eb53-4f9f-83c3-9bff83f606c0: 62 arrays, 4568.5 MB stored; 1.6 s; peak memory 421 MiB.
2026-10-10T05:27:00Z INFO [620/1000] 643d7ca3-37dd-42f0-b98c-497b977d6a52: 432 arrays, 3.7 MB stored; 2.5 s; peak memory 421 MiB.
2026-10-10T05:27:00Z INFO [621/1000] 643faea4-032b-479b-a738-80d100166d69: 48 arrays, 83.9 MB stored; 1.1 s; peak memory 421 MiB.
2026-10-10T05:27:00Z INFO [622/1000] 643fde9d-6685-4712-ab13-4f6ea8d36d62: 48 arrays, 83.9 MB stored; 1.1 s; peak memory 421 MiB.
2026-10-10T05:27:01Z INFO [623/1000] 6440c085-f193-427e-908d-2ec15263b933: 46 arrays, 5221.6 MB stored; 1.5 s; peak memory 421 MiB.
2026-10-10T05:27:02Z INFO [624/1000] 64418abd-3125-4bde-b14a-1bfa17192a33: 112 arrays, 0.6 MB stored; 1.3 s; peak memory 421 MiB.
2026-10-10T05:27:02Z INFO [625/1000] 6440dfbc-beb3-4500-8180-d654e1a60db5: 107 arrays, 5.0 MB stored; 2.0 s; peak memory 421 MiB.
2026-10-10T05:27:02Z INFO [626/1000] 6441e296-8419-468b-b726-2c6557d3a30d: 37 arrays, 0.0 MB stored; 0.8 s; peak memory 421 MiB.
2026-10-10T05:27:03Z INFO [627/1000] 6440410e-3c29-4709-b3ef-f8fe0d5b270d: 409 arrays, 5.1 MB stored; 3.2 s; peak memory 421 MiB.
2026-10-10T05:27:03Z INFO [628/1000] 64424329-e973-4db6-9d70-bb1950a66dcc: 48 arrays, 83.9 MB stored; 1.2 s; peak memory 421 MiB.
2026-10-10T05:27:04Z INFO [629/1000] 64437c8f-bfea-49a8-8a90-2960fe056c11: 113 arrays, 0.6 MB stored; 1.4 s; peak memory 421 MiB.
2026-10-10T05:27:04Z INFO [630/1000] 644229ec-0d49-4caa-a09b-8298ef0a259b: 115 arrays, 186.9 MB stored; 2.4 s; peak memory 421 MiB.
2026-10-10T05:27:05Z INFO [631/1000] 6443816e-2391-4cef-9b91-eeb1188c2b0f: 79 arrays, 3.2 MB stored; 1.4 s; peak memory 421 MiB.
2026-10-10T05:27:05Z INFO [632/1000] 6445576d-f43f-4971-8233-cad784ffae18: 48 arrays, 83.9 MB stored; 1.1 s; peak memory 421 MiB.
2026-10-10T05:27:06Z INFO [633/1000] 64457b4b-e534-407f-972a-2cad9828eac3: 48 arrays, 83.9 MB stored; 1.2 s; peak memory 421 MiB.
2026-10-10T05:27:07Z INFO [634/1000] 6445e11d-99ea-473d-b9bf-eb9950d92d71: 66 arrays, 112.8 MB stored; 1.5 s; peak memory 421 MiB.
2026-10-10T05:27:07Z INFO [635/1000] 6445ece3-3467-43ed-a42a-8f0d7443779d: 71 arrays, 2.7 MB stored; 1.4 s; peak memory 421 MiB.
2026-10-10T05:27:08Z INFO [636/1000] 6446784c-3246-475d-9b4d-a4444ea326b4: 153 arrays, 1.0 MB stored; 1.5 s; peak memory 421 MiB.
2026-10-10T05:27:10Z INFO [637/1000] 6447a5b0-b15c-45e9-bfcf-42fd9fd67c2d: 102 arrays, 15.5 MB stored; 1.4 s; peak memory 421 MiB.
2026-10-10T05:27:15Z INFO [638/1000] 64452215-88b7-4bfb-b784-51e1709afe68: 1573 arrays, 52.3 MB stored; 11.0 s; peak memory 421 MiB.
2026-10-10T05:27:17Z INFO [639/1000] 644854cb-41fe-4ed0-b896-55ead389b3aa: 66 arrays, 52.5 MB stored; 1.3 s; peak memory 421 MiB.
2026-10-10T05:27:17Z INFO [640/1000] 64482c7f-6fda-4293-b46d-d8497f18fa8b: 984 arrays, 21.8 MB stored; 7.3 s; peak memory 421 MiB.
2026-10-10T05:27:18Z INFO [641/1000] 64489b3e-d0ad-4af4-a02e-df6e81f0de14: 118 arrays, 0.4 MB stored; 1.0 s; peak memory 421 MiB.
2026-10-10T05:27:19Z INFO [642/1000] 6448ea7b-ef10-4782-aef8-33ae4262a097: 42 arrays, 1.1 MB stored; 1.1 s; peak memory 421 MiB.
2026-10-10T05:27:20Z INFO [643/1000] 6448ca8e-0c37-43ac-8d5f-69a51fa6f05a: 156 arrays, 193.5 MB stored; 2.5 s; peak memory 421 MiB.
2026-10-10T05:27:20Z INFO [644/1000] 6449ac52-d6e2-4fc1-9708-908b047ee6a3: 54 arrays, 0.0 MB stored; 0.9 s; peak memory 421 MiB.
2026-10-10T05:27:21Z INFO [645/1000] 644a4c17-99f1-4d8d-b7f2-2abcd6c0adab: 48 arrays, 83.9 MB stored; 1.0 s; peak memory 421 MiB.
2026-10-10T05:27:21Z INFO [646/1000] 644a879e-21e2-407f-84a3-0cc372364dcc: 48 arrays, 83.9 MB stored; 1.1 s; peak memory 421 MiB.
2026-10-10T05:27:22Z INFO [647/1000] 644b106a-4582-430f-8d62-41cb8667d75e: 48 arrays, 83.9 MB stored; 1.0 s; peak memory 421 MiB.
2026-10-10T05:27:22Z INFO [648/1000] 644b9e27-771f-4366-8f5d-f8cf50d915f0: 69 arrays, 1.9 MB stored; 1.2 s; peak memory 421 MiB.
2026-10-10T05:27:23Z INFO [649/1000] 644bfea8-3dd3-47a7-b708-39d71f688d02: 275 arrays, 17.2 MB stored; 1.1 s; peak memory 421 MiB.
2026-10-10T05:27:24Z INFO [650/1000] 644c7e86-fc3e-46d8-b9e9-b465989f6658: 112 arrays, 0.5 MB stored; 1.3 s; peak memory 421 MiB.
2026-10-10T05:27:25Z INFO [651/1000] 644ba49d-13e8-4f9c-840c-b88bf7a99dc0: 442 arrays, 6.5 MB stored; 3.6 s; peak memory 421 MiB.
2026-10-10T05:27:25Z INFO [652/1000] 644ccd7d-716d-4a6d-b140-723f7c3cfef8: 48 arrays, 83.9 MB stored; 1.0 s; peak memory 421 MiB.
2026-10-10T05:27:27Z INFO [653/1000] 644cd30f-14ad-486c-a142-dce63b3e7044: 51 arrays, 6176.7 MB stored; 1.4 s; peak memory 421 MiB.
2026-10-10T05:27:28Z INFO [654/1000] 644ce46f-216d-421d-bf5b-834fc08ff76c: 114 arrays, 186.8 MB stored; 2.2 s; peak memory 421 MiB.
2026-10-10T05:27:28Z INFO [655/1000] 644d5c82-7761-4391-81cb-b00d2033936d: 118 arrays, 0.4 MB stored; 1.0 s; peak memory 421 MiB.
2026-10-10T05:27:29Z INFO [656/1000] 644e4405-11ca-4703-b4db-6a7a4df8df20: 57 arrays, 0.0 MB stored; 1.0 s; peak memory 421 MiB.
2026-10-10T05:27:33Z INFO [657/1000] 644210b7-2273-4199-9237-385f868867dc: 1041 arrays, 256.0 MB stored; 30.8 s; peak memory 421 MiB.
2026-10-10T05:27:35Z INFO [658/1000] 644ec184-d546-424c-9890-da52532868eb: 115 arrays, 190.0 MB stored; 2.1 s; peak memory 421 MiB.
2026-10-10T05:27:35Z INFO [659/1000] 644e913f-6fdd-4b7b-abea-a189bf1ae90d: 649 arrays, 21.4 MB stored; 6.0 s; peak memory 421 MiB.
2026-10-10T05:27:36Z INFO [660/1000] 644f5920-949e-40fe-b796-7f620d17a6c4: 39 arrays, 4.5 MB stored; 1.0 s; peak memory 421 MiB.
2026-10-10T05:27:36Z INFO [661/1000] 644ff90b-81f4-4027-9a6d-413e5e3ce03a: 113 arrays, 0.1 MB stored; 1.2 s; peak memory 421 MiB.
2026-10-10T05:27:37Z INFO [662/1000] 64511ae7-1a91-4860-86ad-e21755edf5ee: 46 arrays, 3175.6 MB stored; 1.1 s; peak memory 421 MiB.
2026-10-10T05:27:37Z INFO [663/1000] 64513b68-658c-4430-9db1-da6205b4399b: 117 arrays, 0.4 MB stored; 1.2 s; peak memory 421 MiB.
2026-10-10T05:27:38Z INFO [664/1000] 645150e3-07a7-4f5e-8f81-eec1f0d5d138: 39 arrays, 11724.0 MB stored; 1.7 s; peak memory 421 MiB.
2026-10-10T05:27:38Z INFO [665/1000] 6451ab93-93c0-4554-8288-469767ffd6a7: 70 arrays, 20.2 MB stored; 1.5 s; peak memory 421 MiB.
2026-10-10T05:27:39Z INFO [666/1000] 6451e438-3272-49bc-9f73-599e9f6c804c: 57 arrays, 0.0 MB stored; 0.9 s; peak memory 421 MiB.
2026-10-10T05:27:40Z INFO [667/1000] 64529c11-87f8-4bf9-8a11-8080d4d008d2: 63 arrays, 0.1 MB stored; 1.0 s; peak memory 421 MiB.
2026-10-10T05:27:40Z INFO [668/1000] 644da812-9350-46d7-82fa-0fdea47d338c: 1062 arrays, 31.0 MB stored; 12.5 s; peak memory 421 MiB.
2026-10-10T05:27:40Z INFO [669/1000] 645319bd-ee87-43de-ab84-f3e02b740ada: 114 arrays, 0.2 MB stored; 1.1 s; peak memory 421 MiB.
2026-10-10T05:27:41Z INFO [670/1000] 6453202f-b02e-4a2e-8740-c0a3ce050195: 46 arrays, 12.6 MB stored; 1.1 s; peak memory 421 MiB.
2026-10-10T05:27:41Z INFO [671/1000] 643d112a-da9e-46f9-ad51-0a258965bf49: 5190 arrays, 1106.9 MB stored; 44.1 s; peak memory 421 MiB.
2026-10-10T05:27:41Z INFO [672/1000] 6453e37c-9285-4b24-9356-ef65c7a44e09: 45 arrays, 0.0 MB stored; 1.0 s; peak memory 421 MiB.
2026-10-10T05:27:42Z INFO [673/1000] 6455238c-6c65-400c-9fbc-75476dd3d95a: 57 arrays, 0.0 MB stored; 1.0 s; peak memory 421 MiB.
2026-10-10T05:27:42Z INFO [674/1000] 6456faa0-ac9a-4f7f-bc6c-310012c22c76: 46 arrays, 0.0 MB stored; 0.8 s; peak memory 421 MiB.
2026-10-10T05:27:42Z INFO [675/1000] 6453f35f-0efd-4955-a44c-fd9704345017: 110 arrays, 1.0 MB stored; 1.7 s; peak memory 421 MiB.
2026-10-10T05:27:43Z INFO [676/1000] 6457e449-1c7f-4d95-8760-43339ab54328: 56 arrays, 0.0 MB stored; 0.8 s; peak memory 421 MiB.
2026-10-10T05:27:43Z INFO [677/1000] 6457310e-785a-457c-9950-f5f0897b1234: 48 arrays, 83.9 MB stored; 1.1 s; peak memory 421 MiB.
2026-10-10T05:27:43Z INFO [678/1000] 6454d341-be81-4005-ae07-9fdb79b477c3: 316 arrays, 3.2 MB stored; 2.9 s; peak memory 421 MiB.
2026-10-10T05:27:44Z INFO [679/1000] 645700a1-bad4-442a-978c-1922821b988a: 116 arrays, 187.1 MB stored; 2.3 s; peak memory 421 MiB.
2026-10-10T05:27:44Z INFO [680/1000] 64594404-d4f7-4d44-ada1-1f21ff5f5f84: 69 arrays, 0.8 MB stored; 1.4 s; peak memory 421 MiB.
2026-10-10T05:27:45Z INFO [681/1000] 6459878e-5518-454a-b81e-2bb622045112: 71 arrays, 3.4 MB stored; 1.1 s; peak memory 421 MiB.
2026-10-10T05:27:45Z INFO [682/1000] 6459a9e8-4819-4892-affe-cd27fea2ea2e: 42 arrays, 0.8 MB stored; 1.0 s; peak memory 421 MiB.
2026-10-10T05:27:45Z INFO [683/1000] 6459cec9-d9b1-4fd9-a207-d7a57287ebc3: 46 arrays, 4.7 MB stored; 0.9 s; peak memory 421 MiB.
2026-10-10T05:27:46Z INFO [684/1000] 6459c720-f355-46de-8494-8a3c449787ae: 116 arrays, 0.4 MB stored; 1.2 s; peak memory 421 MiB.
2026-10-10T05:27:47Z INFO [685/1000] 645a2a92-8e55-4f48-9218-e5a35ef62d40: 102 arrays, 15.2 MB stored; 1.3 s; peak memory 421 MiB.
2026-10-10T05:27:47Z INFO [686/1000] 645a0808-00ca-4755-98ec-1feb0c22cc9b: 117 arrays, 27.2 MB stored; 2.0 s; peak memory 421 MiB.
2026-10-10T05:27:48Z INFO [687/1000] 645a2442-2871-4614-98b8-b84cdb110a2f: 419 arrays, 3.7 MB stored; 2.4 s; peak memory 421 MiB.
2026-10-10T05:27:48Z INFO [688/1000] 645a8d87-5fe6-4f6c-9498-0c210f2537d6: 42 arrays, 1.4 MB stored; 1.1 s; peak memory 421 MiB.
2026-10-10T05:27:49Z INFO [689/1000] 645a7e3c-fa8f-4191-9691-b4f566e482bd: 156 arrays, 193.4 MB stored; 2.0 s; peak memory 421 MiB.
2026-10-10T05:27:50Z INFO [690/1000] 645af183-4952-43a0-8af1-6f6975824566: 83 arrays, 0.2 MB stored; 1.2 s; peak memory 421 MiB.
2026-10-10T05:27:51Z INFO [691/1000] 645b274d-9bb2-4ba8-be3c-07d7f2da850a: 116 arrays, 0.4 MB stored; 1.0 s; peak memory 421 MiB.
2026-10-10T05:27:51Z INFO [692/1000] 6458af20-2504-4a92-9ae5-110cbfc91406: 38 arrays, 349.8 MB stored; 8.5 s; peak memory 421 MiB.
2026-10-10T05:27:52Z INFO [693/1000] 645ae2f1-3530-40ac-a521-5f481917647e: 551 arrays, 7.0 MB stored; 3.5 s; peak memory 421 MiB.
2026-10-10T05:27:53Z INFO [694/1000] 645b6634-ac02-4920-97eb-4a2ba314d2c0: 48 arrays, 83.9 MB stored; 1.1 s; peak memory 421 MiB.
2026-10-10T05:27:53Z INFO [695/1000] 645c37af-eb0a-44c1-9ae3-80994861c946: 46 arrays, 12.6 MB stored; 1.0 s; peak memory 421 MiB.
2026-10-10T05:27:54Z INFO [696/1000] 645c932f-34fb-423c-8a63-8b5a31cbd60d: 117 arrays, 0.5 MB stored; 1.3 s; peak memory 421 MiB.
2026-10-10T05:27:54Z INFO [697/1000] 645d1b1b-d17c-463b-a603-02cf7d913974: 69 arrays, 0.1 MB stored; 1.1 s; peak memory 421 MiB.
2026-10-10T05:27:54Z INFO [698/1000] 645aa1d0-335c-4cc1-88af-2c68bd23baa9: 852 arrays, 32.3 MB stored; 6.0 s; peak memory 421 MiB.
2026-10-10T05:27:55Z INFO [699/1000] 645d4dc4-764d-4c85-91c3-29d49ed98f0e: 142 arrays, 1.7 MB stored; 1.3 s; peak memory 421 MiB.
2026-10-10T05:27:55Z INFO [700/1000] 645b61ce-9ca0-4f06-a695-8aab825a0ba5: 297 arrays, 41.3 MB stored; 4.2 s; peak memory 421 MiB.
2026-10-10T05:27:56Z INFO [701/1000] 645da0d3-5479-4bae-831f-71a217a47880: 38 arrays, 24.9 MB stored; 1.9 s; peak memory 421 MiB.
2026-10-10T05:27:56Z INFO [702/1000] 645dd120-2d8b-418b-90dc-bccb7f5b7203: 115 arrays, 190.2 MB stored; 2.0 s; peak memory 421 MiB.
2026-10-10T05:27:56Z INFO [703/1000] 645dd3e0-444a-416c-b875-85ac190179a8: 42 arrays, 7.4 MB stored; 1.1 s; peak memory 421 MiB.
2026-10-10T05:27:57Z INFO [704/1000] 6434261c-4ab6-4dfd-aaa5-9d969b3fb3dd: 260 arrays, 19756.4 MB stored; 90.0 s; peak memory 421 MiB.
2026-10-10T05:27:57Z INFO [705/1000] 645de013-ce68-4851-838b-48c97cbc58ca: 117 arrays, 0.2 MB stored; 1.3 s; peak memory 421 MiB.
2026-10-10T05:27:57Z INFO [706/1000] 645e6d5d-b96e-4e7b-a5db-25030d3e4b4c: 118 arrays, 0.2 MB stored; 1.2 s; peak memory 421 MiB.
2026-10-10T05:27:57Z INFO [707/1000] 645e5011-adcc-49ad-9f83-1b4832cffeb1: 275 arrays, 17.1 MB stored; 1.4 s; peak memory 421 MiB.
2026-10-10T05:27:58Z INFO [708/1000] 645e914f-2304-4ddf-a80a-9df27687bcb5: 48 arrays, 83.9 MB stored; 1.4 s; peak memory 421 MiB.
2026-10-10T05:27:58Z INFO [709/1000] 645ef676-6d70-4176-960d-c5f1261eb11c: 42 arrays, 11.8 MB stored; 1.1 s; peak memory 421 MiB.
2026-10-10T05:27:58Z INFO [710/1000] 645f5269-549d-4be6-ad7f-91705067bb77: 48 arrays, 83.9 MB stored; 1.1 s; peak memory 421 MiB.
2026-10-10T05:27:58Z INFO [711/1000] 645f46e0-afcd-4b8c-ada6-da18eefaeef2: 48 arrays, 83.9 MB stored; 1.1 s; peak memory 421 MiB.
2026-10-10T05:27:59Z INFO [712/1000] 645eb2da-37b0-40f0-bbc3-ea0dc7036ecd: 114 arrays, 186.8 MB stored; 2.2 s; peak memory 421 MiB.
2026-10-10T05:27:59Z INFO [713/1000] 645fbbd4-c421-4543-9368-844d1d3a99cf: 70 arrays, 4454.9 MB stored; 1.5 s; peak memory 421 MiB.
2026-10-10T05:27:59Z INFO [714/1000] 6460696b-9e2a-470c-987e-565882edba0b: 66 arrays, 79.2 MB stored; 1.4 s; peak memory 421 MiB.
2026-10-10T05:27:59Z INFO [715/1000] 6461d12e-236b-44cb-912f-85178bf50974: 118 arrays, 0.2 MB stored; 1.2 s; peak memory 421 MiB.
2026-10-10T05:28:00Z INFO [716/1000] 6463eaa4-e31d-46ae-8f68-fe269d4794cc: 49 arrays, 11.2 MB stored; 1.2 s; peak memory 421 MiB.
2026-10-10T05:28:00Z INFO [717/1000] 6464c82b-313a-43dc-8027-f8bfa80758ab: 47 arrays, 0.5 MB stored; 1.0 s; peak memory 421 MiB.
2026-10-10T05:28:00Z INFO [718/1000] 64643b13-05cd-4df0-84d5-9497de36a6e8: 117 arrays, 0.3 MB stored; 1.4 s; peak memory 421 MiB.
2026-10-10T05:28:01Z INFO [719/1000] 646668bd-bacd-4dbc-bbfc-418fcb7ac6d3: 53 arrays, 0.2 MB stored; 1.0 s; peak memory 421 MiB.
2026-10-10T05:28:01Z INFO [720/1000] 646678f0-9edb-4849-9f08-b71362db23b7: 56 arrays, 0.0 MB stored; 0.9 s; peak memory 421 MiB.
2026-10-10T05:28:02Z INFO [721/1000] 6466d136-def5-49dc-a244-1c8c9fd56827: 48 arrays, 83.9 MB stored; 0.9 s; peak memory 421 MiB.
2026-10-10T05:28:02Z INFO [722/1000] 6465f664-6a43-4c3e-bae2-a07a30a194e2: 476 arrays, 4.9 MB stored; 2.8 s; peak memory 421 MiB.
2026-10-10T05:28:03Z INFO [723/1000] 64675167-675f-428e-be0f-07579c48d879: 79 arrays, 2.2 MB stored; 1.0 s; peak memory 421 MiB.
2026-10-10T05:28:03Z INFO [724/1000] 6467967e-00da-4464-a9da-0f3b934a8737: 48 arrays, 83.9 MB stored; 1.2 s; peak memory 421 MiB.
2026-10-10T05:28:04Z INFO [725/1000] 64668edf-28d6-4853-af4c-f86bfdd3247b: 412 arrays, 4.3 MB stored; 3.2 s; peak memory 421 MiB.
2026-10-10T05:28:04Z INFO [726/1000] 646673da-3410-4f1e-aad4-1421674e3849: 200 arrays, 552.0 MB stored; 4.4 s; peak memory 421 MiB.
2026-10-10T05:28:05Z INFO [727/1000] 64680208-dc36-470b-8324-6cdf38abedb6: 66 arrays, 115.0 MB stored; 1.5 s; peak memory 421 MiB.
2026-10-10T05:28:05Z INFO [728/1000] 64682e44-5245-4399-b6b9-18570007dc92: 48 arrays, 83.9 MB stored; 0.9 s; peak memory 421 MiB.
2026-10-10T05:28:06Z INFO [729/1000] 6468cf77-1f73-4f0f-86be-e40a1dbb8eb8: 57 arrays, 0.0 MB stored; 0.8 s; peak memory 421 MiB.
2026-10-10T05:28:06Z INFO [730/1000] 646970a0-0488-4405-a44a-149e926a2cc3: 63 arrays, 0.1 MB stored; 1.0 s; peak memory 421 MiB.
2026-10-10T05:28:07Z INFO [731/1000] 646a12e2-51c0-475b-89bc-8bd1f297f97a: 76 arrays, 0.8 MB stored; 1.0 s; peak memory 421 MiB.
2026-10-10T05:28:08Z INFO [732/1000] 6469a4ea-ea1b-4b8b-bae0-a10d5f99ae23: 119 arrays, 67.4 MB stored; 2.1 s; peak memory 421 MiB.
2026-10-10T05:28:11Z INFO [733/1000] 646837d2-d41d-4a37-a15d-d8afbfbd30ef: 11477 arrays, 141.6 MB stored; 6.6 s; peak memory 421 MiB.
2026-10-10T05:28:11Z INFO [734/1000] 642fd952-6a1b-4381-a24c-c08ea0042f06: 433 arrays, 22253.2 MB stored; 111.4 s; peak memory 421 MiB.
2026-10-10T05:28:12Z INFO [735/1000] 646aa0de-c344-431b-8d3b-02ea9b85a129: 56 arrays, 135.8 MB stored; 5.1 s; peak memory 421 MiB.
2026-10-10T05:28:12Z INFO [736/1000] 64617e07-7482-445a-a20b-59d08ff1ca52: 86 arrays, 28502.1 MB stored; 14.2 s; peak memory 421 MiB.
2026-10-10T05:28:12Z INFO [737/1000] 646d0fb8-6096-459b-a77c-3e4dc4781d0c: 70 arrays, 0.3 MB stored; 1.0 s; peak memory 421 MiB.
2026-10-10T05:28:13Z INFO [738/1000] 64682df2-d84a-446c-9896-1d1770f20823: 555 arrays, 14734.0 MB stored; 9.1 s; peak memory 421 MiB.
2026-10-10T05:28:13Z INFO [739/1000] 646c8eba-74c8-4c26-8ae0-a2a659d84580: 168 arrays, 3.2 MB stored; 2.1 s; peak memory 421 MiB.
2026-10-10T05:28:14Z INFO [740/1000] 646db5b5-1710-4a7f-8671-63fcf5b9d914: 48 arrays, 83.9 MB stored; 1.3 s; peak memory 421 MiB.
2026-10-10T05:28:14Z INFO [741/1000] 646d43f6-ea56-4e58-90de-28deaaeabec3: 131 arrays, 0.7 MB stored; 1.6 s; peak memory 421 MiB.
2026-10-10T05:28:14Z INFO [742/1000] 646e6d68-7737-4f1c-a394-8f610d0e03dd: 48 arrays, 83.9 MB stored; 1.0 s; peak memory 421 MiB.
2026-10-10T05:28:14Z INFO [743/1000] 646b7f7e-67f3-46b6-bc30-770db6053c1d: 49 arrays, 8381.7 MB stored; 6.9 s; peak memory 421 MiB.
2026-10-10T05:28:15Z INFO [744/1000] 646ea985-3ce1-4185-adc8-01fac08f053a: 112 arrays, 0.5 MB stored; 1.3 s; peak memory 421 MiB.
2026-10-10T05:28:15Z INFO [745/1000] 64700b9f-3a67-4108-bfe1-5255af6ddaec: 116 arrays, 0.4 MB stored; 1.1 s; peak memory 421 MiB.
2026-10-10T05:28:15Z INFO [746/1000] 64702ffa-e3cf-4eb7-bcc6-0ba2d21d951e: 117 arrays, 0.4 MB stored; 1.0 s; peak memory 421 MiB.
2026-10-10T05:28:16Z INFO [747/1000] 646e2707-9e40-4e92-9d1b-cbcde3cde23c: 229 arrays, 258.5 MB stored; 3.6 s; peak memory 421 MiB.
2026-10-10T05:28:16Z INFO [748/1000] 646fa1c4-716c-4cfe-9dd5-535a8cda0ba9: 153 arrays, 3.3 MB stored; 2.2 s; peak memory 421 MiB.
2026-10-10T05:28:16Z INFO [749/1000] 6470fd41-0d16-4e34-befc-274833067f91: 117 arrays, 0.3 MB stored; 1.1 s; peak memory 421 MiB.
2026-10-10T05:28:17Z INFO [750/1000] 64717190-b2eb-4056-b204-262b5959733d: 39 arrays, 78.0 MB stored; 1.2 s; peak memory 421 MiB.
2026-10-10T05:28:17Z INFO [751/1000] 64718d45-3d69-4607-914b-30b730566f63: 69 arrays, 27.6 MB stored; 1.3 s; peak memory 421 MiB.
2026-10-10T05:28:18Z INFO [752/1000] 64723927-7f02-4734-9f81-edb65930f21c: 48 arrays, 83.9 MB stored; 1.2 s; peak memory 421 MiB.
2026-10-10T05:28:18Z INFO [753/1000] 6471fc2f-8eea-48c2-9da7-b214f002f1f6: 112 arrays, 0.6 MB stored; 1.7 s; peak memory 421 MiB.
2026-10-10T05:28:18Z INFO [754/1000] 647230e0-85c8-49fb-81d1-aef3998cd320: 69 arrays, 42.9 MB stored; 1.6 s; peak memory 421 MiB.
2026-10-10T05:28:18Z INFO [755/1000] 64719201-e947-4b19-914a-6bbc1a14e753: 71 arrays, 130.7 MB stored; 1.9 s; peak memory 421 MiB.
2026-10-10T05:28:19Z INFO [756/1000] 64744929-338a-4b86-bfa9-0744deeed53a: 48 arrays, 83.9 MB stored; 1.2 s; peak memory 421 MiB.
2026-10-10T05:28:19Z INFO [757/1000] 6473d309-bd01-4ada-8226-eb8fb7f28c69: 112 arrays, 0.4 MB stored; 1.5 s; peak memory 421 MiB.
2026-10-10T05:28:20Z INFO [758/1000] 647437a9-57e8-429d-aa8a-848489075364: 346 arrays, 2.7 MB stored; 2.3 s; peak memory 421 MiB.
2026-10-10T05:28:20Z INFO [759/1000] 64744ed8-9d0d-4218-8713-8794a1324d30: 48 arrays, 83.9 MB stored; 1.0 s; peak memory 421 MiB.
2026-10-10T05:28:20Z INFO [760/1000] 64744706-8ed2-4263-809f-c0c35f9bdda4: 115 arrays, 190.2 MB stored; 2.6 s; peak memory 421 MiB.
2026-10-10T05:28:21Z INFO [761/1000] 64746a88-1306-4d9c-8a46-0292d7241670: 66 arrays, 18.9 MB stored; 1.4 s; peak memory 421 MiB.
2026-10-10T05:28:22Z INFO [762/1000] 6475a7bf-0f72-4f4d-83db-0c4babbd8d9b: 62 arrays, 1.9 MB stored; 1.2 s; peak memory 421 MiB.
2026-10-10T05:28:22Z INFO [763/1000] 64724ec8-a43c-4345-bcf6-7497a8503929: 336 arrays, 44.0 MB stored; 5.1 s; peak memory 421 MiB.
2026-10-10T05:28:23Z INFO [764/1000] 6475dd53-3ccf-43c1-8bbc-aae0b6e21a00: 118 arrays, 67.0 MB stored; 2.1 s; peak memory 421 MiB.
2026-10-10T05:28:23Z INFO [765/1000] 6475f99f-ffca-4ca1-870d-2ef4ad03833f: 72 arrays, 0.6 MB stored; 1.3 s; peak memory 421 MiB.
2026-10-10T05:28:24Z INFO [766/1000] 6476408b-2842-4602-8ffa-6ba75c55c248: 71 arrays, 135.8 MB stored; 1.9 s; peak memory 421 MiB.
2026-10-10T05:28:24Z INFO [767/1000] 64769681-1990-4050-b03d-fd1c51a30c5a: 69 arrays, 30.2 MB stored; 1.3 s; peak memory 421 MiB.
2026-10-10T05:28:24Z INFO [768/1000] 647800d7-e25e-448b-81eb-1265833a15ca: 71 arrays, 70.7 MB stored; 1.6 s; peak memory 421 MiB.
2026-10-10T05:28:25Z INFO [769/1000] 6478840c-f27a-4e3a-b9a4-722a9f808dbc: 46 arrays, 12.6 MB stored; 1.0 s; peak memory 421 MiB.
2026-10-10T05:28:25Z INFO [770/1000] 64788e6f-467e-402a-a72e-22d9977c93f2: 69 arrays, 95.2 MB stored; 1.5 s; peak memory 421 MiB.
2026-10-10T05:28:26Z INFO [771/1000] 647966f5-a109-4db1-be15-c55e80c1d721: 48 arrays, 83.9 MB stored; 1.0 s; peak memory 421 MiB.
2026-10-10T05:28:27Z INFO [772/1000] 647979c4-77e2-4b9c-8e3f-404f94b4535a: 116 arrays, 9.7 MB stored; 1.2 s; peak memory 421 MiB.
2026-10-10T05:28:27Z INFO [773/1000] 6479d066-9713-4a47-b57b-14871884406c: 92 arrays, 10.8 MB stored; 1.0 s; peak memory 421 MiB.
2026-10-10T05:28:28Z INFO [774/1000] 647b22b7-e1ed-4634-aa75-b7f6a85c95f0: 163 arrays, 22.2 MB stored; 1.6 s; peak memory 421 MiB.
2026-10-10T05:28:28Z INFO [775/1000] 647b396f-d792-456d-8ee8-baae7afe6ebf: 70 arrays, 24.4 MB stored; 1.5 s; peak memory 421 MiB.
2026-10-10T05:28:29Z INFO [776/1000] 647b585b-058d-49c4-ae24-6d7135bd942a: 41 arrays, 4.8 MB stored; 0.9 s; peak memory 421 MiB.
2026-10-10T05:28:29Z INFO [777/1000] 647bb15b-01ab-4e5b-b5ea-17740cac3bde: 48 arrays, 83.9 MB stored; 0.9 s; peak memory 421 MiB.
2026-10-10T05:28:30Z INFO [778/1000] 646e40ec-ccd2-4486-b486-feac879b99ab: 48 arrays, 44145.9 MB stored; 17.6 s; peak memory 421 MiB.
2026-10-10T05:28:30Z INFO [779/1000] 647c7c86-9102-40db-96be-f19b544e2fdf: 48 arrays, 83.9 MB stored; 1.2 s; peak memory 421 MiB.
2026-10-10T05:28:30Z INFO [780/1000] 647c8c78-52f5-4118-9ca4-260be131f2e1: 117 arrays, 0.2 MB stored; 1.2 s; peak memory 421 MiB.
2026-10-10T05:28:32Z INFO [781/1000] 647cfecb-93a4-436c-96c0-fe4ae67bc39a: 68 arrays, 9.8 MB stored; 1.4 s; peak memory 421 MiB.
2026-10-10T05:28:32Z INFO [782/1000] 647c9eee-5979-4028-9c05-c0c61d7d2beb: 138 arrays, 4.8 MB stored; 1.9 s; peak memory 421 MiB.
2026-10-10T05:28:33Z INFO [783/1000] 647ed95e-3fcf-4d1c-8f36-48fca277494a: 39 arrays, 2.9 MB stored; 1.0 s; peak memory 421 MiB.
2026-10-10T05:28:34Z INFO [784/1000] 647e71b1-8846-4a74-be88-b3c29ef3b638: 204 arrays, 11.2 MB stored; 3.1 s; peak memory 421 MiB.
2026-10-10T05:28:34Z INFO [785/1000] 647e7f61-1e19-47ed-8e64-74fcaf4bb9e0: 71 arrays, 80.4 MB stored; 1.8 s; peak memory 421 MiB.
2026-10-10T05:28:34Z INFO [786/1000] 647f003c-718d-4d51-8371-64250db7b3b3: 71 arrays, 0.6 MB stored; 1.2 s; peak memory 421 MiB.
2026-10-10T05:28:35Z INFO [787/1000] 647f2812-236d-4e31-a5fb-cc5a8bcdb3f1: 38 arrays, 0.4 MB stored; 1.1 s; peak memory 421 MiB.
2026-10-10T05:28:36Z INFO [788/1000] 64473e0b-77c3-485b-b720-ec193f7e04ff: 394 arrays, 19746.8 MB stored; 89.0 s; peak memory 421 MiB.
2026-10-10T05:28:37Z INFO [789/1000] 6480b8dd-0f3d-4174-9f26-4219bda81052: 90 arrays, 182.0 MB stored; 2.1 s; peak memory 421 MiB.
2026-10-10T05:28:38Z INFO [790/1000] 6481be6f-fbc2-44e9-b560-61b37a6bcc91: 56 arrays, 0.0 MB stored; 0.8 s; peak memory 421 MiB.
2026-10-10T05:28:38Z INFO [791/1000] 64805fa7-d282-4447-923d-1b5556ed94df: 229 arrays, 833.7 MB stored; 4.4 s; peak memory 421 MiB.
2026-10-10T05:28:38Z INFO [792/1000] 648139ff-a1dd-430f-a333-b74916e38d3a: 115 arrays, 186.8 MB stored; 2.3 s; peak memory 421 MiB.
2026-10-10T05:28:39Z INFO [793/1000] 6481c921-f38d-4d1d-b143-4bac1aaa8cd3: 116 arrays, 0.4 MB stored; 1.3 s; peak memory 421 MiB.
2026-10-10T05:28:39Z INFO [794/1000] 64824eae-9234-4085-b35d-516f08e0f560: 118 arrays, 0.4 MB stored; 1.1 s; peak memory 421 MiB.
2026-10-10T05:28:39Z INFO [795/1000] 64824ff6-6790-48c7-9a27-55892b815131: 52 arrays, 10.7 MB stored; 1.0 s; peak memory 421 MiB.
2026-10-10T05:28:40Z INFO [796/1000] 64828a8f-dcce-4738-89dd-45283c7e7f23: 118 arrays, 0.4 MB stored; 1.2 s; peak memory 421 MiB.
2026-10-10T05:28:40Z INFO [797/1000] 6482bb27-fc10-4678-8553-c49f63baa07a: 112 arrays, 0.3 MB stored; 1.3 s; peak memory 421 MiB.
2026-10-10T05:28:41Z INFO [798/1000] 6478fe7a-e0bf-4383-83df-de1a609f6916: 48 arrays, 39814.0 MB stored; 16.0 s; peak memory 421 MiB.
2026-10-10T05:28:41Z INFO [799/1000] 6482bed8-3494-4a1b-b3bf-f39190ad9222: 131 arrays, 0.6 MB stored; 1.3 s; peak memory 421 MiB.
2026-10-10T05:28:42Z INFO [800/1000] 64842758-c7e2-461e-a507-f46503947c75: 48 arrays, 83.9 MB stored; 1.3 s; peak memory 421 MiB.
2026-10-10T05:28:43Z INFO [800/1000] 64842758-c7e2-461e-a507-f46503947c75: checkpointed 800 new records.
2026-10-10T05:28:43Z INFO [801/1000] 6485cde5-5350-4c29-9b90-c52d0f3489ab: 112 arrays, 0.6 MB stored; 1.5 s; peak memory 512 MiB.
2026-10-10T05:28:43Z INFO [802/1000] 6485e779-01a8-46b9-acfe-398f0e1a7613: 133 arrays, 61417.7 MB stored; 1.8 s; peak memory 512 MiB.
2026-10-10T05:28:43Z INFO [803/1000] 6486923b-e347-41a0-bd15-6bffde7c9a44: 117 arrays, 0.3 MB stored; 1.4 s; peak memory 512 MiB.
2026-10-10T05:28:44Z INFO [804/1000] 6486fa42-dafc-4c0f-8439-4ba907606cca: 48 arrays, 83.9 MB stored; 1.0 s; peak memory 512 MiB.
2026-10-10T05:28:44Z INFO [805/1000] 6486af1b-aed2-45ba-bfc4-0471eaf30bb2: 119 arrays, 66.4 MB stored; 1.9 s; peak memory 512 MiB.
2026-10-10T05:28:44Z INFO [806/1000] 64872cce-3dcf-4f60-8066-1dd929487247: 51 arrays, 0.0 MB stored; 1.0 s; peak memory 512 MiB.
2026-10-10T05:28:45Z INFO [807/1000] 6483b2fe-eb9a-4b70-9f9c-9189bc24bf99: 538 arrays, 8.5 MB stored; 4.6 s; peak memory 512 MiB.
2026-10-10T05:28:45Z INFO [808/1000] 6488ed72-08b4-4841-a243-2c417dc6b339: 69 arrays, 30.4 MB stored; 1.2 s; peak memory 512 MiB.
2026-10-10T05:28:45Z INFO [809/1000] 64890281-709e-4638-b50d-b59069a4aa81: 48 arrays, 83.9 MB stored; 1.1 s; peak memory 512 MiB.
2026-10-10T05:28:46Z INFO [810/1000] 64896f66-7dce-407a-821a-8e4c39d42df5: 77 arrays, 0.3 MB stored; 1.1 s; peak memory 512 MiB.
2026-10-10T05:28:46Z INFO [811/1000] 64896ee8-f3ea-4db9-ab76-9bb9ab23d82a: 38 arrays, 25.2 MB stored; 1.7 s; peak memory 512 MiB.
2026-10-10T05:28:46Z INFO [812/1000] 6489ab74-a52d-4fa2-ac0f-a484acfb743d: 118 arrays, 0.3 MB stored; 1.3 s; peak memory 512 MiB.
2026-10-10T05:28:47Z INFO [813/1000] 64756f86-454f-48c9-95a8-1d53e0efbd98: 2906 arrays, 1273.9 MB stored; 26.5 s; peak memory 512 MiB.
2026-10-10T05:28:47Z INFO [814/1000] 648a227a-cd87-4137-97b2-178d9d463d9b: 118 arrays, 66.2 MB stored; 1.7 s; peak memory 512 MiB.
2026-10-10T05:28:48Z INFO [815/1000] 648b5725-a07a-4411-b9ab-ac7d5d18e412: 275 arrays, 17.2 MB stored; 1.2 s; peak memory 512 MiB.
2026-10-10T05:28:49Z INFO [816/1000] 648ba0e6-8029-4259-92ca-e36352e76733: 84 arrays, 1.6 MB stored; 1.2 s; peak memory 512 MiB.
2026-10-10T05:28:49Z INFO [817/1000] 648c4eed-85b1-48f1-a410-a2704ecafc09: 52 arrays, 9.9 MB stored; 1.2 s; peak memory 512 MiB.
2026-10-10T05:28:49Z INFO [818/1000] 648b7d91-5727-4a42-bc95-05251b351ad3: 349 arrays, 3.2 MB stored; 2.6 s; peak memory 512 MiB.
2026-10-10T05:28:50Z INFO [819/1000] 648cc69c-cb74-49d9-b58e-f50a1497770e: 48 arrays, 83.9 MB stored; 1.0 s; peak memory 512 MiB.
2026-10-10T05:28:50Z INFO [820/1000] 648d034b-482b-4bb3-9cb7-bbb77d1cc0cc: 48 arrays, 83.9 MB stored; 1.1 s; peak memory 512 MiB.
2026-10-10T05:28:51Z INFO [821/1000] 648ed582-c97a-4821-940a-f04edc65b8b8: 112 arrays, 0.6 MB stored; 1.1 s; peak memory 512 MiB.
2026-10-10T05:28:51Z INFO [822/1000] 648e4af8-2a85-4fc4-94ab-b3e18d8e5bcd: 66 arrays, 10.5 MB stored; 1.4 s; peak memory 512 MiB.
2026-10-10T05:28:52Z INFO [823/1000] 64898082-f8a3-4241-9841-3340aaaba16d: 832 arrays, 30.1 MB stored; 7.2 s; peak memory 512 MiB.
2026-10-10T05:28:52Z INFO [824/1000] 648edee3-f272-4f62-8cdd-975882593ffb: 112 arrays, 0.6 MB stored; 1.3 s; peak memory 512 MiB.
2026-10-10T05:28:53Z INFO [825/1000] 648ee921-8b9e-4c6e-b178-63ec031f6f2a: 121 arrays, 0.9 MB stored; 1.8 s; peak memory 512 MiB.
2026-10-10T05:28:53Z INFO [826/1000] 648f190e-79db-4459-9c09-378981086d61: 116 arrays, 0.3 MB stored; 1.2 s; peak memory 512 MiB.
2026-10-10T05:28:54Z INFO [827/1000] 64758770-9e6d-44bb-9f84-5dac9594c089: 52 arrays, 2578.2 MB stored; 34.3 s; peak memory 512 MiB.
2026-10-10T05:28:55Z INFO [828/1000] 6491108d-1ed8-42a6-82e5-810b1a891834: 70 arrays, 144.8 MB stored; 1.9 s; peak memory 512 MiB.
2026-10-10T05:28:57Z INFO [829/1000] 648a0ba4-dbe6-4b8f-ae79-edbe82ca447b: 994 arrays, 1762.5 MB stored; 11.2 s; peak memory 512 MiB.
2026-10-10T05:28:59Z INFO [830/1000] 649255fe-d15e-4795-8ffb-97d19f3b0602: 118 arrays, 67.1 MB stored; 2.1 s; peak memory 512 MiB.
2026-10-10T05:29:00Z INFO [831/1000] 6491b857-097c-4ef3-95fa-c3d1ffb9fba1: 41 arrays, 330.5 MB stored; 5.1 s; peak memory 512 MiB.
2026-10-10T05:29:00Z INFO [832/1000] 649257b2-2079-49dc-8b85-f385441a69fe: 48 arrays, 83.9 MB stored; 0.9 s; peak memory 512 MiB.
2026-10-10T05:29:00Z INFO [833/1000] 6492b5a1-c103-4dff-831c-a867861ad956: 72 arrays, 21.8 MB stored; 0.9 s; peak memory 512 MiB.
2026-10-10T05:29:01Z INFO [834/1000] 6492dc49-a0f9-482f-ba51-185407891483: 48 arrays, 83.9 MB stored; 1.2 s; peak memory 512 MiB.
2026-10-10T05:29:02Z INFO [835/1000] 649399fa-72f2-402d-afa6-1bb27e24bdad: 275 arrays, 17.2 MB stored; 1.4 s; peak memory 512 MiB.
2026-10-10T05:29:03Z INFO [836/1000] 64948d07-e27b-4739-9edf-1382ca111761: 49 arrays, 644.8 MB stored; 1.7 s; peak memory 512 MiB.
2026-10-10T05:29:04Z INFO [837/1000] 64960aa2-039f-4abc-9781-5edf753bd7c9: 66 arrays, 66.7 MB stored; 1.4 s; peak memory 512 MiB.
2026-10-10T05:29:05Z INFO [838/1000] 64953a7b-67bb-4519-9857-a8e03b3826c5: 229 arrays, 480.7 MB stored; 3.6 s; peak memory 512 MiB.
2026-10-10T05:29:06Z INFO [839/1000] 64963797-3701-445f-8800-684b9c0c0b2e: 112 arrays, 0.9 MB stored; 1.5 s; peak memory 512 MiB.
2026-10-10T05:29:08Z INFO [840/1000] 64808b58-e6a8-4422-bd38-b70300909845: 52 arrays, 2493.5 MB stored; 34.1 s; peak memory 512 MiB.
2026-10-10T05:29:09Z INFO [841/1000] 649001c5-3d48-49d2-b3a5-60984cbbc1f8: 48 arrays, 39460.2 MB stored; 16.8 s; peak memory 512 MiB.
2026-10-10T05:29:09Z INFO [842/1000] 64978c7c-c038-446a-a9e5-683955ca7c4b: 97 arrays, 4.4 MB stored; 1.1 s; peak memory 512 MiB.
2026-10-10T05:29:10Z INFO [843/1000] 649ab6ce-7db5-49ce-8fa4-74e20142a8de: 56 arrays, 0.0 MB stored; 0.9 s; peak memory 512 MiB.
2026-10-10T05:29:11Z INFO [844/1000] 649ae414-696b-4c36-be5d-91f4b51e8fbd: 52 arrays, 16.0 MB stored; 1.1 s; peak memory 512 MiB.
2026-10-10T05:29:12Z INFO [845/1000] 6496fdb3-ed6f-4fb3-ab63-6cec9327f2c1: 410 arrays, 147.2 MB stored; 6.7 s; peak memory 512 MiB.
2026-10-10T05:29:13Z INFO [846/1000] 649bee7a-e519-4b53-a9b6-21e91981d761: 117 arrays, 0.3 MB stored; 1.1 s; peak memory 512 MiB.
2026-10-10T05:29:14Z INFO [847/1000] 649bf385-7fe0-4055-9392-d0dc9730b7b3: 66 arrays, 20.1 MB stored; 1.3 s; peak memory 512 MiB.
2026-10-10T05:29:14Z INFO [848/1000] 649c30b7-dd7e-4585-876f-6cff53094d8e: 51 arrays, 4761.0 MB stored; 1.3 s; peak memory 512 MiB.
2026-10-10T05:29:15Z INFO [849/1000] 649cbd24-b23e-4a37-8380-5b1871188376: 66 arrays, 11.0 MB stored; 1.3 s; peak memory 512 MiB.
2026-10-10T05:29:15Z INFO [850/1000] 649c916d-aa41-42c2-a7d3-cd54385076aa: 45 arrays, 634.7 MB stored; 1.5 s; peak memory 512 MiB.
2026-10-10T05:29:17Z INFO [851/1000] 649e2202-c670-4712-b6bc-f91717d84f30: 71 arrays, 62.8 MB stored; 1.8 s; peak memory 512 MiB.
2026-10-10T05:29:18Z INFO [852/1000] 649ebea9-d331-4695-b4ef-ec900c9685d1: 46 arrays, 12.6 MB stored; 0.9 s; peak memory 512 MiB.
2026-10-10T05:29:19Z INFO [853/1000] 649f4cf4-0a38-4128-afd9-ef7ac3c18e1f: 62 arrays, 2750.4 MB stored; 1.3 s; peak memory 512 MiB.
2026-10-10T05:29:21Z INFO [854/1000] 649f50b7-75d4-4ab1-af6e-52cffdb5ee9a: 119 arrays, 66.3 MB stored; 1.7 s; peak memory 512 MiB.
2026-10-10T05:29:22Z INFO [855/1000] 648dc379-5fa3-4a48-8888-65d2a4d93699: 6205 arrays, 99.7 MB stored; 32.9 s; peak memory 512 MiB.
2026-10-10T05:29:23Z INFO [856/1000] 64965a34-2f14-49c5-b008-252bafdccbd4: 48 arrays, 39822.4 MB stored; 17.2 s; peak memory 512 MiB.
2026-10-10T05:29:23Z INFO [857/1000] 649fbab2-9865-4332-a5d9-bf16bf053415: 146 arrays, 115.3 MB stored; 2.0 s; peak memory 512 MiB.
2026-10-10T05:29:23Z INFO [858/1000] 64a0a861-3c67-4873-a3e6-fc960a1ad355: 116 arrays, 0.5 MB stored; 1.3 s; peak memory 512 MiB.
2026-10-10T05:29:24Z INFO [859/1000] 64a13047-6d32-4133-b25e-4534d8c3e6ca: 48 arrays, 83.9 MB stored; 1.0 s; peak memory 512 MiB.
2026-10-10T05:29:25Z INFO [860/1000] 64a17c17-44c0-42b3-97ee-b3b49482ed66: 112 arrays, 1.0 MB stored; 1.2 s; peak memory 512 MiB.
2026-10-10T05:29:27Z INFO [861/1000] 64a1e066-0e85-4d26-9407-e794f5bcde4f: 508 arrays, 6.8 MB stored; 3.5 s; peak memory 512 MiB.
2026-10-10T05:29:29Z INFO [862/1000] 64a26bec-1df6-42e8-9a36-d6520c8ff232: 289 arrays, 17.2 MB stored; 1.4 s; peak memory 512 MiB.
2026-10-10T05:29:29Z INFO [863/1000] 64a24939-4c74-441b-b705-b97542204793: 538 arrays, 8.5 MB stored; 4.7 s; peak memory 512 MiB.
2026-10-10T05:29:30Z INFO [864/1000] 64a2b8c1-1212-4c27-861a-a598a851a9a5: 48 arrays, 83.9 MB stored; 1.2 s; peak memory 512 MiB.
2026-10-10T05:29:30Z INFO [865/1000] 64a2ce4b-9b86-48f4-8286-6149fd0c9e90: 48 arrays, 83.9 MB stored; 1.0 s; peak memory 512 MiB.
2026-10-10T05:29:31Z INFO [866/1000] 64a32097-fad5-4634-a97c-809a68fee460: 48 arrays, 83.9 MB stored; 1.0 s; peak memory 512 MiB.
2026-10-10T05:29:32Z INFO [867/1000] 64a3f20d-a8b3-4e3d-8fcd-3dbe44de8199: 52 arrays, 0.0 MB stored; 0.9 s; peak memory 512 MiB.
2026-10-10T05:29:32Z INFO [868/1000] 649e02ea-6d85-4718-9bf1-064ed226bdc4: 48 arrays, 41665.7 MB stored; 16.8 s; peak memory 512 MiB.
2026-10-10T05:29:32Z INFO [869/1000] 649900ac-6a60-408d-9504-8e8d4b4cfc30: 6758 arrays, 338.8 MB stored; 23.0 s; peak memory 512 MiB.
2026-10-10T05:29:33Z INFO [870/1000] 64a46458-8228-4f17-900c-5ba4b051f5d3: 117 arrays, 0.2 MB stored; 1.1 s; peak memory 512 MiB.
2026-10-10T05:29:34Z INFO [871/1000] 64a49a60-01a8-4e8e-ac70-850ceb0ac885: 48 arrays, 83.9 MB stored; 1.0 s; peak memory 512 MiB.
2026-10-10T05:29:35Z INFO [872/1000] 64a529e9-da4c-445a-836e-7ef388480952: 48 arrays, 83.9 MB stored; 0.9 s; peak memory 512 MiB.
2026-10-10T05:29:35Z INFO [873/1000] 64a10c9e-3c9c-4bd6-9e30-777969e4ab76: 645 arrays, 54.0 MB stored; 12.8 s; peak memory 512 MiB.
2026-10-10T05:29:35Z INFO [874/1000] 64a40b77-25de-40f0-aedf-6d626bff29fd: 606 arrays, 7.0 MB stored; 3.8 s; peak memory 512 MiB.
2026-10-10T05:29:37Z INFO [875/1000] 64a57380-0f5c-4414-b292-98b735167cf3: 112 arrays, 0.8 MB stored; 1.5 s; peak memory 512 MiB.
2026-10-10T05:29:37Z INFO [876/1000] 64a66408-23c9-4724-aca1-e7d73ab820ed: 66 arrays, 98.1 MB stored; 1.3 s; peak memory 512 MiB.
2026-10-10T05:29:37Z INFO [877/1000] 64a33e54-f5f7-4a8c-95f7-08f8eb58eef3: 930 arrays, 25.0 MB stored; 6.5 s; peak memory 512 MiB.
2026-10-10T05:29:37Z INFO [878/1000] 64a44f35-b7c7-488e-9804-9afcd0ce2aa0: 219 arrays, 630.3 MB stored; 5.2 s; peak memory 512 MiB.
2026-10-10T05:29:37Z INFO [879/1000] 64a57ed6-7d39-4881-8e76-a6e63dd905d9: 116 arrays, 187.1 MB stored; 2.0 s; peak memory 512 MiB.
2026-10-10T05:29:38Z INFO [880/1000] 64a6a418-94d4-4abe-a7af-de7e1382f3a4: 118 arrays, 66.1 MB stored; 1.6 s; peak memory 512 MiB.
2026-10-10T05:29:39Z INFO [881/1000] 64a7a0dc-1dd3-4a28-9f4c-d6b5d9076c56: 85 arrays, 2.1 MB stored; 1.1 s; peak memory 512 MiB.
2026-10-10T05:29:40Z INFO [882/1000] 64a7bd97-d202-47c3-bb38-947573725a50: 121 arrays, 0.1 MB stored; 0.9 s; peak memory 512 MiB.
2026-10-10T05:29:41Z INFO [883/1000] 64a7763a-0e82-4cec-9a7a-a643d7e23bb0: 393 arrays, 4.0 MB stored; 3.1 s; peak memory 512 MiB.
2026-10-10T05:29:41Z INFO [884/1000] 64a7f17d-1aaf-41a6-99b3-dae0b98fd415: 112 arrays, 0.8 MB stored; 1.3 s; peak memory 512 MiB.
2026-10-10T05:29:42Z INFO [885/1000] 64a76c70-5dda-48cb-8eae-53acc889e676: 814 arrays, 12.1 MB stored; 4.7 s; peak memory 512 MiB.
2026-10-10T05:29:42Z INFO [886/1000] 64a745fc-8543-41d8-9014-794a2e2eb495: 336 arrays, 44.0 MB stored; 5.2 s; peak memory 512 MiB.
2026-10-10T05:29:43Z INFO [887/1000] 64a8d0ec-3a88-445f-873f-abca44d16b97: 66 arrays, 100.3 MB stored; 1.3 s; peak memory 512 MiB.
2026-10-10T05:29:44Z INFO [888/1000] 64a82269-66f7-42ef-9f43-068073ec5429: 50 arrays, 126.2 MB stored; 3.1 s; peak memory 512 MiB.
2026-10-10T05:29:44Z INFO [889/1000] 64a92552-2f18-4b2a-b72c-4ec16e839834: 117 arrays, 0.3 MB stored; 0.9 s; peak memory 512 MiB.
2026-10-10T05:29:44Z INFO [890/1000] 64a6de8a-0fe4-422c-ac22-fa26dd2674c4: 592 arrays, 135.0 MB stored; 7.4 s; peak memory 512 MiB.
2026-10-10T05:29:45Z INFO [891/1000] 64a9645c-b402-4b4a-899f-de216b5c3d1b: 112 arrays, 0.4 MB stored; 1.1 s; peak memory 512 MiB.
2026-10-10T05:29:45Z INFO [892/1000] 64a993b6-4793-4f1a-ac54-530541fd0a1c: 31 arrays, 0.0 MB stored; 0.8 s; peak memory 512 MiB.
2026-10-10T05:29:46Z INFO [893/1000] 64a8a100-0ff2-4121-aa25-3de3a54f8d97: 38 arrays, 171.3 MB stored; 4.3 s; peak memory 512 MiB.
2026-10-10T05:29:46Z INFO [894/1000] 64a98bea-0b77-4846-9049-e2e26f2a9a89: 116 arrays, 187.2 MB stored; 2.0 s; peak memory 512 MiB.
2026-10-10T05:29:46Z INFO [895/1000] 64a9c0b7-f07c-4c80-acfc-36b1934ba200: 112 arrays, 0.4 MB stored; 1.2 s; peak memory 512 MiB.
2026-10-10T05:29:46Z INFO [896/1000] 64a9adae-c5ad-4810-996c-805f5a95a3f4: 77 arrays, 871.9 MB stored; 1.7 s; peak memory 512 MiB.
2026-10-10T05:29:47Z INFO [897/1000] 64a9e41a-5e20-4007-8470-c8f5c8c7e916: 45 arrays, 10.9 MB stored; 1.1 s; peak memory 512 MiB.
2026-10-10T05:29:47Z INFO [898/1000] 64aa42b5-6fe2-4f77-b2dd-9bec7d02e51c: 46 arrays, 0.3 MB stored; 1.1 s; peak memory 512 MiB.
2026-10-10T05:29:48Z INFO [899/1000] 64aaafdd-f0a1-41ad-ba3e-f6fbae5d5cea: 117 arrays, 0.5 MB stored; 1.4 s; peak memory 512 MiB.
2026-10-10T05:29:48Z INFO [900/1000] 64aac1ca-a401-4ac3-a4fa-dc5583a45490: 48 arrays, 83.9 MB stored; 1.1 s; peak memory 512 MiB.
2026-10-10T05:29:48Z INFO [901/1000] 64aa2dcf-0747-4ad3-94c9-44f9a553c428: 101 arrays, 17.4 MB stored; 2.0 s; peak memory 512 MiB.
2026-10-10T05:29:48Z INFO [902/1000] 64907af0-afc7-4b7b-9c4f-aecb284fd899: 99 arrays, 2119.2 MB stored; 55.7 s; peak memory 512 MiB.
2026-10-10T05:29:49Z INFO [903/1000] 64ab312b-fda7-4791-8cef-428760895214: 118 arrays, 0.6 MB stored; 1.4 s; peak memory 512 MiB.
2026-10-10T05:29:49Z INFO [904/1000] 64acdbb8-4b4c-4c9f-a0e8-5df14df8637c: 48 arrays, 83.9 MB stored; 1.1 s; peak memory 512 MiB.
2026-10-10T05:29:49Z INFO [905/1000] 64abf74a-9fb8-4c9c-84c1-017e7385db43: 48 arrays, 83.9 MB stored; 1.3 s; peak memory 512 MiB.
2026-10-10T05:29:50Z INFO [906/1000] 64a90e30-020c-4fda-af33-741d125f0a96: 904 arrays, 41.3 MB stored; 7.5 s; peak memory 512 MiB.
2026-10-10T05:29:50Z INFO [907/1000] 64ad1200-e19f-4c07-a600-7d20d075a149: 116 arrays, 0.2 MB stored; 1.3 s; peak memory 512 MiB.
2026-10-10T05:29:51Z INFO [908/1000] 64ae1a28-7ac4-4e17-9651-3659762bb34b: 46 arrays, 0.3 MB stored; 0.9 s; peak memory 512 MiB.
2026-10-10T05:29:51Z INFO [909/1000] 64ad4708-810e-4904-a570-7f2c25383a4b: 123 arrays, 5.0 MB stored; 2.0 s; peak memory 512 MiB.
2026-10-10T05:29:51Z INFO [910/1000] 64ae2f58-c429-47ba-bcf8-f7e82c0b6ed3: 118 arrays, 0.3 MB stored; 1.2 s; peak memory 512 MiB.
2026-10-10T05:29:51Z INFO [911/1000] 64ade2ba-15c6-4388-b165-8038c301f64c: 71 arrays, 4.8 MB stored; 1.7 s; peak memory 512 MiB.
2026-10-10T05:29:51Z INFO [912/1000] 64ad9e3f-8be5-4f9e-9332-c58509870829: 71 arrays, 96.5 MB stored; 2.1 s; peak memory 512 MiB.
2026-10-10T05:29:52Z INFO [913/1000] 64af1b1d-f050-4a5b-934a-602b89e8d50c: 54 arrays, 0.0 MB stored; 1.1 s; peak memory 512 MiB.
2026-10-10T05:29:52Z INFO [914/1000] 64abd486-9b58-469d-b1da-cba8e3aba2e7: 749 arrays, 8.1 MB stored; 4.3 s; peak memory 512 MiB.
2026-10-10T05:29:52Z INFO [915/1000] 64ae646f-f502-4482-9db3-062214df07c5: 50 arrays, 2169.8 MB stored; 1.5 s; peak memory 512 MiB.
2026-10-10T05:29:52Z INFO [916/1000] 64afd921-7bfe-4e95-8088-3cff00537d5f: 63 arrays, 0.1 MB stored; 1.1 s; peak memory 512 MiB.
2026-10-10T05:29:52Z INFO [917/1000] 64afbf2c-14a6-4f96-ae3d-719ac7eb6645: 118 arrays, 0.2 MB stored; 1.5 s; peak memory 512 MiB.
2026-10-10T05:29:53Z INFO [918/1000] 64ae3cd6-40e4-430f-8e9b-d16d668bf73d: 168 arrays, 3.2 MB stored; 2.4 s; peak memory 512 MiB.
2026-10-10T05:29:54Z INFO [919/1000] 64b04443-2fa3-4a55-943b-0481b9c4214a: 71 arrays, 3.0 MB stored; 1.7 s; peak memory 512 MiB.
2026-10-10T05:29:54Z INFO [920/1000] 64b0fd1f-52bb-4ff4-88c4-02b2d099e378: 60 arrays, 14.0 MB stored; 1.6 s; peak memory 512 MiB.
2026-10-10T05:29:54Z INFO [921/1000] 64b11bf3-0534-4963-8dcc-0b9c2cdb21c3: 51 arrays, 4384.4 MB stored; 1.5 s; peak memory 512 MiB.
2026-10-10T05:29:54Z INFO [922/1000] 64b128bb-7ea9-418d-9665-e18edd3bd56a: 48 arrays, 83.9 MB stored; 1.1 s; peak memory 512 MiB.
2026-10-10T05:29:55Z INFO [923/1000] 64b14fe5-b5e4-4a6a-9e87-910e879b068b: 46 arrays, 0.0 MB stored; 0.9 s; peak memory 512 MiB.
2026-10-10T05:29:55Z INFO [924/1000] 64b0a15e-3d03-4557-ae67-41b8860c423c: 406 arrays, 4.9 MB stored; 3.1 s; peak memory 512 MiB.
2026-10-10T05:29:55Z INFO [925/1000] 64b1b44e-abd9-4faf-a1d1-8abefa8ea79d: 64 arrays, 69.4 MB stored; 1.6 s; peak memory 512 MiB.
2026-10-10T05:29:56Z INFO [926/1000] 64b2c4cc-730c-4e0e-90a9-aae87252c3b8: 48 arrays, 251.7 MB stored; 1.1 s; peak memory 512 MiB.
2026-10-10T05:29:56Z INFO [927/1000] 64b255fa-11da-4c62-85e9-ba669d01ef24: 69 arrays, 37.3 MB stored; 1.7 s; peak memory 512 MiB.
2026-10-10T05:29:56Z INFO [928/1000] 64b2e080-717a-4d74-be9b-295009a5aaf9: 112 arrays, 0.6 MB stored; 1.2 s; peak memory 512 MiB.
2026-10-10T05:29:57Z INFO [929/1000] 64b3296f-932f-4bd4-9537-43f9973db7d3: 48 arrays, 83.9 MB stored; 1.2 s; peak memory 512 MiB.
2026-10-10T05:29:57Z INFO [930/1000] 64b3657e-a6fa-42ae-b7db-b50aabe6a16a: 48 arrays, 83.9 MB stored; 1.2 s; peak memory 512 MiB.
2026-10-10T05:29:58Z INFO [931/1000] 64b3d030-5901-4a6d-aed2-0a7859586048: 49 arrays, 1.3 MB stored; 1.3 s; peak memory 512 MiB.
2026-10-10T05:29:58Z INFO [932/1000] 64b63c14-8316-493d-b750-5c5be887776a: 117 arrays, 0.3 MB stored; 1.1 s; peak memory 512 MiB.
2026-10-10T05:29:58Z INFO [933/1000] 64b0bbc6-8a45-41d8-814e-1de81920bfb8: 602 arrays, 25.8 MB stored; 6.1 s; peak memory 512 MiB.
2026-10-10T05:29:59Z INFO [934/1000] 64b6793c-f1e0-4502-ba62-b190250cfda9: 46 arrays, 0.0 MB stored; 0.9 s; peak memory 512 MiB.
2026-10-10T05:30:00Z INFO [935/1000] 64b761c9-4eb3-4004-859f-35273156efb1: 48 arrays, 83.9 MB stored; 1.1 s; peak memory 512 MiB.
2026-10-10T05:30:00Z INFO [936/1000] 64b6ce10-0cfa-48b8-b720-0b0cbadb330c: 71 arrays, 73.2 MB stored; 1.6 s; peak memory 512 MiB.
2026-10-10T05:30:00Z INFO [937/1000] 64b79640-0808-4fbd-b788-22b07e1a4788: 117 arrays, 0.4 MB stored; 1.2 s; peak memory 512 MiB.
2026-10-10T05:30:00Z INFO [938/1000] 64b1ff11-0be8-4157-8207-26539728d608: 936 arrays, 40.4 MB stored; 6.3 s; peak memory 512 MiB.
2026-10-10T05:30:01Z INFO [939/1000] 64b91fef-c5b8-459b-a77f-47b99c4ca054: 37 arrays, 0.0 MB stored; 1.0 s; peak memory 512 MiB.
2026-10-10T05:30:01Z INFO [940/1000] 64b7e2ad-9837-444e-a32b-e1af7cecd925: 49 arrays, 18.2 MB stored; 1.3 s; peak memory 512 MiB.
2026-10-10T05:30:01Z INFO [941/1000] 64b8ef2f-3d9a-4e2a-a3d3-5585b5f04689: 64 arrays, 17.4 MB stored; 1.3 s; peak memory 512 MiB.
2026-10-10T05:30:02Z INFO [942/1000] 64b9d799-32de-4f30-ae16-e2384113babb: 50 arrays, 27.1 MB stored; 1.5 s; peak memory 512 MiB.
2026-10-10T05:30:02Z INFO [943/1000] 64bacdfe-a4e1-48d3-9a4e-b0760a8f76de: 117 arrays, 0.3 MB stored; 1.2 s; peak memory 512 MiB.
2026-10-10T05:30:02Z INFO [944/1000] 64bab918-3fa9-49a1-b0a8-9b82dbcd938c: 112 arrays, 1.1 MB stored; 1.5 s; peak memory 512 MiB.
2026-10-10T05:30:03Z INFO [945/1000] 64bb197f-c761-4787-8254-ee3817610aec: 46 arrays, 0.0 MB stored; 1.0 s; peak memory 512 MiB.
2026-10-10T05:30:03Z INFO [946/1000] 64bbcd5b-c0af-4820-9cc2-355f595dacfa: 56 arrays, 0.0 MB stored; 1.0 s; peak memory 512 MiB.
2026-10-10T05:30:03Z INFO [947/1000] 64bb5f1d-65b5-46a4-a19f-c2156e687448: 48 arrays, 83.9 MB stored; 1.2 s; peak memory 512 MiB.
2026-10-10T05:30:04Z INFO [948/1000] 64bce672-c205-47ba-a762-27036c4f8201: 46 arrays, 0.1 MB stored; 1.0 s; peak memory 512 MiB.
2026-10-10T05:30:05Z INFO [949/1000] 64bce854-55c5-4ca4-9f26-733dd5ea7512: 48 arrays, 83.9 MB stored; 1.2 s; peak memory 512 MiB.
2026-10-10T05:30:05Z INFO [950/1000] 64ba6d55-81a1-4bb3-a98b-25551838bf99: 92 arrays, 182.7 MB stored; 4.1 s; peak memory 512 MiB.
2026-10-10T05:30:05Z INFO [951/1000] 64bc342d-4a53-499f-942e-de072ee5422b: 154 arrays, 205.2 MB stored; 2.4 s; peak memory 512 MiB.
2026-10-10T05:30:06Z INFO [952/1000] 64b5d011-6c8b-4bb6-bbc9-4fe7c9e16113: 11485 arrays, 137.0 MB stored; 9.3 s; peak memory 512 MiB.
2026-10-10T05:30:06Z INFO [953/1000] 64be2941-f99e-485c-9eb4-a247203b3116: 48 arrays, 83.9 MB stored; 1.2 s; peak memory 512 MiB.
2026-10-10T05:30:06Z INFO [954/1000] 64bd1f78-2c07-48b6-badc-edd2429500a6: 110 arrays, 1.5 MB stored; 1.9 s; peak memory 512 MiB.
2026-10-10T05:30:07Z INFO [955/1000] 64bed3b0-caee-41b9-9ac0-c3f2bb665a09: 48 arrays, 83.9 MB stored; 1.1 s; peak memory 512 MiB.
2026-10-10T05:30:08Z INFO [956/1000] 64bf370e-2d64-4596-872e-22cc610273df: 110 arrays, 0.4 MB stored; 1.3 s; peak memory 512 MiB.
2026-10-10T05:30:08Z INFO [957/1000] 64bd76c9-3f04-4cd9-9d84-4ed21b7d9d8d: 298 arrays, 9.1 MB stored; 3.1 s; peak memory 512 MiB.
2026-10-10T05:30:09Z INFO [958/1000] 64bd15a0-2b84-4467-8919-090dc2fa22a7: 257 arrays, 98.4 MB stored; 4.6 s; peak memory 512 MiB.
2026-10-10T05:30:09Z INFO [959/1000] 64c066ec-84da-41fd-b0dd-60de12ffb2b5: 48 arrays, 83.9 MB stored; 1.2 s; peak memory 512 MiB.
2026-10-10T05:30:10Z INFO [960/1000] 64c08588-2e0f-4a91-920d-f5a9f9dc8ce0: 46 arrays, 0.0 MB stored; 0.8 s; peak memory 512 MiB.
2026-10-10T05:30:10Z INFO [961/1000] 64c09ff1-5d1b-40e2-8e82-867bf45a978e: 118 arrays, 0.5 MB stored; 1.2 s; peak memory 512 MiB.
2026-10-10T05:30:11Z INFO [962/1000] 64c0c66d-4e20-48ce-bb66-299f7b8d2d6f: 48 arrays, 83.9 MB stored; 1.0 s; peak memory 512 MiB.
2026-10-10T05:30:11Z INFO [963/1000] 64beed36-5c95-4adf-af0f-726dd36d9ab3: 538 arrays, 8.4 MB stored; 5.0 s; peak memory 512 MiB.
2026-10-10T05:30:12Z INFO [964/1000] 64c1b02a-9d83-4876-9628-d113c7bda228: 48 arrays, 83.9 MB stored; 1.1 s; peak memory 512 MiB.
2026-10-10T05:30:12Z INFO [965/1000] 64c231cf-4ba2-47b8-ae5e-c0c7b93bf54a: 35 arrays, 0.0 MB stored; 0.9 s; peak memory 512 MiB.
2026-10-10T05:30:13Z INFO [966/1000] 64c26334-453b-4c7c-83d8-6048d6d1d346: 275 arrays, 17.1 MB stored; 1.3 s; peak memory 512 MiB.
2026-10-10T05:30:13Z INFO [967/1000] 64c2b0a9-f364-4fc3-b03a-4cdb98de048b: 117 arrays, 0.4 MB stored; 1.3 s; peak memory 512 MiB.
2026-10-10T05:30:13Z INFO [968/1000] 64c0da19-e2e0-4538-ad67-288a956dfe84: 89 arrays, 4870.2 MB stored; 3.1 s; peak memory 512 MiB.
2026-10-10T05:30:14Z INFO [969/1000] 64c04268-e60c-4781-9948-05d2a860c241: 347 arrays, 435.5 MB stored; 6.4 s; peak memory 512 MiB.
2026-10-10T05:30:15Z INFO [970/1000] 64c4be35-7787-4515-a2dc-93725ffb88ab: 51 arrays, 1798.9 MB stored; 1.4 s; peak memory 512 MiB.
2026-10-10T05:30:15Z INFO [971/1000] 64c5c9d0-69d2-4b95-97c2-7f06c404d205: 41 arrays, 8.4 MB stored; 0.9 s; peak memory 512 MiB.
2026-10-10T05:30:16Z INFO [972/1000] 64c6ea24-daf7-4444-a50c-479bd9754914: 112 arrays, 0.6 MB stored; 1.3 s; peak memory 512 MiB.
2026-10-10T05:30:16Z INFO [973/1000] 64c6dc37-d6ad-45d4-afa8-78cd87cde73d: 152 arrays, 1.0 MB stored; 1.6 s; peak memory 512 MiB.
2026-10-10T05:30:17Z INFO [974/1000] 64b3514b-a3b7-46f9-9737-371f52295f66: 36 arrays, 1057.4 MB stored; 21.5 s; peak memory 512 MiB.
2026-10-10T05:30:17Z INFO [975/1000] 64c71c70-2640-43fb-bda4-9aa89a5090a8: 48 arrays, 83.9 MB stored; 1.1 s; peak memory 512 MiB.
2026-10-10T05:30:18Z INFO [976/1000] 64c43b5c-25c6-48f5-b0b3-442c97c374d6: 487 arrays, 15.8 MB stored; 4.5 s; peak memory 512 MiB.
2026-10-10T05:30:18Z INFO [977/1000] 64c7dcb6-cef1-47b2-8365-334e1b5ce2d0: 38 arrays, 0.5 MB stored; 1.0 s; peak memory 512 MiB.
2026-10-10T05:30:18Z INFO [978/1000] 64c799eb-aa7e-4091-b347-5e9b89788a2f: 90 arrays, 117.4 MB stored; 2.0 s; peak memory 512 MiB.
2026-10-10T05:30:19Z INFO [979/1000] 64c817f7-0dbc-4126-81db-5c44ecfa5e7d: 112 arrays, 0.6 MB stored; 1.2 s; peak memory 512 MiB.
2026-10-10T05:30:19Z INFO [980/1000] 64c8ac6f-edf2-4ed0-bdeb-3bf36cf88311: 48 arrays, 83.9 MB stored; 1.2 s; peak memory 512 MiB.
2026-10-10T05:30:20Z INFO [981/1000] 64c3c245-e227-4a53-a58c-556c787f3376: 385 arrays, 207.2 MB stored; 6.4 s; peak memory 512 MiB.
2026-10-10T05:30:20Z INFO [982/1000] 64c8acb1-17cf-4593-8964-59dd70ca7d86: 112 arrays, 0.7 MB stored; 1.6 s; peak memory 512 MiB.
2026-10-10T05:30:20Z INFO [983/1000] 64c7e5d6-4b76-4240-8f23-910ddd30d9f6: 101 arrays, 19476.4 MB stored; 2.6 s; peak memory 512 MiB.
2026-10-10T05:30:21Z INFO [984/1000] 64ca4207-620d-41ab-a540-547f88a08c3a: 48 arrays, 83.9 MB stored; 1.0 s; peak memory 512 MiB.
2026-10-10T05:30:21Z INFO [985/1000] 64cb2f2b-9fa0-42c8-b039-4493796b1432: 69 arrays, 2.3 MB stored; 1.1 s; peak memory 512 MiB.
2026-10-10T05:30:22Z INFO [986/1000] 64cb2d5d-7d9a-43f6-a03e-c64b642cc910: 112 arrays, 0.6 MB stored; 1.5 s; peak memory 512 MiB.
2026-10-10T05:30:22Z INFO [987/1000] 64c9f69e-674c-4abf-8fe9-6b5d1b7b199a: 114 arrays, 186.8 MB stored; 2.4 s; peak memory 512 MiB.
2026-10-10T05:30:22Z INFO [988/1000] 64cb644a-4f0f-414d-880a-b758dd8b4187: 115 arrays, 0.4 MB stored; 1.3 s; peak memory 512 MiB.
2026-10-10T05:30:22Z INFO [989/1000] 64cbc762-3d30-4a1a-a726-05750653081e: 39 arrays, 5.3 MB stored; 1.2 s; peak memory 512 MiB.
2026-10-10T05:30:23Z INFO [990/1000] 64cbe68d-36f7-40c8-a339-a2090230a914: 48 arrays, 83.9 MB stored; 1.0 s; peak memory 512 MiB.
2026-10-10T05:30:24Z INFO [991/1000] 64ce3cc9-2e75-4de3-b37f-26f7cda340e8: 48 arrays, 83.9 MB stored; 1.1 s; peak memory 512 MiB.
2026-10-10T05:30:24Z INFO [992/1000] 64bf8268-a5b5-4e40-bf82-0cceb0134d5d: 48 arrays, 40059.3 MB stored; 16.9 s; peak memory 512 MiB.
2026-10-10T05:30:25Z INFO [993/1000] 64ce5f47-f264-49e6-87d7-06128deef6c2: 112 arrays, 0.7 MB stored; 1.1 s; peak memory 512 MiB.
2026-10-10T05:30:25Z INFO [994/1000] 64ceb47f-1607-44f4-8c32-7d2609b34511: 112 arrays, 0.1 MB stored; 1.0 s; peak memory 512 MiB.
2026-10-10T05:30:26Z INFO [995/1000] 64c969d9-2de3-4bb6-b7df-397c8df353bc: 1198 arrays, 41.3 MB stored; 6.7 s; peak memory 512 MiB.
2026-10-10T05:30:27Z INFO [996/1000] 64ce50a8-8257-4148-b4ac-7e0bb4ca9eef: 229 arrays, 254.6 MB stored; 4.0 s; peak memory 512 MiB.
2026-10-10T05:30:27Z INFO [997/1000] 64ccca1f-13a0-4a94-978c-bdb68d498cff: 266 arrays, 1109.8 MB stored; 5.8 s; peak memory 512 MiB.
2026-10-10T05:30:30Z INFO [998/1000] 64ce324d-d6b9-4812-8a2d-1443b4e01210: 1437 arrays, 31.7 MB stored; 7.8 s; peak memory 512 MiB.
2026-10-10T05:31:54Z INFO [999/1000] 64922d7e-f573-4fac-9db9-f15ab17481c2: 283 arrays, 39396.3 MB stored; 179.2 s; peak memory 512 MiB.
2026-10-10T05:37:45Z INFO [1000/1000] 63a1e9c9-842e-471c-9dc1-a492b09d67ff: 216 arrays, 161872.5 MB stored; 908.6 s; peak memory 512 MiB.
2026-10-10T05:37:47Z INFO [1000/1000] 63a1e9c9-842e-471c-9dc1-a492b09d67ff: checkpointed 1000 new records.
2026-10-10T05:37:47Z INFO Wrote 67200 records to /tmp/derivatives/valid_nwb_file_to_array_sizes.jsonl (1000 new, 0 failed) in 17.0 min (peak memory 617 MiB).
