2026-10-10T08:37:00Z INFO Logging to /tmp/logs/update_2026-10-10T08-37-00Z.log.
2026-10-10T08:37:00Z INFO Update valid-nwb-file-to-array-sizes (base directory /tmp).
2026-10-10T08:37:44Z INFO Processing 1000 items (72200 already recorded).
2026-10-10T08:37:46Z INFO [1/1000] 6c3ed090-cad4-42f5-b388-542c22bcdd00: 48 arrays, 83.9 MB stored; 2.0 s; peak memory 162 MiB.
2026-10-10T08:37:46Z INFO [2/1000] 6c3e4537-003e-474b-bcaa-7df18ff32b8f: 46 arrays, 0.1 MB stored; 2.1 s; peak memory 162 MiB.
2026-10-10T08:37:46Z INFO [3/1000] 6c3f9dbc-dd7e-445f-adea-156272488733: 48 arrays, 83.9 MB stored; 2.2 s; peak memory 162 MiB.
2026-10-10T08:37:46Z INFO [4/1000] 6c3e2d01-ff7e-4bf1-99af-7f66a228bc07: 83 arrays, 2.7 MB stored; 2.3 s; peak memory 162 MiB.
2026-10-10T08:37:46Z INFO [5/1000] 6c3fa1d2-1bc5-455e-b2e6-8b17c721d1aa: 118 arrays, 0.3 MB stored; 2.5 s; peak memory 162 MiB.
2026-10-10T08:37:47Z INFO [6/1000] 6c3ec8de-d7c0-4623-b62f-601fe146fc86: 71 arrays, 3.7 MB stored; 2.7 s; peak memory 162 MiB.
2026-10-10T08:37:47Z INFO [7/1000] 6c40874e-1bbf-490d-94e7-32a2b8605928: 45 arrays, 0.0 MB stored; 1.6 s; peak memory 162 MiB.
2026-10-10T08:37:48Z INFO [8/1000] 6c3fd227-6a58-4901-83f3-7cf4dbee592c: 110 arrays, 0.4 MB stored; 1.9 s; peak memory 162 MiB.
2026-10-10T08:37:48Z INFO [9/1000] 6c40b047-e900-4bea-b74e-e671f373cd39: 118 arrays, 0.9 MB stored; 2.1 s; peak memory 162 MiB.
2026-10-10T08:37:48Z INFO [10/1000] 6c409603-606f-4d43-ab5b-0c504fcdf045: 69 arrays, 1.9 MB stored; 2.3 s; peak memory 162 MiB.
2026-10-10T08:37:48Z INFO [11/1000] 6c4114d3-5201-4801-8222-c1d5eb0fade1: 110 arrays, 0.5 MB stored; 1.9 s; peak memory 162 MiB.
2026-10-10T08:37:48Z INFO [12/1000] 6c40c783-f206-47e8-b1a9-251ba79ed8a9: 71 arrays, 45.3 MB stored; 2.1 s; peak memory 162 MiB.
2026-10-10T08:37:49Z INFO [13/1000] 6c424dba-ccb2-422d-8339-660ccd6538aa: 118 arrays, 0.3 MB stored; 1.5 s; peak memory 162 MiB.
2026-10-10T08:37:49Z INFO [14/1000] 6c3ed96c-f447-43a0-b0c3-f6784d6c6774: 538 arrays, 8.5 MB stored; 5.6 s; peak memory 162 MiB.
2026-10-10T08:37:50Z INFO [15/1000] 6c3e4384-0d9e-4de5-984d-c9cff5a12664: 229 arrays, 382.6 MB stored; 5.9 s; peak memory 162 MiB.
2026-10-10T08:37:50Z INFO [16/1000] 6c4219e8-2b3a-4c4e-bd40-c1a4ba92eeb3: 78 arrays, 350.8 MB stored; 2.5 s; peak memory 162 MiB.
2026-10-10T08:37:50Z INFO [17/1000] 6c42d0e0-d3ef-4462-8d56-34ed566bd9b6: 117 arrays, 0.2 MB stored; 1.7 s; peak memory 162 MiB.
2026-10-10T08:37:50Z INFO [18/1000] 6c433fac-dae6-4fa0-a9c7-0532730295ec: 117 arrays, 0.2 MB stored; 1.7 s; peak memory 162 MiB.
2026-10-10T08:37:50Z INFO [19/1000] 6c4391d2-5ff2-41f7-941c-7bcde9c3c445: 117 arrays, 0.4 MB stored; 1.7 s; peak memory 162 MiB.
2026-10-10T08:37:50Z INFO [20/1000] 6c42a646-bba6-413d-85ef-4491adca0517: 71 arrays, 4.2 MB stored; 2.2 s; peak memory 162 MiB.
2026-10-10T08:37:51Z INFO [21/1000] 6c441b64-dfd4-4e55-ba38-ee9ad58fe980: 46 arrays, 0.1 MB stored; 1.4 s; peak memory 162 MiB.
2026-10-10T08:37:51Z INFO [22/1000] 6c44235f-9274-44b5-be1d-1772c5181302: 48 arrays, 83.9 MB stored; 1.8 s; peak memory 162 MiB.
2026-10-10T08:37:52Z INFO [23/1000] 6c448aae-2a50-4abd-9e00-2470cf96938f: 48 arrays, 83.9 MB stored; 1.8 s; peak memory 162 MiB.
2026-10-10T08:37:52Z INFO [24/1000] 6c450ab2-e023-4fd6-b562-070220af6263: 55 arrays, 0.8 MB stored; 1.9 s; peak memory 162 MiB.
2026-10-10T08:37:52Z INFO [25/1000] 6c45d0e9-5d02-4372-be4b-99802f671a37: 114 arrays, 0.3 MB stored; 2.0 s; peak memory 162 MiB.
2026-10-10T08:37:52Z INFO [26/1000] 6c45e167-e644-40fe-83f2-1cef45562711: 118 arrays, 0.3 MB stored; 2.2 s; peak memory 162 MiB.
2026-10-10T08:37:53Z INFO [27/1000] 6c46a8e7-0c0f-4979-9efb-d44e8aa94507: 116 arrays, 0.4 MB stored; 1.9 s; peak memory 162 MiB.
2026-10-10T08:37:53Z INFO [28/1000] 6c461cea-ffd5-4e82-9ff0-89a0715abc9f: 38 arrays, 36.3 MB stored; 2.6 s; peak memory 162 MiB.
2026-10-10T08:37:53Z INFO [29/1000] 6c47cf8b-60b6-4207-a166-2b0930f9338d: 48 arrays, 83.9 MB stored; 1.4 s; peak memory 162 MiB.
2026-10-10T08:37:54Z INFO [30/1000] 6c4712bc-a9f7-4ff3-9529-3f7678bc3ab5: 70 arrays, 222.3 MB stored; 2.3 s; peak memory 162 MiB.
2026-10-10T08:37:54Z INFO [31/1000] 6c495b5e-36fd-4e9d-9b82-48a97c56cad9: 50 arrays, 0.6 MB stored; 1.4 s; peak memory 162 MiB.
2026-10-10T08:37:54Z INFO [32/1000] 6c4877a8-f702-4675-bf79-9e72db4c03b0: 110 arrays, 1.0 MB stored; 1.7 s; peak memory 162 MiB.
2026-10-10T08:37:55Z INFO [33/1000] 6c49cd9f-8ef9-44d8-a937-883d79c78d37: 71 arrays, 4.0 MB stored; 1.6 s; peak memory 162 MiB.
2026-10-10T08:37:55Z INFO [34/1000] 6c4a443a-22cc-45aa-84bd-013245cd318a: 48 arrays, 83.9 MB stored; 1.5 s; peak memory 162 MiB.
2026-10-10T08:37:55Z INFO [35/1000] 6c4b151e-4e72-42bf-b4fd-c454f4d46dbf: 48 arrays, 83.9 MB stored; 1.3 s; peak memory 162 MiB.
2026-10-10T08:37:56Z INFO [36/1000] 6c4a60b1-99b4-4181-975c-f9fb53777f7e: 112 arrays, 0.5 MB stored; 1.8 s; peak memory 162 MiB.
2026-10-10T08:37:56Z INFO [37/1000] 6c4b8570-be71-470e-b2b7-770ebfceb440: 60 arrays, 12.5 MB stored; 1.5 s; peak memory 162 MiB.
2026-10-10T08:37:57Z INFO [38/1000] 6c4b97a9-40e1-42e1-87e1-3f5c4497941b: 117 arrays, 0.4 MB stored; 1.7 s; peak memory 162 MiB.
2026-10-10T08:37:58Z INFO [39/1000] 6c4cf650-94c5-4230-9d36-0b0516f5bb67: 48 arrays, 83.9 MB stored; 1.3 s; peak memory 162 MiB.
2026-10-10T08:37:59Z INFO [40/1000] 6c4d1996-a484-415e-8553-7be2e056431b: 39 arrays, 26.3 MB stored; 1.5 s; peak memory 162 MiB.
2026-10-10T08:38:00Z INFO [41/1000] 6c4d88e7-4f8a-48db-8d71-1e518c34cbb9: 72 arrays, 0.0 MB stored; 1.6 s; peak memory 162 MiB.
2026-10-10T08:38:01Z INFO [42/1000] 6c44497d-3cab-40bc-99d2-1d5d531fc8a5: 38 arrays, 349.5 MB stored; 11.3 s; peak memory 162 MiB.
2026-10-10T08:38:01Z INFO [43/1000] 6c4e14c2-828a-4d7e-adc5-8c0ac5ecc125: 48 arrays, 83.9 MB stored; 1.3 s; peak memory 162 MiB.
2026-10-10T08:38:02Z INFO [44/1000] 6c47cfaa-68f5-4ae4-85b6-af73b1a1eea9: 971 arrays, 40.4 MB stored; 9.8 s; peak memory 162 MiB.
2026-10-10T08:38:03Z INFO [45/1000] 6c4d78df-7fa7-4b71-9de4-65b9a7842288: 628 arrays, 16.5 MB stored; 4.8 s; peak memory 162 MiB.
2026-10-10T08:38:03Z INFO [46/1000] 6c508ad6-2e13-4062-a586-d1f65d7e0493: 56 arrays, 0.0 MB stored; 1.4 s; peak memory 162 MiB.
2026-10-10T08:38:04Z INFO [47/1000] 6c51fc93-850a-4a00-bd33-4b3e9876f732: 117 arrays, 0.4 MB stored; 1.4 s; peak memory 162 MiB.
2026-10-10T08:38:04Z INFO [48/1000] 6c520348-a451-4160-8b9a-88b88477ad1b: 84 arrays, 0.7 MB stored; 1.4 s; peak memory 162 MiB.
2026-10-10T08:38:04Z INFO [49/1000] 6c5190e5-5332-403f-b586-6d47ad447442: 168 arrays, 3.2 MB stored; 2.6 s; peak memory 162 MiB.
2026-10-10T08:38:05Z INFO [50/1000] 6c4b5cd1-d2b4-4628-ad4c-b61f1898ab45: 11485 arrays, 154.6 MB stored; 10.5 s; peak memory 162 MiB.
2026-10-10T08:38:05Z INFO [51/1000] 6c4e7cf8-19f0-4f1b-aadd-4d2b8c068aec: 174 arrays, 55.0 MB stored; 4.3 s; peak memory 162 MiB.
2026-10-10T08:38:06Z INFO [52/1000] 6c5382b8-4b95-479f-b83d-857de2ca9ce8: 48 arrays, 83.9 MB stored; 1.7 s; peak memory 162 MiB.
2026-10-10T08:38:06Z INFO [53/1000] 6c53cdf4-4efc-45ae-be70-f7176aef9067: 48 arrays, 83.9 MB stored; 1.4 s; peak memory 162 MiB.
2026-10-10T08:38:06Z INFO [54/1000] 6c53ddf4-ff24-4a8e-83fb-e24b2ef9b8d5: 48 arrays, 83.9 MB stored; 1.2 s; peak memory 162 MiB.
2026-10-10T08:38:07Z INFO [55/1000] 6c557031-b734-465b-af52-d5676b676ab1: 117 arrays, 0.2 MB stored; 1.6 s; peak memory 162 MiB.
2026-10-10T08:38:07Z INFO [56/1000] 6c55bdc3-7040-43ae-8c34-0a7776b0522b: 53 arrays, 0.0 MB stored; 1.1 s; peak memory 162 MiB.
2026-10-10T08:38:09Z INFO [57/1000] 6c563e90-dd08-4a96-8460-a0d5e676abb4: 112 arrays, 1.8 MB stored; 1.9 s; peak memory 162 MiB.
2026-10-10T08:38:10Z INFO [58/1000] 6c565e96-0407-456b-b5d6-accbf6074675: 119 arrays, 66.3 MB stored; 2.1 s; peak memory 162 MiB.
2026-10-10T08:38:10Z INFO [59/1000] 6c49d4f4-b027-4800-99e2-1db73053fe3b: 48 arrays, 39558.1 MB stored; 17.1 s; peak memory 162 MiB.
2026-10-10T08:38:11Z INFO [60/1000] 6c550193-03c7-456e-830d-deaa224956c3: 193 arrays, 437.6 MB stored; 5.6 s; peak memory 162 MiB.
2026-10-10T08:38:11Z INFO [61/1000] 6c53d968-b5e3-4f93-bd52-231a73bd71e9: 79 arrays, 204.5 MB stored; 7.1 s; peak memory 162 MiB.
2026-10-10T08:38:12Z INFO [62/1000] 6c5730e5-474e-420d-bd93-8979da2e3bca: 99 arrays, 24.0 MB stored; 2.5 s; peak memory 162 MiB.
2026-10-10T08:38:12Z INFO [63/1000] 6c5572c3-102b-41e5-8a78-a6e673dd8bd3: 38 arrays, 173.3 MB stored; 6.4 s; peak memory 162 MiB.
2026-10-10T08:38:13Z INFO [64/1000] 6c57bb25-f2fb-4647-9978-33291e2e4e9d: 49 arrays, 655.5 MB stored; 1.8 s; peak memory 162 MiB.
2026-10-10T08:38:14Z INFO [65/1000] 6c5875c9-f2cb-4a01-8e85-96a2d2297557: 64 arrays, 1.9 MB stored; 1.7 s; peak memory 162 MiB.
2026-10-10T08:38:15Z INFO [66/1000] 6c58a4d8-a693-4715-87ed-2dcdcfccde38: 117 arrays, 0.4 MB stored; 1.6 s; peak memory 162 MiB.
2026-10-10T08:38:15Z INFO [67/1000] 6c58e65e-520d-4e96-85e8-5cbb654b7550: 289 arrays, 17.2 MB stored; 1.6 s; peak memory 162 MiB.
2026-10-10T08:38:16Z INFO [68/1000] 6c5a5703-6508-42e9-ac91-5b219fa45752: 52 arrays, 0.0 MB stored; 1.2 s; peak memory 162 MiB.
2026-10-10T08:38:16Z INFO [69/1000] 6c4cc112-b4ae-4146-ba9f-f614befa2438: 48 arrays, 54104.3 MB stored; 20.6 s; peak memory 162 MiB.
2026-10-10T08:38:17Z INFO [70/1000] 6c5a7cdb-cf8c-4053-b2b9-71d1f35716bd: 112 arrays, 0.4 MB stored; 1.5 s; peak memory 162 MiB.
2026-10-10T08:38:17Z INFO [71/1000] 6c5abc6d-f402-4ca4-b140-71e184c91018: 41 arrays, 8.4 MB stored; 1.2 s; peak memory 162 MiB.
2026-10-10T08:38:19Z INFO [72/1000] 6c5b9642-1fd2-4045-a426-d16974b786c4: 98 arrays, 156.7 MB stored; 2.3 s; peak memory 162 MiB.
2026-10-10T08:38:19Z INFO [73/1000] 6c5b9646-64c7-4a16-b8a4-e29fd4c033e2: 114 arrays, 186.8 MB stored; 2.3 s; peak memory 162 MiB.
2026-10-10T08:38:20Z INFO [74/1000] 6c5cc044-ae9a-42cf-9076-5bb6cd0cb269: 46 arrays, 0.2 MB stored; 1.3 s; peak memory 162 MiB.
2026-10-10T08:38:20Z INFO [75/1000] 6c5c5d4d-da9a-4ef1-b21c-943c054b0641: 150 arrays, 230.5 MB stored; 2.7 s; peak memory 162 MiB.
2026-10-10T08:38:20Z INFO [76/1000] 6c5d3f1f-40f0-46c9-a05b-119536c3546b: 40 arrays, 62.1 MB stored; 1.1 s; peak memory 162 MiB.
2026-10-10T08:38:21Z INFO [77/1000] 6c5daa07-f0a3-497d-81ca-56be1afdcab8: 48 arrays, 83.9 MB stored; 1.4 s; peak memory 162 MiB.
2026-10-10T08:38:22Z INFO [78/1000] 6c5ddc9a-1771-4cc6-94a0-2ba7165ef2c9: 117 arrays, 0.4 MB stored; 1.5 s; peak memory 162 MiB.
2026-10-10T08:38:22Z INFO [79/1000] 6c5dea8d-0d24-4dd4-9d7c-827d6ae56d4d: 48 arrays, 83.9 MB stored; 1.4 s; peak memory 162 MiB.
2026-10-10T08:38:22Z INFO [80/1000] 6c5893ea-f492-4f43-b8f9-ba4eaab7bbee: 486 arrays, 566.3 MB stored; 9.9 s; peak memory 162 MiB.
2026-10-10T08:38:22Z INFO [81/1000] 6c576649-b057-4e4d-9fb0-2de85f07bc9e: 1763 arrays, 49.6 MB stored; 12.1 s; peak memory 162 MiB.
2026-10-10T08:38:23Z INFO [82/1000] 6c60e2b2-0bea-418c-a622-9711da4a9021: 68 arrays, 49.0 MB stored; 1.7 s; peak memory 162 MiB.
2026-10-10T08:38:24Z INFO [83/1000] 6c61d302-13c7-40cc-9d69-4500636e3095: 118 arrays, 0.5 MB stored; 1.6 s; peak memory 162 MiB.
2026-10-10T08:38:24Z INFO [84/1000] 6c62566a-6b4a-4537-80f3-a9785e5ccdf8: 117 arrays, 0.2 MB stored; 1.2 s; peak memory 162 MiB.
2026-10-10T08:38:25Z INFO [85/1000] 6c624c8a-4800-4c47-ae3c-a7d741ec797e: 90 arrays, 1183.4 MB stored; 2.8 s; peak memory 162 MiB.
2026-10-10T08:38:26Z INFO [86/1000] 6c626f97-492a-4242-b560-0a3c3e1bb47a: 46 arrays, 5143.3 MB stored; 1.6 s; peak memory 162 MiB.
2026-10-10T08:38:27Z INFO [87/1000] 6c628223-77a6-4719-a030-de24acaea77e: 66 arrays, 86.4 MB stored; 1.7 s; peak memory 162 MiB.
2026-10-10T08:38:27Z INFO [88/1000] 6c62dfb7-22ea-4737-9450-b8596849d67c: 77 arrays, 0.0 MB stored; 1.3 s; peak memory 162 MiB.
2026-10-10T08:38:28Z INFO [89/1000] 6c647d47-d2a1-4c4f-9cf5-470550118e6f: 65 arrays, 0.4 MB stored; 1.4 s; peak memory 162 MiB.
2026-10-10T08:38:29Z INFO [90/1000] 6c625dd4-f837-42b5-abad-93df54408a97: 776 arrays, 21.3 MB stored; 5.9 s; peak memory 162 MiB.
2026-10-10T08:38:30Z INFO [91/1000] 6c65596d-7a3f-4642-b56c-180a6f30e9f8: 53 arrays, 680.5 MB stored; 2.2 s; peak memory 162 MiB.
2026-10-10T08:38:31Z INFO [92/1000] 6c66e533-ddeb-4ed2-b039-6f2e362df51b: 56 arrays, 0.0 MB stored; 1.1 s; peak memory 162 MiB.
2026-10-10T08:38:31Z INFO [93/1000] 6c65c060-e453-4891-8a41-c3623997efca: 118 arrays, 0.5 MB stored; 1.7 s; peak memory 162 MiB.
2026-10-10T08:38:32Z INFO [94/1000] 6c67278a-86fe-4ad1-891a-b7cac2a097e1: 48 arrays, 83.9 MB stored; 1.3 s; peak memory 162 MiB.
2026-10-10T08:38:32Z INFO [95/1000] 6c60c026-a3ea-47d5-9f4e-41173f152b8d: 331 arrays, 1460.2 MB stored; 10.9 s; peak memory 162 MiB.
2026-10-10T08:38:32Z INFO [96/1000] 6c67619d-2e48-4171-8b16-f34c1f7ae547: 48 arrays, 83.9 MB stored; 1.3 s; peak memory 162 MiB.
2026-10-10T08:38:34Z INFO [97/1000] 6c682132-d008-473e-b795-b961a4b825b2: 46 arrays, 0.1 MB stored; 1.2 s; peak memory 162 MiB.
2026-10-10T08:38:34Z INFO [98/1000] 6c68163a-6f39-497a-aebc-07fde3f716ce: 112 arrays, 0.3 MB stored; 1.6 s; peak memory 162 MiB.
2026-10-10T08:38:35Z INFO [99/1000] 6c6876e8-0ed0-448a-90ff-545cab4ca4af: 57 arrays, 0.0 MB stored; 1.0 s; peak memory 162 MiB.
2026-10-10T08:38:35Z INFO [100/1000] 6c692d1c-27a7-4fad-909e-4fffdb0d1c9d: 138 arrays, 0.4 MB stored; 1.6 s; peak memory 162 MiB.
2026-10-10T08:38:36Z INFO [101/1000] 6c6a09cb-03dd-4ef7-b1a9-0460ce8cf692: 69 arrays, 45.1 MB stored; 1.6 s; peak memory 162 MiB.
2026-10-10T08:38:37Z INFO [102/1000] 6c6a32b2-0e2e-45e8-ae76-40ea9c69ab2f: 61 arrays, 13.8 MB stored; 1.2 s; peak memory 162 MiB.
2026-10-10T08:38:38Z INFO [103/1000] 6c6a2aa9-5326-456b-b4b6-2e665b9ed04b: 323 arrays, 2.8 MB stored; 3.1 s; peak memory 162 MiB.
2026-10-10T08:38:39Z INFO [104/1000] 6c6a8d45-2afa-41dd-83d2-a6ba2045d34c: 71 arrays, 4.6 MB stored; 1.7 s; peak memory 162 MiB.
2026-10-10T08:38:40Z INFO [105/1000] 6c6cef5c-6631-4885-8668-6e2092a4a0ea: 48 arrays, 83.9 MB stored; 1.4 s; peak memory 162 MiB.
2026-10-10T08:38:40Z INFO [106/1000] 6c6d2921-7b4e-4e52-8a37-659df3acd8da: 48 arrays, 83.9 MB stored; 1.3 s; peak memory 162 MiB.
2026-10-10T08:38:41Z INFO [107/1000] 6c6db1a4-3c4e-4dc4-a38f-27667cd148d0: 170 arrays, 0.7 MB stored; 1.7 s; peak memory 162 MiB.
2026-10-10T08:38:42Z INFO [108/1000] 6c6e0fb2-d56f-4d1d-98c4-c02f36372e2f: 112 arrays, 0.2 MB stored; 1.4 s; peak memory 162 MiB.
2026-10-10T08:38:44Z INFO [109/1000] 6c6eb0b8-2e5b-4ad7-8ee4-d215b86c16c7: 84 arrays, 296.7 MB stored; 2.7 s; peak memory 162 MiB.
2026-10-10T08:38:46Z INFO [110/1000] 6c6ec1e2-8398-447e-b032-641ce008608b: 85 arrays, 2.6 MB stored; 1.4 s; peak memory 162 MiB.
2026-10-10T08:38:47Z INFO [111/1000] 6c6f38e2-90d5-4b4c-bac6-7b751acf4262: 48 arrays, 83.9 MB stored; 1.2 s; peak memory 162 MiB.
2026-10-10T08:38:49Z INFO [112/1000] 6c6ff775-3615-4190-8f67-00cb4183d2cb: 69 arrays, 334.3 MB stored; 1.7 s; peak memory 162 MiB.
2026-10-10T08:38:53Z INFO [113/1000] 6c70715e-0881-4301-b4a1-2654d6cc6403: 540 arrays, 8.7 MB stored; 3.9 s; peak memory 162 MiB.
2026-10-10T08:38:53Z INFO [114/1000] 6c6e94b0-2249-49b8-b660-4d086742805c: 823 arrays, 24.7 MB stored; 11.9 s; peak memory 162 MiB.
2026-10-10T08:38:54Z INFO [115/1000] 6c70d10d-2938-4e54-9c05-8ca19612f22b: 56 arrays, 0.0 MB stored; 1.2 s; peak memory 162 MiB.
2026-10-10T08:38:55Z INFO [116/1000] 6c711398-206e-4c59-ae7d-304453b810a9: 118 arrays, 0.4 MB stored; 1.5 s; peak memory 162 MiB.
2026-10-10T08:38:55Z INFO [117/1000] 6c716b84-6f71-44cd-85ac-163790be1f83: 112 arrays, 0.5 MB stored; 1.5 s; peak memory 162 MiB.
2026-10-10T08:38:57Z INFO [118/1000] 6c719daf-a99c-4c06-9921-2c014579211f: 47 arrays, 43.1 MB stored; 1.5 s; peak memory 162 MiB.
2026-10-10T08:38:58Z INFO [119/1000] 6c718cbd-aea7-42ff-811d-cc232e702a3a: 206 arrays, 28.7 MB stored; 3.1 s; peak memory 162 MiB.
2026-10-10T08:38:59Z INFO [120/1000] 6c71f7d8-d4d5-442b-a911-ce67be9c7d79: 118 arrays, 0.4 MB stored; 1.6 s; peak memory 162 MiB.
2026-10-10T08:38:59Z INFO [121/1000] 6c73360d-871c-4a9b-bf71-d61ba6f56290: 33 arrays, 0.0 MB stored; 1.0 s; peak memory 162 MiB.
2026-10-10T08:39:00Z INFO [122/1000] 6c7353e3-b829-4f80-b637-adb49b589caf: 39 arrays, 1.3 MB stored; 1.3 s; peak memory 162 MiB.
2026-10-10T08:39:00Z INFO [123/1000] 6c73570e-14f1-469f-8c1a-1fe7040adf3f: 116 arrays, 0.3 MB stored; 1.5 s; peak memory 162 MiB.
2026-10-10T08:39:02Z INFO [124/1000] 6c56dd15-5ccf-4742-b837-f39853d8ecd0: 9998 arrays, 242.6 MB stored; 52.4 s; peak memory 162 MiB.
2026-10-10T08:39:03Z INFO [125/1000] 6c74826a-111e-4610-a42a-dcec9cee4b40: 69 arrays, 49.1 MB stored; 1.7 s; peak memory 162 MiB.
2026-10-10T08:39:04Z INFO [126/1000] 6c744de6-3a58-478a-9feb-6bb5eb7653c7: 179 arrays, 539.7 MB stored; 3.6 s; peak memory 162 MiB.
2026-10-10T08:39:04Z INFO [127/1000] 6c682d31-eef3-447f-8bba-a29922b876d0: 6677 arrays, 482.2 MB stored; 31.6 s; peak memory 162 MiB.
2026-10-10T08:39:04Z INFO [128/1000] 6c73ce6e-b397-4dca-9b4c-339119cc7c47: 222 arrays, 378.4 MB stored; 4.5 s; peak memory 162 MiB.
2026-10-10T08:39:05Z INFO [129/1000] 6c74a7c3-d24e-4fc4-bb5a-eae48c856794: 138 arrays, 4.8 MB stored; 2.2 s; peak memory 162 MiB.
2026-10-10T08:39:06Z INFO [130/1000] 6c7516bc-b6ca-4cab-b899-5865d87562d1: 79 arrays, 7.5 MB stored; 1.8 s; peak memory 162 MiB.
2026-10-10T08:39:07Z INFO [131/1000] 6c755401-40b6-4892-9dd0-58b3f34c6fa0: 117 arrays, 0.5 MB stored; 1.4 s; peak memory 162 MiB.
2026-10-10T08:39:07Z INFO [132/1000] 6c75266b-593a-48b6-8dc2-acb290e14070: 156 arrays, 193.5 MB stored; 2.7 s; peak memory 162 MiB.
2026-10-10T08:39:07Z INFO [133/1000] 6c7581d6-19d8-4663-935a-f4e913aac98b: 38 arrays, 0.5 MB stored; 1.1 s; peak memory 162 MiB.
2026-10-10T08:39:08Z INFO [134/1000] 6c74fc95-c4df-4105-9f96-11d9bc17f30a: 229 arrays, 314.3 MB stored; 4.1 s; peak memory 162 MiB.
2026-10-10T08:39:08Z INFO [135/1000] 6c76382d-f4ca-4d36-a841-ef5a20e6bdd9: 35 arrays, 0.0 MB stored; 1.2 s; peak memory 162 MiB.
2026-10-10T08:39:08Z INFO [136/1000] 6c75a0e6-d25c-4488-bcc8-ac03f0a5f7f9: 116 arrays, 0.2 MB stored; 1.5 s; peak memory 162 MiB.
2026-10-10T08:39:09Z INFO [137/1000] 6c764f9f-6f59-4456-8516-835e49beae5e: 66 arrays, 322.3 MB stored; 2.3 s; peak memory 162 MiB.
2026-10-10T08:39:10Z INFO [138/1000] 6c78568f-7cf3-4cc0-ad52-1a762ca42644: 64 arrays, 0.0 MB stored; 1.4 s; peak memory 162 MiB.
2026-10-10T08:39:11Z INFO [139/1000] 6c791af0-59e0-4bee-a7d7-cd54db16347e: 48 arrays, 83.9 MB stored; 1.4 s; peak memory 162 MiB.
2026-10-10T08:39:11Z INFO [140/1000] 6c782318-5b07-4328-94ef-3ae36857e04e: 455 arrays, 4.3 MB stored; 3.4 s; peak memory 162 MiB.
2026-10-10T08:39:11Z INFO [141/1000] 6c792fb0-9020-45f5-a721-a05ea91a2211: 112 arrays, 0.6 MB stored; 1.8 s; peak memory 162 MiB.
2026-10-10T08:39:13Z INFO [142/1000] 6c794cbd-a1a8-4413-b119-44e2fec8cd58: 71 arrays, 92.3 MB stored; 1.9 s; peak memory 162 MiB.
2026-10-10T08:39:13Z INFO [143/1000] 6c79edca-3109-4fb8-ba60-77a5bc9ef3e3: 53 arrays, 9.4 MB stored; 2.0 s; peak memory 162 MiB.
2026-10-10T08:39:14Z INFO [144/1000] 6c7ac000-5cf2-4ef0-9f07-d9cd8b25f3b8: 117 arrays, 0.3 MB stored; 1.3 s; peak memory 162 MiB.
2026-10-10T08:39:15Z INFO [145/1000] 6c7b42c5-122d-4ef9-917f-8217729e72ff: 48 arrays, 83.9 MB stored; 1.4 s; peak memory 162 MiB.
2026-10-10T08:39:16Z INFO [146/1000] 6c7be895-cf44-4b3e-8f46-6763fe8518bf: 48 arrays, 83.9 MB stored; 1.2 s; peak memory 162 MiB.
2026-10-10T08:39:16Z INFO [147/1000] 6c7b8503-3dff-4abf-b8ea-70fe6ad11a30: 70 arrays, 87.6 MB stored; 2.0 s; peak memory 162 MiB.
2026-10-10T08:39:17Z INFO [148/1000] 6c7a2158-14ae-4ca2-a0f4-3cdd0bd4ff98: 200 arrays, 207.5 MB stored; 5.3 s; peak memory 162 MiB.
2026-10-10T08:39:17Z INFO [149/1000] 6c7c40e6-2760-4b49-849d-765ed5ae2483: 64 arrays, 15.8 MB stored; 1.2 s; peak memory 162 MiB.
2026-10-10T08:39:18Z INFO [150/1000] 6c7c389d-95e2-4dae-b1f5-10ff09ac2518: 110 arrays, 0.8 MB stored; 1.6 s; peak memory 162 MiB.
2026-10-10T08:39:19Z INFO [151/1000] 6c7cedbe-36c0-4d1b-977d-c00a7f733516: 69 arrays, 0.1 MB stored; 1.3 s; peak memory 162 MiB.
2026-10-10T08:39:20Z INFO [152/1000] 6c7d16d2-3894-4005-af82-a849b865c5f2: 71 arrays, 4332.3 MB stored; 1.5 s; peak memory 162 MiB.
2026-10-10T08:39:22Z INFO [153/1000] 6c7c7467-c6b3-4df4-af25-64fb64f79dfa: 194 arrays, 650.8 MB stored; 5.4 s; peak memory 162 MiB.
2026-10-10T08:39:22Z INFO [154/1000] 6c7d45d9-7a13-4ee7-8757-9efef2e0ffd0: 168 arrays, 3.2 MB stored; 2.1 s; peak memory 162 MiB.
2026-10-10T08:39:23Z INFO [155/1000] 6c7cffce-e967-4444-a84f-048541c018a5: 538 arrays, 8.2 MB stored; 5.4 s; peak memory 162 MiB.
2026-10-10T08:39:23Z INFO [156/1000] 6c7e7467-b421-46bf-b11c-118cfaf414c4: 46 arrays, 0.0 MB stored; 1.1 s; peak memory 162 MiB.
2026-10-10T08:39:24Z INFO [157/1000] 6c7e3791-2183-4b74-a92b-d52cc7380d85: 72 arrays, 0.1 MB stored; 1.4 s; peak memory 162 MiB.
2026-10-10T08:39:24Z INFO [158/1000] 6c7e93bb-5eec-4f49-bde2-0a1c092e56ac: 62 arrays, 0.2 MB stored; 1.2 s; peak memory 162 MiB.
2026-10-10T08:39:24Z INFO [159/1000] 6c7ee412-bcbc-4698-8ee6-447c460d885b: 61 arrays, 16.3 MB stored; 1.2 s; peak memory 162 MiB.
2026-10-10T08:39:25Z INFO [160/1000] 6c7f276a-394d-4853-b306-f8b58b2fdeef: 48 arrays, 83.9 MB stored; 1.1 s; peak memory 162 MiB.
2026-10-10T08:39:25Z INFO [161/1000] 6c7f6cb0-5dcd-471d-b227-34c0f75e550a: 46 arrays, 0.0 MB stored; 1.2 s; peak memory 162 MiB.
2026-10-10T08:39:26Z INFO [162/1000] 6c807931-522b-4da4-9b62-c899e72bb400: 70 arrays, 0.7 MB stored; 1.3 s; peak memory 162 MiB.
2026-10-10T08:39:26Z INFO [163/1000] 6c80ba9d-a103-4e48-a155-d425d972328c: 117 arrays, 0.1 MB stored; 1.4 s; peak memory 162 MiB.
2026-10-10T08:39:27Z INFO [164/1000] 6c81d49c-a39f-438c-9d22-f8d284bf8fe7: 48 arrays, 83.9 MB stored; 1.3 s; peak memory 162 MiB.
2026-10-10T08:39:28Z INFO [165/1000] 6c81d6e9-3449-4be6-91b0-d5ac07b6f818: 115 arrays, 190.1 MB stored; 2.0 s; peak memory 162 MiB.
2026-10-10T08:39:28Z INFO [166/1000] 6c82afac-426c-4db1-bd41-72063af863c3: 84 arrays, 281.5 MB stored; 2.3 s; peak memory 162 MiB.
2026-10-10T08:39:29Z INFO [167/1000] 6c83bb73-40d3-4f18-b7e9-dbd9b82167ff: 41 arrays, 8.4 MB stored; 1.2 s; peak memory 162 MiB.
2026-10-10T08:39:30Z INFO [168/1000] 6c852787-83f4-4fb2-9af0-7537fbfd0449: 48 arrays, 83.9 MB stored; 1.2 s; peak memory 162 MiB.
2026-10-10T08:39:30Z INFO [169/1000] 6c839a00-ee2a-4d53-a71a-e9b112077550: 50 arrays, 126.2 MB stored; 3.4 s; peak memory 162 MiB.
2026-10-10T08:39:30Z INFO [170/1000] 6c852d81-bcd4-4c71-9f91-650b87767792: 118 arrays, 0.4 MB stored; 1.3 s; peak memory 162 MiB.
2026-10-10T08:39:31Z INFO [171/1000] 6c85c370-640b-4f96-be2e-a4664d3139dc: 48 arrays, 83.9 MB stored; 1.0 s; peak memory 162 MiB.
2026-10-10T08:39:32Z INFO [172/1000] 6c8676d2-1114-4a3b-8051-161412c47f8a: 48 arrays, 83.9 MB stored; 1.2 s; peak memory 162 MiB.
2026-10-10T08:39:32Z INFO [173/1000] 6c47ecb6-e16f-4a0f-b595-875b7fdc2b3e: 167 arrays, 21149.7 MB stored; 99.7 s; peak memory 162 MiB.
2026-10-10T08:39:32Z INFO [174/1000] 6c8693ec-79a9-4a1a-b63b-f9cbf39fec00: 48 arrays, 83.9 MB stored; 1.3 s; peak memory 162 MiB.
2026-10-10T08:39:33Z INFO [175/1000] 6c87a7af-fc89-4587-9935-7afc8d2837a1: 67 arrays, 2.5 MB stored; 1.4 s; peak memory 162 MiB.
2026-10-10T08:39:34Z INFO [176/1000] 6c869bf9-b618-4396-bbea-e3ba11ea56c6: 71 arrays, 76.2 MB stored; 2.0 s; peak memory 162 MiB.
2026-10-10T08:39:34Z INFO [177/1000] 6c85a61c-2bbe-4fef-84cf-555e75c704bb: 225 arrays, 546.4 MB stored; 4.8 s; peak memory 162 MiB.
2026-10-10T08:39:35Z INFO [178/1000] 6c887e33-4ed8-48c8-b400-0ada256e7835: 48 arrays, 83.9 MB stored; 1.4 s; peak memory 162 MiB.
2026-10-10T08:39:35Z INFO [179/1000] 6c88a6e4-520d-47b5-88ea-89cc7599a2cd: 48 arrays, 83.9 MB stored; 1.3 s; peak memory 162 MiB.
2026-10-10T08:39:36Z INFO [180/1000] 6c89818e-d0ab-4252-afa9-7eb86a3a7850: 56 arrays, 0.0 MB stored; 1.2 s; peak memory 162 MiB.
2026-10-10T08:39:36Z INFO [181/1000] 6c8826a6-1752-49a3-b457-d59b79346f28: 545 arrays, 5.8 MB stored; 3.6 s; peak memory 162 MiB.
2026-10-10T08:39:36Z INFO [182/1000] 6c89a801-6f08-41b0-8da0-1c23f2400283: 230 arrays, 0.8 MB stored; 1.5 s; peak memory 162 MiB.
2026-10-10T08:39:37Z INFO [183/1000] 6c89af0c-fea5-483c-881a-f02af064a019: 102 arrays, 15.2 MB stored; 1.8 s; peak memory 162 MiB.
2026-10-10T08:39:37Z INFO [184/1000] 6c8a8281-5292-497b-ba0a-57e73ebe4dec: 69 arrays, 85.2 MB stored; 1.6 s; peak memory 162 MiB.
2026-10-10T08:39:38Z INFO [185/1000] 6c8c20f9-9c30-4bfa-8cc5-d500fc749d3b: 48 arrays, 83.9 MB stored; 1.1 s; peak memory 162 MiB.
2026-10-10T08:39:39Z INFO [186/1000] 6c8ac8ac-5b9f-43d2-95ae-6c04ffd36c7a: 92 arrays, 651.8 MB stored; 2.8 s; peak memory 162 MiB.
2026-10-10T08:39:39Z INFO [187/1000] 6c8b958c-fc8f-417a-b6a1-aa2bf2915fef: 115 arrays, 190.1 MB stored; 2.4 s; peak memory 162 MiB.
2026-10-10T08:39:39Z INFO [188/1000] 6c8c23a7-5822-4912-9b4c-8cd337a791a1: 48 arrays, 83.9 MB stored; 1.2 s; peak memory 162 MiB.
2026-10-10T08:39:40Z INFO [189/1000] 6c8c4b05-0267-46c1-b540-8e021ab68d32: 46 arrays, 0.1 MB stored; 1.1 s; peak memory 162 MiB.
2026-10-10T08:39:41Z INFO [190/1000] 6c8d168e-1eb7-4517-b400-409999719d4e: 71 arrays, 144.4 MB stored; 2.0 s; peak memory 162 MiB.
2026-10-10T08:39:42Z INFO [191/1000] 6c8dcbe9-8160-4c4a-9ef1-766a7b6b4286: 112 arrays, 0.9 MB stored; 1.7 s; peak memory 162 MiB.
2026-10-10T08:39:43Z INFO [192/1000] 6c8e9170-db7d-459e-ae54-e58a2b877b06: 116 arrays, 0.2 MB stored; 1.2 s; peak memory 162 MiB.
2026-10-10T08:39:44Z INFO [193/1000] 6c8ac2a6-8470-46c0-be37-f1b93caa28e1: 505 arrays, 73.0 MB stored; 8.3 s; peak memory 162 MiB.
2026-10-10T08:39:45Z INFO [194/1000] 6c8d4008-1923-43d5-846c-1414cc94e84a: 574 arrays, 8.5 MB stored; 5.1 s; peak memory 162 MiB.
2026-10-10T08:39:45Z INFO [195/1000] 6c8eb469-398c-4a26-acf0-2233da8da5b1: 38 arrays, 36.4 MB stored; 2.0 s; peak memory 162 MiB.
2026-10-10T08:39:45Z INFO [196/1000] 6c8dd716-de3b-4d73-8d5a-82aa40dabb44: 348 arrays, 3.3 MB stored; 3.9 s; peak memory 162 MiB.
2026-10-10T08:39:45Z INFO [197/1000] 6c8ef482-add2-47aa-85aa-36d069bfe85a: 48 arrays, 83.9 MB stored; 1.2 s; peak memory 162 MiB.
2026-10-10T08:39:46Z INFO [198/1000] 6c90a5a4-b928-44ed-9979-8c24c7d9f3c4: 46 arrays, 4.6 MB stored; 1.2 s; peak memory 162 MiB.
2026-10-10T08:39:46Z INFO [199/1000] 6c90a27c-d01d-42f6-a5b3-01edb488bc1b: 48 arrays, 83.9 MB stored; 1.3 s; peak memory 162 MiB.
2026-10-10T08:39:47Z INFO [200/1000] 6c9145c9-89df-42a9-85c7-4952dffa91fa: 117 arrays, 0.3 MB stored; 1.5 s; peak memory 162 MiB.
2026-10-10T08:39:47Z INFO [200/1000] 6c9145c9-89df-42a9-85c7-4952dffa91fa: checkpointed 200 new records.
2026-10-10T08:39:48Z INFO [201/1000] 6c915d4e-0f9a-4d57-b32b-50051a2fbdaf: 117 arrays, 0.3 MB stored; 1.4 s; peak memory 218 MiB.
2026-10-10T08:39:48Z INFO [202/1000] 6c91732c-8ffe-4ec6-8e7a-ef8f4d0bd92d: 112 arrays, 0.4 MB stored; 1.4 s; peak memory 218 MiB.
2026-10-10T08:39:49Z INFO [203/1000] 6c93918e-5014-40b0-95b3-47be8678763f: 50 arrays, 1.7 MB stored; 1.2 s; peak memory 218 MiB.
2026-10-10T08:39:50Z INFO [204/1000] 6c93f6bb-a5ae-4ee7-a363-10f9c28a0c7d: 112 arrays, 0.7 MB stored; 1.5 s; peak memory 218 MiB.
2026-10-10T08:39:54Z INFO [205/1000] 6c93ce2e-7afa-4d50-b742-6e2af2df2675: 410 arrays, 83.5 MB stored; 6.7 s; peak memory 218 MiB.
2026-10-10T08:39:55Z INFO [206/1000] 6c9556fc-0c11-4a16-a252-951646a412b4: 537 arrays, 5.7 MB stored; 4.9 s; peak memory 218 MiB.
2026-10-10T08:39:56Z INFO [207/1000] 6c956cfb-33d8-400c-a748-3151cb8c6a78: 48 arrays, 83.9 MB stored; 1.2 s; peak memory 218 MiB.
2026-10-10T08:39:57Z INFO [208/1000] 6c95ed0f-bc70-486c-97e2-f9ac9f5f4d12: 48 arrays, 83.9 MB stored; 1.2 s; peak memory 218 MiB.
2026-10-10T08:39:57Z INFO [209/1000] 6c8f272f-8932-44a2-8889-defb3c6fd343: 880 arrays, 29.2 MB stored; 12.7 s; peak memory 218 MiB.
2026-10-10T08:39:58Z INFO [210/1000] 6c95b5ed-550a-4373-b13b-34d276de81d2: 116 arrays, 187.1 MB stored; 2.5 s; peak memory 218 MiB.
2026-10-10T08:39:58Z INFO [211/1000] 6c5780c7-e990-49a3-832f-e8861520139f: 430 arrays, 23665.7 MB stored; 106.7 s; peak memory 218 MiB.
2026-10-10T08:39:58Z INFO [212/1000] 6c5ef951-a79f-43e5-a248-c7ca341438db: 99 arrays, 3135.5 MB stored; 96.6 s; peak memory 218 MiB.
2026-10-10T08:39:58Z INFO [213/1000] 6c97924a-82c9-45e9-ac62-253e2a23c218: 116 arrays, 0.3 MB stored; 1.4 s; peak memory 218 MiB.
2026-10-10T08:39:59Z INFO [214/1000] 6c97b6d0-2786-4f0f-8ba6-b2c7abc9ba06: 76 arrays, 40.4 MB stored; 1.7 s; peak memory 218 MiB.
2026-10-10T08:39:59Z INFO [215/1000] 6c995192-5084-44b4-8eab-36713916efbc: 112 arrays, 0.5 MB stored; 1.6 s; peak memory 218 MiB.
2026-10-10T08:40:00Z INFO [216/1000] 6c99b010-580f-4781-ad10-6e9a7694f272: 112 arrays, 0.7 MB stored; 1.6 s; peak memory 218 MiB.
2026-10-10T08:40:00Z INFO [217/1000] 6c99ba63-af25-460d-8dc2-5860fbc867c5: 112 arrays, 0.7 MB stored; 1.7 s; peak memory 218 MiB.
2026-10-10T08:40:00Z INFO [218/1000] 6c99e0c1-9881-45a0-9b98-ae9aaa45f7f6: 48 arrays, 83.9 MB stored; 1.3 s; peak memory 218 MiB.
2026-10-10T08:40:01Z INFO [219/1000] 6c9a0f3d-52d6-4ec8-9412-893543e94448: 46 arrays, 1.6 MB stored; 1.4 s; peak memory 218 MiB.
2026-10-10T08:40:01Z INFO [220/1000] 6c9b29af-76fb-4b33-bb56-f153cb5cf689: 117 arrays, 0.5 MB stored; 1.5 s; peak memory 218 MiB.
2026-10-10T08:40:02Z INFO [221/1000] 6c9b8000-8632-4f93-b740-b3e92a3a83b3: 46 arrays, 0.1 MB stored; 1.1 s; peak memory 218 MiB.
2026-10-10T08:40:02Z INFO [222/1000] 6c9b7ef6-ec72-4049-aad2-995e4cd304b9: 112 arrays, 0.6 MB stored; 1.7 s; peak memory 218 MiB.
2026-10-10T08:40:02Z INFO [223/1000] 6c9a18dc-e678-4de1-a163-691afb02a0b4: 156 arrays, 193.5 MB stored; 2.5 s; peak memory 218 MiB.
2026-10-10T08:40:03Z INFO [224/1000] 6c9c1ab1-691d-44bc-aeaf-7e71c8a5b7ac: 48 arrays, 83.9 MB stored; 1.2 s; peak memory 218 MiB.
2026-10-10T08:40:03Z INFO [225/1000] 6c9b982f-eff8-444f-955d-f6309f9729ab: 112 arrays, 0.7 MB stored; 1.8 s; peak memory 218 MiB.
2026-10-10T08:40:03Z INFO [226/1000] 6c9c8c2f-50dd-4ee6-a007-46620fad4bf8: 48 arrays, 83.9 MB stored; 1.2 s; peak memory 218 MiB.
2026-10-10T08:40:03Z INFO [227/1000] 6c9c2fab-7137-4f18-b605-94588bd78548: 117 arrays, 0.4 MB stored; 1.3 s; peak memory 218 MiB.
2026-10-10T08:40:04Z INFO [228/1000] 6c9ca6c5-8672-4d95-8c5e-7624d6063caa: 117 arrays, 0.2 MB stored; 1.6 s; peak memory 218 MiB.
2026-10-10T08:40:05Z INFO [229/1000] 6c9e84b2-5fc3-42aa-a7d5-b335855b04d0: 48 arrays, 83.9 MB stored; 1.3 s; peak memory 218 MiB.
2026-10-10T08:40:05Z INFO [230/1000] 6c9da112-8c0c-4766-b2e8-407183321c05: 116 arrays, 0.3 MB stored; 1.4 s; peak memory 218 MiB.
2026-10-10T08:40:05Z INFO [231/1000] 6c9e1561-f557-45e0-b630-517f6587c9a8: 69 arrays, 64.0 MB stored; 1.7 s; peak memory 218 MiB.
2026-10-10T08:40:06Z INFO [232/1000] 6c9ee128-107d-45c3-aca5-6de9f3a16de0: 69 arrays, 2.0 MB stored; 1.5 s; peak memory 218 MiB.
2026-10-10T08:40:07Z INFO [233/1000] 6c9f0e60-d561-4c77-b164-842b12bc5cf1: 112 arrays, 0.5 MB stored; 1.6 s; peak memory 218 MiB.
2026-10-10T08:40:07Z INFO [234/1000] 6c9f34aa-d879-4b36-8a42-dd161cd2c47f: 118 arrays, 0.4 MB stored; 1.3 s; peak memory 218 MiB.
2026-10-10T08:40:09Z INFO [235/1000] 6c9f01bd-5d7e-4b7c-997c-59f7e5c57b96: 229 arrays, 236.1 MB stored; 4.4 s; peak memory 218 MiB.
2026-10-10T08:40:10Z INFO [236/1000] 6c9ee7b4-1e19-4c26-8577-cb401ce64b1d: 538 arrays, 8.4 MB stored; 5.1 s; peak memory 218 MiB.
2026-10-10T08:40:10Z INFO [237/1000] 6c9fcde0-c1b4-4cf2-8c19-06ed6baa8d4e: 251 arrays, 15.3 MB stored; 3.2 s; peak memory 218 MiB.
2026-10-10T08:40:11Z INFO [238/1000] 6ca056b8-5050-4629-989c-74a839d2aa9d: 46 arrays, 0.1 MB stored; 1.1 s; peak memory 218 MiB.
2026-10-10T08:40:12Z INFO [239/1000] 6ca0b4b4-29a6-471e-8e2a-081b5be3e856: 48 arrays, 83.9 MB stored; 1.3 s; peak memory 218 MiB.
2026-10-10T08:40:12Z INFO [240/1000] 6ca1156a-72ad-4ebf-85b9-e4ad1daa3489: 48 arrays, 83.9 MB stored; 1.3 s; peak memory 218 MiB.
2026-10-10T08:40:13Z INFO [241/1000] 6ca13701-e0af-4ebd-b911-9d63f26f2acf: 77 arrays, 0.1 MB stored; 1.3 s; peak memory 218 MiB.
2026-10-10T08:40:13Z INFO [242/1000] 6ca000e7-cbe4-4c38-9655-c1aec3f10080: 520 arrays, 7.4 MB stored; 4.1 s; peak memory 218 MiB.
2026-10-10T08:40:13Z INFO [243/1000] 6ca175d9-98a3-4f11-8b6b-1299c29c62f7: 48 arrays, 83.9 MB stored; 1.3 s; peak memory 218 MiB.
2026-10-10T08:40:15Z INFO [244/1000] 6ca215e0-0dd0-4f93-bceb-d34baba5f902: 118 arrays, 0.4 MB stored; 1.5 s; peak memory 218 MiB.
2026-10-10T08:40:15Z INFO [245/1000] 6ca2944f-f00a-4227-bd4f-9785a1638865: 64 arrays, 0.0 MB stored; 1.5 s; peak memory 218 MiB.
2026-10-10T08:40:15Z INFO [246/1000] 6ca2d542-0518-4b9a-a936-b0c50a7d749b: 65 arrays, 37.5 MB stored; 1.5 s; peak memory 218 MiB.
2026-10-10T08:40:15Z INFO [247/1000] 6c934e64-5133-4e4b-9513-93e46fd20c20: 847 arrays, 554.9 MB stored; 28.3 s; peak memory 218 MiB.
2026-10-10T08:40:16Z INFO [248/1000] 6ca36bd3-7e71-4465-83e5-d4dfffe78d33: 47 arrays, 0.5 MB stored; 1.3 s; peak memory 218 MiB.
2026-10-10T08:40:16Z INFO [249/1000] 6ca33e51-caa5-40d8-a2c3-d140c531720e: 71 arrays, 35.2 MB stored; 1.8 s; peak memory 218 MiB.
2026-10-10T08:40:16Z INFO [250/1000] 6ca42a0d-719a-4b6d-b963-3f8e0959953a: 40 arrays, 5.7 MB stored; 1.1 s; peak memory 218 MiB.
2026-10-10T08:40:17Z INFO [251/1000] 6ca42ab0-dcab-411e-bcde-f2b092a03e00: 48 arrays, 83.9 MB stored; 1.2 s; peak memory 218 MiB.
2026-10-10T08:40:18Z INFO [252/1000] 6ca433b9-ff69-463d-9157-eee81b52b65c: 118 arrays, 0.5 MB stored; 1.4 s; peak memory 218 MiB.
2026-10-10T08:40:18Z INFO [253/1000] 6ca4ce55-5c85-484a-b201-af093a31f762: 112 arrays, 0.6 MB stored; 1.4 s; peak memory 218 MiB.
2026-10-10T08:40:20Z INFO [254/1000] 6ca3d044-a1cf-4329-b984-bfccb79329e1: 229 arrays, 480.8 MB stored; 5.1 s; peak memory 218 MiB.
2026-10-10T08:40:21Z INFO [255/1000] 6ca5e31e-0df1-4e8b-bebe-b62f0eab9e1b: 48 arrays, 83.9 MB stored; 1.2 s; peak memory 218 MiB.
2026-10-10T08:40:21Z INFO [256/1000] 6ca4ceb4-3b75-46a6-831d-6d009a7fd86e: 486 arrays, 7.1 MB stored; 4.0 s; peak memory 218 MiB.
2026-10-10T08:40:21Z INFO [257/1000] 6ca5985e-c4fc-4d92-a066-e6887af4304f: 156 arrays, 193.5 MB stored; 3.4 s; peak memory 218 MiB.
2026-10-10T08:40:22Z INFO [258/1000] 6ca4e33f-f698-4861-a34f-e7f769d71b5b: 514 arrays, 6.2 MB stored; 4.4 s; peak memory 218 MiB.
2026-10-10T08:40:23Z INFO [259/1000] 6ca6f1a9-21e0-42b5-ab2e-6bd330f5889e: 112 arrays, 0.6 MB stored; 1.7 s; peak memory 218 MiB.
2026-10-10T08:40:23Z INFO [260/1000] 6ca6dc45-a5dc-472d-87f3-1db5d6d976ff: 71 arrays, 70.4 MB stored; 1.9 s; peak memory 218 MiB.
2026-10-10T08:40:23Z INFO [261/1000] 6c9f49b0-f474-4fb1-a833-b78f159604c7: 48 arrays, 46946.1 MB stored; 16.9 s; peak memory 218 MiB.
2026-10-10T08:40:24Z INFO [262/1000] 6ca71e82-11ce-4de8-8006-ad273a0bafc8: 117 arrays, 0.4 MB stored; 1.4 s; peak memory 218 MiB.
2026-10-10T08:40:24Z INFO [263/1000] 6ca792b4-b570-4697-9d83-9e0c0ec74078: 48 arrays, 83.9 MB stored; 1.2 s; peak memory 218 MiB.
2026-10-10T08:40:24Z INFO [264/1000] 6ca76acc-7a72-412f-9f09-b56a85fe3443: 116 arrays, 9.7 MB stored; 1.5 s; peak memory 218 MiB.
2026-10-10T08:40:26Z INFO [265/1000] 6ca82a18-d592-485b-afc0-4bb32285f2c0: 48 arrays, 83.9 MB stored; 1.4 s; peak memory 218 MiB.
2026-10-10T08:40:26Z INFO [266/1000] 6ca82700-a0d9-4cb4-b909-199c1cd56470: 115 arrays, 190.1 MB stored; 2.8 s; peak memory 218 MiB.
2026-10-10T08:40:27Z INFO [267/1000] 6ca84889-5cb3-4224-883f-c516b14e62b5: 117 arrays, 0.4 MB stored; 1.4 s; peak memory 218 MiB.
2026-10-10T08:40:28Z INFO [268/1000] 6ca853c2-c0c1-4483-a4b1-ba51d1814dca: 124 arrays, 0.7 MB stored; 1.7 s; peak memory 218 MiB.
2026-10-10T08:40:29Z INFO [269/1000] 6ca889ba-f8bd-4470-a7f8-48c649cd8a4b: 68 arrays, 0.2 MB stored; 1.4 s; peak memory 218 MiB.
2026-10-10T08:40:29Z INFO [270/1000] 6ca94dae-ebac-4d12-822a-32deab1e20a2: 48 arrays, 83.9 MB stored; 1.1 s; peak memory 218 MiB.
2026-10-10T08:40:30Z INFO [271/1000] 6ca9f8e2-d89b-44f0-aa78-43505cea34ba: 117 arrays, 0.4 MB stored; 1.4 s; peak memory 218 MiB.
2026-10-10T08:40:31Z INFO [272/1000] 6caada87-a3a6-47dc-944a-89de3eaa262d: 76 arrays, 12.2 MB stored; 1.5 s; peak memory 218 MiB.
2026-10-10T08:40:31Z INFO [273/1000] 6ca82965-fc33-4e25-a6e8-feaeb9d6f329: 1343 arrays, 22.8 MB stored; 7.5 s; peak memory 218 MiB.
2026-10-10T08:40:33Z INFO [274/1000] 6cadf3dd-6253-4809-b1d3-632252fc5405: 117 arrays, 23.5 MB stored; 2.1 s; peak memory 218 MiB.
2026-10-10T08:40:33Z INFO [275/1000] 6cae6985-a8ec-4930-b365-184bbe4b7e66: 66 arrays, 55.9 MB stored; 1.6 s; peak memory 218 MiB.
2026-10-10T08:40:34Z INFO [276/1000] 6cb0735b-0def-4eb9-a47e-384592163d64: 46 arrays, 0.1 MB stored; 1.0 s; peak memory 218 MiB.
2026-10-10T08:40:34Z INFO [277/1000] 6caf5520-99db-4be9-9b6f-782d733689c7: 116 arrays, 9.8 MB stored; 1.4 s; peak memory 218 MiB.
2026-10-10T08:40:35Z INFO [278/1000] 6cb0db7c-0df2-4bb2-921d-7e3b7498208b: 48 arrays, 83.9 MB stored; 1.3 s; peak memory 218 MiB.
2026-10-10T08:40:37Z INFO [279/1000] 6cb13fba-686d-452a-9dfa-b5642c9a3654: 62 arrays, 4928.5 MB stored; 1.6 s; peak memory 218 MiB.
2026-10-10T08:40:38Z INFO [280/1000] 6cb152af-63e3-4b05-99ca-d9f104d4fb59: 48 arrays, 83.9 MB stored; 1.1 s; peak memory 218 MiB.
2026-10-10T08:40:39Z INFO [281/1000] 6cb1b872-1160-4d9b-9517-32667302db25: 56 arrays, 0.0 MB stored; 1.2 s; peak memory 218 MiB.
2026-10-10T08:40:43Z INFO [282/1000] 6cb09e11-75ea-4cbd-b260-cbccaab92eed: 1007 arrays, 24.1 MB stored; 9.4 s; peak memory 218 MiB.
2026-10-10T08:40:44Z INFO [283/1000] 6cb29158-7c64-43a8-a380-e6b6b98e9346: 229 arrays, 281.7 MB stored; 4.6 s; peak memory 218 MiB.
2026-10-10T08:40:45Z INFO [284/1000] 6cb310a7-f0ce-43c2-9b08-b359f7f3bd17: 116 arrays, 0.3 MB stored; 1.3 s; peak memory 218 MiB.
2026-10-10T08:40:49Z INFO [285/1000] 6cb29b0b-71f0-42d2-a70f-e5e603e14f0b: 738 arrays, 19.8 MB stored; 5.8 s; peak memory 218 MiB.
2026-10-10T08:40:50Z INFO [286/1000] 6cb3d7dc-7a0c-43d8-becc-75c2284dcf9b: 117 arrays, 0.2 MB stored; 1.3 s; peak memory 218 MiB.
2026-10-10T08:40:50Z INFO [287/1000] 6cb3b591-be6c-4b33-a614-d06dfaad8d2c: 473 arrays, 11.2 MB stored; 5.4 s; peak memory 218 MiB.
2026-10-10T08:40:52Z INFO [288/1000] 6cb41e7d-cad9-4707-9a55-b53b874a4dee: 48 arrays, 83.9 MB stored; 1.2 s; peak memory 218 MiB.
2026-10-10T08:40:53Z INFO [289/1000] 6cb45a60-06ce-4cc6-bf3c-2a55ef7ee67b: 112 arrays, 0.5 MB stored; 1.5 s; peak memory 218 MiB.
2026-10-10T08:41:03Z INFO [290/1000] 6cb48330-7470-467d-bf3b-301e89674eec: 1015 arrays, 40.1 MB stored; 9.5 s; peak memory 218 MiB.
2026-10-10T08:41:04Z INFO [291/1000] 6cb543c7-a0f2-4840-b2fe-ea68a24f0ccc: 86 arrays, 498.8 MB stored; 1.7 s; peak memory 218 MiB.
2026-10-10T08:41:06Z INFO [292/1000] 6cb5d860-e317-4fbe-a0fe-7af77d480bf7: 46 arrays, 12.6 MB stored; 1.2 s; peak memory 218 MiB.
2026-10-10T08:41:09Z INFO [293/1000] 6cb400c7-09bd-4357-99f3-a39eb7d45b83: 48 arrays, 42357.0 MB stored; 19.2 s; peak memory 218 MiB.
2026-10-10T08:41:10Z INFO [294/1000] 6cb6a022-5fb5-42d8-9be6-8b0644e0101c: 48 arrays, 83.9 MB stored; 1.1 s; peak memory 218 MiB.
2026-10-10T08:41:12Z INFO [295/1000] 6cb705b6-56e8-4718-9a72-920bb10c863f: 48 arrays, 83.9 MB stored; 1.2 s; peak memory 218 MiB.
2026-10-10T08:41:15Z INFO [296/1000] 6cb78ba9-932e-48ba-8efe-2d670206bde8: 38 arrays, 5881.0 MB stored; 3.1 s; peak memory 218 MiB.
2026-10-10T08:41:19Z INFO [297/1000] 6cb86a7e-ef09-4a94-ad29-15f3af6ebcb2: 49 arrays, 4166.5 MB stored; 3.9 s; peak memory 218 MiB.
2026-10-10T08:41:29Z INFO [298/1000] 6c658106-d5d3-47f1-94ce-8c20bd2b68cf: 436 arrays, 39404.3 MB stored; 181.1 s; peak memory 218 MiB.
2026-10-10T08:41:30Z INFO [299/1000] 6cb94614-3a61-40cc-a47d-ecbadaad39ae: 771 arrays, 20.5 MB stored; 11.4 s; peak memory 218 MiB.
2026-10-10T08:41:31Z INFO [300/1000] 6cb95151-dc9b-47eb-a6ca-ecccb787ec36: 48 arrays, 83.9 MB stored; 1.3 s; peak memory 218 MiB.
2026-10-10T08:41:32Z INFO [301/1000] 6cb9bb92-e30e-465c-927b-68ddb3743269: 41 arrays, 8.4 MB stored; 1.2 s; peak memory 218 MiB.
2026-10-10T08:41:32Z INFO [302/1000] 6c994c85-ec4d-4ab2-a12e-ddb61fc0ca53: 449 arrays, 23698.2 MB stored; 94.5 s; peak memory 218 MiB.
2026-10-10T08:41:33Z INFO [303/1000] 6cabb1f7-34f8-4183-ad92-07c02794ac24: 58 arrays, 6891.0 MB stored; 63.2 s; peak memory 218 MiB.
2026-10-10T08:41:34Z INFO [304/1000] 6cba2fe2-a61d-472a-8857-384374c8e2ef: 115 arrays, 190.1 MB stored; 2.3 s; peak memory 218 MiB.
2026-10-10T08:41:35Z INFO [305/1000] 6cba5198-06c2-4b1e-b034-e11580afc851: 117 arrays, 0.2 MB stored; 1.4 s; peak memory 218 MiB.
2026-10-10T08:41:36Z INFO [306/1000] 6cb9a673-da56-4283-84ea-9771dfc3b181: 264 arrays, 15.2 MB stored; 5.6 s; peak memory 218 MiB.
2026-10-10T08:41:36Z INFO [307/1000] 6cba66fd-152d-4d9a-be9a-32e2d58b3903: 87 arrays, 15.2 MB stored; 2.0 s; peak memory 218 MiB.
2026-10-10T08:41:37Z INFO [308/1000] 6cbace09-50cd-4065-becf-88959f6fcdfc: 115 arrays, 190.1 MB stored; 2.3 s; peak memory 218 MiB.
2026-10-10T08:41:38Z INFO [309/1000] 6cbc18ed-4abf-43c3-bf97-d188459e8aa8: 112 arrays, 0.3 MB stored; 1.4 s; peak memory 218 MiB.
2026-10-10T08:41:39Z INFO [310/1000] 6cbc5728-0cf8-4f7f-8147-eb9ba04ecb1f: 119 arrays, 67.3 MB stored; 2.1 s; peak memory 218 MiB.
2026-10-10T08:41:39Z INFO [311/1000] 6cbaf18f-e5f6-47ba-9e96-00798fb7cc73: 88 arrays, 4703.5 MB stored; 3.4 s; peak memory 218 MiB.
2026-10-10T08:41:40Z INFO [312/1000] 6cbd6533-72b4-4392-8e4a-4fb59cde5833: 52 arrays, 0.0 MB stored; 1.1 s; peak memory 218 MiB.
2026-10-10T08:41:40Z INFO [313/1000] 6cbd5bec-73ab-4426-8305-4ef6be2ba96b: 186 arrays, 7.4 MB stored; 2.5 s; peak memory 218 MiB.
2026-10-10T08:41:41Z INFO [314/1000] 6cba0592-076e-4980-b10c-be5059bad919: 11485 arrays, 166.6 MB stored; 9.6 s; peak memory 218 MiB.
2026-10-10T08:41:42Z INFO [315/1000] 6cbd9123-de27-4b06-9d3b-5ce90b1e64c1: 118 arrays, 51.1 MB stored; 2.0 s; peak memory 218 MiB.
2026-10-10T08:41:42Z INFO [316/1000] 6cbef589-9558-4f92-a089-334a7818159d: 78 arrays, 470.6 MB stored; 1.9 s; peak memory 218 MiB.
2026-10-10T08:41:43Z INFO [317/1000] 6cbf9bb6-d34b-473d-afc1-ac41297e3d8b: 62 arrays, 3041.1 MB stored; 1.6 s; peak memory 218 MiB.
2026-10-10T08:41:44Z INFO [318/1000] 6cbff0fc-fac0-4676-a296-36bc635ef3cb: 74 arrays, 71.7 MB stored; 1.7 s; peak memory 218 MiB.
2026-10-10T08:41:45Z INFO [319/1000] 6cc04e8f-00e9-41c5-84d5-6948f116f67f: 117 arrays, 0.6 MB stored; 1.5 s; peak memory 218 MiB.
2026-10-10T08:41:45Z INFO [320/1000] 6cc08054-9797-420d-94fa-cba42d02c486: 59 arrays, 92.4 MB stored; 1.3 s; peak memory 218 MiB.
2026-10-10T08:41:47Z INFO [321/1000] 6cbfbe58-73ac-4a51-b4d2-2c950d328ceb: 547 arrays, 11.7 MB stored; 4.5 s; peak memory 218 MiB.
2026-10-10T08:41:47Z INFO [322/1000] 6cbd5f01-8195-491c-a1a9-f517ee91ad4a: 406 arrays, 10327.1 MB stored; 7.7 s; peak memory 218 MiB.
2026-10-10T08:41:47Z INFO [323/1000] 6cc0f65a-aed3-4ac8-9c22-1ce7ae2ec5a0: 50 arrays, 4336.6 MB stored; 1.5 s; peak memory 218 MiB.
2026-10-10T08:41:48Z INFO [324/1000] 6cc10061-efc5-4489-9060-db91d27793d8: 43 arrays, 475.2 MB stored; 1.4 s; peak memory 218 MiB.
2026-10-10T08:41:49Z INFO [325/1000] 6cc1b2dc-0d2f-48d4-8008-a93454d1d975: 66 arrays, 245.0 MB stored; 1.8 s; peak memory 218 MiB.
2026-10-10T08:41:49Z INFO [326/1000] 6cc09cfb-2a46-4397-a580-28eeaa407c38: 229 arrays, 236.3 MB stored; 4.2 s; peak memory 218 MiB.
2026-10-10T08:41:49Z INFO [327/1000] 6cc1011b-ee98-4c94-a89e-02fc2fbbddd4: 101 arrays, 9.6 MB stored; 2.3 s; peak memory 218 MiB.
2026-10-10T08:41:49Z INFO [328/1000] 6cc229d3-da88-4fea-87c6-4f4fc562e228: 52 arrays, 14.4 MB stored; 1.3 s; peak memory 218 MiB.
2026-10-10T08:41:50Z INFO [329/1000] 6cc31808-d64b-4abd-9c1b-6eacb315524f: 48 arrays, 83.9 MB stored; 1.3 s; peak memory 218 MiB.
2026-10-10T08:41:50Z INFO [330/1000] 6cc25518-983b-4cb8-95f9-180c5154773a: 71 arrays, 48.0 MB stored; 1.8 s; peak memory 218 MiB.
2026-10-10T08:41:51Z INFO [331/1000] 6cc36d6e-1556-45ee-9a14-0a8a8c18c2ae: 48 arrays, 83.9 MB stored; 1.4 s; peak memory 218 MiB.
2026-10-10T08:41:52Z INFO [332/1000] 6cc3fdec-d957-4669-82ff-0ee0ed81046e: 112 arrays, 0.9 MB stored; 1.7 s; peak memory 218 MiB.
2026-10-10T08:41:52Z INFO [333/1000] 6cc4a599-f796-439f-b9ec-3073b2af50a2: 112 arrays, 0.8 MB stored; 1.7 s; peak memory 218 MiB.
2026-10-10T08:41:53Z INFO [334/1000] 6cc2bbff-b919-4e87-b8dc-d50e798ce1b9: 229 arrays, 244.2 MB stored; 4.3 s; peak memory 218 MiB.
2026-10-10T08:41:54Z INFO [335/1000] 6cc5ac30-dfbf-469e-8911-0995fc7c975b: 289 arrays, 17.1 MB stored; 1.6 s; peak memory 218 MiB.
2026-10-10T08:41:54Z INFO [336/1000] 6cc5b2ea-ac88-4ce1-919f-ed0e8ace27e9: 58 arrays, 0.0 MB stored; 1.2 s; peak memory 218 MiB.
2026-10-10T08:41:55Z INFO [337/1000] 6cc4fb51-5bae-4122-b1b5-a546408ef50e: 38 arrays, 61.1 MB stored; 2.6 s; peak memory 218 MiB.
2026-10-10T08:41:55Z INFO [338/1000] 6ca698eb-f7df-4b4b-abf7-87719a95da61: 241 arrays, 19747.2 MB stored; 93.7 s; peak memory 218 MiB.
2026-10-10T08:41:55Z INFO [339/1000] 6cc5f037-2bcb-45b1-9125-e7dbd13a7bce: 57 arrays, 0.0 MB stored; 1.0 s; peak memory 218 MiB.
2026-10-10T08:41:55Z INFO [340/1000] 6cc5b84d-ed92-4c8d-92db-176796de42fd: 48 arrays, 83.9 MB stored; 1.3 s; peak memory 218 MiB.
2026-10-10T08:41:56Z INFO [341/1000] 6cc6e836-3d18-40b3-a7c5-9ee6e3c6d33b: 46 arrays, 0.1 MB stored; 1.1 s; peak memory 218 MiB.
2026-10-10T08:41:57Z INFO [342/1000] 6cc786ce-e5ab-49a6-a018-07f74c879e58: 48 arrays, 83.9 MB stored; 1.4 s; peak memory 218 MiB.
2026-10-10T08:41:57Z INFO [343/1000] 6cc809a0-8ac9-4444-a37b-ff3420f4d8ef: 112 arrays, 0.6 MB stored; 1.8 s; peak memory 218 MiB.
2026-10-10T08:41:58Z INFO [344/1000] 6cc4395d-9dc4-4ee4-8395-68023b5ad76a: 410 arrays, 82.3 MB stored; 7.7 s; peak memory 218 MiB.
2026-10-10T08:41:58Z INFO [345/1000] 6cc8564c-c213-46b6-add8-32827c71af62: 48 arrays, 83.9 MB stored; 1.3 s; peak memory 218 MiB.
2026-10-10T08:41:59Z INFO [346/1000] 6cc8d7e4-3529-4d15-981d-d86c268128c0: 52 arrays, 11.4 MB stored; 1.4 s; peak memory 218 MiB.
2026-10-10T08:41:59Z INFO [347/1000] 6cc972af-ddb4-4be8-9f04-bc4c15b8f616: 52 arrays, 13.3 MB stored; 1.1 s; peak memory 218 MiB.
2026-10-10T08:41:59Z INFO [348/1000] 6cca641e-5ade-41c4-867a-7a0957b0649a: 146 arrays, 0.2 MB stored; 1.4 s; peak memory 218 MiB.
2026-10-10T08:42:00Z INFO [349/1000] 6cc76a9c-cb81-4f85-83a6-59ce609574be: 174 arrays, 30.4 MB stored; 4.8 s; peak memory 218 MiB.
2026-10-10T08:42:00Z INFO [350/1000] 6ccafac2-0b26-49a4-b564-e531be1d110c: 116 arrays, 0.2 MB stored; 1.3 s; peak memory 218 MiB.
2026-10-10T08:42:01Z INFO [351/1000] 6ca83c06-7644-4e67-b1c8-aa12e7365be8: 413 arrays, 19864.5 MB stored; 96.3 s; peak memory 218 MiB.
2026-10-10T08:42:01Z INFO [352/1000] 6ccb28ed-631e-441a-814b-1e210c46d11c: 117 arrays, 0.6 MB stored; 1.5 s; peak memory 218 MiB.
2026-10-10T08:42:01Z INFO [353/1000] 6ccb2c19-0a16-42eb-a210-aa0327084c0c: 110 arrays, 0.5 MB stored; 1.3 s; peak memory 218 MiB.
2026-10-10T08:42:02Z INFO [354/1000] 6ccbe41f-81ea-4538-8deb-942cf3c65555: 46 arrays, 0.4 MB stored; 1.4 s; peak memory 218 MiB.
2026-10-10T08:42:03Z INFO [355/1000] 6ccb6684-01b0-449d-9568-ea8f78659c83: 115 arrays, 190.2 MB stored; 2.3 s; peak memory 218 MiB.
2026-10-10T08:42:03Z INFO [356/1000] 6cce1e3e-5010-4cef-96c2-6ef608ca7dd9: 45 arrays, 637.9 MB stored; 1.9 s; peak memory 218 MiB.
2026-10-10T08:42:03Z INFO [357/1000] 6cce2be3-9ca8-4969-955d-2001c6288f7b: 52 arrays, 0.9 MB stored; 1.2 s; peak memory 218 MiB.
2026-10-10T08:42:03Z INFO [358/1000] 6cca8a62-1baa-40e0-8a8b-8226d0c02433: 229 arrays, 497.0 MB stored; 4.8 s; peak memory 218 MiB.
2026-10-10T08:42:04Z INFO [359/1000] 6ccfb1f7-40fc-44b5-8df1-3831d7659ce2: 119 arrays, 0.1 MB stored; 1.2 s; peak memory 218 MiB.
2026-10-10T08:42:04Z INFO [360/1000] 6ccedc6a-3a83-4b67-b0f4-8e62bcd6f094: 64 arrays, 0.0 MB stored; 1.4 s; peak memory 218 MiB.
2026-10-10T08:42:05Z INFO [361/1000] 6cd1229e-833e-4539-860d-e73c3b5a6d11: 117 arrays, 0.4 MB stored; 1.3 s; peak memory 218 MiB.
2026-10-10T08:42:06Z INFO [362/1000] 6cd06980-4e27-4488-bddb-675e00003be4: 117 arrays, 0.4 MB stored; 1.8 s; peak memory 218 MiB.
2026-10-10T08:42:07Z INFO [363/1000] 6cd16efc-a727-4917-b877-f52cb363c50f: 112 arrays, 1.0 MB stored; 1.5 s; peak memory 218 MiB.
2026-10-10T08:42:08Z INFO [364/1000] 6cd2017a-ec16-4fc9-9fec-7c87107df389: 41 arrays, 8.4 MB stored; 1.0 s; peak memory 218 MiB.
2026-10-10T08:42:10Z INFO [365/1000] 6cd20d72-4817-46cf-a710-43895e3772f3: 67 arrays, 43.1 MB stored; 1.6 s; peak memory 218 MiB.
2026-10-10T08:42:10Z INFO [366/1000] 6cd051af-1113-4301-b2e5-4b3556f34318: 707 arrays, 19.9 MB stored; 6.4 s; peak memory 218 MiB.
2026-10-10T08:42:10Z INFO [367/1000] 6cd013ed-9c1b-4ec5-ad8d-85c1133fc21f: 266 arrays, 1361.4 MB stored; 6.8 s; peak memory 218 MiB.
2026-10-10T08:42:11Z INFO [368/1000] 6cd27349-1f0c-4f37-8b3a-9825cb9db4af: 90 arrays, 0.1 MB stored; 1.3 s; peak memory 218 MiB.
2026-10-10T08:42:11Z INFO [369/1000] 6cd23156-ddff-4f1a-9388-591257d939b3: 112 arrays, 0.7 MB stored; 1.8 s; peak memory 218 MiB.
2026-10-10T08:42:12Z INFO [370/1000] 6cd2c295-aa02-43d5-97ef-a2b42dfb0cbf: 110 arrays, 0.3 MB stored; 1.6 s; peak memory 218 MiB.
2026-10-10T08:42:12Z INFO [371/1000] 6cd32d78-7a21-4ac1-a250-d8eda9eef4c7: 48 arrays, 83.9 MB stored; 1.1 s; peak memory 218 MiB.
2026-10-10T08:42:13Z INFO [372/1000] 6cd3b238-8cbf-4a10-a025-1b34c18a003c: 45 arrays, 0.0 MB stored; 1.0 s; peak memory 218 MiB.
2026-10-10T08:42:15Z INFO [373/1000] 6cd2da31-af4d-4eaa-8250-e6e381b13d27: 229 arrays, 269.0 MB stored; 3.6 s; peak memory 218 MiB.
2026-10-10T08:42:15Z INFO [374/1000] 6cd4237d-85f8-4058-9c39-f553e32a61c9: 46 arrays, 12.6 MB stored; 1.4 s; peak memory 218 MiB.
2026-10-10T08:42:16Z INFO [375/1000] 6cc82103-2722-4ceb-81f9-047dc6d665e2: 1705 arrays, 46.6 MB stored; 19.8 s; peak memory 218 MiB.
2026-10-10T08:42:16Z INFO [376/1000] 6cd39996-3f7d-40f1-8510-913ce00f8f02: 208 arrays, 58.7 MB stored; 4.0 s; peak memory 218 MiB.
2026-10-10T08:42:16Z INFO [377/1000] 6ccd2634-83f8-45b0-a4e6-33ae89c60c62: 48 arrays, 47483.8 MB stored; 14.9 s; peak memory 218 MiB.
2026-10-10T08:42:17Z INFO [378/1000] 6cd5d7b0-e5ae-4da8-97c7-ae1c44ca7f37: 45 arrays, 0.0 MB stored; 1.2 s; peak memory 218 MiB.
2026-10-10T08:42:17Z INFO [379/1000] 6cd6b77c-ce9c-4cbc-a4e6-be9f2349f3d5: 39 arrays, 786.4 MB stored; 1.3 s; peak memory 218 MiB.
2026-10-10T08:42:18Z INFO [380/1000] 6cd6db5d-1a8a-481f-bb48-6bc0314b4cf3: 121 arrays, 0.1 MB stored; 1.1 s; peak memory 218 MiB.
2026-10-10T08:42:20Z INFO [381/1000] 6cd5d517-d90a-4eae-8e73-33dbb54110d8: 538 arrays, 8.4 MB stored; 5.4 s; peak memory 218 MiB.
2026-10-10T08:42:20Z INFO [382/1000] 6cd77571-a244-44e9-aea0-c800663157fe: 92 arrays, 298.9 MB stored; 3.2 s; peak memory 218 MiB.
2026-10-10T08:42:21Z INFO [383/1000] 6cd5feb5-24ba-4cca-89ec-dcafb9612124: 538 arrays, 8.2 MB stored; 5.4 s; peak memory 218 MiB.
2026-10-10T08:42:21Z INFO [384/1000] 6cd85948-baf2-47d1-a7c9-3d816282517b: 46 arrays, 0.0 MB stored; 1.0 s; peak memory 218 MiB.
2026-10-10T08:42:25Z INFO [385/1000] 6cd1c57a-04b6-4d12-b055-a5782f87d344: 1284 arrays, 27.3 MB stored; 19.4 s; peak memory 218 MiB.
2026-10-10T08:42:26Z INFO [386/1000] 6cd93d7c-d837-45f2-a15f-8db7fff69f96: 152 arrays, 482.5 MB stored; 5.1 s; peak memory 218 MiB.
2026-10-10T08:42:27Z INFO [387/1000] 6cd48859-7206-4600-880d-8f6d284b0b8a: 1370 arrays, 37.2 MB stored; 12.1 s; peak memory 218 MiB.
2026-10-10T08:42:27Z INFO [388/1000] 6cd95eaa-34f9-4305-b462-f822c4c47dae: 115 arrays, 190.1 MB stored; 2.2 s; peak memory 218 MiB.
2026-10-10T08:42:28Z INFO [389/1000] 6cd960e2-3fa4-41c6-8488-4751424b88bf: 117 arrays, 0.2 MB stored; 1.4 s; peak memory 218 MiB.
2026-10-10T08:42:28Z INFO [390/1000] 6cd9a34d-6224-4059-96c4-7bf7546c3a65: 48 arrays, 83.9 MB stored; 1.4 s; peak memory 218 MiB.
2026-10-10T08:42:29Z INFO [391/1000] 6cda5cb3-1c95-4066-bc4a-719ba5e7d2bf: 72 arrays, 0.5 MB stored; 1.4 s; peak memory 218 MiB.
2026-10-10T08:42:29Z INFO [392/1000] 6cda0bb1-1528-426a-8628-ea6ed330c9cc: 53 arrays, 711.0 MB stored; 1.8 s; peak memory 218 MiB.
2026-10-10T08:42:30Z INFO [393/1000] 6cdb19f2-1368-48f3-93ae-b32832af2a9d: 118 arrays, 0.3 MB stored; 1.4 s; peak memory 218 MiB.
2026-10-10T08:42:30Z INFO [394/1000] 6cd88e3a-669d-4f20-afea-1e7756e88e8f: 410 arrays, 85.4 MB stored; 9.0 s; peak memory 218 MiB.
2026-10-10T08:42:31Z INFO [395/1000] 6cdb5a38-8d43-4bab-9db0-071bdc896569: 48 arrays, 83.9 MB stored; 1.4 s; peak memory 218 MiB.
2026-10-10T08:42:31Z INFO [396/1000] 6cdc5fda-4a73-47d9-965b-a4b914caea9e: 42 arrays, 102.2 MB stored; 1.3 s; peak memory 218 MiB.
2026-10-10T08:42:32Z INFO [397/1000] 6cdb3eb0-5ab8-4f3b-815e-fa70942ff132: 138 arrays, 1.8 MB stored; 2.5 s; peak memory 218 MiB.
2026-10-10T08:42:32Z INFO [398/1000] 6cdbedcd-0bda-4ad0-88d6-694c8cf2ad4d: 70 arrays, 145.3 MB stored; 2.2 s; peak memory 218 MiB.
2026-10-10T08:42:36Z INFO [399/1000] 6cdd1560-3fdd-4f1f-82f1-9399be2b5b00: 229 arrays, 297.9 MB stored; 4.0 s; peak memory 218 MiB.
2026-10-10T08:42:36Z INFO [400/1000] 6cd7c6c2-9e72-4df3-82d1-5fd0743db43f: 48 arrays, 42669.4 MB stored; 18.2 s; peak memory 218 MiB.
2026-10-10T08:42:37Z INFO [400/1000] 6cd7c6c2-9e72-4df3-82d1-5fd0743db43f: checkpointed 400 new records.
2026-10-10T08:42:37Z INFO [401/1000] 6cdcbf8c-a6b0-4103-a325-736e3a038335: 336 arrays, 44.0 MB stored; 6.4 s; peak memory 322 MiB.
2026-10-10T08:42:37Z INFO [402/1000] 6cdd7369-f402-456a-bc1a-0af6e1051d47: 131 arrays, 0.5 MB stored; 1.5 s; peak memory 322 MiB.
2026-10-10T08:42:37Z INFO [403/1000] 6cde33d3-a200-4230-8d34-66e4d9375b1a: 117 arrays, 0.3 MB stored; 1.3 s; peak memory 322 MiB.
2026-10-10T08:42:38Z INFO [404/1000] 6cdcca97-fbf5-4dd4-9b4e-2623ca412e3c: 219 arrays, 748.2 MB stored; 6.2 s; peak memory 322 MiB.
2026-10-10T08:42:39Z INFO [405/1000] 6cdecfa3-c8e7-4473-89f2-d17b0ff5738e: 117 arrays, 0.3 MB stored; 1.6 s; peak memory 322 MiB.
2026-10-10T08:42:39Z INFO [406/1000] 6ce13eaa-f20c-4671-a2db-55df228584bb: 48 arrays, 83.9 MB stored; 1.4 s; peak memory 322 MiB.
2026-10-10T08:42:39Z INFO [407/1000] 6cd81c1e-adcd-4844-a9b4-1fb7f095efec: 48 arrays, 39974.2 MB stored; 18.6 s; peak memory 322 MiB.
2026-10-10T08:42:39Z INFO [408/1000] 6ce1c2da-a77e-4559-9fc4-fdbf2e3364d4: 48 arrays, 83.9 MB stored; 1.5 s; peak memory 322 MiB.
2026-10-10T08:42:39Z INFO [409/1000] 6cdf7775-f558-4d85-a47b-ae529f1d4e5b: 71 arrays, 135.2 MB stored; 2.1 s; peak memory 322 MiB.
2026-10-10T08:42:40Z INFO [410/1000] 6ce23cb9-b7ca-4081-b7d5-8f57079e4e1b: 48 arrays, 83.9 MB stored; 1.3 s; peak memory 322 MiB.
2026-10-10T08:42:40Z INFO [411/1000] 6ce24b2a-dd8c-4ef6-b8ed-7b2ba27cc726: 66 arrays, 1.0 MB stored; 1.4 s; peak memory 322 MiB.
2026-10-10T08:42:40Z INFO [412/1000] 6ce31656-c347-46b0-90f0-a78564fbc809: 118 arrays, 0.3 MB stored; 1.5 s; peak memory 322 MiB.
2026-10-10T08:42:40Z INFO [413/1000] 6ce3b1ff-0606-4293-aea0-af5927cb5d82: 48 arrays, 83.9 MB stored; 1.4 s; peak memory 322 MiB.
2026-10-10T08:42:41Z INFO [414/1000] 6ce3be33-6441-49e6-b8df-b9769c954dc2: 71 arrays, 66.6 MB stored; 2.0 s; peak memory 322 MiB.
2026-10-10T08:42:41Z INFO [415/1000] 6ce44aea-1d97-4d56-95eb-360685ccd94a: 48 arrays, 83.9 MB stored; 1.3 s; peak memory 322 MiB.
2026-10-10T08:42:42Z INFO [416/1000] 6ce4992d-cedc-4cea-b1f5-e11e9d32236f: 48 arrays, 83.9 MB stored; 1.4 s; peak memory 322 MiB.
2026-10-10T08:42:42Z INFO [417/1000] 6ce4bd0e-c35f-4122-9e6c-183401049c3c: 48 arrays, 83.9 MB stored; 1.3 s; peak memory 322 MiB.
2026-10-10T08:42:42Z INFO [418/1000] 6ce4a765-decd-4cd5-bb03-1d7f4410ec4a: 117 arrays, 0.3 MB stored; 1.4 s; peak memory 322 MiB.
2026-10-10T08:42:43Z INFO [419/1000] 6ce54853-f014-4068-9cb7-1c8a4ac92fb0: 45 arrays, 0.0 MB stored; 1.2 s; peak memory 322 MiB.
2026-10-10T08:42:43Z INFO [420/1000] 6ce4f678-cfdb-46e2-84af-421516aca104: 48 arrays, 83.9 MB stored; 1.4 s; peak memory 322 MiB.
2026-10-10T08:42:43Z INFO [421/1000] 6ce4db3f-5f1b-400d-a396-230f1cf3a192: 119 arrays, 66.4 MB stored; 2.2 s; peak memory 322 MiB.
2026-10-10T08:42:44Z INFO [422/1000] 6ce6115e-bced-4e8b-a67c-0852b66812d4: 71 arrays, 73.4 MB stored; 1.5 s; peak memory 322 MiB.
2026-10-10T08:42:45Z INFO [423/1000] 6ce68233-4e28-4001-9ea7-bad1beb4e0c3: 66 arrays, 140.5 MB stored; 1.9 s; peak memory 322 MiB.
2026-10-10T08:42:46Z INFO [424/1000] 6ce7fa80-ef80-4ecd-93b1-6fb44ac3c7d0: 52 arrays, 272.7 MB stored; 1.4 s; peak memory 322 MiB.
2026-10-10T08:42:47Z INFO [425/1000] 6ce8b608-846d-4415-9463-4ce685680a73: 117 arrays, 0.3 MB stored; 1.2 s; peak memory 322 MiB.
2026-10-10T08:42:48Z INFO [426/1000] 6ce94adc-f926-4c09-bb0d-e25251d52120: 45 arrays, 0.0 MB stored; 1.0 s; peak memory 322 MiB.
2026-10-10T08:42:49Z INFO [427/1000] 6ce7ab65-9382-4aaa-8736-a8040ab345f7: 257 arrays, 104.1 MB stored; 5.8 s; peak memory 322 MiB.
2026-10-10T08:42:49Z INFO [428/1000] 6ce8abcd-b4ca-4103-8534-67b82735c48f: 287 arrays, 21.5 MB stored; 4.1 s; peak memory 322 MiB.
2026-10-10T08:42:50Z INFO [429/1000] 6ce9afb1-afe3-4427-b80b-4a9240d58148: 112 arrays, 0.7 MB stored; 1.5 s; peak memory 322 MiB.
2026-10-10T08:42:50Z INFO [430/1000] 6cdd304b-6529-4230-9683-e6eae3a7928e: 48 arrays, 43379.9 MB stored; 18.3 s; peak memory 322 MiB.
2026-10-10T08:42:50Z INFO [431/1000] 6ce9b21b-fe55-4c87-8225-56088f28d1e8: 48 arrays, 83.9 MB stored; 1.2 s; peak memory 322 MiB.
2026-10-10T08:42:51Z INFO [432/1000] 6ce4ed85-d712-421d-8c42-7eda9009e063: 800 arrays, 19.2 MB stored; 9.3 s; peak memory 322 MiB.
2026-10-10T08:42:51Z INFO [433/1000] 6cea8db7-bcf2-4b50-a965-0f88ce03c2a3: 112 arrays, 0.4 MB stored; 1.6 s; peak memory 322 MiB.
2026-10-10T08:42:51Z INFO [434/1000] 6cb675f3-6a6b-40fd-ac27-acc85b3d2dd0: 449 arrays, 23737.3 MB stored; 105.7 s; peak memory 322 MiB.
2026-10-10T08:42:52Z INFO [435/1000] 6ceaddf9-0a5b-411e-86e8-3d211e853128: 112 arrays, 0.7 MB stored; 1.7 s; peak memory 322 MiB.
2026-10-10T08:42:52Z INFO [436/1000] 6ceb4891-1235-4f2b-9c5d-2e35f01cff12: 71 arrays, 39.9 MB stored; 2.1 s; peak memory 322 MiB.
2026-10-10T08:42:52Z INFO [437/1000] 6cec29bd-875d-468b-9b3e-e462a6c31b83: 48 arrays, 83.9 MB stored; 1.2 s; peak memory 322 MiB.
2026-10-10T08:42:52Z INFO [438/1000] 6cecad26-1325-43d1-b048-6b1ce1666bf9: 57 arrays, 0.0 MB stored; 1.2 s; peak memory 322 MiB.
2026-10-10T08:42:53Z INFO [439/1000] 6cece0a5-4893-46d8-89c7-6402b797e210: 118 arrays, 0.3 MB stored; 1.4 s; peak memory 322 MiB.
2026-10-10T08:42:54Z INFO [440/1000] 6cea597f-e4b1-4775-8929-00486a94feb5: 200 arrays, 194.6 MB stored; 4.4 s; peak memory 322 MiB.
2026-10-10T08:42:54Z INFO [441/1000] 6cedd657-f03a-411d-bb73-17e35110f460: 48 arrays, 83.9 MB stored; 1.4 s; peak memory 322 MiB.
2026-10-10T08:42:54Z INFO [442/1000] 6cebbc62-49cb-4cba-92c1-90b25640baae: 53 arrays, 133.3 MB stored; 3.1 s; peak memory 322 MiB.
2026-10-10T08:42:54Z INFO [443/1000] 6ceed0a9-20b2-4840-a2ff-35de45905277: 45 arrays, 0.0 MB stored; 1.0 s; peak memory 322 MiB.
2026-10-10T08:42:55Z INFO [444/1000] 6cef4f5a-71fc-4201-aa03-1c2948eb8c4d: 48 arrays, 83.9 MB stored; 1.3 s; peak memory 322 MiB.
2026-10-10T08:42:55Z INFO [445/1000] 6ced9ab2-497b-4e75-99a7-52894221dcee: 115 arrays, 190.1 MB stored; 2.7 s; peak memory 322 MiB.
2026-10-10T08:42:55Z INFO [446/1000] 6cefb374-ce39-4028-a7cd-8ad4bbbc9f38: 48 arrays, 83.9 MB stored; 1.3 s; peak memory 322 MiB.
2026-10-10T08:42:55Z INFO [447/1000] 6cef9f40-06c5-4531-b648-8155a9e5afb0: 48 arrays, 83.9 MB stored; 1.5 s; peak memory 322 MiB.
2026-10-10T08:42:56Z INFO [448/1000] 6cf045b7-680e-4bc7-bb7d-fab42a3473df: 48 arrays, 83.9 MB stored; 1.3 s; peak memory 322 MiB.
2026-10-10T08:42:56Z INFO [449/1000] 6cf00f1b-4cf1-4321-8b83-2151e6482425: 68 arrays, 94.9 MB stored; 2.0 s; peak memory 322 MiB.
2026-10-10T08:42:57Z INFO [450/1000] 6cf0bc53-e2fa-4a22-9140-4f7be5067811: 62 arrays, 3740.4 MB stored; 1.7 s; peak memory 322 MiB.
2026-10-10T08:42:57Z INFO [451/1000] 6cf11af7-3f6a-46cb-8b52-154375d1c398: 43 arrays, 468.8 MB stored; 1.6 s; peak memory 322 MiB.
2026-10-10T08:42:57Z INFO [452/1000] 6cf1667f-218d-4ca6-8a7a-2e6dc0ad1b7d: 112 arrays, 0.5 MB stored; 1.7 s; peak memory 322 MiB.
2026-10-10T08:42:57Z INFO [453/1000] 6cf21a67-1e02-4eee-977d-9c51c4cb49f5: 52 arrays, 12.0 MB stored; 1.2 s; peak memory 322 MiB.
2026-10-10T08:42:58Z INFO [454/1000] 6cf1d599-c6fa-43d9-95dc-fc841469da4e: 48 arrays, 83.9 MB stored; 1.3 s; peak memory 322 MiB.
2026-10-10T08:42:58Z INFO [455/1000] 6cf242d9-1efa-40d8-bc05-b5e62ef4eb79: 63 arrays, 0.1 MB stored; 1.5 s; peak memory 322 MiB.
2026-10-10T08:42:58Z INFO [456/1000] 6cf23b83-8b03-4786-8636-d072556e7da2: 48 arrays, 83.9 MB stored; 1.6 s; peak memory 322 MiB.
2026-10-10T08:42:59Z INFO [457/1000] 6cf2f57a-c040-435d-ae41-73832c336c28: 117 arrays, 23.1 MB stored; 2.0 s; peak memory 322 MiB.
2026-10-10T08:43:00Z INFO [458/1000] 6cf602d0-598f-4018-beac-3a4a2d8c37e0: 112 arrays, 0.7 MB stored; 1.5 s; peak memory 322 MiB.
2026-10-10T08:43:00Z INFO [459/1000] 6cf4dbe3-bca7-4451-95af-d48f15d8d601: 112 arrays, 1.1 MB stored; 1.8 s; peak memory 322 MiB.
2026-10-10T08:43:01Z INFO [460/1000] 6cf65ce5-8820-4778-99c9-d59a84175baf: 72 arrays, 25.1 MB stored; 1.2 s; peak memory 322 MiB.
2026-10-10T08:43:01Z INFO [461/1000] 6cf6cdae-3701-4648-8a17-7e27ef32731e: 48 arrays, 83.9 MB stored; 1.1 s; peak memory 322 MiB.
2026-10-10T08:43:02Z INFO [462/1000] 6cf4ad82-63a3-479d-8d05-4131b2d90a55: 231 arrays, 77.8 MB stored; 4.6 s; peak memory 322 MiB.
2026-10-10T08:43:03Z INFO [463/1000] 6cf7b1a6-8b88-4986-8938-c70d7aff6fa9: 117 arrays, 0.5 MB stored; 1.5 s; peak memory 322 MiB.
2026-10-10T08:43:03Z INFO [464/1000] 6cf8fdee-f28f-42be-8fb0-f6ed49775bf5: 112 arrays, 0.9 MB stored; 1.7 s; peak memory 322 MiB.
2026-10-10T08:43:03Z INFO [465/1000] 6cf93f66-9b26-4051-b574-255ca93f6daa: 46 arrays, 0.7 MB stored; 1.2 s; peak memory 322 MiB.
2026-10-10T08:43:04Z INFO [466/1000] 6cf997f7-d7e3-492b-806b-094dd10fdc56: 46 arrays, 0.2 MB stored; 1.2 s; peak memory 322 MiB.
2026-10-10T08:43:05Z INFO [467/1000] 6cf9991a-f146-4ba6-8437-92f8572b4b94: 69 arrays, 61.2 MB stored; 1.7 s; peak memory 322 MiB.
2026-10-10T08:43:05Z INFO [468/1000] 6cfad20b-af16-4f91-888e-52229596516a: 112 arrays, 0.5 MB stored; 1.6 s; peak memory 322 MiB.
2026-10-10T08:43:05Z INFO [469/1000] 6cfb238d-dd77-4c91-a5c9-adc3707b00ac: 42 arrays, 31.3 MB stored; 1.3 s; peak memory 322 MiB.
2026-10-10T08:43:07Z INFO [470/1000] 6cfb49d9-3015-4ce5-98b5-7d599d213c2f: 60 arrays, 13702.9 MB stored; 1.6 s; peak memory 322 MiB.
2026-10-10T08:43:08Z INFO [471/1000] 6cfc4de1-ff8a-4da6-bf62-8d51512acffd: 56 arrays, 0.0 MB stored; 1.1 s; peak memory 322 MiB.
2026-10-10T08:43:08Z INFO [472/1000] 6c7900c0-b9dc-47e7-8186-a754087bb420: 283 arrays, 46451.4 MB stored; 239.7 s; peak memory 322 MiB.
2026-10-10T08:43:10Z INFO [473/1000] 6cfca64b-daab-410e-8553-0dc707d60fe2: 112 arrays, 0.7 MB stored; 1.6 s; peak memory 322 MiB.
2026-10-10T08:43:10Z INFO [474/1000] 6cfca3f0-d312-4b83-a1e5-45bcae8f864f: 123 arrays, 7.6 MB stored; 2.1 s; peak memory 322 MiB.
2026-10-10T08:43:11Z INFO [475/1000] 6cfb3f54-65f9-44c8-997b-265b8f39cdcf: 536 arrays, 8.5 MB stored; 5.8 s; peak memory 322 MiB.
2026-10-10T08:43:11Z INFO [476/1000] 6cfb3ed2-d17d-45b8-a8e1-4ac593e44540: 3431 arrays, 13.1 MB stored; 6.5 s; peak memory 322 MiB.
2026-10-10T08:43:11Z INFO [477/1000] 6cfdf651-2e0f-4470-9466-00fa7322babb: 117 arrays, 0.3 MB stored; 1.5 s; peak memory 322 MiB.
2026-10-10T08:43:11Z INFO [478/1000] 6cf41644-d8b4-4711-b9a3-62292250dc3c: 1660 arrays, 53.9 MB stored; 14.0 s; peak memory 322 MiB.
2026-10-10T08:43:13Z INFO [479/1000] 6cff0bd0-8ebc-4607-b819-348eed1ce4cb: 112 arrays, 0.5 MB stored; 1.6 s; peak memory 322 MiB.
2026-10-10T08:43:13Z INFO [480/1000] 6cff8216-47b2-4d2a-91a2-61d1d88e9b12: 117 arrays, 0.3 MB stored; 1.6 s; peak memory 322 MiB.
2026-10-10T08:43:14Z INFO [481/1000] 6cfcea5a-296d-4a39-9a69-ea16744c2e65: 538 arrays, 7.5 MB stored; 4.7 s; peak memory 322 MiB.
2026-10-10T08:43:16Z INFO [482/1000] 6d018577-3fa2-49ef-bb40-35cf4ab4c4a0: 66 arrays, 48.8 MB stored; 1.4 s; peak memory 322 MiB.
2026-10-10T08:43:17Z INFO [483/1000] 6d002c8e-3b7a-480c-98c8-32a8601659ae: 43 arrays, 92.6 MB stored; 4.7 s; peak memory 322 MiB.
2026-10-10T08:43:18Z INFO [484/1000] 6cfe6914-8b5c-4f6e-921f-b90079a5e87d: 556 arrays, 31.6 MB stored; 6.8 s; peak memory 322 MiB.
2026-10-10T08:43:19Z INFO [485/1000] 6d019436-68a8-49ca-a427-3f9b49cef4f5: 110 arrays, 0.3 MB stored; 1.3 s; peak memory 322 MiB.
2026-10-10T08:43:19Z INFO [486/1000] 6d018730-cd4d-4cb2-b10a-01c72372b946: 465 arrays, 6.7 MB stored; 3.0 s; peak memory 322 MiB.
2026-10-10T08:43:19Z INFO [487/1000] 6d01adb5-86a3-4922-afd8-badabb7bee89: 116 arrays, 0.4 MB stored; 1.5 s; peak memory 322 MiB.
2026-10-10T08:43:20Z INFO [488/1000] 6d01c7ac-b4cb-411f-a138-199d13ff0561: 52 arrays, 16.3 MB stored; 1.3 s; peak memory 322 MiB.
2026-10-10T08:43:21Z INFO [489/1000] 6d01e239-0c12-477c-a48f-106c02f0d315: 261 arrays, 17.1 MB stored; 1.6 s; peak memory 322 MiB.
2026-10-10T08:43:21Z INFO [490/1000] 6d01b610-daaf-442b-bbae-34c6fa7c3b8d: 156 arrays, 193.5 MB stored; 2.5 s; peak memory 322 MiB.
2026-10-10T08:43:22Z INFO [491/1000] 6d02266e-7b98-4136-ba9c-05a26ea5caa4: 110 arrays, 0.8 MB stored; 1.7 s; peak memory 322 MiB.
2026-10-10T08:43:23Z INFO [492/1000] 6d02c5a3-8464-41af-92a0-18e8e2221b33: 112 arrays, 0.7 MB stored; 1.6 s; peak memory 322 MiB.
2026-10-10T08:43:24Z INFO [493/1000] 6d02cea5-a8e4-4533-89ac-d90c575ab836: 110 arrays, 0.9 MB stored; 1.9 s; peak memory 322 MiB.
2026-10-10T08:43:24Z INFO [494/1000] 6d03e23a-5832-4b07-ad49-349cef678125: 79 arrays, 0.3 MB stored; 1.5 s; peak memory 322 MiB.
2026-10-10T08:43:27Z INFO [495/1000] 6d041567-2e28-48f3-ba30-05623ba94b04: 75 arrays, 57.6 MB stored; 2.3 s; peak memory 322 MiB.
2026-10-10T08:43:27Z INFO [496/1000] 6cf655f3-e6d8-439c-8c52-06ff288e9e95: 36 arrays, 1939.2 MB stored; 28.4 s; peak memory 322 MiB.
2026-10-10T08:43:28Z INFO [497/1000] 6d040958-2e1a-454f-8acd-81650bb6eec1: 484 arrays, 6.8 MB stored; 3.9 s; peak memory 322 MiB.
2026-10-10T08:43:28Z INFO [498/1000] 6d049c00-77b3-48c2-bd16-0d798bb107a7: 117 arrays, 0.3 MB stored; 1.3 s; peak memory 322 MiB.
2026-10-10T08:43:29Z INFO [499/1000] 6d058565-d934-499b-827d-3bd48531f970: 48 arrays, 83.9 MB stored; 1.2 s; peak memory 322 MiB.
2026-10-10T08:43:29Z INFO [500/1000] 6d05e0df-9053-4b3b-b5c8-9ecddc520cb3: 117 arrays, 0.4 MB stored; 1.6 s; peak memory 322 MiB.
2026-10-10T08:43:29Z INFO [501/1000] 6d05e74d-e535-4f3a-b2d0-2b4985c36a48: 112 arrays, 0.7 MB stored; 1.5 s; peak memory 322 MiB.
2026-10-10T08:43:30Z INFO [502/1000] 6d028f2f-369b-4ca1-a171-16db1218adc4: 11485 arrays, 137.0 MB stored; 9.7 s; peak memory 322 MiB.
2026-10-10T08:43:31Z INFO [503/1000] 6d06c8fd-b87d-456a-b3d9-abfb172abe8a: 33 arrays, 0.0 MB stored; 1.2 s; peak memory 322 MiB.
2026-10-10T08:43:31Z INFO [504/1000] 6d069f28-ed16-4a7c-8991-667fb46c4412: 117 arrays, 0.4 MB stored; 1.6 s; peak memory 322 MiB.
2026-10-10T08:43:32Z INFO [505/1000] 6d083676-c41a-406e-8bfe-111348e21d34: 112 arrays, 0.8 MB stored; 1.8 s; peak memory 322 MiB.
2026-10-10T08:43:32Z INFO [506/1000] 6d086b02-cad3-4c8d-acfa-cadae01acef9: 66 arrays, 18.7 MB stored; 1.8 s; peak memory 322 MiB.
2026-10-10T08:43:34Z INFO [507/1000] 6d091364-6ce0-4130-8845-06e75501e34e: 48 arrays, 83.9 MB stored; 1.3 s; peak memory 322 MiB.
2026-10-10T08:43:34Z INFO [508/1000] 6d08ea87-b009-422a-9375-56d6c5191526: 118 arrays, 0.3 MB stored; 1.5 s; peak memory 322 MiB.
2026-10-10T08:43:34Z INFO [509/1000] 6d0729b6-75d9-4edb-8f4e-b3f57d48e55e: 494 arrays, 6.1 MB stored; 3.7 s; peak memory 322 MiB.
2026-10-10T08:43:35Z INFO [510/1000] 6d0a2365-5e11-4230-a2df-030002eb5f54: 31 arrays, 0.0 MB stored; 1.1 s; peak memory 322 MiB.
2026-10-10T08:43:35Z INFO [511/1000] 6d09ae35-40c1-4197-9ac0-0ad6074276ea: 41 arrays, 8.4 MB stored; 1.4 s; peak memory 322 MiB.
2026-10-10T08:43:35Z INFO [512/1000] 6d0a325e-531a-45a2-9187-7b36aa63c896: 117 arrays, 0.3 MB stored; 1.4 s; peak memory 322 MiB.
2026-10-10T08:43:36Z INFO [513/1000] 6d0bc892-f132-4a3b-803b-efde2e320160: 114 arrays, 0.1 MB stored; 1.3 s; peak memory 322 MiB.
2026-10-10T08:43:37Z INFO [514/1000] 6d06967c-50d5-4005-9f54-7f628cee1fde: 870 arrays, 27.2 MB stored; 8.1 s; peak memory 322 MiB.
2026-10-10T08:43:37Z INFO [515/1000] 6d0c57b7-621d-4e29-87df-30da27d2eb5b: 112 arrays, 0.6 MB stored; 1.7 s; peak memory 322 MiB.
2026-10-10T08:43:38Z INFO [516/1000] 6d0ceb32-127f-4717-994b-177a2730a219: 118 arrays, 0.2 MB stored; 1.3 s; peak memory 322 MiB.
2026-10-10T08:43:38Z INFO [517/1000] 6d0cca8b-8180-46f8-9bd5-ea24997e7908: 71 arrays, 157.7 MB stored; 2.2 s; peak memory 322 MiB.
2026-10-10T08:43:38Z INFO [518/1000] 6d0d156f-5ef3-4002-943c-ce63b457e45f: 117 arrays, 0.2 MB stored; 1.4 s; peak memory 322 MiB.
2026-10-10T08:43:39Z INFO [519/1000] 6d0d2f42-a275-4b74-a659-ed69fd100b80: 71 arrays, 4.0 MB stored; 2.0 s; peak memory 322 MiB.
2026-10-10T08:43:39Z INFO [520/1000] 6d0da46f-8710-4936-97b7-aa4c0e3b1cd3: 48 arrays, 83.9 MB stored; 1.2 s; peak memory 322 MiB.
2026-10-10T08:43:39Z INFO [521/1000] 6d0dbdef-5010-465a-8cba-0613d3216c3a: 58 arrays, 0.0 MB stored; 1.1 s; peak memory 322 MiB.
2026-10-10T08:43:40Z INFO [522/1000] 6d0ecdc2-7d8e-4c60-b258-d4d692a8bf0f: 48 arrays, 83.9 MB stored; 1.3 s; peak memory 322 MiB.
2026-10-10T08:43:41Z INFO [523/1000] 6d0ef552-dd1f-4d8c-955a-befd1e3521db: 78 arrays, 0.2 MB stored; 1.4 s; peak memory 322 MiB.
2026-10-10T08:43:41Z INFO [524/1000] 6d0ef476-299a-4a85-824d-da95ce2676a8: 289 arrays, 17.2 MB stored; 1.7 s; peak memory 322 MiB.
2026-10-10T08:43:41Z INFO [525/1000] 6d0d6d75-72af-448e-81bc-c8f0fb14dd2a: 156 arrays, 193.6 MB stored; 2.9 s; peak memory 322 MiB.
2026-10-10T08:43:42Z INFO [526/1000] 6d0fe415-d8bf-46c0-83c6-abdc375f955a: 59 arrays, 100.1 MB stored; 1.5 s; peak memory 322 MiB.
2026-10-10T08:43:42Z INFO [527/1000] 6d100ffc-133b-4d84-9b9c-87ed42317b21: 64 arrays, 22.6 MB stored; 1.9 s; peak memory 322 MiB.
2026-10-10T08:43:42Z INFO [528/1000] 6d0f9192-d4ae-4c39-a94a-3ab3fd32cd58: 93 arrays, 128.5 MB stored; 2.4 s; peak memory 322 MiB.
2026-10-10T08:43:43Z INFO [529/1000] 6d103323-b3b0-44b2-a4b4-c270aa593977: 144 arrays, 1.0 MB stored; 2.2 s; peak memory 322 MiB.
2026-10-10T08:43:44Z INFO [530/1000] 6d106098-dbba-42d7-90d5-8d4a0ab9a2ef: 71 arrays, 2.6 MB stored; 1.7 s; peak memory 322 MiB.
2026-10-10T08:43:44Z INFO [531/1000] 6d108a10-6989-42a5-bc9f-fbfae14a2279: 51 arrays, 3260.6 MB stored; 1.4 s; peak memory 322 MiB.
2026-10-10T08:43:45Z INFO [532/1000] 6d10aa78-07c2-4e93-99ad-e40bdaaea300: 71 arrays, 86.6 MB stored; 2.1 s; peak memory 322 MiB.
2026-10-10T08:43:46Z INFO [533/1000] 6d12bdd6-5b14-4259-946e-6597af121d71: 112 arrays, 0.7 MB stored; 1.7 s; peak memory 322 MiB.
2026-10-10T08:43:46Z INFO [534/1000] 6d1302f1-a4fa-4ad9-bef4-bff3a5a667eb: 48 arrays, 83.9 MB stored; 1.3 s; peak memory 322 MiB.
2026-10-10T08:43:47Z INFO [535/1000] 6d133dcb-39ba-4533-abf3-d12878946f00: 52 arrays, 14.1 MB stored; 1.2 s; peak memory 322 MiB.
2026-10-10T08:43:47Z INFO [536/1000] 6d1075e5-3db9-4030-93dd-864b8d045744: 200 arrays, 253.2 MB stored; 4.9 s; peak memory 322 MiB.
2026-10-10T08:43:48Z INFO [537/1000] 6d13afb5-4233-4117-893b-45a9b280085e: 69 arrays, 84.0 MB stored; 1.9 s; peak memory 322 MiB.
2026-10-10T08:43:48Z INFO [538/1000] 6d145b23-2c2f-430e-b31f-efc85767bf18: 84 arrays, 1.5 MB stored; 1.7 s; peak memory 322 MiB.
2026-10-10T08:43:49Z INFO [539/1000] 6d146929-5097-44a8-9b43-4ebfcb729800: 44 arrays, 37.8 MB stored; 1.2 s; peak memory 322 MiB.
2026-10-10T08:43:50Z INFO [540/1000] 6d150a6a-cc9c-422c-b4b5-adf3ca81ed7c: 52 arrays, 11.8 MB stored; 1.2 s; peak memory 322 MiB.
2026-10-10T08:43:50Z INFO [541/1000] 6d14774c-36eb-489b-a9db-882845887643: 112 arrays, 0.5 MB stored; 1.5 s; peak memory 322 MiB.
2026-10-10T08:43:50Z INFO [542/1000] 6d151332-9393-4051-94ff-0deb585c848d: 110 arrays, 1.3 MB stored; 1.6 s; peak memory 322 MiB.
2026-10-10T08:43:51Z INFO [543/1000] 6d156312-cc0b-4947-8aff-00f6cb321299: 117 arrays, 0.4 MB stored; 1.4 s; peak memory 322 MiB.
2026-10-10T08:43:51Z INFO [544/1000] 6d15f984-957b-4dd3-8fe1-0a26515d3500: 58 arrays, 0.0 MB stored; 1.0 s; peak memory 322 MiB.
2026-10-10T08:43:51Z INFO [545/1000] 6d15984b-878b-45fd-8766-0b8e766735b2: 117 arrays, 0.4 MB stored; 1.5 s; peak memory 322 MiB.
2026-10-10T08:43:53Z INFO [546/1000] 6d164efd-7ee6-40cb-be2c-e5d08e698b69: 117 arrays, 0.7 MB stored; 1.7 s; peak memory 322 MiB.
2026-10-10T08:43:54Z INFO [547/1000] 6d164d80-1596-4a32-8333-f515f1a56002: 90 arrays, 156.1 MB stored; 2.6 s; peak memory 322 MiB.
2026-10-10T08:43:54Z INFO [548/1000] 6d161345-a82a-481e-92e5-f69dee46a2c1: 156 arrays, 193.4 MB stored; 2.9 s; peak memory 322 MiB.
2026-10-10T08:43:55Z INFO [549/1000] 6d175f4a-c93c-4c9d-a417-5e0950502115: 95 arrays, 13.3 MB stored; 1.8 s; peak memory 322 MiB.
2026-10-10T08:43:56Z INFO [550/1000] 6d189dc7-aa29-4e40-a190-08435a8e4aa3: 118 arrays, 0.3 MB stored; 1.3 s; peak memory 322 MiB.
2026-10-10T08:43:57Z INFO [551/1000] 6d18a420-7e1b-43f1-bb1a-3f790384fbef: 112 arrays, 0.4 MB stored; 1.5 s; peak memory 322 MiB.
2026-10-10T08:43:59Z INFO [552/1000] 6d18af04-a092-4e8f-b138-ffa979170041: 60 arrays, 76.3 MB stored; 1.3 s; peak memory 322 MiB.
2026-10-10T08:43:59Z INFO [553/1000] 6d1886c1-8860-433f-bdcd-23bacfa0ef5c: 223 arrays, 384.8 MB stored; 5.1 s; peak memory 322 MiB.
2026-10-10T08:44:00Z INFO [554/1000] 6d19d83f-b5a3-4180-aaf6-e7d945e4b573: 74 arrays, 2.4 MB stored; 1.6 s; peak memory 322 MiB.
2026-10-10T08:44:02Z INFO [555/1000] 6d19ed0d-86e5-4a6e-91c7-91cb40d60cff: 156 arrays, 193.4 MB stored; 2.8 s; peak memory 322 MiB.
2026-10-10T08:44:06Z INFO [556/1000] 6cff1576-2914-4472-8e88-2ecfa089507d: 128 arrays, 3809.5 MB stored; 54.6 s; peak memory 322 MiB.
2026-10-10T08:44:07Z INFO [557/1000] 6d1acf50-edff-40d9-8d0d-6cb7c34760db: 48 arrays, 83.9 MB stored; 1.2 s; peak memory 322 MiB.
2026-10-10T08:44:09Z INFO [558/1000] 6d1b0ce8-4599-4b72-bf67-6eb66249a337: 71 arrays, 40.3 MB stored; 1.7 s; peak memory 322 MiB.
2026-10-10T08:44:10Z INFO [559/1000] 6d1b2dcd-c458-492b-8d76-8586434d5c49: 46 arrays, 0.4 MB stored; 1.1 s; peak memory 322 MiB.
2026-10-10T08:44:12Z INFO [560/1000] 6d1bfd9c-9bd5-4797-8a12-5fa817be3888: 157 arrays, 295.6 MB stored; 2.4 s; peak memory 322 MiB.
2026-10-10T08:44:13Z INFO [561/1000] 6d1d1729-bc59-45a3-880b-29f6cf3bcf83: 46 arrays, 0.0 MB stored; 0.9 s; peak memory 322 MiB.
2026-10-10T08:44:15Z INFO [562/1000] 6d1d3d3e-475e-4938-8aa0-d08dc2b9b8bf: 115 arrays, 0.4 MB stored; 1.7 s; peak memory 322 MiB.
2026-10-10T08:44:16Z INFO [563/1000] 6d1d5b31-3961-414e-8f80-23a00ce7baff: 64 arrays, 10.5 MB stored; 1.3 s; peak memory 322 MiB.
2026-10-10T08:44:18Z INFO [564/1000] 6d1dacaa-acae-43c7-b69a-479b5de588b2: 112 arrays, 0.7 MB stored; 1.4 s; peak memory 322 MiB.
2026-10-10T08:44:19Z INFO [565/1000] 6d1dfec0-974f-4ffb-b288-2231a1bd9c2b: 52 arrays, 20.7 MB stored; 1.3 s; peak memory 322 MiB.
2026-10-10T08:44:21Z INFO [566/1000] 6ced1f98-3cda-41cf-9637-cd41a7ab47a6: 394 arrays, 31575.9 MB stored; 88.2 s; peak memory 322 MiB.
2026-10-10T08:44:22Z INFO [567/1000] 6d1f9fd1-bab3-45e1-b609-f6683cc75a47: 66 arrays, 94.7 MB stored; 1.6 s; peak memory 322 MiB.
2026-10-10T08:44:24Z INFO [568/1000] 6d2069e8-c590-4ddd-b861-fe1dab52bf31: 146 arrays, 0.0 MB stored; 1.3 s; peak memory 322 MiB.
2026-10-10T08:44:25Z INFO [569/1000] 6d210523-37fe-4147-9059-f04aa4bc1565: 48 arrays, 83.9 MB stored; 1.2 s; peak memory 322 MiB.
2026-10-10T08:44:26Z INFO [570/1000] 6d211a63-7f4c-4ee5-83ee-54fab84e25b9: 47 arrays, 0.7 MB stored; 1.1 s; peak memory 322 MiB.
2026-10-10T08:44:27Z INFO [571/1000] 6d2128fc-1e53-4966-ba4c-7d1689a0e83b: 69 arrays, 32.4 MB stored; 1.5 s; peak memory 322 MiB.
2026-10-10T08:44:29Z INFO [572/1000] 6d1f7abd-24a5-434d-a90a-71f606c49fb3: 1391 arrays, 27.4 MB stored; 9.8 s; peak memory 322 MiB.
2026-10-10T08:44:29Z INFO [573/1000] 6d2276db-d0c2-4d27-8f8d-b2b91cbdfad8: 71 arrays, 127.2 MB stored; 1.8 s; peak memory 322 MiB.
2026-10-10T08:44:30Z INFO [574/1000] 6d236d17-970c-42f1-a699-2cae2838532d: 48 arrays, 83.9 MB stored; 1.1 s; peak memory 322 MiB.
2026-10-10T08:44:32Z INFO [575/1000] 6d23a89a-d092-4602-9c9f-f3977abff02b: 118 arrays, 0.2 MB stored; 1.3 s; peak memory 322 MiB.
2026-10-10T08:44:33Z INFO [576/1000] 6d23e393-b073-4ab3-ab96-1979a807c7a7: 51 arrays, 4052.4 MB stored; 1.5 s; peak memory 322 MiB.
2026-10-10T08:44:35Z INFO [577/1000] 6d2421e0-2ecd-4fed-ab7b-80cf22f91583: 118 arrays, 0.4 MB stored; 1.6 s; peak memory 322 MiB.
2026-10-10T08:44:55Z INFO [578/1000] 6d242728-8589-43e1-9a95-95a0da778320: 48 arrays, 38623.7 MB stored; 20.2 s; peak memory 322 MiB.
2026-10-10T08:44:57Z INFO [579/1000] 6d2614f3-6e89-43b8-b7cc-3ad911ba47c5: 124 arrays, 0.8 MB stored; 1.8 s; peak memory 322 MiB.
2026-10-10T08:44:58Z INFO [580/1000] 6d263b98-6453-4029-a0a2-8d99f8e282f7: 116 arrays, 0.3 MB stored; 1.3 s; peak memory 322 MiB.
2026-10-10T08:45:00Z INFO [581/1000] 6d2658c1-6231-48fb-8c0e-2c992a5bfcb9: 70 arrays, 22.3 MB stored; 1.7 s; peak memory 322 MiB.
2026-10-10T08:45:02Z INFO [582/1000] 6d26d7bc-cc32-4122-b18b-33eaae4472e7: 66 arrays, 260.4 MB stored; 2.2 s; peak memory 322 MiB.
2026-10-10T08:45:15Z INFO [583/1000] 6d1a1c4e-9fc5-41bd-8f9a-c63911ed1c28: 135 arrays, 5320.5 MB stored; 72.8 s; peak memory 322 MiB.
2026-10-10T08:45:17Z INFO [584/1000] 6d1252be-e119-4917-afd9-18d0e0367771: 269 arrays, 21040.3 MB stored; 93.5 s; peak memory 322 MiB.
2026-10-10T08:45:18Z INFO [585/1000] 6d2743fc-5bb3-4cf7-a323-ca7b6cc6a008: 155 arrays, 12.8 MB stored; 3.0 s; peak memory 322 MiB.
2026-10-10T08:45:19Z INFO [586/1000] 6d275098-271d-45d4-af70-1c9dbc008baf: 112 arrays, 0.7 MB stored; 1.5 s; peak memory 322 MiB.
2026-10-10T08:45:19Z INFO [587/1000] 6d2750bb-ad82-4d27-b23a-25d0981c9c1b: 48 arrays, 83.9 MB stored; 1.1 s; peak memory 322 MiB.
2026-10-10T08:45:20Z INFO [588/1000] 6d27d1e8-8ade-422e-a596-86900459dc4f: 112 arrays, 0.5 MB stored; 1.5 s; peak memory 322 MiB.
2026-10-10T08:45:23Z INFO [589/1000] 6d2858e3-d6f0-4d37-9534-212f1a2d4597: 229 arrays, 247.1 MB stored; 3.8 s; peak memory 322 MiB.
2026-10-10T08:45:24Z INFO [590/1000] 6d29f155-085e-42e7-b769-4cab35f3a752: 48 arrays, 83.9 MB stored; 1.1 s; peak memory 322 MiB.
2026-10-10T08:45:31Z INFO [591/1000] 6d1a0bd1-7145-4d10-a311-39327b40dce8: 241 arrays, 19746.6 MB stored; 90.2 s; peak memory 322 MiB.
2026-10-10T08:45:32Z INFO [592/1000] 6d2a1816-3267-4f77-9925-47afbfbe3053: 99 arrays, 0.3 MB stored; 1.2 s; peak memory 322 MiB.
2026-10-10T08:45:33Z INFO [593/1000] 6d2a3ac9-c060-4a08-ae94-f6b444d04149: 109 arrays, 0.9 MB stored; 1.6 s; peak memory 322 MiB.
2026-10-10T08:45:35Z INFO [594/1000] 6d2a63d8-0ef4-42b4-94a7-5c27dbdda077: 48 arrays, 83.9 MB stored; 1.2 s; peak memory 322 MiB.
2026-10-10T08:45:41Z INFO [595/1000] 6d27141e-013c-4fe7-848d-b96b42e84d10: 52 arrays, 2450.5 MB stored; 38.8 s; peak memory 322 MiB.
2026-10-10T08:45:41Z INFO [596/1000] 6d17c8cf-843b-4eb9-a918-21aebbe20313: 414 arrays, 19715.4 MB stored; 107.3 s; peak memory 322 MiB.
2026-10-10T08:45:42Z INFO [597/1000] 6d2bfb77-d77f-4119-8416-ae4119ff4989: 112 arrays, 0.8 MB stored; 1.5 s; peak memory 322 MiB.
2026-10-10T08:45:42Z INFO [598/1000] 6d2c585c-bd65-4b15-9f1f-1bcd76154db4: 116 arrays, 9.7 MB stored; 1.3 s; peak memory 322 MiB.
2026-10-10T08:45:43Z INFO [599/1000] 6d2ae9e2-071a-4d7d-ba24-bfaa2b5f31ea: 446 arrays, 19.8 MB stored; 8.0 s; peak memory 322 MiB.
2026-10-10T08:45:44Z INFO [600/1000] 6d2ce926-42e4-48bc-9063-ca357e6342c1: 49 arrays, 1.4 MB stored; 1.4 s; peak memory 322 MiB.
2026-10-10T08:45:45Z INFO [600/1000] 6d2ce926-42e4-48bc-9063-ca357e6342c1: checkpointed 600 new records.
2026-10-10T08:45:45Z INFO [601/1000] 6d2d73d1-94f4-4d01-ba24-23977615da1b: 48 arrays, 83.9 MB stored; 1.3 s; peak memory 415 MiB.
2026-10-10T08:45:45Z INFO [602/1000] 6d2d0d20-d423-4bc4-857a-5db32520fdd1: 66 arrays, 68.2 MB stored; 1.8 s; peak memory 415 MiB.
2026-10-10T08:45:46Z INFO [603/1000] 6d2e3dc8-4cff-45fe-b39b-b34035f72567: 48 arrays, 83.9 MB stored; 1.4 s; peak memory 415 MiB.
2026-10-10T08:45:47Z INFO [604/1000] 6d2e8f07-b2c9-4dfa-b45a-1d4712fabf46: 110 arrays, 0.6 MB stored; 1.4 s; peak memory 415 MiB.
2026-10-10T08:45:48Z INFO [605/1000] 6d2f5cfc-86d7-4f73-a982-e21d83f42332: 66 arrays, 93.6 MB stored; 1.5 s; peak memory 415 MiB.
2026-10-10T08:45:49Z INFO [606/1000] 6d2e14a9-1309-43ce-bb95-3f288283668b: 168 arrays, 63.1 MB stored; 4.9 s; peak memory 415 MiB.
2026-10-10T08:45:50Z INFO [607/1000] 6d2f6754-fb99-439e-9715-087f5a1ea2ff: 116 arrays, 0.3 MB stored; 1.3 s; peak memory 415 MiB.
2026-10-10T08:45:50Z INFO [608/1000] 6d2fb54a-a85b-4f86-b0dd-79fb4913bcac: 117 arrays, 0.3 MB stored; 1.4 s; peak memory 415 MiB.
2026-10-10T08:45:51Z INFO [609/1000] 6d2fd2b6-4375-493b-a0d6-1885a592ab81: 54 arrays, 0.0 MB stored; 1.2 s; peak memory 415 MiB.
2026-10-10T08:45:51Z INFO [610/1000] 6d2a1658-dc32-4638-847f-130e826bce7c: 5327 arrays, 107.1 MB stored; 27.6 s; peak memory 415 MiB.
2026-10-10T08:45:52Z INFO [611/1000] 6d303be1-6650-4d88-9284-456c986ec11a: 48 arrays, 83.9 MB stored; 1.3 s; peak memory 415 MiB.
2026-10-10T08:45:52Z INFO [612/1000] 6d30ca6e-abe0-4695-a4e1-dfef9ee07a27: 62 arrays, 3987.5 MB stored; 1.5 s; peak memory 415 MiB.
2026-10-10T08:45:53Z INFO [613/1000] 6d30cbd5-0a11-4dcc-bcfd-0acbc2a3c6e5: 48 arrays, 83.9 MB stored; 1.3 s; peak memory 415 MiB.
2026-10-10T08:45:53Z INFO [614/1000] 6d310ab8-2e00-4a7b-8832-c58e6e7d0b6f: 52 arrays, 10.4 MB stored; 1.4 s; peak memory 415 MiB.
2026-10-10T08:45:53Z INFO [615/1000] 6d2df180-5c88-46dd-ba7c-d31fcd5c35cf: 1317 arrays, 17.5 MB stored; 9.9 s; peak memory 415 MiB.
2026-10-10T08:45:54Z INFO [616/1000] 6d320cf6-e0a2-4906-94c4-a4b4dc64eb31: 110 arrays, 0.5 MB stored; 1.5 s; peak memory 415 MiB.
2026-10-10T08:45:55Z INFO [617/1000] 6d318b13-4c73-4bcd-bf61-73ff83e377b2: 155 arrays, 1.2 MB stored; 2.4 s; peak memory 415 MiB.
2026-10-10T08:45:56Z INFO [618/1000] 6d334085-0698-4501-a382-be254d3dfdee: 72 arrays, 2.0 MB stored; 1.7 s; peak memory 415 MiB.
2026-10-10T08:45:56Z INFO [619/1000] 6d3341a6-6b99-4369-b66a-4d70b3d51075: 48 arrays, 83.9 MB stored; 1.2 s; peak memory 415 MiB.
2026-10-10T08:45:57Z INFO [620/1000] 6d320e99-57c4-46d0-90c8-07cfa889e1c2: 1430 arrays, 7.8 MB stored; 3.9 s; peak memory 415 MiB.
2026-10-10T08:45:58Z INFO [621/1000] 6d349a5e-31d8-4598-93dc-7502fe593313: 116 arrays, 0.3 MB stored; 1.4 s; peak memory 415 MiB.
2026-10-10T08:45:59Z INFO [622/1000] 6d36771d-9b3d-458e-abd6-ac1eb17b2334: 58 arrays, 0.0 MB stored; 1.2 s; peak memory 415 MiB.
2026-10-10T08:45:59Z INFO [623/1000] 6d366509-74e6-44ff-b39a-63bc9ab958ba: 70 arrays, 5161.8 MB stored; 2.4 s; peak memory 415 MiB.
2026-10-10T08:45:59Z INFO [624/1000] 6d36d733-c8c7-421f-89b7-ccd0779f4c4d: 66 arrays, 66.0 MB stored; 1.6 s; peak memory 415 MiB.
2026-10-10T08:45:59Z INFO [625/1000] 6d317086-f986-4714-9d2f-a59f7319cb46: 837 arrays, 23.3 MB stored; 6.7 s; peak memory 415 MiB.
2026-10-10T08:46:00Z INFO [626/1000] 6d3806dd-c063-4d0a-9542-1dea3c09e4ef: 66 arrays, 18.3 MB stored; 1.8 s; peak memory 415 MiB.
2026-10-10T08:46:00Z INFO [627/1000] 6d39be01-e73d-4f20-b2a6-2a931e74694e: 54 arrays, 0.0 MB stored; 1.2 s; peak memory 415 MiB.
2026-10-10T08:46:01Z INFO [628/1000] 6d39a0db-4e7f-450e-808a-e26a2e0f0608: 170 arrays, 0.7 MB stored; 1.7 s; peak memory 415 MiB.
2026-10-10T08:46:03Z INFO [629/1000] 6d3aeccc-17d0-4899-b3e3-c1b006d42d86: 71 arrays, 41.1 MB stored; 1.7 s; peak memory 415 MiB.
2026-10-10T08:46:03Z INFO [630/1000] 6d39f897-eb7a-4d64-9a95-ea4edcdd57be: 447 arrays, 4.0 MB stored; 3.1 s; peak memory 415 MiB.
2026-10-10T08:46:05Z INFO [631/1000] 6d3b0de8-06af-409f-8610-35825fd12bd9: 48 arrays, 83.9 MB stored; 1.3 s; peak memory 415 MiB.
2026-10-10T08:46:05Z INFO [632/1000] 6d3a3a19-f050-4ffa-a78c-dac3dcb8cf56: 229 arrays, 337.7 MB stored; 4.9 s; peak memory 415 MiB.
2026-10-10T08:46:07Z INFO [633/1000] 6d38af12-f114-4d8d-8808-81183448c2a2: 771 arrays, 26.1 MB stored; 8.7 s; peak memory 415 MiB.
2026-10-10T08:46:09Z INFO [634/1000] 6d3c3568-f8d2-48c5-816c-5f47008dc79d: 46 arrays, 12.6 MB stored; 1.4 s; peak memory 415 MiB.
2026-10-10T08:46:10Z INFO [635/1000] 6d3c31da-981a-4e26-856b-3ed1747114d3: 504 arrays, 5.3 MB stored; 4.7 s; peak memory 415 MiB.
2026-10-10T08:46:11Z INFO [636/1000] 6d3b07ee-3017-4d82-849d-59eab1ffb12d: 396 arrays, 24.0 MB stored; 8.1 s; peak memory 415 MiB.
2026-10-10T08:46:11Z INFO [637/1000] 6d3c408c-f306-480f-a5b6-4e7bc00ba697: 57 arrays, 932.0 MB stored; 2.0 s; peak memory 415 MiB.
2026-10-10T08:46:12Z INFO [638/1000] 6d3ca8c5-ad7f-43fc-b2cd-e298c1d99218: 117 arrays, 0.3 MB stored; 1.5 s; peak memory 415 MiB.
2026-10-10T08:46:12Z INFO [639/1000] 6d3dfee9-40d5-4ead-883f-796edfa521a6: 56 arrays, 4.0 MB stored; 1.3 s; peak memory 415 MiB.
2026-10-10T08:46:12Z INFO [640/1000] 6d3e316e-15c3-4e00-a504-ef8d55c95478: 116 arrays, 0.4 MB stored; 1.5 s; peak memory 415 MiB.
2026-10-10T08:46:13Z INFO [641/1000] 6d3e8342-528a-4b61-ad60-7bd6c76a99aa: 48 arrays, 83.9 MB stored; 1.3 s; peak memory 415 MiB.
2026-10-10T08:46:14Z INFO [642/1000] 6d3ea48c-c21e-4acc-a496-622394d32c15: 49 arrays, 1.0 MB stored; 1.4 s; peak memory 415 MiB.
2026-10-10T08:46:14Z INFO [643/1000] 6d3f0879-3881-4173-8612-7c2289ddd8e0: 48 arrays, 83.9 MB stored; 1.3 s; peak memory 415 MiB.
2026-10-10T08:46:14Z INFO [644/1000] 6d3fb49d-fd1a-4c9b-997d-77d67fa60aa1: 117 arrays, 0.2 MB stored; 1.3 s; peak memory 415 MiB.
2026-10-10T08:46:15Z INFO [645/1000] 6d40b697-05c5-41b7-bd43-077a62e0d3be: 35 arrays, 0.0 MB stored; 1.2 s; peak memory 415 MiB.
2026-10-10T08:46:16Z INFO [646/1000] 6d40945d-62d9-4589-8b44-c93528a66617: 38 arrays, 36.2 MB stored; 2.5 s; peak memory 415 MiB.
2026-10-10T08:46:16Z INFO [647/1000] 6d410fc1-fc38-47b5-995e-0c01665b448f: 80 arrays, 221.1 MB stored; 2.2 s; peak memory 415 MiB.
2026-10-10T08:46:17Z INFO [648/1000] 6d412de2-4bb6-45b0-bd6a-d0a199c89a20: 40 arrays, 355.6 MB stored; 1.8 s; peak memory 415 MiB.
2026-10-10T08:46:18Z INFO [649/1000] 6d417569-ab7e-454f-8f45-3beaef8c76be: 39 arrays, 1.6 MB stored; 1.2 s; peak memory 415 MiB.
2026-10-10T08:46:18Z INFO [650/1000] 6d415e21-6db7-47bc-959b-781a02edbcbd: 52 arrays, 11.6 MB stored; 1.5 s; peak memory 415 MiB.
2026-10-10T08:46:18Z INFO [651/1000] 6d41e2de-06a1-473e-a18e-2efd39f5310a: 112 arrays, 0.6 MB stored; 1.8 s; peak memory 415 MiB.
2026-10-10T08:46:19Z INFO [652/1000] 6d4209e2-43ec-47a8-97f4-58d76708e2db: 46 arrays, 0.0 MB stored; 1.1 s; peak memory 415 MiB.
2026-10-10T08:46:19Z INFO [653/1000] 6d3bfee8-7b41-4cd2-a39f-6a1be2ab6e6e: 282 arrays, 29409.3 MB stored; 14.1 s; peak memory 415 MiB.
2026-10-10T08:46:20Z INFO [654/1000] 6d41e6e3-2359-4c05-8650-4763aa871a66: 112 arrays, 0.7 MB stored; 2.0 s; peak memory 415 MiB.
2026-10-10T08:46:20Z INFO [655/1000] 6d433965-4bcb-4cdd-bfce-c1a614d48bfc: 117 arrays, 0.2 MB stored; 1.5 s; peak memory 415 MiB.
2026-10-10T08:46:21Z INFO [656/1000] 6d4378b3-63c4-4776-ad83-85b1eba5aaae: 48 arrays, 83.9 MB stored; 1.2 s; peak memory 415 MiB.
2026-10-10T08:46:21Z INFO [657/1000] 6d423b55-67f8-42c9-9dee-caa73708d896: 123 arrays, 0.7 MB stored; 2.4 s; peak memory 415 MiB.
2026-10-10T08:46:21Z INFO [658/1000] 6d439714-c9cd-47cd-9f90-5ef4f507b485: 48 arrays, 83.9 MB stored; 1.3 s; peak memory 415 MiB.
2026-10-10T08:46:22Z INFO [659/1000] 6d43b7f0-92ea-48ff-bacc-0fe2ef848bf2: 48 arrays, 83.9 MB stored; 1.2 s; peak memory 415 MiB.
2026-10-10T08:46:22Z INFO [660/1000] 6d441a8e-f956-4f36-a685-cfe7301ad924: 46 arrays, 12.6 MB stored; 1.3 s; peak memory 415 MiB.
2026-10-10T08:46:23Z INFO [661/1000] 6d435b32-4b80-43be-8847-7ff2b2503fbc: 436 arrays, 8.0 MB stored; 4.2 s; peak memory 415 MiB.
2026-10-10T08:46:24Z INFO [662/1000] 6d4525cd-b552-4e99-a4a8-4761fcae02f2: 115 arrays, 0.5 MB stored; 1.7 s; peak memory 415 MiB.
2026-10-10T08:46:24Z INFO [663/1000] 6d457e63-9444-40a7-86d4-70918bf313e4: 117 arrays, 0.4 MB stored; 1.5 s; peak memory 415 MiB.
2026-10-10T08:46:25Z INFO [664/1000] 6d45ee3a-dda1-4e43-83e2-01deb9fe4c87: 46 arrays, 0.0 MB stored; 1.1 s; peak memory 415 MiB.
2026-10-10T08:46:25Z INFO [665/1000] 6d458ee4-3559-4700-895b-25a577a69624: 110 arrays, 0.7 MB stored; 1.8 s; peak memory 415 MiB.
2026-10-10T08:46:25Z INFO [666/1000] 6d45e635-67d9-466d-a057-c1839abeb260: 117 arrays, 0.4 MB stored; 1.6 s; peak memory 415 MiB.
2026-10-10T08:46:26Z INFO [667/1000] 6d4629ee-e637-42bb-853f-0387b8686d2c: 48 arrays, 83.9 MB stored; 1.4 s; peak memory 415 MiB.
2026-10-10T08:46:27Z INFO [668/1000] 6d4640e9-b1a4-4e80-b739-d17e68edf858: 62 arrays, 3869.9 MB stored; 1.4 s; peak memory 415 MiB.
2026-10-10T08:46:28Z INFO [669/1000] 6d469412-e1fd-442a-91cc-79240d43ce12: 112 arrays, 0.2 MB stored; 1.3 s; peak memory 415 MiB.
2026-10-10T08:46:29Z INFO [670/1000] 6d47033f-93c5-437c-9d41-a80437024a42: 50 arrays, 2.6 MB stored; 1.3 s; peak memory 415 MiB.
2026-10-10T08:46:29Z INFO [671/1000] 6d46cdee-c09c-4a8d-afbd-b62fb8ca192f: 156 arrays, 193.4 MB stored; 2.7 s; peak memory 415 MiB.
2026-10-10T08:46:30Z INFO [672/1000] 6d461de1-3fb5-4233-900a-74cebb9a4803: 666 arrays, 8.2 MB stored; 5.3 s; peak memory 415 MiB.
2026-10-10T08:46:30Z INFO [673/1000] 6d478856-4c0b-4acb-bf03-51f7d52ec419: 48 arrays, 83.9 MB stored; 1.2 s; peak memory 415 MiB.
2026-10-10T08:46:31Z INFO [674/1000] 6d47b78d-e7db-493b-a0e3-75fa6c22c178: 117 arrays, 0.3 MB stored; 1.4 s; peak memory 415 MiB.
2026-10-10T08:46:31Z INFO [675/1000] 6d444a85-d2a3-4596-8dbb-3ee331fa281a: 1027 arrays, 40.7 MB stored; 9.5 s; peak memory 415 MiB.
2026-10-10T08:46:31Z INFO [676/1000] 6d480851-ad82-45c7-a9af-177e5b1546c9: 48 arrays, 83.9 MB stored; 1.2 s; peak memory 415 MiB.
2026-10-10T08:46:31Z INFO [677/1000] 6d47befc-5331-492e-bdd0-ea0fc876d6f2: 49 arrays, 1.4 MB stored; 1.4 s; peak memory 415 MiB.
2026-10-10T08:46:32Z INFO [678/1000] 6d489eaf-b49c-4930-be64-48977b65a5e6: 49 arrays, 13.2 MB stored; 1.3 s; peak memory 415 MiB.
2026-10-10T08:46:32Z INFO [679/1000] 6d48b37e-9cfb-42c5-b479-75d95d2f49a9: 38 arrays, 0.5 MB stored; 1.1 s; peak memory 415 MiB.
2026-10-10T08:46:33Z INFO [680/1000] 6d4905eb-07ff-4282-94e5-b8f211d8d206: 117 arrays, 0.4 MB stored; 1.5 s; peak memory 415 MiB.
2026-10-10T08:46:34Z INFO [681/1000] 6d4aedb1-49af-494d-b1c1-b8739fc16e9e: 112 arrays, 0.3 MB stored; 1.5 s; peak memory 415 MiB.
2026-10-10T08:46:35Z INFO [682/1000] 6d49439c-8058-4503-91f5-7e7d8ff6197d: 469 arrays, 4.9 MB stored; 3.4 s; peak memory 415 MiB.
2026-10-10T08:46:36Z INFO [683/1000] 6d4bc753-7099-4439-8e09-6903b1733505: 79 arrays, 0.7 MB stored; 1.5 s; peak memory 415 MiB.
2026-10-10T08:46:36Z INFO [684/1000] 6d4c5e19-ba60-4f3a-95f5-be128ece8cb2: 46 arrays, 0.1 MB stored; 1.1 s; peak memory 415 MiB.
2026-10-10T08:46:37Z INFO [685/1000] 6d4c7771-76b8-4ebc-a4b9-661b5d197599: 53 arrays, 0.3 MB stored; 1.1 s; peak memory 415 MiB.
2026-10-10T08:46:37Z INFO [686/1000] 6d4c9a98-dd3e-4c31-af66-7ac8f3a6d03b: 49 arrays, 735.6 MB stored; 1.5 s; peak memory 415 MiB.
2026-10-10T08:46:38Z INFO [687/1000] 6d4d0d07-b28e-4155-958d-e2c72f6ad8f4: 42 arrays, 123.7 MB stored; 1.3 s; peak memory 415 MiB.
2026-10-10T08:46:39Z INFO [688/1000] 6d4d3b91-1464-4648-a82f-5471dbb68639: 48 arrays, 83.9 MB stored; 1.3 s; peak memory 415 MiB.
2026-10-10T08:46:39Z INFO [689/1000] 6d4e342d-c886-4239-abda-8605dd48992e: 46 arrays, 0.0 MB stored; 1.1 s; peak memory 415 MiB.
2026-10-10T08:46:40Z INFO [690/1000] 6d4ede53-0aa9-4cc5-816e-3d82d03a21ee: 71 arrays, 7.9 MB stored; 1.5 s; peak memory 415 MiB.
2026-10-10T08:46:41Z INFO [691/1000] 6d4ffd1b-9b5e-40f6-b72c-77a69e364f54: 56 arrays, 0.0 MB stored; 1.1 s; peak memory 415 MiB.
2026-10-10T08:46:42Z INFO [692/1000] 6d50193c-d905-49d2-99c6-9e1011d6ad19: 112 arrays, 0.9 MB stored; 1.7 s; peak memory 415 MiB.
2026-10-10T08:46:44Z INFO [693/1000] 6d49aebf-7d1a-4d3b-94df-a9764c251957: 1048 arrays, 27.0 MB stored; 11.5 s; peak memory 415 MiB.
2026-10-10T08:46:46Z INFO [694/1000] 6d4a23dc-ad57-476e-ba8d-837029a9b877: 353 arrays, 38.1 MB stored; 14.0 s; peak memory 415 MiB.
2026-10-10T08:46:47Z INFO [695/1000] 6d5185fb-efeb-47b7-b8f4-e2578d165c23: 400 arrays, 5.0 MB stored; 3.2 s; peak memory 415 MiB.
2026-10-10T08:46:47Z INFO [696/1000] 6d525a6e-2246-4fbc-8503-a0a5d7e7016d: 46 arrays, 0.0 MB stored; 0.9 s; peak memory 415 MiB.
2026-10-10T08:46:48Z INFO [697/1000] 6d527dbe-0c94-4ae4-8a1d-c847dce5a677: 48 arrays, 83.9 MB stored; 1.3 s; peak memory 415 MiB.
2026-10-10T08:46:49Z INFO [698/1000] 6d525a96-1105-456b-b3e9-9ea4f5ef34dc: 66 arrays, 105.4 MB stored; 1.9 s; peak memory 415 MiB.
2026-10-10T08:46:49Z INFO [699/1000] 6d50a037-e0cb-410d-9a07-d9abf21b73b2: 410 arrays, 90.3 MB stored; 8.3 s; peak memory 415 MiB.
2026-10-10T08:46:50Z INFO [700/1000] 6d540867-b4d4-4b4d-a010-c8e436bbabc0: 117 arrays, 0.3 MB stored; 1.5 s; peak memory 415 MiB.
2026-10-10T08:46:50Z INFO [701/1000] 6d511a15-ea95-4aa2-8679-4530be2e9f4a: 106 arrays, 19070.7 MB stored; 8.5 s; peak memory 415 MiB.
2026-10-10T08:46:51Z INFO [702/1000] 6d5436e0-4081-42f7-a88a-fac5179664d6: 45 arrays, 1291.9 MB stored; 2.2 s; peak memory 415 MiB.
2026-10-10T08:46:52Z INFO [703/1000] 6d54e472-6cac-49a2-b8e5-116dd1ce9099: 112 arrays, 0.9 MB stored; 1.6 s; peak memory 415 MiB.
2026-10-10T08:46:52Z INFO [704/1000] 6d530b98-2910-464a-b60b-eb4ee7c9ffc7: 229 arrays, 256.3 MB stored; 3.7 s; peak memory 415 MiB.
2026-10-10T08:46:52Z INFO [705/1000] 6d29862c-6e66-43c6-90b3-79b4996ce2e5: 246 arrays, 20727.8 MB stored; 92.0 s; peak memory 415 MiB.
2026-10-10T08:46:52Z INFO [706/1000] 6d5541b7-5df1-4249-86c8-262febd9223a: 48 arrays, 83.9 MB stored; 1.3 s; peak memory 415 MiB.
2026-10-10T08:46:53Z INFO [707/1000] 6d5582cb-3fae-4f7a-86e8-7a0ce64a75d8: 53 arrays, 0.0 MB stored; 1.2 s; peak memory 415 MiB.
2026-10-10T08:46:53Z INFO [708/1000] 6d55bbcb-b718-4c7f-9843-226655abebbb: 46 arrays, 0.1 MB stored; 1.1 s; peak memory 415 MiB.
2026-10-10T08:46:54Z INFO [709/1000] 6d55b18b-1661-49fb-9900-0ac360c542bb: 112 arrays, 0.7 MB stored; 1.7 s; peak memory 415 MiB.
2026-10-10T08:46:54Z INFO [710/1000] 6d55cead-0e44-40a1-9384-59d4636a7da2: 114 arrays, 0.3 MB stored; 1.3 s; peak memory 415 MiB.
2026-10-10T08:46:55Z INFO [711/1000] 6d55f72e-a396-4c81-9559-3c0deff3aea1: 48 arrays, 83.9 MB stored; 1.3 s; peak memory 415 MiB.
2026-10-10T08:46:55Z INFO [712/1000] 6d550a58-ecfc-4bc1-a62a-a0de3d19084e: 200 arrays, 434.4 MB stored; 4.9 s; peak memory 415 MiB.
2026-10-10T08:46:56Z INFO [713/1000] 6d573d1b-37da-474a-b7a1-110a4e915d67: 45 arrays, 0.0 MB stored; 1.0 s; peak memory 415 MiB.
2026-10-10T08:46:56Z INFO [714/1000] 6d569326-eaa7-4f41-b95b-cf178810d346: 41 arrays, 4.8 MB stored; 1.4 s; peak memory 415 MiB.
2026-10-10T08:46:56Z INFO [715/1000] 6d5577aa-2137-47a7-89cb-eb814c9c9157: 223 arrays, 248.9 MB stored; 4.5 s; peak memory 415 MiB.
2026-10-10T08:46:57Z INFO [716/1000] 6d57662a-3bd3-46a9-857c-dce65c6c2521: 69 arrays, 27.6 MB stored; 1.8 s; peak memory 415 MiB.
2026-10-10T08:46:58Z INFO [717/1000] 6d58b892-8369-4a66-8d71-26b0f103de8c: 112 arrays, 0.5 MB stored; 1.7 s; peak memory 415 MiB.
2026-10-10T08:46:58Z INFO [718/1000] 6d59a8c2-30f5-4501-9556-1633907c5d93: 116 arrays, 0.5 MB stored; 1.4 s; peak memory 415 MiB.
2026-10-10T08:46:59Z INFO [719/1000] 6d5aa3f5-c24e-4c10-bf50-ffc01190cabf: 117 arrays, 0.5 MB stored; 1.6 s; peak memory 415 MiB.
2026-10-10T08:46:59Z INFO [720/1000] 6d580703-13d1-408c-8256-48a8dc4996f9: 197 arrays, 27.1 MB stored; 3.4 s; peak memory 415 MiB.
2026-10-10T08:47:00Z INFO [721/1000] 6d5b36db-0c1f-4a49-90be-827879e63481: 70 arrays, 26.7 MB stored; 1.8 s; peak memory 415 MiB.
2026-10-10T08:47:00Z INFO [722/1000] 6d5b6428-1e5c-4e62-8908-01b262b3ac90: 112 arrays, 0.8 MB stored; 1.6 s; peak memory 415 MiB.
2026-10-10T08:47:01Z INFO [723/1000] 6d5b886a-1d4d-47a1-b7da-5b1667d3f242: 117 arrays, 0.4 MB stored; 1.5 s; peak memory 415 MiB.
2026-10-10T08:47:01Z INFO [724/1000] 6d5614c0-2590-47ad-98a5-50c5c0a742dc: 837 arrays, 33.0 MB stored; 7.4 s; peak memory 415 MiB.
2026-10-10T08:47:02Z INFO [725/1000] 6d5cacb4-feec-48e8-be47-9387eb106722: 48 arrays, 83.9 MB stored; 1.3 s; peak memory 415 MiB.
2026-10-10T08:47:03Z INFO [726/1000] 6d5d5c8c-aaa5-4ef8-83b7-f232963a4e7e: 46 arrays, 2.7 MB stored; 1.1 s; peak memory 415 MiB.
2026-10-10T08:47:03Z INFO [727/1000] 6d5d81a1-ae82-4bc4-8645-20a75729c09c: 112 arrays, 0.7 MB stored; 1.5 s; peak memory 415 MiB.
2026-10-10T08:47:05Z INFO [728/1000] 6d5bba85-1d54-4bbf-9a2a-9de4cdaffe46: 538 arrays, 7.6 MB stored; 5.1 s; peak memory 415 MiB.
2026-10-10T08:47:06Z INFO [729/1000] 6d5fe7ca-c258-408a-b448-b0c6f568b4d0: 46 arrays, 0.0 MB stored; 1.0 s; peak memory 415 MiB.
2026-10-10T08:47:06Z INFO [730/1000] 6d5afd6b-f117-4d74-bd61-fdb0f9b51e56: 49 arrays, 10606.2 MB stored; 8.5 s; peak memory 415 MiB.
2026-10-10T08:47:08Z INFO [731/1000] 6d60d707-36a4-4511-b476-33d259acd827: 112 arrays, 1.4 MB stored; 1.5 s; peak memory 415 MiB.
2026-10-10T08:47:08Z INFO [732/1000] 6d5f7674-9b8a-40c6-abab-dde7d28cdb3b: 473 arrays, 5.9 MB stored; 4.2 s; peak memory 415 MiB.
2026-10-10T08:47:09Z INFO [733/1000] 6d614877-2db7-46b7-b373-a4637ecc149d: 45 arrays, 7.4 MB stored; 1.4 s; peak memory 415 MiB.
2026-10-10T08:47:09Z INFO [734/1000] 6d6165e4-a1ef-4449-8a62-7482b2552165: 83 arrays, 0.2 MB stored; 1.5 s; peak memory 415 MiB.
2026-10-10T08:47:10Z INFO [735/1000] 6d6220cd-c1fb-4fef-84cd-3c03facadedd: 48 arrays, 83.9 MB stored; 1.2 s; peak memory 415 MiB.
2026-10-10T08:47:12Z INFO [736/1000] 6d60b290-c983-4b2d-8959-d90eea476015: 47 arrays, 7677.2 MB stored; 6.9 s; peak memory 415 MiB.
2026-10-10T08:47:15Z INFO [737/1000] 6d62e1c1-bab8-4b58-9bfb-02d45720a2e4: 538 arrays, 8.6 MB stored; 5.1 s; peak memory 415 MiB.
2026-10-10T08:47:15Z INFO [738/1000] 6d63219a-8929-45ae-a2a8-a760dd6230bd: 156 arrays, 193.4 MB stored; 3.0 s; peak memory 415 MiB.
2026-10-10T08:47:16Z INFO [739/1000] 6d5e5198-cc29-46bf-abdc-15949693ab12: 253 arrays, 8153.9 MB stored; 13.0 s; peak memory 415 MiB.
2026-10-10T08:47:16Z INFO [740/1000] 6d619f85-d3ea-4514-bb86-2c77c53be074: 391 arrays, 77.8 MB stored; 7.0 s; peak memory 415 MiB.
2026-10-10T08:47:16Z INFO [741/1000] 6d5bf60b-75ef-4c92-ba1c-d406866220be: 522 arrays, 3710.6 MB stored; 15.8 s; peak memory 415 MiB.
2026-10-10T08:47:17Z INFO [742/1000] 6d6332e2-69c4-465a-9c95-54335e4beb65: 48 arrays, 83.9 MB stored; 1.4 s; peak memory 415 MiB.
2026-10-10T08:47:17Z INFO [743/1000] 6d63d520-83fa-48d8-a7a2-7278eaded785: 112 arrays, 0.6 MB stored; 1.6 s; peak memory 415 MiB.
2026-10-10T08:47:17Z INFO [744/1000] 6d656d6e-867f-4a33-97a7-6de5764b7b7c: 57 arrays, 0.0 MB stored; 1.2 s; peak memory 415 MiB.
2026-10-10T08:47:18Z INFO [745/1000] 6d660b37-4751-471a-952b-4670969b75a2: 112 arrays, 0.5 MB stored; 1.6 s; peak memory 415 MiB.
2026-10-10T08:47:18Z INFO [746/1000] 6d660d44-ace7-487c-a959-aac784316b3e: 48 arrays, 83.9 MB stored; 1.3 s; peak memory 415 MiB.
2026-10-10T08:47:19Z INFO [747/1000] 6d66f817-1dc7-4400-83d8-7af9b134428e: 71 arrays, 67.3 MB stored; 2.2 s; peak memory 415 MiB.
2026-10-10T08:47:19Z INFO [748/1000] 6d679837-b6ed-463d-b409-b983807eb89e: 117 arrays, 0.5 MB stored; 1.7 s; peak memory 415 MiB.
2026-10-10T08:47:20Z INFO [749/1000] 6d63a948-a4b3-4a4f-8e73-c7bdf6e8d904: 262 arrays, 76.1 MB stored; 4.1 s; peak memory 415 MiB.
2026-10-10T08:47:20Z INFO [750/1000] 6d67d06d-62f3-485e-9f67-dc7593aaa8d4: 118 arrays, 0.3 MB stored; 1.8 s; peak memory 415 MiB.
2026-10-10T08:47:21Z INFO [751/1000] 6d67e60e-d646-4a3f-8209-945fa6866f88: 56 arrays, 0.0 MB stored; 1.2 s; peak memory 415 MiB.
2026-10-10T08:47:21Z INFO [752/1000] 6d68677e-b68a-43ef-a1dc-ba5e7bde9bb8: 117 arrays, 0.3 MB stored; 1.6 s; peak memory 415 MiB.
2026-10-10T08:47:21Z INFO [753/1000] 6d69b262-5d27-4c3d-9804-7b90b78804ae: 112 arrays, 0.3 MB stored; 1.3 s; peak memory 415 MiB.
2026-10-10T08:47:22Z INFO [754/1000] 6d6a6c55-1f58-4490-8ba0-21f591547e42: 116 arrays, 0.4 MB stored; 1.5 s; peak memory 415 MiB.
2026-10-10T08:47:23Z INFO [755/1000] 6d6adc76-5ce2-492c-902a-eec24d00b90b: 116 arrays, 0.2 MB stored; 1.3 s; peak memory 415 MiB.
2026-10-10T08:47:24Z INFO [756/1000] 6d6aace5-4f3d-4798-85d4-0b0ff080ce10: 66 arrays, 316.7 MB stored; 2.8 s; peak memory 415 MiB.
2026-10-10T08:47:25Z INFO [757/1000] 6d6c313b-03e3-4055-9d7a-7d97bb68b3ec: 71 arrays, 43.1 MB stored; 2.2 s; peak memory 415 MiB.
2026-10-10T08:47:25Z INFO [758/1000] 6d6ae6eb-8c25-41aa-a767-449aa98b7403: 118 arrays, 67.0 MB stored; 2.7 s; peak memory 415 MiB.
2026-10-10T08:47:25Z INFO [759/1000] 6d676889-8509-45e5-b60f-6d7ba68058ad: 396 arrays, 24.0 MB stored; 8.1 s; peak memory 415 MiB.
2026-10-10T08:47:26Z INFO [760/1000] 6d6ceb11-d4e4-481e-ad2b-9072312ad30c: 46 arrays, 0.1 MB stored; 1.0 s; peak memory 415 MiB.
2026-10-10T08:47:26Z INFO [761/1000] 6d6ccae1-c9f1-4f46-914b-dd4e814a3602: 118 arrays, 0.5 MB stored; 1.5 s; peak memory 415 MiB.
2026-10-10T08:47:26Z INFO [762/1000] 6d6c6cc7-f058-4ca0-8538-644fad16138c: 51 arrays, 2597.9 MB stored; 1.7 s; peak memory 415 MiB.
2026-10-10T08:47:28Z INFO [763/1000] 6d6eb37e-2789-4485-8b00-3edb4ccdcac5: 117 arrays, 0.6 MB stored; 1.7 s; peak memory 415 MiB.
2026-10-10T08:47:28Z INFO [764/1000] 6d6e1692-4f6c-4e11-a34b-42cef073acf0: 117 arrays, 0.8 MB stored; 2.0 s; peak memory 415 MiB.
2026-10-10T08:47:29Z INFO [765/1000] 6d6c5281-9b8e-457b-81c7-c051996386e0: 229 arrays, 645.7 MB stored; 4.9 s; peak memory 415 MiB.
2026-10-10T08:47:30Z INFO [766/1000] 6d6f75f9-904c-4e1e-add4-bbc4dfba6e47: 112 arrays, 0.5 MB stored; 1.6 s; peak memory 415 MiB.
2026-10-10T08:47:30Z INFO [767/1000] 6d71190e-a48a-4921-9f0e-28d70177ae54: 101 arrays, 9.7 MB stored; 1.6 s; peak memory 415 MiB.
2026-10-10T08:47:31Z INFO [768/1000] 6d712e86-6bc6-4f87-8a7e-66b68ac32caf: 41 arrays, 2.4 MB stored; 1.2 s; peak memory 415 MiB.
2026-10-10T08:47:32Z INFO [769/1000] 6d71af13-5d8d-4cba-a747-28429a65ec4b: 48 arrays, 83.9 MB stored; 1.4 s; peak memory 415 MiB.
2026-10-10T08:47:32Z INFO [770/1000] 6d6efd96-9f32-4c31-b25e-d99684c3bbc9: 107 arrays, 190.8 MB stored; 5.4 s; peak memory 415 MiB.
2026-10-10T08:47:32Z INFO [771/1000] 6d71d046-10d4-4f89-9c5c-19aada84129b: 48 arrays, 83.9 MB stored; 1.3 s; peak memory 415 MiB.
2026-10-10T08:47:33Z INFO [772/1000] 6d72d41e-d659-4b30-a5b2-3e163df52223: 48 arrays, 83.9 MB stored; 1.3 s; peak memory 415 MiB.
2026-10-10T08:47:33Z INFO [773/1000] 6d733a89-58b4-446d-88e6-3c7d3d01258b: 48 arrays, 83.9 MB stored; 1.4 s; peak memory 415 MiB.
2026-10-10T08:47:34Z INFO [774/1000] 6d73a8c0-6bb3-478d-943d-82e1b7f5553b: 110 arrays, 0.3 MB stored; 1.6 s; peak memory 415 MiB.
2026-10-10T08:47:35Z INFO [775/1000] 6d747d0e-bfed-4d1a-95f5-c188b8213d30: 112 arrays, 0.8 MB stored; 1.6 s; peak memory 415 MiB.
2026-10-10T08:47:36Z INFO [776/1000] 6d747bc3-06bf-4722-942a-749378d6b8d8: 184 arrays, 217.6 MB stored; 3.1 s; peak memory 415 MiB.
2026-10-10T08:47:37Z INFO [777/1000] 6d74ad70-7ec2-40a9-8a19-e9bf06e020c5: 112 arrays, 0.6 MB stored; 1.6 s; peak memory 415 MiB.
2026-10-10T08:47:37Z INFO [778/1000] 6d6942df-cd17-4c98-abfb-3b9e616111da: 48 arrays, 41290.7 MB stored; 18.0 s; peak memory 415 MiB.
2026-10-10T08:47:38Z INFO [779/1000] 6d750dc3-31c2-40cf-9f33-4c25abb5f7b2: 84 arrays, 4.7 MB stored; 1.6 s; peak memory 415 MiB.
2026-10-10T08:47:39Z INFO [780/1000] 6d758564-1781-4864-8878-413342d47f14: 56 arrays, 0.0 MB stored; 1.0 s; peak memory 415 MiB.
2026-10-10T08:47:39Z INFO [781/1000] 6d752804-b3ff-4df3-9b66-9935cff24c17: 112 arrays, 0.7 MB stored; 1.6 s; peak memory 415 MiB.
2026-10-10T08:47:39Z INFO [782/1000] 6d6fb29e-7648-4fd4-a61b-76bcc6a5b540: 38 arrays, 421.2 MB stored; 10.2 s; peak memory 415 MiB.
2026-10-10T08:47:40Z INFO [783/1000] 6d75b1bd-c989-45cf-8b01-778526688fbc: 289 arrays, 17.1 MB stored; 1.6 s; peak memory 415 MiB.
2026-10-10T08:47:40Z INFO [784/1000] 6d767966-c3f1-465c-ad6d-1e06987fc37d: 62 arrays, 4728.5 MB stored; 1.7 s; peak memory 415 MiB.
2026-10-10T08:47:40Z INFO [785/1000] 6d75e4b6-8443-4f27-8c39-38c737eca9a1: 118 arrays, 0.6 MB stored; 1.7 s; peak memory 415 MiB.
2026-10-10T08:47:40Z INFO [786/1000] 6d76af07-4528-40f1-9508-18ff1a35975a: 131 arrays, 0.6 MB stored; 1.8 s; peak memory 415 MiB.
2026-10-10T08:47:41Z INFO [787/1000] 6d76f52f-238e-44de-ac28-e86d13fd8563: 44 arrays, 10142.4 MB stored; 1.6 s; peak memory 415 MiB.
2026-10-10T08:47:42Z INFO [788/1000] 6d784424-7e9d-4856-93ca-8df644e8e401: 47 arrays, 0.2 MB stored; 1.3 s; peak memory 415 MiB.
2026-10-10T08:47:42Z INFO [789/1000] 6d785d15-1b79-456f-9495-4efb11f0114b: 37 arrays, 0.2 MB stored; 1.2 s; peak memory 415 MiB.
2026-10-10T08:47:42Z INFO [790/1000] 6d770ef1-fc6d-4b20-998d-fa46125cd428: 71 arrays, 102.4 MB stored; 2.1 s; peak memory 415 MiB.
2026-10-10T08:47:44Z INFO [791/1000] 6d7936c3-0422-4159-a522-b2fc73ad2bc1: 41 arrays, 472.2 MB stored; 2.1 s; peak memory 415 MiB.
2026-10-10T08:47:44Z INFO [792/1000] 6d7a05b9-3a19-4d19-b0c7-dc4b0404e25c: 117 arrays, 0.5 MB stored; 1.7 s; peak memory 415 MiB.
2026-10-10T08:47:45Z INFO [793/1000] 6d7ad93e-4286-4034-a684-2e84f3e4d1a2: 117 arrays, 0.4 MB stored; 1.5 s; peak memory 415 MiB.
2026-10-10T08:47:45Z INFO [794/1000] 6d7bf2aa-754c-44d4-9334-af786fa7a6c5: 38 arrays, 0.5 MB stored; 1.4 s; peak memory 415 MiB.
2026-10-10T08:47:46Z INFO [795/1000] 6d79629f-4667-4b8b-a83e-9f618fc88ab4: 223 arrays, 275.9 MB stored; 4.0 s; peak memory 415 MiB.
2026-10-10T08:47:46Z INFO [796/1000] 6d7d1312-3152-4c34-a151-bc3705556816: 56 arrays, 0.0 MB stored; 1.1 s; peak memory 415 MiB.
2026-10-10T08:47:47Z INFO [797/1000] 6d7d2938-c4a4-434e-8fb9-0b13064dad1b: 48 arrays, 83.9 MB stored; 1.3 s; peak memory 415 MiB.
2026-10-10T08:47:48Z INFO [798/1000] 6d7e0934-1df4-44a6-be3b-56d50cc98fe2: 46 arrays, 0.0 MB stored; 1.2 s; peak memory 415 MiB.
2026-10-10T08:47:49Z INFO [799/1000] 6d7e6149-7574-49cf-9cf1-ae6a211e0f1d: 46 arrays, 0.2 MB stored; 1.1 s; peak memory 415 MiB.
2026-10-10T08:47:49Z INFO [800/1000] 6d740831-c1ff-4004-8231-106759537c17: 48 arrays, 49672.2 MB stored; 16.2 s; peak memory 415 MiB.
2026-10-10T08:47:50Z INFO [800/1000] 6d740831-c1ff-4004-8231-106759537c17: checkpointed 800 new records.
2026-10-10T08:47:50Z INFO [801/1000] 6d7f1b33-a961-49a3-b2f5-51649b6a94c8: 117 arrays, 0.5 MB stored; 1.5 s; peak memory 415 MiB.
2026-10-10T08:47:50Z INFO [802/1000] 6d7dce09-ec72-4123-84ab-0ec868dd70fa: 174 arrays, 35.2 MB stored; 4.1 s; peak memory 415 MiB.
2026-10-10T08:47:51Z INFO [803/1000] 6d7f6d50-68e2-4ab7-9c76-c3e330578917: 68 arrays, 10.8 MB stored; 1.6 s; peak memory 415 MiB.
2026-10-10T08:47:51Z INFO [804/1000] 6d77c659-76aa-46fc-a3ac-de2529fd0f11: 1589 arrays, 32.0 MB stored; 11.1 s; peak memory 415 MiB.
2026-10-10T08:47:52Z INFO [805/1000] 6d7e3df9-56ff-432a-8a70-0536f44959e6: 534 arrays, 7.3 MB stored; 5.0 s; peak memory 415 MiB.
2026-10-10T08:47:52Z INFO [806/1000] 6d810741-101c-4b6f-aeb9-1c4767d77210: 52 arrays, 0.0 MB stored; 1.1 s; peak memory 415 MiB.
2026-10-10T08:47:53Z INFO [807/1000] 6d81c135-9f0d-4441-a330-b34291262993: 112 arrays, 0.5 MB stored; 1.5 s; peak memory 415 MiB.
2026-10-10T08:47:53Z INFO [808/1000] 6d8014a6-b533-460f-8dd6-f61e1220b6a8: 84 arrays, 285.8 MB stored; 3.0 s; peak memory 415 MiB.
2026-10-10T08:47:54Z INFO [809/1000] 6d822aa2-be1c-48c4-9e13-e9aa9d3f8dde: 48 arrays, 83.9 MB stored; 1.2 s; peak memory 415 MiB.
2026-10-10T08:47:55Z INFO [810/1000] 6d828479-0a8c-455a-85f3-5ba1995803e9: 112 arrays, 0.6 MB stored; 1.4 s; peak memory 415 MiB.
2026-10-10T08:47:55Z INFO [811/1000] 6d83f9a6-dbfd-465c-9b65-5a540f177f4d: 48 arrays, 83.9 MB stored; 1.3 s; peak memory 415 MiB.
2026-10-10T08:47:55Z INFO [812/1000] 6d80c259-c9d4-4d29-b7b4-0a79b8888c27: 208 arrays, 50.1 MB stored; 4.9 s; peak memory 415 MiB.
2026-10-10T08:47:56Z INFO [813/1000] 6d839cea-e821-4fca-8921-0c71739e1362: 71 arrays, 129.7 MB stored; 2.4 s; peak memory 415 MiB.
2026-10-10T08:47:56Z INFO [814/1000] 6d841c59-fa6e-4991-82c6-e674ab1743ef: 48 arrays, 83.9 MB stored; 1.3 s; peak memory 415 MiB.
2026-10-10T08:47:56Z INFO [815/1000] 6d84deba-9026-430a-9513-a01cbba1f2f9: 48 arrays, 83.9 MB stored; 1.4 s; peak memory 415 MiB.
2026-10-10T08:47:57Z INFO [816/1000] 6d855605-0be6-4bb1-acf1-fcec56a0befd: 69 arrays, 1.5 MB stored; 1.5 s; peak memory 415 MiB.
2026-10-10T08:47:58Z INFO [817/1000] 6d85c86e-825c-4214-a378-11953ed86436: 41 arrays, 8.4 MB stored; 1.1 s; peak memory 415 MiB.
2026-10-10T08:47:58Z INFO [818/1000] 6d810408-2e75-4756-be76-876d5818d5d0: 970 arrays, 16.0 MB stored; 7.2 s; peak memory 415 MiB.
2026-10-10T08:47:58Z INFO [819/1000] 6d854f03-674d-48be-9dad-043b6f837a86: 114 arrays, 186.9 MB stored; 2.9 s; peak memory 415 MiB.
2026-10-10T08:47:58Z INFO [820/1000] 6d85ea47-ee3b-46e3-b517-ba65b2679481: 114 arrays, 0.3 MB stored; 1.3 s; peak memory 415 MiB.
2026-10-10T08:47:59Z INFO [821/1000] 6d85659f-69c0-4e43-b405-cb5b153884fd: 151 arrays, 302.6 MB stored; 2.7 s; peak memory 415 MiB.
2026-10-10T08:48:00Z INFO [822/1000] 6d86c839-2f4c-43b2-a54d-5228a0cfad7f: 71 arrays, 2.3 MB stored; 1.9 s; peak memory 415 MiB.
2026-10-10T08:48:00Z INFO [823/1000] 6d86d497-29f7-485d-ba3a-517ce1d37f3a: 83 arrays, 1.0 MB stored; 1.6 s; peak memory 415 MiB.
2026-10-10T08:48:02Z INFO [824/1000] 6d86499d-aa63-4587-b30b-03a6383ba651: 50 arrays, 134.5 MB stored; 3.4 s; peak memory 415 MiB.
2026-10-10T08:48:02Z INFO [825/1000] 6d871349-9491-4df3-8cf4-1f1c7a2fda79: 41 arrays, 8.4 MB stored; 1.3 s; peak memory 415 MiB.
2026-10-10T08:48:02Z INFO [826/1000] 6d874ceb-4e29-4afb-84fd-b3c8987314d7: 112 arrays, 0.5 MB stored; 1.7 s; peak memory 415 MiB.
2026-10-10T08:48:02Z INFO [827/1000] 6d860f87-cab7-4887-81fd-d6cb47822c41: 223 arrays, 291.2 MB stored; 4.8 s; peak memory 415 MiB.
2026-10-10T08:48:03Z INFO [828/1000] 6d87515b-4811-4804-bf79-750e39bb56fa: 57 arrays, 0.0 MB stored; 1.2 s; peak memory 415 MiB.
2026-10-10T08:48:03Z INFO [829/1000] 6d87b8e1-8867-4208-9f9b-3d3b3f392f37: 38 arrays, 0.5 MB stored; 1.3 s; peak memory 415 MiB.
2026-10-10T08:48:04Z INFO [830/1000] 6d880b0a-a0ff-4d77-959a-c34fc73210c6: 62 arrays, 2040.0 MB stored; 1.6 s; peak memory 415 MiB.
2026-10-10T08:48:04Z INFO [831/1000] 6d882521-9359-45e8-840b-5135abf6fc60: 117 arrays, 0.6 MB stored; 1.6 s; peak memory 415 MiB.
2026-10-10T08:48:05Z INFO [832/1000] 6d88ce5d-d5f7-46c2-abac-9001c111bc31: 52 arrays, 626.4 MB stored; 1.5 s; peak memory 415 MiB.
2026-10-10T08:48:07Z INFO [833/1000] 6d888c8a-08f4-4f3d-8fc2-558d855dcc93: 454 arrays, 4.3 MB stored; 4.2 s; peak memory 415 MiB.
2026-10-10T08:48:07Z INFO [834/1000] 6d868d49-4d61-48a9-adb3-71d68e485c4b: 11477 arrays, 181.4 MB stored; 9.2 s; peak memory 415 MiB.
2026-10-10T08:48:08Z INFO [835/1000] 6d8934e7-8609-42ee-af0b-78f929d3e51f: 152 arrays, 323.5 MB stored; 2.7 s; peak memory 415 MiB.
2026-10-10T08:48:09Z INFO [836/1000] 6d89a8ba-29d8-4746-8f98-6232ab5d94d2: 48 arrays, 83.9 MB stored; 1.3 s; peak memory 415 MiB.
2026-10-10T08:48:09Z INFO [837/1000] 6d8a6517-7a37-4283-9172-6a5ebeaee5a4: 117 arrays, 0.4 MB stored; 1.4 s; peak memory 415 MiB.
2026-10-10T08:48:10Z INFO [838/1000] 6d8948f9-0294-49b2-b0d9-5d6d0ee076cb: 79 arrays, 59.9 MB stored; 3.3 s; peak memory 415 MiB.
2026-10-10T08:48:10Z INFO [839/1000] 6d8a99f9-06a1-4d9c-acdd-2bb5fa5d92c1: 116 arrays, 0.2 MB stored; 1.6 s; peak memory 415 MiB.
2026-10-10T08:48:10Z INFO [840/1000] 6d8b8c28-ae37-48d8-9e25-38c9c29f113f: 48 arrays, 83.9 MB stored; 1.2 s; peak memory 415 MiB.
2026-10-10T08:48:11Z INFO [841/1000] 6d88e130-5765-46e7-8dca-9cc8b2d445f2: 44 arrays, 181.8 MB stored; 7.5 s; peak memory 415 MiB.
2026-10-10T08:48:12Z INFO [842/1000] 6d8cff31-31f3-4c9c-9b90-a39e5a258cf3: 112 arrays, 0.3 MB stored; 1.5 s; peak memory 415 MiB.
2026-10-10T08:48:12Z INFO [843/1000] 6d8d18ef-8fba-4520-81b8-b49cc93b6413: 118 arrays, 23.6 MB stored; 2.2 s; peak memory 415 MiB.
2026-10-10T08:48:13Z INFO [844/1000] 6d88b4d2-160c-4631-8b03-4cc6507918f8: 998 arrays, 24.8 MB stored; 9.8 s; peak memory 415 MiB.
2026-10-10T08:48:13Z INFO [845/1000] 6d8da112-1af1-4928-b46e-31c9a4381298: 117 arrays, 0.3 MB stored; 1.5 s; peak memory 415 MiB.
2026-10-10T08:48:13Z INFO [846/1000] 6d8d98fc-02c9-4316-a763-2ea327266d8e: 71 arrays, 87.4 MB stored; 2.0 s; peak memory 415 MiB.
2026-10-10T08:48:14Z INFO [847/1000] 6d8e41ee-e965-45ca-9594-338cfca3fa35: 48 arrays, 83.9 MB stored; 1.4 s; peak memory 415 MiB.
2026-10-10T08:48:15Z INFO [848/1000] 6d8f6fb6-dff6-447a-b939-fe4ad47d7a20: 84 arrays, 1.0 MB stored; 1.6 s; peak memory 415 MiB.
2026-10-10T08:48:15Z INFO [849/1000] 6d8fa758-ae31-4d93-8239-944150836d4a: 48 arrays, 83.9 MB stored; 1.3 s; peak memory 415 MiB.
2026-10-10T08:48:16Z INFO [850/1000] 6d8fe330-5129-408b-b1d7-8a1380c506fa: 117 arrays, 0.3 MB stored; 1.3 s; peak memory 415 MiB.
2026-10-10T08:48:17Z INFO [851/1000] 6d8e167e-21bb-4f89-8d05-8989d62ce138: 406 arrays, 5.3 MB stored; 4.4 s; peak memory 415 MiB.
2026-10-10T08:48:17Z INFO [852/1000] 6d90d0de-fd4b-433a-a288-1ef1560f924d: 62 arrays, 4775.0 MB stored; 1.7 s; peak memory 415 MiB.
2026-10-10T08:48:18Z INFO [853/1000] 6d912dde-1aea-4811-bdd8-48e7141c9f1a: 46 arrays, 0.2 MB stored; 1.1 s; peak memory 415 MiB.
2026-10-10T08:48:20Z INFO [854/1000] 6d91b78f-c9df-4d20-8bb2-d23d1e08d56a: 38 arrays, 36.3 MB stored; 2.4 s; peak memory 415 MiB.
2026-10-10T08:48:21Z INFO [855/1000] 6d90ef5c-daef-4825-b46f-a04071e09eb3: 200 arrays, 204.2 MB stored; 4.2 s; peak memory 415 MiB.
2026-10-10T08:48:22Z INFO [856/1000] 6d91aecb-873d-464c-a793-4d51ce3bd81d: 234 arrays, 13.2 MB stored; 4.6 s; peak memory 415 MiB.
2026-10-10T08:48:22Z INFO [857/1000] 6d92182b-d68a-4eae-98c9-95972399a56f: 49 arrays, 1574.5 MB stored; 1.7 s; peak memory 415 MiB.
2026-10-10T08:48:22Z INFO [858/1000] 6d922701-654a-4fc2-a100-125e28d338cb: 71 arrays, 4.0 MB stored; 1.8 s; peak memory 415 MiB.
2026-10-10T08:48:23Z INFO [859/1000] 6d8d36c4-8369-4e35-a841-c9c41d3f64dc: 38 arrays, 430.6 MB stored; 12.3 s; peak memory 415 MiB.
2026-10-10T08:48:23Z INFO [860/1000] 6d92d12d-203c-493d-a448-b7384e9d0ddd: 42 arrays, 141.9 MB stored; 1.4 s; peak memory 415 MiB.
2026-10-10T08:48:24Z INFO [861/1000] 6d9329e1-6e36-4c57-838c-6a135d351c59: 48 arrays, 83.9 MB stored; 1.3 s; peak memory 415 MiB.
2026-10-10T08:48:24Z INFO [862/1000] 6d9371d6-c6d1-4aa5-8406-2463532df5b9: 48 arrays, 83.9 MB stored; 1.1 s; peak memory 415 MiB.
2026-10-10T08:48:24Z INFO [863/1000] 6d922db8-f467-4840-bc70-e0bd80fdf581: 38 arrays, 58.5 MB stored; 2.2 s; peak memory 415 MiB.
2026-10-10T08:48:25Z INFO [864/1000] 6d9429ab-9b3a-4c7e-9e22-b213f1961678: 117 arrays, 0.4 MB stored; 1.6 s; peak memory 415 MiB.
2026-10-10T08:48:25Z INFO [865/1000] 6d953774-208f-429a-8c39-99f6202abb8c: 21 arrays, 0.6 MB stored; 1.2 s; peak memory 415 MiB.
2026-10-10T08:48:26Z INFO [866/1000] 6d951d4e-ba40-4064-a4b2-1f60d03eabf7: 59 arrays, 117.6 MB stored; 1.9 s; peak memory 415 MiB.
2026-10-10T08:48:27Z INFO [867/1000] 6d960beb-e72e-4ffe-bbee-04e0e53e0f91: 41 arrays, 8.4 MB stored; 1.4 s; peak memory 415 MiB.
2026-10-10T08:48:27Z INFO [868/1000] 6d96201b-29e4-4522-b7b8-9663c05ffd70: 48 arrays, 83.9 MB stored; 1.3 s; peak memory 415 MiB.
2026-10-10T08:48:27Z INFO [869/1000] 6d960996-936e-44c6-a83b-b6aac8504291: 168 arrays, 3.2 MB stored; 2.4 s; peak memory 415 MiB.
2026-10-10T08:48:28Z INFO [870/1000] 6d948688-4972-4f3c-8872-ed4fa413000b: 200 arrays, 205.8 MB stored; 4.7 s; peak memory 415 MiB.
2026-10-10T08:48:28Z INFO [871/1000] 6d963f2f-3b8c-437c-9187-cd760a5ed4e3: 69 arrays, 28.2 MB stored; 1.8 s; peak memory 415 MiB.
2026-10-10T08:48:28Z INFO [872/1000] 6d968d0c-0e8c-4e35-97f9-fa24cc5be9bf: 112 arrays, 0.5 MB stored; 1.5 s; peak memory 415 MiB.
2026-10-10T08:48:29Z INFO [873/1000] 6d969805-0198-46eb-8149-b6ebb4a3675e: 140 arrays, 0.2 MB stored; 1.4 s; peak memory 415 MiB.
2026-10-10T08:48:30Z INFO [874/1000] 6d96c53c-fdf6-4419-8e0b-8c0aa913e30d: 118 arrays, 0.2 MB stored; 1.6 s; peak memory 415 MiB.
2026-10-10T08:48:30Z INFO [875/1000] 6d987a65-4a11-47f7-a79d-44ebbade409a: 48 arrays, 83.9 MB stored; 1.3 s; peak memory 415 MiB.
2026-10-10T08:48:31Z INFO [876/1000] 6d970ef8-989b-42be-8f6e-0d0742125362: 101 arrays, 44271.8 MB stored; 2.7 s; peak memory 415 MiB.
2026-10-10T08:48:32Z INFO [877/1000] 6d98d70e-b6e8-4310-b867-8492c9f67be2: 71 arrays, 39.9 MB stored; 1.8 s; peak memory 415 MiB.
2026-10-10T08:48:32Z INFO [878/1000] 6d99f8ea-4db6-4179-b884-0e1f48f64514: 48 arrays, 83.9 MB stored; 1.2 s; peak memory 415 MiB.
2026-10-10T08:48:33Z INFO [879/1000] 6d974328-70b2-438e-bab9-bfab59fb76ca: 225 arrays, 318.8 MB stored; 4.6 s; peak memory 415 MiB.
2026-10-10T08:48:34Z INFO [880/1000] 6d9a7df8-6bc6-4626-af8d-a56c8cecf6ea: 118 arrays, 0.3 MB stored; 1.4 s; peak memory 415 MiB.
2026-10-10T08:48:34Z INFO [881/1000] 6d99f93a-205a-4e1a-87e7-2a2b2b2dd06b: 66 arrays, 12.8 MB stored; 1.7 s; peak memory 415 MiB.
2026-10-10T08:48:34Z INFO [882/1000] 6d98a3ab-da8e-4b69-add0-5abd0a481efd: 231 arrays, 77.5 MB stored; 4.1 s; peak memory 415 MiB.
2026-10-10T08:48:35Z INFO [883/1000] 6d9b0e89-1331-4596-ab42-a1093b9f0d7c: 117 arrays, 0.7 MB stored; 1.5 s; peak memory 415 MiB.
2026-10-10T08:48:37Z INFO [884/1000] 6d9c4d97-c870-4fbf-a190-becb5110676f: 70 arrays, 20.6 MB stored; 1.5 s; peak memory 415 MiB.
2026-10-10T08:48:37Z INFO [885/1000] 6d9c48a1-ec15-47a9-8931-584832837643: 386 arrays, 3.5 MB stored; 3.2 s; peak memory 415 MiB.
2026-10-10T08:48:40Z INFO [886/1000] 6d9c56fe-3ee1-48cd-8548-8c9b1fa280eb: 314 arrays, 3.4 MB stored; 2.9 s; peak memory 415 MiB.
2026-10-10T08:48:40Z INFO [887/1000] 6d9aa569-98f3-4fad-b850-db0b7a918353: 384 arrays, 78.0 MB stored; 7.0 s; peak memory 415 MiB.
2026-10-10T08:48:41Z INFO [888/1000] 6d9c4afe-7bd8-46c1-aa0c-a7b7bff9e076: 336 arrays, 44.0 MB stored; 6.8 s; peak memory 415 MiB.
2026-10-10T08:48:41Z INFO [889/1000] 6d9d540d-90c5-4324-bf56-faddcbfe9f78: 117 arrays, 0.5 MB stored; 1.2 s; peak memory 415 MiB.
2026-10-10T08:48:41Z INFO [890/1000] 6d9caf1a-96d7-4ad6-9eb6-88d2fba2566b: 457 arrays, 6.2 MB stored; 4.4 s; peak memory 415 MiB.
2026-10-10T08:48:43Z INFO [891/1000] 6d9e25a8-db23-4889-a307-67469dd90fab: 45 arrays, 661.0 MB stored; 1.7 s; peak memory 415 MiB.
2026-10-10T08:48:43Z INFO [892/1000] 6d9e5cce-efca-4e67-8204-245695606375: 48 arrays, 83.9 MB stored; 1.4 s; peak memory 415 MiB.
2026-10-10T08:48:44Z INFO [893/1000] 6d9f4725-3272-4118-b841-0fb30e9a7ea2: 118 arrays, 0.3 MB stored; 1.4 s; peak memory 415 MiB.
2026-10-10T08:48:44Z INFO [894/1000] 6d9f2ff7-8077-4dd2-9488-490feeb1d83c: 110 arrays, 0.4 MB stored; 1.6 s; peak memory 415 MiB.
2026-10-10T08:48:46Z INFO [895/1000] 6d9d38a0-5d61-4d46-89d7-6d964e9290ba: 538 arrays, 8.2 MB stored; 6.0 s; peak memory 415 MiB.
2026-10-10T08:48:46Z INFO [896/1000] 6d9fee2e-bc48-48f7-9787-a9e3a898ca5e: 52 arrays, 19.0 MB stored; 1.4 s; peak memory 415 MiB.
2026-10-10T08:48:47Z INFO [897/1000] 6da11bbb-2095-40bb-8343-804336b9180e: 52 arrays, 13.5 MB stored; 1.2 s; peak memory 415 MiB.
2026-10-10T08:48:47Z INFO [898/1000] 6da071ee-14db-4631-ad4a-8033a3d1de3f: 64 arrays, 43.3 MB stored; 1.6 s; peak memory 415 MiB.
2026-10-10T08:48:49Z INFO [899/1000] 6da1589f-9b1c-46f8-9f75-4fa253c39794: 38 arrays, 33.7 MB stored; 1.9 s; peak memory 415 MiB.
2026-10-10T08:48:49Z INFO [900/1000] 6d9f642b-8c42-43ca-83e1-119239bf7a88: 44 arrays, 2421.3 MB stored; 4.7 s; peak memory 415 MiB.
2026-10-10T08:48:50Z INFO [901/1000] 6d9f2bb9-a644-45f3-b8e7-7ad0979a3860: 964 arrays, 24.5 MB stored; 8.5 s; peak memory 415 MiB.
2026-10-10T08:48:50Z INFO [902/1000] 6da36e22-9444-4008-9ade-572242a59470: 71 arrays, 75.0 MB stored; 1.6 s; peak memory 415 MiB.
2026-10-10T08:48:51Z INFO [903/1000] 6da38ccd-0b7a-449a-9b9f-82bec4e7b665: 115 arrays, 190.1 MB stored; 2.2 s; peak memory 415 MiB.
2026-10-10T08:48:51Z INFO [904/1000] 6da3c9a8-b311-495f-8716-fe924349deb4: 275 arrays, 17.1 MB stored; 1.4 s; peak memory 415 MiB.
2026-10-10T08:48:52Z INFO [905/1000] 6da44fa9-091e-429d-b034-c0bab7becf45: 33 arrays, 514.3 MB stored; 1.2 s; peak memory 415 MiB.
2026-10-10T08:48:52Z INFO [906/1000] 6da48dcb-84c0-4f97-9f8f-f5a63d18eb5e: 48 arrays, 83.9 MB stored; 1.2 s; peak memory 415 MiB.
2026-10-10T08:48:53Z INFO [907/1000] 6da48e5b-3ebd-4637-9b36-44da414aaf8a: 117 arrays, 0.1 MB stored; 1.2 s; peak memory 415 MiB.
2026-10-10T08:48:53Z INFO [908/1000] 6da22511-4a2e-45a1-a932-91ff88d6dd26: 196 arrays, 976.3 MB stored; 6.0 s; peak memory 415 MiB.
2026-10-10T08:48:54Z INFO [909/1000] 6da462e2-6d91-468c-84ff-3d1896d71a60: 197 arrays, 27.1 MB stored; 2.8 s; peak memory 415 MiB.
2026-10-10T08:48:54Z INFO [910/1000] 6da4fcce-54a5-461d-9bdd-eebe16b8f4f2: 151 arrays, 0.0 MB stored; 1.3 s; peak memory 415 MiB.
2026-10-10T08:48:55Z INFO [911/1000] 6da71b97-c99d-46e7-9787-e9a98062810a: 66 arrays, 18.1 MB stored; 1.6 s; peak memory 415 MiB.
2026-10-10T08:48:55Z INFO [912/1000] 6da95eb7-69a5-4869-85c7-203ee3758288: 48 arrays, 83.9 MB stored; 1.3 s; peak memory 415 MiB.
2026-10-10T08:48:55Z INFO [913/1000] 6da96506-9157-4136-a26b-4754248305ba: 79 arrays, 6.8 MB stored; 1.5 s; peak memory 415 MiB.
2026-10-10T08:48:56Z INFO [914/1000] 6da9d047-3824-401b-8d25-e224627cd096: 72 arrays, 8.7 MB stored; 1.3 s; peak memory 415 MiB.
2026-10-10T08:48:57Z INFO [915/1000] 6daa1719-39e7-4e20-9c78-8a75a32c4c64: 50 arrays, 0.4 MB stored; 1.3 s; peak memory 415 MiB.
2026-10-10T08:48:58Z INFO [916/1000] 6da5c62d-1366-4563-a994-72709092d236: 581 arrays, 12.8 MB stored; 5.1 s; peak memory 415 MiB.
2026-10-10T08:48:58Z INFO [917/1000] 6da9eae0-0469-4ced-ad13-f691da357288: 190 arrays, 978.9 MB stored; 3.0 s; peak memory 415 MiB.
2026-10-10T08:48:58Z INFO [918/1000] 6daae7b4-26c0-4d19-895b-2ec54b07342a: 76 arrays, 81.9 MB stored; 1.8 s; peak memory 415 MiB.
2026-10-10T08:48:59Z INFO [919/1000] 6daa66a1-241d-4710-8c1e-5cd370052b36: 116 arrays, 187.0 MB stored; 2.5 s; peak memory 415 MiB.
2026-10-10T08:49:00Z INFO [920/1000] 6dae09d7-0b0e-4ab7-a047-a7baba8ef732: 58 arrays, 0.0 MB stored; 1.1 s; peak memory 415 MiB.
2026-10-10T08:49:01Z INFO [921/1000] 6dabf373-bfac-4e5d-8a72-30225bd9c5c1: 115 arrays, 190.1 MB stored; 2.8 s; peak memory 415 MiB.
2026-10-10T08:49:01Z INFO [922/1000] 6dae278d-e594-4791-ab88-73f79abade5f: 112 arrays, 0.5 MB stored; 1.6 s; peak memory 415 MiB.
2026-10-10T08:49:02Z INFO [923/1000] 6dae3b4c-997c-4bed-b1b9-3e9c22d39a7d: 38 arrays, 0.5 MB stored; 1.2 s; peak memory 415 MiB.
2026-10-10T08:49:03Z INFO [924/1000] 6daf2610-caff-4070-8633-1a76c62332ef: 110 arrays, 0.8 MB stored; 1.8 s; peak memory 415 MiB.
2026-10-10T08:49:03Z INFO [925/1000] 6daf3952-1c3a-41c8-9114-d3c5010c81ed: 112 arrays, 0.0 MB stored; 1.4 s; peak memory 415 MiB.
2026-10-10T08:49:05Z INFO [926/1000] 6dabfd0b-86ad-41c4-9859-f683ae120996: 61 arrays, 756.2 MB stored; 6.7 s; peak memory 415 MiB.
2026-10-10T08:49:06Z INFO [927/1000] 6db10c90-cf45-40cd-8cea-a63080839134: 117 arrays, 0.5 MB stored; 1.3 s; peak memory 415 MiB.
2026-10-10T08:49:08Z INFO [928/1000] 6db1210a-28b4-404e-ac3f-990a694c0ac5: 114 arrays, 186.8 MB stored; 2.2 s; peak memory 415 MiB.
2026-10-10T08:49:10Z INFO [929/1000] 6dac0202-d0d2-4e40-bb78-1341ed0491b2: 1060 arrays, 48.9 MB stored; 12.1 s; peak memory 415 MiB.
2026-10-10T08:49:12Z INFO [930/1000] 6db262b8-f932-4a01-b90a-265ef1a4d5d5: 112 arrays, 0.8 MB stored; 1.4 s; peak memory 415 MiB.
2026-10-10T08:49:13Z INFO [931/1000] 6db28cd1-3b6b-47a5-8852-e88bf6aa0fe2: 80 arrays, 0.8 MB stored; 1.6 s; peak memory 415 MiB.
2026-10-10T08:49:14Z INFO [932/1000] 6d01301d-ba19-45a3-aa16-2c3f8c25f13c: 430 arrays, 82673.5 MB stored; 360.7 s; peak memory 415 MiB.
2026-10-10T08:49:15Z INFO [933/1000] 6db3515b-d51f-4580-8415-9eb9086c49ac: 35 arrays, 0.0 MB stored; 1.2 s; peak memory 415 MiB.
2026-10-10T08:49:15Z INFO [934/1000] 6db28f9c-dc15-4de8-8fe4-da5650e46f67: 112 arrays, 0.6 MB stored; 1.7 s; peak memory 415 MiB.
2026-10-10T08:49:16Z INFO [935/1000] 6db3bec5-6bdf-4f36-9194-085a41293227: 48 arrays, 83.9 MB stored; 1.2 s; peak memory 415 MiB.
2026-10-10T08:49:16Z INFO [936/1000] 6db1de18-8436-493b-8c8b-a5dd92c26e79: 1273 arrays, 29.3 MB stored; 8.1 s; peak memory 415 MiB.
2026-10-10T08:49:18Z INFO [937/1000] 6db3d147-b286-4797-99a5-c5673434f5d0: 112 arrays, 0.6 MB stored; 1.8 s; peak memory 415 MiB.
2026-10-10T08:49:18Z INFO [938/1000] 6db427c8-44e1-48a2-8b67-2ad97ac61dc6: 65 arrays, 734.5 MB stored; 2.1 s; peak memory 415 MiB.
2026-10-10T08:49:20Z INFO [939/1000] 6db4b7fa-cfba-43b3-a483-ffb98dda7cac: 117 arrays, 0.5 MB stored; 1.4 s; peak memory 415 MiB.
2026-10-10T08:49:20Z INFO [940/1000] 6db4c10c-89fb-45cb-8b50-479b6145fa0d: 48 arrays, 83.9 MB stored; 1.4 s; peak memory 415 MiB.
2026-10-10T08:49:21Z INFO [941/1000] 6db3bd20-857f-45e5-bec7-1fe87d2a8862: 87 arrays, 292.4 MB stored; 6.0 s; peak memory 415 MiB.
2026-10-10T08:49:23Z INFO [942/1000] 6db65b51-5a4c-4f38-81f9-8c613c05fa9c: 81 arrays, 381.3 MB stored; 1.8 s; peak memory 415 MiB.
2026-10-10T08:49:26Z INFO [943/1000] 6db63f51-6906-4b40-ba57-99c627ab368d: 38 arrays, 165.3 MB stored; 5.6 s; peak memory 415 MiB.
2026-10-10T08:49:26Z INFO [944/1000] 6db664af-e2c2-44cd-9bee-63f26d69de63: 85 arrays, 1393.1 MB stored; 3.6 s; peak memory 415 MiB.
2026-10-10T08:49:26Z INFO [945/1000] 6db0e5c4-a2ec-460f-a491-5ffd53c7a047: 36 arrays, 1044.1 MB stored; 23.1 s; peak memory 415 MiB.
2026-10-10T08:49:27Z INFO [946/1000] 6db62299-3494-4d51-aa62-ec9eb0a29598: 56 arrays, 126.4 MB stored; 7.0 s; peak memory 415 MiB.
2026-10-10T08:49:27Z INFO [947/1000] 6db6eb29-7ade-4104-98bf-5084a7f577ca: 51 arrays, 4338.1 MB stored; 1.5 s; peak memory 415 MiB.
2026-10-10T08:49:28Z INFO [948/1000] 6db78d31-5ff6-4b72-81d2-1171e816deb0: 55 arrays, 0.0 MB stored; 1.3 s; peak memory 415 MiB.
2026-10-10T08:49:29Z INFO [949/1000] 6db94233-a37a-4756-b2a8-4e8e8f48ca4c: 117 arrays, 0.4 MB stored; 1.6 s; peak memory 415 MiB.
2026-10-10T08:49:29Z INFO [950/1000] 6db7ecbd-2d5e-40f9-b32c-fa579acb9be3: 156 arrays, 193.5 MB stored; 2.7 s; peak memory 415 MiB.
2026-10-10T08:49:30Z INFO [951/1000] 6db94ce7-028b-4a87-9f49-4637bb3ecda9: 90 arrays, 143.2 MB stored; 2.2 s; peak memory 415 MiB.
2026-10-10T08:49:30Z INFO [952/1000] 6db9a959-0298-4d6a-8ac8-3149a967d958: 48 arrays, 83.9 MB stored; 1.2 s; peak memory 415 MiB.
2026-10-10T08:49:30Z INFO [953/1000] 6dbab340-bf9a-45fd-a903-03bdab1bb4d0: 117 arrays, 0.4 MB stored; 1.3 s; peak memory 415 MiB.
2026-10-10T08:49:31Z INFO [954/1000] 6dbabb4d-39b3-4256-a730-fc06a9a38b89: 112 arrays, 1.1 MB stored; 1.6 s; peak memory 415 MiB.
2026-10-10T08:49:32Z INFO [955/1000] 6dbc4b3d-101c-4dca-8c0d-4a5d07830ac2: 117 arrays, 0.6 MB stored; 1.4 s; peak memory 415 MiB.
2026-10-10T08:49:32Z INFO [956/1000] 6dbab511-a76f-4b5c-8b1b-963d6466bdb3: 145 arrays, 0.7 MB stored; 2.3 s; peak memory 415 MiB.
2026-10-10T08:49:33Z INFO [957/1000] 6dbc9234-a34a-4582-8fc8-da7f80848d21: 48 arrays, 83.9 MB stored; 1.3 s; peak memory 415 MiB.
2026-10-10T08:49:33Z INFO [958/1000] 6dbcc3ef-b77d-4f3c-919d-77fe4d0341b1: 48 arrays, 83.9 MB stored; 1.3 s; peak memory 415 MiB.
2026-10-10T08:49:34Z INFO [959/1000] 6dbd0a61-d583-419b-967e-8a4751298618: 48 arrays, 83.9 MB stored; 1.2 s; peak memory 415 MiB.
2026-10-10T08:49:36Z INFO [960/1000] 6db84e0e-23bf-49b3-a805-b632afde8b94: 289 arrays, 1244.7 MB stored; 9.9 s; peak memory 415 MiB.
2026-10-10T08:49:40Z INFO [961/1000] 6dbd90be-2bcd-4052-abc1-448ae9048501: 930 arrays, 12.8 MB stored; 6.9 s; peak memory 415 MiB.
2026-10-10T08:49:41Z INFO [962/1000] 6dbe30b8-443f-43be-939d-1671fd0c6a53: 50 arrays, 0.1 MB stored; 1.1 s; peak memory 415 MiB.
2026-10-10T08:49:42Z INFO [963/1000] 6daf96d2-d705-42be-b8e2-66977b3840bf: 55 arrays, 1844.7 MB stored; 38.5 s; peak memory 415 MiB.
2026-10-10T08:49:43Z INFO [964/1000] 6dbe8da0-93c6-45c9-a1d3-21194809cea8: 58 arrays, 0.0 MB stored; 1.1 s; peak memory 415 MiB.
2026-10-10T08:49:43Z INFO [965/1000] 6ce4e342-b871-484d-9514-a04c11f727f2: 109 arrays, 49162.5 MB stored; 421.6 s; peak memory 415 MiB.
2026-10-10T08:49:43Z INFO [966/1000] 6dbec3e6-6bcc-4bfe-a352-27d745202b8f: 48 arrays, 83.9 MB stored; 1.2 s; peak memory 415 MiB.
2026-10-10T08:49:44Z INFO [967/1000] 6dbdac8e-2348-4b94-9079-29aaa3d13d9f: 897 arrays, 32.6 MB stored; 7.7 s; peak memory 415 MiB.
2026-10-10T08:49:44Z INFO [968/1000] 6dbf0420-480c-4a09-b6d0-2adbb294db25: 66 arrays, 61.4 MB stored; 1.7 s; peak memory 415 MiB.
2026-10-10T08:49:44Z INFO [969/1000] 6dbf738e-d44c-4d5b-8d9d-a4b3c0c3a340: 48 arrays, 83.9 MB stored; 1.5 s; peak memory 415 MiB.
2026-10-10T08:49:46Z INFO [970/1000] 6dbd9231-720e-4759-b1f4-0ad4a8f7d4a3: 288 arrays, 1507.5 MB stored; 11.3 s; peak memory 415 MiB.
2026-10-10T08:49:46Z INFO [971/1000] 6dc09359-b5d8-49ed-9269-e2a439442639: 60 arrays, 10.6 MB stored; 1.5 s; peak memory 415 MiB.
2026-10-10T08:49:47Z INFO [972/1000] 6dc0bb2c-068f-4753-9119-6c87c2c127bb: 118 arrays, 0.2 MB stored; 1.3 s; peak memory 415 MiB.
2026-10-10T08:49:47Z INFO [973/1000] 6dbfdbad-6113-4f50-82e4-e0559f277457: 48 arrays, 34.9 MB stored; 2.9 s; peak memory 415 MiB.
2026-10-10T08:49:48Z INFO [974/1000] 6dc0d98e-6152-4dbf-a378-eedf09be8e68: 153 arrays, 3.3 MB stored; 2.2 s; peak memory 415 MiB.
2026-10-10T08:49:48Z INFO [975/1000] 6dc0ddbb-06c1-44e7-95fb-0eec72f134aa: 117 arrays, 0.3 MB stored; 1.5 s; peak memory 415 MiB.
2026-10-10T08:49:50Z INFO [976/1000] 6dc179d6-f70f-415b-9347-04c53a069d0c: 42 arrays, 1.9 MB stored; 1.4 s; peak memory 415 MiB.
2026-10-10T08:49:50Z INFO [977/1000] 6dc02b6c-acef-4a39-b362-89a4843a1a4e: 193 arrays, 374.6 MB stored; 5.4 s; peak memory 415 MiB.
2026-10-10T08:49:50Z INFO [978/1000] 6dbc5f35-07a6-4db8-9dd2-f3853b6c6a16: 48 arrays, 35084.4 MB stored; 18.9 s; peak memory 415 MiB.
2026-10-10T08:49:50Z INFO [979/1000] 6dc23197-23ae-42b4-8bab-b3aef0710cb7: 119 arrays, 66.4 MB stored; 2.0 s; peak memory 415 MiB.
2026-10-10T08:49:51Z INFO [980/1000] 6dc391dd-bc38-4d2f-ad22-23f078640a2f: 112 arrays, 0.3 MB stored; 1.3 s; peak memory 415 MiB.
2026-10-10T08:49:52Z INFO [981/1000] 6dc4f003-9478-4d05-af71-52d597fbd285: 46 arrays, 0.1 MB stored; 1.2 s; peak memory 415 MiB.
2026-10-10T08:49:52Z INFO [982/1000] 6dc2848b-384d-4d43-a138-eec1749de26f: 119 arrays, 66.4 MB stored; 2.1 s; peak memory 415 MiB.
2026-10-10T08:49:52Z INFO [983/1000] 6dc4e176-c991-49ec-85af-2114876506dc: 112 arrays, 0.6 MB stored; 1.9 s; peak memory 415 MiB.
2026-10-10T08:49:52Z INFO [984/1000] 6dbfbf83-c24b-4062-945b-99830ed97f65: 652 arrays, 23.7 MB stored; 9.4 s; peak memory 415 MiB.
2026-10-10T08:49:52Z INFO [985/1000] 6dc57a32-f3af-4cd5-9db4-02a17eea454b: 117 arrays, 0.3 MB stored; 1.5 s; peak memory 415 MiB.
2026-10-10T08:49:53Z INFO [986/1000] 6dc5acb4-9e11-48e5-87fc-72e05fe509e1: 48 arrays, 83.9 MB stored; 1.3 s; peak memory 415 MiB.
2026-10-10T08:49:53Z INFO [987/1000] 6dc61bca-8469-4bcb-aaec-558247bedadc: 41 arrays, 8.4 MB stored; 1.3 s; peak memory 415 MiB.
2026-10-10T08:49:54Z INFO [988/1000] 6dc67366-c81a-43d2-bf54-deda9281f09a: 48 arrays, 83.9 MB stored; 1.4 s; peak memory 415 MiB.
2026-10-10T08:49:55Z INFO [989/1000] 6dc801f7-21a2-4080-a8c7-f8d5c1ee4415: 48 arrays, 83.9 MB stored; 1.4 s; peak memory 415 MiB.
2026-10-10T08:49:55Z INFO [990/1000] 6dc7b77b-8a25-4140-a37b-bcbd08d5dade: 64 arrays, 69.0 MB stored; 2.1 s; peak memory 415 MiB.
2026-10-10T08:49:55Z INFO [991/1000] 6dc16b0e-9c0d-4aa6-87cf-d719be77a270: 336 arrays, 44.0 MB stored; 8.3 s; peak memory 415 MiB.
2026-10-10T08:49:56Z INFO [992/1000] 6dc9296c-7344-4d27-a788-e9e8087a2884: 116 arrays, 0.5 MB stored; 1.5 s; peak memory 415 MiB.
2026-10-10T08:49:56Z INFO [993/1000] 6dca4162-6818-4fb3-b127-7660ba459100: 117 arrays, 0.3 MB stored; 1.3 s; peak memory 415 MiB.
2026-10-10T08:49:58Z INFO [994/1000] 6dc618b6-7c88-4a93-bc4a-9144e1fba177: 575 arrays, 16.8 MB stored; 6.1 s; peak memory 415 MiB.
2026-10-10T08:50:00Z INFO [995/1000] 6dc87a2d-b04f-4589-8ea7-2906f8c32635: 781 arrays, 20.8 MB stored; 6.2 s; peak memory 415 MiB.
2026-10-10T08:50:01Z INFO [996/1000] 6dca80f1-36ba-4127-8ad0-e07a927c5ca4: 196 arrays, 705.0 MB stored; 4.4 s; peak memory 415 MiB.
2026-10-10T08:50:10Z INFO [997/1000] 6dc6e26a-c109-4d35-81cb-feffa4290371: 48 arrays, 45443.1 MB stored; 17.7 s; peak memory 415 MiB.
2026-10-10T08:50:14Z INFO [998/1000] 6dca626c-0ba4-464b-ac74-afdab0183bb0: 816 arrays, 24.8 MB stored; 18.4 s; peak memory 415 MiB.
2026-10-10T08:51:14Z INFO [999/1000] 6d8e4d3f-9e8e-4fc9-8519-d106ac9d33f6: 436 arrays, 39367.1 MB stored; 180.6 s; peak memory 415 MiB.
2026-10-10T09:04:29Z WARNING 6d233dd2-4655-4cdd-9646-f4a792c07926: failed while reading the NWB file (TimeoutError: exceeded 1200 s)
2026-10-10T09:04:29Z WARNING [1000/1000] 6d233dd2-4655-4cdd-9646-f4a792c07926: recorded the failure; a later run retries it.
2026-10-10T09:04:30Z INFO [1000/1000] 6d233dd2-4655-4cdd-9646-f4a792c07926: checkpointed 1000 new records.
2026-10-10T09:04:30Z INFO Wrote 73200 records to /tmp/derivatives/valid_nwb_file_to_array_sizes.jsonl (999 new, 1 failed) in 26.8 min (peak memory 576 MiB).
