2026-10-10T06:08:20Z INFO Logging to /tmp/logs/update_2026-10-10T06-08-20Z.log.
2026-10-10T06:08:20Z INFO Update valid-nwb-file-to-array-sizes (base directory /tmp).
2026-10-10T06:09:01Z INFO Processing 1000 items (68200 already recorded).
2026-10-10T06:09:03Z INFO [1/1000] 665cda37-3a51-4e26-b2cb-7536677c29d5: 46 arrays, 0.1 MB stored; 1.9 s; peak memory 163 MiB.
2026-10-10T06:09:03Z INFO [2/1000] 665cc3f3-3a85-42e4-8d89-f8206e427633: 48 arrays, 83.9 MB stored; 2.0 s; peak memory 163 MiB.
2026-10-10T06:09:03Z INFO [3/1000] 665c30b5-6cbb-4fd1-bb30-b47cce64e85b: 45 arrays, 10.9 MB stored; 2.2 s; peak memory 163 MiB.
2026-10-10T06:09:03Z INFO [4/1000] 665c396c-a79e-4cfc-88c9-d6bcae18e507: 71 arrays, 35.5 MB stored; 2.7 s; peak memory 163 MiB.
2026-10-10T06:09:04Z INFO [5/1000] 665c77b4-5ece-4360-9922-ff7c835c2fc5: 133 arrays, 7.1 MB stored; 3.0 s; peak memory 163 MiB.
2026-10-10T06:09:04Z INFO [6/1000] 665c2584-4024-4a5a-8d44-638742dd047d: 115 arrays, 190.2 MB stored; 3.2 s; peak memory 163 MiB.
2026-10-10T06:09:04Z INFO [7/1000] 665ceade-9638-4a8e-8d81-ffdbec7dd450: 112 arrays, 0.7 MB stored; 1.7 s; peak memory 163 MiB.
2026-10-10T06:09:05Z INFO [8/1000] 665d57b0-dffa-45c4-84d9-14e0c2eb3f20: 96 arrays, 18.8 MB stored; 2.2 s; peak memory 163 MiB.
2026-10-10T06:09:05Z INFO [9/1000] 665f363f-316a-4c8d-a359-4e66f5c54b08: 92 arrays, 7.2 MB stored; 1.1 s; peak memory 163 MiB.
2026-10-10T06:09:05Z INFO [10/1000] 665f2134-290c-467a-a154-a099c38f39fc: 117 arrays, 0.4 MB stored; 1.4 s; peak memory 163 MiB.
2026-10-10T06:09:05Z INFO [11/1000] 665eddc9-73e5-44f0-9140-c43f931ef4a5: 65 arrays, 669.6 MB stored; 1.8 s; peak memory 163 MiB.
2026-10-10T06:09:06Z INFO [12/1000] 665f8df5-a818-4cd0-8931-f2490af47311: 48 arrays, 83.9 MB stored; 1.5 s; peak memory 163 MiB.
2026-10-10T06:09:06Z INFO [13/1000] 66607bb1-4016-4c97-bc21-e1ceb587621d: 48 arrays, 83.9 MB stored; 1.3 s; peak memory 163 MiB.
2026-10-10T06:09:07Z INFO [14/1000] 666043d4-ffef-4f5b-b44a-85d5189caec6: 117 arrays, 0.5 MB stored; 1.6 s; peak memory 163 MiB.
2026-10-10T06:09:08Z INFO [15/1000] 6661de3a-4198-4dc8-b03c-e29389c240b5: 48 arrays, 83.9 MB stored; 1.3 s; peak memory 163 MiB.
2026-10-10T06:09:08Z INFO [16/1000] 665fba65-0a92-491c-9e91-b6d303aaeb15: 114 arrays, 186.8 MB stored; 2.8 s; peak memory 163 MiB.
2026-10-10T06:09:08Z INFO [17/1000] 66625941-91e1-4c01-bee7-42b82612cced: 116 arrays, 0.4 MB stored; 1.4 s; peak memory 163 MiB.
2026-10-10T06:09:09Z INFO [18/1000] 66622d7e-4000-4bff-8944-9255d7520dd6: 124 arrays, 0.8 MB stored; 2.2 s; peak memory 163 MiB.
2026-10-10T06:09:09Z INFO [19/1000] 6662aa95-c53c-4eb2-9214-e66296851470: 48 arrays, 83.9 MB stored; 1.3 s; peak memory 163 MiB.
2026-10-10T06:09:09Z INFO [20/1000] 6662cc09-d986-4c23-a513-066ee7265c73: 117 arrays, 0.2 MB stored; 1.5 s; peak memory 163 MiB.
2026-10-10T06:09:10Z INFO [21/1000] 6662ce9d-845b-4ae8-8deb-3c2c439d6dd0: 52 arrays, 13.2 MB stored; 1.5 s; peak memory 163 MiB.
2026-10-10T06:09:10Z INFO [22/1000] 665f87ac-13fe-4e2c-acb5-c6406b98b19b: 1493 arrays, 9.9 MB stored; 5.4 s; peak memory 163 MiB.
2026-10-10T06:09:10Z INFO [23/1000] 66630278-a205-4cd8-86cb-f8b623e454f4: 48 arrays, 83.9 MB stored; 1.5 s; peak memory 163 MiB.
2026-10-10T06:09:11Z INFO [24/1000] 66636045-e1c2-4b11-bd43-85628b2dfd79: 110 arrays, 1.4 MB stored; 1.7 s; peak memory 163 MiB.
2026-10-10T06:09:11Z INFO [25/1000] 665c5cee-4d04-4d8a-8bf0-9955f0d79f57: 1126 arrays, 27.1 MB stored; 10.1 s; peak memory 163 MiB.
2026-10-10T06:09:12Z INFO [26/1000] 6663d28a-d3b9-449c-8586-0044e93ce655: 69 arrays, 28.3 MB stored; 1.7 s; peak memory 163 MiB.
2026-10-10T06:09:12Z INFO [27/1000] 6664aaff-dd53-44ff-83cf-361d5a926d8f: 48 arrays, 83.9 MB stored; 1.2 s; peak memory 163 MiB.
2026-10-10T06:09:12Z INFO [28/1000] 666490d6-8cda-4cd8-9329-cf2de985b755: 48 arrays, 83.9 MB stored; 1.3 s; peak memory 163 MiB.
2026-10-10T06:09:12Z INFO [29/1000] 66638362-3460-4bdc-b97b-9bda5a225243: 119 arrays, 67.4 MB stored; 2.7 s; peak memory 163 MiB.
2026-10-10T06:09:13Z INFO [30/1000] 66656ab6-ed0b-4c36-8a9f-f6e2df73017f: 48 arrays, 83.9 MB stored; 1.3 s; peak memory 163 MiB.
2026-10-10T06:09:14Z INFO [31/1000] 6665e029-54e8-47ff-b7ed-c17138c5f133: 77 arrays, 0.9 MB stored; 1.6 s; peak memory 163 MiB.
2026-10-10T06:09:14Z INFO [32/1000] 6665f88d-3d73-44e3-8f28-643c5063f5b6: 52 arrays, 11.5 MB stored; 1.5 s; peak memory 163 MiB.
2026-10-10T06:09:15Z INFO [33/1000] 666716ae-b9d6-4dd6-a062-a104f65c8343: 54 arrays, 0.0 MB stored; 1.0 s; peak memory 163 MiB.
2026-10-10T06:09:15Z INFO [34/1000] 6666fd87-daf3-4290-bf77-16079810ff19: 289 arrays, 17.1 MB stored; 1.6 s; peak memory 163 MiB.
2026-10-10T06:09:16Z INFO [35/1000] 66667286-6875-4d1a-b64d-186073ed89cc: 119 arrays, 67.4 MB stored; 2.6 s; peak memory 163 MiB.
2026-10-10T06:09:16Z INFO [36/1000] 666748b2-69d2-417b-a01e-123ffacf2e15: 52 arrays, 10.4 MB stored; 1.2 s; peak memory 163 MiB.
2026-10-10T06:09:17Z INFO [37/1000] 666368c7-d65a-4a08-8aff-4d8978c95035: 49 arrays, 10903.5 MB stored; 8.0 s; peak memory 163 MiB.
2026-10-10T06:09:17Z INFO [38/1000] 66685daa-9690-493a-a769-7724d7392d95: 67 arrays, 37.2 MB stored; 1.5 s; peak memory 163 MiB.
2026-10-10T06:09:18Z INFO [39/1000] 6663a738-0416-4be3-9617-2d341f1ee2b8: 44 arrays, 179.8 MB stored; 8.0 s; peak memory 163 MiB.
2026-10-10T06:09:18Z INFO [40/1000] 6664c040-2a37-4443-94ec-c7b63afd7905: 538 arrays, 8.2 MB stored; 6.1 s; peak memory 163 MiB.
2026-10-10T06:09:19Z INFO [41/1000] 666aa692-6e2c-4dcd-b26d-19f13567f9b5: 48 arrays, 83.9 MB stored; 1.4 s; peak memory 163 MiB.
2026-10-10T06:09:20Z INFO [42/1000] 666a5b5a-fcfd-4ed1-aacc-6197875cff6e: 156 arrays, 193.6 MB stored; 2.5 s; peak memory 163 MiB.
2026-10-10T06:09:20Z INFO [43/1000] 666af5a5-b354-46d2-a93d-6632c3ca2c93: 38 arrays, 0.4 MB stored; 1.1 s; peak memory 163 MiB.
2026-10-10T06:09:21Z INFO [44/1000] 6668e091-5f39-4609-a280-5080298b3603: 276 arrays, 548.7 MB stored; 3.7 s; peak memory 163 MiB.
2026-10-10T06:09:21Z INFO [45/1000] 666cf03b-6284-4dc9-b080-10db84f4da0e: 48 arrays, 83.9 MB stored; 1.3 s; peak memory 163 MiB.
2026-10-10T06:09:22Z INFO [46/1000] 666d8352-3c21-46bd-8783-65ae6624dcc7: 41 arrays, 8.4 MB stored; 1.1 s; peak memory 163 MiB.
2026-10-10T06:09:22Z INFO [47/1000] 6668be5a-a742-421e-bd59-182d5305235c: 1336 arrays, 14.5 MB stored; 6.3 s; peak memory 163 MiB.
2026-10-10T06:09:23Z INFO [48/1000] 666ea073-8b41-4ab0-bd42-4a07afaa6453: 152 arrays, 0.2 MB stored; 1.4 s; peak memory 163 MiB.
2026-10-10T06:09:23Z INFO [49/1000] 6670c1eb-5414-41be-8a35-57bfa970c205: 117 arrays, 0.5 MB stored; 1.3 s; peak memory 163 MiB.
2026-10-10T06:09:24Z INFO [50/1000] 6670fdca-96a1-4571-9b0a-e499c0762ce7: 142 arrays, 1.3 MB stored; 1.4 s; peak memory 163 MiB.
2026-10-10T06:09:24Z INFO [51/1000] 66724c3a-c329-4705-826c-e238bb579e3e: 52 arrays, 0.0 MB stored; 1.0 s; peak memory 163 MiB.
2026-10-10T06:09:24Z INFO [52/1000] 6671e33b-0058-43c7-95e5-b188ce4194aa: 230 arrays, 0.7 MB stored; 1.6 s; peak memory 163 MiB.
2026-10-10T06:09:26Z INFO [53/1000] 66733a16-c04b-4ad2-8d43-3498c9d0f2d7: 112 arrays, 0.5 MB stored; 1.5 s; peak memory 163 MiB.
2026-10-10T06:09:26Z INFO [54/1000] 667257be-7afa-4cc8-8f6a-9c8d0858d8a1: 112 arrays, 1.0 MB stored; 2.1 s; peak memory 163 MiB.
2026-10-10T06:09:26Z INFO [55/1000] 6667a9a6-4480-47af-80cc-438f7caa0b00: 4050 arrays, 32.5 MB stored; 11.4 s; peak memory 163 MiB.
2026-10-10T06:09:27Z INFO [56/1000] 6673080b-20bb-4981-ae36-d12ab18bde6d: 156 arrays, 193.5 MB stored; 3.3 s; peak memory 163 MiB.
2026-10-10T06:09:28Z INFO [57/1000] 66740922-a3a8-4da8-95db-51f30eca88dd: 128 arrays, 3.6 MB stored; 2.0 s; peak memory 163 MiB.
2026-10-10T06:09:28Z INFO [58/1000] 66743025-6ddc-4e75-abe7-82ae9ce277fd: 76 arrays, 4.4 MB stored; 1.4 s; peak memory 163 MiB.
2026-10-10T06:09:29Z INFO [59/1000] 6674a84e-4203-4939-b6d9-509fbdcd1efd: 112 arrays, 1.0 MB stored; 1.5 s; peak memory 163 MiB.
2026-10-10T06:09:29Z INFO [60/1000] 6674edcc-968a-4602-ab4c-541e7b92e28d: 48 arrays, 83.9 MB stored; 1.1 s; peak memory 163 MiB.
2026-10-10T06:09:29Z INFO [61/1000] 666d89e7-9ddb-4c0b-ad6e-54c78ec3bb53: 971 arrays, 32.8 MB stored; 8.2 s; peak memory 163 MiB.
2026-10-10T06:09:29Z INFO [62/1000] 6675691e-2a68-4cc0-b315-87c18391c6eb: 101 arrays, 0.3 MB stored; 1.4 s; peak memory 163 MiB.
2026-10-10T06:09:30Z INFO [63/1000] 667647cf-7c26-4e01-9171-760f28c03c47: 117 arrays, 0.2 MB stored; 1.5 s; peak memory 163 MiB.
2026-10-10T06:09:30Z INFO [64/1000] 667672c0-1118-4bcb-9eb8-83898946a5a0: 117 arrays, 0.3 MB stored; 1.5 s; peak memory 163 MiB.
2026-10-10T06:09:30Z INFO [65/1000] 6676fe6c-86d9-43a7-be3a-645d3afe681a: 48 arrays, 83.9 MB stored; 1.3 s; peak memory 163 MiB.
2026-10-10T06:09:32Z INFO [66/1000] 6679221e-c8dd-4812-9a97-d8fa732c44c4: 69 arrays, 51.5 MB stored; 1.6 s; peak memory 163 MiB.
2026-10-10T06:09:32Z INFO [67/1000] 667742f2-3032-44e1-831f-324dc8354906: 71 arrays, 73.6 MB stored; 2.0 s; peak memory 163 MiB.
2026-10-10T06:09:33Z INFO [68/1000] 66783e03-772d-4e45-ab6c-36e8ea1ab704: 115 arrays, 186.8 MB stored; 2.5 s; peak memory 163 MiB.
2026-10-10T06:09:34Z INFO [69/1000] 667a5ba7-a746-4f3a-83f1-95d91a4339d5: 63 arrays, 0.1 MB stored; 1.3 s; peak memory 163 MiB.
2026-10-10T06:09:34Z INFO [70/1000] 667a9e16-fc64-4a44-a67d-63aa8c37c2d7: 118 arrays, 0.3 MB stored; 1.3 s; peak memory 163 MiB.
2026-10-10T06:09:35Z INFO [71/1000] 667b6583-ffb4-4147-9882-ed32789eda48: 33 arrays, 0.0 MB stored; 1.0 s; peak memory 163 MiB.
2026-10-10T06:09:35Z INFO [72/1000] 667a1482-204c-4354-a52b-59f31d4943cd: 116 arrays, 187.1 MB stored; 2.6 s; peak memory 163 MiB.
2026-10-10T06:09:35Z INFO [73/1000] 6673b5da-d187-43e8-9624-4693d010c888: 433 arrays, 11490.3 MB stored; 9.1 s; peak memory 163 MiB.
2026-10-10T06:09:35Z INFO [74/1000] 666a87a2-6a1f-4daa-a0dc-61b60f91ebfa: 1933 arrays, 35.6 MB stored; 17.6 s; peak memory 163 MiB.
2026-10-10T06:09:36Z INFO [75/1000] 667bab68-fa2a-4334-9fe0-cb18526d180a: 51 arrays, 4470.7 MB stored; 1.6 s; peak memory 163 MiB.
2026-10-10T06:09:36Z INFO [76/1000] 6676a205-d294-4273-9985-ae4bc7a32e61: 632 arrays, 18.4 MB stored; 7.1 s; peak memory 163 MiB.
2026-10-10T06:09:36Z INFO [77/1000] 667d3e67-8f67-428d-8b45-96adff0029c0: 33 arrays, 0.0 MB stored; 1.4 s; peak memory 163 MiB.
2026-10-10T06:09:36Z INFO [78/1000] 667d99a6-ea77-42e5-8728-974934d88e9e: 48 arrays, 83.9 MB stored; 1.2 s; peak memory 163 MiB.
2026-10-10T06:09:37Z INFO [79/1000] 667cf522-21dc-41c3-b271-1ec7a0597fba: 113 arrays, 3.5 MB stored; 2.3 s; peak memory 163 MiB.
2026-10-10T06:09:37Z INFO [80/1000] 667db2be-35fa-4975-ad20-0b0cbe150a17: 68 arrays, 0.5 MB stored; 1.4 s; peak memory 163 MiB.
2026-10-10T06:09:37Z INFO [81/1000] 667d75f1-a4d5-47bb-977a-65328441edeb: 114 arrays, 186.8 MB stored; 2.6 s; peak memory 163 MiB.
2026-10-10T06:09:38Z INFO [82/1000] 667f876c-42c7-46c6-acc6-88cd9a81e83f: 44 arrays, 0.0 MB stored; 1.1 s; peak memory 163 MiB.
2026-10-10T06:09:38Z INFO [83/1000] 667f53fc-bb3c-4f15-b221-7e7c1956fc63: 116 arrays, 0.3 MB stored; 1.5 s; peak memory 163 MiB.
2026-10-10T06:09:38Z INFO [84/1000] 667e429a-d27f-4ced-b54c-4571b7fe7c09: 45 arrays, 654.1 MB stored; 1.9 s; peak memory 163 MiB.
2026-10-10T06:09:38Z INFO [85/1000] 66805348-c0e6-4c66-a802-b5ac661aa6a7: 89 arrays, 0.9 MB stored; 1.6 s; peak memory 163 MiB.
2026-10-10T06:09:39Z INFO [86/1000] 66819349-50c0-4bf4-b009-f37282d32fe2: 52 arrays, 0.0 MB stored; 1.3 s; peak memory 163 MiB.
2026-10-10T06:09:39Z INFO [87/1000] 66815b00-9b09-41ae-b679-ef4fef42ec24: 48 arrays, 83.9 MB stored; 1.5 s; peak memory 163 MiB.
2026-10-10T06:09:39Z INFO [88/1000] 66810911-1261-4179-ad28-216069144326: 111 arrays, 0.3 MB stored; 1.7 s; peak memory 163 MiB.
2026-10-10T06:09:39Z INFO [89/1000] 6680c85e-67a2-4456-b1e5-b75707dcc6b8: 119 arrays, 66.4 MB stored; 2.2 s; peak memory 163 MiB.
2026-10-10T06:09:39Z INFO [90/1000] 668340f0-6161-40f6-9686-fd0f17894cf2: 48 arrays, 83.9 MB stored; 1.4 s; peak memory 163 MiB.
2026-10-10T06:09:40Z INFO [91/1000] 668348ed-06e0-434c-aefb-aa139e5e1bd3: 52 arrays, 14.8 MB stored; 1.2 s; peak memory 163 MiB.
2026-10-10T06:09:40Z INFO [92/1000] 6683613f-5c01-4129-99a5-07fc33aa8448: 50 arrays, 0.9 MB stored; 1.5 s; peak memory 163 MiB.
2026-10-10T06:09:41Z INFO [93/1000] 66840ba4-ec8d-4a2b-b6a9-c5f609b46b34: 46 arrays, 12.6 MB stored; 1.4 s; peak memory 163 MiB.
2026-10-10T06:09:41Z INFO [94/1000] 66835bb7-4981-4b73-9c6c-60d766b452a5: 112 arrays, 0.5 MB stored; 1.9 s; peak memory 163 MiB.
2026-10-10T06:09:41Z INFO [95/1000] 66847267-8baa-401b-8bcb-a206c9bc63d1: 101 arrays, 13.5 MB stored; 1.7 s; peak memory 163 MiB.
2026-10-10T06:09:42Z INFO [96/1000] 6686e68c-d29c-430b-8dc6-949171baaec4: 41 arrays, 14.4 MB stored; 1.2 s; peak memory 163 MiB.
2026-10-10T06:09:42Z INFO [97/1000] 668768c2-6ee4-4154-9818-64f022d2dae3: 112 arrays, 0.5 MB stored; 1.5 s; peak memory 163 MiB.
2026-10-10T06:09:43Z INFO [98/1000] 66878000-f0b7-42e3-b7fb-23a9f7fea246: 112 arrays, 1.1 MB stored; 1.6 s; peak memory 163 MiB.
2026-10-10T06:09:44Z INFO [99/1000] 6689b35b-d24c-4b92-b1b1-d7e9bb33d734: 152 arrays, 0.9 MB stored; 1.8 s; peak memory 163 MiB.
2026-10-10T06:09:45Z INFO [100/1000] 6688d924-08a3-4248-a417-be8c784869c1: 388 arrays, 5.4 MB stored; 2.9 s; peak memory 163 MiB.
2026-10-10T06:09:45Z INFO [101/1000] 668a33ed-c724-49b2-a0d6-0bc52404daef: 118 arrays, 67.1 MB stored; 2.2 s; peak memory 163 MiB.
2026-10-10T06:09:45Z INFO [102/1000] 66839bb0-9c5c-4c4f-b90a-49e07602137f: 343 arrays, 48.0 MB stored; 6.0 s; peak memory 163 MiB.
2026-10-10T06:09:45Z INFO [103/1000] 668aa86a-6e88-439c-b97a-99ab97e68c37: 48 arrays, 83.9 MB stored; 1.2 s; peak memory 163 MiB.
2026-10-10T06:09:46Z INFO [104/1000] 668ad0f7-00e0-41ca-86e6-9ad25c2cb360: 48 arrays, 83.9 MB stored; 1.3 s; peak memory 163 MiB.
2026-10-10T06:09:46Z INFO [105/1000] 668ad1ed-7507-45e5-a6e6-d527f4ef28e7: 48 arrays, 83.9 MB stored; 1.4 s; peak memory 163 MiB.
2026-10-10T06:09:47Z INFO [106/1000] 66852280-c50a-42b1-8b78-aeda9f853918: 780 arrays, 38.2 MB stored; 7.3 s; peak memory 163 MiB.
2026-10-10T06:09:47Z INFO [107/1000] 668b7e93-0507-41f2-bd1b-60f3c6646ad0: 59 arrays, 289.1 MB stored; 1.7 s; peak memory 163 MiB.
2026-10-10T06:09:47Z INFO [108/1000] 665ec16a-5969-4465-b25f-4ef7f71e065c: 2188 arrays, 1805.3 MB stored; 44.4 s; peak memory 163 MiB.
2026-10-10T06:09:47Z INFO [109/1000] 668c3899-6977-490d-a619-2bba5eac62aa: 45 arrays, 7.3 MB stored; 1.3 s; peak memory 163 MiB.
2026-10-10T06:09:47Z INFO [110/1000] 668b3965-56f8-4c81-92b4-228586d08e4a: 76 arrays, 107.5 MB stored; 2.3 s; peak memory 163 MiB.
2026-10-10T06:09:48Z INFO [111/1000] 668d5fc5-3a97-4513-ace2-2cbb6b04fad8: 51 arrays, 0.0 MB stored; 1.1 s; peak memory 163 MiB.
2026-10-10T06:09:48Z INFO [112/1000] 6686f0fe-dff0-4c35-8774-345bf26df148: 649 arrays, 31.4 MB stored; 7.3 s; peak memory 163 MiB.
2026-10-10T06:09:48Z INFO [113/1000] 668dc1d3-1db4-4e51-9aa1-7388ec490266: 48 arrays, 83.9 MB stored; 1.5 s; peak memory 163 MiB.
2026-10-10T06:09:49Z INFO [114/1000] 668dceef-49d5-4510-84d7-7297ceb69daf: 117 arrays, 0.4 MB stored; 1.5 s; peak memory 163 MiB.
2026-10-10T06:09:49Z INFO [115/1000] 668df947-f879-4455-85e7-7921e11b46dd: 117 arrays, 0.4 MB stored; 1.8 s; peak memory 163 MiB.
2026-10-10T06:09:49Z INFO [116/1000] 668ee4dc-2126-4014-bb18-14ec6a3d5930: 114 arrays, 0.2 MB stored; 1.7 s; peak memory 163 MiB.
2026-10-10T06:09:49Z INFO [117/1000] 668ef1bf-3e7f-4dbd-8e48-4a93d397d4c7: 52 arrays, 11.8 MB stored; 1.7 s; peak memory 163 MiB.
2026-10-10T06:09:49Z INFO [118/1000] 668f2810-c4c7-4042-bb50-6c5f932711b1: 39 arrays, 786.4 MB stored; 1.3 s; peak memory 163 MiB.
2026-10-10T06:09:50Z INFO [119/1000] 669095cd-2175-45ad-8eae-9e902bfd7367: 46 arrays, 0.1 MB stored; 1.2 s; peak memory 163 MiB.
2026-10-10T06:09:50Z INFO [120/1000] 668f7c1f-f74f-4731-9a34-d588884cc9f3: 233 arrays, 17.1 MB stored; 1.7 s; peak memory 163 MiB.
2026-10-10T06:09:51Z INFO [121/1000] 66909836-2f4a-4d62-b2d7-9539d6afbac5: 52 arrays, 11.2 MB stored; 1.5 s; peak memory 163 MiB.
2026-10-10T06:09:51Z INFO [122/1000] 6690b84b-69fd-4c69-9be4-ad5f284fef2f: 50 arrays, 11.6 MB stored; 1.6 s; peak memory 163 MiB.
2026-10-10T06:09:51Z INFO [123/1000] 66915eb7-83b8-412d-b7a8-025ac7e8e811: 45 arrays, 0.0 MB stored; 1.1 s; peak memory 163 MiB.
2026-10-10T06:09:51Z INFO [124/1000] 668f7244-4572-4057-84e4-b300ad01f9b9: 156 arrays, 193.5 MB stored; 3.0 s; peak memory 163 MiB.
2026-10-10T06:09:52Z INFO [125/1000] 6691c3b9-ad46-40c6-9478-c8e870c1a751: 117 arrays, 0.3 MB stored; 1.5 s; peak memory 163 MiB.
2026-10-10T06:09:52Z INFO [126/1000] 6691f7b3-00e6-4870-a57d-360d7809e858: 116 arrays, 9.8 MB stored; 1.6 s; peak memory 163 MiB.
2026-10-10T06:09:52Z INFO [127/1000] 669201ad-07fa-41c6-95a9-ea73e9641acf: 48 arrays, 83.9 MB stored; 1.3 s; peak memory 163 MiB.
2026-10-10T06:09:53Z INFO [128/1000] 66920e99-0bd3-4f9f-a21c-2921590bb72b: 116 arrays, 0.4 MB stored; 1.3 s; peak memory 163 MiB.
2026-10-10T06:09:53Z INFO [129/1000] 66922b54-7539-43bd-9cbb-dfbe8f950c5c: 48 arrays, 83.9 MB stored; 1.5 s; peak memory 163 MiB.
2026-10-10T06:09:53Z INFO [130/1000] 6694bf7c-a709-47ed-b3e8-fd2c25ec0de3: 42 arrays, 58.1 MB stored; 1.3 s; peak memory 163 MiB.
2026-10-10T06:09:54Z INFO [131/1000] 66936ae1-7f1c-4f75-b8f7-8ca719fd294d: 52 arrays, 9.4 MB stored; 1.5 s; peak memory 163 MiB.
2026-10-10T06:09:54Z INFO [132/1000] 66921354-b843-4308-873f-5bfb5aa02fc4: 285 arrays, 2.1 MB stored; 2.8 s; peak memory 163 MiB.
2026-10-10T06:09:54Z INFO [133/1000] 66911686-3bf1-480b-b5bf-45f48104b196: 54 arrays, 614.7 MB stored; 5.1 s; peak memory 163 MiB.
2026-10-10T06:09:54Z INFO [134/1000] 66958129-bb6d-4fab-9e51-29c8c96698b7: 62 arrays, 3036.0 MB stored; 1.7 s; peak memory 163 MiB.
2026-10-10T06:09:55Z INFO [135/1000] 6696e7c9-a3b8-4f22-becf-a791159780a7: 38 arrays, 0.5 MB stored; 1.4 s; peak memory 163 MiB.
2026-10-10T06:09:55Z INFO [136/1000] 669705bc-e0ac-40e6-8e60-a9d022582686: 48 arrays, 83.9 MB stored; 1.3 s; peak memory 163 MiB.
2026-10-10T06:09:56Z INFO [137/1000] 66970fc8-5790-425d-baf6-52c646a360d0: 48 arrays, 83.9 MB stored; 1.3 s; peak memory 163 MiB.
2026-10-10T06:09:56Z INFO [138/1000] 6698295d-a284-4938-9e91-225ef039ec05: 117 arrays, 0.3 MB stored; 1.7 s; peak memory 163 MiB.
2026-10-10T06:09:57Z INFO [139/1000] 669a17cd-e4bd-493b-883f-e6ea80bd8bd5: 43 arrays, 1.0 MB stored; 1.2 s; peak memory 163 MiB.
2026-10-10T06:09:57Z INFO [140/1000] 669ac77b-d61e-48f9-a191-0354b5a5fc9c: 114 arrays, 0.1 MB stored; 1.3 s; peak memory 163 MiB.
2026-10-10T06:09:57Z INFO [141/1000] 669842b8-e6e2-49f5-885f-b8dcbc7dc1cc: 114 arrays, 186.8 MB stored; 2.5 s; peak memory 163 MiB.
2026-10-10T06:09:58Z INFO [142/1000] 669bb994-1ef6-4dc4-84e7-5cf1cda01d2c: 112 arrays, 0.8 MB stored; 1.5 s; peak memory 163 MiB.
2026-10-10T06:09:59Z INFO [143/1000] 669c44e0-7c29-413e-9067-d9f0360bbdb5: 38 arrays, 0.5 MB stored; 1.2 s; peak memory 163 MiB.
2026-10-10T06:09:59Z INFO [144/1000] 669b6c08-3c42-4e52-b96f-a26388d2779e: 116 arrays, 187.1 MB stored; 2.6 s; peak memory 163 MiB.
2026-10-10T06:10:00Z INFO [145/1000] 669ca2cf-f422-4536-99b5-b3d2a880c973: 48 arrays, 83.9 MB stored; 1.2 s; peak memory 163 MiB.
2026-10-10T06:10:00Z INFO [146/1000] 6696c245-eb23-44e0-a8f1-c9dac7195b5d: 926 arrays, 25.1 MB stored; 6.3 s; peak memory 163 MiB.
2026-10-10T06:10:01Z INFO [147/1000] 669dcb10-6e9d-4e53-b333-d2162c6dcbd4: 57 arrays, 0.0 MB stored; 1.2 s; peak memory 163 MiB.
2026-10-10T06:10:01Z INFO [148/1000] 669d5ab8-8a1d-486c-bb61-d5568bdfd4ff: 154 arrays, 4.5 MB stored; 2.3 s; peak memory 163 MiB.
2026-10-10T06:10:01Z INFO [149/1000] 669da3fe-54c8-4c52-b2c6-a56ae50d14bf: 117 arrays, 0.4 MB stored; 1.5 s; peak memory 163 MiB.
2026-10-10T06:10:02Z INFO [150/1000] 669b8c95-60bb-4f91-a726-aac4d48bfe4c: 196 arrays, 743.6 MB stored; 5.0 s; peak memory 163 MiB.
2026-10-10T06:10:02Z INFO [151/1000] 668e5f5c-70da-4af5-b2a7-ec9be8ee74c4: 807 arrays, 24.8 MB stored; 14.6 s; peak memory 163 MiB.
2026-10-10T06:10:02Z INFO [152/1000] 669df585-4f25-4da6-9774-55f9d9bd21e4: 48 arrays, 83.9 MB stored; 1.5 s; peak memory 163 MiB.
2026-10-10T06:10:03Z INFO [153/1000] 669f188f-658b-4477-9fbc-0c6d45ce875e: 118 arrays, 0.4 MB stored; 1.5 s; peak memory 163 MiB.
2026-10-10T06:10:03Z INFO [154/1000] 669f758b-8eb9-489d-b440-24fcdf58d410: 48 arrays, 83.9 MB stored; 1.2 s; peak memory 163 MiB.
2026-10-10T06:10:04Z INFO [155/1000] 669f935a-9a3b-4b37-8df9-e28926ff3cfe: 68 arrays, 65.3 MB stored; 1.7 s; peak memory 163 MiB.
2026-10-10T06:10:04Z INFO [156/1000] 669faf5b-9fe3-4f3b-bed0-2c0200c9e8bf: 112 arrays, 0.2 MB stored; 1.6 s; peak memory 163 MiB.
2026-10-10T06:10:04Z INFO [157/1000] 66a030fc-0647-403d-9208-4800ae0c2058: 112 arrays, 0.6 MB stored; 1.6 s; peak memory 163 MiB.
2026-10-10T06:10:05Z INFO [158/1000] 669d150e-92c0-4578-b52a-da4c65dd793d: 531 arrays, 30.4 MB stored; 5.9 s; peak memory 163 MiB.
2026-10-10T06:10:05Z INFO [159/1000] 66a07910-7d77-4720-9e43-be559db5846a: 115 arrays, 186.8 MB stored; 2.5 s; peak memory 163 MiB.
2026-10-10T06:10:06Z INFO [160/1000] 66a1e0b3-e676-4df9-905e-ac2061845125: 48 arrays, 83.9 MB stored; 1.3 s; peak memory 163 MiB.
2026-10-10T06:10:06Z INFO [161/1000] 669ec29a-0221-4438-8701-b3a6b4714541: 174 arrays, 75.2 MB stored; 4.7 s; peak memory 163 MiB.
2026-10-10T06:10:06Z INFO [162/1000] 66a1e961-67db-4e20-82b0-874a36135519: 48 arrays, 83.9 MB stored; 1.4 s; peak memory 163 MiB.
2026-10-10T06:10:06Z INFO [163/1000] 66a10ec1-aa7d-4f8f-a18e-4a914fe3f88a: 115 arrays, 190.1 MB stored; 2.5 s; peak memory 163 MiB.
2026-10-10T06:10:07Z INFO [164/1000] 66a28458-0268-4cc9-b21e-7a7e55705abc: 48 arrays, 83.9 MB stored; 1.4 s; peak memory 163 MiB.
2026-10-10T06:10:07Z INFO [165/1000] 66a2db52-9fd0-4101-a9fd-78b35ec005f2: 46 arrays, 12.6 MB stored; 1.4 s; peak memory 163 MiB.
2026-10-10T06:10:08Z INFO [166/1000] 66a384a2-fbad-4bdb-9e6a-1c218955da34: 72 arrays, 18.2 MB stored; 1.1 s; peak memory 163 MiB.
2026-10-10T06:10:09Z INFO [167/1000] 66a49a5a-b3ed-4f37-9e3c-834142d1a658: 51 arrays, 0.0 MB stored; 1.1 s; peak memory 163 MiB.
2026-10-10T06:10:10Z INFO [168/1000] 66a2f65e-c7d9-4191-ade8-c875cf66780a: 92 arrays, 330.8 MB stored; 3.1 s; peak memory 163 MiB.
2026-10-10T06:10:10Z INFO [169/1000] 66a562c9-9667-4759-83d8-c10f4118ed9e: 48 arrays, 83.9 MB stored; 1.3 s; peak memory 163 MiB.
2026-10-10T06:10:11Z INFO [170/1000] 66a61e10-82a2-4354-8c49-aa2e4f76973b: 118 arrays, 0.2 MB stored; 1.4 s; peak memory 163 MiB.
2026-10-10T06:10:11Z INFO [171/1000] 66a3d1a3-0c68-4538-9270-1b3fc062e968: 468 arrays, 7.0 MB stored; 4.3 s; peak memory 163 MiB.
2026-10-10T06:10:11Z INFO [172/1000] 66a64bce-54dc-4e5a-9082-914b629063c5: 119 arrays, 0.1 MB stored; 1.0 s; peak memory 163 MiB.
2026-10-10T06:10:12Z INFO [173/1000] 66a25b30-66fc-40a0-8e6f-ad22334409ed: 79 arrays, 152.2 MB stored; 6.5 s; peak memory 163 MiB.
2026-10-10T06:10:12Z INFO [174/1000] 66a73ce5-637e-4bce-8b90-0dc6d5b285a2: 57 arrays, 0.0 MB stored; 1.1 s; peak memory 163 MiB.
2026-10-10T06:10:14Z INFO [175/1000] 66a8c652-1863-4906-afed-704f6ff6c25f: 112 arrays, 0.6 MB stored; 1.5 s; peak memory 163 MiB.
2026-10-10T06:10:14Z INFO [176/1000] 66a84eae-ba68-4603-b6dc-6729a3281557: 84 arrays, 3499.3 MB stored; 2.4 s; peak memory 163 MiB.
2026-10-10T06:10:15Z INFO [177/1000] 66a10bc0-e2a2-4bd1-8ea8-6ae86ebc8f9b: 41 arrays, 360.7 MB stored; 11.4 s; peak memory 163 MiB.
2026-10-10T06:10:15Z INFO [178/1000] 66a91610-6bac-4b80-9da7-4a202e52841b: 112 arrays, 0.8 MB stored; 1.5 s; peak memory 163 MiB.
2026-10-10T06:10:15Z INFO [179/1000] 66a9268f-d73a-41bd-9d8b-5c9de7d17e61: 48 arrays, 83.9 MB stored; 1.1 s; peak memory 163 MiB.
2026-10-10T06:10:16Z INFO [180/1000] 66a7d333-9e43-4a40-8868-ae7826bce111: 814 arrays, 9.9 MB stored; 4.7 s; peak memory 163 MiB.
2026-10-10T06:10:16Z INFO [181/1000] 66a93ee1-b4a7-4118-a1ff-a46b3c6f8dba: 51 arrays, 1033.0 MB stored; 1.4 s; peak memory 163 MiB.
2026-10-10T06:10:17Z INFO [182/1000] 66a6b425-5875-4366-a77b-7dff607b7bf4: 1089 arrays, 20.7 MB stored; 6.0 s; peak memory 163 MiB.
2026-10-10T06:10:17Z INFO [183/1000] 66aa3eba-c37a-40bc-913b-c4186edf5bad: 51 arrays, 3332.6 MB stored; 1.8 s; peak memory 163 MiB.
2026-10-10T06:10:17Z INFO [184/1000] 66aa6e69-320a-4a37-81da-bb65ac9de177: 112 arrays, 0.8 MB stored; 1.9 s; peak memory 163 MiB.
2026-10-10T06:10:18Z INFO [185/1000] 66aa99a7-579c-476f-a469-b527b2d9849e: 64 arrays, 31.9 MB stored; 1.5 s; peak memory 163 MiB.
2026-10-10T06:10:19Z INFO [186/1000] 66ab72d6-c4f0-417b-a339-3a4c91f7a264: 52 arrays, 627.5 MB stored; 1.4 s; peak memory 163 MiB.
2026-10-10T06:10:19Z INFO [187/1000] 66ab20d4-0281-4be9-9c7d-4b8bfe89b02c: 71 arrays, 58.6 MB stored; 1.8 s; peak memory 163 MiB.
2026-10-10T06:10:19Z INFO [188/1000] 66abe516-1db6-464c-ba7f-eaf30f1c8fef: 48 arrays, 83.9 MB stored; 1.3 s; peak memory 163 MiB.
2026-10-10T06:10:20Z INFO [189/1000] 66a2eff4-9894-4268-9a31-698930a7148f: 64 arrays, 36096.2 MB stored; 13.7 s; peak memory 163 MiB.
2026-10-10T06:10:20Z INFO [190/1000] 66adf674-2a60-4563-af41-c8b972ce9a13: 48 arrays, 83.9 MB stored; 1.4 s; peak memory 163 MiB.
2026-10-10T06:10:20Z INFO [191/1000] 66adfb6b-081b-4c2a-aab5-03e5985353da: 44 arrays, 0.0 MB stored; 1.0 s; peak memory 163 MiB.
2026-10-10T06:10:21Z INFO [192/1000] 66abb170-66c2-4e62-9ccb-59fb5b9d19eb: 420 arrays, 4.3 MB stored; 3.9 s; peak memory 163 MiB.
2026-10-10T06:10:21Z INFO [193/1000] 66ae5b3f-669a-40ca-ae4d-ca34f08e13bd: 116 arrays, 0.5 MB stored; 1.6 s; peak memory 163 MiB.
2026-10-10T06:10:22Z INFO [194/1000] 66ae8fe6-5855-4160-bcb4-edd8aa08f99c: 116 arrays, 0.4 MB stored; 1.3 s; peak memory 163 MiB.
2026-10-10T06:10:22Z INFO [195/1000] 66ae6eb7-7ee9-4277-a760-1f5c325f78c4: 118 arrays, 0.3 MB stored; 1.5 s; peak memory 163 MiB.
2026-10-10T06:10:22Z INFO [196/1000] 66aecc12-0212-46b0-ba72-cfb7ef55a7da: 56 arrays, 0.0 MB stored; 1.2 s; peak memory 163 MiB.
2026-10-10T06:10:23Z INFO [197/1000] 66af1a9a-c1bb-4bf4-8d33-f748dacb181d: 110 arrays, 0.3 MB stored; 1.7 s; peak memory 163 MiB.
2026-10-10T06:10:23Z INFO [198/1000] 66af9a15-c3c2-4e96-b821-6c1bbcfe5260: 112 arrays, 0.5 MB stored; 1.6 s; peak memory 163 MiB.
2026-10-10T06:10:23Z INFO [199/1000] 66b008db-c594-4d35-a445-cefe00b974df: 48 arrays, 83.9 MB stored; 1.1 s; peak memory 163 MiB.
2026-10-10T06:10:25Z INFO [200/1000] 66af3862-19bc-4e2d-ba40-25705100e77d: 229 arrays, 252.8 MB stored; 3.8 s; peak memory 163 MiB.
2026-10-10T06:10:26Z INFO [200/1000] 66af3862-19bc-4e2d-ba40-25705100e77d: checkpointed 200 new records.
2026-10-10T06:10:26Z INFO [201/1000] 66b04e26-2bc5-4426-94f0-e9a6ca9bd6f8: 38 arrays, 57.3 MB stored; 2.4 s; peak memory 199 MiB.
2026-10-10T06:10:26Z INFO [202/1000] 66b0f525-317d-48c6-8d3a-c0ea1c3bca4e: 115 arrays, 190.1 MB stored; 2.4 s; peak memory 199 MiB.
2026-10-10T06:10:26Z INFO [203/1000] 66aa9705-7a41-4955-a758-d5d7a7b7610b: 1565 arrays, 41.9 MB stored; 10.0 s; peak memory 199 MiB.
2026-10-10T06:10:27Z INFO [204/1000] 66ac8788-7010-4de7-86a1-79a2abaeb844: 1053 arrays, 22.7 MB stored; 8.2 s; peak memory 199 MiB.
2026-10-10T06:10:27Z INFO [205/1000] 66b178ed-b0db-4071-adab-2d92f523e3d2: 48 arrays, 83.9 MB stored; 1.6 s; peak memory 199 MiB.
2026-10-10T06:10:27Z INFO [206/1000] 66b2dc78-7775-4b32-8561-64a1584d3c87: 46 arrays, 0.0 MB stored; 1.0 s; peak memory 199 MiB.
2026-10-10T06:10:27Z INFO [207/1000] 66b2a620-f900-4485-af1b-c869019e028a: 117 arrays, 0.3 MB stored; 1.5 s; peak memory 199 MiB.
2026-10-10T06:10:28Z INFO [208/1000] 66b231ba-8f85-4a85-a34f-fece0852548e: 115 arrays, 190.1 MB stored; 2.5 s; peak memory 199 MiB.
2026-10-10T06:10:28Z INFO [209/1000] 66b3c350-6843-40d4-862d-36bf192149c8: 48 arrays, 83.9 MB stored; 1.2 s; peak memory 199 MiB.
2026-10-10T06:10:28Z INFO [210/1000] 66b3f206-05bd-4ce3-b81a-350447c47511: 117 arrays, 0.3 MB stored; 1.6 s; peak memory 199 MiB.
2026-10-10T06:10:29Z INFO [211/1000] 66b55f26-ad8b-4ea9-9598-59164774d5a9: 48 arrays, 83.9 MB stored; 1.4 s; peak memory 199 MiB.
2026-10-10T06:10:29Z INFO [212/1000] 66b60a7d-5ce7-464c-830e-8b0215b35cc7: 112 arrays, 0.6 MB stored; 1.4 s; peak memory 199 MiB.
2026-10-10T06:10:30Z INFO [213/1000] 66b6f6e1-ad58-4e93-8c5d-7533be32fb41: 48 arrays, 83.9 MB stored; 1.2 s; peak memory 199 MiB.
2026-10-10T06:10:30Z INFO [214/1000] 66b79c52-af00-43b2-a4f2-186d825182a8: 64 arrays, 18.3 MB stored; 1.6 s; peak memory 199 MiB.
2026-10-10T06:10:31Z INFO [215/1000] 66b806af-5eda-4bdd-ae2c-069549dced73: 84 arrays, 0.1 MB stored; 1.2 s; peak memory 199 MiB.
2026-10-10T06:10:31Z INFO [216/1000] 66b83bc3-d279-4792-8d3a-b031c4b11cbc: 52 arrays, 12.0 MB stored; 1.0 s; peak memory 199 MiB.
2026-10-10T06:10:31Z INFO [217/1000] 66b8c98a-75ae-4c99-a818-82bf2700d6c8: 121 arrays, 0.2 MB stored; 1.2 s; peak memory 199 MiB.
2026-10-10T06:10:32Z INFO [218/1000] 66b91a9b-8a70-4407-b60a-c589759ccd5a: 35 arrays, 0.0 MB stored; 1.1 s; peak memory 199 MiB.
2026-10-10T06:10:32Z INFO [219/1000] 66b1702e-f112-4506-a372-59696d2e25d9: 935 arrays, 20.7 MB stored; 8.5 s; peak memory 199 MiB.
2026-10-10T06:10:32Z INFO [220/1000] 66b8dd27-6d1c-4761-9e9a-f549ed82e6b8: 110 arrays, 0.9 MB stored; 1.6 s; peak memory 199 MiB.
2026-10-10T06:10:33Z INFO [221/1000] 66babeaf-76c1-4d1d-966f-0b35788f255b: 117 arrays, 0.3 MB stored; 1.2 s; peak memory 199 MiB.
2026-10-10T06:10:33Z INFO [222/1000] 66b96881-1a12-4983-9860-45fd54cdc317: 176 arrays, 0.8 MB stored; 1.7 s; peak memory 199 MiB.
2026-10-10T06:10:33Z INFO [223/1000] 66baea58-b84b-4157-aab2-d19b809ed7d1: 118 arrays, 0.3 MB stored; 1.5 s; peak memory 199 MiB.
2026-10-10T06:10:34Z INFO [224/1000] 66bb0705-355c-46c7-93b6-5cb214de3171: 117 arrays, 0.3 MB stored; 1.4 s; peak memory 199 MiB.
2026-10-10T06:10:34Z INFO [225/1000] 66bc8a4e-0a5d-45e4-834e-1323b1159536: 48 arrays, 83.9 MB stored; 1.3 s; peak memory 199 MiB.
2026-10-10T06:10:34Z INFO [226/1000] 66bcb9ce-a0ce-4b1b-b878-21e4bcf7b990: 48 arrays, 83.9 MB stored; 1.2 s; peak memory 199 MiB.
2026-10-10T06:10:35Z INFO [227/1000] 66bdbef5-6e92-442e-aa18-2439561937ef: 48 arrays, 83.9 MB stored; 1.2 s; peak memory 199 MiB.
2026-10-10T06:10:36Z INFO [228/1000] 66bcebaa-8682-4900-ae19-2a6764a74a6f: 138 arrays, 4.8 MB stored; 2.2 s; peak memory 199 MiB.
2026-10-10T06:10:36Z INFO [229/1000] 66bd65de-d4ce-4648-b2ca-eedf89c633d9: 115 arrays, 190.1 MB stored; 2.5 s; peak memory 199 MiB.
2026-10-10T06:10:36Z INFO [230/1000] 66be5103-4a4f-431d-8d9d-ec0e203ae1b5: 39 arrays, 3.8 MB stored; 1.0 s; peak memory 199 MiB.
2026-10-10T06:10:36Z INFO [231/1000] 66b406ad-f47f-4bd8-ad06-6d796f15b710: 331 arrays, 1103.0 MB stored; 9.3 s; peak memory 199 MiB.
2026-10-10T06:10:37Z INFO [232/1000] 66bef199-e1bb-41af-8bf3-63d2c12dd06b: 52 arrays, 13.3 MB stored; 1.4 s; peak memory 199 MiB.
2026-10-10T06:10:37Z INFO [233/1000] 66be39dc-a5a5-486d-9c4e-4cfeca320e98: 394 arrays, 3.4 MB stored; 2.9 s; peak memory 199 MiB.
2026-10-10T06:10:39Z INFO [234/1000] 66c07554-ca3f-4c12-b0cd-36bccde69348: 118 arrays, 0.3 MB stored; 1.3 s; peak memory 199 MiB.
2026-10-10T06:10:40Z INFO [235/1000] 66c0b471-f5e3-4471-ad88-32e5c7748478: 66 arrays, 62.1 MB stored; 1.7 s; peak memory 199 MiB.
2026-10-10T06:10:41Z INFO [236/1000] 66bef3fe-3d10-4fd3-a5cc-5c8fb333e583: 519 arrays, 6.3 MB stored; 4.5 s; peak memory 199 MiB.
2026-10-10T06:10:41Z INFO [237/1000] 66bf372e-2289-46b2-b5d1-cf9473b9fe2a: 229 arrays, 260.6 MB stored; 4.5 s; peak memory 199 MiB.
2026-10-10T06:10:42Z INFO [238/1000] 66c0b5ad-e903-4f41-a0aa-dd41bb5a389f: 112 arrays, 0.2 MB stored; 1.2 s; peak memory 199 MiB.
2026-10-10T06:10:42Z INFO [239/1000] 66bf9d39-7c61-4c11-82f8-e0f580ed84ca: 193 arrays, 834.5 MB stored; 5.8 s; peak memory 199 MiB.
2026-10-10T06:10:42Z INFO [240/1000] 66c0cbcc-2033-4744-b0ef-5152a5c22dc4: 74 arrays, 53.3 MB stored; 1.8 s; peak memory 199 MiB.
2026-10-10T06:10:43Z INFO [241/1000] 66c03dde-fdd8-4bfe-b697-eb18bd4e3087: 208 arrays, 283.0 MB stored; 5.7 s; peak memory 199 MiB.
2026-10-10T06:10:43Z INFO [242/1000] 66c1068c-7023-4851-a988-e7962bb2be67: 48 arrays, 83.9 MB stored; 1.2 s; peak memory 199 MiB.
2026-10-10T06:10:44Z INFO [243/1000] 66c0ce77-e7e2-46ef-b3d7-aec6a526830e: 186 arrays, 15.4 MB stored; 2.6 s; peak memory 199 MiB.
2026-10-10T06:10:44Z INFO [244/1000] 66c12535-f82c-456f-b6d7-039bf253068e: 48 arrays, 83.9 MB stored; 1.5 s; peak memory 199 MiB.
2026-10-10T06:10:44Z INFO [245/1000] 66c1be20-cd44-4804-afa1-e034bcfcc489: 117 arrays, 0.4 MB stored; 1.3 s; peak memory 199 MiB.
2026-10-10T06:10:44Z INFO [246/1000] 66c29832-9f67-452e-9418-d51259f59a3e: 48 arrays, 83.9 MB stored; 1.3 s; peak memory 199 MiB.
2026-10-10T06:10:44Z INFO [247/1000] 66c1ce2e-2a8e-4694-a424-63f22701e2c4: 77 arrays, 0.1 MB stored; 1.5 s; peak memory 199 MiB.
2026-10-10T06:10:45Z INFO [248/1000] 66c29ebd-7892-410b-855e-fb54fd0089ee: 46 arrays, 0.0 MB stored; 1.1 s; peak memory 199 MiB.
2026-10-10T06:10:45Z INFO [249/1000] 66c2bec4-0893-4ce2-84ca-971bd9eec3de: 45 arrays, 0.0 MB stored; 1.3 s; peak memory 199 MiB.
2026-10-10T06:10:45Z INFO [250/1000] 66c30a6f-7483-4cb0-b355-78578b01e674: 117 arrays, 0.4 MB stored; 1.6 s; peak memory 199 MiB.
2026-10-10T06:10:46Z INFO [251/1000] 66c514bf-bc64-47d4-ba6f-8d7e129d347d: 58 arrays, 0.0 MB stored; 1.0 s; peak memory 199 MiB.
2026-10-10T06:10:46Z INFO [252/1000] 66c5e957-bc3e-4fca-ac2c-dcbafb073d55: 46 arrays, 0.1 MB stored; 0.9 s; peak memory 199 MiB.
2026-10-10T06:10:47Z INFO [253/1000] 66c5ef4a-233c-4a3c-91d9-a1ea03a001ea: 37 arrays, 0.0 MB stored; 1.0 s; peak memory 199 MiB.
2026-10-10T06:10:48Z INFO [254/1000] 66c673ae-3a2d-4683-a094-89957ad85dd9: 110 arrays, 0.6 MB stored; 1.4 s; peak memory 199 MiB.
2026-10-10T06:10:48Z INFO [255/1000] 66c6b2c0-3d97-450f-b651-821a85e7686a: 43 arrays, 189.1 MB stored; 1.2 s; peak memory 199 MiB.
2026-10-10T06:10:48Z INFO [256/1000] 66c3934c-fe61-4272-93f7-1f50d0528669: 225 arrays, 408.1 MB stored; 4.4 s; peak memory 199 MiB.
2026-10-10T06:10:49Z INFO [257/1000] 66c6f066-9fc5-4ffd-8783-8e8bb514c8cb: 65 arrays, 21.2 MB stored; 1.3 s; peak memory 199 MiB.
2026-10-10T06:10:50Z INFO [258/1000] 66c4bc69-610e-47a5-bd9b-9f7ec120d1bb: 538 arrays, 7.6 MB stored; 5.0 s; peak memory 199 MiB.
2026-10-10T06:10:50Z INFO [259/1000] 66c75514-6e83-4a81-9683-065c954470b4: 51 arrays, 6216.1 MB stored; 1.4 s; peak memory 199 MiB.
2026-10-10T06:10:50Z INFO [260/1000] 66c7ccf0-64cd-40c0-aea7-eaebd7d505f2: 117 arrays, 0.2 MB stored; 1.2 s; peak memory 199 MiB.
2026-10-10T06:10:51Z INFO [261/1000] 66c6f7d1-2877-4aff-b95b-b54752a7eb6d: 115 arrays, 190.1 MB stored; 2.4 s; peak memory 199 MiB.
2026-10-10T06:10:51Z INFO [262/1000] 66c841b6-073b-4f91-81da-6778fdb74845: 52 arrays, 0.0 MB stored; 1.1 s; peak memory 199 MiB.
2026-10-10T06:10:51Z INFO [263/1000] 66c7f703-2daf-44b5-af05-120406e190b9: 48 arrays, 83.9 MB stored; 1.4 s; peak memory 199 MiB.
2026-10-10T06:10:51Z INFO [264/1000] 66c88ff8-5d22-4287-81c6-4f431fc9a90d: 48 arrays, 83.9 MB stored; 1.1 s; peak memory 199 MiB.
2026-10-10T06:10:52Z INFO [265/1000] 66ca1f65-4eb2-4b8e-9d19-830d503fdd1d: 48 arrays, 83.9 MB stored; 1.4 s; peak memory 199 MiB.
2026-10-10T06:10:53Z INFO [266/1000] 66c96e1d-8ef0-40f1-b580-767f661cb2fc: 156 arrays, 193.5 MB stored; 2.8 s; peak memory 199 MiB.
2026-10-10T06:10:54Z INFO [267/1000] 66cbd05a-4e61-44ab-b18f-5e461ce4b647: 46 arrays, 0.0 MB stored; 1.0 s; peak memory 199 MiB.
2026-10-10T06:10:55Z INFO [268/1000] 66ca644d-9f52-463e-926f-3b830fff6906: 1241 arrays, 4.9 MB stored; 3.3 s; peak memory 199 MiB.
2026-10-10T06:10:56Z INFO [269/1000] 66cb69c2-65ba-4889-8359-ebd7eba72e3d: 156 arrays, 193.4 MB stored; 3.1 s; peak memory 199 MiB.
2026-10-10T06:10:56Z INFO [270/1000] 66cbd809-7a66-4526-b349-7fcb7533875e: 117 arrays, 0.4 MB stored; 1.2 s; peak memory 199 MiB.
2026-10-10T06:10:56Z INFO [271/1000] 66c3e89d-735f-4213-b1d3-029757b92cc8: 1068 arrays, 24.2 MB stored; 11.9 s; peak memory 199 MiB.
2026-10-10T06:10:56Z INFO [272/1000] 66cbd38b-e09e-4417-ac82-fa30fa22ff42: 123 arrays, 3.4 MB stored; 1.7 s; peak memory 199 MiB.
2026-10-10T06:10:57Z INFO [273/1000] 66cc0dbe-1732-4e6e-8f14-e070fc2c684a: 48 arrays, 83.9 MB stored; 1.3 s; peak memory 199 MiB.
2026-10-10T06:10:57Z INFO [274/1000] 66cbfe52-cb6d-4d64-af6a-c6a94f1c8adb: 112 arrays, 0.8 MB stored; 1.5 s; peak memory 199 MiB.
2026-10-10T06:10:57Z INFO [275/1000] 66cc3da5-20fd-46fe-b3d6-a899655e6414: 51 arrays, 0.0 MB stored; 1.1 s; peak memory 199 MiB.
2026-10-10T06:10:57Z INFO [276/1000] 66c9c8bf-3b17-4385-93c4-74ea4afe9d80: 1147 arrays, 32.9 MB stored; 6.6 s; peak memory 199 MiB.
2026-10-10T06:10:58Z INFO [277/1000] 66cc17c9-f073-4c0d-b6b0-d307775f2db0: 118 arrays, 0.2 MB stored; 1.6 s; peak memory 199 MiB.
2026-10-10T06:10:59Z INFO [278/1000] 66cd052f-e229-4e0d-a242-072a3cf5187f: 48 arrays, 83.9 MB stored; 1.5 s; peak memory 199 MiB.
2026-10-10T06:11:00Z INFO [279/1000] 66cd4c40-5d1d-44cb-8602-688eaad663bb: 52 arrays, 0.0 MB stored; 0.9 s; peak memory 199 MiB.
2026-10-10T06:11:00Z INFO [280/1000] 66ccde3f-4146-46c7-91ef-652fbe741af6: 113 arrays, 23.9 MB stored; 2.5 s; peak memory 199 MiB.
2026-10-10T06:11:00Z INFO [281/1000] 66cd1d63-e962-4ca2-bfa9-41c3311efb88: 194 arrays, 2.6 MB stored; 2.3 s; peak memory 199 MiB.
2026-10-10T06:11:01Z INFO [282/1000] 66ce02ce-7bd9-4384-801e-08c3422a2e2b: 54 arrays, 0.0 MB stored; 1.2 s; peak memory 199 MiB.
2026-10-10T06:11:01Z INFO [283/1000] 66cd6a8a-417d-45c0-b2ca-2424bb23ca30: 48 arrays, 83.9 MB stored; 1.3 s; peak memory 199 MiB.
2026-10-10T06:11:02Z INFO [284/1000] 66cd3208-201d-4f9f-80f1-bf767ce51ac7: 225 arrays, 243.4 MB stored; 3.9 s; peak memory 199 MiB.
2026-10-10T06:11:02Z INFO [285/1000] 66ce5962-db41-4d8f-a7df-bcbb7ab51ee9: 119 arrays, 67.4 MB stored; 2.5 s; peak memory 199 MiB.
2026-10-10T06:11:03Z INFO [286/1000] 66ceadb7-5a86-442f-b810-1921cb49af48: 115 arrays, 190.1 MB stored; 2.2 s; peak memory 199 MiB.
2026-10-10T06:11:03Z INFO [287/1000] 66ce7ff1-d1f8-45af-a39b-96d7d2cd40df: 114 arrays, 186.8 MB stored; 2.7 s; peak memory 199 MiB.
2026-10-10T06:11:04Z INFO [288/1000] 66cf1cdc-31df-402e-bdbc-0ad70f116839: 68 arrays, 6.2 MB stored; 1.5 s; peak memory 199 MiB.
2026-10-10T06:11:04Z INFO [289/1000] 66d02035-7e7c-44fb-bfe6-c7fa9792edb4: 118 arrays, 0.4 MB stored; 1.2 s; peak memory 199 MiB.
2026-10-10T06:11:04Z INFO [290/1000] 66ceb95b-6d38-42b3-9c20-e5298197d3a8: 377 arrays, 3.8 MB stored; 2.9 s; peak memory 199 MiB.
2026-10-10T06:11:05Z INFO [291/1000] 66d13a1d-ba34-4bed-aa2d-fbacd1d64c93: 70 arrays, 0.3 MB stored; 1.3 s; peak memory 199 MiB.
2026-10-10T06:11:06Z INFO [292/1000] 66d118b9-dceb-4513-95fa-60f1e056e48a: 38 arrays, 34.1 MB stored; 2.0 s; peak memory 199 MiB.
2026-10-10T06:11:06Z INFO [293/1000] 66d277d9-6c47-4900-9972-3d7f59801a4c: 118 arrays, 0.3 MB stored; 1.4 s; peak memory 199 MiB.
2026-10-10T06:11:06Z INFO [294/1000] 66d2739c-1624-49bb-a156-df42ea0eb360: 71 arrays, 3.4 MB stored; 1.8 s; peak memory 199 MiB.
2026-10-10T06:11:07Z INFO [295/1000] 66d49193-f142-47af-b45f-8e02432b7d8c: 70 arrays, 42.4 MB stored; 1.5 s; peak memory 199 MiB.
2026-10-10T06:11:07Z INFO [296/1000] 66d669e3-ac42-4b00-9c6a-a55971186211: 54 arrays, 0.0 MB stored; 1.1 s; peak memory 199 MiB.
2026-10-10T06:11:08Z INFO [297/1000] 66d4e6bf-e895-443b-887f-b274594fa8ca: 38 arrays, 58.9 MB stored; 2.3 s; peak memory 199 MiB.
2026-10-10T06:11:08Z INFO [298/1000] 66d7136a-74de-4d7e-8854-a08f15370bfa: 117 arrays, 0.2 MB stored; 1.3 s; peak memory 199 MiB.
2026-10-10T06:11:09Z INFO [299/1000] 66d7e152-0616-42d4-b124-ab23c2931984: 48 arrays, 83.9 MB stored; 1.2 s; peak memory 199 MiB.
2026-10-10T06:11:09Z INFO [300/1000] 66d6f2b9-1373-4f7d-862c-743708c7a95c: 156 arrays, 193.5 MB stored; 3.0 s; peak memory 199 MiB.
2026-10-10T06:11:09Z INFO [301/1000] 66d9273b-410a-4df9-8642-c68600cc645a: 62 arrays, 4.8 MB stored; 1.1 s; peak memory 199 MiB.
2026-10-10T06:11:11Z INFO [302/1000] 66d95da8-d69b-4d52-b49f-e77de2865f7d: 117 arrays, 0.6 MB stored; 1.6 s; peak memory 199 MiB.
2026-10-10T06:11:12Z INFO [303/1000] 66d9b625-d3dd-4a28-afe6-28683bd9ff7a: 186 arrays, 18.1 MB stored; 2.5 s; peak memory 199 MiB.
2026-10-10T06:11:12Z INFO [304/1000] 66d9a735-34f0-4b18-a296-81e891afefc6: 340 arrays, 2.9 MB stored; 2.9 s; peak memory 199 MiB.
2026-10-10T06:11:13Z INFO [305/1000] 66d9de2b-6027-476d-8ce9-533acfc7d445: 156 arrays, 193.5 MB stored; 2.4 s; peak memory 199 MiB.
2026-10-10T06:11:13Z INFO [306/1000] 66da5b40-7fbd-4460-be41-11355407ccc4: 48 arrays, 83.9 MB stored; 1.2 s; peak memory 199 MiB.
2026-10-10T06:11:13Z INFO [307/1000] 66da624e-4c20-45d7-a89d-2b94151210f0: 48 arrays, 83.9 MB stored; 1.3 s; peak memory 199 MiB.
2026-10-10T06:11:14Z INFO [308/1000] 66da93d0-654f-4416-b413-1f752a5d30d3: 117 arrays, 0.3 MB stored; 1.3 s; peak memory 199 MiB.
2026-10-10T06:11:15Z INFO [309/1000] 66dae08c-f6ce-400e-bec0-2bdc84c53987: 116 arrays, 0.2 MB stored; 1.4 s; peak memory 199 MiB.
2026-10-10T06:11:15Z INFO [310/1000] 66d7093b-844c-426b-abea-92925c9a5a38: 446 arrays, 2464.1 MB stored; 8.5 s; peak memory 199 MiB.
2026-10-10T06:11:15Z INFO [311/1000] 66db746d-491a-4e44-98b0-1e5751009baa: 117 arrays, 0.3 MB stored; 1.2 s; peak memory 199 MiB.
2026-10-10T06:11:16Z INFO [312/1000] 66dbb843-9a1d-475f-908d-2a0e1c1abf8c: 48 arrays, 83.9 MB stored; 1.2 s; peak memory 199 MiB.
2026-10-10T06:11:16Z INFO [313/1000] 66dc38dc-3c76-4a05-95dd-fd964338dc5e: 119 arrays, 0.1 MB stored; 1.1 s; peak memory 199 MiB.
2026-10-10T06:11:17Z INFO [314/1000] 66dccccf-737b-462b-9349-97044f815f6e: 117 arrays, 0.3 MB stored; 1.2 s; peak memory 199 MiB.
2026-10-10T06:11:17Z INFO [315/1000] 66dd339c-6187-4d49-aadd-92a2ae0693a6: 131 arrays, 0.5 MB stored; 1.2 s; peak memory 199 MiB.
2026-10-10T06:11:19Z INFO [316/1000] 66de41e9-c754-4bdd-b702-73eded42c410: 117 arrays, 0.2 MB stored; 1.2 s; peak memory 199 MiB.
2026-10-10T06:11:20Z INFO [317/1000] 66dac3a9-3051-435c-99ee-fb388a7b1474: 266 arrays, 1189.9 MB stored; 7.2 s; peak memory 199 MiB.
2026-10-10T06:11:21Z INFO [318/1000] 66dd2e4c-cf13-4a84-b6f8-82b14df75c9c: 776 arrays, 21.6 MB stored; 5.5 s; peak memory 199 MiB.
2026-10-10T06:11:21Z INFO [319/1000] 66dd5ef0-d00b-42c7-bdbf-a4aad05e8fcb: 773 arrays, 14.0 MB stored; 4.8 s; peak memory 199 MiB.
2026-10-10T06:11:22Z INFO [320/1000] 66ded831-c4f0-4768-b21b-ceebead89294: 51 arrays, 844.0 MB stored; 1.6 s; peak memory 199 MiB.
2026-10-10T06:11:23Z INFO [321/1000] 66df0a67-85df-499e-bd4e-15d059754522: 118 arrays, 0.3 MB stored; 1.3 s; peak memory 199 MiB.
2026-10-10T06:11:23Z INFO [322/1000] 66df407d-3e91-445e-8b4f-8fed75446e65: 112 arrays, 0.2 MB stored; 1.1 s; peak memory 199 MiB.
2026-10-10T06:11:23Z INFO [323/1000] 66df03ea-4e35-4f81-ac9a-d480329b5d0a: 69 arrays, 87.7 MB stored; 1.7 s; peak memory 199 MiB.
2026-10-10T06:11:24Z INFO [324/1000] 66dfcefe-91e1-416e-a567-97f5bf9557ea: 118 arrays, 0.2 MB stored; 1.4 s; peak memory 199 MiB.
2026-10-10T06:11:25Z INFO [325/1000] 66e04590-b5e9-4476-9e06-be16801986ec: 51 arrays, 34.9 MB stored; 1.6 s; peak memory 199 MiB.
2026-10-10T06:11:25Z INFO [326/1000] 66df812c-8f9d-43f1-9996-0272f8bc6678: 38 arrays, 34.5 MB stored; 2.2 s; peak memory 199 MiB.
2026-10-10T06:11:27Z INFO [327/1000] 66ded1da-96f2-468b-a7a6-1dd4ff31dc88: 916 arrays, 38.8 MB stored; 8.6 s; peak memory 199 MiB.
2026-10-10T06:11:27Z INFO [328/1000] 66e1d2fe-1ca5-4a69-b0b4-295805e12e09: 102 arrays, 16.1 MB stored; 2.6 s; peak memory 199 MiB.
2026-10-10T06:11:29Z INFO [329/1000] 66e3a40e-9d35-46d2-a1fe-96aa37990201: 112 arrays, 0.7 MB stored; 1.6 s; peak memory 199 MiB.
2026-10-10T06:11:29Z INFO [330/1000] 66e3c29f-4630-417d-a701-0cfee9353cf5: 57 arrays, 620.1 MB stored; 1.8 s; peak memory 199 MiB.
2026-10-10T06:11:30Z INFO [331/1000] 66e09d23-5d78-4322-8762-99d57c4e0f2f: 837 arrays, 31.5 MB stored; 5.3 s; peak memory 199 MiB.
2026-10-10T06:11:30Z INFO [332/1000] 66e3da9d-23ec-4ac2-b6fb-9976dbbff7a8: 48 arrays, 83.9 MB stored; 1.4 s; peak memory 199 MiB.
2026-10-10T06:11:31Z INFO [333/1000] 66e1d92b-cbad-4d47-8a6e-427355513c9f: 41 arrays, 305.5 MB stored; 5.6 s; peak memory 199 MiB.
2026-10-10T06:11:31Z INFO [334/1000] 66e48720-30d5-4dd9-a8ca-cd63834d0a70: 118 arrays, 0.5 MB stored; 1.5 s; peak memory 199 MiB.
2026-10-10T06:11:31Z INFO [335/1000] 66e4d08d-88f7-4d67-a4ad-0bd3fe93b66f: 48 arrays, 83.9 MB stored; 1.4 s; peak memory 199 MiB.
2026-10-10T06:11:31Z INFO [336/1000] 66e50447-0967-409c-81ec-3e746cf6800e: 48 arrays, 83.9 MB stored; 1.2 s; peak memory 199 MiB.
2026-10-10T06:11:32Z INFO [337/1000] 66e563e6-1b6e-4b32-8a82-f0d894570112: 48 arrays, 83.9 MB stored; 1.3 s; peak memory 199 MiB.
2026-10-10T06:11:32Z INFO [338/1000] 66e5ed38-1b26-41b9-a8cc-cf499ebd50aa: 63 arrays, 0.2 MB stored; 1.2 s; peak memory 199 MiB.
2026-10-10T06:11:32Z INFO [339/1000] 66e55a66-4ab2-49b5-b85f-6b2d83e72d9c: 53 arrays, 747.8 MB stored; 1.9 s; peak memory 199 MiB.
2026-10-10T06:11:33Z INFO [340/1000] 66e5f304-ab36-431c-861d-36f25f6c5c43: 110 arrays, 0.7 MB stored; 1.5 s; peak memory 199 MiB.
2026-10-10T06:11:33Z INFO [341/1000] 66e637fc-d83c-4977-914f-70ce0963137e: 48 arrays, 83.9 MB stored; 1.1 s; peak memory 199 MiB.
2026-10-10T06:11:34Z INFO [342/1000] 66e650b8-7628-4389-8251-916a1e70e176: 110 arrays, 0.5 MB stored; 1.5 s; peak memory 199 MiB.
2026-10-10T06:11:34Z INFO [343/1000] 66e6674e-4099-4575-a7b7-373eef2e0b28: 117 arrays, 0.3 MB stored; 1.5 s; peak memory 199 MiB.
2026-10-10T06:11:34Z INFO [344/1000] 66e68da0-c812-4885-80f7-fe9e1f5e5ed1: 48 arrays, 83.9 MB stored; 1.2 s; peak memory 199 MiB.
2026-10-10T06:11:35Z INFO [345/1000] 66e72bff-a728-4af7-b95e-e03eb1cab00e: 118 arrays, 0.5 MB stored; 1.4 s; peak memory 199 MiB.
2026-10-10T06:11:35Z INFO [346/1000] 66e740a6-dc40-433a-a63f-bdc7fd4c9e90: 69 arrays, 2.4 MB stored; 1.4 s; peak memory 199 MiB.
2026-10-10T06:11:35Z INFO [347/1000] 66e8b5c2-7fa7-4f93-a754-44a913051b04: 48 arrays, 83.9 MB stored; 1.2 s; peak memory 199 MiB.
2026-10-10T06:11:35Z INFO [348/1000] 66e93f8c-89e4-4088-b06a-01fb1bf857a6: 48 arrays, 83.9 MB stored; 1.2 s; peak memory 199 MiB.
2026-10-10T06:11:36Z INFO [349/1000] 66e9bd1d-7484-4245-974e-329b3c605911: 48 arrays, 83.9 MB stored; 1.2 s; peak memory 199 MiB.
2026-10-10T06:11:36Z INFO [350/1000] 66e9d17f-ba64-497c-8909-8785db1d7708: 58 arrays, 0.0 MB stored; 1.2 s; peak memory 199 MiB.
2026-10-10T06:11:36Z INFO [351/1000] 66eb0bbf-6b71-40a8-a0ef-3aab3ffea8d0: 57 arrays, 0.0 MB stored; 1.2 s; peak memory 199 MiB.
2026-10-10T06:11:37Z INFO [352/1000] 66ea2b2a-a849-4fee-b397-bb255e5f7ea1: 112 arrays, 0.5 MB stored; 1.6 s; peak memory 199 MiB.
2026-10-10T06:11:37Z INFO [353/1000] 66eb448b-9f27-41d5-a0c2-77f277ca4f94: 118 arrays, 0.5 MB stored; 1.3 s; peak memory 199 MiB.
2026-10-10T06:11:37Z INFO [354/1000] 66eb71d7-4e37-4acc-9e81-f89d1ffc9dfe: 58 arrays, 0.0 MB stored; 1.1 s; peak memory 199 MiB.
2026-10-10T06:11:38Z INFO [355/1000] 66ecdfc5-dfa7-421b-bc42-695e9b8bb55f: 48 arrays, 83.9 MB stored; 1.3 s; peak memory 199 MiB.
2026-10-10T06:11:38Z INFO [356/1000] 66ed47c5-1b02-418f-a321-06f28e2d01f1: 84 arrays, 0.3 MB stored; 1.3 s; peak memory 199 MiB.
2026-10-10T06:11:39Z INFO [357/1000] 66eceb9a-0be0-4b57-a7db-8d41d99be762: 71 arrays, 83.3 MB stored; 2.0 s; peak memory 199 MiB.
2026-10-10T06:11:40Z INFO [358/1000] 66edb3fe-6876-438f-81fd-03d43b454c17: 102 arrays, 12.9 MB stored; 1.7 s; peak memory 199 MiB.
2026-10-10T06:11:40Z INFO [359/1000] 66ee3548-12db-4043-b87a-fed7260bb38d: 52 arrays, 11.8 MB stored; 1.4 s; peak memory 199 MiB.
2026-10-10T06:11:40Z INFO [360/1000] 6695c9b8-a3e5-4a84-870d-269ee89b9717: 129 arrays, 7888.4 MB stored; 106.7 s; peak memory 199 MiB.
2026-10-10T06:11:41Z INFO [361/1000] 66ee6b15-b82c-4dd4-8d6c-2c4a6c236384: 46 arrays, 9.0 MB stored; 1.2 s; peak memory 199 MiB.
2026-10-10T06:11:41Z INFO [362/1000] 66ee74e8-655a-4c06-8915-8a5f8df95358: 112 arrays, 0.8 MB stored; 1.6 s; peak memory 199 MiB.
2026-10-10T06:11:42Z INFO [363/1000] 66ee9109-ee91-462b-99f3-93ae26843501: 69 arrays, 1.5 MB stored; 1.5 s; peak memory 199 MiB.
2026-10-10T06:11:42Z INFO [364/1000] 66edb33d-78b7-4fcf-b847-87b7339255ac: 538 arrays, 7.8 MB stored; 4.3 s; peak memory 199 MiB.
2026-10-10T06:11:42Z INFO [365/1000] 66eeab5d-09a7-4247-a5d4-2af80eca7daf: 39 arrays, 786.4 MB stored; 1.3 s; peak memory 199 MiB.
2026-10-10T06:11:43Z INFO [366/1000] 66ef016e-0028-4a96-90ce-2adef31e9ea6: 41 arrays, 8.4 MB stored; 1.2 s; peak memory 199 MiB.
2026-10-10T06:11:43Z INFO [367/1000] 66ef5769-d46d-4a2b-90a2-d11a0594a79e: 52 arrays, 20.5 MB stored; 1.3 s; peak memory 199 MiB.
2026-10-10T06:11:43Z INFO [368/1000] 66ef6123-044d-40de-9c59-673eb1639c82: 118 arrays, 0.4 MB stored; 1.4 s; peak memory 199 MiB.
2026-10-10T06:11:43Z INFO [369/1000] 66eeb7d7-af25-4b38-aad8-1dbf4529cb19: 115 arrays, 190.1 MB stored; 2.2 s; peak memory 199 MiB.
2026-10-10T06:11:44Z INFO [370/1000] 66ef93e3-c2eb-4009-a223-602c20a4f1f5: 46 arrays, 0.0 MB stored; 1.0 s; peak memory 199 MiB.
2026-10-10T06:11:44Z INFO [371/1000] 66ef99a5-c073-402c-b3a9-f9dbd411afc4: 48 arrays, 83.9 MB stored; 1.1 s; peak memory 199 MiB.
2026-10-10T06:11:45Z INFO [372/1000] 66ef9e15-57af-42f6-8d60-85baa6314174: 117 arrays, 0.4 MB stored; 1.5 s; peak memory 199 MiB.
2026-10-10T06:11:46Z INFO [373/1000] 66f0fdbe-bfe7-4bad-a350-c9603292cad2: 66 arrays, 18.1 MB stored; 1.6 s; peak memory 199 MiB.
2026-10-10T06:11:47Z INFO [374/1000] 66f0360f-de29-4ee8-acaa-0883964b669b: 110 arrays, 4100.5 MB stored; 3.4 s; peak memory 199 MiB.
2026-10-10T06:11:47Z INFO [375/1000] 66f147bb-d239-4200-bbc9-afeb6a59f7d8: 114 arrays, 186.8 MB stored; 2.3 s; peak memory 199 MiB.
2026-10-10T06:11:48Z INFO [376/1000] 66f25beb-d050-4748-9526-9c59302456e1: 45 arrays, 0.0 MB stored; 1.1 s; peak memory 199 MiB.
2026-10-10T06:11:49Z INFO [377/1000] 66f1a36e-fb4a-4230-bdf6-8a585fc375e5: 85 arrays, 1337.2 MB stored; 3.1 s; peak memory 199 MiB.
2026-10-10T06:11:49Z INFO [378/1000] 66f2bf86-aa35-4949-a49b-5075271e451f: 70 arrays, 121.5 MB stored; 2.0 s; peak memory 199 MiB.
2026-10-10T06:11:53Z INFO [379/1000] 66f35fbf-b90c-47b2-9154-ad413f911246: 408 arrays, 6.6 MB stored; 3.7 s; peak memory 199 MiB.
2026-10-10T06:11:54Z INFO [380/1000] 66f2d747-281f-4689-8157-e7f008ec20c0: 809 arrays, 13.8 MB stored; 5.0 s; peak memory 199 MiB.
2026-10-10T06:11:54Z INFO [381/1000] 66b60463-8aaf-4e61-9677-dd033df1fff9: 55 arrays, 7027.2 MB stored; 86.3 s; peak memory 199 MiB.
2026-10-10T06:11:54Z INFO [382/1000] 66f542ea-f096-4b8e-8be0-b84e90115c1e: 112 arrays, 0.5 MB stored; 1.5 s; peak memory 199 MiB.
2026-10-10T06:11:55Z INFO [383/1000] 66f5d9bd-a8c9-4731-a513-01711e318dac: 112 arrays, 0.2 MB stored; 1.3 s; peak memory 199 MiB.
2026-10-10T06:11:55Z INFO [384/1000] 66f08b24-ee90-46d4-be16-d052b0df20a3: 643 arrays, 24.0 MB stored; 11.6 s; peak memory 199 MiB.
2026-10-10T06:11:56Z INFO [385/1000] 66f64264-1e19-4923-9202-3a410c45a0de: 71 arrays, 4.2 MB stored; 1.7 s; peak memory 199 MiB.
2026-10-10T06:11:56Z INFO [386/1000] 66f76930-48d6-4ad5-9967-f78db08bcbdb: 39 arrays, 13.8 MB stored; 1.2 s; peak memory 199 MiB.
2026-10-10T06:11:57Z INFO [387/1000] 66f74745-9154-4842-8dc3-e71cb27a72cc: 186 arrays, 28.1 MB stored; 2.4 s; peak memory 199 MiB.
2026-10-10T06:11:57Z INFO [388/1000] 66f7b005-10cf-4f64-9a72-a52dda9d11fb: 48 arrays, 83.9 MB stored; 1.2 s; peak memory 199 MiB.
2026-10-10T06:11:57Z INFO [389/1000] 66f79ac9-e331-436b-8374-0f1dea1456c5: 113 arrays, 0.7 MB stored; 2.0 s; peak memory 199 MiB.
2026-10-10T06:11:58Z INFO [390/1000] 66f8ff73-58a0-418a-b7b9-4ddd105538a2: 53 arrays, 0.0 MB stored; 1.1 s; peak memory 199 MiB.
2026-10-10T06:11:59Z INFO [391/1000] 66f80df9-b778-40f1-9f00-83a50063a953: 497 arrays, 3.8 MB stored; 2.8 s; peak memory 199 MiB.
2026-10-10T06:11:59Z INFO [392/1000] 66f8c162-2596-435e-a46f-08d2c50ccdf5: 194 arrays, 2.5 MB stored; 2.4 s; peak memory 199 MiB.
2026-10-10T06:12:00Z INFO [393/1000] 66fa0a53-fd7d-4897-b897-0c5a51e77b19: 112 arrays, 0.6 MB stored; 1.4 s; peak memory 199 MiB.
2026-10-10T06:12:01Z INFO [394/1000] 66fa0fd1-f4c3-43a3-93a6-667bf7098bd8: 45 arrays, 10.9 MB stored; 1.5 s; peak memory 199 MiB.
2026-10-10T06:12:01Z INFO [395/1000] 66fa8330-4c74-411d-88ec-a03130a44445: 48 arrays, 83.9 MB stored; 1.2 s; peak memory 199 MiB.
2026-10-10T06:12:02Z INFO [396/1000] 66fc1819-6f59-48cb-93e0-127e83a71858: 72 arrays, 0.1 MB stored; 1.3 s; peak memory 199 MiB.
2026-10-10T06:12:02Z INFO [397/1000] 66faa080-07fc-47ec-8a2c-cd24675703c0: 64 arrays, 144.7 MB stored; 1.7 s; peak memory 199 MiB.
2026-10-10T06:12:03Z INFO [398/1000] 66fa2d2e-4693-4b5a-bd26-fcb6f1cb35cf: 537 arrays, 8.1 MB stored; 4.0 s; peak memory 199 MiB.
2026-10-10T06:12:04Z INFO [399/1000] 66fc5ad4-ca23-4532-aa95-d3f518eca680: 71 arrays, 92.1 MB stored; 1.7 s; peak memory 199 MiB.
2026-10-10T06:12:05Z INFO [400/1000] 66fcc8f6-6134-4551-8890-e13318723eff: 118 arrays, 0.5 MB stored; 1.4 s; peak memory 199 MiB.
2026-10-10T06:12:06Z INFO [400/1000] 66fcc8f6-6134-4551-8890-e13318723eff: checkpointed 400 new records.
2026-10-10T06:12:10Z INFO [401/1000] 66fcabf0-c91e-4ac8-9bf6-6afb0fb17c41: 410 arrays, 140.1 MB stored; 8.1 s; peak memory 272 MiB.
2026-10-10T06:12:11Z INFO [402/1000] 66f9c2d6-9e0e-477c-8cab-c8ed73851baa: 288 arrays, 1586.6 MB stored; 14.1 s; peak memory 272 MiB.
2026-10-10T06:12:12Z INFO [403/1000] 66fd9b8c-9dd4-48ae-a75c-3eaadddb2301: 118 arrays, 0.6 MB stored; 1.3 s; peak memory 272 MiB.
2026-10-10T06:12:13Z INFO [404/1000] 66fdb086-fc0c-4576-9bb2-acaff5afd0f2: 71 arrays, 36.5 MB stored; 1.5 s; peak memory 272 MiB.
2026-10-10T06:12:13Z INFO [405/1000] 66fdf42e-b2e3-453d-8b07-839e91b744bb: 117 arrays, 0.3 MB stored; 1.4 s; peak memory 272 MiB.
2026-10-10T06:12:13Z INFO [406/1000] 66fd2484-ad20-40e9-ae01-a5c42181992c: 791 arrays, 26.8 MB stored; 8.2 s; peak memory 272 MiB.
2026-10-10T06:12:14Z INFO [407/1000] 66fe2566-d241-423e-a717-7b48c056608a: 46 arrays, 0.1 MB stored; 1.1 s; peak memory 272 MiB.
2026-10-10T06:12:14Z INFO [408/1000] 66fdfdff-8fae-4bb7-aae6-9334ab6054a2: 110 arrays, 0.3 MB stored; 1.5 s; peak memory 272 MiB.
2026-10-10T06:12:15Z INFO [409/1000] 66fe59df-e7a2-46ed-bf33-f9bc6a41c6ff: 112 arrays, 0.2 MB stored; 1.2 s; peak memory 272 MiB.
2026-10-10T06:12:16Z INFO [410/1000] 66fe6709-3652-47cb-b9cf-71ceccbc6995: 117 arrays, 0.3 MB stored; 1.4 s; peak memory 272 MiB.
2026-10-10T06:12:16Z INFO [411/1000] 66ffc0af-327d-44f9-845b-09d1d70678f2: 48 arrays, 83.9 MB stored; 1.3 s; peak memory 272 MiB.
2026-10-10T06:12:17Z INFO [412/1000] 67000ced-32ce-447a-8194-19f59a76845e: 61 arrays, 14.6 MB stored; 1.1 s; peak memory 272 MiB.
2026-10-10T06:12:17Z INFO [413/1000] 6700122f-f3f3-435c-b280-bf9233e83cd3: 48 arrays, 83.9 MB stored; 1.2 s; peak memory 272 MiB.
2026-10-10T06:12:18Z INFO [414/1000] 67012aea-a165-42eb-82d0-c67915ceb043: 48 arrays, 83.9 MB stored; 1.1 s; peak memory 272 MiB.
2026-10-10T06:12:20Z INFO [415/1000] 67025477-9c06-4a62-88d9-2ad53ec5faa0: 112 arrays, 0.8 MB stored; 1.7 s; peak memory 272 MiB.
2026-10-10T06:12:20Z INFO [416/1000] 67023487-1159-4153-b0ba-0b2aa75d1404: 90 arrays, 278.0 MB stored; 2.5 s; peak memory 272 MiB.
2026-10-10T06:12:21Z INFO [417/1000] 67025ca4-cda3-428f-95d0-873225fa8d12: 48 arrays, 83.9 MB stored; 1.3 s; peak memory 272 MiB.
2026-10-10T06:12:22Z INFO [418/1000] 6702989b-b4bc-438b-b795-fbee48155de0: 53 arrays, 726.8 MB stored; 2.1 s; peak memory 272 MiB.
2026-10-10T06:12:22Z INFO [419/1000] 67046c77-6765-4a04-924e-855058a75ec9: 117 arrays, 0.3 MB stored; 1.3 s; peak memory 272 MiB.
2026-10-10T06:12:23Z INFO [420/1000] 6705069f-1f71-4c54-8dd3-7ae46ceececd: 48 arrays, 83.9 MB stored; 1.3 s; peak memory 272 MiB.
2026-10-10T06:12:23Z INFO [421/1000] 6705de4f-1bf7-4b1b-b99c-a2b93f5d64f7: 275 arrays, 17.1 MB stored; 1.3 s; peak memory 272 MiB.
2026-10-10T06:12:24Z INFO [422/1000] 67066bc6-9b5f-4023-a06f-595f8e8e8f15: 48 arrays, 83.9 MB stored; 1.1 s; peak memory 272 MiB.
2026-10-10T06:12:25Z INFO [423/1000] 6706b251-83d8-4962-aff2-e2dc3b92ca36: 48 arrays, 83.9 MB stored; 1.2 s; peak memory 272 MiB.
2026-10-10T06:12:26Z INFO [424/1000] 6707786f-e7ff-4ba7-8bb1-1f8b9671658a: 118 arrays, 0.2 MB stored; 1.3 s; peak memory 272 MiB.
2026-10-10T06:12:26Z INFO [425/1000] 67073a8f-27df-4487-a469-92f1c36e9cbb: 48 arrays, 251.8 MB stored; 1.8 s; peak memory 272 MiB.
2026-10-10T06:12:27Z INFO [426/1000] 66fe9a81-4349-406e-8d57-32706510ab24: 3799 arrays, 33.6 MB stored; 12.7 s; peak memory 272 MiB.
2026-10-10T06:12:27Z INFO [427/1000] 67081986-4326-4a4e-ac5c-2faf21f31d4a: 112 arrays, 0.8 MB stored; 1.6 s; peak memory 272 MiB.
2026-10-10T06:12:28Z INFO [428/1000] 67083f07-181c-47bd-8e56-398b3a58b315: 48 arrays, 83.9 MB stored; 1.2 s; peak memory 272 MiB.
2026-10-10T06:12:29Z INFO [429/1000] 6708adf8-d077-44a2-ab38-c1350323e392: 48 arrays, 83.9 MB stored; 1.3 s; peak memory 272 MiB.
2026-10-10T06:12:31Z INFO [430/1000] 6708bae9-9809-4cca-8975-32805bfcc93a: 84 arrays, 276.1 MB stored; 2.5 s; peak memory 272 MiB.
2026-10-10T06:12:32Z INFO [431/1000] 6709c419-58ed-495b-af97-f865224b071f: 153 arrays, 0.5 MB stored; 1.5 s; peak memory 272 MiB.
2026-10-10T06:12:32Z INFO [432/1000] 670838f0-ad2c-402a-ac19-95d47cfb28b5: 1024 arrays, 8.8 MB stored; 6.3 s; peak memory 272 MiB.
2026-10-10T06:12:33Z INFO [433/1000] 6709dee9-d31b-4597-9bc9-bb35cb7cbd5a: 36 arrays, 2.6 MB stored; 1.1 s; peak memory 272 MiB.
2026-10-10T06:12:34Z INFO [434/1000] 6709d5ac-191b-425a-be4a-49ec05b7429c: 38 arrays, 25.2 MB stored; 2.3 s; peak memory 272 MiB.
2026-10-10T06:12:35Z INFO [435/1000] 67099ec7-2b14-4588-8992-5d3973fa8d47: 1048 arrays, 23.7 MB stored; 5.8 s; peak memory 272 MiB.
2026-10-10T06:12:35Z INFO [436/1000] 670a6a76-d508-4db8-8eeb-745fd0432f70: 119 arrays, 51.3 MB stored; 1.8 s; peak memory 272 MiB.
2026-10-10T06:12:38Z INFO [437/1000] 670b3849-57e3-4835-89e2-535a3a9e9e94: 138 arrays, 4.8 MB stored; 2.5 s; peak memory 272 MiB.
2026-10-10T06:12:40Z INFO [438/1000] 670b2b93-f6b1-4fca-a8f9-1aede1394fd7: 301 arrays, 14900.9 MB stored; 5.8 s; peak memory 272 MiB.
2026-10-10T06:12:42Z INFO [439/1000] 670b8d53-4eda-4b7e-b54b-a482e53a2028: 48 arrays, 83.9 MB stored; 1.2 s; peak memory 272 MiB.
2026-10-10T06:12:42Z INFO [440/1000] 670c7676-b518-4b7c-a56b-c15d0bf4108a: 33 arrays, 0.0 MB stored; 1.0 s; peak memory 272 MiB.
2026-10-10T06:12:44Z INFO [441/1000] 670dadc1-b99c-447d-ab89-699184b63726: 48 arrays, 83.9 MB stored; 1.1 s; peak memory 272 MiB.
2026-10-10T06:12:44Z INFO [442/1000] 670a7d78-df26-4a14-8685-3206079ebd1a: 1771 arrays, 36.3 MB stored; 9.9 s; peak memory 272 MiB.
2026-10-10T06:12:45Z INFO [443/1000] 670ded68-9b33-483d-9dcb-3875e6362eae: 117 arrays, 0.2 MB stored; 1.4 s; peak memory 272 MiB.
2026-10-10T06:12:45Z INFO [444/1000] 670b70c1-c42e-4bd7-9e23-189c808938b3: 967 arrays, 34.3 MB stored; 7.6 s; peak memory 272 MiB.
2026-10-10T06:12:46Z INFO [445/1000] 670e0baa-a81e-4f5c-b61a-86e911793428: 53 arrays, 7.8 MB stored; 1.5 s; peak memory 272 MiB.
2026-10-10T06:12:47Z INFO [446/1000] 670eda3d-fcf4-48cc-ba88-205967eb13a4: 66 arrays, 94.5 MB stored; 1.5 s; peak memory 272 MiB.
2026-10-10T06:12:47Z INFO [447/1000] 670f4b76-6de6-481c-9806-bf5315050427: 48 arrays, 83.9 MB stored; 1.1 s; peak memory 272 MiB.
2026-10-10T06:12:47Z INFO [448/1000] 670e2ba4-052a-4bfc-9e60-c8d775885095: 158 arrays, 13.5 MB stored; 2.4 s; peak memory 272 MiB.
2026-10-10T06:12:48Z INFO [449/1000] 670f5766-1b1b-46d3-a278-f7f4f514a368: 117 arrays, 0.3 MB stored; 1.2 s; peak memory 272 MiB.
2026-10-10T06:12:48Z INFO [450/1000] 670f8577-1c0f-450f-91b0-ad5202b2460d: 46 arrays, 4.6 MB stored; 1.2 s; peak memory 272 MiB.
2026-10-10T06:12:49Z INFO [451/1000] 670fa0c7-2996-485f-8e79-def8b3ed5560: 116 arrays, 0.3 MB stored; 1.2 s; peak memory 272 MiB.
2026-10-10T06:12:49Z INFO [452/1000] 670fa982-15fd-4407-b127-16fdfd515196: 56 arrays, 0.0 MB stored; 1.1 s; peak memory 272 MiB.
2026-10-10T06:12:49Z INFO [453/1000] 670fcfba-ea4e-4563-9847-9b7b6f06d5c4: 36 arrays, 5.2 MB stored; 1.1 s; peak memory 272 MiB.
2026-10-10T06:12:52Z INFO [454/1000] 67111c3e-07a9-405a-80ea-94288c72d314: 118 arrays, 67.1 MB stored; 2.3 s; peak memory 272 MiB.
2026-10-10T06:12:52Z INFO [455/1000] 6710a8af-2be6-4ec2-9542-e17d6fd2b11f: 242 arrays, 35.0 MB stored; 3.8 s; peak memory 272 MiB.
2026-10-10T06:12:53Z INFO [456/1000] 6710c3f6-38ce-4096-b086-f673d6fa86e1: 141 arrays, 1195.3 MB stored; 3.9 s; peak memory 272 MiB.
2026-10-10T06:12:53Z INFO [457/1000] 6712fd2d-b9cb-44ba-b81d-6d656bb02b8e: 48 arrays, 83.9 MB stored; 1.0 s; peak memory 272 MiB.
2026-10-10T06:12:54Z INFO [458/1000] 67132dcf-96da-41bc-bcdc-347b141b9613: 49 arrays, 1.5 MB stored; 1.3 s; peak memory 272 MiB.
2026-10-10T06:12:54Z INFO [459/1000] 671419ce-1f2f-4bb5-81b6-681862b11797: 61 arrays, 15.6 MB stored; 1.1 s; peak memory 272 MiB.
2026-10-10T06:12:56Z INFO [460/1000] 6714bca6-5d62-4883-91fb-dab7978e0793: 71 arrays, 65.2 MB stored; 1.5 s; peak memory 272 MiB.
2026-10-10T06:12:57Z INFO [461/1000] 6714c5bf-5b9a-4b19-97c5-a702f2a09f11: 45 arrays, 0.0 MB stored; 1.0 s; peak memory 272 MiB.
2026-10-10T06:12:58Z INFO [462/1000] 6714c7c7-ea90-4fe3-95c2-d705f09e9f46: 60 arrays, 0.8 MB stored; 1.4 s; peak memory 272 MiB.
2026-10-10T06:12:59Z INFO [463/1000] 67148197-add2-4026-a7d6-92bf64aee349: 52 arrays, 9921.8 MB stored; 4.9 s; peak memory 272 MiB.
2026-10-10T06:13:00Z INFO [464/1000] 67155e22-55db-4726-80bc-83986b7532a1: 84 arrays, 0.1 MB stored; 1.3 s; peak memory 272 MiB.
2026-10-10T06:13:00Z INFO [465/1000] 6711f2d5-e4e2-4f20-ab47-bf010caf6d57: 1072 arrays, 40.3 MB stored; 8.4 s; peak memory 272 MiB.
2026-10-10T06:13:00Z INFO [466/1000] 671625d3-228e-4232-94fa-873e589217eb: 48 arrays, 83.9 MB stored; 1.3 s; peak memory 272 MiB.
2026-10-10T06:13:01Z INFO [467/1000] 6716b5ce-bc0d-4413-a343-72d3798176c3: 48 arrays, 83.9 MB stored; 1.1 s; peak memory 272 MiB.
2026-10-10T06:13:01Z INFO [468/1000] 671763aa-7628-46c5-8daf-64bafee86ca6: 48 arrays, 83.9 MB stored; 1.2 s; peak memory 272 MiB.
2026-10-10T06:13:02Z INFO [469/1000] 67176a87-6d19-46d5-9d9f-d56fa9dec789: 77 arrays, 1.4 MB stored; 1.4 s; peak memory 272 MiB.
2026-10-10T06:13:03Z INFO [470/1000] 6717b75d-be71-44d9-a459-c50253ef4bd3: 71 arrays, 4.0 MB stored; 1.8 s; peak memory 272 MiB.
2026-10-10T06:13:03Z INFO [471/1000] 67183d10-24ed-4515-a845-d397b750ff16: 112 arrays, 0.7 MB stored; 1.4 s; peak memory 272 MiB.
2026-10-10T06:13:03Z INFO [472/1000] 67184b14-c076-4de9-8de1-0453f015ef28: 46 arrays, 1.4 MB stored; 1.2 s; peak memory 272 MiB.
2026-10-10T06:13:04Z INFO [473/1000] 6718944b-541f-471f-a1fc-09e2f0400353: 114 arrays, 0.1 MB stored; 1.2 s; peak memory 272 MiB.
2026-10-10T06:13:04Z INFO [474/1000] 67188619-a0b1-4f39-afd9-a6a67f12e163: 51 arrays, 948.6 MB stored; 1.4 s; peak memory 272 MiB.
2026-10-10T06:13:05Z INFO [475/1000] 6719153d-12e4-4f3b-93cc-873de0c24555: 44 arrays, 0.6 MB stored; 1.1 s; peak memory 272 MiB.
2026-10-10T06:13:06Z INFO [476/1000] 67194daf-3f90-48ba-a781-fbb9185af6cf: 48 arrays, 83.9 MB stored; 1.1 s; peak memory 272 MiB.
2026-10-10T06:13:07Z INFO [477/1000] 6719a1c6-a461-419f-b74f-d01668a6ee98: 109 arrays, 0.5 MB stored; 1.3 s; peak memory 272 MiB.
2026-10-10T06:13:13Z INFO [478/1000] 6719c5ea-0741-464d-b441-6b2caceafa62: 49 arrays, 5060.7 MB stored; 5.9 s; peak memory 272 MiB.
2026-10-10T06:13:15Z INFO [479/1000] 66fcc19c-2497-45cd-b172-278dd440c18a: 58 arrays, 6912.7 MB stored; 71.7 s; peak memory 272 MiB.
2026-10-10T06:13:16Z INFO [480/1000] 6719c5eb-3ac3-4ebf-a947-cd36990b2fb3: 80 arrays, 965.9 MB stored; 2.7 s; peak memory 272 MiB.
2026-10-10T06:13:17Z INFO [481/1000] 671aca12-7af0-484c-a9dc-22a578b2e147: 156 arrays, 193.4 MB stored; 2.5 s; peak memory 272 MiB.
2026-10-10T06:13:17Z INFO [482/1000] 671b020b-19ed-4545-b312-9ec2c609a857: 113 arrays, 0.6 MB stored; 1.3 s; peak memory 272 MiB.
2026-10-10T06:13:18Z INFO [483/1000] 671cbabc-5db7-47db-8353-3d2f1c001e1a: 35 arrays, 0.0 MB stored; 0.9 s; peak memory 272 MiB.
2026-10-10T06:13:19Z INFO [484/1000] 671b8ca9-1b56-4392-96b6-d5887fc2bb7c: 117 arrays, 0.3 MB stored; 1.3 s; peak memory 272 MiB.
2026-10-10T06:13:20Z INFO [485/1000] 671d6bfe-c8c8-4dc6-9848-4c49d5111d81: 48 arrays, 83.9 MB stored; 1.2 s; peak memory 272 MiB.
2026-10-10T06:13:20Z INFO [486/1000] 671db898-04a5-4f18-9a72-34183d69901c: 117 arrays, 0.4 MB stored; 1.4 s; peak memory 272 MiB.
2026-10-10T06:13:21Z INFO [487/1000] 671e0cc3-a7f9-4cb0-b651-78d8006f7221: 48 arrays, 83.9 MB stored; 1.3 s; peak memory 272 MiB.
2026-10-10T06:13:21Z INFO [488/1000] 6718c3a8-6937-4fff-ad14-4b98b0e29768: 48 arrays, 38431.1 MB stored; 17.6 s; peak memory 272 MiB.
2026-10-10T06:13:22Z INFO [489/1000] 66ee693d-00f1-43ff-98a9-831be3fca0a4: 167 arrays, 21135.1 MB stored; 103.3 s; peak memory 272 MiB.
2026-10-10T06:13:22Z INFO [490/1000] 671f7766-56ac-4835-b243-9d15bebb8013: 112 arrays, 0.6 MB stored; 1.5 s; peak memory 272 MiB.
2026-10-10T06:13:23Z INFO [491/1000] 6720995d-db03-4a78-b627-c5f7fc9bea01: 46 arrays, 0.1 MB stored; 1.0 s; peak memory 272 MiB.
2026-10-10T06:13:24Z INFO [492/1000] 672150f2-895e-48f4-bb4e-a9d4680f885c: 117 arrays, 0.4 MB stored; 1.3 s; peak memory 272 MiB.
2026-10-10T06:13:25Z INFO [493/1000] 67206701-e267-452c-a956-dc56110be306: 174 arrays, 51.1 MB stored; 3.9 s; peak memory 272 MiB.
2026-10-10T06:13:26Z INFO [494/1000] 6721b983-5da9-49c5-b780-a9c2eaee22ee: 43 arrays, 247.8 MB stored; 1.3 s; peak memory 272 MiB.
2026-10-10T06:13:27Z INFO [495/1000] 67223115-2f0b-4206-95da-24fe1418e02e: 48 arrays, 83.9 MB stored; 1.3 s; peak memory 272 MiB.
2026-10-10T06:13:28Z INFO [496/1000] 67222924-b0e2-449b-b1c1-77c5ade1a30f: 84 arrays, 399.5 MB stored; 2.8 s; peak memory 272 MiB.
2026-10-10T06:13:35Z INFO [497/1000] 6723a92c-8e3c-4715-b15a-dc09f506d3fa: 410 arrays, 91.2 MB stored; 7.4 s; peak memory 272 MiB.
2026-10-10T06:13:37Z INFO [498/1000] 6724b19c-d624-49b6-8c48-8a1694356271: 48 arrays, 83.9 MB stored; 1.3 s; peak memory 272 MiB.
2026-10-10T06:13:38Z INFO [499/1000] 6726205e-fa6a-496d-8c76-66717e59fb1c: 68 arrays, 0.0 MB stored; 1.3 s; peak memory 272 MiB.
2026-10-10T06:13:39Z INFO [500/1000] 672634b0-2cd2-4b3e-8ae8-c88b24043469: 50 arrays, 1.6 MB stored; 1.0 s; peak memory 272 MiB.
2026-10-10T06:13:41Z INFO [501/1000] 672646f4-fec9-4d07-8cac-a6778eb2a040: 114 arrays, 186.9 MB stored; 2.4 s; peak memory 272 MiB.
2026-10-10T06:13:43Z INFO [502/1000] 6726f122-2885-40b3-b547-23ffba73423a: 48 arrays, 83.9 MB stored; 1.2 s; peak memory 272 MiB.
2026-10-10T06:13:43Z INFO [503/1000] 67210d68-0ab3-4526-936d-2af1e3139050: 1138 arrays, 1860.1 MB stored; 20.7 s; peak memory 272 MiB.
2026-10-10T06:13:45Z INFO [504/1000] 672714de-72f6-4a59-9878-e7315be84d89: 38 arrays, 34.5 MB stored; 1.8 s; peak memory 272 MiB.
2026-10-10T06:13:46Z INFO [505/1000] 672765a4-91f8-4bd9-b14a-99f65beb3029: 118 arrays, 0.5 MB stored; 1.4 s; peak memory 272 MiB.
2026-10-10T06:13:47Z INFO [506/1000] 67271418-6d7f-4fdc-ac03-ed241f5bd028: 1703 arrays, 9.7 MB stored; 4.7 s; peak memory 272 MiB.
2026-10-10T06:13:48Z INFO [507/1000] 672788d3-81af-486c-87f3-fd1c9e96a912: 66 arrays, 58.4 MB stored; 1.8 s; peak memory 272 MiB.
2026-10-10T06:13:49Z INFO [508/1000] 6727a540-e8fa-40c7-a272-2bd3c0c8d7e5: 112 arrays, 0.6 MB stored; 1.4 s; peak memory 272 MiB.
2026-10-10T06:13:50Z INFO [509/1000] 67286873-93c3-4bb4-97b8-b4e2b9cd065c: 71 arrays, 40.7 MB stored; 1.5 s; peak memory 272 MiB.
2026-10-10T06:13:51Z INFO [510/1000] 67290810-35e6-4145-9ddc-abab06edeff5: 48 arrays, 83.9 MB stored; 1.1 s; peak memory 272 MiB.
2026-10-10T06:13:51Z INFO [511/1000] 6728ed2c-af62-499c-a76e-08ca06cf4d77: 115 arrays, 190.1 MB stored; 2.1 s; peak memory 272 MiB.
2026-10-10T06:13:52Z INFO [512/1000] 67294459-ec95-4f76-baec-3160808ad08c: 42 arrays, 14.5 MB stored; 1.1 s; peak memory 272 MiB.
2026-10-10T06:13:52Z INFO [513/1000] 6729f394-c218-462f-ac0c-351a25db1a6a: 48 arrays, 83.9 MB stored; 1.2 s; peak memory 272 MiB.
2026-10-10T06:13:53Z INFO [514/1000] 672a29e3-d227-44a0-93a4-f473afd15fe8: 41 arrays, 8.4 MB stored; 1.0 s; peak memory 272 MiB.
2026-10-10T06:13:53Z INFO [515/1000] 672acda2-988b-4921-9bad-0ca088c196ac: 72 arrays, 0.0 MB stored; 1.4 s; peak memory 272 MiB.
2026-10-10T06:13:54Z INFO [516/1000] 672ad618-8570-4a20-814f-b6d67fdda32f: 48 arrays, 83.9 MB stored; 1.1 s; peak memory 272 MiB.
2026-10-10T06:13:55Z INFO [517/1000] 672b8417-7f3b-4baa-a703-0a6bdc677855: 52 arrays, 16.4 MB stored; 1.3 s; peak memory 272 MiB.
2026-10-10T06:13:56Z INFO [518/1000] 672b7576-a15b-4590-be00-cdcaafad7195: 115 arrays, 186.8 MB stored; 2.7 s; peak memory 272 MiB.
2026-10-10T06:13:56Z INFO [519/1000] 672c1551-35b7-46e8-81a5-645fc31065e0: 48 arrays, 83.9 MB stored; 1.3 s; peak memory 272 MiB.
2026-10-10T06:13:57Z INFO [520/1000] 672d3bb3-3655-4575-9103-492bcf59e86f: 48 arrays, 83.9 MB stored; 1.1 s; peak memory 272 MiB.
2026-10-10T06:13:58Z INFO [521/1000] 672d49ed-8199-48db-9500-d52e3b3b10bd: 66 arrays, 102.3 MB stored; 1.6 s; peak memory 272 MiB.
2026-10-10T06:13:58Z INFO [522/1000] 672d84ee-70fa-4c5c-8c29-20c42fb168af: 48 arrays, 83.9 MB stored; 1.1 s; peak memory 272 MiB.
2026-10-10T06:13:59Z INFO [523/1000] 672de39a-a49a-4801-9f9c-b5b6e4ff4da5: 33 arrays, 0.0 MB stored; 1.0 s; peak memory 272 MiB.
2026-10-10T06:14:00Z INFO [524/1000] 672dfc2d-e037-4750-b45b-c3bc1ebb43cc: 42 arrays, 85.6 MB stored; 1.4 s; peak memory 272 MiB.
2026-10-10T06:14:00Z INFO [525/1000] 672ea1d4-dd24-4256-a39b-04e0c3677f63: 46 arrays, 0.2 MB stored; 1.0 s; peak memory 272 MiB.
2026-10-10T06:14:02Z INFO [526/1000] 672f1cda-1b48-4307-b4c0-dd7d8a10c3df: 71 arrays, 133.8 MB stored; 1.8 s; peak memory 272 MiB.
2026-10-10T06:14:02Z INFO [527/1000] 672f1dbf-7f6c-4f7b-8ad3-410eaf055d15: 76 arrays, 3.5 MB stored; 1.6 s; peak memory 272 MiB.
2026-10-10T06:14:03Z INFO [528/1000] 672f67f0-c45a-426a-92f5-39ec3e278183: 48 arrays, 83.9 MB stored; 1.2 s; peak memory 272 MiB.
2026-10-10T06:14:03Z INFO [529/1000] 672f3115-c605-483c-b2c4-1c5a42a6422a: 117 arrays, 0.2 MB stored; 1.3 s; peak memory 272 MiB.
2026-10-10T06:14:04Z INFO [530/1000] 672fc51a-7b9f-4d3b-941a-7860c2edf9fc: 117 arrays, 0.2 MB stored; 1.2 s; peak memory 272 MiB.
2026-10-10T06:14:08Z INFO [531/1000] 6730e795-65e4-44fd-90cf-d999058628f4: 1011 arrays, 17.5 MB stored; 4.9 s; peak memory 272 MiB.
2026-10-10T06:14:08Z INFO [532/1000] 67315f7a-a872-4f70-ac7e-8fafd0d45efa: 538 arrays, 9.0 MB stored; 4.4 s; peak memory 272 MiB.
2026-10-10T06:14:09Z INFO [533/1000] 6732e3dd-fdab-4433-8c03-e9404d6b41b4: 46 arrays, 5704.2 MB stored; 1.7 s; peak memory 272 MiB.
2026-10-10T06:14:10Z INFO [534/1000] 67331f49-70bd-4402-8da4-43e53c13e574: 38 arrays, 25.5 MB stored; 1.9 s; peak memory 272 MiB.
2026-10-10T06:14:11Z INFO [535/1000] 6733eff4-0ff9-45f1-ba4e-e86e39e54e07: 117 arrays, 0.3 MB stored; 1.3 s; peak memory 272 MiB.
2026-10-10T06:14:11Z INFO [536/1000] 67354cf4-f6b4-4752-9da3-653ef9229f82: 48 arrays, 83.9 MB stored; 1.1 s; peak memory 272 MiB.
2026-10-10T06:14:12Z INFO [537/1000] 6735dec2-a331-4991-b125-c12cd0963b81: 94 arrays, 0.0 MB stored; 1.2 s; peak memory 272 MiB.
2026-10-10T06:14:13Z INFO [538/1000] 6735d001-a9cc-4a10-961e-cbc60208fc80: 156 arrays, 193.5 MB stored; 2.6 s; peak memory 272 MiB.
2026-10-10T06:14:14Z INFO [539/1000] 6735f9a8-0258-4cf8-a1a5-e7da02ac86b2: 66 arrays, 105.6 MB stored; 1.7 s; peak memory 272 MiB.
2026-10-10T06:14:15Z INFO [540/1000] 67371110-8aaa-4c2e-82f5-3e3719b39662: 48 arrays, 83.9 MB stored; 1.2 s; peak memory 272 MiB.
2026-10-10T06:14:15Z INFO [541/1000] 6737a337-c311-4a6b-956f-7e9e1be97d56: 117 arrays, 0.4 MB stored; 1.2 s; peak memory 272 MiB.
2026-10-10T06:14:16Z INFO [542/1000] 6737f3a2-7c71-48db-8111-6c9f3106026b: 117 arrays, 0.4 MB stored; 1.3 s; peak memory 272 MiB.
2026-10-10T06:14:17Z INFO [543/1000] 67392b1a-f5d7-4043-b45f-964b35f4233f: 68 arrays, 62.1 MB stored; 1.1 s; peak memory 272 MiB.
2026-10-10T06:14:17Z INFO [544/1000] 6738f827-fbeb-49eb-aa30-96aad2285b19: 71 arrays, 36.5 MB stored; 1.8 s; peak memory 272 MiB.
2026-10-10T06:14:18Z INFO [545/1000] 67396f66-3646-4a7b-85d2-ff2e495de4f3: 41 arrays, 8.4 MB stored; 1.1 s; peak memory 272 MiB.
2026-10-10T06:14:18Z INFO [546/1000] 6739b240-9c02-4b0c-bb04-4f44b8b1b8c8: 48 arrays, 83.9 MB stored; 1.1 s; peak memory 272 MiB.
2026-10-10T06:14:20Z INFO [547/1000] 673af77d-c1d8-4956-929e-854af5f05879: 110 arrays, 0.7 MB stored; 1.5 s; peak memory 272 MiB.
2026-10-10T06:14:20Z INFO [548/1000] 673aa5a0-3c01-42ef-b234-4c9588c1b8d5: 115 arrays, 186.8 MB stored; 2.3 s; peak memory 272 MiB.
2026-10-10T06:14:21Z INFO [549/1000] 673af7c6-739d-4c54-a771-798e0fbf1819: 117 arrays, 0.4 MB stored; 1.5 s; peak memory 272 MiB.
2026-10-10T06:14:23Z INFO [550/1000] 673b6e54-bf77-4ceb-aaa7-4dcb232db805: 112 arrays, 0.6 MB stored; 1.3 s; peak memory 272 MiB.
2026-10-10T06:14:24Z INFO [551/1000] 673b7339-bc16-4301-9509-00791c1592aa: 48 arrays, 83.9 MB stored; 1.1 s; peak memory 272 MiB.
2026-10-10T06:14:25Z INFO [552/1000] 673b4320-fa0f-4fe2-b5dc-28a99a3a9a80: 229 arrays, 233.0 MB stored; 4.3 s; peak memory 272 MiB.
2026-10-10T06:14:26Z INFO [553/1000] 673ca2b9-be79-4c0e-b11e-42bfe0ddf43a: 48 arrays, 83.9 MB stored; 1.2 s; peak memory 272 MiB.
2026-10-10T06:14:27Z INFO [554/1000] 673caf30-050d-4e73-be47-cdbbde430590: 51 arrays, 3855.9 MB stored; 1.5 s; peak memory 272 MiB.
2026-10-10T06:14:37Z INFO [555/1000] 673b9210-c4fa-4c73-8359-6dc88d271779: 833 arrays, 48.7 MB stored; 13.0 s; peak memory 272 MiB.
2026-10-10T06:14:38Z INFO [556/1000] 673d46e9-11bf-4ba3-9e2e-b7cbe00fb059: 48 arrays, 83.9 MB stored; 1.1 s; peak memory 272 MiB.
2026-10-10T06:14:49Z INFO [557/1000] 673d28b5-007c-48a0-8e5a-e41af9e0763a: 48 arrays, 38708.8 MB stored; 21.3 s; peak memory 272 MiB.
2026-10-10T06:14:50Z INFO [558/1000] 673d971e-a802-4d84-bd85-4d08a7f4b1ab: 112 arrays, 1.5 MB stored; 1.7 s; peak memory 272 MiB.
2026-10-10T06:14:52Z INFO [559/1000] 673dac51-5c12-4ec6-85da-f06eeaf172fd: 38 arrays, 25.1 MB stored; 2.0 s; peak memory 272 MiB.
2026-10-10T06:14:53Z INFO [560/1000] 673ddc5d-7dbe-42f3-a565-2c5b15c730c1: 56 arrays, 0.0 MB stored; 1.1 s; peak memory 272 MiB.
2026-10-10T06:14:55Z INFO [561/1000] 673e32d4-70b1-4919-b952-274434a14b2f: 72 arrays, 0.0 MB stored; 1.2 s; peak memory 272 MiB.
2026-10-10T06:14:56Z INFO [562/1000] 673e8c81-7a9d-4168-a0c1-13218a1b8601: 93 arrays, 22.0 MB stored; 1.3 s; peak memory 272 MiB.
2026-10-10T06:14:58Z INFO [563/1000] 673e9c4e-a1dc-436c-bc99-735532b3f509: 174 arrays, 1.0 MB stored; 1.7 s; peak memory 272 MiB.
2026-10-10T06:15:02Z INFO [564/1000] 673eabb6-e4ea-414b-b3e5-7b0e9066fab5: 46 arrays, 2397.5 MB stored; 4.6 s; peak memory 272 MiB.
2026-10-10T06:15:04Z INFO [565/1000] 673f2feb-bb6f-402c-9a05-2e40d9205a2a: 78 arrays, 685.3 MB stored; 1.7 s; peak memory 272 MiB.
2026-10-10T06:15:05Z INFO [566/1000] 673f5c80-f522-4070-ab9e-c651f6b6c49b: 48 arrays, 83.9 MB stored; 1.2 s; peak memory 272 MiB.
2026-10-10T06:15:06Z INFO [567/1000] 673fed20-f988-4f7a-b8ea-4423dabc8e3a: 116 arrays, 0.4 MB stored; 1.3 s; peak memory 272 MiB.
2026-10-10T06:15:08Z INFO [568/1000] 67404650-d127-4fe2-b007-7982cbafcb43: 48 arrays, 83.9 MB stored; 1.2 s; peak memory 272 MiB.
2026-10-10T06:15:09Z INFO [569/1000] 6740bef9-5aa9-4fd8-b341-17804c2437a6: 48 arrays, 83.9 MB stored; 1.2 s; peak memory 272 MiB.
2026-10-10T06:15:10Z INFO [570/1000] 67413f64-1238-47df-ac37-81d915203bf6: 39 arrays, 4.8 MB stored; 1.2 s; peak memory 272 MiB.
2026-10-10T06:15:11Z INFO [571/1000] 6741c5dd-b57b-4aa3-98b6-da2d779d33ee: 88 arrays, 7.5 MB stored; 1.2 s; peak memory 272 MiB.
2026-10-10T06:15:12Z INFO [572/1000] 6742758c-ed9f-4f53-88b8-5ddd30d3340a: 62 arrays, 0.0 MB stored; 1.0 s; peak memory 272 MiB.
2026-10-10T06:15:26Z INFO [573/1000] 671e659a-71ad-4c33-bc8f-aff404f918a6: 279 arrays, 23315.9 MB stored; 126.0 s; peak memory 272 MiB.
2026-10-10T06:15:27Z INFO [574/1000] 67438511-c2d7-405f-9f1b-cacfcebe9ab2: 48 arrays, 83.9 MB stored; 1.1 s; peak memory 272 MiB.
2026-10-10T06:15:27Z INFO [575/1000] 6742b3f7-ec00-4bfe-ba6b-06e47aaa8209: 613 arrays, 50.9 MB stored; 15.1 s; peak memory 272 MiB.
2026-10-10T06:15:28Z INFO [576/1000] 6743e703-a995-4a5c-a6a1-c9de7e79f8ff: 52 arrays, 18.0 MB stored; 1.3 s; peak memory 272 MiB.
2026-10-10T06:15:29Z INFO [577/1000] 6744baf6-1bc3-4542-bf83-668db1095c0c: 56 arrays, 0.0 MB stored; 0.9 s; peak memory 272 MiB.
2026-10-10T06:15:30Z INFO [578/1000] 6743eaae-2087-49ef-ac2a-9cb5e23550eb: 85 arrays, 7.9 MB stored; 2.2 s; peak memory 272 MiB.
2026-10-10T06:15:31Z INFO [579/1000] 67452578-fadf-46ce-82a7-5e24a1f520b3: 46 arrays, 0.1 MB stored; 1.0 s; peak memory 272 MiB.
2026-10-10T06:15:31Z INFO [580/1000] 6744fec4-5ec5-4d64-863e-b56b1ee6e4c7: 59 arrays, 249.3 MB stored; 1.5 s; peak memory 272 MiB.
2026-10-10T06:15:32Z INFO [581/1000] 6745afd7-932e-4f54-8ce8-02324a4fbbe4: 48 arrays, 83.9 MB stored; 1.2 s; peak memory 272 MiB.
2026-10-10T06:15:32Z INFO [582/1000] 6746c9d6-2661-45e4-983a-70245a2b0421: 117 arrays, 0.4 MB stored; 1.3 s; peak memory 272 MiB.
2026-10-10T06:15:33Z INFO [583/1000] 6746d275-e7b1-4883-88d7-e503c5904df7: 46 arrays, 0.0 MB stored; 0.9 s; peak memory 272 MiB.
2026-10-10T06:15:34Z INFO [584/1000] 674745ef-0fa8-4479-87c6-d8f7b2c4bf4c: 112 arrays, 0.6 MB stored; 1.5 s; peak memory 272 MiB.
2026-10-10T06:15:34Z INFO [585/1000] 6748a6bc-2a52-4388-9f12-dcf59607e626: 65 arrays, 24.6 MB stored; 1.4 s; peak memory 272 MiB.
2026-10-10T06:15:35Z INFO [586/1000] 6748c55b-ed9b-4898-b14d-edaff6254491: 52 arrays, 12.2 MB stored; 1.2 s; peak memory 272 MiB.
2026-10-10T06:15:36Z INFO [587/1000] 674adfb1-8833-4a31-9d8d-ece9be542bb8: 38 arrays, 0.5 MB stored; 1.2 s; peak memory 272 MiB.
2026-10-10T06:15:37Z INFO [588/1000] 672334ca-ce5f-435e-8b54-a5949584190e: 413 arrays, 23357.0 MB stored; 129.7 s; peak memory 272 MiB.
2026-10-10T06:15:37Z INFO [589/1000] 674c979f-4961-4d98-9aeb-e880afd9553e: 48 arrays, 83.9 MB stored; 1.3 s; peak memory 272 MiB.
2026-10-10T06:15:38Z INFO [590/1000] 674cdd24-23d6-48d5-aa8e-a40ff7a53197: 48 arrays, 83.9 MB stored; 1.1 s; peak memory 272 MiB.
2026-10-10T06:15:38Z INFO [591/1000] 674a7bb0-126a-4309-8912-5f12a74f7082: 223 arrays, 295.9 MB stored; 4.5 s; peak memory 272 MiB.
2026-10-10T06:15:40Z INFO [592/1000] 674d3b50-11b7-4ffe-9aa5-f5e506712224: 48 arrays, 83.9 MB stored; 1.2 s; peak memory 272 MiB.
2026-10-10T06:15:40Z INFO [593/1000] 674cedb3-61c5-4f89-8a63-6a3c54406284: 117 arrays, 0.5 MB stored; 1.3 s; peak memory 272 MiB.
2026-10-10T06:15:41Z INFO [594/1000] 674d5a38-f42f-463d-aa54-f6b44a1286c9: 116 arrays, 0.2 MB stored; 1.5 s; peak memory 272 MiB.
2026-10-10T06:15:42Z INFO [595/1000] 674e13ed-2b2d-480d-8b80-df22823ae28f: 78 arrays, 0.0 MB stored; 1.2 s; peak memory 272 MiB.
2026-10-10T06:15:43Z INFO [596/1000] 674dd925-3edc-45c3-86ac-a8d7e4ebf1e6: 53 arrays, 355.9 MB stored; 3.4 s; peak memory 272 MiB.
2026-10-10T06:15:45Z INFO [597/1000] 674e7ee2-8c2d-4ffd-bc11-7f88b16f2bc9: 119 arrays, 67.5 MB stored; 2.7 s; peak memory 272 MiB.
2026-10-10T06:15:45Z INFO [598/1000] 673d6890-5104-4def-ba48-2acab48b427c: 58 arrays, 6869.5 MB stored; 67.5 s; peak memory 272 MiB.
2026-10-10T06:15:46Z INFO [599/1000] 6718b709-5de5-45b6-9368-ce559c8601bf: 173 arrays, 332492.4 MB stored; 163.3 s; peak memory 272 MiB.
2026-10-10T06:15:48Z INFO [600/1000] 674f12db-c430-456e-9cd5-04dbabb75eca: 52 arrays, 24.3 MB stored; 1.4 s; peak memory 272 MiB.
2026-10-10T06:15:49Z INFO [600/1000] 674f12db-c430-456e-9cd5-04dbabb75eca: checkpointed 600 new records.
2026-10-10T06:15:49Z INFO [601/1000] 674f0192-fe85-4405-a80c-248d683cd8f4: 38 arrays, 58.7 MB stored; 2.3 s; peak memory 341 MiB.
2026-10-10T06:15:49Z INFO [602/1000] 674eaed0-a90d-4673-aa59-f421bf2995a2: 838 arrays, 22.4 MB stored; 5.8 s; peak memory 341 MiB.
2026-10-10T06:15:49Z INFO [603/1000] 67500671-24f4-4192-82bb-7241bfea6359: 78 arrays, 0.2 MB stored; 1.5 s; peak memory 341 MiB.
2026-10-10T06:15:50Z INFO [604/1000] 674f318a-e85a-4369-901a-696cf809075f: 38 arrays, 1864.0 MB stored; 2.3 s; peak memory 341 MiB.
2026-10-10T06:15:50Z INFO [605/1000] 675076f9-02a1-4a72-8a46-d86b0cfcfbbf: 46 arrays, 2.8 MB stored; 1.1 s; peak memory 341 MiB.
2026-10-10T06:15:50Z INFO [606/1000] 67508fa9-8ea8-432e-9614-3d4c5e9665ed: 50 arrays, 1.4 MB stored; 1.1 s; peak memory 341 MiB.
2026-10-10T06:15:51Z INFO [607/1000] 67526455-7a8e-477b-9ce0-46e32e652885: 77 arrays, 0.1 MB stored; 1.5 s; peak memory 341 MiB.
2026-10-10T06:15:52Z INFO [608/1000] 6752be2e-38db-4855-8b36-0fb02c65150e: 70 arrays, 0.6 MB stored; 1.2 s; peak memory 341 MiB.
2026-10-10T06:15:53Z INFO [609/1000] 67536a53-0e1f-4294-aee9-df56e0b77cfc: 48 arrays, 83.9 MB stored; 1.3 s; peak memory 341 MiB.
2026-10-10T06:15:53Z INFO [610/1000] 6752eb41-78ee-4c8c-a546-2c3fc9e88614: 112 arrays, 0.5 MB stored; 1.5 s; peak memory 341 MiB.
2026-10-10T06:15:54Z INFO [611/1000] 67539d1c-7129-46ee-8afc-e408d043636e: 118 arrays, 0.4 MB stored; 1.3 s; peak memory 341 MiB.
2026-10-10T06:15:55Z INFO [612/1000] 67538b84-fce9-4926-9f29-231ac85aa8b9: 132 arrays, 1.0 MB stored; 1.7 s; peak memory 341 MiB.
2026-10-10T06:15:56Z INFO [613/1000] 6753ea10-9c7f-46d3-969b-9261f5d2ee6c: 48 arrays, 83.9 MB stored; 1.2 s; peak memory 341 MiB.
2026-10-10T06:15:56Z INFO [614/1000] 6753c6c0-59f0-452b-8e41-d5ef58b4a656: 69 arrays, 3.2 MB stored; 1.5 s; peak memory 341 MiB.
2026-10-10T06:15:57Z INFO [615/1000] 6754281c-cf04-42e4-888f-4ecfe385f038: 118 arrays, 0.5 MB stored; 1.2 s; peak memory 341 MiB.
2026-10-10T06:15:57Z INFO [616/1000] 67547809-d6cf-4fe1-83aa-15b5c474c860: 52 arrays, 14.5 MB stored; 1.3 s; peak memory 341 MiB.
2026-10-10T06:15:58Z INFO [617/1000] 67547944-47be-44d8-b99a-87f5c6647144: 119 arrays, 0.1 MB stored; 1.1 s; peak memory 341 MiB.
2026-10-10T06:15:58Z INFO [618/1000] 675283b8-1aef-46ff-ac1a-4b1133ff72b2: 776 arrays, 22.7 MB stored; 8.4 s; peak memory 341 MiB.
2026-10-10T06:15:59Z INFO [619/1000] 67547cef-df3e-4b15-a4a5-45866b8a3c5d: 81 arrays, 11.9 MB stored; 1.8 s; peak memory 341 MiB.
2026-10-10T06:15:59Z INFO [620/1000] 6754e792-8926-4a74-8aec-d1673e50b90d: 52 arrays, 13.7 MB stored; 1.2 s; peak memory 341 MiB.
2026-10-10T06:15:59Z INFO [621/1000] 674cdadb-3e19-41ac-a47d-814131feaa97: 48 arrays, 37728.1 MB stored; 22.9 s; peak memory 341 MiB.
2026-10-10T06:16:00Z INFO [622/1000] 6755933e-e8aa-4308-b83e-119463b8eeac: 33 arrays, 541.9 MB stored; 1.3 s; peak memory 341 MiB.
2026-10-10T06:16:00Z INFO [623/1000] 6755ab34-0f36-4692-8b1e-829ced733a23: 112 arrays, 0.7 MB stored; 1.5 s; peak memory 341 MiB.
2026-10-10T06:16:01Z INFO [624/1000] 67566a84-e631-48ad-b7d3-498ebc70b0cc: 117 arrays, 0.5 MB stored; 1.6 s; peak memory 341 MiB.
2026-10-10T06:16:01Z INFO [625/1000] 6756914c-dfdf-499f-b195-3b5b4407e6b6: 112 arrays, 0.9 MB stored; 1.6 s; peak memory 341 MiB.
2026-10-10T06:16:02Z INFO [626/1000] 674ebf78-21af-4b22-bb85-80dc5dd2e464: 48 arrays, 46467.1 MB stored; 16.5 s; peak memory 341 MiB.
2026-10-10T06:16:02Z INFO [627/1000] 6756d016-0e85-4119-8db8-fe6b3678a66f: 66 arrays, 51.7 MB stored; 1.4 s; peak memory 341 MiB.
2026-10-10T06:16:02Z INFO [628/1000] 6756d532-22d9-4ee3-bf11-9aa323f57326: 48 arrays, 83.9 MB stored; 1.3 s; peak memory 341 MiB.
2026-10-10T06:16:03Z INFO [629/1000] 67573478-7074-4b7d-930f-ab728464bc2f: 38 arrays, 0.5 MB stored; 1.2 s; peak memory 341 MiB.
2026-10-10T06:16:03Z INFO [630/1000] 675774f5-d68f-46a2-a203-b6d8bbf9ce2b: 48 arrays, 83.9 MB stored; 1.4 s; peak memory 341 MiB.
2026-10-10T06:16:03Z INFO [631/1000] 6757927d-c648-448b-9235-f58b6b3ebb1d: 118 arrays, 0.4 MB stored; 1.4 s; peak memory 341 MiB.
2026-10-10T06:16:03Z INFO [632/1000] 6757bccd-614e-45f8-b225-860f77ef2107: 33 arrays, 0.0 MB stored; 1.0 s; peak memory 341 MiB.
2026-10-10T06:16:04Z INFO [633/1000] 67582966-ebad-45e9-9ab1-e9eb953d4a53: 46 arrays, 0.0 MB stored; 1.1 s; peak memory 341 MiB.
2026-10-10T06:16:05Z INFO [634/1000] 6758c61e-fafb-45bc-89e8-3df03ffa58c5: 70 arrays, 0.0 MB stored; 1.3 s; peak memory 341 MiB.
2026-10-10T06:16:05Z INFO [635/1000] 675973d7-7102-4025-8b09-d099f77e7275: 117 arrays, 0.4 MB stored; 1.3 s; peak memory 341 MiB.
2026-10-10T06:16:05Z INFO [636/1000] 67595d53-948b-4bb2-9334-5bf41b4b4c07: 71 arrays, 195.9 MB stored; 2.0 s; peak memory 341 MiB.
2026-10-10T06:16:06Z INFO [637/1000] 675a128d-c436-4855-9c4f-3bad566eb122: 112 arrays, 1.2 MB stored; 1.7 s; peak memory 341 MiB.
2026-10-10T06:16:06Z INFO [638/1000] 675a1e0d-0eb0-4778-89b2-f41916c0f888: 112 arrays, 1.0 MB stored; 1.5 s; peak memory 341 MiB.
2026-10-10T06:16:07Z INFO [639/1000] 675a7f42-e21e-415f-a054-8d7a1662b4fa: 117 arrays, 0.3 MB stored; 1.3 s; peak memory 341 MiB.
2026-10-10T06:16:08Z INFO [640/1000] 675abff5-efad-450c-a702-f6044796c043: 48 arrays, 83.9 MB stored; 1.0 s; peak memory 341 MiB.
2026-10-10T06:16:08Z INFO [641/1000] 675a9299-739a-4db9-b941-793e8d0b88b2: 116 arrays, 0.5 MB stored; 1.5 s; peak memory 341 MiB.
2026-10-10T06:16:08Z INFO [642/1000] 675ab19e-9a79-40f2-a836-1ca5239ba83f: 275 arrays, 17.1 MB stored; 1.6 s; peak memory 341 MiB.
2026-10-10T06:16:09Z INFO [643/1000] 6755c91d-8658-4a86-939b-c1ee26ec054a: 1656 arrays, 25.8 MB stored; 10.0 s; peak memory 341 MiB.
2026-10-10T06:16:10Z INFO [644/1000] 675ae9db-073a-457c-bf01-3e29d7ae3e2c: 38 arrays, 35.9 MB stored; 2.4 s; peak memory 341 MiB.
2026-10-10T06:16:10Z INFO [645/1000] 675b05c8-9138-4f2a-a99d-6c8dfe24d94c: 186 arrays, 28.6 MB stored; 2.3 s; peak memory 341 MiB.
2026-10-10T06:16:11Z INFO [646/1000] 675bfdd4-8b3e-42a6-930e-e8c388e0cd94: 112 arrays, 0.5 MB stored; 1.6 s; peak memory 341 MiB.
2026-10-10T06:16:11Z INFO [647/1000] 675c0061-0be4-401a-8c18-4148caf0d4bc: 48 arrays, 83.9 MB stored; 1.3 s; peak memory 341 MiB.
2026-10-10T06:16:12Z INFO [648/1000] 675c1f8e-2b89-4896-8199-106156096e0a: 112 arrays, 1.4 MB stored; 1.7 s; peak memory 341 MiB.
2026-10-10T06:16:13Z INFO [649/1000] 675d3214-0934-474c-b113-3f343c097e27: 116 arrays, 0.5 MB stored; 1.4 s; peak memory 341 MiB.
2026-10-10T06:16:14Z INFO [650/1000] 675d513d-e2f3-4596-ba9a-c198a36f911d: 112 arrays, 0.5 MB stored; 1.4 s; peak memory 341 MiB.
2026-10-10T06:16:14Z INFO [651/1000] 675d8479-6bf5-4856-89e7-e5acdf73cc20: 117 arrays, 0.3 MB stored; 1.4 s; peak memory 341 MiB.
2026-10-10T06:16:15Z INFO [652/1000] 675bba6d-df12-4664-a5c6-af5d53c3fdac: 970 arrays, 12.2 MB stored; 6.7 s; peak memory 341 MiB.
2026-10-10T06:16:15Z INFO [653/1000] 675d8a85-def1-4b8c-ba2e-a091fa09e98c: 56 arrays, 396.9 MB stored; 1.5 s; peak memory 341 MiB.
2026-10-10T06:16:16Z INFO [654/1000] 675daa10-0013-40b1-acfd-c61c23ebb453: 66 arrays, 104.6 MB stored; 1.6 s; peak memory 341 MiB.
2026-10-10T06:16:16Z INFO [655/1000] 675e5a54-0925-4251-b914-3d4598670023: 48 arrays, 83.9 MB stored; 1.3 s; peak memory 341 MiB.
2026-10-10T06:16:17Z INFO [656/1000] 675ef668-c7f5-4ac2-8707-e10e2df2b599: 112 arrays, 0.2 MB stored; 1.3 s; peak memory 341 MiB.
2026-10-10T06:16:17Z INFO [657/1000] 675c02ea-8029-476d-af7d-90b5163a6bfc: 1012 arrays, 40.4 MB stored; 7.3 s; peak memory 341 MiB.
2026-10-10T06:16:18Z INFO [658/1000] 675f21f2-d738-409b-a681-793c087fc353: 117 arrays, 12.5 MB stored; 2.4 s; peak memory 341 MiB.
2026-10-10T06:16:18Z INFO [659/1000] 675f3142-9def-46b3-9add-ea6409e72dac: 68 arrays, 47.2 MB stored; 1.4 s; peak memory 341 MiB.
2026-10-10T06:16:19Z INFO [660/1000] 675f5882-016e-4977-aa0f-a6729b51de90: 117 arrays, 0.2 MB stored; 1.4 s; peak memory 341 MiB.
2026-10-10T06:16:19Z INFO [661/1000] 675febf2-2b93-4c72-b155-44196351d975: 46 arrays, 0.1 MB stored; 1.0 s; peak memory 341 MiB.
2026-10-10T06:16:20Z INFO [662/1000] 675fdb45-4391-40e2-9b1f-528b6d5c0ec6: 117 arrays, 0.5 MB stored; 1.6 s; peak memory 341 MiB.
2026-10-10T06:16:20Z INFO [663/1000] 675ff69a-508f-41f5-9895-83ae48c9f2c1: 118 arrays, 0.5 MB stored; 1.3 s; peak memory 341 MiB.
2026-10-10T06:16:21Z INFO [664/1000] 6760d76e-c9b8-4791-a786-81671ee0d920: 46 arrays, 12.6 MB stored; 1.2 s; peak memory 341 MiB.
2026-10-10T06:16:21Z INFO [665/1000] 67604fb4-4dd3-45f7-af16-b72c1045f0f5: 71 arrays, 70.3 MB stored; 1.9 s; peak memory 341 MiB.
2026-10-10T06:16:22Z INFO [666/1000] 67605b1b-076c-45c1-b5bb-678f3178b913: 90 arrays, 162.1 MB stored; 2.4 s; peak memory 341 MiB.
2026-10-10T06:16:23Z INFO [667/1000] 67611e51-6f53-4f9c-88fe-44347ab80d43: 117 arrays, 0.3 MB stored; 1.5 s; peak memory 341 MiB.
2026-10-10T06:16:23Z INFO [668/1000] 6761b363-153c-433c-ac23-d84497cab96c: 118 arrays, 0.6 MB stored; 1.4 s; peak memory 341 MiB.
2026-10-10T06:16:23Z INFO [669/1000] 675875ae-53c4-4ffe-a7bb-1df492f1fa0a: 48 arrays, 39570.2 MB stored; 20.1 s; peak memory 341 MiB.
2026-10-10T06:16:24Z INFO [670/1000] 6761bfdc-435c-489b-9aa9-6b907b745049: 48 arrays, 83.9 MB stored; 1.1 s; peak memory 341 MiB.
2026-10-10T06:16:24Z INFO [671/1000] 6762bf96-0a32-4722-be43-66f7e49640bc: 45 arrays, 0.0 MB stored; 1.2 s; peak memory 341 MiB.
2026-10-10T06:16:25Z INFO [672/1000] 67634b70-8733-4170-981f-175549528577: 48 arrays, 83.9 MB stored; 1.1 s; peak memory 341 MiB.
2026-10-10T06:16:25Z INFO [673/1000] 67625048-3028-4114-8a15-08537b9a4266: 303 arrays, 17.1 MB stored; 1.9 s; peak memory 341 MiB.
2026-10-10T06:16:25Z INFO [674/1000] 676337eb-37bb-4f1d-9778-aaa2fbf3df17: 71 arrays, 3.2 MB stored; 1.9 s; peak memory 341 MiB.
2026-10-10T06:16:25Z INFO [675/1000] 676363e5-91c2-407d-bba9-24eee3cbb876: 48 arrays, 83.9 MB stored; 1.4 s; peak memory 341 MiB.
2026-10-10T06:16:26Z INFO [676/1000] 6763d4d5-5768-4ed3-99ae-c5046fed3b5a: 48 arrays, 83.9 MB stored; 1.4 s; peak memory 341 MiB.
2026-10-10T06:16:26Z INFO [677/1000] 6763ed40-409b-4c21-a8b3-a7fedf7d264a: 48 arrays, 83.9 MB stored; 1.2 s; peak memory 341 MiB.
2026-10-10T06:16:27Z INFO [678/1000] 6763f833-f042-4f60-a391-c290cdd5eba6: 112 arrays, 0.9 MB stored; 1.6 s; peak memory 341 MiB.
2026-10-10T06:16:27Z INFO [679/1000] 675ea3fe-8ae3-4eb2-8dc1-47d3f2216894: 3187 arrays, 27.4 MB stored; 11.5 s; peak memory 341 MiB.
2026-10-10T06:16:27Z INFO [680/1000] 67645b00-172c-4666-a5d9-f31f07db9890: 62 arrays, 4435.0 MB stored; 1.6 s; peak memory 341 MiB.
2026-10-10T06:16:27Z INFO [681/1000] 67649337-51d8-4d4a-a9aa-44c370d6693b: 63 arrays, 0.1 MB stored; 1.2 s; peak memory 341 MiB.
2026-10-10T06:16:27Z INFO [682/1000] 676473a0-3fc8-4d22-a116-4c1dcff17f56: 48 arrays, 83.9 MB stored; 1.4 s; peak memory 341 MiB.
2026-10-10T06:16:28Z INFO [683/1000] 6765407e-aa31-4939-b098-68872ac9b637: 46 arrays, 12.6 MB stored; 1.4 s; peak memory 341 MiB.
2026-10-10T06:16:29Z INFO [684/1000] 6765cc29-6065-4d88-897e-9d2a39030df1: 52 arrays, 13.0 MB stored; 1.5 s; peak memory 341 MiB.
2026-10-10T06:16:29Z INFO [685/1000] 6765df19-f17a-4011-9e59-69441d46a410: 66 arrays, 31.0 MB stored; 1.6 s; peak memory 341 MiB.
2026-10-10T06:16:29Z INFO [686/1000] 6765e834-3ec6-41b2-a46a-e62b3d84e351: 52 arrays, 14.7 MB stored; 1.1 s; peak memory 341 MiB.
2026-10-10T06:16:29Z INFO [687/1000] 6764d259-276a-4bb0-94d0-2759951fd2f4: 85 arrays, 18.9 MB stored; 2.8 s; peak memory 341 MiB.
2026-10-10T06:16:30Z INFO [688/1000] 67666a4a-1c01-47cc-964e-dd9e50020ad7: 71 arrays, 91.1 MB stored; 1.9 s; peak memory 341 MiB.
2026-10-10T06:16:31Z INFO [689/1000] 67655000-b48d-408e-8341-36630016cedf: 178 arrays, 217.4 MB stored; 3.6 s; peak memory 341 MiB.
2026-10-10T06:16:31Z INFO [690/1000] 676840d6-30c9-4af7-bb4e-1330c4af82bb: 39 arrays, 13.2 MB stored; 1.3 s; peak memory 341 MiB.
2026-10-10T06:16:31Z INFO [691/1000] 67685072-96a8-4f31-bc0d-bfcf4ad0d0cf: 117 arrays, 0.4 MB stored; 1.3 s; peak memory 341 MiB.
2026-10-10T06:16:31Z INFO [692/1000] 6766bf5d-fd48-4623-8949-9712a1a17ad5: 71 arrays, 142.7 MB stored; 2.2 s; peak memory 341 MiB.
2026-10-10T06:16:32Z INFO [693/1000] 676a251b-5657-4fed-85c7-bd305b6d15fd: 46 arrays, 0.1 MB stored; 1.2 s; peak memory 341 MiB.
2026-10-10T06:16:32Z INFO [694/1000] 676a02ba-634a-438d-a346-61277696904d: 46 arrays, 12.6 MB stored; 1.5 s; peak memory 341 MiB.
2026-10-10T06:16:32Z INFO [695/1000] 676a7886-1055-4bc1-ae71-8bba70854ab0: 55 arrays, 0.0 MB stored; 1.1 s; peak memory 341 MiB.
2026-10-10T06:16:32Z INFO [696/1000] 6769b91d-273f-416e-ab8e-b79a59b5e4cb: 112 arrays, 0.8 MB stored; 1.9 s; peak memory 341 MiB.
2026-10-10T06:16:33Z INFO [697/1000] 676c2518-29a4-4d4f-be42-af5d31ac4ad8: 46 arrays, 0.1 MB stored; 1.2 s; peak memory 341 MiB.
2026-10-10T06:16:34Z INFO [698/1000] 676bc384-ec2b-4457-91fd-85940da384c3: 66 arrays, 81.0 MB stored; 1.6 s; peak memory 341 MiB.
2026-10-10T06:16:34Z INFO [699/1000] 676c6688-f9cf-4e5c-abf8-f98dd94d70c5: 117 arrays, 0.4 MB stored; 1.4 s; peak memory 341 MiB.
2026-10-10T06:16:34Z INFO [700/1000] 676b8db5-c48e-46cb-a18e-3a3de7e82de8: 112 arrays, 1.0 MB stored; 2.1 s; peak memory 341 MiB.
2026-10-10T06:16:35Z INFO [701/1000] 676df3e3-5bcb-42f5-9af4-d1fabd3724da: 52 arrays, 18.2 MB stored; 1.7 s; peak memory 341 MiB.
2026-10-10T06:16:36Z INFO [702/1000] 676cb7fd-e6c3-4a99-8cea-7d434afd05ae: 77 arrays, 292.7 MB stored; 2.5 s; peak memory 341 MiB.
2026-10-10T06:16:36Z INFO [703/1000] 676e9ab4-176a-4d0d-829d-4f182550de8b: 46 arrays, 0.1 MB stored; 1.1 s; peak memory 341 MiB.
2026-10-10T06:16:37Z INFO [704/1000] 676f1a76-6b60-4342-8723-4f19a88a6dce: 112 arrays, 0.8 MB stored; 1.4 s; peak memory 341 MiB.
2026-10-10T06:16:37Z INFO [705/1000] 676ce73e-ae34-496f-9964-2896da24709b: 512 arrays, 7.8 MB stored; 3.8 s; peak memory 341 MiB.
2026-10-10T06:16:38Z INFO [706/1000] 676f2e4d-93cb-4a5f-b307-aa9d136780ed: 77 arrays, 0.1 MB stored; 1.3 s; peak memory 341 MiB.
2026-10-10T06:16:38Z INFO [707/1000] 676f6bc3-9c5d-4a6f-a547-a08109b8258e: 45 arrays, 0.0 MB stored; 1.0 s; peak memory 341 MiB.
2026-10-10T06:16:40Z INFO [708/1000] 676f7690-ba5f-450e-adc6-b400558f6c19: 116 arrays, 187.1 MB stored; 2.2 s; peak memory 341 MiB.
2026-10-10T06:16:40Z INFO [709/1000] 67702f5d-2736-4ec9-bde9-13298b592577: 70 arrays, 18.4 MB stored; 1.7 s; peak memory 341 MiB.
2026-10-10T06:16:40Z INFO [710/1000] 676fd9f7-c6da-4d18-beef-48b3778ebfaf: 119 arrays, 67.5 MB stored; 2.5 s; peak memory 341 MiB.
2026-10-10T06:16:41Z INFO [711/1000] 6770fae4-6966-4864-b2c6-e552e7be18dd: 57 arrays, 0.0 MB stored; 1.1 s; peak memory 341 MiB.
2026-10-10T06:16:41Z INFO [712/1000] 677101f1-e9de-4081-85c2-00105df65cc9: 114 arrays, 0.2 MB stored; 1.3 s; peak memory 341 MiB.
2026-10-10T06:16:42Z INFO [713/1000] 677214db-bed6-4a73-b310-2f16c42e0564: 69 arrays, 621.2 MB stored; 1.4 s; peak memory 341 MiB.
2026-10-10T06:16:42Z INFO [714/1000] 67725711-84d5-480b-970c-6e037f3b65e1: 48 arrays, 83.9 MB stored; 1.2 s; peak memory 341 MiB.
2026-10-10T06:16:43Z INFO [715/1000] 677372bc-083b-4a15-8527-b847f77001b8: 48 arrays, 83.9 MB stored; 1.2 s; peak memory 341 MiB.
2026-10-10T06:16:44Z INFO [716/1000] 677374ef-39c9-4afc-b7b3-4b2bc6a3d86b: 48 arrays, 83.9 MB stored; 1.3 s; peak memory 341 MiB.
2026-10-10T06:16:45Z INFO [717/1000] 6773c5d9-91a4-42ae-8be5-c32dfa3c41cd: 117 arrays, 0.3 MB stored; 1.3 s; peak memory 341 MiB.
2026-10-10T06:16:45Z INFO [718/1000] 67712998-63b5-4ad3-8553-27496d59ebe7: 486 arrays, 5.7 MB stored; 4.4 s; peak memory 341 MiB.
2026-10-10T06:16:46Z INFO [719/1000] 6773ce5f-0b2f-4c2d-b8b6-e7a837768b9c: 71 arrays, 127.7 MB stored; 2.1 s; peak memory 341 MiB.
2026-10-10T06:16:46Z INFO [720/1000] 67743240-6c64-4ae5-a55f-ba8de0d69aab: 48 arrays, 83.9 MB stored; 1.3 s; peak memory 341 MiB.
2026-10-10T06:16:47Z INFO [721/1000] 677476fa-b052-4dbd-bf61-0e6b794f77ea: 50 arrays, 0.4 MB stored; 1.1 s; peak memory 341 MiB.
2026-10-10T06:16:47Z INFO [722/1000] 6773d759-7c0b-421c-a771-5a8ccf19af6b: 90 arrays, 231.8 MB stored; 2.7 s; peak memory 341 MiB.
2026-10-10T06:16:48Z INFO [723/1000] 67747124-d6a3-4f53-89a0-eb21072561ca: 186 arrays, 25.3 MB stored; 2.1 s; peak memory 341 MiB.
2026-10-10T06:16:49Z INFO [724/1000] 6774f07a-d83f-4d04-a2af-dff33a6355ab: 66 arrays, 24.4 MB stored; 1.4 s; peak memory 341 MiB.
2026-10-10T06:16:49Z INFO [725/1000] 6774dc5f-5976-40c1-a415-19e02a378be9: 70 arrays, 20.9 MB stored; 1.8 s; peak memory 341 MiB.
2026-10-10T06:16:49Z INFO [726/1000] 67757dbd-2863-405c-bd37-739024582b19: 51 arrays, 5579.9 MB stored; 1.3 s; peak memory 341 MiB.
2026-10-10T06:16:50Z INFO [727/1000] 6775c8fc-1320-4288-8ba5-6a915197b1ac: 33 arrays, 0.0 MB stored; 1.0 s; peak memory 341 MiB.
2026-10-10T06:16:51Z INFO [728/1000] 67760568-76e9-4311-bf2a-22b936c99ca9: 84 arrays, 274.7 MB stored; 2.2 s; peak memory 341 MiB.
2026-10-10T06:16:53Z INFO [729/1000] 67759711-32f2-4e04-b235-ad10afd2ce28: 38 arrays, 6372.2 MB stored; 4.1 s; peak memory 341 MiB.
2026-10-10T06:16:54Z INFO [730/1000] 6777f9f2-7d28-456d-b654-78faa414ffde: 117 arrays, 0.3 MB stored; 1.4 s; peak memory 341 MiB.
2026-10-10T06:16:55Z INFO [731/1000] 6778a877-f5b9-4392-bb88-9a3ce253b1d9: 48 arrays, 251.7 MB stored; 1.1 s; peak memory 341 MiB.
2026-10-10T06:16:59Z INFO [732/1000] 6776db6f-e679-44e8-bf56-b88addbb7ff6: 428 arrays, 430.7 MB stored; 9.1 s; peak memory 341 MiB.
2026-10-10T06:17:00Z INFO [733/1000] 6778c8f2-3953-4eec-a97d-3083f87cd6d0: 54 arrays, 422.8 MB stored; 4.8 s; peak memory 341 MiB.
2026-10-10T06:17:00Z INFO [734/1000] 67793afa-7420-432d-8ee7-0849b7a5b3e4: 48 arrays, 83.9 MB stored; 1.2 s; peak memory 341 MiB.
2026-10-10T06:17:02Z INFO [735/1000] 6779cbc4-081b-47cd-937c-bed374004ede: 62 arrays, 2739.1 MB stored; 1.7 s; peak memory 341 MiB.
2026-10-10T06:17:06Z INFO [736/1000] 676e1738-f18b-444a-9cc9-e3bd2713a4a1: 85 arrays, 22482.5 MB stored; 31.9 s; peak memory 341 MiB.
2026-10-10T06:17:07Z INFO [737/1000] 677a89fd-36a9-4128-9246-0b75f4332f79: 110 arrays, 0.5 MB stored; 1.4 s; peak memory 341 MiB.
2026-10-10T06:17:09Z INFO [738/1000] 677adecc-7363-4329-b817-ccfef4ad33b7: 52 arrays, 13.5 MB stored; 1.4 s; peak memory 341 MiB.
2026-10-10T06:17:09Z INFO [739/1000] 67796abf-5b86-44c8-8db8-0f63e48346e0: 49 arrays, 8525.9 MB stored; 9.1 s; peak memory 341 MiB.
2026-10-10T06:17:13Z INFO [740/1000] 677c3a18-eddc-4f1c-a1cf-f4099597f6d4: 174 arrays, 63.9 MB stored; 4.2 s; peak memory 341 MiB.
2026-10-10T06:17:14Z INFO [741/1000] 677a36a0-45ca-4efa-bde8-a3e8a186799e: 837 arrays, 25.7 MB stored; 11.9 s; peak memory 341 MiB.
2026-10-10T06:17:14Z INFO [742/1000] 677707c1-9a2a-4ef5-8f26-b2c0dc5aeede: 1021 arrays, 3133.2 MB stored; 22.9 s; peak memory 341 MiB.
2026-10-10T06:17:15Z INFO [743/1000] 677c8e27-ece6-41b5-a55b-ee633b49393e: 47 arrays, 5.4 MB stored; 1.1 s; peak memory 341 MiB.
2026-10-10T06:17:15Z INFO [744/1000] 677cf421-f1f3-4005-b5a9-13d444f20240: 48 arrays, 83.9 MB stored; 1.1 s; peak memory 341 MiB.
2026-10-10T06:17:16Z INFO [745/1000] 677c1e92-0c47-4ecd-8bef-148d23473504: 1575 arrays, 30.1 MB stored; 6.9 s; peak memory 341 MiB.
2026-10-10T06:17:16Z INFO [746/1000] 677cfa4b-6a71-4968-b540-13be7f3463f4: 203 arrays, 1.3 MB stored; 1.7 s; peak memory 341 MiB.
2026-10-10T06:17:16Z INFO [747/1000] 677d935c-bfa9-4096-834d-8b2672d142e7: 66 arrays, 33.4 MB stored; 1.5 s; peak memory 341 MiB.
2026-10-10T06:17:17Z INFO [748/1000] 677e5e0a-e38c-4c8b-9df5-55fd7f38c041: 48 arrays, 83.9 MB stored; 1.1 s; peak memory 341 MiB.
2026-10-10T06:17:17Z INFO [749/1000] 677e9542-077c-4082-ab6f-644a0a06f170: 38 arrays, 0.5 MB stored; 1.1 s; peak memory 341 MiB.
2026-10-10T06:17:18Z INFO [750/1000] 677fcf88-c164-44dc-92c5-21d87f7d819a: 69 arrays, 82.9 MB stored; 1.4 s; peak memory 341 MiB.
2026-10-10T06:17:19Z INFO [751/1000] 67802034-0330-4263-9603-66f5ceec79a5: 111 arrays, 0.3 MB stored; 1.5 s; peak memory 341 MiB.
2026-10-10T06:17:20Z INFO [752/1000] 6780de33-55eb-4e4a-a228-1fbb2b7adfde: 117 arrays, 0.4 MB stored; 1.5 s; peak memory 341 MiB.
2026-10-10T06:17:20Z INFO [753/1000] 677f862c-ef38-43f1-82ec-ee6e1bd8e924: 477 arrays, 3.7 MB stored; 4.1 s; peak memory 341 MiB.
2026-10-10T06:17:21Z INFO [754/1000] 6781b998-1867-4d86-8e30-d6acbe028ec9: 117 arrays, 0.5 MB stored; 1.6 s; peak memory 341 MiB.
2026-10-10T06:17:21Z INFO [755/1000] 678101a7-57d7-41bc-be85-4eea4ba94771: 53 arrays, 131.3 MB stored; 2.5 s; peak memory 341 MiB.
2026-10-10T06:17:22Z INFO [756/1000] 6781bde8-e885-4272-9085-c2e3b691c152: 112 arrays, 0.6 MB stored; 1.3 s; peak memory 341 MiB.
2026-10-10T06:17:23Z INFO [757/1000] 6782440c-2cea-4bbc-9878-d54cdee2a970: 48 arrays, 83.9 MB stored; 1.1 s; peak memory 341 MiB.
2026-10-10T06:17:23Z INFO [758/1000] 67824206-c04d-45df-af52-f91ec9d0f0a9: 110 arrays, 1.1 MB stored; 1.5 s; peak memory 341 MiB.
2026-10-10T06:17:23Z INFO [759/1000] 6781da1c-f0a3-4d30-bf9b-8979f42a4f40: 71 arrays, 6.7 MB stored; 1.8 s; peak memory 341 MiB.
2026-10-10T06:17:24Z INFO [760/1000] 678265cf-407f-479f-838f-417227b9d465: 60 arrays, 10.6 MB stored; 1.4 s; peak memory 341 MiB.
2026-10-10T06:17:24Z INFO [761/1000] 6782756a-152d-4637-a375-6cc3047c2fb9: 118 arrays, 0.3 MB stored; 1.4 s; peak memory 341 MiB.
2026-10-10T06:17:25Z INFO [762/1000] 6783427e-b7bc-4692-8aa9-36ca0921e392: 46 arrays, 0.1 MB stored; 1.0 s; peak memory 341 MiB.
2026-10-10T06:17:26Z INFO [763/1000] 6784eb01-e09c-4257-a670-fb6d8c466201: 116 arrays, 0.3 MB stored; 1.2 s; peak memory 341 MiB.
2026-10-10T06:17:26Z INFO [764/1000] 677dc9ef-825c-4124-b193-30142ba9ce0a: 1181 arrays, 45.7 MB stored; 11.4 s; peak memory 341 MiB.
2026-10-10T06:17:29Z INFO [765/1000] 67867a3c-7506-43fe-b414-6eb6463ed37d: 60 arrays, 48.6 MB stored; 2.5 s; peak memory 341 MiB.
2026-10-10T06:17:30Z INFO [766/1000] 67874cf9-01be-47cb-b989-7696ae2ee409: 230 arrays, 0.8 MB stored; 1.4 s; peak memory 341 MiB.
2026-10-10T06:17:32Z INFO [767/1000] 67877fc0-2631-42ac-9f0f-ea46a5ac6bee: 261 arrays, 17.1 MB stored; 1.6 s; peak memory 341 MiB.
2026-10-10T06:17:33Z INFO [768/1000] 67887065-1432-4d80-85a8-b4aa5a1d6735: 118 arrays, 0.5 MB stored; 1.4 s; peak memory 341 MiB.
2026-10-10T06:17:34Z INFO [769/1000] 67862f3e-8d7d-4536-a697-c47e4cf170a4: 811 arrays, 21.8 MB stored; 7.7 s; peak memory 341 MiB.
2026-10-10T06:17:35Z INFO [770/1000] 6788fba4-00f4-4044-ab8f-b3187e477f89: 112 arrays, 0.6 MB stored; 1.3 s; peak memory 341 MiB.
2026-10-10T06:17:35Z INFO [771/1000] 6782bf53-2de6-4901-b28a-e63caa9f3868: 861 arrays, 24.2 MB stored; 11.7 s; peak memory 341 MiB.
2026-10-10T06:17:35Z INFO [772/1000] 67892270-091b-4042-890d-a1f026d92f78: 48 arrays, 83.9 MB stored; 1.2 s; peak memory 341 MiB.
2026-10-10T06:17:36Z INFO [773/1000] 6789a2fb-6eb1-4796-90a2-cd593207cb19: 48 arrays, 83.9 MB stored; 1.2 s; peak memory 341 MiB.
2026-10-10T06:17:37Z INFO [774/1000] 678936ff-aca1-4744-a8ea-a82f6bf429d4: 156 arrays, 193.5 MB stored; 2.8 s; peak memory 341 MiB.
2026-10-10T06:17:38Z INFO [775/1000] 6789d1f0-47b3-480e-a5c2-35df9c6ffc6f: 76 arrays, 50.6 MB stored; 1.6 s; peak memory 341 MiB.
2026-10-10T06:17:39Z INFO [776/1000] 6784450c-5429-49f0-adbf-bc05e87f1f90: 878 arrays, 23.6 MB stored; 14.5 s; peak memory 341 MiB.
2026-10-10T06:17:39Z INFO [777/1000] 678a8081-9dcf-4ed3-a626-32877ae3dcd2: 117 arrays, 0.2 MB stored; 1.3 s; peak memory 341 MiB.
2026-10-10T06:17:39Z INFO [778/1000] 676a41dd-6103-4c4f-9fc9-52c91589bc21: 58 arrays, 6596.0 MB stored; 68.2 s; peak memory 341 MiB.
2026-10-10T06:17:40Z INFO [779/1000] 678aa95b-8d88-49e0-816f-38ba117fcca4: 68 arrays, 117.1 MB stored; 1.7 s; peak memory 341 MiB.
2026-10-10T06:17:40Z INFO [780/1000] 678b35b7-5b85-451c-af98-cf1cc5951c8f: 48 arrays, 83.9 MB stored; 1.3 s; peak memory 341 MiB.
2026-10-10T06:17:40Z INFO [781/1000] 678b4c29-2ccc-446e-8c06-0e0b30d5d929: 118 arrays, 0.3 MB stored; 1.4 s; peak memory 341 MiB.
2026-10-10T06:17:40Z INFO [782/1000] 678bf867-1c32-4025-b299-e741ea813959: 48 arrays, 83.9 MB stored; 1.2 s; peak memory 341 MiB.
2026-10-10T06:17:41Z INFO [783/1000] 678c28e5-6774-4c55-b981-9b65e1809de2: 48 arrays, 83.9 MB stored; 1.2 s; peak memory 341 MiB.
2026-10-10T06:17:41Z INFO [784/1000] 678c6cbf-a6e8-458a-bcab-6300059acb86: 48 arrays, 83.9 MB stored; 1.5 s; peak memory 341 MiB.
2026-10-10T06:17:42Z INFO [785/1000] 678c7021-b1b1-45ab-9d41-e054893502b7: 52 arrays, 669.8 MB stored; 1.5 s; peak memory 341 MiB.
2026-10-10T06:17:42Z INFO [786/1000] 678cadee-65b2-4b59-94b4-5cefc75fe4e7: 66 arrays, 1.1 MB stored; 1.1 s; peak memory 341 MiB.
2026-10-10T06:17:43Z INFO [787/1000] 678d3ea8-a93d-4b64-bc8c-76b04d7ed99a: 50 arrays, 4.9 MB stored; 1.2 s; peak memory 341 MiB.
2026-10-10T06:17:44Z INFO [788/1000] 678d985c-b8da-4817-8951-1ad5eb5779ac: 41 arrays, 472.2 MB stored; 2.1 s; peak memory 341 MiB.
2026-10-10T06:17:45Z INFO [789/1000] 678dde97-2255-4122-94ec-e4b9d954751d: 48 arrays, 83.9 MB stored; 1.2 s; peak memory 341 MiB.
2026-10-10T06:17:47Z INFO [790/1000] 678de358-2a43-4e92-8524-5e1f9c9e8e58: 48 arrays, 83.9 MB stored; 1.3 s; peak memory 341 MiB.
2026-10-10T06:17:48Z INFO [791/1000] 678d2633-f4a0-422e-a0b9-bfc651703925: 899 arrays, 25.0 MB stored; 6.5 s; peak memory 341 MiB.
2026-10-10T06:17:50Z INFO [792/1000] 678e94b7-53ce-4198-9a2d-c60d1248d366: 117 arrays, 0.4 MB stored; 1.6 s; peak memory 341 MiB.
2026-10-10T06:17:50Z INFO [793/1000] 678d9e14-fd62-45e8-864f-20db5fd90ce3: 1197 arrays, 26.1 MB stored; 6.9 s; peak memory 341 MiB.
2026-10-10T06:17:50Z INFO [794/1000] 678e58ce-e7bb-44fd-9c49-e7964f90577f: 621 arrays, 10.7 MB stored; 3.7 s; peak memory 341 MiB.
2026-10-10T06:17:51Z INFO [795/1000] 678eadaf-8534-45ff-9f2d-046bf067921f: 48 arrays, 83.9 MB stored; 1.2 s; peak memory 341 MiB.
2026-10-10T06:17:51Z INFO [796/1000] 678e9725-ce02-4b75-bccf-789c8591e6ac: 65 arrays, 0.2 MB stored; 1.4 s; peak memory 341 MiB.
2026-10-10T06:17:51Z INFO [797/1000] 678f134d-c591-4a6d-adc9-c649984ec678: 48 arrays, 83.9 MB stored; 1.2 s; peak memory 341 MiB.
2026-10-10T06:17:52Z INFO [798/1000] 678f254d-ca39-453e-a60e-40f196d24f98: 41 arrays, 14.4 MB stored; 1.1 s; peak memory 341 MiB.
2026-10-10T06:17:52Z INFO [799/1000] 678f1863-87d9-46fb-89b0-24095205a593: 117 arrays, 0.3 MB stored; 1.5 s; peak memory 341 MiB.
2026-10-10T06:17:53Z INFO [800/1000] 678f4162-cce0-4490-a99d-57164d129f4f: 69 arrays, 1.5 MB stored; 1.5 s; peak memory 341 MiB.
2026-10-10T06:17:54Z INFO [800/1000] 678f4162-cce0-4490-a99d-57164d129f4f: checkpointed 800 new records.
2026-10-10T06:17:56Z INFO [801/1000] 67897161-066f-4186-b787-c107d700cad7: 36 arrays, 1046.3 MB stored; 21.1 s; peak memory 341 MiB.
2026-10-10T06:17:56Z INFO [802/1000] 678f5d9f-03e7-4134-a6bc-6b6078ea43b6: 114 arrays, 186.8 MB stored; 2.2 s; peak memory 341 MiB.
2026-10-10T06:17:57Z INFO [803/1000] 678f86b9-d3cf-49f3-9d68-92d1cd2f529c: 110 arrays, 0.7 MB stored; 1.6 s; peak memory 341 MiB.
2026-10-10T06:17:59Z INFO [804/1000] 678f2b41-e575-4986-8752-1f3c82095e3f: 396 arrays, 24.0 MB stored; 7.8 s; peak memory 341 MiB.
2026-10-10T06:18:00Z INFO [805/1000] 67904f76-9adf-4a10-bf5f-b97a1f27141d: 48 arrays, 83.9 MB stored; 1.0 s; peak memory 341 MiB.
2026-10-10T06:18:03Z INFO [806/1000] 678f4296-72b2-421e-9cfd-cf6c4cd4ad99: 493 arrays, 43.1 MB stored; 10.7 s; peak memory 341 MiB.
2026-10-10T06:18:04Z INFO [807/1000] 6790c628-3ecc-4393-98b0-6b18902c10f4: 117 arrays, 0.5 MB stored; 1.3 s; peak memory 341 MiB.
2026-10-10T06:18:06Z INFO [808/1000] 67911847-e40c-4768-a1ad-c44d271239d3: 110 arrays, 1.0 MB stored; 1.8 s; peak memory 341 MiB.
2026-10-10T06:18:07Z INFO [809/1000] 67912f37-cbd7-4bbf-991a-085466947552: 48 arrays, 83.9 MB stored; 1.2 s; peak memory 341 MiB.
2026-10-10T06:18:09Z INFO [810/1000] 6791e29e-e0f1-42d2-a6e9-11c69833f766: 112 arrays, 0.7 MB stored; 1.3 s; peak memory 341 MiB.
2026-10-10T06:18:09Z INFO [811/1000] 678fa286-c944-443f-9923-48e230d02a09: 44 arrays, 290.4 MB stored; 13.8 s; peak memory 341 MiB.
2026-10-10T06:18:11Z INFO [812/1000] 6791f788-7a4f-499a-812b-2cc8bbb28615: 38 arrays, 0.5 MB stored; 1.1 s; peak memory 341 MiB.
2026-10-10T06:18:11Z INFO [813/1000] 6791f51c-3752-4b49-87be-c75d951598d8: 116 arrays, 187.0 MB stored; 2.2 s; peak memory 341 MiB.
2026-10-10T06:18:12Z INFO [814/1000] 67924935-9d49-4593-a03f-6b3e2aa6a7db: 48 arrays, 83.9 MB stored; 1.2 s; peak memory 341 MiB.
2026-10-10T06:18:13Z INFO [815/1000] 6792a537-1ada-477c-927c-7c5a417f6539: 112 arrays, 0.5 MB stored; 1.3 s; peak memory 341 MiB.
2026-10-10T06:18:14Z INFO [816/1000] 6792f124-abae-467c-9c2c-51cd813b6147: 48 arrays, 83.9 MB stored; 1.1 s; peak memory 341 MiB.
2026-10-10T06:18:16Z INFO [817/1000] 6793730c-a8ef-45cc-b209-800f46cfda9e: 112 arrays, 0.9 MB stored; 1.4 s; peak memory 341 MiB.
2026-10-10T06:18:17Z INFO [818/1000] 678ff0a9-3b04-4739-a209-55860d8b2691: 48 arrays, 42242.4 MB stored; 20.1 s; peak memory 341 MiB.
2026-10-10T06:18:17Z INFO [819/1000] 6795f498-5696-43d0-890f-894f271f7648: 109 arrays, 0.6 MB stored; 1.6 s; peak memory 341 MiB.
2026-10-10T06:18:19Z INFO [820/1000] 67964106-62aa-45e4-9a49-f202cd3b1c1c: 121 arrays, 0.1 MB stored; 1.2 s; peak memory 341 MiB.
2026-10-10T06:18:20Z INFO [821/1000] 67970b08-f7fb-484b-a5a9-d175d1ea54cc: 59 arrays, 119.8 MB stored; 1.6 s; peak memory 341 MiB.
2026-10-10T06:18:22Z INFO [822/1000] 679791c4-69e3-44bf-bf5b-12875889f9e2: 52 arrays, 23.2 MB stored; 1.4 s; peak memory 341 MiB.
2026-10-10T06:18:23Z INFO [823/1000] 679794a6-e75c-4f4d-817b-d26931e23e21: 116 arrays, 9.8 MB stored; 1.2 s; peak memory 341 MiB.
2026-10-10T06:18:23Z INFO [824/1000] 67960b97-0ea7-49e2-bd30-320e9286452c: 569 arrays, 8.8 MB stored; 5.7 s; peak memory 341 MiB.
2026-10-10T06:18:24Z INFO [825/1000] 6798ceab-e49e-4cbc-8a53-547a1df99f3f: 48 arrays, 83.9 MB stored; 1.1 s; peak memory 341 MiB.
2026-10-10T06:18:24Z INFO [826/1000] 67992cda-1c46-4a84-b6a5-232fe345a334: 48 arrays, 83.9 MB stored; 1.2 s; peak memory 341 MiB.
2026-10-10T06:18:25Z INFO [827/1000] 67992ddf-9a02-457b-997a-356c4abb631a: 64 arrays, 33.8 MB stored; 1.5 s; peak memory 341 MiB.
2026-10-10T06:18:26Z INFO [828/1000] 679960b0-90ab-48a5-9dc4-6323b743030c: 119 arrays, 67.4 MB stored; 2.2 s; peak memory 341 MiB.
2026-10-10T06:18:28Z INFO [829/1000] 679976cf-8c90-45d8-a099-44bea8da90e4: 85 arrays, 952.8 MB stored; 3.0 s; peak memory 341 MiB.
2026-10-10T06:18:29Z INFO [830/1000] 6799b2d4-3647-4123-bcfc-41d597df0338: 52 arrays, 0.0 MB stored; 1.0 s; peak memory 341 MiB.
2026-10-10T06:18:30Z INFO [831/1000] 6799a065-00b2-4ba5-be46-82d065ae4d09: 165 arrays, 40.3 MB stored; 4.0 s; peak memory 341 MiB.
2026-10-10T06:18:31Z INFO [832/1000] 679a9777-fc28-43cc-b5f3-0d131cdd154e: 66 arrays, 78.2 MB stored; 1.7 s; peak memory 341 MiB.
2026-10-10T06:18:31Z INFO [833/1000] 679b8002-dd33-4218-8326-656cda020b85: 36 arrays, 5.2 MB stored; 1.0 s; peak memory 341 MiB.
2026-10-10T06:18:33Z INFO [834/1000] 679c2351-1fb5-4c9b-bba1-eceec9ef11c6: 117 arrays, 0.3 MB stored; 1.1 s; peak memory 341 MiB.
2026-10-10T06:18:34Z INFO [835/1000] 679b8ec0-625a-4afa-aa45-8d6aa1c0ef34: 48 arrays, 34.8 MB stored; 2.9 s; peak memory 341 MiB.
2026-10-10T06:18:34Z INFO [836/1000] 679c6dfe-32c6-44d9-a1c5-e1a7d934dd51: 64 arrays, 36.6 MB stored; 1.6 s; peak memory 341 MiB.
2026-10-10T06:18:35Z INFO [837/1000] 679ddee9-f936-4234-8946-7da53bcd9059: 46 arrays, 0.0 MB stored; 0.9 s; peak memory 341 MiB.
2026-10-10T06:18:35Z INFO [838/1000] 679cfeca-0929-4b04-afc4-d75e9911aeac: 48 arrays, 83.9 MB stored; 1.2 s; peak memory 341 MiB.
2026-10-10T06:18:36Z INFO [839/1000] 679e94a3-f421-4462-8c5e-37c00eb90b48: 49 arrays, 2.2 MB stored; 1.1 s; peak memory 341 MiB.
2026-10-10T06:18:37Z INFO [840/1000] 679dfbc7-afb3-44e8-bcaf-55dbbe23a39b: 112 arrays, 0.6 MB stored; 1.6 s; peak memory 341 MiB.
2026-10-10T06:18:37Z INFO [841/1000] 679fa272-740d-473d-8dda-6fc660f5d35d: 45 arrays, 0.0 MB stored; 1.0 s; peak memory 341 MiB.
2026-10-10T06:18:38Z INFO [842/1000] 67908cab-4445-4f3e-8aa4-4c4aa2ae17ec: 5542 arrays, 88.0 MB stored; 37.7 s; peak memory 341 MiB.
2026-10-10T06:18:38Z INFO [843/1000] 67a06a2c-9d51-4aea-b988-0d9a785c1198: 45 arrays, 10.9 MB stored; 1.4 s; peak memory 341 MiB.
2026-10-10T06:18:39Z INFO [844/1000] 67a0c04b-f430-45d3-bafe-96ee4e21cdbe: 118 arrays, 0.4 MB stored; 1.3 s; peak memory 341 MiB.
2026-10-10T06:18:39Z INFO [845/1000] 67a0d5c5-17a7-4572-b1f0-8b7cafc89f44: 63 arrays, 0.1 MB stored; 1.3 s; peak memory 341 MiB.
2026-10-10T06:18:40Z INFO [846/1000] 67a10669-1a05-499d-8066-4937248d67e6: 69 arrays, 3.1 MB stored; 1.4 s; peak memory 341 MiB.
2026-10-10T06:18:41Z INFO [847/1000] 67a131b5-8dd3-42f4-b306-2b4e0a550414: 66 arrays, 193.1 MB stored; 1.6 s; peak memory 341 MiB.
2026-10-10T06:18:43Z INFO [848/1000] 67a197e7-9fc9-40c8-ac62-7efaa017dd11: 115 arrays, 186.9 MB stored; 2.9 s; peak memory 341 MiB.
2026-10-10T06:18:44Z INFO [849/1000] 67a2a3cf-b5f2-4c1d-bee9-43b08eebe6ea: 33 arrays, 0.0 MB stored; 0.9 s; peak memory 341 MiB.
2026-10-10T06:18:44Z INFO [850/1000] 67a19efd-8f99-49ac-b2f3-f855f23812ff: 110 arrays, 4261.4 MB stored; 3.2 s; peak memory 341 MiB.
2026-10-10T06:18:45Z INFO [851/1000] 67a36c5a-700d-4b98-8ac6-ba1e1356f3bd: 45 arrays, 0.0 MB stored; 0.9 s; peak memory 341 MiB.
2026-10-10T06:18:46Z INFO [852/1000] 67a4378f-7627-4ccf-b327-0bd248c1055d: 48 arrays, 83.9 MB stored; 1.0 s; peak memory 341 MiB.
2026-10-10T06:18:47Z INFO [853/1000] 67a0fd17-7294-4773-87b6-005cf9977b43: 756 arrays, 20.1 MB stored; 8.7 s; peak memory 341 MiB.
2026-10-10T06:18:48Z INFO [854/1000] 67a47840-6720-40fa-9fce-76be3ae1c8b5: 48 arrays, 83.9 MB stored; 1.1 s; peak memory 341 MiB.
2026-10-10T06:18:49Z INFO [855/1000] 67a48606-c5f4-4953-9cad-fac66c9159c0: 33 arrays, 0.0 MB stored; 1.0 s; peak memory 341 MiB.
2026-10-10T06:18:50Z INFO [856/1000] 67a4a4dc-4fbf-4844-a47c-e8b118575d25: 69 arrays, 2.5 MB stored; 1.4 s; peak memory 341 MiB.
2026-10-10T06:18:51Z INFO [857/1000] 67a3fa80-f9b7-4669-9ac7-61230750b168: 955 arrays, 20.1 MB stored; 6.6 s; peak memory 341 MiB.
2026-10-10T06:18:52Z INFO [858/1000] 67a578ae-885b-49ba-bc7a-6472d38ee8a0: 48 arrays, 83.9 MB stored; 1.2 s; peak memory 341 MiB.
2026-10-10T06:18:52Z INFO [859/1000] 67a43d2d-470f-4825-b3cd-e29f08803434: 223 arrays, 2506.0 MB stored; 5.9 s; peak memory 341 MiB.
2026-10-10T06:18:52Z INFO [860/1000] 67a65b9b-a822-4334-a43b-4a69175e04f5: 117 arrays, 0.3 MB stored; 1.3 s; peak memory 341 MiB.
2026-10-10T06:18:53Z INFO [861/1000] 67a6d5b9-ca58-40e8-b716-a95c3612e69b: 48 arrays, 83.9 MB stored; 1.2 s; peak memory 341 MiB.
2026-10-10T06:18:53Z INFO [862/1000] 67a76cef-35a1-4056-ae29-8db379ee6c9a: 52 arrays, 17.2 MB stored; 1.3 s; peak memory 341 MiB.
2026-10-10T06:18:53Z INFO [863/1000] 67a6f009-538b-4cb9-b567-1dcacc8e5901: 74 arrays, 68.1 MB stored; 1.6 s; peak memory 341 MiB.
2026-10-10T06:18:54Z INFO [864/1000] 67a77272-22a0-456b-86c3-4925d53d1b13: 48 arrays, 83.9 MB stored; 1.2 s; peak memory 341 MiB.
2026-10-10T06:18:54Z INFO [865/1000] 678c915a-12bc-4084-ab19-114df98c8113: 62 arrays, 113900.2 MB stored; 73.9 s; peak memory 341 MiB.
2026-10-10T06:18:54Z INFO [866/1000] 67a8131b-03e5-4d82-8095-53d93ccfe41c: 48 arrays, 83.9 MB stored; 1.2 s; peak memory 341 MiB.
2026-10-10T06:18:55Z INFO [867/1000] 67a865f4-c330-4568-86f6-cdf931fc347a: 112 arrays, 0.5 MB stored; 1.3 s; peak memory 341 MiB.
2026-10-10T06:18:55Z INFO [868/1000] 67a91564-f855-4d33-a8f7-f2062898209e: 48 arrays, 83.9 MB stored; 1.2 s; peak memory 341 MiB.
2026-10-10T06:18:56Z INFO [869/1000] 67a9d21f-3fd1-42ff-adc7-5a8aa46cb39d: 112 arrays, 0.9 MB stored; 1.6 s; peak memory 341 MiB.
2026-10-10T06:18:59Z INFO [870/1000] 67a9a538-d08f-4535-9de8-9a89ea58feb9: 194 arrays, 1040.7 MB stored; 4.7 s; peak memory 341 MiB.
2026-10-10T06:18:59Z INFO [871/1000] 67aa39d2-1fee-405b-a8b0-c86cb995c547: 229 arrays, 245.4 MB stored; 3.8 s; peak memory 341 MiB.
2026-10-10T06:19:00Z INFO [872/1000] 67aac960-6b01-4340-be02-936e399940fa: 117 arrays, 0.4 MB stored; 1.4 s; peak memory 341 MiB.
2026-10-10T06:19:01Z INFO [873/1000] 67a9650f-31f6-4b54-82a2-b23bab2938a5: 3889 arrays, 15.9 MB stored; 7.4 s; peak memory 341 MiB.
2026-10-10T06:19:02Z INFO [874/1000] 67aae7c9-1846-4425-b065-bf5df1650518: 43 arrays, 5.9 MB stored; 1.3 s; peak memory 341 MiB.
2026-10-10T06:19:02Z INFO [875/1000] 67ab2d98-fdfa-491f-b5b1-58ca9ed7ac59: 54 arrays, 0.0 MB stored; 0.9 s; peak memory 341 MiB.
2026-10-10T06:19:03Z INFO [876/1000] 67ab7a5b-58b2-419b-8f48-d8c833f4c6ec: 48 arrays, 83.9 MB stored; 1.1 s; peak memory 341 MiB.
2026-10-10T06:19:05Z INFO [877/1000] 67abd37d-e7fb-400c-a6cc-3c497d59b052: 112 arrays, 0.5 MB stored; 1.2 s; peak memory 341 MiB.
2026-10-10T06:19:06Z INFO [878/1000] 67abe8ca-3b08-4819-8104-ee62b5607bcd: 46 arrays, 0.1 MB stored; 0.9 s; peak memory 341 MiB.
2026-10-10T06:19:07Z INFO [879/1000] 67acdfe3-38ce-4718-ac86-a351de47e770: 121 arrays, 0.1 MB stored; 1.1 s; peak memory 341 MiB.
2026-10-10T06:19:08Z INFO [880/1000] 67ad0047-938e-4549-a1f7-cf7379163017: 118 arrays, 0.3 MB stored; 1.3 s; peak memory 341 MiB.
2026-10-10T06:19:08Z INFO [881/1000] 67ab59aa-3fd5-47d4-9538-ecead9da886a: 791 arrays, 30.9 MB stored; 6.8 s; peak memory 341 MiB.
2026-10-10T06:19:10Z INFO [882/1000] 67ad4054-1c6b-4868-a684-0408cfea07cc: 48 arrays, 83.9 MB stored; 1.3 s; peak memory 341 MiB.
2026-10-10T06:19:11Z INFO [883/1000] 67ad4672-fa46-4772-8142-80fe0e8a8390: 48 arrays, 83.9 MB stored; 1.0 s; peak memory 341 MiB.
2026-10-10T06:19:12Z INFO [884/1000] 67adb00c-4e6a-4e7f-ab03-f150ddd32e2c: 118 arrays, 0.5 MB stored; 1.3 s; peak memory 341 MiB.
2026-10-10T06:19:13Z INFO [885/1000] 67adb4b1-e574-4b03-8194-57064a9ed5fa: 47 arrays, 0.1 MB stored; 0.9 s; peak memory 341 MiB.
2026-10-10T06:19:15Z INFO [886/1000] 67ade838-1377-4384-bbab-05f04f7009a4: 118 arrays, 66.2 MB stored; 1.9 s; peak memory 341 MiB.
2026-10-10T06:19:16Z INFO [887/1000] 67ae15bd-80ca-42d6-b264-b9b4aedfeea2: 48 arrays, 83.9 MB stored; 1.1 s; peak memory 341 MiB.
2026-10-10T06:19:24Z INFO [888/1000] 67ae661e-af1c-4b9a-abe6-7676784097bc: 925 arrays, 39.1 MB stored; 7.9 s; peak memory 341 MiB.
2026-10-10T06:19:25Z INFO [889/1000] 67ae8110-2654-4419-a464-7a70a914314e: 114 arrays, 0.2 MB stored; 1.3 s; peak memory 341 MiB.
2026-10-10T06:19:26Z INFO [890/1000] 67aed1f5-d02d-40f9-8936-33440648cb0b: 48 arrays, 83.9 MB stored; 1.1 s; peak memory 341 MiB.
2026-10-10T06:19:27Z INFO [891/1000] 67af2a3a-2ca8-4437-9805-fd71e6e46d80: 63 arrays, 0.2 MB stored; 1.2 s; peak memory 341 MiB.
2026-10-10T06:19:28Z INFO [892/1000] 67af75ea-e626-4a2b-90d2-7d2563c81c3b: 41 arrays, 8.4 MB stored; 1.0 s; peak memory 341 MiB.
2026-10-10T06:19:30Z INFO [893/1000] 67af999d-bfd8-4c67-9346-80dea126bd1a: 118 arrays, 0.3 MB stored; 1.2 s; peak memory 341 MiB.
2026-10-10T06:19:32Z INFO [894/1000] 67b10039-6747-4090-a135-4f41e3ba7c18: 38 arrays, 2328.4 MB stored; 1.9 s; peak memory 341 MiB.
2026-10-10T06:19:34Z INFO [895/1000] 67b18f9e-90ac-4b73-abe3-636e12a5e0c4: 156 arrays, 193.5 MB stored; 2.6 s; peak memory 341 MiB.
2026-10-10T06:19:35Z INFO [896/1000] 67b19f38-6f18-44f5-b024-bfd4dd5daf6f: 117 arrays, 0.3 MB stored; 1.2 s; peak memory 341 MiB.
2026-10-10T06:19:37Z INFO [897/1000] 67b1a834-adbe-4d43-80a5-cecaa7029366: 72 arrays, 0.0 MB stored; 1.4 s; peak memory 341 MiB.
2026-10-10T06:19:38Z INFO [898/1000] 67b20d28-922e-4106-81fa-02b2a77e8d69: 117 arrays, 0.4 MB stored; 1.2 s; peak memory 341 MiB.
2026-10-10T06:19:39Z INFO [899/1000] 67b23940-a055-4eb2-91cc-9f7c6916ffb2: 110 arrays, 0.7 MB stored; 1.6 s; peak memory 341 MiB.
2026-10-10T06:19:41Z INFO [900/1000] 67b26d51-ac1e-4fd1-917a-eecdb4ce9035: 48 arrays, 83.9 MB stored; 1.1 s; peak memory 341 MiB.
2026-10-10T06:19:45Z INFO [901/1000] 67b2af7d-6bd8-4979-a02d-080f2c8dc67f: 657 arrays, 21.0 MB stored; 4.4 s; peak memory 341 MiB.
2026-10-10T06:19:53Z INFO [902/1000] 67b30276-49e0-444a-8e37-23e29f291dbf: 2064 arrays, 14.9 MB stored; 7.6 s; peak memory 341 MiB.
2026-10-10T06:19:54Z INFO [903/1000] 67b38016-12ce-4e99-940c-d9506a65493e: 48 arrays, 83.9 MB stored; 1.3 s; peak memory 341 MiB.
2026-10-10T06:19:54Z INFO [904/1000] 679220a5-aaa9-44b0-bf77-aaa28c67fbb0: 167 arrays, 21199.9 MB stored; 103.7 s; peak memory 341 MiB.
2026-10-10T06:19:55Z INFO [905/1000] 67b41d0d-9537-421b-9a4a-1c22b9a4d5ac: 21 arrays, 0.6 MB stored; 1.0 s; peak memory 341 MiB.
2026-10-10T06:19:56Z INFO [906/1000] 67b46dc7-9656-4f5c-b491-564062883895: 48 arrays, 83.9 MB stored; 1.3 s; peak memory 341 MiB.
2026-10-10T06:19:57Z INFO [907/1000] 67b4fbac-2707-4199-8dbf-76e93cf26670: 112 arrays, 0.5 MB stored; 1.7 s; peak memory 341 MiB.
2026-10-10T06:19:58Z INFO [908/1000] 67b5b680-5246-435a-a92e-1547b950369f: 117 arrays, 0.3 MB stored; 1.4 s; peak memory 341 MiB.
2026-10-10T06:19:59Z INFO [909/1000] 67b625e2-fe33-4249-9768-11665d45542a: 48 arrays, 83.9 MB stored; 1.1 s; peak memory 341 MiB.
2026-10-10T06:20:00Z INFO [910/1000] 67b6653f-17ed-43ac-ad70-583314fb494a: 50 arrays, 0.0 MB stored; 1.1 s; peak memory 341 MiB.
2026-10-10T06:20:01Z INFO [911/1000] 67b66873-e611-4a0e-b4d6-431794bdbcbe: 48 arrays, 83.9 MB stored; 1.2 s; peak memory 341 MiB.
2026-10-10T06:20:03Z INFO [912/1000] 67b69b41-b50c-4aa1-92ec-05341852847a: 112 arrays, 0.3 MB stored; 1.3 s; peak memory 341 MiB.
2026-10-10T06:20:14Z INFO [913/1000] 67b518d2-0d3a-430f-a09e-accc09a52c94: 48 arrays, 36828.6 MB stored; 19.0 s; peak memory 341 MiB.
2026-10-10T06:20:16Z INFO [914/1000] 67b8823c-f2bd-4b65-92ae-5f69fc2e93d3: 52 arrays, 11.1 MB stored; 1.4 s; peak memory 341 MiB.
2026-10-10T06:20:17Z INFO [915/1000] 67b8bdfb-46b6-4fb0-87a6-6270797f411f: 117 arrays, 0.4 MB stored; 1.4 s; peak memory 341 MiB.
2026-10-10T06:20:18Z INFO [916/1000] 67b975d4-eb7a-41ad-a407-def7bbf5f8df: 117 arrays, 0.2 MB stored; 1.1 s; peak memory 341 MiB.
2026-10-10T06:20:24Z INFO [917/1000] 67b9779c-3908-4a1b-bd65-f21f599773af: 229 arrays, 1168.9 MB stored; 5.2 s; peak memory 341 MiB.
2026-10-10T06:20:34Z INFO [918/1000] 66cc5053-3314-41cf-b93a-c49bc0378879: 99 arrays, 1713.2 MB stored; 576.4 s; peak memory 341 MiB.
2026-10-10T06:20:43Z INFO [919/1000] 67b9994d-ca14-4e8a-b1c3-defc39f8f149: 48 arrays, 45323.7 MB stored; 19.3 s; peak memory 341 MiB.
2026-10-10T06:20:44Z INFO [920/1000] 67bbd311-f22e-45f3-9cb4-e965557cf6e8: 118 arrays, 0.2 MB stored; 1.3 s; peak memory 341 MiB.
2026-10-10T06:20:45Z INFO [921/1000] 67bc586c-7995-471c-9ddd-7c104cb53a50: 51 arrays, 3284.3 MB stored; 1.2 s; peak memory 341 MiB.
2026-10-10T06:20:47Z INFO [922/1000] 67bcb6e3-fc9e-4a3c-8a49-72ec98445ec4: 52 arrays, 15.1 MB stored; 1.2 s; peak memory 341 MiB.
2026-10-10T06:20:47Z INFO [923/1000] 67ad07c1-af70-4ef6-97f4-0eca18327493: 269 arrays, 21120.6 MB stored; 99.5 s; peak memory 341 MiB.
2026-10-10T06:20:48Z INFO [924/1000] 67bcbf8c-ccb1-43eb-ac3f-234b57d7ab32: 65 arrays, 2.1 MB stored; 1.3 s; peak memory 341 MiB.
2026-10-10T06:20:49Z INFO [925/1000] 67bceae1-a8a1-40e4-b61c-ed87fef2eff9: 117 arrays, 0.5 MB stored; 1.3 s; peak memory 341 MiB.
2026-10-10T06:20:49Z INFO [926/1000] 67bd9e6d-aca4-4964-8209-f8b98c269acb: 112 arrays, 0.6 MB stored; 1.5 s; peak memory 341 MiB.
2026-10-10T06:20:50Z INFO [927/1000] 67bda6e9-9263-43e7-9515-60d0d90a8503: 112 arrays, 0.6 MB stored; 1.5 s; peak memory 341 MiB.
2026-10-10T06:20:51Z INFO [928/1000] 67bdd390-87a8-471e-a681-8a032161d933: 51 arrays, 4338.1 MB stored; 1.3 s; peak memory 341 MiB.
2026-10-10T06:20:51Z INFO [929/1000] 67aac044-e5b0-460c-916a-832d225d269c: 241 arrays, 23241.8 MB stored; 114.8 s; peak memory 341 MiB.
2026-10-10T06:20:52Z INFO [930/1000] 67be136e-344e-4414-9713-0e18724d9dc5: 112 arrays, 0.5 MB stored; 1.4 s; peak memory 341 MiB.
2026-10-10T06:20:53Z INFO [931/1000] 67bf213a-5e0a-4b75-9ccf-b5be206b4ab8: 110 arrays, 0.7 MB stored; 1.5 s; peak memory 341 MiB.
2026-10-10T06:20:53Z INFO [932/1000] 67bf627c-1048-4e0c-8388-7cb89acf3917: 112 arrays, 0.3 MB stored; 1.1 s; peak memory 341 MiB.
2026-10-10T06:20:54Z INFO [933/1000] 67bff998-3f9e-4eee-b347-5ae2244c37b0: 48 arrays, 83.9 MB stored; 1.2 s; peak memory 341 MiB.
2026-10-10T06:20:54Z INFO [934/1000] 67be19ce-3dbf-4256-8358-7ade8b2ef325: 229 arrays, 232.6 MB stored; 3.4 s; peak memory 341 MiB.
2026-10-10T06:20:55Z INFO [935/1000] 67c03451-18c7-459c-acb6-8b36def1e28d: 48 arrays, 83.9 MB stored; 1.3 s; peak memory 341 MiB.
2026-10-10T06:20:57Z INFO [936/1000] 67c068a3-d62f-4a5e-9dce-af539cb29290: 112 arrays, 0.5 MB stored; 1.5 s; peak memory 341 MiB.
2026-10-10T06:20:58Z INFO [937/1000] 67bf8ca5-e89c-493b-b754-ccfd38a4bd59: 713 arrays, 29.9 MB stored; 5.5 s; peak memory 341 MiB.
2026-10-10T06:20:59Z INFO [938/1000] 67c01659-6276-415a-8d59-44846e862b59: 517 arrays, 6.1 MB stored; 4.6 s; peak memory 341 MiB.
2026-10-10T06:21:00Z INFO [939/1000] 67c15c9f-1acc-42ca-afb7-4ab11b61903e: 52 arrays, 13.5 MB stored; 1.2 s; peak memory 341 MiB.
2026-10-10T06:21:01Z INFO [940/1000] 67c156b9-1a32-4d76-ad0f-d2df9b910cea: 115 arrays, 190.1 MB stored; 2.6 s; peak memory 341 MiB.
2026-10-10T06:21:01Z INFO [941/1000] 67c2126f-fcd5-4195-bc09-494830235a4a: 118 arrays, 0.4 MB stored; 1.3 s; peak memory 341 MiB.
2026-10-10T06:21:02Z INFO [942/1000] 67c25268-d08d-402c-9a81-6d76243be409: 118 arrays, 0.2 MB stored; 1.5 s; peak memory 341 MiB.
2026-10-10T06:21:04Z INFO [943/1000] 67c25d68-d52e-4c11-a44d-5f000e046fbc: 48 arrays, 83.9 MB stored; 1.0 s; peak memory 341 MiB.
2026-10-10T06:21:05Z INFO [944/1000] 67c31445-2d44-4412-aabc-597fa1c1a602: 48 arrays, 83.9 MB stored; 1.2 s; peak memory 341 MiB.
2026-10-10T06:21:08Z INFO [945/1000] 67c216fc-3277-40b7-9375-6f1c84d73549: 1205 arrays, 22.4 MB stored; 7.3 s; peak memory 341 MiB.
2026-10-10T06:21:08Z INFO [946/1000] 67c476c5-c74d-4d7d-87ae-a7a9b400456b: 225 arrays, 314.8 MB stored; 3.6 s; peak memory 341 MiB.
2026-10-10T06:21:09Z INFO [947/1000] 67c4f1c8-2a22-4177-b7e0-4d89f3dc5d7b: 117 arrays, 0.4 MB stored; 1.3 s; peak memory 341 MiB.
2026-10-10T06:21:10Z INFO [948/1000] 67c4f33e-79a6-4cb5-a438-7dddc31527f8: 69 arrays, 2.2 MB stored; 1.5 s; peak memory 341 MiB.
2026-10-10T06:21:11Z INFO [949/1000] 67c51934-44b2-4b54-9c8d-1e2ad3ac982d: 39 arrays, 15.0 MB stored; 1.1 s; peak memory 341 MiB.
2026-10-10T06:21:33Z INFO [950/1000] 67c52ff4-bc28-4f2b-bd19-c9dc28c5906f: 48 arrays, 43308.9 MB stored; 23.3 s; peak memory 341 MiB.
2026-10-10T06:21:34Z INFO [951/1000] 67c6fbc3-f23c-4e29-bcd6-5c12fffd6a05: 117 arrays, 0.4 MB stored; 1.3 s; peak memory 341 MiB.
2026-10-10T06:21:36Z INFO [952/1000] 67c740f7-905a-40d2-91a8-2fa3b18e5323: 62 arrays, 5.5 MB stored; 1.3 s; peak memory 341 MiB.
2026-10-10T06:21:38Z INFO [953/1000] 67c7d2cc-fffc-414f-9aab-e7754bdf31ea: 93 arrays, 1141.6 MB stored; 2.2 s; peak memory 341 MiB.
2026-10-10T06:21:39Z INFO [954/1000] 67c7fc33-881f-4d27-b8b3-d2ad8a003cf1: 62 arrays, 2328.3 MB stored; 1.6 s; peak memory 341 MiB.
2026-10-10T06:21:40Z INFO [955/1000] 67c5a765-01b6-428f-a17f-4b4b55543742: 11137 arrays, 115.5 MB stored; 29.8 s; peak memory 341 MiB.
2026-10-10T06:21:42Z INFO [956/1000] 67c84be5-58c3-46e3-b7b0-394e537d2c17: 101 arrays, 16102.1 MB stored; 2.4 s; peak memory 341 MiB.
2026-10-10T06:21:42Z INFO [957/1000] 67c8c8e1-9d1f-4110-a625-b223d4bfc358: 65 arrays, 96.1 MB stored; 1.6 s; peak memory 341 MiB.
2026-10-10T06:21:46Z INFO [958/1000] 67c94b63-95c5-4e5d-a3f2-0c26ce017d78: 229 arrays, 277.0 MB stored; 4.1 s; peak memory 341 MiB.
2026-10-10T06:21:47Z INFO [959/1000] 67ca888f-1db1-4c16-a3cd-c829b3e0a9ee: 41 arrays, 8.4 MB stored; 1.2 s; peak memory 341 MiB.
2026-10-10T06:21:49Z INFO [960/1000] 67cbba4b-1b49-46a3-98e6-e50beb3bd377: 126 arrays, 0.7 MB stored; 1.9 s; peak memory 341 MiB.
2026-10-10T06:21:50Z INFO [961/1000] 67cbec63-4f91-4e2b-b3d3-08d2d8bd7533: 48 arrays, 83.9 MB stored; 1.2 s; peak memory 341 MiB.
2026-10-10T06:21:51Z INFO [962/1000] 67cc86ef-eacf-45d9-aade-9bce58d9859d: 48 arrays, 83.9 MB stored; 1.1 s; peak memory 341 MiB.
2026-10-10T06:21:53Z INFO [963/1000] 67cd1fda-e9fa-4c77-a6e6-17cbf1e121bf: 48 arrays, 83.9 MB stored; 1.2 s; peak memory 341 MiB.
2026-10-10T06:21:54Z INFO [964/1000] 67cd37d4-b323-42d2-8a9b-09ed1afa13cb: 113 arrays, 0.6 MB stored; 1.4 s; peak memory 341 MiB.
2026-10-10T06:21:58Z INFO [965/1000] 67ca29cb-5d76-437b-a072-4d6a7c99ff81: 1294 arrays, 43.4 MB stored; 15.8 s; peak memory 341 MiB.
2026-10-10T06:21:59Z INFO [966/1000] 67ce6a90-f764-4687-8fbf-5be5d3d1a7a2: 48 arrays, 83.9 MB stored; 1.2 s; peak memory 341 MiB.
2026-10-10T06:22:02Z INFO [967/1000] 67ce1a00-4217-47d3-92c2-3bd6588dab9d: 947 arrays, 35.4 MB stored; 7.9 s; peak memory 341 MiB.
2026-10-10T06:22:04Z INFO [968/1000] 67b87703-38e3-4309-aa30-510876243f79: 260 arrays, 22410.1 MB stored; 121.3 s; peak memory 341 MiB.
2026-10-10T06:22:04Z INFO [969/1000] 67cf16d3-0937-4868-9ab5-69ec0eab30ce: 123 arrays, 7.8 MB stored; 2.5 s; peak memory 341 MiB.
2026-10-10T06:22:06Z INFO [970/1000] 67cfb3ff-504a-4cfa-a812-119637690881: 64 arrays, 36.4 MB stored; 1.6 s; peak memory 341 MiB.
2026-10-10T06:22:06Z INFO [971/1000] 67cf6faf-134f-42bd-95ba-d9c40bb8cc85: 38 arrays, 25.3 MB stored; 2.1 s; peak memory 341 MiB.
2026-10-10T06:22:07Z INFO [972/1000] 67d02865-1d23-421d-85ce-3026cefeb1d0: 112 arrays, 0.2 MB stored; 1.4 s; peak memory 341 MiB.
2026-10-10T06:22:07Z INFO [973/1000] 67d09af6-d60f-46b9-9a0f-3ea0d6f4051e: 48 arrays, 83.9 MB stored; 1.4 s; peak memory 341 MiB.
2026-10-10T06:22:09Z INFO [974/1000] 67d1b1c5-4cbf-40e6-b4e7-29e22f658b04: 102 arrays, 16.4 MB stored; 1.5 s; peak memory 341 MiB.
2026-10-10T06:22:09Z INFO [975/1000] 67d1b33d-3527-462a-8834-d5a37c301e5d: 118 arrays, 0.4 MB stored; 1.4 s; peak memory 341 MiB.
2026-10-10T06:22:10Z INFO [976/1000] 67d39935-a000-4b61-a260-7cb43c2fe46a: 48 arrays, 83.9 MB stored; 1.2 s; peak memory 341 MiB.
2026-10-10T06:22:10Z INFO [977/1000] 67d47883-2a77-40b8-b086-a0105dd589b7: 230 arrays, 0.9 MB stored; 1.4 s; peak memory 341 MiB.
2026-10-10T06:22:12Z INFO [978/1000] 67d479d5-63d7-4bea-91f6-b888eca49416: 71 arrays, 3.0 MB stored; 1.5 s; peak memory 341 MiB.
2026-10-10T06:22:12Z INFO [979/1000] 67d47c1a-2eff-4548-801c-efeaeab7470b: 38 arrays, 36.2 MB stored; 2.0 s; peak memory 341 MiB.
2026-10-10T06:22:14Z INFO [980/1000] 67d52cb4-6539-41f4-845d-5cd8a8cde70e: 117 arrays, 19.7 MB stored; 2.1 s; peak memory 341 MiB.
2026-10-10T06:22:15Z INFO [981/1000] 67d574f7-7983-45c9-a898-adbea0beec49: 112 arrays, 0.5 MB stored; 1.4 s; peak memory 341 MiB.
2026-10-10T06:22:15Z INFO [982/1000] 67d53b44-bef6-43a9-afe4-5a30251f59fc: 53 arrays, 135.5 MB stored; 2.9 s; peak memory 341 MiB.
2026-10-10T06:22:16Z INFO [983/1000] 67d69746-7402-4b60-82dc-6cf094ff28a4: 52 arrays, 23.4 MB stored; 1.3 s; peak memory 341 MiB.
2026-10-10T06:22:17Z INFO [984/1000] 67d6d859-f49d-438f-a342-1b2111ed2534: 56 arrays, 0.0 MB stored; 1.0 s; peak memory 341 MiB.
2026-10-10T06:22:17Z INFO [985/1000] 67d6cf9c-6052-4309-86b0-69cd03bdcce7: 71 arrays, 158.8 MB stored; 2.3 s; peak memory 341 MiB.
2026-10-10T06:22:19Z INFO [986/1000] 67d77b20-b36a-44cc-822b-fa0b9c82c568: 42 arrays, 1.2 MB stored; 1.2 s; peak memory 341 MiB.
2026-10-10T06:22:19Z INFO [987/1000] 67d82339-9ce7-4b75-ab11-b20418233859: 116 arrays, 0.5 MB stored; 1.5 s; peak memory 341 MiB.
2026-10-10T06:22:20Z INFO [988/1000] 67d8b92e-8dc3-4279-8b70-8f2bb66e3df4: 59 arrays, 0.4 MB stored; 1.1 s; peak memory 341 MiB.
2026-10-10T06:22:22Z INFO [989/1000] 67d8c2f7-552d-4363-99b4-bd0937d733db: 101 arrays, 9.7 MB stored; 1.4 s; peak memory 341 MiB.
2026-10-10T06:22:22Z INFO [990/1000] 67d90d78-76ec-4e87-a06e-879acc3ab968: 47 arrays, 0.1 MB stored; 0.9 s; peak memory 341 MiB.
2026-10-10T06:22:23Z INFO [991/1000] 67cea260-79fa-4710-b3e8-c6443381f42b: 5129 arrays, 151.7 MB stored; 23.9 s; peak memory 341 MiB.
2026-10-10T06:22:24Z INFO [992/1000] 67d934cc-dff1-4cc9-a1b0-de3b97fb063b: 57 arrays, 0.0 MB stored; 1.0 s; peak memory 341 MiB.
2026-10-10T06:22:27Z INFO [993/1000] 67d9b47c-bf7c-43bd-8a01-1a4921183a10: 257 arrays, 114.6 MB stored; 4.6 s; peak memory 341 MiB.
2026-10-10T06:22:37Z INFO [994/1000] 67d9d937-6c37-4c07-b6a6-bd71c7b57b39: 38 arrays, 762.5 MB stored; 13.6 s; peak memory 341 MiB.
2026-10-10T06:22:37Z INFO [995/1000] 67c0b1a8-7373-497c-85ed-cb77df920314: 433 arrays, 19747.9 MB stored; 100.4 s; peak memory 341 MiB.
2026-10-10T06:22:59Z INFO [996/1000] 66f2c6ce-3324-489e-8c1b-a73fda7e1855: 212 arrays, 169546.0 MB stored; 670.8 s; peak memory 341 MiB.
2026-10-10T06:24:08Z INFO [997/1000] 67ba1795-b4c4-4e8c-8268-7e1e9b792eab: 436 arrays, 39398.1 MB stored; 214.6 s; peak memory 341 MiB.
2026-10-10T06:24:53Z INFO [998/1000] 67aae245-5ccf-460b-a54b-f1c9b2f9aabb: 177 arrays, 504514.0 MB stored; 353.7 s; peak memory 341 MiB.
2026-10-10T06:29:01Z WARNING 665bc84d-04b1-4ce3-8c8d-c0dd06195a24: failed while reading the NWB file (TimeoutError: exceeded 1200 s)
2026-10-10T06:29:01Z WARNING [999/1000] 665bc84d-04b1-4ce3-8c8d-c0dd06195a24: recorded the failure; a later run retries it.
2026-10-10T06:42:19Z WARNING 67d895f3-ade8-443c-8a45-1d0bad483f5f: failed while reading the NWB file (TimeoutError: exceeded 1200 s)
2026-10-10T06:42:19Z WARNING [1000/1000] 67d895f3-ade8-443c-8a45-1d0bad483f5f: recorded the failure; a later run retries it.
2026-10-10T06:42:20Z INFO [1000/1000] 67d895f3-ade8-443c-8a45-1d0bad483f5f: checkpointed 1000 new records.
2026-10-10T06:42:20Z INFO Wrote 69200 records to /tmp/derivatives/valid_nwb_file_to_array_sizes.jsonl (998 new, 2 failed) in 33.3 min (peak memory 507 MiB).
