2026-10-09T12:06:49Z INFO Logging to /tmp/logs/update_2026-10-09T12-06-49Z.log.
2026-10-09T12:06:49Z INFO Update valid-nwb-file-to-array-sizes (base directory /tmp).
2026-10-09T12:07:12Z INFO Processing 1000 items (38200 already recorded).
2026-10-09T12:07:15Z INFO [1/1000] 39268693-3520-4cf2-b962-89bb46f814f9: 48 arrays, 83.9 MB stored; 2.5 s; peak memory 153 MiB.
2026-10-09T12:07:15Z INFO [2/1000] 39236d9d-4d90-4035-a7f5-c98d2ebd96d7: 48 arrays, 83.9 MB stored; 2.5 s; peak memory 153 MiB.
2026-10-09T12:07:15Z INFO [3/1000] 39247542-8f11-47a0-b29b-4913a020e493: 52 arrays, 10.8 MB stored; 2.7 s; peak memory 153 MiB.
2026-10-09T12:07:15Z INFO [4/1000] 3926c559-04d2-430d-beee-93a5ec8a72e1: 81 arrays, 339.7 MB stored; 3.0 s; peak memory 153 MiB.
2026-10-09T12:07:15Z INFO [5/1000] 3925bc30-cd68-4b30-80d0-5feef531ca73: 112 arrays, 0.4 MB stored; 3.1 s; peak memory 153 MiB.
2026-10-09T12:07:16Z INFO [6/1000] 392549e4-7c2e-4032-a647-fdbfd3264556: 66 arrays, 91.7 MB stored; 3.8 s; peak memory 153 MiB.
2026-10-09T12:07:16Z INFO [7/1000] 3923960e-2d0e-46ec-b06d-49e1d94aafd8: 71 arrays, 130.8 MB stored; 3.8 s; peak memory 153 MiB.
2026-10-09T12:07:17Z INFO [8/1000] 39234ee9-04e6-4638-a88d-5ae8679249be: 115 arrays, 190.2 MB stored; 4.7 s; peak memory 153 MiB.
2026-10-09T12:07:18Z INFO [9/1000] 3927cde6-b6fb-4ba2-ac67-19105518f95a: 62 arrays, 4557.1 MB stored; 2.6 s; peak memory 153 MiB.
2026-10-09T12:07:18Z INFO [10/1000] 392924de-c821-4043-8c24-9dfaae4b2411: 62 arrays, 4155.1 MB stored; 2.5 s; peak memory 153 MiB.
2026-10-09T12:07:18Z INFO [11/1000] 392968c6-7a6b-4b09-836a-c0f5b8b4e82b: 48 arrays, 83.9 MB stored; 1.9 s; peak memory 153 MiB.
2026-10-09T12:07:19Z INFO [12/1000] 392a95e5-aed7-45ef-9dab-142f2cc75d3b: 48 arrays, 83.9 MB stored; 1.8 s; peak memory 153 MiB.
2026-10-09T12:07:20Z INFO [13/1000] 3926d205-61c6-4a92-8ac8-ede43fe43df6: 85 arrays, 296.9 MB stored; 4.7 s; peak memory 153 MiB.
2026-10-09T12:07:20Z INFO [14/1000] 392af7e7-96b8-4529-a67e-4a39f025de5e: 117 arrays, 0.3 MB stored; 2.2 s; peak memory 153 MiB.
2026-10-09T12:07:20Z INFO [15/1000] 3929475b-439a-47ac-8603-e1fab8103d44: 156 arrays, 193.4 MB stored; 4.6 s; peak memory 153 MiB.
2026-10-09T12:07:20Z INFO [16/1000] 392b131b-7ca4-4074-97ed-40dfe7dc3f48: 70 arrays, 1.1 MB stored; 2.2 s; peak memory 153 MiB.
2026-10-09T12:07:20Z INFO [17/1000] 392b5674-29ba-404a-a060-04c429f36651: 56 arrays, 0.0 MB stored; 1.6 s; peak memory 153 MiB.
2026-10-09T12:07:21Z INFO [18/1000] 392ba418-1fc6-4134-89f3-5738ecd7c44b: 50 arrays, 0.6 MB stored; 1.7 s; peak memory 153 MiB.
2026-10-09T12:07:22Z INFO [19/1000] 392c574c-a9d9-45d9-b72f-d7dae44aa73c: 48 arrays, 83.9 MB stored; 1.8 s; peak memory 153 MiB.
2026-10-09T12:07:22Z INFO [20/1000] 392cd5f5-410e-4d10-ad42-84332daefc6e: 72 arrays, 0.2 MB stored; 2.3 s; peak memory 153 MiB.
2026-10-09T12:07:22Z INFO [21/1000] 392bd07f-f4b9-4430-8238-dc8ef8f8d5fb: 66 arrays, 94.4 MB stored; 2.5 s; peak memory 153 MiB.
2026-10-09T12:07:22Z INFO [22/1000] 392d012e-ef96-4aab-94c7-f804864fd88d: 48 arrays, 83.9 MB stored; 2.0 s; peak memory 153 MiB.
2026-10-09T12:07:24Z INFO [23/1000] 392d330d-4b70-439b-8be7-ee075509f292: 66 arrays, 109.7 MB stored; 2.3 s; peak memory 153 MiB.
2026-10-09T12:07:24Z INFO [24/1000] 392d8638-ec04-4d50-a8dd-0daea450a256: 116 arrays, 0.4 MB stored; 2.2 s; peak memory 153 MiB.
2026-10-09T12:07:24Z INFO [25/1000] 392f22f2-72da-4815-b58a-af55d3ed7868: 68 arrays, 0.7 MB stored; 1.9 s; peak memory 153 MiB.
2026-10-09T12:07:24Z INFO [26/1000] 392f2a4a-42f9-4eda-9673-62ad85181a59: 52 arrays, 17.9 MB stored; 2.1 s; peak memory 153 MiB.
2026-10-09T12:07:25Z INFO [27/1000] 392f8524-c510-454e-a9ab-c2529bf47d55: 52 arrays, 0.0 MB stored; 1.5 s; peak memory 153 MiB.
2026-10-09T12:07:26Z INFO [28/1000] 39328ca7-6b99-4aa4-9e94-01e31653fd27: 48 arrays, 83.9 MB stored; 1.9 s; peak memory 153 MiB.
2026-10-09T12:07:26Z INFO [29/1000] 39328a62-06d2-44cf-8802-0c88c8d12738: 118 arrays, 0.3 MB stored; 2.1 s; peak memory 153 MiB.
2026-10-09T12:07:26Z INFO [30/1000] 3931f63e-8e18-4561-a4c7-ae76ffc7aa46: 79 arrays, 1.0 MB stored; 2.2 s; peak memory 153 MiB.
2026-10-09T12:07:27Z INFO [31/1000] 3932947a-4504-42ad-ac90-4bcf7cd24c22: 48 arrays, 83.9 MB stored; 1.8 s; peak memory 153 MiB.
2026-10-09T12:07:29Z INFO [32/1000] 3933adb4-71f4-4596-861b-daa63b141eeb: 90 arrays, 0.3 MB stored; 2.3 s; peak memory 153 MiB.
2026-10-09T12:07:29Z INFO [33/1000] 3933ab49-68fc-43a9-9fc1-999729012903: 79 arrays, 1.7 MB stored; 2.3 s; peak memory 153 MiB.
2026-10-09T12:07:29Z INFO [34/1000] 3926fcd7-858d-4412-96b2-10c9be29b33f: 731 arrays, 23.2 MB stored; 14.1 s; peak memory 153 MiB.
2026-10-09T12:07:29Z INFO [35/1000] 392f1562-2426-4e60-97e2-6b14437d8dcf: 760 arrays, 7.6 MB stored; 7.1 s; peak memory 153 MiB.
2026-10-09T12:07:30Z INFO [36/1000] 3932e96a-b3b2-458b-86e3-e0317791e416: 94 arrays, 71.0 MB stored; 3.5 s; peak memory 153 MiB.
2026-10-09T12:07:31Z INFO [37/1000] 393454e7-3d04-4bf5-b043-dd21adca3068: 48 arrays, 83.9 MB stored; 1.9 s; peak memory 153 MiB.
2026-10-09T12:07:32Z INFO [38/1000] 392a4e1b-87b5-4424-99e8-d36aa2836a97: 918 arrays, 39.6 MB stored; 15.4 s; peak memory 153 MiB.
2026-10-09T12:07:33Z INFO [39/1000] 39367e5c-5a96-4f82-9f25-8a747df521ae: 62 arrays, 3018.6 MB stored; 2.1 s; peak memory 153 MiB.
2026-10-09T12:07:33Z INFO [40/1000] 3934d4e1-b621-4e8c-b937-28e5586b0c40: 84 arrays, 294.7 MB stored; 4.5 s; peak memory 153 MiB.
2026-10-09T12:07:34Z INFO [41/1000] 39344cac-831b-4faf-83d9-d211f0b0491f: 84 arrays, 590.0 MB stored; 5.0 s; peak memory 153 MiB.
2026-10-09T12:07:34Z INFO [42/1000] 39372f5d-f5ed-45b2-adbb-012aa12d4699: 118 arrays, 0.3 MB stored; 2.0 s; peak memory 153 MiB.
2026-10-09T12:07:34Z INFO [43/1000] 3933ba30-681c-40f3-8c06-1a641cd3baf0: 114 arrays, 186.8 MB stored; 7.4 s; peak memory 153 MiB.
2026-10-09T12:07:35Z INFO [44/1000] 39361027-e6ef-483a-bbf2-995c357acf3c: 133 arrays, 42.9 MB stored; 4.8 s; peak memory 153 MiB.
2026-10-09T12:07:35Z INFO [45/1000] 3937b535-fca3-4d18-9aae-3ccb4670f9b3: 121 arrays, 0.1 MB stored; 1.9 s; peak memory 153 MiB.
2026-10-09T12:07:35Z INFO [46/1000] 39384ea7-49f8-45a4-836c-6044d926e6a0: 46 arrays, 0.2 MB stored; 1.7 s; peak memory 153 MiB.
2026-10-09T12:07:35Z INFO [47/1000] 39378413-08ed-441f-a21d-34358abbe95e: 71 arrays, 4.1 MB stored; 2.7 s; peak memory 153 MiB.
2026-10-09T12:07:36Z INFO [48/1000] 392b28b6-c280-40e6-84f3-a3c271e54227: 502 arrays, 2161.0 MB stored; 18.1 s; peak memory 153 MiB.
2026-10-09T12:07:36Z INFO [49/1000] 39388a0b-acf3-4e9c-a975-ad3687d39a5f: 112 arrays, 0.7 MB stored; 2.5 s; peak memory 153 MiB.
2026-10-09T12:07:36Z INFO [50/1000] 393906bd-bde6-4ead-8ff4-02cd767478cf: 74 arrays, 3.9 MB stored; 2.1 s; peak memory 153 MiB.
2026-10-09T12:07:38Z INFO [51/1000] 39395be6-ad2f-4103-8ab2-f3b43cfc0b6f: 233 arrays, 17.1 MB stored; 2.5 s; peak memory 153 MiB.
2026-10-09T12:07:38Z INFO [52/1000] 393b649f-4404-45b1-b33d-e45463913b46: 110 arrays, 0.3 MB stored; 2.2 s; peak memory 153 MiB.
2026-10-09T12:07:38Z INFO [53/1000] 393e0d43-dd68-4411-a74d-59da8121e748: 117 arrays, 0.4 MB stored; 2.0 s; peak memory 153 MiB.
2026-10-09T12:07:40Z INFO [54/1000] 393f4e1f-9ed5-4e9c-aa06-38af1488357e: 76 arrays, 0.1 MB stored; 1.9 s; peak memory 153 MiB.
2026-10-09T12:07:40Z INFO [55/1000] 393fc712-6d70-4ee9-96c1-63fabfd31b95: 48 arrays, 83.9 MB stored; 1.7 s; peak memory 153 MiB.
2026-10-09T12:07:40Z INFO [56/1000] 3940510a-0ea6-4d6e-a5c1-5690494aa6c2: 48 arrays, 83.9 MB stored; 1.9 s; peak memory 153 MiB.
2026-10-09T12:07:41Z INFO [57/1000] 3940b986-3404-446c-8a80-b65c866462ee: 48 arrays, 83.9 MB stored; 1.6 s; peak memory 153 MiB.
2026-10-09T12:07:42Z INFO [58/1000] 3941ac3c-00b4-4c2f-85c9-7d25a08b0e9b: 116 arrays, 0.5 MB stored; 2.1 s; peak memory 153 MiB.
2026-10-09T12:07:42Z INFO [59/1000] 3935e6ae-adaf-4a7c-aef7-bc80584ba711: 11485 arrays, 176.6 MB stored; 12.7 s; peak memory 153 MiB.
2026-10-09T12:07:43Z INFO [60/1000] 3941cbf2-c2cf-428d-9a90-3d6b39c4e587: 46 arrays, 2029.6 MB stored; 2.4 s; peak memory 153 MiB.
2026-10-09T12:07:43Z INFO [61/1000] 39390fa3-9cb9-40c5-b793-55fa6dd6ea48: 509 arrays, 8.5 MB stored; 8.5 s; peak memory 153 MiB.
2026-10-09T12:07:43Z INFO [62/1000] 394236e9-7b03-432c-8cdc-8b4acee0e29d: 116 arrays, 0.4 MB stored; 2.1 s; peak memory 153 MiB.
2026-10-09T12:07:44Z INFO [63/1000] 394295c6-259c-4866-b07b-6fee20c23c0d: 48 arrays, 83.9 MB stored; 1.8 s; peak memory 153 MiB.
2026-10-09T12:07:45Z INFO [64/1000] 3942544a-78c1-4d45-85d3-0804a9b7fd55: 110 arrays, 0.6 MB stored; 2.5 s; peak memory 153 MiB.
2026-10-09T12:07:45Z INFO [65/1000] 39442d6f-8220-4991-8422-255ce5b9324f: 46 arrays, 0.0 MB stored; 1.6 s; peak memory 153 MiB.
2026-10-09T12:07:45Z INFO [66/1000] 393b66f2-5225-4032-9ed2-3af8287f420b: 193 arrays, 778.5 MB stored; 8.7 s; peak memory 153 MiB.
2026-10-09T12:07:45Z INFO [67/1000] 39437e6a-46f2-43cd-9297-a0c6c0bde95b: 74 arrays, 57.1 MB stored; 2.4 s; peak memory 153 MiB.
2026-10-09T12:07:46Z INFO [68/1000] 3944b80c-5f1e-4ed1-aeb2-a6fcc66336fc: 116 arrays, 0.5 MB stored; 2.2 s; peak memory 153 MiB.
2026-10-09T12:07:46Z INFO [69/1000] 394530da-4531-4c53-a174-deb87c7ce569: 33 arrays, 401.0 MB stored; 1.8 s; peak memory 153 MiB.
2026-10-09T12:07:47Z INFO [70/1000] 39443533-bf72-4a49-88f8-c6e99baad2fd: 71 arrays, 131.8 MB stored; 3.2 s; peak memory 153 MiB.
2026-10-09T12:07:47Z INFO [71/1000] 394548d0-613c-4d91-b699-4bcde2ac885e: 117 arrays, 0.4 MB stored; 2.3 s; peak memory 153 MiB.
2026-10-09T12:07:47Z INFO [72/1000] 39461cf6-8187-46b8-81b6-c5c205e3f437: 131 arrays, 0.5 MB stored; 2.4 s; peak memory 153 MiB.
2026-10-09T12:07:48Z INFO [73/1000] 3946965b-3507-4f48-a4d0-61a6467083e3: 121 arrays, 0.1 MB stored; 1.9 s; peak memory 153 MiB.
2026-10-09T12:07:49Z INFO [74/1000] 3946e619-494f-4d1c-b394-6a9ee4772501: 48 arrays, 83.9 MB stored; 1.7 s; peak memory 153 MiB.
2026-10-09T12:07:49Z INFO [75/1000] 3947d40e-61fb-4c70-8f0b-af8bd6eb53a1: 48 arrays, 83.9 MB stored; 1.8 s; peak memory 153 MiB.
2026-10-09T12:07:50Z INFO [76/1000] 394852c3-68d8-4c57-a7a9-c0272b4a97bd: 48 arrays, 83.9 MB stored; 1.8 s; peak memory 153 MiB.
2026-10-09T12:07:51Z INFO [77/1000] 394856aa-ee8e-4958-9745-772357b5b051: 48 arrays, 83.9 MB stored; 1.8 s; peak memory 153 MiB.
2026-10-09T12:07:51Z INFO [78/1000] 3948755f-378e-4b33-be7d-cb4e2f6b8780: 101 arrays, 5.1 MB stored; 1.9 s; peak memory 153 MiB.
2026-10-09T12:07:52Z INFO [79/1000] 39489df0-9d16-4e01-9edb-2f219e228ac8: 48 arrays, 83.9 MB stored; 1.7 s; peak memory 153 MiB.
2026-10-09T12:07:52Z INFO [80/1000] 39489fee-c27b-42ad-b727-e49b9fd6fe40: 118 arrays, 0.3 MB stored; 1.9 s; peak memory 153 MiB.
2026-10-09T12:07:53Z INFO [81/1000] 3948b0e1-3252-48f3-af14-dd201055b613: 118 arrays, 0.1 MB stored; 2.0 s; peak memory 153 MiB.
2026-10-09T12:07:54Z INFO [82/1000] 3948d00c-8c02-4e15-8133-25b2128d25d1: 52 arrays, 14.5 MB stored; 1.9 s; peak memory 153 MiB.
2026-10-09T12:07:54Z INFO [83/1000] 3939e554-f2aa-4371-88ee-4b9fa6a29c57: 49 arrays, 15549.5 MB stored; 18.8 s; peak memory 153 MiB.
2026-10-09T12:07:55Z INFO [84/1000] 39491b75-096e-4cc1-8030-51f3f22e64cf: 110 arrays, 0.8 MB stored; 2.5 s; peak memory 153 MiB.
2026-10-09T12:07:56Z INFO [85/1000] 39493bcb-584a-4101-a334-6d95ec3a3db7: 79 arrays, 2.5 MB stored; 2.3 s; peak memory 153 MiB.
2026-10-09T12:07:56Z INFO [86/1000] 3949bff2-5769-4e33-9382-803142bf07a9: 69 arrays, 69.2 MB stored; 2.2 s; peak memory 153 MiB.
2026-10-09T12:07:57Z INFO [87/1000] 3946dc79-da3a-4041-9f41-ea585f91c708: 1123 arrays, 24.0 MB stored; 10.0 s; peak memory 153 MiB.
2026-10-09T12:07:57Z INFO [88/1000] 394a3938-7678-482c-b20e-7c2b746810a4: 117 arrays, 0.2 MB stored; 1.9 s; peak memory 153 MiB.
2026-10-09T12:07:57Z INFO [89/1000] 394980a9-d37a-4df5-9d93-f05067001bd2: 85 arrays, 12.6 MB stored; 3.5 s; peak memory 153 MiB.
2026-10-09T12:07:57Z INFO [90/1000] 394a5d7e-7ee2-4ac6-b047-22f53818f9ac: 117 arrays, 0.2 MB stored; 2.0 s; peak memory 153 MiB.
2026-10-09T12:07:59Z INFO [91/1000] 394b14f6-29af-4426-896b-8641a3f1a170: 48 arrays, 83.9 MB stored; 1.7 s; peak memory 153 MiB.
2026-10-09T12:07:59Z INFO [92/1000] 394ae246-95e7-4790-8a87-f8dc2b1031c4: 112 arrays, 0.5 MB stored; 2.3 s; peak memory 153 MiB.
2026-10-09T12:07:59Z INFO [93/1000] 394b0cd9-9a1d-4711-868b-1a0d54047598: 116 arrays, 0.2 MB stored; 1.9 s; peak memory 153 MiB.
2026-10-09T12:08:00Z INFO [94/1000] 394a6158-64c6-4181-82f7-a1e237dde55d: 80 arrays, 331.3 MB stored; 4.0 s; peak memory 153 MiB.
2026-10-09T12:08:01Z INFO [95/1000] 39459343-22c4-4b02-87ac-fdfff730d181: 1139 arrays, 27.7 MB stored; 15.9 s; peak memory 153 MiB.
2026-10-09T12:08:01Z INFO [96/1000] 394b1f7e-e4ac-4f40-90ae-7c9cc1fca35d: 48 arrays, 83.9 MB stored; 1.9 s; peak memory 153 MiB.
2026-10-09T12:08:01Z INFO [97/1000] 394ba945-8e13-4245-ba5c-34ede4d94d2b: 117 arrays, 0.2 MB stored; 2.2 s; peak memory 153 MiB.
2026-10-09T12:08:02Z INFO [98/1000] 394c2172-b3f5-4981-8b9c-a54e554edc59: 48 arrays, 83.9 MB stored; 1.8 s; peak memory 153 MiB.
2026-10-09T12:08:03Z INFO [99/1000] 394b9a8a-932c-40b0-aa12-eedc7f002734: 38 arrays, 25.1 MB stored; 3.5 s; peak memory 153 MiB.
2026-10-09T12:08:03Z INFO [100/1000] 394df2ae-f7b4-4723-b98a-ada83c51f482: 48 arrays, 83.9 MB stored; 1.8 s; peak memory 153 MiB.
2026-10-09T12:08:04Z INFO [101/1000] 394e64ae-e2de-42ff-990e-cb25f56f4ebc: 48 arrays, 83.9 MB stored; 1.9 s; peak memory 153 MiB.
2026-10-09T12:08:05Z INFO [102/1000] 394e8272-cac9-4bc2-8519-6d5315734f19: 116 arrays, 9.7 MB stored; 2.1 s; peak memory 153 MiB.
2026-10-09T12:08:05Z INFO [103/1000] 394c5fe7-9d83-45a9-a821-3ead264d1350: 101 arrays, 41737.3 MB stored; 4.4 s; peak memory 153 MiB.
2026-10-09T12:08:06Z INFO [104/1000] 394e8c76-5c30-4d18-ac33-e9ef2f43153d: 112 arrays, 0.5 MB stored; 2.4 s; peak memory 153 MiB.
2026-10-09T12:08:07Z INFO [105/1000] 394f6835-69e0-4fd6-9e6c-9a77c7bf4b72: 84 arrays, 1.2 MB stored; 2.3 s; peak memory 153 MiB.
2026-10-09T12:08:07Z INFO [106/1000] 394fa8ac-5b48-4d35-a790-b93e4f18fedd: 48 arrays, 83.9 MB stored; 1.9 s; peak memory 153 MiB.
2026-10-09T12:08:08Z INFO [107/1000] 394faf8d-717d-431d-a78d-dd62a0860e6c: 116 arrays, 0.2 MB stored; 2.0 s; peak memory 153 MiB.
2026-10-09T12:08:08Z INFO [108/1000] 394bace0-81c3-46d1-9126-0763e4e924c5: 534 arrays, 8.0 MB stored; 8.1 s; peak memory 153 MiB.
2026-10-09T12:08:09Z INFO [109/1000] 3950748f-c11d-42c1-8263-2ebd330c78d7: 43 arrays, 1.7 MB stored; 1.7 s; peak memory 153 MiB.
2026-10-09T12:08:09Z INFO [110/1000] 39505302-9107-4254-83bd-80a6ccae0905: 112 arrays, 0.7 MB stored; 2.3 s; peak memory 153 MiB.
2026-10-09T12:08:11Z INFO [111/1000] 39521c4e-d249-42c1-b589-e2dcb74b312b: 57 arrays, 0.0 MB stored; 1.5 s; peak memory 153 MiB.
2026-10-09T12:08:11Z INFO [112/1000] 395157f0-a5df-4888-8fae-43cf198f1701: 62 arrays, 3741.1 MB stored; 2.5 s; peak memory 153 MiB.
2026-10-09T12:08:11Z INFO [113/1000] 394f15f5-c39a-462e-9ad3-f95179d91798: 538 arrays, 7.8 MB stored; 6.7 s; peak memory 153 MiB.
2026-10-09T12:08:11Z INFO [114/1000] 3950fc47-6382-47a3-a8ed-4df3992eddd5: 153 arrays, 8.0 MB stored; 3.7 s; peak memory 153 MiB.
2026-10-09T12:08:12Z INFO [115/1000] 3951b5fc-4cca-4331-b68c-5db076a627dc: 112 arrays, 0.9 MB stored; 2.4 s; peak memory 153 MiB.
2026-10-09T12:08:13Z INFO [116/1000] 395289ec-5aed-405c-953e-07e57a146087: 48 arrays, 83.9 MB stored; 1.9 s; peak memory 153 MiB.
2026-10-09T12:08:13Z INFO [117/1000] 3953e578-457f-49c2-88df-54b94483b045: 48 arrays, 83.9 MB stored; 1.9 s; peak memory 153 MiB.
2026-10-09T12:08:13Z INFO [118/1000] 3954292e-c177-4771-baee-c74e3e50eebe: 52 arrays, 11.8 MB stored; 1.9 s; peak memory 153 MiB.
2026-10-09T12:08:14Z INFO [119/1000] 39534fc4-7bca-4c23-b591-75ab84513b3d: 45 arrays, 669.3 MB stored; 2.7 s; peak memory 153 MiB.
2026-10-09T12:08:14Z INFO [120/1000] 395455df-078e-4273-90d4-ea7cf142650a: 48 arrays, 83.9 MB stored; 1.7 s; peak memory 153 MiB.
2026-10-09T12:08:15Z INFO [121/1000] 394631ce-411f-47a8-84e6-3d5a1a3e578e: 522 arrays, 4413.4 MB stored; 28.5 s; peak memory 153 MiB.
2026-10-09T12:08:15Z INFO [122/1000] 3954453b-d241-461c-82f2-ee0d45bd0f7e: 38 arrays, 34.2 MB stored; 3.5 s; peak memory 153 MiB.
2026-10-09T12:08:15Z INFO [123/1000] 3954f2e2-fa27-4bb2-b675-106f834a01c5: 63 arrays, 0.1 MB stored; 1.7 s; peak memory 153 MiB.
2026-10-09T12:08:15Z INFO [124/1000] 39557497-4b66-4085-b352-c7a5c5e562df: 46 arrays, 0.1 MB stored; 1.4 s; peak memory 153 MiB.
2026-10-09T12:08:17Z INFO [125/1000] 395479d4-c377-4a0e-9935-fe109a82da56: 115 arrays, 190.1 MB stored; 3.7 s; peak memory 153 MiB.
2026-10-09T12:08:17Z INFO [126/1000] 3957e2f1-2990-4717-ae38-6a4ef5721130: 99 arrays, 0.1 MB stored; 1.7 s; peak memory 153 MiB.
2026-10-09T12:08:17Z INFO [127/1000] 39578cb6-9615-445a-a7be-efbad2784a49: 112 arrays, 0.8 MB stored; 2.6 s; peak memory 153 MiB.
2026-10-09T12:08:17Z INFO [128/1000] 39580272-23ee-43ac-bfcc-7892367b86e0: 64 arrays, 30.4 MB stored; 2.4 s; peak memory 153 MiB.
2026-10-09T12:08:18Z INFO [129/1000] 3957bc1d-eef5-4422-9366-bad5b83aaebe: 112 arrays, 1.1 MB stored; 2.8 s; peak memory 153 MiB.
2026-10-09T12:08:18Z INFO [130/1000] 395751b2-0b03-40ce-ad7c-ea92ad27af87: 115 arrays, 190.1 MB stored; 3.6 s; peak memory 153 MiB.
2026-10-09T12:08:19Z INFO [131/1000] 3958bf26-2133-49b0-b347-8a618fca0fed: 114 arrays, 0.1 MB stored; 1.9 s; peak memory 153 MiB.
2026-10-09T12:08:19Z INFO [132/1000] 3958b1c1-40cb-46f3-9b3a-10744a3caadd: 52 arrays, 22.9 MB stored; 2.2 s; peak memory 153 MiB.
2026-10-09T12:08:19Z INFO [133/1000] 3959223e-4a6d-424f-8aad-b879bd8f0988: 66 arrays, 18.6 MB stored; 2.2 s; peak memory 153 MiB.
2026-10-09T12:08:20Z INFO [134/1000] 3959277e-9aa2-42b7-a211-dfa946c02308: 62 arrays, 3963.7 MB stored; 2.2 s; peak memory 153 MiB.
2026-10-09T12:08:20Z INFO [135/1000] 39592be2-1a49-4f5c-8897-9cce48d90c10: 114 arrays, 0.4 MB stored; 2.1 s; peak memory 153 MiB.
2026-10-09T12:08:20Z INFO [136/1000] 39594fc6-f307-46d7-8921-398496eb2d4d: 112 arrays, 0.5 MB stored; 2.4 s; peak memory 153 MiB.
2026-10-09T12:08:21Z INFO [137/1000] 3959a003-4cb0-45a6-bd0b-05d85dfcd1a9: 112 arrays, 0.4 MB stored; 2.1 s; peak memory 153 MiB.
2026-10-09T12:08:21Z INFO [138/1000] 3959cb0b-8fa5-4853-a760-c6d131416442: 48 arrays, 83.9 MB stored; 1.6 s; peak memory 153 MiB.
2026-10-09T12:08:22Z INFO [139/1000] 395a4282-5d14-43ca-a67d-03311b25412c: 121 arrays, 0.1 MB stored; 1.7 s; peak memory 153 MiB.
2026-10-09T12:08:23Z INFO [140/1000] 395cb414-44c8-40aa-a19f-5d914ca3703b: 54 arrays, 0.0 MB stored; 1.5 s; peak memory 153 MiB.
2026-10-09T12:08:23Z INFO [141/1000] 3959f93b-f173-4f21-b266-e623505b826f: 71 arrays, 42.9 MB stored; 3.0 s; peak memory 153 MiB.
2026-10-09T12:08:23Z INFO [142/1000] 395cd089-541a-4267-ae3c-ac7fa65a2cb6: 48 arrays, 83.9 MB stored; 1.9 s; peak memory 153 MiB.
2026-10-09T12:08:23Z INFO [143/1000] 395ac3a6-53f4-41fa-aa42-c2cf419e389b: 112 arrays, 0.9 MB stored; 2.7 s; peak memory 153 MiB.
2026-10-09T12:08:24Z INFO [144/1000] 395d5a1c-3fc2-447d-b054-8f3562c9c340: 117 arrays, 0.3 MB stored; 1.9 s; peak memory 153 MiB.
2026-10-09T12:08:24Z INFO [145/1000] 395dcd07-fa2e-40f0-8f72-349ee7e3cff7: 56 arrays, 0.0 MB stored; 1.5 s; peak memory 153 MiB.
2026-10-09T12:08:24Z INFO [146/1000] 395dde58-d50c-4372-b594-fd92c76c47a3: 48 arrays, 83.9 MB stored; 1.8 s; peak memory 153 MiB.
2026-10-09T12:08:25Z INFO [147/1000] 395e0784-9f7d-46a5-973c-4130e1da21c6: 35 arrays, 496.8 MB stored; 2.2 s; peak memory 153 MiB.
2026-10-09T12:08:26Z INFO [148/1000] 395e5582-9394-49c1-83b6-19e1899df92d: 117 arrays, 0.4 MB stored; 2.2 s; peak memory 153 MiB.
2026-10-09T12:08:26Z INFO [149/1000] 395e7624-ddad-4770-9e4e-c854732cd3d0: 116 arrays, 0.4 MB stored; 1.9 s; peak memory 153 MiB.
2026-10-09T12:08:27Z INFO [150/1000] 395eed2c-5b0e-4e39-988e-25bd823a4678: 117 arrays, 0.2 MB stored; 2.0 s; peak memory 153 MiB.
2026-10-09T12:08:27Z INFO [151/1000] 39393c67-007d-45f9-87c7-8cdffc6fffc9: 5521 arrays, 68.8 MB stored; 51.8 s; peak memory 153 MiB.
2026-10-09T12:08:28Z INFO [152/1000] 395f97ae-d57c-4a9c-b115-b897a8c40077: 48 arrays, 83.9 MB stored; 1.8 s; peak memory 153 MiB.
2026-10-09T12:08:28Z INFO [153/1000] 395f61b8-58bb-4d82-b9e3-36df749d0d5b: 112 arrays, 0.3 MB stored; 2.2 s; peak memory 153 MiB.
2026-10-09T12:08:28Z INFO [154/1000] 39602ed3-f45e-4280-8708-8f69f615d5b5: 48 arrays, 83.9 MB stored; 1.9 s; peak memory 153 MiB.
2026-10-09T12:08:30Z INFO [155/1000] 39615d8e-bd90-481b-86ff-116fa3ff1963: 52 arrays, 0.0 MB stored; 1.5 s; peak memory 153 MiB.
2026-10-09T12:08:30Z INFO [156/1000] 3962a991-5d0f-47bd-ad44-8b991bf9336c: 52 arrays, 18.3 MB stored; 2.0 s; peak memory 153 MiB.
2026-10-09T12:08:31Z INFO [157/1000] 39634aa2-5b1f-4b49-827a-d4408f1bcad6: 48 arrays, 83.9 MB stored; 1.8 s; peak memory 153 MiB.
2026-10-09T12:08:32Z INFO [158/1000] 3960741d-683e-4e39-bd81-840a848d7dd2: 156 arrays, 193.5 MB stored; 4.5 s; peak memory 153 MiB.
2026-10-09T12:08:32Z INFO [159/1000] 39649ae1-725c-4622-94a9-ca3cb7548180: 117 arrays, 0.3 MB stored; 2.0 s; peak memory 153 MiB.
2026-10-09T12:08:34Z INFO [160/1000] 3965152d-d953-46f6-814b-30eb23cdfd17: 48 arrays, 83.9 MB stored; 1.8 s; peak memory 153 MiB.
2026-10-09T12:08:34Z INFO [161/1000] 39657e8c-2a35-4482-a516-5c4b62205105: 48 arrays, 83.9 MB stored; 1.8 s; peak memory 153 MiB.
2026-10-09T12:08:34Z INFO [162/1000] 39603a61-3c08-46c7-8b83-ba3df04e40a8: 208 arrays, 55.3 MB stored; 7.2 s; peak memory 153 MiB.
2026-10-09T12:08:36Z INFO [163/1000] 395df427-43a5-4516-87a1-8b276b56a71b: 1101 arrays, 23.8 MB stored; 12.6 s; peak memory 153 MiB.
2026-10-09T12:08:36Z INFO [164/1000] 3965afc8-aae3-4e74-9fb2-0cae68c52fb0: 46 arrays, 12.6 MB stored; 1.9 s; peak memory 153 MiB.
2026-10-09T12:08:37Z INFO [165/1000] 39686699-d133-4dd5-b75a-0e177dafa198: 117 arrays, 0.3 MB stored; 1.9 s; peak memory 153 MiB.
2026-10-09T12:08:38Z INFO [166/1000] 39673862-0c6e-4c07-9047-9ac4b357c275: 115 arrays, 190.1 MB stored; 3.8 s; peak memory 153 MiB.
2026-10-09T12:08:39Z INFO [167/1000] 3968811a-ad9c-4ffa-ba8a-8b4887a9573c: 101 arrays, 11.4 MB stored; 2.9 s; peak memory 153 MiB.
2026-10-09T12:08:40Z INFO [168/1000] 3969b542-4cc7-4352-95e8-c354aa206acf: 46 arrays, 0.1 MB stored; 1.5 s; peak memory 153 MiB.
2026-10-09T12:08:40Z INFO [169/1000] 39690ee2-7014-48e1-8968-e87384dfc5e5: 66 arrays, 55.0 MB stored; 2.3 s; peak memory 153 MiB.
2026-10-09T12:08:41Z INFO [170/1000] 3969db24-a10b-484d-a6c6-f8acc25221ce: 48 arrays, 83.9 MB stored; 1.7 s; peak memory 153 MiB.
2026-10-09T12:08:42Z INFO [171/1000] 39595b25-f8bb-432a-b033-3b716f9c6002: 681 arrays, 21.6 MB stored; 23.4 s; peak memory 153 MiB.
2026-10-09T12:08:42Z INFO [172/1000] 396be27f-ae1f-4009-8510-e54eb827f8df: 48 arrays, 83.9 MB stored; 1.9 s; peak memory 153 MiB.
2026-10-09T12:08:43Z INFO [173/1000] 396bba7a-b970-4562-a138-5553c88b4d99: 119 arrays, 50.7 MB stored; 2.8 s; peak memory 153 MiB.
2026-10-09T12:08:44Z INFO [174/1000] 396bf4c2-04a1-4dd1-9ac0-2301af5cb288: 45 arrays, 0.0 MB stored; 1.5 s; peak memory 153 MiB.
2026-10-09T12:08:44Z INFO [175/1000] 396c6604-e69d-4784-af71-9c6c29820193: 57 arrays, 0.0 MB stored; 1.6 s; peak memory 153 MiB.
2026-10-09T12:08:48Z INFO [176/1000] 396ce608-85ed-4fb1-9f30-eb2aec83ab2f: 329 arrays, 2.5 MB stored; 4.8 s; peak memory 153 MiB.
2026-10-09T12:08:51Z INFO [177/1000] 396e5ca1-6e8c-4514-88bb-d0094a7b1f5c: 66 arrays, 108.8 MB stored; 2.4 s; peak memory 153 MiB.
2026-10-09T12:08:54Z INFO [178/1000] 39669a67-e8c7-4ad6-9802-f20657555da9: 38 arrays, 336.0 MB stored; 19.4 s; peak memory 153 MiB.
2026-10-09T12:08:54Z INFO [179/1000] 396f2a3b-f84d-4d08-b693-43d19042b015: 119 arrays, 66.4 MB stored; 3.1 s; peak memory 153 MiB.
2026-10-09T12:08:55Z INFO [180/1000] 39705f32-f142-44da-89bf-6d424bc575f2: 46 arrays, 12.6 MB stored; 1.8 s; peak memory 153 MiB.
2026-10-09T12:08:58Z INFO [181/1000] 396c68d8-8c03-47f4-8341-ef84cdf3b604: 97 arrays, 98.7 MB stored; 15.2 s; peak memory 153 MiB.
2026-10-09T12:08:59Z INFO [182/1000] 3970e4cd-6065-4e17-89b8-76fd3e91fcc2: 161 arrays, 10.4 MB stored; 4.0 s; peak memory 153 MiB.
2026-10-09T12:08:59Z INFO [183/1000] 397111a1-eb53-479f-8c1e-84c9aa5f46c1: 48 arrays, 83.9 MB stored; 1.7 s; peak memory 153 MiB.
2026-10-09T12:09:00Z INFO [184/1000] 39707e6a-18af-4e40-81d8-7ca8b6fd90d5: 217 arrays, 10.1 MB stored; 6.4 s; peak memory 153 MiB.
2026-10-09T12:09:01Z INFO [185/1000] 397114c2-3b63-4863-88e5-1753834914c8: 38 arrays, 0.5 MB stored; 1.8 s; peak memory 153 MiB.
2026-10-09T12:09:01Z INFO [186/1000] 39712691-848c-4c56-9cd0-5272501e3ff6: 117 arrays, 0.4 MB stored; 2.0 s; peak memory 153 MiB.
2026-10-09T12:09:03Z INFO [187/1000] 39722f9a-7e86-49e2-9ac4-9c4d6e6a3562: 48 arrays, 83.9 MB stored; 1.8 s; peak memory 153 MiB.
2026-10-09T12:09:04Z INFO [188/1000] 39723d73-3a74-4e00-bf95-8ab351dea136: 42 arrays, 1.1 MB stored; 2.1 s; peak memory 153 MiB.
2026-10-09T12:09:05Z INFO [189/1000] 397128a0-a4d3-4414-86f6-fa9ae7a4065a: 90 arrays, 4827.1 MB stored; 4.4 s; peak memory 153 MiB.
2026-10-09T12:09:06Z INFO [190/1000] 39730bed-3e09-4e86-8590-c9b7ff3ccd57: 112 arrays, 0.4 MB stored; 2.5 s; peak memory 153 MiB.
2026-10-09T12:09:06Z INFO [191/1000] 39729078-684a-425b-b147-1422fde041c7: 53 arrays, 599.1 MB stored; 3.4 s; peak memory 153 MiB.
2026-10-09T12:09:07Z INFO [192/1000] 3973294c-eb3a-49de-a665-6e3510fc1bb8: 48 arrays, 83.9 MB stored; 2.0 s; peak memory 153 MiB.
2026-10-09T12:09:08Z INFO [193/1000] 39736288-c2b5-46d1-a9af-3d2049e37528: 46 arrays, 0.0 MB stored; 1.5 s; peak memory 153 MiB.
2026-10-09T12:09:08Z INFO [194/1000] 39738cbf-1358-4991-971f-ef378a87cd90: 117 arrays, 0.4 MB stored; 2.0 s; peak memory 153 MiB.
2026-10-09T12:09:09Z INFO [195/1000] 3973b881-44a7-4435-9fe6-d11de7ef50ac: 118 arrays, 0.3 MB stored; 2.0 s; peak memory 153 MiB.
2026-10-09T12:09:09Z INFO [196/1000] 39741d90-8358-46e9-8f35-e7e563fac08c: 52 arrays, 11.6 MB stored; 1.9 s; peak memory 153 MiB.
2026-10-09T12:09:10Z INFO [197/1000] 3974e78c-99ed-44ef-a0fd-f60900cb2dc0: 63 arrays, 0.1 MB stored; 1.6 s; peak memory 153 MiB.
2026-10-09T12:09:11Z INFO [198/1000] 397437f9-df34-40a2-9d23-af56c484e6ee: 66 arrays, 55.7 MB stored; 2.3 s; peak memory 153 MiB.
2026-10-09T12:09:11Z INFO [199/1000] 39756734-baee-45cc-b400-6e72d12211be: 101 arrays, 0.2 MB stored; 1.9 s; peak memory 153 MiB.
2026-10-09T12:09:12Z INFO [200/1000] 3976395e-a6d1-4746-96f0-3632fb4e83db: 48 arrays, 83.9 MB stored; 1.8 s; peak memory 153 MiB.
2026-10-09T12:09:13Z INFO [200/1000] 3976395e-a6d1-4746-96f0-3632fb4e83db: checkpointed 200 new records.
2026-10-09T12:09:13Z INFO [201/1000] 39761596-765b-4540-a96e-1d04c0dd466b: 84 arrays, 3.1 MB stored; 2.5 s; peak memory 153 MiB.
2026-10-09T12:09:15Z INFO [202/1000] 39773494-0f50-4291-a13a-c34b205f9a61: 112 arrays, 0.7 MB stored; 2.6 s; peak memory 153 MiB.
2026-10-09T12:09:16Z INFO [203/1000] 3977630d-c764-4a27-8bf8-f9f0a54cab2b: 131 arrays, 57373.5 MB stored; 2.9 s; peak memory 153 MiB.
2026-10-09T12:09:16Z INFO [204/1000] 39769041-b254-45c3-be4a-9c38fdd9dfbf: 48 arrays, 35.0 MB stored; 4.6 s; peak memory 153 MiB.
2026-10-09T12:09:17Z INFO [205/1000] 3977678c-8741-4a56-a71f-99ecc9c454b8: 117 arrays, 0.4 MB stored; 2.4 s; peak memory 153 MiB.
2026-10-09T12:09:18Z INFO [206/1000] 397991b8-125f-4f28-adc4-c8f2b92976dc: 117 arrays, 0.4 MB stored; 2.3 s; peak memory 153 MiB.
2026-10-09T12:09:18Z INFO [207/1000] 3979d5fe-1df2-465b-b276-e29aab6ac102: 69 arrays, 1.6 MB stored; 2.4 s; peak memory 153 MiB.
2026-10-09T12:09:20Z INFO [208/1000] 397a3717-8de4-430e-a8f6-76133f0f9cd1: 72 arrays, 47.9 MB stored; 1.9 s; peak memory 153 MiB.
2026-10-09T12:09:20Z INFO [209/1000] 397a37dd-54ac-4b92-8807-fb94a39a9aa7: 117 arrays, 0.4 MB stored; 2.1 s; peak memory 153 MiB.
2026-10-09T12:09:21Z INFO [210/1000] 396a807a-3d3f-4ca3-bbe5-b18a6de59957: 58 arrays, 1693.2 MB stored; 41.0 s; peak memory 153 MiB.
2026-10-09T12:09:21Z INFO [211/1000] 3979d7c5-3e07-4558-bf8e-280ca131439b: 117 arrays, 24.4 MB stored; 3.5 s; peak memory 153 MiB.
2026-10-09T12:09:22Z INFO [212/1000] 397a6a4c-06a4-473e-871b-a1f223948a91: 53 arrays, 17.2 MB stored; 2.5 s; peak memory 153 MiB.
2026-10-09T12:09:23Z INFO [213/1000] 397a7ea3-462d-46a1-84ba-87aa4be80495: 71 arrays, 0.2 MB stored; 2.1 s; peak memory 153 MiB.
2026-10-09T12:09:23Z INFO [214/1000] 397aa01d-2511-4e2f-9971-322a8a6ef2c0: 112 arrays, 0.6 MB stored; 2.5 s; peak memory 153 MiB.
2026-10-09T12:09:24Z INFO [215/1000] 397b8d48-74b2-4e3e-84b9-dea363ec769a: 48 arrays, 83.9 MB stored; 1.8 s; peak memory 153 MiB.
2026-10-09T12:09:25Z INFO [216/1000] 397aa117-6cf5-4baf-8923-a33e2441993f: 112 arrays, 0.5 MB stored; 2.3 s; peak memory 153 MiB.
2026-10-09T12:09:25Z INFO [217/1000] 397c4666-f2ba-4938-9cd1-a37ab9c24514: 117 arrays, 0.3 MB stored; 1.9 s; peak memory 153 MiB.
2026-10-09T12:09:26Z INFO [218/1000] 397cb402-7fc8-4171-a421-62dd679b1ad5: 41 arrays, 8.4 MB stored; 1.7 s; peak memory 153 MiB.
2026-10-09T12:09:27Z INFO [219/1000] 397dad4a-7219-4bc8-a9c1-e0ca2ef60c41: 52 arrays, 13.6 MB stored; 2.0 s; peak memory 153 MiB.
2026-10-09T12:09:28Z INFO [220/1000] 397e8552-cf34-426f-a650-99e8b0960ade: 74 arrays, 3.4 MB stored; 1.9 s; peak memory 153 MiB.
2026-10-09T12:09:28Z INFO [221/1000] 397daf9b-860b-49d2-82a2-78ddb0ddeff7: 71 arrays, 79.9 MB stored; 2.9 s; peak memory 153 MiB.
2026-10-09T12:09:29Z INFO [222/1000] 397ea4f1-c593-4331-9cfb-55a8e0bddc3d: 117 arrays, 0.2 MB stored; 2.1 s; peak memory 153 MiB.
2026-10-09T12:09:30Z INFO [223/1000] 397f6eeb-784e-4cd1-9351-16f1e2078c75: 48 arrays, 83.9 MB stored; 1.8 s; peak memory 153 MiB.
2026-10-09T12:09:31Z INFO [224/1000] 397eac7a-305d-4d2e-b055-a6381418c6dd: 71 arrays, 11.8 MB stored; 2.8 s; peak memory 153 MiB.
2026-10-09T12:09:32Z INFO [225/1000] 397f90d5-ac64-4ea3-a31d-35732a30796e: 117 arrays, 0.3 MB stored; 2.0 s; peak memory 153 MiB.
2026-10-09T12:09:35Z INFO [226/1000] 397ea53e-c13b-44d3-8c2e-cf4835fd8243: 550 arrays, 7.8 MB stored; 7.1 s; peak memory 153 MiB.
2026-10-09T12:09:35Z INFO [227/1000] 39808ab2-bdef-4350-89b1-b07a5e230d72: 254 arrays, 7.3 MB stored; 4.2 s; peak memory 153 MiB.
2026-10-09T12:09:37Z INFO [228/1000] 3981e4c2-3e16-46fd-b466-3fa00cd77b53: 117 arrays, 0.3 MB stored; 2.0 s; peak memory 153 MiB.
2026-10-09T12:09:40Z INFO [229/1000] 3981eb6c-ff2f-4143-9923-286661c03bb7: 118 arrays, 0.4 MB stored; 2.3 s; peak memory 153 MiB.
2026-10-09T12:09:41Z INFO [230/1000] 3982e325-bdc6-4198-870e-5d804547ab35: 50 arrays, 0.8 MB stored; 1.6 s; peak memory 153 MiB.
2026-10-09T12:09:43Z INFO [231/1000] 398369a5-6472-4829-aa2b-fa8c35ea91d7: 63 arrays, 0.1 MB stored; 1.5 s; peak memory 153 MiB.
2026-10-09T12:09:45Z INFO [232/1000] 3983ac0a-84e3-4d8a-ae47-c973e30993b9: 112 arrays, 0.3 MB stored; 2.0 s; peak memory 153 MiB.
2026-10-09T12:09:47Z INFO [233/1000] 3983cbe8-be23-4e81-bc84-6b22b9d0b749: 41 arrays, 8.4 MB stored; 1.7 s; peak memory 153 MiB.
2026-10-09T12:09:47Z INFO [234/1000] 39819af3-ef80-44f0-903e-8768e7186147: 82 arrays, 415.2 MB stored; 11.6 s; peak memory 153 MiB.
2026-10-09T12:09:49Z INFO [235/1000] 3981149a-25b2-4ccf-82af-6e487b68e758: 1353 arrays, 42.8 MB stored; 16.5 s; peak memory 153 MiB.
2026-10-09T12:09:50Z INFO [236/1000] 3983f417-9d9e-43a6-9f2f-e450ed72eafa: 116 arrays, 187.2 MB stored; 3.8 s; peak memory 153 MiB.
2026-10-09T12:09:51Z INFO [237/1000] 398489db-9608-4616-98dd-35ac798f99f1: 112 arrays, 0.4 MB stored; 2.2 s; peak memory 153 MiB.
2026-10-09T12:09:53Z INFO [238/1000] 398518a5-7ef4-4464-91b2-f1b4ec300909: 112 arrays, 0.5 MB stored; 2.3 s; peak memory 153 MiB.
2026-10-09T12:09:53Z INFO [239/1000] 3985d3a1-8af7-4932-a30d-714671759d14: 45 arrays, 0.0 MB stored; 1.5 s; peak memory 153 MiB.
2026-10-09T12:09:54Z INFO [240/1000] 39847ed9-1994-4aa4-bdb8-a476c2671957: 584 arrays, 7.8 MB stored; 7.7 s; peak memory 153 MiB.
2026-10-09T12:09:55Z INFO [241/1000] 3985fa4d-c826-46a5-ab69-3c96ec272ec1: 114 arrays, 0.3 MB stored; 2.1 s; peak memory 153 MiB.
2026-10-09T12:09:56Z INFO [242/1000] 39861130-e802-4b37-9768-a96dc2508555: 71 arrays, 100.8 MB stored; 3.3 s; peak memory 153 MiB.
2026-10-09T12:09:56Z INFO [243/1000] 398649f3-92ee-475e-8c61-603f4b8ed645: 48 arrays, 83.9 MB stored; 1.7 s; peak memory 153 MiB.
2026-10-09T12:09:57Z INFO [244/1000] 39863bdd-0039-4d3c-82cd-597908bf9667: 68 arrays, 0.5 MB stored; 2.1 s; peak memory 153 MiB.
2026-10-09T12:09:58Z INFO [245/1000] 39875276-1b53-435e-aecf-23cd1815d057: 116 arrays, 0.4 MB stored; 2.1 s; peak memory 153 MiB.
2026-10-09T12:09:59Z INFO [246/1000] 3989c087-8d23-4130-9732-b6db66ed4602: 65 arrays, 30.5 MB stored; 2.2 s; peak memory 153 MiB.
2026-10-09T12:10:00Z INFO [247/1000] 398a6557-731c-4377-836d-eca6f5915800: 48 arrays, 83.9 MB stored; 1.9 s; peak memory 153 MiB.
2026-10-09T12:10:02Z INFO [248/1000] 398cc561-6868-4c7f-bb2f-37d8c904d0e2: 48 arrays, 83.9 MB stored; 1.8 s; peak memory 153 MiB.
2026-10-09T12:10:02Z INFO [249/1000] 39884d1c-eed8-4c01-8838-b1474e2926e1: 88 arrays, 5891.3 MB stored; 5.5 s; peak memory 153 MiB.
2026-10-09T12:10:04Z INFO [250/1000] 398db007-6877-4b17-93ce-6a4856ee9b8f: 48 arrays, 83.9 MB stored; 1.8 s; peak memory 153 MiB.
2026-10-09T12:10:04Z INFO [251/1000] 398cf8f5-9c9d-4403-9402-47c083f88da5: 116 arrays, 0.4 MB stored; 2.1 s; peak memory 153 MiB.
2026-10-09T12:10:05Z INFO [252/1000] 398dca3c-7d54-47cc-88d3-86483c75aaad: 56 arrays, 0.0 MB stored; 1.6 s; peak memory 153 MiB.
2026-10-09T12:10:06Z INFO [253/1000] 398dbc96-44e2-423b-a8ce-a5d0f946b4f6: 112 arrays, 0.7 MB stored; 2.4 s; peak memory 153 MiB.
2026-10-09T12:10:07Z INFO [254/1000] 398dd606-f865-469d-a55c-db5e366eaac7: 48 arrays, 83.9 MB stored; 1.8 s; peak memory 153 MiB.
2026-10-09T12:10:08Z INFO [255/1000] 398df8ce-2a31-453b-a316-cbc0a8bc7e47: 48 arrays, 83.9 MB stored; 1.8 s; peak memory 153 MiB.
2026-10-09T12:10:08Z INFO [256/1000] 398b1dff-21de-4d8a-b04e-66493f20f8b6: 79 arrays, 225.3 MB stored; 9.4 s; peak memory 153 MiB.
2026-10-09T12:10:10Z INFO [257/1000] 398fe196-7e51-412b-ab61-092507f82968: 275 arrays, 17.1 MB stored; 2.4 s; peak memory 153 MiB.
2026-10-09T12:10:10Z INFO [258/1000] 3990b870-e7d3-4427-acd3-a9287e5d11c0: 69 arrays, 0.0 MB stored; 2.0 s; peak memory 153 MiB.
2026-10-09T12:10:10Z INFO [259/1000] 39915baf-9d56-4c87-bd73-7df90947d8ab: 112 arrays, 0.5 MB stored; 2.3 s; peak memory 153 MiB.
2026-10-09T12:10:12Z INFO [260/1000] 39923c6b-0e4c-4c4b-9bcb-077975a35876: 48 arrays, 83.9 MB stored; 1.8 s; peak memory 153 MiB.
2026-10-09T12:10:12Z INFO [261/1000] 3991f6d6-17ea-4344-83e1-aac9306b3c66: 132 arrays, 1.6 MB stored; 2.2 s; peak memory 153 MiB.
2026-10-09T12:10:13Z INFO [262/1000] 39925d4e-596b-4539-906b-da77d14486bb: 111 arrays, 0.6 MB stored; 2.3 s; peak memory 153 MiB.
2026-10-09T12:10:14Z INFO [263/1000] 39931a88-dd90-4727-b345-de795e882280: 117 arrays, 0.4 MB stored; 1.9 s; peak memory 153 MiB.
2026-10-09T12:10:15Z INFO [264/1000] 3993fae3-1729-49fb-a1ab-895e3f39c2f2: 118 arrays, 0.4 MB stored; 1.9 s; peak memory 153 MiB.
2026-10-09T12:10:16Z INFO [265/1000] 399423f8-2cb2-463f-a5dd-4d1d5d7a9772: 69 arrays, 27.2 MB stored; 2.5 s; peak memory 153 MiB.
2026-10-09T12:10:18Z INFO [266/1000] 39943ae7-796c-4b5b-9f96-36dd68cc2bc3: 117 arrays, 0.4 MB stored; 2.1 s; peak memory 153 MiB.
2026-10-09T12:10:18Z INFO [267/1000] 399424c6-aab2-4309-8414-1900424cbb21: 84 arrays, 277.8 MB stored; 3.8 s; peak memory 153 MiB.
2026-10-09T12:10:21Z INFO [268/1000] 39953643-2218-4a2f-a2dd-c73bbc78cd11: 69 arrays, 3.1 MB stored; 2.5 s; peak memory 153 MiB.
2026-10-09T12:10:21Z INFO [269/1000] 39960121-0e26-4481-8f2a-925389a35691: 112 arrays, 1.0 MB stored; 2.5 s; peak memory 153 MiB.
2026-10-09T12:10:23Z INFO [270/1000] 3996639d-30ea-4a60-9738-7d19ea9696ec: 45 arrays, 10.8 MB stored; 2.1 s; peak memory 153 MiB.
2026-10-09T12:10:35Z INFO [271/1000] 399626c8-6fd8-4ade-97fa-a8d4f62dcf1a: 1492 arrays, 12.7 MB stored; 13.8 s; peak memory 153 MiB.
2026-10-09T12:10:36Z INFO [272/1000] 399698f5-fccc-44ef-a721-914e8b89438b: 48 arrays, 83.9 MB stored; 1.8 s; peak memory 153 MiB.
2026-10-09T12:10:37Z INFO [273/1000] 39939765-70cf-419c-a7de-1d3d7975a00d: 97 arrays, 27778.0 MB stored; 25.2 s; peak memory 153 MiB.
2026-10-09T12:10:38Z INFO [274/1000] 3996e2d4-095a-4572-aa41-c74243a17219: 52 arrays, 15.4 MB stored; 1.9 s; peak memory 153 MiB.
2026-10-09T12:10:39Z INFO [275/1000] 39978057-1534-4398-9aaf-cb9b2aea19c7: 48 arrays, 83.9 MB stored; 1.9 s; peak memory 153 MiB.
2026-10-09T12:10:40Z INFO [276/1000] 399691e6-c03a-40d6-9302-3b4df6f391fc: 649 arrays, 48.3 MB stored; 17.2 s; peak memory 153 MiB.
2026-10-09T12:10:41Z INFO [277/1000] 39989907-58f5-4a1d-bd28-dfcd6c0ac4aa: 48 arrays, 83.9 MB stored; 1.9 s; peak memory 153 MiB.
2026-10-09T12:10:43Z INFO [278/1000] 3998babd-c164-41c0-9fa3-b317d72f4c5d: 48 arrays, 83.9 MB stored; 1.8 s; peak memory 153 MiB.
2026-10-09T12:10:43Z INFO [279/1000] 39985d85-3048-4c4b-ae6c-6f0dd5d2752b: 45 arrays, 3180.8 MB stored; 4.9 s; peak memory 153 MiB.
2026-10-09T12:10:44Z INFO [280/1000] 39991310-3d5f-46ac-bda9-e39da6d7d447: 48 arrays, 83.9 MB stored; 1.8 s; peak memory 153 MiB.
2026-10-09T12:10:46Z INFO [281/1000] 3998b3a7-983c-4be9-b0eb-b12438aca311: 371 arrays, 3.1 MB stored; 5.2 s; peak memory 153 MiB.
2026-10-09T12:10:46Z INFO [282/1000] 399945ca-0497-47b2-9cc4-4dfc87a7056b: 112 arrays, 0.7 MB stored; 2.4 s; peak memory 153 MiB.
2026-10-09T12:10:46Z INFO [283/1000] 39994fa6-6e99-4e6a-ac73-68ac25b6aa5d: 46 arrays, 0.0 MB stored; 1.5 s; peak memory 153 MiB.
2026-10-09T12:10:47Z INFO [284/1000] 39998659-d999-4883-9b03-e6715fda9674: 48 arrays, 83.9 MB stored; 1.7 s; peak memory 153 MiB.
2026-10-09T12:10:48Z INFO [285/1000] 3999fee9-5de0-495e-bc06-6f0a9851313a: 52 arrays, 30.8 MB stored; 2.1 s; peak memory 153 MiB.
2026-10-09T12:10:48Z INFO [286/1000] 399a9cd7-e66f-4b0e-8f2f-b824527f9d4c: 116 arrays, 0.3 MB stored; 2.1 s; peak memory 153 MiB.
2026-10-09T12:10:50Z INFO [287/1000] 399d1d7e-c29b-4619-835c-1e0cd2ff5405: 142 arrays, 1.2 MB stored; 2.0 s; peak memory 153 MiB.
2026-10-09T12:10:50Z INFO [288/1000] 399c0daa-7f2c-472c-964e-641bc58329c8: 71 arrays, 4.5 MB stored; 2.5 s; peak memory 153 MiB.
2026-10-09T12:10:52Z INFO [289/1000] 3964acc5-2ccf-4bed-9a0f-f9e5961a9d87: 103 arrays, 158721.6 MB stored; 140.2 s; peak memory 153 MiB.
2026-10-09T12:10:52Z INFO [290/1000] 399d4d38-658e-44f6-95b5-bb1d1d9e89ec: 69 arrays, 82.5 MB stored; 2.4 s; peak memory 153 MiB.
2026-10-09T12:10:53Z INFO [291/1000] 399b5dd4-3c1c-435d-927d-c00e75c38fb0: 321 arrays, 2.8 MB stored; 5.5 s; peak memory 153 MiB.
2026-10-09T12:10:53Z INFO [292/1000] 399d9883-040c-407d-bce0-5e3393fa88fa: 112 arrays, 1.2 MB stored; 2.7 s; peak memory 153 MiB.
2026-10-09T12:10:53Z INFO [293/1000] 399da092-281d-4848-8052-cb9156845f03: 117 arrays, 0.3 MB stored; 1.9 s; peak memory 153 MiB.
2026-10-09T12:10:55Z INFO [294/1000] 399f9358-8827-41b6-9176-eda6b751fbf6: 64 arrays, 0.0 MB stored; 1.9 s; peak memory 153 MiB.
2026-10-09T12:10:57Z INFO [295/1000] 399e30be-f9aa-4329-85cb-6bee922be085: 114 arrays, 186.9 MB stored; 4.1 s; peak memory 153 MiB.
2026-10-09T12:10:57Z INFO [296/1000] 399fc038-e74e-41ea-b2df-d7a5c04879a6: 48 arrays, 83.9 MB stored; 1.7 s; peak memory 153 MiB.
2026-10-09T12:10:59Z INFO [297/1000] 39a0878f-97cd-449f-b48a-d5f3d71e87c4: 66 arrays, 69.7 MB stored; 2.4 s; peak memory 153 MiB.
2026-10-09T12:11:00Z INFO [298/1000] 399f3b2c-192d-4db0-9c58-2bdd7801bb26: 538 arrays, 8.0 MB stored; 7.2 s; peak memory 153 MiB.
2026-10-09T12:11:00Z INFO [299/1000] 39a092c9-d6d0-4d26-8ebd-4e7ff04a6c7a: 118 arrays, 66.2 MB stored; 3.1 s; peak memory 153 MiB.
2026-10-09T12:11:02Z INFO [300/1000] 39a0fe83-ff26-44ca-9ba7-40efc0be8ecb: 112 arrays, 0.6 MB stored; 2.3 s; peak memory 153 MiB.
2026-10-09T12:11:02Z INFO [301/1000] 39a143ff-f7a4-402a-90c9-582533a420c9: 118 arrays, 0.3 MB stored; 2.2 s; peak memory 153 MiB.
2026-10-09T12:11:03Z INFO [302/1000] 39a23659-4aa6-46f1-a773-7225a560ceb6: 38 arrays, 0.5 MB stored; 1.7 s; peak memory 153 MiB.
2026-10-09T12:11:04Z INFO [303/1000] 39a2ec50-6458-4c3d-8e40-1f046e14ec73: 48 arrays, 83.9 MB stored; 1.7 s; peak memory 153 MiB.
2026-10-09T12:11:05Z INFO [304/1000] 39a16e19-6c03-4e58-a8aa-9b5341a9314e: 85 arrays, 633.4 MB stored; 4.5 s; peak memory 153 MiB.
2026-10-09T12:11:06Z INFO [305/1000] 39a30123-d907-4376-9843-3c9fe0b61337: 52 arrays, 15.4 MB stored; 1.9 s; peak memory 153 MiB.
2026-10-09T12:11:07Z INFO [306/1000] 39a2f8dd-5b98-4f62-935f-6bda3091d093: 118 arrays, 23.1 MB stored; 3.6 s; peak memory 153 MiB.
2026-10-09T12:11:08Z INFO [307/1000] 39a3f633-cdc6-42b9-bd9e-b83401fbfef3: 112 arrays, 0.1 MB stored; 1.7 s; peak memory 153 MiB.
2026-10-09T12:11:09Z INFO [308/1000] 39a48e9f-2883-4392-9c9d-af4bf8326bba: 59 arrays, 243.6 MB stored; 2.2 s; peak memory 153 MiB.
2026-10-09T12:11:09Z INFO [309/1000] 39a6aa75-3fb4-4838-99b2-1f912719ed63: 48 arrays, 83.9 MB stored; 1.8 s; peak memory 153 MiB.
2026-10-09T12:11:11Z INFO [310/1000] 39a6d994-e2ac-4f0d-b6f9-a3bda5039540: 41 arrays, 8.4 MB stored; 1.6 s; peak memory 153 MiB.
2026-10-09T12:11:11Z INFO [311/1000] 39a6da4b-f6dc-4471-971d-76a0084d33e6: 38 arrays, 0.5 MB stored; 1.7 s; peak memory 153 MiB.
2026-10-09T12:11:11Z INFO [312/1000] 39a3696f-1081-4cb4-89aa-9f06d855a33a: 233 arrays, 33.4 MB stored; 6.5 s; peak memory 153 MiB.
2026-10-09T12:11:15Z INFO [313/1000] 39a7c55f-3ba5-4209-9de2-49e5169b5b94: 137 arrays, 30.9 MB stored; 3.5 s; peak memory 153 MiB.
2026-10-09T12:11:16Z INFO [314/1000] 39a6db2d-2dda-4cf9-809f-c7e2d2963660: 84 arrays, 356.6 MB stored; 5.1 s; peak memory 153 MiB.
2026-10-09T12:11:16Z INFO [315/1000] 39a7c6c2-1dad-4e84-aae8-c1b4c468095e: 46 arrays, 0.0 MB stored; 1.4 s; peak memory 153 MiB.
2026-10-09T12:11:18Z INFO [316/1000] 39a8ae67-3b9e-43cc-84a9-6bc177ea9ad9: 74 arrays, 1.1 MB stored; 1.8 s; peak memory 153 MiB.
2026-10-09T12:11:20Z INFO [317/1000] 39a9a1a3-4b70-45d0-a6e6-7a261f391b0c: 116 arrays, 0.2 MB stored; 1.9 s; peak memory 153 MiB.
2026-10-09T12:11:20Z INFO [318/1000] 39a7149d-a799-454f-a32b-c7fc726856aa: 199 arrays, 455.7 MB stored; 8.7 s; peak memory 153 MiB.
2026-10-09T12:11:22Z INFO [319/1000] 39a9d121-0171-40c1-9172-6092ca18045f: 46 arrays, 12.6 MB stored; 1.9 s; peak memory 153 MiB.
2026-10-09T12:11:22Z INFO [320/1000] 39a9e021-0f96-495d-82de-d7483b6117cc: 117 arrays, 0.3 MB stored; 2.0 s; peak memory 153 MiB.
2026-10-09T12:11:23Z INFO [321/1000] 39aa6a42-0802-49bc-85de-e330f384210d: 46 arrays, 0.1 MB stored; 1.4 s; peak memory 153 MiB.
2026-10-09T12:11:23Z INFO [322/1000] 39aa2918-7368-4981-a79f-71bdd1206cff: 46 arrays, 0.3 MB stored; 1.7 s; peak memory 153 MiB.
2026-10-09T12:11:25Z INFO [323/1000] 39abb2d9-16cd-44cc-be62-394798cef077: 54 arrays, 0.0 MB stored; 1.6 s; peak memory 153 MiB.
2026-10-09T12:11:25Z INFO [324/1000] 396e3c1e-e805-42ae-a2d0-7dbcedf9a86e: 167 arrays, 21207.9 MB stored; 161.3 s; peak memory 153 MiB.
2026-10-09T12:11:27Z INFO [325/1000] 39a80c6d-b0d0-45f9-9bbb-56e6a2452359: 106 arrays, 13558.8 MB stored; 11.3 s; peak memory 153 MiB.
2026-10-09T12:11:27Z INFO [326/1000] 39ac8fc0-272b-44f2-b822-7ea2f32ce50f: 116 arrays, 0.3 MB stored; 2.3 s; peak memory 153 MiB.
2026-10-09T12:11:28Z INFO [327/1000] 39accbc4-232c-4357-ad88-fec7dcea755c: 66 arrays, 51.5 MB stored; 2.5 s; peak memory 153 MiB.
2026-10-09T12:11:29Z INFO [328/1000] 39ad11a5-daa2-4659-8dc3-ee3312709ed2: 48 arrays, 83.9 MB stored; 1.7 s; peak memory 153 MiB.
2026-10-09T12:11:30Z INFO [329/1000] 39ad2b79-115a-4458-a926-526b3cc6dfa6: 71 arrays, 53.5 MB stored; 2.7 s; peak memory 153 MiB.
2026-10-09T12:11:30Z INFO [330/1000] 39ab7d49-e3ec-4728-bc16-850a54cb60f2: 493 arrays, 5.6 MB stored; 6.7 s; peak memory 153 MiB.
2026-10-09T12:11:30Z INFO [331/1000] 397a80c9-0419-4ade-ba7d-97d5c81bcaa2: 10888 arrays, 182.6 MB stored; 129.6 s; peak memory 160 MiB.
2026-10-09T12:11:31Z INFO [332/1000] 39af74a6-951d-46ce-ae68-3cd108c42555: 112 arrays, 0.6 MB stored; 2.3 s; peak memory 160 MiB.
2026-10-09T12:11:32Z INFO [333/1000] 39b0a0aa-45d1-4c17-8d13-b3a16314545d: 48 arrays, 83.9 MB stored; 1.8 s; peak memory 160 MiB.
2026-10-09T12:11:32Z INFO [334/1000] 39b04a3e-aecd-4fa7-8524-63d51d0a4334: 69 arrays, 51.8 MB stored; 2.3 s; peak memory 160 MiB.
2026-10-09T12:11:32Z INFO [335/1000] 39afbe7c-e25a-4565-ab26-fe20ad39c5aa: 113 arrays, 0.6 MB stored; 2.6 s; peak memory 160 MiB.
2026-10-09T12:11:33Z INFO [336/1000] 39b0bb33-8034-4edd-b2a3-bbe45a68124e: 112 arrays, 0.5 MB stored; 2.2 s; peak memory 161 MiB.
2026-10-09T12:11:34Z INFO [337/1000] 39b16d57-a6aa-4cb4-9666-bbbdcfd3e939: 48 arrays, 83.9 MB stored; 1.7 s; peak memory 161 MiB.
2026-10-09T12:11:34Z INFO [338/1000] 39b19a26-e204-401b-80bc-cb91de19e6bc: 35 arrays, 0.0 MB stored; 1.5 s; peak memory 161 MiB.
2026-10-09T12:11:34Z INFO [339/1000] 39aeb7ee-c38f-4e15-9b93-669fb8e917c3: 520 arrays, 6.1 MB stored; 6.2 s; peak memory 161 MiB.
2026-10-09T12:11:35Z INFO [340/1000] 39b33e20-87ed-4f24-b83e-e5e14413d455: 31 arrays, 0.0 MB stored; 1.5 s; peak memory 161 MiB.
2026-10-09T12:11:36Z INFO [341/1000] 39b2bf3d-b9ae-4c5f-b240-edce7e1e942f: 48 arrays, 83.9 MB stored; 1.9 s; peak memory 161 MiB.
2026-10-09T12:11:36Z INFO [342/1000] 39b23892-cf73-46b2-a8da-14e25efc60ed: 65 arrays, 695.7 MB stored; 3.1 s; peak memory 161 MiB.
2026-10-09T12:11:36Z INFO [343/1000] 39b4d319-dcd6-4a7e-aedc-14dc921dcd5c: 48 arrays, 83.9 MB stored; 1.8 s; peak memory 161 MiB.
2026-10-09T12:11:37Z INFO [344/1000] 39b4dfb1-7085-40df-a46d-3c8eb7767fe9: 117 arrays, 0.3 MB stored; 2.1 s; peak memory 162 MiB.
2026-10-09T12:11:38Z INFO [345/1000] 39b66277-266d-40e7-a25b-f70857d59b01: 117 arrays, 0.4 MB stored; 2.0 s; peak memory 162 MiB.
2026-10-09T12:11:38Z INFO [346/1000] 39b6320f-dbc8-4537-9738-f10afe794413: 112 arrays, 0.6 MB stored; 2.4 s; peak memory 162 MiB.
2026-10-09T12:11:39Z INFO [347/1000] 39b676d9-3200-4bed-9606-8547ab6134c7: 48 arrays, 83.9 MB stored; 1.8 s; peak memory 162 MiB.
2026-10-09T12:11:40Z INFO [348/1000] 39b7524f-3a16-4669-bf6d-7f19792e1dbc: 48 arrays, 83.9 MB stored; 1.7 s; peak memory 162 MiB.
2026-10-09T12:11:40Z INFO [349/1000] 39b6eeab-2d2e-4416-a5c0-ee9fd5840bad: 118 arrays, 0.3 MB stored; 2.0 s; peak memory 162 MiB.
2026-10-09T12:11:41Z INFO [350/1000] 39b7b704-6e3b-4c52-86fb-0658e8c71a17: 121 arrays, 0.1 MB stored; 1.7 s; peak memory 162 MiB.
2026-10-09T12:11:42Z INFO [351/1000] 39b81fc6-419e-4561-ae14-385a630b6469: 117 arrays, 0.3 MB stored; 2.1 s; peak memory 162 MiB.
2026-10-09T12:11:42Z INFO [352/1000] 39b7f9f1-c1a5-4ccf-87e4-3e0f01b68899: 117 arrays, 0.3 MB stored; 2.3 s; peak memory 162 MiB.
2026-10-09T12:11:43Z INFO [353/1000] 39b54c54-3a66-4de5-a862-cce4ebd9fb2b: 229 arrays, 241.8 MB stored; 7.2 s; peak memory 163 MiB.
2026-10-09T12:11:43Z INFO [354/1000] 39b89bf5-a987-402b-8912-e0fb6115eef7: 71 arrays, 3.9 MB stored; 2.5 s; peak memory 163 MiB.
2026-10-09T12:11:44Z INFO [355/1000] 39b8d078-6e5b-458f-85a6-49571b0c4238: 48 arrays, 83.9 MB stored; 1.8 s; peak memory 163 MiB.
2026-10-09T12:11:46Z INFO [356/1000] 39ba5750-39e2-45c7-81dd-3b6e2f9e9d16: 68 arrays, 0.3 MB stored; 2.2 s; peak memory 163 MiB.
2026-10-09T12:11:48Z INFO [357/1000] 39b2acc4-6002-4155-bc0e-52da6f0be85f: 1007 arrays, 41.8 MB stored; 14.6 s; peak memory 164 MiB.
2026-10-09T12:11:50Z INFO [358/1000] 39bb78bd-a968-4ec1-a919-99e34663ff5f: 84 arrays, 0.1 MB stored; 1.8 s; peak memory 164 MiB.
2026-10-09T12:11:51Z INFO [359/1000] 39b8f437-2e68-4a89-99c8-568815e19aba: 521 arrays, 18.2 MB stored; 9.2 s; peak memory 165 MiB.
2026-10-09T12:11:51Z INFO [360/1000] 39bc56d9-ffe1-4010-b94f-2454383bf759: 48 arrays, 83.9 MB stored; 1.8 s; peak memory 165 MiB.
2026-10-09T12:11:53Z INFO [361/1000] 39bc87b9-74d8-47d2-bb17-b294ac443ebb: 31 arrays, 519.3 MB stored; 2.0 s; peak memory 165 MiB.
2026-10-09T12:11:55Z INFO [362/1000] 39bddaed-dd97-4044-9e9c-299f03c84b5c: 115 arrays, 190.1 MB stored; 3.6 s; peak memory 165 MiB.
2026-10-09T12:11:55Z INFO [363/1000] 39be05c8-2463-4e2e-8f9b-be56be0ecfb3: 112 arrays, 0.3 MB stored; 1.9 s; peak memory 165 MiB.
2026-10-09T12:11:57Z INFO [364/1000] 39be0e48-a75c-4af5-a541-b69f5681950d: 112 arrays, 1.2 MB stored; 2.4 s; peak memory 165 MiB.
2026-10-09T12:11:58Z INFO [365/1000] 39be3535-7ac1-4bac-be3b-bcc0cfe6311f: 66 arrays, 95.2 MB stored; 2.4 s; peak memory 165 MiB.
2026-10-09T12:11:59Z INFO [366/1000] 39be3f70-5ee7-4f4f-8d49-828ddc841882: 48 arrays, 83.9 MB stored; 1.8 s; peak memory 165 MiB.
2026-10-09T12:11:59Z INFO [367/1000] 39be5b7b-6462-4eda-ba7c-1a4fb6b6a82d: 118 arrays, 0.2 MB stored; 2.0 s; peak memory 165 MiB.
2026-10-09T12:12:00Z INFO [368/1000] 39ba25c8-e57d-4c76-a3b1-425c5caf8e3d: 1533 arrays, 33.9 MB stored; 17.0 s; peak memory 167 MiB.
2026-10-09T12:12:01Z INFO [369/1000] 39bef8d1-044d-4d96-828a-d7daa1235ab7: 48 arrays, 83.9 MB stored; 1.7 s; peak memory 167 MiB.
2026-10-09T12:12:01Z INFO [370/1000] 39bf1cc9-46dd-43d3-b916-cecfc34a5152: 116 arrays, 0.2 MB stored; 1.9 s; peak memory 167 MiB.
2026-10-09T12:12:03Z INFO [371/1000] 39bf9edd-86d6-46c5-ae59-d9e731111df7: 55 arrays, 0.0 MB stored; 1.6 s; peak memory 167 MiB.
2026-10-09T12:12:04Z INFO [372/1000] 39bf2fac-3713-453f-b9c4-a9c06fc27e19: 90 arrays, 139.8 MB stored; 3.5 s; peak memory 167 MiB.
2026-10-09T12:12:05Z INFO [373/1000] 39c06eec-7987-4cc3-9d90-0702c2cc20fb: 110 arrays, 0.5 MB stored; 2.2 s; peak memory 167 MiB.
2026-10-09T12:12:06Z INFO [374/1000] 39c0a5c3-8389-4cd1-b45f-03ceccc5493e: 48 arrays, 83.9 MB stored; 1.8 s; peak memory 167 MiB.
2026-10-09T12:12:07Z INFO [375/1000] 39c1432f-76f9-4fa5-b07f-ec90024eb6a9: 74 arrays, 3.1 MB stored; 2.1 s; peak memory 167 MiB.
2026-10-09T12:12:09Z INFO [376/1000] 39c1734b-6da7-4fa9-ba4c-4ff43dae9b53: 52 arrays, 17.4 MB stored; 2.1 s; peak memory 168 MiB.
2026-10-09T12:12:19Z INFO [377/1000] 39c25a7f-a82c-4692-bf75-e33d994f2437: 559 arrays, 24.5 MB stored; 10.5 s; peak memory 168 MiB.
2026-10-09T12:12:20Z INFO [378/1000] 394acec6-b5eb-4674-aae8-8b5ef98732de: 173 arrays, 371380.1 MB stored; 263.6 s; peak memory 168 MiB.
2026-10-09T12:12:22Z INFO [379/1000] 39c27ea2-ab42-4631-afa1-7c35798c31d1: 118 arrays, 0.4 MB stored; 2.1 s; peak memory 168 MiB.
2026-10-09T12:12:22Z INFO [380/1000] 39c34484-0a2a-4e42-82c0-5ddcd8e503f8: 46 arrays, 0.0 MB stored; 1.5 s; peak memory 168 MiB.
2026-10-09T12:12:22Z INFO [381/1000] 39c00114-f7c4-4dea-a6d5-468750ddab9f: 6075 arrays, 40.4 MB stored; 20.8 s; peak memory 178 MiB.
2026-10-09T12:12:24Z INFO [382/1000] 39c415db-3ae1-4f58-886f-49408cdb3b51: 45 arrays, 10.9 MB stored; 2.1 s; peak memory 178 MiB.
2026-10-09T12:12:24Z INFO [383/1000] 39c4173e-74ba-43a3-8ff6-1c335b8e26a6: 116 arrays, 0.2 MB stored; 2.0 s; peak memory 178 MiB.
2026-10-09T12:12:26Z INFO [384/1000] 39c45647-ee8f-4196-9fb3-95b794290ed8: 41 arrays, 8.4 MB stored; 1.6 s; peak memory 178 MiB.
2026-10-09T12:12:28Z INFO [385/1000] 39c3b063-15d7-4ca0-b66e-38771c02dd4b: 229 arrays, 237.0 MB stored; 6.9 s; peak memory 178 MiB.
2026-10-09T12:12:30Z INFO [386/1000] 39c934d3-0774-4b17-9c2e-8befe6cd9289: 38 arrays, 0.5 MB stored; 1.7 s; peak memory 178 MiB.
2026-10-09T12:12:32Z INFO [387/1000] 39c9f3aa-c0c6-4a94-a7ba-73fd14b4dd3f: 48 arrays, 83.9 MB stored; 1.8 s; peak memory 178 MiB.
2026-10-09T12:12:32Z INFO [388/1000] 39c90698-8b4e-4df4-85c9-a65eba5bb74b: 399 arrays, 5.2 MB stored; 6.9 s; peak memory 179 MiB.
2026-10-09T12:12:34Z INFO [389/1000] 39ca1d78-0dfe-41b8-8739-328d3b7b856d: 42 arrays, 49.6 MB stored; 1.7 s; peak memory 179 MiB.
2026-10-09T12:12:36Z INFO [390/1000] 39ca3061-6189-4941-9188-f70f41e13119: 112 arrays, 0.8 MB stored; 2.5 s; peak memory 179 MiB.
2026-10-09T12:12:37Z INFO [391/1000] 39ca2a8e-e31b-41a6-80c0-31ef332ba3bd: 156 arrays, 193.4 MB stored; 4.5 s; peak memory 179 MiB.
2026-10-09T12:12:38Z INFO [392/1000] 39c7fc9f-44f2-4327-a92f-9de6b030dbc5: 106 arrays, 17463.0 MB stored; 13.3 s; peak memory 179 MiB.
2026-10-09T12:12:38Z INFO [393/1000] 39ca523e-bed2-461a-945e-feac0f606501: 48 arrays, 83.9 MB stored; 1.9 s; peak memory 179 MiB.
2026-10-09T12:12:40Z INFO [394/1000] 39cb6454-fcfc-4814-90ae-a7f35612ea05: 112 arrays, 0.4 MB stored; 2.2 s; peak memory 179 MiB.
2026-10-09T12:12:40Z INFO [395/1000] 39cc6327-4a7a-429b-965d-fa0dd82f37d7: 118 arrays, 0.2 MB stored; 1.9 s; peak memory 179 MiB.
2026-10-09T12:12:42Z INFO [396/1000] 39cd4f25-4187-48a1-861b-442da6e1523c: 116 arrays, 0.4 MB stored; 2.0 s; peak memory 179 MiB.
2026-10-09T12:12:43Z INFO [397/1000] 39cde3b8-0c48-4547-8d3c-9a295d994de3: 33 arrays, 0.0 MB stored; 1.4 s; peak memory 179 MiB.
2026-10-09T12:12:44Z INFO [398/1000] 39cc7c35-67dc-4262-83ca-779c81f890f2: 115 arrays, 190.1 MB stored; 4.1 s; peak memory 180 MiB.
2026-10-09T12:12:45Z INFO [399/1000] 39cea97e-a06b-4f45-b1e8-cb811124fc45: 77 arrays, 0.2 MB stored; 2.0 s; peak memory 180 MiB.
2026-10-09T12:12:47Z INFO [400/1000] 39cef1d7-21f0-4cb4-be37-3cff651655a0: 48 arrays, 83.9 MB stored; 1.7 s; peak memory 180 MiB.
2026-10-09T12:12:48Z INFO [400/1000] 39cef1d7-21f0-4cb4-be37-3cff651655a0: checkpointed 400 new records.
2026-10-09T12:12:50Z INFO [401/1000] 39cf3324-e158-4ec5-b26e-939d1b0b62f9: 78 arrays, 353.8 MB stored; 2.8 s; peak memory 235 MiB.
2026-10-09T12:12:50Z INFO [402/1000] 39cabe95-a1ee-4300-a1c4-329bc4a39775: 396 arrays, 24.0 MB stored; 13.2 s; peak memory 235 MiB.
2026-10-09T12:12:52Z INFO [403/1000] 39ced6c7-4d63-44c9-a943-c07d71314ca3: 229 arrays, 375.9 MB stored; 7.9 s; peak memory 235 MiB.
2026-10-09T12:12:54Z INFO [404/1000] 39d0ad69-6d3e-49dd-bc19-1e28d605c1c6: 116 arrays, 0.2 MB stored; 1.9 s; peak memory 235 MiB.
2026-10-09T12:12:56Z INFO [405/1000] 39d0ede0-e732-44b5-9bc1-4d5c299e68f1: 64 arrays, 48.0 MB stored; 2.7 s; peak memory 235 MiB.
2026-10-09T12:12:58Z INFO [406/1000] 39d16655-7b1d-4c93-abe4-508ac9553dae: 37 arrays, 3.6 MB stored; 1.7 s; peak memory 235 MiB.
2026-10-09T12:13:00Z INFO [407/1000] 39b92412-6315-4c56-b67a-ea4890332353: 19828 arrays, 180.2 MB stored; 76.8 s; peak memory 235 MiB.
2026-10-09T12:13:02Z INFO [408/1000] 39d1841b-89e8-47c3-ab77-24caaf2af2d0: 76 arrays, 4.2 MB stored; 2.2 s; peak memory 235 MiB.
2026-10-09T12:13:04Z INFO [409/1000] 39d1bae0-66f2-4ea1-aae0-23c983cadd6b: 118 arrays, 0.2 MB stored; 1.8 s; peak memory 235 MiB.
2026-10-09T12:13:04Z INFO [410/1000] 39d173e2-70cb-4757-9d6b-bb742012e7a1: 156 arrays, 193.5 MB stored; 6.3 s; peak memory 235 MiB.
2026-10-09T12:13:05Z INFO [411/1000] 39d1f830-b883-40ff-aebd-52b7ea0033ff: 37 arrays, 0.0 MB stored; 1.5 s; peak memory 235 MiB.
2026-10-09T12:13:06Z INFO [412/1000] 39cf47c3-0168-4d98-b876-a64969ab94b9: 78 arrays, 33121.9 MB stored; 16.1 s; peak memory 235 MiB.
2026-10-09T12:13:08Z INFO [413/1000] 39d28c06-9e6b-47f6-b48c-4aea4220b65c: 144 arrays, 1.0 MB stored; 3.4 s; peak memory 235 MiB.
2026-10-09T12:13:08Z INFO [414/1000] 39d3a4cf-7df2-4fad-8965-ee5d40b1d102: 118 arrays, 0.4 MB stored; 2.1 s; peak memory 235 MiB.
2026-10-09T12:13:08Z INFO [415/1000] 39d2a364-7cac-44fb-82cd-c7cc85e37d6a: 117 arrays, 25.5 MB stored; 3.1 s; peak memory 235 MiB.
2026-10-09T12:13:10Z INFO [416/1000] 39d451ca-42df-403e-8f6e-4fa3ea3cc11f: 51 arrays, 0.0 MB stored; 1.5 s; peak memory 235 MiB.
2026-10-09T12:13:11Z INFO [417/1000] 39d4488c-a870-4b42-89b0-b05f440ee39b: 57 arrays, 621.0 MB stored; 2.9 s; peak memory 235 MiB.
2026-10-09T12:13:11Z INFO [418/1000] 39d4fcc7-9c00-4cad-99dd-6f0cd68d7c87: 48 arrays, 83.9 MB stored; 1.7 s; peak memory 235 MiB.
2026-10-09T12:13:13Z INFO [419/1000] 39d5a2fd-8fa6-4eaa-83d9-21c9399f9ae0: 112 arrays, 0.5 MB stored; 2.2 s; peak memory 235 MiB.
2026-10-09T12:13:15Z INFO [420/1000] 39d5f89d-5048-4320-9722-4c6317456099: 116 arrays, 9.8 MB stored; 2.1 s; peak memory 235 MiB.
2026-10-09T12:13:16Z INFO [421/1000] 39d5e554-2425-47a7-b8d8-830f833995ec: 213 arrays, 10.3 MB stored; 4.1 s; peak memory 235 MiB.
2026-10-09T12:13:17Z INFO [422/1000] 39d678d6-0bc5-4987-85aa-83555a958fe3: 52 arrays, 10.1 MB stored; 1.8 s; peak memory 235 MiB.
2026-10-09T12:13:18Z INFO [423/1000] 39d66d65-f17c-4e4e-9ba2-7fe9e2a6386d: 71 arrays, 134.2 MB stored; 3.1 s; peak memory 235 MiB.
2026-10-09T12:13:21Z INFO [424/1000] 39d6dcc4-7378-4910-a7ca-8855c117b9ac: 71 arrays, 4.0 MB stored; 2.7 s; peak memory 235 MiB.
2026-10-09T12:13:23Z INFO [425/1000] 39d4c3f4-8ddd-49c3-9826-57f024e1906d: 86 arrays, 22732.4 MB stored; 14.7 s; peak memory 235 MiB.
2026-10-09T12:13:25Z INFO [426/1000] 39d72eb9-3ea4-42b7-93cf-88adbf913feb: 48 arrays, 83.9 MB stored; 1.8 s; peak memory 235 MiB.
2026-10-09T12:13:28Z INFO [427/1000] 39d6c840-ae55-4652-9317-8d22596cfa50: 1177 arrays, 13.7 MB stored; 11.1 s; peak memory 235 MiB.
2026-10-09T12:13:31Z INFO [428/1000] 39d8503e-1411-4510-8b02-a748e808ede3: 71 arrays, 41.6 MB stored; 2.5 s; peak memory 235 MiB.
2026-10-09T12:13:33Z INFO [429/1000] 39d8f319-76ff-4254-998a-3bf32ebd012a: 48 arrays, 83.9 MB stored; 1.7 s; peak memory 235 MiB.
2026-10-09T12:13:36Z INFO [430/1000] 39d96bff-b156-44be-9e1c-45e1033673ca: 64 arrays, 7.5 MB stored; 3.0 s; peak memory 235 MiB.
2026-10-09T12:13:36Z INFO [431/1000] 39d7ca31-1a0b-4ab0-a87f-92001ae442dc: 391 arrays, 77.7 MB stored; 11.5 s; peak memory 235 MiB.
2026-10-09T12:13:37Z INFO [432/1000] 39d97335-0672-4232-86a9-2e6d978ec6ee: 63 arrays, 0.1 MB stored; 1.7 s; peak memory 235 MiB.
2026-10-09T12:13:38Z INFO [433/1000] 39d988f4-1bbf-4a52-bb3b-d869bfc9292e: 48 arrays, 83.9 MB stored; 1.8 s; peak memory 235 MiB.
2026-10-09T12:13:39Z INFO [434/1000] 39d98d04-15e9-4e0c-ae6a-ceda501a63c2: 48 arrays, 83.9 MB stored; 1.7 s; peak memory 235 MiB.
2026-10-09T12:13:41Z INFO [435/1000] 39da1c96-624a-4cee-ace2-090fd294a774: 39 arrays, 5.9 MB stored; 1.8 s; peak memory 235 MiB.
2026-10-09T12:13:42Z INFO [436/1000] 39da629f-0416-4a03-9b89-aa9bfeaaddeb: 46 arrays, 0.2 MB stored; 1.6 s; peak memory 235 MiB.
2026-10-09T12:13:42Z INFO [437/1000] 39da0210-306e-497b-9a03-70bcca365b2d: 44 arrays, 1151.0 MB stored; 4.5 s; peak memory 235 MiB.
2026-10-09T12:13:45Z INFO [438/1000] 39db1d7e-8e07-461a-9d4f-98ec4272591f: 117 arrays, 0.4 MB stored; 2.1 s; peak memory 235 MiB.
2026-10-09T12:13:45Z INFO [439/1000] 39da66d7-1d18-4e97-b0b8-be893d3455b4: 50 arrays, 29.9 MB stored; 2.6 s; peak memory 235 MiB.
2026-10-09T12:13:46Z INFO [440/1000] 399ddcd3-0b0d-4e15-bada-bb5fdf33e5d5: 414 arrays, 22243.5 MB stored; 173.8 s; peak memory 235 MiB.
2026-10-09T12:13:46Z INFO [441/1000] 39db72e6-71cd-42e5-9ed5-b22bf5894133: 41 arrays, 8.4 MB stored; 1.7 s; peak memory 235 MiB.
2026-10-09T12:13:47Z INFO [442/1000] 39db9403-7562-4975-9b5e-1756c7bb75eb: 112 arrays, 0.4 MB stored; 2.3 s; peak memory 235 MiB.
2026-10-09T12:13:48Z INFO [443/1000] 39dbdbe2-ec79-4863-bea1-0db2eae3e171: 49 arrays, 1.0 MB stored; 1.9 s; peak memory 235 MiB.
2026-10-09T12:13:50Z INFO [444/1000] 39dc23f6-89da-4bc1-a1e5-ebc8a49bdc3d: 48 arrays, 83.9 MB stored; 1.7 s; peak memory 235 MiB.
2026-10-09T12:13:50Z INFO [445/1000] 39dbe09c-cffe-47ea-85bb-43dbbdef76bd: 192 arrays, 5.1 MB stored; 3.7 s; peak memory 235 MiB.
2026-10-09T12:13:52Z INFO [446/1000] 39dc9dd8-ed15-4595-83a1-7df33d19ba1f: 48 arrays, 83.9 MB stored; 1.9 s; peak memory 235 MiB.
2026-10-09T12:13:52Z INFO [447/1000] 39dd0bf1-7d43-4a89-8dfe-41fe2af842ec: 48 arrays, 83.9 MB stored; 1.9 s; peak memory 235 MiB.
2026-10-09T12:13:54Z INFO [448/1000] 39ddc97c-9dde-4d98-a5cf-96cdb3903cae: 116 arrays, 0.4 MB stored; 2.2 s; peak memory 235 MiB.
2026-10-09T12:13:56Z INFO [449/1000] 39dd3981-2427-44ce-8a6f-fe7e69bd03b7: 156 arrays, 193.5 MB stored; 4.4 s; peak memory 235 MiB.
2026-10-09T12:13:58Z INFO [450/1000] 39deb56f-a785-4bf7-8b94-2722d5e7c2ed: 48 arrays, 83.9 MB stored; 1.8 s; peak memory 235 MiB.
2026-10-09T12:13:59Z INFO [451/1000] 39dbe708-6363-4165-a1a2-207b03523403: 339 arrays, 48.0 MB stored; 11.7 s; peak memory 235 MiB.
2026-10-09T12:14:00Z INFO [452/1000] 39dee0f5-ea83-44b5-8b4a-28e943bf9160: 48 arrays, 83.9 MB stored; 1.8 s; peak memory 235 MiB.
2026-10-09T12:14:02Z INFO [453/1000] 39de661e-c15c-48c6-a17c-095fad621037: 152 arrays, 423.2 MB stored; 8.1 s; peak memory 235 MiB.
2026-10-09T12:14:03Z INFO [454/1000] 39df9bf3-82a0-4ff4-bc63-83c0bdfd946d: 46 arrays, 1578.8 MB stored; 3.7 s; peak memory 235 MiB.
2026-10-09T12:14:05Z INFO [455/1000] 39e342f4-6b29-4032-9d17-43da1d8bfbf1: 110 arrays, 0.8 MB stored; 2.3 s; peak memory 235 MiB.
2026-10-09T12:14:07Z INFO [456/1000] 39e40deb-0c81-4cc8-a78f-e916a1a80a64: 48 arrays, 83.9 MB stored; 1.7 s; peak memory 235 MiB.
2026-10-09T12:14:07Z INFO [457/1000] 39e0c483-fe7d-494c-aa7d-20907aa7d9db: 542 arrays, 8.5 MB stored; 7.1 s; peak memory 235 MiB.
2026-10-09T12:14:09Z INFO [458/1000] 39d6fbe1-48c1-4055-accd-c907682e06a4: 55 arrays, 1497.6 MB stored; 48.2 s; peak memory 235 MiB.
2026-10-09T12:14:09Z INFO [459/1000] 39e4319c-171c-44fc-8e6e-ec20b53afd7e: 68 arrays, 40.9 MB stored; 2.2 s; peak memory 235 MiB.
2026-10-09T12:14:11Z INFO [460/1000] 39e44e86-1118-4fc5-a68a-34e3e22eff90: 115 arrays, 190.1 MB stored; 3.9 s; peak memory 235 MiB.
2026-10-09T12:14:11Z INFO [461/1000] 39e49fe9-fea0-4159-b5dd-f086fea2df3b: 60 arrays, 0.8 MB stored; 2.1 s; peak memory 235 MiB.
2026-10-09T12:14:12Z INFO [462/1000] 39e2bb9e-813d-4289-8aee-01994f468faf: 928 arrays, 29.4 MB stored; 9.9 s; peak memory 235 MiB.
2026-10-09T12:14:14Z INFO [463/1000] 39e63e8a-9a00-4c7c-aeab-e40e726cdabf: 59 arrays, 99.2 MB stored; 2.3 s; peak memory 235 MiB.
2026-10-09T12:14:15Z INFO [464/1000] 39e59bb2-740b-4a15-9f77-a644d8a1bca8: 163 arrays, 12.0 MB stored; 4.4 s; peak memory 235 MiB.
2026-10-09T12:14:17Z INFO [465/1000] 39e650c5-54e3-4789-be03-0aec2820c0ba: 118 arrays, 0.5 MB stored; 2.2 s; peak memory 235 MiB.
2026-10-09T12:14:18Z INFO [466/1000] 39e524fc-a94d-4809-8728-cd2e910860ef: 318 arrays, 15.2 MB stored; 8.9 s; peak memory 235 MiB.
2026-10-09T12:14:18Z INFO [467/1000] 39ba7171-6cbd-4a1f-921a-3f74bdf5c6f5: 394 arrays, 19746.3 MB stored; 152.1 s; peak memory 235 MiB.
2026-10-09T12:14:18Z INFO [468/1000] 39e7218b-6db2-4c1d-9083-6248d8593a35: 48 arrays, 83.9 MB stored; 1.8 s; peak memory 235 MiB.
2026-10-09T12:14:20Z INFO [469/1000] 39e78ea0-f186-4abe-8e81-4ceab4963435: 46 arrays, 0.0 MB stored; 1.5 s; peak memory 235 MiB.
2026-10-09T12:14:20Z INFO [470/1000] 39e7c253-5a7b-49aa-b0b0-2cc5a53c82b5: 48 arrays, 83.9 MB stored; 1.9 s; peak memory 235 MiB.
2026-10-09T12:14:21Z INFO [471/1000] 39e6b165-188e-4392-bb57-7514abc4f988: 407 arrays, 3.6 MB stored; 5.5 s; peak memory 235 MiB.
2026-10-09T12:14:22Z INFO [472/1000] 39e60385-4d57-4b02-9be2-9f45f9632e86: 614 arrays, 37.0 MB stored; 10.6 s; peak memory 235 MiB.
2026-10-09T12:14:22Z INFO [473/1000] 39e8009d-4668-4a6e-a16b-5c8a49cb6a8b: 97 arrays, 12.9 MB stored; 2.6 s; peak memory 235 MiB.
2026-10-09T12:14:23Z INFO [474/1000] 39e8ab7d-9c20-419a-a050-21b0e866c8ab: 132 arrays, 1.3 MB stored; 2.1 s; peak memory 235 MiB.
2026-10-09T12:14:23Z INFO [475/1000] 39e8b7a0-6288-4983-affe-e69513964496: 41 arrays, 8.4 MB stored; 1.7 s; peak memory 235 MiB.
2026-10-09T12:14:24Z INFO [476/1000] 39e84b28-bd10-466e-8f26-8bc6efc1e114: 119 arrays, 66.3 MB stored; 3.4 s; peak memory 235 MiB.
2026-10-09T12:14:24Z INFO [477/1000] 39e951fe-433f-4972-8b2b-f68b4910f34f: 117 arrays, 0.4 MB stored; 2.2 s; peak memory 235 MiB.
2026-10-09T12:14:25Z INFO [478/1000] 39ea3979-914e-449c-88bf-6da63f3b626d: 117 arrays, 0.4 MB stored; 2.1 s; peak memory 235 MiB.
2026-10-09T12:14:26Z INFO [479/1000] 39e9701b-b191-4128-8f1a-67dd5dd49c13: 115 arrays, 190.1 MB stored; 3.6 s; peak memory 235 MiB.
2026-10-09T12:14:27Z INFO [480/1000] 39ea5f18-6d02-4cd5-b966-b45a0d2d7293: 45 arrays, 650.0 MB stored; 2.6 s; peak memory 235 MiB.
2026-10-09T12:14:27Z INFO [481/1000] 39ea6068-e2ab-4e0e-b3ab-5b87cee5024b: 117 arrays, 0.3 MB stored; 1.9 s; peak memory 235 MiB.
2026-10-09T12:14:28Z INFO [482/1000] 39eb2220-794e-4aea-b27e-488ba9b344be: 84 arrays, 0.5 MB stored; 2.1 s; peak memory 235 MiB.
2026-10-09T12:14:29Z INFO [483/1000] 39eb3ad2-b11c-479b-bc44-335e61822bf6: 90 arrays, 0.3 MB stored; 2.0 s; peak memory 235 MiB.
2026-10-09T12:14:30Z INFO [484/1000] 39ecbe4e-1fea-4cf4-91cb-342477456f9c: 71 arrays, 2.8 MB stored; 2.5 s; peak memory 235 MiB.
2026-10-09T12:14:32Z INFO [485/1000] 39ea533b-f9c6-4f09-918c-7b96bc019001: 534 arrays, 7.6 MB stored; 8.2 s; peak memory 235 MiB.
2026-10-09T12:14:32Z INFO [486/1000] 39edb4f2-7da4-45d5-99b4-f3e599bfc5f0: 52 arrays, 626.5 MB stored; 2.2 s; peak memory 235 MiB.
2026-10-09T12:14:34Z INFO [487/1000] 39eec49a-8cd5-43ca-b1f9-02fa5807fa24: 48 arrays, 83.9 MB stored; 1.8 s; peak memory 235 MiB.
2026-10-09T12:14:35Z INFO [488/1000] 39ed8c09-38bc-4203-9e66-a3ae08134603: 391 arrays, 3.8 MB stored; 6.0 s; peak memory 235 MiB.
2026-10-09T12:14:36Z INFO [489/1000] 39ef5318-2bb1-4af7-931b-f61979cc046d: 117 arrays, 0.3 MB stored; 1.9 s; peak memory 235 MiB.
2026-10-09T12:14:36Z INFO [490/1000] 39edd7af-aa5d-4d61-a47a-28919f0a02e3: 80 arrays, 376.8 MB stored; 4.4 s; peak memory 235 MiB.
2026-10-09T12:14:37Z INFO [491/1000] 39ef8972-20aa-4087-a00e-58f30ace1271: 117 arrays, 0.5 MB stored; 2.1 s; peak memory 235 MiB.
2026-10-09T12:14:37Z INFO [492/1000] 39ef8d95-1236-41fb-b3b2-95b308aa746f: 48 arrays, 83.9 MB stored; 1.6 s; peak memory 235 MiB.
2026-10-09T12:14:38Z INFO [493/1000] 39efbe74-d265-4212-b8ae-bfae026aeece: 52 arrays, 16.8 MB stored; 2.0 s; peak memory 235 MiB.
2026-10-09T12:14:39Z INFO [494/1000] 39efcc67-c3a8-40d2-a1ac-212ef1b39410: 117 arrays, 0.4 MB stored; 2.0 s; peak memory 235 MiB.
2026-10-09T12:14:39Z INFO [495/1000] 39efd296-ab26-43da-bff6-5ae5a57634ed: 48 arrays, 83.9 MB stored; 1.6 s; peak memory 235 MiB.
2026-10-09T12:14:41Z INFO [496/1000] 39ed55d4-1b6f-44de-9f68-339ec2a0e8bd: 715 arrays, 23.5 MB stored; 12.3 s; peak memory 235 MiB.
2026-10-09T12:14:41Z INFO [497/1000] 39f1d221-6837-473b-8c35-7d6b0dc1432b: 118 arrays, 0.5 MB stored; 2.0 s; peak memory 235 MiB.
2026-10-09T12:14:43Z INFO [498/1000] 39f338f9-4a1f-4b1f-a24d-cae41b14aede: 117 arrays, 0.3 MB stored; 1.9 s; peak memory 235 MiB.
2026-10-09T12:14:45Z INFO [499/1000] 39f3655b-e146-48bf-bb47-d6ec881cec57: 66 arrays, 21.9 MB stored; 2.3 s; peak memory 235 MiB.
2026-10-09T12:14:46Z INFO [500/1000] 39f04d02-e921-47b2-a7af-0337aaf7d98f: 229 arrays, 239.1 MB stored; 7.4 s; peak memory 235 MiB.
2026-10-09T12:14:47Z INFO [501/1000] 39f3bd7e-84b5-4d05-bf25-40aba5bc2697: 110 arrays, 0.3 MB stored; 2.1 s; peak memory 235 MiB.
2026-10-09T12:14:49Z INFO [502/1000] 39f3e291-d048-45e3-940b-63051bc8d1c9: 48 arrays, 83.9 MB stored; 1.7 s; peak memory 235 MiB.
2026-10-09T12:14:51Z INFO [503/1000] 39f4320b-acdf-4cf5-a699-da698b168803: 49 arrays, 709.3 MB stored; 2.3 s; peak memory 235 MiB.
2026-10-09T12:14:53Z INFO [504/1000] 39f5a793-1cba-481b-a9ed-f642614d9641: 117 arrays, 0.4 MB stored; 2.0 s; peak memory 235 MiB.
2026-10-09T12:14:56Z INFO [505/1000] 39f22acb-f4cc-410b-9204-e07991fef8a1: 1008 arrays, 38.7 MB stored; 15.0 s; peak memory 235 MiB.
2026-10-09T12:14:57Z INFO [506/1000] 39f638be-bb27-4e29-af57-cfcef6077c44: 48 arrays, 83.9 MB stored; 1.7 s; peak memory 235 MiB.
2026-10-09T12:14:58Z INFO [507/1000] 39f3c38f-81a2-4cad-9c9d-d4fdf472d8cb: 391 arrays, 77.9 MB stored; 12.3 s; peak memory 235 MiB.
2026-10-09T12:14:59Z INFO [508/1000] 39f7a00a-a8c5-4f43-9ec7-77cc58035f5f: 62 arrays, 4638.9 MB stored; 2.1 s; peak memory 235 MiB.
2026-10-09T12:15:02Z INFO [509/1000] 39f81207-ae58-4061-a5a9-c5fdd8c8de4b: 115 arrays, 190.1 MB stored; 3.6 s; peak memory 235 MiB.
2026-10-09T12:15:02Z INFO [510/1000] 39f9a720-7e0f-4a61-b16d-688163889d04: 71 arrays, 2.8 MB stored; 2.2 s; peak memory 235 MiB.
2026-10-09T12:15:02Z INFO [511/1000] 39f5bf1f-f0c7-446e-ad7f-968c2c958e38: 56 arrays, 92.0 MB stored; 9.0 s; peak memory 235 MiB.
2026-10-09T12:15:04Z INFO [512/1000] 39f9e7c7-38d5-47c5-8ea4-8ad6287e0467: 48 arrays, 83.9 MB stored; 1.8 s; peak memory 235 MiB.
2026-10-09T12:15:04Z INFO [513/1000] 39f9c078-bffc-483a-a01b-1d2a0f77c6b6: 117 arrays, 0.2 MB stored; 2.1 s; peak memory 235 MiB.
2026-10-09T12:15:05Z INFO [514/1000] 39fa842f-4f2d-4d58-b330-e7254911cfbe: 130 arrays, 0.3 MB stored; 1.8 s; peak memory 235 MiB.
2026-10-09T12:15:06Z INFO [515/1000] 39fb9000-bf03-4e91-9314-53991a1b3706: 290 arrays, 1.2 MB stored; 2.7 s; peak memory 235 MiB.
2026-10-09T12:15:13Z INFO [516/1000] 39fc2917-72f6-4b92-babf-116608e8c048: 229 arrays, 375.0 MB stored; 7.4 s; peak memory 235 MiB.
2026-10-09T12:15:14Z INFO [517/1000] 39fc683a-a3bb-4579-b085-f14f82fdda4c: 35 arrays, 0.0 MB stored; 1.4 s; peak memory 235 MiB.
2026-10-09T12:15:15Z INFO [518/1000] 39fc5cbc-cd7a-4ae1-a1e9-dfe660a89474: 194 arrays, 447.9 MB stored; 8.8 s; peak memory 235 MiB.
2026-10-09T12:15:17Z INFO [519/1000] 39fc9690-34aa-450f-b1b4-aa4b745297c0: 48 arrays, 83.9 MB stored; 1.7 s; peak memory 235 MiB.
2026-10-09T12:15:20Z INFO [520/1000] 39fcb12b-1648-4d62-9da7-3faff23fdecc: 168 arrays, 3.2 MB stored; 3.5 s; peak memory 235 MiB.
2026-10-09T12:15:23Z INFO [521/1000] 39fcf0e8-d9f0-41ee-9319-e7efd41e3494: 117 arrays, 0.2 MB stored; 2.1 s; peak memory 235 MiB.
2026-10-09T12:15:24Z INFO [522/1000] 39fc829d-352d-4561-bab9-e8260d83efb8: 691 arrays, 16.9 MB stored; 9.5 s; peak memory 235 MiB.
2026-10-09T12:15:24Z INFO [523/1000] 39fcf93f-7f03-4e95-83c5-a139d3301fba: 48 arrays, 83.9 MB stored; 1.8 s; peak memory 235 MiB.
2026-10-09T12:15:27Z INFO [524/1000] 39fe172b-bc45-4074-97bd-5123d2aaf892: 116 arrays, 0.4 MB stored; 2.2 s; peak memory 235 MiB.
2026-10-09T12:15:28Z INFO [525/1000] 39fd6f76-1ff4-409a-bee6-4e3209a887a9: 115 arrays, 190.1 MB stored; 3.9 s; peak memory 235 MiB.
2026-10-09T12:15:29Z INFO [526/1000] 39fe76bc-0875-4908-9b57-b5f3c91aaa74: 108 arrays, 491.7 MB stored; 2.6 s; peak memory 235 MiB.
2026-10-09T12:15:32Z INFO [527/1000] 39fea95d-accf-445d-a67a-ec44be14b942: 71 arrays, 48.8 MB stored; 2.4 s; peak memory 235 MiB.
2026-10-09T12:15:32Z INFO [528/1000] 39fe880f-62bd-4a68-bcc9-1b2e5363af58: 156 arrays, 193.5 MB stored; 4.3 s; peak memory 235 MiB.
2026-10-09T12:15:33Z INFO [529/1000] 39fed117-10d9-4824-9d12-8b222fabe599: 48 arrays, 83.9 MB stored; 1.7 s; peak memory 235 MiB.
2026-10-09T12:15:33Z INFO [530/1000] 39fed596-0fda-44de-8eaa-2e048b2d1158: 53 arrays, 0.1 MB stored; 1.6 s; peak memory 235 MiB.
2026-10-09T12:15:35Z INFO [531/1000] 39fef9e9-068d-4fc3-857e-6c6f1bc8d734: 48 arrays, 83.9 MB stored; 1.8 s; peak memory 235 MiB.
2026-10-09T12:15:35Z INFO [532/1000] 39ff666e-17ca-4ae3-b26e-2ec739400b4e: 116 arrays, 0.3 MB stored; 2.0 s; peak memory 235 MiB.
2026-10-09T12:15:37Z INFO [533/1000] 39ffa9bf-afde-41e6-a9fc-1a5a7ebc8b2b: 76 arrays, 4.8 MB stored; 2.4 s; peak memory 235 MiB.
2026-10-09T12:15:37Z INFO [534/1000] 39ffde0f-0cac-4def-9d1e-d8f04c8daef4: 118 arrays, 0.2 MB stored; 2.0 s; peak memory 235 MiB.
2026-10-09T12:15:40Z INFO [535/1000] 3a00b1f6-4ad6-4982-94bd-cb268f77bb80: 112 arrays, 0.7 MB stored; 2.3 s; peak memory 235 MiB.
2026-10-09T12:15:41Z INFO [536/1000] 3a016550-8276-479d-ada6-feec5b014207: 48 arrays, 83.9 MB stored; 1.7 s; peak memory 235 MiB.
2026-10-09T12:15:44Z INFO [537/1000] 3a01acae-fdf8-4182-b29b-d3d307609dc0: 42 arrays, 1.9 MB stored; 2.2 s; peak memory 235 MiB.
2026-10-09T12:15:44Z INFO [538/1000] 39fa5374-bb0a-47d7-ae32-41a66b169353: 318 arrays, 345.0 MB stored; 41.5 s; peak memory 235 MiB.
2026-10-09T12:15:45Z INFO [539/1000] 3a0047ff-734b-48ea-8b73-b3abdc0b89ca: 216 arrays, 12.0 MB stored; 7.2 s; peak memory 235 MiB.
2026-10-09T12:15:46Z INFO [540/1000] 3a020379-65b5-477b-8107-de149b7a256d: 48 arrays, 83.9 MB stored; 1.9 s; peak memory 235 MiB.
2026-10-09T12:15:46Z INFO [541/1000] 3a0358ff-0080-4f4c-8ad2-c4914deedca5: 48 arrays, 83.9 MB stored; 1.7 s; peak memory 235 MiB.
2026-10-09T12:15:47Z INFO [542/1000] 3a0451a0-108c-4588-9332-fe899b374b3a: 102 arrays, 13.8 MB stored; 2.5 s; peak memory 235 MiB.
2026-10-09T12:15:48Z INFO [543/1000] 3a050fa0-49d8-4584-999f-697c3d79fe80: 117 arrays, 0.3 MB stored; 2.0 s; peak memory 235 MiB.
2026-10-09T12:15:50Z INFO [544/1000] 3a07ecbb-8091-4ac4-b923-161d1c772245: 77 arrays, 0.0 MB stored; 2.0 s; peak memory 235 MiB.
2026-10-09T12:15:52Z INFO [545/1000] 3a082845-4130-4fed-b6f7-4c17fe9a7d17: 112 arrays, 0.6 MB stored; 2.3 s; peak memory 235 MiB.
2026-10-09T12:15:54Z INFO [546/1000] 3a07d259-9f8f-42e9-a86b-a92e2e6bb8ff: 229 arrays, 234.7 MB stored; 6.7 s; peak memory 235 MiB.
2026-10-09T12:15:55Z INFO [547/1000] 3a0870a6-81ea-4cfd-acf5-78e591017628: 56 arrays, 0.0 MB stored; 1.5 s; peak memory 235 MiB.
2026-10-09T12:15:57Z INFO [548/1000] 3a0942b3-87f8-4aa7-8300-2d7b5c4c7954: 48 arrays, 83.9 MB stored; 1.9 s; peak memory 235 MiB.
2026-10-09T12:16:00Z INFO [549/1000] 3a09d5f9-49b3-43e3-954c-ef4856ee799d: 58 arrays, 1607.0 MB stored; 2.5 s; peak memory 235 MiB.
2026-10-09T12:16:02Z INFO [550/1000] 3a0a825d-5612-44ce-a649-063fb656b76b: 52 arrays, 27.4 MB stored; 2.0 s; peak memory 235 MiB.
2026-10-09T12:16:06Z INFO [551/1000] 3a0afc62-39eb-49cd-9859-cb07ce0a7b5f: 156 arrays, 193.5 MB stored; 4.6 s; peak memory 235 MiB.
2026-10-09T12:16:09Z INFO [552/1000] 3a0b7251-5c47-4316-a6a9-c28ccb770760: 112 arrays, 0.6 MB stored; 2.3 s; peak memory 235 MiB.
2026-10-09T12:16:15Z INFO [553/1000] 3a0b8124-eed9-45ff-bccb-71ee96cec69e: 229 arrays, 257.4 MB stored; 6.6 s; peak memory 235 MiB.
2026-10-09T12:16:33Z INFO [554/1000] 3a0ba04a-a440-489c-bd39-60beb6a032e7: 41 arrays, 299.7 MB stored; 17.6 s; peak memory 235 MiB.
2026-10-09T12:16:34Z INFO [555/1000] 3a0c42dd-5f04-41b0-bc72-1c8eafaf8701: 48 arrays, 83.9 MB stored; 1.7 s; peak memory 235 MiB.
2026-10-09T12:16:36Z INFO [556/1000] 3a0c55e0-4916-412b-8d74-8c50f90f1469: 38 arrays, 0.5 MB stored; 1.7 s; peak memory 235 MiB.
2026-10-09T12:16:44Z INFO [557/1000] 3a0c98df-384e-4806-90be-d68f619e45e8: 538 arrays, 7.8 MB stored; 8.3 s; peak memory 235 MiB.
2026-10-09T12:16:46Z INFO [558/1000] 3a0ca0e6-ed84-4af3-aa51-d816d0652605: 48 arrays, 83.9 MB stored; 1.8 s; peak memory 235 MiB.
2026-10-09T12:16:49Z INFO [559/1000] 3a0d517e-3436-41e3-b63e-73ca7312e9a9: 62 arrays, 3022.1 MB stored; 2.3 s; peak memory 235 MiB.
2026-10-09T12:16:59Z INFO [560/1000] 3a0de01f-b827-41de-b160-abbd7a348700: 11477 arrays, 120.7 MB stored; 10.7 s; peak memory 241 MiB.
2026-10-09T12:17:01Z INFO [561/1000] 3a0df6a6-cadd-405e-9019-4cf7c5a73f58: 33 arrays, 0.0 MB stored; 1.4 s; peak memory 241 MiB.
2026-10-09T12:17:02Z INFO [562/1000] 3a0e9a7e-2f48-454c-a5ae-dd6889e73799: 38 arrays, 0.5 MB stored; 1.6 s; peak memory 242 MiB.
2026-10-09T12:17:05Z INFO [563/1000] 3a0fe6b4-f5c7-4f0c-b720-189c9ef9ffbc: 77 arrays, 0.7 MB stored; 2.2 s; peak memory 242 MiB.
2026-10-09T12:17:06Z INFO [564/1000] 3a103851-22e1-4d7f-b952-a0355ea40171: 48 arrays, 83.9 MB stored; 1.7 s; peak memory 242 MiB.
2026-10-09T12:17:13Z INFO [565/1000] 395f193c-cd06-4a69-b2e1-89a71218178a: 1387 arrays, 7351.9 MB stored; 527.5 s; peak memory 243 MiB.
2026-10-09T12:17:15Z INFO [566/1000] 3a111e42-eebc-42af-84ce-d95874be82b6: 48 arrays, 83.9 MB stored; 1.8 s; peak memory 243 MiB.
2026-10-09T12:17:20Z INFO [567/1000] 3a1149dd-f90e-48e0-a5db-5a3b85212604: 182 arrays, 241.4 MB stored; 5.6 s; peak memory 243 MiB.
2026-10-09T12:17:22Z INFO [568/1000] 3a1153f2-f898-45aa-85bb-ff459d106739: 48 arrays, 83.9 MB stored; 1.7 s; peak memory 243 MiB.
2026-10-09T12:17:24Z INFO [569/1000] 3a11cf8e-cb30-43c7-a935-91108c792db8: 48 arrays, 83.9 MB stored; 1.8 s; peak memory 243 MiB.
2026-10-09T12:17:25Z INFO [570/1000] 3a12ba3b-572d-4cec-a612-cf74cfa98e21: 37 arrays, 0.0 MB stored; 1.4 s; peak memory 243 MiB.
2026-10-09T12:17:27Z INFO [571/1000] 3a12df99-d477-47a6-a344-1d9c2f1706eb: 112 arrays, 0.4 MB stored; 2.0 s; peak memory 244 MiB.
2026-10-09T12:17:29Z INFO [572/1000] 3a13b59f-f9fc-4a6d-9bf9-fb065f051a14: 116 arrays, 0.4 MB stored; 2.1 s; peak memory 244 MiB.
2026-10-09T12:17:31Z INFO [573/1000] 3a13cc91-c78f-4fce-bb1c-7880cca15d6b: 56 arrays, 0.0 MB stored; 1.5 s; peak memory 244 MiB.
2026-10-09T12:17:33Z INFO [574/1000] 3a13d050-a96a-4ef0-b6ca-932018872620: 70 arrays, 0.7 MB stored; 2.2 s; peak memory 244 MiB.
2026-10-09T12:17:53Z INFO [575/1000] 3a14297f-217e-444f-83e3-da3d28881ffe: 1502 arrays, 36.4 MB stored; 19.8 s; peak memory 245 MiB.
2026-10-09T12:18:04Z INFO [576/1000] 3a148d6f-7caa-401c-b459-0992ea43bfe7: 106 arrays, 13050.8 MB stored; 11.0 s; peak memory 245 MiB.
2026-10-09T12:18:04Z INFO [577/1000] 3a10767b-f22e-41c8-9a85-25e0db16c66f: 55 arrays, 2297.8 MB stored; 58.0 s; peak memory 245 MiB.
2026-10-09T12:18:07Z INFO [578/1000] 3a153a97-7f66-4938-b5dc-a59a190efbc1: 112 arrays, 0.7 MB stored; 2.3 s; peak memory 246 MiB.
2026-10-09T12:18:08Z INFO [579/1000] 3a156814-7ea9-4421-928b-22bfd06c8a7f: 48 arrays, 83.9 MB stored; 1.8 s; peak memory 246 MiB.
2026-10-09T12:18:10Z INFO [580/1000] 3a158381-85cf-4394-ab90-ce9121267b59: 50 arrays, 0.8 MB stored; 1.6 s; peak memory 246 MiB.
2026-10-09T12:18:10Z INFO [581/1000] 3a04e8a3-e01e-4d44-8767-c7f8c369aa59: 18711 arrays, 1278.2 MB stored; 144.9 s; peak memory 265 MiB.
2026-10-09T12:18:11Z INFO [582/1000] 3a14b870-95ab-4efa-98ee-7c1d7fba866f: 238 arrays, 77.6 MB stored; 7.4 s; peak memory 265 MiB.
2026-10-09T12:18:12Z INFO [583/1000] 3a160cd0-40d8-4883-b338-1269f2d6276c: 63 arrays, 0.1 MB stored; 1.7 s; peak memory 265 MiB.
2026-10-09T12:18:14Z INFO [584/1000] 3a16be07-e456-48e6-ae1c-3cfe5e7c6c04: 48 arrays, 83.9 MB stored; 1.7 s; peak memory 265 MiB.
2026-10-09T12:18:14Z INFO [585/1000] 3a165c6b-c5ad-48c0-a54d-b9f337542317: 49 arrays, 653.9 MB stored; 3.1 s; peak memory 265 MiB.
2026-10-09T12:18:15Z INFO [586/1000] 3a1705d0-4eb0-4ec2-8261-aa3e82992ae0: 45 arrays, 0.0 MB stored; 1.5 s; peak memory 265 MiB.
2026-10-09T12:18:16Z INFO [587/1000] 3a17ad11-aeda-4dcd-86fa-a3080715cb6c: 51 arrays, 4811.9 MB stored; 2.3 s; peak memory 265 MiB.
2026-10-09T12:18:17Z INFO [588/1000] 3a183baf-83b3-465e-89b6-a2a672a4a8de: 72 arrays, 39.2 MB stored; 1.9 s; peak memory 265 MiB.
2026-10-09T12:18:18Z INFO [589/1000] 3a1865ba-24c4-477c-ac96-bb4936460e49: 38 arrays, 0.5 MB stored; 1.7 s; peak memory 265 MiB.
2026-10-09T12:18:20Z INFO [590/1000] 3a1a877d-6e09-4ab0-bf6e-c531de87692e: 50 arrays, 90.7 MB stored; 1.8 s; peak memory 265 MiB.
2026-10-09T12:18:22Z INFO [591/1000] 3a1a9b1b-dacf-4c48-932b-cabc4090e264: 52 arrays, 10.7 MB stored; 1.9 s; peak memory 265 MiB.
2026-10-09T12:18:26Z INFO [592/1000] 3a086f60-bba0-4578-b727-527ff5946225: 260 arrays, 19750.6 MB stored; 154.0 s; peak memory 265 MiB.
2026-10-09T12:18:28Z INFO [593/1000] 3a1a9fea-e56e-4f97-944f-93d384d0a1c2: 204 arrays, 66.6 MB stored; 6.2 s; peak memory 266 MiB.
2026-10-09T12:18:30Z INFO [594/1000] 3a1b3bdc-71ad-4715-9fcb-120a8a9f7029: 77 arrays, 0.2 MB stored; 2.2 s; peak memory 266 MiB.
2026-10-09T12:18:33Z INFO [595/1000] 3a1b92d3-8bdf-49d3-bfd2-57fffd625d7d: 112 arrays, 0.7 MB stored; 2.5 s; peak memory 266 MiB.
2026-10-09T12:18:34Z INFO [596/1000] 3a1b9319-4cd5-40a0-b80f-5c660d4a510c: 46 arrays, 0.1 MB stored; 1.4 s; peak memory 266 MiB.
2026-10-09T12:18:46Z INFO [597/1000] 3a1b08e7-1908-4aa5-a4ac-b727f2a37f9f: 41 arrays, 570.5 MB stored; 19.8 s; peak memory 266 MiB.
2026-10-09T12:18:49Z INFO [598/1000] 3a1bb56c-861a-4e78-a45e-ebe824bada48: 71 arrays, 4.2 MB stored; 2.8 s; peak memory 266 MiB.
2026-10-09T12:18:51Z INFO [599/1000] 3a1bd1a6-ed35-4e44-a34e-2c5350ed8f9d: 69 arrays, 59.9 MB stored; 2.4 s; peak memory 266 MiB.
2026-10-09T12:18:53Z INFO [600/1000] 3a1bb120-e5e6-4d11-92e6-4b666ec3bb6d: 841 arrays, 23.2 MB stored; 19.3 s; peak memory 267 MiB.
2026-10-09T12:18:54Z INFO [600/1000] 3a1bb120-e5e6-4d11-92e6-4b666ec3bb6d: checkpointed 600 new records.
2026-10-09T12:18:55Z INFO [601/1000] 3a1be18d-7638-4af6-8e1a-7787e26dde37: 156 arrays, 193.5 MB stored; 4.3 s; peak memory 368 MiB.
2026-10-09T12:18:56Z INFO [602/1000] 3a1c17a2-062b-4732-86e7-25f5609ce3dd: 112 arrays, 0.5 MB stored; 2.5 s; peak memory 368 MiB.
2026-10-09T12:18:58Z INFO [603/1000] 3a1c590f-f11c-4b4f-855d-a206418c7c7a: 117 arrays, 0.3 MB stored; 1.9 s; peak memory 368 MiB.
2026-10-09T12:19:05Z INFO [604/1000] 3a15e5fa-f2db-4f3e-a362-9f46d709229f: 52 arrays, 2114.6 MB stored; 54.7 s; peak memory 368 MiB.
2026-10-09T12:19:05Z INFO [605/1000] 3a1c6453-d635-4d0d-822f-8ed7ac2ad26d: 174 arrays, 86.8 MB stored; 7.4 s; peak memory 368 MiB.
2026-10-09T12:19:07Z INFO [606/1000] 3a1c4452-8671-44de-901e-ad02682127ab: 11477 arrays, 207.2 MB stored; 11.5 s; peak memory 368 MiB.
2026-10-09T12:19:07Z INFO [607/1000] 3a1c8900-c943-4cd5-b887-2ab43a1538ef: 117 arrays, 0.5 MB stored; 2.2 s; peak memory 368 MiB.
2026-10-09T12:19:07Z INFO [608/1000] 3a1d822b-54f7-4b55-a060-49c55e7a1a37: 118 arrays, 0.3 MB stored; 1.9 s; peak memory 368 MiB.
2026-10-09T12:19:09Z INFO [609/1000] 3a1e2032-d3cf-466d-b560-be17793f7c41: 117 arrays, 0.5 MB stored; 2.3 s; peak memory 368 MiB.
2026-10-09T12:19:09Z INFO [610/1000] 3a1e41ae-c902-4c24-b42c-559f22a3c7dc: 112 arrays, 0.7 MB stored; 2.4 s; peak memory 368 MiB.
2026-10-09T12:19:10Z INFO [611/1000] 3a1db012-ebe5-441b-aa3b-f1fbd1c3db38: 71 arrays, 164.8 MB stored; 3.6 s; peak memory 368 MiB.
2026-10-09T12:19:11Z INFO [612/1000] 3a1e8bbc-a0fd-40db-b2ac-6e635184fcc5: 38 arrays, 0.5 MB stored; 1.7 s; peak memory 368 MiB.
2026-10-09T12:19:12Z INFO [613/1000] 3a1f182e-80e6-4611-8043-bad03f78e60d: 48 arrays, 0.0 MB stored; 1.5 s; peak memory 368 MiB.
2026-10-09T12:19:14Z INFO [614/1000] 3a206449-42de-40b3-8ef1-e47dbabd5a06: 116 arrays, 0.2 MB stored; 2.0 s; peak memory 368 MiB.
2026-10-09T12:19:16Z INFO [615/1000] 3a211d88-f322-4e61-832a-95229422adc8: 48 arrays, 83.9 MB stored; 1.8 s; peak memory 368 MiB.
2026-10-09T12:19:16Z INFO [616/1000] 3a1ea327-6e71-4222-8cf7-87df2579af0a: 225 arrays, 240.9 MB stored; 6.3 s; peak memory 368 MiB.
2026-10-09T12:19:16Z INFO [617/1000] 3a203df5-9e83-4f9e-8d05-c267d80e8488: 389 arrays, 3.4 MB stored; 5.4 s; peak memory 368 MiB.
2026-10-09T12:19:17Z INFO [618/1000] 3a212bbf-2730-4542-a67b-6b5d58cdf967: 48 arrays, 83.9 MB stored; 1.7 s; peak memory 368 MiB.
2026-10-09T12:19:17Z INFO [619/1000] 3a218f82-4903-4641-8cdf-d0e0f5d24427: 48 arrays, 83.9 MB stored; 1.7 s; peak memory 368 MiB.
2026-10-09T12:19:18Z INFO [620/1000] 3a22b48a-1cc3-4fc9-be15-0a51d6969977: 48 arrays, 83.9 MB stored; 1.8 s; peak memory 368 MiB.
2026-10-09T12:19:20Z INFO [621/1000] 3a243f39-6898-43a4-ac34-df583a62af6e: 46 arrays, 2067.3 MB stored; 2.2 s; peak memory 368 MiB.
2026-10-09T12:19:20Z INFO [622/1000] 3a244960-c265-4ea9-abbf-12ab22c1c125: 48 arrays, 83.9 MB stored; 1.8 s; peak memory 368 MiB.
2026-10-09T12:19:20Z INFO [623/1000] 3a23520e-a741-4743-a1cd-a77207f16576: 66 arrays, 78.0 MB stored; 2.9 s; peak memory 368 MiB.
2026-10-09T12:19:21Z INFO [624/1000] 3a1a3137-c075-45e1-a04d-aeb025d8aa36: 816 arrays, 307.7 MB stored; 64.0 s; peak memory 368 MiB.
2026-10-09T12:19:22Z INFO [625/1000] 3a24d3eb-ccdc-45d6-95b6-20132f254fb1: 48 arrays, 83.9 MB stored; 1.8 s; peak memory 368 MiB.
2026-10-09T12:19:22Z INFO [626/1000] 3a249705-6114-4ce3-b510-6f2387e4c0dc: 62 arrays, 4676.9 MB stored; 2.2 s; peak memory 368 MiB.
2026-10-09T12:19:22Z INFO [627/1000] 3a2458c4-dd12-487a-a46e-9031c7b0d915: 45 arrays, 648.0 MB stored; 2.6 s; peak memory 368 MiB.
2026-10-09T12:19:24Z INFO [628/1000] 3a24d75f-4c46-4323-8db4-e9aee48dfedf: 76 arrays, 4.7 MB stored; 2.6 s; peak memory 368 MiB.
2026-10-09T12:19:25Z INFO [629/1000] 3a251df4-077f-442e-bd66-16088bcd3a0b: 38 arrays, 29.6 MB stored; 3.2 s; peak memory 368 MiB.
2026-10-09T12:19:26Z INFO [630/1000] 3a25ad3a-9a24-4355-9b7d-ead278dbba51: 112 arrays, 0.6 MB stored; 2.4 s; peak memory 368 MiB.
2026-10-09T12:19:28Z INFO [631/1000] 3a25df85-45d3-4755-8087-87b2bb4aabaa: 49 arrays, 0.0 MB stored; 1.4 s; peak memory 368 MiB.
2026-10-09T12:19:28Z INFO [632/1000] 3a25c0e9-ef67-4690-9e86-3967efefb143: 112 arrays, 1.0 MB stored; 2.7 s; peak memory 368 MiB.
2026-10-09T12:19:29Z INFO [633/1000] 3a26465e-edee-4fdc-89a2-3a3d6b6d1fdc: 46 arrays, 0.2 MB stored; 1.6 s; peak memory 368 MiB.
2026-10-09T12:19:29Z INFO [634/1000] 3a251057-b8c4-492d-bc57-73da3aef27eb: 229 arrays, 669.6 MB stored; 7.3 s; peak memory 368 MiB.
2026-10-09T12:19:30Z INFO [635/1000] 3a266272-d7d5-4c00-9b0a-5ecff4313d2b: 118 arrays, 0.3 MB stored; 2.0 s; peak memory 368 MiB.
2026-10-09T12:19:32Z INFO [636/1000] 3a2706c2-d498-424e-a0ac-a74cfb818642: 62 arrays, 3055.1 MB stored; 2.3 s; peak memory 368 MiB.
2026-10-09T12:19:34Z INFO [637/1000] 3a273c8b-ba46-4d5e-973a-2645ed23a9d4: 84 arrays, 414.4 MB stored; 4.3 s; peak memory 368 MiB.
2026-10-09T12:19:38Z INFO [638/1000] 3a2536f8-6e6c-4c59-8fc8-5021ff6588fe: 890 arrays, 21.6 MB stored; 15.3 s; peak memory 368 MiB.
2026-10-09T12:19:38Z INFO [639/1000] 3a27417b-3a48-40a9-a108-c404e099d01f: 92 arrays, 125.4 MB stored; 6.5 s; peak memory 368 MiB.
2026-10-09T12:19:39Z INFO [640/1000] 3a284b45-4404-4cc8-b423-57552497a88c: 48 arrays, 83.9 MB stored; 1.8 s; peak memory 368 MiB.
2026-10-09T12:19:41Z INFO [641/1000] 3a2901dd-39af-4efc-bde6-97ea04c0ed3c: 46 arrays, 0.4 MB stored; 1.8 s; peak memory 368 MiB.
2026-10-09T12:19:42Z INFO [642/1000] 3a2824bc-18d1-44a8-8afa-487c915239aa: 238 arrays, 77.5 MB stored; 7.3 s; peak memory 368 MiB.
2026-10-09T12:19:43Z INFO [643/1000] 3a29280f-75db-4631-8930-8a8611798e0c: 48 arrays, 83.9 MB stored; 1.7 s; peak memory 368 MiB.
2026-10-09T12:19:44Z INFO [644/1000] 3a2a8124-eff9-4bdf-909a-4325bf525879: 117 arrays, 0.4 MB stored; 2.2 s; peak memory 368 MiB.
2026-10-09T12:19:46Z INFO [645/1000] 39e743af-7e1f-4d30-ab61-a57763fc71db: 870 arrays, 4504.2 MB stored; 327.8 s; peak memory 368 MiB.
2026-10-09T12:19:49Z INFO [646/1000] 3a2c8eb0-3c2c-42b3-8310-182078cce62e: 70 arrays, 111.3 MB stored; 3.1 s; peak memory 368 MiB.
2026-10-09T12:19:50Z INFO [647/1000] 3a2cbfab-315e-42df-bb17-28a33880f0ce: 48 arrays, 83.9 MB stored; 1.7 s; peak memory 368 MiB.
2026-10-09T12:19:54Z INFO [648/1000] 3a2ccdb6-d68a-4311-bd31-bccfd62b64c9: 117 arrays, 26.8 MB stored; 3.6 s; peak memory 368 MiB.
2026-10-09T12:19:54Z INFO [649/1000] 3a2b5ab9-748c-4a53-8314-781a0b66cb05: 339 arrays, 48.0 MB stored; 11.3 s; peak memory 368 MiB.
2026-10-09T12:19:56Z INFO [650/1000] 3a2e39f3-240d-4680-b28c-5ef0a3b55b32: 118 arrays, 0.3 MB stored; 2.0 s; peak memory 368 MiB.
2026-10-09T12:19:56Z INFO [651/1000] 3a2d1d6e-5a08-4b2e-bd9e-d44a607fbe7b: 110 arrays, 0.6 MB stored; 2.3 s; peak memory 368 MiB.
2026-10-09T12:19:57Z INFO [652/1000] 3a2bff12-682d-4e74-89d5-961825c3fec0: 1069 arrays, 26.7 MB stored; 13.4 s; peak memory 368 MiB.
2026-10-09T12:19:58Z INFO [653/1000] 3a2e9993-6b3d-427f-ac68-4ed65869f2c9: 117 arrays, 0.4 MB stored; 2.0 s; peak memory 368 MiB.
2026-10-09T12:20:00Z INFO [654/1000] 3a2f21c9-acf1-4016-95c2-7a30b8071315: 41 arrays, 8.4 MB stored; 1.6 s; peak memory 368 MiB.
2026-10-09T12:20:00Z INFO [655/1000] 3a2efe08-ae14-4a7f-9db2-85cc628ad756: 71 arrays, 65.4 MB stored; 2.9 s; peak memory 368 MiB.
2026-10-09T12:20:03Z INFO [656/1000] 3a2fe6a0-8f24-4360-b2d1-d2afc9de819c: 71 arrays, 65.1 MB stored; 2.9 s; peak memory 368 MiB.
2026-10-09T12:20:07Z INFO [657/1000] 3a302863-aa04-47f2-b0e4-c6c262621e34: 229 arrays, 249.0 MB stored; 6.5 s; peak memory 368 MiB.
2026-10-09T12:20:07Z INFO [658/1000] 3a289265-d243-43b4-ad02-89561616833e: 48 arrays, 38049.9 MB stored; 29.2 s; peak memory 368 MiB.
2026-10-09T12:20:08Z INFO [659/1000] 3a3164b1-9c0f-451f-bfb0-180404903eb1: 48 arrays, 83.9 MB stored; 1.9 s; peak memory 368 MiB.
2026-10-09T12:20:09Z INFO [660/1000] 3a31a3d1-84b5-4dfc-9810-43c5bfc7af72: 117 arrays, 0.5 MB stored; 2.1 s; peak memory 368 MiB.
2026-10-09T12:20:11Z INFO [661/1000] 3a31a7dd-241e-4ac5-a79c-8abedb00c170: 69 arrays, 34.3 MB stored; 2.3 s; peak memory 368 MiB.
2026-10-09T12:20:12Z INFO [662/1000] 3a2edcb3-61ef-4eea-9af3-6ccb6a93101d: 1474 arrays, 24.8 MB stored; 16.0 s; peak memory 368 MiB.
2026-10-09T12:20:12Z INFO [663/1000] 3a3363ed-34bc-4c27-969b-ebc5d9f737d6: 48 arrays, 83.9 MB stored; 1.7 s; peak memory 368 MiB.
2026-10-09T12:20:14Z INFO [664/1000] 3a338ec9-d528-4a02-9051-5f61bc136885: 48 arrays, 83.9 MB stored; 1.7 s; peak memory 368 MiB.
2026-10-09T12:20:15Z INFO [665/1000] 3a336632-275e-4ba0-807f-8f2b8b7cf0ec: 71 arrays, 131.5 MB stored; 3.1 s; peak memory 368 MiB.
2026-10-09T12:20:17Z INFO [666/1000] 3a33fba8-04c7-47e5-81b8-136e041890e0: 112 arrays, 0.8 MB stored; 2.6 s; peak memory 368 MiB.
2026-10-09T12:20:17Z INFO [667/1000] 3a34bd6b-84fe-499a-88af-c1710c6e4554: 115 arrays, 0.4 MB stored; 2.0 s; peak memory 368 MiB.
2026-10-09T12:20:19Z INFO [668/1000] 3a34f6b3-db3f-479d-9159-7189dab4aa39: 102 arrays, 15.8 MB stored; 2.8 s; peak memory 368 MiB.
2026-10-09T12:20:21Z INFO [669/1000] 3a332600-b81e-40a6-b06d-dcb751f9735f: 384 arrays, 77.8 MB stored; 11.7 s; peak memory 368 MiB.
2026-10-09T12:20:21Z INFO [670/1000] 3a360fee-9fc8-4127-a528-483dd9a91cff: 138 arrays, 4.8 MB stored; 3.6 s; peak memory 368 MiB.
2026-10-09T12:20:21Z INFO [671/1000] 3a3610e9-590d-4e00-aa3e-a7e12b305e88: 52 arrays, 13.7 MB stored; 1.9 s; peak memory 368 MiB.
2026-10-09T12:20:23Z INFO [672/1000] 3a361f4f-4807-4484-9f6a-a03e23db1446: 48 arrays, 83.9 MB stored; 1.8 s; peak memory 368 MiB.
2026-10-09T12:20:23Z INFO [673/1000] 3a38b791-dd68-4cda-92aa-44f0ce681f12: 117 arrays, 0.4 MB stored; 2.2 s; peak memory 368 MiB.
2026-10-09T12:20:23Z INFO [674/1000] 3a3927fc-33a5-43a1-853d-45192c71fd8a: 52 arrays, 16.1 MB stored; 1.8 s; peak memory 368 MiB.
2026-10-09T12:20:25Z INFO [675/1000] 3a3a76b2-54eb-4463-a94f-cbf2ec5ae664: 48 arrays, 83.9 MB stored; 1.9 s; peak memory 368 MiB.
2026-10-09T12:20:25Z INFO [676/1000] 3a3a0a15-0794-4d47-91c4-3eba07fc8dbc: 170 arrays, 0.7 MB stored; 2.2 s; peak memory 368 MiB.
2026-10-09T12:20:27Z INFO [677/1000] 3a3b1d48-fa1d-44f6-9466-bb19b3e64bf4: 56 arrays, 0.0 MB stored; 1.6 s; peak memory 368 MiB.
2026-10-09T12:20:31Z INFO [678/1000] 3a3b7301-f647-4d90-8b3a-3624a2433b23: 114 arrays, 186.8 MB stored; 4.3 s; peak memory 368 MiB.
2026-10-09T12:20:32Z INFO [679/1000] 3a30b736-b142-4781-a8b6-588ac6cd919b: 48 arrays, 40683.2 MB stored; 29.1 s; peak memory 368 MiB.
2026-10-09T12:20:32Z INFO [680/1000] 3a3ac73e-e1c8-42ab-bc5d-57878469680c: 435 arrays, 5.6 MB stored; 6.8 s; peak memory 368 MiB.
2026-10-09T12:20:33Z INFO [681/1000] 3a3b7b74-e68f-46f6-8ec5-0e9963ff3b1e: 48 arrays, 83.9 MB stored; 1.8 s; peak memory 368 MiB.
2026-10-09T12:20:34Z INFO [682/1000] 3a3c17c2-58d3-4929-a7eb-bf49e0120f40: 117 arrays, 0.2 MB stored; 1.9 s; peak memory 368 MiB.
2026-10-09T12:20:35Z INFO [683/1000] 3a3bdb20-0479-4502-b9c6-8bcc47961676: 115 arrays, 190.1 MB stored; 3.5 s; peak memory 368 MiB.
2026-10-09T12:20:36Z INFO [684/1000] 3a3c7783-ca5b-41cd-a64a-464d22565ee6: 112 arrays, 0.5 MB stored; 2.4 s; peak memory 368 MiB.
2026-10-09T12:20:37Z INFO [685/1000] 3a26f2b7-59cd-4b19-86c0-0970b93e0b04: 1083 arrays, 368.2 MB stored; 67.4 s; peak memory 368 MiB.
2026-10-09T12:20:37Z INFO [686/1000] 3a3ce9db-0854-481b-a36e-e0dfe7b8709d: 117 arrays, 0.4 MB stored; 2.2 s; peak memory 368 MiB.
2026-10-09T12:20:38Z INFO [687/1000] 3a3ceead-93cc-48bf-b18a-f11781f89eb4: 38 arrays, 0.5 MB stored; 1.7 s; peak memory 368 MiB.
2026-10-09T12:20:39Z INFO [688/1000] 3a3d0b75-64f6-4136-92f2-d928ef497ed3: 59 arrays, 98.5 MB stored; 2.3 s; peak memory 368 MiB.
2026-10-09T12:20:39Z INFO [689/1000] 3a3975f9-8d59-49a5-9748-8543b40660a9: 1098 arrays, 42.8 MB stored; 16.5 s; peak memory 368 MiB.
2026-10-09T12:20:40Z INFO [690/1000] 3a3d4e16-c8cf-4473-8446-c9f3dedc62ee: 112 arrays, 0.4 MB stored; 2.3 s; peak memory 368 MiB.
2026-10-09T12:20:41Z INFO [691/1000] 3a3d6b27-86d7-44cf-91d6-92d8f7bbf229: 46 arrays, 0.2 MB stored; 1.7 s; peak memory 368 MiB.
2026-10-09T12:20:42Z INFO [692/1000] 3a3f3386-78be-429d-ae1e-a751ea6c78ed: 48 arrays, 83.9 MB stored; 1.8 s; peak memory 368 MiB.
2026-10-09T12:20:43Z INFO [693/1000] 3a3e6705-1f9b-45fc-a796-24e921f3bbd7: 118 arrays, 66.2 MB stored; 3.4 s; peak memory 368 MiB.
2026-10-09T12:20:43Z INFO [694/1000] 3a3d1681-9fc3-4986-922a-a3a0c2bb17c0: 592 arrays, 6.7 MB stored; 5.9 s; peak memory 368 MiB.
2026-10-09T12:20:44Z INFO [695/1000] 3a3ff43e-5964-4726-80dc-6c5db099c9ac: 90 arrays, 97.4 MB stored; 3.4 s; peak memory 368 MiB.
2026-10-09T12:20:44Z INFO [696/1000] 3a40b63d-b350-41ff-85fb-10d75a5f57b4: 51 arrays, 803.1 MB stored; 2.4 s; peak memory 368 MiB.
2026-10-09T12:20:45Z INFO [697/1000] 3a3c73c4-2c54-424e-bad9-23dcf25c40d8: 336 arrays, 44.0 MB stored; 12.0 s; peak memory 368 MiB.
2026-10-09T12:20:45Z INFO [698/1000] 3a425294-a88c-413d-9183-fece3119930b: 64 arrays, 0.0 MB stored; 1.9 s; peak memory 368 MiB.
2026-10-09T12:20:46Z INFO [699/1000] 3a42d08f-f1b4-44c2-b2e0-e1cac994d1e0: 117 arrays, 0.3 MB stored; 2.0 s; peak memory 368 MiB.
2026-10-09T12:20:47Z INFO [700/1000] 3a44069b-34d4-4787-a414-eced1a4e3158: 48 arrays, 83.9 MB stored; 1.8 s; peak memory 368 MiB.
2026-10-09T12:20:48Z INFO [701/1000] 3a437bc2-2d7d-4df0-bd91-e3b14e44d744: 119 arrays, 66.4 MB stored; 3.1 s; peak memory 368 MiB.
2026-10-09T12:20:49Z INFO [702/1000] 3a4160f7-a736-4227-8663-cbc0bd19d7f8: 455 arrays, 4.6 MB stored; 6.0 s; peak memory 368 MiB.
2026-10-09T12:20:49Z INFO [703/1000] 3a44f63d-7c21-4a89-b5d6-1efb6dd3a508: 48 arrays, 83.9 MB stored; 1.7 s; peak memory 368 MiB.
2026-10-09T12:20:50Z INFO [704/1000] 3a4494b1-84f7-4fc7-8fe7-5a007b715981: 168 arrays, 3.2 MB stored; 3.7 s; peak memory 368 MiB.
2026-10-09T12:20:50Z INFO [705/1000] 3a463022-e2f9-4fc0-a725-00be5e6858b3: 55 arrays, 0.0 MB stored; 1.5 s; peak memory 368 MiB.
2026-10-09T12:20:51Z INFO [706/1000] 3a469460-0798-41f6-9bde-45cdca7a1fd0: 47 arrays, 0.1 MB stored; 1.7 s; peak memory 368 MiB.
2026-10-09T12:20:52Z INFO [707/1000] 3a46df22-d66d-4f28-a6d7-075132f52341: 57 arrays, 0.0 MB stored; 1.4 s; peak memory 368 MiB.
2026-10-09T12:20:54Z INFO [708/1000] 3a470988-e922-44e6-9613-e93038924e42: 62 arrays, 3262.9 MB stored; 2.3 s; peak memory 368 MiB.
2026-10-09T12:20:55Z INFO [709/1000] 3a45f9b3-277d-4bb0-8a26-b325de1e4f19: 229 arrays, 262.7 MB stored; 6.3 s; peak memory 368 MiB.
2026-10-09T12:20:55Z INFO [710/1000] 3a4829e0-a948-4796-ade2-099c43d0690c: 143 arrays, 8.8 MB stored; 3.8 s; peak memory 368 MiB.
2026-10-09T12:20:56Z INFO [711/1000] 3a484147-9c3c-47b8-b686-a949458bbb84: 112 arrays, 1.3 MB stored; 2.6 s; peak memory 368 MiB.
2026-10-09T12:20:58Z INFO [712/1000] 3a48d09f-17fd-4519-a5db-ec44f2b7b980: 66 arrays, 10.4 MB stored; 2.2 s; peak memory 368 MiB.
2026-10-09T12:20:58Z INFO [713/1000] 3a48ff91-bc10-4898-b4ac-3a1bee0c2b80: 261 arrays, 17.1 MB stored; 2.2 s; peak memory 368 MiB.
2026-10-09T12:20:59Z INFO [714/1000] 3a4889be-deb2-45f9-9bd9-8b892eb15ebb: 170 arrays, 9.3 MB stored; 4.2 s; peak memory 368 MiB.
2026-10-09T12:21:00Z INFO [715/1000] 3a490063-3e26-41e4-90f8-59df0842510b: 140 arrays, 0.3 MB stored; 1.9 s; peak memory 368 MiB.
2026-10-09T12:21:01Z INFO [716/1000] 3a49141f-36aa-4d6e-81c9-3535f97d80ba: 45 arrays, 10.8 MB stored; 2.1 s; peak memory 368 MiB.
2026-10-09T12:21:01Z INFO [717/1000] 3a49b6f5-1b0e-4781-a0fa-b0eb4eeac672: 110 arrays, 0.5 MB stored; 2.3 s; peak memory 368 MiB.
2026-10-09T12:21:02Z INFO [718/1000] 3a49fed6-607e-4a28-a5c9-16386a91fef5: 117 arrays, 0.3 MB stored; 2.0 s; peak memory 368 MiB.
2026-10-09T12:21:02Z INFO [719/1000] 3a451aea-558b-41f3-ad55-320e2bf7bb8a: 267 arrays, 413.7 MB stored; 14.1 s; peak memory 368 MiB.
2026-10-09T12:21:02Z INFO [720/1000] 3a436fe3-416d-443e-9892-aa337c9b91fa: 41 arrays, 413.2 MB stored; 18.1 s; peak memory 368 MiB.
2026-10-09T12:21:04Z INFO [721/1000] 3a4c96c6-cb89-4bf8-ac64-a84c6c91329b: 47 arrays, 0.3 MB stored; 1.6 s; peak memory 368 MiB.
2026-10-09T12:21:04Z INFO [722/1000] 3a4c2937-d3c3-4cb2-8580-2b50f29d8060: 112 arrays, 1.2 MB stored; 2.7 s; peak memory 368 MiB.
2026-10-09T12:21:05Z INFO [723/1000] 3a4c8243-b9ee-4022-9da2-77938a81cab8: 117 arrays, 0.7 MB stored; 2.4 s; peak memory 368 MiB.
2026-10-09T12:21:06Z INFO [724/1000] 3a4c9c13-0582-49d9-bab4-e00578f5db99: 170 arrays, 0.3 MB stored; 1.9 s; peak memory 368 MiB.
2026-10-09T12:21:06Z INFO [725/1000] 3a4cb037-a9c6-4ac5-b2c4-27097b264fd7: 48 arrays, 83.9 MB stored; 1.7 s; peak memory 368 MiB.
2026-10-09T12:21:07Z INFO [726/1000] 3a4cc00f-dd4b-451a-90e8-db4ec3186e5b: 92 arrays, 6.3 MB stored; 2.0 s; peak memory 368 MiB.
2026-10-09T12:21:07Z INFO [727/1000] 3a4ab52b-e193-465e-9225-c04321741696: 512 arrays, 6.9 MB stored; 6.6 s; peak memory 368 MiB.
2026-10-09T12:21:08Z INFO [728/1000] 3a4d7255-5967-4c79-81aa-079f0675c0d3: 48 arrays, 83.9 MB stored; 1.7 s; peak memory 368 MiB.
2026-10-09T12:21:09Z INFO [729/1000] 3a4d51db-6146-4a26-b7a0-23a00d2fca85: 71 arrays, 68.2 MB stored; 3.0 s; peak memory 368 MiB.
2026-10-09T12:21:09Z INFO [730/1000] 3a4d0ad2-5aab-447b-b89b-b1821a26ae6a: 98 arrays, 137.3 MB stored; 3.4 s; peak memory 368 MiB.
2026-10-09T12:21:09Z INFO [731/1000] 3a4dd055-b9e8-4aff-b89b-f44e4553488b: 118 arrays, 0.3 MB stored; 2.3 s; peak memory 368 MiB.
2026-10-09T12:21:10Z INFO [732/1000] 3a4e28bf-b70c-4c87-b41d-f2bfb261a89a: 117 arrays, 0.5 MB stored; 2.2 s; peak memory 368 MiB.
2026-10-09T12:21:11Z INFO [733/1000] 3a4e6143-c84a-4314-9369-e67c96c4f07c: 33 arrays, 0.0 MB stored; 1.5 s; peak memory 368 MiB.
2026-10-09T12:21:11Z INFO [734/1000] 3a4e8950-9026-4fd7-8331-061820d3a257: 65 arrays, 0.0 MB stored; 1.9 s; peak memory 368 MiB.
2026-10-09T12:21:13Z INFO [735/1000] 3a4e594b-fdcf-42d8-a675-f1240e451ed8: 156 arrays, 193.4 MB stored; 4.3 s; peak memory 368 MiB.
2026-10-09T12:21:13Z INFO [736/1000] 3a4f4099-707f-449f-bb4f-344d223f392f: 110 arrays, 1.6 MB stored; 3.0 s; peak memory 368 MiB.
2026-10-09T12:21:14Z INFO [737/1000] 3a4f822c-cb4a-4dd4-9f92-0c43590518f0: 119 arrays, 66.4 MB stored; 3.2 s; peak memory 368 MiB.
2026-10-09T12:21:15Z INFO [738/1000] 3a50a688-3009-499a-8781-8d2fe07ea9af: 48 arrays, 83.9 MB stored; 1.9 s; peak memory 368 MiB.
2026-10-09T12:21:16Z INFO [739/1000] 3a519ff2-3c56-4728-8ee3-85c1668b7d33: 48 arrays, 83.9 MB stored; 1.7 s; peak memory 368 MiB.
2026-10-09T12:21:17Z INFO [740/1000] 3a52d548-67e2-44f3-b218-c1b35ffe276c: 112 arrays, 0.6 MB stored; 2.1 s; peak memory 368 MiB.
2026-10-09T12:21:18Z INFO [741/1000] 3a5147ed-a5fe-4e71-8c26-fca595e0484d: 101 arrays, 43755.3 MB stored; 4.2 s; peak memory 368 MiB.
2026-10-09T12:21:19Z INFO [742/1000] 3a537cc6-92a8-4a41-88f3-1b197f7dd919: 46 arrays, 1054.4 MB stored; 2.9 s; peak memory 368 MiB.
2026-10-09T12:21:20Z INFO [743/1000] 3a53b106-6494-4faa-9732-dcb9ad89408f: 68 arrays, 2.5 MB stored; 2.1 s; peak memory 368 MiB.
2026-10-09T12:21:20Z INFO [744/1000] 3a53b0e3-83ec-4f3b-8f2e-d0374179fcbe: 112 arrays, 0.5 MB stored; 2.5 s; peak memory 368 MiB.
2026-10-09T12:21:20Z INFO [745/1000] 3a509140-9ca4-4786-8663-363d41e2a04e: 208 arrays, 292.5 MB stored; 8.8 s; peak memory 368 MiB.
2026-10-09T12:21:21Z INFO [746/1000] 3a53bd09-a115-40fb-b5aa-70ab93da19c3: 117 arrays, 0.5 MB stored; 2.3 s; peak memory 368 MiB.
2026-10-09T12:21:21Z INFO [747/1000] 3a545044-dabd-47f2-9875-921f25d6160a: 42 arrays, 6.0 MB stored; 1.7 s; peak memory 368 MiB.
2026-10-09T12:21:22Z INFO [748/1000] 39c14fa9-6b29-4727-9f4d-fc761cfadf63: 62 arrays, 50848.2 MB stored; 555.9 s; peak memory 368 MiB.
2026-10-09T12:21:22Z INFO [749/1000] 3a53f110-acb8-45a9-9a54-bf4775418104: 62 arrays, 4699.5 MB stored; 2.3 s; peak memory 368 MiB.
2026-10-09T12:21:23Z INFO [750/1000] 3a54e107-728c-417e-9bb6-f3bb2b1e73d5: 50 arrays, 1.1 MB stored; 1.7 s; peak memory 368 MiB.
2026-10-09T12:21:23Z INFO [751/1000] 3a5487ff-1bb9-4661-953b-a9375a733eca: 101 arrays, 14.1 MB stored; 3.1 s; peak memory 368 MiB.
2026-10-09T12:21:23Z INFO [752/1000] 3a54ec2f-7a1e-4304-8c99-67a15ac05bdc: 118 arrays, 0.3 MB stored; 2.0 s; peak memory 368 MiB.
2026-10-09T12:21:25Z INFO [753/1000] 3a569726-9fe7-4b58-9f3d-6ccc8a52b71e: 54 arrays, 0.0 MB stored; 1.6 s; peak memory 368 MiB.
2026-10-09T12:21:26Z INFO [754/1000] 3a565ac8-8280-4da5-81b1-cac330fc2eb3: 131 arrays, 42875.9 MB stored; 2.9 s; peak memory 368 MiB.
2026-10-09T12:21:27Z INFO [755/1000] 3a552d6c-a959-4ac0-8d46-424f8606d3ae: 286 arrays, 590.7 MB stored; 5.3 s; peak memory 368 MiB.
2026-10-09T12:21:27Z INFO [756/1000] 3a57d745-c8b7-45d2-b6fb-728ee96de152: 46 arrays, 3.6 MB stored; 1.6 s; peak memory 368 MiB.
2026-10-09T12:21:29Z INFO [757/1000] 3a5859c9-8f86-42fe-8b85-bc23aa2138ee: 36 arrays, 5.2 MB stored; 1.6 s; peak memory 368 MiB.
2026-10-09T12:21:29Z INFO [758/1000] 3a4c1ac1-7733-45d3-b203-738ad09346a9: 48 arrays, 35466.1 MB stored; 27.3 s; peak memory 368 MiB.
2026-10-09T12:21:29Z INFO [759/1000] 3a554ea5-edac-4e59-ac40-680da0a2c479: 229 arrays, 236.5 MB stored; 7.2 s; peak memory 368 MiB.
2026-10-09T12:21:29Z INFO [760/1000] 3a57ee3f-e799-413f-8897-591767c73ac0: 111 arrays, 0.3 MB stored; 2.2 s; peak memory 368 MiB.
2026-10-09T12:21:31Z INFO [761/1000] 3a58d296-43f4-4805-bcb3-d8a4314f4836: 48 arrays, 83.9 MB stored; 2.1 s; peak memory 368 MiB.
2026-10-09T12:21:31Z INFO [762/1000] 3a58ca1d-7f6c-41b4-82a9-093322e9649d: 118 arrays, 0.4 MB stored; 2.3 s; peak memory 368 MiB.
2026-10-09T12:21:31Z INFO [763/1000] 3a58f551-8cfe-43be-8f70-381f0bfda67f: 117 arrays, 0.3 MB stored; 2.0 s; peak memory 368 MiB.
2026-10-09T12:21:33Z INFO [764/1000] 3a576e19-c5d0-4614-b1fb-f525b255e2eb: 538 arrays, 7.8 MB stored; 9.4 s; peak memory 368 MiB.
2026-10-09T12:21:33Z INFO [765/1000] 3a58f970-4c0a-4eb8-bcba-748f64fb0837: 38 arrays, 3123.3 MB stored; 3.8 s; peak memory 368 MiB.
2026-10-09T12:21:33Z INFO [766/1000] 3a5a0cda-82ad-4fc0-97d6-89fcff63a30f: 48 arrays, 83.9 MB stored; 1.9 s; peak memory 368 MiB.
2026-10-09T12:21:34Z INFO [767/1000] 3a5a5867-c048-4851-ae66-0c21149fb268: 48 arrays, 83.9 MB stored; 1.7 s; peak memory 368 MiB.
2026-10-09T12:21:35Z INFO [768/1000] 3a579db3-6ccc-44d0-8f3e-45b71ffac268: 219 arrays, 759.0 MB stored; 10.0 s; peak memory 368 MiB.
2026-10-09T12:21:35Z INFO [769/1000] 3a5b41cf-3257-4fae-930b-3d7a1d0c26f8: 68 arrays, 0.1 MB stored; 2.2 s; peak memory 368 MiB.
2026-10-09T12:21:36Z INFO [770/1000] 3a5c49d3-f5a3-471d-9201-34de6d36367d: 71 arrays, 5.0 MB stored; 2.7 s; peak memory 368 MiB.
2026-10-09T12:21:37Z INFO [771/1000] 3a5cdeed-38b1-492f-9e10-fa63b96c764d: 117 arrays, 0.3 MB stored; 2.1 s; peak memory 368 MiB.
2026-10-09T12:21:38Z INFO [772/1000] 3a5dbf50-8ae3-43f6-a647-67bc35350d0f: 112 arrays, 0.7 MB stored; 2.4 s; peak memory 368 MiB.
2026-10-09T12:21:40Z INFO [773/1000] 3a5e4dcc-4cdd-40ad-8184-54156e75ec62: 50 arrays, 0.2 MB stored; 1.6 s; peak memory 368 MiB.
2026-10-09T12:21:41Z INFO [774/1000] 3a5e00c3-e62b-4095-b923-0d17af7c2d7d: 153 arrays, 3.3 MB stored; 4.4 s; peak memory 368 MiB.
2026-10-09T12:21:41Z INFO [775/1000] 3a594b6b-d76c-48ac-8f92-9e9de043c282: 266 arrays, 1132.8 MB stored; 10.5 s; peak memory 368 MiB.
2026-10-09T12:21:42Z INFO [776/1000] 3a5e895d-b4f6-4d9f-8411-cb31c7818337: 112 arrays, 0.8 MB stored; 2.5 s; peak memory 368 MiB.
2026-10-09T12:21:42Z INFO [777/1000] 3a5d1c34-28d4-42c8-b20f-ecf90c4a9808: 225 arrays, 254.3 MB stored; 7.2 s; peak memory 368 MiB.
2026-10-09T12:21:43Z INFO [778/1000] 3a59fe5f-d963-47b2-9022-008cd2fd82f7: 682 arrays, 37.3 MB stored; 12.1 s; peak memory 368 MiB.
2026-10-09T12:21:43Z INFO [779/1000] 3a5ea13f-806a-49be-9b00-a048bef93ef8: 48 arrays, 83.9 MB stored; 1.8 s; peak memory 368 MiB.
2026-10-09T12:21:44Z INFO [780/1000] 3a5f08e5-dcac-485e-8982-198a6380757d: 66 arrays, 22.4 MB stored; 2.4 s; peak memory 368 MiB.
2026-10-09T12:21:44Z INFO [781/1000] 3a5f8a12-9eed-4767-9785-d0d180a86729: 48 arrays, 83.9 MB stored; 1.9 s; peak memory 368 MiB.
2026-10-09T12:21:45Z INFO [782/1000] 3a61ad78-0aa1-4091-8e88-1c48db6e099e: 66 arrays, 97.8 MB stored; 2.3 s; peak memory 368 MiB.
2026-10-09T12:21:45Z INFO [783/1000] 3a6249a9-cbf5-46ea-b242-c3f4a10184a0: 48 arrays, 83.9 MB stored; 1.7 s; peak memory 368 MiB.
2026-10-09T12:21:46Z INFO [784/1000] 3a61ea5d-6b3b-42f8-994a-4ec50b9ac5d1: 69 arrays, 45.4 MB stored; 2.5 s; peak memory 368 MiB.
2026-10-09T12:21:46Z INFO [785/1000] 3a628184-bc2d-4aab-b382-dae6591e72c2: 112 arrays, 0.6 MB stored; 2.2 s; peak memory 368 MiB.
2026-10-09T12:21:47Z INFO [786/1000] 3a63dfdb-46f0-45d8-b686-380dac623760: 48 arrays, 83.9 MB stored; 1.9 s; peak memory 368 MiB.
2026-10-09T12:21:47Z INFO [787/1000] 3a647908-83fe-4358-9893-14c506a16303: 112 arrays, 0.6 MB stored; 2.3 s; peak memory 368 MiB.
2026-10-09T12:21:47Z INFO [788/1000] 3a63d111-f8ff-4fd8-ab27-329345aced51: 71 arrays, 282.4 MB stored; 3.1 s; peak memory 368 MiB.
2026-10-09T12:21:47Z INFO [789/1000] 3a648364-d804-49e2-92de-c1cd42123cab: 48 arrays, 83.9 MB stored; 1.7 s; peak memory 368 MiB.
2026-10-09T12:21:48Z INFO [790/1000] 3a652625-1c9f-4045-9db0-7749a391d102: 48 arrays, 83.9 MB stored; 1.7 s; peak memory 368 MiB.
2026-10-09T12:21:49Z INFO [791/1000] 3a661122-6fba-4ab3-8f03-69294c4b50a6: 46 arrays, 0.0 MB stored; 1.6 s; peak memory 368 MiB.
2026-10-09T12:21:49Z INFO [792/1000] 3a65a890-f69e-449b-8494-7193876c4350: 48 arrays, 83.9 MB stored; 1.9 s; peak memory 368 MiB.
2026-10-09T12:21:50Z INFO [793/1000] 3a651ce8-1fb3-4b3d-aa7f-1091d41aab4b: 116 arrays, 187.1 MB stored; 3.6 s; peak memory 368 MiB.
2026-10-09T12:21:50Z INFO [794/1000] 3a661f12-24d9-490f-b48c-54971f71d59a: 48 arrays, 83.9 MB stored; 1.8 s; peak memory 368 MiB.
2026-10-09T12:21:51Z INFO [795/1000] 3a665e2f-2575-4896-9866-c59716f7827b: 48 arrays, 83.9 MB stored; 1.7 s; peak memory 368 MiB.
2026-10-09T12:21:51Z INFO [796/1000] 3a66c169-f7f5-4b57-b992-0eaf3eb53baa: 48 arrays, 83.9 MB stored; 1.8 s; peak memory 368 MiB.
2026-10-09T12:21:51Z INFO [797/1000] 3a6720e9-ebec-4484-8d46-bc71576dd662: 48 arrays, 83.9 MB stored; 1.9 s; peak memory 368 MiB.
2026-10-09T12:21:53Z INFO [798/1000] 3a5c657d-277f-4b3a-b288-dfbe3039868b: 495 arrays, 262.6 MB stored; 18.3 s; peak memory 368 MiB.
2026-10-09T12:21:53Z INFO [799/1000] 3a6806ff-927a-4729-821f-815e0098c62c: 69 arrays, 62.4 MB stored; 2.8 s; peak memory 368 MiB.
2026-10-09T12:21:53Z INFO [800/1000] 3a682497-dfa1-4aad-8870-955ab9aa8c67: 64 arrays, 20.0 MB stored; 2.5 s; peak memory 368 MiB.
2026-10-09T12:21:54Z INFO [800/1000] 3a682497-dfa1-4aad-8870-955ab9aa8c67: checkpointed 800 new records.
2026-10-09T12:21:54Z INFO [801/1000] 3a68c7f8-b1c9-4fe7-b0ab-8b5ac7d9a0fc: 112 arrays, 0.8 MB stored; 2.5 s; peak memory 493 MiB.
2026-10-09T12:21:54Z INFO [802/1000] 3a68e651-f05b-4caa-9369-a4c972443409: 117 arrays, 0.3 MB stored; 2.2 s; peak memory 493 MiB.
2026-10-09T12:21:54Z INFO [803/1000] 3a6a4ebe-8def-481d-b7e7-ccad338e707c: 119 arrays, 0.1 MB stored; 1.8 s; peak memory 493 MiB.
2026-10-09T12:21:55Z INFO [804/1000] 3a654989-7e09-45ae-b714-2326f09adda4: 168 arrays, 69.4 MB stored; 7.5 s; peak memory 493 MiB.
2026-10-09T12:21:55Z INFO [805/1000] 3a6aaf57-2fd4-436a-8ab0-1edd0c20b69c: 48 arrays, 83.9 MB stored; 1.9 s; peak memory 493 MiB.
2026-10-09T12:21:55Z INFO [806/1000] 3a6a7f26-5ac2-44d7-a561-c768e7d144cd: 117 arrays, 0.4 MB stored; 2.2 s; peak memory 493 MiB.
2026-10-09T12:21:56Z INFO [807/1000] 3a6bbab8-9cd0-4d54-9ffb-005f2448675d: 115 arrays, 0.2 MB stored; 2.0 s; peak memory 493 MiB.
2026-10-09T12:21:56Z INFO [808/1000] 3a6c2240-3369-4281-b49b-909531f965fd: 46 arrays, 0.0 MB stored; 1.3 s; peak memory 493 MiB.
2026-10-09T12:21:56Z INFO [809/1000] 3a6db7a8-a767-44c6-b3b9-867e15f959ee: 50 arrays, 0.0 MB stored; 1.5 s; peak memory 493 MiB.
2026-10-09T12:21:57Z INFO [810/1000] 3a6afe54-c284-49cd-8148-f22542e69c9a: 121 arrays, 1.3 MB stored; 3.4 s; peak memory 493 MiB.
2026-10-09T12:21:57Z INFO [811/1000] 3a6e3087-fcfa-4dd2-b408-260848cc0ce8: 48 arrays, 83.9 MB stored; 1.7 s; peak memory 493 MiB.
2026-10-09T12:21:58Z INFO [812/1000] 3a6e3804-40d2-493a-812d-63bef2203bf0: 48 arrays, 83.9 MB stored; 1.8 s; peak memory 493 MiB.
2026-10-09T12:21:58Z INFO [813/1000] 3a6c03ea-d842-4e78-9e25-eb5d45af29a5: 115 arrays, 190.1 MB stored; 3.8 s; peak memory 493 MiB.
2026-10-09T12:21:58Z INFO [814/1000] 3a6e5bd8-75ba-4b59-b340-ba7c152d331d: 118 arrays, 0.2 MB stored; 2.0 s; peak memory 493 MiB.
2026-10-09T12:22:00Z INFO [815/1000] 3a7190b6-7119-40a2-8851-6168a13fef8e: 48 arrays, 83.9 MB stored; 1.8 s; peak memory 493 MiB.
2026-10-09T12:22:02Z INFO [816/1000] 3a722114-9d98-4bf6-b12b-904fe7ac0935: 117 arrays, 0.5 MB stored; 2.1 s; peak memory 493 MiB.
2026-10-09T12:22:04Z INFO [817/1000] 3a6eec0b-b14b-469e-88ed-3f2c9096f4a7: 229 arrays, 242.1 MB stored; 6.4 s; peak memory 493 MiB.
2026-10-09T12:22:04Z INFO [818/1000] 3a6dba18-c2cc-4783-989b-90294801bb45: 368 arrays, 63.9 MB stored; 9.0 s; peak memory 493 MiB.
2026-10-09T12:22:04Z INFO [819/1000] 3a72732c-07c2-499a-aaa3-9c5f044adc60: 117 arrays, 0.2 MB stored; 2.0 s; peak memory 493 MiB.
2026-10-09T12:22:06Z INFO [820/1000] 3a6f72e8-133e-4da6-aff0-e17462567988: 538 arrays, 7.6 MB stored; 8.0 s; peak memory 493 MiB.
2026-10-09T12:22:06Z INFO [821/1000] 3a72bbeb-4ad1-4496-bfb1-9807e0e255a8: 64 arrays, 37.7 MB stored; 2.3 s; peak memory 493 MiB.
2026-10-09T12:22:06Z INFO [822/1000] 3a7422e0-c658-42cb-bec3-a2daa92e9e79: 66 arrays, 103.7 MB stored; 2.4 s; peak memory 493 MiB.
2026-10-09T12:22:08Z INFO [823/1000] 3a773bde-3011-458c-8434-f896e9fa7009: 41 arrays, 8.4 MB stored; 1.6 s; peak memory 493 MiB.
2026-10-09T12:22:08Z INFO [824/1000] 3a77f4b0-b98b-4fb2-833f-28baf5b696d2: 48 arrays, 83.9 MB stored; 1.7 s; peak memory 493 MiB.
2026-10-09T12:22:09Z INFO [825/1000] 3a714c48-8b82-42d1-9fdc-bd46a5f30fd5: 842 arrays, 26.5 MB stored; 11.0 s; peak memory 493 MiB.
2026-10-09T12:22:10Z INFO [826/1000] 3a75ab97-6ffd-47a7-a5a3-8729f5c2161d: 458 arrays, 5.5 MB stored; 5.5 s; peak memory 493 MiB.
2026-10-09T12:22:11Z INFO [827/1000] 3a787177-4d02-4b82-8f5f-b2c7ffc2bba8: 37 arrays, 0.0 MB stored; 1.4 s; peak memory 493 MiB.
2026-10-09T12:22:11Z INFO [828/1000] 3a78594c-a89d-403a-9f6d-9896a4f57489: 66 arrays, 86.6 MB stored; 3.0 s; peak memory 493 MiB.
2026-10-09T12:22:12Z INFO [829/1000] 3a789473-078a-4c15-912f-0756a76d8505: 117 arrays, 0.4 MB stored; 2.0 s; peak memory 493 MiB.
2026-10-09T12:22:12Z INFO [830/1000] 3a786b12-a62c-4525-b459-a3dcd9c52ba2: 359 arrays, 3.6 MB stored; 4.1 s; peak memory 493 MiB.
2026-10-09T12:22:12Z INFO [831/1000] 3a78feb6-7787-47a9-906b-c24196336898: 48 arrays, 83.9 MB stored; 1.8 s; peak memory 493 MiB.
2026-10-09T12:22:14Z INFO [832/1000] 3a7a2461-77ab-485d-a8ee-7178f6b42933: 48 arrays, 83.9 MB stored; 1.8 s; peak memory 493 MiB.
2026-10-09T12:22:14Z INFO [833/1000] 3a767e90-9791-42b8-b369-9ecedcc141bc: 537 arrays, 8.0 MB stored; 8.5 s; peak memory 493 MiB.
2026-10-09T12:22:14Z INFO [834/1000] 3a799800-e9d4-4ba6-b124-83cb1dc4f31b: 112 arrays, 0.5 MB stored; 2.4 s; peak memory 493 MiB.
2026-10-09T12:22:15Z INFO [835/1000] 3a79b76d-eb6c-48cd-b712-5691005be372: 110 arrays, 0.6 MB stored; 2.4 s; peak memory 493 MiB.
2026-10-09T12:22:15Z INFO [836/1000] 3a798f09-76b1-44af-8e7b-ca339ae8be40: 156 arrays, 193.5 MB stored; 4.6 s; peak memory 493 MiB.
2026-10-09T12:22:16Z INFO [837/1000] 3a6ee184-1b67-4eb7-8942-1b98516e4d50: 6118 arrays, 62.6 MB stored; 19.2 s; peak memory 493 MiB.
2026-10-09T12:22:16Z INFO [838/1000] 3a7a62d0-f6a9-4c6d-bd9d-e5f2e95cd6ff: 118 arrays, 0.4 MB stored; 2.3 s; peak memory 493 MiB.
2026-10-09T12:22:17Z INFO [839/1000] 3a7b21d3-6c9b-4696-9930-8c0dd47442d7: 48 arrays, 83.9 MB stored; 1.9 s; peak memory 493 MiB.
2026-10-09T12:22:17Z INFO [840/1000] 3a7aed86-09f5-48c8-844d-dfca74e94ec8: 117 arrays, 0.4 MB stored; 2.3 s; peak memory 493 MiB.
2026-10-09T12:22:17Z INFO [841/1000] 3a7b489e-92fa-4765-a47e-11922eee8538: 48 arrays, 83.9 MB stored; 1.7 s; peak memory 493 MiB.
2026-10-09T12:22:18Z INFO [842/1000] 3a7bc97d-ebf8-4436-8f1e-35f5b00466bc: 56 arrays, 0.0 MB stored; 1.6 s; peak memory 493 MiB.
2026-10-09T12:22:19Z INFO [843/1000] 3a7dd3ff-a5c1-42aa-bce7-44af77ead061: 74 arrays, 2.8 MB stored; 2.1 s; peak memory 493 MiB.
2026-10-09T12:22:19Z INFO [844/1000] 3a7f2d3a-3fd6-4fb7-ae1c-78b525b8466b: 118 arrays, 0.4 MB stored; 2.2 s; peak memory 493 MiB.
2026-10-09T12:22:19Z INFO [845/1000] 3a806cf5-8d84-47f8-9a94-a3d55d533eff: 49 arrays, 0.0 MB stored; 1.5 s; peak memory 493 MiB.
2026-10-09T12:22:21Z INFO [846/1000] 3a7dd24f-00ba-4ed4-8304-8f2b2759c447: 116 arrays, 187.2 MB stored; 4.1 s; peak memory 493 MiB.
2026-10-09T12:22:21Z INFO [847/1000] 3a80e7c7-c25d-4162-91cc-6057b32ab3cf: 84 arrays, 0.6 MB stored; 2.3 s; peak memory 493 MiB.
2026-10-09T12:22:21Z INFO [848/1000] 3a829dec-6e5a-46fd-a918-fae6dc586f93: 112 arrays, 0.6 MB stored; 2.2 s; peak memory 493 MiB.
2026-10-09T12:22:23Z INFO [849/1000] 3a80e0b4-94b5-4a4d-95d7-fe48177dd480: 116 arrays, 187.1 MB stored; 3.9 s; peak memory 493 MiB.
2026-10-09T12:22:23Z INFO [850/1000] 3a82c49d-0b15-45cb-ba3e-5a5cebb20d38: 48 arrays, 83.9 MB stored; 1.8 s; peak memory 493 MiB.
2026-10-09T12:22:24Z INFO [851/1000] 3a831442-9570-4422-a083-0fbb5c038471: 48 arrays, 83.9 MB stored; 1.7 s; peak memory 493 MiB.
2026-10-09T12:22:29Z INFO [852/1000] 3a7fd131-763d-4b1d-825a-2fb134253cee: 866 arrays, 15.5 MB stored; 12.3 s; peak memory 493 MiB.
2026-10-09T12:22:31Z INFO [853/1000] 3a8343a3-dfcf-490d-97c7-d2caff66ed57: 46 arrays, 0.2 MB stored; 1.5 s; peak memory 493 MiB.
2026-10-09T12:22:33Z INFO [854/1000] 3a835bf3-ddc9-4abf-bb86-df21b93eea98: 52 arrays, 13.3 MB stored; 1.9 s; peak memory 493 MiB.
2026-10-09T12:22:34Z INFO [855/1000] 3a831d4c-9154-406b-a3dc-061fc2b2797a: 279 arrays, 38.4 MB stored; 9.8 s; peak memory 493 MiB.
2026-10-09T12:22:35Z INFO [856/1000] 39cfe224-551d-4283-8b28-65a7d4fdde42: 177 arrays, 489469.3 MB stored; 584.8 s; peak memory 493 MiB.
2026-10-09T12:22:35Z INFO [857/1000] 3a84a00c-fe72-415b-96ae-5862657e3446: 49 arrays, 1.4 MB stored; 2.3 s; peak memory 493 MiB.
2026-10-09T12:22:36Z INFO [858/1000] 3a85276b-9e29-480e-aa9c-c97035a448b3: 48 arrays, 83.9 MB stored; 1.9 s; peak memory 493 MiB.
2026-10-09T12:22:37Z INFO [859/1000] 3a864c8c-35f4-4118-b7b1-ea2ac3da81df: 117 arrays, 0.3 MB stored; 2.0 s; peak memory 493 MiB.
2026-10-09T12:22:37Z INFO [860/1000] 3a85dbc7-09d3-45c8-ac44-9a638ddfb50b: 117 arrays, 0.4 MB stored; 2.2 s; peak memory 493 MiB.
2026-10-09T12:22:38Z INFO [861/1000] 3a86631b-eaf8-41e7-a219-7e360b063316: 56 arrays, 0.0 MB stored; 1.6 s; peak memory 493 MiB.
2026-10-09T12:22:39Z INFO [862/1000] 3a86a541-6a6b-4b03-bfd3-868ac5a02b49: 48 arrays, 83.9 MB stored; 1.8 s; peak memory 493 MiB.
2026-10-09T12:22:40Z INFO [863/1000] 3a867055-993b-44d6-9128-7977deaad8b7: 71 arrays, 2.9 MB stored; 2.7 s; peak memory 493 MiB.
2026-10-09T12:22:40Z INFO [864/1000] 3a8701e6-4c55-48e0-be8d-e88dbf824659: 118 arrays, 0.3 MB stored; 2.2 s; peak memory 493 MiB.
2026-10-09T12:22:41Z INFO [865/1000] 3a873165-e894-439a-b607-b723c72bcc35: 48 arrays, 83.9 MB stored; 1.7 s; peak memory 493 MiB.
2026-10-09T12:22:41Z INFO [866/1000] 3a87aa42-ae5b-4565-b62a-f6b251cedc1f: 58 arrays, 0.0 MB stored; 1.5 s; peak memory 493 MiB.
2026-10-09T12:22:43Z INFO [867/1000] 3a878124-a817-43f1-be10-cbaf3075eb99: 70 arrays, 82.7 MB stored; 3.0 s; peak memory 493 MiB.
2026-10-09T12:22:43Z INFO [868/1000] 3a882d69-4e2b-4e90-a154-fb8f59f2ee68: 48 arrays, 83.9 MB stored; 2.0 s; peak memory 493 MiB.
2026-10-09T12:22:44Z INFO [869/1000] 3a8880ed-bec2-4e59-9181-735a0c1344e4: 46 arrays, 0.1 MB stored; 1.4 s; peak memory 493 MiB.
2026-10-09T12:22:46Z INFO [870/1000] 3a88ff1b-ec42-4e8f-9824-64c13400f50f: 52 arrays, 15.0 MB stored; 1.9 s; peak memory 493 MiB.
2026-10-09T12:22:47Z INFO [871/1000] 3a8307b6-5b2b-4cde-8222-613d21976271: 522 arrays, 3617.3 MB stored; 25.2 s; peak memory 493 MiB.
2026-10-09T12:22:47Z INFO [872/1000] 3a88d825-8cc0-483d-97df-a8747495edc7: 116 arrays, 187.2 MB stored; 4.0 s; peak memory 493 MiB.
2026-10-09T12:22:48Z INFO [873/1000] 3a89e09e-e1a8-41a9-931a-9c3bf76b81fc: 64 arrays, 0.0 MB stored; 1.8 s; peak memory 493 MiB.
2026-10-09T12:22:49Z INFO [874/1000] 3a8a1c25-55cd-4305-90d9-46cef0b19893: 117 arrays, 0.4 MB stored; 2.1 s; peak memory 493 MiB.
2026-10-09T12:22:50Z INFO [875/1000] 3a883a9b-a341-4b86-b306-ed8cbe6aa95d: 537 arrays, 8.4 MB stored; 8.4 s; peak memory 493 MiB.
2026-10-09T12:22:50Z INFO [876/1000] 3a8a2434-c6bb-43fb-8ac2-19094722b9d2: 116 arrays, 0.3 MB stored; 1.9 s; peak memory 493 MiB.
2026-10-09T12:22:51Z INFO [877/1000] 3a8a89c8-46ef-4ec0-ba8e-bcf5cf81fd1d: 65 arrays, 0.0 MB stored; 1.8 s; peak memory 493 MiB.
2026-10-09T12:22:52Z INFO [878/1000] 3a890a24-fdc3-4fa3-ab72-9bcd994adeeb: 411 arrays, 3.2 MB stored; 5.6 s; peak memory 493 MiB.
2026-10-09T12:22:52Z INFO [879/1000] 3a8ac81d-931f-4290-9da1-92e41095ac0d: 118 arrays, 51.1 MB stored; 2.8 s; peak memory 493 MiB.
2026-10-09T12:22:53Z INFO [880/1000] 3a8b595c-777e-4886-99a9-e06b85ce5d23: 112 arrays, 0.5 MB stored; 2.3 s; peak memory 493 MiB.
2026-10-09T12:22:53Z INFO [881/1000] 3a8acc8b-e31e-4627-84e4-fc10a7f3015a: 66 arrays, 71.4 MB stored; 2.8 s; peak memory 493 MiB.
2026-10-09T12:22:54Z INFO [882/1000] 3a8b729f-9663-49c0-a13d-0a9401119dc4: 112 arrays, 0.4 MB stored; 2.2 s; peak memory 493 MiB.
2026-10-09T12:22:55Z INFO [883/1000] 3a8ba7c2-4032-4d24-a8e9-26a85525eef7: 112 arrays, 0.6 MB stored; 2.3 s; peak memory 493 MiB.
2026-10-09T12:22:55Z INFO [884/1000] 3a8bd1fe-7689-42f0-9fce-bc23f94ee44f: 117 arrays, 0.4 MB stored; 2.3 s; peak memory 493 MiB.
2026-10-09T12:22:56Z INFO [885/1000] 3a8c37ee-5766-4d68-a726-628ab94f57e3: 48 arrays, 83.9 MB stored; 1.8 s; peak memory 493 MiB.
2026-10-09T12:22:56Z INFO [886/1000] 3a8cc3ba-f9a1-45d9-b330-5e74256826be: 38 arrays, 0.5 MB stored; 1.6 s; peak memory 493 MiB.
2026-10-09T12:22:57Z INFO [887/1000] 3a8cdf71-6797-4086-96ad-6e6b97a22d21: 117 arrays, 0.3 MB stored; 1.9 s; peak memory 493 MiB.
2026-10-09T12:22:58Z INFO [888/1000] 3a8d7e12-5e03-4d80-9994-3fd77fce2b07: 48 arrays, 83.9 MB stored; 1.8 s; peak memory 493 MiB.
2026-10-09T12:22:58Z INFO [889/1000] 3a82a919-68b4-4584-95c0-a06520b4664a: 3618 arrays, 318.5 MB stored; 37.9 s; peak memory 493 MiB.
2026-10-09T12:23:00Z INFO [890/1000] 3a8d053b-4c2d-42f9-b486-9b244739690e: 156 arrays, 193.5 MB stored; 4.2 s; peak memory 493 MiB.
2026-10-09T12:23:02Z INFO [891/1000] 3a8e644b-568b-4d31-a54a-e29031112f0f: 69 arrays, 29.8 MB stored; 2.1 s; peak memory 493 MiB.
2026-10-09T12:23:04Z INFO [892/1000] 3a8eb518-0756-4c63-b3e6-31e6a79365e4: 112 arrays, 0.7 MB stored; 2.2 s; peak memory 493 MiB.
2026-10-09T12:23:06Z INFO [893/1000] 3a8df72f-cdf5-4de1-826f-19f8f3fdd4f3: 718 arrays, 10.7 MB stored; 9.3 s; peak memory 493 MiB.
2026-10-09T12:23:07Z INFO [894/1000] 3a8fd076-8453-44d3-a7b8-d1c4eb0035a7: 101 arrays, 11.3 MB stored; 2.9 s; peak memory 493 MiB.
2026-10-09T12:23:08Z INFO [895/1000] 3a8e1084-1c9a-449b-a753-6098d26bdcd5: 909 arrays, 11.4 MB stored; 9.5 s; peak memory 493 MiB.
2026-10-09T12:23:08Z INFO [896/1000] 3a901bc5-a142-4817-8cc1-bd5a3f17f22e: 48 arrays, 83.9 MB stored; 1.8 s; peak memory 493 MiB.
2026-10-09T12:23:09Z INFO [897/1000] 3a903b09-4e9f-419e-8860-c084b8a16f49: 58 arrays, 0.0 MB stored; 1.5 s; peak memory 493 MiB.
2026-10-09T12:23:11Z INFO [898/1000] 3a9032d8-9e6e-43e3-9e96-b17e53c8579e: 116 arrays, 187.1 MB stored; 3.8 s; peak memory 493 MiB.
2026-10-09T12:23:13Z INFO [899/1000] 3a90f75e-6c0d-40a4-8e75-393ba3e5fa86: 112 arrays, 0.6 MB stored; 2.2 s; peak memory 493 MiB.
2026-10-09T12:23:15Z INFO [900/1000] 3a912fca-9f24-4f96-a59f-bd67beaa91c5: 48 arrays, 83.9 MB stored; 1.8 s; peak memory 493 MiB.
2026-10-09T12:23:17Z INFO [901/1000] 3a917938-8d8d-495a-a7b3-17a2bc93347c: 117 arrays, 0.4 MB stored; 2.0 s; peak memory 493 MiB.
2026-10-09T12:23:17Z INFO [902/1000] 3a8e1cb3-c280-405d-a5f8-39d7812cc899: 49 arrays, 15549.5 MB stored; 18.7 s; peak memory 493 MiB.
2026-10-09T12:23:21Z INFO [903/1000] 3a90bbec-bfe0-40a9-af5e-962a78ed62cd: 820 arrays, 19.2 MB stored; 11.9 s; peak memory 493 MiB.
2026-10-09T12:23:21Z INFO [904/1000] 3a925d45-c111-4761-9d8d-8079c9171af4: 115 arrays, 186.8 MB stored; 3.8 s; peak memory 493 MiB.
2026-10-09T12:23:22Z INFO [905/1000] 3a905188-85c9-4701-a199-ec8719fe6474: 993 arrays, 34.5 MB stored; 14.3 s; peak memory 493 MiB.
2026-10-09T12:23:23Z INFO [906/1000] 3a926c72-eadc-4da9-a827-4c3154b94ef3: 114 arrays, 0.1 MB stored; 1.8 s; peak memory 493 MiB.
2026-10-09T12:23:23Z INFO [907/1000] 3a93b0bd-8f10-4e2b-8050-6bc9da7f451d: 117 arrays, 0.3 MB stored; 2.0 s; peak memory 493 MiB.
2026-10-09T12:23:25Z INFO [908/1000] 3a9454f6-eee3-492c-87ef-e0db3789b3c3: 131 arrays, 0.6 MB stored; 2.3 s; peak memory 493 MiB.
2026-10-09T12:23:25Z INFO [909/1000] 3a8c1664-96c0-46d6-99f0-3ef047c74a76: 48 arrays, 40002.4 MB stored; 31.8 s; peak memory 493 MiB.
2026-10-09T12:23:27Z INFO [910/1000] 3a957273-d2d5-4912-a8ef-ab178edbecc8: 112 arrays, 0.2 MB stored; 2.1 s; peak memory 493 MiB.
2026-10-09T12:23:27Z INFO [911/1000] 3a9568e5-c75f-40b9-8b3a-887e6e0a3cb7: 64 arrays, 36.2 MB stored; 2.4 s; peak memory 493 MiB.
2026-10-09T12:23:27Z INFO [912/1000] 3a9565a6-bcb1-41ee-81de-145d3c1824f4: 156 arrays, 193.5 MB stored; 4.5 s; peak memory 493 MiB.
2026-10-09T12:23:30Z INFO [913/1000] 3a960cd0-d3ed-4c05-9b52-ec67caae539c: 118 arrays, 0.4 MB stored; 2.3 s; peak memory 493 MiB.
2026-10-09T12:23:31Z INFO [914/1000] 3a963862-51b0-4e43-abac-218a871738f5: 48 arrays, 83.9 MB stored; 1.6 s; peak memory 493 MiB.
2026-10-09T12:23:38Z INFO [915/1000] 3a952b47-d6dc-4a47-bced-d1877e2c37e2: 1237 arrays, 27.7 MB stored; 15.3 s; peak memory 493 MiB.
2026-10-09T12:23:40Z INFO [916/1000] 3a96b1e2-89de-4462-81e0-5831b640cd30: 47 arrays, 70.7 MB stored; 2.5 s; peak memory 493 MiB.
2026-10-09T12:23:42Z INFO [917/1000] 3a96ddaa-f7e9-485d-a587-0179b2079c4c: 52 arrays, 13.7 MB stored; 1.9 s; peak memory 493 MiB.
2026-10-09T12:23:46Z INFO [918/1000] 3a9757b7-2c0c-4b26-9287-47b3eab0ac1e: 116 arrays, 187.1 MB stored; 3.5 s; peak memory 493 MiB.
2026-10-09T12:23:48Z INFO [919/1000] 3a978dcc-4c92-4f84-b57e-90c5921f78ec: 112 arrays, 0.8 MB stored; 2.3 s; peak memory 493 MiB.
2026-10-09T12:23:50Z INFO [920/1000] 3a97f7bf-c391-48d9-b1f5-c77fc4c53a0e: 112 arrays, 0.1 MB stored; 1.6 s; peak memory 493 MiB.
2026-10-09T12:23:52Z INFO [921/1000] 3a9829bd-d867-4ab7-ba15-0e4f1f097d4f: 60 arrays, 0.8 MB stored; 2.2 s; peak memory 493 MiB.
2026-10-09T12:23:54Z INFO [922/1000] 3a983095-a46f-4e07-b6b6-c5da9a9a72c9: 48 arrays, 83.9 MB stored; 1.7 s; peak memory 493 MiB.
2026-10-09T12:23:55Z INFO [923/1000] 3a98396b-a089-4550-9e23-71615cee26e9: 48 arrays, 83.9 MB stored; 1.7 s; peak memory 493 MiB.
2026-10-09T12:23:56Z INFO [924/1000] 3a95d6e7-0476-4b5b-abb9-9e8781d4bf21: 1163 arrays, 23.8 MB stored; 28.6 s; peak memory 493 MiB.
2026-10-09T12:23:58Z INFO [925/1000] 3a98c608-f836-4ea4-b75d-c2d8369e6753: 48 arrays, 83.9 MB stored; 1.8 s; peak memory 493 MiB.
2026-10-09T12:23:59Z INFO [926/1000] 3a9881c1-3bb8-4f2e-ba80-7bbc7769209f: 38 arrays, 36.6 MB stored; 3.5 s; peak memory 493 MiB.
2026-10-09T12:24:00Z INFO [927/1000] 3a991eb0-181f-49e1-8507-2218e96da70f: 275 arrays, 17.1 MB stored; 2.4 s; peak memory 493 MiB.
2026-10-09T12:24:01Z INFO [928/1000] 3a9962d3-078d-4051-a5ff-655a10012486: 112 arrays, 0.7 MB stored; 2.4 s; peak memory 493 MiB.
2026-10-09T12:24:02Z INFO [929/1000] 3a91a739-8aeb-49be-9ebc-5b2c135565e6: 6119 arrays, 113.8 MB stored; 45.1 s; peak memory 493 MiB.
2026-10-09T12:24:03Z INFO [930/1000] 3a9a76f5-ce2d-4ec3-b063-5633b025049b: 93 arrays, 538.6 MB stored; 2.2 s; peak memory 493 MiB.
2026-10-09T12:24:04Z INFO [931/1000] 3a99dd98-94af-4589-8254-13f9c28dcdcc: 101 arrays, 21472.7 MB stored; 3.9 s; peak memory 493 MiB.
2026-10-09T12:24:04Z INFO [932/1000] 3a964c99-4498-48ee-b3d6-9f6f886ace4a: 48 arrays, 1685.4 MB stored; 33.1 s; peak memory 493 MiB.
2026-10-09T12:24:05Z INFO [933/1000] 3a9ba4c2-9d3b-42b7-8d68-f88e16469ae5: 48 arrays, 83.9 MB stored; 1.8 s; peak memory 493 MiB.
2026-10-09T12:24:05Z INFO [934/1000] 3a9b9b52-59fd-452d-829c-7a9f115ae237: 71 arrays, 129.0 MB stored; 3.5 s; peak memory 493 MiB.
2026-10-09T12:24:07Z INFO [935/1000] 3a9c115f-a584-4a53-872d-9872ab3d1601: 78 arrays, 1.2 MB stored; 2.1 s; peak memory 493 MiB.
2026-10-09T12:24:08Z INFO [936/1000] 3a9bfb14-df2b-41e1-a881-0e0b903177b3: 46 arrays, 737.4 MB stored; 2.5 s; peak memory 493 MiB.
2026-10-09T12:24:09Z INFO [937/1000] 3a9bf7c7-e2a9-4443-aab8-0ca309861f47: 156 arrays, 193.5 MB stored; 4.5 s; peak memory 493 MiB.
2026-10-09T12:24:10Z INFO [938/1000] 3a9e978f-8199-4713-9bb7-389eb35d764e: 71 arrays, 78.7 MB stored; 2.7 s; peak memory 493 MiB.
2026-10-09T12:24:11Z INFO [939/1000] 3a9f6416-4252-4f8e-b91e-511239bf12c5: 48 arrays, 83.9 MB stored; 1.7 s; peak memory 493 MiB.
2026-10-09T12:24:12Z INFO [940/1000] 3a9fb7a6-796f-4620-b7c0-2be7f0952175: 49 arrays, 1.5 MB stored; 2.0 s; peak memory 493 MiB.
2026-10-09T12:24:14Z INFO [941/1000] 3a9bdc61-7902-4869-8fe7-d71fab7c9bd2: 508 arrays, 29.1 MB stored; 9.9 s; peak memory 493 MiB.
2026-10-09T12:24:14Z INFO [942/1000] 3a9fd95b-4020-4491-bde4-e9fbb61b41e2: 117 arrays, 0.2 MB stored; 1.8 s; peak memory 493 MiB.
2026-10-09T12:24:15Z INFO [943/1000] 3aa0fe9e-b14f-4f89-83e8-b90daa0a718e: 46 arrays, 0.1 MB stored; 1.5 s; peak memory 493 MiB.
2026-10-09T12:24:15Z INFO [944/1000] 3a9ea950-0df3-4a69-b402-2e7c5a704f99: 505 arrays, 10.0 MB stored; 7.7 s; peak memory 493 MiB.
2026-10-09T12:24:16Z INFO [945/1000] 3aa0bca4-54af-4a1f-a034-05c7c1524ab8: 110 arrays, 0.9 MB stored; 2.7 s; peak memory 493 MiB.
2026-10-09T12:24:18Z INFO [946/1000] 3aa1504f-b4c7-4fb7-8d98-01d1166d8c39: 112 arrays, 1.2 MB stored; 2.6 s; peak memory 493 MiB.
2026-10-09T12:24:18Z INFO [947/1000] 3aa16375-118c-45db-985d-c838b0ce18e7: 48 arrays, 83.9 MB stored; 1.9 s; peak memory 493 MiB.
2026-10-09T12:24:20Z INFO [948/1000] 3aa19cb6-0178-40ad-9305-19286fa37215: 118 arrays, 0.3 MB stored; 2.1 s; peak memory 493 MiB.
2026-10-09T12:24:20Z INFO [949/1000] 3aa1af97-3fdf-4a8a-b5c0-cb39fb9e0037: 170 arrays, 0.6 MB stored; 2.0 s; peak memory 493 MiB.
2026-10-09T12:24:22Z INFO [950/1000] 3aa26cc8-130e-404c-84a0-26905a014657: 72 arrays, 0.0 MB stored; 2.0 s; peak memory 493 MiB.
2026-10-09T12:24:23Z INFO [951/1000] 3aa2946d-3623-462c-ad66-31fad34bbfa4: 66 arrays, 59.1 MB stored; 2.2 s; peak memory 493 MiB.
2026-10-09T12:24:24Z INFO [952/1000] 3aa2eaea-f640-44c7-a31c-926dbe601f36: 37 arrays, 5.4 MB stored; 1.7 s; peak memory 493 MiB.
2026-10-09T12:24:24Z INFO [953/1000] 3aa35148-225e-47c3-aa62-cb3c1e8408a3: 48 arrays, 83.9 MB stored; 1.7 s; peak memory 493 MiB.
2026-10-09T12:24:31Z INFO [954/1000] 3a9fc253-465c-40e1-833c-b4bd60de28b6: 5681 arrays, 1071.5 MB stored; 20.2 s; peak memory 493 MiB.
2026-10-09T12:24:31Z INFO [955/1000] 3aa36c0c-d432-436d-971e-67d4cbbc335a: 496 arrays, 7.6 MB stored; 7.4 s; peak memory 493 MiB.
2026-10-09T12:24:33Z INFO [956/1000] 3aa50c39-7919-430d-9d75-4e3e3b69d113: 48 arrays, 83.9 MB stored; 1.8 s; peak memory 493 MiB.
2026-10-09T12:24:42Z INFO [957/1000] 3aa4d1fe-6773-456e-a9a9-3dfd4eeb9717: 38 arrays, 335.6 MB stored; 17.5 s; peak memory 493 MiB.
2026-10-09T12:24:44Z INFO [958/1000] 3aa68cae-93dd-41b6-bdd4-ea159eb49c5c: 1053 arrays, 22.7 MB stored; 11.8 s; peak memory 493 MiB.
2026-10-09T12:24:54Z INFO [959/1000] 3aa710a5-5673-47d0-8c2e-b61c37870fe7: 391 arrays, 77.8 MB stored; 11.7 s; peak memory 493 MiB.
2026-10-09T12:24:55Z INFO [960/1000] 3aa79e40-132d-458c-be9e-1265de30490c: 1059 arrays, 14.1 MB stored; 10.3 s; peak memory 493 MiB.
2026-10-09T12:24:55Z INFO [961/1000] 3aa7b38d-ebf7-4c35-b39c-0f6e0482a1f3: 50 arrays, 3.5 MB stored; 1.8 s; peak memory 493 MiB.
2026-10-09T12:24:57Z INFO [962/1000] 3aa81a87-05a6-456d-8eef-74d12e7f16aa: 116 arrays, 0.5 MB stored; 2.1 s; peak memory 493 MiB.
2026-10-09T12:25:00Z INFO [963/1000] 3aa13798-50ea-4d8a-bb6c-defd8ad95693: 75 arrays, 361.3 MB stored; 44.2 s; peak memory 493 MiB.
2026-10-09T12:25:01Z INFO [964/1000] 3a83145d-3858-43ff-a5b7-07728024d17c: 413 arrays, 19785.7 MB stored; 157.8 s; peak memory 493 MiB.
2026-10-09T12:25:01Z INFO [965/1000] 3aa8eeac-b253-4754-a814-3318d6a5c353: 48 arrays, 83.9 MB stored; 1.7 s; peak memory 493 MiB.
2026-10-09T12:25:02Z INFO [966/1000] 3aa85e4b-6b97-4a50-82a4-84dad9276641: 153 arrays, 3.3 MB stored; 4.4 s; peak memory 493 MiB.
2026-10-09T12:25:03Z INFO [967/1000] 3aa99965-e6a0-4fb4-939b-49d1dfe0223c: 48 arrays, 83.9 MB stored; 1.8 s; peak memory 493 MiB.
2026-10-09T12:25:03Z INFO [968/1000] 3aa9baa2-413c-45a5-9bae-2ab44dda4b2d: 48 arrays, 83.9 MB stored; 1.8 s; peak memory 493 MiB.
2026-10-09T12:25:04Z INFO [969/1000] 3aa9d566-aea6-4427-8cfc-db708717adfc: 116 arrays, 0.4 MB stored; 2.4 s; peak memory 493 MiB.
2026-10-09T12:25:05Z INFO [970/1000] 3aa9e0d4-4e81-4989-aee9-7359f4b67a71: 118 arrays, 0.4 MB stored; 2.1 s; peak memory 493 MiB.
2026-10-09T12:25:05Z INFO [971/1000] 3aaa234b-096d-4800-a531-d2aa98c9f994: 48 arrays, 83.9 MB stored; 1.7 s; peak memory 493 MiB.
2026-10-09T12:25:06Z INFO [972/1000] 3aaa4fe7-612a-4660-97c0-883c7dffc8c7: 48 arrays, 83.9 MB stored; 1.7 s; peak memory 493 MiB.
2026-10-09T12:25:07Z INFO [973/1000] 3aaa50f8-caf6-489a-9d25-bbf95bcbe24b: 289 arrays, 17.1 MB stored; 2.6 s; peak memory 493 MiB.
2026-10-09T12:25:08Z INFO [974/1000] 3aab1920-f13d-4823-a4d2-8230a32d3907: 46 arrays, 0.2 MB stored; 1.6 s; peak memory 493 MiB.
2026-10-09T12:25:09Z INFO [975/1000] 3aab2559-1cc0-47bb-8032-53f2785c1dfe: 119 arrays, 0.1 MB stored; 1.9 s; peak memory 493 MiB.
2026-10-09T12:25:12Z INFO [976/1000] 3aac8be8-51f5-41fb-ac6c-18360aa67e5d: 112 arrays, 0.7 MB stored; 2.5 s; peak memory 493 MiB.
2026-10-09T12:25:14Z INFO [977/1000] 3aacfc35-b60d-4563-ba9f-5ab9d2811626: 69 arrays, 3.3 MB stored; 2.1 s; peak memory 493 MiB.
2026-10-09T12:25:22Z INFO [978/1000] 3aa80911-64ea-436c-b13c-6595e15c41ea: 7711 arrays, 60.5 MB stored; 27.5 s; peak memory 493 MiB.
2026-10-09T12:25:23Z INFO [979/1000] 3aad324c-2085-4beb-b428-b35cefec5b30: 637 arrays, 30.0 MB stored; 9.0 s; peak memory 493 MiB.
2026-10-09T12:25:24Z INFO [980/1000] 3aad500d-ffd2-4009-bd9c-e31f75aa8928: 118 arrays, 0.5 MB stored; 2.3 s; peak memory 493 MiB.
2026-10-09T12:25:25Z INFO [981/1000] 3aadb316-d5c4-4c23-a585-b202186567db: 112 arrays, 0.6 MB stored; 2.3 s; peak memory 493 MiB.
2026-10-09T12:25:27Z INFO [982/1000] 3aae2b0e-dd4b-41ec-a2c5-787c2bc783cf: 69 arrays, 2.3 MB stored; 2.1 s; peak memory 493 MiB.
2026-10-09T12:25:27Z INFO [983/1000] 3aae94ba-23c3-4f4d-832e-186d8f900aaa: 230 arrays, 0.9 MB stored; 2.2 s; peak memory 493 MiB.
2026-10-09T12:25:28Z INFO [984/1000] 3aaeaee9-b707-4f71-a785-0230a6c99123: 48 arrays, 83.9 MB stored; 1.7 s; peak memory 493 MiB.
2026-10-09T12:25:29Z INFO [985/1000] 3aaec30e-b12e-4c6c-961f-5783b27fe70a: 116 arrays, 0.4 MB stored; 2.1 s; peak memory 493 MiB.
2026-10-09T12:25:30Z INFO [986/1000] 3aaf198a-373d-4700-ac57-f09e59df1533: 118 arrays, 0.5 MB stored; 2.0 s; peak memory 493 MiB.
2026-10-09T12:25:32Z INFO [987/1000] 3aaf4c2c-c414-43f9-a80e-fb70865be807: 63 arrays, 0.1 MB stored; 1.8 s; peak memory 493 MiB.
2026-10-09T12:25:32Z INFO [988/1000] 3aaf2d38-3a5c-4d71-abf4-2d8f1177febf: 101 arrays, 14.2 MB stored; 2.9 s; peak memory 493 MiB.
2026-10-09T12:25:34Z INFO [989/1000] 3ab08115-d368-4e2d-b98c-66b3a4dbe3c9: 63 arrays, 0.1 MB stored; 1.7 s; peak memory 493 MiB.
2026-10-09T12:25:43Z INFO [990/1000] 3ab18705-bd73-4636-bae1-19e2b825ad6a: 801 arrays, 12.2 MB stored; 9.4 s; peak memory 493 MiB.
2026-10-09T12:25:44Z INFO [991/1000] 3aafb4ba-e1e8-4536-9a28-116b3fca2bc5: 921 arrays, 21.6 MB stored; 11.4 s; peak memory 493 MiB.
2026-10-09T12:25:45Z INFO [992/1000] 3ab1b7dd-ce4b-4cba-9518-d8d77f1c5079: 48 arrays, 83.9 MB stored; 1.8 s; peak memory 493 MiB.
2026-10-09T12:25:46Z INFO [993/1000] 3ab1b16c-4f1b-46f2-bd2b-6bab8fe21b75: 112 arrays, 1.0 MB stored; 2.8 s; peak memory 493 MiB.
2026-10-09T12:25:48Z INFO [994/1000] 3ab1e338-bfb3-42d5-98a2-39ad2a20c7c0: 71 arrays, 69.5 MB stored; 2.3 s; peak memory 493 MiB.
2026-10-09T12:27:03Z INFO [995/1000] 3a7ac883-7343-4b97-b3b3-30cf5d32d6e1: 264 arrays, 39383.6 MB stored; 288.5 s; peak memory 493 MiB.
2026-10-09T12:27:33Z INFO [996/1000] 3aab2b03-2574-4de6-8997-0a1619111c42: 261 arrays, 19715.8 MB stored; 145.6 s; peak memory 493 MiB.
2026-10-09T12:28:00Z INFO [997/1000] 3aaa6a1a-1756-43f0-8af9-467f1d6d3455: 58 arrays, 10288.9 MB stored; 175.4 s; peak memory 493 MiB.
2026-10-09T12:28:58Z INFO [998/1000] 3a95bbe9-455c-4861-a955-0c50588dce12: 283 arrays, 46407.7 MB stored; 331.0 s; peak memory 493 MiB.
2026-10-09T12:29:17Z INFO [999/1000] 3aa636dc-1260-4675-ba31-e2e4a0f58dc3: 283 arrays, 39354.6 MB stored; 285.7 s; peak memory 493 MiB.
2026-10-09T12:34:39Z WARNING 39f14fa7-0509-4e68-9467-c1235dc9188a: failed while reading the NWB file (TimeoutError: exceeded 1200 s)
2026-10-09T12:34:39Z WARNING [1000/1000] 39f14fa7-0509-4e68-9467-c1235dc9188a: recorded the failure; a later run retries it.
2026-10-09T12:34:41Z INFO [1000/1000] 39f14fa7-0509-4e68-9467-c1235dc9188a: checkpointed 1000 new records.
2026-10-09T12:34:41Z INFO Wrote 39200 records to /tmp/derivatives/valid_nwb_file_to_array_sizes.jsonl (999 new, 1 failed) in 27.5 min (peak memory 600 MiB).
