2026-10-09T23:18:31Z INFO Logging to /tmp/logs/update_2026-10-09T23-18-31Z.log.
2026-10-09T23:18:31Z INFO Update valid-nwb-file-to-array-sizes (base directory /tmp).
2026-10-09T23:18:50Z INFO Processing 1000 items (56200 already recorded).
2026-10-09T23:18:51Z INFO [1/1000] 540b6429-a9f4-4c95-8d48-22395e6a9916: 48 arrays, 83.9 MB stored; 1.5 s; peak memory 164 MiB.
2026-10-09T23:18:51Z INFO [2/1000] 540b9110-0e49-4825-8c0a-6dc7a73c426d: 46 arrays, 12.6 MB stored; 1.7 s; peak memory 164 MiB.
2026-10-09T23:18:51Z INFO [3/1000] 540ac348-70df-44b7-9db4-d3337581a3e3: 48 arrays, 83.9 MB stored; 1.7 s; peak memory 164 MiB.
2026-10-09T23:18:52Z INFO [4/1000] 540a8ef6-6e53-4c09-91ee-ddc0ad5253be: 117 arrays, 0.5 MB stored; 1.9 s; peak memory 164 MiB.
2026-10-09T23:18:52Z INFO [5/1000] 540c2ff9-0cd4-4517-9c2e-38408d5e3744: 115 arrays, 0.4 MB stored; 2.0 s; peak memory 164 MiB.
2026-10-09T23:18:52Z INFO [6/1000] 540ca773-a5d3-4286-a9f2-e15e08caf92e: 62 arrays, 2813.1 MB stored; 2.4 s; peak memory 164 MiB.
2026-10-09T23:18:53Z INFO [7/1000] 540e1d79-6d12-4716-b64f-25812f31e910: 69 arrays, 1.7 MB stored; 1.4 s; peak memory 164 MiB.
2026-10-09T23:18:53Z INFO [8/1000] 540f17bf-5020-4451-b64e-3bbe11a635c8: 48 arrays, 83.9 MB stored; 1.4 s; peak memory 164 MiB.
2026-10-09T23:18:53Z INFO [9/1000] 540f5b32-4e17-4878-b15e-fc525a177a5a: 117 arrays, 0.4 MB stored; 1.4 s; peak memory 164 MiB.
2026-10-09T23:18:53Z INFO [10/1000] 540e1f7e-e658-4379-9d26-5451bab8ff0f: 112 arrays, 0.6 MB stored; 1.7 s; peak memory 164 MiB.
2026-10-09T23:18:53Z INFO [11/1000] 540f5e4f-ab3e-4f13-a822-835328753a61: 117 arrays, 0.2 MB stored; 1.2 s; peak memory 164 MiB.
2026-10-09T23:18:54Z INFO [12/1000] 54100f9f-a707-4571-9a69-784f4e9a27c4: 48 arrays, 83.9 MB stored; 1.2 s; peak memory 164 MiB.
2026-10-09T23:18:54Z INFO [13/1000] 54118281-50ce-4ffd-9123-195d8d4b4ee2: 48 arrays, 83.9 MB stored; 1.2 s; peak memory 164 MiB.
2026-10-09T23:18:55Z INFO [14/1000] 5411cb13-a73d-4232-82f7-fc0942685aa0: 118 arrays, 0.3 MB stored; 1.3 s; peak memory 164 MiB.
2026-10-09T23:18:55Z INFO [15/1000] 54120256-571a-4c39-a31c-39e090977273: 38 arrays, 0.5 MB stored; 1.1 s; peak memory 164 MiB.
2026-10-09T23:18:55Z INFO [16/1000] 5412dadc-6ccf-4011-9299-58818bba49e5: 57 arrays, 0.0 MB stored; 1.0 s; peak memory 164 MiB.
2026-10-09T23:18:56Z INFO [17/1000] 540aa71b-e303-4638-b987-9ce3da1cfc3e: 538 arrays, 7.5 MB stored; 6.1 s; peak memory 164 MiB.
2026-10-09T23:18:56Z INFO [18/1000] 5412e944-7d1a-4ac4-869e-afb3ec8dc800: 117 arrays, 0.5 MB stored; 1.4 s; peak memory 164 MiB.
2026-10-09T23:18:56Z INFO [19/1000] 540e528f-a030-451c-8a88-ca8c82d73498: 711 arrays, 9.1 MB stored; 4.8 s; peak memory 164 MiB.
2026-10-09T23:18:56Z INFO [20/1000] 541317e2-9227-412d-b89c-6585bdfcb7e4: 42 arrays, 17300.0 MB stored; 1.4 s; peak memory 164 MiB.
2026-10-09T23:18:57Z INFO [21/1000] 540cb4db-1885-4220-95e5-2779d3ceaf18: 391 arrays, 77.8 MB stored; 7.4 s; peak memory 164 MiB.
2026-10-09T23:18:57Z INFO [22/1000] 54139b30-9f19-4b77-91e5-0a88035fb7b4: 38 arrays, 0.5 MB stored; 1.1 s; peak memory 164 MiB.
2026-10-09T23:18:58Z INFO [23/1000] 541331bd-be26-4602-b00c-dce6a1afb813: 138 arrays, 4.8 MB stored; 2.2 s; peak memory 164 MiB.
2026-10-09T23:18:58Z INFO [24/1000] 5413d615-74c3-4066-9ecd-56110e02d7be: 69 arrays, 63.3 MB stored; 1.6 s; peak memory 164 MiB.
2026-10-09T23:18:58Z INFO [25/1000] 54133d46-0f1d-4f61-a2ef-af5db934f54b: 38 arrays, 33.0 MB stored; 2.3 s; peak memory 164 MiB.
2026-10-09T23:18:58Z INFO [26/1000] 54150004-ece1-4850-a9aa-b1eff62dc53c: 48 arrays, 83.9 MB stored; 1.1 s; peak memory 164 MiB.
2026-10-09T23:18:59Z INFO [27/1000] 5414459a-1b5b-495e-8070-b6f058d83034: 131 arrays, 82110.8 MB stored; 2.2 s; peak memory 164 MiB.
2026-10-09T23:18:59Z INFO [28/1000] 5415474b-1ffd-4a4a-a389-1fd1acf46ffb: 117 arrays, 0.3 MB stored; 1.1 s; peak memory 164 MiB.
2026-10-09T23:18:59Z INFO [29/1000] 5415591a-fc96-4b89-bc90-d77ec4343363: 52 arrays, 12.5 MB stored; 1.2 s; peak memory 164 MiB.
2026-10-09T23:18:59Z INFO [30/1000] 54151f72-d18e-4494-963f-274b0d6e9b29: 90 arrays, 100.8 MB stored; 2.2 s; peak memory 164 MiB.
2026-10-09T23:19:00Z INFO [31/1000] 54155b13-8b23-4f17-915d-ed3333effa27: 102 arrays, 15.2 MB stored; 1.7 s; peak memory 164 MiB.
2026-10-09T23:19:00Z INFO [32/1000] 5415c9df-e2d5-41fb-b344-cc208f411ef0: 112 arrays, 0.4 MB stored; 1.5 s; peak memory 164 MiB.
2026-10-09T23:19:00Z INFO [33/1000] 54117536-f687-4d9b-8346-aa8f7a1f9029: 384 arrays, 77.8 MB stored; 7.3 s; peak memory 164 MiB.
2026-10-09T23:19:00Z INFO [34/1000] 5415e7a2-cf02-476a-b4de-f6b2db09ad45: 46 arrays, 0.2 MB stored; 1.2 s; peak memory 164 MiB.
2026-10-09T23:19:01Z INFO [35/1000] 5415643d-c4ab-4377-b071-963c83368518: 115 arrays, 190.1 MB stored; 2.3 s; peak memory 164 MiB.
2026-10-09T23:19:01Z INFO [36/1000] 5417868e-969f-4737-ade6-14ce008bdc82: 142 arrays, 1.3 MB stored; 1.3 s; peak memory 164 MiB.
2026-10-09T23:19:01Z INFO [37/1000] 5417df22-b378-426b-8bda-c45f93cce7a3: 56 arrays, 0.0 MB stored; 1.0 s; peak memory 164 MiB.
2026-10-09T23:19:02Z INFO [38/1000] 54180e71-b27c-4d13-a7bd-93a59bfa1841: 92 arrays, 0.4 MB stored; 1.4 s; peak memory 164 MiB.
2026-10-09T23:19:02Z INFO [39/1000] 54118a74-48b0-498c-a73a-e04af7fcb2bc: 941 arrays, 43.2 MB stored; 8.5 s; peak memory 164 MiB.
2026-10-09T23:19:02Z INFO [40/1000] 541b82aa-4dd8-418e-8bbd-713d5c253905: 48 arrays, 83.9 MB stored; 1.1 s; peak memory 164 MiB.
2026-10-09T23:19:02Z INFO [41/1000] 541b3342-c6b8-464b-ac70-b98283441c19: 48 arrays, 83.9 MB stored; 1.2 s; peak memory 164 MiB.
2026-10-09T23:19:03Z INFO [42/1000] 541b08ca-0a94-4f99-90aa-bee2472cc808: 119 arrays, 66.4 MB stored; 2.2 s; peak memory 164 MiB.
2026-10-09T23:19:03Z INFO [43/1000] 541bbecf-1a29-4504-a2de-16d59eb73563: 76 arrays, 3.9 MB stored; 1.4 s; peak memory 164 MiB.
2026-10-09T23:19:04Z INFO [44/1000] 5419c61e-5337-4dea-9f03-d61fd9a6fff7: 82 arrays, 473.3 MB stored; 3.4 s; peak memory 164 MiB.
2026-10-09T23:19:04Z INFO [45/1000] 541cac13-130e-4290-9847-9cbbeba37c5b: 76 arrays, 62.8 MB stored; 1.8 s; peak memory 164 MiB.
2026-10-09T23:19:04Z INFO [46/1000] 541d2ea1-3a46-466e-9244-776e5f18afe2: 56 arrays, 0.0 MB stored; 1.0 s; peak memory 164 MiB.
2026-10-09T23:19:04Z INFO [47/1000] 541d60c8-75bc-42fc-bb15-793afd82618a: 46 arrays, 0.2 MB stored; 0.9 s; peak memory 164 MiB.
2026-10-09T23:19:05Z INFO [48/1000] 541d09f6-fe12-4232-86d5-a425cbdff138: 116 arrays, 187.2 MB stored; 2.6 s; peak memory 164 MiB.
2026-10-09T23:19:05Z INFO [49/1000] 541f72b2-f2ac-4b54-a9ee-cd4827270c99: 48 arrays, 83.9 MB stored; 1.2 s; peak memory 164 MiB.
2026-10-09T23:19:05Z INFO [50/1000] 54159440-b34f-4aad-a250-388a6d768726: 629 arrays, 23.9 MB stored; 6.3 s; peak memory 164 MiB.
2026-10-09T23:19:05Z INFO [51/1000] 54205e7b-6970-4951-8414-93201410dc6a: 112 arrays, 0.6 MB stored; 1.6 s; peak memory 164 MiB.
2026-10-09T23:19:06Z INFO [52/1000] 5420710f-f05e-418f-b507-3756acce824b: 62 arrays, 4010.0 MB stored; 2.0 s; peak memory 164 MiB.
2026-10-09T23:19:06Z INFO [53/1000] 5420b399-88db-4e18-800d-17071e33feda: 112 arrays, 0.5 MB stored; 1.3 s; peak memory 164 MiB.
2026-10-09T23:19:06Z INFO [54/1000] 54211428-8071-4f4c-a48a-dc7606d1c07e: 45 arrays, 7.3 MB stored; 1.2 s; peak memory 164 MiB.
2026-10-09T23:19:07Z INFO [55/1000] 5421bbce-f477-448b-bdd2-890fedd5117b: 79 arrays, 2.2 MB stored; 1.3 s; peak memory 164 MiB.
2026-10-09T23:19:07Z INFO [56/1000] 54233967-788d-409a-8709-ceda1aef4c81: 52 arrays, 657.6 MB stored; 1.4 s; peak memory 164 MiB.
2026-10-09T23:19:08Z INFO [57/1000] 54234e1d-f4c9-4674-ba4b-a6b876808077: 112 arrays, 0.4 MB stored; 1.4 s; peak memory 164 MiB.
2026-10-09T23:19:08Z INFO [58/1000] 54238f1b-1ead-4a11-917c-c1e4ba6e80d7: 48 arrays, 83.9 MB stored; 1.1 s; peak memory 164 MiB.
2026-10-09T23:19:08Z INFO [59/1000] 541f9ddf-986f-48e6-8fe9-b959fd981e96: 168 arrays, 69.4 MB stored; 4.2 s; peak memory 164 MiB.
2026-10-09T23:19:09Z INFO [60/1000] 5423979d-03a6-42f1-80d6-67da5eae214b: 60 arrays, 0.8 MB stored; 1.3 s; peak memory 164 MiB.
2026-10-09T23:19:09Z INFO [61/1000] 5423ce41-85ce-4653-ab9e-07f191481c39: 116 arrays, 0.4 MB stored; 1.4 s; peak memory 164 MiB.
2026-10-09T23:19:09Z INFO [62/1000] 54231c6e-eef2-47f4-9714-9bb8e552fae9: 53 arrays, 125.5 MB stored; 3.1 s; peak memory 164 MiB.
2026-10-09T23:19:09Z INFO [63/1000] 542431f9-97d1-4bcb-914c-1cff27472f29: 48 arrays, 83.9 MB stored; 1.3 s; peak memory 164 MiB.
2026-10-09T23:19:10Z INFO [64/1000] 542569a4-8e42-4aac-9cc6-5d667bce5325: 41 arrays, 4.8 MB stored; 1.1 s; peak memory 164 MiB.
2026-10-09T23:19:10Z INFO [65/1000] 5424ac54-a11e-4f6d-9362-1368f6889721: 117 arrays, 0.4 MB stored; 1.3 s; peak memory 164 MiB.
2026-10-09T23:19:11Z INFO [66/1000] 541ab4ff-e992-4fa2-969d-fb97d8a1927c: 98 arrays, 63.1 MB stored; 10.4 s; peak memory 164 MiB.
2026-10-09T23:19:11Z INFO [67/1000] 542493a2-1f86-48bd-a7ad-988c70253141: 38 arrays, 34.1 MB stored; 2.2 s; peak memory 164 MiB.
2026-10-09T23:19:11Z INFO [68/1000] 54255aa7-f213-4c37-9288-b2a2277e032b: 49 arrays, 686.6 MB stored; 1.9 s; peak memory 164 MiB.
2026-10-09T23:19:12Z INFO [69/1000] 5425af5e-5be6-4ede-95c8-40ff5f20a7cd: 224 arrays, 217.2 MB stored; 1.8 s; peak memory 164 MiB.
2026-10-09T23:19:12Z INFO [70/1000] 54263aed-ec86-4db5-bfca-f93bcfff27e5: 71 arrays, 3.0 MB stored; 1.4 s; peak memory 164 MiB.
2026-10-09T23:19:13Z INFO [71/1000] 54282629-3dcf-4b20-9b79-fb22ab744a9f: 116 arrays, 0.5 MB stored; 1.3 s; peak memory 164 MiB.
2026-10-09T23:19:13Z INFO [72/1000] 542866ec-1a3d-4ff0-9652-0d05b7c2eaf9: 52 arrays, 9.6 MB stored; 1.2 s; peak memory 164 MiB.
2026-10-09T23:19:13Z INFO [73/1000] 5426a6c1-5571-4fda-a421-f870aff3ea5e: 118 arrays, 67.1 MB stored; 2.6 s; peak memory 164 MiB.
2026-10-09T23:19:14Z INFO [74/1000] 541bb9cb-3b37-4752-a5f2-8f3bfff0e723: 718 arrays, 20.1 MB stored; 12.4 s; peak memory 164 MiB.
2026-10-09T23:19:14Z INFO [75/1000] 5428e735-c3d2-4ee8-a019-65d91e35dc73: 48 arrays, 83.9 MB stored; 1.1 s; peak memory 164 MiB.
2026-10-09T23:19:15Z INFO [76/1000] 542a1dd7-2b62-4120-a87d-d3d1644b4c0c: 48 arrays, 83.9 MB stored; 1.2 s; peak memory 164 MiB.
2026-10-09T23:19:15Z INFO [77/1000] 5425e0dd-8d16-492f-87ef-226d5a7e0fa9: 225 arrays, 250.7 MB stored; 4.6 s; peak memory 164 MiB.
2026-10-09T23:19:15Z INFO [78/1000] 542a732b-5937-46fb-a84c-6eca9540a711: 118 arrays, 0.3 MB stored; 1.2 s; peak memory 164 MiB.
2026-10-09T23:19:16Z INFO [79/1000] 542a9fd1-cae3-4e60-af3c-f4da16830d33: 49 arrays, 1859.6 MB stored; 1.5 s; peak memory 164 MiB.
2026-10-09T23:19:16Z INFO [80/1000] 542b3a84-b27a-4ced-ae69-49fb04b68025: 48 arrays, 83.9 MB stored; 1.2 s; peak memory 164 MiB.
2026-10-09T23:19:16Z INFO [81/1000] 5426a9c0-56f4-47a1-a874-828d2ec0d902: 859 arrays, 13.0 MB stored; 5.4 s; peak memory 164 MiB.
2026-10-09T23:19:17Z INFO [82/1000] 542b179e-f122-45d1-bbf2-1c5c310ba4b2: 71 arrays, 2.4 MB stored; 1.6 s; peak memory 164 MiB.
2026-10-09T23:19:17Z INFO [83/1000] 542b6caa-f019-442b-90f6-8ed724f5e7fb: 48 arrays, 83.9 MB stored; 1.2 s; peak memory 164 MiB.
2026-10-09T23:19:18Z INFO [84/1000] 54215946-8780-407b-be45-b1fa31fe1a2d: 1260 arrays, 43.0 MB stored; 12.8 s; peak memory 164 MiB.
2026-10-09T23:19:18Z INFO [85/1000] 542c772c-7816-4c2e-abbe-bcb6b12dd798: 117 arrays, 0.3 MB stored; 1.4 s; peak memory 164 MiB.
2026-10-09T23:19:18Z INFO [86/1000] 542d88d5-0af3-4c3c-8043-958d2dd595de: 51 arrays, 1810.1 MB stored; 1.6 s; peak memory 164 MiB.
2026-10-09T23:19:19Z INFO [87/1000] 542e09ed-b928-453b-83fd-e8d8fd80e834: 117 arrays, 0.3 MB stored; 1.3 s; peak memory 164 MiB.
2026-10-09T23:19:19Z INFO [88/1000] 542eb38a-64d6-4d87-a70f-19310410677a: 48 arrays, 83.9 MB stored; 1.2 s; peak memory 164 MiB.
2026-10-09T23:19:20Z INFO [89/1000] 542edb0a-bf87-413f-b340-b5a61223a64a: 65 arrays, 46.9 MB stored; 1.7 s; peak memory 164 MiB.
2026-10-09T23:19:20Z INFO [90/1000] 542f9cf0-9403-454a-86c7-9909fe78c4e0: 48 arrays, 83.9 MB stored; 1.3 s; peak memory 164 MiB.
2026-10-09T23:19:20Z INFO [91/1000] 542f8efa-96c0-404b-856d-a4d6f3bfb5d8: 117 arrays, 0.3 MB stored; 1.4 s; peak memory 164 MiB.
2026-10-09T23:19:21Z INFO [92/1000] 542fa953-b854-4e1d-99bc-5702af227459: 116 arrays, 0.2 MB stored; 1.1 s; peak memory 164 MiB.
2026-10-09T23:19:21Z INFO [93/1000] 542bce79-302a-48f7-b54e-4a798ef5e4a4: 566 arrays, 11.8 MB stored; 4.8 s; peak memory 164 MiB.
2026-10-09T23:19:21Z INFO [94/1000] 542fc2dd-8b04-4a3c-b00f-3099b6211cb2: 117 arrays, 0.2 MB stored; 1.1 s; peak memory 164 MiB.
2026-10-09T23:19:22Z INFO [95/1000] 5431493c-c7c2-4deb-95e8-b3d7f6e07fd9: 41 arrays, 8.4 MB stored; 1.0 s; peak memory 164 MiB.
2026-10-09T23:19:23Z INFO [96/1000] 543130b9-1d6d-4440-9c5b-5650d208d251: 219 arrays, 17.1 MB stored; 1.5 s; peak memory 164 MiB.
2026-10-09T23:19:23Z INFO [97/1000] 5430c23c-56ae-42ac-aa2b-f84f22a84b1b: 71 arrays, 149.4 MB stored; 2.1 s; peak memory 164 MiB.
2026-10-09T23:19:24Z INFO [98/1000] 54316fe1-6100-4e3c-ac04-806a7ca45c5f: 56 arrays, 0.0 MB stored; 1.1 s; peak memory 164 MiB.
2026-10-09T23:19:24Z INFO [99/1000] 543239fd-5541-4f01-b84f-e9b40d7bd009: 48 arrays, 83.9 MB stored; 1.3 s; peak memory 164 MiB.
2026-10-09T23:19:26Z INFO [100/1000] 5433ae1c-ea53-4bcd-8f3b-56a4faf29b13: 144 arrays, 1.0 MB stored; 1.8 s; peak memory 164 MiB.
2026-10-09T23:19:26Z INFO [101/1000] 54338a8e-62bd-4960-83d9-aa524b5f1e9d: 186 arrays, 18.1 MB stored; 2.8 s; peak memory 164 MiB.
2026-10-09T23:19:27Z INFO [102/1000] 5433f1e4-beee-4f01-8776-b0c226aa4d41: 131 arrays, 0.6 MB stored; 1.4 s; peak memory 164 MiB.
2026-10-09T23:19:28Z INFO [103/1000] 543402d6-e6f6-4834-ae47-5ff4fde33ac6: 112 arrays, 1.0 MB stored; 1.5 s; peak memory 164 MiB.
2026-10-09T23:19:28Z INFO [104/1000] 54340d07-1b14-411b-92e4-30060d9a21b1: 121 arrays, 0.2 MB stored; 1.1 s; peak memory 164 MiB.
2026-10-09T23:19:29Z INFO [105/1000] 54349eb1-67b0-455c-98ae-6a3fb425c360: 117 arrays, 0.3 MB stored; 1.3 s; peak memory 164 MiB.
2026-10-09T23:19:31Z INFO [106/1000] 5435992f-e74f-4a38-b623-d3bf7e255e5e: 118 arrays, 0.5 MB stored; 1.4 s; peak memory 164 MiB.
2026-10-09T23:19:31Z INFO [107/1000] 5433875d-66f5-4bb2-b896-d36a6098e503: 781 arrays, 21.3 MB stored; 8.3 s; peak memory 164 MiB.
2026-10-09T23:19:31Z INFO [108/1000] 5435e639-49d1-4715-96fd-3282852494e6: 53 arrays, 0.0 MB stored; 0.9 s; peak memory 164 MiB.
2026-10-09T23:19:33Z INFO [109/1000] 54363580-e78c-4f3a-b118-54a10c416766: 48 arrays, 83.9 MB stored; 1.1 s; peak memory 164 MiB.
2026-10-09T23:19:33Z INFO [110/1000] 5437728b-922a-49e1-baf2-77ea20c9843a: 48 arrays, 83.9 MB stored; 1.3 s; peak memory 164 MiB.
2026-10-09T23:19:34Z INFO [111/1000] 5437d517-d9ef-4dc0-b425-76c254dd286b: 117 arrays, 0.2 MB stored; 1.2 s; peak memory 164 MiB.
2026-10-09T23:19:36Z INFO [112/1000] 5438121c-aa55-48aa-ac9e-cb8f588858fc: 70 arrays, 252.5 MB stored; 2.4 s; peak memory 164 MiB.
2026-10-09T23:19:36Z INFO [113/1000] 5434ab71-231c-4af5-bae8-1e68f2c23f5b: 1293 arrays, 28.3 MB stored; 8.1 s; peak memory 164 MiB.
2026-10-09T23:19:38Z INFO [114/1000] 5438242d-eb7b-434d-b79f-408eb1569e29: 101 arrays, 2.6 MB stored; 1.6 s; peak memory 164 MiB.
2026-10-09T23:19:38Z INFO [115/1000] 5439c193-2500-4110-84c4-911552e08262: 64 arrays, 37.3 MB stored; 1.6 s; peak memory 164 MiB.
2026-10-09T23:19:39Z INFO [116/1000] 543a5010-cfe7-4090-a187-c1d7959d1f10: 48 arrays, 83.9 MB stored; 1.0 s; peak memory 164 MiB.
2026-10-09T23:19:40Z INFO [117/1000] 543a10bb-ec21-46f8-bacd-72a1655431d4: 152 arrays, 1.1 MB stored; 1.9 s; peak memory 164 MiB.
2026-10-09T23:19:40Z INFO [118/1000] 542dde8a-2c37-4f47-acd1-26c1d5347be9: 48 arrays, 42387.9 MB stored; 22.6 s; peak memory 164 MiB.
2026-10-09T23:19:40Z INFO [119/1000] 543a6679-817f-4842-aa18-0d97d718d955: 117 arrays, 0.3 MB stored; 1.3 s; peak memory 164 MiB.
2026-10-09T23:19:41Z INFO [120/1000] 543ae12b-5d0e-4594-8d30-f10bfb45793e: 117 arrays, 0.3 MB stored; 1.2 s; peak memory 164 MiB.
2026-10-09T23:19:41Z INFO [121/1000] 543b1eb3-211c-432c-9b9a-d425354bd9c1: 48 arrays, 83.9 MB stored; 1.2 s; peak memory 164 MiB.
2026-10-09T23:19:41Z INFO [122/1000] 543b8c8b-ef59-465d-a87c-cb85cdf5dfab: 56 arrays, 0.0 MB stored; 1.1 s; peak memory 164 MiB.
2026-10-09T23:19:42Z INFO [123/1000] 543c7834-b3f4-45e1-b802-e1e4ec09cbf3: 118 arrays, 0.2 MB stored; 1.1 s; peak memory 164 MiB.
2026-10-09T23:19:42Z INFO [124/1000] 543d6082-78d4-40e7-9dd5-91f3bd0c0f81: 117 arrays, 0.3 MB stored; 1.1 s; peak memory 164 MiB.
2026-10-09T23:19:43Z INFO [125/1000] 543060ed-03e7-4afb-bc43-54fe0e484cb7: 48 arrays, 36606.3 MB stored; 22.1 s; peak memory 164 MiB.
2026-10-09T23:19:43Z INFO [126/1000] 543de9b7-a4f8-49d3-b4af-4c7549279313: 114 arrays, 0.1 MB stored; 1.0 s; peak memory 164 MiB.
2026-10-09T23:19:43Z INFO [127/1000] 543db71a-d296-4e5b-a193-b26864d02b0f: 289 arrays, 17.2 MB stored; 1.6 s; peak memory 164 MiB.
2026-10-09T23:19:43Z INFO [128/1000] 54380d14-8324-4f38-a1c7-9000ace97e48: 1109 arrays, 48.3 MB stored; 10.7 s; peak memory 164 MiB.
2026-10-09T23:19:45Z INFO [129/1000] 543fc598-9de7-42bd-91bc-3b064815bebb: 275 arrays, 17.1 MB stored; 1.6 s; peak memory 164 MiB.
2026-10-09T23:19:45Z INFO [130/1000] 543e43b4-1749-42ae-bb15-9529ce367f3e: 104 arrays, 2322.7 MB stored; 3.0 s; peak memory 164 MiB.
2026-10-09T23:19:46Z INFO [131/1000] 5440eab9-07c6-46a8-ab1b-57650026aca6: 57 arrays, 624.3 MB stored; 2.2 s; peak memory 164 MiB.
2026-10-09T23:19:46Z INFO [132/1000] 5441378d-2966-409f-acd4-3ee3022d682e: 52 arrays, 16.3 MB stored; 1.2 s; peak memory 164 MiB.
2026-10-09T23:19:46Z INFO [133/1000] 5441b454-2310-4e9f-96e5-0667339f1b25: 55 arrays, 0.6 MB stored; 1.1 s; peak memory 164 MiB.
2026-10-09T23:19:47Z INFO [134/1000] 54423dbc-bd18-41ef-84f7-6edb1ca9f0b4: 117 arrays, 0.3 MB stored; 1.4 s; peak memory 164 MiB.
2026-10-09T23:19:47Z INFO [135/1000] 54427efa-4fc3-40d8-b1e8-c3812a420967: 52 arrays, 24.0 MB stored; 1.5 s; peak memory 164 MiB.
2026-10-09T23:19:48Z INFO [136/1000] 5440210f-ce58-4e24-8781-f39dbf159ff7: 538 arrays, 8.3 MB stored; 4.9 s; peak memory 164 MiB.
2026-10-09T23:19:49Z INFO [137/1000] 5443d36f-2df3-4064-aa66-e30f19500d1a: 48 arrays, 83.9 MB stored; 1.1 s; peak memory 164 MiB.
2026-10-09T23:19:50Z INFO [138/1000] 54439d77-e0a1-468e-beff-fe09b7290691: 138 arrays, 4.8 MB stored; 2.6 s; peak memory 164 MiB.
2026-10-09T23:19:51Z INFO [139/1000] 5444aad9-6dc3-4887-8cbe-f651ba6cc1b4: 70 arrays, 22.2 MB stored; 1.6 s; peak memory 164 MiB.
2026-10-09T23:19:51Z INFO [140/1000] 5444cfe4-521b-41b0-9568-c56d180f86fe: 48 arrays, 83.9 MB stored; 1.2 s; peak memory 164 MiB.
2026-10-09T23:19:52Z INFO [141/1000] 54431916-7714-4ee9-898e-a0a278049507: 759 arrays, 10.7 MB stored; 5.4 s; peak memory 164 MiB.
2026-10-09T23:19:53Z INFO [142/1000] 543f83fd-5a59-4403-9b78-ba1bcdaac717: 1533 arrays, 33.9 MB stored; 10.7 s; peak memory 164 MiB.
2026-10-09T23:19:53Z INFO [143/1000] 5446063a-a06a-4ea6-a5f8-519560242214: 289 arrays, 17.2 MB stored; 1.6 s; peak memory 164 MiB.
2026-10-09T23:19:54Z INFO [144/1000] 5445efa0-d8a8-4cbc-9b53-b70c669a9fbe: 156 arrays, 193.4 MB stored; 2.6 s; peak memory 164 MiB.
2026-10-09T23:19:54Z INFO [145/1000] 544683af-b135-43f5-945d-2668b942a29f: 33 arrays, 0.0 MB stored; 1.0 s; peak memory 164 MiB.
2026-10-09T23:19:55Z INFO [146/1000] 5446dd22-6fb2-4e48-9492-bfb8afb3fd70: 110 arrays, 1.1 MB stored; 1.5 s; peak memory 164 MiB.
2026-10-09T23:19:56Z INFO [147/1000] 54470778-2ef9-43c4-806d-7abd78d33660: 70 arrays, 33.1 MB stored; 1.6 s; peak memory 164 MiB.
2026-10-09T23:19:57Z INFO [148/1000] 5447a108-21b6-4503-930b-b7ab62a31fa3: 50 arrays, 1.8 MB stored; 1.0 s; peak memory 164 MiB.
2026-10-09T23:19:58Z INFO [149/1000] 5447db1a-61a4-4fa7-bb38-64bd8220fb21: 66 arrays, 22.0 MB stored; 1.4 s; peak memory 164 MiB.
2026-10-09T23:19:59Z INFO [150/1000] 5444e180-0675-47cc-a902-f795aa65ad32: 704 arrays, 18.2 MB stored; 8.1 s; peak memory 164 MiB.
2026-10-09T23:19:59Z INFO [151/1000] 542a94b4-fc7e-413a-bfd2-8cf545588449: 4239 arrays, 398.4 MB stored; 44.8 s; peak memory 164 MiB.
2026-10-09T23:20:00Z INFO [152/1000] 5447f8c7-3b2c-4ef1-93f2-dacd08c3b4d5: 48 arrays, 83.9 MB stored; 1.2 s; peak memory 164 MiB.
2026-10-09T23:20:00Z INFO [153/1000] 54483141-2710-4aa2-b0dc-8d59e15c7979: 48 arrays, 83.9 MB stored; 1.2 s; peak memory 164 MiB.
2026-10-09T23:20:00Z INFO [154/1000] 5448a13a-6458-4136-b431-474dd55b9233: 110 arrays, 0.5 MB stored; 1.3 s; peak memory 164 MiB.
2026-10-09T23:20:01Z INFO [155/1000] 544a042b-c05b-411a-98de-8757a3e33e20: 114 arrays, 0.1 MB stored; 1.2 s; peak memory 164 MiB.
2026-10-09T23:20:01Z INFO [156/1000] 544a4e81-4610-4c94-b3e3-2d67591ae2c1: 41 arrays, 8.4 MB stored; 0.9 s; peak memory 164 MiB.
2026-10-09T23:20:02Z INFO [157/1000] 544a59c2-f231-4986-b0ba-3d5e73b1a089: 37 arrays, 0.0 MB stored; 0.9 s; peak memory 164 MiB.
2026-10-09T23:20:03Z INFO [158/1000] 544c8894-bc52-4ee6-810b-9ca77d128020: 117 arrays, 0.3 MB stored; 1.1 s; peak memory 164 MiB.
2026-10-09T23:20:03Z INFO [159/1000] 544c22b7-1631-49bf-a008-0b050ca810b0: 71 arrays, 65.5 MB stored; 1.9 s; peak memory 164 MiB.
2026-10-09T23:20:04Z INFO [160/1000] 5446cb5f-1eb7-4de7-9338-593fb63e392c: 1532 arrays, 29.8 MB stored; 10.1 s; peak memory 164 MiB.
2026-10-09T23:20:04Z INFO [161/1000] 5449c43b-5a53-4eaa-8c6c-27651639aca4: 642 arrays, 18.7 MB stored; 4.1 s; peak memory 164 MiB.
2026-10-09T23:20:05Z INFO [162/1000] 544cb570-19f3-43b2-a1c9-8684f0b0738c: 110 arrays, 0.3 MB stored; 1.4 s; peak memory 164 MiB.
2026-10-09T23:20:05Z INFO [163/1000] 544de46c-2d16-427a-a2b6-f9e6350ab6bb: 39 arrays, 2.3 MB stored; 1.1 s; peak memory 164 MiB.
2026-10-09T23:20:05Z INFO [164/1000] 544d3262-7f4a-4f82-9c0d-fe2d0cc9279e: 112 arrays, 0.4 MB stored; 1.5 s; peak memory 164 MiB.
2026-10-09T23:20:05Z INFO [165/1000] 544e5a36-3019-4cba-99c1-d80c3d2b39f2: 62 arrays, 4486.9 MB stored; 1.7 s; peak memory 164 MiB.
2026-10-09T23:20:06Z INFO [166/1000] 544e9044-d698-4b33-be50-49e41ed14f04: 48 arrays, 83.9 MB stored; 1.3 s; peak memory 164 MiB.
2026-10-09T23:20:06Z INFO [167/1000] 544e7ac0-ec3b-48c4-ba33-113fecf92f04: 275 arrays, 17.1 MB stored; 1.6 s; peak memory 164 MiB.
2026-10-09T23:20:06Z INFO [168/1000] 544e96b4-8fda-4f77-8da1-01c3c78c268e: 117 arrays, 0.5 MB stored; 1.5 s; peak memory 164 MiB.
2026-10-09T23:20:06Z INFO [169/1000] 544ea929-22dc-44c7-8bb3-bc461d3aa9f0: 48 arrays, 83.9 MB stored; 1.1 s; peak memory 164 MiB.
2026-10-09T23:20:07Z INFO [170/1000] 544eba2f-1874-48f2-b701-0725140acbdd: 48 arrays, 83.9 MB stored; 1.2 s; peak memory 164 MiB.
2026-10-09T23:20:09Z INFO [171/1000] 544ebc6a-3df7-49b6-ba0d-fc2edaf90a1a: 71 arrays, 149.3 MB stored; 2.6 s; peak memory 164 MiB.
2026-10-09T23:20:10Z INFO [172/1000] 5451ca49-248d-455b-ae9d-520706c449a8: 51 arrays, 0.0 MB stored; 0.9 s; peak memory 164 MiB.
2026-10-09T23:20:11Z INFO [173/1000] 545228e0-374f-4efd-b635-8c8b1b547bb4: 112 arrays, 0.8 MB stored; 1.4 s; peak memory 164 MiB.
2026-10-09T23:20:12Z INFO [174/1000] 54526f4a-ed1b-49c8-a07d-9a2cada5ee0b: 52 arrays, 0.0 MB stored; 1.0 s; peak memory 164 MiB.
2026-10-09T23:20:13Z INFO [175/1000] 544ff3d6-43ac-46f9-95a8-ee5c0bdcc26c: 56 arrays, 122.2 MB stored; 6.9 s; peak memory 164 MiB.
2026-10-09T23:20:13Z INFO [176/1000] 54513849-4a4c-4914-818c-696f5d0c9798: 9077 arrays, 381.5 MB stored; 6.2 s; peak memory 164 MiB.
2026-10-09T23:20:14Z INFO [177/1000] 5452c38a-1a34-42aa-a62e-b32e4d77f746: 71 arrays, 67.1 MB stored; 2.1 s; peak memory 164 MiB.
2026-10-09T23:20:14Z INFO [178/1000] 5453837c-78ad-49d5-b2de-3efc8d22a2ca: 57 arrays, 0.0 MB stored; 0.9 s; peak memory 164 MiB.
2026-10-09T23:20:15Z INFO [179/1000] 545338ee-7f0c-4ff5-b758-efa5aac51348: 117 arrays, 0.6 MB stored; 1.4 s; peak memory 164 MiB.
2026-10-09T23:20:15Z INFO [180/1000] 5453985c-9617-4d0a-95e9-564736b3f477: 45 arrays, 0.0 MB stored; 0.9 s; peak memory 164 MiB.
2026-10-09T23:20:16Z INFO [181/1000] 545465a7-2cd1-4e54-93eb-5790893f8ae7: 48 arrays, 83.9 MB stored; 1.3 s; peak memory 164 MiB.
2026-10-09T23:20:16Z INFO [182/1000] 54556614-5d06-4835-9dcf-79ab56b740e1: 165 arrays, 10.9 MB stored; 1.7 s; peak memory 164 MiB.
2026-10-09T23:20:18Z INFO [183/1000] 54567028-98e7-4054-ac94-b86a83c7509e: 70 arrays, 0.0 MB stored; 1.4 s; peak memory 164 MiB.
2026-10-09T23:20:19Z INFO [184/1000] 54578071-256f-4b6e-85c6-117d2af50d79: 118 arrays, 0.3 MB stored; 1.1 s; peak memory 164 MiB.
2026-10-09T23:20:19Z INFO [185/1000] 5443515c-8977-4848-97f3-d4f75f0b5f16: 36 arrays, 1809.7 MB stored; 32.2 s; peak memory 164 MiB.
2026-10-09T23:20:21Z INFO [186/1000] 5458a8dd-2249-4d86-84f5-1baf5db9e91f: 117 arrays, 0.4 MB stored; 1.3 s; peak memory 164 MiB.
2026-10-09T23:20:23Z INFO [187/1000] 545842f0-9458-4d58-8c58-70932e3db984: 516 arrays, 6.6 MB stored; 4.0 s; peak memory 164 MiB.
2026-10-09T23:20:24Z INFO [188/1000] 5459554e-89d1-482f-8438-7bd04d727a4a: 117 arrays, 0.5 MB stored; 1.2 s; peak memory 164 MiB.
2026-10-09T23:20:25Z INFO [189/1000] 5458e799-a63b-497d-ae31-9f58710a723d: 225 arrays, 234.7 MB stored; 4.2 s; peak memory 164 MiB.
2026-10-09T23:20:26Z INFO [190/1000] 545996be-5e51-4224-ae4c-d4c2d9ecda6c: 115 arrays, 0.5 MB stored; 1.2 s; peak memory 164 MiB.
2026-10-09T23:20:27Z INFO [191/1000] 5459ba95-1c3a-41fa-b125-52053a1db050: 48 arrays, 83.9 MB stored; 1.3 s; peak memory 164 MiB.
2026-10-09T23:20:27Z INFO [192/1000] 545989e3-9d0f-4ec4-872d-2a0e52333af4: 197 arrays, 27.1 MB stored; 3.3 s; peak memory 164 MiB.
2026-10-09T23:20:28Z INFO [193/1000] 5459ff55-fbd4-400a-ac50-00bc27f46d5d: 57 arrays, 0.0 MB stored; 0.9 s; peak memory 164 MiB.
2026-10-09T23:20:30Z INFO [194/1000] 545a80ef-1ff3-4783-9041-2a7bada49b68: 230 arrays, 0.9 MB stored; 1.4 s; peak memory 164 MiB.
2026-10-09T23:20:36Z INFO [195/1000] 544feeea-4053-4d8e-8f11-60f6531f53bd: 49 arrays, 1625.2 MB stored; 29.6 s; peak memory 164 MiB.
2026-10-09T23:20:37Z INFO [196/1000] 545b8dc8-7bc1-4aa1-9d19-d36c878d93a1: 114 arrays, 0.2 MB stored; 1.0 s; peak memory 164 MiB.
2026-10-09T23:20:38Z INFO [197/1000] 54557d62-c05f-46dd-af8c-6abdc211092f: 48 arrays, 40407.6 MB stored; 22.5 s; peak memory 164 MiB.
2026-10-09T23:20:38Z INFO [198/1000] 545c5d92-98e6-4b84-98b7-cf6e6aa72d15: 116 arrays, 0.3 MB stored; 1.1 s; peak memory 164 MiB.
2026-10-09T23:20:39Z INFO [199/1000] 545dd57c-287a-4d9b-a58e-dc552c950da4: 61 arrays, 26.7 MB stored; 1.3 s; peak memory 164 MiB.
2026-10-09T23:20:40Z INFO [200/1000] 545e73f2-bf9f-4b09-885d-57cd18768629: 38 arrays, 36.3 MB stored; 1.9 s; peak memory 164 MiB.
2026-10-09T23:20:40Z INFO [200/1000] 545e73f2-bf9f-4b09-885d-57cd18768629: checkpointed 200 new records.
2026-10-09T23:20:40Z INFO [201/1000] 545ed7e5-ade5-44d5-81ce-45a48f3bffa8: 48 arrays, 83.9 MB stored; 1.0 s; peak memory 164 MiB.
2026-10-09T23:20:41Z INFO [202/1000] 545f7a6a-eecc-44c5-bc5e-baa2653d4d4b: 48 arrays, 83.9 MB stored; 1.2 s; peak memory 164 MiB.
2026-10-09T23:20:42Z INFO [203/1000] 545f93d7-5c34-40fe-abd0-edfda4dab372: 71 arrays, 37.5 MB stored; 1.6 s; peak memory 164 MiB.
2026-10-09T23:20:42Z INFO [204/1000] 546046f3-7b6d-41cb-92fe-ebe9be1ec396: 48 arrays, 83.9 MB stored; 1.1 s; peak memory 164 MiB.
2026-10-09T23:20:43Z INFO [205/1000] 5460ae4b-c4f2-4f42-be63-90f9665d97b4: 46 arrays, 0.0 MB stored; 1.0 s; peak memory 164 MiB.
2026-10-09T23:20:43Z INFO [206/1000] 5460d65b-9c83-4294-bb58-43af75d521a7: 117 arrays, 0.2 MB stored; 1.2 s; peak memory 164 MiB.
2026-10-09T23:20:44Z INFO [207/1000] 5460e591-167c-4c11-9f17-3d5f2aaaa517: 48 arrays, 83.9 MB stored; 1.1 s; peak memory 164 MiB.
2026-10-09T23:20:45Z INFO [208/1000] 546163a9-501b-42e2-b9f5-a2ff971c1d3c: 118 arrays, 0.4 MB stored; 1.2 s; peak memory 164 MiB.
2026-10-09T23:20:45Z INFO [209/1000] 54620b60-4c9d-415c-a07a-d205ac4fde50: 46 arrays, 0.0 MB stored; 0.8 s; peak memory 164 MiB.
2026-10-09T23:20:48Z INFO [210/1000] 54620ed3-03d0-49a6-9020-79d3b6cd2864: 38 arrays, 34.1 MB stored; 2.1 s; peak memory 164 MiB.
2026-10-09T23:20:49Z INFO [211/1000] 5462234a-0043-47fa-9bc6-6ee3a8b22251: 71 arrays, 132.2 MB stored; 1.8 s; peak memory 164 MiB.
2026-10-09T23:20:50Z INFO [212/1000] 5461d549-c696-42e1-9c5c-bcb2c32435e3: 702 arrays, 20.9 MB stored; 5.9 s; peak memory 164 MiB.
2026-10-09T23:20:50Z INFO [213/1000] 54248c1c-a3a8-4cc1-a015-f4e43b4545d5: 55 arrays, 6959.5 MB stored; 102.3 s; peak memory 164 MiB.
2026-10-09T23:20:50Z INFO [214/1000] 546236bd-1f28-4986-9a08-afb522988ec5: 46 arrays, 12.6 MB stored; 1.1 s; peak memory 164 MiB.
2026-10-09T23:20:51Z INFO [215/1000] 5462ccf6-23a8-41f4-b9b9-bec80f7f6533: 71 arrays, 2.3 MB stored; 1.3 s; peak memory 164 MiB.
2026-10-09T23:20:51Z INFO [216/1000] 54631f46-6033-46ce-a621-c55a07ee19aa: 38 arrays, 0.5 MB stored; 1.2 s; peak memory 164 MiB.
2026-10-09T23:20:52Z INFO [217/1000] 546344bb-cef9-425c-8009-ec67f1552a9b: 48 arrays, 83.9 MB stored; 1.2 s; peak memory 164 MiB.
2026-10-09T23:20:53Z INFO [218/1000] 5465f39c-2a39-45c5-a794-e0337deed235: 52 arrays, 12.6 MB stored; 1.1 s; peak memory 164 MiB.
2026-10-09T23:20:53Z INFO [219/1000] 5465638f-2965-495d-8d09-2b45f5f26d67: 117 arrays, 0.5 MB stored; 1.4 s; peak memory 164 MiB.
2026-10-09T23:20:54Z INFO [220/1000] 5466a4c4-ebf8-484e-9b3a-36087d474e77: 48 arrays, 83.9 MB stored; 1.1 s; peak memory 164 MiB.
2026-10-09T23:20:55Z INFO [221/1000] 54673253-f06f-4413-b1b2-b945145c4e24: 112 arrays, 0.3 MB stored; 1.2 s; peak memory 164 MiB.
2026-10-09T23:20:55Z INFO [222/1000] 546671a3-f25d-4a70-899e-b2c2f7198a2e: 115 arrays, 186.8 MB stored; 2.5 s; peak memory 164 MiB.
2026-10-09T23:20:56Z INFO [223/1000] 5467a32b-cad9-43d6-ae2e-fa34fefbc1d0: 112 arrays, 0.3 MB stored; 1.1 s; peak memory 164 MiB.
2026-10-09T23:20:56Z INFO [224/1000] 54678e9c-9373-4aa4-973d-ef68bcedded3: 48 arrays, 83.9 MB stored; 1.3 s; peak memory 164 MiB.
2026-10-09T23:20:58Z INFO [225/1000] 5467d414-7f4c-4e80-9670-7dc14f2e1bac: 48 arrays, 83.9 MB stored; 1.2 s; peak memory 164 MiB.
2026-10-09T23:20:58Z INFO [226/1000] 5468de91-efdd-405d-b763-95ece23f7466: 117 arrays, 0.7 MB stored; 1.3 s; peak memory 164 MiB.
2026-10-09T23:20:59Z INFO [227/1000] 546a2389-4f5f-4dbb-a4b3-ccab5abd836f: 118 arrays, 0.4 MB stored; 1.4 s; peak memory 164 MiB.
2026-10-09T23:21:00Z INFO [228/1000] 545acb27-dd50-47b7-8603-1dd794a05eb1: 3892 arrays, 69.3 MB stored; 30.6 s; peak memory 164 MiB.
2026-10-09T23:21:00Z INFO [229/1000] 546a3894-2f94-4db6-bc12-59e2817898ce: 48 arrays, 83.9 MB stored; 1.1 s; peak memory 164 MiB.
2026-10-09T23:21:01Z INFO [230/1000] 5455a546-aaad-49e1-b440-4a8c37ea98c1: 55 arrays, 2063.8 MB stored; 44.9 s; peak memory 164 MiB.
2026-10-09T23:21:02Z INFO [231/1000] 546ba3c6-69c2-458c-b05b-07d911c257f9: 48 arrays, 83.9 MB stored; 1.1 s; peak memory 164 MiB.
2026-10-09T23:21:02Z INFO [232/1000] 546a9f23-da9c-4f08-aa7c-d6fe8420272a: 69 arrays, 27.0 MB stored; 1.7 s; peak memory 164 MiB.
2026-10-09T23:21:02Z INFO [233/1000] 546aa0a1-8660-4cf4-87c3-be96c80fffa4: 82 arrays, 24.0 MB stored; 1.7 s; peak memory 164 MiB.
2026-10-09T23:21:03Z INFO [234/1000] 546c9a81-f978-42c9-ac12-01ce29594571: 116 arrays, 0.4 MB stored; 1.3 s; peak memory 164 MiB.
2026-10-09T23:21:03Z INFO [235/1000] 546a0634-150c-41f3-82f5-7a131be856f7: 196 arrays, 612.3 MB stored; 5.9 s; peak memory 164 MiB.
2026-10-09T23:21:04Z INFO [236/1000] 546c3b3b-8bc7-449e-9dd8-956c669a7db3: 66 arrays, 57.2 MB stored; 2.5 s; peak memory 164 MiB.
2026-10-09T23:21:04Z INFO [237/1000] 546c5511-61b2-45a1-b5d8-8e7232064f4c: 114 arrays, 186.8 MB stored; 2.5 s; peak memory 164 MiB.
2026-10-09T23:21:05Z INFO [238/1000] 546d7f9e-74fa-438e-97d0-1fca684a5498: 112 arrays, 0.1 MB stored; 1.1 s; peak memory 164 MiB.
2026-10-09T23:21:05Z INFO [239/1000] 546d9bce-22a1-489f-9111-b5a20f29a00b: 116 arrays, 0.3 MB stored; 1.2 s; peak memory 164 MiB.
2026-10-09T23:21:06Z INFO [240/1000] 546dcca2-6372-4848-95e1-2bcc0593cbcb: 48 arrays, 83.9 MB stored; 1.2 s; peak memory 164 MiB.
2026-10-09T23:21:06Z INFO [241/1000] 546de580-a4c1-4ac7-8a72-928761663cb5: 71 arrays, 4.4 MB stored; 1.8 s; peak memory 164 MiB.
2026-10-09T23:21:07Z INFO [242/1000] 546e3dbf-adb7-4431-9baf-e64de27a7e87: 117 arrays, 0.4 MB stored; 1.3 s; peak memory 164 MiB.
2026-10-09T23:21:07Z INFO [243/1000] 546eeb4c-175d-46df-87a1-8f33feec9674: 109 arrays, 1.5 MB stored; 1.5 s; peak memory 164 MiB.
2026-10-09T23:21:07Z INFO [244/1000] 547029ae-8e93-4bde-819e-eee8c0cb9d52: 46 arrays, 12.6 MB stored; 1.1 s; peak memory 164 MiB.
2026-10-09T23:21:08Z INFO [245/1000] 547186a9-3bf0-4795-b637-cf7c037d2ea2: 117 arrays, 0.3 MB stored; 1.3 s; peak memory 164 MiB.
2026-10-09T23:21:09Z INFO [246/1000] 546d28da-39d0-463b-84f2-3fb600ffd331: 538 arrays, 7.8 MB stored; 5.6 s; peak memory 164 MiB.
2026-10-09T23:21:09Z INFO [247/1000] 5472d7df-c261-4dd1-8247-2b3364833972: 116 arrays, 0.5 MB stored; 1.4 s; peak memory 164 MiB.
2026-10-09T23:21:10Z INFO [248/1000] 54719635-884d-496d-bf02-1b69f624cbbd: 115 arrays, 190.1 MB stored; 2.5 s; peak memory 164 MiB.
2026-10-09T23:21:10Z INFO [249/1000] 547353e0-19cf-4e1c-8531-4b19daccea43: 48 arrays, 83.9 MB stored; 1.3 s; peak memory 164 MiB.
2026-10-09T23:21:11Z INFO [250/1000] 54738f8a-716d-4ff8-b8d6-08d2dd21075a: 118 arrays, 0.5 MB stored; 1.5 s; peak memory 164 MiB.
2026-10-09T23:21:11Z INFO [251/1000] 54748094-8608-4b93-b699-78e127b96432: 117 arrays, 0.6 MB stored; 1.5 s; peak memory 164 MiB.
2026-10-09T23:21:11Z INFO [252/1000] 5474e5c6-9cae-4750-b508-ea28d5e7fe6c: 117 arrays, 0.3 MB stored; 1.1 s; peak memory 164 MiB.
2026-10-09T23:21:12Z INFO [253/1000] 5475b86c-b31f-4067-b62b-10b902e74cdf: 45 arrays, 0.0 MB stored; 1.0 s; peak memory 164 MiB.
2026-10-09T23:21:13Z INFO [254/1000] 54769bfe-6774-4806-89ae-75627821b3d8: 275 arrays, 17.1 MB stored; 1.3 s; peak memory 164 MiB.
2026-10-09T23:21:13Z INFO [255/1000] 5476c3d1-c0d4-48be-907d-2b4fbe343c99: 48 arrays, 83.9 MB stored; 1.0 s; peak memory 164 MiB.
2026-10-09T23:21:14Z INFO [256/1000] 5471e2da-4893-4bb8-b7c9-2068de3d63ed: 200 arrays, 512.8 MB stored; 6.6 s; peak memory 164 MiB.
2026-10-09T23:21:14Z INFO [257/1000] 5477071f-6b1d-404e-af9e-71038e79cd61: 48 arrays, 83.9 MB stored; 1.2 s; peak memory 164 MiB.
2026-10-09T23:21:15Z INFO [258/1000] 5475d0e3-f06c-4781-81a7-faf2f89da235: 616 arrays, 6.7 MB stored; 4.1 s; peak memory 164 MiB.
2026-10-09T23:21:15Z INFO [259/1000] 54773c95-6cac-4fe4-8c8e-a4c0476e513d: 118 arrays, 0.3 MB stored; 1.3 s; peak memory 164 MiB.
2026-10-09T23:21:16Z INFO [260/1000] 54771871-b7c3-4c16-bd19-6ede0b7e9b29: 112 arrays, 0.6 MB stored; 1.5 s; peak memory 164 MiB.
2026-10-09T23:21:16Z INFO [261/1000] 54777d71-5a01-4af3-8a43-61bd30f04cee: 90 arrays, 0.2 MB stored; 1.1 s; peak memory 164 MiB.
2026-10-09T23:21:17Z INFO [262/1000] 54788868-9421-4c6e-8ea8-40ec3da33870: 52 arrays, 0.0 MB stored; 0.9 s; peak memory 164 MiB.
2026-10-09T23:21:18Z INFO [263/1000] 5476ccaa-16e1-4ff1-9bd2-3ea6313961cd: 229 arrays, 281.8 MB stored; 5.2 s; peak memory 164 MiB.
2026-10-09T23:21:19Z INFO [264/1000] 5477b875-462a-41ad-a0bf-32803a8cf174: 50 arrays, 113.5 MB stored; 3.5 s; peak memory 164 MiB.
2026-10-09T23:21:19Z INFO [265/1000] 54798c75-e16b-4ce5-bf2b-d16832a4b52f: 112 arrays, 0.8 MB stored; 1.6 s; peak memory 164 MiB.
2026-10-09T23:21:20Z INFO [266/1000] 5477db2b-4ce7-426e-98c0-c3bd7494befe: 90 arrays, 7520.2 MB stored; 4.2 s; peak memory 164 MiB.
2026-10-09T23:21:20Z INFO [267/1000] 5479dc6d-9f4f-4f9b-a946-a66b2a30db2e: 48 arrays, 251.7 MB stored; 1.4 s; peak memory 164 MiB.
2026-10-09T23:21:22Z INFO [268/1000] 547bd532-f247-47ce-a616-0888a9767cb2: 112 arrays, 0.7 MB stored; 1.5 s; peak memory 164 MiB.
2026-10-09T23:21:23Z INFO [269/1000] 547c65b1-c144-4157-a63d-c1eb7afa2d16: 110 arrays, 0.6 MB stored; 1.4 s; peak memory 164 MiB.
2026-10-09T23:21:25Z INFO [270/1000] 547ceca5-5477-4252-ab45-8bfb8aa78cf6: 275 arrays, 17.1 MB stored; 1.5 s; peak memory 164 MiB.
2026-10-09T23:21:25Z INFO [271/1000] 5429fa88-270f-4e05-9752-55da15594dd5: 167 arrays, 21232.9 MB stored; 131.8 s; peak memory 164 MiB.
2026-10-09T23:21:26Z INFO [272/1000] 547b5fb1-d11b-4b7f-9e6e-10be3e656684: 9087 arrays, 426.9 MB stored; 6.0 s; peak memory 164 MiB.
2026-10-09T23:21:26Z INFO [273/1000] 547e8872-155e-4587-8d6f-77cb6019348d: 66 arrays, 101.8 MB stored; 1.5 s; peak memory 164 MiB.
2026-10-09T23:21:26Z INFO [274/1000] 547f6ddd-29df-4ffe-bde0-9719cb179ed6: 48 arrays, 83.9 MB stored; 1.2 s; peak memory 164 MiB.
2026-10-09T23:21:27Z INFO [275/1000] 547f7f41-f6ac-4324-86c7-0751f95cd91c: 117 arrays, 0.5 MB stored; 1.3 s; peak memory 164 MiB.
2026-10-09T23:21:27Z INFO [276/1000] 547f8193-8581-4de8-9eeb-eb1bedaec849: 48 arrays, 83.9 MB stored; 1.2 s; peak memory 164 MiB.
2026-10-09T23:21:28Z INFO [277/1000] 548028d4-353a-480f-bcd2-904b0af77e0c: 71 arrays, 82.1 MB stored; 1.6 s; peak memory 164 MiB.
2026-10-09T23:21:29Z INFO [278/1000] 5480bc73-4149-4a26-95f0-939242ba2aba: 48 arrays, 83.9 MB stored; 1.2 s; peak memory 164 MiB.
2026-10-09T23:21:29Z INFO [279/1000] 5480390e-a4da-4150-9625-90325129b456: 71 arrays, 73.1 MB stored; 1.7 s; peak memory 164 MiB.
2026-10-09T23:21:29Z INFO [280/1000] 5480f357-2356-4a67-89fb-fe50bf1431b2: 112 arrays, 0.7 MB stored; 1.4 s; peak memory 164 MiB.
2026-10-09T23:21:30Z INFO [281/1000] 5480f77d-4c8d-490c-adfc-416633e933db: 48 arrays, 83.9 MB stored; 1.1 s; peak memory 164 MiB.
2026-10-09T23:21:30Z INFO [282/1000] 5481789c-3b55-4b4f-ac76-7e3f26ea634a: 48 arrays, 83.9 MB stored; 1.4 s; peak memory 164 MiB.
2026-10-09T23:21:30Z INFO [283/1000] 54819711-59f7-4026-97c1-a7451a78cbe3: 48 arrays, 83.9 MB stored; 1.1 s; peak memory 164 MiB.
2026-10-09T23:21:31Z INFO [284/1000] 5481ad47-cbe0-4c56-86b7-661b13565f29: 33 arrays, 514.4 MB stored; 1.2 s; peak memory 164 MiB.
2026-10-09T23:21:31Z INFO [285/1000] 548260d2-f956-4235-9e88-17083f996b7c: 48 arrays, 83.9 MB stored; 1.2 s; peak memory 164 MiB.
2026-10-09T23:21:32Z INFO [286/1000] 5482899f-c7f0-4e8a-be2a-f69af796d785: 119 arrays, 0.1 MB stored; 1.2 s; peak memory 164 MiB.
2026-10-09T23:21:32Z INFO [287/1000] 54839311-8587-471d-91ff-9ac2dbab97f5: 61 arrays, 17.3 MB stored; 1.1 s; peak memory 164 MiB.
2026-10-09T23:21:32Z INFO [288/1000] 54790b82-379e-4999-977a-0ee1f8fa83c8: 3949 arrays, 44.6 MB stored; 15.2 s; peak memory 167 MiB.
2026-10-09T23:21:32Z INFO [289/1000] 54839d05-ac2b-44ec-9236-446ab93df7ed: 52 arrays, 16.8 MB stored; 1.2 s; peak memory 167 MiB.
2026-10-09T23:21:34Z INFO [290/1000] 54849c58-6f20-4033-9b04-f2bde70915a9: 116 arrays, 0.3 MB stored; 1.3 s; peak memory 168 MiB.
2026-10-09T23:21:34Z INFO [291/1000] 54843368-3118-40d4-83cc-30af99e09688: 90 arrays, 144.3 MB stored; 2.4 s; peak memory 168 MiB.
2026-10-09T23:21:34Z INFO [292/1000] 548449ff-1103-4cec-9470-62109e34f292: 185 arrays, 1.3 MB stored; 2.2 s; peak memory 168 MiB.
2026-10-09T23:21:35Z INFO [293/1000] 5484f314-d8a6-4119-bf49-a97667f91898: 48 arrays, 83.9 MB stored; 1.4 s; peak memory 168 MiB.
2026-10-09T23:21:36Z INFO [294/1000] 54853b01-8163-41b8-be28-28279100535d: 48 arrays, 83.9 MB stored; 1.1 s; peak memory 168 MiB.
2026-10-09T23:21:37Z INFO [295/1000] 5484bce8-7f80-4765-8dc5-fd884b810633: 115 arrays, 190.1 MB stored; 2.7 s; peak memory 168 MiB.
2026-10-09T23:21:37Z INFO [296/1000] 54845e01-187e-4d6b-858a-071e0675a0de: 260 arrays, 1960.0 MB stored; 4.6 s; peak memory 168 MiB.
2026-10-09T23:21:38Z INFO [297/1000] 548731da-16ec-4fe1-ae06-f20ed0ef86cb: 21 arrays, 0.6 MB stored; 1.0 s; peak memory 168 MiB.
2026-10-09T23:21:38Z INFO [298/1000] 54866a76-0284-44ad-b6e2-acdac7364d7e: 110 arrays, 0.5 MB stored; 1.7 s; peak memory 168 MiB.
2026-10-09T23:21:40Z INFO [299/1000] 54880fe7-673a-4eae-b141-79eb8fb4eaac: 112 arrays, 0.8 MB stored; 1.6 s; peak memory 169 MiB.
2026-10-09T23:21:41Z INFO [300/1000] 54897251-4f1d-456a-af7c-17b493b21744: 48 arrays, 83.9 MB stored; 1.2 s; peak memory 169 MiB.
2026-10-09T23:21:41Z INFO [301/1000] 54853bb9-6030-47f8-9276-080324d2b470: 251 arrays, 15.1 MB stored; 4.9 s; peak memory 169 MiB.
2026-10-09T23:21:42Z INFO [302/1000] 547a515d-80a1-475b-a79f-ff0ae409a78e: 48 arrays, 42227.3 MB stored; 22.5 s; peak memory 169 MiB.
2026-10-09T23:21:42Z INFO [303/1000] 548522f7-bdeb-4a1c-987f-d5998612bee2: 44 arrays, 4012.2 MB stored; 7.8 s; peak memory 169 MiB.
2026-10-09T23:21:42Z INFO [304/1000] 5489e04a-5392-4756-8345-c6ff260e209e: 112 arrays, 0.5 MB stored; 1.4 s; peak memory 169 MiB.
2026-10-09T23:21:43Z INFO [305/1000] 548a526a-a913-41cf-a834-fa71726c2c4a: 66 arrays, 59.5 MB stored; 1.5 s; peak memory 169 MiB.
2026-10-09T23:21:44Z INFO [306/1000] 548b8af8-2cbf-4bd1-bc0c-ed1b4b5a5cb4: 112 arrays, 1.0 MB stored; 1.5 s; peak memory 169 MiB.
2026-10-09T23:21:46Z INFO [307/1000] 548798c0-e21a-4291-8a00-bed268c93d94: 879 arrays, 32.0 MB stored; 7.7 s; peak memory 170 MiB.
2026-10-09T23:21:46Z INFO [308/1000] 548c239d-a6fe-403e-8d2e-9c9710ae86ce: 119 arrays, 66.4 MB stored; 2.1 s; peak memory 171 MiB.
2026-10-09T23:21:47Z INFO [309/1000] 548c40c3-7c0d-4a0a-aead-ccc78fb76b1b: 64 arrays, 7.5 MB stored; 1.5 s; peak memory 171 MiB.
2026-10-09T23:21:47Z INFO [310/1000] 548cce03-3a54-4975-ba31-76ced5975d43: 116 arrays, 0.4 MB stored; 1.2 s; peak memory 171 MiB.
2026-10-09T23:21:49Z INFO [311/1000] 548db557-09ff-422b-bdac-79983b5bb93a: 69 arrays, 2.5 MB stored; 1.5 s; peak memory 171 MiB.
2026-10-09T23:21:50Z INFO [312/1000] 548d622d-26a7-49f1-9565-4e696bfa5f9a: 186 arrays, 32.0 MB stored; 2.4 s; peak memory 171 MiB.
2026-10-09T23:21:50Z INFO [313/1000] 548edd5e-9f39-4eda-a2a9-0ae9fb91855a: 46 arrays, 0.1 MB stored; 1.0 s; peak memory 171 MiB.
2026-10-09T23:21:51Z INFO [314/1000] 548f907a-9590-42a7-9a87-0c3ffc17f98b: 66 arrays, 53.0 MB stored; 1.4 s; peak memory 171 MiB.
2026-10-09T23:21:52Z INFO [315/1000] 548f9be3-9010-4db1-8d81-4b9d31e8256a: 48 arrays, 83.9 MB stored; 1.1 s; peak memory 171 MiB.
2026-10-09T23:21:54Z INFO [316/1000] 54908570-5302-4d83-9cd3-4b907bee5abd: 112 arrays, 0.7 MB stored; 1.5 s; peak memory 171 MiB.
2026-10-09T23:21:55Z INFO [317/1000] 548f534c-555e-417a-950e-bed94ea13c50: 79 arrays, 282.4 MB stored; 5.7 s; peak memory 171 MiB.
2026-10-09T23:21:56Z INFO [318/1000] 548bab02-e867-4f6a-9629-d3e4565228c3: 428 arrays, 1121.2 MB stored; 13.3 s; peak memory 172 MiB.
2026-10-09T23:21:57Z INFO [319/1000] 54917031-3a12-4fa6-81fa-5decb2592758: 112 arrays, 0.7 MB stored; 1.4 s; peak memory 172 MiB.
2026-10-09T23:21:57Z INFO [320/1000] 5491a4bc-a398-41ac-8b88-52d8b5504e81: 101 arrays, 9.1 MB stored; 1.2 s; peak memory 172 MiB.
2026-10-09T23:21:58Z INFO [321/1000] 5491da21-841e-4719-b420-da4d20b1cb9e: 48 arrays, 83.9 MB stored; 1.1 s; peak memory 172 MiB.
2026-10-09T23:21:58Z INFO [322/1000] 548b3842-d573-4558-a711-5657c3cb69eb: 1578 arrays, 56.2 MB stored; 16.2 s; peak memory 174 MiB.
2026-10-09T23:21:59Z INFO [323/1000] 5492371b-8804-4b82-a560-e0aa4994a1b5: 110 arrays, 0.3 MB stored; 1.4 s; peak memory 174 MiB.
2026-10-09T23:21:59Z INFO [324/1000] 5492f7a8-9c3e-47f3-a227-67333a10d273: 92 arrays, 9.3 MB stored; 1.2 s; peak memory 174 MiB.
2026-10-09T23:22:00Z INFO [325/1000] 5493ace4-f68d-4243-9d74-33552e978e64: 204 arrays, 2.9 MB stored; 1.9 s; peak memory 174 MiB.
2026-10-09T23:22:00Z INFO [326/1000] 549413ab-9f2a-4121-a97b-ff5d8286dcb5: 112 arrays, 0.5 MB stored; 1.3 s; peak memory 174 MiB.
2026-10-09T23:22:01Z INFO [327/1000] 54945613-596a-407c-94d4-5cb0e31d290e: 52 arrays, 11.7 MB stored; 1.1 s; peak memory 174 MiB.
2026-10-09T23:22:01Z INFO [328/1000] 549498bc-de7a-41b2-9797-c592bf253398: 110 arrays, 0.5 MB stored; 1.4 s; peak memory 174 MiB.
2026-10-09T23:22:04Z INFO [329/1000] 54953593-2f96-4cfc-ad20-b834ca0777c5: 115 arrays, 190.0 MB stored; 2.4 s; peak memory 174 MiB.
2026-10-09T23:22:05Z INFO [330/1000] 5495dc01-b485-4d27-989c-a925bf37df3b: 112 arrays, 0.8 MB stored; 1.5 s; peak memory 175 MiB.
2026-10-09T23:22:05Z INFO [331/1000] 548b3f13-0659-4b46-aad8-ac9ba49a947c: 48 arrays, 42475.4 MB stored; 23.3 s; peak memory 175 MiB.
2026-10-09T23:22:07Z INFO [332/1000] 54962f64-042d-4431-8845-9b280bb5cdf2: 48 arrays, 83.9 MB stored; 1.2 s; peak memory 175 MiB.
2026-10-09T23:22:07Z INFO [333/1000] 5496085f-e723-419a-80b8-74b532c9f943: 141 arrays, 0.8 MB stored; 2.1 s; peak memory 175 MiB.
2026-10-09T23:22:08Z INFO [334/1000] 54964fe4-808c-4851-a471-9c445ffdf5c0: 48 arrays, 83.9 MB stored; 1.1 s; peak memory 175 MiB.
2026-10-09T23:22:09Z INFO [335/1000] 549810f2-6beb-4c06-99aa-3db97147cb13: 118 arrays, 0.3 MB stored; 1.1 s; peak memory 175 MiB.
2026-10-09T23:22:09Z INFO [336/1000] 5497085f-ccc9-4772-ad55-94f56ae067b1: 117 arrays, 0.2 MB stored; 1.3 s; peak memory 175 MiB.
2026-10-09T23:22:10Z INFO [337/1000] 549845fd-26a3-4be0-882f-a080d973eb24: 48 arrays, 83.9 MB stored; 1.3 s; peak memory 175 MiB.
2026-10-09T23:22:10Z INFO [338/1000] 549828c9-9834-4aaf-8996-6c356cd1f3e4: 116 arrays, 0.4 MB stored; 1.4 s; peak memory 175 MiB.
2026-10-09T23:22:11Z INFO [339/1000] 54994d44-3c78-49a9-b370-49a7f73f2eac: 48 arrays, 83.9 MB stored; 1.2 s; peak memory 175 MiB.
2026-10-09T23:22:11Z INFO [340/1000] 54996fcd-3bd1-4ce5-a488-e23365f51a01: 116 arrays, 0.4 MB stored; 1.3 s; peak memory 175 MiB.
2026-10-09T23:22:12Z INFO [341/1000] 549a8ac9-c3d7-461e-8846-5fd84084446c: 64 arrays, 0.0 MB stored; 1.2 s; peak memory 175 MiB.
2026-10-09T23:22:13Z INFO [342/1000] 549a9b40-4b90-4cd7-8a53-ce09e9d19f34: 48 arrays, 83.9 MB stored; 1.2 s; peak memory 175 MiB.
2026-10-09T23:22:14Z INFO [343/1000] 549b0fc0-3838-48cc-b9d1-b51db5e708b4: 118 arrays, 0.5 MB stored; 1.2 s; peak memory 176 MiB.
2026-10-09T23:22:14Z INFO [344/1000] 549c6b38-5d86-4552-ad18-10abc93c1cc7: 50 arrays, 1.2 MB stored; 1.0 s; peak memory 176 MiB.
2026-10-09T23:22:15Z INFO [345/1000] 549cb737-f989-41b4-89dd-968066906e83: 69 arrays, 28.2 MB stored; 1.6 s; peak memory 176 MiB.
2026-10-09T23:22:16Z INFO [346/1000] 549d8208-9ca9-4779-b499-7aae64e96a8e: 48 arrays, 83.9 MB stored; 1.1 s; peak memory 176 MiB.
2026-10-09T23:22:17Z INFO [347/1000] 549cdf4f-b507-4bb9-b597-945caed4040a: 156 arrays, 193.5 MB stored; 3.4 s; peak memory 176 MiB.
2026-10-09T23:22:18Z INFO [348/1000] 549d84c0-dc06-4fa9-8791-b7740f6744ee: 118 arrays, 0.6 MB stored; 1.3 s; peak memory 176 MiB.
2026-10-09T23:22:18Z INFO [349/1000] 549d908c-2428-4a08-b1b2-4f9d0d3821db: 48 arrays, 83.9 MB stored; 1.1 s; peak memory 176 MiB.
2026-10-09T23:22:19Z INFO [350/1000] 549dee55-7d6d-415f-b405-2979b6d6c2d9: 48 arrays, 83.9 MB stored; 1.0 s; peak memory 176 MiB.
2026-10-09T23:22:19Z INFO [351/1000] 549e149d-146d-48ef-9479-332c793db785: 112 arrays, 0.4 MB stored; 1.3 s; peak memory 176 MiB.
2026-10-09T23:22:21Z INFO [352/1000] 549e6f9c-244d-4bfe-9784-4f6d11899610: 114 arrays, 186.9 MB stored; 2.1 s; peak memory 176 MiB.
2026-10-09T23:22:21Z INFO [353/1000] 549f01d6-f6ab-462e-8a07-ce067ba21983: 69 arrays, 96.9 MB stored; 1.6 s; peak memory 176 MiB.
2026-10-09T23:22:22Z INFO [354/1000] 549f5a6a-30a6-4b6b-9236-4b90657d2fb0: 48 arrays, 83.9 MB stored; 1.2 s; peak memory 176 MiB.
2026-10-09T23:22:24Z INFO [355/1000] 549f83d3-d94d-4bfa-b86a-821f7b06d86f: 116 arrays, 187.1 MB stored; 2.7 s; peak memory 176 MiB.
2026-10-09T23:22:25Z INFO [356/1000] 549fdf26-ffe4-46da-bb94-ffd0d2710404: 117 arrays, 0.3 MB stored; 1.1 s; peak memory 177 MiB.
2026-10-09T23:22:25Z INFO [357/1000] 549f8a1a-c28e-4cdf-9db4-feb291d69a2f: 149 arrays, 8.6 MB stored; 3.1 s; peak memory 177 MiB.
2026-10-09T23:22:26Z INFO [358/1000] 549fe856-4db9-40fd-9abf-08446fc49a7e: 48 arrays, 83.9 MB stored; 1.0 s; peak memory 177 MiB.
2026-10-09T23:22:27Z INFO [359/1000] 54a1281e-f298-46be-83ad-b670d45b1370: 66 arrays, 112.6 MB stored; 1.7 s; peak memory 177 MiB.
2026-10-09T23:22:27Z INFO [360/1000] 54a17a68-2b9e-47f5-91ae-894cc6aba66b: 112 arrays, 1.0 MB stored; 1.4 s; peak memory 177 MiB.
2026-10-09T23:22:28Z INFO [361/1000] 54a1a727-e9df-4122-8dd3-32f02a43e6b4: 52 arrays, 15.4 MB stored; 1.2 s; peak memory 177 MiB.
2026-10-09T23:22:28Z INFO [362/1000] 54a2b54b-236d-477e-a781-901de96ba4af: 48 arrays, 83.9 MB stored; 1.0 s; peak memory 177 MiB.
2026-10-09T23:22:29Z INFO [363/1000] 54a37ece-c6f0-4c7b-975c-32ab390ecc08: 48 arrays, 83.9 MB stored; 1.1 s; peak memory 177 MiB.
2026-10-09T23:22:31Z INFO [364/1000] 54a50873-2351-49b0-8f00-0eedd3597521: 68 arrays, 0.0 MB stored; 1.2 s; peak memory 177 MiB.
2026-10-09T23:22:32Z INFO [365/1000] 54a52a38-6dff-4ee0-abfd-b5fdab79cf67: 46 arrays, 0.1 MB stored; 1.0 s; peak memory 177 MiB.
2026-10-09T23:22:33Z INFO [366/1000] 54a5474d-eac5-45e1-a378-4c9cc18d6b82: 47 arrays, 9.6 MB stored; 0.9 s; peak memory 177 MiB.
2026-10-09T23:22:34Z INFO [367/1000] 54a328a6-c5b8-43e1-913d-9b65f4e06158: 836 arrays, 14.5 MB stored; 6.0 s; peak memory 178 MiB.
2026-10-09T23:22:38Z INFO [368/1000] 54a587e9-3eac-4291-b657-0960bb323864: 200 arrays, 241.2 MB stored; 5.9 s; peak memory 178 MiB.
2026-10-09T23:22:39Z INFO [369/1000] 54a5b51d-ec25-4a73-a702-7b4263dcf7fa: 541 arrays, 6.1 MB stored; 4.8 s; peak memory 179 MiB.
2026-10-09T23:22:40Z INFO [370/1000] 54a652cb-85b1-4abc-a19f-9709d251e52f: 112 arrays, 0.5 MB stored; 1.3 s; peak memory 179 MiB.
2026-10-09T23:22:41Z INFO [371/1000] 54a5c34b-b2ba-4d93-b594-8475b3bfb626: 38 arrays, 33.5 MB stored; 2.2 s; peak memory 179 MiB.
2026-10-09T23:22:41Z INFO [372/1000] 54a6b480-816b-49d5-8e2e-cb5dbc38e8cd: 52 arrays, 12.2 MB stored; 1.0 s; peak memory 179 MiB.
2026-10-09T23:22:42Z INFO [373/1000] 54a6c297-3f50-449e-a8bf-613b6367c847: 116 arrays, 0.3 MB stored; 1.2 s; peak memory 179 MiB.
2026-10-09T23:22:49Z INFO [374/1000] 54a7463d-156a-48bd-a60d-e22200ca33ab: 922 arrays, 18.5 MB stored; 8.0 s; peak memory 180 MiB.
2026-10-09T23:22:50Z INFO [375/1000] 54a777e3-0f1a-4ef0-b2ea-7b80a3ee59a4: 1125 arrays, 37.3 MB stored; 7.9 s; peak memory 182 MiB.
2026-10-09T23:22:50Z INFO [376/1000] 54a7b981-db3a-4e3d-8563-0f5fc8114a4f: 117 arrays, 0.3 MB stored; 1.1 s; peak memory 182 MiB.
2026-10-09T23:22:51Z INFO [377/1000] 54a7f937-087e-443c-b8b5-ecc77033cbe5: 65 arrays, 78.6 MB stored; 1.5 s; peak memory 182 MiB.
2026-10-09T23:22:52Z INFO [378/1000] 54a8b8b7-21d4-4cfe-9c54-6ff6fbf0466f: 112 arrays, 0.3 MB stored; 1.1 s; peak memory 182 MiB.
2026-10-09T23:22:53Z INFO [379/1000] 54a89c16-65ba-4b1f-8bcf-2b9516ddca64: 48 arrays, 34.6 MB stored; 2.5 s; peak memory 182 MiB.
2026-10-09T23:22:54Z INFO [380/1000] 54a8d4e3-098c-4644-a026-3008a0cd8e7d: 48 arrays, 83.9 MB stored; 1.2 s; peak memory 182 MiB.
2026-10-09T23:22:54Z INFO [381/1000] 54a90877-3854-473b-8daf-140043c303ff: 117 arrays, 0.5 MB stored; 1.4 s; peak memory 182 MiB.
2026-10-09T23:22:55Z INFO [382/1000] 54a925ce-ca1d-40b9-ac81-9a5d2ea5b49d: 48 arrays, 83.9 MB stored; 1.2 s; peak memory 182 MiB.
2026-10-09T23:22:55Z INFO [383/1000] 54a93b4e-75e8-408f-b4f8-8f2d14fc2237: 118 arrays, 0.5 MB stored; 1.3 s; peak memory 182 MiB.
2026-10-09T23:22:56Z INFO [384/1000] 54a9b760-0b37-461d-b613-3e14124d10b3: 48 arrays, 83.9 MB stored; 1.1 s; peak memory 182 MiB.
2026-10-09T23:22:57Z INFO [385/1000] 54aa2377-e229-42b3-b7e0-0634740a00c8: 72 arrays, 0.0 MB stored; 1.3 s; peak memory 182 MiB.
2026-10-09T23:22:58Z INFO [386/1000] 54aa00c0-68d0-42c0-8b3c-f8763598983b: 179 arrays, 24.0 MB stored; 2.7 s; peak memory 183 MiB.
2026-10-09T23:22:58Z INFO [387/1000] 54aa4488-8ce1-430f-aec9-91af9a4b1f58: 48 arrays, 83.9 MB stored; 1.1 s; peak memory 183 MiB.
2026-10-09T23:22:59Z INFO [388/1000] 54aac4f9-374c-423a-b314-cec3c84e0203: 52 arrays, 0.0 MB stored; 0.8 s; peak memory 183 MiB.
2026-10-09T23:23:00Z INFO [389/1000] 54ab723f-35ff-4933-aeef-e830be4189fe: 112 arrays, 0.5 MB stored; 1.4 s; peak memory 183 MiB.
2026-10-09T23:23:01Z INFO [390/1000] 54ac2374-5d9f-4c81-9510-06f217974ca7: 41 arrays, 14.4 MB stored; 1.1 s; peak memory 183 MiB.
2026-10-09T23:23:02Z INFO [391/1000] 54abbd6b-073c-4d00-b323-92216abcca0e: 186 arrays, 20.4 MB stored; 2.7 s; peak memory 183 MiB.
2026-10-09T23:23:02Z INFO [392/1000] 54ac4ba3-217c-4ded-8cc5-903a465f2882: 117 arrays, 0.2 MB stored; 1.1 s; peak memory 183 MiB.
2026-10-09T23:23:03Z INFO [393/1000] 54ad1a6e-2ace-4d88-8178-6ddb427875a2: 48 arrays, 83.9 MB stored; 1.2 s; peak memory 183 MiB.
2026-10-09T23:23:03Z INFO [394/1000] 54acb2c4-748c-4d5f-9de7-1733cb0633c9: 117 arrays, 0.6 MB stored; 1.4 s; peak memory 183 MiB.
2026-10-09T23:23:04Z INFO [395/1000] 54ad357a-9893-4d76-917c-272d02088dd5: 112 arrays, 0.8 MB stored; 1.4 s; peak memory 184 MiB.
2026-10-09T23:23:05Z INFO [396/1000] 54ae9314-2063-436c-a49c-a49d83c34973: 57 arrays, 0.0 MB stored; 1.0 s; peak memory 184 MiB.
2026-10-09T23:23:08Z INFO [397/1000] 54ad783f-afe9-4479-a098-ec05e3c3d173: 101 arrays, 36.4 MB stored; 4.7 s; peak memory 184 MiB.
2026-10-09T23:23:09Z INFO [398/1000] 54b0e07e-343d-4fa2-9b5c-0c851ab780ef: 48 arrays, 83.9 MB stored; 1.1 s; peak memory 184 MiB.
2026-10-09T23:23:10Z INFO [399/1000] 54b13ea8-e583-4f7e-a369-434c41857134: 48 arrays, 83.9 MB stored; 1.2 s; peak memory 184 MiB.
2026-10-09T23:23:12Z INFO [400/1000] 54af748a-e18f-439e-9a43-d8e5e667f680: 11477 arrays, 268.2 MB stored; 6.6 s; peak memory 196 MiB.
2026-10-09T23:23:12Z INFO [400/1000] 54af748a-e18f-439e-9a43-d8e5e667f680: checkpointed 400 new records.
2026-10-09T23:23:13Z INFO [401/1000] 54b1bf19-210f-4ec8-816b-d8352845c776: 48 arrays, 83.9 MB stored; 1.1 s; peak memory 248 MiB.
2026-10-09T23:23:16Z INFO [402/1000] 54b188d6-7625-4a69-a720-c57aa74129c4: 835 arrays, 31.3 MB stored; 6.3 s; peak memory 248 MiB.
2026-10-09T23:23:18Z INFO [403/1000] 54b1c92f-96ef-4fdb-a4cb-da7ac41cb617: 1019 arrays, 31.1 MB stored; 4.8 s; peak memory 248 MiB.
2026-10-09T23:23:19Z INFO [404/1000] 54b1f6e3-3649-445b-a773-3e3377909097: 156 arrays, 193.5 MB stored; 2.6 s; peak memory 248 MiB.
2026-10-09T23:23:20Z INFO [405/1000] 54b27821-3dae-4a19-9863-e395ae3a6a8c: 48 arrays, 83.9 MB stored; 1.0 s; peak memory 248 MiB.
2026-10-09T23:23:21Z INFO [406/1000] 54b32bb9-b0da-4a26-a38e-1103735ad972: 48 arrays, 83.9 MB stored; 1.1 s; peak memory 248 MiB.
2026-10-09T23:23:24Z INFO [407/1000] 54b38fa9-01e2-409a-8b4a-b6c3c5f9b603: 119 arrays, 67.5 MB stored; 2.4 s; peak memory 248 MiB.
2026-10-09T23:23:24Z INFO [408/1000] 54b27756-cd03-43bc-8b87-67800c6f024e: 200 arrays, 399.9 MB stored; 5.8 s; peak memory 248 MiB.
2026-10-09T23:23:25Z INFO [409/1000] 54b3e43a-b0ea-468e-8ac3-9d25f79233a6: 116 arrays, 0.3 MB stored; 1.2 s; peak memory 248 MiB.
2026-10-09T23:23:29Z INFO [410/1000] 54b5ef79-ad12-487f-9cb3-085c5544e9ea: 229 arrays, 242.7 MB stored; 4.3 s; peak memory 248 MiB.
2026-10-09T23:23:31Z INFO [411/1000] 54b624bb-ddc0-4584-8331-853572cceed0: 119 arrays, 66.3 MB stored; 2.1 s; peak memory 248 MiB.
2026-10-09T23:23:32Z INFO [412/1000] 54b3ec87-ae16-4126-96df-2b141de79fe8: 1249 arrays, 37.1 MB stored; 8.6 s; peak memory 248 MiB.
2026-10-09T23:23:33Z INFO [413/1000] 54b684a5-c1dc-417e-adbf-c4cfe61c9d8e: 119 arrays, 67.3 MB stored; 2.3 s; peak memory 248 MiB.
2026-10-09T23:23:35Z INFO [414/1000] 54b82054-df0f-4aa4-b367-7caa67331001: 52 arrays, 12.1 MB stored; 1.3 s; peak memory 248 MiB.
2026-10-09T23:23:36Z INFO [415/1000] 54b859c2-baef-43cc-a7a3-fd7a11a8d032: 48 arrays, 83.9 MB stored; 1.1 s; peak memory 248 MiB.
2026-10-09T23:23:38Z INFO [416/1000] 54b87374-3a85-4111-8676-667ed73500ca: 112 arrays, 0.9 MB stored; 1.8 s; peak memory 248 MiB.
2026-10-09T23:23:39Z INFO [417/1000] 54b876ed-ddab-4609-b4cf-5d01e6e51c39: 110 arrays, 0.4 MB stored; 1.6 s; peak memory 248 MiB.
2026-10-09T23:23:40Z INFO [418/1000] 54b90157-7c04-47c7-8fd3-8190c43baa83: 48 arrays, 83.9 MB stored; 1.2 s; peak memory 248 MiB.
2026-10-09T23:23:42Z INFO [419/1000] 54b966a5-4365-46ff-9a0d-c47033048899: 112 arrays, 0.3 MB stored; 1.3 s; peak memory 248 MiB.
2026-10-09T23:23:43Z INFO [420/1000] 54b97575-c52a-4f1b-bcf1-c0fb75028b68: 48 arrays, 83.9 MB stored; 1.1 s; peak memory 248 MiB.
2026-10-09T23:23:44Z INFO [421/1000] 54b9d6e3-9476-433b-abdf-8e4aa454f449: 118 arrays, 0.3 MB stored; 1.3 s; peak memory 248 MiB.
2026-10-09T23:23:45Z INFO [422/1000] 54ba8d75-fbd4-4d89-9e92-9681bea1420d: 116 arrays, 0.3 MB stored; 1.3 s; peak memory 248 MiB.
2026-10-09T23:23:54Z INFO [423/1000] 54b6b909-2283-470b-93a1-ba4834eb0cf3: 48 arrays, 46179.3 MB stored; 22.1 s; peak memory 248 MiB.
2026-10-09T23:23:55Z INFO [424/1000] 54bbe1b1-2e19-4912-833a-80ee0ff1d995: 53 arrays, 0.1 MB stored; 1.0 s; peak memory 248 MiB.
2026-10-09T23:23:58Z INFO [425/1000] 54bc2261-50ab-48a1-8718-7cddcd375fb1: 116 arrays, 187.1 MB stored; 2.2 s; peak memory 248 MiB.
2026-10-09T23:23:59Z INFO [426/1000] 54bcd0c0-040b-4896-81df-de1abdd4c884: 70 arrays, 0.5 MB stored; 1.1 s; peak memory 248 MiB.
2026-10-09T23:24:00Z INFO [427/1000] 54949c17-18aa-419f-b73b-45f04e969d71: 260 arrays, 19810.3 MB stored; 118.5 s; peak memory 248 MiB.
2026-10-09T23:24:01Z INFO [428/1000] 54bd5fa7-e16f-473f-816b-07773cd4a2b6: 112 arrays, 0.8 MB stored; 1.6 s; peak memory 248 MiB.
2026-10-09T23:24:03Z INFO [429/1000] 54bb9946-5d4d-4175-9171-15fb6dd08f6f: 852 arrays, 24.2 MB stored; 17.3 s; peak memory 248 MiB.
2026-10-09T23:24:04Z INFO [430/1000] 54bd85e0-89d4-4810-8eab-a287b18d05fb: 156 arrays, 193.4 MB stored; 2.7 s; peak memory 248 MiB.
2026-10-09T23:24:04Z INFO [431/1000] 54bd09d5-eaf7-4113-8158-de09873db742: 229 arrays, 481.1 MB stored; 5.2 s; peak memory 248 MiB.
2026-10-09T23:24:04Z INFO [432/1000] 54be1406-224e-4e06-b6e3-01dd221037f8: 62 arrays, 4733.1 MB stored; 1.6 s; peak memory 248 MiB.
2026-10-09T23:24:05Z INFO [433/1000] 54be4bae-be84-4c27-b2f5-bc16e0ff478e: 52 arrays, 18.0 MB stored; 1.3 s; peak memory 248 MiB.
2026-10-09T23:24:06Z INFO [434/1000] 54c02d25-c994-46b1-b1aa-f07ae029cb72: 48 arrays, 83.9 MB stored; 1.3 s; peak memory 248 MiB.
2026-10-09T23:24:06Z INFO [435/1000] 54be6783-f4b8-4a9d-b2bd-82805de92845: 118 arrays, 0.4 MB stored; 1.5 s; peak memory 248 MiB.
2026-10-09T23:24:07Z INFO [436/1000] 54c05f3b-a88a-4f7d-881c-d6eb7b8cf33b: 112 arrays, 0.8 MB stored; 1.7 s; peak memory 248 MiB.
2026-10-09T23:24:08Z INFO [437/1000] 54c31314-9781-414c-9166-8bbce4163b0e: 51 arrays, 3394.3 MB stored; 1.4 s; peak memory 248 MiB.
2026-10-09T23:24:09Z INFO [438/1000] 54c24bda-3588-43eb-a28b-b194099506aa: 92 arrays, 729.3 MB stored; 3.7 s; peak memory 248 MiB.
2026-10-09T23:24:10Z INFO [439/1000] 54c3b884-5077-498e-a2c0-320b37e27244: 69 arrays, 1.8 MB stored; 1.5 s; peak memory 248 MiB.
2026-10-09T23:24:11Z INFO [440/1000] 54c4a9d6-ed43-4791-88e7-10a4a9f2ebde: 117 arrays, 0.7 MB stored; 1.5 s; peak memory 248 MiB.
2026-10-09T23:24:12Z INFO [441/1000] 54c456fd-e3a7-4b9e-b152-173c1132d9cb: 38 arrays, 36.2 MB stored; 2.3 s; peak memory 248 MiB.
2026-10-09T23:24:13Z INFO [442/1000] 54c504cc-bbb4-4979-8d3f-6e6ea556decf: 117 arrays, 0.5 MB stored; 1.5 s; peak memory 248 MiB.
2026-10-09T23:24:16Z INFO [443/1000] 54c4b45a-ffd1-4377-8ed9-dabcc2ef72a1: 238 arrays, 77.5 MB stored; 5.1 s; peak memory 248 MiB.
2026-10-09T23:24:17Z INFO [444/1000] 54c60e5f-9213-41c0-a27c-6f5ce3e0bf71: 57 arrays, 0.0 MB stored; 1.0 s; peak memory 248 MiB.
2026-10-09T23:24:25Z INFO [445/1000] 54c6118e-1d49-4f20-b9e7-0541062fbd59: 466 arrays, 164.6 MB stored; 7.9 s; peak memory 248 MiB.
2026-10-09T23:24:29Z INFO [446/1000] 54c68a8d-61c7-41ed-8907-b2f3931439e1: 92 arrays, 629.7 MB stored; 3.7 s; peak memory 248 MiB.
2026-10-09T23:24:30Z INFO [447/1000] 54c690bd-b3c3-47a9-8c96-08b7c862b200: 74 arrays, 3.3 MB stored; 1.2 s; peak memory 248 MiB.
2026-10-09T23:24:31Z INFO [448/1000] 54c8035a-826f-4bbd-9013-187033ddeaac: 48 arrays, 83.9 MB stored; 1.1 s; peak memory 248 MiB.
2026-10-09T23:24:36Z INFO [449/1000] 54c87fc7-d09e-4b69-ad4b-efd271442195: 110 arrays, 4009.2 MB stored; 4.3 s; peak memory 248 MiB.
2026-10-09T23:24:37Z INFO [450/1000] 54c901b0-18b7-4504-9a03-e14fa7365a80: 48 arrays, 83.9 MB stored; 1.1 s; peak memory 248 MiB.
2026-10-09T23:24:38Z INFO [451/1000] 54c90d9a-2ba5-4b4e-9ade-5d7e29f44283: 47 arrays, 1.6 MB stored; 1.0 s; peak memory 248 MiB.
2026-10-09T23:24:39Z INFO [452/1000] 54c93a73-cbaa-4c25-aaff-aa51a8e1a6b0: 48 arrays, 83.9 MB stored; 1.2 s; peak memory 248 MiB.
2026-10-09T23:24:40Z INFO [453/1000] 54c95d33-3cbb-4a24-b351-8fdd45c64c34: 50 arrays, 2.8 MB stored; 1.0 s; peak memory 248 MiB.
2026-10-09T23:24:41Z INFO [454/1000] 54c9da0f-faa9-4e43-840e-79b73069c81b: 116 arrays, 0.2 MB stored; 1.1 s; peak memory 248 MiB.
2026-10-09T23:24:48Z INFO [455/1000] 54640df8-79ba-4595-8805-aadd4c30e1ab: 62 arrays, 24673.9 MB stored; 236.7 s; peak memory 248 MiB.
2026-10-09T23:24:49Z INFO [456/1000] 54cb1e70-62c0-4f56-abf0-e6c6683e603d: 48 arrays, 83.9 MB stored; 1.2 s; peak memory 248 MiB.
2026-10-09T23:24:50Z INFO [457/1000] 54cb1f05-495e-40c7-b3df-4b9db64a740c: 111 arrays, 0.2 MB stored; 1.1 s; peak memory 248 MiB.
2026-10-09T23:24:51Z INFO [458/1000] 54ca675b-f0f6-40b2-9afe-7693e4200fa4: 705 arrays, 34.8 MB stored; 10.1 s; peak memory 248 MiB.
2026-10-09T23:24:51Z INFO [459/1000] 54cb27eb-18a9-44cd-96f8-bc83b6741595: 117 arrays, 0.2 MB stored; 1.2 s; peak memory 248 MiB.
2026-10-09T23:24:52Z INFO [460/1000] 54cc4770-536b-45f1-bfc9-23398d34a9a1: 48 arrays, 83.9 MB stored; 1.0 s; peak memory 248 MiB.
2026-10-09T23:24:52Z INFO [461/1000] 54cc45a9-ec6b-4e47-ad31-c8e70e8834c5: 48 arrays, 83.9 MB stored; 1.3 s; peak memory 248 MiB.
2026-10-09T23:24:54Z INFO [462/1000] 54c1b581-6574-46ee-82a8-8e3530003c90: 2188 arrays, 1393.7 MB stored; 48.2 s; peak memory 248 MiB.
2026-10-09T23:24:54Z INFO [463/1000] 54cc5a3a-cae9-4dd7-87b7-dbc91c84d7b8: 71 arrays, 66.0 MB stored; 1.8 s; peak memory 248 MiB.
2026-10-09T23:24:54Z INFO [464/1000] 54cc7312-ebf0-496d-ac20-99a48d95ba6d: 70 arrays, 21.7 MB stored; 1.8 s; peak memory 248 MiB.
2026-10-09T23:24:55Z INFO [465/1000] 54cccf8a-469f-494f-b5a0-a2fba8ade6fd: 41 arrays, 8.4 MB stored; 1.1 s; peak memory 248 MiB.
2026-10-09T23:24:55Z INFO [466/1000] 54ccd33b-bd79-4da3-a94e-dd9547e01e22: 50 arrays, 0.5 MB stored; 1.2 s; peak memory 248 MiB.
2026-10-09T23:24:55Z INFO [467/1000] 54ccebc1-abae-4aee-a1e0-516c6c9e32fe: 65 arrays, 0.2 MB stored; 1.3 s; peak memory 248 MiB.
2026-10-09T23:24:56Z INFO [468/1000] 54cd4f91-d28c-4fb2-bd12-6fb1daaefbb5: 66 arrays, 65.5 MB stored; 1.4 s; peak memory 248 MiB.
2026-10-09T23:24:57Z INFO [469/1000] 54cdf4dd-b596-43c1-842c-4d184a2af9b4: 117 arrays, 0.2 MB stored; 1.2 s; peak memory 248 MiB.
2026-10-09T23:24:59Z INFO [470/1000] 54ce513f-cbef-4438-b829-7823a8f6b125: 116 arrays, 0.4 MB stored; 1.4 s; peak memory 248 MiB.
2026-10-09T23:24:59Z INFO [471/1000] 54cdaee8-590d-48cf-8e31-5556e3e7adf0: 111 arrays, 617.5 MB stored; 3.5 s; peak memory 248 MiB.
2026-10-09T23:25:00Z INFO [472/1000] 54ceda35-580f-40bd-8f30-9f526b30acdf: 110 arrays, 0.0 MB stored; 1.2 s; peak memory 248 MiB.
2026-10-09T23:25:01Z INFO [473/1000] 54cecfa0-e12c-43c8-91a9-42f0794cc920: 84 arrays, 279.7 MB stored; 2.6 s; peak memory 248 MiB.
2026-10-09T23:25:02Z INFO [474/1000] 54cfd558-9290-4e64-8279-e285b2919674: 117 arrays, 0.3 MB stored; 1.5 s; peak memory 248 MiB.
2026-10-09T23:25:03Z INFO [475/1000] 54cfe65c-45b8-4d16-9b93-e493bbe881da: 77 arrays, 0.1 MB stored; 1.2 s; peak memory 248 MiB.
2026-10-09T23:25:03Z INFO [476/1000] 54cff0f5-699c-4914-ae3e-ef04d01ef80b: 110 arrays, 0.5 MB stored; 1.5 s; peak memory 248 MiB.
2026-10-09T23:25:04Z INFO [477/1000] 54d05b84-93d7-478a-8a03-4fc1b006a128: 261 arrays, 17.1 MB stored; 1.2 s; peak memory 248 MiB.
2026-10-09T23:25:04Z INFO [478/1000] 54d0a95f-4e17-40c9-8f4c-0b883d28f40a: 38 arrays, 0.5 MB stored; 1.0 s; peak memory 248 MiB.
2026-10-09T23:25:05Z INFO [479/1000] 54d0e845-4733-4d51-814e-078a7bb2da39: 48 arrays, 83.9 MB stored; 1.2 s; peak memory 248 MiB.
2026-10-09T23:25:07Z INFO [480/1000] 54d0e9e9-071d-4a42-ac33-8478a677d7ce: 110 arrays, 1.0 MB stored; 1.4 s; peak memory 248 MiB.
2026-10-09T23:25:08Z INFO [481/1000] 54d1ba2f-2fce-42dd-b1a0-b2407b3acc4c: 52 arrays, 22.0 MB stored; 1.4 s; peak memory 248 MiB.
2026-10-09T23:25:09Z INFO [482/1000] 54d1d6ee-eb9b-4646-a3c1-b518385695bd: 118 arrays, 0.4 MB stored; 1.5 s; peak memory 248 MiB.
2026-10-09T23:25:10Z INFO [483/1000] 54d28c8e-be48-4d49-aa74-b20d4125e0f2: 46 arrays, 0.2 MB stored; 1.0 s; peak memory 248 MiB.
2026-10-09T23:25:12Z INFO [484/1000] 54d2a8df-90de-465d-90fa-a91ce03366bc: 48 arrays, 83.9 MB stored; 1.1 s; peak memory 248 MiB.
2026-10-09T23:25:18Z INFO [485/1000] 54d0ab62-9306-429c-af0d-a2093e5cf5a7: 1516 arrays, 38.6 MB stored; 14.0 s; peak memory 248 MiB.
2026-10-09T23:25:20Z INFO [486/1000] 54d3d44b-e1e8-4a4a-a540-a5e72e7f7fed: 64 arrays, 50.4 MB stored; 1.7 s; peak memory 248 MiB.
2026-10-09T23:25:21Z INFO [487/1000] 54d40836-4329-4f3c-9030-67d606bff1d6: 46 arrays, 1.7 MB stored; 1.1 s; peak memory 248 MiB.
2026-10-09T23:25:22Z INFO [488/1000] 54d45002-cf10-4e11-a608-a2b942f1b9b2: 112 arrays, 0.5 MB stored; 1.3 s; peak memory 248 MiB.
2026-10-09T23:25:23Z INFO [489/1000] 54d46edd-6515-4a1a-ae0c-95cbe47f7a2d: 48 arrays, 83.9 MB stored; 1.2 s; peak memory 248 MiB.
2026-10-09T23:25:27Z INFO [490/1000] 54d530c6-afb8-437b-be1f-10f9704a2e33: 429 arrays, 3.6 MB stored; 3.7 s; peak memory 248 MiB.
2026-10-09T23:25:28Z INFO [491/1000] 54d54bc0-d61d-4804-ab49-91ed70f23950: 48 arrays, 83.9 MB stored; 1.0 s; peak memory 248 MiB.
2026-10-09T23:25:29Z INFO [492/1000] 54d5b65a-07db-4045-a78b-b3c82a83a71a: 51 arrays, 0.0 MB stored; 0.9 s; peak memory 248 MiB.
2026-10-09T23:25:30Z INFO [493/1000] 54d60d38-0925-4359-858a-f82f8a957190: 107 arrays, 0.0 MB stored; 1.1 s; peak memory 248 MiB.
2026-10-09T23:25:32Z INFO [494/1000] 54d706df-e647-428a-a574-35c27edcea92: 83 arrays, 12.3 MB stored; 1.8 s; peak memory 248 MiB.
2026-10-09T23:25:33Z INFO [495/1000] 54d7a5f2-9457-4ac4-a209-ff22d13b4a5e: 48 arrays, 83.9 MB stored; 1.3 s; peak memory 248 MiB.
2026-10-09T23:25:34Z INFO [496/1000] 54d7ce4d-8d2f-4624-8729-b1f90dff23ef: 48 arrays, 83.9 MB stored; 1.2 s; peak memory 248 MiB.
2026-10-09T23:25:36Z INFO [497/1000] 54d828fd-4729-4e83-8e79-b4c0ef73ca29: 39 arrays, 11807.8 MB stored; 2.3 s; peak memory 248 MiB.
2026-10-09T23:25:37Z INFO [498/1000] 54d853f6-f23e-4a56-a606-c5691a9d4fcc: 117 arrays, 0.3 MB stored; 1.2 s; peak memory 248 MiB.
2026-10-09T23:25:46Z INFO [499/1000] 54d8a318-a9d9-49a5-8fe4-49f3bfd07561: 1275 arrays, 43.0 MB stored; 9.0 s; peak memory 248 MiB.
2026-10-09T23:25:49Z INFO [500/1000] 54d950d3-988a-41c5-8058-9c01ee4af988: 38 arrays, 33.8 MB stored; 2.6 s; peak memory 248 MiB.
2026-10-09T23:25:50Z INFO [501/1000] 54d96a29-9459-4404-aedc-46c616218f84: 116 arrays, 0.4 MB stored; 1.3 s; peak memory 248 MiB.
2026-10-09T23:25:52Z INFO [502/1000] 54da0d7b-175c-47ef-ba73-ae8c0af54846: 116 arrays, 0.3 MB stored; 1.3 s; peak memory 248 MiB.
2026-10-09T23:25:54Z INFO [503/1000] 5490b4fd-40ff-43f6-bac0-cab22df26da8: 292 arrays, 40435.8 MB stored; 240.1 s; peak memory 248 MiB.
2026-10-09T23:25:57Z INFO [504/1000] 54dae324-62c2-4e16-b9f7-a4fc584a5d8f: 50 arrays, 129.3 MB stored; 3.1 s; peak memory 248 MiB.
2026-10-09T23:25:58Z INFO [505/1000] 54daeb4d-5e16-4507-8b38-7b3f34e44014: 48 arrays, 83.9 MB stored; 1.1 s; peak memory 248 MiB.
2026-10-09T23:25:58Z INFO [506/1000] 54d337ed-63d6-437b-b252-0860f68d78ac: 24740 arrays, 523.1 MB stored; 46.5 s; peak memory 248 MiB.
2026-10-09T23:25:59Z INFO [507/1000] 54dbc608-1169-47b3-ae6f-f8452b887dc2: 63 arrays, 0.1 MB stored; 1.2 s; peak memory 248 MiB.
2026-10-09T23:26:00Z INFO [508/1000] 54dc30ba-77b0-4743-849d-42e0f3c66e7f: 117 arrays, 0.5 MB stored; 1.2 s; peak memory 248 MiB.
2026-10-09T23:26:01Z INFO [509/1000] 545a1ff9-f272-46f9-a078-e0ef4b81f6ab: 99 arrays, 1016.6 MB stored; 333.9 s; peak memory 248 MiB.
2026-10-09T23:26:02Z INFO [510/1000] 54dcf538-f571-4cb8-9bfa-2528c37f6bfa: 46 arrays, 0.1 MB stored; 0.9 s; peak memory 248 MiB.
2026-10-09T23:26:04Z INFO [511/1000] 5447455e-49ec-4ce0-9a64-4cad767bef7b: 94 arrays, 27280.3 MB stored; 368.8 s; peak memory 248 MiB.
2026-10-09T23:26:05Z INFO [512/1000] 54945538-5137-4e8e-a5e7-cdce3b65d13f: 472 arrays, 43336.1 MB stored; 245.7 s; peak memory 248 MiB.
2026-10-09T23:26:05Z INFO [513/1000] 54dc1e5b-2249-4441-88b4-a61611153190: 336 arrays, 44.0 MB stored; 7.1 s; peak memory 248 MiB.
2026-10-09T23:26:05Z INFO [514/1000] 54dd1548-530a-4395-9e90-f03c9dcb1181: 117 arrays, 0.4 MB stored; 1.3 s; peak memory 248 MiB.
2026-10-09T23:26:06Z INFO [515/1000] 54dd5a87-fd75-4cb0-9586-5640c5441b9d: 48 arrays, 83.9 MB stored; 1.1 s; peak memory 248 MiB.
2026-10-09T23:26:06Z INFO [516/1000] 54ddddfc-bbb0-492a-bb3e-a85809068075: 117 arrays, 0.3 MB stored; 1.2 s; peak memory 248 MiB.
2026-10-09T23:26:07Z INFO [517/1000] 54de0f36-e1dd-4dfb-a0fe-e88c14c70bff: 49 arrays, 0.0 MB stored; 0.8 s; peak memory 248 MiB.
2026-10-09T23:26:07Z INFO [518/1000] 54de088c-ce0c-4338-813a-ec7c384cff0d: 116 arrays, 9.8 MB stored; 1.4 s; peak memory 248 MiB.
2026-10-09T23:26:08Z INFO [519/1000] 54dcfb05-4bcb-457e-879f-8400a90d3641: 1808 arrays, 9.4 MB stored; 5.4 s; peak memory 248 MiB.
2026-10-09T23:26:08Z INFO [520/1000] 54de2d64-4b87-4bbb-ac85-222bf9e55ba1: 47 arrays, 1.2 MB stored; 1.3 s; peak memory 248 MiB.
2026-10-09T23:26:08Z INFO [521/1000] 54de4a82-c7c0-4922-8d62-7ddca6513252: 117 arrays, 0.3 MB stored; 1.4 s; peak memory 248 MiB.
2026-10-09T23:26:08Z INFO [522/1000] 54de1913-5966-4593-812e-b5a90ea250b6: 112 arrays, 0.8 MB stored; 1.8 s; peak memory 248 MiB.
2026-10-09T23:26:09Z INFO [523/1000] 54de8503-13d9-48a3-b585-b319fb491e81: 52 arrays, 8.5 MB stored; 1.0 s; peak memory 248 MiB.
2026-10-09T23:26:09Z INFO [524/1000] 54de9118-97bd-4737-8a7f-61c418b1a961: 68 arrays, 0.1 MB stored; 1.4 s; peak memory 248 MiB.
2026-10-09T23:26:10Z INFO [525/1000] 54de9e50-085c-406b-9a7d-5861e55b4b27: 112 arrays, 0.9 MB stored; 1.5 s; peak memory 248 MiB.
2026-10-09T23:26:10Z INFO [526/1000] 54dfa813-9b13-44e1-9fc0-a63306d392ac: 117 arrays, 0.6 MB stored; 1.3 s; peak memory 248 MiB.
2026-10-09T23:26:11Z INFO [527/1000] 54e0b426-f6b4-4661-be0b-d4a2bccaf83a: 117 arrays, 0.6 MB stored; 1.2 s; peak memory 248 MiB.
2026-10-09T23:26:11Z INFO [528/1000] 54e10385-a87f-4600-91a5-d532ae3f2d9d: 46 arrays, 12.6 MB stored; 1.1 s; peak memory 248 MiB.
2026-10-09T23:26:12Z INFO [529/1000] 54e00abf-7763-4077-bf4f-2988016c7c94: 116 arrays, 187.1 MB stored; 2.2 s; peak memory 248 MiB.
2026-10-09T23:26:12Z INFO [530/1000] 54e168ca-c92e-4f54-9c09-098684afab51: 64 arrays, 0.0 MB stored; 1.2 s; peak memory 248 MiB.
2026-10-09T23:26:14Z INFO [531/1000] 54c59eec-9618-46c0-9a7f-77fe36b7de3f: 260 arrays, 19773.4 MB stored; 120.5 s; peak memory 248 MiB.
2026-10-09T23:26:14Z INFO [532/1000] 54e21147-8281-40cc-b716-2fcc377c3be8: 118 arrays, 0.2 MB stored; 1.3 s; peak memory 249 MiB.
2026-10-09T23:26:14Z INFO [533/1000] 54e1aa31-14e8-4cac-ad22-de628dc30ecc: 115 arrays, 190.1 MB stored; 2.5 s; peak memory 249 MiB.
2026-10-09T23:26:15Z INFO [534/1000] 54e15ce5-de26-4c1b-80ea-0cdb2da9464b: 57 arrays, 187.3 MB stored; 3.8 s; peak memory 249 MiB.
2026-10-09T23:26:15Z INFO [535/1000] 54e21d6a-9c94-4b02-824f-f75656531ac5: 63 arrays, 0.2 MB stored; 1.0 s; peak memory 249 MiB.
2026-10-09T23:26:15Z INFO [536/1000] 54e22d29-1a7f-4640-ad33-20aecd7a4d87: 110 arrays, 0.6 MB stored; 1.5 s; peak memory 249 MiB.
2026-10-09T23:26:16Z INFO [537/1000] 54e255bb-3e9b-4dcb-9fd8-982fa626de2d: 48 arrays, 83.9 MB stored; 1.2 s; peak memory 249 MiB.
2026-10-09T23:26:16Z INFO [538/1000] 54e23b58-fc9d-4162-9ba0-eef559b6a50d: 66 arrays, 96.9 MB stored; 1.8 s; peak memory 249 MiB.
2026-10-09T23:26:17Z INFO [539/1000] 54e2763f-4c6c-40e0-9664-8abaf4d4941a: 48 arrays, 83.9 MB stored; 1.1 s; peak memory 249 MiB.
2026-10-09T23:26:18Z INFO [540/1000] 54e27e01-2806-4155-8e9a-9313671857a4: 116 arrays, 0.4 MB stored; 1.2 s; peak memory 249 MiB.
2026-10-09T23:26:18Z INFO [541/1000] 54de7e2c-338e-426a-863c-ef5de7deebaf: 1533 arrays, 33.9 MB stored; 10.0 s; peak memory 251 MiB.
2026-10-09T23:26:19Z INFO [542/1000] 54e3277b-2630-4a62-87f2-bb2dc7366104: 117 arrays, 0.4 MB stored; 1.2 s; peak memory 251 MiB.
2026-10-09T23:26:19Z INFO [543/1000] 54e2c838-27c9-46db-a1a7-e1a6c7f0279e: 186 arrays, 14.6 MB stored; 1.9 s; peak memory 251 MiB.
2026-10-09T23:26:19Z INFO [544/1000] 54e57e2c-de5f-45da-b90b-e0c50f737d40: 49 arrays, 1.5 MB stored; 1.3 s; peak memory 251 MiB.
2026-10-09T23:26:19Z INFO [545/1000] 54e22459-16ee-4bea-9f91-7c3cb1c9b488: 196 arrays, 609.8 MB stored; 5.7 s; peak memory 251 MiB.
2026-10-09T23:26:20Z INFO [546/1000] 54e61931-5703-4a3a-9be4-c633061df25a: 48 arrays, 83.9 MB stored; 1.2 s; peak memory 251 MiB.
2026-10-09T23:26:20Z INFO [547/1000] 54e643b4-31bb-450e-847d-e60343515177: 72 arrays, 0.0 MB stored; 1.3 s; peak memory 251 MiB.
2026-10-09T23:26:21Z INFO [548/1000] 54e65e25-bc28-4c65-9822-9c204b748a3b: 81 arrays, 225.1 MB stored; 1.6 s; peak memory 251 MiB.
2026-10-09T23:26:21Z INFO [549/1000] 54e7dbcc-d996-4ac9-9a13-2dcafa0a512a: 48 arrays, 83.9 MB stored; 1.2 s; peak memory 251 MiB.
2026-10-09T23:26:21Z INFO [550/1000] 54e82134-0b40-4835-a7c1-1fa30206bdec: 116 arrays, 9.7 MB stored; 1.3 s; peak memory 251 MiB.
2026-10-09T23:26:22Z INFO [551/1000] 54e84d76-2f6b-472c-8289-99fe20098c17: 112 arrays, 0.8 MB stored; 1.6 s; peak memory 252 MiB.
2026-10-09T23:26:23Z INFO [552/1000] 54e961cf-4d58-4d46-9b45-470049df4aca: 48 arrays, 83.9 MB stored; 1.1 s; peak memory 252 MiB.
2026-10-09T23:26:23Z INFO [553/1000] 54e8d421-a563-4148-9624-71d0a3390656: 115 arrays, 190.1 MB stored; 2.0 s; peak memory 252 MiB.
2026-10-09T23:26:24Z INFO [554/1000] 54e9eca2-2878-4d41-a674-658bf8c7e5ae: 112 arrays, 0.7 MB stored; 1.3 s; peak memory 252 MiB.
2026-10-09T23:26:24Z INFO [555/1000] 54ea6818-17ad-4ab4-89a3-c8ef3309f3ed: 50 arrays, 1.3 MB stored; 1.0 s; peak memory 252 MiB.
2026-10-09T23:26:25Z INFO [556/1000] 54eaddb0-65c6-48e3-b3a7-cfc62f3fb842: 71 arrays, 40.6 MB stored; 1.6 s; peak memory 252 MiB.
2026-10-09T23:26:26Z INFO [557/1000] 54e26df4-996f-4719-ac33-e2e819d2bc5a: 787 arrays, 56.0 MB stored; 10.7 s; peak memory 253 MiB.
2026-10-09T23:26:27Z INFO [558/1000] 54ebafb3-0ddf-4596-8680-91c0d7133a93: 41 arrays, 8.4 MB stored; 1.1 s; peak memory 253 MiB.
2026-10-09T23:26:28Z INFO [559/1000] 54eaf150-7006-462d-b769-a83157d0c0f0: 394 arrays, 5.3 MB stored; 3.6 s; peak memory 253 MiB.
2026-10-09T23:26:29Z INFO [560/1000] 54ebddea-541c-4f60-989c-afe4acb8d0cd: 69 arrays, 27.7 MB stored; 1.5 s; peak memory 253 MiB.
2026-10-09T23:26:29Z INFO [561/1000] 54ec4aa4-9fb1-4045-88f2-2738ecb38b7e: 117 arrays, 0.4 MB stored; 1.2 s; peak memory 254 MiB.
2026-10-09T23:26:30Z INFO [562/1000] 54ec6041-dd15-42dd-98ef-3c840d944f8d: 52 arrays, 0.0 MB stored; 1.0 s; peak memory 254 MiB.
2026-10-09T23:26:30Z INFO [563/1000] 54e67a68-b730-4c76-b49b-11f9d31f619b: 718 arrays, 36.3 MB stored; 10.6 s; peak memory 254 MiB.
2026-10-09T23:26:31Z INFO [564/1000] 54ed412d-a198-46da-910f-940c27514268: 48 arrays, 83.9 MB stored; 1.2 s; peak memory 254 MiB.
2026-10-09T23:26:31Z INFO [565/1000] 54edd787-5bca-4b6c-8b46-3b8baeb15cab: 112 arrays, 0.5 MB stored; 1.2 s; peak memory 254 MiB.
2026-10-09T23:26:32Z INFO [566/1000] 54ee2f3a-29c2-4acb-bfd9-944288d5ff60: 21 arrays, 0.6 MB stored; 0.8 s; peak memory 254 MiB.
2026-10-09T23:26:33Z INFO [567/1000] 54ef2627-56db-430c-b136-1c7997e91783: 112 arrays, 0.6 MB stored; 1.5 s; peak memory 254 MiB.
2026-10-09T23:26:33Z INFO [568/1000] 54ef7ba0-a926-4202-bce4-e251ad963407: 110 arrays, 0.6 MB stored; 1.4 s; peak memory 255 MiB.
2026-10-09T23:26:34Z INFO [569/1000] 54efbc91-c4eb-479e-9b05-6c7b6fe25456: 117 arrays, 0.2 MB stored; 1.2 s; peak memory 255 MiB.
2026-10-09T23:26:34Z INFO [570/1000] 54f03886-24b4-4214-a089-b1b4bf451108: 46 arrays, 0.1 MB stored; 0.9 s; peak memory 255 MiB.
2026-10-09T23:26:35Z INFO [571/1000] 54f18739-a7d3-4a53-8048-d5b220fddafc: 48 arrays, 83.9 MB stored; 1.2 s; peak memory 255 MiB.
2026-10-09T23:26:36Z INFO [572/1000] 54f25dff-4f8e-4b7e-a538-963a7a15a393: 48 arrays, 83.9 MB stored; 1.0 s; peak memory 255 MiB.
2026-10-09T23:26:38Z INFO [573/1000] 54eb718b-6fd4-4a57-8240-6c45143c4dae: 278 arrays, 1306.4 MB stored; 12.6 s; peak memory 255 MiB.
2026-10-09T23:26:39Z INFO [574/1000] 54f37d7f-c8c2-4e07-9d25-d40332a72cb3: 48 arrays, 83.9 MB stored; 1.2 s; peak memory 255 MiB.
2026-10-09T23:26:40Z INFO [575/1000] 54f13dfd-b5e4-4a73-b32d-94ff80ba929c: 605 arrays, 20.4 MB stored; 5.6 s; peak memory 256 MiB.
2026-10-09T23:26:41Z INFO [576/1000] 54f3d42f-b70c-4342-913e-72adefe7bf9f: 116 arrays, 0.3 MB stored; 1.1 s; peak memory 256 MiB.
2026-10-09T23:26:41Z INFO [577/1000] 54f39fd1-64ee-4dae-9e82-9dacac171c3e: 110 arrays, 0.9 MB stored; 1.7 s; peak memory 256 MiB.
2026-10-09T23:26:42Z INFO [578/1000] 54f3fe03-42d8-479d-b9a1-b05108a43aa7: 65 arrays, 0.0 MB stored; 1.1 s; peak memory 256 MiB.
2026-10-09T23:26:43Z INFO [579/1000] 54f43901-dadd-4c56-812a-69c1f4d2c592: 48 arrays, 83.9 MB stored; 1.0 s; peak memory 256 MiB.
2026-10-09T23:26:44Z INFO [580/1000] 54f3e367-4ff6-4565-91e7-abef6d593cc8: 80 arrays, 351.5 MB stored; 3.3 s; peak memory 256 MiB.
2026-10-09T23:26:45Z INFO [581/1000] 54f451b0-ba70-4d32-9d59-83d3c2b70164: 153 arrays, 3.3 MB stored; 2.3 s; peak memory 256 MiB.
2026-10-09T23:26:46Z INFO [582/1000] 54f47a17-8fab-4d06-8a95-41564ffddebe: 110 arrays, 1.3 MB stored; 1.8 s; peak memory 257 MiB.
2026-10-09T23:26:47Z INFO [583/1000] 54f542a5-9dad-474f-9f66-63c356df9cd4: 46 arrays, 0.1 MB stored; 0.8 s; peak memory 257 MiB.
2026-10-09T23:26:47Z INFO [584/1000] 54f4fc48-fe4e-42f8-a444-1290bed95438: 91 arrays, 28.8 MB stored; 1.8 s; peak memory 257 MiB.
2026-10-09T23:26:48Z INFO [585/1000] 54f59eb0-c008-453f-9dbc-c7b419dc243b: 48 arrays, 83.9 MB stored; 1.1 s; peak memory 257 MiB.
2026-10-09T23:26:48Z INFO [586/1000] 54f678c4-c58c-4d06-b1be-85af3a94a401: 48 arrays, 83.9 MB stored; 1.2 s; peak memory 257 MiB.
2026-10-09T23:26:49Z INFO [587/1000] 54ece582-3789-446e-9f2a-32418c96989d: 48 arrays, 36509.6 MB stored; 20.1 s; peak memory 257 MiB.
2026-10-09T23:26:49Z INFO [588/1000] 54f6af6b-3326-41c4-a3dc-52cac7e84153: 112 arrays, 0.6 MB stored; 1.5 s; peak memory 257 MiB.
2026-10-09T23:26:50Z INFO [589/1000] 54f6fa85-9353-448d-a82c-7c5f83620e21: 117 arrays, 0.3 MB stored; 1.3 s; peak memory 257 MiB.
2026-10-09T23:26:50Z INFO [590/1000] 54f6fc4f-e414-4280-8ee8-bc7716e6248d: 53 arrays, 0.3 MB stored; 1.2 s; peak memory 257 MiB.
2026-10-09T23:26:50Z INFO [591/1000] 54f725e3-76c6-49f3-9865-da824ac3d645: 42 arrays, 2.5 MB stored; 1.2 s; peak memory 257 MiB.
2026-10-09T23:26:51Z INFO [592/1000] 54f733b5-16da-493a-a4eb-e6e889c196c1: 118 arrays, 0.3 MB stored; 1.2 s; peak memory 257 MiB.
2026-10-09T23:26:52Z INFO [593/1000] 54f82956-bbdb-40ca-88d3-0b000d909c6e: 117 arrays, 0.4 MB stored; 1.3 s; peak memory 257 MiB.
2026-10-09T23:26:52Z INFO [594/1000] 54f96735-cbf2-42de-8408-4ab85b604043: 117 arrays, 0.4 MB stored; 1.4 s; peak memory 258 MiB.
2026-10-09T23:26:53Z INFO [595/1000] 54f9c095-34e8-4875-8d1d-678b0f5139ab: 48 arrays, 83.9 MB stored; 1.1 s; peak memory 258 MiB.
2026-10-09T23:26:53Z INFO [596/1000] 54f31192-7149-4b8b-8578-31399213842a: 6938 arrays, 65.6 MB stored; 16.8 s; peak memory 268 MiB.
2026-10-09T23:26:53Z INFO [597/1000] 54cd7514-c987-4ca3-9997-79abdf46e3ad: 250 arrays, 20726.5 MB stored; 118.3 s; peak memory 268 MiB.
2026-10-09T23:26:54Z INFO [598/1000] 54fab18e-cb62-4ef6-bcf4-d470207fcba2: 66 arrays, 44.9 MB stored; 1.5 s; peak memory 269 MiB.
2026-10-09T23:26:54Z INFO [599/1000] 54fc733f-78d3-4a5f-880b-db4014d2caa3: 46 arrays, 0.1 MB stored; 0.9 s; peak memory 269 MiB.
2026-10-09T23:26:54Z INFO [600/1000] 54f76c49-98f9-45fc-9325-515fd4c22e5e: 551 arrays, 7.4 MB stored; 4.0 s; peak memory 269 MiB.
2026-10-09T23:26:55Z INFO [600/1000] 54f76c49-98f9-45fc-9325-515fd4c22e5e: checkpointed 600 new records.
2026-10-09T23:26:55Z INFO [601/1000] 54fc98e4-9f62-4641-a4df-a28ab91038cd: 78 arrays, 0.1 MB stored; 1.2 s; peak memory 374 MiB.
2026-10-09T23:26:55Z INFO [602/1000] 54fcc782-798f-428d-aa4f-a89da0a3ea7c: 52 arrays, 12.5 MB stored; 1.3 s; peak memory 374 MiB.
2026-10-09T23:26:55Z INFO [603/1000] 54fdfe31-f7b4-4801-b486-f34f5a5f066c: 46 arrays, 0.1 MB stored; 1.0 s; peak memory 374 MiB.
2026-10-09T23:26:55Z INFO [604/1000] 54fd3bee-3fb8-414a-978b-f4c5c12ac8c0: 71 arrays, 124.6 MB stored; 1.7 s; peak memory 374 MiB.
2026-10-09T23:26:56Z INFO [605/1000] 54ff76b0-b086-4ed7-88fe-6c868bb4d46e: 39 arrays, 0.7 MB stored; 0.9 s; peak memory 374 MiB.
2026-10-09T23:26:57Z INFO [606/1000] 54ffc7f1-b06e-4cf8-bdf8-4029ec8941f2: 70 arrays, 22.0 MB stored; 1.5 s; peak memory 374 MiB.
2026-10-09T23:26:57Z INFO [607/1000] 54ffcf95-24a0-4d7a-a5fb-4f0388f8381c: 38 arrays, 0.5 MB stored; 1.0 s; peak memory 374 MiB.
2026-10-09T23:27:00Z INFO [608/1000] 550017a6-4e6b-4986-aad2-d485cb03c110: 55 arrays, 178.8 MB stored; 3.6 s; peak memory 374 MiB.
2026-10-09T23:27:01Z INFO [609/1000] 54ff29f2-afc6-4a1f-b6fa-1aaefd80e948: 9087 arrays, 422.7 MB stored; 6.0 s; peak memory 374 MiB.
2026-10-09T23:27:02Z INFO [610/1000] 55005670-99f8-4e35-88ba-92226dd78102: 538 arrays, 8.4 MB stored; 4.5 s; peak memory 374 MiB.
2026-10-09T23:27:02Z INFO [611/1000] 55014390-d89c-4e10-8799-9b3b4938ab30: 118 arrays, 0.3 MB stored; 1.2 s; peak memory 374 MiB.
2026-10-09T23:27:02Z INFO [612/1000] 55009ebd-331f-4bc3-8ee6-4e1eec53b23f: 71 arrays, 78.3 MB stored; 1.7 s; peak memory 374 MiB.
2026-10-09T23:27:04Z INFO [613/1000] 54fc73c3-eca2-41a0-84ae-94c1b48f324a: 5149 arrays, 53.2 MB stored; 10.9 s; peak memory 374 MiB.
2026-10-09T23:27:05Z INFO [614/1000] 54fe2e7a-8f98-4ce5-a86d-0fef465f5c71: 61 arrays, 576.8 MB stored; 10.1 s; peak memory 374 MiB.
2026-10-09T23:27:05Z INFO [615/1000] 5501f1ad-28aa-4224-8d14-77a5a3fd9e10: 48 arrays, 83.9 MB stored; 1.1 s; peak memory 374 MiB.
2026-10-09T23:27:06Z INFO [616/1000] 55022f95-ac60-40df-846a-abdb284dbcd5: 118 arrays, 0.3 MB stored; 1.2 s; peak memory 374 MiB.
2026-10-09T23:27:07Z INFO [617/1000] 550289e8-17ce-4922-8a3f-17fbfefddfaa: 112 arrays, 0.7 MB stored; 1.4 s; peak memory 374 MiB.
2026-10-09T23:27:07Z INFO [618/1000] 55027a93-85ce-400d-b8cb-30fafbad4207: 38 arrays, 25.1 MB stored; 2.2 s; peak memory 374 MiB.
2026-10-09T23:27:08Z INFO [619/1000] 550190b3-73b4-44e1-9ee4-2a6227ecc9d4: 193 arrays, 1155.6 MB stored; 5.5 s; peak memory 374 MiB.
2026-10-09T23:27:09Z INFO [620/1000] 550296db-e8e6-4eca-b6eb-5a78a540da75: 53 arrays, 9.1 MB stored; 2.0 s; peak memory 374 MiB.
2026-10-09T23:27:10Z INFO [621/1000] 5502bd8f-2330-410c-aec9-8f7fcce9dc70: 88 arrays, 14557.2 MB stored; 2.6 s; peak memory 374 MiB.
2026-10-09T23:27:11Z INFO [622/1000] 55035a39-3a04-46c6-81f6-9a0dce794299: 65 arrays, 0.7 MB stored; 1.3 s; peak memory 374 MiB.
2026-10-09T23:27:11Z INFO [623/1000] 550367d9-4d7c-4079-86e4-04d60b0f34a2: 112 arrays, 0.5 MB stored; 1.4 s; peak memory 374 MiB.
2026-10-09T23:27:13Z INFO [624/1000] 5503b2fc-1eed-43bf-80ab-20b19007a8b3: 72 arrays, 0.0 MB stored; 1.2 s; peak memory 374 MiB.
2026-10-09T23:27:15Z INFO [625/1000] 5503ff08-530b-45ac-aeaa-0ae38705f52b: 156 arrays, 193.5 MB stored; 2.6 s; peak memory 374 MiB.
2026-10-09T23:27:17Z INFO [626/1000] 55041b4e-e8f8-46f3-9cd6-640cd1531024: 112 arrays, 0.9 MB stored; 1.5 s; peak memory 374 MiB.
2026-10-09T23:27:17Z INFO [627/1000] 55015f10-a0d0-4448-8a18-23bd35b2789a: 41 arrays, 832.1 MB stored; 15.2 s; peak memory 374 MiB.
2026-10-09T23:27:17Z INFO [628/1000] 550373ea-da93-495c-91c3-4cbb063e42d6: 1433 arrays, 15.3 MB stored; 6.8 s; peak memory 374 MiB.
2026-10-09T23:27:19Z INFO [629/1000] 5505b5a6-0675-4e71-8e99-38ac1bdfc8a2: 48 arrays, 83.9 MB stored; 1.1 s; peak memory 374 MiB.
2026-10-09T23:27:28Z INFO [630/1000] 550449b3-1068-4d6d-a06e-d3c24fb2a3e9: 106 arrays, 18960.2 MB stored; 11.3 s; peak memory 374 MiB.
2026-10-09T23:27:29Z INFO [631/1000] 55046f9b-c80e-40e9-bff9-68a053180708: 49 arrays, 214024.2 MB stored; 12.1 s; peak memory 374 MiB.
2026-10-09T23:27:31Z INFO [632/1000] 5505d0f7-42ed-453f-b354-30dd06759c49: 1528 arrays, 50.3 MB stored; 12.2 s; peak memory 374 MiB.
2026-10-09T23:27:31Z INFO [633/1000] 550635b1-25f8-4ced-b968-b2be74771ae2: 117 arrays, 17.7 MB stored; 1.8 s; peak memory 374 MiB.
2026-10-09T23:27:31Z INFO [634/1000] 5505ec98-9865-4350-b9f8-9d5fce4bafa2: 501 arrays, 5.6 MB stored; 3.4 s; peak memory 374 MiB.
2026-10-09T23:27:32Z INFO [635/1000] 55072530-b1e5-4bf7-a22f-e46507701876: 48 arrays, 83.9 MB stored; 1.2 s; peak memory 374 MiB.
2026-10-09T23:27:32Z INFO [636/1000] 55075583-98aa-44c7-8189-1a094059ef7a: 52 arrays, 9.6 MB stored; 1.2 s; peak memory 374 MiB.
2026-10-09T23:27:33Z INFO [637/1000] 55081769-78c1-48e1-b8a3-b74a33950781: 48 arrays, 83.9 MB stored; 1.1 s; peak memory 374 MiB.
2026-10-09T23:27:33Z INFO [638/1000] 5507819f-7c14-4552-a484-7b2cf95726eb: 71 arrays, 46.5 MB stored; 1.8 s; peak memory 374 MiB.
2026-10-09T23:27:34Z INFO [639/1000] 5508f81c-51d5-463b-bff5-f36a1032fa06: 90 arrays, 0.2 MB stored; 1.2 s; peak memory 374 MiB.
2026-10-09T23:27:38Z INFO [640/1000] 5509d97f-95ee-46ed-950a-fd291b3a7779: 229 arrays, 962.4 MB stored; 5.4 s; peak memory 374 MiB.
2026-10-09T23:27:44Z INFO [641/1000] 550a3e4c-1bae-4bbd-ab02-dedf41411441: 994 arrays, 21.4 MB stored; 5.1 s; peak memory 374 MiB.
2026-10-09T23:27:45Z INFO [642/1000] 55095412-cc9e-46e7-ab1c-dfe63a2b3f3f: 793 arrays, 53.1 MB stored; 11.6 s; peak memory 374 MiB.
2026-10-09T23:27:45Z INFO [643/1000] 550aa379-6fff-415e-9068-07f546e6bb48: 116 arrays, 0.5 MB stored; 1.3 s; peak memory 374 MiB.
2026-10-09T23:27:46Z INFO [644/1000] 550ab419-423e-4ffc-b73b-2f8d6b85d631: 50 arrays, 7.7 MB stored; 1.0 s; peak memory 374 MiB.
2026-10-09T23:27:47Z INFO [645/1000] 550a0559-5892-496b-bb3e-3b492d12cf1f: 49 arrays, 13113.1 MB stored; 13.1 s; peak memory 374 MiB.
2026-10-09T23:27:47Z INFO [646/1000] 550b0ebd-a802-4567-84f3-2abdc0ab5235: 64 arrays, 0.0 MB stored; 1.1 s; peak memory 374 MiB.
2026-10-09T23:27:48Z INFO [647/1000] 550ae89b-efa1-447b-99ea-2bd955b6ad22: 150 arrays, 758.8 MB stored; 2.8 s; peak memory 374 MiB.
2026-10-09T23:27:48Z INFO [648/1000] 550b34af-0b82-491a-8086-661c024935c7: 50 arrays, 0.0 MB stored; 1.0 s; peak memory 374 MiB.
2026-10-09T23:27:50Z INFO [649/1000] 550beffa-85f5-462c-b2e6-b58d3cd5e820: 57 arrays, 681.5 MB stored; 1.9 s; peak memory 374 MiB.
2026-10-09T23:27:50Z INFO [650/1000] 550b9a99-5a5a-49ff-861e-8d1765ac9ec9: 156 arrays, 193.4 MB stored; 2.8 s; peak memory 374 MiB.
2026-10-09T23:27:51Z INFO [651/1000] 550c6940-211e-439b-bec9-d87708e6634f: 117 arrays, 0.2 MB stored; 1.2 s; peak memory 374 MiB.
2026-10-09T23:27:52Z INFO [652/1000] 550c80ff-fd34-4ba4-b0e9-2a5e19918389: 116 arrays, 0.4 MB stored; 1.1 s; peak memory 374 MiB.
2026-10-09T23:27:52Z INFO [653/1000] 550ced0d-0b17-43ba-9489-8c0bbbdb4a64: 48 arrays, 83.9 MB stored; 1.2 s; peak memory 374 MiB.
2026-10-09T23:27:52Z INFO [654/1000] 550d6acb-223f-4b52-a268-aac64f12cdd7: 48 arrays, 83.9 MB stored; 0.9 s; peak memory 374 MiB.
2026-10-09T23:27:53Z INFO [655/1000] 550e85d4-5503-46d7-8da6-ae28f15588c5: 46 arrays, 0.1 MB stored; 0.9 s; peak memory 374 MiB.
2026-10-09T23:27:53Z INFO [656/1000] 550f1402-8fc6-4c57-818b-29a0002909bc: 55 arrays, 0.0 MB stored; 0.9 s; peak memory 374 MiB.
2026-10-09T23:27:54Z INFO [657/1000] 550faac6-c3c6-4110-9d46-ed0444e062ef: 68 arrays, 0.3 MB stored; 1.3 s; peak memory 374 MiB.
2026-10-09T23:27:54Z INFO [658/1000] 550fb78e-e620-4b2b-9fd2-df37e7b22878: 46 arrays, 0.1 MB stored; 0.9 s; peak memory 374 MiB.
2026-10-09T23:27:55Z INFO [659/1000] 550fd81a-c8fa-4f2e-b6f3-1952263f1848: 48 arrays, 83.9 MB stored; 1.2 s; peak memory 374 MiB.
2026-10-09T23:27:56Z INFO [660/1000] 550fccae-b988-4d34-93ef-9356e7655b79: 117 arrays, 0.3 MB stored; 1.3 s; peak memory 374 MiB.
2026-10-09T23:27:57Z INFO [661/1000] 550fec0e-ba37-43ba-a8e9-51d6441b0507: 48 arrays, 83.9 MB stored; 1.1 s; peak memory 374 MiB.
2026-10-09T23:27:57Z INFO [662/1000] 55102939-949a-4cf4-b0d3-8f6270e3a19a: 118 arrays, 0.3 MB stored; 1.4 s; peak memory 374 MiB.
2026-10-09T23:27:58Z INFO [663/1000] 55110053-5e93-40cd-86b4-cec1cc21309b: 48 arrays, 83.9 MB stored; 1.1 s; peak memory 374 MiB.
2026-10-09T23:27:59Z INFO [664/1000] 55109d23-51ff-46d5-801c-c1e1c9fa5d49: 74 arrays, 52.6 MB stored; 2.0 s; peak memory 374 MiB.
2026-10-09T23:27:59Z INFO [665/1000] 551112c4-a59b-47a6-a25d-8a39d64ee16c: 48 arrays, 83.9 MB stored; 1.1 s; peak memory 374 MiB.
2026-10-09T23:28:00Z INFO [666/1000] 5512af97-29e9-461f-9901-42afea58121e: 62 arrays, 0.8 MB stored; 1.1 s; peak memory 374 MiB.
2026-10-09T23:28:01Z INFO [667/1000] 551333ba-3c80-41cf-90ec-6f71d5a304dd: 64 arrays, 24.6 MB stored; 1.5 s; peak memory 374 MiB.
2026-10-09T23:28:01Z INFO [668/1000] 55135c9e-5a46-48f0-978d-4902e196d5dd: 117 arrays, 0.4 MB stored; 1.3 s; peak memory 374 MiB.
2026-10-09T23:28:02Z INFO [669/1000] 551366f5-444c-4fff-a2b8-a4e9ac4f4b47: 142 arrays, 1.0 MB stored; 1.3 s; peak memory 374 MiB.
2026-10-09T23:28:02Z INFO [670/1000] 5513803b-69d2-4df1-a20c-63796d37f0da: 117 arrays, 0.3 MB stored; 1.2 s; peak memory 374 MiB.
2026-10-09T23:28:03Z INFO [671/1000] 551382b7-1dc2-47b3-9c0a-60692da5045d: 41 arrays, 8.4 MB stored; 1.0 s; peak memory 374 MiB.
2026-10-09T23:28:05Z INFO [672/1000] 55147651-078b-45d5-abc0-989ef07886d0: 115 arrays, 190.1 MB stored; 2.4 s; peak memory 374 MiB.
2026-10-09T23:28:07Z INFO [673/1000] 5514ab8f-736e-4cac-a6b2-3e67f0a2cba8: 81 arrays, 11.9 MB stored; 1.6 s; peak memory 374 MiB.
2026-10-09T23:28:08Z INFO [674/1000] 5513cb08-23be-4343-a027-d5acc0fe85b5: 193 arrays, 1071.6 MB stored; 5.7 s; peak memory 374 MiB.
2026-10-09T23:28:08Z INFO [675/1000] 5516271e-b324-4d34-bd2b-815035f6d482: 116 arrays, 0.4 MB stored; 1.4 s; peak memory 374 MiB.
2026-10-09T23:28:09Z INFO [676/1000] 55170eab-f170-43f1-87ec-587c29340055: 39 arrays, 8.8 MB stored; 1.2 s; peak memory 374 MiB.
2026-10-09T23:28:10Z INFO [677/1000] 5516975c-c112-4853-ba99-0f311b8dd6cd: 112 arrays, 0.9 MB stored; 1.7 s; peak memory 374 MiB.
2026-10-09T23:28:11Z INFO [678/1000] 55180915-8c78-432b-84aa-983273518896: 64 arrays, 27.0 MB stored; 1.6 s; peak memory 374 MiB.
2026-10-09T23:28:12Z INFO [679/1000] 551a0c07-3739-4eca-8eea-df2cc83aafd6: 46 arrays, 0.0 MB stored; 0.9 s; peak memory 374 MiB.
2026-10-09T23:28:13Z INFO [680/1000] 55172511-1b63-4ba1-9ad2-ca4290151304: 486 arrays, 4.6 MB stored; 3.5 s; peak memory 374 MiB.
2026-10-09T23:28:14Z INFO [681/1000] 551a69c2-3dc8-44c8-ae99-58641c3975a5: 112 arrays, 0.5 MB stored; 1.5 s; peak memory 374 MiB.
2026-10-09T23:28:14Z INFO [682/1000] 54dc6681-8582-4663-b95d-4521e47ba905: 106 arrays, 2490.0 MB stored; 133.4 s; peak memory 374 MiB.
2026-10-09T23:28:15Z INFO [683/1000] 551af1bd-1cea-4c0e-bbd2-3fb22eb4820b: 48 arrays, 83.9 MB stored; 1.1 s; peak memory 374 MiB.
2026-10-09T23:28:15Z INFO [684/1000] 551adf0c-9440-465a-83e0-06bfde4d1c1a: 117 arrays, 18.5 MB stored; 1.9 s; peak memory 374 MiB.
2026-10-09T23:28:16Z INFO [685/1000] 551ba7a9-4e09-4cb1-bcdf-476f43591c39: 48 arrays, 83.9 MB stored; 1.0 s; peak memory 374 MiB.
2026-10-09T23:28:16Z INFO [686/1000] 551b6324-b9ff-4db6-a25f-e1aab7de4199: 71 arrays, 155.5 MB stored; 2.1 s; peak memory 374 MiB.
2026-10-09T23:28:20Z INFO [687/1000] 551bf392-e947-4b50-9e11-428a5af41226: 524 arrays, 7.9 MB stored; 3.9 s; peak memory 374 MiB.
2026-10-09T23:28:21Z INFO [688/1000] 551c7964-57fd-4cf7-834f-c73956d20f32: 61 arrays, 23.6 MB stored; 1.3 s; peak memory 374 MiB.
2026-10-09T23:28:21Z INFO [689/1000] 550b310d-944b-4737-b361-0efaa7945604: 55 arrays, 1803.9 MB stored; 34.7 s; peak memory 374 MiB.
2026-10-09T23:28:22Z INFO [690/1000] 551cd2a8-1ee2-4eff-bd0f-0ddbac4c3b06: 41 arrays, 14.4 MB stored; 1.0 s; peak memory 374 MiB.
2026-10-09T23:28:23Z INFO [691/1000] 551ceaa6-9ac6-4856-aa80-bb6cb4612b54: 112 arrays, 0.5 MB stored; 1.4 s; peak memory 374 MiB.
2026-10-09T23:28:24Z INFO [692/1000] 55035139-6f4e-4964-a176-08e7910781d1: 58 arrays, 7107.1 MB stored; 76.2 s; peak memory 374 MiB.
2026-10-09T23:28:24Z INFO [693/1000] 551d451b-221e-419f-8dd5-da55064e704b: 48 arrays, 83.9 MB stored; 1.2 s; peak memory 374 MiB.
2026-10-09T23:28:25Z INFO [694/1000] 551e4b14-a18d-4c4d-bf33-011b8d5cb3fb: 69 arrays, 0.1 MB stored; 1.2 s; peak memory 374 MiB.
2026-10-09T23:28:26Z INFO [695/1000] 551d3f05-07c7-4ccd-934b-049df9fc0d44: 551 arrays, 7.5 MB stored; 4.0 s; peak memory 374 MiB.
2026-10-09T23:28:26Z INFO [696/1000] 551dce68-dbe4-4bc0-a36b-d5716136b0fb: 114 arrays, 186.8 MB stored; 2.2 s; peak memory 374 MiB.
2026-10-09T23:28:27Z INFO [697/1000] 551e8c2d-7e6f-4981-8a69-619ccced61bd: 112 arrays, 0.7 MB stored; 1.6 s; peak memory 374 MiB.
2026-10-09T23:28:28Z INFO [698/1000] 551f041b-67f5-4b00-b5d7-f9c4cf93e2f7: 132 arrays, 0.9 MB stored; 1.5 s; peak memory 374 MiB.
2026-10-09T23:28:28Z INFO [699/1000] 551f4e02-04a5-4831-ba2c-c37cca37f435: 52 arrays, 14.0 MB stored; 1.2 s; peak memory 374 MiB.
2026-10-09T23:28:29Z INFO [700/1000] 551f5fcd-e2d4-4204-aa61-8eec5b44c2a0: 48 arrays, 83.9 MB stored; 0.9 s; peak memory 374 MiB.
2026-10-09T23:28:29Z INFO [701/1000] 551c0ed9-5923-4665-b2a6-5fb6b31843de: 2005 arrays, 48.8 MB stored; 12.9 s; peak memory 374 MiB.
2026-10-09T23:28:29Z INFO [702/1000] 551f6992-2553-4111-ac3c-09382c16fd04: 52 arrays, 626.4 MB stored; 1.2 s; peak memory 374 MiB.
2026-10-09T23:28:30Z INFO [703/1000] 551ff407-d721-4d2d-814e-60bea41b719e: 48 arrays, 83.9 MB stored; 1.1 s; peak memory 374 MiB.
2026-10-09T23:28:30Z INFO [704/1000] 551ff749-761e-4253-821c-6c07cc470586: 57 arrays, 0.0 MB stored; 0.9 s; peak memory 374 MiB.
2026-10-09T23:28:31Z INFO [705/1000] 5520084d-6654-4122-adb2-8a2132be1382: 117 arrays, 0.3 MB stored; 1.4 s; peak memory 374 MiB.
2026-10-09T23:28:31Z INFO [706/1000] 55200c83-a892-4947-99cb-eafba84d5b72: 110 arrays, 0.2 MB stored; 1.3 s; peak memory 374 MiB.
2026-10-09T23:28:31Z INFO [707/1000] 551f28f1-08fc-4b2c-b88d-ca514e09c1d2: 534 arrays, 8.8 MB stored; 5.3 s; peak memory 374 MiB.
2026-10-09T23:28:32Z INFO [708/1000] 55213796-6292-4252-986a-1a0f07ea191f: 48 arrays, 83.9 MB stored; 1.2 s; peak memory 374 MiB.
2026-10-09T23:28:33Z INFO [709/1000] 5521ab72-9d9e-42b6-9520-4c4869540f35: 52 arrays, 11.4 MB stored; 1.0 s; peak memory 374 MiB.
2026-10-09T23:28:34Z INFO [710/1000] 5521e482-b988-4b2e-8381-b8dd44ffd4ca: 39 arrays, 5.9 MB stored; 1.0 s; peak memory 374 MiB.
2026-10-09T23:28:35Z INFO [711/1000] 55222330-6735-400a-aded-4783026b766d: 52 arrays, 10.2 MB stored; 1.1 s; peak memory 374 MiB.
2026-10-09T23:28:36Z INFO [712/1000] 552290f4-5aff-499c-9f35-755e516e5370: 48 arrays, 83.9 MB stored; 1.1 s; peak memory 374 MiB.
2026-10-09T23:28:37Z INFO [713/1000] 55207226-b759-4b6d-aacc-ced1490b0d87: 1393 arrays, 25.1 MB stored; 7.2 s; peak memory 374 MiB.
2026-10-09T23:28:38Z INFO [714/1000] 5522d59f-8484-43c0-985b-addffb03b050: 112 arrays, 0.1 MB stored; 1.2 s; peak memory 374 MiB.
2026-10-09T23:28:39Z INFO [715/1000] 551b7a1f-590f-4950-b489-3d6d7f208e51: 123 arrays, 38185.9 MB stored; 24.0 s; peak memory 374 MiB.
2026-10-09T23:28:39Z INFO [716/1000] 5521766e-6776-46bc-8fb0-5596c048d446: 1291 arrays, 23.4 MB stored; 7.3 s; peak memory 374 MiB.
2026-10-09T23:28:40Z INFO [717/1000] 552443d2-96c5-4628-b003-4a29d542600a: 66 arrays, 51.4 MB stored; 1.5 s; peak memory 374 MiB.
2026-10-09T23:28:43Z INFO [718/1000] 5524441c-42b7-4f3b-b1ab-95bb2a7e8ee9: 156 arrays, 193.5 MB stored; 2.9 s; peak memory 374 MiB.
2026-10-09T23:28:45Z INFO [719/1000] 55245ece-1dd8-4e4a-a3c2-ef2b6fc0f8b5: 66 arrays, 61.5 MB stored; 1.6 s; peak memory 374 MiB.
2026-10-09T23:28:51Z INFO [720/1000] 5524b886-bdae-43ac-abe0-15062c9ffaab: 339 arrays, 48.0 MB stored; 6.9 s; peak memory 374 MiB.
2026-10-09T23:28:53Z INFO [721/1000] 5524bca5-48c6-4f8d-875f-8b4168fe534c: 112 arrays, 0.5 MB stored; 1.4 s; peak memory 374 MiB.
2026-10-09T23:28:53Z INFO [722/1000] 5523b86b-beca-44a2-b1b0-b69f036c2d31: 809 arrays, 23.9 MB stored; 15.5 s; peak memory 374 MiB.
2026-10-09T23:28:54Z INFO [723/1000] 5524e0dd-d8ee-464f-a867-68da445fcf54: 112 arrays, 0.6 MB stored; 1.3 s; peak memory 374 MiB.
2026-10-09T23:28:55Z INFO [724/1000] 5525d836-77ce-45ae-9078-b57353f3df07: 48 arrays, 83.9 MB stored; 1.0 s; peak memory 374 MiB.
2026-10-09T23:28:56Z INFO [725/1000] 55257c27-a9ae-4050-8397-2ac586b29317: 116 arrays, 187.2 MB stored; 2.4 s; peak memory 374 MiB.
2026-10-09T23:28:56Z INFO [726/1000] 55265f89-d363-40d7-a329-a18b6bef2078: 46 arrays, 0.1 MB stored; 0.9 s; peak memory 374 MiB.
2026-10-09T23:28:57Z INFO [727/1000] 55277ed3-9a71-41ff-b7e4-9dbeca5975ad: 48 arrays, 83.9 MB stored; 1.2 s; peak memory 374 MiB.
2026-10-09T23:28:57Z INFO [728/1000] 5527eb89-2198-49ff-a161-c5d733e547ec: 48 arrays, 83.9 MB stored; 1.3 s; peak memory 374 MiB.
2026-10-09T23:28:58Z INFO [729/1000] 552841e8-193f-4563-bd71-9d38570c157a: 109 arrays, 0.8 MB stored; 1.5 s; peak memory 374 MiB.
2026-10-09T23:29:00Z INFO [730/1000] 550159cd-702c-454f-90b9-847916d55595: 449 arrays, 23704.3 MB stored; 118.7 s; peak memory 374 MiB.
2026-10-09T23:29:01Z INFO [731/1000] 5528a616-38c5-44e8-a436-fb57c4dab7e8: 161 arrays, 10.3 MB stored; 2.5 s; peak memory 374 MiB.
2026-10-09T23:29:02Z INFO [732/1000] 55293507-fb09-4142-918f-4ab4500b5c8c: 71 arrays, 4.2 MB stored; 1.7 s; peak memory 374 MiB.
2026-10-09T23:29:04Z INFO [733/1000] 5529237d-c94b-4cf1-ae84-e915d834f5fc: 82 arrays, 3473.0 MB stored; 3.3 s; peak memory 374 MiB.
2026-10-09T23:29:04Z INFO [734/1000] 5529490b-d1de-47e0-8422-cc285df0751a: 112 arrays, 0.6 MB stored; 1.4 s; peak memory 374 MiB.
2026-10-09T23:29:05Z INFO [735/1000] 55289694-f0fb-4ffd-b569-26879acc3d24: 38 arrays, 243.3 MB stored; 7.2 s; peak memory 374 MiB.
2026-10-09T23:29:05Z INFO [736/1000] 552a35c7-6515-4f57-baf3-1678b7ac5ebc: 118 arrays, 0.3 MB stored; 1.3 s; peak memory 374 MiB.
2026-10-09T23:29:05Z INFO [737/1000] 552a4488-73a1-4f5a-a0f9-7ca105533314: 117 arrays, 0.5 MB stored; 1.4 s; peak memory 374 MiB.
2026-10-09T23:29:06Z INFO [738/1000] 552b30d0-aac3-4703-a7ee-5adc02353ed8: 52 arrays, 15.3 MB stored; 1.1 s; peak memory 374 MiB.
2026-10-09T23:29:06Z INFO [739/1000] 552b57c2-15d3-4ceb-bd0c-ef037f2ac843: 52 arrays, 0.0 MB stored; 1.0 s; peak memory 374 MiB.
2026-10-09T23:29:07Z INFO [740/1000] 552b7a93-a106-4325-a911-099cdba7a904: 81 arrays, 196.5 MB stored; 1.7 s; peak memory 374 MiB.
2026-10-09T23:29:07Z INFO [741/1000] 552c9a0c-f6a7-4638-ae71-45c83ddc4f58: 112 arrays, 0.6 MB stored; 1.3 s; peak memory 374 MiB.
2026-10-09T23:29:08Z INFO [742/1000] 552d059c-1922-4b3f-97b0-50f590153934: 48 arrays, 83.9 MB stored; 1.3 s; peak memory 374 MiB.
2026-10-09T23:29:08Z INFO [743/1000] 552d336c-5758-450e-96f5-1e26a07267c2: 72 arrays, 0.1 MB stored; 1.3 s; peak memory 374 MiB.
2026-10-09T23:29:09Z INFO [744/1000] 552d4035-9465-40e4-987e-f1b7964d06bf: 50 arrays, 0.1 MB stored; 1.0 s; peak memory 374 MiB.
2026-10-09T23:29:09Z INFO [745/1000] 552dd05a-f2a9-452d-8356-527a6ee9a087: 45 arrays, 0.0 MB stored; 1.0 s; peak memory 374 MiB.
2026-10-09T23:29:11Z INFO [746/1000] 552ef4d3-43cc-48ed-920b-c312ff4cd0cd: 117 arrays, 0.3 MB stored; 1.3 s; peak memory 374 MiB.
2026-10-09T23:29:11Z INFO [747/1000] 552e3314-52e1-4cba-a275-2fb371275a8b: 110 arrays, 0.7 MB stored; 1.5 s; peak memory 374 MiB.
2026-10-09T23:29:12Z INFO [748/1000] 552f7a8c-05b2-4e0a-8a34-3b05568e503b: 114 arrays, 0.1 MB stored; 1.0 s; peak memory 374 MiB.
2026-10-09T23:29:13Z INFO [749/1000] 5530ef0f-af2c-4a50-9138-8f188c011054: 46 arrays, 12.6 MB stored; 1.2 s; peak memory 374 MiB.
2026-10-09T23:29:13Z INFO [750/1000] 55308d49-b1cb-4875-9edf-9fce3f2d898f: 156 arrays, 193.4 MB stored; 2.6 s; peak memory 374 MiB.
2026-10-09T23:29:15Z INFO [751/1000] 5531db70-bf68-4f1c-b50b-1463e0c6b5c0: 53 arrays, 9.3 MB stored; 1.7 s; peak memory 374 MiB.
2026-10-09T23:29:16Z INFO [752/1000] 55321ec9-0463-4c69-ba04-136c68dbfe8c: 117 arrays, 0.4 MB stored; 1.1 s; peak memory 374 MiB.
2026-10-09T23:29:17Z INFO [753/1000] 55242cf9-ec07-4916-a24c-85c5c622c8a3: 55 arrays, 2274.2 MB stored; 38.1 s; peak memory 374 MiB.
2026-10-09T23:29:18Z INFO [754/1000] 5532b6c0-f77d-41d7-b917-88bacc0a0025: 48 arrays, 83.9 MB stored; 0.9 s; peak memory 374 MiB.
2026-10-09T23:29:20Z INFO [755/1000] 5532c041-a1c3-4096-a459-148d8018368a: 48 arrays, 35.1 MB stored; 2.7 s; peak memory 374 MiB.
2026-10-09T23:29:21Z INFO [756/1000] 5532e35e-47fb-4ba2-8516-5ffd0a0c9cf5: 46 arrays, 0.2 MB stored; 1.1 s; peak memory 374 MiB.
2026-10-09T23:29:22Z INFO [757/1000] 5531521c-31a8-4dc2-a387-5a09efd98606: 1235 arrays, 45.7 MB stored; 9.5 s; peak memory 374 MiB.
2026-10-09T23:29:23Z INFO [758/1000] 55337990-9078-4132-a967-74be4e19757d: 66 arrays, 66.2 MB stored; 1.8 s; peak memory 374 MiB.
2026-10-09T23:29:24Z INFO [759/1000] 5533a0ef-3ca9-4668-b9f9-9c8f11bb6333: 117 arrays, 0.4 MB stored; 1.4 s; peak memory 374 MiB.
2026-10-09T23:29:25Z INFO [760/1000] 5533f0ae-c414-4ece-8dea-a090905e2d00: 56 arrays, 0.0 MB stored; 1.0 s; peak memory 374 MiB.
2026-10-09T23:29:26Z INFO [761/1000] 55344b62-7d01-4c76-b89b-ea8da9f8b2c0: 142 arrays, 1.3 MB stored; 1.5 s; peak memory 374 MiB.
2026-10-09T23:29:27Z INFO [762/1000] 5534871d-567c-45da-83c8-abd3ba758765: 275 arrays, 17.2 MB stored; 1.4 s; peak memory 374 MiB.
2026-10-09T23:29:31Z INFO [763/1000] 552cdee7-c71b-4d7f-83c0-af6f4977d30a: 1135 arrays, 28.9 MB stored; 25.3 s; peak memory 374 MiB.
2026-10-09T23:29:33Z INFO [764/1000] 5534dddf-c9ca-44c5-87c7-88d679cf7cc1: 113 arrays, 0.5 MB stored; 1.3 s; peak memory 374 MiB.
2026-10-09T23:29:33Z INFO [765/1000] 5534f251-6e3c-468f-92ef-44c87537e123: 46 arrays, 0.1 MB stored; 0.8 s; peak memory 374 MiB.
2026-10-09T23:29:35Z INFO [766/1000] 55353f70-2845-4f4a-8fbe-54089e999f57: 66 arrays, 460.2 MB stored; 1.7 s; peak memory 374 MiB.
2026-10-09T23:29:36Z INFO [767/1000] 55357257-5cd9-46c3-b79b-05f21b7eb440: 117 arrays, 0.3 MB stored; 1.1 s; peak memory 374 MiB.
2026-10-09T23:29:37Z INFO [768/1000] 553579fe-3adf-41ff-95bc-a9e974764521: 48 arrays, 83.9 MB stored; 1.1 s; peak memory 374 MiB.
2026-10-09T23:29:38Z INFO [769/1000] 553597bd-d5dd-4025-b5cb-89cd36e904c2: 48 arrays, 83.9 MB stored; 1.0 s; peak memory 374 MiB.
2026-10-09T23:29:39Z INFO [770/1000] 5534938a-7e7c-4ada-86a8-d8e043e7a9fa: 578 arrays, 222.9 MB stored; 11.9 s; peak memory 374 MiB.
2026-10-09T23:29:40Z INFO [771/1000] 55368cd0-1203-473e-900e-22f849a09616: 118 arrays, 51.2 MB stored; 1.6 s; peak memory 374 MiB.
2026-10-09T23:29:40Z INFO [772/1000] 5536e68b-e25b-44e2-9b9e-721ba980c53f: 117 arrays, 0.2 MB stored; 1.2 s; peak memory 374 MiB.
2026-10-09T23:29:42Z INFO [773/1000] 5537818c-ddf2-4320-83fd-b481bd744045: 150 arrays, 309.3 MB stored; 2.2 s; peak memory 374 MiB.
2026-10-09T23:29:43Z INFO [774/1000] 5537929b-68b2-41ec-82af-18f59512636a: 116 arrays, 187.1 MB stored; 2.8 s; peak memory 374 MiB.
2026-10-09T23:29:44Z INFO [775/1000] 553927e3-ce77-4501-a15a-444c4026da77: 121 arrays, 0.3 MB stored; 1.1 s; peak memory 374 MiB.
2026-10-09T23:29:45Z INFO [776/1000] 5537ffeb-0844-4814-bc4e-86e8f0b2e445: 467 arrays, 5.2 MB stored; 3.3 s; peak memory 374 MiB.
2026-10-09T23:29:46Z INFO [777/1000] 5539f89b-919a-412e-a95c-ec3385429ab8: 74 arrays, 37.2 MB stored; 1.8 s; peak memory 374 MiB.
2026-10-09T23:29:47Z INFO [778/1000] 553a4d29-d687-4cdb-9b14-e9d1e67d89a9: 84 arrays, 1.5 MB stored; 1.3 s; peak memory 374 MiB.
2026-10-09T23:29:49Z INFO [779/1000] 553a75c5-37d2-41ae-8f8f-8e27a09e71d7: 112 arrays, 0.3 MB stored; 1.3 s; peak memory 374 MiB.
2026-10-09T23:29:49Z INFO [780/1000] 553a4af9-6fc2-4eaa-9073-b9707e62fa9b: 174 arrays, 82.4 MB stored; 3.7 s; peak memory 374 MiB.
2026-10-09T23:29:50Z INFO [781/1000] 553afde7-f6c3-4873-8da7-0a32607e8d97: 112 arrays, 0.3 MB stored; 1.1 s; peak memory 374 MiB.
2026-10-09T23:29:51Z INFO [782/1000] 553b618d-dab3-4968-b5db-f0677a3d586e: 66 arrays, 102.8 MB stored; 1.8 s; peak memory 374 MiB.
2026-10-09T23:29:52Z INFO [783/1000] 553c6f57-d1d7-4d8b-9047-25d725085650: 48 arrays, 83.9 MB stored; 1.0 s; peak memory 374 MiB.
2026-10-09T23:29:53Z INFO [784/1000] 553cb899-e362-4cbd-9f30-decf4d6f20fd: 54 arrays, 0.0 MB stored; 1.0 s; peak memory 374 MiB.
2026-10-09T23:29:55Z INFO [785/1000] 553d7f2f-8d21-4c75-b57f-17b81da6fb5d: 90 arrays, 139.4 MB stored; 2.4 s; peak memory 374 MiB.
2026-10-09T23:29:56Z INFO [786/1000] 553e18a7-b934-4c1c-b377-e752500121ec: 38 arrays, 0.5 MB stored; 1.2 s; peak memory 374 MiB.
2026-10-09T23:29:58Z INFO [787/1000] 553e69da-b567-4972-bf0d-c71cff3201da: 117 arrays, 0.5 MB stored; 1.1 s; peak memory 374 MiB.
2026-10-09T23:30:02Z INFO [788/1000] 553f7480-d39a-447b-8982-4e5dcf004c46: 538 arrays, 7.8 MB stored; 4.9 s; peak memory 374 MiB.
2026-10-09T23:30:04Z INFO [789/1000] 553faa78-5644-4c58-a103-971f116be309: 48 arrays, 83.9 MB stored; 1.1 s; peak memory 374 MiB.
2026-10-09T23:30:06Z INFO [790/1000] 553fca6d-9497-4d50-a1e4-32fca76281f1: 226 arrays, 6.1 MB stored; 2.9 s; peak memory 374 MiB.
2026-10-09T23:30:08Z INFO [791/1000] 554045d3-756e-4437-bc86-fde38b5163f2: 48 arrays, 83.9 MB stored; 1.2 s; peak memory 374 MiB.
2026-10-09T23:30:09Z INFO [792/1000] 55404955-4e91-4381-8042-e7886bc65d62: 41 arrays, 8.4 MB stored; 0.9 s; peak memory 374 MiB.
2026-10-09T23:30:13Z INFO [793/1000] 55406ba1-e4fa-4580-bd70-b528292519b8: 229 arrays, 272.6 MB stored; 4.8 s; peak memory 374 MiB.
2026-10-09T23:30:15Z INFO [794/1000] 55408afe-1fda-483d-84f6-dcab32425c10: 117 arrays, 0.3 MB stored; 1.4 s; peak memory 374 MiB.
2026-10-09T23:30:16Z INFO [795/1000] 5540e665-c67f-450c-acbd-7a5a446477f0: 48 arrays, 83.9 MB stored; 1.2 s; peak memory 374 MiB.
2026-10-09T23:30:17Z INFO [796/1000] 554103eb-e530-4746-93b9-6ffad6f327e1: 48 arrays, 83.9 MB stored; 1.1 s; peak memory 374 MiB.
2026-10-09T23:30:19Z INFO [797/1000] 55415b79-aaba-426b-b2a4-41e8c5c5b648: 71 arrays, 4.0 MB stored; 1.7 s; peak memory 374 MiB.
2026-10-09T23:30:20Z INFO [798/1000] 5541c8ee-73db-447c-81f0-3e6ea46934c3: 48 arrays, 83.9 MB stored; 1.2 s; peak memory 374 MiB.
2026-10-09T23:30:21Z INFO [799/1000] 5541c9cc-e7e6-40cd-bf79-4d7a031387fc: 45 arrays, 0.0 MB stored; 1.0 s; peak memory 374 MiB.
2026-10-09T23:30:22Z INFO [800/1000] 5541d120-776a-4258-9653-664e499d9784: 52 arrays, 0.0 MB stored; 1.0 s; peak memory 374 MiB.
2026-10-09T23:30:23Z INFO [800/1000] 5541d120-776a-4258-9653-664e499d9784: checkpointed 800 new records.
2026-10-09T23:30:24Z INFO [801/1000] 5541e68b-4a0e-40f3-b9af-66a411cbad4e: 70 arrays, 148.4 MB stored; 2.3 s; peak memory 488 MiB.
2026-10-09T23:30:25Z INFO [802/1000] 54da5f2a-b499-4bdb-993b-e52ab98aafa3: 436 arrays, 46511.2 MB stored; 273.1 s; peak memory 488 MiB.
2026-10-09T23:30:25Z INFO [803/1000] 5532a1a7-17cc-4c75-ac34-4d870b34b01a: 58 arrays, 6010.4 MB stored; 68.9 s; peak memory 488 MiB.
2026-10-09T23:30:26Z INFO [804/1000] 5541fd9a-0f5c-4cf4-877f-5340b0bbb5c3: 48 arrays, 83.9 MB stored; 1.4 s; peak memory 488 MiB.
2026-10-09T23:30:26Z INFO [805/1000] 5542c3f5-c36c-43d0-983e-cd1951ded5e8: 117 arrays, 0.3 MB stored; 1.2 s; peak memory 488 MiB.
2026-10-09T23:30:28Z INFO [806/1000] 5542ca5b-7826-4fc1-9897-395865dc4d5b: 71 arrays, 127.8 MB stored; 2.2 s; peak memory 488 MiB.
2026-10-09T23:30:29Z INFO [807/1000] 5542f8ea-bc7a-42bc-a2a4-76f7f7f861d9: 51 arrays, 9148.7 MB stored; 1.6 s; peak memory 488 MiB.
2026-10-09T23:30:30Z INFO [808/1000] 55426c33-b87d-4da3-aacd-6941b0705fca: 229 arrays, 669.3 MB stored; 5.1 s; peak memory 488 MiB.
2026-10-09T23:30:31Z INFO [809/1000] 5543e666-020a-416e-a02d-9bb8a490ed59: 48 arrays, 83.9 MB stored; 1.2 s; peak memory 488 MiB.
2026-10-09T23:30:31Z INFO [810/1000] 55446ffd-18b9-4cb8-a0cc-fa900f16bde2: 117 arrays, 0.4 MB stored; 1.4 s; peak memory 488 MiB.
2026-10-09T23:30:33Z INFO [811/1000] 5544f980-2dd6-434e-8a5e-c588c1e90f9f: 112 arrays, 0.8 MB stored; 1.6 s; peak memory 488 MiB.
2026-10-09T23:30:34Z INFO [812/1000] 55452c55-182e-4894-bf4f-2c4fdfa119d9: 117 arrays, 0.3 MB stored; 1.3 s; peak memory 488 MiB.
2026-10-09T23:30:35Z INFO [813/1000] 55207bc5-1a71-4e72-bb91-1c6a359b84c0: 167 arrays, 21397.8 MB stored; 124.8 s; peak memory 488 MiB.
2026-10-09T23:30:35Z INFO [814/1000] 5542cba1-8596-4563-8d20-fd56f003aa43: 804 arrays, 22.5 MB stored; 9.1 s; peak memory 488 MiB.
2026-10-09T23:30:36Z INFO [815/1000] 55453937-13f2-4e21-9c17-b4da23b6927e: 66 arrays, 12.6 MB stored; 1.3 s; peak memory 488 MiB.
2026-10-09T23:30:36Z INFO [816/1000] 55456048-6bfb-409d-aa2c-bb52fad1f179: 58 arrays, 0.0 MB stored; 1.1 s; peak memory 488 MiB.
2026-10-09T23:30:37Z INFO [817/1000] 55460b6f-fac2-42cf-a3c9-9214ef705abe: 117 arrays, 0.2 MB stored; 1.4 s; peak memory 488 MiB.
2026-10-09T23:30:39Z INFO [818/1000] 5545776c-0d76-4522-97fc-ca80b7ef9fe6: 670 arrays, 16.0 MB stored; 3.9 s; peak memory 488 MiB.
2026-10-09T23:30:40Z INFO [819/1000] 552373fa-0b1e-40ed-9740-08a137d83064: 413 arrays, 19791.4 MB stored; 123.0 s; peak memory 488 MiB.
2026-10-09T23:30:41Z INFO [820/1000] 55485589-4c51-45f8-b525-3a8778a70885: 119 arrays, 66.3 MB stored; 1.7 s; peak memory 488 MiB.
2026-10-09T23:30:41Z INFO [821/1000] 5546e189-62e1-4cf8-9979-01d336d6b6a8: 472 arrays, 6.0 MB stored; 4.5 s; peak memory 488 MiB.
2026-10-09T23:30:42Z INFO [822/1000] 55487e59-ab62-4ff7-bd1e-9c6d15cd34c2: 275 arrays, 17.2 MB stored; 1.3 s; peak memory 488 MiB.
2026-10-09T23:30:43Z INFO [823/1000] 5548d5fd-636a-4347-b403-7808668ad6ba: 51 arrays, 5389.7 MB stored; 1.5 s; peak memory 488 MiB.
2026-10-09T23:30:44Z INFO [824/1000] 554a943e-ef66-490a-b3d5-5a2aed5ee1fd: 83 arrays, 0.2 MB stored; 1.0 s; peak memory 488 MiB.
2026-10-09T23:30:44Z INFO [825/1000] 5549da22-fea5-462f-902d-76cc2b576823: 64 arrays, 7.5 MB stored; 1.8 s; peak memory 488 MiB.
2026-10-09T23:30:45Z INFO [826/1000] 554c00f6-7982-4c70-8629-9c834d6783e5: 48 arrays, 83.9 MB stored; 1.1 s; peak memory 488 MiB.
2026-10-09T23:30:45Z INFO [827/1000] 554c1391-3371-43ca-8423-a20ecd30f609: 48 arrays, 83.9 MB stored; 1.2 s; peak memory 488 MiB.
2026-10-09T23:30:46Z INFO [828/1000] 554cb97f-0b1c-433d-b134-0629935ca0e2: 112 arrays, 0.3 MB stored; 1.4 s; peak memory 488 MiB.
2026-10-09T23:30:48Z INFO [829/1000] 554d2497-58f6-46d5-86ae-eecf61603cc6: 80 arrays, 245.4 MB stored; 2.5 s; peak memory 488 MiB.
2026-10-09T23:30:48Z INFO [830/1000] 554d7554-05a4-4708-83b9-31e6de4f7292: 66 arrays, 71.5 MB stored; 1.7 s; peak memory 488 MiB.
2026-10-09T23:30:49Z INFO [831/1000] 554d8950-ac35-438f-915d-a3ea06b21b6c: 116 arrays, 0.5 MB stored; 1.4 s; peak memory 488 MiB.
2026-10-09T23:30:49Z INFO [832/1000] 554876ab-1a4b-4037-a62d-ea10e2c9f43c: 1118 arrays, 25.0 MB stored; 9.1 s; peak memory 488 MiB.
2026-10-09T23:30:49Z INFO [833/1000] 554de486-dd35-4140-b13e-ae9f0b48c354: 112 arrays, 0.7 MB stored; 1.4 s; peak memory 488 MiB.
2026-10-09T23:30:50Z INFO [834/1000] 554e486d-dc2e-453b-bb76-466aa1e5cb57: 48 arrays, 83.9 MB stored; 1.2 s; peak memory 488 MiB.
2026-10-09T23:30:50Z INFO [835/1000] 554e409f-ef77-4ce5-aaea-2f9651f8b6cd: 117 arrays, 0.3 MB stored; 1.2 s; peak memory 488 MiB.
2026-10-09T23:30:50Z INFO [836/1000] 554ec566-6a79-4d30-a4b3-9e593acca199: 48 arrays, 83.9 MB stored; 1.1 s; peak memory 488 MiB.
2026-10-09T23:30:52Z INFO [837/1000] 554fd5b7-c63b-4909-99b3-e1949dea7a28: 52 arrays, 18.2 MB stored; 1.4 s; peak memory 488 MiB.
2026-10-09T23:30:53Z INFO [838/1000] 5550f6d1-c91d-4e98-9fcd-5d789e8136be: 117 arrays, 0.3 MB stored; 1.3 s; peak memory 488 MiB.
2026-10-09T23:30:54Z INFO [839/1000] 5552e98b-2a00-4637-a5b6-7dcc851f5a12: 48 arrays, 83.9 MB stored; 1.1 s; peak memory 488 MiB.
2026-10-09T23:30:55Z INFO [840/1000] 555351ab-68ff-4dcf-aae3-344d3c8befdb: 118 arrays, 0.3 MB stored; 1.1 s; peak memory 488 MiB.
2026-10-09T23:30:56Z INFO [841/1000] 55468dde-0175-4c51-a348-a40c38250923: 955 arrays, 3310.2 MB stored; 19.2 s; peak memory 488 MiB.
2026-10-09T23:30:57Z INFO [842/1000] 5553aded-16c8-4c1a-bf49-0d62b6961f36: 112 arrays, 0.4 MB stored; 1.3 s; peak memory 488 MiB.
2026-10-09T23:30:58Z INFO [843/1000] 55537788-e637-4d96-afc8-8e83c0e24d99: 115 arrays, 190.1 MB stored; 2.5 s; peak memory 488 MiB.
2026-10-09T23:30:58Z INFO [844/1000] 5554254a-2298-4a07-9650-38573a9586c8: 42 arrays, 15002.0 MB stored; 1.4 s; peak memory 488 MiB.
2026-10-09T23:30:59Z INFO [845/1000] 555439b6-98f0-472c-ba0f-a73239dd5608: 110 arrays, 0.7 MB stored; 1.5 s; peak memory 488 MiB.
2026-10-09T23:30:59Z INFO [846/1000] 555443ab-cd99-4bd1-9f1a-6b5849094dc7: 48 arrays, 83.9 MB stored; 1.1 s; peak memory 488 MiB.
2026-10-09T23:31:01Z INFO [847/1000] 55548190-b3c1-46f0-ae41-c7555c1fc5f0: 48 arrays, 83.9 MB stored; 1.3 s; peak memory 488 MiB.
2026-10-09T23:31:01Z INFO [848/1000] 555476e7-ede2-4c58-85d5-5ee103975348: 118 arrays, 0.4 MB stored; 1.4 s; peak memory 488 MiB.
2026-10-09T23:31:02Z INFO [849/1000] 5554ad63-b8ac-4e9f-ab01-23f6833a5e2e: 56 arrays, 0.0 MB stored; 0.9 s; peak memory 488 MiB.
2026-10-09T23:31:03Z INFO [850/1000] 555544c9-c14a-4dcd-b39d-f5cdcffc58ca: 52 arrays, 13.1 MB stored; 1.2 s; peak memory 488 MiB.
2026-10-09T23:31:03Z INFO [851/1000] 55550a2d-9f51-480f-95f8-531609029a78: 87 arrays, 7.5 MB stored; 2.4 s; peak memory 488 MiB.
2026-10-09T23:31:04Z INFO [852/1000] 55555df6-bd61-4682-88ed-fc130e11a7ed: 48 arrays, 83.9 MB stored; 1.3 s; peak memory 488 MiB.
2026-10-09T23:31:05Z INFO [853/1000] 55556324-3666-4a09-b403-100ac1ab2859: 71 arrays, 107.2 MB stored; 1.7 s; peak memory 488 MiB.
2026-10-09T23:31:05Z INFO [854/1000] 555588dd-0311-48f1-a063-e20ba062187a: 38 arrays, 0.5 MB stored; 1.0 s; peak memory 488 MiB.
2026-10-09T23:31:06Z INFO [855/1000] 55558ed7-e136-4d92-a34e-b42636f87043: 122 arrays, 0.4 MB stored; 1.4 s; peak memory 488 MiB.
2026-10-09T23:31:08Z INFO [856/1000] 55561905-0031-4411-b372-d55ab1cc789d: 112 arrays, 0.5 MB stored; 1.3 s; peak memory 488 MiB.
2026-10-09T23:31:09Z INFO [857/1000] 554fccdc-5a50-4dfb-8e02-2543775455db: 10475 arrays, 214.9 MB stored; 18.4 s; peak memory 488 MiB.
2026-10-09T23:31:10Z INFO [858/1000] 5555bbe2-09bc-47e1-abd5-f0a31fc60bbd: 538 arrays, 8.1 MB stored; 4.5 s; peak memory 488 MiB.
2026-10-09T23:31:10Z INFO [859/1000] 55569e68-4aa0-4e6a-9c6c-03f1d9f7d695: 48 arrays, 83.9 MB stored; 1.2 s; peak memory 488 MiB.
2026-10-09T23:31:11Z INFO [860/1000] 5556b6da-ec98-4315-a73d-e50ed657f750: 38 arrays, 0.5 MB stored; 1.1 s; peak memory 488 MiB.
2026-10-09T23:31:11Z INFO [861/1000] 5556e3bd-ade9-46da-ab27-9b5e7a20e34b: 117 arrays, 0.4 MB stored; 1.2 s; peak memory 488 MiB.
2026-10-09T23:31:13Z INFO [862/1000] 5557cd29-249f-4853-8df1-4c75e6dc9032: 66 arrays, 97.6 MB stored; 1.6 s; peak memory 488 MiB.
2026-10-09T23:31:23Z INFO [863/1000] 55587f2b-69f3-495d-86ea-f5ef01d20ee6: 1153 arrays, 47.5 MB stored; 10.5 s; peak memory 488 MiB.
2026-10-09T23:31:24Z INFO [864/1000] 5558a6e8-77ea-43b0-8480-cec343220714: 275 arrays, 17.1 MB stored; 1.2 s; peak memory 488 MiB.
2026-10-09T23:31:26Z INFO [865/1000] 5558d922-e23d-4df5-8474-b8abf3eea31a: 117 arrays, 0.3 MB stored; 1.2 s; peak memory 488 MiB.
2026-10-09T23:31:27Z INFO [866/1000] 5558dbca-fa03-4ff3-8d83-bfde9c4ab6e9: 60 arrays, 0.3 MB stored; 1.1 s; peak memory 488 MiB.
2026-10-09T23:31:28Z INFO [867/1000] 5558e9ff-1007-458e-86b9-990be91b9cc5: 35 arrays, 0.0 MB stored; 0.9 s; peak memory 488 MiB.
2026-10-09T23:31:29Z INFO [868/1000] 5558f054-a670-4335-97cc-a244a33f6ad0: 48 arrays, 83.9 MB stored; 1.1 s; peak memory 488 MiB.
2026-10-09T23:31:31Z INFO [869/1000] 55594651-20cb-4d7b-ac6a-566ea6f3e1a7: 86 arrays, 2216.6 MB stored; 2.2 s; peak memory 488 MiB.
2026-10-09T23:31:33Z INFO [870/1000] 555a17f7-2576-41c4-b78d-523c5d940146: 117 arrays, 0.7 MB stored; 1.6 s; peak memory 488 MiB.
2026-10-09T23:31:34Z INFO [871/1000] 555ad57e-6085-4f0d-b7a4-16f8b23e2c48: 48 arrays, 83.9 MB stored; 1.0 s; peak memory 488 MiB.
2026-10-09T23:31:34Z INFO [872/1000] 555740c9-1e52-4301-83b8-a3df9c45f45d: 48 arrays, 39594.2 MB stored; 23.3 s; peak memory 488 MiB.
2026-10-09T23:31:35Z INFO [873/1000] 555b1b1f-4e0f-4a97-b6ce-04b5a474f816: 48 arrays, 83.9 MB stored; 1.3 s; peak memory 488 MiB.
2026-10-09T23:31:36Z INFO [874/1000] 555d04c3-fa1c-4bcc-871b-5c65651f5c95: 117 arrays, 0.2 MB stored; 1.2 s; peak memory 488 MiB.
2026-10-09T23:31:39Z INFO [875/1000] 555c66e6-acf0-4719-8199-fd87a3ed4098: 196 arrays, 533.8 MB stored; 5.3 s; peak memory 488 MiB.
2026-10-09T23:31:40Z INFO [876/1000] 555d700c-e8a7-439f-ae7e-03ff0f2aa73f: 626 arrays, 9.0 MB stored; 4.1 s; peak memory 488 MiB.
2026-10-09T23:31:41Z INFO [877/1000] 5556694c-ad11-4833-a8d0-1db3443b70ee: 2906 arrays, 1067.8 MB stored; 33.2 s; peak memory 488 MiB.
2026-10-09T23:31:42Z INFO [878/1000] 555dc352-933a-4d5d-a335-fec8c36e4d41: 112 arrays, 0.5 MB stored; 1.5 s; peak memory 488 MiB.
2026-10-09T23:31:43Z INFO [879/1000] 555ed810-b76c-4c7b-8fea-280b6dffc98d: 72 arrays, 0.6 MB stored; 1.3 s; peak memory 488 MiB.
2026-10-09T23:31:45Z INFO [880/1000] 555d70ea-1e26-4552-b045-df39a1546506: 257 arrays, 258.0 MB stored; 5.8 s; peak memory 488 MiB.
2026-10-09T23:31:46Z INFO [881/1000] 555fddfb-8481-460f-9508-d93225cc71a3: 41 arrays, 8.4 MB stored; 1.1 s; peak memory 488 MiB.
2026-10-09T23:31:47Z INFO [882/1000] 55600cf3-e439-4b89-9b35-b03e9571863c: 79 arrays, 1.0 MB stored; 1.2 s; peak memory 488 MiB.
2026-10-09T23:31:48Z INFO [883/1000] 55609658-d4bc-42c2-ac2e-a2ddf083e957: 45 arrays, 0.0 MB stored; 1.0 s; peak memory 488 MiB.
2026-10-09T23:31:49Z INFO [884/1000] 555fa735-f4ee-4888-9ef8-c07faa73e496: 266 arrays, 1068.7 MB stored; 5.5 s; peak memory 488 MiB.
2026-10-09T23:31:50Z INFO [885/1000] 555e045d-dd82-41c2-925a-5b7865646c66: 924 arrays, 40.1 MB stored; 9.1 s; peak memory 488 MiB.
2026-10-09T23:31:50Z INFO [886/1000] 5533e4a3-b7ec-430d-b3a2-509878aa5b73: 413 arrays, 23334.5 MB stored; 146.8 s; peak memory 488 MiB.
2026-10-09T23:31:51Z INFO [887/1000] 55618d16-9b9c-4f8c-a5fa-b01c23a6505c: 114 arrays, 186.8 MB stored; 2.2 s; peak memory 488 MiB.
2026-10-09T23:31:51Z INFO [888/1000] 55619bbc-3d45-4402-ab0f-b26f148dad5a: 43 arrays, 1409.8 MB stored; 1.3 s; peak memory 488 MiB.
2026-10-09T23:31:52Z INFO [889/1000] 556398b1-5665-44bb-b5e1-78022c568efe: 48 arrays, 83.9 MB stored; 1.1 s; peak memory 488 MiB.
2026-10-09T23:31:53Z INFO [890/1000] 553c1296-5cbf-45a2-a331-81ab5f93a25f: 414 arrays, 19715.2 MB stored; 122.9 s; peak memory 488 MiB.
2026-10-09T23:31:53Z INFO [891/1000] 55625914-5b5b-4149-825d-6c53f3e1ca13: 123 arrays, 5.5 MB stored; 2.2 s; peak memory 488 MiB.
2026-10-09T23:31:54Z INFO [892/1000] 5563a81c-693f-4f87-891e-4c93a69a887c: 117 arrays, 0.5 MB stored; 1.4 s; peak memory 488 MiB.
2026-10-09T23:31:54Z INFO [893/1000] 55643174-a6df-416c-a3ce-0be878026066: 48 arrays, 83.9 MB stored; 1.1 s; peak memory 488 MiB.
2026-10-09T23:31:54Z INFO [894/1000] 55643e72-563d-46b0-ac5b-23b8b61cdc92: 68 arrays, 10.9 MB stored; 1.3 s; peak memory 488 MiB.
2026-10-09T23:31:55Z INFO [895/1000] 55644c27-5378-4056-bf16-8979d5bf1751: 69 arrays, 0.0 MB stored; 1.2 s; peak memory 488 MiB.
2026-10-09T23:31:55Z INFO [896/1000] 55648201-be13-48da-b529-4772d35fc851: 48 arrays, 83.9 MB stored; 1.3 s; peak memory 488 MiB.
2026-10-09T23:31:55Z INFO [897/1000] 5564b524-f7a3-4fae-9402-7ed91c0e9b41: 57 arrays, 0.0 MB stored; 1.1 s; peak memory 488 MiB.
2026-10-09T23:31:56Z INFO [898/1000] 5564be04-553b-415a-8e29-5add7d8c8027: 101 arrays, 10.4 MB stored; 1.2 s; peak memory 488 MiB.
2026-10-09T23:31:56Z INFO [899/1000] 55656d32-1873-4eb7-b2c7-d17063e4a1fa: 52 arrays, 21.0 MB stored; 1.2 s; peak memory 488 MiB.
2026-10-09T23:31:57Z INFO [900/1000] 55658f21-fafd-455e-a029-4810f9d7c9ea: 51 arrays, 2809.3 MB stored; 1.5 s; peak memory 488 MiB.
2026-10-09T23:31:57Z INFO [901/1000] 5561eb33-0c2d-4781-8d65-3051e000f226: 1123 arrays, 10.4 MB stored; 6.9 s; peak memory 488 MiB.
2026-10-09T23:31:57Z INFO [902/1000] 5566b4b9-3948-4a69-bc06-d4d7b3c6a6f6: 48 arrays, 83.9 MB stored; 1.2 s; peak memory 488 MiB.
2026-10-09T23:31:58Z INFO [903/1000] 556143e9-6171-46db-9353-babc1ef65520: 884 arrays, 23.4 MB stored; 9.4 s; peak memory 488 MiB.
2026-10-09T23:31:59Z INFO [904/1000] 55679643-34de-4b06-a02b-6bf8bafe5eab: 48 arrays, 83.9 MB stored; 1.1 s; peak memory 488 MiB.
2026-10-09T23:31:59Z INFO [905/1000] 5567bf8f-69cb-467c-8514-0ca13e08b088: 118 arrays, 0.4 MB stored; 1.2 s; peak memory 488 MiB.
2026-10-09T23:31:59Z INFO [906/1000] 55678484-c983-49b5-835d-6364ad8e157a: 49 arrays, 628.6 MB stored; 2.2 s; peak memory 488 MiB.
2026-10-09T23:32:00Z INFO [907/1000] 5568f28c-14fe-44e1-a60c-c1e028f002fb: 110 arrays, 0.5 MB stored; 1.4 s; peak memory 488 MiB.
2026-10-09T23:32:00Z INFO [908/1000] 55693b33-78c5-4621-afff-59611d871e73: 41 arrays, 4.8 MB stored; 1.0 s; peak memory 488 MiB.
2026-10-09T23:32:00Z INFO [909/1000] 556a45a6-5c79-4047-b9e7-5d08aed51711: 48 arrays, 83.9 MB stored; 1.2 s; peak memory 488 MiB.
2026-10-09T23:32:01Z INFO [910/1000] 5565bb0a-75bb-4571-bf47-8c009740fa39: 225 arrays, 237.3 MB stored; 4.7 s; peak memory 488 MiB.
2026-10-09T23:32:01Z INFO [911/1000] 55675c80-10b0-4db3-8f81-e07086249cd1: 474 arrays, 6.4 MB stored; 4.7 s; peak memory 488 MiB.
2026-10-09T23:32:02Z INFO [912/1000] 556a86b7-deac-4ed9-a7c5-542d71778ccd: 118 arrays, 0.4 MB stored; 1.3 s; peak memory 488 MiB.
2026-10-09T23:32:02Z INFO [913/1000] 556b0abf-01c7-4a05-9787-a781aa68a474: 48 arrays, 83.9 MB stored; 1.2 s; peak memory 488 MiB.
2026-10-09T23:32:03Z INFO [914/1000] 556b1393-88f1-4fa6-b92f-285802482b1a: 112 arrays, 0.4 MB stored; 1.5 s; peak memory 488 MiB.
2026-10-09T23:32:03Z INFO [915/1000] 556bb845-1e43-4883-b370-575a6eb90a40: 52 arrays, 12.9 MB stored; 1.2 s; peak memory 488 MiB.
2026-10-09T23:32:03Z INFO [916/1000] 556ba451-a123-40fb-8518-28e588088b1f: 115 arrays, 0.6 MB stored; 1.5 s; peak memory 488 MiB.
2026-10-09T23:32:04Z INFO [917/1000] 556cc9ca-bbec-4c82-a53a-ee3196ef32ca: 38 arrays, 0.5 MB stored; 1.1 s; peak memory 488 MiB.
2026-10-09T23:32:05Z INFO [918/1000] 556d1ce5-ca5a-445e-9fa3-d4c3d21bcf5a: 67 arrays, 3.7 MB stored; 1.4 s; peak memory 488 MiB.
2026-10-09T23:32:05Z INFO [919/1000] 556bf577-b1a3-4fb4-af09-bf3d357e9a00: 71 arrays, 69.1 MB stored; 2.2 s; peak memory 488 MiB.
2026-10-09T23:32:06Z INFO [920/1000] 556d8e97-833f-430e-8a14-ee6d82b65441: 48 arrays, 83.9 MB stored; 1.3 s; peak memory 488 MiB.
2026-10-09T23:32:07Z INFO [921/1000] 556de254-0620-48fa-b2d8-298c8c9f8a5a: 275 arrays, 17.2 MB stored; 1.5 s; peak memory 488 MiB.
2026-10-09T23:32:07Z INFO [922/1000] 556e0517-e6b7-4aff-a7e8-28d79df43a5b: 54 arrays, 0.0 MB stored; 1.1 s; peak memory 488 MiB.
2026-10-09T23:32:08Z INFO [923/1000] 556e30d7-a2ef-457d-bdab-506063491a77: 48 arrays, 83.9 MB stored; 1.2 s; peak memory 488 MiB.
2026-10-09T23:32:09Z INFO [924/1000] 556e6df7-292b-40b0-a243-8d70b98d78ed: 66 arrays, 52.6 MB stored; 1.7 s; peak memory 488 MiB.
2026-10-09T23:32:09Z INFO [925/1000] 556ea4e8-6ce3-47c4-9b3d-32d1c7495219: 48 arrays, 83.9 MB stored; 1.3 s; peak memory 488 MiB.
2026-10-09T23:32:10Z INFO [926/1000] 556f529d-9ada-48cb-b130-51ec4361244d: 37 arrays, 0.2 MB stored; 1.1 s; peak memory 488 MiB.
2026-10-09T23:32:11Z INFO [927/1000] 556d4c0e-2ecd-4770-a315-e561a05c4fab: 46 arrays, 4767.6 MB stored; 6.3 s; peak memory 488 MiB.
2026-10-09T23:32:12Z INFO [928/1000] 556ff0b9-a7f3-4e0b-bbf6-f710e2444991: 64 arrays, 13.3 MB stored; 1.3 s; peak memory 488 MiB.
2026-10-09T23:32:12Z INFO [929/1000] 556fe468-cef2-439b-88f8-0e9e15f17cdf: 118 arrays, 66.2 MB stored; 2.0 s; peak memory 488 MiB.
2026-10-09T23:32:13Z INFO [930/1000] 55718413-13c9-4213-b101-77a4b6319e55: 48 arrays, 83.9 MB stored; 1.0 s; peak memory 488 MiB.
2026-10-09T23:32:13Z INFO [931/1000] 5572737f-31ad-4a40-a890-b9ce894ad080: 51 arrays, 0.0 MB stored; 0.9 s; peak memory 488 MiB.
2026-10-09T23:32:14Z INFO [932/1000] 5572b0c4-09d5-4b89-a97a-532f66debdd5: 117 arrays, 0.4 MB stored; 1.3 s; peak memory 488 MiB.
2026-10-09T23:32:15Z INFO [933/1000] 5572c095-98ca-40ac-b97a-ad2a17222e9d: 174 arrays, 1.0 MB stored; 1.6 s; peak memory 488 MiB.
2026-10-09T23:32:15Z INFO [934/1000] 55739ea9-8537-49b0-baec-0933a17fe201: 48 arrays, 83.9 MB stored; 1.2 s; peak memory 488 MiB.
2026-10-09T23:32:16Z INFO [935/1000] 5573c272-c328-430b-99e1-40355648e2ef: 52 arrays, 12.0 MB stored; 1.2 s; peak memory 488 MiB.
2026-10-09T23:32:16Z INFO [936/1000] 5573e9bc-c35f-4c64-b105-4c11132516ec: 101 arrays, 12.1 MB stored; 1.1 s; peak memory 488 MiB.
2026-10-09T23:32:17Z INFO [937/1000] 557491d4-0741-434f-9be8-366475b56e02: 63 arrays, 0.1 MB stored; 1.0 s; peak memory 488 MiB.
2026-10-09T23:32:18Z INFO [938/1000] 55752bb0-d737-4f78-b51b-7d0cfe9febb0: 66 arrays, 1.0 MB stored; 1.2 s; peak memory 488 MiB.
2026-10-09T23:32:18Z INFO [939/1000] 557523b6-8820-4a16-84c9-9c628b2f1955: 69 arrays, 998.0 MB stored; 1.9 s; peak memory 488 MiB.
2026-10-09T23:32:19Z INFO [940/1000] 55755577-335d-40cf-92f6-ab0092ed5271: 52 arrays, 0.0 MB stored; 0.9 s; peak memory 488 MiB.
2026-10-09T23:32:20Z INFO [941/1000] 557543d2-f5d8-41df-8012-4553c1795af7: 194 arrays, 2.4 MB stored; 2.3 s; peak memory 488 MiB.
2026-10-09T23:32:20Z INFO [942/1000] 55755faf-f68b-4687-9b94-7aa98fd948db: 117 arrays, 0.3 MB stored; 1.2 s; peak memory 488 MiB.
2026-10-09T23:32:22Z INFO [943/1000] 5575f016-6e7d-48ca-8f4e-05a042071456: 71 arrays, 65.1 MB stored; 1.9 s; peak memory 488 MiB.
2026-10-09T23:32:25Z INFO [944/1000] 55758143-eed5-4210-9bfe-471d640d5a5d: 470 arrays, 6.6 MB stored; 4.3 s; peak memory 488 MiB.
2026-10-09T23:32:26Z INFO [945/1000] 557660fe-8d22-43ec-bd08-6b44add46dd2: 48 arrays, 83.9 MB stored; 1.0 s; peak memory 488 MiB.
2026-10-09T23:32:26Z INFO [946/1000] 556eded9-223f-4e1f-8bed-afbcb74dbe50: 1396 arrays, 31.1 MB stored; 17.4 s; peak memory 488 MiB.
2026-10-09T23:32:27Z INFO [947/1000] 5576b696-54a0-405c-a42b-790ea5938a61: 118 arrays, 0.4 MB stored; 1.3 s; peak memory 488 MiB.
2026-10-09T23:32:28Z INFO [948/1000] 5576b2cf-b386-46cd-97b0-a9cbd7736b31: 115 arrays, 186.8 MB stored; 2.5 s; peak memory 488 MiB.
2026-10-09T23:32:29Z INFO [949/1000] 55760adf-6228-4b74-a967-211803b8bdbf: 219 arrays, 702.6 MB stored; 6.7 s; peak memory 488 MiB.
2026-10-09T23:32:30Z INFO [950/1000] 55774af3-3c0a-4847-9349-d79694a6523a: 48 arrays, 83.9 MB stored; 1.3 s; peak memory 488 MiB.
2026-10-09T23:32:30Z INFO [951/1000] 5576cfc4-214f-4cb8-a73f-a157e3d04620: 115 arrays, 190.1 MB stored; 2.5 s; peak memory 488 MiB.
2026-10-09T23:32:31Z INFO [952/1000] 55781f7a-d3ce-429c-8aed-7166857237d2: 48 arrays, 83.9 MB stored; 1.1 s; peak memory 488 MiB.
2026-10-09T23:32:31Z INFO [953/1000] 55780287-2422-4058-98b5-92866deec231: 71 arrays, 8.6 MB stored; 1.6 s; peak memory 488 MiB.
2026-10-09T23:32:32Z INFO [954/1000] 5578f6e6-4fa8-4697-b71f-d507d62f10a1: 54 arrays, 0.0 MB stored; 0.9 s; peak memory 488 MiB.
2026-10-09T23:32:33Z INFO [955/1000] 5578ed50-b605-4208-8b2f-e768c25d96a3: 118 arrays, 25.1 MB stored; 2.3 s; peak memory 488 MiB.
2026-10-09T23:32:34Z INFO [956/1000] 5579a3de-0fcb-407c-8bf3-292240f015ff: 69 arrays, 58.6 MB stored; 1.5 s; peak memory 488 MiB.
2026-10-09T23:32:35Z INFO [957/1000] 557b1c91-1273-43f6-a4b3-c9b2e9be7063: 68 arrays, 8.6 MB stored; 1.4 s; peak memory 488 MiB.
2026-10-09T23:32:36Z INFO [958/1000] 5579b411-b742-4ac6-81dd-8f1d667afd3c: 431 arrays, 4.2 MB stored; 2.9 s; peak memory 488 MiB.
2026-10-09T23:32:36Z INFO [959/1000] 557b41c2-14a0-48f5-b298-d26020ca1825: 170 arrays, 0.6 MB stored; 1.3 s; peak memory 488 MiB.
2026-10-09T23:32:38Z INFO [960/1000] 557b979e-fd17-48d6-9a80-f2b4ae112e1b: 116 arrays, 0.4 MB stored; 1.3 s; peak memory 488 MiB.
2026-10-09T23:32:39Z INFO [961/1000] 557b7fef-0999-4e8d-99ea-ed919ae3f276: 156 arrays, 193.5 MB stored; 2.7 s; peak memory 488 MiB.
2026-10-09T23:32:39Z INFO [962/1000] 557c4936-5c9f-4c77-ad01-5f57cb5115b1: 112 arrays, 0.6 MB stored; 1.5 s; peak memory 488 MiB.
2026-10-09T23:32:40Z INFO [963/1000] 557cc683-c196-4dca-8520-54a16a2c262a: 48 arrays, 83.9 MB stored; 1.3 s; peak memory 488 MiB.
2026-10-09T23:32:41Z INFO [964/1000] 557cee0a-d115-4211-836e-87569c839c3b: 48 arrays, 83.9 MB stored; 1.1 s; peak memory 488 MiB.
2026-10-09T23:32:42Z INFO [965/1000] 557d38ad-50ce-4322-9cf7-f88a794eb738: 76 arrays, 0.8 MB stored; 1.1 s; peak memory 488 MiB.
2026-10-09T23:32:43Z INFO [966/1000] 557d55a2-5382-40d7-9244-8fe175c83678: 48 arrays, 83.9 MB stored; 1.0 s; peak memory 488 MiB.
2026-10-09T23:32:51Z INFO [967/1000] 557ccf22-ff2b-4414-9ff0-e96884e77ac1: 432 arrays, 33.1 MB stored; 11.6 s; peak memory 488 MiB.
2026-10-09T23:32:53Z INFO [968/1000] 557f01c6-9d9c-45e2-9012-fb154096ad1d: 112 arrays, 1.1 MB stored; 1.8 s; peak memory 488 MiB.
2026-10-09T23:32:54Z INFO [969/1000] 557f0b4b-857c-4606-9ce8-f7c153cd7adb: 71 arrays, 4.1 MB stored; 1.6 s; peak memory 488 MiB.
2026-10-09T23:32:59Z INFO [970/1000] 557f312b-ba80-48ae-95e1-20adc8e9d979: 538 arrays, 8.2 MB stored; 4.7 s; peak memory 488 MiB.
2026-10-09T23:33:02Z INFO [971/1000] 557fdd15-7b20-4446-8ea3-3de70faac781: 156 arrays, 193.5 MB stored; 2.7 s; peak memory 488 MiB.
2026-10-09T23:33:03Z INFO [972/1000] 557fe4c1-58ff-4889-9f6b-7d9631bedc43: 66 arrays, 101.2 MB stored; 1.7 s; peak memory 488 MiB.
2026-10-09T23:33:04Z INFO [973/1000] 558180bb-3c1b-419c-a963-9637eb5f127e: 48 arrays, 83.9 MB stored; 1.0 s; peak memory 488 MiB.
2026-10-09T23:33:07Z INFO [974/1000] 558195e8-f901-4304-956b-e21c59be1c80: 161 arrays, 8.7 MB stored; 2.7 s; peak memory 488 MiB.
2026-10-09T23:33:08Z INFO [975/1000] 55822211-5bac-4f53-b820-e833bc79c700: 48 arrays, 83.9 MB stored; 1.2 s; peak memory 488 MiB.
2026-10-09T23:33:09Z INFO [976/1000] 558232f5-1957-4531-8f34-dc1e802704b7: 50 arrays, 2.0 MB stored; 0.9 s; peak memory 488 MiB.
2026-10-09T23:33:13Z INFO [977/1000] 5582cd8f-7dec-4a4d-997d-b9ec7f6faf07: 536 arrays, 5.7 MB stored; 4.2 s; peak memory 488 MiB.
2026-10-09T23:33:14Z INFO [978/1000] 558303bb-8bce-4427-b22f-c89c1f581445: 48 arrays, 83.9 MB stored; 1.2 s; peak memory 488 MiB.
2026-10-09T23:33:15Z INFO [979/1000] 5583e439-af5c-4ab2-9007-41a746e61719: 48 arrays, 83.9 MB stored; 1.0 s; peak memory 488 MiB.
2026-10-09T23:33:17Z INFO [980/1000] 55847643-1c45-411b-8736-8d95ea8ea1d5: 52 arrays, 13.7 MB stored; 1.3 s; peak memory 488 MiB.
2026-10-09T23:33:30Z INFO [981/1000] 54e9c7c5-695b-45f4-ae28-1d1b151fc00f: 62 arrays, 50380.4 MB stored; 427.6 s; peak memory 488 MiB.
2026-10-09T23:33:31Z INFO [982/1000] 55850dd4-8b0d-4fe9-b016-d103a843cc47: 48 arrays, 83.9 MB stored; 1.1 s; peak memory 488 MiB.
2026-10-09T23:33:32Z INFO [983/1000] 55851aa3-9ba5-4d55-9ab1-2c06b7313d46: 48 arrays, 83.9 MB stored; 1.2 s; peak memory 488 MiB.
2026-10-09T23:34:02Z INFO [984/1000] 556a46a1-1ea3-4461-b957-330b6212120f: 241 arrays, 19746.1 MB stored; 121.7 s; peak memory 488 MiB.
2026-10-09T23:34:04Z INFO [985/1000] 55856673-8bf9-4de7-8603-49cd9775881b: 863 arrays, 4.7 MB stored; 2.7 s; peak memory 488 MiB.
2026-10-09T23:34:06Z INFO [986/1000] 5585ffce-1f2c-4211-b7d0-950292b08f85: 48 arrays, 83.9 MB stored; 1.2 s; peak memory 488 MiB.
2026-10-09T23:34:07Z INFO [987/1000] 55861ef0-f310-47ac-8685-316cd8377b63: 71 arrays, 66.2 MB stored; 1.7 s; peak memory 488 MiB.
2026-10-09T23:34:12Z INFO [988/1000] 55866ab9-fd69-4104-8c8e-9a58603cb08f: 196 arrays, 591.7 MB stored; 5.0 s; peak memory 488 MiB.
2026-10-09T23:34:13Z INFO [989/1000] 55872b27-21d2-41cf-bb37-ddf10fbac0dc: 46 arrays, 5.2 MB stored; 1.1 s; peak memory 488 MiB.
2026-10-09T23:34:15Z INFO [990/1000] 558733ba-25bb-4e3a-a31a-c96d3fcee510: 112 arrays, 0.9 MB stored; 1.5 s; peak memory 488 MiB.
2026-10-09T23:34:16Z INFO [991/1000] 55876b63-addd-497c-a5f6-fd6d3105a103: 117 arrays, 0.3 MB stored; 1.1 s; peak memory 488 MiB.
2026-10-09T23:34:34Z INFO [992/1000] 55878dc7-1cf1-49ae-bbdb-2fab24c16f8a: 923 arrays, 23.7 MB stored; 17.6 s; peak memory 488 MiB.
2026-10-09T23:34:35Z INFO [993/1000] 5587c3c9-9f44-4b3e-b62b-3d930ae113ef: 69 arrays, 2.5 MB stored; 1.2 s; peak memory 488 MiB.
2026-10-09T23:34:51Z INFO [994/1000] 557d985e-4dda-48e8-943b-c8bdbb6b577a: 167 arrays, 21120.7 MB stored; 127.5 s; peak memory 488 MiB.
2026-10-09T23:34:52Z INFO [995/1000] 5577fb6b-2d70-4f83-b8de-d903b3f885e9: 167 arrays, 23941.6 MB stored; 143.2 s; peak memory 488 MiB.
2026-10-09T23:35:23Z INFO [996/1000] 5584b62a-5ac9-4580-ad79-f3058e8acd27: 167 arrays, 21278.0 MB stored; 126.0 s; peak memory 488 MiB.
2026-10-09T23:35:35Z INFO [997/1000] 5544a6e1-6f0c-450a-8a90-c056b43e456c: 938 arrays, 4339.9 MB stored; 304.2 s; peak memory 488 MiB.
2026-10-09T23:35:40Z INFO [998/1000] 558563fb-bc26-42fe-a4ba-7aa57fd3cdf7: 167 arrays, 21139.4 MB stored; 127.6 s; peak memory 488 MiB.
2026-10-09T23:35:54Z INFO [999/1000] 556a6670-885e-47d5-9764-2ddd21dbe257: 264 arrays, 39258.9 MB stored; 233.7 s; peak memory 488 MiB.
2026-10-09T23:48:53Z INFO [1000/1000] 55505bc2-6d57-4f18-8dea-2f91e2aae21c: 99 arrays, 1702.9 MB stored; 1082.9 s; peak memory 488 MiB.
2026-10-09T23:48:55Z INFO [1000/1000] 55505bc2-6d57-4f18-8dea-2f91e2aae21c: checkpointed 1000 new records.
2026-10-09T23:48:55Z INFO Wrote 57200 records to /tmp/derivatives/valid_nwb_file_to_array_sizes.jsonl (1000 new, 0 failed) in 30.1 min (peak memory 583 MiB).
