2026-10-10T08:01:53Z INFO Logging to /tmp/logs/update_2026-10-10T08-01-53Z.log.
2026-10-10T08:01:53Z INFO Update valid-nwb-file-to-array-sizes (base directory /tmp).
2026-10-10T08:02:34Z INFO Processing 1000 items (71200 already recorded).
2026-10-10T08:02:36Z INFO [1/1000] 6ac47f62-31e6-4625-96a8-5657a44a6e69: 58 arrays, 0.0 MB stored; 1.8 s; peak memory 163 MiB.
2026-10-10T08:02:36Z INFO [2/1000] 6ac176c6-d5a5-4ef5-baf3-cee0d5380af8: 48 arrays, 83.9 MB stored; 2.0 s; peak memory 163 MiB.
2026-10-10T08:02:36Z INFO [3/1000] 6ac2c11d-5f13-458f-b34b-6cce5c273cb8: 92 arrays, 6.5 MB stored; 2.0 s; peak memory 163 MiB.
2026-10-10T08:02:36Z INFO [4/1000] 6ac3369a-1ad8-4532-866a-d0b405c5b183: 116 arrays, 0.5 MB stored; 2.2 s; peak memory 163 MiB.
2026-10-10T08:02:36Z INFO [5/1000] 6ac1f9fd-8eda-4e3b-bf59-c7243748248e: 49 arrays, 22.9 MB stored; 2.3 s; peak memory 163 MiB.
2026-10-10T08:02:37Z INFO [6/1000] 6ac30518-3731-4aac-8aa4-ebf3b398306d: 112 arrays, 1.1 MB stored; 2.6 s; peak memory 163 MiB.
2026-10-10T08:02:37Z INFO [7/1000] 6ac3cf93-2722-4d30-8a8e-87cb95a7c436: 70 arrays, 18.0 MB stored; 2.7 s; peak memory 163 MiB.
2026-10-10T08:02:37Z INFO [8/1000] 6ac1bae4-73cb-4d7f-a068-a2776229aab4: 53 arrays, 70.4 MB stored; 2.8 s; peak memory 163 MiB.
2026-10-10T08:02:37Z INFO [9/1000] 6ac5859c-69bb-4649-8854-2d81b4459f93: 48 arrays, 83.9 MB stored; 1.5 s; peak memory 163 MiB.
2026-10-10T08:02:38Z INFO [10/1000] 6ac658f4-2f1d-4b38-8158-f02540e5d84e: 46 arrays, 12.6 MB stored; 1.5 s; peak memory 163 MiB.
2026-10-10T08:02:38Z INFO [11/1000] 6ac76eb4-d008-4c96-a441-9b100cd2cda8: 52 arrays, 0.0 MB stored; 1.4 s; peak memory 163 MiB.
2026-10-10T08:02:38Z INFO [12/1000] 6ac6496f-23ea-4562-9865-e786d802c87e: 117 arrays, 0.4 MB stored; 1.8 s; peak memory 163 MiB.
2026-10-10T08:02:38Z INFO [13/1000] 6ac7ceb1-c549-4a39-bd9c-81da382d33c7: 48 arrays, 83.9 MB stored; 1.2 s; peak memory 163 MiB.
2026-10-10T08:02:39Z INFO [14/1000] 6ac775fc-6f25-4f44-a812-23901ddf5969: 70 arrays, 17.7 MB stored; 2.0 s; peak memory 163 MiB.
2026-10-10T08:02:39Z INFO [15/1000] 6ac8c42a-9d46-4f8d-8541-2b9ea8f008e2: 153 arrays, 0.4 MB stored; 1.4 s; peak memory 163 MiB.
2026-10-10T08:02:40Z INFO [16/1000] 6ac94784-fce1-4b58-88d5-e44c2f85972e: 48 arrays, 83.9 MB stored; 1.2 s; peak memory 163 MiB.
2026-10-10T08:02:40Z INFO [17/1000] 6aca1fe7-be80-40b3-86ab-c5a2dcf6b33c: 112 arrays, 0.4 MB stored; 1.4 s; peak memory 163 MiB.
2026-10-10T08:02:40Z INFO [18/1000] 6ac7964e-0ded-436f-abff-7fe809234824: 420 arrays, 4.3 MB stored; 3.5 s; peak memory 163 MiB.
2026-10-10T08:02:41Z INFO [19/1000] 6ac5e2c0-3932-4cd6-8369-51f1f94c53dc: 538 arrays, 7.6 MB stored; 4.8 s; peak memory 163 MiB.
2026-10-10T08:02:41Z INFO [20/1000] 6acb1f0f-2dc6-42e1-a822-1c6ab6dc7351: 45 arrays, 657.3 MB stored; 1.7 s; peak memory 163 MiB.
2026-10-10T08:02:41Z INFO [21/1000] 6acbf27b-3a01-4722-9e23-c8c55103846c: 48 arrays, 83.9 MB stored; 1.2 s; peak memory 163 MiB.
2026-10-10T08:02:42Z INFO [22/1000] 6acafd6d-83fa-44e4-a5c8-2a5f4697b06f: 156 arrays, 193.4 MB stored; 2.5 s; peak memory 163 MiB.
2026-10-10T08:02:42Z INFO [23/1000] 6acbf33b-752e-4edf-932e-d4a42688e88a: 48 arrays, 83.9 MB stored; 1.2 s; peak memory 163 MiB.
2026-10-10T08:02:42Z INFO [24/1000] 6acbfa7a-656e-46ac-adf1-eb33234cb7e4: 48 arrays, 83.9 MB stored; 1.0 s; peak memory 163 MiB.
2026-10-10T08:02:43Z INFO [25/1000] 6ac7dd0a-f0ba-4b41-b080-402d494a0a3c: 794 arrays, 13.3 MB stored; 4.8 s; peak memory 163 MiB.
2026-10-10T08:02:43Z INFO [26/1000] 6acc2201-1ab6-4a4e-baf0-fac407d89d5b: 112 arrays, 0.7 MB stored; 1.4 s; peak memory 163 MiB.
2026-10-10T08:02:44Z INFO [27/1000] 6acc4045-5ecd-45c0-b454-3fcd31f6e6f9: 112 arrays, 0.6 MB stored; 1.5 s; peak memory 163 MiB.
2026-10-10T08:02:44Z INFO [28/1000] 6acc4217-b779-45c6-8726-a9556d22f09f: 117 arrays, 0.4 MB stored; 1.3 s; peak memory 163 MiB.
2026-10-10T08:02:44Z INFO [29/1000] 6acc4d32-cf4d-41bc-964f-55d63b638100: 39 arrays, 18.5 MB stored; 1.2 s; peak memory 163 MiB.
2026-10-10T08:02:44Z INFO [30/1000] 6ac5e439-1fee-434f-86d9-d93105c9ad05: 49 arrays, 8082.0 MB stored; 8.2 s; peak memory 163 MiB.
2026-10-10T08:02:45Z INFO [31/1000] 6accaa78-f595-4984-9c43-820149ed9751: 48 arrays, 83.9 MB stored; 1.2 s; peak memory 163 MiB.
2026-10-10T08:02:45Z INFO [32/1000] 6accef6a-dbf7-4e62-9ff8-88c849f92635: 48 arrays, 83.9 MB stored; 1.3 s; peak memory 163 MiB.
2026-10-10T08:02:45Z INFO [33/1000] 6accfa3e-436f-4346-9a3a-8523f4c8a445: 52 arrays, 12.5 MB stored; 1.3 s; peak memory 163 MiB.
2026-10-10T08:02:45Z INFO [34/1000] 6acd0901-c5a6-423e-83b3-7d845f175d69: 275 arrays, 17.1 MB stored; 1.6 s; peak memory 163 MiB.
2026-10-10T08:02:46Z INFO [35/1000] 6acd63e7-3ddc-46df-a827-99da8b4e671a: 49 arrays, 19.0 MB stored; 1.5 s; peak memory 163 MiB.
2026-10-10T08:02:46Z INFO [36/1000] 6ace9a4f-4037-49f2-913b-2964642ca47f: 118 arrays, 0.3 MB stored; 1.4 s; peak memory 163 MiB.
2026-10-10T08:02:47Z INFO [37/1000] 6ace9119-3c49-4e43-8535-216d093ddb7f: 87 arrays, 15.1 MB stored; 2.1 s; peak memory 163 MiB.
2026-10-10T08:02:47Z INFO [38/1000] 6ad1526d-33d2-43a0-b6dd-c92ca51b56f1: 48 arrays, 83.9 MB stored; 1.0 s; peak memory 163 MiB.
2026-10-10T08:02:47Z INFO [39/1000] 6ad084ae-bffb-40c2-81e0-58bb91cb72c5: 62 arrays, 4006.0 MB stored; 1.4 s; peak memory 163 MiB.
2026-10-10T08:02:48Z INFO [40/1000] 6acea976-8269-4ec5-bb61-a217727f448a: 115 arrays, 186.8 MB stored; 2.2 s; peak memory 163 MiB.
2026-10-10T08:02:48Z INFO [41/1000] 6ad1a109-9c8e-4e94-9cbc-3f000ad1c234: 48 arrays, 83.9 MB stored; 1.3 s; peak memory 163 MiB.
2026-10-10T08:02:48Z INFO [42/1000] 6ad1b19d-fbbb-4b67-87c3-94a2ae1f5461: 48 arrays, 83.9 MB stored; 1.2 s; peak memory 163 MiB.
2026-10-10T08:02:49Z INFO [43/1000] 6ad1b34f-5e41-4bb6-bdf3-c9215d9566d2: 48 arrays, 83.9 MB stored; 1.3 s; peak memory 163 MiB.
2026-10-10T08:02:49Z INFO [44/1000] 6ad2c5b5-1289-4f68-90a2-eee3221f112c: 48 arrays, 83.9 MB stored; 1.2 s; peak memory 163 MiB.
2026-10-10T08:02:49Z INFO [45/1000] 6acc1231-e7cc-4fb5-97c7-103fc9af4cf0: 1276 arrays, 157.4 MB stored; 7.9 s; peak memory 163 MiB.
2026-10-10T08:02:50Z INFO [46/1000] 6ad38359-cc04-41e2-a860-a8cd93446f4f: 110 arrays, 0.5 MB stored; 1.5 s; peak memory 163 MiB.
2026-10-10T08:02:51Z INFO [47/1000] 6ad4a2fc-e94e-43c1-9e83-03b84033e3ee: 48 arrays, 83.9 MB stored; 1.1 s; peak memory 163 MiB.
2026-10-10T08:02:52Z INFO [48/1000] 6ad5170c-3e1b-438c-85e5-4f47ee829e28: 48 arrays, 83.9 MB stored; 1.1 s; peak memory 163 MiB.
2026-10-10T08:02:52Z INFO [49/1000] 6acd4364-8cef-4c4b-8d08-4f175ff0f0bb: 693 arrays, 19.3 MB stored; 8.1 s; peak memory 163 MiB.
2026-10-10T08:02:52Z INFO [50/1000] 6ad4eab5-6b6d-4009-a5c1-043534a9a099: 156 arrays, 193.5 MB stored; 2.4 s; peak memory 163 MiB.
2026-10-10T08:02:53Z INFO [51/1000] 6ad4a044-729d-4f25-b63a-0ec24db44406: 537 arrays, 8.0 MB stored; 4.6 s; peak memory 163 MiB.
2026-10-10T08:02:53Z INFO [52/1000] 6ad607e1-e3b6-4b1e-9598-5fb00a762d19: 42 arrays, 170.5 MB stored; 1.2 s; peak memory 163 MiB.
2026-10-10T08:02:54Z INFO [53/1000] 6ad6153d-6acc-45f8-afbe-9dd214e58a55: 48 arrays, 83.9 MB stored; 1.3 s; peak memory 163 MiB.
2026-10-10T08:02:55Z INFO [54/1000] 6ad63fac-0206-4652-99c2-b0dcd938d49d: 48 arrays, 83.9 MB stored; 1.2 s; peak memory 163 MiB.
2026-10-10T08:02:55Z INFO [55/1000] 6ad68266-d99f-4d15-ab93-f1f9fb56d03d: 117 arrays, 0.3 MB stored; 1.3 s; peak memory 163 MiB.
2026-10-10T08:02:55Z INFO [56/1000] 6ad6a270-efc2-40d9-8317-95b2919b523f: 52 arrays, 657.1 MB stored; 1.4 s; peak memory 163 MiB.
2026-10-10T08:02:56Z INFO [57/1000] 6ad86b17-d490-458e-bc2e-14b5e4ca74b3: 48 arrays, 83.9 MB stored; 1.2 s; peak memory 163 MiB.
2026-10-10T08:02:56Z INFO [58/1000] 6ad71348-6bb4-4cd0-8976-e0b83a68d793: 117 arrays, 0.3 MB stored; 1.4 s; peak memory 163 MiB.
2026-10-10T08:02:56Z INFO [59/1000] 6ad88e30-8167-4184-a6f0-4cfa9332b88b: 48 arrays, 83.9 MB stored; 1.2 s; peak memory 163 MiB.
2026-10-10T08:02:57Z INFO [60/1000] 6ad8ff8b-a0c9-4378-aeee-638bc1f20fcf: 60 arrays, 9.1 MB stored; 1.4 s; peak memory 163 MiB.
2026-10-10T08:02:57Z INFO [61/1000] 6ad9109c-a9c0-4319-bd53-0079786ab2f5: 116 arrays, 0.2 MB stored; 1.2 s; peak memory 163 MiB.
2026-10-10T08:02:59Z INFO [62/1000] 6ad9a8dd-7b3f-4352-9e53-5e4489eae5b4: 48 arrays, 83.9 MB stored; 1.2 s; peak memory 163 MiB.
2026-10-10T08:02:59Z INFO [63/1000] 6adacf17-22cc-4821-971c-07bd25611222: 48 arrays, 83.9 MB stored; 1.1 s; peak memory 163 MiB.
2026-10-10T08:02:59Z INFO [64/1000] 6ad8a21f-5376-43c3-85e4-4fb8cb272f70: 507 arrays, 5.6 MB stored; 3.5 s; peak memory 163 MiB.
2026-10-10T08:03:00Z INFO [65/1000] 6adb5ee4-338b-4db8-b0ff-1e9b245f8e01: 112 arrays, 0.5 MB stored; 1.5 s; peak memory 163 MiB.
2026-10-10T08:03:01Z INFO [66/1000] 6adb92dd-74ad-49ae-a148-a39fee189ff4: 117 arrays, 0.5 MB stored; 1.3 s; peak memory 163 MiB.
2026-10-10T08:03:01Z INFO [67/1000] 6ad5da65-c0cb-4ecc-85b5-23fd4ff27171: 870 arrays, 28.6 MB stored; 9.1 s; peak memory 163 MiB.
2026-10-10T08:03:01Z INFO [68/1000] 6adbef5b-e90c-4898-b322-e3eb75088172: 52 arrays, 15.0 MB stored; 1.1 s; peak memory 163 MiB.
2026-10-10T08:03:02Z INFO [69/1000] 6acbdbab-b67a-4ff9-aec3-47490b499c23: 48 arrays, 45713.5 MB stored; 21.6 s; peak memory 163 MiB.
2026-10-10T08:03:02Z INFO [70/1000] 6adbf7dd-a5c6-4e59-9fba-9ebfb3b3ce0f: 62 arrays, 0.5 MB stored; 1.2 s; peak memory 163 MiB.
2026-10-10T08:03:02Z INFO [71/1000] 6adc5c62-4ee2-45b0-9b0a-43c33f018bb0: 52 arrays, 626.3 MB stored; 1.1 s; peak memory 163 MiB.
2026-10-10T08:03:02Z INFO [72/1000] 6adbfebc-1a47-4dd5-a501-5d04ad79d4b1: 64 arrays, 5.5 MB stored; 1.5 s; peak memory 163 MiB.
2026-10-10T08:03:03Z INFO [73/1000] 6adb70ff-5bdf-48e8-8397-93502f4e2f41: 238 arrays, 77.6 MB stored; 4.0 s; peak memory 163 MiB.
2026-10-10T08:03:03Z INFO [74/1000] 6adca2d9-d8fd-465e-9ab8-7fd65d922abf: 118 arrays, 0.3 MB stored; 1.3 s; peak memory 163 MiB.
2026-10-10T08:03:03Z INFO [75/1000] 6add7961-a134-4ea9-8c92-0ec67a890d5b: 46 arrays, 0.4 MB stored; 1.1 s; peak memory 163 MiB.
2026-10-10T08:03:04Z INFO [76/1000] 6adfad72-d1ce-4405-96df-13384e13ffc5: 56 arrays, 0.0 MB stored; 0.9 s; peak memory 163 MiB.
2026-10-10T08:03:04Z INFO [77/1000] 6add4001-43cc-475b-b1ec-73e9a12a8e6a: 94 arrays, 69.5 MB stored; 2.2 s; peak memory 163 MiB.
2026-10-10T08:03:05Z INFO [78/1000] 6adcbeb1-5795-4de3-8e5a-f91dab01ec2d: 156 arrays, 193.4 MB stored; 2.7 s; peak memory 163 MiB.
2026-10-10T08:03:05Z INFO [79/1000] 6ad2f1f0-4020-4a48-ab18-701e68fb505a: 48 arrays, 40108.1 MB stored; 16.7 s; peak memory 163 MiB.
2026-10-10T08:03:05Z INFO [80/1000] 6ae002f4-2dfa-492f-992d-a9a161a3b51a: 71 arrays, 4.2 MB stored; 1.6 s; peak memory 163 MiB.
2026-10-10T08:03:05Z INFO [81/1000] 6ae07cfe-03b8-4563-bf60-bb5ff5b3158e: 48 arrays, 83.9 MB stored; 1.3 s; peak memory 163 MiB.
2026-10-10T08:03:06Z INFO [82/1000] 6ae086a0-87df-40f8-878a-f875bfe5afcc: 117 arrays, 0.4 MB stored; 1.3 s; peak memory 163 MiB.
2026-10-10T08:03:06Z INFO [83/1000] 6ae0e1ef-f928-48ff-93f1-f18b4a20c4f5: 48 arrays, 83.9 MB stored; 1.2 s; peak memory 163 MiB.
2026-10-10T08:03:06Z INFO [84/1000] 6ae1e769-e484-41f6-95d5-a274b9bccd6f: 117 arrays, 0.3 MB stored; 1.3 s; peak memory 163 MiB.
2026-10-10T08:03:06Z INFO [85/1000] 6ae0adc0-8303-4a77-b758-4d95e371348c: 38 arrays, 26.0 MB stored; 1.9 s; peak memory 163 MiB.
2026-10-10T08:03:07Z INFO [86/1000] 6ae22ea4-50ac-45fa-94a6-c98e32c4a610: 113 arrays, 0.4 MB stored; 1.4 s; peak memory 163 MiB.
2026-10-10T08:03:07Z INFO [87/1000] 6ae23f99-98ff-436a-9b23-cf3a1c59014d: 52 arrays, 13.6 MB stored; 1.2 s; peak memory 163 MiB.
2026-10-10T08:03:07Z INFO [88/1000] 6ae26070-c558-4abb-a004-10ca5a3ad1b5: 48 arrays, 83.9 MB stored; 1.2 s; peak memory 163 MiB.
2026-10-10T08:03:08Z INFO [89/1000] 6ae29965-ed8a-43fc-9baa-6858954c8ac0: 119 arrays, 0.1 MB stored; 1.3 s; peak memory 163 MiB.
2026-10-10T08:03:08Z INFO [90/1000] 6ae2c727-fad7-415f-a0f3-7814030026a5: 52 arrays, 14.1 MB stored; 1.4 s; peak memory 163 MiB.
2026-10-10T08:03:08Z INFO [91/1000] 6ae2f2fb-352b-4f23-a308-3b9023e41827: 48 arrays, 83.9 MB stored; 1.3 s; peak memory 163 MiB.
2026-10-10T08:03:09Z INFO [92/1000] 6ae3505d-b0b1-4bea-932a-a09d844236ef: 116 arrays, 0.3 MB stored; 1.2 s; peak memory 163 MiB.
2026-10-10T08:03:09Z INFO [93/1000] 6ad3f43e-493a-4ca9-ac3c-9b4857230f6c: 48 arrays, 36138.9 MB stored; 20.2 s; peak memory 163 MiB.
2026-10-10T08:03:09Z INFO [94/1000] 6ae4b4a0-5afa-4094-922f-9aae40720e41: 118 arrays, 0.4 MB stored; 1.3 s; peak memory 163 MiB.
2026-10-10T08:03:09Z INFO [95/1000] 6ae4b926-06b1-423c-88d2-83c827844450: 48 arrays, 83.9 MB stored; 1.2 s; peak memory 163 MiB.
2026-10-10T08:03:09Z INFO [96/1000] 6ae4fa3d-49b3-459b-9106-d162e8e6f99a: 48 arrays, 83.9 MB stored; 1.2 s; peak memory 163 MiB.
2026-10-10T08:03:10Z INFO [97/1000] 6ae512a2-87df-456f-8170-b31dae73818a: 66 arrays, 62.3 MB stored; 1.6 s; peak memory 163 MiB.
2026-10-10T08:03:10Z INFO [98/1000] 6ae5f27d-24ba-4fd8-9ac3-fdabb6eb9d6f: 48 arrays, 83.9 MB stored; 1.3 s; peak memory 163 MiB.
2026-10-10T08:03:11Z INFO [99/1000] 6ae545bd-0c24-41be-a20d-a471622bba98: 71 arrays, 94.1 MB stored; 1.7 s; peak memory 163 MiB.
2026-10-10T08:03:11Z INFO [100/1000] 6ae6b38f-c1eb-43fb-81d8-a204f39b05a8: 68 arrays, 0.7 MB stored; 1.3 s; peak memory 163 MiB.
2026-10-10T08:03:11Z INFO [101/1000] 6ae575f4-3d5f-4419-b531-02fdcbb39265: 53 arrays, 9.2 MB stored; 1.8 s; peak memory 163 MiB.
2026-10-10T08:03:11Z INFO [102/1000] 6ae74bb0-b2ca-43a2-bebf-f1b9adddefb3: 46 arrays, 12.6 MB stored; 1.2 s; peak memory 163 MiB.
2026-10-10T08:03:12Z INFO [103/1000] 6ae7e6e7-f841-48f0-b569-e04b3b96323c: 48 arrays, 83.9 MB stored; 1.3 s; peak memory 163 MiB.
2026-10-10T08:03:12Z INFO [104/1000] 6ae82587-88dc-4791-9c08-8977989309af: 48 arrays, 83.9 MB stored; 1.3 s; peak memory 163 MiB.
2026-10-10T08:03:13Z INFO [105/1000] 6ae86523-d434-40b0-82ab-b72b7b30f26a: 110 arrays, 0.6 MB stored; 1.4 s; peak memory 163 MiB.
2026-10-10T08:03:13Z INFO [106/1000] 6ae8b421-abee-4359-9ccb-41d806da19e4: 48 arrays, 83.9 MB stored; 1.1 s; peak memory 163 MiB.
2026-10-10T08:03:13Z INFO [107/1000] 6ae7e659-dc70-4e57-95e3-ebca599988fa: 115 arrays, 190.1 MB stored; 2.5 s; peak memory 163 MiB.
2026-10-10T08:03:13Z INFO [108/1000] 6ae8e7e6-a2e9-446d-880a-aa7e9d11befb: 48 arrays, 83.9 MB stored; 1.2 s; peak memory 163 MiB.
2026-10-10T08:03:14Z INFO [109/1000] 6ae91359-57eb-4f02-9412-b69d15ec10a9: 50 arrays, 5.6 MB stored; 1.1 s; peak memory 163 MiB.
2026-10-10T08:03:14Z INFO [110/1000] 6ade60d6-7c6d-4f9e-a4e2-fb4898d7f7f6: 277 arrays, 1059.8 MB stored; 11.4 s; peak memory 163 MiB.
2026-10-10T08:03:15Z INFO [111/1000] 6aea73c1-03dc-4ce0-9c04-fb9a4b0d2c7b: 112 arrays, 0.6 MB stored; 1.4 s; peak memory 163 MiB.
2026-10-10T08:03:16Z INFO [112/1000] 6aea41da-ecca-4f88-8e99-bf95564af99c: 194 arrays, 2.4 MB stored; 1.9 s; peak memory 163 MiB.
2026-10-10T08:03:16Z INFO [113/1000] 6ae91ad0-d355-4ad7-88a3-ead27ce22ccc: 156 arrays, 193.5 MB stored; 2.7 s; peak memory 163 MiB.
2026-10-10T08:03:17Z INFO [114/1000] 6ae2b1d4-f704-4171-ba53-2a93f73bf555: 38 arrays, 327.5 MB stored; 10.4 s; peak memory 163 MiB.
2026-10-10T08:03:17Z INFO [115/1000] 6aea7b74-38f1-4afa-a5f5-270401f45b30: 48 arrays, 83.9 MB stored; 1.4 s; peak memory 163 MiB.
2026-10-10T08:03:17Z INFO [116/1000] 6ae77a67-4209-45c6-b0c0-746765eab109: 300 arrays, 18000.3 MB stored; 6.4 s; peak memory 163 MiB.
2026-10-10T08:03:18Z INFO [117/1000] 6ae986db-8d38-4c39-a7a3-ec8a45df18c6: 537 arrays, 8.2 MB stored; 4.5 s; peak memory 163 MiB.
2026-10-10T08:03:18Z INFO [118/1000] 6aea99e3-225a-411c-8842-a2c64d4d339c: 98 arrays, 158.4 MB stored; 2.0 s; peak memory 163 MiB.
2026-10-10T08:03:18Z INFO [119/1000] 6aeba2ec-be37-4a90-8c5e-6e969afcf3d2: 116 arrays, 0.2 MB stored; 1.3 s; peak memory 163 MiB.
2026-10-10T08:03:19Z INFO [120/1000] 6aebbeee-6915-493b-9b81-2f7ccbc8c721: 110 arrays, 0.7 MB stored; 1.7 s; peak memory 163 MiB.
2026-10-10T08:03:19Z INFO [121/1000] 6aebcb44-00cc-42c1-ba0f-a5f3ea7542e8: 112 arrays, 0.3 MB stored; 1.2 s; peak memory 163 MiB.
2026-10-10T08:03:20Z INFO [122/1000] 6aed68f2-d0da-4cfd-8a1e-871618afd592: 117 arrays, 0.3 MB stored; 1.2 s; peak memory 163 MiB.
2026-10-10T08:03:20Z INFO [123/1000] 6aedb347-35e3-4f2f-aa8f-0063b14afb3b: 118 arrays, 0.4 MB stored; 1.3 s; peak memory 163 MiB.
2026-10-10T08:03:20Z INFO [124/1000] 6aed2766-3070-4b77-8245-2ee2c52ce170: 116 arrays, 187.2 MB stored; 2.2 s; peak memory 163 MiB.
2026-10-10T08:03:21Z INFO [125/1000] 6aeebdc0-27b0-483b-87ed-0957aed8be23: 48 arrays, 83.9 MB stored; 1.2 s; peak memory 163 MiB.
2026-10-10T08:03:21Z INFO [126/1000] 6aeed7cf-bc25-4542-9363-03df24613d06: 52 arrays, 0.0 MB stored; 1.2 s; peak memory 163 MiB.
2026-10-10T08:03:22Z INFO [127/1000] 6aef07da-23c9-40b4-975b-7126a1e1f69a: 48 arrays, 83.9 MB stored; 1.2 s; peak memory 163 MiB.
2026-10-10T08:03:22Z INFO [128/1000] 6aed0f3d-9d56-4c39-8eff-0e131c4ffaba: 229 arrays, 386.9 MB stored; 4.3 s; peak memory 163 MiB.
2026-10-10T08:03:22Z INFO [129/1000] 6aefa992-b346-40a8-b92a-cd363c24c1d3: 64 arrays, 25.0 MB stored; 1.4 s; peak memory 163 MiB.
2026-10-10T08:03:23Z INFO [130/1000] 6af0f8bd-443a-4600-aa20-8dc00cf65401: 48 arrays, 83.9 MB stored; 1.2 s; peak memory 163 MiB.
2026-10-10T08:03:23Z INFO [131/1000] 6aebbdb3-7e42-41f4-8940-11050e718619: 391 arrays, 77.7 MB stored; 6.3 s; peak memory 163 MiB.
2026-10-10T08:03:23Z INFO [132/1000] 6af1a1ba-1ea7-4ef7-a5d7-a99f9036c3f6: 117 arrays, 0.4 MB stored; 1.3 s; peak memory 163 MiB.
2026-10-10T08:03:24Z INFO [133/1000] 6af20475-c6ca-4d3b-a60e-6f3b60647fee: 45 arrays, 10.9 MB stored; 1.2 s; peak memory 163 MiB.
2026-10-10T08:03:24Z INFO [134/1000] 6af2701d-e7c2-4373-969c-c10eca1091c2: 72 arrays, 0.0 MB stored; 1.2 s; peak memory 163 MiB.
2026-10-10T08:03:25Z INFO [135/1000] 6af24315-47f1-4606-82f1-7a1eb0e93072: 112 arrays, 0.7 MB stored; 1.6 s; peak memory 163 MiB.
2026-10-10T08:03:25Z INFO [136/1000] 6af289c5-a3c0-483b-aea6-9fa35bbb882f: 112 arrays, 0.5 MB stored; 1.2 s; peak memory 163 MiB.
2026-10-10T08:03:26Z INFO [137/1000] 6af2c580-21e8-4385-9715-140c4c00ab32: 48 arrays, 83.9 MB stored; 1.1 s; peak memory 163 MiB.
2026-10-10T08:03:26Z INFO [138/1000] 6af306e4-70fc-4fca-a983-b511db1313c1: 52 arrays, 0.0 MB stored; 1.1 s; peak memory 163 MiB.
2026-10-10T08:03:26Z INFO [139/1000] 6aeb8a8f-99fc-4646-a251-8ea9bfa240ef: 268 arrays, 855.6 MB stored; 10.3 s; peak memory 163 MiB.
2026-10-10T08:03:27Z INFO [140/1000] 6af3a96b-627d-46a6-80f8-c0c979172054: 115 arrays, 190.2 MB stored; 2.1 s; peak memory 163 MiB.
2026-10-10T08:03:27Z INFO [141/1000] 6af48a8b-e09c-4e4c-8cb8-765399484343: 118 arrays, 0.4 MB stored; 1.3 s; peak memory 163 MiB.
2026-10-10T08:03:28Z INFO [142/1000] 6af4c30a-e23b-495c-bf7d-45eaf1f15e8d: 48 arrays, 83.9 MB stored; 1.2 s; peak memory 163 MiB.
2026-10-10T08:03:28Z INFO [143/1000] 6af4ea7b-a478-454e-9489-7410a9841dad: 146 arrays, 0.7 MB stored; 1.3 s; peak memory 163 MiB.
2026-10-10T08:03:29Z INFO [144/1000] 6af50448-a78a-43c4-bfeb-e46c7a979560: 117 arrays, 0.3 MB stored; 1.3 s; peak memory 163 MiB.
2026-10-10T08:03:30Z INFO [145/1000] 6af47a8d-2cfe-4039-a3aa-74c8e18686c5: 807 arrays, 8.3 MB stored; 4.5 s; peak memory 163 MiB.
2026-10-10T08:03:30Z INFO [146/1000] 6af48f90-147f-48d2-b6d5-8c626bc46aa2: 229 arrays, 577.0 MB stored; 4.0 s; peak memory 163 MiB.
2026-10-10T08:03:31Z INFO [147/1000] 6af57efc-4b9c-4cc8-9498-88fa0854b446: 48 arrays, 83.9 MB stored; 1.2 s; peak memory 163 MiB.
2026-10-10T08:03:31Z INFO [148/1000] 6af6f402-1119-4797-a38d-8fde98e5738b: 48 arrays, 83.9 MB stored; 1.2 s; peak memory 163 MiB.
2026-10-10T08:03:32Z INFO [149/1000] 6af59f99-da47-483c-b47f-1815f36085de: 66 arrays, 63.0 MB stored; 1.4 s; peak memory 163 MiB.
2026-10-10T08:03:32Z INFO [150/1000] 6af707a3-467c-4a2d-a0ff-b75f0b3a7913: 48 arrays, 83.9 MB stored; 1.1 s; peak memory 163 MiB.
2026-10-10T08:03:32Z INFO [151/1000] 6aefae66-6516-4705-bd7d-4f737cab484d: 432 arrays, 822.9 MB stored; 10.5 s; peak memory 163 MiB.
2026-10-10T08:03:33Z INFO [152/1000] 6af7184d-afde-42e4-8be3-e00d160a8c1e: 49 arrays, 1555.4 MB stored; 1.4 s; peak memory 163 MiB.
2026-10-10T08:03:33Z INFO [153/1000] 6af745d1-7219-4f2b-83f7-b18a1a746dc1: 117 arrays, 0.3 MB stored; 1.5 s; peak memory 163 MiB.
2026-10-10T08:03:33Z INFO [154/1000] 6af938b7-e4bb-4404-b708-79ef118f078e: 110 arrays, 0.9 MB stored; 1.7 s; peak memory 163 MiB.
2026-10-10T08:03:34Z INFO [155/1000] 6af7d5c7-1de3-49b0-8c65-30c2fd360c0b: 158 arrays, 1.2 MB stored; 1.9 s; peak memory 163 MiB.
2026-10-10T08:03:34Z INFO [156/1000] 6af55ab5-2025-4f1c-8051-6730d72b155c: 809 arrays, 12.0 MB stored; 5.4 s; peak memory 163 MiB.
2026-10-10T08:03:34Z INFO [157/1000] 6af94eef-2381-48e7-9f0b-fe77dbad7c99: 78 arrays, 0.1 MB stored; 1.3 s; peak memory 163 MiB.
2026-10-10T08:03:34Z INFO [158/1000] 6af9c4b7-ce45-4287-9760-8b6b64361529: 117 arrays, 0.4 MB stored; 1.3 s; peak memory 163 MiB.
2026-10-10T08:03:35Z INFO [159/1000] 6afa1bfe-1237-44cf-9c12-17c04ad33290: 118 arrays, 0.3 MB stored; 1.4 s; peak memory 163 MiB.
2026-10-10T08:03:35Z INFO [160/1000] 6afa63af-3baf-47ef-bb67-6b3a966a644b: 109 arrays, 0.2 MB stored; 1.2 s; peak memory 163 MiB.
2026-10-10T08:03:36Z INFO [161/1000] 6afb571e-e0d9-4b95-be6a-840912b41ddc: 117 arrays, 0.5 MB stored; 1.5 s; peak memory 163 MiB.
2026-10-10T08:03:36Z INFO [162/1000] 6afca364-f00c-4a8d-aa27-9b1326f2ee8d: 117 arrays, 0.2 MB stored; 1.3 s; peak memory 163 MiB.
2026-10-10T08:03:37Z INFO [163/1000] 6afcc425-74be-49f5-bdaf-ca8cd050f6b9: 62 arrays, 4626.3 MB stored; 1.7 s; peak memory 163 MiB.
2026-10-10T08:03:37Z INFO [164/1000] 6afce12d-37ed-45f1-a6cb-1f9799221380: 48 arrays, 83.9 MB stored; 1.2 s; peak memory 163 MiB.
2026-10-10T08:03:38Z INFO [165/1000] 6afd5230-fc70-47bb-ae42-608b0835a22a: 48 arrays, 83.9 MB stored; 1.2 s; peak memory 163 MiB.
2026-10-10T08:03:39Z INFO [166/1000] 6afa2cdc-5507-4202-b141-f72962d32c58: 827 arrays, 14.5 MB stored; 5.4 s; peak memory 163 MiB.
2026-10-10T08:03:40Z INFO [167/1000] 6afd8a66-724a-462c-88b8-fae5b7cb028c: 117 arrays, 0.6 MB stored; 1.3 s; peak memory 163 MiB.
2026-10-10T08:03:41Z INFO [168/1000] 6afea254-ebe4-48e7-a0c0-398d22a482af: 110 arrays, 0.9 MB stored; 1.4 s; peak memory 163 MiB.
2026-10-10T08:03:41Z INFO [169/1000] 6afe2168-911b-4b66-bc46-312ec618b4cd: 115 arrays, 186.7 MB stored; 2.0 s; peak memory 163 MiB.
2026-10-10T08:03:41Z INFO [170/1000] 6afa5e42-b821-4330-8b88-5b9ada9b5d72: 11477 arrays, 129.7 MB stored; 7.6 s; peak memory 163 MiB.
2026-10-10T08:03:42Z INFO [171/1000] 6afecd5f-c815-4df7-b6ed-15007131bb65: 48 arrays, 83.9 MB stored; 1.3 s; peak memory 163 MiB.
2026-10-10T08:03:42Z INFO [172/1000] 6aff55df-2e5f-4c8b-b9f4-9f16c376ee4c: 72 arrays, 0.3 MB stored; 1.4 s; peak memory 163 MiB.
2026-10-10T08:03:43Z INFO [173/1000] 6b00b5d5-dd59-4041-aead-9c4ea872fefd: 48 arrays, 83.9 MB stored; 1.2 s; peak memory 163 MiB.
2026-10-10T08:03:43Z INFO [174/1000] 6b01f9eb-2456-43a5-8951-f8f506cb7343: 41 arrays, 8.4 MB stored; 0.9 s; peak memory 163 MiB.
2026-10-10T08:03:44Z INFO [175/1000] 6b023443-330f-4df8-8c0d-d01023b72586: 48 arrays, 83.9 MB stored; 1.1 s; peak memory 163 MiB.
2026-10-10T08:03:46Z INFO [176/1000] 6afd417b-9f80-427d-b26d-290a34196a1a: 44 arrays, 10494.0 MB stored; 9.2 s; peak memory 163 MiB.
2026-10-10T08:03:47Z INFO [177/1000] 6b03a18c-2622-46e4-9e26-a4d2983ab563: 69 arrays, 0.4 MB stored; 1.2 s; peak memory 163 MiB.
2026-10-10T08:03:48Z INFO [178/1000] 6aea0675-8771-4674-ba3e-05dbad5436c5: 50 arrays, 2907.0 MB stored; 34.5 s; peak memory 163 MiB.
2026-10-10T08:03:48Z INFO [179/1000] 6aff8065-4576-4452-8b0b-48d8b2ee32dd: 1053 arrays, 22.7 MB stored; 6.9 s; peak memory 163 MiB.
2026-10-10T08:03:49Z INFO [180/1000] 6b05dc26-768a-463f-afe3-6968d6b3716e: 48 arrays, 83.9 MB stored; 1.2 s; peak memory 163 MiB.
2026-10-10T08:03:51Z INFO [181/1000] 6b06e80d-3ed6-4b71-8a1c-e5a0f90bf461: 328 arrays, 5.9 MB stored; 2.5 s; peak memory 163 MiB.
2026-10-10T08:03:52Z INFO [182/1000] 6b042a8f-09de-4d54-a8fb-9a66eb80e5de: 223 arrays, 952.7 MB stored; 4.2 s; peak memory 163 MiB.
2026-10-10T08:03:52Z INFO [183/1000] 6b0744ee-720c-47a5-a82b-c4ca5289f8ad: 52 arrays, 22.3 MB stored; 1.3 s; peak memory 163 MiB.
2026-10-10T08:03:53Z INFO [184/1000] 6b073be2-87a9-44a8-977f-27360d47f434: 435 arrays, 9.0 MB stored; 3.8 s; peak memory 163 MiB.
2026-10-10T08:03:53Z INFO [185/1000] 6b07cedc-fcf1-4451-886a-e319947124fe: 117 arrays, 0.4 MB stored; 1.3 s; peak memory 163 MiB.
2026-10-10T08:03:53Z INFO [186/1000] 6b0829f7-e214-4d54-b197-b1c1a2fa929b: 21 arrays, 0.6 MB stored; 1.0 s; peak memory 163 MiB.
2026-10-10T08:03:54Z INFO [187/1000] 6b09469d-18d7-42cc-9ee3-31d57107be44: 48 arrays, 83.9 MB stored; 1.2 s; peak memory 163 MiB.
2026-10-10T08:03:54Z INFO [188/1000] 6b09a040-8193-43db-93c1-110cc40b3ed1: 48 arrays, 83.9 MB stored; 1.3 s; peak memory 163 MiB.
2026-10-10T08:03:55Z INFO [189/1000] 6b09beae-a670-4445-970c-64724e8c4c9e: 118 arrays, 1.0 MB stored; 1.4 s; peak memory 163 MiB.
2026-10-10T08:03:55Z INFO [190/1000] 6b09d389-5021-4352-8712-c7f756117077: 48 arrays, 83.9 MB stored; 1.2 s; peak memory 163 MiB.
2026-10-10T08:03:56Z INFO [191/1000] 6b0ae72f-16e4-4965-97e4-11b599d60a2d: 48 arrays, 83.9 MB stored; 1.0 s; peak memory 163 MiB.
2026-10-10T08:03:56Z INFO [192/1000] 6b0b66eb-e7fc-4b22-a891-d7ff814e94ad: 118 arrays, 0.4 MB stored; 1.2 s; peak memory 163 MiB.
2026-10-10T08:03:57Z INFO [193/1000] 6b0c5db4-15b9-4cbd-b4e4-5acfeb5e20f3: 116 arrays, 0.5 MB stored; 1.3 s; peak memory 163 MiB.
2026-10-10T08:03:58Z INFO [194/1000] 6b0d1968-8dd9-4d1a-b21b-a5e42d47c295: 116 arrays, 9.7 MB stored; 1.1 s; peak memory 163 MiB.
2026-10-10T08:03:58Z INFO [195/1000] 6b0d8f2d-ea63-4c1a-ab87-b78b0f4be799: 57 arrays, 0.0 MB stored; 0.9 s; peak memory 163 MiB.
2026-10-10T08:03:59Z INFO [196/1000] 6b0da432-a0e5-449e-8052-4ef18763d3bb: 121 arrays, 0.2 MB stored; 1.1 s; peak memory 163 MiB.
2026-10-10T08:04:00Z INFO [197/1000] 6b0e7fc4-5b43-425c-a227-86e1e1f725ef: 118 arrays, 0.4 MB stored; 1.2 s; peak memory 163 MiB.
2026-10-10T08:04:00Z INFO [198/1000] 6b0a4f1f-7346-492b-83ee-b3566df73648: 866 arrays, 31.8 MB stored; 6.0 s; peak memory 163 MiB.
2026-10-10T08:04:03Z INFO [199/1000] 6b0e9aad-0c0c-452f-9b4a-79920c086d2a: 229 arrays, 247.3 MB stored; 3.6 s; peak memory 163 MiB.
2026-10-10T08:04:04Z INFO [200/1000] 6b100e2c-5d7d-4ec8-8e5c-6adf20926b03: 99 arrays, 0.1 MB stored; 0.9 s; peak memory 163 MiB.
2026-10-10T08:04:05Z INFO [200/1000] 6b100e2c-5d7d-4ec8-8e5c-6adf20926b03: checkpointed 200 new records.
2026-10-10T08:04:05Z INFO [201/1000] 6b0df919-5829-4dfe-9f73-6f90a00471e6: 97 arrays, 99.0 MB stored; 7.7 s; peak memory 240 MiB.
2026-10-10T08:04:06Z INFO [202/1000] 6b103be9-3877-45be-91f4-250bd799c87a: 66 arrays, 75.5 MB stored; 1.8 s; peak memory 240 MiB.
2026-10-10T08:04:07Z INFO [203/1000] 6b10f569-5662-453c-a607-3fc63211e1df: 113 arrays, 0.7 MB stored; 1.3 s; peak memory 240 MiB.
2026-10-10T08:04:07Z INFO [204/1000] 6b10f8f7-9be7-4b81-b1a3-30a9f556132c: 117 arrays, 0.4 MB stored; 1.2 s; peak memory 240 MiB.
2026-10-10T08:04:08Z INFO [205/1000] 6b115ebd-068e-40ee-904e-e0286f992a6e: 48 arrays, 83.9 MB stored; 1.2 s; peak memory 240 MiB.
2026-10-10T08:04:09Z INFO [206/1000] 6b11c0f0-a270-437b-984c-a2adb152e72a: 112 arrays, 0.4 MB stored; 1.3 s; peak memory 240 MiB.
2026-10-10T08:04:11Z INFO [207/1000] 6b11cb0e-e428-4da0-9cb5-abba3cf24560: 500 arrays, 5.7 MB stored; 3.1 s; peak memory 240 MiB.
2026-10-10T08:04:12Z INFO [208/1000] 6b124e81-dd37-4352-9a94-26b3a8aa8cff: 48 arrays, 83.9 MB stored; 1.0 s; peak memory 240 MiB.
2026-10-10T08:04:13Z INFO [209/1000] 6b129603-a36c-4dc7-9b93-fc3c7e6917a1: 117 arrays, 0.6 MB stored; 1.2 s; peak memory 240 MiB.
2026-10-10T08:04:14Z INFO [210/1000] 6b130d08-6fde-42e0-b722-b4ad03213f9a: 46 arrays, 0.3 MB stored; 0.9 s; peak memory 240 MiB.
2026-10-10T08:04:15Z INFO [211/1000] 6b11ea29-deb4-413e-a480-afc5caa88ce9: 369 arrays, 314.2 MB stored; 6.4 s; peak memory 240 MiB.
2026-10-10T08:04:15Z INFO [212/1000] 6b1327e5-449b-4b5a-9fcf-21670e4511e5: 116 arrays, 0.5 MB stored; 1.1 s; peak memory 240 MiB.
2026-10-10T08:04:21Z INFO [213/1000] 6b02a826-cfda-4681-a6b0-12e9caa0c81e: 52 arrays, 2446.2 MB stored; 36.4 s; peak memory 240 MiB.
2026-10-10T08:04:21Z INFO [214/1000] 6ac85fed-782b-49ad-91e6-7fe488be4ca1: 269 arrays, 20944.9 MB stored; 103.0 s; peak memory 240 MiB.
2026-10-10T08:04:22Z INFO [215/1000] 6b13a3d9-5bb9-4d34-98fd-6e08fb2f3120: 1093 arrays, 12.4 MB stored; 6.6 s; peak memory 240 MiB.
2026-10-10T08:04:22Z INFO [216/1000] 6b145350-a401-4d56-a417-f26a34645a3f: 48 arrays, 83.9 MB stored; 1.2 s; peak memory 240 MiB.
2026-10-10T08:04:22Z INFO [217/1000] 6b13bed0-0b0c-4b9e-8d31-ff33e6838be5: 116 arrays, 0.3 MB stored; 1.3 s; peak memory 240 MiB.
2026-10-10T08:04:23Z INFO [218/1000] 6b146923-f862-491c-a636-21bcc94ace8a: 112 arrays, 0.2 MB stored; 1.2 s; peak memory 240 MiB.
2026-10-10T08:04:23Z INFO [219/1000] 6b14e4e3-9f78-456f-9466-621993efba9a: 61 arrays, 14.4 MB stored; 1.1 s; peak memory 240 MiB.
2026-10-10T08:04:24Z INFO [220/1000] 6b1463df-caf8-46a0-96e6-2c4821a85650: 80 arrays, 94.4 MB stored; 2.2 s; peak memory 240 MiB.
2026-10-10T08:04:26Z INFO [221/1000] 6b157461-8242-45eb-98f2-da897ef8f12e: 115 arrays, 186.8 MB stored; 2.7 s; peak memory 240 MiB.
2026-10-10T08:04:27Z INFO [222/1000] 6b171663-0c46-465a-9857-e344f09c889e: 71 arrays, 3.8 MB stored; 1.3 s; peak memory 240 MiB.
2026-10-10T08:04:28Z INFO [223/1000] 6b175d86-fbfd-4d3f-ba37-b3f4d9f4165b: 110 arrays, 0.2 MB stored; 1.1 s; peak memory 240 MiB.
2026-10-10T08:04:29Z INFO [224/1000] 6b16bc6b-e20e-45c6-8a42-93dfb9909433: 667 arrays, 18.7 MB stored; 4.8 s; peak memory 240 MiB.
2026-10-10T08:04:29Z INFO [225/1000] 6b1604db-f2ff-4d59-a897-ad27b744f1ec: 1346 arrays, 13.3 MB stored; 5.5 s; peak memory 240 MiB.
2026-10-10T08:04:30Z INFO [226/1000] 6b177826-a252-47d2-8bfe-52d20fbc6241: 63 arrays, 0.1 MB stored; 1.2 s; peak memory 240 MiB.
2026-10-10T08:04:30Z INFO [227/1000] 6b18b9cb-aeac-495a-ad35-ea81cd2561cc: 48 arrays, 83.9 MB stored; 1.0 s; peak memory 240 MiB.
2026-10-10T08:04:31Z INFO [228/1000] 6b194db0-fe55-441d-a3ef-736c0a2370b7: 53 arrays, 0.0 MB stored; 1.0 s; peak memory 240 MiB.
2026-10-10T08:04:31Z INFO [229/1000] 6b1a42e7-53ec-445c-ac7b-5a1ff0c4c635: 45 arrays, 0.0 MB stored; 1.0 s; peak memory 240 MiB.
2026-10-10T08:04:32Z INFO [230/1000] 6b1a532f-411e-4ab3-99bb-db1cef68f4e3: 71 arrays, 129.7 MB stored; 1.8 s; peak memory 240 MiB.
2026-10-10T08:04:34Z INFO [231/1000] 6b1afebc-677f-4c39-8c4e-7087daa90754: 110 arrays, 0.4 MB stored; 1.4 s; peak memory 240 MiB.
2026-10-10T08:04:35Z INFO [232/1000] 6b1b7389-c6d7-4421-bb0c-d59ec1411c63: 113 arrays, 0.7 MB stored; 1.4 s; peak memory 240 MiB.
2026-10-10T08:04:36Z INFO [233/1000] 6b1b8904-2abb-4c25-b5fa-dd2495138028: 118 arrays, 0.3 MB stored; 1.1 s; peak memory 240 MiB.
2026-10-10T08:04:37Z INFO [234/1000] 6b18621f-cc50-4c42-98e8-b8a8f57db9fb: 1231 arrays, 28.0 MB stored; 8.8 s; peak memory 240 MiB.
2026-10-10T08:04:40Z INFO [235/1000] 6b1c8dee-e357-46a6-9151-ee53467acd35: 113 arrays, 34.5 MB stored; 3.3 s; peak memory 240 MiB.
2026-10-10T08:04:40Z INFO [236/1000] 6b1ce9ce-6ab8-4c01-afe5-42ec292e8eaf: 80 arrays, 263.7 MB stored; 2.3 s; peak memory 240 MiB.
2026-10-10T08:04:40Z INFO [237/1000] 6b1add40-a6ae-4143-bacb-84f3ed9f5dec: 980 arrays, 47.6 MB stored; 9.5 s; peak memory 240 MiB.
2026-10-10T08:04:41Z INFO [238/1000] 6b1d150b-6256-4553-b055-eaa0c0fb26d4: 48 arrays, 83.9 MB stored; 1.2 s; peak memory 240 MiB.
2026-10-10T08:04:42Z INFO [239/1000] 6b1d8eea-174a-4dd4-bc41-688d8e60dfa0: 116 arrays, 0.7 MB stored; 1.5 s; peak memory 240 MiB.
2026-10-10T08:04:42Z INFO [240/1000] 6b1ec896-cacf-4d30-80da-41b88d9098c9: 118 arrays, 0.3 MB stored; 1.3 s; peak memory 240 MiB.
2026-10-10T08:04:43Z INFO [241/1000] 6b200d3e-4d52-4680-be94-90ffb2470e2e: 48 arrays, 83.9 MB stored; 1.3 s; peak memory 240 MiB.
2026-10-10T08:04:44Z INFO [242/1000] 6b20b0d2-ebc8-46c2-a5ef-bba75021b9eb: 66 arrays, 141.0 MB stored; 1.6 s; peak memory 240 MiB.
2026-10-10T08:04:44Z INFO [243/1000] 6b2125fb-2c47-43af-9715-bd4911ce776b: 114 arrays, 0.4 MB stored; 1.3 s; peak memory 240 MiB.
2026-10-10T08:04:45Z INFO [244/1000] 6b213f8b-30f9-4d8e-9b6a-d6afa013222a: 48 arrays, 83.9 MB stored; 1.1 s; peak memory 240 MiB.
2026-10-10T08:04:46Z INFO [245/1000] 6b22a717-0b8f-4901-b89b-28366afb4725: 50 arrays, 6.5 MB stored; 1.1 s; peak memory 240 MiB.
2026-10-10T08:04:46Z INFO [246/1000] 6b22c618-7c1e-445b-acb5-59b8dd21feab: 85 arrays, 2.8 MB stored; 1.4 s; peak memory 240 MiB.
2026-10-10T08:04:49Z INFO [247/1000] 6b233824-c87c-4f65-b3ad-c7901bb54da7: 156 arrays, 193.4 MB stored; 2.5 s; peak memory 240 MiB.
2026-10-10T08:04:50Z INFO [248/1000] 6b234fc0-cb86-4108-891d-dec8c4421f75: 57 arrays, 0.0 MB stored; 0.9 s; peak memory 240 MiB.
2026-10-10T08:04:51Z INFO [249/1000] 6b238a83-f98c-4013-97d4-2d9357d0725d: 114 arrays, 0.4 MB stored; 1.3 s; peak memory 240 MiB.
2026-10-10T08:04:51Z INFO [250/1000] 6b22dba8-bc11-401d-a638-76dfb5e1f78a: 770 arrays, 19.6 MB stored; 5.6 s; peak memory 240 MiB.
2026-10-10T08:04:52Z INFO [251/1000] 6b23a500-795e-4142-9e95-8ad555789b81: 112 arrays, 0.5 MB stored; 1.5 s; peak memory 240 MiB.
2026-10-10T08:04:53Z INFO [252/1000] 6b23e454-210a-41c2-b622-6c1f4f56c1b6: 110 arrays, 0.7 MB stored; 1.5 s; peak memory 240 MiB.
2026-10-10T08:04:54Z INFO [253/1000] 6b23fb22-0453-412d-baa1-6080cf57c5b6: 48 arrays, 83.9 MB stored; 1.2 s; peak memory 240 MiB.
2026-10-10T08:04:55Z INFO [254/1000] 6b24771d-0f11-4a14-aef0-398670f1043a: 48 arrays, 83.9 MB stored; 1.1 s; peak memory 240 MiB.
2026-10-10T08:04:56Z INFO [255/1000] 6b24dcc8-4e16-42bf-a761-70ed1160912a: 44 arrays, 0.0 MB stored; 0.9 s; peak memory 240 MiB.
2026-10-10T08:05:01Z INFO [256/1000] 6af2422c-1f7f-4f7c-8fa8-d9fd7456b90a: 167 arrays, 21225.0 MB stored; 98.0 s; peak memory 240 MiB.
2026-10-10T08:05:02Z INFO [257/1000] 6b258c43-b7d6-40de-872f-c609f59fb442: 48 arrays, 83.9 MB stored; 1.1 s; peak memory 240 MiB.
2026-10-10T08:05:03Z INFO [258/1000] 6b25c404-42fd-46fc-8e21-251e36124dca: 48 arrays, 83.9 MB stored; 1.1 s; peak memory 240 MiB.
2026-10-10T08:05:25Z INFO [259/1000] 6b23e8b4-7230-40ad-9f7e-d7812e1bb336: 55 arrays, 1812.9 MB stored; 33.0 s; peak memory 240 MiB.
2026-10-10T08:05:27Z INFO [260/1000] 6b26bb1e-e915-44be-8d0c-afd1b9659163: 116 arrays, 0.5 MB stored; 1.2 s; peak memory 240 MiB.
2026-10-10T08:05:28Z INFO [261/1000] 6b271bcf-a65e-42a9-ac6a-f6cc52ac5702: 114 arrays, 0.1 MB stored; 1.0 s; peak memory 240 MiB.
2026-10-10T08:05:29Z INFO [262/1000] 6b27226e-477f-446e-a2b5-98f251dd8e78: 48 arrays, 83.9 MB stored; 1.1 s; peak memory 240 MiB.
2026-10-10T08:05:31Z INFO [263/1000] 6b275de7-ad8f-477f-b8f3-1ecc0684ac68: 115 arrays, 190.1 MB stored; 2.0 s; peak memory 240 MiB.
2026-10-10T08:05:32Z INFO [264/1000] 6b278d2c-8e76-4498-92fe-98444ff9b51d: 71 arrays, 2.3 MB stored; 1.4 s; peak memory 240 MiB.
2026-10-10T08:05:34Z INFO [265/1000] 6b27ea7a-8e17-4bc1-bacf-0d23aa412cf3: 66 arrays, 60.4 MB stored; 1.4 s; peak memory 240 MiB.
2026-10-10T08:05:35Z INFO [266/1000] 6b29186b-753e-476b-b231-9daa97544788: 110 arrays, 0.5 MB stored; 1.2 s; peak memory 240 MiB.
2026-10-10T08:05:36Z INFO [267/1000] 6b29648d-8a7d-4679-a12b-dcb995fdb621: 83 arrays, 0.2 MB stored; 1.0 s; peak memory 240 MiB.
2026-10-10T08:05:37Z INFO [268/1000] 6b2aa642-b16a-47e8-bd0d-f9a8b1298fbf: 52 arrays, 0.0 MB stored; 0.9 s; peak memory 240 MiB.
2026-10-10T08:05:38Z INFO [269/1000] 6b2b003d-503f-436c-97e2-31b717ff58ce: 48 arrays, 83.9 MB stored; 1.2 s; peak memory 240 MiB.
2026-10-10T08:05:39Z INFO [270/1000] 6b2b357e-87bc-423b-a240-f80133ee3800: 48 arrays, 83.9 MB stored; 1.1 s; peak memory 240 MiB.
2026-10-10T08:05:40Z INFO [271/1000] 6b2c54cb-ab8a-489c-a825-ed29783cc8a8: 66 arrays, 71.8 MB stored; 1.6 s; peak memory 240 MiB.
2026-10-10T08:05:43Z INFO [272/1000] 6b2ca30f-4554-4795-80fd-35eb976c8b49: 353 arrays, 3.9 MB stored; 2.8 s; peak memory 240 MiB.
2026-10-10T08:05:45Z INFO [273/1000] 6b2d7d9b-e08a-4559-b902-4f5cab666566: 38 arrays, 25.7 MB stored; 1.8 s; peak memory 240 MiB.
2026-10-10T08:05:46Z INFO [274/1000] 6b2e23ef-02de-412f-b4a4-f6a31afc836e: 66 arrays, 17.7 MB stored; 1.4 s; peak memory 240 MiB.
2026-10-10T08:05:48Z INFO [275/1000] 6b2e99a0-e983-4441-9abe-a0137c0aabbf: 48 arrays, 83.9 MB stored; 1.1 s; peak memory 240 MiB.
2026-10-10T08:05:49Z INFO [276/1000] 6b2ef159-5e41-4af4-ab66-c79e20c4a277: 46 arrays, 0.2 MB stored; 1.0 s; peak memory 240 MiB.
2026-10-10T08:05:50Z INFO [277/1000] 6b2f9940-089b-4801-9cfd-a2a1e119694f: 71 arrays, 69.6 MB stored; 1.7 s; peak memory 240 MiB.
2026-10-10T08:05:51Z INFO [278/1000] 6b303803-6e0a-481e-a2f8-d0b151c06d78: 118 arrays, 0.4 MB stored; 1.2 s; peak memory 240 MiB.
2026-10-10T08:05:52Z INFO [279/1000] 6b0f2314-e6ab-40f3-af48-f22bdf90661c: 257 arrays, 23297.9 MB stored; 111.3 s; peak memory 240 MiB.
2026-10-10T08:05:53Z INFO [280/1000] 6b311762-f1d3-467f-ac1d-7b65e38d1beb: 116 arrays, 0.4 MB stored; 1.2 s; peak memory 240 MiB.
2026-10-10T08:05:53Z INFO [281/1000] 6b31508b-0879-47c8-a095-43e83c17af5a: 116 arrays, 0.3 MB stored; 1.2 s; peak memory 240 MiB.
2026-10-10T08:05:54Z INFO [282/1000] 6b3258c6-6781-4a56-82de-8d4644c916ed: 117 arrays, 0.4 MB stored; 1.3 s; peak memory 240 MiB.
2026-10-10T08:05:54Z INFO [283/1000] 6b3181ab-05c8-4b3f-8241-5b8f59e82954: 117 arrays, 0.5 MB stored; 1.6 s; peak memory 240 MiB.
2026-10-10T08:05:54Z INFO [284/1000] 6b13b853-6e33-4370-8ead-8baaabac2332: 167 arrays, 21217.4 MB stored; 99.1 s; peak memory 240 MiB.
2026-10-10T08:05:55Z INFO [285/1000] 6b32ea1d-fbe6-469e-9695-8b6e49014002: 72 arrays, 0.1 MB stored; 1.3 s; peak memory 240 MiB.
2026-10-10T08:05:57Z INFO [286/1000] 6b3334c8-30b3-46fa-a90e-a515d1875450: 116 arrays, 0.2 MB stored; 1.1 s; peak memory 240 MiB.
2026-10-10T08:05:57Z INFO [287/1000] 6b328d10-cde0-4272-a481-b86f0483b477: 1052 arrays, 5.7 MB stored; 3.3 s; peak memory 240 MiB.
2026-10-10T08:05:58Z INFO [288/1000] 6b3395cf-32b0-4cc3-98a5-b1fce5c34508: 114 arrays, 0.1 MB stored; 1.2 s; peak memory 240 MiB.
2026-10-10T08:05:58Z INFO [289/1000] 6b332af2-2786-4ae3-a9f7-531f0c51a240: 260 arrays, 38.2 MB stored; 3.6 s; peak memory 240 MiB.
2026-10-10T08:05:59Z INFO [290/1000] 6b33aa67-b345-49e6-b4e8-b309b7e414cb: 117 arrays, 0.5 MB stored; 1.4 s; peak memory 240 MiB.
2026-10-10T08:05:59Z INFO [291/1000] 6b355ab2-e4f1-4683-b54a-d3bcc7c62a1e: 117 arrays, 0.3 MB stored; 1.3 s; peak memory 240 MiB.
2026-10-10T08:06:00Z INFO [292/1000] 6b35aa11-83d3-4248-b00d-241120639e5e: 110 arrays, 1.1 MB stored; 1.5 s; peak memory 240 MiB.
2026-10-10T08:06:03Z INFO [293/1000] 6b3601e5-aea7-48be-8849-7917c36d4ea2: 174 arrays, 64.7 MB stored; 3.7 s; peak memory 240 MiB.
2026-10-10T08:06:05Z INFO [294/1000] 6b3621b8-8989-4a82-90b1-9406a7d27725: 118 arrays, 27.2 MB stored; 1.9 s; peak memory 240 MiB.
2026-10-10T08:06:06Z INFO [295/1000] 6b3621c4-c1c1-4d40-b26a-f88a417babed: 52 arrays, 0.0 MB stored; 0.9 s; peak memory 240 MiB.
2026-10-10T08:06:07Z INFO [296/1000] 6b365b1b-910c-4315-823e-8ca16ad6c209: 48 arrays, 83.9 MB stored; 1.0 s; peak memory 240 MiB.
2026-10-10T08:06:12Z INFO [297/1000] 6b353512-f41e-429a-b44d-19cd1d7492fa: 709 arrays, 2167.9 MB stored; 14.1 s; peak memory 240 MiB.
2026-10-10T08:06:13Z INFO [298/1000] 6b36c9b4-b7ab-41c6-97f3-178182b5d783: 46 arrays, 0.0 MB stored; 0.8 s; peak memory 240 MiB.
2026-10-10T08:06:14Z INFO [299/1000] 6b370cba-a0e2-46a0-a76c-b6e1599a6bed: 117 arrays, 0.3 MB stored; 1.2 s; peak memory 240 MiB.
2026-10-10T08:06:14Z INFO [300/1000] 6b36a510-4252-48a3-b86d-c499893ac4f2: 11477 arrays, 114.2 MB stored; 7.2 s; peak memory 240 MiB.
2026-10-10T08:06:15Z INFO [301/1000] 6b382751-865c-4818-aec1-960bed990545: 48 arrays, 83.9 MB stored; 1.1 s; peak memory 240 MiB.
2026-10-10T08:06:16Z INFO [302/1000] 6b3871cd-bec7-43d8-a994-04aa5745b2f4: 48 arrays, 83.9 MB stored; 1.1 s; peak memory 240 MiB.
2026-10-10T08:06:18Z INFO [303/1000] 6b389973-660a-408f-8c68-1dc71f5a3b8e: 115 arrays, 190.1 MB stored; 2.1 s; peak memory 240 MiB.
2026-10-10T08:06:19Z INFO [304/1000] 6b393406-c311-40a8-a514-20352212e351: 46 arrays, 3.6 MB stored; 1.1 s; peak memory 240 MiB.
2026-10-10T08:06:21Z INFO [305/1000] 6b39461f-bc09-4bf6-89c4-2bfe535c8e1a: 57 arrays, 28.8 MB stored; 1.3 s; peak memory 240 MiB.
2026-10-10T08:06:25Z INFO [306/1000] 6b37a3ad-0ed7-44d5-9547-c27242da80f6: 44 arrays, 10722.7 MB stored; 10.7 s; peak memory 240 MiB.
2026-10-10T08:06:25Z INFO [307/1000] 6b39b5e5-eba6-40f3-bdd4-6c050066b0ae: 538 arrays, 8.2 MB stored; 4.6 s; peak memory 240 MiB.
2026-10-10T08:06:26Z INFO [308/1000] 6b3a5143-ad3b-4ffa-961f-19056cc645fe: 52 arrays, 9.4 MB stored; 1.1 s; peak memory 240 MiB.
2026-10-10T08:06:27Z INFO [309/1000] 6b3a8ec3-691c-4fe9-991e-5a82b6564fc0: 48 arrays, 83.9 MB stored; 1.1 s; peak memory 240 MiB.
2026-10-10T08:06:28Z INFO [310/1000] 6b3a9c4b-fb8f-49ba-8daa-e459ccf19655: 69 arrays, 29.6 MB stored; 1.5 s; peak memory 240 MiB.
2026-10-10T08:06:30Z INFO [311/1000] 6b3ae75c-e6bc-402e-a76a-b571796502fb: 112 arrays, 0.0 MB stored; 1.1 s; peak memory 240 MiB.
2026-10-10T08:06:34Z INFO [312/1000] 6b3a61cd-3ea6-49fd-9e36-e80a1b9bce43: 1034 arrays, 44.1 MB stored; 8.4 s; peak memory 240 MiB.
2026-10-10T08:06:35Z INFO [313/1000] 6b3b32aa-8d67-49b9-a9eb-59bef64261e5: 112 arrays, 0.8 MB stored; 1.4 s; peak memory 240 MiB.
2026-10-10T08:06:39Z INFO [314/1000] 6b25eda2-2739-46df-9364-dbbcd73ba7f6: 250 arrays, 20726.5 MB stored; 95.7 s; peak memory 240 MiB.
2026-10-10T08:06:39Z INFO [315/1000] 6b3b5380-21f2-4671-b1fc-0a20cf979ce9: 424 arrays, 10.8 MB stored; 4.1 s; peak memory 240 MiB.
2026-10-10T08:06:40Z INFO [316/1000] 6b3bf5b9-7d48-442d-8e39-f27962b0baf9: 112 arrays, 0.4 MB stored; 1.2 s; peak memory 240 MiB.
2026-10-10T08:06:41Z INFO [317/1000] 6b3c9610-e486-479c-9608-e83c80c35e8f: 46 arrays, 0.1 MB stored; 0.9 s; peak memory 240 MiB.
2026-10-10T08:06:42Z INFO [318/1000] 6b3ca086-41d0-428a-8dc6-7de4fc5170bb: 117 arrays, 0.5 MB stored; 1.2 s; peak memory 240 MiB.
2026-10-10T08:06:43Z INFO [319/1000] 6b3cd3b1-c169-4ef1-a26a-2cf293e1631e: 117 arrays, 0.4 MB stored; 1.1 s; peak memory 240 MiB.
2026-10-10T08:06:45Z INFO [320/1000] 6afd158c-6d26-4a1f-9e8c-e7a478a2b6f3: 472 arrays, 43649.5 MB stored; 188.9 s; peak memory 240 MiB.
2026-10-10T08:06:46Z INFO [321/1000] 6b3e2858-4611-43f5-9723-44900d91a8e9: 48 arrays, 83.9 MB stored; 1.0 s; peak memory 240 MiB.
2026-10-10T08:06:47Z INFO [322/1000] 6b3e5c66-c62c-4940-bcbe-55cc82d2ae12: 116 arrays, 9.7 MB stored; 1.2 s; peak memory 240 MiB.
2026-10-10T08:06:47Z INFO [323/1000] 6b023df1-aa0f-476c-ab21-1a9e58c49f51: 264 arrays, 39384.7 MB stored; 184.0 s; peak memory 240 MiB.
2026-10-10T08:06:48Z INFO [324/1000] 6b3eed8b-71ef-4b7a-ad08-e70a38b0c956: 57 arrays, 0.0 MB stored; 1.1 s; peak memory 240 MiB.
2026-10-10T08:06:49Z INFO [325/1000] 6b3f914d-4e1a-4efa-9c09-1799a65a12a7: 72 arrays, 0.0 MB stored; 1.2 s; peak memory 240 MiB.
2026-10-10T08:06:49Z INFO [326/1000] 6b3dabeb-da68-45dd-9b3f-b7a88c1bcde0: 49 arrays, 5342.2 MB stored; 5.7 s; peak memory 240 MiB.
2026-10-10T08:06:50Z INFO [327/1000] 6b405934-b9cd-4551-8ffe-a814aa9d038e: 112 arrays, 0.5 MB stored; 1.3 s; peak memory 240 MiB.
2026-10-10T08:06:51Z INFO [328/1000] 6b407447-69ac-459f-bb77-142a87d8d11a: 66 arrays, 53.9 MB stored; 1.4 s; peak memory 240 MiB.
2026-10-10T08:06:52Z INFO [329/1000] 6b3fd65f-b126-4010-8c6b-e1afadf2db87: 200 arrays, 217.5 MB stored; 4.0 s; peak memory 240 MiB.
2026-10-10T08:06:52Z INFO [330/1000] 6b4170b9-cbca-45b8-9672-03c1b1cf6465: 48 arrays, 83.9 MB stored; 1.1 s; peak memory 240 MiB.
2026-10-10T08:06:54Z INFO [331/1000] 6b42d6b9-5945-4000-9192-5bbc1ba30698: 59 arrays, 117.2 MB stored; 1.4 s; peak memory 240 MiB.
2026-10-10T08:06:54Z INFO [332/1000] 6b432286-8c4e-4b1b-be9c-fb5c8b657ed8: 76 arrays, 74.1 MB stored; 1.6 s; peak memory 240 MiB.
2026-10-10T08:06:56Z INFO [333/1000] 6b405af9-48d7-4b7e-8a4c-1a0a93f37d76: 396 arrays, 24.0 MB stored; 6.8 s; peak memory 240 MiB.
2026-10-10T08:06:57Z INFO [334/1000] 6b43a2b3-3ae5-4cce-a2a5-4fa35354412a: 48 arrays, 83.9 MB stored; 1.1 s; peak memory 240 MiB.
2026-10-10T08:06:59Z INFO [335/1000] 6b43868a-4276-49cc-bbe6-7d7dcde6755c: 538 arrays, 8.4 MB stored; 4.8 s; peak memory 240 MiB.
2026-10-10T08:07:00Z INFO [336/1000] 6b440cc1-4a1b-4a1f-8254-e89ed4d9429e: 48 arrays, 83.9 MB stored; 1.1 s; peak memory 240 MiB.
2026-10-10T08:07:01Z INFO [337/1000] 6b4337d5-ef5a-44d1-8f3e-16aa083a20e9: 49 arrays, 5814.9 MB stored; 7.0 s; peak memory 240 MiB.
2026-10-10T08:07:01Z INFO [338/1000] 6b44a5de-5e9c-476f-9dab-735b7f82d973: 48 arrays, 83.9 MB stored; 1.1 s; peak memory 240 MiB.
2026-10-10T08:07:02Z INFO [339/1000] 6b4513bb-e221-464b-80b3-2335254ae96e: 37 arrays, 0.0 MB stored; 1.1 s; peak memory 240 MiB.
2026-10-10T08:07:02Z INFO [340/1000] 6b4521db-c7d5-499e-a810-ca02dec4064b: 48 arrays, 83.9 MB stored; 1.0 s; peak memory 240 MiB.
2026-10-10T08:07:03Z INFO [341/1000] 6b43dbc6-52c1-4149-94c5-3c15186c7e43: 630 arrays, 21.5 MB stored; 5.7 s; peak memory 240 MiB.
2026-10-10T08:07:03Z INFO [342/1000] 6b45cb86-e8f8-420d-9c81-fb87484e62f0: 61 arrays, 25.1 MB stored; 1.4 s; peak memory 240 MiB.
2026-10-10T08:07:03Z INFO [343/1000] 6b45d431-011b-42ae-8d55-26b28c54585c: 70 arrays, 25.8 MB stored; 1.3 s; peak memory 240 MiB.
2026-10-10T08:07:04Z INFO [344/1000] 6b463cda-95d7-4e93-85b9-9291eafe9cde: 112 arrays, 0.5 MB stored; 1.3 s; peak memory 240 MiB.
2026-10-10T08:07:04Z INFO [345/1000] 6b464bde-85ac-4375-8b6f-a3d880fe3c5c: 60 arrays, 0.8 MB stored; 1.0 s; peak memory 240 MiB.
2026-10-10T08:07:04Z INFO [346/1000] 6b4706ee-f7f1-49ae-a2f0-21724ee47aaa: 48 arrays, 83.9 MB stored; 1.1 s; peak memory 240 MiB.
2026-10-10T08:07:05Z INFO [347/1000] 6b470a9b-7529-467b-867d-2ac1936aeee7: 118 arrays, 0.4 MB stored; 1.1 s; peak memory 240 MiB.
2026-10-10T08:07:06Z INFO [348/1000] 6b4712f6-1587-4915-9642-74ef217285fb: 101 arrays, 14.5 MB stored; 1.7 s; peak memory 240 MiB.
2026-10-10T08:07:06Z INFO [349/1000] 6b4797f9-484d-4794-87fb-da7c6acdd6ee: 72 arrays, 0.4 MB stored; 1.1 s; peak memory 240 MiB.
2026-10-10T08:07:07Z INFO [350/1000] 6b47d8df-8195-43f8-9afa-c2498ba9ff5b: 48 arrays, 83.9 MB stored; 1.1 s; peak memory 240 MiB.
2026-10-10T08:07:08Z INFO [351/1000] 6b489b15-bdb3-4210-a3dd-d98950387e82: 48 arrays, 83.9 MB stored; 1.0 s; peak memory 240 MiB.
2026-10-10T08:07:09Z INFO [352/1000] 6b48abf4-8ce0-4287-a592-19ca8bc7e532: 37 arrays, 3.0 MB stored; 1.0 s; peak memory 240 MiB.
2026-10-10T08:07:10Z INFO [353/1000] 6b48c5fd-0408-4ddb-947f-4c8ddabfb337: 38 arrays, 0.5 MB stored; 1.0 s; peak memory 240 MiB.
2026-10-10T08:07:11Z INFO [354/1000] 6b49b768-d293-48d6-a4a9-061440b0cf8a: 48 arrays, 83.9 MB stored; 1.1 s; peak memory 240 MiB.
2026-10-10T08:07:12Z INFO [355/1000] 6b47185d-14c4-4520-9360-1ee4650a6854: 1176 arrays, 23.4 MB stored; 7.9 s; peak memory 240 MiB.
2026-10-10T08:07:13Z INFO [356/1000] 6b4a79a2-8f52-43ac-b79a-a3ca68010390: 112 arrays, 0.8 MB stored; 1.4 s; peak memory 240 MiB.
2026-10-10T08:07:14Z INFO [357/1000] 6b4aad39-3a27-4eaa-9312-c4710d181bf0: 117 arrays, 0.4 MB stored; 1.2 s; peak memory 240 MiB.
2026-10-10T08:07:14Z INFO [358/1000] 6b4afc65-9bcc-4172-86c9-05c97ba689d4: 289 arrays, 17.2 MB stored; 1.5 s; peak memory 240 MiB.
2026-10-10T08:07:15Z INFO [359/1000] 6b4b7763-4d15-4372-b035-42c7c9e4a44a: 48 arrays, 83.9 MB stored; 1.1 s; peak memory 240 MiB.
2026-10-10T08:07:15Z INFO [360/1000] 6b482904-dc05-4052-9c87-21e196cf8b55: 44 arrays, 10231.7 MB stored; 8.5 s; peak memory 240 MiB.
2026-10-10T08:07:16Z INFO [361/1000] 6b4c056d-d695-4cdf-9f2c-0efea0da92f0: 48 arrays, 83.9 MB stored; 1.2 s; peak memory 240 MiB.
2026-10-10T08:07:16Z INFO [362/1000] 6b4d1b23-d93c-4553-9a4f-5f6980f194a6: 121 arrays, 0.1 MB stored; 1.1 s; peak memory 240 MiB.
2026-10-10T08:07:17Z INFO [363/1000] 6b4d44f0-8442-428d-976b-e05736b7da9e: 117 arrays, 0.3 MB stored; 1.3 s; peak memory 240 MiB.
2026-10-10T08:07:17Z INFO [364/1000] 6b4d3e19-4878-4be0-8468-5a231a7e97bb: 76 arrays, 73.6 MB stored; 1.6 s; peak memory 240 MiB.
2026-10-10T08:07:19Z INFO [365/1000] 6b4e7bf2-897b-45c1-b90b-ba7017e9e580: 118 arrays, 0.4 MB stored; 1.3 s; peak memory 240 MiB.
2026-10-10T08:07:19Z INFO [366/1000] 6b4da7c2-eb2d-459c-8d7e-cc1972ac5a8c: 118 arrays, 67.1 MB stored; 2.2 s; peak memory 240 MiB.
2026-10-10T08:07:23Z INFO [367/1000] 6b4bec42-1eb5-4238-8669-2a45c42bd5d4: 687 arrays, 25.3 MB stored; 8.6 s; peak memory 240 MiB.
2026-10-10T08:07:23Z INFO [368/1000] 6b4fe683-51f4-4d9e-807d-a56c6a4e1150: 229 arrays, 244.6 MB stored; 3.6 s; peak memory 240 MiB.
2026-10-10T08:07:24Z INFO [369/1000] 6b505b74-1468-4794-bdbb-e6a205a02806: 48 arrays, 83.9 MB stored; 1.2 s; peak memory 240 MiB.
2026-10-10T08:07:27Z INFO [370/1000] 6b51a4fe-0be6-4b49-956d-f6c6d20357d4: 251 arrays, 33.7 MB stored; 3.1 s; peak memory 240 MiB.
2026-10-10T08:07:27Z INFO [371/1000] 6b5194a9-b75d-42fd-8b18-bda4ad367bd4: 508 arrays, 7.5 MB stored; 4.1 s; peak memory 240 MiB.
2026-10-10T08:07:27Z INFO [372/1000] 6b3b0e01-4325-474f-9553-08b0f190f486: 49 arrays, 5115.2 MB stored; 57.8 s; peak memory 240 MiB.
2026-10-10T08:07:28Z INFO [373/1000] 6b51bb68-e9fe-4c18-9fd6-ee6839177098: 118 arrays, 0.3 MB stored; 1.3 s; peak memory 240 MiB.
2026-10-10T08:07:29Z INFO [374/1000] 6b51bffc-17b4-496a-b8a8-66477d95fb2b: 194 arrays, 0.8 MB stored; 1.6 s; peak memory 240 MiB.
2026-10-10T08:07:29Z INFO [375/1000] 6b5220ed-a3e8-48e7-8b90-d7883f93a2b2: 131 arrays, 122239.4 MB stored; 1.7 s; peak memory 240 MiB.
2026-10-10T08:07:29Z INFO [376/1000] 6b529f94-de89-4bd8-af88-45a489d99b25: 38 arrays, 0.5 MB stored; 1.1 s; peak memory 240 MiB.
2026-10-10T08:07:30Z INFO [377/1000] 6b52e4ab-27e0-4636-8e8a-1197b260ee79: 119 arrays, 66.4 MB stored; 1.7 s; peak memory 240 MiB.
2026-10-10T08:07:30Z INFO [378/1000] 6b53bc60-33b2-42b9-81c4-d92272c3baa0: 48 arrays, 83.9 MB stored; 1.1 s; peak memory 240 MiB.
2026-10-10T08:07:30Z INFO [379/1000] 6b539367-20b9-4d5b-812f-dfa087c9e10c: 112 arrays, 0.4 MB stored; 1.3 s; peak memory 240 MiB.
2026-10-10T08:07:32Z INFO [380/1000] 6b558295-9da8-4487-afa0-bd6b3ca1604a: 117 arrays, 0.2 MB stored; 1.3 s; peak memory 240 MiB.
2026-10-10T08:07:32Z INFO [381/1000] 6b55f27b-fdd2-487c-9a9d-652e24e53001: 57 arrays, 0.0 MB stored; 1.3 s; peak memory 240 MiB.
2026-10-10T08:07:32Z INFO [382/1000] 6b5589b4-d378-4874-8b41-73160ce0224a: 117 arrays, 0.3 MB stored; 1.6 s; peak memory 240 MiB.
2026-10-10T08:07:33Z INFO [383/1000] 6b56833d-06ec-4873-88f1-7b3a789dc511: 118 arrays, 0.4 MB stored; 1.2 s; peak memory 240 MiB.
2026-10-10T08:07:33Z INFO [384/1000] 6b5797e7-5374-4cfc-bbaa-bbf14f992a5b: 48 arrays, 83.9 MB stored; 1.2 s; peak memory 240 MiB.
2026-10-10T08:07:33Z INFO [385/1000] 6b57dacb-609b-4bc9-b98b-38fb7b591bd7: 48 arrays, 83.9 MB stored; 1.2 s; peak memory 240 MiB.
2026-10-10T08:07:34Z INFO [386/1000] 6b57dd62-7751-458b-b3cf-87c654b76a42: 69 arrays, 1.3 MB stored; 1.5 s; peak memory 240 MiB.
2026-10-10T08:07:35Z INFO [387/1000] 6b58df7d-916e-4862-9f37-66f58cc9f931: 46 arrays, 0.1 MB stored; 0.9 s; peak memory 240 MiB.
2026-10-10T08:07:36Z INFO [388/1000] 6b5895a7-f2d8-406d-a143-f3a05769726f: 156 arrays, 193.4 MB stored; 2.4 s; peak memory 240 MiB.
2026-10-10T08:07:36Z INFO [389/1000] 6b591f60-564c-40da-b631-b8571af47cf8: 84 arrays, 0.2 MB stored; 1.2 s; peak memory 240 MiB.
2026-10-10T08:07:37Z INFO [390/1000] 6b5960a0-7f7e-4c8e-b9cb-9c0755d1b9ed: 48 arrays, 83.9 MB stored; 1.2 s; peak memory 240 MiB.
2026-10-10T08:07:38Z INFO [391/1000] 6b59eeb0-5326-406a-baf4-b9abb550bc8e: 110 arrays, 1.0 MB stored; 1.5 s; peak memory 240 MiB.
2026-10-10T08:07:38Z INFO [392/1000] 6b5ae1be-d066-4ec4-b3b8-686631f90fab: 59 arrays, 230.7 MB stored; 1.3 s; peak memory 240 MiB.
2026-10-10T08:07:39Z INFO [393/1000] 6b5b005e-f6e4-4347-b221-6aa54962916d: 59 arrays, 242.4 MB stored; 1.3 s; peak memory 240 MiB.
2026-10-10T08:07:41Z INFO [394/1000] 6b5befdb-fff5-47c5-b419-41eed1318251: 71 arrays, 143.4 MB stored; 1.8 s; peak memory 240 MiB.
2026-10-10T08:07:43Z INFO [395/1000] 6b5be40a-9a3d-47e7-9150-70686f85fd5d: 56 arrays, 155.8 MB stored; 5.1 s; peak memory 240 MiB.
2026-10-10T08:07:44Z INFO [396/1000] 6b5c2bb7-db21-4dda-ab15-f1a73d16febf: 117 arrays, 0.2 MB stored; 1.1 s; peak memory 240 MiB.
2026-10-10T08:07:45Z INFO [397/1000] 6b360c94-bd64-4a34-be57-358cd54750b7: 107 arrays, 1929.5 MB stored; 105.0 s; peak memory 240 MiB.
2026-10-10T08:07:45Z INFO [398/1000] 6b5ceb38-bd9f-428f-8450-b421ad20ee2f: 48 arrays, 83.9 MB stored; 1.1 s; peak memory 240 MiB.
2026-10-10T08:07:46Z INFO [399/1000] 6b5bf411-4675-4309-81e2-d9c03884271a: 200 arrays, 613.5 MB stored; 4.7 s; peak memory 240 MiB.
2026-10-10T08:07:47Z INFO [400/1000] 6b5cf9d7-6b84-4258-bac4-74d22889bbb2: 85 arrays, 5.8 MB stored; 1.6 s; peak memory 240 MiB.
2026-10-10T08:07:48Z INFO [400/1000] 6b5cf9d7-6b84-4258-bac4-74d22889bbb2: checkpointed 400 new records.
2026-10-10T08:07:48Z INFO [401/1000] 6b5d898e-7168-4f80-a32d-c3d287bb5f31: 112 arrays, 0.5 MB stored; 1.4 s; peak memory 326 MiB.
2026-10-10T08:07:48Z INFO [402/1000] 6b5db24a-eb00-4ed4-b50e-5a6e4352006f: 117 arrays, 0.3 MB stored; 1.3 s; peak memory 326 MiB.
2026-10-10T08:07:48Z INFO [403/1000] 6b5dda16-b421-47cf-a211-fad10f7dd283: 52 arrays, 12.0 MB stored; 1.2 s; peak memory 326 MiB.
2026-10-10T08:07:49Z INFO [404/1000] 6b5ddfc7-0223-416c-99b4-c1d16a476612: 46 arrays, 0.0 MB stored; 1.0 s; peak memory 326 MiB.
2026-10-10T08:07:49Z INFO [405/1000] 6b5d4cd9-2276-431d-bd87-ef4c2d0647fd: 174 arrays, 49.3 MB stored; 3.8 s; peak memory 326 MiB.
2026-10-10T08:07:49Z INFO [406/1000] 6b5e2a06-4c54-46f7-9745-cce83a2080ca: 52 arrays, 11.2 MB stored; 1.1 s; peak memory 326 MiB.
2026-10-10T08:07:50Z INFO [407/1000] 6b5e4e67-04f9-4db4-a613-069743a1bb2c: 110 arrays, 0.4 MB stored; 1.3 s; peak memory 326 MiB.
2026-10-10T08:07:51Z INFO [408/1000] 6b5e7034-1312-4192-8c49-fca5516f71e8: 117 arrays, 0.3 MB stored; 1.2 s; peak memory 326 MiB.
2026-10-10T08:07:51Z INFO [409/1000] 6b5e540b-ffd1-4429-8b83-9f5de2d2d7c1: 112 arrays, 0.7 MB stored; 1.7 s; peak memory 326 MiB.
2026-10-10T08:07:52Z INFO [410/1000] 6b5ee055-6d01-4c76-935a-e1b33ff5df6b: 52 arrays, 12.2 MB stored; 1.2 s; peak memory 326 MiB.
2026-10-10T08:07:52Z INFO [411/1000] 6b5ff914-3181-4679-9972-c6e433883d90: 115 arrays, 0.3 MB stored; 1.2 s; peak memory 326 MiB.
2026-10-10T08:07:52Z INFO [412/1000] 6b6080b7-8887-46de-a72e-a30624be521f: 71 arrays, 35.0 MB stored; 1.5 s; peak memory 326 MiB.
2026-10-10T08:07:53Z INFO [413/1000] 6b60a00c-e3b7-4b79-a1ea-e2cc23739ed4: 48 arrays, 83.9 MB stored; 1.2 s; peak memory 326 MiB.
2026-10-10T08:07:54Z INFO [414/1000] 6b61132f-0a38-48c8-b654-1ddbc90c8ee9: 118 arrays, 0.4 MB stored; 1.2 s; peak memory 326 MiB.
2026-10-10T08:07:55Z INFO [415/1000] 6b61a459-3a2d-4afd-adb5-6994c740fe64: 117 arrays, 0.2 MB stored; 1.2 s; peak memory 326 MiB.
2026-10-10T08:07:56Z INFO [416/1000] 6b6114da-2fdd-4bb5-8328-bb8230a243f9: 60 arrays, 51.9 MB stored; 2.8 s; peak memory 326 MiB.
2026-10-10T08:07:56Z INFO [417/1000] 6b61ac1a-73ed-4b4b-ae9d-4845b2f9417a: 38 arrays, 25.5 MB stored; 1.7 s; peak memory 326 MiB.
2026-10-10T08:07:57Z INFO [418/1000] 6b61d4bb-e129-4288-9ba7-51cbb465863e: 48 arrays, 83.9 MB stored; 1.1 s; peak memory 326 MiB.
2026-10-10T08:07:58Z INFO [419/1000] 6b6228d2-6785-4806-8c32-fb2c9103f622: 46 arrays, 3185.9 MB stored; 1.3 s; peak memory 326 MiB.
2026-10-10T08:08:01Z INFO [420/1000] 6b62e2e4-d253-4f56-818f-37cfcbe3dba1: 538 arrays, 7.7 MB stored; 4.3 s; peak memory 326 MiB.
2026-10-10T08:08:01Z INFO [421/1000] 6b62ff83-beba-4bd7-93f3-cc897f584aa1: 285 arrays, 610.4 MB stored; 3.5 s; peak memory 326 MiB.
2026-10-10T08:08:02Z INFO [422/1000] 6b63d61d-77bf-43b1-b778-e6f2ece8cc48: 48 arrays, 83.9 MB stored; 1.1 s; peak memory 326 MiB.
2026-10-10T08:08:04Z INFO [423/1000] 6b63f90d-6056-4d6a-bb1f-b1eaf3545a3d: 158 arrays, 1.2 MB stored; 1.7 s; peak memory 326 MiB.
2026-10-10T08:08:05Z INFO [424/1000] 6b63513a-43dd-4f29-87e0-9a99db62910c: 564 arrays, 6.8 MB stored; 3.6 s; peak memory 326 MiB.
2026-10-10T08:08:05Z INFO [425/1000] 6b63f9aa-ca74-47d5-8728-c9e36bd6d07c: 69 arrays, 38.1 MB stored; 1.2 s; peak memory 326 MiB.
2026-10-10T08:08:06Z INFO [426/1000] 6b6420e1-5d34-453c-b2f1-98802dc0f744: 112 arrays, 0.4 MB stored; 1.3 s; peak memory 326 MiB.
2026-10-10T08:08:06Z INFO [427/1000] 6b647553-9723-40fc-b3f4-82dc94f3713e: 48 arrays, 83.9 MB stored; 1.0 s; peak memory 326 MiB.
2026-10-10T08:08:07Z INFO [428/1000] 6b650b7a-a16c-4214-9e17-929005fe3b35: 48 arrays, 83.9 MB stored; 1.1 s; peak memory 326 MiB.
2026-10-10T08:08:07Z INFO [429/1000] 6b6496b4-20e5-484c-b366-bf0d37097328: 112 arrays, 0.7 MB stored; 1.5 s; peak memory 326 MiB.
2026-10-10T08:08:09Z INFO [430/1000] 6b66188b-e991-4cff-b941-5e64dda22216: 49 arrays, 16.5 MB stored; 1.3 s; peak memory 326 MiB.
2026-10-10T08:08:10Z INFO [431/1000] 6b6671b0-2826-4a77-bd48-d17f5c0e2eae: 116 arrays, 0.3 MB stored; 1.2 s; peak memory 326 MiB.
2026-10-10T08:08:11Z INFO [432/1000] 6b66e069-f9ff-40d5-9d25-bf58ea4309b6: 48 arrays, 83.9 MB stored; 1.0 s; peak memory 326 MiB.
2026-10-10T08:08:13Z INFO [433/1000] 6b676738-297a-4be2-8462-8ac0621507f2: 156 arrays, 193.5 MB stored; 2.3 s; peak memory 326 MiB.
2026-10-10T08:08:14Z INFO [434/1000] 6b68480a-de8a-4d6f-abba-643f8922ac7b: 45 arrays, 0.0 MB stored; 1.0 s; peak memory 326 MiB.
2026-10-10T08:08:16Z INFO [435/1000] 6b688288-5c4b-4db4-aa36-001aa3593dcf: 53 arrays, 9.2 MB stored; 1.7 s; peak memory 326 MiB.
2026-10-10T08:08:17Z INFO [436/1000] 6b65dc8e-7467-4f7a-aab4-091215e8d0b5: 407 arrays, 29.6 MB stored; 9.5 s; peak memory 326 MiB.
2026-10-10T08:08:17Z INFO [437/1000] 6b68d7a1-f273-4dd7-b7c5-aa18f359d6fc: 48 arrays, 83.9 MB stored; 1.1 s; peak memory 326 MiB.
2026-10-10T08:08:18Z INFO [438/1000] 6b69bb91-4173-4e83-9771-3cd37a2a26c6: 48 arrays, 83.9 MB stored; 1.2 s; peak memory 326 MiB.
2026-10-10T08:08:19Z INFO [439/1000] 6b6b1657-0eee-43bc-9a52-ea084797c86d: 117 arrays, 0.4 MB stored; 1.2 s; peak memory 326 MiB.
2026-10-10T08:08:19Z INFO [440/1000] 6b6a2635-cb33-46ad-9067-c12af216305f: 156 arrays, 193.5 MB stored; 2.6 s; peak memory 326 MiB.
2026-10-10T08:08:20Z INFO [441/1000] 6b6b2100-d751-4adc-bedd-b03bb5791427: 39 arrays, 4.3 MB stored; 1.2 s; peak memory 326 MiB.
2026-10-10T08:08:21Z INFO [442/1000] 6b6c492f-b19a-40d5-a703-02422bef8896: 48 arrays, 83.9 MB stored; 1.2 s; peak memory 326 MiB.
2026-10-10T08:08:22Z INFO [443/1000] 6b6cbb12-2da6-4ffe-9386-7ed039152695: 46 arrays, 0.2 MB stored; 0.9 s; peak memory 326 MiB.
2026-10-10T08:08:23Z INFO [444/1000] 6b6d2e3b-0e53-4470-b4d7-b8c15182cf92: 48 arrays, 83.9 MB stored; 1.1 s; peak memory 326 MiB.
2026-10-10T08:08:24Z INFO [445/1000] 6b6d9bb5-e92b-43b7-a7c9-3d4e503c0b3f: 116 arrays, 9.8 MB stored; 1.2 s; peak memory 326 MiB.
2026-10-10T08:08:25Z INFO [446/1000] 6b6e2591-4395-4aca-884a-005df67524b6: 118 arrays, 0.7 MB stored; 1.4 s; peak memory 326 MiB.
2026-10-10T08:08:26Z INFO [447/1000] 6b6f49bb-f1d2-4d17-bdcf-53e796c1e34d: 56 arrays, 0.0 MB stored; 0.9 s; peak memory 326 MiB.
2026-10-10T08:08:28Z INFO [448/1000] 6b6c5335-807c-4acc-9cbe-92529ae0381a: 1213 arrays, 36.9 MB stored; 7.2 s; peak memory 326 MiB.
2026-10-10T08:08:28Z INFO [449/1000] 6b6f7574-2f01-4583-8125-8b3a1709cb74: 114 arrays, 186.8 MB stored; 2.2 s; peak memory 326 MiB.
2026-10-10T08:08:29Z INFO [450/1000] 6b6fc787-a7b8-4931-89d6-b470957af09b: 63 arrays, 0.1 MB stored; 1.1 s; peak memory 326 MiB.
2026-10-10T08:08:30Z INFO [451/1000] 6b709994-52e3-4f8c-898b-7813fd971607: 49 arrays, 7.6 MB stored; 1.2 s; peak memory 326 MiB.
2026-10-10T08:08:30Z INFO [452/1000] 6b70c49c-6df6-4f86-8f1d-08f87af826dc: 62 arrays, 4066.0 MB stored; 1.3 s; peak memory 326 MiB.
2026-10-10T08:08:31Z INFO [453/1000] 6b70fb59-b311-4deb-b746-16cd4fb9b839: 112 arrays, 0.5 MB stored; 1.4 s; peak memory 326 MiB.
2026-10-10T08:08:32Z INFO [454/1000] 6b7231de-e0c5-4a69-8644-e795c12b6567: 48 arrays, 83.9 MB stored; 1.0 s; peak memory 326 MiB.
2026-10-10T08:08:35Z INFO [455/1000] 6b72749d-aebd-4a83-8095-0ea127020616: 514 arrays, 8.1 MB stored; 3.2 s; peak memory 326 MiB.
2026-10-10T08:08:37Z INFO [456/1000] 6b729e96-4c10-4477-bd13-d7a7c347d160: 38 arrays, 33.9 MB stored; 1.8 s; peak memory 326 MiB.
2026-10-10T08:08:38Z INFO [457/1000] 6b730503-1b6a-4cfb-8047-1d23213e7887: 46 arrays, 0.9 MB stored; 1.2 s; peak memory 326 MiB.
2026-10-10T08:08:39Z INFO [458/1000] 6b730942-ddad-47c7-ae5e-17c8ddeadc01: 48 arrays, 83.9 MB stored; 1.1 s; peak memory 326 MiB.
2026-10-10T08:08:40Z INFO [459/1000] 6b73ae82-05dd-45c5-a83a-2d015c2c2fc0: 48 arrays, 83.9 MB stored; 1.1 s; peak memory 326 MiB.
2026-10-10T08:08:45Z INFO [460/1000] 6b741504-0cb0-435e-b96d-36f021c96433: 56 arrays, 83.8 MB stored; 4.9 s; peak memory 326 MiB.
2026-10-10T08:08:47Z INFO [461/1000] 6b7482d9-7dd2-471a-9170-63b16080c6d9: 117 arrays, 24.9 MB stored; 1.8 s; peak memory 326 MiB.
2026-10-10T08:08:49Z INFO [462/1000] 6b7502c9-9f6c-4d54-9148-c8d2a783a3c9: 112 arrays, 0.4 MB stored; 1.3 s; peak memory 326 MiB.
2026-10-10T08:08:50Z INFO [463/1000] 6b75c83b-305d-4607-bb0f-bf09185801e2: 48 arrays, 83.9 MB stored; 1.1 s; peak memory 326 MiB.
2026-10-10T08:08:51Z INFO [464/1000] 6b7643e8-838b-432c-b040-a3bb23583974: 48 arrays, 83.9 MB stored; 1.1 s; peak memory 326 MiB.
2026-10-10T08:08:52Z INFO [465/1000] 6b766d44-192e-46b0-9a29-53ebc2bf835d: 118 arrays, 0.4 MB stored; 1.3 s; peak memory 326 MiB.
2026-10-10T08:08:53Z INFO [466/1000] 6b770f9e-1fda-4c4e-8edb-fd96e88a9888: 117 arrays, 0.5 MB stored; 1.2 s; peak memory 326 MiB.
2026-10-10T08:08:54Z INFO [467/1000] 6b777a06-8e84-4a1a-9505-522a192ccdc2: 56 arrays, 0.0 MB stored; 0.9 s; peak memory 326 MiB.
2026-10-10T08:08:56Z INFO [468/1000] 6b77bbf4-778f-48b6-a0b0-18b728a90e3a: 156 arrays, 193.5 MB stored; 2.3 s; peak memory 326 MiB.
2026-10-10T08:08:58Z INFO [469/1000] 6b77fce6-c413-4562-946b-d823417d4f20: 66 arrays, 138.9 MB stored; 1.8 s; peak memory 326 MiB.
2026-10-10T08:08:59Z INFO [470/1000] 6b786e35-aecf-4e02-a216-d4d592798bf7: 48 arrays, 83.9 MB stored; 1.1 s; peak memory 326 MiB.
2026-10-10T08:09:01Z INFO [471/1000] 6b79b7b7-1a49-49bb-ba4b-e27d9f5671ac: 152 arrays, 1.1 MB stored; 1.9 s; peak memory 326 MiB.
2026-10-10T08:09:02Z INFO [472/1000] 6b722c84-6b4a-4dc1-9974-8265097afcbe: 55 arrays, 1988.9 MB stored; 32.1 s; peak memory 326 MiB.
2026-10-10T08:09:02Z INFO [473/1000] 6b79befb-1194-4b6d-ac42-edb994b7cf5f: 59 arrays, 252.0 MB stored; 1.3 s; peak memory 326 MiB.
2026-10-10T08:09:03Z INFO [474/1000] 6b7af0cb-1497-4a9f-91ed-8b727a56248b: 71 arrays, 0.2 MB stored; 1.1 s; peak memory 326 MiB.
2026-10-10T08:09:05Z INFO [475/1000] 6b7b99b1-420f-4572-bb64-0d58bb14c370: 112 arrays, 1.3 MB stored; 1.4 s; peak memory 326 MiB.
2026-10-10T08:09:06Z INFO [476/1000] 6b7bc28e-bf53-45b2-bee1-f207d49c4388: 48 arrays, 83.9 MB stored; 1.1 s; peak memory 326 MiB.
2026-10-10T08:09:07Z INFO [477/1000] 6b7bd41e-e443-48a3-9d19-934e150f1970: 112 arrays, 0.5 MB stored; 1.3 s; peak memory 326 MiB.
2026-10-10T08:09:08Z INFO [478/1000] 6b7c052a-2bf4-4986-9cfa-555ad2856d93: 41 arrays, 8.4 MB stored; 1.0 s; peak memory 326 MiB.
2026-10-10T08:09:10Z INFO [479/1000] 6b582373-fb08-474f-a2d5-47b415e89286: 413 arrays, 19744.9 MB stored; 96.7 s; peak memory 326 MiB.
2026-10-10T08:09:10Z INFO [480/1000] 6b7cae28-884d-4737-bdcf-6540200795de: 116 arrays, 187.1 MB stored; 2.1 s; peak memory 326 MiB.
2026-10-10T08:09:11Z INFO [481/1000] 6b7cb179-e7f4-4324-8c84-2e064996a985: 84 arrays, 0.8 MB stored; 1.3 s; peak memory 326 MiB.
2026-10-10T08:09:13Z INFO [482/1000] 6b7d1a9e-d3e1-491e-8a92-053fd665e091: 116 arrays, 187.1 MB stored; 2.2 s; peak memory 326 MiB.
2026-10-10T08:09:14Z INFO [483/1000] 6b7d4e48-9ff9-4ca6-b9f8-eb4346f73fc5: 84 arrays, 477.3 MB stored; 2.9 s; peak memory 326 MiB.
2026-10-10T08:09:14Z INFO [484/1000] 6b7aa5e8-2878-426f-a738-9da32379d47f: 38 arrays, 711.3 MB stored; 12.2 s; peak memory 326 MiB.
2026-10-10T08:09:15Z INFO [485/1000] 6b7de3e0-1dcd-4533-b3d9-c71ce87ac9c3: 118 arrays, 0.4 MB stored; 1.0 s; peak memory 326 MiB.
2026-10-10T08:09:15Z INFO [486/1000] 6b7debac-3a72-4c49-8fc5-a50061600b1c: 46 arrays, 4.4 MB stored; 1.0 s; peak memory 326 MiB.
2026-10-10T08:09:16Z INFO [487/1000] 6b7db093-d837-4623-ad66-737b778e2633: 215 arrays, 33.7 MB stored; 3.0 s; peak memory 326 MiB.
2026-10-10T08:09:16Z INFO [488/1000] 6b7e090b-5226-4c15-b9ff-9d7e6b73295f: 48 arrays, 83.9 MB stored; 1.2 s; peak memory 326 MiB.
2026-10-10T08:09:16Z INFO [489/1000] 6b7e76d4-5599-4644-b258-2d2aa8ff2f62: 52 arrays, 8.9 MB stored; 1.2 s; peak memory 326 MiB.
2026-10-10T08:09:17Z INFO [490/1000] 6b7e897f-497d-4690-8e3e-ddd69696bbed: 48 arrays, 83.9 MB stored; 1.2 s; peak memory 326 MiB.
2026-10-10T08:09:18Z INFO [491/1000] 6b7fd397-0383-4e0e-89bd-321d7ccaa891: 66 arrays, 61.6 MB stored; 1.6 s; peak memory 326 MiB.
2026-10-10T08:09:18Z INFO [492/1000] 6b7febc7-1380-4468-b25a-d0d2f2ca7667: 117 arrays, 0.3 MB stored; 1.3 s; peak memory 326 MiB.
2026-10-10T08:09:18Z INFO [493/1000] 6b80b580-7d7d-4126-bea3-c81caefd77fa: 48 arrays, 83.9 MB stored; 1.2 s; peak memory 326 MiB.
2026-10-10T08:09:19Z INFO [494/1000] 6b80c82a-666d-4eb6-a62a-2bac7fbd2caa: 48 arrays, 83.9 MB stored; 1.2 s; peak memory 326 MiB.
2026-10-10T08:09:19Z INFO [495/1000] 6b81e3c5-ce00-4451-9858-1a438b796557: 46 arrays, 5125.9 MB stored; 1.6 s; peak memory 326 MiB.
2026-10-10T08:09:20Z INFO [496/1000] 6b820739-6955-4ea0-80ea-0cad36269e92: 48 arrays, 83.9 MB stored; 1.1 s; peak memory 326 MiB.
2026-10-10T08:09:21Z INFO [497/1000] 6b846609-493b-4ff3-a242-1c72e0f4d788: 102 arrays, 14.6 MB stored; 1.5 s; peak memory 326 MiB.
2026-10-10T08:09:22Z INFO [498/1000] 6b8483aa-7076-4489-95c2-2d86a85d1fa0: 71 arrays, 76.2 MB stored; 1.7 s; peak memory 326 MiB.
2026-10-10T08:09:23Z INFO [499/1000] 6b860524-1054-4e45-88b2-d7e0748d828a: 85 arrays, 1.6 MB stored; 1.2 s; peak memory 326 MiB.
2026-10-10T08:09:24Z INFO [500/1000] 6b86309d-58a2-461b-97ed-bc4671a94379: 46 arrays, 12.6 MB stored; 1.0 s; peak memory 326 MiB.
2026-10-10T08:09:25Z INFO [501/1000] 6b8666f9-1096-46c8-8359-b565729fcb72: 112 arrays, 0.6 MB stored; 1.3 s; peak memory 326 MiB.
2026-10-10T08:09:27Z INFO [502/1000] 6b86825e-7b75-49c8-ad7f-ebdf19e08827: 50 arrays, 1.1 MB stored; 1.2 s; peak memory 326 MiB.
2026-10-10T08:09:31Z INFO [503/1000] 6b84e62a-c6e1-4d74-8546-84656e3e6bf8: 1009 arrays, 32.8 MB stored; 10.6 s; peak memory 326 MiB.
2026-10-10T08:09:32Z INFO [504/1000] 6b869de8-73f1-4261-ae79-12b47e290013: 46 arrays, 4245.8 MB stored; 5.1 s; peak memory 326 MiB.
2026-10-10T08:09:33Z INFO [505/1000] 6b86b0f9-a6fc-4045-8968-c83058476170: 112 arrays, 0.4 MB stored; 1.2 s; peak memory 326 MiB.
2026-10-10T08:09:34Z INFO [506/1000] 6b86b978-af7a-400e-803f-d0d8330198ea: 48 arrays, 83.9 MB stored; 1.1 s; peak memory 326 MiB.
2026-10-10T08:09:34Z INFO [507/1000] 6b86a1f1-d1b2-4a54-9360-71195fbc5796: 154 arrays, 351.8 MB stored; 2.5 s; peak memory 326 MiB.
2026-10-10T08:09:35Z INFO [508/1000] 6b86c5a2-bc64-416a-ab32-0795ef56298d: 48 arrays, 83.9 MB stored; 1.2 s; peak memory 326 MiB.
2026-10-10T08:09:38Z INFO [509/1000] 6b86d9f2-151e-435f-8d89-30ae93fc15b5: 262 arrays, 11.2 MB stored; 4.0 s; peak memory 326 MiB.
2026-10-10T08:09:38Z INFO [510/1000] 6b877e72-275d-4ca5-b1db-d178ce4c044d: 111 arrays, 386.2 MB stored; 3.1 s; peak memory 326 MiB.
2026-10-10T08:09:40Z INFO [511/1000] 6b88705b-ef85-4732-8a24-7473cf1877d4: 112 arrays, 0.8 MB stored; 1.5 s; peak memory 326 MiB.
2026-10-10T08:09:41Z INFO [512/1000] 6b88b0a3-70b8-499c-a860-01dc65391768: 71 arrays, 44.2 MB stored; 1.4 s; peak memory 326 MiB.
2026-10-10T08:09:42Z INFO [513/1000] 6b88d190-c319-4e45-bfd7-ee59dcd87e24: 48 arrays, 83.9 MB stored; 1.1 s; peak memory 326 MiB.
2026-10-10T08:09:42Z INFO [514/1000] 6b885355-f306-4572-99dd-15ad6e316325: 538 arrays, 7.4 MB stored; 4.5 s; peak memory 326 MiB.
2026-10-10T08:09:44Z INFO [515/1000] 6b88e80e-4745-4164-8a0b-e806b85139dc: 85 arrays, 0.0 MB stored; 1.3 s; peak memory 326 MiB.
2026-10-10T08:09:46Z INFO [516/1000] 6b8948ba-6744-4797-a757-afc2bc140385: 103 arrays, 20.2 MB stored; 2.2 s; peak memory 326 MiB.
2026-10-10T08:09:47Z INFO [517/1000] 6b89ee4a-1312-4a1f-aa77-46771ff14de5: 112 arrays, 0.5 MB stored; 1.3 s; peak memory 326 MiB.
2026-10-10T08:09:54Z INFO [518/1000] 6b3c8ba5-2217-40d5-b8bf-2da19f9ec89e: 62 arrays, 26863.4 MB stored; 195.0 s; peak memory 326 MiB.
2026-10-10T08:09:55Z INFO [519/1000] 6b8a0d60-7207-4ed1-aeee-1f9dba76d9eb: 398 arrays, 140.1 MB stored; 7.4 s; peak memory 326 MiB.
2026-10-10T08:09:56Z INFO [520/1000] 6b8a1f0f-ec4d-4ff9-9c35-26eb7483e6c5: 69 arrays, 40.8 MB stored; 1.3 s; peak memory 326 MiB.
2026-10-10T08:09:56Z INFO [521/1000] 6b8a6a46-1e31-4ea4-948a-86e3c3731adc: 119 arrays, 66.4 MB stored; 1.9 s; peak memory 326 MiB.
2026-10-10T08:09:57Z INFO [522/1000] 6b8aca98-e773-4e30-b38f-c464caa150dd: 79 arrays, 6.8 MB stored; 1.6 s; peak memory 326 MiB.
2026-10-10T08:09:58Z INFO [523/1000] 6b8ad16f-ea6d-4318-b1e7-9a190d06438a: 48 arrays, 83.9 MB stored; 1.2 s; peak memory 326 MiB.
2026-10-10T08:09:58Z INFO [524/1000] 6b8b5fd2-25b5-4d74-9be4-b55d62c88d9e: 46 arrays, 0.2 MB stored; 1.0 s; peak memory 326 MiB.
2026-10-10T08:10:02Z INFO [525/1000] 6b88d4a7-0e2f-4e74-b542-7c0112bd0a80: 48 arrays, 42484.1 MB stored; 19.7 s; peak memory 326 MiB.
2026-10-10T08:10:03Z INFO [526/1000] 6b8ca5e2-e0fd-43af-9d38-13e3b7f5c3cd: 48 arrays, 83.9 MB stored; 1.2 s; peak memory 326 MiB.
2026-10-10T08:10:04Z INFO [527/1000] 6b8c0a56-6f04-42ee-9254-0d4eb11b2e65: 1188 arrays, 10.9 MB stored; 5.5 s; peak memory 326 MiB.
2026-10-10T08:10:04Z INFO [528/1000] 6b8cb62a-950f-49e8-94ec-20cdc9c6db91: 117 arrays, 0.3 MB stored; 1.3 s; peak memory 326 MiB.
2026-10-10T08:10:05Z INFO [529/1000] 6b8d37dc-6dc0-460c-a5e8-e981c866d02c: 48 arrays, 83.9 MB stored; 1.2 s; peak memory 326 MiB.
2026-10-10T08:10:06Z INFO [530/1000] 6b8e2d52-b621-4db6-aa3b-ce2f16d478d4: 112 arrays, 0.0 MB stored; 1.1 s; peak memory 326 MiB.
2026-10-10T08:10:06Z INFO [531/1000] 6b8efa9a-cad4-4d7c-bf5f-9157ef2a304a: 69 arrays, 0.0 MB stored; 1.1 s; peak memory 326 MiB.
2026-10-10T08:10:07Z INFO [532/1000] 6b8f3ac1-f116-48f3-9a33-e1ac8d8ed81e: 117 arrays, 0.4 MB stored; 1.2 s; peak memory 326 MiB.
2026-10-10T08:10:08Z INFO [533/1000] 6b8f77da-6749-4135-b7b1-ff0905e0ec6a: 83 arrays, 505.7 MB stored; 1.5 s; peak memory 326 MiB.
2026-10-10T08:10:08Z INFO [534/1000] 6b8f8fca-0c4f-464a-8c45-eeca748909c9: 110 arrays, 0.1 MB stored; 1.2 s; peak memory 326 MiB.
2026-10-10T08:10:09Z INFO [535/1000] 6b8fa281-2683-44b4-9a76-3b63033bfbe1: 66 arrays, 42.4 MB stored; 1.7 s; peak memory 326 MiB.
2026-10-10T08:10:10Z INFO [536/1000] 6b90a896-877a-4874-a591-e93d54b4464c: 112 arrays, 0.7 MB stored; 1.3 s; peak memory 326 MiB.
2026-10-10T08:10:14Z INFO [537/1000] 6b8c0387-8015-41b0-a89d-1cb7c9fbccdc: 48 arrays, 41450.4 MB stored; 16.6 s; peak memory 326 MiB.
2026-10-10T08:10:15Z INFO [538/1000] 6b919321-e64b-41cc-b381-f4cfdf8ca590: 52 arrays, 0.0 MB stored; 0.9 s; peak memory 326 MiB.
2026-10-10T08:10:16Z INFO [539/1000] 6b922757-2db6-4275-b1ee-d3e33c768d33: 116 arrays, 0.4 MB stored; 1.1 s; peak memory 326 MiB.
2026-10-10T08:10:17Z INFO [540/1000] 6b923b2e-426f-4be1-83e1-93db25849c2b: 48 arrays, 83.9 MB stored; 1.1 s; peak memory 326 MiB.
2026-10-10T08:10:19Z INFO [541/1000] 6b9248ec-f0c6-4c1d-b220-6e55d6eaa842: 115 arrays, 190.1 MB stored; 2.0 s; peak memory 326 MiB.
2026-10-10T08:10:21Z INFO [542/1000] 6b928ab8-5e28-4e5f-ad47-39ae0f4f5cd5: 66 arrays, 76.7 MB stored; 1.6 s; peak memory 326 MiB.
2026-10-10T08:10:22Z INFO [543/1000] 6b9306c1-3158-4d8a-97a9-cd0bcb97ee97: 121 arrays, 0.1 MB stored; 1.0 s; peak memory 326 MiB.
2026-10-10T08:10:24Z INFO [544/1000] 6b8fddf3-611b-4d7f-aaf1-2335b8ae9a24: 48 arrays, 36011.4 MB stored; 16.4 s; peak memory 326 MiB.
2026-10-10T08:10:27Z INFO [545/1000] 6b8206bd-2829-48d9-95fc-e713cb3d363a: 67 arrays, 9115.1 MB stored; 69.1 s; peak memory 326 MiB.
2026-10-10T08:10:28Z INFO [546/1000] 6b935144-2456-4849-88fb-3707941250c8: 208 arrays, 54.4 MB stored; 4.0 s; peak memory 326 MiB.
2026-10-10T08:10:32Z INFO [547/1000] 6b941cc0-eb71-490a-acb0-07e4e4bd95bc: 229 arrays, 259.9 MB stored; 3.5 s; peak memory 326 MiB.
2026-10-10T08:10:35Z INFO [548/1000] 6b933fdc-7db3-45d2-994f-29f8af0ebc4b: 49 arrays, 597155.6 MB stored; 12.5 s; peak memory 326 MiB.
2026-10-10T08:10:37Z INFO [549/1000] 6b946a10-48ac-40e1-a4c7-c882f0dc4261: 71 arrays, 131.6 MB stored; 2.0 s; peak memory 326 MiB.
2026-10-10T08:10:46Z INFO [550/1000] 6b940410-9954-45f1-a64b-bbb11c3a7037: 48 arrays, 46255.7 MB stored; 18.4 s; peak memory 326 MiB.
2026-10-10T08:10:46Z INFO [551/1000] 6b949635-f40b-4765-b916-6cf3d49ec816: 1185 arrays, 24.6 MB stored; 9.0 s; peak memory 326 MiB.
2026-10-10T08:10:47Z INFO [552/1000] 6b951585-6efc-4b58-a717-018ae4ac9d7e: 48 arrays, 83.9 MB stored; 1.1 s; peak memory 326 MiB.
2026-10-10T08:10:47Z INFO [553/1000] 6b94c304-c2ef-4ebd-bd70-6a5093ec3968: 118 arrays, 0.6 MB stored; 1.4 s; peak memory 326 MiB.
2026-10-10T08:10:48Z INFO [554/1000] 6b951aa6-d476-44b2-af26-b84b20441db1: 48 arrays, 83.9 MB stored; 1.3 s; peak memory 326 MiB.
2026-10-10T08:10:48Z INFO [555/1000] 6b9576d1-f437-4a2b-8a8a-01060b11e862: 42 arrays, 84.5 MB stored; 1.0 s; peak memory 326 MiB.
2026-10-10T08:10:49Z INFO [556/1000] 6b946181-3387-48eb-ba31-b7057f626b66: 48 arrays, 35026.2 MB stored; 16.7 s; peak memory 326 MiB.
2026-10-10T08:10:49Z INFO [557/1000] 6b958116-a1ca-443f-98f9-dea4f925bd05: 117 arrays, 0.3 MB stored; 1.4 s; peak memory 326 MiB.
2026-10-10T08:10:51Z INFO [558/1000] 6b979875-377a-4d65-ab4f-89b4392a03f9: 114 arrays, 186.8 MB stored; 2.3 s; peak memory 326 MiB.
2026-10-10T08:10:52Z INFO [559/1000] 6b97af46-11aa-4e03-bfc0-e92d05b61cc6: 329 arrays, 3.1 MB stored; 2.7 s; peak memory 326 MiB.
2026-10-10T08:10:53Z INFO [560/1000] 6b97cc4e-8204-4eb3-ad34-c02e057342e9: 165 arrays, 1.4 MB stored; 2.0 s; peak memory 326 MiB.
2026-10-10T08:10:53Z INFO [561/1000] 6b981312-b003-487d-be1c-79fd1205432b: 65 arrays, 1.2 MB stored; 1.3 s; peak memory 326 MiB.
2026-10-10T08:10:53Z INFO [562/1000] 6b96c86b-c07d-4bb0-8c8f-ea43d179dabf: 947 arrays, 31.1 MB stored; 5.3 s; peak memory 326 MiB.
2026-10-10T08:10:54Z INFO [563/1000] 6b987d87-9e40-421d-9452-150e1eec7ebb: 48 arrays, 83.9 MB stored; 1.1 s; peak memory 326 MiB.
2026-10-10T08:10:54Z INFO [564/1000] 6b99df08-020d-40cb-a583-d15ebe94fc64: 48 arrays, 83.9 MB stored; 1.1 s; peak memory 326 MiB.
2026-10-10T08:10:55Z INFO [565/1000] 6b99aaa8-8a9d-4a07-82a0-d4547df4d650: 66 arrays, 96.6 MB stored; 1.5 s; peak memory 326 MiB.
2026-10-10T08:10:56Z INFO [566/1000] 6b9ad49f-d0e0-4155-a24d-e20c584726e3: 48 arrays, 83.9 MB stored; 1.3 s; peak memory 326 MiB.
2026-10-10T08:10:57Z INFO [567/1000] 6b9b956d-6066-420f-bc0d-d354e2b8f1e3: 117 arrays, 0.4 MB stored; 1.2 s; peak memory 326 MiB.
2026-10-10T08:10:58Z INFO [568/1000] 6b9c24dd-72b6-4df1-a3c1-66d1dd0c7fbf: 117 arrays, 0.5 MB stored; 1.2 s; peak memory 326 MiB.
2026-10-10T08:10:59Z INFO [569/1000] 6b9c42bc-584b-4bfe-9d95-6249e5ca07d2: 117 arrays, 0.5 MB stored; 1.3 s; peak memory 326 MiB.
2026-10-10T08:11:01Z INFO [570/1000] 6b9cc90a-a910-4311-99d8-80e2c5b5022f: 69 arrays, 82.5 MB stored; 1.4 s; peak memory 326 MiB.
2026-10-10T08:11:01Z INFO [571/1000] 6b9b3f3a-eb8f-4924-b0e6-19e61ae84b33: 793 arrays, 26.7 MB stored; 6.6 s; peak memory 326 MiB.
2026-10-10T08:11:02Z INFO [572/1000] 6b9def6a-b491-48a4-98fc-bc6b977427cd: 46 arrays, 0.2 MB stored; 0.9 s; peak memory 326 MiB.
2026-10-10T08:11:07Z INFO [573/1000] 6b9d88c9-74f7-4705-8d33-3c17ae75edd4: 336 arrays, 44.0 MB stored; 6.1 s; peak memory 326 MiB.
2026-10-10T08:11:08Z INFO [574/1000] 6b9e6609-7a3a-40c3-ba6e-9734995dc53b: 48 arrays, 83.9 MB stored; 1.1 s; peak memory 326 MiB.
2026-10-10T08:11:10Z INFO [575/1000] 6b9e1874-a535-499f-abad-0e0ed3fe26b1: 5027 arrays, 17.0 MB stored; 8.0 s; peak memory 326 MiB.
2026-10-10T08:11:11Z INFO [576/1000] 6b9ee941-6f6f-4259-a21f-784dce66d540: 156 arrays, 193.5 MB stored; 2.6 s; peak memory 326 MiB.
2026-10-10T08:11:11Z INFO [577/1000] 6b9f3b55-6237-44fe-83f8-a70d566fa95e: 52 arrays, 15.5 MB stored; 1.2 s; peak memory 326 MiB.
2026-10-10T08:11:11Z INFO [578/1000] 6b9f4992-6ca8-46cb-8b9a-fdc93ed53060: 52 arrays, 0.0 MB stored; 0.9 s; peak memory 326 MiB.
2026-10-10T08:11:13Z INFO [579/1000] 6b9f8244-23bd-4ef2-af2d-1a2bea82b86f: 48 arrays, 83.9 MB stored; 1.2 s; peak memory 326 MiB.
2026-10-10T08:11:15Z INFO [580/1000] 6b9f933d-3ff9-4ec6-bffd-21597c979e2e: 71 arrays, 100.8 MB stored; 1.9 s; peak memory 326 MiB.
2026-10-10T08:11:16Z INFO [581/1000] 6b9fa861-6ecc-476d-ae0f-823dff2e5f0c: 107 arrays, 5.0 MB stored; 1.7 s; peak memory 326 MiB.
2026-10-10T08:11:16Z INFO [582/1000] 6b9f5781-3626-44a8-83c6-f6b4789f1110: 767 arrays, 11.8 MB stored; 5.0 s; peak memory 326 MiB.
2026-10-10T08:11:18Z INFO [583/1000] 6ba03fb2-7f54-4c91-885e-42d00f2df6c4: 71 arrays, 54.3 MB stored; 1.5 s; peak memory 326 MiB.
2026-10-10T08:11:19Z INFO [584/1000] 6ba15dd9-aeba-4558-ae27-5f37e7b76e53: 48 arrays, 83.9 MB stored; 1.3 s; peak memory 326 MiB.
2026-10-10T08:11:20Z INFO [585/1000] 6ba2d8cb-e2d9-4ea1-a13a-fb85ea25157e: 41 arrays, 8.4 MB stored; 1.0 s; peak memory 326 MiB.
2026-10-10T08:11:21Z INFO [586/1000] 6ba2e569-ab5a-4a9e-b91d-11c3e8c5f409: 48 arrays, 83.9 MB stored; 1.0 s; peak memory 326 MiB.
2026-10-10T08:11:24Z INFO [587/1000] 6ba048e4-6c75-4953-b307-bb674f142e1d: 4005 arrays, 15.1 MB stored; 7.5 s; peak memory 326 MiB.
2026-10-10T08:11:25Z INFO [588/1000] 6ba49a88-6369-40f5-ac09-ed8c0ca3c6a5: 112 arrays, 0.5 MB stored; 1.3 s; peak memory 326 MiB.
2026-10-10T08:11:26Z INFO [589/1000] 6ba3659d-b64a-4aee-a628-d716df437e99: 538 arrays, 7.5 MB stored; 4.6 s; peak memory 326 MiB.
2026-10-10T08:11:26Z INFO [590/1000] 6ba4ab2e-4635-4e40-ba71-87abce7001f3: 46 arrays, 0.4 MB stored; 1.1 s; peak memory 326 MiB.
2026-10-10T08:11:27Z INFO [591/1000] 6ba50b60-1f72-4473-af8e-9f4829941ed0: 112 arrays, 0.8 MB stored; 1.4 s; peak memory 326 MiB.
2026-10-10T08:11:28Z INFO [592/1000] 6ba5bb8d-ced4-4495-beb4-b6c69e3373df: 110 arrays, 0.4 MB stored; 1.1 s; peak memory 326 MiB.
2026-10-10T08:11:29Z INFO [593/1000] 6ba5f98a-811d-44df-8ad1-c01b053c4e5e: 123 arrays, 5.9 MB stored; 2.2 s; peak memory 326 MiB.
2026-10-10T08:11:30Z INFO [594/1000] 6ba60836-4947-47c2-b446-e04e00dba057: 156 arrays, 193.4 MB stored; 2.2 s; peak memory 326 MiB.
2026-10-10T08:11:31Z INFO [595/1000] 6ba6a959-d252-4654-bb85-f5410f9221c4: 53 arrays, 0.9 MB stored; 1.1 s; peak memory 326 MiB.
2026-10-10T08:11:34Z INFO [596/1000] 6ba6793c-bb02-42ce-859c-a37084ebf334: 538 arrays, 7.4 MB stored; 4.5 s; peak memory 326 MiB.
2026-10-10T08:11:35Z INFO [597/1000] 6ba89308-9ae5-4d84-8356-c86370650403: 71 arrays, 2.7 MB stored; 1.4 s; peak memory 326 MiB.
2026-10-10T08:11:35Z INFO [598/1000] 6ba8712f-bbc9-43a7-946f-50fb14c08ee7: 526 arrays, 8.4 MB stored; 4.3 s; peak memory 326 MiB.
2026-10-10T08:11:36Z INFO [599/1000] 6ba8fce8-6b82-4539-8ff4-1c33185c7625: 118 arrays, 0.3 MB stored; 1.3 s; peak memory 326 MiB.
2026-10-10T08:11:37Z INFO [600/1000] 6ba98d8b-7f2b-4a3c-8abc-53600d35b242: 35 arrays, 0.0 MB stored; 0.9 s; peak memory 326 MiB.
2026-10-10T08:11:38Z INFO [600/1000] 6ba98d8b-7f2b-4a3c-8abc-53600d35b242: checkpointed 600 new records.
2026-10-10T08:11:39Z INFO [601/1000] 6baa42de-e7b1-49e2-b243-1dfa29b7d505: 69 arrays, 2.2 MB stored; 1.3 s; peak memory 326 MiB.
2026-10-10T08:11:50Z INFO [602/1000] 6ba8ee4a-d19c-48b0-be15-a2059875e863: 87 arrays, 1049.8 MB stored; 14.7 s; peak memory 326 MiB.
2026-10-10T08:11:53Z INFO [603/1000] 6baa5384-00c2-491e-b74d-7dd08d77d73d: 5570 arrays, 59.0 MB stored; 14.0 s; peak memory 326 MiB.
2026-10-10T08:11:53Z INFO [604/1000] 6baab713-8c0b-42db-9546-eece102f2a5e: 454 arrays, 5.5 MB stored; 3.2 s; peak memory 326 MiB.
2026-10-10T08:11:54Z INFO [605/1000] 6bab6f4a-d607-49e5-bb59-f6f91c732080: 69 arrays, 51.5 MB stored; 1.4 s; peak memory 326 MiB.
2026-10-10T08:11:55Z INFO [606/1000] 6babd29d-d25c-4d93-b408-b5f01b7ada27: 66 arrays, 19.3 MB stored; 1.3 s; peak memory 326 MiB.
2026-10-10T08:11:56Z INFO [607/1000] 6babe22f-67f5-4e89-b217-75d03b343967: 48 arrays, 83.9 MB stored; 1.1 s; peak memory 326 MiB.
2026-10-10T08:11:58Z INFO [608/1000] 6bacefce-8c83-4e2d-841e-c6d43d7eb499: 73 arrays, 155.3 MB stored; 1.7 s; peak memory 326 MiB.
2026-10-10T08:11:59Z INFO [609/1000] 6bab9a47-0c63-40d5-ba63-3dc6e81fe4e3: 1101 arrays, 23.8 MB stored; 6.4 s; peak memory 326 MiB.
2026-10-10T08:12:01Z INFO [610/1000] 6bad6a46-6b74-420c-9687-d257d5af0212: 48 arrays, 83.9 MB stored; 1.2 s; peak memory 326 MiB.
2026-10-10T08:12:03Z INFO [611/1000] 6bad2517-cf24-47b5-9ab6-2b9152c6df2f: 760 arrays, 20.3 MB stored; 5.0 s; peak memory 326 MiB.
2026-10-10T08:12:04Z INFO [612/1000] 6baedb0f-0795-4db1-a37d-7e3477fb57d7: 118 arrays, 0.2 MB stored; 1.1 s; peak memory 326 MiB.
2026-10-10T08:12:05Z INFO [613/1000] 6baf02d6-96f9-4abb-90fc-34499f99298f: 48 arrays, 83.9 MB stored; 1.0 s; peak memory 326 MiB.
2026-10-10T08:12:06Z INFO [614/1000] 6bae1d76-8888-492b-84e3-00bc03688b32: 46 arrays, 4186.1 MB stored; 5.5 s; peak memory 326 MiB.
2026-10-10T08:12:07Z INFO [615/1000] 6baf2151-2601-4933-81dd-9437e0b34a41: 93 arrays, 24.7 MB stored; 1.5 s; peak memory 326 MiB.
2026-10-10T08:12:12Z INFO [616/1000] 6baf2808-f9f1-46d3-8e0e-02b1fe9fc9c3: 339 arrays, 48.0 MB stored; 6.0 s; peak memory 326 MiB.
2026-10-10T08:12:14Z INFO [617/1000] 6bb1b543-b13b-48c4-901c-ec3c374076fd: 69 arrays, 26.0 MB stored; 1.4 s; peak memory 326 MiB.
2026-10-10T08:12:15Z INFO [618/1000] 6bb224f8-f84d-4eff-b150-6e86f1e2db84: 117 arrays, 0.1 MB stored; 1.2 s; peak memory 326 MiB.
2026-10-10T08:12:17Z INFO [619/1000] 6bb29cfb-34d5-4d42-a3a2-8467322aa1f1: 138 arrays, 4.8 MB stored; 1.9 s; peak memory 326 MiB.
2026-10-10T08:12:18Z INFO [620/1000] 6bb3ce54-b614-45a6-ae63-5f58c2b7eed0: 62 arrays, 4825.9 MB stored; 1.5 s; peak memory 326 MiB.
2026-10-10T08:12:20Z INFO [621/1000] 6bb3facd-458b-4226-a20a-ae242e0708a8: 112 arrays, 0.8 MB stored; 1.6 s; peak memory 326 MiB.
2026-10-10T08:12:23Z INFO [622/1000] 6bafd69e-e5ca-4979-9236-ac3bb203ce3d: 86 arrays, 1032.4 MB stored; 15.8 s; peak memory 326 MiB.
2026-10-10T08:12:24Z INFO [623/1000] 6bb48bd0-b724-41b3-a221-33e276f8a426: 229 arrays, 252.5 MB stored; 3.7 s; peak memory 326 MiB.
2026-10-10T08:12:24Z INFO [624/1000] 6bb4c92d-1f42-42a1-9a6c-eec95601255d: 46 arrays, 0.0 MB stored; 0.9 s; peak memory 326 MiB.
2026-10-10T08:12:32Z INFO [625/1000] 6bb4cfbf-6d1a-4b4d-ab16-30f70fd9c513: 839 arrays, 40.0 MB stored; 7.1 s; peak memory 326 MiB.
2026-10-10T08:12:33Z INFO [626/1000] 6bb5dc16-4047-44f4-91ef-6bdaaa0565e9: 52 arrays, 15.9 MB stored; 1.1 s; peak memory 326 MiB.
2026-10-10T08:12:34Z INFO [627/1000] 6bb5edbb-6f50-4f04-b261-acdbf5fab070: 64 arrays, 0.0 MB stored; 1.2 s; peak memory 326 MiB.
2026-10-10T08:12:35Z INFO [628/1000] 6bb6d913-f32b-4429-b56d-ad0c7c0417c8: 112 arrays, 1.0 MB stored; 1.5 s; peak memory 326 MiB.
2026-10-10T08:12:37Z INFO [629/1000] 6bb6eea7-00ab-42ac-bbe2-07787dae4447: 52 arrays, 13.5 MB stored; 1.2 s; peak memory 326 MiB.
2026-10-10T08:12:38Z INFO [630/1000] 6bb7a81f-9bdc-459d-a0e7-737ba926bd6d: 65 arrays, 27.7 MB stored; 1.4 s; peak memory 326 MiB.
2026-10-10T08:12:39Z INFO [631/1000] 6bb7aa88-ed73-4355-b646-9efd7ba24f63: 48 arrays, 83.9 MB stored; 1.2 s; peak memory 326 MiB.
2026-10-10T08:12:39Z INFO [632/1000] 6bb48cf8-30dc-4730-980e-52a7e4afc3f9: 522 arrays, 4492.9 MB stored; 16.4 s; peak memory 326 MiB.
2026-10-10T08:12:40Z INFO [633/1000] 6bb7aae6-37f8-4907-aad8-4300d06c3d13: 110 arrays, 0.3 MB stored; 1.2 s; peak memory 326 MiB.
2026-10-10T08:12:40Z INFO [634/1000] 6bb83b31-2c44-4cd4-b478-2725266e4158: 48 arrays, 83.9 MB stored; 1.2 s; peak memory 326 MiB.
2026-10-10T08:12:42Z INFO [635/1000] 6bb86225-1620-4338-878f-ae66400eb494: 116 arrays, 0.3 MB stored; 1.4 s; peak memory 326 MiB.
2026-10-10T08:12:42Z INFO [636/1000] 6bb8a07a-1928-498e-9a8d-28b64145156d: 194 arrays, 1.2 MB stored; 1.7 s; peak memory 326 MiB.
2026-10-10T08:12:43Z INFO [637/1000] 6bb95f58-e9c6-448e-ad8b-290684ebbbfd: 112 arrays, 0.7 MB stored; 1.3 s; peak memory 326 MiB.
2026-10-10T08:12:44Z INFO [638/1000] 6bb9d079-ff84-4797-9549-d36b2c21ccf8: 46 arrays, 0.0 MB stored; 1.0 s; peak memory 326 MiB.
2026-10-10T08:12:45Z INFO [639/1000] 6bb99b90-35a9-498b-8b1a-e9e56cf8ee8d: 156 arrays, 193.4 MB stored; 2.4 s; peak memory 326 MiB.
2026-10-10T08:12:45Z INFO [640/1000] 6bba248a-05f9-49f9-b487-5ced5ee075e6: 112 arrays, 0.5 MB stored; 1.3 s; peak memory 326 MiB.
2026-10-10T08:12:46Z INFO [641/1000] 6bbb2a7b-1ed1-4cc3-8683-6efc946e1c3e: 57 arrays, 634.9 MB stored; 1.7 s; peak memory 326 MiB.
2026-10-10T08:12:47Z INFO [642/1000] 6bbb74c5-1825-440d-a2f0-bd122ab290f4: 117 arrays, 0.3 MB stored; 1.4 s; peak memory 326 MiB.
2026-10-10T08:12:49Z INFO [643/1000] 6bbb85e3-4597-4668-969b-b7eaebf77860: 101 arrays, 45517.8 MB stored; 2.4 s; peak memory 326 MiB.
2026-10-10T08:12:50Z INFO [644/1000] 6bbc8105-9c4f-4cce-8ea1-205c3469fd25: 48 arrays, 83.9 MB stored; 1.1 s; peak memory 326 MiB.
2026-10-10T08:12:51Z INFO [645/1000] 6bbcae98-c422-4088-87e1-c212fe640ac1: 62 arrays, 1376.9 MB stored; 1.4 s; peak memory 326 MiB.
2026-10-10T08:13:03Z INFO [646/1000] 6b918f93-3a75-4edc-a28a-f2bbba5827ba: 45 arrays, 1549.5 MB stored; 172.5 s; peak memory 326 MiB.
2026-10-10T08:13:04Z INFO [647/1000] 6bbdcb6f-6109-4de3-8a5c-e8ec033090b6: 46 arrays, 0.2 MB stored; 1.0 s; peak memory 326 MiB.
2026-10-10T08:13:06Z INFO [648/1000] 6bbe7f4f-feb7-45dc-bf54-bd05ef39cd49: 90 arrays, 37.3 MB stored; 1.9 s; peak memory 326 MiB.
2026-10-10T08:13:07Z INFO [649/1000] 6bbcb043-0afe-421d-8f98-de99c40c880e: 48 arrays, 42182.4 MB stored; 15.9 s; peak memory 326 MiB.
2026-10-10T08:13:08Z INFO [650/1000] 6bbf9ac8-1fba-491c-87bf-4f54bf20ac3f: 52 arrays, 9.6 MB stored; 1.1 s; peak memory 326 MiB.
2026-10-10T08:13:11Z INFO [651/1000] 6bbe961a-efbe-4b0c-ac34-8f6218b4954d: 771 arrays, 30.9 MB stored; 5.3 s; peak memory 326 MiB.
2026-10-10T08:13:12Z INFO [652/1000] 6bc09710-8eb0-4a01-90c8-19a5f378bf06: 48 arrays, 83.9 MB stored; 1.1 s; peak memory 326 MiB.
2026-10-10T08:13:13Z INFO [653/1000] 6bc138b4-340c-4d31-b600-798cb2c5f9d8: 48 arrays, 83.9 MB stored; 1.2 s; peak memory 326 MiB.
2026-10-10T08:13:15Z INFO [654/1000] 6bc15a67-5882-4643-9de4-fa63b659b177: 112 arrays, 0.3 MB stored; 1.4 s; peak memory 326 MiB.
2026-10-10T08:13:16Z INFO [655/1000] 6bc1b766-7ff1-4cab-b121-ff58ce46b12f: 66 arrays, 19.9 MB stored; 1.4 s; peak memory 326 MiB.
2026-10-10T08:13:17Z INFO [656/1000] 6bc247ef-b5f0-41e0-89b6-134e4042a983: 48 arrays, 83.9 MB stored; 1.1 s; peak memory 326 MiB.
2026-10-10T08:13:18Z INFO [657/1000] 6bc249f5-76b4-440d-b695-fd88b581ac67: 118 arrays, 0.3 MB stored; 1.1 s; peak memory 326 MiB.
2026-10-10T08:13:20Z INFO [658/1000] 6bc28a48-fa07-484a-b9d4-1f75cac9df1b: 117 arrays, 0.4 MB stored; 1.2 s; peak memory 326 MiB.
2026-10-10T08:13:21Z INFO [659/1000] 6bc2c540-4f8f-40f2-8232-e119abe55dcf: 63 arrays, 0.2 MB stored; 1.2 s; peak memory 326 MiB.
2026-10-10T08:13:29Z INFO [660/1000] 6bc2e0a3-ba6e-4670-9d58-4e4af41b1fd4: 1023 arrays, 24.7 MB stored; 7.8 s; peak memory 326 MiB.
2026-10-10T08:13:32Z INFO [661/1000] 6bc36aa7-64dd-45a5-a4bb-67195fc13ae0: 86 arrays, 6258.2 MB stored; 3.2 s; peak memory 326 MiB.
2026-10-10T08:13:33Z INFO [662/1000] 6bc3c168-b038-4af7-8e76-3e34519071d0: 117 arrays, 0.4 MB stored; 1.3 s; peak memory 326 MiB.
2026-10-10T08:13:34Z INFO [663/1000] 6bc3d764-c962-402b-8977-966f22ed0a83: 63 arrays, 0.2 MB stored; 0.9 s; peak memory 326 MiB.
2026-10-10T08:13:36Z INFO [664/1000] 6bc3edbd-c952-45ed-81b1-effb64dac9fb: 53 arrays, 9.4 MB stored; 1.6 s; peak memory 326 MiB.
2026-10-10T08:13:37Z INFO [665/1000] 6bc3f768-341a-49e8-a834-31f0e91674e4: 21 arrays, 0.6 MB stored; 1.0 s; peak memory 326 MiB.
2026-10-10T08:13:38Z INFO [666/1000] 6bc410b7-1125-49dc-ad45-f6e2441da111: 48 arrays, 83.9 MB stored; 1.1 s; peak memory 326 MiB.
2026-10-10T08:13:40Z INFO [667/1000] 6bc4d27a-96d0-45ca-8ad9-d69037ac13a3: 38 arrays, 25.0 MB stored; 1.8 s; peak memory 326 MiB.
2026-10-10T08:13:41Z INFO [668/1000] 6bc5726e-9e24-4a65-bd2e-d6f289b4a895: 51 arrays, 0.0 MB stored; 0.9 s; peak memory 326 MiB.
2026-10-10T08:13:44Z INFO [669/1000] 6bc68651-4218-42bb-a779-19a04d58d266: 111 arrays, 696.1 MB stored; 3.1 s; peak memory 326 MiB.
2026-10-10T08:13:45Z INFO [670/1000] 6bc74c0d-d75c-4174-8d61-7bce5b47b6ae: 117 arrays, 0.5 MB stored; 1.3 s; peak memory 326 MiB.
2026-10-10T08:13:45Z INFO [671/1000] 6bc08d74-14ed-49b7-9a3d-1ae37cb1a8ea: 52 arrays, 2447.6 MB stored; 36.9 s; peak memory 326 MiB.
2026-10-10T08:13:46Z INFO [672/1000] 6bc83009-31c1-4298-86f4-688649dbc322: 48 arrays, 83.9 MB stored; 1.2 s; peak memory 326 MiB.
2026-10-10T08:13:46Z INFO [673/1000] 6bc8230c-7417-4278-9c88-07d511e3a637: 64 arrays, 47.3 MB stored; 1.6 s; peak memory 326 MiB.
2026-10-10T08:13:48Z INFO [674/1000] 6bc95c24-a6c6-4be4-8297-f3bc32c8141f: 69 arrays, 23.6 MB stored; 1.5 s; peak memory 326 MiB.
2026-10-10T08:13:49Z INFO [675/1000] 6bc97691-871f-4f5b-85a3-d6363d2400b4: 118 arrays, 0.2 MB stored; 1.2 s; peak memory 326 MiB.
2026-10-10T08:13:54Z INFO [676/1000] 6bc87301-7731-437a-ba27-66b7f4d1ea27: 267 arrays, 1001.9 MB stored; 7.8 s; peak memory 326 MiB.
2026-10-10T08:13:56Z INFO [677/1000] 6bc9e01d-bfea-4268-83cc-d6059350e0f3: 51 arrays, 3135.6 MB stored; 1.4 s; peak memory 326 MiB.
2026-10-10T08:13:57Z INFO [678/1000] 6bc9d39c-daff-4cfe-9399-35c9f33e4302: 909 arrays, 22.1 MB stored; 7.4 s; peak memory 326 MiB.
2026-10-10T08:13:57Z INFO [679/1000] 6bc9f75d-3a0e-49f6-860e-159adf4ec918: 46 arrays, 0.1 MB stored; 0.9 s; peak memory 326 MiB.
2026-10-10T08:13:58Z INFO [680/1000] 6bca8f2d-f549-4836-8bb1-91fec19327ee: 116 arrays, 0.5 MB stored; 1.3 s; peak memory 326 MiB.
2026-10-10T08:13:58Z INFO [681/1000] 6bcabdd1-090d-4b1d-8e54-ad3ccad0975b: 71 arrays, 5.9 MB stored; 1.6 s; peak memory 326 MiB.
2026-10-10T08:13:59Z INFO [682/1000] 6bcb78b8-ac9d-4ac4-98e2-0a8d3a217b19: 116 arrays, 0.5 MB stored; 1.3 s; peak memory 326 MiB.
2026-10-10T08:13:59Z INFO [683/1000] 6bcba4fb-9899-43ec-8b72-f53f7dabb63c: 118 arrays, 0.3 MB stored; 1.1 s; peak memory 326 MiB.
2026-10-10T08:14:00Z INFO [684/1000] 6bcc9274-3ab6-4147-b762-67ff3cf7ff5a: 72 arrays, 0.3 MB stored; 1.3 s; peak memory 326 MiB.
2026-10-10T08:14:01Z INFO [685/1000] 6bcd5bf7-020b-47ab-bb7c-d0d6302e9213: 41 arrays, 8.4 MB stored; 1.0 s; peak memory 326 MiB.
2026-10-10T08:14:03Z INFO [686/1000] 6bcd7b81-f11b-4549-aa45-2ededb11e1b3: 53 arrays, 600.8 MB stored; 1.9 s; peak memory 326 MiB.
2026-10-10T08:14:04Z INFO [687/1000] 6bce3236-ba26-4af5-af04-ad0112adc92f: 48 arrays, 83.9 MB stored; 1.1 s; peak memory 326 MiB.
2026-10-10T08:14:06Z INFO [688/1000] 6bce4db4-44fc-4c7a-b508-c4fd8c583f68: 48 arrays, 83.9 MB stored; 1.1 s; peak memory 326 MiB.
2026-10-10T08:14:07Z INFO [689/1000] 6bcecbe9-1b6b-4147-bdcd-f68cbd43251e: 48 arrays, 83.9 MB stored; 1.1 s; peak memory 326 MiB.
2026-10-10T08:14:08Z INFO [690/1000] 6bceeb16-34b9-4ab5-ad86-c10a22ab0cb6: 102 arrays, 11.7 MB stored; 1.5 s; peak memory 326 MiB.
2026-10-10T08:14:10Z INFO [691/1000] 6bcf024b-f7b6-453b-8cff-a86bb4809775: 71 arrays, 4.0 MB stored; 1.5 s; peak memory 326 MiB.
2026-10-10T08:14:24Z INFO [692/1000] 6bcf4f82-d53f-4814-af86-6fd8ced3419d: 522 arrays, 3659.1 MB stored; 14.2 s; peak memory 326 MiB.
2026-10-10T08:14:25Z INFO [693/1000] 6bcf69cd-64b0-4c0d-bc77-2d20e2772d39: 70 arrays, 0.7 MB stored; 1.0 s; peak memory 326 MiB.
2026-10-10T08:14:41Z INFO [694/1000] 6bcf736d-0e7d-4056-8585-d8675f8f652f: 48 arrays, 39453.0 MB stored; 16.0 s; peak memory 326 MiB.
2026-10-10T08:14:42Z INFO [695/1000] 6bcf9b4b-1c96-436f-9534-5dc12e465248: 84 arrays, 1.1 MB stored; 1.4 s; peak memory 326 MiB.
2026-10-10T08:14:43Z INFO [696/1000] 6bd03a23-cc69-411b-9016-3dbab13f864d: 48 arrays, 83.9 MB stored; 1.1 s; peak memory 326 MiB.
2026-10-10T08:14:44Z INFO [697/1000] 6bd1535d-9f71-4a9e-9927-f07d24a39ed2: 48 arrays, 83.9 MB stored; 1.2 s; peak memory 326 MiB.
2026-10-10T08:14:46Z INFO [698/1000] 6bd17ebb-7e10-443f-a7aa-50e3c3034e1a: 112 arrays, 1.0 MB stored; 1.5 s; peak memory 326 MiB.
2026-10-10T08:14:47Z INFO [699/1000] 6bd1a457-eadb-40a3-804a-cb5c976be0b7: 48 arrays, 83.9 MB stored; 1.1 s; peak memory 326 MiB.
2026-10-10T08:14:51Z INFO [700/1000] 6bd1f8ad-9156-4784-912e-09c8191e92dd: 498 arrays, 6.1 MB stored; 3.6 s; peak memory 326 MiB.
2026-10-10T08:14:53Z INFO [701/1000] 6bd2558a-5d6f-448e-a997-e56212256b5d: 115 arrays, 190.1 MB stored; 2.0 s; peak memory 326 MiB.
2026-10-10T08:14:54Z INFO [702/1000] 6bd26ca8-1edf-4a24-86e1-50a4911a0dfa: 71 arrays, 44.9 MB stored; 1.6 s; peak memory 326 MiB.
2026-10-10T08:14:55Z INFO [703/1000] 6bd33851-fa7b-447e-843d-d81429d921cc: 52 arrays, 29.0 MB stored; 1.2 s; peak memory 326 MiB.
2026-10-10T08:14:57Z INFO [704/1000] 6bd37cb7-57a9-4e69-8d31-c3d92088601a: 69 arrays, 2.4 MB stored; 1.2 s; peak memory 326 MiB.
2026-10-10T08:14:59Z INFO [705/1000] 6bd3994b-4471-4a3b-9268-8ea7ba614fc5: 156 arrays, 193.5 MB stored; 2.5 s; peak memory 326 MiB.
2026-10-10T08:15:04Z INFO [706/1000] 6bd4a24b-7386-4750-b234-acfa77c80aaf: 710 arrays, 21.2 MB stored; 5.1 s; peak memory 326 MiB.
2026-10-10T08:15:05Z INFO [707/1000] 6bd4c309-6c54-4b45-bf93-75816b158725: 48 arrays, 83.9 MB stored; 1.0 s; peak memory 326 MiB.
2026-10-10T08:15:06Z INFO [708/1000] 6bd4d41e-bc94-4a0d-a7c3-4d64961e2da7: 117 arrays, 0.3 MB stored; 1.3 s; peak memory 326 MiB.
2026-10-10T08:15:08Z INFO [709/1000] 6bd57257-7f1b-42cb-a942-04ed050bc999: 116 arrays, 0.5 MB stored; 1.3 s; peak memory 326 MiB.
2026-10-10T08:15:09Z INFO [710/1000] 6bd65f5b-bbeb-44a3-b523-d5237454751a: 48 arrays, 83.9 MB stored; 1.0 s; peak memory 326 MiB.
2026-10-10T08:15:10Z INFO [711/1000] 6bd68ca8-e3d1-4abd-b6b2-93044dbe7f3f: 76 arrays, 0.2 MB stored; 1.2 s; peak memory 326 MiB.
2026-10-10T08:15:11Z INFO [712/1000] 6bd6f364-85ef-46cb-aa00-24e68b582c4f: 50 arrays, 0.0 MB stored; 1.1 s; peak memory 326 MiB.
2026-10-10T08:15:17Z INFO [713/1000] 6bd6f570-8142-4baa-b2db-fecddf399a96: 870 arrays, 23.0 MB stored; 5.6 s; peak memory 326 MiB.
2026-10-10T08:15:18Z INFO [714/1000] 6bd83e47-0ef4-46dd-a0cc-dbd4b42200d9: 112 arrays, 0.8 MB stored; 1.5 s; peak memory 326 MiB.
2026-10-10T08:15:23Z INFO [715/1000] 6bd8abc7-6fa8-4727-b153-2916a9e771dc: 152 arrays, 466.0 MB stored; 5.1 s; peak memory 326 MiB.
2026-10-10T08:15:26Z INFO [716/1000] 6b9a9fb5-6b1c-4790-9430-07c5fb4c178b: 1374 arrays, 7156.8 MB stored; 272.3 s; peak memory 326 MiB.
2026-10-10T08:15:29Z INFO [717/1000] 6bd8d6f8-8559-4602-819c-381adb5efa3e: 760 arrays, 8.9 MB stored; 3.0 s; peak memory 326 MiB.
2026-10-10T08:15:31Z INFO [718/1000] 6bd8eba2-cee8-4d09-8b14-52d4eaf79d7e: 115 arrays, 186.8 MB stored; 2.1 s; peak memory 326 MiB.
2026-10-10T08:15:31Z INFO [719/1000] 6bd8c92b-fde6-46fb-b6ce-8ca15ccea304: 1082 arrays, 30.0 MB stored; 8.1 s; peak memory 326 MiB.
2026-10-10T08:15:32Z INFO [720/1000] 6bd93426-d53f-44ad-8ff3-e81e0fa071b0: 57 arrays, 0.0 MB stored; 1.0 s; peak memory 326 MiB.
2026-10-10T08:15:33Z INFO [721/1000] 6bd902c2-045a-472b-a569-bbea13e4bb8e: 78 arrays, 706.5 MB stored; 1.9 s; peak memory 326 MiB.
2026-10-10T08:15:34Z INFO [722/1000] 6bd93f71-5ad8-4182-90a4-d17160212e74: 48 arrays, 83.9 MB stored; 1.2 s; peak memory 326 MiB.
2026-10-10T08:15:34Z INFO [723/1000] 6bd9c34a-578c-4c1b-8391-7eeacc987579: 38 arrays, 0.5 MB stored; 1.0 s; peak memory 326 MiB.
2026-10-10T08:15:35Z INFO [724/1000] 6bd9d052-a83b-4fdb-a7ce-9112a9e0093f: 119 arrays, 66.4 MB stored; 1.7 s; peak memory 326 MiB.
2026-10-10T08:15:36Z INFO [725/1000] 6bd9f555-b4d8-443d-9a37-04f711b5bcba: 72 arrays, 38.8 MB stored; 1.2 s; peak memory 326 MiB.
2026-10-10T08:15:38Z INFO [726/1000] 6bdabba2-1785-47a7-a598-de95b5a88b56: 112 arrays, 1.0 MB stored; 1.6 s; peak memory 326 MiB.
2026-10-10T08:15:40Z INFO [727/1000] 6bdb480e-207c-4348-91ef-d5f755b4c43e: 119 arrays, 66.5 MB stored; 1.8 s; peak memory 326 MiB.
2026-10-10T08:15:41Z INFO [728/1000] 6bdb8cbc-21c2-420a-8e41-546c231e64bb: 62 arrays, 4438.1 MB stored; 1.4 s; peak memory 326 MiB.
2026-10-10T08:15:42Z INFO [729/1000] 6bdbf84f-df7d-4f0f-8098-79a0dd0e31fe: 118 arrays, 0.3 MB stored; 1.2 s; peak memory 326 MiB.
2026-10-10T08:15:47Z INFO [730/1000] 6bd9eef8-0c35-4d61-8712-1975e61e7d85: 49 arrays, 726039.3 MB stored; 12.6 s; peak memory 326 MiB.
2026-10-10T08:15:49Z INFO [731/1000] 6bdd132f-a65b-4b31-91db-eeb58f00c1e6: 121 arrays, 0.9 MB stored; 1.9 s; peak memory 326 MiB.
2026-10-10T08:15:50Z INFO [732/1000] 6bdd24c7-be81-48a3-8fc6-03959480d90f: 52 arrays, 0.0 MB stored; 1.0 s; peak memory 326 MiB.
2026-10-10T08:15:51Z INFO [733/1000] 6bdf154e-2f93-4dde-968d-aba59b3b5909: 66 arrays, 15.5 MB stored; 1.2 s; peak memory 326 MiB.
2026-10-10T08:15:52Z INFO [734/1000] 6bdf4d87-dbe2-489c-9bbb-ebfef8691ab8: 49 arrays, 15.5 MB stored; 1.1 s; peak memory 326 MiB.
2026-10-10T08:15:53Z INFO [735/1000] 6bdf6738-1d6f-4b40-b1e8-7effdec4b9c6: 117 arrays, 0.2 MB stored; 1.1 s; peak memory 326 MiB.
2026-10-10T08:15:54Z INFO [736/1000] 6bdfb82b-3411-4ed8-8aff-53d1b1927a7a: 62 arrays, 4387.9 MB stored; 1.4 s; peak memory 326 MiB.
2026-10-10T08:15:56Z INFO [737/1000] 6bdfbdc8-85fb-4d0f-adc4-a4925ab5e587: 118 arrays, 0.4 MB stored; 1.2 s; peak memory 326 MiB.
2026-10-10T08:15:58Z INFO [738/1000] 6bdfd163-aa13-4e58-8def-141e810dd7f8: 138 arrays, 4.8 MB stored; 1.9 s; peak memory 326 MiB.
2026-10-10T08:15:59Z INFO [739/1000] 6bdff057-4284-46a1-afff-dfcd07ffedb6: 112 arrays, 0.6 MB stored; 1.3 s; peak memory 326 MiB.
2026-10-10T08:16:07Z INFO [740/1000] 6bdff742-2091-4412-b478-983c6dfb9dd8: 420 arrays, 3996.6 MB stored; 8.3 s; peak memory 326 MiB.
2026-10-10T08:16:08Z INFO [741/1000] 6bdffb44-d50f-4253-8016-05d183dc6946: 48 arrays, 83.9 MB stored; 1.1 s; peak memory 326 MiB.
2026-10-10T08:16:09Z INFO [742/1000] 6be03c51-7ca9-4850-be21-d146e9ec842f: 46 arrays, 12.6 MB stored; 1.1 s; peak memory 326 MiB.
2026-10-10T08:16:10Z INFO [743/1000] 6be1633c-838c-4aa8-83c5-c8be779333a7: 48 arrays, 83.9 MB stored; 1.1 s; peak memory 326 MiB.
2026-10-10T08:16:11Z INFO [744/1000] 6be19a99-6c6e-4a58-871a-b6fdb40182d6: 48 arrays, 83.9 MB stored; 1.1 s; peak memory 326 MiB.
2026-10-10T08:16:14Z INFO [745/1000] 6be1d6be-4343-4cf3-8bd4-c43afb4defc9: 440 arrays, 3.4 MB stored; 2.8 s; peak memory 326 MiB.
2026-10-10T08:16:16Z INFO [746/1000] 6be248d5-ec85-40ce-b55a-6c76e1239109: 77 arrays, 0.0 MB stored; 1.3 s; peak memory 326 MiB.
2026-10-10T08:16:17Z INFO [747/1000] 6be29164-c4f8-4cc6-a6ab-c3f1808eed60: 48 arrays, 83.9 MB stored; 1.2 s; peak memory 326 MiB.
2026-10-10T08:16:18Z INFO [748/1000] 6be2b569-1fe6-4c7a-9c44-74d8e496452e: 112 arrays, 0.7 MB stored; 1.3 s; peak memory 326 MiB.
2026-10-10T08:16:19Z INFO [749/1000] 6be339ab-ca70-42aa-b60d-7f1147dbc924: 77 arrays, 0.4 MB stored; 1.2 s; peak memory 326 MiB.
2026-10-10T08:16:20Z INFO [750/1000] 6be3d370-a32e-400b-b85b-22f43ec6dd8f: 117 arrays, 0.3 MB stored; 1.2 s; peak memory 326 MiB.
2026-10-10T08:16:25Z INFO [751/1000] 6be48cb1-2a3e-417e-a159-be1309560128: 334 arrays, 14.9 MB stored; 4.6 s; peak memory 326 MiB.
2026-10-10T08:16:26Z INFO [752/1000] 6be49809-3664-4280-865b-87a03e62d9a1: 48 arrays, 83.9 MB stored; 1.1 s; peak memory 326 MiB.
2026-10-10T08:16:28Z INFO [753/1000] 6be4a809-df15-430d-8409-6ea028b29fae: 112 arrays, 0.9 MB stored; 1.5 s; peak memory 326 MiB.
2026-10-10T08:16:29Z INFO [754/1000] 6be513cb-2cab-4644-86a9-d90b576de3eb: 112 arrays, 0.8 MB stored; 1.3 s; peak memory 326 MiB.
2026-10-10T08:16:33Z INFO [755/1000] 6be534fe-2bd0-443c-88db-8a3a07a316ef: 443 arrays, 5.6 MB stored; 3.7 s; peak memory 326 MiB.
2026-10-10T08:16:34Z INFO [756/1000] 6be59879-fffc-4187-b279-7897a64dc82c: 51 arrays, 1482.5 MB stored; 1.2 s; peak memory 326 MiB.
2026-10-10T08:16:36Z INFO [757/1000] 6be5f271-88ba-42c1-9b32-0c96e917c2a8: 38 arrays, 36.5 MB stored; 2.0 s; peak memory 326 MiB.
2026-10-10T08:16:37Z INFO [758/1000] 6be5f668-e265-4f39-9438-d50a4a823549: 117 arrays, 0.4 MB stored; 1.1 s; peak memory 326 MiB.
2026-10-10T08:16:38Z INFO [759/1000] 6be67ec2-4762-4fa1-92d1-d1739896b3b6: 56 arrays, 0.0 MB stored; 0.9 s; peak memory 326 MiB.
2026-10-10T08:16:39Z INFO [760/1000] 6be68c6b-72ba-40ef-87a4-5af60d9606f5: 117 arrays, 0.2 MB stored; 1.2 s; peak memory 326 MiB.
2026-10-10T08:16:41Z INFO [761/1000] 6be6d1be-b222-441e-a308-aa256d52af08: 102 arrays, 14.5 MB stored; 1.6 s; peak memory 326 MiB.
2026-10-10T08:16:42Z INFO [762/1000] 6be6df0e-27d2-4ede-9cdd-61281f32f859: 48 arrays, 83.9 MB stored; 1.3 s; peak memory 326 MiB.
2026-10-10T08:16:43Z INFO [763/1000] 6bdc4ee6-0baf-4ecb-8b1c-a43f47ccb55b: 58 arrays, 6193.5 MB stored; 60.7 s; peak memory 326 MiB.
2026-10-10T08:16:43Z INFO [764/1000] 6be905da-3015-48c9-aca7-abf7aa925cc9: 117 arrays, 0.3 MB stored; 1.3 s; peak memory 326 MiB.
2026-10-10T08:16:44Z INFO [765/1000] 6be91a72-4b41-4fd0-8b56-8b12ce46b4f8: 48 arrays, 83.9 MB stored; 1.2 s; peak memory 326 MiB.
2026-10-10T08:16:47Z INFO [766/1000] 6bea1bf9-f7ee-4f3d-8a07-f8bce9860d8a: 115 arrays, 186.8 MB stored; 2.2 s; peak memory 326 MiB.
2026-10-10T08:16:48Z INFO [767/1000] 6beae538-faab-4e2f-8854-07842369eb09: 110 arrays, 0.5 MB stored; 1.4 s; peak memory 326 MiB.
2026-10-10T08:16:49Z INFO [768/1000] 6beb1637-2bf6-4baf-b8d1-cf83d80a33b3: 46 arrays, 0.1 MB stored; 1.1 s; peak memory 326 MiB.
2026-10-10T08:16:50Z INFO [769/1000] 6bec1479-a19a-4260-8a4a-22b8d1fb3ca0: 118 arrays, 0.3 MB stored; 1.3 s; peak memory 326 MiB.
2026-10-10T08:16:51Z INFO [770/1000] 6bec29a3-7535-42df-8cb9-75a335f6fe5f: 56 arrays, 0.0 MB stored; 1.0 s; peak memory 326 MiB.
2026-10-10T08:16:56Z INFO [771/1000] 6be96433-e14a-42cb-8fd5-0dae29e17ccf: 1943 arrays, 46.9 MB stored; 12.2 s; peak memory 326 MiB.
2026-10-10T08:16:57Z INFO [772/1000] 6bed4bf7-9591-4eb9-93ca-cc972d63890c: 112 arrays, 0.7 MB stored; 1.6 s; peak memory 326 MiB.
2026-10-10T08:16:58Z INFO [773/1000] 6beda88c-48c5-4200-8024-8b0638fd7233: 112 arrays, 0.3 MB stored; 1.3 s; peak memory 326 MiB.
2026-10-10T08:16:59Z INFO [774/1000] 6bed3e54-579b-4792-94b9-7c721dceb945: 890 arrays, 24.0 MB stored; 7.6 s; peak memory 326 MiB.
2026-10-10T08:17:00Z INFO [775/1000] 6bedadc8-a653-4558-952c-da3af7502c31: 52 arrays, 13.8 MB stored; 1.1 s; peak memory 326 MiB.
2026-10-10T08:17:00Z INFO [776/1000] 6bee1bd9-c652-4aa1-a51f-93d95df7e9e0: 46 arrays, 0.6 MB stored; 1.0 s; peak memory 326 MiB.
2026-10-10T08:17:01Z INFO [777/1000] 6beee11c-d18a-4f82-9c65-87f4aa8daae1: 41 arrays, 8.4 MB stored; 1.1 s; peak memory 326 MiB.
2026-10-10T08:17:01Z INFO [778/1000] 6beee930-9181-4321-a47d-ee2824fe4ec6: 71 arrays, 4.0 MB stored; 1.4 s; peak memory 326 MiB.
2026-10-10T08:17:02Z INFO [779/1000] 6bef8b2a-afd9-4a76-80ed-9c2f5e59e9ac: 116 arrays, 0.4 MB stored; 1.1 s; peak memory 326 MiB.
2026-10-10T08:17:04Z INFO [780/1000] 6bf024a6-8809-492c-8d90-885e00231fd7: 70 arrays, 16.6 MB stored; 1.3 s; peak memory 326 MiB.
2026-10-10T08:17:05Z INFO [781/1000] 6bf18344-5b83-43fe-ab27-06cccc2d48d4: 117 arrays, 0.3 MB stored; 1.3 s; peak memory 326 MiB.
2026-10-10T08:17:06Z INFO [782/1000] 6bf201d2-2e44-40dc-98bc-6069047e5839: 59 arrays, 83.0 MB stored; 1.2 s; peak memory 326 MiB.
2026-10-10T08:17:08Z INFO [783/1000] 6bf23b39-2194-4868-b6b7-3aff7e23f1e3: 64 arrays, 21.8 MB stored; 1.3 s; peak memory 326 MiB.
2026-10-10T08:17:09Z INFO [784/1000] 6bf255f2-3107-448b-bd92-952bf3051774: 38 arrays, 33.9 MB stored; 1.9 s; peak memory 326 MiB.
2026-10-10T08:17:11Z INFO [785/1000] 6bf2f26e-d896-4f90-9306-904c3e904787: 48 arrays, 83.9 MB stored; 1.1 s; peak memory 326 MiB.
2026-10-10T08:17:11Z INFO [786/1000] 6bef7130-b18a-4841-a6ac-e04e50860600: 41 arrays, 429.4 MB stored; 10.1 s; peak memory 326 MiB.
2026-10-10T08:17:12Z INFO [787/1000] 6bf35535-33c4-443d-8c5d-37c5565f585e: 112 arrays, 0.3 MB stored; 1.2 s; peak memory 326 MiB.
2026-10-10T08:17:12Z INFO [788/1000] 6bf335b8-9071-49a5-b307-4246f76b2491: 112 arrays, 0.9 MB stored; 1.6 s; peak memory 326 MiB.
2026-10-10T08:17:12Z INFO [789/1000] 6b60b812-004a-4d4f-8348-b744519aa318: 357 arrays, 201863.3 MB stored; 560.5 s; peak memory 326 MiB.
2026-10-10T08:17:17Z INFO [790/1000] 6bf4bfb4-7d3e-4f2f-846b-6f57f3b927c1: 229 arrays, 520.0 MB stored; 4.3 s; peak memory 326 MiB.
2026-10-10T08:17:17Z INFO [791/1000] 6bf3da6e-0f08-43f5-ab2a-f2635e9cca0b: 196 arrays, 603.7 MB stored; 5.3 s; peak memory 326 MiB.
2026-10-10T08:17:18Z INFO [792/1000] 6bf560a0-9f85-4171-84ee-57dd85bf55de: 247 arrays, 17.2 MB stored; 1.4 s; peak memory 326 MiB.
2026-10-10T08:17:18Z INFO [793/1000] 6bf57977-edb3-4de6-b935-74f6196d1dc4: 48 arrays, 83.9 MB stored; 1.1 s; peak memory 326 MiB.
2026-10-10T08:17:20Z INFO [794/1000] 6bf62c73-ac1e-4f18-88be-2873909ee413: 112 arrays, 0.6 MB stored; 1.3 s; peak memory 326 MiB.
2026-10-10T08:17:21Z INFO [795/1000] 6bf63f05-e831-493d-a05c-6efa3410e395: 57 arrays, 0.0 MB stored; 1.0 s; peak memory 326 MiB.
2026-10-10T08:17:21Z INFO [796/1000] 6bf474a9-e664-455b-b9e6-1eaa26ce40bd: 1564 arrays, 29.0 MB stored; 9.0 s; peak memory 326 MiB.
2026-10-10T08:17:22Z INFO [797/1000] 6bf6f409-4cea-4554-aeff-597c7ba5f375: 70 arrays, 11.3 MB stored; 1.5 s; peak memory 326 MiB.
2026-10-10T08:17:22Z INFO [798/1000] 6bf74c59-573c-4f9a-ac06-320e6b70faf3: 110 arrays, 0.5 MB stored; 1.3 s; peak memory 326 MiB.
2026-10-10T08:17:23Z INFO [799/1000] 6bf75f4e-08b8-4726-b763-f943394b6f51: 57 arrays, 0.0 MB stored; 1.0 s; peak memory 326 MiB.
2026-10-10T08:17:24Z INFO [800/1000] 6bf7c1af-bf47-45aa-ac31-f6fb07f309d6: 117 arrays, 0.3 MB stored; 1.3 s; peak memory 326 MiB.
2026-10-10T08:17:24Z INFO [800/1000] 6bf7c1af-bf47-45aa-ac31-f6fb07f309d6: checkpointed 800 new records.
2026-10-10T08:17:26Z INFO [801/1000] 6bf57f9d-85ee-403e-ad6a-3e4471193ff9: 780 arrays, 39.9 MB stored; 7.7 s; peak memory 339 MiB.
2026-10-10T08:17:26Z INFO [802/1000] 6bf8a45e-1ac2-4092-b0cb-6f4c1d70ad28: 116 arrays, 187.1 MB stored; 2.3 s; peak memory 339 MiB.
2026-10-10T08:17:27Z INFO [803/1000] 6bf8dced-d430-46a8-82b3-c3c785a8bf9b: 61 arrays, 19.5 MB stored; 1.3 s; peak memory 339 MiB.
2026-10-10T08:17:27Z INFO [804/1000] 6bf94511-35a0-49e7-9de9-a204ad304301: 117 arrays, 0.4 MB stored; 1.3 s; peak memory 339 MiB.
2026-10-10T08:17:29Z INFO [805/1000] 6bf98206-957d-419d-81fb-276a4d2c9db2: 118 arrays, 0.6 MB stored; 1.4 s; peak memory 339 MiB.
2026-10-10T08:17:29Z INFO [806/1000] 6bf97751-8f51-47fa-a5a0-afc8043bba27: 53 arrays, 147.9 MB stored; 2.5 s; peak memory 339 MiB.
2026-10-10T08:17:30Z INFO [807/1000] 6bf99c9a-af3a-4436-b896-8e139933b4a1: 57 arrays, 0.0 MB stored; 1.0 s; peak memory 339 MiB.
2026-10-10T08:17:31Z INFO [808/1000] 6bf9c56b-af69-4ca0-a6c4-a9eb92e2c247: 48 arrays, 83.9 MB stored; 1.1 s; peak memory 339 MiB.
2026-10-10T08:17:32Z INFO [809/1000] 6bfa6307-9bfa-4e8f-a695-733606a7cfd1: 48 arrays, 83.9 MB stored; 1.0 s; peak memory 339 MiB.
2026-10-10T08:17:33Z INFO [810/1000] 6bf87925-beb0-4e26-9f79-72bad1834ef6: 887 arrays, 34.5 MB stored; 9.5 s; peak memory 339 MiB.
2026-10-10T08:17:33Z INFO [811/1000] 6bfa81fe-752a-464b-9777-fe2e78c19efe: 38 arrays, 23.4 MB stored; 1.8 s; peak memory 339 MiB.
2026-10-10T08:17:34Z INFO [812/1000] 6bfa8de7-2265-47cd-a3a2-c01051f528c7: 117 arrays, 0.3 MB stored; 1.2 s; peak memory 339 MiB.
2026-10-10T08:17:34Z INFO [813/1000] 6bfab006-918d-4dca-83ee-55f9e8a0cf2d: 50 arrays, 2.5 MB stored; 1.0 s; peak memory 339 MiB.
2026-10-10T08:17:35Z INFO [814/1000] 6bfa0b57-3b5a-4683-ad75-e4f5ccf27369: 697 arrays, 19.4 MB stored; 5.2 s; peak memory 339 MiB.
2026-10-10T08:17:36Z INFO [815/1000] 6bfb10f6-eea8-4839-9d0a-0aa5a588d21b: 117 arrays, 0.3 MB stored; 1.3 s; peak memory 339 MiB.
2026-10-10T08:17:37Z INFO [816/1000] 6bfab6ef-6a48-4c67-ae08-06c6a41dc687: 228 arrays, 979.9 MB stored; 2.7 s; peak memory 339 MiB.
2026-10-10T08:17:38Z INFO [817/1000] 6bfba02c-63de-461f-bc8b-aa02cdb41c8d: 38 arrays, 25.1 MB stored; 2.0 s; peak memory 339 MiB.
2026-10-10T08:17:38Z INFO [818/1000] 6bfd17e9-a455-48e0-8b30-ca9297f51e05: 118 arrays, 0.7 MB stored; 1.3 s; peak memory 339 MiB.
2026-10-10T08:17:39Z INFO [819/1000] 6bfb4a23-d328-4ef4-9d3d-6ff13126c706: 538 arrays, 8.3 MB stored; 4.7 s; peak memory 339 MiB.
2026-10-10T08:17:40Z INFO [820/1000] 6bfd6595-a494-498b-bce1-53a8719b1054: 138 arrays, 10.2 MB stored; 1.8 s; peak memory 339 MiB.
2026-10-10T08:17:40Z INFO [821/1000] 6bfd6d23-c917-49a2-94aa-3a6c797f9865: 47 arrays, 0.3 MB stored; 1.0 s; peak memory 339 MiB.
2026-10-10T08:17:41Z INFO [822/1000] 6bfd7ba8-788e-4d61-b695-e63e4697e34c: 117 arrays, 0.3 MB stored; 1.2 s; peak memory 339 MiB.
2026-10-10T08:17:42Z INFO [823/1000] 6bfddb76-ea3a-447f-9d76-b3c812cdf2ec: 84 arrays, 1.6 MB stored; 1.3 s; peak memory 339 MiB.
2026-10-10T08:17:42Z INFO [824/1000] 6bfe58be-f2ed-42ef-b133-72b9859c485b: 46 arrays, 0.1 MB stored; 0.9 s; peak memory 339 MiB.
2026-10-10T08:17:46Z INFO [825/1000] 6bff14cb-f829-4295-9509-2648f6b6b417: 538 arrays, 8.5 MB stored; 4.5 s; peak memory 339 MiB.
2026-10-10T08:17:57Z INFO [826/1000] 6bff38e9-9ffa-4f06-9cd9-234a3f1d525a: 48 arrays, 37607.7 MB stored; 14.8 s; peak memory 339 MiB.
2026-10-10T08:17:57Z INFO [827/1000] 6bcd458c-c203-4e98-aaf7-4661557b6122: 938 arrays, 4058.7 MB stored; 237.4 s; peak memory 339 MiB.
2026-10-10T08:17:58Z INFO [828/1000] 6bffb032-443f-4dc3-9184-94bf96ffd74b: 48 arrays, 83.9 MB stored; 1.2 s; peak memory 339 MiB.
2026-10-10T08:17:58Z INFO [829/1000] 6c0084c2-e2b7-4e88-8631-ee17d76fcc70: 114 arrays, 0.1 MB stored; 1.2 s; peak memory 339 MiB.
2026-10-10T08:17:58Z INFO [830/1000] 6bff8085-f926-4489-a2ca-5158d3f4bbba: 3799 arrays, 34.5 MB stored; 12.0 s; peak memory 339 MiB.
2026-10-10T08:18:00Z INFO [831/1000] 6c00d7b1-7f08-475f-ba0d-40083f1286f7: 88 arrays, 802.6 MB stored; 1.9 s; peak memory 339 MiB.
2026-10-10T08:18:01Z INFO [832/1000] 6c01a9e8-9927-42ec-8927-e641c88da307: 48 arrays, 83.9 MB stored; 1.2 s; peak memory 339 MiB.
2026-10-10T08:18:02Z INFO [833/1000] 6c0261db-9d2c-45fe-8d4d-315bc8216e42: 48 arrays, 83.9 MB stored; 1.2 s; peak memory 339 MiB.
2026-10-10T08:18:03Z INFO [834/1000] 6c00c3a5-b495-4cfa-88c0-a56b180a743b: 196 arrays, 581.6 MB stored; 5.0 s; peak memory 339 MiB.
2026-10-10T08:18:03Z INFO [835/1000] 6c02a72f-6440-44b5-90cc-85bad6aae894: 48 arrays, 83.9 MB stored; 1.1 s; peak memory 339 MiB.
2026-10-10T08:18:03Z INFO [836/1000] 6c0130fb-5d67-437a-b027-fb4bc6086c72: 1132 arrays, 21.6 MB stored; 5.2 s; peak memory 339 MiB.
2026-10-10T08:18:04Z INFO [837/1000] 6c02cce2-75d1-4724-a481-ff83797b0314: 48 arrays, 83.9 MB stored; 1.0 s; peak memory 339 MiB.
2026-10-10T08:18:05Z INFO [838/1000] 6c02cd5c-7911-46e7-8641-25396a50edf5: 64 arrays, 3.6 MB stored; 1.4 s; peak memory 339 MiB.
2026-10-10T08:18:06Z INFO [839/1000] 6c0394d9-072b-4f2e-9b89-3ff502aeebf5: 48 arrays, 83.9 MB stored; 1.1 s; peak memory 339 MiB.
2026-10-10T08:18:07Z INFO [840/1000] 6c03c6fe-9c7a-4a3b-8d2f-46edf8239387: 57 arrays, 0.0 MB stored; 1.0 s; peak memory 339 MiB.
2026-10-10T08:18:08Z INFO [841/1000] 6c03fb93-f3fc-4132-81d5-0b89cc76f1c2: 39 arrays, 786.4 MB stored; 1.0 s; peak memory 339 MiB.
2026-10-10T08:18:08Z INFO [842/1000] 6c02f4e7-6a37-49a2-b25c-17c47f857b16: 543 arrays, 17.5 MB stored; 4.9 s; peak memory 339 MiB.
2026-10-10T08:18:10Z INFO [843/1000] 6c04aef4-be6a-457e-bbf5-74201fe997db: 62 arrays, 4028.1 MB stored; 1.6 s; peak memory 339 MiB.
2026-10-10T08:18:11Z INFO [844/1000] 6c0668e3-7085-41a0-b4d5-e5d12aeafcc5: 48 arrays, 83.9 MB stored; 1.1 s; peak memory 339 MiB.
2026-10-10T08:18:11Z INFO [845/1000] 6c043ee1-13ff-4f7a-8fa0-d77ab9520695: 377 arrays, 11.7 MB stored; 3.2 s; peak memory 339 MiB.
2026-10-10T08:18:12Z INFO [846/1000] 6c032261-6cef-4ce0-a2b8-1a3662535718: 271 arrays, 48581.9 MB stored; 8.5 s; peak memory 339 MiB.
2026-10-10T08:18:13Z INFO [847/1000] 6c06d8d7-ba63-4e62-a333-51e1c4d879d0: 71 arrays, 137.6 MB stored; 2.1 s; peak memory 339 MiB.
2026-10-10T08:18:13Z INFO [848/1000] 6c083b4e-f5de-4482-9394-ffeba407a735: 138 arrays, 4.8 MB stored; 2.1 s; peak memory 339 MiB.
2026-10-10T08:18:14Z INFO [849/1000] 6c0b0d22-d302-4aa2-a818-f27f12e2b0b5: 48 arrays, 83.9 MB stored; 1.1 s; peak memory 339 MiB.
2026-10-10T08:18:14Z INFO [850/1000] 6c0b2de9-b30b-4101-b070-a990e94f1b8f: 56 arrays, 3.4 MB stored; 1.2 s; peak memory 339 MiB.
2026-10-10T08:18:15Z INFO [851/1000] 6c09b29b-51b1-4329-a9ad-ac57fe9125ad: 156 arrays, 193.5 MB stored; 2.5 s; peak memory 339 MiB.
2026-10-10T08:18:15Z INFO [852/1000] 6c0b2e22-29bd-4261-b627-5b9b903dceac: 48 arrays, 83.9 MB stored; 1.3 s; peak memory 339 MiB.
2026-10-10T08:18:16Z INFO [853/1000] 6c0b4ac9-1dde-47c8-9b54-dbb033f474ff: 153 arrays, 0.4 MB stored; 1.3 s; peak memory 339 MiB.
2026-10-10T08:18:16Z INFO [854/1000] 6c0b4d68-4dae-48bc-ad13-77934c0a36ad: 72 arrays, 0.2 MB stored; 1.3 s; peak memory 339 MiB.
2026-10-10T08:18:16Z INFO [855/1000] 6c0b5216-6c00-4e45-a062-8d9e7da3b7fb: 46 arrays, 0.0 MB stored; 1.0 s; peak memory 339 MiB.
2026-10-10T08:18:17Z INFO [856/1000] 6c0b61f2-0143-425e-ac22-2dac2428e929: 50 arrays, 2.4 MB stored; 1.0 s; peak memory 339 MiB.
2026-10-10T08:18:18Z INFO [857/1000] 6c0c03d4-e962-4d5a-9da7-51bcf968b220: 117 arrays, 0.5 MB stored; 1.4 s; peak memory 339 MiB.
2026-10-10T08:18:18Z INFO [858/1000] 6c0c7d05-f067-42d1-9bd9-d2b9197f6ff5: 48 arrays, 83.9 MB stored; 1.2 s; peak memory 339 MiB.
2026-10-10T08:18:19Z INFO [859/1000] 6c0dca66-98f3-4531-8de5-574d323277c4: 112 arrays, 1.0 MB stored; 1.4 s; peak memory 339 MiB.
2026-10-10T08:18:19Z INFO [860/1000] 6c0e09d4-5b00-4803-a143-e01a3dc5d530: 117 arrays, 0.5 MB stored; 1.3 s; peak memory 339 MiB.
2026-10-10T08:18:20Z INFO [861/1000] 6c0eba01-6471-4c4b-a256-0be48d8e7d3b: 38 arrays, 0.4 MB stored; 1.1 s; peak memory 339 MiB.
2026-10-10T08:18:20Z INFO [862/1000] 6c0ed951-9b98-476e-9e7a-23dadb297870: 48 arrays, 83.9 MB stored; 1.3 s; peak memory 339 MiB.
2026-10-10T08:18:21Z INFO [863/1000] 6c0f3901-01c8-4314-82eb-d4de3f753688: 118 arrays, 0.3 MB stored; 1.1 s; peak memory 339 MiB.
2026-10-10T08:18:21Z INFO [864/1000] 6c0c8528-1eb8-465e-942c-e4f46fe7def7: 534 arrays, 8.5 MB stored; 4.7 s; peak memory 339 MiB.
2026-10-10T08:18:22Z INFO [865/1000] 6c0f149b-c47d-4393-a092-33a6b188be59: 131 arrays, 0.7 MB stored; 1.6 s; peak memory 339 MiB.
2026-10-10T08:18:23Z INFO [866/1000] 6c0f4e64-d978-4141-8656-d3b132eb9d2c: 59 arrays, 243.9 MB stored; 1.3 s; peak memory 339 MiB.
2026-10-10T08:18:23Z INFO [867/1000] 6c0f81fe-e785-468a-b84b-6ad1c893851e: 48 arrays, 83.9 MB stored; 1.4 s; peak memory 339 MiB.
2026-10-10T08:18:23Z INFO [868/1000] 6c0fef0b-c9a1-4f2c-93b3-6f7d4262fe9b: 48 arrays, 83.9 MB stored; 1.2 s; peak memory 339 MiB.
2026-10-10T08:18:24Z INFO [869/1000] 6c113b16-061b-4b1e-a114-f18144cca839: 48 arrays, 83.9 MB stored; 1.3 s; peak memory 339 MiB.
2026-10-10T08:18:24Z INFO [870/1000] 6c10ec29-339a-4966-b02e-682864c95e12: 290 arrays, 0.6 MB stored; 1.4 s; peak memory 339 MiB.
2026-10-10T08:18:25Z INFO [871/1000] 6c11a5ed-d0c7-4ff4-b99a-9ba9644ed85c: 56 arrays, 0.7 MB stored; 1.1 s; peak memory 339 MiB.
2026-10-10T08:18:27Z INFO [872/1000] 6c113d2f-96d9-49ae-9404-1582cd460222: 114 arrays, 186.8 MB stored; 2.4 s; peak memory 339 MiB.
2026-10-10T08:18:27Z INFO [873/1000] 6c11b61d-b62c-4ea0-b245-130ec8ac678e: 118 arrays, 51.2 MB stored; 1.6 s; peak memory 339 MiB.
2026-10-10T08:18:28Z INFO [874/1000] 6c10bdff-992f-44d7-abbc-5378a1f33f2b: 538 arrays, 8.4 MB stored; 5.0 s; peak memory 339 MiB.
2026-10-10T08:18:28Z INFO [875/1000] 6c121d9c-416c-4add-bf81-c012a6192407: 49 arrays, 2.0 MB stored; 1.4 s; peak memory 339 MiB.
2026-10-10T08:18:28Z INFO [876/1000] 6c130112-0625-498d-807a-992c1f857c5e: 121 arrays, 0.1 MB stored; 1.3 s; peak memory 339 MiB.
2026-10-10T08:18:29Z INFO [877/1000] 6c13063d-42de-4db7-b5fe-0e88524155f9: 57 arrays, 0.0 MB stored; 1.0 s; peak memory 339 MiB.
2026-10-10T08:18:29Z INFO [878/1000] 6c13608a-9d5b-4431-ac60-1afe78e92ccc: 48 arrays, 83.9 MB stored; 1.3 s; peak memory 339 MiB.
2026-10-10T08:18:30Z INFO [879/1000] 6c13afbd-3055-42bd-a984-89c7d5521570: 66 arrays, 101.9 MB stored; 1.4 s; peak memory 339 MiB.
2026-10-10T08:18:30Z INFO [880/1000] 6c136801-a0a6-49bd-81b7-9326a4ae5b12: 115 arrays, 190.1 MB stored; 2.2 s; peak memory 339 MiB.
2026-10-10T08:18:31Z INFO [881/1000] 6c140b74-8521-4a65-b91f-73be0cdcb135: 48 arrays, 83.9 MB stored; 1.1 s; peak memory 339 MiB.
2026-10-10T08:18:32Z INFO [882/1000] 6c1413c4-418b-423a-9625-6b59f9c81845: 48 arrays, 83.9 MB stored; 1.2 s; peak memory 339 MiB.
2026-10-10T08:18:33Z INFO [883/1000] 6c144627-4bc8-4190-91e8-6fab97b364ff: 48 arrays, 83.9 MB stored; 1.0 s; peak memory 339 MiB.
2026-10-10T08:18:34Z INFO [884/1000] 6c14776e-a21a-4924-804b-df8dba1564e4: 112 arrays, 0.4 MB stored; 1.3 s; peak memory 339 MiB.
2026-10-10T08:18:35Z INFO [885/1000] 6c14b597-b940-4823-b3f4-a1e5d76bb7d1: 49 arrays, 0.9 MB stored; 1.0 s; peak memory 339 MiB.
2026-10-10T08:18:41Z INFO [886/1000] 6c153ee3-867a-40f1-97c7-2d8e9594995a: 384 arrays, 78.1 MB stored; 6.0 s; peak memory 339 MiB.
2026-10-10T08:18:42Z INFO [887/1000] 6c15894b-3d17-4e21-b36e-388f4f8bbbaf: 116 arrays, 0.3 MB stored; 1.2 s; peak memory 339 MiB.
2026-10-10T08:18:43Z INFO [888/1000] 6c15dccd-3073-48c7-8489-acc7114ac8fc: 48 arrays, 83.9 MB stored; 1.2 s; peak memory 339 MiB.
2026-10-10T08:18:45Z INFO [889/1000] 6c165147-87b2-48cb-a230-795c2255c349: 118 arrays, 0.4 MB stored; 1.3 s; peak memory 339 MiB.
2026-10-10T08:18:53Z INFO [890/1000] 6c1425c4-0d47-41a2-be7f-8f9824d3f31c: 3730 arrays, 58.0 MB stored; 21.9 s; peak memory 339 MiB.
2026-10-10T08:18:56Z INFO [891/1000] 6c1928ae-cc0d-4e92-a3a8-9313fb68b13f: 399 arrays, 3.4 MB stored; 2.7 s; peak memory 339 MiB.
2026-10-10T08:18:57Z INFO [892/1000] 6c19295e-c580-4004-ba37-7a85b2b4a8a8: 56 arrays, 0.0 MB stored; 1.1 s; peak memory 339 MiB.
2026-10-10T08:18:58Z INFO [893/1000] 6c195317-d55a-4888-a64d-08a345757b7b: 118 arrays, 0.4 MB stored; 1.2 s; peak memory 339 MiB.
2026-10-10T08:18:59Z INFO [894/1000] 6c196b39-59b1-4c2b-bdf7-995bf9128221: 48 arrays, 83.9 MB stored; 1.2 s; peak memory 339 MiB.
2026-10-10T08:19:00Z INFO [895/1000] 6c19b5d9-d5a3-4f05-8d31-1e976a20fcab: 48 arrays, 83.9 MB stored; 1.1 s; peak memory 339 MiB.
2026-10-10T08:19:02Z INFO [896/1000] 6c1a14a8-6e44-4ac0-8faa-4d112710fae7: 46 arrays, 3132.9 MB stored; 1.2 s; peak memory 339 MiB.
2026-10-10T08:19:03Z INFO [897/1000] 6c1a285f-36cb-4bfa-baa4-c243e7eda415: 112 arrays, 0.2 MB stored; 1.1 s; peak memory 339 MiB.
2026-10-10T08:19:05Z INFO [898/1000] 6c1abd58-8965-4f42-927f-f1c804a5d162: 119 arrays, 66.4 MB stored; 1.9 s; peak memory 339 MiB.
2026-10-10T08:19:06Z INFO [899/1000] 6c1bf8b7-16c6-4416-a8de-7e06e6ccb2ce: 117 arrays, 0.3 MB stored; 1.3 s; peak memory 339 MiB.
2026-10-10T08:19:07Z INFO [900/1000] 6c1c5ad6-9e07-4d77-9ee1-037ffa2c002c: 110 arrays, 0.8 MB stored; 1.4 s; peak memory 339 MiB.
2026-10-10T08:19:08Z INFO [901/1000] 6c1c6fe3-c1c9-42d2-a15e-44b771ad10c0: 48 arrays, 83.9 MB stored; 1.2 s; peak memory 339 MiB.
2026-10-10T08:19:10Z INFO [902/1000] 6c1c8f32-2312-4662-be78-ff5671942e0a: 70 arrays, 0.5 MB stored; 1.1 s; peak memory 339 MiB.
2026-10-10T08:19:14Z INFO [903/1000] 6c1db4e9-3eb3-4002-a308-427cfe49bf97: 200 arrays, 202.8 MB stored; 4.2 s; peak memory 339 MiB.
2026-10-10T08:19:15Z INFO [904/1000] 6c1dd9e7-e62f-44cd-a954-9a7168ab26df: 112 arrays, 0.3 MB stored; 1.2 s; peak memory 339 MiB.
2026-10-10T08:19:16Z INFO [905/1000] 6c1e570b-5db6-46a2-850c-341fec71efe0: 48 arrays, 83.9 MB stored; 1.1 s; peak memory 339 MiB.
2026-10-10T08:19:17Z INFO [906/1000] 6c1ec14c-94ca-40f7-8584-d3f75f3653d7: 64 arrays, 26.9 MB stored; 1.4 s; peak memory 339 MiB.
2026-10-10T08:19:19Z INFO [907/1000] 6c1f6698-00c1-4d9f-a7b2-a434a21321f3: 114 arrays, 186.9 MB stored; 2.0 s; peak memory 339 MiB.
2026-10-10T08:19:30Z INFO [908/1000] 6c1f94d4-7eaf-41b2-a801-9fc924a1cc9b: 267 arrays, 1016.2 MB stored; 10.4 s; peak memory 339 MiB.
2026-10-10T08:19:31Z INFO [909/1000] 6c1faf13-11f0-4d32-a8ac-ab7a617dfe0f: 48 arrays, 251.7 MB stored; 1.1 s; peak memory 339 MiB.
2026-10-10T08:19:32Z INFO [910/1000] 6c1fee2d-bdf1-45a6-ac8a-ccecdce6cf1d: 116 arrays, 0.3 MB stored; 1.4 s; peak memory 339 MiB.
2026-10-10T08:19:33Z INFO [911/1000] 6c1ff262-1181-4606-a62f-ec8081f6e2ac: 46 arrays, 12.6 MB stored; 1.2 s; peak memory 339 MiB.
2026-10-10T08:19:37Z INFO [912/1000] 6c2036b1-de16-4be5-832f-f86781ebd442: 251 arrays, 36.8 MB stored; 3.6 s; peak memory 339 MiB.
2026-10-10T08:19:38Z INFO [913/1000] 6c209c4c-d934-431f-8eeb-dc0cb44216d9: 110 arrays, 0.4 MB stored; 1.3 s; peak memory 339 MiB.
2026-10-10T08:19:43Z INFO [914/1000] 6c218c80-e32b-4c7e-b474-a39d0d5b542b: 225 arrays, 498.0 MB stored; 4.2 s; peak memory 339 MiB.
2026-10-10T08:19:46Z INFO [915/1000] 6c21a70b-9cf8-403b-8994-6bc415a7cb38: 444 arrays, 3.5 MB stored; 3.0 s; peak memory 339 MiB.
2026-10-10T08:19:47Z INFO [916/1000] 6c21b9dd-c39e-426d-a151-abaf8d546ea4: 303 arrays, 17.1 MB stored; 1.5 s; peak memory 339 MiB.
2026-10-10T08:19:49Z INFO [917/1000] 6c2216a0-0470-43ac-bc5a-343fdd02ff6d: 66 arrays, 20.0 MB stored; 1.5 s; peak memory 339 MiB.
2026-10-10T08:20:04Z INFO [918/1000] 6c13fe28-3510-4fe3-a9dc-b41e7d2812b5: 190 arrays, 21245.3 MB stored; 95.2 s; peak memory 339 MiB.
2026-10-10T08:20:06Z INFO [919/1000] 6c23e641-34b3-461b-8b1f-2dce1a7511d0: 52 arrays, 14.1 MB stored; 1.1 s; peak memory 339 MiB.
2026-10-10T08:20:08Z INFO [920/1000] 6c244c7e-3e6f-47cb-b3be-1fed99be9112: 138 arrays, 4.8 MB stored; 2.1 s; peak memory 339 MiB.
2026-10-10T08:20:55Z INFO [921/1000] 6c2335e2-5ffd-48f6-b5c3-af3849b2591b: 28943 arrays, 1172.8 MB stored; 66.7 s; peak memory 339 MiB.
2026-10-10T08:20:57Z INFO [922/1000] 6c245239-5476-4743-aada-53e25023b548: 66 arrays, 10.7 MB stored; 1.4 s; peak memory 339 MiB.
2026-10-10T08:20:59Z INFO [923/1000] 6c2457cf-6ebe-4849-8941-25b258848761: 153 arrays, 3.3 MB stored; 2.3 s; peak memory 339 MiB.
2026-10-10T08:21:00Z INFO [924/1000] 6c2490f9-410c-4057-acc2-7c3566562246: 118 arrays, 0.3 MB stored; 1.2 s; peak memory 339 MiB.
2026-10-10T08:21:02Z INFO [925/1000] 6c253b58-530f-443c-9f3e-87e2669c4066: 112 arrays, 0.7 MB stored; 1.4 s; peak memory 339 MiB.
2026-10-10T08:21:03Z INFO [926/1000] 6c2545b0-3d85-4d5c-9e32-8e5333e36b9f: 117 arrays, 0.5 MB stored; 1.4 s; peak memory 339 MiB.
2026-10-10T08:21:04Z INFO [927/1000] 6c25690c-0947-4751-bbc3-29a1b7d15f22: 48 arrays, 83.9 MB stored; 1.1 s; peak memory 339 MiB.
2026-10-10T08:21:16Z INFO [928/1000] 6c25d390-a3bb-431a-b641-0452510bd132: 827 arrays, 23.8 MB stored; 12.2 s; peak memory 339 MiB.
2026-10-10T08:21:18Z INFO [929/1000] 6c261a4e-e14d-4236-8e19-86bfd556707b: 118 arrays, 0.3 MB stored; 1.4 s; peak memory 339 MiB.
2026-10-10T08:21:20Z INFO [930/1000] 6c261c15-dc5d-4b8f-98dc-b4e3ce3825bd: 157 arrays, 324.3 MB stored; 2.5 s; peak memory 339 MiB.
2026-10-10T08:21:21Z INFO [931/1000] 6c2664c7-be6a-4a15-bba0-df8c548aa49a: 48 arrays, 83.9 MB stored; 1.2 s; peak memory 339 MiB.
2026-10-10T08:21:26Z INFO [932/1000] 6c268d5c-cd1c-4a90-88af-bce290a928d6: 537 arrays, 8.2 MB stored; 4.5 s; peak memory 339 MiB.
2026-10-10T08:21:27Z INFO [933/1000] 6c274a98-f51f-4a41-85ae-e9a1c13b8cf7: 54 arrays, 0.0 MB stored; 1.1 s; peak memory 339 MiB.
2026-10-10T08:21:28Z INFO [934/1000] 6c281b27-7f82-4388-965f-54d71eea3c02: 48 arrays, 83.9 MB stored; 1.1 s; peak memory 339 MiB.
2026-10-10T08:21:29Z INFO [935/1000] 6c28ca2d-7ad7-4a8d-8248-3af50a5ee8b7: 116 arrays, 0.4 MB stored; 1.1 s; peak memory 339 MiB.
2026-10-10T08:21:38Z INFO [936/1000] 6c290221-f178-4370-bca8-02dd89fa25e3: 1461 arrays, 31.5 MB stored; 8.5 s; peak memory 339 MiB.
2026-10-10T08:21:42Z INFO [937/1000] 6c2909ba-b15e-4c9d-ab5d-30155c56ed78: 194 arrays, 370.0 MB stored; 4.3 s; peak memory 339 MiB.
2026-10-10T08:21:43Z INFO [938/1000] 6c29112a-3a90-40cf-a33a-1485825999ea: 48 arrays, 83.9 MB stored; 1.0 s; peak memory 339 MiB.
2026-10-10T08:21:44Z INFO [939/1000] 6c29403f-7412-4103-8881-5a565197c979: 117 arrays, 0.3 MB stored; 1.2 s; peak memory 339 MiB.
2026-10-10T08:21:45Z INFO [940/1000] 6c294bef-027f-4627-b6f5-58e19d18d071: 118 arrays, 0.5 MB stored; 1.2 s; peak memory 339 MiB.
2026-10-10T08:21:47Z INFO [941/1000] 6c2a4747-65a1-4e25-a5d4-33e3e9ca6fbf: 146 arrays, 289.5 MB stored; 2.1 s; peak memory 339 MiB.
2026-10-10T08:21:49Z INFO [942/1000] 6c2a838e-553e-46fd-95ed-a13712922dfe: 118 arrays, 0.4 MB stored; 1.3 s; peak memory 339 MiB.
2026-10-10T08:21:50Z INFO [943/1000] 6c2bf42b-ea41-4362-b12f-1445c545ea7d: 48 arrays, 83.9 MB stored; 1.2 s; peak memory 339 MiB.
2026-10-10T08:21:56Z INFO [944/1000] 6c2c9f9c-fc2a-4e71-9c1a-3917d8127594: 391 arrays, 78.4 MB stored; 5.9 s; peak memory 339 MiB.
2026-10-10T08:22:00Z INFO [945/1000] 6c2d21a5-1bfc-4c9c-8149-217cc61374d6: 257 arrays, 85.2 MB stored; 4.6 s; peak memory 339 MiB.
2026-10-10T08:22:02Z INFO [946/1000] 6c2d9ffa-4a6a-429a-846e-10856c32549e: 115 arrays, 190.1 MB stored; 2.1 s; peak memory 339 MiB.
2026-10-10T08:22:04Z INFO [947/1000] 6c2e1cda-5136-40f9-b7c5-f902b6d05709: 116 arrays, 0.3 MB stored; 1.1 s; peak memory 339 MiB.
2026-10-10T08:22:07Z INFO [948/1000] 6c2e8d7f-8e4a-4d09-8d76-8680daaefd68: 38 arrays, 1318.0 MB stored; 3.6 s; peak memory 339 MiB.
2026-10-10T08:22:08Z INFO [949/1000] 6c2ef304-6dc8-424f-8ec8-15a9c752aa34: 46 arrays, 0.0 MB stored; 0.8 s; peak memory 339 MiB.
2026-10-10T08:22:09Z INFO [950/1000] 6c2f1dee-03e1-4f19-8f8e-338ffd6e1950: 48 arrays, 83.9 MB stored; 1.0 s; peak memory 339 MiB.
2026-10-10T08:22:11Z INFO [951/1000] 6bfd3255-1373-4de8-afc7-5f03aafe0a54: 94 arrays, 24324.4 MB stored; 273.4 s; peak memory 339 MiB.
2026-10-10T08:22:13Z INFO [952/1000] 6c2f8793-2922-464e-a218-00011a62f5dc: 71 arrays, 416.4 MB stored; 2.2 s; peak memory 339 MiB.
2026-10-10T08:22:15Z INFO [953/1000] 6c2fa7a1-18f1-4a2d-b844-5386271273dd: 48 arrays, 83.9 MB stored; 1.2 s; peak memory 339 MiB.
2026-10-10T08:22:31Z INFO [954/1000] 6c173ffa-79c9-4768-b977-aed0d6f515d4: 938 arrays, 3826.5 MB stored; 226.9 s; peak memory 339 MiB.
2026-10-10T08:22:33Z INFO [955/1000] 6c3095fa-44cb-4ba3-9e69-2b6000662a32: 117 arrays, 0.3 MB stored; 1.2 s; peak memory 339 MiB.
2026-10-10T08:22:34Z INFO [956/1000] 6c310162-6d67-4f65-bfa4-c28b9a1cb576: 48 arrays, 83.9 MB stored; 1.1 s; peak memory 339 MiB.
2026-10-10T08:22:35Z INFO [957/1000] 6c3144c3-b0ce-48e0-aad6-17b3d9ed47fb: 85 arrays, 8.6 MB stored; 1.7 s; peak memory 339 MiB.
2026-10-10T08:23:01Z INFO [958/1000] 6c244f03-a9d9-4b70-875c-870c21f530b4: 283 arrays, 39401.0 MB stored; 173.2 s; peak memory 339 MiB.
2026-10-10T08:23:05Z INFO [959/1000] 6c31cd0d-e731-43a8-9f25-18b013b395a6: 229 arrays, 426.4 MB stored; 4.2 s; peak memory 339 MiB.
2026-10-10T08:23:11Z INFO [960/1000] 6c32cc47-c6f5-4792-986d-ded49d2692e4: 1384 arrays, 33.7 MB stored; 5.6 s; peak memory 339 MiB.
2026-10-10T08:23:12Z INFO [961/1000] 6c32d9d5-270b-4c25-a1c8-b667d6a9b401: 79 arrays, 0.1 MB stored; 1.2 s; peak memory 339 MiB.
2026-10-10T08:23:15Z INFO [962/1000] 6c32e1a0-6980-4fcf-8c9f-6c3ad6098ca6: 38 arrays, 6617.3 MB stored; 2.9 s; peak memory 339 MiB.
2026-10-10T08:23:16Z INFO [963/1000] 6c332644-29a9-4c03-8bf2-29b1870258cb: 46 arrays, 0.0 MB stored; 0.9 s; peak memory 339 MiB.
2026-10-10T08:23:17Z INFO [964/1000] 6c31763e-fc07-43f8-ba87-ebd4ac738f7b: 7114 arrays, 1799.8 MB stored; 41.1 s; peak memory 339 MiB.
2026-10-10T08:23:17Z INFO [965/1000] 6c33c765-22ed-4cb5-9acf-b7e11d49c00f: 62 arrays, 2618.2 MB stored; 1.5 s; peak memory 339 MiB.
2026-10-10T08:23:18Z INFO [966/1000] 6c33df59-2233-4d68-ad71-ce06122d6061: 52 arrays, 2930.6 MB stored; 1.1 s; peak memory 339 MiB.
2026-10-10T08:23:18Z INFO [967/1000] 6c340310-8643-41a6-b92f-8988f0198786: 33 arrays, 0.0 MB stored; 1.1 s; peak memory 339 MiB.
2026-10-10T08:23:19Z INFO [968/1000] 6c340746-2a3f-49d4-a7e9-83b3f6ec61b4: 48 arrays, 83.9 MB stored; 1.2 s; peak memory 339 MiB.
2026-10-10T08:23:20Z INFO [969/1000] 6c342996-a8e3-46f7-8937-aba2705ddec4: 49 arrays, 18.5 MB stored; 1.3 s; peak memory 339 MiB.
2026-10-10T08:23:20Z INFO [970/1000] 6c342e05-9bcc-4d05-bd06-6d542b21a611: 289 arrays, 17.1 MB stored; 1.4 s; peak memory 339 MiB.
2026-10-10T08:23:21Z INFO [971/1000] 6c351369-7940-49ba-8a34-e2dcf5b99da8: 46 arrays, 0.1 MB stored; 1.0 s; peak memory 339 MiB.
2026-10-10T08:23:22Z INFO [972/1000] 6c355d9f-1f06-4087-844b-e0bd5404ee8d: 117 arrays, 0.4 MB stored; 1.2 s; peak memory 339 MiB.
2026-10-10T08:23:23Z INFO [973/1000] 6c3578f0-bc10-4be1-b107-f98bb98ddb87: 114 arrays, 0.2 MB stored; 1.0 s; peak memory 339 MiB.
2026-10-10T08:23:24Z INFO [974/1000] 6c360736-c872-4793-8d4b-5f8708164414: 90 arrays, 0.2 MB stored; 1.2 s; peak memory 339 MiB.
2026-10-10T08:23:25Z INFO [975/1000] 6c352085-67ef-4eb9-b2ad-adef3824d1af: 538 arrays, 8.5 MB stored; 4.8 s; peak memory 339 MiB.
2026-10-10T08:23:25Z INFO [976/1000] 6c36e7c2-5e02-4585-b164-47406c8b1272: 117 arrays, 0.2 MB stored; 1.2 s; peak memory 339 MiB.
2026-10-10T08:23:27Z INFO [977/1000] 6c373fb5-bab8-4d04-bf2e-d1a8ce069561: 71 arrays, 129.8 MB stored; 2.0 s; peak memory 339 MiB.
2026-10-10T08:23:30Z INFO [978/1000] 6c3743ba-bd9e-4987-9d0e-68c0d07d9c3c: 699 arrays, 25.5 MB stored; 4.9 s; peak memory 339 MiB.
2026-10-10T08:23:32Z INFO [979/1000] 6c37b24e-0a4f-45a1-92e3-0c7de48da5bb: 69 arrays, 26.1 MB stored; 1.3 s; peak memory 339 MiB.
2026-10-10T08:23:35Z INFO [980/1000] 6c376c71-4f6f-471c-aaca-49011e5ce1e8: 11477 arrays, 297.0 MB stored; 8.3 s; peak memory 339 MiB.
2026-10-10T08:23:36Z INFO [981/1000] 6c383c46-a4d9-49c8-956a-9adb8590bdfc: 689 arrays, 11.0 MB stored; 4.0 s; peak memory 339 MiB.
2026-10-10T08:23:37Z INFO [982/1000] 6c3a11f8-5042-4e1c-a2d1-5fb1e3db7728: 57 arrays, 0.0 MB stored; 1.0 s; peak memory 339 MiB.
2026-10-10T08:23:39Z INFO [983/1000] 6c386ada-825e-4118-9c03-c47380c07022: 526 arrays, 5.8 MB stored; 3.7 s; peak memory 339 MiB.
2026-10-10T08:23:41Z INFO [984/1000] 6c3a5bec-224f-459c-a76b-fe21412d5805: 62 arrays, 2601.4 MB stored; 1.6 s; peak memory 339 MiB.
2026-10-10T08:23:43Z INFO [985/1000] 6c3a64f8-8acf-48c3-b349-94abac30a5d1: 156 arrays, 193.5 MB stored; 2.4 s; peak memory 339 MiB.
2026-10-10T08:23:44Z INFO [986/1000] 6c3a1849-e3ee-46cb-a605-d5060b17a72b: 699 arrays, 20.0 MB stored; 7.4 s; peak memory 339 MiB.
2026-10-10T08:23:44Z INFO [987/1000] 6c3a8cb1-afaf-41a6-b73b-475b01a170a2: 117 arrays, 0.2 MB stored; 1.2 s; peak memory 339 MiB.
2026-10-10T08:23:45Z INFO [988/1000] 6c3aff41-5680-4ebd-9e94-2956d4c02f7b: 121 arrays, 0.1 MB stored; 1.1 s; peak memory 339 MiB.
2026-10-10T08:23:46Z INFO [989/1000] 6c3b9e69-ea6c-44a4-8581-35e2cdad97ad: 118 arrays, 0.6 MB stored; 1.3 s; peak memory 339 MiB.
2026-10-10T08:23:47Z INFO [990/1000] 6c3b6cba-8eab-435e-a195-5c332a19ccc0: 156 arrays, 193.5 MB stored; 2.3 s; peak memory 339 MiB.
2026-10-10T08:23:47Z INFO [991/1000] 6c3bb9a8-af71-4404-b4a9-ff7e766d8772: 48 arrays, 83.9 MB stored; 1.0 s; peak memory 339 MiB.
2026-10-10T08:23:48Z INFO [992/1000] 6c3c606d-7b43-46ed-be9a-b831df6e9dd8: 112 arrays, 0.5 MB stored; 1.4 s; peak memory 339 MiB.
2026-10-10T08:23:50Z INFO [993/1000] 6c3e175b-1b18-4a2d-ae97-9c788a8cbe8b: 71 arrays, 4.0 MB stored; 1.6 s; peak memory 339 MiB.
2026-10-10T08:24:12Z INFO [994/1000] 6c3d3b19-506f-4611-8e8b-e8ab64ae74bd: 2862 arrays, 272.5 MB stored; 24.4 s; peak memory 340 MiB.
2026-10-10T08:24:40Z WARNING 6b1d199d-9844-43c4-9371-7a82ac6e2d4c: failed while reading the NWB file (TimeoutError: exceeded 1200 s)
2026-10-10T08:24:40Z WARNING [995/1000] 6b1d199d-9844-43c4-9371-7a82ac6e2d4c: recorded the failure; a later run retries it.
2026-10-10T08:24:56Z WARNING 6b25554d-15a7-46cb-ae78-f87c2fe33daa: failed while reading the NWB file (TimeoutError: exceeded 1200 s)
2026-10-10T08:24:56Z WARNING [996/1000] 6b25554d-15a7-46cb-ae78-f87c2fe33daa: recorded the failure; a later run retries it.
2026-10-10T08:25:09Z INFO [997/1000] 6c2fafe7-cc57-4d57-872f-63894d830e46: 292 arrays, 40402.6 MB stored; 174.3 s; peak memory 340 MiB.
2026-10-10T08:27:19Z WARNING 6b4f5cc5-8c24-4322-84c0-50ee03a71b5f: failed while reading the NWB file (TimeoutError: exceeded 1200 s)
2026-10-10T08:27:19Z WARNING [998/1000] 6b4f5cc5-8c24-4322-84c0-50ee03a71b5f: recorded the failure; a later run retries it.
2026-10-10T08:28:06Z INFO [999/1000] 6c2f8547-c2b2-406e-a9ed-6f30de8fb9e5: 62 arrays, 51428.5 MB stored; 356.9 s; peak memory 340 MiB.
2026-10-10T08:32:47Z WARNING 6bbc1017-97ce-4a82-abf6-b1625fbef736: failed while reading the NWB file (TimeoutError: exceeded 1200 s)
2026-10-10T08:32:47Z WARNING [1000/1000] 6bbc1017-97ce-4a82-abf6-b1625fbef736: recorded the failure; a later run retries it.
2026-10-10T08:32:48Z INFO [1000/1000] 6bbc1017-97ce-4a82-abf6-b1625fbef736: checkpointed 1000 new records.
2026-10-10T08:32:48Z INFO Wrote 72200 records to /tmp/derivatives/valid_nwb_file_to_array_sizes.jsonl (996 new, 4 failed) in 30.2 min (peak memory 472 MiB).
