2026-10-09T00:13:38Z INFO Logging to /tmp/logs/update_2026-10-09T00-13-38Z.log.
2026-10-09T00:13:38Z INFO Update valid-nwb-file-to-array-sizes (base directory /tmp).
2026-10-09T00:14:04Z INFO Processing 1000 items (18200 already recorded).
2026-10-09T00:14:05Z INFO [1/1000] 1b4e0ee1-03fc-474f-a456-8f2906422d02: 48 arrays, 83.9 MB stored; 1.9 s; peak memory 4960 MiB.
2026-10-09T00:14:06Z INFO [2/1000] 1b4b2517-9007-4dff-bc3c-a5bd4cc0f87c: 57 arrays, 0.0 MB stored; 2.0 s; peak memory 4960 MiB.
2026-10-09T00:14:06Z INFO [3/1000] 1b4d1d14-3451-417c-81f6-8157cb3ae600: 48 arrays, 83.9 MB stored; 2.2 s; peak memory 4960 MiB.
2026-10-09T00:14:06Z INFO [4/1000] 1b500396-4432-43f7-8073-df8b96b20007: 48 arrays, 83.9 MB stored; 2.2 s; peak memory 4960 MiB.
2026-10-09T00:14:06Z INFO [5/1000] 1b502ae7-ec4d-4ec2-9718-16f1ae6b02bc: 48 arrays, 83.9 MB stored; 2.2 s; peak memory 4960 MiB.
2026-10-09T00:14:06Z INFO [6/1000] 1b504274-d805-40ad-8a54-5d4566d3666d: 48 arrays, 83.9 MB stored; 2.4 s; peak memory 4960 MiB.
2026-10-09T00:14:07Z INFO [7/1000] 1b4e647d-04f9-4d9a-9871-7d8b33753982: 119 arrays, 66.4 MB stored; 3.4 s; peak memory 4960 MiB.
2026-10-09T00:14:07Z INFO [8/1000] 1b510ed0-1e05-4500-a1e1-6c0bb691c9e8: 46 arrays, 0.1 MB stored; 1.5 s; peak memory 4960 MiB.
2026-10-09T00:14:08Z INFO [9/1000] 1b516565-cb79-49ff-8abf-2377669d26d9: 112 arrays, 0.2 MB stored; 2.0 s; peak memory 4960 MiB.
2026-10-09T00:14:08Z INFO [10/1000] 1b52549e-b48b-4c49-ad26-1d369d079ea0: 114 arrays, 0.2 MB stored; 2.1 s; peak memory 4960 MiB.
2026-10-09T00:14:08Z INFO [11/1000] 1b512b13-abfa-426d-b173-344e5a5ec61e: 66 arrays, 97.8 MB stored; 2.4 s; peak memory 4961 MiB.
2026-10-09T00:14:09Z INFO [12/1000] 1b51911b-18c4-4642-b128-5a43ab1882ef: 70 arrays, 5418.5 MB stored; 2.8 s; peak memory 4961 MiB.
2026-10-09T00:14:09Z INFO [13/1000] 1b5107e1-b050-4546-92ae-fad39e6c2a30: 157 arrays, 252.7 MB stored; 3.9 s; peak memory 4961 MiB.
2026-10-09T00:14:10Z INFO [14/1000] 1b55e34b-9195-4943-a9b1-feee3cc8beeb: 112 arrays, 0.4 MB stored; 1.9 s; peak memory 4961 MiB.
2026-10-09T00:14:10Z INFO [15/1000] 1b56389c-5b99-4cab-90fd-d98501d73dd5: 49 arrays, 17.8 MB stored; 2.0 s; peak memory 4961 MiB.
2026-10-09T00:14:10Z INFO [16/1000] 1b53c6e8-7b4f-4400-8a98-6b76895c636b: 98 arrays, 138.8 MB stored; 3.2 s; peak memory 4961 MiB.
2026-10-09T00:14:10Z INFO [17/1000] 1b578a24-b744-49a8-8855-07c91bce1d80: 90 arrays, 0.1 MB stored; 1.7 s; peak memory 4961 MiB.
2026-10-09T00:14:11Z INFO [18/1000] 1b54919e-3b89-4c87-b577-6b8073e4dadb: 49 arrays, 652.5 MB stored; 2.7 s; peak memory 4961 MiB.
2026-10-09T00:14:11Z INFO [19/1000] 1b57fa2b-63f9-4aa3-bc3b-34e63150031b: 48 arrays, 83.9 MB stored; 1.6 s; peak memory 4961 MiB.
2026-10-09T00:14:11Z INFO [20/1000] 1b5826e6-db71-4e41-9e53-2a0dafa3700f: 38 arrays, 0.5 MB stored; 1.5 s; peak memory 4961 MiB.
2026-10-09T00:14:12Z INFO [21/1000] 1b5a500b-b046-48fd-b987-84ec2ea84c42: 45 arrays, 11.0 MB stored; 1.8 s; peak memory 4961 MiB.
2026-10-09T00:14:12Z INFO [22/1000] 1b5bbbe3-120b-4377-b71a-4d46092f1959: 56 arrays, 0.0 MB stored; 1.4 s; peak memory 4961 MiB.
2026-10-09T00:14:12Z INFO [23/1000] 1b589146-d737-4e72-9a32-57340d26bea1: 118 arrays, 0.3 MB stored; 2.1 s; peak memory 4961 MiB.
2026-10-09T00:14:13Z INFO [24/1000] 1b5d3665-10ce-4e81-8cf7-9a860f41551c: 46 arrays, 0.0 MB stored; 1.2 s; peak memory 4962 MiB.
2026-10-09T00:14:13Z INFO [25/1000] 1b5c4124-a5e7-4444-a03a-48cbb9f0045b: 112 arrays, 0.5 MB stored; 2.0 s; peak memory 4962 MiB.
2026-10-09T00:14:14Z INFO [26/1000] 1b5e5062-f411-45b3-a21d-73cddbad744e: 48 arrays, 83.9 MB stored; 1.6 s; peak memory 4962 MiB.
2026-10-09T00:14:14Z INFO [27/1000] 1b5d61cf-1089-4def-ac9a-4051229fa422: 48 arrays, 83.9 MB stored; 1.9 s; peak memory 4962 MiB.
2026-10-09T00:14:14Z INFO [28/1000] 1b5e6512-eacc-4b49-bb46-e5bf49e75669: 118 arrays, 0.6 MB stored; 2.0 s; peak memory 4962 MiB.
2026-10-09T00:14:14Z INFO [29/1000] 1b5ad14a-ea7f-4cf1-9490-16c9cd7fd8a9: 153 arrays, 3.3 MB stored; 4.1 s; peak memory 4962 MiB.
2026-10-09T00:14:15Z INFO [30/1000] 1b5fc059-5a8c-41ee-805a-529f99f59b31: 51 arrays, 1925.2 MB stored; 2.1 s; peak memory 4962 MiB.
2026-10-09T00:14:16Z INFO [31/1000] 1b5fcec0-fbef-4f3e-9528-d4f493b15105: 112 arrays, 0.7 MB stored; 1.9 s; peak memory 4962 MiB.
2026-10-09T00:14:16Z INFO [32/1000] 1b5fef11-c244-4648-8f47-d3f97df12767: 39 arrays, 1.1 MB stored; 1.6 s; peak memory 4962 MiB.
2026-10-09T00:14:16Z INFO [33/1000] 1b600be7-d9e1-4d03-a7fa-f16518033776: 58 arrays, 0.0 MB stored; 1.4 s; peak memory 4962 MiB.
2026-10-09T00:14:16Z INFO [34/1000] 1b5f1ae1-2ef4-46bd-a30a-cc4acbc970d1: 1010 arrays, 2.1 MB stored; 3.4 s; peak memory 4964 MiB.
2026-10-09T00:14:17Z INFO [35/1000] 1b605179-650b-4c39-97c7-bd2ab6d5ed7d: 112 arrays, 0.7 MB stored; 2.2 s; peak memory 4964 MiB.
2026-10-09T00:14:18Z INFO [36/1000] 1b6063e6-58a8-4fcc-a794-99a9521e7e65: 112 arrays, 0.6 MB stored; 2.0 s; peak memory 4978 MiB.
2026-10-09T00:14:18Z INFO [37/1000] 1b5305db-8dd0-4e8d-81b1-5a1bc5b54908: 11477 arrays, 238.9 MB stored; 10.6 s; peak memory 4978 MiB.
2026-10-09T00:14:18Z INFO [38/1000] 1b626ece-ed8d-4898-a28c-1ab2073a700f: 69 arrays, 27.2 MB stored; 2.1 s; peak memory 4978 MiB.
2026-10-09T00:14:18Z INFO [39/1000] 1b61fe29-de19-4e2d-be07-9fc1898dec0f: 66 arrays, 272.7 MB stored; 2.5 s; peak memory 4978 MiB.
2026-10-09T00:14:19Z INFO [40/1000] 1b62ef64-b4cb-42e8-80d0-ebc0d397170e: 116 arrays, 0.5 MB stored; 1.9 s; peak memory 4978 MiB.
2026-10-09T00:14:19Z INFO [41/1000] 1b62f71e-8e4e-46f4-b4da-c8644d30a192: 47 arrays, 0.3 MB stored; 1.7 s; peak memory 4978 MiB.
2026-10-09T00:14:20Z INFO [42/1000] 1b63eb33-d03c-4404-a346-63d0b5086e2a: 46 arrays, 3.4 MB stored; 1.4 s; peak memory 4978 MiB.
2026-10-09T00:14:20Z INFO [43/1000] 1b63708b-4da7-4360-b440-64cc73f3cbb9: 51 arrays, 4412.4 MB stored; 2.2 s; peak memory 4978 MiB.
2026-10-09T00:14:20Z INFO [44/1000] 1b60cb5b-c3d0-4a0e-a3c6-7041ded904a6: 156 arrays, 193.4 MB stored; 4.3 s; peak memory 4978 MiB.
2026-10-09T00:14:21Z INFO [45/1000] 1b637d64-f81c-4cc3-bea2-d005aca9c234: 71 arrays, 179.1 MB stored; 2.7 s; peak memory 4979 MiB.
2026-10-09T00:14:21Z INFO [46/1000] 1b656b72-8923-43cd-8ffd-61fd7bc9388a: 48 arrays, 83.9 MB stored; 1.6 s; peak memory 4979 MiB.
2026-10-09T00:14:22Z INFO [47/1000] 1b66119b-ae55-4a58-88cd-3bd36b9e87c0: 70 arrays, 40.6 MB stored; 2.3 s; peak memory 4979 MiB.
2026-10-09T00:14:23Z INFO [48/1000] 1b5fdc86-5280-4097-a0d3-26b11c2a06f3: 798 arrays, 21.0 MB stored; 8.8 s; peak memory 4980 MiB.
2026-10-09T00:14:23Z INFO [49/1000] 1b64bb49-1a4c-42a9-9684-e16ea5160f9b: 116 arrays, 187.0 MB stored; 3.6 s; peak memory 4980 MiB.
2026-10-09T00:14:23Z INFO [50/1000] 1b66db97-4aac-476c-b18b-b389663731d2: 62 arrays, 4991.1 MB stored; 2.1 s; peak memory 4980 MiB.
2026-10-09T00:14:23Z INFO [51/1000] 1b663e78-2f81-4a35-a5df-81577ad56c00: 38 arrays, 34.1 MB stored; 2.9 s; peak memory 4980 MiB.
2026-10-09T00:14:24Z INFO [52/1000] 1b67a8d7-4009-46bd-80ae-c7745964c9da: 46 arrays, 0.1 MB stored; 1.4 s; peak memory 4980 MiB.
2026-10-09T00:14:24Z INFO [53/1000] 1b6692e3-8dde-4bc6-80eb-cf2ce47d6278: 117 arrays, 3.9 MB stored; 3.1 s; peak memory 4980 MiB.
2026-10-09T00:14:24Z INFO [54/1000] 1b687d01-1103-410a-bea6-bbb0baa82fd1: 53 arrays, 0.4 MB stored; 1.7 s; peak memory 4980 MiB.
2026-10-09T00:14:25Z INFO [55/1000] 1b680fda-03b0-4ffd-bda0-81d18c6d1f4a: 118 arrays, 0.2 MB stored; 2.0 s; peak memory 4980 MiB.
2026-10-09T00:14:25Z INFO [56/1000] 1b69050b-f295-4091-ab77-09af67256c20: 48 arrays, 83.9 MB stored; 1.8 s; peak memory 4980 MiB.
2026-10-09T00:14:26Z INFO [57/1000] 1b69eec2-3b64-4dad-94d9-fb7fa87f7605: 121 arrays, 0.2 MB stored; 1.6 s; peak memory 4981 MiB.
2026-10-09T00:14:26Z INFO [58/1000] 1b69b520-fded-4e8a-9ee3-c23c41e75c05: 110 arrays, 0.5 MB stored; 2.0 s; peak memory 4981 MiB.
2026-10-09T00:14:26Z INFO [59/1000] 1b6a4276-f830-4e57-be41-197bca73e988: 114 arrays, 0.2 MB stored; 1.6 s; peak memory 4981 MiB.
2026-10-09T00:14:26Z INFO [60/1000] 1b695b8c-6920-4422-8d4d-7497ab52e2ca: 117 arrays, 28.9 MB stored; 3.5 s; peak memory 4981 MiB.
2026-10-09T00:14:26Z INFO [61/1000] 1b6a41d3-9a7c-45dc-b835-ab188e7bd786: 112 arrays, 0.6 MB stored; 2.0 s; peak memory 4981 MiB.
2026-10-09T00:14:27Z INFO [62/1000] 1b6aad1f-b878-4a86-a307-691fbc8063ae: 62 arrays, 3074.5 MB stored; 2.4 s; peak memory 4981 MiB.
2026-10-09T00:14:27Z INFO [63/1000] 1b659c45-9d76-401f-ae91-212231b46410: 538 arrays, 7.5 MB stored; 7.8 s; peak memory 4982 MiB.
2026-10-09T00:14:28Z INFO [64/1000] 1b6b8833-7c1c-4d6b-afe4-bbe463a1e90e: 46 arrays, 0.1 MB stored; 1.2 s; peak memory 4982 MiB.
2026-10-09T00:14:28Z INFO [65/1000] 1b6b95d4-2bac-4a5d-b3a6-be3ecf9873d8: 117 arrays, 0.4 MB stored; 2.0 s; peak memory 4982 MiB.
2026-10-09T00:14:29Z INFO [66/1000] 1b6cecbe-4515-4f5b-bea3-3a30dae84db5: 48 arrays, 83.9 MB stored; 1.6 s; peak memory 4982 MiB.
2026-10-09T00:14:29Z INFO [67/1000] 1b6b7955-ff3d-427e-9d7a-9ee7bb360ba0: 114 arrays, 186.9 MB stored; 3.7 s; peak memory 4982 MiB.
2026-10-09T00:14:29Z INFO [68/1000] 1b6bca83-524c-4d1e-bc7d-10906d7e8ca0: 141 arrays, 0.8 MB stored; 3.0 s; peak memory 4982 MiB.
2026-10-09T00:14:30Z INFO [69/1000] 1b6cc21d-e887-46bc-9694-48a0c2c5edca: 50 arrays, 1825.8 MB stored; 2.0 s; peak memory 4982 MiB.
2026-10-09T00:14:30Z INFO [70/1000] 1b6cf6eb-0d1a-484f-a1f0-521b962d00aa: 21 arrays, 0.6 MB stored; 1.4 s; peak memory 4982 MiB.
2026-10-09T00:14:31Z INFO [71/1000] 1b6e5a1a-1d04-4f44-bca5-2bdd950bd797: 48 arrays, 83.9 MB stored; 1.6 s; peak memory 4982 MiB.
2026-10-09T00:14:31Z INFO [72/1000] 1b6f6119-3087-4bb2-baf0-d4476db3b462: 45 arrays, 0.0 MB stored; 1.5 s; peak memory 4982 MiB.
2026-10-09T00:14:32Z INFO [73/1000] 1b6f71c4-f46b-4c95-bae4-4ba197aa1787: 116 arrays, 9.7 MB stored; 2.0 s; peak memory 4982 MiB.
2026-10-09T00:14:32Z INFO [74/1000] 1b6f74c9-63c3-4f15-b92f-4a4c9d7fcd6a: 77 arrays, 0.0 MB stored; 1.7 s; peak memory 4982 MiB.
2026-10-09T00:14:32Z INFO [75/1000] 1b6ef295-0ef5-4c47-b90c-9e1b28059d64: 71 arrays, 130.7 MB stored; 3.2 s; peak memory 4983 MiB.
2026-10-09T00:14:33Z INFO [76/1000] 1b70211a-a23a-48d0-a47c-8a72f0cb81c6: 38 arrays, 0.5 MB stored; 1.5 s; peak memory 4983 MiB.
2026-10-09T00:14:33Z INFO [77/1000] 1b6fceff-ac29-4307-aa68-04854c7e7b90: 131 arrays, 0.5 MB stored; 2.2 s; peak memory 4983 MiB.
2026-10-09T00:14:33Z INFO [78/1000] 1b6fd53c-1cd8-4dfd-b440-6c56315ec367: 72 arrays, 0.3 MB stored; 1.8 s; peak memory 4983 MiB.
2026-10-09T00:14:34Z INFO [79/1000] 1b6f8286-233f-4db7-b578-3ac9e4fca337: 157 arrays, 249.3 MB stored; 3.2 s; peak memory 4983 MiB.
2026-10-09T00:14:34Z INFO [80/1000] 1b708f4b-f398-44b8-8d1a-debd6ff27fee: 48 arrays, 83.9 MB stored; 1.5 s; peak memory 4983 MiB.
2026-10-09T00:14:35Z INFO [81/1000] 1b72ca5f-c9d8-4d2d-b444-bad52cb05139: 48 arrays, 83.9 MB stored; 1.5 s; peak memory 4983 MiB.
2026-10-09T00:14:35Z INFO [82/1000] 1b71b41e-cc66-4421-bfa1-6a486a5bf2d7: 48 arrays, 83.9 MB stored; 1.7 s; peak memory 4983 MiB.
2026-10-09T00:14:36Z INFO [83/1000] 1b7425c9-848f-484d-bd66-cc95ac6a4dfb: 48 arrays, 83.9 MB stored; 1.6 s; peak memory 4983 MiB.
2026-10-09T00:14:36Z INFO [84/1000] 1b6b0614-a187-4633-acf2-43506979ac75: 1053 arrays, 22.7 MB stored; 10.4 s; peak memory 4984 MiB.
2026-10-09T00:14:36Z INFO [85/1000] 1b6ca915-3e02-4aaa-a441-8e1bcb28a1b6: 761 arrays, 10.1 MB stored; 9.0 s; peak memory 4985 MiB.
2026-10-09T00:14:36Z INFO [86/1000] 1b74286d-5986-4ed4-85c6-0075d248deed: 48 arrays, 83.9 MB stored; 1.6 s; peak memory 4985 MiB.
2026-10-09T00:14:36Z INFO [87/1000] 1b74bf4b-5b8e-4a73-b2d2-0b121a43e320: 48 arrays, 83.9 MB stored; 1.6 s; peak memory 4985 MiB.
2026-10-09T00:14:37Z INFO [88/1000] 1b732765-09b3-4956-9d3a-4675a52e332d: 66 arrays, 268.0 MB stored; 2.7 s; peak memory 4985 MiB.
2026-10-09T00:14:37Z INFO [89/1000] 1b4cc61b-d005-476c-b094-3c8c97fd1f60: 48 arrays, 43705.2 MB stored; 33.2 s; peak memory 4985 MiB.
2026-10-09T00:14:37Z INFO [90/1000] 1b74eb38-7a7f-48dc-bcd0-2e7198cdf851: 48 arrays, 83.9 MB stored; 1.6 s; peak memory 4985 MiB.
2026-10-09T00:14:37Z INFO [91/1000] 1b753053-816f-429a-8c81-3130d6b13567: 48 arrays, 83.9 MB stored; 1.5 s; peak memory 4985 MiB.
2026-10-09T00:14:38Z INFO [92/1000] 1b7723f3-1c7a-417b-a678-78c96fa15569: 46 arrays, 0.0 MB stored; 1.5 s; peak memory 4985 MiB.
2026-10-09T00:14:38Z INFO [93/1000] 1b765e75-a098-4f4c-a662-4da961424e8d: 48 arrays, 83.9 MB stored; 1.7 s; peak memory 4986 MiB.
2026-10-09T00:14:38Z INFO [94/1000] 1b75759c-434b-43b9-8982-9775a448764e: 110 arrays, 0.8 MB stored; 2.3 s; peak memory 4986 MiB.
2026-10-09T00:14:39Z INFO [95/1000] 1b76a81c-fffe-46da-a84e-ad970ddc6b7c: 118 arrays, 0.4 MB stored; 2.1 s; peak memory 4986 MiB.
2026-10-09T00:14:39Z INFO [96/1000] 1b789e9b-ff70-43ab-9eee-29426ebd8986: 112 arrays, 0.5 MB stored; 2.0 s; peak memory 4986 MiB.
2026-10-09T00:14:40Z INFO [97/1000] 1b78fe3c-c22a-482c-92c9-3f9cd7d91d71: 118 arrays, 0.2 MB stored; 1.9 s; peak memory 4986 MiB.
2026-10-09T00:14:40Z INFO [98/1000] 1b794147-c376-44b4-9112-a44ebe695251: 112 arrays, 0.3 MB stored; 1.9 s; peak memory 4986 MiB.
2026-10-09T00:14:40Z INFO [99/1000] 1b799e1a-b2b1-4378-aa6d-e8783dffb234: 68 arrays, 10.2 MB stored; 1.9 s; peak memory 4986 MiB.
2026-10-09T00:14:41Z INFO [100/1000] 1b79bf79-f6c6-4762-ae79-e51dd250ce1b: 84 arrays, 3.8 MB stored; 2.1 s; peak memory 4986 MiB.
2026-10-09T00:14:42Z INFO [101/1000] 1b7a0370-f6d6-4d2b-89d9-0d9e99fd8fba: 48 arrays, 83.9 MB stored; 1.7 s; peak memory 4986 MiB.
2026-10-09T00:14:42Z INFO [102/1000] 1b7b4280-6a51-4886-83fd-e13628eaf98e: 117 arrays, 0.2 MB stored; 1.7 s; peak memory 4987 MiB.
2026-10-09T00:14:43Z INFO [103/1000] 1b7adac2-10a4-4d29-8325-276d3661bd2b: 112 arrays, 0.8 MB stored; 2.2 s; peak memory 4987 MiB.
2026-10-09T00:14:44Z INFO [104/1000] 1b7730e7-64b9-4c88-9c63-652ed57d4f68: 231 arrays, 77.4 MB stored; 7.4 s; peak memory 4987 MiB.
2026-10-09T00:14:45Z INFO [105/1000] 1b7766c9-9cbd-4389-a992-3a0f510017f3: 368 arrays, 57.3 MB stored; 8.3 s; peak memory 4987 MiB.
2026-10-09T00:14:46Z INFO [106/1000] 1b7c2ff4-0727-44b1-badb-61d6b7e857d9: 116 arrays, 187.2 MB stored; 3.7 s; peak memory 4987 MiB.
2026-10-09T00:14:46Z INFO [107/1000] 1b7c7050-f6ae-46b4-af52-1510d28406bb: 112 arrays, 0.7 MB stored; 2.1 s; peak memory 4987 MiB.
2026-10-09T00:14:47Z INFO [108/1000] 1b7c925d-13a7-4433-b822-ba2c25359660: 46 arrays, 0.2 MB stored; 1.4 s; peak memory 4987 MiB.
2026-10-09T00:14:47Z INFO [109/1000] 1b7b9cb1-7f05-4a75-8c0b-e0240793239e: 188 arrays, 25.5 MB stored; 4.5 s; peak memory 4988 MiB.
2026-10-09T00:14:48Z INFO [110/1000] 1b7d5fcf-c1f7-42d3-b75f-4a02bb528c50: 110 arrays, 0.4 MB stored; 2.0 s; peak memory 4988 MiB.
2026-10-09T00:14:48Z INFO [111/1000] 1b7e3700-3d1c-4397-8027-16eff53d192b: 48 arrays, 83.9 MB stored; 1.6 s; peak memory 4988 MiB.
2026-10-09T00:14:49Z INFO [112/1000] 1b7e452c-1c00-4977-9f79-39dac588ed43: 46 arrays, 5508.6 MB stored; 2.3 s; peak memory 4988 MiB.
2026-10-09T00:14:50Z INFO [113/1000] 1b7a78ac-2cce-44a7-9775-1e2c9ec56642: 56 arrays, 175.5 MB stored; 9.6 s; peak memory 4988 MiB.
2026-10-09T00:14:50Z INFO [114/1000] 1b7d4d30-8c19-44f9-88e0-faaa334ec248: 85 arrays, 217.0 MB stored; 3.9 s; peak memory 4988 MiB.
2026-10-09T00:14:51Z INFO [115/1000] 1b7e72ea-4410-4cc3-b1a8-bdc12a9f97dd: 47 arrays, 51.0 MB stored; 2.3 s; peak memory 4988 MiB.
2026-10-09T00:14:51Z INFO [116/1000] 1b8260fd-fa99-468e-8eeb-14aa7896d47d: 116 arrays, 0.4 MB stored; 2.0 s; peak memory 4988 MiB.
2026-10-09T00:14:51Z INFO [117/1000] 1b82d10c-a477-4fd0-a3fb-0e83308038a0: 48 arrays, 83.9 MB stored; 1.7 s; peak memory 4988 MiB.
2026-10-09T00:14:52Z INFO [118/1000] 1b82e75c-f6c5-45f0-b3e8-c384f6634bd8: 93 arrays, 21.4 MB stored; 2.0 s; peak memory 4988 MiB.
2026-10-09T00:14:53Z INFO [119/1000] 1b831403-937b-4204-b909-43e471681b0f: 62 arrays, 2758.7 MB stored; 2.2 s; peak memory 4988 MiB.
2026-10-09T00:14:53Z INFO [120/1000] 1b831fbb-a633-4d03-b663-720117085ff6: 117 arrays, 0.5 MB stored; 1.8 s; peak memory 4989 MiB.
2026-10-09T00:14:53Z INFO [121/1000] 1b71189a-b8e6-4418-9215-8a8dd703f509: 4150 arrays, 38.2 MB stored; 20.0 s; peak memory 4995 MiB.
2026-10-09T00:14:53Z INFO [122/1000] 1b83631d-9091-48a8-a339-5eb888a5eb75: 48 arrays, 83.9 MB stored; 1.6 s; peak memory 4995 MiB.
2026-10-09T00:14:54Z INFO [123/1000] 1b83cc76-0112-411d-a982-e985330dfaef: 112 arrays, 0.5 MB stored; 2.1 s; peak memory 4995 MiB.
2026-10-09T00:14:54Z INFO [124/1000] 1b8543ad-45f8-40c9-926b-674efd9c3cf7: 48 arrays, 83.9 MB stored; 1.7 s; peak memory 4995 MiB.
2026-10-09T00:14:55Z INFO [125/1000] 1b871ce5-bda5-4a22-a78b-8dd468867f06: 101 arrays, 7.8 MB stored; 1.6 s; peak memory 4995 MiB.
2026-10-09T00:14:55Z INFO [126/1000] 1b87079e-8bbf-42ac-904b-9c15e5efeefe: 70 arrays, 0.3 MB stored; 1.9 s; peak memory 4996 MiB.
2026-10-09T00:14:55Z INFO [127/1000] 1b868978-8283-4c2c-ab47-186d7033ecda: 66 arrays, 39.9 MB stored; 2.2 s; peak memory 4996 MiB.
2026-10-09T00:14:56Z INFO [128/1000] 1b87dded-cc9f-4220-b413-b6429f7e7a57: 48 arrays, 83.9 MB stored; 1.6 s; peak memory 4996 MiB.
2026-10-09T00:14:56Z INFO [129/1000] 1b881202-43a1-4774-8389-3018f030321c: 48 arrays, 83.9 MB stored; 1.7 s; peak memory 4996 MiB.
2026-10-09T00:14:56Z INFO [130/1000] 1b878f49-d3f2-4181-81a9-98654dd69df7: 113 arrays, 2.9 MB stored; 2.3 s; peak memory 4996 MiB.
2026-10-09T00:14:57Z INFO [131/1000] 1b884d99-a328-4c80-b958-32f8fb6e987b: 48 arrays, 83.9 MB stored; 1.7 s; peak memory 4996 MiB.
2026-10-09T00:14:57Z INFO [132/1000] 1b883ac6-4ec7-4cdd-8784-38584faade32: 113 arrays, 0.7 MB stored; 2.0 s; peak memory 4996 MiB.
2026-10-09T00:14:58Z INFO [133/1000] 1b89710c-2b07-4509-8df8-9cea4da28209: 116 arrays, 0.2 MB stored; 1.6 s; peak memory 4996 MiB.
2026-10-09T00:14:58Z INFO [134/1000] 1b8aa521-cfba-4dc3-a193-7a8c30641c18: 48 arrays, 83.9 MB stored; 1.6 s; peak memory 4996 MiB.
2026-10-09T00:14:59Z INFO [135/1000] 1b88c0fa-75b2-4f21-971a-b73d14dc16c9: 115 arrays, 190.1 MB stored; 3.4 s; peak memory 4996 MiB.
2026-10-09T00:15:00Z INFO [136/1000] 1b8b7225-cefe-4e41-a431-d90c32cd0109: 52 arrays, 0.0 MB stored; 1.3 s; peak memory 4996 MiB.
2026-10-09T00:15:00Z INFO [137/1000] 1b8b5718-0ef3-4316-875c-428243db232d: 118 arrays, 0.4 MB stored; 1.9 s; peak memory 4996 MiB.
2026-10-09T00:15:01Z INFO [138/1000] 1b88d699-9c6c-495c-96b5-d402223a36fb: 92 arrays, 644.3 MB stored; 5.2 s; peak memory 4997 MiB.
2026-10-09T00:15:02Z INFO [139/1000] 1b8ba1d2-4eb0-40f3-9e8d-559e817e8f86: 155 arrays, 3.8 MB stored; 2.7 s; peak memory 4997 MiB.
2026-10-09T00:15:02Z INFO [140/1000] 1b8caa2c-49c9-4b91-96d6-6f0063b66aeb: 62 arrays, 2994.6 MB stored; 2.1 s; peak memory 4997 MiB.
2026-10-09T00:15:04Z INFO [141/1000] 1b8e00e9-74cc-49de-bc8a-2e840f13a7a6: 48 arrays, 83.9 MB stored; 1.5 s; peak memory 4997 MiB.
2026-10-09T00:15:05Z INFO [142/1000] 1b8ae058-71ed-4507-9cbc-8e50e3b82151: 229 arrays, 1414.9 MB stored; 7.6 s; peak memory 4997 MiB.
2026-10-09T00:15:05Z INFO [143/1000] 1b8f5b30-ec3e-4a3e-870c-9a223580977c: 119 arrays, 66.3 MB stored; 2.8 s; peak memory 4997 MiB.
2026-10-09T00:15:06Z INFO [144/1000] 1b90e024-cd30-46f5-9dd1-821742d81399: 46 arrays, 12.6 MB stored; 1.6 s; peak memory 4997 MiB.
2026-10-09T00:15:06Z INFO [145/1000] 1b90c365-3cb4-4e56-9541-a36296b9d94c: 124 arrays, 40885.7 MB stored; 2.5 s; peak memory 4997 MiB.
2026-10-09T00:15:07Z INFO [146/1000] 1b911aa3-7007-4080-aa54-0420cecdde39: 112 arrays, 0.6 MB stored; 2.0 s; peak memory 4997 MiB.
2026-10-09T00:15:07Z INFO [147/1000] 1b8baa3c-fc44-4a63-824a-1ea4236b07c1: 223 arrays, 324.4 MB stored; 7.5 s; peak memory 4998 MiB.
2026-10-09T00:15:08Z INFO [148/1000] 1b916a99-bbf0-4b54-8611-be8fbc4dd008: 112 arrays, 0.1 MB stored; 1.5 s; peak memory 4998 MiB.
2026-10-09T00:15:08Z INFO [149/1000] 1b8dc946-e037-459d-a5df-fdac7b94bbad: 238 arrays, 77.6 MB stored; 6.7 s; peak memory 4998 MiB.
2026-10-09T00:15:09Z INFO [150/1000] 1b9224ef-1055-423f-bc67-52f9aaef415d: 48 arrays, 83.9 MB stored; 1.6 s; peak memory 4998 MiB.
2026-10-09T00:15:09Z INFO [151/1000] 1b923cce-5c8e-4181-8158-fd2ba350ec47: 48 arrays, 83.9 MB stored; 1.6 s; peak memory 4998 MiB.
2026-10-09T00:15:11Z INFO [152/1000] 1b9247fe-bbca-4944-95f4-2b864167f8c6: 71 arrays, 46.6 MB stored; 2.3 s; peak memory 4998 MiB.
2026-10-09T00:15:11Z INFO [153/1000] 1b926450-512d-47e9-9e74-7880ea43e0b2: 117 arrays, 0.4 MB stored; 2.0 s; peak memory 4998 MiB.
2026-10-09T00:15:12Z INFO [154/1000] 1b7b973f-f5a4-4350-b7aa-dd18ad917208: 48 arrays, 39759.4 MB stored; 29.9 s; peak memory 4998 MiB.
2026-10-09T00:15:12Z INFO [155/1000] 1b9372d7-be36-4677-8ab3-08c7c5f0b03c: 110 arrays, 0.3 MB stored; 1.7 s; peak memory 4998 MiB.
2026-10-09T00:15:13Z INFO [156/1000] 1b92ec40-44d5-43c8-a95c-cf7e04c9d643: 156 arrays, 193.4 MB stored; 3.8 s; peak memory 4998 MiB.
2026-10-09T00:15:13Z INFO [157/1000] 1b9327c8-9c32-4593-889a-3b13c007345e: 71 arrays, 1.2 MB stored; 2.3 s; peak memory 4999 MiB.
2026-10-09T00:15:14Z INFO [158/1000] 1b946238-3357-4b6d-b16b-72cd12edf188: 62 arrays, 2839.4 MB stored; 2.3 s; peak memory 4999 MiB.
2026-10-09T00:15:14Z INFO [159/1000] 1b9475cd-7236-437e-87fa-e11b0806ef3e: 117 arrays, 0.4 MB stored; 1.7 s; peak memory 4999 MiB.
2026-10-09T00:15:21Z INFO [160/1000] 1b947d1f-954e-4131-a3dc-7456ae4d30f3: 118 arrays, 0.3 MB stored; 8.0 s; peak memory 4999 MiB.
2026-10-09T00:15:21Z INFO [161/1000] 1b92438b-cc8c-4550-a8ec-e18aed8725c1: 225 arrays, 270.6 MB stored; 13.1 s; peak memory 4999 MiB.
2026-10-09T00:15:21Z INFO [162/1000] 1b953042-a749-49bb-80a2-984546fec79b: 46 arrays, 224.4 MB stored; 6.9 s; peak memory 4999 MiB.
2026-10-09T00:15:21Z INFO [163/1000] 1b948869-226a-4c52-ba79-8beded2c38bf: 71 arrays, 62.2 MB stored; 8.0 s; peak memory 4999 MiB.
2026-10-09T00:15:23Z INFO [164/1000] 1b9744da-d881-4fae-98ee-652e9169a05c: 48 arrays, 83.9 MB stored; 1.8 s; peak memory 4999 MiB.
2026-10-09T00:15:23Z INFO [165/1000] 1b95632a-9eee-448c-b3cf-2e9bd941bcc7: 48 arrays, 83.9 MB stored; 1.8 s; peak memory 4999 MiB.
2026-10-09T00:15:23Z INFO [166/1000] 1b968c8a-2836-4361-b4e4-fdf3dddaee1b: 48 arrays, 83.9 MB stored; 1.8 s; peak memory 4999 MiB.
2026-10-09T00:15:24Z INFO [167/1000] 1b97a617-4043-4b9e-8164-4ff787c8052c: 66 arrays, 1.0 MB stored; 1.7 s; peak memory 4999 MiB.
2026-10-09T00:15:25Z INFO [168/1000] 1b987a6d-228d-40b0-90d2-5a0a025e3def: 70 arrays, 1.4 MB stored; 2.0 s; peak memory 4999 MiB.
2026-10-09T00:15:26Z INFO [169/1000] 1b993152-afe8-4d85-92f0-68d3853fc6f0: 133 arrays, 76576.4 MB stored; 3.1 s; peak memory 5000 MiB.
2026-10-09T00:15:26Z INFO [170/1000] 1b99b8be-8dc0-4703-aae4-57440242d338: 41 arrays, 8.4 MB stored; 1.5 s; peak memory 5000 MiB.
2026-10-09T00:15:26Z INFO [171/1000] 1b99c8ff-804d-4540-922d-4ba40df954cd: 48 arrays, 83.9 MB stored; 1.5 s; peak memory 5000 MiB.
2026-10-09T00:15:27Z INFO [172/1000] 1b96eb89-8f62-4279-95e8-68d68fc87454: 558 arrays, 7.9 MB stored; 6.0 s; peak memory 5000 MiB.
2026-10-09T00:15:28Z INFO [173/1000] 1b9a7d72-bb79-443b-a125-bcc804ab78c8: 46 arrays, 12.6 MB stored; 1.8 s; peak memory 5000 MiB.
2026-10-09T00:15:28Z INFO [174/1000] 1b915b86-04ec-4b5a-a821-5a8a2dae1240: 282 arrays, 19800.2 MB stored; 21.9 s; peak memory 5001 MiB.
2026-10-09T00:15:29Z INFO [175/1000] 1b9aa0d8-f56d-4ef1-a43b-c7fbeb855446: 115 arrays, 190.1 MB stored; 3.2 s; peak memory 5001 MiB.
2026-10-09T00:15:29Z INFO [176/1000] 1b9ba532-6cde-40dd-aa83-83b666af94bb: 117 arrays, 0.3 MB stored; 1.9 s; peak memory 5001 MiB.
2026-10-09T00:15:30Z INFO [177/1000] 1b9bbb04-1a60-40e0-8217-572c548482bf: 112 arrays, 0.7 MB stored; 2.2 s; peak memory 5001 MiB.
2026-10-09T00:15:30Z INFO [178/1000] 1b9c7301-63ae-4706-8e89-129e580c76bf: 46 arrays, 0.0 MB stored; 1.2 s; peak memory 5001 MiB.
2026-10-09T00:15:32Z INFO [179/1000] 1b953ae9-7b32-490c-9ed9-af701f20a829: 1118 arrays, 34.9 MB stored; 17.6 s; peak memory 5002 MiB.
2026-10-09T00:15:32Z INFO [180/1000] 1b9d7467-20c3-4d90-a25f-1619cd68f031: 118 arrays, 0.3 MB stored; 1.8 s; peak memory 5002 MiB.
2026-10-09T00:15:33Z INFO [181/1000] 1b9dadaf-74b1-4867-8546-6e2dfb5aaacc: 71 arrays, 10.4 MB stored; 2.3 s; peak memory 5003 MiB.
2026-10-09T00:15:33Z INFO [182/1000] 1b9d58c1-7d60-4507-a028-233e1321c6e4: 115 arrays, 186.8 MB stored; 3.5 s; peak memory 5003 MiB.
2026-10-09T00:15:34Z INFO [183/1000] 1b9e6f06-2666-44ee-a49a-79e6c0898f39: 71 arrays, 66.2 MB stored; 2.4 s; peak memory 5003 MiB.
2026-10-09T00:15:34Z INFO [184/1000] 1b9ef56d-b84b-4f19-ab66-155270689a0b: 59 arrays, 233.4 MB stored; 1.8 s; peak memory 5003 MiB.
2026-10-09T00:15:35Z INFO [185/1000] 1b9f0ab9-d914-4352-b380-7f8111b0c66c: 112 arrays, 0.4 MB stored; 1.9 s; peak memory 5003 MiB.
2026-10-09T00:15:35Z INFO [186/1000] 1b9b7eab-61e5-4ed4-99f6-a534565ae410: 196 arrays, 705.8 MB stored; 8.4 s; peak memory 5003 MiB.
2026-10-09T00:15:35Z INFO [187/1000] 1ba08c2a-fb4f-4ef3-a398-38b3607bf4df: 46 arrays, 0.1 MB stored; 1.3 s; peak memory 5003 MiB.
2026-10-09T00:15:36Z INFO [188/1000] 1ba09084-361b-45ba-baeb-eec8504bc328: 52 arrays, 8.9 MB stored; 1.7 s; peak memory 5003 MiB.
2026-10-09T00:15:36Z INFO [189/1000] 1ba01123-b695-4b35-a25b-a4c7382f85d1: 71 arrays, 90.8 MB stored; 2.5 s; peak memory 5003 MiB.
2026-10-09T00:15:37Z INFO [190/1000] 1ba090d2-3f2b-4646-a7fc-93a8baadfed9: 112 arrays, 0.7 MB stored; 2.2 s; peak memory 5003 MiB.
2026-10-09T00:15:38Z INFO [191/1000] 1ba16c82-b557-43ad-899e-9227cb61f865: 77 arrays, 0.0 MB stored; 1.7 s; peak memory 5003 MiB.
2026-10-09T00:15:39Z INFO [192/1000] 1b9f3f2e-6064-40d1-b3fa-0a905b66d316: 432 arrays, 4.3 MB stored; 5.7 s; peak memory 5004 MiB.
2026-10-09T00:15:40Z INFO [193/1000] 1b99f5f1-a074-4546-8b18-7e1134b8b256: 1179 arrays, 23.4 MB stored; 14.0 s; peak memory 5006 MiB.
2026-10-09T00:15:40Z INFO [194/1000] 1ba10845-5a1f-4e17-9607-a643e61d2db0: 114 arrays, 186.9 MB stored; 3.4 s; peak memory 5006 MiB.
2026-10-09T00:15:40Z INFO [195/1000] 1ba1d425-2425-4d7c-8b0f-a632334a379d: 117 arrays, 0.3 MB stored; 1.8 s; peak memory 5006 MiB.
2026-10-09T00:15:41Z INFO [196/1000] 1ba28632-6e67-4b03-a9f9-4d33919b3604: 48 arrays, 83.9 MB stored; 1.6 s; peak memory 5006 MiB.
2026-10-09T00:15:41Z INFO [197/1000] 1ba34db8-f61c-42bb-bc96-58e3a8b05da1: 93 arrays, 0.1 MB stored; 1.8 s; peak memory 5006 MiB.
2026-10-09T00:15:41Z INFO [198/1000] 1ba39f0b-77c2-4b27-bc8f-8c4beb0807fe: 48 arrays, 83.9 MB stored; 1.5 s; peak memory 5006 MiB.
2026-10-09T00:15:43Z INFO [199/1000] 1ba443ac-9e0d-4b78-b714-166229458bb0: 61 arrays, 0.9 MB stored; 1.5 s; peak memory 5006 MiB.
2026-10-09T00:15:43Z INFO [200/1000] 1ba0ca76-cb10-4b03-9b10-205440155fa0: 801 arrays, 8.7 MB stored; 8.0 s; peak memory 5007 MiB.
2026-10-09T00:15:57Z INFO [200/1000] 1ba0ca76-cb10-4b03-9b10-205440155fa0: checkpointed 18400 new records.
2026-10-09T00:15:57Z INFO [201/1000] 1ba4d6d3-e9ad-4861-8244-f4155dbf1d8b: 46 arrays, 12.6 MB stored; 1.6 s; peak memory 5029 MiB.
2026-10-09T00:15:57Z INFO [202/1000] 1ba442a9-d263-4cd4-9a2e-66862f8f1222: 116 arrays, 187.1 MB stored; 3.6 s; peak memory 5029 MiB.
2026-10-09T00:15:57Z INFO [203/1000] 1ba52172-ec68-45fc-84ea-7f5ad269b8ab: 52 arrays, 14.8 MB stored; 1.7 s; peak memory 5029 MiB.
2026-10-09T00:15:57Z INFO [204/1000] 1ba53c04-95f9-445a-b652-aebd4eaa1244: 117 arrays, 0.2 MB stored; 1.8 s; peak memory 5029 MiB.
2026-10-09T00:15:57Z INFO [205/1000] 1ba5f2a1-db39-4d14-9125-5eb5944e1432: 116 arrays, 0.4 MB stored; 1.8 s; peak memory 5029 MiB.
2026-10-09T00:15:57Z INFO [206/1000] 1ba60107-438f-4a35-8a3d-d6d0b58e7519: 118 arrays, 0.4 MB stored; 1.8 s; peak memory 5029 MiB.
2026-10-09T00:15:57Z INFO [207/1000] 1ba66446-2b17-4a19-902e-3672ab218590: 66 arrays, 105.9 MB stored; 2.4 s; peak memory 5029 MiB.
2026-10-09T00:15:57Z INFO [208/1000] 1ba6e5df-7aa3-4506-99a3-93f735d87ef3: 70 arrays, 0.5 MB stored; 1.6 s; peak memory 5029 MiB.
2026-10-09T00:15:57Z INFO [209/1000] 1ba231fa-015d-477b-a73f-bb70a5b38c9c: 1141 arrays, 45.4 MB stored; 16.5 s; peak memory 5029 MiB.
2026-10-09T00:15:57Z INFO [210/1000] 1ba7665b-ee37-40a8-a969-ee228d9669b4: 62 arrays, 4673.6 MB stored; 2.0 s; peak memory 5029 MiB.
2026-10-09T00:15:58Z INFO [211/1000] 1ba4b3e6-d3d1-4d37-aa43-a043187ff2b3: 1587 arrays, 25.4 MB stored; 16.1 s; peak memory 5029 MiB.
2026-10-09T00:15:58Z INFO [212/1000] 1ba52f01-1c19-4716-994f-420c02af8f09: 1592 arrays, 16.4 MB stored; 13.4 s; peak memory 5029 MiB.
2026-10-09T00:15:59Z INFO [213/1000] 1ba88e6d-2c50-46d9-9073-78da075eb16a: 48 arrays, 83.9 MB stored; 1.4 s; peak memory 5029 MiB.
2026-10-09T00:16:00Z INFO [214/1000] 1ba993f2-1b9e-437d-ad05-78d29d9d8376: 38 arrays, 0.5 MB stored; 1.4 s; peak memory 5029 MiB.
2026-10-09T00:16:01Z INFO [215/1000] 1ba8d463-c29f-4006-b51a-67a25cd6def7: 38 arrays, 34.1 MB stored; 3.0 s; peak memory 5029 MiB.
2026-10-09T00:16:02Z INFO [216/1000] 1baa03b9-cdb0-4a55-a10c-60ca5bbb81c8: 36 arrays, 841.6 MB stored; 1.6 s; peak memory 5029 MiB.
2026-10-09T00:16:03Z INFO [217/1000] 1ba8867d-2718-46b2-9c74-f3c523d68669: 223 arrays, 230.8 MB stored; 6.0 s; peak memory 5029 MiB.
2026-10-09T00:16:04Z INFO [218/1000] 1baabc99-b8ad-4e7f-aced-d61ae3fdfb79: 68 arrays, 0.1 MB stored; 1.8 s; peak memory 5029 MiB.
2026-10-09T00:16:05Z INFO [219/1000] 1baacfb5-31b8-4050-b1e6-63f1c6428224: 48 arrays, 83.9 MB stored; 1.5 s; peak memory 5029 MiB.
2026-10-09T00:16:06Z INFO [220/1000] 1bab87ec-8ab4-4601-af69-e6be7e55df3a: 59 arrays, 0.2 MB stored; 1.5 s; peak memory 5029 MiB.
2026-10-09T00:16:07Z INFO [221/1000] 1baa7312-2c83-48af-936f-e0e660177b47: 721 arrays, 9.2 MB stored; 6.3 s; peak memory 5029 MiB.
2026-10-09T00:16:08Z INFO [222/1000] 1ba6f66c-a93e-49cf-915f-956ca4c35376: 1050 arrays, 39.0 MB stored; 13.5 s; peak memory 5029 MiB.
2026-10-09T00:16:08Z INFO [223/1000] 1bab8c82-585c-4099-bfd8-9c1ad8b7f535: 117 arrays, 0.4 MB stored; 1.7 s; peak memory 5029 MiB.
2026-10-09T00:16:09Z INFO [224/1000] 1bac753d-6e28-4858-9a5e-7d9988c4fe90: 48 arrays, 83.9 MB stored; 1.6 s; peak memory 5029 MiB.
2026-10-09T00:16:09Z INFO [225/1000] 1bac855e-957a-49f0-a194-e2773a2f3405: 53 arrays, 0.0 MB stored; 1.5 s; peak memory 5029 MiB.
2026-10-09T00:16:10Z INFO [226/1000] 1bac9ab5-2d13-47cb-9d84-1234a61d4477: 48 arrays, 83.9 MB stored; 1.7 s; peak memory 5029 MiB.
2026-10-09T00:16:11Z INFO [227/1000] 1bac9cbc-1ea1-4320-a6ff-da0301fff8a1: 78 arrays, 0.3 MB stored; 1.7 s; peak memory 5029 MiB.
2026-10-09T00:16:11Z INFO [228/1000] 1bad6d6f-ee93-461a-a5dc-3bbf24952fd3: 117 arrays, 0.7 MB stored; 1.9 s; peak memory 5029 MiB.
2026-10-09T00:16:12Z INFO [229/1000] 1bad7089-c155-47d4-9e08-6275be41b203: 112 arrays, 0.1 MB stored; 1.6 s; peak memory 5029 MiB.
2026-10-09T00:16:13Z INFO [230/1000] 1badad61-8ba5-42a2-9393-670764c296fb: 48 arrays, 83.9 MB stored; 1.6 s; peak memory 5029 MiB.
2026-10-09T00:16:15Z INFO [231/1000] 1badf8cc-b6e8-492e-a805-2f198958a039: 93 arrays, 21.1 MB stored; 2.1 s; peak memory 5029 MiB.
2026-10-09T00:16:16Z INFO [232/1000] 1badb7a2-d777-4397-b13c-731df4941421: 38 arrays, 57.7 MB stored; 3.4 s; peak memory 5029 MiB.
2026-10-09T00:16:19Z INFO [233/1000] 1bac9cc9-c928-48e6-aeb2-ce331e4ebf64: 777 arrays, 22.7 MB stored; 9.5 s; peak memory 5029 MiB.
2026-10-09T00:16:20Z INFO [234/1000] 1baeb54d-f798-4434-a6fa-4b65134a24be: 117 arrays, 0.2 MB stored; 1.6 s; peak memory 5029 MiB.
2026-10-09T00:16:22Z INFO [235/1000] 1baee707-d449-4293-8bd8-9c0ae09f1263: 69 arrays, 41.9 MB stored; 1.8 s; peak memory 5029 MiB.
2026-10-09T00:16:24Z INFO [236/1000] 1baf3d76-ddd2-445e-917e-6242929690b9: 52 arrays, 15.2 MB stored; 1.7 s; peak memory 5029 MiB.
2026-10-09T00:16:25Z INFO [237/1000] 1baf80b1-f6d7-44e9-a706-f988ad8c52ee: 52 arrays, 0.0 MB stored; 1.3 s; peak memory 5029 MiB.
2026-10-09T00:16:28Z INFO [238/1000] 1baae2bf-c66f-43b2-a1c2-4612acc9bc53: 5479 arrays, 56.8 MB stored; 23.7 s; peak memory 5029 MiB.
2026-10-09T00:16:30Z INFO [239/1000] 1ba17bfa-372d-4f7b-904f-7992542490b4: 55 arrays, 1615.5 MB stored; 52.7 s; peak memory 5029 MiB.
2026-10-09T00:16:31Z INFO [240/1000] 1baf8740-46d7-4005-be11-a20c9bfc3cd2: 273 arrays, 603.6 MB stored; 5.9 s; peak memory 5029 MiB.
2026-10-09T00:16:31Z INFO [241/1000] 1bae53b3-f4f2-4eee-8d69-b9f243cff895: 1260 arrays, 26.0 MB stored; 16.2 s; peak memory 5031 MiB.
2026-10-09T00:16:32Z INFO [242/1000] 1bae8118-c8fe-454f-bfaa-64255dda1977: 1059 arrays, 43.7 MB stored; 16.0 s; peak memory 5032 MiB.
2026-10-09T00:16:32Z INFO [243/1000] 1baf93e1-7046-411b-9c2f-5f3927113d09: 275 arrays, 17.1 MB stored; 2.3 s; peak memory 5032 MiB.
2026-10-09T00:16:33Z INFO [244/1000] 1bb03c72-897c-42f7-853b-ed2ff3b0270f: 46 arrays, 0.1 MB stored; 1.3 s; peak memory 5032 MiB.
2026-10-09T00:16:33Z INFO [245/1000] 1baf879a-ee25-4056-815b-bfb21563c193: 92 arrays, 644.7 MB stored; 5.5 s; peak memory 5032 MiB.
2026-10-09T00:16:33Z INFO [246/1000] 1bafec4e-3528-4281-9fe9-4a41df1c5917: 64 arrays, 30.7 MB stored; 2.1 s; peak memory 5033 MiB.
2026-10-09T00:16:34Z INFO [247/1000] 1bb06a2b-cbfe-4e37-8b30-b94e4bcbb1ab: 117 arrays, 0.3 MB stored; 1.7 s; peak memory 5033 MiB.
2026-10-09T00:16:35Z INFO [248/1000] 1bb0b1c9-f6be-46e9-8128-8671d1cf11b6: 112 arrays, 0.6 MB stored; 1.8 s; peak memory 5033 MiB.
2026-10-09T00:16:35Z INFO [249/1000] 1bb10d6f-e24d-41d3-b2f1-6693ffc7457f: 112 arrays, 0.6 MB stored; 2.0 s; peak memory 5033 MiB.
2026-10-09T00:16:36Z INFO [250/1000] 1bb20962-5d58-4e8c-b40a-4739dd2eef4a: 48 arrays, 83.9 MB stored; 1.7 s; peak memory 5033 MiB.
2026-10-09T00:16:36Z INFO [251/1000] 1bb221ba-834a-46b0-a00a-b2d1d032d998: 48 arrays, 83.9 MB stored; 1.6 s; peak memory 5033 MiB.
2026-10-09T00:16:37Z INFO [252/1000] 1bb268f4-7198-494c-ad97-4da1fc95228c: 52 arrays, 13.4 MB stored; 1.7 s; peak memory 5033 MiB.
2026-10-09T00:16:38Z INFO [253/1000] 1bb2d68f-6e73-48a5-a9a9-06d3b52e2f07: 112 arrays, 0.4 MB stored; 2.0 s; peak memory 5033 MiB.
2026-10-09T00:16:39Z INFO [254/1000] 1bb3467d-9d10-4229-8139-d22ce9f6d970: 46 arrays, 0.4 MB stored; 1.5 s; peak memory 5033 MiB.
2026-10-09T00:16:40Z INFO [255/1000] 1bafb0d4-c07c-418e-b0e4-ac0ca8ca89b9: 538 arrays, 8.5 MB stored; 8.4 s; peak memory 5034 MiB.
2026-10-09T00:16:40Z INFO [256/1000] 1bb40179-79bd-4503-96d8-c6c27fbb0bde: 50 arrays, 4.0 MB stored; 1.5 s; peak memory 5034 MiB.
2026-10-09T00:16:40Z INFO [257/1000] 1bb408fc-221c-4709-b168-d1fe9cf6a172: 38 arrays, 0.5 MB stored; 1.4 s; peak memory 5034 MiB.
2026-10-09T00:16:42Z INFO [258/1000] 1bb49394-8e24-486b-8578-56453c6cac68: 112 arrays, 0.6 MB stored; 1.9 s; peak memory 5034 MiB.
2026-10-09T00:16:42Z INFO [259/1000] 1bb5114b-aab2-4fe9-86bb-120af73ec0ad: 118 arrays, 0.3 MB stored; 1.8 s; peak memory 5034 MiB.
2026-10-09T00:16:42Z INFO [260/1000] 1bb53ee8-4ef3-4987-8173-32e70ffa3356: 117 arrays, 0.7 MB stored; 1.9 s; peak memory 5034 MiB.
2026-10-09T00:16:42Z INFO [261/1000] 1bb2222c-fa2c-4d8e-88b1-7500c8878d2d: 625 arrays, 7.6 MB stored; 6.9 s; peak memory 5035 MiB.
2026-10-09T00:16:43Z INFO [262/1000] 1bb5bdcf-226a-4ad7-9bf9-62ba30249b46: 64 arrays, 0.0 MB stored; 1.8 s; peak memory 5035 MiB.
2026-10-09T00:16:44Z INFO [263/1000] 1bb5f783-c6c6-4fae-a7d9-74e6d7eb485a: 84 arrays, 3.3 MB stored; 1.9 s; peak memory 5035 MiB.
2026-10-09T00:16:45Z INFO [264/1000] 1bb66743-4bad-4de8-becf-bd949d1b3d7b: 114 arrays, 0.2 MB stored; 1.6 s; peak memory 5035 MiB.
2026-10-09T00:16:46Z INFO [265/1000] 1bb60539-f61a-4df3-9cd6-baf76709ce22: 116 arrays, 187.2 MB stored; 3.6 s; peak memory 5035 MiB.
2026-10-09T00:16:47Z INFO [266/1000] 1bb742d4-1939-49aa-9b94-0f077330a4bb: 48 arrays, 83.9 MB stored; 1.6 s; peak memory 5035 MiB.
2026-10-09T00:16:48Z INFO [267/1000] 1bb82270-e286-45b3-951a-17f766b8ada8: 116 arrays, 0.4 MB stored; 1.7 s; peak memory 5035 MiB.
2026-10-09T00:16:50Z INFO [268/1000] 1bb851c9-2e39-4cb3-a683-35f367bd2020: 118 arrays, 51.2 MB stored; 2.7 s; peak memory 5035 MiB.
2026-10-09T00:16:51Z INFO [269/1000] 1bb57cd5-a94c-4e52-89e9-af54616bfe95: 254 arrays, 155.0 MB stored; 9.2 s; peak memory 5036 MiB.
2026-10-09T00:16:53Z INFO [270/1000] 1bb8cd36-e01c-4a52-b1ec-6d6bcdc89c6e: 117 arrays, 0.4 MB stored; 2.1 s; peak memory 5036 MiB.
2026-10-09T00:16:55Z INFO [271/1000] 1bb8e3aa-1ac8-4724-805b-43d0560278d5: 118 arrays, 0.4 MB stored; 1.9 s; peak memory 5036 MiB.
2026-10-09T00:16:55Z INFO [272/1000] 1bb869a4-6a6a-4116-8021-1548f117df9e: 133 arrays, 41.4 MB stored; 4.5 s; peak memory 5036 MiB.
2026-10-09T00:16:57Z INFO [273/1000] 1bba4c71-7f4e-4caf-b457-efae76c40e4c: 66 arrays, 112.6 MB stored; 2.2 s; peak memory 5036 MiB.
2026-10-09T00:16:57Z INFO [274/1000] 1bb8338b-3421-4431-a5a2-8ad2f82e7368: 194 arrays, 12711.3 MB stored; 10.8 s; peak memory 5036 MiB.
2026-10-09T00:16:59Z INFO [275/1000] 1bbce7ef-0cea-456b-a15f-1166150dca4e: 51 arrays, 3786.9 MB stored; 2.1 s; peak memory 5036 MiB.
2026-10-09T00:17:01Z INFO [276/1000] 1bb9123f-6f79-4e73-b628-13524538c35d: 186 arrays, 104.2 MB stored; 6.2 s; peak memory 5036 MiB.
2026-10-09T00:17:02Z INFO [277/1000] 1bbd4ee9-363c-4bcc-ad4c-632436a573a9: 118 arrays, 51.1 MB stored; 2.7 s; peak memory 5037 MiB.
2026-10-09T00:17:03Z INFO [278/1000] 1bbebdfb-e41d-4e73-b907-4eedf2f78557: 48 arrays, 83.9 MB stored; 1.6 s; peak memory 5037 MiB.
2026-10-09T00:17:04Z INFO [279/1000] 1bbf6217-fde2-41d8-845c-d46213defa0a: 117 arrays, 0.1 MB stored; 1.6 s; peak memory 5037 MiB.
2026-10-09T00:17:06Z INFO [280/1000] 1bbf3ee4-a4ab-4825-9ee9-dc1ddb943749: 156 arrays, 193.5 MB stored; 3.9 s; peak memory 5037 MiB.
2026-10-09T00:17:07Z INFO [281/1000] 1bbf83b9-c5f2-41e4-adf7-a3122e3eaeb0: 48 arrays, 83.9 MB stored; 1.6 s; peak memory 5037 MiB.
2026-10-09T00:17:10Z INFO [282/1000] 1bbfd89e-2452-4f6e-ad95-a08cef68d447: 131 arrays, 73189.2 MB stored; 3.1 s; peak memory 5037 MiB.
2026-10-09T00:17:15Z INFO [283/1000] 1bbf66cf-7300-4456-80a6-b0afdbf93293: 82 arrays, 372.6 MB stored; 11.0 s; peak memory 5037 MiB.
2026-10-09T00:17:16Z INFO [284/1000] 1bc1b9c5-d653-43e0-b96c-ba4dba09e6e9: 46 arrays, 0.0 MB stored; 1.2 s; peak memory 5037 MiB.
2026-10-09T00:17:18Z INFO [285/1000] 1bc28291-7df8-4f7d-a7a7-0cb512f91983: 48 arrays, 83.9 MB stored; 1.6 s; peak memory 5037 MiB.
2026-10-09T00:17:24Z INFO [286/1000] 1b79e3d6-48ab-4020-a9f2-76af621f22eb: 430 arrays, 23665.7 MB stored; 164.9 s; peak memory 5038 MiB.
2026-10-09T00:17:26Z INFO [287/1000] 1bc3a505-5802-4b99-b92a-c3749d663cf0: 112 arrays, 1.0 MB stored; 2.2 s; peak memory 5038 MiB.
2026-10-09T00:17:28Z INFO [288/1000] 1bc3d8c7-c33d-47f1-953e-0bb43adc45a1: 48 arrays, 83.9 MB stored; 1.6 s; peak memory 5038 MiB.
2026-10-09T00:17:30Z INFO [289/1000] 1bc3ee46-1a42-416d-90ea-5e99f3f93505: 117 arrays, 0.7 MB stored; 2.0 s; peak memory 5038 MiB.
2026-10-09T00:17:32Z INFO [290/1000] 1bc409cd-5e97-4692-a3cd-d2b552e6ec3d: 48 arrays, 83.9 MB stored; 1.5 s; peak memory 5038 MiB.
2026-10-09T00:17:35Z INFO [291/1000] 1bc1b1ac-f4db-4141-961f-332f081589f5: 522 arrays, 3546.6 MB stored; 25.0 s; peak memory 5039 MiB.
2026-10-09T00:17:38Z INFO [292/1000] 1bc4572c-9cee-46df-b871-48c48e170d34: 112 arrays, 0.4 MB stored; 2.1 s; peak memory 5039 MiB.
2026-10-09T00:17:39Z INFO [293/1000] 1bc4c40d-3f54-4d45-9577-6cc59f4872a0: 84 arrays, 0.3 MB stored; 1.8 s; peak memory 5039 MiB.
2026-10-09T00:17:41Z INFO [294/1000] 1bc52b51-59ee-4a56-b01d-b3f23c964af9: 116 arrays, 0.4 MB stored; 1.8 s; peak memory 5039 MiB.
2026-10-09T00:17:43Z INFO [295/1000] 1bc427f5-ae7b-4fe2-80db-4c9b530db768: 772 arrays, 19.0 MB stored; 11.9 s; peak memory 5040 MiB.
2026-10-09T00:17:44Z INFO [296/1000] 1bc5ae47-7201-4612-871b-586020a70f3f: 62 arrays, 3000.2 MB stored; 2.5 s; peak memory 5040 MiB.
2026-10-09T00:17:45Z INFO [297/1000] 1b8160d9-5928-4c3d-ab7e-3524e9b98067: 280 arrays, 22250.7 MB stored; 176.6 s; peak memory 5040 MiB.
2026-10-09T00:17:46Z INFO [298/1000] 1bc69b06-03cc-436e-965d-cc61f26e6edc: 112 arrays, 0.7 MB stored; 2.0 s; peak memory 5040 MiB.
2026-10-09T00:17:50Z INFO [299/1000] 1bb68077-d9fb-4ac2-9bd3-71b8eb94a75a: 52 arrays, 2619.7 MB stored; 66.2 s; peak memory 5040 MiB.
2026-10-09T00:17:52Z INFO [300/1000] 1bc74792-aa62-442b-bc16-2b4b34210fad: 538 arrays, 7.4 MB stored; 7.0 s; peak memory 5041 MiB.
2026-10-09T00:17:53Z INFO [301/1000] 1bc76bba-a11d-408f-bc12-fa9452407852: 71 arrays, 50.0 MB stored; 2.3 s; peak memory 5041 MiB.
2026-10-09T00:17:53Z INFO [302/1000] 1bc66aba-b052-4dc0-b0d7-208eb09ad39e: 38 arrays, 237.4 MB stored; 9.6 s; peak memory 5041 MiB.
2026-10-09T00:17:54Z INFO [303/1000] 1bc80044-f753-4687-8118-460e5b7ce81f: 110 arrays, 0.4 MB stored; 2.0 s; peak memory 5041 MiB.
2026-10-09T00:17:55Z INFO [304/1000] 1bc87a75-f28b-4eba-a841-0eec157a2d0c: 48 arrays, 83.9 MB stored; 1.5 s; peak memory 5041 MiB.
2026-10-09T00:17:55Z INFO [305/1000] 1bc8277b-2d7f-46a0-8296-e494337af2a8: 76 arrays, 82.1 MB stored; 2.3 s; peak memory 5041 MiB.
2026-10-09T00:17:55Z INFO [306/1000] 1bc8ea6a-b9d0-4660-a2e6-bf140c8823aa: 38 arrays, 0.5 MB stored; 1.3 s; peak memory 5041 MiB.
2026-10-09T00:17:56Z INFO [307/1000] 1bc900bc-8a28-4ab1-99bb-0eeaa81657e5: 116 arrays, 9.8 MB stored; 1.7 s; peak memory 5041 MiB.
2026-10-09T00:17:56Z INFO [308/1000] 1bc94f1e-9420-4620-9e4c-8a11f12d86ac: 48 arrays, 83.9 MB stored; 1.5 s; peak memory 5041 MiB.
2026-10-09T00:17:58Z INFO [309/1000] 1bca0246-a688-436f-809e-9c079698c3a7: 48 arrays, 83.9 MB stored; 1.6 s; peak memory 5041 MiB.
2026-10-09T00:18:02Z INFO [310/1000] 1bc9d481-697e-4889-b3f1-87002fa6a76e: 225 arrays, 246.9 MB stored; 6.2 s; peak memory 5042 MiB.
2026-10-09T00:18:02Z INFO [311/1000] 1bca7a69-8267-41af-8f10-7e0e2cc75959: 628 arrays, 11.0 MB stored; 6.0 s; peak memory 5042 MiB.
2026-10-09T00:18:08Z INFO [312/1000] 1bcad460-6653-4ada-a79f-da3d80887ceb: 225 arrays, 267.0 MB stored; 6.6 s; peak memory 5042 MiB.
2026-10-09T00:18:09Z INFO [313/1000] 1bcc4dfd-34f5-4e1e-b5a0-591494782ddc: 615 arrays, 9.3 MB stored; 6.4 s; peak memory 5043 MiB.
2026-10-09T00:18:10Z INFO [314/1000] 1bcdc288-8e58-4f65-ba2a-4f44ba48eb76: 48 arrays, 83.9 MB stored; 1.6 s; peak memory 5043 MiB.
2026-10-09T00:18:10Z INFO [315/1000] 1bca8a3d-3489-45b7-8570-0970de6092bf: 244 arrays, 761.6 MB stored; 12.0 s; peak memory 5044 MiB.
2026-10-09T00:18:12Z INFO [316/1000] 1bce13a4-dec1-44cb-bad5-ab7eb40c7d3b: 117 arrays, 0.5 MB stored; 1.9 s; peak memory 5044 MiB.
2026-10-09T00:18:13Z INFO [317/1000] 1bcf2b7a-94b5-41f2-833b-a65a71484a13: 112 arrays, 0.4 MB stored; 1.7 s; peak memory 5044 MiB.
2026-10-09T00:18:19Z INFO [318/1000] 1bcdd97f-b4f4-4815-b4ef-8fb3e3f673c0: 799 arrays, 31.9 MB stored; 10.3 s; peak memory 5045 MiB.
2026-10-09T00:18:20Z INFO [319/1000] 1bce71c6-78e6-474a-83f7-1f668c5d8c28: 722 arrays, 29.8 MB stored; 9.9 s; peak memory 5046 MiB.
2026-10-09T00:18:21Z INFO [320/1000] 1bd03718-ef33-4cda-a0c9-86049710ea69: 48 arrays, 83.9 MB stored; 1.6 s; peak memory 5046 MiB.
2026-10-09T00:18:23Z INFO [321/1000] 1bd0403f-00f1-435b-b58f-9b9dae1400ad: 117 arrays, 0.4 MB stored; 1.9 s; peak memory 5046 MiB.
2026-10-09T00:18:25Z INFO [322/1000] 1bd083e3-6dfb-4d64-927a-eca2d1db6f47: 48 arrays, 83.9 MB stored; 1.7 s; peak memory 5046 MiB.
2026-10-09T00:18:27Z INFO [323/1000] 1bd08d25-2f70-48e2-84d1-de68a625824c: 42 arrays, 5.4 MB stored; 2.5 s; peak memory 5046 MiB.
2026-10-09T00:18:29Z INFO [324/1000] 1bd13e7f-dbfd-4832-9e33-db6ceb6cea7a: 112 arrays, 0.5 MB stored; 1.9 s; peak memory 5046 MiB.
2026-10-09T00:18:32Z INFO [325/1000] 1bd1a139-ab45-403a-af4a-252dc505d3fa: 46 arrays, 1113.8 MB stored; 3.1 s; peak memory 5046 MiB.
2026-10-09T00:18:34Z INFO [326/1000] 1bcfb926-6d0d-45b7-9612-463f735a433f: 1496 arrays, 26.2 MB stored; 15.1 s; peak memory 5048 MiB.
2026-10-09T00:18:36Z INFO [327/1000] 1bd1c4b3-0dd7-44e3-8d8a-18502991ffe0: 45 arrays, 0.0 MB stored; 1.4 s; peak memory 5048 MiB.
2026-10-09T00:18:37Z INFO [328/1000] 1bd23083-84cf-4505-b108-975854d6301e: 48 arrays, 83.9 MB stored; 1.5 s; peak memory 5048 MiB.
2026-10-09T00:18:39Z INFO [329/1000] 1bd25a4f-3822-49c0-a1a6-31a5be33a557: 112 arrays, 0.4 MB stored; 1.9 s; peak memory 5048 MiB.
2026-10-09T00:18:40Z INFO [330/1000] 1bd26f95-4513-4cd7-8eb3-6acccb0133fd: 46 arrays, 0.1 MB stored; 1.3 s; peak memory 5048 MiB.
2026-10-09T00:18:42Z INFO [331/1000] 1bd2a520-bfb6-432d-b054-8620eebb7eb1: 117 arrays, 0.4 MB stored; 1.6 s; peak memory 5048 MiB.
2026-10-09T00:18:44Z INFO [332/1000] 1bcf5f93-e4cf-4127-87c4-91fa3600d951: 1858 arrays, 34.5 MB stored; 30.4 s; peak memory 5050 MiB.
2026-10-09T00:18:45Z INFO [333/1000] 1bd2d289-32dd-4f6d-81bd-424d3a265f77: 78 arrays, 639.4 MB stored; 2.6 s; peak memory 5050 MiB.
2026-10-09T00:18:46Z INFO [334/1000] 1bd3cc09-0aec-4514-bb81-d486bd9678a8: 48 arrays, 83.9 MB stored; 1.6 s; peak memory 5050 MiB.
2026-10-09T00:18:48Z INFO [335/1000] 1bd47cf1-317e-4c0a-a893-52c489b38bcb: 48 arrays, 83.9 MB stored; 1.5 s; peak memory 5050 MiB.
2026-10-09T00:18:50Z INFO [336/1000] 1bd48f54-5cc4-4731-b05f-5c165b5f0d39: 111 arrays, 0.8 MB stored; 2.2 s; peak memory 5050 MiB.
2026-10-09T00:18:51Z INFO [337/1000] 1ba540e0-e065-4791-b8a1-1a6acca62a2d: 414 arrays, 23211.4 MB stored; 186.4 s; peak memory 5051 MiB.
2026-10-09T00:18:53Z INFO [338/1000] 1bd32a51-6830-4d12-8f19-35d8b764d666: 56 arrays, 130.0 MB stored; 8.9 s; peak memory 5051 MiB.
2026-10-09T00:18:53Z INFO [339/1000] 1bd4e13c-ef85-4625-9a49-c509b75f29d6: 112 arrays, 0.6 MB stored; 2.0 s; peak memory 5051 MiB.
2026-10-09T00:18:55Z INFO [340/1000] 1bd4f42c-42a5-4978-a0b9-a60670cfd794: 112 arrays, 0.6 MB stored; 2.1 s; peak memory 5051 MiB.
2026-10-09T00:18:55Z INFO [341/1000] 1bd51f15-a173-43f8-8c77-0459ba66f5ab: 39 arrays, 1.6 MB stored; 1.6 s; peak memory 5051 MiB.
2026-10-09T00:18:55Z INFO [342/1000] 1bd4974e-66e9-4977-98f4-4e1837b29041: 386 arrays, 4.6 MB stored; 5.3 s; peak memory 5052 MiB.
2026-10-09T00:18:57Z INFO [343/1000] 1bd537f2-f979-4825-ac17-0824489fa4ca: 62 arrays, 2.4 MB stored; 1.8 s; peak memory 5052 MiB.
2026-10-09T00:18:57Z INFO [344/1000] 1bd5fbc0-7265-44a0-9739-cfa3c81ad66f: 117 arrays, 0.5 MB stored; 1.9 s; peak memory 5052 MiB.
2026-10-09T00:18:59Z INFO [345/1000] 1bd68709-3a19-4fd3-b4f3-868296ad090c: 66 arrays, 62.0 MB stored; 2.0 s; peak memory 5052 MiB.
2026-10-09T00:18:59Z INFO [346/1000] 1bd67373-e621-4fa1-9c19-c965c2db79a5: 71 arrays, 164.2 MB stored; 2.9 s; peak memory 5052 MiB.
2026-10-09T00:19:00Z INFO [347/1000] 1bd6addd-a512-4fdb-badd-bb96f60880cd: 48 arrays, 83.9 MB stored; 1.4 s; peak memory 5052 MiB.
2026-10-09T00:19:01Z INFO [348/1000] 1bd700c7-73c7-4646-95fc-30e67519c5f4: 46 arrays, 12.6 MB stored; 1.6 s; peak memory 5052 MiB.
2026-10-09T00:19:02Z INFO [349/1000] 1bd640be-0c2a-47c5-84ab-6df3d69e9012: 1619 arrays, 7.6 MB stored; 6.3 s; peak memory 5054 MiB.
2026-10-09T00:19:02Z INFO [350/1000] 1bd93e6b-a1b2-4323-a4ed-7136e4341578: 48 arrays, 83.9 MB stored; 1.6 s; peak memory 5054 MiB.
2026-10-09T00:19:05Z INFO [351/1000] 1bdb7ab9-87fe-4559-94b2-4a1100bd8deb: 136 arrays, 3.8 MB stored; 2.7 s; peak memory 5054 MiB.
2026-10-09T00:19:06Z INFO [352/1000] 1bdc1626-6dc9-4ba2-87ae-fb44a94d174e: 49 arrays, 6.4 MB stored; 1.7 s; peak memory 5054 MiB.
2026-10-09T00:19:10Z INFO [353/1000] 1bdc2eba-1361-4124-a54a-a4061e99e17e: 193 arrays, 16.8 MB stored; 3.6 s; peak memory 5054 MiB.
2026-10-09T00:19:14Z INFO [354/1000] 1bdc9e60-c208-42d8-a112-ddf16df9a6cd: 114 arrays, 186.8 MB stored; 3.6 s; peak memory 5054 MiB.
2026-10-09T00:19:19Z INFO [355/1000] 1bb0ea75-649d-4f4e-97bf-5b8541481e27: 413 arrays, 19750.5 MB stored; 165.6 s; peak memory 5054 MiB.
2026-10-09T00:19:20Z INFO [356/1000] 1bdd672c-fd4b-4743-aed3-43f0eda3c48a: 48 arrays, 83.9 MB stored; 1.6 s; peak memory 5054 MiB.
2026-10-09T00:19:22Z INFO [357/1000] 1bda1058-91c0-4900-9080-fc449ee27cf5: 41 arrays, 586.5 MB stored; 20.5 s; peak memory 5055 MiB.
2026-10-09T00:19:25Z INFO [358/1000] 1bdd5464-dbf8-42ef-9d90-0b3f59ee56cd: 1053 arrays, 22.7 MB stored; 11.3 s; peak memory 5055 MiB.
2026-10-09T00:19:27Z INFO [359/1000] 1bde2eca-3527-4d64-933d-8f798dc20b6e: 51 arrays, 3.5 MB stored; 1.6 s; peak memory 5055 MiB.
2026-10-09T00:19:29Z INFO [360/1000] 1bddc65e-c26a-4d53-a7be-81de1fe2ceae: 223 arrays, 1433.3 MB stored; 7.6 s; peak memory 5056 MiB.
2026-10-09T00:19:32Z INFO [361/1000] 1bd1a4cd-56ee-40dc-a594-3b769beaf415: 55 arrays, 2046.5 MB stored; 60.1 s; peak memory 5056 MiB.
2026-10-09T00:19:35Z INFO [362/1000] 1bdf1c77-5b78-4a06-9801-3793f651bf8f: 66 arrays, 57.0 MB stored; 2.0 s; peak memory 5056 MiB.
2026-10-09T00:19:37Z INFO [363/1000] 1bde6c99-c04e-4a6d-874c-4314963247d9: 343 arrays, 48.0 MB stored; 10.4 s; peak memory 5056 MiB.
2026-10-09T00:19:38Z INFO [364/1000] 1bdee4de-31a1-4aa1-bf7a-b65e24bccb68: 56 arrays, 111.9 MB stored; 9.2 s; peak memory 5056 MiB.
2026-10-09T00:19:39Z INFO [365/1000] 1bdf9c6a-7b6d-4b29-b45b-01d77a2bbea5: 48 arrays, 83.9 MB stored; 1.6 s; peak memory 5056 MiB.
2026-10-09T00:19:40Z INFO [366/1000] 1bdfc7c2-07f5-48f9-adc9-1c4be66fc310: 48 arrays, 83.9 MB stored; 1.6 s; peak memory 5056 MiB.
2026-10-09T00:19:41Z INFO [367/1000] 1bdf3be3-4566-49f0-a45d-987ece83f20b: 229 arrays, 236.3 MB stored; 6.2 s; peak memory 5056 MiB.
2026-10-09T00:19:42Z INFO [368/1000] 1be01043-1f87-4dfc-ac59-7876fe8123c0: 110 arrays, 0.3 MB stored; 1.8 s; peak memory 5057 MiB.
2026-10-09T00:19:42Z INFO [369/1000] 1be02433-7ed1-42f9-9d92-0ffd49b89eed: 45 arrays, 0.0 MB stored; 1.3 s; peak memory 5057 MiB.
2026-10-09T00:19:44Z INFO [370/1000] 1be06e16-9540-42c0-ac1f-7015f950bc3f: 112 arrays, 0.4 MB stored; 1.9 s; peak memory 5057 MiB.
2026-10-09T00:19:44Z INFO [371/1000] 1be0a97b-fd40-4033-9f39-2fd589b44f10: 118 arrays, 0.5 MB stored; 2.1 s; peak memory 5057 MiB.
2026-10-09T00:19:45Z INFO [372/1000] 1be0d48b-e15e-4275-b77a-9d14e81b635e: 46 arrays, 0.1 MB stored; 1.3 s; peak memory 5057 MiB.
2026-10-09T00:19:47Z INFO [373/1000] 1be1a199-9931-4cd6-aa2f-ea58e51fa491: 117 arrays, 0.3 MB stored; 1.7 s; peak memory 5057 MiB.
2026-10-09T00:19:47Z INFO [374/1000] 1bbcf749-897c-4a6a-94e2-2118e26909eb: 190 arrays, 21312.1 MB stored; 170.1 s; peak memory 5057 MiB.
2026-10-09T00:19:48Z INFO [375/1000] 1be0092f-c43a-4427-8a7a-e941be7078d8: 11477 arrays, 132.8 MB stored; 9.5 s; peak memory 5070 MiB.
2026-10-09T00:19:50Z INFO [376/1000] 1be24ae5-ca73-409a-98e0-d9e070407b85: 116 arrays, 0.3 MB stored; 1.6 s; peak memory 5070 MiB.
2026-10-09T00:19:51Z INFO [377/1000] 1bddaa7f-6edf-45a9-b483-486c798fbb49: 48 arrays, 37038.6 MB stored; 31.1 s; peak memory 5070 MiB.
2026-10-09T00:19:52Z INFO [378/1000] 1be2b9be-26fc-4e1f-bb27-de2766c2c12e: 112 arrays, 0.5 MB stored; 2.0 s; peak memory 5070 MiB.
2026-10-09T00:19:53Z INFO [379/1000] 1be33111-0a28-43eb-b6ac-aaea86b130cb: 112 arrays, 0.7 MB stored; 2.1 s; peak memory 5070 MiB.
2026-10-09T00:19:53Z INFO [380/1000] 1be219d0-f811-4e93-94ed-b9c61b09bfdd: 1808 arrays, 10.2 MB stored; 6.9 s; peak memory 5072 MiB.
2026-10-09T00:19:54Z INFO [381/1000] 1be3cbf1-fcff-4b49-9512-9ed491152ac3: 119 arrays, 66.5 MB stored; 2.9 s; peak memory 5072 MiB.
2026-10-09T00:19:55Z INFO [382/1000] 1be4334e-2c53-4783-889d-388425a2e14f: 57 arrays, 0.0 MB stored; 1.5 s; peak memory 5072 MiB.
2026-10-09T00:19:55Z INFO [383/1000] 1be4a2ca-280f-47b5-bab7-765fb8295760: 72 arrays, 0.2 MB stored; 1.9 s; peak memory 5072 MiB.
2026-10-09T00:19:56Z INFO [384/1000] 1be4e1c8-b379-4621-8170-23c74e742371: 48 arrays, 83.9 MB stored; 1.6 s; peak memory 5072 MiB.
2026-10-09T00:19:57Z INFO [385/1000] 1be5a7f8-dd91-4d50-8dc5-987841ec0a24: 117 arrays, 0.3 MB stored; 1.7 s; peak memory 5072 MiB.
2026-10-09T00:19:57Z INFO [386/1000] 1be54f26-a1fc-464e-96e4-ee9c095f0533: 119 arrays, 66.4 MB stored; 2.5 s; peak memory 5072 MiB.
2026-10-09T00:19:59Z INFO [387/1000] 1be5be7e-11a4-4c12-ab04-203f2982e4e9: 73 arrays, 1.0 MB stored; 1.7 s; peak memory 5072 MiB.
2026-10-09T00:19:59Z INFO [388/1000] 1be225ef-310a-490f-ac66-48110e9866bb: 106 arrays, 13093.2 MB stored; 11.5 s; peak memory 5072 MiB.
2026-10-09T00:20:00Z INFO [389/1000] 1be70389-9f5c-4758-b36d-d70a045afcf0: 37 arrays, 0.0 MB stored; 1.3 s; peak memory 5072 MiB.
2026-10-09T00:20:01Z INFO [390/1000] 1be72235-7cde-49c2-ab2f-475299ac4561: 56 arrays, 0.0 MB stored; 1.3 s; peak memory 5073 MiB.
2026-10-09T00:20:04Z INFO [391/1000] 1be68891-8bee-4d20-b967-794e9e2a10fc: 534 arrays, 7.8 MB stored; 7.1 s; peak memory 5073 MiB.
2026-10-09T00:20:07Z INFO [392/1000] 1be77a20-9759-4b2d-9664-61eebb5c1a57: 38 arrays, 26.7 MB stored; 2.8 s; peak memory 5073 MiB.
2026-10-09T00:20:09Z INFO [393/1000] 1be77b36-ca4c-4520-ae03-a3294a1b8e8f: 66 arrays, 21.9 MB stored; 2.1 s; peak memory 5073 MiB.
2026-10-09T00:20:11Z INFO [394/1000] 1be7a3d7-69d2-4d80-a3a5-536b30aca0f6: 117 arrays, 0.5 MB stored; 1.9 s; peak memory 5073 MiB.
2026-10-09T00:20:11Z INFO [395/1000] 1be71112-8316-4051-813b-26bdf5066a9b: 558 arrays, 21.1 MB stored; 12.6 s; peak memory 5074 MiB.
2026-10-09T00:20:13Z INFO [396/1000] 1be7fed8-2a66-4c0e-bd07-27fb23a8628d: 48 arrays, 83.9 MB stored; 1.6 s; peak memory 5074 MiB.
2026-10-09T00:20:15Z INFO [397/1000] 1be0e9d6-2875-48b4-9e08-a62de51bae1b: 48 arrays, 46296.0 MB stored; 30.6 s; peak memory 5074 MiB.
2026-10-09T00:20:15Z INFO [398/1000] 1be8a1c4-6187-4f13-8833-84e738469c89: 64 arrays, 27.4 MB stored; 2.2 s; peak memory 5074 MiB.
2026-10-09T00:20:17Z INFO [399/1000] 1be9967d-e90b-462a-8c5b-765722b10f9d: 48 arrays, 83.9 MB stored; 1.6 s; peak memory 5074 MiB.
2026-10-09T00:20:18Z INFO [400/1000] 1be8c1ab-f206-4b9f-9485-87a112f27ebd: 115 arrays, 190.2 MB stored; 3.3 s; peak memory 5074 MiB.
2026-10-09T00:20:32Z INFO [400/1000] 1be8c1ab-f206-4b9f-9485-87a112f27ebd: checkpointed 18600 new records.
2026-10-09T00:20:32Z INFO [401/1000] 1bea2057-9542-4632-bd99-a19c937e9728: 66 arrays, 129.8 MB stored; 2.3 s; peak memory 5092 MiB.
2026-10-09T00:20:32Z INFO [402/1000] 1bea9ad8-4985-4f97-a3d6-00a66e0093c8: 48 arrays, 83.9 MB stored; 1.6 s; peak memory 5092 MiB.
2026-10-09T00:20:32Z INFO [403/1000] 1beacb3b-5500-499e-ae89-ddeb43cd5a85: 117 arrays, 0.5 MB stored; 1.7 s; peak memory 5092 MiB.
2026-10-09T00:20:32Z INFO [404/1000] 1beae663-ab4c-491b-a545-6073bc3cfc90: 121 arrays, 0.1 MB stored; 1.6 s; peak memory 5092 MiB.
2026-10-09T00:20:32Z INFO [405/1000] 1bebb1f4-3266-44d8-803c-0b4d43a4ba84: 117 arrays, 0.4 MB stored; 1.9 s; peak memory 5092 MiB.
2026-10-09T00:20:32Z INFO [406/1000] 1bebeaea-fc0b-4400-8e17-d381bd748b96: 116 arrays, 0.3 MB stored; 1.8 s; peak memory 5092 MiB.
2026-10-09T00:20:32Z INFO [407/1000] 1bc7694a-7273-4e54-b2a5-c153471e1818: 269 arrays, 20734.9 MB stored; 159.7 s; peak memory 5092 MiB.
2026-10-09T00:20:32Z INFO [408/1000] 1bec8b77-8969-42e0-b33a-59b00955c358: 46 arrays, 0.0 MB stored; 1.3 s; peak memory 5092 MiB.
2026-10-09T00:20:32Z INFO [409/1000] 1becb849-f94f-42e2-bfb9-f71900b283bf: 116 arrays, 0.4 MB stored; 1.8 s; peak memory 5092 MiB.
2026-10-09T00:20:32Z INFO [410/1000] 1beda15c-3b78-4c90-8e45-113fdd773fc6: 112 arrays, 0.4 MB stored; 1.8 s; peak memory 5092 MiB.
2026-10-09T00:20:32Z INFO [411/1000] 1bedfd6d-08e9-46eb-a8b1-0367de0039a9: 48 arrays, 83.9 MB stored; 1.7 s; peak memory 5092 MiB.
2026-10-09T00:20:32Z INFO [412/1000] 1bee13f0-a0fa-4f30-9f9a-7eaeb7dcb160: 112 arrays, 0.6 MB stored; 1.9 s; peak memory 5092 MiB.
2026-10-09T00:20:34Z INFO [413/1000] 1bedd5dd-a346-4970-bb29-edb36e0e8646: 497 arrays, 6.5 MB stored; 6.5 s; peak memory 5092 MiB.
2026-10-09T00:20:34Z INFO [414/1000] 1bee39c7-808b-4b0b-92fc-7057bfc6dfc5: 116 arrays, 0.5 MB stored; 2.1 s; peak memory 5092 MiB.
2026-10-09T00:20:35Z INFO [415/1000] 1bee8813-b286-48b5-9fc9-1449c83c8c4c: 48 arrays, 83.9 MB stored; 1.5 s; peak memory 5092 MiB.
2026-10-09T00:20:36Z INFO [416/1000] 1bee6048-ddea-43e7-9335-954e86462ce8: 131 arrays, 1.1 MB stored; 2.5 s; peak memory 5092 MiB.
2026-10-09T00:20:37Z INFO [417/1000] 1beef897-89e4-4b88-a0d1-0b1c45f7347d: 112 arrays, 0.7 MB stored; 2.2 s; peak memory 5092 MiB.
2026-10-09T00:20:44Z INFO [418/1000] 1be7c9da-1ab4-4ab3-a061-635fab707d3b: 893 arrays, 76.5 MB stored; 32.7 s; peak memory 5092 MiB.
2026-10-09T00:20:44Z INFO [419/1000] 1bef608b-b6c6-4c06-83d4-e2218a399032: 229 arrays, 412.4 MB stored; 6.9 s; peak memory 5092 MiB.
2026-10-09T00:20:46Z INFO [420/1000] 1bef6889-4322-4e1c-b85a-95d96d1ec4a4: 275 arrays, 17.2 MB stored; 2.1 s; peak memory 5092 MiB.
2026-10-09T00:20:48Z INFO [421/1000] 1bef9d4f-e5fc-4a98-a341-6248f5292cc9: 66 arrays, 63.2 MB stored; 2.3 s; peak memory 5092 MiB.
2026-10-09T00:20:49Z INFO [422/1000] 1beb74bf-155d-4b2f-bdb7-a23d0b9e31b3: 48 arrays, 35358.8 MB stored; 28.3 s; peak memory 5092 MiB.
2026-10-09T00:20:51Z INFO [423/1000] 1bef6b27-1c5f-4ebc-b4ae-4289f7b7adc6: 219 arrays, 67.2 MB stored; 6.4 s; peak memory 5092 MiB.
2026-10-09T00:20:51Z INFO [424/1000] 1bf15460-7433-41d4-a1c6-50073b34c68b: 48 arrays, 83.9 MB stored; 1.6 s; peak memory 5092 MiB.
2026-10-09T00:20:52Z INFO [425/1000] 1bf15947-e59c-4562-a7e3-b6cb7fa1534b: 48 arrays, 83.9 MB stored; 1.6 s; peak memory 5092 MiB.
2026-10-09T00:20:53Z INFO [426/1000] 1bf166fa-3fce-4501-8d64-e209ccd1596b: 71 arrays, 58.3 MB stored; 2.5 s; peak memory 5092 MiB.
2026-10-09T00:20:54Z INFO [427/1000] 1bf1729c-0475-426e-9e48-0525912aab92: 52 arrays, 5.7 MB stored; 1.6 s; peak memory 5092 MiB.
2026-10-09T00:20:55Z INFO [428/1000] 1bf1d3ea-4f47-42eb-af36-1bab422b7ad9: 48 arrays, 83.9 MB stored; 1.7 s; peak memory 5092 MiB.
2026-10-09T00:20:56Z INFO [429/1000] 1bf2fc35-f7c7-4a5a-8925-87f20db8dba6: 48 arrays, 83.9 MB stored; 1.7 s; peak memory 5092 MiB.
2026-10-09T00:20:57Z INFO [430/1000] 1bf45009-dafa-4369-ac9f-bf36e467f504: 48 arrays, 83.9 MB stored; 1.5 s; peak memory 5092 MiB.
2026-10-09T00:20:59Z INFO [431/1000] 1bf47b8f-31c1-45c8-a908-cca7143d9d0e: 48 arrays, 83.9 MB stored; 1.5 s; peak memory 5092 MiB.
2026-10-09T00:20:59Z INFO [432/1000] 1bf06285-3652-4279-a8e2-05d4b0520093: 339 arrays, 48.0 MB stored; 10.3 s; peak memory 5092 MiB.
2026-10-09T00:20:59Z INFO [433/1000] 1bf3b22a-eb4c-4f0a-89e4-ec249496c1bf: 116 arrays, 187.1 MB stored; 3.8 s; peak memory 5092 MiB.
2026-10-09T00:21:01Z INFO [434/1000] 1bf599bf-3e7f-4c71-900c-2de316f68378: 66 arrays, 29.8 MB stored; 2.1 s; peak memory 5092 MiB.
2026-10-09T00:21:03Z INFO [435/1000] 1bf4b48e-48e7-46a5-a08c-44bcb1debcad: 301 arrays, 2.4 MB stored; 4.1 s; peak memory 5092 MiB.
2026-10-09T00:21:04Z INFO [436/1000] 1bf68ca6-e6c0-4a59-b8dc-fa8f45608e1c: 48 arrays, 83.9 MB stored; 1.6 s; peak memory 5092 MiB.
2026-10-09T00:21:05Z INFO [437/1000] 1bf5d4f4-9b93-4e01-972c-76b93c2bc79e: 114 arrays, 186.8 MB stored; 3.7 s; peak memory 5092 MiB.
2026-10-09T00:21:07Z INFO [438/1000] 1bf6fb48-474f-4731-a365-d02a7f76219f: 117 arrays, 0.5 MB stored; 1.9 s; peak memory 5092 MiB.
2026-10-09T00:21:08Z INFO [439/1000] 1bf799a6-20e1-4bcf-b1a4-e4d6902f0304: 48 arrays, 83.9 MB stored; 1.4 s; peak memory 5092 MiB.
2026-10-09T00:21:08Z INFO [440/1000] 1bf6b157-63b0-4769-820a-10ac4703b565: 116 arrays, 187.1 MB stored; 3.9 s; peak memory 5092 MiB.
2026-10-09T00:21:10Z INFO [441/1000] 1bf845bf-dbde-40c2-972b-e749db753f31: 112 arrays, 0.4 MB stored; 2.0 s; peak memory 5092 MiB.
2026-10-09T00:21:11Z INFO [442/1000] 1bf7a9e0-db1f-411e-8ca4-7451dd6e0702: 115 arrays, 186.8 MB stored; 3.3 s; peak memory 5092 MiB.
2026-10-09T00:21:12Z INFO [443/1000] 1bf8962e-4c54-48d4-9125-2ff3c44ae8c2: 48 arrays, 83.9 MB stored; 1.6 s; peak memory 5092 MiB.
2026-10-09T00:21:13Z INFO [444/1000] 1bf8b134-a8c0-476e-a4fe-be4feba1a3b2: 48 arrays, 83.9 MB stored; 1.7 s; peak memory 5092 MiB.
2026-10-09T00:21:14Z INFO [445/1000] 1bf9325b-b63d-4f23-9043-0bd6c8d5675f: 41 arrays, 8.4 MB stored; 1.4 s; peak memory 5092 MiB.
2026-10-09T00:21:16Z INFO [446/1000] 1bf9a573-63b4-4aa1-8081-96946c5a043c: 46 arrays, 0.1 MB stored; 1.4 s; peak memory 5092 MiB.
2026-10-09T00:21:17Z INFO [447/1000] 1bf50be4-9079-49fb-bc16-0317d3c0cc40: 106 arrays, 24372.5 MB stored; 18.5 s; peak memory 5092 MiB.
2026-10-09T00:21:19Z INFO [448/1000] 1bfa0979-2a35-4c28-8670-c43f4df4a73a: 116 arrays, 0.2 MB stored; 1.8 s; peak memory 5092 MiB.
2026-10-09T00:21:21Z INFO [449/1000] 1bfaa9b4-0e6f-497a-a36c-57880368a5f9: 112 arrays, 0.4 MB stored; 1.9 s; peak memory 5092 MiB.
2026-10-09T00:21:22Z INFO [450/1000] 1bfa0485-3d5e-46ac-801a-22dfb44613f8: 229 arrays, 319.7 MB stored; 6.7 s; peak memory 5092 MiB.
2026-10-09T00:21:22Z INFO [451/1000] 1bfab03a-6718-43da-99cb-6446431c9d89: 48 arrays, 83.9 MB stored; 1.5 s; peak memory 5092 MiB.
2026-10-09T00:21:24Z INFO [452/1000] 1bfb5c30-90d7-4a11-84a9-a486c2a49fc0: 48 arrays, 83.9 MB stored; 1.5 s; peak memory 5092 MiB.
2026-10-09T00:21:26Z INFO [453/1000] 1bfbf964-98c2-45b6-a37a-90089f538f50: 48 arrays, 83.9 MB stored; 1.6 s; peak memory 5092 MiB.
2026-10-09T00:21:26Z INFO [454/1000] 1bfb0457-e541-4b9d-bef7-606783ea0394: 114 arrays, 186.8 MB stored; 3.7 s; peak memory 5092 MiB.
2026-10-09T00:21:27Z INFO [455/1000] 1bfbfd10-c0ad-44ec-889c-14a129cc38e8: 48 arrays, 83.9 MB stored; 1.7 s; peak memory 5092 MiB.
2026-10-09T00:21:28Z INFO [456/1000] 1bfc038a-c926-43ae-b095-e454d28c7fbf: 48 arrays, 83.9 MB stored; 1.5 s; peak memory 5092 MiB.
2026-10-09T00:21:29Z INFO [457/1000] 1bfc1dbf-3e25-44fc-87d8-726b8dcdbd68: 46 arrays, 0.1 MB stored; 1.3 s; peak memory 5092 MiB.
2026-10-09T00:21:33Z INFO [458/1000] 1bfc5b93-c559-445c-9ecc-9424629eac82: 233 arrays, 33.4 MB stored; 5.5 s; peak memory 5092 MiB.
2026-10-09T00:21:35Z INFO [459/1000] 1bfd7350-ad6d-4807-b2c6-3e71618d9822: 112 arrays, 0.4 MB stored; 2.0 s; peak memory 5092 MiB.
2026-10-09T00:21:35Z INFO [460/1000] 1bef0c15-237e-4031-ab0a-8f3ecc0a1fd5: 55 arrays, 2125.9 MB stored; 59.1 s; peak memory 5092 MiB.
2026-10-09T00:21:35Z INFO [461/1000] 1bfc9a62-ecd7-40a9-a1e4-e3d2a279ddad: 200 arrays, 208.8 MB stored; 6.9 s; peak memory 5092 MiB.
2026-10-09T00:21:37Z INFO [462/1000] 1bff44ed-2004-450c-96ee-33859ad0c372: 48 arrays, 83.9 MB stored; 1.7 s; peak memory 5092 MiB.
2026-10-09T00:21:37Z INFO [463/1000] 1bffce82-9052-49ec-8645-c1bce7dc630e: 118 arrays, 0.3 MB stored; 2.0 s; peak memory 5092 MiB.
2026-10-09T00:21:38Z INFO [464/1000] 1bffaae9-dd62-45a1-b6ae-f697b35646ca: 118 arrays, 16.0 MB stored; 2.6 s; peak memory 5092 MiB.
2026-10-09T00:21:38Z INFO [465/1000] 1bffddd9-6d2b-4f3a-82c8-424f7694f9cd: 48 arrays, 83.9 MB stored; 1.6 s; peak memory 5092 MiB.
2026-10-09T00:21:40Z INFO [466/1000] 1c00a429-f0d5-4dea-aeb0-ffa5c4bee856: 117 arrays, 0.3 MB stored; 2.0 s; peak memory 5092 MiB.
2026-10-09T00:21:41Z INFO [467/1000] 1c010a3a-7241-4cc3-8ef4-9d697d639e8e: 101 arrays, 14.8 MB stored; 2.3 s; peak memory 5092 MiB.
2026-10-09T00:21:41Z INFO [468/1000] 1c006de6-889e-49d1-9990-47185f384e2a: 90 arrays, 124.9 MB stored; 3.6 s; peak memory 5092 MiB.
2026-10-09T00:21:42Z INFO [469/1000] 1c01351c-1314-4c71-a3ae-6484afe6c1ec: 112 arrays, 0.7 MB stored; 2.3 s; peak memory 5092 MiB.
2026-10-09T00:21:42Z INFO [470/1000] 1c021c2b-76ed-4f3d-aa05-3a318034a8b8: 55 arrays, 0.0 MB stored; 1.4 s; peak memory 5092 MiB.
2026-10-09T00:21:43Z INFO [471/1000] 1c01ad48-90cd-43b4-8327-6c7a0a2a8ee6: 71 arrays, 3.1 MB stored; 2.0 s; peak memory 5092 MiB.
2026-10-09T00:21:44Z INFO [472/1000] 1c0303b4-7cd4-4b47-a415-0e6c7622bdff: 62 arrays, 4626.8 MB stored; 2.3 s; peak memory 5092 MiB.
2026-10-09T00:21:44Z INFO [473/1000] 1c03b056-6b9b-45c1-9be8-01582357392f: 64 arrays, 0.0 MB stored; 1.7 s; peak memory 5092 MiB.
2026-10-09T00:21:46Z INFO [474/1000] 1c033281-e58f-4434-b692-7d84f33db0ee: 80 arrays, 470.2 MB stored; 3.3 s; peak memory 5092 MiB.
2026-10-09T00:21:46Z INFO [475/1000] 1c048859-499a-44ba-8260-d4e85b236043: 68 arrays, 4.0 MB stored; 1.6 s; peak memory 5092 MiB.
2026-10-09T00:21:47Z INFO [476/1000] 1c0495ef-6c1a-4511-be08-ead37b6f2064: 110 arrays, 0.0 MB stored; 1.7 s; peak memory 5092 MiB.
2026-10-09T00:21:48Z INFO [477/1000] 1c04836a-d407-44c0-8ff3-8154784f82bb: 156 arrays, 193.5 MB stored; 3.9 s; peak memory 5092 MiB.
2026-10-09T00:21:48Z INFO [478/1000] 1c04d7bb-b077-42ca-856e-ff1675b51443: 62 arrays, 3640.9 MB stored; 2.2 s; peak memory 5092 MiB.
2026-10-09T00:21:49Z INFO [479/1000] 1bdb68be-4774-419b-98f8-f7571eab3ae6: 148 arrays, 21054.8 MB stored; 167.6 s; peak memory 5092 MiB.
2026-10-09T00:21:50Z INFO [480/1000] 1c0560ef-b7e3-4f46-88ca-9edc6282820e: 114 arrays, 0.1 MB stored; 1.6 s; peak memory 5092 MiB.
2026-10-09T00:21:50Z INFO [481/1000] 1c055302-486c-496c-a626-e27d62b48698: 48 arrays, 83.9 MB stored; 1.7 s; peak memory 5092 MiB.
2026-10-09T00:21:50Z INFO [482/1000] 1c04dcc0-eb4d-41f1-bf11-43521ea127f5: 71 arrays, 245.3 MB stored; 2.9 s; peak memory 5092 MiB.
2026-10-09T00:21:51Z INFO [483/1000] 1c05754c-4f51-4cbd-92d8-2cbae14db7ed: 117 arrays, 0.4 MB stored; 1.8 s; peak memory 5092 MiB.
2026-10-09T00:21:52Z INFO [484/1000] 1c058407-f2ff-4091-ae50-9207e5eb16c5: 112 arrays, 0.6 MB stored; 2.1 s; peak memory 5092 MiB.
2026-10-09T00:21:52Z INFO [485/1000] 1c05b4af-74ff-4644-a7ba-c64c03c811e6: 117 arrays, 0.2 MB stored; 1.8 s; peak memory 5092 MiB.
2026-10-09T00:21:54Z INFO [486/1000] 1c0716d6-fab2-4d75-b445-4dd6f2b3b9a1: 48 arrays, 83.9 MB stored; 1.6 s; peak memory 5092 MiB.
2026-10-09T00:21:54Z INFO [487/1000] 1c062ea3-9ace-48d7-b6cb-983a615f9592: 82 arrays, 0.1 MB stored; 1.9 s; peak memory 5092 MiB.
2026-10-09T00:21:55Z INFO [488/1000] 1c05c88b-5015-4b9e-9632-0f8c926c0d7e: 157 arrays, 331.7 MB stored; 3.9 s; peak memory 5092 MiB.
2026-10-09T00:21:55Z INFO [489/1000] 1c08318b-3c2e-4510-83b9-5ab5593313db: 48 arrays, 83.9 MB stored; 1.7 s; peak memory 5092 MiB.
2026-10-09T00:21:57Z INFO [490/1000] 1c078f36-e9aa-46d2-bbd6-16f81fca9796: 71 arrays, 370.9 MB stored; 3.2 s; peak memory 5092 MiB.
2026-10-09T00:21:57Z INFO [491/1000] 1c08f8ac-5202-4aef-9165-df49b4fa28e1: 115 arrays, 0.6 MB stored; 2.2 s; peak memory 5092 MiB.
2026-10-09T00:21:57Z INFO [492/1000] 1c058bd2-23b5-430d-8aa9-2f96c0ae05f3: 534 arrays, 7.3 MB stored; 7.4 s; peak memory 5092 MiB.
2026-10-09T00:21:57Z INFO [493/1000] 1c0962e0-64ae-4e0a-a074-77d0521dcd8d: 118 arrays, 0.4 MB stored; 2.0 s; peak memory 5092 MiB.
2026-10-09T00:21:59Z INFO [494/1000] 1c09e76c-6bb0-4142-ae75-829ad6f284b0: 48 arrays, 83.9 MB stored; 1.7 s; peak memory 5092 MiB.
2026-10-09T00:21:59Z INFO [495/1000] 1c0a30f9-4fc5-4a5f-8b44-33d12f46fd09: 118 arrays, 0.3 MB stored; 1.9 s; peak memory 5092 MiB.
2026-10-09T00:22:00Z INFO [496/1000] 1c0a8c4f-b0b6-409a-8c8a-2b070b8d3da6: 48 arrays, 83.9 MB stored; 1.5 s; peak memory 5092 MiB.
2026-10-09T00:22:01Z INFO [497/1000] 1c0aad15-751d-4216-a265-bc433efc6923: 46 arrays, 0.1 MB stored; 1.2 s; peak memory 5092 MiB.
2026-10-09T00:22:03Z INFO [498/1000] 1c0b9639-6ced-48c5-9ff8-296b0cce34f4: 275 arrays, 17.2 MB stored; 2.0 s; peak memory 5092 MiB.
2026-10-09T00:22:04Z INFO [499/1000] 1c0a11b8-1596-4aa4-a3fd-5e0a82d0897c: 739 arrays, 9.1 MB stored; 7.1 s; peak memory 5092 MiB.
2026-10-09T00:22:05Z INFO [500/1000] 1c0bc72e-2f21-41b1-a6f5-ebe1379b3e09: 113 arrays, 0.5 MB stored; 1.9 s; peak memory 5092 MiB.
2026-10-09T00:22:08Z INFO [501/1000] 1c0a8f82-aa8b-4487-996a-c72df923f65b: 538 arrays, 7.7 MB stored; 8.2 s; peak memory 5092 MiB.
2026-10-09T00:22:09Z INFO [502/1000] 1c0cfe52-105c-45da-b37e-13f5ff9284b8: 118 arrays, 0.4 MB stored; 1.9 s; peak memory 5092 MiB.
2026-10-09T00:22:11Z INFO [503/1000] 1c0d0271-f79b-452b-a79b-5a321737692f: 48 arrays, 83.9 MB stored; 1.6 s; peak memory 5092 MiB.
2026-10-09T00:22:13Z INFO [504/1000] 1c0cb55a-d376-411c-a591-b99a0c4f4ee0: 538 arrays, 8.4 MB stored; 7.8 s; peak memory 5092 MiB.
2026-10-09T00:22:15Z INFO [505/1000] 1c0e99a5-8451-4709-a50e-4a6c2b40a966: 48 arrays, 83.9 MB stored; 1.7 s; peak memory 5092 MiB.
2026-10-09T00:22:19Z INFO [506/1000] 1c0d237e-bdfa-4ecd-b938-c1046db7d117: 56 arrays, 51.7 MB stored; 8.2 s; peak memory 5092 MiB.
2026-10-09T00:22:21Z INFO [507/1000] 1c0efae0-d276-49c6-a66e-ca5f29c00a37: 62 arrays, 3916.7 MB stored; 2.2 s; peak memory 5092 MiB.
2026-10-09T00:22:24Z INFO [508/1000] 1c0f2cad-80e9-4bcd-a8b5-1bb8e3456189: 110 arrays, 0.6 MB stored; 2.4 s; peak memory 5092 MiB.
2026-10-09T00:22:26Z INFO [509/1000] 1c0f3c41-0e37-4e58-8523-8b6c7a589ee1: 116 arrays, 0.2 MB stored; 1.7 s; peak memory 5092 MiB.
2026-10-09T00:22:27Z INFO [510/1000] 1c0f80c9-7fba-4ca8-a0c0-ca85047c4587: 48 arrays, 83.9 MB stored; 1.6 s; peak memory 5092 MiB.
2026-10-09T00:22:29Z INFO [511/1000] 1c0cb24a-5b55-4037-ad58-cf060ae8d5ef: 761 arrays, 47.8 MB stored; 24.2 s; peak memory 5092 MiB.
2026-10-09T00:22:30Z INFO [512/1000] 1c0fb08f-3ace-4318-bdfb-e1f87f4f8f29: 71 arrays, 81.2 MB stored; 2.5 s; peak memory 5092 MiB.
2026-10-09T00:22:31Z INFO [513/1000] 1c1075ac-200d-4daa-a717-f4da4a378f0c: 117 arrays, 0.6 MB stored; 2.1 s; peak memory 5092 MiB.
2026-10-09T00:22:31Z INFO [514/1000] 1c11119c-2450-457f-85f8-403897f7f6cb: 52 arrays, 0.0 MB stored; 1.4 s; peak memory 5092 MiB.
2026-10-09T00:22:33Z INFO [515/1000] 1c12c754-bc4f-4a9b-99a1-b40913052a23: 48 arrays, 83.9 MB stored; 1.6 s; peak memory 5092 MiB.
2026-10-09T00:22:33Z INFO [516/1000] 1c12ba78-d442-4a12-9818-3be45e528b24: 112 arrays, 0.7 MB stored; 2.3 s; peak memory 5092 MiB.
2026-10-09T00:22:34Z INFO [517/1000] 1c0ec853-8e61-41aa-a197-1f14315c05d5: 1224 arrays, 33.3 MB stored; 19.0 s; peak memory 5093 MiB.
2026-10-09T00:22:35Z INFO [518/1000] 1c134897-eec8-426c-b6b1-7feaa0261d42: 117 arrays, 0.5 MB stored; 2.1 s; peak memory 5093 MiB.
2026-10-09T00:22:36Z INFO [519/1000] 1c134fed-9204-4c52-a3ec-dfee69fede6c: 117 arrays, 0.2 MB stored; 1.6 s; peak memory 5093 MiB.
2026-10-09T00:22:37Z INFO [520/1000] 1c134c43-bb4f-4f55-ab13-9c7a18dd4b1c: 115 arrays, 190.1 MB stored; 3.5 s; peak memory 5094 MiB.
2026-10-09T00:22:39Z INFO [521/1000] 1c137882-895f-44b4-a641-9f5f481b5c72: 153 arrays, 0.5 MB stored; 2.2 s; peak memory 5094 MiB.
2026-10-09T00:22:39Z INFO [522/1000] 1c13908c-954a-485a-8145-95050890eecc: 66 arrays, 113.5 MB stored; 2.2 s; peak memory 5094 MiB.
2026-10-09T00:22:40Z INFO [523/1000] 1c140209-eced-40fd-a7d3-b2af0cf8c522: 48 arrays, 83.9 MB stored; 1.7 s; peak memory 5094 MiB.
2026-10-09T00:22:41Z INFO [524/1000] 1c134fa6-a84d-448b-b61b-813f1c634b3c: 231 arrays, 77.8 MB stored; 7.0 s; peak memory 5094 MiB.
2026-10-09T00:22:42Z INFO [525/1000] 1c139e77-66b6-45d2-96df-8d77e5a09e2d: 68 arrays, 103.4 MB stored; 2.9 s; peak memory 5094 MiB.
2026-10-09T00:22:42Z INFO [526/1000] 1c1415ee-df44-43ed-b400-e074bf50c2a1: 117 arrays, 0.4 MB stored; 1.8 s; peak memory 5095 MiB.
2026-10-09T00:22:42Z INFO [527/1000] 1c14588c-8304-4d3e-8e61-2c5ae5f6ff15: 72 arrays, 31.1 MB stored; 1.7 s; peak memory 5095 MiB.
2026-10-09T00:22:44Z INFO [528/1000] 1c150deb-1c26-4464-9830-022f334cb2a1: 112 arrays, 0.4 MB stored; 2.1 s; peak memory 5095 MiB.
2026-10-09T00:22:44Z INFO [529/1000] 1c155735-0557-4dae-9beb-3f0717342d0c: 48 arrays, 83.9 MB stored; 1.9 s; peak memory 5095 MiB.
2026-10-09T00:22:45Z INFO [530/1000] 1c156102-d03e-4590-bcf8-cdcd05d3e244: 48 arrays, 83.9 MB stored; 1.7 s; peak memory 5095 MiB.
2026-10-09T00:22:46Z INFO [531/1000] 1c154b72-9a7f-4c88-95e1-0bad803f9c07: 116 arrays, 187.1 MB stored; 3.3 s; peak memory 5095 MiB.
2026-10-09T00:22:46Z INFO [532/1000] 1c159827-cdc9-46eb-810c-59e0ae17731f: 67 arrays, 32.8 MB stored; 1.9 s; peak memory 5095 MiB.
2026-10-09T00:22:47Z INFO [533/1000] 1c161d98-e825-40b0-8015-2bb0c1504293: 67 arrays, 39.8 MB stored; 1.9 s; peak memory 5095 MiB.
2026-10-09T00:22:48Z INFO [534/1000] 1c169484-27b2-4f8f-8427-3506680a9a64: 117 arrays, 0.3 MB stored; 1.7 s; peak memory 5095 MiB.
2026-10-09T00:22:49Z INFO [535/1000] 1c169a71-ee10-42a4-82b3-736aae366b73: 48 arrays, 83.9 MB stored; 1.5 s; peak memory 5095 MiB.
2026-10-09T00:22:49Z INFO [536/1000] 1c16b06e-1bc9-41be-96a3-a2875eb8656d: 38 arrays, 0.5 MB stored; 1.4 s; peak memory 5095 MiB.
2026-10-09T00:22:49Z INFO [537/1000] 1c09ecca-bcb4-4957-a065-5593c4a0a597: 52 arrays, 2039.2 MB stored; 52.2 s; peak memory 5095 MiB.
2026-10-09T00:22:51Z INFO [538/1000] 1c1806b5-7f8e-4a77-9389-3012f35baf10: 48 arrays, 83.9 MB stored; 1.6 s; peak memory 5095 MiB.
2026-10-09T00:22:51Z INFO [539/1000] 1c181064-1af9-4fb6-83ce-7b71f83e8ca5: 61 arrays, 28.2 MB stored; 2.0 s; peak memory 5095 MiB.
2026-10-09T00:22:52Z INFO [540/1000] 1c189f93-8564-4c7b-aff1-10f1e45f5ba8: 57 arrays, 0.0 MB stored; 1.5 s; peak memory 5096 MiB.
2026-10-09T00:22:53Z INFO [541/1000] 1c18a120-a1a6-4952-8cb0-737e829fd29b: 118 arrays, 0.2 MB stored; 1.9 s; peak memory 5096 MiB.
2026-10-09T00:22:54Z INFO [542/1000] 1c194393-5287-4f04-acee-69783e76370b: 92 arrays, 7.6 MB stored; 1.5 s; peak memory 5096 MiB.
2026-10-09T00:22:55Z INFO [543/1000] 1c19c3b2-d2ae-45ac-909b-8fa8eed03029: 116 arrays, 0.1 MB stored; 1.6 s; peak memory 5096 MiB.
2026-10-09T00:22:56Z INFO [544/1000] 1c1a6aac-e3ae-4ea4-858f-840dad50f5ce: 46 arrays, 0.0 MB stored; 1.3 s; peak memory 5096 MiB.
2026-10-09T00:22:56Z INFO [545/1000] 1c15a9c0-236a-496a-a4e7-5eb70207d946: 1070 arrays, 25.4 MB stored; 11.0 s; peak memory 5097 MiB.
2026-10-09T00:22:57Z INFO [546/1000] 1be5ac15-7b72-47a8-9ea9-c5a7c716ce1d: 414 arrays, 22243.5 MB stored; 180.5 s; peak memory 5098 MiB.
2026-10-09T00:22:57Z INFO [547/1000] 1c19db43-16c3-48f4-a54b-3ae5ac105c5b: 165 arrays, 23.1 MB stored; 3.1 s; peak memory 5098 MiB.
2026-10-09T00:22:58Z INFO [548/1000] 1c1a7e4e-61ef-4d2e-b39d-60b6c62488c0: 68 arrays, 4.0 MB stored; 1.7 s; peak memory 5098 MiB.
2026-10-09T00:22:58Z INFO [549/1000] 1c1a862f-c3b3-4292-8bfa-e58cadf3e3f3: 48 arrays, 83.9 MB stored; 1.6 s; peak memory 5098 MiB.
2026-10-09T00:22:58Z INFO [550/1000] 1c1b48f8-c936-474a-a588-77d1713d1405: 42 arrays, 5.1 MB stored; 1.6 s; peak memory 5098 MiB.
2026-10-09T00:23:00Z INFO [551/1000] 1c1ca16f-784c-4b93-bdad-e751df5611d2: 116 arrays, 9.7 MB stored; 1.8 s; peak memory 5098 MiB.
2026-10-09T00:23:00Z INFO [552/1000] 1c1d05bd-7e5f-4db3-af05-91ddaabc2fd7: 48 arrays, 83.9 MB stored; 1.6 s; peak memory 5098 MiB.
2026-10-09T00:23:00Z INFO [553/1000] 1c1c6601-9eb1-4075-aacf-80d8d4426f32: 45 arrays, 632.1 MB stored; 2.3 s; peak memory 5098 MiB.
2026-10-09T00:23:01Z INFO [554/1000] 1c1d837d-0df4-4052-8d6a-4d1d436fdea9: 45 arrays, 0.0 MB stored; 1.4 s; peak memory 5098 MiB.
2026-10-09T00:23:02Z INFO [555/1000] 1c1e9870-41b5-471b-a061-9fe99c6f979c: 48 arrays, 83.9 MB stored; 1.6 s; peak memory 5098 MiB.
2026-10-09T00:23:02Z INFO [556/1000] 1c1d8590-3f83-4617-af05-ac34314f5330: 69 arrays, 0.0 MB stored; 1.9 s; peak memory 5098 MiB.
2026-10-09T00:23:03Z INFO [557/1000] 1c1748b4-7792-4096-bcad-57803c9ee5c0: 97 arrays, 81.2 MB stored; 13.5 s; peak memory 5099 MiB.
2026-10-09T00:23:03Z INFO [558/1000] 1c1f18b1-ffc3-492d-8a05-4ac145784147: 112 arrays, 0.6 MB stored; 2.1 s; peak memory 5099 MiB.
2026-10-09T00:23:04Z INFO [559/1000] 1c1f9c2a-9834-49f7-89c8-ddfba814c90d: 51 arrays, 844.0 MB stored; 2.0 s; peak memory 5099 MiB.
2026-10-09T00:23:07Z INFO [560/1000] 1c1ffc14-1324-471d-9c46-a63a8fbb532a: 80 arrays, 402.0 MB stored; 3.9 s; peak memory 5099 MiB.
2026-10-09T00:23:09Z INFO [561/1000] 1c1f8a5f-15e7-4343-8e42-31ebfcea27ef: 238 arrays, 77.6 MB stored; 6.7 s; peak memory 5099 MiB.
2026-10-09T00:23:09Z INFO [562/1000] 1c209bb6-dcdc-4b3e-ab1b-dcfa8b8514bc: 48 arrays, 83.9 MB stored; 1.5 s; peak memory 5099 MiB.
2026-10-09T00:23:11Z INFO [563/1000] 1c20d04b-4ea6-48bc-a152-ee94a43c6b7f: 114 arrays, 0.0 MB stored; 1.9 s; peak memory 5099 MiB.
2026-10-09T00:23:12Z INFO [564/1000] 1c207a48-ff5e-4f3b-895f-6d893cc49770: 193 arrays, 752.5 MB stored; 7.8 s; peak memory 5099 MiB.
2026-10-09T00:23:12Z INFO [565/1000] 1c1fd1ca-41f3-4468-ad28-390504b60338: 1005 arrays, 21.5 MB stored; 9.5 s; peak memory 5100 MiB.
2026-10-09T00:23:12Z INFO [566/1000] 1c2112c5-155a-4f83-929f-2d565b058043: 117 arrays, 0.3 MB stored; 1.7 s; peak memory 5101 MiB.
2026-10-09T00:23:14Z INFO [567/1000] 1c21669d-3f48-4e58-a53d-044eeb3c1811: 132 arrays, 1.4 MB stored; 1.7 s; peak memory 5101 MiB.
2026-10-09T00:23:14Z INFO [568/1000] 1c213d30-563b-49c5-b6fd-6f35011c2417: 81 arrays, 242.5 MB stored; 2.3 s; peak memory 5101 MiB.
2026-10-09T00:23:16Z INFO [569/1000] 1c221cd0-b523-4504-ae75-0aa36b97e6ee: 48 arrays, 83.9 MB stored; 1.6 s; peak memory 5101 MiB.
2026-10-09T00:23:16Z INFO [570/1000] 1c217012-1762-4eac-9931-a81c7e8074c4: 114 arrays, 186.8 MB stored; 3.6 s; peak memory 5101 MiB.
2026-10-09T00:23:17Z INFO [571/1000] 1c20c859-e9ad-4993-96d1-9183b8246017: 596 arrays, 20.5 MB stored; 8.1 s; peak memory 5102 MiB.
2026-10-09T00:23:17Z INFO [572/1000] 1c23038f-2fb5-43b6-af0e-4f79cfd63f0a: 48 arrays, 83.9 MB stored; 1.6 s; peak memory 5102 MiB.
2026-10-09T00:23:18Z INFO [573/1000] 1c234c28-e4d9-4853-ae41-367e1fa5e554: 62 arrays, 3774.4 MB stored; 2.1 s; peak memory 5102 MiB.
2026-10-09T00:23:18Z INFO [574/1000] 1c2357b1-e3fb-4f38-970b-3fc4ad1cad36: 48 arrays, 83.9 MB stored; 1.6 s; peak memory 5102 MiB.
2026-10-09T00:23:19Z INFO [575/1000] 1c2184d4-2cfb-42c7-a493-d4a4d96fa7e4: 224 arrays, 16.0 MB stored; 4.9 s; peak memory 5102 MiB.
2026-10-09T00:23:19Z INFO [576/1000] 1c2382a9-1d81-492f-8cbf-37c40f9ab5a5: 48 arrays, 83.9 MB stored; 1.6 s; peak memory 5102 MiB.
2026-10-09T00:23:20Z INFO [577/1000] 1c23cdb9-5c6a-4749-aeba-aa0206e38dd4: 69 arrays, 1.4 MB stored; 2.0 s; peak memory 5102 MiB.
2026-10-09T00:23:20Z INFO [578/1000] 1c24d80c-01d8-44d4-bbb4-a194e70d47f3: 48 arrays, 83.9 MB stored; 1.7 s; peak memory 5102 MiB.
2026-10-09T00:23:20Z INFO [579/1000] 1c249fb2-f9fc-40cd-a58a-f7a16ea3e25a: 117 arrays, 0.3 MB stored; 2.1 s; peak memory 5102 MiB.
2026-10-09T00:23:21Z INFO [580/1000] 1c251178-5e90-4221-a407-5bc5bb55949a: 66 arrays, 2092.8 MB stored; 2.5 s; peak memory 5102 MiB.
2026-10-09T00:23:22Z INFO [581/1000] 1c25e84d-36ea-4ab1-91a6-65970ff557ce: 45 arrays, 0.0 MB stored; 1.4 s; peak memory 5102 MiB.
2026-10-09T00:23:22Z INFO [582/1000] 1c25d8b4-e74b-414e-a543-924f261c845d: 48 arrays, 83.9 MB stored; 1.8 s; peak memory 5102 MiB.
2026-10-09T00:23:23Z INFO [583/1000] 1c270974-347a-4c2b-bcbd-143921ba245b: 48 arrays, 83.9 MB stored; 1.7 s; peak memory 5103 MiB.
2026-10-09T00:23:24Z INFO [584/1000] 1c266f35-24dd-4079-9540-a33ad033e574: 62 arrays, 72.1 MB stored; 2.3 s; peak memory 5103 MiB.
2026-10-09T00:23:24Z INFO [585/1000] 1c27479a-667b-4536-9349-8d15250d7e13: 48 arrays, 83.9 MB stored; 1.5 s; peak memory 5103 MiB.
2026-10-09T00:23:25Z INFO [586/1000] 1c1a74cc-42d0-4d55-8de7-3a54a953ef65: 8617 arrays, 82.4 MB stored; 28.9 s; peak memory 5112 MiB.
2026-10-09T00:23:25Z INFO [587/1000] 1c27af4b-ced6-4379-b7c1-feb3376cff91: 112 arrays, 0.3 MB stored; 1.9 s; peak memory 5112 MiB.
2026-10-09T00:23:26Z INFO [588/1000] 1c280a93-6dd2-4275-b767-e655f5d40d61: 59 arrays, 253.1 MB stored; 2.0 s; peak memory 5112 MiB.
2026-10-09T00:23:27Z INFO [589/1000] 1c29e24e-e8d7-4d86-b6b0-3106249e1a24: 118 arrays, 0.5 MB stored; 2.0 s; peak memory 5112 MiB.
2026-10-09T00:23:28Z INFO [590/1000] 1c2a5626-b835-4456-8872-e05aef247325: 112 arrays, 0.6 MB stored; 2.1 s; peak memory 5112 MiB.
2026-10-09T00:23:29Z INFO [591/1000] 1c2ad790-31c2-423d-b512-06eda41727c9: 42 arrays, 7.6 MB stored; 1.4 s; peak memory 5112 MiB.
2026-10-09T00:23:29Z INFO [592/1000] 1c289a06-73b1-4ba2-a1f0-70b293a9a28a: 92 arrays, 505.8 MB stored; 5.8 s; peak memory 5112 MiB.
2026-10-09T00:23:29Z INFO [593/1000] 1c2ae0aa-a473-44da-a956-dae99a71bdf9: 117 arrays, 0.2 MB stored; 1.7 s; peak memory 5112 MiB.
2026-10-09T00:23:31Z INFO [594/1000] 1c2c8575-7356-45aa-b558-2de721061fc9: 118 arrays, 0.4 MB stored; 1.8 s; peak memory 5113 MiB.
2026-10-09T00:23:31Z INFO [595/1000] 1c29da56-d2f6-41fc-aa2c-e64ae58bd2e9: 541 arrays, 8.3 MB stored; 6.3 s; peak memory 5113 MiB.
2026-10-09T00:23:32Z INFO [596/1000] 1c2b8243-6135-408c-b351-a9e2340dd824: 114 arrays, 186.9 MB stored; 3.7 s; peak memory 5113 MiB.
2026-10-09T00:23:33Z INFO [597/1000] 1c2d808d-f4af-4c6b-a14d-23bfa609daaa: 117 arrays, 0.2 MB stored; 1.8 s; peak memory 5114 MiB.
2026-10-09T00:23:35Z INFO [598/1000] 1c2dddd2-9bf8-49a3-843e-f1f21272196b: 102 arrays, 16.2 MB stored; 2.3 s; peak memory 5114 MiB.
2026-10-09T00:23:35Z INFO [599/1000] 1c2e67d3-9546-4a13-a3d0-94cb757c8715: 48 arrays, 83.9 MB stored; 1.6 s; peak memory 5114 MiB.
2026-10-09T00:23:36Z INFO [600/1000] 1c2f38a3-74d0-4f04-82ec-c3ee1d68e1ab: 54 arrays, 0.0 MB stored; 1.3 s; peak memory 5114 MiB.
2026-10-09T00:23:50Z INFO [600/1000] 1c2f38a3-74d0-4f04-82ec-c3ee1d68e1ab: checkpointed 18800 new records.
2026-10-09T00:23:50Z INFO [601/1000] 1c2f4794-e6b2-4ef3-b5d1-784138545703: 48 arrays, 83.9 MB stored; 1.6 s; peak memory 5133 MiB.
2026-10-09T00:23:50Z INFO [602/1000] 1c2f731f-aa2f-49c8-8efe-bdfdf8259d58: 41 arrays, 8.4 MB stored; 1.5 s; peak memory 5133 MiB.
2026-10-09T00:23:50Z INFO [603/1000] 1c2f47b3-d235-4c24-bf31-d867b0c41d7c: 71 arrays, 3.0 MB stored; 2.0 s; peak memory 5133 MiB.
2026-10-09T00:23:50Z INFO [604/1000] 1c2f840d-b284-474b-af95-5253b582b235: 112 arrays, 0.5 MB stored; 1.9 s; peak memory 5133 MiB.
2026-10-09T00:23:50Z INFO [605/1000] 1c2fff6f-f3a7-43fb-b7e2-a33218d41614: 123 arrays, 0.7 MB stored; 2.9 s; peak memory 5133 MiB.
2026-10-09T00:23:50Z INFO [606/1000] 1c3006f9-9c52-4294-ac87-29c95310a786: 71 arrays, 0.0 MB stored; 1.7 s; peak memory 5133 MiB.
2026-10-09T00:23:50Z INFO [607/1000] 1c304f18-ab5b-4ffd-b856-98360ff12855: 48 arrays, 83.9 MB stored; 1.6 s; peak memory 5133 MiB.
2026-10-09T00:23:50Z INFO [608/1000] 1c308aea-4b5a-4d7d-840d-a969544cbbab: 112 arrays, 0.3 MB stored; 1.8 s; peak memory 5133 MiB.
2026-10-09T00:23:50Z INFO [609/1000] 1c2bba12-152e-465a-925f-48c13eea8157: 919 arrays, 27.7 MB stored; 15.7 s; peak memory 5133 MiB.
2026-10-09T00:23:50Z INFO [610/1000] 1c30d534-4fe9-4596-acf2-f0b704be86d7: 52 arrays, 11.4 MB stored; 1.8 s; peak memory 5133 MiB.
2026-10-09T00:23:50Z INFO [611/1000] 1c315793-81cb-45cb-9886-2560cc0c288b: 112 arrays, 0.4 MB stored; 2.0 s; peak memory 5133 MiB.
2026-10-09T00:23:50Z INFO [612/1000] 1c31dc97-599b-4726-b188-84b995bdbeab: 116 arrays, 0.3 MB stored; 1.8 s; peak memory 5133 MiB.
2026-10-09T00:23:52Z INFO [613/1000] 1c30ddf3-a47f-430c-8b90-2734115af213: 200 arrays, 204.7 MB stored; 7.0 s; peak memory 5133 MiB.
2026-10-09T00:23:54Z INFO [614/1000] 1c32bf3e-cc4e-4544-a937-6ef3a99f9876: 48 arrays, 83.9 MB stored; 1.7 s; peak memory 5133 MiB.
2026-10-09T00:23:54Z INFO [615/1000] 1bf90d6e-ed43-4fb5-9ea9-556177642fbf: 173 arrays, 216771.6 MB stored; 162.3 s; peak memory 5133 MiB.
2026-10-09T00:23:56Z INFO [616/1000] 1c34d378-508e-42b0-9f7b-ba9b31505c11: 48 arrays, 83.9 MB stored; 1.6 s; peak memory 5133 MiB.
2026-10-09T00:23:56Z INFO [617/1000] 1c3460e2-0933-4df4-a210-0f5834d4fda0: 112 arrays, 0.7 MB stored; 2.1 s; peak memory 5133 MiB.
2026-10-09T00:23:57Z INFO [618/1000] 1c306862-a3c1-4a3b-83de-fa4475b3e107: 4393 arrays, 43.5 MB stored; 15.2 s; peak memory 5133 MiB.
2026-10-09T00:23:58Z INFO [619/1000] 1c35eb92-efc6-412e-8706-7fc7ac5ddf53: 79 arrays, 6.8 MB stored; 2.0 s; peak memory 5133 MiB.
2026-10-09T00:23:58Z INFO [620/1000] 1c35d82e-537a-475b-aff9-2d2f214a7952: 113 arrays, 0.7 MB stored; 2.5 s; peak memory 5133 MiB.
2026-10-09T00:23:59Z INFO [621/1000] 1c361c94-2662-4d32-9c0d-9e96d4d2b64d: 57 arrays, 28.8 MB stored; 2.2 s; peak memory 5133 MiB.
2026-10-09T00:23:59Z INFO [622/1000] 1c36ff54-e930-45ac-b17d-399a1a1db08d: 45 arrays, 0.0 MB stored; 1.3 s; peak memory 5133 MiB.
2026-10-09T00:24:01Z INFO [623/1000] 1c370c95-f9a1-48df-839e-fe0f6cf2b1fe: 52 arrays, 10.3 MB stored; 1.8 s; peak memory 5133 MiB.
2026-10-09T00:24:02Z INFO [624/1000] 1c37b5f5-68fc-4be6-92d6-aeb57d359657: 48 arrays, 83.9 MB stored; 1.6 s; peak memory 5133 MiB.
2026-10-09T00:24:03Z INFO [625/1000] 1c375bf4-414d-4e49-ab06-2d81f96a0b6a: 114 arrays, 186.8 MB stored; 3.4 s; peak memory 5133 MiB.
2026-10-09T00:24:04Z INFO [626/1000] 1c32299f-2fe5-43af-9c65-8f1b7d7cae74: 961 arrays, 30.4 MB stored; 13.8 s; peak memory 5133 MiB.
2026-10-09T00:24:05Z INFO [627/1000] 1c39889d-2ec5-4dc5-85f5-f9a00b016c34: 68 arrays, 0.7 MB stored; 1.7 s; peak memory 5133 MiB.
2026-10-09T00:24:05Z INFO [628/1000] 1c38c764-a3ec-430d-9882-6407e0161f2d: 53 arrays, 9.0 MB stored; 2.5 s; peak memory 5133 MiB.
2026-10-09T00:24:05Z INFO [629/1000] 1c39bb0c-d6a0-4938-8098-47fd169d6d2b: 46 arrays, 0.2 MB stored; 1.4 s; peak memory 5133 MiB.
2026-10-09T00:24:07Z INFO [630/1000] 1c3a7dc4-0f5b-4dd8-89a2-44447066cacf: 117 arrays, 0.4 MB stored; 1.9 s; peak memory 5133 MiB.
2026-10-09T00:24:07Z INFO [631/1000] 1c3a0514-4180-4351-a47a-919706a03fee: 62 arrays, 7.9 MB stored; 2.5 s; peak memory 5133 MiB.
2026-10-09T00:24:09Z INFO [632/1000] 1c3a9bee-e82d-4e5a-b3aa-927d81db7bc7: 186 arrays, 34.1 MB stored; 3.6 s; peak memory 5133 MiB.
2026-10-09T00:24:11Z INFO [633/1000] 1c3bc8f4-7aa5-4366-a6e6-2716edabb490: 66 arrays, 94.7 MB stored; 2.1 s; peak memory 5133 MiB.
2026-10-09T00:24:12Z INFO [634/1000] 1c3c7e47-56e5-4890-b9de-262b59c9ffc2: 118 arrays, 0.0 MB stored; 1.6 s; peak memory 5133 MiB.
2026-10-09T00:24:18Z INFO [635/1000] 1c3cfe78-a760-45a7-8836-b6be69c08f49: 479 arrays, 6.9 MB stored; 5.5 s; peak memory 5133 MiB.
2026-10-09T00:24:19Z INFO [636/1000] 1c3b4c79-7c72-4874-8c07-e893998d9a0e: 396 arrays, 24.0 MB stored; 11.9 s; peak memory 5133 MiB.
2026-10-09T00:24:20Z INFO [637/1000] 1c3d204e-6d87-4b92-b744-0e343a1ada99: 117 arrays, 0.3 MB stored; 1.7 s; peak memory 5133 MiB.
2026-10-09T00:24:20Z INFO [638/1000] 1c3d4ec5-8974-4638-a5de-0077b197d5da: 48 arrays, 83.9 MB stored; 1.6 s; peak memory 5133 MiB.
2026-10-09T00:24:22Z INFO [639/1000] 1c3d8dce-7a77-4f08-abd9-66d54c54c143: 112 arrays, 0.6 MB stored; 2.0 s; peak memory 5133 MiB.
2026-10-09T00:24:23Z INFO [640/1000] 1c3e8881-4d8c-481d-b27c-9193a782ebf5: 49 arrays, 3.9 MB stored; 1.6 s; peak memory 5133 MiB.
2026-10-09T00:24:25Z INFO [641/1000] 1c3eb19d-e027-40c1-b797-27801d0ff4d9: 44 arrays, 0.5 MB stored; 1.5 s; peak memory 5133 MiB.
2026-10-09T00:24:26Z INFO [642/1000] 1c3db29d-4fc7-4eb6-9996-92a0b6e50878: 386 arrays, 5.3 MB stored; 5.0 s; peak memory 5133 MiB.
2026-10-09T00:24:26Z INFO [643/1000] 1c3ebb8c-3ec6-400d-ad31-f28a91eaa425: 57 arrays, 0.0 MB stored; 1.4 s; peak memory 5133 MiB.
2026-10-09T00:24:27Z INFO [644/1000] 1c3ef439-d6ed-48c9-b36b-ace809309ea1: 48 arrays, 83.9 MB stored; 1.6 s; peak memory 5133 MiB.
2026-10-09T00:24:28Z INFO [645/1000] 1c3efcea-df63-4f34-b905-0574a47b730a: 48 arrays, 83.9 MB stored; 1.5 s; peak memory 5133 MiB.
2026-10-09T00:24:29Z INFO [646/1000] 1c407fe5-6068-404c-b666-c7c79899f521: 118 arrays, 0.3 MB stored; 1.7 s; peak memory 5133 MiB.
2026-10-09T00:24:29Z INFO [647/1000] 1c40a9ea-ebb6-436d-86c6-7cc0e37a60fe: 48 arrays, 83.9 MB stored; 1.5 s; peak memory 5133 MiB.
2026-10-09T00:24:31Z INFO [648/1000] 1c4106cc-8d88-43fe-95e6-87967dee9656: 110 arrays, 0.5 MB stored; 1.9 s; peak memory 5133 MiB.
2026-10-09T00:24:31Z INFO [649/1000] 1c4175a5-eada-45ba-96cb-3469c6b69a20: 48 arrays, 83.9 MB stored; 1.5 s; peak memory 5133 MiB.
2026-10-09T00:24:33Z INFO [650/1000] 1c417ebf-c098-493f-a644-37c6abae7964: 52 arrays, 20.4 MB stored; 2.1 s; peak memory 5133 MiB.
2026-10-09T00:24:33Z INFO [651/1000] 1c419371-e258-48ca-9d8d-b5eea10c5713: 112 arrays, 0.7 MB stored; 2.3 s; peak memory 5133 MiB.
2026-10-09T00:24:34Z INFO [652/1000] 1c427bd4-b3a0-417c-a297-0e2dc45579a4: 46 arrays, 12.6 MB stored; 1.6 s; peak memory 5133 MiB.
2026-10-09T00:24:35Z INFO [653/1000] 1c42ed09-5003-4e18-9420-43c7a9ef3109: 45 arrays, 0.0 MB stored; 1.3 s; peak memory 5133 MiB.
2026-10-09T00:24:36Z INFO [654/1000] 1c43cb87-bee7-4b54-b511-342782c1240a: 48 arrays, 83.9 MB stored; 1.5 s; peak memory 5133 MiB.
2026-10-09T00:24:36Z INFO [655/1000] 1c434c8d-aef9-47a9-8aa7-7516a044cd65: 70 arrays, 21.7 MB stored; 2.0 s; peak memory 5133 MiB.
2026-10-09T00:24:38Z INFO [656/1000] 1c443cff-58a3-4554-ac43-c0dad9131597: 71 arrays, 67.4 MB stored; 2.4 s; peak memory 5133 MiB.
2026-10-09T00:24:39Z INFO [657/1000] 1c449cd7-b043-448e-8336-fc4b2494144b: 76 arrays, 3.5 MB stored; 2.1 s; peak memory 5133 MiB.
2026-10-09T00:24:40Z INFO [658/1000] 1c44d091-cc33-4827-b8c5-8d82ebe5117b: 132 arrays, 1.4 MB stored; 1.9 s; peak memory 5133 MiB.
2026-10-09T00:24:42Z INFO [659/1000] 1c451cba-f5bf-4f5d-9475-2051c594c2e3: 138 arrays, 4.8 MB stored; 3.2 s; peak memory 5133 MiB.
2026-10-09T00:24:42Z INFO [660/1000] 1c453bce-c3c3-4630-b278-26e5defa964b: 48 arrays, 83.9 MB stored; 1.6 s; peak memory 5133 MiB.
2026-10-09T00:24:44Z INFO [661/1000] 1c453d59-53d3-413b-8427-f6383f325dba: 50 arrays, 4336.9 MB stored; 1.9 s; peak memory 5133 MiB.
2026-10-09T00:24:44Z INFO [662/1000] 1c45c7e7-bc87-4f36-bca5-cc3836be673b: 117 arrays, 0.3 MB stored; 2.0 s; peak memory 5133 MiB.
2026-10-09T00:24:45Z INFO [663/1000] 1c4695da-827f-4a23-8f7d-e9665f1797b3: 46 arrays, 0.0 MB stored; 1.2 s; peak memory 5133 MiB.
2026-10-09T00:24:47Z INFO [664/1000] 1c46fa13-9c6c-4d2b-9042-6abcbd18d78b: 48 arrays, 83.9 MB stored; 1.5 s; peak memory 5133 MiB.
2026-10-09T00:24:49Z INFO [665/1000] 1c4628b6-7183-4f92-bef8-e95eeb911219: 428 arrays, 5.8 MB stored; 5.5 s; peak memory 5133 MiB.
2026-10-09T00:24:50Z INFO [666/1000] 1c46ff72-7230-449f-895a-13fa72d67866: 138 arrays, 4.8 MB stored; 3.3 s; peak memory 5133 MiB.
2026-10-09T00:24:51Z INFO [667/1000] 1c482057-562a-4454-8fe8-09003e338680: 48 arrays, 83.9 MB stored; 1.5 s; peak memory 5133 MiB.
2026-10-09T00:24:52Z INFO [668/1000] 1c48375f-3e7a-432a-a8f7-db96191f3175: 117 arrays, 0.5 MB stored; 1.9 s; peak memory 5133 MiB.
2026-10-09T00:24:53Z INFO [669/1000] 1c49563a-d22d-4c0c-936f-12d47327c986: 112 arrays, 0.4 MB stored; 2.0 s; peak memory 5133 MiB.
2026-10-09T00:24:53Z INFO [670/1000] 1c4a0e0a-d3b3-48a3-bd63-2b0a965274f1: 48 arrays, 83.9 MB stored; 1.5 s; peak memory 5133 MiB.
2026-10-09T00:24:56Z INFO [671/1000] 1c4be155-744e-4d0f-843c-056928f34566: 112 arrays, 0.7 MB stored; 2.4 s; peak memory 5133 MiB.
2026-10-09T00:24:57Z INFO [672/1000] 1c4cea3f-3874-4da9-b743-45cd4f73f5f2: 48 arrays, 83.9 MB stored; 1.4 s; peak memory 5133 MiB.
2026-10-09T00:24:58Z INFO [673/1000] 1c4adc65-e8c3-45f0-9ee4-210edfa22c66: 38 arrays, 115.9 MB stored; 5.2 s; peak memory 5133 MiB.
2026-10-09T00:24:59Z INFO [674/1000] 1c4d4036-0f6c-43c1-82f0-73cc952de0ff: 118 arrays, 0.5 MB stored; 1.8 s; peak memory 5133 MiB.
2026-10-09T00:25:01Z INFO [675/1000] 1c4ef752-af7c-45e8-b41f-edc0cbb59288: 48 arrays, 83.9 MB stored; 1.6 s; peak memory 5133 MiB.
2026-10-09T00:25:01Z INFO [676/1000] 1c4ef482-37d5-4b3c-931b-d8536118a050: 152 arrays, 1.1 MB stored; 2.9 s; peak memory 5133 MiB.
2026-10-09T00:25:02Z INFO [677/1000] 1c4fe9fb-5cde-4e24-9d8c-576ce203ae93: 48 arrays, 83.9 MB stored; 1.6 s; peak memory 5133 MiB.
2026-10-09T00:25:04Z INFO [678/1000] 1c4feab2-2f53-444b-9f2b-b3009f006d18: 41 arrays, 8.4 MB stored; 1.5 s; peak memory 5133 MiB.
2026-10-09T00:25:05Z INFO [679/1000] 1c501d0b-9949-4b14-9ec0-2f3559ee9dfb: 33 arrays, 0.0 MB stored; 1.3 s; peak memory 5133 MiB.
2026-10-09T00:25:07Z INFO [680/1000] 1c502cdb-dc3f-4a0f-9833-46884d06c30c: 57 arrays, 28.8 MB stored; 2.1 s; peak memory 5133 MiB.
2026-10-09T00:25:09Z INFO [681/1000] 1c50389b-d390-4601-a539-236d3e85fd0c: 48 arrays, 83.9 MB stored; 1.5 s; peak memory 5133 MiB.
2026-10-09T00:25:11Z INFO [682/1000] 1c507242-7219-45f3-90f6-1e32c90db35a: 117 arrays, 0.5 MB stored; 1.9 s; peak memory 5133 MiB.
2026-10-09T00:25:13Z INFO [683/1000] 1c521598-dbb5-4249-80e5-ce2b4bf0d705: 69 arrays, 34.1 MB stored; 2.0 s; peak memory 5133 MiB.
2026-10-09T00:25:13Z INFO [684/1000] 1c4f5b38-1181-4354-8376-b675678e3386: 887 arrays, 26.1 MB stored; 12.5 s; peak memory 5133 MiB.
2026-10-09T00:25:14Z INFO [685/1000] 1be73424-88dd-417d-b370-505f94a1e425: 283 arrays, 39389.3 MB stored; 312.1 s; peak memory 5133 MiB.
2026-10-09T00:25:15Z INFO [686/1000] 1c528ed7-296b-4312-80b8-82fff1e8608a: 46 arrays, 0.2 MB stored; 1.4 s; peak memory 5133 MiB.
2026-10-09T00:25:15Z INFO [687/1000] 1c5234b9-5ca7-46fa-83e1-7cc08d16cd11: 117 arrays, 0.3 MB stored; 1.9 s; peak memory 5133 MiB.
2026-10-09T00:25:16Z INFO [688/1000] 1c52e423-0184-4733-8af4-d3ca468e60fd: 112 arrays, 0.5 MB stored; 2.0 s; peak memory 5133 MiB.
2026-10-09T00:25:16Z INFO [689/1000] 1c5314b4-352a-4ddb-b460-263168d142a2: 116 arrays, 0.2 MB stored; 1.6 s; peak memory 5133 MiB.
2026-10-09T00:25:19Z INFO [690/1000] 1c543a71-350c-4ba7-a4f5-0b9d98df996c: 146 arrays, 106.0 MB stored; 3.0 s; peak memory 5133 MiB.
2026-10-09T00:25:21Z INFO [691/1000] 1c53c3e9-6086-4ea4-baa5-4ffec0361ee0: 926 arrays, 5.7 MB stored; 5.3 s; peak memory 5133 MiB.
2026-10-09T00:25:21Z INFO [692/1000] 1c545159-e83a-4547-93d5-475ebd74d25d: 118 arrays, 0.4 MB stored; 1.8 s; peak memory 5133 MiB.
2026-10-09T00:25:22Z INFO [693/1000] 1c545ab5-310a-4c65-9379-eba16b348026: 31 arrays, 0.0 MB stored; 1.3 s; peak memory 5133 MiB.
2026-10-09T00:25:24Z INFO [694/1000] 1c553be0-385c-4447-b981-7247548c64c7: 48 arrays, 83.9 MB stored; 1.7 s; peak memory 5133 MiB.
2026-10-09T00:25:25Z INFO [695/1000] 1c5577b5-f122-4f28-be13-5ab76c0a683a: 48 arrays, 83.9 MB stored; 1.5 s; peak memory 5133 MiB.
2026-10-09T00:25:28Z INFO [696/1000] 1c55cfa2-dee3-4ac6-b6c9-888fa870a779: 112 arrays, 0.7 MB stored; 2.4 s; peak memory 5133 MiB.
2026-10-09T00:25:32Z INFO [697/1000] 1c56911a-5c14-48c3-a468-c71947e2039e: 114 arrays, 186.8 MB stored; 3.8 s; peak memory 5133 MiB.
2026-10-09T00:25:33Z INFO [698/1000] 1c56b5f6-7c1d-4bf7-94ed-407767d86e8c: 48 arrays, 83.9 MB stored; 1.6 s; peak memory 5133 MiB.
2026-10-09T00:25:38Z INFO [699/1000] 1bc2c516-c0c1-44d1-9a8d-7ecf005fa76e: 1400 arrays, 7734.6 MB stored; 500.4 s; peak memory 5135 MiB.
2026-10-09T00:25:41Z INFO [700/1000] 1c572678-a0aa-40d6-86a5-fdadefd000f2: 71 arrays, 3.9 MB stored; 2.2 s; peak memory 5135 MiB.
2026-10-09T00:25:42Z INFO [701/1000] 1c57792d-6b45-4cce-81f4-5d75dda3c5a3: 48 arrays, 83.9 MB stored; 1.5 s; peak memory 5135 MiB.
2026-10-09T00:25:44Z INFO [702/1000] 1c57de1c-1e9f-4974-abf7-a47c2032139f: 48 arrays, 83.9 MB stored; 1.7 s; peak memory 5135 MiB.
2026-10-09T00:25:49Z INFO [703/1000] 1c56e60f-355d-445a-8b4c-6772c9cc5537: 106 arrays, 20519.3 MB stored; 15.4 s; peak memory 5136 MiB.
2026-10-09T00:25:49Z INFO [704/1000] 1c2d1049-a3ab-455b-a1b0-38c398eeb1f1: 55 arrays, 8590.8 MB stored; 137.8 s; peak memory 5136 MiB.
2026-10-09T00:25:50Z INFO [705/1000] 1c58ae4e-e873-45e0-8e42-48738078f8f9: 48 arrays, 83.9 MB stored; 1.6 s; peak memory 5136 MiB.
2026-10-09T00:25:50Z INFO [706/1000] 1c582f2e-9066-4dc4-8c8d-a79ed1e84fa2: 225 arrays, 255.4 MB stored; 6.6 s; peak memory 5136 MiB.
2026-10-09T00:25:51Z INFO [707/1000] 1c58c83f-5ef5-4dba-8c4b-594bd2c08930: 112 arrays, 0.4 MB stored; 2.1 s; peak memory 5136 MiB.
2026-10-09T00:25:52Z INFO [708/1000] 1c591497-10e7-413f-b759-e9bc183d35ea: 118 arrays, 0.4 MB stored; 1.7 s; peak memory 5136 MiB.
2026-10-09T00:25:53Z INFO [709/1000] 1c5ac22d-47c6-4227-9d40-852c11166133: 66 arrays, 36.1 MB stored; 2.1 s; peak memory 5136 MiB.
2026-10-09T00:25:55Z INFO [710/1000] 1c5b08e1-3ba6-4d95-a721-35d84b1e135d: 50 arrays, 2.1 MB stored; 1.4 s; peak memory 5137 MiB.
2026-10-09T00:25:56Z INFO [711/1000] 1c5ae29d-15e7-4cc1-9e43-81b5aae38a86: 123 arrays, 6.3 MB stored; 3.4 s; peak memory 5137 MiB.
2026-10-09T00:25:56Z INFO [712/1000] 1c5b3d9d-0e53-4e71-8c33-9d544dcba374: 38 arrays, 0.5 MB stored; 1.4 s; peak memory 5137 MiB.
2026-10-09T00:25:59Z INFO [713/1000] 1c5b7beb-f716-48bb-baa2-e6eb3a5ec15b: 53 arrays, 9.0 MB stored; 2.5 s; peak memory 5137 MiB.
2026-10-09T00:25:59Z INFO [714/1000] 1c5b7589-a021-4140-a101-0caea5d98008: 115 arrays, 190.1 MB stored; 3.3 s; peak memory 5137 MiB.
2026-10-09T00:26:01Z INFO [715/1000] 1c5caeca-7be1-4637-b0b6-ea5a95b32c4d: 117 arrays, 0.3 MB stored; 1.8 s; peak memory 5137 MiB.
2026-10-09T00:26:01Z INFO [716/1000] 1c5bdb3e-decf-4a54-8751-91316c677a7a: 93 arrays, 22.6 MB stored; 2.3 s; peak memory 5137 MiB.
2026-10-09T00:26:02Z INFO [717/1000] 1c5cfd0c-5190-4782-92d1-f557d2167081: 48 arrays, 83.9 MB stored; 1.5 s; peak memory 5137 MiB.
2026-10-09T00:26:03Z INFO [718/1000] 1c5d1fe3-6714-4890-92df-a688d0375e8c: 118 arrays, 0.3 MB stored; 1.8 s; peak memory 5137 MiB.
2026-10-09T00:26:05Z INFO [719/1000] 1c5daefe-58b6-44de-8df1-2d6af8f9e2cf: 68 arrays, 96.2 MB stored; 2.6 s; peak memory 5137 MiB.
2026-10-09T00:26:06Z INFO [720/1000] 1c58d795-4fde-45ef-9429-86f022228eab: 446 arrays, 4031.0 MB stored; 15.5 s; peak memory 5138 MiB.
2026-10-09T00:26:07Z INFO [721/1000] 1c5db667-5739-4829-bb6a-a836f68664a0: 116 arrays, 0.2 MB stored; 1.7 s; peak memory 5138 MiB.
2026-10-09T00:26:07Z INFO [722/1000] 1c5dd05b-6c33-4575-a3dd-1a4cd264f89e: 48 arrays, 83.9 MB stored; 1.6 s; peak memory 5138 MiB.
2026-10-09T00:26:08Z INFO [723/1000] 1c255894-69ad-45b8-aa55-df2e13b7964c: 430 arrays, 19763.3 MB stored; 167.6 s; peak memory 5139 MiB.
2026-10-09T00:26:09Z INFO [724/1000] 1c5e086d-a5ee-4caa-84dc-7d0670667dbb: 48 arrays, 83.9 MB stored; 1.6 s; peak memory 5139 MiB.
2026-10-09T00:26:09Z INFO [725/1000] 1c5f37f6-750c-46c7-9df8-55f32efc3827: 43 arrays, 0.0 MB stored; 1.3 s; peak memory 5139 MiB.
2026-10-09T00:26:10Z INFO [726/1000] 1c5f1e6f-0ce7-4d38-981f-63727f586286: 38 arrays, 33.8 MB stored; 2.8 s; peak memory 5139 MiB.
2026-10-09T00:26:10Z INFO [727/1000] 1c5fe11b-f99c-4e29-86f2-123d31715c35: 57 arrays, 0.0 MB stored; 1.4 s; peak memory 5139 MiB.
2026-10-09T00:26:11Z INFO [728/1000] 1c5fb28c-2af9-4708-aa60-929cc22c8414: 117 arrays, 0.3 MB stored; 1.9 s; peak memory 5139 MiB.
2026-10-09T00:26:12Z INFO [729/1000] 1c600a03-6b47-4e32-9c47-4065b5266acf: 46 arrays, 12.6 MB stored; 1.7 s; peak memory 5139 MiB.
2026-10-09T00:26:13Z INFO [730/1000] 1c6218c1-e492-4368-9e27-1c596aab30db: 112 arrays, 1.0 MB stored; 2.2 s; peak memory 5139 MiB.
2026-10-09T00:26:15Z INFO [731/1000] 1c6272ec-ba39-4114-a820-4e3eb0d13573: 118 arrays, 0.4 MB stored; 1.9 s; peak memory 5139 MiB.
2026-10-09T00:26:15Z INFO [732/1000] 1c5d9e70-cf76-4917-9ebf-357cec883a3e: 1024 arrays, 37.3 MB stored; 13.0 s; peak memory 5140 MiB.
2026-10-09T00:26:16Z INFO [733/1000] 1c626c7a-97a1-4699-8302-f088e16fcc88: 156 arrays, 193.5 MB stored; 3.8 s; peak memory 5141 MiB.
2026-10-09T00:26:16Z INFO [734/1000] 1c62f3d7-453d-4130-8ff7-e5e6e3f41d22: 117 arrays, 0.3 MB stored; 1.9 s; peak memory 5141 MiB.
2026-10-09T00:26:17Z INFO [735/1000] 1c62f4b1-cf37-4909-8628-5f328287b2f2: 117 arrays, 0.4 MB stored; 1.8 s; peak memory 5141 MiB.
2026-10-09T00:26:17Z INFO [736/1000] 1c622626-48fa-4efd-b3a2-19ad9009cdb8: 238 arrays, 77.3 MB stored; 6.7 s; peak memory 5141 MiB.
2026-10-09T00:26:18Z INFO [737/1000] 1c631203-7cfd-4fb9-bef9-48de4f99f43c: 112 arrays, 0.8 MB stored; 2.3 s; peak memory 5141 MiB.
2026-10-09T00:26:18Z INFO [738/1000] 1c633583-1ca7-4495-99cc-904bd74730e9: 48 arrays, 83.9 MB stored; 1.5 s; peak memory 5141 MiB.
2026-10-09T00:26:19Z INFO [739/1000] 1c6376f4-1947-4866-b18e-d9efd5c744af: 48 arrays, 83.9 MB stored; 1.7 s; peak memory 5141 MiB.
2026-10-09T00:26:19Z INFO [740/1000] 1c64433b-ee00-4f95-8020-747aab5bf6df: 117 arrays, 0.5 MB stored; 2.0 s; peak memory 5142 MiB.
2026-10-09T00:26:21Z INFO [741/1000] 1c64fdfd-ca84-4b17-8d29-a48117bd61c3: 48 arrays, 83.9 MB stored; 1.7 s; peak memory 5142 MiB.
2026-10-09T00:26:23Z INFO [742/1000] 1c652e2f-0e81-41c9-b903-a5a9daf092b4: 48 arrays, 83.9 MB stored; 1.7 s; peak memory 5142 MiB.
2026-10-09T00:26:25Z INFO [743/1000] 1c65afb3-7ee9-41e4-9894-4bc848f0d72f: 116 arrays, 0.3 MB stored; 1.8 s; peak memory 5142 MiB.
2026-10-09T00:26:26Z INFO [744/1000] 1c65faf2-61ea-48c2-bc9a-1b61befb8e3b: 46 arrays, 4426.9 MB stored; 1.8 s; peak memory 5142 MiB.
2026-10-09T00:26:28Z INFO [745/1000] 1c665b8c-26c3-4eef-aa1e-191df2687144: 112 arrays, 0.4 MB stored; 1.9 s; peak memory 5143 MiB.
2026-10-09T00:26:28Z INFO [746/1000] 1c64ee77-6f35-4eb6-a343-fdf5378fd073: 858 arrays, 30.3 MB stored; 9.6 s; peak memory 5143 MiB.
2026-10-09T00:26:32Z INFO [747/1000] 1c64c940-b313-41ce-b573-25b87ca1319e: 778 arrays, 40.1 MB stored; 14.4 s; peak memory 5144 MiB.
2026-10-09T00:26:34Z INFO [748/1000] 1c66c883-2f76-4abf-ac30-7616b7befa1c: 500 arrays, 7.6 MB stored; 5.6 s; peak memory 5145 MiB.
2026-10-09T00:26:34Z INFO [749/1000] 1c64e748-7c07-4172-869e-d71563d798b5: 955 arrays, 32.9 MB stored; 16.4 s; peak memory 5146 MiB.
2026-10-09T00:26:36Z INFO [750/1000] 1c68b54c-1d0e-4b59-9b81-d951a9f0eb78: 52 arrays, 12.4 MB stored; 1.8 s; peak memory 5146 MiB.
2026-10-09T00:26:36Z INFO [751/1000] 1c69e5db-c6ba-4109-8fd7-6381ac9ffeea: 56 arrays, 0.0 MB stored; 1.5 s; peak memory 5146 MiB.
2026-10-09T00:26:36Z INFO [752/1000] 1c6773ba-4989-4699-b372-c4047fb3d526: 90 arrays, 184.2 MB stored; 3.8 s; peak memory 5146 MiB.
2026-10-09T00:26:37Z INFO [753/1000] 1c6b15bf-1568-4e7f-94ff-9c400be375ae: 35 arrays, 0.0 MB stored; 1.3 s; peak memory 5146 MiB.
2026-10-09T00:26:37Z INFO [754/1000] 1c69ebc4-4277-4e11-9971-3009cd7efdc4: 48 arrays, 83.9 MB stored; 1.7 s; peak memory 5146 MiB.
2026-10-09T00:26:39Z INFO [755/1000] 1c6c7359-e68e-4b9b-ad47-d1e3497a6677: 53 arrays, 0.0 MB stored; 1.4 s; peak memory 5146 MiB.
2026-10-09T00:26:39Z INFO [756/1000] 1c6c2284-7cc6-45c2-8b5c-02e96ebf63b6: 117 arrays, 0.6 MB stored; 1.9 s; peak memory 5146 MiB.
2026-10-09T00:26:40Z INFO [757/1000] 1c6d6569-0fed-4307-adef-06eaa1b8a630: 51 arrays, 0.0 MB stored; 1.3 s; peak memory 5146 MiB.
2026-10-09T00:26:42Z INFO [758/1000] 1c367d19-0a22-4a3b-b3e5-5043cc6fafe7: 167 arrays, 21071.8 MB stored; 164.4 s; peak memory 5146 MiB.
2026-10-09T00:26:42Z INFO [759/1000] 1c6dcb4f-29ef-4a70-b0c2-e42e980f37d8: 275 arrays, 17.1 MB stored; 2.1 s; peak memory 5147 MiB.
2026-10-09T00:26:44Z INFO [760/1000] 1c669397-0971-4e7b-a5a6-a91c01a5ee5b: 49 arrays, 8726.6 MB stored; 15.5 s; peak memory 5147 MiB.
2026-10-09T00:26:44Z INFO [761/1000] 1c6e712f-6b12-4a13-afce-746c6c4ad767: 118 arrays, 0.3 MB stored; 1.8 s; peak memory 5147 MiB.
2026-10-09T00:26:45Z INFO [762/1000] 1c6ba084-4eb0-47bf-8b66-56d9fcce22d5: 1002 arrays, 21.2 MB stored; 8.8 s; peak memory 5148 MiB.
2026-10-09T00:26:45Z INFO [763/1000] 1c6f3eb1-5ca5-4d29-b3f2-99e1b8567006: 48 arrays, 83.9 MB stored; 1.6 s; peak memory 5148 MiB.
2026-10-09T00:26:46Z INFO [764/1000] 1c6f4a8e-0319-41ac-bfcf-bf8cb22459cb: 112 arrays, 0.8 MB stored; 1.9 s; peak memory 5148 MiB.
2026-10-09T00:26:47Z INFO [765/1000] 1c6fb513-e6c8-4e6b-9682-7295cfd54bb6: 112 arrays, 0.7 MB stored; 2.1 s; peak memory 5148 MiB.
2026-10-09T00:26:48Z INFO [766/1000] 1c705275-4abd-4ac8-9564-be3f394a4d04: 71 arrays, 3.5 MB stored; 2.2 s; peak memory 5149 MiB.
2026-10-09T00:26:48Z INFO [767/1000] 1c6dcd76-2799-41ed-b1e5-8646e42497ba: 99 arrays, 1299.5 MB stored; 5.4 s; peak memory 5149 MiB.
2026-10-09T00:26:48Z INFO [768/1000] 1c7061d5-1f00-4c15-8ff9-07b10297c0c4: 52 arrays, 10.6 MB stored; 1.7 s; peak memory 5149 MiB.
2026-10-09T00:26:48Z INFO [769/1000] 1c6d601f-3b8e-42da-862c-5accdf7bc38e: 266 arrays, 1136.3 MB stored; 9.6 s; peak memory 5149 MiB.
2026-10-09T00:26:50Z INFO [770/1000] 1c71f9ce-1bba-42c3-baf5-91898067b821: 110 arrays, 0.6 MB stored; 2.1 s; peak memory 5149 MiB.
2026-10-09T00:26:50Z INFO [771/1000] 1c73712a-a158-42f2-bb13-d403a2468e41: 45 arrays, 7.3 MB stored; 1.8 s; peak memory 5149 MiB.
2026-10-09T00:26:50Z INFO [772/1000] 1c723520-a60f-41d5-aa97-9bfdbd10ec51: 110 arrays, 1.2 MB stored; 2.4 s; peak memory 5149 MiB.
2026-10-09T00:26:51Z INFO [773/1000] 1c720772-0d54-4d96-bf06-dde08e9e1a80: 65 arrays, 691.2 MB stored; 2.7 s; peak memory 5149 MiB.
2026-10-09T00:26:52Z INFO [774/1000] 1c73a288-db31-42f5-9764-c9d8ee8c7dd2: 118 arrays, 0.4 MB stored; 1.9 s; peak memory 5150 MiB.
2026-10-09T00:26:52Z INFO [775/1000] 1c73d78e-32fd-4703-bf56-a11313236d7d: 50 arrays, 2.3 MB stored; 1.6 s; peak memory 5150 MiB.
2026-10-09T00:26:52Z INFO [776/1000] 1c73f7b1-c8bb-48ff-aff8-7a03ed6ff2f5: 114 arrays, 0.2 MB stored; 1.8 s; peak memory 5150 MiB.
2026-10-09T00:26:52Z INFO [777/1000] 1c716ceb-8b98-4d05-8441-86d8cc352515: 38 arrays, 76.7 MB stored; 5.4 s; peak memory 5150 MiB.
2026-10-09T00:26:54Z INFO [778/1000] 1c74a179-9c7a-4034-a94b-357dd88b1b5d: 84 arrays, 0.1 MB stored; 1.7 s; peak memory 5150 MiB.
2026-10-09T00:26:55Z INFO [779/1000] 1c74da12-5946-46e1-af9d-4252c584a68b: 54 arrays, 0.0 MB stored; 1.4 s; peak memory 5150 MiB.
2026-10-09T00:26:56Z INFO [780/1000] 1c740fba-3b5d-4453-a31b-2364800236b7: 348 arrays, 2.6 MB stored; 4.8 s; peak memory 5150 MiB.
2026-10-09T00:27:00Z INFO [781/1000] 1c7546c6-be7e-402e-89c4-95d59878f3e8: 156 arrays, 193.5 MB stored; 3.7 s; peak memory 5151 MiB.
2026-10-09T00:27:03Z INFO [782/1000] 1c77244a-b415-423d-b613-be42324703f4: 71 arrays, 40.3 MB stored; 2.5 s; peak memory 5151 MiB.
2026-10-09T00:27:04Z INFO [783/1000] 1c73fba8-001e-4688-99ec-b73c47e68a25: 802 arrays, 31.7 MB stored; 13.3 s; peak memory 5152 MiB.
2026-10-09T00:27:04Z INFO [784/1000] 1c3aa950-3b93-4969-82fd-e4c9bb04e963: 254 arrays, 22243.4 MB stored; 177.7 s; peak memory 5152 MiB.
2026-10-09T00:27:05Z INFO [785/1000] 1c778529-a169-4a5f-8a58-3b394b51487f: 70 arrays, 0.7 MB stored; 1.5 s; peak memory 5152 MiB.
2026-10-09T00:27:06Z INFO [786/1000] 1c779793-cbb9-4c60-862d-2f9c0717b861: 48 arrays, 83.9 MB stored; 1.6 s; peak memory 5152 MiB.
2026-10-09T00:27:07Z INFO [787/1000] 1c77be9b-655c-42f0-8515-08f00065e066: 62 arrays, 0.7 MB stored; 1.7 s; peak memory 5152 MiB.
2026-10-09T00:27:07Z INFO [788/1000] 1c538be5-ef7e-4ad2-b04f-118cee101e62: 11654 arrays, 1015.2 MB stored; 112.8 s; peak memory 5164 MiB.
2026-10-09T00:27:08Z INFO [789/1000] 1c78af2a-e296-4612-8a4a-099900a4adf1: 46 arrays, 5.4 MB stored; 1.5 s; peak memory 5164 MiB.
2026-10-09T00:27:09Z INFO [790/1000] 1c798adf-ae5d-48cc-acc3-5b7a37595e3c: 48 arrays, 83.9 MB stored; 1.5 s; peak memory 5164 MiB.
2026-10-09T00:27:09Z INFO [791/1000] 1c79b7be-7cdd-40c8-9d45-f9dc815a8ae9: 48 arrays, 83.9 MB stored; 1.6 s; peak memory 5164 MiB.
2026-10-09T00:27:11Z INFO [792/1000] 1c7ae646-dc56-4a49-a6f4-c0a49851ced8: 66 arrays, 101.7 MB stored; 2.3 s; peak memory 5164 MiB.
2026-10-09T00:27:12Z INFO [793/1000] 1c7aa2e6-9bcd-4e36-bb5d-23362f39cdaa: 84 arrays, 279.8 MB stored; 3.3 s; peak memory 5164 MiB.
2026-10-09T00:27:14Z INFO [794/1000] 1c7cd9cf-ae57-49ba-9726-2898bdd594fa: 66 arrays, 19.3 MB stored; 2.2 s; peak memory 5164 MiB.
2026-10-09T00:27:15Z INFO [795/1000] 1c7a08f5-921a-43e9-8226-3538168ef128: 257 arrays, 210.8 MB stored; 7.8 s; peak memory 5165 MiB.
2026-10-09T00:27:15Z INFO [796/1000] 1c7b6f59-cf65-4c66-8fb7-b74e3a183d7a: 156 arrays, 193.4 MB stored; 4.1 s; peak memory 5165 MiB.
2026-10-09T00:27:17Z INFO [797/1000] 1c7e2dec-1c27-4971-88dc-c7b0f94c2e63: 110 arrays, 0.2 MB stored; 1.5 s; peak memory 5165 MiB.
2026-10-09T00:27:18Z INFO [798/1000] 1c7f1173-5558-483d-80d7-366c3fe4d3f6: 112 arrays, 0.8 MB stored; 2.5 s; peak memory 5165 MiB.
2026-10-09T00:27:19Z INFO [799/1000] 1c7f2485-ba77-4a4b-a266-57bdd626ac92: 110 arrays, 0.5 MB stored; 2.1 s; peak memory 5166 MiB.
2026-10-09T00:27:20Z INFO [800/1000] 1c80b228-46d6-470b-b65f-dbcef52fba7e: 52 arrays, 17.8 MB stored; 1.8 s; peak memory 5166 MiB.
2026-10-09T00:27:34Z INFO [800/1000] 1c80b228-46d6-470b-b65f-dbcef52fba7e: checkpointed 19000 new records.
2026-10-09T00:27:34Z INFO [801/1000] 1c817e47-f85c-4860-8fc7-1d1af95e20be: 45 arrays, 0.0 MB stored; 1.4 s; peak memory 5185 MiB.
2026-10-09T00:27:34Z INFO [802/1000] 1c82137c-816e-4841-99fe-f7883adb49de: 48 arrays, 83.9 MB stored; 1.6 s; peak memory 5185 MiB.
2026-10-09T00:27:34Z INFO [803/1000] 1c81bc03-3843-414a-afc5-1570e32a8b79: 112 arrays, 0.9 MB stored; 2.1 s; peak memory 5185 MiB.
2026-10-09T00:27:34Z INFO [804/1000] 1c7ddbd6-5195-4978-b611-8367ee2e906b: 589 arrays, 12.5 MB stored; 8.0 s; peak memory 5185 MiB.
2026-10-09T00:27:34Z INFO [805/1000] 1c8414c7-4617-4242-bc03-881ff1078f66: 48 arrays, 83.9 MB stored; 1.8 s; peak memory 5185 MiB.
2026-10-09T00:27:34Z INFO [806/1000] 1c861521-f5f6-48bf-83f9-aad352505869: 116 arrays, 0.4 MB stored; 1.9 s; peak memory 5185 MiB.
2026-10-09T00:27:34Z INFO [807/1000] 1c85924b-17d4-4606-8836-b355b7ebe12e: 38 arrays, 59.0 MB stored; 3.4 s; peak memory 5185 MiB.
2026-10-09T00:27:34Z INFO [808/1000] 1c868d6e-cd69-4e78-8abb-4f2d62fb679f: 49 arrays, 7.5 MB stored; 1.8 s; peak memory 5185 MiB.
2026-10-09T00:27:34Z INFO [809/1000] 1c86d1ee-1f52-4fb9-8050-c15b2e35552a: 49 arrays, 210.1 MB stored; 2.2 s; peak memory 5185 MiB.
2026-10-09T00:27:34Z INFO [810/1000] 1c88219b-f312-4002-acbc-a1c2e7b8c5a8: 48 arrays, 83.9 MB stored; 1.5 s; peak memory 5185 MiB.
2026-10-09T00:27:34Z INFO [811/1000] 1c86e8e1-dedc-4a69-90d7-dd44bcd658d6: 66 arrays, 485.6 MB stored; 2.5 s; peak memory 5185 MiB.
2026-10-09T00:27:34Z INFO [812/1000] 1c7500c5-2df4-4631-92ce-d8bcce013a38: 48 arrays, 38209.9 MB stored; 33.3 s; peak memory 5185 MiB.
2026-10-09T00:27:34Z INFO [813/1000] 1c87bc02-4d40-416d-85f5-4714104e05b1: 156 arrays, 193.5 MB stored; 3.9 s; peak memory 5185 MiB.
2026-10-09T00:27:34Z INFO [814/1000] 1c896e0d-a8cc-459d-a1ea-c8ca7472915a: 69 arrays, 30.7 MB stored; 2.1 s; peak memory 5185 MiB.
2026-10-09T00:27:34Z INFO [815/1000] 1c8a48fd-f8d6-4d29-b63b-8caa35154f30: 117 arrays, 0.4 MB stored; 1.8 s; peak memory 5185 MiB.
2026-10-09T00:27:34Z INFO [816/1000] 1c8b7734-fc99-4374-bbbf-d487eca568a6: 51 arrays, 0.0 MB stored; 1.4 s; peak memory 5185 MiB.
2026-10-09T00:27:34Z INFO [817/1000] 1c8b1bd3-d4ff-4d1b-98ed-1310846d52ef: 112 arrays, 0.3 MB stored; 1.8 s; peak memory 5185 MiB.
2026-10-09T00:27:34Z INFO [818/1000] 1c8bca2f-a75e-437d-9c7a-2c6d1caf1bc1: 51 arrays, 2315.0 MB stored; 2.0 s; peak memory 5185 MiB.
2026-10-09T00:27:34Z INFO [819/1000] 1c8bda3a-37d3-408f-886a-2839bb46517e: 84 arrays, 258.6 MB stored; 3.1 s; peak memory 5185 MiB.
2026-10-09T00:27:34Z INFO [820/1000] 1c8ca8f5-205a-41f8-858b-23cdd47b01a8: 48 arrays, 83.9 MB stored; 1.7 s; peak memory 5185 MiB.
2026-10-09T00:27:35Z INFO [821/1000] 1c8d55fb-e2dc-413a-90da-65d14061c135: 46 arrays, 0.0 MB stored; 1.3 s; peak memory 5185 MiB.
2026-10-09T00:27:37Z INFO [822/1000] 1c8a0686-b42b-4609-9f03-ddff8fcfd465: 1352 arrays, 31.3 MB stored; 9.3 s; peak memory 5185 MiB.
2026-10-09T00:27:38Z INFO [823/1000] 1c8d7216-e44b-4753-9321-352d0f785a27: 101 arrays, 19.8 MB stored; 2.7 s; peak memory 5185 MiB.
2026-10-09T00:27:41Z INFO [824/1000] 1c8cf6f8-6d64-4564-89a1-70e6113e1811: 229 arrays, 259.9 MB stored; 6.5 s; peak memory 5185 MiB.
2026-10-09T00:27:42Z INFO [825/1000] 1c8decc7-b789-4589-acbf-a5f9787ca551: 48 arrays, 83.9 MB stored; 1.6 s; peak memory 5185 MiB.
2026-10-09T00:27:45Z INFO [826/1000] 1c8e13fa-c6b5-40a4-911e-f9952e058b09: 64 arrays, 44.1 MB stored; 2.4 s; peak memory 5185 MiB.
2026-10-09T00:27:46Z INFO [827/1000] 1c8d9f38-ca3b-4df9-a7bd-39e1eb056d54: 668 arrays, 23.8 MB stored; 8.5 s; peak memory 5185 MiB.
2026-10-09T00:27:46Z INFO [828/1000] 1c777095-3cbd-4c06-b4cf-6630e03b0ac3: 36 arrays, 1787.8 MB stored; 43.2 s; peak memory 5185 MiB.
2026-10-09T00:27:46Z INFO [829/1000] 1c8bdc0f-04e0-4083-8489-89652b649a28: 2185 arrays, 25.0 MB stored; 14.8 s; peak memory 5185 MiB.
2026-10-09T00:27:48Z INFO [830/1000] 1c8f2dd4-8931-46e5-b9ef-7df1432ebc0d: 112 arrays, 0.4 MB stored; 2.1 s; peak memory 5185 MiB.
2026-10-09T00:27:49Z INFO [831/1000] 1c8f4b2a-db0f-4d03-afce-62a610d8e9ed: 44 arrays, 0.0 MB stored; 1.3 s; peak memory 5185 MiB.
2026-10-09T00:27:51Z INFO [832/1000] 1c8dc80c-b192-4c93-88f5-7c7e890e4735: 973 arrays, 43.0 MB stored; 12.5 s; peak memory 5185 MiB.
2026-10-09T00:27:51Z INFO [833/1000] 1c8f58bd-3624-4583-974c-fff7ddbc0f00: 112 arrays, 0.3 MB stored; 1.9 s; peak memory 5185 MiB.
2026-10-09T00:27:53Z INFO [834/1000] 1c8fecb7-bd32-4f54-94c3-cf01aead8561: 261 arrays, 17.1 MB stored; 2.1 s; peak memory 5185 MiB.
2026-10-09T00:27:53Z INFO [835/1000] 1c90e057-75a6-4877-b752-fd3b1d34d802: 48 arrays, 83.9 MB stored; 1.6 s; peak memory 5185 MiB.
2026-10-09T00:27:54Z INFO [836/1000] 1c8e9f1f-15ca-4286-8e20-fca5e1592d32: 194 arrays, 686.2 MB stored; 8.0 s; peak memory 5185 MiB.
2026-10-09T00:27:55Z INFO [837/1000] 1c8e2899-ade4-400b-aa80-74ec819f10c9: 219 arrays, 695.2 MB stored; 10.3 s; peak memory 5185 MiB.
2026-10-09T00:27:55Z INFO [838/1000] 1c9106c8-b7a6-4dcb-87e6-3d17b2e999d3: 66 arrays, 42.2 MB stored; 2.4 s; peak memory 5185 MiB.
2026-10-09T00:27:56Z INFO [839/1000] 1c915c32-8fc8-452d-b242-0ecf7a8d55e7: 112 arrays, 0.9 MB stored; 1.9 s; peak memory 5185 MiB.
2026-10-09T00:27:57Z INFO [840/1000] 1c91898c-c45b-495e-a67d-959ad54b47c0: 70 arrays, 0.5 MB stored; 1.6 s; peak memory 5185 MiB.
2026-10-09T00:27:58Z INFO [841/1000] 1c91cafe-e1b1-4e38-bac5-fb07cae4f1c5: 117 arrays, 0.2 MB stored; 1.6 s; peak memory 5185 MiB.
2026-10-09T00:28:00Z INFO [842/1000] 1c915056-c7ac-4680-812f-5f5b3bd0c5e5: 493 arrays, 6.2 MB stored; 6.9 s; peak memory 5185 MiB.
2026-10-09T00:28:01Z INFO [843/1000] 1c91cce2-3d0b-4c42-a64e-383c7658edd6: 74 arrays, 39.6 MB stored; 2.5 s; peak memory 5185 MiB.
2026-10-09T00:28:01Z INFO [844/1000] 1c929943-e5e4-4da8-bfc5-e717c983fede: 46 arrays, 0.1 MB stored; 1.3 s; peak memory 5185 MiB.
2026-10-09T00:28:01Z INFO [845/1000] 1c9189d3-4dd6-4f15-a457-efe48839e57b: 533 arrays, 8.0 MB stored; 6.2 s; peak memory 5185 MiB.
2026-10-09T00:28:03Z INFO [846/1000] 1c92aa4e-33d9-4067-8d60-a41cda8ace23: 112 arrays, 0.7 MB stored; 2.1 s; peak memory 5185 MiB.
2026-10-09T00:28:03Z INFO [847/1000] 1c92d951-b837-4520-82dd-4d9c427fdec3: 117 arrays, 0.4 MB stored; 1.8 s; peak memory 5185 MiB.
2026-10-09T00:28:05Z INFO [848/1000] 1c92db06-1adb-4c45-a6b1-d6814c6fcd3a: 68 arrays, 46.2 MB stored; 2.0 s; peak memory 5185 MiB.
2026-10-09T00:28:07Z INFO [849/1000] 1c546033-98a4-4d16-9ce8-f08158c1f5e9: 433 arrays, 19742.9 MB stored; 166.4 s; peak memory 5185 MiB.
2026-10-09T00:28:09Z INFO [850/1000] 1c933027-7905-4ea4-ab23-e5e1d0b46498: 223 arrays, 254.6 MB stored; 5.9 s; peak memory 5185 MiB.
2026-10-09T00:28:09Z INFO [851/1000] 1c9411ed-1474-44b8-ac18-09e66e7ce1dd: 118 arrays, 0.5 MB stored; 1.9 s; peak memory 5185 MiB.
2026-10-09T00:28:11Z INFO [852/1000] 1c9453e2-8793-481c-8d56-f64ca820ee2c: 112 arrays, 0.7 MB stored; 1.9 s; peak memory 5185 MiB.
2026-10-09T00:28:12Z INFO [853/1000] 1c92c766-4377-4b0e-969b-405c7d07a8dc: 410 arrays, 91.1 MB stored; 11.4 s; peak memory 5185 MiB.
2026-10-09T00:28:13Z INFO [854/1000] 1c94bef5-b4c7-429b-9d98-dd3ae38fbbcc: 112 arrays, 0.3 MB stored; 1.9 s; peak memory 5185 MiB.
2026-10-09T00:28:14Z INFO [855/1000] 1c95220d-d6b1-4667-9e64-d5fca2a8efaf: 49 arrays, 17.8 MB stored; 1.9 s; peak memory 5185 MiB.
2026-10-09T00:28:15Z INFO [856/1000] 1c95ca6b-6069-4163-923c-1f7beeb2a965: 116 arrays, 0.5 MB stored; 1.9 s; peak memory 5185 MiB.
2026-10-09T00:28:16Z INFO [857/1000] 1c965adc-edb4-4b7c-b4fb-1418b08351bf: 110 arrays, 0.0 MB stored; 1.6 s; peak memory 5185 MiB.
2026-10-09T00:28:17Z INFO [858/1000] 1c94bd36-d886-428d-ac74-bb10c8ba53a5: 538 arrays, 8.6 MB stored; 8.0 s; peak memory 5185 MiB.
2026-10-09T00:28:21Z INFO [859/1000] 1c9732e3-85c7-4bae-bb89-423fd0dafa97: 245 arrays, 7.0 MB stored; 4.8 s; peak memory 5185 MiB.
2026-10-09T00:28:23Z INFO [860/1000] 1c965125-48a7-4fca-8b41-a5d71d2ea5bd: 616 arrays, 18.5 MB stored; 8.6 s; peak memory 5185 MiB.
2026-10-09T00:28:23Z INFO [861/1000] 1c97e9d6-c2df-4d15-b497-4eaa982b3e05: 229 arrays, 267.8 MB stored; 5.9 s; peak memory 5185 MiB.
2026-10-09T00:28:23Z INFO [862/1000] 1c986159-d8bc-47ea-a7c1-9cde6cb0cbc0: 118 arrays, 0.5 MB stored; 2.0 s; peak memory 5185 MiB.
2026-10-09T00:28:24Z INFO [863/1000] 1c918cc4-a545-4176-ac8b-aaa840f8f02e: 94 arrays, 889.6 MB stored; 28.4 s; peak memory 5185 MiB.
2026-10-09T00:28:25Z INFO [864/1000] 1c9a461a-e3c8-4c0d-b764-6d49a85ca609: 33 arrays, 0.0 MB stored; 1.4 s; peak memory 5185 MiB.
2026-10-09T00:28:25Z INFO [865/1000] 1c9a2866-8e43-46bf-ad48-5ff7b9663171: 112 arrays, 1.1 MB stored; 2.3 s; peak memory 5185 MiB.
2026-10-09T00:28:28Z INFO [866/1000] 1c9b8121-53b0-4967-8fa7-318ba2d521ad: 115 arrays, 190.1 MB stored; 3.1 s; peak memory 5185 MiB.
2026-10-09T00:28:29Z INFO [867/1000] 1c9b60ac-63cc-497d-89cd-a40bad664199: 63 arrays, 55.0 MB stored; 4.9 s; peak memory 5185 MiB.
2026-10-09T00:28:30Z INFO [868/1000] 1c9a7679-5371-4ddc-9822-2147ee3d72ce: 38 arrays, 7145.8 MB stored; 6.0 s; peak memory 5185 MiB.
2026-10-09T00:28:31Z INFO [869/1000] 1c98c61a-ddf7-4fa7-8302-399e9048f46a: 61 arrays, 339.3 MB stored; 7.9 s; peak memory 5185 MiB.
2026-10-09T00:28:31Z INFO [870/1000] 1c9d4228-152a-4825-9490-1c1955215f6f: 84 arrays, 0.1 MB stored; 1.8 s; peak memory 5185 MiB.
2026-10-09T00:28:32Z INFO [871/1000] 1c9d5129-a324-4785-a13c-a2c03e68394d: 48 arrays, 83.9 MB stored; 1.5 s; peak memory 5185 MiB.
2026-10-09T00:28:33Z INFO [872/1000] 1c741a55-f433-4c42-b3bd-c089b6d7d5ea: 49 arrays, 6366.6 MB stored; 101.0 s; peak memory 5185 MiB.
2026-10-09T00:28:33Z INFO [873/1000] 1c9f7439-df07-4616-9a4a-155c05f253d4: 48 arrays, 83.9 MB stored; 1.6 s; peak memory 5185 MiB.
2026-10-09T00:28:33Z INFO [874/1000] 1c9f75f0-734d-4c10-a99a-1c4a54a25077: 49 arrays, 6.1 MB stored; 1.7 s; peak memory 5185 MiB.
2026-10-09T00:28:33Z INFO [875/1000] 1c9d155a-7bb3-4fe6-9af3-98b292bb2569: 50 arrays, 113.2 MB stored; 4.8 s; peak memory 5185 MiB.
2026-10-09T00:28:35Z INFO [876/1000] 1ca0e110-ff72-40e0-8826-d7be617ec64b: 90 arrays, 0.1 MB stored; 1.7 s; peak memory 5185 MiB.
2026-10-09T00:28:35Z INFO [877/1000] 1ca11812-d5aa-4ef7-9dad-c52d97e1a378: 48 arrays, 83.9 MB stored; 1.5 s; peak memory 5185 MiB.
2026-10-09T00:28:36Z INFO [878/1000] 1ca10c6d-1f0f-4bb3-bf8a-0b9cfa73653d: 112 arrays, 0.5 MB stored; 2.4 s; peak memory 5185 MiB.
2026-10-09T00:28:36Z INFO [879/1000] 1ca128cb-8dd0-489c-aff0-09ab49636325: 48 arrays, 83.9 MB stored; 1.6 s; peak memory 5185 MiB.
2026-10-09T00:28:37Z INFO [880/1000] 1ca172a5-7de1-407c-93d2-83e3db2290df: 48 arrays, 83.9 MB stored; 1.5 s; peak memory 5185 MiB.
2026-10-09T00:28:39Z INFO [881/1000] 1ca1caa9-443f-4ab6-978e-fc5f6a7e418f: 81 arrays, 102.6 MB stored; 2.1 s; peak memory 5185 MiB.
2026-10-09T00:28:41Z INFO [882/1000] 1ca36ceb-8d1e-4403-8737-fea3aacb3b33: 70 arrays, 0.6 MB stored; 1.5 s; peak memory 5185 MiB.
2026-10-09T00:28:43Z INFO [883/1000] 1ca3d80b-64b1-47bb-9eb5-c06734224b82: 116 arrays, 0.4 MB stored; 1.9 s; peak memory 5185 MiB.
2026-10-09T00:28:44Z INFO [884/1000] 1c8e6205-bc2d-49e0-9ab3-606ff34e13c3: 55 arrays, 1981.5 MB stored; 58.0 s; peak memory 5185 MiB.
2026-10-09T00:28:44Z INFO [885/1000] 1ca17ee7-c035-4b76-be00-5baf362aaff5: 890 arrays, 9.1 MB stored; 8.1 s; peak memory 5185 MiB.
2026-10-09T00:28:45Z INFO [886/1000] 1ca3da48-84bb-4761-b366-7ec6c5d614b5: 170 arrays, 0.7 MB stored; 2.0 s; peak memory 5185 MiB.
2026-10-09T00:28:46Z INFO [887/1000] 1ca42e04-14c1-41f0-8a9d-3d8e2a0b0caa: 118 arrays, 0.8 MB stored; 2.0 s; peak memory 5185 MiB.
2026-10-09T00:28:47Z INFO [888/1000] 1c9f263b-365c-489b-b37c-38a4d3aec202: 1270 arrays, 24.4 MB stored; 16.3 s; peak memory 5186 MiB.
2026-10-09T00:28:47Z INFO [889/1000] 1ca4b071-0d5d-4fb5-97ca-27fd6e66a819: 57 arrays, 664.4 MB stored; 2.7 s; peak memory 5186 MiB.
2026-10-09T00:28:49Z INFO [890/1000] 1ca643ee-17e5-440f-a4c3-2914e58d7faa: 48 arrays, 83.9 MB stored; 1.5 s; peak memory 5186 MiB.
2026-10-09T00:28:49Z INFO [891/1000] 1ca6eb7c-f082-4e4d-ae5d-8e74824174e3: 58 arrays, 0.0 MB stored; 1.3 s; peak memory 5186 MiB.
2026-10-09T00:28:50Z INFO [892/1000] 1ca48418-b3fe-4895-9302-f14ba8dfacc2: 560 arrays, 9.2 MB stored; 5.8 s; peak memory 5187 MiB.
2026-10-09T00:28:50Z INFO [893/1000] 1c9ff79e-abc0-4fbe-b68e-0086b9f1d09f: 41 arrays, 456.0 MB stored; 17.5 s; peak memory 5187 MiB.
2026-10-09T00:28:50Z INFO [894/1000] 1ca81958-f381-4fa7-a5a9-a439f6f781c7: 52 arrays, 0.0 MB stored; 1.4 s; peak memory 5187 MiB.
2026-10-09T00:28:50Z INFO [895/1000] 1ca14608-507c-4192-ad23-f3b20b41a763: 842 arrays, 21.5 MB stored; 15.6 s; peak memory 5188 MiB.
2026-10-09T00:28:51Z INFO [896/1000] 1ca9d08a-b586-4327-9b4d-598e4e7369d5: 45 arrays, 0.0 MB stored; 1.4 s; peak memory 5188 MiB.
2026-10-09T00:28:52Z INFO [897/1000] 1ca9b180-69f6-4d1f-b2ac-09da019f408e: 48 arrays, 83.9 MB stored; 1.7 s; peak memory 5188 MiB.
2026-10-09T00:28:53Z INFO [898/1000] 1ca85c2b-27f2-4461-99fc-379e43a3a6eb: 381 arrays, 5.9 MB stored; 3.9 s; peak memory 5188 MiB.
2026-10-09T00:28:53Z INFO [899/1000] 1ca8a50d-491f-4f7b-8765-77cc09253199: 71 arrays, 90.3 MB stored; 2.8 s; peak memory 5188 MiB.
2026-10-09T00:28:53Z INFO [900/1000] 1cab00b7-7681-4a59-92a4-bf7cbbf2b2cd: 116 arrays, 0.4 MB stored; 1.8 s; peak memory 5188 MiB.
2026-10-09T00:28:53Z INFO [901/1000] 1caaf39e-0b3d-41a1-8142-78e8f43b4512: 41 arrays, 472.2 MB stored; 3.1 s; peak memory 5189 MiB.
2026-10-09T00:28:54Z INFO [902/1000] 1cab339f-a771-4f01-8d76-676586f5f508: 35 arrays, 0.0 MB stored; 1.3 s; peak memory 5189 MiB.
2026-10-09T00:28:54Z INFO [903/1000] 1cab95a6-4c53-4778-9dd9-ef12e2291155: 46 arrays, 0.1 MB stored; 1.3 s; peak memory 5189 MiB.
2026-10-09T00:28:55Z INFO [904/1000] 1cab6de6-f4f7-4f65-8867-23d4784b9af4: 79 arrays, 1.8 MB stored; 1.9 s; peak memory 5189 MiB.
2026-10-09T00:28:55Z INFO [905/1000] 1cab0c3c-8155-4e3d-9f18-a1f151a38c81: 168 arrays, 3.2 MB stored; 3.2 s; peak memory 5189 MiB.
2026-10-09T00:28:55Z INFO [906/1000] 1cac1314-3230-4046-b04b-3ecd7799ae07: 48 arrays, 83.9 MB stored; 1.7 s; peak memory 5189 MiB.
2026-10-09T00:28:56Z INFO [907/1000] 1cac57ad-180f-4af1-bb39-f9638be3fadb: 117 arrays, 0.4 MB stored; 2.0 s; peak memory 5189 MiB.
2026-10-09T00:28:56Z INFO [908/1000] 1cac5a26-7a5d-4e31-80a7-d973d027257f: 48 arrays, 83.9 MB stored; 1.6 s; peak memory 5189 MiB.
2026-10-09T00:28:57Z INFO [909/1000] 1cac94f2-3b1e-441a-9db7-298bc1ba7067: 112 arrays, 0.2 MB stored; 1.9 s; peak memory 5189 MiB.
2026-10-09T00:28:57Z INFO [910/1000] 1cacd6ee-b9ef-4f37-91f3-2ff13b964c04: 48 arrays, 83.9 MB stored; 1.7 s; peak memory 5189 MiB.
2026-10-09T00:28:57Z INFO [911/1000] 1cad6a1e-f724-443b-bc95-0eae4fa93f88: 57 arrays, 0.0 MB stored; 1.4 s; peak memory 5189 MiB.
2026-10-09T00:28:58Z INFO [912/1000] 1cad99fc-be5d-4618-ab68-58dcbafd7e79: 117 arrays, 0.3 MB stored; 1.7 s; peak memory 5189 MiB.
2026-10-09T00:28:59Z INFO [913/1000] 1cadb2aa-3cf4-4516-8efb-862d4af6c733: 112 arrays, 0.7 MB stored; 2.1 s; peak memory 5189 MiB.
2026-10-09T00:28:59Z INFO [914/1000] 1cae27b5-c204-46b8-9039-1cae5be21365: 66 arrays, 27.8 MB stored; 2.0 s; peak memory 5190 MiB.
2026-10-09T00:28:59Z INFO [915/1000] 1caed921-946a-409a-94f1-85787e43b2ee: 57 arrays, 0.0 MB stored; 1.3 s; peak memory 5190 MiB.
2026-10-09T00:29:00Z INFO [916/1000] 1caefd2e-df13-49e2-ab2a-ebe50128fec0: 52 arrays, 12.6 MB stored; 1.7 s; peak memory 5190 MiB.
2026-10-09T00:29:00Z INFO [917/1000] 1caf1036-a164-4d1b-bcda-04549be4acff: 58 arrays, 0.0 MB stored; 1.3 s; peak memory 5190 MiB.
2026-10-09T00:29:01Z INFO [918/1000] 1caef009-e96e-470e-ad59-04eb0152267c: 51 arrays, 6778.5 MB stored; 2.2 s; peak memory 5190 MiB.
2026-10-09T00:29:02Z INFO [919/1000] 1caf368f-7823-42f8-84f7-be2d3edbfc02: 48 arrays, 83.9 MB stored; 1.7 s; peak memory 5190 MiB.
2026-10-09T00:29:02Z INFO [920/1000] 1caf3170-1abe-4cb1-9467-c2d524b74b45: 51 arrays, 6626.0 MB stored; 2.0 s; peak memory 5190 MiB.
2026-10-09T00:29:04Z INFO [921/1000] 1cafc751-c930-4b88-9051-56b867de61c9: 57 arrays, 0.0 MB stored; 1.4 s; peak memory 5190 MiB.
2026-10-09T00:29:04Z INFO [922/1000] 1cafc1aa-bc67-4271-aa81-8b6230c12fed: 48 arrays, 83.9 MB stored; 1.6 s; peak memory 5190 MiB.
2026-10-09T00:29:04Z INFO [923/1000] 1caf6149-99b3-4901-8da1-4a338b3058ab: 71 arrays, 56.0 MB stored; 2.9 s; peak memory 5190 MiB.
2026-10-09T00:29:06Z INFO [924/1000] 1cafca0e-d93b-46cc-88e1-894268a9e074: 116 arrays, 0.2 MB stored; 1.7 s; peak memory 5190 MiB.
2026-10-09T00:29:06Z INFO [925/1000] 1cb00f2b-9f35-49e0-a6c8-ba410838134c: 68 arrays, 62.0 MB stored; 1.9 s; peak memory 5190 MiB.
2026-10-09T00:29:07Z INFO [926/1000] 1cb02bd2-c645-42fd-b3bb-3a42b7f132e4: 71 arrays, 71.4 MB stored; 2.8 s; peak memory 5191 MiB.
2026-10-09T00:29:08Z INFO [927/1000] 1caca705-f294-4fc8-9d74-b13aa6d857e5: 3052 arrays, 29.9 MB stored; 12.7 s; peak memory 5193 MiB.
2026-10-09T00:29:08Z INFO [928/1000] 1cb05ae3-8d77-438d-8ec8-3bc9ae507a51: 117 arrays, 0.5 MB stored; 2.1 s; peak memory 5194 MiB.
2026-10-09T00:29:08Z INFO [929/1000] 1caec590-ce08-47fe-8e54-907e3e1a004c: 757 arrays, 31.9 MB stored; 10.2 s; peak memory 5194 MiB.
2026-10-09T00:29:08Z INFO [930/1000] 1cb0ecd3-c16d-4be0-9dc6-20010f2bfa9d: 48 arrays, 83.9 MB stored; 1.6 s; peak memory 5194 MiB.
2026-10-09T00:29:09Z INFO [931/1000] 1cb0fb3a-a337-4213-8306-c086ace84cdb: 48 arrays, 83.9 MB stored; 1.8 s; peak memory 5194 MiB.
2026-10-09T00:29:10Z INFO [932/1000] 1cb117b3-254f-422d-b652-ba805a034598: 66 arrays, 11.7 MB stored; 2.1 s; peak memory 5194 MiB.
2026-10-09T00:29:10Z INFO [933/1000] 1cb15364-89df-4926-9bc8-1f15dca94f78: 117 arrays, 0.2 MB stored; 1.7 s; peak memory 5195 MiB.
2026-10-09T00:29:11Z INFO [934/1000] 1cb26eeb-6f22-4683-b082-5607a3b4e2e7: 48 arrays, 83.9 MB stored; 1.5 s; peak memory 5195 MiB.
2026-10-09T00:29:12Z INFO [935/1000] 1cb36206-8064-4bc7-9cad-5496a610a69f: 112 arrays, 0.7 MB stored; 2.3 s; peak memory 5195 MiB.
2026-10-09T00:29:13Z INFO [936/1000] 1cb07e63-09b6-43f4-a949-f311d35a1136: 223 arrays, 264.1 MB stored; 6.8 s; peak memory 5195 MiB.
2026-10-09T00:29:14Z INFO [937/1000] 1ca55373-91dc-4f11-989f-e378a67d3f96: 48 arrays, 42231.5 MB stored; 28.1 s; peak memory 5195 MiB.
2026-10-09T00:29:14Z INFO [938/1000] 1cb53456-e381-4691-9765-d9118118b693: 48 arrays, 83.9 MB stored; 1.6 s; peak memory 5195 MiB.
2026-10-09T00:29:14Z INFO [939/1000] 1cb4e5d2-503c-46e2-9c2d-a2b92962d561: 45 arrays, 627.9 MB stored; 2.3 s; peak memory 5195 MiB.
2026-10-09T00:29:16Z INFO [940/1000] 1cb5c741-134b-42f8-8fb3-fcbbc13b129b: 48 arrays, 83.9 MB stored; 1.8 s; peak memory 5196 MiB.
2026-10-09T00:29:16Z INFO [941/1000] 1cb6173a-078f-4db3-8482-ec019830073e: 54 arrays, 0.0 MB stored; 1.4 s; peak memory 5196 MiB.
2026-10-09T00:29:16Z INFO [942/1000] 1cb559c1-6114-4fd5-a994-068197ea5d69: 71 arrays, 129.9 MB stored; 2.8 s; peak memory 5196 MiB.
2026-10-09T00:29:18Z INFO [943/1000] 1cb10a24-349f-4fd6-86da-0ba85b201794: 11477 arrays, 152.7 MB stored; 10.3 s; peak memory 5209 MiB.
2026-10-09T00:29:20Z INFO [944/1000] 1cb6dac3-dc72-4595-baf4-5a67e37517df: 114 arrays, 0.2 MB stored; 1.7 s; peak memory 5210 MiB.
2026-10-09T00:29:20Z INFO [945/1000] 1cb69bf7-3361-4a9c-9997-80b55f72f36f: 156 arrays, 193.5 MB stored; 4.0 s; peak memory 5210 MiB.
2026-10-09T00:29:20Z INFO [946/1000] 1cb6622c-fcd5-4a74-8274-2230bbf5dea1: 90 arrays, 709.7 MB stored; 4.3 s; peak memory 5210 MiB.
2026-10-09T00:29:21Z INFO [947/1000] 1cb4c0ca-8f6e-4db1-b998-af76d4384b39: 339 arrays, 48.0 MB stored; 10.6 s; peak memory 5210 MiB.
2026-10-09T00:29:22Z INFO [948/1000] 1cb6f392-1be5-4652-9b55-5e78fea28695: 247 arrays, 17.1 MB stored; 2.0 s; peak memory 5211 MiB.
2026-10-09T00:29:22Z INFO [949/1000] 1cb72a27-f7e0-48d9-85d7-893cc8d128fd: 118 arrays, 0.4 MB stored; 1.8 s; peak memory 5211 MiB.
2026-10-09T00:29:22Z INFO [950/1000] 1cb6eec2-bacb-4fa2-8663-4d6114cd6397: 118 arrays, 32.3 MB stored; 2.9 s; peak memory 5211 MiB.
2026-10-09T00:29:23Z INFO [951/1000] 1cb6a6a6-abf9-4749-a9bf-cd61815bef61: 46 arrays, 3537.0 MB stored; 6.3 s; peak memory 5211 MiB.
2026-10-09T00:29:24Z INFO [952/1000] 1cb8cc84-61b5-4dac-8db9-95bf359c4260: 52 arrays, 19.5 MB stored; 1.8 s; peak memory 5211 MiB.
2026-10-09T00:29:24Z INFO [953/1000] 1cb7a113-7f1c-4f62-bda9-86f5c0f70e38: 50 arrays, 22.1 MB stored; 2.0 s; peak memory 5211 MiB.
2026-10-09T00:29:24Z INFO [954/1000] 1cb8e461-43d2-4d5b-8a54-f990cfc41033: 46 arrays, 12.6 MB stored; 1.6 s; peak memory 5211 MiB.
2026-10-09T00:29:25Z INFO [955/1000] 1cb2a4b2-4d9f-4059-a1d8-805f4df24f7c: 857 arrays, 19.8 MB stored; 15.2 s; peak memory 5212 MiB.
2026-10-09T00:29:25Z INFO [956/1000] 1cb92d93-1dff-474d-8350-62a63e69eba3: 65 arrays, 0.0 MB stored; 1.6 s; peak memory 5212 MiB.
2026-10-09T00:29:26Z INFO [957/1000] 1cbb44b0-787d-4594-af22-3ede98636763: 48 arrays, 83.9 MB stored; 1.5 s; peak memory 5212 MiB.
2026-10-09T00:29:26Z INFO [958/1000] 1cba0f09-fd17-4c8a-affa-9b63401372f7: 69 arrays, 1.7 MB stored; 1.9 s; peak memory 5212 MiB.
2026-10-09T00:29:27Z INFO [959/1000] 1cb8d2a1-53a9-47d5-b4e1-131553f490a9: 114 arrays, 186.9 MB stored; 4.1 s; peak memory 5212 MiB.
2026-10-09T00:29:28Z INFO [960/1000] 1cbbbf9c-e27f-4c64-b28c-7f4b096d8275: 117 arrays, 0.3 MB stored; 1.7 s; peak memory 5212 MiB.
2026-10-09T00:29:28Z INFO [961/1000] 1cbd496c-0169-432e-bd79-de1d8e4f6593: 132 arrays, 1.2 MB stored; 1.8 s; peak memory 5212 MiB.
2026-10-09T00:29:30Z INFO [962/1000] 1cbb87bc-3117-4e56-96e0-a3beaa62d5e5: 156 arrays, 193.5 MB stored; 4.2 s; peak memory 5213 MiB.
2026-10-09T00:29:30Z INFO [963/1000] 1cbd6735-a4d2-4d20-a8de-1140b468bb04: 46 arrays, 5191.1 MB stored; 2.1 s; peak memory 5213 MiB.
2026-10-09T00:29:30Z INFO [964/1000] 1cbdfff8-36ca-40c8-8fd0-3125c987aab2: 112 arrays, 0.6 MB stored; 2.1 s; peak memory 5213 MiB.
2026-10-09T00:29:31Z INFO [965/1000] 1c747991-f251-4dac-bf32-4d1c32a5af3a: 430 arrays, 19699.3 MB stored; 158.8 s; peak memory 5213 MiB.
2026-10-09T00:29:32Z INFO [966/1000] 1cbf71f1-e6dc-4aa1-a087-805e438cbbf8: 56 arrays, 0.0 MB stored; 1.3 s; peak memory 5213 MiB.
2026-10-09T00:29:33Z INFO [967/1000] 1cbed917-aef2-486b-a864-d6f9d6499ede: 119 arrays, 66.6 MB stored; 3.0 s; peak memory 5213 MiB.
2026-10-09T00:29:34Z INFO [968/1000] 1cc019dd-17dd-44e9-a9fc-0184f60cd240: 117 arrays, 0.4 MB stored; 1.7 s; peak memory 5214 MiB.
2026-10-09T00:29:34Z INFO [969/1000] 1cbe0d3a-10e5-4cbf-ab97-d464eea8e71b: 84 arrays, 343.7 MB stored; 4.3 s; peak memory 5214 MiB.
2026-10-09T00:29:34Z INFO [970/1000] 1cbe4e1c-aebd-409e-be55-483b7c1b8498: 156 arrays, 193.4 MB stored; 4.0 s; peak memory 5214 MiB.
2026-10-09T00:29:35Z INFO [971/1000] 1cc110f0-ed43-48af-ac27-219e61a7572d: 45 arrays, 0.0 MB stored; 1.3 s; peak memory 5214 MiB.
2026-10-09T00:29:36Z INFO [972/1000] 1cc073e9-a0ce-43d3-8073-428f2f7d5b22: 51 arrays, 5526.5 MB stored; 2.1 s; peak memory 5214 MiB.
2026-10-09T00:29:36Z INFO [973/1000] 1cc0ce46-3bc1-4e77-8e4e-36832d1fc12a: 118 arrays, 0.5 MB stored; 2.1 s; peak memory 5214 MiB.
2026-10-09T00:29:36Z INFO [974/1000] 1cc0d6fe-4fd9-4be3-9ab7-41379b8b02ab: 153 arrays, 0.5 MB stored; 2.1 s; peak memory 5214 MiB.
2026-10-09T00:29:37Z INFO [975/1000] 1cc197ca-7363-4d3d-8c81-38321be9a29a: 48 arrays, 83.9 MB stored; 1.8 s; peak memory 5214 MiB.
2026-10-09T00:29:37Z INFO [976/1000] 1cc2a0b3-04a7-4d66-9d75-370f02bdd661: 56 arrays, 0.0 MB stored; 1.3 s; peak memory 5214 MiB.
2026-10-09T00:29:39Z INFO [977/1000] 1cc2c4d3-8e14-4d14-95c1-a41ed8c937b5: 45 arrays, 0.0 MB stored; 1.4 s; peak memory 5214 MiB.
2026-10-09T00:29:40Z INFO [978/1000] 1cc4042c-8b05-4329-b460-9d5e2d566c85: 48 arrays, 83.9 MB stored; 1.7 s; peak memory 5215 MiB.
2026-10-09T00:29:41Z INFO [979/1000] 1cbc2cf8-4cff-459f-9902-387dba045338: 1025 arrays, 42.9 MB stored; 15.0 s; peak memory 5216 MiB.
2026-10-09T00:29:41Z INFO [980/1000] 1cc375bc-caec-4653-834b-f27aff4093b3: 156 arrays, 193.5 MB stored; 4.1 s; peak memory 5216 MiB.
2026-10-09T00:29:42Z INFO [981/1000] 1cc49a6d-a8e2-4758-8a6f-efe307fd2743: 131 arrays, 0.6 MB stored; 2.2 s; peak memory 5216 MiB.
2026-10-09T00:29:43Z INFO [982/1000] 1cc49d17-de10-4566-bfa1-872913c1cd5d: 117 arrays, 0.3 MB stored; 2.0 s; peak memory 5216 MiB.
2026-10-09T00:29:44Z INFO [983/1000] 1cc4d42e-fdc0-455b-bb15-d5071e38a286: 66 arrays, 19.3 MB stored; 2.3 s; peak memory 5216 MiB.
2026-10-09T00:29:44Z INFO [984/1000] 1cc4d6bf-58f4-4295-96b0-a459c8a6671a: 48 arrays, 83.9 MB stored; 1.5 s; peak memory 5216 MiB.
2026-10-09T00:29:45Z INFO [985/1000] 1cc5f54d-d197-4cc1-953e-8ef4c2d50135: 48 arrays, 83.9 MB stored; 1.7 s; peak memory 5217 MiB.
2026-10-09T00:29:46Z INFO [986/1000] 1cc552ca-c068-4631-b52a-52ddd53a74e5: 69 arrays, 67.3 MB stored; 2.2 s; peak memory 5217 MiB.
2026-10-09T00:29:46Z INFO [987/1000] 1cc66a61-40c4-4742-9bcf-ff536423d4ca: 67 arrays, 2.0 MB stored; 2.1 s; peak memory 5217 MiB.
2026-10-09T00:29:47Z INFO [988/1000] 1cc7c957-0a2e-4b85-8ea9-5f890a1ddd52: 52 arrays, 13.7 MB stored; 1.7 s; peak memory 5217 MiB.
2026-10-09T00:29:49Z INFO [989/1000] 1cc85325-7be7-47ca-9b48-e3f56a04b60f: 117 arrays, 0.5 MB stored; 2.1 s; peak memory 5217 MiB.
2026-10-09T00:29:51Z INFO [990/1000] 1cc1115b-4bc5-4c9f-a856-acd2c88a9863: 326 arrays, 1671.4 MB stored; 15.5 s; peak memory 5217 MiB.
2026-10-09T00:29:51Z INFO [991/1000] 1cc21348-f659-48e0-8920-6ced9d5b6a6b: 825 arrays, 35.6 MB stored; 15.3 s; peak memory 5218 MiB.
2026-10-09T00:29:51Z INFO [992/1000] 1cc88e56-b871-451f-9c7f-bb15de03e062: 112 arrays, 0.4 MB stored; 2.1 s; peak memory 5218 MiB.
2026-10-09T00:29:53Z INFO [993/1000] 1cc89e5a-0f49-4a2e-af7b-7cf99ae520db: 39 arrays, 1.6 MB stored; 1.5 s; peak memory 5218 MiB.
2026-10-09T00:29:53Z INFO [994/1000] 1cc8c784-ffcb-4af8-a3cd-1d70b1d9a833: 48 arrays, 83.9 MB stored; 1.7 s; peak memory 5218 MiB.
2026-10-09T00:29:53Z INFO [995/1000] 1cc8bc17-578c-401f-a17a-732d5070eb54: 64 arrays, 30.7 MB stored; 2.2 s; peak memory 5218 MiB.
2026-10-09T00:29:55Z INFO [996/1000] 1cc83b83-5680-4b77-9218-6cd797c942b9: 594 arrays, 30.5 MB stored; 8.7 s; peak memory 5219 MiB.
2026-10-09T00:29:55Z INFO [997/1000] 1cc6dc33-7914-466f-a6d0-3528c8a82414: 779 arrays, 12.8 MB stored; 9.9 s; peak memory 5220 MiB.
2026-10-09T00:30:45Z INFO [998/1000] 1c93c07d-d83d-4abb-9bd6-035525913669: 433 arrays, 19715.9 MB stored; 160.7 s; peak memory 5222 MiB.
2026-10-09T00:32:31Z INFO [999/1000] 1cb9c1f5-dff2-448d-86ff-c817bcd5811a: 260 arrays, 23402.1 MB stored; 187.1 s; peak memory 5224 MiB.
2026-10-09T00:39:38Z INFO [1000/1000] 1cb755ce-79c2-4706-b5a7-29ba039605a6: 430 arrays, 82681.3 MB stored; 616.5 s; peak memory 5235 MiB.
2026-10-09T00:39:51Z INFO [1000/1000] 1cb755ce-79c2-4706-b5a7-29ba039605a6: checkpointed 19200 new records.
2026-10-09T00:40:04Z INFO Wrote 19200 records to /tmp/derivatives/valid_nwb_file_to_array_sizes.jsonl (1000 new, 0 failed) in 25.8 min (peak memory 5253 MiB).
