2026-10-09T23:52:08Z INFO Logging to /tmp/logs/update_2026-10-09T23-52-08Z.log.
2026-10-09T23:52:08Z INFO Update valid-nwb-file-to-array-sizes (base directory /tmp).
2026-10-09T23:52:43Z INFO Processing 1000 items (57200 already recorded).
2026-10-09T23:52:45Z INFO [1/1000] 558877ba-78fc-499b-9b15-35f89c3f2526: 38 arrays, 0.5 MB stored; 2.5 s; peak memory 164 MiB.
2026-10-09T23:52:45Z INFO [2/1000] 5587efa3-265a-4495-ae27-0724af2f4f17: 48 arrays, 83.9 MB stored; 2.6 s; peak memory 164 MiB.
2026-10-09T23:52:45Z INFO [3/1000] 5587ebe6-c13c-4ecb-8d1a-6b5c63011ad8: 48 arrays, 83.9 MB stored; 2.6 s; peak memory 164 MiB.
2026-10-09T23:52:45Z INFO [4/1000] 55890f73-3309-4836-a235-ca246c103d9c: 116 arrays, 0.4 MB stored; 2.9 s; peak memory 164 MiB.
2026-10-09T23:52:46Z INFO [5/1000] 55896f45-7380-491b-9908-d6bceb61d486: 117 arrays, 0.3 MB stored; 2.9 s; peak memory 164 MiB.
2026-10-09T23:52:46Z INFO [6/1000] 5588ac36-2e54-4983-8200-0f8ea755c4a4: 119 arrays, 66.4 MB stored; 3.6 s; peak memory 164 MiB.
2026-10-09T23:52:47Z INFO [7/1000] 5589babf-83f9-480c-9dd6-fd509fedc11c: 48 arrays, 83.9 MB stored; 1.9 s; peak memory 164 MiB.
2026-10-09T23:52:47Z INFO [8/1000] 558a624f-d8a0-4043-bfa5-28fc61ccfed3: 48 arrays, 83.9 MB stored; 2.1 s; peak memory 164 MiB.
2026-10-09T23:52:48Z INFO [9/1000] 5589caa0-85a5-4ba7-ab98-3d3ead9acc09: 59 arrays, 96.6 MB stored; 2.4 s; peak memory 164 MiB.
2026-10-09T23:52:48Z INFO [10/1000] 558ac677-969b-4d68-97d3-278c241fc572: 117 arrays, 0.3 MB stored; 2.3 s; peak memory 164 MiB.
2026-10-09T23:52:49Z INFO [11/1000] 558b8e65-36f0-45a7-baa1-be0431c685ee: 118 arrays, 0.3 MB stored; 1.9 s; peak memory 164 MiB.
2026-10-09T23:52:49Z INFO [12/1000] 558b605f-b027-436f-baad-f3e1658279e2: 98 arrays, 135.0 MB stored; 3.5 s; peak memory 164 MiB.
2026-10-09T23:52:51Z INFO [13/1000] 558bbfd3-255a-448b-ae0f-027425a8da8d: 71 arrays, 98.0 MB stored; 2.9 s; peak memory 164 MiB.
2026-10-09T23:52:51Z INFO [14/1000] 558b9941-511f-4e8e-be31-c2595eee27d6: 158 arrays, 8.4 MB stored; 3.6 s; peak memory 164 MiB.
2026-10-09T23:52:51Z INFO [15/1000] 558c4a44-4d97-4e17-9969-b303d3b941c9: 110 arrays, 0.4 MB stored; 2.2 s; peak memory 164 MiB.
2026-10-09T23:52:52Z INFO [16/1000] 558bbf7f-fd86-4e5f-93f2-31f897e63aab: 156 arrays, 193.5 MB stored; 4.1 s; peak memory 164 MiB.
2026-10-09T23:52:52Z INFO [17/1000] 558c70de-53fa-413d-89de-950dcc4ccbd4: 48 arrays, 83.9 MB stored; 1.7 s; peak memory 164 MiB.
2026-10-09T23:52:53Z INFO [18/1000] 558d59cf-c4d8-4005-ae9c-40157f00a299: 48 arrays, 83.9 MB stored; 1.7 s; peak memory 164 MiB.
2026-10-09T23:52:53Z INFO [19/1000] 558d1a79-ebc7-448a-8ef6-18b8ec07c408: 112 arrays, 0.4 MB stored; 2.2 s; peak memory 164 MiB.
2026-10-09T23:52:54Z INFO [20/1000] 558e0216-618d-4ed1-934c-31e911fa27a2: 118 arrays, 0.3 MB stored; 1.9 s; peak memory 164 MiB.
2026-10-09T23:52:56Z INFO [21/1000] 558869a8-8a5a-4faa-b443-fbffab732174: 410 arrays, 114.5 MB stored; 13.3 s; peak memory 164 MiB.
2026-10-09T23:52:58Z INFO [22/1000] 55911a93-24b6-4368-84d2-62550755ebe2: 117 arrays, 0.2 MB stored; 1.9 s; peak memory 164 MiB.
2026-10-09T23:52:58Z INFO [23/1000] 558e5a0b-abbf-4afc-b061-2a67a5eb17a2: 609 arrays, 7.1 MB stored; 6.1 s; peak memory 164 MiB.
2026-10-09T23:53:00Z INFO [24/1000] 55918d99-5de4-4987-af63-119f68b2261d: 48 arrays, 83.9 MB stored; 1.7 s; peak memory 164 MiB.
2026-10-09T23:53:00Z INFO [25/1000] 5591f37f-4057-406c-83fa-041f4b9b39ee: 48 arrays, 83.9 MB stored; 1.7 s; peak memory 164 MiB.
2026-10-09T23:53:01Z INFO [26/1000] 558c4ff4-f843-4610-ad49-b54a4e975589: 662 arrays, 20.2 MB stored; 12.5 s; peak memory 164 MiB.
2026-10-09T23:53:02Z INFO [27/1000] 55920fcb-1445-47e6-9a2b-6d1da40406b1: 142 arrays, 1.4 MB stored; 2.0 s; peak memory 164 MiB.
2026-10-09T23:53:02Z INFO [28/1000] 559301f5-26ac-41f6-8473-1c93caf41e37: 48 arrays, 83.9 MB stored; 1.7 s; peak memory 164 MiB.
2026-10-09T23:53:03Z INFO [29/1000] 55948495-05b2-4f41-a7b1-d5120e02b95d: 41 arrays, 8.4 MB stored; 1.6 s; peak memory 164 MiB.
2026-10-09T23:53:04Z INFO [30/1000] 55933cc1-e35e-4167-933d-beeb26858548: 112 arrays, 0.3 MB stored; 2.0 s; peak memory 164 MiB.
2026-10-09T23:53:04Z INFO [31/1000] 55933207-18c8-459d-bda8-f9c5ef88eee4: 112 arrays, 0.3 MB stored; 2.2 s; peak memory 164 MiB.
2026-10-09T23:53:04Z INFO [32/1000] 558f54c5-46a2-4e58-bcde-a6cce1629704: 391 arrays, 77.8 MB stored; 10.8 s; peak memory 164 MiB.
2026-10-09T23:53:05Z INFO [33/1000] 5594c120-2770-46de-a8c0-361f813eedec: 48 arrays, 83.9 MB stored; 1.8 s; peak memory 164 MiB.
2026-10-09T23:53:05Z INFO [34/1000] 55950abd-000b-4ee1-9041-156f74b3a127: 48 arrays, 83.9 MB stored; 1.8 s; peak memory 164 MiB.
2026-10-09T23:53:06Z INFO [35/1000] 5595117f-fc07-46ab-b4b7-9e40920eedd0: 117 arrays, 0.3 MB stored; 1.9 s; peak memory 164 MiB.
2026-10-09T23:53:07Z INFO [36/1000] 558b8615-a53e-429a-8bbb-96eb80fbb0e2: 7309 arrays, 66.9 MB stored; 21.1 s; peak memory 164 MiB.
2026-10-09T23:53:07Z INFO [37/1000] 558eab24-9513-489b-879c-434919056a3b: 50 arrays, 530.6 MB stored; 14.2 s; peak memory 164 MiB.
2026-10-09T23:53:08Z INFO [38/1000] 55951d4b-031f-49c6-a476-9e9739206198: 71 arrays, 149.0 MB stored; 2.8 s; peak memory 164 MiB.
2026-10-09T23:53:08Z INFO [39/1000] 55951be3-05f0-4b61-9686-e4ef14e35ee7: 168 arrays, 3.2 MB stored; 3.4 s; peak memory 164 MiB.
2026-10-09T23:53:09Z INFO [40/1000] 5596d6d0-7576-4a0d-8fc3-57ca051e980e: 46 arrays, 0.0 MB stored; 1.5 s; peak memory 164 MiB.
2026-10-09T23:53:09Z INFO [41/1000] 5596e333-0eae-49b6-a7a8-7dc98416a69c: 38 arrays, 0.5 MB stored; 1.6 s; peak memory 164 MiB.
2026-10-09T23:53:10Z INFO [42/1000] 55972c92-0083-449b-bb94-9f4b9a5af0f5: 48 arrays, 83.9 MB stored; 1.7 s; peak memory 164 MiB.
2026-10-09T23:53:10Z INFO [43/1000] 5598be69-3547-4bad-b768-5ba42520c4d0: 50 arrays, 0.7 MB stored; 1.6 s; peak memory 164 MiB.
2026-10-09T23:53:11Z INFO [44/1000] 5598fb65-00d1-4a48-a7d3-1cbeebfa139d: 117 arrays, 0.3 MB stored; 2.0 s; peak memory 164 MiB.
2026-10-09T23:53:12Z INFO [45/1000] 5598fe4b-85f1-4c81-9ab5-dcd9247f1cb5: 47 arrays, 0.3 MB stored; 1.7 s; peak memory 164 MiB.
2026-10-09T23:53:12Z INFO [46/1000] 5588c40f-b682-4f1e-8294-48f9f83b3eaf: 1309 arrays, 25.6 MB stored; 29.3 s; peak memory 164 MiB.
2026-10-09T23:53:12Z INFO [47/1000] 5598b386-707a-420d-9c81-9be54fc791bb: 115 arrays, 190.1 MB stored; 3.5 s; peak memory 164 MiB.
2026-10-09T23:53:12Z INFO [48/1000] 5594d35a-a94a-422e-86be-cc3159318047: 678 arrays, 16.6 MB stored; 8.9 s; peak memory 164 MiB.
2026-10-09T23:53:13Z INFO [49/1000] 559a9423-2839-49cc-b90f-7e5e0f08a301: 46 arrays, 12.6 MB stored; 1.7 s; peak memory 164 MiB.
2026-10-09T23:53:13Z INFO [50/1000] 559a9afc-44e7-4776-b153-103d08298abf: 39 arrays, 786.4 MB stored; 1.7 s; peak memory 164 MiB.
2026-10-09T23:53:14Z INFO [51/1000] 559b1652-844f-4567-8936-66f3621eafb9: 37 arrays, 2.9 MB stored; 1.6 s; peak memory 164 MiB.
2026-10-09T23:53:14Z INFO [52/1000] 5595502c-a5bb-45df-818a-7c3bb5075055: 526 arrays, 5.8 MB stored; 8.1 s; peak memory 164 MiB.
2026-10-09T23:53:14Z INFO [53/1000] 559c1c9a-ff27-4a4b-9b21-a089f6d8811f: 48 arrays, 83.9 MB stored; 1.7 s; peak memory 164 MiB.
2026-10-09T23:53:15Z INFO [54/1000] 55994aac-83c3-421e-9ecf-21c930727e2a: 394 arrays, 3.8 MB stored; 4.8 s; peak memory 164 MiB.
2026-10-09T23:53:15Z INFO [55/1000] 559ab044-ffb8-46a9-b0f9-9c90538c4af1: 38 arrays, 58.8 MB stored; 3.6 s; peak memory 164 MiB.
2026-10-09T23:53:17Z INFO [56/1000] 559d2850-454d-4b3c-bffa-9b68e6435ac1: 92 arrays, 7.1 MB stored; 1.8 s; peak memory 164 MiB.
2026-10-09T23:53:17Z INFO [57/1000] 559b60bf-3686-4f1f-a54b-49e8e9807e5b: 84 arrays, 439.7 MB stored; 4.6 s; peak memory 164 MiB.
2026-10-09T23:53:18Z INFO [58/1000] 559ca3c0-456a-4699-aa7f-f471c311b8b1: 48 arrays, 35.2 MB stored; 4.5 s; peak memory 164 MiB.
2026-10-09T23:53:19Z INFO [59/1000] 559cf5d6-26dc-41bc-a2fd-cec54a370cc1: 85 arrays, 1323.4 MB stored; 4.4 s; peak memory 164 MiB.
2026-10-09T23:53:19Z INFO [60/1000] 559e6a6a-f4d8-416a-a9e9-47e050058920: 48 arrays, 83.9 MB stored; 1.8 s; peak memory 164 MiB.
2026-10-09T23:53:19Z INFO [61/1000] 559f18ca-a4bf-4638-bef9-5077989a9014: 48 arrays, 83.9 MB stored; 1.9 s; peak memory 164 MiB.
2026-10-09T23:53:20Z INFO [62/1000] 559f1990-4e31-4aed-b801-3dfacf6ffe78: 112 arrays, 0.2 MB stored; 1.8 s; peak memory 164 MiB.
2026-10-09T23:53:20Z INFO [63/1000] 559dd5f2-5852-4b5a-b300-8e1320f536e6: 39 arrays, 13221.5 MB stored; 4.6 s; peak memory 164 MiB.
2026-10-09T23:53:20Z INFO [64/1000] 55a11c38-8614-48a2-9855-778aa5c88d09: 46 arrays, 0.0 MB stored; 1.5 s; peak memory 164 MiB.
2026-10-09T23:53:20Z INFO [65/1000] 559fa962-e9f2-412e-ac52-b9e1bffda61e: 63 arrays, 0.2 MB stored; 1.8 s; peak memory 164 MiB.
2026-10-09T23:53:21Z INFO [66/1000] 55a117e5-2dfb-4099-8b10-aa91b952840a: 48 arrays, 83.9 MB stored; 2.0 s; peak memory 164 MiB.
2026-10-09T23:53:22Z INFO [67/1000] 559d0853-993b-4123-8ed1-75a7145e1465: 494 arrays, 8.6 MB stored; 7.3 s; peak memory 164 MiB.
2026-10-09T23:53:22Z INFO [68/1000] 55a185b6-feef-4477-ac32-f80990b07233: 60 arrays, 76.3 MB stored; 1.9 s; peak memory 164 MiB.
2026-10-09T23:53:22Z INFO [69/1000] 55a16dba-a184-4da4-a811-2b387654e993: 132 arrays, 0.9 MB stored; 2.8 s; peak memory 164 MiB.
2026-10-09T23:53:23Z INFO [70/1000] 55a1eb7e-4715-40b0-a696-8f007953dc0a: 118 arrays, 0.3 MB stored; 2.1 s; peak memory 164 MiB.
2026-10-09T23:53:23Z INFO [71/1000] 55a1ac80-5bfe-48b8-a583-46cfc63be448: 61 arrays, 26.9 MB stored; 2.4 s; peak memory 164 MiB.
2026-10-09T23:53:24Z INFO [72/1000] 55a19bf8-432d-4dbf-aea2-8c3d5de61caf: 152 arrays, 303.5 MB stored; 3.7 s; peak memory 164 MiB.
2026-10-09T23:53:24Z INFO [73/1000] 558e5f36-9413-4dff-8572-7748ad4f3f9e: 2048 arrays, 102.0 MB stored; 31.6 s; peak memory 164 MiB.
2026-10-09T23:53:25Z INFO [74/1000] 55a3af95-311a-4529-99ed-4c4929cf5393: 112 arrays, 1.2 MB stored; 2.7 s; peak memory 164 MiB.
2026-10-09T23:53:25Z INFO [75/1000] 55a4a5aa-cca2-487a-bf1f-6abc79f125b8: 112 arrays, 0.7 MB stored; 2.4 s; peak memory 164 MiB.
2026-10-09T23:53:26Z INFO [76/1000] 55a24fe2-3891-4ad5-b9f2-99b630f6180b: 156 arrays, 193.4 MB stored; 4.1 s; peak memory 164 MiB.
2026-10-09T23:53:26Z INFO [77/1000] 55a52949-fc5d-40c3-8040-f016e1abac53: 48 arrays, 83.9 MB stored; 1.6 s; peak memory 164 MiB.
2026-10-09T23:53:26Z INFO [78/1000] 55a5c462-6bee-4686-ac7c-ed28567dfa08: 48 arrays, 83.9 MB stored; 1.7 s; peak memory 164 MiB.
2026-10-09T23:53:26Z INFO [79/1000] 55a46466-cc7b-4eb8-9df1-baa2fdce8d56: 115 arrays, 190.1 MB stored; 3.7 s; peak memory 164 MiB.
2026-10-09T23:53:27Z INFO [80/1000] 55a6cc78-a7c9-4e57-8b36-b21adff7fea5: 48 arrays, 83.9 MB stored; 1.7 s; peak memory 164 MiB.
2026-10-09T23:53:27Z INFO [81/1000] 55a6157d-c83c-44a2-8fba-3cd2cac7768b: 117 arrays, 0.4 MB stored; 2.2 s; peak memory 164 MiB.
2026-10-09T23:53:28Z INFO [82/1000] 55a8b5f7-320f-4089-afc2-eeae7f63848a: 48 arrays, 83.9 MB stored; 1.7 s; peak memory 164 MiB.
2026-10-09T23:53:28Z INFO [83/1000] 55a6f864-a1fd-477f-b91c-effffe52d9b5: 112 arrays, 0.7 MB stored; 2.6 s; peak memory 164 MiB.
2026-10-09T23:53:29Z INFO [84/1000] 55a91922-fd7e-4ebd-a5e3-f6dfe31e861e: 117 arrays, 0.2 MB stored; 1.9 s; peak memory 164 MiB.
2026-10-09T23:53:29Z INFO [85/1000] 55a8725b-d4b7-4106-871b-8d218cdcb8e8: 38 arrays, 25.5 MB stored; 3.0 s; peak memory 164 MiB.
2026-10-09T23:53:30Z INFO [86/1000] 55a92f9d-652f-48ee-824d-2d9efd7d6298: 71 arrays, 68.1 MB stored; 2.5 s; peak memory 164 MiB.
2026-10-09T23:53:30Z INFO [87/1000] 55a9f08c-3050-4bf7-bc0b-efafaa2ec7d3: 56 arrays, 0.0 MB stored; 1.6 s; peak memory 164 MiB.
2026-10-09T23:53:30Z INFO [88/1000] 55a98510-7950-4e25-bbc6-4cd977554899: 117 arrays, 0.5 MB stored; 2.1 s; peak memory 164 MiB.
2026-10-09T23:53:31Z INFO [89/1000] 55a3daa0-bee2-415d-98c3-c695013fecf2: 650 arrays, 29.2 MB stored; 8.4 s; peak memory 164 MiB.
2026-10-09T23:53:31Z INFO [90/1000] 55aa898e-8303-4801-9b64-ae5cf61164d8: 110 arrays, 0.5 MB stored; 2.2 s; peak memory 164 MiB.
2026-10-09T23:53:32Z INFO [91/1000] 55aba3d7-b7e0-46d5-814d-6ba47f4ac1b0: 48 arrays, 83.9 MB stored; 1.7 s; peak memory 164 MiB.
2026-10-09T23:53:32Z INFO [92/1000] 55abcdb2-73e7-43c5-8fa8-706c9465e9a3: 54 arrays, 0.0 MB stored; 1.6 s; peak memory 164 MiB.
2026-10-09T23:53:32Z INFO [93/1000] 55ab3187-e11e-4ab9-946a-5744093782e4: 119 arrays, 66.4 MB stored; 2.9 s; peak memory 164 MiB.
2026-10-09T23:53:33Z INFO [94/1000] 55ac8b68-3e1b-422a-9b8c-6ec25fecf5d5: 48 arrays, 83.9 MB stored; 1.7 s; peak memory 164 MiB.
2026-10-09T23:53:33Z INFO [95/1000] 55a52e38-9ab8-40a5-a04a-e4bffa3671a0: 38 arrays, 212.5 MB stored; 9.0 s; peak memory 164 MiB.
2026-10-09T23:53:34Z INFO [96/1000] 55ad6d7d-eea3-4a1c-a7d1-eac0dbb1ff44: 118 arrays, 0.3 MB stored; 1.9 s; peak memory 164 MiB.
2026-10-09T23:53:34Z INFO [97/1000] 55ad8d0e-34b6-4357-be21-36c242d474f4: 48 arrays, 83.9 MB stored; 1.8 s; peak memory 164 MiB.
2026-10-09T23:53:35Z INFO [98/1000] 55ad9265-c26b-441d-804f-a6a9d1afbc2e: 56 arrays, 0.0 MB stored; 1.4 s; peak memory 164 MiB.
2026-10-09T23:53:35Z INFO [99/1000] 55aedbbf-dd85-4f46-81bc-28d29c62c6b4: 46 arrays, 0.1 MB stored; 1.5 s; peak memory 164 MiB.
2026-10-09T23:53:36Z INFO [100/1000] 55ade208-49b1-4fd5-a892-04f0bdda6614: 58 arrays, 1167.1 MB stored; 2.2 s; peak memory 164 MiB.
2026-10-09T23:53:36Z INFO [101/1000] 55aca4dd-bdb3-4be4-a4b8-1c69ec7ac078: 152 arrays, 6.1 MB stored; 4.3 s; peak memory 164 MiB.
2026-10-09T23:53:37Z INFO [102/1000] 55af375d-1e59-4169-8f04-6628f8f71afc: 112 arrays, 0.9 MB stored; 2.5 s; peak memory 164 MiB.
2026-10-09T23:53:37Z INFO [103/1000] 55b0c036-deb2-4a94-b9ff-a45c90513791: 41 arrays, 8.4 MB stored; 1.6 s; peak memory 164 MiB.
2026-10-09T23:53:37Z INFO [104/1000] 55b09e31-668b-45f4-b624-bbb0285d1222: 110 arrays, 0.7 MB stored; 2.6 s; peak memory 164 MiB.
2026-10-09T23:53:37Z INFO [105/1000] 55b0c69d-a150-484f-9520-42ad758d2f65: 48 arrays, 83.9 MB stored; 1.7 s; peak memory 164 MiB.
2026-10-09T23:53:38Z INFO [106/1000] 55b11228-6fbd-4734-a379-2ef7a9419de3: 275 arrays, 17.1 MB stored; 2.4 s; peak memory 164 MiB.
2026-10-09T23:53:38Z INFO [107/1000] 55b2288e-ba37-4869-a332-7170737621a5: 46 arrays, 0.1 MB stored; 1.5 s; peak memory 164 MiB.
2026-10-09T23:53:39Z INFO [108/1000] 55b223e2-3030-4084-878c-4e11a5f19722: 78 arrays, 0.1 MB stored; 1.9 s; peak memory 164 MiB.
2026-10-09T23:53:39Z INFO [109/1000] 55ac394a-8eea-4b72-af9f-a8e77f1e907d: 193 arrays, 570.3 MB stored; 8.1 s; peak memory 164 MiB.
2026-10-09T23:53:39Z INFO [110/1000] 55b286e9-c102-4ba3-a7a6-1b976d519839: 63 arrays, 0.1 MB stored; 1.8 s; peak memory 164 MiB.
2026-10-09T23:53:39Z INFO [111/1000] 55b2b544-ee1b-4566-a352-07ad43f3b274: 48 arrays, 83.9 MB stored; 1.7 s; peak memory 164 MiB.
2026-10-09T23:53:40Z INFO [112/1000] 55b41085-2231-4254-b16b-2ed553cc4805: 48 arrays, 83.9 MB stored; 1.9 s; peak memory 164 MiB.
2026-10-09T23:53:41Z INFO [113/1000] 55b50462-951d-4432-8b73-bac6a6cef6c6: 58 arrays, 0.0 MB stored; 1.7 s; peak memory 164 MiB.
2026-10-09T23:53:41Z INFO [114/1000] 55b646ce-4e9b-465f-92e2-06ca77b8fe6d: 57 arrays, 0.0 MB stored; 1.6 s; peak memory 164 MiB.
2026-10-09T23:53:41Z INFO [115/1000] 55b396a5-1040-48bf-85fb-13bc87f568ac: 57 arrays, 658.8 MB stored; 2.8 s; peak memory 164 MiB.
2026-10-09T23:53:43Z INFO [116/1000] 55b7c6fa-d635-42b3-ab61-0c649bf822b2: 118 arrays, 0.4 MB stored; 2.2 s; peak memory 164 MiB.
2026-10-09T23:53:44Z INFO [117/1000] 55b8ec22-d988-4418-910b-e998e0f26be0: 119 arrays, 66.3 MB stored; 3.2 s; peak memory 164 MiB.
2026-10-09T23:53:44Z INFO [118/1000] 55bb90bf-2206-40a6-9a3a-20ccc57d9a35: 38 arrays, 33.7 MB stored; 3.1 s; peak memory 164 MiB.
2026-10-09T23:53:44Z INFO [119/1000] 55bc0560-c741-4d34-b5a9-b5c6265ebea7: 117 arrays, 0.3 MB stored; 1.9 s; peak memory 164 MiB.
2026-10-09T23:53:45Z INFO [120/1000] 55bc752a-4151-4853-bb91-9774c3826c37: 50 arrays, 1.2 MB stored; 1.7 s; peak memory 164 MiB.
2026-10-09T23:53:46Z INFO [121/1000] 55bc2b10-f7e7-4453-8d2e-43bd7b49ae31: 117 arrays, 0.3 MB stored; 2.0 s; peak memory 164 MiB.
2026-10-09T23:53:46Z INFO [122/1000] 55bcc0ee-6e91-4782-b098-0c8c04bb58b6: 142 arrays, 1.4 MB stored; 1.8 s; peak memory 164 MiB.
2026-10-09T23:53:47Z INFO [123/1000] 55bd2207-18f6-4f19-a1db-7f8175bbe8ba: 48 arrays, 83.9 MB stored; 1.6 s; peak memory 164 MiB.
2026-10-09T23:53:49Z INFO [124/1000] 55bde233-8163-41de-8228-5d2570cb453b: 73 arrays, 399.0 MB stored; 2.9 s; peak memory 164 MiB.
2026-10-09T23:53:49Z INFO [125/1000] 55be493e-33b9-44e9-a5fb-fa839247ec48: 47 arrays, 404.9 MB stored; 1.8 s; peak memory 164 MiB.
2026-10-09T23:53:50Z INFO [126/1000] 55bcfbd8-fe8a-4df2-bcc3-5673e656f8bd: 184 arrays, 217.7 MB stored; 4.8 s; peak memory 164 MiB.
2026-10-09T23:53:53Z INFO [127/1000] 55bf36aa-cdfd-44ae-b6b2-fc845bb2afb3: 115 arrays, 190.1 MB stored; 3.4 s; peak memory 164 MiB.
2026-10-09T23:53:54Z INFO [128/1000] 55c1ee7c-f34f-4924-a911-d5018265b597: 118 arrays, 0.4 MB stored; 1.8 s; peak memory 164 MiB.
2026-10-09T23:53:55Z INFO [129/1000] 55b4e43a-3644-4958-8a3a-5fc638daabb8: 1303 arrays, 27.3 MB stored; 16.5 s; peak memory 164 MiB.
2026-10-09T23:53:56Z INFO [130/1000] 55bf2aa6-bc91-4d4f-9b83-16d74d96c10c: 538 arrays, 7.8 MB stored; 6.8 s; peak memory 164 MiB.
2026-10-09T23:53:56Z INFO [131/1000] 55b75c5b-e5cc-4c76-bd07-b16ecad2a582: 38 arrays, 425.1 MB stored; 17.0 s; peak memory 164 MiB.
2026-10-09T23:53:57Z INFO [132/1000] 55c22216-79f4-4eb5-8258-b42782ba79e1: 112 arrays, 0.9 MB stored; 2.2 s; peak memory 164 MiB.
2026-10-09T23:53:58Z INFO [133/1000] 55c3c4f7-8f58-4e02-9e55-1a3feaf7db6f: 48 arrays, 83.9 MB stored; 1.6 s; peak memory 164 MiB.
2026-10-09T23:53:58Z INFO [134/1000] 55ab6107-cc3a-453b-9b48-d76b85c4edd8: 48 arrays, 38036.4 MB stored; 28.6 s; peak memory 164 MiB.
2026-10-09T23:53:59Z INFO [135/1000] 55c0b640-a3d5-4f73-be36-e49dd49f9872: 38 arrays, 218.6 MB stored; 9.1 s; peak memory 164 MiB.
2026-10-09T23:54:00Z INFO [136/1000] 55c3ca31-6125-4dfb-9ea8-711ac812d51f: 48 arrays, 83.9 MB stored; 1.7 s; peak memory 164 MiB.
2026-10-09T23:54:00Z INFO [137/1000] 55c45a30-6e38-430b-ad35-caebd8609dae: 46 arrays, 0.3 MB stored; 1.6 s; peak memory 164 MiB.
2026-10-09T23:54:00Z INFO [138/1000] 55c39123-8d2e-4150-8de6-ed35daedc13e: 84 arrays, 438.9 MB stored; 4.2 s; peak memory 164 MiB.
2026-10-09T23:54:01Z INFO [139/1000] 55c47b71-0aae-43d9-b6cd-046f15c35dc3: 118 arrays, 0.4 MB stored; 1.8 s; peak memory 164 MiB.
2026-10-09T23:54:02Z INFO [140/1000] 55c4e84a-c762-45c4-91c7-b8e8a95f0ccc: 117 arrays, 0.4 MB stored; 2.1 s; peak memory 164 MiB.
2026-10-09T23:54:02Z INFO [141/1000] 55c4a1f6-5ec8-4c82-bf3e-e260a1ec67e4: 83 arrays, 1.4 MB stored; 2.2 s; peak memory 164 MiB.
2026-10-09T23:54:03Z INFO [142/1000] 55c2fd56-5905-46fc-bf27-408cffc9dbbb: 200 arrays, 454.3 MB stored; 7.5 s; peak memory 164 MiB.
2026-10-09T23:54:04Z INFO [143/1000] 55c5f703-3e31-4011-9db1-652d2d12d052: 170 arrays, 0.7 MB stored; 2.1 s; peak memory 164 MiB.
2026-10-09T23:54:05Z INFO [144/1000] 55c2a913-66ad-441b-90b7-09c2a5295608: 391 arrays, 77.8 MB stored; 10.1 s; peak memory 164 MiB.
2026-10-09T23:54:05Z INFO [145/1000] 55c69e25-f3e0-4086-aa26-949552ea455d: 48 arrays, 83.9 MB stored; 1.8 s; peak memory 164 MiB.
2026-10-09T23:54:06Z INFO [146/1000] 55c70a3c-e713-4e99-98c9-27c392c3f291: 117 arrays, 0.3 MB stored; 2.2 s; peak memory 164 MiB.
2026-10-09T23:54:07Z INFO [147/1000] 55c71475-6cc0-4fc5-a1fa-defeb2f01d04: 56 arrays, 0.0 MB stored; 1.5 s; peak memory 164 MiB.
2026-10-09T23:54:08Z INFO [148/1000] 55c732bf-2a08-4850-b799-d62d12166248: 49 arrays, 692.5 MB stored; 2.6 s; peak memory 164 MiB.
2026-10-09T23:54:09Z INFO [149/1000] 55c7848e-0b3f-484e-9583-6c8704c6552b: 66 arrays, 61.4 MB stored; 2.6 s; peak memory 164 MiB.
2026-10-09T23:54:10Z INFO [150/1000] 55c79076-eb79-40a9-8233-85e28b51b38e: 69 arrays, 50.6 MB stored; 2.1 s; peak memory 164 MiB.
2026-10-09T23:54:11Z INFO [151/1000] 55c7874c-a5e1-498c-bb9b-1ed2c1155370: 85 arrays, 739.2 MB stored; 4.0 s; peak memory 164 MiB.
2026-10-09T23:54:12Z INFO [152/1000] 55c59130-00a2-487e-95ed-d78dccf2d599: 3671 arrays, 29.1 MB stored; 9.5 s; peak memory 164 MiB.
2026-10-09T23:54:13Z INFO [153/1000] 55c7fa26-e6bc-4c2b-bcd9-2aef59873612: 112 arrays, 0.4 MB stored; 2.0 s; peak memory 164 MiB.
2026-10-09T23:54:14Z INFO [154/1000] 55c7c2bd-5a7c-49bf-a792-17bb18186f8e: 180 arrays, 217.5 MB stored; 4.7 s; peak memory 164 MiB.
2026-10-09T23:54:14Z INFO [155/1000] 55c8e992-6274-45e6-89e6-87b91be3a0ee: 289 arrays, 17.1 MB stored; 2.3 s; peak memory 164 MiB.
2026-10-09T23:54:15Z INFO [156/1000] 55c92e6b-ebbf-40f8-ba62-223455b6f785: 116 arrays, 0.4 MB stored; 2.0 s; peak memory 164 MiB.
2026-10-09T23:54:15Z INFO [157/1000] 55c985f9-4b21-4c1d-88c6-d35879ea5b7d: 48 arrays, 83.9 MB stored; 1.6 s; peak memory 164 MiB.
2026-10-09T23:54:16Z INFO [158/1000] 55c94d10-7f1e-461a-9243-235041e7451d: 117 arrays, 0.3 MB stored; 1.8 s; peak memory 164 MiB.
2026-10-09T23:54:17Z INFO [159/1000] 55c517c5-a263-4d64-bab4-f1a0e2c12a21: 586 arrays, 696.0 MB stored; 16.3 s; peak memory 164 MiB.
2026-10-09T23:54:17Z INFO [160/1000] 55ca83c2-3f94-43ac-a80a-cf011f19df33: 118 arrays, 0.4 MB stored; 2.0 s; peak memory 164 MiB.
2026-10-09T23:54:17Z INFO [161/1000] 55cabe0c-1b55-4acd-b869-9c76c9730a57: 48 arrays, 83.9 MB stored; 1.7 s; peak memory 164 MiB.
2026-10-09T23:54:18Z INFO [162/1000] 55c7cd7c-9ace-4ba3-9751-161f723399a1: 208 arrays, 532.4 MB stored; 8.0 s; peak memory 164 MiB.
2026-10-09T23:54:18Z INFO [163/1000] 55cb93e8-46a5-478f-a5b2-d207c88efcb0: 48 arrays, 83.9 MB stored; 1.8 s; peak memory 164 MiB.
2026-10-09T23:54:20Z INFO [164/1000] 55caba33-d9d1-48ae-8f20-cf2ea5f59468: 156 arrays, 193.4 MB stored; 4.1 s; peak memory 164 MiB.
2026-10-09T23:54:20Z INFO [165/1000] 55cc7f22-f497-4dfc-a0d5-4300f156afc5: 59 arrays, 98.3 MB stored; 2.1 s; peak memory 164 MiB.
2026-10-09T23:54:20Z INFO [166/1000] 55cd1e74-6b1b-40a1-9ebd-2b86e96bbc30: 48 arrays, 83.9 MB stored; 1.6 s; peak memory 164 MiB.
2026-10-09T23:54:22Z INFO [167/1000] 55cdf4c1-bce2-496d-982e-624a95e0c2d9: 117 arrays, 0.3 MB stored; 2.1 s; peak memory 164 MiB.
2026-10-09T23:54:22Z INFO [168/1000] 55ce9270-a258-49f8-9d60-2d3a687025f8: 48 arrays, 251.7 MB stored; 1.9 s; peak memory 164 MiB.
2026-10-09T23:54:22Z INFO [169/1000] 55cf1284-71ca-4965-8599-a1cba843c2b1: 112 arrays, 0.6 MB stored; 2.3 s; peak memory 164 MiB.
2026-10-09T23:54:23Z INFO [170/1000] 55d02335-7d57-4fe2-a0cc-42288ead118e: 52 arrays, 0.0 MB stored; 1.5 s; peak memory 164 MiB.
2026-10-09T23:54:23Z INFO [171/1000] 55cfb3f9-c150-4434-82a2-36bafb67c677: 48 arrays, 83.9 MB stored; 1.7 s; peak memory 164 MiB.
2026-10-09T23:54:24Z INFO [172/1000] 55d08ffe-385d-4421-b5ab-574e11d8f0fc: 117 arrays, 0.5 MB stored; 2.1 s; peak memory 164 MiB.
2026-10-09T23:54:25Z INFO [173/1000] 55cc53dc-afbc-43ff-bc9d-2b497c58ef31: 538 arrays, 8.5 MB stored; 8.1 s; peak memory 164 MiB.
2026-10-09T23:54:26Z INFO [174/1000] 55d2e588-2114-4afb-ade7-e4ea0a3efc11: 48 arrays, 83.9 MB stored; 1.7 s; peak memory 164 MiB.
2026-10-09T23:54:27Z INFO [175/1000] 55d0ffab-274b-4cb9-8fe8-28ea1025d04d: 99 arrays, 19.2 MB stored; 3.2 s; peak memory 164 MiB.
2026-10-09T23:54:27Z INFO [176/1000] 55d2f867-2e59-4242-be52-96163a41068c: 117 arrays, 0.5 MB stored; 2.0 s; peak memory 164 MiB.
2026-10-09T23:54:28Z INFO [177/1000] 55d34307-6ef6-4d48-9750-d138bb4a670f: 46 arrays, 3.4 MB stored; 1.7 s; peak memory 164 MiB.
2026-10-09T23:54:29Z INFO [178/1000] 55d365ea-1bc6-4e2b-b77a-0cd78948ccf7: 118 arrays, 0.5 MB stored; 1.9 s; peak memory 164 MiB.
2026-10-09T23:54:30Z INFO [179/1000] 55d3bd10-7621-45fa-83d4-40e3560b7caf: 237 arrays, 3.0 MB stored; 2.9 s; peak memory 164 MiB.
2026-10-09T23:54:30Z INFO [180/1000] 55d3c7c2-2635-481b-8a71-f029bfbaedd5: 117 arrays, 0.3 MB stored; 2.0 s; peak memory 164 MiB.
2026-10-09T23:54:30Z INFO [181/1000] 55cc5f37-4931-4d2d-89ea-e1f43c6f7278: 108 arrays, 93.9 MB stored; 12.9 s; peak memory 164 MiB.
2026-10-09T23:54:31Z INFO [182/1000] 55d3e2e2-ec80-480c-874a-1a2c4f816c09: 118 arrays, 0.7 MB stored; 2.0 s; peak memory 164 MiB.
2026-10-09T23:54:32Z INFO [183/1000] 55d4553d-73a5-40d0-a938-df58cd18bd02: 66 arrays, 98.7 MB stored; 2.3 s; peak memory 164 MiB.
2026-10-09T23:54:34Z INFO [184/1000] 55d4c005-3cd3-448e-93a7-73af24363e77: 48 arrays, 83.9 MB stored; 1.6 s; peak memory 164 MiB.
2026-10-09T23:54:36Z INFO [185/1000] 55d19e32-0074-4b45-96bb-cd214c753c1f: 906 arrays, 23.5 MB stored; 12.5 s; peak memory 164 MiB.
2026-10-09T23:54:37Z INFO [186/1000] 55d46605-6bbf-483c-a622-4a973b6a61bd: 196 arrays, 637.0 MB stored; 7.2 s; peak memory 164 MiB.
2026-10-09T23:54:38Z INFO [187/1000] 55d5394c-aa53-4638-8e24-b745438cebf1: 117 arrays, 0.3 MB stored; 2.0 s; peak memory 164 MiB.
2026-10-09T23:54:39Z INFO [188/1000] 55d55c8f-7d79-4a82-a715-cedcd375358f: 116 arrays, 0.2 MB stored; 1.9 s; peak memory 164 MiB.
2026-10-09T23:54:41Z INFO [189/1000] 55d75d7a-13ac-48e0-b0bd-9715dd97ced5: 56 arrays, 0.0 MB stored; 1.4 s; peak memory 164 MiB.
2026-10-09T23:54:41Z INFO [190/1000] 55d7483c-6e37-49f3-877a-3a9ca25e3e82: 121 arrays, 0.8 MB stored; 2.9 s; peak memory 164 MiB.
2026-10-09T23:54:43Z INFO [191/1000] 55d7b2bc-71a7-4423-a4cf-d3ec6212e02d: 48 arrays, 83.9 MB stored; 1.7 s; peak memory 164 MiB.
2026-10-09T23:54:43Z INFO [192/1000] 55d46810-e6b0-4fa1-bc03-8fdb36bc8fe4: 701 arrays, 18.4 MB stored; 12.7 s; peak memory 164 MiB.
2026-10-09T23:54:44Z INFO [193/1000] 55d4c952-3d8d-45ef-9789-0f85266afda9: 384 arrays, 78.1 MB stored; 10.4 s; peak memory 164 MiB.
2026-10-09T23:54:45Z INFO [194/1000] 55d80de5-5316-4c88-870f-de9f9a1b3eba: 112 arrays, 0.5 MB stored; 1.9 s; peak memory 164 MiB.
2026-10-09T23:54:46Z INFO [195/1000] 55d877bf-1bfe-47ce-b9f5-909c6dd5feff: 110 arrays, 1.0 MB stored; 2.4 s; peak memory 164 MiB.
2026-10-09T23:54:46Z INFO [196/1000] 55d8fecb-e5d4-4422-8915-6824fdebcc1e: 52 arrays, 9.6 MB stored; 1.7 s; peak memory 164 MiB.
2026-10-09T23:54:46Z INFO [197/1000] 55d8b428-9106-4c32-86c2-2512a3802488: 69 arrays, 33.7 MB stored; 2.3 s; peak memory 164 MiB.
2026-10-09T23:54:48Z INFO [198/1000] 55d9687f-53ef-4665-874f-41ad15a89516: 112 arrays, 0.7 MB stored; 2.2 s; peak memory 164 MiB.
2026-10-09T23:54:48Z INFO [199/1000] 55d9ed2d-37f7-44e5-9644-963daf50f54a: 69 arrays, 1.6 MB stored; 2.1 s; peak memory 164 MiB.
2026-10-09T23:54:49Z INFO [200/1000] 55d93b68-cd0f-4d0a-91f7-caf3e86b6330: 165 arrays, 13.9 MB stored; 3.5 s; peak memory 164 MiB.
2026-10-09T23:54:50Z INFO [200/1000] 55d93b68-cd0f-4d0a-91f7-caf3e86b6330: checkpointed 200 new records.
2026-10-09T23:54:50Z INFO [201/1000] 55d9f7bd-fca8-4f75-8369-2869c5f1e534: 48 arrays, 83.9 MB stored; 1.7 s; peak memory 216 MiB.
2026-10-09T23:54:51Z INFO [202/1000] 55dac1cc-341a-469c-a384-b86b83a21807: 112 arrays, 0.6 MB stored; 2.2 s; peak memory 216 MiB.
2026-10-09T23:54:51Z INFO [203/1000] 55dbe352-397d-4fd9-91ab-303a3eb50aef: 68 arrays, 0.1 MB stored; 2.1 s; peak memory 216 MiB.
2026-10-09T23:54:52Z INFO [204/1000] 55dbe93a-f76a-42e0-8b16-9584ddb6b291: 69 arrays, 51.6 MB stored; 2.2 s; peak memory 216 MiB.
2026-10-09T23:54:52Z INFO [205/1000] 55d75ef5-691f-4d4d-b83a-85f6c619864e: 744 arrays, 23.9 MB stored; 11.8 s; peak memory 216 MiB.
2026-10-09T23:54:53Z INFO [206/1000] 55dc2382-2711-441d-a37d-04d91995b0cc: 113 arrays, 0.7 MB stored; 2.4 s; peak memory 216 MiB.
2026-10-09T23:54:54Z INFO [207/1000] 55dd2131-e70e-40c8-b1e5-2aeec0f287d3: 48 arrays, 83.9 MB stored; 1.7 s; peak memory 216 MiB.
2026-10-09T23:54:54Z INFO [208/1000] 55ddf8af-4c1e-44b4-ac41-78fefd2abab8: 118 arrays, 0.3 MB stored; 1.8 s; peak memory 216 MiB.
2026-10-09T23:54:55Z INFO [209/1000] 55d40255-8b25-43a0-b637-45fa7cf2f56d: 1112 arrays, 24.7 MB stored; 25.4 s; peak memory 216 MiB.
2026-10-09T23:54:55Z INFO [210/1000] 55de3873-df6b-44a2-9253-5435435bf455: 112 arrays, 0.4 MB stored; 2.0 s; peak memory 216 MiB.
2026-10-09T23:54:56Z INFO [211/1000] 55de6c2e-9bfa-49b6-aca9-798587fce9a9: 50 arrays, 3964.4 MB stored; 2.0 s; peak memory 216 MiB.
2026-10-09T23:54:57Z INFO [212/1000] 55ded763-dc63-452c-8868-a07f457a1a96: 56 arrays, 0.0 MB stored; 1.5 s; peak memory 216 MiB.
2026-10-09T23:54:57Z INFO [213/1000] 55de68d9-8dd7-437d-9ee6-6c1f1181e8a7: 110 arrays, 0.9 MB stored; 2.7 s; peak memory 216 MiB.
2026-10-09T23:54:57Z INFO [214/1000] 55df1689-a823-4a0f-ba20-138fe6565789: 48 arrays, 83.9 MB stored; 1.8 s; peak memory 216 MiB.
2026-10-09T23:54:58Z INFO [215/1000] 55df6cbe-84e9-42c9-9d70-8f8fe64a7463: 48 arrays, 83.9 MB stored; 1.7 s; peak memory 216 MiB.
2026-10-09T23:54:58Z INFO [216/1000] 55e01c61-4627-4919-b510-264097a40fcd: 55 arrays, 0.0 MB stored; 1.7 s; peak memory 216 MiB.
2026-10-09T23:54:58Z INFO [217/1000] 55e06630-8833-46ce-8b07-2d3aed21e25d: 46 arrays, 0.0 MB stored; 1.5 s; peak memory 216 MiB.
2026-10-09T23:55:00Z INFO [218/1000] 55e0830a-a366-4d1a-91e1-120f8799fa47: 117 arrays, 0.3 MB stored; 1.9 s; peak memory 216 MiB.
2026-10-09T23:55:01Z INFO [219/1000] 55e0c3b1-b8f6-4ba3-b3b6-d3b873144f3f: 64 arrays, 11.5 MB stored; 2.4 s; peak memory 216 MiB.
2026-10-09T23:55:03Z INFO [220/1000] 55e16123-ca44-45d5-8ba2-5d0deea55217: 110 arrays, 1.6 MB stored; 2.8 s; peak memory 216 MiB.
2026-10-09T23:55:05Z INFO [221/1000] 55e29b21-8daf-4514-bf4e-864a274da0e1: 117 arrays, 0.3 MB stored; 1.9 s; peak memory 216 MiB.
2026-10-09T23:55:05Z INFO [222/1000] 55dc310a-25a0-4802-af97-9a57a0ed431f: 940 arrays, 38.2 MB stored; 13.9 s; peak memory 216 MiB.
2026-10-09T23:55:06Z INFO [223/1000] 55e320b7-df37-4ac2-b092-286dd41c5057: 48 arrays, 83.9 MB stored; 1.7 s; peak memory 216 MiB.
2026-10-09T23:55:07Z INFO [224/1000] 55e291d7-9965-4bba-9e37-0f02ef429cda: 229 arrays, 243.5 MB stored; 6.2 s; peak memory 216 MiB.
2026-10-09T23:55:07Z INFO [225/1000] 55e3eaac-d897-49a2-995f-85a527c7cd3f: 112 arrays, 1.0 MB stored; 2.3 s; peak memory 216 MiB.
2026-10-09T23:55:08Z INFO [226/1000] 55e44b61-d520-4724-b5c3-9980172ecfe3: 112 arrays, 0.5 MB stored; 2.1 s; peak memory 216 MiB.
2026-10-09T23:55:10Z INFO [227/1000] 55e4b27f-682a-4a9e-a468-3c077f19424e: 131 arrays, 91095.3 MB stored; 2.8 s; peak memory 216 MiB.
2026-10-09T23:55:10Z INFO [228/1000] 55e55cef-9cd3-4e30-a885-5bce40ad6af3: 48 arrays, 83.9 MB stored; 1.6 s; peak memory 216 MiB.
2026-10-09T23:55:11Z INFO [229/1000] 55e5c4d1-4dfa-4895-8ca6-c318127edfb9: 48 arrays, 83.9 MB stored; 1.7 s; peak memory 216 MiB.
2026-10-09T23:55:12Z INFO [230/1000] 55e6e2aa-58e2-42cd-a874-1da78f728a48: 76 arrays, 0.9 MB stored; 2.3 s; peak memory 216 MiB.
2026-10-09T23:55:13Z INFO [231/1000] 55e714e9-81de-4f0f-9582-492f35033d51: 118 arrays, 0.3 MB stored; 1.9 s; peak memory 216 MiB.
2026-10-09T23:55:14Z INFO [232/1000] 55e53fd9-116a-46e3-8b54-aba74ce34d0a: 541 arrays, 6.7 MB stored; 6.2 s; peak memory 216 MiB.
2026-10-09T23:55:14Z INFO [233/1000] 55e71c62-f995-429f-a6b8-e79d7f650589: 54 arrays, 0.0 MB stored; 1.4 s; peak memory 216 MiB.
2026-10-09T23:55:15Z INFO [234/1000] 55e7dfd7-7447-4eae-99a8-ccb7479e60c2: 48 arrays, 83.9 MB stored; 1.8 s; peak memory 216 MiB.
2026-10-09T23:55:16Z INFO [235/1000] 55e85e20-871a-4f19-a88d-8eff0c8ff617: 112 arrays, 0.5 MB stored; 2.0 s; peak memory 216 MiB.
2026-10-09T23:55:20Z INFO [236/1000] 55e906a8-322f-4d8b-9aec-93cf9ef9e0c5: 156 arrays, 193.5 MB stored; 4.0 s; peak memory 216 MiB.
2026-10-09T23:55:21Z INFO [237/1000] 55e0913b-1432-4c19-aa49-140c5ab23341: 5998 arrays, 60.6 MB stored; 22.4 s; peak memory 216 MiB.
2026-10-09T23:55:21Z INFO [238/1000] 55e973cb-2d8e-4ee6-bbf4-027281a92302: 48 arrays, 83.9 MB stored; 1.7 s; peak memory 216 MiB.
2026-10-09T23:55:22Z INFO [239/1000] 55e7fc28-2f15-4a0d-ab8d-d83b1728b0bb: 193 arrays, 882.1 MB stored; 8.2 s; peak memory 216 MiB.
2026-10-09T23:55:22Z INFO [240/1000] 55e9811a-d91b-4d08-bcb0-f09a4af704e4: 161 arrays, 0.0 MB stored; 1.6 s; peak memory 216 MiB.
2026-10-09T23:55:23Z INFO [241/1000] 55e053d7-ff6b-456b-8210-3ef9f477b938: 522 arrays, 4586.3 MB stored; 26.1 s; peak memory 216 MiB.
2026-10-09T23:55:23Z INFO [242/1000] 55e98e3a-491e-4175-923c-d3e8b8e084b7: 46 arrays, 3982.0 MB stored; 2.0 s; peak memory 216 MiB.
2026-10-09T23:55:24Z INFO [243/1000] 55e9a323-2a2d-4cbe-835e-3da4cedda1ea: 48 arrays, 83.9 MB stored; 1.6 s; peak memory 216 MiB.
2026-10-09T23:55:25Z INFO [244/1000] 55e9e8bb-1455-4956-8d17-26cd2b1dd54d: 117 arrays, 0.3 MB stored; 1.8 s; peak memory 216 MiB.
2026-10-09T23:55:25Z INFO [245/1000] 55e9fb0f-e32a-4990-a3e3-de9d850b5f64: 46 arrays, 0.0 MB stored; 1.4 s; peak memory 216 MiB.
2026-10-09T23:55:26Z INFO [246/1000] 55ec4302-b7ba-406d-a4f0-c7d73d3d4ac9: 112 arrays, 0.9 MB stored; 2.6 s; peak memory 216 MiB.
2026-10-09T23:55:28Z INFO [247/1000] 55ee77a2-41d4-44fe-9558-f8b367ddd310: 116 arrays, 0.5 MB stored; 2.0 s; peak memory 216 MiB.
2026-10-09T23:55:29Z INFO [248/1000] 55e86151-04e6-4120-b189-bf67c5313138: 1108 arrays, 22.2 MB stored; 14.2 s; peak memory 216 MiB.
2026-10-09T23:55:30Z INFO [249/1000] 55edd854-220c-47a3-8ca4-57f66c6aa7ee: 318 arrays, 2.7 MB stored; 4.7 s; peak memory 216 MiB.
2026-10-09T23:55:30Z INFO [250/1000] 55ee781f-7e66-440b-b403-263e4b343ecc: 41 arrays, 8.4 MB stored; 1.7 s; peak memory 216 MiB.
2026-10-09T23:55:31Z INFO [251/1000] 55eec1ff-8c81-480a-9853-d1ce11a087de: 112 arrays, 0.4 MB stored; 2.1 s; peak memory 216 MiB.
2026-10-09T23:55:32Z INFO [252/1000] 55ef69f3-be0c-44e5-ac87-547c03371bfb: 48 arrays, 83.9 MB stored; 1.7 s; peak memory 216 MiB.
2026-10-09T23:55:33Z INFO [253/1000] 55ef95b3-17ba-47a0-852c-05da80edbcd7: 118 arrays, 0.4 MB stored; 2.0 s; peak memory 216 MiB.
2026-10-09T23:55:34Z INFO [254/1000] 55eed721-1e10-43d7-8cb5-571298670908: 156 arrays, 193.5 MB stored; 4.2 s; peak memory 216 MiB.
2026-10-09T23:55:34Z INFO [255/1000] 55efbffa-3392-41df-804f-9c1865beb9e2: 62 arrays, 3933.9 MB stored; 2.2 s; peak memory 216 MiB.
2026-10-09T23:55:35Z INFO [256/1000] 55efffb5-656e-41e7-8d6b-423ef3333fbe: 48 arrays, 83.9 MB stored; 1.7 s; peak memory 216 MiB.
2026-10-09T23:55:37Z INFO [257/1000] 55f21d93-83db-4a7b-a6e2-4dc1520c5d32: 52 arrays, 11.0 MB stored; 1.8 s; peak memory 216 MiB.
2026-10-09T23:55:37Z INFO [258/1000] 55f01f1c-8213-402f-88be-ffb5045b4183: 121 arrays, 1.3 MB stored; 3.1 s; peak memory 216 MiB.
2026-10-09T23:55:38Z INFO [259/1000] 55f16d79-5f4a-42fa-894c-92233073bb89: 153 arrays, 3.3 MB stored; 4.0 s; peak memory 216 MiB.
2026-10-09T23:55:39Z INFO [260/1000] 55f23db4-b9ba-4ca9-901f-ce46492456fa: 112 arrays, 0.3 MB stored; 2.0 s; peak memory 216 MiB.
2026-10-09T23:55:39Z INFO [261/1000] 55f2327e-ee3c-4380-a559-b46fff1b1d2f: 112 arrays, 0.5 MB stored; 2.2 s; peak memory 216 MiB.
2026-10-09T23:55:39Z INFO [262/1000] 559ccab4-5d8b-4ad8-a3d4-0296b125374e: 413 arrays, 19740.0 MB stored; 145.7 s; peak memory 216 MiB.
2026-10-09T23:55:40Z INFO [263/1000] 55ed6ad3-914b-4cfb-bbf5-24e93666beca: 1684 arrays, 44.3 MB stored; 15.9 s; peak memory 216 MiB.
2026-10-09T23:55:41Z INFO [264/1000] 55f27724-18b3-4fec-8a4d-fff4fbff793d: 49 arrays, 11.2 MB stored; 1.9 s; peak memory 216 MiB.
2026-10-09T23:55:41Z INFO [265/1000] 55f291f9-6013-4d5f-a053-8b28c12f2b65: 89 arrays, 0.5 MB stored; 2.1 s; peak memory 216 MiB.
2026-10-09T23:55:42Z INFO [266/1000] 55f2bc85-1e7d-460b-b2e3-965029a7cc0a: 48 arrays, 83.9 MB stored; 1.7 s; peak memory 216 MiB.
2026-10-09T23:55:42Z INFO [267/1000] 55f3d85f-293f-4525-aa46-60df8e93fb14: 63 arrays, 0.1 MB stored; 1.7 s; peak memory 216 MiB.
2026-10-09T23:55:43Z INFO [268/1000] 55f2a159-da0d-4c90-a03a-e74fb984a9aa: 115 arrays, 190.1 MB stored; 3.5 s; peak memory 216 MiB.
2026-10-09T23:55:43Z INFO [269/1000] 55f27190-a22e-4f92-953c-25450c1ea810: 111 arrays, 436.6 MB stored; 5.4 s; peak memory 216 MiB.
2026-10-09T23:55:44Z INFO [270/1000] 55bbcd1e-c710-4030-bf7d-453cff10f68f: 14732 arrays, 1762.0 MB stored; 122.8 s; peak memory 216 MiB.
2026-10-09T23:55:45Z INFO [271/1000] 55f5ff1b-4803-40e8-8ac2-5a6a094c614a: 49 arrays, 1.2 MB stored; 2.0 s; peak memory 216 MiB.
2026-10-09T23:55:46Z INFO [272/1000] 55f6c99a-921a-4d2a-b8b5-943ebbc48b01: 70 arrays, 19.7 MB stored; 2.3 s; peak memory 216 MiB.
2026-10-09T23:55:46Z INFO [273/1000] 55f5e58b-92a8-47c9-93ac-6bf63112e97b: 157 arrays, 166.7 MB stored; 3.8 s; peak memory 216 MiB.
2026-10-09T23:55:46Z INFO [274/1000] 55f6ed7c-ba26-4453-bbc6-30b4d1a4cc8d: 48 arrays, 83.9 MB stored; 1.7 s; peak memory 216 MiB.
2026-10-09T23:55:46Z INFO [275/1000] 55f6dc0e-f770-41cf-8ee7-14344b46e026: 40 arrays, 355.4 MB stored; 2.4 s; peak memory 216 MiB.
2026-10-09T23:55:52Z INFO [276/1000] 55f4e54c-b61d-476c-a0eb-445ae0d793cb: 49 arrays, 346123.5 MB stored; 11.0 s; peak memory 216 MiB.
2026-10-09T23:55:53Z INFO [277/1000] 55f74929-8766-45ce-803b-973cad00e684: 229 arrays, 252.7 MB stored; 6.5 s; peak memory 216 MiB.
2026-10-09T23:55:54Z INFO [278/1000] 55f836a7-1cb1-4f90-9de1-445e58495b51: 46 arrays, 0.1 MB stored; 1.5 s; peak memory 216 MiB.
2026-10-09T23:55:54Z INFO [279/1000] 55f77ea4-6acc-4cbc-946f-e28109e41749: 538 arrays, 8.1 MB stored; 8.2 s; peak memory 216 MiB.
2026-10-09T23:55:56Z INFO [280/1000] 55f87b03-0371-4e7b-a790-9ca69ca234ec: 204 arrays, 2.9 MB stored; 3.0 s; peak memory 216 MiB.
2026-10-09T23:55:56Z INFO [281/1000] 55f72386-37e8-4282-999c-481787da9acb: 999 arrays, 13.9 MB stored; 9.9 s; peak memory 216 MiB.
2026-10-09T23:55:56Z INFO [282/1000] 55fa1529-5518-43e4-a829-c544b8f98491: 84 arrays, 0.1 MB stored; 1.6 s; peak memory 216 MiB.
2026-10-09T23:55:58Z INFO [283/1000] 55fa9f50-8174-4cc6-8e76-27be035619a6: 71 arrays, 36.2 MB stored; 2.6 s; peak memory 216 MiB.
2026-10-09T23:56:00Z INFO [284/1000] 55fabb89-c907-43bf-866f-03edb0367d9c: 82 arrays, 371.8 MB stored; 4.0 s; peak memory 216 MiB.
2026-10-09T23:56:01Z INFO [285/1000] 55fb4e7a-ed20-4997-9ab8-c2565715b5ab: 71 arrays, 267.3 MB stored; 2.6 s; peak memory 216 MiB.
2026-10-09T23:56:02Z INFO [286/1000] 55faaa82-8011-449b-9651-f7f87516fcb5: 233 arrays, 16.8 MB stored; 5.9 s; peak memory 216 MiB.
2026-10-09T23:56:02Z INFO [287/1000] 55f8bbc6-41b1-4d08-9751-1cecad635b94: 56 arrays, 94.6 MB stored; 8.0 s; peak memory 216 MiB.
2026-10-09T23:56:03Z INFO [288/1000] 55f7b957-84ca-49c9-ac66-66483603fa06: 588 arrays, 208.6 MB stored; 16.3 s; peak memory 216 MiB.
2026-10-09T23:56:03Z INFO [289/1000] 55fbea05-4081-4f4e-b035-0b86fe741aa2: 117 arrays, 0.2 MB stored; 2.0 s; peak memory 216 MiB.
2026-10-09T23:56:03Z INFO [290/1000] 55fc5321-7feb-4401-8317-16c3e15fb6a2: 48 arrays, 83.9 MB stored; 1.7 s; peak memory 216 MiB.
2026-10-09T23:56:04Z INFO [291/1000] 55fc0f71-702f-45d5-b055-222cf9486c6e: 69 arrays, 75.2 MB stored; 2.3 s; peak memory 216 MiB.
2026-10-09T23:56:04Z INFO [292/1000] 55f6692e-eddf-48fb-8c64-67559805b8e0: 1510 arrays, 59.9 MB stored; 21.4 s; peak memory 216 MiB.
2026-10-09T23:56:05Z INFO [293/1000] 55fd0c01-1c35-4f89-baa7-e8119eceaf06: 45 arrays, 0.0 MB stored; 1.5 s; peak memory 216 MiB.
2026-10-09T23:56:05Z INFO [294/1000] 55fd22cc-e266-4b01-8c77-fde2fff2289c: 57 arrays, 0.0 MB stored; 1.6 s; peak memory 216 MiB.
2026-10-09T23:56:06Z INFO [295/1000] 55fc9761-5697-4d7d-a8e1-21242586583c: 138 arrays, 4.2 MB stored; 3.4 s; peak memory 216 MiB.
2026-10-09T23:56:06Z INFO [296/1000] 55fd3654-365f-437d-bf96-ff9a8832015f: 112 arrays, 0.5 MB stored; 2.1 s; peak memory 216 MiB.
2026-10-09T23:56:07Z INFO [297/1000] 55fd4148-deca-4f32-86c7-bababe248f58: 48 arrays, 83.9 MB stored; 1.8 s; peak memory 216 MiB.
2026-10-09T23:56:08Z INFO [298/1000] 55ff7b81-4618-4248-b4eb-4986fd94566e: 48 arrays, 83.9 MB stored; 1.7 s; peak memory 216 MiB.
2026-10-09T23:56:09Z INFO [299/1000] 55e99931-7ad7-41e7-8a10-e6bc716eceac: 2906 arrays, 1096.8 MB stored; 46.8 s; peak memory 216 MiB.
2026-10-09T23:56:09Z INFO [300/1000] 55fe9928-63c4-4c64-b47a-128e8d3665ae: 115 arrays, 190.1 MB stored; 3.3 s; peak memory 216 MiB.
2026-10-09T23:56:10Z INFO [301/1000] 560001ca-9b7f-471b-96b9-bf43a2ffdeb4: 48 arrays, 83.9 MB stored; 1.7 s; peak memory 216 MiB.
2026-10-09T23:56:11Z INFO [302/1000] 56006f63-ee6b-41ff-9b14-2add984374c9: 117 arrays, 0.2 MB stored; 2.0 s; peak memory 216 MiB.
2026-10-09T23:56:12Z INFO [303/1000] 56012e53-50b6-4fe2-8cc8-c1d5f324e8ce: 112 arrays, 0.7 MB stored; 2.2 s; peak memory 216 MiB.
2026-10-09T23:56:12Z INFO [304/1000] 560145b3-3026-452f-b593-852b0c7a05b0: 49 arrays, 20.8 MB stored; 2.1 s; peak memory 216 MiB.
2026-10-09T23:56:12Z INFO [305/1000] 56015d0a-de5b-428e-b5c4-cf3d81ef59f9: 39 arrays, 19.5 MB stored; 1.6 s; peak memory 216 MiB.
2026-10-09T23:56:13Z INFO [306/1000] 55fb6620-cca2-438e-9d95-54419abe70d2: 49 arrays, 8403.6 MB stored; 12.5 s; peak memory 216 MiB.
2026-10-09T23:56:14Z INFO [307/1000] 5602bddd-1fc8-4a49-81aa-574ed40b3c64: 118 arrays, 0.4 MB stored; 1.9 s; peak memory 216 MiB.
2026-10-09T23:56:14Z INFO [308/1000] 560256f3-bdfa-42ec-b442-53b37863df11: 112 arrays, 0.6 MB stored; 2.3 s; peak memory 216 MiB.
2026-10-09T23:56:15Z INFO [309/1000] 56016697-386e-49c4-9035-f5f18718e28e: 119 arrays, 66.5 MB stored; 2.9 s; peak memory 216 MiB.
2026-10-09T23:56:16Z INFO [310/1000] 5602c420-7b1b-4618-9088-629e363d8d94: 38 arrays, 36.0 MB stored; 3.1 s; peak memory 216 MiB.
2026-10-09T23:56:16Z INFO [311/1000] 56030f30-7764-42b1-9dce-40ff38f73beb: 68 arrays, 2.6 MB stored; 1.8 s; peak memory 216 MiB.
2026-10-09T23:56:16Z INFO [312/1000] 56030d70-96bf-465e-ac4f-d7c6d6e0c0ea: 69 arrays, 103.3 MB stored; 2.2 s; peak memory 216 MiB.
2026-10-09T23:56:18Z INFO [313/1000] 5603777d-d3e0-463a-bcc4-3e96e0691a0f: 117 arrays, 0.5 MB stored; 2.2 s; peak memory 216 MiB.
2026-10-09T23:56:18Z INFO [314/1000] 56046419-e2b1-46b0-813f-1a96f6f63980: 48 arrays, 83.9 MB stored; 1.8 s; peak memory 216 MiB.
2026-10-09T23:56:18Z INFO [315/1000] 560471ac-4c5a-484d-9614-606509bd88fc: 46 arrays, 0.9 MB stored; 1.8 s; peak memory 216 MiB.
2026-10-09T23:56:19Z INFO [316/1000] 55ff7872-ea29-415b-b9cf-4088aee46a94: 106 arrays, 16960.8 MB stored; 12.3 s; peak memory 216 MiB.
2026-10-09T23:56:19Z INFO [317/1000] 56031033-7c01-48be-9aff-531d012ccf2a: 156 arrays, 193.5 MB stored; 4.1 s; peak memory 216 MiB.
2026-10-09T23:56:20Z INFO [318/1000] 56049900-f1e0-4d22-ad57-186fcb5bacf6: 59 arrays, 99.4 MB stored; 2.3 s; peak memory 216 MiB.
2026-10-09T23:56:20Z INFO [319/1000] 560655ec-bf74-481b-acad-6caa44ec8ca4: 52 arrays, 13.4 MB stored; 1.8 s; peak memory 216 MiB.
2026-10-09T23:56:20Z INFO [320/1000] 5604f4a1-8505-40e5-8d4b-421dd335f5a8: 112 arrays, 0.8 MB stored; 2.5 s; peak memory 216 MiB.
2026-10-09T23:56:21Z INFO [321/1000] 56062575-6720-4bc1-a222-cdb3d8b9a0d5: 112 arrays, 0.7 MB stored; 2.4 s; peak memory 216 MiB.
2026-10-09T23:56:21Z INFO [322/1000] 5606570f-66f3-4fe9-a195-4ba45b8c347d: 66 arrays, 125.8 MB stored; 2.3 s; peak memory 216 MiB.
2026-10-09T23:56:22Z INFO [323/1000] 55fdc99e-8976-4ee5-a974-670898e35852: 278 arrays, 23816.8 MB stored; 16.2 s; peak memory 216 MiB.
2026-10-09T23:56:22Z INFO [324/1000] 5606a256-fab9-4dcd-89b5-8dedda7bff19: 48 arrays, 83.9 MB stored; 1.9 s; peak memory 216 MiB.
2026-10-09T23:56:23Z INFO [325/1000] 5607437e-7549-4b1b-a5c7-129cb4b94028: 43 arrays, 27.9 MB stored; 1.9 s; peak memory 216 MiB.
2026-10-09T23:56:23Z INFO [326/1000] 5606779d-2e0e-4520-bc32-8f028317ed49: 71 arrays, 4.0 MB stored; 2.6 s; peak memory 216 MiB.
2026-10-09T23:56:24Z INFO [327/1000] 56086a5c-352c-44e3-a97d-b9e9710e0182: 48 arrays, 83.9 MB stored; 1.8 s; peak memory 216 MiB.
2026-10-09T23:56:24Z INFO [328/1000] 560887c8-e14e-4bd1-9606-0bb1933ddfe4: 118 arrays, 0.3 MB stored; 1.9 s; peak memory 216 MiB.
2026-10-09T23:56:26Z INFO [329/1000] 56094e89-df6e-46c7-bc95-c7d07b3a9d98: 119 arrays, 66.4 MB stored; 3.0 s; peak memory 216 MiB.
2026-10-09T23:56:26Z INFO [330/1000] 560a5cc4-f732-4b37-8942-f0926b912ece: 117 arrays, 0.4 MB stored; 2.0 s; peak memory 216 MiB.
2026-10-09T23:56:26Z INFO [331/1000] 5606df75-4dd1-44e0-a89f-96ef93836c21: 572 arrays, 6.5 MB stored; 6.0 s; peak memory 216 MiB.
2026-10-09T23:56:27Z INFO [332/1000] 560a44b2-c769-46dc-960c-b611439efb5f: 66 arrays, 102.5 MB stored; 3.0 s; peak memory 216 MiB.
2026-10-09T23:56:28Z INFO [333/1000] 560b3bd2-57a7-47f6-9459-867df261850f: 48 arrays, 83.9 MB stored; 1.7 s; peak memory 216 MiB.
2026-10-09T23:56:28Z INFO [334/1000] 560aeadd-ff00-47ff-9d38-d00cef4e341d: 112 arrays, 0.8 MB stored; 2.4 s; peak memory 216 MiB.
2026-10-09T23:56:29Z INFO [335/1000] 560ca3de-d43b-432d-912f-05e748acdcf2: 48 arrays, 83.9 MB stored; 1.7 s; peak memory 216 MiB.
2026-10-09T23:56:30Z INFO [336/1000] 560c299f-0f51-4565-bc65-7d485c981b4b: 115 arrays, 190.1 MB stored; 3.4 s; peak memory 216 MiB.
2026-10-09T23:56:30Z INFO [337/1000] 560d259f-5088-4964-afd9-c0cbdb52c7e3: 48 arrays, 83.9 MB stored; 1.7 s; peak memory 216 MiB.
2026-10-09T23:56:30Z INFO [338/1000] 560cd706-886e-48f9-8c17-31682a4c63a4: 289 arrays, 17.1 MB stored; 2.4 s; peak memory 216 MiB.
2026-10-09T23:56:32Z INFO [339/1000] 560edc46-d15b-4522-9732-5e510ab0db1c: 51 arrays, 0.0 MB stored; 1.5 s; peak memory 216 MiB.
2026-10-09T23:56:32Z INFO [340/1000] 560d8e0a-6675-4061-8bf7-910c675f9337: 112 arrays, 0.7 MB stored; 2.2 s; peak memory 216 MiB.
2026-10-09T23:56:34Z INFO [341/1000] 560ef2c4-ceda-4cde-a979-0e163f997367: 48 arrays, 83.9 MB stored; 1.6 s; peak memory 216 MiB.
2026-10-09T23:56:34Z INFO [342/1000] 560fb12d-d8ba-4eac-8342-f55bea7df2af: 48 arrays, 83.9 MB stored; 1.8 s; peak memory 216 MiB.
2026-10-09T23:56:36Z INFO [343/1000] 56074549-09c1-4d2b-bf1e-373141928c6d: 1032 arrays, 40.2 MB stored; 14.7 s; peak memory 216 MiB.
2026-10-09T23:56:36Z INFO [344/1000] 560fc48f-4076-4f28-be11-28ed79cb7280: 71 arrays, 4.1 MB stored; 2.3 s; peak memory 216 MiB.
2026-10-09T23:56:36Z INFO [345/1000] 560fddeb-2c36-4ccd-a5af-9222037c8f07: 71 arrays, 4.8 MB stored; 2.3 s; peak memory 216 MiB.
2026-10-09T23:56:37Z INFO [346/1000] 560e8f88-c954-4f0d-934d-a6c18526e06a: 229 arrays, 257.2 MB stored; 6.5 s; peak memory 216 MiB.
2026-10-09T23:56:37Z INFO [347/1000] 55c55069-b27d-4a8f-8b48-041e3616eeb8: 241 arrays, 22274.5 MB stored; 155.7 s; peak memory 216 MiB.
2026-10-09T23:56:38Z INFO [348/1000] 56108565-00af-4592-b447-96d1edc6a814: 48 arrays, 83.9 MB stored; 1.6 s; peak memory 216 MiB.
2026-10-09T23:56:38Z INFO [349/1000] 56107389-7392-479d-ab21-a03121fda52c: 77 arrays, 0.3 MB stored; 2.0 s; peak memory 216 MiB.
2026-10-09T23:56:38Z INFO [350/1000] 560cc881-e095-48aa-ba94-9c18466b190b: 1138 arrays, 11.3 MB stored; 10.4 s; peak memory 216 MiB.
2026-10-09T23:56:39Z INFO [351/1000] 5610e20d-219f-4de1-8282-9a8eed09a553: 119 arrays, 0.1 MB stored; 1.9 s; peak memory 216 MiB.
2026-10-09T23:56:39Z INFO [352/1000] 5610b4f6-6ef2-438f-9279-11a4601cf140: 71 arrays, 65.2 MB stored; 2.7 s; peak memory 216 MiB.
2026-10-09T23:56:40Z INFO [353/1000] 5611cdb9-e1ee-4c3f-9f8d-b4e4bda8e0be: 117 arrays, 0.3 MB stored; 2.1 s; peak memory 216 MiB.
2026-10-09T23:56:40Z INFO [354/1000] 56123c07-c4d4-4eb4-a410-ed0adac34e53: 48 arrays, 83.9 MB stored; 1.7 s; peak memory 216 MiB.
2026-10-09T23:56:40Z INFO [355/1000] 5613af1f-aa87-43c3-813f-c2c218208b08: 45 arrays, 0.0 MB stored; 1.5 s; peak memory 216 MiB.
2026-10-09T23:56:41Z INFO [356/1000] 56119c82-386b-45ec-90d0-58dcb2c77835: 168 arrays, 3.2 MB stored; 3.4 s; peak memory 216 MiB.
2026-10-09T23:56:42Z INFO [357/1000] 5613f625-c17a-43db-9c96-df3e538ec27d: 110 arrays, 0.5 MB stored; 2.1 s; peak memory 216 MiB.
2026-10-09T23:56:42Z INFO [358/1000] 56169247-259b-48be-ac1b-8fbeae858b5b: 48 arrays, 83.9 MB stored; 1.8 s; peak memory 216 MiB.
2026-10-09T23:56:42Z INFO [359/1000] 56156e99-6b8e-4483-9e2e-c7499115d7fd: 79 arrays, 0.2 MB stored; 2.2 s; peak memory 216 MiB.
2026-10-09T23:56:43Z INFO [360/1000] 5616f829-6058-4f36-b265-d048bebda8be: 48 arrays, 83.9 MB stored; 1.7 s; peak memory 216 MiB.
2026-10-09T23:56:44Z INFO [361/1000] 56176277-e8cb-43a0-8b33-cf9595fcb744: 48 arrays, 83.9 MB stored; 1.8 s; peak memory 216 MiB.
2026-10-09T23:56:44Z INFO [362/1000] 5617d561-2b63-4492-b847-446f9fedd570: 117 arrays, 0.5 MB stored; 2.2 s; peak memory 216 MiB.
2026-10-09T23:56:44Z INFO [363/1000] 5618204a-44c5-4779-b8f8-e338a1661b44: 110 arrays, 0.4 MB stored; 2.1 s; peak memory 216 MiB.
2026-10-09T23:56:45Z INFO [364/1000] 5610cd9c-7ea2-480b-9770-b531c1af8437: 665 arrays, 16.1 MB stored; 8.2 s; peak memory 216 MiB.
2026-10-09T23:56:46Z INFO [365/1000] 55fc8476-3017-486c-87a4-b4faeb74fa8d: 55 arrays, 1552.1 MB stored; 42.9 s; peak memory 216 MiB.
2026-10-09T23:56:46Z INFO [366/1000] 56190214-aec7-4139-a1ef-1e779c0ad84e: 66 arrays, 95.1 MB stored; 2.9 s; peak memory 216 MiB.
2026-10-09T23:56:46Z INFO [367/1000] 56191d89-07c8-46e3-9416-3c12e18e0dea: 117 arrays, 0.4 MB stored; 2.2 s; peak memory 216 MiB.
2026-10-09T23:56:46Z INFO [368/1000] 56192940-3970-4eff-9be5-09e55a72f2bb: 46 arrays, 12.6 MB stored; 1.8 s; peak memory 216 MiB.
2026-10-09T23:56:47Z INFO [369/1000] 56075350-3c48-40d3-9124-0f16810c50df: 48 arrays, 48932.7 MB stored; 25.7 s; peak memory 216 MiB.
2026-10-09T23:56:47Z INFO [370/1000] 561afff6-a429-401e-85f4-85fa2d34b419: 50 arrays, 5.3 MB stored; 1.6 s; peak memory 216 MiB.
2026-10-09T23:56:48Z INFO [371/1000] 561b1b20-7f81-4c96-9c7f-1c1152358899: 35 arrays, 0.0 MB stored; 1.4 s; peak memory 216 MiB.
2026-10-09T23:56:48Z INFO [372/1000] 5612a839-576c-4b44-8bad-623344cab028: 570 arrays, 19.1 MB stored; 9.4 s; peak memory 216 MiB.
2026-10-09T23:56:49Z INFO [373/1000] 561b427d-cf2e-4aa9-bf7f-b672cee1acea: 48 arrays, 83.9 MB stored; 1.8 s; peak memory 216 MiB.
2026-10-09T23:56:49Z INFO [374/1000] 561b77bf-a152-4cbc-92d0-09a822f5043e: 117 arrays, 0.2 MB stored; 1.9 s; peak memory 216 MiB.
2026-10-09T23:56:51Z INFO [375/1000] 561cee07-29b3-409d-bc3d-cb02678624aa: 118 arrays, 0.2 MB stored; 1.9 s; peak memory 216 MiB.
2026-10-09T23:56:51Z INFO [376/1000] 561a9fa7-945d-4b22-bca4-2bd6ac323c79: 233 arrays, 12.4 MB stored; 5.6 s; peak memory 216 MiB.
2026-10-09T23:56:51Z INFO [377/1000] 561d1910-0943-41ec-b7fa-faac651fc8b9: 112 arrays, 0.4 MB stored; 2.0 s; peak memory 216 MiB.
2026-10-09T23:56:52Z INFO [378/1000] 561959eb-d686-46cd-9cc1-b0e85d1faf4c: 534 arrays, 7.5 MB stored; 7.2 s; peak memory 216 MiB.
2026-10-09T23:56:52Z INFO [379/1000] 561a8dd8-0738-4d94-bfc7-79a03ee65dc3: 229 arrays, 291.3 MB stored; 6.6 s; peak memory 216 MiB.
2026-10-09T23:56:53Z INFO [380/1000] 561db005-f428-4ad0-873a-4bd3e541091a: 118 arrays, 0.5 MB stored; 2.2 s; peak memory 216 MiB.
2026-10-09T23:56:54Z INFO [381/1000] 561dca4b-7390-4f01-9818-1bcf5d52b9cf: 114 arrays, 0.2 MB stored; 2.1 s; peak memory 216 MiB.
2026-10-09T23:56:55Z INFO [382/1000] 56197e4f-1b13-4e16-a647-a921957e60f7: 551 arrays, 16.2 MB stored; 9.6 s; peak memory 216 MiB.
2026-10-09T23:56:55Z INFO [383/1000] 561f2d3f-2939-405d-9a7f-16ea584b65e8: 45 arrays, 0.0 MB stored; 1.5 s; peak memory 216 MiB.
2026-10-09T23:56:55Z INFO [384/1000] 56205a27-6673-4b58-ab11-cfd99776a24e: 48 arrays, 83.9 MB stored; 1.8 s; peak memory 216 MiB.
2026-10-09T23:56:56Z INFO [385/1000] 562066e7-8541-4dd6-a251-4a2fbabab3ea: 48 arrays, 83.9 MB stored; 1.7 s; peak memory 216 MiB.
2026-10-09T23:56:57Z INFO [386/1000] 5620a46b-e563-4361-b03f-ef4d05c19cb1: 48 arrays, 83.9 MB stored; 1.7 s; peak memory 216 MiB.
2026-10-09T23:56:57Z INFO [387/1000] 56206f2d-abc3-4b8f-8f90-b0064ccb431a: 110 arrays, 0.7 MB stored; 2.2 s; peak memory 216 MiB.
2026-10-09T23:56:58Z INFO [388/1000] 561c3fdc-a849-42e0-a417-89b618f31531: 862 arrays, 32.2 MB stored; 9.9 s; peak memory 216 MiB.
2026-10-09T23:56:58Z INFO [389/1000] 5620a9aa-7449-4b12-bff0-c2d934005821: 48 arrays, 83.9 MB stored; 1.8 s; peak memory 216 MiB.
2026-10-09T23:56:58Z INFO [390/1000] 561d2109-092f-4d59-ab5c-f4606dc4da1f: 223 arrays, 418.8 MB stored; 7.2 s; peak memory 216 MiB.
2026-10-09T23:56:58Z INFO [391/1000] 5620f806-3267-42d0-9d54-fe23e07cf9d9: 46 arrays, 0.0 MB stored; 1.5 s; peak memory 216 MiB.
2026-10-09T23:56:59Z INFO [392/1000] 5621379f-488c-4791-a35e-f89997b13475: 118 arrays, 0.4 MB stored; 2.1 s; peak memory 216 MiB.
2026-10-09T23:57:00Z INFO [393/1000] 561ee204-9d4c-4fd8-b160-0472f9b9d6f7: 257 arrays, 90.0 MB stored; 7.5 s; peak memory 216 MiB.
2026-10-09T23:57:00Z INFO [394/1000] 5622063e-0b11-48e3-9077-a754aeb0906c: 117 arrays, 0.3 MB stored; 2.1 s; peak memory 216 MiB.
2026-10-09T23:57:01Z INFO [395/1000] 56222879-e0cd-4735-b8b9-ccae325e78d1: 230 arrays, 0.9 MB stored; 2.2 s; peak memory 216 MiB.
2026-10-09T23:57:01Z INFO [396/1000] 56238d9f-b2a3-400a-af57-904f2494d1cd: 48 arrays, 83.9 MB stored; 1.7 s; peak memory 216 MiB.
2026-10-09T23:57:01Z INFO [397/1000] 56221cb6-a5c4-45ff-9126-d7059abe9fa4: 71 arrays, 76.0 MB stored; 3.2 s; peak memory 216 MiB.
2026-10-09T23:57:01Z INFO [398/1000] 56239f31-7003-4ed2-b378-cf35fcb2e352: 117 arrays, 0.3 MB stored; 1.8 s; peak memory 216 MiB.
2026-10-09T23:57:02Z INFO [399/1000] 56240950-83bd-4e89-8cb3-334c7e6b0136: 48 arrays, 83.9 MB stored; 1.8 s; peak memory 216 MiB.
2026-10-09T23:57:03Z INFO [400/1000] 5624a285-a1c1-413d-9c07-9cf24da45b77: 119 arrays, 0.1 MB stored; 2.0 s; peak memory 216 MiB.
2026-10-09T23:57:04Z INFO [400/1000] 5624a285-a1c1-413d-9c07-9cf24da45b77: checkpointed 400 new records.
2026-10-09T23:57:04Z INFO [401/1000] 5624a801-e3c0-4b1c-aa9a-3ce5a504664e: 42 arrays, 4.6 MB stored; 1.8 s; peak memory 317 MiB.
2026-10-09T23:57:04Z INFO [402/1000] 5624d890-4664-435e-a3bc-5758bddd93ed: 46 arrays, 0.1 MB stored; 1.6 s; peak memory 317 MiB.
2026-10-09T23:57:04Z INFO [403/1000] 5623723f-e282-4f03-8c00-3b54086196ed: 155 arrays, 12.9 MB stored; 4.6 s; peak memory 317 MiB.
2026-10-09T23:57:04Z INFO [404/1000] 56251efe-8de9-4070-8e74-b1c5a8e09cdf: 48 arrays, 83.9 MB stored; 1.7 s; peak memory 317 MiB.
2026-10-09T23:57:04Z INFO [405/1000] 56251d4a-5eda-44a1-8c4c-c1d14e88c7b2: 112 arrays, 0.7 MB stored; 2.4 s; peak memory 317 MiB.
2026-10-09T23:57:04Z INFO [406/1000] 5625573a-104c-48ed-af5b-d0c49662fb0c: 35 arrays, 0.0 MB stored; 1.7 s; peak memory 317 MiB.
2026-10-09T23:57:05Z INFO [407/1000] 56269fe9-bf17-4c17-b6d0-55c6ce56785f: 52 arrays, 15.5 MB stored; 2.2 s; peak memory 317 MiB.
2026-10-09T23:57:05Z INFO [408/1000] 5625afe1-7237-4dbd-a147-0ad1156a8a3d: 66 arrays, 154.2 MB stored; 2.7 s; peak memory 317 MiB.
2026-10-09T23:57:06Z INFO [409/1000] 5626dd90-ce4d-499c-a283-4836c4f9d546: 52 arrays, 14.7 MB stored; 2.0 s; peak memory 317 MiB.
2026-10-09T23:57:06Z INFO [410/1000] 5627c889-d2df-4241-837f-03745cf8dfa5: 117 arrays, 0.4 MB stored; 2.2 s; peak memory 317 MiB.
2026-10-09T23:57:06Z INFO [411/1000] 5629714d-fa9d-488f-992a-3b7eeed576f1: 117 arrays, 0.2 MB stored; 2.1 s; peak memory 317 MiB.
2026-10-09T23:57:08Z INFO [412/1000] 562a636a-409a-4eb0-bd5f-7f86ba2dca08: 39 arrays, 7.7 MB stored; 1.6 s; peak memory 317 MiB.
2026-10-09T23:57:08Z INFO [413/1000] 5629b1ec-4578-4d71-8946-28cf93168ed0: 38 arrays, 34.4 MB stored; 3.2 s; peak memory 317 MiB.
2026-10-09T23:57:09Z INFO [414/1000] 562b1288-e5b4-4c9c-a94e-f70ed6196085: 39 arrays, 0.6 MB stored; 1.7 s; peak memory 317 MiB.
2026-10-09T23:57:10Z INFO [415/1000] 562b409f-e093-4bd9-863c-4e59bbff4de7: 117 arrays, 0.2 MB stored; 1.8 s; peak memory 317 MiB.
2026-10-09T23:57:13Z INFO [416/1000] 5629eb47-4511-4212-a14b-ba228d717dfe: 1346 arrays, 9.5 MB stored; 7.7 s; peak memory 317 MiB.
2026-10-09T23:57:15Z INFO [417/1000] 562c750d-69a8-4e85-a387-fc8cc53942c4: 52 arrays, 14.5 MB stored; 1.7 s; peak memory 317 MiB.
2026-10-09T23:57:16Z INFO [418/1000] 562afd80-933f-42c3-b60a-5c4571cb1a5d: 769 arrays, 13.7 MB stored; 10.0 s; peak memory 317 MiB.
2026-10-09T23:57:17Z INFO [419/1000] 562d466e-aa75-4d9f-b0ff-f19e80cba4b0: 48 arrays, 83.9 MB stored; 1.8 s; peak memory 317 MiB.
2026-10-09T23:57:17Z INFO [420/1000] 562a48f8-5c5f-426f-9d8d-1d55f4504b70: 5874 arrays, 1444.7 MB stored; 11.7 s; peak memory 317 MiB.
2026-10-09T23:57:18Z INFO [421/1000] 562bb746-42d3-4ed7-8008-719293f00905: 334 arrays, 20.6 MB stored; 8.9 s; peak memory 317 MiB.
2026-10-09T23:57:18Z INFO [422/1000] 562c4496-51a9-4796-b67b-e2b12815388c: 56 arrays, 43.1 MB stored; 8.1 s; peak memory 317 MiB.
2026-10-09T23:57:18Z INFO [423/1000] 562dc3bb-be99-48aa-b294-68f9284d694d: 69 arrays, 0.0 MB stored; 2.0 s; peak memory 317 MiB.
2026-10-09T23:57:19Z INFO [424/1000] 562dedde-9ebb-43b2-b5b8-41661958f8a7: 117 arrays, 0.2 MB stored; 1.9 s; peak memory 317 MiB.
2026-10-09T23:57:19Z INFO [425/1000] 562f90f9-ab62-4f73-9d06-816421d47ffd: 117 arrays, 0.3 MB stored; 2.0 s; peak memory 317 MiB.
2026-10-09T23:57:20Z INFO [426/1000] 562651bd-b2b3-4908-89a7-9ed9e90cee5e: 252 arrays, 1171.7 MB stored; 16.8 s; peak memory 317 MiB.
2026-10-09T23:57:20Z INFO [427/1000] 562fa1e0-fb33-4707-9722-ec3840c73dcb: 48 arrays, 83.9 MB stored; 2.0 s; peak memory 317 MiB.
2026-10-09T23:57:20Z INFO [428/1000] 563053b9-8bc1-4030-8f99-f3b4957f368f: 46 arrays, 0.8 MB stored; 1.9 s; peak memory 317 MiB.
2026-10-09T23:57:21Z INFO [429/1000] 5630134b-87b9-40ba-afee-56d6f631de81: 118 arrays, 0.4 MB stored; 2.3 s; peak memory 317 MiB.
2026-10-09T23:57:21Z INFO [430/1000] 56305923-35c1-44d6-ac96-caa01b9971ca: 117 arrays, 0.3 MB stored; 2.3 s; peak memory 317 MiB.
2026-10-09T23:57:21Z INFO [431/1000] 563074e6-48bd-4eb7-93b7-542d81f87818: 48 arrays, 83.9 MB stored; 1.7 s; peak memory 317 MiB.
2026-10-09T23:57:22Z INFO [432/1000] 56310591-a880-45cd-a78f-d52ca0a45d9b: 48 arrays, 83.9 MB stored; 1.8 s; peak memory 317 MiB.
2026-10-09T23:57:23Z INFO [433/1000] 56324f3e-bb26-4035-b73d-501c50a8a9c7: 41 arrays, 8.4 MB stored; 1.7 s; peak memory 317 MiB.
2026-10-09T23:57:23Z INFO [434/1000] 5631949c-0e16-4fc3-8ea7-bf138a7e758e: 69 arrays, 40.6 MB stored; 2.5 s; peak memory 317 MiB.
2026-10-09T23:57:23Z INFO [435/1000] 56332fa4-cb8a-424d-b9c0-d71a516eefce: 111 arrays, 0.6 MB stored; 2.3 s; peak memory 317 MiB.
2026-10-09T23:57:24Z INFO [436/1000] 56338e4f-1cdb-49ba-b2f1-b62dc598afd5: 48 arrays, 83.9 MB stored; 1.7 s; peak memory 317 MiB.
2026-10-09T23:57:25Z INFO [437/1000] 5633c5cc-c61a-435b-a5ff-faef0067a43d: 117 arrays, 0.3 MB stored; 2.0 s; peak memory 317 MiB.
2026-10-09T23:57:25Z INFO [438/1000] 5633f45f-ad92-4c91-9855-f1a955885e97: 48 arrays, 83.9 MB stored; 1.7 s; peak memory 317 MiB.
2026-10-09T23:57:26Z INFO [439/1000] 56345567-2855-4297-afca-bc7d2300cc20: 51 arrays, 0.0 MB stored; 1.6 s; peak memory 317 MiB.
2026-10-09T23:57:27Z INFO [440/1000] 5634756f-daec-4cd4-bd2e-671380332a1b: 68 arrays, 0.1 MB stored; 1.9 s; peak memory 317 MiB.
2026-10-09T23:57:27Z INFO [441/1000] 5634853b-155d-4046-b9aa-c605c338ced0: 89 arrays, 0.2 MB stored; 1.8 s; peak memory 317 MiB.
2026-10-09T23:57:28Z INFO [442/1000] 56321a19-40b8-4a09-b56a-5dd1c574ef28: 595 arrays, 15.9 MB stored; 7.0 s; peak memory 317 MiB.
2026-10-09T23:57:28Z INFO [443/1000] 56337e03-c734-4c20-9975-de7872cc9dd9: 229 arrays, 238.9 MB stored; 6.3 s; peak memory 317 MiB.
2026-10-09T23:57:29Z INFO [444/1000] 5635438c-c938-4bcd-b615-1764a6d71427: 116 arrays, 9.8 MB stored; 1.9 s; peak memory 317 MiB.
2026-10-09T23:57:29Z INFO [445/1000] 563583a3-0b9a-4d36-920e-803616dd84e0: 46 arrays, 0.1 MB stored; 1.3 s; peak memory 317 MiB.
2026-10-09T23:57:31Z INFO [446/1000] 56380c34-b64c-4a0b-aa52-8530d108ea66: 117 arrays, 0.3 MB stored; 2.0 s; peak memory 317 MiB.
2026-10-09T23:57:31Z INFO [447/1000] 56370b52-3ea9-4bd9-9ff0-3a7cff07a4fa: 102 arrays, 15.9 MB stored; 2.6 s; peak memory 317 MiB.
2026-10-09T23:57:32Z INFO [448/1000] 56349fa5-d4f6-409c-a805-f29b9215a9d8: 208 arrays, 45.5 MB stored; 6.3 s; peak memory 317 MiB.
2026-10-09T23:57:33Z INFO [449/1000] 5634f189-adfb-4a98-9039-cf5cdc64d03c: 455 arrays, 7.4 MB stored; 6.1 s; peak memory 317 MiB.
2026-10-09T23:57:33Z INFO [450/1000] 563861df-6de0-4aff-bc94-815f9da40375: 101 arrays, 4.4 MB stored; 1.8 s; peak memory 317 MiB.
2026-10-09T23:57:33Z INFO [451/1000] 56389d55-264d-4fed-a0b0-f2d2685f686a: 48 arrays, 83.9 MB stored; 1.6 s; peak memory 317 MiB.
2026-10-09T23:57:33Z INFO [452/1000] 5635ad8e-f355-45a5-9ab9-e6a8683a6dd9: 89 arrays, 6000.2 MB stored; 4.9 s; peak memory 317 MiB.
2026-10-09T23:57:34Z INFO [453/1000] 5638af94-8677-45a6-a52a-126299c20b6f: 38 arrays, 0.5 MB stored; 1.6 s; peak memory 317 MiB.
2026-10-09T23:57:35Z INFO [454/1000] 563910f4-ed9d-4f2b-81c8-975d29d7d79e: 68 arrays, 0.2 MB stored; 2.2 s; peak memory 317 MiB.
2026-10-09T23:57:35Z INFO [455/1000] 563a3bb6-d295-4855-a92d-4779268605bf: 112 arrays, 0.5 MB stored; 2.3 s; peak memory 317 MiB.
2026-10-09T23:57:36Z INFO [456/1000] 563a9ba1-955a-4406-a5da-99400b7b7c75: 117 arrays, 0.3 MB stored; 2.0 s; peak memory 317 MiB.
2026-10-09T23:57:37Z INFO [457/1000] 56392d26-b23e-4824-a48f-846586af2678: 114 arrays, 186.9 MB stored; 4.0 s; peak memory 317 MiB.
2026-10-09T23:57:37Z INFO [458/1000] 563adb63-4b19-465a-9e04-0c10c3b2ef34: 117 arrays, 0.3 MB stored; 2.1 s; peak memory 317 MiB.
2026-10-09T23:57:38Z INFO [459/1000] 563b4ca8-2fc2-4694-9908-b3b0e9ca91ab: 48 arrays, 83.9 MB stored; 1.8 s; peak memory 317 MiB.
2026-10-09T23:57:38Z INFO [460/1000] 563af142-686d-43fc-9f7c-fc5114b53b1e: 112 arrays, 0.8 MB stored; 2.5 s; peak memory 317 MiB.
2026-10-09T23:57:39Z INFO [461/1000] 563dd997-c4c0-41a4-8bb7-f54339d8b4f2: 117 arrays, 0.4 MB stored; 1.9 s; peak memory 317 MiB.
2026-10-09T23:57:40Z INFO [462/1000] 5639bcf5-dd8d-4b4d-940d-f5ed76255a84: 645 arrays, 8.7 MB stored; 6.6 s; peak memory 317 MiB.
2026-10-09T23:57:40Z INFO [463/1000] 563e33f9-fa5c-4b5e-a69d-4133079688fb: 84 arrays, 0.3 MB stored; 2.1 s; peak memory 317 MiB.
2026-10-09T23:57:40Z INFO [464/1000] 561c1618-520d-4d3b-a2df-94ac8a1dbc2c: 12284 arrays, 110.8 MB stored; 52.4 s; peak memory 317 MiB.
2026-10-09T23:57:40Z INFO [465/1000] 5630fa68-99d3-40c2-988b-49a06e4d9000: 807 arrays, 22.1 MB stored; 20.5 s; peak memory 317 MiB.
2026-10-09T23:57:40Z INFO [466/1000] 563da09f-3641-473a-85b3-f6bcdb612033: 115 arrays, 190.2 MB stored; 3.5 s; peak memory 317 MiB.
2026-10-09T23:57:41Z INFO [467/1000] 563e7e6c-d1d9-4c7c-9a94-c918226d4ba3: 48 arrays, 83.9 MB stored; 1.8 s; peak memory 317 MiB.
2026-10-09T23:57:42Z INFO [468/1000] 563e49bd-411d-4705-bd19-d33166c19fff: 117 arrays, 0.5 MB stored; 2.2 s; peak memory 317 MiB.
2026-10-09T23:57:42Z INFO [469/1000] 563e96bf-b5e9-415d-acc4-e78b23bc8438: 48 arrays, 83.9 MB stored; 1.9 s; peak memory 317 MiB.
2026-10-09T23:57:42Z INFO [470/1000] 561e6a78-ed8e-4a1c-a2e1-fced296a1956: 52 arrays, 2155.2 MB stored; 50.4 s; peak memory 317 MiB.
2026-10-09T23:57:43Z INFO [471/1000] 563f5b28-93c0-467a-b462-d9b676681a30: 112 arrays, 0.8 MB stored; 2.6 s; peak memory 317 MiB.
2026-10-09T23:57:43Z INFO [472/1000] 563fcf9b-51fd-4e4d-a88d-5d9b073e914e: 69 arrays, 57.6 MB stored; 2.4 s; peak memory 317 MiB.
2026-10-09T23:57:44Z INFO [473/1000] 56407ded-1c09-4a9e-9ac0-31800c469834: 117 arrays, 0.3 MB stored; 2.1 s; peak memory 317 MiB.
2026-10-09T23:57:44Z INFO [474/1000] 5640f1c7-a1a4-4517-b27d-4f0a78f458ea: 48 arrays, 83.9 MB stored; 1.9 s; peak memory 317 MiB.
2026-10-09T23:57:44Z INFO [475/1000] 5640f615-7ac8-44d1-b716-31cd048dafd4: 48 arrays, 83.9 MB stored; 1.8 s; peak memory 317 MiB.
2026-10-09T23:57:45Z INFO [476/1000] 5640f899-2c79-4ed1-80c4-fbc67fe092b5: 63 arrays, 0.1 MB stored; 1.7 s; peak memory 317 MiB.
2026-10-09T23:57:45Z INFO [477/1000] 563d685b-0578-40f0-bb66-d26835c79397: 257 arrays, 99.5 MB stored; 7.8 s; peak memory 317 MiB.
2026-10-09T23:57:46Z INFO [478/1000] 5641e0f3-c15c-4597-998c-fcc14848654e: 52 arrays, 346.4 MB stored; 1.9 s; peak memory 317 MiB.
2026-10-09T23:57:46Z INFO [479/1000] 5641fe42-02d7-452e-9d89-891abddc0958: 62 arrays, 4645.7 MB stored; 2.2 s; peak memory 317 MiB.
2026-10-09T23:57:46Z INFO [480/1000] 5642dd72-1068-4318-ac2d-39c8f9ad2ae0: 48 arrays, 83.9 MB stored; 1.7 s; peak memory 317 MiB.
2026-10-09T23:57:47Z INFO [481/1000] 564242e4-600e-4aeb-87e6-15c7178eb860: 117 arrays, 0.3 MB stored; 2.1 s; peak memory 317 MiB.
2026-10-09T23:57:48Z INFO [482/1000] 563fff57-dd18-43fb-b966-5e153621416b: 544 arrays, 16.7 MB stored; 7.1 s; peak memory 317 MiB.
2026-10-09T23:57:49Z INFO [483/1000] 56435068-67c9-4b26-8f0f-dc08ad3347d5: 66 arrays, 18.1 MB stored; 2.4 s; peak memory 317 MiB.
2026-10-09T23:57:49Z INFO [484/1000] 564405b9-edf5-4e90-ac1a-4e7e564efd10: 117 arrays, 0.2 MB stored; 1.9 s; peak memory 317 MiB.
2026-10-09T23:57:49Z INFO [485/1000] 5643a100-f99d-46f8-9cae-106a3719ca15: 116 arrays, 0.5 MB stored; 2.2 s; peak memory 317 MiB.
2026-10-09T23:57:51Z INFO [486/1000] 5646417b-e404-45f8-bafd-e19ebef279bb: 74 arrays, 2.1 MB stored; 2.4 s; peak memory 317 MiB.
2026-10-09T23:57:52Z INFO [487/1000] 563fa3e2-db42-41d7-a0ac-d7ba942717c4: 1266 arrays, 24.6 MB stored; 11.7 s; peak memory 317 MiB.
2026-10-09T23:57:53Z INFO [488/1000] 56444522-194f-41e0-b5c0-29eb317efb92: 150 arrays, 3.2 MB stored; 4.4 s; peak memory 317 MiB.
2026-10-09T23:57:53Z INFO [489/1000] 56430cd9-b140-4fa7-81fa-3e514084b6c3: 538 arrays, 7.5 MB stored; 7.5 s; peak memory 317 MiB.
2026-10-09T23:57:54Z INFO [490/1000] 5646d309-987c-4b3b-83ca-c90a07c384ad: 52 arrays, 16.4 MB stored; 1.8 s; peak memory 317 MiB.
2026-10-09T23:57:55Z INFO [491/1000] 56472f6a-841a-4f99-afe1-ffead5f7187b: 42 arrays, 12.0 MB stored; 1.7 s; peak memory 317 MiB.
2026-10-09T23:57:55Z INFO [492/1000] 56471acd-519c-45b1-8fbd-5f327fe4e3dc: 107 arrays, 0.4 MB stored; 2.1 s; peak memory 317 MiB.
2026-10-09T23:57:57Z INFO [493/1000] 5647a0de-a56c-416e-9128-fc8046004b27: 117 arrays, 0.4 MB stored; 2.1 s; peak memory 317 MiB.
2026-10-09T23:57:57Z INFO [494/1000] 56477a5d-8ffe-48dd-8ac7-09673fc53c31: 275 arrays, 17.1 MB stored; 2.4 s; peak memory 317 MiB.
2026-10-09T23:57:59Z INFO [495/1000] 5647ba25-361e-4afd-bf6a-32683e5b4d0f: 118 arrays, 0.2 MB stored; 1.8 s; peak memory 317 MiB.
2026-10-09T23:58:00Z INFO [496/1000] 5647abe1-2f7d-46ae-8df1-63070246ae92: 113 arrays, 190.0 MB stored; 3.5 s; peak memory 317 MiB.
2026-10-09T23:58:01Z INFO [497/1000] 56490e63-084e-4c1c-8905-a937f7dae792: 48 arrays, 83.9 MB stored; 1.7 s; peak memory 317 MiB.
2026-10-09T23:58:02Z INFO [498/1000] 5649d72f-ca9a-491c-9c6b-4e1ae95a146e: 62 arrays, 0.0 MB stored; 1.5 s; peak memory 317 MiB.
2026-10-09T23:58:03Z INFO [499/1000] 564556c4-a212-427e-997a-ade5d1b7e821: 106 arrays, 22365.0 MB stored; 14.3 s; peak memory 317 MiB.
2026-10-09T23:58:04Z INFO [500/1000] 5646726b-bb5b-44e1-b0d8-952b9e845cf7: 773 arrays, 23.1 MB stored; 15.3 s; peak memory 317 MiB.
2026-10-09T23:58:04Z INFO [501/1000] 564b28a8-5071-446f-86e2-09db9ed3d0ed: 48 arrays, 251.7 MB stored; 1.9 s; peak memory 317 MiB.
2026-10-09T23:58:05Z INFO [502/1000] 564bfd56-06b4-4022-8458-6c7d6b38bf8d: 117 arrays, 0.4 MB stored; 2.0 s; peak memory 317 MiB.
2026-10-09T23:58:05Z INFO [503/1000] 56473e22-faf9-4cb6-bcf9-e2509284f885: 1528 arrays, 29.2 MB stored; 11.4 s; peak memory 317 MiB.
2026-10-09T23:58:06Z INFO [504/1000] 564c1f0d-f76c-4582-911a-a61dae6d5ac9: 62 arrays, 4634.3 MB stored; 2.3 s; peak memory 317 MiB.
2026-10-09T23:58:07Z INFO [505/1000] 564c8607-7c53-4823-a357-895c6c1a58c8: 48 arrays, 83.9 MB stored; 1.8 s; peak memory 317 MiB.
2026-10-09T23:58:07Z INFO [506/1000] 564d4179-a379-4075-a3c9-c9b76e0f689e: 112 arrays, 0.3 MB stored; 2.0 s; peak memory 317 MiB.
2026-10-09T23:58:08Z INFO [507/1000] 564c4c4c-ae72-4f45-864b-cfc39e488a93: 156 arrays, 193.5 MB stored; 4.2 s; peak memory 317 MiB.
2026-10-09T23:58:09Z INFO [508/1000] 564e04b5-67a2-4a75-b8a4-17d535232906: 112 arrays, 0.6 MB stored; 2.4 s; peak memory 317 MiB.
2026-10-09T23:58:09Z INFO [509/1000] 564e533c-0738-4336-b38a-5e6b353cf7c3: 110 arrays, 0.1 MB stored; 1.8 s; peak memory 317 MiB.
2026-10-09T23:58:09Z INFO [510/1000] 564d9bf3-e430-40bd-9161-48282a255b77: 145 arrays, 215.0 MB stored; 3.2 s; peak memory 317 MiB.
2026-10-09T23:58:10Z INFO [511/1000] 5646966b-b522-42a1-8a27-d3f3f3c55e6b: 5681 arrays, 984.1 MB stored; 19.0 s; peak memory 317 MiB.
2026-10-09T23:58:10Z INFO [512/1000] 564e581a-0239-42c2-b81b-97270f71c92f: 62 arrays, 4291.9 MB stored; 2.1 s; peak memory 317 MiB.
2026-10-09T23:58:11Z INFO [513/1000] 564ee5d9-20e8-4a5e-a75d-43bfa4429d22: 38 arrays, 0.4 MB stored; 1.8 s; peak memory 317 MiB.
2026-10-09T23:58:11Z INFO [514/1000] 564f5611-252d-41d3-b045-645abb1073d9: 46 arrays, 0.3 MB stored; 1.6 s; peak memory 317 MiB.
2026-10-09T23:58:12Z INFO [515/1000] 564f9231-3fef-4a22-87b4-7f207d045d62: 37 arrays, 0.0 MB stored; 1.5 s; peak memory 317 MiB.
2026-10-09T23:58:12Z INFO [516/1000] 564efe70-4e1b-4708-917c-202c30b1b3ca: 71 arrays, 4.5 MB stored; 3.0 s; peak memory 317 MiB.
2026-10-09T23:58:13Z INFO [517/1000] 5651fecd-2471-4fb5-a274-1e43f18c2451: 41 arrays, 8.4 MB stored; 1.7 s; peak memory 317 MiB.
2026-10-09T23:58:14Z INFO [518/1000] 5652886e-d486-4ea3-91e1-8884f470160a: 117 arrays, 0.2 MB stored; 2.0 s; peak memory 317 MiB.
2026-10-09T23:58:14Z INFO [519/1000] 56529c40-98bc-45e0-a8db-120a65cbf98e: 46 arrays, 12.6 MB stored; 1.7 s; peak memory 317 MiB.
2026-10-09T23:58:15Z INFO [520/1000] 56515416-0a68-43b2-a052-60d7e71bafbc: 114 arrays, 186.8 MB stored; 3.8 s; peak memory 317 MiB.
2026-10-09T23:58:15Z INFO [521/1000] 56527c3d-04b8-43ab-b058-3103947227ad: 191 arrays, 5.1 MB stored; 3.5 s; peak memory 317 MiB.
2026-10-09T23:58:16Z INFO [522/1000] 5652b355-b6ed-4275-b509-bc00eec96f1b: 118 arrays, 0.4 MB stored; 2.0 s; peak memory 317 MiB.
2026-10-09T23:58:16Z INFO [523/1000] 5653d8f8-6734-4797-8cc5-09cf975c944d: 50 arrays, 5.8 MB stored; 1.7 s; peak memory 317 MiB.
2026-10-09T23:58:16Z INFO [524/1000] 5653e713-c15c-4093-aeb3-741747555cb1: 50 arrays, 5.8 MB stored; 1.5 s; peak memory 317 MiB.
2026-10-09T23:58:18Z INFO [525/1000] 5653dccc-f114-49c8-aa3c-b06326de3a6e: 38 arrays, 33.3 MB stored; 3.2 s; peak memory 317 MiB.
2026-10-09T23:58:18Z INFO [526/1000] 56547283-571d-40e5-98be-9257cd1bccdc: 63 arrays, 0.1 MB stored; 1.7 s; peak memory 317 MiB.
2026-10-09T23:58:18Z INFO [527/1000] 5653e7c8-ac03-4c47-9ef2-b7181fddb4f1: 112 arrays, 0.4 MB stored; 2.2 s; peak memory 317 MiB.
2026-10-09T23:58:18Z INFO [528/1000] 5654cfdf-ead8-4386-ace5-89627b4bb2bd: 48 arrays, 83.9 MB stored; 1.8 s; peak memory 317 MiB.
2026-10-09T23:58:20Z INFO [529/1000] 56509e2d-469e-4e71-807b-8c859ac5ef36: 1170 arrays, 22.1 MB stored; 9.4 s; peak memory 317 MiB.
2026-10-09T23:58:20Z INFO [530/1000] 565537d8-1688-4d02-825c-d24763dde5ae: 43 arrays, 5.9 MB stored; 2.1 s; peak memory 317 MiB.
2026-10-09T23:58:20Z INFO [531/1000] 56557c00-4c4f-4aa2-b351-6b3766146e5a: 48 arrays, 83.9 MB stored; 1.7 s; peak memory 317 MiB.
2026-10-09T23:58:20Z INFO [532/1000] 56554e31-03d9-4681-80a8-2ade1cb972ed: 48 arrays, 83.9 MB stored; 1.8 s; peak memory 317 MiB.
2026-10-09T23:58:22Z INFO [533/1000] 565592ab-64cb-45c5-bf34-04d095bb058e: 112 arrays, 0.2 MB stored; 2.1 s; peak memory 317 MiB.
2026-10-09T23:58:22Z INFO [534/1000] 56559143-958f-4950-b970-06cd8794397a: 116 arrays, 0.3 MB stored; 2.2 s; peak memory 317 MiB.
2026-10-09T23:58:22Z INFO [535/1000] 5655e585-97b3-48da-9855-fda479e3c011: 68 arrays, 0.0 MB stored; 2.2 s; peak memory 317 MiB.
2026-10-09T23:58:23Z INFO [536/1000] 56576cfd-f85b-4a5f-bd1d-b256f06cf367: 35 arrays, 0.0 MB stored; 1.5 s; peak memory 317 MiB.
2026-10-09T23:58:24Z INFO [537/1000] 5658495b-e45a-45c1-b0b8-f92c28459704: 48 arrays, 83.9 MB stored; 1.8 s; peak memory 317 MiB.
2026-10-09T23:58:24Z INFO [538/1000] 565823f1-6537-4804-8879-7d4d62039447: 112 arrays, 0.7 MB stored; 2.4 s; peak memory 317 MiB.
2026-10-09T23:58:25Z INFO [539/1000] 5654d331-5cbc-4c3f-8409-ba97f79b1f03: 229 arrays, 76.3 MB stored; 6.9 s; peak memory 317 MiB.
2026-10-09T23:58:26Z INFO [540/1000] 56586bc2-586d-45a0-8b85-a4df66ddd013: 66 arrays, 28.6 MB stored; 2.4 s; peak memory 317 MiB.
2026-10-09T23:58:26Z INFO [541/1000] 5658c2e2-0463-4341-b41c-3967139dd6a0: 48 arrays, 83.9 MB stored; 1.6 s; peak memory 317 MiB.
2026-10-09T23:58:26Z INFO [542/1000] 56599377-d1aa-4e63-97dc-11fb9ad70ba4: 37 arrays, 62.7 MB stored; 1.7 s; peak memory 317 MiB.
2026-10-09T23:58:28Z INFO [543/1000] 565a16ab-6a92-430e-97cf-72770693fd71: 48 arrays, 83.9 MB stored; 1.8 s; peak memory 317 MiB.
2026-10-09T23:58:28Z INFO [544/1000] 565a3a78-68cf-4584-b668-d3c3e34aa43d: 117 arrays, 0.4 MB stored; 2.2 s; peak memory 317 MiB.
2026-10-09T23:58:29Z INFO [545/1000] 565b6dab-a39b-4be4-aba6-d2f32d83b196: 62 arrays, 5050.4 MB stored; 2.2 s; peak memory 317 MiB.
2026-10-09T23:58:30Z INFO [546/1000] 565b85d5-eeae-4b7f-b979-e0833d14daf0: 69 arrays, 62.2 MB stored; 2.6 s; peak memory 317 MiB.
2026-10-09T23:58:30Z INFO [547/1000] 565bf72e-6542-4fac-acd1-18afb5f917bc: 69 arrays, 2.0 MB stored; 1.8 s; peak memory 317 MiB.
2026-10-09T23:58:31Z INFO [548/1000] 565bcfcf-10cc-423b-b973-7dd621281b99: 38 arrays, 58.8 MB stored; 3.3 s; peak memory 317 MiB.
2026-10-09T23:58:32Z INFO [549/1000] 5656e307-0450-45db-aa62-0a6182e0273c: 706 arrays, 32.7 MB stored; 11.8 s; peak memory 317 MiB.
2026-10-09T23:58:32Z INFO [550/1000] 565c6da1-d604-4cb5-9d8a-92af20387362: 48 arrays, 83.9 MB stored; 1.6 s; peak memory 317 MiB.
2026-10-09T23:58:33Z INFO [551/1000] 565c75ce-ef01-40c0-b6f4-1dca446a7b34: 57 arrays, 0.0 MB stored; 1.6 s; peak memory 317 MiB.
2026-10-09T23:58:37Z INFO [552/1000] 56490fff-2380-4923-9b3c-c0079e936997: 7099 arrays, 78.8 MB stored; 36.7 s; peak memory 317 MiB.
2026-10-09T23:58:37Z INFO [553/1000] 565c4e96-dd40-4b7c-bde2-531e8c881ebb: 538 arrays, 8.5 MB stored; 7.1 s; peak memory 317 MiB.
2026-10-09T23:58:39Z INFO [554/1000] 56586e26-585d-466c-8ae4-fde5d3e7de11: 728 arrays, 20.0 MB stored; 15.0 s; peak memory 317 MiB.
2026-10-09T23:58:40Z INFO [555/1000] 565da62b-0bab-4d01-9151-cfa30c2779ae: 445 arrays, 5.9 MB stored; 6.7 s; peak memory 317 MiB.
2026-10-09T23:58:41Z INFO [556/1000] 565e5f7a-996d-4df9-8841-a30f48a8725b: 48 arrays, 83.9 MB stored; 1.7 s; peak memory 317 MiB.
2026-10-09T23:58:42Z INFO [557/1000] 565e35a6-d637-4bfe-9a48-0a90f858659d: 96 arrays, 52.2 MB stored; 3.5 s; peak memory 317 MiB.
2026-10-09T23:58:43Z INFO [558/1000] 565eb65d-55f6-4c7c-ab2d-78dc589cfb04: 116 arrays, 0.4 MB stored; 1.8 s; peak memory 317 MiB.
2026-10-09T23:58:44Z INFO [559/1000] 565fccda-e75e-4955-94ab-6cc906036887: 46 arrays, 0.1 MB stored; 1.4 s; peak memory 317 MiB.
2026-10-09T23:58:45Z INFO [560/1000] 565ff39f-a4fb-4001-b0a1-6e90be4acd75: 48 arrays, 83.9 MB stored; 1.7 s; peak memory 317 MiB.
2026-10-09T23:58:47Z INFO [561/1000] 56609875-dbf8-4c14-ae8f-df5be9fac6d8: 117 arrays, 0.6 MB stored; 2.2 s; peak memory 317 MiB.
2026-10-09T23:58:47Z INFO [562/1000] 565df8ec-2182-4f71-9ff2-1e4d9ff60c63: 49 arrays, 6833.1 MB stored; 9.7 s; peak memory 317 MiB.
2026-10-09T23:58:49Z INFO [563/1000] 56617cb1-77e9-4399-92ec-e980b1bfd97a: 70 arrays, 0.3 MB stored; 1.8 s; peak memory 317 MiB.
2026-10-09T23:58:49Z INFO [564/1000] 5660a66c-e5b6-4783-ada7-b5b001054ead: 117 arrays, 0.2 MB stored; 2.0 s; peak memory 317 MiB.
2026-10-09T23:58:50Z INFO [565/1000] 56604168-49a5-4b29-814f-b4ae30354034: 409 arrays, 5.8 MB stored; 6.5 s; peak memory 317 MiB.
2026-10-09T23:58:51Z INFO [566/1000] 566233e3-2a5d-402b-a386-f6c388f3d3c2: 117 arrays, 0.4 MB stored; 2.0 s; peak memory 317 MiB.
2026-10-09T23:58:52Z INFO [567/1000] 5662e3f0-2f7e-426a-84f4-4700933cf52a: 42 arrays, 488.3 MB stored; 2.1 s; peak memory 317 MiB.
2026-10-09T23:58:53Z INFO [568/1000] 56630b42-f4d7-4816-a4e2-3d4a045469f9: 118 arrays, 0.2 MB stored; 1.8 s; peak memory 317 MiB.
2026-10-09T23:58:53Z INFO [569/1000] 5662144a-635d-4b53-9d31-1ea406c7bc1b: 409 arrays, 3.1 MB stored; 4.3 s; peak memory 317 MiB.
2026-10-09T23:58:54Z INFO [570/1000] 56642d46-09c4-40b7-9cce-321607a598e9: 52 arrays, 0.0 MB stored; 1.4 s; peak memory 317 MiB.
2026-10-09T23:58:55Z INFO [571/1000] 5642287a-cb09-420d-b63c-5a5fa058d7c3: 13391 arrays, 702.0 MB stored; 70.1 s; peak memory 317 MiB.
2026-10-09T23:58:55Z INFO [572/1000] 5663cdf3-2f95-41dc-b1bd-9692d2800398: 66 arrays, 273.8 MB stored; 2.4 s; peak memory 317 MiB.
2026-10-09T23:58:55Z INFO [573/1000] 565c9542-6bbd-4c8e-a134-f454806c32e6: 280 arrays, 79382.8 MB stored; 23.4 s; peak memory 317 MiB.
2026-10-09T23:58:55Z INFO [574/1000] 56643ca4-5fc2-4c7d-9fd6-0c1bcf96d273: 112 arrays, 0.5 MB stored; 2.2 s; peak memory 317 MiB.
2026-10-09T23:58:57Z INFO [575/1000] 565d8c55-b5cf-46f8-b95b-d8e5f8764335: 48 arrays, 40999.9 MB stored; 24.7 s; peak memory 317 MiB.
2026-10-09T23:58:57Z INFO [576/1000] 5664db3a-3a3f-436f-af11-00a5d620c18c: 51 arrays, 4042.3 MB stored; 2.0 s; peak memory 317 MiB.
2026-10-09T23:58:58Z INFO [577/1000] 5664ae7a-18f8-4aa7-9786-a427a8d8db84: 165 arrays, 8.2 MB stored; 3.4 s; peak memory 317 MiB.
2026-10-09T23:58:59Z INFO [578/1000] 56656547-8e53-4baf-96cb-9c86a8b3a56d: 53 arrays, 839.4 MB stored; 2.6 s; peak memory 317 MiB.
2026-10-09T23:59:00Z INFO [579/1000] 56666e4e-a2a4-427b-bfa2-a90dc81a6332: 48 arrays, 83.9 MB stored; 1.6 s; peak memory 317 MiB.
2026-10-09T23:59:02Z INFO [580/1000] 5667776e-244f-45b8-8d66-0fee8c81f3db: 117 arrays, 0.4 MB stored; 2.0 s; peak memory 317 MiB.
2026-10-09T23:59:04Z INFO [581/1000] 566789a8-601f-41cd-8057-40bee2f03da1: 116 arrays, 0.6 MB stored; 2.1 s; peak memory 317 MiB.
2026-10-09T23:59:05Z INFO [582/1000] 566802b4-0645-4992-94c7-e63350689b09: 52 arrays, 13.4 MB stored; 1.8 s; peak memory 317 MiB.
2026-10-09T23:59:08Z INFO [583/1000] 566532f4-7f2e-484f-8c5d-55ab0c1f3428: 4775 arrays, 17.9 MB stored; 12.8 s; peak memory 317 MiB.
2026-10-09T23:59:10Z INFO [584/1000] 566896cb-c716-4fa9-9279-5b125812a184: 56 arrays, 1.5 MB stored; 1.7 s; peak memory 317 MiB.
2026-10-09T23:59:10Z INFO [585/1000] 5664d9c3-3301-4e2b-af51-b8bb1c2237fb: 815 arrays, 22.5 MB stored; 15.5 s; peak memory 317 MiB.
2026-10-09T23:59:11Z INFO [586/1000] 5666289a-3d2a-4d0f-be22-25b26f65ce29: 98 arrays, 126.4 MB stored; 14.0 s; peak memory 317 MiB.
2026-10-09T23:59:12Z INFO [587/1000] 5668a730-9372-4def-8737-ff5953023239: 39 arrays, 8.0 MB stored; 1.8 s; peak memory 317 MiB.
2026-10-09T23:59:12Z INFO [588/1000] 5668cebc-536d-4c67-bcfc-659ec6aae102: 117 arrays, 0.5 MB stored; 1.9 s; peak memory 317 MiB.
2026-10-09T23:59:12Z INFO [589/1000] 5666c72a-4a17-4e01-870c-9a26e3bef7ef: 752 arrays, 19.9 MB stored; 13.0 s; peak memory 317 MiB.
2026-10-09T23:59:13Z INFO [590/1000] 565df09d-ead6-4179-9f93-4ac32062b8a8: 58 arrays, 1750.2 MB stored; 36.0 s; peak memory 317 MiB.
2026-10-09T23:59:15Z INFO [591/1000] 5669763b-3a9f-4f15-8c7d-764a7b236185: 84 arrays, 268.4 MB stored; 3.4 s; peak memory 317 MiB.
2026-10-09T23:59:18Z INFO [592/1000] 5669c36a-59a0-48ca-a1fd-371ba1ca3ccc: 90 arrays, 581.9 MB stored; 4.5 s; peak memory 317 MiB.
2026-10-09T23:59:19Z INFO [593/1000] 5669e6ae-70a9-4418-a471-2960ec2db35a: 52 arrays, 0.0 MB stored; 1.4 s; peak memory 317 MiB.
2026-10-09T23:59:24Z INFO [594/1000] 5668e3d1-8188-4d6d-96f1-6109230a0f72: 107 arrays, 85.6 MB stored; 12.4 s; peak memory 317 MiB.
2026-10-09T23:59:25Z INFO [595/1000] 566a384b-aa14-4f9b-991c-2e35e0411b4d: 48 arrays, 83.9 MB stored; 1.6 s; peak memory 317 MiB.
2026-10-09T23:59:26Z INFO [596/1000] 5669c29d-3362-4948-b846-9baa0cdd6fe6: 1007 arrays, 23.6 MB stored; 14.2 s; peak memory 317 MiB.
2026-10-09T23:59:27Z INFO [597/1000] 566a54a2-f0b1-4b29-8ed1-b72d5677e090: 42 arrays, 6.7 MB stored; 1.6 s; peak memory 317 MiB.
2026-10-09T23:59:29Z INFO [598/1000] 5669d2bd-6d8b-4abf-8b44-db2a0822b5f4: 97 arrays, 116.9 MB stored; 13.6 s; peak memory 317 MiB.
2026-10-09T23:59:29Z INFO [599/1000] 566a8ef2-0c91-4e11-9d30-872b53fa889f: 118 arrays, 0.2 MB stored; 1.9 s; peak memory 317 MiB.
2026-10-09T23:59:30Z INFO [600/1000] 566ae3d6-fe9d-4e76-b7ff-52c513474d21: 48 arrays, 83.9 MB stored; 1.7 s; peak memory 317 MiB.
2026-10-09T23:59:31Z INFO [600/1000] 566ae3d6-fe9d-4e76-b7ff-52c513474d21: checkpointed 600 new records.
2026-10-09T23:59:31Z INFO [601/1000] 566a8bd5-5a98-46a7-a40d-9bd1a0b1c230: 80 arrays, 799.2 MB stored; 4.0 s; peak memory 317 MiB.
2026-10-09T23:59:31Z INFO [602/1000] 566af0b6-b2df-439b-a734-cbb5413a772f: 71 arrays, 4.0 MB stored; 2.4 s; peak memory 317 MiB.
2026-10-09T23:59:32Z INFO [603/1000] 566b698b-8e1b-4b4f-983d-cf2927999069: 118 arrays, 0.5 MB stored; 2.0 s; peak memory 317 MiB.
2026-10-09T23:59:32Z INFO [604/1000] 566bff59-9dc3-4a45-91f5-476d88ea4c6a: 77 arrays, 0.0 MB stored; 1.9 s; peak memory 317 MiB.
2026-10-09T23:59:33Z INFO [605/1000] 566a20ec-0287-402a-8601-a5699154d740: 97 arrays, 86.8 MB stored; 13.8 s; peak memory 317 MiB.
2026-10-09T23:59:33Z INFO [606/1000] 566c3bc8-0dc8-410f-a6b2-3e2e0172bc88: 46 arrays, 4430.2 MB stored; 1.7 s; peak memory 317 MiB.
2026-10-09T23:59:34Z INFO [607/1000] 566cd772-0499-4f19-bf7f-444a185687ab: 48 arrays, 83.9 MB stored; 1.7 s; peak memory 317 MiB.
2026-10-09T23:59:34Z INFO [608/1000] 566c9e4a-2f3c-448a-ac8c-399f6f9ff0b6: 112 arrays, 0.5 MB stored; 2.0 s; peak memory 317 MiB.
2026-10-09T23:59:35Z INFO [609/1000] 566d4c31-6066-4a67-81cd-ff4ad24df1f0: 54 arrays, 0.0 MB stored; 1.7 s; peak memory 317 MiB.
2026-10-09T23:59:35Z INFO [610/1000] 566d5c4d-0957-4810-84a8-ceb3230ea01c: 48 arrays, 83.9 MB stored; 1.8 s; peak memory 317 MiB.
2026-10-09T23:59:36Z INFO [611/1000] 566e40c8-8744-4496-ba4e-8b345763395d: 48 arrays, 83.9 MB stored; 1.7 s; peak memory 317 MiB.
2026-10-09T23:59:37Z INFO [612/1000] 566ef90b-8334-46a2-ad26-cdd9944513ba: 101 arrays, 16.3 MB stored; 2.7 s; peak memory 317 MiB.
2026-10-09T23:59:38Z INFO [613/1000] 566f221d-e87b-47a5-bf95-639ccb9ec514: 117 arrays, 0.3 MB stored; 1.9 s; peak memory 317 MiB.
2026-10-09T23:59:39Z INFO [614/1000] 56699a40-a659-4b6d-b27d-9d92e72345c2: 48 arrays, 46654.0 MB stored; 26.3 s; peak memory 317 MiB.
2026-10-09T23:59:42Z INFO [615/1000] 566ff50f-e5f4-4b58-b432-6d337906ce8d: 38 arrays, 36.6 MB stored; 3.2 s; peak memory 317 MiB.
2026-10-09T23:59:42Z INFO [616/1000] 566dd6bd-a059-45cf-aa3f-73bb9ed1d335: 193 arrays, 555.9 MB stored; 7.8 s; peak memory 317 MiB.
2026-10-09T23:59:43Z INFO [617/1000] 566e0aee-0c5b-474e-80ed-d3de56dcd6eb: 889 arrays, 19.3 MB stored; 9.1 s; peak memory 317 MiB.
2026-10-09T23:59:43Z INFO [618/1000] 5671956f-bb93-45f3-8eac-9f3ce83028af: 48 arrays, 83.9 MB stored; 1.6 s; peak memory 317 MiB.
2026-10-09T23:59:44Z INFO [619/1000] 56721f81-a269-4eb1-81fd-5dd927d5c97b: 118 arrays, 0.4 MB stored; 2.0 s; peak memory 317 MiB.
2026-10-09T23:59:45Z INFO [620/1000] 5672fd51-8bd9-4d62-9abd-0c96c52a4e28: 112 arrays, 0.4 MB stored; 1.9 s; peak memory 317 MiB.
2026-10-09T23:59:46Z INFO [621/1000] 56730a9d-a30d-401b-bba3-0aad3cc3d517: 48 arrays, 83.9 MB stored; 1.7 s; peak memory 317 MiB.
2026-10-09T23:59:47Z INFO [622/1000] 567342fa-5aac-4413-8596-57a18b5bcebb: 41 arrays, 8.4 MB stored; 1.6 s; peak memory 317 MiB.
2026-10-09T23:59:48Z INFO [623/1000] 5673b206-c8d4-4772-8506-28bae426f0ed: 117 arrays, 0.3 MB stored; 1.9 s; peak memory 317 MiB.
2026-10-09T23:59:49Z INFO [624/1000] 5673f82e-593e-497c-8061-1f87301caa0a: 48 arrays, 83.9 MB stored; 1.6 s; peak memory 317 MiB.
2026-10-09T23:59:49Z INFO [625/1000] 56744a4f-208c-4905-9ea5-31a948109793: 117 arrays, 0.3 MB stored; 1.8 s; peak memory 317 MiB.
2026-10-09T23:59:51Z INFO [626/1000] 567466db-e3f9-4628-8dba-f94c4de68621: 83 arrays, 0.9 MB stored; 2.0 s; peak memory 317 MiB.
2026-10-09T23:59:52Z INFO [627/1000] 5674de3d-aee5-4f9b-95b4-02d9fba8a275: 158 arrays, 1.1 MB stored; 2.7 s; peak memory 317 MiB.
2026-10-09T23:59:52Z INFO [628/1000] 5675be00-4f9b-45aa-8fce-ec353ae11415: 48 arrays, 83.9 MB stored; 1.6 s; peak memory 317 MiB.
2026-10-09T23:59:54Z INFO [629/1000] 566f3025-b2db-458d-bbf9-c4f2d1545fd2: 643 arrays, 24.0 MB stored; 16.2 s; peak memory 317 MiB.
2026-10-09T23:59:54Z INFO [630/1000] 5675f2bb-27f5-4d83-9445-2a0368d9a7c2: 48 arrays, 83.9 MB stored; 1.6 s; peak memory 317 MiB.
2026-10-09T23:59:54Z INFO [631/1000] 5675cb42-01d6-4d47-b672-901f6eb90647: 52 arrays, 10.2 MB stored; 2.0 s; peak memory 317 MiB.
2026-10-09T23:59:55Z INFO [632/1000] 56773c38-47c6-49cb-8fc0-f328f745ea94: 33 arrays, 0.0 MB stored; 1.3 s; peak memory 317 MiB.
2026-10-09T23:59:56Z INFO [633/1000] 56760d38-76c4-43e9-871b-62a6d89688f2: 117 arrays, 0.3 MB stored; 1.9 s; peak memory 317 MiB.
2026-10-09T23:59:57Z INFO [634/1000] 56724acc-ef0d-48cd-832c-09af23a5b129: 1031 arrays, 32.3 MB stored; 13.1 s; peak memory 317 MiB.
2026-10-09T23:59:57Z INFO [635/1000] 5676a990-9ea8-4b71-9158-8b3faf39c114: 119 arrays, 66.4 MB stored; 3.0 s; peak memory 317 MiB.
2026-10-09T23:59:57Z INFO [636/1000] 5677a84a-5df5-498a-89b3-86e9eea3d638: 48 arrays, 83.9 MB stored; 1.7 s; peak memory 317 MiB.
2026-10-09T23:59:58Z INFO [637/1000] 56783daa-919a-4f87-a53f-265960f34985: 48 arrays, 83.9 MB stored; 1.6 s; peak memory 317 MiB.
2026-10-09T23:59:59Z INFO [638/1000] 567798e7-da59-4606-8a3d-d69d7548a481: 38 arrays, 33.1 MB stored; 3.2 s; peak memory 317 MiB.
2026-10-10T00:00:01Z INFO [639/1000] 567ab7fb-2939-4fa7-80ea-1ad284cced5a: 117 arrays, 0.3 MB stored; 1.9 s; peak memory 317 MiB.
2026-10-10T00:00:02Z INFO [640/1000] 567a7bea-68ee-4cf9-b841-80f0e5ed97bc: 156 arrays, 193.5 MB stored; 4.0 s; peak memory 317 MiB.
2026-10-10T00:00:03Z INFO [641/1000] 567b329d-1bac-43d5-be53-aa547c616fdb: 117 arrays, 0.4 MB stored; 2.1 s; peak memory 317 MiB.
2026-10-10T00:00:04Z INFO [642/1000] 567c87bd-fbc7-4117-9cb3-23b81e770127: 38 arrays, 0.4 MB stored; 1.6 s; peak memory 317 MiB.
2026-10-10T00:00:04Z INFO [643/1000] 567cf8c7-20d2-40c5-9d2e-1551ebc86b5b: 48 arrays, 83.9 MB stored; 1.7 s; peak memory 317 MiB.
2026-10-10T00:00:06Z INFO [644/1000] 567d46c7-fb2f-408a-a892-2a43ab896760: 66 arrays, 62.2 MB stored; 2.2 s; peak memory 317 MiB.
2026-10-10T00:00:08Z INFO [645/1000] 567da1ad-219e-40d3-a94a-a929d4cd5262: 38 arrays, 36.3 MB stored; 3.4 s; peak memory 317 MiB.
2026-10-10T00:00:09Z INFO [646/1000] 567db801-2602-4d5b-bf52-47ecbd428519: 84 arrays, 270.9 MB stored; 3.1 s; peak memory 317 MiB.
2026-10-10T00:00:09Z INFO [647/1000] 567dea6c-aeb2-40a3-aaec-c833350ff810: 62 arrays, 0.8 MB stored; 1.7 s; peak memory 317 MiB.
2026-10-10T00:00:10Z INFO [648/1000] 56792789-3a3e-4ada-b3d3-f5b5016e7cc2: 897 arrays, 24.7 MB stored; 13.1 s; peak memory 317 MiB.
2026-10-10T00:00:12Z INFO [649/1000] 567ea9e9-0105-4d78-9906-9aaeb0baeded: 76 arrays, 5.1 MB stored; 2.1 s; peak memory 317 MiB.
2026-10-10T00:00:13Z INFO [650/1000] 5678d28f-99ce-4c89-8d57-e5b9a207664d: 1313 arrays, 31.6 MB stored; 15.9 s; peak memory 317 MiB.
2026-10-10T00:00:14Z INFO [651/1000] 567f0d15-2661-449a-8b8b-9069924ea5d9: 117 arrays, 0.2 MB stored; 1.9 s; peak memory 317 MiB.
2026-10-10T00:00:15Z INFO [652/1000] 567f5281-1ffb-45b7-86e6-0b11d0e7ee66: 76 arrays, 4.0 MB stored; 2.3 s; peak memory 317 MiB.
2026-10-10T00:00:16Z INFO [653/1000] 567e35a5-9cf3-4d58-ac16-c5d76319f5fb: 46 arrays, 3258.3 MB stored; 6.6 s; peak memory 317 MiB.
2026-10-10T00:00:17Z INFO [654/1000] 567fa8ea-0004-438a-87b0-1983223b62da: 112 arrays, 0.8 MB stored; 2.2 s; peak memory 317 MiB.
2026-10-10T00:00:19Z INFO [655/1000] 56801b37-5ed9-458d-bca4-e78edd2dbe43: 48 arrays, 83.9 MB stored; 1.6 s; peak memory 317 MiB.
2026-10-10T00:00:23Z INFO [656/1000] 567fd098-ab7d-4709-a9e9-165cfaf8fd08: 538 arrays, 8.3 MB stored; 7.6 s; peak memory 317 MiB.
2026-10-10T00:00:26Z INFO [657/1000] 5681966b-0d91-4fc1-b395-6a1868401648: 70 arrays, 138.1 MB stored; 2.8 s; peak memory 317 MiB.
2026-10-10T00:00:27Z INFO [658/1000] 567f768c-f96c-466e-8614-e39a7272d690: 1163 arrays, 31.9 MB stored; 12.3 s; peak memory 317 MiB.
2026-10-10T00:00:28Z INFO [659/1000] 5681ce86-7abf-4038-94da-af5726fb7ba4: 117 arrays, 0.3 MB stored; 2.3 s; peak memory 317 MiB.
2026-10-10T00:00:31Z INFO [660/1000] 5681e10e-baf9-46af-b0e5-0153df8b05a6: 38 arrays, 26.2 MB stored; 3.1 s; peak memory 317 MiB.
2026-10-10T00:00:33Z INFO [661/1000] 5681d666-b1f7-4a48-83ec-5a69fd750f9f: 772 arrays, 6.3 MB stored; 6.8 s; peak memory 317 MiB.
2026-10-10T00:00:34Z INFO [662/1000] 56820dcf-d588-4c09-a322-2a076b8dac4f: 59 arrays, 97.3 MB stored; 2.2 s; peak memory 317 MiB.
2026-10-10T00:00:36Z INFO [663/1000] 56821d3d-3a54-4d60-a460-d0221d0f7c23: 119 arrays, 66.4 MB stored; 2.7 s; peak memory 317 MiB.
2026-10-10T00:00:38Z INFO [664/1000] 56830a80-f739-4525-a95d-fbcab3844dfe: 117 arrays, 0.4 MB stored; 1.9 s; peak memory 317 MiB.
2026-10-10T00:00:40Z INFO [665/1000] 568327ef-fedf-4835-9a7b-31b9d25f9a03: 66 arrays, 79.1 MB stored; 2.1 s; peak memory 317 MiB.
2026-10-10T00:00:40Z INFO [666/1000] 5682d84d-0451-4b6f-aff7-ac73def11d92: 466 arrays, 5.3 MB stored; 6.7 s; peak memory 317 MiB.
2026-10-10T00:00:42Z INFO [667/1000] 56837cbe-1230-47cb-aff7-4d99fe3868dd: 48 arrays, 83.9 MB stored; 1.5 s; peak memory 317 MiB.
2026-10-10T00:00:43Z INFO [668/1000] 56837450-2b30-4af5-bfc7-ebafd65f7ac9: 71 arrays, 65.4 MB stored; 2.6 s; peak memory 317 MiB.
2026-10-10T00:00:44Z INFO [669/1000] 56838d47-4392-454d-89cf-a4a3a284d678: 66 arrays, 65.8 MB stored; 2.0 s; peak memory 317 MiB.
2026-10-10T00:00:44Z INFO [670/1000] 5683e8b9-e102-40bd-96f9-1756cf74fdd9: 52 arrays, 0.0 MB stored; 1.5 s; peak memory 317 MiB.
2026-10-10T00:00:46Z INFO [671/1000] 56841ef4-e51e-4f65-b8df-20a792697686: 48 arrays, 83.9 MB stored; 1.7 s; peak memory 317 MiB.
2026-10-10T00:00:47Z INFO [672/1000] 56849bdc-bc43-464e-9d6e-b507e82cb465: 118 arrays, 0.2 MB stored; 1.8 s; peak memory 317 MiB.
2026-10-10T00:00:49Z INFO [673/1000] 568520d0-57b9-4b89-8746-3777d944988b: 47 arrays, 0.8 MB stored; 1.7 s; peak memory 317 MiB.
2026-10-10T00:00:50Z INFO [674/1000] 566f98f3-47ba-4723-9ac1-701ee1e9aa51: 49 arrays, 59217.9 MB stored; 71.7 s; peak memory 317 MiB.
2026-10-10T00:00:52Z INFO [675/1000] 5685a7b5-fdf5-40cb-8e3f-bc017a2c1620: 155 arrays, 1.1 MB stored; 2.7 s; peak memory 317 MiB.
2026-10-10T00:00:52Z INFO [676/1000] 5685c03c-a32b-483e-8667-0158ede60a1f: 66 arrays, 102.7 MB stored; 2.4 s; peak memory 317 MiB.
2026-10-10T00:00:54Z INFO [677/1000] 56862331-e412-4840-9598-65a1550cbea9: 112 arrays, 0.7 MB stored; 2.3 s; peak memory 317 MiB.
2026-10-10T00:00:56Z INFO [678/1000] 568656e1-6e60-467d-81a8-195fa6045c6e: 154 arrays, 4.5 MB stored; 3.3 s; peak memory 317 MiB.
2026-10-10T00:00:56Z INFO [679/1000] 56877e1c-7294-474c-803a-6344ca4d2c1e: 45 arrays, 0.0 MB stored; 1.5 s; peak memory 317 MiB.
2026-10-10T00:00:56Z INFO [680/1000] 56849213-4255-45e7-ba06-330c5709fa5b: 869 arrays, 34.4 MB stored; 12.0 s; peak memory 317 MiB.
2026-10-10T00:00:58Z INFO [681/1000] 5687a5ea-4564-40a9-9cab-21b6700a89f0: 117 arrays, 0.3 MB stored; 1.9 s; peak memory 317 MiB.
2026-10-10T00:00:58Z INFO [682/1000] 5687f47a-042e-4b62-957c-acced6d8eabd: 117 arrays, 0.4 MB stored; 2.1 s; peak memory 317 MiB.
2026-10-10T00:01:00Z INFO [683/1000] 56889974-a7de-4e61-930e-0bc83ebf3d49: 118 arrays, 0.5 MB stored; 2.0 s; peak memory 317 MiB.
2026-10-10T00:01:02Z INFO [684/1000] 5688ccb8-0cf1-423d-be9a-f3db32e1aeb5: 36 arrays, 5.2 MB stored; 1.6 s; peak memory 317 MiB.
2026-10-10T00:01:03Z INFO [685/1000] 56888fe5-99a2-491c-833e-8be16fc34c29: 156 arrays, 8.0 MB stored; 5.0 s; peak memory 317 MiB.
2026-10-10T00:01:04Z INFO [686/1000] 567e6063-e706-40d3-a117-d7ad8a78171f: 55 arrays, 1920.9 MB stored; 54.8 s; peak memory 317 MiB.
2026-10-10T00:01:07Z INFO [687/1000] 568a3279-503f-4a80-b3b6-8d7b521aa9d8: 38 arrays, 33.5 MB stored; 3.2 s; peak memory 317 MiB.
2026-10-10T00:01:09Z INFO [688/1000] 568a3d05-a6ba-4af8-bd04-e0d0c18ef858: 117 arrays, 0.3 MB stored; 2.0 s; peak memory 317 MiB.
2026-10-10T00:01:11Z INFO [689/1000] 5664a880-b0d9-4828-9659-967e00fc4827: 260 arrays, 19750.6 MB stored; 136.5 s; peak memory 317 MiB.
2026-10-10T00:01:12Z INFO [690/1000] 568a64f2-81b3-419a-8922-8ecb4e2434c5: 71 arrays, 165.5 MB stored; 2.8 s; peak memory 317 MiB.
2026-10-10T00:01:12Z INFO [691/1000] 56894766-5d9a-4b00-b441-dd4e2d21b82e: 1140 arrays, 23.6 MB stored; 9.7 s; peak memory 317 MiB.
2026-10-10T00:01:12Z INFO [692/1000] 568bb538-1ac4-4111-9232-3c7568944f41: 46 arrays, 12.6 MB stored; 1.7 s; peak memory 317 MiB.
2026-10-10T00:01:13Z INFO [693/1000] 5687cba3-834f-41ac-98f5-f34022760d3b: 493 arrays, 38.8 MB stored; 17.6 s; peak memory 317 MiB.
2026-10-10T00:01:14Z INFO [694/1000] 568c2b62-f45a-4121-b529-b02c6eb9ff53: 118 arrays, 0.2 MB stored; 2.0 s; peak memory 317 MiB.
2026-10-10T00:01:15Z INFO [695/1000] 568ce699-42e4-456e-94cb-e75544dc3eed: 51 arrays, 177.5 MB stored; 3.2 s; peak memory 317 MiB.
2026-10-10T00:01:16Z INFO [696/1000] 568cfebf-a388-43a1-8a4b-b5ab0a89fbb8: 112 arrays, 1.2 MB stored; 3.1 s; peak memory 317 MiB.
2026-10-10T00:01:16Z INFO [697/1000] 568d26e8-abe7-4b49-956e-2e4401736fdf: 41 arrays, 8.4 MB stored; 1.6 s; peak memory 317 MiB.
2026-10-10T00:01:17Z INFO [698/1000] 568d8ddc-aedc-4631-9ca1-a431784976d4: 48 arrays, 83.9 MB stored; 1.7 s; peak memory 317 MiB.
2026-10-10T00:01:17Z INFO [699/1000] 568ea9cd-c705-4c8e-b58c-4e2d3427d160: 48 arrays, 83.9 MB stored; 1.7 s; peak memory 317 MiB.
2026-10-10T00:01:18Z INFO [700/1000] 56891f68-a511-4bb9-8e5b-56292bf55448: 357 arrays, 329.5 MB stored; 16.1 s; peak memory 317 MiB.
2026-10-10T00:01:19Z INFO [701/1000] 568ebb32-9d5d-49e7-9e84-b37571b46a29: 48 arrays, 83.9 MB stored; 1.7 s; peak memory 317 MiB.
2026-10-10T00:01:19Z INFO [702/1000] 568ed36b-5e62-49ce-9adf-adb6ce3d2458: 77 arrays, 0.3 MB stored; 1.9 s; peak memory 317 MiB.
2026-10-10T00:01:20Z INFO [703/1000] 568ee7da-0073-4def-aa8f-e17f1174608c: 32 arrays, 976.6 MB stored; 1.9 s; peak memory 317 MiB.
2026-10-10T00:01:22Z INFO [704/1000] 568fa32d-1c1d-4a68-822b-fe2b3f2dfc36: 117 arrays, 0.2 MB stored; 1.9 s; peak memory 317 MiB.
2026-10-10T00:01:26Z INFO [705/1000] 568d1775-43f3-426b-b412-775f2aaabce9: 196 arrays, 5672.0 MB stored; 12.8 s; peak memory 317 MiB.
2026-10-10T00:01:28Z INFO [706/1000] 568fecd5-9236-40b2-a325-e51c8e17b3a8: 46 arrays, 13.3 MB stored; 2.0 s; peak memory 317 MiB.
2026-10-10T00:01:30Z INFO [707/1000] 568f6f7c-9f7a-4a5d-88a9-3035d3e5e2d9: 1053 arrays, 22.7 MB stored; 10.8 s; peak memory 317 MiB.
2026-10-10T00:01:30Z INFO [708/1000] 568fde0a-dc90-4b54-be9f-e13c01845f47: 706 arrays, 20.9 MB stored; 8.7 s; peak memory 317 MiB.
2026-10-10T00:01:32Z INFO [709/1000] 5691d1f2-6341-47e1-b666-127dc5d24aac: 46 arrays, 2.5 MB stored; 1.7 s; peak memory 317 MiB.
2026-10-10T00:01:33Z INFO [710/1000] 56920ee3-e059-4a4a-a93e-8b2159a5ad91: 112 arrays, 0.5 MB stored; 2.1 s; peak memory 317 MiB.
2026-10-10T00:01:34Z INFO [711/1000] 569270b3-6f49-4a1d-96fa-507eaf59fc1e: 114 arrays, 0.0 MB stored; 1.8 s; peak memory 317 MiB.
2026-10-10T00:01:35Z INFO [712/1000] 568e3bb1-bf1c-44f3-bf1f-740a79c7cb31: 751 arrays, 20.2 MB stored; 19.0 s; peak memory 317 MiB.
2026-10-10T00:01:35Z INFO [713/1000] 56934532-d037-4387-b0cb-785a1e3f3e24: 113 arrays, 0.3 MB stored; 2.0 s; peak memory 317 MiB.
2026-10-10T00:01:36Z INFO [714/1000] 5693672f-ae13-4d4c-8980-ab4bc57325e0: 118 arrays, 0.5 MB stored; 1.9 s; peak memory 317 MiB.
2026-10-10T00:01:38Z INFO [715/1000] 5690b13b-1678-4f56-b942-5fe210b1adad: 44 arrays, 4834.8 MB stored; 9.5 s; peak memory 317 MiB.
2026-10-10T00:01:41Z INFO [716/1000] 569485d4-afda-495d-83e5-6d5bf118cd9b: 156 arrays, 193.4 MB stored; 4.4 s; peak memory 317 MiB.
2026-10-10T00:01:41Z INFO [717/1000] 569623d4-8182-456a-ab82-f0bdacbb25c7: 153 arrays, 3.3 MB stored; 3.9 s; peak memory 317 MiB.
2026-10-10T00:01:43Z INFO [718/1000] 5697a8f5-97c2-4099-b6a8-a0df335a2df7: 59 arrays, 0.1 MB stored; 1.7 s; peak memory 317 MiB.
2026-10-10T00:01:43Z INFO [719/1000] 5693d64c-8cdd-4a98-870d-1511948a3a8b: 538 arrays, 8.3 MB stored; 8.6 s; peak memory 317 MiB.
2026-10-10T00:01:47Z INFO [720/1000] 569357c8-2b0c-4dc1-ada7-d74c3e04e1f9: 966 arrays, 39.4 MB stored; 13.5 s; peak memory 317 MiB.
2026-10-10T00:01:49Z INFO [721/1000] 56984634-ed00-4654-9393-23758efe5f97: 62 arrays, 0.8 MB stored; 1.8 s; peak memory 317 MiB.
2026-10-10T00:01:49Z INFO [722/1000] 5698176d-2dc8-4117-9c20-ee7d885f67b3: 223 arrays, 249.2 MB stored; 6.3 s; peak memory 317 MiB.
2026-10-10T00:01:50Z INFO [723/1000] 568f4af6-4c40-4ea5-a06e-6b8e6f3920e5: 6532 arrays, 57.0 MB stored; 31.4 s; peak memory 317 MiB.
2026-10-10T00:01:52Z INFO [724/1000] 5698ed70-b2d5-4e49-b5ab-347d8ab89e50: 118 arrays, 0.3 MB stored; 2.0 s; peak memory 317 MiB.
2026-10-10T00:01:52Z INFO [725/1000] 569888ea-5b1b-4fd6-ae48-f9e52599844d: 87 arrays, 8.5 MB stored; 3.4 s; peak memory 317 MiB.
2026-10-10T00:01:54Z INFO [726/1000] 5699ca3c-fa67-4373-a97d-1a3e188d4b5d: 48 arrays, 83.9 MB stored; 1.7 s; peak memory 317 MiB.
2026-10-10T00:01:56Z INFO [727/1000] 569812a5-8429-4827-9a83-8e4636ae5890: 1089 arrays, 24.9 MB stored; 12.6 s; peak memory 317 MiB.
2026-10-10T00:01:57Z INFO [728/1000] 569b07e5-88f9-4c3e-a0a5-418309458bbc: 48 arrays, 83.9 MB stored; 1.7 s; peak memory 317 MiB.
2026-10-10T00:01:59Z INFO [729/1000] 5699ef14-a8ad-4e6d-9fe9-752e0094102f: 387 arrays, 3.1 MB stored; 5.0 s; peak memory 317 MiB.
2026-10-10T00:02:03Z INFO [730/1000] 569bb085-aaad-47f6-9f1a-80687b327ed0: 115 arrays, 186.8 MB stored; 3.6 s; peak memory 317 MiB.
2026-10-10T00:02:05Z INFO [731/1000] 569c5d60-fda2-4883-8f9c-94e0b1589cbb: 76 arrays, 77.5 MB stored; 2.6 s; peak memory 317 MiB.
2026-10-10T00:02:07Z INFO [732/1000] 569cca37-987d-469e-b08a-a8c3121037b5: 48 arrays, 83.9 MB stored; 1.9 s; peak memory 317 MiB.
2026-10-10T00:02:08Z INFO [733/1000] 569b5489-3e15-435a-a649-d2e958720188: 861 arrays, 25.1 MB stored; 10.9 s; peak memory 317 MiB.
2026-10-10T00:02:10Z INFO [734/1000] 569e0ad3-775c-46fb-85cb-3afd3f9d8398: 37 arrays, 0.0 MB stored; 1.3 s; peak memory 317 MiB.
2026-10-10T00:02:11Z INFO [735/1000] 569d8649-1653-4ccb-b21c-e77deec7ff07: 116 arrays, 187.2 MB stored; 3.9 s; peak memory 317 MiB.
2026-10-10T00:02:12Z INFO [736/1000] 5640e425-5281-4e0b-9c1c-73a85a14cc58: 292 arrays, 40712.7 MB stored; 270.3 s; peak memory 317 MiB.
2026-10-10T00:02:14Z INFO [737/1000] 569e7035-7172-48bb-9118-abb9db06ef2b: 71 arrays, 3.4 MB stored; 2.2 s; peak memory 317 MiB.
2026-10-10T00:02:16Z INFO [738/1000] 569e209b-969a-49f9-8852-5306a84401f5: 437 arrays, 6.2 MB stored; 6.5 s; peak memory 317 MiB.
2026-10-10T00:02:16Z INFO [739/1000] 569fa978-c361-4492-919a-76fa6eb9ce3a: 77 arrays, 0.0 MB stored; 1.9 s; peak memory 317 MiB.
2026-10-10T00:02:19Z INFO [740/1000] 56a05c48-d182-4c8d-a1ca-83c304d25f43: 66 arrays, 36.1 MB stored; 2.3 s; peak memory 317 MiB.
2026-10-10T00:02:21Z INFO [741/1000] 56a0919a-72f3-4dae-9826-679c8387df4e: 112 arrays, 0.6 MB stored; 2.3 s; peak memory 317 MiB.
2026-10-10T00:02:23Z INFO [742/1000] 56a1936b-58d0-4c02-a32a-af875b938856: 48 arrays, 83.9 MB stored; 1.7 s; peak memory 317 MiB.
2026-10-10T00:02:24Z INFO [743/1000] 569ff6c6-ef75-43a6-86c9-3d0783289010: 538 arrays, 8.4 MB stored; 7.6 s; peak memory 317 MiB.
2026-10-10T00:02:24Z INFO [744/1000] 569e4a56-8a56-4103-a80d-0a2c6b857408: 369 arrays, 474.8 MB stored; 13.4 s; peak memory 317 MiB.
2026-10-10T00:02:25Z INFO [745/1000] 56a1e8c5-0da3-490c-be13-5d1ec04df853: 117 arrays, 0.3 MB stored; 1.9 s; peak memory 317 MiB.
2026-10-10T00:02:27Z INFO [746/1000] 56a2ccdb-dc31-4d0a-afdc-f1543f6c16b9: 66 arrays, 349.8 MB stored; 3.1 s; peak memory 317 MiB.
2026-10-10T00:02:29Z INFO [747/1000] 56a2f2f7-a9a4-4259-b884-90cfafaca1c1: 77 arrays, 0.1 MB stored; 2.0 s; peak memory 317 MiB.
2026-10-10T00:02:31Z INFO [748/1000] 56a2fa72-6f7b-44f9-940f-adf6356bef51: 48 arrays, 83.9 MB stored; 1.7 s; peak memory 317 MiB.
2026-10-10T00:02:34Z INFO [749/1000] 56a280f6-e2a7-4139-bc75-b39eebce2c67: 300 arrays, 17921.3 MB stored; 10.0 s; peak memory 317 MiB.
2026-10-10T00:02:38Z INFO [750/1000] 56a43304-a3fa-45c8-899b-3744efefd9d5: 156 arrays, 193.5 MB stored; 4.1 s; peak memory 317 MiB.
2026-10-10T00:02:40Z INFO [751/1000] 56a33c65-943c-4cc0-82ae-c863b4596bbe: 538 arrays, 8.5 MB stored; 8.5 s; peak memory 317 MiB.
2026-10-10T00:02:40Z INFO [752/1000] 56a2e3de-0d70-4430-b347-6fbe939a4228: 324 arrays, 1409.1 MB stored; 15.4 s; peak memory 317 MiB.
2026-10-10T00:02:45Z INFO [753/1000] 56a46d83-334d-4927-84cd-5132572fdb6c: 71 arrays, 68.1 MB stored; 7.2 s; peak memory 318 MiB.
2026-10-10T00:02:47Z INFO [754/1000] 56a4ef98-a6f0-4377-8a23-373fba80b153: 69 arrays, 21.9 MB stored; 2.3 s; peak memory 318 MiB.
2026-10-10T00:02:48Z INFO [755/1000] 56993e2c-48d9-4c81-91d4-20bba0f8e216: 55 arrays, 1950.3 MB stored; 55.6 s; peak memory 318 MiB.
2026-10-10T00:02:51Z INFO [756/1000] 56a50b0c-5e80-4a27-aa71-397de459f89e: 119 arrays, 67.4 MB stored; 3.4 s; peak memory 318 MiB.
2026-10-10T00:02:55Z INFO [757/1000] 56a5cf5d-b437-4c97-94fe-4203ed26c4c1: 85 arrays, 1223.6 MB stored; 4.1 s; peak memory 318 MiB.
2026-10-10T00:02:55Z INFO [758/1000] 56a4e480-d575-427d-ab40-324b394bf18b: 3319 arrays, 12.5 MB stored; 14.9 s; peak memory 322 MiB.
2026-10-10T00:02:57Z INFO [759/1000] 56a5d64c-32b0-4f4e-bc80-1d478d7bf22a: 118 arrays, 0.3 MB stored; 1.9 s; peak memory 322 MiB.
2026-10-10T00:02:57Z INFO [760/1000] 56a5d6c1-ea7d-4527-b532-41c9e05536dc: 48 arrays, 83.9 MB stored; 1.7 s; peak memory 322 MiB.
2026-10-10T00:02:59Z INFO [761/1000] 56a6a275-80a3-4b0c-b6c9-586e7562731d: 112 arrays, 0.7 MB stored; 2.2 s; peak memory 322 MiB.
2026-10-10T00:02:59Z INFO [762/1000] 56a664ef-8eee-4491-930c-b07b8548c414: 62 arrays, 3002.9 MB stored; 2.5 s; peak memory 322 MiB.
2026-10-10T00:03:01Z INFO [763/1000] 56a701b3-ccbf-438e-a2fa-a032471e18b5: 112 arrays, 0.5 MB stored; 2.0 s; peak memory 322 MiB.
2026-10-10T00:03:03Z INFO [764/1000] 56a8334a-2dc0-4086-90b3-ed99d41f5fdb: 48 arrays, 83.9 MB stored; 1.6 s; peak memory 322 MiB.
2026-10-10T00:03:03Z INFO [765/1000] 56a6f4f9-60b6-4c9d-8ce3-4694176b0bad: 116 arrays, 187.1 MB stored; 3.9 s; peak memory 322 MiB.
2026-10-10T00:03:04Z INFO [766/1000] 56a4dd87-d00a-43d2-9319-35aa2fa11ab4: 1726 arrays, 49.1 MB stored; 23.9 s; peak memory 324 MiB.
2026-10-10T00:03:04Z INFO [767/1000] 56a5870b-1fab-41e8-b30e-6a714e249ace: 4321 arrays, 40.4 MB stored; 16.1 s; peak memory 328 MiB.
2026-10-10T00:03:04Z INFO [768/1000] 568167d5-f468-4f96-9fae-44f17f490213: 433 arrays, 22337.0 MB stored; 165.2 s; peak memory 328 MiB.
2026-10-10T00:03:05Z INFO [769/1000] 56a87377-d7e5-47cf-96dc-078d0833062b: 46 arrays, 0.8 MB stored; 1.9 s; peak memory 328 MiB.
2026-10-10T00:03:06Z INFO [770/1000] 56ab317b-0417-4174-9373-adf886dd3f55: 112 arrays, 0.1 MB stored; 2.1 s; peak memory 328 MiB.
2026-10-10T00:03:06Z INFO [771/1000] 56ac7c22-6aa0-43ce-8b04-791f33ad6829: 115 arrays, 0.5 MB stored; 2.1 s; peak memory 329 MiB.
2026-10-10T00:03:08Z INFO [772/1000] 56ad969b-41bc-4a96-93a0-a7254323d5de: 48 arrays, 83.9 MB stored; 1.8 s; peak memory 329 MiB.
2026-10-10T00:03:08Z INFO [773/1000] 56ad2125-5722-4390-97a2-79e0370903a2: 117 arrays, 0.4 MB stored; 2.1 s; peak memory 329 MiB.
2026-10-10T00:03:10Z INFO [774/1000] 56a8fc69-bfbe-49a1-98be-0385f14bcde6: 225 arrays, 946.1 MB stored; 7.4 s; peak memory 329 MiB.
2026-10-10T00:03:10Z INFO [775/1000] 56add333-e3d5-4047-93d5-7532a98e26d5: 112 arrays, 0.9 MB stored; 2.3 s; peak memory 329 MiB.
2026-10-10T00:03:11Z INFO [776/1000] 56ad0fda-26a7-4233-b668-44435421e9ed: 229 arrays, 393.7 MB stored; 6.9 s; peak memory 329 MiB.
2026-10-10T00:03:12Z INFO [777/1000] 56adbc5c-9f56-4898-826b-be2debfea346: 156 arrays, 193.6 MB stored; 4.2 s; peak memory 329 MiB.
2026-10-10T00:03:12Z INFO [778/1000] 56ade0ef-b5df-4e2f-8962-bd2b52333b37: 112 arrays, 0.4 MB stored; 2.1 s; peak memory 330 MiB.
2026-10-10T00:03:13Z INFO [779/1000] 56af71bc-18b1-4732-afc5-12c73e06ed15: 57 arrays, 0.0 MB stored; 1.4 s; peak memory 330 MiB.
2026-10-10T00:03:14Z INFO [780/1000] 56af3a33-0591-48ab-8c69-59034ab2fb3e: 123 arrays, 5.6 MB stored; 3.3 s; peak memory 330 MiB.
2026-10-10T00:03:14Z INFO [781/1000] 56afed62-5b56-47dd-8585-101760c08690: 50 arrays, 5.5 MB stored; 1.5 s; peak memory 330 MiB.
2026-10-10T00:03:14Z INFO [782/1000] 56afa85e-bc00-45a3-8d76-1903a300af97: 113 arrays, 0.5 MB stored; 2.2 s; peak memory 330 MiB.
2026-10-10T00:03:15Z INFO [783/1000] 56b04a6a-2886-4a39-8625-69c6378e70e3: 48 arrays, 83.9 MB stored; 1.6 s; peak memory 330 MiB.
2026-10-10T00:03:16Z INFO [784/1000] 56b0c496-ee4a-4d42-b87b-34c76c7aa323: 116 arrays, 0.2 MB stored; 1.9 s; peak memory 330 MiB.
2026-10-10T00:03:16Z INFO [785/1000] 56b11d68-228b-4bb6-9504-2162f809744f: 48 arrays, 83.9 MB stored; 1.7 s; peak memory 330 MiB.
2026-10-10T00:03:16Z INFO [786/1000] 56b09b62-f2e4-4b49-b719-12a311c61c93: 112 arrays, 0.7 MB stored; 2.4 s; peak memory 330 MiB.
2026-10-10T00:03:18Z INFO [787/1000] 56b4449d-5ef8-4b75-a6ca-17f4a657418c: 117 arrays, 0.4 MB stored; 2.1 s; peak memory 330 MiB.
2026-10-10T00:03:19Z INFO [788/1000] 56b3bdaa-966b-44d9-8c27-39288c8adf4b: 38 arrays, 24.4 MB stored; 2.9 s; peak memory 330 MiB.
2026-10-10T00:03:21Z INFO [789/1000] 56b5802c-fcce-47ba-a355-e9b386766100: 117 arrays, 0.4 MB stored; 2.0 s; peak memory 330 MiB.
2026-10-10T00:03:26Z INFO [790/1000] 56b4961c-71c7-498c-9d8d-5eb5238c0853: 538 arrays, 7.6 MB stored; 7.6 s; peak memory 331 MiB.
2026-10-10T00:03:29Z INFO [791/1000] 56b1f1ff-b9c5-4464-bfed-879bd0d93881: 557 arrays, 101.2 MB stored; 12.9 s; peak memory 332 MiB.
2026-10-10T00:03:31Z INFO [792/1000] 56b122d7-85d7-4f5c-96bc-5372ca17a15a: 1626 arrays, 27.3 MB stored; 16.5 s; peak memory 333 MiB.
2026-10-10T00:03:32Z INFO [793/1000] 56b592bf-da44-4970-9e66-ded08e1314bb: 336 arrays, 44.0 MB stored; 11.1 s; peak memory 334 MiB.
2026-10-10T00:03:33Z INFO [794/1000] 56b5c54d-2ccd-44f0-a7e6-31eecb45395b: 48 arrays, 83.9 MB stored; 1.7 s; peak memory 334 MiB.
2026-10-10T00:03:35Z INFO [795/1000] 56b5affc-0515-48b5-9128-f79b483c4bef: 44 arrays, 2377.4 MB stored; 6.2 s; peak memory 334 MiB.
2026-10-10T00:03:36Z INFO [796/1000] 56b71ca9-cea0-484e-9206-b57fac03a640: 70 arrays, 203.4 MB stored; 3.3 s; peak memory 334 MiB.
2026-10-10T00:03:38Z INFO [797/1000] 56b5a5d9-43fe-494c-bcf9-d9db40e7e4db: 703 arrays, 38.8 MB stored; 12.3 s; peak memory 334 MiB.
2026-10-10T00:03:40Z INFO [798/1000] 56aaed5b-9e82-4ff9-b319-64149c3f3cd3: 7927 arrays, 80.5 MB stored; 36.0 s; peak memory 342 MiB.
2026-10-10T00:03:40Z INFO [799/1000] 56b74fde-58b1-4f02-b84d-2e4a04d58cf2: 186 arrays, 28.8 MB stored; 3.6 s; peak memory 342 MiB.
2026-10-10T00:03:40Z INFO [800/1000] 56b77554-d02b-4fba-9738-9582d68805f1: 110 arrays, 0.4 MB stored; 2.1 s; peak memory 342 MiB.
2026-10-10T00:03:41Z INFO [800/1000] 56b77554-d02b-4fba-9738-9582d68805f1: checkpointed 800 new records.
2026-10-10T00:03:41Z INFO [801/1000] 566804b6-f97b-4ee7-927a-87549060f1aa: 283 arrays, 39444.2 MB stored; 275.3 s; peak memory 442 MiB.
2026-10-10T00:03:41Z INFO [802/1000] 56b7d2d1-6ad0-46c6-9ad1-fea27feebb2b: 48 arrays, 83.9 MB stored; 1.8 s; peak memory 442 MiB.
2026-10-10T00:03:42Z INFO [803/1000] 56ba1f2d-9859-4b9c-9fd4-c6612d4c13cc: 37 arrays, 0.0 MB stored; 1.4 s; peak memory 442 MiB.
2026-10-10T00:03:43Z INFO [804/1000] 56b8dcf2-7e22-44e4-98d6-56ba47472155: 68 arrays, 96.2 MB stored; 2.6 s; peak memory 442 MiB.
2026-10-10T00:03:43Z INFO [805/1000] 56bb9f76-063d-4b49-93a3-9b76443d48dd: 46 arrays, 0.1 MB stored; 1.4 s; peak memory 442 MiB.
2026-10-10T00:03:45Z INFO [806/1000] 56bc31c0-5434-4269-a3a1-f7e638ec7a5f: 117 arrays, 0.3 MB stored; 1.8 s; peak memory 442 MiB.
2026-10-10T00:03:47Z INFO [807/1000] 56bc3f15-bbd0-4a3a-8453-82b8fd8f311d: 48 arrays, 83.9 MB stored; 1.8 s; peak memory 442 MiB.
2026-10-10T00:03:49Z INFO [808/1000] 56b80624-227e-4890-8eb3-3c7b76e85bd0: 196 arrays, 794.3 MB stored; 9.7 s; peak memory 442 MiB.
2026-10-10T00:03:50Z INFO [809/1000] 56bc0a91-81ac-486b-84b4-9b6bb263d5ae: 225 arrays, 824.2 MB stored; 7.4 s; peak memory 442 MiB.
2026-10-10T00:03:51Z INFO [810/1000] 56bc841f-3ac0-4def-bdbc-8dfa00ebfe9c: 63 arrays, 0.1 MB stored; 1.7 s; peak memory 442 MiB.
2026-10-10T00:03:52Z INFO [811/1000] 56bcbd23-11c7-4e55-81e5-026e66613cbe: 112 arrays, 0.6 MB stored; 2.1 s; peak memory 442 MiB.
2026-10-10T00:03:53Z INFO [812/1000] 56bd044d-ef46-4949-9902-a62f395c2578: 48 arrays, 83.9 MB stored; 1.8 s; peak memory 442 MiB.
2026-10-10T00:03:54Z INFO [813/1000] 56bde432-aa1a-4c11-9c3e-29ca8034e49e: 48 arrays, 83.9 MB stored; 1.9 s; peak memory 442 MiB.
2026-10-10T00:03:56Z INFO [814/1000] 56bdf113-a780-4bff-8583-13e6635f5520: 38 arrays, 2550.5 MB stored; 3.1 s; peak memory 442 MiB.
2026-10-10T00:03:57Z INFO [815/1000] 56bedd68-9c01-42fa-a4fa-c0377e0f0561: 71 arrays, 4.3 MB stored; 2.4 s; peak memory 442 MiB.
2026-10-10T00:03:58Z INFO [816/1000] 56bfa0cb-6aba-4489-908b-1ec2b115282a: 117 arrays, 0.2 MB stored; 1.8 s; peak memory 442 MiB.
2026-10-10T00:03:59Z INFO [817/1000] 56bff71f-42af-4bf5-835c-01a08f85b114: 118 arrays, 0.6 MB stored; 2.2 s; peak memory 442 MiB.
2026-10-10T00:04:00Z INFO [818/1000] 56c053c8-48c0-4185-9ad5-66e39631ded9: 76 arrays, 4.1 MB stored; 2.3 s; peak memory 442 MiB.
2026-10-10T00:04:00Z INFO [819/1000] 56c06bb6-f735-4163-945a-52f0d1a7da70: 61 arrays, 0.2 MB stored; 1.6 s; peak memory 442 MiB.
2026-10-10T00:04:01Z INFO [820/1000] 56bc78d6-7b1f-4026-8569-9b472adf53d9: 1034 arrays, 40.5 MB stored; 14.0 s; peak memory 442 MiB.
2026-10-10T00:04:02Z INFO [821/1000] 56c0d6c2-f58f-4120-bbca-e01b435adcf8: 45 arrays, 0.0 MB stored; 1.5 s; peak memory 442 MiB.
2026-10-10T00:04:02Z INFO [822/1000] 56c0b01f-d0f4-4d0f-a317-8cb25b168f61: 62 arrays, 4684.6 MB stored; 2.3 s; peak memory 442 MiB.
2026-10-10T00:04:03Z INFO [823/1000] 56c1182f-ec6a-4c79-b66f-af0c7fb6ea91: 117 arrays, 0.3 MB stored; 1.9 s; peak memory 442 MiB.
2026-10-10T00:04:04Z INFO [824/1000] 56c16839-8868-4df5-9d3b-6c01f4ce9cc4: 118 arrays, 0.4 MB stored; 1.9 s; peak memory 442 MiB.
2026-10-10T00:04:05Z INFO [825/1000] 56c13b47-a535-4a20-8542-d9d7fb2d4921: 66 arrays, 78.0 MB stored; 2.6 s; peak memory 442 MiB.
2026-10-10T00:04:05Z INFO [826/1000] 56c18735-33da-4e4e-9c84-16e7e20dd44b: 109 arrays, 0.5 MB stored; 2.2 s; peak memory 442 MiB.
2026-10-10T00:04:06Z INFO [827/1000] 56c217ca-2fce-428c-b15a-67d55536bda4: 112 arrays, 0.1 MB stored; 1.7 s; peak memory 442 MiB.
2026-10-10T00:04:07Z INFO [828/1000] 56c1c155-c820-4335-9ce3-b146275fd5fd: 112 arrays, 0.7 MB stored; 2.4 s; peak memory 442 MiB.
2026-10-10T00:04:07Z INFO [829/1000] 56c2dbe8-3ca3-4ef1-bc38-bb164d6daede: 48 arrays, 83.9 MB stored; 1.7 s; peak memory 442 MiB.
2026-10-10T00:04:08Z INFO [830/1000] 56c32a72-d85c-42c1-b7fa-7d297aae8388: 48 arrays, 83.9 MB stored; 1.7 s; peak memory 442 MiB.
2026-10-10T00:04:09Z INFO [831/1000] 56978a51-44f2-402d-92c1-92656fdc91af: 260 arrays, 19793.6 MB stored; 148.0 s; peak memory 442 MiB.
2026-10-10T00:04:10Z INFO [832/1000] 56c31a1f-a6fb-4b73-ab7d-98fb5ef9a553: 154 arrays, 132.9 MB stored; 3.5 s; peak memory 442 MiB.
2026-10-10T00:04:11Z INFO [833/1000] 56c37572-2caa-4d31-97a7-ae0e5ac82f77: 112 arrays, 0.7 MB stored; 2.2 s; peak memory 442 MiB.
2026-10-10T00:04:11Z INFO [834/1000] 56c46bf5-e7d1-44ea-bdc3-00ad217969c7: 39 arrays, 3.3 MB stored; 1.7 s; peak memory 442 MiB.
2026-10-10T00:04:13Z INFO [835/1000] 56c48c5e-1180-42ab-8abc-298227f8de28: 289 arrays, 17.2 MB stored; 2.6 s; peak memory 442 MiB.
2026-10-10T00:04:15Z INFO [836/1000] 56c4b4cc-8b58-4ba0-89e4-f01a940815f7: 156 arrays, 193.5 MB stored; 4.1 s; peak memory 442 MiB.
2026-10-10T00:04:16Z INFO [837/1000] 56c4eec9-def0-49a2-a927-c7a205450f0e: 112 arrays, 0.8 MB stored; 2.5 s; peak memory 442 MiB.
2026-10-10T00:04:17Z INFO [838/1000] 56c558df-6818-42b7-a7b9-52a208ec4ffc: 170 arrays, 0.7 MB stored; 2.0 s; peak memory 442 MiB.
2026-10-10T00:04:19Z INFO [839/1000] 56c5c8c9-1723-444b-8d4d-372a728746b1: 48 arrays, 83.9 MB stored; 1.7 s; peak memory 442 MiB.
2026-10-10T00:04:21Z INFO [840/1000] 56c637a8-084b-47e5-9c72-ee91b97e5bec: 48 arrays, 83.9 MB stored; 1.7 s; peak memory 442 MiB.
2026-10-10T00:04:23Z INFO [841/1000] 5698c2eb-f309-49c4-a8fa-c9e507b7ebd1: 167 arrays, 21156.5 MB stored; 153.8 s; peak memory 442 MiB.
2026-10-10T00:04:24Z INFO [842/1000] 56c63bb3-d944-4657-9ac2-eeb496423c68: 112 arrays, 1.1 MB stored; 2.7 s; peak memory 442 MiB.
2026-10-10T00:04:25Z INFO [843/1000] 56c7ca35-31ed-4e34-9abc-390fa7a802b9: 21 arrays, 0.6 MB stored; 1.4 s; peak memory 442 MiB.
2026-10-10T00:04:27Z INFO [844/1000] 56c83a76-e933-4ebb-9f95-7e7f20d9ebaf: 48 arrays, 83.9 MB stored; 1.7 s; peak memory 442 MiB.
2026-10-10T00:04:29Z INFO [845/1000] 56c8a859-47cd-45ba-a2b3-10a346f1113e: 112 arrays, 0.9 MB stored; 2.3 s; peak memory 442 MiB.
2026-10-10T00:04:30Z INFO [846/1000] 56c8e682-8887-4be7-9892-0ffdd8a61c1e: 51 arrays, 0.0 MB stored; 1.4 s; peak memory 442 MiB.
2026-10-10T00:04:30Z INFO [847/1000] 56c67489-d366-4145-8b4b-2af59f93d6c6: 200 arrays, 209.8 MB stored; 7.1 s; peak memory 442 MiB.
2026-10-10T00:04:32Z INFO [848/1000] 56c90cb2-d7af-42bf-947a-42ed18657ba5: 48 arrays, 83.9 MB stored; 1.8 s; peak memory 442 MiB.
2026-10-10T00:04:33Z INFO [849/1000] 56c91f7b-c369-46fc-aaf4-b46d6dbd5b74: 116 arrays, 0.5 MB stored; 2.2 s; peak memory 442 MiB.
2026-10-10T00:04:35Z INFO [850/1000] 56c92669-a42a-401f-a2e1-2e3c39967437: 112 arrays, 0.7 MB stored; 2.5 s; peak memory 442 MiB.
2026-10-10T00:04:35Z INFO [851/1000] 56c31f92-42e0-4e3f-a1f9-7b6efc5fb880: 48 arrays, 42390.2 MB stored; 27.9 s; peak memory 442 MiB.
2026-10-10T00:04:35Z INFO [852/1000] 56c95a0f-a9ae-4b0e-a892-2106a19d0ef2: 46 arrays, 5375.9 MB stored; 2.2 s; peak memory 442 MiB.
2026-10-10T00:04:37Z INFO [853/1000] 56caa94f-5820-4166-9f7b-eea120a0c576: 118 arrays, 0.3 MB stored; 2.1 s; peak memory 442 MiB.
2026-10-10T00:04:38Z INFO [854/1000] 56ca6dcb-e697-41bc-b8b1-b202f67711d9: 119 arrays, 67.4 MB stored; 3.4 s; peak memory 442 MiB.
2026-10-10T00:04:40Z INFO [855/1000] 56cb211f-35a5-49bb-bac9-24b35a4d01dc: 48 arrays, 83.9 MB stored; 1.6 s; peak memory 442 MiB.
2026-10-10T00:04:41Z INFO [856/1000] 56cb2a38-3d78-419a-bb1b-d3b3794265ce: 47 arrays, 0.8 MB stored; 1.5 s; peak memory 442 MiB.
2026-10-10T00:04:42Z INFO [857/1000] 56cb6c74-2027-4dd4-879b-c50a4f8609db: 46 arrays, 0.1 MB stored; 1.4 s; peak memory 442 MiB.
2026-10-10T00:04:44Z INFO [858/1000] 56ca70a8-8798-4675-8abf-a0b4c34837d9: 56 arrays, 149.2 MB stored; 9.3 s; peak memory 442 MiB.
2026-10-10T00:04:44Z INFO [859/1000] 56cb9b45-4847-40b6-a929-15865e64b2f3: 48 arrays, 83.9 MB stored; 1.7 s; peak memory 442 MiB.
2026-10-10T00:04:46Z INFO [860/1000] 56cbac83-4484-4d28-a28e-487ba552d32c: 118 arrays, 0.3 MB stored; 1.8 s; peak memory 442 MiB.
2026-10-10T00:04:46Z INFO [861/1000] 56cc4646-9073-49cc-8ff4-3b735d38c9c5: 66 arrays, 99.3 MB stored; 2.2 s; peak memory 442 MiB.
2026-10-10T00:04:48Z INFO [862/1000] 56cab213-4bad-4d8a-8eaa-d09bec663964: 391 arrays, 77.7 MB stored; 11.0 s; peak memory 442 MiB.
2026-10-10T00:04:48Z INFO [863/1000] 56cc60d5-7646-4621-a819-f6c3ccce1867: 48 arrays, 83.9 MB stored; 1.6 s; peak memory 442 MiB.
2026-10-10T00:04:48Z INFO [864/1000] 56cc58c3-62c4-4a26-96a6-ac964ae3a24d: 131 arrays, 0.7 MB stored; 2.4 s; peak memory 442 MiB.
2026-10-10T00:04:50Z INFO [865/1000] 56cd73f7-ab39-4c39-9d9c-7ba45f83315e: 38 arrays, 0.5 MB stored; 1.5 s; peak memory 442 MiB.
2026-10-10T00:04:50Z INFO [866/1000] 56cc831c-e975-435a-b65d-84591be200a3: 48 arrays, 83.9 MB stored; 1.8 s; peak memory 442 MiB.
2026-10-10T00:04:50Z INFO [867/1000] 56c37701-0e3c-4ab8-8982-d2dedda2b6e9: 5426 arrays, 163.0 MB stored; 41.3 s; peak memory 442 MiB.
2026-10-10T00:04:52Z INFO [868/1000] 56cdd04d-eb98-4659-a578-f72e87555fac: 48 arrays, 83.9 MB stored; 1.9 s; peak memory 442 MiB.
2026-10-10T00:04:52Z INFO [869/1000] 56ccbfe3-298a-4990-9460-27ddb572a69a: 114 arrays, 186.9 MB stored; 3.6 s; peak memory 442 MiB.
2026-10-10T00:04:53Z INFO [870/1000] 56cfa255-2c7a-42a9-8cdc-ba0d5f76cd08: 69 arrays, 26.2 MB stored; 2.8 s; peak memory 442 MiB.
2026-10-10T00:04:53Z INFO [871/1000] 56d07ada-e3f7-483b-aa4b-5ea7f03e5a11: 48 arrays, 83.9 MB stored; 1.7 s; peak memory 442 MiB.
2026-10-10T00:04:54Z INFO [872/1000] 56d0b09c-e616-4b05-a0c1-ded9b010ac5d: 58 arrays, 0.0 MB stored; 1.4 s; peak memory 442 MiB.
2026-10-10T00:04:55Z INFO [873/1000] 56d14e33-b6a0-42fd-9b0f-afc65b9b2506: 118 arrays, 0.4 MB stored; 2.0 s; peak memory 442 MiB.
2026-10-10T00:04:56Z INFO [874/1000] 56d0045a-b12b-45cf-bef1-425f8ee7b44a: 156 arrays, 193.5 MB stored; 4.5 s; peak memory 442 MiB.
2026-10-10T00:04:56Z INFO [875/1000] 56d220b0-957d-4815-8886-e5fe98a50683: 52 arrays, 14.2 MB stored; 1.9 s; peak memory 442 MiB.
2026-10-10T00:04:57Z INFO [876/1000] 56ce10df-716d-4a8e-9887-b6c0f2013cf7: 569 arrays, 8.0 MB stored; 7.1 s; peak memory 442 MiB.
2026-10-10T00:04:57Z INFO [877/1000] 56d318c3-1224-40f5-b816-44743a7293f4: 116 arrays, 0.3 MB stored; 1.8 s; peak memory 442 MiB.
2026-10-10T00:04:58Z INFO [878/1000] 56d335da-b9d9-4f3d-9c02-965e7015a4ed: 46 arrays, 1.6 MB stored; 1.7 s; peak memory 442 MiB.
2026-10-10T00:04:59Z INFO [879/1000] 56d38690-46c4-43d3-91f3-879a28be837e: 48 arrays, 83.9 MB stored; 1.8 s; peak memory 442 MiB.
2026-10-10T00:04:59Z INFO [880/1000] 56d393db-38b5-4237-a3a0-ca0476054868: 48 arrays, 83.9 MB stored; 1.7 s; peak memory 442 MiB.
2026-10-10T00:05:00Z INFO [881/1000] 56d3a51d-0df8-4bd8-ae4b-c8dd0bee5cfe: 66 arrays, 19.5 MB stored; 2.3 s; peak memory 442 MiB.
2026-10-10T00:05:01Z INFO [882/1000] 56d3c608-7e7e-4fa9-a127-29e61f4d1061: 117 arrays, 0.4 MB stored; 2.0 s; peak memory 442 MiB.
2026-10-10T00:05:01Z INFO [883/1000] 56d3dccd-a86c-4614-8d8b-f40c80fc277d: 112 arrays, 0.8 MB stored; 2.4 s; peak memory 442 MiB.
2026-10-10T00:05:02Z INFO [884/1000] 56d52923-890f-4018-ade4-56eaa712ae7f: 48 arrays, 83.9 MB stored; 1.6 s; peak memory 442 MiB.
2026-10-10T00:05:02Z INFO [885/1000] 56d4b85c-43dd-45af-a8ae-004faac5bc87: 62 arrays, 4631.4 MB stored; 2.4 s; peak memory 442 MiB.
2026-10-10T00:05:03Z INFO [886/1000] 56d54079-497c-4050-8fcc-bb6f0b0311f3: 72 arrays, 0.1 MB stored; 1.9 s; peak memory 442 MiB.
2026-10-10T00:05:04Z INFO [887/1000] 56d5b1e3-0618-478d-a13c-9bf218e0b0cf: 48 arrays, 83.9 MB stored; 1.8 s; peak memory 442 MiB.
2026-10-10T00:05:06Z INFO [888/1000] 56d59212-fa22-4e59-ad4f-b073d9fd0a5c: 115 arrays, 190.2 MB stored; 3.8 s; peak memory 442 MiB.
2026-10-10T00:05:07Z INFO [889/1000] 56d5e15a-3479-4462-b30c-96e95f842e70: 66 arrays, 97.6 MB stored; 2.4 s; peak memory 442 MiB.
2026-10-10T00:05:07Z INFO [890/1000] 56d5cbb2-69ed-420d-8f89-24bbb613e339: 115 arrays, 190.1 MB stored; 3.6 s; peak memory 442 MiB.
2026-10-10T00:05:08Z INFO [891/1000] 56d688bb-d912-4251-826b-a5069a46b6f0: 35 arrays, 0.0 MB stored; 1.5 s; peak memory 442 MiB.
2026-10-10T00:05:08Z INFO [892/1000] 56d6751e-0fee-4787-ae52-8a02a9ac1a61: 48 arrays, 83.9 MB stored; 1.8 s; peak memory 442 MiB.
2026-10-10T00:05:09Z INFO [893/1000] 56d6471c-28be-48ad-9272-e27b1e976529: 118 arrays, 51.1 MB stored; 2.8 s; peak memory 442 MiB.
2026-10-10T00:05:11Z INFO [894/1000] 56d695fb-d111-47b0-9f7d-476011db88ad: 66 arrays, 104.4 MB stored; 2.3 s; peak memory 442 MiB.
2026-10-10T00:05:12Z INFO [895/1000] 56d6d64e-e311-4d07-86b3-a1a15f50200c: 157 arrays, 160.2 MB stored; 3.5 s; peak memory 442 MiB.
2026-10-10T00:05:13Z INFO [896/1000] 56d769ef-7155-426f-9318-481716ecce8d: 117 arrays, 0.2 MB stored; 2.0 s; peak memory 442 MiB.
2026-10-10T00:05:14Z INFO [897/1000] 56d85df1-3419-40cb-8505-3dc141766a03: 48 arrays, 83.9 MB stored; 1.7 s; peak memory 442 MiB.
2026-10-10T00:05:16Z INFO [898/1000] 56d8d4b3-c711-4ee6-831b-052d602a190f: 101 arrays, 14.6 MB stored; 2.6 s; peak memory 442 MiB.
2026-10-10T00:05:23Z INFO [899/1000] 56d91c5e-bab5-4990-a16d-1260117eaf28: 49 arrays, 36.9 MB stored; 7.1 s; peak memory 442 MiB.
2026-10-10T00:05:25Z INFO [900/1000] 56d739c3-4463-4435-986f-48909c8e866a: 38 arrays, 333.6 MB stored; 16.6 s; peak memory 442 MiB.
2026-10-10T00:05:30Z INFO [901/1000] 56d880c6-d0cc-4f34-8f42-a185b405297e: 966 arrays, 30.5 MB stored; 17.1 s; peak memory 442 MiB.
2026-10-10T00:05:32Z INFO [902/1000] 56dbf592-66d2-43a4-94b2-8e85525bf998: 116 arrays, 0.5 MB stored; 2.0 s; peak memory 442 MiB.
2026-10-10T00:05:35Z INFO [903/1000] 56dc1118-c845-4958-aac9-d8f253766048: 51 arrays, 680.2 MB stored; 3.1 s; peak memory 442 MiB.
2026-10-10T00:05:35Z INFO [904/1000] 56d9509c-20af-4c58-843a-dc6ab78517de: 11485 arrays, 139.9 MB stored; 11.7 s; peak memory 442 MiB.
2026-10-10T00:05:37Z INFO [905/1000] 56dc6315-ecb2-4649-80e6-989aad874004: 48 arrays, 83.9 MB stored; 1.6 s; peak memory 442 MiB.
2026-10-10T00:05:39Z INFO [906/1000] 56dcee99-4f92-4731-bfba-c3d6ce978bdd: 79 arrays, 1.0 MB stored; 2.0 s; peak memory 442 MiB.
2026-10-10T00:05:40Z INFO [907/1000] 56dcf9d5-4d12-4eec-bc35-2f2629c07c7d: 46 arrays, 0.4 MB stored; 1.7 s; peak memory 442 MiB.
2026-10-10T00:05:43Z INFO [908/1000] 56dd335d-9609-4dbf-a2cd-002682855a77: 38 arrays, 34.5 MB stored; 3.0 s; peak memory 442 MiB.
2026-10-10T00:05:48Z INFO [909/1000] 56dc27db-a0d7-402b-8d25-9808eba53dfe: 409 arrays, 11955.1 MB stored; 13.2 s; peak memory 442 MiB.
2026-10-10T00:05:49Z INFO [910/1000] 56ddd45f-5e6a-4520-8154-1eef14512eba: 225 arrays, 240.9 MB stored; 5.8 s; peak memory 442 MiB.
2026-10-10T00:05:50Z INFO [911/1000] 56de3c0e-d859-4b02-ae4b-bfa7d4982607: 48 arrays, 83.9 MB stored; 1.7 s; peak memory 442 MiB.
2026-10-10T00:05:51Z INFO [912/1000] 56df051f-c4a7-4d4c-8143-e6d230d20b77: 38 arrays, 0.5 MB stored; 1.6 s; peak memory 442 MiB.
2026-10-10T00:05:51Z INFO [913/1000] 56df68a9-32cc-4682-9735-7cc81526a015: 46 arrays, 12.6 MB stored; 1.7 s; peak memory 442 MiB.
2026-10-10T00:05:53Z INFO [914/1000] 56e047ca-19b7-4a26-864d-8476b1221f73: 112 arrays, 0.6 MB stored; 2.3 s; peak memory 442 MiB.
2026-10-10T00:05:54Z INFO [915/1000] 56e0eb5b-2da4-48ef-a0bb-a98e3a6c70de: 71 arrays, 50.0 MB stored; 2.7 s; peak memory 442 MiB.
2026-10-10T00:05:55Z INFO [916/1000] 56e0f6a2-26e9-4b9e-93a8-25bb0e5c7ed4: 48 arrays, 83.9 MB stored; 1.8 s; peak memory 442 MiB.
2026-10-10T00:05:57Z INFO [917/1000] 56e20c9f-d3fe-4fb2-a33b-76228caedb11: 48 arrays, 83.9 MB stored; 1.8 s; peak memory 442 MiB.
2026-10-10T00:05:59Z INFO [918/1000] 56e277f1-cf2e-4a94-8770-21977c1c27ac: 116 arrays, 0.4 MB stored; 2.1 s; peak memory 442 MiB.
2026-10-10T00:06:00Z INFO [919/1000] 56e1a6e7-67cb-4074-b964-0267f4322571: 654 arrays, 5.0 MB stored; 5.7 s; peak memory 442 MiB.
2026-10-10T00:06:01Z INFO [920/1000] 56e2f7c1-ff5b-4cbf-b5df-3c1f3742305d: 69 arrays, 28.6 MB stored; 2.2 s; peak memory 442 MiB.
2026-10-10T00:06:01Z INFO [921/1000] 56e328ce-7249-45a1-9846-1bf8bec6d5d3: 48 arrays, 83.9 MB stored; 1.6 s; peak memory 442 MiB.
2026-10-10T00:06:02Z INFO [922/1000] 56d33fbe-8409-47db-ba6a-2311c79d4311: 111 arrays, 3541.4 MB stored; 66.1 s; peak memory 442 MiB.
2026-10-10T00:06:03Z INFO [923/1000] 56e3f9d3-7d99-4df8-b3cd-387e8d801c10: 47 arrays, 1.5 MB stored; 1.6 s; peak memory 442 MiB.
2026-10-10T00:06:03Z INFO [924/1000] 56e48be0-6431-4557-a018-cab2673398fe: 117 arrays, 0.4 MB stored; 2.0 s; peak memory 442 MiB.
2026-10-10T00:06:04Z INFO [925/1000] 56e4e12a-5afe-4da1-aafa-1f11aa1a53e5: 48 arrays, 83.9 MB stored; 1.8 s; peak memory 442 MiB.
2026-10-10T00:06:05Z INFO [926/1000] 56e4d9f9-4a83-41fe-bcfa-c63e4f43bbc8: 112 arrays, 0.6 MB stored; 2.5 s; peak memory 442 MiB.
2026-10-10T00:06:05Z INFO [927/1000] 56e4fc8a-11fd-44bf-a4f7-e46d4af71a07: 46 arrays, 12.6 MB stored; 1.8 s; peak memory 442 MiB.
2026-10-10T00:06:06Z INFO [928/1000] 56e50ff6-139b-4bbd-80b4-3412bcb3dcb6: 60 arrays, 10.1 MB stored; 2.0 s; peak memory 442 MiB.
2026-10-10T00:06:06Z INFO [929/1000] 56e5a3f6-96d4-4a9f-a0c4-4ec5fe9e211a: 63 arrays, 0.1 MB stored; 1.6 s; peak memory 442 MiB.
2026-10-10T00:06:09Z INFO [930/1000] 56e60f45-85ce-4607-8f0d-ba51ba1eb35f: 60 arrays, 0.8 MB stored; 2.1 s; peak memory 442 MiB.
2026-10-10T00:06:10Z INFO [931/1000] 56e5d655-871b-4d30-ad2f-23ed086c6b21: 101 arrays, 45504.0 MB stored; 3.8 s; peak memory 442 MiB.
2026-10-10T00:06:12Z INFO [932/1000] 56e6652a-ea9b-4b3d-a5a3-c3b891a78835: 69 arrays, 0.0 MB stored; 2.0 s; peak memory 442 MiB.
2026-10-10T00:06:22Z INFO [933/1000] 56e61a0c-065f-43ac-b2a9-d2056baf6ca3: 674 arrays, 37.5 MB stored; 12.9 s; peak memory 442 MiB.
2026-10-10T00:06:29Z INFO [934/1000] 56e6bc45-5ffe-4e5d-8ca1-8bd294fa535a: 2995 arrays, 26.9 MB stored; 16.9 s; peak memory 442 MiB.
2026-10-10T00:06:30Z INFO [935/1000] 56e6f480-bec7-497c-b1c1-6d9d4a1650b9: 538 arrays, 8.5 MB stored; 8.4 s; peak memory 442 MiB.
2026-10-10T00:06:32Z INFO [936/1000] 56e78c01-9106-4edf-b4b5-294d9baa3566: 110 arrays, 0.4 MB stored; 2.1 s; peak memory 442 MiB.
2026-10-10T00:06:33Z INFO [937/1000] 56e741c0-8ca2-4fe1-bbb6-b0c8fdb59474: 156 arrays, 193.4 MB stored; 4.3 s; peak memory 442 MiB.
2026-10-10T00:06:35Z INFO [938/1000] 56e7c4e0-de0a-4c69-8bb0-21f7250c823a: 57 arrays, 620.5 MB stored; 2.6 s; peak memory 442 MiB.
2026-10-10T00:06:38Z INFO [939/1000] 56eca77a-49d0-47fc-ba57-cdee5dcf2e9f: 119 arrays, 66.5 MB stored; 2.9 s; peak memory 442 MiB.
2026-10-10T00:06:38Z INFO [940/1000] 56eac030-c8f3-4e29-95f8-da2ffb624ce9: 199 arrays, 15.2 MB stored; 4.4 s; peak memory 442 MiB.
2026-10-10T00:06:39Z INFO [941/1000] 56ed30f6-2c20-4d85-a7c0-8084cd0d6bc3: 48 arrays, 83.9 MB stored; 1.6 s; peak memory 442 MiB.
2026-10-10T00:06:40Z INFO [942/1000] 56ed808b-9273-4d46-b71a-82aa06f0b1b4: 289 arrays, 17.1 MB stored; 2.3 s; peak memory 442 MiB.
2026-10-10T00:06:43Z INFO [943/1000] 56edcafb-c828-46e9-9b57-491cd2db8e5e: 123 arrays, 4.2 MB stored; 3.5 s; peak memory 442 MiB.
2026-10-10T00:06:45Z INFO [944/1000] 56ee4dc3-bcba-4c71-85ba-c72c4f4c71de: 117 arrays, 0.4 MB stored; 1.9 s; peak memory 442 MiB.
2026-10-10T00:06:47Z INFO [945/1000] 56ee6d5a-b688-49a0-a2af-41a4e9009f37: 170 arrays, 0.7 MB stored; 1.9 s; peak memory 442 MiB.
2026-10-10T00:06:49Z INFO [946/1000] 56eeab5b-d42f-45f2-bf08-c6e8ec62b0a8: 66 arrays, 100.0 MB stored; 2.4 s; peak memory 442 MiB.
2026-10-10T00:06:52Z INFO [947/1000] 56ef0d30-990e-4ac3-a15b-f493534698e8: 38 arrays, 34.1 MB stored; 3.0 s; peak memory 442 MiB.
2026-10-10T00:06:54Z INFO [948/1000] 56ef2b2b-b261-4e1f-876e-f2c58c6b35df: 117 arrays, 0.4 MB stored; 1.9 s; peak memory 442 MiB.
2026-10-10T00:06:58Z INFO [949/1000] 56f087c7-4444-4357-95cd-bee0aabbc5c6: 156 arrays, 193.5 MB stored; 4.0 s; peak memory 442 MiB.
2026-10-10T00:07:00Z INFO [950/1000] 56f08e34-d272-440d-83a3-14cd964c80d1: 118 arrays, 0.2 MB stored; 1.9 s; peak memory 442 MiB.
2026-10-10T00:07:02Z INFO [951/1000] 56f14f99-731f-47cb-8f88-c77f856e55c2: 48 arrays, 83.9 MB stored; 1.7 s; peak memory 442 MiB.
2026-10-10T00:07:08Z INFO [952/1000] 56ee1a84-7066-4916-9906-f874d2ebe2d0: 49 arrays, 24122.3 MB stored; 27.6 s; peak memory 442 MiB.
2026-10-10T00:07:19Z INFO [953/1000] 56f2510b-311e-4090-89d3-ce224f1d3d1c: 86 arrays, 13754.2 MB stored; 10.9 s; peak memory 442 MiB.
2026-10-10T00:07:21Z INFO [954/1000] 56f35667-fc4e-4d92-a0cb-2973239a6cb8: 116 arrays, 0.4 MB stored; 2.0 s; peak memory 442 MiB.
2026-10-10T00:07:22Z INFO [955/1000] 56f36009-79e1-4470-8ba2-53f426e33649: 48 arrays, 83.9 MB stored; 1.6 s; peak memory 442 MiB.
2026-10-10T00:07:24Z INFO [956/1000] 56f3f308-4547-4729-a69c-aa557842318c: 92 arrays, 0.1 MB stored; 1.8 s; peak memory 442 MiB.
2026-10-10T00:07:26Z INFO [957/1000] 56f19359-c602-4827-baf0-50b40c04073a: 809 arrays, 44.9 MB stored; 24.7 s; peak memory 442 MiB.
2026-10-10T00:07:29Z INFO [958/1000] 56f44582-c6be-4bdf-bd6a-72d1dacc8727: 452 arrays, 4.4 MB stored; 5.1 s; peak memory 442 MiB.
2026-10-10T00:07:29Z INFO [959/1000] 56f4f93c-ca3b-4d2d-a585-cad3ffbada9a: 158 arrays, 1.2 MB stored; 2.9 s; peak memory 442 MiB.
2026-10-10T00:07:31Z INFO [960/1000] 56f50db0-5267-4437-872c-abbb3f3a57bc: 118 arrays, 0.2 MB stored; 1.9 s; peak memory 442 MiB.
2026-10-10T00:07:31Z INFO [961/1000] 56f56e06-e1d4-4395-8a39-5e9b4d4e6cdc: 118 arrays, 0.3 MB stored; 2.0 s; peak memory 442 MiB.
2026-10-10T00:07:32Z INFO [962/1000] 56f58733-eb28-4370-8d98-4bbd5023ce09: 37 arrays, 0.0 MB stored; 1.4 s; peak memory 442 MiB.
2026-10-10T00:07:33Z INFO [963/1000] 56f6a61f-455a-43c0-8369-63b6b7c3745c: 48 arrays, 83.9 MB stored; 1.8 s; peak memory 442 MiB.
2026-10-10T00:07:40Z INFO [964/1000] 56f6fb16-549c-41f6-8d55-0a15fe943550: 200 arrays, 265.3 MB stored; 7.3 s; peak memory 442 MiB.
2026-10-10T00:07:41Z INFO [965/1000] 56f6ff62-5268-435e-b228-7810c2484720: 538 arrays, 8.5 MB stored; 7.9 s; peak memory 442 MiB.
2026-10-10T00:07:42Z INFO [966/1000] 56f8c002-bc66-443d-944b-3554bc539632: 52 arrays, 12.6 MB stored; 1.8 s; peak memory 442 MiB.
2026-10-10T00:07:43Z INFO [967/1000] 56f8efd5-c6a2-414e-a4cc-4058843ef763: 52 arrays, 10.2 MB stored; 1.9 s; peak memory 442 MiB.
2026-10-10T00:07:44Z INFO [968/1000] 56f9006c-78a2-433f-b2d0-8bc3a802cfb3: 112 arrays, 1.1 MB stored; 2.5 s; peak memory 442 MiB.
2026-10-10T00:07:45Z INFO [969/1000] 56f933eb-6299-4d1e-8a32-4dd37120ef80: 71 arrays, 2.9 MB stored; 2.2 s; peak memory 442 MiB.
2026-10-10T00:07:46Z INFO [970/1000] 56f97a18-8ca4-469c-b95e-10baa3d63e99: 46 arrays, 12.6 MB stored; 1.5 s; peak memory 442 MiB.
2026-10-10T00:07:47Z INFO [971/1000] 56fa2f8f-093e-496a-b03a-bb3c82ae11e3: 37 arrays, 0.0 MB stored; 1.4 s; peak memory 442 MiB.
2026-10-10T00:07:48Z INFO [972/1000] 56f98160-a008-4caf-90d6-34a1eaea3bf6: 38 arrays, 30.1 MB stored; 3.0 s; peak memory 442 MiB.
2026-10-10T00:07:56Z INFO [973/1000] 56fa4901-97c2-4a13-81bf-1b1523b6b77b: 56 arrays, 133.1 MB stored; 8.9 s; peak memory 442 MiB.
2026-10-10T00:08:01Z INFO [974/1000] 56d9987e-7b79-4d59-8dd6-23dfe99e2661: 167 arrays, 21174.6 MB stored; 155.5 s; peak memory 442 MiB.
2026-10-10T00:08:03Z INFO [975/1000] 56fbf8bc-5bae-4d63-b2aa-aa721f9af801: 48 arrays, 83.9 MB stored; 1.7 s; peak memory 442 MiB.
2026-10-10T00:08:04Z INFO [976/1000] 56fc3ee5-54ec-4b8a-b97f-38eddcade207: 37 arrays, 0.0 MB stored; 1.5 s; peak memory 442 MiB.
2026-10-10T00:08:07Z INFO [977/1000] 56fc6dc0-7fdf-48ad-86ed-c08e9355304e: 71 arrays, 159.6 MB stored; 3.1 s; peak memory 442 MiB.
2026-10-10T00:08:09Z INFO [978/1000] 56fc7e13-0a4e-409b-99e3-e1b04c305d99: 48 arrays, 83.9 MB stored; 1.7 s; peak memory 442 MiB.
2026-10-10T00:08:11Z INFO [979/1000] 56fcc7cd-e45e-4ec0-8b89-1f2ceb9dd79e: 289 arrays, 17.2 MB stored; 2.3 s; peak memory 442 MiB.
2026-10-10T00:08:13Z INFO [980/1000] 56fd07d0-691f-4745-9473-810720e60d40: 52 arrays, 12.4 MB stored; 1.8 s; peak memory 442 MiB.
2026-10-10T00:08:16Z INFO [981/1000] 56fd135f-40c5-44df-b012-a1b770427397: 90 arrays, 119.4 MB stored; 3.2 s; peak memory 442 MiB.
2026-10-10T00:08:18Z INFO [982/1000] 56fe959e-3358-40f2-a064-076fee66051a: 42 arrays, 5.8 MB stored; 1.5 s; peak memory 442 MiB.
2026-10-10T00:08:23Z INFO [983/1000] 56ba4f5c-fc96-4c49-8f62-d439f92c70cf: 264 arrays, 39340.5 MB stored; 281.6 s; peak memory 442 MiB.
2026-10-10T00:08:25Z INFO [984/1000] 56ff2ccf-354f-46e4-818b-471518e30ed6: 48 arrays, 83.9 MB stored; 1.7 s; peak memory 442 MiB.
2026-10-10T00:08:26Z INFO [985/1000] 56fab40c-6bdb-4bdc-8642-7d46fd050d49: 929 arrays, 56.7 MB stored; 30.2 s; peak memory 442 MiB.
2026-10-10T00:08:28Z INFO [986/1000] 56ff6343-836f-4648-907b-53ff2563b65a: 48 arrays, 83.9 MB stored; 1.7 s; peak memory 442 MiB.
2026-10-10T00:08:30Z INFO [987/1000] 56ffaa62-7bcd-4004-8c59-2f14a4a4ee53: 112 arrays, 0.8 MB stored; 2.3 s; peak memory 442 MiB.
2026-10-10T00:08:31Z INFO [988/1000] 56b62d07-5d55-4eac-9a4b-9a25f203e699: 472 arrays, 43365.8 MB stored; 298.5 s; peak memory 442 MiB.
2026-10-10T00:08:33Z INFO [989/1000] 57000853-88bb-4fcc-8520-9bd43f9ba393: 66 arrays, 23.8 MB stored; 2.5 s; peak memory 442 MiB.
2026-10-10T00:08:33Z INFO [990/1000] 570050cb-3150-4029-b010-f01623642ee0: 66 arrays, 99.1 MB stored; 2.2 s; peak memory 442 MiB.
2026-10-10T00:08:34Z INFO [991/1000] 56ff05eb-a5c9-4244-aadb-9856e5f95596: 828 arrays, 19.4 MB stored; 16.2 s; peak memory 442 MiB.
2026-10-10T00:08:34Z INFO [992/1000] 57017e03-b213-48ed-a69e-5762571293c2: 37 arrays, 0.0 MB stored; 1.5 s; peak memory 442 MiB.
2026-10-10T00:08:35Z INFO [993/1000] 5702798c-bc8f-4963-8547-3abbc64e44bd: 116 arrays, 0.2 MB stored; 1.9 s; peak memory 442 MiB.
2026-10-10T00:08:36Z INFO [994/1000] 5702a5cb-d29c-462b-8534-451fc302c99c: 88 arrays, 10.4 MB stored; 2.2 s; peak memory 442 MiB.
2026-10-10T00:08:37Z INFO [995/1000] 5702f7aa-608f-43fc-b566-7e635e0b9f5c: 71 arrays, 4.0 MB stored; 2.6 s; peak memory 442 MiB.
2026-10-10T00:09:02Z INFO [996/1000] 56ff2e5f-ee2e-44af-bed6-2a58e99ac85b: 5228 arrays, 159.2 MB stored; 37.4 s; peak memory 442 MiB.
2026-10-10T00:09:04Z INFO [997/1000] 56c593c9-916e-47d3-916d-447fef0d0c8c: 292 arrays, 40442.5 MB stored; 288.0 s; peak memory 442 MiB.
2026-10-10T00:10:55Z INFO [998/1000] 56e5b9bd-bdb3-4647-95f4-95192b25aa2b: 436 arrays, 39398.8 MB stored; 290.3 s; peak memory 442 MiB.
2026-10-10T00:13:28Z INFO [999/1000] 56fa5d75-c982-49af-82d2-8dc473489b59: 62 arrays, 48165.3 MB stored; 340.5 s; peak memory 442 MiB.
2026-10-10T00:23:35Z WARNING 56b72d5a-a628-4851-886b-04ca9d3ab6e4: failed while reading the NWB file (TimeoutError: exceeded 1200 s)
2026-10-10T00:23:35Z WARNING [1000/1000] 56b72d5a-a628-4851-886b-04ca9d3ab6e4: recorded the failure; a later run retries it.
2026-10-10T00:23:36Z INFO [1000/1000] 56b72d5a-a628-4851-886b-04ca9d3ab6e4: checkpointed 1000 new records.
2026-10-10T00:23:36Z INFO Wrote 58200 records to /tmp/derivatives/valid_nwb_file_to_array_sizes.jsonl (999 new, 1 failed) in 30.9 min (peak memory 558 MiB).
