2026-10-08T22:51:49Z INFO Logging to /tmp/logs/update_2026-10-08T22-51-49Z.log.
2026-10-08T22:51:49Z INFO Update valid-nwb-file-to-array-sizes (base directory /tmp).
2026-10-08T22:52:15Z INFO Processing 1000 items (16200 already recorded).
2026-10-08T22:52:18Z INFO [1/1000] 1849820b-8b3a-4b91-91ea-f3194965883f: 46 arrays, 0.2 MB stored; 2.4 s; peak memory 4417 MiB.
2026-10-08T22:52:18Z INFO [2/1000] 1848e79f-0e1d-4ece-a29a-881af7aee1eb: 48 arrays, 83.9 MB stored; 2.5 s; peak memory 4417 MiB.
2026-10-08T22:52:18Z INFO [3/1000] 184bc224-a48e-4cae-b5ab-ffa233beacde: 48 arrays, 83.9 MB stored; 2.6 s; peak memory 4417 MiB.
2026-10-08T22:52:18Z INFO [4/1000] 18493ab1-12a3-4f1a-a4b2-ead6933150b7: 118 arrays, 0.2 MB stored; 2.8 s; peak memory 4418 MiB.
2026-10-08T22:52:20Z INFO [5/1000] 184a07ea-f858-41d4-9ef2-66f1dcaf5549: 115 arrays, 190.1 MB stored; 4.4 s; peak memory 4418 MiB.
2026-10-08T22:52:20Z INFO [6/1000] 184bd8f8-407b-4d2d-9b5e-966ce10dc0e8: 62 arrays, 0.8 MB stored; 2.1 s; peak memory 4418 MiB.
2026-10-08T22:52:21Z INFO [7/1000] 18489cea-91e9-4f91-82cc-b859dd087828: 84 arrays, 515.3 MB stored; 5.4 s; peak memory 4418 MiB.
2026-10-08T22:52:22Z INFO [8/1000] 184ca25f-d233-4ac4-8313-3884123a579a: 52 arrays, 14.8 MB stored; 1.8 s; peak memory 4418 MiB.
2026-10-08T22:52:22Z INFO [9/1000] 184cb46b-2757-4448-a7ba-effd27bf631b: 72 arrays, 0.1 MB stored; 2.0 s; peak memory 4418 MiB.
2026-10-08T22:52:23Z INFO [10/1000] 184ce8db-2630-4c47-9830-7fb3151f925a: 71 arrays, 4.1 MB stored; 2.1 s; peak memory 4418 MiB.
2026-10-08T22:52:23Z INFO [11/1000] 184bd52a-c1df-411f-829a-fb2825be04b9: 477 arrays, 7.8 MB stored; 5.2 s; peak memory 4419 MiB.
2026-10-08T22:52:23Z INFO [12/1000] 184d1e0d-268a-4d96-8676-6699c7f47e41: 52 arrays, 13.5 MB stored; 1.8 s; peak memory 4419 MiB.
2026-10-08T22:52:24Z INFO [13/1000] 184c526a-d7f2-427d-b41b-6df913ef63ee: 423 arrays, 3.7 MB stored; 5.7 s; peak memory 4419 MiB.
2026-10-08T22:52:24Z INFO [14/1000] 184d546f-77c4-4f56-b238-1aed3c6f08af: 71 arrays, 97.6 MB stored; 2.6 s; peak memory 4419 MiB.
2026-10-08T22:52:25Z INFO [15/1000] 184e1a5c-3a72-4100-88b4-b49012677849: 48 arrays, 83.9 MB stored; 1.9 s; peak memory 4419 MiB.
2026-10-08T22:52:25Z INFO [16/1000] 184e9baf-7db4-42de-a9d3-7e72db215665: 57 arrays, 0.0 MB stored; 1.6 s; peak memory 4419 MiB.
2026-10-08T22:52:25Z INFO [17/1000] 184c8757-08ed-485a-b054-41cee6de8c1f: 429 arrays, 6.7 MB stored; 7.1 s; peak memory 4420 MiB.
2026-10-08T22:52:25Z INFO [18/1000] 184f53b4-30f3-4085-abe2-41b2e770688e: 50 arrays, 7.0 MB stored; 1.7 s; peak memory 4420 MiB.
2026-10-08T22:52:26Z INFO [19/1000] 18502a0e-ccd8-4d56-bf1b-52ad9f63956f: 48 arrays, 83.9 MB stored; 1.8 s; peak memory 4420 MiB.
2026-10-08T22:52:27Z INFO [20/1000] 184fefbd-85e5-4a5f-8365-d610800c8d02: 117 arrays, 0.4 MB stored; 2.1 s; peak memory 4420 MiB.
2026-10-08T22:52:27Z INFO [21/1000] 184dc646-d4b8-4ffc-b9ba-9685e5c79bb7: 156 arrays, 193.5 MB stored; 4.3 s; peak memory 4420 MiB.
2026-10-08T22:52:28Z INFO [22/1000] 1850b671-f616-4c47-8375-b54e68727491: 66 arrays, 13.2 MB stored; 2.4 s; peak memory 4420 MiB.
2026-10-08T22:52:28Z INFO [23/1000] 1850e4f2-2bea-4f2a-9c22-77aa4cd8f8bc: 52 arrays, 29.5 MB stored; 2.3 s; peak memory 4420 MiB.
2026-10-08T22:52:29Z INFO [24/1000] 185113a3-6576-47c6-b1a6-6282b6eaad2d: 112 arrays, 0.5 MB stored; 2.2 s; peak memory 4421 MiB.
2026-10-08T22:52:30Z INFO [25/1000] 185329bf-87bc-4af8-8b72-be40802c1f56: 118 arrays, 0.2 MB stored; 2.0 s; peak memory 4421 MiB.
2026-10-08T22:52:30Z INFO [26/1000] 1851f636-443d-4a65-9d7f-0a26de1278b9: 66 arrays, 112.8 MB stored; 2.4 s; peak memory 4421 MiB.
2026-10-08T22:52:31Z INFO [27/1000] 18539eee-5e25-4668-8f24-2988912a5aea: 112 arrays, 0.7 MB stored; 2.3 s; peak memory 4421 MiB.
2026-10-08T22:52:31Z INFO [28/1000] 1853dc87-fc11-48a1-b65a-858eb7ee56c7: 63 arrays, 0.1 MB stored; 1.6 s; peak memory 4421 MiB.
2026-10-08T22:52:32Z INFO [29/1000] 1853b962-63eb-4abb-a622-cdab8b0639c7: 118 arrays, 0.5 MB stored; 2.1 s; peak memory 4421 MiB.
2026-10-08T22:52:32Z INFO [30/1000] 18520076-691c-4324-ae9d-2f9745202a71: 156 arrays, 193.5 MB stored; 4.3 s; peak memory 4421 MiB.
2026-10-08T22:52:33Z INFO [31/1000] 1854bb9f-7393-465c-8481-c91a838b26f7: 48 arrays, 83.9 MB stored; 1.9 s; peak memory 4421 MiB.
2026-10-08T22:52:33Z INFO [32/1000] 18556b66-1363-4691-a8cf-b80fd2274153: 54 arrays, 0.0 MB stored; 1.5 s; peak memory 4421 MiB.
2026-10-08T22:52:34Z INFO [33/1000] 1855ea3b-a030-4b17-8a1b-547b3ca40f9f: 41 arrays, 8.4 MB stored; 1.6 s; peak memory 4421 MiB.
2026-10-08T22:52:34Z INFO [34/1000] 1854afd2-8f43-4ce1-98ce-efbd9974e46b: 71 arrays, 4.0 MB stored; 2.8 s; peak memory 4422 MiB.
2026-10-08T22:52:35Z INFO [35/1000] 185728fb-a058-413c-86d2-3ba3493e3f45: 46 arrays, 0.0 MB stored; 1.3 s; peak memory 4422 MiB.
2026-10-08T22:52:35Z INFO [36/1000] 185688e0-63cd-4630-91d7-3aa04bea4cac: 48 arrays, 83.9 MB stored; 1.8 s; peak memory 4422 MiB.
2026-10-08T22:52:36Z INFO [37/1000] 18576c29-0b70-45df-9f4b-d71d325048f8: 117 arrays, 0.3 MB stored; 2.0 s; peak memory 4422 MiB.
2026-10-08T22:52:37Z INFO [38/1000] 18509a1b-ba54-4d72-b889-b92461419032: 410 arrays, 96.2 MB stored; 12.1 s; peak memory 4422 MiB.
2026-10-08T22:52:37Z INFO [39/1000] 1858aef3-6cc4-41f9-9928-0a7daef33498: 117 arrays, 0.4 MB stored; 2.1 s; peak memory 4422 MiB.
2026-10-08T22:52:37Z INFO [40/1000] 1856f455-2b1a-4c50-a57c-6c5ef8940648: 156 arrays, 193.5 MB stored; 4.1 s; peak memory 4423 MiB.
2026-10-08T22:52:38Z INFO [41/1000] 185917f9-8a12-42a6-948e-b9404fe505c6: 118 arrays, 0.3 MB stored; 1.9 s; peak memory 4423 MiB.
2026-10-08T22:52:40Z INFO [42/1000] 185a0ed9-d943-4962-86f2-23a2b3572fab: 112 arrays, 0.8 MB stored; 2.5 s; peak memory 4423 MiB.
2026-10-08T22:52:40Z INFO [43/1000] 185ab558-fc34-4dc3-a8ad-3b19a59871e6: 118 arrays, 0.5 MB stored; 2.1 s; peak memory 4423 MiB.
2026-10-08T22:52:41Z INFO [44/1000] 1859ab4a-8063-44a8-a5df-054fbe90573c: 90 arrays, 133.6 MB stored; 3.9 s; peak memory 4423 MiB.
2026-10-08T22:52:41Z INFO [45/1000] 185b0265-9650-42e8-a582-39ed87e9b6c8: 48 arrays, 83.9 MB stored; 1.7 s; peak memory 4423 MiB.
2026-10-08T22:52:41Z INFO [46/1000] 1851898a-2d8a-428b-8e61-104b7ebb671f: 820 arrays, 23.4 MB stored; 14.8 s; peak memory 4424 MiB.
2026-10-08T22:52:42Z INFO [47/1000] 185b052f-2598-431c-bb61-a3fc1fe34e9e: 48 arrays, 83.9 MB stored; 1.8 s; peak memory 4424 MiB.
2026-10-08T22:52:43Z INFO [48/1000] 185ba9de-c15c-4166-9db6-85bed73d7765: 48 arrays, 83.9 MB stored; 2.0 s; peak memory 4424 MiB.
2026-10-08T22:52:43Z INFO [49/1000] 185823b4-f8da-488c-9cbc-d43b51f3a193: 54 arrays, 584.6 MB stored; 8.1 s; peak memory 4424 MiB.
2026-10-08T22:52:43Z INFO [50/1000] 185bcc98-7a65-42fd-95a9-8909aa0128d4: 49 arrays, 10.9 MB stored; 2.1 s; peak memory 4424 MiB.
2026-10-08T22:52:44Z INFO [51/1000] 185c2d3d-73dc-485c-8af4-dca8b68c4999: 46 arrays, 12.6 MB stored; 2.0 s; peak memory 4424 MiB.
2026-10-08T22:52:44Z INFO [52/1000] 185bd97f-7370-46d2-a733-1e5d89f21383: 59 arrays, 97.8 MB stored; 2.2 s; peak memory 4424 MiB.
2026-10-08T22:52:45Z INFO [53/1000] 185de309-b15c-4fa1-abfc-bd20c7c39923: 46 arrays, 2.1 MB stored; 1.7 s; peak memory 4425 MiB.
2026-10-08T22:52:45Z INFO [54/1000] 185d1580-bac5-4f4c-ab8c-42cd500f474d: 117 arrays, 0.3 MB stored; 2.0 s; peak memory 4425 MiB.
2026-10-08T22:52:46Z INFO [55/1000] 185e1327-999f-4763-8ae3-aac07dba19f6: 118 arrays, 0.2 MB stored; 2.0 s; peak memory 4425 MiB.
2026-10-08T22:52:46Z INFO [56/1000] 185f1167-6bc7-4578-b621-5b6a18ecea82: 116 arrays, 0.5 MB stored; 2.3 s; peak memory 4425 MiB.
2026-10-08T22:52:46Z INFO [57/1000] 185a383e-c93a-413e-8ee9-a0e73ff19575: 538 arrays, 8.5 MB stored; 8.7 s; peak memory 4426 MiB.
2026-10-08T22:52:46Z INFO [58/1000] 185f1c56-755f-4b20-a61e-fc9e2a69f1be: 48 arrays, 83.9 MB stored; 1.8 s; peak memory 4426 MiB.
2026-10-08T22:52:47Z INFO [59/1000] 185f6096-3dc2-4e03-a9ab-3ae5cf364236: 64 arrays, 0.0 MB stored; 2.0 s; peak memory 4426 MiB.
2026-10-08T22:52:47Z INFO [60/1000] 185e00a6-7e29-49e7-b649-6404d290beab: 116 arrays, 187.2 MB stored; 4.0 s; peak memory 4426 MiB.
2026-10-08T22:52:47Z INFO [61/1000] 18602d93-3a78-4ccd-9929-063422564bff: 57 arrays, 0.0 MB stored; 1.6 s; peak memory 4426 MiB.
2026-10-08T22:52:48Z INFO [62/1000] 185fffeb-31e0-4c1f-af22-a437476c91b2: 51 arrays, 3979.3 MB stored; 2.2 s; peak memory 4426 MiB.
2026-10-08T22:52:48Z INFO [63/1000] 18612675-9bfb-4136-94fe-6dac229be274: 112 arrays, 0.4 MB stored; 2.3 s; peak memory 4426 MiB.
2026-10-08T22:52:49Z INFO [64/1000] 1861416a-05d7-4c2d-a848-992b338a5413: 112 arrays, 0.2 MB stored; 1.8 s; peak memory 4426 MiB.
2026-10-08T22:52:49Z INFO [65/1000] 18627586-d154-4184-9e8c-7c449f120abd: 48 arrays, 83.9 MB stored; 1.7 s; peak memory 4426 MiB.
2026-10-08T22:52:50Z INFO [66/1000] 186159de-8beb-43a6-94b4-3315ce122d38: 118 arrays, 0.5 MB stored; 2.3 s; peak memory 4426 MiB.
2026-10-08T22:52:50Z INFO [67/1000] 18631b7d-2f7e-4be6-b86a-f5b616d05634: 46 arrays, 0.3 MB stored; 1.6 s; peak memory 4426 MiB.
2026-10-08T22:52:51Z INFO [68/1000] 18632050-9c1a-42f8-a95e-26164747492f: 48 arrays, 83.9 MB stored; 1.9 s; peak memory 4426 MiB.
2026-10-08T22:52:51Z INFO [69/1000] 18646f5f-3309-4ae5-9ef2-bc4f6a76293c: 61 arrays, 0.0 MB stored; 1.4 s; peak memory 4426 MiB.
2026-10-08T22:52:52Z INFO [70/1000] 186540e7-d8ce-4c0d-8d95-eabc4cab362c: 48 arrays, 83.9 MB stored; 1.8 s; peak memory 4426 MiB.
2026-10-08T22:52:52Z INFO [71/1000] 1865033f-5d14-4960-b34b-94392b1ef4ac: 110 arrays, 0.5 MB stored; 2.2 s; peak memory 4427 MiB.
2026-10-08T22:52:52Z INFO [72/1000] 18657a28-13ba-497c-8359-c3dc6e2abe24: 48 arrays, 83.9 MB stored; 1.9 s; peak memory 4427 MiB.
2026-10-08T22:52:53Z INFO [73/1000] 18612a1a-4660-424b-9a68-d821df0194f6: 507 arrays, 7.0 MB stored; 6.4 s; peak memory 4427 MiB.
2026-10-08T22:52:54Z INFO [74/1000] 18663c2f-7c48-4540-9616-ffea3f69c3c1: 71 arrays, 2.8 MB stored; 2.5 s; peak memory 4427 MiB.
2026-10-08T22:52:54Z INFO [75/1000] 1865e1bd-c01e-4a77-a559-4399fd0964f0: 87 arrays, 15.6 MB stored; 3.6 s; peak memory 4428 MiB.
2026-10-08T22:52:55Z INFO [76/1000] 18676079-57c0-47c1-bb89-c61118390d31: 118 arrays, 0.3 MB stored; 2.2 s; peak memory 4428 MiB.
2026-10-08T22:52:55Z INFO [77/1000] 1868b6d8-7026-4333-a5ff-ace28fd1b88f: 116 arrays, 0.3 MB stored; 1.8 s; peak memory 4428 MiB.
2026-10-08T22:52:56Z INFO [78/1000] 186909a2-8684-4ce5-a87e-dff5292a90c8: 48 arrays, 83.9 MB stored; 1.8 s; peak memory 4428 MiB.
2026-10-08T22:52:56Z INFO [79/1000] 18695324-fb53-49d7-8c0d-15a987556d6d: 110 arrays, 0.5 MB stored; 2.2 s; peak memory 4428 MiB.
2026-10-08T22:52:57Z INFO [80/1000] 186a3c7d-af1c-40e1-aea1-a0767d455e78: 49 arrays, 16.5 MB stored; 2.0 s; peak memory 4428 MiB.
2026-10-08T22:52:57Z INFO [81/1000] 18697945-ad10-4d29-8ee1-26003b9a3146: 110 arrays, 0.5 MB stored; 2.4 s; peak memory 4428 MiB.
2026-10-08T22:52:58Z INFO [82/1000] 186a8bbb-9a62-48c8-b0d4-795749fd1d11: 48 arrays, 83.9 MB stored; 1.7 s; peak memory 4428 MiB.
2026-10-08T22:52:58Z INFO [83/1000] 186b8bd6-d75a-4f23-ac2d-ae3761a8aedc: 46 arrays, 0.0 MB stored; 1.4 s; peak memory 4428 MiB.
2026-10-08T22:52:58Z INFO [84/1000] 186ba103-f3b4-4234-b55a-64cb64b328b0: 48 arrays, 83.9 MB stored; 1.8 s; peak memory 4428 MiB.
2026-10-08T22:53:02Z INFO [85/1000] 186739f8-f37f-40a8-b4a2-74b9178fb9f6: 288 arrays, 39.8 MB stored; 9.7 s; peak memory 4429 MiB.
2026-10-08T22:53:03Z INFO [86/1000] 186d612d-2234-4e0e-8a54-20ac773ca151: 326 arrays, 3.0 MB stored; 4.8 s; peak memory 4429 MiB.
2026-10-08T22:53:07Z INFO [87/1000] 1870075a-f317-4798-a1a6-4801815b346e: 116 arrays, 187.1 MB stored; 3.9 s; peak memory 4429 MiB.
2026-10-08T22:53:09Z INFO [88/1000] 186c822b-0a57-414b-b8f1-c950d0004414: 384 arrays, 78.1 MB stored; 11.0 s; peak memory 4429 MiB.
2026-10-08T22:53:09Z INFO [89/1000] 186bb933-7a82-49e3-85f6-411c7ca1b684: 787 arrays, 32.4 MB stored; 12.1 s; peak memory 4430 MiB.
2026-10-08T22:53:09Z INFO [90/1000] 186efb65-c68a-4e42-9221-dc694a6a303b: 754 arrays, 19.9 MB stored; 7.9 s; peak memory 4431 MiB.
2026-10-08T22:53:11Z INFO [91/1000] 18717cca-0748-4008-b70c-dac6b8a1be09: 48 arrays, 83.9 MB stored; 1.8 s; peak memory 4432 MiB.
2026-10-08T22:53:12Z INFO [92/1000] 18735506-893e-44bd-b4d3-c312da2d29a1: 48 arrays, 83.9 MB stored; 1.8 s; peak memory 4432 MiB.
2026-10-08T22:53:13Z INFO [93/1000] 184b97cd-7e96-4b22-885e-666cf873ee44: 55 arrays, 2360.3 MB stored; 57.8 s; peak memory 4432 MiB.
2026-10-08T22:53:13Z INFO [94/1000] 18730c8d-a2f8-42ad-9517-45bc25681673: 114 arrays, 186.8 MB stored; 3.6 s; peak memory 4432 MiB.
2026-10-08T22:53:15Z INFO [95/1000] 18736652-1d6e-44f4-a9d4-f19858b2296e: 112 arrays, 1.0 MB stored; 2.7 s; peak memory 4432 MiB.
2026-10-08T22:53:15Z INFO [96/1000] 18748d5e-973b-4741-bc0e-8352e05ee404: 69 arrays, 1.6 MB stored; 1.9 s; peak memory 4432 MiB.
2026-10-08T22:53:26Z INFO [97/1000] 187452e6-d17f-4723-9206-cc0a94bc243e: 44 arrays, 180.0 MB stored; 12.5 s; peak memory 4432 MiB.
2026-10-08T22:53:27Z INFO [98/1000] 18751e78-2504-4ea6-8e5b-87f11ccaa903: 52 arrays, 0.0 MB stored; 1.5 s; peak memory 4433 MiB.
2026-10-08T22:53:31Z INFO [99/1000] 1874b17f-3cfc-45e9-828d-c580db448c47: 1576 arrays, 37.6 MB stored; 15.6 s; peak memory 4435 MiB.
2026-10-08T22:53:37Z INFO [100/1000] 186d6063-b576-4cf5-82a0-8e23de5fa907: 10996 arrays, 89.8 MB stored; 39.3 s; peak memory 4451 MiB.
2026-10-08T22:53:38Z INFO [101/1000] 1875d117-673a-47b4-979a-4769c544f5ac: 806 arrays, 10.0 MB stored; 7.1 s; peak memory 4452 MiB.
2026-10-08T22:53:39Z INFO [102/1000] 1876218e-e507-40c2-8682-302f51f686b3: 114 arrays, 0.4 MB stored; 1.9 s; peak memory 4452 MiB.
2026-10-08T22:53:39Z INFO [103/1000] 18763ecf-664e-42a6-b98d-5a13069fcf19: 39 arrays, 0.5 MB stored; 1.6 s; peak memory 4452 MiB.
2026-10-08T22:53:41Z INFO [104/1000] 187679c8-fbe6-44b9-b7ad-97a23a67418f: 48 arrays, 83.9 MB stored; 1.8 s; peak memory 4452 MiB.
2026-10-08T22:53:41Z INFO [105/1000] 1876d9dc-4404-4f39-b88f-420555b2ac95: 41 arrays, 8.4 MB stored; 1.6 s; peak memory 4452 MiB.
2026-10-08T22:53:42Z INFO [106/1000] 18752e3d-f8d7-44d1-9e13-0f544e4e9a9c: 712 arrays, 20.7 MB stored; 14.9 s; peak memory 4454 MiB.
2026-10-08T22:53:42Z INFO [107/1000] 187759b3-42b4-4daf-b77f-e267ce257746: 57 arrays, 0.0 MB stored; 1.6 s; peak memory 4454 MiB.
2026-10-08T22:53:43Z INFO [108/1000] 18777003-b59c-459a-870e-734cd718dc27: 48 arrays, 83.9 MB stored; 1.9 s; peak memory 4454 MiB.
2026-10-08T22:53:44Z INFO [109/1000] 1877faa9-aadd-4862-b83e-dfdc43b347f0: 118 arrays, 0.4 MB stored; 1.9 s; peak memory 4454 MiB.
2026-10-08T22:53:44Z INFO [110/1000] 187850eb-37d2-40f6-bd2a-cd89f80ef078: 48 arrays, 83.9 MB stored; 1.7 s; peak memory 4454 MiB.
2026-10-08T22:53:44Z INFO [111/1000] 1878538b-6ae0-4e26-ba2a-685a7f9974f5: 99 arrays, 0.1 MB stored; 1.7 s; peak memory 4454 MiB.
2026-10-08T22:53:46Z INFO [112/1000] 1878f8bd-9c80-45ca-857d-11fe7094435d: 38 arrays, 0.5 MB stored; 1.6 s; peak memory 4454 MiB.
2026-10-08T22:53:46Z INFO [113/1000] 18795861-9a7f-4bed-8ca1-c51d58c630f3: 48 arrays, 83.9 MB stored; 1.8 s; peak memory 4454 MiB.
2026-10-08T22:53:47Z INFO [114/1000] 18796481-3200-498c-8c7d-1bfc87e0beb1: 112 arrays, 0.6 MB stored; 2.3 s; peak memory 4454 MiB.
2026-10-08T22:53:49Z INFO [115/1000] 187b8976-5492-400e-b3dd-a9e8ee4d626e: 52 arrays, 13.9 MB stored; 1.9 s; peak memory 4454 MiB.
2026-10-08T22:53:51Z INFO [116/1000] 187bd24c-d33b-4d92-bf24-3352f8516eb9: 67 arrays, 38.8 MB stored; 2.0 s; peak memory 4454 MiB.
2026-10-08T22:53:52Z INFO [117/1000] 187c20f4-05ae-4167-b753-c8076316f39d: 52 arrays, 12.1 MB stored; 1.9 s; peak memory 4455 MiB.
2026-10-08T22:53:55Z INFO [118/1000] 187c2794-4b22-4d0a-b32d-14f213ed10b1: 117 arrays, 0.4 MB stored; 2.2 s; peak memory 4455 MiB.
2026-10-08T22:53:56Z INFO [119/1000] 1871f436-88ec-48ae-854a-a2cabf1635b7: 52 arrays, 1788.5 MB stored; 46.5 s; peak memory 4455 MiB.
2026-10-08T22:53:57Z INFO [120/1000] 187c4ff4-7de9-44e3-9b44-d8d48e8724d7: 84 arrays, 0.5 MB stored; 1.9 s; peak memory 4455 MiB.
2026-10-08T22:53:57Z INFO [121/1000] 187cb3f4-2346-4922-a763-5d6677b96601: 51 arrays, 0.0 MB stored; 1.5 s; peak memory 4455 MiB.
2026-10-08T22:53:59Z INFO [122/1000] 187d8d84-c8f2-4169-ba62-93f5205a6ecb: 117 arrays, 0.4 MB stored; 2.0 s; peak memory 4455 MiB.
2026-10-08T22:54:01Z INFO [123/1000] 187e29c4-9b77-4b79-8331-18f77f06f4ea: 80 arrays, 244.9 MB stored; 3.6 s; peak memory 4455 MiB.
2026-10-08T22:54:01Z INFO [124/1000] 187eb181-7ce7-4a5a-91a3-c97313c67bdf: 64 arrays, 25.1 MB stored; 2.2 s; peak memory 4455 MiB.
2026-10-08T22:54:02Z INFO [125/1000] 187f7402-2ba3-4ff4-8e87-5cc622f3917a: 48 arrays, 83.9 MB stored; 1.7 s; peak memory 4455 MiB.
2026-10-08T22:54:03Z INFO [126/1000] 1875116a-7d7a-42b4-9859-2fbe05a35d55: 52 arrays, 1778.7 MB stored; 47.9 s; peak memory 4455 MiB.
2026-10-08T22:54:04Z INFO [127/1000] 1880f46b-77d0-4aa9-9c32-20923e00340d: 48 arrays, 83.9 MB stored; 1.9 s; peak memory 4456 MiB.
2026-10-08T22:54:07Z INFO [128/1000] 1882062b-2561-411f-a42c-db3cf77eb16b: 110 arrays, 0.8 MB stored; 2.5 s; peak memory 4456 MiB.
2026-10-08T22:54:08Z INFO [129/1000] 18823d35-6ffa-45da-b8ac-13f44f45e951: 57 arrays, 0.0 MB stored; 1.5 s; peak memory 4456 MiB.
2026-10-08T22:54:10Z INFO [130/1000] 18826628-71b4-49e4-9daf-30ed3c0fb61e: 48 arrays, 83.9 MB stored; 1.9 s; peak memory 4456 MiB.
2026-10-08T22:54:12Z INFO [131/1000] 1882cacc-88a8-434f-b91c-0fde4739b790: 46 arrays, 0.1 MB stored; 1.5 s; peak memory 4456 MiB.
2026-10-08T22:54:14Z INFO [132/1000] 1882df74-748a-4221-81dc-9a1d99cfbb12: 68 arrays, 8.5 MB stored; 2.4 s; peak memory 4456 MiB.
2026-10-08T22:54:16Z INFO [133/1000] 187a766f-d01b-4fc2-b6b4-399e9ab27f84: 48 arrays, 42113.7 MB stored; 30.0 s; peak memory 4456 MiB.
2026-10-08T22:54:18Z INFO [134/1000] 1883e23e-f8d1-4c62-b2a0-94bf46ecdb0e: 116 arrays, 9.7 MB stored; 2.0 s; peak memory 4456 MiB.
2026-10-08T22:54:19Z INFO [135/1000] 1883c870-c31a-44ed-b73a-97b3926c74ce: 85 arrays, 711.6 MB stored; 4.4 s; peak memory 4456 MiB.
2026-10-08T22:54:20Z INFO [136/1000] 18853380-6fcf-41e1-9a6b-c55134fb8c6a: 48 arrays, 83.9 MB stored; 1.8 s; peak memory 4456 MiB.
2026-10-08T22:54:23Z INFO [137/1000] 1885556a-0696-47c1-9ce9-5b40768218c4: 71 arrays, 4.3 MB stored; 2.6 s; peak memory 4457 MiB.
2026-10-08T22:54:25Z INFO [138/1000] 18844e33-ac19-4dda-ad00-d402b5b632a0: 509 arrays, 17.2 MB stored; 7.0 s; peak memory 4457 MiB.
2026-10-08T22:54:26Z INFO [139/1000] 18856b42-6652-4ec7-9449-6c48e710e3fd: 118 arrays, 67.1 MB stored; 3.5 s; peak memory 4457 MiB.
2026-10-08T22:54:27Z INFO [140/1000] 1886ec8a-7e5a-4809-a1bb-3537cce53ead: 70 arrays, 10.5 MB stored; 2.2 s; peak memory 4457 MiB.
2026-10-08T22:54:30Z INFO [141/1000] 1888d7d4-434a-48c1-87d5-1f66f1b4b424: 71 arrays, 89.4 MB stored; 2.9 s; peak memory 4458 MiB.
2026-10-08T22:54:31Z INFO [142/1000] 184ad3b4-dcec-498c-84ed-911b211fe99a: 5606 arrays, 2116.4 MB stored; 135.4 s; peak memory 4465 MiB.
2026-10-08T22:54:32Z INFO [143/1000] 188a1571-d91c-4597-b19d-c5891406f1d2: 50 arrays, 2.0 MB stored; 1.6 s; peak memory 4465 MiB.
2026-10-08T22:54:35Z INFO [144/1000] 188a55b0-d78a-409c-baf0-77df96654641: 71 arrays, 4.8 MB stored; 2.4 s; peak memory 4465 MiB.
2026-10-08T22:54:43Z INFO [145/1000] 188867a8-156c-4025-9076-7ed4fb1efc78: 1102 arrays, 44.8 MB stored; 17.0 s; peak memory 4467 MiB.
2026-10-08T22:54:45Z INFO [146/1000] 188a80d0-7103-4766-9158-f9d7989e59a8: 118 arrays, 0.4 MB stored; 1.9 s; peak memory 4467 MiB.
2026-10-08T22:54:47Z INFO [147/1000] 188ac55f-5d99-4288-9502-427b1d03a820: 48 arrays, 83.9 MB stored; 1.8 s; peak memory 4467 MiB.
2026-10-08T22:54:51Z INFO [148/1000] 188c9139-84bb-4df3-b60a-21ca46f9135e: 84 arrays, 398.1 MB stored; 4.2 s; peak memory 4467 MiB.
2026-10-08T22:54:53Z INFO [149/1000] 188e3167-d80a-4fe7-ae08-87a64fe65f63: 117 arrays, 0.4 MB stored; 1.9 s; peak memory 4467 MiB.
2026-10-08T22:54:55Z INFO [150/1000] 1889ada6-7086-4bda-8197-6a043a4ceaae: 280 arrays, 92311.2 MB stored; 24.4 s; peak memory 4468 MiB.
2026-10-08T22:54:55Z INFO [151/1000] 188e8b2f-7d3d-4226-9b71-02c39ea8b338: 48 arrays, 83.9 MB stored; 1.7 s; peak memory 4468 MiB.
2026-10-08T22:54:56Z INFO [152/1000] 188ea9d1-d034-4c86-b439-d1b421dc3a87: 48 arrays, 83.9 MB stored; 1.7 s; peak memory 4468 MiB.
2026-10-08T22:54:58Z INFO [153/1000] 188f4266-468d-4413-84b4-f71afe92780d: 112 arrays, 0.6 MB stored; 2.1 s; peak memory 4468 MiB.
2026-10-08T22:54:59Z INFO [154/1000] 188ecbb0-d67f-41ba-a2a7-d63d76fdd0a4: 157 arrays, 272.0 MB stored; 4.5 s; peak memory 4468 MiB.
2026-10-08T22:55:02Z INFO [155/1000] 18901c4e-e89a-407c-bc16-5dac3d678f25: 117 arrays, 0.3 MB stored; 2.3 s; peak memory 4468 MiB.
2026-10-08T22:55:08Z INFO [156/1000] 188fa68b-d498-46a7-b399-a75b20157ed9: 982 arrays, 9.2 MB stored; 9.2 s; peak memory 4469 MiB.
2026-10-08T22:55:09Z INFO [157/1000] 18908ee2-7196-4b61-b93a-86bc6b68c2e0: 77 arrays, 0.2 MB stored; 1.9 s; peak memory 4470 MiB.
2026-10-08T22:55:16Z INFO [158/1000] 1890b8c4-a20d-4eca-afb7-6739a17f462b: 229 arrays, 243.9 MB stored; 6.3 s; peak memory 4470 MiB.
2026-10-08T22:55:26Z INFO [159/1000] 18629906-e084-4a72-892b-f359e07311cd: 269 arrays, 20779.5 MB stored; 158.7 s; peak memory 4471 MiB.
2026-10-08T22:55:29Z INFO [160/1000] 1891288e-5784-487d-9aa5-9750637268c4: 113 arrays, 0.7 MB stored; 2.2 s; peak memory 4471 MiB.
2026-10-08T22:55:30Z INFO [161/1000] 1891334a-6127-494c-8f1b-f2309fc4f381: 48 arrays, 83.9 MB stored; 1.7 s; peak memory 4471 MiB.
2026-10-08T22:55:32Z INFO [162/1000] 188a620f-e437-4762-ace1-2bd3249fd7a9: 8072 arrays, 279.7 MB stored; 57.0 s; peak memory 4478 MiB.
2026-10-08T22:55:36Z INFO [163/1000] 18926710-4c96-42f6-ac56-0eb2e2e99b28: 378 arrays, 3.1 MB stored; 4.5 s; peak memory 4478 MiB.
2026-10-08T22:55:39Z INFO [164/1000] 189342e5-95fa-46dc-a598-eaaebf5e5ada: 62 arrays, 4947.3 MB stored; 2.3 s; peak memory 4478 MiB.
2026-10-08T22:55:40Z INFO [165/1000] 18936886-71d4-40e3-849a-d51707e3ecbc: 52 arrays, 0.0 MB stored; 1.5 s; peak memory 4478 MiB.
2026-10-08T22:55:42Z INFO [166/1000] 1893ae59-1da9-4420-abcb-13c6cd6ec3b9: 117 arrays, 0.4 MB stored; 2.1 s; peak memory 4478 MiB.
2026-10-08T22:55:43Z INFO [167/1000] 1890c6c2-78a7-4729-8bad-e287fe87a743: 48 arrays, 40697.1 MB stored; 27.4 s; peak memory 4478 MiB.
2026-10-08T22:55:44Z INFO [168/1000] 1893fb47-1ff1-4182-bc34-68af957564d4: 54 arrays, 0.0 MB stored; 1.4 s; peak memory 4478 MiB.
2026-10-08T22:55:46Z INFO [169/1000] 1895f72e-404e-40e5-9ec5-38423b66c160: 118 arrays, 0.2 MB stored; 2.0 s; peak memory 4479 MiB.
2026-10-08T22:55:51Z INFO [170/1000] 1870a46c-a5af-4dd3-9e56-e674adfb67a7: 449 arrays, 23693.2 MB stored; 163.7 s; peak memory 4479 MiB.
2026-10-08T22:55:53Z INFO [171/1000] 18977205-57ef-49e1-acf5-e30b8e9d9a89: 117 arrays, 0.3 MB stored; 1.8 s; peak memory 4479 MiB.
2026-10-08T22:55:53Z INFO [172/1000] 18965d02-2608-4991-89bf-a37362f3a465: 323 arrays, 55.1 MB stored; 7.3 s; peak memory 4480 MiB.
2026-10-08T22:55:54Z INFO [173/1000] 1897eadc-123c-4fbf-8c6d-8a9e98d770dc: 48 arrays, 83.9 MB stored; 1.8 s; peak memory 4480 MiB.
2026-10-08T22:55:56Z INFO [174/1000] 18994c08-bbec-4593-9054-bc4b60c589c1: 115 arrays, 190.1 MB stored; 3.5 s; peak memory 4480 MiB.
2026-10-08T22:55:56Z INFO [175/1000] 18997242-1874-4bc1-9bd5-8c5d5bc82594: 117 arrays, 0.5 MB stored; 2.0 s; peak memory 4480 MiB.
2026-10-08T22:55:59Z INFO [176/1000] 1899b4a4-e6c6-49be-82f4-10855bb78ef0: 71 arrays, 20.7 MB stored; 2.6 s; peak memory 4480 MiB.
2026-10-08T22:56:01Z INFO [177/1000] 189a466e-bb45-404f-aafd-5f4d0b12c70b: 48 arrays, 83.9 MB stored; 1.8 s; peak memory 4480 MiB.
2026-10-08T22:56:03Z INFO [178/1000] 189abd86-fa5c-456f-9b5f-ffc14da9ce73: 112 arrays, 0.4 MB stored; 2.3 s; peak memory 4480 MiB.
2026-10-08T22:56:05Z INFO [179/1000] 189b0231-4a40-4fa0-b6cc-1a58b7db847d: 48 arrays, 83.9 MB stored; 1.7 s; peak memory 4481 MiB.
2026-10-08T22:56:07Z INFO [180/1000] 189b1a28-8751-4ebc-a15a-585315378945: 48 arrays, 83.9 MB stored; 1.8 s; peak memory 4481 MiB.
2026-10-08T22:56:08Z INFO [181/1000] 189b764e-4f6e-42dc-baa5-6e5c4877602e: 48 arrays, 83.9 MB stored; 1.7 s; peak memory 4481 MiB.
2026-10-08T22:56:11Z INFO [182/1000] 189c0b86-df03-471b-bcb5-021ea44cc67e: 64 arrays, 28.4 MB stored; 2.4 s; peak memory 4481 MiB.
2026-10-08T22:56:12Z INFO [183/1000] 1899ff75-396a-49f9-8d5e-e4516ccb0ed1: 1559 arrays, 36.9 MB stored; 15.5 s; peak memory 4483 MiB.
2026-10-08T22:56:14Z INFO [184/1000] 189d5d48-35eb-44da-9da0-ec860425a5c2: 48 arrays, 83.9 MB stored; 1.7 s; peak memory 4483 MiB.
2026-10-08T22:56:16Z INFO [185/1000] 189e4b59-f516-4082-882b-ad5cb22aff6b: 117 arrays, 0.3 MB stored; 2.0 s; peak memory 4483 MiB.
2026-10-08T22:56:23Z INFO [186/1000] 189e5e12-2cba-47a9-b84c-dcec24bdd7db: 174 arrays, 90.0 MB stored; 7.0 s; peak memory 4483 MiB.
2026-10-08T22:56:26Z INFO [187/1000] 189eae47-b53a-48eb-8c09-294e891ea0e7: 39 arrays, 11141.6 MB stored; 3.7 s; peak memory 4484 MiB.
2026-10-08T22:56:27Z INFO [188/1000] 189c8da6-a984-4c13-99f1-d133fea21689: 926 arrays, 41.1 MB stored; 16.5 s; peak memory 4485 MiB.
2026-10-08T22:56:29Z INFO [189/1000] 189ee019-4da4-4f99-835d-a5d304895bdb: 52 arrays, 0.0 MB stored; 1.5 s; peak memory 4485 MiB.
2026-10-08T22:56:31Z INFO [190/1000] 189f4e30-319f-456f-b98b-5612bc59c03a: 117 arrays, 0.4 MB stored; 2.1 s; peak memory 4485 MiB.
2026-10-08T22:56:33Z INFO [191/1000] 189fed99-9a84-4c92-8e8c-fda5e2947ec8: 112 arrays, 0.5 MB stored; 2.2 s; peak memory 4485 MiB.
2026-10-08T22:56:34Z INFO [192/1000] 189eb41f-ff76-446b-b765-13e9f8fcf2cc: 597 arrays, 9.1 MB stored; 7.7 s; peak memory 4485 MiB.
2026-10-08T22:56:36Z INFO [193/1000] 189168cd-8ac4-4561-b0ea-858d0c79225d: 2188 arrays, 1324.3 MB stored; 65.3 s; peak memory 4489 MiB.
2026-10-08T22:56:36Z INFO [194/1000] 18a08cc5-2dad-47d5-ae5a-9dd5ee302015: 48 arrays, 83.9 MB stored; 1.9 s; peak memory 4489 MiB.
2026-10-08T22:56:36Z INFO [195/1000] 18a0676c-500a-4823-8618-d2648d47cade: 38 arrays, 34.3 MB stored; 3.3 s; peak memory 4489 MiB.
2026-10-08T22:56:37Z INFO [196/1000] 18a15291-9c41-4280-9847-2a8cf34f5885: 46 arrays, 0.1 MB stored; 1.5 s; peak memory 4489 MiB.
2026-10-08T22:56:38Z INFO [197/1000] 18a19c92-34e2-43d9-b75b-3ca69f18160b: 52 arrays, 11.3 MB stored; 1.8 s; peak memory 4489 MiB.
2026-10-08T22:56:42Z INFO [198/1000] 18a26cfc-1b42-42c9-a493-c3a56f7991e3: 90 arrays, 130.2 MB stored; 3.5 s; peak memory 4489 MiB.
2026-10-08T22:56:42Z INFO [199/1000] 18a22984-02ea-44fa-9590-1a7df0c7b4f4: 90 arrays, 7.3 MB stored; 4.6 s; peak memory 4489 MiB.
2026-10-08T22:56:44Z INFO [200/1000] 18a2beef-33be-4428-9568-6b2f93723823: 48 arrays, 83.9 MB stored; 1.7 s; peak memory 4489 MiB.
2026-10-08T22:56:53Z INFO [200/1000] 18a2beef-33be-4428-9568-6b2f93723823: checkpointed 16400 new records.
2026-10-08T22:56:53Z INFO [201/1000] 18a28a00-f7dd-4967-9c79-1273532b71b0: 50 arrays, 22.9 MB stored; 2.4 s; peak memory 4504 MiB.
2026-10-08T22:56:53Z INFO [202/1000] 18901f7f-18d8-4d57-bd55-02a0bab9f3e4: 58 arrays, 6330.8 MB stored; 102.5 s; peak memory 4504 MiB.
2026-10-08T22:56:53Z INFO [203/1000] 18a41c83-c2e9-4ef5-aac6-5a05b00986a4: 69 arrays, 0.1 MB stored; 2.2 s; peak memory 4504 MiB.
2026-10-08T22:56:53Z INFO [204/1000] 18a3297d-ecb6-4da1-a182-49b2ae242359: 156 arrays, 193.5 MB stored; 4.5 s; peak memory 4504 MiB.
2026-10-08T22:56:53Z INFO [205/1000] 18a49a65-0e65-40dd-8477-afe85bb3d447: 117 arrays, 0.5 MB stored; 2.2 s; peak memory 4504 MiB.
2026-10-08T22:56:53Z INFO [206/1000] 18a46611-369e-44d3-9913-97b92da5fd9b: 156 arrays, 193.5 MB stored; 4.3 s; peak memory 4504 MiB.
2026-10-08T22:56:53Z INFO [207/1000] 18a5a7a6-fc1c-47bd-8c30-63553d92713a: 48 arrays, 83.9 MB stored; 2.2 s; peak memory 4504 MiB.
2026-10-08T22:56:53Z INFO [208/1000] 18a587df-21f3-4eed-8d00-3f95df9c43ed: 68 arrays, 2.0 MB stored; 2.3 s; peak memory 4504 MiB.
2026-10-08T22:56:53Z INFO [209/1000] 18a76b64-c597-4abe-9354-0519d683eb00: 153 arrays, 0.6 MB stored; 2.5 s; peak memory 4504 MiB.
2026-10-08T22:56:55Z INFO [210/1000] 18a85e74-ee87-4c73-b17f-194ff44d531f: 48 arrays, 83.9 MB stored; 1.8 s; peak memory 4504 MiB.
2026-10-08T22:56:58Z INFO [211/1000] 18a933a9-7032-4752-9d34-437a48e98afc: 38 arrays, 36.6 MB stored; 3.3 s; peak memory 4504 MiB.
2026-10-08T22:57:00Z INFO [212/1000] 18a9ddb8-63b8-4e8b-a67b-aff86ea52ea2: 118 arrays, 0.4 MB stored; 2.0 s; peak memory 4504 MiB.
2026-10-08T22:57:00Z INFO [213/1000] 187a0b4c-2a11-4271-b7d2-efdbd99ce55b: 107 arrays, 1642.0 MB stored; 194.9 s; peak memory 4504 MiB.
2026-10-08T22:57:01Z INFO [214/1000] 18a62cf0-5f54-42ab-83c0-0fabe0b316d8: 745 arrays, 29.1 MB stored; 12.4 s; peak memory 4504 MiB.
2026-10-08T22:57:02Z INFO [215/1000] 18a9fdfc-9d6d-4b8f-b0a3-6eb821fcea60: 116 arrays, 0.4 MB stored; 2.0 s; peak memory 4504 MiB.
2026-10-08T22:57:04Z INFO [216/1000] 18aaf2ea-051d-43e8-9f4e-6e20d5c1523e: 66 arrays, 126.3 MB stored; 2.6 s; peak memory 4504 MiB.
2026-10-08T22:57:05Z INFO [217/1000] 18a63c17-ebd0-4656-bb0c-6b7325007822: 1118 arrays, 25.3 MB stored; 14.0 s; peak memory 4504 MiB.
2026-10-08T22:57:07Z INFO [218/1000] 18abe5b7-3edf-4c7f-aea1-bcee89fa3049: 84 arrays, 2.0 MB stored; 2.1 s; peak memory 4504 MiB.
2026-10-08T22:57:07Z INFO [219/1000] 18abc709-1efd-4e4f-bb67-354b11b9ec5d: 71 arrays, 133.3 MB stored; 3.2 s; peak memory 4504 MiB.
2026-10-08T22:57:09Z INFO [220/1000] 18ac4c30-f468-486e-9119-352385202bdb: 52 arrays, 2930.7 MB stored; 2.0 s; peak memory 4504 MiB.
2026-10-08T22:57:09Z INFO [221/1000] 18ad07c2-6e17-48a2-8ac2-67ac68e8f94a: 65 arrays, 17.4 MB stored; 2.2 s; peak memory 4504 MiB.
2026-10-08T22:57:09Z INFO [222/1000] 18ab1e6a-5c54-4394-bf51-e7ad3341bbc6: 538 arrays, 8.1 MB stored; 7.2 s; peak memory 4504 MiB.
2026-10-08T22:57:11Z INFO [223/1000] 18adbc0a-4ac5-4138-a2d9-a7a2dde52b18: 48 arrays, 83.9 MB stored; 1.8 s; peak memory 4504 MiB.
2026-10-08T22:57:11Z INFO [224/1000] 18ae02b2-1223-4d39-bf85-c93233462dbd: 48 arrays, 83.9 MB stored; 1.8 s; peak memory 4504 MiB.
2026-10-08T22:57:13Z INFO [225/1000] 18ad89de-e928-470b-8a9f-545ea1bcfc0c: 116 arrays, 187.2 MB stored; 4.1 s; peak memory 4504 MiB.
2026-10-08T22:57:14Z INFO [226/1000] 18aeec16-d712-44e7-9735-d8ec874fbffa: 52 arrays, 10.3 MB stored; 1.7 s; peak memory 4504 MiB.
2026-10-08T22:57:16Z INFO [227/1000] 18aa24f6-1f9d-4737-a5a9-c3c1a9203af1: 796 arrays, 42.0 MB stored; 15.6 s; peak memory 4504 MiB.
2026-10-08T22:57:17Z INFO [228/1000] 18af4512-cbdd-4cff-8528-75ee4a9e4206: 77 arrays, 0.0 MB stored; 2.1 s; peak memory 4504 MiB.
2026-10-08T22:57:17Z INFO [229/1000] 18ae46f9-c34a-4274-bda5-8bd50539eb1f: 518 arrays, 5.6 MB stored; 6.2 s; peak memory 4505 MiB.
2026-10-08T22:57:17Z INFO [230/1000] 18ae0772-91eb-457b-b701-9ff162a9026c: 523 arrays, 6.7 MB stored; 6.6 s; peak memory 4505 MiB.
2026-10-08T22:57:18Z INFO [231/1000] 18af5016-b4c5-4654-b695-ec42e323564e: 68 arrays, 2.0 MB stored; 2.0 s; peak memory 4505 MiB.
2026-10-08T22:57:19Z INFO [232/1000] 18b15c4b-1034-4fd0-bf8d-8834ccf49ef1: 74 arrays, 2.9 MB stored; 2.0 s; peak memory 4505 MiB.
2026-10-08T22:57:20Z INFO [233/1000] 18b270d7-bbe9-4b4b-9c8c-ce8c3e0ad41c: 112 arrays, 0.8 MB stored; 2.4 s; peak memory 4506 MiB.
2026-10-08T22:57:20Z INFO [234/1000] 18b273f4-566e-463f-9d6f-1898efa2bb38: 117 arrays, 0.2 MB stored; 1.7 s; peak memory 4506 MiB.
2026-10-08T22:57:20Z INFO [235/1000] 18b29c0b-08bb-40c3-9b5d-3f34e2d2af70: 48 arrays, 83.9 MB stored; 1.8 s; peak memory 4506 MiB.
2026-10-08T22:57:22Z INFO [236/1000] 18b2ffcc-f883-44e6-ac75-0a41aef7104e: 74 arrays, 2.6 MB stored; 2.1 s; peak memory 4506 MiB.
2026-10-08T22:57:22Z INFO [237/1000] 18b39e00-0389-4880-a30e-da418e96e6dd: 69 arrays, 0.0 MB stored; 1.9 s; peak memory 4506 MiB.
2026-10-08T22:57:24Z INFO [238/1000] 18b4e024-bd84-4e3e-8d79-b46029c1815b: 41 arrays, 8.4 MB stored; 1.7 s; peak memory 4506 MiB.
2026-10-08T22:57:25Z INFO [239/1000] 18b4f46e-90fb-4e3c-baff-7ebaf5dd19d2: 64 arrays, 213.3 MB stored; 2.9 s; peak memory 4506 MiB.
2026-10-08T22:57:25Z INFO [240/1000] 18b1e921-a1d1-4692-88d1-7e283ead9e8a: 152 arrays, 422.1 MB stored; 7.9 s; peak memory 4506 MiB.
2026-10-08T22:57:27Z INFO [241/1000] 18b5d6a7-3bd2-45ba-8ca2-5af2661f061e: 117 arrays, 0.4 MB stored; 2.0 s; peak memory 4506 MiB.
2026-10-08T22:57:27Z INFO [242/1000] 18b63bb8-8ab5-40be-8fbd-82674e214741: 39 arrays, 18.8 MB stored; 2.0 s; peak memory 4506 MiB.
2026-10-08T22:57:27Z INFO [243/1000] 18b505d6-55c0-424c-9be8-94641fa79a62: 115 arrays, 190.1 MB stored; 3.7 s; peak memory 4506 MiB.
2026-10-08T22:57:30Z INFO [244/1000] 18b765de-4932-4d09-b84c-a8404ff5d5e3: 112 arrays, 0.9 MB stored; 2.5 s; peak memory 4507 MiB.
2026-10-08T22:57:30Z INFO [245/1000] 18b65712-f735-4053-a94a-9ac4ae9849fe: 110 arrays, 1.3 MB stored; 2.8 s; peak memory 4507 MiB.
2026-10-08T22:57:31Z INFO [246/1000] 18b8aadf-8563-41f5-859d-0bd0e6490a38: 46 arrays, 0.1 MB stored; 1.5 s; peak memory 4507 MiB.
2026-10-08T22:57:31Z INFO [247/1000] 18b7f86a-9d11-4741-908c-49a9daacd675: 150 arrays, 640.5 MB stored; 4.1 s; peak memory 4507 MiB.
2026-10-08T22:57:32Z INFO [248/1000] 18b93c72-784e-4012-8313-90d65cc4b883: 66 arrays, 101.7 MB stored; 2.4 s; peak memory 4507 MiB.
2026-10-08T22:57:34Z INFO [249/1000] 18b9472d-4543-4fd6-b43d-2ab8f4d355ea: 66 arrays, 61.7 MB stored; 2.3 s; peak memory 4507 MiB.
2026-10-08T22:57:35Z INFO [250/1000] 18b9d716-468c-4971-bc03-d260ffabb7ad: 117 arrays, 0.4 MB stored; 2.1 s; peak memory 4507 MiB.
2026-10-08T22:57:35Z INFO [251/1000] 18b986e1-7aa7-4659-8c59-913b5b885d85: 84 arrays, 271.6 MB stored; 3.4 s; peak memory 4507 MiB.
2026-10-08T22:57:37Z INFO [252/1000] 18ba99f0-db02-4446-869d-7e455067df8d: 70 arrays, 14.0 MB stored; 2.1 s; peak memory 4508 MiB.
2026-10-08T22:57:39Z INFO [253/1000] 18bb545c-2390-45c6-9fb9-23b353e6d468: 112 arrays, 0.5 MB stored; 2.2 s; peak memory 4508 MiB.
2026-10-08T22:57:41Z INFO [254/1000] 18bc0049-b9f0-4b7b-bac4-13f610521fe9: 112 arrays, 0.4 MB stored; 2.3 s; peak memory 4508 MiB.
2026-10-08T22:57:43Z INFO [255/1000] 18bc656f-9d46-4efd-aaba-52d33b9e0b93: 48 arrays, 83.9 MB stored; 1.8 s; peak memory 4508 MiB.
2026-10-08T22:57:51Z INFO [256/1000] 18b2bc97-7a1b-4151-8ba0-1cf9b317b6cd: 48 arrays, 36159.4 MB stored; 30.8 s; peak memory 4508 MiB.
2026-10-08T22:57:55Z INFO [257/1000] 18bc8985-5768-47c4-b14b-0bd14e4067e1: 888 arrays, 25.3 MB stored; 12.2 s; peak memory 4509 MiB.
2026-10-08T22:57:57Z INFO [258/1000] 18bca6af-561e-4f8b-92ac-3e72355002d7: 117 arrays, 0.3 MB stored; 2.0 s; peak memory 4510 MiB.
2026-10-08T22:57:59Z INFO [259/1000] 18b9e137-16a4-4183-8cc5-5558ca701d3d: 522 arrays, 4215.7 MB stored; 25.9 s; peak memory 4510 MiB.
2026-10-08T22:58:00Z INFO [260/1000] 18bca925-124a-421b-b583-0c1e837b847d: 111 arrays, 0.4 MB stored; 2.1 s; peak memory 4510 MiB.
2026-10-08T22:58:01Z INFO [261/1000] 18bcd768-625d-4a5f-a571-2163989a5c66: 68 arrays, 0.1 MB stored; 2.0 s; peak memory 4510 MiB.
2026-10-08T22:58:04Z INFO [262/1000] 18be27fc-16b4-4699-ba28-18361a09f6ed: 112 arrays, 0.5 MB stored; 2.2 s; peak memory 4510 MiB.
2026-10-08T22:58:09Z INFO [263/1000] 18be17c7-3607-4012-b6e7-34a27d89b095: 2741 arrays, 11.5 MB stored; 9.8 s; peak memory 4514 MiB.
2026-10-08T22:58:14Z INFO [264/1000] 18bf2ccf-6905-45c3-9f70-cc7c57b39854: 835 arrays, 31.5 MB stored; 10.4 s; peak memory 4515 MiB.
2026-10-08T22:58:28Z INFO [265/1000] 18bc904f-e895-40d2-8233-62bcbe468404: 48 arrays, 1786.9 MB stored; 37.2 s; peak memory 4516 MiB.
2026-10-08T22:58:30Z INFO [266/1000] 18c051ff-b483-485f-9a51-8c5be2c3e355: 117 arrays, 0.4 MB stored; 2.0 s; peak memory 4516 MiB.
2026-10-08T22:58:32Z INFO [267/1000] 18c07149-46cb-4013-ac76-40cd6974fcdd: 247 arrays, 17.1 MB stored; 2.2 s; peak memory 4516 MiB.
2026-10-08T22:58:34Z INFO [268/1000] 18c08f35-fd9f-49c2-870c-6a5afd753a82: 83 arrays, 1.0 MB stored; 2.1 s; peak memory 4516 MiB.
2026-10-08T22:58:35Z INFO [269/1000] 18ba03ea-88df-4ba8-8916-15d2d8a9fe18: 824 arrays, 361.8 MB stored; 60.3 s; peak memory 4517 MiB.
2026-10-08T22:58:37Z INFO [270/1000] 18c116c6-08ad-4a78-9627-6aa0f497ef3d: 69 arrays, 43.0 MB stored; 2.8 s; peak memory 4517 MiB.
2026-10-08T22:58:37Z INFO [271/1000] 18c125c8-4a4c-4cec-98e3-ff1496362e58: 110 arrays, 0.6 MB stored; 2.3 s; peak memory 4517 MiB.
2026-10-08T22:58:38Z INFO [272/1000] 18bf5f0d-2031-4104-8f0b-b212c2f2a221: 696 arrays, 23.2 MB stored; 23.8 s; peak memory 4518 MiB.
2026-10-08T22:58:39Z INFO [273/1000] 18c172c2-dea8-4151-9494-c069a75664f3: 117 arrays, 0.4 MB stored; 2.1 s; peak memory 4519 MiB.
2026-10-08T22:58:39Z INFO [274/1000] 18c188c1-9f46-4a7a-b48b-963aed2e1558: 170 arrays, 0.7 MB stored; 2.1 s; peak memory 4519 MiB.
2026-10-08T22:58:40Z INFO [275/1000] 18c2129e-8232-4c85-88ae-385fc0f736e1: 48 arrays, 83.9 MB stored; 2.0 s; peak memory 4519 MiB.
2026-10-08T22:58:41Z INFO [276/1000] 18c3072a-0dce-4cbe-a06f-4907c6c3b7dd: 70 arrays, 1.5 MB stored; 2.2 s; peak memory 4519 MiB.
2026-10-08T22:58:41Z INFO [277/1000] 18c240c7-1447-4fed-ab90-3fb2e2541bc9: 118 arrays, 0.8 MB stored; 2.4 s; peak memory 4519 MiB.
2026-10-08T22:58:44Z INFO [278/1000] 18c35e47-9da5-4a26-9f0c-e3e7371059e0: 85 arrays, 672.5 MB stored; 3.7 s; peak memory 4519 MiB.
2026-10-08T22:58:44Z INFO [279/1000] 18c38676-03c4-48b4-b4cc-2bc34266f50a: 112 arrays, 0.5 MB stored; 2.3 s; peak memory 4519 MiB.
2026-10-08T22:58:45Z INFO [280/1000] 18c3e21d-62fd-4465-b9b9-ffe55b64def8: 123 arrays, 5.0 MB stored; 3.5 s; peak memory 4519 MiB.
2026-10-08T22:58:45Z INFO [281/1000] 18c425ba-8e9c-4140-b92d-1a3b7e54abd0: 48 arrays, 83.9 MB stored; 1.8 s; peak memory 4519 MiB.
2026-10-08T22:58:47Z INFO [282/1000] 18c47a86-fc52-4aa6-a7f2-d921f296d2fa: 48 arrays, 83.9 MB stored; 1.7 s; peak memory 4519 MiB.
2026-10-08T22:58:47Z INFO [283/1000] 18c4556b-8dfb-4eb8-a18e-66c05b4e879c: 119 arrays, 66.4 MB stored; 3.0 s; peak memory 4519 MiB.
2026-10-08T22:58:49Z INFO [284/1000] 18c4a14e-0cf3-459d-a6a4-89e2680da199: 65 arrays, 0.0 MB stored; 1.9 s; peak memory 4520 MiB.
2026-10-08T22:58:50Z INFO [285/1000] 18c55003-8029-4064-9521-082922039b65: 71 arrays, 133.7 MB stored; 3.0 s; peak memory 4520 MiB.
2026-10-08T22:58:52Z INFO [286/1000] 18c70108-dc21-41a0-9137-9edeef91b03d: 110 arrays, 0.3 MB stored; 2.1 s; peak memory 4520 MiB.
2026-10-08T22:59:00Z INFO [287/1000] 18c49790-c2d6-4fe2-a08c-b0065e985347: 49 arrays, 8068.9 MB stored; 14.6 s; peak memory 4520 MiB.
2026-10-08T22:59:16Z INFO [288/1000] 188118ed-584e-40c4-b48f-bf9d53ab624e: 62 arrays, 26577.5 MB stored; 313.4 s; peak memory 4521 MiB.
2026-10-08T22:59:21Z INFO [289/1000] 18c85e7a-f55d-47f5-a2d7-0a881496b0bc: 184 arrays, 220.9 MB stored; 5.1 s; peak memory 4521 MiB.
2026-10-08T22:59:24Z INFO [290/1000] 18c8a395-4552-409b-9045-d079afdb2763: 112 arrays, 0.7 MB stored; 2.1 s; peak memory 4521 MiB.
2026-10-08T22:59:24Z INFO [291/1000] 18c72c34-9dca-4c92-a6a5-345f7ea7083e: 48 arrays, 37730.8 MB stored; 31.9 s; peak memory 4521 MiB.
2026-10-08T22:59:26Z INFO [292/1000] 18c922a3-516b-4469-8cb7-14de86cc123a: 112 arrays, 0.4 MB stored; 2.1 s; peak memory 4521 MiB.
2026-10-08T22:59:27Z INFO [293/1000] 18c91dba-6ed1-4246-8947-d9196dc133c2: 71 arrays, 131.5 MB stored; 3.1 s; peak memory 4521 MiB.
2026-10-08T22:59:27Z INFO [294/1000] 18c95557-6868-458d-b352-fc833ba3b306: 48 arrays, 83.9 MB stored; 1.8 s; peak memory 4521 MiB.
2026-10-08T22:59:33Z INFO [295/1000] 18ca0eae-1425-490e-b240-6b045b5284e8: 77 arrays, 10063.5 MB stored; 6.7 s; peak memory 4522 MiB.
2026-10-08T22:59:37Z INFO [296/1000] 18ca61d0-d53e-43b2-8379-df7ff18417b4: 115 arrays, 186.8 MB stored; 3.7 s; peak memory 4522 MiB.
2026-10-08T22:59:39Z INFO [297/1000] 18ca8283-8b6a-4675-b2dd-a6234eb3445d: 39 arrays, 1.8 MB stored; 1.6 s; peak memory 4522 MiB.
2026-10-08T22:59:40Z INFO [298/1000] 18cab741-c42c-4927-a2ea-f30ba56263ea: 48 arrays, 83.9 MB stored; 1.7 s; peak memory 4522 MiB.
2026-10-08T22:59:43Z INFO [299/1000] 18cada7f-ab80-4408-81bc-efea7198c594: 112 arrays, 0.6 MB stored; 2.2 s; peak memory 4522 MiB.
2026-10-08T22:59:44Z INFO [300/1000] 18c7fa25-2492-4ffe-9c1f-a9d152493e9c: 470 arrays, 3139.2 MB stored; 44.1 s; peak memory 4523 MiB.
2026-10-08T22:59:44Z INFO [301/1000] 18cb008d-7b69-43b7-84f9-ae4b0568833b: 48 arrays, 83.9 MB stored; 1.7 s; peak memory 4523 MiB.
2026-10-08T22:59:46Z INFO [302/1000] 18cc1bbc-540b-454c-8ac9-da8e4a7a97a7: 65 arrays, 0.0 MB stored; 1.9 s; peak memory 4523 MiB.
2026-10-08T22:59:46Z INFO [303/1000] 18cbb56d-53da-420f-9e07-c4c9081320a3: 66 arrays, 18.8 MB stored; 2.2 s; peak memory 4523 MiB.
2026-10-08T22:59:48Z INFO [304/1000] 18cc2044-1ffb-4388-b6c0-b0b8eab109ab: 48 arrays, 83.9 MB stored; 1.8 s; peak memory 4523 MiB.
2026-10-08T22:59:50Z INFO [305/1000] 18cd3b72-ccb1-457c-b8fd-4616e8bbc744: 48 arrays, 83.9 MB stored; 1.8 s; peak memory 4523 MiB.
2026-10-08T22:59:52Z INFO [306/1000] 18bf4512-52c1-492d-902f-3747e0a3618d: 58 arrays, 6410.8 MB stored; 102.7 s; peak memory 4523 MiB.
2026-10-08T22:59:53Z INFO [307/1000] 18cd567d-dbe6-47a2-a002-11ad5b2f7633: 114 arrays, 186.8 MB stored; 3.6 s; peak memory 4523 MiB.
2026-10-08T22:59:54Z INFO [308/1000] 18cd66b2-ef7c-4e09-bf27-d9560e2626f4: 118 arrays, 0.3 MB stored; 2.0 s; peak memory 4523 MiB.
2026-10-08T22:59:56Z INFO [309/1000] 18ce4f3f-69e8-48fb-b186-1341bc6b34c4: 112 arrays, 0.3 MB stored; 1.9 s; peak memory 4524 MiB.
2026-10-08T22:59:57Z INFO [310/1000] 18cd9e22-8007-4df4-a8d9-44cfec58dfb1: 153 arrays, 3.3 MB stored; 4.0 s; peak memory 4524 MiB.
2026-10-08T22:59:59Z INFO [311/1000] 18ceeeb0-3ac0-4964-abe8-001641837af5: 56 arrays, 0.0 MB stored; 1.5 s; peak memory 4524 MiB.
2026-10-08T22:59:59Z INFO [312/1000] 18ce4fd7-87dd-414b-bc4a-b60df6419265: 115 arrays, 190.1 MB stored; 3.5 s; peak memory 4524 MiB.
2026-10-08T23:00:00Z INFO [313/1000] 18c68cf7-5d55-4e94-8a2a-67e48afc3cba: 118 arrays, 3756.4 MB stored; 71.5 s; peak memory 4524 MiB.
2026-10-08T23:00:01Z INFO [314/1000] 18cef375-1a52-4d39-8fd1-c4a4c7cfa8b3: 303 arrays, 17.1 MB stored; 2.3 s; peak memory 4524 MiB.
2026-10-08T23:00:02Z INFO [315/1000] 18cf6ba3-708e-4653-9000-2ae8d6c5ecf6: 110 arrays, 0.6 MB stored; 2.3 s; peak memory 4525 MiB.
2026-10-08T23:00:03Z INFO [316/1000] 18d07e38-deaf-4882-adc2-0fda4c1f4ac1: 37 arrays, 0.0 MB stored; 1.5 s; peak memory 4525 MiB.
2026-10-08T23:00:03Z INFO [317/1000] 18d06ab8-c4bd-4a36-bd97-0e43518bd794: 110 arrays, 0.9 MB stored; 2.6 s; peak memory 4525 MiB.
2026-10-08T23:00:04Z INFO [318/1000] 18d2e76a-333b-46ad-ba7a-67a2f9f41650: 48 arrays, 83.9 MB stored; 1.9 s; peak memory 4525 MiB.
2026-10-08T23:00:05Z INFO [319/1000] 18d30b9b-a7f0-464e-9200-e1d1e1d3a4c5: 110 arrays, 0.5 MB stored; 2.3 s; peak memory 4525 MiB.
2026-10-08T23:00:05Z INFO [320/1000] 18cc31c7-353f-471a-a55a-7ce1a5089017: 2539 arrays, 14.8 MB stored; 18.6 s; peak memory 4528 MiB.
2026-10-08T23:00:05Z INFO [321/1000] 18d3fed6-37eb-45c5-a276-529631001171: 53 arrays, 0.2 MB stored; 1.6 s; peak memory 4528 MiB.
2026-10-08T23:00:07Z INFO [322/1000] 18d4bc1b-9fa2-4d38-871e-7c2235c42cdf: 117 arrays, 0.4 MB stored; 2.1 s; peak memory 4528 MiB.
2026-10-08T23:00:08Z INFO [323/1000] 18d47db2-c507-4ef0-bbe6-ffbf2c88486a: 66 arrays, 21.2 MB stored; 2.8 s; peak memory 4528 MiB.
2026-10-08T23:00:09Z INFO [324/1000] 18d4d822-fbf2-4adb-b03d-cb7e1eed75f2: 54 arrays, 0.0 MB stored; 1.5 s; peak memory 4528 MiB.
2026-10-08T23:00:10Z INFO [325/1000] 18d527d8-1ecf-428b-95c1-3dc745a2c37c: 51 arrays, 4192.1 MB stored; 2.1 s; peak memory 4528 MiB.
2026-10-08T23:00:10Z INFO [326/1000] 18d3ff94-9801-4892-ae8a-6eb23ed25baf: 324 arrays, 2.9 MB stored; 5.2 s; peak memory 4529 MiB.
2026-10-08T23:00:12Z INFO [327/1000] 18d5a328-b66d-40ee-9d08-3df8e6f73923: 48 arrays, 83.9 MB stored; 2.0 s; peak memory 4529 MiB.
2026-10-08T23:00:12Z INFO [328/1000] 18d52b1d-1753-426c-8aaa-be851b37a002: 68 arrays, 162.7 MB stored; 3.2 s; peak memory 4529 MiB.
2026-10-08T23:00:13Z INFO [329/1000] 18d560f0-ad05-4ccd-8085-273320969350: 112 arrays, 0.6 MB stored; 2.7 s; peak memory 4529 MiB.
2026-10-08T23:00:14Z INFO [330/1000] 18d5a85a-8e35-4dc7-8cef-1def012f2768: 66 arrays, 1.1 MB stored; 1.7 s; peak memory 4529 MiB.
2026-10-08T23:00:14Z INFO [331/1000] 18d5dfd1-1b25-4277-9712-d84ebcc82135: 48 arrays, 83.9 MB stored; 1.8 s; peak memory 4529 MiB.
2026-10-08T23:00:17Z INFO [332/1000] 18d60e3b-8883-485e-9da3-7b6c0ea06452: 45 arrays, 2856.6 MB stored; 5.0 s; peak memory 4529 MiB.
2026-10-08T23:00:18Z INFO [333/1000] 18d670a2-763a-4281-a5c7-b14a544af5bf: 114 arrays, 186.9 MB stored; 3.8 s; peak memory 4529 MiB.
2026-10-08T23:00:18Z INFO [334/1000] 18d3a4d9-9de9-43d8-abff-0f73588c941e: 1032 arrays, 42.1 MB stored; 15.7 s; peak memory 4531 MiB.
2026-10-08T23:00:19Z INFO [335/1000] 18d6ac0d-017d-4788-aea0-05e21d7239d6: 48 arrays, 83.9 MB stored; 1.8 s; peak memory 4531 MiB.
2026-10-08T23:00:20Z INFO [336/1000] 18d78307-dc7e-4a6c-88c1-cbe698992268: 38 arrays, 20.2 MB stored; 2.4 s; peak memory 4531 MiB.
2026-10-08T23:00:20Z INFO [337/1000] 18d85e24-2c2d-43cb-b63a-cc038e3aa2a1: 48 arrays, 83.9 MB stored; 1.9 s; peak memory 4531 MiB.
2026-10-08T23:00:21Z INFO [338/1000] 18d86620-6dce-46e5-909c-ce85ad943647: 48 arrays, 83.9 MB stored; 1.8 s; peak memory 4531 MiB.
2026-10-08T23:00:22Z INFO [339/1000] 18d9713a-1684-4ce4-9639-0a5db43a383b: 45 arrays, 0.0 MB stored; 1.5 s; peak memory 4531 MiB.
2026-10-08T23:00:23Z INFO [340/1000] 18d8b9a0-087e-459d-a959-fcd76bbf3f4d: 124 arrays, 0.8 MB stored; 2.9 s; peak memory 4531 MiB.
2026-10-08T23:00:24Z INFO [341/1000] 18da2525-886a-4087-a1e1-fafcde23789a: 117 arrays, 0.3 MB stored; 1.9 s; peak memory 4531 MiB.
2026-10-08T23:00:25Z INFO [342/1000] 18da5252-9d2a-492c-af77-4a2de1aef69c: 48 arrays, 83.9 MB stored; 1.8 s; peak memory 4531 MiB.
2026-10-08T23:00:26Z INFO [343/1000] 18da981d-3c6d-481e-a212-15b453cd40b5: 78 arrays, 43.5 MB stored; 2.7 s; peak memory 4531 MiB.
2026-10-08T23:00:28Z INFO [344/1000] 18db00d7-09cb-4876-83f9-051f8ca23789: 71 arrays, 77.5 MB stored; 3.3 s; peak memory 4532 MiB.
2026-10-08T23:00:30Z INFO [345/1000] 18db7b69-9d84-4b00-b0c3-b3b7696bd8b1: 48 arrays, 83.9 MB stored; 1.7 s; peak memory 4532 MiB.
2026-10-08T23:00:31Z INFO [346/1000] 18db4f64-a65b-4035-8d6d-a5fea620ef77: 90 arrays, 909.0 MB stored; 5.1 s; peak memory 4532 MiB.
2026-10-08T23:00:32Z INFO [347/1000] 18d98344-dbf8-486e-871b-297ec4dbd2c2: 831 arrays, 16.7 MB stored; 10.9 s; peak memory 4533 MiB.
2026-10-08T23:00:34Z INFO [348/1000] 18dc5a4f-9780-48a4-8e9b-d8520ba4eba7: 85 arrays, 761.3 MB stored; 4.5 s; peak memory 4533 MiB.
2026-10-08T23:00:35Z INFO [349/1000] 18dcc24f-c0e2-4cb7-a2c5-d815dbe49399: 152 arrays, 205.2 MB stored; 3.9 s; peak memory 4533 MiB.
2026-10-08T23:00:36Z INFO [350/1000] 18dd4d87-8123-44bf-bbd1-fdaef419f18d: 21 arrays, 0.6 MB stored; 1.5 s; peak memory 4533 MiB.
2026-10-08T23:00:37Z INFO [351/1000] 18d64569-606e-4a96-92a6-8425adb5ba6a: 288 arrays, 2253.4 MB stored; 23.3 s; peak memory 4533 MiB.
2026-10-08T23:00:38Z INFO [352/1000] 18de84e9-6462-40d1-ac72-613856b53e78: 117 arrays, 0.6 MB stored; 2.4 s; peak memory 4534 MiB.
2026-10-08T23:00:38Z INFO [353/1000] 18ddec35-20d7-4e3b-b1cd-5aa05f7eeaad: 87 arrays, 12.8 MB stored; 2.9 s; peak memory 4534 MiB.
2026-10-08T23:00:39Z INFO [354/1000] 18df0293-e65c-4992-bbcc-d1191d152013: 39 arrays, 6.8 MB stored; 1.8 s; peak memory 4534 MiB.
2026-10-08T23:00:40Z INFO [355/1000] 18df230c-a6c3-47ff-83ea-2e7df68a007a: 48 arrays, 83.9 MB stored; 1.9 s; peak memory 4534 MiB.
2026-10-08T23:00:40Z INFO [356/1000] 18df98bc-0354-485e-b543-6eade5a772bc: 45 arrays, 0.0 MB stored; 1.6 s; peak memory 4534 MiB.
2026-10-08T23:00:42Z INFO [357/1000] 18dd2c7c-8a28-47f9-8534-cc98db93078b: 1511 arrays, 34.1 MB stored; 9.8 s; peak memory 4536 MiB.
2026-10-08T23:00:42Z INFO [358/1000] 18e02d24-a29c-4545-ac54-cf8ac29e134f: 101 arrays, 0.1 MB stored; 1.7 s; peak memory 4536 MiB.
2026-10-08T23:00:43Z INFO [359/1000] 18e17aab-60eb-4dc8-b878-6b09d63ddc4a: 56 arrays, 0.0 MB stored; 1.6 s; peak memory 4536 MiB.
2026-10-08T23:00:44Z INFO [360/1000] 18e1b913-184e-4b0c-b434-712ea284a035: 46 arrays, 0.4 MB stored; 1.9 s; peak memory 4536 MiB.
2026-10-08T23:00:44Z INFO [361/1000] 18e099e9-e065-4307-b988-a03f2b75805f: 115 arrays, 190.1 MB stored; 3.7 s; peak memory 4536 MiB.
2026-10-08T23:00:45Z INFO [362/1000] 18e1ea87-4c03-4c71-a2c8-b7310c84a62a: 48 arrays, 83.9 MB stored; 1.9 s; peak memory 4536 MiB.
2026-10-08T23:00:47Z INFO [363/1000] 18e265db-e131-4b49-9e28-51ffa6488dfa: 84 arrays, 1.0 MB stored; 2.5 s; peak memory 4536 MiB.
2026-10-08T23:00:49Z INFO [364/1000] 18e2ea51-d1fe-49cd-bb0e-25c463757d73: 98 arrays, 137.9 MB stored; 3.7 s; peak memory 4536 MiB.
2026-10-08T23:00:50Z INFO [365/1000] 18e362bd-a971-4e82-889a-615d4e542a1d: 116 arrays, 187.2 MB stored; 3.7 s; peak memory 4536 MiB.
2026-10-08T23:00:52Z INFO [366/1000] 18e38190-eb3f-442e-bd09-59613e55b839: 48 arrays, 83.9 MB stored; 1.7 s; peak memory 4536 MiB.
2026-10-08T23:00:54Z INFO [367/1000] 18e2044a-b8df-4d65-9654-73296a918113: 620 arrays, 17.2 MB stored; 10.1 s; peak memory 4537 MiB.
2026-10-08T23:00:54Z INFO [368/1000] 18df163a-c301-4246-8963-c8c9087c01b0: 288 arrays, 977.8 MB stored; 15.7 s; peak memory 4537 MiB.
2026-10-08T23:00:54Z INFO [369/1000] 18e381c5-790f-486b-9537-0ca04cfc4235: 118 arrays, 0.4 MB stored; 1.9 s; peak memory 4538 MiB.
2026-10-08T23:00:56Z INFO [370/1000] 18e46d7e-3a3d-46e3-9a9d-59d93a720067: 48 arrays, 83.9 MB stored; 1.8 s; peak memory 4538 MiB.
2026-10-08T23:00:56Z INFO [371/1000] 18e424b8-0358-4244-b8ea-5f7f2d75aff6: 48 arrays, 83.9 MB stored; 2.0 s; peak memory 4538 MiB.
2026-10-08T23:00:59Z INFO [372/1000] 18e48898-db51-4d26-a1b4-7189c6ad0970: 168 arrays, 3.2 MB stored; 3.7 s; peak memory 4538 MiB.
2026-10-08T23:01:00Z INFO [373/1000] 18e4f1c6-6258-4420-8f0a-0d8a7ec7bab3: 156 arrays, 193.6 MB stored; 4.4 s; peak memory 4538 MiB.
2026-10-08T23:01:01Z INFO [374/1000] 18e37e09-094e-4733-a352-4dac9bbc3b13: 1286 arrays, 13.8 MB stored; 11.9 s; peak memory 4539 MiB.
2026-10-08T23:01:01Z INFO [375/1000] 18e5059b-c1a5-48d6-8bbc-f1a20b02c11b: 117 arrays, 0.3 MB stored; 2.0 s; peak memory 4540 MiB.
2026-10-08T23:01:03Z INFO [376/1000] 18e60dad-3360-4100-8c1c-9904715b1cfa: 48 arrays, 83.9 MB stored; 1.8 s; peak memory 4540 MiB.
2026-10-08T23:01:03Z INFO [377/1000] 18e53777-e309-4b81-810b-42f376165451: 75 arrays, 9.6 MB stored; 2.8 s; peak memory 4540 MiB.
2026-10-08T23:01:03Z INFO [378/1000] 18e66a53-6cbe-4bc4-9978-afbd7b458707: 48 arrays, 83.9 MB stored; 1.8 s; peak memory 4540 MiB.
2026-10-08T23:01:05Z INFO [379/1000] 18e6b5bf-b092-401d-98bb-ab17b41a6486: 66 arrays, 65.9 MB stored; 2.7 s; peak memory 4540 MiB.
2026-10-08T23:01:06Z INFO [380/1000] 18e6c881-fb73-49ec-9e0f-f9c66fed4593: 110 arrays, 0.6 MB stored; 2.4 s; peak memory 4540 MiB.
2026-10-08T23:01:06Z INFO [381/1000] 18e6b6f1-fb46-4f0e-b987-986fc6ba5fad: 78 arrays, 254.1 MB stored; 3.0 s; peak memory 4540 MiB.
2026-10-08T23:01:07Z INFO [382/1000] 18e3f6db-5105-4757-9766-933de9f9c88d: 848 arrays, 31.1 MB stored; 12.8 s; peak memory 4541 MiB.
2026-10-08T23:01:07Z INFO [383/1000] 18e6d106-c545-4611-9c9c-c2f360bce859: 38 arrays, 0.5 MB stored; 1.8 s; peak memory 4541 MiB.
2026-10-08T23:01:07Z INFO [384/1000] 18e6f3c3-0dd7-484e-8b71-093d27cfb9e0: 39 arrays, 2.5 MB stored; 1.8 s; peak memory 4541 MiB.
2026-10-08T23:01:08Z INFO [385/1000] 18e723cc-75c0-483a-9442-05824f4e3b72: 48 arrays, 83.9 MB stored; 1.8 s; peak memory 4541 MiB.
2026-10-08T23:01:09Z INFO [386/1000] 18e77985-d753-419d-a501-74b6d57ab463: 112 arrays, 0.3 MB stored; 2.0 s; peak memory 4541 MiB.
2026-10-08T23:01:09Z INFO [387/1000] 18e80d77-8ca3-41c4-b748-10e2dd87405b: 56 arrays, 0.0 MB stored; 1.5 s; peak memory 4541 MiB.
2026-10-08T23:01:10Z INFO [388/1000] 18e88675-1a5a-4475-9983-fc00816c25bb: 49 arrays, 137.2 MB stored; 2.5 s; peak memory 4541 MiB.
2026-10-08T23:01:10Z INFO [389/1000] 18e9709c-bf61-4847-b75a-ab0562655c29: 48 arrays, 83.9 MB stored; 1.8 s; peak memory 4542 MiB.
2026-10-08T23:01:11Z INFO [390/1000] 18e98fd0-08c6-4cc2-8668-b54598f74c6d: 48 arrays, 83.9 MB stored; 2.0 s; peak memory 4542 MiB.
2026-10-08T23:01:13Z INFO [391/1000] 18e9a01b-87e2-4e17-b7ca-a88876a63803: 66 arrays, 169.4 MB stored; 2.6 s; peak memory 4542 MiB.
2026-10-08T23:01:13Z INFO [392/1000] 18e99adc-1a2d-40fc-a8f4-4949d81db5f0: 71 arrays, 86.6 MB stored; 2.8 s; peak memory 4542 MiB.
2026-10-08T23:01:17Z INFO [393/1000] 18e9b468-39eb-4cbd-b700-cc06b430066d: 115 arrays, 190.1 MB stored; 3.9 s; peak memory 4542 MiB.
2026-10-08T23:01:17Z INFO [394/1000] 18e9af08-dd35-4479-aa16-84861a774e80: 552 arrays, 7.6 MB stored; 6.2 s; peak memory 4543 MiB.
2026-10-08T23:01:19Z INFO [395/1000] 18eb4614-ac2b-4dc5-8aca-0487c65d93a9: 46 arrays, 1.1 MB stored; 1.8 s; peak memory 4543 MiB.
2026-10-08T23:01:22Z INFO [396/1000] 18ca589f-f312-4f84-8103-18a5bf0a5c1b: 12275 arrays, 1274.9 MB stored; 114.1 s; peak memory 4554 MiB.
2026-10-08T23:01:24Z INFO [397/1000] 18ec058c-9157-4f78-a9ea-88b01a9f6856: 110 arrays, 0.3 MB stored; 2.2 s; peak memory 4554 MiB.
2026-10-08T23:01:24Z INFO [398/1000] 18e7d0f7-b8d6-4046-90be-d4deefd87ecc: 1039 arrays, 31.9 MB stored; 17.2 s; peak memory 4555 MiB.
2026-10-08T23:01:25Z INFO [399/1000] 18ecc537-6ba3-4d49-adde-41e3c135f1a1: 38 arrays, 0.5 MB stored; 1.6 s; peak memory 4555 MiB.
2026-10-08T23:01:26Z INFO [400/1000] 18ebcc72-56dc-491d-98cd-c871d0d386a5: 223 arrays, 377.4 MB stored; 6.9 s; peak memory 4556 MiB.
2026-10-08T23:01:36Z INFO [400/1000] 18ebcc72-56dc-491d-98cd-c871d0d386a5: checkpointed 16600 new records.
2026-10-08T23:01:36Z INFO [401/1000] 18ed975a-9a3e-41b0-9f28-94fe71e5216b: 118 arrays, 0.3 MB stored; 2.0 s; peak memory 4562 MiB.
2026-10-08T23:01:36Z INFO [402/1000] 18ea9733-da57-454c-b4d8-5bff7d9b7090: 318 arrays, 18.8 MB stored; 9.5 s; peak memory 4562 MiB.
2026-10-08T23:01:36Z INFO [403/1000] 18eea337-30ab-4289-8ae9-0f6e472ac8b4: 48 arrays, 83.9 MB stored; 1.7 s; peak memory 4562 MiB.
2026-10-08T23:01:36Z INFO [404/1000] 18edff27-9a06-46f7-a517-76ab6d6e5028: 64 arrays, 3.0 MB stored; 2.6 s; peak memory 4562 MiB.
2026-10-08T23:01:36Z INFO [405/1000] 18ee8204-756c-4fc1-bc99-a804afd9e859: 112 arrays, 0.3 MB stored; 2.1 s; peak memory 4562 MiB.
2026-10-08T23:01:36Z INFO [406/1000] 18ef382e-8c9b-435d-8a4a-d43ab472e9ab: 117 arrays, 0.3 MB stored; 2.1 s; peak memory 4562 MiB.
2026-10-08T23:01:36Z INFO [407/1000] 18efea65-18e5-42d5-9e26-849f739b78a9: 112 arrays, 0.7 MB stored; 2.6 s; peak memory 4562 MiB.
2026-10-08T23:01:36Z INFO [408/1000] 18efee01-0301-4f53-855d-e9a415d73289: 60 arrays, 0.8 MB stored; 2.2 s; peak memory 4562 MiB.
2026-10-08T23:01:36Z INFO [409/1000] 18edd663-2986-4d90-b32f-24ca798b78cd: 229 arrays, 669.9 MB stored; 8.1 s; peak memory 4562 MiB.
2026-10-08T23:01:36Z INFO [410/1000] 18f09206-0fa7-442a-b0f6-418cf8591259: 112 arrays, 0.7 MB stored; 2.4 s; peak memory 4562 MiB.
2026-10-08T23:01:36Z INFO [411/1000] 18f09442-d86e-41c1-85bd-ef5ab199b431: 117 arrays, 0.3 MB stored; 2.0 s; peak memory 4562 MiB.
2026-10-08T23:01:36Z INFO [412/1000] 18f15c9d-583c-485d-9a41-a8f357de0d74: 46 arrays, 0.1 MB stored; 1.6 s; peak memory 4562 MiB.
2026-10-08T23:01:37Z INFO [413/1000] 18f0f5f4-4bdd-463c-a2f7-c3372c2d8326: 118 arrays, 66.2 MB stored; 3.2 s; peak memory 4562 MiB.
2026-10-08T23:01:37Z INFO [414/1000] 18f18157-6db9-4041-a627-3136dbe4ab39: 110 arrays, 0.6 MB stored; 2.4 s; peak memory 4562 MiB.
2026-10-08T23:01:37Z INFO [415/1000] 18f1aabd-7dd3-4cb3-8b68-f9f63d02a4dd: 48 arrays, 83.9 MB stored; 1.9 s; peak memory 4562 MiB.
2026-10-08T23:01:39Z INFO [416/1000] 18f26f39-1aa7-4c38-a70b-6acbc5250d32: 48 arrays, 83.9 MB stored; 1.8 s; peak memory 4562 MiB.
2026-10-08T23:01:39Z INFO [417/1000] 18f241ba-b939-47a0-9714-1afb34c934eb: 112 arrays, 0.5 MB stored; 2.5 s; peak memory 4562 MiB.
2026-10-08T23:01:41Z INFO [418/1000] 18f2e345-4540-456a-8097-cfdf0425c5b0: 48 arrays, 83.9 MB stored; 1.7 s; peak memory 4562 MiB.
2026-10-08T23:01:42Z INFO [419/1000] 18f42d37-4435-4299-a58e-169ec9703cd7: 57 arrays, 627.8 MB stored; 2.8 s; peak memory 4562 MiB.
2026-10-08T23:01:42Z INFO [420/1000] 18ef907c-f69a-41cb-97a2-a61a08c50599: 909 arrays, 26.6 MB stored; 13.9 s; peak memory 4562 MiB.
2026-10-08T23:01:42Z INFO [421/1000] 18f452c3-21b0-4cd9-88bc-032e97c2d63c: 48 arrays, 83.9 MB stored; 1.9 s; peak memory 4562 MiB.
2026-10-08T23:01:44Z INFO [422/1000] 18f51c15-2f47-4463-bc28-78b91c8b4396: 48 arrays, 83.9 MB stored; 1.9 s; peak memory 4562 MiB.
2026-10-08T23:01:47Z INFO [423/1000] 18f55a6f-b6a8-47c2-a356-262f07c50e1b: 118 arrays, 16.5 MB stored; 3.1 s; peak memory 4562 MiB.
2026-10-08T23:01:49Z INFO [424/1000] 18f4c46f-c1b1-44c1-8931-04ca917b75b4: 229 arrays, 352.2 MB stored; 7.0 s; peak memory 4562 MiB.
2026-10-08T23:01:50Z INFO [425/1000] 18f4c4ff-221c-424c-9175-c9a5423cd749: 225 arrays, 310.3 MB stored; 7.1 s; peak memory 4562 MiB.
2026-10-08T23:01:50Z INFO [426/1000] 18f6d1d4-bdad-49cf-b732-e8e6d8d50b71: 46 arrays, 0.2 MB stored; 1.5 s; peak memory 4562 MiB.
2026-10-08T23:01:51Z INFO [427/1000] 18f67678-575a-466b-af9e-cdfd57218afa: 118 arrays, 67.2 MB stored; 3.6 s; peak memory 4562 MiB.
2026-10-08T23:01:53Z INFO [428/1000] 18f7fe1c-9804-4c2a-8bc7-1509f1341ed5: 71 arrays, 77.3 MB stored; 2.4 s; peak memory 4562 MiB.
2026-10-08T23:01:55Z INFO [429/1000] 18f80316-56c5-405b-a56e-55eaf89333dc: 48 arrays, 83.9 MB stored; 1.7 s; peak memory 4562 MiB.
2026-10-08T23:01:57Z INFO [430/1000] 18f8689d-8ed3-413c-9b1b-46127c725fba: 50 arrays, 0.3 MB stored; 1.6 s; peak memory 4562 MiB.
2026-10-08T23:01:57Z INFO [431/1000] 18f25c66-1bee-4d99-bd0c-2299a4d6fd03: 737 arrays, 209.1 MB stored; 20.6 s; peak memory 4562 MiB.
2026-10-08T23:01:59Z INFO [432/1000] 18f8aa6f-df50-43aa-b052-97e223a029e4: 118 arrays, 0.2 MB stored; 2.1 s; peak memory 4562 MiB.
2026-10-08T23:01:59Z INFO [433/1000] 18f8b791-4814-4e00-b742-6c3574d0b726: 117 arrays, 0.3 MB stored; 2.0 s; peak memory 4562 MiB.
2026-10-08T23:02:02Z INFO [434/1000] 18f8df71-bf71-4645-9785-e6fc50d9cd8a: 69 arrays, 33.4 MB stored; 2.7 s; peak memory 4562 MiB.
2026-10-08T23:02:02Z INFO [435/1000] 18f6f978-16b9-4217-877a-2a871fd0b9fd: 802 arrays, 25.0 MB stored; 12.6 s; peak memory 4562 MiB.
2026-10-08T23:02:04Z INFO [436/1000] 18f9b397-a4c9-4e6c-b7fe-00d2dd479372: 112 arrays, 0.8 MB stored; 2.4 s; peak memory 4563 MiB.
2026-10-08T23:02:06Z INFO [437/1000] 18f9f05d-39d4-47e0-80fc-8fc4704fccc9: 156 arrays, 193.4 MB stored; 4.3 s; peak memory 4563 MiB.
2026-10-08T23:02:07Z INFO [438/1000] 18fa4f2f-4bb9-4013-8004-22ef3a502feb: 66 arrays, 94.5 MB stored; 2.5 s; peak memory 4563 MiB.
2026-10-08T23:02:08Z INFO [439/1000] 18fa6d92-427f-4a33-aa35-21b8eccfae8f: 46 arrays, 2.1 MB stored; 1.7 s; peak memory 4563 MiB.
2026-10-08T23:02:10Z INFO [440/1000] 18fb2a50-399a-42e2-af6e-7714d70c3fbb: 48 arrays, 83.9 MB stored; 1.8 s; peak memory 4563 MiB.
2026-10-08T23:02:13Z INFO [441/1000] 18fc4d2d-d87c-48f4-abda-d5db15e2ed65: 115 arrays, 186.8 MB stored; 3.4 s; peak memory 4563 MiB.
2026-10-08T23:02:14Z INFO [442/1000] 18faafb1-d06e-4d97-aadb-0ecd24eacdd2: 225 arrays, 397.1 MB stored; 7.2 s; peak memory 4563 MiB.
2026-10-08T23:02:15Z INFO [443/1000] 18f901ad-7b80-4d21-beb8-8421caa3dcdd: 908 arrays, 25.2 MB stored; 15.4 s; peak memory 4564 MiB.
2026-10-08T23:02:15Z INFO [444/1000] 18fd7d6f-642c-4d1f-86b5-ddd68a2382ee: 48 arrays, 83.9 MB stored; 1.9 s; peak memory 4564 MiB.
2026-10-08T23:02:16Z INFO [445/1000] 18fdad5c-edb4-4cea-8cd7-e0c43512da4a: 117 arrays, 0.3 MB stored; 2.0 s; peak memory 4565 MiB.
2026-10-08T23:02:17Z INFO [446/1000] 18fe051e-d573-4b9e-aa00-6efb6c19050e: 66 arrays, 1.1 MB stored; 1.7 s; peak memory 4565 MiB.
2026-10-08T23:02:19Z INFO [447/1000] 18fe048a-20c6-423b-9513-06f79c9d70ad: 102 arrays, 16.3 MB stored; 3.7 s; peak memory 4565 MiB.
2026-10-08T23:02:19Z INFO [448/1000] 18fe3ca4-d46f-44ed-b507-af464c1c3f4e: 48 arrays, 83.9 MB stored; 1.8 s; peak memory 4565 MiB.
2026-10-08T23:02:21Z INFO [449/1000] 18fe6cd2-2e0b-4f60-9f7d-f96d648ae01a: 112 arrays, 0.6 MB stored; 2.2 s; peak memory 4565 MiB.
2026-10-08T23:02:23Z INFO [450/1000] 18ff746a-82bc-4fcd-807d-8596d1dfac80: 80 arrays, 329.2 MB stored; 3.6 s; peak memory 4565 MiB.
2026-10-08T23:02:24Z INFO [451/1000] 18ffa9f6-52f1-4d51-a1c1-308701e11d6c: 70 arrays, 15.2 MB stored; 2.5 s; peak memory 4565 MiB.
2026-10-08T23:02:25Z INFO [452/1000] 1900c1ca-92e7-495b-8624-0a4944ed4b46: 132 arrays, 1.1 MB stored; 2.0 s; peak memory 4565 MiB.
2026-10-08T23:02:26Z INFO [453/1000] 1900cf47-90fd-407c-9795-4b11548a9874: 46 arrays, 5195.5 MB stored; 2.3 s; peak memory 4565 MiB.
2026-10-08T23:02:27Z INFO [454/1000] 1901ce3b-a9cb-42f0-93ec-0eec4d696eea: 48 arrays, 83.9 MB stored; 1.8 s; peak memory 4565 MiB.
2026-10-08T23:02:28Z INFO [455/1000] 1901f99f-2b02-4071-832f-bd2f4d25f9f4: 50 arrays, 3.2 MB stored; 1.6 s; peak memory 4565 MiB.
2026-10-08T23:02:29Z INFO [456/1000] 19041e1b-b175-4d79-ad7d-bf48dec2dc44: 48 arrays, 83.9 MB stored; 1.8 s; peak memory 4566 MiB.
2026-10-08T23:02:31Z INFO [457/1000] 19047d2a-20f5-4ad2-ad01-1b9ff0e6f067: 38 arrays, 0.5 MB stored; 1.5 s; peak memory 4566 MiB.
2026-10-08T23:02:31Z INFO [458/1000] 18fdbc44-cc66-4e89-acad-3016b2470901: 50 arrays, 526.8 MB stored; 16.5 s; peak memory 4566 MiB.
2026-10-08T23:02:33Z INFO [459/1000] 19020333-dbc8-4e43-b372-a9ec2ffc1b29: 473 arrays, 4.8 MB stored; 6.0 s; peak memory 4566 MiB.
2026-10-08T23:02:33Z INFO [460/1000] 1904eef1-0672-4bd9-9af1-f9105064f169: 117 arrays, 0.3 MB stored; 1.9 s; peak memory 4566 MiB.
2026-10-08T23:02:33Z INFO [461/1000] 19063072-3a35-44ec-beab-12361dbcd79a: 118 arrays, 0.5 MB stored; 2.0 s; peak memory 4567 MiB.
2026-10-08T23:02:34Z INFO [462/1000] 1906bcb6-1e68-43d2-8eb3-caa0f0a0ffd6: 56 arrays, 0.0 MB stored; 1.5 s; peak memory 4567 MiB.
2026-10-08T23:02:35Z INFO [463/1000] 19074b82-7a70-4110-97af-5b366d7e9ef2: 118 arrays, 0.3 MB stored; 2.1 s; peak memory 4567 MiB.
2026-10-08T23:02:38Z INFO [464/1000] 1907931b-c2eb-4b7d-8bc5-4c9518edfe7b: 62 arrays, 3001.0 MB stored; 2.6 s; peak memory 4567 MiB.
2026-10-08T23:02:40Z INFO [465/1000] 1907b687-824f-4c72-a8a3-c808fb7f3859: 110 arrays, 0.5 MB stored; 2.0 s; peak memory 4567 MiB.
2026-10-08T23:02:42Z INFO [466/1000] 19071c5c-f6f6-40e0-8ca6-b058fbdf71cf: 58 arrays, 634.1 MB stored; 9.5 s; peak memory 4567 MiB.
2026-10-08T23:02:44Z INFO [467/1000] 1908fe4d-4e2e-4611-99ed-31aa18dd87be: 117 arrays, 0.4 MB stored; 1.9 s; peak memory 4568 MiB.
2026-10-08T23:02:48Z INFO [468/1000] 1908a448-47bd-488e-b5dc-e4d2e639eefd: 385 arrays, 56.7 MB stored; 8.1 s; peak memory 4568 MiB.
2026-10-08T23:02:51Z INFO [469/1000] 19098fbc-b40d-4036-b325-2eba2de2652e: 38 arrays, 25.2 MB stored; 3.1 s; peak memory 4568 MiB.
2026-10-08T23:02:53Z INFO [470/1000] 190990a1-be46-4c94-a884-49a993bea967: 48 arrays, 83.9 MB stored; 1.8 s; peak memory 4568 MiB.
2026-10-08T23:02:57Z INFO [471/1000] 1909cc09-30d4-4ea6-8296-de5ce937bc76: 156 arrays, 193.5 MB stored; 4.4 s; peak memory 4568 MiB.
2026-10-08T23:02:59Z INFO [472/1000] 190988f7-73ff-4090-81d6-1ea71b972f50: 1141 arrays, 24.6 MB stored; 14.8 s; peak memory 4570 MiB.
2026-10-08T23:03:01Z INFO [473/1000] 1909e5f0-c3ef-4151-b185-dd8da845d55f: 112 arrays, 0.7 MB stored; 2.4 s; peak memory 4570 MiB.
2026-10-08T23:03:03Z INFO [474/1000] 190a0899-4fa8-48d6-bd97-29545c3d7761: 121 arrays, 0.2 MB stored; 1.9 s; peak memory 4570 MiB.
2026-10-08T23:03:05Z INFO [475/1000] 190a0b89-6e78-48ff-81f8-24b94b826a7f: 37 arrays, 0.0 MB stored; 1.6 s; peak memory 4570 MiB.
2026-10-08T23:03:07Z INFO [476/1000] 190a7c60-f5af-4f58-acd3-d883014a573e: 112 arrays, 0.5 MB stored; 2.1 s; peak memory 4570 MiB.
2026-10-08T23:03:09Z INFO [477/1000] 190ac0dc-e8fe-4a85-baf8-d9a93e34e78e: 48 arrays, 83.9 MB stored; 1.8 s; peak memory 4570 MiB.
2026-10-08T23:03:10Z INFO [478/1000] 1909dcee-e4ab-4746-b89c-0bfb30dd1710: 998 arrays, 13.5 MB stored; 12.2 s; peak memory 4571 MiB.
2026-10-08T23:03:10Z INFO [479/1000] 190b67bc-b5d8-468c-a808-5dfcc9f0aefe: 48 arrays, 83.9 MB stored; 1.7 s; peak memory 4571 MiB.
2026-10-08T23:03:11Z INFO [480/1000] 190b9fb0-368d-40bf-9b95-031619f550c8: 48 arrays, 83.9 MB stored; 1.8 s; peak memory 4571 MiB.
2026-10-08T23:03:13Z INFO [481/1000] 190bf4b8-d243-42f3-bffc-b15b6bb07e64: 52 arrays, 18.4 MB stored; 1.8 s; peak memory 4572 MiB.
2026-10-08T23:03:14Z INFO [482/1000] 190be370-f11d-46f4-8b62-f5cf930f5e62: 115 arrays, 190.1 MB stored; 3.7 s; peak memory 4572 MiB.
2026-10-08T23:03:16Z INFO [483/1000] 190c3c13-38da-4eab-aa6e-814067cda32c: 117 arrays, 0.3 MB stored; 1.9 s; peak memory 4572 MiB.
2026-10-08T23:03:18Z INFO [484/1000] 190c9240-dc3f-4bd6-89aa-370d8dd38056: 116 arrays, 0.4 MB stored; 2.0 s; peak memory 4572 MiB.
2026-10-08T23:03:19Z INFO [485/1000] 190c2f8e-5e3a-458a-91dd-e5af4a51afed: 531 arrays, 4.7 MB stored; 5.6 s; peak memory 4573 MiB.
2026-10-08T23:03:19Z INFO [486/1000] 190c92b4-e6ea-4575-a938-d0ccd1be9285: 58 arrays, 0.0 MB stored; 1.4 s; peak memory 4573 MiB.
2026-10-08T23:03:21Z INFO [487/1000] 190cec6f-49f9-4a09-b3c5-8e4fa6f74a60: 41 arrays, 8.4 MB stored; 1.6 s; peak memory 4573 MiB.
2026-10-08T23:03:22Z INFO [488/1000] 190d7a77-2598-4950-9c25-69aef266bd71: 48 arrays, 83.9 MB stored; 1.7 s; peak memory 4573 MiB.
2026-10-08T23:03:23Z INFO [489/1000] 190d6582-e9d2-4552-9917-66107d276e82: 53 arrays, 16.0 MB stored; 4.0 s; peak memory 4573 MiB.
2026-10-08T23:03:24Z INFO [490/1000] 190d7d52-e2d6-459d-835d-6a77701922cd: 118 arrays, 0.4 MB stored; 1.9 s; peak memory 4573 MiB.
2026-10-08T23:03:25Z INFO [491/1000] 190f4740-33d3-44b4-9037-c498be6fc4b2: 101 arrays, 0.1 MB stored; 1.7 s; peak memory 4573 MiB.
2026-10-08T23:03:36Z INFO [492/1000] 191035b2-7e3a-4bf7-aefb-e071e877296c: 837 arrays, 31.2 MB stored; 11.0 s; peak memory 4575 MiB.
2026-10-08T23:03:37Z INFO [493/1000] 190782de-3dd8-49c5-b850-8dea11a982c0: 4732 arrays, 80.6 MB stored; 62.5 s; peak memory 4579 MiB.
2026-10-08T23:03:38Z INFO [494/1000] 19103d86-a7b1-4855-911f-9b8006217a4c: 48 arrays, 83.9 MB stored; 2.0 s; peak memory 4579 MiB.
2026-10-08T23:03:42Z INFO [495/1000] 19104555-1d4e-480a-b80d-7b59dda7de97: 119 arrays, 67.5 MB stored; 3.5 s; peak memory 4579 MiB.
2026-10-08T23:03:44Z INFO [496/1000] 1910dd30-5055-4fce-8761-2a3d1c9e9714: 118 arrays, 0.6 MB stored; 2.4 s; peak memory 4579 MiB.
2026-10-08T23:03:46Z INFO [497/1000] 1910e908-d146-4791-a47e-cd7ca600c85c: 44 arrays, 0.6 MB stored; 1.7 s; peak memory 4579 MiB.
2026-10-08T23:03:48Z INFO [498/1000] 1910ef64-4d7a-42de-8dee-6707c8a0096d: 117 arrays, 0.3 MB stored; 1.9 s; peak memory 4580 MiB.
2026-10-08T23:03:49Z INFO [499/1000] 19124186-14e9-47f7-98d9-531f715e3abc: 117 arrays, 0.4 MB stored; 1.9 s; peak memory 4580 MiB.
2026-10-08T23:04:00Z INFO [500/1000] 1910431f-f4a6-4c58-8621-78f2b9d4be52: 38 arrays, 929.2 MB stored; 23.1 s; peak memory 4580 MiB.
2026-10-08T23:04:02Z INFO [501/1000] 1913ec1c-a08e-4e11-a680-fcfcd27a1deb: 117 arrays, 0.4 MB stored; 2.1 s; peak memory 4580 MiB.
2026-10-08T23:04:02Z INFO [502/1000] 1912ed8c-8b80-480d-b10f-3de3393dc2f1: 1357 arrays, 28.4 MB stored; 13.0 s; peak memory 4582 MiB.
2026-10-08T23:04:04Z INFO [503/1000] 1913f36b-f57d-48f2-99d3-5dc2dbbfd29d: 55 arrays, 0.0 MB stored; 1.5 s; peak memory 4582 MiB.
2026-10-08T23:04:04Z INFO [504/1000] 1913eef2-77ea-4acd-9a1c-d488457f9d17: 112 arrays, 0.7 MB stored; 2.3 s; peak memory 4582 MiB.
2026-10-08T23:04:06Z INFO [505/1000] 1914e12a-e975-44aa-a0ce-122e13e0200e: 33 arrays, 0.0 MB stored; 1.5 s; peak memory 4582 MiB.
2026-10-08T23:04:07Z INFO [506/1000] 1914242f-ff06-4ed6-ab19-3ab3484dc508: 70 arrays, 159.8 MB stored; 3.3 s; peak memory 4582 MiB.
2026-10-08T23:04:07Z INFO [507/1000] 1915da6b-ea34-4f87-a4c7-f96b55c39a12: 48 arrays, 83.9 MB stored; 1.7 s; peak memory 4582 MiB.
2026-10-08T23:04:09Z INFO [508/1000] 1915f28c-0fab-4501-a1d3-e52d05bb3263: 116 arrays, 0.2 MB stored; 1.9 s; peak memory 4582 MiB.
2026-10-08T23:04:11Z INFO [509/1000] 19160665-bea2-450b-854e-9fbcfe8f0e8e: 70 arrays, 293.4 MB stored; 4.1 s; peak memory 4583 MiB.
2026-10-08T23:04:13Z INFO [510/1000] 19191d7c-daaa-4a7a-800f-280ce09684ed: 116 arrays, 9.7 MB stored; 2.0 s; peak memory 4583 MiB.
2026-10-08T23:04:21Z INFO [511/1000] 1919291a-6a4f-44d3-b216-6ea4faebadde: 538 arrays, 7.7 MB stored; 7.7 s; peak memory 4583 MiB.
2026-10-08T23:04:23Z INFO [512/1000] 191a76c8-faad-4280-bb99-74b840641450: 116 arrays, 0.5 MB stored; 2.2 s; peak memory 4584 MiB.
2026-10-08T23:04:25Z INFO [513/1000] 191b10f1-f979-4270-9013-0b423b2b41b9: 117 arrays, 0.3 MB stored; 2.0 s; peak memory 4584 MiB.
2026-10-08T23:04:38Z INFO [514/1000] 18f7462c-04a8-4b3f-bd4f-a091a7c94629: 241 arrays, 19722.6 MB stored; 167.1 s; peak memory 4585 MiB.
2026-10-08T23:04:43Z INFO [515/1000] 191bac72-cb97-4957-af92-66c2bd3d4dad: 144 arrays, 7.2 MB stored; 5.1 s; peak memory 4585 MiB.
2026-10-08T23:04:43Z INFO [516/1000] 191b42cf-4211-4803-a792-c570b1a39af2: 1060 arrays, 49.5 MB stored; 17.8 s; peak memory 4586 MiB.
2026-10-08T23:04:45Z INFO [517/1000] 191bb381-c313-41b6-bec9-e47eaec44980: 82 arrays, 0.1 MB stored; 2.1 s; peak memory 4586 MiB.
2026-10-08T23:04:49Z INFO [518/1000] 191c90a1-3377-4fbc-8b58-1737f74a1a78: 90 arrays, 232.2 MB stored; 3.9 s; peak memory 4586 MiB.
2026-10-08T23:04:49Z INFO [519/1000] 191bd495-7285-478a-b704-0b0ae6ce08eb: 229 arrays, 248.8 MB stored; 6.3 s; peak memory 4587 MiB.
2026-10-08T23:04:50Z INFO [520/1000] 191cde25-8d63-498f-8afd-f2d436e3dd68: 48 arrays, 83.9 MB stored; 1.7 s; peak memory 4587 MiB.
2026-10-08T23:04:58Z INFO [521/1000] 191ce0ab-267b-4900-9793-b80814ce2781: 196 arrays, 572.3 MB stored; 8.5 s; peak memory 4587 MiB.
2026-10-08T23:05:00Z INFO [522/1000] 191dbfb6-44f3-40ee-812d-5593ec46c7b3: 631 arrays, 20.3 MB stored; 9.9 s; peak memory 4588 MiB.
2026-10-08T23:05:02Z INFO [523/1000] 191e27b8-2b3f-4445-8d35-c55fe12e6e7f: 48 arrays, 83.9 MB stored; 1.8 s; peak memory 4588 MiB.
2026-10-08T23:05:05Z INFO [524/1000] 191ee120-cb84-4992-8049-96f6d51e7b57: 102 arrays, 12.9 MB stored; 2.8 s; peak memory 4588 MiB.
2026-10-08T23:05:07Z INFO [525/1000] 191ee504-3b5d-4972-ba6b-b2da03b02ef0: 48 arrays, 83.9 MB stored; 1.7 s; peak memory 4588 MiB.
2026-10-08T23:05:09Z INFO [526/1000] 191ee7cf-a2ed-41ea-aafb-8227a1cd56b7: 62 arrays, 4693.8 MB stored; 2.0 s; peak memory 4588 MiB.
2026-10-08T23:05:11Z INFO [527/1000] 191f1295-6811-4a90-b6a7-05968dca15eb: 112 arrays, 0.5 MB stored; 2.1 s; peak memory 4588 MiB.
2026-10-08T23:05:15Z INFO [528/1000] 191f1b85-64c1-4a20-a5c9-65e7c9212803: 90 arrays, 219.9 MB stored; 4.0 s; peak memory 4588 MiB.
2026-10-08T23:05:17Z INFO [529/1000] 191f4c2e-253d-4d12-8fe3-d039b90f707d: 116 arrays, 0.3 MB stored; 1.9 s; peak memory 4588 MiB.
2026-10-08T23:05:19Z INFO [530/1000] 192037c1-8bb4-4b9e-9281-73e815d5ec74: 113 arrays, 0.6 MB stored; 2.4 s; peak memory 4589 MiB.
2026-10-08T23:05:22Z INFO [531/1000] 19208ee8-174a-4f6a-b084-e16029b8bd86: 119 arrays, 66.4 MB stored; 3.1 s; peak memory 4589 MiB.
2026-10-08T23:05:24Z INFO [532/1000] 19209e18-8d3c-4992-9c07-0ab58e9c7f07: 48 arrays, 83.9 MB stored; 1.8 s; peak memory 4589 MiB.
2026-10-08T23:05:26Z INFO [533/1000] 19215aaa-cbfd-4d37-9357-757d18ea09e2: 110 arrays, 0.4 MB stored; 2.4 s; peak memory 4589 MiB.
2026-10-08T23:05:30Z INFO [534/1000] 1921869e-1bb7-4e66-9909-368edb54f245: 90 arrays, 130.7 MB stored; 4.0 s; peak memory 4589 MiB.
2026-10-08T23:05:34Z INFO [535/1000] 192200b9-a16e-44ab-b31a-984829643fd9: 186 arrays, 30.8 MB stored; 3.9 s; peak memory 4590 MiB.
2026-10-08T23:05:38Z INFO [536/1000] 19220777-481d-4ac4-9d3f-bcf1876f5519: 116 arrays, 187.2 MB stored; 4.3 s; peak memory 4590 MiB.
2026-10-08T23:05:41Z INFO [537/1000] 1922b87e-4add-4db0-bc0e-6daa640a37fb: 70 arrays, 45.1 MB stored; 2.8 s; peak memory 4590 MiB.
2026-10-08T23:05:46Z INFO [538/1000] 1922b90d-380b-421c-bbed-21bfae7188fe: 152 arrays, 454.3 MB stored; 4.7 s; peak memory 4590 MiB.
2026-10-08T23:05:49Z INFO [539/1000] 19231541-d3ce-4b15-8f0c-15c69b5dbbbe: 38 arrays, 2476.5 MB stored; 3.2 s; peak memory 4590 MiB.
2026-10-08T23:05:51Z INFO [540/1000] 19232a01-c631-40d1-b9b5-3ab0338dc899: 48 arrays, 83.9 MB stored; 1.7 s; peak memory 4591 MiB.
2026-10-08T23:05:53Z INFO [541/1000] 19234928-dcdc-4b54-896a-ebf07d158cb9: 62 arrays, 2440.0 MB stored; 2.3 s; peak memory 4591 MiB.
2026-10-08T23:06:05Z INFO [542/1000] 19243122-c78b-4668-9204-c0607d4c949a: 746 arrays, 38.8 MB stored; 12.2 s; peak memory 4592 MiB.
2026-10-08T23:06:07Z INFO [543/1000] 1925554c-e3ef-40c6-9376-b96a3980ac9b: 52 arrays, 12.5 MB stored; 1.9 s; peak memory 4592 MiB.
2026-10-08T23:06:09Z INFO [544/1000] 192628eb-35ab-4c1c-9083-56552719226a: 48 arrays, 83.9 MB stored; 1.6 s; peak memory 4592 MiB.
2026-10-08T23:06:13Z INFO [545/1000] 19267d5d-e603-4314-901d-05d13ffd7f47: 114 arrays, 186.8 MB stored; 3.7 s; peak memory 4592 MiB.
2026-10-08T23:06:14Z INFO [546/1000] 1926cbd7-ab3a-4623-9c6b-684c1bb54b03: 48 arrays, 83.9 MB stored; 1.9 s; peak memory 4592 MiB.
2026-10-08T23:06:29Z INFO [547/1000] 190f7d16-af82-40b3-a410-70e51b9ff00c: 54 arrays, 14314.7 MB stored; 184.6 s; peak memory 4592 MiB.
2026-10-08T23:06:43Z INFO [548/1000] 19270bb8-15d9-4b0c-86ab-beece111f18e: 1650 arrays, 29.5 MB stored; 13.8 s; peak memory 4595 MiB.
2026-10-08T23:06:46Z INFO [549/1000] 19271bb4-7809-4bd6-8796-917b862e09ea: 66 arrays, 62.1 MB stored; 3.1 s; peak memory 4595 MiB.
2026-10-08T23:06:48Z INFO [550/1000] 1927051e-5b2a-4988-8221-7787a7911768: 48 arrays, 39790.0 MB stored; 33.8 s; peak memory 4595 MiB.
2026-10-08T23:06:49Z INFO [551/1000] 19273858-b763-4937-9692-cdae69dfa009: 38 arrays, 36.4 MB stored; 3.5 s; peak memory 4595 MiB.
2026-10-08T23:06:50Z INFO [552/1000] 192772ca-d4ad-4247-a625-49a1e69c5e34: 117 arrays, 0.3 MB stored; 1.9 s; peak memory 4595 MiB.
2026-10-08T23:06:51Z INFO [553/1000] 1927fb9b-6545-49fa-958c-b236e7157dee: 45 arrays, 0.0 MB stored; 1.5 s; peak memory 4595 MiB.
2026-10-08T23:06:53Z INFO [554/1000] 19284dac-7784-48ca-8e08-2f39e55b9b5f: 117 arrays, 0.4 MB stored; 2.1 s; peak memory 4596 MiB.
2026-10-08T23:06:54Z INFO [555/1000] 1916baf4-2783-490c-a74d-97749be1fc8e: 260 arrays, 19813.0 MB stored; 164.7 s; peak memory 4596 MiB.
2026-10-08T23:06:54Z INFO [556/1000] 1928462d-331a-4edb-a18b-06af0991e51a: 38 arrays, 3040.0 MB stored; 3.9 s; peak memory 4596 MiB.
2026-10-08T23:06:55Z INFO [557/1000] 19289c90-44b0-43e5-8ad3-c11ec7c233b3: 53 arrays, 0.0 MB stored; 1.5 s; peak memory 4596 MiB.
2026-10-08T23:06:56Z INFO [558/1000] 192894a2-634d-4484-b608-7063c3dc734a: 71 arrays, 105.0 MB stored; 3.3 s; peak memory 4596 MiB.
2026-10-08T23:06:56Z INFO [559/1000] 192a0c4a-d2b8-4234-94e5-d7f68ede2fea: 68 arrays, 15.0 MB stored; 2.1 s; peak memory 4596 MiB.
2026-10-08T23:06:57Z INFO [560/1000] 192a891e-30d2-4e1c-a060-50e5475c00f0: 52 arrays, 13.0 MB stored; 2.0 s; peak memory 4596 MiB.
2026-10-08T23:06:58Z INFO [561/1000] 192b88c4-ec49-4b0b-bd73-2b26296b9b31: 46 arrays, 0.1 MB stored; 1.7 s; peak memory 4596 MiB.
2026-10-08T23:06:58Z INFO [562/1000] 192abb33-46b4-4651-8d38-03491f64dc52: 112 arrays, 0.6 MB stored; 2.4 s; peak memory 4596 MiB.
2026-10-08T23:06:59Z INFO [563/1000] 192b8d9a-b917-4e30-a6bc-5edac78ba112: 77 arrays, 0.6 MB stored; 2.1 s; peak memory 4596 MiB.
2026-10-08T23:07:01Z INFO [564/1000] 192bd5b2-ee96-4394-947f-d441ec972982: 117 arrays, 0.3 MB stored; 2.0 s; peak memory 4597 MiB.
2026-10-08T23:07:03Z INFO [565/1000] 192d039a-6c9a-4c60-b615-596f002ac3b9: 48 arrays, 83.9 MB stored; 1.7 s; peak memory 4597 MiB.
2026-10-08T23:07:06Z INFO [566/1000] 192d0b2e-6b87-40cf-8716-9cf401d3542c: 38 arrays, 36.2 MB stored; 3.3 s; peak memory 4597 MiB.
2026-10-08T23:07:09Z INFO [567/1000] 192dc0cf-6d84-41e8-8028-2b2e1dc6e09a: 112 arrays, 0.6 MB stored; 2.5 s; peak memory 4597 MiB.
2026-10-08T23:07:11Z INFO [568/1000] 192bae2f-fd22-4079-bc3a-8728b1fd0679: 1073 arrays, 37.2 MB stored; 13.2 s; peak memory 4673 MiB.
2026-10-08T23:07:11Z INFO [569/1000] 191dd34e-1bd6-4adc-9455-da81f005385b: 48716 arrays, 442.3 MB stored; 133.0 s; peak memory 4673 MiB.
2026-10-08T23:07:11Z INFO [570/1000] 192dc6d5-caba-4a8c-9e7a-3a87f69925a4: 110 arrays, 0.8 MB stored; 2.5 s; peak memory 4673 MiB.
2026-10-08T23:07:13Z INFO [571/1000] 192e1fae-9606-4e82-a276-a35d1af8f92c: 117 arrays, 0.2 MB stored; 2.1 s; peak memory 4673 MiB.
2026-10-08T23:07:15Z INFO [572/1000] 192fb397-5234-4354-8c24-e3f24d90dc63: 46 arrays, 12.6 MB stored; 1.7 s; peak memory 4674 MiB.
2026-10-08T23:07:15Z INFO [573/1000] 192f5705-209a-49d1-98d9-6d8a40917ccd: 101 arrays, 44559.8 MB stored; 3.7 s; peak memory 4674 MiB.
2026-10-08T23:07:17Z INFO [574/1000] 19315b85-a96f-4126-81a3-3c29e0f0a072: 52 arrays, 9.5 MB stored; 1.9 s; peak memory 4674 MiB.
2026-10-08T23:07:19Z INFO [575/1000] 192fa22b-c8ae-4498-9a5b-668612e7e9ff: 637 arrays, 10.6 MB stored; 7.4 s; peak memory 4674 MiB.
2026-10-08T23:07:19Z INFO [576/1000] 192bb6ec-22d5-45f2-b9e7-699fce7cef26: 38 arrays, 683.7 MB stored; 21.0 s; peak memory 4674 MiB.
2026-10-08T23:07:20Z INFO [577/1000] 19316f02-86cf-4269-ae6a-4572081b2a49: 71 arrays, 63.0 MB stored; 3.0 s; peak memory 4674 MiB.
2026-10-08T23:07:21Z INFO [578/1000] 19322f2b-d40c-4703-aa92-cd919a067859: 66 arrays, 12.6 MB stored; 2.1 s; peak memory 4675 MiB.
2026-10-08T23:07:21Z INFO [579/1000] 193240c3-fbcf-4263-aae7-e57e66e1aa4c: 117 arrays, 0.2 MB stored; 1.9 s; peak memory 4675 MiB.
2026-10-08T23:07:22Z INFO [580/1000] 1930b135-3eff-404a-b180-2ce9ef801d34: 255 arrays, 2856.0 MB stored; 6.8 s; peak memory 4675 MiB.
2026-10-08T23:07:23Z INFO [581/1000] 19327802-0d4d-42b8-bcce-f726f1bc7b1f: 46 arrays, 0.0 MB stored; 1.4 s; peak memory 4675 MiB.
2026-10-08T23:07:24Z INFO [582/1000] 193254c7-338b-4590-b1a7-643937cfd44e: 90 arrays, 195.5 MB stored; 4.4 s; peak memory 4675 MiB.
2026-10-08T23:07:24Z INFO [583/1000] 1932f5d2-4cd3-4547-9f65-850159eba260: 63 arrays, 0.1 MB stored; 1.7 s; peak memory 4675 MiB.
2026-10-08T23:07:26Z INFO [584/1000] 19330299-4c59-497f-a9c1-e0283f2b9af7: 109 arrays, 0.2 MB stored; 1.9 s; peak memory 4675 MiB.
2026-10-08T23:07:27Z INFO [585/1000] 19325b59-7b44-4915-bd0f-22431884954a: 229 arrays, 247.3 MB stored; 6.5 s; peak memory 4675 MiB.
2026-10-08T23:07:28Z INFO [586/1000] 1933ab0f-3049-4538-a17b-ddd906065327: 118 arrays, 0.2 MB stored; 2.0 s; peak memory 4676 MiB.
2026-10-08T23:07:29Z INFO [587/1000] 1933dd0e-cd15-499f-bc72-db9661de9cfc: 77 arrays, 0.6 MB stored; 1.9 s; peak memory 4676 MiB.
2026-10-08T23:07:30Z INFO [588/1000] 19345da8-fe66-4a2f-a77c-4e5b633d1b36: 62 arrays, 2968.6 MB stored; 2.4 s; peak memory 4676 MiB.
2026-10-08T23:07:31Z INFO [589/1000] 1934bc35-a717-428e-bfb8-4b7acda6950c: 37 arrays, 0.0 MB stored; 1.6 s; peak memory 4676 MiB.
2026-10-08T23:07:31Z INFO [590/1000] 1932a898-ec7b-4e02-a137-690e3a06cf94: 219 arrays, 723.8 MB stored; 9.4 s; peak memory 4676 MiB.
2026-10-08T23:07:31Z INFO [591/1000] 1933393b-035d-41c0-ba4f-d201e5c892c8: 229 arrays, 229.1 MB stored; 6.7 s; peak memory 4676 MiB.
2026-10-08T23:07:32Z INFO [592/1000] 1934df45-d05a-4a69-a5da-39fcc4878743: 48 arrays, 83.9 MB stored; 1.8 s; peak memory 4676 MiB.
2026-10-08T23:07:35Z INFO [593/1000] 1937609b-70fe-49b0-8e78-0631377c3d52: 62 arrays, 4684.6 MB stored; 2.4 s; peak memory 4677 MiB.
2026-10-08T23:07:36Z INFO [594/1000] 19377bea-cdc4-4d75-b3a4-49dae88521d4: 53 arrays, 0.3 MB stored; 1.5 s; peak memory 4677 MiB.
2026-10-08T23:07:38Z INFO [595/1000] 1938885b-edf7-48bb-a65c-5d03fd676dc4: 52 arrays, 0.0 MB stored; 1.5 s; peak memory 4677 MiB.
2026-10-08T23:07:40Z INFO [596/1000] 19391665-611d-4de7-abcd-b409b30fd4fc: 289 arrays, 17.2 MB stored; 2.2 s; peak memory 4677 MiB.
2026-10-08T23:07:40Z INFO [597/1000] 19361608-7c7d-4357-940b-5f385216fd19: 208 arrays, 404.3 MB stored; 8.8 s; peak memory 4677 MiB.
2026-10-08T23:07:42Z INFO [598/1000] 19392fe6-52fa-4809-a838-e0a23811ef33: 48 arrays, 83.9 MB stored; 1.8 s; peak memory 4677 MiB.
2026-10-08T23:07:42Z INFO [599/1000] 193987fe-d8f5-409b-98ce-e7ab0ddf70ee: 118 arrays, 0.3 MB stored; 2.0 s; peak memory 4677 MiB.
2026-10-08T23:07:44Z INFO [600/1000] 19399c3f-149c-4325-b1a6-e3eeb2f7fd1d: 112 arrays, 1.2 MB stored; 2.5 s; peak memory 4678 MiB.
2026-10-08T23:07:53Z INFO [600/1000] 19399c3f-149c-4325-b1a6-e3eeb2f7fd1d: checkpointed 16800 new records.
2026-10-08T23:07:53Z INFO [601/1000] 193a04c3-8c85-4637-8831-8f400b4c0bc3: 54 arrays, 0.0 MB stored; 1.6 s; peak memory 4695 MiB.
2026-10-08T23:07:53Z INFO [602/1000] 1939e757-875e-4ae2-9f33-6eb50c65a7d8: 193 arrays, 508.2 MB stored; 8.5 s; peak memory 4695 MiB.
2026-10-08T23:07:53Z INFO [603/1000] 193a960a-4cfb-413d-b060-4df584f9dc12: 116 arrays, 0.4 MB stored; 2.1 s; peak memory 4695 MiB.
2026-10-08T23:07:54Z INFO [604/1000] 193a4363-d910-4cb9-81e5-1a4a2ef35d45: 56 arrays, 42.5 MB stored; 8.8 s; peak memory 4695 MiB.
2026-10-08T23:07:56Z INFO [605/1000] 1935b8ca-ab45-43b6-9ed3-87017bea04ed: 3802 arrays, 43.8 MB stored; 24.6 s; peak memory 4695 MiB.
2026-10-08T23:07:56Z INFO [606/1000] 193c2caa-edb3-4655-8334-8d844cacb68f: 38 arrays, 36.3 MB stored; 3.6 s; peak memory 4695 MiB.
2026-10-08T23:07:58Z INFO [607/1000] 193e7bb5-7bc6-4a03-a0d4-814920aecb75: 48 arrays, 83.9 MB stored; 1.8 s; peak memory 4695 MiB.
2026-10-08T23:07:58Z INFO [608/1000] 193cf5fe-8770-421a-8d41-41907e9fb374: 156 arrays, 193.5 MB stored; 4.0 s; peak memory 4695 MiB.
2026-10-08T23:07:59Z INFO [609/1000] 193e7ba8-6764-4f43-a0c5-f9355c44ba9d: 38 arrays, 34.1 MB stored; 3.2 s; peak memory 4695 MiB.
2026-10-08T23:08:05Z INFO [610/1000] 193e8bb2-ddca-4083-a311-23f756540fc3: 170 arrays, 515.7 MB stored; 6.6 s; peak memory 4695 MiB.
2026-10-08T23:08:07Z INFO [611/1000] 193f6aff-eaf4-42c7-8056-02d322fdbd6e: 118 arrays, 0.4 MB stored; 1.9 s; peak memory 4695 MiB.
2026-10-08T23:08:10Z INFO [612/1000] 19405d16-21b7-4748-b29b-b5a80be95ed0: 71 arrays, 45.2 MB stored; 2.7 s; peak memory 4695 MiB.
2026-10-08T23:08:12Z INFO [613/1000] 193ef16e-85a0-4b24-8104-f5e44e39c5b1: 1020 arrays, 35.2 MB stored; 13.1 s; peak memory 4695 MiB.
2026-10-08T23:08:14Z INFO [614/1000] 1941b8d2-1799-4f6d-b394-6444e6df925f: 79 arrays, 0.4 MB stored; 2.1 s; peak memory 4695 MiB.
2026-10-08T23:08:14Z INFO [615/1000] 193e81a5-a799-4b13-b32c-c7c78c7b7a86: 324 arrays, 1597.1 MB stored; 16.4 s; peak memory 4695 MiB.
2026-10-08T23:08:15Z INFO [616/1000] 1941a7a2-969a-4c9d-bb98-99a96be8685c: 53 arrays, 136.3 MB stored; 5.0 s; peak memory 4695 MiB.
2026-10-08T23:08:16Z INFO [617/1000] 1942fb16-041c-49f5-8235-4bc80249b74e: 48 arrays, 83.9 MB stored; 1.9 s; peak memory 4695 MiB.
2026-10-08T23:08:16Z INFO [618/1000] 19436860-acf2-415a-b54c-9d703e174b56: 48 arrays, 83.9 MB stored; 1.7 s; peak memory 4695 MiB.
2026-10-08T23:08:18Z INFO [619/1000] 19436f0a-ca92-4dd6-9e88-db68a62c061c: 116 arrays, 0.5 MB stored; 2.4 s; peak memory 4695 MiB.
2026-10-08T23:08:19Z INFO [620/1000] 19430f4b-9fda-4492-bac3-47c5ca072fa3: 371 arrays, 3.0 MB stored; 5.0 s; peak memory 4695 MiB.
2026-10-08T23:08:19Z INFO [621/1000] 1943bb6c-0c50-40ae-80c5-1038aa482c08: 71 arrays, 74.3 MB stored; 3.1 s; peak memory 4695 MiB.
2026-10-08T23:08:20Z INFO [622/1000] 19443051-093d-4b9d-96c4-a302fc2c1e44: 52 arrays, 0.0 MB stored; 1.5 s; peak memory 4695 MiB.
2026-10-08T23:08:21Z INFO [623/1000] 1944d161-a9f3-4498-a2f6-060e0fa6c3c4: 48 arrays, 83.9 MB stored; 1.9 s; peak memory 4695 MiB.
2026-10-08T23:08:21Z INFO [624/1000] 1944fc6d-46f0-488b-9609-650113f36fc0: 48 arrays, 83.9 MB stored; 1.8 s; peak memory 4695 MiB.
2026-10-08T23:08:22Z INFO [625/1000] 1945529e-17be-459f-b37c-81cdfed82f1d: 289 arrays, 17.1 MB stored; 2.3 s; peak memory 4695 MiB.
2026-10-08T23:08:23Z INFO [626/1000] 19479bc7-594f-4489-96e6-027a3f3172da: 48 arrays, 83.9 MB stored; 1.7 s; peak memory 4695 MiB.
2026-10-08T23:08:23Z INFO [627/1000] 1946fc86-526f-4d5a-a0be-886ea9c09f2f: 84 arrays, 0.6 MB stored; 2.4 s; peak memory 4695 MiB.
2026-10-08T23:08:24Z INFO [628/1000] 1947c530-8bdb-4cc0-904d-4937441964df: 117 arrays, 0.4 MB stored; 2.1 s; peak memory 4695 MiB.
2026-10-08T23:08:25Z INFO [629/1000] 194818c3-b6be-4db4-95dd-4e448d5daf7f: 56 arrays, 0.0 MB stored; 1.5 s; peak memory 4695 MiB.
2026-10-08T23:08:26Z INFO [630/1000] 1949cbce-0c6f-4b77-ad79-c96bb72ddcb7: 48 arrays, 83.9 MB stored; 1.9 s; peak memory 4695 MiB.
2026-10-08T23:08:28Z INFO [631/1000] 194a3bde-d3de-485a-bc0a-a70e1deb7546: 98 arrays, 161.4 MB stored; 3.5 s; peak memory 4695 MiB.
2026-10-08T23:08:30Z INFO [632/1000] 194a97dd-1b21-4099-8eef-87beca01f59c: 48 arrays, 83.9 MB stored; 1.8 s; peak memory 4695 MiB.
2026-10-08T23:08:30Z INFO [633/1000] 19492b0e-f08f-48e1-8e55-cbe416d3d43a: 637 arrays, 8.5 MB stored; 6.9 s; peak memory 4695 MiB.
2026-10-08T23:08:32Z INFO [634/1000] 194ba110-ec6f-4225-b875-849a6111d091: 56 arrays, 0.0 MB stored; 1.5 s; peak memory 4695 MiB.
2026-10-08T23:08:32Z INFO [635/1000] 194aaee1-abd9-41f5-90b1-4679ee4b8125: 122 arrays, 65973.5 MB stored; 2.5 s; peak memory 4695 MiB.
2026-10-08T23:08:34Z INFO [636/1000] 194bb8fe-d4d0-4c46-bd53-3657442e86e1: 48 arrays, 83.9 MB stored; 1.7 s; peak memory 4695 MiB.
2026-10-08T23:08:34Z INFO [637/1000] 194c7191-a8dd-4b46-be23-69465b56fe21: 52 arrays, 21.6 MB stored; 1.9 s; peak memory 4695 MiB.
2026-10-08T23:08:40Z INFO [638/1000] 194d5544-613c-4923-9d41-47331b63d45e: 435 arrays, 4.3 MB stored; 5.5 s; peak memory 4695 MiB.
2026-10-08T23:08:42Z INFO [639/1000] 194d5de2-64bf-4fbd-bcf8-4b63684a3e94: 67 arrays, 43.8 MB stored; 2.4 s; peak memory 4695 MiB.
2026-10-08T23:08:44Z INFO [640/1000] 194d9801-ad6a-44b9-9046-7c760e1ead5c: 46 arrays, 5447.7 MB stored; 2.2 s; peak memory 4695 MiB.
2026-10-08T23:08:46Z INFO [641/1000] 194a3f0e-1b64-418b-a62e-422589139507: 61 arrays, 749.2 MB stored; 20.0 s; peak memory 4695 MiB.
2026-10-08T23:08:46Z INFO [642/1000] 194defc8-6bb2-4012-a369-2bcde648cf12: 52 arrays, 15.9 MB stored; 1.8 s; peak memory 4695 MiB.
2026-10-08T23:08:48Z INFO [643/1000] 194e5b03-cc2a-49c8-88af-029bdf257c08: 83 arrays, 0.2 MB stored; 1.7 s; peak memory 4695 MiB.
2026-10-08T23:08:48Z INFO [644/1000] 194f211d-e6ce-4a90-81ea-f06ee30bab14: 117 arrays, 0.3 MB stored; 2.0 s; peak memory 4695 MiB.
2026-10-08T23:09:03Z INFO [645/1000] 194f38f2-0c3f-469e-8b98-147cbc176e37: 1294 arrays, 23.5 MB stored; 15.1 s; peak memory 4695 MiB.
2026-10-08T23:09:05Z INFO [646/1000] 194fe13a-5936-4775-b2e8-da6fc933a112: 48 arrays, 83.9 MB stored; 1.7 s; peak memory 4695 MiB.
2026-10-08T23:09:06Z INFO [647/1000] 1950517e-daa8-4e8d-a0f9-74a6d76ed261: 48 arrays, 83.9 MB stored; 1.8 s; peak memory 4695 MiB.
2026-10-08T23:09:07Z INFO [648/1000] 194f5c68-c82d-4ee7-9ea0-7d89453065dc: 681 arrays, 416.5 MB stored; 18.4 s; peak memory 4695 MiB.
2026-10-08T23:09:08Z INFO [649/1000] 1950522f-0e09-48e4-b011-211df9c9aa2c: 48 arrays, 83.9 MB stored; 1.7 s; peak memory 4695 MiB.
2026-10-08T23:09:10Z INFO [650/1000] 19507eba-fc9e-4957-b953-737baa620220: 50 arrays, 7433.3 MB stored; 2.2 s; peak memory 4695 MiB.
2026-10-08T23:09:11Z INFO [651/1000] 1950739a-3a31-4d0f-869f-c3c53cecc52c: 156 arrays, 193.4 MB stored; 4.0 s; peak memory 4695 MiB.
2026-10-08T23:09:14Z INFO [652/1000] 1950851a-082f-4ed9-a3c2-2035f0fd02b1: 38 arrays, 58.8 MB stored; 3.5 s; peak memory 4695 MiB.
2026-10-08T23:09:16Z INFO [653/1000] 1950bbff-9dd6-4be1-bd5c-415b4f2e91b8: 52 arrays, 13.4 MB stored; 1.8 s; peak memory 4695 MiB.
2026-10-08T23:09:18Z INFO [654/1000] 19510757-f544-4981-802e-a9665561a453: 37 arrays, 0.0 MB stored; 1.5 s; peak memory 4695 MiB.
2026-10-08T23:09:19Z INFO [655/1000] 1951225b-94e6-4ec2-99c3-6cbaacb5596d: 68 arrays, 4.0 MB stored; 1.7 s; peak memory 4695 MiB.
2026-10-08T23:09:22Z INFO [656/1000] 19513291-45fa-44bc-adda-0a93d9b14e1b: 66 arrays, 19.7 MB stored; 2.3 s; peak memory 4695 MiB.
2026-10-08T23:09:37Z INFO [657/1000] 19525b90-3a94-45c1-829d-c01fec0f3ad0: 1158 arrays, 60.8 MB stored; 14.9 s; peak memory 4695 MiB.
2026-10-08T23:09:39Z INFO [658/1000] 194cad86-c4ec-4532-a256-a1cacfcbd9bd: 52 arrays, 2394.3 MB stored; 65.5 s; peak memory 4695 MiB.
2026-10-08T23:09:40Z INFO [659/1000] 195083d2-2c23-4a58-8d1b-da3930a4285e: 48 arrays, 41822.5 MB stored; 29.8 s; peak memory 4695 MiB.
2026-10-08T23:09:41Z INFO [660/1000] 1952d630-def1-469b-b768-b0b1470dd6de: 39 arrays, 4.9 MB stored; 1.8 s; peak memory 4695 MiB.
2026-10-08T23:09:41Z INFO [661/1000] 19529b7e-7179-4696-ac0a-3751e5c233dc: 48 arrays, 34.7 MB stored; 4.4 s; peak memory 4695 MiB.
2026-10-08T23:09:43Z INFO [662/1000] 19538888-3759-4d34-975e-ba23136df668: 230 arrays, 0.9 MB stored; 2.2 s; peak memory 4695 MiB.
2026-10-08T23:09:43Z INFO [663/1000] 1953ec95-b922-4bd4-a412-90f99cb81f5b: 84 arrays, 1.1 MB stored; 2.2 s; peak memory 4695 MiB.
2026-10-08T23:09:45Z INFO [664/1000] 195355ac-8595-43c9-8b8b-d5d67c34a5aa: 38 arrays, 4586.2 MB stored; 4.7 s; peak memory 4695 MiB.
2026-10-08T23:09:45Z INFO [665/1000] 19542add-6e2a-4785-aa5b-68d67d155260: 48 arrays, 83.9 MB stored; 1.7 s; peak memory 4695 MiB.
2026-10-08T23:09:46Z INFO [666/1000] 1954ca66-f300-40fe-aab2-5ac6ff8980e8: 117 arrays, 31.6 MB stored; 3.3 s; peak memory 4695 MiB.
2026-10-08T23:09:47Z INFO [667/1000] 1955284f-efc1-4962-8209-197223950343: 66 arrays, 118.4 MB stored; 2.7 s; peak memory 4695 MiB.
2026-10-08T23:09:48Z INFO [668/1000] 195582f1-aa6e-4aa2-8d29-63fc05e796ab: 155 arrays, 1.2 MB stored; 3.1 s; peak memory 4695 MiB.
2026-10-08T23:09:50Z INFO [669/1000] 1955d2b0-0d18-4dc5-b37c-74f7fe331998: 64 arrays, 53.6 MB stored; 2.4 s; peak memory 4695 MiB.
2026-10-08T23:09:51Z INFO [670/1000] 1955ae94-a5a3-4e68-a4ed-b2b2bc57bde1: 156 arrays, 193.5 MB stored; 4.3 s; peak memory 4695 MiB.
2026-10-08T23:09:51Z INFO [671/1000] 1956b75a-dafc-46a4-b67f-0ae71a196fea: 46 arrays, 0.2 MB stored; 1.5 s; peak memory 4695 MiB.
2026-10-08T23:09:52Z INFO [672/1000] 19562e8c-6a92-4a72-9e1a-77953bd3014d: 115 arrays, 190.2 MB stored; 4.0 s; peak memory 4695 MiB.
2026-10-08T23:09:53Z INFO [673/1000] 1956c4bb-68b0-4ded-ab6a-235ee7d004ce: 116 arrays, 0.2 MB stored; 2.0 s; peak memory 4695 MiB.
2026-10-08T23:09:54Z INFO [674/1000] 1956fa3e-32a5-4d82-849e-ed44588510bd: 71 arrays, 3.8 MB stored; 2.7 s; peak memory 4695 MiB.
2026-10-08T23:09:55Z INFO [675/1000] 1957df46-9e89-4eb9-b596-1a82eab33f47: 69 arrays, 1.0 MB stored; 2.0 s; peak memory 4695 MiB.
2026-10-08T23:09:55Z INFO [676/1000] 195790d9-be9f-4897-ae30-832056b2dc61: 192 arrays, 6.6 MB stored; 3.5 s; peak memory 4695 MiB.
2026-10-08T23:09:56Z INFO [677/1000] 19584798-6e4d-400c-a73e-ba6f02e50b3d: 116 arrays, 0.3 MB stored; 1.9 s; peak memory 4695 MiB.
2026-10-08T23:09:56Z INFO [678/1000] 1958a48a-3ee7-4629-b953-b06542111225: 59 arrays, 0.1 MB stored; 1.6 s; peak memory 4695 MiB.
2026-10-08T23:09:57Z INFO [679/1000] 1958e17f-5a91-4285-8421-b0b93978f321: 76 arrays, 0.8 MB stored; 1.7 s; peak memory 4695 MiB.
2026-10-08T23:09:58Z INFO [680/1000] 19599c86-3182-42d9-9e3d-c9a79d94092d: 101 arrays, 1.0 MB stored; 1.8 s; peak memory 4696 MiB.
2026-10-08T23:10:07Z INFO [681/1000] 1959e8be-108f-4435-b51f-5c18a35a8cca: 336 arrays, 44.0 MB stored; 11.0 s; peak memory 4696 MiB.
2026-10-08T23:10:12Z INFO [682/1000] 195a474b-fea4-4b3b-94c9-5ab64049f89e: 156 arrays, 193.5 MB stored; 4.3 s; peak memory 4696 MiB.
2026-10-08T23:10:13Z INFO [683/1000] 195b020b-8a0e-4cc3-94a3-33208af51f3f: 58 arrays, 0.0 MB stored; 1.5 s; peak memory 4696 MiB.
2026-10-08T23:10:15Z INFO [684/1000] 195b309a-3698-44ec-b9ac-6203b531d449: 48 arrays, 83.9 MB stored; 1.8 s; peak memory 4697 MiB.
2026-10-08T23:10:26Z INFO [685/1000] 19355151-db5c-40d7-9ccf-eb1ce7344ec4: 167 arrays, 21251.5 MB stored; 175.3 s; peak memory 4697 MiB.
2026-10-08T23:10:28Z INFO [686/1000] 195cd926-0f87-48dc-9c2a-94543fca3191: 48 arrays, 83.9 MB stored; 1.8 s; peak memory 4697 MiB.
2026-10-08T23:10:30Z INFO [687/1000] 195cd9be-5eea-467e-837d-6c7d041e76d0: 48 arrays, 83.9 MB stored; 1.8 s; peak memory 4697 MiB.
2026-10-08T23:10:31Z INFO [688/1000] 195d810b-6bf9-488c-a60f-687fcc4c1d5c: 48 arrays, 83.9 MB stored; 1.8 s; peak memory 4697 MiB.
2026-10-08T23:10:33Z INFO [689/1000] 195e19b7-dd02-498d-8417-018057bbf0cd: 33 arrays, 0.0 MB stored; 1.4 s; peak memory 4697 MiB.
2026-10-08T23:10:37Z INFO [690/1000] 195e2c3e-9233-4d8c-9408-0409544eee54: 156 arrays, 193.6 MB stored; 4.4 s; peak memory 4698 MiB.
2026-10-08T23:10:51Z INFO [691/1000] 195e556c-7924-417d-885a-5217456c7e2f: 836 arrays, 24.2 MB stored; 13.8 s; peak memory 4699 MiB.
2026-10-08T23:10:52Z INFO [692/1000] 195b50fb-7272-4544-ae0a-14e3e712c800: 50 arrays, 1746.0 MB stored; 36.9 s; peak memory 4699 MiB.
2026-10-08T23:10:53Z INFO [693/1000] 195e742e-34d4-4d67-a058-967316819008: 48 arrays, 83.9 MB stored; 1.8 s; peak memory 4699 MiB.
2026-10-08T23:10:57Z INFO [694/1000] 195ee7d1-3c1f-405a-ad9a-e847236001f7: 156 arrays, 193.5 MB stored; 4.3 s; peak memory 4699 MiB.
2026-10-08T23:10:58Z INFO [695/1000] 195ec690-cb02-43ff-8dda-575aa22c19cc: 536 arrays, 6.6 MB stored; 6.2 s; peak memory 4700 MiB.
2026-10-08T23:10:59Z INFO [696/1000] 195eeaf4-e335-48dd-95cf-b33303f375eb: 49 arrays, 2.2 MB stored; 1.7 s; peak memory 4700 MiB.
2026-10-08T23:11:01Z INFO [697/1000] 195f275c-87fa-48eb-9297-1244507a24c8: 62 arrays, 1.1 MB stored; 1.9 s; peak memory 4700 MiB.
2026-10-08T23:11:03Z INFO [698/1000] 19607b9f-44b2-4265-a6a1-052379785e50: 117 arrays, 0.4 MB stored; 2.2 s; peak memory 4700 MiB.
2026-10-08T23:11:05Z INFO [699/1000] 1960ccaf-a8c2-45ff-ae67-0ae66cfdcff7: 48 arrays, 83.9 MB stored; 1.6 s; peak memory 4700 MiB.
2026-10-08T23:11:07Z INFO [700/1000] 1960da15-8b92-40e7-b58c-c4b93b07d5de: 117 arrays, 0.5 MB stored; 2.1 s; peak memory 4701 MiB.
2026-10-08T23:11:07Z INFO [701/1000] 195f217c-85f0-4896-854b-7a067882ed05: 193 arrays, 946.0 MB stored; 8.9 s; peak memory 4701 MiB.
2026-10-08T23:11:08Z INFO [702/1000] 196120ec-ec7c-4df5-bf12-7255b6fddad0: 48 arrays, 83.9 MB stored; 1.7 s; peak memory 4701 MiB.
2026-10-08T23:11:09Z INFO [703/1000] 19613816-f649-4d6f-a0f6-96ab374e21de: 110 arrays, 0.4 MB stored; 2.1 s; peak memory 4701 MiB.
2026-10-08T23:11:11Z INFO [704/1000] 19619b99-410e-4543-8ccc-2abbdaf9dffc: 38 arrays, 0.5 MB stored; 1.6 s; peak memory 4701 MiB.
2026-10-08T23:11:13Z INFO [705/1000] 1961b80f-8dd9-431b-9a75-623cfe5098f0: 48 arrays, 83.9 MB stored; 1.8 s; peak memory 4701 MiB.
2026-10-08T23:11:15Z INFO [706/1000] 19625356-95a5-4753-8746-b7eccad042bc: 71 arrays, 36.2 MB stored; 2.5 s; peak memory 4701 MiB.
2026-10-08T23:11:16Z INFO [707/1000] 19619a4a-f4b1-43a2-a853-0b16038ba6a2: 538 arrays, 8.3 MB stored; 8.0 s; peak memory 4702 MiB.
2026-10-08T23:11:20Z INFO [708/1000] 1962f7fc-ae4c-424c-a2bc-3981c58907f2: 117 arrays, 30.5 MB stored; 3.2 s; peak memory 4702 MiB.
2026-10-08T23:11:21Z INFO [709/1000] 19630fa6-c3e3-45f8-8b65-0cf6d445b961: 41 arrays, 8.4 MB stored; 1.7 s; peak memory 4702 MiB.
2026-10-08T23:11:23Z INFO [710/1000] 19634aaf-eb9b-4a7b-9e69-5c0db653bae1: 118 arrays, 0.4 MB stored; 1.9 s; peak memory 4702 MiB.
2026-10-08T23:11:33Z INFO [711/1000] 19638b70-cc42-4ad5-8163-867fb4834397: 1065 arrays, 28.9 MB stored; 10.3 s; peak memory 4703 MiB.
2026-10-08T23:11:35Z INFO [712/1000] 1963af06-74ec-46c2-a011-6f752c65e46f: 48 arrays, 83.9 MB stored; 1.7 s; peak memory 4703 MiB.
2026-10-08T23:12:31Z INFO [713/1000] 1963c0a1-36a1-4d96-b479-f47001728219: 55 arrays, 1891.7 MB stored; 56.0 s; peak memory 4705 MiB.
2026-10-08T23:12:33Z INFO [714/1000] 19641809-5685-4c04-981d-13fd8f27b324: 55 arrays, 0.0 MB stored; 1.5 s; peak memory 4705 MiB.
2026-10-08T23:12:34Z INFO [715/1000] 19645084-c499-415f-996c-557ed052f91c: 117 arrays, 0.4 MB stored; 1.9 s; peak memory 4705 MiB.
2026-10-08T23:12:42Z INFO [716/1000] 196492eb-95a8-412a-b96f-76d8170258b2: 193 arrays, 410.1 MB stored; 7.9 s; peak memory 4706 MiB.
2026-10-08T23:12:51Z INFO [717/1000] 19652768-5cbe-42a0-b637-2c48aa2789d5: 200 arrays, 286.9 MB stored; 8.9 s; peak memory 4706 MiB.
2026-10-08T23:12:53Z INFO [718/1000] 1965b753-f016-4277-841c-6f017015fa17: 62 arrays, 38.7 MB stored; 2.1 s; peak memory 4706 MiB.
2026-10-08T23:12:55Z INFO [719/1000] 1966595f-94f6-42bd-8bfc-bf22559752ea: 48 arrays, 83.9 MB stored; 1.8 s; peak memory 4706 MiB.
2026-10-08T23:12:57Z INFO [720/1000] 1967470f-269a-47a4-a39a-7a3bc74a3683: 117 arrays, 0.3 MB stored; 1.9 s; peak memory 4706 MiB.
2026-10-08T23:12:59Z INFO [721/1000] 1967ff29-4dfe-4fb2-9fc7-43df205d8ad9: 72 arrays, 0.6 MB stored; 2.4 s; peak memory 4707 MiB.
2026-10-08T23:13:01Z INFO [722/1000] 1968105b-d817-46b0-bcc6-0eb7e089ae75: 118 arrays, 0.3 MB stored; 1.9 s; peak memory 4707 MiB.
2026-10-08T23:13:03Z INFO [723/1000] 19683e66-9701-4863-8a4f-7e2545c4a20e: 48 arrays, 83.9 MB stored; 1.7 s; peak memory 4707 MiB.
2026-10-08T23:13:05Z INFO [724/1000] 19697cef-3c52-4c80-b9b1-ed117f62d71c: 48 arrays, 83.9 MB stored; 1.7 s; peak memory 4707 MiB.
2026-10-08T23:13:07Z INFO [725/1000] 1969c75b-4cb0-40b4-8c68-55848e7a0cb7: 48 arrays, 83.9 MB stored; 1.8 s; peak memory 4707 MiB.
2026-10-08T23:13:08Z INFO [726/1000] 1969cbba-6614-4b5f-aed7-afc325520ab6: 48 arrays, 83.9 MB stored; 1.7 s; peak memory 4707 MiB.
2026-10-08T23:13:10Z INFO [727/1000] 196a1550-d76a-4b53-870d-55be5440cf62: 51 arrays, 3680.4 MB stored; 2.2 s; peak memory 4707 MiB.
2026-10-08T23:13:12Z INFO [728/1000] 196a8845-5df0-443c-b8e1-6046f104f9e8: 48 arrays, 83.9 MB stored; 2.0 s; peak memory 4707 MiB.
2026-10-08T23:13:14Z INFO [729/1000] 196af3a4-abc7-429e-84e7-ed368e555dc6: 42 arrays, 71.5 MB stored; 1.6 s; peak memory 4707 MiB.
2026-10-08T23:13:16Z INFO [730/1000] 196b9a66-e5eb-4b7c-a7c3-cfc1d4a1eed7: 56 arrays, 0.0 MB stored; 1.5 s; peak memory 4707 MiB.
2026-10-08T23:13:26Z INFO [731/1000] 196bdb9d-0591-4fcf-a5d4-6ab9a6b2189d: 720 arrays, 30.3 MB stored; 10.5 s; peak memory 4708 MiB.
2026-10-08T23:13:30Z INFO [732/1000] 196c1450-8484-4809-9d44-9376a4b28ea7: 101 arrays, 22027.4 MB stored; 3.6 s; peak memory 4709 MiB.
2026-10-08T23:13:32Z INFO [733/1000] 196c3d83-fcbb-4bce-8849-bb4740423f4e: 72 arrays, 0.7 MB stored; 2.0 s; peak memory 4709 MiB.
2026-10-08T23:13:38Z INFO [734/1000] 196d6aad-b13b-45e9-9e1d-de3a008ad9cf: 229 arrays, 248.9 MB stored; 6.1 s; peak memory 4709 MiB.
2026-10-08T23:13:47Z INFO [735/1000] 196d83c9-6578-41ad-867f-a86b46cfd6ca: 56 arrays, 144.7 MB stored; 9.1 s; peak memory 4709 MiB.
2026-10-08T23:13:49Z INFO [736/1000] 196d8b19-af25-4a2c-b582-10a0ed75087b: 66 arrays, 94.5 MB stored; 2.2 s; peak memory 4709 MiB.
2026-10-08T23:13:51Z INFO [737/1000] 196e0297-8976-47ed-8229-d69f5cc311cd: 112 arrays, 0.3 MB stored; 1.9 s; peak memory 4710 MiB.
2026-10-08T23:13:53Z INFO [738/1000] 196ed8a9-a17a-4287-82d6-8507d1f631de: 48 arrays, 83.9 MB stored; 1.7 s; peak memory 4710 MiB.
2026-10-08T23:13:55Z INFO [739/1000] 196f3af9-619e-4c79-9d25-638eefa89853: 62 arrays, 2766.1 MB stored; 2.2 s; peak memory 4710 MiB.
2026-10-08T23:13:56Z INFO [740/1000] 1962c062-fd37-4f22-8a86-3b3c924f2c84: 269 arrays, 20737.2 MB stored; 160.5 s; peak memory 4710 MiB.
2026-10-08T23:13:58Z INFO [741/1000] 1971b24d-aead-4133-bdcd-dedfa85950bb: 69 arrays, 2.4 MB stored; 1.8 s; peak memory 4710 MiB.
2026-10-08T23:14:00Z INFO [742/1000] 19708001-b147-4c25-b131-b525de1e6a1d: 38 arrays, 103.1 MB stored; 5.4 s; peak memory 4711 MiB.
2026-10-08T23:14:01Z WARNING 187f90da-bcba-4174-ab31-8310e0d47382: failed while reading the NWB file (TimeoutError: exceeded 1200 s)
2026-10-08T23:14:01Z WARNING [743/1000] 187f90da-bcba-4174-ab31-8310e0d47382: recorded the failure; a later run retries it.
2026-10-08T23:14:02Z INFO [744/1000] 1971e724-9367-4772-926e-bfdd842d6a43: 33 arrays, 571.5 MB stored; 1.8 s; peak memory 4711 MiB.
2026-10-08T23:14:04Z INFO [745/1000] 19726a55-fff7-48b8-a16a-d9f4c459b188: 118 arrays, 0.5 MB stored; 1.9 s; peak memory 4711 MiB.
2026-10-08T23:14:06Z INFO [746/1000] 197210bd-98e6-4586-97f7-653cdce9c0a4: 133 arrays, 41.2 MB stored; 4.6 s; peak memory 4711 MiB.
2026-10-08T23:14:06Z INFO [747/1000] 1971c03b-fe96-4239-b3b5-cc83fd6f8451: 949 arrays, 8.7 MB stored; 8.2 s; peak memory 4712 MiB.
2026-10-08T23:14:06Z INFO [748/1000] 1972fa4d-63d0-4ef4-8c19-736b0d41368c: 117 arrays, 0.4 MB stored; 2.0 s; peak memory 4712 MiB.
2026-10-08T23:14:08Z INFO [749/1000] 19737b61-627a-436f-9542-ef305bf8d531: 112 arrays, 1.1 MB stored; 2.6 s; peak memory 4712 MiB.
2026-10-08T23:14:10Z INFO [750/1000] 19741c03-0653-438f-9400-71338bf003a0: 90 arrays, 135.0 MB stored; 3.7 s; peak memory 4712 MiB.
2026-10-08T23:14:10Z INFO [751/1000] 197460a2-f96c-4187-8815-7e62a4a3c428: 48 arrays, 83.9 MB stored; 1.7 s; peak memory 4713 MiB.
2026-10-08T23:14:11Z INFO [752/1000] 19746c69-a4c1-4f22-b190-0c8aa409431e: 46 arrays, 0.0 MB stored; 1.4 s; peak memory 4713 MiB.
2026-10-08T23:14:13Z INFO [753/1000] 197489d6-803d-4b97-b714-e0f40576c881: 58 arrays, 1615.6 MB stored; 2.6 s; peak memory 4713 MiB.
2026-10-08T23:14:13Z INFO [754/1000] 19751cb2-f18d-4cff-858c-3c8c7e97b07e: 118 arrays, 0.4 MB stored; 2.0 s; peak memory 4713 MiB.
2026-10-08T23:14:15Z INFO [755/1000] 19756565-abfe-4a94-a553-410847aeb226: 116 arrays, 9.8 MB stored; 2.0 s; peak memory 4713 MiB.
2026-10-08T23:14:16Z INFO [756/1000] 19740a48-e7cb-4117-a3f6-73ed45122ec4: 899 arrays, 31.7 MB stored; 10.1 s; peak memory 4714 MiB.
2026-10-08T23:14:19Z INFO [757/1000] 1975e8e7-6b1c-4975-b6f4-0ec47b517166: 90 arrays, 223.3 MB stored; 3.6 s; peak memory 4714 MiB.
2026-10-08T23:14:20Z INFO [758/1000] 1975c403-809d-4b76-9061-6dfd09d1b59d: 199 arrays, 18.2 MB stored; 5.0 s; peak memory 4714 MiB.
2026-10-08T23:14:21Z INFO [759/1000] 1975f897-2591-4d9c-b4b6-9f7c00f38b75: 55 arrays, 0.5 MB stored; 1.6 s; peak memory 4714 MiB.
2026-10-08T23:14:22Z INFO [760/1000] 19768e6c-e4bc-4424-a3f2-1765094363fa: 101 arrays, 1.7 MB stored; 2.4 s; peak memory 4714 MiB.
2026-10-08T23:14:23Z INFO [761/1000] 19769177-336c-4391-a660-314fbec79d90: 48 arrays, 83.9 MB stored; 1.7 s; peak memory 4715 MiB.
2026-10-08T23:14:24Z INFO [762/1000] 1976a2c3-c510-4113-9cfc-f37731c506e1: 70 arrays, 30.0 MB stored; 2.1 s; peak memory 4715 MiB.
2026-10-08T23:14:25Z INFO [763/1000] 1977a4d6-f783-46f7-afc6-cf7e71094af0: 33 arrays, 0.0 MB stored; 1.4 s; peak memory 4715 MiB.
2026-10-08T23:14:28Z INFO [764/1000] 1977bca3-bb5c-46bf-90f7-34e74cce2e75: 79 arrays, 0.1 MB stored; 2.1 s; peak memory 4715 MiB.
2026-10-08T23:14:29Z INFO [765/1000] 1977cc0a-dc57-4c21-a2ef-fff977c2c0e3: 116 arrays, 0.2 MB stored; 1.8 s; peak memory 4715 MiB.
2026-10-08T23:14:31Z INFO [766/1000] 19781d73-7500-4b05-a162-805d2197e9da: 61 arrays, 0.2 MB stored; 1.7 s; peak memory 4715 MiB.
2026-10-08T23:14:33Z INFO [767/1000] 19792c66-a432-4b92-a7e3-fa474beeec22: 112 arrays, 0.6 MB stored; 2.1 s; peak memory 4715 MiB.
2026-10-08T23:14:37Z INFO [768/1000] 19792c7a-c9a5-4794-8dc2-cf6c1ffd86de: 115 arrays, 190.1 MB stored; 3.4 s; peak memory 4715 MiB.
2026-10-08T23:14:37Z INFO [769/1000] 19773a6a-9fe1-4178-83d4-69d828b2b474: 1663 arrays, 38.0 MB stored; 14.4 s; peak memory 4717 MiB.
2026-10-08T23:14:38Z INFO [770/1000] 1979be0e-85ad-48f5-97bf-e5fa7b6f0ad1: 48 arrays, 83.9 MB stored; 1.8 s; peak memory 4717 MiB.
2026-10-08T23:14:40Z INFO [771/1000] 197a6e49-3d64-462e-9de8-3d865715bc51: 46 arrays, 0.1 MB stored; 1.5 s; peak memory 4717 MiB.
2026-10-08T23:14:40Z INFO [772/1000] 197a1737-f068-4e09-a5a7-f32068622f5f: 71 arrays, 4.0 MB stored; 2.9 s; peak memory 4717 MiB.
2026-10-08T23:14:42Z INFO [773/1000] 197b2141-15eb-4d9a-9186-3aafdb36a024: 112 arrays, 0.8 MB stored; 2.4 s; peak memory 4718 MiB.
2026-10-08T23:14:43Z INFO [774/1000] 197a76c6-8a94-4df7-8235-7c76edd26d60: 118 arrays, 67.1 MB stored; 3.5 s; peak memory 4718 MiB.
2026-10-08T23:14:44Z INFO [775/1000] 19759755-2f24-4c76-a0b1-bbde80f3a847: 48 arrays, 42350.1 MB stored; 30.5 s; peak memory 4718 MiB.
2026-10-08T23:14:44Z INFO [776/1000] 197b3b57-9fb9-4bd0-9c01-4e84bebe4797: 58 arrays, 0.0 MB stored; 1.5 s; peak memory 4718 MiB.
2026-10-08T23:14:45Z INFO [777/1000] 197ba4fd-a66a-43b9-bd89-24282021263d: 48 arrays, 83.9 MB stored; 1.8 s; peak memory 4718 MiB.
2026-10-08T23:14:45Z INFO [778/1000] 197c39ea-a371-43ff-96d2-75e00c3b78a5: 46 arrays, 0.0 MB stored; 1.3 s; peak memory 4718 MiB.
2026-10-08T23:14:47Z INFO [779/1000] 197c3d23-047e-4b9d-abfe-9a2363da1e1c: 109 arrays, 0.0 MB stored; 1.7 s; peak memory 4718 MiB.
2026-10-08T23:14:47Z INFO [780/1000] 197d16bb-0899-4b3d-912d-a18843569bfa: 69 arrays, 0.5 MB stored; 1.9 s; peak memory 4718 MiB.
2026-10-08T23:14:49Z INFO [781/1000] 197d3bad-8fa0-41d6-bf11-3dcf7cfcc0d3: 118 arrays, 0.2 MB stored; 1.9 s; peak memory 4718 MiB.
2026-10-08T23:14:52Z INFO [782/1000] 197b7f26-a258-4090-9cb5-41ea78de6942: 152 arrays, 647.5 MB stored; 8.6 s; peak memory 4719 MiB.
2026-10-08T23:14:54Z INFO [783/1000] 197decfd-6f48-4d7f-a723-23a0c08f83db: 48 arrays, 83.9 MB stored; 1.7 s; peak memory 4719 MiB.
2026-10-08T23:14:56Z INFO [784/1000] 197d68c8-ecff-483f-bd71-6099a989e0a1: 576 arrays, 10.5 MB stored; 6.8 s; peak memory 4719 MiB.
2026-10-08T23:14:56Z INFO [785/1000] 197e069d-b2e4-4302-9d61-166d55e52897: 101 arrays, 14.5 MB stored; 2.4 s; peak memory 4719 MiB.
2026-10-08T23:14:58Z INFO [786/1000] 197eb6ee-617a-462a-80aa-5cff3ba03805: 48 arrays, 83.9 MB stored; 1.6 s; peak memory 4719 MiB.
2026-10-08T23:14:58Z INFO [787/1000] 197e648d-3af3-4240-91c2-bbca59c96c99: 110 arrays, 0.8 MB stored; 2.3 s; peak memory 4720 MiB.
2026-10-08T23:15:00Z INFO [788/1000] 197f82d6-a456-4aec-b75d-7290aaa79410: 112 arrays, 0.4 MB stored; 2.1 s; peak memory 4720 MiB.
2026-10-08T23:15:00Z INFO [789/1000] 197fa944-fbd8-4271-ae44-aaee39fa07c7: 118 arrays, 0.3 MB stored; 2.0 s; peak memory 4720 MiB.
2026-10-08T23:15:01Z INFO [790/1000] 197ffc42-f849-4982-9318-a5f8d44d0fb0: 48 arrays, 83.9 MB stored; 1.7 s; peak memory 4720 MiB.
2026-10-08T23:15:02Z INFO [791/1000] 1980267d-c4e7-455a-aff5-7204738a3fe3: 48 arrays, 83.9 MB stored; 1.8 s; peak memory 4720 MiB.
2026-10-08T23:15:03Z INFO [792/1000] 19805616-55c8-41f8-ba3d-6a90f4ed8dea: 118 arrays, 0.4 MB stored; 1.8 s; peak memory 4720 MiB.
2026-10-08T23:15:04Z INFO [793/1000] 198063bd-0850-4fef-9703-08304fc0cf99: 71 arrays, 2.1 MB stored; 2.4 s; peak memory 4720 MiB.
2026-10-08T23:15:06Z INFO [794/1000] 19811f9d-3bc2-4a00-9940-fb2468c3b788: 62 arrays, 4627.3 MB stored; 2.4 s; peak memory 4720 MiB.
2026-10-08T23:15:07Z INFO [795/1000] 1981bf75-8c25-4977-94a0-c0ee88c49663: 53 arrays, 0.2 MB stored; 1.7 s; peak memory 4720 MiB.
2026-10-08T23:15:09Z INFO [796/1000] 1981d818-455d-4597-a16d-bc096b3f66e1: 46 arrays, 12.6 MB stored; 1.7 s; peak memory 4720 MiB.
2026-10-08T23:15:11Z INFO [797/1000] 198216e2-bbac-4fdf-a75a-9cd6e3fec08b: 42 arrays, 49.0 MB stored; 1.8 s; peak memory 4721 MiB.
2026-10-08T23:15:12Z INFO [798/1000] 19817624-7ce5-45ac-9d09-6888249a1cf0: 538 arrays, 8.1 MB stored; 7.5 s; peak memory 4721 MiB.
2026-10-08T23:15:13Z INFO [799/1000] 19829e38-5421-4cab-b918-11739964d4bf: 230 arrays, 0.9 MB stored; 2.1 s; peak memory 4721 MiB.
2026-10-08T23:15:14Z INFO [800/1000] 19837402-3d66-471d-8b65-ae8f49331aab: 117 arrays, 0.5 MB stored; 1.9 s; peak memory 4722 MiB.
2026-10-08T23:15:23Z INFO [800/1000] 19837402-3d66-471d-8b65-ae8f49331aab: checkpointed 17000 new records.
2026-10-08T23:15:23Z INFO [801/1000] 19839e0a-6879-4d00-a716-7c9115750025: 50 arrays, 0.2 MB stored; 1.6 s; peak memory 4731 MiB.
2026-10-08T23:15:23Z INFO [802/1000] 19842749-7a69-489a-bc57-ca5dc47b72cd: 38 arrays, 0.5 MB stored; 1.9 s; peak memory 4731 MiB.
2026-10-08T23:15:23Z INFO [803/1000] 198464b9-82e4-4ed5-ab3c-cae8112983b1: 112 arrays, 0.4 MB stored; 2.2 s; peak memory 4731 MiB.
2026-10-08T23:15:23Z INFO [804/1000] 198553cd-de79-4445-89a3-090c3eb7f41a: 112 arrays, 0.5 MB stored; 2.1 s; peak memory 4731 MiB.
2026-10-08T23:15:23Z INFO [805/1000] 19858930-1085-44f5-9b31-154fef36f35b: 46 arrays, 0.2 MB stored; 1.6 s; peak memory 4731 MiB.
2026-10-08T23:15:23Z INFO [806/1000] 19858d4b-8385-4eb6-a95d-f017aa9fb4f5: 116 arrays, 0.4 MB stored; 2.1 s; peak memory 4731 MiB.
2026-10-08T23:15:23Z INFO [807/1000] 19863ec6-8c78-41e3-8810-ab303b94f67b: 48 arrays, 83.9 MB stored; 1.9 s; peak memory 4731 MiB.
2026-10-08T23:15:23Z INFO [808/1000] 198664b7-f3f4-4240-9561-5da044d95b20: 66 arrays, 52.6 MB stored; 2.2 s; peak memory 4731 MiB.
2026-10-08T23:15:24Z INFO [809/1000] 19876840-7bf1-4246-9e74-b5dc0639d0e6: 275 arrays, 17.1 MB stored; 2.2 s; peak memory 4731 MiB.
2026-10-08T23:15:26Z INFO [810/1000] 19873a50-bd73-41bc-8c00-3e6717cd8e5f: 110 arrays, 9.6 MB stored; 5.8 s; peak memory 4731 MiB.
2026-10-08T23:15:26Z INFO [811/1000] 198779ef-f747-4733-82f2-4e6aa8e6d4c7: 117 arrays, 0.4 MB stored; 2.0 s; peak memory 4731 MiB.
2026-10-08T23:15:28Z INFO [812/1000] 1987abf7-7659-4e8b-a9de-a8b6893e7c5c: 46 arrays, 1.5 MB stored; 1.7 s; peak memory 4731 MiB.
2026-10-08T23:15:28Z INFO [813/1000] 1987aaed-434f-4016-af0c-59f3349a7bf0: 117 arrays, 0.2 MB stored; 2.0 s; peak memory 4731 MiB.
2026-10-08T23:15:34Z INFO [814/1000] 1987c976-ee20-458f-b9e4-c88dd5357c1d: 38 arrays, 116.0 MB stored; 5.8 s; peak memory 4731 MiB.
2026-10-08T23:15:36Z INFO [815/1000] 1987b110-838d-4531-92b8-4b02f35fd126: 538 arrays, 7.8 MB stored; 7.6 s; peak memory 4731 MiB.
2026-10-08T23:15:36Z INFO [816/1000] 1988cb11-a899-499f-afcd-06fa0f279272: 68 arrays, 0.1 MB stored; 1.9 s; peak memory 4731 MiB.
2026-10-08T23:15:38Z INFO [817/1000] 198973bb-88ca-4ced-bba4-fe4bbd51afb5: 117 arrays, 0.3 MB stored; 2.0 s; peak memory 4731 MiB.
2026-10-08T23:15:38Z INFO [818/1000] 19897db7-a91d-4590-861a-7972cfed40f9: 64 arrays, 16.3 MB stored; 2.2 s; peak memory 4731 MiB.
2026-10-08T23:15:43Z WARNING 1894b20e-ffbb-4964-abd9-7dba628e14be: failed while reading the NWB file (TimeoutError: exceeded 1200 s)
2026-10-08T23:15:43Z WARNING [819/1000] 1894b20e-ffbb-4964-abd9-7dba628e14be: recorded the failure; a later run retries it.
2026-10-08T23:15:44Z INFO [820/1000] 1989d1ac-1be6-40cd-ad82-dd083cb41465: 506 arrays, 6.0 MB stored; 6.5 s; peak memory 4731 MiB.
2026-10-08T23:15:46Z INFO [821/1000] 198a59d3-235e-49e3-819a-8fd88203e5cb: 112 arrays, 0.8 MB stored; 2.6 s; peak memory 4731 MiB.
2026-10-08T23:15:46Z INFO [822/1000] 198a5bce-0f6e-4399-99c8-978f603edd57: 117 arrays, 0.3 MB stored; 1.9 s; peak memory 4731 MiB.
2026-10-08T23:15:46Z INFO [823/1000] 198a2fc4-6526-4b29-a13f-f5fad43951bb: 200 arrays, 289.7 MB stored; 8.2 s; peak memory 4731 MiB.
2026-10-08T23:15:48Z INFO [824/1000] 198be658-ed84-4f00-9c7d-9ab91f7050ca: 57 arrays, 0.0 MB stored; 1.6 s; peak memory 4731 MiB.
2026-10-08T23:15:49Z INFO [825/1000] 198c4f0d-7879-402a-9ba8-e5ca6808bfa4: 49 arrays, 652.2 MB stored; 2.6 s; peak memory 4731 MiB.
2026-10-08T23:15:51Z INFO [826/1000] 198cd25b-f7d4-4922-b97a-74494059327c: 49 arrays, 6.8 MB stored; 1.9 s; peak memory 4731 MiB.
2026-10-08T23:15:53Z INFO [827/1000] 198d9da1-9685-400e-bb4f-86c2933870cd: 118 arrays, 0.3 MB stored; 1.9 s; peak memory 4731 MiB.
2026-10-08T23:16:02Z INFO [828/1000] 198b2f28-2f5c-4b0f-965a-c38aa6918ad7: 6203 arrays, 24.9 MB stored; 16.6 s; peak memory 4731 MiB.
2026-10-08T23:16:04Z INFO [829/1000] 198e5281-a5ea-43e4-a92f-d5b8b7fdae8a: 111 arrays, 0.6 MB stored; 2.0 s; peak memory 4731 MiB.
2026-10-08T23:16:06Z INFO [830/1000] 198cb718-d9fa-4fa1-8354-f66ae3b92fc3: 445 arrays, 38.1 MB stored; 18.1 s; peak memory 4731 MiB.
2026-10-08T23:16:06Z INFO [831/1000] 198f1516-c554-41db-8a06-f383a82577d3: 74 arrays, 60.6 MB stored; 2.0 s; peak memory 4731 MiB.
2026-10-08T23:16:09Z INFO [832/1000] 198dac18-4e0f-448e-8a16-c141311ea3d2: 1481 arrays, 24.7 MB stored; 16.7 s; peak memory 4731 MiB.
2026-10-08T23:16:12Z INFO [833/1000] 19907ed3-c020-47a3-93b8-9abc958cec95: 119 arrays, 66.5 MB stored; 2.9 s; peak memory 4731 MiB.
2026-10-08T23:16:14Z INFO [834/1000] 19911255-3f4b-4d38-a584-c77f1ce15243: 79 arrays, 7.4 MB stored; 2.1 s; peak memory 4731 MiB.
2026-10-08T23:16:16Z INFO [835/1000] 1991333f-0637-4b1a-8fa2-ca49aceca23a: 112 arrays, 0.3 MB stored; 2.0 s; peak memory 4731 MiB.
2026-10-08T23:16:18Z INFO [836/1000] 19913489-8c2d-40d4-b448-c0bbffd3cb4a: 48 arrays, 83.9 MB stored; 1.9 s; peak memory 4731 MiB.
2026-10-08T23:16:20Z INFO [837/1000] 1991873b-c367-4e19-a77e-d6ccb2b74196: 48 arrays, 83.9 MB stored; 1.8 s; peak memory 4731 MiB.
2026-10-08T23:16:22Z INFO [838/1000] 1991b284-1988-450a-82ca-7748288f0adc: 289 arrays, 17.1 MB stored; 2.4 s; peak memory 4731 MiB.
2026-10-08T23:16:25Z INFO [839/1000] 1991bcb4-236a-4be8-8c04-abd795925535: 71 arrays, 142.8 MB stored; 3.0 s; peak memory 4731 MiB.
2026-10-08T23:16:27Z INFO [840/1000] 1991d275-6f20-4b66-a97f-40ce3d9624b9: 48 arrays, 83.9 MB stored; 1.7 s; peak memory 4731 MiB.
2026-10-08T23:16:29Z INFO [841/1000] 199206a2-48fd-4cf5-851a-d0334290302a: 48 arrays, 83.9 MB stored; 1.8 s; peak memory 4731 MiB.
2026-10-08T23:16:36Z WARNING 18a09f71-8c41-48b2-ac98-5400f0f02a4c: failed while reading the NWB file (TimeoutError: exceeded 1200 s)
2026-10-08T23:16:36Z WARNING [842/1000] 18a09f71-8c41-48b2-ac98-5400f0f02a4c: recorded the failure; a later run retries it.
2026-10-08T23:16:38Z INFO [843/1000] 1992b334-f14d-4f6a-9bdd-9922df204483: 48 arrays, 83.9 MB stored; 1.7 s; peak memory 4731 MiB.
2026-10-08T23:16:42Z INFO [844/1000] 1992ef9e-4540-4da0-ab74-63257ee65054: 184 arrays, 217.6 MB stored; 4.9 s; peak memory 4731 MiB.
2026-10-08T23:16:43Z INFO [845/1000] 1992162b-eda1-4bc4-81de-924149b66207: 1201 arrays, 28.3 MB stored; 14.8 s; peak memory 4731 MiB.
2026-10-08T23:16:44Z INFO [846/1000] 199426f2-9025-44cc-ac4c-d5d243f4aa23: 112 arrays, 0.3 MB stored; 2.0 s; peak memory 4731 MiB.
2026-10-08T23:16:46Z INFO [847/1000] 1994ff2a-3056-483d-90a5-6fdf8d759ba3: 78 arrays, 28.6 MB stored; 2.5 s; peak memory 4731 MiB.
2026-10-08T23:16:49Z INFO [848/1000] 19950823-aba2-4b51-ac21-c491de3e87a2: 156 arrays, 193.4 MB stored; 4.4 s; peak memory 4731 MiB.
2026-10-08T23:16:51Z INFO [849/1000] 1995d964-1763-4c5e-9645-fc64f3b9282f: 112 arrays, 0.7 MB stored; 2.4 s; peak memory 4731 MiB.
2026-10-08T23:16:52Z INFO [850/1000] 1995b29f-32ce-4e74-b498-4f1e17ae2d52: 538 arrays, 8.0 MB stored; 6.6 s; peak memory 4731 MiB.
2026-10-08T23:16:53Z INFO [851/1000] 197d584b-2f4a-4d5a-8833-fb3f41be995b: 55 arrays, 6591.0 MB stored; 125.6 s; peak memory 4731 MiB.
2026-10-08T23:16:57Z INFO [852/1000] 1996f8c8-376d-4568-b04c-99c963050f3a: 479 arrays, 7.4 MB stored; 5.7 s; peak memory 4731 MiB.
2026-10-08T23:17:00Z INFO [853/1000] 199701d6-c025-4b0f-b258-929c85237774: 193 arrays, 449.1 MB stored; 7.9 s; peak memory 4731 MiB.
2026-10-08T23:17:04Z INFO [854/1000] 1997e3d4-cfd3-43b4-9434-48bc94e463e2: 153 arrays, 3.3 MB stored; 4.1 s; peak memory 4731 MiB.
2026-10-08T23:17:05Z INFO [855/1000] 199709e8-a418-457c-be0d-09ba6ace1a01: 752 arrays, 12.6 MB stored; 8.1 s; peak memory 4731 MiB.
2026-10-08T23:17:06Z INFO [856/1000] 1998874a-7779-435b-aaf9-3513f510c213: 48 arrays, 83.9 MB stored; 1.7 s; peak memory 4731 MiB.
2026-10-08T23:17:08Z INFO [857/1000] 19994844-a49c-41e8-a198-46b39fe3baee: 48 arrays, 83.9 MB stored; 1.7 s; peak memory 4731 MiB.
2026-10-08T23:17:09Z INFO [858/1000] 198fa6ce-680c-425b-b095-ab4e201f5a0f: 115 arrays, 65796.0 MB stored; 63.0 s; peak memory 4731 MiB.
2026-10-08T23:17:10Z INFO [859/1000] 19996550-ae04-4e33-81bc-45f616e8c817: 48 arrays, 83.9 MB stored; 1.8 s; peak memory 4731 MiB.
2026-10-08T23:17:11Z INFO [860/1000] 1999bf1d-ce24-4d22-89fc-1e8816c29245: 92 arrays, 9.7 MB stored; 1.8 s; peak memory 4731 MiB.
2026-10-08T23:17:12Z INFO [861/1000] 19998990-d06f-40db-8d07-c5121b317b6a: 123 arrays, 0.7 MB stored; 2.9 s; peak memory 4731 MiB.
2026-10-08T23:17:13Z INFO [862/1000] 19991265-c9ce-4167-a4df-d4fbb216dd4d: 257 arrays, 89.9 MB stored; 7.6 s; peak memory 4731 MiB.
2026-10-08T23:17:13Z INFO [863/1000] 199aecac-b521-462f-aa53-b15cfe15d702: 48 arrays, 83.9 MB stored; 1.8 s; peak memory 4731 MiB.
2026-10-08T23:17:14Z INFO [864/1000] 199b4e12-d57a-42e1-9398-65d448dc874e: 117 arrays, 0.3 MB stored; 1.9 s; peak memory 4731 MiB.
2026-10-08T23:17:16Z INFO [865/1000] 199b6de3-dbed-4e35-bdd9-fedbc96daa3e: 90 arrays, 120.2 MB stored; 3.7 s; peak memory 4731 MiB.
2026-10-08T23:17:18Z INFO [866/1000] 199ce24d-aeeb-4c66-9304-e26a5372d450: 37 arrays, 0.0 MB stored; 1.5 s; peak memory 4731 MiB.
2026-10-08T23:17:19Z INFO [867/1000] 199b868a-6032-4258-ac6e-c7dea99a4e6b: 36 arrays, 106.1 MB stored; 5.7 s; peak memory 4731 MiB.
2026-10-08T23:17:19Z INFO [868/1000] 199ec995-1176-4869-82f4-b39435b62bb2: 57 arrays, 0.0 MB stored; 1.4 s; peak memory 4731 MiB.
2026-10-08T23:17:21Z INFO [869/1000] 199efbc6-384d-4c6c-882a-ca1deb9c2de5: 117 arrays, 0.4 MB stored; 1.9 s; peak memory 4731 MiB.
2026-10-08T23:17:21Z INFO [870/1000] 199f5b85-af94-47bf-84d3-7dfef17c793f: 117 arrays, 0.4 MB stored; 2.0 s; peak memory 4731 MiB.
2026-10-08T23:17:22Z INFO [871/1000] 199f7c93-36a0-4070-a602-b3c6dc45bfb5: 44 arrays, 0.0 MB stored; 1.6 s; peak memory 4731 MiB.
2026-10-08T23:17:23Z INFO [872/1000] 19a026db-27d0-443a-b0c1-6e946360d7c7: 46 arrays, 0.4 MB stored; 1.8 s; peak memory 4731 MiB.
2026-10-08T23:17:24Z INFO [873/1000] 199c88b5-4629-48f4-bc97-04e474261aa5: 766 arrays, 20.2 MB stored; 9.9 s; peak memory 4731 MiB.
2026-10-08T23:17:24Z INFO [874/1000] 19a03751-791f-4fcb-a96c-e900e071e8d4: 48 arrays, 83.9 MB stored; 1.7 s; peak memory 4731 MiB.
2026-10-08T23:17:26Z INFO [875/1000] 19a0b5e1-1b85-4201-bcb7-bc6279a75218: 112 arrays, 0.6 MB stored; 2.4 s; peak memory 4731 MiB.
2026-10-08T23:17:26Z INFO [876/1000] 19a2ad5b-65b5-45be-b51d-170e1a73986a: 46 arrays, 0.1 MB stored; 1.4 s; peak memory 4731 MiB.
2026-10-08T23:17:26Z INFO [877/1000] 19a22290-224a-4ac2-b7d4-ebbdd205a71b: 48 arrays, 83.9 MB stored; 1.8 s; peak memory 4731 MiB.
2026-10-08T23:17:27Z INFO [878/1000] 19a3a5ec-ee52-44ca-bd16-6164db0a9f36: 48 arrays, 83.9 MB stored; 1.7 s; peak memory 4731 MiB.
2026-10-08T23:17:27Z INFO [879/1000] 19a3c4e2-1e34-4987-8b95-24ab1b4d94c0: 46 arrays, 0.0 MB stored; 1.4 s; peak memory 4731 MiB.
2026-10-08T23:17:29Z INFO [880/1000] 19a3c3cf-29a3-4f5c-a7f5-1652e59fbdfc: 73 arrays, 168.8 MB stored; 3.5 s; peak memory 4731 MiB.
2026-10-08T23:17:29Z INFO [881/1000] 19a4452e-165a-4c59-abc1-bb401d4aa22d: 116 arrays, 0.3 MB stored; 1.9 s; peak memory 4731 MiB.
2026-10-08T23:17:31Z INFO [882/1000] 19a4a40a-dfa9-48e4-aa7c-4ed730c485d4: 48 arrays, 83.9 MB stored; 1.9 s; peak memory 4731 MiB.
2026-10-08T23:17:31Z INFO [883/1000] 19a43529-dfd9-42c8-9948-37412e058d9b: 116 arrays, 187.1 MB stored; 3.9 s; peak memory 4731 MiB.
2026-10-08T23:17:32Z INFO [884/1000] 19a64db3-b69b-4303-b4ed-5ac3f25d5da0: 116 arrays, 0.4 MB stored; 2.3 s; peak memory 4731 MiB.
2026-10-08T23:17:33Z INFO [885/1000] 19a67a7f-30fe-4d2c-86aa-41dfc3b62d1d: 48 arrays, 83.9 MB stored; 1.8 s; peak memory 4731 MiB.
2026-10-08T23:17:33Z INFO [886/1000] 19a70f2b-48f5-4fec-855c-3b99836cabe6: 45 arrays, 0.0 MB stored; 1.5 s; peak memory 4731 MiB.
2026-10-08T23:17:35Z INFO [887/1000] 19a723a2-7e35-4122-8ffe-349fe797e3ab: 117 arrays, 0.3 MB stored; 1.9 s; peak memory 4731 MiB.
2026-10-08T23:17:37Z INFO [888/1000] 19a79a8b-d53b-4785-a5f5-7ecbae90d9a5: 84 arrays, 0.8 MB stored; 2.0 s; peak memory 4731 MiB.
2026-10-08T23:17:37Z INFO [889/1000] 19a70ac2-836f-4994-8aa5-b62364988787: 485 arrays, 5.9 MB stored; 6.0 s; peak memory 4731 MiB.
2026-10-08T23:17:38Z INFO [890/1000] 19a81358-f3f4-45d2-aef8-329702114281: 48 arrays, 83.9 MB stored; 1.6 s; peak memory 4731 MiB.
2026-10-08T23:17:40Z INFO [891/1000] 19a73c69-8484-4567-912d-13c1677e9564: 238 arrays, 77.7 MB stored; 7.3 s; peak memory 4731 MiB.
2026-10-08T23:17:40Z INFO [892/1000] 19a8389e-92e0-4ce8-bb70-aa579d45dd24: 112 arrays, 0.4 MB stored; 2.0 s; peak memory 4731 MiB.
2026-10-08T23:17:42Z INFO [893/1000] 19a87893-5f52-45a0-a1f1-2daee5f1d788: 48 arrays, 83.9 MB stored; 1.7 s; peak memory 4731 MiB.
2026-10-08T23:17:44Z INFO [894/1000] 19a8d744-f833-434a-b902-6ca45fb39d21: 68 arrays, 45.8 MB stored; 2.1 s; peak memory 4731 MiB.
2026-10-08T23:17:47Z INFO [895/1000] 19a8afc2-a0fc-4d40-a05c-118be4b4fe11: 208 arrays, 46.0 MB stored; 6.6 s; peak memory 4731 MiB.
2026-10-08T23:17:54Z INFO [896/1000] 19a83705-079f-47c1-b861-7babafa75283: 727 arrays, 23.8 MB stored; 16.5 s; peak memory 4731 MiB.
2026-10-08T23:17:54Z INFO [897/1000] 19a9f800-c2b1-43c0-98dd-6da660a457cc: 778 arrays, 27.8 MB stored; 9.5 s; peak memory 4731 MiB.
2026-10-08T23:17:55Z INFO [898/1000] 19aa3c47-b72d-4336-9e16-6ebe7ea76bbc: 48 arrays, 83.9 MB stored; 1.8 s; peak memory 4731 MiB.
2026-10-08T23:17:55Z INFO [899/1000] 19ab23ed-06f3-46cd-b442-d8f031f21795: 48 arrays, 83.9 MB stored; 1.8 s; peak memory 4731 MiB.
2026-10-08T23:17:58Z INFO [900/1000] 19ab7618-476e-459e-bec6-807ab704522a: 112 arrays, 0.6 MB stored; 2.4 s; peak memory 4731 MiB.
2026-10-08T23:18:00Z INFO [901/1000] 19aceda5-34fb-4eee-9f87-5f561bf1f094: 48 arrays, 83.9 MB stored; 1.7 s; peak memory 4731 MiB.
2026-10-08T23:18:01Z INFO [902/1000] 19aa2ca6-80d2-43dd-ac26-94bfc965577b: 1022 arrays, 24.9 MB stored; 13.8 s; peak memory 4731 MiB.
2026-10-08T23:18:02Z INFO [903/1000] 19acaded-ce99-41fb-81fd-613a597f04d4: 469 arrays, 7.4 MB stored; 6.8 s; peak memory 4731 MiB.
2026-10-08T23:18:03Z INFO [904/1000] 19ad8063-e009-4e10-9055-2151a16d32b4: 78 arrays, 0.1 MB stored; 1.9 s; peak memory 4731 MiB.
2026-10-08T23:18:04Z INFO [905/1000] 19ae1b56-b2f2-44cc-9de0-138633137c91: 48 arrays, 83.9 MB stored; 1.9 s; peak memory 4731 MiB.
2026-10-08T23:18:04Z INFO [906/1000] 19ae95f9-f874-40f9-8c79-2c5c3791a2c6: 38 arrays, 0.5 MB stored; 1.6 s; peak memory 4731 MiB.
2026-10-08T23:18:05Z INFO [907/1000] 19acf3d8-0d1b-42a3-b97a-68f9a60e1edd: 46 arrays, 2363.7 MB stored; 5.1 s; peak memory 4731 MiB.
2026-10-08T23:18:05Z INFO [908/1000] 1959e952-dfa3-4a14-a0b1-764592281ee9: 938 arrays, 5585.2 MB stored; 487.9 s; peak memory 4731 MiB.
2026-10-08T23:18:06Z INFO [909/1000] 19aec583-da0d-44e2-93ac-2f0484f42b2e: 49 arrays, 3.3 MB stored; 1.7 s; peak memory 4731 MiB.
2026-10-08T23:18:06Z INFO [910/1000] 19aefdd2-e1bb-4e32-9267-4c548a25fdc7: 116 arrays, 0.3 MB stored; 2.1 s; peak memory 4731 MiB.
2026-10-08T23:18:07Z INFO [911/1000] 19afc299-bc7e-4192-8ed8-84f3da2928b3: 42 arrays, 2.0 MB stored; 2.0 s; peak memory 4731 MiB.
2026-10-08T23:18:08Z INFO [912/1000] 19affce9-3047-4d93-b759-d6b27e5a90f6: 48 arrays, 83.9 MB stored; 1.7 s; peak memory 4731 MiB.
2026-10-08T23:18:08Z INFO [913/1000] 19b01bac-d223-408e-88dc-ef835480dde5: 48 arrays, 83.9 MB stored; 1.8 s; peak memory 4731 MiB.
2026-10-08T23:18:09Z INFO [914/1000] 19b05f4a-5f00-46bc-aed5-156760da602f: 112 arrays, 0.6 MB stored; 2.5 s; peak memory 4731 MiB.
2026-10-08T23:18:10Z INFO [915/1000] 19b0f7c0-9305-4db1-9e1f-6ae1a1b8eb1e: 109 arrays, 0.8 MB stored; 2.3 s; peak memory 4731 MiB.
2026-10-08T23:18:10Z INFO [916/1000] 19b128e8-dbd8-447c-8afc-90a62e5fc10e: 48 arrays, 83.9 MB stored; 1.8 s; peak memory 4731 MiB.
2026-10-08T23:18:11Z INFO [917/1000] 19b1fce3-d8f3-4987-95e1-9b89bbf8207b: 38 arrays, 0.5 MB stored; 1.6 s; peak memory 4731 MiB.
2026-10-08T23:18:12Z INFO [918/1000] 19b2e2d8-e3e1-4c27-b606-96e3ec2754c7: 112 arrays, 0.3 MB stored; 2.1 s; peak memory 4731 MiB.
2026-10-08T23:18:12Z INFO [919/1000] 19b2e447-860b-4fe7-b2af-cc88eb444278: 117 arrays, 0.4 MB stored; 2.0 s; peak memory 4731 MiB.
2026-10-08T23:18:12Z INFO [920/1000] 19b4317b-2ca2-40b5-8651-4c2ce1d34692: 48 arrays, 83.9 MB stored; 1.6 s; peak memory 4731 MiB.
2026-10-08T23:18:13Z INFO [921/1000] 19afe87c-a199-4ca9-8e40-7c829dcd4493: 270 arrays, 15.6 MB stored; 8.3 s; peak memory 4732 MiB.
2026-10-08T23:18:14Z INFO [922/1000] 19b4b45d-a121-40c8-9adb-7f31c6b0c916: 48 arrays, 83.9 MB stored; 1.9 s; peak memory 4732 MiB.
2026-10-08T23:18:14Z INFO [923/1000] 19b59382-1ef2-4ab6-9499-21dc8d301648: 48 arrays, 83.9 MB stored; 1.7 s; peak memory 4732 MiB.
2026-10-08T23:18:15Z INFO [924/1000] 19b60825-5dd2-4e7e-9bb2-a78df5bbfc4c: 68 arrays, 54.9 MB stored; 1.7 s; peak memory 4732 MiB.
2026-10-08T23:18:16Z INFO [925/1000] 19b6c78d-65e8-4494-bd98-96f75e036f86: 76 arrays, 5.5 MB stored; 2.4 s; peak memory 4732 MiB.
2026-10-08T23:18:17Z INFO [926/1000] 19b730ce-ff7c-4df4-98d4-d9e861950f4f: 76 arrays, 24.2 MB stored; 2.4 s; peak memory 4732 MiB.
2026-10-08T23:18:19Z INFO [927/1000] 19b7937d-7b59-4983-ae9b-21fe4db3047a: 48 arrays, 251.7 MB stored; 1.8 s; peak memory 4732 MiB.
2026-10-08T23:18:21Z INFO [928/1000] 19b855a2-7593-49f3-8e4e-c2a6295bc46b: 112 arrays, 0.6 MB stored; 2.3 s; peak memory 4732 MiB.
2026-10-08T23:18:23Z INFO [929/1000] 19b73f18-7e0b-4616-856c-08a22ee8fc60: 43 arrays, 88.7 MB stored; 6.9 s; peak memory 4732 MiB.
2026-10-08T23:18:24Z INFO [930/1000] 19b4c90d-9417-4554-9250-63ebb1074171: 695 arrays, 38.2 MB stored; 12.2 s; peak memory 4733 MiB.
2026-10-08T23:18:25Z INFO [931/1000] 19b8a0b1-ba05-4ce1-bfd7-39f7b77152fc: 112 arrays, 0.6 MB stored; 2.1 s; peak memory 4733 MiB.
2026-10-08T23:18:26Z INFO [932/1000] 19b93984-f7d2-4a3c-97dd-73bbcabb1fda: 46 arrays, 0.1 MB stored; 1.4 s; peak memory 4733 MiB.
2026-10-08T23:18:28Z INFO [933/1000] 19b95305-1a6f-461c-9525-85cd920f342e: 117 arrays, 0.4 MB stored; 2.1 s; peak memory 4734 MiB.
2026-10-08T23:18:28Z INFO [934/1000] 195a378b-7680-4d4a-86e0-7e2b2f0f206f: 1335 arrays, 7317.4 MB stored; 510.2 s; peak memory 4735 MiB.
2026-10-08T23:18:29Z INFO [935/1000] 19b9c33d-c926-44a0-84b7-7ad26805cb19: 39 arrays, 1.6 MB stored; 1.6 s; peak memory 4735 MiB.
2026-10-08T23:18:32Z INFO [936/1000] 19bb2079-9453-4650-ab54-b8122bf7d4a7: 76 arrays, 3.1 MB stored; 2.3 s; peak memory 4735 MiB.
2026-10-08T23:18:32Z INFO [937/1000] 19b6cc8f-607e-407c-8bb5-bf7ef8966a7a: 38 arrays, 359.7 MB stored; 17.6 s; peak memory 4735 MiB.
2026-10-08T23:18:32Z INFO [938/1000] 19ba4faf-d2d3-4b65-8dff-f088c99e5c81: 156 arrays, 193.5 MB stored; 4.2 s; peak memory 4735 MiB.
2026-10-08T23:18:33Z INFO [939/1000] 19bb9fcd-0e21-4e1e-940e-79eef4a473c6: 52 arrays, 0.0 MB stored; 1.5 s; peak memory 4735 MiB.
2026-10-08T23:18:34Z INFO [940/1000] 19bc3c64-97de-47d7-8fed-583c276ddc7e: 52 arrays, 18.2 MB stored; 2.0 s; peak memory 4736 MiB.
2026-10-08T23:18:34Z INFO [941/1000] 19bd5371-b3c9-4071-8b25-74f6d54daf82: 63 arrays, 0.1 MB stored; 1.7 s; peak memory 4736 MiB.
2026-10-08T23:18:35Z INFO [942/1000] 19bdba67-a391-4795-9fd2-70fae1efed4f: 117 arrays, 0.5 MB stored; 2.1 s; peak memory 4736 MiB.
2026-10-08T23:18:35Z INFO [943/1000] 19bde76c-88ec-4886-90f1-e36db639eb6c: 54 arrays, 0.0 MB stored; 1.5 s; peak memory 4736 MiB.
2026-10-08T23:18:36Z INFO [944/1000] 19bdd6c2-f379-41ec-b2d1-12e04ac52953: 117 arrays, 0.3 MB stored; 2.1 s; peak memory 4736 MiB.
2026-10-08T23:18:38Z INFO [945/1000] 19bef4d8-b3cc-4b07-8d04-8f4b9e8c309f: 48 arrays, 83.9 MB stored; 1.8 s; peak memory 4736 MiB.
2026-10-08T23:18:39Z INFO [946/1000] 19bebe56-66f5-44be-8647-328bde24973f: 168 arrays, 3.2 MB stored; 3.5 s; peak memory 4736 MiB.
2026-10-08T23:18:39Z INFO [947/1000] 19be0d7a-68ad-430b-9713-33580b366805: 115 arrays, 190.2 MB stored; 3.9 s; peak memory 4737 MiB.
2026-10-08T23:18:39Z INFO [948/1000] 19bf6d07-d1b2-4cd9-8bbb-a93df92390d6: 48 arrays, 83.9 MB stored; 1.7 s; peak memory 4737 MiB.
2026-10-08T23:18:41Z INFO [949/1000] 19c0bacb-83ae-4d5e-bfb7-2a717d679715: 118 arrays, 0.3 MB stored; 2.0 s; peak memory 4737 MiB.
2026-10-08T23:18:42Z INFO [950/1000] 19c12d12-5938-4176-b0b9-cd6bff5a7fd1: 112 arrays, 0.4 MB stored; 2.3 s; peak memory 4737 MiB.
2026-10-08T23:18:42Z INFO [951/1000] 19c0dc03-7d8e-42dc-8005-84cc7e1d0109: 47 arrays, 70.7 MB stored; 2.6 s; peak memory 4737 MiB.
2026-10-08T23:18:43Z INFO [952/1000] 19c1ce6e-0f58-4c74-883f-bf53f140d8bf: 31 arrays, 0.0 MB stored; 1.4 s; peak memory 4737 MiB.
2026-10-08T23:18:44Z INFO [953/1000] 19b94b47-a1bb-4e12-8894-eb61e3a929fc: 5300 arrays, 126.3 MB stored; 18.4 s; peak memory 4741 MiB.
2026-10-08T23:18:44Z INFO [954/1000] 19c18475-cb6b-4cb2-afe5-bd3922175f46: 117 arrays, 883.4 MB stored; 2.5 s; peak memory 4741 MiB.
2026-10-08T23:18:45Z INFO [955/1000] 19c1ddab-f7f1-4c1f-af81-ec1c7a37e7fb: 62 arrays, 4637.2 MB stored; 2.1 s; peak memory 4741 MiB.
2026-10-08T23:18:45Z INFO [956/1000] 19c3021a-ed9f-41cb-8425-f82118d48ff4: 56 arrays, 0.0 MB stored; 1.5 s; peak memory 4741 MiB.
2026-10-08T23:18:45Z INFO [957/1000] 19c252b9-63ca-4b64-910e-7714413bc2a1: 116 arrays, 0.5 MB stored; 1.9 s; peak memory 4741 MiB.
2026-10-08T23:18:47Z INFO [958/1000] 19c307ab-926c-41dd-8f07-f73afbaeea8e: 57 arrays, 0.0 MB stored; 1.6 s; peak memory 4742 MiB.
2026-10-08T23:18:48Z INFO [959/1000] 19c35403-48f3-4213-b1cb-6f757ef43323: 121 arrays, 0.2 MB stored; 2.0 s; peak memory 4742 MiB.
2026-10-08T23:18:49Z INFO [960/1000] 198fa6c7-3831-45ad-ad29-f82c565d918b: 167 arrays, 21188.9 MB stored; 163.0 s; peak memory 4742 MiB.
2026-10-08T23:18:49Z INFO [961/1000] 19c3aba3-8cb4-4e62-985d-de6c2eca7f05: 51 arrays, 2254.9 MB stored; 2.3 s; peak memory 4742 MiB.
2026-10-08T23:18:49Z INFO [962/1000] 19c45fed-f5e7-4108-93ea-b37c08ea2af3: 39 arrays, 9.4 MB stored; 1.8 s; peak memory 4742 MiB.
2026-10-08T23:18:52Z INFO [963/1000] 19b88991-59b5-4e6f-8a4d-675bac09dda1: 48 arrays, 38619.4 MB stored; 30.8 s; peak memory 4742 MiB.
2026-10-08T23:18:52Z INFO [964/1000] 19c695f3-7fc4-4a7b-a828-96c2522d6eb1: 66 arrays, 118.6 MB stored; 3.1 s; peak memory 4742 MiB.
2026-10-08T23:18:53Z INFO [965/1000] 19c14161-8e23-4fbb-a8b1-77da8d84c544: 339 arrays, 48.0 MB stored; 12.1 s; peak memory 4743 MiB.
2026-10-08T23:18:55Z INFO [966/1000] 19c761c8-fc26-4d0a-b8e3-f5c155af0317: 118 arrays, 0.5 MB stored; 2.1 s; peak memory 4743 MiB.
2026-10-08T23:18:55Z INFO [967/1000] 19c79416-b78a-4332-bace-7fef5dad1b2b: 46 arrays, 12.6 MB stored; 1.7 s; peak memory 4743 MiB.
2026-10-08T23:18:56Z INFO [968/1000] 19c88782-584b-490d-9a94-94a5e0de6a97: 38 arrays, 0.5 MB stored; 1.8 s; peak memory 4743 MiB.
2026-10-08T23:18:57Z INFO [969/1000] 19c3547b-5094-4987-b596-815ffa403d72: 779 arrays, 30.5 MB stored; 11.7 s; peak memory 4744 MiB.
2026-10-08T23:18:57Z INFO [970/1000] 19c7c19a-22f8-4076-945b-5aacf154b40f: 214 arrays, 217.2 MB stored; 2.9 s; peak memory 4744 MiB.
2026-10-08T23:18:58Z INFO [971/1000] 19c92c0b-1893-4681-a620-333cd2405627: 48 arrays, 83.9 MB stored; 1.7 s; peak memory 4744 MiB.
2026-10-08T23:18:59Z INFO [972/1000] 19c74d85-d2dd-4874-85bf-ebec02df27f6: 38 arrays, 1462.7 MB stored; 7.2 s; peak memory 4744 MiB.
2026-10-08T23:19:00Z INFO [973/1000] 19c9d15a-2a18-4b83-ab24-3092c50a6f91: 71 arrays, 3.2 MB stored; 2.4 s; peak memory 4744 MiB.
2026-10-08T23:19:01Z INFO [974/1000] 19c64200-9f40-4564-8501-512ddd4f6e27: 407 arrays, 148.4 MB stored; 12.2 s; peak memory 4745 MiB.
2026-10-08T23:19:02Z INFO [975/1000] 19ca1714-41bb-4496-a66c-ec12cbf1bcb6: 52 arrays, 15.1 MB stored; 1.9 s; peak memory 4745 MiB.
2026-10-08T23:19:03Z INFO [976/1000] 19ca1927-8a89-49f8-a639-fa9820aeb686: 112 arrays, 0.6 MB stored; 2.2 s; peak memory 4745 MiB.
2026-10-08T23:19:04Z INFO [977/1000] 19ca9157-5075-492e-91d4-e60a3b79e6f7: 37 arrays, 0.0 MB stored; 1.4 s; peak memory 4745 MiB.
2026-10-08T23:19:04Z INFO [978/1000] 19c52d2e-7739-43ed-b5ff-6be498e90be6: 882 arrays, 43.0 MB stored; 15.8 s; peak memory 4746 MiB.
2026-10-08T23:19:05Z INFO [979/1000] 19c9a12d-f51e-480a-9627-b45919d3083d: 199 arrays, 251.0 MB stored; 7.7 s; peak memory 4746 MiB.
2026-10-08T23:19:06Z INFO [980/1000] 19cabc05-39a3-4fc4-b757-db76d7a594c6: 117 arrays, 0.4 MB stored; 2.1 s; peak memory 4746 MiB.
2026-10-08T23:19:07Z INFO [981/1000] 19cbbb2c-67f1-4478-bcbc-a97d8b4444e0: 48 arrays, 83.9 MB stored; 1.7 s; peak memory 4746 MiB.
2026-10-08T23:19:07Z INFO [982/1000] 19cb8886-198a-41df-9463-4b2cc52f8ffb: 66 arrays, 12.7 MB stored; 2.4 s; peak memory 4746 MiB.
2026-10-08T23:19:08Z INFO [983/1000] 19cbf9eb-0b64-4271-8aa5-e18b98d242af: 118 arrays, 0.4 MB stored; 2.0 s; peak memory 4746 MiB.
2026-10-08T23:19:08Z INFO [984/1000] 19cd1e21-f951-4cf1-a40a-1f03252fae4c: 48 arrays, 83.9 MB stored; 1.9 s; peak memory 4747 MiB.
2026-10-08T23:19:09Z INFO [985/1000] 19cd9b6d-a5b9-4394-aa3f-ced33437c77a: 52 arrays, 15.6 MB stored; 1.8 s; peak memory 4747 MiB.
2026-10-08T23:19:10Z INFO [986/1000] 19c9a304-a0ae-44aa-9adc-424e7b03f279: 396 arrays, 24.0 MB stored; 12.5 s; peak memory 4747 MiB.
2026-10-08T23:19:10Z INFO [987/1000] 19cdbeca-8cd2-40cf-8625-79667fde43a2: 65 arrays, 29.4 MB stored; 2.0 s; peak memory 4747 MiB.
2026-10-08T23:19:11Z INFO [988/1000] 19cd8985-78aa-4fc5-b0d8-fd64e2fc5120: 115 arrays, 190.1 MB stored; 3.8 s; peak memory 4747 MiB.
2026-10-08T23:19:11Z INFO [989/1000] 19cef6fc-aa7f-468e-adb7-1d995050a461: 56 arrays, 0.0 MB stored; 1.6 s; peak memory 4747 MiB.
2026-10-08T23:19:12Z INFO [990/1000] 19cf0d72-3cb4-4502-98fd-17e161dc651a: 48 arrays, 83.9 MB stored; 1.7 s; peak memory 4747 MiB.
2026-10-08T23:19:13Z INFO [991/1000] 19cffdde-bb5a-45c0-a397-b591ff965c8f: 49 arrays, 1.6 MB stored; 2.4 s; peak memory 4747 MiB.
2026-10-08T23:19:13Z INFO [992/1000] 19cb4e11-1f53-4161-9290-7232945f3263: 93 arrays, 157.9 MB stored; 9.4 s; peak memory 4747 MiB.
2026-10-08T23:19:13Z INFO [993/1000] 19d02aac-9de7-4177-9f9a-4092ba15284b: 64 arrays, 69.7 MB stored; 2.9 s; peak memory 4747 MiB.
2026-10-08T23:19:13Z INFO [994/1000] 19d0b042-e470-462a-a708-d5c580663c9b: 48 arrays, 83.9 MB stored; 1.7 s; peak memory 4747 MiB.
2026-10-08T23:19:15Z INFO [995/1000] 19d11ea9-09a2-46e5-bd37-391833568651: 112 arrays, 0.6 MB stored; 2.2 s; peak memory 4748 MiB.
2026-10-08T23:19:15Z INFO [996/1000] 19d0ea7d-3958-470d-b75f-30ea8fab2f88: 101 arrays, 9.9 MB stored; 2.7 s; peak memory 4748 MiB.
2026-10-08T23:19:20Z INFO [997/1000] 19d08da6-6b05-4d49-9a8a-638711b6d6ad: 538 arrays, 8.4 MB stored; 9.0 s; peak memory 4748 MiB.
2026-10-08T23:19:45Z INFO [998/1000] 19ca0b38-b5c0-49ce-8814-8006ceac9f96: 52 arrays, 1712.5 MB stored; 45.5 s; peak memory 4749 MiB.
2026-10-08T23:21:13Z WARNING 18ea8280-f581-4e76-a98f-efc80dfd4c57: failed while reading the NWB file (TimeoutError: exceeded 1200 s)
2026-10-08T23:21:13Z WARNING [999/1000] 18ea8280-f581-4e76-a98f-efc80dfd4c57: recorded the failure; a later run retries it.
2026-10-08T23:24:43Z INFO [1000/1000] 199701e7-a410-4cbf-9516-510a555e9b16: 173 arrays, 385508.6 MB stored; 469.9 s; peak memory 4756 MiB.
2026-10-08T23:24:51Z INFO [1000/1000] 199701e7-a410-4cbf-9516-510a555e9b16: checkpointed 17200 new records.
2026-10-08T23:25:00Z INFO Wrote 17200 records to /tmp/derivatives/valid_nwb_file_to_array_sizes.jsonl (996 new, 4 failed) in 32.6 min (peak memory 4788 MiB).
